{"metadata":{"length":40,"arabic":{"title":"أربعون ولي الله الدهلوي","author":"الشاه ولي الدين الدهلوي","introduction":"أربعون شاه ولي الله الدهلوي"},"english":{"title":"The Forty Hadith of Shah Waliullah","author":"Shah Waliullah Dahlawi","introduction":"Forty Hadith of Shah Waliullah Dehlawi"}},"hadiths":[{"id":1,"idInBook":1,"chapterId":0,"bookId":12,"arabic":"لَیْسَ الْخَبَرُ کَالْمُعَایَنَةِ","english":{"narrator":"","text":"The report is not like witnessing."}},{"id":2,"idInBook":2,"chapterId":0,"bookId":12,"arabic":"الْحَرْبُ خُدَعَةٌ","english":{"narrator":"","text":"War is deception."}},{"id":3,"idInBook":3,"chapterId":0,"bookId":12,"arabic":"الْمُسْلِمُ مِرْآةُ الْمُسْلِمِ","english":{"narrator":"","text":"A Muslim is a mirror of the Muslim."}},{"id":4,"idInBook":4,"chapterId":0,"bookId":12,"arabic":"الْمُسْتَشَارُ مُؤتَمَنٌ","english":{"narrator":"","text":"Someone whose advice is sought is in a position of trust."}},{"id":5,"idInBook":5,"chapterId":0,"bookId":12,"arabic":"الدَّالُّ عَلَی الْخَیْرِ کَفَاعِلِهِ","english":{"narrator":"","text":"The person guiding (someone) to do a good deed, is like the one performing the good deed."}},{"id":6,"idInBook":6,"chapterId":0,"bookId":12,"arabic":"إِسْتَعِیْنُوْا عَلَی الْحَوَائِجِ بِالْکِتْمَانِ","english":{"narrator":"","text":"Seek help for any needs discreetly."}},{"id":7,"idInBook":7,"chapterId":0,"bookId":12,"arabic":"إِتَّقُوْا النَّارَ وَلَوْ بِشِقِّ تَمْرَةٍ","english":{"narrator":"","text":"Protect yourself from the fire even with a part of a date."}},{"id":8,"idInBook":8,"chapterId":0,"bookId":12,"arabic":"الدُّنْیَا سِجْنُ الْمُؤمِنِ وَ جَنَّةُ الْکَافِرِ","english":{"narrator":"","text":"The world is the believer’s prison and the disbeliever’s paradise."}},{"id":9,"idInBook":9,"chapterId":0,"bookId":12,"arabic":"الْحَیَاءُ خَیْرٌ کُلُّهُ","english":{"narrator":"","text":"Modesty is entirely good."}},{"id":10,"idInBook":10,"chapterId":0,"bookId":12,"arabic":"عِدَةُ الْمُؤمِنِ کَاَخْذِ الْکَفِّ","english":{"narrator":"","text":"The word of the believer is like seizing of the hand."}},{"id":11,"idInBook":11,"chapterId":0,"bookId":12,"arabic":"لَا یَحِلُّ لِمُؤمِنٍ اَنْ یَّجُهْرَ أخَاهُ فَوقَ ثَلَاثَةِ أیَّامٍ","english":{"narrator":"","text":"It is unlawful for a believer to sever relations with his brother for more than three days."}},{"id":12,"idInBook":12,"chapterId":0,"bookId":12,"arabic":"لَیْسَ مِنَّا مَنْ غَشَّنَا","english":{"narrator":"","text":"He is not one of us who cheats us."}},{"id":13,"idInBook":13,"chapterId":0,"bookId":12,"arabic":"مَا قَلَّ وَكَفَى خَيْرٌ مِمَّا كَثُرَ وَأَلْهَى","english":{"narrator":"","text":"A little that suffices is better than an abundance that distracts."}},{"id":14,"idInBook":14,"chapterId":0,"bookId":12,"arabic":"الرَّاجِعُ فِيْ هِبَتِهِ کَالرَّاجِعِ فِيْ قَیْئِهِ","english":{"narrator":"","text":"Someone who takes back his gift is like someone who eats his vomit."}},{"id":15,"idInBook":15,"chapterId":0,"bookId":12,"arabic":"الْبَلَاءُ مُوَکِّلٌ بِالْمَنْطِقِ","english":{"narrator":"","text":"Affliction comes from (loose) talk."}},{"id":16,"idInBook":16,"chapterId":0,"bookId":12,"arabic":"النَّاسُ کَأسْنَانِ الْمُشْطِ","english":{"narrator":"","text":"People are like the teeth of a comb."}},{"id":17,"idInBook":17,"chapterId":0,"bookId":12,"arabic":"الْغِنَى غِنَى النَّفْسِ","english":{"narrator":"","text":"Richness lies in the richness of the soul."}},{"id":18,"idInBook":18,"chapterId":0,"bookId":12,"arabic":"الْسَّعِیْدُ مَنْ وُّعِظَ بِغَیْرِهِ","english":{"narrator":"","text":"The felicitous person takes lessons from (the actions of) others."}},{"id":19,"idInBook":19,"chapterId":0,"bookId":12,"arabic":"وَ إِنَّ مِنَ الشِّعْرِ لَحِکْمَةً وَاِنَّ مِنَ الْبَیَانِ لَسِحْرًا","english":{"narrator":"","text":"Indeed, in poetry there is wisdom and in eloquence there is magic."}},{"id":20,"idInBook":20,"chapterId":0,"bookId":12,"arabic":"عَفْوُ الْمُلُوْكِ إِبْقَاءٌ لِلْمُلْكِ","english":{"narrator":"","text":"The king’s pardon preserves the kingdom."}},{"id":21,"idInBook":21,"chapterId":0,"bookId":12,"arabic":"اَلْمَرْءُ مَعَ مَنْ أَحَبَّ","english":{"narrator":"","text":"A man will be with whom he loves."}},{"id":22,"idInBook":22,"chapterId":0,"bookId":12,"arabic":"مَا هَلَكَ إمْرُؤٌ عَرَفَ قَدْرَهُ","english":{"narrator":"","text":"A man who knows his worth will not be ruined."}},{"id":23,"idInBook":23,"chapterId":0,"bookId":12,"arabic":"اَلْوَلَدُ لِلْفِرَاشِ وَ لِلْعَاهِرِ الْحَجَرُ","english":{"narrator":"","text":"The child belongs to the bed and stoning is for the adulterer."}},{"id":24,"idInBook":24,"chapterId":0,"bookId":12,"arabic":"الْیَدُ الْعُلْیَا خَیْرٌ مِّنَ الْیَدِ السُّفْلَی","english":{"narrator":"","text":"The upper hand is superior to the lower hand."}},{"id":25,"idInBook":25,"chapterId":0,"bookId":12,"arabic":"لَا شَکَرَ اللهَ مَنْ لَّا یَشْکُرُ النَّاسَ","english":{"narrator":"","text":"He does not thank Allah who does not thank people."}},{"id":26,"idInBook":26,"chapterId":0,"bookId":12,"arabic":"حُبُّكَ الشَّيْءَ یُعْمِيْ وَ یُصِمُّ","english":{"narrator":"","text":"Your love of something can blind and deafen (you)."}},{"id":27,"idInBook":27,"chapterId":0,"bookId":12,"arabic":"جُبِلَتِ الْقُلُوبُ عَلی حُبَّ مَنْ اَحْسَنَ اِلَیْهَا وَ بُغْضِ مَنْ اَسَاءَ اِلَیْهَا","english":{"narrator":"","text":"Hearts are predisposed to love someone who does them good and detest someone who does them harm."}},{"id":28,"idInBook":28,"chapterId":0,"bookId":12,"arabic":"الْتَّائِبُ مِنَ الذَّنْبِ کَمَنْ لَا ذَنْبَ لَهُ","english":{"narrator":"","text":"One who repents from sin is like someone without sin."}},{"id":29,"idInBook":29,"chapterId":0,"bookId":12,"arabic":"الشَّاهِدُ یَرَی مَا لَا یَرَاهُ الْغَائِبُ","english":{"narrator":"","text":"The person who actually witnesses an (event) sees that which one who is absent does not."}},{"id":30,"idInBook":30,"chapterId":0,"bookId":12,"arabic":"اِذا جَاءَکُمْ کَرِیْمُ قَوْمٍ فَاَکْرِمُوهُ","english":{"narrator":"","text":"If the nobleman of a people comes to you, honour him."}},{"id":31,"idInBook":31,"chapterId":0,"bookId":12,"arabic":"الْیَمِینُ الْفَاجِرَةُ تَدَعُ الدِّیَارَ الْبَلَاقِعَ","english":{"narrator":"","text":"False oaths lay waste to home (lands)."}},{"id":32,"idInBook":32,"chapterId":0,"bookId":12,"arabic":"مَنْ قُتِلَ دُونَ مَالِهِ فَهُوَ شَهِیْدٌ","english":{"narrator":"","text":"Whoever is killed attempting to save his property is a martyr."}},{"id":33,"idInBook":33,"chapterId":0,"bookId":12,"arabic":"الْاَعْمَالُ بِالنِّیَّةِ","english":{"narrator":"","text":"Actions are through intentions."}},{"id":34,"idInBook":34,"chapterId":0,"bookId":12,"arabic":"سَیِّدُ الْقَوْمِ خَادِمُهُمْ","english":{"narrator":"","text":"The leader of a people is their servant."}},{"id":35,"idInBook":35,"chapterId":0,"bookId":12,"arabic":"خَیْرُ الْأُمُوْرِ أَوْسَطُهَا","english":{"narrator":"","text":"The best of affairs is that which is balanced."}},{"id":36,"idInBook":36,"chapterId":0,"bookId":12,"arabic":"اَللَّهُمَّ بَارِكْ فِیْ أُمَّتِیْ فِی بُکُوْرِهَا یَوْمَ الْخَمِیْسِ","english":{"narrator":"","text":"O Allah, bless my nation in its early rising on Thursdays!"}},{"id":37,"idInBook":37,"chapterId":0,"bookId":12,"arabic":"کَادَ الْفَقْرُ أَنْ یَکُوْنَ کُفْرًا","english":{"narrator":"","text":"Poverty can almost turn into disbelief."}},{"id":38,"idInBook":38,"chapterId":0,"bookId":12,"arabic":"الْسَّفَرُ قِطْعَةٌ مِّنَ الْعَذَابِ","english":{"narrator":"","text":"Travelling is a portion of punishment."}},{"id":39,"idInBook":39,"chapterId":0,"bookId":12,"arabic":"خَیْرُ زَّادِ الْتَّقْوَی","english":{"narrator":"","text":"The best of provision is God-Consciousness (taqwa)."}},{"id":40,"idInBook":40,"chapterId":0,"bookId":12,"arabic":"الْمَجَالِسُ بِالْاَمَانَةِ","english":{"narrator":"","text":"Meetings are under trust."}}],"chapter":{"id":0,"bookId":12,"arabic":"أربعون شاه ولي الله الدهلوي","english":"Forty Hadith of Shah Waliullah Dehlawi"}}