{
  "metadata": {
    "length": 29,
    "arabic": {
      "title": "جامع الترمذي",
      "author": "الإمام أبو عيسى محمد بن عيسى الترمذي",
      "introduction": "كتاب الرضاع"
    },
    "english": {
      "title": "Jami' al-Tirmidhi",
      "author": "Imam Abu Isa Muhammad ibn Isa al-Tirmidhi",
      "introduction": "The Book on Suckling"
    }
  },
  "hadiths": [
    {
      "id": 1,
      "idInBook": 1,
      "chapterId": 12,
      "bookId": 5,
      "arabic": "حَدَّثَنَا أَحْمَدُ بْنُ مَنِيعٍ، حَدَّثَنَا إِسْمَاعِيلُ بْنُ إِبْرَاهِيمَ، حَدَّثَنَا عَلِيُّ بْنُ زَيْدٍ، عَنْ سَعِيدِ بْنِ الْمُسَيَّبِ، عَنْ عَلِيِّ بْنِ أَبِي طَالِبٍ، قَالَ قَالَ رَسُولُ اللَّهِ صلى الله عليه وسلم ‏\n\"‏ إِنَّ اللَّهَ حَرَّمَ مِنَ الرَّضَاعِ مَا حَرَّمَ مِنَ النَّسَبِ ‏\"‏ ‏.‏ قَالَ وَفِي الْبَابِ عَنْ عَائِشَةَ وَابْنِ عَبَّاسٍ وَأُمِّ حَبِيبَةَ ‏.‏ قَالَ أَبُو عِيسَى حَدِيثُ عَلِيٍّ حَسَنٌ صَحِيحٌ ‏.‏",
      "english": {
        "narrator": "Ali (bin Abi Talib) narrated that The Messenger of Allah said:",
        "text": "“Indeed Allah has made unlawful through suckling\nwhatever He made unlawful through lineage.”"
      },
      "turkish": {
        "narrator": "Ali (bin Abi Talib) narrated that The Messenger of Allah said:",
        "text": "Ali (bin Ebi Talib) rivayet etti ki, Allah'ın Resulü şöyle dedi: “Şüphesiz Allah, süt emme yoluyla haram kıldığı şeyleri, soy yoluyla da haram kılmıştır.”"
      }
    },
    {
      "id": 2,
      "idInBook": 2,
      "chapterId": 12,
      "bookId": 5,
      "arabic": "حَدَّثَنَا بُنْدَارٌ، حَدَّثَنَا يَحْيَى بْنُ سَعِيدٍ الْقَطَّانُ، حَدَّثَنَا مَالِكٌ، ح وَحَدَّثَنَا إِسْحَاقُ بْنُ مُوسَى الأَنْصَارِيُّ، قَالَ حَدَّثَنَا مَعْنٌ، قَالَ حَدَّثَنَا مَالِكٌ، عَنْ عَبْدِ اللَّهِ بْنِ دِينَارٍ، عَنْ سُلَيْمَانَ بْنِ يَسَارٍ، عَنْ عُرْوَةَ بْنِ الزُّبَيْرِ، عَنْ عَائِشَةَ، قَالَتْ قَالَ رَسُولُ اللَّهِ صلى الله عليه وسلم ‏\n\"‏ إِنَّ اللَّهَ حَرَّمَ مِنَ الرَّضَاعَةِ مَا حَرَّمَ مِنَ الْوِلاَدَةِ ‏\"‏ ‏.‏ قَالَ أَبُو عِيسَى هَذَا حَدِيثٌ حَسَنٌ صَحِيحٌ ‏.‏ وَالْعَمَلُ عَلَى هَذَا عِنْدَ أَهْلِ الْعِلْمِ مِنْ أَصْحَابِ النَّبِيِّ صلى الله عليه وسلم وَغَيْرِهِمْ لاَ نَعْلَمُ بَيْنَهُمْ فِي ذَلِكَ اخْتِلاَفًا ‏.‏",
      "english": {
        "narrator": "Aishah narrated that the Messenger of Allah said:",
        "text": "“Indeed Allah has made unlawful through suckling whatever He made unlawful through birth.”"
      },
      "turkish": {
        "narrator": "Aishah narrated that the Messenger of Allah said:",
        "text": "Aişe rivayet etti ki, Allah'ın Resulü şöyle dedi: “Şüphesiz Allah, süt emme yoluyla haram kıldığı şeyleri, doğum yoluyla da haram kılmıştır.”"
      }
    },
    {
      "id": 3,
      "idInBook": 3,
      "chapterId": 12,
      "bookId": 5,
      "arabic": "حَدَّثَنَا الْحَسَنُ بْنُ عَلِيٍّ الْخَلاَّلُ، حَدَّثَنَا ابْنُ نُمَيْرٍ، عَنْ هِشَامِ بْنِ عُرْوَةَ، عَنْ أَبِيهِ، عَنْ عَائِشَةَ، قَالَتْ جَاءَ عَمِّي مِنَ الرَّضَاعَةِ يَسْتَأْذِنُ عَلَىَّ فَأَبَيْتُ أَنْ آذَنَ لَهُ حَتَّى أَسْتَأْمِرَ رَسُولَ اللَّهِ صلى الله عليه وسلم فَقَالَ رَسُولُ اللَّهِ صلى الله عليه وسلم ‏\"‏ فَلْيَلِجْ عَلَيْكِ فَإِنَّهُ عَمُّكِ ‏\"‏ ‏.‏ قَالَتْ إِنَّمَا أَرْضَعَتْنِي الْمَرْأَةُ وَلَمْ يُرْضِعْنِي الرَّجُلُ ‏.‏ قَالَ ‏\"‏ فَإِنَّهُ عَمُّكِ فَلْيَلِجْ عَلَيْكِ ‏\"‏ ‏.‏ قَالَ أَبُو عِيسَى هَذَا حَدِيثٌ حَسَنٌ صَحِيحٌ ‏.‏ وَالْعَمَلُ عَلَى هَذَا عِنْدَ بَعْضِ أَهْلِ الْعِلْمِ مِنْ أَصْحَابِ النَّبِيِّ صلى الله عليه وسلم وَغَيْرِهِمْ كَرِهُوا لَبَنَ الْفَحْلِ وَالأَصْلُ فِي هَذَا حَدِيثُ عَائِشَةَ وَقَدْ رَخَّصَ بَعْضُ أَهْلِ الْعِلْمِ فِي لَبَنِ الْفَحْلِ وَالْقَوْلُ الأَوَّلُ أَصَحُّ ‏.‏",
      "english": {
        "narrator": "Aishah narrated:",
        "text": "“My uncle through suckling came and asked permission (to enter) but I refused to admit him until I asked the Messenger of Allah. So the Messenger of Allah said: “Let him in since he is your uncle.’” She said: “It is only the woman who suckled me; I was not suckled by the man.’ So he said: ‘Indeed he is your uncle, so let him in.’”"
      },
      "turkish": {
        "narrator": "Aishah narrated:",
        "text": "Aişe rivayet etti: “Süt emme yoluyla amcam geldi ve (girmesi için) izin istedi ama ben onu, Allah'ın Resulü'ne sormadan içeri almadım. Bunun üzerine Allah'ın Resulü şöyle dedi: ‘Onu içeri al, çünkü o senin amcandır.’” Aişe dedi ki: “O sadece beni emziren kadındır; o adam beni emzirmedi.” Bunun üzerine o şöyle dedi: “Şüphesiz o senin amcandır, o yüzden onu içeri al.”"
      }
    },
    {
      "id": 4,
      "idInBook": 4,
      "chapterId": 12,
      "bookId": 5,
      "arabic": "حَدَّثَنَا قُتَيْبَةُ، حَدَّثَنَا مَالِكٌ، ح وَحَدَّثَنَا الأَنْصَارِيُّ، حَدَّثَنَا مَعْنٌ، قَالَ حَدَّثَنَا مَالِكُ بْنُ أَنَسٍ، عَنِ ابْنِ شِهَابٍ، عَنْ عَمْرِو بْنِ الشَّرِيدِ، عَنِ ابْنِ عَبَّاسٍ، أَنَّهُ سُئِلَ عَنْ رَجُلٍ، لَهُ جَارِيَتَانِ أَرْضَعَتْ إِحْدَاهُمَا جَارِيَةً وَالأُخْرَى غُلاَمًا أَيَحِلُّ لِلْغُلاَمِ أَنْ يَتَزَوَّجَ بِالْجَارِيَةِ فَقَالَ لاَ اللِّقَاحُ وَاحِدٌ ‏.‏ قَالَ أَبُو عِيسَى وَهَذَا تَفْسِيرُ لَبَنِ الْفَحْلِ وَهَذَا الأَصْلُ فِي هَذَا الْبَابِ وَهُوَ قَوْلُ أَحْمَدَ وَإِسْحَاقَ ‏.‏",
      "english": {
        "narrator": "Amr bin Ash-Shariq narrated that Ibn Abbas was asked about the case in which a man had two slave girls, one of them suckled a girl and the other suckled a boy, is it lawful for the boy to marry the girl? She said:",
        "text": "“No, the semen is the same.”"
      },
      "turkish": {
        "narrator": "Amr bin Ash-Shariq narrated that Ibn Abbas was asked about the case in which a man had two slave girls, one of them suckled a girl and the other suckled a boy, is it lawful for the boy to marry the girl? She said:",
        "text": "Amr bin Ash-Shariq rivayet etti ki, İbn Abbas'a bir adamın iki cariyesi olduğu, bunlardan birinin bir kızı emzirdiği, diğerinin ise bir erkeği emzirdiği soruldu. Kızın erkeği alması caiz midir? O şöyle dedi: “Hayır, meni aynıdır.”"
      }
    },
    {
      "id": 5,
      "idInBook": 5,
      "chapterId": 12,
      "bookId": 5,
      "arabic": "حَدَّثَنَا مُحَمَّدُ بْنُ عَبْدِ الأَعْلَى الصَّنْعَانِيُّ، قَالَ حَدَّثَنَا الْمُعْتَمِرُ بْنُ سُلَيْمَانَ، قَالَ سَمِعْتُ أَيُّوبَ، يُحَدِّثُ عَنْ عَبْدِ اللَّهِ بْنِ أَبِي مُلَيْكَةَ، عَنْ عَبْدِ اللَّهِ بْنِ الزُّبَيْرِ، عَنْ عَائِشَةَ، عَنِ النَّبِيِّ صلى الله عليه وسلم قَالَ ‏\"‏ لاَ تُحَرِّمُ الْمَصَّةُ وَلاَ الْمَصَّتَانِ ‏\"‏ ‏.‏ قَالَ وَفِي الْبَابِ عَنْ أُمِّ الْفَضْلِ وَأَبِي هُرَيْرَةَ وَالزُّبَيْرِ بْنِ الْعَوَّامِ وَابْنِ الزُّبَيْرِ ‏.‏ وَرَوَى غَيْرُ وَاحِدٍ هَذَا الْحَدِيثَ عَنْ هِشَامِ بْنِ عُرْوَةَ عَنْ أَبِيهِ عَنْ عَبْدِ اللَّهِ بْنِ الزُّبَيْرِ عَنِ النَّبِيِّ صلى الله عليه وسلم قَالَ ‏\"‏ لاَ تُحَرِّمُ الْمَصَّةُ وَلاَ الْمَصَّتَانِ ‏\"‏ ‏.‏ وَرَوَى مُحَمَّدُ بْنُ دِينَارٍ عَنْ هِشَامِ بْنِ عُرْوَةَ عَنْ أَبِيهِ عَنْ عَبْدِ اللَّهِ بْنِ الزُّبَيْرِ عَنِ الزُّبَيْرِ عَنِ النَّبِيِّ عَلَيْهِ الصَّلاَةُ وَالسَّلاَمُ ‏.‏ وَزَادَ فِيهِ مُحَمَّدُ بْنُ دِينَارٍ الْبَصْرِيُّ عَنِ الزُّبَيْرِ عَنِ النَّبِيِّ صلى الله عليه وسلم وَهُوَ غَيْرُ مَحْفُوظٍ ‏.‏ وَالصَّحِيحُ عِنْدَ أَهْلِ الْحَدِيثِ حَدِيثُ ابْنِ أَبِي مُلَيْكَةَ عَنْ عَبْدِ اللَّهِ بْنِ الزُّبَيْرِ عَنْ عَائِشَةَ عَنِ النَّبِيِّ صلى الله عليه وسلم ‏.‏ قَالَ أَبُو عِيسَى حَدِيثُ عَائِشَةَ حَدِيثٌ حَسَنٌ صَحِيحٌ ‏.‏ وَسَأَلْتُ مُحَمَّدًا عَنْ هَذَا فَقَالَ الصَّحِيحُ عَنِ ابْنِ الزُّبَيْرِ عَنْ عَائِشَةَ وَحَدِيثُ مُحَمَّدِ بْنِ دِينَارٍ خَطَأٌ أَخْطَأَ فِيهِ مُحَمَّدُ بْنُ دِينَارٍ وَزَادَ فِيهِ عَنِ الزُّبَيْرِ وَإِنَّمَا هُوَ هِشَامُ بْنُ عُرْوَةَ عَنْ أَبِيهِ عَنِ الزُّبَيْرِ ‏.‏ وَالْعَمَلُ عَلَى هَذَا عِنْدَ بَعْضِ أَهْلِ الْعِلْمِ مِنْ أَصْحَابِ النَّبِيِّ صلى الله عليه وسلم وَغَيْرِهِمْ ‏.‏ \nوَقَالَتْ عَائِشَةُ أُنْزِلَ فِي الْقُرْآنِ عَشْرُ رَضَعَاتٍ مَعْلُومَاتٍ ‏.‏ فَنُسِخَ مِنْ ذَلِكَ خَمْسٌ وَصَارَ إِلَى خَمْسِ رَضَعَاتٍ مَعْلُومَاتٍ ‏.‏ فَتُوُفِّيَ رَسُولُ اللَّهِ صلى الله عليه وسلم وَالأَمْرُ عَلَى ذَلِكَ ‏.‏\nحَدَّثَنَا بِذَلِكَ إِسْحَاقُ بْنُ مُوسَى الأَنْصَارِيُّ حَدَّثَنَا مَعْنٌ حَدَّثَنَا مَالِكٌ عَنْ عَبْدِ اللَّهِ بْنِ أَبِي بَكْرٍ عَنْ عَمْرَةَ عَنْ عَائِشَةَ بِهَذَا ‏.‏ وَبِهَذَا كَانَتْ عَائِشَةُ تُفْتِي وَبَعْضُ أَزْوَاجِ النَّبِيِّ صلى الله عليه وسلم وَهُوَ قَوْلُ الشَّافِعِيِّ وَإِسْحَاقَ ‏.‏ وَقَالَ أَحْمَدُ بِحَدِيثِ النَّبِيِّ صلى الله عليه وسلم ‏\"‏ لاَ تُحَرِّمُ الْمَصَّةُ وَلاَ الْمَصَّتَانِ ‏\"‏ ‏.‏ وَقَالَ إِنْ ذَهَبَ ذَاهِبٌ إِلَى قَوْلِ عَائِشَةَ فِي خَمْسِ رَضَعَاتٍ فَهُوَ مَذْهَبٌ قَوِيٌّ ‏.‏ وَجَبُنَ عَنْهُ أَنْ يَقُولَ فِيهِ شَيْئًا ‏.‏ وَقَالَ بَعْضُ أَهْلِ الْعِلْمِ مِنْ أَصْحَابِ النَّبِيِّ صلى الله عليه وسلم وَغَيْرِهِمْ يُحَرِّمُ قَلِيلُ الرَّضَاعِ وَكَثِيرُهُ إِذَا وَصَلَ إِلَى الْجَوْفِ ‏.‏ وَهُوَ قَوْلُ سُفْيَانَ الثَّوْرِيِّ وَمَالِكِ بْنِ أَنَسٍ وَالأَوْزَاعِيِّ وَعَبْدِ اللَّهِ بْنِ الْمُبَارَكِ وَوَكِيعٍ وَأَهْلِ الْكُوفَةِ ‏.‏ عَبْدُ اللَّهِ بْنُ أَبِي مُلَيْكَةَ هُوَ عَبْدُ اللَّهِ بْنُ عُبَيْدِ اللَّهِ بْنِ أَبِي مُلَيْكَةَ وَيُكْنَى أَبَا مُحَمَّدٍ وَكَانَ عَبْدُ اللَّهِ قَدِ اسْتَقْضَاهُ عَلَى الطَّائِفِ وَقَالَ ابْنُ جُرَيْجٍ عَنِ ابْنِ أَبِي مُلَيْكَةَ قَالَ أَدْرَكْتُ ثَلاَثِينَ مِنْ أَصْحَابِ النَّبِيِّ صلى الله عليه وسلم ‏.‏",
      "english": {
        "narrator": "Abdullah bin Az-Zubair narrated from Aishah from the Prophet who said:",
        "text": "“One sip or two sips do not make a prohibition.”"
      },
      "turkish": {
        "narrator": "Abdullah bin Az-Zubair narrated from Aishah from the Prophet who said:",
        "text": "Abdullah bin Az-Zubair, Aişe'den, Peygamber'in şöyle dediğini rivayet etti: “Bir yudum veya iki yudum haram kılmaz.”"
      }
    },
    {
      "id": 6,
      "idInBook": 6,
      "chapterId": 12,
      "bookId": 5,
      "arabic": "حَدَّثَنَا عَلِيُّ بْنُ حُجْرٍ، حَدَّثَنَا إِسْمَاعِيلُ بْنُ إِبْرَاهِيمَ، عَنْ أَيُّوبَ، عَنْ عَبْدِ اللَّهِ بْنِ أَبِي مُلَيْكَةَ، قَالَ حَدَّثَنِي عُبَيْدُ بْنُ أَبِي مَرْيَمَ، عَنْ عُقْبَةَ بْنِ الْحَارِثِ، قَالَ وَسَمِعْتُهُ مِنْ، عُقْبَةَ وَلَكِنِّي لِحَدِيثِ عُبَيْدٍ أَحْفَظُ قَالَ تَزَوَّجْتُ امْرَأَةً فَجَاءَتْنَا امْرَأَةٌ سَوْدَاءُ فَقَالَتْ إِنِّي قَدْ أَرْضَعْتُكُمَا ‏.‏ فَأَتَيْتُ النَّبِيَّ صلى الله عليه وسلم فَقُلْتُ تَزَوَّجْتُ فُلاَنَةَ بِنْتَ فُلاَنٍ فَجَاءَتْنَا امْرَأَةٌ سَوْدَاءُ فَقَالَتْ إِنِّي قَدْ أَرْضَعْتُكُمَا وَهِيَ كَاذِبَةٌ ‏.‏ قَالَ فَأَعْرَضَ عَنِّي ‏.‏ قَالَ فَأَتَيْتُهُ مِنْ قِبَلِ وَجْهِهِ فَأَعْرَضَ عَنِّي بِوَجْهِهِ فَقُلْتُ إِنَّهَا كَاذِبَةٌ ‏.‏ قَالَ ‏\"‏ وَكَيْفَ بِهَا وَقَدْ زَعَمَتْ أَنَّهَا قَدْ أَرْضَعَتْكُمَا دَعْهَا عَنْكَ ‏\"‏ ‏.‏ قَالَ وَفِي الْبَابِ عَنِ ابْنِ عُمَرَ ‏.‏ قَالَ أَبُو عِيسَى حَدِيثُ عُقْبَةَ بْنِ الْحَارِثِ حَدِيثٌ حَسَنٌ صَحِيحٌ ‏.‏ وَقَدْ رَوَى غَيْرُ وَاحِدٍ هَذَا الْحَدِيثَ عَنِ ابْنِ أَبِي مُلَيْكَةَ عَنْ عُقْبَةَ بْنِ الْحَارِثِ وَلَمْ يَذْكُرُوا فِيهِ عَنْ عُبَيْدِ بْنِ أَبِي مَرْيَمَ وَلَمْ يَذْكُرُوا فِيهِ ‏\"‏ دَعْهَا عَنْكَ ‏\"‏ ‏.‏ وَالْعَمَلُ عَلَى هَذَا الْحَدِيثِ عِنْدَ بَعْضِ أَهْلِ الْعِلْمِ مِنْ أَصْحَابِ النَّبِيِّ صلى الله عليه وسلم وَغَيْرِهِمْ أَجَازُوا شَهَادَةَ الْمَرْأَةِ الْوَاحِدَةِ فِي الرَّضَاعِ ‏.‏ وَقَالَ ابْنُ عَبَّاسٍ تَجُوزُ شَهَادَةُ امْرَأَةٍ وَاحِدَةٍ فِي الرَّضَاعِ وَيُؤْخَذُ يَمِينُهَا ‏.‏ وَبِهِ يَقُولُ أَحْمَدُ وَإِسْحَاقُ ‏.‏ وَقَدْ قَالَ بَعْضُ أَهْلِ الْعِلْمِ لاَ تَجُوزُ شَهَادَةُ الْمَرْأَةِ الْوَاحِدَةِ حَتَّى يَكُونَ أَكْثَرَ ‏.‏ وَهُوَ قَوْلُ الشَّافِعِيِّ ‏.‏ سَمِعْتُ الْجَارُودَ يَقُولُ سَمِعْتُ وَكِيعًا يَقُولُ لاَ تَجُوزُ شَهَادَةُ امْرَأَةٍ وَاحِدَةٍ فِي الْحُكْمِ وَيُفَارِقُهَا فِي الْوَرَعِ ‏.‏",
      "english": {
        "narrator": "Abdullah bin Abi Mulaikah narrated:",
        "text": "“Ubaid bin Abi Maryam narrated to me from Uqbah bin Al-Harith” and, he (Abdullah bin Abi Mulaikah) said: “And I heard it from Uqbah bin Al-Harith, but to me, the narration of Ubaid is better preserved; he said: (Uqbah bin Al-Harith narrated: ) “I married a woman, then a black woman came to us and she said: ‘I suckled both of you.’ So I went to the Prophet and said: ‘I married so-and-so the daughter of so-and-so, then a black women came to us, and said: “I suckled both of you” but she is a liar.’” He said: “Then he (pbuh) turned away from me.” He said: “So I went around to face him (and he (pbuh) turned his face away from me) so I said: ‘She is a liar.’ He said: ‘How can you stay with her while she claims that she suckled both of you? Leave her.’”"
      },
      "turkish": {
        "narrator": "Abdullah bin Abi Mulaikah narrated:",
        "text": "Abdullah bin Ebi Mulaikah rivayet etti: “Ubaid bin Ebi Meryem, bana Ukbe bin Harith'ten rivayet etti.” O (Abdullah bin Ebi Mulaikah) dedi ki: “Ben bunu Ukbe bin Harith'ten duydum ama bana göre Ubaid'in rivayeti daha iyi korunmuştur; o şöyle dedi: (Ukbe bin Harith rivayet etti:) ‘Ben bir kadınla evlendim, sonra yanımıza bir siyah kadın geldi ve dedi ki: ‘Ben ikinizi emzirdim.’ Ben de Peygamber'e gittim ve dedim: ‘Ben falan filan ile evlendim, sonra yanımıza bir siyah kadın geldi ve dedi ki: “Ben ikinizi emzirdim” ama o yalancıdır.’” O şöyle dedi: “Sonra o (s.a.v) benden yüzünü çevirdi.” O dedi ki: “Ben de ona dönmek için etrafımdan dolaştım (ve o (s.a.v) benden yüzünü çevirdi) ben de dedim: ‘O yalancıdır.’ O şöyle dedi: ‘O seni emzirdiğini iddia ederken onunla nasıl kalabilirsin? Onu bırak.’”"
      }
    },
    {
      "id": 7,
      "idInBook": 7,
      "chapterId": 12,
      "bookId": 5,
      "arabic": "حَدَّثَنَا قُتَيْبَةُ، حَدَّثَنَا أَبُو عَوَانَةَ، عَنْ هِشَامِ بْنِ عُرْوَةَ، عَنْ فَاطِمَةَ بِنْتِ الْمُنْذِرِ، عَنْ أُمِّ سَلَمَةَ، قَالَتْ قَالَ رَسُولُ اللَّهِ صلى الله عليه وسلم ‏\n\"‏ لاَ يُحَرِّمُ مِنَ الرَّضَاعَةِ إِلاَّ مَا فَتَقَ الأَمْعَاءَ فِي الثَّدْىِ وَكَانَ قَبْلَ الْفِطَامِ ‏\"‏ ‏.‏ قَالَ أَبُو عِيسَى هَذَا حَدِيثٌ حَسَنٌ صَحِيحٌ ‏.‏ وَالْعَمَلُ عَلَى هَذَا عِنْدَ أَكْثَرِ أَهْلِ الْعِلْمِ مِنْ أَصْحَابِ النَّبِيِّ صلى الله عليه وسلم وَغَيْرِهِمْ أَنَّ الرَّضَاعَةَ لاَ تُحَرِّمُ إِلاَّ مَا كَانَ دُونَ الْحَوْلَيْنِ وَمَا كَانَ بَعْدَ الْحَوْلَيْنِ الْكَامِلَيْنِ فَإِنَّهُ لاَ يُحَرِّمُ شَيْئًا ‏.‏ وَفَاطِمَةُ بِنْتُ الْمُنْذِرِ بْنِ الزُّبَيْرِ بْنِ الْعَوَّامِ هِيَ امْرَأَةُ هِشَامِ بْنِ عُرْوَةَ ‏.‏",
      "english": {
        "narrator": "Umm Salamah narrated that The Messenger of Allah said:",
        "text": "“No prohibition results from suckling except for what penetrates the intestines while on the breast before weaning.”"
      },
      "turkish": {
        "narrator": "Umm Salamah narrated that The Messenger of Allah said:",
        "text": "Ümmü Seleme rivayet etti ki, Allah'ın Resulü şöyle dedi: “Süt emme yoluyla haram kılınan şeyler, sadece emzirme sırasında bağırsaklara giren şeylerdir, sütten kesilmeden önce.”"
      }
    },
    {
      "id": 8,
      "idInBook": 8,
      "chapterId": 12,
      "bookId": 5,
      "arabic": "حَدَّثَنَا قُتَيْبَةُ، حَدَّثَنَا حَاتِمُ بْنُ إِسْمَاعِيلَ، عَنْ هِشَامِ بْنِ عُرْوَةَ، عَنْ أَبِيهِ، عَنْ حَجَّاجِ بْنِ حَجَّاجٍ الأَسْلَمِيِّ، عَنْ أَبِيهِ، أَنَّهُ سَأَلَ النَّبِيَّ صلى الله عليه وسلم فَقَالَ يَا رَسُولَ اللَّهِ مَا يُذْهِبُ عَنِّي مَذَمَّةَ الرَّضَاعِ فَقَالَ ‏\n\"‏ غُرَّةٌ عَبْدٌ أَوْ أَمَةٌ ‏\"‏ ‏.‏ قَالَ أَبُو عِيسَى هَذَا حَدِيثٌ حَسَنٌ صَحِيحٌ ‏.‏ وَمَعْنَى قَوْلِهِ مَا يُذْهِبُ عَنِّي مَذَمَّةَ الرَّضَاعِ ‏.‏ يَقُولُ إِنَّمَا يَعْنِي بِهِ ذِمَامَ الرَّضَاعَةِ وَحَقَّهَا يَقُولُ إِذَا أَعْطَيْتَ الْمُرْضِعَةَ عَبْدًا أَوْ أَمَةً فَقَدْ قَضَيْتَ ذِمَامَهَا ‏.‏ وَيُرْوَى عَنْ أَبِي الطُّفَيْلِ قَالَ كُنْتُ جَالِسًا مَعَ النَّبِيِّ صلى الله عليه وسلم إِذْ أَقْبَلَتِ امْرَأَةٌ فَبَسَطَ النَّبِيُّ صلى الله عليه وسلم رِدَاءَهُ حَتَّى قَعَدَتْ عَلَيْهِ فَلَمَّا ذَهَبَتْ قِيلَ هِيَ كَانَتْ أَرْضَعَتِ النَّبِيَّ صلى الله عليه وسلم ‏.‏ هَكَذَا رَوَاهُ يَحْيَى بْنُ سَعِيدٍ الْقَطَّانُ وَحَاتِمُ بْنُ إِسْمَاعِيلَ وَغَيْرُ وَاحِدٍ عَنْ هِشَامِ بْنِ عُرْوَةَ عَنْ أَبِيهِ عَنْ حَجَّاجِ بْنِ حَجَّاجٍ عَنْ أَبِيهِ عَنِ النَّبِيِّ صلى الله عليه وسلم ‏.‏ وَرَوَى سُفْيَانُ بْنُ عُيَيْنَةَ عَنْ هِشَامِ بْنِ عُرْوَةَ عَنْ أَبِيهِ عَنْ حَجَّاجِ بْنِ أَبِي حَجَّاجٍ عَنْ أَبِيهِ عَنِ النَّبِيِّ صلى الله عليه وسلم ‏.‏ وَحَدِيثُ ابْنِ عُيَيْنَةَ غَيْرُ مَحْفُوظٍ وَالصَّحِيحُ مَا رَوَى هَؤُلاَءِ عَنْ هِشَامِ بْنِ عُرْوَةَ عَنْ أَبِيهِ ‏.‏ وَهِشَامُ بْنُ عُرْوَةَ يُكْنَى أَبَا الْمُنْذِرِ وَقَدْ أَدْرَكَ جَابِرَ بْنَ عَبْدِ اللَّهِ وَابْنَ عُمَرَ ‏.‏",
      "english": {
        "narrator": "Hajjaj bin Hajjaj Al-Aslami narrated that\nHis father asked the Prophet:",
        "text": "“O Messenger of Allah! What will remove the responsibility of the foster relationship from me?” So he said: “A Ghurrah: a male slave or a female slave.”"
      },
      "turkish": {
        "narrator": "Hajjaj bin Hajjaj Al-Aslami narrated that\nHis father asked the Prophet:",
        "text": "Haccac bin Haccac El-Eslemî rivayet etti ki, babası Peygamber'e sordu: “Ey Allah'ın Resulü! Süt akrabalığı sorumluluğunu benden ne kaldırır?” O da şöyle dedi: “Bir Ghurrah: bir erkek köle veya bir dişi köle.”"
      }
    },
    {
      "id": 9,
      "idInBook": 9,
      "chapterId": 12,
      "bookId": 5,
      "arabic": "حَدَّثَنَا عَلِيُّ بْنُ حُجْرٍ، أَخْبَرَنَا جَرِيرُ بْنُ عَبْدِ الْحَمِيدِ، عَنْ هِشَامِ بْنِ عُرْوَةَ، عَنْ أَبِيهِ، عَنْ عَائِشَةَ، قَالَتْ كَانَ زَوْجُ بَرِيرَةَ عَبْدًا فَخَيَّرَهَا رَسُولُ اللَّهِ صلى الله عليه وسلم فَاخْتَارَتْ نَفْسَهَا وَلَوْ كَانَ حُرًّا لَمْ يُخَيِّرْهَا ‏.‏",
      "english": {
        "narrator": "Aishah narrated:",
        "text": "“Barfah’s husband was a slave, so the Messenger of Allah let her chose, and she chose herself, and if he was a free man she would not have had a choice.”"
      },
      "turkish": {
        "narrator": "Aishah narrated:",
        "text": "Aişe rivayet etti: “Barfah'ın kocası bir köleydi, bu yüzden Allah'ın Resulü ona seçim hakkı tanıdı ve o kendisini seçti, eğer o özgür bir adam olsaydı, seçme hakkı olmazdı.”"
      }
    },
    {
      "id": 10,
      "idInBook": 10,
      "chapterId": 12,
      "bookId": 5,
      "arabic": "حَدَّثَنَا هَنَّادٌ، حَدَّثَنَا أَبُو مُعَاوِيَةَ، عَنِ الأَعْمَشِ، عَنْ إِبْرَاهِيمَ، عَنِ الأَسْوَدِ، عَنْ عَائِشَةَ، قَالَتْ كَانَ زَوْجُ بَرِيرَةَ حُرًّا فَخَيَّرَهَا رَسُولُ اللَّهِ صلى الله عليه وسلم ‏.‏ قَالَ أَبُو عِيسَى حَدِيثُ عَائِشَةَ حَدِيثٌ حَسَنٌ صَحِيحٌ ‏.‏ هَكَذَا رَوَى هِشَامٌ عَنْ أَبِيهِ عَنْ عَائِشَةَ قَالَتْ كَانَ زَوْجُ بَرِيرَةَ عَبْدًا ‏.‏ وَرَوَى عِكْرِمَةُ عَنِ ابْنِ عَبَّاسٍ قَالَ رَأَيْتُ زَوْجَ بَرِيرَةَ وَكَانَ عَبْدًا يُقَالُ لَهُ مُغِيثٌ ‏.‏ وَهَكَذَا رُوِيَ عَنِ ابْنِ عُمَرَ ‏.‏ وَالْعَمَلُ عَلَى هَذَا عِنْدَ بَعْضِ أَهْلِ الْعِلْمِ وَقَالُوا إِذَا كَانَتِ الأَمَةُ تَحْتَ الْحُرِّ فَأُعْتِقَتْ فَلاَ خِيَارَ لَهَا وَإِنَّمَا يَكُونُ لَهَا الْخِيَارُ إِذَا أُعْتِقَتْ وَكَانَتْ تَحْتَ عَبْدٍ ‏.‏ وَهُوَ قَوْلُ الشَّافِعِيِّ وَأَحْمَدَ وَإِسْحَاقَ ‏.‏ وَرَوَى الأَعْمَشُ عَنْ إِبْرَاهِيمَ عَنِ الأَسْوَدِ عَنْ عَائِشَةَ قَالَتْ كَانَ زَوْجُ بَرِيرَةَ حُرًّا فَخَيَّرَهَا رَسُولُ اللَّهِ صلى الله عليه وسلم ‏.‏ وَرَوَى أَبُو عَوَانَةَ هَذَا الْحَدِيثَ عَنِ الأَعْمَشِ عَنْ إِبْرَاهِيمَ عَنِ الأَسْوَدِ عَنْ عَائِشَةَ فِي قِصَّةِ بَرِيرَةَ قَالَ الأَسْوَدُ وَكَانَ زَوْجُهَا حُرًّا ‏.‏ وَالْعَمَلُ عَلَى هَذَا عِنْدَ بَعْضِ أَهْلِ الْعِلْمِ مِنَ التَّابِعِينَ وَمَنْ بَعْدَهُمْ وَهُوَ قَوْلُ سُفْيَانَ الثَّوْرِيِّ وَأَهْلِ الْكُوفَةِ ‏.‏",
      "english": {
        "narrator": "Aishah narrated:",
        "text": "“Barfah’s husband was a free man, so the Messenger of Allah let her choose.”"
      },
      "turkish": {
        "narrator": "Aishah narrated:",
        "text": "Aişe rivayet etti: “Barfah'ın kocası özgür bir adamdı, bu yüzden Allah'ın Resulü ona seçim hakkı tanıdı.”"
      }
    },
    {
      "id": 11,
      "idInBook": 11,
      "chapterId": 12,
      "bookId": 5,
      "arabic": "حَدَّثَنَا هَنَّادٌ، حَدَّثَنَا عَبْدَةُ، عَنْ سَعِيدِ بْنِ أَبِي عَرُوبَةَ، عَنْ أَيُّوبَ، وَقَتَادَةَ، عَنْ عِكْرِمَةَ، عَنِ ابْنِ عَبَّاسٍ، أَنَّ زَوْجَ، بَرِيرَةَ كَانَ عَبْدًا أَسْوَدَ لِبَنِي الْمُغِيرَةِ يَوْمَ أُعْتِقَتْ بَرِيرَةُ وَاللَّهِ لَكَأَنِّي بِهِ فِي طُرُقِ الْمَدِينَةِ وَنَوَاحِيهَا وَإِنَّ دُمُوعَهُ لَتَسِيلُ عَلَى لِحْيَتِهِ يَتَرَضَّاهَا لِتَخْتَارَهُ فَلَمْ تَفْعَلْ ‏.‏ قَالَ أَبُو عِيسَى هَذَا حَدِيثٌ حَسَنٌ صَحِيحٌ ‏.‏ وَسَعِيدُ بْنُ أَبِي عَرُوبَةَ هُوَ سَعِيدُ بْنُ مِهْرَانَ وَيُكْنَى أَبَا النَّضْرِ ‏.‏",
      "english": {
        "narrator": "Ibn Abbas narrated:",
        "text": "“Barfahs husband was a black slave belonging to Banu Al-Mughirah. On the day that Barirah was freed. By Allah! It is as if I can see him in the streets of Al-Madinah behind her. Indeed tears were flowing down his beard while he was trying to get her to chose to stay with him, but she did not do it.”"
      },
      "turkish": {
        "narrator": "Ibn Abbas narrated:",
        "text": "İbn Abbas rivayet etti: “Barfah'ın kocası Banu El-Mughirah'a ait bir siyah köleydi. Barirah'ın özgürleştiği gün. Vallahi! Onu Medine sokaklarında onun arkasında görebiliyorum. Gerçekten, onunla birlikte kalması için onu seçmesi için gözyaşları sakalından süzülüyordu ama o bunu yapmadı.”"
      }
    },
    {
      "id": 12,
      "idInBook": 12,
      "chapterId": 12,
      "bookId": 5,
      "arabic": "حَدَّثَنَا أَحْمَدُ بْنُ مَنِيعٍ، حَدَّثَنَا سُفْيَانُ، عَنِ الزُّهْرِيِّ، عَنْ سَعِيدِ بْنِ الْمُسَيَّبِ، عَنْ أَبِي هُرَيْرَةَ، قَالَ قَالَ رَسُولُ اللَّهِ صلى الله عليه وسلم ‏\n\"‏ الْوَلَدُ لِلْفِرَاشِ وَلِلْعَاهِرِ الْحَجَرُ ‏\"‏ ‏.‏ قَالَ وَفِي الْبَابِ عَنْ عُمَرَ وَعُثْمَانَ وَعَائِشَةَ وَأَبِي أُمَامَةَ وَعَمْرِو بْنِ خَارِجَةَ وَعَبْدِ اللَّهِ بْنِ عَمْرٍو وَالْبَرَاءِ بْنِ عَازِبٍ وَزَيْدِ بْنِ أَرْقَمَ ‏.‏ قَالَ أَبُو عِيسَى حَدِيثُ أَبِي هُرَيْرَةَ حَدِيثٌ حَسَنٌ صَحِيحٌ ‏.‏ وَالْعَمَلُ عَلَى هَذَا عِنْدَ أَهْلِ الْعِلْمِ ‏.‏ وَقَدْ رَوَاهُ الزُّهْرِيُّ عَنْ سَعِيدِ بْنِ الْمُسَيَّبِ وَأَبِي سَلَمَةَ عَنْ أَبِي هُرَيْرَةَ ‏.‏",
      "english": {
        "narrator": "Abu Hurairah narrated that The Messenger of Allah said:",
        "text": "“The child is for the bed, and for the fornicator is the stone.”"
      },
      "turkish": {
        "narrator": "Abu Hurairah narrated that The Messenger of Allah said:",
        "text": "Ebu Hureyre rivayet etti ki, Allah'ın Resulü şöyle dedi: “Çocuk yatak içindir, zina edenin ise taş vardır.”"
      }
    },
    {
      "id": 13,
      "idInBook": 13,
      "chapterId": 12,
      "bookId": 5,
      "arabic": "حَدَّثَنَا مُحَمَّدُ بْنُ بَشَّارٍ، حَدَّثَنَا عَبْدُ الأَعْلَى، حَدَّثَنَا هِشَامُ بْنُ أَبِي عَبْدِ اللَّهِ، وَهُوَ الدَّسْتَوَائِيُّ عَنْ أَبِي الزُّبَيْرِ، عَنْ جَابِرِ بْنِ عَبْدِ اللَّهِ، أَنَّ النَّبِيَّ صلى الله عليه وسلم رَأَى امْرَأَةً فَدَخَلَ عَلَى زَيْنَبَ فَقَضَى حَاجَتَهُ وَخَرَجَ وَقَالَ ‏\n\"‏ إِنَّ الْمَرْأَةَ إِذَا أَقْبَلَتْ أَقْبَلَتْ فِي صُورَةِ شَيْطَانٍ فَإِذَا رَأَى أَحَدُكُمُ امْرَأَةً فَأَعْجَبَتْهُ فَلْيَأْتِ أَهْلَهُ فَإِنَّ مَعَهَا مِثْلَ الَّذِي مَعَهَا ‏\"‏ ‏.‏ قَالَ وَفِي الْبَابِ عَنِ ابْنِ مَسْعُودٍ ‏.‏ قَالَ أَبُو عِيسَى حَدِيثُ جَابِرٍ حَدِيثٌ صَحِيحٌ حَسَنٌ غَرِيبٌ ‏.‏ وَهِشَامٌ الدَّسْتَوَائِيُّ هُوَ هِشَامُ بْنُ سَنْبَرٍ ‏.‏",
      "english": {
        "narrator": "Jabir (bin Abdullah) narrated:",
        "text": "“The Prophet saw a woman, then he went to Zainab to fulfill his need and he left. He said: ‘Indeed when the woman enters, she enters in the image of Shaitan. So when one of you sees a woman that he is fascinated with, then let him go to his wife, for indeed with her (his wife) is the same as that which is with her.”"
      },
      "turkish": {
        "narrator": "Jabir (bin Abdullah) narrated:",
        "text": "Cabir (bin Abdullah) rivayet etti: “Peygamber bir kadını gördü, sonra Zeynep'e gidip ihtiyacını karşıladı ve ayrıldı. Dedi ki: ‘Şüphesiz, kadın girdiğinde Şeytan suretinde girer. Sizden biri bir kadını gördüğünde ona hayran kalırsa, o zaman karısına gitsin, çünkü onunla (karısıyla) onunla olan aynıdır.’”"
      }
    },
    {
      "id": 14,
      "idInBook": 14,
      "chapterId": 12,
      "bookId": 5,
      "arabic": "حَدَّثَنَا مَحْمُودُ بْنُ غَيْلاَنَ، حَدَّثَنَا النَّضْرُ بْنُ شُمَيْلٍ، أَخْبَرَنَا مُحَمَّدُ بْنُ عَمْرٍو، عَنْ أَبِي سَلَمَةَ، عَنْ أَبِي هُرَيْرَةَ، عَنِ النَّبِيِّ صلى الله عليه وسلم قَالَ ‏\n\"‏ لَوْ كُنْتُ آمِرًا أَحَدًا أَنْ يَسْجُدَ لأَحَدٍ لأَمَرْتُ الْمَرْأَةَ أَنْ تَسْجُدَ لِزَوْجِهَا ‏\"‏ ‏.‏ قَالَ وَفِي الْبَابِ عَنْ مُعَاذِ بْنِ جَبَلٍ وَسُرَاقَةَ بْنِ مَالِكِ بْنِ جُعْشُمٍ وَعَائِشَةَ وَابْنِ عَبَّاسٍ وَعَبْدِ اللَّهِ بْنِ أَبِي أَوْفَى وَطَلْقِ بْنِ عَلِيٍّ وَأُمِّ سَلَمَةَ وَأَنَسٍ وَابْنِ عُمَرَ ‏.‏ قَالَ أَبُو عِيسَى حَدِيثُ أَبِي هُرَيْرَةَ حَدِيثٌ حَسَنٌ غَرِيبٌ مِنْ هَذَا الْوَجْهِ مِنْ حَدِيثِ مُحَمَّدِ بْنِ عَمْرٍو عَنْ أَبِي سَلَمَةَ عَنْ أَبِي هُرَيْرَةَ ‏.‏",
      "english": {
        "narrator": "Abu Hurairah narrated that The Prophet said:",
        "text": "“If I were to order anyone to prostrate to anyone, then I would order the wife to prostrate to her husband.”"
      },
      "turkish": {
        "narrator": "Abu Hurairah narrated that The Prophet said:",
        "text": "Ebu Hureyre rivayet etti ki, Peygamber şöyle dedi: “Eğer birine secde etmesini emredecek olsaydım, karısına kocasına secde etmesini emrederdim.”"
      }
    },
    {
      "id": 15,
      "idInBook": 15,
      "chapterId": 12,
      "bookId": 5,
      "arabic": "حَدَّثَنَا هَنَّادٌ، حَدَّثَنَا مُلاَزِمُ بْنُ عَمْرٍو، قَالَ حَدَّثَنِي عَبْدُ اللَّهِ بْنُ بَدْرٍ، عَنْ قَيْسِ بْنِ طَلْقٍ، عَنْ أَبِيهِ، طَلْقِ بْنِ عَلِيٍّ قَالَ قَالَ رَسُولُ اللَّهِ صلى الله عليه وسلم ‏\n\"‏ إِذَا الرَّجُلُ دَعَا زَوْجَتَهُ لِحَاجَتِهِ فَلْتَأْتِهِ وَإِنْ كَانَتْ عَلَى التَّنُّورِ ‏\"‏ ‏.‏ قَالَ أَبُو عِيسَى هَذَا حَدِيثٌ حَسَنٌ غَرِيبٌ ‏.‏",
      "english": {
        "narrator": "Talq bin Ali narrated that The Messenger of Allah said:",
        "text": "“When a man calls his wife to fulfill his need, then let her come, even if she is at the oven.”"
      },
      "turkish": {
        "narrator": "Talq bin Ali narrated that The Messenger of Allah said:",
        "text": "Talq bin Ali rivayet etti ki, Allah'ın Resulü şöyle dedi: “Bir adam karısını ihtiyacını karşılaması için çağırdığında, o gelsin, hatta o ocaktaysa bile.”"
      }
    },
    {
      "id": 16,
      "idInBook": 16,
      "chapterId": 12,
      "bookId": 5,
      "arabic": "حَدَّثَنَا وَاصِلُ بْنُ عَبْدِ الأَعْلَى الْكُوفِيُّ، حَدَّثَنَا مُحَمَّدُ بْنُ فُضَيْلٍ، عَنْ عَبْدِ اللَّهِ بْنِ عَبْدِ الرَّحْمَنِ أَبِي نَصْرٍ، عَنْ مُسَاوِرٍ الْحِمْيَرِيِّ، عَنْ أُمِّهِ، عَنْ أُمِّ سَلَمَةَ، قَالَتْ قَالَ رَسُولُ اللَّهِ صلى الله عليه وسلم ‏\n\"‏ أَيُّمَا امْرَأَةٍ مَاتَتْ وَزَوْجُهَا عَنْهَا رَاضٍ دَخَلَتِ الْجَنَّةَ ‏\"‏ ‏.‏ قَالَ أَبُو عِيسَى هَذَا حَدِيثٌ حَسَنٌ غَرِيبٌ ‏.‏",
      "english": {
        "narrator": "Umm Salamah narrated that The Messenger of Allah said:",
        "text": "“Whichever woman dies while her husband is pleased with her, then she enters Paradise.”"
      },
      "turkish": {
        "narrator": "Umm Salamah narrated that The Messenger of Allah said:",
        "text": "Ümmü Seleme, Allah'ın Elçisi'nin şöyle söylediğini nakletti: “Kocası kendisinden razı olarak ölen kadın, cennete girer.”"
      }
    },
    {
      "id": 17,
      "idInBook": 17,
      "chapterId": 12,
      "bookId": 5,
      "arabic": "حَدَّثَنَا أَبُو كُرَيْبٍ، مُحَمَّدُ بْنُ الْعَلاَءِ حَدَّثَنَا عَبْدَةُ بْنُ سُلَيْمَانَ، عَنْ مُحَمَّدِ بْنِ عَمْرٍو، حَدَّثَنَا أَبُو سَلَمَةَ، عَنْ أَبِي هُرَيْرَةَ، قَالَ قَالَ رَسُولُ اللَّهِ صلى الله عليه وسلم ‏\n\"‏ أَكْمَلُ الْمُؤْمِنِينَ إِيمَانًا أَحْسَنُهُمْ خُلُقًا وَخِيَارُكُمْ خِيَارُكُمْ لِنِسَائِهِمْ خُلُقًا ‏\"‏ ‏.‏ قَالَ وَفِي الْبَابِ عَنْ عَائِشَةَ وَابْنِ عَبَّاسٍ ‏.‏ قَالَ أَبُو عِيسَى حَدِيثُ أَبِي هُرَيْرَةَ هَذَا حَدِيثٌ حَسَنٌ صَحِيحٌ ‏.‏",
      "english": {
        "narrator": "Abu Hurairah narrated that The Messenger of Allah said:",
        "text": "“The most complete of the believers in faith, is the one with the best character among them. And the best of you are those who are best to your women.”"
      },
      "turkish": {
        "narrator": "Abu Hurairah narrated that The Messenger of Allah said:",
        "text": "Ebu Hüreyre, Allah'ın Elçisi'nin şöyle söylediğini nakletti: “İman bakımından en mükemmel mümin, en iyi ahlaka sahip olanıdır. Sizin en hayırlınız, kadınlarınıza en iyi davrananınızdır.”"
      }
    },
    {
      "id": 18,
      "idInBook": 18,
      "chapterId": 12,
      "bookId": 5,
      "arabic": "حَدَّثَنَا الْحَسَنُ بْنُ عَلِيٍّ الْخَلاَّلُ، حَدَّثَنَا الْحُسَيْنُ بْنُ عَلِيٍّ الْجُعْفِيُّ، عَنْ زَائِدَةَ، عَنْ شَبِيبِ بْنِ غَرْقَدَةَ، عَنْ سُلَيْمَانَ بْنِ عَمْرِو بْنِ الأَحْوَصِ، قَالَ حَدَّثَنِي أَبِي أَنَّهُ، شَهِدَ حَجَّةَ الْوَدَاعِ مَعَ رَسُولِ اللَّهِ صلى الله عليه وسلم فَحَمِدَ اللَّهَ وَأَثْنَى عَلَيْهِ وَذَكَّرَ وَوَعَظَ فَذَكَرَ فِي الْحَدِيثِ قِصَّةً فَقَالَ ‏\"‏ أَلاَ وَاسْتَوْصُوا بِالنِّسَاءِ خَيْرًا فَإِنَّمَا هُنَّ عَوَانٌ عِنْدَكُمْ لَيْسَ تَمْلِكُونَ مِنْهُنَّ شَيْئًا غَيْرَ ذَلِكَ إِلاَّ أَنْ يَأْتِينَ بِفَاحِشَةٍ مُبَيِّنَةٍ فَإِنْ فَعَلْنَ فَاهْجُرُوهُنَّ فِي الْمَضَاجِعِ وَاضْرِبُوهُنَّ ضَرْبًا غَيْرَ مُبَرِّحٍ فَإِنْ أَطَعْنَكُمْ فَلاَ تَبْغُوا عَلَيْهِنَّ سَبِيلاً أَلاَ إِنَّ لَكُمْ عَلَى نِسَائِكُمْ حَقًّا وَلِنِسَائِكُمْ عَلَيْكُمْ حَقًّا فَأَمَّا حَقُّكُمْ عَلَى نِسَائِكُمْ أَلاَّ يُوطِئْنَ فُرُشَكُمْ مَنْ تَكْرَهُونَ وَلاَ يَأْذَنَّ فِي بُيُوتِكُمْ لِمَنْ تَكْرَهُونَ أَلاَ وَحَقُّهُنَّ عَلَيْكُمْ أَنْ تُحْسِنُوا إِلَيْهِنَّ فِي كِسْوَتِهِنَّ وَطَعَامِهِنَّ ‏\"‏ ‏.‏ قَالَ أَبُو عِيسَى هَذَا حَدِيثٌ حَسَنٌ صَحِيحٌ ‏.‏ وَمَعْنَى قَوْلِهِ ‏\"‏ عَوَانٌ عِنْدَكُمْ ‏\"‏ ‏.‏ يَعْنِي أَسْرَى فِي أَيْدِيكُمْ ‏.‏",
      "english": {
        "narrator": "Sulaiman bin Amr bin Al-Ahwas said:",
        "text": "“My father narrated to me that he witnessed the farewell Hajj with the Messenger of Allah. So he thanked and praised Allah and he reminded and gave admonition. He mentioned a story in his narration and he (the Prophet) said: “And indeed I order you to be good to the women, for they are but captives with you over whom you have no power than that, except if they come with manifest Fahishah (evil behavior). If they do that, then abandon their beds and beat them with a beating that is not harmful. And if they obey you then you have no cause against them. Indeed you have rights over your women, and your women have rights over you. As for your rights over your women, then they must not allow anyone whom you dislike to treat on your bedding (furniture), nor to admit anyone in your home that you dislike. And their rights over you are that you treat them well in clothing them and feeding them.”"
      },
      "turkish": {
        "narrator": "Sulaiman bin Amr bin Al-Ahwas said:",
        "text": "Süleyman bin Amr bin el-Ahvas şöyle dedi: “Babam, Allah'ın Elçisi ile veda Haccı'na katıldığını bana nakletti. Sonra Allah'a şükretti ve O'nu övdü, hatırlattı ve nasihat etti. Rivayetinde bir hikaye anlattı ve (Peygamber) şöyle dedi: “Kadınlara iyi davranmanızı emrediyorum, çünkü onlar sizinle birlikte esir gibidirler ve onlara karşı elinizdeki güç, ancak açık bir fuhuş (kötü davranış) ile sınırlıdır. Eğer bunu yaparlarsa, o zaman yataklarını terk edin ve onlara zarar vermeyecek şekilde vurun. Eğer size itaat ederlerse, onlara karşı bir sebebiniz yoktur. Şüphesiz, kadınlarınız üzerinde haklarınız vardır ve kadınlarınızın da sizler üzerinde hakları vardır. Kadınlarınız üzerindeki haklarınız, onların sizin yataklarınıza (eşyalarınıza) istemediğiniz birini sokmamaları ve istemediğiniz birini evinize almamalarıdır. Onların sizler üzerindeki hakları ise, onlara iyi giydirmeniz ve iyi beslemenizdir.”"
      }
    },
    {
      "id": 19,
      "idInBook": 19,
      "chapterId": 12,
      "bookId": 5,
      "arabic": "حَدَّثَنَا أَحْمَدُ بْنُ مَنِيعٍ، وَهَنَّادٌ، قَالاَ حَدَّثَنَا أَبُو مُعَاوِيَةَ، عَنْ عَاصِمٍ الأَحْوَلِ، عَنْ عِيسَى بْنِ حِطَّانَ، عَنْ مُسْلِمِ بْنِ سَلاَّمٍ، عَنْ عَلِيِّ بْنِ طَلْقٍ، قَالَ أَتَى أَعْرَابِيٌّ النَّبِيَّ صلى الله عليه وسلم فَقَالَ يَا رَسُولَ اللَّهِ الرَّجُلُ مِنَّا يَكُونُ فِي الْفَلاَةِ فَتَكُونُ مِنْهُ الرُّوَيْحَةُ وَيَكُونُ فِي الْمَاءِ قِلَّةٌ فَقَالَ رَسُولُ اللَّهِ صلى الله عليه وسلم ‏\n\"‏ إِذَا فَسَا أَحَدُكُمْ فَلْيَتَوَضَّأْ وَلاَ تَأْتُوا النِّسَاءَ فِي أَعْجَازِهِنَّ فَإِنَّ اللَّهَ لاَ يَسْتَحْيِي مِنَ الْحَقِّ ‏\"‏ ‏.‏ قَالَ وَفِي الْبَابِ عَنْ عُمَرَ وَخُزَيْمَةَ بْنِ ثَابِتٍ وَابْنِ عَبَّاسٍ وَأَبِي هُرَيْرَةَ ‏.‏ قَالَ أَبُو عِيسَى حَدِيثُ عَلِيِّ بْنِ طَلْقٍ حَدِيثٌ حَسَنٌ ‏.‏ وَسَمِعْتُ مُحَمَّدًا يَقُولُ لاَ أَعْرِفُ لِعَلِيِّ بْنِ طَلْقٍ عَنِ النَّبِيِّ صلى الله عليه وسلم غَيْرَ هَذَا الْحَدِيثِ الْوَاحِدِ وَلاَ أَعْرِفُ هَذَا الْحَدِيثَ مِنْ حَدِيثِ طَلْقِ بْنِ عَلِيٍّ السُّحَيْمِيِّ ‏.‏ وَكَأَنَّهُ رَأَى أَنَّ هَذَا رَجُلٌ آخَرُ مِنْ أَصْحَابِ النَّبِيِّ صلى الله عليه وسلم ‏.‏",
      "english": {
        "narrator": "Ali bin Talq narrated that A Bedouin came to the Prophet and said:",
        "text": "“O Messenger of Allah! A man among us would be in the desert and a small smell would come from him, (what should he do) while the water is scarce? So the Messenger of Allah said: “When one of you breaks wind then let him perform Wudu, and do not go into your women in their behinds for indeed Allah is not shy of the truth.”"
      },
      "turkish": {
        "narrator": "Ali bin Talq narrated that A Bedouin came to the Prophet and said:",
        "text": "Ali bin Talq, bir bedevinin Peygamber'e geldiğini ve şöyle dediğini nakletti: “Ey Allah'ın Elçisi! İçimizden bir adam çölde bulunursa ve ondan küçük bir koku gelirse (ne yapmalı), su da azsa?” Bunun üzerine Allah'ın Elçisi şöyle dedi: “Eğer biriniz gaz çıkarırsa, abdest alsın ve kadınlarına arka tarafından yaklaşmasın, çünkü Allah gerçeğe karşı utanmaz.”"
      }
    },
    {
      "id": 20,
      "idInBook": 20,
      "chapterId": 12,
      "bookId": 5,
      "arabic": "حَدَّثَنَا أَبُو سَعِيدٍ الأَشَجُّ، حَدَّثَنَا أَبُو خَالِدٍ الأَحْمَرُ، عَنِ الضَّحَّاكِ بْنِ عُثْمَانَ، عَنْ مَخْرَمَةَ بْنِ سُلَيْمَانَ، عَنْ كُرَيْبٍ، عَنِ ابْنِ عَبَّاسٍ، قَالَ قَالَ رَسُولُ اللَّهِ صلى الله عليه وسلم ‏\n\"‏ لاَ يَنْظُرُ اللَّهُ إِلَى رَجُلٍ أَتَى رَجُلاً أَوِ امْرَأَةً فِي الدُّبُرِ ‏\"‏ ‏.‏ قَالَ أَبُو عِيسَى هَذَا حَدِيثٌ حَسَنٌ غَرِيبٌ ‏.‏ وَرَوَى وَكِيعٌ هَذَا الْحَدِيثَ ‏.‏",
      "english": {
        "narrator": "Ibn Abbas narrated that The Messenger of Allah said:",
        "text": "“Allah will not look at a man who enters a man or a woman in the behind.”"
      },
      "turkish": {
        "narrator": "Ibn Abbas narrated that The Messenger of Allah said:",
        "text": "İbn Abbas, Allah'ın Elçisi'nin şöyle söylediğini nakletti: “Allah, bir erkeğin erkeğe veya kadına arka tarafından girmesine bakmaz.”"
      }
    },
    {
      "id": 21,
      "idInBook": 21,
      "chapterId": 12,
      "bookId": 5,
      "arabic": "حَدَّثَنَا قُتَيْبَةُ، وَغَيْرُ، وَاحِدٍ، قَالُوا حَدَّثَنَا وَكِيعٌ، عَنْ عَبْدِ الْمَلِكِ بْنِ مُسْلِمٍ، وَهُوَ ابْنُ سَلاَّمٍ عَنْ أَبِيهِ، عَنْ عَلِيٍّ، قَالَ قَالَ رَسُولُ اللَّهِ صلى الله عليه وسلم ‏\n\"‏ إِذَا فَسَا أَحَدُكُمْ فَلْيَتَوَضَّأْ وَلاَ تَأْتُوا النِّسَاءَ فِي أَعْجَازِهِنَّ ‏\"‏ ‏.‏ قَالَ أَبُو عِيسَى وَعَلِيٌّ هَذَا هُوَ عَلِيُّ بْنُ طَلْقٍ ‏.‏",
      "english": {
        "narrator": "Ali narrated that The Messenger of Allah said:",
        "text": "“When one of you breaks wind then let him perform Wudu, and do not go into your women through their behinds.”"
      },
      "turkish": {
        "narrator": "Ali narrated that The Messenger of Allah said:",
        "text": "Ali, Allah'ın Elçisi'nin şöyle söylediğini nakletti: “Eğer biriniz gaz çıkarırsa, abdest alsın ve kadınlarına arka tarafından yaklaşmasın.”"
      }
    },
    {
      "id": 22,
      "idInBook": 22,
      "chapterId": 12,
      "bookId": 5,
      "arabic": "حَدَّثَنَا عَلِيُّ بْنُ خَشْرَمٍ، أَخْبَرَنَا عِيسَى بْنُ يُونُسَ، عَنْ مُوسَى بْنِ عُبَيْدَةَ، عَنْ أَيُّوبَ بْنِ خَالِدٍ، عَنْ مَيْمُونَةَ بِنْتِ سَعْدٍ، وَكَانَتْ، خَادِمًا لِلنَّبِيِّ صلى الله عليه وسلم قَالَتْ قَالَ رَسُولُ اللَّهِ صلى الله عليه وسلم ‏\n\"‏ مَثَلُ الرَّافِلَةِ فِي الزِّينَةِ فِي غَيْرِ أَهْلِهَا كَمَثَلِ ظُلْمَةِ يَوْمِ الْقِيَامَةِ لاَ نُورَ لَهَا ‏\"‏ ‏.‏ قَالَ أَبُو عِيسَى هَذَا حَدِيثٌ لاَ نَعْرِفُهُ إِلاَّ مِنْ حَدِيثِ مُوسَى بْنِ عُبَيْدَةَ ‏.‏ وَمُوسَى بْنُ عُبَيْدَةَ يُضَعَّفُ فِي الْحَدِيثِ مِنْ قِبَلِ حِفْظِهِ وَهُوَ صَدُوقٌ ‏.‏ وَقَدْ رَوَاهُ بَعْضُهُمْ عَنْ مُوسَى بْنِ عُبَيْدَةَ وَلَمْ يَرْفَعْهُ ‏.‏",
      "english": {
        "narrator": "Maimunah bin Sa’d who was a servant for the Prophet, narrated that The Messenger of Allah said:",
        "text": "“The parable of the woman who walks to impress others in adornments for other than her family, is that of darkness on the Day of Judgment: There is no light for her.”"
      },
      "turkish": {
        "narrator": "Maimunah bin Sa’d who was a servant for the Prophet, narrated that The Messenger of Allah said:",
        "text": "Maimune bint Sa’d, Peygamber'in hizmetçisi olarak, Allah'ın Elçisi'nin şöyle söylediğini nakletti: “Kendisi dışındaki aile bireyleri için süslenerek başkalarını etkilemeye çalışan kadının örneği, Kıyamet Günü'nde karanlıktır: Onun için hiçbir ışık yoktur.”"
      }
    },
    {
      "id": 23,
      "idInBook": 23,
      "chapterId": 12,
      "bookId": 5,
      "arabic": "حَدَّثَنَا حُمَيْدُ بْنُ مَسْعَدَةَ، حَدَّثَنَا سُفْيَانُ بْنُ حَبِيبٍ، عَنِ الْحَجَّاجِ الصَّوَّافِ، عَنْ يَحْيَى بْنِ أَبِي كَثِيرٍ، عَنْ أَبِي سَلَمَةَ، عَنْ أَبِي هُرَيْرَةَ، قَالَ قَالَ رَسُولُ اللَّهِ صلى الله عليه وسلم ‏\n\"‏ إِنَّ اللَّهَ يَغَارُ وَالْمُؤْمِنُ يَغَارُ وَغَيْرَةُ اللَّهِ أَنْ يَأْتِيَ الْمُؤْمِنُ مَا حَرَّمَ عَلَيْهِ ‏\"‏ ‏.‏ قَالَ وَفِي الْبَابِ عَنْ عَائِشَةَ وَعَبْدِ اللَّهِ بْنِ عُمَرَ ‏.‏ قَالَ أَبُو عِيسَى حَدِيثُ أَبِي هُرَيْرَةَ حَدِيثٌ حَسَنٌ غَرِيبٌ ‏.‏ وَقَدْ رُوِيَ عَنْ يَحْيَى بْنِ أَبِي كَثِيرٍ عَنْ أَبِي سَلَمَةَ عَنْ عُرْوَةَ عَنْ أَسْمَاءَ بِنْتِ أَبِي بَكْرٍ عَنِ النَّبِيِّ صلى الله عليه وسلم هَذَا الْحَدِيثُ وَكِلاَ الْحَدِيثَيْنِ صَحِيحٌ ‏.‏ وَالْحَجَّاجُ الصَّوَّافُ هُوَ الْحَجَّاجُ بْنُ أَبِي عُثْمَانَ وَأَبُو عُثْمَانَ اسْمُهُ مَيْسَرَةُ وَالْحَجَّاجُ يُكْنَى أَبَا الصَّلْتِ وَثَّقَهُ يَحْيَى بْنُ سَعِيدٍ الْقَطَّانُ ‏.‏ حَدَّثَنَا أَبُو بَكْرٍ الْعَطَّارُ عَنْ عَلِيِّ بْنِ الْمَدِينِيِّ قَالَ سَأَلْتُ يَحْيَى بْنَ سَعِيدٍ الْقَطَّانَ عَنْ حَجَّاجٍ الصَّوَّافِ فَقَالَ ثِقَةٌ فَطِنٌ كَيِّسٌ ‏.‏",
      "english": {
        "narrator": "Abu Hurairah narrated that The Messenger of Allah said:",
        "text": "“Allah becomes jealous and the believer becomes jealous.  Allah’s jealousy occurs when a believer does what He has made unlawful for him.”"
      },
      "turkish": {
        "narrator": "Abu Hurairah narrated that The Messenger of Allah said:",
        "text": "Ebu Hüreyre, Allah'ın Elçisi'nin şöyle söylediğini nakletti: “Allah kıskanır ve mümin de kıskanır. Allah'ın kıskanması, bir müminin O'nun haram kıldığı bir şeyi yapmasıyla gerçekleşir.”"
      }
    },
    {
      "id": 24,
      "idInBook": 24,
      "chapterId": 12,
      "bookId": 5,
      "arabic": "حَدَّثَنَا أَحْمَدُ بْنُ مَنِيعٍ، حَدَّثَنَا أَبُو مُعَاوِيَةَ، عَنِ الأَعْمَشِ، عَنْ أَبِي صَالِحٍ، عَنْ أَبِي سَعِيدٍ الْخُدْرِيِّ، قَالَ قَالَ رَسُولُ اللَّهِ صلى الله عليه وسلم ‏\"‏ لاَ يَحِلُّ لاِمْرَأَةٍ تُؤْمِنُ بِاللَّهِ وَالْيَوْمِ الآخِرِ أَنْ تُسَافِرَ سَفَرًا يَكُونُ ثَلاَثَةَ أَيَّامٍ فَصَاعِدًا إِلاَّ وَمَعَهَا أَبُوهَا أَوْ أَخُوهَا أَوْ زَوْجُهَا أَوِ ابْنُهَا أَوْ ذُو مَحْرَمٍ مِنْهَا ‏\"‏ ‏.‏ وَفِي الْبَابِ عَنْ أَبِي هُرَيْرَةَ وَابْنِ عَبَّاسٍ وَابْنِ عُمَرَ ‏.‏ قَالَ أَبُو عِيسَى هَذَا حَدِيثٌ حَسَنٌ صَحِيحٌ ‏.‏ وَرُوِيَ عَنِ النَّبِيِّ صلى الله عليه وسلم أَنَّهُ قَالَ ‏\"‏ لاَ تُسَافِرُ الْمَرْأَةُ مَسِيرَةَ يَوْمٍ وَلَيْلَةٍ إِلاَّ مَعَ ذِي مَحْرَمٍ ‏\"‏ ‏.‏ وَالْعَمَلُ عَلَى هَذَا عِنْدَ أَهْلِ الْعِلْمِ يَكْرَهُونَ لِلْمَرْأَةِ أَنْ تُسَافِرَ إِلاَّ مَعَ ذِي مَحْرَمٍ ‏.‏ وَاخْتَلَفَ أَهْلُ الْعِلْمِ فِي الْمَرْأَةِ إِذَا كَانَتْ مُوسِرَةً وَلَمْ يَكُنْ لَهَا مَحْرَمٌ هَلْ تَحُجُّ ‏.‏ فَقَالَ بَعْضُ أَهْلِ الْعِلْمِ لاَ يَجِبُ عَلَيْهَا الْحَجُّ لأَنَّ الْمَحْرَمَ مِنَ السَّبِيلِ لِقَوْلِ اللَّهِ عَزَّ وَجَلَِّ ‏:‏ ‏(‏ لِمَنِ اسْتَطَاعَ إِلَيْهِ سَبِيلاً ‏)‏ فَقَالُوا إِذَا لَمْ يَكُنْ لَهَا مَحْرَمٌ فَلاَ تَسْتَطِيعُ إِلَيْهِ سَبِيلاً ‏.‏ وَهُوَ قَوْلُ سُفْيَانَ الثَّوْرِيِّ وَأَهْلِ الْكُوفَةِ ‏.‏ وَقَالَ بَعْضُ أَهْلِ الْعِلْمِ إِذَا كَانَ الطَّرِيقُ آمِنًا فَإِنَّهَا تَخْرُجُ مَعَ النَّاسِ فِي الْحَجِّ ‏.‏ وَهُوَ قَوْلُ مَالِكِ بْنِ أَنَسٍ وَالشَّافِعِيِّ ‏.‏",
      "english": {
        "narrator": "Abu Sa’eed Al-Khudri narrated that The Messenger of Allah said:",
        "text": "“It is not lawful for a woman who believers in Allah and the Last Day to travel on a trip that is three days or more, unless she is accompanied by her father, her brother, her husband, her son, or someone who is a Mahram to her.”"
      },
      "turkish": {
        "narrator": "Abu Sa’eed Al-Khudri narrated that The Messenger of Allah said:",
        "text": "Ebu Said el-Hudri, Allah'ın Elçisi'nin şöyle söylediğini nakletti: “Allah'a ve Ahiret Günü'ne inanan bir kadının, babası, kardeşi, kocası, oğlu veya ona mahrem olan biri olmadan üç gün veya daha fazla bir yolculuğa çıkması helal değildir.”"
      }
    },
    {
      "id": 25,
      "idInBook": 25,
      "chapterId": 12,
      "bookId": 5,
      "arabic": "حَدَّثَنَا الْحَسَنُ بْنُ عَلِيٍّ الْخَلاَّلُ، حَدَّثَنَا بِشْرُ بْنُ عُمَرَ، حَدَّثَنَا مَالِكُ بْنُ أَنَسٍ، عَنْ سَعِيدِ بْنِ أَبِي سَعِيدٍ، عَنْ أَبِيهِ، عَنْ أَبِي هُرَيْرَةَ، قَالَ قَالَ رَسُولُ اللَّهِ صلى الله عليه وسلم ‏\n\"‏ لاَ تُسَافِرُ امْرَأَةٌ مَسِيرَةَ يَوْمٍ وَلَيْلَةٍ إِلاَّ وَمَعَهَا ذُو مَحْرَمٍ ‏\"‏ ‏.‏ قَالَ أَبُو عِيسَى هَذَا حَدِيثٌ حَسَنٌ صَحِيحٌ ‏.‏",
      "english": {
        "narrator": "Abu Hurairah narrated that The Messenger of Allah said:",
        "text": "“A woman is not to travel the distance of a day and a night unless she is accompanied by someone who is a Mahram.”"
      },
      "turkish": {
        "narrator": "Abu Hurairah narrated that The Messenger of Allah said:",
        "text": "Ebu Hüreyre, Allah'ın Elçisi'nin şöyle söylediğini nakletti: “Bir kadın, mahremi olmayan biriyle bir günlük mesafeye seyahat etmemelidir.”"
      }
    },
    {
      "id": 26,
      "idInBook": 26,
      "chapterId": 12,
      "bookId": 5,
      "arabic": "حَدَّثَنَا قُتَيْبَةُ، حَدَّثَنَا اللَّيْثُ، عَنْ يَزِيدَ بْنِ أَبِي حَبِيبٍ، عَنْ أَبِي الْخَيْرِ، عَنْ عُقْبَةَ بْنِ عَامِرٍ، أَنَّ رَسُولَ اللَّهِ صلى الله عليه وسلم قَالَ ‏\"‏ إِيَّاكُمْ وَالدُّخُولَ عَلَى النِّسَاءِ ‏\"‏ ‏.‏ فَقَالَ رَجُلٌ مِنَ الأَنْصَارِ يَا رَسُولَ اللَّهِ أَفَرَأَيْتَ الْحَمْوَ قَالَ ‏\"‏ الْحَمْوُ الْمَوْتُ ‏\"‏ ‏.‏ قَالَ وَفِي الْبَابِ عَنْ عُمَرَ وَجَابِرٍ وَعَمْرِو بْنِ الْعَاصِ ‏.‏ قَالَ أَبُو عِيسَى حَدِيثُ عُقْبَةَ بْنِ عَامِرٍ حَدِيثٌ حَسَنٌ صَحِيحٌ ‏.‏ وَإِنَّمَا مَعْنَى كَرَاهِيَةِ الدُّخُولِ عَلَى النِّسَاءِ عَلَى نَحْوِ مَا رُوِيَ عَنِ النَّبِيِّ صلى الله عليه وسلم قَالَ ‏\"‏ لاَ يَخْلُوَنَّ رَجُلٌ بِامْرَأَةٍ إِلاَّ كَانَ ثَالِثَهُمَا الشَّيْطَانُ ‏\"‏ ‏.‏ وَمَعْنَى قَوْلِهِ ‏\"‏ الْحَمْوُ ‏\"‏ ‏.‏ يُقَالُ هُوَ أَخُو الزَّوْجِ كَأَنَّهُ كَرِهَ لَهُ أَنْ يَخْلُوَ بِهَا ‏.‏",
      "english": {
        "narrator": "Uqbah bin Amir narrated that The Messenger of Allah said:",
        "text": "“Beware of entering upon women.” So a man from the Ansar said: ‘”O Messenger of Allah! What do you think about Hamu? So he said: “The Hamu is death.”"
      },
      "turkish": {
        "narrator": "Uqbah bin Amir narrated that The Messenger of Allah said:",
        "text": "Ukbe bin Amir, Allah'ın Elçisi'nin şöyle söylediğini nakletti: “Kadınlara girmekte dikkatli olun.” Bunun üzerine Ensar'dan bir adam: “Ey Allah'ın Elçisi! Hamu hakkında ne dersin?” dedi. O da: “Hamu, ölümdür.” dedi."
      }
    },
    {
      "id": 27,
      "idInBook": 27,
      "chapterId": 12,
      "bookId": 5,
      "arabic": "حَدَّثَنَا نَصْرُ بْنُ عَلِيٍّ، حَدَّثَنَا عِيسَى بْنُ يُونُسَ، عَنْ مُجَالِدٍ، عَنِ الشَّعْبِيِّ، عَنْ جَابِرٍ، عَنِ النَّبِيِّ صلى الله عليه وسلم قَالَ ‏\"‏ لاَ تَلِجُوا عَلَى الْمُغِيبَاتِ فَإِنَّ الشَّيْطَانَ يَجْرِي مِنْ أَحَدِكُمْ مَجْرَى الدَّمِ ‏\"‏ ‏.‏ قُلْنَا وَمِنْكَ قَالَ ‏\"‏ وَمِنِّي وَلَكِنَّ اللَّهَ أَعَانَنِي عَلَيْهِ فَأَسْلَمُ ‏\"‏ ‏.‏ قَالَ أَبُو عِيسَى هَذَا حَدِيثٌ غَرِيبٌ مِنْ هَذَا الْوَجْهِ ‏.‏ وَقَدْ تَكَلَّمَ بَعْضُهُمْ فِي مُجَالِدِ بْنِ سَعِيدٍ مِنْ قِبَلِ حِفْظِهِ ‏.‏ وَسَمِعْتُ عَلِيَّ بْنَ خَشْرَمٍ يَقُولُ قَالَ سُفْيَانُ بْنُ عُيَيْنَةَ فِي تَفْسِيرِ قَوْلِ النَّبِيِّ صلى الله عليه وسلم ‏\"‏ وَلَكِنَّ اللَّهَ أَعَانَنِي عَلَيْهِ فَأَسْلَمُ ‏\"‏ ‏.‏ يَعْنِي أَسْلَمُ أَنَا مِنْهُ ‏.‏ قَالَ سُفْيَانُ وَالشَّيْطَانُ لاَ يُسْلِمُ ‏.‏ وَ ‏\"‏ لاَ تَلِجُوا عَلَى الْمُغِيبَاتِ ‏\"‏ وَالْمُغِيبَةُ الْمَرْأَةُ الَّتِي يَكُونُ زَوْجُهَا غَائِبًا وَالْمُغِيبَاتُ جَمَاعَةُ الْمُغِيبَةِ ‏.‏",
      "english": {
        "narrator": "Jabir narrated that The Prophet said:",
        "text": "“Do not enter upon Al-Mughibar (the women whose husband are absent), for indeed the Shaitan flows through one of you as the blood flows.” We said: “And you?” He said: “And me, but Allah helped me over him, so I am safe.”"
      },
      "turkish": {
        "narrator": "Jabir narrated that The Prophet said:",
        "text": "Cabir, Peygamber'in şöyle söylediğini nakletti: “Al-Mughibar'a (kocaları olmayan kadınlara) girmeyin, çünkü şeytan sizden birinin içinden kan gibi akar.” Biz: “Ya sen?” dedik. O da: “Ben de, ama Allah bana onun üzerinde yardım etti, bu yüzden ben güven içindeyim.” dedi."
      }
    },
    {
      "id": 28,
      "idInBook": 28,
      "chapterId": 12,
      "bookId": 5,
      "arabic": "حَدَّثَنَا مُحَمَّدُ بْنُ بَشَّارٍ، حَدَّثَنَا عَمْرُو بْنُ عَاصِمٍ، حَدَّثَنَا هَمَّامٌ، عَنْ قَتَادَةَ، عَنْ مُوَرِّقٍ، عَنْ أَبِي الأَحْوَصِ، عَنْ عَبْدِ اللَّهِ، عَنِ النَّبِيِّ صلى الله عليه وسلم قَالَ ‏\n\"‏ الْمَرْأَةُ عَوْرَةٌ فَإِذَا خَرَجَتِ اسْتَشْرَفَهَا الشَّيْطَانُ ‏\"‏ ‏.‏ قَالَ أَبُو عِيسَى هَذَا حَدِيثٌ حَسَنٌ غَرِيبٌ ‏.‏",
      "english": {
        "narrator": "Abdullah narrated that The Prophet said:",
        "text": "“The woman is Awrah, so when she goes out, the Shaitan seeks to tempt her.”"
      },
      "turkish": {
        "narrator": "Abdullah narrated that The Prophet said:",
        "text": "Abdullah, Peygamber'in şöyle söylediğini nakletti: “Kadın, avrettir; bu yüzden dışarı çıktığında, şeytan onu baştan çıkarmaya çalışır.”"
      }
    },
    {
      "id": 29,
      "idInBook": 29,
      "chapterId": 12,
      "bookId": 5,
      "arabic": "حَدَّثَنَا الْحَسَنُ بْنُ عَرَفَةَ، حَدَّثَنَا إِسْمَاعِيلُ بْنُ عَيَّاشٍ، عَنْ بَحِيرِ بْنِ سَعْدٍ، عَنْ خَالِدِ بْنِ مَعْدَانَ، عَنْ كَثِيرِ بْنِ مُرَّةَ الْحَضْرَمِيِّ، عَنْ مُعَاذِ بْنِ جَبَلٍ، عَنِ النَّبِيِّ صلى الله عليه وسلم قَالَ ‏\n\"‏ لاَ تُؤْذِي امْرَأَةٌ زَوْجَهَا فِي الدُّنْيَا إِلاَّ قَالَتْ زَوْجَتُهُ مِنَ الْحُورِ الْعِينِ لاَ تُؤْذِيهِ قَاتَلَكِ اللَّهُ فَإِنَّمَا هُوَ عِنْدَكِ دَخِيلٌ يُوشِكُ أَنْ يُفَارِقَكِ إِلَيْنَا ‏\"‏ ‏.‏ قَالَ أَبُو عِيسَى هَذَا حَدِيثٌ حَسَنٌ غَرِيبٌ لاَ نَعْرِفُهُ إِلاَّ مِنْ هَذَا الْوَجْهِ ‏.‏ وَرِوَايَةُ إِسْمَاعِيلَ بْنِ عَيَّاشٍ عَنِ الشَّامِيِّينَ أَصْلَحُ وَلَهُ عَنْ أَهْلِ الْحِجَازِ وَأَهْلِ الْعِرَاقِ مَنَاكِيرُ ‏.‏",
      "english": {
        "narrator": "Mu’adh bin Jabal narrated that The Prophet said:",
        "text": "“No woman annoys her husband in the world except that his wife among the Al-Huril-Ain said: ‘Do not annoy him, may Allah destroy you, he is only like a guest with, soon he will part from you for us.’”"
      },
      "turkish": {
        "narrator": "Mu’adh bin Jabal narrated that The Prophet said:",
        "text": "Muaz bin Cebel, Peygamber'in şöyle söylediğini nakletti: “Dünyada kocasını rahatsız eden hiçbir kadın yoktur ki, Al-Huril-Ain'den eşi: ‘Ona rahatsızlık verme, Allah seni helak etsin, o sadece seninle bir misafir gibidir, yakında bizler için senden ayrılacaktır.’ demesin.”"
      }
    }
  ],
  "chapter": {
    "id": 12,
    "bookId": 5,
    "arabic": "كتاب الرضاع",
    "english": "The Book on Suckling"
  }
}