{
  "metadata": {
    "length": 36,
    "arabic": {
      "title": "جامع الترمذي",
      "author": "الإمام أبو عيسى محمد بن عيسى الترمذي",
      "introduction": "كتاب الصيد والذبائح عن رسول الله صلى الله عليه وسلم"
    },
    "english": {
      "title": "Jami' al-Tirmidhi",
      "author": "Imam Abu Isa Muhammad ibn Isa al-Tirmidhi",
      "introduction": "The Book on Hunting"
    }
  },
  "hadiths": [
    {
      "id": 1,
      "idInBook": 1,
      "chapterId": 18,
      "bookId": 5,
      "arabic": "حَدَّثَنَا أَحْمَدُ بْنُ مَنِيعٍ، حَدَّثَنَا يَزِيدُ بْنُ هَارُونَ، حَدَّثَنَا الْحَجَّاجُ، عَنْ مَكْحُولٍ، عَنْ أَبِي ثَعْلَبَةَ، وَالْحَجَّاجُ، عَنِ الْوَلِيدِ بْنِ أَبِي مَالِكٍ، عَنْ عَائِذِ اللَّهِ بْنِ عَبْدِ اللَّهِ، أَنَّهُ سَمِعَ أَبَا ثَعْلَبَةَ الْخُشَنِيَّ، قَالَ قُلْتُ يَا رَسُولَ اللَّهِ إِنَّا أَهْلُ صَيْدٍ ‏.‏ قَالَ ‏\"‏ إِذَا أَرْسَلْتَ كَلْبَكَ وَذَكَرْتَ اسْمَ اللَّهِ عَلَيْهِ فَأَمْسَكَ عَلَيْكَ فَكُلْ ‏\"‏ ‏.‏ قُلْتُ وَإِنْ قَتَلَ قَالَ ‏\"‏ وَإِنْ قَتَلَ ‏\"‏ ‏.‏ قُلْتُ إِنَّا أَهْلُ رَمْىٍ ‏.‏ قَالَ ‏\"‏ مَا رَدَّتْ عَلَيْكَ قَوْسُكَ فَكُلْ ‏\"‏ ‏.‏ قَالَ قُلْتُ إِنَّا أَهْلُ سَفَرٍ نَمُرُّ بِالْيَهُودِ وَالنَّصَارَى وَالْمَجُوسِ فَلاَ نَجِدُ غَيْرَ آنِيَتِهِمْ ‏.‏ قَالَ ‏\"‏ فَإِنْ لَمْ تَجِدُوا غَيْرَهَا فَاغْسِلُوهَا بِالْمَاءِ ثُمَّ كُلُوا فِيهَا وَاشْرَبُوا ‏\"‏ ‏.‏ قَالَ وَفِي الْبَابِ عَنْ عَدِيِّ بْنِ حَاتِمٍ ‏.‏ قَالَ أَبُو عِيسَى هَذَا حَدِيثٌ حَسَنٌ صَحِيحٌ ‏.‏ وَعَائِذُ اللَّهِ بْنُ عَبْدِ اللَّهِ هُوَ أَبُو إِدْرِيسَ الْخَوْلاَنِيُّ وَاسْمُ أَبِي ثَعْلَبَةَ الْخُشَنِيِّ جُرْثُومٌ وَيُقَالُ جُرْثُمُ بْنُ نَاشِرٍ وَيُقَالُ ابْنُ قَيْسٍ ‏.‏",
      "english": {
        "narrator": "Narrated Abu Tha'labah Al-Khushani:",
        "text": "\"I said: 'O Messenger of Allah! We are a people who hunt.' He said: 'If you send your dog and you mentioned the Name of Allah upon it, and he catches something for you, then eat it.' I said: 'Even if he kills it?' He said: 'Even if he kills it.' I said: 'We are a people who shoot (at game).' He said: 'What you catch with your bow, then eat it.'\" He said: \"Then I said:'Indeed we are a people who travel. We come across Jews, Christians, and Zoroastrians, and we do not find vessels other than theirs.' He said: 'If you do not find other than them, then wash them with water, then eat and drink from it.'\""
      },
      "turkish": {
        "narrator": "Narrated Abu Tha'labah Al-Khushani:",
        "text": "Ebu Tha'lebe el-Huşani'den rivayet edilmiştir: \"Ben dedim ki: 'Ey Allah'ın Resulü! Biz avlanan bir topluluğuz.' O da dedi ki: 'Eğer köpeğini gönderirsen ve onun üzerine Allah'ın adını anarsan, eğer senin için bir şey yakalarsa, onu ye.' Ben dedim ki: 'Hatta onu öldürse bile mi?' O da dedi ki: 'Hatta onu öldürse bile.' Ben dedim ki: 'Biz avlanırken ok atıyoruz.' O da dedi ki: 'Okunla yakaladığın şeyi ye.'\" Dedi ki: \"Sonra ben dedim ki: 'Gerçekten biz bir topluluğuz ki seyahat ederiz. Yahudilere, Hristiyanlara ve Zerdüştlere rastlıyoruz ve onların dışında kaplar bulamıyoruz.' O da dedi ki: 'Eğer onlardan başka bir şey bulamazsan, o zaman onları su ile yıka, sonra onlardan ye ve iç.'\""
      }
    },
    {
      "id": 2,
      "idInBook": 2,
      "chapterId": 18,
      "bookId": 5,
      "arabic": "حَدَّثَنَا مَحْمُودُ بْنُ غَيْلاَنَ، حَدَّثَنَا قَبِيصَةُ، عَنْ سُفْيَانَ، عَنْ مَنْصُورٍ، عَنْ إِبْرَاهِيمَ، عَنْ هَمَّامِ بْنِ الْحَارِثِ، عَنْ عَدِيِّ بْنِ حَاتِمٍ، قَالَ قُلْتُ يَا رَسُولَ اللَّهِ إِنَّا نُرْسِلُ كِلاَبًا لَنَا مُعَلَّمَةً ‏.‏ قَالَ ‏\"‏ كُلْ مَا أَمْسَكْنَ عَلَيْكَ ‏\"‏ ‏.‏ قُلْتُ يَا رَسُولَ اللَّهِ وَإِنْ قَتَلْنَ قَالَ ‏\"‏ وَإِنْ قَتَلْنَ مَا لَمْ يَشْرَكْهَا كَلْبٌ غَيْرُهَا ‏\"‏ ‏.‏ قَالَ قُلْتُ يَا رَسُولَ اللَّهِ إِنَّا نَرْمِي بِالْمِعْرَاضِ ‏.‏ قَالَ ‏\"‏ مَا خَزَقَ فَكُلْ وَمَا أَصَابَ بِعَرْضِهِ فَلاَ تَأْكُلْ ‏\"‏ ‏.‏",
      "english": {
        "narrator": "Narrated 'Adi bin Hatim:",
        "text": "\"I said: 'O Messenger of Allah! We send our trained dogs to catch game for us.' He said: 'Eat what it catches for you.' I said: 'O Messenger of Allah, and if they kill it?' He said: 'Even if they kill it, as long as they are not accompanied by some other dogs besides them.'\" He said: \"I said: 'O Messenger of Allah! We hunt with the Mir'ad.' He said: 'Eat of the game what the Mir'ad pierces, but whatever is struck by its broad side, then do not eat it.'\""
      },
      "turkish": {
        "narrator": "Narrated 'Adi bin Hatim:",
        "text": "Adi bin Hatim'den rivayet edilmiştir: \"Ben dedim ki: 'Ey Allah'ın Resulü! Biz eğitilmiş köpeklerimizi av için gönderiyoruz.' O da dedi ki: 'Senin için yakaladığı şeyleri ye.' Ben dedim ki: 'Ey Allah'ın Resulü, peki ya eğer onu öldürürlerse?' O da dedi ki: 'Eğer başka köpeklerle birlikte değillerse, onu öldürseler bile ye.'\" Dedi ki: \"Ben dedim ki: 'Ey Allah'ın Resulü! Biz Mir'ad ile avlanıyoruz.' O da dedi ki: 'Mir'adın deldiği avdan ye, ama geniş tarafı ile vurulan şeyden yeme.'\""
      }
    },
    {
      "id": 3,
      "idInBook": 3,
      "chapterId": 18,
      "bookId": 5,
      "arabic": "حَدَّثَنَا مُحَمَّدُ بْنُ يَحْيَى، حَدَّثَنَا مُحَمَّدُ بْنُ يُوسُفَ، حَدَّثَنَا سُفْيَانُ، عَنْ مَنْصُورٍ، نَحْوَهُ إِلاَّ أَنَّهُ قَالَ وَسُئِلَ عَنِ الْمِعْرَاضِ، ‏.‏ قَالَ أَبُو عِيسَى هَذَا حَدِيثٌ حَسَنٌ صَحِيحٌ ‏.‏",
      "english": {
        "narrator": "(Another Chain) except that he said:",
        "text": "\"And he was asked about the Mir'ad.\""
      },
      "turkish": {
        "narrator": "(Another Chain) except that he said:",
        "text": "(Başka bir isnat) sadece şunu söyledi: \"Ve Mir'ad hakkında soruldu.\""
      }
    },
    {
      "id": 4,
      "idInBook": 4,
      "chapterId": 18,
      "bookId": 5,
      "arabic": "حَدَّثَنَا يُوسُفُ بْنُ عِيسَى، حَدَّثَنَا وَكِيعٌ، حَدَّثَنَا شَرِيكٌ، عَنِ الْحَجَّاجِ، عَنِ الْقَاسِمِ بْنِ أَبِي بَزَّةَ، عَنْ سُلَيْمَانَ الْيَشْكُرِيِّ، عَنْ جَابِرِ بْنِ عَبْدِ اللَّهِ، قَالَ نُهِينَا عَنْ صَيْدِ، كَلْبِ الْمَجُوسِ ‏.‏ قَالَ أَبُو عِيسَى هَذَا حَدِيثٌ غَرِيبٌ لاَ نَعْرِفُهُ إِلاَّ مِنْ هَذَا الْوَجْهِ ‏.‏ وَالْعَمَلُ عَلَى هَذَا عِنْدَ أَكْثَرِ أَهْلِ الْعِلْمِ لاَ يُرَخِّصُونَ فِي صَيْدِ كَلْبِ الْمَجُوسِ ‏.‏ وَالْقَاسِمُ بْنُ أَبِي بَزَّةَ هُوَ الْقَاسِمُ بْنُ نَافِعٍ الْمَكِّيُّ ‏.‏",
      "english": {
        "narrator": "Narrated Jabir bin 'Abdullah:",
        "text": "\"We have been forbidden from the game caught by a Zoroastrian's dog.\""
      },
      "turkish": {
        "narrator": "Narrated Jabir bin 'Abdullah:",
        "text": "Cabir bin Abdullah'dan rivayet edilmiştir: \"Zerdüşt köpeği tarafından yakalanan avdan bize yasaklandı.\""
      }
    },
    {
      "id": 5,
      "idInBook": 5,
      "chapterId": 18,
      "bookId": 5,
      "arabic": "حَدَّثَنَا نَصْرُ بْنُ عَلِيٍّ، وَهَنَّادٌ، وَأَبُو عَمَّارٍ قَالُوا حَدَّثَنَا عِيسَى بْنُ يُونُسَ، عَنْ مُجَالِدٍ، عَنِ الشَّعْبِيِّ، عَنْ عَدِيِّ بْنِ حَاتِمٍ، قَالَ سَأَلْتُ رَسُولَ اللَّهِ صلى الله عليه وسلم عَنْ صَيْدِ الْبَازِي فَقَالَ ‏\"‏ مَا أَمْسَكَ عَلَيْكَ فَكُلْ ‏\"‏ ‏.‏ قَالَ أَبُو عِيسَى هَذَا حَدِيثٌ لاَ نَعْرِفُهُ إِلاَّ مِنْ حَدِيثِ مُجَالِدٍ عَنِ الشَّعْبِيِّ ‏.‏ وَالْعَمَلُ عَلَى هَذَا عِنْدَ أَهْلِ الْعِلْمِ لاَ يَرَوْنَ بِصَيْدِ الْبُزَاةِ وَالصُّقُورِ بَأْسًا ‏.‏ وَقَالَ مُجَاهِدٌ الْبُزَاةُ هُوَ الطَّيْرُ الَّذِي يُصَادُ بِهِ مِنَ الْجَوَارِحِ الَّتِي قَالَ اللَّهُ تَعَالَى‏:‏ ‏(‏وَمَا عَلَّمْتُمْ مِنَ الْجَوَارِحِ ‏)‏ فَسَّرَ الْكِلاَبَ وَالطَّيْرَ الَّذِي يُصَادُ بِهِ ‏.‏ وَقَدْ رَخَّصَ بَعْضُ أَهْلِ الْعِلْمِ فِي صَيْدِ الْبَازِي وَإِنْ أَكَلَ مِنْهُ وَقَالُوا إِنَّمَا تَعْلِيمُهُ إِجَابَتُهُ ‏.‏ وَكَرِهَهُ بَعْضُهُمْ وَالْفُقَهَاءُ أَكْثَرُهُمْ قَالُوا يَأْكُلُ وَإِنْ أَكَلَ مِنْهُ ‏.‏",
      "english": {
        "narrator": "Narrated 'Adi bin Hatim:",
        "text": "\"I asked the Messenger of Allah (ﷺ) about the game caught by a falcon. So he said: 'What it catches for you, then eat it.'\""
      },
      "turkish": {
        "narrator": "Narrated 'Adi bin Hatim:",
        "text": "Adi bin Hatim'den rivayet edilmiştir: \"Ben Allah'ın Resulü'ne (ﷺ) şahin tarafından yakalanan av hakkında sordum. O da dedi ki: 'Senin için yakaladığı şeyleri ye.'\""
      }
    },
    {
      "id": 6,
      "idInBook": 6,
      "chapterId": 18,
      "bookId": 5,
      "arabic": "حَدَّثَنَا مَحْمُودُ بْنُ غَيْلاَنَ، حَدَّثَنَا أَبُو دَاوُدَ، أَخْبَرَنَا شُعْبَةُ، عَنْ أَبِي بِشْرٍ، قَالَ سَمِعْتُ سَعِيدَ بْنَ جُبَيْرٍ، يُحَدِّثُ عَنْ عَدِيِّ بْنِ حَاتِمٍ، قَالَ قُلْتُ يَا رَسُولَ اللَّهِ أَرْمِي الصَّيْدَ فَأَجِدُ فِيهِ مِنَ الْغَدِ سَهْمِي قَالَ ‏\n\"‏ إِذَا عَلِمْتَ أَنَّ سَهْمَكَ قَتَلَهُ وَلَمْ تَرَ فِيهِ أَثَرَ سَبُعٍ فَكُلْ ‏\"‏ ‏.‏ قَالَ أَبُو عِيسَى هَذَا حَدِيثٌ حَسَنٌ صَحِيحٌ ‏.‏ وَالْعَمَلُ عَلَى هَذَا عِنْدَ أَهْلِ الْعِلْمِ ‏.‏ وَرَوَى شُعْبَةُ هَذَا الْحَدِيثَ عَنْ أَبِي بِشْرٍ وَعَبْدِ الْمَلِكِ بْنِ مَيْسَرَةَ عَنْ سَعِيدِ بْنِ جُبَيْرٍ عَنْ عَدِيِّ بْنِ حَاتِمٍ وَكِلاَ الْحَدِيثَيْنِ صَحِيحٌ ‏.‏ وَفِي الْبَابِ عَنْ أَبِي ثَعْلَبَةَ الْخُشَنِيِّ ‏.‏",
      "english": {
        "narrator": "Narrated 'Adi bin Hatim:",
        "text": "\"I said: 'O Messenger of Allah! I shoot some game and then find my arrow in it the next day.' He said: 'If you know that your arrow killed it, and you dont see any marks of predators, then eat it.'\""
      },
      "turkish": {
        "narrator": "Narrated 'Adi bin Hatim:",
        "text": "Adi bin Hatim'den rivayet edilmiştir: \"Ben dedim ki: 'Ey Allah'ın Resulü! Ben bazı avları vuruyorum ve ertesi gün okumu içinde buluyorum.' O da dedi ki: 'Eğer okunun onu öldürdüğünü biliyorsan ve yırtıcı hayvanların izlerini görmüyorsan, o zaman ye.'\""
      }
    },
    {
      "id": 7,
      "idInBook": 7,
      "chapterId": 18,
      "bookId": 5,
      "arabic": "حَدَّثَنَا أَحْمَدُ بْنُ مَنِيعٍ، حَدَّثَنَا عَبْدُ اللَّهِ بْنُ الْمُبَارَكِ، أَخْبَرَنِي عَاصِمٌ الأَحْوَلُ، عَنِ الشَّعْبِيِّ، عَنْ عَدِيِّ بْنِ حَاتِمٍ، قَالَ سَأَلْتُ رَسُولَ اللَّهِ صلى الله عليه وسلم عَنِ الصَّيْدِ فَقَالَ ‏\n\"‏ إِذَا رَمَيْتَ بِسَهْمِكَ فَاذْكُرِ اسْمَ اللَّهِ فَإِنْ وَجَدْتَهُ قَدْ قَتَلَ فَكُلْ إِلاَّ أَنْ تَجِدَهُ قَدْ وَقَعَ فِي مَاءٍ فَلاَ تَأْكُلْ فَإِنَّكَ لاَ تَدْرِي الْمَاءُ قَتَلَهُ أَوْ سَهْمُكَ ‏\"‏ ‏.‏ قَالَ أَبُو عِيسَى هَذَا حَدِيثٌ حَسَنٌ صَحِيحٌ ‏.‏",
      "english": {
        "narrator": "Narrated 'Adi bin Hatim:",
        "text": "\"I asked the Messenger of Allah (ﷺ) about hunting, so he said: 'Mention Allah's Name when you shoot your arrow. Then, if you find it dead, eat from it, unless you found that it has fallen in (some body of) water. Then do not eat it, for you do not know if the water killed it, or your arrow.'\""
      },
      "turkish": {
        "narrator": "Narrated 'Adi bin Hatim:",
        "text": "Adi bin Hatim'den rivayet edilmiştir: \"Ben Allah'ın Resulü'ne (ﷺ) avlanma hakkında sordum, o da dedi ki: 'Okunu attığında Allah'ın adını an. Sonra, eğer onu ölü bulursan, ondan ye, ancak suya düşmüşse, onu yeme, çünkü suyun onu öldürüp öldürmediğini ya da senin okunun onu öldürüp öldürmediğini bilemezsin.'\""
      }
    },
    {
      "id": 8,
      "idInBook": 8,
      "chapterId": 18,
      "bookId": 5,
      "arabic": "حَدَّثَنَا ابْنُ أَبِي عُمَرَ، حَدَّثَنَا سُفْيَانُ، عَنْ مُجَالِدٍ، عَنِ الشَّعْبِيِّ، عَنْ عَدِيِّ بْنِ حَاتِمٍ، قَالَ سَأَلْتُ رَسُولَ اللَّهِ صلى الله عليه وسلم عَنْ صَيْدِ الْكَلْبِ الْمُعَلَّمِ قَالَ ‏\"‏ إِذَا أَرْسَلْتَ كَلْبَكَ الْمُعَلَّمَ وَذَكَرْتَ اسْمَ اللَّهِ فَكُلْ مَا أَمْسَكَ عَلَيْكَ فَإِنْ أَكَلَ فَلاَ تَأْكُلْ فَإِنَّمَا أَمْسَكَ عَلَى نَفْسِهِ ‏\"‏ ‏.‏ قُلْتُ يَا رَسُولَ اللَّهِ أَرَأَيْتَ إِنْ خَالَطَتْ كِلاَبَنَا كِلاَبٌ أُخَرُ قَالَ ‏\"‏ إِنَّمَا ذَكَرْتَ اسْمَ اللَّهِ عَلَى كَلْبِكَ وَلَمْ تَذْكُرْ عَلَى غَيْرِهِ ‏\"‏ ‏.‏ قَالَ سُفْيَانُ أَكْرَهُ لَهُ أَكْلَهُ ‏.‏ قَالَ أَبُو عِيسَى وَالْعَمَلُ عَلَى هَذَا عِنْدَ بَعْضِ أَهْلِ الْعِلْمِ مِنْ أَصْحَابِ النَّبِيِّ صلى الله عليه وسلم وَغَيْرِهِمْ فِي الصَّيْدِ وَالذَّبِيحَةِ إِذَا وَقَعَا فِي الْمَاءِ أَنْ لاَ يَأْكُلَ ‏.‏ وَقَالَ بَعْضُهُمْ فِي الذَّبِيحَةِ إِذَا قُطِعَ الْحُلْقُومُ فَوَقَعَ فِي الْمَاءِ فَمَاتَ فِيهِ فَإِنَّهُ يُؤْكَلُ وَهُوَ قَوْلُ عَبْدِ اللَّهِ بْنِ الْمُبَارَكِ ‏.‏ وَقَدِ اخْتَلَفَ أَهْلُ الْعِلْمِ فِي الْكَلْبِ إِذَا أَكَلَ مِنَ الصَّيْدِ فَقَالَ أَكْثَرُ أَهْلِ الْعِلْمِ إِذَا أَكَلَ الْكَلْبُ مِنْهُ فَلاَ تَأْكُلْ ‏.‏ وَهُوَ قَوْلُ سُفْيَانَ وَعَبْدِ اللَّهِ بْنِ الْمُبَارَكِ وَالشَّافِعِيِّ وَأَحْمَدَ وَإِسْحَاقَ ‏.‏ وَقَدْ رَخَّصَ بَعْضُ أَهْلِ الْعِلْمِ مِنْ أَصْحَابِ النَّبِيِّ صلى الله عليه وسلم وَغَيْرِهِمْ فِي الأَكْلِ مِنْهُ وَإِنْ أَكَلَ الْكَلْبُ مِنْهُ ‏.‏",
      "english": {
        "narrator": "Narrated 'Adi bin Hatim:",
        "text": "\"I asked the Messenger of Allah (ﷺ) about the game caught by a trained dog. He said: 'If you mention the Name of Allah when you send your trained dog, then eat from what it catches for you. But if it eats from it, then do not eat it, for he only caught it for himself.' I said: 'O Messenger of Allah! What do you say about when our dogs get mixed with other dogs.' He said: 'You only mentioned the Name of Allah over your dog, you did not mention it over the others.'\"\nSufyan said: \"He disliked for him to eat it.\""
      },
      "turkish": {
        "narrator": "Narrated 'Adi bin Hatim:",
        "text": "Adi bin Hatim'den rivayet edilmiştir: \"Ben Allah'ın Resulü'ne (ﷺ) eğitilmiş köpek tarafından yakalanan av hakkında sordum. O da dedi ki: 'Eğitilmiş köpeğini gönderirken Allah'ın adını anarsan, onun yakaladığı şeylerden ye. Ama eğer o, ondan yerse, o zaman onu yeme, çünkü o sadece kendisi için yakaladı.' Ben dedim ki: 'Ey Allah'ın Resulü! Köpeklerimizin diğer köpeklerle karışması hakkında ne dersin?' O da dedi ki: 'Sen sadece kendi köpeğin üzerinde Allah'ın adını andın, diğerleri üzerinde anmadın.'\" Süfyan dedi ki: \"Onun bunu yemesini hoş karşılamadı.\""
      }
    },
    {
      "id": 9,
      "idInBook": 9,
      "chapterId": 18,
      "bookId": 5,
      "arabic": "حَدَّثَنَا يُوسُفُ بْنُ عِيسَى، حَدَّثَنَا وَكِيعٌ، حَدَّثَنَا زَكَرِيَّا، عَنِ الشَّعْبِيِّ، عَنْ عَدِيِّ بْنِ حَاتِمٍ، قَالَ سَأَلْتُ النَّبِيَّ صلى الله عليه وسلم عَنْ صَيْدِ الْمِعْرَاضِ فَقَالَ ‏\n\"‏ مَا أَصَبْتَ بِحَدِّهِ فَكُلْ وَمَا أَصَبْتَ بِعَرْضِهِ فَهُوَ وَقِيذٌ ‏\"‏ ‏.‏",
      "english": {
        "narrator": "Narrated 'Adi bin Hatim:",
        "text": "I asked the Prophet (ﷺ) about game killed by Mir'ad. So he said: 'What you kill by its sharp edge then eat it, and what you kill by its broad side then, it was killed by something blunt.'\""
      },
      "turkish": {
        "narrator": "Narrated 'Adi bin Hatim:",
        "text": "Adi bin Hatim'den rivayet edilmiştir: \"Ben Peygamber'e (ﷺ) Mir'ad ile öldürülen av hakkında sordum. O da dedi ki: 'Keskin kenarı ile öldürdüğün şeyden ye, geniş tarafı ile öldürdüğün şey ise, kör bir şeyle öldürülmüştür.'\""
      }
    },
    {
      "id": 10,
      "idInBook": 10,
      "chapterId": 18,
      "bookId": 5,
      "arabic": "حَدَّثَنَا ابْنُ أَبِي عُمَرَ، حَدَّثَنَا سُفْيَانُ، عَنْ زَكَرِيَّا، عَنِ الشَّعْبِيِّ، عَنْ عَدِيِّ بْنِ حَاتِمٍ، عَنِ النَّبِيِّ صلى الله عليه وسلم نَحْوَهُ ‏.‏ قَالَ أَبُو عِيسَى هَذَا حَدِيثٌ صَحِيحٌ ‏.‏ وَالْعَمَلُ عَلَيْهِ عِنْدَ أَهْلِ الْعِلْمِ ‏.‏",
      "english": {
        "narrator": "",
        "text": "Another chain with similar meaning."
      },
      "turkish": {
        "narrator": "",
        "text": "Benzer anlamda başka bir isnat."
      }
    },
    {
      "id": 11,
      "idInBook": 11,
      "chapterId": 18,
      "bookId": 5,
      "arabic": "حَدَّثَنَا مُحَمَّدُ بْنُ يَحْيَى الْقُطَعِيُّ، حَدَّثَنَا عَبْدُ الأَعْلَى، عَنْ سَعِيدٍ، عَنْ قَتَادَةَ، عَنِ الشَّعْبِيِّ، عَنْ جَابِرِ بْنِ عَبْدِ اللَّهِ، أَنَّ رَجُلاً، مِنْ قَوْمِهِ صَادَ أَرْنَبًا أَوِ اثْنَيْنِ فَذَبَحَهُمَا بِمَرْوَةٍ فَتَعَلَّقَهُمَا حَتَّى لَقِيَ رَسُولَ اللَّهِ صلى الله عليه وسلم فَسَأَلَهُ فَأَمَرَهُ بِأَكْلِهِمَا ‏.‏ قَالَ وَفِي الْبَابِ عَنْ مُحَمَّدِ بْنِ صَفْوَانَ وَرَافِعٍ وَعَدِيِّ بْنِ حَاتِمٍ ‏.‏ قَالَ أَبُو عِيسَى وَقَدْ رَخَّصَ بَعْضُ أَهْلِ الْعِلْمِ أَنْ يُذَكِّيَ بِمَرْوَةٍ وَلَمْ يَرَوْا بِأَكْلِ الأَرْنَبِ بَأْسًا وَهُوَ قَوْلُ أَكْثَرِ أَهْلِ الْعِلْمِ وَقَدْ كَرِهَ بَعْضُهُمْ أَكْلَ الأَرْنَبِ ‏.‏ وَقَدِ اخْتَلَفَ أَصْحَابُ الشَّعْبِيِّ فِي رِوَايَةِ هَذَا الْحَدِيثِ فَرَوَى دَاوُدُ بْنُ أَبِي هِنْدٍ عَنِ الشَّعْبِيِّ عَنْ مُحَمَّدِ بْنِ صَفْوَانَ ‏.‏ وَرَوَى عَاصِمٌ الأَحْوَلُ عَنِ الشَّعْبِيِّ عَنْ صَفْوَانَ بْنِ مُحَمَّدٍ أَوْ مُحَمَّدِ بْنِ صَفْوَانَ ‏.‏ وَمُحَمَّدُ بْنُ صَفْوَانَ أَصَحُّ ‏.‏ وَرَوَى جَابِرٌ الْجُعْفِيُّ عَنِ الشَّعْبِيِّ عَنْ جَابِرِ بْنِ عَبْدِ اللَّهِ نَحْوَ حَدِيثِ قَتَادَةَ عَنِ الشَّعْبِيِّ وَيُحْتَمَلُ أَنَّ رِوَايَةَ الشَّعْبِيِّ عَنْهُمَا ‏.‏ قَالَ مُحَمَّدٌ حَدِيثُ الشَّعْبِيِّ عَنْ جَابِرٍ غَيْرُ مَحْفُوظٍ ‏.‏",
      "english": {
        "narrator": "Narrated Jabir bin 'Abdullah:",
        "text": "That a man from his people hunted a rabbit or two and slaughtered them with Marwah. Then he hung them up until he met the Messenger of Allah (ﷺ), so he asked him about that, and he (ﷺ) told him to eat them."
      },
      "turkish": {
        "narrator": "Narrated Jabir bin 'Abdullah:",
        "text": "Cabir bin Abdullah'dan rivayet edilmiştir: \"Kavminden bir adam bir veya iki tavşan avladı ve onları Marwah ile kesti. Sonra onları astı ve Allah'ın Resulü (ﷺ) ile karşılaştığında, ona bunu sordu ve o (ﷺ) ona onları yemesini söyledi.\""
      }
    },
    {
      "id": 12,
      "idInBook": 12,
      "chapterId": 18,
      "bookId": 5,
      "arabic": "حَدَّثَنَا أَبُو كُرَيْبٍ، حَدَّثَنَا عَبْدُ الرَّحِيمِ بْنُ سُلَيْمَانَ، عَنْ أَبِي أَيُّوبَ الأَفْرِيقِيِّ، عَنْ صَفْوَانَ بْنِ سُلَيْمٍ، عَنْ سَعِيدِ بْنِ الْمُسَيَّبِ، عَنْ أَبِي الدَّرْدَاءِ، قَالَ نَهَى رَسُولُ اللَّهِ صلى الله عليه وسلم عَنْ أَكْلِ الْمُجَثَّمَةِ وَهِيَ الَّتِي تُصْبَرُ بِالنَّبْلِ ‏.‏ قَالَ وَفِي الْبَابِ عَنْ عِرْبَاضِ بْنِ سَارِيَةَ وَأَنَسٍ وَابْنِ عُمَرَ وَابْنِ عَبَّاسٍ وَجَابِرٍ وَأَبِي هُرَيْرَةَ ‏.‏ قَالَ أَبُو عِيسَى حَدِيثُ أَبِي الدَّرْدَاءِ حَدِيثٌ غَرِيبٌ ‏.‏",
      "english": {
        "narrator": "Narrated Abu Ad-Darda':",
        "text": "\"The Messenger of Allah (ﷺ) prohibited eating the Mujath-thamah, and it is what is trapped and killed by arrows.\""
      },
      "turkish": {
        "narrator": "Narrated Abu Ad-Darda':",
        "text": "Ebu Derda'dan rivayet edilmiştir: \"Allah'ın Resulü (ﷺ) Mujath-thamah'ı yemeyi yasakladı, bu da oklarla yakalanıp öldürülen şeydir.\""
      }
    },
    {
      "id": 13,
      "idInBook": 13,
      "chapterId": 18,
      "bookId": 5,
      "arabic": "حَدَّثَنَا مُحَمَّدُ بْنُ يَحْيَى، وَغَيْرُ، وَاحِدٍ، قَالُوا حَدَّثَنَا أَبُو عَاصِمٍ، عَنْ وَهْبٍ أَبِي خَالِدٍ، قَالَ حَدَّثَتْنِي أُمُّ حَبِيبَةَ بِنْتُ الْعِرْبَاضِ، وَهُوَ ابْنُ سَارِيَةَ عَنْ أَبِيهَا، أَنَّ رَسُولَ اللَّهِ صلى الله عليه وسلم نَهَى يَوْمَ خَيْبَرَ عَنْ لُحُومِ كُلِّ ذِي نَابٍ مِنَ السَّبُعِ وَعَنْ كُلِّ ذِي مِخْلَبٍ مِنَ الطَّيْرِ وَعَنْ لُحُومِ الْحُمُرِ الأَهْلِيَّةِ وَعَنِ الْمُجَثَّمَةِ وَعَنِ الْخَلِيسَةِ وَأَنْ تُوطَأَ الْحَبَالَى حَتَّى يَضَعْنَ مَا فِي بُطُونِهِنَّ ‏.‏ قَالَ مُحَمَّدُ بْنُ يَحْيَى سُئِلَ أَبُو عَاصِمٍ عَنِ الْمُجَثَّمَةِ قَالَ أَنْ يُنْصَبَ الطَّيْرُ أَوِ الشَّىْءُ فَيُرْمَى ‏.‏ وَسُئِلَ عَنِ الْخَلِيسَةِ فَقَالَ الذِّئْبُ أَوِ السَّبُعُ يُدْرِكُهُ الرَّجُلُ فَيَأْخُذُهُ مِنْهُ فَيَمُوتُ فِي يَدِهِ قَبْلَ أَنْ يُذَكِّيَهَا ‏.‏",
      "english": {
        "narrator": "Narrated Umm Habibah bint Al-'Irbad:",
        "text": "From her father: \"On the day of Khaibar, the Messenger of Allah (ﷺ) prohibited eating the meat of every predator that has canine teeth, the meat of every bird that has talons, the meat of the domestic donkey, the Mujath-thamah, the Khalisah, and from having relations with a pregnant slave until she gives birth to what is in her womb.\"\nMuhammad bin Yahya said: \"Abu 'Asim was asked about Mujath-thamah and he said: \"To ensnare a bird or something and then shoot it.\" He was asked about Khalisah, so he said: \"(Prey) that a man finds with a wolf or a predator, then he takes it from him but it dies in his hand before it can be slaughtered.\""
      },
      "turkish": {
        "narrator": "Narrated Umm Habibah bint Al-'Irbad:",
        "text": "Ümmü Habibe bint el-Irbad'dan, babasından: \"Hayber günü, Allah'ın Resulü (ﷺ) köpek dişleri olan her yırtıcı hayvanın etini, pençeleri olan her kuşun etini, evcil eşeğin etini, Mujath-thamah'ı, Khalisah'ı yemeyi ve hamile bir cariye ile ilişkiye girmeyi, o doğum yapana kadar yasakladı.\" Muhammed bin Yahya dedi ki: \"Ebu 'Asim'e Mujath-thamah hakkında soruldu ve o dedi ki: 'Bir kuşu veya bir şeyi tuzağa düşürmek ve sonra onu vurmak.' Khalisah hakkında sorulduğunda, o da dedi ki: '(Av) bir adamın bir kurt veya yırtıcı ile bulduğu ve ondan aldığı, ama elinde kesilmeden önce öldüğü şeydir.'\""
      }
    },
    {
      "id": 14,
      "idInBook": 14,
      "chapterId": 18,
      "bookId": 5,
      "arabic": "حَدَّثَنَا مُحَمَّدُ بْنُ عَبْدِ الأَعْلَى، حَدَّثَنَا عَبْدُ الرَّزَّاقِ، عَنِ الثَّوْرِيِّ، عَنْ سِمَاكٍ، عَنْ عِكْرِمَةَ، عَنِ ابْنِ عَبَّاسٍ، قَالَ نَهَى رَسُولُ اللَّهِ صلى الله عليه وسلم أَنْ يُتَّخَذَ شَيْءٌ فِيهِ الرُّوحُ غَرَضًا ‏.‏ قَالَ أَبُو عِيسَى هَذَا حَدِيثٌ حَسَنٌ صَحِيحٌ ‏.‏ وَالْعَمَلُ عَلَيْهِ عِنْدَ أَهْلِ الْعِلْمِ ‏.‏",
      "english": {
        "narrator": "Narrated Ibn 'Abbas:",
        "text": "\"The Messenger of Allah (ﷺ) prohibited taking a living thing as a shooting target.\""
      },
      "turkish": {
        "narrator": "Narrated Ibn 'Abbas:",
        "text": "İbn Abbas'tan rivayet edilmiştir: \"Allah'ın Resulü (ﷺ) canlı bir şeyi hedef olarak almayı yasakladı.\""
      }
    },
    {
      "id": 15,
      "idInBook": 15,
      "chapterId": 18,
      "bookId": 5,
      "arabic": "حَدَّثَنَا مُحَمَّدُ بْنُ بَشَّارٍ، حَدَّثَنَا يَحْيَى بْنُ سَعِيدٍ، عَنْ مُجَالِدٍ، ح قَالَ وَحَدَّثَنَا سُفْيَانُ بْنُ وَكِيعٍ، حَدَّثَنَا حَفْصُ بْنُ غِيَاثٍ، عَنْ مُجَالِدٍ، عَنْ أَبِي الْوَدَّاكِ، عَنْ أَبِي سَعِيدٍ، عَنِ النَّبِيِّ صلى الله عليه وسلم قَالَ ‏\n\"‏ ذَكَاةُ الْجَنِينِ ذَكَاةُ أُمِّهِ ‏\"‏ ‏.‏ قَالَ وَفِي الْبَابِ عَنْ جَابِرٍ وَأَبِي أُمَامَةَ وَأَبِي الدَّرْدَاءِ وَأَبِي هُرَيْرَةَ ‏.‏ قَالَ أَبُو عِيسَى هَذَا حَدِيثٌ حَسَنٌ صَحِيحٌ وَقَدْ رُوِيَ مِنْ غَيْرِ هَذَا الْوَجْهِ عَنْ أَبِي سَعِيدٍ ‏.‏ وَالْعَمَلُ عَلَى هَذَا عِنْدَ أَهْلِ الْعِلْمِ مِنْ أَصْحَابِ النَّبِيِّ صلى الله عليه وسلم وَغَيْرِهِمْ وَهُوَ قَوْلُ سُفْيَانَ الثَّوْرِيِّ وَابْنِ الْمُبَارَكِ وَالشَّافِعِيِّ وَأَحْمَدَ وَإِسْحَاقَ ‏.‏ وَأَبُو الْوَدَّاكِ اسْمُهُ جَبْرُ بْنُ نَوْفٍ ‏.‏",
      "english": {
        "narrator": "Narrated Abu Sa'eed:",
        "text": "That the Prophet (ﷺ) said: \"Slaughtering the fetus is (achieved by) the slaughtering of its mother.\""
      },
      "turkish": {
        "narrator": "Narrated Abu Sa'eed:",
        "text": "Ebu Said'den rivayet edilmiştir: \"Peygamber (ﷺ) dedi ki: 'Fetüsün kesilmesi, annesinin kesilmesi ile gerçekleşir.'\""
      }
    },
    {
      "id": 16,
      "idInBook": 16,
      "chapterId": 18,
      "bookId": 5,
      "arabic": "حَدَّثَنَا أَحْمَدُ بْنُ الْحَسَنِ، حَدَّثَنَا عَبْدُ اللَّهِ بْنُ مَسْلَمَةَ، عَنْ مَالِكِ بْنِ أَنَسٍ، عَنِ ابْنِ شِهَابٍ، عَنْ أَبِي إِدْرِيسَ الْخَوْلاَنِيِّ، عَنْ أَبِي ثَعْلَبَةَ الْخُشَنِيِّ، قَالَ نَهَى رَسُولُ اللَّهِ صلى الله عليه وسلم عَنْ كُلِّ ذِي نَابٍ مِنَ السِّبَاعِ ‏.‏",
      "english": {
        "narrator": "Narrated Abu Tha'labah Al-Khushani:",
        "text": "\"The Messenger of Allah (ﷺ) prohibited (eating) every predator possessing canine teeth.\""
      },
      "turkish": {
        "narrator": "Narrated Abu Tha'labah Al-Khushani:",
        "text": "Ebu Tha'labah Al-Khushani'den rivayet edilmiştir: \"Allah'ın Resulü (ﷺ) köpek dişlerine sahip olan her yırtıcıyı (yemeyi) yasakladı.\""
      }
    },
    {
      "id": 17,
      "idInBook": 17,
      "chapterId": 18,
      "bookId": 5,
      "arabic": "حَدَّثَنَا سَعِيدُ بْنُ عَبْدِ الرَّحْمَنِ الْمَخْزُومِيُّ، وَغَيْرُ، وَاحِدٍ، قَالُوا حَدَّثَنَا سُفْيَانُ بْنُ عُيَيْنَةَ، عَنِ الزُّهْرِيِّ، عَنْ أَبِي إِدْرِيسَ الْخَوْلاَنِيِّ، نَحْوَهُ ‏.‏ قَالَ أَبُو عِيسَى هَذَا حَدِيثٌ حَسَنٌ صَحِيحٌ ‏.‏ وَأَبُو إِدْرِيسَ الْخَوْلاَنِيُّ اسْمُهُ عَائِذُ اللَّهِ بْنُ عَبْدِ اللَّهِ ‏.‏",
      "english": {
        "narrator": "",
        "text": "Another chain with similar meaning."
      },
      "turkish": {
        "narrator": "",
        "text": "Benzer anlamda başka bir isnad."
      }
    },
    {
      "id": 18,
      "idInBook": 18,
      "chapterId": 18,
      "bookId": 5,
      "arabic": "حَدَّثَنَا مَحْمُودُ بْنُ غَيْلاَنَ، حَدَّثَنَا أَبُو النَّضْرِ، هَاشِمُ بْنُ الْقَاسِمِ حَدَّثَنَا عِكْرِمَةُ بْنُ عَمَّارٍ، عَنْ يَحْيَى بْنِ أَبِي كَثِيرٍ، عَنْ أَبِي سَلَمَةَ، عَنْ جَابِرٍ، قَالَ حَرَّمَ رَسُولُ اللَّهِ صلى الله عليه وسلم - يَعْنِي يَوْمَ خَيْبَرَ - الْحُمُرَ الإِنْسِيَّةَ وَلُحُومَ الْبِغَالِ وَكُلَّ ذِي نَابٍ مِنَ السِّبَاعِ وَذِي مِخْلَبٍ مِنَ الطَّيْرِ ‏.‏ قَالَ وَفِي الْبَابِ عَنْ أَبِي هُرَيْرَةَ وَعِرْبَاضِ بْنِ سَارِيَةَ وَابْنِ عَبَّاسٍ ‏.‏ قَالَ أَبُو عِيسَى حَدِيثُ جَابِرٍ حَدِيثٌ حَسَنٌ غَرِيبٌ ‏.‏",
      "english": {
        "narrator": "Narrated Jabir:",
        "text": "\"On the Day of Khaibar, the Messenger of Allah (ﷺ) prohibited eating domesticated donkeys, the meat of mules, every predator that possesses canine teeth, and every bird that possesses talons.\""
      },
      "turkish": {
        "narrator": "Narrated Jabir:",
        "text": "Cabir'den rivayet edilmiştir: \"Hayber Günü, Allah'ın Resulü (ﷺ) evcil eşeklerin, katır etinin, köpek dişlerine sahip olan her yırtıcının ve pençeleri olan her kuşun yenmesini yasakladı.\""
      }
    },
    {
      "id": 19,
      "idInBook": 19,
      "chapterId": 18,
      "bookId": 5,
      "arabic": "حَدَّثَنَا قُتَيْبَةُ، حَدَّثَنَا عَبْدُ الْعَزِيزِ بْنُ مُحَمَّدٍ، عَنْ مُحَمَّدِ بْنِ عَمْرٍو، عَنْ أَبِي سَلَمَةَ، عَنْ أَبِي هُرَيْرَةَ، أَنَّ رَسُولَ اللَّهِ صلى الله عليه وسلم حَرَّمَ كُلَّ ذِي نَابٍ مِنَ السِّبَاعِ ‏.‏ قَالَ أَبُو عِيسَى هَذَا حَدِيثٌ حَسَنٌ ‏.‏ وَالْعَمَلُ عَلَى هَذَا عِنْدَ أَكْثَرِ أَهْلِ الْعِلْمِ مِنْ أَصْحَابِ النَّبِيِّ صلى الله عليه وسلم وَغَيْرِهِمْ وَهُوَ قَوْلُ عَبْدِ اللَّهِ بْنِ الْمُبَارَكِ وَالشَّافِعِيِّ وَأَحْمَدَ وَإِسْحَاقَ ‏.‏",
      "english": {
        "narrator": "Narrated Abu Hurairah:",
        "text": "\"The Prophet (ﷺ) prohibited every predator that possesses canine teeth.\""
      },
      "turkish": {
        "narrator": "Narrated Abu Hurairah:",
        "text": "Ebu Hureyre'den rivayet edilmiştir: \"Peygamber (ﷺ) köpek dişlerine sahip olan her yırtıcıyı yasakladı.\""
      }
    },
    {
      "id": 20,
      "idInBook": 20,
      "chapterId": 18,
      "bookId": 5,
      "arabic": "حَدَّثَنَا مُحَمَّدُ بْنُ عَبْدِ الأَعْلَى الصَّنْعَانِيُّ، حَدَّثَنَا سَلَمَةُ بْنُ رَجَاءٍ، قَالَ حَدَّثَنَا عَبْدُ الرَّحْمَنِ بْنُ عَبْدِ اللَّهِ بْنِ دِينَارٍ، عَنْ زَيْدِ بْنِ أَسْلَمَ، عَنْ عَطَاءِ بْنِ يَسَارٍ، عَنْ أَبِي وَاقِدٍ اللَّيْثِيِّ، قَالَ قَدِمَ النَّبِيُّ صلى الله عليه وسلم الْمَدِينَةَ وَهُمْ يَجُبُّونَ أَسْنِمَةَ الإِبِلِ وَيَقْطَعُونَ أَلْيَاتِ الْغَنَمِ قَالَ ‏\n\"‏ مَا قُطِعَ مِنَ الْبَهِيمَةِ وَهِيَ حَيَّةٌ فَهُوَ مَيْتَةٌ ‏\"‏ ‏.‏",
      "english": {
        "narrator": "Narrated Abu Waqid Al-Laithi:",
        "text": "\"The Prophet (ﷺ) came to Al-Madinah and they were in the habit of cutting the humps off of the camels and cutting the buttocks from the sheep. He said: 'Whatever is cut from an animal while it is alive, then it is dead flesh.'\""
      },
      "turkish": {
        "narrator": "Narrated Abu Waqid Al-Laithi:",
        "text": "Ebu Vâkıd El-Leysi'den rivayet edilmiştir: \"Peygamber (ﷺ) Medine'ye geldiğinde, onların develerin hörgüçlerini kesme ve koyunların kıçlarını kesme alışkanlıkları vardı. O da şöyle dedi: 'Bir hayvandan canlıyken kesilen her şey, ölü etidir.'\""
      }
    },
    {
      "id": 21,
      "idInBook": 21,
      "chapterId": 18,
      "bookId": 5,
      "arabic": "حَدَّثَنَا إِبْرَاهِيمُ بْنُ يَعْقُوبَ الْجُوزَجَانِيُّ، حَدَّثَنَا أَبُو النَّضْرِ، عَنْ عَبْدِ الرَّحْمَنِ بْنِ عَبْدِ اللَّهِ بْنِ دِينَارٍ، نَحْوَهُ ‏.‏ قَالَ أَبُو عِيسَى وَهَذَا حَدِيثٌ حَسَنٌ غَرِيبٌ لاَ نَعْرِفُهُ إِلاَّ مِنْ حَدِيثِ زَيْدِ بْنِ أَسْلَمَ ‏.‏ وَالْعَمَلُ عَلَى هَذَا عِنْدَ أَهْلِ الْعِلْمِ ‏.‏ وَأَبُو وَاقِدٍ اللَّيْثِيُّ اسْمُهُ الْحَارِثُ بْنُ عَوْفٍ ‏.‏",
      "english": {
        "narrator": "",
        "text": "Another chain with similar meaning."
      },
      "turkish": {
        "narrator": "",
        "text": "Benzer anlamda başka bir isnad."
      }
    },
    {
      "id": 22,
      "idInBook": 22,
      "chapterId": 18,
      "bookId": 5,
      "arabic": "حَدَّثَنَا هَنَّادٌ، وَمُحَمَّدُ بْنُ الْعَلاَءِ، قَالَ حَدَّثَنَا وَكِيعٌ، عَنْ حَمَّادِ بْنِ سَلَمَةَ، ح وَقَالَ أَحْمَدُ بْنُ مَنِيعٍ حَدَّثَنَا يَزِيدُ بْنُ هَارُونَ، أَنْبَأَنَا حَمَّادُ بْنُ سَلَمَةَ، عَنْ أَبِي الْعُشَرَاءِ، عَنْ أَبِيهِ، قَالَ قُلْتُ يَا رَسُولَ اللَّهِ أَمَا تَكُونُ الذَّكَاةُ إِلاَّ فِي الْحَلْقِ وَاللَّبَّةِ قَالَ ‏\n\"‏ لَوْ طَعَنْتَ فِي فَخِذِهَا لأَجْزَأَ عَنْكَ ‏\"‏ ‏.‏ قَالَ أَحْمَدُ بْنُ مَنِيعٍ قَالَ يَزِيدُ بْنُ هَارُونَ هَذَا فِي الضَّرُورَةِ ‏.‏ قَالَ وَفِي الْبَابِ عَنْ رَافِعِ بْنِ خَدِيجٍ ‏.‏ قَالَ أَبُو عِيسَى هَذَا حَدِيثٌ غَرِيِبٌ لاَ نَعْرِفُهُ إِلاَّ مِنْ حَدِيثِ حَمَّادِ بْنِ سَلَمَةَ ‏.‏ وَلاَ نَعْرِفُ لأَبِي الْعُشَرَاءِ عَنْ أَبِيهِ غَيْرَ هَذَا الْحَدِيثِ وَاخْتَلَفُوا فِي اسْمِ أَبِي الْعُشَرَاءِ فَقَالَ بَعْضُهُمُ اسْمُهُ أُسَامَةُ بْنُ قِهْطِمٍ وَيُقَالُ اسْمُهُ يَسَارُ بْنُ بَرْزٍ وَيُقَالُ ابْنُ بَلْزٍ وَيُقَالُ اسْمُهُ عُطَارِدٌ نُسِبَ إِلَى جَدِّهِ ‏.‏",
      "english": {
        "narrator": "Narrated Abu Al-'Ushara':",
        "text": "From his father that he said: \"I said: 'O Messenger of Allah! Is there no slaughtering except upon the neck and the throat ?' He said: 'If you stab its thigh it would be accepted to you.'\""
      },
      "turkish": {
        "narrator": "Narrated Abu Al-'Ushara':",
        "text": "Ebu El-'Uşara'dan rivayet edilmiştir: Babasından, şöyle dediğini: \"Ben dedim: 'Ey Allah'ın Resulü! Boyun ve gırtlak dışında kesim yok mu?' O da: 'Eğer uyluğuna bıçak saplarsan, bu da senin için kabul edilir.'\""
      }
    },
    {
      "id": 23,
      "idInBook": 23,
      "chapterId": 18,
      "bookId": 5,
      "arabic": "حَدَّثَنَا أَبُو كُرَيْبٍ، حَدَّثَنَا وَكِيعٌ، عَنْ سُفْيَانَ، عَنْ سُهَيْلِ بْنِ أَبِي صَالِحٍ، عَنْ أَبِيهِ، عَنْ أَبِي هُرَيْرَةَ، أَنَّ رَسُولَ اللَّهِ صلى الله عليه وسلم قَالَ ‏\n\"‏ مَنْ قَتَلَ وَزَغَةً بِالضَّرْبَةِ الأُولَى كَانَ لَهُ كَذَا وَكَذَا حَسَنَةً فَإِنْ قَتَلَهَا فِي الضَّرْبَةِ الثَّانِيَةِ كَانَ لَهُ كَذَا وَكَذَا حَسَنَةً فَإِنْ قَتَلَهَا فِي الضَّرْبَةِ الثَّالِثَةِ كَانَ لَهُ كَذَا وَكَذَا حَسَنَةً ‏\"‏ ‏.‏ قَالَ وَفِي الْبَابِ عَنِ ابْنِ مَسْعُودٍ وَسَعْدٍ وَعَائِشَةَ وَأُمِّ شَرِيكٍ ‏.‏ قَالَ أَبُو عِيسَى حَدِيثُ أَبِي هُرَيْرَةَ حَدِيثٌ حَسَنٌ صَحِيحٌ ‏.‏",
      "english": {
        "narrator": "Narrated Abu Hurairah:",
        "text": "That the Messenger of Allah (ﷺ) said: \"Whoever kills a gecko in one strike, he has such and such reward, and if he kills it on the second strike, he will have such and such reward, and if he kills it on the third strike, then he has such and such reward.\""
      },
      "turkish": {
        "narrator": "Narrated Abu Hurairah:",
        "text": "Ebu Hureyre'den rivayet edilmiştir: Allah'ın Resulü (ﷺ) şöyle dedi: \"Kim bir kertenkeleyi bir darbede öldürürse, ona şu kadar sevap vardır; eğer ikinci darbede öldürürse, ona bu kadar sevap vardır; eğer üçüncü darbede öldürürse, o zaman ona bu kadar sevap vardır.\""
      }
    },
    {
      "id": 24,
      "idInBook": 24,
      "chapterId": 18,
      "bookId": 5,
      "arabic": "حَدَّثَنَا قُتَيْبَةُ، حَدَّثَنَا اللَّيْثُ، عَنِ ابْنِ شِهَابٍ، عَنْ سَالِمِ بْنِ عَبْدِ اللَّهِ، عَنْ أَبِيهِ، قَالَ قَالَ رَسُولُ اللَّهِ صلى الله عليه وسلم ‏\n\"‏ اقْتُلُوا الْحَيَّاتِ وَاقْتُلُوا ذَا الطُّفْيَتَيْنِ وَالأَبْتَرَ فَإِنَّهُمَا يَلْتَمِسَانِ الْبَصَرَ وَيُسْقِطَانِ الْحَبَلَ ‏\"‏ ‏.‏ قَالَ وَفِي الْبَابِ عَنِ ابْنِ مَسْعُودٍ وَعَائِشَةَ وَأَبِي هُرَيْرَةَ وَسَهْلِ بْنِ سَعْدٍ ‏.‏ قَالَ أَبُو عِيسَى هَذَا حَدِيثٌ حَسَنٌ صَحِيحٌ ‏.‏ وَقَدْ رُوِيَ عَنِ ابْنِ عُمَرَ عَنْ أَبِي لُبَابَةَ أَنَّ النَّبِيَّ صلى الله عليه وسلم نَهَى بَعْدَ ذَلِكَ عَنْ قَتْلِ حَيَّاتِ الْبُيُوتِ وَهِيَ الْعَوَامِرُ وَيُرْوَى عَنِ ابْنِ عُمَرَ عَنْ زَيْدِ بْنِ الْخَطَّابِ أَيْضًا ‏.‏ وَقَالَ عَبْدُ اللَّهِ بْنُ الْمُبَارَكِ إِنَّمَا يُكْرَهُ مِنْ قَتْلِ الْحَيَّاتِ قَتْلُ الْحَيَّةِ الَّتِي تَكُونُ دَقِيقَةً كَأَنَّهَا فِضَّةٌ وَلاَ تَلْتَوِي فِي مِشْيَتِهَا ‏.‏",
      "english": {
        "narrator": "Narrated Ibn 'Umar:",
        "text": "That the Messenger of Allah (ﷺ) said: \"Kill snakes and kill Dhut-Tufyatain and Al-Abtar, because they blind the sight and cause abortions of fetuses.\""
      },
      "turkish": {
        "narrator": "Narrated Ibn 'Umar:",
        "text": "İbn Ömer'den rivayet edilmiştir: Allah'ın Resulü (ﷺ) şöyle dedi: \"Yılanları öldürün ve Dhut-Tufyatain ile Al-Abtar'ı öldürün, çünkü bunlar görmeyi kör eder ve ceninlerin düşmesine sebep olur.\""
      }
    },
    {
      "id": 25,
      "idInBook": 25,
      "chapterId": 18,
      "bookId": 5,
      "arabic": "حَدَّثَنَا هَنَّادٌ، حَدَّثَنَا عَبْدَةُ، عَنْ عُبَيْدِ اللَّهِ بْنِ عُمَرَ، عَنْ صَيْفِيٍّ، عَنْ أَبِي سَعِيدٍ الْخُدْرِيِّ، قَالَ قَالَ رَسُولُ اللَّهِ صلى الله عليه وسلم ‏\n\"‏ إِنَّ لِبُيُوتِكُمْ عُمَّارًا فَحَرِّجُوا عَلَيْهِنَّ ثَلاَثًا فَإِنْ بَدَا لَكُمْ بَعْدَ ذَلِكَ مِنْهُنَّ شَيْءٌ فَاقْتُلُوهُ ‏\"‏ ‏.‏ قَالَ أَبُو عِيسَى هَكَذَا رَوَى عُبَيْدُ اللَّهِ بْنُ عُمَرَ هَذَا الْحَدِيثَ عَنْ صَيْفِيٍّ عَنْ أَبِي سَعِيدٍ الْخُدْرِيِّ ‏.‏",
      "english": {
        "narrator": "Narrated Abu Sa'eed Al-Khudri:",
        "text": "That the Messenger of Allah (ﷺ) said: \"Indeed there are others inhabiting your homes. So yell at them three times (to leave). If you see any of them after that, then kill them.\""
      },
      "turkish": {
        "narrator": "Narrated Abu Sa'eed Al-Khudri:",
        "text": "Ebu Said El-Hudri'den rivayet edilmiştir: Allah'ın Resulü (ﷺ) şöyle dedi: \"Gerçekten evlerinizde başka varlıklar vardır. Onlara üç kez bağırın (çıkmaları için). Eğer onlardan herhangi birini daha sonra görürseniz, o zaman öldürün.\""
      }
    },
    {
      "id": 26,
      "idInBook": 26,
      "chapterId": 18,
      "bookId": 5,
      "arabic": "وَرَوَى مَالِكُ بْنُ أَنَسٍ، هَذَا الْحَدِيثَ عَنْ صَيْفِيٍّ، عَنْ أَبِي السَّائِبِ، مَوْلَى هِشَامِ بْنِ زُهْرَةَ عَنْ أَبِي سَعِيدٍ، عَنِ النَّبِيِّ صلى الله عليه وسلم وَفِي الْحَدِيثِ قِصَّةٌ ‏.‏ حَدَّثَنَا بِذَلِكَ الأَنْصَارِيُّ حَدَّثَنَا مَعْنٌ حَدَّثَنَا مَالِكٌ ‏.‏ وَهَذَا أَصَحُّ مِنْ حَدِيثِ عُبَيْدِ اللَّهِ بْنِ عُمَرَ وَرَوَى مُحَمَّدُ بْنُ عَجْلاَنَ عَنْ صَيْفِيٍّ نَحْوَ رِوَايَةِ مَالِكٍ ‏.‏",
      "english": {
        "narrator": "",
        "text": "Malik bin Anas reported this Hadith from Saifi from Abu As-Sa'ib the freed slave of Hisham bin Zuhrah, from Abu Sa'eed from the Prophet (ﷺ), and there is a story along with the Hadith.\n\nAnother Chain similar to the narration of Malik"
      },
      "turkish": {
        "narrator": "",
        "text": "Malik bin Enes, bu hadisi Saifi'den, Hişam bin Zuhrah'ın azatlısı Ebu Sa'ib'den, Ebu Said'den, Peygamber (ﷺ) üzerinden rivayet etmiştir ve hadisin yanında bir hikaye vardır."
      }
    },
    {
      "id": 27,
      "idInBook": 27,
      "chapterId": 18,
      "bookId": 5,
      "arabic": "حَدَّثَنَا هَنَّادٌ، حَدَّثَنَا ابْنُ أَبِي زَائِدَةَ، حَدَّثَنَا ابْنُ أَبِي لَيْلَى، عَنْ ثَابِتٍ الْبُنَانِيِّ، عَنْ عَبْدِ الرَّحْمَنِ بْنِ أَبِي لَيْلَى، قَالَ قَالَ أَبُو لَيْلَى قَالَ رَسُولُ اللَّهِ صلى الله عليه وسلم ‏\n\"‏ إِذَا ظَهَرَتِ الْحَيَّةُ فِي الْمَسْكَنِ فَقُولُوا لَهَا إِنَّا نَسْأَلُكِ بِعَهْدِ نُوحٍ وَبِعَهْدِ سُلَيْمَانَ بْنِ دَاوُدَ أَنْ لاَ تُؤْذِينَا فَإِنْ عَادَتْ فَاقْتُلُوهَا ‏\"‏ ‏.‏ قَالَ أَبُو عِيسَى هَذَا حَدِيثٌ حَسَنٌ غَرِيبٌ لاَ نَعْرِفُهُ مِنْ حَدِيثِ ثَابِتٍ الْبُنَانِيِّ إِلاَّ مِنْ هَذَا الْوَجْهِ مِنْ حَدِيثِ ابْنِ أَبِي لَيْلَى ‏.‏",
      "english": {
        "narrator": "Narrated Abu Laila:",
        "text": "That the Messenger of Allah (ﷺ) said: \"When a snake appears in your dwellings then say to it: We ask you - by covenant of Nuh, and by the covenant of Sulaiman bin Dawud - that you do not harm us.' If it returns, then kill it.\""
      },
      "turkish": {
        "narrator": "Narrated Abu Laila:",
        "text": "Malik'in rivayetine benzer başka bir isnad."
      }
    },
    {
      "id": 28,
      "idInBook": 28,
      "chapterId": 18,
      "bookId": 5,
      "arabic": "حَدَّثَنَا أَحْمَدُ بْنُ مَنِيعٍ، حَدَّثَنَا هُشَيْمٌ، أَخْبَرَنَا مَنْصُورُ بْنُ زَاذَانَ، وَيُونُسُ بْنُ عُبَيْدٍ، عَنِ الْحَسَنِ، عَنْ عَبْدِ اللَّهِ بْنِ مُغَفَّلٍ، قَالَ قَالَ رَسُولُ اللَّهِ صلى الله عليه وسلم ‏\"‏ لَوْلاَ أَنَّ الْكِلاَبَ أُمَّةٌ مِنَ الأُمَمِ لأَمَرْتُ بِقَتْلِهَا كُلِّهَا فَاقْتُلُوا مِنْهَا كُلَّ أَسْوَدَ بَهِيمٍ ‏\"‏ ‏.‏ قَالَ وَفِي الْبَابِ عَنِ ابْنِ عُمَرَ وَجَابِرٍ وَأَبِي رَافِعٍ وَأَبِي أَيُّوبَ ‏.‏ قَالَ أَبُو عِيسَى حَدِيثُ عَبْدِ اللَّهِ بْنِ مُغَفَّلٍ حَدِيثٌ حَسَنٌ صَحِيحٌ ‏.‏ وَيُرْوَى فِي بَعْضِ الْحَدِيثِ ‏\"‏ أَنَّ الْكَلْبَ الأَسْوَدَ الْبَهِيمَ شَيْطَانٌ ‏\"‏ ‏.‏ وَالْكَلْبُ الأَسْوَدُ الْبَهِيمُ الَّذِي لاَ يَكُونُ فِيهِ شَيْءٌ مِنَ الْبَيَاضِ ‏.‏ وَقَدْ كَرِهَ بَعْضُ أَهْلِ الْعِلْمِ صَيْدَ الْكَلْبِ الأَسْوَدِ الْبَهِيمِ ‏.‏",
      "english": {
        "narrator": "Narrated 'Abdullah bin Mughaffal:",
        "text": "That the Messenger of Allah (ﷺ) said: \"If it were not that dogs were part of a nation among the nations, then I would order to that all of them be killed. So kill every one of them that is all black.\""
      },
      "turkish": {
        "narrator": "Narrated 'Abdullah bin Mughaffal:",
        "text": "Ebu Leyla'dan rivayet edilmiştir: Allah'ın Resulü (ﷺ) şöyle dedi: \"Bir yılan evlerinizde belirdiğinde ona de ki: 'Sana Nuh'un ahdiyle ve Davud'un oğlu Süleyman'ın ahdiyle, bize zarar vermemen için dua ediyoruz.' Eğer geri dönerse, o zaman öldür.\""
      }
    },
    {
      "id": 29,
      "idInBook": 29,
      "chapterId": 18,
      "bookId": 5,
      "arabic": "حَدَّثَنَا أَحْمَدُ بْنُ مَنِيعٍ، حَدَّثَنَا إِسْمَاعِيلُ بْنُ إِبْرَاهِيمَ، عَنْ أَيُّوبَ، عَنْ نَافِعٍ، عَنِ ابْنِ عُمَرَ، قَالَ قَالَ رَسُولُ اللَّهِ صلى الله عليه وسلم ‏\"‏ مَنِ اقْتَنَى كَلْبًا لَيْسَ بِضَارٍ وَلاَ كَلْبَ مَاشِيَةٍ نَقَصَ مِنْ أَجْرِهِ كُلَّ يَوْمٍ قِيرَاطَانِ ‏\"‏ ‏.‏ قَالَ وَفِي الْبَابِ عَنْ عَبْدِ اللَّهِ بْنِ مُغَفَّلٍ وَأَبِي هُرَيْرَةَ وَسُفْيَانَ بْنِ أَبِي زُهَيْرٍ ‏.‏ قَالَ أَبُو عِيسَى حَدِيثُ ابْنِ عُمَرَ حَدِيثٌ حَسَنٌ صَحِيحٌ ‏.‏ وَقَدْ رُوِيَ عَنِ النَّبِيِّ صلى الله عليه وسلم أَنَّهُ قَالَ ‏\"‏ أَوْ كَلْبَ زَرْعٍ ‏\"‏ ‏.‏",
      "english": {
        "narrator": "Narrated Ibn 'Umar:",
        "text": "That the Messenger of Allah (ﷺ) said: \"Whoever keeps a dog\" - or: \"acquires a dog\" - \"neither of hunting nor to guard livestock, then two Qirat are deducted from his reward, daily.\""
      },
      "turkish": {
        "narrator": "Narrated Ibn 'Umar:",
        "text": "Abdullah bin Mughaffal'den rivayet edilmiştir: Allah'ın Resulü (ﷺ) şöyle dedi: \"Eğer köpekler, milletlerden bir milletin parçası olmasaydı, hepsinin öldürülmesini emrederdim. O yüzden tamamen siyah olan her birini öldürün.\""
      }
    },
    {
      "id": 30,
      "idInBook": 30,
      "chapterId": 18,
      "bookId": 5,
      "arabic": "حَدَّثَنَا قُتَيْبَةُ، حَدَّثَنَا حَمَّادُ بْنُ زَيْدٍ، عَنْ عَمْرِو بْنِ دِينَارٍ، عَنِ ابْنِ عُمَرَ، أَنَّ رَسُولَ اللَّهِ صلى الله عليه وسلم أَمَرَ بِقَتْلِ الْكِلاَبِ إِلاَّ كَلْبَ صَيْدٍ أَوْ كَلْبَ مَاشِيَةٍ ‏.‏ قَالَ قِيلَ لَهُ إِنَّ أَبَا هُرَيْرَةَ كَانَ يَقُولُ أَوْ كَلْبَ زَرْعٍ ‏.‏ فَقَالَ إِنَّ أَبَا هُرَيْرَةَ لَهُ زَرْعٌ ‏.‏ قَالَ أَبُو عِيسَى هَذَا حَدِيثٌ حَسَنٌ صَحِيحٌ ‏.‏",
      "english": {
        "narrator": "Narrated Ibn 'Umar:",
        "text": "\"The Messenger of Allah (ﷺ) ordered killing dogs, except for the hunting dog, or the dog that guards livestock.\" It was said to him: \"Abu Hurairah would say: 'or a farm dog' so he (Ibn 'Umar) said: \"Abu Hurairah had a farm.\""
      },
      "turkish": {
        "narrator": "Narrated Ibn 'Umar:",
        "text": "İbn Ömer'den rivayet edilmiştir: Allah'ın Resulü (ﷺ) şöyle dedi: \"Kim bir köpek besler\" - ya da: \"bir köpek edinirse\" - \"ne av için ne de hayvanları korumak için, o zaman her gün onun sevabından iki Kıraat eksilir.\""
      }
    },
    {
      "id": 31,
      "idInBook": 31,
      "chapterId": 18,
      "bookId": 5,
      "arabic": "حَدَّثَنَا عُبَيْدُ بْنُ أَسْبَاطِ بْنِ مُحَمَّدٍ الْقُرَشِيُّ، حَدَّثَنَا أَبِي، عَنِ الأَعْمَشِ، عَنْ إِسْمَاعِيلَ بْنِ مُسْلِمٍ، عَنِ الْحَسَنِ، عَنْ عَبْدِ اللَّهِ بْنِ مُغَفَّلٍ، قَالَ إِنِّي لَمِمَّنْ يَرْفَعُ أَغْصَانَ الشَّجَرَةِ عَنْ وَجْهِ رَسُولِ اللَّهِ صلى الله عليه وسلم وَهُوَ يَخْطُبُ فَقَالَ ‏\n\"‏ لَوْلاَ أَنَّ الْكِلاَبَ أُمَّةٌ مِنَ الأُمَمِ لأَمَرْتُ بِقَتْلِهَا فَاقْتُلُوا مِنْهَا كُلَّ أَسْوَدَ بَهِيمٍ وَمَا مِنْ أَهْلِ بَيْتٍ يَرْتَبِطُونَ كَلْبًا إِلاَّ نَقَصَ مِنْ عَمَلِهِمْ كُلَّ يَوْمٍ قِيرَاطٌ إِلاَّ كَلْبَ صَيْدٍ أَوْ كَلْبَ حَرْثٍ أَوْ كَلْبَ غَنَمٍ ‏\"‏ ‏.‏ قَالَ أَبُو عِيسَى هَذَا حَدِيثٌ حَسَنٌ وَقَدْ رُوِيَ هَذَا الْحَدِيثُ مِنْ غَيْرِ وَجْهٍ عَنِ الْحَسَنِ عَنْ عَبْدِ اللَّهِ بْنِ مُغَفَّلٍ عَنِ النَّبِيِّ صلى الله عليه وسلم ‏.‏",
      "english": {
        "narrator": "Narrated 'Abdullah bin Mughaffal:",
        "text": "\"I was one of those who held up the branches from the tree away from the face of the Messenger of Allah (ﷺ) while he was delivering the Khutbah saying: 'If it were not that dogs were a nation among nations, then I would order that they be killed. So kill every one among them that is all black. There is one inhabiting a home in which they keep a dog but their deeds are decreased by one Qirat every day - except for a hunting dog, or a farm dog, or a sheep dog.'\""
      },
      "turkish": {
        "narrator": "Narrated 'Abdullah bin Mughaffal:",
        "text": "Abdullah bin Mughaffal'den rivayet edilmiştir: \"Ben, Allah'ın Resulü (ﷺ) hutbe verirken ağaçtan çıkan dalları yüzünden uzak tutanlardan biriydim. O şöyle diyordu: 'Eğer köpekler bir millet olmasaydı, onları öldürmeyi emrederdim. O halde, içlerinde tamamen siyah olan her birini öldürün. Bir evde köpek besleyen bir kimsenin amelleri her gün bir karat eksilir - av köpeği, çiftlik köpeği veya koyun köpeği hariç.'\""
      }
    },
    {
      "id": 32,
      "idInBook": 32,
      "chapterId": 18,
      "bookId": 5,
      "arabic": "حَدَّثَنَا الْحَسَنُ بْنُ عَلِيٍّ الْحُلْوَانِيُّ، وَغَيْرُ، وَاحِدٍ، قَالُوا أَخْبَرَنَا عَبْدُ الرَّزَّاقِ، أَخْبَرَنَا مَعْمَرٌ، عَنِ الزُّهْرِيِّ، عَنْ أَبِي سَلَمَةَ بْنِ عَبْدِ الرَّحْمَنِ، عَنْ أَبِي هُرَيْرَةَ، أَنَّ النَّبِيَّ صلى الله عليه وسلم قَالَ ‏\n\"‏ مَنِ اتَّخَذَ كَلْبًا إِلاَّ كَلْبَ مَاشِيَةٍ أَوْ صَيْدٍ أَوْ زَرْعٍ انْتَقَصَ مِنْ أَجْرِهِ كُلَّ يَوْمٍ قِيرَاطٌ ‏\"‏ ‏.‏ قَالَ أَبُو عِيسَى هَذَا حَدِيثٌ حَسَنٌ صَحِيحٌ ‏.‏ وَيُرْوَى عَنْ عَطَاءِ بْنِ أَبِي رَبَاحٍ أَنَّهُ رَخَّصَ فِي إِمْسَاكِ الْكَلْبِ وَإِنْ كَانَ لِلرَّجُلِ شَاةٌ وَاحِدَةٌ ‏.‏ حَدَّثَنَا بِذَلِكَ إِسْحَاقُ بْنُ مَنْصُورٍ حَدَّثَنَا حَجَّاجُ بْنُ مُحَمَّدٍ عَنِ ابْنِ جُرَيْجٍ عَنْ عَطَاءٍ بِهَذَا ‏.‏",
      "english": {
        "narrator": "Narrated Abu Hurairah:",
        "text": "That the Messenger of Allah (ﷺ) said: \"Whoever acquires a dog - with the exception of a dog to guard livestock, a hunting dog, or a farm dog - each day a Qirat is deducted from his reward.\""
      },
      "turkish": {
        "narrator": "Narrated Abu Hurairah:",
        "text": "Ebu Hureyre'den rivayet edilmiştir: Allah'ın Resulü (ﷺ) şöyle buyurdu: \"Kim bir köpek edinirse - hayvanları korumak için bir köpek, av köpeği veya çiftlik köpeği hariç - her gün bir karat onun sevabından eksilir.\""
      }
    },
    {
      "id": 33,
      "idInBook": 33,
      "chapterId": 18,
      "bookId": 5,
      "arabic": "حَدَّثَنَا هَنَّادٌ، حَدَّثَنَا أَبُو الأَحْوَصِ، عَنْ سَعِيدِ بْنِ مَسْرُوقٍ، عَنْ عَبَايَةَ بْنِ رِفَاعَةَ بْنِ رَافِعِ بْنِ خَدِيجٍ، عَنْ أَبِيهِ، عَنْ جَدِّهِ، رَافِعِ بْنِ خَدِيجٍ قَالَ قُلْتُ يَا رَسُولَ اللَّهِ إِنَّا نَلْقَى الْعَدُوَّ غَدًا وَلَيْسَتْ مَعَنَا مُدًى فَقَالَ النَّبِيُّ صلى الله عليه وسلم ‏\n\"‏ مَا أَنْهَرَ الدَّمَ وَذُكِرَ اسْمُ اللَّهِ عَلَيْهِ فَكُلُوهُ مَا لَمْ يَكُنْ سِنًّا أَوْ ظُفُرًا وَسَأُحَدِّثُكُمْ عَنْ ذَلِكَ أَمَّا السِّنُّ فَعَظْمٌ وَأَمَّا الظُّفُرُ فَمُدَى الْحَبَشَةِ ‏\"‏ ‏.‏",
      "english": {
        "narrator": "Narrated Rafi' bin Khadij:",
        "text": "\"I said: 'O Messenger of Allah! We expect to meet the enemy tomorrow and we have no knives.' So the Prophet (ﷺ) said: 'As long as it causes blood to flow, and Allah's Name has been mentioned over it, then eat it, provided that it was not done with a tooth or nail. And I will tell you why: As for the tooth it is a bone, and as for the nail it is the knife of the Ethiopians.'\""
      },
      "turkish": {
        "narrator": "Narrated Rafi' bin Khadij:",
        "text": "Rafi' bin Khadij'den rivayet edilmiştir: \"Ben dedim ki: 'Ey Allah'ın Resulü! Yarın düşmanla karşılaşmayı bekliyoruz ve bizim bıçaklarımız yok.' Bunun üzerine Peygamber (ﷺ) şöyle dedi: 'Kan akıtıyorsa ve Allah'ın adı anılmışsa, onu ye; ancak dişle veya tırnakla yapılmamış olmalıdır. Bunun sebebini söyleyeyim: Diş bir kemiktir, tırnak ise Habeşlilerin bıçağıdır.'\""
      }
    },
    {
      "id": 34,
      "idInBook": 34,
      "chapterId": 18,
      "bookId": 5,
      "arabic": "حَدَّثَنَا مُحَمَّدُ بْنُ بَشَّارٍ، حَدَّثَنَا يَحْيَى بْنُ سَعِيدٍ، عَنْ سُفْيَانَ الثَّوْرِيِّ، قَالَ حَدَّثَنَا أَبِي، عَنْ عَبَايَةَ بْنِ رِفَاعَةَ، عَنِ رَافِعِ بْنِ خَدِيجٍ، رضى الله عنه عَنِ النَّبِيِّ صلى الله عليه وسلم نَحْوَهُ وَلَمْ يَذْكُرْ فِيهِ عَبَايَةُ عَنْ أَبِيهِ وَهَذَا أَصَحُّ وَعَبَايَةُ قَدْ سَمِعَ مِنْ رَافِعٍ ‏.‏ وَالْعَمَلُ عَلَى هَذَا عِنْدَ أَهْلِ الْعِلْمِ لاَ يَرَوْنَ أَنْ يُذَكَّى بِسِنٍّ وَلاَ بِعَظْمٍ ‏.‏",
      "english": {
        "narrator": "Another chain from Rafi' bin Khadij (may Allah be pleased with him) from the Prophet (ﷺ) and it is similar, but the narrator did not mention in it:",
        "text": "\"Abayah, from his father\" and this is more correct. 'Abayah heard from Rafi'."
      },
      "turkish": {
        "narrator": "Another chain from Rafi' bin Khadij (may Allah be pleased with him) from the Prophet (ﷺ) and it is similar, but the narrator did not mention in it:",
        "text": "Rafi' bin Khadij'den (Allah ondan razı olsun) başka bir isnad ile, Peygamber (ﷺ) tarafından rivayet edilmiştir ve benzeridir, ancak ravisi \"Abayah, babasından\" dememiştir ve bu daha doğrudur. Abayah, Rafi'den dinlemiştir."
      }
    },
    {
      "id": 35,
      "idInBook": 35,
      "chapterId": 18,
      "bookId": 5,
      "arabic": "حَدَّثَنَا هَنَّادٌ، حَدَّثَنَا أَبُو الأَحْوَصِ، عَنْ سَعِيدِ بْنِ مَسْرُوقٍ، عَنْ عَبَايَةَ بْنِ رِفَاعَةَ بْنِ رَافِعٍ، عَنْ أَبِيهِ، عَنْ جَدِّهِ، رَافِعِ بْنِ خَدِيجٍ قَالَ كُنَّا مَعَ النَّبِيِّ صلى الله عليه وسلم فِي سَفَرٍ فَنَدَّ بَعِيرٌ مِنْ إِبِلِ الْقَوْمِ وَلَمْ يَكُنْ مَعَهُمْ خَيْلٌ فَرَمَاهُ رَجُلٌ بِسَهْمٍ فَحَبَسَهُ اللَّهُ فَقَالَ رَسُولُ اللَّهِ صلى الله عليه وسلم ‏\n\"‏ إِنَّ لِهَذِهِ الْبَهَائِمِ أَوَابِدَ كَأَوَابِدِ الْوَحْشِ فَمَا فَعَلَ مِنْهَا هَذَا فَافْعَلُوا بِهِ هَكَذَا ‏\"‏ ‏.‏",
      "english": {
        "narrator": "Narrated Rafi' bin Khadij:",
        "text": "\"We were with the Prophet (ﷺ) on journey when the camel that belonged to some people ran away and they did not have a horse. So a man shot it with an arrow and Allah stopped it. The Messenger of Allah (ﷺ) said: 'Of these beasts there are some that are as wild as wild animals. So if one of them does this, then treat it similarly.'\""
      },
      "turkish": {
        "narrator": "Narrated Rafi' bin Khadij:",
        "text": "Rafi' bin Khadij'den rivayet edilmiştir: \"Biz, Peygamber (ﷺ) ile yolculuk yapıyorduk, bir grup insana ait deve kaçtı ve onların atı yoktu. Bunun üzerine bir adam ona ok attı ve Allah onu durdurdu. Allah'ın Resulü (ﷺ) şöyle dedi: 'Bu hayvanlardan bazıları vahşi hayvanlar kadar yabanidir. Eğer onlardan biri böyle bir şey yaparsa, ona benzer şekilde muamele edin.'\""
      }
    },
    {
      "id": 36,
      "idInBook": 36,
      "chapterId": 18,
      "bookId": 5,
      "arabic": "حَدَّثَنَا مَحْمُودُ بْنُ غَيْلاَنَ، حَدَّثَنَا وَكِيعٌ، حَدَّثَنَا سُفْيَانُ، عَنْ أَبِيهِ، عَنْ عَبَايَةَ بْنِ رِفَاعَةَ، عَنْ جَدِّهِ، رَافِعِ بْنِ خَدِيجٍ عَنِ النَّبِيِّ صلى الله عليه وسلم نَحْوَهُ وَلَمْ يَذْكُرْ فِيهِ عَبَايَةُ عَنْ أَبِيهِ وَهَذَا أَصَحُّ ‏.‏ وَالْعَمَلُ عَلَى هَذَا عِنْدَ أَهْلِ الْعِلْمِ ‏.‏ وَهَكَذَا رَوَاهُ شُعْبَةُ عَنْ سَعِيدِ بْنِ مَسْرُوقٍ نَحْوَ رِوَايَةِ سُفْيَانَ ‏.‏",
      "english": {
        "narrator": "",
        "text": "Another chain from Rafi' bin Khadij from the Prophet (ﷺ) and it is similar, but (the narrator) did not mention in it \"Abayah from his father.\" and this is more correct."
      },
      "turkish": {
        "narrator": "",
        "text": "Rafi' bin Khadij'den Peygamber (ﷺ) tarafından başka bir isnad ile rivayet edilmiştir ve benzeridir, ancak (ravisi) \"Abayah babasından\" dememiştir ve bu daha doğrudur."
      }
    }
  ],
  "chapter": {
    "id": 18,
    "bookId": 5,
    "arabic": "كتاب الصيد والذبائح عن رسول الله صلى الله عليه وسلم",
    "english": "The Book on Hunting"
  }
}