{
  "metadata": {
    "length": 36,
    "arabic": {
      "title": "جامع الترمذي",
      "author": "الإمام أبو عيسى محمد بن عيسى الترمذي",
      "introduction": "كتاب الأضاحى عن رسول الله صلى الله عليه وسلم"
    },
    "english": {
      "title": "Jami' al-Tirmidhi",
      "author": "Imam Abu Isa Muhammad ibn Isa al-Tirmidhi",
      "introduction": "The Book on Sacrifices"
    }
  },
  "hadiths": [
    {
      "id": 1,
      "idInBook": 1,
      "chapterId": 19,
      "bookId": 5,
      "arabic": "حَدَّثَنَا أَبُو عَمْرٍو، مُسْلِمُ بْنُ عَمْرِو بْنِ مُسْلِمٍ الْحَذَّاءُ الْمَدَنِيُّ حَدَّثَنَا عَبْدُ اللَّهِ بْنُ نَافِعٍ الصَّائِغُ أَبُو مُحَمَّدٍ، عَنْ أَبِي الْمُثَنَّى، عَنْ هِشَامِ بْنِ عُرْوَةَ، عَنْ أَبِيهِ، عَنْ عَائِشَةَ، أَنَّ رَسُولَ اللَّهِ صلى الله عليه وسلم قَالَ ‏\"‏ مَا عَمِلَ آدَمِيٌّ مِنْ عَمَلٍ يَوْمَ النَّحْرِ أَحَبَّ إِلَى اللَّهِ مِنْ إِهْرَاقِ الدَّمِ إِنَّهَا لَتَأْتِي يَوْمَ الْقِيَامَةِ بِقُرُونِهَا وَأَشْعَارِهَا وَأَظْلاَفِهَا وَإِنَّ الدَّمَ لَيَقَعُ مِنَ اللَّهِ بِمَكَانٍ قَبْلَ أَنْ يَقَعَ مِنَ الأَرْضِ فَطِيبُوا بِهَا نَفْسًا ‏\"‏ ‏.‏ قَالَ وَفِي الْبَابِ عَنْ عِمْرَانَ بْنِ حُصَيْنٍ وَزَيْدِ بْنِ أَرْقَمَ ‏.‏ قَالَ أَبُو عِيسَى هَذَا حَدِيثٌ حَسَنٌ غَرِيبٌ لاَ نَعْرِفُهُ مِنْ حَدِيثِ هِشَامِ بْنِ عُرْوَةَ إِلاَّ مِنْ هَذَا الْوَجْهِ ‏.‏ وَأَبُو الْمُثَنَّى اسْمُهُ سُلَيْمَانُ بْنُ يَزِيدَ ‏.‏ رَوَى عَنْهُ ابْنُ أَبِي فُدَيْكٍ ‏.‏ - قَالَ أَبُو عِيسَى وَيُرْوَى عَنْ رَسُولِ اللَّهِ صلى الله عليه وسلم أَنَّهُ قَالَ ‏\"‏ فِي الأُضْحِيَةِ لِصَاحِبِهَا بِكُلِّ شَعَرَةٍ حَسَنَةٌ ‏\"‏ ‏.‏ وَيُرْوَى ‏\"‏ بِقُرُونِهَا ‏\"‏ ‏.‏",
      "english": {
        "narrator": "Narrated 'Aishah:",
        "text": "That the Messenger of Allah (ﷺ) said: \"A human does no action from the actions on the day of Nahr more beloved to Allah then spilling blood (of sacrificial animals). On the Day of Judgement, it will appear with its horns, and hair, and hooves, and indeed the blood will be accepted by Allah from where it is received before it even falls upon earth, so let your heart delight in it.\""
      },
      "turkish": {
        "narrator": "Narrated 'Aishah:",
        "text": "'Aişe'den rivayet edilmiştir: Allah'ın Elçisi (ﷺ) şöyle buyurmuştur: \"Nahr günü, insanın Allah katında en sevimli eylemi, kan akıtmaktır (kurbanlık hayvanların). Kıyamet Günü, boynuzları, tüyleri ve tırnaklarıyla birlikte ortaya çıkacak ve gerçekten kan, yere düşmeden önce Allah katında kabul edilecektir, o yüzden kalbiniz bu konuda sevinç duysun.\""
      }
    },
    {
      "id": 2,
      "idInBook": 2,
      "chapterId": 19,
      "bookId": 5,
      "arabic": "حَدَّثَنَا قُتَيْبَةُ، حَدَّثَنَا أَبُو عَوَانَةَ، عَنْ قَتَادَةَ، عَنْ أَنَسِ بْنِ مَالِكٍ، قَالَ ضَحَّى رَسُولُ اللَّهِ صلى الله عليه وسلم بِكَبْشَيْنِ أَمْلَحَيْنِ أَقْرَنَيْنِ ذَبَحَهُمَا بِيَدِهِ وَسَمَّى وَكَبَّرَ وَوَضَعَ رِجْلَهُ عَلَى صِفَاحِهِمَا ‏.‏ قَالَ وَفِي الْبَابِ عَنْ عَلِيٍّ وَعَائِشَةَ وَأَبِي هُرَيْرَةَ وَأَبِي أَيُّوبَ وَجَابِرٍ وَأَبِي الدَّرْدَاءِ وَأَبِي رَافِعٍ وَابْنِ عُمَرَ وَأَبِي بَكْرَةَ أَيْضًا ‏.‏ قَالَ أَبُو عِيسَى هَذَا حَدِيثٌ حَسَنٌ صَحِيحٌ ‏.‏",
      "english": {
        "narrator": "Narrated Anas bin Malik:",
        "text": "\"The Messenger of Allah (ﷺ) slaughtered two horned male sheep which were mostly white. He slaughtered them with his hand and mentioned Allah's Name, and he said 'Allahu Akbar', and put his foot on their side.\""
      },
      "turkish": {
        "narrator": "Narrated Anas bin Malik:",
        "text": "Enes bin Malik'ten rivayet edilmiştir: \"Allah'ın Elçisi (ﷺ) iki boynuzlu beyaz erkek koyun kesmiştir. Onları kendi eliyle kesmiş ve Allah'ın adını anmıştır, 'Allahu Ekber' demiş ve ayağını yanlarına koymuştur.\""
      }
    },
    {
      "id": 3,
      "idInBook": 3,
      "chapterId": 19,
      "bookId": 5,
      "arabic": "حَدَّثَنَا مُحَمَّدُ بْنُ عُبَيْدٍ الْمُحَارِبِيُّ الْكُوفِيُّ، حَدَّثَنَا شَرِيكٌ، عَنْ أَبِي الْحَسْنَاءِ، عَنِ الْحَكَمِ، عَنْ حَنَشٍ، عَنْ عَلِيٍّ، أَنَّهُ كَانَ يُضَحِّي بِكَبْشَيْنِ أَحَدُهُمَا عَنِ النَّبِيِّ صلى الله عليه وسلم وَالآخَرُ عَنْ نَفْسِهِ، فَقِيلَ لَهُ فَقَالَ أَمَرَنِي بِهِ يَعْنِي النَّبِيَّ صلى الله عليه وسلم - فَلاَ أَدَعُهُ أَبَدًا ‏.‏ قَالَ أَبُو عِيسَى هَذَا حَدِيثٌ غَرِيبٌ لاَ نَعْرِفُهُ إِلاَّ مِنْ حَدِيثِ شَرِيكٍ ‏.‏ وَقَدْ رَخَّصَ بَعْضُ أَهْلِ الْعِلْمِ أَنْ يُضَحَّى عَنِ الْمَيِّتِ وَلَمْ يَرَ بَعْضُهُمْ أَنْ يُضَحَّى عَنْهُ ‏.‏ وَقَالَ عَبْدُ اللَّهِ بْنُ الْمُبَارَكِ أَحَبُّ إِلَىَّ أَنْ يُتَصَدَّقَ عَنْهُ وَلاَ يُضَحَّى عَنْهُ وَإِنْ ضَحَّى فَلاَ يَأْكُلْ مِنْهَا شَيْئًا وَيَتَصَدَّقْ بِهَا كُلِّهَا ‏.‏ قَالَ مُحَمَّدٌ قَالَ عَلِيُّ بْنُ الْمَدِينِيِّ وَقَدْ رَوَاهُ غَيْرُ شَرِيكٍ ‏.‏ قُلْتُ لَهُ أَبُو الْحَسْنَاءِ مَا اسْمُهُ فَلَمْ يَعْرِفْهُ ‏.‏ قَالَ مُسْلِمٌ اسْمُهُ الْحَسَنُ ‏.‏",
      "english": {
        "narrator": "Narrated Hanash:",
        "text": "That 'Ali used to slaughter two male sheep, one for the Prophet (ﷺ) and the other for himself. When this was mentioned to him, he said: \"He ordered me to\" - meaning the Prophet (ﷺ) - \"So I will never leave it.\""
      },
      "turkish": {
        "narrator": "Narrated Hanash:",
        "text": "Hanâş'tan rivayet edilmiştir: 'Ali, birini Peygamber (ﷺ) için, diğerini kendisi için olmak üzere iki erkek koyun keserdi. Bu kendisine söylendiğinde, \"O bana emretti\" - yani Peygamber (ﷺ) - \"O yüzden bunu asla bırakmayacağım.\" demiştir."
      }
    },
    {
      "id": 4,
      "idInBook": 4,
      "chapterId": 19,
      "bookId": 5,
      "arabic": "حَدَّثَنَا أَبُو سَعِيدٍ الأَشَجُّ، حَدَّثَنَا حَفْصُ بْنُ غِيَاثٍ، عَنْ جَعْفَرِ بْنِ مُحَمَّدٍ، عَنْ أَبِيهِ، عَنْ أَبِي سَعِيدٍ الْخُدْرِيِّ، قَالَ ضَحَّى رَسُولُ اللَّهِ صلى الله عليه وسلم بِكَبْشٍ أَقْرَنَ فَحِيلٍ يَأْكُلُ فِي سَوَادٍ وَيَمْشِي فِي سَوَادٍ وَيَنْظُرُ فِي سَوَادٍ ‏.‏ قَالَ أَبُو عِيسَى هَذَا حَدِيثٌ حَسَنٌ صَحِيحٌ غَرِيبٌ لاَ نَعْرِفُهُ إِلاَّ مِنْ حَدِيثِ حَفْصِ بْنِ غِيَاثٍ ‏.‏",
      "english": {
        "narrator": "Narrated Abu Sa'eed Al-Khudri:",
        "text": "\"The Messenger of Allah (ﷺ) slaughtered a horned male ram of fine pedigree, (around) his mouth was black, and his legs were black, and (around) his eyes was black."
      },
      "turkish": {
        "narrator": "Narrated Abu Sa'eed Al-Khudri:",
        "text": "Ebu Sa'id El-Hudri'den rivayet edilmiştir: \"Allah'ın Elçisi (ﷺ) soylu bir boynuzlu erkek koç kesmiştir, (ağzında) siyah, bacaklarında siyah ve (gözlerinin etrafında) siyah vardı.\""
      }
    },
    {
      "id": 5,
      "idInBook": 5,
      "chapterId": 19,
      "bookId": 5,
      "arabic": "حَدَّثَنَا عَلِيُّ بْنُ حُجْرٍ، أَخْبَرَنَا جَرِيرُ بْنُ حَازِمٍ، عَنْ مُحَمَّدِ بْنِ إِسْحَاقَ، عَنْ يَزِيدَ بْنِ أَبِي حَبِيبٍ، عَنْ سُلَيْمَانَ بْنِ عَبْدِ الرَّحْمَنِ، عَنْ عُبَيْدِ بْنِ فَيْرُوزَ، عَنِ الْبَرَاءِ بْنِ عَازِبٍ، رَفَعَهُ قَالَ ‏\n\"‏ لاَ يُضَحَّى بِالْعَرْجَاءِ بَيِّنٌ ظَلَعُهَا وَلاَ بِالْعَوْرَاءِ بَيِّنٌ عَوَرُهَا وَلاَ بِالْمَرِيضَةِ بَيِّنٌ مَرَضُهَا وَلاَ بِالْعَجْفَاءِ الَّتِي لاَ تُنْقِي ‏\"‏ ‏.‏",
      "english": {
        "narrator": "Narrated Al-Bara' bin 'Azib:",
        "text": "A Marfu' narration (from the Prophet (ﷺ)), saying: \"A crippled animal whose limp is obvious is not to be slaughtered as sacrifice, nor an animal with a bad eye whose blindness is obvious, nor a sick animal whose sickness is obvious, nor an emaciated animal that has no marrow (in its bones).\""
      },
      "turkish": {
        "narrator": "Narrated Al-Bara' bin 'Azib:",
        "text": "El-Bara' bin Azib'den rivayet edilmiştir: Peygamber (ﷺ)'den marfu bir rivayet: \"Aşikar bir şekilde topal olan bir hayvan kurban edilmez, aşikar bir şekilde kör olan bir hayvan, aşikar bir şekilde hasta olan bir hayvan ve kemikleri içinde iliği olmayan zayıf bir hayvan da kurban edilmez.\""
      }
    },
    {
      "id": 6,
      "idInBook": 6,
      "chapterId": 19,
      "bookId": 5,
      "arabic": "حَدَّثَنَا هَنَّادٌ، حَدَّثَنَا ابْنُ أَبِي زَائِدَةَ، أَخْبَرَنَا شُعْبَةُ، عَنْ سُلَيْمَانَ بْنِ عَبْدِ الرَّحْمَنِ، عَنْ عُبَيْدِ بْنِ فَيْرُوزَ، عَنِ الْبَرَاءِ بْنِ عَازِبٍ، عَنِ النَّبِيِّ صلى الله عليه وسلم نَحْوَهُ بِمَعْنَاهُ ‏.‏ قَالَ أَبُو عِيسَى هَذَا حَدِيثٌ حَسَنٌ صَحِيحٌ لاَ نَعْرِفُهُ إِلاَّ مِنْ حَدِيثِ عُبَيْدِ بْنِ فَيْرُوزَ عَنِ الْبَرَاءِ ‏.‏ وَالْعَمَلُ عَلَى هَذَا الْحَدِيثِ عِنْدَ أَهْلِ الْعِلْمِ ‏.‏",
      "english": {
        "narrator": "",
        "text": "Another chain from the Prophet (ﷺ) with similar meaning."
      },
      "turkish": {
        "narrator": "",
        "text": "Peygamber (ﷺ)'den benzer anlamda başka bir isnad."
      }
    },
    {
      "id": 7,
      "idInBook": 7,
      "chapterId": 19,
      "bookId": 5,
      "arabic": "حَدَّثَنَا الْحَسَنُ بْنُ عَلِيٍّ الْحُلْوَانِيُّ، حَدَّثَنَا يَزِيدُ بْنُ هَارُونَ، أَخْبَرَنَا شَرِيكُ بْنُ عَبْدِ اللَّهِ، عَنْ أَبِي إِسْحَاقَ، عَنْ شُرَيْحِ بْنِ النُّعْمَانِ الصَّائِدِيِّ، وَهُوَ الْهَمْدَانِيُّ عَنْ عَلِيِّ بْنِ أَبِي طَالِبٍ، قَالَ أَمَرَنَا رَسُولُ اللَّهِ صلى الله عليه وسلم أَنْ نَسْتَشْرِفَ الْعَيْنَ وَالأُذُنَ وَأَنْ لاَ نُضَحِّيَ بِمُقَابَلَةٍ وَلاَ مُدَابَرَةٍ وَلاَ شَرْقَاءَ وَلاَ خَرْقَاءَ ‏.‏",
      "english": {
        "narrator": "Narrated 'Ali bin Abi Talib:",
        "text": "\"The Messenger of Allah (ﷺ) ordered that we check the eyes and ears, and not to slaughter the Muqabalah, nor the Mudabarah, nor the Sharqa', nor the Kharqa'\""
      },
      "turkish": {
        "narrator": "Narrated 'Ali bin Abi Talib:",
        "text": "Ali bin Ebi Talib'ten rivayet edilmiştir: \"Allah'ın Elçisi (ﷺ) gözleri ve kulakları kontrol etmemizi emretti ve Muqabalah, Mudabarah, Sharqa' ve Kharqa' kesmememizi söyledi.\""
      }
    },
    {
      "id": 8,
      "idInBook": 8,
      "chapterId": 19,
      "bookId": 5,
      "arabic": "حَدَّثَنَا الْحَسَنُ بْنُ عَلِيٍّ، حَدَّثَنَا عُبَيْدُ اللَّهِ بْنُ مُوسَى، أَخْبَرَنَا إِسْرَائِيلُ، عَنْ أَبِي إِسْحَاقَ، عَنْ شُرَيْحِ بْنِ النُّعْمَانِ، عَنْ عَلِيٍّ، عَنِ النَّبِيِّ صلى الله عليه وسلم مِثْلَهُ وَزَادَ قَالَ الْمُقَابَلَةُ مَا قُطِعَ طَرَفُ أُذُنِهَا ‏.‏ وَالْمُدَابَرَةُ مَا قُطِعَ مِنْ جَانِبِ الأُذُنِ ‏.‏ وَالشَّرْقَاءُ الْمَشْقُوقَةُ ‏.‏ وَالْخَرْقَاءُ الْمَثْقُوبَةُ ‏.‏ قَالَ أَبُو عِيسَى هَذَا حَدِيثٌ حَسَنٌ صَحِيحٌ ‏.‏ قَالَ أَبُو عِيسَى وَشُرَيْحُ بْنُ النُّعْمَانِ الصَّائِدِيُّ هُوَ كُوفِيٌّ مِنْ أَصْحَابِ عَلِيٍّ وَشُرَيْحُ بْنُ هَانِئٍ كُوفِيٌّ وَلِوَالِدِهِ صُحْبَةٌ مِنْ أَصْحَابِ عَلِيٍّ وَشُرَيْحُ بْنُ الْحَارِثِ الْكِنْدِيُّ أَبُو أُمَيَّةَ الْقَاضِي قَدْ رَوَى عَنْ عَلِيٍّ وَكُلُّهُمْ مِنْ أَصْحَابِ عَلِيٍّ فِي عَصْرٍ وَاحِدٍ ‏.‏ قَوْلُهُ أَنْ نَسْتَشْرِفَ أَىْ أَنْ نَنْظُرَ صَحِيحًا ‏.‏",
      "english": {
        "narrator": "Another chain from 'Ali, from the Prophet (ﷺ) and it is similar, but he added:",
        "text": "\"The Muqabalah is the one whose ears have been severed, the Mudabarah is the one with the sides of its ears cut off, and the Sharqa' is one with its ears split, and the Khurqa' is the one whose ears have a hole pierced through them.\""
      },
      "turkish": {
        "narrator": "Another chain from 'Ali, from the Prophet (ﷺ) and it is similar, but he added:",
        "text": "Ali'den başka bir isnad, Peygamber (ﷺ)'den ve benzeridir, ancak şunu ekledi: \"Muqabalah, kulakları kesilmiş olandır, Mudabarah, kulaklarının yanları kesilmiş olandır, Sharqa' kulakları yarılmış olandır ve Kharqa' kulaklarında delik açılmış olandır.\""
      }
    },
    {
      "id": 9,
      "idInBook": 9,
      "chapterId": 19,
      "bookId": 5,
      "arabic": "حَدَّثَنَا يُوسُفُ بْنُ عِيسَى، حَدَّثَنَا وَكِيعٌ، حَدَّثَنَا عُثْمَانُ بْنُ وَاقِدٍ، عَنْ كِدَامِ بْنِ عَبْدِ الرَّحْمَنِ، عَنْ أَبِي كِبَاشٍ، قَالَ جَلَبْتُ غَنَمًا جُذْعَانًا إِلَى الْمَدِينَةِ فَكَسَدَتْ عَلَىَّ فَلَقِيتُ أَبَا هُرَيْرَةَ فَسَأَلْتُهُ فَقَالَ سَمِعْتُ رَسُولَ اللَّهِ صلى الله عليه وسلم يَقُولُ ‏\n\"‏ نِعْمَ - أَوْ نِعْمَتِ - الأُضْحِيَةُ الْجَذَعُ مِنَ الضَّأْنِ ‏\"‏ ‏.‏ قَالَ فَانْتَهَبَهُ النَّاسُ ‏.‏ قَالَ وَفِي الْبَابِ عَنِ ابْنِ عَبَّاسٍ وَأُمِّ بِلاَلٍ ابْنَةِ هِلاَلٍ عَنْ أَبِيهَا وَجَابِرٍ وَعُقْبَةَ بْنِ عَامِرٍ وَرَجُلٍ مِنْ أَصْحَابِ النَّبِيِّ صلى الله عليه وسلم ‏.‏ قَالَ أَبُو عِيسَى حَدِيثُ أَبِي هُرَيْرَةَ حَدِيثٌ حَسَنٌ غَرِيبٌ ‏.‏ وَقَدْ رُوِيَ هَذَا عَنْ أَبِي هُرَيْرَةَ مَوْقُوفًا ‏.‏ وَعُثْمَانُ بْنُ وَاقِدٍ هُوَ ابْنُ مُحَمَّدِ بْنِ زِيَادِ بْنِ عَبْدِ اللَّهِ بْنِ عُمَرَ بْنِ الْخَطَّابِ ‏.‏ وَالْعَمَلُ عَلَى هَذَا عِنْدَ أَهْلِ الْعِلْمِ مِنْ أَصْحَابِ النَّبِيِّ صلى الله عليه وسلم وَغَيْرِهِمْ أَنَّ الْجَذَعَ مِنَ الضَّأْنِ يُجْزِئُ فِي الأُضْحِيَةِ ‏.‏",
      "english": {
        "narrator": "Narrated Abu Kibash:",
        "text": "\"I brought a Jadha' sheep to Al-Madinah (for sale) but it remained with me. I saw Abu Hurairah and I asked him about it, so he said: 'I heard the Messenger of Allah (ﷺ) saying: \"The best male\" - or - \"female Udhiyah is that from the Jadha' sheep.\" He said: \"So the people took note of that (they became interested in buying).\""
      },
      "turkish": {
        "narrator": "Narrated Abu Kibash:",
        "text": "Ebu Kibaş'tan rivayet edilmiştir: \"Ben Al-Medine'ye (satış için) bir Jadha' koyunu getirdim ama yanımda kaldı. Ebu Hureyre'yi gördüm ve ona bunu sordum, o da şöyle dedi: 'Ben Allah'ın Elçisi (ﷺ)'nin şöyle dediğini duydum: \"En iyi erkek\" - ya da - \"dişi Udhiyah, Jadha' koyunundan olandır.\" Dedi ki: \"Bunun üzerine insanlar buna ilgi duydular (satın almak istediler).\""
      }
    },
    {
      "id": 10,
      "idInBook": 10,
      "chapterId": 19,
      "bookId": 5,
      "arabic": "حَدَّثَنَا قُتَيْبَةُ، حَدَّثَنَا اللَّيْثُ، عَنْ يَزِيدَ بْنِ أَبِي حَبِيبٍ، عَنْ أَبِي الْخَيْرِ، عَنْ عُقْبَةَ بْنِ عَامِرٍ، أَنَّ رَسُولَ اللَّهِ صلى الله عليه وسلم أَعْطَاهُ غَنَمًا يَقْسِمُهَا عَلَى أَصْحَابِهِ ضَحَايَا فَبَقِيَ عَتُودٌ أَوْ جَدْىٌ فَذَكَرْتُ ذَلِكَ لِرَسُولِ اللَّهِ صلى الله عليه وسلم فَقَالَ ‏\n\"‏ ضَحِّ بِهِ أَنْتَ ‏\"‏ ‏.‏ قَالَ أَبُو عِيسَى هَذَا حَدِيثٌ حَسَنٌ صَحِيحٌ ‏.‏ قَالَ وَكِيعٌ الْجَذَعُ مِنَ الضَّأْنِ يَكُونُ ابْنَ سِتَّةِ أَوْ سَبْعَةِ أَشْهُرٍ ‏.‏",
      "english": {
        "narrator": "Narrated 'Uqbah bin 'Amir:",
        "text": "That the Messenger of Allah (ﷺ) gave him sheep to distribute among his Companions as a sacrifice. \"There remained a young male kid or a young billy goat, so I mentioned that to the Messenger of Allah (ﷺ) and he said: 'Sacrifice it for yourself.'\"\nWaki' said: \"The Jadha' among sheep is seven or six months.\""
      },
      "turkish": {
        "narrator": "Narrated 'Uqbah bin 'Amir:",
        "text": "Ukbe bin Amir'den rivayet edilmiştir: Allah'ın Elçisi (ﷺ) ona koyunlar verdi ve bunları arkadaşları arasında kurban olarak dağıtmasını istedi. \"Bir genç erkek keçi ya da genç bir teke kaldı, bunu Allah'ın Elçisi (ﷺ)'ne söyledim, o da: 'Kendin için kurban et.' dedi.\" Vaki' dedi ki: \"Koyunlar arasında Jadha', yedi veya altı aylıktır.\""
      }
    },
    {
      "id": 11,
      "idInBook": 11,
      "chapterId": 19,
      "bookId": 5,
      "arabic": "وَقَدْ رُوِيَ مِنْ، غَيْرِ هَذَا الْوَجْهِ عَنْ عُقْبَةَ بْنِ عَامِرٍ، أَنَّهُ قَالَ قَسَمَ رَسُولُ اللَّهِ صلى الله عليه وسلم ضَحَايَا فَبَقِيَ جَذَعَةٌ فَسَأَلْتُ النَّبِيَّ صلى الله عليه وسلم فَقَالَ ‏\n\"‏ ضَحِّ بِهَا أَنْتَ ‏\"‏ ‏.‏ حَدَّثَنَا بِذَلِكَ مُحَمَّدُ بْنُ بَشَّارٍ حَدَّثَنَا يَزِيدُ بْنُ هَارُونَ وَأَبُو دَاوُدَ قَالاَ حَدَّثَنَا هِشَامٌ الدَّسْتَوَائِيُّ عَنْ يَحْيَى بْنِ أَبِي كَثِيرٍ عَنْ بَعْجَةَ بْنِ عَبْدِ اللَّهِ بْنِ بَدْرٍ عَنْ عُقْبَةَ بْنِ عَامِرٍ عَنِ النَّبِيِّ صلى الله عليه وسلم بِهَذَا الْحَدِيثِ ‏.‏",
      "english": {
        "narrator": "It has been reported that 'Uqbah bin Amir said:",
        "text": "\"The Prophet (ﷺ) distributed the sacrificial animals and I was left with a Jadha', so I asked the Prophet (ﷺ) about it and he said: 'Sacrifice it for yourself.'\"\n(Another chain) with this Hadith."
      },
      "turkish": {
        "narrator": "It has been reported that 'Uqbah bin Amir said:",
        "text": "Ukbe bin Amir'in şöyle söylediği bildirilmiştir: \"Peygamber (ﷺ) kurbanlık hayvanları dağıttı ve ben bir Jadha' ile kaldım, bu konuda Peygamber (ﷺ)'e sordum, o da: 'Kendin için kurban et.' dedi.\" (Bu Hadis ile başka bir isnad.)"
      }
    },
    {
      "id": 12,
      "idInBook": 12,
      "chapterId": 19,
      "bookId": 5,
      "arabic": "حَدَّثَنَا أَبُو عَمَّارٍ الْحُسَيْنُ بْنُ حُرَيْثٍ، حَدَّثَنَا الْفَضْلُ بْنُ مُوسَى، عَنِ الْحُسَيْنِ بْنِ وَاقِدٍ، عَنْ عِلْبَاءَ بْنِ أَحْمَرَ، عَنْ عِكْرِمَةَ، عَنِ ابْنِ عَبَّاسٍ، قَالَ كُنَّا مَعَ رَسُولِ اللَّهِ صلى الله عليه وسلم فِي سَفَرٍ فَحَضَرَ الأَضْحَى فَاشْتَرَكْنَا فِي الْبَقَرَةِ سَبْعَةً وَفِي الْبَعِيرِ عَشَرَةً ‏.‏ قَالَ أَبُو عِيسَى وَفِي الْبَابِ عَنْ أَبِي الأَسْوَدِ السُّلَمِيِّ عَنْ أَبِيهِ عَنْ جَدِّهِ وَأَبِي أَيُّوبَ ‏.‏ قَالَ أَبُو عِيسَى حَدِيثُ ابْنِ عَبَّاسٍ حَدِيثٌ حَسَنٌ غَرِيبٌ لاَ نَعْرِفُهُ إِلاَّ مِنْ حَدِيثِ الْفَضْلِ بْنِ مُوسَى ‏.‏",
      "english": {
        "narrator": "Narrated Ibn 'Abbas:",
        "text": "\"We were with the Messenger of Allah (ﷺ) on a journey when the (Day of) Adha came, so we shared seven for a cow and ten for a camel.\""
      },
      "turkish": {
        "narrator": "Narrated Ibn 'Abbas:",
        "text": "İbn Abbas'tan rivayet edilmiştir: \"Biz Allah'ın Elçisi (ﷺ) ile bir yolculukta idik, Adha (Kurban) günü geldiğinde, biz bir inek için yedi, bir deve için on pay aldık.\""
      }
    },
    {
      "id": 13,
      "idInBook": 13,
      "chapterId": 19,
      "bookId": 5,
      "arabic": "حَدَّثَنَا قُتَيْبَةُ، حَدَّثَنَا مَالِكُ بْنُ أَنَسٍ، عَنْ أَبِي الزُّبَيْرِ، عَنْ جَابِرٍ، قَالَ نَحَرْنَا مَعَ رَسُولِ اللَّهِ صلى الله عليه وسلم بِالْحُدَيْبِيَةِ الْبَدَنَةَ عَنْ سَبْعَةٍ وَالْبَقَرَةَ عَنْ سَبْعَةٍ ‏.‏ قَالَ أَبُو عِيسَى هَذَا حَدِيثٌ حَسَنٌ صَحِيحٌ ‏.‏ وَالْعَمَلُ عَلَى هَذَا عِنْدَ أَهْلِ الْعِلْمِ مِنْ أَصْحَابِ النَّبِيِّ صلى الله عليه وسلم وَغَيْرِهِمْ وَهُوَ قَوْلُ سُفْيَانَ الثَّوْرِيِّ وَابْنِ الْمُبَارَكِ وَالشَّافِعِيِّ وَأَحْمَدَ وَإِسْحَاقَ ‏.‏ وَقَالَ إِسْحَاقُ يُجْزِئُ أَيْضًا الْبَعِيرُ عَنْ عَشَرَةٍ ‏.‏ وَاحْتَجَّ بِحَدِيثِ ابْنِ عَبَّاسٍ ‏.‏",
      "english": {
        "narrator": "Narrated Jabir:",
        "text": "\"We performed the Nahr (sacrifice) with the Messenger of Allah (ﷺ) at Al-Hudaibiyyah: A camel for seven (persons) and a cow for seven (persons).\""
      },
      "turkish": {
        "narrator": "Narrated Jabir:",
        "text": "Cabir'den rivayet edilmiştir: \"Biz Allah'ın Elçisi (ﷺ) ile Al-Hudeybiye'de Nahr (kurban) yaptık: Bir deve yedi (kişi) için ve bir inek yedi (kişi) için.\""
      }
    },
    {
      "id": 14,
      "idInBook": 14,
      "chapterId": 19,
      "bookId": 5,
      "arabic": "حَدَّثَنَا عَلِيُّ بْنُ حُجْرٍ، أَخْبَرَنَا شَرِيكٌ، عَنْ سَلَمَةَ بْنِ كُهَيْلٍ، عَنْ حُجَيَّةَ بْنِ عَدِيٍّ، عَنْ عَلِيٍّ، قَالَ الْبَقَرَةُ عَنْ سَبْعَةٍ، ‏.‏ قُلْتُ فَإِنْ وَلَدَتْ قَالَ اذْبَحْ وَلَدَهَا مَعَهَا ‏.‏ قُلْتُ فَالْعَرْجَاءُ قَالَ إِذَا بَلَغَتِ الْمَنْسِكَ ‏.‏ قُلْتُ فَمَكْسُورَةُ الْقَرْنِ قَالَ لاَ بَأْسَ أُمِرْنَا أَوْ أَمَرَنَا رَسُولُ اللَّهِ صلى الله عليه وسلم أَنْ نَسْتَشْرِفَ الْعَيْنَيْنِ وَالأُذُنَيْنِ ‏.‏ قَالَ أَبُو عِيسَى هَذَا حَدِيثٌ حَسَنٌ صَحِيحٌ ‏.‏ قَالَ أَبُو عِيسَى وَقَدْ رَوَاهُ سُفْيَانُ الثَّوْرِيُّ عَنْ سَلَمَةَ بْنِ كُهَيْلٍ ‏.‏",
      "english": {
        "narrator": "Narrated Hujayyah bin 'Adi:",
        "text": "\"Ali said: 'A cow is for seven.' I said: \"And if it gives birth?' He said: 'Then slaughter its offspring with it.' I said: 'What if it is lame?' He said: 'When it has reached the place of ritual.' I said: 'What if it has a broken horn?' He said: 'There is no harm, we were ordered' - or - 'The Messenger of Allah (ﷺ) ordered us, to check the two eyes and the two ears.'\""
      },
      "turkish": {
        "narrator": "Narrated Hujayyah bin 'Adi:",
        "text": "Hucayyah bin Adi'den rivayet edilmiştir: \"Ali dedi ki: 'Bir inek yedi (kişi) içindir.' Ben de: \"Ya doğum yaparsa?\" dedim. O da: 'O zaman yavrusunu da onunla kes.' dedi. Ben: 'Ya topal olursa?' dedim. O: 'Ritüel yerine ulaştığında.' dedi. Ben: 'Ya boynuzu kırık olursa?' dedim. O: 'Bir sakınca yok, bize emredildi' - ya da - 'Allah'ın Elçisi (ﷺ) iki göz ve iki kulağı kontrol etmemizi emretti.'\""
      }
    },
    {
      "id": 15,
      "idInBook": 15,
      "chapterId": 19,
      "bookId": 5,
      "arabic": "حَدَّثَنَا هَنَّادٌ، حَدَّثَنَا عَبْدَةُ، عَنْ سَعِيدٍ، عَنْ قَتَادَةَ، عَنْ جُرَىِّ بْنِ كُلَيْبٍ النَّهْدِيِّ، عَنْ عَلِيٍّ، قَالَ نَهَى رَسُولُ اللَّهِ صلى الله عليه وسلم أَنْ يُضَحَّى بِأَعْضَبِ الْقَرْنِ وَالأُذُنِ ‏.‏ قَالَ قَتَادَةُ فَذَكَرْتُ ذَلِكَ لِسَعِيدِ بْنِ الْمُسَيَّبِ فَقَالَ الْعَضْبُ مَا بَلَغَ النِّصْفَ فَمَا فَوْقَ ذَلِكَ ‏.‏ قَالَ أَبُو عِيسَى هَذَا حَدِيثٌ حَسَنٌ صَحِيحٌ ‏.‏",
      "english": {
        "narrator": "Narrated 'Ali:",
        "text": "\"The Messenger of Allah (ﷺ) prohibited that an animal with a A'dab (stump) horn or ear should be slaughtered as a sacrifice.\" Qatadah (one of the narrators) said: \"So I mentioned this to Sa'eed bin Al-Musayyab and he said: 'The A'dab is that which equals or more than that.'\""
      },
      "turkish": {
        "narrator": "Narrated 'Ali:",
        "text": "Ali'den rivayet edilmiştir: \"Allah'ın Elçisi (ﷺ) A'dab (kısa) boynuzlu veya kulaklı bir hayvanın kurban edilmesini yasakladı.\" Katade (rivayet edenlerden biri) dedi ki: \"Bunu Sa'id bin El-Musayyab'a söyledim, o da: 'A'dab, bunun eşit veya daha fazlasıdır.' dedi.\""
      }
    },
    {
      "id": 16,
      "idInBook": 16,
      "chapterId": 19,
      "bookId": 5,
      "arabic": "حَدَّثَنِي يَحْيَى بْنُ مُوسَى، حَدَّثَنَا أَبُو بَكْرٍ الْحَنَفِيُّ، حَدَّثَنَا الضَّحَّاكُ بْنُ عُثْمَانَ، حَدَّثَنِي عُمَارَةُ بْنُ عَبْدِ اللَّهِ، قَالَ سَمِعْتُ عَطَاءَ بْنَ يَسَارٍ، يَقُولُ سَأَلْتُ أَبَا أَيُّوبَ الأَنْصَارِيَّ كَيْفَ كَانَتِ الضَّحَايَا عَلَى عَهْدِ رَسُولِ اللَّهِ صلى الله عليه وسلم فَقَالَ كَانَ الرَّجُلُ يُضَحِّي بِالشَّاةِ عَنْهُ وَعَنْ أَهْلِ بَيْتِهِ فَيَأْكُلُونَ وَيُطْعِمُونَ حَتَّى تَبَاهَى النَّاسُ فَصَارَتْ كَمَا تَرَى ‏.‏ قَالَ أَبُو عِيسَى هَذَا حَدِيثٌ حَسَنٌ صَحِيحٌ ‏.‏ وَعُمَارَةُ بْنُ عَبْدِ اللَّهِ هُوَ مَدَنِيٌّ وَقَدْ رَوَى عَنْهُ مَالِكُ بْنُ أَنَسٍ ‏.‏ وَالْعَمَلُ عَلَى هَذَا عِنْدَ بَعْضِ أَهْلِ الْعِلْمِ وَهُوَ قَوْلُ أَحْمَدَ وَإِسْحَاقَ وَاحْتَجَّا بِحَدِيثِ النَّبِيِّ صلى الله عليه وسلم أَنَّهُ ضَحَّى بِكَبْشٍ فَقَالَ ‏\n\"‏ هَذَا عَمَّنْ لَمْ يُضَحِّ مِنْ أُمَّتِي ‏\"‏ ‏.‏ وَقَالَ بَعْضُ أَهْلِ الْعِلْمِ لاَ تُجْزِئُ الشَّاةُ إِلاَّ عَنْ نَفْسٍ وَاحِدَةٍ وَهُوَ قَوْلُ عَبْدِ اللَّهِ بْنِ الْمُبَارَكِ وَغَيْرِهِ مِنْ أَهْلِ الْعِلْمِ ‏.‏",
      "english": {
        "narrator": "Narrated 'Ata bin Yasar:",
        "text": "\"I asked Abu Abyub  how the slaughtering was done during the time of the Messenger of Allah (ﷺ). He said: 'A man would sacrifice a sheep for himself and the people in his household. They would eat from it and feed others, until the people (later) would boast about it and it became as you see now.\""
      },
      "turkish": {
        "narrator": "Narrated 'Ata bin Yasar:",
        "text": "'Ata bin Yasar'dan rivayet edilmiştir: \"Ben, Allah'ın Elçisi (ﷺ) zamanında kurban kesiminin nasıl yapıldığını Abu Ayyub'a sordum. O da dedi ki: 'Bir adam, kendisi ve ev halkı için bir koyun keserdi. Onlar ondan yer ve başkalarına da ikram ederdi, ta ki insanlar (sonradan) bununla övünmeye başlar ve şimdi gördüğünüz gibi olurdu.'\""
      }
    },
    {
      "id": 17,
      "idInBook": 17,
      "chapterId": 19,
      "bookId": 5,
      "arabic": "حَدَّثَنَا أَحْمَدُ بْنُ مَنِيعٍ، حَدَّثَنَا هُشَيْمٌ، أَخْبَرَنَا حَجَّاجُ بْنُ أَرْطَاةَ، عَنْ جَبَلَةَ بْنِ سُحَيْمٍ، أَنَّ رَجُلاً، سَأَلَ ابْنَ عُمَرَ عَنِ الأُضْحِيَةِ، أَوَاجِبَةٌ هِيَ فَقَالَ ضَحَّى رَسُولُ اللَّهِ صلى الله عليه وسلم وَالْمُسْلِمُونَ ‏.‏ فَأَعَادَهَا عَلَيْهِ فَقَالَ أَتَعْقِلُ ضَحَّى رَسُولُ اللَّهِ صلى الله عليه وسلم وَالْمُسْلِمُونَ ‏.‏ قَالَ أَبُو عِيسَى هَذَا حَدِيثٌ حَسَنٌ صَحِيحٌ ‏.‏ وَالْعَمَلُ عَلَى هَذَا عِنْدَ أَهْلِ الْعِلْمِ أَنَّ الأُضْحِيَةَ لَيْسَتْ بِوَاجِبَةٍ وَلَكِنَّهَا سُنَّةٌ مِنْ سُنَنِ رَسُولِ اللَّهِ صلى الله عليه وسلم يُسْتَحَبُّ أَنْ يُعْمَلَ بِهَا وَهُوَ قَوْلُ سُفْيَانَ الثَّوْرِيِّ وَابْنِ الْمُبَارَكِ ‏.‏",
      "english": {
        "narrator": "Narrated Jabalah bin Suhaim :",
        "text": "That a man asked Ibn 'Umar about the Udhiyah, \"Is it obligatory?\" So he said: \"The Messenger of Allah (ﷺ) performed the Udhiyah as did the Muslims.\" He repeated the question. So he said: \"Do you understand ?\" The Messenger of Allah (ﷺ) slaughtered as did the Muslims.\""
      },
      "turkish": {
        "narrator": "Narrated Jabalah bin Suhaim :",
        "text": "Jabalah bin Suhaim'den rivayet edilmiştir: Bir adam, İbn 'Umar'a Udhiyah hakkında sordu, \"Zorunlu mu?\" O da dedi ki: \"Allah'ın Elçisi (ﷺ) Udhiyah'ı yerine getirdiği gibi Müslümanlar da yerine getirdi.\" Adam soruyu tekrar etti. O da dedi ki: \"Anlıyor musun? Allah'ın Elçisi (ﷺ) Müslümanlar gibi kesim yaptı.\""
      }
    },
    {
      "id": 18,
      "idInBook": 18,
      "chapterId": 19,
      "bookId": 5,
      "arabic": "حَدَّثَنَا أَحْمَدُ بْنُ مَنِيعٍ، وَهَنَّادٌ، قَالاَ حَدَّثَنَا ابْنُ أَبِي زَائِدَةَ، عَنْ حَجَّاجِ بْنِ أَرْطَاةَ، عَنْ نَافِعٍ، عَنِ ابْنِ عُمَرَ، قَالَ أَقَامَ رَسُولُ اللَّهِ صلى الله عليه وسلم بِالْمَدِينَةِ عَشْرَ سِنِينَ يُضَحِّي ‏.‏ قَالَ أَبُو عِيسَى هَذَا حَدِيثٌ حَسَنٌ ‏.‏",
      "english": {
        "narrator": "Narrated Ibn 'Umar  :",
        "text": "\"The Messenger of Allah (ﷺ) stayed in Al-Madinah for ten years performing the Udhiyah."
      },
      "turkish": {
        "narrator": "Narrated Ibn 'Umar  :",
        "text": "İbn 'Umar'dan rivayet edilmiştir: \"Allah'ın Elçisi (ﷺ) Medine'de on yıl Udhiyah keserek kaldı.\""
      }
    },
    {
      "id": 19,
      "idInBook": 19,
      "chapterId": 19,
      "bookId": 5,
      "arabic": "حَدَّثَنَا عَلِيُّ بْنُ حُجْرٍ، أَخْبَرَنَا إِسْمَاعِيلُ بْنُ إِبْرَاهِيمَ، عَنْ دَاوُدَ بْنِ أَبِي هِنْدٍ، عَنِ الشَّعْبِيِّ، عَنِ الْبَرَاءِ بْنِ عَازِبٍ، قَالَ خَطَبَنَا رَسُولُ اللَّهِ صلى الله عليه وسلم فِي يَوْمِ نَحْرٍ فَقَالَ ‏\"‏ لاَ يَذْبَحَنَّ أَحَدُكُمْ حَتَّى يُصَلِّيَ ‏\"‏ ‏.‏ قَالَ فَقَامَ خَالِي فَقَالَ يَا رَسُولَ اللَّهِ هَذَا يَوْمٌ اللَّحْمُ فِيهِ مَكْرُوهٌ وَإِنِّي عَجَّلْتُ نُسُكِي لأُطْعِمَ أَهْلِي وَأَهْلَ دَارِي أَوْ جِيرَانِي ‏.‏ قَالَ ‏\"‏ فَأَعِدْ ذَبْحًا آخَرَ ‏\"‏ ‏.‏ فَقَالَ يَا رَسُولَ اللَّهِ عِنْدِي عَنَاقُ لَبَنٍ وَهِيَ خَيْرٌ مِنْ شَاتَىْ لَحْمٍ أَفَأَذْبَحُهَا قَالَ ‏\"‏ نَعَمْ وَهِيَ خَيْرُ نَسِيكَتَيْكَ وَلاَ تُجْزِئُ جَذَعَةٌ لأَحَدٍ بَعْدَكَ ‏\"‏ ‏.‏ قَالَ وَفِي الْبَابِ عَنْ جَابِرٍ وَجُنْدَبٍ وَأَنَسٍ وَعُوَيْمِرِ بْنِ أَشْقَرَ وَابْنِ عُمَرَ وَأَبِي زَيْدٍ الأَنْصَارِيِّ ‏.‏ قَالَ أَبُو عِيسَى هَذَا حَدِيثٌ حَسَنٌ صَحِيحٌ ‏.‏ وَالْعَمَلُ عَلَى هَذَا عِنْدَ أَكْثَرِ أَهْلِ الْعِلْمِ أَنْ لاَ يُضَحَّى بِالْمِصْرِ حَتَّى يُصَلِّيَ الإِمَامُ وَقَدْ رَخَّصَ قَوْمٌ مِنْ أَهْلِ الْعِلْمِ لأَهْلِ الْقُرَى فِي الذَّبْحِ إِذَا طَلَعَ الْفَجْرُ وَهُوَ قَوْلُ ابْنِ الْمُبَارَكِ ‏.‏ قَالَ أَبُو عِيسَى وَقَدْ أَجْمَعَ أَهْلُ الْعِلْمِ أَنْ لاَ يُجْزِئَ الْجَذَعُ مِنَ الْمَعْزِ وَقَالُوا إِنَّمَا يُجْزِئُ الْجَذَعُ مِنَ الضَّأْنِ ‏.‏",
      "english": {
        "narrator": "Narrated Al-Bara' bin 'Azib :",
        "text": "\"The Messenger of Allah (ﷺ) delivered a sermon to us on the Day of Nahr and he said: 'None of you should slaughter until he performs the Salat.\" He said: 'So my maternal uncle stood and said: ' O Messenger of Allah, this is the day in which meat is disliked, and I hastened my sacrifice to feed my family and the people of my dwellings - or - 'my neighbors.' He said: 'Repeat your slaughter with another.' He said: 'O Messenger of Allah (ﷺ) I have a she-kid that has better meat than my sheep, should I slaughter it?' He said: 'Yes, and it is better and it will suffice for you, but a Jadha' will not be accepted after you.' \""
      },
      "turkish": {
        "narrator": "Narrated Al-Bara' bin 'Azib :",
        "text": "Al-Bara' bin 'Azib'den rivayet edilmiştir: \"Allah'ın Elçisi (ﷺ) Nahr Günü bize bir hutbe verdi ve dedi ki: 'Hiçbiriniz Salat'ı kılmadan kesim yapmasın.' O da dedi ki: 'Benim anne tarafından amcam ayağa kalktı ve dedi ki: 'Ey Allah'ın Elçisi, bu etin hoş karşılanmadığı bir gündür ve ben ailemi ve komşularımı beslemek için kurbanımı aceleyle kestim.' O da dedi ki: 'Kesmeyi başka bir hayvanla tekrar et.' O da dedi ki: 'Ey Allah'ın Elçisi (ﷺ), benim koyunuma göre daha iyi et olan bir dişi keçim var, onu kesmeli miyim?' O da dedi ki: 'Evet, bu daha iyidir ve senin için yeterli olacaktır, ama senin ardından bir Jadha' kabul edilmeyecektir.'\""
      }
    },
    {
      "id": 20,
      "idInBook": 20,
      "chapterId": 19,
      "bookId": 5,
      "arabic": "حَدَّثَنَا قُتَيْبَةُ، حَدَّثَنَا اللَّيْثُ، عَنْ نَافِعٍ، عَنِ ابْنِ عُمَرَ، عَنِ النَّبِيِّ صلى الله عليه وسلم قَالَ ‏\n\"‏ لاَ يَأْكُلُ أَحَدُكُمْ مِنْ لَحْمِ أُضْحِيَتِهِ فَوْقَ ثَلاَثَةِ أَيَّامٍ ‏\"‏ ‏.‏ قَالَ وَفِي الْبَابِ عَنْ عَائِشَةَ وَأَنَسٍ ‏.‏ قَالَ أَبُو عِيسَى حَدِيثُ ابْنِ عُمَرَ حَدِيثٌ حَسَنٌ صَحِيحٌ ‏.‏ - وَإِنَّمَا كَانَ النَّهْىُ مِنَ النَّبِيِّ صلى الله عليه وسلم مُتَقَدِّمًا ثُمَّ رَخَّصَ بَعْدَ ذَلِكَ ‏.‏",
      "english": {
        "narrator": "Narrated Ibn 'Umar:",
        "text": "That the Prophet (ﷺ) said: \"None of you should eat from the meat of his sacrificial animal beyond three days.\""
      },
      "turkish": {
        "narrator": "Narrated Ibn 'Umar:",
        "text": "İbn 'Umar'dan rivayet edilmiştir: \"Peygamber (ﷺ) dedi ki: 'Hiçbiriniz kurbanlık hayvanının etinden üç günden fazla yemesin.'\""
      }
    },
    {
      "id": 21,
      "idInBook": 21,
      "chapterId": 19,
      "bookId": 5,
      "arabic": "حَدَّثَنَا مُحَمَّدُ بْنُ بَشَّارٍ، وَمَحْمُودُ بْنُ غَيْلاَنَ، وَالْحَسَنُ بْنُ عَلِيٍّ الْخَلاَّلُ، وَغَيْرُ، وَاحِدٍ، قَالُوا أَخْبَرَنَا أَبُو عَاصِمٍ النَّبِيلُ، حَدَّثَنَا سُفْيَانُ الثَّوْرِيُّ، عَنْ عَلْقَمَةَ بْنِ مَرْثَدٍ، عَنْ سُلَيْمَانَ بْنِ بُرَيْدَةَ، عَنْ أَبِيهِ، قَالَ قَالَ رَسُولُ اللَّهِ صلى الله عليه وسلم ‏\n\"‏ كُنْتُ نَهَيْتُكُمْ عَنْ لُحُومِ الأَضَاحِي فَوْقَ ثَلاَثٍ لِيَتَّسِعَ ذُو الطَّوْلِ عَلَى مَنْ لاَ طَوْلَ لَهُ فَكُلُوا مَا بَدَا لَكُمْ وَأَطْعِمُوا وَادَّخِرُوا ‏\"‏ ‏.‏ قَالَ وَفِي الْبَابِ عَنِ ابْنِ مَسْعُودٍ وَعَائِشَةَ وَنُبَيْشَةَ وَأَبِي سَعِيدٍ وَقَتَادَةَ بْنِ النُّعْمَانِ وَأَنَسٍ وَأُمِّ سَلَمَةَ ‏.‏ قَالَ أَبُو عِيسَى حَدِيثُ بُرَيْدَةَ حَدِيثٌ حَسَنٌ صَحِيحٌ ‏.‏ وَالْعَمَلُ عَلَى هَذَا عِنْدَ أَهْلِ الْعِلْمِ مِنْ أَصْحَابِ النَّبِيِّ صلى الله عليه وسلم وَغَيْرِهِمْ ‏.‏",
      "english": {
        "narrator": "Narrated Sulaiman bin Buraidah:",
        "text": "From his father that the Messenger of Allah (ﷺ) said: \"I used to prohibit you from (eating) the meat of Sacrifice beyond three days so that those who have the ability would give to those who do not have it. So (now) eat  as you like, feed others, and save from it.\""
      },
      "turkish": {
        "narrator": "Narrated Sulaiman bin Buraidah:",
        "text": "Süleyman bin Bureydah'dan rivayet edilmiştir: Babasından, Allah'ın Elçisi (ﷺ) şöyle dedi: \"Ben, kurban etinin üç günden fazla yenmesini size yasaklamıştım ki, imkanı olanlar, imkanı olmayanlara versin. Şimdi ise, istediğiniz gibi yiyin, başkalarına ikram edin ve ondan saklayın.\""
      }
    },
    {
      "id": 22,
      "idInBook": 22,
      "chapterId": 19,
      "bookId": 5,
      "arabic": "حَدَّثَنَا قُتَيْبَةُ، حَدَّثَنَا أَبُو الأَحْوَصِ، عَنْ أَبِي إِسْحَاقَ، عَنْ عَابِسِ بْنِ رَبِيعَةَ، قَالَ قُلْتُ لأُمِّ الْمُؤْمِنِينَ أَكَانَ رَسُولُ اللَّهِ صلى الله عليه وسلم يَنْهَى عَنْ لُحُومِ الأَضَاحِي قَالَتْ لاَ وَلَكِنْ قَلَّ مَنْ كَانَ يُضَحِّي مِنَ النَّاسِ فَأَحَبَّ أَنْ يُطْعَمَ مَنْ لَمْ يَكُنْ يُضَحِّي وَلَقَدْ كُنَّا نَرْفَعُ الْكُرَاعَ فَنَأْكُلُهُ بَعْدَ عَشَرَةِ أَيَّامٍ ‏.‏ قَالَ أَبُو عِيسَى هَذَا حَدِيثٌ حَسَنٌ صَحِيحٌ ‏.‏ وَأُمُّ الْمُؤْمِنِينَ هِيَ عَائِشَةُ زَوْجُ النَّبِيِّ صلى الله عليه وسلم وَقَدْ رُوِيَ عَنْهَا هَذَا الْحَدِيثُ مِنْ غَيْرِ وَجْهٍ ‏.‏",
      "english": {
        "narrator": "Narrated 'Abis bin Rabi'ah:",
        "text": "\"I said to the Mother of the Believers: 'Did the Messenger of Allah (ﷺ) prohibit from the meat of the sacrifice?' She said: 'No, but only a few people could slaughter, so he liked that they feed those who did not slaughter. (Later) we would store a leg to eat after ten days.\""
      },
      "turkish": {
        "narrator": "Narrated 'Abis bin Rabi'ah:",
        "text": "'Abis bin Rabi'ah'tan rivayet edilmiştir: \"Ben, Müminlerin Annesi'ne dedim ki: 'Allah'ın Elçisi (ﷺ) kurban etinin yenmesini yasakladı mı?' O da dedi ki: 'Hayır, ama sadece birkaç kişi kesim yapabiliyordu, bu yüzden onların kesim yapamayanlara ikram etmesini istedi. (Sonra) biz, on gün sonra yemek için bir bacak saklardık.'\""
      }
    },
    {
      "id": 23,
      "idInBook": 23,
      "chapterId": 19,
      "bookId": 5,
      "arabic": "حَدَّثَنَا مَحْمُودُ بْنُ غَيْلاَنَ، حَدَّثَنَا عَبْدُ الرَّزَّاقِ، أَخْبَرَنَا مَعْمَرٌ، عَنِ الزُّهْرِيِّ، عَنِ ابْنِ الْمُسَيَّبِ، عَنْ أَبِي هُرَيْرَةَ، قَالَ قَالَ رَسُولُ اللَّهِ صلى الله عليه وسلم ‏\n\"‏ لاَ فَرَعَ وَلاَ عَتِيرَةَ ‏\"‏ ‏.‏ وَالْفَرَعُ أَوَّلُ النِّتَاجِ كَانَ يُنْتَجُ لَهُمْ فَيَذْبَحُونَهُ ‏.‏ قَالَ وَفِي الْبَابِ عَنْ نُبَيْشَةَ وَمِخْنَفِ بْنِ سُلَيْمٍ وَأَبِي الْعُشَرَاءِ عَنْ أَبِيهِ ‏.‏ قَالَ أَبُو عِيسَى هَذَا حَدِيثٌ حَسَنٌ صَحِيحٌ ‏.‏ وَالْعَتِيرَةُ ذَبِيحَةٌ كَانُوا يَذْبَحُونَهَا فِي رَجَبٍ يُعَظِّمُونَ شَهْرَ رَجَبٍ لأَنَّهُ أَوَّلُ شَهْرٍ مِنْ أَشْهُرِ الْحُرُمِ وَأَشْهُرُ الْحُرُمِ رَجَبٌ وَذُو الْقَعْدَةِ وَذُو الْحِجَّةِ وَالْمُحَرَّمُ وَأَشْهُرُ الْحَجِّ شَوَّالٌ وَذُو الْقَعْدَةِ وَعَشْرٌ مِنْ ذِي الْحِجَّةِ كَذَلِكَ رُوِيَ عَنْ بَعْضِ أَصْحَابِ النَّبِيِّ صلى الله عليه وسلم وَغَيْرِهِمْ فِي أَشْهُرِ الْحَجِّ.‏",
      "english": {
        "narrator": "Narrated Abu Hurairah:",
        "text": "That the Messenger of Allah (ﷺ) said: \"There is no Fara' or 'Atirah.\"\nThe Fara' is the first of the offspring that would be born to them, so they would slaughter it.\nThe 'Atirah was an animal that they would slaughter during Rajab to honor the month of Rajab, since it was the first of the sacred months."
      },
      "turkish": {
        "narrator": "Narrated Abu Hurairah:",
        "text": "Ebu Hureyre'den rivayet edilmiştir: \"Allah'ın Elçisi (ﷺ) dedi ki: 'Fara' veya 'Atirah yoktur.' Fara', onlara doğacak ilk yavrudur, onu keserlerdi. 'Atirah ise, Rajab ayında kesilen bir hayvandır; çünkü bu, kutsal ayların ilkiydi.\""
      }
    },
    {
      "id": 24,
      "idInBook": 24,
      "chapterId": 19,
      "bookId": 5,
      "arabic": "حَدَّثَنَا أَبُو سَلَمَةَ، يَحْيَى بْنُ خَلَفٍ الْبَصْرِيُّ حَدَّثَنَا بِشْرُ بْنُ الْمُفَضَّلِ، أَخْبَرَنَا عَبْدُ اللَّهِ بْنُ عُثْمَانَ بْنِ خُثَيْمٍ، عَنْ يُوسُفَ بْنِ مَاهَكَ، أَنَّهُمْ دَخَلُوا عَلَى حَفْصَةَ بِنْتِ عَبْدِ الرَّحْمَنِ فَسَأَلُوهَا عَنِ الْعَقِيقَةِ، فَأَخْبَرَتْهُمْ أَنَّ عَائِشَةَ أَخْبَرَتْهَا أَنَّ رَسُولَ اللَّهِ صلى الله عليه وسلم أَمَرَهُمْ عَنِ الْغُلاَمِ شَاتَانِ مُكَافِئَتَانِ وَعَنِ الْجَارِيَةِ شَاةٌ ‏.‏ قَالَ وَفِي الْبَابِ عَنْ عَلِيٍّ وَأُمِّ كُرْزٍ وَبُرَيْدَةَ وَسَمُرَةَ وَأَبِي هُرَيْرَةَ وَعَبْدِ اللَّهِ بْنِ عَمْرٍو وَأَنَسٍ وَسَلْمَانَ بْنِ عَامِرٍ وَابْنِ عَبَّاسٍ ‏.‏ قَالَ أَبُو عِيسَى حَدِيثُ عَائِشَةَ حَدِيثٌ حَسَنٌ صَحِيحٌ ‏.‏ وَحَفْصَةُ هِيَ بِنْتُ عَبْدِ الرَّحْمَنِ بْنِ أَبِي بَكْرٍ الصِّدِّيقِ ‏.‏",
      "english": {
        "narrator": "Narrated Yusuf bin Mahak:",
        "text": "They entered upon Hafsah bint 'Abdur-Rahman to ask her about the 'Aqiqah. She informed them that 'Aishah had informed her, that the Messenger of Allah (ﷺ) ordered them that for a boy, two sheep were sufficient, and for a girl one sheep."
      },
      "turkish": {
        "narrator": "Narrated Yusuf bin Mahak:",
        "text": "Yusuf bin Mahak'tan rivayet edilmiştir: Onlar, Hafsa bint 'Abdur-Rahman'a 'Aqiqah hakkında sormak için girdiler. O da onlara, 'Aişe'nin kendisine bildirdiğini, Allah'ın Elçisi (ﷺ) erkek için iki koyunun yeterli olduğunu ve kız için bir koyunun yeterli olduğunu emrettiğini bildirdi.\""
      }
    },
    {
      "id": 25,
      "idInBook": 25,
      "chapterId": 19,
      "bookId": 5,
      "arabic": "حَدَّثَنَا مُحَمَّدُ بْنُ بَشَّارٍ، حَدَّثَنَا يَحْيَى بْنُ سَعِيدٍ، وَعَبْدُ الرَّحْمَنِ بْنُ مَهْدِيٍّ، قَالاَ أَخْبَرَنَا سُفْيَانُ، عَنْ عَاصِمِ بْنِ عُبَيْدِ اللَّهِ، عَنْ عُبَيْدِ اللَّهِ بْنِ أَبِي رَافِعٍ، عَنْ أَبِيهِ، قَالَ رَأَيْتُ رَسُولَ اللَّهِ صلى الله عليه وسلم أَذَّنَ فِي أُذُنِ الْحَسَنِ بْنِ عَلِيٍّ حِينَ وَلَدَتْهُ فَاطِمَةُ بِالصَّلاَةِ ‏.‏ قَالَ أَبُو عِيسَى هَذَا حَدِيثٌ حَسَنٌ صَحِيحٌ ‏.‏ وَالْعَمَلُ عِنْدَ أَهْلِ الْعِلْمِ فِي الْعَقِيقَةِ عَلَى مَا رُوِيَ عَنِ النَّبِيِّ صلى الله عليه وسلم مِنْ غَيْرِ وَجْهٍ عَنِ الْغُلاَمِ شَاتَانِ مُكَافِئَتَانِ وَعَنِ الْجَارِيَةِ شَاةٌ ‏.‏ - وَرُوِيَ عَنِ النَّبِيِّ صلى الله عليه وسلم أَيْضًا أَنَّهُ عَقَّ عَنِ الْحَسَنِ بِشَاةٍ وَقَدْ ذَهَبَ بَعْضُ أَهْلِ الْعِلْمِ إِلَى هَذَا الْحَدِيثِ ‏.‏",
      "english": {
        "narrator": "Narrated 'Ubaidullah bin Abi Rafi':",
        "text": "That his father said: \"I saw the Messenger of Allah (ﷺ) say the Adhan in the ear of Al-Hasan bin 'Ali - when he was born to Fatimah - the Adhan of Salat.\""
      },
      "turkish": {
        "narrator": "Narrated 'Ubaidullah bin Abi Rafi':",
        "text": "'Ubaidullah bin Abi Rafi'den rivayet edilmiştir: Babası şöyle dedi: \"Ben, Allah'ın Elçisi (ﷺ) Fatıma'ya doğan Hasan bin Ali'nin kulağına Salat'ın Adhan'ını söylediğini gördüm.\""
      }
    },
    {
      "id": 26,
      "idInBook": 26,
      "chapterId": 19,
      "bookId": 5,
      "arabic": "حَدَّثَنَا الْحَسَنُ بْنُ عَلِيٍّ الْخَلاَّلُ، حَدَّثَنَا عَبْدُ الرَّزَّاقِ، أَخْبَرَنَا هِشَامُ بْنُ حَسَّانَ، عَنْ حَفْصَةَ بِنْتِ سِيرِينَ، عَنِ الرَّبَابِ، عَنْ سَلْمَانَ بْنِ عَامِرٍ الضَّبِّيِّ، قَالَ قَالَ رَسُولُ اللَّهِ صلى الله عليه وسلم ‏\n\"‏ مَعَ الْغُلاَمِ عَقِيقَةٌ فَأَهْرِيقُوا عَنْهُ دَمًا وَأَمِيطُوا عَنْهُ الأَذَى ‏\"‏ ‏.‏",
      "english": {
        "narrator": "Narrated Salman bin 'Amir Ad-Dabbi :",
        "text": "That the Messenger of Allah (ﷺ) said: \"For a boy, there is an 'Aqiqah. So spill blood for him and remove the harm from him.\""
      },
      "turkish": {
        "narrator": "Narrated Salman bin 'Amir Ad-Dabbi :",
        "text": "Salman bin 'Amir Ad-Dabbi'den rivayet edilmiştir: \"Allah'ın Elçisi (ﷺ) dedi ki: 'Bir erkek çocuk için 'Aqiqah vardır. O yüzden onun için kan akıtın ve ondan zararları kaldırın.'\""
      }
    },
    {
      "id": 27,
      "idInBook": 27,
      "chapterId": 19,
      "bookId": 5,
      "arabic": "حَدَّثَنَا الْحَسَنُ بْنُ عَلِيٍّ، حَدَّثَنَا عَبْدُ الرَّزَّاقِ، أَخْبَرَنَا ابْنُ عُيَيْنَةَ، عَنْ عَاصِمِ بْنِ سُلَيْمَانَ الأَحْوَلِ، عَنْ حَفْصَةَ بِنْتِ سِيرِينَ، عَنِ الرَّبَابِ، عَنْ سَلْمَانَ بْنِ عَامِرٍ، عَنِ النَّبِيِّ صلى الله عليه وسلم مِثْلَهُ ‏.‏ قَالَ أَبُو عِيسَى هَذَا حَدِيثٌ حَسَنٌ صَحِيحٌ ‏.‏",
      "english": {
        "narrator": "",
        "text": "Another chain with similar."
      },
      "turkish": {
        "narrator": "",
        "text": "Benzer bir isnatla."
      }
    },
    {
      "id": 28,
      "idInBook": 28,
      "chapterId": 19,
      "bookId": 5,
      "arabic": "حَدَّثَنَا الْحَسَنُ بْنُ عَلِيٍّ الْخَلاَّلُ، حَدَّثَنَا عَبْدُ الرَّزَّاقِ، عَنِ ابْنِ جُرَيْجٍ، أَخْبَرَنَا عُبَيْدُ اللَّهِ بْنُ أَبِي يَزِيدَ، عَنْ سِبَاعِ بْنِ ثَابِتٍ، أَنَّ مُحَمَّدَ بْنَ ثَابِتِ بْنِ سِبَاعٍ، أَخْبَرَهُ أَنَّ أُمَّ كُرْزٍ أَخْبَرَتْهُ أَنَّهَا، سَأَلَتْ رَسُولَ اللَّهِ صلى الله عليه وسلم عَنِ الْعَقِيقَةِ فَقَالَ ‏\n\"‏ عَنِ الْغُلاَمِ شَاتَانِ وَعَنِ الْجَارِيَةِ وَاحِدَةٌ وَلاَ يَضُرُّكُمْ ذُكْرَانًا كُنَّ أَمْ إِنَاثًا ‏\"‏ ‏.‏ قَالَ أَبُو عِيسَى هَذَا حَدِيثٌ حَسَنٌ صَحِيحٌ ‏.‏",
      "english": {
        "narrator": "Narrated Umm Kurz:",
        "text": "That she asked the Messenger of Allah (ﷺ) about the 'Aqiqah. He said: \"For the boy is two sheep, and for the girl is one, it will not harm you if they (i.e. the sheep) are male or female.\""
      },
      "turkish": {
        "narrator": "Narrated Umm Kurz:",
        "text": "Umm Kurz'dan rivayet edilmiştir: O, Allah'ın Elçisi (ﷺ) 'Aqiqah hakkında sordu. O da dedi ki: \"Erkek için iki koyun, kız için bir koyun yeterlidir, koyunların erkek veya dişi olması seni rahatsız etmez.\""
      }
    },
    {
      "id": 29,
      "idInBook": 29,
      "chapterId": 19,
      "bookId": 5,
      "arabic": "حَدَّثَنَا سَلَمَةُ بْنُ شَبِيبٍ، حَدَّثَنَا أَبُو الْمُغِيرَةِ، عَنْ عُفَيْرِ بْنِ مَعْدَانَ، عَنْ سُلَيْمِ بْنِ عَامِرٍ، عَنْ أَبِي أُمَامَةَ، قَالَ قَالَ رَسُولُ اللَّهِ صلى الله عليه وسلم ‏\n\"‏ خَيْرُ الأُضْحِيَةِ الْكَبْشُ وَخَيْرُ الْكَفَنِ الْحُلَّةُ ‏\"‏ ‏.‏ قَالَ أَبُو عِيسَى هَذَا حَدِيثٌ غَرِيبٌ ‏.‏ وَعُفَيْرُ بْنُ مَعْدَانَ يُضَعَّفُ فِي الْحَدِيثِ ‏.‏",
      "english": {
        "narrator": "Narrated Abu Umamah:",
        "text": "That the Messenger of Allah (ﷺ) said: \"The best of Udhiyah (sacrifice) is a ram, and the best (burial) shroud is the Hullah.\""
      },
      "turkish": {
        "narrator": "Narrated Abu Umamah:",
        "text": "Ebu Ümame'den rivayet edilmiştir: \"Allah'ın Elçisi (ﷺ) dedi ki: 'Udhiyah'ın en iyisi bir koçtur ve en iyi kefen Hullah'tır.'\""
      }
    },
    {
      "id": 30,
      "idInBook": 30,
      "chapterId": 19,
      "bookId": 5,
      "arabic": "حَدَّثَنَا أَحْمَدُ بْنُ مَنِيعٍ، حَدَّثَنَا رَوْحُ بْنُ عُبَادَةَ، حَدَّثَنَا ابْنُ عَوْنٍ، حَدَّثَنَا أَبُو رَمْلَةَ، عَنْ مِخْنَفِ بْنِ سُلَيْمٍ، قَالَ كُنَّا وُقُوفًا مَعَ النَّبِيِّ صلى الله عليه وسلم بِعَرَفَاتٍ فَسَمِعْتُهُ يَقُولُ ‏\n\"‏ يَا أَيُّهَا النَّاسُ عَلَى كُلِّ أَهْلِ بَيْتٍ فِي كُلِّ عَامٍ أُضْحِيَةٌ وَعَتِيرَةٌ هَلْ تَدْرُونَ مَا الْعَتِيرَةُ هِيَ الَّتِي تُسَمُّونَهَا الرَّجَبِيَّةَ ‏\"‏ ‏.‏ قَالَ أَبُو عِيسَى هَذَا حَدِيثٌ حَسَنٌ غَرِيبٌ وَلاَ نَعْرِفُ هَذَا الْحَدِيثَ إِلاَّ مِنْ هَذَا الْوَجْهِ مِنْ حَدِيثِ ابْنِ عَوْنٍ ‏.‏",
      "english": {
        "narrator": "Narrated Mikhnaf bin Sulaim:",
        "text": "\"We were standing with the Prophet (ﷺ) at 'Arafat when I heard him say: 'O you people! For every household each year is Udhiyah (sacrifice) and 'Atirah. Do you know what an 'Atirah is ? It is that which you call Ar-Rajabiyyah.'\""
      },
      "turkish": {
        "narrator": "Narrated Mikhnaf bin Sulaim:",
        "text": "Mikhnaf bin Süleym'den rivayet edilmiştir: \"Biz, Arafat'ta Peygamber (ﷺ) ile duruyorduk, onu şöyle derken duydum: 'Ey insanlar! Her hane için her yıl bir Udhiyah (kurban) ve 'Atirah vardır. 'Atirah'ın ne olduğunu biliyor musunuz? O, sizin Ar-Rajabiyyah dediğiniz şeydir.'\""
      }
    },
    {
      "id": 31,
      "idInBook": 31,
      "chapterId": 19,
      "bookId": 5,
      "arabic": "حَدَّثَنَا مُحَمَّدُ بْنُ يَحْيَى الْقُطَعِيُّ، حَدَّثَنَا عَبْدُ الأَعْلَى بْنُ عَبْدِ الأَعْلَى، عَنْ مُحَمَّدِ بْنِ إِسْحَاقَ، عَنْ عَبْدِ اللَّهِ بْنِ أَبِي بَكْرٍ، عَنْ مُحَمَّدِ بْنِ عَلِيِّ بْنِ الْحُسَيْنِ، عَنْ عَلِيِّ بْنِ أَبِي طَالِبٍ، قَالَ عَقَّ رَسُولُ اللَّهِ صلى الله عليه وسلم عَنِ الْحَسَنِ بِشَاةٍ وَقَالَ ‏\n\"‏ يَا فَاطِمَةُ احْلِقِي رَأْسَهُ وَتَصَدَّقِي بِزِنَةِ شَعْرِهِ فِضَّةً ‏\"‏ ‏.‏ قَالَ فَوَزَنَتْهُ فَكَانَ وَزْنُهُ دِرْهَمًا أَوْ بَعْضَ دِرْهَمٍ ‏.‏ قَالَ أَبُو عِيسَى هَذَا حَدِيثٌ حَسَنٌ غَرِيبٌ وَإِسْنَادُهُ لَيْسَ بِمُتَّصِلٍ ‏.‏ وَأَبُو جَعْفَرٍ مُحَمَّدُ بْنُ عَلِيِّ بْنِ الْحُسَيْنِ لَمْ يُدْرِكْ عَلِيَّ بْنَ أَبِي طَالِبٍ ‏.‏",
      "english": {
        "narrator": "Narrated Muhammad bin 'Ali bin Al-Husain:",
        "text": "That Ali bin Abi Talib said: \"The Messenger of Allah (ﷺ) had the 'Aqiqah for Al-Hasan with one sheep, and said: 'O Fatimah! Shave his head and give the weight of his hair in silver as charity.'\" He said: \"So I weighed it, and it was the weight of a Dirham or a bit of a Dirham.\""
      },
      "turkish": {
        "narrator": "Narrated Muhammad bin 'Ali bin Al-Husain:",
        "text": "Muhammed bin Ali bin Hüseyin'den rivayet edilmiştir: Ali bin Ebu Talib şöyle demiştir: \"Allah'ın Resulü (ﷺ) Al-Hasan için bir koyunla 'Aqiqah yaptı ve dedi ki: 'Ey Fatıma! Onun başını traş et ve saçının ağırlığı kadar gümüşü sadaka olarak ver.'\" Dedi ki: \"Ben de tarttım, bir Dirhem veya bir Dirhem'in birazı kadar geldi.\""
      }
    },
    {
      "id": 32,
      "idInBook": 32,
      "chapterId": 19,
      "bookId": 5,
      "arabic": "حَدَّثَنَا الْحَسَنُ بْنُ عَلِيٍّ الْخَلاَّلُ، حَدَّثَنَا أَزْهَرُ بْنُ سَعْدٍ السَّمَّانُ، عَنِ ابْنِ عَوْنٍ، عَنْ مُحَمَّدِ بْنِ سِيرِينَ، عَنْ عَبْدِ الرَّحْمَنِ بْنِ أَبِي بَكْرَةَ، عَنْ أَبِيهِ، أَنَّ النَّبِيَّ صلى الله عليه وسلم خَطَبَ ثُمَّ نَزَلَ فَدَعَا بِكَبْشَيْنِ فَذَبَحَهُمَا ‏.‏ قَالَ أَبُو عِيسَى هَذَا حَدِيثٌ حَسَنٌ صَحِيحٌ ‏.‏",
      "english": {
        "narrator": "Narrated 'Abdur-Rahman bin Abi Bakrah:",
        "text": "From his father, that the Prophet (ﷺ) gave a Khutbah, then he descended and called for two rams and slaughtered them."
      },
      "turkish": {
        "narrator": "Narrated 'Abdur-Rahman bin Abi Bakrah:",
        "text": "Abdurrahman bin Ebu Bekir'den rivayet edilmiştir: Babasından, Peygamber (ﷺ) bir hutbe verdi, sonra indi ve iki koç çağırdı ve onları kesip kurban etti."
      }
    },
    {
      "id": 33,
      "idInBook": 33,
      "chapterId": 19,
      "bookId": 5,
      "arabic": "حَدَّثَنَا قُتَيْبَةُ، حَدَّثَنَا يَعْقُوبُ بْنُ عَبْدِ الرَّحْمَنِ، عَنْ عَمْرِو بْنِ أَبِي عَمْرٍو، عَنِ الْمُطَّلِبِ، عَنْ جَابِرِ بْنِ عَبْدِ اللَّهِ، قَالَ شَهِدْتُ مَعَ النَّبِيِّ صلى الله عليه وسلم الأَضْحَى بِالْمُصَلَّى فَلَمَّا قَضَى خُطْبَتَهُ نَزَلَ عَنْ مِنْبَرِهِ فَأُتِيَ بِكَبْشٍ فَذَبَحَهُ رَسُولُ اللَّهِ صلى الله عليه وسلم بِيَدِهِ وَقَالَ ‏\n\"‏ بِسْمِ اللَّهِ وَاللَّهُ أَكْبَرُ هَذَا عَنِّي وَعَمَّنْ لَمْ يُضَحِّ مِنْ أُمَّتِي ‏\"‏ ‏.‏ قَالَ أَبُو عِيسَى هَذَا حَدِيثٌ غَرِيبٌ مِنْ هَذَا الْوَجْهِ ‏.‏ وَالْعَمَلُ عَلَى هَذَا عِنْدَ أَهْلِ الْعِلْمِ مِنْ أَصْحَابِ النَّبِيِّ صلى الله عليه وسلم وَغَيْرِهِمْ أَنْ يَقُولَ الرَّجُلُ إِذَا ذَبَحَ بِسْمِ اللَّهِ وَاللَّهُ أَكْبَرُ وَهُوَ قَوْلُ ابْنِ الْمُبَارَكِ ‏.‏ وَالْمُطَّلِبُ بْنُ عَبْدِ اللَّهِ بْنِ حَنْطَبٍ يُقَالُ إِنَّهُ لَمْ يَسْمَعْ مِنْ جَابِرٍ ‏.‏",
      "english": {
        "narrator": "Narrated Jabir bin 'Abdullah:",
        "text": "\"I attended the Eid Al-Adha' with the Prophet (ﷺ) at the Musalla. When he finished his Khutbah, he descended from his Minbar and was given a male sheep. The Messenger of Allah (ﷺ) slaughtered it with his hand and said: 'Bismillah, Wa Allahu Akbar, this from me and whoever does not slaughter from my Ummah.'\""
      },
      "turkish": {
        "narrator": "Narrated Jabir bin 'Abdullah:",
        "text": "Cabir bin Abdullah'dan rivayet edilmiştir: \"Ben, Peygamber (ﷺ) ile birlikte Musalla'da Kurban Bayramı'na katıldım. Hutbesini bitirdikten sonra Minber'den indi ve kendisine bir erkek koyun verildi. Allah'ın Resulü (ﷺ) onu kendi eliyle kesti ve dedi ki: 'Bismillah, Allahu Ekber, bu benden ve benim ümmetimden kesmeyenler içindir.'\""
      }
    },
    {
      "id": 34,
      "idInBook": 34,
      "chapterId": 19,
      "bookId": 5,
      "arabic": "حَدَّثَنَا عَلِيُّ بْنُ حُجْرٍ، أَخْبَرَنَا عَلِيُّ بْنُ مُسْهِرٍ، عَنْ إِسْمَاعِيلَ بْنِ مُسْلِمٍ، عَنِ الْحَسَنِ، عَنْ سَمُرَةَ، قَالَ قَالَ رَسُولُ اللَّهِ صلى الله عليه وسلم ‏\n\"‏ الْغُلاَمُ مُرْتَهَنٌ بِعَقِيقَتِهِ يُذْبَحُ عَنْهُ يَوْمَ السَّابِعِ وَيُسَمَّى وَيُحْلَقُ رَأْسُهُ ‏\"‏ ‏.‏",
      "english": {
        "narrator": "Narrated Samurah:",
        "text": "That the Messenger of Allah (ﷺ) said: \"The boy is mortgaged by his 'Aqiqah; slaughtering should be done for him on the seventh day, he should be given a name, and his head should be shaved.\""
      },
      "turkish": {
        "narrator": "Narrated Samurah:",
        "text": "Semure'den rivayet edilmiştir: Allah'ın Resulü (ﷺ) şöyle demiştir: \"Çocuk, 'Aqiqah' ile rehin tutulmuştur; onun için yedinci günde kurban kesilmeli, bir isim verilmeli ve başı traş edilmelidir.\""
      }
    },
    {
      "id": 35,
      "idInBook": 35,
      "chapterId": 19,
      "bookId": 5,
      "arabic": "حَدَّثَنَا الْحَسَنُ بْنُ عَلِيٍّ الْخَلاَّلُ، حَدَّثَنَا يَزِيدُ بْنُ هَارُونَ، أَخْبَرَنَا سَعِيدُ بْنُ أَبِي عَرُوبَةَ، عَنْ قَتَادَةَ، عَنِ الْحَسَنِ، عَنْ سَمُرَةَ بْنِ جُنْدَبٍ، عَنِ النَّبِيِّ صلى الله عليه وسلم نَحْوَهُ ‏.‏ قَالَ أَبُو عِيسَى هَذَا حَدِيثٌ حَسَنٌ صَحِيحٌ ‏.‏ وَالْعَمَلُ عَلَى هَذَا عِنْدَ أَهْلِ الْعِلْمِ يَسْتَحِبُّونَ أَنْ يُذْبَحَ عَنِ الْغُلاَمِ الْعَقِيقَةُ يَوْمَ السَّابِعِ فَإِنْ لَمْ يَتَهَيَّأْ يَوْمَ السَّابِعِ فَيَوْمَ الرَّابِعِ عَشَرَ فَإِنْ لَمْ يَتَهَيَّأْ عُقَّ عَنْهُ يَوْمَ حَادٍ وَعِشْرِينَ وَقَالُوا لاَ يُجْزِئُ فِي الْعَقِيقَةِ مِنَ الشَّاةِ إِلاَّ مَا يُجْزِئُ فِي الأُضْحِيَةِ ‏.‏",
      "english": {
        "narrator": "",
        "text": "Another chain with similar meaning."
      },
      "turkish": {
        "narrator": "",
        "text": "Benzer anlamda başka bir isnad."
      }
    },
    {
      "id": 36,
      "idInBook": 36,
      "chapterId": 19,
      "bookId": 5,
      "arabic": "حَدَّثَنَا أَحْمَدُ بْنُ الْحَكَمِ الْبَصْرِيُّ، حَدَّثَنَا مُحَمَّدُ بْنُ جَعْفَرٍ، عَنْ شُعْبَةَ، عَنْ مَالِكِ بْنِ أَنَسٍ، عَنْ عَمْرٍو، أَوْ عُمَرَ بْنِ مُسْلِمٍ عَنْ سَعِيدِ بْنِ الْمُسَيَّبِ، عَنْ أُمِّ سَلَمَةَ، عَنِ النَّبِيِّ صلى الله عليه وسلم قَالَ ‏\n\"‏ مَنْ رَأَى هِلاَلَ ذِي الْحِجَّةِ وَأَرَادَ أَنْ يُضَحِّيَ فَلاَ يَأْخُذَنَّ مِنْ شَعْرِهِ وَلاَ مِنْ أَظْفَارِهِ ‏\"‏ ‏.‏ قَالَ أَبُو عِيسَى هَذَا حَدِيثٌ حَسَنٌ صَحِيحٌ ‏.‏ وَالصَّحِيحُ هُوَ عَمْرُو بْنُ مُسْلِمٍ قَدْ رَوَى عَنْهُ مُحَمَّدُ بْنُ عَمْرِو بْنِ عَلْقَمَةَ وَغَيْرُ وَاحِدٍ ‏.‏ وَقَدْ رُوِيَ هَذَا الْحَدِيثُ عَنْ سَعِيدِ بْنِ الْمُسَيَّبِ عَنْ أُمِّ سَلَمَةَ عَنِ النَّبِيِّ صلى الله عليه وسلم مِنْ غَيْرِ هَذَا الْوَجْهِ نَحْوَ هَذَا ‏.‏ وَهُوَ قَوْلُ بَعْضِ أَهْلِ الْعِلْمِ وَبِهِ كَانَ يَقُولُ سَعِيدُ بْنُ الْمُسَيَّبِ وَإِلَى هَذَا الْحَدِيثِ ذَهَبَ أَحْمَدُ وَإِسْحَاقُ ‏.‏ وَرَخَّصَ بَعْضُ أَهْلِ الْعِلْمِ فِي ذَلِكَ فَقَالُوا لاَ بَأْسَ أَنْ يَأْخُذَ مِنْ شَعْرِهِ وَأَظْفَارِهِ ‏.‏ وَهُوَ قَوْلُ الشَّافِعِيِّ وَاحْتَجَّ بِحَدِيثِ عَائِشَةَ أَنَّ النَّبِيَّ صلى الله عليه وسلم كَانَ يَبْعَثُ بِالْهَدْىِ مِنَ الْمَدِينَةِ فَلاَ يَجْتَنِبُ شَيْئًا مِمَّا يَجْتَنِبُ مِنْهُ الْمُحْرِمُ ‏.‏",
      "english": {
        "narrator": "Narrated Umm Salamah:",
        "text": "That the Prophet (ﷺ) said: \"Whoever sees the crescent of Dhul-Hijjah, and wants to slaughter a sacrifice he should not take from his hair nor from his nails.\""
      },
      "turkish": {
        "narrator": "Narrated Umm Salamah:",
        "text": "Ümmü Seleme'den rivayet edilmiştir: Peygamber (ﷺ) şöyle demiştir: \"Kim Dhul-Hijjah hilalini görür ve kurban kesmek isterse, ne saçından ne de tırnaklarından bir şey almasın.\""
      }
    }
  ],
  "chapter": {
    "id": 19,
    "bookId": 5,
    "arabic": "كتاب الأضاحى عن رسول الله صلى الله عليه وسلم",
    "english": "The Book on Sacrifices"
  }
}