{
  "metadata": {
    "length": 26,
    "arabic": {
      "title": "جامع الترمذي",
      "author": "الإمام أبو عيسى محمد بن عيسى الترمذي",
      "introduction": "كتاب النذور والأيمان عن رسول الله صلى الله عليه وسلم"
    },
    "english": {
      "title": "Jami' al-Tirmidhi",
      "author": "Imam Abu Isa Muhammad ibn Isa al-Tirmidhi",
      "introduction": "The Book on Vows and Oaths"
    }
  },
  "hadiths": [
    {
      "id": 1,
      "idInBook": 1,
      "chapterId": 20,
      "bookId": 5,
      "arabic": "حَدَّثَنَا قُتَيْبَةُ، حَدَّثَنَا أَبُو صَفْوَانَ، عَنْ يُونُسَ بْنِ يَزِيدَ، عَنِ ابْنِ شِهَابٍ، عَنْ أَبِي سَلَمَةَ، عَنْ عَائِشَةَ، قَالَتْ قَالَ رَسُولُ اللَّهِ صلى الله عليه وسلم ‏\n\"‏ لاَ نَذْرَ فِي مَعْصِيَةٍ وَكَفَّارَتُهُ كَفَّارَةُ يَمِينٍ ‏\"‏ ‏.‏ قَالَ وَفِي الْبَابِ عَنِ ابْنِ عُمَرَ وَجَابِرٍ وَعِمْرَانَ بْنِ حُصَيْنٍ ‏.‏ قَالَ أَبُو عِيسَى هَذَا حَدِيثٌ لاَ يَصِحُّ لأَنَّ الزُّهْرِيَّ لَمْ يَسْمَعْ هَذَا الْحَدِيثَ مِنْ أَبِي سَلَمَةَ ‏.‏ قَالَ سَمِعْتُ مُحَمَّدًا يَقُولُ رَوَى غَيْرُ وَاحِدٍ مِنْهُمْ مُوسَى بْنُ عُقْبَةَ وَابْنُ أَبِي عَتِيقٍ عَنِ الزُّهْرِيِّ عَنْ سُلَيْمَانَ بْنِ أَرْقَمَ عَنْ يَحْيَى بْنِ أَبِي كَثِيرٍ عَنْ أَبِي سَلَمَةَ عَنْ عَائِشَةَ عَنِ النَّبِيِّ صلى الله عليه وسلم ‏.‏ قَالَ مُحَمَّدٌ وَالْحَدِيثُ هُوَ هَذَا ‏.‏",
      "english": {
        "narrator": "Narrated 'Aishah:",
        "text": "That the Messenger of Allah (ﷺ) said: \"There is no vowing for disobedience, and its atonement is the atonement of an oath.\""
      },
      "turkish": {
        "narrator": "Narrated 'Aishah:",
        "text": "'Aişe'den rivayet edilmiştir: Allah'ın Resulü (ﷺ) şöyle buyurdu: \"İsyan için adak yoktur ve bunun kefareti, yemin kefaretidir.\""
      }
    },
    {
      "id": 2,
      "idInBook": 2,
      "chapterId": 20,
      "bookId": 5,
      "arabic": "حَدَّثَنَا أَبُو إِسْمَاعِيلَ التِّرْمِذِيُّ، - وَاسْمُهُ مُحَمَّدُ بْنُ إِسْمَاعِيلَ بْنِ يُوسُفَ حَدَّثَنَا أَيُّوبُ بْنُ سُلَيْمَانَ بْنِ بِلاَلٍ، حَدَّثَنَا أَبُو بَكْرِ بْنُ أَبِي أُوَيْسٍ، عَنْ سُلَيْمَانَ بْنِ بِلاَلٍ، عَنْ مُوسَى بْنِ عُقْبَةَ، وَمُحَمَّدِ بْنِ عَبْدِ اللَّهِ بْنِ أَبِي عَتِيقٍ، عَنِ الزُّهْرِيِّ، عَنْ سُلَيْمَانَ بْنِ أَرْقَمَ، عَنْ يَحْيَى بْنِ أَبِي كَثِيرٍ، عَنْ أَبِي سَلَمَةَ، عَنْ عَائِشَةَ، عَنِ النَّبِيِّ صلى الله عليه وسلم قَالَ ‏\n\"‏ لاَ نَذْرَ فِي مَعْصِيَةِ اللَّهِ وَكَفَّارَتُهُ كَفَّارَةُ يَمِينٍ ‏\"‏ ‏.‏ قَالَ أَبُو عِيسَى هَذَا حَدِيثٌ غَرِيبٌ وَهُوَ أَصَحُّ مِنْ حَدِيثِ أَبِي صَفْوَانَ عَنْ يُونُسَ ‏.‏ وَأَبُو صَفْوَانَ هُوَ مَكِّيٌّ وَاسْمُهُ عَبْدُ اللَّهِ بْنُ سَعِيدِ بْنِ عَبْدِ الْمَلِكِ بْنِ مَرْوَانَ وَقَدْ رَوَى عَنْهُ الْحُمَيْدِيُّ وَغَيْرُ وَاحِدٍ مِنْ جِلَّةِ أَهْلِ الْحَدِيثِ ‏.‏ وَقَالَ قَوْمٌ مِنْ أَهْلِ الْعِلْمِ مِنْ أَصْحَابِ النَّبِيِّ صلى الله عليه وسلم وَغَيْرِهِمْ لاَ نَذْرَ فِي مَعْصِيَةِ اللَّهِ وَكَفَّارَتُهُ كَفَّارَةُ يَمِينٍ ‏.‏ وَهُوَ قَوْلُ أَحْمَدَ وَإِسْحَاقَ وَاحْتَجَّا بِحَدِيثِ الزُّهْرِيِّ عَنْ أَبِي سَلَمَةَ عَنْ عَائِشَةَ ‏.‏ وَقَالَ بَعْضُ أَهْلِ الْعِلْمِ مِنْ أَصْحَابِ النَّبِيِّ صلى الله عليه وسلم وَغَيْرِهِمْ لاَ نَذْرَ فِي مَعْصِيَةٍ وَلاَ كَفَّارَةَ فِي ذَلِكَ ‏.‏ وَهُوَ قَوْلُ مَالِكٍ وَالشَّافِعِيِّ ‏.‏",
      "english": {
        "narrator": "Narrated 'Aishah:",
        "text": "That the Prophet (ﷺ) said: \"There is no vowing in disobedience to Allah, and its atonement is the atonement of an oath.\""
      },
      "turkish": {
        "narrator": "Narrated 'Aishah:",
        "text": "'Aişe'den rivayet edilmiştir: Peygamber (ﷺ) şöyle buyurdu: \"Allah'a isyan etmek için adak yoktur ve bunun kefareti, yemin kefaretidir.\""
      }
    },
    {
      "id": 3,
      "idInBook": 3,
      "chapterId": 20,
      "bookId": 5,
      "arabic": "حَدَّثَنَا قُتَيْبَةُ بْنُ سَعِيدٍ، عَنْ مَالِكِ بْنِ أَنَسٍ، عَنْ طَلْحَةَ بْنِ عَبْدِ الْمَلِكِ الأَيْلِيِّ، عَنِ الْقَاسِمِ بْنِ مُحَمَّدٍ، عَنْ عَائِشَةَ، عَنِ النَّبِيِّ صلى الله عليه وسلم قَالَ ‏\n\"‏ مَنْ نَذَرَ أَنْ يُطِيعَ اللَّهَ فَلْيُطِعْهُ وَمَنْ نَذَرَ أَنْ يَعْصِيَ اللَّهَ فَلاَ يَعْصِهِ ‏\"‏ ‏.‏",
      "english": {
        "narrator": "Narrated 'Aishah:",
        "text": "That the Prophet (ﷺ) said: \"Whoever vowed to obey Allah, then he should obey Him. And whoever vowed to disobey Allah, then he should not disobey Him.\""
      },
      "turkish": {
        "narrator": "Narrated 'Aishah:",
        "text": "'Aişe'den rivayet edilmiştir: Peygamber (ﷺ) şöyle buyurdu: \"Kim Allah'a itaat etmek için adakta bulunursa, ona itaat etsin. Kim de Allah'a isyan etmek için adakta bulunursa, ona isyan etmesin.\""
      }
    },
    {
      "id": 4,
      "idInBook": 4,
      "chapterId": 20,
      "bookId": 5,
      "arabic": "حَدَّثَنَا الْحَسَنُ بْنُ عَلِيٍّ الْخَلاَّلُ، حَدَّثَنَا عَبْدُ اللَّهِ بْنُ نُمَيْرٍ، عَنْ عُبَيْدِ اللَّهِ بْنِ عُمَرَ، عَنْ طَلْحَةَ بْنِ عَبْدِ الْمَلِكِ الأَيْلِيِّ، عَنِ الْقَاسِمِ بْنِ مُحَمَّدٍ، عَنْ عَائِشَةَ، عَنِ النَّبِيِّ صلى الله عليه وسلم نَحْوَهُ ‏.‏ قَالَ أَبُو عِيسَى هَذَا حَدِيثٌ حَسَنٌ صَحِيحٌ ‏.‏ وَقَدْ رَوَاهُ يَحْيَى بْنُ أَبِي كَثِيرٍ عَنِ الْقَاسِمِ بْنِ مُحَمَّدٍ ‏.‏ وَهُوَ قَوْلُ بَعْضِ أَهْلِ الْعِلْمِ مِنْ أَصْحَابِ النَّبِيِّ صلى الله عليه وسلم وَغَيْرِهِمْ وَبِهِ يَقُولُ مَالِكٌ وَالشَّافِعِيُّ قَالُوا لاَ يَعْصِي اللَّهَ وَلَيْسَ فِيهِ كَفَّارَةُ يَمِينٍ إِذَا كَانَ النَّذْرُ فِي مَعْصِيَةٍ ‏.‏",
      "english": {
        "narrator": "",
        "text": "Another Chain with similar meanings."
      },
      "turkish": {
        "narrator": "",
        "text": "Benzer anlamlara sahip başka bir isnad."
      }
    },
    {
      "id": 5,
      "idInBook": 5,
      "chapterId": 20,
      "bookId": 5,
      "arabic": "حَدَّثَنَا أَحْمَدُ بْنُ مَنِيعٍ، حَدَّثَنَا إِسْحَاقُ بْنُ يُوسُفَ الأَزْرَقُ، عَنْ هِشَامٍ الدَّسْتَوَائِيِّ، عَنْ يَحْيَى بْنِ أَبِي كَثِيرٍ، عَنْ أَبِي قِلاَبَةَ، عَنْ ثَابِتِ بْنِ الضَّحَّاكِ، عَنِ النَّبِيِّ صلى الله عليه وسلم قَالَ ‏\n\"‏ لَيْسَ عَلَى الْعَبْدِ نَذْرٌ فِيمَا لاَ يَمْلِكُ ‏\"‏ ‏.‏ قَالَ وَفِي الْبَابِ عَنْ عَبْدِ اللَّهِ بْنِ عَمْرٍو وَعِمْرَانَ بْنِ حُصَيْنٍ ‏.‏ قَالَ أَبُو عِيسَى هَذَا حَدِيثٌ حَسَنٌ صَحِيحٌ ‏.‏",
      "english": {
        "narrator": "Narrated Thabit bin Adh-Dahhak:",
        "text": "That the Prophet (ﷺ) said: \"It is not for a person to vow about that over which he has no control.\""
      },
      "turkish": {
        "narrator": "Narrated Thabit bin Adh-Dahhak:",
        "text": "Thabit bin Adh-Dahhak'tan rivayet edilmiştir: Peygamber (ﷺ) şöyle buyurdu: \"Bir kişinin kontrolü dışında olan şeyler hakkında adakta bulunması caiz değildir.\""
      }
    },
    {
      "id": 6,
      "idInBook": 6,
      "chapterId": 20,
      "bookId": 5,
      "arabic": "حَدَّثَنَا أَحْمَدُ بْنُ مَنِيعٍ، حَدَّثَنَا أَبُو بَكْرِ بْنُ عَيَّاشٍ، حَدَّثَنِي مُحَمَّدٌ، مَوْلَى الْمُغِيرَةِ بْنِ شُعْبَةَ حَدَّثَنِي كَعْبُ بْنُ عَلْقَمَةَ، عَنْ أَبِي الْخَيْرِ، عَنْ عُقْبَةَ بْنِ عَامِرٍ، قَالَ قَالَ رَسُولُ اللَّهِ صلى الله عليه وسلم ‏\n\"‏ كَفَّارَةُ النَّذْرِ إِذَا لَمْ يُسَمَّ كَفَّارَةُ يَمِينٍ ‏\"‏ ‏.‏ قَالَ أَبُو عِيسَى هَذَا حَدِيثٌ حَسَنٌ صَحِيحٌ غَرِيبٌ ‏.‏",
      "english": {
        "narrator": "Narrated 'Uqbah bin 'Amir:",
        "text": "That the Messenger of Allah (ﷺ) said: \"The atonement of a vow when it is not specified is the atonement of an oath.\""
      },
      "turkish": {
        "narrator": "Narrated 'Uqbah bin 'Amir:",
        "text": "'Ukbe bin Amir'den rivayet edilmiştir: Allah'ın Resulü (ﷺ) şöyle buyurdu: \"Belirtilmemiş bir adak için kefaret, yemin kefaretidir.\""
      }
    },
    {
      "id": 7,
      "idInBook": 7,
      "chapterId": 20,
      "bookId": 5,
      "arabic": "حَدَّثَنَا مُحَمَّدُ بْنُ عَبْدِ الأَعْلَى الصَّنْعَانِيُّ، حَدَّثَنَا الْمُعْتَمِرُ بْنُ سُلَيْمَانَ، عَنْ يُونُسَ، هُوَ ابْنُ عُبَيْدٍ حَدَّثَنَا الْحَسَنُ، عَنْ عَبْدِ الرَّحْمَنِ بْنِ سَمُرَةَ، قَالَ قَالَ رَسُولُ اللَّهِ صلى الله عليه وسلم ‏\n\"‏ يَا عَبْدَ الرَّحْمَنِ لاَ تَسْأَلِ الإِمَارَةَ فَإِنَّكَ إِنْ أَتَتْكَ عَنْ مَسْأَلَةٍ وُكِلْتَ إِلَيْهَا وَإِنْ أَتَتْكَ عَنْ غَيْرِ مَسْأَلَةٍ أُعِنْتَ عَلَيْهَا وَإِذَا حَلَفْتَ عَلَى يَمِينٍ فَرَأَيْتَ غَيْرَهَا خَيْرًا مِنْهَا فَائْتِ الَّذِي هُوَ خَيْرٌ وَلْتُكَفِّرْ عَنْ يَمِينِكَ ‏\"‏ ‏.‏ وَفِي الْبَابِ عَنْ عَلِيٍّ وَجَابِرٍ وَعَدِيِّ بْنِ حَاتِمٍ وَأَبِي الدَّرْدَاءِ وَأَنَسٍ وَعَائِشَةَ وَعَبْدِ اللَّهِ بْنِ عَمْرٍو وَأَبِي هُرَيْرَةَ وَأُمِّ سَلَمَةَ وَأَبِي مُوسَى ‏.‏ قَالَ أَبُو عِيسَى حَدِيثُ عَبْدِ الرَّحْمَنِ بْنِ سَمُرَةَ حَدِيثٌ حَسَنٌ صَحِيحٌ ‏.‏",
      "english": {
        "narrator": "Narrated 'Abdur-Rahman bin Samurah:",
        "text": "That the Messenger of Allah (ﷺ) said: \"O 'Abdur-Rahman! Do not ask for a position of leadership, for if you receive it due to asking, you will be left alone with it, and if you receive it without asking, then you will be aided in it. And if you take an oath and you see that something else is better than it, then do what is better, and make an atonement for your oath.\""
      },
      "turkish": {
        "narrator": "Narrated 'Abdur-Rahman bin Samurah:",
        "text": "Abdurrahman bin Samurah'dan rivayet edilmiştir: Allah'ın Resulü (ﷺ) şöyle buyurdu: \"Ey Abdurrahman! Liderlik pozisyonu isteme, çünkü eğer onu istemekle alırsan, onunla yalnız kalırsın; eğer istemeden alırsan, o konuda sana yardım edilir. Eğer bir yemin edersen ve başka bir şeyin daha iyi olduğunu görürsen, o zaman daha iyi olanı yap ve yeminine kefaret ver.\""
      }
    },
    {
      "id": 8,
      "idInBook": 8,
      "chapterId": 20,
      "bookId": 5,
      "arabic": "حَدَّثَنَا قُتَيْبَةُ، عَنْ مَالِكِ بْنِ أَنَسٍ، عَنْ سُهَيْلِ بْنِ أَبِي صَالِحٍ، عَنْ أَبِيهِ، عَنْ أَبِي هُرَيْرَةَ، عَنِ النَّبِيِّ صلى الله عليه وسلم قَالَ ‏\n\"‏ مَنْ حَلَفَ عَلَى يَمِينٍ فَرَأَى غَيْرَهَا خَيْرًا مِنْهَا فَلْيُكَفِّرْ عَنْ يَمِينِهِ وَلْيَفْعَلْ ‏\"‏ ‏.‏ قَالَ وَفِي الْبَابِ عَنْ أُمِّ سَلَمَةَ ‏.‏ قَالَ أَبُو عِيسَى حَدِيثُ أَبِي هُرَيْرَةَ حَدِيثٌ حَسَنٌ صَحِيحٌ ‏.‏ وَالْعَمَلُ عَلَى هَذَا عِنْدَ أَكْثَرِ أَهْلِ الْعِلْمِ مِنْ أَصْحَابِ النَّبِيِّ صلى الله عليه وسلم وَغَيْرِهِمْ أَنَّ الْكَفَّارَةَ قَبْلَ الْحِنْثِ تُجْزِئُ وَهُوَ قَوْلُ مَالِكِ بْنِ أَنَسٍ وَالشَّافِعِيِّ وَأَحْمَدَ وَإِسْحَاقَ ‏.‏ وَقَالَ بَعْضُ أَهْلِ الْعِلْمِ لاَ يُكَفِّرُ إِلاَّ بَعْدَ الْحِنْثِ ‏.‏ قَالَ سُفْيَانُ الثَّوْرِيُّ إِنْ كَفَّرَ بَعْدَ الْحِنْثِ أَحَبُّ إِلَىَّ وَإِنْ كَفَّرَ قَبْلَ الْحِنْثِ أَجْزَأَهُ ‏.‏",
      "english": {
        "narrator": "Narrated Abu Hurairah:",
        "text": "That the Prophet (ﷺ) said: \"Whoever takes an oath, and then he sees that something else is better than it, then he should make atonement for his oath and then do it.\""
      },
      "turkish": {
        "narrator": "Narrated Abu Hurairah:",
        "text": "Ebu Hureyre'den rivayet edilmiştir: Peygamber (ﷺ) şöyle buyurdu: \"Kim yemin eder ve sonra başka bir şeyin daha iyi olduğunu görürse, yeminine kefaret versin ve daha iyi olanı yapsın.\""
      }
    },
    {
      "id": 9,
      "idInBook": 9,
      "chapterId": 20,
      "bookId": 5,
      "arabic": "حَدَّثَنَا مَحْمُودُ بْنُ غَيْلاَنَ، حَدَّثَنَا عَبْدُ الصَّمَدِ بْنُ عَبْدِ الْوَارِثِ، حَدَّثَنِي أَبِي وَحَمَّادُ بْنُ سَلَمَةَ، عَنْ أَيُّوبَ، عَنْ نَافِعٍ، عَنِ ابْنِ عُمَرَ، أَنَّ رَسُولَ اللَّهِ صلى الله عليه وسلم قَالَ ‏\n\"‏ مَنْ حَلَفَ عَلَى يَمِينٍ فَقَالَ إِنْ شَاءَ اللَّهُ فَقَدِ اسْتَثْنَى فَلاَ حِنْثَ عَلَيْهِ ‏\"‏ ‏.‏ قَالَ وَفِي الْبَابِ عَنْ أَبِي هُرَيْرَةَ ‏.‏ قَالَ أَبُو عِيسَى حَدِيثُ ابْنِ عُمَرَ حَدِيثٌ حَسَنٌ ‏.‏ وَقَدْ رَوَاهُ عُبَيْدُ اللَّهِ بْنُ عُمَرَ وَغَيْرُهُ عَنْ نَافِعٍ عَنِ ابْنِ عُمَرَ مَوْقُوفًا ‏.‏ وَهَكَذَا رُوِيَ عَنْ سَالِمٍ عَنِ ابْنِ عُمَرَ رضى الله عنهما مَوْقُوفًا ‏.‏ وَلاَ نَعْلَمُ أَحَدًا رَفَعَهُ غَيْرَ أَيُّوبَ السَّخْتِيَانِيِّ وَقَالَ إِسْمَاعِيلُ بْنُ إِبْرَاهِيمَ وَكَانَ أَيُّوبُ أَحْيَانًا يَرْفَعُهُ وَأَحْيَانًا لاَ يَرْفَعُهُ ‏.‏ وَالْعَمَلُ عَلَى هَذَا عِنْدَ أَكْثَرِ أَهْلِ الْعِلْمِ مِنْ أَصْحَابِ النَّبِيِّ صلى الله عليه وسلم وَغَيْرِهِمْ أَنَّ الاِسْتِثْنَاءَ إِذَا كَانَ مَوْصُولاً بِالْيَمِينِ فَلاَ حِنْثَ عَلَيْهِ وَهُوَ قَوْلُ سُفْيَانَ الثَّوْرِيِّ وَالأَوْزَاعِيِّ وَمَالِكِ بْنِ أَنَسٍ وَعَبْدِ اللَّهِ بْنِ الْمُبَارَكِ وَالشَّافِعِيِّ وَأَحْمَدَ وَإِسْحَاقَ ‏.‏",
      "english": {
        "narrator": "Narrated Ibn 'Umar:",
        "text": "That the Messenger of Allah (ﷺ) said: \"Whoever swears about an oath and says: 'If Allah wills (Insha Allah), then there is no breaking of the oath against him.\""
      },
      "turkish": {
        "narrator": "Narrated Ibn 'Umar:",
        "text": "İbn Ömer'den rivayet edilmiştir: Allah'ın Resulü (ﷺ) şöyle buyurdu: \"Kim bir yemin eder ve derse: 'Eğer Allah dilerse (İnşallah),' o zaman yeminini bozmuş olmaz.\""
      }
    },
    {
      "id": 10,
      "idInBook": 10,
      "chapterId": 20,
      "bookId": 5,
      "arabic": "حَدَّثَنَا يَحْيَى بْنُ مُوسَى، حَدَّثَنَا عَبْدُ الرَّزَّاقِ، أَخْبَرَنَا مَعْمَرٌ، عَنِ ابْنِ طَاوُسٍ، عَنْ أَبِيهِ، عَنْ أَبِي هُرَيْرَةَ، أَنَّ رَسُولَ اللَّهِ صلى الله عليه وسلم قَالَ ‏\"‏ مَنْ حَلَفَ عَلَى يَمِينٍ فَقَالَ إِنْ شَاءَ اللَّهُ لَمْ يَحْنَثْ ‏\"‏ ‏.‏ قَالَ أَبُو عِيسَى سَأَلْتُ مُحَمَّدَ بْنَ إِسْمَاعِيلَ عَنْ هَذَا فَقَالَ هَذَا حَدِيثٌ خَطَأٌ أَخْطَأَ فِيهِ عَبْدُ الرَّزَّاقِ اخْتَصَرَهُ مِنْ حَدِيثِ مَعْمَرٍ عَنِ ابْنِ طَاوُسٍ عَنْ أَبِيهِ عَنْ أَبِي هُرَيْرَةَ عَنِ النَّبِيِّ صلى الله عليه وسلم قَالَ ‏\"‏ إِنَّ سُلَيْمَانَ بْنَ دَاوُدَ قَالَ لأَطُوفَنَّ اللَّيْلَةَ عَلَى سَبْعِينَ امْرَأَةً تَلِدُ كُلُّ امْرَأَةٍ غُلاَمًا ‏.‏ فَطَافَ عَلَيْهِنَّ فَلَمْ تَلِدِ امْرَأَةٌ مِنْهُنَّ إِلاَّ امْرَأَةٌ نِصْفَ غُلاَمٍ ‏\"‏ ‏.‏ فَقَالَ رَسُولُ اللَّهِ صلى الله عليه وسلم ‏\"‏ لَوْ قَالَ إِنْ شَاءَ اللَّهُ لَكَانَ كَمَا قَالَ ‏\"‏ ‏.‏ هَكَذَا رُوِيَ عَنْ عَبْدِ الرَّزَّاقِ عَنْ مَعْمَرٍ عَنِ ابْنِ طَاوُسٍ عَنْ أَبِيهِ هَذَا الْحَدِيثُ بِطُولِهِ وَقَالَ ‏\"‏ سَبْعِينَ امْرَأَةً ‏\"‏ ‏.‏ وَقَدْ رُوِيَ هَذَا الْحَدِيثُ مِنْ غَيْرِ وَجْهٍ عَنْ أَبِي هُرَيْرَةَ عَنِ النَّبِيِّ صلى الله عليه وسلم قَالَ ‏\"‏ قَالَ سُلَيْمَانُ بْنُ دَاوُدَ لأَطُوفَنَّ اللَّيْلَةَ عَلَى مِائَةِ امْرَأَةٍ ‏\"‏ ‏.‏",
      "english": {
        "narrator": "Narrated Abu Hurairah:",
        "text": "That the Messenger of Allah (ﷺ) said: \"Whoever swears  and says: 'If Allah wills (Insha Allah), then he will not have broken it.\""
      },
      "turkish": {
        "narrator": "Narrated Abu Hurairah:",
        "text": "Ebu Hureyre'den rivayet edilmiştir: Allah'ın Resulü (ﷺ) şöyle buyurdu: \"Kim yemin eder ve derse: 'Eğer Allah dilerse (İnşallah),' o zaman yeminini bozmuş olmaz.\""
      }
    },
    {
      "id": 11,
      "idInBook": 11,
      "chapterId": 20,
      "bookId": 5,
      "arabic": "حَدَّثَنَا قُتَيْبَةُ، حَدَّثَنَا سُفْيَانُ، عَنِ الزُّهْرِيِّ، عَنْ سَالِمٍ، عَنْ أَبِيهِ، سَمِعَ النَّبِيُّ صلى الله عليه وسلم عُمَرَ وَهُوَ يَقُولُ وَأَبِي وَأَبِي فَقَالَ ‏\n\"‏ أَلاَ إِنَّ اللَّهَ يَنْهَاكُمْ أَنْ تَحْلِفُوا بِآبَائِكُمْ ‏\"‏ ‏.‏ فَقَالَ عُمَرُ فَوَاللَّهِ مَا حَلَفْتُ بِهِ بَعْدَ ذَلِكَ ذَاكِرًا وَلاَ آثِرًا ‏.‏ قَالَ وَفِي الْبَابِ عَنْ ثَابِتِ بْنِ الضَّحَّاكِ وَابْنِ عَبَّاسٍ وَأَبِي هُرَيْرَةَ وَقُتَيْلَةَ وَعَبْدِ الرَّحْمَنِ بْنِ سَمُرَةَ ‏.‏ قَالَ أَبُو عِيسَى حَدِيثُ ابْنِ عُمَرَ حَدِيثٌ حَسَنٌ صَحِيحٌ ‏.‏ قَالَ أَبُو عِيسَى قَالَ أَبُو عُبَيْدٍ مَعْنَى قَوْلِهِ وَلاَ آثِرًا ‏.‏ أَىْ لَمْ آثُرْهُ عَنْ غَيْرِي يَقُولُ لَمْ أَذْكُرْهُ عَنْ غَيْرِي ‏.‏",
      "english": {
        "narrator": "Narrated Salim:",
        "text": "From his father (Ibn 'Umar) that the Prophet (ﷺ) heard 'Umar saying: \"By my father, By my father!\" So he said: \"Verily Allah prohibits you from swearing by your father.\" So 'Umar said: \"By Allah I did not swear by him after that, neither intentionally nor in narrating.\""
      },
      "turkish": {
        "narrator": "Narrated Salim:",
        "text": "Salim'den, babası (İbn Ömer) aracılığıyla rivayet edilmiştir ki: Peygamber (ﷺ) Ömer'in 'Babam, babam!' dediğini duydu. Bunun üzerine şöyle dedi: \"Şüphesiz Allah, sizi babanızla yemin etmekten men etmiştir.\" Ömer de: \"Allah'a yemin ederim ki, ondan sonra ne kasıtlı ne de rivayet ederken onunla yemin etmedim.\""
      }
    },
    {
      "id": 12,
      "idInBook": 12,
      "chapterId": 20,
      "bookId": 5,
      "arabic": "حَدَّثَنَا هَنَّادٌ، حَدَّثَنَا عَبْدَةُ، عَنْ عُبَيْدِ اللَّهِ بْنِ عُمَرَ، عَنْ نَافِعٍ، عَنِ ابْنِ عُمَرَ، أَنَّ رَسُولَ اللَّهِ صلى الله عليه وسلم أَدْرَكَ عُمَرَ وَهُوَ فِي رَكْبٍ وَهُوَ يَحْلِفُ بِأَبِيهِ فَقَالَ رَسُولُ اللَّهِ صلى الله عليه وسلم ‏\n\"‏ إِنَّ اللَّهَ يَنْهَاكُمْ أَنْ تَحْلِفُوا بِآبَائِكُمْ لِيَحْلِفْ حَالِفٌ بِاللَّهِ أَوْ لِيَسْكُتْ ‏\"‏ ‏.‏ قَالَ أَبُو عِيسَى هَذَا حَدِيثٌ حَسَنٌ صَحِيحٌ ‏.‏",
      "english": {
        "narrator": "Narrated Ibn 'Umar:",
        "text": "That the Messenger of Allah (ﷺ) came across 'Umar while he was on his mount, and he was swearing by his father. So the Messenger of Allah (ﷺ) said: \"Verily Allah prohibits you from swearing by your fathers. So let the one who swears, swear by Allah, or be silent.\""
      },
      "turkish": {
        "narrator": "Narrated Ibn 'Umar:",
        "text": "İbn Ömer'den rivayet edilmiştir: Allah'ın Resulü (ﷺ) Ömer'in bindiği hayvanın üzerinde, babasıyla yemin ettiğini gördü. Bunun üzerine Allah'ın Resulü (ﷺ) şöyle dedi: \"Şüphesiz Allah, sizi babalarınızla yemin etmekten men etmiştir. Yemin eden, Allah ile yemin etsin veya suskun kalsın.\""
      }
    },
    {
      "id": 13,
      "idInBook": 13,
      "chapterId": 20,
      "bookId": 5,
      "arabic": "حَدَّثَنَا قُتَيْبَةُ، حَدَّثَنَا أَبُو خَالِدٍ الأَحْمَرُ، عَنِ الْحَسَنِ بْنِ عُبَيْدِ اللَّهِ، عَنْ سَعْدِ بْنِ عُبَيْدَةَ، أَنَّ ابْنَ عُمَرَ، سَمِعَ رَجُلاً، يَقُولُ لاَ وَالْكَعْبَةِ ‏.‏ فَقَالَ ابْنُ عُمَرَ لاَ يُحْلَفُ بِغَيْرِ اللَّهِ فَإِنِّي سَمِعْتُ رَسُولَ اللَّهِ صلى الله عليه وسلم يَقُولُ ‏\"‏ مَنْ حَلَفَ بِغَيْرِ اللَّهِ فَقَدْ كَفَرَ أَوْ أَشْرَكَ ‏\"‏ ‏.‏ قَالَ أَبُو عِيسَى هَذَا حَدِيثٌ حَسَنٌ ‏.‏ وَفُسِّرَ هَذَا الْحَدِيثُ عِنْدَ بَعْضِ أَهْلِ الْعِلْمِ أَنَّ قَوْلَهُ ‏\"‏ فَقَدْ كَفَرَ أَوْ أَشْرَكَ ‏\"‏ عَلَى التَّغْلِيظِ ‏.‏ وَالْحُجَّةُ فِي ذَلِكَ حَدِيثُ ابْنِ عُمَرَ أَنَّ النَّبِيَّ صلى الله عليه وسلم سَمِعَ عُمَرَ يَقُولُ وَأَبِي وَأَبِي ‏.‏ فَقَالَ ‏\"‏ أَلاَ إِنَّ اللَّهَ يَنْهَاكُمْ أَنْ تَحْلِفُوا بِآبَائِكُمْ ‏\"‏ ‏.‏ وَحَدِيثُ أَبِي هُرَيْرَةَ عَنِ النَّبِيِّ صلى الله عليه وسلم أَنَّهُ قَالَ ‏\"‏ مَنْ قَالَ فِي حَلِفِهِ وَاللاَّتِ وَالْعُزَّى فَلْيَقُلْ لاَ إِلَهَ إِلاَّ اللَّهُ ‏\"‏ ‏.‏ قَالَ أَبُو عِيسَى هَذَا مِثْلُ مَا رُوِيَ عَنِ النَّبِيِّ صلى الله عليه وسلم أَنَّهُ قَالَ ‏\"‏ إِنَّ الرِّيَاءَ شِرْكٌ ‏\"‏ ‏.‏ وَقَدْ فَسَّرَ بَعْضُ أَهْلِ الْعِلْمِ هَذِهِ الآيَة ‏:‏ ‏(‏ وَمَنْ كَانَ يَرْجُو لِقَاءَ رَبِّهِ فَلْيَعْمَلْ عَمَلاً صَالِحًا ‏)‏ الآيَةَ قَالَ لاَ يُرَائِي ‏.‏",
      "english": {
        "narrator": "Narrated Sa'd bin 'Ubaidah:",
        "text": "That Ibn 'Umar heard a man saying: \"No by the Ka'bah\" so Ibn 'Umar said: \"Nothing is sworn by other than Allah, for I heard the Messenger of Allah (ﷺ) say: 'Whoever swears by other than Allah, he has committed disbelief or shirk.'\""
      },
      "turkish": {
        "narrator": "Narrated Sa'd bin 'Ubaidah:",
        "text": "Sa'd bin Ubaidah'tan rivayet edilmiştir: İbn Ömer, bir adamın \"Kabe'ye yemin ederim\" dediğini duydu. Bunun üzerine İbn Ömer şöyle dedi: \"Allah'tan başka hiçbir şeyle yemin edilmez, çünkü ben Allah'ın Resulü (ﷺ) şöyle derken duydum: 'Kim Allah'tan başka bir şeyle yemin ederse, o küfre veya şirke düşmüştür.'\""
      }
    },
    {
      "id": 14,
      "idInBook": 14,
      "chapterId": 20,
      "bookId": 5,
      "arabic": "حَدَّثَنَا عَبْدُ الْقُدُّوسِ بْنُ مُحَمَّدٍ الْعَطَّارُ الْبَصْرِيُّ، حَدَّثَنَا عَمْرُو بْنُ عَاصِمٍ، عَنْ عِمْرَانَ الْقَطَّانِ، عَنْ حُمَيْدٍ، عَنْ أَنَسٍ، قَالَ نَذَرَتِ امْرَأَةٌ أَنْ تَمْشِيَ، إِلَى بَيْتِ اللَّهِ فَسُئِلَ نَبِيُّ اللَّهِ صلى الله عليه وسلم عَنْ ذَلِكَ فَقَالَ ‏\n\"‏ إِنَّ اللَّهَ لَغَنِيٌّ عَنْ مَشْيِهَا مُرُوهَا فَلْتَرْكَبْ ‏\"‏ ‏.‏ قَالَ وَفِي الْبَابِ عَنْ أَبِي هُرَيْرَةَ وَعُقْبَةَ بْنِ عَامِرٍ وَابْنِ عَبَّاسٍ ‏.‏ قَالَ أَبُو عِيسَى حَدِيثُ أَنَسٍ حَدِيثٌ حَسَنٌ صَحِيحٌ غَرِيبٌ مِنْ هَذَا الْوَجْهِ ‏.‏ وَالْعَمَلُ عَلَى هَذَا عِنْدَ بَعْضِ أَهْلِ الْعِلْمِ وَقَالُوا إِذَا نَذَرَتِ امْرَأَةٌ أَنْ تَمْشِيَ فَلْتَرْكَبْ وَلْتُهْدِ شَاةً ‏.‏",
      "english": {
        "narrator": "Narrated Anas:",
        "text": "\"A Woman vowed to walk to the House of Allah, so the Prophet (ﷺ) asked about that, and he said: 'Verily Allah is in no need of her walking, order her to ride.'\""
      },
      "turkish": {
        "narrator": "Narrated Anas:",
        "text": "Enes'ten rivayet edilmiştir: \"Bir kadın, Allah'ın evine yürümek için adakta bulundu, bunun üzerine Peygamber (ﷺ) bu durumu sordu ve şöyle dedi: 'Şüphesiz Allah, onun yürüyüşüne muhtaç değildir, ona bindiğini emret.'\""
      }
    },
    {
      "id": 15,
      "idInBook": 15,
      "chapterId": 20,
      "bookId": 5,
      "arabic": "حَدَّثَنَا أَبُو مُوسَى، مُحَمَّدُ بْنُ الْمُثَنَّى حَدَّثَنَا خَالِدُ بْنُ الْحَارِثِ، حَدَّثَنَا حُمَيْدٌ، عَنْ ثَابِتٍ، عَنْ أَنَسٍ، قَالَ مَرَّ النَّبِيُّ صلى الله عليه وسلم بِشَيْخٍ كَبِيرٍ يَتَهَادَى بَيْنَ ابْنَيْهِ فَقَالَ ‏\"‏ مَا بَالُ هَذَا ‏\"‏ ‏.‏ قَالُوا يَا رَسُولَ اللَّهِ نَذَرَ أَنْ يَمْشِيَ ‏.‏ قَالَ ‏\"‏ إِنَّ اللَّهَ عَزَّ وَجَلَّ لَغَنِيٌّ عَنْ تَعْذِيبِ هَذَا نَفْسَهُ ‏\"‏ ‏.‏ قَالَ فَأَمَرَهُ أَنْ يَرْكَبَ ‏.‏",
      "english": {
        "narrator": "Narrated Anas:",
        "text": "\"The Prophet (ﷺ) passed by old man walking (while supported) between his two sons, so he said: 'What is the matter with this one?' They said: \"O Messenger of Allah! He vowed to walk.' He said: 'Verily Allah  is in no need of this person punishing himself.'\" He said: \"So he ordered him to ride.\""
      },
      "turkish": {
        "narrator": "Narrated Anas:",
        "text": "Enes'ten rivayet edilmiştir: \"Peygamber (ﷺ) iki oğlunun arasında destekle yürüyen yaşlı bir adamın yanından geçti, bunun üzerine şöyle dedi: 'Bu kişi ne yapıyor?' Onlar da: 'Ey Allah'ın Resulü! O yürümek için adakta bulundu.' dedi. Peygamber (ﷺ) şöyle dedi: 'Şüphesiz Allah, bu kişinin kendini cezalandırmasına muhtaç değildir.'\" Bunun üzerine ona bindiğini emretti."
      }
    },
    {
      "id": 16,
      "idInBook": 16,
      "chapterId": 20,
      "bookId": 5,
      "arabic": "حَدَّثَنَا مُحَمَّدُ بْنُ الْمُثَنَّى، حَدَّثَنَا ابْنُ أَبِي عَدِيٍّ، عَنْ حُمَيْدٍ، عَنْ أَنَسٍ، أَنَّ رَسُولَ اللَّهِ صلى الله عليه وسلم رَأَى رَجُلاً فَذَكَرَ نَحْوَهُ ‏.‏ هَذَا حَدِيثٌ حَسَنٌ صَحِيحٌ ‏.‏",
      "english": {
        "narrator": "",
        "text": "Another Chain from Anas that the Messenger of Allah (ﷺ) saw a man, and he mentioned similarly."
      },
      "turkish": {
        "narrator": "",
        "text": "Anas’tan başka bir isnad: Allah’ın Resulü (ﷺ) bir adam gördü ve benzer bir şekilde bahsetti."
      }
    },
    {
      "id": 17,
      "idInBook": 17,
      "chapterId": 20,
      "bookId": 5,
      "arabic": "حَدَّثَنَا قُتَيْبَةُ، حَدَّثَنَا عَبْدُ الْعَزِيزِ بْنُ مُحَمَّدٍ، عَنِ الْعَلاَءِ بْنِ عَبْدِ الرَّحْمَنِ، عَنْ أَبِيهِ، عَنْ أَبِي هُرَيْرَةَ، قَالَ قَالَ رَسُولُ اللَّهِ صلى الله عليه وسلم ‏\n\"‏ لاَ تَنْذِرُوا فَإِنَّ النَّذْرَ لاَ يُغْنِي مِنَ الْقَدَرِ شَيْئًا وَإِنَّمَا يُسْتَخْرَجُ بِهِ مِنَ الْبَخِيلِ ‏\"‏ ‏.‏ قَالَ وَفِي الْبَابِ عَنِ ابْنِ عُمَرَ ‏.‏ قَالَ أَبُو عِيسَى حَدِيثُ أَبِي هُرَيْرَةَ حَدِيثٌ حَسَنٌ ‏.‏ وَالْعَمَلُ عَلَى هَذَا عِنْدَ بَعْضِ أَهْلِ الْعِلْمِ مِنْ أَصْحَابِ النَّبِيِّ صلى الله عليه وسلم وَغَيْرِهِمْ كَرِهُوا النَّذْرَ ‏.‏ وَقَالَ عَبْدُ اللَّهِ بْنُ الْمُبَارَكِ مَعْنَى الْكَرَاهِيَةِ فِي النَّذْرِ فِي الطَّاعَةِ وَالْمَعْصِيَةِ وَإِنْ نَذَرَ الرَّجُلُ بِالطَّاعَةِ فَوَفَّى بِهِ فَلَهُ فِيهِ أَجْرٌ وَيُكْرَهُ لَهُ النَّذْرُ ‏.‏",
      "english": {
        "narrator": "Narrated Abu Hurairah:",
        "text": "That the Messenger of Allah (ﷺ) said: \"Do not vow, for the vows does not prevent what is decreed at all, and it only causes the miser to spend (of his wealth).\""
      },
      "turkish": {
        "narrator": "Narrated Abu Hurairah:",
        "text": "Abu Hurayra’dan rivayet edilmiştir: Allah’ın Resulü (ﷺ) şöyle buyurdu: \"Adak yapmayın, çünkü adak, kesinlikle takdir edileni engellemez ve sadece cimriyi malından harcamaya zorlar.\""
      }
    },
    {
      "id": 18,
      "idInBook": 18,
      "chapterId": 20,
      "bookId": 5,
      "arabic": "حَدَّثَنَا إِسْحَاقُ بْنُ مَنْصُورٍ، أَخْبَرَنَا يَحْيَى بْنُ سَعِيدٍ الْقَطَّانُ، عَنْ عُبَيْدِ اللَّهِ بْنِ عُمَرَ، عَنْ نَافِعٍ، عَنِ ابْنِ عُمَرَ، عَنْ عُمَرَ، قَالَ قُلْتُ يَا رَسُولَ اللَّهِ إِنِّي كُنْتُ نَذَرْتُ أَنْ أَعْتَكِفَ لَيْلَةً فِي الْمَسْجِدِ الْحَرَامِ فِي الْجَاهِلِيَّةِ ‏.‏ قَالَ ‏\n\"‏ أَوْفِ بِنَذْرِكَ ‏\"‏ ‏.‏ قَالَ وَفِي الْبَابِ عَنْ عَبْدِ اللَّهِ بْنِ عَمْرٍو وَابْنِ عَبَّاسٍ ‏.‏ قَالَ أَبُو عِيسَى حَدِيثُ عُمَرَ حَدِيثٌ حَسَنٌ صَحِيحٌ ‏.‏ وَقَدْ ذَهَبَ بَعْضُ أَهْلِ الْعِلْمِ إِلَى هَذَا الْحَدِيثِ قَالُوا إِذَا أَسْلَمَ الرَّجُلُ وَعَلَيْهِ نَذْرُ طَاعَةٍ فَلْيَفِ بِهِ ‏.‏ وَقَالَ بَعْضُ أَهْلِ الْعِلْمِ مِنْ أَصْحَابِ النَّبِيِّ صلى الله عليه وسلم وَغَيْرِهِمْ لاَ اعْتِكَافَ إِلاَّ بِصَوْمٍ ‏.‏ وَقَالَ آخَرُونَ مِنْ أَهْلِ الْعِلْمِ لَيْسَ عَلَى الْمُعْتَكِفِ صَوْمٌ إِلاَّ أَنْ يُوجِبَ عَلَى نَفْسِهِ صَوْمًا ‏.‏ وَاحْتَجُّوا بِحَدِيثِ عُمَرَ أَنَّهُ نَذَرَ أَنْ يَعْتَكِفَ لَيْلَةً فِي الْجَاهِلِيَّةِ فَأَمَرَهُ النَّبِيُّ صلى الله عليه وسلم بِالْوَفَاءِ ‏.‏ وَهُوَ قَوْلُ أَحْمَدَ وَإِسْحَاقَ ‏.‏",
      "english": {
        "narrator": "Narrated 'Umar:",
        "text": "\"I said:'O Messenger of Allah! I had vowed to perform I'tikaf in Al-Masjid Al-Haram for a night during the era of Jahiliyyah.' He said: 'Fulfill your vow.''\""
      },
      "turkish": {
        "narrator": "Narrated 'Umar:",
        "text": "Ömer’den rivayet edilmiştir: \"Ben dedim: 'Ey Allah’ın Resulü! Cahiliye döneminde Kabe’de bir gece itikaf yapmayı adadım.' O da: 'Adakını yerine getir.' dedi.\""
      }
    },
    {
      "id": 19,
      "idInBook": 19,
      "chapterId": 20,
      "bookId": 5,
      "arabic": "حَدَّثَنَا عَلِيُّ بْنُ حُجْرٍ، أَخْبَرَنَا عَبْدُ اللَّهِ بْنُ الْمُبَارَكِ، وَعَبْدُ اللَّهِ بْنُ جَعْفَرٍ، عَنْ مُوسَى بْنِ عُقْبَةَ، عَنْ سَالِمِ بْنِ عَبْدِ اللَّهِ، عَنْ أَبِيهِ، قَالَ كَثِيرًا مَا كَانَ رَسُولُ اللَّهِ صلى الله عليه وسلم يَحْلِفُ بِهَذِهِ الْيَمِينِ ‏\n\"‏ لاَ وَمُقَلِّبِ الْقُلُوبِ ‏\"‏ ‏.‏ قَالَ أَبُو عِيسَى هَذَا حَدِيثٌ حَسَنٌ صَحِيحٌ ‏.‏",
      "english": {
        "narrator": "Narrated Salim bin 'Abdullah:",
        "text": "From this father (Ibn Umar) who said: \"The Messenger of Allah (ﷺ) often would swear with this oath: 'No! By the Changer of the Hearts.'\""
      },
      "turkish": {
        "narrator": "Narrated Salim bin 'Abdullah:",
        "text": "Salim bin Abdullah’dan rivayet edilmiştir: Bu babasından (İbn Ömer) şöyle dedi: \"Allah’ın Resulü (ﷺ) sıkça bu yeminle yemin ederdi: 'Hayır! Kalpleri değiştiren Allah’a yemin ederim.'\""
      }
    },
    {
      "id": 20,
      "idInBook": 20,
      "chapterId": 20,
      "bookId": 5,
      "arabic": "حَدَّثَنَا قُتَيْبَةُ، حَدَّثَنَا اللَّيْثُ، عَنِ ابْنِ الْهَادِ، عَنْ عُمَرَ بْنِ عَلِيِّ بْنِ الْحُسَيْنِ بْنِ عَلِيِّ بْنِ أَبِي طَالِبٍ، عَنْ سَعِيدِ ابْنِ مَرْجَانَةَ، عَنْ أَبِي هُرَيْرَةَ، قَالَ سَمِعْتُ رَسُولَ اللَّهِ صلى الله عليه وسلم يَقُولُ ‏\n\"‏ مَنْ أَعْتَقَ رَقَبَةً مُؤْمِنَةً أَعْتَقَ اللَّهُ مِنْهُ بِكُلِّ عُضْوٍ مِنْهُ عُضْوًا مِنَ النَّارِ حَتَّى يُعْتِقَ فَرْجَهُ بِفَرْجِهِ ‏\"‏ ‏.‏ قَالَ وَفِي الْبَابِ عَنْ عَائِشَةَ وَعَمْرِو بْنِ عَبَسَةَ وَابْنِ عَبَّاسٍ وَوَاثِلَةَ بْنِ الأَسْقَعِ وَأَبِي أُمَامَةَ وَعُقْبَةَ بْنِ عَامِرٍ وَكَعْبِ بْنِ مُرَّةَ ‏.‏ قَالَ أَبُو عِيسَى حَدِيثُ أَبِي هُرَيْرَةَ هَذَا حَدِيثٌ حَسَنٌ صَحِيحٌ غَرِيبٌ مِنْ هَذَا الْوَجْهِ ‏.‏ وَابْنُ الْهَادِ اسْمُهُ يَزِيدُ بْنُ عَبْدِ اللَّهِ بْنِ أُسَامَةَ بْنِ الْهَادِ وَهُوَ مَدَنِيٌّ ثِقَةٌ قَدْ رَوَى عَنْهُ مَالِكُ بْنُ أَنَسٍ وَغَيْرُ وَاحِدٍ مِنْ أَهْلِ الْعِلْمِ ‏.‏",
      "english": {
        "narrator": "Narrated Abu Hurairah:",
        "text": "\"I heard the Messenger of Allah (ﷺ) saying: 'Whoever frees a believing slave, then Allah frees a limb from the Fire for each of his limbs, such that he frees his private parts in lieu of his private parts.'\""
      },
      "turkish": {
        "narrator": "Narrated Abu Hurairah:",
        "text": "Abu Hurayra’dan rivayet edilmiştir: \"Allah’ın Resulü (ﷺ) şöyle buyurdu: 'Kim bir mümin köleyi azat ederse, Allah da onun her bir uzvuna karşılık Cehennem ateşinden bir uzvunu azat eder; bununla birlikte, özel yerlerini azat ettiği takdirde, özel yerleri karşılığında azat eder.'\""
      }
    },
    {
      "id": 21,
      "idInBook": 21,
      "chapterId": 20,
      "bookId": 5,
      "arabic": "حَدَّثَنَا أَبُو كُرَيْبٍ، حَدَّثَنَا الْمُحَارِبِيُّ، عَنْ شُعْبَةَ، عَنْ حُصَيْنٍ، عَنْ هِلاَلِ بْنِ يِسَافٍ، عَنْ سُوَيْدِ بْنِ مُقَرِّنٍ الْمُزَنِيِّ، قَالَ لَقَدْ رَأَيْتُنَا سَبْعَةَ إِخْوَةٍ مَا لَنَا خَادِمٌ إِلاَّ وَاحِدَةٌ فَلَطَمَهَا أَحَدُنَا فَأَمَرَنَا النَّبِيُّ صلى الله عليه وسلم أَنْ نُعْتِقَهَا ‏.‏ قَالَ وَفِي الْبَابِ عَنِ ابْنِ عُمَرَ ‏.‏ قَالَ أَبُو عِيسَى هَذَا حَدِيثٌ حَسَنٌ صَحِيحٌ ‏.‏ وَقَدْ رَوَى غَيْرُ وَاحِدٍ هَذَا الْحَدِيثَ عَنْ حُصَيْنِ بْنِ عَبْدِ الرَّحْمَنِ فَذَكَرَ بَعْضُهُمْ فِي الْحَدِيثِ قَالَ لَطَمَهَا عَلَى وَجْهِهَا ‏.‏",
      "english": {
        "narrator": "Narrated Suwaid bin Muqarrin Al-Muzani:",
        "text": "\"We were seven brothers without a servant except one, and one of us slapped her, so the Prophet (ﷺ) ordered us to free her.\""
      },
      "turkish": {
        "narrator": "Narrated Suwaid bin Muqarrin Al-Muzani:",
        "text": "Suwaid bin Muqarrin Al-Muzani’den rivayet edilmiştir: \"Biz yedi kardeştik, bir hizmetkârımız dışında hiç kimsemiz yoktu, ve birimiz ona tokat attı, bunun üzerine Peygamber (ﷺ) onu azat etmemizi emretti.\""
      }
    },
    {
      "id": 22,
      "idInBook": 22,
      "chapterId": 20,
      "bookId": 5,
      "arabic": "حَدَّثَنَا أَحْمَدُ بْنُ مَنِيعٍ، حَدَّثَنَا إِسْحَاقُ بْنُ يُوسُفَ الأَزْرَقُ، عَنْ هِشَامٍ الدَّسْتَوَائِيِّ، عَنْ يَحْيَى بْنِ أَبِي كَثِيرٍ، عَنْ أَبِي قِلاَبَةَ، عَنْ ثَابِتِ بْنِ الضَّحَّاكِ، قَالَ قَالَ رَسُولُ اللَّهِ صلى الله عليه وسلم ‏\n\"‏ مَنْ حَلَفَ بِمِلَّةٍ غَيْرِ الإِسْلاَمِ كَاذِبًا فَهُوَ كَمَا قَالَ ‏\"‏ ‏.‏ قَالَ أَبُو عِيسَى هَذَا حَدِيثٌ حَسَنٌ صَحِيحٌ ‏.‏ وَقَدِ اخْتَلَفَ أَهْلُ الْعِلْمِ فِي هَذَا إِذَا حَلَفَ الرَّجُلُ بِمِلَّةٍ سِوَى الإِسْلاَمِ فَقَالَ هُوَ يَهُودِيٌّ أَوْ نَصْرَانِيٌّ إِنْ فَعَلَ كَذَا وَكَذَا فَفَعَلَ ذَلِكَ الشَّىْءَ فَقَالَ بَعْضُهُمْ قَدْ أَتَى عَظِيمًا وَلاَ كَفَّارَةَ عَلَيْهِ وَهُوَ قَوْلُ أَهْلِ الْمَدِينَةِ وَبِهِ يَقُولُ مَالِكُ بْنُ أَنَسٍ وَإِلَى هَذَا الْقَوْلِ ذَهَبَ أَبُو عُبَيْدٍ ‏.‏ وَقَالَ بَعْضُ أَهْلِ الْعِلْمِ مِنْ أَصْحَابِ النَّبِيِّ صلى الله عليه وسلم وَالتَّابِعِينَ وَغَيْرِهِمْ عَلَيْهِ فِي ذَلِكَ الْكَفَّارَةُ وَهُوَ قَوْلُ سُفْيَانَ وَأَحْمَدَ وَإِسْحَاقَ ‏.‏",
      "english": {
        "narrator": "Narrated Thabit bin Adh-Dahhak:",
        "text": "That the Messenger of Allah (ﷺ) said: \"Whoever swears by a religion other than Islam while lying, then he is as he said.\""
      },
      "turkish": {
        "narrator": "Narrated Thabit bin Adh-Dahhak:",
        "text": "Thabit bin Adh-Dahhak’tan rivayet edilmiştir: Allah’ın Resulü (ﷺ) şöyle buyurdu: \"Kim İslam dışındaki bir dinle yalan söylerse, o, söylediği gibidir.\""
      }
    },
    {
      "id": 23,
      "idInBook": 23,
      "chapterId": 20,
      "bookId": 5,
      "arabic": "حَدَّثَنَا مَحْمُودُ بْنُ غَيْلاَنَ، حَدَّثَنَا وَكِيعٌ، عَنْ سُفْيَانَ، عَنْ يَحْيَى بْنِ سَعِيدٍ، عَنْ عُبَيْدِ اللَّهِ بْنِ زَحْرٍ، عَنْ أَبِي سَعِيدٍ الرُّعَيْنِيِّ، عَنْ عَبْدِ اللَّهِ بْنِ مَالِكٍ الْيَحْصُبِيِّ، عَنْ عُقْبَةَ بْنِ عَامِرٍ، قَالَ قُلْتُ يَا رَسُولَ اللَّهِ إِنَّ أُخْتِي نَذَرَتْ أَنْ تَمْشِيَ إِلَى الْبَيْتِ حَافِيَةً غَيْرَ مُخْتَمِرَةٍ ‏.‏ فَقَالَ النَّبِيُّ صلى الله عليه وسلم ‏\n\"‏ إِنَّ اللَّهَ لاَ يَصْنَعُ بِشَقَاءِ أُخْتِكَ شَيْئًا فَلْتَرْكَبْ وَلْتَخْتَمِرْ وَلْتَصُمْ ثَلاَثَةَ أَيَّامٍ ‏\"‏ ‏.‏ قَالَ وَفِي الْبَابِ عَنِ ابْنِ عَبَّاسٍ ‏.‏ قَالَ أَبُو عِيسَى هَذَا حَدِيثٌ حَسَنٌ ‏.‏ وَالْعَمَلُ عَلَى هَذَا عِنْدَ أَهْلِ الْعِلْمِ وَهُوَ قَوْلُ أَحْمَدَ وَإِسْحَاقَ ‏.‏",
      "english": {
        "narrator": "Narrated 'Uqbah bin 'Amir:",
        "text": "\"I said: 'O Messenger of Allah! My sister vowed that she would walk to the House barefoot and without Khimar (covering).' The Prophet (ﷺ) said: 'Verily Allah will not do anything with the misery of your sister. She should ride, and cover, and fast three days.'\""
      },
      "turkish": {
        "narrator": "Narrated 'Uqbah bin 'Amir:",
        "text": "Ukba bin Amir’den rivayet edilmiştir: \"Ben dedim: 'Ey Allah’ın Resulü! Kız kardeşim, Ayakları çıplak ve başı açık olarak Kabe’ye yürüyeceğine adadı.' Peygamber (ﷺ) şöyle dedi: 'Şüphesiz Allah, kız kardeşinin sefaletinden hiçbir şey yapmaz. O biner, örtünür ve üç gün oruç tutar.'\""
      }
    },
    {
      "id": 24,
      "idInBook": 24,
      "chapterId": 20,
      "bookId": 5,
      "arabic": "حَدَّثَنَا إِسْحَاقُ بْنُ مَنْصُورٍ، حَدَّثَنَا أَبُو الْمُغِيرَةِ، حَدَّثَنَا الأَوْزَاعِيُّ، حَدَّثَنَا الزُّهْرِيُّ، عَنْ حُمَيْدِ بْنِ عَبْدِ الرَّحْمَنِ، عَنْ أَبِي هُرَيْرَةَ، قَالَ قَالَ رَسُولُ اللَّهِ صلى الله عليه وسلم ‏\n\"‏ مَنْ حَلَفَ مِنْكُمْ فَقَالَ فِي حَلِفِهِ وَاللاَّتِ وَالْعُزَّى فَلْيَقُلْ لاَ إِلَهَ إِلاَّ اللَّهُ وَمَنْ قَالَ تَعَالَ أُقَامِرْكَ فَلْيَتَصَدَّقْ ‏\"‏ ‏.‏ قَالَ أَبُو عِيسَى هَذَا حَدِيثٌ حَسَنٌ صَحِيحٌ ‏.‏ وَأَبُو الْمُغِيرَةِ هُوَ الْخَوْلاَنِيُّ الْحِمْصِيُّ وَاسْمُهُ عَبْدُ الْقُدُّوسِ بْنُ الْحَجَّاجِ ‏.‏",
      "english": {
        "narrator": "Narrated Abu Hurairah:",
        "text": "That the Messenger of Allah (ﷺ) said: \"Whoever among you swears, saying in his oath: 'By Al-Lat! By Al-'Uzza!' Then let him say 'La ilaha illa Allah' And whoever says: 'Come let me gamble with you!' Then let him give in charity.\""
      },
      "turkish": {
        "narrator": "Narrated Abu Hurairah:",
        "text": "Abu Hurayra’dan rivayet edilmiştir: Allah’ın Resulü (ﷺ) şöyle buyurdu: \"Sizden biri yemin ederken: 'Lat’a! Uzza’ya!' diye yemin ederse, o zaman 'La ilaha illa Allah' desin. Ve kim derse: 'Gel seninle kumar oynayayım!' o zaman sadaka versin.\""
      }
    },
    {
      "id": 25,
      "idInBook": 25,
      "chapterId": 20,
      "bookId": 5,
      "arabic": "حَدَّثَنَا قُتَيْبَةُ، حَدَّثَنَا اللَّيْثُ، عَنِ ابْنِ شِهَابٍ، عَنْ عُبَيْدِ اللَّهِ بْنِ عَبْدِ اللَّهِ بْنِ عُتْبَةَ، عَنِ ابْنِ عَبَّاسٍ، أَنَّ سَعْدَ بْنَ عُبَادَةَ، اسْتَفْتَى رَسُولَ اللَّهِ صلى الله عليه وسلم فِي نَذْرٍ كَانَ عَلَى أُمِّهِ تُوُفِّيَتْ قَبْلَ أَنْ تَقْضِيَهُ فَقَالَ النَّبِيُّ صلى الله عليه وسلم ‏\n\"‏ اقْضِهِ عَنْهَا ‏\"‏ ‏.‏ قَالَ أَبُو عِيسَى هَذَا حَدِيثٌ حَسَنٌ صَحِيحٌ ‏.‏",
      "english": {
        "narrator": "Narrated Ibn 'Abbas:",
        "text": "That Sa'd bin 'Ubadah asked the Messenger of Allah (ﷺ) about a vow that was due from his mother, who died before fulfilling it. The Prophet (ﷺ) said: \"Fulfill it for her.\""
      },
      "turkish": {
        "narrator": "Narrated Ibn 'Abbas:",
        "text": "İbn Abbas’tan rivayet edilmiştir: Sa’d bin Ubade, Allah’ın Resulü (ﷺ) ile annesinin yerine getirmesi gereken bir adak hakkında konuştu; annesi, onu yerine getirmeden vefat etmişti. Peygamber (ﷺ) şöyle dedi: \"Onun yerine getir.\""
      }
    },
    {
      "id": 26,
      "idInBook": 26,
      "chapterId": 20,
      "bookId": 5,
      "arabic": "حَدَّثَنَا مُحَمَّدُ بْنُ عَبْدِ الْأَعْلَى حَدَّثَنَا عِمْرَانُ بْنُ عُيَيْنَةَ هُوَ أَخُو سُفْيَانَ بْنِ عُيَيْنَةَ عَنْ حُصَيْنٍ عَنْ سَالِمِ بْنِ أَبِي الْجَعْدِ عَنْ أَبِي أُمَامَةَ وَغَيْرِهِ مِنْ أَصْحَابِ النَّبِيِّ صَلَّى اللَّهُ عَلَيْهِ وَسَلَّمَ  عَنْ النَّبِيِّ صَلَّى اللَّهُ عَلَيْهِ وَسَلَّمَ قَالَ أَيُّمَا امْرِئٍ مُسْلِمٍ أَعْتَقَ امْرَأً مُسْلِمًا كَانَ فَكَاكَهُ مِنْ النَّارِ يُجْزِي كُلُّ عُضْوٍ مِنْهُ عُضْوًا مِنْهُ وَأَيُّمَا امْرِئٍ مُسْلِمٍ أَعْتَقَ امْرَأَتَيْنِ مُسْلِمَتَيْنِ كَانَتَا فَكَاكَهُ مِنْ النَّارِ يُجْزِي كُلُّ عُضْوٍ مِنْهُمَا عُضْوًا مِنْهُ وَأَيُّمَا امْرَأَةٍ مُسْلِمَةٍ أَعْتَقَتْ امْرَأَةً مُسْلِمَةً كَانَتْ فَكَاكَهَا مِنْ النَّارِ يُجْزِي كُلُّ عُضْوٍ مِنْهَا عُضْوًا مِنْهَا  قَالَ أَبُو عِيسَى هَذَا حَدِيثٌ حَسَنٌ صَحِيحٌ غَرِيبٌ مِنْ هَذَا الْوَجْهِ قَالَ أَبُو عِيسَى وَفِي الْحَدِيثِ مَا يَدُلُّ عَلَى أَنَّ عِتْقَ الذُّكُورِ لِلرِّجَالِ أَفْضَلُ مِنْ عِتْقِ الْإِنَاثِ لِقَوْلِ رَسُولِ اللَّهِ صَلَّى اللَّهُ عَلَيْهِ وَسَلَّمَ مَنْ أَعْتَقَ امْرَأً مُسْلِمًا كَانَ فَكَاكَهُ مِنْ النَّارِ يُجْزِي كُلُّ عُضْوٍ مِنْهُ عُضْوًا مِنْهُ",
      "english": {
        "narrator": "Abu Umamah, and other than him from the Companions of the Prophet (ﷺ), narrated that the Prophet (ﷺ) said:",
        "text": "\"Any Muslim man who frees a Muslim man, then it is his salvation from the Fire - each of his limbs suffices for a limb of himself. And any Muslim man that frees two Muslim women, then are his salvation from the Fire - each of their limbs suffices for a limb of himself. And any Muslim woman that frees a Muslim woman, then she is her salvation from the Fire - each of her limb suffices for a limb of herself.\""
      },
      "turkish": {
        "narrator": "Abu Umamah, and other than him from the Companions of the Prophet (ﷺ), narrated that the Prophet (ﷺ) said:",
        "text": "Abu Umamah ve diğerleri, Allah’ın Resulü (ﷺ) şöyle buyurduğunu rivayet etmiştir: \"Herhangi bir Müslüman, bir Müslüman köleyi azat ederse, bu onun Cehennemden kurtuluşudur - her bir uzvu, kendisinin bir uzvuna yeter. Ve herhangi bir Müslüman, iki Müslüman kadını azat ederse, bu da onun Cehennemden kurtuluşudur - her bir uzvu, kendisinin bir uzvuna yeter. Ve herhangi bir Müslüman kadın, bir Müslüman kadını azat ederse, bu da onun Cehennemden kurtuluşudur - her bir uzvu, kendisinin bir uzvuna yeter.\""
      }
    }
  ],
  "chapter": {
    "id": 20,
    "bookId": 5,
    "arabic": "كتاب النذور والأيمان عن رسول الله صلى الله عليه وسلم",
    "english": "The Book on Vows and Oaths"
  }
}