{"metadata":{"length":9,"arabic":{"title":"جامع الترمذي","author":"الإمام أبو عيسى محمد بن عيسى الترمذي","introduction":"كتاب الولاء والهبة عن رسول الله صلى الله عليه وسلم"},"english":{"title":"Jami' al-Tirmidhi","author":"Imam Abu Isa Muhammad ibn Isa al-Tirmidhi","introduction":"Chapters On Wala' And Gifts"}},"hadiths":[{"id":1,"idInBook":1,"chapterId":31,"bookId":5,"arabic":"حَدَّثَنَا بُنْدَارٌ، حَدَّثَنَا عَبْدُ الرَّحْمَنِ بْنُ مَهْدِيٍّ، حَدَّثَنَا سُفْيَانُ، عَنْ مَنْصُورٍ، عَنْ إِبْرَاهِيمَ، عَنِ الأَسْوَدِ، عَنْ عَائِشَةَ، أَنَّهَا أَرَادَتْ أَنْ تَشْتَرِيَ، بَرِيرَةَ فَاشْتَرَطُوا الْوَلاَءَ فَقَالَ النَّبِيُّ صلى الله عليه وسلم ‏\n\"‏ الْوَلاَءُ لِمَنْ أَعْطَى الثَّمَنَ أَوْ لِمَنْ وَلِيَ النِّعْمَةَ ‏\"‏ ‏.‏ قَالَ أَبُو عِيسَى وَفِي الْبَابِ عَنِ ابْنِ عُمَرَ وَأَبِي هُرَيْرَةَ ‏.‏ وَهَذَا حَدِيثٌ حَسَنٌ صَحِيحٌ ‏.‏ وَالْعَمَلُ عَلَى هَذَا عِنْدَ أَهْلِ الْعِلْمِ ‏.‏","english":{"narrator":"Aishah narrated that she wanted to buy Barrirah but (her owners) stipulated that they should have her Wala', so the Prophet (s.a.w) said:","text":"\"The Wala' is for the one who gives the price, or for the one who grants the favor.\"\n\n There are narrations on this topic from Ibn 'Umar and Abu Hurairah.\nThis Hadith is Hasan Sahih, and this is acted upon according to the people of knowledge."}},{"id":2,"idInBook":2,"chapterId":31,"bookId":5,"arabic":"حَدَّثَنَا ابْنُ أَبِي عُمَرَ، حَدَّثَنَا سُفْيَانُ بْنُ عُيَيْنَةَ، حَدَّثَنَا عَبْدُ اللَّهِ بْنُ دِينَارٍ، سَمِعَ عَبْدَ اللَّهِ بْنَ عُمَرَ، أَنَّ رَسُولَ اللَّهِ صلى الله عليه وسلم نَهَى عَنْ بَيْعِ الْوَلاَءِ وَعَنْ هِبَتِهِ ‏.‏ قَالَ أَبُو عِيسَى هَذَا حَدِيثٌ حَسَنٌ صَحِيحٌ لاَ نَعْرِفُهُ إِلاَّ مِنْ حَدِيثِ عَبْدِ اللَّهِ بْنِ دِينَارٍ عَنِ ابْنِ عُمَرَ عَنِ النَّبِيِّ صلى الله عليه وسلم أَنَّهُ نَهَى عَنْ بَيْعِ الْوَلاَءِ وَعَنْ هِبَتِهِ وَقَدْ رَوَاهُ شُعْبَةُ وَسُفْيَانُ الثَّوْرِيُّ وَمَالِكُ بْنُ أَنَسٍ عَنْ عَبْدِ اللَّهِ بْنِ دِينَارٍ ‏.‏ وَيُرْوَى عَنْ شُعْبَةَ قَالَ لَوَدِدْتُ أَنَّ عَبْدَ اللَّهِ بْنَ دِينَارٍ حِينَ حَدَّثَ بِهَذَا الْحَدِيثِ أَذِنَ لِي حَتَّى كُنْتُ أَقُومُ إِلَيْهِ فَأُقَبِّلُ رَأْسَهُ ‏.‏ وَرَوَى يَحْيَى بْنُ سُلَيْمٍ هَذَا الْحَدِيثَ عَنْ عُبَيْدِ اللَّهِ بْنِ عُمَرَ عَنْ نَافِعٍ عَنِ ابْنِ عُمَرَ عَنِ النَّبِيِّ صلى الله عليه وسلم وَهُوَ وَهَمٌ وَهِمَ فِيهِ يَحْيَى بْنُ سُلَيْمٍ وَالصَّحِيحُ عَنْ عُبَيْدِ اللَّهِ بْنِ عُمَرَ عَنْ عَبْدِ اللَّهِ بْنِ دِينَارٍ عَنِ ابْنِ عُمَرَ عَنِ النَّبِيِّ صلى الله عليه وسلم ‏.‏ هَكَذَا رَوَاهُ غَيْرُ وَاحِدٍ عَنْ عُبَيْدِ اللَّهِ بْنِ عُمَرَ ‏.‏ قَالَ أَبُو عِيسَى وَتَفَرَّدَ عَبْدُ اللَّهِ بْنُ دِينَارٍ بِهَذَا الْحَدِيثِ ‏.‏","english":{"narrator":"'Abdullah bin 'Umar narrated that :","text":"the Messenger of Allah (ﷺ) prohibited selling the Wala' and  conferring it.\n\n\n This Hadith is Hasan Sahih. We do not know of it except as a narration of 'Abdullah bin Dinar from Ibn 'Umar from the Prophet (ﷺ). Shu'bah, Sufyan Ath-Thawri, and Malik bin Anas (also) reported it from 'Abdullah bin Dinar. It has been related that Shu'bah said: \"I so wished that 'Abdullah bin Dinar would permit me when he narrated this Hadith that I stand-up, so that I kiss his head.\" And Yahya bin Sulaim reported this Hadith from 'Ubaidullah bin 'Umar from Nafi', from Ibn 'Umar from the Prophet (ﷺ). But this is mistaken, Yahya bin Sulaim erred in it, what is correct is: \"From 'Ubaidullah bin 'Umar, from 'Abdullah bin Dinar, from Ibn 'Umar from the Prophet (ﷺ). This is how it is reported by more than one narrator from 'Ubaidullah bin 'Umar.\n\n\n\n And 'Abdullah bin Dinar is alone with this Hadith."}},{"id":3,"idInBook":3,"chapterId":31,"bookId":5,"arabic":"حَدَّثَنَا هَنَّادٌ، حَدَّثَنَا أَبُو مُعَاوِيَةَ، عَنِ الأَعْمَشِ، عَنْ إِبْرَاهِيمَ التَّيْمِيِّ، عَنْ أَبِيهِ، قَالَ خَطَبَنَا عَلِيٌّ فَقَالَ مَنْ زَعَمَ أَنَّ عِنْدَنَا شَيْئًا نَقْرَؤُهُ إِلاَّ كِتَابَ اللَّهِ وَهَذِهِ الصَّحِيفَةَ صَحِيفَةٌ فِيهَا أَسْنَانُ الإِبِلِ وَأَشْيَاءُ مِنَ الْجِرَاحَاتِ فَقَدْ كَذَبَ وَقَالَ فِيهَا قَالَ رَسُولُ اللَّهِ صلى الله عليه وسلم ‏\n\"‏ الْمَدِينَةُ حَرَامٌ مَا بَيْنَ عَيْرٍ إِلَى ثَوْرٍ فَمَنْ أَحْدَثَ فِيهَا حَدَثًا أَوْ آوَى مُحْدِثًا فَعَلَيْهِ لَعْنَةُ اللَّهِ وَالْمَلاَئِكَةِ وَالنَّاسِ أَجْمَعِينَ لاَ يَقْبَلُ اللَّهُ مِنْهُ يَوْمَ الْقِيَامَةِ صَرْفًا وَلاَ عَدْلاً وَمَنِ ادَّعَى إِلَى غَيْرِ أَبِيهِ أَوْ تَوَلَّى غَيْرَ مَوَالِيهِ فَعَلَيْهِ لَعْنَةُ اللَّهِ وَالْمَلاَئِكَةِ وَالنَّاسِ أَجْمَعِينَ لاَ يُقْبَلُ مِنْهُ صَرْفٌ وَلاَ عَدْلٌ وَذِمَّةُ الْمُسْلِمِينَ وَاحِدَةٌ يَسْعَى بِهَا أَدْنَاهُمْ ‏\"‏ ‏.‏ قَالَ أَبُو عِيسَى هَذَا حَدِيثٌ حَسَنٌ صَحِيحٌ وَقَدْ رُوِيَ مِنْ غَيْرِ وَجْهٍ عَنْ عَلِيٍّ عَنِ النَّبِيِّ صلى الله عليه وسلم ‏.‏ قَالَ أَبُو عِيسَى وَرَوَى بَعْضُهُمْ عَنِ الأَعْمَشِ عَنْ إِبْرَاهِيمَ التَّيْمِيِّ عَنِ الْحَارِثِ بْنِ سُوَيْدٍ عَنْ عَلِيٍّ نَحْوَهُ ‏.‏ \n قَالَ أَبُو عِيسَى هَذَا حَدِيثٌ حَسَنٌ صَحِيحٌ وَقَدْ رُوِيَ مِنْ غَيْرِ وَجْهٍ عَنْ عَلِيٍّ عَنْ النَّبِيِّ صَلَّى اللَّهُ عَلَيْهِ وَسَلَّمَ","english":{"narrator":"Ibrahim At-Taimi narrated from his father:","text":"\"'Ali delivered a Khutbah for us in which he said: 'Whoever claims that we have some book to read other than Allah's Book and this paper, which include camel's ages and things related to (relatiation for) wounds, then he has lied.\" And he said in it: \"Al-Madinah is sacred, what is between 'Air to Thawr, so whoever introduces in it any innovation or shelters an innovator then upon him is the curse of Allah, the angels, and all people. On the Day of Judgment, Allah will not accept his compulsory nor optional good deeds. And whoever claims someone else to be his father, or claims Wala' for someone other than his Mawali, then upon him is the curse of Allah, the angels, and the people; his compulsory and optional good deeds shall not be accepted. The covenants of the Muslims are one, it covers the rest of them.\n\n This Hadith is Hasan Sahih. Some of them reported it similarly from Al-A'mash, from Ibrahim At-Taimi, from Al-Harith bin Suwaid from 'Ali.\n\n\n."}},{"id":4,"idInBook":4,"chapterId":31,"bookId":5,"arabic":"حَدَّثَنَا عَبْدُ الْجَبَّارِ بْنُ الْعَلاَءِ بْنِ عَبْدِ الْجَبَّارِ الْعَطَّارُ، وَسَعِيدُ بْنُ عَبْدِ الرَّحْمَنِ الْمَخْزُومِيُّ، قَالاَ حَدَّثَنَا سُفْيَانُ، عَنِ الزُّهْرِيِّ، عَنْ سَعِيدِ بْنِ الْمُسَيَّبِ، عَنْ أَبِي هُرَيْرَةَ، قَالَ جَاءَ رَجُلٌ مِنْ بَنِي فَزَارَةَ إِلَى النَّبِيِّ صلى الله عليه وسلم فَقَالَ يَا رَسُولَ اللَّهِ إِنَّ امْرَأَتِي وَلَدَتْ غُلاَمًا أَسْوَدَ ‏.‏ فَقَالَ النَّبِيُّ صلى الله عليه وسلم ‏\"‏ هَلْ لَكَ مِنْ إِبِلٍ ‏\"‏ ‏.‏ قَالَ نَعَمْ ‏.‏ قَالَ ‏\"‏ فَمَا أَلْوَانُهَا ‏\"‏ ‏.‏ قَالَ حُمْرٌ ‏.‏ قَالَ ‏\"‏ فَهَلْ فِيهَا أَوْرَقُ ‏\"‏ ‏.‏ قَالَ نَعَمْ إِنَّ فِيهَا لَوُرْقًا ‏.‏ قَالَ ‏\"‏ أَنَّى أَتَاهَا ذَلِكَ ‏\"‏ ‏.‏ قَالَ لَعَلَّ عِرْقًا نَزَعَهَا ‏.‏ قَالَ ‏\"‏ فَهَذَا لَعَلَّ عِرْقًا نَزَعَهُ ‏\"‏ ‏.‏ قَالَ أَبُو عِيسَى هَذَا حَدِيثٌ حَسَنٌ صَحِيحٌ ‏.‏","english":{"narrator":"Abu Hurairah narrated :","text":"\"that a man from \" He said: 'Yes.\" He said: \"Then what are their colors?\" He said: \"Red.\" He said: \"Is there a gray one among them?\" He said: \"Yes, there is a grey one among them.\" He said: \"From where does that come?\" He said: \"Perhaps it is hereditary.\" He said: \"Then in the same way, perhaps it is his heredity.\" \n\n\n This Hadith is Hasan Sahih."}},{"id":5,"idInBook":5,"chapterId":31,"bookId":5,"arabic":"حَدَّثَنَا قُتَيْبَةُ، حَدَّثَنَا اللَّيْثُ، عَنِ ابْنِ شِهَابٍ، عَنْ عُرْوَةَ، عَنْ عَائِشَةَ، أَنَّ النَّبِيَّ صلى الله عليه وسلم دَخَلَ عَلَيْهَا مَسْرُورًا تَبْرُقُ أَسَارِيرُ وَجْهِهِ فَقَالَ ‏\n\"‏ أَلَمْ تَرَىْ أَنَّ مُجَزِّزًا نَظَرَ آنِفًا إِلَى زَيْدِ بْنِ حَارِثَةَ وَأُسَامَةَ بْنِ زَيْدٍ فَقَالَ هَذِهِ الأَقْدَامُ بَعْضُهَا مِنْ بَعْضٍ ‏\"‏ ‏.‏ قَالَ أَبُو عِيسَى هَذَا حَدِيثٌ حَسَنٌ صَحِيحٌ ‏.‏","english":{"narrator":"Aishah narrated that the Prophet (ﷺ) visited her in a very happy mood, his face beaming with joy and said:","text":"\"Don't you see that the Mujazziz looked just now at Zaid bin Harithah and Usamah bin Zaid, and said: 'These feet belong to each other.'\"\n\n\n This Hadith is Hasan Sahih."}},{"id":6,"idInBook":6,"chapterId":31,"bookId":5,"arabic":"وَقَدْ رَوَى ابْنُ عُيَيْنَةَ، هَذَا الْحَدِيثَ عَنِ الزُّهْرِيِّ، عَنْ عُرْوَةَ، عَنْ عَائِشَةَ، وَزَادَ، فِيهِ ‏\n\"‏ أَلَمْ تَرَىْ أَنَّ مُجَزِّزًا مَرَّ عَلَى زَيْدِ بْنِ حَارِثَةَ وَأُسَامَةَ بْنِ زَيْدٍ قَدْ غَطَّيَا رُءُوسَهُمَا وَبَدَتْ أَقْدَامُهُمَا فَقَالَ إِنَّ هَذِهِ الأَقْدَامَ بَعْضُهَا مِنْ بَعْضٍ ‏\"‏ ‏.‏ وَهَكَذَا حَدَّثَنَا سَعِيدُ بْنُ عَبْدِ الرَّحْمَنِ وَغَيْرُ وَاحِدٍ عَنْ سُفْيَانَ بْنِ عُيَيْنَةَ هَذَا الْحَدِيثَ عَنِ الزُّهْرِيِّ عَنْ عُرْوَةَ عَنْ عَائِشَةَ ‏.‏ وَهَذَا حَدِيثٌ حَسَنٌ صَحِيحٌ ‏.‏ وَقَدِ احْتَجَّ بَعْضُ أَهْلِ الْعِلْمِ بِهَذَا الْحَدِيثِ فِي إِقَامَةِ أَمْرِ الْقَافَةِ ‏.‏","english":{"narrator":"Sufyan bin 'Uyainah reported this Hadith from Az-Zuhri, from 'Urwah, from 'Aishah and he added in it:","text":"\"Dont you see that the Mujazziz passed by Zaid bin Harithah and Usamah bin Zaid while their heads were covered, and their feet were exposed, and he said: 'These feet belong to each other.'\"\nThis is how Sa'eed bin Abdur-Rahman - and more than one narrator - narrated this Hadith from Sufyan bin 'Uyanah, from Az-Zuhri, from 'Urwah, from A'ishah. And this Hadith is Hasan Sahih. \nSome of the people of knowledge used this Hadith to support the case of Qa'if."}},{"id":7,"idInBook":7,"chapterId":31,"bookId":5,"arabic":"حَدَّثَنَا أَزْهَرُ بْنُ مَرْوَانَ الْبَصْرِيُّ، حَدَّثَنَا مُحَمَّدُ بْنُ سَوَاءٍ، حَدَّثَنَا أَبُو مَعْشَرٍ، عَنْ سَعِيدٍ، عَنْ أَبِي هُرَيْرَةَ، عَنِ النَّبِيِّ صلى الله عليه وسلم قَالَ ‏\n\"‏ تَهَادَوْا فَإِنَّ الْهَدِيَّةَ تُذْهِبُ وَحَرَ الصَّدْرِ وَلاَ تَحْقِرَنَّ جَارَةٌ لِجَارَتِهَا وَلَوْ شِقَّ فِرْسِنِ شَاةٍ ‏\"‏ ‏.‏ قَالَ أَبُو عِيسَى هَذَا حَدِيثٌ غَرِيبٌ مِنْ هَذَا الْوَجْهِ ‏.‏ وَأَبُو مَعْشَرٍ اسْمُهُ نَجِيحٌ مَوْلَى بَنِي هَاشِمٍ وَقَدْ تَكَلَّمَ فِيهِ بَعْضُ أَهْلِ الْعِلْمِ مِنْ قِبَلِ حِفْظِهِ ‏.‏","english":{"narrator":"Abu Hurairah narrated that the Prophet (s.a.w) said:","text":"\"Give gifts, for indeed the gift removes bad feelings from the chest. And let the neighbor not look down upon (the gift of) her neighbor, even if it be the lower shanks of sheep.\" \n\n\n This Hadith is Gharib from this route. Abu Ma'shar's name is Najih, the freed slave of Banu Hisham. Some of the people of knowledge criticized him due to his poor memory."}},{"id":8,"idInBook":8,"chapterId":31,"bookId":5,"arabic":"حَدَّثَنَا أَحْمَدُ بْنُ مَنِيعٍ، حَدَّثَنَا إِسْحَاقُ بْنُ يُوسُفَ الأَزْرَقُ، حَدَّثَنَا حُسَيْنٌ الْمُكْتِبُ، عَنْ عَمْرِو بْنِ شُعَيْبٍ، عَنْ طَاوُسٍ، عَنِ ابْنِ عُمَرَ، أَنَّ رَسُولَ اللَّهِ صلى الله عليه وسلم قَالَ ‏\n\"‏ مَثَلُ الَّذِي يُعْطِي الْعَطِيَّةَ ثُمَّ يَرْجِعُ فِيهَا كَالْكَلْبِ أَكَلَ حَتَّى إِذَا شَبِعَ قَاءَ ثُمَّ عَادَ فَرَجَعَ فِي قَيْئِهِ ‏\"‏ ‏.‏ قَالَ أَبُو عِيسَى وَفِي الْبَابِ عَنِ ابْنِ عَبَّاسٍ وَعَبْدِ اللَّهِ بْنِ عَمْرٍو ‏.‏","english":{"narrator":"Ibn 'Umar narrated that the Messenger of Allah (S.A.W)said:","text":"\"The parable of the one who gives a gift, and then takes it back, is that of a dog who eats until he is full, and vomits, then he returns to  his vomit.\"\n\n\n There are narrations on this topic from Ibn 'Abbas and 'Abdullah bin 'Amr."}},{"id":9,"idInBook":9,"chapterId":31,"bookId":5,"arabic":"حَدَّثَنَا مُحَمَّدُ بْنُ بَشَّارٍ، حَدَّثَنَا ابْنُ أَبِي عَدِيٍّ، عَنْ حُسَيْنٍ الْمُعَلِّمِ، عَنْ عَمْرِو بْنِ شُعَيْبٍ، حَدَّثَنِي طَاوُسٌ، عَنِ ابْنِ عُمَرَ، وَابْنِ، عَبَّاسٍ يَرْفَعَانِ الْحَدِيثَ قَالَ ‏\n\"‏ لاَ يَحِلُّ لِلرَّجُلِ أَنْ يُعْطِيَ عَطِيَّةً ثُمَّ يَرْجِعَ فِيهَا إِلاَّ الْوَالِدَ فِيمَا يُعْطِي وَلَدَهُ وَمَثَلُ الَّذِي يُعْطِي الْعَطِيَّةَ ثُمَّ يَرْجِعُ فِيهَا كَمَثَلِ الْكَلْبِ أَكَلَ حَتَّى إِذَا شَبِعَ قَاءَ ثُمَّ عَادَ فِي قَيْئِهِ ‏\"‏ ‏.‏ قَالَ أَبُو عِيسَى هَذَا حَدِيثٌ حَسَنٌ صَحِيحٌ ‏.‏ قَالَ الشَّافِعِيُّ لاَ يَحِلُّ لِمَنْ وَهَبَ هِبَةً أَنْ يَرْجِعَ فِيهَا إِلاَّ الْوَالِدَ فَلَهُ أَنْ يَرْجِعَ فِيمَا أَعْطَى وَلَدَهُ ‏.‏ وَاحْتَجَّ بِهَذَا الْحَدِيثِ ‏.","english":{"narrator":"Ibn 'Umar and Ibn 'Abbas narrated the Marfu Hadith:","text":"\"It is not lawful for a man to give a gift and then take it back, except in the case of the father with what he gave to his son. And the parable of the one who gives a gift, and then takes it back, is that of a dog who eats until he is full, and vomits, then he returns to his vomit.\" \n\n\n This Hadith is Hasan Sahih. Ash-Shafi'i said: \"It is not lawful for one who confers something to take it back, except in the case of the father. He may take back what he gave his son\" and he used this Hadith as proof."}}],"chapter":{"id":31,"bookId":5,"arabic":"كتاب الولاء والهبة عن رسول الله صلى الله عليه وسلم","english":"Chapters On Wala' And Gifts"}}