{
  "metadata": {
    "length": 25,
    "arabic": {
      "title": "جامع الترمذي",
      "author": "الإمام أبو عيسى محمد بن عيسى الترمذي",
      "introduction": "كتاب القدر عن رسول الله صلى الله عليه وسلم"
    },
    "english": {
      "title": "Jami' al-Tirmidhi",
      "author": "Imam Abu Isa Muhammad ibn Isa al-Tirmidhi",
      "introduction": "Chapters On Al-Qadar"
    }
  },
  "hadiths": [
    {
      "id": 1,
      "idInBook": 1,
      "chapterId": 32,
      "bookId": 5,
      "arabic": "حَدَّثَنَا عَبْدُ اللَّهِ بْنُ مُعَاوِيَةَ الْجُمَحِيُّ الْبَصْرِيُّ، قَالَ حَدَّثَنَا صَالِحٌ الْمُرِّيُّ، عَنْ هِشَامِ بْنِ حَسَّانَ، عَنْ مُحَمَّدِ بْنِ سِيرِينَ، عَنْ أَبِي هُرَيْرَةَ، قَالَ خَرَجَ عَلَيْنَا رَسُولُ اللَّهِ صلى الله عليه وسلم وَنَحْنُ نَتَنَازَعُ فِي الْقَدَرِ فَغَضِبَ حَتَّى احْمَرَّ وَجْهُهُ حَتَّى كَأَنَّمَا فُقِئَ فِي وَجْنَتَيْهِ الرُّمَّانُ فَقَالَ ‏\n\"‏ أَبِهَذَا أُمِرْتُمْ أَمْ بِهَذَا أُرْسِلْتُ إِلَيْكُمْ إِنَّمَا هَلَكَ مَنْ كَانَ قَبْلَكُمْ حِينَ تَنَازَعُوا فِي هَذَا الأَمْرِ عَزَمْتُ عَلَيْكُمْ أَلاَّ تَتَنَازَعُوا فِيهِ ‏\"‏ ‏.‏ قَالَ أَبُو عِيسَى وَفِي الْبَابِ عَنْ عُمَرَ وَعَائِشَةَ وَأَنَسٍ ‏.‏ وَهَذَا حَدِيثٌ غَرِيبٌ لاَ نَعْرِفُهُ إِلاَّ مِنْ هَذَا الْوَجْهِ مِنْ حَدِيثِ صَالِحٍ الْمُرِّيِّ ‏.‏ وَصَالِحٌ الْمُرِّيُّ لَهُ غَرَائِبُ يَنْفَرِدُ بِهَا لاَ يُتَابَعُ عَلَيْهَا ‏.‏",
      "english": {
        "narrator": "Abu Hurairah narrated:",
        "text": "\"The Messenger of Allah(s.a.w) came out to us while we were discussing about Al-Qadar. He became angry such that his face became red, as if a pomegranate  was bursting through his cheeks. He said: 'Is this what I ordered you to do?' - or: 'Is this what I have been sent to you with? The people before you were only ruined when they differed about this matter. I order you  to not debate about it.'\". (Daif))"
      },
      "turkish": {
        "narrator": "Abu Hurairah narrated:",
        "text": "Abu Hurayra rivayet etti: \"Allah'ın Resulü (s.a.v) bizimle kader hakkında tartışırken dışarı çıktı. Öyle bir öfkelendi ki, yüzü kırmızı oldu, sanki nar çiğneniyormuş gibi. Dedi ki: 'Size bunu mu emrettim?' - ya da: 'Size bununla mı gönderildim? Sizden önceki insanlar bu meselede farklılık gösterdikleri için helak oldular. Size bunu tartışmamanızı emrediyorum.'\". (Daif)"
      }
    },
    {
      "id": 2,
      "idInBook": 2,
      "chapterId": 32,
      "bookId": 5,
      "arabic": "حَدَّثَنَا يَحْيَى بْنُ حَبِيبِ بْنِ عَرَبِيٍّ، قَالَ حَدَّثَنَا الْمُعْتَمِرُ بْنُ سُلَيْمَانَ، قَالَ حَدَّثَنَا أَبِي، عَنْ سُلَيْمَانَ الأَعْمَشِ، عَنْ أَبِي صَالِحٍ، عَنْ أَبِي هُرَيْرَةَ، عَنِ النَّبِيِّ صلى الله عليه وسلم قَالَ ‏\n\"‏ احْتَجَّ آدَمُ وَمُوسَى فَقَالَ مُوسَى يَا آدَمُ أَنْتَ الَّذِي خَلَقَكَ اللَّهُ بِيَدِهِ وَنَفَخَ فِيكَ مِنْ رُوحِهِ أَغْوَيْتَ النَّاسَ وَأَخْرَجْتَهُمْ مِنَ الْجَنَّةِ ‏.‏ قَالَ فَقَالَ آدَمُ وَأَنْتَ مُوسَى الَّذِي اصْطَفَاكَ اللَّهُ بِكَلاَمِهِ أَتَلُومُنِي عَلَى عَمَلٍ عَمِلْتُهُ كَتَبَهُ اللَّهُ عَلَىَّ قَبْلَ أَنْ يَخْلُقَ السَّمَوَاتِ وَالأَرْضَ قَالَ فَحَجَّ آدَمُ مُوسَى ‏\"‏ ‏.‏ قَالَ أَبُو عِيسَى وَفِي الْبَابِ عَنْ عُمَرَ وَجُنْدَبٍ ‏.‏ وَهَذَا حَدِيثٌ حَسَنٌ صَحِيحٌ غَرِيبٌ مِنْ هَذَا الْوَجْهِ مِنْ حَدِيثِ سُلَيْمَانَ التَّيْمِيِّ عَنِ الأَعْمَشِ ‏.‏ وَقَدْ رَوَى بَعْضُ أَصْحَابِ الأَعْمَشِ عَنِ الأَعْمَشِ عَنْ أَبِي صَالِحٍ عَنْ أَبِي هُرَيْرَةَ عَنِ النَّبِيِّ صلى الله عليه وسلم نَحْوَهُ ‏.‏ وَقَالَ بَعْضُهُمْ عَنِ الأَعْمَشِ عَنْ أَبِي صَالِحٍ عَنْ أَبِي سَعِيدٍ عَنِ النَّبِيِّ صلى الله عليه وسلم ‏.‏ وَقَدْ رُوِيَ هَذَا الْحَدِيثُ مِنْ غَيْرِ وَجْهٍ عَنْ أَبِي هُرَيْرَةَ عَنِ النَّبِيِّ صلى الله عليه وسلم ‏.‏",
      "english": {
        "narrator": "Abu Hurairah narrated that the Prophet(S.A.W) said:",
        "text": "\"Adam and Musa argued, Musa said: \"O Adam! You are the one that Allah created with His Hand, and blew into you of His Spirit, and you misled the people  and caused them  to be expelled from Paradise.'  So Adam said: 'You are Musa, the one Allah selected with His Speech! Are you blaming me for something I did which Allah had decreed for me, before creating the heavens and the earth?'\" He said: \" So Adam confuted Musa.\""
      },
      "turkish": {
        "narrator": "Abu Hurairah narrated that the Prophet(S.A.W) said:",
        "text": "Abu Hurayra rivayet etti ki, Peygamber (s.a.v) dedi: \"Âdem ile Musa tartıştılar, Musa dedi: 'Ey Âdem! Allah'ın elinden yarattığı ve ruhundan üflediği sensin, sen insanları saptırdın ve onları Cennet'ten çıkardın.' Âdem dedi: 'Sen Musa'sın, Allah'ın kelamıyla seçtiği! Beni, Allah'ın gökleri ve yeri yaratmadan önce benim için takdir ettiği bir şeyle mi suçluyorsun?'\" Dedi: \"Böylece Âdem Musa'yı çürüttü.\""
      }
    },
    {
      "id": 3,
      "idInBook": 3,
      "chapterId": 32,
      "bookId": 5,
      "arabic": "حَدَّثَنَا بُنْدَارٌ، قَالَ حَدَّثَنَا عَبْدُ الرَّحْمَنِ بْنُ مَهْدِيٍّ، قَالَ حَدَّثَنَا شُعْبَةُ، عَنْ عَاصِمِ بْنِ عُبَيْدِ اللَّهِ، قَالَ سَمِعْتُ سَالِمَ بْنَ عَبْدِ اللَّهِ، يُحَدِّثُ عَنْ أَبِيهِ، قَالَ قَالَ عُمَرُ يَا رَسُولَ اللَّهِ أَرَأَيْتَ مَا نَعْمَلُ فِيهِ أَمْرٌ مُبْتَدَعٌ أَوْ مُبْتَدَأٌ أَوْ فِيمَا قَدْ فُرِغَ مِنْهُ فَقَالَ ‏\n\"‏ فِيمَا قَدْ فُرِغَ مِنْهُ يَا ابْنَ الْخَطَّابِ وَكُلٌّ مُيَسَّرٌ أَمَّا مَنْ كَانَ مِنْ أَهْلِ السَّعَادَةِ فَإِنَّهُ يَعْمَلُ لِلسَّعَادَةِ وَأَمَّا مَنْ كَانَ مِنْ أَهْلِ الشَّقَاءِ فَإِنَّهُ يَعْمَلُ لِلشَّقَاءِ ‏\"‏ ‏.‏ قَالَ أَبُو عِيسَى وَفِي الْبَابِ عَنْ عَلِيٍّ وَحُذَيْفَةَ بْنِ أَسِيدٍ وَأَنَسٍ وَعِمْرَانَ بْنِ حُصَيْنٍ ‏.‏ وَهَذَا حَدِيثٌ حَسَنٌ صَحِيحٌ ‏.‏",
      "english": {
        "narrator": "'Asim bin 'Ubaidullah said:",
        "text": "' I heard Salim bin 'Abdullah narrating a Hadith from his father who said: \"'Umar said :\n\"O Messenger of Allah! Do you see that what we do is a new matter- or a matter initiated – or it is a matter already concluded?” He (s.a.w)  said: “ O Ibn Al-Khattab! It is a matter already concluded. For everyone is suited (for that for which he is created). As for one who is among the people of happiness, then he works for happiness, and as for the one who is among the people of misery, then he works for his misery.” (Hasan)"
      },
      "turkish": {
        "narrator": "'Asim bin 'Ubaidullah said:",
        "text": "'Asim bin 'Ubaidullah dedi: 'Salim bin Abdullah'ın babasından bir hadisi rivayet ettiğini duydum ki, o da dedi: \"'Ömer dedi: 'Ey Allah'ın Resulü! Yaptığımız şey yeni bir mesele mi - yoksa başlatılmış bir mesele mi - yoksa zaten sonuçlanmış bir mesele mi?' O (s.a.v) dedi: 'Ey İbn Al-Hattab! Bu, zaten sonuçlanmış bir meseledir. Çünkü herkes, yaratıldığı şey için uygundur. Eğer mutlu insanların arasındaysa, mutluluk için çalışır; eğer mutsuz insanların arasındaysa, mutsuzluğu için çalışır.'\"(Hasan)"
      }
    },
    {
      "id": 4,
      "idInBook": 4,
      "chapterId": 32,
      "bookId": 5,
      "arabic": "حَدَّثَنَا الْحَسَنُ بْنُ عَلِيٍّ الْحُلْوَانِيُّ،قَالَ حَدَّثَنَا عَبْدُ اللَّهِ بْنُ نُمَيْرٍ، وَوَكِيعٌ، عَنِ الأَعْمَشِ، عَنْ سَعْدِ بْنِ عُبَيْدَةَ، عَنْ أَبِي عَبْدِ الرَّحْمَنِ السُّلَمِيِّ، عَنْ عَلِيٍّ، قَالَ بَيْنَمَا نَحْنُ مَعَ رَسُولِ اللَّهِ صلى الله عليه وسلم وَهُوَ يَنْكُتُ فِي الأَرْضِ إِذْ رَفَعَ رَأْسَهُ إِلَى السَّمَاءِ ثُمَّ قَالَ ‏\"‏ مَا مِنْكُمْ مِنْ أَحَدٍ إِلاَّ قَدْ عُلِمَ وَقَالَ وَكِيعٌ إِلاَّ قَدْ كُتِبَ مَقْعَدُهُ مِنَ النَّارِ وَمَقْعَدُهُ مِنَ الْجَنَّةِ ‏\"‏ ‏.‏ قَالُوا أَفَلاَ نَتَّكِلُ يَا رَسُولَ اللَّهِ قَالَ ‏\"‏ لاَ اعْمَلُوا فَكُلٌّ مُيَسَّرٌ لِمَا خُلِقَ لَهُ ‏\"‏ ‏.‏ قَالَ أَبُو عِيسَى هَذَا حَدِيثٌ حَسَنٌ صَحِيحٌ ‏.‏",
      "english": {
        "narrator": "'Ali narrated:",
        "text": "\"We were with the Messenger of Allah (s.a.w) and he was scraping the ground, when he raised his head to the heavens, then said:\n'There is not one of you but (his place) is known' – Waki said: 'His place has been decreed (be it) in the Fire, and (or) his place in Paradise.' They said: 'Shall we not rely upon this O Messenger of Allah?' He said: 'No. Work, for everyone is facilitated for what he was created.'”(Sahih)"
      },
      "turkish": {
        "narrator": "'Ali narrated:",
        "text": "'Ali rivayet etti: \"Biz Allah'ın Resulü (s.a.v) ile birlikteydik ve o, toprağı kazıyordu, sonra başını gökyüzüne kaldırdı ve dedi: 'Sizden hiç kimsenin yeri bilinmiyor değildir.' - Vaki dedi: 'Onun yeri, Cehennem'de ya da Cennet'te yazılmıştır.' Onlar dediler: 'Bu konuda güvenmeyecek miyiz, ey Allah'ın Resulü?' O dedi: 'Hayır. Çalışın, çünkü herkes, yaratıldığı şey için kolaylaştırılmıştır.'\"(Sahih)"
      }
    },
    {
      "id": 5,
      "idInBook": 5,
      "chapterId": 32,
      "bookId": 5,
      "arabic": "حَدَّثَنَا هَنَّادٌ، حَدَّثَنَا أَبُو مُعَاوِيَةَ، قَالَ عَنِ الأَعْمَشِ، عَنْ زَيْدِ بْنِ وَهْبٍ، عَنْ عَبْدِ اللَّهِ بْنِ مَسْعُودٍ، قَالَ حَدَّثَنَا رَسُولُ اللَّهِ صلى الله عليه وسلم وَهُوَ الصَّادِقُ الْمَصْدُوقُ ‏\n\"‏ إِنَّ أَحَدَكُمْ يُجْمَعُ خَلْقُهُ فِي بَطْنِ أُمِّهِ فِي أَرْبَعِينَ يَوْمًا ثُمَّ يَكُونُ عَلَقَةً مِثْلَ ذَلِكَ ثُمَّ يَكُونُ مُضْغَةً مِثْلَ ذَلِكَ ثُمَّ يُرْسِلُ اللَّهُ إِلَيْهِ الْمَلَكَ فَيَنْفُخُ فِيهِ وَيُؤْمَرُ بِأَرْبَعٍ يَكْتُبُ رِزْقَهُ وَأَجَلَهُ وَعَمَلَهُ وَشَقِيٌّ أَوْ سَعِيدٌ فَوَالَّذِي لاَ إِلَهَ غَيْرُهُ إِنَّ أَحَدَكُمْ لَيَعْمَلُ بِعَمَلِ أَهْلِ الْجَنَّةِ حَتَّى مَا يَكُونُ بَيْنَهُ وَبَيْنَهَا إِلاَّ ذِرَاعٌ ثُمَّ يَسْبِقُ عَلَيْهِ الْكِتَابُ فَيُخْتَمُ لَهُ بِعَمَلِ أَهْلِ النَّارِ فَيَدْخُلُهَا وَإِنَّ أَحَدَكُمْ لَيَعْمَلُ بِعَمَلِ أَهْلِ النَّارِ حَتَّى مَا يَكُونُ بَيْنَهُ وَبَيْنَهَا إِلاَّ ذِرَاعٌ ثُمَّ يَسْبِقُ عَلَيْهِ الْكِتَابُ فَيُخْتَمُ لَهُ بِعَمَلِ أَهْلِ الْجَنَّةِ فَيَدْخُلُهَا ‏\"‏ ‏.‏ قَالَ أَبُو عِيسَى وَهَذَا حَدِيثٌ حَسَنٌ صَحِيحٌ ‏.‏ \n\n حَدَّثَنَا مُحَمَّدُ بْنُ بَشَّارٍ، حَدَّثَنَا يَحْيَى بْنُ سَعِيدٍ، حَدَّثَنَا الأَعْمَشُ، حَدَّثَنَا زَيْدُ بْنُ وَهْبٍ، عَنْ عَبْدِ اللَّهِ بْنِ مَسْعُودٍ، قَالَ حَدَّثَنَا رَسُولُ اللَّهِ صلى الله عليه وسلم فَذَكَرَ مِثْلَهُ ‏.‏ وَهَذَا حَدِيثٌ حَسَنٌ صَحِيحٌ ‏.‏ وَقَدْ رَوَى شُعْبَةُ وَالثَّوْرِيُّ عَنِ الأَعْمَشِ نَحْوَهُ ‏.‏ قَالَ أَبُو عِيسَى وَفِي الْبَابِ عَنْ أَبِي هُرَيْرَةَ وَأَنَسٍ ‏.‏ وَسَمِعْتُ أَحْمَدَ بْنَ الْحَسَنِ قَالَ سَمِعْتُ أَحْمَدَ بْنَ حَنْبَلٍ يَقُولُ مَا رَأَيْتُ بِعَيْنِي مِثْلَ يَحْيَى بْنِ سَعِيدٍ الْقَطَّانِ و هذا حديث حسن صحيح. وقد روى شعبة والثوري عن عن الأعمش نحوه. \n\n حَدَّثَنَا مُحَمَّدُ بْنُ الْعَلاَءِ، حَدَّثَنَا وَكِيعٌ، عَنِ الأَعْمَشِ، عَنْ زَيْدٍ، نَحْوَهُ ‏.‏",
      "english": {
        "narrator": "'Abdullah bin Mas'ud said:",
        "text": "The Messenger of Allah (s.a.w) narrated to us - and he is the truthful and entrusted one:\n'Indeed the creation of one of you is gathered inside his mother in forty days. Then, for a similar period, he is a clot. Then, for a similar period, he is a piece of flesh. Then Allah sends the angel to him to blow the soul into him, and he is ordered to write four (things): To write his provision, his life-span, his works, and whether he will be wretched or happy. By the One besides Whom there is none other worthy of worship! One of you will do deeds of the people of Paradise, until there is between him and it but a forearm span, then he is overcome by what is written for him, and he is sealed off with the deeds of the people of the Fire, so that he enters it. And indeed one of you will do deeds of the people of the Fire, until there is between him and it but a forearm span, then he is overcome by what is written for him, and he is sealed off with the deeds of the people of Paradise, so that he enters it.'\"\n\nAnother chain reports a similar narration."
      },
      "turkish": {
        "narrator": "'Abdullah bin Mas'ud said:",
        "text": "'Abdullah bin Mes'ud dedi: Allah'ın Resulü (s.a.v) bize haber verdi - ve o, doğru ve güvenilir olandır: 'Şüphesiz, birinizin yaratılışı annesinde kırk gün boyunca toplanır. Sonra, benzer bir süre, bir kan pıhtısıdır. Sonra, benzer bir süre, bir et parçasıdır. Sonra Allah ona ruhu üflemek için bir melek gönderir ve ona dört şeyi yazması emredilir: Rızkını, ömrünü, amellerini ve mutlu mu yoksa mutsuz mu olacağını yazması. Kendisine ibadet edilecek tek olan Allah'a yemin ederim ki! Sizden biri, Cennet halkının amellerini yapar, aralarında sadece bir kol mesafesi kalır, sonra kendisine yazılanla karşılaşır ve Cehennem halkının amelleriyle mühürlenir, böylece oraya girer. Ve şüphesiz, sizden biri, Cehennem halkının amellerini yapar, aralarında sadece bir kol mesafesi kalır, sonra kendisine yazılanla karşılaşır ve Cennet halkının amelleriyle mühürlenir, böylece oraya girer.'\""
      }
    },
    {
      "id": 6,
      "idInBook": 6,
      "chapterId": 32,
      "bookId": 5,
      "arabic": "حَدَّثَنَا مُحَمَّدُ بْنُ يَحْيَى الْقُطَعِيُّ الْبَصْرِيُّ، قال: حَدَّثَنَا عَبْدُ الْعَزِيزِ بْنُ رَبِيعَةَ الْبُنَانِيُّ، قال: حَدَّثَنَا الأَعْمَشُ، عَنْ أَبِي صَالِحٍ، عَنْ أَبِي هُرَيْرَةَ، قَالَ قَالَ رَسُولُ اللَّهِ صلى الله عليه وسلم ‏\"‏ كُلُّ مَوْلُودٍ يُولَدُ عَلَى الْمِلَّةِ فَأَبَوَاهُ يُهَوِّدَانِهِ أَوْ يُنَصِّرَانِهِ أَوْ يُشَرِّكَانِهِ ‏\"‏ ‏.‏ قِيلَ يَا رَسُولَ اللَّهِ فَمَنْ هَلَكَ قَبْلَ ذَلِكَ قَالَ ‏\"‏ اللَّهُ أَعْلَمُ بِمَا كَانُوا عَامِلِينَ بِهِ ‏\"‏ ‏.‏ \n\n حَدَّثَنَا أَبُو كُرَيْبٍ، وَالْحُسَيْنُ بْنُ حُرَيْثٍ، قَالاَ حَدَّثَنَا وَكِيعٌ، عَنِ الأَعْمَشِ، عَنْ أَبِي صَالِحٍ، عَنْ أَبِي هُرَيْرَةَ، عَنِ النَّبِيِّ صلى الله عليه وسلم نَحْوَهُ بِمَعْنَاهُ وَقَالَ ‏\"‏ يُولَدُ عَلَى الْفِطْرَةِ ‏\"‏ ‏.‏ قَالَ أَبُو عِيسَى هَذَا حَدِيثٌ حَسَنٌ صَحِيحٌ ‏.‏ وَقَدْ رَوَاهُ شُعْبَةُ وَغَيْرُهُ عَنِ الأَعْمَشِ عَنْ أَبِي صَالِحٍ عَنْ أَبِي هُرَيْرَةَ عَنِ النَّبِيِّ صلى الله عليه وسلم بِمَعْنَاهُ ‏.‏ وَفِي الْبَابِ عَنِ الأَسْوَدِ بْنِ سَرِيعٍ ‏.‏",
      "english": {
        "narrator": "'Abu Hurairah narrated that the Messenger of Allah (s.a.w) said:",
        "text": "\"Every child is born upon the Millah, then his parents make him a Jew, a Christian, or an idolater.\" It was said: \"O Messenger of Allah! What about those  who die before that?\" He said: \"Allah knows best what they would have done.\"\n\n[Another chain) with similar in \nmeaning, and he said: \"Born \nupon the Fiirah.\""
      },
      "turkish": {
        "narrator": "'Abu Hurairah narrated that the Messenger of Allah (s.a.w) said:",
        "text": "Başka bir isnad benzer bir rivayet bildirir."
      }
    },
    {
      "id": 7,
      "idInBook": 7,
      "chapterId": 32,
      "bookId": 5,
      "arabic": "حَدَّثَنَا مُحَمَّدُ بْنُ حُمَيْدٍ الرَّازِيُّ، وَسَعِيدُ بْنُ يَعْقُوبَ، قَالاَ حَدَّثَنَا يَحْيَى بْنُ الضُّرَيْسِ، عَنْ أَبِي مَوْدُودٍ، عَنْ سُلَيْمَانَ التَّيْمِيِّ، عَنْ أَبِي عُثْمَانَ النَّهْدِيِّ، عَنْ سَلْمَانَ، قَالَ قَالَ رَسُولُ اللَّهِ صلى الله عليه وسلم ‏\n\"‏ لاَ يَرُدُّ الْقَضَاءَ إِلاَّ الدُّعَاءُ وَلاَ يَزِيدُ فِي الْعُمُرِ إِلاَّ الْبِرُّ ‏\"‏ ‏.‏ قَالَ أَبُو عِيسَى وَفِي الْبَابِ عَنْ أَبِي أُسَيْدٍ ‏.‏ وَهَذَا حَدِيثٌ حَسَنٌ غَرِيبٌ مِنْ حَدِيثِ سَلْمَانَ لاَ نَعْرِفُهُ إِلاَّ مِنْ حَدِيثِ يَحْيَى بْنِ الضُّرَيْسِ ‏.‏ وَأَبُو مَوْدُودٍ اثْنَانِ أَحَدُهُمَا يُقَالُ لَهُ فِضَّةٌ وَهُوَ الَّذِي رَوَى هَذَا الْحَدِيثَ اسْمُهُ فِضَّةٌ بَصْرِيٌّ وَالآخَرُ عَبْدُ الْعَزِيزِ بْنُ أَبِي سُلَيْمَانَ أَحَدُهُمَا بَصْرِيٌّ وَالآخَرُ مَدَنِيٌّ وَكَانَا فِي عَصْرٍ وَاحِدٍ وابو مودود الذي روى هذا الحديث أسمه فضة بصري. ‏",
      "english": {
        "narrator": "'Salman narrated that the Messenger of Allah (s.a.w) said:",
        "text": "\"Nothing turns back the Decree except supplication, and nothing increases the life-span except righteousness.\""
      },
      "turkish": {
        "narrator": "'Salman narrated that the Messenger of Allah (s.a.w) said:",
        "text": "'Abu Hurayra rivayet etti ki, Allah'ın Resulü (s.a.v) dedi: \"Her çocuk, Fıtrat üzere doğar, sonra ebeveynleri onu Yahudi, Hristiyan veya putperest yapar.\" Denildi ki: \"Ey Allah'ın Resulü! Peki, bunlardan önce ölenler ne olacak?\" O dedi: \"Allah, onların ne yapacaklarını en iyi bilendir.\""
      }
    },
    {
      "id": 8,
      "idInBook": 8,
      "chapterId": 32,
      "bookId": 5,
      "arabic": "حَدَّثَنَا هَنَّادٌ، قال حَدَّثَنَا أَبُو مُعَاوِيَةَ، عَنِ الأَعْمَشِ، عَنْ أَبِي سُفْيَانَ، عَنْ أَنَسٍ، قَالَ كَانَ رَسُولُ اللَّهِ صلى الله عليه وسلم يُكْثِرُ أَنْ يَقُولَ ‏\"‏ يَا مُقَلِّبَ الْقُلُوبِ ثَبِّتْ قَلْبِي عَلَى دِينِكَ ‏\"‏ ‏.‏ فَقُلْتُ يَا رَسُولَ اللَّهِ آمَنَّا بِكَ وَبِمَا جِئْتَ بِهِ فَهَلْ تَخَافُ عَلَيْنَا قَالَ ‏\"‏ نَعَمْ إِنَّ الْقُلُوبَ بَيْنَ أَصْبُعَيْنِ مِنْ أَصَابِعِ اللَّهِ يُقَلِّبُهَا كَيْفَ يَشَاءُ ‏\"‏ ‏.‏ قَالَ أَبُو عِيسَى وَفِي الْبَابِ عَنِ النَّوَّاسِ بْنِ سَمْعَانَ وَأُمِّ سَلَمَةَ وَعَبْدِ اللَّهِ بْنِ عَمْرٍو وَعَائِشَةَ ‏.‏ وَهَذَا حَدِيثٌ حَسَنٌ وَهَكَذَا رَوَى غَيْرُ وَاحِدٍ عَنِ الأَعْمَشِ عَنْ أَبِي سُفْيَانَ عَنْ أَنَسٍ ‏.‏ وَرَوَى بَعْضُهُمْ عَنِ الأَعْمَشِ عَنْ أَبِي سُفْيَانَ عَنْ جَابِرٍ عَنِ النَّبِيِّ صلى الله عليه وسلم ‏.‏ وَحَدِيثُ أَبِي سُفْيَانَ عَنْ أَنَسٍ أَصَحُّ ‏.‏",
      "english": {
        "narrator": "'Anas narrated:",
        "text": "\"The Messenger of Allah (s.a.w) would often say: Ya Muqallibal-qulub, thabbit qalbi 'ala dinik('O Changer of the Hearts! Strengthen my heart upon Your Religion.)' So I said: 'O Prophet of Allah! We believe in you and what you have come with, but do you fear for us?' He said:\n'Yes. Indeed the hearts are between two Fingers of Allah's Fingers, He changes them as He wills.'\""
      },
      "turkish": {
        "narrator": "'Anas narrated:",
        "text": "benzer anlamda, ve o dedi: \"Fıtrat üzere doğar.\""
      }
    },
    {
      "id": 9,
      "idInBook": 9,
      "chapterId": 32,
      "bookId": 5,
      "arabic": "حَدَّثَنَا قُتَيْبَةُ بْنُ سَعِيدٍ، قال: حَدَّثَنَا اللَّيْثُ، عَنْ أَبِي قَبِيلٍ، عَنْ شُفَىِّ بْنِ مَاتِعٍ، عَنْ عَبْدِ اللَّهِ بْنِ عَمْرِو بْنِ الْعَاصِي، قَالَ خَرَجَ عَلَيْنَا رَسُولُ اللَّهِ صلى الله عليه وسلم وَفِي يَدِهِ كِتَابَانِ فَقَالَ ‏\"‏ أَتَدْرُونَ مَا هَذَانِ الْكِتَابَانِ ‏\"‏ ‏.‏ فَقُلْنَا لاَ يَا رَسُولَ اللَّهِ إِلاَّ أَنْ تُخْبِرَنَا ‏.‏ فَقَالَ لِلَّذِي فِي يَدِهِ الْيُمْنَى ‏\"‏ هَذَا كِتَابٌ مِنْ رَبِّ الْعَالَمِينَ فِيهِ أَسْمَاءُ أَهْلِ الْجَنَّةِ وَأَسْمَاءُ آبَائِهِمْ وَقَبَائِلِهِمْ ثُمَّ أُجْمِلَ عَلَى آخِرِهِمْ فَلاَ يُزَادُ فِيهِمْ وَلاَ يُنْقَصُ مِنْهُمْ أَبَدًا ‏\"‏ ‏.‏ ثُمَّ قَالَ لِلَّذِي فِي شِمَالِهِ ‏\"‏ هَذَا كِتَابٌ مِنْ رَبِّ الْعَالَمِينَ فِيهِ أَسْمَاءُ أَهْلِ النَّارِ وَأَسْمَاءُ آبَائِهِمْ وَقَبَائِلِهِمْ ثُمَّ أُجْمِلَ عَلَى آخِرِهِمْ فَلاَ يُزَادُ فِيهِمْ وَلاَ يُنْقَصُ مِنْهُمْ أَبَدًا ‏\"‏ ‏.‏ فَقَالَ أَصْحَابُهُ فَفِيمَ الْعَمَلُ يَا رَسُولَ اللَّهِ إِنْ كَانَ أَمْرٌ قَدْ فُرِغَ مِنْهُ فَقَالَ ‏\"‏ سَدِّدُوا وَقَارِبُوا فَإِنَّ صَاحِبَ الْجَنَّةِ يُخْتَمُ لَهُ بِعَمَلِ أَهْلِ الْجَنَّةِ وَإِنْ عَمِلَ أَىَّ عَمَلٍ وَإِنَّ صَاحِبَ النَّارِ يُخْتَمُ لَهُ بِعَمَلِ أَهْلِ النَّارِ وَإِنْ عَمِلَ أَىَّ عَمَلٍ ‏\"‏ ‏.‏ ثُمَّ قَالَ رَسُولُ اللَّهِ صلى الله عليه وسلم بِيَدَيْهِ فَنَبَذَهُمَا ثُمَّ قَالَ ‏\"‏ فَرَغَ رَبُّكُمْ مِنَ الْعِبَادِ فَرِيقٌ فِي الْجَنَّةِ وَفَرِيقٌ فِي السَّعِيرِ ‏\"‏ ‏.‏ حَدَّثَنَا قُتَيْبَةُ حَدَّثَنَا بَكْرُ بْنُ مُضَرَ عَنْ أَبِي قَبِيلٍ نَحْوَهُ ‏.‏ قَالَ أَبُو عِيسَى وَفِي الْبَابِ عَنِ ابْنِ عُمَرَ ‏.‏ وَهَذَا حَدِيثٌ حَسَنٌ غَرِيبٌ صَحِيحٌ ‏.‏ وَأَبُو قَبِيلٍ اسْمُهُ حُيَىُّ بْنُ هَانِئٍ ‏.‏",
      "english": {
        "narrator": "'Abdullah bin 'Amr narrated:",
        "text": "\"The Messenger of Allah (s.a.w) came out to us with two books in hand. And he said:\n'Do you know what these two books are?' We said: 'No, O Messenger of Allah ! Unless you inform us.' He said about the one that was in his right hand: 'This is a book from the Lord of the worlds, in it are the names of the people of Paradise, and the name of their fathers and their tribes. Then there is a summary at the end of them, there being no addition to them nor deduction from them forever.' Then he said about the one that was in his left: 'This is a book from the Lord of the worlds, in it are the names of the people of Fire, and the name of their fathers and their tribes. Then there is a summary at the end of them, there being no addition to them nor deduction from them forever.' The companions said: 'So why work O Messenger of Allah! Since the matter is already decided (and over)?' He said: 'Seek to do what is right and draw nearer, for indeed the inhabitant of Paradise, shall have his work sealed off with the deeds of the people of Paradise, whichever deeds he did. And indeed the inhabitant of Fire, shall have his work sealed off with the deeds of the people of Fire, whichever deeds he did.' Then the Messenger of Allah motioned with his hands, casting them down and said: 'Your Lord finished with the slaves, a group in Paradise, and a group in the Blazing Fire.'\"\n\nAnother chain reports a similar narration."
      },
      "turkish": {
        "narrator": "'Abdullah bin 'Amr narrated:",
        "text": "'Salman rivayet etti ki, Allah'ın Resulü (s.a.v) dedi: \"Hiçbir şey kaderi geri çeviremez, ancak dua; ve hiçbir şey ömrü artırmaz, ancak takva.\""
      }
    },
    {
      "id": 10,
      "idInBook": 10,
      "chapterId": 32,
      "bookId": 5,
      "arabic": "حَدَّثَنَا عَلِيُّ بْنُ حُجْرٍ، قال: حَدَّثَنَا إِسْمَاعِيلُ بْنُ جَعْفَرٍ، عَنْ حُمَيْدٍ، عَنْ أَنَسٍ، قَالَ قَالَ رَسُولُ اللَّهِ صلى الله عليه وسلم ‏\"‏ إِذَا أَرَادَ اللَّهُ بِعَبْدٍ خَيْرًا اسْتَعْمَلَهُ ‏\"‏ ‏.‏ فَقِيلَ كَيْفَ يَسْتَعْمِلُهُ يَا رَسُولَ اللَّهِ قَالَ ‏\"‏ يُوَفِّقُهُ لِعَمَلٍ صَالِحٍ قَبْلَ الْمَوْتِ ‏\"‏ ‏.‏ قَالَ أَبُو عِيسَى هَذَا حَدِيثٌ حَسَنٌ صَحِيحٌ ‏.‏",
      "english": {
        "narrator": "'Anas narrated that the Messenger of Allah (s.a.w) said:",
        "text": "\"When  Allah wants good for a slave, He puts him in action.\" It was said: \"How does he put him in action O Messenger Of Allah?\" He said: \"By making him meet up with the righteous deeds before death.\""
      },
      "turkish": {
        "narrator": "'Anas narrated that the Messenger of Allah (s.a.w) said:",
        "text": "'Anas rivayet etti: \"Allah'ın Resulü (s.a.v) sık sık derdi: Ya Muqallibal-qulub, thabbit qalbi 'ala dinik ('Ey Kalpleri Değiştiren! Kalbimi Dininde sabit kıl.)' Ben de dedim: 'Ey Allah'ın Peygamberi! Sana ve getirdiğine inanıyoruz, ama bizim için korkuyor musun?' O dedi: 'Evet. Şüphesiz kalpler, Allah'ın parmakları arasında, dilediği gibi değiştirir.'\""
      }
    },
    {
      "id": 11,
      "idInBook": 11,
      "chapterId": 32,
      "bookId": 5,
      "arabic": "حَدَّثَنَا بُنْدَارٌ، قال: حَدَّثَنَا عَبْدُ الرَّحْمَنِ بْنُ مَهْدِيٍّ، حَدَّثَنَا سُفْيَانُ، عَنْ عُمَارَةَ بْنِ الْقَعْقَاعِ، حَدَّثَنَا أَبُو زُرْعَةَ بْنُ عَمْرِو بْنِ جَرِيرٍ، قَالَ حَدَّثَنَا صَاحِبٌ، لَنَا عَنِ ابْنِ مَسْعُودٍ، قَالَ قَامَ فِينَا رَسُولُ اللَّهِ صلى الله عليه وسلم فَقَالَ ‏\"‏ لاَ يُعْدِي شَيْءٌ شَيْئًا ‏\"‏ ‏.‏ فَقَالَ أَعْرَابِيٌّ يَا رَسُولَ اللَّهِ الْبَعِيرُ الْجَرِبُ الْحَشَفَةُ نُدْبِنُهُ فَيُجْرِبُ الإِبِلَ كُلَّهَا ‏.‏ فَقَالَ رَسُولُ اللَّهِ صلى الله عليه وسلم ‏\"‏ فَمَنْ أَجْرَبَ الأَوَّلَ لاَ عَدْوَى وَلاَ صَفَرَ خَلَقَ اللَّهُ كُلَّ نَفْسٍ وَكَتَبَ حَيَاتَهَا وَرِزْقَهَا وَمَصَائِبَهَا ‏\"‏ ‏.‏ قَالَ أَبُو عِيسَى وَفِي الْبَابِ عَنْ أَبِي هُرَيْرَةَ وَابْنِ عَبَّاسٍ وَأَنَسٍ ‏.‏ قَالَ وَسَمِعْتُ مُحَمَّدَ بْنَ عَمْرِو بْنِ صَفْوَانَ الثَّقَفِيَّ الْبَصْرِيَّ قَالَ سَمِعْتُ عَلِيَّ بْنَ الْمَدِينِيِّ يَقُولُ لَوْ حَلَفْتُ بَيْنَ الرُّكْنِ وَالْمَقَامِ لَحَلفْتُ أَنِّي لَمْ أَرَ أَحَدًا أَعْلَمَ مِنْ عَبْدِ الرَّحْمَنِ بْنِ مَهْدِيٍّ ‏.‏",
      "english": {
        "narrator": "'Ibn Mas'ud narrated:",
        "text": "\"The Messenger of Allah (s.a.w) stood among us and said:\n'One thing does not infect another.' So a Bedouin said: 'O Messenger of Allah! If a camel gets mangy glands and we leave it at the resting place of camels, then all of the camels get mange?' The Messenger of Allah (s.a.w) said: 'Who caused the first to get mange? There is no 'Adwa nor safar. Allah created every soul, so he wrote its life, its provision, and its afflictions.'\"\n\nNote: The majority of scholars interpret this to mean that these things in and of themselves do not transmit or cause harm through supernatural or hidden means but that Allah is ultimately in control and any fearful superstition around these is false."
      },
      "turkish": {
        "narrator": "'Ibn Mas'ud narrated:",
        "text": "'Abdullah bin 'Amr rivayet etti: \"Allah'ın Resulü (s.a.v) iki kitapla bizimle çıktı. Ve dedi: 'Bu iki kitabın ne olduğunu biliyor musunuz?' Biz dedik: 'Hayır, ey Allah'ın Resulü! Bize bildirmedikçe bilemeyiz.' O, sağ elindeki kitap hakkında dedi: 'Bu, âlemlerin Rabbi'nden bir kitaptır, içinde Cennet halkının isimleri, babalarının isimleri ve kabileleri vardır. Sonra, sonunda bir özet vardır, onlara ekleme veya çıkarma yoktur, sonsuza dek.' Sonra sol elindekini hakkında dedi: 'Bu, âlemlerin Rabbi'nden bir kitaptır, içinde Cehennem halkının isimleri, babalarının isimleri ve kabileleri vardır. Sonra, sonunda bir özet vardır, onlara ekleme veya çıkarma yoktur, sonsuza dek.' Ashab dediler: 'O halde neden çalışalım, ey Allah'ın Resulü! Zira mesele zaten karara bağlanmış (ve sona ermiştir)?' O dedi: 'Doğru olanı yapmaya çalışın ve yaklaşın, çünkü şüphesiz Cennet'in sakini, yaptığı her amelle Cennet halkının amelleriyle mühürlenecektir. Ve şüphesiz Cehennem'in sakini, yaptığı her amelle Cehennem halkının amelleriyle mühürlenecektir.' Sonra Allah'ın Resulü elleriyle işaret etti, onları aşağıya doğru salladı ve dedi: 'Rabbiniz, kullarıyla işini tamamladı, bir grup Cennet'te, bir grup da Alevli Ateş'te.'\""
      }
    },
    {
      "id": 12,
      "idInBook": 12,
      "chapterId": 32,
      "bookId": 5,
      "arabic": "حَدَّثَنَا أَبُو الْخَطَّابِ، زِيَادُ بْنُ يَحْيَى الْبَصْرِيُّ حَدَّثَنَا عَبْدُ اللَّهِ بْنُ مَيْمُونٍ، عَنْ جَعْفَرِ بْنِ مُحَمَّدٍ، عَنْ أَبِيهِ، عَنْ جَابِرِ بْنِ عَبْدِ اللَّهِ، قَالَ قَالَ رَسُولُ اللَّهِ صلى الله عليه وسلم ‏\n\"‏ لاَ يُؤْمِنُ عَبْدٌ حَتَّى يُؤْمِنَ بِالْقَدَرِ خَيْرِهِ وَشَرِّهِ حَتَّى يَعْلَمَ أَنَّ مَا أَصَابَهُ لَمْ يَكُنْ لِيُخْطِئَهُ وَأَنَّ مَا أَخْطَأَهُ لَمْ يَكُنْ لِيُصِيبَهُ ‏\"‏ ‏.‏ قَالَ أَبُو عِيسَى وَفِي الْبَابِ عَنْ عُبَادَةَ وَجَابِرٍ وَعَبْدِ اللَّهِ بْنِ عَمْرٍو ‏.‏ وَهَذَا حَدِيثٌ غَرِيبٌ لاَ نَعْرِفُهُ إِلاَّ مِنْ حَدِيثِ عَبْدِ اللَّهِ بْنِ مَيْمُونٍ ‏.‏ وَعَبْدُ اللَّهِ بْنُ مَيْمُونٍ مُنْكَرُ الْحَدِيثِ ‏.‏",
      "english": {
        "narrator": "Jabir bin 'Abdullah narrated that the Messenger of Allah (s.a.w) said:",
        "text": "'A slave  (of Allah) shall not believe until he believes in Al-Qadar, its good and its bad, such that he knows that what struck him would not have missed him, and that what missed him would not have struck him.\""
      },
      "turkish": {
        "narrator": "Jabir bin 'Abdullah narrated that the Messenger of Allah (s.a.w) said:",
        "text": "Başka bir isnad benzer bir rivayet bildirir."
      }
    },
    {
      "id": 13,
      "idInBook": 13,
      "chapterId": 32,
      "bookId": 5,
      "arabic": "حَدَّثَنَا مَحْمُودُ بْنُ غَيْلاَنَ، قال: حَدَّثَنَا أَبُو دَاوُدَ، قَالَ أَنْبَأَنَا شُعْبَةُ، عَنْ مَنْصُورٍ، عَنْ رِبْعِيِّ بْنِ حِرَاشٍ، عَنْ عَلِيٍّ، قَالَ قَالَ رَسُولُ اللَّهِ صلى الله عليه وسلم ‏\n\"‏ لاَ يُؤْمِنُ عَبْدٌ حَتَّى يُؤْمِنَ بِأَرْبَعٍ يَشْهَدُ أَنْ لاَ إِلَهَ إِلاَّ اللَّهُ وَأَنِّي مُحَمَّدٌ رَسُولُ اللَّهِ بَعَثَنِي بِالْحَقِّ وَيُؤْمِنُ بِالْمَوْتِ وَبِالْبَعْثِ بَعْدَ الْمَوْتِ وَيُؤْمِنُ بِالْقَدَرِ ‏\"‏ ‏.‏ \n\n حَدَّثَنَا مَحْمُودُ بْنُ غَيْلاَنَ، حَدَّثَنَا النَّضْرُ بْنُ شُمَيْلٍ، عَنْ شُعْبَةَ، نَحْوَهُ إِلاَّ أَنَّهُ قَالَ رِبْعِيٌّ عَنْ رَجُلٍ، عَنْ عَلِيٍّ، ‏.‏ قَالَ أَبُو عِيسَى حَدِيثُ أَبِي دَاوُدَ عَنْ شُعْبَةَ، عِنْدِي أَصَحُّ مِنْ حَدِيثِ النَّضْرِ وَهَكَذَا رَوَى غَيْرُ وَاحِدٍ عَنْ مَنْصُورٍ عَنْ رِبْعِيٍّ عَنْ عَلِيٍّ ‏.‏ حَدَّثَنَا الْجَارُودُ قَالَ سَمِعْتُ وَكِيعًا يَقُولُ بَلَغَنَا أَنَّ رِبْعِيًّا لَمْ يَكْذِبْ فِي الإِسْلاَمِ كِذْبَةً ‏.‏",
      "english": {
        "narrator": "'Ali narrated that the Messenger of Allah (s.a.w) said:",
        "text": "'A slave (of Allah) shall not believe until he believes in four: The testimony of La Ilaha Illallah, and that I am the Messenger of Allah whom He sent with the Truth, and he believes in the death, and he believes in the Resurrection after death, and he believes in Al-Qadar.\"\n\nAnother chain reports a similar narration."
      },
      "turkish": {
        "narrator": "'Ali narrated that the Messenger of Allah (s.a.w) said:",
        "text": "'Anas rivayet etti ki, Allah'ın Resulü (s.a.v) dedi: \"Allah, bir kuluna hayır dilediğinde, onu harekete geçirir.\" Denildi ki: \"O, nasıl harekete geçirir, ey Allah'ın Resulü?\" O dedi: \"Ölümden önce onu salih amellerle buluşturarak.\""
      }
    },
    {
      "id": 14,
      "idInBook": 14,
      "chapterId": 32,
      "bookId": 5,
      "arabic": "حَدَّثَنَا بُنْدَارٌ, قَالَ: حَدَّثَنَا مُؤَمَّلٌ،  قَالَ: حَدَّثَنَا سُفْيَانُ، عَنْ أَبِي إِسْحَاقَ، عَنْ مَطَرِ بْنِ عُكَامِسٍ، قَالَ: قَالَ رَسُولُ اللَّهِ صلى الله عليه وسلم ‏\n\"‏ إِذَا قَضَى اللَّهُ لِعَبْدٍ أَنْ يَمُوتَ بِأَرْضٍ جَعَلَ لَهُ إِلَيْهَا حَاجَةً ‏\"‏ ‏.‏ قَالَ أَبُو عِيسَى وَفِي الْبَابِ عَنْ أَبِي عَزَّةَ ‏.‏ وَهَذَا حَدِيثٌ حَسَنٌ غَرِيبٌ ‏.‏ وَلاَ يُعْرَفُ لِمَطَرِ بْنِ عُكَامِسٍ عَنِ النَّبِيِّ صلى الله عليه وسلم غَيْرُ هَذَا الْحَدِيثِ. \n\n حَدَّثَنَا مَحْمُودُ بْنُ غَيْلاَنَ، حَدَّثَنَا مُؤَمَّلٌ، وَأَبُو دَاوُدَ الْحَفَرِيُّ عَنْ سُفْيَانَ، نَحْوَهُ ‏.‏",
      "english": {
        "narrator": "Matar bin 'Ukamis narrated that the Messenger of Allah (s.a.w) said:",
        "text": "\"When Allah decrees that a slave (of His) is to die in a land, He makes him have some need from it.\"\n\nAnother chain reports a similar narration."
      },
      "turkish": {
        "narrator": "Matar bin 'Ukamis narrated that the Messenger of Allah (s.a.w) said:",
        "text": "'İbn Mes'ud rivayet etti: \"Allah'ın Resulü (s.a.v) aramızda durdu ve dedi: 'Bir şey diğerine bulaşmaz.' Bunun üzerine bir bedevi dedi: 'Ey Allah'ın Resulü! Eğer bir deve kuduz olursa ve biz onu develerin dinlenme yerine bırakırsak, o zaman tüm develer kuduz olur mu?' Allah'ın Resulü (s.a.v) dedi: 'İlkine kuduz olmayı kim verdi? Ne 'Adwa ne de safar vardır. Allah her canlının hayatını, rızkını ve belalarını yazdı.'\""
      }
    },
    {
      "id": 15,
      "idInBook": 15,
      "chapterId": 32,
      "bookId": 5,
      "arabic": "حَدَّثَنَا أَحْمَدُ بْنُ مَنِيعٍ، وَعَلِيُّ بْنُ حُجْرٍ، - الْمَعْنَى وَاحِدٌ قَالاَ حَدَّثَنَا إِسْمَاعِيلُ بْنُ إِبْرَاهِيمَ، عَنْ أَيُّوبَ، عَنْ أَبِي الْمَلِيحِ بْنِ أُسَامَةَ، عَنْ أَبِي عَزَّةَ، قَالَ قَالَ رَسُولُ اللَّهِ صلى الله عليه وسلم ‏\n\"‏ إِذَا قَضَى اللَّهُ لِعَبْدٍ أَنْ يَمُوتَ بِأَرْضٍ جَعَلَ لَهُ إِلَيْهَا حَاجَةً أَوْ قَالَ بِهَا حَاجَةً ‏\"‏ ‏.‏ قَالَ أَبُو عِيسَى هَذَا حَدِيثٌ صَحِيحٌ ‏.‏ وَأَبُو عَزَّةَ لَهُ صُحْبَةٌ وَاسْمُهُ يَسَارُ بْنُ عَبْدٍ وَأَبُو الْمَلِيحِ اسْمُهُ عَامِرُ بْنُ أُسَامَةَ بْنِ عُمَيْرٍ الْهُذَلِيُّ وَيُقَالُ زَيْدُ بْنُ أُسَامَةَ ‏.‏",
      "english": {
        "narrator": "Abu 'Azzah narrated that the Messenger of Allah (s.a.w) said:",
        "text": "\"When Allah decrees that a slave (of His) is to die in a land, He makes him have some need from it.\" Or, he said: \"In it.\""
      },
      "turkish": {
        "narrator": "Abu 'Azzah narrated that the Messenger of Allah (s.a.w) said:",
        "text": "Not: Çoğu âlim, bunun, bu şeylerin kendiliğinden bulaşmadığını veya zarar vermediğini, ancak Allah'ın nihayetinde her şeyin kontrolünde olduğunu ve bu konudaki korkulu batıl inançların yanlış olduğunu yorumlar."
      }
    },
    {
      "id": 16,
      "idInBook": 16,
      "chapterId": 32,
      "bookId": 5,
      "arabic": "حَدَّثَنَا سَعِيدُ بْنُ عَبْدِ الرَّحْمَنِ الْمَخْزُومِيُّ، قال: حَدَّثَنَا سُفْيَانُ بْنُ عُيَيْنَةَ، عَنِ الزُّهْرِيِّ، عَنِ ابْنِ أَبِي خُزَامَةَ، عَنْ أَبِيهِ، أَنَّ رَجُلاً، أَتَى النَّبِيَّ صلى الله عليه وسلم فَقَالَ يَا رَسُولَ اللَّهِ أَرَأَيْتَ رُقًى نَسْتَرْقِيهَا وَدَوَاءً نَتَدَاوَى بِهِ وَتُقَاةً نَتَّقِيهَا هَلْ تَرُدُّ مِنْ قَدَرِ اللَّهِ شَيْئًا فَقَالَ ‏\n\"‏ هِيَ مِنْ قَدَرِ اللَّهِ ‏\"‏ ‏.‏ قَالَ أَبُو عِيسَى هَذَا حَدِيثٌ لاَ نَعْرِفُهُ إِلاَّ مِنْ حَدِيثِ الزُّهْرِيِّ وَقَدْ رَوَى غَيْرُ وَاحِدٍ هَذَا عَنْ سُفْيَانَ عَنِ الزُّهْرِيِّ عَنْ أَبِي خُزَامَةَ عَنْ أَبِيهِ وَهَذَا أَصَحُّ هَكَذَا قَالَ غَيْرُ وَاحِدٍ عَنِ الزُّهْرِيِّ عَنْ أَبِي خُزَامَةَ عَنْ أَبِيهِ ‏.‏",
      "english": {
        "narrator": "Ibn Abi Khizamah narrated from his father,that a man came to the Prophet(s.a.w) and said:",
        "text": "\"O Messenger of Allah! Do you think that the Ruqyah we use, the treatments we use, and what we seek to protect ourselves with prevent anything from Allah's Decree?' He said: 'They are from Allah's Decree.'\""
      },
      "turkish": {
        "narrator": "Ibn Abi Khizamah narrated from his father,that a man came to the Prophet(s.a.w) and said:",
        "text": "İbn Ebi Hüzeyme, babasından, bir adamın Peygamber (s.a.v)'e geldiğini ve şöyle dediğini nakletti: \"Ey Allah'ın Resulü! Kullandığımız ruqyaların, uyguladığımız tedavilerin ve kendimizi korumak için başvurduğumuz şeylerin Allah'ın kaderinden bir şeyi engelleyeceğini düşünüyor musun?\" O da: \"Bunlar Allah'ın kaderindendir.\" dedi."
      }
    },
    {
      "id": 17,
      "idInBook": 17,
      "chapterId": 32,
      "bookId": 5,
      "arabic": "حَدَّثَنَا وَاصِلُ بْنُ عَبْدِ الأَعْلَى الْكُوفِيُّ، قال: حَدَّثَنَا مُحَمَّدُ بْنُ فُضَيْلٍ، عَنِ الْقَاسِمِ بْنِ حَبِيبٍ، وَعَلِيِّ بْنِ نِزَارٍ، عَنْ نِزَارٍ، عَنْ عِكْرِمَةَ، عَنِ ابْنِ عَبَّاسٍ، قَالَ قَالَ رَسُولُ اللَّهِ صلى الله عليه وسلم ‏\n\"‏ صِنْفَانِ مِنْ أُمَّتِي لَيْسَ لَهُمَا فِي الإِسْلاَمِ نَصِيبٌ الْمُرْجِئَةُ وَالْقَدَرِيَّةُ ‏\"‏ ‏.‏ قَالَ أَبُو عِيسَى وَفِي الْبَابِ عَنْ عُمَرَ وَابْنِ عُمَرَ وَرَافِعِ بْنِ خَدِيجٍ ‏.‏ وَهَذَا حَدِيثٌ غَرِيبٌ حَسَنٌ صَحِيحٌ ‏.‏ \n\n حَدَّثَنَا مُحَمَّدُ بْنُ رَافِعٍ، قال: حَدَّثَنَا مُحَمَّدُ بْنُ بِشْرٍ، قال: حَدَّثَنَا سَلاَّمُ بْنُ أَبِي عَمْرَةَ، عَنْ عِكْرِمَةَ، عَنِ ابْنِ عَبَّاسٍ، عَنِ النَّبِيِّ صلى الله عليه وسلم ‏.‏ قَالَ مُحَمَّدُ بْنُ رَافِعٍ وَأَخْبَرَنَا مُحَمَّدُ بْنُ بِشْرٍ أَخْبَرَنَا عَلِيُّ بْنُ نِزَارٍ عَنْ نِزَارٍ عَنْ عِكْرِمَةَ عَنِ ابْنِ عَبَّاسٍ عَنِ النَّبِيِّ صلى الله عليه وسلم نَحْوَهُ ‏.‏",
      "english": {
        "narrator": "Ibn  'Abbas narrated that the Messenger of Allah (s.a.w) said:",
        "text": "\"There are two groups in my Ummah for whom there is no share in Islam: The Murji'ah and the Qadariyyah.\"\n\nAnother chain reports a similar narration."
      },
      "turkish": {
        "narrator": "Ibn  'Abbas narrated that the Messenger of Allah (s.a.w) said:",
        "text": "İbn Abbas, Allah'ın Resulü (s.a.v)'nün şöyle söylediğini nakletti: \"Ümmetimde İslam'dan nasibi olmayan iki grup vardır: Murci'ah ve Kadariyyah.\""
      }
    },
    {
      "id": 18,
      "idInBook": 18,
      "chapterId": 32,
      "bookId": 5,
      "arabic": "حَدَّثَنَا أَبُو هُرَيْرَةَ، مُحَمَّدُ بْنُ فِرَاسٍ الْبَصْرِيُّ, قال: حَدَّثَنَا أَبُو قُتَيْبَةَ، سَلْمُ بْنُ قُتَيْبَةَ حَدَّثَنَا أَبُو الْعَوَّامِ، عَنْ قَتَادَةَ، عَنْ مُطَرِّفِ بْنِ عَبْدِ اللَّهِ بْنِ الشِّخِّيرِ، عَنْ أَبِيهِ، عَنِ النَّبِيِّ صلى الله عليه وسلم قَالَ ‏\n\"‏ مَثَلُ ابْنِ آدَمَ وَإِلَى جَنْبِهِ تِسْعٌ وَتِسْعُونَ مَنِيَّةً إِنْ أَخْطَأَتْهُ الْمَنَايَا وَقَعَ فِي الْهَرَمِ حَتَّى يَمُوتَ ‏\"‏ ‏.‏ قَالَ أَبُو عِيسَى وَهَذَا حَدِيثٌ حَسَنٌ غَرِيبٌ لاَ نَعْرِفُهُ إِلاَّ مِنْ هَذَا الْوَجْهِ ‏.‏ وَأَبُو الْعَوَّامِ هُوَ عِمْرَانُ وَهُوَ ابْنُ دَاوَرَ الْقَطَّانُ ‏.‏",
      "english": {
        "narrator": "Mutarrif bin 'Abdullah bin Ash-Shikh-khir narrated from his father, from the Prophet (s.a.w), who said:",
        "text": "'Ibn Adam was fashioned with ninety-nine calamities surrounding him, if the calamities miss him, he is stricken by decrepitude until he dies.\""
      },
      "turkish": {
        "narrator": "Mutarrif bin 'Abdullah bin Ash-Shikh-khir narrated from his father, from the Prophet (s.a.w), who said:",
        "text": "Başka bir isnad benzer bir rivayet bildirmektedir."
      }
    },
    {
      "id": 19,
      "idInBook": 19,
      "chapterId": 32,
      "bookId": 5,
      "arabic": "حَدَّثَنَا مُحَمَّدُ بْنُ بَشَّارٍ، قال: حَدَّثَنَا أَبُو عَامِرٍ، عَنْ مُحَمَّدِ بْنِ أَبِي حُمَيْدٍ، عَنْ إِسْمَاعِيلَ بْنِ مُحَمَّدِ بْنِ سَعْدِ بْنِ أَبِي وَقَّاصٍ، عَنْ أَبِيهِ، عَنْ سَعْدٍ، قَالَ قَالَ رَسُولُ اللَّهِ صلى الله عليه وسلم ‏\n\"‏ مِنْ سَعَادَةِ ابْنِ آدَمَ رِضَاهُ بِمَا قَضَى اللَّهُ لَهُ وَمِنْ شَقَاوَةِ ابْنِ آدَمَ تَرْكُهُ اسْتِخَارَةَ اللَّهِ وَمِنْ شَقَاوَةِ ابْنِ آدَمَ سَخَطُهُ بِمَا قَضَى اللَّهُ لَهُ ‏\"‏ ‏.‏ قَالَ أَبُو عِيسَى هَذَا حَدِيثٌ غَرِيبٌ لاَ نَعْرِفُهُ إِلاَّ مِنْ حَدِيثِ مُحَمَّدِ بْنِ أَبِي حُمَيْدٍ ‏.‏ وَيُقَالُ لَهُ أَيْضًا حَمَّادُ بْنُ أَبِي حُمَيْدٍ وَهُوَ أَبُو إِبْرَاهِيمَ الْمَدَنِيُّ وَلَيْسَ هُوَ بِالْقَوِيِّ عِنْدَ أَهْلِ الْحَدِيثِ ‏.‏",
      "english": {
        "narrator": "Sa'd narrated that the Messenger of Allah (s.a.w) said:",
        "text": "'From (the signs of) the son of Adam's prosperity, is his satisfaction with what Allah decreed for him, and from the son of Adam's misery is his avoiding to request guidance from Allah, and from the son of Adam's misery is his anger with what Allah decreed for him.\""
      },
      "turkish": {
        "narrator": "Sa'd narrated that the Messenger of Allah (s.a.w) said:",
        "text": "Mutarrif bin Abdullah bin Eş-Şihkir, babasından, Peygamber (s.a.v)'den şöyle dediğini nakletti: \"İbn Adem, etrafını saran doksan dokuz belayla yaratılmıştır; eğer belalar ona isabet etmezse, yaşlılık onu sarar ve nihayetinde ölür.\""
      }
    },
    {
      "id": 20,
      "idInBook": 20,
      "chapterId": 32,
      "bookId": 5,
      "arabic": "حَدَّثَنَا مُحَمَّدُ بْنُ بَشَّارٍ، قال: حَدَّثَنَا أَبُو عَاصِمٍ، قال: حَدَّثَنَا حَيْوَةُ بْنُ شُرَيْحٍ، أَخْبَرَنِي أَبُو صَخْرٍ، قَالَ حَدَّثَنِي نَافِعٌ، أَنَّ ابْنَ عُمَرَ، جَاءَهُ رَجُلٌ فَقَالَ إِنَّ فُلاَنًا يَقْرَأُ عَلَيْكَ السَّلاَمَ ‏.‏ فَقَالَ لَهُ إِنَّهُ بَلَغَنِي أَنَّهُ قَدْ أَحْدَثَ فَإِنْ كَانَ قَدْ أَحْدَثَ فَلاَ تُقْرِئْهُ مِنِّي السَّلاَمَ فَإِنِّي سَمِعْتُ رَسُولَ اللَّهِ صلى الله عليه وسلم يَقُولُ ‏\n\"‏ يَكُونُ فِي هَذِهِ الأُمَّةِ أَوْ فِي أُمَّتِي الشَّكُّ مِنْهُ خَسْفٌ أَوْ مَسْخٌ أَوْ قَذْفٌ فِي أَهْلِ الْقَدَرِ ‏\"‏ ‏.‏ قَالَ أَبُو عِيسَى هَذَا حَدِيثٌ حَسَنٌ صَحِيحٌ غَرِيبٌ ‏.‏ وَأَبُو صَخْرٍ اسْمُهُ حُمَيْدُ بْنُ زِيَادٍ ‏.‏",
      "english": {
        "narrator": "Nafi' narrated that a man came to Ibn 'Umar and said:",
        "text": "\"So-and-so conveys his Salam to you.\" So he said: \"It has been conveyed to me that he has innovated, so if he has indeed innovated, then do not convey my Salam to him, for I heard the Messenger of Allah (s.a.w) saying: 'In this Ummah' or: 'In my Ummah'\" - the doubt was his - \"a collapse of the earth, or a transformation, or stones shall rain upon the people of Al-Qadr.'\""
      },
      "turkish": {
        "narrator": "Nafi' narrated that a man came to Ibn 'Umar and said:",
        "text": "Sa'd, Allah'ın Resulü (s.a.v)'nün şöyle söylediğini nakletti: \"İbn Adem'in refahının işaretlerinden biri, Allah'ın kendisi için takdir ettiği şeyle yetinmesidir; İbn Adem'in sıkıntılarından biri, Allah'tan hidayet istemekten kaçınmasıdır ve İbn Adem'in sıkıntılarından biri, Allah'ın kendisi için takdir ettiği şeyle öfkelenmesidir.\""
      }
    },
    {
      "id": 21,
      "idInBook": 21,
      "chapterId": 32,
      "bookId": 5,
      "arabic": "حَدَّثَنَا قُتَيْبَةُ، قال: حَدَّثَنَا رِشْدِينُ بْنُ سَعْدٍ، عَنْ أَبِي صَخْرٍ، حُمَيْدِ بْنِ زِيَادٍ عَنْ نَافِعٍ، عَنِ ابْنِ عُمَرَ، عَنِ النَّبِيِّ صلى الله عليه وسلم ‏\n\"‏ يَكُونُ فِي أُمَّتِي خَسْفٌ وَمَسْخٌ وَذَلِكَ فِي الْمُكَذِّبِينَ بِالْقَدَرِ ‏\"‏ ‏.‏",
      "english": {
        "narrator": "Ibn 'Umar narrated from the Prophet (s.a.w):",
        "text": "\"There will be a collapse of the earth and transformation in my Ummah, and that is for those who deny Al-Qadar.\""
      },
      "turkish": {
        "narrator": "Ibn 'Umar narrated from the Prophet (s.a.w):",
        "text": "Nafi', bir adamın İbn Ömer'e geldiğini ve \"Falanca sana selam gönderdi.\" dediğini nakletti. İbn Ömer de: \"Bana, onun bid'at çıkardığı iletildi; eğer gerçekten bid'at çıkardıysa, ona selamımı iletme, çünkü Allah'ın Resulü (s.a.v)'nün şöyle söylediğini duydum: 'Bu ümmette' veya 'Benim ümmetimde' -şüphe onun- 'yeryüzünün çökmesi, ya da bir dönüşüm, ya da Al-Qadr halkına taşlar yağdırılacak.'\""
      }
    },
    {
      "id": 22,
      "idInBook": 22,
      "chapterId": 32,
      "bookId": 5,
      "arabic": "حَدَّثَنَا قُتَيْبَةُ، قال: حَدَّثَنَا عَبْدُ الرَّحْمَنِ بْنُ زَيْدِ بْنِ أَبِي الْمَوَالِي الْمُزَنِيُّ، عَنْ عُبَيْدِ اللَّهِ بْنِ عَبْدِ الرَّحْمَنِ بْنِ مَوْهَبٍ، عَنْ عَمْرَةَ، عَنْ عَائِشَةَ، قَالَتْ قَالَ رَسُولُ اللَّهِ صلى الله عليه وسلم ‏\n\"‏ سِتَّةٌ لَعَنْتُهُمْ لَعَنَهُمُ اللَّهُ وَكُلُّ نَبِيٍّ كَانَ الزَّائِدُ فِي كِتَابِ اللَّهِ وَالْمُكَذِّبُ بِقَدَرِ اللَّهِ وَالْمُتَسَلِّطُ بِالْجَبَرُوتِ لِيُعِزَّ بِذَلِكَ مَنْ أَذَلَّ اللَّهُ وَيُذِلَّ مَنْ أَعَزَّ اللَّهُ وَالْمُسْتَحِلُّ لِحَرَمِ اللَّهِ وَالْمُسْتَحِلُّ مِنْ عِتْرَتِي مَا حَرَّمَ اللَّهُ وَالتَّارِكُ لِسُنَّتِي ‏\"‏ ‏.‏ قَالَ أَبُو عِيسَى هَكَذَا رَوَى عَبْدُ الرَّحْمَنِ بْنُ أَبِي الْمَوَالِي هَذَا الْحَدِيثَ عَنْ عُبَيْدِ اللَّهِ بْنِ عَبْدِ الرَّحْمَنِ بْنِ مَوْهَبٍ عَنْ عَمْرَةَ عَنْ عَائِشَةَ عَنِ النَّبِيِّ صلى الله عليه وسلم ‏.‏ وَرَوَاهُ سُفْيَانُ الثَّوْرِيُّ وَحَفْصُ بْنُ غِيَاثٍ وَغَيْرُ وَاحِدٍ عَنْ عُبَيْدِ اللَّهِ بْنِ عَبْدِ الرَّحْمَنِ بْنِ مَوْهَبٍ عَنْ عَلِيِّ بْنِ حُسَيْنٍ عَنِ النَّبِيِّ صلى الله عليه وسلم مُرْسَلاً وَهَذَا أَصَحُّ ‏.‏",
      "english": {
        "narrator": "Aishah narrated that the Messenger of Allah (s.a.w) said:",
        "text": "\" Six are cursed, being cursed by Allah and by every Prophet that came: The one who adds to Allah's Book, the one who denies Allah's Qadar, the one who rules with tyranny by which he honors whom Allah has debased, and he dishonors whom Allah has honored, and the one who legalizes what Allah forbade, and the one from my family who legalizes what Allah forbade, and the abandoner of my Sunnah.\""
      },
      "turkish": {
        "narrator": "Aishah narrated that the Messenger of Allah (s.a.w) said:",
        "text": "İbn Ömer, Peygamber (s.a.v)'den şöyle nakletti: \"Benim ümmetimde yeryüzünün çökmesi ve dönüşüm olacak, bu da Al-Qadr'ı inkar edenler içindir.\""
      }
    },
    {
      "id": 23,
      "idInBook": 23,
      "chapterId": 32,
      "bookId": 5,
      "arabic": "حَدَّثَنَا يَحْيَى بْنُ مُوسَى، قال: حَدَّثَنَا أَبُو دَاوُدَ الطَّيَالِسِيُّ، قال: حَدَّثَنَا عَبْدُ الْوَاحِدِ بْنُ سُلَيْمٍ، قَالَ قَدِمْتُ مَكَّةَ فَلَقِيتُ عَطَاءَ بْنَ أَبِي رَبَاحٍ فَقُلْتُ لَهُ يَا أَبَا مُحَمَّدٍ إِنَّ أَهْلَ الْبَصْرَةِ يَقُولُونَ فِي الْقَدَرِ ‏.‏ قَالَ يَا بُنَىَّ أَتَقْرَأُ الْقُرْآنَ قُلْتُ نَعَمْ ‏.‏ قَالَ فَاقْرَإِ الزُّخْرُفَ ‏.‏ قَالَ فَقَرَأْتُ ‏:‏ ‏(‏حم* وَالْكِتَابِ الْمُبِينِ * إِنَّا جَعَلْنَاهُ قُرْآنًا عَرَبِيًّا لَعَلَّكُمْ تَعْقِلُونَ * وَإِنَّهُ فِي أُمِّ الْكِتَابِ لَدَيْنَا لَعَلِيٌّ حَكِيمٌ ‏)‏ فَقَالَ أَتَدْرِي مَا أُمُّ الْكِتَابِ قُلْتُ اللَّهُ وَرَسُولُهُ أَعْلَمُ ‏.‏ قَالَ فَإِنَّهُ كِتَابٌ كَتَبَهُ اللَّهُ قَبْلَ أَنْ يَخْلُقَ السَّمَوَاتِ وَقَبْلَ أَنْ يَخْلُقَ الأَرْضَ فِيهِ إِنَّ فِرْعَوْنَ مِنْ أَهْلِ النَّارِ وَفِيهِ ‏:‏ ‏(‏تَبَّتْ يَدَا أَبِي لَهَبٍ وَتَبَّ ‏)‏ قَالَ عَطَاءٌ فَلَقِيتُ الْوَلِيدَ بْنَ عُبَادَةَ بْنِ الصَّامِتِ صَاحِبِ رَسُولِ اللَّهِ صلى الله عليه وسلم فَسَأَلْتُهُ مَا كَانَ وَصِيَّةُ أَبِيكَ عِنْدَ الْمَوْتِ قَالَ دَعَانِي أَبِي فَقَالَ لِي يَا بُنَىَّ اتَّقِ اللَّهَ وَاعْلَمْ أَنَّكَ لَنْ تَتَّقِيَ اللَّهَ حَتَّى تُؤْمِنَ بِاللَّهِ وَتُؤْمِنَ بِالْقَدَرِ كُلِّهِ خَيْرِهِ وَشَرِّهِ فَإِنْ مُتَّ عَلَى غَيْرِ هَذَا دَخَلْتَ النَّارَ إِنِّي سَمِعْتُ رَسُولَ اللَّهِ صلى الله عليه وسلم يَقُولُ ‏\"‏ إِنَّ أَوَّلَ مَا خَلَقَ اللَّهُ الْقَلَمَ فَقَالَ اكْتُبْ ‏.‏ فَقَالَ مَا أَكْتُبُ قَالَ اكْتُبِ الْقَدَرَ مَا كَانَ وَمَا هُوَ كَائِنٌ إِلَى الأَبَدِ ‏\"‏ ‏.‏ قَالَ أَبُو عِيسَى وَهَذَا حَدِيثٌ غَرِيبٌ مِنْ هَذَا الْوَجْهِ ‏.‏",
      "english": {
        "narrator": "Abdul-Wahid bin Sulaim narrated:",
        "text": "\"I arrived in Makkah and met 'Ata bin Abi Rabah. I said to him: 'O Abu Muhammad! The people of Al-Basrah speak about Al-Qadar.' He said: 'O my son! Do you recite the Quran?' I said: 'Yes.' He said: 'Then recite Az-Zukhruf to me.'\" He said: 'So I recited: Ha Mim. By the manifest Book. Verily, We have  made it a Qur'an in Arabic that you may be able to understand. And verily, it is in the Mother of Book with Us, indeed exalted, full of wisdom. Then he said: 'Do you know what Mother of Books is?' I said: 'Allah and His Messenger know better.' He said:'It is a book that Allah wrote before He created the Heavens, and before  He created the earth. In it, it is  (written): Fir'awn is among the inhabitants of the Fire, and in it is: Perish the two hands of Abu Lahab, and perish he!'Ata said: 'I met Al-Walid the son of 'Ubadah bin As-Samit the Companion of the Messenger of Allah (s.a.w) and asked him:'What was your father's admonition when he died?\" He said:\"He called me and said: 'O my son ! Have Taqwa of Allah, and know that you will never have Taqwa of Allah until you believe in Allah, and you believe in Al-Qadar- all of it-its good and its bad. If you die upon other than  this you shall  enter  the Fire. Indeed  I heard the Messenger of Allah (s.a.w)  saying: \"Verily the first of what Allah created was the Pen. So He said: 'Write.' It said : 'What shall I write?' He said : 'Write Al-Qadar, what it is , and what shall be, until  the end.'\""
      },
      "turkish": {
        "narrator": "Abdul-Wahid bin Sulaim narrated:",
        "text": "Aişe, Allah'ın Resulü (s.a.v)'nün şöyle söylediğini nakletti: \"Altı kişi lanetlidir, Allah ve gelen her peygamber tarafından lanetlenmiştir: Allah'ın Kitabına ekleme yapan, Allah'ın kaderini inkar eden, zulümle hükmeden, Allah'ın küçülttüğü kişiyi yücelten ve Allah'ın yücelttiği kişiyi küçülten, Allah'ın yasakladığını helal kılan, benim ailemden Allah'ın yasakladığını helal kılan ve benim sünnetimi terk eden.\""
      }
    },
    {
      "id": 24,
      "idInBook": 24,
      "chapterId": 32,
      "bookId": 5,
      "arabic": "حَدَّثَنَا إِبْرَاهِيمُ بْنُ عَبْدِ اللَّهِ بْنِ الْمُنْذِرِ الْبَاهِلِيُّ الصَّنْعَانِيُّ، قال: حَدَّثَنَا عَبْدُ اللَّهِ بْنُ يَزِيدَ الْمُقْرِئُ، قال: حَدَّثَنَا حَيْوَةُ بْنُ شُرَيْحٍ، قال: حَدَّثَنِي أَبُو هَانِئٍ الْخَوْلاَنِيُّ، أَنَّهُ سَمِعَ أَبَا عَبْدِ الرَّحْمَنِ الْحُبُلِيَّ، يَقُولُ سَمِعْتُ عَبْدَ اللَّهِ بْنَ عَمْرٍو، يَقُولُ سَمِعْتُ رَسُولَ اللَّهِ صلى الله عليه وسلم يَقُولُ ‏\n\"‏ قَدَّرَ اللَّهُ الْمَقَادِيرَ قَبْلَ أَنْ يَخْلُقَ السَّمَوَاتِ وَالأَرْضَ بِخَمْسِينَ أَلْفَ سَنَةٍ ‏\"‏ ‏.‏ قَالَ أَبُو عِيسَى هَذَا حَدِيثٌ حَسَنٌ صَحِيحٌ غَرِيبٌ ‏.‏",
      "english": {
        "narrator": "Abdullah bin 'Amr narrated that the Messenger of Allah (s.a.w) said:",
        "text": "\"Allah decreed the measures fifty-thousand years before He created the Heavens and the earth.\""
      },
      "turkish": {
        "narrator": "Abdullah bin 'Amr narrated that the Messenger of Allah (s.a.w) said:",
        "text": "Abdul-Vahid bin Süleyman şöyle nakletti: \"Mekke'ye vardım ve Ata bin Ebi Rabah ile karşılaştım. Ona: 'Ey Ebu Muhammed! Basra halkı Al-Qadr hakkında konuşuyor.' dedim. O da: 'Ey oğlum! Kur'an okur musun?' dedi. Ben de: 'Evet.' dedim. O: 'O zaman bana Az-Zukhruf'u oku.' dedi.\" Ben de: 'Ha Mim. Açık Kitap'a yemin olsun. Şüphesiz, onu anlayabilmeniz için Arapça bir Kur'an yaptık. Ve şüphesiz, o, bizim katımızda Ana Kitap'tadır, gerçekten yüce, hikmet doludur.' dedim. Sonra o: 'Ana Kitap nedir biliyor musun?' dedi. Ben de: 'Allah ve Resulü daha iyi bilir.' dedim. O da: 'Bu, Allah'ın gökleri yaratmadan ve yeri yaratmadan önce yazdığı bir kitaptır. İçinde: Firavun ateşin sakinlerindendir, ve içinde: Ebu Leheb'in iki eli yok olsun, ve o yok olsun!' dedi. Ata: 'Ben Al-Walid bin Ubade bin Es-Samit ile karşılaştım, Allah'ın Resulü (s.a.v)'nin arkadaşlarından biri ve ona: 'Babamız öldüğünde sana ne tavsiyede bulundu?' dedim. O da: 'Beni çağırdı ve şöyle dedi: 'Ey oğlum! Allah'tan kork ve bil ki, Allah'tan korkamazsın, ta ki Allah'a inanıp, kaderine -iyisiyle ve kötüsüyle- inanmadıkça. Eğer bunun dışında ölürsen, ateşe gireceksin. Gerçekten, Allah'ın Resulü (s.a.v)'nün şöyle söylediğini duydum: 'Şüphesiz, Allah'ın yarattığı ilk şey kalemdir. O da: 'Yaz.' dedi. Kalem: 'Ne yazayım?' dedi. O: 'Kaderi yaz, ne olduğu ve ne olacağı, ta ki sonuna kadar.' dedi.\""
      }
    },
    {
      "id": 25,
      "idInBook": 25,
      "chapterId": 32,
      "bookId": 5,
      "arabic": "حَدَّثَنَا أَبُو كُرَيْبٍ، مُحَمَّدُ بْنُ الْعَلاَءِ وَمُحَمَّدُ بْنُ بَشَّارٍ قَالاَ حَدَّثَنَا وَكِيعٌ، عَنْ سُفْيَانَ الثَّوْرِيِّ، عَنْ زِيَادِ بْنِ إِسْمَاعِيلَ، عَنْ مُحَمَّدِ بْنِ عَبَّادِ بْنِ جَعْفَرٍ الْمَخْزُومِيِّ، عَنْ أَبِي هُرَيْرَةَ، قَالَ جَاءَ مُشْرِكُو قُرَيْشٍ إِلَى رَسُولِ اللَّهِ صلى الله عليه وسلم يُخَاصِمُونَ فِي الْقَدَرِ فَنَزَلَتْ هَذِهِ الآيَةُ ‏:‏ ‏(‏يَوْمَ يُسْحَبُونَ فِي النَّارِ عَلَى وُجُوهِهِمْ ذُوقُوا مَسَّ سَقَرَ * إِنَّا كُلَّ شَيْءٍ خَلَقْنَاهُ بِقَدَرٍ ‏)‏ ‏.‏ قَالَ أَبُو عِيسَى هَذَا حَدِيثٌ حَسَنٌ صَحِيحٌ ‏.‏",
      "english": {
        "narrator": "Abu Hurairah said:",
        "text": "\"Idolaters from the Quraish came to the Messenger of Allah (s.a.w) quarreling about Al-Qadar. So this Ayah was revealed:\n\"The day they will be dragged on their faces into the Fire (it will be said to them): \"Taste you the touch of Hell.\" Verily we have created all things with Qadar."
      },
      "turkish": {
        "narrator": "Abu Hurairah said:",
        "text": "Abdullah bin Amr, Allah'ın Resulü (s.a.v)'nün şöyle söylediğini nakletti: \"Allah, gökleri ve yeri yaratmadan elli bin yıl önce ölçüleri takdir etti.\""
      }
    }
  ],
  "chapter": {
    "id": 32,
    "bookId": 5,
    "arabic": "كتاب القدر عن رسول الله صلى الله عليه وسلم",
    "english": "Chapters On Al-Qadar"
  }
}