{
  "metadata": {
    "length": 42,
    "arabic": {
      "title": "جامع الترمذي",
      "author": "الإمام أبو عيسى محمد بن عيسى الترمذي",
      "introduction": "كِتَاب الْجُمُعَةِ عَنْ رَسُولِ اللَّهِ صَلَّى اللَّهُ عَلَيْهِ وَسَلَّمَ"
    },
    "english": {
      "title": "Jami' al-Tirmidhi",
      "author": "Imam Abu Isa Muhammad ibn Isa al-Tirmidhi",
      "introduction": "The Book on the Day of Friday"
    }
  },
  "hadiths": [
    {
      "id": 1,
      "idInBook": 1,
      "chapterId": 4,
      "bookId": 5,
      "arabic": "حَدَّثَنَا قُتَيْبَةُ، حَدَّثَنَا الْمُغِيرَةُ بْنُ عَبْدِ الرَّحْمَنِ، عَنْ أَبِي الزِّنَادِ، عَنِ الأَعْرَجِ، عَنْ أَبِي هُرَيْرَةَ، أَنَّ النَّبِيَّ صلى الله عليه وسلم قَالَ ‏\n\"‏ خَيْرُ يَوْمٍ طَلَعَتْ فِيهِ الشَّمْسُ يَوْمُ الْجُمُعَةِ فِيهِ خُلِقَ آدَمُ وَفِيهِ أُدْخِلَ الْجَنَّةَ وَفِيهِ أُخْرِجَ مِنْهَا وَلاَ تَقُومُ السَّاعَةُ إِلاَّ فِي يَوْمِ الْجُمُعَةِ ‏\"‏ ‏.‏ قَالَ وَفِي الْبَابِ عَنْ أَبِي لُبَابَةَ وَسَلْمَانَ وَأَبِي ذَرٍّ وَسَعْدِ بْنِ عُبَادَةَ وَأَوْسِ بْنِ أَوْسٍ ‏.‏ قَالَ أَبُو عِيسَى حَدِيثُ أَبِي هُرَيْرَةَ حَدِيثٌ حَسَنٌ صَحِيحٌ ‏.‏",
      "english": {
        "narrator": "Abu Hurairah narrated that:",
        "text": "the Prophet said: \"The best day that the sun has risen upon is Friday. On it Adam was created, on it he entered Paradise, and on it, he was expelled from it. And the Hour will not be established except on Friday.\""
      },
      "turkish": {
        "narrator": "Abu Hurairah narrated that:",
        "text": "Abu Hurayra'nın naklettiğine göre, Peygamber şöyle buyurdu: \"Güneşin doğduğu en hayırlı gün Cuma'dır. O günde Adem yaratıldı, o günde Cennete girdi ve o günde oradan çıkarıldı. Kıyamet de ancak Cuma günü kopacaktır.\""
      }
    },
    {
      "id": 2,
      "idInBook": 2,
      "chapterId": 4,
      "bookId": 5,
      "arabic": "حَدَّثَنَا عَبْدُ اللَّهِ بْنُ الصَّبَّاحِ الْهَاشِمِيُّ الْبَصْرِيُّ الْعَطَّارُ، حَدَّثَنَا عُبَيْدُ اللَّهِ بْنُ عَبْدِ الْمَجِيدِ الْحَنَفِيُّ، حَدَّثَنَا مُحَمَّدُ بْنُ أَبِي حُمَيْدٍ، حَدَّثَنَا مُوسَى بْنُ وَرْدَانَ، عَنْ أَنَسِ بْنِ مَالِكٍ، عَنِ النَّبِيِّ صلى الله عليه وسلم أَنَّهُ قَالَ ‏\n\"‏ الْتَمِسُوا السَّاعَةَ الَّتِي تُرْجَى فِي يَوْمِ الْجُمُعَةِ بَعْدَ الْعَصْرِ إِلَى غَيْبُوبَةِ الشَّمْسِ ‏\"‏ ‏.‏ قَالَ أَبُو عِيسَى هَذَا حَدِيثٌ غَرِيبٌ مِنْ هَذَا الْوَجْهِ وَقَدْ رُوِيَ هَذَا الْحَدِيثُ عَنْ أَنَسٍ عَنِ النَّبِيِّ صلى الله عليه وسلم مِنْ غَيْرِ هَذَا الْوَجْهِ ‏.‏ وَمُحَمَّدُ بْنُ أَبِي حُمَيْدٍ يُضَعَّفُ ضَعَّفَهُ بَعْضُ أَهْلِ الْعِلْمِ مِنْ قِبَلِ حِفْظِهِ وَيُقَالُ لَهُ حَمَّادُ بْنُ أَبِي حُمَيْدٍ وَيُقَالُ هُوَ أَبُو إِبْرَاهِيمَ الأَنْصَارِيُّ وَهُوَ مُنْكَرُ الْحَدِيثِ ‏.‏ وَرَأَى بَعْضُ أَهْلِ الْعِلْمِ مِنْ أَصْحَابِ النَّبِيِّ صلى الله عليه وسلم وَغَيْرِهِمْ أَنَّ السَّاعَةَ الَّتِي تُرْجَى فِيهَا بَعْدَ الْعَصْرِ إِلَى أَنْ تَغْرُبَ الشَّمْسُ ‏.‏ وَبِهِ يَقُولُ أَحْمَدُ وَإِسْحَاقُ ‏.‏ وَقَالَ أَحْمَدُ أَكْثَرُ الأَحَادِيثِ فِي السَّاعَةِ الَّتِي تُرْجَى فِيهَا إِجَابَةُ الدَّعْوَةِ أَنَّهَا بَعْدَ صَلاَةِ الْعَصْرِ وَتُرْجَى بَعْدَ زَوَالِ الشَّمْسِ ‏.‏",
      "english": {
        "narrator": "Anas bin Malik narrated that :",
        "text": "the Prophet said: \"Seek out the hour that is hoped for on Friday after Asr until the sun has set.\""
      },
      "turkish": {
        "narrator": "Anas bin Malik narrated that :",
        "text": "Enes bin Malik'in naklettiğine göre, Peygamber şöyle buyurdu: \"Cuma günü, Asr'dan sonra güneş batana kadar umulan saati arayın.\""
      }
    },
    {
      "id": 3,
      "idInBook": 3,
      "chapterId": 4,
      "bookId": 5,
      "arabic": "حَدَّثَنَا زِيَادُ بْنُ أَيُّوبَ الْبَغْدَادِيُّ، حَدَّثَنَا أَبُو عَامِرٍ الْعَقَدِيُّ، حَدَّثَنَا كَثِيرُ بْنُ عَبْدِ اللَّهِ بْنِ عَمْرِو بْنِ عَوْفٍ الْمُزَنِيُّ، عَنْ أَبِيهِ، عَنْ جَدِّهِ، عَنِ النَّبِيِّ صلى الله عليه وسلم قَالَ ‏\"‏ إِنَّ فِي الْجُمُعَةِ سَاعَةً لاَ يَسْأَلُ اللَّهَ الْعَبْدُ فِيهَا شَيْئًا إِلاَّ آتَاهُ اللَّهُ إِيَّاهُ ‏\"‏ ‏.‏ قَالُوا يَا رَسُولَ اللَّهِ أَيَّةُ سَاعَةٍ هِيَ قَالَ ‏\"‏ حِينَ تُقَامُ الصَّلاَةُ إِلَى الاِنْصِرَافِ مِنْهَا ‏\"‏ ‏.‏ قَالَ وَفِي الْبَابِ عَنْ أَبِي مُوسَى وَأَبِي ذَرٍّ وَسَلْمَانَ وَعَبْدِ اللَّهِ بْنِ سَلاَمٍ وَأَبِي لُبَابَةَ وَسَعْدِ بْنِ عُبَادَةَ وَأَبِي أُمَامَةَ ‏.‏ قَالَ أَبُو عِيسَى حَدِيثُ عَمْرِو بْنِ عَوْفٍ حَدِيثٌ حَسَنٌ غَرِيبٌ ‏.‏",
      "english": {
        "narrator": "Kathir bin Abdullah bin Amr bin Awf Al-Muzani narrated from his father, from his grandfather, that :",
        "text": "the Prophet said: \"On Friday there is an hour in which the worshipper does not ask Allah for anything  except that Allah grants it to him.\" They said: \"O Messenger of Allah! Which hour is it?\" He said: \"When the prayer is begun until it is finished.\""
      },
      "turkish": {
        "narrator": "Kathir bin Abdullah bin Amr bin Awf Al-Muzani narrated from his father, from his grandfather, that :",
        "text": "Kethir bin Abdullah bin Amr bin Avf el-Müzani, babasından, dedesinden naklettiğine göre, Peygamber şöyle buyurdu: \"Cuma günü, kulların Allah'tan bir şey istemediği bir saat vardır ki, Allah ona ne isterse verir.\" Onlar: \"Ey Allah'ın Resulü! O saat hangisidir?\" dediler. O da: \"Namazın başladığı andan, bitene kadar.\" dedi."
      }
    },
    {
      "id": 4,
      "idInBook": 4,
      "chapterId": 4,
      "bookId": 5,
      "arabic": "حَدَّثَنَا إِسْحَاقُ بْنُ مُوسَى الأَنْصَارِيُّ، حَدَّثَنَا مَعْنٌ، حَدَّثَنَا مَالِكُ بْنُ أَنَسٍ، عَنْ يَزِيدَ بْنِ عَبْدِ اللَّهِ بْنِ الْهَادِ، عَنْ مُحَمَّدِ بْنِ إِبْرَاهِيمَ، عَنْ أَبِي سَلَمَةَ، عَنْ أَبِي هُرَيْرَةَ، قَالَ قَالَ رَسُولُ اللَّهِ صلى الله عليه وسلم ‏\"‏ خَيْرُ يَوْمٍ طَلَعَتْ فِيهِ الشَّمْسُ يَوْمُ الْجُمُعَةِ فِيهِ خُلِقَ آدَمُ وَفِيهِ أُدْخِلَ الْجَنَّةَ وَفِيهِ أُهْبِطَ مِنْهَا وَفِيهِ سَاعَةٌ لاَ يُوَافِقُهَا عَبْدٌ مُسْلِمٌ يُصَلِّي فَيَسْأَلُ اللَّهَ فِيهَا شَيْئًا إِلاَّ أَعْطَاهُ إِيَّاهُ ‏\"‏ ‏.‏ قَالَ أَبُو هُرَيْرَةَ فَلَقِيتُ عَبْدَ اللَّهِ بْنَ سَلاَمٍ فَذَكَرْتُ لَهُ هَذَا الْحَدِيثَ فَقَالَ أَنَا أَعْلَمُ بِتِلْكَ السَّاعَةِ ‏.‏ فَقُلْتُ أَخْبِرْنِي بِهَا وَلاَ تَضْنَنْ بِهَا عَلَىَّ قَالَ هِيَ بَعْدَ الْعَصْرِ إِلَى أَنْ تَغْرُبَ الشَّمْسُ ‏.‏ فَقُلْتُ كَيْفَ تَكُونُ بَعْدَ الْعَصْرِ وَقَدْ قَالَ رَسُولُ اللَّهِ صلى الله عليه وسلم ‏\"‏ لاَ يُوَافِقُهَا عَبْدٌ مَسْلِمٌ وَهُوَ يُصَلِّي ‏\"‏ ‏.‏ وَتِلْكَ السَّاعَةُ لاَ يُصَلَّى فِيهَا فَقَالَ عَبْدُ اللَّهِ بْنُ سَلاَمٍ أَلَيْسَ قَدْ قَالَ رَسُولُ اللَّهِ صلى الله عليه وسلم ‏\"‏ مَنْ جَلَسَ مَجْلِسًا يَنْتَظِرُ الصَّلاَةَ فَهُوَ فِي صَلاَةٍ ‏\"‏ ‏.‏ قُلْتُ بَلَى ‏.‏ قَالَ فَهُوَ ذَاكَ ‏.‏ قَالَ أَبُو عِيسَى وَفِي الْحَدِيثِ قِصَّةٌ طَوِيلَةٌ ‏.‏ قَالَ أَبُو عِيسَى وَهَذَا حَدِيثٌ حَسَنٌ صَحِيحٌ ‏.‏ قَالَ وَمَعْنَى قَوْلِهِ ‏\"‏ أَخْبِرْنِي بِهَا وَلاَ تَضْنَنْ بِهَا عَلَىَّ ‏\"‏ ‏.‏ لاَ تَبْخَلْ بِهَا عَلَىَّ وَالضَّنُّ الْبُخْلُ وَالظَّنِينُ الْمُتَّهَمُ ‏.‏",
      "english": {
        "narrator": "Abu Hurairah narrated:",
        "text": "\"Allah's Messenger said: The best day that the sun has risen upon is Friday. On it Adam was created, on it he entered Paradise, and on it, he was sent down from it. And in it there is an hour in which the Muslim worshipper would not stand in Salat, asking Allah for anything except that He would give it to him.'\" Abu Hurairah said: \"I met Abdullah bin Salam, and I mentioned this Hadith to him. He said: 'I am more knowledgeable about that hour.' So I said: 'Inform me about it, and do not keep any of it from me.' He said: 'It is after al-Asr until the sun has set.' I said: 'How can it be after Al-Asr when Allah's Messenger said: ' the Muslim worshipper would not stand in Salat.' And that is a time that prayer is not performed in?\" So Abdullah bin Salam said: 'Didn't Allah's Messenger say: \"Whoever sat in a gathering awaiting the Salat then he is in Salat\"? I said: 'Of course.' He said: 'Then that is it.'\""
      },
      "turkish": {
        "narrator": "Abu Hurairah narrated:",
        "text": "Abu Hurayra şöyle nakletti: \"Allah'ın Resulü şöyle buyurdu: Güneşin doğduğu en hayırlı gün Cuma'dır. O günde Adem yaratıldı, o günde Cennete girdi ve o günde oradan indirildi. Ve o günde, Müslüman kulların Salat'ta durmadığı bir saat vardır ki, Allah'tan bir şey istemedikçe, Allah ona verir.\" Abu Hurayra dedi ki: \"Abdullah bin Selam ile karşılaştım ve bu Hadisi ona aktardım. O: 'O saat hakkında daha fazla bilgi sahibiyim.' dedi. Ben de: 'Bana bildir, benden hiçbir şey saklama.' dedim. O da: 'O, Asr'dan sonra güneş batana kadardır.' dedi. Ben: 'Asr'dan sonra nasıl olur ki, Allah'ın Resulü: 'Müslüman kullar Salat'ta durmaz.' dedi. O zaman, namaz kılınmayan bir zamandır?' dedim. Abdullah bin Selam: 'Allah'ın Resulü: \"Kim Salat'ı bekleyerek bir mecliste oturursa, o Salat içindedir.\" demedi mi?' dedi. Ben: 'Elbette.' dedim. O da: 'O zaman işte o.' dedi.\""
      }
    },
    {
      "id": 5,
      "idInBook": 5,
      "chapterId": 4,
      "bookId": 5,
      "arabic": "حَدَّثَنَا أَحْمَدُ بْنُ مَنِيعٍ، حَدَّثَنَا سُفْيَانُ بْنُ عُيَيْنَةَ، عَنِ الزُّهْرِيِّ، عَنْ سَالِمٍ، عَنْ أَبِيهِ، أَنَّهُ سَمِعَ النَّبِيَّ صلى الله عليه وسلم يَقُولُ ‏\n\"‏ مَنْ أَتَى الْجُمُعَةَ فَلْيَغْتَسِلْ ‏\"‏ ‏.‏ قَالَ وَفِي الْبَابِ عَنْ عُمَرَ وَأَبِي سَعِيدٍ وَجَابِرٍ وَالْبَرَاءِ وَعَائِشَةَ وَأَبِي الدَّرْدَاءِ ‏.‏ قَالَ أَبُو عِيسَى حَدِيثُ ابْنِ عُمَرَ حَدِيثٌ حَسَنٌ صَحِيحٌ ‏.‏",
      "english": {
        "narrator": "Salim narrated from his father, from his grandfather, that he heard :",
        "text": "the Prophet saying: \"Whoever comes on Friday, then let him perform Ghusl.\""
      },
      "turkish": {
        "narrator": "Salim narrated from his father, from his grandfather, that he heard :",
        "text": "Salim, babasından, dedesinden nakletti ki, o: \"Peygamber şöyle buyurdu: 'Cuma günü gelen kimse, gusül yapsın.'\" dedi."
      }
    },
    {
      "id": 6,
      "idInBook": 6,
      "chapterId": 4,
      "bookId": 5,
      "arabic": "وَرُوِيَ عَنِ الزُّهْرِيِّ، عَنْ عَبْدِ اللَّهِ بْنِ عَبْدِ اللَّهِ بْنِ عُمَرَ، عَنْ أَبِيهِ، عَنِ النَّبِيِّ صلى الله عليه وسلم هَذَا الْحَدِيثُ أَيْضًا ‏.‏ حَدَّثَنَا بِذَلِكَ قُتَيْبَةُ حَدَّثَنَا اللَّيْثُ بْنُ سَعْدٍ عَنِ ابْنِ شِهَابٍ عَنْ عَبْدِ اللَّهِ بْنِ عَبْدِ اللَّهِ بْنِ عُمَرَ عَنْ أَبِيهِ أَنَّ النَّبِيَّ صلى الله عليه وسلم مِثْلَهُ ‏.‏ وَقَالَ مُحَمَّدٌ وَحَدِيثُ الزُّهْرِيِّ عَنْ سَالِمٍ عَنْ أَبِيهِ وَحَدِيثُ عَبْدِ اللَّهِ بْنِ عَبْدِ اللَّهِ عَنْ أَبِيهِ كِلاَ الْحَدِيثَيْنِ صَحِيحٌ ‏.‏ وَقَالَ بَعْضُ أَصْحَابِ الزُّهْرِيِّ عَنِ الزُّهْرِيِّ قَالَ حَدَّثَنِي آلُ عَبْدِ اللَّهِ بْنِ عُمَرَ عَنْ عَبْدِ اللَّهِ بْنِ عُمَرَ ‏.‏",
      "english": {
        "narrator": "Salim narrated:",
        "text": "(Another chain) from Abdullah bin Umar from the Prophet which is similar"
      },
      "turkish": {
        "narrator": "Salim narrated:",
        "text": "Salim, Abdullah bin Ömer'den, Peygamber'den benzer bir şekilde nakletti."
      }
    },
    {
      "id": 7,
      "idInBook": 7,
      "chapterId": 4,
      "bookId": 5,
      "arabic": "قَالَ أَبُو عِيسَى وَقَدْ رُوِيَ عَنِ ابْنِ عُمَرَ، عَنْ عُمَرَ، عَنِ النَّبِيِّ صلى الله عليه وسلم فِي الْغُسْلِ يَوْمَ الْجُمُعَةِ أَيْضًا وَهُوَ حَدِيثٌ حَسَنٌ صَحِيحٌ رَوَاهُ يُونُسُ وَمَعْمَرٌ عَنِ الزُّهْرِيِّ عَنْ سَالِمٍ عَنْ أَبِيهِ بَيْنَمَا عُمَرُ بْنُ الْخَطَّابِ يَخْطُبُ يَوْمَ الْجُمُعَةِ إِذْ دَخَلَ رَجُلٌ مِنْ أَصْحَابِ النَّبِيِّ صلى الله عليه وسلم فَقَالَ أَيَّةُ سَاعَةٍ هَذِهِ فَقَالَ مَا هُوَ إِلاَّ أَنْ سَمِعْتُ النِّدَاءَ وَمَا زِدْتُ عَلَى أَنْ تَوَضَّأْتُ ‏.‏ قَالَ وَالْوُضُوءَ أَيْضًا وَقَدْ عَلِمْتَ أَنَّ رَسُولَ اللَّهِ صلى الله عليه وسلم أَمَرَ بِالْغُسْلِ ‏.‏ حَدَّثَنَا بِذَلِكَ أَبُو بَكْرٍ مُحَمَّدُ بْنُ أَبَانَ حَدَّثَنَا عَبْدُ الرَّزَّاقِ عَنْ مَعْمَرٍ عَنِ الزُّهْرِيِّ ‏.‏",
      "english": {
        "narrator": "And Yunus and Ma'mar reported, from Az-Zuhri, from Salim Wudu from his father:",
        "text": "\"Umar bin Al-Khattab was giving a Khutbah on Friday when a man from the Companions of the Prophet entered. So he said: \"What time is it?\" So he said: 'I don't know, I heard the call and did nothing more than perform Wudu.' So he said: And Wudu again!? I know surely that the Messenger of Allah has ordered Ghusl.'\""
      },
      "turkish": {
        "narrator": "And Yunus and Ma'mar reported, from Az-Zuhri, from Salim Wudu from his father:",
        "text": "Yunus ve Ma'mar, Az-Zuhri'den, Salim'in babasından nakletti: \"Ömer bin Hattab, Cuma günü hutbe verirken, Peygamber'in bir arkadaşından bir adam girdi. O da: 'Saat kaç?' dedi. Adam: 'Bilmiyorum, sadece ezanı duydum ve gusül yaptım.' dedi. Ömer: 'Gusül mü tekrar!? Ben biliyorum ki, Allah'ın Resulü gusül yapmayı emretti.' dedi.\""
      }
    },
    {
      "id": 8,
      "idInBook": 8,
      "chapterId": 4,
      "bookId": 5,
      "arabic": "قَالَ وَحَدَّثَنَا عَبْدُ اللَّهِ بْنُ عَبْدِ الرَّحْمَنِ، أَخْبَرَنَا أَبُو صَالِحٍ عَبْدُ اللَّهِ بْنُ صَالِحٍ، حَدَّثَنَا اللَّيْثُ، عَنْ يُونُسَ، عَنِ الزُّهْرِيِّ، بِهَذَا الْحَدِيثِ ‏.‏ وَرَوَى مَالِكٌ، هَذَا الْحَدِيثَ عَنِ الزُّهْرِيِّ، عَنْ سَالِمٍ، قَالَ بَيْنَمَا عُمَرُ بْنُ الْخَطَّابِ يَخْطُبُ يَوْمَ الْجُمُعَةِ ‏.‏ فَذَكَرَ هَذَا الْحَدِيثَ ‏.‏ قَالَ أَبُو عِيسَى وَسَأَلْتُ مُحَمَّدًا عَنْ هَذَا فَقَالَ الصَّحِيحُ حَدِيثُ الزُّهْرِيِّ عَنْ سَالِمٍ عَنْ أَبِيهِ ‏.‏ قَالَ مُحَمَّدٌ وَقَدْ رُوِيَ عَنْ مَالِكٍ أَيْضًا عَنِ الزُّهْرِيِّ عَنْ سَالِمٍ عَنْ أَبِيهِ نَحْوُ هَذَا الْحَدِيثِ ‏.‏",
      "english": {
        "narrator": "(Another chain reaching to Az-Zuhri) with this Hadith.Malik reported this Hadith from Az-Zuhri, from Salim who said:",
        "text": "\"Umar  was giving a Khutbah on Friday.\" And he mentioned this Hadith."
      },
      "turkish": {
        "narrator": "(Another chain reaching to Az-Zuhri) with this Hadith.Malik reported this Hadith from Az-Zuhri, from Salim who said:",
        "text": "(Az-Zuhri'ye ulaşan başka bir isnad) ile bu Hadis. Malik, bu Hadisi Az-Zuhri'den, Salim'den nakletti ki, o: \"Ömer Cuma günü hutbe veriyordu.\" ve bu Hadisi zikretti."
      }
    },
    {
      "id": 9,
      "idInBook": 9,
      "chapterId": 4,
      "bookId": 5,
      "arabic": "حَدَّثَنَا مَحْمُودُ بْنُ غَيْلاَنَ، حَدَّثَنَا وَكِيعٌ، حَدَّثَنَا سُفْيَانُ، وَأَبُو جَنَابٍ يَحْيَى بْنُ أَبِي حَيَّةَ عَنْ عَبْدِ اللَّهِ بْنِ عِيسَى، عَنْ يَحْيَى بْنِ الْحَارِثِ، عَنْ أَبِي الأَشْعَثِ الصَّنْعَانِيِّ، عَنْ أَوْسِ بْنِ أَوْسٍ، قَالَ قَالَ رَسُولُ اللَّهِ صلى الله عليه وسلم ‏\"‏ مَنِ اغْتَسَلَ يَوْمَ الْجُمُعَةِ وَغَسَّلَ وَبَكَّرَ وَابْتَكَرَ وَدَنَا وَاسْتَمَعَ وَأَنْصَتَ كَانَ لَهُ بِكُلِّ خَطْوَةٍ يَخْطُوهَا أَجْرُ سَنَةٍ صِيَامُهَا وَقِيَامُهَا ‏\"‏ ‏.‏ قَالَ مَحْمُودٌ قَالَ وَكِيعٌ اغْتَسَلَ هُوَ وَغَسَّلَ امْرَأَتَهُ ‏.‏ قَالَ وَيُرْوَى عَنْ عَبْدِ اللَّهِ بْنِ الْمُبَارَكِ أَنَّهُ قَالَ فِي هَذَا الْحَدِيثِ ‏\"‏ مَنْ غَسَّلَ وَاغْتَسَلَ ‏\"‏ ‏.‏ يَعْنِي غَسَلَ رَأْسَهُ وَاغْتَسَلَ ‏.‏ قَالَ وَفِي الْبَابِ عَنْ أَبِي بَكْرٍ وَعِمْرَانَ بْنِ حُصَيْنٍ وَسَلْمَانَ وَأَبِي ذَرٍّ وَأَبِي سَعِيدٍ وَابْنِ عُمَرَ وَأَبِي أَيُّوبَ ‏.‏ قَالَ أَبُو عِيسَى حَدِيثُ أَوْسِ بْنِ أَوْسٍ حَدِيثٌ حَسَنٌ ‏.‏ وَأَبُو الأَشْعَثِ الصَّنْعَانِيُّ اسْمُهُ شَرَاحِيلُ بْنُ آدَةَ ‏.‏ وَأَبُو جَنَابٍ يَحْيَى بْنُ حَبِيبٍ الْقَصَّابُ الْكُوفِيُّ ‏.‏",
      "english": {
        "narrator": "Aws bin Aws narrated:",
        "text": "\"Allah's Messenger said to me: 'Whoever performs Ghusl on Friday, and bathes completely, and goes early, arriving early, gets close and listens and is silent, there will be for him in every step he take the reward of a year of fasting and standing (in prayer).'\""
      },
      "turkish": {
        "narrator": "Aws bin Aws narrated:",
        "text": "Avs bin Avs şöyle nakletti: \"Allah'ın Resulü bana şöyle dedi: 'Cuma günü gusül yapan, tamamen banyo eden, erken giden, yaklaşan, dinleyen ve sessiz kalan kimseye, attığı her adım için bir yıl oruç tutma ve namaz kılma sevabı vardır.'\""
      }
    },
    {
      "id": 10,
      "idInBook": 10,
      "chapterId": 4,
      "bookId": 5,
      "arabic": "حَدَّثَنَا أَبُو مُوسَى، مُحَمَّدُ بْنُ الْمُثَنَّى حَدَّثَنَا سَعِيدُ بْنُ سُفْيَانَ الْجَحْدَرِيُّ، حَدَّثَنَا شُعْبَةُ، عَنْ قَتَادَةَ، عَنِ الْحَسَنِ، عَنْ سَمُرَةَ بْنِ جُنْدَبٍ، قَالَ قَالَ رَسُولُ اللَّهِ صلى الله عليه وسلم ‏\n\"‏ مَنْ تَوَضَّأَ يَوْمَ الْجُمُعَةِ فَبِهَا وَنِعْمَتْ وَمَنِ اغْتَسَلَ فَالْغُسْلُ أَفْضَلُ ‏\"‏ ‏.‏ قَالَ وَفِي الْبَابِ عَنْ أَبِي هُرَيْرَةَ وَعَائِشَةَ وَأَنَسٍ ‏.‏ قَالَ أَبُو عِيسَى حَدِيثُ سَمُرَةَ حَدِيثٌ حَسَنٌ ‏.‏ وَقَدْ رَوَاهُ بَعْضُ أَصْحَابِ قَتَادَةَ عَنْ قَتَادَةَ عَنِ الْحَسَنِ عَنْ سَمُرَةَ بْنِ جُنْدَبٍ وَرَوَاهُ بَعْضُهُمْ عَنْ قَتَادَةَ عَنِ الْحَسَنِ عَنِ النَّبِيِّ صلى الله عليه وسلم مُرْسَلٌ ‏.‏ وَالْعَمَلُ عَلَى هَذَا عِنْدَ أَهْلِ الْعِلْمِ مِنْ أَصْحَابِ النَّبِيِّ صلى الله عليه وسلم وَمَنْ بَعْدَهُمُ اخْتَارُوا الْغُسْلَ يَوْمَ الْجُمُعَةِ وَرَأَوْا أَنْ يُجْزِئَ الْوُضُوءُ مِنَ الْغُسْلِ يَوْمَ الْجُمُعَةِ ‏.‏ قَالَ الشَّافِعِيُّ وَمِمَّا يَدُلُّ عَلَى أَنَّ أَمْرَ النَّبِيِّ صلى الله عليه وسلم بِالْغُسْلِ يَوْمَ الْجُمُعَةِ أَنَّهُ عَلَى الاِخْتِيَارِ لاَ عَلَى الْوُجُوبِ حَدِيثُ عُمَرَ حَيْثُ قَالَ لِعُثْمَانَ وَالْوُضُوءَ أَيْضًا وَقَدْ عَلِمْتَ أَنَّ رَسُولَ اللَّهِ صلى الله عليه وسلم أَمَرَ بِالْغُسْلِ يَوْمَ الْجُمُعَةِ ‏.‏ فَلَوْ عَلِمَا أَنَّ أَمْرَهُ عَلَى الْوُجُوبِ لاَ عَلَى الاِخْتِيَارِ لَمْ يَتْرُكْ عُمَرُ عُثْمَانَ حَتَّى يَرُدَّهُ وَيَقُولَ لَهُ ارْجِعْ فَاغْتَسِلْ وَلَمَا خَفِيَ عَلَى عُثْمَانَ ذَلِكَ مَعَ عِلْمِهِ وَلَكِنْ دَلَّ فِي هَذَا الْحَدِيثِ أَنَّ الْغُسْلَ يَوْمَ الْجُمُعَةِ فِيهِ فَضْلٌ مِنْ غَيْرِ وُجُوبٍ يَجِبُ عَلَى الْمَرْءِ فِي ذَلِكَ ‏.‏",
      "english": {
        "narrator": "Samurah bin Jundah narrated that :",
        "text": "Allah's Messenger said: \"Whoever performs  Wudu on Friday, then he will receive the blessing, and whoever performs Ghusl then Ghusl is more virtuous.\""
      },
      "turkish": {
        "narrator": "Samurah bin Jundah narrated that :",
        "text": "Semure bin Cundah, Allah'ın Resulü'nün şöyle buyurduğunu nakletti: \"Cuma günü gusül yapan, bereket alır; gusül yapanın ise gusülü daha faziletlidir.\""
      }
    },
    {
      "id": 11,
      "idInBook": 11,
      "chapterId": 4,
      "bookId": 5,
      "arabic": "حَدَّثَنَا هَنَّادٌ، قَالَ حَدَّثَنَا أَبُو مُعَاوِيَةَ، عَنِ الأَعْمَشِ، عَنْ أَبِي صَالِحٍ، عَنْ أَبِي هُرَيْرَةَ، قَالَ قَالَ رَسُولُ اللَّهِ صلى الله عليه وسلم ‏\n\"‏ مَنْ تَوَضَّأَ فَأَحْسَنَ الْوُضُوءَ ثُمَّ أَتَى الْجُمُعَةَ فَدَنَا وَاسْتَمَعَ وَأَنْصَتَ غُفِرَ لَهُ مَا بَيْنَهُ وَبَيْنَ الْجُمُعَةِ وَزِيَادَةُ ثَلاَثَةِ أَيَّامٍ وَمَنْ مَسَّ الْحَصَى فَقَدْ لَغَا ‏\"‏ ‏.‏ قَالَ أَبُو عِيسَى هَذَا حَدِيثٌ حَسَنٌ صَحِيحٌ ‏.‏",
      "english": {
        "narrator": "Abu Hurairh narrated that :",
        "text": "Allah's Messenger said: \"Whoever performs Wudu, performing his Wudu well, then he comes to the Friday (prayer), and he gets close, listens and is silent, then whatever (sin) was between that and (the last) Friday are forgiven for him, in addition to three days. And whoever touches the pebbles, he has committed Lagha (useless activity).\""
      },
      "turkish": {
        "narrator": "Abu Hurairh narrated that :",
        "text": "Abu Hurayra'nın naklettiğine göre, Allah'ın Resulü şöyle buyurdu: \"Kim Cuma günü gusül yapar, guslünü güzelce yapar, Cuma (namazına) gelir, yaklaşır, dinler ve sessiz kalırsa, o (son) Cuma ile bu Cuma arasındaki günahları affedilir, ayrıca üç gün daha. Ve kim taşlara dokunursa, o Lagha (gereksiz bir faaliyet) işlemiş olur.\""
      }
    },
    {
      "id": 12,
      "idInBook": 12,
      "chapterId": 4,
      "bookId": 5,
      "arabic": "حَدَّثَنَا إِسْحَاقُ بْنُ مُوسَى الأَنْصَارِيُّ، حَدَّثَنَا مَعْنٌ، حَدَّثَنَا مَالِكٌ، عَنْ سُمَىٍّ، عَنْ أَبِي صَالِحٍ، عَنْ أَبِي هُرَيْرَةَ، أَنَّ رَسُولَ اللَّهِ صلى الله عليه وسلم قَالَ ‏\n\"‏ مَنِ اغْتَسَلَ يَوْمَ الْجُمُعَةِ غُسْلَ الْجَنَابَةِ ثُمَّ رَاحَ فَكَأَنَّمَا قَرَّبَ بَدَنَةً وَمَنْ رَاحَ فِي السَّاعَةِ الثَّانِيَةِ فَكَأَنَّمَا قَرَّبَ بَقَرَةً وَمَنْ رَاحَ فِي السَّاعَةِ الثَّالِثَةِ فَكَأَنَّمَا قَرَّبَ كَبْشًا أَقْرَنَ وَمَنْ رَاحَ فِي السَّاعَةِ الرَّابِعَةِ فَكَأَنَّمَا قَرَّبَ دَجَاجَةً وَمَنْ رَاحَ فِي السَّاعَةِ الْخَامِسَةِ فَكَأَنَّمَا قَرَّبَ بَيْضَةً فَإِذَا خَرَجَ الإِمَامُ حَضَرَتِ الْمَلاَئِكَةُ يَسْتَمِعُونَ الذِّكْرَ ‏\"‏ ‏.‏ قَالَ وَفِي الْبَابِ عَنْ عَبْدِ اللَّهِ بْنِ عَمْرٍو وَسَمُرَةَ ‏.‏ قَالَ أَبُو عِيسَى حَدِيثُ أَبِي هُرَيْرَةَ حَدِيثٌ حَسَنٌ صَحِيحٌ ‏.‏",
      "english": {
        "narrator": "Abu Hurairah narrated that :",
        "text": "Allah's Messenger said: \"Whoever performs Ghusl on Friday - the Ghusl for Janabah - then he goes, he is like one who gave a camel in charity. Whoever goes in the second hour then he is like one who gave a cow in charity. Whoever goes in the third hour then he is like the one who have a ram in charity. Whoever goes in the fourth hour then he is like the one who gave a chicken in charity. Whoever goes in the fifth hour, then he is like one who gave an egg in charity. When the Imam comes out, the angels are present listening to the remembrance.\""
      },
      "turkish": {
        "narrator": "Abu Hurairah narrated that :",
        "text": "Abu Hurayra'nın naklettiğine göre, Allah'ın Resulü şöyle buyurdu: \"Cuma günü gusül yapan - cünüplük için gusül - sonra giden, o, bir deve sadaka veren gibidir. İkinci saatte giden, bir inek sadaka veren gibidir. Üçüncü saatte giden, bir koç sadaka veren gibidir. Dördüncü saatte giden, bir tavuk sadaka veren gibidir. Beşinci saatte giden, bir yumurta sadaka veren gibidir. İmam çıktığında, melekler hatırlamayı dinlemek için hazırdır.\""
      }
    },
    {
      "id": 13,
      "idInBook": 13,
      "chapterId": 4,
      "bookId": 5,
      "arabic": "حَدَّثَنَا عَلِيُّ بْنُ خَشْرَمٍ، أَخْبَرَنَا عِيسَى بْنُ يُونُسَ، عَنْ مُحَمَّدِ بْنِ عَمْرٍو، عَنْ عَبِيدَةَ بْنِ سُفْيَانَ، عَنْ أَبِي الْجَعْدِ يَعْنِي الضَّمْرِيَّ، وَكَانَتْ، لَهُ صُحْبَةٌ فِيمَا زَعَمَ مُحَمَّدُ بْنُ عَمْرٍو قَالَ قَالَ رَسُولُ اللَّهِ صلى الله عليه وسلم ‏\n\"‏ مَنْ تَرَكَ الْجُمُعَةَ ثَلاَثَ مَرَّاتٍ تَهَاوُنًا بِهَا طَبَعَ اللَّهُ عَلَى قَلْبِهِ ‏\"‏ ‏.‏ قَالَ وَفِي الْبَابِ عَنِ ابْنِ عُمَرَ وَابْنِ عَبَّاسٍ وَسَمُرَةَ ‏.‏ قَالَ أَبُو عِيسَى حَدِيثُ أَبِي الْجَعْدِ حَدِيثٌ حَسَنٌ ‏.‏ قَالَ وَسَأَلْتُ مُحَمَّدًا عَنِ اسْمِ أَبِي الْجَعْدِ الضَّمْرِيِّ فَلَمْ يَعْرِفِ اسْمَهُ وَقَالَ لاَ أَعْرِفُ لَهُ عَنِ النَّبِيِّ صلى الله عليه وسلم إِلاَّ هَذَا الْحَدِيثَ ‏.‏ قَالَ أَبُو عِيسَى وَلاَ نَعْرِفُ هَذَا الْحَدِيثَ إِلاَّ مِنْ حَدِيثِ مُحَمَّدِ بْنِ عَمْرٍو ‏.‏",
      "english": {
        "narrator": "Abu Al-Ja'd - meaning Ad-Damri - narrated, and he was a Companion according to the claim of Muhammad bin Amr:",
        "text": "\"Allah's Messenger said: 'Whoever neglects the Friday prayer three times (in a row) without an excuse, then Allah sets a seal upon his heart.'\""
      },
      "turkish": {
        "narrator": "Abu Al-Ja'd - meaning Ad-Damri - narrated, and he was a Companion according to the claim of Muhammad bin Amr:",
        "text": "Ebu'l-Ca'd - yani Ad-Damri - nakletti ve o, Muhammed bin Amr'ın iddiasına göre bir Sahabi: \"Allah'ın Resulü şöyle buyurdu: 'Cuma namazını ardı ardına üç kez mazeretsiz terk edenin kalbine Allah mühür vurur.'\""
      }
    },
    {
      "id": 14,
      "idInBook": 14,
      "chapterId": 4,
      "bookId": 5,
      "arabic": "حَدَّثَنَا عَبْدُ بْنُ حُمَيْدٍ، وَمُحَمَّدُ بْنُ مَدُّويَهْ، قَالاَ حَدَّثَنَا الْفَضْلُ بْنُ دُكَيْنٍ، حَدَّثَنَا إِسْرَائِيلُ، عَنْ ثُوَيْرٍ، عَنْ رَجُلٍ، مِنْ أَهْلِ قُبَاءَ عَنْ أَبِيهِ، وَكَانَ، مِنْ أَصْحَابِ النَّبِيِّ صلى الله عليه وسلم - قَالَ أَمَرَنَا النَّبِيُّ صلى الله عليه وسلم أَنْ نَشْهَدَ الْجُمُعَةَ مِنْ قُبَاءَ ‏.‏ وَقَدْ رُوِيَ عَنْ أَبِي هُرَيْرَةَ عَنِ النَّبِيِّ صلى الله عليه وسلم فِي هَذَا وَلاَ يَصِحُّ ‏.‏ قَالَ أَبُو عِيسَى هَذَا حَدِيثٌ لاَ نَعْرِفُهُ إِلاَّ مِنْ هَذَا الْوَجْهِ وَلاَ يَصِحُّ فِي هَذَا الْبَابِ عَنِ النَّبِيِّ صلى الله عليه وسلم شَيْءٌ ‏.‏ وَقَدْ رُوِيَ عَنْ أَبِي هُرَيْرَةَ عَنِ النَّبِيِّ صلى الله عليه وسلم أَنَّهُ قَالَ ‏\n\"‏ الْجُمُعَةُ عَلَى مَنْ آوَاهُ اللَّيْلُ إِلَى أَهْلِهِ ‏\"‏ ‏.‏ وَهَذَا حَدِيثٌ إِسْنَادُهُ ضَعِيفٌ إِنَّمَا يُرْوَى مِنْ حَدِيثِ مُعَارِكِ بْنِ عَبَّادٍ عَنْ عَبْدِ اللَّهِ بْنِ سَعِيدٍ الْمَقْبُرِيِّ ‏.‏ وَضَعَّفَ يَحْيَى بْنُ سَعِيدٍ الْقَطَّانُ عَبْدَ اللَّهِ بْنَ سَعِيدٍ الْمَقْبُرِيَّ فِي الْحَدِيثِ ‏.‏ قَالَ وَاخْتَلَفَ أَهْلُ الْعِلْمِ عَلَى مَنْ تَجِبُ الْجُمُعَةُ فَقَالَ بَعْضُهُمْ تَجِبُ الْجُمُعَةُ عَلَى مَنْ آوَاهُ اللَّيْلُ إِلَى مَنْزِلِهِ ‏.‏ وَقَالَ بَعْضُهُمْ لاَ تَجِبُ الْجُمُعَةُ إِلاَّ عَلَى مَنْ سَمِعَ النِّدَاءَ وَهُوَ قَوْلُ الشَّافِعِيِّ وَأَحْمَدَ وَإِسْحَاقَ ‏.‏",
      "english": {
        "narrator": "Thuwair narrated from a man among the people of Quba, from his father, who was one of the Companions of the Prophet, that :",
        "text": "he said: \"The Prophet ordered us to attend the Friday prayer in Quba.\""
      },
      "turkish": {
        "narrator": "Thuwair narrated from a man among the people of Quba, from his father, who was one of the Companions of the Prophet, that :",
        "text": "Thuwair, Kuba halkından bir adamdan, babasından, Peygamber'in bir arkadaşlarından biri olarak nakletti ki, o: \"Peygamber, bize Kuba'da Cuma namazına katılmamızı emretti.\" dedi."
      }
    },
    {
      "id": 15,
      "idInBook": 15,
      "chapterId": 4,
      "bookId": 5,
      "arabic": "سَمِعْتُ أَحْمَدَ بْنَ الْحَسَنِ، يَقُولُ كُنَّا عِنْدَ أَحْمَدَ بْنِ حَنْبَلٍ فَذَكَرُوا عَلَى مَنْ تَجِبُ الْجُمُعَةُ فَلَمْ يَذْكُرْ أَحْمَدُ فِيهِ عَنِ النَّبِيِّ صلى الله عليه وسلم شَيْئًا ‏.‏ قَالَ أَحْمَدُ بْنُ الْحَسَنِ فَقُلْتُ لأَحْمَدَ بْنِ حَنْبَلٍ فِيهِ عَنْ أَبِي هُرَيْرَةَ عَنِ النَّبِيِّ صلى الله عليه وسلم ‏.‏ فَقَالَ أَحْمَدُ عَنِ النَّبِيِّ صلى الله عليه وسلم قُلْتُ نَعَمْ ‏.‏ قَالَ أَحْمَدُ بْنُ الْحَسَنِ حَدَّثَنَا حَجَّاجُ بْنُ نُصَيْرٍ حَدَّثَنَا مُعَارِكُ بْنُ عَبَّادٍ عَنْ عَبْدِ اللَّهِ بْنِ سَعِيدٍ الْمَقْبُرِيِّ عَنْ أَبِيهِ عَنْ أَبِي هُرَيْرَةَ عَنِ النَّبِيِّ صلى الله عليه وسلم قَالَ ‏\n\"‏ الْجُمُعَةُ عَلَى مَنْ آوَاهُ اللَّيْلُ إِلَى أَهْلِهِ ‏\"‏ ‏.‏ قَالَ فَغَضِبَ عَلَىَّ أَحْمَدُ بْنُ حَنْبَلٍ وَقَالَ لِي اسْتَغْفِرْ رَبَّكَ اسْتَغْفِرْ رَبَّكَ ‏.‏ قَالَ أَبُو عِيسَى إِنَّمَا فَعَلَ أَحْمَدُ بْنُ حَنْبَلٍ هَذَا لأَنَّهُ لَمْ يَعُدَّ هَذَا الْحَدِيثَ شَيْئًا وَضَعَّفَهُ لِحَالِ إِسْنَادِهِ ‏.‏",
      "english": {
        "narrator": "Narrator not mentioned:",
        "text": "I heard Ahmad bin Husain saying: \"We were with Ahmad bin Hanbal, so they mentioned the one upon whom the Friday prayer is obligatory. Ahmad did not mention anything about it from the Prophet.\" Ahmad bin Al-Hasan said: \"I said to Ahmad bin Hanbal: 'There is something about it from Abu Hurairah, from the Prophet.' So Ahmad bin Hanbal said: 'From the Prophet?' I said: 'Yes.'\"  became angry with me, and he said to me: 'Seek forgiveness from your Lord, seek forgiveness from your Lord.'\""
      },
      "turkish": {
        "narrator": "Narrator not mentioned:",
        "text": "Nakilci belirtilmemiş: Ahmad bin Hüseyin'in şöyle dediğini duydum: \"Ahmad bin Hanbel ileydik, Cuma namazının farz olduğu kişiden bahsedildi. Ahmad, Peygamber'den bununla ilgili hiçbir şey zikretmedi.\" Ahmad bin Hasan dedi ki: \"Ben Ahmad bin Hanbel'e: 'Abu Hurayra'dan, Peygamber'den bununla ilgili bir şey var.' dedim. Ahmad bin Hanbel: 'Peygamber'den mi?' dedi. Ben: 'Evet.' dedim.\" Benden öfkelenip: \"Rabbinden af dile, Rabbinden af dile.\" dedi."
      }
    },
    {
      "id": 16,
      "idInBook": 16,
      "chapterId": 4,
      "bookId": 5,
      "arabic": "حَدَّثَنَا أَحْمَدُ بْنُ مَنِيعٍ، حَدَّثَنَا سُرَيْجُ بْنُ النُّعْمَانِ، حَدَّثَنَا فُلَيْحُ بْنُ سُلَيْمَانَ، عَنْ عُثْمَانَ بْنِ عَبْدِ الرَّحْمَنِ التَّيْمِيِّ، عَنْ أَنَسِ بْنِ مَالِكٍ، أَنَّ النَّبِيَّ صلى الله عليه وسلم كَانَ يُصَلِّي الْجُمُعَةَ حِينَ تَمِيلُ الشَّمْسُ ‏.‏",
      "english": {
        "narrator": "Anas bin Malik narrated:",
        "text": "\"The Prophet would pray the Friday prayer when the sun was declining.\""
      },
      "turkish": {
        "narrator": "Anas bin Malik narrated:",
        "text": "Anas bin Malik rivayet etti: \"Peygamber, güneşin batmaya yüz tuttuğu zaman Cuma namazı kılardı.\""
      }
    },
    {
      "id": 17,
      "idInBook": 17,
      "chapterId": 4,
      "bookId": 5,
      "arabic": "حَدَّثَنَا يَحْيَى بْنُ مُوسَى، حَدَّثَنَا أَبُو دَاوُدَ الطَّيَالِسِيُّ، حَدَّثَنَا فُلَيْحُ بْنُ سُلَيْمَانَ، عَنْ عُثْمَانَ بْنِ عَبْدِ الرَّحْمَنِ التَّيْمِيِّ، عَنْ أَنَسٍ، عَنِ النَّبِيِّ صلى الله عليه وسلم نَحْوَهُ ‏.‏ قَالَ وَفِي الْبَابِ عَنْ سَلَمَةَ بْنِ الأَكْوَعِ وَجَابِرٍ وَالزُّبَيْرِ بْنِ الْعَوَّامِ ‏.‏ قَالَ أَبُو عِيسَى حَدِيثُ أَنَسٍ حَدِيثٌ حَسَنٌ صَحِيحٌ ‏.‏ وَهُوَ الَّذِي أَجْمَعَ عَلَيْهِ أَكْثَرُ أَهْلِ الْعِلْمِ أَنَّ وَقْتَ الْجُمُعَةِ إِذَا زَالَتِ الشَّمْسُ كَوَقْتِ الظُّهْرِ ‏.‏ وَهُوَ قَوْلُ الشَّافِعِيِّ وَأَحْمَدَ وَإِسْحَاقَ ‏.‏ وَرَأَى بَعْضُهُمْ أَنَّ صَلاَةَ الْجُمُعَةِ إِذَا صُلِّيَتْ قَبْلَ الزَّوَالِ أَنَّهَا تَجُوزُ أَيْضًا ‏.‏ وَقَالَ أَحْمَدُ وَمَنْ صَلاَّهَا قَبْلَ الزَّوَالِ فَإِنَّهُ لَمْ يَرَ عَلَيْهِ إِعَادَةً ‏.‏",
      "english": {
        "narrator": "(Another chain) from Anas, :",
        "text": "from the Prophet, similarly."
      },
      "turkish": {
        "narrator": "(Another chain) from Anas, :",
        "text": "(Başka bir isnad) Anas'tan, Peygamber'den, benzer şekilde."
      }
    },
    {
      "id": 18,
      "idInBook": 18,
      "chapterId": 4,
      "bookId": 5,
      "arabic": "حَدَّثَنَا أَبُو حَفْصٍ، عَمْرُو بْنُ عَلِيٍّ الْفَلاَّسُ الصَّيْرَفِيُّ حَدَّثَنَا عُثْمَانُ بْنُ عُمَرَ، وَيَحْيَى بْنُ كَثِيرٍ أَبُو غَسَّانَ الْعَنْبَرِيُّ، قَالاَ حَدَّثَنَا مُعَاذُ بْنُ الْعَلاَءِ، عَنْ نَافِعٍ، عَنِ ابْنِ عُمَرَ، أَنَّ النَّبِيَّ صلى الله عليه وسلم كَانَ يَخْطُبُ إِلَى جِذْعٍ فَلَمَّا اتَّخَذَ النَّبِيُّ صلى الله عليه وسلم الْمِنْبَرَ حَنَّ الْجِذْعُ حَتَّى أَتَاهُ فَالْتَزَمَهُ فَسَكَنَ ‏\"‏ ‏.‏ قَالَ وَفِي الْبَابِ عَنْ أَنَسٍ وَجَابِرٍ وَسَهْلِ بْنِ سَعْدٍ وَأُبَىِّ بْنِ كَعْبٍ وَابْنِ عَبَّاسٍ وَأُمِّ سَلَمَةَ ‏.‏ قَالَ أَبُو عِيسَى حَدِيثُ ابْنِ عُمَرَ حَدِيثٌ حَسَنٌ غَرِيبٌ صَحِيحٌ ‏.‏ وَمُعَاذُ بْنُ الْعَلاَءِ هُوَ بَصْرِيٌّ وَهُوَ أَخُو أَبِي عَمْرِو بْنِ الْعَلاَءِ ‏.‏",
      "english": {
        "narrator": "Ibn Umar narrated:",
        "text": "\"The Prophet would give the Khutbah next to the trunk of a date palm. When he  began using the Minbar the trunk cried out for him until he came to it and held it, so it became quiet.\""
      },
      "turkish": {
        "narrator": "Ibn Umar narrated:",
        "text": "İbn Umar rivayet etti: \"Peygamber, bir hurma ağacının gövdesinin yanında hutbe verirdi. Minber kullanmaya başladığında, gövde onun için inledi ta ki o yanına gelene ve onu tutana kadar, sonra sessizleşti.\""
      }
    },
    {
      "id": 19,
      "idInBook": 19,
      "chapterId": 4,
      "bookId": 5,
      "arabic": "حَدَّثَنَا حُمَيْدُ بْنُ مَسْعَدَةَ الْبَصْرِيُّ، حَدَّثَنَا خَالِدُ بْنُ الْحَارِثِ، حَدَّثَنَا عُبَيْدُ اللَّهِ بْنُ عُمَرَ، عَنْ نَافِعٍ، عَنِ ابْنِ عُمَرَ، أَنَّ النَّبِيَّ صلى الله عليه وسلم كَانَ يَخْطُبُ يَوْمَ الْجُمُعَةِ ثُمَّ يَجْلِسُ ثُمَّ يَقُومُ فَيَخْطُبُ قَالَ مِثْلَ مَا تَفْعَلُونَ الْيَوْمَ ‏.‏ قَالَ وَفِي الْبَابِ عَنِ ابْنِ عَبَّاسٍ وَجَابِرِ بْنِ عَبْدِ اللَّهِ وَجَابِرِ بْنِ سَمُرَةَ ‏.‏ قَالَ أَبُو عِيسَى حَدِيثُ ابْنِ عُمَرَ حَدِيثٌ حَسَنٌ صَحِيحٌ ‏.‏ وَهُوَ الَّذِي رَآهُ أَهْلُ الْعِلْمِ أَنْ يَفْصِلَ بَيْنَ الْخُطْبَتَيْنِ بِجُلُوسٍ ‏.‏",
      "english": {
        "narrator": "Ibn Umar narrated:",
        "text": "\"The Prophet would give a Khutbah on Friday, then sit, then stand and give (another) Khutbah.\" He said: \"Similar to what they do today.\""
      },
      "turkish": {
        "narrator": "Ibn Umar narrated:",
        "text": "İbn Umar rivayet etti: \"Peygamber, Cuma günü bir hutbe verir, sonra oturur, sonra kalkar ve (başka bir) hutbe verir.\" Dedi ki: \"Bugün yaptıkları gibi.\""
      }
    },
    {
      "id": 20,
      "idInBook": 20,
      "chapterId": 4,
      "bookId": 5,
      "arabic": "حَدَّثَنَا قُتَيْبَةُ، وَهَنَّادٌ، قَالاَ حَدَّثَنَا أَبُو الأَحْوَصِ، عَنْ سِمَاكِ بْنِ حَرْبٍ، عَنْ جَابِرِ بْنِ سَمُرَةَ، قَالَ كُنْتُ أُصَلِّي مَعَ النَّبِيِّ صلى الله عليه وسلم فَكَانَتْ صَلاَتُهُ قَصْدًا وَخُطْبَتُهُ قَصْدًا ‏.‏ قَالَ وَفِي الْبَابِ عَنْ عَمَّارِ بْنِ يَاسِرٍ وَابْنِ أَبِي أَوْفَى ‏.‏ قَالَ أَبُو عِيسَى حَدِيثُ جَابِرِ بْنِ سَمُرَةَ حَدِيثٌ حَسَنٌ صَحِيحٌ ‏.‏",
      "english": {
        "narrator": "Jabir bin Samurah narrated:",
        "text": "\"I would pray with the Prophet, and his prayer was moderate, and his Khutbah was moderate.\""
      },
      "turkish": {
        "narrator": "Jabir bin Samurah narrated:",
        "text": "Cabir bin Semure rivayet etti: \"Peygamber ile namaz kılardım, namazı orta halli, hutbesi de orta halliydi.\""
      }
    },
    {
      "id": 21,
      "idInBook": 21,
      "chapterId": 4,
      "bookId": 5,
      "arabic": "حَدَّثَنَا قُتَيْبَةُ، حَدَّثَنَا سُفْيَانُ بْنُ عُيَيْنَةَ، عَنْ عَمْرِو بْنِ دِينَارٍ، عَنْ عَطَاءٍ، عَنْ صَفْوَانَ بْنِ يَعْلَى بْنِ أُمَيَّةَ، عَنْ أَبِيهِ، قَالَ سَمِعْتُ النَّبِيَّ صلى الله عليه وسلم يَقْرَأُ عَلَى الْمِنْبَرِ ‏(‏ونَادَوُا يَا مَالِكُ‏)‏ ‏.‏ قَالَ وَفِي الْبَابِ عَنْ أَبِي هُرَيْرَةَ وَجَابِرِ بْنِ سَمُرَةَ ‏.‏ قَالَ أَبُو عِيسَى حَدِيثُ يَعْلَى بْنِ أُمَيَّةَ حَدِيثٌ حَسَنٌ صَحِيحٌ غَرِيبٌ وَهُوَ حَدِيثُ ابْنِ عُيَيْنَةَ ‏.‏ وَقَدِ اخْتَارَ قَوْمٌ مِنْ أَهْلِ الْعِلْمِ أَنْ يَقْرَأَ الإِمَامُ فِي الْخُطْبَةِ آيًا مِنَ الْقُرْآنِ ‏.‏ قَالَ الشَّافِعِيُّ وَإِذَا خَطَبَ الإِمَامُ فَلَمْ يَقْرَأْ فِي خُطْبَتِهِ شَيْئًا مِنَ الْقُرْآنِ أَعَادَ الْخُطْبَةَ ‏.‏",
      "english": {
        "narrator": "Safwan bin Ya'la bin Umayyah narrated from his father who said:",
        "text": "\"I heard the Prophet reciting, when on the Minbar: And they will cry: \"O Malik (keeper of Hell)!\".\"  There are narrations on this topic from Abu Hurairah and Jabir bin Samurah."
      },
      "turkish": {
        "narrator": "Safwan bin Ya'la bin Umayyah narrated from his father who said:",
        "text": "Safvan bin Ya'la bin Umeyye, babasından rivayet etti: \"Peygamber'in minberde okuduğunu duydum: 'Ve onlar bağıracaklar: 'Ey Malik (Cehennem'in bekçisi)!'.\" Bu konuda Ebu Hureyre ve Cabir bin Semure'den rivayetler vardır."
      }
    },
    {
      "id": 22,
      "idInBook": 22,
      "chapterId": 4,
      "bookId": 5,
      "arabic": "حَدَّثَنَا عَبَّادُ بْنُ يَعْقُوبَ الْكُوفِيُّ، حَدَّثَنَا مُحَمَّدُ بْنُ الْفَضْلِ بْنِ عَطِيَّةَ، عَنْ مَنْصُورٍ، عَنْ إِبْرَاهِيمَ، عَنْ عَلْقَمَةَ، عَنْ عَبْدِ اللَّهِ بْنِ مَسْعُودٍ، قَالَ كَانَ رَسُولُ اللَّهِ صلى الله عليه وسلم إِذَا اسْتَوَى عَلَى الْمِنْبَرِ اسْتَقْبَلْنَاهُ بِوُجُوهِنَا ‏.‏ قَالَ أَبُو عِيسَى وَفِي الْبَابِ عَنِ ابْنِ عُمَرَ وَحَدِيثُ مَنْصُورٍ لاَ نَعْرِفُهُ إِلاَّ مِنْ حَدِيثِ مُحَمَّدِ بْنِ الْفَضْلِ بْنِ عَطِيَّةَ ‏.‏ وَمُحَمَّدُ بْنُ الْفَضْلِ بْنِ عَطِيَّةَ ضَعِيفٌ ذَاهِبُ الْحَدِيثِ عِنْدَ أَصْحَابِنَا ‏.‏ وَالْعَمَلُ عَلَى هَذَا عِنْدَ أَهْلِ الْعِلْمِ مِنْ أَصْحَابِ النَّبِيِّ صلى الله عليه وسلم وَغَيْرِهِمْ يَسْتَحِبُّونَ اسْتِقْبَالَ الإِمَامِ إِذَا خَطَبَ ‏.‏ وَهُوَ قَوْلُ سُفْيَانَ الثَّوْرِيِّ وَالشَّافِعِيِّ وَأَحْمَدَ وَإِسْحَاقَ ‏.‏ قَالَ أَبُو عِيسَى وَلاَ يَصِحُّ فِي هَذَا الْبَابِ عَنِ النَّبِيِّ صلى الله عليه وسلم شَيْءٌ ‏.‏",
      "english": {
        "narrator": "Abdullah bin Mas'ud narrated:",
        "text": "\"When Allah's Messenger descending the Minbar he would face our direction.\""
      },
      "turkish": {
        "narrator": "Abdullah bin Mas'ud narrated:",
        "text": "Abdullah bin Mes'ud rivayet etti: \"Allah'ın Resulü minberden inerken bizim yönümüze dönerdi.\""
      }
    },
    {
      "id": 23,
      "idInBook": 23,
      "chapterId": 4,
      "bookId": 5,
      "arabic": "حَدَّثَنَا قُتَيْبَةُ، حَدَّثَنَا حَمَّادُ بْنُ زَيْدٍ، عَنْ عَمْرِو بْنِ دِينَارٍ، عَنْ جَابِرِ بْنِ عَبْدِ اللَّهِ، قَالَ بَيْنَا النَّبِيُّ صلى الله عليه وسلم يَخْطُبُ يَوْمَ الْجُمُعَةِ إِذْ جَاءَ رَجُلٌ فَقَالَ النَّبِيُّ صلى الله عليه وسلم ‏\"‏ أَصَلَّيْتَ ‏\"‏ ‏.‏ قَالَ لاَ ‏.‏ قَالَ ‏\"‏ قُمْ فَارْكَعْ ‏\"‏ ‏.‏ قَالَ أَبُو عِيسَى وَهَذَا حَدِيثٌ حَسَنٌ صَحِيحٌ أَصَحُّ شَيْءٍ فِي هَذَا الْبَابِ ‏.‏",
      "english": {
        "narrator": "Jabir bin Abdullah narrated:",
        "text": "\"The Prophet was delivering a Khutbah on Friday when a man came. The Prophet said: 'Have you prayed?' He said no. So he said: 'Then stand and pray.'\" Abu Eisa said: This Hadith is Hasan Sahih "
      },
      "turkish": {
        "narrator": "Jabir bin Abdullah narrated:",
        "text": "Cabir bin Abdullah rivayet etti: \"Peygamber, Cuma günü hutbe verirken bir adam geldi. Peygamber dedi ki: 'Namaz kıldın mı?' O da hayır dedi. Bunun üzerine Peygamber: 'O zaman kalk ve namaz kıl.' dedi.\" Ebu Eysa dedi ki: Bu hadis Hasan Sahih'tir."
      }
    },
    {
      "id": 24,
      "idInBook": 24,
      "chapterId": 4,
      "bookId": 5,
      "arabic": "حَدَّثَنَا مُحَمَّدُ بْنُ أَبِي عُمَرَ، حَدَّثَنَا سُفْيَانُ بْنُ عُيَيْنَةَ، عَنْ مُحَمَّدِ بْنِ عَجْلاَنَ، عَنْ عِيَاضِ بْنِ عَبْدِ اللَّهِ بْنِ أَبِي سَرْحٍ، أَنَّ أَبَا سَعِيدٍ الْخُدْرِيَّ، دَخَلَ يَوْمَ الْجُمُعَةِ وَمَرْوَانُ يَخْطُبُ فَقَامَ يُصَلِّي فَجَاءَ الْحَرَسُ لِيُجْلِسُوهُ فَأَبَى حَتَّى صَلَّى فَلَمَّا انْصَرَفَ أَتَيْنَاهُ فَقُلْنَا رَحِمَكَ اللَّهُ إِنْ كَادُوا لَيَقَعُوا بِكَ ‏.‏ فَقَالَ مَا كُنْتُ لأَتْرُكَهُمَا بَعْدَ شَيْءٍ رَأَيْتُهُ مِنْ رَسُولِ اللَّهِ صلى الله عليه وسلم ‏.‏ ثُمَّ ذَكَرَ أَنَّ رَجُلاً جَاءَ يَوْمَ الْجُمُعَةِ فِي هَيْئَةٍ بَذَّةٍ وَالنَّبِيُّ صلى الله عليه وسلم يَخْطُبُ يَوْمَ الْجُمُعَةِ فَأَمَرَهُ فَصَلَّى رَكْعَتَيْنِ وَالنَّبِيُّ صلى الله عليه وسلم يَخْطُبُ ‏.‏ قَالَ ابْنُ أَبِي عُمَرَ كَانَ سُفْيَانُ بْنُ عُيَيْنَةَ يُصَلِّي رَكْعَتَيْنِ إِذَا جَاءَ وَالإِمَامُ يَخْطُبُ وَكَانَ يَأْمُرُ بِهِ وَكَانَ أَبُو عَبْدِ الرَّحْمَنِ الْمُقْرِئُ يَرَاهُ ‏.‏ قَالَ أَبُو عِيسَى وَسَمِعْتُ ابْنَ أَبِي عُمَرَ يَقُولُ قَالَ سُفْيَانُ بْنُ عُيَيْنَةَ كَانَ مُحَمَّدُ بْنُ عَجْلاَنَ ثِقَةً مَأْمُونًا فِي الْحَدِيثِ ‏.‏ قَالَ وَفِي الْبَابِ عَنْ جَابِرٍ وَأَبِي هُرَيْرَةَ وَسَهْلِ بْنِ سَعْدٍ ‏.‏ قَالَ أَبُو عِيسَى حَدِيثُ أَبِي سَعِيدٍ الْخُدْرِيِّ حَدِيثٌ حَسَنٌ صَحِيحٌ ‏.‏ وَالْعَمَلُ عَلَى هَذَا عِنْدَ بَعْضِ أَهْلِ الْعِلْمِ ‏.‏ وَبِهِ يَقُولُ الشَّافِعِيُّ وَأَحْمَدُ وَإِسْحَاقُ ‏.‏ وَقَالَ بَعْضُهُمْ إِذَا دَخَلَ وَالإِمَامُ يَخْطُبُ فَإِنَّهُ يَجْلِسُ وَلاَ يُصَلِّي ‏.‏ وَهُوَ قَوْلُ سُفْيَانَ الثَّوْرِيِّ وَأَهْلِ الْكُوفَةِ ‏.‏ وَالْقَوْلُ الأَوَّلُ أَصَحُّ ‏.‏ حَدَّثَنَا قُتَيْبَةُ حَدَّثَنَا الْعَلاَءُ بْنُ خَالِدٍ الْقُرَشِيُّ قَالَ رَأَيْتُ الْحَسَنَ الْبَصْرِيَّ دَخَلَ الْمَسْجِدَ يَوْمَ الْجُمُعَةِ وَالإِمَامُ يَخْطُبُ فَصَلَّى رَكْعَتَيْنِ ثُمَّ جَلَسَ ‏.‏ إِنَّمَا فَعَلَ الْحَسَنُ اتِّبَاعًا لِلْحَدِيثِ وَهُوَ رَوَى عَنْ جَابِرٍ عَنِ النَّبِيِّ صلى الله عليه وسلم هَذَا الْحَدِيثَ ‏.‏",
      "english": {
        "narrator": "Iyad bin  Abdullah bin Abi Sarh narrated:",
        "text": "\"Abu Sa'eed Al-Khudri entered (the mosque) on Friday while Marwan was giving the Khutbah, so he began praying. Two guards came to make him sit down but he refused until he had prayed. When he finished he came to us and we said: 'May Allah have mercy upon you. They nearly harmed you.' He said: 'I was not going to stop performing them (the two Rak'ah) after what I saw from Allah's Messenger.' Then he mentioned that a man who appeared untidy came on Fridy while the Prophet was delivering the Friday Khutbah, so he ordered him to pray two Rak'ah all the while the Prophet was delivering the Khutbah.\""
      },
      "turkish": {
        "narrator": "Iyad bin  Abdullah bin Abi Sarh narrated:",
        "text": "İyad bin Abdullah bin Ebi Sarh rivayet etti: \"Ebu Sa'id el-Hudri, Cuma günü Marvan hutbe verirken (camiye) girdi, bu yüzden namaz kılmaya başladı. İki bekçi onu oturtmak için geldi ama o, namazını kılmadan durmayı reddetti. Namazını bitirince bize geldi ve biz dedik ki: 'Allah sana rahmet etsin. Neredeyse sana zarar vereceklerdi.' O da: 'Allah'ın Resulü'nden gördüğümden sonra onları (iki rek'at) kılmayı bırakmayacaktım.' dedi. Sonra, Cuma günü Peygamber hutbe verirken dağınık görünen bir adamın geldiğini ve ona hutbe boyunca iki rek'at namaz kılmasını emrettiğini anlattı.\""
      }
    },
    {
      "id": 25,
      "idInBook": 25,
      "chapterId": 4,
      "bookId": 5,
      "arabic": "حَدَّثَنَا قُتَيْبَةُ، حَدَّثَنَا اللَّيْثُ، عَنْ عُقَيْلٍ، عَنِ الزُّهْرِيِّ، عَنْ سَعِيدِ بْنِ الْمُسَيَّبِ، عَنْ أَبِي هُرَيْرَةَ، أَنَّ النَّبِيَّ صلى الله عليه وسلم قَالَ ‏\n\"‏ مَنْ قَالَ يَوْمَ الْجُمُعَةِ وَالإِمَامُ يَخْطُبُ أَنْصِتْ فَقَدْ لَغَا ‏\"‏ ‏.‏ قَالَ وَفِي الْبَابِ عَنِ ابْنِ أَبِي أَوْفَى وَجَابِرِ بْنِ عَبْدِ اللَّهِ ‏.‏ قَالَ أَبُو عِيسَى حَدِيثُ أَبِي هُرَيْرَةَ حَدِيثٌ حَسَنٌ صَحِيحٌ ‏.‏ وَالْعَمَلُ عَلَيْهِ عِنْدَ أَهْلِ الْعِلْمِ كَرِهُوا لِلرَّجُلِ أَنْ يَتَكَلَّمَ وَالإِمَامُ يَخْطُبُ وَقَالُوا إِنْ تَكَلَّمَ غَيْرُهُ فَلاَ يُنْكِرْ عَلَيْهِ إِلاَّ بِالإِشَارَةِ ‏.‏ وَاخْتَلَفُوا فِي رَدِّ السَّلاَمِ وَتَشْمِيتِ الْعَاطِسِ وَالإِمَامُ يَخْطُبُ فَرَخَّصَ بَعْضُ أَهْلِ الْعِلْمِ فِي رَدِّ السَّلاَمِ وَتَشْمِيتِ الْعَاطِسِ وَالإِمَامُ يَخْطُبُ وَهُوَ قَوْلُ أَحْمَدَ وَإِسْحَاقَ ‏.‏ وَكَرِهَ بَعْضُ أَهْلِ الْعِلْمِ مِنَ التَّابِعِينَ وَغَيْرِهِمْ ذَلِكَ وَهُوَ قَوْلُ الشَّافِعِيِّ ‏.‏",
      "english": {
        "narrator": "Abu Hurairah narrated that :",
        "text": "Allah's Messenger said: \"Whoever said: 'Be quiet' while the Imam is giving the Khutbah then he has committed Laghw (useless activity).\""
      },
      "turkish": {
        "narrator": "Abu Hurairah narrated that :",
        "text": "Ebu Hureyre rivayet etti ki: Allah'ın Resulü dedi ki: \"İmam hutbe verirken 'Sus' diyen kimse, Laghv (gereksiz bir faaliyet) işlemiştir.\""
      }
    },
    {
      "id": 26,
      "idInBook": 26,
      "chapterId": 4,
      "bookId": 5,
      "arabic": "حَدَّثَنَا أَبُو كُرَيْبٍ، حَدَّثَنَا رِشْدِينُ بْنُ سَعْدٍ، عَنْ زَبَّانَ بْنِ فَائِدٍ، عَنْ سَهْلِ بْنِ مُعَاذِ بْنِ أَنَسٍ الْجُهَنِيِّ، عَنْ أَبِيهِ، قَالَ قَالَ رَسُولُ اللَّهِ صلى الله عليه وسلم ‏\n\"‏ مَنْ تَخَطَّى رِقَابَ النَّاسِ يَوْمَ الْجُمُعَةِ اتَّخَذَ جِسْرًا إِلَى جَهَنَّمَ ‏\"‏ ‏.‏ قَالَ وَفِي الْبَابِ عَنْ جَابِرٍ ‏.‏ قَالَ أَبُو عِيسَى حَدِيثُ سَهْلِ بْنِ مُعَاذِ بْنِ أَنَسٍ الْجُهَنِيِّ حَدِيثٌ غَرِيبٌ لاَ نَعْرِفُهُ إِلاَّ مِنْ حَدِيثِ رِشْدِينَ بْنِ سَعْدٍ ‏.‏ وَالْعَمَلُ عَلَيْهِ عِنْدَ أَهْلِ الْعِلْمِ كَرِهُوا أَنْ يَتَخَطَّى الرَّجُلُ رِقَابَ النَّاسِ يَوْمَ الْجُمُعَةِ وَشَدَّدُوا فِي ذَلِكَ ‏.‏ وَقَدْ تَكَلَّمَ بَعْضُ أَهْلِ الْعِلْمِ فِي رِشْدِينَ بْنِ سَعْدٍ وَضَعَّفَهُ مِنْ قِبَلِ حِفْظِهِ ‏.‏",
      "english": {
        "narrator": "Sahl bin Ma'adh bin Anas al Jahni narrated from his father that :",
        "text": "Allah's Messenger said: \"Whoever steps over the necks of the people on Friday, he has taken a bridge to Hell.\""
      },
      "turkish": {
        "narrator": "Sahl bin Ma'adh bin Anas al Jahni narrated from his father that :",
        "text": "Sahl bin Ma'adh bin Anas el-Cahni, babasından rivayet etti ki: Allah'ın Resulü dedi ki: \"Cuma günü insanların boynunun üzerinden geçen kimse, Cehennem'e bir köprü almış olur.\""
      }
    },
    {
      "id": 27,
      "idInBook": 27,
      "chapterId": 4,
      "bookId": 5,
      "arabic": "حَدَّثَنَا مُحَمَّدُ بْنُ حُمَيْدٍ الرَّازِيُّ، وَعَبَّاسُ بْنُ مُحَمَّدٍ الدُّورِيُّ، قَالاَ حَدَّثَنَا أَبُو عَبْدِ الرَّحْمَنِ الْمُقْرِئُ، عَنْ سَعِيدِ بْنِ أَبِي أَيُّوبَ، حَدَّثَنِي أَبُو مَرْحُومٍ، عَنْ سَهْلِ بْنِ مُعَاذٍ، عَنْ أَبِيهِ، أَنَّ النَّبِيَّ صلى الله عليه وسلم نَهَى عَنِ الْحَبْوَةِ يَوْمَ الْجُمُعَةِ وَالإِمَامُ يَخْطُبُ ‏.‏ قَالَ أَبُو عِيسَى وَهَذَا حَدِيثٌ حَسَنٌ ‏.‏ وَأَبُو مَرْحُومٍ اسْمُهُ عَبْدُ الرَّحِيمِ بْنُ مَيْمُونٍ ‏.‏ وَقَدْ كَرِهَ قَوْمٌ مِنْ أَهْلِ الْعِلْمِ الْحَبْوَةَ يَوْمَ الْجُمُعَةِ وَالإِمَامُ يَخْطُبُ وَرَخَّصَ فِي ذَلِكَ بَعْضُهُمْ مِنْهُمْ عَبْدُ اللَّهِ بْنُ عُمَرَ وَغَيْرُهُ وَبِهِ يَقُولُ أَحْمَدُ وَإِسْحَاقُ لاَ يَرَيَانِ بِالْحَبْوَةِ وَالإِمَامُ يَخْطُبُ بَأْسًا ‏.‏",
      "english": {
        "narrator": "Sahl bin Ma'adh narrated from his father:",
        "text": "\"The Prophet prohibited Al-Habwah on Friday while the Imam is delivering the Khutbah.\""
      },
      "turkish": {
        "narrator": "Sahl bin Ma'adh narrated from his father:",
        "text": "Sahl bin Ma'adh, babasından rivayet etti: \"Peygamber, imam hutbe verirken Al-Habwah'ı yasakladı.\""
      }
    },
    {
      "id": 28,
      "idInBook": 28,
      "chapterId": 4,
      "bookId": 5,
      "arabic": "حَدَّثَنَا أَحْمَدُ بْنُ مَنِيعٍ، حَدَّثَنَا هُشَيْمٌ، أَخْبَرَنَا حُصَيْنٌ، قَالَ سَمِعْتُ عُمَارَةَ بْنَ، رُوَيْبَةَ الثَّقَفِيَّ، وَبِشْرُ بْنُ مَرْوَانَ، يَخْطُبُ فَرَفَعَ يَدَيْهِ فِي الدُّعَاءِ فَقَالَ عُمَارَةُ قَبَّحَ اللَّهُ هَاتَيْنِ الْيُدَيَّتَيْنِ الْقُصَيِّرَتَيْنِ لَقَدْ رَأَيْتُ رَسُولَ اللَّهِ صلى الله عليه وسلم وَمَا يَزِيدُ عَلَى أَنْ يَقُولَ هَكَذَا وَأَشَارَ هُشَيْمٌ بِالسَّبَّابَةِ ‏.‏ قَالَ أَبُو عِيسَى هَذَا حَدِيثٌ حَسَنٌ صَحِيحٌ ‏.‏",
      "english": {
        "narrator": "Husain narrated:",
        "text": "\"I heard Umarah bin Rawaibah Ath-Thaqafi - while Bishr bin Marwan was delivering Khutbah and raising his hands in supplication - so Umarah said: 'May Allah disgrace these two insignificant hands, I have seen Allah's Messenger, and he would not do any more than this;'\" and Hushaim (one of the narrators) motioned with his index finger."
      },
      "turkish": {
        "narrator": "Husain narrated:",
        "text": "Hüseyin rivayet etti: \"Umarah bin Rawaibah et-Takafi'yi, Bişr bin Marvan hutbe verirken ve dua için ellerini kaldırırken duydum; Umarah dedi ki: 'Allah bu iki önemsiz eli rezil etsin, ben Allah'ın Resulü'nü gördüm, o bundan fazlasını yapmazdı;' ve Hüseyin (rivayet edenlerden biri) işaret parmağıyla işaret etti.\""
      }
    },
    {
      "id": 29,
      "idInBook": 29,
      "chapterId": 4,
      "bookId": 5,
      "arabic": "حَدَّثَنَا أَحْمَدُ بْنُ مَنِيعٍ، حَدَّثَنَا حَمَّادُ بْنُ خَالِدٍ الْخَيَّاطُ، عَنِ ابْنِ أَبِي ذِئْبٍ، عَنِ الزُّهْرِيِّ، عَنِ السَّائِبِ بْنِ يَزِيدَ، قَالَ كَانَ الأَذَانُ عَلَى عَهْدِ رَسُولِ اللَّهِ صلى الله عليه وسلم وَأَبِي بَكْرٍ وَعُمَرَ إِذَا خَرَجَ الإِمَامُ وَإِذَا أُقِيمَتِ الصَّلاَةُ فَلَمَّا كَانَ عُثْمَانُ رضى الله عنه زَادَ النِّدَاءَ الثَّالِثَ عَلَى الزَّوْرَاءِ ‏.‏ قَالَ أَبُو عِيسَى هَذَا حَدِيثٌ حَسَنٌ صَحِيحٌ ‏.‏",
      "english": {
        "narrator": "As-Sa'ib bin Yazid narrated:",
        "text": "\"The Adhan during the time of Allah's Messenger, Abu Bakr, and Umar was when the Imam came out,  added a third call at Az-Zawra.\""
      },
      "turkish": {
        "narrator": "As-Sa'ib bin Yazid narrated:",
        "text": "Es-Sa'ib bin Yazid rivayet etti: \"Allah'ın Resulü, Ebu Bekir ve Ömer zamanında, imam çıktığında ezan okunurdu, Az-Zawra'da üçüncü bir çağrı eklenirdi.\""
      }
    },
    {
      "id": 30,
      "idInBook": 30,
      "chapterId": 4,
      "bookId": 5,
      "arabic": "حَدَّثَنَا مُحَمَّدُ بْنُ بَشَّارٍ، حَدَّثَنَا أَبُو دَاوُدَ الطَّيَالِسِيُّ، حَدَّثَنَا جَرِيرُ بْنُ حَازِمٍ، عَنْ ثَابِتٍ، عَنْ أَنَسِ بْنِ مَالِكٍ، قَالَ كَانَ النَّبِيُّ صلى الله عليه وسلم يُكَلَّمُ بِالْحَاجَةِ إِذَا نَزَلَ عَنِ الْمِنْبَرِ ‏.‏ قَالَ أَبُو عِيسَى هَذَا حَدِيثٌ لاَ نَعْرِفُهُ إِلاَّ مِنْ حَدِيثِ جَرِيرِ بْنِ حَازِمٍ ‏.‏ قَالَ وَسَمِعْتُ مُحَمَّدًا يَقُولُ وَهِمَ جَرِيرُ بْنُ حَازِمٍ فِي هَذَا الْحَدِيثِ وَالصَّحِيحُ مَا رُوِيَ عَنْ ثَابِتٍ عَنْ أَنَسٍ قَالَ أُقِيمَتِ الصَّلاَةُ فَأَخَذَ رَجُلٌ بِيَدِ النَّبِيِّ صلى الله عليه وسلم فَمَا زَالَ يُكَلِّمُهُ حَتَّى نَعَسَ بَعْضُ الْقَوْمِ ‏.‏ قَالَ مُحَمَّدٌ وَالْحَدِيثُ هُوَ هَذَا ‏.‏ وَجَرِيرُ بْنُ حَازِمٍ رُبَّمَا يَهِمُ فِي الشَّىْءِ وَهُوَ صَدُوقٌ ‏.‏ قَالَ مُحَمَّدٌ وَهِمَ جَرِيرُ بْنُ حَازِمٍ فِي حَدِيثِ ثَابِتٍ عَنْ أَنَسٍ عَنِ النَّبِيِّ صلى الله عليه وسلم قَالَ ‏\"‏ إِذَا أُقِيمَتِ الصَّلاَةُ فَلاَ تَقُومُوا حَتَّى تَرَوْنِي ‏\"‏ ‏.‏ قَالَ مُحَمَّدٌ وَيُرْوَى عَنْ حَمَّادِ بْنِ زَيْدٍ قَالَ كُنَّا عِنْدَ ثَابِتٍ الْبُنَانِيِّ فَحَدَّثَ حَجَّاجٌ الصَّوَّافُ عَنْ يَحْيَى بْنِ أَبِي كَثِيرٍ عَنْ عَبْدِ اللَّهِ بْنِ أَبِي قَتَادَةَ عَنْ أَبِيهِ عَنِ النَّبِيِّ صلى الله عليه وسلم قَالَ ‏\"‏ إِذَا أُقِيمَتِ الصَّلاَةُ فَلاَ تَقُومُوا حَتَّى تَرَوْنِي ‏\"‏ ‏.‏ فَوَهِمَ جَرِيرٌ فَظَنَّ أَنَّ ثَابِتًا حَدَّثَهُمْ عَنْ أَنَسٍ عَنِ النَّبِيِّ صلى الله عليه وسلم ‏.‏",
      "english": {
        "narrator": "Anas bin Malik narrated:",
        "text": "\"Allah's Messenger would talk as necessary after descending from the Minbar.\""
      },
      "turkish": {
        "narrator": "Anas bin Malik narrated:",
        "text": "Anas bin Malik rivayet etti: \"Allah'ın Resulü, minberden indikten sonra gerekli olduğunda konuşurdu.\""
      }
    },
    {
      "id": 31,
      "idInBook": 31,
      "chapterId": 4,
      "bookId": 5,
      "arabic": "حَدَّثَنَا الْحَسَنُ بْنُ عَلِيٍّ الْخَلاَّلُ، حَدَّثَنَا عَبْدُ الرَّزَّاقِ، أَخْبَرَنَا مَعْمَرٌ، عَنْ ثَابِتٍ، عَنْ أَنَسٍ، قَالَ لَقَدْ رَأَيْتُ النَّبِيَّ صلى الله عليه وسلم بَعْدَ مَا تُقَامُ الصَّلاَةُ يُكَلِّمُهُ الرَّجُلُ يَقُومُ بَيْنَهُ وَبَيْنَ الْقِبْلَةِ فَمَا يَزَالُ يُكَلِّمُهُ فَلَقَدْ رَأَيْتُ بَعْضَنَا يَنْعَسُ مِنْ طُولِ قِيَامِ النَّبِيِّ صلى الله عليه وسلم لَهُ ‏.‏ قَالَ أَبُو عِيسَى هَذَا حَدِيثٌ حَسَنٌ صَحِيحٌ ‏.‏",
      "english": {
        "narrator": "Anas narrated:",
        "text": "\"I saw the Prophet, after the Iqamah was called for Salat, talking to a man who was standing between him and the Qiblah, he did not stop talking, and I saw some of them getting sleepy from his lengthy standing the Prophet.\""
      },
      "turkish": {
        "narrator": "Anas narrated:",
        "text": "Anas rivayet etti: \"Salat için İkâmet çağrıldığında, Peygamberi, Kıble ile arasında duran bir adamla konuşurken gördüm, konuşmayı kesmedi ve bazılarının uzun süre ayakta durmaktan uykuya daldığını gördüm.\""
      }
    },
    {
      "id": 32,
      "idInBook": 32,
      "chapterId": 4,
      "bookId": 5,
      "arabic": "حَدَّثَنَا قُتَيْبَةُ، حَدَّثَنَا حَاتِمُ بْنُ إِسْمَاعِيلَ، عَنْ جَعْفَرِ بْنِ مُحَمَّدٍ، عَنْ أَبِيهِ، عَنْ عُبَيْدِ اللَّهِ بْنِ أَبِي رَافِعٍ، مَوْلَى رَسُولِ اللَّهِ صلى الله عليه وسلم قَالَ اسْتَخْلَفَ مَرْوَانُ أَبَا هُرَيْرَةَ عَلَى الْمَدِينَةِ وَخَرَجَ إِلَى مَكَّةَ فَصَلَّى بِنَا أَبُو هُرَيْرَةَ يَوْمَ الْجُمُعَةِ فَقَرَأَ سُورَةَ الْجُمُعَةِ وَفِي السَّجْدَةِ الثَّانِيَةِ‏:‏ ‏(‏ِإذَا جَاءَكَ الْمُنَافِقُونَ ‏)‏ قَالَ عُبَيْدُ اللَّهِ فَأَدْرَكْتُ أَبَا هُرَيْرَةَ فَقُلْتُ لَهُ تَقْرَأُ بِسُورَتَيْنِ كَانَ عَلِيٌّ يَقْرَأُ بِهِمَا بِالْكُوفَةِ قَالَ أَبُو هُرَيْرَةَ إِنِّي سَمِعْتُ رَسُولَ اللَّهِ صلى الله عليه وسلم يَقْرَأُ بِهِمَا ‏.‏ وَفِي الْبَابِ عَنِ ابْنِ عَبَّاسٍ وَالنُّعْمَانِ بْنِ بَشِيرٍ وَأَبِي عِنَبَةَ الْخَوْلاَنِيِّ ‏.‏ قَالَ أَبُو عِيسَى حَدِيثُ أَبِي هُرَيْرَةَ حَدِيثٌ حَسَنٌ صَحِيحٌ ‏.‏ وَرُوِيَ عَنِ النَّبِيِّ صلى الله عليه وسلم أَنَّهُ كَانَ يَقْرَأُ فِي صَلاَةِ الْجُمُعَةِ بِـ  ‏(‏ سَبِّحِ اسْمَ رَبِّكَ الأَعْلَى ‏)‏ وَ ‏(‏هَلْ أَتَاكَ حَدِيثُ الْغَاشِيَةِ ‏)‏ ‏.‏ عُبَيْدُ اللَّهِ بْنُ أَبِي رَافِعٍ كَاتِبُ عَلِيِّ بْنِ أَبِي طَالِبٍ رَضِيَ اللَّهُ عَنْهُ ‏.‏",
      "english": {
        "narrator": "Ubaidullah bin Abi Rafi the freed slave of Allah's Messenger said:",
        "text": "\"Marwan left Abu Hurairah in charge of Al-Madinah and he went to Makkah. So Abu Hurairah led us in Salat in Friday, reciting Surah Al-Jumuah (in the first Rak'ah) and in the second prostration (Rak'ah): When the hypocrites come to you.\" Ubaidullah said: \"So I caught up with Abu Hurairah and said to him: 'You recited two Surah that Ali recited in Al-Kufah. Abu Hurairah said: 'Indeed I heard Allah's Messenger reciting them.'\""
      },
      "turkish": {
        "narrator": "Ubaidullah bin Abi Rafi the freed slave of Allah's Messenger said:",
        "text": "Ubaidullah bin Abi Rafi, Allah'ın Elçisi'nin azatlı kölesi dedi ki: \"Marvan, Abu Hurayra'yı Medine'nin başına bıraktı ve Mekke'ye gitti. Böylece Abu Hurayra, Cuma günü bize Salat kıldırdı, ilk Rükûda Cuma Suresi'ni okudu ve ikinci secdede: 'İkiyüzlüler size geldiğinde.' Ubaidullah dedi ki: \"Ben Abu Hurayra'yı yakaladım ve ona dedim: 'Sen, Ali'nin Kufe'de okuduğu iki sure okudun.' Abu Hurayra dedi: 'Gerçekten ben Allah'ın Elçisi'nin onları okuduğunu duydum.'\""
      }
    },
    {
      "id": 33,
      "idInBook": 33,
      "chapterId": 4,
      "bookId": 5,
      "arabic": "حَدَّثَنَا عَلِيُّ بْنُ حُجْرٍ، أَخْبَرَنَا شَرِيكٌ، عَنْ مُخَوَّلِ بْنِ رَاشِدٍ، عَنْ مُسْلِمٍ الْبَطِينِ، عَنْ سَعِيدِ بْنِ جُبَيْرٍ، عَنِ ابْنِ عَبَّاسٍ، قَالَ كَانَ رَسُولُ اللَّهِ صلى الله عليه وسلم يَقْرَأُ يَوْمَ الْجُمُعَةِ فِي صَلاَةِ الْفَجْرِ * ‏(‏تَنْزِيلُ ‏)‏ السَّجْدَةَ وَ ‏(‏هَلْ أَتَى عَلَى الإِنْسَانِ ‏)‏ ‏.‏ قَالَ وَفِي الْبَابِ عَنْ سَعْدٍ وَابْنِ مَسْعُودٍ وَأَبِي هُرَيْرَةَ ‏.‏ قَالَ أَبُو عِيسَى حَدِيثُ ابْنِ عَبَّاسٍ حَدِيثٌ حَسَنٌ صَحِيحٌ ‏.‏ وَقَدْ رَوَاهُ سُفْيَانُ الثَّوْرِيُّ وَشُعْبَةُ وَغَيْرُ وَاحِدٍ عَنْ مُخَوَّلٍ ‏.‏",
      "english": {
        "narrator": "Ibn Abbas narrated:",
        "text": "\"For the Fajr prayer on Friday, Allah's Messenger would recite: Alif Lam Mem (which is) revealed in (Surat) As-Sajdah and, Has there not been over man.\""
      },
      "turkish": {
        "narrator": "Ibn Abbas narrated:",
        "text": "İbn Abbas rivayet etti: \"Cuma günü Fajr namazında, Allah'ın Elçisi: Alif Lam Mim (ki bu) As-Secde Suresi'nde indirilmiştir ve 'İnsan üzerinde bir zaman gelmedi mi?' okurdu.\""
      }
    },
    {
      "id": 34,
      "idInBook": 34,
      "chapterId": 4,
      "bookId": 5,
      "arabic": "حَدَّثَنَا ابْنُ أَبِي عُمَرَ، حَدَّثَنَا سُفْيَانُ بْنُ عُيَيْنَةَ، عَنْ عَمْرِو بْنِ دِينَارٍ، عَنِ الزُّهْرِيِّ، عَنْ سَالِمٍ، عَنْ أَبِيهِ، عَنِ النَّبِيِّ صلى الله عليه وسلم أَنَّهُ كَانَ يُصَلِّي بَعْدَ الْجُمُعَةِ رَكْعَتَيْنِ ‏.‏ قَالَ وَفِي الْبَابِ عَنْ جَابِرٍ ‏.‏ قَالَ أَبُو عِيسَى حَدِيثُ ابْنِ عُمَرَ حَدِيثٌ حَسَنٌ صَحِيحٌ ‏.‏ وَقَدْ رُوِيَ عَنْ نَافِعٍ عَنِ ابْنِ عُمَرَ أَيْضًا ‏.‏ وَالْعَمَلُ عَلَى هَذَا عِنْدَ بَعْضِ أَهْلِ الْعِلْمِ وَبِهِ يَقُولُ الشَّافِعِيُّ وَأَحْمَدُ ‏.‏",
      "english": {
        "narrator": "Salim narrated from his father:",
        "text": "\"The Prophet would pray two Rak;ah after the Friday prayer.\""
      },
      "turkish": {
        "narrator": "Salim narrated from his father:",
        "text": "Salim, babasından rivayet etti: \"Peygamber, Cuma namazından sonra iki Rükû kılardı.\""
      }
    },
    {
      "id": 35,
      "idInBook": 35,
      "chapterId": 4,
      "bookId": 5,
      "arabic": "حَدَّثَنَا قُتَيْبَةُ، حَدَّثَنَا اللَّيْثُ، عَنْ نَافِعٍ، عَنِ ابْنِ عُمَرَ، أَنَّهُ كَانَ إِذَا صَلَّى الْجُمُعَةَ انْصَرَفَ فَصَلَّى سَجْدَتَيْنِ فِي بَيْتِهِ ثُمَّ قَالَ كَانَ رَسُولُ اللَّهِ صلى الله عليه وسلم يَصْنَعُ ذَلِكَ ‏.‏ قَالَ أَبُو عِيسَى هَذَا حَدِيثٌ حَسَنٌ صَحِيحٌ ‏.‏",
      "english": {
        "narrator": "Nafi narrated about Ibn Umar:",
        "text": "\"When he prayed the Friday prayer, he left and prayed two prostrations (Rak'ah) in his house. Then he said: 'Allah's Messenger would do this.'\""
      },
      "turkish": {
        "narrator": "Nafi narrated about Ibn Umar:",
        "text": "Nafi, İbn Ömer hakkında rivayet etti: \"Cuma namazını kıldığında, evinde iki secde (Rükû) kıldı. Sonra dedi: 'Allah'ın Elçisi bunu yapardı.'\""
      }
    },
    {
      "id": 36,
      "idInBook": 36,
      "chapterId": 4,
      "bookId": 5,
      "arabic": "حَدَّثَنَا ابْنُ أَبِي عُمَرَ، حَدَّثَنَا سُفْيَانُ، عَنْ سُهَيْلِ بْنِ أَبِي صَالِحٍ، عَنْ أَبِيهِ، عَنْ أَبِي هُرَيْرَةَ، قَالَ قَالَ رَسُولُ اللَّهِ صلى الله عليه وسلم ‏\"‏ مَنْ كَانَ مِنْكُمْ مُصَلِّيًا بَعْدَ الْجُمُعَةِ فَلْيُصَلِّ أَرْبَعًا ‏\"‏ ‏.‏ قَالَ أَبُو عِيسَى هَذَا حَدِيثٌ حَسَنٌ صَحِيحٌ ‏.‏ حَدَّثَنَا الْحَسَنُ بْنُ عَلِيٍّ حَدَّثَنَا عَلِيُّ بْنُ الْمَدِينِيِّ عَنْ سُفْيَانَ بْنِ عُيَيْنَةَ قَالَ كُنَّا نَعُدُّ سُهَيْلَ بْنَ أَبِي صَالِحٍ ثَبْتًا فِي الْحَدِيثِ ‏.‏ وَالْعَمَلُ عَلَى هَذَا عِنْدَ بَعْضِ أَهْلِ الْعِلْمِ ‏.‏ وَرُوِيَ عَنْ عَبْدِ اللَّهِ بْنِ مَسْعُودٍ أَنَّهُ كَانَ يُصَلِّي قَبْلَ الْجُمُعَةِ أَرْبَعًا وَبَعْدَهَا أَرْبَعًا ‏.‏ وَقَدْ رُوِيَ عَنْ عَلِيِّ بْنِ أَبِي طَالِبٍ رضى الله عنه أَنَّهُ أَمَرَ أَنْ يُصَلَّى بَعْدَ الْجُمُعَةِ رَكْعَتَيْنِ ثُمَّ أَرْبَعًا ‏.‏ وَذَهَبَ سُفْيَانُ الثَّوْرِيُّ وَابْنُ الْمُبَارَكِ إِلَى قَوْلِ ابْنِ مَسْعُودٍ ‏.‏ وَقَالَ إِسْحَاقُ إِنْ صَلَّى فِي الْمَسْجِدِ يَوْمَ الْجُمُعَةِ صَلَّى أَرْبَعًا وَإِنْ صَلَّى فِي بَيْتِهِ صَلَّى رَكْعَتَيْنِ ‏.‏ وَاحْتَجَّ بِأَنَّ النَّبِيَّ صلى الله عليه وسلم كَانَ يُصَلِّي بَعْدَ الْجُمُعَةِ رَكْعَتَيْنِ فِي بَيْتِهِ وَحَدِيثِ النَّبِيِّ صلى الله عليه وسلم ‏\"‏ مَنْ كَانَ مِنْكُمْ مُصَلِّيًا بَعْدَ الْجُمُعَةِ فَلْيُصَلِّ أَرْبَعًا ‏\"‏ ‏.‏ قَالَ أَبُو عِيسَى وَابْنُ عُمَرَ هُوَ الَّذِي رَوَى عَنِ النَّبِيِّ صلى الله عليه وسلم أَنَّهُ كَانَ يُصَلِّي بَعْدَ الْجُمُعَةِ رَكْعَتَيْنِ فِي بَيْتِهِ وَابْنُ عُمَرَ بَعْدَ النَّبِيِّ صلى الله عليه وسلم صَلَّى فِي الْمَسْجِدِ بَعْدَ الْجُمُعَةِ رَكْعَتَيْنِ وَصَلَّى بَعْدَ الرَّكْعَتَيْنِ أَرْبَعًا ‏.‏ \nحَدَّثَنَا بِذَلِكَ ابْنُ أَبِي عُمَرَ، حَدَّثَنَا سُفْيَانُ بْنُ عُيَيْنَةَ، عَنِ ابْنِ جُرَيْجٍ، عَنْ عَطَاءٍ، قَالَ رَأَيْتُ ابْنَ عُمَرَ صَلَّى بَعْدَ الْجُمُعَةِ رَكْعَتَيْنِ ثُمَّ صَلَّى بَعْدَ ذَلِكَ أَرْبَعًا ‏.‏ حَدَّثَنَا سَعِيدُ بْنُ عَبْدِ الرَّحْمَنِ الْمَخْزُومِيُّ حَدَّثَنَا سُفْيَانُ بْنُ عُيَيْنَةَ عَنْ عَمْرِو بْنِ دِينَارٍ قَالَ مَا رَأَيْتُ أَحَدًا أَنَصَّ لِلْحَدِيثِ مِنَ الزُّهْرِيِّ وَمَا رَأَيْتُ أَحَدًا الدَّنَانِيرُ وَالدَّرَاهِمُ أَهْوَنُ عَلَيْهِ مِنْهُ إِنْ كَانَتِ الدَّنَانِيرُ وَالدَّرَاهِمُ عِنْدَهُ بِمَنْزِلَةِ الْبَعْرِ ‏.‏ قَالَ أَبُو عِيسَى سَمِعْت ابْنَ أَبِي عُمَرَ قَال سَمِعْتُ سُفْيَانَ بْنَ عُيَيْنَةَ يَقُولُ كَانَ عَمْرُو بْنُ دِينَارٍ أَسَنَّ مِنْ الزُّهْرِيِّ",
      "english": {
        "narrator": "Abu Hurairah narrated that :",
        "text": "Allah's Messenger said: \"Whoever among you is to pray after the Friday prayer, then let him pray four.\""
      },
      "turkish": {
        "narrator": "Abu Hurairah narrated that :",
        "text": "Abu Hurayra rivayet etti ki: Allah'ın Elçisi dedi: \"Cuma namazından sonra kim namaz kılacaksa, dört Rükû kılsın.\""
      }
    },
    {
      "id": 37,
      "idInBook": 37,
      "chapterId": 4,
      "bookId": 5,
      "arabic": "حَدَّثَنَا نَصْرُ بْنُ عَلِيٍّ، وَسَعِيدُ بْنُ عَبْدِ الرَّحْمَنِ، وَغَيْرُ، وَاحِدٍ، قَالُوا حَدَّثَنَا سُفْيَانُ بْنُ عُيَيْنَةَ، عَنِ الزُّهْرِيِّ، عَنْ أَبِي سَلَمَةَ، عَنْ أَبِي هُرَيْرَةَ، عَنِ النَّبِيِّ صلى الله عليه وسلم قَالَ ‏\n\"‏ مَنْ أَدْرَكَ مِنَ الصَّلاَةِ رَكْعَةً فَقَدْ أَدْرَكَ الصَّلاَةَ ‏\"‏ ‏.‏ قَالَ أَبُو عِيسَى هَذَا حَدِيثٌ حَسَنٌ صَحِيحٌ ‏.‏ وَالْعَمَلُ عَلَى هَذَا عِنْدَ أَكْثَرِ أَهْلِ الْعِلْمِ مِنْ أَصْحَابِ النَّبِيِّ صلى الله عليه وسلم وَغَيْرِهِمْ قَالُوا مَنْ أَدْرَكَ رَكْعَةً مِنَ الْجُمُعَةِ صَلَّى إِلَيْهَا أُخْرَى وَمَنْ أَدْرَكَهُمْ جُلُوسًا صَلَّى أَرْبَعًا ‏.‏ وَبِهِ يَقُولُ سُفْيَانُ الثَّوْرِيُّ وَابْنُ الْمُبَارَكِ وَالشَّافِعِيُّ وَأَحْمَدُ وَإِسْحَاقُ ‏.‏",
      "english": {
        "narrator": "Abu Hurairah narrated that :",
        "text": "the Prophet said: \"Whoever catches a Rak'ah of the Salat then he has caught the Salat.\""
      },
      "turkish": {
        "narrator": "Abu Hurairah narrated that :",
        "text": "Abu Hurayra rivayet etti ki: Peygamber dedi: \"Sizden biri Salat'ın bir Rükûsunu yakalarsa, o Salat'ı yakalamıştır.\""
      }
    },
    {
      "id": 38,
      "idInBook": 38,
      "chapterId": 4,
      "bookId": 5,
      "arabic": "حَدَّثَنَا عَلِيُّ بْنُ حُجْرٍ، حَدَّثَنَا عَبْدُ الْعَزِيزِ بْنُ أَبِي حَازِمٍ، وَعَبْدُ اللَّهِ بْنُ جَعْفَرٍ، عَنْ أَبِي حَازِمٍ، عَنْ سَهْلِ بْنِ سَعْدٍ، رضى الله عنه قَالَ مَا كُنَّا نَتَغَدَّى فِي عَهْدِ رَسُولِ اللَّهِ صلى الله عليه وسلم وَلاَ نَقِيلُ إِلاَّ بَعْدَ الْجُمُعَةِ ‏.‏ قَالَ وَفِي الْبَابِ عَنْ أَنَسِ بْنِ مَالِكٍ رضى الله عنه ‏.‏ قَالَ أَبُو عِيسَى حَدِيثُ سَهْلِ بْنِ سَعْدٍ حَدِيثٌ حَسَنٌ صَحِيحٌ ‏.‏",
      "english": {
        "narrator": "Sahl bin Sa'd narrated:",
        "text": "\"We would not have lunch during the time of Allah's Messenger, nor would we have a siesta, until after the Friday prayer.\""
      },
      "turkish": {
        "narrator": "Sahl bin Sa'd narrated:",
        "text": "Sahl bin Sa'd rivayet etti: \"Allah'ın Elçisi döneminde öğle yemeği yemezdik, ne de olsa Cuma namazından sonra kestirme yapardık.\""
      }
    },
    {
      "id": 39,
      "idInBook": 39,
      "chapterId": 4,
      "bookId": 5,
      "arabic": "حَدَّثَنَا أَبُو سَعِيدٍ الأَشَجُّ، حَدَّثَنَا عَبْدَةُ بْنُ سُلَيْمَانَ، وَأَبُو خَالِدٍ الأَحْمَرُ عَنْ مُحَمَّدِ بْنِ إِسْحَاقَ، عَنْ نَافِعٍ، عَنِ ابْنِ عُمَرَ، عَنِ النَّبِيِّ صلى الله عليه وسلم قَالَ ‏\n\"‏ إِذَا نَعَسَ أَحَدُكُمْ يَوْمَ الْجُمُعَةِ فَلْيَتَحَوَّلْ مِنْ مَجْلِسِهِ ذَلِكَ ‏\"‏ ‏.‏ قَالَ أَبُو عِيسَى هَذَا حَدِيثٌ حَسَنٌ صَحِيحٌ ‏.‏",
      "english": {
        "narrator": "Ibn Umar narrated that :",
        "text": "the Prophet said: \"When one of you becomes sleepy during the Friday prayer, then let him move from where he is sitting.\""
      },
      "turkish": {
        "narrator": "Ibn Umar narrated that :",
        "text": "İbn Ömer rivayet etti ki: Peygamber dedi: \"Sizden biri Cuma namazı sırasında uykulu olursa, oturduğu yerden kalksın.\""
      }
    },
    {
      "id": 40,
      "idInBook": 40,
      "chapterId": 4,
      "bookId": 5,
      "arabic": "حَدَّثَنَا أَحْمَدُ بْنُ مَنِيعٍ، حَدَّثَنَا أَبُو مُعَاوِيَةَ، عَنِ الْحَجَّاجِ، عَنِ الْحَكَمِ، عَنْ مِقْسَمٍ، عَنِ ابْنِ عَبَّاسٍ، قَالَ بَعَثَ النَّبِيُّ صلى الله عليه وسلم عَبْدَ اللَّهِ بْنَ رَوَاحَةَ فِي سَرِيَّةٍ فَوَافَقَ ذَلِكَ يَوْمَ الْجُمُعَةِ فَغَدَا أَصْحَابُهُ فَقَالَ أَتَخَلَّفُ فَأُصَلِّي مَعَ رَسُولِ اللَّهِ صلى الله عليه وسلم ثُمَّ أَلْحَقُهُمْ ‏.‏ فَلَمَّا صَلَّى مَعَ النَّبِيِّ صلى الله عليه وسلم رَآهُ فَقَالَ ‏\"‏ مَا مَنَعَكَ أَنْ تَغْدُوَ مَعَ أَصْحَابِكَ ‏\"‏ ‏.‏ فَقَالَ أَرَدْتُ أَنْ أُصَلِّيَ مَعَكَ ثُمَّ أَلْحَقَهُمْ ‏.‏ قَالَ ‏\"‏ لَوْ أَنْفَقْتَ مَا فِي الأَرْضِ جَمِيعًا مَا أَدْرَكْتَ فَضْلَ غَدْوَتِهِمْ ‏\"‏ ‏.‏ قَالَ أَبُو عِيسَى هَذَا حَدِيثٌ غَرِيبٌ لاَ نَعْرِفُهُ إِلاَّ مِنْ هَذَا الْوَجْهِ ‏.‏ قَالَ عَلِيُّ بْنُ الْمَدِينِيِّ قَالَ يَحْيَى بْنُ سَعِيدٍ قَالَ شُعْبَةُ لَمْ يَسْمَعِ الْحَكَمُ مِنْ مِقْسَمٍ إِلاَّ خَمْسَةَ أَحَادِيثَ ‏.‏ وَعَدَّهَا شُعْبَةُ وَلَيْسَ هَذَا الْحَدِيثُ فِيمَا عَدَّ شُعْبَةُ فَكَأَنَّ هَذَا الْحَدِيثَ لَمْ يَسْمَعْهُ الْحَكَمُ مِنْ مِقْسَمٍ ‏.‏ وَقَدِ اخْتَلَفَ أَهْلُ الْعِلْمِ فِي السَّفَرِ يَوْمَ الْجُمُعَةِ فَلَمْ يَرَ بَعْضُهُمْ بَأْسًا بِأَنْ يَخْرُجَ يَوْمَ الْجُمُعَةِ فِي السَّفَرِ مَا لَمْ تَحْضُرِ الصَّلاَةُ ‏.‏ وَقَالَ بَعْضُهُمْ إِذَا أَصْبَحَ فَلاَ يَخْرُجْ حَتَّى يُصَلِّيَ الْجُمُعَةَ ‏.‏",
      "english": {
        "narrator": "Ibn Abbas narrated:",
        "text": "\"The Prophet sent Abdullah bin Rawahah to lead a military detachment, and that corresponded to a Friday. So his companions left early in the day, and he said: 'I will remain behind to pray with Allah's Messenger then meet up with them.' When he prayed with the Prophet, he saw him and said: 'What prevented you from leaving earlier with your companions?' He said: 'I wanted to pray with you then meet up with them.' He said: 'If you have spent  what is in the earth, you would not have achieved the virtue you have had you left early in the day with them.'\""
      },
      "turkish": {
        "narrator": "Ibn Abbas narrated:",
        "text": "İbn Abbas rivayet etti: \"Peygamber, Abdullah bin Rawahah'ı bir askeri birliği yönetmesi için gönderdi ve bu bir Cuma'ya denk geldi. Arkadaşları günün erken saatlerinde ayrıldılar ve o dedi ki: 'Ben Allah'ın Elçisi ile namaz kılmak için geride kalacağım, sonra onlarla buluşacağım.' Peygamberle namaz kıldığında, onu gördü ve dedi: 'Arkadaşlarınla erken ayrılmanı engelleyen neydi?' O dedi: 'Seninle namaz kılmak istedim, sonra onlarla buluşmak istedim.' Peygamber dedi: 'Eğer yeryüzündeki her şeyi harcasaydın, onlarla günün erken saatlerinde ayrılmanın kazandığı fazileti elde edemezdin.'\""
      }
    },
    {
      "id": 41,
      "idInBook": 41,
      "chapterId": 4,
      "bookId": 5,
      "arabic": "حَدَّثَنَا عَلِيُّ بْنُ الْحَسَنِ الْكُوفِيُّ، حَدَّثَنَا أَبُو يَحْيَى، إِسْمَاعِيلُ بْنُ إِبْرَاهِيمَ التَّيْمِيُّ عَنْ يَزِيدَ بْنِ أَبِي زِيَادٍ، عَنْ عَبْدِ الرَّحْمَنِ بْنِ أَبِي لَيْلَى، عَنِ الْبَرَاءِ بْنِ عَازِبٍ، قَالَ قَالَ رَسُولُ اللَّهِ صلى الله عليه وسلم ‏\n\"‏ حَقٌّ عَلَى الْمُسْلِمِينَ أَنْ يَغْتَسِلُوا يَوْمَ الْجُمُعَةِ وَلْيَمَسَّ أَحَدُهُمْ مِنْ طِيبِ أَهْلِهِ فَإِنْ لَمْ يَجِدْ فَالْمَاءُ لَهُ طِيبٌ ‏\"‏ ‏.‏ قَالَ وَفِي الْبَابِ عَنْ أَبِي سَعِيدٍ وَشَيْخٍ مِنَ الأَنْصَارِ ‏.‏",
      "english": {
        "narrator": "Al-Bara bin Azib narrated that :",
        "text": "Allah's Messenger said: \"It is a duty for the Muslims, that they perform Ghusl on Friday, and that each of them wear some of his family's perfume. If he does not find any, then water is a perfume for him.\""
      },
      "turkish": {
        "narrator": "Al-Bara bin Azib narrated that :",
        "text": "Al-Bara bin Azib rivayet etti ki: Allah'ın Elçisi dedi: \"Cuma günü Müslümanların Ghusl alması, her birinin ailesinin parfümünden sürmesi farzdır. Eğer bulamazsa, su onun için bir parfümdür.\""
      }
    },
    {
      "id": 42,
      "idInBook": 42,
      "chapterId": 4,
      "bookId": 5,
      "arabic": "حَدَّثَنَا أَحْمَدُ بْنُ مَنِيعٍ، حَدَّثَنَا هُشَيْمٌ، عَنْ يَزِيدَ بْنِ أَبِي زِيَادٍ، بِهَذَا الإِسْنَادِ نَحْوَهُ ‏.‏ قَالَ أَبُو عِيسَى حَدِيثُ الْبَرَاءِ حَدِيثٌ حَسَنٌ ‏.‏ وَرِوَايَةُ هُشَيْمٍ أَحْسَنُ مِنْ رِوَايَةِ إِسْمَاعِيلَ بْنِ إِبْرَاهِيمَ التَّيْمِيِّ ‏.‏ وَإِسْمَاعِيلُ بْنُ إِبْرَاهِيمَ التَّيْمِيُّ يُضَعَّفُ فِي الْحَدِيثِ ‏.‏ أَبْوَابُ الْعِيدَيْنِ عَنْ رَسُولِ اللَّهِ صلى الله عليه وسلم ‏.‏",
      "english": {
        "narrator": "Al-Bara bin Azib narrated:",
        "text": "(Another route for the same chain) similar in meaning."
      },
      "turkish": {
        "narrator": "Al-Bara bin Azib narrated:",
        "text": "Al-Bara bin Azib rivayet etti: (Aynı zincir için başka bir yol) anlam bakımından benzer."
      }
    }
  ],
  "chapter": {
    "id": 4,
    "bookId": 5,
    "arabic": "كِتَاب الْجُمُعَةِ عَنْ رَسُولِ اللَّهِ صَلَّى اللَّهُ عَلَيْهِ وَسَلَّمَ",
    "english": "The Book on the Day of Friday"
  }
}