{
  "metadata": {
    "length": 23,
    "arabic": {
      "title": "جامع الترمذي",
      "author": "الإمام أبو عيسى محمد بن عيسى الترمذي",
      "introduction": "كتاب القراءات عن رسول الله صلى الله عليه وسلم"
    },
    "english": {
      "title": "Jami' al-Tirmidhi",
      "author": "Imam Abu Isa Muhammad ibn Isa al-Tirmidhi",
      "introduction": "Chapters on Recitation"
    }
  },
  "hadiths": [
    {
      "id": 1,
      "idInBook": 1,
      "chapterId": 46,
      "bookId": 5,
      "arabic": "حَدَّثَنَا عَلِيُّ بْنُ حُجْرٍ، قَالَ أَخْبَرَنَا يَحْيَى بْنُ سَعِيدٍ الأُمَوِيُّ، عَنِ ابْنِ جُرَيْجٍ، عَنِ ابْنِ أَبِي مُلَيْكَةَ، عَنْ أُمِّ سَلَمَةَ، قَالَتْ كَانَ رَسُولُ اللَّهِ صلى الله عليه وسلم يُقَطِّعُ قِرَاءَتَهُ يَقْرَأُ ‏(‏الْحَمْدُ لِلَّهِ رَبِّ الْعَالَمِينَ ‏)‏ ثُمَّ يَقِفُ ‏(‏ الرَّحْمَنِ الرَّحِيمِ ‏)‏ ثُمَّ يَقِفُ وَكَانَ يَقْرَؤُهَا ‏(‏مَلِكِ يَوْمِ الدِّينِ ‏)‏ قَالَ أَبُو عِيسَى هَذَا حَدِيثٌ غَرِيبٌ وَبِهِ يَقْرَأُ أَبُو عُبَيْدٍ وَيَخْتَارُهُ هَكَذَا رَوَى يَحْيَى بْنُ سَعِيدٍ الأُمَوِيُّ وَغَيْرُهُ عَنِ ابْنِ جُرَيْجٍ عَنِ ابْنِ أَبِي مُلَيْكَةَ عَنْ أُمِّ سَلَمَةَ وَلَيْسَ إِسْنَادُهُ بِمُتَّصِلٍ لأَنَّ اللَّيْثَ بْنَ سَعْدٍ رَوَى هَذَا الْحَدِيثَ عَنِ ابْنِ أَبِي مُلَيْكَةَ عَنْ يَعْلَى بْنِ مَمْلَكٍ عَنْ أُمِّ سَلَمَةَ أَنَّهَا وَصَفَتْ قِرَاءَةَ النَّبِيِّ صلى الله عليه وسلم حَرْفًا حَرْفًا وَحَدِيثُ اللَّيْثِ أَصَحُّ وَلَيْسَ فِي حَدِيثِ اللَّيْثِ وَكَانَ يَقْرَأُ ‏(‏مَلِكِ يَوْمِ الدِّينِ ‏)‏ ‏.‏",
      "english": {
        "narrator": "Narrated Ibn Abi Mulaikah:",
        "text": "that Umm Salamah said: \"The Messenger of Allah (ﷺ) would separate recitation reciting: 'Al-Hamdulillahi Rabbil-'Alamin' then he would stop. 'Ar-Rahmanir-Rahim' then he would stop. And he would recite it: 'Maliki Yawmid-Din.'\""
      },
      "turkish": {
        "narrator": "Narrated Ibn Abi Mulaikah:",
        "text": "İbn Abi Mulaikah'tan rivayet edilmiştir: Umm Salamah şöyle dedi: \"Allah'ın Resulü (ﷺ) 'Elhamdulillahi Rabbil-'Alamin' ayetini okur, sonra dururdu. 'Ar-Rahmanir-Rahim' ayetini okur, sonra dururdu. Ve 'Maliki Yawmid-Din' ayetini okurdu.\""
      }
    },
    {
      "id": 2,
      "idInBook": 2,
      "chapterId": 46,
      "bookId": 5,
      "arabic": "حَدَّثَنَا أَبُو بَكْرٍ، مُحَمَّدُ بْنُ أَبَانَ قَالَ حَدَّثَنَا أَيُّوبُ بْنُ سُوَيْدٍ الرَّمْلِيُّ، عَنْ يُونُسَ بْنِ يَزِيدَ، عَنِ الزُّهْرِيِّ، عَنْ أَنَسٍ، أَنَّ النَّبِيَّ صلى الله عليه وسلم وَأَبَا بَكْرٍ وَعُمَرَ - وَأُرَاهُ قَالَ - وَعُثْمَانَ كَانُوا يَقْرَءُونَ ‏(‏مَالِكِ يَوْمِ الدِّينِ ‏)‏ ‏.‏ قَالَ أَبُو عِيسَى هَذَا حَدِيثٌ غَرِيبٌ لاَ نَعْرِفُهُ مِنْ حَدِيثِ الزُّهْرِيِّ عَنْ أَنَسِ بْنِ مَالِكٍ إِلاَّ مِنْ حَدِيثِ هَذَا الشَّيْخِ أَيُّوبَ بْنِ سُوَيْدٍ الرَّمْلِيِّ ‏.‏ وَقَدْ رَوَى بَعْضُ أَصْحَابِ الزُّهْرِيِّ هَذَا الْحَدِيثَ عَنِ الزُّهْرِيِّ أَنَّ النَّبِيَّ صلى الله عليه وسلم وَأَبَا بَكْرٍ وَعُمَرَ كَانُوا يَقْرَءُونَ ‏(‏مَالِكِ يَوْمِ الدِّينِ ‏)‏ ‏.‏ وَقَدْ رَوَى عَبْدُ الرَّزَّاقِ عَنْ مَعْمَرٍ عَنِ الزُّهْرِيِّ عَنْ سَعِيدِ بْنِ الْمُسَيَّبِ أَنَّ النَّبِيَّ صلى الله عليه وسلم وَأَبَا بَكْرٍ وَعُمَرَ كَانُوا يَقْرَءُونَ ‏(‏مَالِكِ يَوْمِ الدِّينِ ‏)‏‏.‏",
      "english": {
        "narrator": "Narrated Anas:",
        "text": "that the Prophet (ﷺ), Abu Bakr, and 'Umar - and I think he said - and 'Uthman would recite: \"Maaliki Yawmid-Din (1:4).'\""
      },
      "turkish": {
        "narrator": "Narrated Anas:",
        "text": "Anas'tan rivayet edilmiştir: Peygamber (ﷺ), Ebu Bekir ve Ömer - ve sanırım 'Uthman da dedi - 'Maaliki Yawmid-Din (1:4)' ayetini okurlardı.\""
      }
    },
    {
      "id": 3,
      "idInBook": 3,
      "chapterId": 46,
      "bookId": 5,
      "arabic": "حَدَّثَنَا أَبُو كُرَيْبٍ، قَالَ حَدَّثَنَا ابْنُ الْمُبَارَكِ، عَنْ يُونُسَ بْنِ يَزِيدَ، عَنْ أَبِي عَلِيِّ ابْنِ يَزِيدَ، عَنِ الزُّهْرِيِّ، عَنْ أَنَسِ بْنِ مَالِكٍ، أَنَّ النَّبِيَّ صلى الله عليه وسلم قَرَأَ‏(‏أَنَّ النَّفْسَ بِالنَّفْسِ وَالْعَيْنُ بِالْعَيْنِ ‏)‏\n\n حَدَّثَنَا سُوَيْدُ بْنُ نَصْرٍ، قَالَ حَدَّثَنَا عَبْدُ اللَّهِ بْنُ الْمُبَارَكِ، عَنْ يُونُسَ بْنِ يَزِيدَ، بِهَذَا الإِسْنَادِ نَحْوَهُ ‏.‏ وَأَبُو عَلِيِّ بْنُ يَزِيدَ هُوَ أَخُو يُونُسَ بْنِ يَزِيدَ وَهَذَا حَدِيثٌ حَسَنٌ غَرِيبٌ ‏.‏ قَالَ مُحَمَّدٌ تَفَرَّدَ ابْنُ الْمُبَارَكِ بِهَذَا الْحَدِيثِ عَنْ يُونُسَ بْنِ يَزِيدَ وَهَكَذَا قَرَأَ أَبُو عُبَيْدٍ ‏(‏ وَالْعَيْنُ بِالْعَيْنِ ‏)‏ اتِّبَاعًا لِهَذَا الْحَدِيثِ ‏.‏",
      "english": {
        "narrator": "Narrated Anas bin Malik:",
        "text": "\"The Prophet (ﷺ) would recite: 'Anin-nafsu Bin-Nafsi Wal-'Ainu Bil-'Aini'\" (From 5:45)"
      },
      "turkish": {
        "narrator": "Narrated Anas bin Malik:",
        "text": "Anas bin Malik'ten rivayet edilmiştir: \"Peygamber (ﷺ) 'Anin-nafsu Bin-Nafsi Wal-'Ainu Bil-'Aini' ayetini okurdu.\" (5:45)"
      }
    },
    {
      "id": 4,
      "idInBook": 4,
      "chapterId": 46,
      "bookId": 5,
      "arabic": "حَدَّثَنَا أَبُو كُرَيْبٍ، قَالَ حَدَّثَنَا رِشْدِينُ بْنُ سَعْدٍ، عَنْ عَبْدِ الرَّحْمَنِ بْنِ زِيَادِ بْنِ أَنْعُمَ، عَنْ عُتْبَةَ بْنِ حُمَيْدٍ، عَنْ عُبَادَةَ بْنِ نُسَىٍّ، عَنْ عَبْدِ الرَّحْمَنِ بْنِ غَنْمٍ، عَنْ مُعَاذِ بْنِ جَبَلٍ، أَنَّ النَّبِيَّ صلى الله عليه وسلم قَرَأَْ ‏(‏هَلْ تَسْتَطِيعُ رَبَّكَ ‏)‏ هَذَا حَدِيثٌ غَرِيبٌ لاَ نَعْرِفُهُ إِلاَّ مِنْ حَدِيثِ رِشْدِينَ وَلَيْسَ إِسْنَادُهُ بِالْقَوِيِّ ‏.‏ وَرِشْدِينُ بْنُ سَعْدٍ وَالإِفْرِيقِيُّ يُضَعَّفَانِ فِي الْحَدِيثِ ‏.‏",
      "english": {
        "narrator": "Narrated Mu'adh bin Jabal:",
        "text": "\"The Prophet (ﷺ) would recite: 'Hal Tastati'u Rabbak'\""
      },
      "turkish": {
        "narrator": "Narrated Mu'adh bin Jabal:",
        "text": "Mu'adh bin Cebel'den rivayet edilmiştir: \"Peygamber (ﷺ) 'Hal Tastati'u Rabbak' ayetini okurdu.\""
      }
    },
    {
      "id": 5,
      "idInBook": 5,
      "chapterId": 46,
      "bookId": 5,
      "arabic": "حَدَّثَنَا الْحُسَيْنُ بْنُ مُحَمَّدٍ الْبَصْرِيُّ، قَالَ حَدَّثَنَا عَبْدُ اللَّهِ بْنُ حَفْصٍ، قَالَ حَدَّثَنَا ثَابِتٌ الْبُنَانِيُّ، عَنْ شَهْرِ بْنِ حَوْشَبٍ، عَنْ أُمِّ سَلَمَةَ، أَنَّ النَّبِيَّ صلى الله عليه وسلم كَانَ يَقْرَؤُهَا ‏(‏إِنَّهُ عَمِلَ غَيْرَ صَالِحٍ ‏)‏ ‏.‏ قَالَ أَبُو عِيسَى هَذَا حَدِيثٌ قَدْ رَوَاهُ غَيْرُ وَاحِدٍ عَنْ ثَابِتٍ الْبُنَانِيِّ نَحْوَ هَذَا وَهُوَ حَدِيثُ ثَابِتٍ الْبُنَانِيِّ وَرُوِيَ هَذَا الْحَدِيثُ أَيْضًا عَنْ شَهْرِ بْنِ حَوْشَبٍ عَنْ أَسْمَاءَ بِنْتِ يَزِيدَ ‏.‏ وَسَمِعْتُ عَبْدَ بْنَ حُمَيْدٍ يَقُولُ أَسْمَاءُ بِنْتُ يَزِيدَ هِيَ أُمُّ سَلَمَةَ الأَنْصَارِيَّةُ ‏.‏ قَالَ أَبُو عِيسَى كِلاَ الْحَدِيثَيْنِ عِنْدِي وَاحِدٌ وَقَدْ رَوَى شَهْرُ بْنُ حَوْشَبٍ غَيْرَ حَدِيثٍ عَنْ أُمِّ سَلَمَةَ الأَنْصَارِيَّةِ وَهِيَ أَسْمَاءُ بِنْتُ يَزِيدَ وَقَدْ رُوِيَ عَنْ عَائِشَةَ عَنِ النَّبِيِّ صلى الله عليه وسلم نَحْوُ هَذَا ‏.‏",
      "english": {
        "narrator": "Narrated Umm Salamah:",
        "text": "\"The Prophet (ﷺ) would recite: 'Innahu 'Amila Ghaira Salih.'\""
      },
      "turkish": {
        "narrator": "Narrated Umm Salamah:",
        "text": "Umm Salamah'tan rivayet edilmiştir: \"Peygamber (ﷺ) 'Innahu 'Amila Ghaira Salih' ayetini okurdu.\""
      }
    },
    {
      "id": 6,
      "idInBook": 6,
      "chapterId": 46,
      "bookId": 5,
      "arabic": "حَدَّثَنَا يَحْيَى بْنُ مُوسَى، قَالَ حَدَّثَنَا وَكِيعٌ وَحَبَّانُ بْنُ هِلاَلٍ، قَالاَ حَدَّثَنَا هَارُونُ النَّحْوِيُّ، عَنْ ثَابِتٍ الْبُنَانِيِّ، عَنْ شَهْرِ بْنِ حَوْشَبٍ، عَنْ أُمِّ سَلَمَةَ، أَنَّ رَسُولَ اللَّهِ صلى الله عليه وسلم قَرَأَ هَذِهِ الآيَةَ ‏:‏ ‏(‏إِنَّهُ عَمِلَ غَيْرَ صَالِحٍ ‏)‏‏.‏",
      "english": {
        "narrator": "Narrated Umm Salamah:",
        "text": "\"The Messenger of Allah (ﷺ) recited this Ayah: 'Innahu 'Amalun Ghairu Salih'\" (11:46)"
      },
      "turkish": {
        "narrator": "Narrated Umm Salamah:",
        "text": "Umm Salamah'tan rivayet edilmiştir: \"Allah'ın Resulü (ﷺ) bu ayeti okudu: 'Innahu 'Amalun Ghairu Salih'\" (11:46)"
      }
    },
    {
      "id": 7,
      "idInBook": 7,
      "chapterId": 46,
      "bookId": 5,
      "arabic": "حَدَّثَنَا أَبُو بَكْرِ بْنُ نَافِعٍ، - الْبَصْرِيٌّ - قَالَ حَدَّثَنَا أُمَيَّةُ بْنُ خَالِدٍ، قَالَ حَدَّثَنَا أَبُو الْجَارِيَةِ الْعَبْدِيُّ، عَنْ شُعْبَةَ، عَنْ أَبِي إِسْحَاقَ، عَنْ سَعِيدِ بْنِ جُبَيْرٍ، عَنِ ابْنِ عَبَّاسٍ، عَنْ أُبَىِّ بْنِ كَعْبٍ، عَنِ النَّبِيِّ صلى الله عليه وسلم أَنَّهُ قَرَأَْ  ‏(قَد ‏بَلَغْتَ مِنْ لَدُنِّي عُذْرًا‏)‏ مُثَقَّلَةً ‏.‏ قَالَ أَبُو عِيسَى هَذَا حَدِيثٌ غَرِيبٌ لاَ نَعْرِفُهُ إِلاَّ مِنْ هَذَا الْوَجْهِ ‏.‏ وَأُمَيَّةُ بْنُ خَالِدٍ ثِقَةٌ وَأَبُو الْجَارِيَةِ الْعَبْدِيُّ شَيْخٌ مَجْهُولٌ وَ لاَ  يُعْرَفُ اسْمُهُ ‏.‏",
      "english": {
        "narrator": "Narrated Ibn 'Abbas:",
        "text": "from 'Ubayy bin Ka'b, that the Prophet (ﷺ) would recite: \"Qad Balaghta Min Ladunni 'Udhra\" (18:76) with heaviness (Muthaqqalah - meaning with Tashdid on the Nun in \"Ladunni\").\""
      },
      "turkish": {
        "narrator": "Narrated Ibn 'Abbas:",
        "text": "İbn 'Abbas'tan rivayet edilmiştir: 'Ubayy bin Ka'b'tan, Peygamber (ﷺ) 'Qad Balaghta Min Ladunni 'Udhra' (18:76) ayetini ağır bir şekilde (Muthaqqalah - 'Ladunni' kelimesindeki Nun'a Tashdid ile) okurdu.\""
      }
    },
    {
      "id": 8,
      "idInBook": 8,
      "chapterId": 46,
      "bookId": 5,
      "arabic": "حَدَّثَنَا يَحْيَى بْنُ مُوسَى،  قَالَ حَدَّثَنَا مُعَلَّى بْنُ مَنْصُورٍ،  قَالَ حَدَّثَنَا مُحَمَّدُ بْنُ دِينَارٍ، عَنْ سَعْدِ بْنِ أَوْسٍ، عَنْ مِصْدَعٍ أَبِي يَحْيَى، عَنِ ابْنِ عَبَّاسٍ، عَنْ أُبَىِّ بْنِ كَعْبٍ، أَنَّ النَّبِيَّ صلى الله عليه وسلم قَرَأَ ‏(‏فِي عَيْنٍ حَمِئَةٍ ‏)‏ ‏.‏ قَالَ أَبُو عِيسَى هَذَا حَدِيثٌ غَرِيبٌ لاَ نَعْرِفُهُ إِلاَّ مِنْ هَذَا الْوَجْهِ وَالصَّحِيحُ مَا رُوِيَ عَنِ ابْنِ عَبَّاسٍ قِرَاءَتُهُ ‏.‏ وَيُرْوَى أَنَّ ابْنَ عَبَّاسٍ وَعَمْرَو بْنَ الْعَاصِي اخْتَلَفَا فِي قِرَاءَةِ هَذِهِ الآيَةِ وَارْتَفَعَا إِلَى كَعْبِ الأَحْبَارِ فِي ذَلِكَ فَلَوْ كَانَتْ عِنْدَهُ رِوَايَةٌ عَنِ النَّبِيِّ صلى الله عليه وسلم لاَسْتَغْنَى بِرِوَايَتِهِ وَلَمْ يَحْتَجْ إِلَى كَعْبٍ ‏.‏",
      "english": {
        "narrator": "Narrated Ibn 'Abbas:",
        "text": "from Ubay bin Ka'b that the Prophet (ﷺ) recited: \"Fi 'Ainin Hami'ah\" (18:86)"
      },
      "turkish": {
        "narrator": "Narrated Ibn 'Abbas:",
        "text": "İbn 'Abbas'tan rivayet edilmiştir: Ubay bin Ka'b'tan, Peygamber (ﷺ) 'Fi 'Ainin Hami'ah' (18:86) ayetini okudu."
      }
    },
    {
      "id": 9,
      "idInBook": 9,
      "chapterId": 46,
      "bookId": 5,
      "arabic": "حَدَّثَنَا نَصْرُ بْنُ عَلِيٍّ الْجَهْضَمِيُّ، قَالَ حَدَّثَنَا الْمُعْتَمِرُ بْنُ سُلَيْمَانَ، عَنْ أَبِيهِ، عَنْ سُلَيْمَانَ الأَعْمَشِ، عَنْ عَطِيَّةَ، عَنْ أَبِي سَعِيدٍ، قَالَ لَمَّا كَانَ يَوْمُ بَدْرٍ ظَهَرَتِ الرُّومُ عَلَى فَارِسَ فَأَعْجَبَ ذَلِكَ الْمُؤْمِنِينَ فَنَزَلَتْ ‏(‏ الم * غُلِبَتِ الرُّومُ ‏)‏ إِلَى قَوْلِهِ ‏(‏يَفْرَحُ الْمُؤْمِنُونَ ‏)‏ قَالَ فَفْرَحَ الْمُؤْمِنُونَ بِظُهُورِ الرُّومِ عَلَى فَارِسَ ‏.‏ قَالَ أَبُو عِيسَى هَذَا حَدِيثٌ حَسَنٌ غَرِيبٌ مِنْ هَذَا الْوَجْهِ ‏.‏ وَيُقْرَأُ غَلَبَتْ وَغُلِبَتْ يَقُولُ كَانَتْ غُلِبَتْ ثُمَّ غَلَبَتْ هَكَذَا قَرَأَ نَصْرُ بْنُ عَلِيٍّ غَلَبَتْ ‏.‏",
      "english": {
        "narrator": "Narrated Abu Sa'eed:",
        "text": "\"On the Day of (the battle of) Badr, the Romans had a victory over the Persians. So the believers were pleased with that, then the following was revealed: Alif Lam Mim. The Romans have been defeated...\" up to His saying: '...the believers will rejoice. (30:1-4)\" He said: \"So the believers were happy with the victory of the Romans over the Persians."
      },
      "turkish": {
        "narrator": "Narrated Abu Sa'eed:",
        "text": "Ebu Sa'eed'den rivayet edilmiştir: \"Badr (savaşı) günü, Romalılar Perslere karşı zafer kazandılar. Böylece müminler bundan memnun oldular, ardından şu ayet indirildi: Elif Lam Mim. Romalılar yenildi...\" '...müminler sevinç duyacaklar.' (30:1-4)\" Dedi ki: \"Müminler Romalıların Persler üzerindeki zaferiyle mutlu oldular.\""
      }
    },
    {
      "id": 10,
      "idInBook": 10,
      "chapterId": 46,
      "bookId": 5,
      "arabic": "حَدَّثَنَا مُحَمَّدُ بْنُ حُمَيْدٍ الرَّازِيُّ، قَالَ حَدَّثَنَا نُعَيْمُ بْنُ مَيْسَرَةَ النَّحْوِيُّ، عَنْ فُضَيْلِ بْنِ مَرْزُوقٍ، عَنْ عَطِيَّةَ الْعَوْفِيِّ، عَنِ ابْنِ عُمَرَ، أَنَّهُ قَرَأَ عَلَى النَّبِيِّ صلى الله عليه وسلمَ ‏(‏خَلَقَكُمْ مِنْ ضعْفٍ ‏)‏ فَقَالَ مِنْ ضُعْفٍ ‏.‏ \n\n حَدَّثَنَا عَبْدُ بْنُ حُمَيْدٍ، قَالَ حَدَّثَنَا يَزِيدُ بْنُ هَارُونَ، عَنْ فُضَيْلِ بْنِ مَرْزُوقٍ، عَنْ عَطِيَّةَ، عَنِ ابْنِ عُمَرَ، عَنِ النَّبِيِّ صلى الله عليه وسلم نَحْوَهُ ‏.‏ هَذَا حَدِيثٌ حَسَنٌ غَرِيبٌ لاَ نَعْرِفُهُ إِلاَّ مِنْ حَدِيثِ فُضَيْلِ بْنِ مَرْزُوقٍ ‏.‏",
      "english": {
        "narrator": "Narrated Ibn 'Umar:",
        "text": "that he recited the following to the Prophet (ﷺ): \"Who created you in the weakness (Min Da'f)\" So he said: \"Min Du'f\"\n\n(Another chain) with similar in meaning."
      },
      "turkish": {
        "narrator": "Narrated Ibn 'Umar:",
        "text": "İbn 'Umar'dan rivayet edilmiştir: Peygamber (ﷺ)'e şunları okudu: \"Seni zayıflıkta (Min Da'f) kim yarattı?\" O da: \"Min Du'f\" dedi."
      }
    },
    {
      "id": 11,
      "idInBook": 11,
      "chapterId": 46,
      "bookId": 5,
      "arabic": "حَدَّثَنَا مَحْمُودُ بْنُ غَيْلاَنَ، قَالَ حَدَّثَنَا أَبُو أَحْمَدَ الزُّبَيْرِيُّ، قَالَ حَدَّثَنَا سُفْيَانُ، عَنْ أَبِي إِسْحَاقَ، عَنِ الأَسْوَدِ بْنِ يَزِيدَ، عَنْ عَبْدِ اللَّهِ بْنِ مَسْعُودٍ، أَنَّ رَسُولَ اللَّهِ صلى الله عليه وسلم كَانَ يَقْرَأُ  ‏(‏فَهَلْ مِنْ مُدَّكِرٍ ‏)‏ ‏.‏ قَالَ أَبُو عِيسَى هَذَا حَدِيثٌ حَسَنٌ صَحِيحٌ ‏.‏",
      "english": {
        "narrator": "Narrated 'Abdullah bin Mas'ud:",
        "text": "that the Messenger of Allah (ﷺ) would recite: \"Then is there anyone who would remember? (54:17)"
      },
      "turkish": {
        "narrator": "Narrated 'Abdullah bin Mas'ud:",
        "text": "(Benzer anlamda başka bir isnad.)"
      }
    },
    {
      "id": 12,
      "idInBook": 12,
      "chapterId": 46,
      "bookId": 5,
      "arabic": "حَدَّثَنَا بِشْرُ بْنُ هِلاَلٍ الصَّوَّافُ الْبَصْرِيُّ ، قَالَ حَدَّثَنَا جَعْفَرُ بْنُ سُلَيْمَانَ الضُّبَعِيُّ، عَنْ هَارُونَ الأَعْوَرِ، عَنْ بُدَيْلِ بْنِ مَيْسَرَةَ، عَنْ عَبْدِ اللَّهِ بْنِ شَقِيقٍ، عَنْ عَائِشَةَ، أَنَّ النَّبِيَّ صلى الله عليه وسلم كَانَ يَقْرَأُ ‏(‏فَرُوحٌ وَ رَيْحَانٌ وَ جَنَّةُ نَعِيمٍ‏)‏ ‏.‏ قَالَ أَبُو عِيسَى هَذَا حَدِيثٌ حَسَنٌ غَرِيبٌ لاَ نَعْرِفُهُ إِلاَّ مِنْ حَدِيثِ هَارُونَ الأَعْوَرِ ‏.‏",
      "english": {
        "narrator": "Narrated 'Aishah:",
        "text": "that the Prophet (ﷺ) would recite: \"Furuhun Wa Raihanun Wa Jannatu Na'im (56:89)\""
      },
      "turkish": {
        "narrator": "Narrated 'Aishah:",
        "text": "Abdullah bin Mes'ud'dan rivayet edilmiştir: \"Allah'ın Resulü (ﷺ) 'O halde hatırlayacak biri var mı?' (54:17) ayetini okurdu.\""
      }
    },
    {
      "id": 13,
      "idInBook": 13,
      "chapterId": 46,
      "bookId": 5,
      "arabic": "حَدَّثَنَا هَنَّادٌ، قَالَ حَدَّثَنَا أَبُو مُعَاوِيَةَ، عَنِ الأَعْمَشِ، عَنْ إِبْرَاهِيمَ، عَنْ عَلْقَمَةَ، قَالَ قَدِمْنَا الشَّامَ فَأَتَانَا أَبُو الدَّرْدَاءِ فَقَالَ أَفِيكُمْ أَحَدٌ يَقْرَأُ عَلَىَّ قِرَاءَةَ عَبْدِ اللَّهِ قَالَ فَأَشَارُوا إِلَىَّ فَقُلْتُ نَعَمْ أَنَا ‏.‏ قَالَ كَيْفَ سَمِعْتَ عَبْدَ اللَّهِ يَقْرَأُ هَذِهِ الآيَةَ ‏(وَاللَّيْلِ إِذَا يَغْشَى ‏)‏ قَالَ قُلْتُ سَمِعْتُهُ يَقْرَؤُهَا ‏(‏‏وَاللَّيْلِ إِذَا يَغْشَى ‏)‏ ‏(‏وَالذَّكَر وَالأُنْثَى ‏)‏ فَقَالَ أَبُو الدَّرْدَاءِ وَأَنَا وَاللَّهِ هَكَذَا سَمِعْتُ رَسُولَ اللَّهِ صلى الله عليه وسلم يَقْرَؤُهَا وَهَؤُلاَءِ يُرِيدُونَنِي أَنْ أَقْرَأَهَا‏(‏وَمَا خَلَقَ ‏)‏ فَلاَ أُتَابِعُهُمْ ‏.‏ قَالَ أَبُو عِيسَى هَذَا حَدِيثٌ حَسَنٌ صَحِيحٌ ‏.‏ وَهَكَذَا قِرَاءَةُ عَبْدِ اللَّهِ بْنِ مَسْعُودٍ ‏(‏ وَاللَّيْلِ إِذَا يَغْشَى * وَالنَّهَارِ إِذَا تَجَلَّى * وَالذَّكَرِ وَالأُنْثَى ‏)‏‏.‏",
      "english": {
        "narrator": "Narrated 'Alqamah:",
        "text": "\"We arrived in Ash-Sham and we went to Abu Ad-Darda. So he said: 'Is there any among you who can recite for me according to the recitation of 'Abdullah?'\" He said: \"They pointed to me, so I said: 'Yes, .' He said: 'How did you hear 'Abdullah recite this Ayah: By the night as it envelopes?'\" He said: \"I said: 'I heard him recite it: \"Wal-Laili Idha Yaghsha, Wadh-Dhakari Wal-Untha\" Abu Ad-Darda said: 'Me too, By Allah, this is how I heard the Messenger of Allah (ﷺ) reciting it. But these people want me to recite it: Wa Ma Khalaqa but I will not follow them.'\""
      },
      "turkish": {
        "narrator": "Narrated 'Alqamah:",
        "text": "Aişe'den rivayet edilmiştir: \"Peygamber (ﷺ) 'Furuhun Wa Raihanun Wa Jannatu Na'im' (56:89) ayetini okurdu.\""
      }
    },
    {
      "id": 14,
      "idInBook": 14,
      "chapterId": 46,
      "bookId": 5,
      "arabic": "حَدَّثَنَا عَبْدُ بْنُ حُمَيْدٍ، قَالَ حَدَّثَنَا عُبَيْدُ اللَّهِ بْنُ مُوسَى، عَنْ إِسْرَائِيلَ، عَنْ أَبِي إِسْحَاقَ، عَنْ عَبْدِ الرَّحْمَنِ بْنِ يَزِيدَ، عَنْ عَبْدِ اللَّهِ بْنِ مَسْعُودٍ، قَالَ أَقْرَأَنِي رَسُولُ اللَّهِ صلى الله عليه وسلم‏:‏‏(‏ إِنِّي أَنَا الرَّزَّاقُ ذُو الْقُوَّةِ الْمَتِينُ ‏)‏ ‏.‏ قَالَ أَبُو عِيسَى هَذَا حَدِيثٌ حَسَنٌ صَحِيحٌ ‏.‏",
      "english": {
        "narrator": "Narrated 'Abdullah:",
        "text": "\"The Messenger of Allah (ﷺ) recited to me: \"Indeed Allah is the Provider, The Possessor of power, the Firm.\" (51:58)"
      },
      "turkish": {
        "narrator": "Narrated 'Abdullah:",
        "text": "Alqamah'tan rivayet edilmiştir: \"Şam'a vardık ve Ebu Ad-Darda'ya gittik. O da: 'Aranızda 'Abdullah'ın kıraatine göre benim için okuyacak biri var mı?' dedi.\" Dedi ki: \"Bana işaret ettiler, ben de: 'Evet,' dedim. O da: 'Abdullah bu ayeti nasıl okudu?' dedi: 'Gece örtünce...' Ben de: 'Onu şöyle okuduğunu duydum: \"Wal-Laili Idha Yaghsha, Wadh-Dhakari Wal-Untha.\" Ebu Ad-Darda: 'Ben de, Allah'a yemin ederim, bunu Allah'ın Resulü (ﷺ)'nin okuduğunu böyle duydum. Ama bu insanlar beni \"Wa Ma Khalaqa\" diye okumaya zorluyorlar ama ben onlara uymayacağım.'\""
      }
    },
    {
      "id": 15,
      "idInBook": 15,
      "chapterId": 46,
      "bookId": 5,
      "arabic": "حَدَّثَنَا أَبُو زُرْعَةَ، وَالْفَضْلُ بْنُ أَبِي طَالِبٍ، وَغَيْرُ، وَاحِدٍ، قَالُوا حَدَّثَنَا الْحَسَنُ بْنُ بِشْرٍ، عَنِ الْحَكَمِ بْنِ عَبْدِ الْمَلِكِ، عَنْ قَتَادَةَ، عَنْ عِمْرَانَ بْنِ حُصَيْنٍ، أَنَّ النَّبِيَّ صلى الله عليه وسلم قَرَأَ‏:‏ ‏(‏وَتَرَى النَّاسَ سُكَارَى وَمَا هُمْ بِسُكَارَى ‏)‏ ‏.‏ قَالَ أَبُو عِيسَى هَذَا حَدِيثٌ حَسَنٌ وَهَكَذَا رَوَى الْحَكَمُ بْنُ عَبْدِ الْمَلِكِ عَنْ قَتَادَةَ ‏.‏ وَلاَ نَعْرِفُ لِقَتَادَةَ سَمَاعًا مِنْ أَحَدٍ مِنْ أَصْحَابِ النَّبِيِّ صلى الله عليه وسلم إِلاَّ مِنْ أَنَسٍ وَأَبِي الطُّفَيْلِ ‏.‏ وَهَذَا عِنْدِي حَدِيثٌ مُخْتَصَرٌ إِنَّمَا يُرْوَى عَنْ قَتَادَةَ عَنِ الْحَسَنِ عَنْ عِمْرَانَ بْنِ حُصَيْنٍ قَالَ كُنَّا مَعَ النَّبِيِّ صلى الله عليه وسلم فِي السَّفَرِ فَقَرَأَ ‏:‏ ‏(‏يَا أَيُّهَا النَّاسُ اتَّقُوا رَبَّكُمْ ‏)‏ الْحَدِيثَ بِطُولِهِ وَحَدِيثُ الْحَكَمِ بْنِ عَبْدِ الْمَلِكِ عِنْدِي مُخْتَصَرٌ مِنْ هَذَا الْحَدِيثِ ‏.‏",
      "english": {
        "narrator": "Narrated 'Imran bin Husain:",
        "text": "\"The Prophet (ﷺ) recited: You shall see mankind as if in a drunken state, yet they will not be in a drunken state. (22:2)"
      },
      "turkish": {
        "narrator": "Narrated 'Imran bin Husain:",
        "text": "Abdullah'tan rivayet edilmiştir: \"Allah'ın Resulü (ﷺ) bana 'Şüphesiz Allah Rızık Verendir, Güç Sahibi, Sabittir.' (51:58) ayetini okudu.\""
      }
    },
    {
      "id": 16,
      "idInBook": 16,
      "chapterId": 46,
      "bookId": 5,
      "arabic": "حَدَّثَنَا مَحْمُودُ بْنُ غَيْلاَنَ، قَالَ حَدَّثَنَا أَبُو دَاوُدَ، قَالَ أَخْبَرَنَا شُعْبَةُ، عَنْ مَنْصُورٍ، قَالَ سَمِعْتُ أَبَا وَائِلٍ، عَنْ عَبْدِ اللَّهِ، عَنِ النَّبِيِّ صلى الله عليه وسلم قَالَ ‏\n\"‏ بِئْسَمَا لأَحَدِهِمْ أَوْ لأَحَدِكُمْ أَنْ يَقُولَ نَسِيتُ آيَةَ كَيْتَ وَكَيْتَ بَلْ هُوَ نُسِّيَ فَاسْتَذْكِرُوا الْقُرْآنَ فَوَالَّذِي نَفْسِي بِيَدِهِ لَهُوَ أَشَدُّ تَفَصِّيًا مِنْ صُدُورِ الرِّجَالِ مِنَ النَّعَمِ مِنْ عُقُلِهِ ‏\"‏ ‏.‏ هَذَا حَدِيثٌ حَسَنٌ صَحِيحٌ ‏.‏",
      "english": {
        "narrator": "Narrated 'Abdullah:",
        "text": "that the Prophet (ﷺ) said: \"How horrible it is for one of them - or - one of you to say: \"I have forgotten such and such Ayah,' rather he was made to forget. So be mindful of the Qur'an, for - by the One in Whose Hand is my soul - it escapes from men's hearts faster than a camel from its fetter.\""
      },
      "turkish": {
        "narrator": "Narrated 'Abdullah:",
        "text": "'Abdullah'dan rivayet edilmiştir: Peygamber (ﷺ) şöyle buyurmuştur: \"Onlardan birinin - ya da - sizlerden birinin 'Şu ve bu ayeti unuttum' demesi ne korkunçtur, aksine unutturulmuştur. Kur'an'a dikkat edin, çünkü - canımın elinde olan Allah'a yemin ederim - o, insanların kalplerinden bir develerin zincirlerinden kaçtığı kadar hızlı kaçar.\""
      }
    },
    {
      "id": 17,
      "idInBook": 17,
      "chapterId": 46,
      "bookId": 5,
      "arabic": "حَدَّثَنَا الْحَسَنُ بْنُ عَلِيٍّ الْخَلاَّلُ، وَغَيْرُ، وَاحِدٍ، قَالُوا حَدَّثَنَا عَبْدُ الرَّزَّاقِ، أَخْبَرَنَا مَعْمَرٌ، عَنِ الزُّهْرِيِّ، عَنْ عُرْوَةَ بْنِ الزُّبَيْرِ، عَنِ الْمِسْوَرِ بْنِ مَخْرَمَةَ، وَعَبْدِ الرَّحْمَنِ بْنِ عَبْدٍ الْقَارِيِّ، أَخْبَرَاهُ أَنَّهُمَا، سَمِعَا عُمَرَ بْنَ الْخَطَّابِ، يَقُولُ مَرَرْتُ بِهِشَامِ بْنِ حَكِيمِ بْنِ حِزَامٍ وَهُوَ يَقْرَأُ سُورَةَ الْفُرْقَانِ فِي حَيَاةِ رَسُولِ اللَّهِ صلى الله عليه وسلم فَاسْتَمَعْتُ قِرَاءَتَهُ فَإِذَا هُوَ يَقْرَأُ عَلَى حُرُوفٍ كَثِيرَةٍ لَمْ يُقْرِئْنِيهَا رَسُولُ اللَّهِ صلى الله عليه وسلم فَكِدْتُ أُسَاوِرُهُ فِي الصَّلاَةِ فَنَظَرْتُهُ حَتَّى سَلَّمَ فَلَمَّا سَلَّمَ لَبَّبْتُهُ بِرِدَائِهِ فَقُلْتُ مَنْ أَقْرَأَكَ هَذِهِ السُّورَةَ الَّتِي سَمِعْتُكَ تَقْرَؤُهَا فَقَالَ أَقْرَأَنِيهَا رَسُولُ اللَّهِ صلى الله عليه وسلم قَالَ ‏.‏ قُلْتُ لَهُ كَذَبْتَ وَاللَّهِ إِنَّ رَسُولَ اللَّهِ صلى الله عليه وسلم لَهُوَ أَقْرَأَنِي هَذِهِ السُّورَةَ الَّتِي تَقْرَؤُهَا ‏.‏ فَانْطَلَقْتُ أَقُودُهُ إِلَى النَّبِيِّ صلى الله عليه وسلم فَقُلْتُ يَا رَسُولَ اللَّهِ إِنِّي سَمِعْتُ هَذَا يَقْرَأُ سُورَةَ الْفُرْقَانِ عَلَى حُرُوفٍ لَمْ تُقْرِئْنِيهَا وَأَنْتَ أَقْرَأْتَنِي سُورَةَ الْفُرْقَانِ ‏.‏ فَقَالَ النَّبِيُّ صلى الله عليه وسلم ‏\"‏ أَرْسِلْهُ يَا عُمَرُ اقْرَأْ يَا هِشَامُ ‏\"‏ ‏.‏ فَقَرَأَ عَلَيْهِ الْقِرَاءَةَ الَّتِي سَمِعْتُهُ فَقَالَ النَّبِيُّ صلى الله عليه وسلم ‏\"‏ هَكَذَا أُنْزِلَتْ ‏\"‏ ‏.‏ ثُمَّ قَالَ النَّبِيُّ صلى الله عليه وسلم ‏\"‏ اقْرَأْ يَا عُمَرُ ‏\"‏ ‏.‏ فَقَرَأْتُ بِالْقِرَاءَةَ الَّتِي أَقْرَأَنِي النَّبِيُّ صلى الله عليه وسلم فَقَالَ النَّبِيُّ صلى الله عليه وسلم ‏\"‏ هَكَذَا أُنْزِلَتْ ‏\"‏ ‏.‏ ثُمَّ قَالَ النَّبِيُّ صلى الله عليه وسلم ‏\"‏ إِنَّ هَذَا الْقُرْآنَ أُنْزِلَ عَلَى سَبْعَةِ أَحْرُفٍ فَاقْرَءُوا مَا تَيَسَّرَ مِنْهُ ‏\"‏ ‏.‏ هَذَا حَدِيثٌ حَسَنٌ صَحِيحٌ ‏.‏ وَقَدْ رَوَى مَالِكُ بْنُ أَنَسٍ عَنِ الزُّهْرِيِّ بِهَذَا الإِسْنَادِ نَحْوَهُ إِلاَّ أَنَّهُ لَمْ يَذْكُرْ فِيهِ الْمِسْوَرَ بْنَ مَخْرَمَةَ ‏.‏",
      "english": {
        "narrator": "Narrated 'Umar bin Al-Khattab:",
        "text": "\"I passed by Hisham bin Hakim bin Hizam while he was reciting Surat Al-Furqan during the lifetime of the Messenger of Allah (ﷺ). I listened to his recitation and noticed that he recited it in several different ways, which the Messenger of Allah (ﷺ) had not taught me. I was about to jump over him during his Salat, but waited until he said the Salam. When he had said the Salam, I strangled him with his upper-garment and said: 'Who taught you this Surah which I heard you reciting?' He said: 'The Messenger of Allah (ﷺ) taught it to me.' I said to him: 'You lie! By Allah! The Messenger of Allah (ﷺ) taught me this Surah which you were reciting.' I dragged him to the Messenger of Allah (ﷺ) and said: 'O Messenger of Allah! I heard this one reciting Surat Al-Furqan in a manner different from how you taught me, and you taught me Surat Al-Furqan.' The Prophet (ﷺ) said: 'Release him O 'Umar! Recite O Hisham.' So he recited it for him as I had heard him reciting. Then the Prophet (ﷺ) said to me: 'This is how it was revealed.' Then the Prophet (ﷺ) said to me, 'Recite O 'Umar.' So I recited the recitation which the Prophet (ﷺ) taught me. The Prophet (ﷺ) said: 'This is how it was revealed.' Then the Prophet (ﷺ) said 'Indeed this Qur'an was revealed in seven modes, so recite of it what is easier for you.'\""
      },
      "turkish": {
        "narrator": "Narrated 'Umar bin Al-Khattab:",
        "text": "'Umar bin Al-Khattab'dan rivayet edilmiştir: \"Ben, Hişam bin Hakim bin Hizam'ın, Allah Resulü (ﷺ) döneminde Furkan Suresini okuduğunu geçerken duydum. Onun okumasını dinledim ve onun, bana öğretmediği birkaç farklı şekilde okuduğunu fark ettim. Salatında üzerine atlamaya niyetlendim, ama selam verdiği ana kadar bekledim. Selam verdikten sonra, onun üst elbisesiyle boğdum ve 'Bu sureyi sana kim öğretti?' dedim. O da: 'Allah Resulü (ﷺ) öğretti' dedi. Ben de: 'Yalan söylüyorsun! Allah'a yemin ederim! Allah Resulü (ﷺ) bana bu sureyi öğretti.' Onu Allah Resulü (ﷺ)'ne götürdüm ve: 'Ey Allah Resulü! Bu kişiyi, bana öğrettiğin Furkan Suresini farklı bir şekilde okurken duydum' dedim. Peygamber (ﷺ) dedi ki: 'Bırak onu ey 'Umar! Oku ey Hişam.' O da, benim duyduğum şekilde okudu. Sonra Peygamber (ﷺ) bana dedi ki: 'İşte böyle vahyedildi.' Sonra Peygamber (ﷺ) bana dedi ki: 'Oku ey 'Umar.' Ben de, Peygamber (ﷺ)'in bana öğrettiği şekilde okudum. Peygamber (ﷺ) dedi ki: 'İşte böyle vahyedildi.' Sonra Peygamber (ﷺ) dedi ki: 'Gerçekten bu Kur'an yedi şekilde indirilmiştir, o halde senin için en kolay olanını oku.'\""
      }
    },
    {
      "id": 18,
      "idInBook": 18,
      "chapterId": 46,
      "bookId": 5,
      "arabic": "حَدَّثَنَا أَحْمَدُ بْنُ مَنِيعٍ، قَالَ حَدَّثَنَا الْحَسَنُ بْنُ مُوسَى، قَالَ حَدَّثَنَا شَيْبَانُ، عَنْ عَاصِمٍ، عَنْ زِرِّ بْنِ حُبَيْشٍ، عَنْ أُبَىِّ بْنِ كَعْبٍ، قَالَ لَقِيَ رَسُولُ اللَّهِ صلى الله عليه وسلم جِبْرِيلَ فَقَالَ ‏\n\"‏ يَا جِبْرِيلُ إِنِّي بُعِثْتُ إِلَى أُمَّةٍ أُمِّيِّينَ مِنْهُمُ الْعَجُوزُ وَالشَّيْخُ الْكَبِيرُ وَالْغُلاَمُ وَالْجَارِيَةُ وَالرَّجُلُ الَّذِي لَمْ يَقْرَأْ كِتَابًا قَطُّ ‏\"‏ ‏.‏ قَالَ يَا مُحَمَّدُ إِنَّ الْقُرْآنَ أُنْزِلَ عَلَى سَبْعَةِ أَحْرُفٍ ‏.‏ وَفِي الْبَابِ عَنْ عُمَرَ وَحُذَيْفَةَ بْنِ الْيَمَانِ وَأُمِّ أَيُّوبَ وَهِيَ امْرَأَةُ أَبِي أَيُّوبَ الأَنْصَارِيِّ وَسَمُرَةَ وَابْنِ عَبَّاسٍ وَأَبِي هُرَيْرَةَ وَأَبِي جُهَيْمِ بْنِ الْحَارِثِ بْنِ الصِّمَّةِ وَعَمْرِو بْنِ الْعَاصِ وَأَبِي بَكْرَةَ ‏.‏ قَالَ أَبُو عِيسَى هَذَا حَدِيثٌ حَسَنٌ صَحِيحٌ وَقَدْ رُوِيَ مِنْ غَيْرِ وَجْهٍ عَنْ أُبَىِّ بْنِ كَعْبٍ ‏.‏",
      "english": {
        "narrator": "Narrated Ubayy bin Ka'b:",
        "text": "\"The Messenger of Allah (ﷺ) met Jibra'il and said: 'O Jibra'il! I have been sent to an illiterate nation among whom are the elderly woman, the old man, the boy and the girl, and the man who cannot read a book at all.' He said: 'O Muhammad! Indeed the Qur'an was revealed in seven modes.'\""
      },
      "turkish": {
        "narrator": "Narrated Ubayy bin Ka'b:",
        "text": "Ubayy bin Ka'b'dan rivayet edilmiştir: \"Allah Resulü (ﷺ) Cebrail ile karşılaştı ve dedi ki: 'Ey Cebrail! Ben, içinde yaşlı kadın, ihtiyar adam, çocuk ve kız olan okuma yazma bilmeyen bir millete gönderildim.' O da: 'Ey Muhammed! Gerçekten Kur'an yedi şekilde indirilmiştir.'\""
      }
    },
    {
      "id": 19,
      "idInBook": 19,
      "chapterId": 46,
      "bookId": 5,
      "arabic": "حَدَّثَنَا مَحْمُودُ بْنُ غَيْلاَنَ، قَالَ حَدَّثَنَا أَبُو أُسَامَةَ، قَالَ حَدَّثَنَا الأَعْمَشُ، عَنْ أَبِي صَالِحٍ، عَنْ أَبِي هُرَيْرَةَ، قَالَ قَالَ رَسُولُ اللَّهِ صلى الله عليه وسلم ‏\n\"‏ مَنْ نَفَّسَ عَنْ أَخِيهِ كُرْبَةً مِنْ كُرَبِ الدُّنْيَا نَفَّسَ اللَّهُ عَنْهُ كُرْبَةً مِنْ كُرَبِ يَوْمِ الْقِيَامَةِ وَمَنْ سَتَرَ مُسْلِمًا سَتَرَهُ اللَّهُ فِي الدُّنْيَا وَالآخِرَةِ وَمَنْ يَسَّرَ عَلَى مُعْسِرٍ يَسَّرَ اللَّهُ عَلَيْهِ فِي الدُّنْيَا وَالآخِرَةِ وَاللَّهُ فِي عَوْنِ الْعَبْدِ مَا كَانَ الْعَبْدُ فِي عَوْنِ أَخِيهِ وَمَنْ سَلَكَ طَرِيقًا يَلْتَمِسُ فِيهِ عِلْمًا سَهَّلَ اللَّهُ لَهُ طَرِيقًا إِلَى الْجَنَّةِ وَمَا قَعَدَ قَوْمٌ فِي مَسْجِدٍ يَتْلُونَ كِتَابَ اللَّهِ وَيَتَدَارَسُونَهُ بَيْنَهُمْ إِلاَّ نَزَلَتْ عَلَيْهِمُ السَّكِينَةُ وَغَشِيَتْهُمُ الرَّحْمَةُ وَحَفَّتْهُمُ الْمَلاَئِكَةُ وَمَنْ أَبْطَأَ بِهِ عَمَلُهُ لَمْ يُسْرِعْ بِهِ نَسَبُهُ ‏\"‏ ‏.‏ قَالَ أَبُو عِيسَى هَكَذَا رَوَى غَيْرُ وَاحِدٍ عَنِ الأَعْمَشِ عَنْ أَبِي صَالِحٍ عَنْ أَبِي هُرَيْرَةَ عَنِ النَّبِيِّ صلى الله عليه وسلم مِثْلَ هَذَا الْحَدِيثِ وَرَوَى أَسْبَاطُ بْنُ مُحَمَّدٍ عَنِ الأَعْمَشِ قَالَ حُدِّثْتُ عَنْ أَبِي صَالِحٍ عَنْ أَبِي هُرَيْرَةَ عَنِ النَّبِيِّ صلى الله عليه وسلم ‏.‏ فَذَكَرَ بَعْضَ هَذَا الْحَدِيثِ ‏.‏",
      "english": {
        "narrator": "Narrated Abu Hurairah:",
        "text": "that the Messenger of Allah (ﷺ) said: \"Whoever alleviates a burden among the burdens of the world for his brother, Allah alleviates a burden among the burdens of the Day of Judgement for him. And whoever covers (the faults) of a Muslim, Allah covers him in the world and in the Hereafter. And whoever makes things easy for one in dire straits, Allah makes things easy for him in the world and the Hereafter. Allah is helping as long as the (His) Slave is helping his brother. And whoever takes a path to gain knowledge, Allah makes a path to Paradise easy for him. And no people sit in a Masjid reciting Allah's Book, studying it among themselves, except that tranquility descends upon them and they are enveloped in the mercy, and surrounded by the angels. And whoever is slow in his deeds, his lineage shall not speed him up.\""
      },
      "turkish": {
        "narrator": "Narrated Abu Hurairah:",
        "text": "Ebu Hureyre'den rivayet edilmiştir: Allah Resulü (ﷺ) şöyle buyurmuştur: \"Kardeşinin dünyadaki yüklerinden birini hafifleten kimseye, Allah Kıyamet Günü'nde yüklerinden birini hafifletir. Ve bir Müslümanın (kusurlarını) örten kimseye, Allah dünyada ve ahirette onu örter. Ve zor durumda olan birine kolaylık sağlayan kimseye, Allah dünyada ve ahirette ona kolaylık sağlar. Allah, (Kulu) kardeşine yardım ettiği sürece yardım eder. Ve kim ilim elde etmek için bir yol alırsa, Allah ona cennete giden bir yolu kolaylaştırır. Ve insanlar, Allah'ın Kitabını okuyup, aralarında onu çalışmak için bir mescitte oturmadıkça, üzerlerine huzur iner, merhametle kuşatılır ve melekler onları sarar. Ve amellerinde yavaş olan kimse, soyu onu hızlandıramaz.\""
      }
    },
    {
      "id": 20,
      "idInBook": 20,
      "chapterId": 46,
      "bookId": 5,
      "arabic": "حَدَّثَنَا عُبَيْدُ بْنُ أَسْبَاطِ بْنِ مُحَمَّدٍ الْقُرَشِيُّ، قَالَ حَدَّثَنَا أَبِي، عَنْ مُطَرِّفٍ، عَنْ أَبِي إِسْحَاقَ، عَنْ أَبِي بُرْدَةَ، عَنْ عَبْدِ اللَّهِ بْنِ عَمْرٍو، قَالَ قُلْتُ يَا رَسُولَ اللَّهِ فِي كَمْ أَقْرَأُ الْقُرْآنَ قَالَ ‏\"‏ اخْتِمْهُ فِي شَهْرٍ ‏\"‏ ‏.‏ قُلْتُ إِنِّي أُطِيقُ أَفْضَلَ مِنْ ذَلِكَ ‏.‏ قَالَ ‏\"‏ اخْتِمْهُ فِي عِشْرِينَ ‏\"‏ ‏.‏ قُلْتُ إِنِّي أُطِيقُ أَفْضَلَ مِنْ ذَلِكَ ‏.‏ قَالَ ‏\"‏ اخْتِمْهُ فِي خَمْسَةَ عَشَرَ ‏\"‏ ‏.‏ قُلْتُ إِنِّي أُطِيقُ أَفْضَلَ مِنْ ذَلِكَ ‏.‏ قَالَ ‏\"‏ اخْتِمْهُ فِي عَشْرٍ ‏\"‏ ‏.‏ قُلْتُ إِنِّي أُطِيقُ أَفْضَلَ مِنْ ذَلِكَ ‏.‏ قَالَ ‏\"‏ اخْتِمْهُ فِي خَمْسٍ ‏\"‏ ‏.‏ قُلْتُ إِنِّي أُطِيقُ أَفْضَلَ مِنْ ذَلِكَ ‏.‏ قَالَ فَمَا رَخَّصَ لِي ‏.‏ قَالَ أَبُو عِيسَى هَذَا حَدِيثٌ حَسَنٌ صَحِيحٌ غَرِيبٌ يُسْتَغْرَبُ مِنْ حَدِيثِ أَبِي بُرْدَةَ عَنْ عَبْدِ اللَّهِ بْنِ عَمْرٍو ‏.‏ وَقَدْ رُوِيَ هَذَا الْحَدِيثُ مِنْ غَيْرِ وَجْهٍ عَنْ عَبْدِ اللَّهِ بْنِ عَمْرٍو وَرُوِيَ عَنْ عَبْدِ اللَّهِ بْنِ عَمْرٍو عَنِ النَّبِيِّ صلى الله عليه وسلم قَالَ ‏\"‏ لَمْ يَفْقَهْ مَنْ قَرَأَ الْقُرْآنَ فِي أَقَلَّ مِنْ ثَلاَثٍ ‏\"‏ ‏.‏ وَرُوِيَ عَنْ عَبْدِ اللَّهِ بْنِ عَمْرٍو أَنَّ النَّبِيَّ صلى الله عليه وسلم قَالَ لَهُ ‏\"‏ اقْرَإِ الْقُرْآنَ فِي أَرْبَعِينَ ‏\"‏ ‏.‏ قَالَ إِسْحَاقُ بْنُ إِبْرَاهِيمَ وَلاَ نُحِبُّ لِلرَّجُلِ أَنْ يَأْتِيَ عَلَيْهِ أَكْثَرُ مِنْ أَرْبَعِينَ يَوْمًا وَلَمْ يَقْرَإِ الْقُرْآنَ لِهَذَا الْحَدِيثِ ‏.‏ وَقَالَ بَعْضُ أَهْلِ الْعِلْمِ لاَ يُقْرَأُ الْقُرْآنُ فِي أَقَلَّ مِنْ ثَلاَثٍ لِلْحَدِيثِ الَّذِي رُوِيَ عَنِ النَّبِيِّ صلى الله عليه وسلم وَرَخَّصَ فِيهِ بَعْضُ أَهْلِ الْعِلْمِ وَرُوِيَ عَنْ عُثْمَانَ بْنِ عَفَّانَ أَنَّهُ كَانَ يَقْرَأُ الْقُرْآنَ فِي رَكْعَةٍ يُوتِرُ بِهَا وَرُوِيَ عَنْ سَعِيدِ بْنِ جُبَيْرٍ أَنَّهُ قَرَأَ الْقُرْآنَ فِي رَكْعَةٍ فِي الْكَعْبَةِ وَالتَّرْتِيلُ فِي الْقِرَاءَةِ أَحَبُّ إِلَى أَهْلِ الْعِلْمِ ‏.‏",
      "english": {
        "narrator": "Narrated 'Abdullah bin 'Amr :",
        "text": "\"I said: 'O Messenger of Allah! In how much time may I recite the Qur'an?' He said: 'Complete it in one month.' I said: 'I am able to do more than that.' He said: 'Then complete it in twenty (days).' I said: 'I am able to do more than that.' He said: 'Then finish it in fifteen (days).' I said: 'I am able to do more than that.' He said: 'Finish it in ten (days).' I said: 'I am able to do more than that.' He said: 'Finish it in five (days).' I said: 'I am able to do more than that.'\" He ('Abdullah bin 'Amr) said: \"But he did not permit me.\""
      },
      "turkish": {
        "narrator": "Narrated 'Abdullah bin 'Amr :",
        "text": "'Abdullah bin 'Amr'dan rivayet edilmiştir: \"Ben dedim ki: 'Ey Allah Resulü! Kur'an'ı ne kadar zamanda okuyabilirim?' O da: 'Bir ayda tamamla' dedi. Ben: 'Bundan daha fazlasını yapabilirim' dedim. O: 'O zaman yirmi günde tamamla' dedi. Ben: 'Bundan daha fazlasını yapabilirim' dedim. O: 'O zaman on beş günde bitir' dedi. Ben: 'Bundan daha fazlasını yapabilirim' dedim. O: 'On günde bitir' dedi. Ben: 'Bundan daha fazlasını yapabilirim' dedim. O: 'Beş günde bitir' dedi. Ben: 'Bundan daha fazlasını yapabilirim.'\" O ('Abdullah bin 'Amr) dedi ki: \"Ama bana izin vermedi.\""
      }
    },
    {
      "id": 21,
      "idInBook": 21,
      "chapterId": 46,
      "bookId": 5,
      "arabic": "حَدَّثَنَا أَبُو بَكْرِ بْنُ أَبِي النَّضْرِ الْبَغْدَادِيُّ، قَالَ حَدَّثَنَا عَلِيُّ بْنُ الْحَسَنِ، هُوَ ابْنُ شَقِيقٍ عَنْ عَبْدِ اللَّهِ بْنِ الْمُبَارَكِ، عَنْ مَعْمَرٍ، عَنْ سِمَاكِ بْنِ الْفَضْلِ، عَنْ وَهْبِ بْنِ مُنَبِّهٍ، عَنْ عَبْدِ اللَّهِ بْنِ عَمْرٍو، أَنَّ النَّبِيَّ صلى الله عليه وسلم قَالَ لَهُ ‏\n\"‏ اقْرَإِ الْقُرْآنَ فِي أَرْبَعِينَ ‏\"‏ ‏.‏ قَالَ أَبُو عِيسَى هَذَا حَدِيثٌ حَسَنٌ غَرِيبٌ ‏.‏ وَ قَدْ رَوَى بَعْضُهُمْ عَنْ مَعْمَرٍ عَنْ سِمَاكِ بْنِ الْفَضْلِ عَنْ وَهْبِ بْنِ مُنَبِّهٍ أَنَّ النَّبِيَّ صلى الله عليه وسلم أَمَرَ عَبْدَ اللَّهِ بْنَ عَمْرٍو أَنْ يَقْرَأَ الْقُرْآنَ فِي أَرْبَعِينَ ‏.‏",
      "english": {
        "narrator": "Narrated 'Abdullah bin 'Amr:",
        "text": "that the Prophet (ﷺ) said: \"Recite the Qur'an in forty (days).\""
      },
      "turkish": {
        "narrator": "Narrated 'Abdullah bin 'Amr:",
        "text": "'Abdullah bin 'Amr'dan rivayet edilmiştir: Peygamber (ﷺ) şöyle buyurmuştur: \"Kur'an'ı kırk günde oku.\""
      }
    },
    {
      "id": 22,
      "idInBook": 22,
      "chapterId": 46,
      "bookId": 5,
      "arabic": "حَدَّثَنَا نَصْرُ بْنُ عَلِيٍّ الْجَهْضَمِيُّ، قَالَ حَدَّثَنَا الْهَيْثَمُ بْنُ الرَّبِيعِ، قَالَ حَدَّثَنَا صَالِحٌ الْمُرِّيُّ، عَنْ قَتَادَةَ، عَنْ زُرَارَةَ بْنِ أَوْفَى، عَنِ ابْنِ عَبَّاسٍ، قَالَ قَالَ رَجُلٌ يَا رَسُولَ اللَّهِ أَىُّ الْعَمَلِ أَحَبُّ إِلَى اللَّهِ قَالَ ‏\"‏ الْحَالُّ الْمُرْتَحِلُ ‏\"‏ ‏.‏ قَالَ وَمَا الْحَالُّ الْمُرْتَحِلُ قَالَ ‏\"‏ الَّذِي يَضْرِبُ مِنْ أَوَّلِ الْقُرْآنِ إِلَى آخِرِهِ كُلَّمَا حَلَّ ارْتَحَلَ ‏\"‏ ‏.‏ قَالَ أَبُو عِيسَى هَذَا حَدِيثٌ غَرِيبٌ لاَ نَعْرِفُهُ مِنْ حَدِيثِ ابْنِ عَبَّاسٍ إِلاَّ مِنْ هَذَا الْوَجْهِ وَإِسْنَادُهُ لَيْسَ بِالْقَوِيِّ ‏.‏ \n\n حَدَّثَنَا مُحَمَّدُ بْنُ بَشَّارٍ، قَالَ حَدَّثَنَا مُسْلِمُ بْنُ إِبْرَاهِيمَ، قَالَ حَدَّثَنَا صَالِحٌ الْمُرِّيُّ، عَنْ قَتَادَةَ، عَنْ زُرَارَةَ بْنِ أَوْفَى، عَنِ النَّبِيِّ صلى الله عليه وسلم نَحْوَهُ بِمَعْنَاهُ وَلَمْ يَذْكُرْ فِيهِ عَنِ ابْنِ عَبَّاسٍ ‏.‏ قَالَ أَبُو عِيسَى وَهَذَا عِنْدِي أَصَحُّ مِنْ حَدِيثِ نَصْرِ بْنِ عَلِيٍّ عَنِ الْهَيْثَمِ بْنِ الرَّبِيعِ ‏.‏",
      "english": {
        "narrator": "Narrated Ibn 'Abbas:",
        "text": "\"A man said 'O Messenger of Allah! Which deed is most virtuous to Allah?' He said: 'Al-Hallul-Murtahil'' He said: 'What is Al-Hallul-Murtahil?' He said: 'The one who recites from the beginning of the Qur'an to the end of it, every time he sets out (on a trip).'\""
      },
      "turkish": {
        "narrator": "Narrated Ibn 'Abbas:",
        "text": "İbn 'Abbas'tan rivayet edilmiştir: \"Bir adam dedi ki: 'Ey Allah Resulü! Allah katında hangi amel en faziletlidir?' O da: 'Al-Hallul-Murtahil'dir.' Adam: 'Al-Hallul-Murtahil nedir?' dedi. O da: 'Kur'an'ı başından sonuna kadar okuyan, her seferinde yola çıktığında (bu şekilde okuyan)dır.'\""
      }
    },
    {
      "id": 23,
      "idInBook": 23,
      "chapterId": 46,
      "bookId": 5,
      "arabic": "حَدَّثَنَا مَحْمُودُ بْنُ غَيْلاَنَ، قَالَ حَدَّثَنَا النَّضْرُ بْنُ شُمَيْلٍ، قَالَ حَدَّثَنَا شُعْبَةُ، عَنْ قَتَادَةَ، عَنْ يَزِيدَ بْنِ عَبْدِ اللَّهِ بْنِ الشِّخِّيرِ، عَنْ عَبْدِ اللَّهِ بْنِ عَمْرٍو، أَنَّ النَّبِيَّ صلى الله عليه وسلم قَالَ ‏\n\"‏ لَمْ يَفْقَهْ مَنْ قَرَأَ الْقُرْآنَ فِي أَقَلَّ مِنْ ثَلاَثٍ ‏\"‏ ‏.‏ قَالَ أَبُو عِيسَى هَذَا حَدِيثٌ حَسَنٌ صَحِيحٌ ‏.‏ \n\n حَدَّثَنَا مُحَمَّدُ بْنُ بَشَّارٍ، قَالَ حَدَّثَنَا مُحَمَّدُ بْنُ جَعْفَرٍ، قَالَ حَدَّثَنَا شُعْبَةُ، بِهَذَا الإِسْنَادِ نَحْوَهُ ‏.‏",
      "english": {
        "narrator": "Narrated 'Abdullah bin 'Amr:",
        "text": "that the Prophet (ﷺ) said: \"He who recites the Qur'an in less than three (days), he does not understand it.\""
      },
      "turkish": {
        "narrator": "Narrated 'Abdullah bin 'Amr:",
        "text": "'Abdullah bin 'Amr'dan rivayet edilmiştir: Peygamber (ﷺ) şöyle buyurmuştur: \"Üç günden daha az bir sürede Kur'an okuyan kimse, onu anlamaz.\""
      }
    }
  ],
  "chapter": {
    "id": 46,
    "bookId": 5,
    "arabic": "كتاب القراءات عن رسول الله صلى الله عليه وسلم",
    "english": "Chapters on Recitation"
  }
}