{"metadata":{"length":75,"arabic":{"title":"مشكاة المصابيح","author":"الإمام الكاتب التبريزي","introduction":"كتاب العلم"},"english":{"title":"Mishkat al-Masabih","author":"Al-Khatib Al-Tabrizi","introduction":"Knowledge"}},"hadiths":[{"id":1,"idInBook":1,"chapterId":2,"bookId":14,"arabic":"عَنْ عَبْدِ اللَّهِ بْنِ عَمْرٍو قَالَ: قَالَ رَسُولُ اللَّهِ صَلَّى اللَّهُ عَلَيْهِ وَسَلَّمَ: «بَلِّغُوا عَنِّي وَلَوْ آيَةً وَحَدِّثُوا عَنْ بَنِي إِسْرَائِيلَ وَلَا حَرَجَ وَمَنْ كَذَبَ عَلَيَّ مُتَعَمِّدًا فَلْيَتَبَوَّأْ مَقْعَدَهُ مِنَ النَّارِ» . رَوَاهُ البُخَارِيّ","english":{"narrator":"","text":"‘Abdallah b. ‘Amr reported God’s messenger as saying, “Pass on information from me, even if it is only a verse of the Qur’an; and relate traditions from the Bani Isra'il, for there is no restriction; but let him who deliberately lies against me come to his abode in hell.” \nBukhari transmitted it."}},{"id":2,"idInBook":2,"chapterId":2,"bookId":14,"arabic":"وَعَن سَمُرَة بن جُنْدُب وَالْمُغِيرَةِ بْنِ شُعْبَةَ قَالَا: قَالَ رَسُولُ اللَّهِ صَلَّى اللَّهُ عَلَيْهِ وَسَلَّمَ: «مَنْ حَدَّثَ عَنِّي بِحَدِيثٍ يَرَى أَنَّهُ كَذِبٌ فَهُوَ أَحَدُ الْكَاذِبِينَ» . رَوَاهُ مُسلم","english":{"narrator":"","text":"Samura b. Jundub and al-Mughira b. Shu'ba reported God’s messenger as saying, “If anyone relates a tradition from me thinking that \nit is false, he is one of the liars.” Muslim transmitted it."}},{"id":3,"idInBook":3,"chapterId":2,"bookId":14,"arabic":"وَعَنْ مُعَاوِيَةَ قَالَ: قَالَ رَسُولُ اللَّهِ صَلَّى اللَّهُ عَلَيْهِ وَسَلَّمَ: «مَنْ يُرِدِ اللَّهُ بِهِ خَيْرًا يُفَقِّهْهُ فِي الدِّينِ وَإِنَّمَا أَنَا قَاسِمٌ وَاللَّهِ يُعْطِي»","english":{"narrator":"","text":"Mu'awiya reported God’s messenger as saying, “When God wishes \ngood for anyone He instructs him in the religion. I am only a distributor; God gives.” (Bukhari and Muslim.)"}},{"id":4,"idInBook":4,"chapterId":2,"bookId":14,"arabic":"وَعَنْ أَبِي هُرَيْرَةَ رَضِيَ اللَّهُ عَنْهُ قَالَ: قَالَ رَسُولُ اللَّهِ صَلَّى اللَّهُ عَلَيْهِ وَسَلَّمَ: «النَّاسُ مَعَادِنُ كَمَعَادِنِ الذَّهَبِ وَالْفِضَّةِ خِيَارُهُمْ فِي الْجَاهِلِيَّةِ خِيَارُهُمْ فِي الْإِسْلَامِ إِذَا فَقِهُوا» . رَوَاهُ مُسلم","english":{"narrator":"","text":"Abu Huraira reported God's messenger as saying, “Men are of\ndifferent origins just as gold and silver are; the best among them in\nthe pre-Islamic period are the best among them in Islam when they are \nversed in the religion.” Muslim transmitted it."}},{"id":5,"idInBook":5,"chapterId":2,"bookId":14,"arabic":"وَعَنِ ابْنِ مَسْعُودٍ قَالَ: قَالَ رَسُولُ اللَّهِ صَلَّى اللَّهُ عَلَيْهِ وَسَلَّمَ: \" لَا حَسَدَ إِلَّا فِي اثْنَتَيْنِ رَجُلٍ آتَاهُ اللَّهُ مَالًا فَسَلَّطَهُ عَلَى هَلَكَتِهِ فِي الْحَقِّ وَرَجُلٍ آتَاهُ اللَّهُ الْحِكْمَة فَهُوَ يقْضِي بهَا وَيعلمهَا)","english":{"narrator":"Ibn Mas'ud reported God’s messenger as saying, “Two people only\nmay be envied:","text":"a man to whom God has given property, empowering \nhim to dispose of it on what is right; and a man to whom God has given\nwisdom who acts according to it and teaches it.” (Bukhari and Muslim)."}},{"id":6,"idInBook":6,"chapterId":2,"bookId":14,"arabic":"وَعَنْ أَبِي هُرَيْرَةَ رَضِيَ اللَّهُ عَنْهُ قَالَ: قَالَ رَسُولُ اللَّهِ صَلَّى اللَّهُ عَلَيْهِ وَسَلَّمَ: \" إِذَا مَاتَ الْإِنْسَانُ انْقَطَعَ عَمَلُهُ إِلَّا مِنْ ثَلَاثَةِ أَشْيَاءَ: صَدَقَةٍ جَارِيَةٍ أوعلم ينْتَفع بِهِ أوولد صَالح يَدْعُو لَهُ)\nرَوَاهُ مُسلم","english":{"narrator":"Abu Huraira reported God’s messenger as saying, “When a man \ndies no further reward is recorded for his actions, with three exceptions:","text":"sadaqa which continues to be supplied, or knowledge from which benefit\ncontinues to be reaped, or the prayers of a good son for his dead father.”\nMuslim transmitted it."}},{"id":7,"idInBook":7,"chapterId":2,"bookId":14,"arabic":"وَعَنْهُ قَالَ: قَالَ رَسُولُ اللَّهِ صَلَّى اللَّهُ عَلَيْهِ وَسَلَّمَ: «مَنْ نَفَّسَ عَنْ مُؤْمِنٍ كُرْبَةً مِنْ كُرَبِ الدُّنْيَا نَفَّسَ اللَّهُ عَنْهُ كُرْبَةً مِنْ كُرَبِ يَوْمِ الْقِيَامَةِ وَمِنْ يَسَّرَ عَلَى مُعْسِرٍ يَسَّرَ اللَّهُ عَلَيْهِ فِي الدُّنْيَا وَالْآخِرَةِ. وَمَنْ سَتَرَ مُسْلِمًا سَتَرَهُ اللَّهُ فِي الدُّنْيَا وَالْآخِرَةِ وَاللَّهُ فِي عَوْنِ الْعَبْدِ مَا كَانَ الْعَبْدُ فِي عَوْنِ أَخِيهِ وَمَنْ سَلَكَ طَرِيقًا يَلْتَمِسُ فِيهِ عِلْمًا سَهَّلَ اللَّهُ لَهُ بِهِ طَرِيقًا إِلَى الْجَنَّةِ وَمَا اجْتَمَعَ قَوْمٌ فِي بَيْتٍ مِنْ بُيُوتِ اللَّهِ يَتْلُونَ كِتَابَ اللَّهِ وَيَتَدَارَسُونَهُ بَيْنَهُمْ إِلَّا نَزَلَتْ عَلَيْهِمُ السَّكِينَةُ وَغَشِيَتْهُمُ الرَّحْمَةُ وَحَفَّتْهُمُ الْمَلَائِكَةُ وَذَكَرَهُمُ اللَّهُ فِيمَنْ عِنْدَهُ وَمَنْ بَطَّأَ بِهِ عَمَلُهُ لَمْ يُسْرِعْ بِهِ نسبه» . رَوَاهُ مُسلم","english":{"narrator":"","text":"He also reported God’s messenger as saying, “ If anyone removes \none of the anxieties of this world from a believer, God will remove one \nof the anxieties of the day of resurrection from him; if one smooths\nthe way for one who is destitute, God will smooth the way for him in\nthis world and the next; and if anyone conceals the faults of a Muslim,\nGod will conceal his faults, in this world and the next. God helps a\nman as long as he helps his brother. If anyone pursues a path in\nsearch of knowledge, God will thereby make easy for him a path to paradise. No company will gather in a mosque to recite God’s Book and\nstudy it together without calmness descending on them, mercy covering\nthem, the angels surrounding them, and God mentioning them among\nthose who are with Him. But he who is made slow by his actions will\nnot be speeded by his genealogy.” Muslim transmitted it."}},{"id":8,"idInBook":8,"chapterId":2,"bookId":14,"arabic":"وَعَنْهُ قَالَ: قَالَ رَسُولُ اللَّهِ صَلَّى اللَّهُ عَلَيْهِ وَسلم: «إِن أول النَّاس يقْضى عَلَيْهِ يَوْمَ الْقِيَامَةِ رَجُلٌ اسْتُشْهِدَ فَأُتِيَ بِهِ فَعَرَّفَهُ نِعَمَهُ فَعَرَفَهَا قَالَ فَمَا عَمِلْتَ فِيهَا؟ قَالَ قَاتَلْتُ فِيكَ حَتَّى اسْتُشْهِدْتُ قَالَ كَذَبْتَ وَلَكِنَّكَ قَاتَلْتَ لِأَنْ يُقَالَ جَرِيءٌ فَقَدْ قِيلَ ثُمَّ أَمر بِهِ فسحب على وَجهه حَتَّى ألقِي فِي النَّارِ وَرَجُلٌ تَعَلَّمَ الْعِلْمَ وَعَلَّمَهُ وَقَرَأَ الْقُرْآنَ فَأُتِيَ بِهِ فَعَرَّفَهُ نِعَمَهُ فَعَرَفَهَا قَالَ فَمَا عَمِلْتَ فِيهَا قَالَ تَعَلَّمْتُ الْعِلْمَ وَعَلَّمْتُهُ وَقَرَأْتُ فِيكَ الْقُرْآنَ قَالَ كَذَبْتَ وَلَكِنَّكَ تَعَلَّمْتَ الْعلم ليقال عَالِمٌ وَقَرَأْتَ الْقُرْآنَ لِيُقَالَ هُوَ قَارِئٌ فَقَدْ قِيلَ ثُمَّ أُمِرَ بِهِ فَسُحِبَ عَلَى وَجْهِهِ حَتَّى أُلْقِيَ فِي النَّارِ وَرَجُلٌ وَسَّعَ اللَّهُ عَلَيْهِ وَأَعْطَاهُ مِنْ أَصْنَافِ الْمَالِ كُلِّهِ فَأُتِيَ بِهِ فَعَرَّفَهُ نِعَمَهُ فَعَرَفَهَا قَالَ فَمَا عَمِلْتَ فِيهَا؟ قَالَ مَا تَرَكْتُ مِنْ سَبِيلٍ تُحِبُّ أَنْ يُنْفَقَ فِيهَا إِلَّا أَنْفَقْتُ فِيهَا لَكَ قَالَ كَذَبْتَ وَلَكِنَّكَ فَعَلْتَ لِيُقَالَ هُوَ جَوَادٌ فَقَدْ قِيلَ ثُمَّ أُمِرَ بِهِ فَسُحِبَ عَلَى وَجْهِهِ ثُمَّ أُلْقِيَ فِي النَّارِ» . رَوَاهُ مُسْلِمٌ","english":{"narrator":"","text":"He also reported God’s messenger as saying, “The first person to\nbe judged on the day of resurrection will be a man who died as a martyr.\nHe will be brought forward, and after God has reminded him of the\nfavour He showed him and the man acknowledges it, He will ask,\n‘What did you do to show gratitude for it?’ The man will reply, ‘I\nfought for Thy cause till I was martyred.’ God will say, ‘You lie. You\nfought that people might call you courageous, and they have done so.’\nCommand will then be issued about him, and he will be dragged on his\nface and thrown into hell. Next a man who has acquired and taught\nknowledge and read the Qur’an will be brought forward, and after God\nhas reminded him of the favour He showed him and the man acknowledges\nit, He will ask, ‘What did you do to show gratitude for it?’ The man\nwill reply, ‘I acquired and taught knowledge and read the Qur’an for\nThy sake.’ God will say, 'You lie. You acquired knowledge that people\nmight call you learned, and you read the Qur’an that they might call\nyou a reader, and they have done so.’ Command will then be issued\nabout him, and he will be dragged on his face and thrown into hell.\nNext a man whom God has made affluent and whom He has given all kinds\nof property will be brought forward, and after God has reminded him\nof the favour He showed him and the man acknowledges it, He will ask,\n‘What did you do to show gratitude for it?’ The man will reply, ‘I\nhave not neglected to give liberally for Thy sake to all the causes\napproved by Thee for this purpose.’ God will say, ‘You lie. You did\nit that people might call you generous, and they have done so.’ Command will then be issued about him, and he will be dragged on his face\nand thrown into hell.” Muslim transmitted it."}},{"id":9,"idInBook":9,"chapterId":2,"bookId":14,"arabic":"وَعَنْ عَبْدِ اللَّهِ بْنِ عَمْرٍو قَالَ: قَالَ رَسُولُ اللَّهِ صَلَّى اللَّهُ عَلَيْهِ وَسَلَّمَ: «إِنَّ اللَّهَ لَا يَقْبِضُ الْعِلْمَ انْتِزَاعًا يَنْتَزِعُهُ مِنَ الْعِبَادِ وَلَكِنْ يَقْبِضُ الْعِلْمَ بِقَبْضِ الْعُلَمَاءِ حَتَّى إِذَا لَمْ يُبْقِ عَالِمًا اتَّخَذَ النَّاسُ رُءُوسًا جُهَّالًا فَسُئِلُوا فَأَفْتَوْا بِغَيْرِ عِلْمٍ فضلوا وأضلوا»","english":{"narrator":"","text":"‘Abdallah b. ‘Amr reported God’s messenger as saying, “God does\nnot take away knowledge by removing it from men, but takes it away\nby taking away the learned, so that when He leaves no learned man, men\nwill take ignorant men as leaders. Causes will be presented to them\nand they will pass judgement without knowledge, erring and leading\nothers into error.” (Bukhari and Muslim.)"}},{"id":10,"idInBook":10,"chapterId":2,"bookId":14,"arabic":"وَعَن شَقِيق: كَانَ عبد الله يُذَكِّرُ النَّاسَ فِي كُلِّ خَمِيسٍ فَقَالَ لَهُ رَجُلٌ يَا أَبَا عَبْدِ الرَّحْمَنِ لَوَدِدْتُ أَنَّكَ ذكرتنا كُلِّ يَوْمٍ قَالَ أَمَا إِنَّهُ يَمْنَعُنِي مِنْ ذَلِكَ أَنِّي أَكْرَهُ أَنْ أُمِلَّكُمْ وَإِنِّي أَتَخَوَّلُكُمْ بِالْمَوْعِظَةِ كَمَا كَانَ رَسُولُ اللَّهِ صَلَّى اللَّهُ عَلَيْهِ وَسَلَّمَ يَتَخَوَّلُنَا بِهَا مَخَافَةَ السَّآمَةِ عَلَيْنَا","english":{"narrator":"","text":"Shaqiq said that ‘Abdallah b. Mas'ud used to exhort the people\nevery Thursday. A man said, “ I wish, Abu ‘Abd ar-Rahman , that you\nwould give us a daily exhortation.” He replied, “My dislike of wearying you prevents me from that, so I am considerate in my exhortations\nto you as God’s messenger was to us for fear of causing us aversion.”\n(Bukhari and Muslim.)"}},{"id":11,"idInBook":11,"chapterId":2,"bookId":14,"arabic":"وَعَنْ أَنَسٍ قَالَ: كَانَ النَّبِيُّ صَلَّى اللَّهُ عَلَيْهِ وَسَلَّمَ إِذَا تَكَلَّمَ بِكَلِمَةٍ أَعَادَهَا ثَلَاثًا حَتَّى تُفْهَمَ عَنْهُ وَإِذَا أَتَى عَلَى قَوْمٍ فَسَلَّمَ عَلَيْهِمْ سَلَّمَ عَلَيْهِمْ ثَلَاثًا \". رَوَاهُ الْبُخَارِيُّ","english":{"narrator":"","text":"Anas said that when the Prophet made a statement he repeated it\nthree times so that it would be understood, and that when he met a company and gave them a salutation he did it three times. Bukhari\ntransmitted it."}},{"id":12,"idInBook":12,"chapterId":2,"bookId":14,"arabic":"عَن أبي مَسْعُود الْأَنْصَارِيِّ قَالَ جَاءَ رَجُلٌ إِلَى النَّبِيِّ صَلَّى اللَّهُ عَلَيْهِ وَسَلَّمَ فَقَالَ إِنِّي أُبْدِعَ بِي فَاحْمِلْنِي فَقَالَ مَا عِنْدِي فَقَالَ رَجُلٌ يَا رَسُولَ اللَّهِ أَنَا أَدُلُّهُ عَلَى مَنْ يَحْمِلُهُ فَقَالَ رَسُولُ اللَّهِ صَلَّى اللَّهُ عَلَيْهِ وَسَلَّمَ: «مَنْ دَلَّ عَلَى خَيْرٍ فَلَهُ مثل أجر فَاعله» . رَوَاهُ مُسلم","english":{"narrator":"","text":"Abu Mas'ud al-Ansari told of a man who came to the Prophet and\nsaid, “My camel has become jaded, so give me a mount.” On his replying that he had none, a man said, “Messenger of God, I can guide him\nto one who will give him a mount.” God’s messenger then said, “He\nwho guides to what is good will have a reward equivalent to that of him\nwho does it.” Muslim transmitted it."}},{"id":13,"idInBook":13,"chapterId":2,"bookId":14,"arabic":"وَعَن جرير قَالَ: (كُنَّا فِي صدر النهارعند رَسُولِ اللَّهِ صَلَّى اللَّهُ عَلَيْهِ وَسَلَّمَ فَجَاءَهُ قَوْمٌ عُرَاةٌ مُجْتَابِي النِّمَارِ أَوِ الْعَبَاءِ مُتَقَلِّدِي السُّيُوفِ عَامَّتُهُمْ مِنْ مُضَرَ بَلْ كُلُّهُمْ مِنْ مُضَرَ فَتَمَعَّرَ وَجْهُ رَسُولِ اللَّهِ صَلَّى اللَّهُ عَلَيْهِ وَسَلَّمَ لِمَا رَأَى بِهِمْ مِنَ الْفَاقَةِ فَدَخَلَ ثُمَّ خَرَجَ فَأَمَرَ بِلَالًا فَأَذَّنَ وَأَقَامَ فَصَلَّى ثُمَّ خَطَبَ فَقَالَ: (يَا أَيُّهَا النَّاسُ اتَّقُوا رَبَّكُمُ الَّذِي خَلَقَكُمْ مِنْ نَفْسٍ وَاحِدَةٍ)\nإِلَى آخَرِ الْآيَةِ (إِنَّ اللَّهَ كَانَ عَلَيْكُمْ رقيبا)\nوَالْآيَةُ الَّتِي فِي الْحَشْرِ (اتَّقُوا اللَّهَ وَلْتَنْظُرْ نَفْسٌ مَا قَدَّمَتْ لِغَدٍ)\nتَصَدَّقَ رَجُلٌ مِنْ دِينَارِهِ مِنْ دِرْهَمِهِ مِنْ ثَوْبِهِ مِنْ صَاعِ بُرِّهِ مِنْ صَاعِ تَمْرِهِ حَتَّى قَالَ وَلَوْ بِشِقِّ تَمْرَةٍ قَالَ فَجَاءَ رَجُلٌ مِنَ الْأَنْصَارِ بِصُرَّةٍ كَادَتْ كَفُّهُ تَعْجَزُ عَنْهَا بل قد عجزت قَالَ ثُمَّ تَتَابَعَ النَّاسُ حَتَّى رَأَيْتُ كَوْمَيْنِ مِنْ طَعَامٍ وَثِيَابٍ حَتَّى رَأَيْتُ وَجْهُ رَسُولِ اللَّهِ صَلَّى اللَّهُ عَلَيْهِ وَسَلَّمَ يَتَهَلَّلُ كَأَنَّهُ مُذْهَبَةٌ فَقَالَ رَسُولُ اللَّهِ صَلَّى اللَّهُ عَلَيْهِ وَسَلَّمَ: «مَنْ سَنَّ فِي الْإِسْلَامِ سُنَّةً حَسَنَةً فَلَهُ أَجْرُهَا وَأَجْرُ مَنْ عَمِلَ بِهَا مِنْ بَعْدِهِ مِنْ غَيْرِ أَنْ يَنْقُصَ مِنْ أُجُورِهِمْ شَيْءٌ وَمَنْ سَنَّ فِي الْإِسْلَامِ سُنَّةً سَيِّئَةً كَانَ عَلَيْهِ وِزْرُهَا وَوِزْرُ مَنْ عَمِلَ بِهَا مِنْ بَعْدِهِ مِنْ غَيْرِ أَنْ يَنْقُصَ مِنْ أَوْزَارِهِمْ شَيْء» . رَوَاهُ مُسلم","english":{"narrator":"Jarir said that:","text":"One early morning when they were with God’s messenger some people came to him who were scantily clad, wearing striped\nwoollen garments,* with swords over their shoulders; most, nay all of\nthem, belonging to Mudar. God’s messenger showed signs of anger on\nhis face because of the poverty-stricken state in which he saw them,\nand went in. After a little he came out and gave orders to Bilal who\nuttered the call to prayer and announced that the time to begin prayer\nhad come. When the Prophet had prayed, he delivered an address in \nwhich he said, “ ‘Fear your Lord, people, who created you from one\nsoul . . . God watches over you.’ ‘Fear God, and let a soul look to\nwhat it has sent forward for the morrow.  Let a man give sadaqa\nfrom his dinars and dirhams, his clothing, his sa‘ of wheat and sa‘ of\ndates, even if it is only half a date.” Jarir said: One of the Ansar\nbrought a purse which was almost too big for his hand to hold, indeed\nit was too big. Then people came one after the other till I saw two\nmounds of food and clothing, with the result that I saw the face of God’s\nmessenger glowing as if it were golden. He then said, “If anyone establishes a good sunna in Islam he will have a reward for it and the\nequivalent of the rewards of those who act upon it after him, without\ntheirs being diminished in any respect; but he who establishes a bad\nsunna in Islam will bear the responsibility of it and the responsibility\nof those who act upon it after him, without theirs being diminished in\nany respect.” Muslim transmitted it. \n*[The text has an-nimar au al-'aba, thus giving an alternative word. This is not indicated in\nthe translation above.]"}},{"id":14,"idInBook":14,"chapterId":2,"bookId":14,"arabic":"وَعَنِ ابْنِ مَسْعُودٍ قَالَ: قَالَ رَسُولُ اللَّهِ صَلَّى اللَّهُ عَلَيْهِ وَسَلَّمَ: «لَا تُقْتَلُ نَفْسٌ ظُلْمًا إِلَّا كَانَ عَلَى ابْنِ آدَمَ الْأَوَّلِ كِفْلٌ مِنْ دَمِهَا لِأَنَّهُ أَوَّلُ مَنْ سَنَّ الْقَتْلَ» . وَسَنَذْكُرُ حَدِيثَ مُعَاوِيَةَ: «لَا يَزَالُ مِنْ أُمَّتِي» فِي بَابِ ثَوَابِ هَذِهِ الْأُمَّةِ إِنْ شَاءَ الله تَعَالَى","english":{"narrator":"","text":"Ibn Mas'ud reported God’s messenger as saying, “No life is taken\nunjustly without a portion of its blood being laid at the door of Adam’s\nfirst son, because he was the first to introduce murder.” (Bukhari and\nMuslim). We shall mention the tradition from Mu'awiya, “A section of\nmy people will continue .. .”* in the chapter on the reward of this\npeople, if God will.\n*Book XXV, Chap. xli. The wording is slightly different."}},{"id":15,"idInBook":15,"chapterId":2,"bookId":14,"arabic":"عَن كثير بن قيس قَالَ كُنْتُ جَالِسًا مَعَ أَبِي الدَّرْدَاءِ فِي مَسْجِد دمشق فَجَاءَهُ رَجُلٌ فَقَالَ يَا أَبَا الدَّرْدَاءِ إِنِّي جِئْتُكَ مِنْ مَدِينَةِ الرَّسُولِ صَلَّى اللَّهُ عَلَيْهِ وَسَلَّمَ مَا جِئْتُ لِحَاجَةٍ قَالَ فَإِنِّي سَمِعْتُ رَسُولَ اللَّهِ صَلَّى اللَّهُ عَلَيْهِ وَسَلَّمَ يَقُولُ مَنْ سَلَكَ طَرِيقًا يَطْلُبُ فِيهِ عِلْمًا سَلَكَ اللَّهُ بِهِ طَرِيقًا مِنْ طُرُقِ الْجَنَّةِ وَإِنَّ الْمَلَائِكَةَ لَتَضَعُ أَجْنِحَتَهَا رِضًا لِطَالِبِ الْعِلْمِ وَإِنَّ الْعَالِمَ يسْتَغْفر لَهُ من فِي السَّمَوَات وَمَنْ فِي الْأَرْضِ وَالْحِيتَانُ فِي جَوْفِ الْمَاءِ وَإِنَّ فَضْلَ الْعَالِمِ عَلَى الْعَابِدِ كَفَضْلِ الْقَمَرِ لَيْلَةَ الْبَدْرِ عَلَى سَائِرِ الْكَوَاكِبِ وَإِنَّ الْعُلَمَاءَ وَرَثَةُ الْأَنْبِيَاءِ وَإِنَّ الْأَنْبِيَاءَ لَمْ يُوَرِّثُوا دِينَارًا وَلَا دِرْهَمًا وَإِنَّمَا وَرَّثُوا الْعِلْمَ فَمَنْ أَخَذَهُ أَخَذَ بِحَظٍّ وَافِرٍ \". رَوَاهُ أَحْمَدُ وَالتِّرْمِذِيُّ وَأَبُو دَاوُدَ وَابْنُ مَاجَهْ وَالدَّارِمِيُّ وَسَمَّاهُ التِّرْمِذِيُّ قَيْسَ بن كثير","english":{"narrator":"","text":"Kathir b. Qais told how, when he was sitting with Abu Darda' in\nthe mosque of Damascus, a man came to him and said, “Abu Darda',\nI have come to you from the town of the Messenger for a tradition I have\nheard that you relate from God's messenger. I have come for no other\npurpose.” He replied that he had heard God’s messenger say, “ If anyone travels on a road in search of knowledge God will cause him to\ntravel on one of the roads of paradise, the angels will lower their wings\nfrom good pleasure with one who seeks knowledge, and the inhabitants\nof the heavens and the earth and the fish in the depth of the water will\nask forgiveness for him. The superiority of the learned man over the\ndevout man is like that of the moon on the night when it is full over the\nrest of the stars. The learned are the heirs of the prophets who leave\nneither dinar nor dirham, leaving only knowledge, and he who accepts it\naccepts an abundant portion.” Ahmad, Tirmidhi, Abu Dawud, Ibn Majah\nand Darimi transmitted it, Tirmidhi calling Him Qais b. Kathir."}},{"id":16,"idInBook":16,"chapterId":2,"bookId":14,"arabic":"وَعَن أبي أُمَامَة الْبَاهِلِيّ قَالَ: \" ذُكِرَ لِرَسُولِ اللَّهِ صَلَّى اللَّهُ عَلَيْهِ وَسَلَّمَ رَجُلَانِ أَحَدُهُمَا عَابِدٌ وَالْآخَرُ عَالِمٌ فَقَالَ رَسُولُ اللَّهِ صَلَّى اللَّهُ عَلَيْهِ وَسَلَّمَ: «فَضْلُ الْعَالِمِ عَلَى الْعَابِدِ كَفَضْلِي عَلَى أَدْنَاكُمْ» ثُمَّ قَالَ رَسُولُ اللَّهِ صَلَّى اللَّهُ عَلَيْهِ وَسَلَّمَ: «إِنَّ اللَّهَ وَمَلَائِكَتَهُ وَأَهْلَ السَّمَاوَاتِ وَالْأَرْضِ حَتَّى النَّمْلَةَ فِي جُحْرِهَا وَحَتَّى الْحُوتَ لَيُصَلُّونَ عَلَى معلم النَّاس الْخَيْر» . رَوَاهُ التِّرْمِذِيّ وَقَالَ حسن غَرِيب\nوَرَوَاهُ الدَّارِمِيُّ عَنْ مَكْحُولٍ مُرْسَلًا وَلَمْ يَذْكُرْ: رَجُلَانِ وَقَالَ: فَضْلُ الْعَالِمِ عَلَى الْعَابِدِ كَفَضْلِي عَلَى أَدْنَاكُمْ ثُمَّ تَلَا هَذِهِ الْآيَةَ: (إِنَّمَا يخْشَى الله من عباده الْعلمَاء)","english":{"narrator":"Abu Umama al-Bahili said that:","text":"Two men, one learned and the\nother devout, were mentioned to God’s messenger, who then said, “The\nsuperiority of the learned man over the devout man is like mine over\nthe most contemptible among you,” adding, “God, His angels, the inhabitants of the heavens and the earth, even the ant in its hole and even\nthe fish invoke blessings on him who teaches men what is good.”\nTirmidhi transmitted it. \n\nDarimi transmitted it from Makhul in mursal\nform, but did not mention the two men. He said, “The superiority of\nthe learned man over the devout man is like mine over the most contemptible among you.” Then he recited this verse, “Only those of His\nservants who are learned fear God,\" (35:28) 1 then went on with the tradition to\nthe end."}},{"id":17,"idInBook":17,"chapterId":2,"bookId":14,"arabic":"وَعَنْ أَبِي سَعِيدٍ الْخُدْرِيِّ قَالَ: قَالَ رَسُولُ اللَّهِ صَلَّى اللَّهُ عَلَيْهِ وَسَلَّمَ: «إِنَّ النَّاسَ لَكُمْ تَبَعٌ وَإِنَّ رِجَالًا يَأْتُونَكُمْ مِنْ أَقْطَارِ الْأَرْضِ يَتَفَقَّهُونَ فِي الدِّينِ فَإِذَا أَتَوْكُمْ فَاسْتَوْصُوا بهم خيرا» . رَوَاهُ التِّرْمِذِيّ","english":{"narrator":"","text":"Abu Sa'id al-Khudri reported God’s messenger as saying, “ People\nwill follow you, and men will come to you from all regions of the earth\nseeking understanding about the religion; so when they come to you,\ngive them good counsel.” Tirmidhi transmitted it."}},{"id":18,"idInBook":18,"chapterId":2,"bookId":14,"arabic":"وَعَنْ أَبِي هُرَيْرَةَ رَضِيَ اللَّهُ عَنْهُ قَالَ: قَالَ رَسُولُ اللَّهِ صَلَّى اللَّهُ عَلَيْهِ وَسَلَّمَ: «الْكَلِمَةُ الْحِكْمَةُ ضَالَّةُ الْحَكِيمِ فَحَيْثُ وَجَدَهَا فَهُوَ أَحَقُّ بِهَا» . رَوَاهُ التِّرْمِذِيُّ وَابْنُ مَاجَهْ وَقَالَ التِّرْمِذِيُّ هَذَا حَدِيثٌ غَرِيبٌ وَإِبْرَاهِيمُ بْنُ الْفَضْلِ الرَّاوِي يضعف فِي الحَدِيث","english":{"narrator":"","text":"Abu Huraira reported God's messenger as saying, “A word which\ncontains wisdom is the stray beast* of the wise man, so wherever he finds\nit he is most entitled to it.” Tirmidhi and Ibn Majah transmitted it,\nTirmidhi saying that this is a gharib tradition and that Ibrahim b. al-Fadl the transmitter is declared to be weak in tradition.\n*i.e. something to be sought."}},{"id":19,"idInBook":19,"chapterId":2,"bookId":14,"arabic":"وَعَنِ ابْنِ عَبَّاسٍ قَالَ: قَالَ رَسُولُ اللَّهِ صَلَّى اللَّهُ عَلَيْهِ وَسَلَّمَ: «فَقِيهٌ وَاحِدٌ أَشَدُّ عَلَى الشَّيْطَانِ مِنْ أَلْفِ عَابِدٍ» . رَوَاهُ التِّرْمِذِيُّ وَابْن مَاجَه)","english":{"narrator":"","text":"Ibn ‘Abbas reported God’s messenger as saying, “One faqih has\nmore power over the devil than a thousand devout men.” Tirmidhi and\nIbn Majah transmitted it."}},{"id":20,"idInBook":20,"chapterId":2,"bookId":14,"arabic":"وَعَنْ أَنَسِ بْنِ مَالِكٍ قَالَ قَالَ رَسُولُ اللَّهِ صَلَّى اللَّهُ عَلَيْهِ وَسَلَّمَ: «طَلَبُ الْعِلْمِ فَرِيضَةٌ عَلَى كُلِّ مُسْلِمٍ وَوَاضِعُ الْعِلْمِ عِنْدَ غير أَهله كمقلد الْخَنَازِير الْجَوْهَر واللؤلؤ وَالذَّهَبَ» . رَوَاهُ ابْنُ مَاجَهْ وَرَوَى الْبَيْهَقِيُّ فِي شُعَبِ الْإِيمَانِ إِلَى قَوْلِهِ مُسْلِمٍ. وَقَالَ: هَذَا حَدِيثٌ مَتْنُهُ مَشْهُورٌ وَإِسْنَادُهُ ضَعِيفٌ وَقَدْ رُوِيَ من أوجه كلهَا ضَعِيف","english":{"narrator":"","text":"Anas reported God’s messenger as saying, “The search for knowledge is an obligation laid on every Muslim, but he who commits it to\nthose who are unworthy of it is like one who puts necklaces of jewels,\npearls and gold on swine.” Ibn Majah transmitted it. Baihaqi transmitted it in Shu'ab al-iman up to the word “Muslim”, saying that this\nis a tradition whose text is well known but whose isnad is weak, it being\ntransmitted by many ways all of which are weak."}},{"id":21,"idInBook":21,"chapterId":2,"bookId":14,"arabic":"وَعَنْ أَبِي هُرَيْرَةَ قَالَ: قَالَ رَسُولُ اللَّهِ صَلَّى اللَّهُ عَلَيْهِ وَسَلَّمَ: \n\" خَصْلَتَانِ لَا تَجْتَمِعَانِ فِي مُنَافِقٍ: حُسْنُ سَمْتٍ وَلَا فِقْهٌ فِي الدّين \". رَوَاهُ التِّرْمِذِيّ","english":{"narrator":"Abu Huraira reported God’s messenger as saying, “Two qualities\nare not found together in a hypocrite:","text":"good behaviour and knowledge\nof religion.” Tirmidhi transmitted it."}},{"id":22,"idInBook":22,"chapterId":2,"bookId":14,"arabic":"وَعَنْ أَنَسٍ قَالَ: قَالَ رَسُولُ اللَّهِ صَلَّى اللَّهُ عَلَيْهِ وَسَلَّمَ: «مَنْ خَرَجَ فِي طَلَبِ الْعِلْمِ فَهُوَ فِي سَبِيلِ اللَّهِ حَتَّى يرجع» . رَوَاهُ التِّرْمِذِيّ والدارمي","english":{"narrator":"","text":"Anas reported God’s messenger as saying, “He who goes out in\nsearch of knowledge is in God’s path till he returns.” Tirmidhi and\nDarimi transmitted it."}},{"id":23,"idInBook":23,"chapterId":2,"bookId":14,"arabic":"وَعَن سَخْبَرَة الْأَزْدِيّ قَالَ: قَالَ رَسُولُ اللَّهِ صَلَّى اللَّهُ عَلَيْهِ وَسَلَّمَ: «مِنْ طَلَبَ الْعِلْمَ كَانَ كَفَّارَةً لِمَا مَضَى» . رَوَاهُ التِّرْمِذِيُّ وَالدَّارِمِيُّ وَقَالَ التِّرْمِذِيُّ: هَذَا حَدِيثٌ ضَعِيفُ الْإِسْنَادِ وَأَبُو دَاوُدَ الرَّاوِي يُضَعَّفُ","english":{"narrator":"","text":"Sakhbara al-Azdi reported God’s messenger as saying, “If anyone\nseeks knowledge, it will be an atonement for past sins.” Tirmidhi and\nDarimi transmitted it, Tirmidhi saying that this is a tradition whose\nisnad is weak, and that Abu Dawud the transmitter is declared to be\nweak."}},{"id":24,"idInBook":24,"chapterId":2,"bookId":14,"arabic":"وَعَنْ أَبِي سَعِيدٍ الْخُدْرِيِّ قَالَ: قَالَ رَسُولُ اللَّهِ صَلَّى اللَّهُ عَلَيْهِ وَسَلَّمَ: «لَنْ يَشْبَعَ الْمُؤْمِنُ مِنْ خَيْرٍ يَسْمَعُهُ حَتَّى يَكُونَ مُنْتَهَاهُ الْجنَّة» . رَوَاهُ التِّرْمِذِيّ","english":{"narrator":"","text":"Abu Sa'id al-Khudri reported God’s messenger as saying, “A believer will never be satisfied with the good he hears till he reaches\nparadise.” Tirmidhi transmitted it."}},{"id":25,"idInBook":25,"chapterId":2,"bookId":14,"arabic":"وَعَنْ أَبِي هُرَيْرَةَ رَضِيَ اللَّهُ عَنْهُ قَالَ: قَالَ رَسُولُ اللَّهِ صَلَّى اللَّهُ عَلَيْهِ وَسَلَّمَ: «من سُئِلَ عَنْ عِلْمٍ عَلِمَهُ ثُمَّ كَتَمَهُ أُلْجِمَ يَوْمَ الْقِيَامَةِ بِلِجَامٍ مِنْ نَارٍ» . رَوَاهُ أَحْمَدُ وَأَبُو دَاوُد وَالتِّرْمِذِيّ\nوَرَوَاهُ ابْن مَاجَه عَن أنس","english":{"narrator":"","text":"Abu Huraira reported God’s messenger as saying, “He who is\nasked about something he knows and conceals it will have a bridle of fire\nput on him on the day of resurrection.” Ahmad, Abu Dawud and\nTirmidhi transmitted it, and Ibn Majah transmitted it from Anas."}},{"id":26,"idInBook":26,"chapterId":2,"bookId":14,"arabic":"وَعَنْ كَعْبِ بْنِ مَالِكٍ قَالَ: قَالَ رَسُولُ اللَّهِ صَلَّى اللَّهُ عَلَيْهِ وَسَلَّمَ: «مَنْ طَلَبَ الْعِلْمَ لِيُجَارِيَ بِهِ الْعُلَمَاءَ أَوْ لِيُمَارِيَ بِهِ السُّفَهَاءَ أَوْ يصرف بِهِ وُجُوه النَّاس إِلَيْهِ أَدخل الله النَّار» . رَوَاهُ التِّرْمِذِيّ\nوَرَوَاهُ ابْن مَاجَه عَن ابْن عمر","english":{"narrator":"","text":"Ka'b b. Malik reported God’s messenger as saying, “If anyone\nseeks knowledge to use it in vying with the learned, or disputing with\nthe foolish, or to attract men’s attention to himself, God will bring him\ninto hell.” Tirmidhi transmitted it, and Ibn Majah transmitted it from\nIbn ‘Umar."}},{"id":27,"idInBook":27,"chapterId":2,"bookId":14,"arabic":"وَعَنْ أَبِي هُرَيْرَةَ رَضِيَ اللَّهُ عَنْهُ قَالَ: قَالَ رَسُولُ اللَّهِ صَلَّى اللَّهُ عَلَيْهِ وَسَلَّمَ: «مَنْ تَعَلَّمَ عِلْمًا مِمَّا يُبْتَغَى بِهِ وَجْهُ اللَّهِ لَا يَتَعَلَّمُهُ إِلَّا لِيُصِيبَ بِهِ عَرَضًا مِنَ الدُّنْيَا لَمْ يَجِدْ عَرْفَ الْجَنَّةِ يَوْمَ الْقِيَامَةِ» . يَعْنِي رِيحَهَا. رَوَاهُ أَحْمَدُ وَأَبُو دَاوُدَ وَابْن مَاجَه","english":{"narrator":"","text":"Abu Huraira reported God’s messenger as saying, “If anyone\nacquires knowledge of things by which God’s good pleasure is sought,\nbut acquires it only to get some worldly advantage, he will not experience the ‘arf, i.e. the odour, of paradise on the day of resurrection.”\nAhmad, Abu Dawud and Ibn Majah transmitted it."}},{"id":28,"idInBook":28,"chapterId":2,"bookId":14,"arabic":"وَعَنِ ابْنِ مَسْعُودٍ قَالَ: قَالَ رَسُولُ اللَّهِ صَلَّى اللَّهُ عَلَيْهِ وَسَلَّمَ: «نَضَّرَ اللَّهُ عَبْدًا سَمِعَ مَقَالَتِي فَحَفِظَهَا وَوَعَاهَا وَأَدَّاهَا فَرُبَّ حَامِلِ فِقْهٍ غَيْرِ فَقِيهٍ وَرُبَّ حَامِلِ فِقْهٍ إِلَى مَنْ هُوَ أَفْقَهُ مِنْهُ. ثَلَاثٌ لَا يَغِلُّ عَلَيْهِنَّ قَلْبُ مُسْلِمٍ إِخْلَاصُ الْعَمَلِ لِلَّهِ وَالنَّصِيحَةُ لِلْمُسْلِمِينَ وَلُزُومُ جَمَاعَتِهِمْ فَإِنَّ دَعْوَتَهُمْ تُحِيطُ مِنْ ورائهم» . رَوَاهُ الشَّافِعِي وَالْبَيْهَقِيّ فِي الْمدْخل\nوَرَوَاهُ أَحْمَدُ وَالتِّرْمِذِيُّ وَأَبُو دَاوُدَ وَابْنُ مَاجَهْ وَالدَّارِمِيُّ عَنْ زَيْدِ بْنِ ثَابِتٍ. إِلَّا أَنَّ التِّرْمِذِيّ وَأَبا دواد لَمْ يَذْكُرَا: «ثَلَاثٌ لَا يَغِلُّ عَلَيْهِنَّ» . إِلَى آخِره","english":{"narrator":"Ibn Mas'ud reported God’s messenger as saying, “God brighten a\nman who hears what I say, gets it by heart, retains it, and passes it on\nto others! Many a bearer of knowledge is not versed in it, and many a\nbearer of knowledge conveys it to one who is more versed than he is.\nThere are three things on account of which no rancour enters a Muslim's\nheart:","text":"sincere action for God’s sake, good counsel to Muslims, and hold-\ning fast to their community, for their invitation includes those who are\nbeyond them.” Shafi‘i transmitted it, also Baihaqi in al-Madkhal.\n\nAhmad, Tirmidhi, Abu Dawud, Ibn Majah and Darimi transmitted it from\nZaid b. Thabit, but Tirmidhi and Abu Dawud did not mention, “There\nare three things on account of which no rancour enters...\" to the end."}},{"id":29,"idInBook":29,"chapterId":2,"bookId":14,"arabic":"وَعَن ابْن مَسْعُودٍ قَالَ: سَمِعْتُ رَسُولَ اللَّهِ صَلَّى اللَّهُ عَلَيْهِ وَسَلَّمَ يَقُولُ: «نَضَّرَ اللَّهُ امْرَأً سَمِعَ مِنَّا شَيْئًا فَبَلَّغَهُ كَمَا سَمِعَهُ فَرُبَّ مُبَلَّغٍ أَوْعَى لَهُ مِنْ سَامِعٍ» . رَوَاهُ التِّرْمِذِيُّ وَابْنُ مَاجَهْ\nوَرَوَاهُ الدَّارمِيّ عَن أبي الدَّرْدَاء","english":{"narrator":"","text":"Ibn Mas'ud said that he heard God’s messenger saying, “God\nbrighten a man who hears something from us and conveys it to others\nas he heard it, for many a one to whom it is brought retains it better\nthan the one who heard it.” Tirmidhi and Ibn Majah transmitted it,\nand Darimi transmitted it from Abu Darda'."}},{"id":30,"idInBook":30,"chapterId":2,"bookId":14,"arabic":"وَعَنِ ابْنِ عَبَّاسٍ رَضِيَ اللَّهُ عَنْهُ قَالَ: قَالَ رَسُولُ اللَّهِ صَلَّى اللَّهُ عَلَيْهِ وَسَلَّمَ: «اتَّقُوا الْحَدِيثَ عَنِّي إِلَّا مَا عَلِمْتُمْ فَمَنْ كَذَبَ عَلَيَّ مُتَعَمِّدًا فَلْيَتَبَوَّأْ مَقْعَدَهُ مِنَ النَّارِ» . رَوَاهُ التِّرْمِذِيّ\nوَرَوَاهُ ابْنُ مَاجَهْ عَنِ ابْنِ مَسْعُودٍ وَجَابِرٍ وَلَمْ يَذْكُرِ: «اتَّقُوا الْحَدِيثَ عَنِّي إِلَّا مَا علمْتُم»","english":{"narrator":"","text":"Ibn ‘Abbas reported God’s messenger as saying, “Be on your guard\nabout tradition from me, except what you know; for he who lies about\nme deliberately will certainly come to his abode in hell.” Tirmidhi\ntransmitted it, and Ibn Majah transmitted it from Ibn Mas'ud and Jabir,\nbut did not mention, “ Be on your guard about tradition from me, except\nwhat you know.”"}},{"id":31,"idInBook":31,"chapterId":2,"bookId":14,"arabic":"وَعَنِ ابْنِ عَبَّاسٍ قَالَ: قَالَ رَسُولُ اللَّهِ صَلَّى اللَّهُ عَلَيْهِ وَسَلَّمَ: «مَنْ قَالَ فِي الْقُرْآنِ بِرَأْيِهِ فَلْيَتَبَوَّأْ مَقْعَدَهُ مِنَ النَّارِ» . وَفِي رِوَايَةٍ: «مَنْ قَالَ فِي الْقُرْآنِ بِغَيْرِ عِلْمٍ فَليَتَبَوَّأ مَقْعَده من النَّار» رَوَاهُ التِّرْمِذِيّ","english":{"narrator":"","text":"Ibn ‘Abbas reported God’s messenger as saying, “Let him who\ninterprets the Qur’an in the light of his opinion come to his abode\nin hell.” A version has, “Let him who interprets the Qur’an without\nknowledge come to his abode in hell.” Tirmidhi transmitted it."}},{"id":32,"idInBook":32,"chapterId":2,"bookId":14,"arabic":"وَعَنْ جُنْدُبٍ قَالَ: قَالَ رَسُولُ اللَّهِ صَلَّى اللَّهُ عَلَيْهِ وَسَلَّمَ: «مَنْ قَالَ فِي الْقُرْآنِ بِرَأْيِهِ فَأَصَابَ فقد أَخطَأ» . رَوَاهُ التِّرْمِذِيّ وَأَبُو دَاوُد","english":{"narrator":"","text":"Jundub reported God’s messenger as saying, “ If anyone interprets\nthe Qur’an in the light of his own opinion and is right, he has erred.”\nTirmidhi transmitted it."}},{"id":33,"idInBook":33,"chapterId":2,"bookId":14,"arabic":"وَعَنْ أَبِي هُرَيْرَةَ رَضِيَ اللَّهُ عَنْهُ قَالَ: قَالَ رَسُولُ اللَّهِ صَلَّى اللَّهُ عَلَيْهِ وَسَلَّمَ: «الْمِرَاءُ فِي الْقُرْآنِ كُفْرٌ» . رَوَاهُ أَحْمَدُ وَأَبُو دَاوُد","english":{"narrator":"","text":"Abu Huraira reported God’s messenger as saying, “Disputation\nabout the Qur’an is infidelity.” Ahmad and Abu Dawud transmitted it."}},{"id":34,"idInBook":34,"chapterId":2,"bookId":14,"arabic":"وَعَنْ عَمْرِو بْنِ شُعَيْبٍ عَنْ أَبِيهِ عَنْ جَدِّهِ قَالَ: سَمِعَ النَّبِيُّ صَلَّى اللَّهُ عَلَيْهِ وَسَلَّمَ قوما يتدارؤون فِي الْقُرْآنِ فَقَالَ: \n\" إِنَّمَا هَلَكَ مَنْ كَانَ قَبْلَكُمْ بِهَذَا: ضَرَبُوا كِتَابَ اللَّهِ بَعْضَهُ بِبَعْضٍ وَإِنَّمَا نَزَلَ كِتَابُ اللَّهِ يُصَدِّقُ بَعْضُهُ بَعْضًا فَلَا تُكَذِّبُوا بَعْضَهُ بِبَعْضٍ فَمَا عَلِمْتُمْ مِنْهُ فَقُولُوا وَمَا جَهِلْتُمْ فَكِلُوهُ إِلَى عَالِمِهِ \". رَوَاهُ أَحْمد وَابْن مَاجَه","english":{"narrator":"‘Amr b. Shu'aib quoted the authority of his father from his grandfather who said that the Prophet heard some people disagreeing about\nthe Qur’an and said, “It was just on this account that your predecessors\nperished:","text":"they set parts of God’s Book against others, whereas God's\nBook was sent down only to be consistent; so do not use parts to falsify\nothers. Speak about as much of it as you know, but where you are ignorant entrust it to him who knows.” Ahmad and Ibn Majah transmitted it."}},{"id":35,"idInBook":35,"chapterId":2,"bookId":14,"arabic":"وَعَنِ ابْنِ مَسْعُودٍ قَالَ: قَالَ رَسُولُ اللَّهِ صَلَّى اللَّهُ عَلَيْهِ وَسَلَّمَ: «أُنْزِلَ الْقُرْآنُ عَلَى سَبْعَةِ أَحْرُفٍ لِكُلِّ آيَةٍ مِنْهَا ظَهْرٌ وَبَطْنٌ وَلِكُلِّ حَدٍّ مَطْلَعٌ» رَوَاهُ فِي شَرْحِ السُّنَّةِ","english":{"narrator":"","text":"Ibn Mas'ud reported God's messenger as saying, “The Qur'an was\nsent down in seven modes. Every verse in it has an external and an\ninternal meaning, and every interdiction has a source of reference.”\nBaghawi transmitted it in Sharh as-sunna."}},{"id":36,"idInBook":36,"chapterId":2,"bookId":14,"arabic":"وَعَنْ عَبْدِ اللَّهِ بْنِ عَمْرٍو قَالَ: قَالَ رَسُولُ اللَّهِ صَلَّى اللَّهُ عَلَيْهِ وَسَلَّمَ: \n\" الْعِلْمُ ثَلَاثَةٌ: آيَةٌ مُحْكَمَةٌ أَوْ سُنَّةٌ قَائِمَةٌ أَوْ فَرِيضَةٌ عَادِلَةٌ وَمَا كَانَ سِوَى ذَلِكَ فَهُوَ فضل \". رَوَاهُ أَبُو دَاوُد وَابْن مَاجَه","english":{"narrator":"‘Abdallah b. ‘Amr reported God's messenger as saying, “Knowledge has three categories:","text":"a precise verse, or an established sunna, or\na firm obligatory duty. Anything else is an extra.” Abu Dawud and Ibn Majah transmitted it."}},{"id":37,"idInBook":37,"chapterId":2,"bookId":14,"arabic":"وَعَن عَوْف بن مَالك الْأَشْجَعِيّ قَالَ: قَالَ رَسُولُ اللَّهِ صَلَّى اللَّهُ عَلَيْهِ وَسَلَّمَ: «لَا يَقُصُّ إِلَّا أَمِيرٌ أَوْ مَأْمُورٌ أَو مختال» . رَوَاهُ أَبُو دَاوُد\nوَرَوَاهُ الدَّارِمِيُّ عَنْ عَمْرِو بْنِ شُعَيْبٍ عَنْ أَبِيهِ عَنْ جَدِّهِ وَفِي رِوَايَته بدل «أَو مختال»","english":{"narrator":"","text":"‘Auf b. Malik al-Ashja‘i reported God’s messenger as saying, \"Only\na ruler, or one put in charge, or one who is presumptuous gives instruction.\"* \n\nAbu Dawud transmitted it, and Darimi transmitted it from ' Amr b. Shu'aib from his father from his grandfather. A version has, \"Or a hypocrite” instead of \"one who is presumptuous”. \n\n*The word used here is yaqussu, which may be translated as given above, but which may also\nbe translated as “inflicts punishment.”"}},{"id":38,"idInBook":38,"chapterId":2,"bookId":14,"arabic":"وَعَنْ أَبِي هُرَيْرَةَ رَضِيَ اللَّهُ عَنْهُ قَالَ: قَالَ رَسُولُ اللَّهِ صَلَّى اللَّهُ عَلَيْهِ وَسَلَّمَ: «مَنْ أَفْتَى بِغَيْرِ عِلْمٍ كَانَ إِثْمُهُ عَلَى مَنْ أَفْتَاهُ وَمَنْ أَشَارَ عَلَى أَخِيهِ بِأَمْرٍ يَعْلَمُ أَنَّ الرُّشْدَ فِي غَيْرِهِ فَقَدْ خانه» . رَوَاهُ أَبُو دَاوُد","english":{"narrator":"","text":"Abu Huraira reported God’s messenger as saying, “If anyone is\ngiven a legal decision ignorantly, the sin rests on the one who gave it;\nand if anyone advises his brother, knowing that right guidance lies in\nanother direction, he has deceived him.” Abu Dawud transmitted it."}},{"id":39,"idInBook":39,"chapterId":2,"bookId":14,"arabic":"وَعَنْ مُعَاوِيَةَ قَالَ: إِنَّ النَّبِيَ صَلَّى اللَّهُ عَلَيْهِ وَسَلَّمَ نَهَى عَنِ الْأُغْلُوطَاتِ. رَوَاهُ أَبُو دَاوُد","english":{"narrator":"","text":"Mu'awiya said that the Prophet forbade the discussion of thorny\nquestions. Abu Dawud transmitted it."}},{"id":40,"idInBook":40,"chapterId":2,"bookId":14,"arabic":"وَعَنْ أَبِي هُرَيْرَةَ رَضِيَ اللَّهُ عَنْهُ قَالَ: قَالَ رَسُولُ اللَّهِ صَلَّى اللَّهُ عَلَيْهِ وَسَلَّمَ: «تَعَلَّمُوا الْفَرَائِضَ وَالْقُرْآنَ وَعَلِّمُوا النَّاسَ فَإِنِّي مَقْبُوضٌ» . رَوَاهُ التِّرْمِذِيّ","english":{"narrator":"","text":"Abu Huraira reported God’s messenger as saying, \"Learn the\nthings which are made obligatory and the Qur’an, and teach them to\npeople, for I shall die.” Tirmidhi transmitted it."}},{"id":41,"idInBook":41,"chapterId":2,"bookId":14,"arabic":"وَعَنْ أَبِي الدَّرْدَاءِ قَالَ: كُنَّا مَعَ رَسُولِ اللَّهِ صَلَّى اللَّهُ عَلَيْهِ وَسَلَّمَ فَشَخَصَ بِبَصَرِهِ إِلَى السَّمَاءِ ثُمَّ قَالَ: «هَذَا أَوَانٌ يُخْتَلَسُ فِيهِ الْعِلْمُ مِنَ النَّاسِ حَتَّى لَا يَقْدِرُوا مِنْهُ على شَيْء» . رَوَاهُ التِّرْمِذِيّ","english":{"narrator":"","text":"Abu Darda’ told how God’s messenger, on an occasion when they\nwere with him, turned his eyes to the sky and said, \"This is a time when\nknowledge will be snatched away from men, so that they will be unable\nto acquire any.” Tirmidhi transmitted it."}},{"id":42,"idInBook":42,"chapterId":2,"bookId":14,"arabic":"وَعَن أبي هُرَيْرَة رِوَايَةً: «يُوشِكُ أَنْ يَضْرِبَ النَّاسُ أَكْبَادَ الْإِبِلِ يَطْلُبُونَ الْعِلْمَ فَلَا يَجِدُونَ أَحَدًا أَعْلَمَ مِنْ عَالم الْمَدِينَة» . رَوَاهُ التِّرْمِذِيّ فِي جَامِعِهِ. قَالَ ابْنُ عُيَيْنَةَ: إِنَّهُ مَالِكُ بْنُ أنس وَمثله عَن عبد الرَّزَّاق قَالَ اسحق بْنُ مُوسَى: وَسَمِعْتُ ابْنَ عُيَيْنَةَ أَنَّهُ قَالَ: هُوَ الْعُمَرِيُّ الزَّاهِدُ وَاسْمُهُ عَبْدُ الْعَزِيزِ بْنُ عبد الله","english":{"narrator":"","text":"Abu Huraira transmitted , \"The time is approaching when men will urge on their camels in search of knowledge, but\nwill find no one more learned than the learned man of Medina.” Tirmidhi transmitted it. and in his Jami' he quotes Ibn ‘Uyaina as saying\nthat Malik b. Anas was meant, and the same view is expressed by ‘Abd\nar-Razzaq. Ishab b. Musa said he heard Ibn ‘Uyaina say that he\nwas al-‘Umari the ascetic, whose name was ‘Abd al-‘Aziz b. ‘Abdallah."}},{"id":43,"idInBook":43,"chapterId":2,"bookId":14,"arabic":"وَعَنْهُ فِيمَا أَعْلَمُ عَنْ رَسُولِ اللَّهِ صَلَّى اللَّهُ عَلَيْهِ وَسَلَّمَ: «إِنَّ اللَّهَ عَزَّ وَجَلَّ يَبْعَثُ لِهَذِهِ الْأُمَّةِ عَلَى رَأْسِ كُلِّ مِائَةٍ سَنَةٍ مَنْ يُجَدِّدُ لَهَا دِينَهَا» . رَوَاهُ أَبُو دَاوُد","english":{"narrator":"","text":"He also reported among the material he knew to come from God’s\nmessenger that he said, \"At the beginning of every century God will\nsend one who will renew its religion for this people.” Abu Dawud\ntransmitted it."}},{"id":44,"idInBook":44,"chapterId":2,"bookId":14,"arabic":"وَعَنْ إِبْرَاهِيمَ بْنِ عَبْدِ الرَّحْمَنِ الْعُذْرِيِّ قَالَ: قَالَ رَسُولُ اللَّهِ صَلَّى اللَّهُ عَلَيْهِ وَسلم: «يَحْمِلُ هَذَا الْعِلْمَ مِنْ كُلِّ خَلَفٍ عُدُولُهُ يَنْفُونَ عَنْهُ تَحْرِيفَ الْغَالِينَ وَانْتِحَالَ الْمُبْطِلِينَ وَتَأْوِيلَ الْجَاهِلين» . رَوَاهُ الْبَيْهَقِيّ","english":{"narrator":"","text":"Ibrahim b. ‘Abd ar-Rahman al-‘Udhri reported God's messenger\nas saying, \"In every successive century those who are reliable authorities\nwill preserve this knowledge, rejecting the changes made by extremists, the plagiarisms of those who make false claims for themselves, and the\ninterpretations of the ignorant.”*\n*The source is lacking. The editor of the Damascus edition of the Mishkat says the tradition\nis given by Baihaqi in al-Madkhal."}},{"id":45,"idInBook":45,"chapterId":2,"bookId":14,"arabic":"وسنذكر حديث جابر: \n\"فإنما شفاء العي السؤال\" في باب التيمم إن شاء الله تعالى.","english":{"narrator":"","text":"We shall mention Jabir’s tradition, “The only cure for perplexity is\nto ask”* in the chapter on performing ablution with sand, if God will. \n*Book 111. Chap. xi, section ii."}},{"id":46,"idInBook":46,"chapterId":2,"bookId":14,"arabic":"عَنِ الْحَسَنِ مُرْسَلًا قَالَ: قَالَ رَسُولُ اللَّهِ صَلَّى اللَّهُ عَلَيْهِ وَسَلَّمَ: «مَنْ جَاءَهُ الْمَوْتُ وَهُوَ يَطْلُبُ الْعِلْمَ لِيُحْيِيَ بِهِ الْإِسْلَامَ فَبَيْنَهُ وَبَيْنَ النَّبِيِّينَ دَرَجَةٌ وَاحِدَةٌ فِي الْجَنَّةِ» . رَوَاهُ الدَّارمِيّ","english":{"narrator":"","text":"Al-Hasan reported in mursal form that God’s messenger said, “If\ndeath comes to anyone when he is seeking knowledge with the purpose\nof using it to revivify Islam, there will be only one degree between him\nand the prophets in paradise.” Darimi transmitted it."}},{"id":47,"idInBook":47,"chapterId":2,"bookId":14,"arabic":"وَعَنْهُ مُرْسَلًا قَالَ: سُئِلَ رَسُولُ اللَّهِ صَلَّى اللَّهُ عَلَيْهِ وَسَلَّمَ عَنْ رَجُلَيْنِ كَانَا فِي بَنِي إِسْرَائِيلَ أَحَدُهُمَا كَانَ عَالِمًا يُصَلِّي الْمَكْتُوبَةَ ثُمَّ يَجْلِسُ فَيُعَلِّمُ النَّاسَ الْخَيْرَ وَالْآخِرُ يَصُومُ النَّهَارَ وَيَقُومُ اللَّيْلَ أَيُّهُمَا أَفْضَلُ قَالَ رَسُولُ اللَّهِ صَلَّى اللَّهُ عَلَيْهِ وَسَلَّمَ: «فَضْلُ هَذَا الْعَالِمِ الَّذِي يُصَلِّي الْمَكْتُوبَةَ ثُمَّ يَجْلِسُ فَيُعَلِّمُ النَّاسَ الْخَيْرَ عَلَى الْعَابِدِ الَّذِي يَصُومُ النَّهَارَ وَيَقُومُ اللَّيْلَ كَفَضْلِي عَلَى أَدْنَاكُمْ» . رَوَاهُ الدَّارِمِيُّ","english":{"narrator":"","text":"He also reported in mursal form that God’s messenger was asked\nwhich of two men who had been among the B. Isra’il was superior, one\nwho was a learned man who observed the prescribed prayers, then sat\nand taught men what is good, the other who fasted by day and prayed\nduring the night. He replied, “The superiority of this learned man who\nobserved the prescribed prayers, then sat and taught men what is good\nover the devout man who fasted by day and prayed during the night is\nlike my superiority over the most contemptible among you.” Darimi\ntransmitted it."}},{"id":48,"idInBook":48,"chapterId":2,"bookId":14,"arabic":"وَعَنْ عَلِيٍّ رَضِيَ اللَّهُ عَنْهُ قَالَ: قَالَ رَسُولُ اللَّهِ صَلَّى اللَّهُ عَلَيْهِ وَسَلَّمَ: «نِعْمَ الرَّجُلُ الْفَقِيهُ فِي الدِّينِ إِنِ احْتِيجَ إِلَيْهِ نَفَعَ وَإِنِ اسْتُغْنِيَ عَنْهُ أَغْنَى نَفْسَهُ» . رَوَاهُ رزين","english":{"narrator":"","text":"‘Ali reported God’s messenger as saying, “Good is the man learned\nin religion who, if people have need of him benefits them, but who, if\nthey ignore him enriches himself.”* Razin transmitted it. \n*i.e. with religious exercises and study."}},{"id":49,"idInBook":49,"chapterId":2,"bookId":14,"arabic":"وَعَن عِكْرِمَة أَنَّ ابْنَ عَبَّاسٍ قَالَ: حَدِّثِ النَّاسَ كُلَّ جُمُعَةٍ مَرَّةً فَإِنْ أَبَيْتَ فَمَرَّتَيْنِ فَإِنْ أَكْثَرْتَ فَثَلَاثَ مَرَّاتٍ وَلَا تُمِلَّ النَّاسَ هَذَا الْقُرْآنَ وَلَا أُلْفِيَنَّكَ تَأْتِي الْقَوْمَ وَهُمْ فِي حَدِيثٍ مِنْ حَدِيثِهِمْ فَتَقُصُّ عَلَيْهِمْ فَتَقْطَعُ عَلَيْهِمْ حَدِيثَهُمْ فَتُمِلَّهُمْ وَلَكِنْ أَنْصِتْ فَإِذَا أَمَرُوكَ فَحَدِّثْهُمْ وَهُمْ يَشْتَهُونَهُ وَانْظُرِ السَّجْعَ مِنَ الدُّعَاءِ فَاجْتَنِبْهُ فَإِنِّي عَهِدْتُ رَسُولَ اللَّهِ صَلَّى اللَّهُ عَلَيْهِ وَسَلَّمَ وَأَصْحَابُهُ لَا يَفْعَلُونَ ذَلِك \" رَوَاهُ البُخَارِيّ","english":{"narrator":"","text":"Ikrima reported Ibn ‘Abbas as saying, “Talk to the people once\nevery Friday, but if you object, then twice, and if you want more, then\nthree times, but do not weary the people with this Qur’an. And do not\nlet me find you coming to the people when they are talking about their\nconcerns, interrupting them in their talk by addressing them, and so\nwearying them. Keep silent, and when they request you, talk to them\nat a time when they want it. Look out for rhymed prose in supplications and avoid it, for I know that God’s messenger and his companions\ndid not use it.” Bukhari transmitted it."}},{"id":50,"idInBook":50,"chapterId":2,"bookId":14,"arabic":"وَعَنْ وَاثِلَةَ بْنِ الْأَسْقَعِ قَالَ: قَالَ رَسُولُ اللَّهِ صَلَّى اللَّهُ عَلَيْهِ وَسَلَّمَ: «مَنْ طَلَبَ الْعِلْمَ فَأَدْرَكَهُ كَانَ لَهُ كِفْلَانِ مِنَ الْأَجْرِ فَإِنْ لَمْ يُدْرِكْهُ كَانَ لَهُ كفل من الْأجر» . رَوَاهُ الدِّرَامِي","english":{"narrator":"","text":"Wathila b. al-Asqa‘ reported God’s messenger as saying, “He who seeks knowledge and attains it will have a double portion of reward,\nbut if he does not attain it he will have a single portion of reward.\"\nDarimi transmitted it."}},{"id":51,"idInBook":51,"chapterId":2,"bookId":14,"arabic":"عَنْ أَبِي هُرَيْرَةَ قَالَ: قَالَ رَسُولُ اللَّهِ صَلَّى اللَّهُ عَلَيْهِ وَسَلَّمَ: «إِنَّ مِمَّا يَلْحَقُ الْمُؤْمِنَ مِنْ عَمَلِهِ وَحَسَنَاتِهِ بَعْدَ مَوْتِهِ عِلْمًا علمه ونشره وَولدا صَالحا تَركه ومصحفا وَرَّثَهُ أَوْ مَسْجِدًا بَنَاهُ أَوْ بَيْتًا لِابْنِ السَّبِيلِ بَنَاهُ أَوْ نَهْرًا أَجْرَاهُ أَوْ صَدَقَةً أخرجهَا من مَاله فِي صِحَّته وحياته يلْحقهُ من بعد مَوته» . رَوَاهُ بن مَاجَه وَالْبَيْهَقِيّ فِي شعب الْإِيمَان","english":{"narrator":"","text":"Abu Huraira reported God’s messenger as saying, “Among the\nactions and good deeds for which a believer will continue to receive reward after his death are knowledge which he taught and spread, a good\nson whom he left behind, or a copy of the Qur'an which he left as a\nlegacy, or a mosque which he built, or a house which he built for the\ntraveller, or a stream which he caused to flow, or a sadaqa which he\ngave from his property when he was alive and well, for which he will\ncontinue to receive reward after his death.” Ibn Majah transmitted it,\nand also Baihaqi in Shu'ab al-iman."}},{"id":52,"idInBook":52,"chapterId":2,"bookId":14,"arabic":"وَعَنْ عَائِشَةَ أَنَّهَا قَالَتْ: سَمِعْتُ رَسُولَ اللَّهِ صَلَّى اللَّهُ عَلَيْهِ وَسَلَّمَ يَقُولُ: «إِنَّ اللَّهَ عَزَّ وَجَلَّ أَوْحَى إِلَيَّ أَنَّهُ مَنْ سَلَكَ مَسْلَكًا فِي طَلَبِ الْعِلْمِ سَهَّلْتُ لَهُ طَرِيقَ الْجَنَّةِ وَمَنْ سَلَبْتُ كَرِيمَتَيْهِ أَثَبْتُهُ عَلَيْهِمَا الْجَنَّةَ. وَفَضْلٌ فِي عِلْمٍ خَيْرٌ مِنْ فَضْلٍ فِي عِبَادَةٍ وَمِلَاكُ الدِّينِ الْوَرَعُ» . رَوَاهُ الْبَيْهَقِيُّ فِي شعب الْإِيمَان","english":{"narrator":"","text":"‘Aisha said she heard God’s messenger say that God revealed\nto him, “ If anyone follows a path in search of knowledge, I shall make\neasy for him the road to paradise; and if I deprive anyone of his eyes,\nI shall guarantee paradise to him in return for them. Superiority in\nknowledge is better than superiority in worship, and the basis of the\nreligion is abstinence.” Baihaqi transmitted it in Shu'ab al-iman."}},{"id":53,"idInBook":53,"chapterId":2,"bookId":14,"arabic":"وَعَن ابْن عَبَّاس قَالَ: تَدَارُسُ الْعِلْمِ سَاعَةً مِنَ اللَّيْلِ خَيْرٌ من إحيائها. رَوَاهُ الدَّارمِيّ","english":{"narrator":"","text":"Ibn ‘Abbas said, “Studying together for an hour during the night\nis better than spending the whole night in devotions.” Darimi transmitted it."}},{"id":54,"idInBook":54,"chapterId":2,"bookId":14,"arabic":"وَعَنْ عَبْدِ اللَّهِ بْنِ عَمْرٍو أَنَّ رَسُولَ اللَّهِ صَلَّى اللَّهُ عَلَيْهِ وَسَلَّمَ مَرَّ بِمَجْلِسَيْنِ فِي مَسْجِدِهِ فَقَالَ: «كِلَاهُمَا عَلَى خَيْرٍ وَأَحَدُهُمَا أَفْضَلُ مِنْ صَاحِبِهِ أَمَّا هَؤُلَاءِ فَيَدْعُونَ اللَّهَ وَيَرْغَبُونَ إِلَيْهِ فَإِنْ شَاءَ أَعْطَاهُمْ وَإِنْ شَاءَ مَنَعَهُمْ. وَأَمَّا هَؤُلَاءِ فَيَتَعَلَّمُونَ الْفِقْهَ أَوِ الْعِلْمَ وَيُعَلِّمُونَ الْجَاهِلَ فَهُمْ أَفْضَلُ وَإِنَّمَا بُعِثْتُ مُعَلِّمًا» ثمَّ جلس فيهم. رَوَاهُ الدَّارمِيّ","english":{"narrator":"","text":"‘Abdallah b. ‘Amr told of God’s messenger coming upon two\ngroups in his mosque and saying, “They are both engaged in what is\ngood, but one of them is superior to the other. These ones are praying and supplicating God who, if He wills, may answer their prayers\nbut, if He wills, may refuse them. Those ones are learning knowledge*\nand teaching the ignorant, so they are superior. I was sent only as a\nteacher.” He then sat down among them. Darimi transmitted it. \n*The text has al-fiqh au al-'ilm, fiqh and ‘ilm having the same meaning, but the transmitter of the\ntradition was not sure which word was used by the Prophet on this occasion."}},{"id":55,"idInBook":55,"chapterId":2,"bookId":14,"arabic":"وَعَنْ أَبِي الدَّرْدَاءِ قَالَ: سُئِلَ رَسُولُ اللَّهِ صَلَّى اللَّهُ عَلَيْهِ وَسَلَّمَ: مَا حَدُّ الْعِلْمِ الَّذِي إِذَا بَلَغَهُ الرَّجُلُ كَانَ فَقِيهًا؟ فَقَالَ رَسُولُ اللَّهِ صَلَّى اللَّهُ عَلَيْهِ وَسَلَّمَ: «من حَفِظَ عَلَى أُمَّتِي أَرْبَعِينَ حَدِيثًا فِي أَمْرِ دِينِهَا بَعَثَهُ اللَّهُ فَقِيهًا وَكُنْتُ لَهُ يَوْمَ الْقِيَامَة شافعا وشهيدا»","english":{"narrator":"","text":"Abu Darda’ told how God’s messenger, when asked how much a\nman had to learn to become a faqih, replied, “ If anyone preserves for\nmy people forty traditions concerning their religion, God will raise him\nup in the next world as a faqih, and I shall be an intercessor and witness\nfor him on the day of resurrection.”"}},{"id":56,"idInBook":56,"chapterId":2,"bookId":14,"arabic":"وَعَنْ أَنَسِ بْنِ مَالِكٍ قَالَ: قَالَ رَسُولُ اللَّهِ صَلَّى اللَّهُ عَلَيْهِ وَسَلَّمَ: «هَلْ تَدْرُونَ مَنْ أَجْوَدُ جُودًا؟» قَالُوا: اللَّهُ وَرَسُولُهُ أَعْلَمُ. قَالَ: «اللَّهُ تَعَالَى أَجْوَدُ جُودًا ثُمَّ أَنَا أَجْوَدُ بَنِي آدَمَ وَأَجْوَدُهُمْ مِنْ بَعْدِي رَجُلٌ عَلِمَ عِلْمًا فَنَشَرَهُ يَأْتِي يَوْمَ الْقِيَامَةِ أَمِيرًا وَحده أَو قَالَ أمة وَحده»","english":{"narrator":"","text":"Anas b. Malik said that God’s messenger asked, “Do you know\nwho is most generous?\" On receiving the reply that God and His\nmessenger knew best, he said, “God is the most generous, then I am the\nmost generous of mankind, and the most generous of them after me will\nbe a man who acquires knowledge and spreads it. On the day of resurrection he will come as a prince alone.” Or he said, “As one people.\""}},{"id":57,"idInBook":57,"chapterId":2,"bookId":14,"arabic":"وَعَنْهُ أَنَّ النَّبِيَّ صَلَّى اللَّهُ عَلَيْهِ وَسَلَّمَ قَالَ: \n\" مَنْهُومَانِ لَا يَشْبَعَانِ: مَنْهُومٌ فِي الْعِلْمِ لَا يَشْبَعُ مِنْهُ وَمَنْهُومٌ فِي الدُّنْيَا لَا يَشْبَعُ مِنْهَا «. رَوَى الْبَيْهَقِيُّ الْأَحَادِيثَ الثَّلَاثَةَ فِي» شُعَبِ الْإِيمَانِ \" وَقَالَ: قَالَ الْإِمَامُ أَحْمَدُ فِي حَدِيثِ أَبِي الدَّرْدَاءِ: هَذَا مَتْنٌ مَشْهُورٌ فِيمَا بَين النَّاس وَلَيْسَ لَهُ إِسْنَاد صَحِيح","english":{"narrator":"He also reported the Prophet as saying, “Two greedy ones never\nattain satisfaction:","text":"he who is greedy for knowledge can never get\nenough of it, and he who is greedy for worldly goods can never get\nenough of them.\" Baihaqi transmitted the three traditions in Shu'ab\nal-iman, and quoted the imam Ahmad as saying about Abu Darda''s\ntradition, “This is a well-known text among the people, but it does not\nhave a sound isnad.\""}},{"id":58,"idInBook":58,"chapterId":2,"bookId":14,"arabic":"عَن عَوْنٍ قَالَ: قَالَ عَبْدُ اللَّهِ بْنُ مَسْعُودٍ: مَنْهُومَانِ لَا يَشْبَعَانِ صَاحِبُ الْعِلْمِ وَصَاحِبُ الدُّنْيَا وَلَا يَسْتَوِيَانِ أَمَّا صَاحِبُ الْعِلْمِ فَيَزْدَادُ رِضًى لِلرَّحْمَنِ وَأَمَّا صَاحِبُ الدُّنْيَا فَيَتَمَادَى فِي الطُّغْيَانِ. ثُمَّ قَرَأَ عَبْدُ اللَّهِ (كَلَّا إِنَّ الْإِنْسَانَ لَيَطْغَى أَنْ رَآهُ اسْتَغْنَى)\nقَالَ وَقَالَ الْآخَرُ (إِنَّمَا يَخْشَى اللَّهَ مِنْ عباده الْعلمَاء. رَوَاهُ الدَّارمِيّ","english":{"narrator":"","text":"‘Aun reported Ibn Mas'ud as saying, “Two greedy ones never\nattain satisfaction, the learned man and the worldly man, but they are\nnot equal. The learned man becomes more pleasing to the Compassionate One, but the worldly man perseveres in transgression.\" Then\n‘Abdallah  recited, “Nay, but man transgresses in considering that he\nis self-sufficient. \"* He added, “The other is preferable, for ‘only those\nof His servants who are learned fear God.’ \"  Darimi transmitted it. \n*Qur’an, xcvi, 6 f."}},{"id":59,"idInBook":59,"chapterId":2,"bookId":14,"arabic":"وَعَنِ ابْنِ عَبَّاسٍ قَالَ: قَالَ رَسُولُ اللَّهِ صَلَّى اللَّهُ عَلَيْهِ وَسلم قَالَ: \n\" إِنَّ أُنَاسًا مِنْ أُمَّتِي سَيَتَفَقَّهُونَ فِي الدِّينِ ويقرءون الْقُرْآن يَقُولُونَ نَأْتِي الْأُمَرَاءَ فَنُصِيبُ مِنْ دُنْيَاهُمْ وَنَعْتَزِلُهُمْ بِدِينِنَا وَلَا يَكُونُ ذَلِكَ كَمَا لَا يُجْتَنَى مِنَ الْقَتَادِ إِلَّا الشَّوْكُ كَذَلِكَ لَا يُجْتَنَى مِنْ قُرْبِهِمْ إِلَّا - قَالَ مُحَمَّدُ بْنُ الصَّبَّاحِ: كَأَنَّهُ يَعْنِي - الْخَطَايَا \". رَوَاهُ ابْن مَاجَه","english":{"narrator":"","text":"Ibn ‘Abbas reported God’s messenger as saying, “Some among\nmy people will become learned in religion, will recite the Qur’an, and\nsay that they will go to princes and get some of their worldly goods,\nbut withdraw from them with their religion. That cannot be; for, as\nwhat is gathered from tragacanth trees consists only of thorns, so what\nis gathered from drawing near to them consists only of . . . ” Muhammad\nb. as-Sabbah said that he obviously meant “sins.\" Ibn Majah transmitted it."}},{"id":60,"idInBook":60,"chapterId":2,"bookId":14,"arabic":"وَعَنْ عَبْدِ اللَّهِ بْنِ مَسْعُودٍ قَالَ: لَوْ أَنَّ أَهْلَ الْعِلْمِ صَانُوا الْعِلْمَ وَوَضَعُوهُ عِنْدَ أَهْلِهِ لَسَادُوا بِهِ أَهْلَ زَمَانِهِمْ وَلَكِنَّهُمْ بَذَلُوهُ لِأَهْلِ الدُّنْيَا لِيَنَالُوا بِهِ مِنْ دُنْيَاهُمْ فَهَانُوا عَلَيْهِمْ سَمِعْتُ نَبِيَّكُمْ صَلَّى اللَّهُ عَلَيْهِ وَسَلَّمَ يَقُولُ: «مَنْ جَعَلَ الْهُمُومَ هَمًّا وَاحِدًا هَمَّ آخِرَتِهِ كَفَاهُ اللَّهُ هَمَّ دُنْيَاهُ وَمَنْ تَشَعَّبَتْ بِهِ الْهُمُومُ فِي أَحْوَالِ الدُّنْيَا لَمْ يُبَالِ اللَّهُ فِي أَيِّ أَوْدِيَتِهَا هَلَكَ» . رَوَاهُ ابْنُ مَاجَه\nوَرَوَاهُ الْبَيْهَقِيُّ فِي شُعَبِ الْإِيمَانِ عَنِ ابْنِ عُمَرَ مِنْ قَوْلِهِ: «مَنْ جَعَلَ الْهُمُومَ» إِلَى آخِره","english":{"narrator":"‘Abdallah b. Mas'ud said:","text":"If the learned were to guard learning\nand entrust it to those who are worthy of it, they would thereby, rule\ntheir contemporaries. But they have bestowed it on worldly people to\nget thereby some of their worldly goods, and have been despised by\nthem. I heard your Prophet say, \"If anyone makes the care of his\neternal welfare the sum total of his cares God will protect him from\nworldly care, but if he has a variety of cares consisting of matters related to this world God will not be concerned in which of its wadis he\nperishes.” Ibn Majah transmitted it, and Baihaqi transmitted it in\nShu'ab al-iman from Ibn ‘Umar beginning with \"If anyone makes the\ncare.”"}},{"id":61,"idInBook":61,"chapterId":2,"bookId":14,"arabic":"وَعَنِ الْأَعْمَشِ قَالَ: قَالَ رَسُولُ اللَّهِ صَلَّى اللَّهُ عَلَيْهِ وَسَلَّمَ: «آفَةُ الْعِلْمِ النِّسْيَانُ وَإِضَاعَتُهُ أَنْ تُحَدِّثَ بِهِ غَيْرَ أَهْلِهِ» . رَوَاهُ الدَّارِمِيُّ مُرْسلا","english":{"narrator":"","text":"Al-A‘mash reported God’s messenger as saying, \"The calamity\nwhich affects knowledge is forgetfulness, and wasting it is to convey it to\nthose who are unworthy of it.” Darimi transmitted it in mursal form."}},{"id":62,"idInBook":62,"chapterId":2,"bookId":14,"arabic":"وَعَنْ سُفْيَانَ أَنَّ عُمَرَ بْنَ الْخَطَّابِ رَضِيَ اللَّهُ عَنْهُ قَالَ لِكَعْبٍ: مَنْ أَرْبَابُ الْعِلْمِ؟ قَالَ: الَّذِي يَعْمَلُونَ بِمَا يَعْلَمُونَ. قَالَ: فَمَا أَخْرَجَ الْعِلْمَ مِنْ قُلُوبِ الْعُلَمَاءِ؟ قَالَ الطَّمَعُ. رَوَاهُ الدَّارِمِيُّ","english":{"narrator":"","text":"Sufyan said that ‘Umar b. al-Khattab asked Ka‘b who were the lords\nof knowledge, and he replied that they are those who act according to\nwhat they know. He then asked what it is that takes knowledge from\nthe hearts of the learned and was told that it is covetousness. Darimi\ntransmitted it."}},{"id":63,"idInBook":63,"chapterId":2,"bookId":14,"arabic":"وَعَن الْأَحْوَص بن حَكِيم عَنْ أَبِيهِ قَالَ: سَأَلَ رَجُلٌ النَّبِيَّ صَلَّى الله عَلَيْهِ سلم عَنِ الشَّرِّ فَقَالَ: «لَا تَسْأَلُونِي عَنِ الشَّرِّ وَسَلُونِي عَنِ الْخَيْرِ» يَقُولُهَا ثَلَاثًا ثُمَّ قَالَ: «أَلَا إِنَّ شَرَّ الشَّرِّ شِرَارُ الْعُلَمَاءِ وَإِنَّ خير الْخَيْر خِيَار الْعلمَاء» . رَوَاهُ الدَّارمِيّ","english":{"narrator":"","text":"Al-Ahwas b. Hakim told on his father’s authority that a man asked\nthe Prophet about evil, and he replied, \"Do not ask me about evil, but\nask me about good,” saying it three times. Then he said, \"The worst\nevil consists in learned men who are evil, and the best good consists in\nlearned men who are good.” Darimi transmitted it."}},{"id":64,"idInBook":64,"chapterId":2,"bookId":14,"arabic":"وَعَنْ أَبِي الدَّرْدَاءِ قَالَ: \n\" إِنَّ مِنْ أَشَرِّ النَّاسِ عِنْدَ اللَّهِ مَنْزِلَةً يَوْمَ الْقِيَامَةِ: عَالِمٌ لَا ينْتَفع بِعِلْمِهِ \". رَوَاهُ الدَّارمِيّ","english":{"narrator":"","text":"Abu Darda’ said that the one who would have the worst position in\nGod’s sight on the day of resurrection would be a learned man who did\nnot profit from his learning.” Darimi transmitted it."}},{"id":65,"idInBook":65,"chapterId":2,"bookId":14,"arabic":"وَعَن زِيَاد بن حدير قَالَ: قَالَ لِي عُمَرُ: هَلْ تَعْرِفُ مَا يَهْدِمُ الْإِسْلَامَ؟ قَالَ: قُلْتُ: لَا. قَالَ: يَهْدِمُهُ زَلَّةُ الْعَالِمِ وَجِدَالُ الْمُنَافِقِ بِالْكِتَابِ وَحُكْمُ الْأَئِمَّةِ المضلين \". رَوَاهُ الدِّرَامِي","english":{"narrator":"","text":"Ziyad b. Hudair said that ‘Umar asked him whether he knew what\ndemolishes Islam, and that when he replied that he did not, he said,\n\"The slip of a learned man, the disputation of a hypocrite about the\nBook, and the rule of imams who lead men astray.” Darimi transmitted\nit."}},{"id":66,"idInBook":66,"chapterId":2,"bookId":14,"arabic":"وَعَن الْحسن قَالَ: «الْعِلْمُ عِلْمَانِ فَعِلْمٌ فِي الْقَلْبِ فَذَاكَ الْعلم النافع وَعلم على اللِّسَان فَذَاك حُجَّةُ اللَّهِ عَزَّ وَجَلَّ عَلَى ابْنِ آدَمَ» . رَوَاهُ الدَّارمِيّ","english":{"narrator":"Al-Hasan said that knowledge is of two kinds:","text":"knowledge in the\nheart, which is the beneficial type; and knowledge on the tongue, which\nis God’s allegation against a human being.” Darimi transmitted it."}},{"id":67,"idInBook":67,"chapterId":2,"bookId":14,"arabic":"وَعَنْ أَبِي هُرَيْرَةَ رَضِيَ اللَّهُ عَنْهُ قَالَ: «حَفِظْتُ مِنْ رَسُولِ اللَّهِ صَلَّى اللَّهُ عَلَيْهِ وَسَلَّمَ وِعَاءَيْنِ فَأَمَّا أَحَدُهُمَا فَبَثَثْتُهُ فِيكُمْ وَأَمَّا الْآخَرُ فَلَوْ بَثَثْتُهُ قُطِعَ هَذَا الْبُلْعُومُ يَعْنِي مجْرى الطَّعَام» رَوَاهُ البُخَارِيّ","english":{"narrator":"","text":"Abu Huraira said, \"I have kept in my memory two large quantities*\nof learning from God’s messenger, one of which I have disclosed among\nyou; but were I to disclose the other, this bul'um, meaning the food\ntract, would be cut\". Bukhari transmitted it.\n*Lit. receptacles, or vessels."}},{"id":68,"idInBook":68,"chapterId":2,"bookId":14,"arabic":"وَعَنْ عَبْدِ اللَّهِ بْنِ مَسْعُودٍ قَالَ: يَا أَيُّهَا النَّاسُ مَنْ عَلِمَ شَيْئًا فَلْيَقُلْ بِهِ وَمَنْ لَمْ يَعْلَمْ فَلْيَقُلِ اللَّهُ أعلم فَإِن من الْعلم أَن يَقُول لِمَا لَا تَعْلَمُ اللَّهُ أَعْلَمُ. قَالَ اللَّهُ تَعَالَى لِنَبِيِّهِ (قُلْ مَا أَسْأَلُكُمْ عَلَيْهِ مِنْ أَجْرٍ وَمَا أَنا من المتكلفين)","english":{"narrator":"‘Abdallah  said:","text":"If any of you people knows anything he should\nmake it known, but if anyone does not know he should say that God\nknows best, for saying this when one does not know is a part of knowledge. God said to His prophet, “Say, I do not ask you for any reward\nfor it, and I am not a pretender.”* (Bukhari and Muslim.)\n*Qur’an, xxxviii, 86."}},{"id":69,"idInBook":69,"chapterId":2,"bookId":14,"arabic":"وَعَنِ ابْنِ سِيرِينَ قَالَ: إِنَّ هَذَا الْعِلْمَ دِينٌ فَانْظُرُوا عَمَّنْ تَأْخُذُونَ دِينَكُمْ. رَوَاهُ مُسْلِمٌ","english":{"narrator":"","text":"Ibn Sirin said, “This knowledge is a religion, so consider from whom\nyou receive your religion.” Muslim transmitted it."}},{"id":70,"idInBook":70,"chapterId":2,"bookId":14,"arabic":"وَعَن حُذَيْفَة قَالَ: يَا مَعْشَرَ الْقُرَّاءِ اسْتَقِيمُوا فَقَدْ سَبَقْتُمْ سَبْقًا بَعِيدًا وَإِنْ أُخِذْتُمْ يَمِينًا وَشِمَالًا لَقَدْ ضللتم ضلالا بَعيدا. رَوَاهُ البُخَارِيّ","english":{"narrator":"","text":"Hudhaifa said, “ If you Qur'an readers follow a straight course you\nwill have attained great precedence; but if you go right and left you will\nhave fallen into vast error.” Bukhari transmitted it."}},{"id":71,"idInBook":71,"chapterId":2,"bookId":14,"arabic":"وَعَنْ أَبِي هُرَيْرَةَ قَالَ: قَالَ رَسُولُ اللَّهِ صَلَّى اللَّهُ عَلَيْهِ وَسَلَّمَ: «تَعَوَّذُوا بِاللَّهِ مِنْ جُبِّ الْحَزَنِ» قَالُوا: يَا رَسُولَ اللَّهِ وَمَا جُبُّ الْحَزَنِ؟ قَالَ: «وَادٍ فِي جَهَنَّمَ تَتَعَوَّذُ مِنْهُ جَهَنَّم كل يَوْم أَرْبَعمِائَة مرّة» . قُلْنَا: يَا رَسُولَ اللَّهِ وَمَنْ يَدْخُلُهَا قَالَ: «الْقُرَّاءُ الْمُرَاءُونَ بِأَعْمَالِهِمْ» . رَوَاهُ التِّرْمِذِيُّ وَكَذَا ابْنُ مَاجَهْ وَزَادَ فِيهِ: «وَإِنَّ مِنْ أَبْغَضِ الْقُرَّاءِ إِلَى اللَّهِ تَعَالَى الَّذِينَ يَزُورُونَ الْأُمَرَاءَ» . قَالَ الْمُحَارِبِيُّ: يَعْنِي الجورة","english":{"narrator":"","text":"Abu Huraira reported God’s messenger as saying, “Seek refuge in\nGod from the pit of sorrow.” On being asked what the pit of sorrow was,\nhe replied, “ It is a wadi in jahannam from which jahannam seeks refuge four hundred times every day.” When God’s messenger was asked\nwho would enter it, he replied, “The Qur’an readers who are ostentatious in what they do.” Tirmidhi transmitted it, and Ibn Majah has the\nsame, adding in it, “Among the Qur’an readers who are most hateful to\nGod are those who visit princes.” Al-Muharibi said that he meant\ntyrants."}},{"id":72,"idInBook":72,"chapterId":2,"bookId":14,"arabic":"وَعَنْ عَلِيٍّ قَالَ: قَالَ رَسُولُ اللَّهِ صَلَّى اللَّهُ عَلَيْهِ وَسَلَّمَ: «يُوشِكُ أَنْ يَأْتِيَ عَلَى النَّاسِ زَمَانٌ لَا يَبْقَى مِنَ الْإِسْلَامِ إِلَّا اسْمُهُ وَلَا يَبْقَى مِنَ الْقُرْآنِ إِلَّا رَسْمُهُ مَسَاجِدُهُمْ عَامِرَةٌ وَهِيَ خَرَابٌ مِنَ الْهُدَى عُلَمَاؤُهُمْ شَرُّ مَنْ تَحْتَ أَدِيمِ السَّمَاءِ مِنْ عِنْدِهِمْ تَخْرُجُ الْفِتْنَةُ وَفِيهِمْ تَعُودُ» . رَوَاهُ الْبَيْهَقِيُّ فِي شُعَبِ الْإِيمَان","english":{"narrator":"","text":"‘Ali reported God’s messenger as saying, “ A time is soon coming to\nmankind when nothing of Islam but its name will remain and only the\nwritten form of the Qur’an will remain. Their mosques will be in fine\ncondition but will be devoid of guidance, their learned men will be the\nworst people under heaven, corruption coming forth from them and\nreturning among them.” Baihaqi transmitted it in Shu'ab al-iman."}},{"id":73,"idInBook":73,"chapterId":2,"bookId":14,"arabic":"وَعَن زِيَاد بن لبيد قَالَ ذَكَرَ النَّبِيُّ صَلَّى اللَّهُ عَلَيْهِ وَسَلَّمَ شَيْئًا فَقَالَ: «ذَاكَ عِنْدَ أَوَانِ ذَهَابِ الْعِلْمِ» . قُلْتُ: يَا رَسُولَ اللَّهِ وَكَيْفَ يَذْهَبُ الْعِلْمُ وَنحن نَقْرَأ الْقُرْآن ونقرئه أبناءنا ويقرؤه ابناؤنا أَبْنَاءَهُم إِلَى يَوْم الْقِيَامَة قَالَ: «ثَكِلَتْكَ أُمُّكَ زِيَادُ إِنْ كُنْتُ لَأُرَاكَ مِنْ أَفْقَهِ رَجُلٍ بِالْمَدِينَةِ أَوَلَيْسَ هَذِهِ الْيَهُودُ وَالنَّصَارَى يَقْرَءُونَ التَّوْرَاةَ وَالْإِنْجِيلَ لَا يَعْمَلُونَ بِشَيْءٍ مِمَّا فِيهِمَا» . رَوَاهُ أَحْمَدُ وَابْنُ مَاجَهْ وَرَوَى التِّرْمِذِيُّ عَنهُ نَحوه\nوَكَذَا الدَّارمِيّ عَن أبي أُمَامَة","english":{"narrator":"Ziyad b. Labid said:","text":"The Prophet mentioned a matter, saying,\n“That will be at the time when knowledge departs.” I asked, “How can\nknowledge depart when we recite the Qur’an and teach it to our children\nand they will teach it to their children up till the day of resurrection?”\nHe replied, “ I am astonished at you,* Ziyad. I thought you were the\nmost learned man in Medina. Do not these Jews and Christians read the\nTorah and the Injil without knowing a thing about their contents?”\nAhmad and Ibn Majah transmitted it, Tirmidhi transmitted something\nsimilar from him, as did Darimi from Abu Umama."}},{"id":74,"idInBook":74,"chapterId":2,"bookId":14,"arabic":"وَعَنِ ابْنِ مَسْعُودٍ قَالَ: قَالَ لِي رَسُولُ اللَّهِ صَلَّى اللَّهُ عَلَيْهِ وَسَلَّمَ: «تَعَلَّمُوا الْعِلْمَ وَعَلِّمُوهُ النَّاسَ تَعَلَّمُوا الْفَرَائِضَ وَعَلِّمُوهَا النَّاسَ تَعَلَّمُوا الْقُرْآنَ وَعَلِّمُوهُ النَّاسَ فَإِنِّي امْرُؤٌ مَقْبُوضٌ وَالْعِلْمُ سَيُقْبَضُ وَتَظْهَرُ الْفِتَنُ حَتَّى يَخْتَلِفَ اثْنَانِ فِي فَرِيضَةٍ لَا يَجِدَانِ أَحَدًا يَفْصِلُ بَيْنَهُمَا» . رَوَاهُ الدَّارِمِيُّ وَالدَّارَقُطْنِيّ","english":{"narrator":"","text":"Ibn Mas'ud reported that God's messenger said to him, \"Acquire\nknowledge and teach it to the people, learn the obligatory duties and\nteach them to the people, learn the Qur’an and teach it to the people;\nfor I am a man who will be taken away, knowledge will be taken away,\ndissensions will appear, so that two men will disagree about an obligatory duty and find no one to decide between them.” Darimi and\nDaraqutni transmitted it."}},{"id":75,"idInBook":75,"chapterId":2,"bookId":14,"arabic":"وَعَنْ أَبِي هُرَيْرَةَ قَالَ: قَالَ رَسُولُ اللَّهِ صَلَّى اللَّهُ عَلَيْهِ وَسَلَّمَ: «مَثَلُ عِلْمٍ لَا يُنْتَفَعُ بِهِ كَمَثَلِ كَنْزٍ لَا يُنْفَقُ مِنْهُ فِي سَبِيل الله» . رَوَاهُ الدَّارمِيّ","english":{"narrator":"","text":"Abu Huraira reported God’s messenger as saying, \"Knowledge from which no benefit is derived is like a treasure from which nothing is expended in God’s path.” Darimi transmitted it."}}],"chapter":{"id":2,"bookId":14,"arabic":"كتاب العلم","english":"Knowledge"}}