{
  "metadata": {
    "length": 17,
    "arabic": {
      "title": "الأدب المفرد",
      "author": "الإمام محمد بن إسماعيل البخاري",
      "introduction": "كتاب الْمَعْرُوفِ"
    },
    "english": {
      "title": "Al-Adab Al-Mufrad",
      "author": "Imam Muhammad ibn Ismail al-Bukhari",
      "introduction": "Good Conduct"
    }
  },
  "hadiths": [
    {
      "id": 1,
      "idInBook": 1,
      "chapterId": 11,
      "bookId": 15,
      "arabic": "حَدَّثَنَا عَلِيُّ بْنُ أَبِي هَاشِمٍ قَالَ‏:‏ حَدَّثَنِي نُصَيْرُ بْنُ عُمَرَ بْنِ يَزِيدَ بْنِ قَبِيصَةَ بْنِ يَزِيدَ الأَسَدِيُّ، عَنْ فُلاَنٍ قَالَ‏:‏ سَمِعْتُ بُرْمَةَ بْنَ لَيْثِ بْنِ بُرْمَةَ، أَنَّهُ سَمِعَ قَبِيصَةَ بْنَ بُرْمَةَ الأَسَدِيَّ قَالَ‏:‏ كُنْتُ عِنْدَ النَّبِيِّ صلى الله عليه وسلم فَسَمِعْتُهُ يَقُولُ‏:‏ أَهْلُ الْمَعْرُوفِ فِي الدُّنْيَا هُمْ أَهْلُ الْمَعْرُوفِ فِي الْآخِرَةِ، وَأَهْلُ الْمُنْكَرِ فِي الدُّنْيَا هُمْ أَهْلُ الْمُنْكَرِ فِي الآخِرَةِ‏.‏",
      "english": {
        "narrator": "",
        "text": "Qabisa ibn Burma al-Asadi said, \"I was with the Messenger of Allah,\nmay Allah bless him and grant him peace, and I heard him say, 'The people\nof correctness in this world are the people of correctness in the Next\nWorld. The people of the incorrect in this world are the people of the\nincorrect in the Next World.\""
      },
      "turkish": {
        "narrator": "",
        "text": "Kâbisa ibn Burmâ el-Esedî dedi ki: \"Ben Allah'ın Resulü ile beraber idim, O'nu şöyle derken duydum: 'Bu dünyada doğru olanların halkı, ahirette de doğru olanların halkıdır. Bu dünyada yanlış olanların halkı, ahirette de yanlış olanların halkıdır.'\""
      }
    },
    {
      "id": 2,
      "idInBook": 2,
      "chapterId": 11,
      "bookId": 15,
      "arabic": "حَدَّثَنَا مُوسَى بْنُ إِسْمَاعِيلَ، قَالَ‏:‏ حَدَّثَنَا عَبْدُ اللهِ بْنُ حَسَّانَ الْعَنْبَرِيُّ، قَالَ‏:‏ حَدَّثَنَا حِبَّانُ بْنُ عَاصِمٍ، وَكَانَ حَرْمَلَةُ أَبَا أُمِّهِ، فَحَدَّثَتْنِي صَفِيَّةُ ابْنَةُ عُلَيْبَةَ، وَدُحَيْبَةُ ابْنَةُ عُلَيْبَةَ، وَكَانَ جَدَّهُمَا حَرْمَلَةُ أَبَا أَبِيهِمَا، أَنَّهُ أَخْبَرَهُمْ، عَنْ حَرْمَلَةَ بْنِ عَبْدِ اللهِ، أَنَّهُ خَرَجَ حَتَّى أَتَى النَّبِيَّ صلى الله عليه وسلم، فَكَانَ عِنْدَهُ حَتَّى عَرَفَهُ النَّبِيُّ صلى الله عليه وسلم، فَلَمَّا ارْتَحَلَ قُلْتُ فِي نَفْسِي‏:‏ وَاللَّهِ لَآتِيَنَّ النَّبِيَّ صلى الله عليه وسلم حَتَّى أَزْدَادَ مِنَ الْعِلْمِ، فَجِئْتُ أَمْشِي حَتَّى قُمْتُ بَيْنَ يَدَيْهِ فَقُلْتُ مَا تَأْمُرُنِي أَعْمَلُ‏؟‏ قَالَ‏:‏ يَا حَرْمَلَةُ، ائْتِ الْمَعْرُوفَ، وَاجْتَنَبِ الْمُنْكَرَ، ثُمَّ رَجَعْتُ، حَتَّى جِئْتُ الرَّاحِلَةَ، ثُمَّ أَقْبَلْتُ حَتَّى قُمْتُ مَقَامِي قَرِيبًا مِنْهُ، فَقُلْتُ‏:‏ يَا رَسُولَ اللهِ، مَا تَأْمُرُنِي أَعْمَلُ‏؟‏ قَالَ‏:‏ يَا حَرْمَلَةُ، ائْتِ الْمَعْرُوفَ، وَاجْتَنَبِ الْمُنْكَرَ، وَانْظُرْ مَا يُعْجِبُ أُذُنَكَ أَنْ يَقُولَ لَكَ الْقَوْمُ إِذَا قُمْتَ مِنْ عِنْدِهِمْ فَأْتِهِ، وَانْظُرِ الَّذِي تَكْرَهُ أَنْ يَقُولَ لَكَ الْقَوْمُ إِذَا قُمْتَ مِنْ عِنْدِهِمْ فَاجْتَنِبْهُ، فَلَمَّا رَجَعْتُ تَفَكَّرْتُ، فَإِذَا هُمَا لَمْ يَدَعَا شَيْئًا‏.‏",
      "english": {
        "narrator": "",
        "text": "Harmala ibn 'Abdullah went to the Prophet, may Allah bless him\nand grant him peace, and stayed with him until the Prophet, may Allah bless\nhim and grant him peace, until the Prophet, may Allah bless him and grant\nhim peace, recognised him. He said, \"When we set out, I told myself, 'By\nAllah, I will go to the Prophet, may Allah bless him and grant him peace,\nso that I will have more knowledge. I went in the evening until I was in\nfront of him. I asked, 'What do you command me to do?' He replied, 'Harmala,\ndo what is correct and avoid the incorrect.' Then I went back to the caravan.\nThen I came back again until I was in my place near him. I asked, 'Messenger\nof Allah, what do you command me to do?' He replied, 'Harmala, do what\nis correct and avoid the incorrect. Find out what you like to hear people\ntell you when you are with them. When you leave me, behave in that manner.\nFind out what you dislike for people to day to you. When you leave me,\navoid that.' When I returned, I thought that these two statements did not\nomit anything.\""
      },
      "turkish": {
        "narrator": "",
        "text": "Harmala ibn Abdullah, Allah'ın Resulü ile, O'na selam olsun, birlikte bulundu ve O'nu tanıyana kadar O'nun yanında kaldı. Dedi ki: \"Yola çıktığımda kendime, 'Allah'a yemin ederim ki, daha fazla bilgi edinmek için Allah'ın Resulü'ne gideceğim.' Akşam vakti O'nun önüne geldim. 'Bana ne yapmamı emredersin?' diye sordum. O da: 'Harmala, doğru olanı yap ve yanlış olandan sakın.' dedi. Sonra kervana döndüm. Tekrar geri döndüm ve O'nun yanındaki yerime geldim. 'Allah'ın Resulü, bana ne yapmamı emredersin?' dedim. O da: 'Harmala, doğru olanı yap ve yanlış olandan sakın. İnsanların seninle birlikteyken duymak istediği şeyleri öğren. Benden ayrıldığında, bu şekilde davran. İnsanların sana söylemesini istemediğin şeyleri öğren. Benden ayrıldığında, bunlardan sakın.' dedi. Döndüğümde, bu iki ifadenin hiçbir şeyi atlamadığını düşündüm.\""
      }
    },
    {
      "id": 3,
      "idInBook": 3,
      "chapterId": 11,
      "bookId": 15,
      "arabic": "حَدَّثَنَا الْحَسَنُ بْنُ عُمَرَ، قَالَ‏:‏ حَدَّثَنَا مُعْتَمِرٌ قَالَ‏:‏ ذَكَرْتُ لأَبِي حَدِيثَ أَبِي عُثْمَانَ، عَنْ سَلْمَانَ، أَنَّهُ قَالَ‏:‏ إِنَّ أَهْلَ الْمَعْرُوفِ فِي الدُّنْيَا هُمْ أَهْلُ الْمَعْرُوفِ فِي الْآخِرَةِ، فَقَالَ‏:‏ إِنِّي سَمِعْتُهُ مِنْ أَبِي عُثْمَانَ يُحَدِّثُهُ، عَنْ سَلْمَانَ، فَعَرَفْتُ أَنَّ ذَاكَ كَذَاكَ، فَمَا حَدَّثْتُ بِهِ أَحَدًا قَطُّ‏.‏",
      "english": {
        "narrator": "",
        "text": "Salman said, \"The people of correctness in this world are the people\nof correctness in the Next World.\""
      },
      "turkish": {
        "narrator": "",
        "text": "Selman dedi ki: \"Bu dünyada doğru olanların halkı, ahirette de doğru olanların halkıdır.\""
      }
    },
    {
      "id": 4,
      "idInBook": 4,
      "chapterId": 11,
      "bookId": 15,
      "arabic": "حَدَّثَنَا عَلِيُّ بْنُ عَيَّاشٍ، قَالَ‏:‏ حَدَّثَنَا أَبُو غَسَّانَ قَالَ‏:‏ حَدَّثَنِي مُحَمَّدُ بْنُ الْمُنْكَدِرِ، عَنْ جَابِرِ بْنِ عَبْدِ اللهِ، عَنِ النَّبِيِّ صلى الله عليه وسلم قَالَ‏:‏ كُلُّ مَعْرُوفٍ صَدَقَةٌ‏.‏",
      "english": {
        "narrator": "",
        "text": "Jabir ibn 'Abdullah reported that the Messenger of Allah, may Allah\nbless him and grant him peace, said, \"Every correct action is sadaqa.\""
      },
      "turkish": {
        "narrator": "",
        "text": "Câbir ibn Abdullah, Allah'ın Resulü'nün, O'na selam olsun, şöyle dediğini bildirdi: \"Her doğru eylem sadakadır.\""
      }
    },
    {
      "id": 5,
      "idInBook": 5,
      "chapterId": 11,
      "bookId": 15,
      "arabic": "حَدَّثَنَا آدَمُ بْنُ أَبِي إِيَاسٍ، قَالَ‏:‏ حَدَّثَنَا شُعْبَةُ قَالَ‏:‏ حَدَّثَنِي سَعِيدُ بْنُ أَبِي بُرْدَةَ بْنِ أَبِي مُوسَى، عَنْ أَبِيهِ، عَنْ جَدِّهِ قَالَ‏:‏ قَالَ النَّبِيُّ صلى الله عليه وسلم‏:‏ عَلَى كُلِّ مُسْلِمٍ صَدَقَةٌ، قَالُوا‏:‏ فَإِنْ لَمْ يَجِدْ‏؟‏ قَالَ‏:‏ فَيَعْتَمِلُ بِيَدَيْهِ، فَيَنْفَعُ نَفْسَهُ، وَيَتَصَدَّقُ، قَالُوا‏:‏ فَإِنْ لَمْ يَسْتَطِعْ، أَوْ لَمْ يَفْعَلْ‏؟‏ قَالَ‏:‏ فَيُعِينُ ذَا الْحَاجَةِ الْمَلْهُوفَ، قَالُوا‏:‏ فَإِنْ لَمْ يَفْعَلْ‏؟‏ قَالَ‏:‏ فَيَأْمُرُ بِالْخَيْرِ، أَوْ يَأْمُرُ بِالْمَعْرُوفِ، قَالُوا‏:‏ فَإِنْ لَمْ يَفْعَلْ‏؟‏ قَالَ‏:‏ فَيُمْسِكُ عَنِ الشَّرِّ، فَإِنَّهُ لَهُ صَدَقَةٌ‏.‏",
      "english": {
        "narrator": "",
        "text": "Abu Musa reported that the Prophet, may Allah bless him and grant\nhim peace, said, \"Every Muslim must give sadaqa.\" They said, \"And if he\ndoes not find anything (to give)?\" He replied, \"Then he should work his\nhands, benefit himself and then give sadaqa.\" They asked, \"And if he is\nunable to or does not do it?\" He replied, \"Then he should help someone\nwith a great need.\" They said, \"And if he does not do it?\" He replied,\n\"Then he should command the good or command the correct.\" They said, \"And\nif he does not do that?\" They said, \"He should refrain from evil. That\nis sadaqa for him.\""
      },
      "turkish": {
        "narrator": "",
        "text": "Ebu Musa, Allah'ın Resulü'nün, O'na selam olsun, şöyle dediğini bildirdi: \"Her Müslüman sadaka vermelidir.\" Onlar: \"Peki, bir şey bulamazsa?\" dediler. O da: \"O zaman elleriyle çalışmalı, kendisine fayda sağlamalı ve sonra sadaka vermelidir.\" dedi. Onlar: \"Peki, bunu yapamazsa ya da yapmazsa?\" dediler. O da: \"O zaman birine büyük bir ihtiyacı olan birine yardım etmelidir.\" dedi. Onlar: \"Peki, bunu da yapmazsa?\" dediler. O da: \"O zaman iyiliği emretmeli veya doğruyu emretmelidir.\" dedi. Onlar: \"Peki, bunu da yapmazsa?\" dediler. O da: \"Kötülükten sakınmalıdır. Bu da onun için sadakadır.\" dedi."
      }
    },
    {
      "id": 6,
      "idInBook": 6,
      "chapterId": 11,
      "bookId": 15,
      "arabic": "حَدَّثَنَا مُسَدَّدٌ، قَالَ‏:‏ حَدَّثَنَا يَحْيَى، عَنْ هِشَامِ بْنِ عُرْوَةَ قَالَ‏:‏ حَدَّثَنِي أَبِي، أَنَّ أَبَا مُرَاوِحٍ الْغِفَارِيَّ أَخْبَرَهُ، أَنَّ أَبَا ذَرٍّ أَخْبَرَهُ، أَنَّهُ سَأَلَ رَسُولَ اللهِ صلى الله عليه وسلم‏:‏ أَيُّ الْعَمَلِ أَفْضَلُ‏؟‏ قَالَ‏:‏ إِيمَانٌ بِاللَّهِ، وَجِهَادٌ فِي سَبِيلِهِ، قَالَ‏:‏ فَأَيُّ الرِّقَابِ أَفْضَلُ‏؟‏ قَالَ‏:‏ أَغْلاَهَا ثَمَنًا، وَأَنْفَسُهَا عِنْدَ أَهْلِهَا، قَالَ‏:‏ أَرَأَيْتَ إِنْ لَمْ أَفْعَلْ‏؟‏ قَالَ‏:‏ تُعِينُ ضَائِعًا، أَوْ تَصْنَعُ لأَخْرَقَ، قَالَ‏:‏ أَرَأَيْتَ إِنْ لَمْ أَفْعَلَ‏؟‏ قَالَ‏:‏ تَدَعُ النَّاسَ مِنَ الشَّرِّ، فَإِنَّهَا صَدَقَةٌ تَصَدَّقُ بِهَا عَنْ نَفْسِكَ‏.‏",
      "english": {
        "narrator": "",
        "text": "Same as 220."
      },
      "turkish": {
        "narrator": "",
        "text": "220 ile aynı."
      }
    },
    {
      "id": 7,
      "idInBook": 7,
      "chapterId": 11,
      "bookId": 15,
      "arabic": "حَدَّثَنَا أَبُو النُّعْمَانِ قَالَ‏:‏ حَدَّثَنِي مَهْدِيُّ بْنُ مَيْمُونٍ، عَنْ وَاصِلٍ مَوْلَى أَبِي عُيَيْنَةَ، عَنْ يَحْيَى بْنِ عَقِيلٍ، عَنْ يَحْيَى بْنِ يَعْمَُرَ، عَنْ أَبِي الأَسْوَدِ الدِّيلِيِّ، عَنْ أَبِي ذَرٍّ قَالَ‏:‏ قِيلَ‏:‏ يَا رَسُولَ اللهِ، ذَهَبَ أَهْلُ الدُّثُورِ بِالأُجُورِ، يُصَلُّونَ كَمَا نُصَلِّي، وَيَصُومُونَ كَمَا نَصُومُ، وَيَتَصَدَّقُونَ بِفُضُولِ أَمْوَالِهِمْ، قَالَ‏:‏ أَلَيْسَ قَدْ جَعَلَ اللَّهُ لَكُمْ مَا تَصَدَّقُونَ‏؟‏ إِنَّ بِكُلِّ تَسْبِيحَةٍ وَتَحْمِيدَةٍ صَدَقَةً، وَبُضْعُ أَحَدِكُمْ صَدَقَةٌ، قِيلَ‏:‏ فِي شَهْوَتِهِ صَدَقَةٌ‏؟‏ قَالَ‏:‏ لَوْ وُضِعَ فِي الْحَرَامِ، أَلَيْسَ كَانَ عَلَيْهِ وِزْرٌ‏؟‏ ذَلِكَ إِنْ وَضَعَهَا فِي الْحَلاَلِ كَانَ لَهُ أَجْرٌ‏.‏",
      "english": {
        "narrator": "",
        "text": "Abu Dharr reported that it was said, \"Messenger of Allah, the wealthy\npeople have taken all the rewards. They pray as we pray. They fast as we\nfast, but they give sadaqa from their excess wealth.\" He said, \"Has Allah\nnot given you something to give as sadaqa? Every time you praise or glorify\nAllah, that is sadaqa. There is sadaqa is sexual intercourse.\" He was asked,\n\"Is there sadaqa in satisfying one's appetite?\" He replied, \"If he does\nit in a haram manner, is that not a wrong action? Similarly if he does\nit in a halal manner, he receives a reward.\""
      },
      "turkish": {
        "narrator": "",
        "text": "Ebu Dharr, \"Allah'ın Resulü, O'na selam olsun, şöyle dedi: 'Ey Allah'ın Resulü, zenginler bütün sevapları aldılar. Onlar bizim gibi namaz kılıyorlar. Bizim gibi oruç tutuyorlar, ama fazladan mallarından sadaka veriyorlar.' Dedi ki: 'Allah size sadaka vermeniz için bir şey vermedi mi? Her zaman Allah'ı övdüğünüzde, bu sadakadır. Cinsel ilişki de sadakadır.' diye cevap verdi. Soruldu: 'İnsanın iştahını tatmin etmesinde sadaka var mı?' O da: 'Eğer bunu haram bir şekilde yaparsa, bu yanlış bir eylem değil midir? Aynı şekilde, eğer bunu helal bir şekilde yaparsa, o da bir sevap alır.' dedi.\""
      }
    },
    {
      "id": 8,
      "idInBook": 8,
      "chapterId": 11,
      "bookId": 15,
      "arabic": "حَدَّثَنَا أَبُو عَاصِمٍ، عَنْ أَبَانَ بْنِ صَمْعَةَ، عَنْ أَبِي الْوَازِعِ جَابِرٍ، عَنْ أَبِي بَرْزَةَ الأَسْلَمِيِّ قَالَ‏:‏ قُلْتُ‏:‏ يَا رَسُولَ اللهِ، دُلَّنِي عَلَى عَمَلٍ يُدْخِلُنِي الْجَنَّةَ، قَالَ‏:‏ أَمِطِ الأَذَى عَنْ طَرِيقِ النَّاسِ‏.‏",
      "english": {
        "narrator": "",
        "text": "Abu Barza al-Aslami said, \"I said, 'Messenger of Allah, show me\nan action by which I will enter the Garden!\" He said, 'Remove harmful things\nfrom people's path.'\""
      },
      "turkish": {
        "narrator": "",
        "text": "Ebu Barza el-Eslemî dedi ki: \"Ben: 'Ey Allah'ın Resulü, beni Cennete sokacak bir eylem göster!' dedim. O da: 'İnsanların yolundan zararlı şeyleri kaldır.' dedi.\""
      }
    },
    {
      "id": 9,
      "idInBook": 9,
      "chapterId": 11,
      "bookId": 15,
      "arabic": "حَدَّثَنَا مُوسَى، قَالَ‏:‏ حَدَّثَنَا وُهَيْبٌ، عَنْ سُهَيْلٍ، عَنْ أَبِيهِ، عَنْ أَبِي هُرَيْرَةَ رَضِيَ اللَّهُ عَنْهُ، عَنِ النَّبِيِّ صلى الله عليه وسلم قَالَ‏:‏ مَرَّ رَجُلٌ مُسْلِمٌ بِشَوْكٍ فِي الطَّرِيقِ، فَقَالَ‏:‏ لَأُمِيطَنَّ هَذَا الشَّوْكَ، لاَ يَضُرُّ رَجُلاً مُسْلِمًا، فَغُفِرَ لَهُ‏.‏",
      "english": {
        "narrator": "",
        "text": "Abu Hurayra reported that the Prophet, may Allah bless him and\ngrant him peace, said, \"A man came across a thorn in the road and said,\n'I will remove this thorn so that it does not harm a Muslim man.' For that\nreason he was forgiven.\""
      },
      "turkish": {
        "narrator": "",
        "text": "Ebu Hureyre, Allah'ın Resulü'nün, O'na selam olsun, şöyle dediğini bildirdi: \"Bir adam yolda bir dikene rastladı ve: 'Bu dikeni kaldıracağım ki, bir Müslüman erkeğe zarar vermesin.' dedi. Bu yüzden affedildi.\""
      }
    },
    {
      "id": 10,
      "idInBook": 10,
      "chapterId": 11,
      "bookId": 15,
      "arabic": "حَدَّثَنَا مُوسَى، قَالَ‏:‏ حَدَّثَنَا مَهْدِيٌّ، عَنْ وَاصِلٍ، عَنْ يَحْيَى بْنِ عَقِيلٍ، عَنْ يَحْيَى بْنِ يَعْمَُرَ، عَنْ أَبِي الأَسْوَدِ الدِّيلِيِّ، عَنْ أَبِي ذَرٍّ قَالَ‏:‏ قَالَ رَسُولُ اللهِ صلى الله عليه وسلم‏:‏ عُرِضَتْ عَلَيَّ أَعْمَالُ أُمَّتِي، حَسَنُهَا وَسَيِّئُهَا، فَوَجَدْتُ فِي مَحَاسِنِ أَعْمَالِهَا أَنَّ الأَذَى يُمَاطُ عَنِ الطَّرِيقِ، وَوَجَدْتُ فِي مَسَاوِئِ أَعْمَالِهَا‏:‏ النُّخَاعَةَ فِي الْمَسْجِدِ لاَ تُدْفَنُ‏.‏",
      "english": {
        "narrator": "",
        "text": "Abu Dharr reported that the Messenger of Allah, may Allah bless\nhim and grant him peace, said, \"I was shown the actions of my Community\n- both good and evil - and I found that one of their good actions\nis removing harmful things from the road, I found that one of the evil\nactions was spit in the mosque which is not buried.\""
      },
      "turkish": {
        "narrator": "",
        "text": "Ebu Dharr, Allah'ın Resulü'nün, O'na selam olsun, şöyle dediğini bildirdi: \"Bana ümmetimin eylemleri - hem iyi hem de kötü - gösterildi ve onların iyi eylemlerinden birinin yoldan zararlı şeyleri kaldırmak olduğunu, kötü eylemlerinden birinin de camide gömülmemiş tükürük olduğunu gördüm.\""
      }
    },
    {
      "id": 11,
      "idInBook": 11,
      "chapterId": 11,
      "bookId": 15,
      "arabic": "حَدَّثَنَا بِشْرُ بْنُ مُحَمَّدٍ، قَالَ‏:‏ أَخْبَرَنَا عَبْدُ اللهِ، قَالَ‏:‏ أَخْبَرَنَا عَبْدُ الْجَبَّارِ بْنُ العَبَّاسِ الْهَمْدَانِيُّ، عَنْ عَدِيِّ بْنِ ثَابِتٍ، عَنْ عَبْدِ اللهِ بْنِ يَزِيدَ الْخَطْمِيِّ قَالَ‏:‏ قَالَ رَسُولُ اللهِ صلى الله عليه وسلم‏:‏ كُلُّ مَعْرُوفٍ صَدَقَةٌ‏.‏",
      "english": {
        "narrator": "",
        "text": "'Abdullah ibn al-Khatami reported that the Messenger of Allah,\nmay Allah bless him and grant him peace, said, \"Every act of kindness is\nsadaqa.\""
      },
      "turkish": {
        "narrator": "",
        "text": "Abdullah ibn el-Hatami, Allah'ın Resulü'nün, O'na selam olsun, şöyle dediğini bildirdi: \"Her iyilik eylemi sadakadır.\""
      }
    },
    {
      "id": 12,
      "idInBook": 12,
      "chapterId": 11,
      "bookId": 15,
      "arabic": "حَدَّثَنَا سَعِيدُ بْنُ سُلَيْمَانَ، قَالَ‏:‏ حَدَّثَنَا مُبَارَكٌ، عَنْ ثَابِتٍ، عَنْ أَنَسٍ قَالَ‏:‏ كَانَ النَّبِيُّ صلى الله عليه وسلم إِذَا أُتِيَ بِالشَّيْءِ يَقُولُ‏:‏ اذْهَبُوا بِهِ إِلَى فُلاَنَةٍ، فَإِنَّهَا كَانَتْ صَدِيقَةَ خَدِيجَةَ‏.‏ اذْهَبُوا بِهِ إِلَى بَيْتِ فُلاَنَةٍ، فَإِنَّهَا كَانَتْ تُحِبُّ خَدِيجَةَ‏.‏",
      "english": {
        "narrator": "",
        "text": "Anas said, \"When the Prophet, may Allah bless him and grant him\npeace, was given something, he used to say, 'Take it to so-and-so. She\nwas a friend of Khadija's. Take it to the house of so-and-so. She loved\nKhadija.\""
      },
      "turkish": {
        "narrator": "",
        "text": "Enes dedi ki: \"Allah'ın Resulü, O'na selam olsun, bir şey verildiğinde, 'Şunu filan yere götürün. O, Hatice'nin arkadaşıydı. Şunu filan evine götürün. O, Hatice'yi severdi.' derdi.\""
      }
    },
    {
      "id": 13,
      "idInBook": 13,
      "chapterId": 11,
      "bookId": 15,
      "arabic": "حَدَّثَنَا مُحَمَّدُ بْنُ كَثِيرٍ، قَالَ‏:‏ أَخْبَرَنَا سُفْيَانُ، عَنْ أَبِي مَالِكٍ الأَشْجَعِيِّ، عَنْ رِبْعِيٍّ، عَنْ حُذَيْفَةَ قَالَ‏:‏ قَالَ نَبِيُّكُمْ صلى الله عليه وسلم‏:‏ كُلُّ مَعْرُوفٍ صَدَقَةٌ‏.‏",
      "english": {
        "narrator": "",
        "text": "Same as 231, but from Hudhayfa."
      },
      "turkish": {
        "narrator": "",
        "text": "231 ile aynı, ancak Hudhayfa'dan."
      }
    },
    {
      "id": 14,
      "idInBook": 14,
      "chapterId": 11,
      "bookId": 15,
      "arabic": "حَدَّثَنَا إِسْحَاقُ بْنُ مَخْلَدٍ، عَنْ حَمَّادِ بْنِ أُسَامَةَ، عَنْ مِسْعَرٍ، قَالَ‏:‏ حَدَّثَنَا عُمَرُ بْنُ قَيْسٍ، عَنْ عَمْرِو بْنِ أَبِي قُرَّةَ الْكِنْدِيِّ قَالَ‏:‏ عَرَضَ أَبِي عَلَى سَلْمَانَ أُخْتَهُ، فَأَبَى وَتَزَوَّجَ مَوْلاَةً لَهُ، يُقَالُ لَهَا‏:‏ بُقَيْرَةُ، فَبَلَغَ أَبَا قُرَّةَ أَنَّهُ كَانَ بَيْنَ حُذَيْفَةَ وَسَلْمَانَ شَيْءٌ، فَأَتَاهُ يَطْلُبُهُ، فَأَخْبَرَ أَنَّهُ فِي مَبْقَلَةٍ لَهُ، فَتَوَجَّهَ إِلَيْهِ، فَلَقِيَهُ مَعَهُ زَبِيلٌ فِيهِ بَقْلٌ، قَدْ أَدْخَلَ عَصَاهُ فِي عُرْوَةِ الزَّبِيلِ، وَهُوَ عَلَى عَاتِقِهِ، فَقَالَ‏:‏ يَا أَبَا عَبْدِ اللهِ، مَا كَانَ بَيْنَكَ وَبَيْنَ حُذَيْفَةَ‏؟‏ قَالَ‏:‏ يَقُولُ سَلْمَانُ‏:‏ ‏{‏وَكَانَ الإِنْسَانُ عَجُولاً‏}‏، فَانْطَلَقَا حَتَّى أَتَيَا دَارَ سَلْمَانَ، فَدَخَلَ سَلْمَانُ الدَّارَ فَقَالَ‏:‏ السَّلاَمُ عَلَيْكُمْ، ثُمَّ أَذِنَ لأَبِي قُرَّةَ، فَدَخَلَ، فَإِذَا نَمَطٌ مَوْضُوعٌ عَلَى بَابٍ، وَعِنْدَ رَأْسِهِ لَبِنَاتٌ، وَإِذَا قُرْطَاطٌ، فَقَالَ‏:‏ اجْلِسْ عَلَى فِرَاشِ مَوْلاَتِكَ الَّتِي تُمَهِّدُ لِنَفْسِهَا، ثُمَّ أَنْشَأَ يُحَدِّثُهُ فَقَالَ‏:‏ إِنَّ حُذَيْفَةَ كَانَ يُحَدِّثُ بِأَشْيَاءَ، كَانَ يَقُولُهَا رَسُولُ اللهِ صلى الله عليه وسلم فِي غَضَبِهِ لأَقْوَامٍ، فَأُوتَى فَأُسْأَلُ عَنْهَا‏؟‏ فَأَقُولُ‏:‏ حُذَيْفَةُ أَعْلَمُ بِمَا يَقُولُ، وَأَكْرَهُ أَنْ تَكُونَ ضَغَائِنُ بَيْنَ أَقْوَامٍ، فَأُتِيَ حُذَيْفَةُ، فَقِيلَ لَهُ‏:‏ إِنَّ سَلْمَانَ لاَ يُصَدِّقُكَ وَلاَ يُكَذِّبُكَ بِمَا تَقُولُ، فَجَاءَنِي حُذَيْفَةُ فَقَالَ‏:‏ يَا سَلْمَانُ ابْنَ أُمِّ سَلْمَانَ، فَقُلْتُ يَا حُذَيْفَةُ ابْنَ أُمِّ حُذَيْفَةَ، لَتَنْتَهِيَنَّ، أَوْ لَأَكْتُبَنَّ فِيكَ إِلَى عُمَرَ، فَلَمَّا خَوَّفْتُهُ بِعُمَرَ تَرَكَنِي، وَقَدْ قَالَ رَسُولُ اللهِ صلى الله عليه وسلم‏:‏ مِنْ وَلَدِ آدَمَ أَنَا، فَأَيُّمَا عَبْدٌ مِنْ أُمَّتِي لَعَنْتُهُ لَعْنَةً، أَوْ سَبَبْتُهُ سَبَّةً، فِي غَيْرِ كُنْهِهِ، فَاجْعَلْهَا عَلَيْهِ صَلاةً‏",
      "english": {
        "narrator": "",
        "text": "'Amr ibn Qurra al-Kindi said, \"My father offered his sister in\nmarriage to Salman. He refused and then married a mawla of his called Buqayra.\nAbu Qurra heard that there were bad feelings between Hudhayfa and Salman.\nHe went to talk to him (Salman) about this. He was told that he was in\na vegetable garden which belonged to him and went and met him there. Salman\nhad a sack of vegetables. He put his stick in the knot of the sack and\nput it on his shoulder. Abu Qurra asked, 'Abu 'Abdullah, what is the trouble\nbetween you and Hudhayfa?' Salman replied, 'Man is prone to be impetuous.'\n(17:11)"
      },
      "turkish": {
        "narrator": "",
        "text": "Amr ibn Kurra el-Kindî dedi ki: \"Babam kız kardeşini Selman'a nikah etti. O, kabul etmedi ve kendisine Buqayra adında bir mawlâ ile evlendi. Ebu Kurra, Hudhayfa ile Selman arasında kötü hisler olduğunu duydu. Bunun hakkında Selman ile konuşmak için gitti. Ona, kendisine ait bir sebze bahçesinde olduğunu söylediler ve orada onunla buluştu. Selman bir torba sebze taşıyordu. Sopasını torbanın düğümüne soktu ve omzuna koydu. Ebu Kurra: 'Ebu Abdullah, seninle Hudhayfa arasında ne sorun var?' diye sordu. Selman: 'İnsan aceleci olmaya meyillidir.' diye cevap verdi.\""
      }
    },
    {
      "id": 15,
      "idInBook": 15,
      "chapterId": 11,
      "bookId": 15,
      "arabic": "حَدَّثَنَا ابْنُ أَبِي شَيْبَةَ، قَالَ‏:‏ حَدَّثَنَا يَحْيَى بْنُ عِيسَى، عَنِ الأَعْمَشِ، عَنْ حَبِيبٍ، عَنْ سَعِيدِ بْنِ جُبَيْرٍ، عَنِ ابْنِ عَبَّاسٍ قَالَ‏:‏ قَالَ عُمَرُ رَضِيَ اللَّهُ عَنْهُ‏:‏ اخْرُجُوا بِنَا إِلَى أَرْضِ قَوْمِنَا‏.‏ فَخَرَجْنَا، فَكُنْتُ أَنَا وَأُبَيُّ بْنُ كَعْبٍ فِي مُؤَخَّرِ النَّاسِ، فَهَاجَتْ سَحَابَةٌ، فَقَالَ أُبَيُّ‏:‏ اللَّهُمَّ اصْرِفْ عَنَّا أَذَاهَا‏.‏ فَلَحِقْنَاهُمْ، وَقَدِ ابْتَلَّتْ رِحَالُهُمْ، فَقَالُوا‏:‏ مَا أَصَابَكُمُ الَّذِي أَصَابَنَا‏؟‏ قُلْتُ‏:‏ إِنَّهُ دَعَا اللَّهَ عَزَّ وَجَلَّ أَنْ يَصْرِفَ عَنَّا أَذَاهَا، فَقَالَ عُمَرُ‏:‏ أَلاَ دَعَوْتُمْ لَنَا مَعَكُمْ‏.‏",
      "english": {
        "narrator": "",
        "text": "Ibn 'Abbas said, \" 'Umar said, 'Let us go forth to the land of\nour people.' Ubayy ibn Ka'b and I were at the back of the people. A cloud\ngathered. Ubayy said, 'O Allah, remove its harm from us!' We met the people\nand their mounts were wet. They said, 'What fell on us did not fall on\nyou!' I said, 'He asked Allah Almighty to remove its harm from us.' 'Umar\nsaid, 'Why didn't you include us in your supplication?'\""
      },
      "turkish": {
        "narrator": "",
        "text": "İbn Abbas dedi ki: \"'Ömer dedi ki: 'Halkımızın topraklarına gidelim.' Ubayy ibn Ka'b ve ben halkın arkasındaydık. Bir bulut toplandı. Ubayy: 'Ya Allah, bunun zararını bizden kaldır!' dedi. Halkla karşılaştıklarında, onların binekleri ıslaktı. Onlar: 'Üzerimize düşen, size düşmedi!' dediler. Ben: 'O, Allah Teâlâ'dan bunun zararını bizden kaldırmasını istedi.' dedim. Ömer: 'Neden duanıza bizi dahil etmediniz?' dedi.\""
      }
    },
    {
      "id": 16,
      "idInBook": 16,
      "chapterId": 11,
      "bookId": 15,
      "arabic": "حَدَّثَنَا مُعَاذُ بْنُ فَضَالَةَ، قَالَ‏:‏ حَدَّثَنَا هِشَامٌ الدَّسْتُوَائِيُّ، عَنْ يَحْيَى بْنِ أَبِي كَثِيرٍ، عَنْ أَبِي سَلَمَةَ قَالَ‏:‏ أَتَيْتُ أَبَا سَعِيدٍ الْخُدْرِيَّ، وَكَانَ لِي صَدِيقًا، فَقُلْتُ‏:‏ أَلاَ تَخْرُجُ بِنَا إِلَى النَّخْلِ‏؟‏ فَخَرَجَ، وَعَلَيْهِ خَمِيصَةٌ لَهُ‏.‏",
      "english": {
        "narrator": "",
        "text": "Abu Salama said, \"We went to Abu Sa'id al-Khudri with a friend.\nI said, 'Will you go with us to the date palms?' He went out wearing a\nblack-bordered cloak of his.\""
      },
      "turkish": {
        "narrator": "",
        "text": "Ebu Salama dedi ki, \"Bir arkadaşla birlikte Ebu Sa'id el-Hudri'ye gittik. Ben, 'Bizimle hurma ağaçlarına gider misin?' dedim. O, siyah kenarlı bir hırka giyerek dışarı çıktı.\""
      }
    },
    {
      "id": 17,
      "idInBook": 17,
      "chapterId": 11,
      "bookId": 15,
      "arabic": "حَدَّثَنَا مُحَمَّدُ بْنُ سَلامٍ، قَالَ‏:‏ أَخْبَرَنَا مُحَمَّدُ بْنُ الْفُضَيْلِ بْنِ غَزْوَانَ، عَنْ مُغِيرَةَ، عَنْ أُمِّ مُوسَى قَالَتْ‏:‏ سَمِعْتُ عَلِيًّا صَلَوَاتُ اللهِ عَلَيْهِ يَقُولُ‏:‏ أَمَرَ النَّبِيُّ صلى الله عليه وسلم عَبْدَ اللهِ بْنَ مَسْعُودٍ أَنْ يَصْعَدَ شَجَرَةً فَيَأْتِيَهُ مِنْهَا بِشَيْءٍ، فَنَظَرَ أَصْحَابُهُ إِلَى سَاقِ عَبْدِ اللهِ فَضَحِكُوا مِنْ حُمُوشَةِ سَاقَيْهِ، فَقَالَ رَسُولُ اللهِ صلى الله عليه وسلم‏:‏ مَا تَضْحَكُونَ‏؟‏ لَرِجْلُ عَبْدِ اللهِ أَثْقَلُ فِي الْمِيزَانِ مِنْ أُحُدٍ‏.‏",
      "english": {
        "narrator": "",
        "text": "Umm Musa said, \"I heard 'Ali say that the Prophet, may Allah bless\nhim and grant him peace, commanded 'Abdullah ibn Mas'ud to climb a tree\nand bring him something from it. His Companions looked at 'Abdullah's thigh\nand laughed at its thinness. The Messenger of Allah, may Allah bless him\nand grant him peace, said, 'Why are you laughing? 'Abdullah's foot is heavier\nin the balance than the mountain of Uhud.'\""
      },
      "turkish": {
        "narrator": "",
        "text": "---"
      }
    }
  ],
  "chapter": {
    "id": 11,
    "bookId": 15,
    "arabic": "كتاب الْمَعْرُوفِ",
    "english": "Good Conduct"
  }
}