{"metadata":{"length":9,"arabic":{"title":"الأدب المفرد","author":"الإمام محمد بن إسماعيل البخاري","introduction":"كتاب الأكَابِرِ"},"english":{"title":"Al-Adab Al-Mufrad","author":"Imam Muhammad ibn Ismail al-Bukhari","introduction":"The Elderly"}},"hadiths":[{"id":1,"idInBook":1,"chapterId":18,"bookId":15,"arabic":"حَدَّثَنَا أَحْمَدُ بْنُ عِيسَى، قَالَ‏:‏ حَدَّثَنَا عَبْدُ اللهِ بْنُ وَهْبٍ، عَنْ أَبِي صَخْرٍ، عَنِ ابْنِ قُسَيْطٍ، عَنْ أَبِي هُرَيْرَةَ، عَنِ النَّبِيِّ صلى الله عليه وسلم قَالَ‏:‏ مَنْ لَمْ يَرْحَمْ صَغِيرَنَا، وَيَعْرِفْ حَقَّ كَبِيرِنَا، فَلَيْسَ مِنَّا‏.‏","english":{"narrator":"","text":"Abu Hurayra reported that the Prophet, may Allah bless him and\ngrant him peace, said, \"Anyone who does not show mercy to our children\nnor acknowledge the right of our old people is not one of us.\""}},{"id":2,"idInBook":2,"chapterId":18,"bookId":15,"arabic":"حَدَّثَنَا عَلِيٌّ، قَالَ‏:‏ حَدَّثَنَا سُفْيَانُ، حَدَّثَنَا ابْنُ أَبِي جُرَيْجٍ، عَنْ عُبَيْدِ اللهِ بْنِ عَامِرٍ، عَنْ عَبْدِ اللهِ بْنِ عَمْرِو بْنِ الْعَاصِ، يَبْلُغُ بِهِ النَّبِيَّ صلى الله عليه وسلم، قَالَ‏:‏ مَنْ لَمْ يَرْحَمْ صَغِيرَنَا، وَيَعْرِفْ حَقَّ كَبِيرِنَا، فَلَيْسَ مِنَّا‏.‏","english":{"narrator":"","text":"'Abdullah ibn 'Amr ibn al-'As reported that it reached him that\nthe Prophet, may Allah bless him and grant him peace, said, \"Anyone who\ndoes not show mercy to our children nor acknowledge the right of our old\npeople is not one of us.\""}},{"id":3,"idInBook":3,"chapterId":18,"bookId":15,"arabic":"حَدَّثَنَا عَبْدَةُ، عَنْ مُحَمَّدِ بْنِ إِسْحَاقَ، عَنْ عَمْرِو بْنِ شُعَيْبٍ، عَنْ أَبِيهِ، عَنْ جَدِّهِ قَالَ‏:‏ قَالَ رَسُولُ اللهِ صلى الله عليه وسلم‏:‏ لَيْسَ مِنَّا مَنْ لَمْ يَعْرِفْ حَقَّ كَبِيرِنَا، وَيَرْحَمْ صَغِيرَنَا‏.‏","english":{"narrator":"","text":"The same from 'Amr ibn Shu'ayb."}},{"id":4,"idInBook":4,"chapterId":18,"bookId":15,"arabic":"حَدَّثَنَا مَحْمُودٌ، قَالَ‏:‏ حَدَّثَنَا يَزِيدُ بْنُ هَارُونَ، أَخْبَرَنَا الْوَلِيدُ بْنُ جَمِيلٍ، عَنِ الْقَاسِمِ بْنِ عَبْدِ الرَّحْمَنِ، عَنْ أَبِي أُمَامَةَ، أَنَّ رَسُولَ اللهِ صلى الله عليه وسلم قَالَ‏:‏ مَنْ لَمْ يَرْحَمْ صَغِيرَنَا، وَيُجِلَّ كَبِيرَنَا، فَلَيْسَ مِنَّا‏.‏","english":{"narrator":"","text":"The same from Abu Umama."}},{"id":5,"idInBook":5,"chapterId":18,"bookId":15,"arabic":"حَدَّثَنَا بِشْرُ بْنُ مُحَمَّدٍ، أَخْبَرَنَا عَبْدُ اللهِ، قَالَ‏:‏ أَخْبَرَنَا عَوْفٌ، عَنْ زِيَادِ بْنِ مِخْرَاقٍ قَالَ‏:‏ قَالَ أَبُو كِنَانَةَ، عَنِ الأَشْعَرِيِّ قَالَ‏:‏ إِنَّ مِنَ إِجْلاَلِ اللهِ إِكْرَامَ ذِي الشَّيْبَةِ الْمُسْلِمِ، وَحَامِلِ الْقُرْآنِ، غَيْرِ الْغَالِي فِيهِ، وَلاَ الْجَافِي عَنْهُ، وَإِكْرَامَ ذِي السُّلْطَانِ الْمُقْسِطِ‏.‏","english":{"narrator":"","text":"Al-Ash'ari said, \"Part of respect for Allah is to show respect\nto an old Muslim and to someone who knows the Qur'an, as long as he does\nnot go to excess in it nor turn away from it, and to respect a just ruler.\""}},{"id":6,"idInBook":6,"chapterId":18,"bookId":15,"arabic":"حَدَّثَنَا مُحَمَّدُ بْنُ سَلامٍ، قَالَ‏:‏ أَخْبَرَنَا جَرِيرٌ، عَنْ مُحَمَّدِ بْنِ إِسْحَاقَ، عَنْ عَمْرِو بْنِ شُعَيْبٍ، عَنْ أَبِيهِ، عَنْ عَبْدِ اللهِ بْنِ عَمْرِو بْنِ الْعَاصِ قَالَ‏:‏ قَالَ رَسُولُ اللهِ صلى الله عليه وسلم‏:‏ لَيْسَ مِنَّا مَنْ لَمْ يَرْحَمْ صَغِيرَنَا، وَيُوَقِّرْ كَبِيرَنَا‏.‏","english":{"narrator":"","text":"Same as 354."}},{"id":7,"idInBook":7,"chapterId":18,"bookId":15,"arabic":"حَدَّثَنَا سُلَيْمَانُ بْنُ حَرْبٍ، قَالَ‏:‏ حَدَّثَنَا حَمَّادُ بْنُ زَيْدٍ، عَنْ يَحْيَى بْنِ سَعِيدٍ، عَنْ بُشَيْرِ بْنِ يَسَارٍ مَوْلَى الأَنْصَارِ، عَنْ رَافِعِ بْنِ خَدِيجٍ، وَسَهْلِ بْنِ أَبِي حَثْمَةَ، أَنَّهُمَا حَدَثَا، أَوْ حَدَّثَاهُ، أَنَّ عَبْدَ اللهِ بْنَ سَهْلٍ، وَمُحَيِّصَةَ بْنَ مَسْعُودٍ، أَتَيَا خَيْبَرَ فَتَفَرَّقَا فِي النَّخْلِ، فَقُتِلَ عَبْدُ اللهِ بْنُ سَهْلٍ، فَجَاءَ عَبْدُ الرَّحْمَنِ بْنُ سَهْلٍ، وَحُوَيِّصَةُ وَمُحَيِّصَةُ ابْنَا مَسْعُودٍ إِلَى النَّبِيِّ صلى الله عليه وسلم، فَتَكَلَّمُوا فِي أَمْرِ صَاحِبِهِمْ، فَبَدَأَ عَبْدُ الرَّحْمَنِ، وَكَانَ أَصْغَرَ الْقَوْمِ، فَقَالَ لَهُ النَّبِيُّ صلى الله عليه وسلم‏:‏ كَبِّرِ الْكِبَرَ، قَالَ يَحْيَى‏:‏ لِيَلِيَ الْكَلاَمَ الأَكْبَرُ، فَتَكَلَّمُوا فِي أَمْرِ صَاحِبِهِمْ‏.‏ فَقَالَ النَّبِيُّ صلى الله عليه وسلم‏:‏ اسْتَحِقُّوا قَتِيلَكُمْ، أَوْ قَالَ‏:‏ صَاحِبَكُمْ، بِأَيْمَانِ خَمْسِينَ مِنْكُمْ، قَالُوا‏:‏ يَا رَسُولَ اللهِ، أَمْرٌ لَمْ نَرَهُ، قَالَ‏:‏ فَتُبْرِئُكُمْ يَهُودُ بِأَيْمَانِ خَمْسِينَ مِنْهُمْ، قَالُوا‏:‏ يَا رَسُولَ اللهِ، قَوْمٌ كُفَّارٌ‏.‏ فَفَدَاهُ رَسُولُ اللهِ صلى الله عليه وسلم مِنْ قِبَلِهِ‏.‏","english":{"narrator":"","text":"Rafi' ibn Khudayj and Sahl ibn Abi Hathama reported that 'Abdullah\nibn Sahl and Muhayyisa ibn Mas'ud came to Khaybar and parted when they\nwere among the palm trees. 'Abdullah ibn Sahl was murdered. 'Abdu'r-Rahman\nibn Sahl and Huwayyisa and Muhayyisa, the sons of Mas'ud came to the Prophet,\nmay Allah bless him and grant him peace, and spoke to him about their (murdered)\ncompanion. 'Abdu'r-Rahman, the youngest of those present, began to speak,\nbut the Prophet, may Allah bless him and grant him peace, said, \"Let the\noldest speak first.\" (or \"Exalt the eldest.\") They spoke about their companion\nand the Prophet, may Allah bless him and grant him peace, asked, \"Will\nfifty of you take an oath that you are entitled to the blood-money of your\nmurdered man?\" They replied, \"Messenger of Allah, this is something which\nwe did not see.\" He said, \"Then will the Jews exonerate themselves by the\noaths of fifty of them?\" They protested, \"Messenger of Allah, they are\nunbelievers!\" So the Messenger of Allah, may Allah bless him and grant\nhim peace, himself paid his blood money.\""}},{"id":8,"idInBook":8,"chapterId":18,"bookId":15,"arabic":"حَدَّثَنَا مُسَدَّدٌ، قَالَ‏:‏ حَدَّثَنَا يَحْيَى بْنُ سَعِيدٍ، عَنْ عُبَيْدِ اللهِ قَالَ‏:‏ حَدَّثَنِي نَافِعٌ، عَنِ ابْنِ عُمَرَ قَالَ‏:‏ قَالَ رَسُولُ اللهِ صلى الله عليه وسلم‏:‏ أَخْبِرُونِي بِشَجَرَةٍ مَثَلُهَا مَثَلُ الْمُسْلِمِ، تُؤْتِي أُكُلَهَا كُلَّ حِينٍ بِإِذْنِ رَبِّهَا، لاَ تَحُتُّ وَرَقَهَا، فَوَقَعَ فِي نَفْسِي النَّخْلَةُ، فَكَرِهْتُ أَنْ أَتَكَلَّمَ، وَثَمَّ أَبُو بَكْرٍ وَعُمَرُ رَضِيَ اللَّهُ عَنْهُمَا، فَلَمَّا لَمْ يَتَكَلَّمَا قَالَ النَّبِيُّ صلى الله عليه وسلم‏:‏ هِيَ النَّخْلَةُ، فَلَمَّا خَرَجْتُ مَعَ أَبِي قُلْتُ‏:‏ يَا أَبَتِ، وَقَعَ فِي نَفْسِي النَّخْلَةُ، قَالَ‏:‏ مَا مَنَعَكَ أَنْ تَقُولَهَا‏؟‏ لَوْ كُنْتَ قُلْتَهَا كَانَ أَحَبَّ إِلَيَّ مِنْ كَذَا وَكَذَا، قَالَ‏:‏ مَا مَنَعَنِي إِلاَّ لَمْ أَرَكَ، وَلاَ أَبَا بَكْرٍ تَكَلَّمْتُمَا، فَكَرِهْتُ‏.‏","english":{"narrator":"","text":"Ibn 'Umar said, \"The Messenger of Allah, may Allah bless him and\ngrant him peace, said, 'Tell me which tree is like the Muslim? It gives\nfruits at all times by the permission of its Lord and its leaves do not\nfall.' It occurred to me that it was the palm tree, but I did not want\nto speak as Abu Bakr and 'Umar, may Allah be pleased with them, were both\npresent. When they did not speak, the Prophet, may Allah bless him and\ngrant him peace, said, 'It is the palm tree.' When I left with my father,\nI said, 'Father, I thought that it was the palm,.' He asked, 'What kept\nyou from saying that? If you had said so, I would have preferred that to\nsuch-and-such.' I said, 'What kept me from doing so was that I did not\nsee you or Abu Bakr speak, so I did not like to speak out.'\""}},{"id":9,"idInBook":9,"chapterId":18,"bookId":15,"arabic":"حَدَّثَنَا عَمْرُو بْنُ مَرْزُوقٍ، قَالَ‏:‏ حَدَّثَنَا شُعْبَةُ، عَنْ قَتَادَةَ‏:‏ سَمِعْتُ مُطَرِّفًا، عَنْ حَكِيمِ بْنِ قَيْسِ بْنِ عَاصِمٍ، أَنَّ أَبَاهُ أَوْصَى عِنْدَ مَوْتِهِ بَنِيهِ فَقَالَ‏:‏ اتَّقُوا اللَّهَ وَسَوِّدُوا أَكْبَرُكُمْ، فَإِنَّ الْقَوْمَ إِذَا سَوَّدُوا أَكْبَرَهُمْ خَلَفُوا أَبَاهُمْ، وَإِذَا سَوَّدُوا أَصْغَرَهُمْ أَزْرَى بِهِمْ ذَلِكَ فِي أَكْفَائِهِمْ‏.‏ وَعَلَيْكُمْ بِالْمَالِ وَاصْطِنَاعِهِ، فَإِنَّهُ مَنْبَهَةٌ لِلْكَرِيمِ، وَيُسْتَغْنَى بِهِ عَنِ اللَّئِيمِ‏.‏ وَإِيَّاكُمْ وَمَسْأَلَةَ النَّاسِ، فَإِنَّهَا مِنْ آخِرِ كَسْبِ الرَّجُلِ‏.‏ وَإِذَا مُتُّ فَلاَ تَنُوحُوا، فَإِنَّهُ لَمْ يُنَحْ عَلَى رَسُولِ اللهِ صلى الله عليه وسلم‏.‏ وَإِذَا مُتُّ فَادْفِنُونِي بِأَرْضٍ لاَ يَشْعُرُ بِدَفْنِي بَكْرُ بْنُ وَائِلٍ، فَإِنِّي كُنْتُ أُغَافِلُهُمْ فِي الْجَاهِلِيَّةِ‏.‏","english":{"narrator":"Hakim ibn Qays ibn 'Asim reported that when his father was dying,\nhe enjoined his sons:","text":"\"Fear Allah and make the oldest among you your leaders.\nWhen people make the oldest among them their leaders, they follow their\nfathers. When they make the youngest among them their leaders, that lowers\nthem in the sight of their peers. You must have wealth and use it well.\nIt is an impetus for the generous and it will make you independent of critics.\nBeware of asking people. It is a man's last source of earning. When I die,\ndo not wail. There was no wailing for the Messenger of Allah, may Allah\nbless him and grant him peace. When I die, bury me in a land where the Bakr\nibn Wa'il will not know where I am buried. I used to waylay on the roads\nin the time of the Jahiliyya.\""}}],"chapter":{"id":18,"bookId":15,"arabic":"كتاب الأكَابِرِ","english":"The Elderly"}}