{
  "metadata": {
    "length": 4,
    "arabic": {
      "title": "الأدب المفرد",
      "author": "الإمام محمد بن إسماعيل البخاري",
      "introduction": "كتاب الإشارة"
    },
    "english": {
      "title": "Al-Adab Al-Mufrad",
      "author": "Imam Muhammad ibn Ismail al-Bukhari",
      "introduction": "Advising"
    }
  },
  "hadiths": [
    {
      "id": 1,
      "idInBook": 1,
      "chapterId": 23,
      "bookId": 15,
      "arabic": "حَدَّثَنَا مَخْلَدُ بْنُ مَالِكٍ، قَالَ‏:‏ حَدَّثَنَا عَبْدُ الرَّحْمَنِ بْنُ مَغْرَاءَ، قَالَ‏:‏ حَدَّثَنَا الْفَضْلُ بْنُ مُبَشِّرٍ، عَنْ سَالِمِ بْنِ عَبْدِ اللهِ، عَنْ أَبِيهِ، كَانَ عُمَرُ يَقُولُ لِبَنِيهِ‏:‏ إِذَا أَصْبَحْتُمْ فَتَبَدَّدُوا، وَلاَ تَجْتَمِعُوا فِي دَارٍ وَاحِدَةٍ، فَإِنِّي أَخَافُ عَلَيْكُمْ أَنْ تَقَاطَعُوا، أَوْ يَكُونَ بَيْنَكُمْ شَرٌّ‏.‏",
      "english": {
        "narrator": "",
        "text": "Salim ibn 'Abdullah reported from his father that 'Umar used to\nsay to his sons, \"Separate in the morning and do not meet together in the\nsame house. I fear that you might split up or that some evil may take place\nbetween you.\""
      },
      "turkish": {
        "narrator": "",
        "text": "Salim ibn Abdullah, babasından, 'Umar'ın oğullarına şöyle dediğini bildirmiştir: \"Sabahleyin ayrılın ve aynı evde bir araya gelmeyin. Aranızda bir ayrılık olmasından veya kötü bir şeyin meydana gelmesinden korkuyorum.\""
      }
    },
    {
      "id": 2,
      "idInBook": 2,
      "chapterId": 23,
      "bookId": 15,
      "arabic": "حَدَّثَنَا عَمْرُو بْنُ خَالِدٍ، قَالَ‏:‏ حَدَّثَنَا بَكْرٌ، عَنِ ابْنِ عَجْلاَنَ، أَنَّ وَهْبَ بْنَ كَيْسَانَ أَخْبَرَهُ، وَكَانَ وَهْبٌ أَدْرَكَ عَبْدَ اللهِ بْنَ عُمَرَ، أَنَّ ابْنَ عُمَرَ رَأَى رَاعِيًا وَغَنَمًا فِي مَكَانٍ قَبِيحٍ وَرَأَى مَكَانًا أَمْثَلَ مِنْهُ، فَقَالَ لَهُ‏:‏ وَيْحَكَ، يَا رَاعِي، حَوِّلْهَا، فَإِنِّي سَمِعْتُ رَسُولَ اللهِ صلى الله عليه وسلم يَقُولُ‏:‏ كُلُّ رَاعٍ مَسْئُولٌ عَنْ رَعِيَّتِهِ‏.‏",
      "english": {
        "narrator": "",
        "text": "Ibn 'Umar saw a shepherd with some sheep in a bad place and saw\na place which was better than it. He told him, \"Woe to you, shepherd! Move\nthem! I heard the Messenger of Allah, may Allah bless him and grant him\npeace, say, 'Every shepherd is responsible for his flock.'\""
      },
      "turkish": {
        "narrator": "",
        "text": "---"
      }
    },
    {
      "id": 3,
      "idInBook": 3,
      "chapterId": 23,
      "bookId": 15,
      "arabic": "حَدَّثَنَا أَبُو نُعَيْمٍ، قَالَ‏:‏ حَدَّثَنَا سُفْيَانُ، عَنْ أَيُّوبَ، عَنْ عِكْرِمَةَ، عَنِ ابْنِ عَبَّاسٍ، عَنِ النَّبِيِّ صلى الله عليه وسلم قَالَ‏:‏ لَيْسَ لَنَا مَثَلُ السَّوْءِ، الْعَائِدُ فِي هِبَتِهِ، كَالْكَلْبِ يَرْجِعُ فِي قَيْئِهِ‏.‏",
      "english": {
        "narrator": "",
        "text": "Ibn 'Abbas reported that the Prophet, may Allah bless him and grant\nhim peace, said, \"We do not give a bad example. The one who takes back\nhis gift is like the dog who returns to his own vomit.\""
      },
      "turkish": {
        "narrator": "",
        "text": "İbn 'Umar, kötü bir yerde bazı koyunları olan bir çoban gördü ve daha iyi bir yer gördü. Ona, \"Vay haline, çoban! Onları hareket ettir! Allah'ın Resulü'nün, ona salat ve selam olsun, 'Her çoban, sürüsünden sorumludur.' dediğini duydum.\" dedi."
      }
    },
    {
      "id": 4,
      "idInBook": 4,
      "chapterId": 23,
      "bookId": 15,
      "arabic": "حَدَّثَنَا أَحْمَدُ بْنُ الْحَجَّاجِ، قَالَ‏:‏ حَدَّثَنَا حَاتِمُ بْنُ إِسْمَاعِيلَ، قَالَ‏:‏ حَدَّثَنَا أَبُو الأَسْبَاطِ الْحَارِثِيُّ وَاسْمُهُ بِشْرُ بْنُ رَافِعٍ، عَنْ يَحْيَى بْنِ أَبِي كَثِيرٍ، عَنْ أَبِي سَلَمَةَ، عَنْ أَبِي هُرَيْرَةَ قَالَ‏:‏ قَالَ رَسُولُ اللهِ صلى الله عليه وسلم‏:‏ الْمُؤْمِنُ غِرٌّ كَرِيمٌ، وَالْفَاجِرُ خَبٌّ لَئِيمٌ‏.‏",
      "english": {
        "narrator": "",
        "text": "Abu Hurayra reported that the Messenger of Allah, may Allah bless\nhim and grant him peace, said, \"The believer is guileless and generous\nwhile the corrupt is a swindler and miserly.\""
      },
      "turkish": {
        "narrator": "",
        "text": "---"
      }
    }
  ],
  "chapter": {
    "id": 23,
    "bookId": 15,
    "arabic": "كتاب الإشارة",
    "english": "Advising"
  }
}