{
  "metadata": {
    "length": 12,
    "arabic": {
      "title": "الأدب المفرد",
      "author": "الإمام محمد بن إسماعيل البخاري",
      "introduction": "كتاب الطيرة"
    },
    "english": {
      "title": "Al-Adab Al-Mufrad",
      "author": "Imam Muhammad ibn Ismail al-Bukhari",
      "introduction": "Omens"
    }
  },
  "hadiths": [
    {
      "id": 1,
      "idInBook": 1,
      "chapterId": 39,
      "bookId": 15,
      "arabic": "حَدَّثَنَا إِسْمَاعِيلُ قَالَ‏:‏ حَدَّثَنِي مَالِكٌ، عَنْ صَالِحِ بْنِ كَيْسَانَ، عَنْ عُبَيْدِ اللهِ بْنِ عَبْدِ اللهِ بْنِ عُتْبَةَ بْنِ مَسْعُودٍ، عَنْ زَيْدِ بْنِ خَالِدٍ الْجُهَنِيِّ، أَنَّهُ قَالَ‏:‏ صَلَّى لَنَا رَسُولُ اللهِ صلى الله عليه وسلم صَلاَةَ الصُّبْحِ بِالْحُدَيْبِيَةِ عَلَى أَثَرِ سَمَاءٍ كَانَتْ مِنَ اللَّيْلَةِ، فَلَمَّا انْصَرَفَ النَّبِيُّ صلى الله عليه وسلم أَقْبَلَ عَلَى النَّاسِ فَقَالَ‏:‏ هَلْ تَدْرُونَ مَاذَا قَالَ رَبُّكُمْ‏؟‏ قَالُوا‏:‏ اللَّهُ وَرَسُولُهُ أَعْلَمُ، قَالَ‏:‏ أَصْبَحَ مِنْ عِبَادِي مُؤْمِنٌ بِي وَكَافِرٌ، فَأَمَّا مَنْ قَالَ‏:‏ مُطِرْنَا بِفَضْلِ اللهِ وَرَحْمَتِهِ، فَذَلِكَ مُؤْمِنٌ بِي كَافِرٌ بِالْكَوْكَبِ، وَأَمَّا مَنْ قَالَ‏:‏ بِنَوْءِ كَذَا وَكَذَا، فَذَلِكَ كَافِرٌ بِي، مُؤْمِنٌ بِالْكَوْكَبِ‏.‏",
      "english": {
        "narrator": "",
        "text": "Zayd ibn Khalid al-Juhani said, \"The Messenger of Allah, may Allah\nbless him and grant him peace, led us in the Subh prayer at Hudaybiyya\nafter it had rained on us during the night. When he finished, he faced\nthe people and said, 'Do you know what your Lord has said?' They replied,\n'Allah and His Messenger know best.' He said, 'This morning My slaves have\nbecome divided up into believers and unbelievers. Those who said, \"We had\nrain by the favour and mercy of Allah,\" believe in Me and reject the stars.\nThose who said that it was because of a certain star, disbelieve in Me\nand believe in the stars.\"'\""
      },
      "turkish": {
        "narrator": "",
        "text": "Zayd ibn Khalid el-Cuheni dedi ki: \"Allah'ın Resulü, ona salat ve selam olsun, Hudeybiye'de sabah namazını kıldırdı. Gece üzerimize yağmur yağmıştı. Namazı bitirdiğinde, insanlara döndü ve 'Rabbinizin ne söylediğini biliyor musunuz?' dedi. Onlar da 'Allah ve Resulü en iyi bilendir' dediler. O da, 'Bu sabah kullarım inananlar ve inanmayanlar olarak ikiye ayrıldılar. 'Biz yağmuru Allah'ın lütfu ve merhametiyle aldık' diyenler, bana inanıyor ve yıldızları reddediyorlar. 'Bu, belirli bir yıldız yüzündendir' diyenler ise, bana inanmıyor ve yıldızlara inanıyorlar.'\""
      }
    },
    {
      "id": 2,
      "idInBook": 2,
      "chapterId": 39,
      "bookId": 15,
      "arabic": "حَدَّثَنَا مَكِّيُّ بْنُ إِبْرَاهِيمَ، قَالَ‏:‏ أَخْبَرَنَا ابْنُ جُرَيْجٍ، عَنْ عَطَاءٍ، عَنْ عَائِشَةَ رَضِيَ اللَّهُ عَنْهَا قَالَتْ‏:‏ كَانَ النَّبِيُّ صلى الله عليه وسلم إِذَا رَأَى مَخِيلَةً دَخَلَ وَخَرَجَ، وَأَقْبَلَ وَأَدْبَرَ، وَتَغَيَّرَ وَجْهُهُ، فَإِذَا مَطَرَتِ السَّمَاءُ سُرِّيَ، فَعَرَّفَتْهُ عَائِشَةُ ذَلِكَ، فَقَالَ النَّبِيُّ صلى الله عليه وسلم‏:‏ وَمَا أَدْرِي لَعَلَّهُ كَمَا قَالَ اللَّهُ عَزَّ وَجَلَّ‏:‏ ‏{‏فَلَمَّا رَأَوْهُ عَارِضًا مُسْتَقْبِلَ أَوْدِيَتِهِمْ‏}‏‏.‏",
      "english": {
        "narrator": "'A'isha said, \"When the Prophet, may Allah bless him and grant\nhim peace, saw a cloud in the sky, he would get up and down and walk to\nand fro, and his face would change colour. When it rained, that would leave\nhim.\" When A'isha commented on that, the Prophet, may Allah bless him and\ngrant him peace, said, \"I do not know. Perhaps it will be as Allah Almighty\nsays:",
        "text": "'When they saw it as a storm cloud advancing on their valleys...'\n(46:24)\""
      },
      "turkish": {
        "narrator": "'A'isha said, \"When the Prophet, may Allah bless him and grant\nhim peace, saw a cloud in the sky, he would get up and down and walk to\nand fro, and his face would change colour. When it rained, that would leave\nhim.\" When A'isha commented on that, the Prophet, may Allah bless him and\ngrant him peace, said, \"I do not know. Perhaps it will be as Allah Almighty\nsays:",
        "text": "Aişe dedi ki: \"Peygamber, ona salat ve selam olsun, gökyüzünde bir bulut gördüğünde, ayağa kalkar, gidip gelir ve yüzü değişirdi. Yağmur yağdığında, bu durum onu terk ederdi.\" Aişe bu durumu yorumladığında, Peygamber, ona salat ve selam olsun, \"Bilmiyorum. Belki de Allah Teala'nın söylediği gibi olur: 'Onlar, vadilerine doğru ilerleyen bir fırtına bulutunu gördüklerinde...' (46:24)\" dedi."
      }
    },
    {
      "id": 3,
      "idInBook": 3,
      "chapterId": 39,
      "bookId": 15,
      "arabic": "حَدَّثَنَا أَبُو نُعَيْمٍ الْفَضْلُ، عَنْ سُفْيَانَ، عَنْ سَلَمَةَ بْنِ كُهَيْلٍ، عَنْ عِيسَى بْنِ عَاصِمٍ، عَنْ زِرِّ بْنِ حُبَيْشٍ، عَنْ عَبْدِ اللهِ، قَالَ‏:‏ قَالَ النَّبِيُّ صلى الله عليه وسلم‏:‏ الطِّيَرَةُ شِرْكٌ، وَمَا مِنَّا، وَلَكِنَّ اللَّهَ يُذْهِبُهُ بِالتَّوَكُّلِ‏.‏",
      "english": {
        "narrator": "",
        "text": "'Abdullah ibn Mas'ud reported that the Prophet, may Allah bless\nhim and grant him peace, said, \"Paying attention to the bad omen (tayyara)\nis association (shirk). It has nothing to do with us. Allah will\nremove it by reliance on Him.\""
      },
      "turkish": {
        "narrator": "",
        "text": "Abdullah ibn Mes'ud, Peygamber, ona salat ve selam olsun, \"Kötü alametlere (tayyara) dikkat etmek, şirk koşmaktır. Bunun bizimle hiçbir ilgisi yoktur. Allah, O'na güvenerek bunu ortadan kaldırır.\" dedi."
      }
    },
    {
      "id": 4,
      "idInBook": 4,
      "chapterId": 39,
      "bookId": 15,
      "arabic": "حَدَّثَنَا الْحَكَمُ بْنُ نَافِعٍ، قَالَ‏:‏ أَخْبَرَنَا شُعَيْبٌ، يَعْنِي‏:‏ عَنِ الزُّهْرِيِّ قَالَ‏:‏ أَخْبَرَنِي عُبَيْدُ اللهِ بْنُ عَبْدِ اللهِ بْنِ عُتْبَةَ، أَنَّ أَبَا هُرَيْرَةَ قَالَ‏:‏ سَمِعْتُ النَّبِيَّ صلى الله عليه وسلم يَقُولُ‏:‏ لاَ طِيَرَةَ، وَخَيْرُهَا الْفَأْلُ، قَالُوا‏:‏ وَمَا الْفَأْلُ‏؟‏ قَالَ‏:‏ كَلِمَةٌ صَالِحَةٌ يَسْمَعُهَا أَحَدُكُمْ‏.‏",
      "english": {
        "narrator": "",
        "text": "Abu Hurayra heard the Prophet, may Allah bless him and grant him\npeace, say, \"Bad omens. The best of that is the good omen. They asked,\n\"What is the good omen?\" \"A good word which one of you hears,\" he replied."
      },
      "turkish": {
        "narrator": "",
        "text": "Ebu Hureyre, Peygamber, ona salat ve selam olsun, \"Kötü alametler. En iyisi ise, iyi alamettir.\" dediğini duydu. Onlar da, \"İyi alamet nedir?\" diye sordular. O da, \"Sizden birinin duyduğu güzel bir sözdür.\" diye cevap verdi."
      }
    },
    {
      "id": 5,
      "idInBook": 5,
      "chapterId": 39,
      "bookId": 15,
      "arabic": "حَدَّثَنَا حَجَّاجٌ، وَآدَمُ، قَالاَ‏:‏ حَدَّثَنَا حَمَّادُ بْنُ سَلَمَةَ، عَنْ عَاصِمٍ، عَنْ زِرٍّ، عَنْ عَبْدِ اللهِ بْنِ مَسْعُودٍ، عَنِ النَّبِيِّ صلى الله عليه وسلم قَالَ‏:‏ عُرِضَتْ عَلَيَّ الأُمَمُ بِالْمَوْسِمِ أَيَّامَ الْحَجِّ، فَأَعْجَبَنِي كَثْرَةُ أُمَّتِي، قَدْ مَلَأُوا السَّهْلَ وَالْجَبَلَ، قَالُوا‏:‏ يَا مُحَمَّدُ، أَرَضِيتَ‏؟‏ قَالَ‏:‏ نَعَمْ، أَيْ رَبِّ، قَالَ‏:‏ فَإِنَّ مَعَ هَؤُلاَءِ سَبْعِينَ أَلْفًا يَدْخُلُونَ الْجَنَّةَ بِغَيْرِ حِسَابٍ، وَهُمُ الَّذِينَ لاَ يَسْتَرْقُونَ وَلاَ يَكْتَوُونَ، وَلاَ يَتَطَيَّرُونَ، وَعَلَى رَبِّهِمْ يَتَوَكَّلُونَ، قَالَ عُكَّاشَةُ‏:‏ فَادْعُ اللَّهَ أَنْ يَجْعَلَنِي مِنْهُمْ، قَالَ‏:‏ اللَّهُمَّ اجْعَلْهُ مِنْهُمْ، فَقَالَ رَجُلٌ آخَرُ‏:‏ ادْعُ اللَّهَ يَجْعَلَنِي مِنْهُمْ، قَالَ‏:‏ سَبَقَكَ بِهَا عُكَّاشَةُ‏.‏",
      "english": {
        "narrator": "",
        "text": "'Abdullah ibn Mas'ud reported that the Messenger of Allah, may\nAllah bless him and grant him peace, said, \"The nations were presented\nto me on the Festival in the days of hajj, and I was astonished at the\ngreat number of my community. They filled the plains and mountains.\" They\nsaid, \"Muhammad, are you content?\" \"Yes, O Lord!\" he said. He said, \"In\naddition to these people there are seventy thousand who will enter the\nGarden without any reckoning. They are those who do not use charms nor\ncauterise themselves nor seek omens and who rely on their Lord.\" 'Ukkasha\nexclaimed, \"Ask Allah to place me among them!\" Then another man said, \"Ask\nAllah to put me among them!\" The Prophet said, \"'Ukkasha has beaten you\nto it.\""
      },
      "turkish": {
        "narrator": "",
        "text": "Abdullah ibn Mes'ud, Allah'ın Resulü, ona salat ve selam olsun, \"Milletler, haccın bayramında bana sunuldu ve benim ümmetimin sayısına hayret ettim. Düzlükleri ve dağları doldurdular.\" dediğini bildirdi. Onlar, \"Muhammed, memnun musun?\" dediler. O da, \"Evet, Ey Rabbim!\" dedi. \"Bu insanların yanı sıra, hesapsız olarak Cennete girecek yetmiş bin kişi daha var. Onlar, nazar boncuğu kullanmayan, cauterize olmayan ve alamet aramayan, Rablerine güvenenlerdir.\" 'Ukkaşe, \"Allah'tan beni onlardan eylemesini iste!\" diye bağırdı. Sonra başka bir adam, \"Allah'tan beni onlardan eylemesini iste!\" dedi. Peygamber, \"Ukkaşe sizden öne geçti.\" dedi."
      }
    },
    {
      "id": 6,
      "idInBook": 6,
      "chapterId": 39,
      "bookId": 15,
      "arabic": "حَدَّثَنَا إِسْمَاعِيلُ قَالَ‏:‏ حَدَّثَنِي ابْنُ أَبِي الزِّنَادِ، عَنْ عَلْقَمَةَ، عَنْ أُمِّهِ، عَنْ عَائِشَةَ، أَنَّهَا كَانَتْ تُؤْتَى بِالصِّبْيَانِ إِذَا وُلِدُوا، فَتَدْعُو لَهُمْ بِالْبَرَكَةِ، فَأُتِيَتْ بِصَبِيٍّ، فَذَهَبَتْ تَضَعُ وِسَادَتَهُ، فَإِذَا تَحْتَ رَأْسِهِ مُوسَى، فَسَأَلَتْهُمْ عَنِ الْمُوسَى، فَقَالُوا‏:‏ نَجْعَلُهَا مِنَ الْجِنِّ، فَأَخَذَتِ الْمُوسَى فَرَمَتْ بِهَا، وَنَهَتْهُمْ عَنْهَا وَقَالَتْ‏:‏ إِنَّ رَسُولَ اللهِ صلى الله عليه وسلم كَانَ يَكْرَهُ الطِّيَرَةَ وَيُبْغِضُهَا، وَكَانَتْ عَائِشَةُ تَنْهَى عَنْهَا‏.‏",
      "english": {
        "narrator": "",
        "text": "'Alqama reported that 'A'isha used to go to children when they\nwere born and make supplication for them. She came to a child and removed\nits pillow and found a straight razor under his head. She asked about the\nrazor and they said, \"We put it there against the jinn. She took the razor,\nthrew it away and forbade them to use it. She said that the Messenger of\nAllah, may Allah bless him and grant him peace, disliked and hated seeing\nbad omens in things. She forbade doing that."
      },
      "turkish": {
        "narrator": "",
        "text": "Alqama, Aişe'nin çocuklar doğduğunda onlara dua ettiğini bildirdi. Bir çocuğa gitti ve yastığını kaldırdığında başının altında bir jilet buldu. Jileti sorduklarında, \"Biz onu cinlere karşı koymak için koyduk.\" dediler. Aişe, jileti aldı, attı ve kullanmalarını yasakladı. Allah'ın Resulü, ona salat ve selam olsun, şeylerde kötü alametler görmeyi sevmediğini ve nefret ettiğini söyledi. Bunu yapmayı yasakladı."
      }
    },
    {
      "id": 7,
      "idInBook": 7,
      "chapterId": 39,
      "bookId": 15,
      "arabic": "حَدَّثَنَا مُسْلِمٌ، قَالَ‏:‏ حَدَّثَنَا هِشَامٌ، قَالَ‏:‏ حَدَّثَنَا قَتَادَةُ، عَنْ أَنَسٍ، عَنِ النَّبِيِّ صلى الله عليه وسلم‏:‏ لاَ عَدْوَى، وَلاَ طِيَرَةَ، وَيُعْجِبُنِي الْفَأْلُ الصَّالِحُ، الْكَلِمَةُ الْحَسَنَةُ‏.‏",
      "english": {
        "narrator": "",
        "text": "Anas reported that the Prophet, may Allah bless him and grant him\npeace, said, \"There is no infection* and there are no bad omens, although\nI am pleased by a good omen - a good word.\"\n\n\n\n* The majority of scholars interpret this to mean that these things in and of themselves do not transmit or cause harm through supernatural or hidden means but that Allah is ultimately in control and any fearful superstition around these is false."
      },
      "turkish": {
        "narrator": "",
        "text": "Enes, Peygamber, ona salat ve selam olsun, \"Enfeksiyon yoktur ve kötü alamet yoktur, ama ben iyi alametten hoşlanırım - güzel bir sözdür.\" dedi."
      }
    },
    {
      "id": 8,
      "idInBook": 8,
      "chapterId": 39,
      "bookId": 15,
      "arabic": "حَدَّثَنَا عَبْدُ اللهِ بْنُ مُحَمَّدٍ، قَالَ‏:‏ حَدَّثَنَا أَبُو عَامِرٍ، قَالَ‏:‏ حَدَّثَنَا ابْنُ الْمُبَارَكِ، عَنْ يَحْيَى بْنِ أَبِي كَثِيرٍ قَالَ‏:‏ حَدَّثَنِي حَيَّةُ التَّمِيمِيُّ، أَنَّ أَبَاهُ أَخْبَرَهُ، أَنَّهُ سَمِعَ النَّبِيَّ صلى الله عليه وسلم يَقُولُ‏:‏ لاَ شَيْءَ فِي الْهَامِّ، وَأَصْدَقُ الطِّيَرَةِ الْفَأْلُ، وَالْعَيْنُ حَقٌّ‏.‏",
      "english": {
        "narrator": "",
        "text": "Hiba at-Tamimi related from his father that he heard the Prophet,\nmay Allah bless him and grant him peace, said, \"There is no avenging spirit\n(hama*), and the most truthful of omens is the good omen. The Evil\nEye is a reality.\""
      },
      "turkish": {
        "narrator": "",
        "text": "Hiba at-Tamimi, babasından, Peygamber, ona salat ve selam olsun, \"İntikam ruhu (hama) yoktur ve en doğru alamet iyi alamettir. Nazar, bir gerçektir.\" dediğini aktardı."
      }
    },
    {
      "id": 9,
      "idInBook": 9,
      "chapterId": 39,
      "bookId": 15,
      "arabic": "حَدَّثَنَا إِبْرَاهِيمُ بْنُ الْمُنْذِرِ، عَنْ مَعْنِ بْنِ عِيسَى قَالَ‏:‏ حَدَّثَنِي عَبْدُ اللهِ بْنُ مُؤَمَّلٍ، عَنْ أَبِيهِ، عَنْ عَبْدِ اللهِ بْنِ السَّائِبِ، أَنَّ النَّبِيَّ صلى الله عليه وسلم عَامَ الْحُدَيْبِيَةِ، حِينَ ذَكَرَ عُثْمَانُ بْنُ عَفَّانَ أَنَّ سُهَيْلاً قَدْ أَرْسَلَهُ إِلَيْهِ قَوْمُهُ، فَصَالَحُوهُ عَلَى أَنْ يَرْجِعَ عَنْهُمْ هَذَا الْعَامَ، وَيُخَلُّوهَا لَهُمْ قَابِلَ ثَلاَثَةٍ، فَقَالَ النَّبِيُّ صلى الله عليه وسلم حِينَ أَتَى فَقِيلَ‏:‏ أَتَى سُهَيْلٌ‏:‏ سَهَّلَ اللَّهُ أَمْرَكُمْ وَكَانَ عَبْدُ اللهِ بْنُ السَّائِبِ أَدْرَكَ النَّبِيَّ صلى الله عليه وسلم‏.‏",
      "english": {
        "narrator": "",
        "text": "'Abdullah ibn as-Sa'ib reported that in the year of al-Hudaybiyya,\nwhen 'Uthman ibn 'Affan told the Prophet, may Allah bless him and grant\nhim peace, that Suhayl had been sent to him by his people to make a truce\nwith them on the basis that, provided that he leave them this year, they\nwould leave Makka empty for him for three days. When 'Uthman came and the\nProphet, may Allah bless him and grant him peace, was told, \"Suhayl has\ncome,\" he said, \"Allah has made our business easy (sahhala).\""
      },
      "turkish": {
        "narrator": "",
        "text": "Abdullah ibn es-Sa'ib, Hudeybiye yılı, Osman ibn Affan'ın Peygamber, ona salat ve selam olsun, Suhayl'in kendisine bir ateşkes yapmak üzere gönderildiğini söylediğini bildirdi. Osman, \"Eğer bu yıl onları terk edersen, Mekke'yi senin için üç gün boş bırakacaklar.\" dedi. Osman geldiğinde ve Peygamber, ona salat ve selam olsun, \"Suhayl geldi.\" denildiğinde, \"Allah işimizi kolaylaştırdı (sahhala).\" dedi."
      }
    },
    {
      "id": 10,
      "idInBook": 10,
      "chapterId": 39,
      "bookId": 15,
      "arabic": "حَدَّثَنَا إِسْمَاعِيلُ قَالَ‏:‏ حَدَّثَنِي مَالِكٌ، عَنِ ابْنِ شِهَابٍ، عَنْ حَمْزَةَ، وَسَالِمٍ ابْنَيْ عَبْدِ اللهِ بْنِ عُمَرَ، عَنْ عَبْدِ اللهِ بْنِ عُمَرَ، أَنَّ رَسُولَ اللهِ صلى الله عليه وسلم قَالَ‏:‏ الشُّؤْمُ فِي الدَّارِ، وَالْمَرْأَةِ، وَالْفَرَسِ‏.‏",
      "english": {
        "narrator": "",
        "text": "'Abdullah ibn 'Umar reported that the Messenger of Allah, may Allah\nbless him and grant him peace, said, \"Bad luck can be found in houses,\nwomen and horses.\""
      },
      "turkish": {
        "narrator": "",
        "text": "Abdullah ibn Ömer, Allah'ın Resulü, ona salat ve selam olsun, \"Kötü şans, evlerde, kadınlarda ve atlarda bulunur.\" dedi."
      }
    },
    {
      "id": 11,
      "idInBook": 11,
      "chapterId": 39,
      "bookId": 15,
      "arabic": "حَدَّثَنَا إِسْمَاعِيلُ قَالَ‏:‏ حَدَّثَنِي مَالِكٌ، عَنْ أَبِي حَازِمِ بْنِ دِينَارٍ، عَنْ سَهْلِ بْنِ سَعْدٍ، أَنَّ رَسُولَ اللهِ صلى الله عليه وسلم قَالَ‏:‏ إِنْ كَانَ الشُّؤْمُ فِي شَيْءٍ، فَفِي الْمَرْأَةِ، وَالْفَرَسِ، وَالْمَسْكَنِ‏.‏",
      "english": {
        "narrator": "",
        "text": "Sahl ibn Sa'd said, \"If there is bad luck in anything, it is in\nhouses, women and horses.\""
      },
      "turkish": {
        "narrator": "",
        "text": "Sahl ibn Sa'd, \"Bir şeyde kötü şans varsa, o evlerde, kadınlarda ve atlarda vardır.\" dedi."
      }
    },
    {
      "id": 12,
      "idInBook": 12,
      "chapterId": 39,
      "bookId": 15,
      "arabic": "حَدَّثَنَا عُبَيْدُ اللهِ بْنُ سَعِيدٍ يَعْنِي أَبَا قُدَامَةَ، قَالَ‏:‏ حَدَّثَنَا بِشْرُ بْنُ عُمَرَ الزَّهْرَانِيُّ، قَالَ‏:‏ حَدَّثَنَا عِكْرِمَةُ بْنُ عَمَّارٍ، عَنْ إِسْحَاقَ بْنِ عَبْدِ اللهِ، عَنْ أَنَسِ بْنِ مَالِكٍ قَالَ‏:‏ قَالَ رَجُلٌ‏:‏ يَا رَسُولَ اللهِ، إِنَّا كُنَّا فِي دَارٍ كَثُرَ فِيهَا عَدَدُنَا، وَكَثُرَ فِيهَا أَمْوَالُنَا، فَتَحَوَّلْنَا إِلَى دَارٍ أُخْرَى، فَقَلَّ فِيهَا عَدَدُنَا، وَقَلَّتْ فِيهَا أَمْوَالُنَا‏؟‏ قَالَ رَسُولُ اللهِ صلى الله عليه وسلم‏:‏ رُدَّهَا، أَوْ دَعُوهَا، وَهِيَ ذَمِيمَةٌ‏.‏",
      "english": {
        "narrator": "",
        "text": "Anas ibn Malik said, \"A man said, 'Messenger of Allah, we were\nin a house and there were a large number of us and we had a lot of property\nin it. Then we moved to another house and our numbers decreased and our\nproperty became less in it (the new house).' The Messenger of Allah, may\nAllah bless him and grant him peace, said, \"Go back to it (the first house)\nor leave it (the second house) - it is bad.'\""
      },
      "turkish": {
        "narrator": "",
        "text": "Enes ibn Malik, \"Bir adam dedi ki, 'Allah'ın Resulü, biz bir evdeydik ve sayımız çoktu, içinde de çok malımız vardı. Sonra başka bir eve taşındık ve sayımız azaldı, malımız da azaldı (yeni evde).' Allah'ın Resulü, ona salat ve selam olsun, 'Ona (ilk eve) geri dön ya da ondan (ikinci evden) çık - o kötü.' dedi.\""
      }
    }
  ],
  "chapter": {
    "id": 39,
    "bookId": 15,
    "arabic": "كتاب الطيرة",
    "english": "Omens"
  }
}