{
  "metadata": {
    "length": 33,
    "arabic": {
      "title": "الأدب المفرد",
      "author": "الإمام محمد بن إسماعيل البخاري",
      "introduction": "كتاب الْعُطَاسَ والتثاؤب"
    },
    "english": {
      "title": "Al-Adab Al-Mufrad",
      "author": "Imam Muhammad ibn Ismail al-Bukhari",
      "introduction": "Sneezing and Yawning"
    }
  },
  "hadiths": [
    {
      "id": 1,
      "idInBook": 1,
      "chapterId": 40,
      "bookId": 15,
      "arabic": "حَدَّثَنَا آدَمُ، قَالَ‏:‏ حَدَّثَنَا ابْنُ أَبِي ذِئْبٍ، قَالَ‏:‏ حَدَّثَنَا سَعِيدٌ الْمَقْبُرِيُّ، عَنْ أَبِيهِ، عَنْ أَبِي هُرَيْرَةَ، عَنِ النَّبِيِّ صلى الله عليه وسلم قَالَ‏:‏ إِنَّ اللَّهَ يُحِبُّ الْعُطَاسَ، وَيَكْرَهُ التَّثَاؤُبَ، فَإِذَا عَطَسَ فَحَمِدَ اللَّهَ فَحَقٌّ عَلَى كُلِّ مُسْلِمٍ سَمِعَهُ أَنْ يُشَمِّتَهُ، وَأَمَّا التَّثَاؤُبُ فَإِنَّمَا هُوَ مِنَ الشَّيْطَانِ، فَلْيَرُدَّهُ مَا اسْتَطَاعَ، فَإِذَا قَالَ‏:‏ هَاهْ، ضَحِكَ مِنْهُ الشَّيْطَانُ‏.‏",
      "english": {
        "narrator": "",
        "text": "Abu Hurayra reported that the Prophet, may Allah bless him and\ngrant him peace, said, \"Allah loves sneezing and hates yawning. When one\nof you sneezes and praises Allah Almighty, it is a duty for every Muslim\nwho hears him to say to him, 'May Allah have mercy on you.' Yawning comes\nfrom Shaytan. When one of you yawns, he should control it as much as possible.\nWhen a man says, 'Aawh!,' Shaytan laughs at him.\""
      },
      "turkish": {
        "narrator": "",
        "text": "Ebu Hureyre, Allah'ın selamı ve bereketi üzerine olsun, Peygamber'in şöyle söylediğini rivayet etmiştir: \"Allah hapşırmayı sever, esnemeyi ise nefret eder. Sizden biri hapşırdığında ve Allah'a hamd ettiğinde, onu duyan her Müslümanın ona 'Allah sana rahmet etsin' demesi vaciptir. Esneme şeytandandır. Sizden biri esnediğinde, bunu mümkün olduğunca kontrol etmelidir. Bir adam 'Aawh!' dediğinde, şeytan ona güler.\""
      }
    },
    {
      "id": 2,
      "idInBook": 2,
      "chapterId": 40,
      "bookId": 15,
      "arabic": "حَدَّثَنَا مُوسَى، عَنْ أَبِي عَوَانَةَ، عَنْ عَطَاءٍ، عَنْ سَعِيدِ بْنِ جُبَيْرٍ، عَنِ ابْنِ عَبَّاسٍ قَالَ‏:‏ إِذَا عَطَسَ أَحَدُكُمْ فَقَالَ‏:‏ الْحَمْدُ لِلَّهِ، قَالَ الْمَلَكُ‏:‏ رَبَّ الْعَالَمِينَ، فَإِذَا قَالَ‏:‏ رَبَّ الْعَالَمِينَ، قَالَ الْمَلَكُ‏:‏ يَرْحَمُكَ اللَّهُ‏.‏",
      "english": {
        "narrator": "",
        "text": "Ibn 'Abbas said, \"When one of you sneezes and says, 'Praise be\nto Allah,' the angel says, 'The Lord of the Worlds.' When you say, 'The\nLord of the Worlds,' the angel says, 'May Allah have mercy on you.'\""
      },
      "turkish": {
        "narrator": "",
        "text": "İbn Abbas dedi ki: \"Sizden biri hapşırdığında ve 'Hamd, alemlerin Rabbi olan Allah'a olsun' dediğinde, melek 'Alemlerin Rabbi' der. Siz 'Alemlerin Rabbi' dediğinizde, melek 'Allah sana rahmet etsin' der.\""
      }
    },
    {
      "id": 3,
      "idInBook": 3,
      "chapterId": 40,
      "bookId": 15,
      "arabic": "حَدَّثَنَا مُوسَى بْنُ إِسْمَاعِيلَ، قَالَ‏:‏ حَدَّثَنَا عَبْدُ الْعَزِيزِ بْنُ أَبِي سَلَمَةَ، قَالَ‏:‏ حَدَّثَنَا عَبْدُ اللهِ بْنُ دِينَارٍ، عَنْ أَبِي صَالِحٍ السَّمَّانِ، عَنْ أَبِي هُرَيْرَةَ، عَنِ النَّبِيِّ صلى الله عليه وسلم قَالَ‏:‏ إِذَا عَطَسَ فَلْيَقُلِ‏:‏ الْحَمْدُ لِلَّهِ، فَإِذَا قَالَ فَلْيَقُلْ لَهُ أَخُوهُ أَوْ صَاحِبُهُ‏:‏ يَرْحَمُكَ اللَّهُ، فَإِذَا قَالَ لَهُ‏:‏ يَرْحَمُكَ اللَّهُ فَلْيَقُلْ‏:‏ يَهْدِيكَ اللَّهُ وَيُصْلِحُ بَالَكَ‏.‏ قال أبو عبد الله: أثبت ما يروى في هذا الباب هذا الحديث الذي يروى عن ابي صالح السمان.",
      "english": {
        "narrator": "",
        "text": "Abu Hurayra reported that the Prophet, may Allah bless him and\ngrant him peace, said, \"When one of you sneezes, he should say, 'Praise\nbe to Allah,' and his brother or companion should say to him, 'May Allah\nhave mercy on you.' Then he should say, 'May Allah guide you and put your\naffairs in order.'\""
      },
      "turkish": {
        "narrator": "",
        "text": "Ebu Hureyre, Allah'ın selamı ve bereketi üzerine olsun, Peygamber'in şöyle söylediğini rivayet etmiştir: \"Sizden biri hapşırdığında, 'Hamd, Allah'a olsun' demelidir ve kardeşi veya arkadaşı ona 'Allah sana rahmet etsin' demelidir. Sonra 'Allah seni hidayete erdirsin ve işlerini düzene koysun' demelidir.\""
      }
    },
    {
      "id": 4,
      "idInBook": 4,
      "chapterId": 40,
      "bookId": 15,
      "arabic": "حَدَّثَنَا مُحَمَّدُ بْنُ سَلامٍ، قَالَ‏:‏ أَخْبَرَنَا الْفَزَارِيُّ، عَنْ عَبْدِ الرَّحْمَنِ بْنِ زِيَادِ بْنِ أَنْعُمٍ الإِفْرِيقِيِّ قَالَ‏:‏ حَدَّثَنِي أَبِي، أَنَّهُمْ كَانُوا غُزَاةً فِي الْبَحْرِ زَمَنَ مُعَاوِيَةَ، فَانْضَمَّ مَرْكَبُنَا إِلَى مَرْكَبِ أَبِي أَيُّوبَ الأَنْصَارِيِّ، فَلَمَّا حَضَرَ غَدَاؤُنَا أَرْسَلْنَا إِلَيْهِ، فَأَتَانَا فَقَالَ‏:‏ دَعَوْتُمُونِي وَأَنَا صَائِمٌ، فَلَمْ يَكُنْ لِي بُدٌّ مِنْ أَنْ أُجِيبَكُمْ، لأَنِّي سَمِعْتُ رَسُولَ اللهِ صلى الله عليه وسلم يَقُولُ‏:‏ إِنَّ لِلْمُسْلِمِ عَلَى أَخِيهِ سِتَّ خِصَالٍ وَاجِبَةٍ، إِنْ تَرَكَ مِنْهَا شَيْئًا فَقَدْ تَرَكَ حَقًّا وَاجِبًا لأَخِيهِ عَلَيْهِ‏:‏ يُسَلِّمُ عَلَيْهِ إِذَا لَقِيَهُ، وَيُجِيبُهُ إِذَا دَعَاهُ، وَيُشَمِّتُهُ إِذَا عَطَسَ، وَيَعُودُهُ إِذَا مَرِضَ، وَيَحْضُرُهُ إِذَا مَاتَ، وَيَنْصَحُهُ إِذَا اسْتَنْصَحَهُ‏.‏ قَالَ : وَكَانَ مَعَنَا رَجُلٌ مَزَّاحٌ يَقُولُ لِرَجُلٍ أَصَابَ طَعَامَنَا : جَزَاكَ اللَّهُ خَيْرًا وَبِرًّا ، فَغَضِبَ عَلَيْهِ حِينَ أَكْثَرَ عَلَيْهِ ، فَقَالَ لِأَبِي أَيُّوبَ : مَا تَرَى فِي رَجُلٍ إِذَا قُلْتُ لَهُ : جَزَاكَ اللَّهُ خَيْرًا وَبِرًّا ، غَضِبَ وَشَتَمَنِي ؟ فَقَالَ أَبُو أَيُّوبَ : إِنَّا كُنَّا نَقُولُ : إِنَّ مَنْ لَمْ يُصْلِحْهُ الْخَيْرُ أَصْلَحْهُ الشَّرُّ ، فَاقْلِبْ عَلَيْهِ ، فَقَالَ لَهُ حِينَ أَتَاهُ : جَزَاكَ اللَّهُ شَرًّا وَعَرًّا ، فَضَحِكَ وَرَضِيَ وَقَالَ : مَا تَدَعُ مُزَاحَكَ ، فَقَالَ الرَّجُلُ : جَزَى اللَّهُ أَبَا أَيُّوبَ الْأَنْصَارِيَّ خَيْرًا",
      "english": {
        "narrator": "",
        "text": "'Abdu'r-Rahman ibn Ziyad ibn An'am al-Ifriqi said, \"My father told\nme that they were taking part in a sea raid in the time of Mu'awiya. He\nsaid, 'Our ship was right up against the ship of Abu Ayyub al-Ansari. When\nit was time for our midday meal, we invited him and he came over. He said,\n\"You invited me, but even though I am fasting, I cannot avoid accepting\nyour invitation because I heard the Messenger of Allah, may Allah bless\nhim and grant him peace, say, 'A Muslim owes six things to his brother.\nIf he neglects any of them, he has neglected an obligatory duty owed to\nhis brother. He should return his greeting when he greets him. He should\naccept when he gives him an invitation. He should ask for mercy on him\nwhen he sneezes. He should give him good counsel when he asks him for advice.'\"'\""
      },
      "turkish": {
        "narrator": "",
        "text": "Abdurrahman ibn Ziyad ibn An'am el-Ifriqi dedi ki: \"Babam bana, Muaviye döneminde bir deniz akınında bulunduklarını söyledi. 'Gemimiz Ebu Eyyub el-Ensari'nin gemisinin yanındaydı. Öğle yemeği zamanı geldiğinde, onu davet ettik ve o da geldi. 'Beni davet ettiniz, ama oruçlu olmama rağmen davetinizi kabul etmemek mümkün değil, çünkü Allah'ın Resulü, Allah'ın selamı ve bereketi üzerine olsun, 'Bir Müslümanın kardeşine altı hakkı vardır. Bunlardan birini ihmal ederse, kardeşine karşı farz olan bir görevi ihmal etmiş olur. Selam verdiğinde selamını almalıdır. Davet ettiğinde davetini kabul etmelidir. Hapşırdığında ona rahmet dilemelidir. Danıştığında ona iyi nasihatte bulunmalıdır.' dediğini duydum.'\""
      }
    },
    {
      "id": 5,
      "idInBook": 5,
      "chapterId": 40,
      "bookId": 15,
      "arabic": "حَدَّثَنَا عَلِيُّ بْنُ عَبْدِ اللهِ، قَالَ‏:‏ حَدَّثَنَا يَحْيَى بْنُ سَعِيدٍ، قَالَ‏:‏ حَدَّثَنَا عَبْدُ الْحَمِيدِ بْنُ جَعْفَرٍ قَالَ‏:‏ حَدَّثَنِي أَبِي، عَنْ حَكِيمِ بْنِ أَفْلَحَ، عَنِ ابْنِ مَسْعُودٍ، عَنِ النَّبِيِّ صلى الله عليه وسلم قَالَ‏:‏ أَرْبَعٌ لِلْمُسْلِمِ عَلَى الْمُسْلِمِ‏:‏ يَعُودُهُ إِذَا مَرِضَ، وَيَشْهَدُهُ إِذَا مَاتَ، وَيُجِيبُهُ إِذَا دَعَاهُ، وَيُشَمِّتُهُ إِذَا عَطَسَ‏.‏",
      "english": {
        "narrator": "Ibn Mas'ud reported that the Prophet, may Allah bless him and grant\nhim peace, said, \"There are four things that one Muslim owes another Muslim:",
        "text": "to visit him when he is ill, to be with him when he dies, to accept when\nhe invites him, and to ask for mercy on him when he sneezes.\""
      },
      "turkish": {
        "narrator": "Ibn Mas'ud reported that the Prophet, may Allah bless him and grant\nhim peace, said, \"There are four things that one Muslim owes another Muslim:",
        "text": "İbn Mes'ud, Allah'ın selamı ve bereketi üzerine olsun, Peygamber'in şöyle söylediğini rivayet etmiştir: \"Bir Müslümanın diğer bir Müslümana dört hakkı vardır: hasta olduğunda ziyaret etmek, öldüğünde yanında olmak, davet ettiğinde kabul etmek ve hapşırdığında ona rahmet dilemek.\""
      }
    },
    {
      "id": 6,
      "idInBook": 6,
      "chapterId": 40,
      "bookId": 15,
      "arabic": "حَدَّثَنَا مُحَمَّدُ بْنُ سَلاَمٍ، قَالَ‏:‏ أَخْبَرَنَا أَبُو الأَحْوَصِ، عَنْ أَشْعَثَ، عَنْ مُعَاوِيَةَ بْنِ سُوَيْدٍ، عَنِ الْبَرَاءِ بْنِ عَازِبٍ قَالَ‏:‏ أَمَرَنَا رَسُولُ اللهِ صلى الله عليه وسلم بِسَبْعٍ، وَنَهَانَا عَنْ سَبْعٍ‏:‏ أَمَرَنَا بِعِيَادَةِ الْمَرِيضِ، وَاتِّبَاعِ الْجَنَائِزِ، وَتَشْمِيتِ الْعَاطِسِ، وَإِبْرَارِ الْمُقْسِمِ، وَنَصْرِ الْمَظْلُومِ، وَإِفْشَاءِ السَّلاَمِ، وَإِجَابَةِ الدَّاعِي‏.‏ وَنَهَانَا عَنْ‏:‏ خَوَاتِيمِ الذَّهَبِ، وَعَنْ آنِيَةِ الْفِضَّةِ، وَعَنِ الْمَيَاثِرِ، وَالْقَسِّيَّةِ، وَالإِسْتَبْرَقِ، وَالدِّيبَاجِ، وَالْحَرِيرِ‏.‏",
      "english": {
        "narrator": "",
        "text": "Al-Bara' ibn 'Azib said, \"The Messenger of Allah, may Allah bless\nhim and grant him peace, instructed us to do seven things and forbade us\nseven. He instructed us to visit the sick, to join funeral processions,\nto bless people who sneeze, to fulfil our oaths, to help the wronged, to\nreturn the greeting, and to accept invitations. He forbade us gold rings,\nsilver vessels, red (silk) saddle clothes, Qassi (silk and flax) garments,\nthick brocade, embroidered silk, and pure silk.\""
      },
      "turkish": {
        "narrator": "",
        "text": "El-Bara' ibn Azib dedi ki: \"Allah'ın Resulü, Allah'ın selamı ve bereketi üzerine olsun, bize yedi şey yapmamızı emretti ve yedi şeyden de nehyetti. Bize hasta olanları ziyaret etmeyi, cenaze alaylarına katılmayı, hapşıranlara rahmet dilememizi, yeminlerimizi yerine getirmemizi, mazlumlara yardım etmemizi, selamı iade etmemizi ve davetleri kabul etmemizi emretti. Altın yüzükler, gümüş kaplar, kırmızı (ipek) eyer örtüleri, Qassi (ipek ve keten) giysiler, kalın brokar, işlemeli ipek ve saf ipek giysileri yasakladı.\""
      }
    },
    {
      "id": 7,
      "idInBook": 7,
      "chapterId": 40,
      "bookId": 15,
      "arabic": "وَعَنْ إِسْمَاعِيلَ بْنِ جَعْفَرٍ، عَنِ الْعَلاَءِ بْنِ عَبْدِ الرَّحْمَنِ، عَنْ أَبِيهِ، عَنْ أَبِي هُرَيْرَةَ، أَنَّ رَسُولَ اللهِ صلى الله عليه وسلم قَالَ‏:‏ حَقُّ الْمُسْلِمِ عَلَى الْمُسْلِمِ سِتٌّ، قِيلَ‏:‏ مَا هِيَ يَا رَسُولَ اللهِ‏؟‏ قَالَ‏:‏ إِذَا لَقِيتَهُ فَسَلِّمْ عَلَيْهِ، وَإِذَا دَعَاكَ فَأَجِبْهُ، وَإِذَا اسْتَنْصَحَكَ فَانْصَحْ لَهُ، وَإِذَا عَطَسَ فَحَمِدَ اللَّهَ فَشَمِّتْهُ، وَإِذَا مَرِضَ تَعُودُهُ، وَإِذَا مَاتَ فَاتَّبِعْهُ‏.‏",
      "english": {
        "narrator": "",
        "text": "Abu Hurayra reported that the Messenger of Allah, may Allah bless\nhim and grant him peace, said, \"A Muslim owes another Muslim six duties.\"\nHe was asked, \"And what are they, Messenger of Allah?\" He said, \"To greet\nhim when he meets him, to accept when he gives him an invitation, to give\nhim good counsel when he asks for advice, to wish mercy on him when he\nsneezes and says, 'Praise be to Allah,' to visit him when he is ill, and\nto join the funeral procession when he dies.\""
      },
      "turkish": {
        "narrator": "",
        "text": "Ebu Hureyre, Allah'ın selamı ve bereketi üzerine olsun, Allah'ın Resulü'nün şöyle söylediğini rivayet etmiştir: \"Bir Müslümanın diğer Müslümana altı görevi vardır.\" Kendisine soruldu: \"Onlar nelerdir, Allah'ın Resulü?\" O da: \"Onu gördüğünde selam vermek, davet ettiğinde kabul etmek, danıştığında ona iyi nasihatte bulunmak, hapşırdığında ve 'Hamd, Allah'a olsun' dediğinde ona rahmet dilemek, hasta olduğunda ziyaret etmek ve öldüğünde cenaze alayına katılmak.\" dedi."
      }
    },
    {
      "id": 8,
      "idInBook": 8,
      "chapterId": 40,
      "bookId": 15,
      "arabic": "حَدَّثَنَا طَلْقُ بْنُ غَنَّامٍ، قَالَ‏:‏ حَدَّثَنَا شَيْبَانُ، عَنْ أَبِي إِسْحَاقَ، عَنْ خَيْثَمَةَ، عَنْ عَلِيٍّ رَضِيَ اللَّهُ عَنْهُ قَالَ‏:‏ مَنْ قَالَ عِنْدَ عَطْسَةٍ سَمِعَهَا‏:‏ الْحَمْدُ لِلَّهِ رَبِّ الْعَالَمِينَ عَلَى كُلِّ حَالٍ مَا كَانَ، لَمْ يَجِدْ وَجَعَ الضِّرْسِ وَلا الأُذُنٍ أَبَدًا‏.‏",
      "english": {
        "narrator": "",
        "text": "'Ali said, \"When someone hears a sneeze and says, 'Praise be to\nAllah, Lord of the Worlds, in every situation,' he will never get a toothache\nor earache.\""
      },
      "turkish": {
        "narrator": "",
        "text": "Ali dedi ki: \"Birisi hapşırdığında ve 'Hamd, alemlerin Rabbi olan Allah'a olsun, her durumda' derse, asla diş ağrısı veya kulak ağrısı çekmeyecektir.\""
      }
    },
    {
      "id": 9,
      "idInBook": 9,
      "chapterId": 40,
      "bookId": 15,
      "arabic": "حَدَّثَنَا مَالِكُ بْنُ إِسْمَاعِيلَ، قَالَ‏:‏ حَدَّثَنَا عَبْدُ الْعَزِيزِ بْنُ أَبِي سَلَمَةَ، قَالَ‏:‏ أَخْبَرَنَا عَبْدُ اللهِ بْنُ دِينَارٍ، عَنْ أَبِي صَالِحٍ، عَنْ أَبِي هُرَيْرَةَ، عَنِ النَّبِيِّ صلى الله عليه وسلم قَالَ‏:‏ إِذَا عَطَسَ أَحَدُكُمْ فَلْيَقُلِ‏:‏ الْحَمْدُ لِلَّهِ، فَإِذَا قَالَ‏:‏ الْحَمْدُ لِلَّهِ، فَلْيَقُلْ لَهُ أَخُوهُ أَوْ صَاحِبُهُ‏:‏ يَرْحَمُكَ اللَّهُ، وَلْيَقُلْ هُوَ‏:‏ يَهْدِيكُمُ اللَّهُ وَيُصْلِحُ بَالَكُمْ‏.‏",
      "english": {
        "narrator": "",
        "text": "Abu Salih reported that the Prophet, may Allah bless him and grant\nhim peace, said, \"When one of you sneezes, he should say, 'Praise be to\nAllah.' When he says, 'Praise be to Allah, ' his brother or companion should\nsay to him, 'May Allah have mercy on you.' Then let the person who sneezed\nsay, 'May Allah guide you and put your affairs in order.'\""
      },
      "turkish": {
        "narrator": "",
        "text": "Ebu Salih, Allah'ın selamı ve bereketi üzerine olsun, Peygamber'in şöyle söylediğini rivayet etmiştir: \"Sizden biri hapşırdığında, 'Hamd, Allah'a olsun' demelidir. 'Hamd, Allah'a olsun' dediğinde, kardeşi veya arkadaşı ona 'Allah sana rahmet etsin' demelidir. Sonra hapşıran kişi 'Allah seni hidayete erdirsin ve işlerini düzene koysun' demelidir.\""
      }
    },
    {
      "id": 10,
      "idInBook": 10,
      "chapterId": 40,
      "bookId": 15,
      "arabic": "حَدَّثَنَا عَاصِمٌ، قَالَ‏:‏ حَدَّثَنَا ابْنُ أَبِي ذِئْبٍ، عَنْ سَعِيدٍ الْمَقْبُرِيِّ، عَنْ أَبِيهِ، عَنْ أَبِي هُرَيْرَةَ، عَنِ النَّبِيِّ صلى الله عليه وسلم قَالَ‏:‏ إِنَّ اللَّهَ يُحِبُّ الْعُطَاسَ، وَيَكْرَهُ التَّثَاؤُبَ، وَإِذَا عَطَسَ أَحَدُكُمْ وَحَمِدَ اللَّهَ كَانَ حَقًّا عَلَى كُلِّ مُسْلِمٍ سَمِعَهُ أَنْ يَقُولَ‏:‏ يَرْحَمُكَ اللَّهُ‏.‏ فَأَمَّا التَّثَاؤُبُ فَإِنَّمَا هُوَ مِنَ الشَّيْطَانِ، فَإِذَا تَثَاءَبَ أَحَدُكُمْ فَلْيَرُدَّهُ مَا اسْتَطَاعَ، فَإِنَّ أَحَدَكُمْ إِذَا تَثَاءَبَ ضَحِكَ مِنْهُ الشَّيْطَانُ‏.‏",
      "english": {
        "narrator": "",
        "text": "Abu Hurayra reported that the Prophet, may Allah bless him and\ngrant him peace, said, \"Allah loves the sneeze and dislikes yawning. When\none you sneezes and praises Allah, it is a duty for every Muslim who hears\nhim to say, 'May Allah have mercy on you.;' As for the yawn, it comes from\nShaytan. When one of you yawns, he should repress it as much as possible.\nWhen one of you yawns, Shaytan laughs at him.\""
      },
      "turkish": {
        "narrator": "",
        "text": "Ebu Hureyre, Allah'ın selamı ve bereketi üzerine olsun, Peygamber'in şöyle söylediğini rivayet etmiştir: \"Allah hapşırmayı sever ve esnemeyi sevmez. Sizden biri hapşırdığında ve Allah'a hamd ettiğinde, onu duyan her Müslümanın ona 'Allah sana rahmet etsin' demesi vaciptir. Esneme ise şeytandandır. Sizden biri esnediğinde, bunu mümkün olduğunca bastırmalıdır. Sizden biri esnediğinde, şeytan ona güler.\""
      }
    },
    {
      "id": 11,
      "idInBook": 11,
      "chapterId": 40,
      "bookId": 15,
      "arabic": "حَدَّثَنَا حَامِدُ بْنُ عُمَرَ، قَالَ‏:‏ حَدَّثَنَا أَبُو عَوَانَةَ، عَنْ أَبِي جَمْرَةَ قَالَ‏:‏ سَمِعْتُ ابْنَ عَبَّاسٍ يَقُولُ إِذَا شُمِّتَ‏:‏ عَافَانَا اللَّهُ وَإِيَّاكُمْ مِنَ النَّارِ، يَرْحَمُكُمُ اللَّهُ‏.‏",
      "english": {
        "narrator": "",
        "text": "Ibn 'Abbas said, \"When someone is wished mercy, he should say,\n'May Allah protect us and you from the Fire. May Allah have mercy on you.'\""
      },
      "turkish": {
        "narrator": "",
        "text": "İbn Abbas dedi ki: \"Birisine rahmet dileğinde bulunulduğunda, 'Allah bizi ve sizi ateşten korusun. Allah sana rahmet etsin' demelidir.\""
      }
    },
    {
      "id": 12,
      "idInBook": 12,
      "chapterId": 40,
      "bookId": 15,
      "arabic": "حَدَّثَنَا إِسْحَاقُ، قَالَ‏:‏ أَخْبَرَنَا يَعْلَى، قَالَ‏:‏ أَخْبَرَنَا أَبُو مُنَيْنٍ وَهُوَ يَزِيدُ بْنُ كَيْسَانَ، عَنْ أَبِي حَازِمٍ، عَنْ أَبِي هُرَيْرَةَ قَالَ‏:‏ كُنَّا جُلُوسًا عِنْدَ رَسُولِ اللهِ صلى الله عليه وسلم فَعَطَسَ رَجُلٌ فَحَمِدَ اللَّهَ، فَقَالَ لَهُ رَسُولُ اللهِ صلى الله عليه وسلم‏:‏ يَرْحَمُكَ اللَّهُ، ثُمَّ عَطَسَ آخَرُ، فَلَمْ يَقُلْ لَهُ شَيْئًا، فَقَالَ‏:‏ يَا رَسُولَ اللهِ، رَدَدْتَ عَلَى الْآخَرِ، وَلَمْ تَقُلْ لِي شَيْئًا‏؟‏ قَالَ‏:‏ إِنَّهُ حَمِدَ اللَّهَ، وَسَكَتَّ‏.‏",
      "english": {
        "narrator": "",
        "text": "Abu Hurayra said, \"We were sitting with the Messenger of Allah,\nmay Allah bless him and grant him peace, when a man sneezed and praised\nAllah. The Messenger of Allah, may Allah bless him and grant him peace,\nsaid to him, 'May Allah have mercy on you.' Then another man sneezed but\nthe Prophet did not say anything to him. The man, 'Messenger of Allah!\nyou responded to the other man, but did not say anything to me!' The Prophet\nreplied, 'He praised Allah and you were silent.'\""
      },
      "turkish": {
        "narrator": "",
        "text": "Ebu Hureyre dedi ki: \"Biz Allah'ın Resulü ile oturuyorduk, Allah'ın selamı ve bereketi üzerine olsun, bir adam hapşırdı ve Allah'a hamd etti. Allah'ın Resulü, Allah'ın selamı ve bereketi üzerine olsun, ona 'Allah sana rahmet etsin' dedi. Sonra başka bir adam hapşırdı ama Peygamber ona hiçbir şey söylemedi. Adam, 'Allah'ın Resulü! Diğer adama cevap verdiniz, ama bana hiçbir şey söylemediniz!' dedi. Peygamber cevap verdi: 'O Allah'ı andı, sen ise sessiz kaldın.'\""
      }
    },
    {
      "id": 13,
      "idInBook": 13,
      "chapterId": 40,
      "bookId": 15,
      "arabic": "حَدَّثَنَا آدَمُ، قَالَ‏:‏ حَدَّثَنَا شُعْبَةُ، قَالَ‏:‏ حَدَّثَنَا سُلَيْمَانُ التَّيْمِيُّ قَالَ‏:‏ سَمِعْتُ أَنَسًا يَقُولُ‏:‏ عَطَسَ رَجُلاَنِ عِنْدَ النَّبِيِّ صلى الله عليه وسلم فَشَمَّتَ أَحَدَهُمَا، وَلَمْ يُشَمِّتِ الْآخَرَ، فَقَالَ‏:‏ شَمَّتَّ هَذَا وَلَمْ تُشَمِّتْنِي‏؟‏ قَالَ‏:‏ إِنَّ هَذَا حَمِدَ اللَّهَ، وَلَمْ تَحْمَدْهُ‏.‏",
      "english": {
        "narrator": "",
        "text": "Similar to 930, but from Anas."
      },
      "turkish": {
        "narrator": "",
        "text": "930'a benzer, ancak Enes'ten."
      }
    },
    {
      "id": 14,
      "idInBook": 14,
      "chapterId": 40,
      "bookId": 15,
      "arabic": "حَدَّثَنَا مُحَمَّدُ بْنُ سَلامٍ، قَالَ‏:‏ حَدَّثَنَا رِبْعِيُّ بْنُ إِبْرَاهِيمَ هُوَ أَخُو ابْنِ عُلَيَّةَ، قَالَ‏:‏ حَدَّثَنَا عَبْدُ الرَّحْمَنِ بْنُ إِسْحَاقَ، عَنْ سَعِيدِ بْنِ أَبِي سَعِيدٍ، عَنْ أَبِي هُرَيْرَةَ قَالَ‏:‏ جَلَسَ رَجُلاَنِ عِنْدَ النَّبِيِّ صلى الله عليه وسلم أَحَدُهُمَا أَشْرَفُ مِنَ الْآخَرِ، فَعَطَسَ الشَّرِيفُ مِنْهُمَا فَلَمْ يَحْمَدِ اللَّهَ، وَلَمْ يُشَمِّتْهُ، وَعَطَسَ الْآخَرُ فَحَمِدَ اللَّهَ، فَشَمَّتَهُ النَّبِيُّ صلى الله عليه وسلم، فَقَالَ الشَّرِيفُ‏:‏ عَطَسْتُ عِنْدَكَ فَلَمْ تُشَمِّتْنِي، وَعَطَسَ هَذَا الْآخَرُ فَشَمَّتَّهُ، فَقَالَ‏:‏ إِنَّ هَذَا ذَكَرَ اللَّهَ فَذَكَرْتُهُ، وَأَنْتَ نَسِيتَ اللَّهَ فَنَسِيتُكَ‏.‏",
      "english": {
        "narrator": "",
        "text": "Abu Hurayra said, \"Two men sat in the presence of the Prophet may\nAllah bless him and grant him peace, and one of them was from a noble family\nthan the other. The nobler of the two sneezed and did not praise Allah,\nso the Prophet did not ask for mercy for him. Then the other man sneezed\nand praised Allah, so the Prophet, may Allah bless him and grant him peace,\nasked for mercy on him. The noble man said, 'I sneezed in your presence\nand you did not ask for mercy for me. This other than sneezed and you asked\nfor mercy on him.' The Prophet said, 'This man mentioned Allah, so I mentioned\nhim. You forgot Allah, so I forgot you.'\""
      },
      "turkish": {
        "narrator": "",
        "text": "Ebu Hureyre dedi ki: \"İki adam, Allah'ın selamı ve bereketi üzerine olsun, Peygamber'in yanında oturuyordu ve bunlardan biri diğerinden daha soyluydu. İkisi arasında daha soylu olan hapşırdı ve Allah'ı anmadı, bu yüzden Peygamber ona rahmet dilemedi. Sonra diğer adam hapşırdı ve Allah'ı andı, bu yüzden Peygamber, Allah'ın selamı ve bereketi üzerine olsun, ona rahmet diledi. Soylu adam dedi ki: 'Ben senin yanında hapşırdım ve sen benim için rahmet dilemedin. Bu diğer adam hapşırdı ve sen ona rahmet diledin.' Peygamber dedi ki: 'Bu adam Allah'ı andı, ben de onu andım. Sen Allah'ı unuttun, ben de seni unuttum.'\""
      }
    },
    {
      "id": 15,
      "idInBook": 15,
      "chapterId": 40,
      "bookId": 15,
      "arabic": "حَدَّثَنَا إِسْمَاعِيلُ، عَنْ مَالِكٍ، عَنْ نَافِعٍ، عَنْ عَبْدِ اللهِ بْنِ عُمَرَ، أَنَّهُ كَانَ إِذَا عَطَسَ فَقِيلَ لَهُ‏:‏ يَرْحَمُكَ اللَّهُ، فَقَالَ‏:‏ يَرْحَمُنَا اللَّهُ وَإِيَّاكُمْ، وَيَغْفِرُ لَنَا وَلَكُمْ‏.‏",
      "english": {
        "narrator": "",
        "text": "Nafi' said that when 'Abdullah ibn 'Umar sneezed, they said\nto him, \"May Allah have mercy on you,\" and Ibn 'Umar said, \"May He have\nmercy on us and you. May He forgive us and you.\""
      },
      "turkish": {
        "narrator": "",
        "text": "Nafi' dedi ki: \"'Abdullah ibn 'Umar hapşırdığında, ona 'Allah sana rahmet etsin' dediler, İbn 'Umar da: 'O, bize ve size rahmet etsin. O, bizi ve sizi affetsin.' dedi.\""
      }
    },
    {
      "id": 16,
      "idInBook": 16,
      "chapterId": 40,
      "bookId": 15,
      "arabic": "حَدَّثَنَا أَبُو نُعَيْمٍ، قَالَ‏:‏ حَدَّثَنَا سُفْيَانُ، عَنْ عَطَاءٍ، عَنْ أَبِي عَبْدِ الرَّحْمَنِ، عَنْ عَبْدِ اللهِ قَالَ‏:‏ إِذَا عَطَسَ أَحَدُكُمْ فَلْيَقُلِ‏:‏ الْحَمْدُ لِلَّهِ رَبِّ الْعَالَمِينَ، وَلْيَقُلْ مَنْ يَرُدُّ‏:‏ يَرْحَمُكَ اللَّهُ، وَلْيَقُلْ هُوَ‏:‏ يَغْفِرُ اللَّهُ لِي وَلَكُمْ‏.‏",
      "english": {
        "narrator": "",
        "text": "'Abdullah said, \"When one of you sneezes, he should say, 'Praise\nbe to Allah, the Lord of the Worlds.' Let anyone responding to him say\n'May Allah have mercy on you.' Then the person who sneezed should say'May\nAllah forgive me and you.'\""
      },
      "turkish": {
        "narrator": "",
        "text": "Abdullah dedi ki, \"Sizden biri hapşırdığında, 'Hamd, âlemlerin Rabbi Allah'a olsun.' demelidir. Ona cevap veren kimse 'Allah sana rahmet eylesin.' desin. Sonra hapşıran kişi 'Allah beni ve seni affetsin.' demelidir.\""
      }
    },
    {
      "id": 17,
      "idInBook": 17,
      "chapterId": 40,
      "bookId": 15,
      "arabic": "حَدَّثَنَا عَاصِمُ بْنُ عَلِيٍّ، قَالَ‏:‏ حَدَّثَنَا عِكْرِمَةُ، قَالَ‏:‏ حَدَّثَنَا إِيَاسُ بْنُ سَلَمَةَ، عَنْ أَبِيهِ قَالَ‏:‏ عَطَسَ رَجُلٌ عِنْدَ النَّبِيِّ صلى الله عليه وسلم فَقَالَ‏:‏ يَرْحَمُكَ اللَّهُ، ثُمَّ عَطَسَ أُخْرَى، فَقَالَ النَّبِيُّ صلى الله عليه وسلم‏:‏ هَذَا مَزْكُومٌ‏.‏",
      "english": {
        "narrator": "",
        "text": "Iyas ibn Salama related that his father said, \"A man sneezed in\nthe presence of the Prophet, may Allah bless him and grant him peace, and\nthe Prophet said, 'May Allah have mercy on you.' Then the man sneezed again\nand the Prophet, may Allah bless him and grant him peace, said, 'This man\nhas a cold.'\""
      },
      "turkish": {
        "narrator": "",
        "text": "İyas ibn Selame, babasının şöyle dediğini aktardı: \"Bir adam, Peygamber'in, ona Allah'ın selamı ve bereketi üzerine olsun, huzurunda hapşırdı ve Peygamber, 'Allah sana rahmet eylesin.' dedi. Sonra adam tekrar hapşırdı ve Peygamber, ona Allah'ın selamı ve bereketi üzerine olsun, 'Bu adamın soğuk algınlığı var.' dedi.\""
      }
    },
    {
      "id": 18,
      "idInBook": 18,
      "chapterId": 40,
      "bookId": 15,
      "arabic": "حَدَّثَنَا عَارِمٌ، قَالَ‏:‏ حَدَّثَنَا عُمَارَةُ بْنُ زَاذَانَ قَالَ‏:‏ حَدَّثَنِي مَكْحُولٌ الأَزْدِيُّ قَالَ‏:‏ كُنْتُ إِلَى جَنْبِ ابْنِ عُمَرَ، فَعَطَسَ رَجُلٌ مِنْ نَاحِيَةِ الْمَسْجِدِ، فَقَالَ ابْنُ عُمَرَ‏:‏ يَرْحَمُكَ اللَّهُ إِنْ كُنْتَ حَمِدْتَ اللَّهَ‏.‏",
      "english": {
        "narrator": "",
        "text": "Makhul al-Azdi said, \"I was beside Ibn 'Umar when a man sneezed\non one side of the mosque. Ibn 'Umar said, 'May Allah have mercy on you\nif you praised Allah.'\""
      },
      "turkish": {
        "narrator": "",
        "text": "Makhul el-Azdi dedi ki, \"Ben İbn 'Umar'ın yanında, caminin bir tarafında bir adam hapşırdığında, İbn 'Umar, 'Eğer Allah'ı övdüysen, Allah sana rahmet eylesin.' dedi.\""
      }
    },
    {
      "id": 19,
      "idInBook": 19,
      "chapterId": 40,
      "bookId": 15,
      "arabic": "حَدَّثَنَا مُحَمَّدُ بْنُ سَلامٍ، قَالَ‏:‏ أَخْبَرَنَا مَخْلَدٌ، قَالَ‏:‏ أَخْبَرَنَا ابْنُ جُرَيْجٍ، أَخْبَرَنِي ابْنُ أَبِي نَجِيحٍ، عَنْ مُجَاهِدٍ، أَنَّهُ سَمِعَهُ يَقُولُ‏:‏ عَطَسَ ابْنٌ لِعَبْدِ اللهِ بْنِ عُمَرَ، إِمَّا أَبُو بَكْرٍ، وَإِمَّا عُمَرُ، فَقَالَ‏:‏ آبَّ، فَقَالَ ابْنُ عُمَرَ‏:‏ وَمَا آبَّ‏؟‏ إِنَّ آبَّ اسْمُ شَيْطَانٍ مِنَ الشَّيَاطِينِ جَعَلَهَا بَيْنَ الْعَطْسَةِ وَالْحَمْدِ‏.‏",
      "english": {
        "narrator": "",
        "text": "Mujahid said, \"When a son of 'Abdullah ibn 'Umar, either Abu Bakr\nor 'Umar, sneezed, he said, 'Ab!' Ibn 'Umar said, 'What is this \"Ab\"? Ab\nis the name of one of the shaytans who comes between the sneeze and the\npraise.'\""
      },
      "turkish": {
        "narrator": "",
        "text": "Mücahid dedi ki, \"'Abdullah ibn 'Umar'ın oğullarından biri, ya Ebu Bekir ya da Ömer hapşırdığında, 'Ab!' dedi. İbn 'Umar, 'Bu 'Ab' nedir? 'Ab, hapşırma ile övgü arasında gelen şeytanlardan birinin adıdır.' dedi.\""
      }
    },
    {
      "id": 20,
      "idInBook": 20,
      "chapterId": 40,
      "bookId": 15,
      "arabic": "حَدَّثَنَا أَبُو الْوَلِيدِ، قَالَ‏:‏ حَدَّثَنَا عِكْرِمَةُ بْنُ عَمَّارٍ قَالَ‏:‏ حَدَّثَنِي إِيَاسُ بْنُ سَلَمَةَ قَالَ‏:‏ حَدَّثَنِي أَبِي قَالَ‏:‏ كُنْتُ عِنْدَ النَّبِيِّ صلى الله عليه وسلم فَعَطَسَ رَجُلٌ، فَقَالَ‏:‏ يَرْحَمُكَ اللَّهُ، ثُمَّ عَطَسَ أُخْرَى، فَقَالَ النَّبِيُّ صلى الله عليه وسلم‏:‏ هَذَا مَزْكُومٌ‏.‏",
      "english": {
        "narrator": "",
        "text": "See hadith 935."
      },
      "turkish": {
        "narrator": "",
        "text": "Hadis 935'e bakınız."
      }
    },
    {
      "id": 21,
      "idInBook": 21,
      "chapterId": 40,
      "bookId": 15,
      "arabic": "حَدَّثَنَا قُتَيْبَةُ، قَالَ‏:‏ حَدَّثَنَا سُفْيَانُ، عَنِ ابْنِ عَجْلاَنَ، عَنِ الْمَقْبُرِيِّ، عَنْ أَبِي هُرَيْرَةَ قَالَ‏:‏ شَمِّتْهُ وَاحِدَةً وَثِنْتَيْنِ وَثَلاَثًا، فَمَا كَانَ بَعْدَ هَذَا فَهُوَ زُكَامٌ‏.‏",
      "english": {
        "narrator": "",
        "text": "Abu Hurayra said, \"Wish mercy on a person once, twice and three\ntimes. Anything more than that is a cold.\""
      },
      "turkish": {
        "narrator": "",
        "text": "Ebu Hureyre dedi ki, \"Bir kişiye bir kez, iki kez ve üç kez rahmet dile. Bunun dışındaki her şey soğuk algınlığıdır.\""
      }
    },
    {
      "id": 22,
      "idInBook": 22,
      "chapterId": 40,
      "bookId": 15,
      "arabic": "حَدَّثَنَا مُحَمَّدُ بْنُ يُوسُفَ، قَالَ‏:‏ حَدَّثَنَا سُفْيَانُ، عَنْ حَكِيمِ بْنِ الدَّيْلَمِ، عَنْ أَبِي بُرْدَةَ، عَنْ أَبِي مُوسَى قَالَ‏:‏ كَانَ الْيَهُودُ يَتَعَاطَسُونَ عِنْدَ النَّبِيِّ صلى الله عليه وسلم رَجَاءَ أَنْ يَقُولَ لَهُمْ‏:‏ يَرْحَمُكُمُ اللَّهُ، فَكَانَ يَقُولُ‏:‏ يَهْدِيكُمُ اللَّهُ، وَيُصْلِحُ بَالَكُمْ‏.‏ (...) حدثنا أبو حفص بن علي قال: حدثنا يحيى قال: حدثنا سفيان قال: حدثني حكيم بن الديلم قال: حدثني أبو بردة, عن أبيه, مثله",
      "english": {
        "narrator": "",
        "text": "Abu Musa said, \"The Jews used to sneeze in the presence of the\nProphet, may Allah bless him and grant him peace, hoping that he would\nsay to them, 'May Allah have mercy on you.' He used to say to them, 'May\nAllah guide you and put you in order.'\""
      },
      "turkish": {
        "narrator": "",
        "text": "Ebu Musa dedi ki, \"Yahudiler, Peygamber'in, ona Allah'ın selamı ve bereketi üzerine olsun, huzurunda hapşırdıklarında, onun onlara 'Allah sana rahmet eylesin.' demesini umarlardı. O ise onlara, 'Allah sizi hidayete erdirsin ve sizi düzene koysun.' derdi.\""
      }
    },
    {
      "id": 23,
      "idInBook": 23,
      "chapterId": 40,
      "bookId": 15,
      "arabic": "حَدَّثَنَا فَرْوَةُ، وَأَحْمَدُ بْنُ إِشْكَابَ، قَالاَ‏:‏ حَدَّثَنَا الْقَاسِمُ بْنُ مَالِكٍ الْمُزَنِيُّ، عَنْ عَاصِمِ بْنِ كُلَيْبٍ، عَنْ أَبِي بُرْدَةَ قَالَ‏:‏ دَخَلْتُ عَلَى أَبِي مُوسَى، وَهُوَ فِي بَيْتِ ابْنَتِهِ أُمِّ الْفَضْلِ بْنِ الْعَبَّاسِ، فَعَطَسْتُ فَلَمْ يُشَمِّتْنِي، وَعَطَسَتْ فَشَمَّتَهَا، فَأَخْبَرْتُ أُمِّي، فَلَمَّا أَتَاهَا وَقَعَتْ بِهِ وَقَالَتْ‏:‏ عَطَسَ ابْنِي فَلَمْ تُشَمِّتْهُ، وَعَطَسَتْ فَشَمَّتَّهَا، فَقَالَ لَهَا‏:‏ إِنِّي سَمِعْتُ النَّبِيَّ صلى الله عليه وسلم يَقُولُ‏:‏ إِذَا عَطَسَ أَحَدُكُمْ فَحَمِدَ اللَّهَ فَشَمِّتُوهُ، وَإِنْ لَمْ يَحْمَدِ اللَّهَ فَلاَ تُشَمِّتُوهُ، وَإِنَّ ابْنَكِ عَطَسَ فَلَمْ يَحْمَدِ اللَّهَ، فَلَمْ أُشَمِّتْهُ، وَعَطَسَتْ فَحَمِدَتِ اللَّهَ فَشَمَّتُّهَا، فَقَالَتْ‏:‏ أَحْسَنْتَ‏.‏",
      "english": {
        "narrator": "",
        "text": "Abu Burda said, \"I came to Abu Musa while he was in the house of\nUmm al-Fadl ibn al-'Abbas and I sneezed and Abu Musa did not wish mercy\non me. Umm al-Fadl sneezed and he wished mercy on her. I told my mother,\nso when Abu Musa came to her, she confronted him and said, 'My son sneezed\nand you did not wish mercy on him. She (Umm al-Fadl) sneezed and you wished\nmercy on her.' Abu Musa replied, 'I heard the Prophet, may Allah bless\nhim and grant him peace, say, \"When one of you sneezes and praises Allah,\nyou should wish mercy on him, if he does not praise Allah, do not wish\nmercy on him.\" My son sneezed and did not praise Allah, so I did not wish\nmercy on him. She sneezed and praised Allah, so I wished mercy on her.'\nShe said, 'You did well.'\""
      },
      "turkish": {
        "narrator": "",
        "text": "Ebu Burda dedi ki, \"Ben Ebu Musa'nın Umm al-Fadl ibn al-'Abbas'ın evinde bulunduğu sırada hapşırdım ve Ebu Musa bana rahmet dilemedi. Umm al-Fadl hapşırdı ve ona rahmet diledi. Ben anneme söyledim, böylece Ebu Musa ona geldiğinde, annem ona karşı çıktı ve 'Oğlum hapşırdı ve ona rahmet dilemedin. O (Umm al-Fadl) hapşırdı ve ona rahmet diledin.' dedi. Ebu Musa cevap verdi, 'Peygamber'in, ona Allah'ın selamı ve bereketi üzerine olsun, 'Sizden biri hapşırdığında ve Allah'ı övdüğünde, ona rahmet dilemelisiniz. Eğer Allah'ı övmezse, ona rahmet dilemeyin.' dediğini duydum. Oğlum hapşırdı ve Allah'ı övmedi, bu yüzden ona rahmet dilemedim. O ise hapşırdı ve Allah'ı övdü, bu yüzden ona rahmet diledim.' Annem, 'İyi yaptın.' dedi.\""
      }
    },
    {
      "id": 24,
      "idInBook": 24,
      "chapterId": 40,
      "bookId": 15,
      "arabic": "حَدَّثَنَا عَبْدُ اللهِ بْنُ يُوسُفَ، قَالَ‏:‏ أَخْبَرَنَا مَالِكٌ، عَنِ الْعَلاَءِ بْنِ عَبْدِ الرَّحْمَنِ، عَنْ أَبِيهِ، عَنْ أَبِي هُرَيْرَةَ، عَنِ النَّبِيِّ صلى الله عليه وسلم قَالَ‏:‏ إِذَا تَثَاءَبَ أَحَدُكُمْ فَلْيَكْظِمْ مَا اسْتَطَاعَ‏.‏",
      "english": {
        "narrator": "",
        "text": "Abu Hurayra reported that the Prophet, may Allah bless him and\ngrant him peace, said, \"When one of you yawns, he should repress it as\nmuch as possible.\""
      },
      "turkish": {
        "narrator": "",
        "text": "Ebu Hureyre, Peygamber'in, ona Allah'ın selamı ve bereketi üzerine olsun, \"Sizden biri esnediğinde, bunu mümkün olduğunca bastırmalıdır.\" dediğini bildirdi."
      }
    },
    {
      "id": 25,
      "idInBook": 25,
      "chapterId": 40,
      "bookId": 15,
      "arabic": "حَدَّثَنَا مُوسَى بْنُ إِسْمَاعِيلَ، قَالَ‏:‏ حَدَّثَنَا هَمَّامٌ، عَنْ قَتَادَةَ، عَنْ أَنَسٍ، عَنْ مُعَاذٍ قَالَ‏:‏ أَنَا رَدِيفُ النَّبِيِّ صلى الله عليه وسلم، فَقَالَ‏:‏ يَا مُعَاذُ، قُلْتُ‏:‏ لَبَّيْكَ وَسَعْدَيْكَ، ثُمَّ قَالَ مِثْلَهُ ثَلاَثًا‏:‏ هَلْ تَدْرِي مَا حَقُّ اللهِ عَلَى الْعِبَادِ‏؟‏ قُلْتُ‏:‏ لاَ، قَالَ‏:‏ أَنْ يَعْبُدُوهُ وَلاَ يُشْرِكُوا بِهِ شَيْئًا، ثُمَّ سَارَ سَاعَةً فَقَالَ‏:‏ يَا مُعَاذُ، قُلْتُ‏:‏ لَبَّيْكَ وَسَعْدَيْكَ، قَالَ‏:‏ هَلْ تَدْرِي مَا حَقُّ الْعِبَادِ عَلَى اللهِ عَزَّ وَجَلَّ إِذَا فَعَلُوا ذَلِكَ‏؟‏ أَنْ لا يُعَذِّبَهُمْ‏.‏",
      "english": {
        "narrator": "",
        "text": "Mu'adh said, \"I was riding behind the Prophet, may Allah bless\nhim and grant him peace, and he called out, 'Mu'adh!' 'At your service!'\nI replied. Then the Prophet said the same thing three times and went on,\n'Do you know what is Allah's right on His slaves? That they should worship\nHim and not associate anything with Him.' Then he rode on for an hour."
      },
      "turkish": {
        "narrator": "",
        "text": "Mu'adh dedi ki, \"Ben Peygamber'in, ona Allah'ın selamı ve bereketi üzerine olsun, arkasında binerken, 'Mu'adh!' diye seslendi. 'Hizmetindeyim!' dedim. Sonra Peygamber üç kez aynı şeyi söyledi ve 'Biliyor musun, Allah'ın kulları üzerindeki hakkı nedir? Onun dışında hiçbir şeyi O'na ortak koşmadan, yalnızca O'na ibadet etmeleridir.' dedi. Sonra bir saat daha bindi.\""
      }
    },
    {
      "id": 26,
      "idInBook": 26,
      "chapterId": 40,
      "bookId": 15,
      "arabic": "حَدَّثَنَا عَبْدُ اللهِ بْنُ صَالِحٍ قَالَ‏:‏ حَدَّثَنِي اللَّيْثُ قَالَ‏:‏ حَدَّثَنِي عُقَيْلٌ، عَنِ ابْنِ شِهَابٍ قَالَ‏:‏ أَخْبَرَنِي عَبْدُ الرَّحْمَنِ بْنُ عَبْدِ اللهِ بْنِ كَعْبِ بْنِ مَالِكٍ، أَنَّ عَبْدَ اللهِ بْنَ كَعْبٍ، وَكَانَ قَائِدَ كَعْبٍ مِنْ بَنِيهِ حِينَ عَمِيَ، قَالَ‏:‏ سَمِعْتُ كَعْبَ بْنَ مَالِكٍ يُحَدِّثُ حَدِيثَهُ حِينَ تَخَلَّفَ عَنْ رَسُولِ اللهِ صلى الله عليه وسلم عَنْ غَزْوَةِ تَبُوكَ، فَتَابَ اللَّهُ عَلَيْهِ‏:‏ وَآذَنَ رَسُولُ اللهِ صلى الله عليه وسلم بِتَوْبَةِ اللهِ عَلَيْنَا حِينَ صَلَّى صَلاَةَ الْفَجْرَ، فَتَلَقَّانِي النَّاسُ فَوْجًا فَوْجًا، يُهَنُّونِي بِالتَّوْبَةِ يَقُولُونَ‏:‏ لِتَهْنِكَ تَوْبَةُ اللهِ عَلَيْكَ، حَتَّى دَخَلْتُ الْمَسْجِدَ، فَإِذَا بِرَسُولِ اللهِ صلى الله عليه وسلم حَوْلَهُ النَّاسُ، فَقَامَ إِلَيَّ طَلْحَةُ بْنُ عُبَيْدِ اللهِ يُهَرْوِلُ، حَتَّى صَافَحَنِي وَهَنَّانِي، وَاللَّهِ مَا قَامَ إِلَيَّ رَجُلٌ مِنَ الْمُهَاجِرِينَ غَيْرُهُ، لا أَنْسَاهَا لِطَلْحَةَ‏.‏",
      "english": {
        "narrator": "Ka’b bin Maalik (ra) related his account when he lagged behind in the Battle of Tabook. He said:",
        "text": "When Allah accepted my repentance \nand the Messenger of Allah (ﷺ) announced at the time of the fajr prayers that Allah had accepted my repentance, people met me in large number and congratulated me on the acceptance of my repentance. They said, \"Congratulations to you. Allah has approved your repentance.\" And I entered the Masjid Nabawi. People were sitting around him. Talhah bin Ubayd Allah \nran towards me after standing up and shook hands with me and congratulated me. By Allah, one of the Muhajirs besides him stood up for me. I will not forget this demonstration of Thalhah’s."
      },
      "turkish": {
        "narrator": "Ka’b bin Maalik (ra) related his account when he lagged behind in the Battle of Tabook. He said:",
        "text": "Ka'b bin Malik (ra) Tabuk Savaşı'nda geri kaldığında yaşadığı olayı aktardı. Dedi ki: \"Allah benim tövbeimi kabul ettiğinde ve Allah'ın Elçisi (ﷺ) sabah namazı vaktinde benim tövbe kabul edildiğini ilan ettiğinde, insanlar beni büyük bir kalabalıkla karşılayıp, tövbe kabulüm için tebrik ettiler. 'Tebrikler, Allah senin tövbeni kabul etti.' dediler. Ben de Mescid-i Nebevi'ye girdim. İnsanlar onun etrafında oturuyordu. Talha bin Ubaydullah ayağa kalkıp bana doğru koştu, elimi sıktı ve tebrik etti. Vallahi, yanında bulunan Muhacirlerden biri benim için ayağa kalktı. Bu Talha'nın bu davranışını asla unutmayacağım.\""
      }
    },
    {
      "id": 27,
      "idInBook": 27,
      "chapterId": 40,
      "bookId": 15,
      "arabic": "حَدَّثَنَا مُحَمَّدُ بْنُ عَرْعَرَةَ، قَالَ‏:‏ حَدَّثَنَا شُعْبَةُ، عَنْ سَعْدِ بْنِ إِبْرَاهِيمَ، عَنْ أَبِي أُمَامَةَ بْنِ سَهْلِ بْنِ حُنَيْفٍ، عَنْ أَبِي سَعِيدٍ الْخُدْرِيِّ، أَنَّ نَاسًا نَزَلُوا عَلَى حُكْمِ سَعْدِ بْنِ مُعَاذٍ، فَأَرْسَلَ إِلَيْهِ، فَجَاءَ عَلَى حِمَارٍ، فَلَمَّا بَلَغَ قَرِيبًا مِنَ الْمَسْجِدِ قَالَ النَّبِيُّ صلى الله عليه وسلم‏:‏ ائْتُوا خَيْرَكُمْ، أَوْ سَيِّدَكُمْ، فَقَالَ‏:‏ يَا سَعْدُ إِنَّ هَؤُلاَءِ نَزَلُوا عَلَى حُكْمِكَ، فَقَالَ سَعْدٌ‏:‏ أَحْكُمُ فِيهِمْ أَنْ تُقْتَلَ مُقَاتِلَتُهُمْ، وَتُسْبَى ذُرِّيَّتُهُمْ، فَقَالَ النَّبِيُّ صلى الله عليه وسلم‏:‏ حَكَمْتَ بِحُكْمِ اللهِ، أَوْ قَالَ‏:‏ حَكَمْتَ بِحُكْمِ الْمَلِكِ‏.‏",
      "english": {
        "narrator": "",
        "text": "Abu Sa’eed al-Khudri (ra) said that some people (the Jews of Banu Quraysh) came down at the command of Sa’d bin Mu’az . He was called and he came riding a donkey. When he approached the mosque, the Prophet (ﷺ) said, \"Rise up for one better than you\", or he said \"Rise up for your chief. And he also said, \"O Sa’d these people have come down on your orders\". Sa’d said, \"Those of them that are their fighting men should be slain and their young children should be made captives\". The Prophet (ﷺ) said, \"You have judged according to Allah’s decree\", or he \nsaid, \"You have decided in the light of the King’s command.)"
      },
      "turkish": {
        "narrator": "",
        "text": "Ebu Sa'id el-Hudri (ra) bazı insanların (Banu Kureyş Yahudileri) Sa'd bin Muaz'ın emriyle aşağıya indiklerini söyledi. O çağrıldı ve bir eşeğin üzerinde geldi. Camiyi yaklaştığında, Peygamber (ﷺ) 'Sizden daha iyi olan için ayağa kalkın' ya da 'Şefkiniz için ayağa kalkın.' dedi. Ayrıca, 'Ey Sa'd, bu insanlar senin emirlerinle indiler.' dedi. Sa'd, 'Onların savaşçı olanları öldürülmeli ve genç çocukları esir alınmalıdır.' dedi. Peygamber (ﷺ) 'Sen Allah'ın hükmüne göre hüküm verdin.' ya da 'Sen Kral'ın emri doğrultusunda karar verdin.' dedi.\""
      }
    },
    {
      "id": 28,
      "idInBook": 28,
      "chapterId": 40,
      "bookId": 15,
      "arabic": "حَدَّثَنَا مُوسَى بْنُ إِسْمَاعِيلَ، قَالَ‏:‏ حَدَّثَنَا حَمَّادُ بْنُ سَلَمَةَ، عَنْ حُمَيْدٍ، عَنْ أَنَسٍ قَالَ‏:‏ مَا كَانَ شَخْصٌ أَحَبَّ إِلَيْهِمْ رُؤْيَةً مِنَ النَّبِيِّ صلى الله عليه وسلم، وَكَانُوا إِذَا رَأَوْهُ لَمْ يَقُومُوا إِلَيْهِ، لِمَا يَعْلَمُونَ مِنْ كَرَاهِيَتِهِ لِذَلِكَ‏.‏",
      "english": {
        "narrator": "",
        "text": "Anas said, \"There is no one that people loved to see more than\nthe Prophet, may Allah bless him and grant him peace. But when they saw\nhim, they did not stand up for him since they knew that he disliked that.\""
      },
      "turkish": {
        "narrator": "",
        "text": "Enes dedi ki, \"İnsanların Peygamber'i, ona Allah'ın selamı ve bereketi üzerine olsun, görmekten daha çok sevdiği kimse yoktu. Ama onu gördüklerinde, onun hoşlanmadığını bildikleri için onun için ayağa kalkmazlardı.\""
      }
    },
    {
      "id": 29,
      "idInBook": 29,
      "chapterId": 40,
      "bookId": 15,
      "arabic": "حَدَّثَنَا مُحَمَّدُ بْنُ الْحَكَمِ، قَالَ‏:‏ أَخْبَرَنَا النَّضْرُ، قَالَ‏:‏ حَدَّثَنَا إِسْرَائِيلُ، قَالَ‏:‏ أَخْبَرَنَا مَيْسَرَةُ بْنُ حَبِيبٍ قَالَ‏:‏ أَخْبَرَنِي الْمِنْهَالُ بْنُ عَمْرٍو قَالَ‏:‏ حَدَّثَتْنِي عَائِشَةُ بِنْتُ طَلْحَةَ، عَنْ عَائِشَةَ أُمِّ الْمُؤْمِنِينَ رَضِيَ اللَّهُ عَنْهَا قَالَتْ‏:‏ مَا رَأَيْتُ أَحَدًا مِنَ النَّاسِ كَانَ أَشْبَهَ بِالنَّبِيِّ صلى الله عليه وسلم كَلاَمًا وَلاَ حَدِيثًا وَلاَ جِلْسَةً مِنْ فَاطِمَةَ، قَالَتْ‏:‏ وَكَانَ النَّبِيُّ صلى الله عليه وسلم إِذَا رَآهَا قَدْ أَقْبَلَتْ رَحَّبَ بِهَا، ثُمَّ قَامَ إِلَيْهَا فَقَبَّلَهَا، ثُمَّ أَخَذَ بِيَدِهَا فَجَاءَ بِهَا حَتَّى يُجْلِسَهَا فِي مَكَانِهِ، وَكَانَتْ إِذَا أَتَاهَا النَّبِيُّ صلى الله عليه وسلم رَحَّبَتْ بِهِ، ثُمَّ قَامَتْ إِلَيْهِ فَقَبَّلَتْهُ، وأَنَّهَا دَخَلَتْ عَلَى النَّبِيِّ صلى الله عليه وسلم فِي مَرَضِهِ الَّذِي قُبِضَ فِيهِ، فَرَحَّبَ وَقَبَّلَهَا، وَأَسَرَّ إِلَيْهَا، فَبَكَتْ، ثُمَّ أَسَرَّ إِلَيْهَا، فَضَحِكَتْ، فَقُلْتُ لِلنِّسَاءِ‏:‏ إِنْ كُنْتُ لَأَرَى أَنَّ لِهَذِهِ الْمَرْأَةِ فَضْلاً عَلَى النِّسَاءِ، فَإِذَا هِيَ مِنَ النِّسَاءِ، بَيْنَمَا هِيَ تَبْكِي إِذَا هِيَ تَضْحَكُ، فَسَأَلْتُهَا‏:‏ مَا قَالَ لَكِ‏؟‏ قَالَتْ‏:‏ إِنِّي إِذًا لَبَذِرَةٌ، فَلَمَّا قُبِضَ النَّبِيُّ صلى الله عليه وسلم، فَقَالَتْ‏:‏ أَسَرَّ إِلَيَّ فَقَالَ‏:‏ إِنِّي مَيِّتٌ، فَبَكَيْتُ، ثُمَّ أَسَرَّ إِلَيَّ فَقَالَ‏:‏ إِنَّكِ أَوَّلُ أَهْلِي بِي لُحُوقًا، فَسُرِرْتُ بِذَلِكَ وَأَعْجَبَنِي‏.‏",
      "english": {
        "narrator": "",
        "text": "'A'isha, the Umm al-Mu'minin, said, \"I have not seen anyone who\nmore resembled the Prophet, may Allah bless him and grant him peace, in\nwords or speech or manner of sitting than Fatima.\" 'A'isha continued, \"When\nthe Prophet, may Allah bless him and grant him peace, saw that she had\ncome, he would greet her and then he stood up for her, kissed her, took\nher hand and brought her forward and made her sit in his place. When the\nProphet, may Allah bless him and grant him peace, visited her, she greeted\nhim, stood up for him, and kissed him. She came to the Prophet, may Allah\nbless him and grant him peace, in his final illness and he greeted her,\nkissed her, and told her a secret. She wept. Then he confided something\nelse to her and she laughed. I said to the women, 'I see that this woman\nis superior to other women, yet she is one of them. First she wept and\nthen she laughed.' I asked her, 'What did he say to you?' She replied,\n'I would be telling a secret.' When the Prophet, may Allah bless him and\ngrant him peace, died, Fatima said, 'He confided to me, \"I am dying,\" so\nI wept. Then he confided to me, \"You will be the first of my family to\njoin me,\" so I was happy and pleased at that.'\""
      },
      "turkish": {
        "narrator": "",
        "text": "A'işe, Müminlerin Annesi, dedi ki, \"Peygamber'e, ona Allah'ın selamı ve bereketi üzerine olsun, sözleri, konuşması veya oturuş şekli bakımından en çok benzeyen kimseyi Fatıma'dan daha fazla görmedim.\" A'işe devam etti, \"Peygamber, ona Allah'ın selamı ve bereketi üzerine olsun, onun geldiğini görünce, ona selam verir ve sonra onun için ayağa kalkar, onu öper, elini alır ve onu kendi yerine oturturdu. Peygamber, ona Allah'ın selamı ve bereketi üzerine olsun, onu ziyaret ettiğinde, o ona selam verir, onun için ayağa kalkar ve onu öperdi. O, Peygamber, ona Allah'ın selamı ve bereketi üzerine olsun, son hastalığında ona geldiğinde, o ona selam verdi, onu öptü ve ona bir sır verdi. O ağladı. Sonra ona başka bir şey daha söyledi ve o güldü. Ben kadınlara, 'Bu kadının diğer kadınlardan üstün olduğunu görüyorum, ama o onlardan biri.' dedim. Önce ağladı, sonra güldü.' Ona, 'Ona ne söyledin?' dedim. O da, 'Bir sır vereceğim.' dedi. Peygamber, ona Allah'ın selamı ve bereketi üzerine olsun, vefat ettiğinde, Fatıma dedi ki, 'O bana, \"Ben ölüyorum.\" dedi, bu yüzden ağladım. Sonra, \"Ailemden bana katılacak ilk kişi sensin.\" dedi, bu yüzden mutlu oldum ve sevindim.'\""
      }
    },
    {
      "id": 30,
      "idInBook": 30,
      "chapterId": 40,
      "bookId": 15,
      "arabic": "حَدَّثَنَا عَبْدُ اللهِ بْنُ صَالِحٍ قَالَ‏:‏ حَدَّثَنِي اللَّيْثُ قَالَ‏:‏ حَدَّثَنِي أَبُو الزُّبَيْرِ، عَنْ جَابِرٍ قَالَ‏:‏ اشْتَكَى النَّبِيُّ صلى الله عليه وسلم، فَصَلَّيْنَا وَرَاءَهُ وَهُوَ قَاعِدٌ، وَأَبُو بَكْرٍ يُسْمِعُ النَّاسَ تَكْبِيرَهُ، فَالْتَفَتَ إِلَيْنَا فَرَآنَا قِيَامًا، فَأَشَارَ إِلَيْنَا فَقَعَدْنَا، فَصَلَّيْنَا بِصَلاَتِهِ قُعُودًا، فَلَمَّا سَلَّمَ قَالَ‏:‏ إِنْ كِدْتُمْ لَتَفْعَلُوا فِعْلَ فَارِسَ وَالرُّومِ، يَقُومُونَ عَلَى مُلُوكِهِمْ وَهُمْ قُعُودٌ، فَلاَ تَفْعَلُوا، ائْتَمُّوا بِأَئِمَّتِكُمْ، إِنْ صَلَّى قَائِمًا فَصَلُّوا قِيَامًا، وَإِنْ صَلَّى قَاعِدًا فَصَلُّوا قُعُودًا‏.‏",
      "english": {
        "narrator": "",
        "text": "Jabir said, \"The Prophet, may Allah bless him and grant him peace,\nwas ill and we prayed behind him while he was sitting down. Abu Bakr relayed\nhis takbir to the people. The Prophet turned towards us and saw that we\nwere standing. He indicated to us that we should sit down. So we prayed\nsitting down with him. When he said the taslim, he said, 'You were about\nto do what the Persians and Romans do. They stand in front of their kings\nwhen they are seated. Do not do that. Follow your Imams. If the Imam prays\nstanding, then pray standing. If he prays sitting down, then pray sitting\ndown.\""
      },
      "turkish": {
        "narrator": "",
        "text": "Cabir dedi ki, \"Peygamber, ona Allah'ın selamı ve bereketi üzerine olsun, hastaydı ve biz onun arkasında oturarak namaz kıldık. Ebu Bekir, insanlara tekbirini iletti. Peygamber bize döndü ve ayakta durduğumuzu görünce, oturmamız için işaret etti. Böylece onunla birlikte oturarak namaz kıldık. Taslim ettiğinde, 'Siz, Perslerin ve Romalıların yaptığı şeyi yapmaya yaklaşıyordunuz. Onlar, krallarının önünde oturduklarında ayağa kalkarlar. Bunu yapmayın. İmamlarınıza uyun. Eğer imam ayakta namaz kılarsa, siz de ayakta namaz kılın. Eğer oturarak namaz kılarsa, siz de oturarak namaz kılın.' dedi.\""
      }
    },
    {
      "id": 31,
      "idInBook": 31,
      "chapterId": 40,
      "bookId": 15,
      "arabic": "حَدَّثَنَا مُسَدَّدٌ، قَالَ‏:‏ حَدَّثَنَا خَالِدٌ، قَالَ‏:‏ حَدَّثَنَا سُهَيْلٌ، عَنِ ابْنِ أَبِي سَعِيدٍ، عَنْ أَبِي سَعِيدٍ، عَنِ النَّبِيِّ صلى الله عليه وسلم قَالَ‏:‏ إِذَا تَثَاءَبَ أَحَدُكُمْ فَلْيَضَعْ يَدَهُ بِفِيهِ، فَإِنَّ الشَّيْطَانَ يَدْخُلُ فِيهِ‏.‏",
      "english": {
        "narrator": "",
        "text": "Abu Sa'id reported that the Prophet, may Allah bless him and grant\nhim peace, said, \"When one of you yawns, he should put his hand over his\nmouth. Otherwise Shaytan might enter it.\""
      },
      "turkish": {
        "narrator": "",
        "text": "Ebu Sa'id, Allah'ın selam ve bereketi üzerine olsun, Peygamber'in (s.a.v) şöyle söylediğini rivayet etmiştir: \"Sizden biri esnerse, elini ağzının üzerine koysun. Aksi takdirde Şeytan oraya girebilir.\""
      }
    },
    {
      "id": 32,
      "idInBook": 32,
      "chapterId": 40,
      "bookId": 15,
      "arabic": "حَدَّثَنَا عُثْمَانُ، قَالَ‏:‏ حَدَّثَنَا جَرِيرٌ، عَنْ مَنْصُورٍ، عَنْ هِلاَلِ بْنِ يَسَافٍ، عَنْ عَطَاءٍ، عَنِ ابْنِ عَبَّاسٍ قَالَ‏:‏ إِذَا تَثَاءَبَ فَلْيَضَعْ يَدَهُ عَلَى فِيهِ، فَإِنَّمَا هُوَ مِنَ الشَّيْطَانِ‏.‏",
      "english": {
        "narrator": "",
        "text": "Ibn Abbas said, \"When someone yawns, he should place his hand over\nhis mouth. Yawning comes from Shaytan.\""
      },
      "turkish": {
        "narrator": "",
        "text": "---"
      }
    },
    {
      "id": 33,
      "idInBook": 33,
      "chapterId": 40,
      "bookId": 15,
      "arabic": "حَدَّثَنَا مُسَدَّدٌ، قَالَ‏:‏ حَدَّثَنَا بِشْرُ بْنُ الْمُفَضَّلِ، قَالَ‏:‏ حَدَّثَنَا سُهَيْلٌ قَالَ‏:‏ سَمِعْتُ ابْنًا لأَبِي سَعِيدٍ الْخُدْرِيِّ يُحَدِّثُ أَبِي، عَنْ أَبِيهِ قَالَ‏:‏ قَالَ رَسُولُ اللهِ صلى الله عليه وسلم‏:‏ إِذَا تَثَاءَبَ أَحَدُكُمْ فَلْيُمْسِكْ عَلَى فِيهِ، فَإِنَّ الشَّيْطَانَ يَدْخُلُهُ‏.‏ حدثنا خالد بن مخلد قال: حدثنا سليمان قال: حدثني سهيل قال: حدثني عبد الرحمن بن ابي سعيد، عن أبيه، أن النبي صلى الله عليه وسلم قال: (( إذا تثاءب أحدكم، فليمسك بيده فمه، فإن الشيطان يدخله))",
      "english": {
        "narrator": "",
        "text": "Same as 949."
      },
      "turkish": {
        "narrator": "",
        "text": "İbn Abbas şöyle demiştir: \"Birisi esnerse, elini ağzının üzerine koymalıdır. Esneme Şeytan'dan gelir.\""
      }
    }
  ],
  "chapter": {
    "id": 40,
    "bookId": 15,
    "arabic": "كتاب الْعُطَاسَ والتثاؤب",
    "english": "Sneezing and Yawning"
  }
}