{
  "metadata": {
    "length": 4,
    "arabic": {
      "title": "موطأ مالك",
      "author": "الإمام مالك بن أنس",
      "introduction": "كتاب صلاة الكسوف"
    },
    "english": {
      "title": "Muwatta Malik",
      "author": "Imam Malik ibn Anas",
      "introduction": "The Eclipse Prayer"
    }
  },
  "hadiths": [
    {
      "id": 1,
      "idInBook": 1,
      "chapterId": 12,
      "bookId": 7,
      "arabic": "حَدَّثَنِي يَحْيَى، عَنْ مَالِكٍ، عَنْ هِشَامِ بْنِ عُرْوَةَ، عَنْ أَبِيهِ، عَنْ عَائِشَةَ، زَوْجِ النَّبِيِّ صلى الله عليه وسلم أَنَّهَا قَالَتْ خَسَفَتِ الشَّمْسُ فِي عَهْدِ رَسُولِ اللَّهِ صلى الله عليه وسلم فَصَلَّى رَسُولُ اللَّهِ صلى الله عليه وسلم بِالنَّاسِ فَقَامَ فَأَطَالَ الْقِيَامَ ثُمَّ رَكَعَ فَأَطَالَ الرُّكُوعَ ثُمَّ قَامَ فَأَطَالَ الْقِيَامَ وَهُوَ دُونَ الْقِيَامِ الأَوَّلِ ثُمَّ رَكَعَ فَأَطَالَ الرُّكُوعَ وَهُوَ دُونَ الرُّكُوعِ الأَوَّلِ ثُمَّ رَفَعَ فَسَجَدَ ثُمَّ فَعَلَ فِي الرَّكْعَةِ الآخِرَةِ مِثْلَ ذَلِكَ ثُمَّ انْصَرَفَ وَقَدْ تَجَلَّتِ الشَّمْسُ فَخَطَبَ النَّاسَ فَحَمِدَ اللَّهَ وَأَثْنَى عَلَيْهِ ثُمَّ قَالَ ‏\n\"‏ إِنَّ الشَّمْسَ وَالْقَمَرَ آيَتَانِ مِنْ آيَاتِ اللَّهِ لاَ يَخْسِفَانِ لِمَوْتِ أَحَدٍ وَلاَ لِحَيَاتِهِ فَإِذَا رَأَيْتُمْ ذَلِكَ فَادْعُوا اللَّهَ وَكَبِّرُوا وَتَصَدَّقُوا - ثُمَّ قَالَ - يَا أُمَّةَ مُحَمَّدٍ وَاللَّهِ مَا مِنْ أَحَدٍ أَغْيَرَ مِنَ اللَّهِ أَنْ يَزْنِيَ عَبْدُهُ أَوْ تَزْنِيَ أَمَتُهُ يَا أُمَّةَ مُحَمَّدٍ وَاللَّهِ لَوْ تَعْلَمُونَ مَا أَعْلَمُ لَضَحِكْتُمْ قَلِيلاً وَلَبَكَيْتُمْ كَثِيرًا ‏\"‏ ‏.‏",
      "english": {
        "narrator": "",
        "text": "Yahya related to me from Malik from Hisham ibn Urwa from his\nfather that A'isha, the wife of the Prophet, may Allah bless him and\ngrant him peace, said, \"There was an eclipse of the sun in the time of\nthe Messenger of Allah, may Allah bless him and grant him peace, and\nthe Messenger of Allah, may Allah bless him and grant him peace, led\nthe people in prayer. He stood, and did so for a long time. Then he\nwent into ruku, and made the ruku long. Then he stood again, and did\nso for a long time, though not as long as the first time. Then he went\ninto ruku, and made the ruku long, though not as long as thefirst\ntime. Then he rose, and went down into sajda. He then did the same in\nthe second raka, and by the time he had finished the sun had appeared.\nHe then gave a khutba to the people, in which he praised Allah and\nthen said, 'The sun and the moon are two of Allah's signs. They do not\neclipse for anyone's death nor for anyone's life. When you see an\neclipse, call on Allah and say, \"Allah is greater\" and give sadaqa.'\nThen he said, 'O community of Muhammad! ByAllah, there is no-one more\njealous than Allah of a male or female slave of his who commits\nadultery. O community of Muhammad! By Allah, if you knew what I knew,\nyou would laugh little and weep much'.\""
      },
      "turkish": {
        "narrator": "",
        "text": "Yahya, Malik'ten, Hişam ibn Urva'dan, babasından, A'işe'nin, Allah ona rahmet etsin ve selam versin, şöyle dediğini rivayet etti: \"Peygamberimiz zamanında güneş tutulması oldu ve Peygamberimiz, Allah ona rahmet etsin ve selam versin, insanlara namaz kıldırdı. Uzun bir süre ayakta durdu. Sonra rükûya gitti ve rükûyu uzun tuttu. Sonra tekrar ayakta durdu, ama ilk sefer kadar uzun değildi. Sonra tekrar rükûya gitti ve rükûyu uzun tuttu, ama ilk sefer kadar uzun değildi. Sonra kalktı ve secdeye gitti. İkinci rekatta da aynı şekilde yaptı ve namazını bitirdiğinde güneş doğmuştu. Sonra insanlara bir hutbe verdi, Allah'ı övdü ve ardından şöyle dedi: 'Güneş ve ay, Allah'ın iki ayetidir. Onlar, kimsenin ölümü veya hayatı için tutulmazlar. Güneş tutulması gördüğünüzde, Allah'a dua edin ve \"Allah en büyüktür\" deyin ve sadaka verin.' Sonra şöyle dedi: 'Ey Muhammed topluluğu! Allah'a yemin ederim ki, bir erkek veya kadın kölesinin zina etmesinden daha çok kıskanan kimse yoktur. Ey Muhammed topluluğu! Allah'a yemin ederim ki, eğer benim bildiklerimi bilseydiniz, az güler ve çok ağlardınız.'\""
      }
    },
    {
      "id": 2,
      "idInBook": 2,
      "chapterId": 12,
      "bookId": 7,
      "arabic": "وَحَدَّثَنِي عَنْ مَالِكٍ، عَنْ زَيْدِ بْنِ أَسْلَمَ، عَنْ عَطَاءِ بْنِ يَسَارٍ، عَنْ عَبْدِ اللَّهِ بْنِ عَبَّاسٍ، أَنَّهُ قَالَ خَسَفَتِ الشَّمْسُ فَصَلَّى رَسُولُ اللَّهِ صلى الله عليه وسلم وَالنَّاسُ مَعَهُ فَقَامَ قِيَامًا طَوِيلاً نَحْوًا مِنْ سُورَةِ الْبَقَرَةِ - قَالَ - ثُمَّ رَكَعَ رُكُوعًا طَوِيلاً ثُمَّ رَفَعَ فَقَامَ قِيَامًا طَوِيلاً وَهُوَ دُونَ الْقِيَامِ الأَوَّلِ ثُمَّ رَكَعَ رُكُوعًا طَوِيلاً وَهُوَ دُونَ الرُّكُوعِ الأَوَّلِ ثُمَّ سَجَدَ ثُمَّ قَامَ قِيَامًا طَوِيلاً وَهُوَ دُونَ الْقِيَامِ الأَوَّلِ ثُمَّ رَكَعَ رُكُوعًا طَوِيلاً وَهُوَ دُونَ الرُّكُوعِ الأَوَّلِ ثُمَّ رَفَعَ فَقَامَ قِيَامًا طَوِيلاً وَهُوَ دُونَ الْقِيَامِ الأَوَّلِ ثُمَّ رَكَعَ رُكُوعًا طَوِيلاً وَهُو دُونَ الرُّكُوعِ الأَوَّلِ ثُمَّ سَجَدَ ثُمَّ انْصَرَفَ وَقَدْ تَجَلَّتِ الشَّمْسُ فَقَالَ ‏\"‏ إِنَّ الشَّمْسَ وَالْقَمَرَ آيَتَانِ مِنْ آيَاتِ اللَّهِ لاَ يَخْسِفَانِ لِمَوْتِ أَحَدٍ وَلاَ لِحَيَاتِهِ فَإِذَا رَأَيْتُمْ ذَلِكَ فَاذْكُرُوا اللَّهَ ‏\"‏ ‏.‏ قَالُوا يَا رَسُولَ اللَّهِ رَأَيْنَاكَ تَنَاوَلْتَ شَيْئًا فِي مَقَامِكَ هَذَا ثُمَّ رَأَيْنَاكَ تَكَعْكَعْتَ ‏.‏ فَقَالَ ‏\"‏ إِنِّي رَأَيْتُ الْجَنَّةَ فَتَنَاوَلْتُ مِنْهَا عُنْقُودًا وَلَوْ أَخَذْتُهُ لأَكَلْتُمْ مِنْهُ مَا بَقِيَتِ الدُّنْيَا وَرَأَيْتُ النَّارَ فَلَمْ أَرَ كَالْيَوْمِ مَنْظَرًا قَطُّ أَفْظَعَ وَرَأَيْتُ أَكْثَرَ أَهْلِهَا النِّسَاءَ ‏\"‏ ‏.‏ قَالُوا لِمَ يَا رَسُولَ اللَّهِ قَالَ ‏\"‏ لِكُفْرِهِنَّ ‏\"‏ ‏.‏ قِيلَ أَيَكْفُرْنَ بِاللَّهِ ‏.‏ قَالَ ‏\"‏ وَيَكْفُرْنَ الْعَشِيرَ وَيَكْفُرْنَ الإِحْسَانَ لَوْ أَحْسَنْتَ إِلَى إِحْدَاهُنَّ الدَّهْرَ كُلَّهُ ثُمَّ رَأَتْ مِنْكَ شَيْئًا قَالَتْ مَا رَأَيْتُ مِنْكَ خَيْرًا قَطُّ ‏\"‏ ‏.‏",
      "english": {
        "narrator": "",
        "text": "Yahya related to me from Malik from Zayd ibn Aslam from Ata ibn\nYasar that Abdullah ibn Abbas said, \"There was an eclipse of the sun\nand the Messenger of Allah, may Allah bless him and grant him peace,\nprayed, and the people prayed with him. He stood for a long time,\nnearly as long as (it takes to recite) Surat al-Baqara (Sura 2), and\nthen went into ruku for a long time. Then he rose and stood for a long\ntime, though less than the first time.Then he went into ruku for a\nlong time, though less than the first time. Then he went down into\nsajda. Then he stood for a long time, though less than the first time.\nThen he went into ruku for a long time, though less than the first\ntime. Then he rose and stood for a long time, though less than the\nfirsttime. Then he went into ruku for a long time, though less than\nthe first time. Then he went down into sajda, and by the time he had\nfinished the sun had appeared. Then he said, 'The sun and the moon are\ntwo of Allah's signs. They do not eclipse for anyone's death nor for\nanyone's life. When you see an eclipse, remember Allah.' They said,\n'Messenger of Allah, we saw you reach out for something while you were\nstanding here and then we saw you withdraw.' He said, 'I saw the\nGarden and I reached out for a bunch of grapes from it, and if I had\ntaken it you would have been able to eat from it for as long as this\nworld lasted. Then I saw the Fire - and I have never seen anything\nmore hideous than what I saw today - and I saw that most of  its\npeople were women.'  They said, 'Why, Messenger of Allah?'  He said,\n'Because of their ungratefulness (kufr).' Someone said, 'Are they\nungrateful toAllah?'  He said, 'They are ungrateful to their husbands\nand they are ungrateful for good behaviour (towards them) . Even if\nyou were to behave well towards one of them for a whole lifetime and\nthen she were to see you do something (that she did not like) she\nwould say that she had never seen anything good from you.' \""
      },
      "turkish": {
        "narrator": "",
        "text": "Yahya, Malik'ten, Zeyd ibn Aslam'dan, Ata ibn Yasar'dan, Abdullah ibn Abbas'ın şöyle dediğini rivayet etti: \"Güneş tutulması oldu ve Peygamberimiz, Allah ona rahmet etsin ve selam versin, namaz kıldı, insanlar da onunla birlikte namaz kıldılar. Uzun bir süre ayakta durdu, neredeyse (Bakara Suresi'ni okumak için gereken süre kadar) uzun, sonra rükûya gitti ve uzun bir süre rükûda kaldı. Sonra kalktı ve uzun bir süre ayakta durdu, ama ilk sefer kadar uzun değildi. Sonra tekrar rükûya gitti ve uzun bir süre rükûda kaldı, ama ilk sefer kadar uzun değildi. Sonra secdeye gitti. Sonra uzun bir süre ayakta durdu, ama ilk sefer kadar uzun değildi. Sonra tekrar rükûya gitti ve uzun bir süre rükûda kaldı, ama ilk sefer kadar uzun değildi. Sonra kalktı ve uzun bir süre ayakta durdu, ama ilk sefer kadar uzun değildi. Sonra tekrar rükûya gitti ve uzun bir süre rükûda kaldı, ama ilk sefer kadar uzun değildi. Sonra secdeye gitti ve namazını bitirdiğinde güneş doğmuştu. Sonra şöyle dedi: 'Güneş ve ay, Allah'ın iki ayetidir. Onlar, kimsenin ölümü veya hayatı için tutulmazlar. Güneş tutulması gördüğünüzde, Allah'ı hatırlayın.' Onlar dediler: 'Ey Allah'ın Resulü, seni burada ayakta dururken bir şeylere uzandığını gördük ve sonra geri çekildiğini gördük.' O da şöyle dedi: 'Cenneti gördüm ve oradan bir salkım üzüm almak için uzandım, eğer onu alsaydım, bu dünya sürdüğü müddetçe siz de ondan yiyebilirdiniz. Sonra ateşi gördüm - ve bugün gördüğümden daha çirkin bir şey görmedim - ve onun insanlarının çoğunun kadın olduğunu gördüm.' Onlar dediler: 'Neden, Ey Allah'ın Resulü?' O da şöyle dedi: 'Nankörlüklerinden (kufr) dolayı.' Birisi dedi: 'Allah'a nankörlük mü ediyorlar?' O da şöyle dedi: 'Kocalarına nankörlük ediyorlar ve onlara karşı iyi davranışa nankörlük ediyorlar. Birine ömür boyu iyi davransanız bile, sonra o bir şey görse (hoşlanmadığı) hemen \"Senden hiçbir hayır görmedim\" der.'\""
      }
    },
    {
      "id": 3,
      "idInBook": 3,
      "chapterId": 12,
      "bookId": 7,
      "arabic": "وَحَدَّثَنِي عَنْ مَالِكٍ، عَنْ يَحْيَى بْنِ سَعِيدٍ، عَنْ عَمْرَةَ بِنْتِ عَبْدِ الرَّحْمَنِ، عَنْ عَائِشَةَ، زَوْجِ النَّبِيِّ صلى الله عليه وسلم أَنَّ يَهُودِيَّةً جَاءَتْ تَسْأَلُهَا فَقَالَتْ أَعَاذَكِ اللَّهُ مِنْ عَذَابِ الْقَبْرِ ‏.‏ فَسَأَلَتْ عَائِشَةُ رَسُولَ اللَّهِ صلى الله عليه وسلم أَيُعَذَّبُ النَّاسُ فِي قُبُورِهِمْ فَقَالَ رَسُولُ اللَّهِ صلى الله عليه وسلم عَائِذًا بِاللَّهِ مِنْ ذَلِكَ ثُمَّ رَكِبَ رَسُولُ اللَّهِ صلى الله عليه وسلم ذَاتَ غَدَاةٍ مَرْكَبًا فَخَسَفَتِ الشَّمْسُ فَرَجَعَ ضُحًى فَمَرَّ بَيْنَ ظَهْرَانَىِ الْحُجَرِ ثُمَّ قَامَ يُصَلِّي وَقَامَ النَّاسُ وَرَاءَهُ فَقَامَ قِيَامًا طَوِيلاً ثُمَّ رَكَعَ رُكُوعًا طَوِيلاً ثُمَّ رَفَعَ فَقَامَ قِيَامًا طَوِيلاً وَهُوَ دُونَ الْقِيَامِ الأَوَّلِ ثُمَّ رَكَعَ رُكُوعًا طَوِيلاً وَهُوَ دُونَ الرُّكُوعِ الأَوَّلِ ثُمَّ رَفَعَ فَسَجَدَ ثُمَّ قَامَ قِيَامًا طَوِيلاً وَهُوَ دُونَ الْقِيَامِ الأَوَّلِ ثُمَّ رَكَعَ رُكُوعًا طَوِيلاً وَهُوَ دُونَ الرُّكُوعِ الأَوَّلِ ثُمَّ رَفَعَ فَقَامَ قِيَامًا طَوِيلاً وَهُوَ دُونَ الْقِيَامِ الأَوَّلِ ثُمَّ رَكَعَ رُكُوعًا طَوِيلاً وَهُوَ دُونَ الرُّكُوعِ الأَوَّلِ ثُمَّ رَفَعَ ثُمَّ سَجَدَ ثُمَّ انْصَرَفَ فَقَالَ مَا شَاءَ اللَّهُ أَنْ يَقُولَ ثُمَّ أَمَرَهُمْ أَنْ يَتَعَوَّذُوا مِنْ عَذَابِ الْقَبْرِ ‏.‏",
      "english": {
        "narrator": "",
        "text": "Yahya related to me from Malik from Yahya ibn Said from 'Amra\nbint Abd ar-Rahman from A'isha, the wife of the Prophet, may Allah\nbless him and grant him peace, that a jewish woman came to beg from\nher and said, \"May Allah give you refuge from the punishment of the\ngrave.\"  So A'isha asked the Messenger of Allah, may Allah bless him\nand grant him peace, \"Are people punished in their graves?\", and the\nMessenger of Allah, may Allah bless him and grant him peace, took\nrefuge in Allah from that. Then one morning the Messenger of Allah,\nmay Allah bless him and grant him peace, went out on a journey and\nthere was an eclipse of the sun, and he returned in the late morning\nand passed through his apartments. Then he stood and prayed, and the\npeople stood behind him. He stood for a long time, and then went into\nruku for a long time. Then he rose and stood for a long time, though\nless than the first time, and then went into ruku for a long time,\nthough less than the first time. Then he rose, and went down into\nsajda. Then he stood for a long time, though less than the time\nbefore, and then went into ruku for a long time, though less than the\ntime before. Then he rose and stood for a long time, though less than\nthe time before, and then went into ruku for a long time, though less\nthan the time before. Then he rose, and went down into sajda. When he\nhad finished he said what Allah willed him to say, and then he told\nthem to seek protection for themselves from the punishment of the\ngrave.\""
      },
      "turkish": {
        "narrator": "",
        "text": "Yahya, Malik'ten, Yahya ibn Said'den, 'Amra bint Abd ar-Rahman'dan, A'işe'nin, Allah ona rahmet etsin ve selam versin, şöyle dediğini rivayet etti: \"Bir Yahudi kadın yanına gelip ondan dilendi ve şöyle dedi: 'Allah seni kabir azabından korusun.' A'işe, Peygamberimiz, Allah ona rahmet etsin ve selam versin, 'İnsanlar kabirlerinde azap mı görüyorlar?' diye sordu. Peygamberimiz, Allah ona rahmet etsin ve selam versin, bu durumdan Allah'a sığındı. Sonra bir sabah Peygamberimiz, Allah ona rahmet etsin ve selam versin, bir sefere çıktı ve güneş tutulması oldu, geç bir saatte geri döndü ve dairelerinden geçti. Sonra durdu ve namaz kıldı, insanlar da arkasında durdular. Uzun bir süre ayakta durdu, sonra uzun bir süre rükûya gitti. Sonra kalktı ve uzun bir süre ayakta durdu, ama ilk sefer kadar uzun değildi, sonra tekrar uzun bir süre rükûya gitti, ama ilk sefer kadar uzun değildi. Sonra kalktı ve secdeye gitti. Sonra uzun bir süre ayakta durdu, ama önceki kadar uzun değildi, sonra tekrar uzun bir süre rükûya gitti, ama önceki kadar uzun değildi. Sonra kalktı ve uzun bir süre ayakta durdu, ama önceki kadar uzun değildi, sonra tekrar uzun bir süre rükûya gitti, ama önceki kadar uzun değildi. Sonra kalktı ve secdeye gitti. Namazını bitirdiğinde, Allah'ın kendisine söylemesini istediği şeyi söyledi ve sonra onlara kabir azabından korunmaları gerektiğini bildirdi.\""
      }
    },
    {
      "id": 4,
      "idInBook": 4,
      "chapterId": 12,
      "bookId": 7,
      "arabic": "حَدَّثَنِي يَحْيَى، عَنْ مَالِكٍ، عَنْ هِشَامِ بْنِ عُرْوَةَ، عَنْ فَاطِمَةَ بِنْتِ الْمُنْذِرِ، عَنْ أَسْمَاءَ بِنْتِ أَبِي بَكْرٍ الصِّدِّيقِ، أَنَّهَا قَالَتْ أَتَيْتُ عَائِشَةَ زَوْجَ النَّبِيِّ صلى الله عليه وسلم حِينَ خَسَفَتِ الشَّمْسُ فَإِذَا النَّاسُ قِيَامٌ يُصَلُّونَ وَإِذَا هِيَ قَائِمَةٌ تُصَلِّي فَقُلْتُ مَا لِلنَّاسِ فَأَشَارَتْ بِيَدِهَا نَحْوَ السَّمَاءِ وَقَالَتْ سُبْحَانَ اللَّهِ ‏.‏ فَقُلْتُ آيَةٌ فَأَشَارَتْ بِرَأْسِهَا أَنْ نَعَمْ ‏.‏ قَالَتْ فَقُمْتُ حَتَّى تَجَلاَّنِي الْغَشْىُ وَجَعَلْتُ أَصُبُّ فَوْقَ رَأْسِي الْمَاءَ فَحَمِدَ اللَّهَ رَسُولُ اللَّهِ صلى الله عليه وسلم وَأَثْنَى عَلَيْهِ ثُمَّ قَالَ ‏\n\"‏ مَا مِنْ شَىْءٍ كُنْتُ لَمْ أَرَهُ إِلاَّ قَدْ رَأَيْتُهُ فِي مَقَامِي هَذَا حَتَّى الْجَنَّةُ وَالنَّارُ وَلَقَدْ أُوحِيَ إِلَىَّ أَنَّكُمْ تُفْتَنُونَ فِي الْقُبُورِ مِثْلَ - أَوْ قَرِيبًا - مِنْ فِتْنَةِ الدَّجَّالِ - لاَ أَدْرِي أَيَّتَهُمَا قَالَتْ أَسْمَاءُ - يُؤْتَى أَحَدُكُمْ فَيُقَالُ لَهُ مَا عِلْمُكَ بِهَذَا الرَّجُلِ فَأَمَّا الْمُؤْمِنُ - أَوِ الْمُوقِنُ لاَ أَدْرِي أَىَّ ذَلِكَ قَالَتْ أَسْمَاءُ - فَيَقُولُ هُوَ مُحَمَّدٌ رَسُولُ اللَّهِ جَاءَنَا بِالْبَيِّنَاتِ وَالْهُدَى فَأَجَبْنَا وَآمَنَّا وَاتَّبَعْنَا فَيُقَالُ لَهُ نَمْ صَالِحًا قَدْ عَلِمْنَا إِنْ كُنْتَ لَمُؤْمِنًا وَأَمَّا الْمُنَافِقُ - أَوِ الْمُرْتَابُ لاَ أَدْرِي أَيَّتَهُمَا قَالَتْ أَسْمَاءُ - فَيَقُولُ لاَ أَدْرِي سَمِعْتُ النَّاسَ يَقُولُونَ شَيْئًا فَقُلْتُهُ ‏\"‏ ‏.‏",
      "english": {
        "narrator": "",
        "text": "Yahya related to me from Malik from Hisham ibn Urwa from Fatima\nbint al Mundhir that Asma bint Abi Bakr as-Siddiq said, \"I went to\nA'isha, the wife of the Prophet, may Allah bless him and grant him\npeace, during an eclipse of the sun, and everybody was standing in\nprayer, and she too was standing praying. I said, 'What is everybody\ndoing?'  She pointed towards the sky with her hand and said, 'Glory be\nto Allah.' I said,  'A sign?'  She nodded  'Yes'  with her head.\"\n\n\nShe continued, \"I stood until I had almost fainted, and I began to\npour water over my head. The Messenger of Allah, may Allah bless him\nand grant him peace, praised Allah and spoke well of Him, and then\nsaid, 'There is nothing which I had previously not seen beforehand\nthat I have not now seen while standing - even the Garden and the\nFire. It has been revealed to me that you will be tried in your graves\nwith a trial, like, or near to, the trial of the Dajjal (I do not know\nwhich one Asma said). Every one of you will have someone who comes to\nhim and asks him, 'What do you know about this man?' A mumin, or one\nwho has certainty (muqin)  (I do not know which one Asma said), will\nsay, 'He is Muhammad, the Messenger of Allah, may Allah bless him and\ngrant him peace, who came to us with clear proofs and guidance, and we\nanswered and believed and followed.' He will then be told, 'Sleep in a\ngood state. We know now that you were a mumin.' A hypocrite, however,\nor one who has doubts (l do not know which one Asma said), will say,\n'I do not know, I heard everybody saying something and I said it.' \""
      },
      "turkish": {
        "narrator": "",
        "text": "Yahya, Malik'ten, Hişam ibn Urva'dan, Fatima bint al Mundhir'den, Asma bint Abi Bekr as-Sıddık'ın şöyle dediğini rivayet etti: \"Güneş tutulması sırasında Peygamberimiz, Allah ona rahmet etsin ve selam versin, A'işe'ye gittim ve herkes namazda duruyordu, o da ayakta namaz kılıyordu. 'Herkes ne yapıyor?' dedim. O, elini gökyüzüne işaret ederek 'Subhanallah' dedi. 'Bir işaret mi?' dedim. Başını sallayarak 'Evet' dedi."
      }
    }
  ],
  "chapter": {
    "id": 12,
    "bookId": 7,
    "arabic": "كتاب صلاة الكسوف",
    "english": "The Eclipse Prayer"
  }
}