{
  "metadata": {
    "length": 18,
    "arabic": {
      "title": "موطأ مالك",
      "author": "الإمام مالك بن أنس",
      "introduction": "كتاب الاعتكاف"
    },
    "english": {
      "title": "Muwatta Malik",
      "author": "Imam Malik ibn Anas",
      "introduction": "I'tikaf in Ramadan"
    }
  },
  "hadiths": [
    {
      "id": 1,
      "idInBook": 1,
      "chapterId": 19,
      "bookId": 7,
      "arabic": "حَدَّثَنِي يَحْيَى، عَنْ مَالِكٍ، عَنِ ابْنِ شِهَابٍ، عَنْ عُرْوَةَ بْنِ الزُّبَيْرِ، عَنْ عَمْرَةَ بِنْتِ عَبْدِ الرَّحْمَنِ، عَنْ عَائِشَةَ، زَوْجِ النَّبِيِّ صلى الله عليه وسلم أَنَّهَا قَالَتْ كَانَ رَسُولُ اللَّهِ صلى الله عليه وسلم إِذَا اعْتَكَفَ يُدْنِي إِلَىَّ رَأْسَهُ فَأُرَجِّلُهُ وَكَانَ لاَ يَدْخُلُ الْبَيْتَ إِلاَّ لِحَاجَةِ الإِنْسَانِ ‏.‏",
      "english": {
        "narrator": "",
        "text": "Yahya related to me from Malik from Ibn Shihab from Urwa ibn az-\nZubayr from Amra bint Abd ar-Rahman that A'isha, the wife of the\nProphet, may Allah bless him and grant him peace, said,\"When the\nMessenger of Allah, may Allah bless him and grant him peace, did\nitikaf he would bring his head near to me and I would comb it. He\nwould only go into the house to relieve himself.\""
      },
      "turkish": {
        "narrator": "",
        "text": "Yahya, Malik'ten, Ibn Şihab'dan, Urva ibn az-Zubayr'dan, Amra bint Abd ar-Rahman'dan, A'işe'nin, Allah ona rahmet etsin, şöyle dediğini aktardı: \"Allah'ın Resulü, ona salat ve selam olsun, itikafa girdiğinde başını yanıma getirir ve ben de tarardım. Sadece ihtiyacını gidermek için eve girerdi.\""
      }
    },
    {
      "id": 2,
      "idInBook": 2,
      "chapterId": 19,
      "bookId": 7,
      "arabic": "وَحَدَّثَنِي عَنْ مَالِكٍ، عَنِ ابْنِ شِهَابٍ، عَنْ عَمْرَةَ بِنْتِ عَبْدِ الرَّحْمَنِ، أَنَّ عَائِشَةَ، كَانَتْ إِذَا اعْتَكَفَتْ لاَ تَسْأَلُ عَنِ الْمَرِيضِ إِلاَّ وَهِيَ تَمْشِي لاَ تَقِفُ ‏.‏",
      "english": {
        "narrator": "",
        "text": "Yahya related to me from Malik from Ibn Shihab from Amra bint Abd\nar-Rahman that when A'isha was doing itikaf she would only ask after\nsick people if she was walking and not if she was standing still.\n\n\nMalik said, \"A person doing itikaf should not carry out\nobligations of his, nor leave the mosque for them, nor should he help\nanyone. He should only leave the mosque to relieve himself. If he were\nable to go out to do things for people, visiting the sick, praying\nover the dead and following funeral processions would be the things\nwith the most claim on his coming out.\"\n\n\nMalik said, \"A person\ndoing itikaf is not doing itikaf until he avoids what some one doing\nitikaf should avoid, namely, visiting the sick, praying over the dead,\nand entering houses, except to relieve himself.\""
      },
      "turkish": {
        "narrator": "",
        "text": "Yahya, Malik'ten, Ibn Şihab'dan, Amra bint Abd ar-Rahman'dan, A'işe'nin itikaf yaparken sadece yürüdüğünde hasta insanlar hakkında sorduğunu, durduğunda sormadığını aktardı."
      }
    },
    {
      "id": 3,
      "idInBook": 3,
      "chapterId": 19,
      "bookId": 7,
      "arabic": "وَحَدَّثَنِي عَنْ مَالِكٍ، أَنَّهُ سَأَلَ ابْنَ شِهَابٍ عَنِ الرَّجُلِ، يَعْتَكِفُ هَلْ يَدْخُلُ لِحَاجَتِهِ تَحْتَ سَقْفٍ فَقَالَ نَعَمْ لاَ بَأْسَ بِذَلِكَ ‏.‏ قَالَ مَالِكٌ الأَمْرُ عِنْدَنَا الَّذِي لاَ اخْتِلاَفَ فِيهِ أَنَّهُ لاَ يُكْرَهُ الاِعْتِكَافُ فِي كُلِّ مَسْجِدٍ يُجَمَّعُ فِيهِ وَلاَ أُرَاهُ كُرِهَ الاِعْتِكَافُ فِي الْمَسَاجِدِ الَّتِي لاَ يُجَمَّعُ فِيهَا إِلاَّ كَرَاهِيَةَ أَنْ يَخْرُجَ الْمُعْتَكِفُ مِنْ مَسْجِدِهِ الَّذِي اعْتَكَفَ فِيهِ إِلَى الْجُمُعَةِ أَوْ يَدَعَهَا فَإِنْ كَانَ مَسْجِدًا لاَ يُجَمَّعُ فِيهِ الْجُمُعَةُ وَلاَ يَجِبُ عَلَى صَاحِبِهِ إِتْيَانُ الْجُمُعَةِ فِي مَسْجِدٍ سِوَاهُ فَإِنِّي لاَ أَرَى بَأْسًا بِالاِعْتِكَافِ فِيهِ لأَنَّ اللَّهَ تَبَارَكَ وَتَعَالَى قَالَ ‏{‏وَأَنْتُمْ عَاكِفُونَ فِي الْمَسَاجِدِ‏}‏ فَعَمَّ اللَّهُ الْمَسَاجِدَ كُلَّهَا وَلَمْ يَخُصَّ شَيْئًا مِنْهَا ‏.‏ قَالَ مَالِكٌ فَمِنْ هُنَالِكَ جَازَ لَهُ أَنْ يَعْتَكِفَ فِي الْمَسَاجِدِ الَّتِي لاَ يُجَمَّعُ فِيهَا الْجُمُعَةُ إِذَا كَانَ لاَ يَجِبُ عَلَيْهِ أَنْ يَخْرُجَ مِنْهُ إِلَى الْمَسْجِدِ الَّذِي تُجَمَّعُ فِيهِ الْجُمُعَةُ ‏.‏ قَالَ مَالِكٌ وَلاَ يَبِيتُ الْمُعْتَكِفُ إِلاَّ فِي الْمَسْجِدِ الَّذِي اعْتَكَفَ فِيهِ إِلاَّ أَنْ يَكُونَ خِبَاؤُهُ فِي رَحَبَةٍ مِنْ رِحَابِ الْمَسْجِدِ وَلَمْ أَسْمَعْ أَنَّ الْمُعْتَكِفَ يَضْرِبُ بِنَاءً يَبِيتُ فِيهِ إِلاَّ فِي الْمَسْجِدِ أَوْ فِي رَحَبَةٍ مِنْ رِحَابِ الْمَسْجِدِ وَمِمَّا يَدُلُّ عَلَى أَنَّهُ لاَ يَبِيتُ إِلاَّ فِي الْمَسْجِدِ قَوْلُ عَائِشَةَ كَانَ رَسُولُ اللَّهِ صلى الله عليه وسلم إِذَا اعْتَكَفَ لاَ يَدْخُلُ الْبَيْتَ إِلاَّ لِحَاجَةِ الإِنْسَانِ ‏.‏ وَلاَ يَعْتَكِفُ فَوْقَ ظَهْرِ الْمَسْجِدِ وَلاَ فِي الْمَنَارِ يَعْنِي الصَّوْمَعَةَ ‏.‏ وَقَالَ مَالِكٌ يَدْخُلُ الْمُعْتَكِفُ الْمَكَانَ الَّذِي يُرِيدُ أَنْ يَعْتَكِفَ فِيهِ قَبْلَ غُرُوبِ الشَّمْسِ مِنَ اللَّيْلَةِ الَّتِي يُرِيدُ أَنْ يَعْتَكِفَ فِيهَا حَتَّى يَسْتَقْبِلَ بِاعْتِكَافِهِ أَوَّلَ اللَّيْلَةِ الَّتِي يُرِيدُ أَنْ يَعْتَكِفَ فِيهَا وَالْمُعْتَكِفُ مُشْتَغِلٌ بِاعْتِكَافِهِ لاَ يَعْرِضُ لِغَيْرِهِ مِمَّا يَشْتَغِلُ بِهِ مِنَ التِّجَارَاتِ أَوْ غَيْرِهَا وَلاَ بَأْسَ بِأَنْ يَأْمُرَ الْمُعْتَكِفُ بِبَعْضِ حَاجَتِهِ بِضَيْعَتِهِ وَمَصْلَحَةِ أَهْلِهِ وَأَنْ يَأْمُرَ بِبَيْعِ مَالِهِ أَوْ بِشَىْءٍ لاَ يَشْغَلُهُ فِي نَفْسِهِ فَلاَ بَأْسَ بِذَلِكَ إِذَا كَانَ خَفِيفًا أَنْ يَأْمُرَ بِذَلِكَ مَنْ يَكْفِيهِ إِيَّاهُ ‏.‏ قَالَ مَالِكٌ لَمْ أَسْمَعْ أَحَدًا مِنْ أَهْلِ الْعِلْمِ يَذْكُرُ فِي الاِعْتِكَافِ شَرْطًا وَإِنَّمَا الاِعْتِكَافُ عَمَلٌ مِنَ الأَعْمَالِ مِثْلُ الصَّلاَةِ وَالصِّيَامِ وَالْحَجِّ وَمَا أَشْبَهَ ذَلِكَ مِنَ الأَعْمَالِ مَا كَانَ مِنْ ذَلِكَ فَرِيضَةً أَوْ نَافِلَةً فَمَنْ دَخَلَ فِي شَىْءٍ مِنْ ذَلِكَ فَإِنَّمَا يَعْمَلُ بِمَا مَضَى مِنَ السُّنَّةِ وَلَيْسَ لَهُ أَنْ يُحْدِثَ فِي ذَلِكَ غَيْرَ مَا مَضَى عَلَيْهِ الْمُسْلِمُونَ لاَ مِنْ شَرْطٍ يَشْتَرِطُهُ وَلاَ يَبْتَدِعُهُ وَقَدِ اعْتَكَفَ رَسُولُ اللَّهِ صلى الله عليه وسلم وَعَرَفَ الْمُسْلِمُونَ سُنَّةَ الاِعْتِكَافِ ‏.‏ قَالَ مَالِكٌ وَالاِعْتِكَافَ وَالْجِوَارُ سَوَاءٌ وَالاِعْتِكَافُ لِلْقَرَوِيِّ وَالْبَدَوِيِّ سَوَاءٌ ‏.‏",
      "english": {
        "narrator": "",
        "text": "Yahya related to me from Malik that he had asked Ibn Shihab\nwhether someone doing itikaf could go into a house to relieve himself,\nand he said, \"Yes, there is no harm in that.\"\n\n\nMalik said,\n\"The situation that we are all agreed upon here is that there is no\ndisapproval of anyone doing itikaf in a mosque where jumua is held.\nThe only reason I see for disapproving of doing itikaf in a mosque\nwhere jumua is not held is that the man doing itikaf would have to\nleave the mosque where he was doing itikaf in order to go to jumua, or\nelse not go there at all. If, however, he is doing itikaf in a mosque\nwhere jumua is not held, and he does not have to go to jumua in any\nother mosque, then I see no harm in him doing itikaf there, because\nAllah, the Blessed and Exalted, says, 'While you are doing itikaf in\nmosques,' and refers to all mosques in general, without specifying any\nparticular kind.\"\n\n\nMalik continued, \"Accordingly, it is\npermissiblefor a man to do itikaf in a mosque where jumua is not held\nif he does not have to leave it to go to a mosque where jumua is\nheld.\"\n\n\nMalik said, \"A person doing itikaf should spend the\nnight only in the mosque where he is doing itikaf, except if his tent\nis in one of the courtyards of the mosque. I have never heard that\nsomeone doing itikaf can put up a shelter anywhere except in the\nmosque itself or in one of the courtyards of the mosque.\n\n\nPart\nof what shows that he must spend the night in the mosque is the saying\nof A'isha, 'When the Messenger of Allah, may Allah bless him and grant\nhim peace, was doing itikaf, he would only go into the house to\nrelieve himself.' Nor should he do itikaf on the roof of the mosque or\nin the minaret.\"\n\n\nMalik said, \"The person who is going to do\nitikaf should enter the place where he wishes to do itikaf before the\nsun sets on the night when he wishes to begin his itikaf, so that he\nis ready to begin the itikaf at the beginning of the night when he is\ngoing to start his itikaf. A person doing itikaf should be occupied\nwith his itikaf, and not turn his attention to other things which\nmight occupy him, such as trading or whatever. There is no harm,\nhowever, if some one doing itikaf tells some one to do something for\nhim regarding his estate, or the affairs of  his family, or tells\nsomeone to sell some property of his, or something else that does not\noccupy him directly. There is no harm in him arranging for someone\nelse to do that for him if it is a simple matter.\"\n\n\nMalik\nsaid, \"I have never heard any of the people of knowledge mentioning\nany modification as far as how to do itikaf is concerned. Itikaf is an\nact of ibada like the prayer, fasting, the hajj, and such like acts,\nwhether they are obligatory or voluntary. Anyone who begins doing any\nof these acts should do them according to what has come down in the\nsunna. He should not start doing anything in them that the muslims\nhave not done, whether it is a modification that he imposes on others,\nor one that he begins doing himself. The Messenger of Allah, may Allah\nbless him and grant him peace, practised itikaf, and the muslims know\nwhat the sunna of itikaf is.\"\n\n\nMalik said, \"Itikaf and jiwar\nare the same, and Itikaf is the same for a village-dweller as it is\nfor a nomad.\""
      },
      "turkish": {
        "narrator": "",
        "text": "Malik dedi ki: \"İtikaf yapan bir kişi, üzerine düşen farzları yerine getirmemeli, bunlar için camiden çıkmamalı ve kimseye yardım etmemelidir. Sadece ihtiyacını gidermek için camiden çıkmalıdır. Eğer insanlar için bir şeyler yapmak üzere dışarı çıkabilirse, hasta ziyaretleri, cenaze namazı kılmak ve cenaze alaylarını takip etmek, dışarı çıkması için en çok hak sahibi olan şeylerdir.\""
      }
    },
    {
      "id": 4,
      "idInBook": 4,
      "chapterId": 19,
      "bookId": 7,
      "arabic": "حَدَّثَنِي يَحْيَى، عَنْ مَالِكٍ، أَنَّهُ بَلَغَهُ أَنَّ الْقَاسِمَ بْنَ مُحَمَّدٍ، وَنَافِعًا، مَوْلَى عَبْدِ اللَّهِ بْنِ عُمَرَ قَالاَ لاَ اعْتِكَافَ إِلاَّ بِصِيَامٍ بِقَوْلِ اللَّهِ تَبَارَكَ وَتَعَالَى فِي كِتَابِهِ ‏{‏وَكُلُوا وَاشْرَبُوا حَتَّى يَتَبَيَّنَ لَكُمُ الْخَيْطُ الأَبْيَضُ مِنَ الْخَيْطِ الأَسْوَدِ مِنَ الْفَجْرِ ثُمَّ أَتِمُّوا الصِّيَامَ إِلَى اللَّيْلِ وَلاَ تُبَاشِرُوهُنَّ وَأَنْتُمْ عَاكِفُونَ فِي الْمَسَاجِدِ‏}‏ فَإِنَّمَا ذَكَرَ اللَّهُ الاِعْتِكَافَ مَعَ الصِّيَامِ ‏.‏ قَالَ مَالِكٌ وَعَلَى  ذَلِكَ الأَمْرُ عِنْدَنَا أَنَّهُ لاَ اعْتِكَافَ إِلاَّ بِصِيَامٍ ‏.‏",
      "english": {
        "narrator": "",
        "text": "Yahya related to me from Malik that he had heard that al-Qasim\nibn Muhammad and Nafi, the mawla of Abdullah ibn Umar said, \"You\ncannot do itikaf unless you are fasting, because of what Allah, the\nBlessed and Exalted, says in His Book, 'And eat and drink until the\nwhite thread becomes clear to you from the black thread of dawn, then\ncomplete the fast until night-time, and do not have intercourse with\nthem while you are doing itikaf in mosques,' (Sura 2 ayat 187). Allah\nonly mentions itikaf together with fasting.\"\n\n\nMalik said,\n\"That is what we go by here.\""
      },
      "turkish": {
        "narrator": "",
        "text": "Malik dedi ki: \"İtikaf yapan bir kişi, itikaf yapan birinin kaçınması gereken şeylerden, yani hasta ziyaretleri, cenaze namazı kılmak ve evlere girmekten kaçınmadıkça itikaf yapmış sayılmaz, sadece ihtiyacını gidermek için evine girmelidir.\""
      }
    },
    {
      "id": 5,
      "idInBook": 5,
      "chapterId": 19,
      "bookId": 7,
      "arabic": "حَدَّثَنِي يَحْيَى، عَنْ زِيَادِ بْنِ عَبْدِ الرَّحْمَنِ، قَالَ حَدَّثَنَا مَالِكٌ، عَنْ سُمَىٍّ، مَوْلَى أَبِي بَكْرِ بْنِ عَبْدِ الرَّحْمَنِ أَنَّ أَبَا بَكْرِ بْنَ عَبْدِ الرَّحْمَنِ، اعْتَكَفَ فَكَانَ يَذْهَبُ لِحَاجَتِهِ تَحْتَ سَقِيفَةٍ فِي حُجْرَةٍ مُغْلَقَةٍ فِي دَارِ خَالِدِ بْنِ الْوَلِيدِ ثُمَّ لاَ يَرْجِعُ حَتَّى يَشْهَدَ الْعِيدَ مَعَ الْمُسْلِمِينَ ‏.",
      "english": {
        "narrator": "",
        "text": "Yahya related to me that Ziyad ibn Abd ar-Rahman said, \"Malik\nrelated to us from Sumayy, the mawla of Abu Bakr ibn Abd ar-Rahman,\nthat Abu Bakr ibn Abd ar-Rahman was once doing itikaf and he would go\nout to relieve himself in a closed room under a roofed passage in\nKhalid ibn Walid's house. Otherwise he did not leave his place of\nitikaf until he went to pray at the Id with the muslims.\""
      },
      "turkish": {
        "narrator": "",
        "text": "Yahya, Malik'ten, itikaf yapan birinin ihtiyacını gidermek için bir eve girebilir mi diye Ibn Şihab'a sorduğunu, onun da \"Evet, bunda bir sakınca yok\" dediğini aktardı."
      }
    },
    {
      "id": 6,
      "idInBook": 6,
      "chapterId": 19,
      "bookId": 7,
      "arabic": "حَدَّثَنِي يَحْيَى عَنْ زِيَادٍ عَنْ مَالِكٍ أَنَّهُ رَأَى بَعْضَ أَهْلِ الْعِلْمِ إِذَا اعْتَكَفُوا الْعَشْرَ الأَوَاخِرَ مِنْ رَمَضَانَ لاَ يَرْجِعُونَ إِلَى أَهَالِيهِمْ حَتَّى يَشْهَدُوا الْفِطْرَ مَعَ النَّاسِ ‏.‏ قَالَ زِيَادٌ قَالَ مَالِكٌ وَبَلَغَنِي ذَلِكَ عَنْ أَهْلِ الْفَضْلِ الَّذِينَ مَضَوْا وَهَذَا أَحَبُّ مَا سَمِعْتُ إِلَىَّ فِي ذَلِكَ ‏.",
      "english": {
        "narrator": "",
        "text": "Yahya related to me from Ziyad from Malik that he saw some of the\npeople of knowledge who, when they did itikaf in the last ten days of\nRamadan, would not go back to their families until they had attended\nthe Id al-Fitr with everybody.\n\n\nZiyad said that Malik said, \"I\nheard this from the people of excellence who have passed away, and it\nis what I like most out of what I have heard about the matter.\""
      },
      "turkish": {
        "narrator": "",
        "text": "Malik dedi ki: \"Burada hepimizin üzerinde anlaştığı durum, bir camide cuma namazı kılınan bir yerde itikaf yapan kimseye bir sakınca olmadığıdır. Cuma namazı kılınmayan bir camide itikaf yapmanın sakıncalı olduğunu düşündüğüm tek sebep, itikaf yapan kişinin itikaf yaptığı camiden çıkıp cuma namazına gitmek zorunda kalmasıdır. Ancak, eğer o kişi, cuma namazının kılınmadığı bir camide itikaf yapıyorsa ve başka bir camide cuma namazına gitmek zorunda değilse, o zaman orada itikaf yapmasında bir sakınca görmüyorum, çünkü Allah, yüce ve mübarek olan, 'Camilerde itikaf yaparken' der ve tüm camileri genel olarak kasteder, belirli bir tür belirtmez.\""
      }
    },
    {
      "id": 7,
      "idInBook": 7,
      "chapterId": 19,
      "bookId": 7,
      "arabic": "حَدَّثَنِي زِيَادٌ، عَنْ مَالِكٍ، عَنِ ابْنِ شِهَابٍ، عَنْ عَمْرَةَ بِنْتِ عَبْدِ الرَّحْمَنِ، عَنْ عَائِشَةَ، أَنَّ رَسُولَ اللَّهِ صلى الله عليه وسلم أَرَادَ أَنْ يَعْتَكِفَ فَلَمَّا انْصَرَفَ إِلَى الْمَكَانِ الَّذِي أَرَادَ أَنْ يَعْتَكِفَ فِيهِ وَجَدَ أَخْبِيَةً خِبَاءَ عَائِشَةَ وَخِبَاءَ حَفْصَةَ وَخِبَاءَ زَيْنَبَ فَلَمَّا رَآهَا سَأَلَ عَنْهَا فَقِيلَ لَهُ هَذَا خِبَاءُ عَائِشَةَ وَحَفْصَةَ وَزَيْنَبَ ‏.‏ فَقَالَ رَسُولُ اللَّهِ صلى الله عليه وسلم ‏\n\"‏ آلْبِرَّ تَقُولُونَ بِهِنَّ ‏\"‏ ‏.‏ ثُمَّ انْصَرَفَ فَلَمْ يَعْتَكِفْ حَتَّى اعْتَكَفَ عَشْرًا مِنْ شَوَّالٍ ‏.‏",
      "english": {
        "narrator": "",
        "text": "Ziyad related to me from Malik from Ibn Shihab from Amra bint Abd\nar-Rahman from A'isha that the Messenger of Allah, may Allah bless him\nand grant him peace, once wanted to do itikaf, and when he went off to\nthe place where he wanted to do itikaf  he found some tents there,\nwhich were A'isha's tent, Hafsa's tent, and Zaynab's tent. When he saw\nthem he asked about them and someone told him that they were the tents\nof A'isha, Hafsa and Zaynab. The Messenger of Allah, may Allah bless\nhim and grant him peace, said, \"Do you think them devout?\" Then he\nleft, and did not do itikaf until Shawwal, when he then did it for ten\ndays."
      },
      "turkish": {
        "narrator": "",
        "text": "Malik devam etti: \"Buna göre, eğer bir kişi, cuma namazının kılınmadığı bir camide itikaf yapıyorsa ve oradan çıkıp cuma namazı kılmak zorunda değilse, orada itikaf yapması caizdir.\""
      }
    },
    {
      "id": 8,
      "idInBook": 8,
      "chapterId": 19,
      "bookId": 7,
      "arabic": "",
      "english": {
        "narrator": "",
        "text": "Malik was asked whether someone who went into a mosque to do\nitikaf for the last ten days of Ramadan and stayed there for a day or\ntwo but then became ill and left the mosque, had to do itikaf for the\nnumber of days that were left from the ten, or not, and if he did have\nto do so, then what month should he do it in, and he replied, \"He\nshould make up whatever he has to do of the itikaf when he recovers,\nwhether in Ramadan or otherwise. I have heard that the Messenger of\nAllah, may Allah bless him and grant him peace, once wanted to do\nitikaf in Ramadan, but then came back without having done so, and then\nwhen Ramadan had gone, he did itikaf for ten days in Shawwal.\n\n\nSome one who does itikaf voluntarily in Ramadan and some one who has\nto do itikaf are in the same position regarding what is halal for them\nand what is haram. I have not heard that the Messenger of Allah, may\nAllah bless him and grant him peace, ever did itikaf other than\nvoluntarily.\"\n\n\nMalik said, that if a woman did itikaf and then\nmenstruated during her itikaf, she went back to her house, and, when\nshe was pure again she returned to the mosque, at whatever time it was\nthat she became pure. She then continued her itikaf from where she\nleft off. This was the same situation as with a woman who had to fast\ntwo consecutive months, and who menstruated and then became pure. She\nthen continued the fast from where she had left off and did not delay\ndoing so."
      },
      "turkish": {
        "narrator": "",
        "text": "Malik dedi ki: \"İtikaf yapan bir kişi, itikaf yaptığı camide sadece geceyi geçirmelidir, ancak çadırı caminin avlularından birinde ise bu durum farklıdır. İtikaf yapan birinin, caminin kendisi dışında veya caminin avlularında başka bir yerde barınak kurabileceğine dair hiç duymadım.\""
      }
    },
    {
      "id": 9,
      "idInBook": 9,
      "chapterId": 19,
      "bookId": 7,
      "arabic": "وَحَدَّثَنِي زِيَادٌ، عَنْ مَالِكٍ، عَنِ ابْنِ شِهَابٍ، ‏.‏ أَنَّ رَسُولَ اللَّهِ صلى الله عليه وسلم كَانَ يَذْهَبُ لِحَاجَةِ الإِنْسَانِ فِي الْبُيُوتِ ‏.‏ قَالَ مَالِكٌ لاَ يَخْرُجُ الْمُعْتَكِفُ مَعَ جَنَازَةِ أَبَوَيْهِ وَلاَ مَعَ غَيْرِهَا ‏.‏",
      "english": {
        "narrator": "",
        "text": "Ziyad related to me from Malik from Ibn Shihab that the Messenger\nof Allah, may Allah bless him and grant him peace, used to go to\nrelieve himself in houses.\n\n\nMalik said, \"Someone doing itikaf\nshould not leave for his parents' funeral or for anything else.\""
      },
      "turkish": {
        "narrator": "",
        "text": "İtikafın camide geçirilmesi gerektiğini gösteren bir diğer şey de A'işe'nin sözü: \"Allah'ın Resulü, ona salat ve selam olsun, itikafa girdiğinde sadece ihtiyacını gidermek için eve girerdi.\" Ayrıca, caminin çatısında veya minarede itikaf yapmamalıdır.\""
      }
    },
    {
      "id": 10,
      "idInBook": 10,
      "chapterId": 19,
      "bookId": 7,
      "arabic": "",
      "english": {
        "narrator": "",
        "text": "Malik said, \"There is no harm in someone who is in itikaf\nentering into a marriage contract as long as there is no physical\nrelationship. A woman in itikaf may also be betrothed as long as there\nis no physical relationship. What is haram for someone in itikaf in\nrelation to his womenfolk during the day is haram for him during the\nnight.\"\n\n\nYahya said that Ziyad said that Malik said, \"It is\nnot halal for a man to have intercourse with his wife while he is in\nitikaf, nor for him to take pleasure in her by kissing her, or\nwhatever. However, I have not heard anyone disapproving of a man, or\nwoman, in itikaf getting married as long as there is no physical\nrelationship. Marriage is not disapproved of for someone fasting.\"\n\n\n\"There is, however, a distinction between the marriage of\nsomeone in itikaf and that of someone who is muhrim, in that some one\nwho is muhrim can eat, drink, visit the sick and attend funerals, but\ncannot put on perfume, whilst a man or woman in itikaf can put on oil\nand perfume and groom their hair, but cannot attend funerals or pray\nover the dead or visit the sick. Thus their situations with regard to\nmarriage are different.\"\n\n\n\"This is the sunna as it has come\ndown to us regarding marriage for those who are muhrim, doing itikaf,\nor fasting."
      },
      "turkish": {
        "narrator": "",
        "text": "Malik dedi ki: \"İtikaf yapacak kişi, itikafına başlamak istediği gecenin akşamı güneş batmadan önce itikaf yapmak istediği yere girmelidir, böylece itikafına başlayacağı gecenin başında hazır olur. İtikaf yapan bir kişi, itikafıyla meşgul olmalı ve onu meşgul edecek diğer şeylere yönelmemelidir, ticaret gibi. Ancak, itikaf yapan birinin, mülküyle veya ailesinin işleriyle ilgili birine bir şey yapmasını istemesinde veya bir malını satmasını istemesinde bir sakınca yoktur; bu, onu doğrudan meşgul etmeyen basit bir mesele ise başkası için düzenleme yapmasında da bir sakınca yoktur.\""
      }
    },
    {
      "id": 11,
      "idInBook": 11,
      "chapterId": 19,
      "bookId": 7,
      "arabic": "حَدَّثَنِي زِيَادٌ، عَنْ مَالِكٍ، عَنْ يَزِيدَ بْنِ عَبْدِ اللَّهِ بْنِ الْهَادِ، عَنْ مُحَمَّدِ بْنِ إِبْرَاهِيمَ بْنِ الْحَارِثِ التَّيْمِيِّ، عَنْ أَبِي سَلَمَةَ بْنِ عَبْدِ الرَّحْمَنِ، عَنْ أَبِي سَعِيدٍ الْخُدْرِيِّ، أَنَّهُ قَالَ كَانَ رَسُولُ اللَّهِ صلى الله عليه وسلم يَعْتَكِفُ الْعَشْرَ الْوُسُطَ مِنْ رَمَضَانَ فَاعْتَكَفَ عَامًا حَتَّى إِذَا كَانَ لَيْلَةَ إِحْدَى وَعِشْرِينَ وَهِيَ اللَّيْلَةُ الَّتِي يَخْرُجُ فِيهَا مِنْ صُبْحِهَا مِنَ اعْتِكَافِهِ قَالَ ‏\n\"‏ مَنِ اعْتَكَفَ مَعِي فَلْيَعْتَكِفِ الْعَشْرَ الأَوَاخِرَ وَقَدْ رَأَيْتُ هَذِهِ اللَّيْلَةَ ثُمَّ أُنْسِيتُهَا وَقَدْ رَأَيْتُنِي أَسْجُدُ مِنْ صُبْحِهَا فِي مَاءٍ وَطِينٍ فَالْتَمِسُوهَا فِي الْعَشْرِ الأَوَاخِرِ وَالْتَمِسُوهَا فِي كُلِّ وِتْرٍ ‏\"‏ ‏.‏ قَالَ أَبُو سَعِيدٍ فَأُمْطِرَتِ السَّمَاءُ تِلْكَ اللَّيْلَةَ وَكَانَ الْمَسْجِدُ عَلَى عَرِيشٍ فَوَكَفَ الْمَسْجِدُ - قَالَ أَبُو سَعِيدٍ - فَأَبْصَرَتْ عَيْنَاىَ رَسُولَ اللَّهِ صلى الله عليه وسلم انْصَرَفَ وَعَلَى جَبْهَتِهِ وَأَنْفِهِ أَثَرُ الْمَاءِ وَالطِّينِ مِنْ صُبْحِ لَيْلَةِ إِحْدَى وَعِشْرِينَ ‏.‏",
      "english": {
        "narrator": "",
        "text": "Yahya related to me from Malik from Yazid ibn Abdullah ibn al-\nHadi from Muhammad ibn Ibrahim al-Harith at-Taymi from Abu Salama ibn\nAbd ar-Rahman that Abu Said al-Khudri said, \"The Messenger of Allah,\nmay Allah bless him and grant him peace, used to do itikaf in the\nmiddle ten days of Ramadan. One year he was doing itikaf and then,\nwhen it came to the night of the twenty-first, which was the night\nbefore the morning when he would normally have finished his itikaf, he\nsaid, 'Whoever has done i'tikaf with me should continue doing itikaf\nfor the last ten days. I saw a certain night and then I was made to\nforget it. I saw myself prostrating the following morning in water and\nclay. Look for it in the last ten days, and look for it on the odd\ndays.' \"\n\n\nAbu Said continued, \"The sky poured with rain that\nnight and the mosque had a roof (made of palm fronds) and the mosque\nwas soaked. With my own eyes I saw the Messenger of Allah, may Allah\nbless him and grant him peace, leave with traces of water and clay on\nhis forehead and nose, in the morning after the night of the twenty-\nfirst.\""
      },
      "turkish": {
        "narrator": "",
        "text": "Malik dedi ki: \"İtikafın nasıl yapılacağına dair hiçbir bilgi sahibi olanlardan herhangi bir değişiklik duyduğumu hatırlamıyorum. İtikaf, namaz, oruç, hacc gibi ibadetler gibi bir ibadet eylemidir; farz veya nafile olsun. Bu eylemlerden herhangi birine başlayan kişi, sünnete uygun olarak yapmalıdır. Müslümanların yapmadığı bir şeyle onları değiştirmemelidir; bu, başkalarına dayattığı bir değişiklik olsun veya kendisinin yaptığı bir şey olsun. Allah'ın Resulü, ona salat ve selam olsun, itikaf yaptı ve Müslümanlar itikafın sünnetinin ne olduğunu bilirler.\""
      }
    },
    {
      "id": 12,
      "idInBook": 12,
      "chapterId": 19,
      "bookId": 7,
      "arabic": "وَحَدَّثَنِي زِيَادٌ، عَنْ مَالِكٍ، عَنْ هِشَامِ بْنِ عُرْوَةَ، عَنْ أَبِيهِ، أَنَّ رَسُولَ اللَّهِ صلى الله عليه وسلم قَالَ ‏\n\"‏ تَحَرَّوْا لَيْلَةَ الْقَدْرِ فِي الْعَشْرِ الأَوَاخِرِ مِنْ رَمَضَانَ ‏\"‏ ‏.‏",
      "english": {
        "narrator": "",
        "text": "Ziyad related to me from Malik from Hisham ibn Urwa from his\nfather that the Messenger of Allah, may Allah bless him and grant him\npeace, said, \"Search for Laylat al-Qadr in the last ten days of\nRamadan.\""
      },
      "turkish": {
        "narrator": "",
        "text": "Malik dedi ki: \"İtikaf ve cihâr aynı şeydir ve itikaf, köylü için de göçebe için de aynıdır.\""
      }
    },
    {
      "id": 13,
      "idInBook": 13,
      "chapterId": 19,
      "bookId": 7,
      "arabic": "وَحَدَّثَنِي زِيَادٌ، عَنْ مَالِكٍ، عَنْ عَبْدِ اللَّهِ بْنِ دِينَارٍ، عَنْ عَبْدِ اللَّهِ بْنِ عُمَرَ، أَنَّ رَسُولَ اللَّهِ صلى الله عليه وسلم قَالَ ‏\n\"‏ تَحَرَّوْا لَيْلَةَ الْقَدْرِ فِي السَّبْعِ الأَوَاخِرِ ‏\"‏ ‏.‏",
      "english": {
        "narrator": "",
        "text": "Ziyad related to me from Malik from Abdullah ibn Dinar from\nAbdullah ibn Umar that the Messenger of Allah, may Allah bless him and\ngrant him peace, said. \"Search for Laylat al-Qadr in the last seven\ndays.\""
      },
      "turkish": {
        "narrator": "",
        "text": "Yahya, Malik'ten, al-Qasim ibn Muhammad ve Nafi, Abdullah ibn Umar'ın kölesinin şöyle dediğini duyduğunu aktardı: \"Oruç tutmadıkça itikaf yapamazsınız, çünkü Allah, yüce ve mübarek olan, kitabında şöyle buyuruyor: 'Akşamdan sabaha kadar beyaz ip siyah ipten belirginleşinceye kadar yiyin ve için, sonra geceye kadar orucu tamamlayın ve itikaf yaparken onlarla cinsel ilişkiye girmeyin.' (Bakara 2:187). Allah, itikafı sadece oruçla birlikte anmaktadır.\""
      }
    },
    {
      "id": 14,
      "idInBook": 14,
      "chapterId": 19,
      "bookId": 7,
      "arabic": "وَحَدَّثَنِي زِيَادٌ، عَنْ مَالِكٍ، عَنْ أَبِي النَّضْرِ، مَوْلَى عُمَرَ بْنِ عُبَيْدِ اللَّهِ أَنَّ عَبْدَ اللَّهِ بْنَ أُنَيْسٍ الْجُهَنِيَّ، قَالَ لِرَسُولِ اللَّهِ صلى الله عليه وسلم يَا رَسُولَ اللَّهِ إِنِّي رَجُلٌ شَاسِعُ الدَّارِ فَمُرْنِي لَيْلَةً أَنْزِلُ لَهَا ‏.‏ فَقَالَ لَهُ رَسُولُ اللَّهِ صلى الله عليه وسلم ‏\n\"‏ انْزِلْ لَيْلَةَ ثَلاَثٍ وَعِشْرِينَ مِنْ رَمَضَانَ ‏\"‏ ‏.‏",
      "english": {
        "narrator": "",
        "text": "Ziyad related to me from Malik from Abu'n Nadr, the mawla of Umar\nibn Ubaydullah, that Abdullah ibn Unays al-Juhani said to the\nMessenger of Allah, may Allah bless him and grant him peace,\n\"Messenger of Allah, I am a man whose house is a long way away. Tell\nme one night so that I can stop my journey for it.\" The Messenger of\nAllah, may Allah bless him and grant him peace, said, \"Stop on the\ntwenty-third night of Ramadan.\""
      },
      "turkish": {
        "narrator": "",
        "text": "Malik dedi ki: \"Burada bu şekilde hareket ediyoruz.\""
      }
    },
    {
      "id": 15,
      "idInBook": 15,
      "chapterId": 19,
      "bookId": 7,
      "arabic": "وَحَدَّثَنِي زِيَادٌ، عَنْ مَالِكٍ، عَنْ حُمَيْدٍ الطَّوِيلِ، عَنْ أَنَسِ بْنِ مَالِكٍ، أَنَّهُ قَالَ خَرَجَ عَلَيْنَا رَسُولُ اللَّهِ صلى الله عليه وسلم فِي رَمَضَانَ فَقَالَ ‏\n\"‏ إِنِّي أُرِيتُ هَذِهِ اللَّيْلَةَ فِي رَمَضَانَ حَتَّى تَلاَحَى رَجُلاَنِ فَرُفِعَتْ فَالْتَمِسُوهَا فِي التَّاسِعَةِ وَالسَّابِعَةِ وَالْخَامِسَةِ ‏\"‏ ‏.‏",
      "english": {
        "narrator": "",
        "text": "Ziyad related to me from Malik from Humayd at-Tawil that 'Anas\nibn Malik said, \"The Messenger of Allah, may Allah bless him and grant\nhim peace, came out to us in Ramadan and said, 'I was shown a certain\nnight in Ramadan and then two men abused each other and it was taken\naway. Look for it on the ninth and the seventh and the fifth.' \""
      },
      "turkish": {
        "narrator": "",
        "text": "Yahya, Ziyad ibn Abd ar-Rahman'dan, Malik'in, Abu Bakr ibn Abd ar-Rahman'ın bir zaman itikaf yaparken, Khalid ibn Walid'in evinde kapalı bir odada ihtiyacını gidermek için çıktığını, aksi takdirde itikaf yerini terk etmediğini aktardığını duyduğunu söyledi. İtikafını, Müslümanlarla bayram namazı kılmak için gitmeden önce terk etmedi.\""
      }
    },
    {
      "id": 16,
      "idInBook": 16,
      "chapterId": 19,
      "bookId": 7,
      "arabic": "وَحَدَّثَنِي زِيَادٌ، عَنْ مَالِكٍ، عَنْ نَافِعٍ، عَنِ ابْنِ عُمَرَ، أَنَّ رِجَالاً، مِنْ أَصْحَابِ رَسُولِ اللَّهِ صلى الله عليه وسلم أُرُوا لَيْلَةَ الْقَدْرِ فِي الْمَنَامِ فِي السَّبْعِ الأَوَاخِرِ فَقَالَ رَسُولُ اللَّهِ صلى الله عليه وسلم ‏\n\"‏ إِنِّي أَرَى رُؤْيَاكُمْ قَدْ تَوَاطَأَتْ فِي السَّبْعِ الأَوَاخِرِ فَمَنْ كَانَ مُتَحَرِّيَهَا فَلْيَتَحَرَّهَا فِي السَّبْعِ الأَوَاخِرِ ‏\"‏ ‏.‏",
      "english": {
        "narrator": "",
        "text": "Ziyad related to me from Malik from Nafi from Ibn 'Umar that\nsome of the companions of the Messenger of Allah, may Allah bless him\nand grant him peace, were shown Laylat al-Qadr in their sleep during\nthe last seven days. The Messenger of Allah, may Allah bless him and\ngrant him peace, said, \"I see that your visions agree about the last\nseven days, so whoever is searching for it should do so in the last\nseven days.\""
      },
      "turkish": {
        "narrator": "",
        "text": "Ziyad, Malik'ten, o da Nafi'den, o da İbn 'Umar'dan, Allah'ın Resulü'nün, ona Allah'ın salatı ve selamı olsun, bazı sahabelerinin son yedi günde Kadir Gecesi'ni rüyalarında gördüklerini aktardığını rivayet etti. Allah'ın Resulü, ona Allah'ın salatı ve selamı olsun, \"Görüyorsunuz ki, rüyalarınız son yedi gün hakkında birleşiyor, bu yüzden onu arayan son yedi günde aramalıdır.\" dedi."
      }
    },
    {
      "id": 17,
      "idInBook": 17,
      "chapterId": 19,
      "bookId": 7,
      "arabic": "وَحَدَّثَنِي زِيَادٌ، عَنْ مَالِكٍ، أَنَّهُ سَمِعَ مَنْ، يَثِقُ بِهِ مِنْ أَهْلِ الْعِلْمِ يَقُولُ إِنَّ رَسُولَ اللَّهِ صلى الله عليه وسلم أُرِيَ أَعْمَارَ النَّاسِ قَبْلَهُ أَوْ مَا شَاءَ اللَّهُ مِنْ ذَلِكَ فَكَأَنَّهُ تَقَاصَرَ أَعْمَارَ أُمَّتِهِ أَنْ لاَ يَبْلُغُوا مِنَ الْعَمَلِ مِثْلَ الَّذِي بَلَغَ غَيْرُهُمْ فِي طُولِ الْعُمْرِ فَأَعْطَاهُ اللَّهُ لَيْلَةَ الْقَدْرِ خَيْرٌ مِنْ أَلْفِ شَهْرٍ ‏.‏",
      "english": {
        "narrator": "",
        "text": "Ziyad related to me from Malik that he had heard a man he trusted\nof the people of knowledge say, \"The Messenger of Allah, may Allah\nbless him and grant him peace, was shown the lifespans of the people\n(who had gone) before him, or what Allah willed of that, and it was as\nif the lives of the people of his community had become too short for\nthem to be able to do as many good actions as others before them had\nbeen able to do with their long lives, so Allah gave him Laylat al-\nQadr, which is better than a thousand months.\""
      },
      "turkish": {
        "narrator": "",
        "text": "Ziyad, Malik'ten, onun da güvendiği bir ilim sahibinden duyduğuna göre, \"Allah'ın Resulü, ona Allah'ın salatı ve selamı olsun, kendisinden önceki insanların ömürlerini veya Allah'ın dilediği şeyi gösterildi ve sanki kendi ümmetinin ömürleri, kendilerinden önceki insanların uzun ömürleriyle yaptıkları kadar hayırlı ameller yapmalarına yetersiz kalmış gibi oldu, bu yüzden Allah ona, bin aydan daha hayırlı olan Kadir Gecesi'ni verdi.\" dediğini aktardı."
      }
    },
    {
      "id": 18,
      "idInBook": 18,
      "chapterId": 19,
      "bookId": 7,
      "arabic": "وَحَدَّثَنِي زِيَادٌ، عَنْ مَالِكٍ، أَنَّهُ بَلَغَهُ أَنَّ سَعِيدَ بْنَ الْمُسَيَّبِ، كَانَ يَقُولُ مَنْ شَهِدَ الْعِشَاءَ مِنْ لَيْلَةِ الْقَدْرِ فَقَدْ أَخَذَ بِحَظِّهِ مِنْهَا ‏.‏",
      "english": {
        "narrator": "",
        "text": "Ziyad related to me from Malik that he had heard that Said ibn\nal-Musayyab used to say, \"Whoever is present at isha on Laylat al-Qadr\nhas taken his portion from it.\""
      },
      "turkish": {
        "narrator": "",
        "text": "Ziyad, Malik'ten, onun da Said ibn al-Musayyab'ın, \"Kadir Gecesi'nde ikindi namazına katılan, ondan payını almıştır.\" dediğini duyduğunu rivayet etti."
      }
    }
  ],
  "chapter": {
    "id": 19,
    "bookId": 7,
    "arabic": "كتاب الاعتكاف",
    "english": "I'tikaf in Ramadan"
  }
}