{"metadata":{"length":19,"arabic":{"title":"موطأ مالك","author":"الإمام مالك بن أنس","introduction":"كتاب النذور والأيمان"},"english":{"title":"Muwatta Malik","author":"Imam Malik ibn Anas","introduction":"Vows and Oaths"}},"hadiths":[{"id":1,"idInBook":1,"chapterId":22,"bookId":7,"arabic":"حَدَّثَنِي يَحْيَى، عَنْ مَالِكٍ، عَنِ ابْنِ شِهَابٍ، عَنْ عُبَيْدِ اللَّهِ بْنِ عَبْدِ اللَّهِ بْنِ عُتْبَةَ بْنِ مَسْعُودٍ، عَنْ عَبْدِ اللَّهِ بْنِ عَبَّاسٍ، أَنَّ سَعْدَ بْنَ عُبَادَةَ، اسْتَفْتَى رَسُولَ اللَّهِ صلى الله عليه وسلم فَقَالَ إِنَّ أُمِّي مَاتَتْ وَعَلَيْهَا نَذْرٌ وَلَمْ تَقْضِهِ ‏.‏ فَقَالَ رَسُولُ اللَّهِ صلى الله عليه وسلم ‏\n\"‏ اقْضِهِ عَنْهَا ‏\"‏ ‏.‏","english":{"narrator":"","text":"Yahya related to me from Malik from Ibn Shihab from Ubaydullah\nibn Abdullah ibn Utba ibn Masud from Abdullah ibn Abbas that Sad ibn\nUbada questioned the Messenger of Allah, may Allah bless him and grant\nhim peace, and said,\"My mother died while she still had a vow which\nshe had not fulfilled.\" The Messenger of Allah, may Allah bless him\nand grant him peace, said, \"Fulfill it for her.\""}},{"id":2,"idInBook":2,"chapterId":22,"bookId":7,"arabic":"وَحَدَّثَنِي عَنْ مَالِكٍ، عَنْ عَبْدِ اللَّهِ بْنِ أَبِي بَكْرٍ، عَنْ عَمَّتِهِ، أَنَّهَا حَدَّثَتْهُ عَنْ جَدَّتِهِ، أَنَّهَا كَانَتْ جَعَلَتْ عَلَى نَفْسِهَا مَشْيًا إِلَى مَسْجِدِ قُبَاءٍ فَمَاتَتْ وَلَمْ تَقْضِهِ فَأَفْتَى عَبْدُ اللَّهِ بْنُ عَبَّاسٍ ابْنَتَهَا أَنْ تَمْشِيَ عَنْهَا ‏.‏ قَالَ يَحْيَى وَسَمِعْتُ مَالِكًا يَقُولُ لاَ يَمْشِي أَحَدٌ عَنْ أَحَدٍ ‏.‏","english":{"narrator":"","text":"Yahya related to me from Malik from\n\n\nAbdullah ibn Abi\nBakr that his paternal aunt related that her grandmother made a vow to\nwalk to the Quba mosque. She died, and did not fulfill it, so Abdullah\nibn Abbas asked her daughter to walk for her.\n\n\nYahya said that\nhe had heard Malik say, \"No one walks for anyone else.\""}},{"id":3,"idInBook":3,"chapterId":22,"bookId":7,"arabic":"وَحَدَّثَنِي عَنْ مَالِكٍ، عَنْ عَبْدِ اللَّهِ بْنِ أَبِي حَبِيبَةَ، قَالَ قُلْتُ لِرَجُلٍ وَأَنَا حَدِيثُ السِّنِّ، مَا عَلَى الرَّجُلِ أَنْ يَقُولَ عَلَىَّ مَشْىٌ إِلَى بَيْتِ اللَّهِ وَلَمْ يَقُلْ عَلَىَّ نَذْرُ مَشْىٍ ‏.‏ فَقَالَ لِي رَجُلٌ هَلْ لَكَ أَنْ أُعْطِيَكَ هَذَا الْجِرْوَ - لِجِرْوِ قِثَّاءٍ فِي يَدِهِ - وَتَقُولُ عَلَىَّ مَشْىٌ إِلَى بَيْتِ اللَّهِ قَالَ فَقُلْتُ نَعَمْ فَقُلْتُهُ وَأَنَا يَوْمَئِذٍ حَدِيثُ السِّنِّ ثُمَّ مَكَثْتُ حَتَّى عَقَلْتُ فَقِيلَ لِي إِنَّ عَلَيْكَ مَشْيًا فَجِئْتُ سَعِيدَ بْنَ الْمُسَيَّبِ فَسَأَلْتُهُ عَنْ ذَلِكَ فَقَالَ لِي عَلَيْكَ مَشْىٌ ‏.‏ فَمَشَيْتُ ‏.‏ قَالَ مَالِكٌ وَهَذَا الأَمْرُ عِنْدَنَا ‏.‏","english":{"narrator":"","text":"Yahya related to me from Malik that Abdullah ibn Abi Habiba said,\n\"I said to a man, when I was young, 'A man who only says that he must\nwalk to the House of Allah and does not say that he has vowed to walk,\ndoes not have to walk.' A man said, 'Shall I give you this small\ncucumber?' and he had a small cucumber in his hand and you will say,\n'I must walk to the house of Allah?' I said, 'Yes' and I said it, for\nat that time I was still immature. Then, when I came of age, some one\nsaid to me that I had to fulfill my vow. I went and asked Said ibn al-\nMusayyab about it, and he said to me, 'You must walk.' So I walked.\"\n\n\nMalik said, \"That is the custom among us.\""}},{"id":4,"idInBook":4,"chapterId":22,"bookId":7,"arabic":"حَدَّثَنِي يَحْيَى، عَنْ مَالِكٍ، عَنْ عُرْوَةَ بْنِ أُذَيْنَةَ اللَّيْثِيِّ، أَنَّهُ قَالَ خَرَجْتُ مَعَ جَدَّةٍ لِي عَلَيْهَا مَشْىٌ إِلَى بَيْتِ اللَّهِ حَتَّى إِذَا كُنَّا بِبَعْضِ الطَّرِيقِ عَجَزَتْ فَأَرْسَلَتْ مَوْلًى لَهَا يَسْأَلُ عَبْدَ اللَّهِ بْنَ عُمَرَ فَخَرَجْتُ مَعَهُ فَسَأَلَ عَبْدَ اللَّهِ بْنَ عُمَرَ فَقَالَ لَهُ عَبْدُ اللَّهِ بْنُ عُمَرَ مُرْهَا فَلْتَرْكَبْ ثُمَّ لْتَمْشِي مِنْ حَيْثُ عَجَزَتْ ‏.‏ قَالَ يَحْيَى وَسَمِعْتُ مَالِكًا يَقُولُ وَنَرَى عَلَيْهَا مَعَ ذَلِكَ الْهَدْىَ ‏.‏ \n وَحَدَّثَنِي عَنْ مَالِكٍ، أَنَّهُ بَلَغَهُ أَنَّ سَعِيدَ بْنَ الْمُسَيَّبِ، وَأَبَا، سَلَمَةَ بْنَ عَبْدِ الرَّحْمَنِ كَانَا يَقُولاَنِ مِثْلَ قَوْلِ عَبْدِ اللَّهِ بْنِ عُمَرَ ‏.","english":{"narrator":"","text":"Yahya related to me from Malik that Urwa ibn Udhayna al-Laythi\nsaid, \"I went out with my grandmother who had vowed to walk to the\nHouse of Allah. When we had gone part of the way, she could not go on.\nI sent one of her mawlas to question Abdullah ibn Umar and I went with\nhim. He asked Abdullah ibn Umar, and Abdullah ibn Umar said to him,\n'Take her and let her ride, and when she has the strength let her ride\nback, and start to walk from the place from which she was unable to go\non.'~\n\n\nYahya said that he had heard Malik say, \"I think that\nshe must sacrifice an animal.\"\n\n\nYahya related to me from Malik\nthat he had heard that Said ibn al-Musayyab and Abu Salama ibn Abd ar-\nRahman said the same as Abdullah ibn Umar."}},{"id":5,"idInBook":5,"chapterId":22,"bookId":7,"arabic":"وَحَدَّثَنِي عَنْ مَالِكٍ، عَنْ يَحْيَى بْنِ سَعِيدٍ، أَنَّهُ قَالَ كَانَ عَلَىَّ مَشْىٌ فَأَصَابَتْنِي خَاصِرَةٌ فَرَكِبْتُ حَتَّى أَتَيْتُ مَكَّةَ فَسَأَلْتُ عَطَاءَ بْنَ أَبِي رَبَاحٍ وَغَيْرَهُ فَقَالُوا عَلَيْكَ هَدْىٌ ‏.‏ فَلَمَّا قَدِمْتُ الْمَدِينَةَ سَأَلْتُ عُلَمَاءَهَا فَأَمَرُونِي أَنْ أَمْشِيَ مَرَّةً أُخْرَى مِنْ حَيْثُ عَجَزْتُ فَمَشَيْتُ ‏.‏ قَالَ يَحْيَى وَسَمِعْتُ مَالِكًا يَقُولُ فَالأَمْرُ عِنْدَنَا فِيمَنْ يَقُولُ عَلَىَّ مَشْىٌ إِلَى بَيْتِ اللَّهِ أَنَّهُ إِذَا عَجَزَ رَكِبَ ثُمَّ عَادَ فَمَشَى مِنْ حَيْثُ عَجَزَ فَإِنْ كَانَ لاَ يَسْتَطِيعُ الْمَشْىَ فَلْيَمْشِ مَا قَدَرَ عَلَيْهِ ثُمَّ لْيَرْكَبْ وَعَلَيْهِ هَدْىُ بَدَنَةٍ أَوْ بَقَرَةٍ أَوْ شَاةٍ إِنْ لَمْ يَجِدْ إِلاَّ هِيَ ‏.‏ وَسُئِلَ مَالِكٌ عَنِ الرَّجُلِ يَقُولُ لِلرَّجُلِ أَنَا أَحْمِلُكَ إِلَى بَيْتِ اللَّهِ فَقَالَ مَالِكٌ إِنْ نَوَى أَنْ يَحْمِلَهُ عَلَى رَقَبَتِهِ يُرِيدُ بِذَلِكَ الْمَشَقَّةَ وَتَعَبَ نَفْسِهِ فَلَيْسَ ذَلِكَ عَلَيْهِ وَلْيَمْشِ عَلَى رِجْلَيْهِ وَلْيُهْدِ وَإِنْ لَمْ يَكُنْ نَوَى شَيْئًا فَلْيَحْجُجْ وَلْيَرْكَبْ وَلْيَحْجُجْ بِذَلِكَ الرَّجُلِ مَعَهُ وَذَلِكَ أَنَّهُ قَالَ أَنَا أَحْمِلُكَ إِلَى بَيْتِ اللَّهِ فَإِنْ أَبَى أَنْ يَحُجَّ مَعَهُ فَلَيْسَ عَلَيْهِ شَىْءٌ وَقَدْ قَضَى مَا عَلَيْهِ ‏.‏ قَالَ يَحْيَى سُئِلَ مَالِكٌ عَنِ الرَّجُلِ يَحْلِفُ بِنُذُورٍ مُسَمَّاةٍ مَشْيًا إِلَى بَيْتِ اللَّهِ أَنْ لاَ يُكَلِّمَ أَخَاهُ أَوْ أَبَاهُ بِكَذَا وَكَذَا نَذْرًا لِشَىْءٍ لاَ يَقْوَى عَلَيْهِ وَلَوْ تَكَلَّفَ ذَلِكَ كُلَّ عَامٍ لَعُرِفَ أَنَّهُ لاَ يَبْلُغُ عُمْرُهُ مَا جَعَلَ عَلَى نَفْسِهِ مِنْ ذَلِكَ فَقِيلَ لَهُ هَلْ يُجْزِيهِ مِنْ ذَلِكَ نَذْرٌ وَاحِدٌ أَوْ نُذُورٌ مُسَمَّاةٌ فَقَالَ مَالِكٌ مَا أَعْلَمُهُ يُجْزِئُهُ مِنْ ذَلِكَ إِلاَّ الْوَفَاءُ بِمَا جَعَلَ عَلَى نَفْسِهِ فَلْيَمْشِ مَا قَدَرَ عَلَيْهِ مِنَ الزَّمَانِ وَلْيَتَقَرَّبْ إِلَى اللَّهِ تَعَالَى بِمَا اسْتَطَاعَ مِنَ الْخَيْرِ ‏.‏","english":{"narrator":"","text":"Yahya related to me from Malik that Yahya ibn Said said, \"I vowed\nto walk, but I was struck by a pain in the kidney, so I rode until I\ncame to Makka. I questioned Ata ibn Abi Rabah and others, and they\nsaid, 'You must sacrifice an animal.' When I came to Madina I\nquestioned the ulama there, and they ordered me to walk again from the\nplace from which I was unable to go on. So I walked.\"\n\n\nYahya\nsaid that he had heard Malik say, \"What is done among us regarding\nsomeone who makes a vow to walk to the House of Allah, and then cannot\ndo it and so rides, is that he must return and walk from the place\nfrom which he was unable to go on. If he cannot walk, he should walk\nwhat he can and then ride, and he must sacrifice a camel, a cow, or a\nsheep if that is all that he can find.\"\n\n\nMalik, when asked\nabout a man who said to another, \"I will carry you to the House of\nAllah\", answered, \"If he intended to carry him on his shoulder, by\nthat he meant hardship and exhaustion to himself, and he does not have\nto do that. Let him walk by foot and make sacrifice. If he did not\nintend anything, let him do hajj and ride, and take the man on hajj\nwith him. That is because he said, 'I will carry you to the house of\nAllah.' If the man refuses to do hajj with him, then there is nothing\nagainst him, and what is demanded of him is cancelled.\"\n\n\nYahya\nsaid that Malik was asked whether it was enough for a man who had made\na vow that he would walk to the House of Allah a certain (large)\nnumber of times, or who had forbidden himself from talking to his\nfather and brother, if he did not fulfil a certain vow, and he had\ntaken upon himself, by the oath, something which he was incapable of\nfulfilling in his lifetime, even though he were to try every year, to\nfulfil only one or a (smaller) number of vows by Allah? Malik said,\n\"The only satisfaction for that that I know is fulfilling what he has\nobliged himself to do. Let him walk for as long as he is able and draw\nnear Allah the Exalted by what he can of good.\""}},{"id":6,"idInBook":6,"chapterId":22,"bookId":7,"arabic":"","english":{"narrator":"","text":"Yahya related to me from Malik that what he preferred of what he\nhad heard from the people of knowledge about a man or woman who vowed\nto walk to the House of Allah, was that they fulfilled the oath when\nperforming umra, by walking until they had done say between Safa and\nMarwa. When they had done say it was finished. If they vowed to walk\nin the hajj, they walked until they came to Makka, then they walked\nuntil they had finished all the rites.\n\n\nMalik said, \"Walking\nis only for hajj or umra.\""}},{"id":7,"idInBook":7,"chapterId":22,"bookId":7,"arabic":"حَدَّثَنِي يَحْيَى، عَنْ مَالِكٍ، عَنْ حُمَيْدِ بْنِ قَيْسٍ، وَثَوْرِ بْنِ زَيْدٍ الدِّيلِيِّ، أَنَّهُمَا أَخْبَرَاهُ عَنْ رَسُولِ اللَّهِ صلى الله عليه وسلم وَأَحَدُهُمَا يَزِيدُ فِي الْحَدِيثِ عَلَى صَاحِبِهِ أَنَّ رَسُولَ اللَّهِ صلى الله عليه وسلم رَأَى رَجُلاً قَائِمًا فِي الشَّمْسِ فَقَالَ ‏\"‏ مَا بَالُ هَذَا ‏\"‏ ‏.‏ فَقَالُوا نَذَرَ أَنْ لاَ يَتَكَلَّمَ وَلاَ يَسْتَظِلَّ مِنَ الشَّمْسِ وَلاَ يَجْلِسَ وَيَصُومَ ‏.‏ فَقَالَ رَسُولُ اللَّهِ صلى الله عليه وسلم ‏\"‏ مُرُوهُ فَلْيَتَكَلَّمْ وَلْيَسْتَظِلَّ وَلْيَجْلِسْ وَلْيُتِمَّ صِيَامَهُ ‏\"‏ ‏.‏ قَالَ مَالِكٌ وَلَمْ أَسْمَعْ أَنَّ رَسُولَ اللَّهِ صلى الله عليه وسلم أَمَرَهُ بِكَفَّارَةٍ وَقَدْ أَمَرَهُ رَسُولُ اللَّهِ صلى الله عليه وسلم أَنْ يُتِمَّ مَا كَانَ لِلَّهِ طَاعَةً وَيَتْرُكَ مَا كَانَ لِلَّهِ مَعْصِيَةً ‏.‏","english":{"narrator":"","text":"Yahya related to me from Malik that Humayd ibn Qays and Thawr ibn\nZayd adDili both informed him that the Messenger of Allah, may Allah\nbless him and grant him peace, (and one of them gave more detail than\nthe other),saw a man standing in the sun. The Messenger asked, \"What's\nwrong with him?\" The people said, \"He has vowed not to speak or to\nseek shade from the sun or to sit and to fast.\" The Messenger of\nAllah, may Allah bless him and grant him peace, said, \"Go and tell him\nto speak, seek shade, and sit, but let him complete his fast.\"\n\n\nMalik said, \"I have not heard that the Messenger of Allah, may\nAllah bless him and grant him peace, ordered the man in question to do\nany kaffara. The Messenger of Allah, may Allah bless him and grant him\npeace, only ordered him to complete that in which there was obedience\nto Allah and to abandon that in which there was disobedience to\nAllah.\""}},{"id":8,"idInBook":8,"chapterId":22,"bookId":7,"arabic":"وَحَدَّثَنِي عَنْ مَالِكٍ، عَنْ يَحْيَى بْنِ سَعِيدٍ، عَنِ الْقَاسِمِ بْنِ مُحَمَّدٍ، أَنَّهُ سَمِعَهُ يَقُولُ أَتَتِ امْرَأَةٌ إِلَى عَبْدِ اللَّهِ بْنِ عَبَّاسٍ فَقَالَتْ إِنِّي نَذَرْتُ أَنْ أَنْحَرَ ابْنِي ‏.‏ فَقَالَ ابْنُ عَبَّاسٍ لاَ تَنْحَرِي ابْنَكِ وَكَفِّرِي عَنْ يَمِينِكِ، ‏.‏ فَقَالَ شَيْخٌ عِنْدَ ابْنِ عَبَّاسٍ وَكَيْفَ يَكُونُ فِي هَذَا كَفَّارَةٌ فَقَالَ ابْنُ عَبَّاسٍ إِنَّ اللَّهَ تَعَالَى قَالَ وَ ‏{‏الَّذِينَ يُظَاهِرُونَ مِنْكُمْ مِنْ نِسَائِهِمْ‏}‏ ثُمَّ جَعَلَ فِيهِ مِنَ الْكَفَّارَةِ مَا قَدْ رَأَيْتَ ‏.‏","english":{"narrator":"","text":"Yahya related to me from Malik that Yahya ibn Said heard al-Qasim\nibn Muhammad say, \"A woman came to Abdullah ibn Abbas and said, 'I\nhave vowed to sacrifice my son.' Ibn Abbas said, 'Do not sacrifice\nyour son. Do kaffara for your oath.' An old man with Ibn Abbas said,\n'What kaffara is there for this?' Ibn Abbas said, 'Allah the Exalted\nsaid, \"Those of you who say, regarding their wives.'Be as my mother's\nback' (Sura58 ayat 2) and then He went on to oblige the kaffara for it\nas you have seen.' \""}},{"id":9,"idInBook":9,"chapterId":22,"bookId":7,"arabic":"وَحَدَّثَنِي عَنْ مَالِكٍ، عَنْ طَلْحَةَ بْنِ عَبْدِ الْمَلِكِ الأَيْلِيِّ، عَنِ الْقَاسِمِ بْنِ مُحَمَّدِ بْنِ الصِّدِّيقِ، عَنْ عَائِشَةَ، أَنَّ رَسُولَ اللَّهِ صلى الله عليه وسلم قَالَ ‏\n\"‏ مَنْ نَذَرَ أَنْ يُطِيعَ اللَّهَ فَلْيُطِعْهُ وَمَنْ نَذَرَ أَنْ يَعْصِيَ اللَّهَ فَلاَ يَعْصِهِ ‏\"‏ ‏.‏","english":{"narrator":"","text":"Yahya related to me from Malik from Talha ibn Abi al-Malik al-\nAyli from al-Qasim ibn Muhammad ibn as-Siddiq from A'isha that the\nMessenger of Allah, may Allah bless him and grant him peace, said,\n\"Whoever vows to obey Allah, let him obey Him. Whoever vows to disobey\nAllah, let him not disobey Him.\"\n\n\nYahya said that he had heard\nMalik say, \"The meaning of the statement of the Prophet, may Allah\nbless him and grant him peace, 'Whoever vows to disobey Allah, let him\nnot disobey Him' is that for instance a man who vows that, if he\nspeaks to such-and-such a person, he will walk to Syria, Egypt, or any\nother such things which are not considered as ibada, is not under any\nobligation by any of that, even if he did speak to the man or did\nbreak whatever it was he swore, because Allah does not demand\nobedience in such things. He should only fulfill those things in which\nthere is obedience to Allah.\"\n\n\n22.5 Rashness in Oaths"}},{"id":10,"idInBook":10,"chapterId":22,"bookId":7,"arabic":"حَدَّثَنِي يَحْيَى، عَنْ مَالِكٍ، عَنْ هِشَامِ بْنِ عُرْوَةَ، عَنْ أَبِيهِ، عَنْ عَائِشَةَ أُمِّ الْمُؤْمِنِينَ، أَنَّهَا كَانَتْ تَقُولُ لَغْوُ الْيَمِينِ قَوْلُ الإِنْسَانِ لاَ وَاللَّهِ بَلَى وَاللَّهِ ‏.‏ قَالَ مَالِكٌ أَحْسَنُ مَا سَمِعْتُ فِي هَذَا أَنَّ اللَّغْوَ حَلِفُ الإِنْسَانِ عَلَى الشَّىْءِ يَسْتَيْقِنُ أَنَّهُ كَذَلِكَ ثُمَّ يُوجَدُ عَلَى غَيْرِ ذَلِكَ فَهُوَ اللَّغْوُ ‏.‏ قَالَ مَالِكٌ وَعَقْدُ الْيَمِينِ أَنْ يَحْلِفَ الرَّجُلُ أَنْ لاَ يَبِيعَ ثَوْبَهُ بِعَشَرَةِ دَنَانِيرَ ثُمَّ يَبِيعَهُ بِذَلِكَ أَوْ يَحْلِفَ لَيَضْرِبَنَّ غُلاَمَهُ ثُمَّ لاَ يَضْرِبُهُ وَنَحْوَ هَذَا فَهَذَا الَّذِي يُكَفِّرُ صَاحِبُهُ عَنْ يَمِينِهِ وَلَيْسَ فِي اللَّغْوِ كَفَّارَةٌ ‏.‏ قَالَ مَالِكٌ فَأَمَّا الَّذِي يَحْلِفُ عَلَى الشَّىْءِ وَهُوَ يَعْلَمُ أَنَّهُ آثِمٌ وَيَحْلِفُ عَلَى الْكَذِبِ وَهُوَ يَعْلَمُ لِيُرْضِيَ بِهِ أَحَدًا أَوْ لِيَعْتَذِرَ بِهِ إِلَى مُعْتَذَرٍ إِلَيْهِ أَوْ لِيَقْطَعَ بِهِ مَالاً فَهَذَا أَعْظَمُ مِنْ أَنْ تَكُونَ فِيهِ كَفَّارَةٌ ‏.‏","english":{"narrator":"","text":"Yahya related to me from Malik from Hisham ibn Urwa from his\nfather that A'isha, umm al-muminin said, \"Rashness in oaths is that a\nman says, 'By Allah, No! by Allah!' \" i.e. out of habit.\n\n\nMalik said, \"The best of what I have heard on the matter is that\nrashness in oaths is that a man take an oath on something to show that\nhe is certain that it is like he said, only to find that it is other\nthan what he said. This is rashness.\"\n\n\nMalik said, \"The\nbinding oath is for example, that a man says that he will not sell his\ngarment for ten dinars, and then he sells it for that, or that he will\nbeat his young slave and then does not beat him, and so on. One does\nkaffara for making such an oath, and there is no kaffara in rashness.\"\n\n\nMalik said, \"As for the one who swears to a thing which he\nknows is wicked, and he swears to a lie he knows to be a lie, in order\nto please someone with it or to excuse himself to someone by it or to\ngain money by it, no kaffara that he does for it can cover it.\""}},{"id":11,"idInBook":11,"chapterId":22,"bookId":7,"arabic":"حَدَّثَنِي يَحْيَى، عَنْ مَالِكٍ، عَنْ نَافِعٍ، عَنْ عَبْدِ اللَّهِ بْنِ عُمَرَ، أَنَّهُ كَانَ يَقُولُ مَنْ قَالَ وَاللَّهِ ثُمَّ قَالَ إِنْ شَاءَ اللَّهُ ثُمَّ لَمْ يَفْعَلِ الَّذِي حَلَفَ عَلَيْهِ لَمْ يَحْنَثْ ‏.‏ قَالَ مَالِكٌ أَحْسَنُ مَا سَمِعْتُ فِي الثُّنْيَا أَنَّهَا لِصَاحِبِهَا مَا لَمْ يَقْطَعْ كَلاَمَهُ وَمَا كَانَ مِنْ ذَلِكَ نَسَقًا يَتْبَعُ بَعْضُهُ بَعْضًا قَبْلَ أَنْ يَسْكُتَ فَإِذَا سَكَتَ وَقَطَعَ كَلاَمَهُ فَلاَ ثُنْيَا لَهُ ‏.‏ قَالَ يَحْيَى وَقَالَ مَالِكٌ فِي الرَّجُلِ يَقُولُ كَفَرَ بِاللَّهِ أَوْ أَشْرَكَ بِاللَّهِ ثُمَّ يَحْنَثُ إِنَّهُ لَيْسَ عَلَيْهِ كَفَّارَةٌ وَلَيْسَ بِكَافِرٍ وَلاَ مُشْرِكٍ حَتَّى يَكُونَ قَلْبُهُ مُضْمِرًا عَلَى الشِّرْكِ وَالْكُفْرِ وَلْيَسْتَغْفِرِ اللَّهَ وَلاَ يَعُدْ إِلَى شَىْءٍ مِنْ ذَلِكَ وَبِئْسَ مَا صَنَعَ ‏.‏","english":{"narrator":"","text":"Yahya related to me from Malik from Nafi that Abdullah ibn Umar\nsaid, \"Whoever swears by Allah and then says, 'Allah willing' and then\ndoes not do what he has sworn to, has not broken his oath.\"\n\n\nMalik said, \"The best I have heard on this reservation is that it\nbelongs to the statement made if the speaker does not break the normal\nflow of speech before he is silent. If he is silent and breaks the\nflow of speech, he has no exception.\"\n\n\nYahya said, \"Malik said\nthat a man who said that he had disbelieved or associated something\nwith Allah and then he broke his oath, had no kaffara, and he was not\na disbeliever or one who associated something with Allah unless his\nheart concealed something of either of those. He should ask\nforgiveness of Allah and not return to it - for what he did was evil.\""}},{"id":12,"idInBook":12,"chapterId":22,"bookId":7,"arabic":"حَدَّثَنِي يَحْيَى، عَنْ مَالِكٍ، عَنْ سُهَيْلِ بْنِ أَبِي صَالِحٍ، عَنْ أَبِيهِ، عَنْ أَبِي هُرَيْرَةَ، أَنَّ رَسُولَ اللَّهِ صلى الله عليه وسلم قَالَ ‏\n\"‏ مَنْ حَلَفَ بِيَمِينٍ فَرَأَى غَيْرَهَا خَيْرًا مِنْهَا فَلْيُكَفِّرْ عَنْ يَمِينِهِ وَلْيَفْعَلِ الَّذِي هُوَ خَيْرٌ ‏\"‏ ‏.‏","english":{"narrator":"","text":"Yahya related to me from Malik from Suhayl ibn Abi Salih from his\nfather from Abu Hurayra that the Messenger of Allah, may Allah bless\nhim and grant him peace, said, \"Whoever makes an oath and then sees\nthat something else would be better than it, should do kaffara for his\noath and do what is better.\"\n\n\nYahya said that he heard Malik\nsay, \"Anyone who says that he has a vow but does not mention the name\nof Allah, is still obliged to make the kaffara for an oath (if he\nbreaks it)\".\n\n\nMalik said, \"Emphasis is when a man swears one\nthing several times, repeating the oath in his speech time after time.\nFor instance, the statement, 'By Allah, I will not decrease it from\nsuch-and-such,' sworn three times or more. The kaffara of that is like\nthe kaffara of one oath. If a man swears, 'I will not eat this food or\nwear these clothes or enter this house,' that is all in one oath, and\nhe is only obliged to do one kaffara. It is the same for a man who\nsays to his wife, 'You are divorced if I clothe you in this garment or\nlet you go to the mosque,' and it is one entire statement in the\nnormal pattern of speech. If he breaks any of that oath, divorce is\nnecessary, and there is no breaking of oath after that in whatever he\ndoes. There is only one oath to be broken in that.\"\n\n\nMalik\nsaid, \"What we do about a woman who makes a vow without her husband's\npermission is that she is allowed to do so and she must fulfill it, if\nit only concerns her own person and will not harm her husband. If,\nhowever, it will harm her husband, he may forbid her to fulfill it,\nbut it remains an obligation against her until she has the opportunity\nto complete it.\""}},{"id":13,"idInBook":13,"chapterId":22,"bookId":7,"arabic":"حَدَّثَنِي يَحْيَى، عَنْ مَالِكٍ، عَنْ نَافِعٍ، عَنْ عَبْدِ اللَّهِ بْنِ عُمَرَ، أَنَّهُ كَانَ يَقُولُ مَنْ حَلَفَ بِيَمِينٍ فَوَكَّدَهَا ثُمَّ حَنِثَ فَعَلَيْهِ عِتْقُ رَقَبَةٍ أَوْ كِسْوَةُ عَشَرَةِ مَسَاكِينَ وَمَنْ حَلَفَ بِيَمِينٍ فَلَمْ يُؤَكِّدْهَا ثُمَّ حَنِثَ فَعَلَيْهِ إِطْعَامُ عَشَرَةِ مَسَاكِينَ لِكُلِّ مِسْكِينٍ مُدٌّ مِنْ حِنْطَةٍ فَمَنْ لَمْ يَجِدْ فَصِيَامُ ثَلاَثَةِ أَيَّامٍ ‏.‏","english":{"narrator":"","text":"Yahya related to me from Malik from Nafi that Abdullah ibn Umar\nsaid, \"If someone breaks an oath which he has stressed, he has to free\na slave, or clothe ten poor people. If someone breaks an oath, but has\nnot stressed it, he only has to feed ten poor people and each poor\nperson is fed a mudd of wheat. Some one who does not have the means\nfor that, should fast for three days.\""}},{"id":14,"idInBook":14,"chapterId":22,"bookId":7,"arabic":"وَحَدَّثَنِي عَنْ مَالِكٍ، عَنْ نَافِعٍ، عَنْ عَبْدِ اللَّهِ بْنِ عُمَرَ، أَنَّهُ كَانَ يُكَفِّرُ عَنْ يَمِينِهِ، بِإِطْعَامِ عَشَرَةِ مَسَاكِينَ لِكُلِّ مِسْكِينٍ مُدٌّ مِنْ حِنْطَةٍ وَكَانَ يَعْتِقُ الْمِرَارَ إِذَا وَكَّدَ الْيَمِينَ ‏.‏","english":{"narrator":"","text":"Yahya related to me from Malik from Nafi that Abdullah ibn Umar\nused to do kaffara for a broken oath by feeding ten poor people. Each\nperson got a mudd of wheat. He sometimes freed a slave if he had\nrepeated the oath."}},{"id":15,"idInBook":15,"chapterId":22,"bookId":7,"arabic":"وَحَدَّثَنِي عَنْ مَالِكٍ، عَنْ يَحْيَى بْنِ سَعِيدٍ، عَنْ سُلَيْمَانَ بْنِ يَسَارٍ، أَنَّهُ قَالَ أَدْرَكْتُ النَّاسَ وَهُمْ إِذَا أَعْطَوْا فِي كَفَّارَةِ الْيَمِينِ أَعْطَوْا مُدًّا مِنْ حِنْطَةٍ بِالْمُدِّ الأَصْغَرِ وَرَأَوْا ذَلِكَ مُجْزِئًا عَنْهُمْ ‏.‏ قَالَ مَالِكٌ أَحْسَنُ مَا سَمِعْتُ فِي الَّذِي يُكَفِّرُ عَنْ يَمِينِهِ بِالْكِسْوَةِ أَنَّهُ إِنْ كَسَا الرِّجَالَ كَسَاهُمْ ثَوْبًا ثَوْبًا وَإِنْ كَسَا النِّسَاءَ كَسَاهُنَّ ثَوْبَيْنِ ثَوْبَيْنِ دِرْعًا وَخِمَارًا وَذَلِكَ أَدْنَى مَا يُجْزِي كُلاًّ فِي صَلاَتِهِ ‏.‏","english":{"narrator":"","text":"Yahya related to me from Malik from Yahya\nibn Said that Sulayman ibn Yasar said, \"I understood from people that\nwhen they made the kaffara for a broken oath, they gave a mudd of\nwheat according to the smaller mudd. They thought that that would\ncompensate for them.\"\n\n\nMalik said, \"The best of what I have\nheard about the one who does kaffara for breaking his oath by clothing\npeople is that if he clothes men he clothes them each in one garment.\nIf he clothes women, he clothes them each in two garments, a long\nshift and a long scarf, because that is what is satisfactory for each\nof them in the prayer.\""}},{"id":16,"idInBook":16,"chapterId":22,"bookId":7,"arabic":"حَدَّثَنِي يَحْيَى، عَنْ مَالِكٍ، عَنْ نَافِعٍ، عَنْ عَبْدِ اللَّهِ بْنِ عُمَرَ، أَنَّ رَسُولَ اللَّهِ صلى الله عليه وسلم أَدْرَكَ عُمَرَ بْنَ الْخَطَّابِ - رضى الله عنه - وَهُوَ يَسِيرُ فِي رَكْبٍ وَهُوَ يَحْلِفُ بِأَبِيهِ فَقَالَ رَسُولُ اللَّهِ صلى الله عليه وسلم ‏\n\"‏ إِنَّ اللَّهَ يَنْهَاكُمْ أَنْ تَحْلِفُوا بِآبَائِكُمْ فَمَنْ كَانَ حَالِفًا فَلْيَحْلِفْ بِاللَّهِ أَوْ لِيَصْمُتْ ‏\"‏ ‏.‏","english":{"narrator":"","text":"Yahya related to me from Malik from Nafi from Abdullah ibn Umar\nthat one time the Messenger of Allah, may Allah bless him and grant\nhim peace, was speaking to Umar ibn al-Khattab while he was travelling\nwith a troop and Umar swore by his father and he (the Messenger) said,\n\"Allah forbids you to swear by your fathers. If anyone swears, let him\nswear by Allah or keep silent.\""}},{"id":17,"idInBook":17,"chapterId":22,"bookId":7,"arabic":"وَحَدَّثَنِي عَنْ مَالِكٍ، أَنَّهُ بَلَغَهُ أَنَّ رَسُولَ اللَّهِ صلى الله عليه وسلم كَانَ يَقُولُ ‏\n\"‏ لاَ وَمُقَلِّبِ الْقُلُوبِ ‏\"‏ ‏.‏","english":{"narrator":"","text":"Yahya related to me from Malik that he had heard that the\nMessenger of Allah, may Allah bless him and grant him peace, used\ntosay, \"No, by the Overturner of hearts.\""}},{"id":18,"idInBook":18,"chapterId":22,"bookId":7,"arabic":"وَحَدَّثَنِي عَنْ مَالِكٍ، عَنْ عُثْمَانَ بْنِ حَفْصِ بْنِ عُمَرَ بْنِ خَلْدَةَ، عَنِ ابْنِ شِهَابٍ، أَنَّهُ بَلَغَهُ أَنَّ أَبَا لُبَابَةَ بْنَ عَبْدِ الْمُنْذِرِ، حِينَ تَابَ اللَّهُ عَلَيْهِ قَالَ يَا رَسُولَ اللَّهِ أَهْجُرُ دَارَ قَوْمِي الَّتِي أَصَبْتُ فِيهَا الذَّنْبَ وَأُجَاوِرُكَ وَأَنْخَلِعُ مِنْ مَالِي صَدَقَةً إِلَى اللَّهِ وَإِلَى رَسُولِهِ فَقَالَ رَسُولُ اللَّهِ صلى الله عليه وسلم ‏\n\"‏ يُجْزِيكَ مِنْ ذَلِكَ الثُّلُثُ ‏\"‏ ‏.‏","english":{"narrator":"","text":"Yahya related to me from Malik from Uthman ibn Hafs ibn Umar ibn\nKhalda that Ibn Shihab had heard that Abu Lubaba ibn Abd al-Mundhir,\nwhen Allah turned to him said, \"Messenger of Allah, should I leave my\npeople's house in which I committed wrong action and keep your\ncompany, and give away all my property as sadaqa for Allah and His\nMessenger? \"The Messenger of Allah, may Allah bless him and grant him\npeace, said, \"Giving away a third of it is enough for you.\""}},{"id":19,"idInBook":19,"chapterId":22,"bookId":7,"arabic":"وَحَدَّثَنِي عَنْ مَالِكٍ، عَنْ أَيُّوبَ بْنِ مُوسَى، عَنْ مَنْصُورِ بْنِ عَبْدِ الرَّحْمَنِ الْحَجَبِيِّ، عَنْ أُمِّهِ، عَنْ عَائِشَةَ أُمِّ الْمُؤْمِنِينَ، - رضى الله عنها أَنَّهَا سُئِلَتْ عَنْ رَجُلٍ قَالَ مَالِي فِي رِتَاجِ الْكَعْبَةِ ‏.‏ فَقَالَتْ عَائِشَةُ يُكَفِّرُهُ مَا يُكَفِّرُ الْيَمِينَ ‏.‏ قَالَ مَالِكٌ فِي الَّذِي يَقُولُ مَالِي فِي سَبِيلِ اللَّهِ ثُمَّ يَحْنَثُ قَالَ يَجْعَلُ ثُلُثَ مَالِهِ فِي سَبِيلِ اللَّهِ وَذَلِكَ لِلَّذِي جَاءَ عَنْ رَسُولِ اللَّهِ صلى الله عليه وسلم فِي أَمْرِ أَبِي لُبَابَةَ ‏.‏","english":{"narrator":"","text":"Yahya related to me from Malik from Ayyub ibn Musa from Mansur\nibn Abd ar-Rahman al-Hajabi from his mother that A'isha, umm al-\nmuminin, may Allah be pleased with her, was asked about a man who\ndevoted his property to the door of Kaba. She said, \"Let him do\nkaffara for it with the kaffara of the oath.\"\n\n\nMalik said,\nthat someone who devoted all his property in the way of Allah, and\nthen broke his oath, should put a third of his property in the way of\nAllah, as that was what the Messenger of Allah, may Allah bless him\nand grant him peace, did in the case of Abu Lubaba."}}],"chapter":{"id":22,"bookId":7,"arabic":"كتاب النذور والأيمان","english":"Vows and Oaths"}}