{"metadata":{"length":18,"arabic":{"title":"موطأ مالك","author":"الإمام مالك بن أنس","introduction":"كتاب الرضاع"},"english":{"title":"Muwatta Malik","author":"Imam Malik ibn Anas","introduction":"Suckling"}},"hadiths":[{"id":1,"idInBook":1,"chapterId":30,"bookId":7,"arabic":"حَدَّثَنِي يَحْيَى، عَنْ مَالِكٍ، عَنْ عَبْدِ اللَّهِ بْنِ أَبِي بَكْرٍ، عَنْ عَمْرَةَ بِنْتِ عَبْدِ الرَّحْمَنِ، أَنَّ عَائِشَةَ أُمَّ الْمُؤْمِنِينَ، أَخْبَرَتْهَا أَنَّ رَسُولَ اللَّهِ صلى الله عليه وسلم كَانَ عِنْدَهَا وَأَنَّهَا سَمِعَتْ صَوْتَ رَجُلٍ يَسْتَأْذِنُ فِي بَيْتِ حَفْصَةَ قَالَتْ عَائِشَةُ فَقُلْتُ يَا رَسُولَ اللَّهِ هَذَا رَجُلٌ يَسْتَأْذِنُ فِي بَيْتِكَ ‏.‏ فَقَالَ رَسُولُ اللَّهِ صلى الله عليه وسلم ‏\"‏ أُرَاهُ فُلاَنًا ‏\"‏ ‏.‏ لِعَمٍّ لِحَفْصَةَ مِنَ الرَّضَاعَةِ ‏.‏ فَقَالَتْ عَائِشَةُ يَا رَسُولَ اللَّهِ لَوْ كَانَ فُلاَنٌ حَيًّا - لِعَمِّهَا مِنَ الرَّضَاعَةِ - دَخَلَ عَلَىَّ فَقَالَ رَسُولُ اللَّهِ صلى الله عليه وسلم ‏\"‏ نَعَمْ إِنَّ الرَّضَاعَةَ تُحَرِّمُ مَا تُحَرِّمُ الْوِلاَدَةُ ‏\"‏ ‏.‏","english":{"narrator":"","text":"Yahya related to me from Malik from Abdullah ibn Abi Bakr from\nAmra bint Abd ar-Rahman that A'isha, umm al-muminin informed her that\nthe Messenger of Allah, may Allah bless him and grant him peace, was\nwith her and she heard the voice of a man asking permission to enter\nthe room of Hafsa. A'isha said that she had said, \"Messenger of Allah!\nThere is a man asking permission to enter your house!\" The Messenger\nof Allah, may Allah bless him and grant him peace, said, \"I think it\nis so-and-so\" (referring to a paternal uncle of Hafsa by suckling).\nA'isha said, \"Messenger of Allah! If so-and-so were alive (referring\nto her paternal uncle by suckling) could he enter where I am?\" The\nMessenger of Allah, may Allah bless him and grant him peace, said,\n\"Yes. Suckling makes haram as birth makes haram.\""}},{"id":2,"idInBook":2,"chapterId":30,"bookId":7,"arabic":"وَحَدَّثَنِي عَنْ مَالِكٍ، عَنْ هِشَامِ بْنِ عُرْوَةَ، عَنْ أَبِيهِ، عَنْ عَائِشَةَ أُمِّ الْمُؤْمِنِينَ، أَنَّهَا قَالَتْ جَاءَ عَمِّي مِنَ الرَّضَاعَةِ يَسْتَأْذِنُ عَلَىَّ فَأَبَيْتُ أَنْ آذَنَ لَهُ عَلَىَّ حَتَّى أَسْأَلَ رَسُولَ اللَّهِ صلى الله عليه وسلم عَنْ ذَلِكَ فَجَاءَ رَسُولُ اللَّهِ صلى الله عليه وسلم فَسَأَلْتُهُ عَنْ ذَلِكَ فَقَالَ ‏\"‏ إِنَّهُ عَمُّكِ فَأْذَنِي لَهُ ‏\"‏ ‏.‏ قَالَتْ فَقُلْتُ يَا رَسُولَ اللَّهِ إِنَّمَا أَرْضَعَتْنِي الْمَرْأَةُ وَلَمْ يُرْضِعْنِي الرَّجُلُ ‏.‏ فَقَالَ ‏\"‏ إِنَّهُ عَمُّكِ فَلْيَلِجْ عَلَيْكِ ‏\"‏ ‏.‏ قَالَتْ عَائِشَةُ وَذَلِكَ بَعْدَ مَا ضُرِبَ عَلَيْنَا الْحِجَابُ ‏.‏ وَقَالَتْ عَائِشَةُ يَحْرُمُ مِنَ الرَّضَاعَةِ مَا يَحْرُمُ مِنَ الْوِلاَدَةِ ‏.‏","english":{"narrator":"","text":"Yahya related to me from Malik from Hisham ibn Urwa from his\nfather that A'isha, umm al-muminin said, \"My paternal uncle by\nsuckling came to me and I refused to give him permission to enter\nuntil I had asked the Messenger of Allah, may Allah bless him and\ngrant him peace, about it. The Messenger of Allah, may Allah bless him\nand grant him peace, came and I asked him about it. He said, 'He is\nyour paternal uncle, so give him permission.' So I said, 'Messenger of\nAllah! The woman nursed me not the man.' He said, 'He is your paternal\nuncle, so let him enter.' \"\n\n\nA'isha said, \"That was after the\nveil had been imposed on us.\"\n\n\nA'isha added, \"What is haram by\nbirth is made haram by suckling.\""}},{"id":3,"idInBook":3,"chapterId":30,"bookId":7,"arabic":"وَحَدَّثَنِي عَنْ مَالِكٍ، عَنِ ابْنِ شِهَابٍ، عَنْ عُرْوَةَ بْنِ الزُّبَيْرِ، عَنْ عَائِشَةَ أُمِّ الْمُؤْمِنِينَ، أَنَّهَا أَخْبَرَتْهُ أَنَّ أَفْلَحَ أَخَا أَبِي الْقُعَيْسِ جَاءَ يَسْتَأْذِنُ عَلَيْهَا وَهُوَ عَمُّهَا مِنَ الرَّضَاعَةِ بَعْدَ أَنْ أُنْزِلَ الْحِجَابُ قَالَتْ فَأَبَيْتُ أَنْ آذَنَ لَهُ عَلَىَّ فَلَمَّا جَاءَ رَسُولُ اللَّهِ صلى الله عليه وسلم أَخْبَرْتُهُ بِالَّذِي صَنَعْتُ فَأَمَرَنِي أَنْ آذَنَ لَهُ عَلَىَّ ‏.‏","english":{"narrator":"","text":"Yahya related to me from Malik from Ibn Shihab from Urwa ibn az-\nZubayr that A'isha umm al-muminin told him that Aflah, the brother of\nAbu'l-Quays came and asked permission to visit her after the veil had\nbeen lowered, and he was her paternal uncle by suckling. She said, \"I\nrefusedto give him permission to enter. When the Messenger of Allah,\nmay Allah bless him and grant him peace, came, I told him about what I\nhad done, and he ordered me to give him permission to enter.\""}},{"id":4,"idInBook":4,"chapterId":30,"bookId":7,"arabic":"وَحَدَّثَنِي عَنْ مَالِكٍ، عَنْ ثَوْرِ بْنِ زَيْدٍ الدِّيلِيِّ، عَنْ عَبْدِ اللَّهِ بْنِ عَبَّاسٍ، أَنَّهُ كَانَ يَقُولُ مَا كَانَ فِي الْحَوْلَيْنِ وَإِنْ كَانَ مَصَّةً وَاحِدَةً فَهُوَ يُحَرِّمُ ‏.‏","english":{"narrator":"","text":"Yahya related to me from Malik from Thawr ibn Zayd ad-Dili that\nAbdullah ibn Abbas said, \"The milk which a child under two years old\nsucks, even if it is only one suck, makes the foster relatives haram.\""}},{"id":5,"idInBook":5,"chapterId":30,"bookId":7,"arabic":"وَحَدَّثَنِي عَنْ مَالِكٍ، عَنِ ابْنِ شِهَابٍ، عَنْ عَمْرِو بْنِ الشَّرِيدِ، أَنَّ عَبْدَ اللَّهِ بْنَ عَبَّاسٍ، سُئِلَ عَنْ رَجُلٍ، كَانَتْ لَهُ امْرَأَتَانِ فَأَرْضَعَتْ إِحْدَاهُمَا غُلاَمًا وَأَرْضَعَتِ الأُخْرَى جَارِيَةً فَقِيلَ لَهُ هَلْ يَتَزَوَّجُ الْغُلاَمُ الْجَارِيَةَ فَقَالَ لاَ اللِّقَاحُ وَاحِدٌ ‏.‏","english":{"narrator":"","text":"Yahya related to me from Malik from Ibn Shihab from Amr ibn ash-\nSharid that Abdullah ibn Abbas was asked whether, if a man had two\nwives, and one of them nursed a slave-boy, and the other had nursed a\nslave-girl, could the slave-boy marry the slave-girl. He said, \"No.\nThe husband is the same.\""}},{"id":6,"idInBook":6,"chapterId":30,"bookId":7,"arabic":"وَحَدَّثَنِي عَنْ مَالِكٍ، عَنْ نَافِعٍ، أَنَّ عَبْدَ اللَّهِ بْنَ عُمَرَ، كَانَ يَقُولُ لاَ رَضَاعَةَ إِلاَّ لِمَنْ أُرْضِعَ فِي الصِّغَرِ وَلاَ رَضَاعَةَ لِكَبِيرٍ ‏.‏","english":{"narrator":"","text":"Yahya related to me from Malik from Nafi that Abdullah ibn Umar\nsaid, \"There is no kinship by suckling except for a person who is\nnursed when he is small. There is no kinship by suckling over the age\nof two years.\""}},{"id":7,"idInBook":7,"chapterId":30,"bookId":7,"arabic":"وَحَدَّثَنِي عَنْ مَالِكٍ، عَنْ نَافِعٍ، أَنَّ سَالِمَ بْنَ عَبْدِ اللَّهِ بْنِ عُمَرَ، أَخْبَرَهُ أَنَّ عَائِشَةَ أُمَّ الْمُؤْمِنِينَ أَرْسَلَتْ بِهِ وَهُوَ يَرْضَعُ إِلَى أُخْتِهَا أُمِّ كُلْثُومٍ بِنْتِ أَبِي بَكْرٍ الصِّدِّيقِ فَقَالَتْ أَرْضِعِيهِ عَشْرَ رَضَعَاتٍ حَتَّى يَدْخُلَ عَلَىَّ ‏.‏ قَالَ سَالِمٌ فَأَرْضَعَتْنِي أُمُّ كُلْثُومٍ ثَلاَثَ رَضَعَاتٍ ثُمَّ مَرِضَتْ فَلَمْ تُرْضِعْنِي غَيْرَ ثَلاَثِ رَضَعَاتٍ فَلَمْ أَكُنْ أَدْخُلُ عَلَى عَائِشَةَ مِنْ أَجْلِ أَنَّ أُمَّ كُلْثُومٍ لَمْ تُتِمَّ لِي عَشْرَ رَضَعَاتٍ ‏.‏","english":{"narrator":"","text":"Yahya related to me from Malik from Nafi that Salim ibn Abdullah\nibn Umar informed him that A'isha umm al-muminin sent him away while\nhe was being nursed to her sister Umm Kulthum bint Abi Bakr as-Siddiq\nand said, \"Suckle him ten times so that he can come in to see me.\"\n\n\nSalim said, \"Umm Kulthum nursed me three times and then fell\nill, so that she only nursed me three times. I could not go in to see\nA'isha because Umm Kulthum did not finish for me the ten times.\""}},{"id":8,"idInBook":8,"chapterId":30,"bookId":7,"arabic":"وَحَدَّثَنِي عَنْ مَالِكٍ، عَنْ نَافِعٍ، أَنَّ صَفِيَّةَ بِنْتَ أَبِي عُبَيْدٍ، أَخْبَرَتْهُ أَنَّ حَفْصَةَ أُمَّ الْمُؤْمِنِينَ أَرْسَلَتْ بِعَاصِمِ بْنِ عَبْدِ اللَّهِ بْنِ سَعْدٍ إِلَى أُخْتِهَا فَاطِمَةَ بِنْتِ عُمَرَ بْنِ الْخَطَّابِ تُرْضِعُهُ عَشْرَ رَضَعَاتٍ لِيَدْخُلَ عَلَيْهَا وَهُوَ صَغِيرٌ يَرْضَعُ فَفَعَلَتْ فَكَانَ يَدْخُلُ عَلَيْهَا ‏.‏","english":{"narrator":"","text":"Yahya related to me from Malik from Nafi that Safiyya bint Abi\nUbayd told him that Hafsa, umm al-muminin, sent Asim ibn Abdullah ibn\nSad to her sister Fatima bint Umar ibn al-Khattab for her to suckle\nhim ten times so that he could come in to see her. She did it, so he\nused to come in to see her."}},{"id":9,"idInBook":9,"chapterId":30,"bookId":7,"arabic":"وَحَدَّثَنِي عَنْ مَالِكٍ، عَنْ عَبْدِ الرَّحْمَنِ بْنِ الْقَاسِمِ، عَنْ أَبِيهِ، أَنَّهُ أَخْبَرَهُ أَنَّ عَائِشَةَ زَوْجَ النَّبِيِّ صلى الله عليه وسلم كَانَ يَدْخُلُ عَلَيْهَا مَنْ أَرْضَعَتْهُ أَخَوَاتُهَا وَبَنَاتُ أَخِيهَا وَلاَ يَدْخُلُ عَلَيْهَا مَنْ أَرْضَعَهُ نِسَاءُ إِخْوَتِهَا ‏.‏","english":{"narrator":"","text":"Yahya related to me from Malik from Abd ar-Rahman ibn al-Qasim\nthat his father told him that A'isha, the wife of the Prophet, may\nAllah bless him and grant him peace, admitted those whom her sisters\nand the daughters of her brother had nursed, and she did not admit\nthose who were nursed by the wives of her brothers."}},{"id":10,"idInBook":10,"chapterId":30,"bookId":7,"arabic":"وَحَدَّثَنِي عَنْ مَالِكٍ، عَنْ إِبْرَاهِيمَ بْنِ عُقْبَةَ، أَنَّهُ سَأَلَ سَعِيدَ بْنَ الْمُسَيَّبِ عَنِ الرَّضَاعَةِ، فَقَالَ سَعِيدٌ كُلُّ مَا كَانَ فِي الْحَوْلَيْنِ وَإِنْ كَانَتْ قَطْرَةً وَاحِدَةً فَهُوَ يُحَرِّمُ وَمَا كَانَ بَعْدَ الْحَوْلَيْنِ فَإِنَّمَا هُوَ طَعَامٌ يَأْكُلُهُ ‏.‏ قَالَ إِبْرَاهِيمُ بْنُ عُقْبَةَ ثُمَّ سَأَلْتُ عُرْوَةَ بْنَ الزُّبَيْرِ فَقَالَ مِثْلَ مَا قَالَ سَعِيدُ بْنُ الْمُسَيَّبِ ‏.‏","english":{"narrator":"","text":"Yahya related to me from Malik that Ibrahim ibn Uqba asked Said\nibn al-Musayyab about suckling. Said said, \"All that occurs in the\nfirst two years, even if it is only a drop, makes haram. Whatever is\nafter two years, is only food that is eaten.\"\n\n\nIbrahim ibn\nUqba said, ''Then I asked Urwa ibn az-Zubayr and he told me the same\nas what Said ibn al-Musayyab said.\""}},{"id":11,"idInBook":11,"chapterId":30,"bookId":7,"arabic":"وَحَدَّثَنِي عَنْ مَالِكٍ، عَنْ يَحْيَى بْنِ سَعِيدٍ، أَنَّهُ قَالَ سَمِعْتُ سَعِيدَ بْنَ الْمُسَيَّبِ، يَقُولُ لاَ رَضَاعَةَ إِلاَّ مَا كَانَ فِي الْمَهْدِ وَإِلاَّ مَا أَنْبَتَ اللَّحْمَ وَالدَّمَ ‏.‏","english":{"narrator":"","text":"Yahya related to me from Malik that Yahya ibn Said said that he\nheard Said ibn al-Musayyab say, \"Suckling is only while the child is\nin the cradle. If not, it does not cause flesh and blood relations.\""}},{"id":12,"idInBook":12,"chapterId":30,"bookId":7,"arabic":"وَحَدَّثَنِي عَنْ مَالِكٍ، عَنِ ابْنِ شِهَابٍ، أَنَّهُ كَانَ يَقُولُ الرَّضَاعَةُ قَلِيلُهَا وَكَثِيرُهَا تُحَرِّمُ وَالرَّضَاعَةُ مِنْ قِبَلِ الرِّجَالِ تُحَرِّمُ ‏.‏ قَالَ يَحْيَى وَسَمِعْتُ مَالِكًا يَقُولُ الرَّضَاعَةُ قَلِيلُهَا وَكَثِيرُهَا إِذَا كَانَ فِي الْحَوْلَيْنِ تُحَرِّمُ فَأَمَّا مَا كَانَ بَعْدَ الْحَوْلَيْنِ فَإِنَّ قَلِيلَهُ وَكَثِيرَهُ لاَ يُحَرِّمُ شَيْئًا وَإِنَّمَا هُوَ بِمَنْزِلَةِ الطَّعَامِ ‏.‏","english":{"narrator":"","text":"Yahya related to me from Malik from Ibn Shihab that he said,\n\"Suckling however little or much, makes haram. Kinship by suckling\nmakes men mahram.\"\n\n\nYahya said that he had heard Malik say,\n\"Suckling, however little or much when it is in the first two years,\nmakes haram. As for what is after the first two years, little or much,\nit does not make anything haram. It is like food.\""}},{"id":13,"idInBook":13,"chapterId":30,"bookId":7,"arabic":"حَدَّثَنِي يَحْيَى، عَنْ مَالِكٍ، عَنِ ابْنِ شِهَابٍ، أَنَّهُ سُئِلَ عَنْ رَضَاعَةِ الْكَبِيرِ، فَقَالَ أَخْبَرَنِي عُرْوَةُ بْنُ الزُّبَيْرِ، أَنَّ أَبَا حُذَيْفَةَ بْنَ عُتْبَةَ بْنِ رَبِيعَةَ، وَكَانَ، مِنْ أَصْحَابِ رَسُولِ اللَّهِ صلى الله عليه وسلم وَكَانَ قَدْ شَهِدَ بَدْرًا وَكَانَ تَبَنَّى سَالِمًا الَّذِي يُقَالُ لَهُ سَالِمٌ مَوْلَى أَبِي حُذَيْفَةَ كَمَا تَبَنَّى رَسُولُ اللَّهِ صلى الله عليه وسلم زَيْدَ بْنَ حَارِثَةَ وَأَنْكَحَ أَبُو حُذَيْفَةَ سَالِمًا وَهُوَ يَرَى أَنَّهُ ابْنُهُ أَنْكَحَهُ بِنْتَ أَخِيهِ فَاطِمَةَ بِنْتَ الْوَلِيدِ بْنِ عُتْبَةَ بْنِ رَبِيعَةَ وَهِيَ يَوْمَئِذٍ مِنَ الْمُهَاجِرَاتِ الأُوَلِ وَهِيَ مِنْ أَفْضَلِ أَيَامَى قُرَيْشٍ فَلَمَّا أَنْزَلَ اللَّهُ تَعَالَى فِي كِتَابِهِ فِي زَيْدِ بْنِ حَارِثَةَ مَا أَنْزَلَ فَقَالَ ‏{‏ادْعُوهُمْ لآبَائِهِمْ هُوَ أَقْسَطُ عِنْدَ اللَّهِ فَإِنْ لَمْ تَعْلَمُوا آبَاءَهُمْ فَإِخْوَانُكُمْ فِي الدِّينِ وَمَوَالِيكُمْ‏}‏ رُدَّ كُلُّ وَاحِدٍ مِنْ أُولَئِكَ إِلَى أَبِيهِ فَإِنْ لَمْ يُعْلَمْ أَبُوهُ رُدَّ إِلَى مَوْلاَهُ فَجَاءَتْ سَهْلَةُ بِنْتُ سُهَيْلٍ وَهِيَ امْرَأَةُ أَبِي حُذَيْفَةَ وَهِيَ مِنْ بَنِي عَامِرِ بْنِ لُؤَىٍّ إِلَى رَسُولِ اللَّهِ صلى الله عليه وسلم فَقَالَتْ يَا رَسُولَ اللَّهِ كُنَّا نَرَى سَالِمًا وَلَدًا وَكَانَ يَدْخُلُ عَلَىَّ وَأَنَا فُضُلٌ وَلَيْسَ لَنَا إِلاَّ بَيْتٌ وَاحِدٌ فَمَاذَا تَرَى فِي شَأْنِهِ فَقَالَ لَهَا رَسُولُ اللَّهِ صلى الله عليه وسلم ‏\"‏ أَرْضِعِيهِ خَمْسَ رَضَعَاتٍ فَيَحْرُمُ بِلَبَنِهَا ‏\"‏ ‏.‏ وَكَانَتْ تَرَاهُ ابْنًا مِنَ الرَّضَاعَةِ فَأَخَذَتْ بِذَلِكَ عَائِشَةُ أُمُّ الْمُؤْمِنِينَ فِيمَنْ كَانَتْ تُحِبُّ أَنْ يَدْخُلَ عَلَيْهَا مِنَ الرِّجَالِ فَكَانَتْ تَأْمُرُ أُخْتَهَا أُمَّ كُلْثُومٍ بِنْتَ أَبِي بَكْرٍ الصِّدِّيقِ وَبَنَاتِ أَخِيهَا أَنْ يُرْضِعْنَ مَنْ أَحَبَّتْ أَنْ يَدْخُلَ عَلَيْهَا مِنَ الرِّجَالِ وَأَبَى سَائِرُ أَزْوَاجِ النَّبِيِّ صلى الله عليه وسلم أَنْ يَدْخُلَ عَلَيْهِنَّ بِتِلْكَ الرَّضَاعَةِ أَحَدٌ مِنَ النَّاسِ وَقُلْنَ لاَ وَاللَّهِ مَا نَرَى الَّذِي أَمَرَ بِهِ رَسُولُ اللَّهِ صلى الله عليه وسلم سَهْلَةَ بِنْتَ سُهَيْلٍ إِلاَّ رُخْصَةً مِنْ رَسُولِ اللَّهِ صلى الله عليه وسلم فِي رَضَاعَةِ سَالِمٍ وَحْدَهُ لاَ وَاللَّهِ لاَ يَدْخُلُ عَلَيْنَا بِهَذِهِ الرَّضَاعَةِ أَحَدٌ فَعَلَى هَذَا كَانَ أَزْوَاجُ النَّبِيِّ صلى الله عليه وسلم فِي رَضَاعَةِ الْكَبِيرِ ‏.‏","english":{"narrator":"","text":"Yahya related to me from Malik from Ibn Shihab that he was asked\nabout the suckling of an older person. He said, ''Urwa ibn az-Zubayr\ninformed me that Abu Hudhayfa ibn Utba ibn Rabia, one of the\ncompanions of the Messenger of Allah, may Allah bless him and grant\nhim peace, who was present at Badr, adopted Salim (who is called\nSalim, the mawla of Abu Hudhayfa) as the Messenger of Allah, may Allah\nbless him and grant him peace, adopted Zayd ibn Haritha. He thought of\nhim as his son, and Abu Hudhayfa married him to his brother's sister,\nFatima bint al-Walid ibn Utba ibn Rabia, who was at that time among\nthe first emigrants. She was one of the best unmarried women of the\nQuraysh. When Allah the Exalted sent down in His Book what He sent\ndown about Zayd ibn Haritha, 'Call them after their true fathers. That\nis more equitable in the sight of Allah. If you do not know who their\nfathers were then they are your brothers in the deen and your mawali,'\n(Sura 33 ayat 5) people in this position were traced back to their\nfathers. When the father was not known, they were traced to their\nmawla.\n\n\n\"Sahla bint Suhayl who was the wife of Abu Hudhayfa,\nand one of the tribe of Amr ibn Luayy, came to the Messenger of Allah,\nmay Allah bless him and grant him peace, and said, 'Messenger of\nAllah! We think of Salim as a son and he comes in to see me while I am\nuncovered. We only have one room, so what do you think about the\nsituation?' The Messenger of Allah, may Allah bless him and grant him\npeace, said, 'Give him five drinks of your milk and he will be mahram\nby it.' She then saw him as a foster son. A'isha umm al-muminin took\nthat as a precedent for whatever men she wanted to be able to come to\nsee her. She ordered her sister, Umm Kulthum bint Abi Bakr as-Siddiq\nand the daughters of her brother to give milk to whichever men she\nwanted to be able to come in to see her. The rest of the wives of the\nProphet, may Allah bless him and grant him peace, refused to let\nanyone come in to them by such nursing. They said, 'No! By Allah! We\nthink that what the Messenger of Allah, may Allah bless him and grant\nhim peace, ordered Sahla bint Suhayl to do was only an indulgence\nconcerning the nursing of Salim alone. No! By Allah! No one will come\nin upon us by such nursing!'\n\n\n\"This is what the wives of the\nProphet, may Allah bless him and grant him peace, thought about the\nsuckling of an older person.\""}},{"id":14,"idInBook":14,"chapterId":30,"bookId":7,"arabic":"وَحَدَّثَنِي عَنْ مَالِكٍ، عَنْ عَبْدِ اللَّهِ بْنِ دِينَارٍ، أَنَّهُ قَالَ جَاءَ رَجُلٌ إِلَى عَبْدِ اللَّهِ بْنِ عُمَرَ وَأَنَا مَعَهُ عِنْدَ دَارِ الْقَضَاءِ يَسْأَلُهُ عَنْ رَضَاعَةِ الْكَبِيرِ فَقَالَ عَبْدُ اللَّهِ بْنُ عُمَرَ جَاءَ رَجُلٌ إِلَى عُمَرَ بْنِ الْخَطَّابِ فَقَالَ إِنِّي كَانَتْ لِي وَلِيدَةٌ وَكُنْتُ أَطَؤُهَا فَعَمَدَتِ امْرَأَتِي إِلَيْهَا فَأَرْضَعَتْهَا فَدَخَلْتُ عَلَيْهَا فَقَالَتْ دُونَكَ فَقَدْ وَاللَّهِ أَرْضَعْتُهَا ‏.‏ فَقَالَ عُمَرُ أَوْجِعْهَا وَأْتِ جَارِيتَكَ فَإِنَّمَا الرَّضَاعَةُ رَضَاعَةُ الصَّغِيرِ ‏.‏","english":{"narrator":"","text":"Yahya related to me from Malik that Abdullah ibn Dinar said, \"A\nman came to Abdullah ibn Umar when I waswith him at the place where\njudgments were given and asked him about the suckling of an older\nperson. Abdullah ibn Umar replied, 'A man came to Umar ibn al-Khattab\nand said, 'I have a slave-girl and I used to have intercourse with\nher. My wife went to her and suckled her. When I went to the girl, my\nwife told me to watch out, because she had suckled her!' Umar told him\nto beat his wife and to go to his slave-girl because kinship by\nsuckling was only by the suckling of the young.' \""}},{"id":15,"idInBook":15,"chapterId":30,"bookId":7,"arabic":"وَحَدَّثَنِي عَنْ مَالِكٍ، عَنْ يَحْيَى بْنِ سَعِيدٍ، أَنَّ رَجُلاً، سَأَلَ أَبَا مُوسَى الأَشْعَرِيَّ فَقَالَ إِنِّي مَصِصْتُ عَنِ امْرَأَتِي، مِنْ ثَدْيِهَا لَبَنًا فَذَهَبَ فِي بَطْنِي فَقَالَ أَبُو مُوسَى لاَ أُرَاهَا إِلاَّ قَدْ حَرُمَتْ عَلَيْكَ ‏.‏ فَقَالَ عَبْدُ اللَّهِ بْنُ مَسْعُودٍ انْظُرْ مَاذَا تُفْتِي بِهِ الرَّجُلَ فَقَالَ أَبُو مُوسَى فَمَاذَا تَقُولُ أَنْتَ فَقَالَ عَبْدُ اللَّهِ بْنُ مَسْعُودٍ لاَ رَضَاعَةَ إِلاَّ مَا كَانَ فِي الْحَوْلَيْنِ ‏.‏ فَقَالَ أَبُو مُوسَى لاَ تَسْأَلُونِي عَنْ شَىْءٍ مَا كَانَ هَذَا الْحَبْرُ بَيْنَ أَظْهُرِكُمْ ‏.‏","english":{"narrator":"","text":"Yahya related to me from Malik from Yahya ibn Said that a man\nsaid to Abu Musa al-Ashari, \"I drank some milk from my wife's breasts\nand it went into my stomach.\" Abu Musa said, \"I can only but think\nthat she is haram for you.\" Abdullah ibn Masud said, \"Look at what\nopinion you are giving the man.\" Abu Musa said, \"Then what do you\nsay?\" Abdullah ibn Masud said, \"There is only kinship by suckling in\nthe first two years.\"\n\n\nAbu Musa said, \"Do not ask me about\nanything while this learned man is among you.\""}},{"id":16,"idInBook":16,"chapterId":30,"bookId":7,"arabic":"وَحَدَّثَنِي يَحْيَى، عَنْ مَالِكٍ، عَنْ عَبْدِ اللَّهِ بْنِ دِينَارٍ، عَنْ سُلَيْمَانَ بْنِ يَسَارٍ، عَنْ عُرْوَةَ بْنِ الزُّبَيْرِ، عَنْ عَائِشَةَ أُمِّ الْمُؤْمِنِينَ، أَنَّ رَسُولَ اللَّهِ صلى الله عليه وسلم قَالَ ‏\n\"‏ يَحْرُمُ مِنَ الرَّضَاعَةِ مَا يَحْرُمُ مِنَ الْوِلاَدَةِ ‏\"‏ ‏.‏","english":{"narrator":"","text":"Yahya related to me from Malik from Abdullah ibn Dinar from\nSulayman ibn Yasar and from Urwa ibn az-Zubayr from A'isha umm al-\nmuminin, that the Messenger of Allah, may Allah bless him and grant\nhim peace, said, \" What is haram by birth is haram by suckling.\""}},{"id":17,"idInBook":17,"chapterId":30,"bookId":7,"arabic":"وَحَدَّثَنِي عَنْ مَالِكٍ، عَنْ مُحَمَّدِ بْنِ عَبْدِ الرَّحْمَنِ بْنِ نَوْفَلٍ، أَنَّهُ قَالَ أَخْبَرَنِي عُرْوَةُ بْنُ الزُّبَيْرِ، عَنْ عَائِشَةَ أُمِّ الْمُؤْمِنِينَ، عَنْ جُدَامَةَ بِنْتِ وَهْبٍ الأَسَدِيَّةِ، أَنَّهَا أَخْبَرَتْهَا أَنَّهَا، سَمِعَتْ رَسُولَ اللَّهِ صلى الله عليه وسلم يَقُولُ ‏\n\"‏ لَقَدْ هَمَمْتُ أَنْ أَنْهَى عَنِ الْغِيلَةِ حَتَّى ذَكَرْتُ أَنَّ الرُّومَ وَفَارِسَ يَصْنَعُونَ ذَلِكَ فَلاَ يَضُرُّ أَوْلاَدَهُمْ ‏\"‏ ‏.‏","english":{"narrator":"","text":"Yahya related to me from Malik that Muhammad ibn Abd ar-Rahman\nibn Nawfal said, ''Urwa ibn az-Zubayr informed me from A'isha umm al-\nmuminin that Judama bint Wahb al-Asadiyya informed her that she heard\nthe Messenger of Allah, may Allah bless him and grant him peace, say,\n'I intended to prohibit ghila but I remembered that the Greeks and\nPersians do that without it causing any injury to their children.' \"\n\n\nMalik explained, \"Ghila is that a man has intercourse with\nhis wife while she is suckling.\""}},{"id":18,"idInBook":18,"chapterId":30,"bookId":7,"arabic":"وَحَدَّثَنِي عَنْ مَالِكٍ، عَنْ عَبْدِ اللَّهِ بْنِ أَبِي بَكْرِ بْنِ حَزْمٍ، عَنْ عَمْرَةَ بِنْتِ عَبْدِ الرَّحْمَنِ، عَنْ عَائِشَةَ، زَوْجِ النَّبِيِّ صلى الله عليه وسلم أَنَّهَا قَالَتْ كَانَ فِيمَا أُنْزِلَ مِنَ الْقُرْآنِ عَشْرُ رَضَعَاتٍ مَعْلُومَاتٍ يُحَرِّمْنَ ثُمَّ نُسِخْنَ بِخَمْسٍ مَعْلُومَاتٍ فَتُوُفِّيَ رَسُولُ اللَّهِ صلى الله عليه وسلم وَهُوَ فِيمَا يُقْرَأُ مِنَ الْقُرْآنِ ‏.‏","english":{"narrator":"","text":"Yahya related to me from Malik from Abdullah ibn Abi Bakr ibn\nHazm from Amra bint Abd ar-Rahman that A'isha, the wife of the\nProphet, may Allah bless him and grant him peace, said, \"Amongst what\nwas sent down of the Qur'an was 'ten known sucklings make haram' -\nthen it was abrogated by 'five known sucklings'. When the Messenger of\nAllah, may Allah bless him and grant him peace, died, it was what is\nnow recited of the Qur'an.\"\n\n\nYahya said that Malik said, \"One\ndoes not act on this.\""}}],"chapter":{"id":30,"bookId":7,"arabic":"كتاب الرضاع","english":"Suckling"}}