{
  "metadata": {
    "length": 28,
    "arabic": {
      "title": "موطأ مالك",
      "author": "الإمام مالك بن أنس",
      "introduction": "كتاب العتق والولاء"
    },
    "english": {
      "title": "Muwatta Malik",
      "author": "Imam Malik ibn Anas",
      "introduction": "Setting Free and Wala'"
    }
  },
  "hadiths": [
    {
      "id": 1,
      "idInBook": 1,
      "chapterId": 38,
      "bookId": 7,
      "arabic": "حَدَّثَنِي مَالِكٌ، عَنْ نَافِعٍ، عَنْ عَبْدِ اللَّهِ بْنِ عُمَرَ، أَنَّ رَسُولَ اللَّهِ صلى الله عليه وسلم قَالَ ‏\n\"‏ مَنْ أَعْتَقَ شِرْكًا لَهُ فِي عَبْدٍ فَكَانَ لَهُ مَالٌ يَبْلُغُ ثَمَنَ الْعَبْدِ قُوِّمَ عَلَيْهِ قِيمَةَ الْعَدْلِ فَأَعْطَى شُرَكَاءَهُ حِصَصَهُمْ وَعَتَقَ عَلَيْهِ الْعَبْدُ وَإِلاَّ فَقَدْ عَتَقَ مِنْهُ مَا عَتَقَ ‏\"‏ ‏.‏",
      "english": {
        "narrator": "",
        "text": "Malik related to me from Nafi from Abdullah ibn Umar that the Messenger of Allah, may Allah bless him and grant him peace,said, \"If a man frees his share of a slave and has enough money to cover the full price of the slave justly evaluated for him, he must buy out his partners so that the slave is completely freed. If he doesn't have the money, he partially frees him."
      },
      "turkish": {
        "narrator": "",
        "text": "Malik, Nafi'den, Abdullah ibn Umar'dan, Allah'ın Rasulü'nün (salat ve selam üzerine olsun) \"Eğer bir adam kölenin bir kısmını özgür bırakır ve kölenin adil bir şekilde değerlendirilmiş tam fiyatını karşılayacak kadar parası varsa, kölenin tamamen özgürleşmesi için ortaklarını satın almalıdır. Eğer parası yoksa, onu kısmen özgür bırakır.\" dediğini bana aktardı."
      }
    },
    {
      "id": 2,
      "idInBook": 2,
      "chapterId": 38,
      "bookId": 7,
      "arabic": "",
      "english": {
        "narrator": "",
        "text": "Malik said, \"The generally agreed-on way of doing things among us in the case of slave whose master makes a bequest to free part of him - a third, a fourth, a half, or any share after his death, is that only the portion of him is freed that his master has named. This is because the freeing of that portion is only obliged to take place after the death of the master because the master has the option to withdraw the bequest as long as he lives. When the slave is freed from his master, the master is a testator and the testator only has access to free what he can take from his property, being the third of the property he is allowed to bequeath, and the rest of the slave is not free because the man's property has gone out of his hands. How can the rest of the slave which belongs to other people be free when they did not initiate the setting free and did not confirm it and they do not have the wala' established for them? Only the deceased could do that. He was the one who freed him and the one for whom the wala' was confirmed. That is not to be borne by another's property unless he bequeaths within the third of his property what remains of a lave to be freed. That is a request against his partners and inheritors and the partners must not refuse the slave that when it is within the third of the dead man's property because there is no harm in that to the inheritors.\"   Malik said, \"If a man frees a third of his slave while he is critically ill, he must complete the emancipation so all of him is free from him, if it is within the third of his property that he has access to, because he is not treated in the same way as a man who frees a third of a slave after his death, because had the one who freed a third of his slave after his death lived, he could have cancelled it and the slave's being set free would be of no effect. The master who made the freeing of the third of the slave irrevocable in his illness, would still have to free all of him if he lived. If he died, the slave would be set free within the third of the bequest. That is because the command of the deceased is permissible in his third as the command of the healthy is permissible in all his property.\""
      },
      "turkish": {
        "narrator": "",
        "text": "Malik dedi ki: \"Bizim aramızda, kölenin sahibi ölümünden sonra onun bir kısmını özgür bırakma vasiyetinde bulunduğunda, özgür bırakılan kısım, sahibinin belirttiği kadardır. Bunun nedeni, o kısmın özgür bırakılmasının yalnızca sahibinin ölümünden sonra gerçekleşmesinin zorunlu olmasıdır; çünkü sahibi hayattayken vasiyetini geri alma seçeneğine sahiptir. Köle, sahibinden özgür bırakıldığında, sahibi bir vasiyetçi olur ve vasiyetçi yalnızca mülkünden alabileceği, vasiyet edebileceği üçte bir oranındaki kısmı özgür bırakma hakkına sahiptir; kölenin geri kalanı özgür değildir çünkü adamın mülkü elinden çıkmıştır. Diğer insanların sahip olduğu kölenin geri kalan kısmı nasıl özgür olabilir ki, onlar özgür bırakma işlemini başlatmamış ve onaylamamışlardır, ayrıca onlara wala' (sahiplik) da tesis edilmemiştir? Bunu yalnızca vefat eden kişi yapabilir. O, onu özgür bırakan ve wala'nın onaylandığı kişiydi. Bu, başka birinin mülkü üzerinden yüklenilemez; ancak eğer vasiyetinde, kölenin özgür bırakılacak kısmı üçte bir oranında kalırsa, bu ortaklarına ve mirasçılarına karşı bir talep olur ve ortaklar, vefat eden kişinin mülkü içinde üçte bir oranında köleyi reddetmemelidir; çünkü bu, mirasçılara zarar vermez.\" Malik dedi ki: \"Eğer bir adam, kölesinin üçte birini kritik bir hastalık sırasında özgür bırakırsa, onu tamamen özgür bırakmalıdır; eğer bu, erişebildiği mülkünün üçte birindeyse, çünkü o, vefatından sonra kölesinin üçte birini özgür bırakan bir adamla aynı muameleye tabi tutulmaz; çünkü eğer kölesinin üçte birini vefatından sonra özgür bırakan kişi hayatta olsaydı, bunu iptal edebilirdi ve kölenin özgür bırakılması geçersiz olurdu. Hastalığında kölenin üçte birinin özgür bırakılmasını geri alınamaz hale getiren sahibi, hayatta kalırsa, kölenin tamamını özgür bırakmak zorundadır. Eğer ölürse, köle vasiyetin üçte birinde özgür bırakılacaktır. Bu, vefat edenin emrinin, sağ olanın mülkü üzerindeki emri gibi geçerli olmasındandır.\""
      }
    },
    {
      "id": 3,
      "idInBook": 3,
      "chapterId": 38,
      "bookId": 7,
      "arabic": "",
      "english": {
        "narrator": "",
        "text": "Malik said, \"A master who frees a slave of his and settles his\nemancipation so that his testimony is permitted, his inviolability\ncomplete, and his right to inherit confirmed, cannot impose\nstipulations on him like what he imposes on a slave about property or\nservice, nor get him to do anything of slavery, because the Messenger\nof Allah, may Allah bless him and grant him peace, said, \"If a man\nfrees his share of a slave and has enough money to cover the full\nprice of the slave justly evaluated for him, he must give his partners\ntheir shares so the slave is completely free.\"\n\n\nMalik\ncommented, \"If he owns the slave completely, it is more proper to free\nhim completely and not mingle any slavery with it.\""
      },
      "turkish": {
        "narrator": "",
        "text": "Malik dedi ki: \"Kölesini özgür bırakan ve onun şahitliğini, dokunulmazlığını ve miras hakkını onaylayan bir sahibi, köle üzerinde mülk veya hizmet gibi şartlar koyamaz; ayrıca ona kölelikten herhangi bir şey yaptırmaz; çünkü Allah'ın Rasulü (salat ve selam üzerine olsun) dedi ki: 'Eğer bir adam kölenin bir kısmını özgür bırakır ve kölenin adil bir şekilde değerlendirilmiş tam fiyatını karşılayacak kadar parası varsa, kölesinin tamamen özgürleşmesi için ortaklarına paylarını vermelidir.'\""
      }
    },
    {
      "id": 4,
      "idInBook": 4,
      "chapterId": 38,
      "bookId": 7,
      "arabic": "حَدَّثَنِي مَالِكٌ، عَنْ يَحْيَى بْنِ سَعِيدٍ، وَعَنْ غَيْرِ، وَاحِدٍ، عَنِ الْحَسَنِ بْنِ أَبِي الْحَسَنِ الْبَصْرِيِّ، وَعَنْ مُحَمَّدِ بْنِ سِيرِينَ، أَنَّ رَجُلاً، فِي زَمَانِ رَسُولِ اللَّهِ صلى الله عليه وسلم أَعْتَقَ عَبِيدًا لَهُ سِتَّةً عِنْدَ مَوْتِهِ فَأَسْهَمَ رَسُولُ اللَّهِ صلى الله عليه وسلم بَيْنَهُمْ فَأَعْتَقَ ثُلُثَ تِلْكَ الْعَبِيدِ ‏.‏ قَالَ مَالِكٌ وَبَلَغَنِي أَنَّهُ لَمْ يَكُنْ لِذَلِكَ الرَّجُلِ مَالٌ غَيْرُهُمْ ‏.‏",
      "english": {
        "narrator": "",
        "text": "Malik related to me from Yahya ibn Said and somebody else from\nal-Hasan ibn Abi al-Hasan al-Basri and from Muhammad ibn Sirin that a\nman in the time of the Messenger of Allah, may Allah bless him and\ngrant him peace, freed six of his slaves while he was dying. The\nMessenger of Allah, may Allah bless him and grant him peace, drew lots\nbetween them and freed a third of those slaves.\n\n\nMalik added\nthat he had heard that the man did not have any property other than\nthem."
      },
      "turkish": {
        "narrator": "",
        "text": "Malik yorumladı: \"Eğer köleyi tamamen kendine ait kılarsa, onu tamamen özgür bırakması daha uygundur ve buna kölelik karıştırmamalıdır.\""
      }
    },
    {
      "id": 5,
      "idInBook": 5,
      "chapterId": 38,
      "bookId": 7,
      "arabic": "وَحَدَّثَنِي مَالِكٌ، عَنْ رَبِيعَةَ بْنِ أَبِي عَبْدِ الرَّحْمَنِ، أَنَّ رَجُلاً، فِي إِمَارَةِ أَبَانَ بْنِ عُثْمَانَ أَعْتَقَ رَقِيقًا لَهُ كُلَّهُمْ جَمِيعًا وَلَمْ يَكُنْ لَهُ مَالٌ غَيْرُهُمْ فَأَمَرَ أَبَانُ بْنُ عُثْمَانَ بِتِلْكَ الرَّقِيقِ فَقُسِمَتْ أَثْلاَثًا ثُمَّ أَسْهَمَ عَلَى أَيِّهِمْ يَخْرُجُ سَهْمُ الْمَيِّتِ فَيَعْتِقُونَ فَوَقَعَ السَّهْمُ عَلَى أَحَدِ الأَثْلاَثِ فَعَتَقَ الثُّلُثُ الَّذِي وَقَعَ عَلَيْهِ السَّهْمُ ‏.‏",
      "english": {
        "narrator": "",
        "text": "Malik related to me from Rabia ibn Abi Abd ar-Rahman that a man\nin the time of Aban ibn Uthman's amirate freed all of his slaves and\ndid not have other property than them. Aban ibn Uthman took charge of\nthe slaves and they were divided into three groups. Then he drew lots\non the basis that which ever group drew the dead man's arrow would be\nfree. The arrow fell to one of the thirds, and that third was freed."
      },
      "turkish": {
        "narrator": "",
        "text": "Malik, Yahya ibn Said'den ve Hasan ibn Abi Hasan el-Basri'den ve Muhammed ibn Sirin'den, Allah'ın Rasulü (salat ve selam üzerine olsun) zamanında bir adamın altı kölesini özgür bıraktığını, o sırada ölmekte olduğunu aktardı. Allah'ın Rasulü (salat ve selam üzerine olsun) aralarında kura çekti ve o kölelerden üçte birini özgür bıraktı."
      }
    },
    {
      "id": 6,
      "idInBook": 6,
      "chapterId": 38,
      "bookId": 7,
      "arabic": "حَدَّثَنِي مَالِكٌ، عَنِ ابْنِ شِهَابٍ، أَنَّهُ سَمِعَهُ يَقُولُ مَضَتِ السُّنَّةُ أَنَّ الْعَبْدَ إِذَا عَتَقَ تَبِعَهُ مَالُهُ ‏.‏ قَالَ مَالِكٌ وَمِمَّا يُبَيِّنُ ذَلِكَ أَنَّ الْعَبْدَ إِذَا عَتَقَ تَبِعَهُ مَالُهُ أَنَّ الْمُكَاتَبَ إِذَا كُوتِبَ تَبِعَهُ مَالُهُ وَإِنْ لَمْ يَشْتَرِطْهُ وَذَلِكَ أَنَّ عَقْدَ الْكِتَابَةِ هُوَ عَقْدُ الْوَلاَءِ إِذَا تَمَّ ذَلِكَ وَلَيْسَ مَالُ الْعَبْدِ وَالْمُكَاتَبِ بِمَنْزِلَةِ مَا كَانَ لَهُمَا مِنْ وَلَدٍ إِنَّمَا أَوْلاَدُهُمَا بِمَنْزِلَةِ رِقَابِهِمَا لَيْسُوا بِمَنْزِلَةِ أَمْوَالِهِمَا لأَنَّ السُّنَّةَ الَّتِي لاَ اخْتِلاَفَ فِيهَا أَنَّ الْعَبْدَ إِذَا عَتَقَ تَبِعَهُ مَالُهُ وَلَمْ يَتْبَعْهُ وَلَدُهُ وَأَنَّ الْمُكَاتَبَ إِذَا كُوتِبَ تَبِعَهُ مَالُهُ وَلَمْ يَتْبَعْهُ وَلَدُهُ ‏.‏ قَالَ مَالِكٌ وَمِمَّا يُبَيِّنُ ذَلِكَ أَيْضًا أَنَّ الْعَبْدَ وَالْمُكَاتَبَ إِذَا أَفْلَسَا أُخِذَتْ أَمْوَالُهُمَا وَأُمَّهَاتُ أَوْلاَدِهِمَا وَلَمْ تُؤْخَذْ أَوْلاَدُهُمَا لأَنَّهُمْ لَيْسُوا بِأَمْوَالٍ لَهُمَا ‏.‏ قَالَ مَالِكٌ وَمِمَّا يُبَيِّنُ ذَلِكَ أَيْضًا أَنَّ الْعَبْدَ إِذَا بِيعَ وَاشْتَرَطَ الَّذِي ابْتَاعَهُ مَالَهُ لَمْ يَدْخُلْ وَلَدُهُ فِي مَالِهِ ‏.‏ قَالَ مَالِكٌ وَمِمَّا يُبَيِّنُ ذَلِكَ أَيْضًا أَنَّ الْعَبْدَ إِذَا جَرَحَ أُخِذَ هُوَ وَمَالُهُ وَلَمْ يُؤْخَذْ وَلَدُهُ ‏.‏",
      "english": {
        "narrator": "",
        "text": "Malik related to me that he heard Ibn Shihab say, \"The precedent\nof the sunna is that when a slave is freed, his property follows him.\"\n\n\nMalik said, \"One thing which makes clear that the property of\na slave follows him when he is freed is that when the contract\n(mukatab) is written for his freedom, his property follows him even if\nhe did not stipulate it. That is because the bond of kitaba is the\nbond of wala' when it is complete. The property of a slave and a\nmukatab is not treated in the same way as any children they may have.\nTheir children are only treated in the same way as their own slaves,\nnot in the same way as their property. This is because the sunna, in\nwhich there is no dispute, is that when a slave is freed, his property\nfollows him and his children do not follow him, and when a mukatab\nwrites the contract for his freedom, his property follows him and his\nchildren do not follow him.\"\n\n\nMalik said, \"One thing which\nmakes that clear is that when a slave or a mukatab are bankrupt, their\nproperty is taken but the mothers of their children and their children\nare not taken because they are not their property.\"\n\n\nMalik\nsaid, \"Another thing which makes it clear is that when a slave is sold\nand the person who buys him stipulates the inclusions of his property,\nhis children are not included in his property.\"\n\n\nMalik said,\n\"Another thing which makes it clear is that when a slave does injure\nsome one, he and his property are taken, and his children are not\ntaken.\""
      },
      "turkish": {
        "narrator": "",
        "text": "Malik ekledi ki, o adamın başka bir mülkü yoktu."
      }
    },
    {
      "id": 7,
      "idInBook": 7,
      "chapterId": 38,
      "bookId": 7,
      "arabic": "حَدَّثَنِي مَالِكٌ، عَنْ نَافِعٍ، عَنْ عَبْدِ اللَّهِ بْنِ عُمَرَ، أَنَّ عُمَرَ بْنَ الْخَطَّابِ، قَالَ أَيُّمَا وَلِيدَةٍ وَلَدَتْ مِنْ سَيِّدِهَا فَإِنَّهُ لاَ يَبِيعُهَا وَلاَ يَهَبُهَا وَلاَ يُوَرِّثُهَا وَهُوَ يَسْتَمْتِعُ بِهَا فَإِذَا مَاتَ فَهِيَ حُرَّةٌ ‏.‏",
      "english": {
        "narrator": "",
        "text": "Malik related to me from Nafi from Abdullah ibn Umar that Umar\nibn al-Khattab said, \"If a slave-girl gives birth to a child by her\nmaster, he must not sell her, give her away, or bequeath her. He\nenjoys her and when he dies she is free .\""
      },
      "turkish": {
        "narrator": "",
        "text": "Malik, Rabia ibn Abi Abd ar-Rahman'dan, Aban ibn Uthman'ın emirliği zamanında bir adamın tüm kölelerini özgür bıraktığını ve başka bir mülkü olmadığını aktardı. Aban ibn Uthman kölelerin başına geçti ve onları üç gruba ayırdı. Sonra, hangi grubun ölen adamın okunu çektiğine göre kura çekti; ok bir üçte birine düştü ve o üçte bir özgür bırakıldı."
      }
    },
    {
      "id": 8,
      "idInBook": 8,
      "chapterId": 38,
      "bookId": 7,
      "arabic": "وَحَدَّثَنِي مَالِكٌ، أَنَّهُ بَلَغَهُ أَنَّ عُمَرَ بْنَ الْخَطَّابِ، أَتَتْهُ وَلِيدَةٌ قَدْ ضَرَبَهَا سَيِّدُهَا بِنَارٍ أَوْ أَصَابَهَا بِهَا فَأَعْتَقَهَا ‏.‏ قَالَ مَالِكٌ الأَمْرُ الْمُجْتَمَعُ عَلَيْهِ عِنْدَنَا أَنَّهُ لاَ تَجُوزُ عَتَاقَةُ رَجُلٍ وَعَلَيْهِ دَيْنٌ يُحِيطُ بِمَالِهِ وَأَنَّهُ لاَ تَجُوزُ عَتَاقَةُ الْغُلاَمِ حَتَّى يَحْتَلِمَ أَوْ يَبْلُغَ مَبْلَغَ الْمُحْتَلِمِ وَأَنَّهُ لاَ تَجُوزُ عَتَاقَةُ الْمُوَلَّى عَلَيْهِ فِي مَالِهِ وَإِنْ بَلَغَ الْحُلُمَ حَتَّى يَلِيَ مَالَهُ ‏.‏",
      "english": {
        "narrator": "",
        "text": "Malik related to me that he had heard that a slave-girl came to\nUmar ibn al-Khattab (who had been beaten by her master with a red hot\niron) and he set her free.\n\n\nMalik said, \"The generally agreed-\non way of doing things among us is that a man is not permitted to be\nfreed while he has a debt against him which exceeds his property. A\nboy is not allowed to be set free until he has reached puberty. The\nyoung person whose affairs are managed cannot set free in his\nproperty, even when he reaches puberty, until he manages his\nproperty.\""
      },
      "turkish": {
        "narrator": "",
        "text": "Malik, Ibn Shihab'dan, \"Sünnetin emri, bir köle özgür bırakıldığında, mülkünün onunla birlikte gittiğidir.\" dediğini aktardı."
      }
    },
    {
      "id": 9,
      "idInBook": 9,
      "chapterId": 38,
      "bookId": 7,
      "arabic": "حَدَّثَنِي مَالِكٌ، عَنْ هِلاَلِ بْنِ أُسَامَةَ، عَنْ عَطَاءِ بْنِ يَسَارٍ، عَنْ عُمَرَ بْنِ الْحَكَمِ، أَنَّهُ قَالَ أَتَيْتُ رَسُولَ اللَّهِ صلى الله عليه وسلم فَقُلْتُ يَا رَسُولَ اللَّهِ إِنَّ جَارِيَةً لِي كَانَتْ تَرْعَى غَنَمًا لِي فَجِئْتُهَا وَقَدْ فُقِدَتْ شَاةٌ مِنَ الْغَنَمِ فَسَأَلْتُهَا عَنْهَا فَقَالَتْ أَكَلَهَا الذِّئْبُ فَأَسِفْتُ عَلَيْهَا وَكُنْتُ مِنْ بَنِي آدَمَ فَلَطَمْتُ وَجْهَهَا وَعَلَىَّ رَقَبَةٌ أَفَأُعْتِقُهَا فَقَالَ لَهَا رَسُولُ اللَّهِ صلى الله عليه وسلم ‏\"‏ أَيْنَ اللَّهُ ‏\"‏ ‏.‏ فَقَالَتْ فِي السَّمَاءِ ‏.‏ فَقَالَ ‏\"‏ مَنْ أَنَا ‏\"‏ ‏.‏ فَقَالَتْ أَنْتَ رَسُولُ اللَّهِ ‏.‏ فَقَالَ رَسُولُ اللَّهِ صلى الله عليه وسلم ‏\"‏ أَعْتِقْهَا ‏\"‏ ‏.‏",
      "english": {
        "narrator": "",
        "text": "Malik related to me from Hilal ibn Usama from Ata ibn Yasar that\nUmar ibn al-Hakam said, \"I went to the Messenger of Allah, may Allah\nbless him and grant him peace, and said, 'Messenger of Allah, a slave\ngirl of mine was tending my sheep. I came to her and one of the sheep\nwas lost. I asked her about it and she said that a wolf had eaten it,\nso I became angry and I am one of the children of Adam, so I struck\nher on the face. As it happens, I have to set a slave free, shall I\nfree her?' The Messenger of Allah, may Allah bless him and grant him\npeace, questioned her, 'Where is Allah?' She said, 'In heaven.' He\nsaid, 'Who am I?' She said, 'You are the Messenger of Allah.' The\nMessenger of Allah, may Allah bless him and grant him peace, said,\n'Free her.' \""
      },
      "turkish": {
        "narrator": "",
        "text": "Malik dedi ki: \"Bir kölenin özgür bırakıldığında mülkünün onunla birlikte gittiğini açıkça gösteren bir şey, özgürlük için yazılan sözleşmede, mülkünün onunla birlikte gitmesidir; bu, şart koymasa bile geçerlidir. Çünkü kitaba bağı, tamamlandığında wala'nın bağıdır. Bir köle ve bir mukatabın mülkü, sahip oldukları çocuklarla aynı şekilde muamele görmez. Çocukları yalnızca kendi köleleriyle aynı şekilde muamele görür, mülkleriyle değil. Bunun nedeni, tartışmasız olan sünnetin, bir köle özgür bırakıldığında mülkünün onunla birlikte gitmesi ve çocuklarının onunla birlikte gitmemesidir; ve bir mukatab özgürlük sözleşmesini yazdığında, mülkü onunla birlikte gider ve çocukları onunla birlikte gitmez.\""
      }
    },
    {
      "id": 10,
      "idInBook": 10,
      "chapterId": 38,
      "bookId": 7,
      "arabic": "وَحَدَّثَنِي مَالِكٌ، عَنِ ابْنِ شِهَابٍ، عَنْ عُبَيْدِ اللَّهِ بْنِ عَبْدِ اللَّهِ بْنِ عُتْبَةَ بْنِ مَسْعُودٍ، أَنَّ رَجُلاً، مِنَ الأَنْصَارِ جَاءَ إِلَى رَسُولِ اللَّهِ صلى الله عليه وسلم بِجَارِيَةٍ لَهُ سَوْدَاءَ فَقَالَ يَا رَسُولَ اللَّهِ إِنَّ عَلَىَّ رَقَبَةً مُؤْمِنَةً فَإِنْ كُنْتَ تَرَاهَا مُؤْمِنَةً أُعْتِقُهَا ‏.‏ فَقَالَ لَهَا رَسُولُ اللَّهِ صلى الله عليه وسلم ‏\"‏ أَتَشْهَدِينَ أَنْ لاَ إِلَهَ إِلاَّ اللَّهُ ‏\"‏ ‏.‏ قَالَتْ نَعَمْ ‏.‏ قَالَ ‏\"‏ أَتَشْهَدِينَ أَنَّ مُحَمَّدًا رَسُولُ اللَّهِ قَالَتْ نَعَمْ ‏.‏ قَالَ ‏\"‏ أَتُوقِنِينَ بِالْبَعْثِ بَعْدَ الْمَوْتِ ‏\"‏ ‏.‏ قَالَتْ نَعَمْ ‏.‏ فَقَالَ رَسُولُ اللَّهِ صلى الله عليه وسلم ‏\"‏ أَعْتِقْهَا ‏\"‏ ‏.‏",
      "english": {
        "narrator": "",
        "text": "Malik related to me from Ibn Shihab from Ubaydullah ibn Abdullah\nibn Utba ibn Masud that one of the Ansar came to the Messenger of\nAllah, may Allah bless him and grant him peace, with a black slave-\ngirl of his. He said, \"Messenger of Allah, I must set a slave free who\nis a mumina. If you think that she is mumina, I will free her.\" The\nMessenger of Allah, may Allah bless him and grant him peace,\nquestioned her, \"Do you testify that there is no god but Allah?\" She\nsaid, \"Yes.\" \"Do you testify that Muhammad is the Messenger of Allah?\"\nShe said, \"Yes.\" \"Are you certain about the rising after death?\" She\nsaid, \"Yes.\" The Messenger of Allah, may Allah bless him and grant him\npeace, said, \"Free her.\""
      },
      "turkish": {
        "narrator": "",
        "text": "Malik dedi ki: \"Bunu açıkça gösteren bir şey, bir köle veya mukatab iflas ettiğinde, mülklerinin alındığı, ancak çocuklarının ve çocuklarının annelerinin alınmadığıdır; çünkü onlar mülkleri değildir.\""
      }
    },
    {
      "id": 11,
      "idInBook": 11,
      "chapterId": 38,
      "bookId": 7,
      "arabic": "وَحَدَّثَنِي مَالِكٌ، أَنَّهُ بَلَغَهُ عَنِ الْمَقْبُرِيِّ، أَنَّهُ قَالَ سُئِلَ أَبُو هُرَيْرَةَ عَنِ الرَّجُلِ، تَكُونُ عَلَيْهِ رَقَبَةٌ هَلْ يُعْتِقُ فِيهَا ابْنَ زِنًا فَقَالَ أَبُو هُرَيْرَةَ نَعَمْ ذَلِكَ يُجْزِئُ عَنْهُ ‏.‏",
      "english": {
        "narrator": "",
        "text": "Malik related to me that he had heard that al-Maqburi said that\nAbu Hurayra was asked whether a man who had to free a slave, could\nfree an illegitimate child to fulfil that obligation. Abu Hurayra\nsaid, \"Yes. That will give satisfaction for him.\""
      },
      "turkish": {
        "narrator": "",
        "text": "Malik dedi ki: \"Bir köle satıldığında ve onu satın alan kişi mülkünün dahil edilmesini şart koştuğunda, çocukları mülküne dahil edilmez.\""
      }
    },
    {
      "id": 12,
      "idInBook": 12,
      "chapterId": 38,
      "bookId": 7,
      "arabic": "وَحَدَّثَنِي مَالِكٌ، أَنَّهُ بَلَغَهُ عَنْ فَضَالَةَ بْنِ عُبَيْدٍ الأَنْصَارِيِّ، وَكَانَ، مِنْ أَصْحَابِ رَسُولِ اللَّهِ صلى الله عليه وسلم أَنَّهُ سُئِلَ عَنِ الرَّجُلِ تَكُونُ عَلَيْهِ رَقَبَةٌ هَلْ يَجُوزُ لَهُ أَنْ يُعْتِقَ وَلَدَ زِنًا قَالَ نَعَمْ ذَلِكَ يُجْزِئُ عَنْهُ ‏.‏",
      "english": {
        "narrator": "",
        "text": "Malik related to me that he had heard that Fadala ibn Ubayd al-\nAnsari who was one of the companions of the Messenger of Allah, may\nAllah bless him and grant him peace, was asked whether it was\npermissible for a man who had to free a slave to free an illegitimate\nchild. He said, \"Yes, That will give satisfaction for him.\""
      },
      "turkish": {
        "narrator": "",
        "text": "Malik dedi ki: \"Bir köle birine zarar verdiğinde, o ve mülkü alınır, ancak çocukları alınmaz.\""
      }
    },
    {
      "id": 13,
      "idInBook": 13,
      "chapterId": 38,
      "bookId": 7,
      "arabic": "حَدَّثَنِي مَالِكٌ، أَنَّهُ بَلَغَهُ أَنَّ عَبْدَ اللَّهِ بْنَ عُمَرَ، سُئِلَ عَنِ الرَّقَبَةِ الْوَاجِبَةِ، هَلْ تُشْتَرَى بِشَرْطٍ فَقَالَ لاَ ‏.‏ قَالَ مَالِكٌ وَذَلِكَ أَحْسَنُ مَا سَمِعْتُ فِي الرِّقَابِ الْوَاجِبَةِ أَنَّهُ لاَ يَشْتَرِيهَا الَّذِي يُعْتِقُهَا فِيمَا وَجَبَ عَلَيْهِ بِشَرْطٍ عَلَى أَنْ يُعْتِقَهَا لأَنَّهُ إِذَا فَعَلَ ذَلِكَ فَلَيْسَتْ بِرَقَبَةٍ تَامَّةٍ لأَنَّهُ يَضَعُ مِنْ ثَمَنِهَا لِلَّذِي يَشْتَرِطُ مِنْ عِتْقِهَا ‏.‏ قَالَ مَالِكٌ وَلاَ بَأْسَ أَنْ يَشْتَرِيَ الرَّقَبَةَ فِي التَّطَوُّعِ وَيَشْتَرِطَ أَنْ يُعْتِقَهَا ‏.‏ قَالَ مَالِكٌ إِنَّ أَحْسَنَ مَا سُمِعَ فِي الرِّقَابِ الْوَاجِبَةِ أَنَّهُ لاَ يَجُوزُ أَنْ يُعْتَقَ فِيهَا نَصْرَانِيٌّ وَلاَ يَهُودِيٌّ وَلاَ يُعْتَقُ فِيهَا مُكَاتَبٌ وَلاَ مُدَبَّرٌ وَلاَ أُمُّ وَلَدٍ وَلاَ مُعْتَقٌ إِلَى سِنِينَ وَلاَ أَعْمَى وَلاَ بَأْسَ أَنْ يُعْتَقَ النَّصْرَانِيُّ وَالْيَهُودِيُّ وَالْمَجُوسِيُّ تَطَوُّعًا لأَنَّ اللَّهَ تَبَارَكَ وَتَعَالَى قَالَ فِي كِتَابِهِ ‏{‏فَإِمَّا مَنًّا بَعْدُ وَإِمَّا فِدَاءً‏}‏ فَالْمَنُّ الْعَتَاقَةُ ‏.‏ قَالَ مَالِكٌ فَأَمَّا الرِّقَابُ الْوَاجِبَةُ الَّتِي ذَكَرَ اللَّهُ فِي الْكِتَابِ فَإِنَّهُ لاَ يُعْتَقُ فِيهَا إِلاَّ رَقَبَةٌ مُؤْمِنَةٌ ‏.‏ قَالَ مَالِكٌ وَكَذَلِكَ فِي إِطْعَامِ الْمَسَاكِينِ فِي الْكَفَّارَاتِ لاَ يَنْبَغِي أَنْ يُطْعَمَ فِيهَا إِلاَّ الْمُسْلِمُونَ وَلاَ يُطْعَمُ فِيهَا أَحَدٌ عَلَى غَيْرِ دِينِ الإِسْلاَمِ ‏.‏",
      "english": {
        "narrator": "",
        "text": "Malik related to me that he had heard that Abdullah ibn Umar was\nasked whether a slave could be bought on the specific condition that\nit was to be used to fulfil the obligation of freeing a slave, and he\nsaid, \"No.\"\n\n\nMalik said, \"That is the best of what I have\nheard on the obligation of freeing slaves. Someone who has to set a\nslave free because of an obligation on him, may not buy one on the\ncondition that he sets it free because if he does that, whatever he\nbuys is not completely a slave because he has reduced its price by the\ncondition he has made of setting it free.\"\n\n\nMalik added,\n\"There is no harm, however, in someone buying a person expressly to\nset him free.\"\n\n\nMalik said, \"The best of what I have heard on\nthe obligation of freeing slaves is that it is not permitted to free a\nchristian or a jew to fulfil it, and one does not free a mukatab or a\nmudabbar or an umm walad or a slave to be freed after a certain number\nof years, or a blind person. There is no harm in freeing a christian,\njew, or magian voluntarily, because Allah, the Blessed, the Exalted,\nsaid in His Book, 'either as a favour then or by ransom,' (Sura 47\nayat 4) The favour is setting free.\"\n\n\nMalik said, \"As for\nobligations of freeing slaves which Allah has mentioned in the Book,\none only frees a mumin slave for them.\"\n\n\nMalik said, \"It is\nlike that in feeding poor people for kaffara. One must only feed\nmuslims and one does not feed anyone outside of the deen of Islam.\""
      },
      "turkish": {
        "narrator": "",
        "text": "Malik, Nafi'den, Abdullah ibn Umar'dan, Ömer ibn al-Khattab'ın \"Eğer bir köle kızı, sahibi tarafından bir çocuk doğurursa, onu satamaz, veremez veya vasiyet edemez. O, ondan yararlanır ve öldüğünde o özgürdür.\" dediğini aktardı."
      }
    },
    {
      "id": 14,
      "idInBook": 14,
      "chapterId": 38,
      "bookId": 7,
      "arabic": "حَدَّثَنِي مَالِكٌ، عَنْ عَبْدِ الرَّحْمَنِ بْنِ أَبِي عَمْرَةَ الأَنْصَارِيِّ، أَنَّ أُمَّهُ، أَرَادَتْ أَنْ تُوصِيَ ثُمَّ أَخَّرَتْ ذَلِكَ إِلَى أَنْ تُصْبِحَ فَهَلَكَتْ وَقَدْ كَانَتْ هَمَّتْ بِأَنْ تُعْتِقَ فَقَالَ عَبْدُ الرَّحْمَنِ فَقُلْتُ لِلْقَاسِمِ بْنِ مُحَمَّدٍ أَيَنْفَعُهَا أَنْ أُعْتِقَ عَنْهَا فَقَالَ الْقَاسِمُ إِنَّ سَعْدَ بْنَ عُبَادَةَ قَالَ لِرَسُولِ اللَّهِ صلى الله عليه وسلم إِنَّ أُمِّي هَلَكَتْ فَهَلْ يَنْفَعُهَا أَنْ أُعْتِقَ عَنْهَا فَقَالَ رَسُولُ اللَّهِ صلى الله عليه وسلم ‏\n\"‏ نَعَمْ ‏\"‏ ‏.‏",
      "english": {
        "narrator": "",
        "text": "Malik related to me from Abd ar-Rahman ibn Abi Amra al-Ansari\nthat his mother had wanted to make a bequest, but she delayed until\nmorning and died. She had intended to set someone free, so Abd ar-\nRahman said, 'I said to al-Qasim ibn Muhammad, 'Will it help her if I\nfree a slave for her?' Al-Qasim replied, 'Sad ibn Ubada said to the\nMessenger of Allah, may Allah bless him and grant him peace, 'My\nmother died, will it help her if I set a slave free for her?' The\nMessenger of Allah, may Allah bless him and grant him peace, said\n\"Yes.\" \"'"
      },
      "turkish": {
        "narrator": "",
        "text": "Malik, bir köle kızının, Ömer ibn al-Khattab'a (sahibi tarafından kızgın demirle dövülen) geldiğini ve onun onu özgür bıraktığını aktardı."
      }
    },
    {
      "id": 15,
      "idInBook": 15,
      "chapterId": 38,
      "bookId": 7,
      "arabic": "وَحَدَّثَنِي مَالِكٌ، عَنْ يَحْيَى بْنِ سَعِيدٍ، أَنَّهُ قَالَ تُوُفِّيَ عَبْدُ الرَّحْمَنِ بْنُ أَبِي بَكْرٍ فِي نَوْمٍ نَامَهُ فَأَعْتَقَتْ عَنْهُ عَائِشَةُ زَوْجُ النَّبِيِّ صلى الله عليه وسلم رِقَابًا كَثِيرَةً ‏.‏ قَالَ مَالِكٌ وَهَذَا أَحَبُّ مَا سَمِعْتُ إِلَىَّ فِي ذَلِكَ ‏.‏",
      "english": {
        "narrator": "",
        "text": "Malik related to me that Yahya ibn Said said, ''Abd ar-Rahman ibn\nAbi Bakr died in his sleep, and A'isha, the wife of the Prophet, may\nAllah bless him and grant him peace, set free many slaves for him.\"\nMalik said, \"This is what I like best of what I have heard on the\nsubject.\""
      },
      "turkish": {
        "narrator": "",
        "text": "Malik dedi ki: \"Bizim aramızda genel olarak kabul edilen uygulama, bir adamın, mülkü kendisinden fazla olan bir borcu varken özgür bırakılmasına izin verilmemesidir. Bir çocuğun ergenliğe ulaşmadan özgür bırakılması yasaktır. İşleri yönetilen genç, mülkünde özgür bırakma işlemi yapamaz; ergenliğe ulaşsa bile, mülkünü yönetene kadar özgür bırakamaz.\""
      }
    },
    {
      "id": 16,
      "idInBook": 16,
      "chapterId": 38,
      "bookId": 7,
      "arabic": "حَدَّثَنِي مَالِكٌ، عَنْ هِشَامِ بْنِ عُرْوَةَ، عَنْ أَبِيهِ، عَنْ عَائِشَةَ، زَوْجِ النَّبِيِّ صلى الله عليه وسلم أَنَّ رَسُولَ اللَّهِ صلى الله عليه وسلم سُئِلَ عَنِ الرِّقَابِ أَيُّهَا أَفْضَلُ فَقَالَ رَسُولُ اللَّهِ صلى الله عليه وسلم ‏\n\"‏ أَغْلاَهَا ثَمَنًا وَأَنْفَسُهَا عِنْدَ أَهْلِهَا ‏\"‏ ‏.‏",
      "english": {
        "narrator": "",
        "text": "Malik related to me from Hisham ibn Urwa from his father from\nA'isha, the wife of the Prophet, may Allah bless him and grant him\npeace, that the Messenger of Allah, may Allah bless him and grant him\npeace, was asked what was the most excellent kind of slave to free.\nThe Messenger of Allah, May Allah bless him and grant him peace,\nanswered, \"The most expensive and the most valuable to his master.\""
      },
      "turkish": {
        "narrator": "",
        "text": "Malik, Hişam ibn Urva'dan, babasından, Peygamberin eşi Aişe'den, Allah ona rahmet eylesin, şöyle rivayet etti: Allah'ın Resulü, Allah ona rahmet eylesin, özgür bırakılacak en üstün kölenin hangisi olduğu soruldu. Allah'ın Resulü, Allah ona rahmet eylesin, \"En pahalı ve efendisine en değerli olanıdır.\" diye cevap verdi."
      }
    },
    {
      "id": 17,
      "idInBook": 17,
      "chapterId": 38,
      "bookId": 7,
      "arabic": "وَحَدَّثَنِي مَالِكٌ، عَنْ نَافِعٍ، عَنْ عَبْدِ اللَّهِ بْنِ عُمَرَ، أَنَّهُ أَعْتَقَ وَلَدَ زِنًا وَأُمَّهُ ‏.‏",
      "english": {
        "narrator": "",
        "text": "Malik related to me from Nafi that Abdullah ibn Umar freed an\nillegitimate child and its mother."
      },
      "turkish": {
        "narrator": "",
        "text": "Malik, Nafi'den, Abdullah ibn Umar'ın bir gayri meşru çocuğu ve annesini özgür bıraktığını rivayet etti."
      }
    },
    {
      "id": 18,
      "idInBook": 18,
      "chapterId": 38,
      "bookId": 7,
      "arabic": "حَدَّثَنِي مَالِكٌ، عَنْ هِشَامِ بْنِ عُرْوَةَ، عَنْ أَبِيهِ، عَنْ عَائِشَةَ، زَوْجِ النَّبِيِّ صلى الله عليه وسلم أَنَّهَا قَالَتْ جَاءَتْ بَرِيرَةُ فَقَالَتْ إِنِّي كَاتَبْتُ أَهْلِي عَلَى تِسْعِ أَوَاقٍ فِي كُلِّ عَامٍ أُوْقِيَّةٌ فَأَعِينِينِي ‏.‏ فَقَالَتْ عَائِشَةُ إِنْ أَحَبَّ أَهْلُكِ أَنْ أَعُدَّهَا لَهُمْ عَنْكِ عَدَدْتُهَا وَيَكُونَ لِي وَلاَؤُكِ فَعَلْتُ ‏.‏ فَذَهَبَتْ بَرِيرَةُ إِلَى أَهْلِهَا فَقَالَتْ لَهُمْ ذَلِكَ فَأَبَوْا عَلَيْهَا فَجَاءَتْ مِنْ عِنْدِ أَهْلِهَا وَرَسُولُ اللَّهِ صلى الله عليه وسلم جَالِسٌ فَقَالَتْ لِعَائِشَةَ إِنِّي قَدْ عَرَضْتُ عَلَيْهِمْ ذَلِكَ فَأَبَوْا عَلَىَّ إِلاَّ أَنْ يَكُونَ الْوَلاَءُ لَهُمْ ‏.‏ فَسَمِعَ ذَلِكَ رَسُولُ اللَّهِ صلى الله عليه وسلم فَسَأَلَهَا فَأَخْبَرَتْهُ عَائِشَةُ فَقَالَ رَسُولُ اللَّهِ صلى الله عليه وسلم ‏\"‏ خُذِيهَا وَاشْتَرِطِي لَهُمُ الْوَلاَءَ فَإِنَّمَا الْوَلاَءُ لِمَنْ أَعْتَقَ ‏\"‏ ‏.‏ فَفَعَلَتْ عَائِشَةُ ثُمَّ قَامَ رَسُولُ اللَّهِ صلى الله عليه وسلم فِي النَّاسِ فَحَمِدَ اللَّهَ وَأَثْنَى عَلَيْهِ ثُمَّ قَالَ ‏\"‏ أَمَّا بَعْدُ فَمَا بَالُ رِجَالٍ يَشْتَرِطُونَ شُرُوطًا لَيْسَتْ فِي كِتَابِ اللَّهِ مَا كَانَ مِنْ شَرْطٍ لَيْسَ فِي كِتَابِ اللَّهِ فَهُوَ بَاطِلٌ وَإِنْ كَانَ مِائَةَ شَرْطٍ قَضَاءُ اللَّهِ أَحَقُّ وَشَرْطُ اللَّهِ أَوْثَقُ وَإِنَّمَا الْوَلاَءُ لِمَنْ أَعْتَقَ ‏\"‏ ‏.‏",
      "english": {
        "narrator": "",
        "text": "Malik related to me from Hisham ibn Urwa from his father that\nA'isha, the wife of the Prophet, may Allah bless him and grant him\npeace, said, \"Barira came to me and said, 'I have written myself as\nmukatab for my people for nine uqiyas, one uqiya per year, so help\nme.' A'isha said, 'If your people agree that I pay it all to them for\nyou, and that if I pay it, your wala' is mine, then I will do it.'\nBarira went to her masters and told them that and they didn't agree.\nShe came back from her masters while the Messenger of Allah, may Allah\nbless him and grant him peace, was sitting. She said to A'isha, 'I\noffered that to them and they refused me unless they had the wala'.'\nThe Messenger of Allah, may Allah bless him and grant him peace, heard\nthat and asked her about it A'isha told him and the Messenger of\nAllah, may Allah bless him and grant him peace, said, 'Take her and\nstipulate that the wala' is yours, for the wala' is for the one who\nsets free.' So A'isha did that and then the Messenger of Allah, may\nAllah bless him and grant him peace, stood up in front of the people,\nand praised Allah and gave thanks to Him. Then he said, 'What is wrong\nwith the people who make conditions which are not in the Book of\nAllah? Any condition which is not in the Book of Allah is invalid even\nif it is a hundred conditions. The decree of Allah is truer and the\nconditions of Allah are firmer, and the wala' only belongs to the one\nwho sets free.' \""
      },
      "turkish": {
        "narrator": "",
        "text": "Malik, Hişam ibn Urva'dan, babasından, Aişe'den, Allah ona rahmet eylesin, şöyle dediğini rivayet etti: \"Barira bana geldi ve 'Ben halkım için dokuz uqiya karşılığında kendimi mukatab olarak yazdım, her yıl bir uqiya, bana yardım et' dedi. Aişe, 'Eğer halkın benim senin için hepsini ödememi kabul ederse ve ben ödersem, senin wala'n benimdir, o zaman bunu yaparım.' dedi. Barira efendilerine gitti ve bunu onlara söyledi, ama kabul etmediler. Barira, Allah'ın Resulü, Allah ona rahmet eylesin, otururken efendilerinden geri döndü. Aişe'ye, 'Onlara bunu teklif ettim ama wala'ı almadıkça kabul etmediler.' dedi. Allah'ın Resulü, Allah ona rahmet eylesin, bunu duydu ve ona sordu. Aişe ona anlattı ve Allah'ın Resulü, Allah ona rahmet eylesin, 'Onu al ve wala'nın senin olduğunu şart koş, çünkü wala, özgür bırakanındır.' dedi. Aişe bunu yaptı ve sonra Allah'ın Resulü, Allah ona rahmet eylesin, insanların önünde ayağa kalktı, Allah'ı övdü ve ona şükretti. Sonra dedi ki, 'Allah'ın Kitabı'nda olmayan şartlar koyan insanlar hakkında ne oluyor? Allah'ın Kitabı'nda olmayan her şart geçersizdir, hatta yüz şart olsa bile. Allah'ın hükmü daha doğrudur ve Allah'ın şartları daha sağlamdır, wala ise sadece özgür bırakana aittir.'\""
      }
    },
    {
      "id": 19,
      "idInBook": 19,
      "chapterId": 38,
      "bookId": 7,
      "arabic": "وَحَدَّثَنِي مَالِكٌ، عَنْ نَافِعٍ، عَنْ عَبْدِ اللَّهِ بْنِ عُمَرَ، أَنَّ عَائِشَةَ أُمَّ الْمُؤْمِنِينَ، أَرَادَتْ أَنْ تَشْتَرِيَ جَارِيَةً تُعْتِقُهَا فَقَالَ أَهْلُهَا نَبِيعُكِهَا عَلَى أَنَّ وَلاَءَهَا لَنَا فَذَكَرَتْ ذَلِكَ لِرَسُولِ اللَّهِ صلى الله عليه وسلم فَقَالَ ‏\n\"‏ لاَ يَمْنَعَنَّكِ ذَلِكَ فَإِنَّمَا الْوَلاَءُ لِمَنْ أَعْتَقَ ‏\"‏ ‏.‏",
      "english": {
        "narrator": "",
        "text": "Malik related to me from Nafi from Abdullah ibn Umar that A'isha\numm al-muminin wanted to buy a slave-girl and set her free. Her people\nsaid, \"We will sell her to you provided that her wala' is ours.\" She\nmentioned that to the Messenger of Allah, may Allah bless him and\ngrant him peace, and he said, \"Don't let that hinder you, for the\nwala' only belongs to the one who sets free.\""
      },
      "turkish": {
        "narrator": "",
        "text": "Malik, Nafi'den, Abdullah ibn Umar'dan, Aişe, müminlerin annesi, bir cariye satın almak ve onu özgür bırakmak istediğini rivayet etti. Halkı, \"Onu sana satarız, ancak wala'ı bizimdir.\" dediler. Aişe bunu Allah'ın Resulü, Allah ona rahmet eylesin, ona bildirdi ve o da, \"Bunun seni engellemesine izin verme, çünkü wala sadece özgür bırakana aittir.\" dedi."
      }
    },
    {
      "id": 20,
      "idInBook": 20,
      "chapterId": 38,
      "bookId": 7,
      "arabic": "وَحَدَّثَنِي مَالِكٌ، عَنْ يَحْيَى بْنِ سَعِيدٍ، عَنْ عَمْرَةَ بِنْتِ عَبْدِ الرَّحْمَنِ، أَنَّ بَرِيرَةَ، جَاءَتْ تَسْتَعِينُ عَائِشَةَ أُمَّ الْمُؤْمِنِينَ فَقَالَتْ عَائِشَةُ إِنْ أَحَبَّ أَهْلُكِ أَنْ أَصُبَّ لَهُمْ ثَمَنَكِ صَبَّةً وَاحِدَةً  وَأُعْتِقَكِ فَعَلْتُ ‏.‏ فَذَكَرَتْ ذَلِكَ بَرِيرَةُ لأَهْلِهَا فَقَالُوا لاَ إِلاَّ أَنْ يَكُونَ لَنَا وَلاَؤُكِ ‏.‏ قَالَ يَحْيَى بْنُ سَعِيدٍ فَزَعَمَتْ عَمْرَةُ أَنَّ عَائِشَةَ ذَكَرَتْ ذَلِكَ لِرَسُولِ اللَّهِ صلى الله عليه وسلم فَقَالَ رَسُولُ اللَّهِ صلى الله عليه وسلم ‏\n\"‏ اشْتَرِيهَا وَأَعْتِقِيهَا فَإِنَّمَا الْوَلاَءُ لِمَنْ أَعْتَقَ ‏\"‏ ‏.‏",
      "english": {
        "narrator": "",
        "text": "Malik related to me from Yahya ibn Said from Amra bint Abd ar-\nRahman that Barira came asking the help of A'isha, umm al-muminin.\nA'isha said, \"If your masters agree that I pay them your price in one\nlump sum and set you free I will do it.\" Barira mentioned that to her\nmasters and they said, \"No, not unless your wala' is ours.\" Yahya ibn\nSaid added that Amra bint Abd ar-Rahman claimed that A'isha mentioned\nthat to the Messenger of Allah, may Allah bless him and grant him\npeace, and the Messenger of Allah, may Allah bless him and grant him\npeace said, \"Buy her and set her free. The wala' only belongs to the\none who sets free.\""
      },
      "turkish": {
        "narrator": "",
        "text": "Malik, Yahya ibn Said'den, Amra bint Abd ar-Rahman'dan, Barira'nın Aişe, müminlerin annesinden yardım istediğini rivayet etti. Aişe, \"Eğer efendilerin kabul ederse, ben onlara senin bedelini peşin ödeyip seni özgür bırakacağım.\" dedi. Barira bunu efendilerine iletti ve onlar, \"Hayır, wala'n bizim olmadıkça kabul etmeyiz.\" dediler. Yahya ibn Said, Amra bint Abd ar-Rahman'ın Aişe'nin bunu Allah'ın Resulü, Allah ona rahmet eylesin, ona bildirdiğini ve Allah'ın Resulü, Allah ona rahmet eylesin, \"Onu satın al ve özgür bırak. Wala sadece özgür bırakana aittir.\" dediğini ekledi."
      }
    },
    {
      "id": 21,
      "idInBook": 21,
      "chapterId": 38,
      "bookId": 7,
      "arabic": "وَحَدَّثَنِي مَالِكٌ، عَنْ عَبْدِ اللَّهِ بْنِ دِينَارٍ، عَنْ عَبْدِ اللَّهِ بْنِ عُمَرَ، أَنَّ رَسُولَ اللَّهِ صلى الله عليه وسلم نَهَى عَنْ بَيْعِ الْوَلاَءِ وَعَنْ هِبَتِهِ ‏.‏",
      "english": {
        "narrator": "",
        "text": "Malik related to me from Abdullah ibn Dinar from Abdullah ibn Umar that the Messenger of Allah, may Allah bless him and grant him peace, forbade selling or giving away the wala'."
      },
      "turkish": {
        "narrator": "",
        "text": "Malik, Abdullah ibn Dinar'dan, Abdullah ibn Umar'dan, Allah'ın Resulü, Allah ona rahmet eylesin, wala'nın satılmasını veya verilmesini yasakladığını rivayet etti."
      }
    },
    {
      "id": 22,
      "idInBook": 22,
      "chapterId": 38,
      "bookId": 7,
      "arabic": "",
      "english": {
        "narrator": "",
        "text": "Malik said that it was not permissible for a slave to buy himself from his master on the provision that he could give the wala' to whomever he wished as the wala' was for the one who set him free, and that had a man given permission to his mawla to give the wala' to whomever he wished, that would not have been permitted, because the Messenger of Allah, may Allah bless him and grant him peace, had said, \"The wala' is for the one who sets free. \" The Messenger of Allah, may Allah bless him and grant him peace, forbade selling or giving away the wala'. For if it was permitted to the master to stipulate that for him and to give him permission to give the wala' to whomever he liked, that would be a gift."
      },
      "turkish": {
        "narrator": "",
        "text": "Malik, bir kölenin efendisinden kendisini satın almasının, wala'yı istediği kişiye verme şartıyla caiz olmadığını söyledi, çünkü wala özgür bırakana aittir. Eğer bir adam, efendisinin ona wala'yı istediği kişiye verme izni vermesi durumunda, bu izin verilmezdi, çünkü Allah'ın Resulü, Allah ona rahmet eylesin, \"Wala özgür bırakana aittir.\" demiştir. Allah'ın Resulü, Allah ona rahmet eylesin, wala'nın satılmasını veya verilmesini yasakladı. Eğer efendiye bunu şart koşmak ve ona istediği kişiye wala'yı verme izni vermek caiz olsaydı, bu bir hediye olurdu."
      }
    },
    {
      "id": 23,
      "idInBook": 23,
      "chapterId": 38,
      "bookId": 7,
      "arabic": "حَدَّثَنِي مَالِكٌ، عَنْ رَبِيعَةَ بْنِ أَبِي عَبْدِ الرَّحْمَنِ، ‏.‏ أَنَّ الزُّبَيْرَ بْنَ الْعَوَّامِ، اشْتَرَى عَبْدًا فَأَعْتَقَهُ وَلِذَلِكَ الْعَبْدِ بَنُونَ مِنِ امْرَأَةٍ حُرَّةٍ فَلَمَّا أَعْتَقَهُ الزُّبَيْرُ قَالَ هُمْ مَوَالِيَّ ‏.‏ وَقَالَ مَوَالِي أُمِّهِمْ بَلْ هُمْ مَوَالِينَا ‏.‏ فَاخْتَصَمُوا إِلَى عُثْمَانَ بْنِ عَفَّانَ فَقَضَى عُثْمَانُ لِلزُّبَيْرِ بِوَلاَئِهِمْ ‏.‏",
      "english": {
        "narrator": "",
        "text": "Malik related to me from Rabia ibn Abd ar-Rahman that az-Zubayr ibn al-Awwam bought a slave and set him free. The slave had children by a free woman. When az-Zubayr freed him, he said, \"They are my mawali.\" The man argued, \"They are the mawali of their mother. Rather, they are our mawali.\" They took the dispute to Uthman ibn Affan, and Uthman gave a judgement that az-Zubayr had their wala'."
      },
      "turkish": {
        "narrator": "",
        "text": "Malik, Rabia ibn Abd ar-Rahman'dan, az-Zubayr ibn al-Awwam'ın bir köle satın alıp onu özgür bıraktığını rivayet etti. Kölenin bir özgür kadınla çocukları oldu. Az-Zubayr onu özgür bıraktığında, \"Onlar benim mawali'mdir.\" dedi. Adam, \"Onlar annelerinin mawali'sidir. Aksine, onlar bizim mawali'mizdir.\" diye itiraz etti. Anlaşmazlıklarını Uthman ibn Affan'a götürdüler ve Uthman, az-Zubayr'ın onların wala'sına sahip olduğuna dair bir hüküm verdi."
      }
    },
    {
      "id": 24,
      "idInBook": 24,
      "chapterId": 38,
      "bookId": 7,
      "arabic": "وَحَدَّثَنِي مَالِكٌ، أَنَّهُ بَلَغَهُ أَنَّ سَعِيدَ بْنَ الْمُسَيَّبِ، سُئِلَ عَنْ عَبْدٍ لَهُ، وَلَدٌ مِنِ امْرَأَةٍ حُرَّةٍ لِمَنْ وَلاَؤُهُمْ فَقَالَ سَعِيدٌ إِنْ مَاتَ أَبُوهُمْ وَهُوَ عَبْدٌ لَمْ يُعْتَقْ فَوَلاَؤُهُمْ لِمَوَالِي أُمِّهِمْ ‏.‏ قَالَ مَالِكٌ وَمَثَلُ ذَلِكَ وَلَدُ الْمُلاَعَنَةِ مِنَ الْمَوَالِي يُنْسَبُ إِلَى مَوَالِي أُمِّهِ فَيَكُونُونَ هُمْ مَوَالِيَهُ إِنْ مَاتَ وَرِثُوهُ وَإِنْ جَرَّ جَرِيرَةً عَقَلُوا عَنْهُ فَإِنِ اعْتَرَفَ بِهِ أَبُوهُ أُلْحِقَ بِهِ وَصَارَ وَلاَؤُهُ إِلَى مَوَالِي أَبِيهِ وَكَانَ مِيرَاثُهُ لَهُمْ وَعَقْلُهُ عَلَيْهِمْ وَيُجْلَدُ أَبُوهُ الْحَدَّ ‏.‏ قَالَ مَالِكٌ وَكَذَلِكَ الْمَرْأَةُ الْمُلاَعِنَةُ مِنَ الْعَرَبِ إِذَا اعْتَرَفَ زَوْجُهَا الَّذِي لاَعَنَهَا بِوَلَدِهَا صَارَ بِمِثْلِ هَذِهِ الْمَنْزِلَةِ إِلاَّ أَنَّ بَقِيَّةَ مِيرَاثِهِ بَعْدَ مِيرَاثِ أُمِّهِ وَإِخْوَتِهِ لأُمِّهِ لِعَامَّةِ الْمُسْلِمِينَ مَا لَمْ يُلْحَقْ بِأَبِيهِ وَإِنَّمَا وَرَّثَ وَلَدُ الْمُلاَعَنَةِ الْمُوَالاَةَ مَوَالِيَ أُمِّهِ قَبْلَ أَنْ يَعْتَرِفَ بِهِ أَبُوهُ لأَنَّهُ لَمْ يَكُنْ لَهُ نَسَبٌ وَلاَ عَصَبَةٌ فَلَمَّا ثَبَتَ نَسَبُهُ صَارَ إِلَى عَصَبَتِهِ ‏.‏ قَالَ مَالِكٌ الأَمْرُ الْمُجْتَمَعُ عَلَيْهِ عِنْدَنَا فِي وَلَدِ الْعَبْدِ مِنِ امْرَأَةٍ حُرَّةٍ وَأَبُو الْعَبْدِ حُرٌّ أَنَّ الْجَدَّ أَبَا الْعَبْدِ يَجُرُّ وَلاَءَ وَلَدِ ابْنِهِ الأَحْرَارِ مِنِ امْرَأَةٍ حُرَّةٍ يَرِثُهُمْ مَا دَامَ أَبُوهُمْ عَبْدًا فَإِنْ عَتَقَ أَبُوهُمْ رَجَعَ الْوَلاَءُ إِلَى مَوَالِيهِ وَإِنْ مَاتَ وَهُوَ عَبْدٌ كَانَ الْمِيرَاثُ وَالْوَلاَءُ لِلْجَدِّ وَإِنِ الْعَبْدُ كَانَ لَهُ ابْنَانِ حُرَّانِ فَمَاتَ أَحَدُهُمَا وَأَبُوهُ عَبْدٌ جَرَّ الْجَدُّ أَبُو الأَبِ الْوَلاَءَ وَالْمِيرَاثَ ‏.‏ قَالَ مَالِكٌ فِي الأَمَةِ تُعْتَقُ وَهِيَ حَامِلٌ وَزَوْجُهَا مَمْلُوكٌ ثُمَّ يَعْتِقُ زَوْجُهَا قَبْلَ أَنْ تَضَعَ حَمْلَهَا أَوْ بَعْدَ مَا تَضَعُ إِنَّ وَلاَءَ مَا كَانَ فِي بَطْنِهَا لِلَّذِي أَعْتَقَ أُمَّهُ لأَنَّ ذَلِكَ الْوَلَدَ قَدْ كَانَ أَصَابَهُ الرِّقُّ قَبْلَ أَنْ تُعْتَقَ أُمُّهُ وَلَيْسَ هُوَ بِمَنْزِلَةِ الَّذِي تَحْمِلُ بِهِ أُمُّهُ بَعْدَ الْعَتَاقَةِ لأَنَّ الَّذِي تَحْمِلُ بِهِ أُمُّهُ بَعْدَ الْعَتَاقَةِ إِذَا أُعْتِقَ أَبُوهُ جَرَّ وَلاَءَهُ ‏.‏ قَالَ مَالِكٌ فِي الْعَبْدِ يَسْتَأْذِنُ سَيِّدَهُ أَنْ يُعْتِقَ عَبْدًا لَهُ فَيَأْذَنَ لَهُ سَيِّدُهُ إِنَّ وَلاَءَ الْعَبْدِ الْمُعْتَقِ",
      "english": {
        "narrator": "",
        "text": "Malik related to me that he had heard that Said ibn al-Musayyab was asked who had the wala' of the children whom a slave had by a free woman. Said said, \"If their father dies and he is a slave who was not set free, their wala' belongs to the mawali of their mother.\"   Malik said, \"That is like the child of a woman who is a mawla who has been divorced by lian; the child is attached to the mawali of his mother and they are his mawali. If he dies, they inherit from him. If he commits a crime, they pay the blood-money for him. If his father acknowledges him, he is given a kinship to him and his wala' goes to the mawali of his father. They are his heirs, they pay his blood-money and his father is punished with the hadd-punishment.\"   Malik said, \"It is like that with a free-born woman divorced by lian. If her husband who curses her by lian does not acknowledge her child, the child is dealt with in the same way except that the rest of his inheritance after the inheritance of his mother and his brothers from his mother goes to all the muslims as long as he was not given kinship to his father. The child of the lian is attached to the patronage of the mawali of his mother until his father acknowledges him because he does not have a lineage or paternal relations. If his lineage is confirmed, it goes to his paternal relations.\"   Malik said, \"The generally agreed-on way of doing things among us about a child of a slave by a free woman, while the father of the slave is free, is that the grandfather (the father of the slave), attracts the wala' of his son's free children by a free woman. They leave their inheritance to him as long as their father is a slave. If the father becomes free, the wala' returns to his mawali. If he dies and he is still a slave, the inheritance and the wala' go to the grandfather. If the slave has two free sons, and one of them dies while the father is still a slave, the grandfather, the father of the father, attracts the wala' and the inheritance.\"   Malik spoke about a slave-girl who was set free while she was pregnant and her husband was a slave and then her husband became free before she gave birth, or after she gave birth. He said, \"The wala' of what is in her womb goes to the person who set the mother free because slavery touched the child before the mother was set free. It is not treated in the same way as a child conceived by its mother after she has been set free because the wala' of such a child, is attracted by the father when he is set free.\"   Malik said that if a slave asked his master's permission to free a slave of his and his master gave permission, the wala' of the freed slave went to the master of his master, and his wala' did not return to the master who had set him free, even if he were to become free himself.\""
      },
      "turkish": {
        "narrator": "",
        "text": "Malik, Said ibn al-Musayyab'ın, bir kölenin özgür bir kadınla çocuklarının wala'sının kime ait olduğu sorulduğunda, \"Eğer babası ölürse ve o özgür bırakılmamış bir köle ise, onların wala'sı annelerinin mawali'sine aittir.\" dediğini duyduğunu rivayet etti. Malik, \"Bu, lian ile boşanmış bir kadın kölenin çocuğu gibidir; çocuk annesinin mawali'sine bağlıdır ve onlar onun mawali'sidir. Eğer ölürse, onlardan miras alırlar. Eğer bir suç işlerse, onun kan bedelini öderler. Eğer babası onu tanırsa, ona akrabalık verilir ve wala'sı babasının mawali'sine geçer. Onlar onun mirasçılarıdır, kan bedelini öderler ve babası hadd cezası ile cezalandırılır.\" dedi. Malik, \"Bu, lian ile boşanmış özgür doğmuş bir kadınla da böyledir. Eğer lian ile onu lanetleyen kocası çocuğunu tanımazsa, çocuk aynı şekilde muamele görür, tek farkı, annesinin mirasından ve annesinin kardeşlerinden sonra kalan miras, babasına akrabalık verilmediği sürece tüm Müslümanlara aittir. Lian çocuğu, annesinin mawali'sinin himayesine bağlıdır, ta ki babası onu tanıyana kadar, çünkü onun bir soy veya babalık ilişkisi yoktur. Eğer soyu doğrulanırsa, babalık ilişkisi ona geçer.\" dedi. Malik, \"Bizim aramızda, babası özgür olan bir kölenin özgür bir kadınla çocuğu hakkında genel olarak kabul edilen yöntem, büyükbabanın (kölenin babası) özgür kadınla olan çocuklarının wala'sını çekmesidir. Onlar, babaları köle olduğu sürece miraslarını ona bırakırlar. Eğer baba özgürleşirse, wala'sı onun mawali'sine döner. Eğer ölürse ve hala köle ise, miras ve wala büyükbabaya geçer. Eğer kölenin iki özgür oğlu varsa ve bunlardan biri babası hala köle iken ölürse, büyükbaba, babanın babası, wala'yı ve mirası çeker.\" dedi. Malik, hamile olarak özgür bırakılan bir cariyeden ve kocasının köle olmasından bahsetti ve sonra kocası doğumdan önce veya doğumdan sonra özgürleşirse, \"Onun karnındaki şeyin wala'sı, anneyi özgür bırakan kişiye aittir, çünkü kölelik çocuğa, anne özgür bırakılmadan önce dokunmuştur. Bu, annesi özgür bırakıldıktan sonra hamile kalan bir çocukla aynı şekilde muamele görmez, çünkü böyle bir çocuğun wala'sı, babası özgürleştiğinde ona aittir.\" dedi. Malik, eğer bir köle, efendisinden bir kölesini özgür bırakma izni isterse ve efendisi izin verirse, özgür bırakılan kölenin wala'sının efendisine gideceğini ve onu özgür bırakan efendisine geri dönmeyeceğini, hatta kendisi özgürleşse bile, söyledi."
      }
    },
    {
      "id": 25,
      "idInBook": 25,
      "chapterId": 38,
      "bookId": 7,
      "arabic": "حَدَّثَنِي مَالِكٌ، عَنْ عَبْدِ اللَّهِ بْنِ أَبِي بَكْرِ بْنِ مُحَمَّدِ بْنِ عَمْرِو بْنِ حَزْمٍ، عَنْ عَبْدِ الْمَلِكِ بْنِ أَبِي بَكْرِ بْنِ عَبْدِ الرَّحْمَنِ بْنِ الْحَارِثِ بْنِ هِشَامٍ، عَنْ أَبِيهِ، أَنَّهُ أَخْبَرَهُ أَنَّ الْعَاصِيَ بْنَ هِشَامٍ هَلَكَ وَتَرَكَ بَنِينَ لَهُ ثَلاَثَةً اثْنَانِ لأُمٍّ وَرَجُلٌ لِعَلَّةٍ فَهَلَكَ أَحَدُ اللَّذَيْنِ لأُمٍّ وَتَرَكَ مَالاً وَمَوَالِيَ فَوَرِثَهُ أَخُوهُ لأَبِيهِ وَأُمِّهِ مَالَهُ وَوَلاَءَهُ مَوَالِيهِ ثُمَّ هَلَكَ الَّذِي وَرِثَ الْمَالَ وَوَلاَءَ الْمَوَالِي وَتَرَكَ ابْنَهُ وَأَخَاهُ لأَبِيهِ فَقَالَ ابْنُهُ قَدْ أَحْرَزْتُ مَا كَانَ أَبِي أَحْرَزَ مِنَ الْمَالِ وَوَلاَءِ الْمَوَالِي وَقَالَ أَخُوهُ لَيْسَ كَذَلِكَ إِنَّمَا أَحْرَزْتَ الْمَالَ وَأَمَّا وَلاَءُ الْمَوَالِي فَلاَ أَرَأَيْتَ لَوْ هَلَكَ أَخِي الْيَوْمَ أَلَسْتُ أَرِثُهُ أَنَا فَاخْتَصَمَا إِلَى عُثْمَانَ بْنِ عَفَّانَ فَقَضَى لأَخِيهِ بِوَلاَءِ الْمَوَالِي ‏.‏",
      "english": {
        "narrator": "",
        "text": "Malik related to me from Abdullah ibn Abi Bakr ibn Muhammad ibn\nAmr ibn Hazm from Abd al-Malik ibn Abi Bakr ibn Abd ar-Rahman ibn al-\nHarith ibn Hisham that his father told him that al-Asi ibn Hisham had\ndied and left three sons, two by one wife and one by another wife. One\nof the two with the same mother died and left property and mawali. His\nfull brother inherited his property and the wala' of his mawali. Then\nhe also died, and left as heirs his son and his paternal half brother.\nHis son said, \"I obtain what my father inherited of property and the\nwala' of the mawali.\" His brother said, \"It is not like that. You\nobtain the property. As for the wala' of the mawali, it is not so. Do\nyou think that had it been my first brother who died today, I would\nnot have inherited from him?\" They argued and went to Uthman ibn\nAffan. He gave a judgement that the brother had the wala' of the\nmawali."
      },
      "turkish": {
        "narrator": "",
        "text": "Malik, Abdullah ibn Abi Bakr ibn Muhammad ibn Amr ibn Hazm'dan, Abd al-Malik ibn Abi Bakr ibn Abd ar-Rahman ibn al-Harith ibn Hisham'dan, babasının ona, al-Asi ibn Hisham'ın öldüğünü ve geride üç oğlu bıraktığını, bunlardan ikisinin bir eşten, birinin ise başka bir eşten olduğunu söylediğini rivayet etti. Aynı anneden olan iki oğuldan biri öldü ve mal bıraktı ve mawali. Tam kardeşi, onun malı ve mawali'sinin wala'sını miras aldı. Sonra o da öldü ve mirasçıları oğlu ve babasının üvey kardeşi oldu. Oğlu, \"Ben babamın mirasından mal ve mawali'nin wala'sını alıyorum.\" dedi. Kardeşi, \"Öyle değil. Sen malı alırsın. Mawali'nin wala'sı böyle değil. Bugün benim ilk kardeşim ölmüş olsaydı, ondan miras almaz mıydım?\" diye itiraz etti. Tartıştılar ve Uthman ibn Affan'a gittiler. O, kardeşin mawali'nin wala'sına sahip olduğuna dair bir hüküm verdi."
      }
    },
    {
      "id": 26,
      "idInBook": 26,
      "chapterId": 38,
      "bookId": 7,
      "arabic": "وَحَدَّثَنِي مَالِكٌ، عَنْ عَبْدِ اللَّهِ بْنِ أَبِي بَكْرِ بْنِ حَزْمٍ، أَنَّهُ أَخْبَرَهُ أَبُوهُ، أَنَّهُ كَانَ جَالِسًا عِنْدَ أَبَانَ بْنِ عُثْمَانَ فَاخْتَصَمَ إِلَيْهِ نَفَرٌ مِنْ جُهَيْنَةَ وَنَفَرٌ مِنْ بَنِي الْحَارِثِ بْنِ الْخَزْرَجِ وَكَانَتِ امْرَأَةٌ مِنْ جُهَيْنَةَ عِنْدَ رَجُلٍ مِنْ بَنِي الْحَارِثِ بْنِ الْخَزْرَجِ يُقَالُ لَهُ إِبْرَاهِيمُ بْنُ كُلَيْبٍ فَمَاتَتِ الْمَرْأَةُ وَتَرَكَتْ مَالاً وَمَوَالِيَ فَوَرِثَهَا ابْنُهَا وَزَوْجُهَا ثُمَّ مَاتَ ابْنُهَا فَقَالَ وَرَثَتُهُ لَنَا وَلاَءُ الْمَوَالِي قَدْ كَانَ ابْنُهَا أَحْرَزَهُ فَقَالَ الْجُهَنِيُّونَ لَيْسَ كَذَلِكَ إِنَّمَا هُمْ مَوَالِي صَاحِبَتِنَا فَإِذَا مَاتَ وَلَدُهَا فَلَنَا وَلاَؤُهُمْ وَنَحْنُ نَرِثُهُمْ فَقَضَى أَبَانُ بْنُ عُثْمَانَ لِلْجُهَنِيِّينَ بِوَلاَءِ الْمَوَالِي ‏.‏",
      "english": {
        "narrator": "",
        "text": "Malik related to me from Abdullah ibn Abi Bakr ibn Hazm that his\nfather told him that he was sitting with Aban ibn Uthman, and an\nargument was brought to him between some people from the Juhayna tribe\nand some people from the Banu al-Harith ibn al-Khazraj. A woman of the\nJuhayna tribe was married to a man from the Banu al-Harith ibn al-\nKhazraj, called Ibrahim ibn Kulayb. She died and left property and\nmawali, and her son and husband inherited them from her. Then her son\ndied and his heirs said, \"We have the wala' of the mawali. Her son\nobtained them.\" Those of the Juhayna said, \"It is not like that. They\nare the mawali of our female associate. When her child died, we have\ntheir wala' and we inherit them.\" Aban ibn Uthman gave a judgement\nthat the people from the Juhayna tribe did indeed have the wala' of\nthe mawali."
      },
      "turkish": {
        "narrator": "",
        "text": "Malik, Abdullah ibn Abi Bakr ibn Hazm'dan, babasının ona, Aban ibn Uthman ile oturduğunu ve Juhayna kabilesinden bazı insanlar ile Banu al-Harith ibn al-Khazraj'dan bazı insanlar arasında bir tartışmanın getirildiğini söylediğini rivayet etti. Juhayna kabilesinden bir kadın, Banu al-Harith ibn al-Khazraj'dan İbrahim ibn Kulayb adında bir adamla evliydi. Kadın öldü ve mal ve mawali bıraktı ve oğlu ile kocası bunları miras aldı. Sonra oğlu öldü ve mirasçıları, \"Mawali'nin wala'sı bizimdir. Onun oğlu bunları elde etti.\" dediler. Juhayna'dan olanlar, \"Öyle değil. Onlar bizim kadın arkadaşımızın mawali'sidir. Onun çocuğu öldüğünde, onların wala'sı bize aittir ve biz miras alırız.\" dediler. Aban ibn Uthman, Juhayna kabilesinin gerçekten de mawali'nin wala'sına sahip olduğuna dair bir hüküm verdi."
      }
    },
    {
      "id": 27,
      "idInBook": 27,
      "chapterId": 38,
      "bookId": 7,
      "arabic": "وَحَدَّثَنِي مَالِكٌ، أَنَّهُ بَلَغَهُ أَنَّ سَعِيدَ بْنَ الْمُسَيَّبِ، قَالَ فِي رَجُلٍ هَلَكَ وَتَرَكَ بَنِينَ لَهُ ثَلاَثَةً وَتَرَكَ مَوَالِيَ أَعْتَقَهُمْ هُوَ عَتَاقَةً ثُمَّ إِنَّ الرَّجُلَيْنِ مِنْ بَنِيهِ هَلَكَا وَتَرَكَا أَوْلاَدًا ‏.‏ فَقَالَ سَعِيدُ بْنُ الْمُسَيَّبِ يَرِثُ الْمَوَالِيَ الْبَاقِي مِنَ الثَّلاَثَةِ فَإِذَا هَلَكَ هُوَ فَوَلَدُهُ وَوَلَدُ إِخْوَتِهِ فِي وَلاَءِ الْمَوَالِي شَرَعٌ سَوَاءٌ ‏.‏",
      "english": {
        "narrator": "",
        "text": "Malik related to me that he had heard that Said ibn al-Musayyab\nspoke about a man who died and left three sons and left mawali whom he\nhad freed. Then two of his sons died and left children. He said, \"The\nthird remaining son inherits the mawali. When he dies, his children\nand the children of his brothers share equally in the wala' of the\nmawali.\""
      },
      "turkish": {
        "narrator": "",
        "text": "Malik, Said ibn al-Musayyab'ın, bir adamın öldüğünü ve üç oğlu ile özgür bıraktığı mawali bıraktığını söylediğini duyduğunu rivayet etti. Sonra iki oğlu öldü ve çocuklar bıraktı. O, \"Kalan üçüncü oğul mawali'yi miras alır. O öldüğünde, çocukları ve kardeşlerinin çocukları mawali'nin wala'sında eşit olarak paylaşır.\" dedi."
      }
    },
    {
      "id": 28,
      "idInBook": 28,
      "chapterId": 38,
      "bookId": 7,
      "arabic": "وَحَدَّثَنِي مَالِكٌ، أَنَّهُ سَأَلَ ابْنَ شِهَابٍ عَنِ السَّائِبَةِ، قَالَ يُوَالِي مَنْ شَاءَ فَإِنْ مَاتَ وَلَمْ يُوَالِ أَحَدًا فَمِيرَاثُهُ لِلْمُسْلِمِينَ وَعَقْلُهُ عَلَيْهِمْ ‏.‏ قَالَ مَالِكٌ إِنَّ أَحْسَنَ مَا سُمِعَ فِي السَّائِبَةِ أَنَّهُ لاَ يُوَالِي أَحَدًا وَأَنَّ مِيرَاثَهُ لِلْمُسْلِمِينَ وَعَقْلَهُ عَلَيْهِمْ ‏.‏ قَالَ مَالِكٌ فِي الْيَهُودِيِّ وَالنَّصْرَانِيِّ يُسْلِمُ عَبْدُ أَحَدِهِمَا فَيُعْتِقُهُ قَبْلَ أَنْ يُبَاعَ عَلَيْهِ إِنَّ وَلاَءَ الْعَبْدِ الْمُعْتَقِ لِلْمُسْلِمِينَ وَإِنْ أَسْلَمَ الْيَهُودِيُّ أَوِ النَّصْرَانِيُّ بَعْدَ ذَلِكَ لَمْ يَرْجِعْ إِلَيْهِ الْوَلاَءُ أَبَدًا ‏.‏ قَالَ وَلَكِنْ إِذَا أَعْتَقَ الْيَهُودِيُّ أَوِ النَّصْرَانِيُّ عَبْدًا عَلَى دِينِهِمَا ثُمَّ أَسْلَمَ الْمُعْتَقُ قَبْلَ أَنْ يُسْلِمَ الْيَهُودِيُّ أَوِ النَّصْرَانِيُّ الَّذِي أَعْتَقَهُ ثُمَّ أَسْلَمَ الَّذِي أَعْتَقَهُ رَجَعَ إِلَيْهِ الْوَلاَءُ لأَنَّهُ قَدْ كَانَ ثَبَتَ لَهُ الْوَلاَءُ يَوْمَ أَعْتَقَهُ ‏.‏ قَالَ مَالِكٌ وَإِنْ كَانَ لِلْيَهُودِيِّ أَوِ النَّصْرَانِيِّ وَلَدٌ مُسْلِمٌ وَرِثَ مَوَالِيَ أَبِيهِ الْيَهُودِيِّ أَوِ النَّصْرَانِيِّ إِذَا أَسْلَمَ الْمَوْلَى الْمُعْتَقُ قَبْلَ أَنْ يُسْلِمَ الَّذِي أَعْتَقَهُ وَإِنْ كَانَ الْمُعْتَقُ حِينَ أُعْتِقَ مُسْلِمًا لَمْ يَكُنْ لِوَلَدِ النَّصْرَانِيِّ أَوِ الْيَهُودِيِّ الْمُسْلِمَيْنِ مِنْ وَلاَءِ الْعَبْدِ الْمُسْلِمِ شَىْءٌ لأَنَّهُ لَيْسَ لِلْيَهُودِيِّ وَلاَ لِلنَّصْرَانِيِّ وَلاَءٌ فَوَلاَءُ الْعَبْدِ الْمُسْلِمِ لِجَمَاعَةِ الْمُسْلِمِينَ ‏.‏",
      "english": {
        "narrator": "",
        "text": "Malik related to me that he had asked Ibn Shihab about a slave\nwho was released. He said, \"He gives his wala' to whomever he likes.\nIf he dies and has not given his wala' to anyone, his inheritance goes\nto the muslims and his blood-money is paid by them.\"\n\n\nMalik\nsaid, \"The best of what has been heard about a slave who is released\nis that no one gets his wala', and his inheritance goes to the\nmuslims, and they pay his blood-money.\"\n\n\nMalik said that when\nthe slave of a jew or christian became muslim and he was freed before\nbeing sold, the wala' of the freed slave went to the muslims. If the\njew or christian became muslim afterwards, the wala' did not revert to\nhim. \"\n\n\nHe said, \"However, if a jew or christian frees a slave\nfrom their own deen, and then the freed one becomes muslim before the\njew or christian who freed him becomes muslim and then the one who\nfreed him has become muslim, his wala' reverts to him because the\nwala' was confirmed for him on the day he freed him.\"\n\n\nMalik\nsaid that the muslim child of a jew or christian inherited the mawali\nof his jewish or christian father when the freed mawla became muslim\nbefore the one who freed him became muslim. If the freed one was\nalready muslim when he was freed, the muslim children of the christian\nor jew had nothing of the wala' of a muslim slave because the jew and\nthe christian did not have the wala'. The wala' of a muslim slave went\nto the community of muslims."
      },
      "turkish": {
        "narrator": "",
        "text": "Malik, bir kölenin özgür bırakılması hakkında İbn Şihab'a sorduğunu ve onun, \"O, wala'sını istediği kişiye verir. Eğer ölürse ve wala'sını kimseye vermemişse, mirası Müslümanlara gider ve kan bedeli onlardan ödenir.\" dediğini rivayet etti. Malik, \"Özgür bırakılan bir köle hakkında duyulan en iyi şey, hiç kimsenin onun wala'sını almadığı ve mirasının Müslümanlara gittiği ve onların kan bedelini ödediğidir.\" dedi. Malik, bir Yahudi veya Hristiyan kölesinin Müslüman olması ve satılmadan önce özgür bırakılması durumunda, özgür bırakılan kölenin wala'sının Müslümanlara gideceğini söyledi. Eğer Yahudi veya Hristiyan daha sonra Müslüman olursa, wala ona geri dönmez. \"Ancak, eğer bir Yahudi veya Hristiyan, kendi dinlerinden bir köleyi özgür bırakırsa ve sonra özgür bırakılan kişi, onu özgür bırakan Yahudi veya Hristiyan Müslüman olmadan önce Müslüman olursa ve ardından onu özgür bırakan kişi Müslüman olursa, onun wala'sı ona geri döner, çünkü wala, onu özgür bıraktığı gün onaylanmıştır.\" dedi. Malik, bir Yahudi veya Hristiyanın Müslüman çocuğunun, özgür bırakılan mawla Müslüman olduktan sonra, Yahudi veya Hristiyan babasının mawali'ni miras aldığını söyledi. Eğer özgür bırakılan kişi özgür bırakıldığında zaten Müslüman ise, Hristiyan veya Yahudi'nin Müslüman çocuklarının, Müslüman bir kölenin wala'sından hiçbir şey almadığını, çünkü Yahudi ve Hristiyan'ın wala'sı olmadığını belirtti. Müslüman bir kölenin wala'sı, Müslümanlar topluluğuna gider."
      }
    }
  ],
  "chapter": {
    "id": 38,
    "bookId": 7,
    "arabic": "كتاب العتق والولاء",
    "english": "Setting Free and Wala'"
  }
}