{"metadata":{"length":3,"arabic":{"title":"موطأ مالك","author":"الإمام مالك بن أنس","introduction":"كتاب السهو"},"english":{"title":"Muwatta Malik","author":"Imam Malik ibn Anas","introduction":"Forgetfulness in Prayer"}},"hadiths":[{"id":1,"idInBook":1,"chapterId":4,"bookId":7,"arabic":"حَدَّثَنِي يَحْيَى، عَنْ مَالِكٍ، عَنِ ابْنِ شِهَابٍ، عَنْ أَبِي سَلَمَةَ بْنِ عَبْدِ الرَّحْمَنِ بْنِ عَوْفٍ، عَنْ أَبِي هُرَيْرَةَ، أَنَّ رَسُولَ اللَّهِ صلى الله عليه وسلم قَالَ ‏\n\"‏ إِنَّ أَحَدَكُمْ إِذَا قَامَ يُصَلِّي جَاءَهُ الشَّيْطَانُ فَلَبَسَ عَلَيْهِ حَتَّى لاَ يَدْرِي كَمْ صَلَّى فَإِذَا وَجَدَ ذَلِكَ أَحَدُكُمْ فَلْيَسْجُدْ سَجْدَتَيْنِ وَهُوَ جَالِسٌ ‏\"‏ ‏.‏","english":{"narrator":"","text":"Yahya related to me from Malik from Ibn Shihab from Abu Salama\nibn Abdar-Rahman ibn Awf from Abu Hurayra that the Messenger of Allah,\nmay Allah bless him and grant him peace, said, \"When you stand in\nprayer, Shaytan comes to you and confuses you until you do not know\nhow much you have prayed. If you find that happening do two sajdas\nfrom the sitting position.\""}},{"id":2,"idInBook":2,"chapterId":4,"bookId":7,"arabic":"وَحَدَّثَنِي عَنْ مَالِكٍ، أَنَّهُ بَلَغَهُ أَنَّ رَسُولَ اللَّهِ صلى الله عليه وسلم قَالَ ‏\n\"‏ إِنِّي لأَنْسَى أَوْ أُنَسَّى لأَسُنَّ ‏\"‏ ‏.‏","english":{"narrator":"","text":"Yahya related to me from Malik that he had heard that the\nMessenger of Allah, may Allah bless him and grant him peace, said, \"I\nforget or I am made to forget so that I may establish the sunna.\""}},{"id":3,"idInBook":3,"chapterId":4,"bookId":7,"arabic":"وَحَدَّثَنِي عَنْ مَالِكٍ، أَنَّهُ بَلَغَهُ أَنَّ رَجُلاً، سَأَلَ الْقَاسِمَ بْنَ مُحَمَّدٍ فَقَالَ إِنِّي أَهِمُ فِي صَلاَتِي فَيَكْثُرُ ذَلِكَ عَلَىَّ ‏.‏ فَقَالَ الْقَاسِمُ بْنُ مُحَمَّدٍ امْضِ فِي صَلاَتِكَ فَإِنَّهُ لَنْ يَذْهَبَ عَنْكَ حَتَّى تَنْصَرِفَ وَأَنْتَ تَقُولُ مَا أَتْمَمْتُ صَلاَتِي ‏.‏","english":{"narrator":"","text":"Yahya related to me from Malik that he had heard that a man\nquestioned al-Qasim ibn Muhammad saying, \"My imagination works in the\nprayer, and it happens to me a lot.\" Al-Qasim ibn Muhammad said, \"Go\non with your prayer, for it will not go away from you until you go away\nsaying, 'I have not completed my prayer.' \""}}],"chapter":{"id":4,"bookId":7,"arabic":"كتاب السهو","english":"Forgetfulness in Prayer"}}