{
  "metadata": {
    "length": 8,
    "arabic": {
      "title": "موطأ مالك",
      "author": "الإمام مالك بن أنس",
      "introduction": "كتاب المدبر"
    },
    "english": {
      "title": "Muwatta Malik",
      "author": "Imam Malik ibn Anas",
      "introduction": "The Mudabbar"
    }
  },
  "hadiths": [
    {
      "id": 1,
      "idInBook": 1,
      "chapterId": 40,
      "bookId": 7,
      "arabic": "",
      "english": {
        "narrator": "",
        "text": "Yahya related to me that Malik said, \"What is done in our\ncommunity in the case of a man who makes his slave-girl a mudabbara\nand she gives birth to children after that, and then the slave-girl\ndies before the one who gave her a tadbir is that her children are in\nher position. The conditions which were confirmed for her are\nconfirmed for them. The death of their mother does not harm them. If\nthe one who made her mudabbara dies, they are free if their value is\nless than one third of his total property.\"\n\n\nMalik said, \"For\nevery mother by birth as opposed to mother by suckling, her children\nare in her position. If she is free and she gives birth after she is\nfree, her children are free. If she is a mudabbara or mukataba, or\nfreed after a number of years in service, or part of her is free or\npledged or she is an umm walad, each of her children are in the same\nposition as their mother. They are set free when she is set free and\nthey are slaves when she is a slave.\"\n\n\nMalik said about the\nmudabbara given a tadbir while she was pregnant, \"Her children are in\nher position. That is also the position of a man who frees his slave-\ngirl while she is pregnant and does not know that she is pregnant.\"\n\n\nMalik said, \"The sunna about such women is that their\nchildren follow them and are set free by their being set free.\"\n\n\nMalik said, \"It is the same as if a man had bought a slave-girl\nwhile she was pregnant. The slave-girl and what is in her womb belong\nto the one who bought her whether or not the buyer stipulates that.\"\n\n\nMalik continued, \"It is not halal for the seller to make an\nexception about what is in her womb because that is an uncertain\ntransaction. It reduces her price and he does not know if that will\nreach him or not. That is as if one sold the foetus in the womb of the\nmother. That is not halal because it is an uncertain transaction .\"\n\n\nMalik said about the mukatab or mudabbar who bought a slave-\ngirl and had intercourse with her and she became pregnant by him and\ngives birth, \"The children of both of them by a slave-girl are in his\nposition. They are set free when he is set free and they are slaves\nwhen he is a slave.\"\n\n\nMalik said, \"When he is set free, the\numm walad is part of his property which is surrendered to him when he\nis set free.\""
      },
      "turkish": {
        "narrator": "",
        "text": "Yahya bana Malik'ten aktardı ki, \"Toplumumuzda, bir adam cariyesini mudabbara yaptığında ve o da daha sonra çocuk doğurduğunda, eğer cariye, ona tadbir veren kişinin öncesinde ölürse, çocukları onun konumundadır. Onun için geçerli olan şartlar, onlar için de geçerlidir. Annenin ölümü onlara zarar vermez. Eğer onu mudabbara yapan kişi ölürse, eğer değerleri onun toplam mal varlığının üçte birinden azsa, serbest olurlar.\""
      }
    },
    {
      "id": 2,
      "idInBook": 2,
      "chapterId": 40,
      "bookId": 7,
      "arabic": "",
      "english": {
        "narrator": "",
        "text": "Malik spoke about a mudabbar who said to his master, \"Free me\nimmediately and I will give fifty dinars which I will have to pay in\ninstalments.\" His master said, \"Yes. You are free and you must pay\nfifty dinars, and you will pay me ten dinars every year.\" The slave\nwas satisfied with this. Then the master dies one, two or three days\nafter that. He said, \"The freeing is confirmed and the fifty dinars\nbecome a debt against him. His testimony is permitted, his\ninviolability as a free man is confirmed, as are his inheritance and\nhis liability to the full hudud punishments. The death of his master,\nhowever, does not reduce the debt for him at all.\"\n\n\nMalik said\nthat if a man who made his slave a mudabbar died and he had some\nproperty at hand and some absent property, and in the property at hand\nthere was not enough (in the third he was allowed to bequeath) to\ncover the value of the mudabbar, the mudabbar was kept there together\nwith this property, and his tax (kharaj) was gathered until the\nmaster's absent property was clear. Then if a third of what his master\nleft would cover his value, he was freed with his property and what\nhad gathered of his tax. If there was not enough to cover his value in\nwhat his master had left, as much of him was freed as the third would\nallow, and his property was left in his hands."
      },
      "turkish": {
        "narrator": "",
        "text": "Malik dedi ki, \"Doğumla anne olan her kadın için, emzirme ile anne olanın aksine, çocukları onun konumundadır. Eğer serbestse ve serbest kaldıktan sonra doğum yaparsa, çocukları serbesttir. Eğer mudabbara veya mukataba ise, ya da bir süre hizmetten sonra serbest bırakılmışsa, ya da bir kısmı serbestse ya da taahhüt edilmişse ya da umm walad ise, her bir çocuğu annesiyle aynı konumdadır. O serbest kaldığında serbest olurlar ve o köle olduğunda köle olurlar.\""
      }
    },
    {
      "id": 3,
      "idInBook": 3,
      "chapterId": 40,
      "bookId": 7,
      "arabic": "",
      "english": {
        "narrator": "",
        "text": "Malik said, \"The generally agreed-on way of doing things in our\ncommunity is that any setting-free which a man makes in a bequest that\nhe wills in health or illness can be rescinded by him when he likes\nand changed when he likes as long as it is not a tadbir. There is no\nway to rescind a tadbir once he has made it.\n\n\n\"As for every\nchild born to him by a slave-girl who he wills to be set free but he\ndoes not make mudabbara, her children are not freed with her when she\nis freed. That is because her master can change his will when he likes\nand rescind it when he likes, and being set free is not confirmed for\nher. She is in the position of a slave-girl whose master says, 'If so-\nand-so remains with me until I die, she is free.' \" (i.e. he does not\nmake a definite contract.)\n\n\nMalik said, \"If she fulfils that,\nthat is hers. If he wishes, before that, he can sell her and her child\nbecause he has not entered her child into any condition he has made\nfor her.\n\n\n\"The bequest in setting free is different from the\ntadbir. The precedent of the sunna makes a distinction between them.\nHad a bequest been in the position of a tadbir, no testator would be\nable to change his will and what he mentioned in it of setting free.\nHis property would be tied up and he would not be able to use it.\"\n\n\nMalik said about a man who made all his slaves mudabbar while\nhe was well and they were his only property, \"If he made some of them\nmudabbar before the others, one begins with the first until the third\nof his property is reached. (i.e. their value is matched against the\nthird, and those whose value is covered are free.) If he makes the\nmall mudabbar in his illness, and says in one statement, 'So-and-so is\nfree. So-and-so is free. So-and-so is free if my death occurs in this\nillness,' or he makes them all mudabbar in one statement, they are\nmatched against the third and one does not begin with any of them\nbefore the others. It is a bequest and they have a third of his\nproperty divided between them in shares. Then the third of his\nproperty frees each of them according to the extent of his share.\n\n\n\"No single one of them is given preference when that all occurs in\nhis illness.\"\n\n\nMalik spoke about a master who made his slave a\nmudabbar and then he died and the only property he had was the\nmudabbar slave and the slave had property. He said, \"A third of the\nmudabbar is freed and his property remains in his possession.\"\n\n\nMalik said about a mudabbar whose master gave him a kitaba and\nthen the master died and did not leave any property other than him, \"A\nthird of him is freed and a third of his kitaba is reduced, and he\nowes two-thirds.\"\n\n\nMalik spoke about a man who freed half of\nhis slave while he was ill and made irrevocable his freeing half of\nhim or all of him, and he had made another slave of his mudabbar\nbefore that. He said, \"One begins with the slave he made mudabbar\nbefore the one he freed while he was ill. That is because the man\ncannot revoke what he has made mudabbar and cannot follow it with a\nmatter which will rescind it. When this mudabbar is freed, then what\nremains of the third goes to the one who had half of him freed so as\nto complete his setting-free entirely in the third of the property of\nthe deceased. If what is left of the third does not cover that,\nwhatever is covered by what is left of the third is freed after the\nfirst mudabbar is freed . \""
      },
      "turkish": {
        "narrator": "",
        "text": "Malik, hamile iken tadbir verilen mudabbara hakkında, \"Çocukları onun konumundadır. Bu, hamile iken cariyesini serbest bırakan bir adamın durumu ile de aynıdır ve onun hamile olduğunu bilmez.\" dedi."
      }
    },
    {
      "id": 4,
      "idInBook": 4,
      "chapterId": 40,
      "bookId": 7,
      "arabic": "حَدَّثَنِي مَالِكٌ، عَنْ نَافِعٍ، أَنَّ عَبْدَ اللَّهِ بْنَ عُمَرَ، دَبَّرَ جَارِيَتَيْنِ لَهُ فَكَانَ يَطَؤُهُمَا وَهُمَا مُدَبَّرَتَانِ ‏.‏",
      "english": {
        "narrator": "",
        "text": "Malik related to me from Nafi that Abdullah ibn Umar made two of\nhis slave-girls mudabbara, and he had intercourse with them while they\nwere mudabbara."
      },
      "turkish": {
        "narrator": "",
        "text": "Malik dedi ki, \"Bu tür kadınlar hakkında sünnet, çocuklarının onları takip etmesi ve serbest bırakıldıklarında serbest kalmalarıdır.\""
      }
    },
    {
      "id": 5,
      "idInBook": 5,
      "chapterId": 40,
      "bookId": 7,
      "arabic": "وَحَدَّثَنِي مَالِكٌ، عَنْ يَحْيَى بْنِ سَعِيدٍ، أَنَّ سَعِيدَ بْنَ الْمُسَيَّبِ، كَانَ يَقُولُ إِذَا دَبَّرَ الرَّجُلُ  جَارِيَتَهُ فَإِنَّ لَهُ أَنْ يَطَأَهَا وَلَيْسَ لَهُ أَنْ يَبِيعَهَا وَلاَ يَهَبَهَا وَوَلَدُهَا بِمَنْزِلَتِهَا ‏.‏",
      "english": {
        "narrator": "",
        "text": "Malik related to me from Yahya ibn Said that Said ibn al-Musayyab\nused to say, \"When a man makes his slave-girl mudabbara, he can have\nintercourse with her. He cannot sell her or give her away and her\nchildren are in the same position as her.\""
      },
      "turkish": {
        "narrator": "",
        "text": "Malik dedi ki, \"Bir adam hamile bir cariye satın almışsa, cariye ve karnındaki çocuk, onu satın alan kişiye aittir, alıcı bunu şart koşsa da koşmasa da.\""
      }
    },
    {
      "id": 6,
      "idInBook": 6,
      "chapterId": 40,
      "bookId": 7,
      "arabic": "",
      "english": {
        "narrator": "",
        "text": "Malik said, \"The generally agreed on way of doing things in our\ncommunity about a mudabbar is that the owner cannot sell him or change\nthe position in which he has put him. If a debt overtakes the master,\nhis creditors cannot sell the mudabbar as long as the master is alive.\nIf the master dies and has no debts, the mudabbar is included in the\nthird (of the bequest) because he expected his work from him as long\nas he lived. He cannot serve him all his life, and then he frees him\nfrom his heirs out of the main portion of his property when he dies.\nIf the master of the mudabbar dies and has no property other than him,\none third of him is freed, and two thirds of him belong to the heirs.\nIf the master of the mudabbar dies and owes a debt which encompasses\nthe mudabbar, he is sold to meet the debt because he can only be freed\nin the third (which is allowed for bequest) .\"\n\n\nHe said, \"If\nthe debt only includes half of the slave, half of him is sold for the\ndebt. Then a third of what remains after the debt is freed. \"\n\n\nMalik said, \"It is not permitted to sell a mudabbar and it is not\npermitted for anyone to buy him unless the mudabbar buys himself from\nhis master. He is permitted to do that. Or else some one gives the\nmaster of the mudabbar money and his master who made him a mudabbar\nfrees him. That is also permitted for him.\"\n\n\nMalik said, \"His\nwala' belongs to his master who made him a mudabbar.\"\n\n\nMalik\nsaid, \"It is not permitted to sell the service of a mudabbar because\nit is an uncertain transaction since one does not know how long his\nmaster will live. That is uncertain and it is not good.\"\n\n\nMalik spoke about a slave who was shared between two men, and one of\nthem made his portion mudabbar. He said, \"They estimate his value\nbetween them. If the one who made him mudabbar buys him, he is all\nmudabbar. If he does not buy him, his tadbir is revoked unless the one\nwho retains ownership of him wishes to give his partner who made him\nmudabbar his value. If he gives him to him for his value, that is\nbinding, and he is all mudabbar.\"\n\n\nMalik spoke about the\nchristian man who made a christian slave of his mudabbar and then the\nslave became muslim. He said, \"One separates the master and the slave,\nand the slave is removed from his christian master and is not sold\nuntil his situation becomes clear. If the christian dies and has a\ndebt, his debt is paid from the price of the slave unless he has in\nhis estate what will pay the debt. Then the mudabbar is set free.\""
      },
      "turkish": {
        "narrator": "",
        "text": "Malik devam etti, \"Satıcının karnındaki şey hakkında bir istisna yapması helal değildir çünkü bu belirsiz bir işlemdir. Bu, onun fiyatını düşürür ve bunun ona ulaşacağını bilmez. Bu, sanki birinin annenin karnındaki cenini satması gibidir. Bu helal değildir çünkü belirsiz bir işlemdir.\""
      }
    },
    {
      "id": 7,
      "idInBook": 7,
      "chapterId": 40,
      "bookId": 7,
      "arabic": "حَدَّثَنِي مَالِكٌ، أَنَّهُ بَلَغَهُ أَنَّ عُمَرَ بْنَ عَبْدِ الْعَزِيزِ، قَضَى فِي الْمُدَبَّرِ إِذَا جَرَحَ أَنَّ لِسَيِّدِهِ أَنْ يُسَلِّمَ مَا يَمْلِكُ مِنْهُ إِلَى الْمَجْرُوحِ فَيَخْتَدِمُهُ الْمَجْرُوحُ وَيُقَاصُّهُ بِجِرَاحِهِ مِنْ دِيَةِ جَرْحِهِ فَإِنْ أَدَّى قَبْلَ أَنْ يَهْلِكَ سَيِّدُهُ رَجَعَ إِلَى سَيِّدِهِ ‏.‏ قَالَ مَالِكٌ وَالأَمْرُ عِنْدَنَا فِي الْمُدَبَّرِ إِذَا جَرَحَ ثُمَّ هَلَكَ سَيِّدُهُ وَلَيْسَ لَهُ مَالٌ غَيْرُهُ أَنَّهُ يُعْتَقُ ثُلُثُهُ ثُمَّ يُقْسَمُ عَقْلُ الْجَرْحِ أَثْلاَثًا فَيَكُونُ ثُلُثُ الْعَقْلِ عَلَى الثُّلُثِ الَّذِي عَتَقَ مِنْهُ وَيَكُونُ ثُلُثَاهُ عَلَى الثُّلُثَيْنِ اللَّذَيْنِ بِأَيْدِي الْوَرَثَةِ إِنْ شَاءُوا أَسْلَمُوا الَّذِي لَهُمْ مِنْهُ إِلَى صَاحِبِ الْجَرْحِ وَإِنْ شَاءُوا أَعْطَوْهُ ثُلُثَىِ الْعَقْلِ وَأَمْسَكُوا نَصِيبَهُمْ مِنَ الْعَبْدِ وَذَلِكَ أَنَّ عَقْلَ ذَلِكَ الْجَرْحِ إِنَّمَا كَانَتْ جِنَايَتُهُ مِنَ الْعَبْدِ وَلَمْ تَكُنْ دَيْنًا عَلَى السَّيِّدِ فَلَمْ يَكُنْ ذَلِكَ الَّذِي أَحْدَثَ الْعَبْدُ بِالَّذِي يُبْطِلُ مَا صَنَعَ السَّيِّدُ مِنْ عِتْقِهِ وَتَدْبِيرِهِ فَإِنْ كَانَ عَلَى سَيِّدِ الْعَبْدِ دَيْنٌ لِلنَّاسِ مَعَ جِنَايَةِ الْعَبْدِ بِيعَ مِنَ الْمُدَبَّرِ بِقَدْرِ عَقْلِ الْجَرْحِ وَقَدْرِ الدَّيْنِ ثُمَّ يُبَدَّأُ بِالْعَقْلِ الَّذِي كَانَ فِي جِنَايَةِ الْعَبْدِ فَيُقْضَى مِنْ ثَمَنِ الْعَبْدِ ثُمَّ يُقْضَى دَيْنُ سَيِّدِهِ ثُمَّ يُنْظَرُ إِلَى مَا بَقِيَ بَعْدَ ذَلِكَ مِنَ الْعَبْدِ فَيَعْتِقُ ثُلُثُهُ وَيَبْقَى ثُلُثَاهُ لِلْوَرَثَةِ وَذَلِكَ أَنَّ جِنَايَةَ الْعَبْدِ هِيَ أَوْلَى مِنْ دَيْنِ سَيِّدِهِ وَذَلِكَ أَنَّ الرَّجُلَ إِذَا هَلَكَ وَتَرَكَ عَبْدًا مُدَبَّرًا قِيمَتُهُ خَمْسُونَ وَمِائَةُ دِينَارٍ وَكَانَ الْعَبْدُ قَدْ شَجَّ رَجُلاً حُرًّا مُوضِحَةً عَقْلُهَا خَمْسُونَ دِينَارًا وَكَانَ عَلَى سَيِّدِ الْعَبْدِ مِنَ الدَّيْنِ خَمْسُونَ دِينَارًا ‏.‏ قَالَ مَالِكٌ فَإِنَّهُ يُبْدَأُ بِالْخَمْسِينَ دِينَارًا الَّتِي فِي عَقْلِ الشَّجَّةِ فَتُقْضَى مِنْ ثَمَنِ الْعَبْدِ ثُمَّ يُقْضَى دَيْنُ سَيِّدِهِ ثُمَّ يُنْظَرُ إِلَى مَا بَقِيَ مِنَ الْعَبْدِ فَيَعْتِقُ ثُلُثُهُ وَيَبْقَى ثُلُثَاهُ لِلْوَرَثَةِ فَالْعَقْلُ أَوْجَبُ فِي رَقَبَتِهِ مِنْ دَيْنِ سَيِّدِهِ وَدَيْنُ سَيِّدِهِ أَوْجَبُ مِنَ التَّدْبِيرِ الَّذِي إِنَّمَا هُوَ وَصِيَّةٌ فِي ثُلُثِ مَالِ الْمَيِّتِ فَلاَ يَنْبَغِي أَنْ يَجُوزَ شَىْءٌ مِنَ التَّدْبِيرِ وَعَلَى سَيِّدِ الْمُدَبَّرِ دَيْنٌ لَمْ يُقْضَ وَإِنَّمَا هُوَ وَصِيَّةٌ وَذَلِكَ أَنَّ اللَّهَ تَبَارَكَ وَتَعَالَى قَالَ ‏{‏مِنْ بَعْدِ وَصِيَّةٍ يُوصَى بِهَا أَوْ دَيْنٍ‏}‏ ‏.‏ قَالَ مَالِكٌ فَإِنْ كَانَ فِي ثُلُثِ الْمَيِّتِ مَا يَعْتِقُ فِيهِ الْمُدَبَّرُ كُلُّهُ عَتَقَ وَكَانَ عَقْلُ جِنَايَتِهِ دَيْنًا عَلَيْهِ يُتَّبَعُ بِهِ بَعْدَ عِتْقِهِ وَإِنْ كَانَ ذَلِكَ الْعَقْلُ الدِّيَةَ كَامِلَةً وَذَلِكَ إِذَا لَمْ يَكُنْ عَلَى سَيِّدِهِ دَيْنٌ ‏.‏ وَقَالَ مَالِكٌ فِي الْمُدَبَّرِ إِذَا جَرَحَ رَجُلاً فَأَسْلَمَهُ سَيِّدُهُ إِلَى الْمَجْرُوحِ ثُمَّ هَلَكَ سَيِّدُهُ وَعَلَيْهِ دَيْنٌ وَلَمْ يَتْرُكْ مَالاً غَيْرَهُ فَقَالَ الْوَرَثَةُ نَحْنُ نُسَلِّمُهُ إِلَى صَاحِبِ الْجُرْحِ ‏.‏ وَقَالَ صَاحِبُ الدَّيْنِ أَنَا أَزِيدُ عَلَى ذَلِكَ إِنَّهُ إِذَا زَادَ الْغَرِيمُ شَيْئًا فَهُوَ أَوْلَى بِهِ وَيُحَطُّ عَنِ الَّذِي عَلَيْهِ الدَّيْنُ قَدْرُ مَا زَادَ الْغَرِيمُ عَلَى دِيَةِ الْجَرْحِ فَإِنْ لَمْ يَزِدْ شَيْئًا لَمْ يَأْخُذِ الْعَبْدَ ‏.‏ وَقَالَ مَالِكٌ فِي الْمُدَبَّرِ إِذَا جَرَحَ وَلَهُ مَالٌ فَأَبَى سَيِّدُهُ أَنْ يَفْتَدِيَهُ فَإِنَّ الْمَجْرُوحَ يَأْخُذُ مَالَ الْمُدَبَّرِ فِي دِيَةِ جُرْحِهِ فَإِنْ كَانَ فِيهِ وَفَاءٌ اسْتَوْفَى الْمَجْرُوحُ دِيَةَ جُرْحِهِ وَرَدَّ الْمُدَبَّرَ إِلَى سَيِّدِهِ وَإِنْ لَمْ يَكُنْ فِيهِ وَفَاءٌ اقْتَضَاهُ مِنْ دِيَةِ جُرْحِهِ وَاسْتَعْمَلَ الْمُدَبَّرَ بِمَا بَقِيَ لَهُ مِنْ دِيَةِ جُرْحِهِ ‏.‏",
      "english": {
        "narrator": "",
        "text": "Malik related to me that he heard that Umar ibn Abd al-Aziz gave\na judgement about the mudabbar who did an injury. He said, \"The master\nmust surrender what he owns of him to the injured person. He is made\nto serve the injured person and recompense (in the form of service) is\ntaken from him as the blood-money of the injury. If he completes that\nbefore his master dies, he reverts to his master.\"\n\n\nMalik\nsaid, \"The generally agreed on way of doing things in our community\nabout a mudabbar who does an injury and then his master dies and the\nmaster has no property except him is that the third (allowed to be\nbequeathed) is freed, and then the blood-money for the in jury is\ndivided into thirds. A third of the blood-money is against the third\nof him which was set free, and two-thirds are against the two-thirds\nwhich the heirs have. If they wish, they surrender what they have of\nhim to the party with the injury, and if they wish, they give the\ninjured person two-thirds of the blood-money and keep their portion of\nthe slave. That is because that injury is a criminal action by the\nslave and it is not a debt against the master by which whatever\nsetting free and tadbir the master had done would be abrogated. If\nthere were a debt to people held against the master of the slave, as\nwell as the criminal action of the slave, part of the mudabbar would\nbe sold in proportion to the blood-money of the injury and according\nto the debt. Then one would begin with the blood-money which was for\nthe criminal action of the slave and it would be paid from the price\nof the slave. Then the debt of his master would be paid, and then one\nwould look at what remained after that of the slave. His third would b\nbe set free, and two-thirds of him would belong to the heirs. That is\nbecause the criminal action of the slave is more important than the\ndebt of his master. That is because, if the man dies and leaves a\nmudabbar slave whose value is one hundred and fifty dinars, and the\nslave strikes a free man on the head with a blow that lays open the\nskull, and the blood-money is fifty dinars, and the master of the\nslave has a debt of fifty dinars, one begins with the fifty dinars\nwhich are the blood-money of the head wound, and it is paid from the\nprice of the slave. Then the debt of the master is paid. Then one\nlooks at what remains of the slave, and a third of him is set free and\ntwo-thirds of him remain for the heirs. The blood-money is more\npressing against his person than the debt of his master. The debt of\nhis master is more pressing than the tadbir which is a bequest from\nthe third of the property of the deceased. None of the tadbir is\npermitted while the master of the mudabbar has a debt which is not\npaid. It is a bequest. That is because Allah, the Blessed, the\nExalted, said, 'After any bequest that is made or any debt.' \" (Sura 4\nayat 10)\n\n\nMalik said, \"If there is enough in the third\nproperty that the deceased can bequeath to free all the mudabbar, he\nis freed and the blood-money due from his criminal action is held as a\ndebt against him which follows him after he is set free even if that\nblood-money is the full blood-money. It is not a debt on the master.\"\n\n\nMalik spoke about a mudabbar who injured a man and his master\nsurrendered him to the injured party, and then the master died and had\na debt and did not leave any property other than the mudabbar, and the\nheirs said, \"We surrender the mudabbar to the party,\" whilst the\ncreditor said, \"My debt exceeds that.\" Malik said that if the\ncreditor's debt did exceed that at all , he was more entitled to it\nand it was taken from the one who owed the debt, according to what the\ncreditor was owed in excess of the blood-money of the injury. If his\ndebt did not exceed it at all, he did not take the slave.\n\n\nMalik spoke about a mudabbar who did an injury and had property, and\nhis master refused to ransom him. He said, \"The injured party takes\nthe property of the mudabbar for the blood-money of his injury. If\nthere is enough to pay it, the injured party is paid in full for the\nblood-money of his injury and the mudabbar is returned to his master.\nIf there is not enough to pay it, he takes it from the blood-money and\nuses the mudabbar for what remains of the blood-money.\""
      },
      "turkish": {
        "narrator": "",
        "text": "Malik, bir mukatabın veya mudabbarın bir cariye satın alıp onunla cinsel ilişkiye girmesi ve onun hamile kalıp doğum yapması durumunda, \"Her ikisinin de cariyeden olan çocukları onun konumundadır. O serbest kaldığında serbest olurlar ve o köle olduğunda köle olurlar.\" dedi."
      }
    },
    {
      "id": 8,
      "idInBook": 8,
      "chapterId": 40,
      "bookId": 7,
      "arabic": "",
      "english": {
        "narrator": "",
        "text": "Malik said in the case of an umm walad who injured someone, \"The\nblood-money of that injury is the responsibility of her master from\nhis property, unless the blood-money of the injury is greater than the\nvalue of the umm walad. Her master does not have to pay more than her\nvalue. That is because when the master of a slave or slave-girl\nsurrenders his slave or slave-girl for an injury which one of them has\ndone, he does not owe any more than that, even if the blood-money is\ngreater. As the master of the umm walad cannot surrender her because\nof the precedent of the sunna, when he pays her price, it is as if he\nhad surrendered her. He does not have to pay more than that. This is\nthe best of what I have heard about the matter. The master is not\nobliged to assume responsibility for more than an umm walad's value\nbecause of her criminal action.\""
      },
      "turkish": {
        "narrator": "",
        "text": "Malik dedi ki, \"O serbest kaldığında, umm walad, serbest bırakıldığında kendisine teslim edilen malının bir parçasıdır.\""
      }
    }
  ],
  "chapter": {
    "id": 40,
    "bookId": 7,
    "arabic": "كتاب المدبر",
    "english": "The Mudabbar"
  }
}