{"metadata":{"length":17,"arabic":{"title":"موطأ مالك","author":"الإمام مالك بن أنس","introduction":"كتاب الشعر"},"english":{"title":"Muwatta Malik","author":"Imam Malik ibn Anas","introduction":"Hair"}},"hadiths":[{"id":1,"idInBook":1,"chapterId":51,"bookId":7,"arabic":"وَحَدَّثَنِي عَنْ مَالِكٍ، عَنْ أَبِي بَكْرِ بْنِ نَافِعٍ، عَنْ أَبِيهِ، نَافِعٍ عَنْ عَبْدِ اللَّهِ بْنِ عُمَرَ، أَنَّ رَسُولَ اللَّهِ صلى الله عليه وسلم أَمَرَ بِإِحْفَاءِ الشَّوَارِبِ وَإِعْفَاءِ اللِّحَى ‏.‏","english":{"narrator":"","text":"Yahya related to me from Malik from Abu Bakr ibn Nafi from his\nfather Nafi from Abdullah ibn Umar that the Messenger of Allah, may\nAllah bless him and grant him peace, ordered the moustache to be\ntrimmed and the beard to be left."}},{"id":2,"idInBook":2,"chapterId":51,"bookId":7,"arabic":"وَحَدَّثَنِي عَنْ مَالِكٍ، عَنِ ابْنِ شِهَابٍ، عَنْ حُمَيْدِ بْنِ عَبْدِ الرَّحْمَنِ بْنِ عَوْفٍ، أَنَّهُ سَمِعَ مُعَاوِيَةَ بْنَ أَبِي سُفْيَانَ، عَامَ حَجَّ وَهُوَ عَلَى الْمِنْبَرِ وَتَنَاوَلَ قُصَّةً مِنْ شَعَرٍ كَانَتْ فِي يَدِ حَرَسِيٍّ يَقُولُ يَا أَهْلَ الْمَدِينَةِ أَيْنَ عُلَمَاؤُكُمْ سَمِعْتُ رَسُولَ اللَّهِ صلى الله عليه وسلم يَنْهَى عَنْ مِثْلِ هَذِهِ وَيَقُولُ ‏\n\"‏ إِنَّمَا هَلَكَتْ بَنُو إِسْرَائِيلَ حِينَ اتَّخَذَ هَذِهِ نِسَاؤُهُمْ ‏\"‏ ‏.‏","english":{"narrator":"","text":"Yahya related to me from Malik from Ibn Shihab that Humay ibn Abd\nar-Rahman ibn Awf heard Muawiya ibn Abi Sufyan say from the mimbar in\nthe year that he performed the hajj, holding a lock of hair (i.e. a\nhairpiece) which he took from one of his guards, \"People of Madina!\nWhere are your learned men? I heard the Messenger of Allah, may Allah\nbless him and grant him peace, forbid the like of this, saying, 'The\nBanu Israil were destroyed when their women started to use this.' \""}},{"id":3,"idInBook":3,"chapterId":51,"bookId":7,"arabic":"وَحَدَّثَنِي عَنْ مَالِكٍ، عَنْ زِيَادِ بْنِ سَعْدٍ، عَنِ ابْنِ شِهَابٍ، أَنَّهُ سَمِعَهُ يَقُولُ سَدَلَ رَسُولُ اللَّهِ صلى الله عليه وسلم نَاصِيَتَهُ مَا شَاءَ اللَّهُ ثُمَّ فَرَقَ بَعْدَ ذَلِكَ ‏.‏ قَالَ مَالِكٌ لَيْسَ عَلَى الرَّجُلِ يَنْظُرُ إِلَى شَعَرِ امْرَأَةِ ابْنِهِ أَوْ شَعَرِ أُمِّ امْرَأَتِهِ بَأْسٌ ‏.‏","english":{"narrator":"","text":"Yahya related to me from Malik that Ziyad ibn Sad heard Ibn\nShihab say, \"The Messenger of Allah, may Allah bless him and grant him\npeace, let his hair hang down his forehead as Allah willed, and\nafterwards he parted it.\"\n\n\nMalik said, \"There is no harm in a\nman's looking at the hair of his son's wife or the hair of his wife's\nmother.\""}},{"id":4,"idInBook":4,"chapterId":51,"bookId":7,"arabic":"وَحَدَّثَنِي عَنْ مَالِكٍ، عَنْ نَافِعٍ، عَنْ عَبْدِ اللَّهِ بْنِ عُمَرَ، أَنَّهُ كَانَ يَكْرَهُ الإِخْصَاءَ وَيَقُولُ فِيهِ تَمَامُ الْخَلْقِ ‏.‏","english":{"narrator":"","text":"Yahya related to me from Malik from Nafi that Abdullah ibn Umar\ndisapproved of castration and said, \"The completeness of the created\nform is in the testicles.\""}},{"id":5,"idInBook":5,"chapterId":51,"bookId":7,"arabic":"وَحَدَّثَنِي عَنْ مَالِكٍ، عَنْ صَفْوَانَ بْنِ سُلَيْمٍ، أَنَّهُ بَلَغَهُ أَنَّ النَّبِيَّ صلى الله عليه وسلم قَالَ ‏\n\"‏ أَنَا وَكَافِلُ الْيَتِيمِ لَهُ أَوْ لِغَيْرِهِ فِي الْجَنَّةِ كَهَاتَيْنِ إِذَا اتَّقَى ‏\"‏ ‏.‏ وَأَشَارَ بِإِصْبُعَيْهِ الْوُسْطَى وَالَّتِي تَلِي الإِبْهَامَ ‏.‏","english":{"narrator":"","text":"Yahya related to me from Malik that Safwan ibn Sulaym heard that\nthe Prophet, may Allah bless him and grant him peace, said, \"I and the\none who guards the orphan, whether for himself or for someone else,\nwill be like these two in the Garden, when he has taqwa,\" indicating\nhis middle and index fingers."}},{"id":6,"idInBook":6,"chapterId":51,"bookId":7,"arabic":"حَدَّثَنِي عَنْ مَالِكٍ، عَنْ يَحْيَى بْنِ سَعِيدٍ، أَنَّ أَبَا قَتَادَةَ الأَنْصَارِيَّ، قَالَ لِرَسُولِ اللَّهِ صلى الله عليه وسلم إِنَّ لِي جُمَّةً أَفَأُرَجِّلُهَا فَقَالَ رَسُولُ اللَّهِ صلى الله عليه وسلم ‏\"‏ نَعَمْ وَأَكْرِمْهَا ‏\"‏ فَكَانَ أَبُو قَتَادَةَ رُبَّمَا دَهَنَهَا فِي الْيَوْمِ مَرَّتَيْنِ لِمَا قَالَ لَهُ رَسُولُ اللَّهِ صلى الله عليه وسلم ‏\"‏ وَأَكْرِمْهَا ‏\"‏ ‏.‏","english":{"narrator":"","text":"Yahya related to me from Malik from Yahya ibn Said that Abu\nQatada al-Ansari said to the Messenger of Allah, may Allah bless him\nand grant him peace, \"I have a lot of hair which comes down to my\nshoulders, shall I comb it?'' The Messenger of Allah. may Allah bless\nhim and grant him peace, said, \"Yes, and honour it.\" Sometimes Abu\nQatada oiled it twice in one day because the Messenger of Allah, may\nAllah bless him and grant him peace, said to him. \"Honour it.\""}},{"id":7,"idInBook":7,"chapterId":51,"bookId":7,"arabic":"وَحَدَّثَنِي عَنْ مَالِكٍ، عَنْ زَيْدِ بْنِ أَسْلَمَ، أَنَّ عَطَاءَ بْنَ يَسَارٍ، أَخْبَرَهُ قَالَ كَانَ رَسُولُ اللَّهِ صلى الله عليه وسلم فِي الْمَسْجِدِ فَدَخَلَ رَجُلٌ ثَائِرَ الرَّأْسِ وَاللِّحْيَةِ فَأَشَارَ إِلَيْهِ رَسُولُ اللَّهِ صلى الله عليه وسلم بِيَدِهِ أَنِ اخْرُجْ كَأَنَّهُ يَعْنِي إِصْلاَحَ شَعَرِ رَأْسِهِ وَلِحْيَتِهِ فَفَعَلَ الرَّجُلُ ثُمَّ رَجَعَ فَقَالَ رَسُولُ اللَّهِ صلى الله عليه وسلم ‏\n\"‏ أَلَيْسَ هَذَا خَيْرًا مِنْ أَنْ يَأْتِيَ أَحَدُكُمْ ثَائِرَ الرَّأْسِ كَأَنَّهُ شَيْطَانٌ ‏\"‏ ‏.‏","english":{"narrator":"","text":"Yahya related to me from Malik from Zayd ibn Aslam that Ata ibn\nYasar told him that the Messenger of Allah, may Allah bless him and\ngrant him peace, was in the mosque when a man came in with dishevelled\nhair and beard. The Messenger of Allah. may Allah bless him and grant\nhim peace, motioned with his hand that he should be sent out to groom\nhis hair and beard. The man did so and then returned. The Messenger of\nAllah, may Allah bless him and grant him peace, said, \"Isn't this\nbetter than that one of you should come with his head dishevelled, as\nif he were a shaytan?\""}},{"id":8,"idInBook":8,"chapterId":51,"bookId":7,"arabic":"حَدَّثَنِي عَنْ مَالِكٍ، عَنْ يَحْيَى بْنِ سَعِيدٍ، قَالَ أَخْبَرَنِي مُحَمَّدُ بْنُ إِبْرَاهِيمَ التَّيْمِيُّ، عَنْ أَبِي سَلَمَةَ بْنِ عَبْدِ الرَّحْمَنِ، أَنَّ عَبْدَ الرَّحْمَنِ بْنَ الأَسْوَدِ بْنِ عَبْدِ يَغُوثَ، قَالَ وَكَانَ جَلِيسًا لَهُمْ وَكَانَ أَبْيَضَ اللِّحْيَةِ وَالرَّأْسِ - قَالَ - فَغَدَا عَلَيْهِمْ ذَاتَ يَوْمٍ وَقَدْ حَمَّرَهُمَا - قَالَ - فَقَالَ لَهُ الْقَوْمُ هَذَا أَحْسَنُ فَقَالَ إِنَّ أُمِّي عَائِشَةَ زَوْجَ النَّبِيِّ صلى الله عليه وسلم أَرْسَلَتْ إِلَىَّ الْبَارِحَةَ جَارِيَتَهَا نُخَيْلَةَ فَأَقْسَمَتْ عَلَىَّ لأَصْبُغَنَّ وَأَخْبَرَتْنِي أَنَّ أَبَا بَكْرٍ الصِّدِّيقَ كَانَ يَصْبُغُ ‏.‏ قَالَ يَحْيَى سَمِعْتُ مَالِكًا يَقُولُ فِي صَبْغِ الشَّعَرِ بِالسَّوَادِ لَمْ أَسْمَعْ فِي ذَلِكَ شَيْئًا مَعْلُومًا وَغَيْرُ ذَلِكَ مِنَ الصِّبْغِ أَحَبُّ إِلَىَّ ‏.‏ قَالَ وَتَرْكُ الصَّبْغِ كُلِّهِ وَاسِعٌ إِنْ شَاءَ اللَّهُ لَيْسَ عَلَى النَّاسِ فِيهِ ضِيقٌ ‏.‏ قَالَ وَسَمِعْتُ مَالِكًا يَقُولُ فِي هَذَا الْحَدِيثِ بَيَانُ أَنَّ رَسُولَ اللَّهِ صلى الله عليه وسلم لَمْ يَصْبُغْ وَلَوْ صَبَغَ رَسُولُ اللَّهِ صلى الله عليه وسلم لأَرْسَلَتْ بِذَلِكَ عَائِشَةُ إِلَى عَبْدِ الرَّحْمَنِ بْنِ الأَسْوَدِ ‏.‏","english":{"narrator":"","text":"Yahya related to me from Malik that Yahya ibn Said said that\nMuhammad ibn Ibrahim at-Taymi had informed him that Abu Salama ibn Abd\nar-Rahman said \"Abd ar-Rahman ibn al-Aswad ibn Abdal-Yaghuth used to\nsit with us and he had a white beard and hair. One day he came to us\nand he had dyed them red, and the people said to him, 'This is\nbetter.' He said. 'A'isha the wife of the Prophet, may Allah bless him\nand grant him peace, sent her slave girl Nukhayla to me yesterday. She\nswore that my hair would be dyed and she informed me that Abu Bakr as-\nSiddiq used to dye his hair.' \"\n\n\nYahya said that he heard\nMalik say about dyeing the hair black, 'I have not heard anything\ncertain on that, and other colours than that are preferable to me.\"\n\n\nYahya said, \"Not to dye at all is permitted, Allah willing,\nand there is no constraint on people concerning it.\"\n\n\nYahya\nsaid that he had heard Malik say, \"There is no clear indication in\nthis hadith that the Messenger of Allah, may Allah bless him and grant\nhim peace, did not dye his hair. Had the Messenger of Allah, may Allah\nbless him and grant him peace, dyed his hair, A'isha would have sent a\nmessage to that effect to Abd ar-Rahman ibn al-Aswad.\""}},{"id":9,"idInBook":9,"chapterId":51,"bookId":7,"arabic":"حَدَّثَنِي عَنْ مَالِكٍ، عَنْ يَحْيَى بْنِ سَعِيدٍ، قَالَ بَلَغَنِي أَنَّ خَالِدَ بْنَ الْوَلِيدِ، قَالَ لِرَسُولِ اللَّهِ صلى الله عليه وسلم إِنِّي أُرَوَّعُ فِي مَنَامِي ‏.‏ فَقَالَ لَهُ رَسُولُ اللَّهِ صلى الله عليه وسلم ‏\n\"‏ قُلْ أَعُوذُ بِكَلِمَاتِ اللَّهِ التَّامَّةِ مِنْ غَضَبِهِ وَعِقَابِهِ وَشَرِّ عِبَادِهِ وَمِنْ هَمَزَاتِ الشَّيَاطِينِ وَأَنْ يَحْضُرُونِ ‏\"‏ ‏.‏","english":{"narrator":"","text":"Yahya related to me from Malik that Yahya ibn Said said that he\nhad heard that Khalid ibn al-Walid said to the Messenger of Allah, may\nAllah bless him and grant him peace, \"I have nightmares.\" The\nMessenger of Allah, may Allah bless him and grant him peace, said to\nhim, \"Say, 'I seek refuge with the complete words of Allah from His\nanger and His punishment and the evil of His slaves, and from the evil\nsuggestions of the shayatin and from their being present (at death).'\n\"\n\n\nAudhu bi kalimati' llahi't-tammati min ghadabihi wa iqabihi\nwa sharri ibadihi wa min hamazati' sh-shayatin wa an yahdurun."}},{"id":10,"idInBook":10,"chapterId":51,"bookId":7,"arabic":"وَحَدَّثَنِي عَنْ مَالِكٍ، عَنْ يَحْيَى بْنِ سَعِيدٍ، أَنَّهُ قَالَ أُسْرِيَ بِرَسُولِ اللَّهِ صلى الله عليه وسلم فَرَأَى عِفْرِيتًا مِنَ الْجِنِّ يَطْلُبُهُ بِشُعْلَةٍ مِنْ نَارٍ كُلَّمَا الْتَفَتَ رَسُولُ اللَّهِ صلى الله عليه وسلم رَآهُ فَقَالَ لَهُ جِبْرِيلُ أَفَلاَ أُعَلِّمُكَ كَلِمَاتٍ تَقُولُهُنَّ إِذَا قُلْتَهُنَّ طَفِئَتْ شُعْلَتُهُ وَخَرَّ لِفِيهِ فَقَالَ رَسُولُ اللَّهِ صلى الله عليه وسلم ‏\n\"‏ بَلَى ‏\"‏ فَقَالَ جِبْرِيلُ فَقُلْ أَعُوذُ بِوَجْهِ اللَّهِ الْكَرِيمِ وَبِكَلِمَاتِ اللَّهِ التَّامَّاتِ اللاَّتِي لاَ يُجَاوِزُهُنَّ بَرٌّ وَلاَ فَاجِرٌ مِنْ شَرِّ مَا يَنْزِلُ مِنَ السَّمَاءِ وَشَرِّ مَا يَعْرُجُ فِيهَا وَشَرِّ مَا ذَرَأَ فِي الأَرْضِ وَشَرِّ مَا يَخْرُجُ مِنْهَا وَمِنْ فِتَنِ اللَّيْلِ وَالنَّهَارِ وَمِنْ طَوَارِقِ اللَّيْلِ وَالنَّهَارِ إِلاَّ طَارِقًا يَطْرُقُ بِخَيْرٍ يَا رَحْمَنُ ‏.‏","english":{"narrator":"","text":"Yahya related to me from Malik that Yahya ibn Said said, \"When\nthe Messenger of Allah, may Allah bless him and grant him peace, was\ntaken on the Night Journey, he saw an evil jinn seeking him with a\ntorch of fire. Whenever the Messenger of Allah, may Allah bless him\nand grant him peace, turned, he saw him. Jibril said to him, 'Shall I\nteach you some words to say? When you say them, his torch will be put\nout and will fall from him.' The Messenger of Allah, may Allah bless\nhim and grant him peace, said, 'Yes, indeed.' Jibril said, 'Say, 'I\nseek refuge with the Noble Face of Allah and with the complete words\nof Allah which neither the good person nor the corrupt can exceed,\nfrom the evil of what descends from the sky and the evil of what\nascends in it, and from the evil of what is created in the earth and\nthe evil of what comes out of it, and from the trials of the night and\nday, and from the visitations of the night and day, except for one\nthat knocks with good, O Merciful!\" \"'\n\n\nAudhu bi wajhi'llahi'\nl-karim wa bi kalimati'llahi't-tammati. Allati la yujawazu hunna barra\nwa la fajir, min sharri ma yanzil min as-sama, wa sharri ma yaruju\nfiha, wa sham ma dhara' fi'l-ard, wa sharri ma yakhruju minha, wa min\nfitani'l-layli wa'n-nahar, wa min tawariqi'l-layli wa'n-nahar illa\ntariqan yatruq bikhayr ya Rahman!"}},{"id":11,"idInBook":11,"chapterId":51,"bookId":7,"arabic":"وَحَدَّثَنِي مَالِكٌ، عَنْ سُهَيْلِ بْنِ أَبِي صَالِحٍ، عَنْ أَبِيهِ، عَنْ أَبِي هُرَيْرَةَ، أَنَّ رَجُلاً، مِنْ أَسْلَمَ قَالَ مَا نِمْتُ هَذِهِ اللَّيْلَةَ ‏.‏ فَقَالَ لَهُ رَسُولُ اللَّهِ صلى الله عليه وسلم ‏\"‏ مِنْ أَىِّ شَىْءٍ ‏\"‏ ‏.‏ فَقَالَ لَدَغَتْنِي عَقْرَبٌ ‏.‏ فَقَالَ رَسُولُ اللَّهِ صلى الله عليه وسلم ‏\"‏ أَمَا إِنَّكَ لَوْ قُلْتَ حِينَ أَمْسَيْتَ أَعُوذُ بِكَلِمَاتِ اللَّهِ التَّامَّاتِ مِنْ شَرِّ مَا خَلَقَ ‏.‏ لَمْ تَضُرَّكَ ‏\"‏ ‏.‏","english":{"narrator":"","text":"Yahya related to me from Malik from Suhayl ibn Abi Salih from his\nfather from Abu Hurayra that a man of the Aslam tribe said, \"I did not\nsleep last night.\" The Messenger of Allah, may Allah bless him and\ngrant him peace, said to him, \"For what reason?\" He said, \"A scorpion\nbit me.\" The Messenger of Allah, may Allah bless him and grant him\npeace, said, \"Had you said in the evening, 'I seek refuge with the\ncomplete words of Allah from the evil of what He has created, 'it\nwould not have happened.\"\n\n\nAudhu bi kalimati'llahi't-tammati\nmin sharri ma khalaq ."}},{"id":12,"idInBook":12,"chapterId":51,"bookId":7,"arabic":"وَحَدَّثَنِي عَنْ مَالِكٍ، عَنْ سُمَىٍّ، مَوْلَى أَبِي بَكْرٍ عَنِ الْقَعْقَاعِ بْنِ حَكِيمٍ، أَنَّ كَعْبَ الأَحْبَارِ، قَالَ لَوْلاَ كَلِمَاتٌ أَقُولُهُنَّ لَجَعَلَتْنِي يَهُودُ حِمَارًا ‏.‏ فَقِيلَ لَهُ وَمَا هُنَّ فَقَالَ أَعُوذُ بِوَجْهِ اللَّهِ الْعَظِيمِ الَّذِي لَيْسَ شَىْءٌ أَعْظَمَ مِنْهُ وَبِكَلِمَاتِ اللَّهِ التَّامَّاتِ الَّتِي لاَ يُجَاوِزُهُنَّ بَرٌّ وَلاَ فَاجِرٌ وَبِأَسْمَاءِ اللَّهِ الْحُسْنَى كُلِّهَا مَا عَلِمْتُ مِنْهَا وَمَا لَمْ أَعْلَمْ مِنْ شَرِّ مَا خَلَقَ وَبَرَأَ وَذَرَأَ ‏.‏","english":{"narrator":"","text":"Yahya related to me from Malik from Summayy, the mawla of Abu\nBakr from al-Qa'qa ibn Hakim that Kab al-Ahbar said, \"Had it not been\nfor some words which I said, the jews would have made me into a\ndonkey.\" Someone asked him what they were. He said, \"I seek refuge\nwith the immense Face of Allah - there is nothing greater than it -\nand with the complete words of Allah which neither the good person nor\nthe corrupt can exceed and with all the most beautiful names of Allah,\nwhat I know of them and what I do not know, from the evil of what He\nhas created and originated and multiplied.\"\n\n\nAudhu bi\nwajhi'llahi l-adheem aladhee laysa shay'un adham minh, wa bi\nkalimati'llahi't-tammati, alatee la yujawizu hunna barra wa la fajir,\nwa bi asma'illahi'l-husna kulliha ma alamtu minha wa ma lam alam, min\nsharri ma khalaqa wa bara'a wa dhara'a."}},{"id":13,"idInBook":13,"chapterId":51,"bookId":7,"arabic":"وَحَدَّثَنِي عَنْ مَالِكٍ، عَنْ عَبْدِ اللَّهِ بْنِ عَبْدِ الرَّحْمَنِ بْنِ مَعْمَرٍ، عَنْ أَبِي الْحُبَابِ، سَعِيدِ بْنِ يَسَارٍ عَنْ أَبِي هُرَيْرَةَ، أَنَّهُ قَالَ قَالَ رَسُولُ اللَّهِ صلى الله عليه وسلم ‏\n\"‏ إِنَّ اللَّهَ تَبَارَكَ وَتَعَالَى يَقُولُ يَوْمَ الْقِيَامَةِ أَيْنَ الْمُتَحَابُّونَ لِجَلاَلِي الْيَوْمَ أُظِلُّهُمْ فِي ظِلِّي يَوْمَ لاَ ظِلَّ إِلاَّ ظِلِّي ‏\"‏ ‏.‏","english":{"narrator":"","text":"Yahya related to me from Malik from Abdullah ibn Abd ar-Rahman\nibn Mamar from Abu'l-Hubab Said ibn Yasar that Abu Hurayra said, \"The\nMessenger of Allah, may Allah bless him and grant him peace, said,\n'Allah, the Blessed, the Exalted, will say on the Day of Rising,\n\"Where are those who loved each other for My majesty? Today I will\nshade them in My shade on the day when there is no shade except My\nshade.\" \"'"}},{"id":14,"idInBook":14,"chapterId":51,"bookId":7,"arabic":"وَحَدَّثَنِي عَنْ مَالِكٍ، عَنْ خُبَيْبِ بْنِ عَبْدِ الرَّحْمَنِ الأَنْصَارِيِّ، عَنْ حَفْصِ بْنِ عَاصِمٍ، عَنْ أَبِي سَعِيدٍ الْخُدْرِيِّ، أَوْ عَنْ أَبِي هُرَيْرَةَ، أَنَّهُ قَالَ قَالَ رَسُولُ اللَّهِ صلى الله عليه وسلم ‏\"‏ سَبْعَةٌ يُظِلُّهُمُ اللَّهُ فِي ظِلِّهِ يَوْمَ لاَ ظِلَّ إِلاَّ ظِلُّهُ إِمَامٌ عَادِلٌ وَشَابٌّ نَشَأَ فِي عِبَادَةِ اللَّهِ","english":{"narrator":"Yahya related to me from Malik from Khubayb ibn Abd ar-Rahman al-\nAnsari from Hafs ibn Asim that either Abu Said al-Khudri or Abu\nHurayra said, \"The Messenger of Allah, may Allah bless him and grant\nhim peace, said, 'There are seven whom Allah will shade in His shade\non the day on which there is no shade except His shade:","text":"a just imam, a\nyouth who grows up worshipping Allah, a man whose heart is attached to\nthe mosque when he leaves it until he returns to it, two men who love\neach other in Allah and meet for that and part for that, a man who\nremembers Allah when he is alone and his eyes overflow with tears, a\nman who refuses the approaches of a noble, beautiful woman, saying \"I\nfear Allah,\" and a man who gives sadaqa and conceals it so that his\nleft hand does not know what his right hand gives.' \""}},{"id":15,"idInBook":15,"chapterId":51,"bookId":7,"arabic":"وَحَدَّثَنِي عَنْ مَالِكٍ، عَنْ سُهَيْلِ بْنِ أَبِي صَالِحٍ، عَنْ أَبِيهِ، عَنْ أَبِي هُرَيْرَةَ، أَنَّ رَسُولَ اللَّهِ صلى الله عليه وسلم قَالَ ‏\n\"‏ إِذَا أَحَبَّ اللَّهُ الْعَبْدَ قَالَ لِجِبْرِيلَ قَدْ أَحْبَبْتُ فُلاَنًا فَأَحِبَّهُ ‏.‏ فَيُحِبُّهُ جِبْرِيلُ ثُمَّ يُنَادِي فِي أَهْلِ السَّمَاءِ إِنَّ اللَّهَ قَدْ أَحَبَّ فُلاَنًا فَأَحِبُّوهُ ‏.‏ فَيُحِبُّهُ أَهْلُ السَّمَاءِ ثُمَّ يُوضَعُ لَهُ الْقَبُولُ فِي الأَرْضِ ‏.‏ وَإِذَا أَبْغَضَ اللَّهُ الْعَبْدَ ‏\"‏ ‏.‏ قَالَ مَالِكٌ لاَ أَحْسِبُهُ إِلاَّ أَنَّهُ قَالَ فِي الْبُغْضِ مِثْلَ ذَلِكَ ‏.‏","english":{"narrator":"","text":"Yahya related to me from Malik from Suhayl ibn Abi Salih from his\nfather from Abu Hurayra that the Messenger of Allah, may Allah bless\nhim and grant him peace, said, \"If Allah loves a slave, he says to\nJibril, 'I love so-and-so, so love him,' so Jibril loves him and then\ncalls out to the people of heaven, 'Allah loves so-and-so, so love\nhim,' and the people of heaven love him, and then acceptance is placed\nin the Earth for him.\" When Allah is angry with a slave, Malik said,\n\"I consider that he says the like of that about His anger.\""}},{"id":16,"idInBook":16,"chapterId":51,"bookId":7,"arabic":"وَحَدَّثَنِي عَنْ مَالِكٍ، عَنْ أَبِي حَازِمِ بْنِ دِينَارٍ، عَنْ أَبِي إِدْرِيسَ الْخَوْلاَنِيِّ، أَنَّهُ قَالَ دَخَلْتُ مَسْجِدَ دِمَشْقَ فَإِذَا فَتًى شَابٌّ بَرَّاقُ الثَّنَايَا وَإِذَا النَّاسُ مَعَهُ إِذَا اخْتَلَفُوا فِي شَىْءٍ أَسْنَدُوا إِلَيْهِ وَصَدَرُوا عَنْ قَوْلِهِ فَسَأَلْتُ عَنْهُ فَقِيلَ هَذَا مُعَاذُ بْنُ جَبَلٍ ‏.‏ فَلَمَّا كَانَ الْغَدُ هَجَّرْتُ فَوَجَدْتُهُ قَدْ سَبَقَنِي بِالتَّهْجِيرِ وَوَجَدْتُهُ يُصَلِّي - قَالَ - فَانْتَظَرْتُهُ حَتَّى قَضَى صَلاَتَهُ ثُمَّ جِئْتُهُ مِنْ قِبَلِ وَجْهِهِ فَسَلَّمْتُ عَلَيْهِ ثُمَّ قُلْتُ وَاللَّهِ إِنِّي لأُحِبُّكَ لِلَّهِ ‏.‏ فَقَالَ آللَّهِ فَقُلْتُ آللَّهِ ‏.‏ فَقَالَ آللَّهِ فَقُلْتُ آللَّهِ ‏.‏ فَقَالَ آللَّهِ فَقُلْتُ آللَّهِ ‏.‏ قَالَ فَأَخَذَ بِحُبْوَةِ رِدَائِي فَجَبَذَنِي إِلَيْهِ وَقَالَ أَبْشِرْ فَإِنِّي سَمِعْتُ رَسُولَ اللَّهِ صلى الله عليه وسلم يَقُولُ ‏\n\"‏ قَالَ اللَّهُ تَبَارَكَ وَتَعَالَى وَجَبَتْ مَحَبَّتِي لِلْمُتَحَابِّينَ فِيَّ وَالْمُتَجَالِسِينَ فِيَّ وَالْمُتَزَاوِرِينَ فِيَّ وَالْمُتَبَاذِلِينَ فِيَّ ‏\"‏ ‏.‏","english":{"narrator":"","text":"Yahya related to me from Malik from Abu Hazim ibn Dinar that Abu Idris\nal-Khawlani said, \"I entered the Damascus mosque and there was a young\nman with a beautiful mouth and white teeth sitting with some people.\nWhen they disagreed about something, they referred it to him and\nproceeded from his statement. I inquired about him, and it was said,\n'This is Muadh ibn Jabal.' The next day I went to the noon-prayer, and\nI found that he had preceded me to the noon prayer and I found him\npraying.\"\n\n\nAbu Idris continued, \"I waited for him until he had\nfinished the prayer. Then I came to him from in front of him and\ngreeted him and said, 'By Allah! I love you for Allah!' He said, 'By\nAllah?' I said, 'By Allah.' He said, 'By Allah?' I said, 'By Allah.'\nHe said, 'By Allah?' I said, 'By Allah.' \"\n\n\nHe continued, \"He\ntook me by the upper part of my cloak and pulled me to him and said,\n'Rejoice! I heard the Messenger of Allah, may Allah bless him and\ngrant him peace, say, \"Allah, the Blessed and Exalted, said, 'My love\nis obliged for those who love each other in Me, and those who sit with\neach other in Me, and those who visit each other in Me, and those who\ngive to each other generously in Me.' \" ' \""}},{"id":17,"idInBook":17,"chapterId":51,"bookId":7,"arabic":"وَحَدَّثَنِي عَنْ مَالِكٍ، أَنَّهُ بَلَغَهُ عَنْ عَبْدِ اللَّهِ بْنِ عَبَّاسٍ، أَنَّهُ كَانَ يَقُولُ الْقَصْدُ وَالْتُّؤَدَةُ وَحُسْنُ السَّمْتِ جُزْءٌ مِنْ خَمْسَةٍ وَعِشْرِينَ جُزْءًا مِنَ النُّبُوَّةِ ‏.‏","english":{"narrator":"","text":"Yahya related to me from Malik that he had heard that Abdullah\nibn Abbas said, \"Equanimity, gentleness, and good behaviour are one\ntwenty-fifth of prophecy.\""}}],"chapter":{"id":51,"bookId":7,"arabic":"كتاب الشعر","english":"Hair"}}