{
  "metadata": {
    "length": 2,
    "arabic": {
      "title": "موطأ مالك",
      "author": "الإمام مالك بن أنس",
      "introduction": "كتاب جهنم"
    },
    "english": {
      "title": "Muwatta Malik",
      "author": "Imam Malik ibn Anas",
      "introduction": "Jahannam"
    }
  },
  "hadiths": [
    {
      "id": 1,
      "idInBook": 1,
      "chapterId": 57,
      "bookId": 7,
      "arabic": "حَدَّثَنِي مَالِكٌ، عَنْ أَبِي الزِّنَادِ، عَنِ الأَعْرَجِ، عَنْ أَبِي هُرَيْرَةَ، أَنَّ رَسُولَ اللَّهِ صلى الله عليه وسلم قَالَ ‏\"‏ نَارُ بَنِي آدَمَ الَّتِي يُوقِدُونَ جُزْءٌ مِنْ سَبْعِينَ جُزْءًا مِنْ نَارِ جَهَنَّمَ ‏\"‏ ‏.‏ فَقَالُوا يَا رَسُولَ اللَّهِ إِنْ كَانَتْ لَكَافِيَةً ‏.‏ قَالَ ‏\"‏ إِنَّهَا فُضِّلَتْ عَلَيْهَا بِتِسْعَةٍ وَسِتِّينَ جُزْءًا ‏\"‏ ‏.‏",
      "english": {
        "narrator": "",
        "text": "Malik related to me from Abu'z-Zinad from al-Araj from Abu\nHurayra that the Messenger of Allah, may Allah bless him and grant him\npeace, said, \"The fire of the children of Adam which they kindle is a\nseventieth part of the fire of Jahannam.\" They said, \"Messenger of\nAllah, this fire is certainly enough.\" He said, \"That fire is sixty-\nnine times greater.\""
      },
      "turkish": {
        "narrator": "",
        "text": "Malik, bana Abu'z-Zinad'dan, o da al-Araj'dan, o da Abu Hurayra'dan aktardı ki, Allah'ın Resulü, ona salat ve selam olsun, şöyle buyurmuştur: \"Âdemoğullarının yaktığı ateş, Cehennem ateşinin yetmişte biridir.\" Onlar dediler ki, \"Ey Allah'ın Resulü, bu ateş gerçekten yeter.\" O da şöyle dedi: \"O ateş, altmış dokuz kat daha büyüktür.\""
      }
    },
    {
      "id": 2,
      "idInBook": 2,
      "chapterId": 57,
      "bookId": 7,
      "arabic": "وَحَدَّثَنِي مَالِكٌ، عَنْ عَمِّهِ أَبِي سُهَيْلِ بْنِ مَالِكٍ، عَنْ أَبِيهِ، عَنْ أَبِي هُرَيْرَةَ، أَنَّهُ قَالَ أَتُرَوْنَهَا حَمْرَاءَ كَنَارِكُمْ هَذِهِ لَهِيَ أَسْوَدُ مِنَ الْقَارِ ‏\"‏ ‏.‏ وَالْقَارُ الزِّفْتُ ‏.‏",
      "english": {
        "narrator": "",
        "text": "Malik related to me from his paternal uncle Abu Suhayl ibn Malik\nfrom his father that Abu Hurayra said, \"Do you think that it is red\nlike this fire of yours? It is blacker than tar.\""
      },
      "turkish": {
        "narrator": "",
        "text": "Malik, bana amcası Abu Suhayl ibn Malik'ten, o da babasından aktardı ki, Abu Hurayra şöyle dedi: \"Sizce bu ateş, sizin ateşiniz gibi mi kırmızı? O, katrandan daha siyahtır.\""
      }
    }
  ],
  "chapter": {
    "id": 57,
    "bookId": 7,
    "arabic": "كتاب جهنم",
    "english": "Jahannam"
  }
}