{
  "metadata": {
    "length": 15,
    "arabic": {
      "title": "موطأ مالك",
      "author": "الإمام مالك بن أنس",
      "introduction": "كتاب الصدقة"
    },
    "english": {
      "title": "Muwatta Malik",
      "author": "Imam Malik ibn Anas",
      "introduction": "Sadaqa"
    }
  },
  "hadiths": [
    {
      "id": 1,
      "idInBook": 1,
      "chapterId": 58,
      "bookId": 7,
      "arabic": "حَدَّثَنِي مَالِكٌ، عَنْ يَحْيَى بْنِ سَعِيدٍ، عَنْ أَبِي الْحُبَابِ، سَعِيدِ بْنِ يَسَارٍ أَنَّ رَسُولَ اللَّهِ صلى الله عليه وسلم قَالَ ‏\n\"‏ مَنْ تَصَدَّقَ بِصَدَقَةٍ مِنْ كَسْبٍ طَيِّبٍ - وَلاَ يَقْبَلُ اللَّهُ إِلاَّ طَيِّبًا - كَانَ إِنَّمَا يَضَعُهَا فِي كَفِّ الرَّحْمَنِ يُرَبِّيهَا كَمَا يُرَبِّي أَحَدُكُمْ فَلُوَّهُ أَوْ فَصِيلَهُ حَتَّى تَكُونَ مِثْلَ الْجَبَلِ ‏\"‏ ‏.‏",
      "english": {
        "narrator": "",
        "text": "Malik related to me from Yahya ibn Said from Abu'l-Hubab Said ibn\nYasar that the Messenger of Allah, may Allah bless him and grant him\npeace, said, \"Whoever gives sadaqa from good earning - and Allah only\naccepts the good - it is as if he placed it in the palm of the\nMerciful to raise it, as one of you raises his foal or young camel\nuntil it is like the mountain \""
      },
      "turkish": {
        "narrator": "",
        "text": "Malik, Yahya ibn Said'den, Abu'l-Hubab Said ibn Yasar'dan, Allah'ın Messenger'ı, Allah ona salat ve selam etsin, şöyle dediğini rivayet etti: \"Kim iyi kazançtan sadaka verirse - Allah sadece iyiyi kabul eder - bu, onun onu Merhametlinin avucuna koyması gibidir; Merhametli onu büyütür, tıpkı sizlerden biri tayını veya genç devesini büyüttüğü gibi, ta ki o da dağ gibi olur.\""
      }
    },
    {
      "id": 2,
      "idInBook": 2,
      "chapterId": 58,
      "bookId": 7,
      "arabic": "وَحَدَّثَنِي مَالِكٌ، عَنْ إِسْحَاقَ بْنِ عَبْدِ اللَّهِ بْنِ أَبِي طَلْحَةَ، أَنَّهُ سَمِعَ أَنَسَ بْنَ مَالِكٍ،\nيَقُولُ كَانَ أَبُو طَلْحَةَ أَكْثَرَ أَنْصَارِيٍّ بِالْمَدِينَةِ مَالاً مِنْ نَخْلٍ وَكَانَ أَحَبُّ أَمْوَالِهِ إِلَيْهِ بَيْرُحَاءَ وَكَانَتْ مُسْتَقْبِلَةَ الْمَسْجِدِ وَكَانَ رَسُولُ اللَّهِ صلى الله عليه وسلم يَدْخُلُهَا وَيَشْرَبُ مِنْ مَاءٍ\nفِيهَا طَيِّبٍ قَالَ أَنَسٌ فَلَمَّا أُنْزِلَتْ هَذِهِ الآيَةُ ‏{‏ لَنْ تَنَالُوا الْبِرَّ حَتَّى تُنْفِقُوا مِمَّا تُحِبُّونَ‏}‏ قَامَ أَبُو طَلْحَةَ إِلَى رَسُولِ اللَّهِ صلى الله عليه وسلم فَقَالَ يَا رَسُولَ اللَّهِ إِنَّ اللَّهَ تَبَارَكَ وَتَعَالَى يَقُولُ ‏{‏لَنْ تَنَالُوا الْبِرَّ حَتَّى تُنْفِقُوا مِمَّا تُحِبُّونَ‏}‏ وَإِنَّ أَحَبَّ أَمْوَالِي إِلَىَّ بَيْرُحَاءَ وَإِنَّهَا صَدَقَةٌ لِلَّهِ أَرْجُو بِرَّهَا وَذُخْرَهَا عِنْدَ اللَّهِ فَضَعْهَا يَا رَسُولَ اللَّهِ حَيْثُ شِئْتَ قَالَ فَقَالَ رَسُولُ اللَّهِ صلى الله عليه وسلم ‏\n\"‏ بَخْ ذَلِكَ مَالٌ رَابِحٌ ذَلِكَ مَالٌ رَابِحٌ وَقَدْ سَمِعْتُ مَا قُلْتَ فِيهِ وَإِنِّي أَرَى أَنْ تَجْعَلَهَا فِي الأَقْرَبِينَ ‏\"‏ ‏.‏ فَقَالَ أَبُو طَلْحَةَ أَفْعَلُ يَا رَسُولَ اللَّهِ فَقَسَمَهَا أَبُو طَلْحَةَ فِي أَقَارِبِهِ وَبَنِي عَمِّهِ ‏.‏",
      "english": {
        "narrator": "",
        "text": "Malik related to me that Ishaq ibn Abdullah ibn Abi Talha heard\nAnas ibn Malik say, \"Abu Talha had the greatest amount of property in\npalm-trees among the Ansar in Madina. The dearest of his properties to\nhim was Bayruha which was in front of the mosque. The Messenger of\nAllah, may Allah bless him and grant him peace, used to go into it and\ndrink from the pleasant water which was in it.\"\n\n\nAnas\ncontinued, \"When this ayat was sent down 'You will not obtain\nrightness of action until you expend of what you love,' (Sura 2 ayat\nl76), Abu Talha went to the Messenger of Allah, may Allah bless him\nand grant him peace, and said, 'Messenger of Allah! Allah, the\nBlessed, the Exalted, has said, \"You will not obtain until you expend\nof what you love.\" The property which I love the best is Bayruha. It\nis sadaqa for Allah. I hope for its good and for it to be stored up\nwith Allah. Place it wherever you wish, Messengerof Allah. ' \"\n\n\n\"The Messenger of Allah, may Allah bless him and grant him peace,\nsaid, 'Well done! That is property which profits! That is property\nwhich profits. I have heard what you have said about it and I think\nthat you should give it to your relatives.' Abu Talha said, 'I will do\nit, Messenger of Allah!' Abu Talha therefore divided it among his\nrelatives and the children of his paternal uncle.\""
      },
      "turkish": {
        "narrator": "",
        "text": "Malik, Ishaq ibn Abdullah ibn Abi Talha'nın, Anas ibn Malik'ten şöyle dediğini duyduğunu rivayet etti: \"Abu Talha, Medine'deki Ensar arasında en fazla hurma ağaçlarına sahipti. En sevdiği malı, caminin önünde bulunan Bayruha idi. Allah'ın Messenger'ı, Allah ona salat ve selam etsin, oraya girer ve içindeki hoş sudan içerdi.\""
      }
    },
    {
      "id": 3,
      "idInBook": 3,
      "chapterId": 58,
      "bookId": 7,
      "arabic": "وَحَدَّثَنِي مَالِكٌ، عَنْ زَيْدِ بْنِ أَسْلَمَ، أَنَّ رَسُولَ اللَّهِ صلى الله عليه وسلم قَالَ ‏\n\"‏ أَعْطُوا السَّائِلَ وَإِنْ جَاءَ عَلَى فَرَسٍ ‏\"‏ ‏.‏",
      "english": {
        "narrator": "",
        "text": "Malik related to me from Zayd ibn Aslam that the Messenger of\nAllah, may Allah bless him and grant him peace, said, \"Give to a\nbeggar even if he comes on a horse.\""
      },
      "turkish": {
        "narrator": "",
        "text": "Anas devam etti: \"Bu ayet indirildiğinde 'Siz sevdiğiniz şeylerden harcamadıkça hayra eremezsiniz.' (Bakara 2:176), Abu Talha, Allah'ın Messenger'ına, Allah ona salat ve selam etsin, gitti ve şöyle dedi: 'Allah'ın Messenger'ı! Allah, mübarek ve yüce olan, 'Siz sevdiğiniz şeylerden harcamadıkça hayra eremezsiniz.' dedi. En çok sevdiğim mal Bayruha'dır. Bu, Allah için bir sadakadır. Onun hayrını umuyorum ve Allah katında biriktirilmesini istiyorum. İstediğin yere koy, Allah'ın Messenger'ı.'\""
      }
    },
    {
      "id": 4,
      "idInBook": 4,
      "chapterId": 58,
      "bookId": 7,
      "arabic": "وَحَدَّثَنِي مَالِكٌ، عَنْ زَيْدِ بْنِ أَسْلَمَ، عَنْ عَمْرِو بْنِ مُعَاذٍ الأَشْهَلِيِّ الأَنْصَارِيِّ، عَنْ جَدَّتِهِ، أَنَّهَا قَالَتْ قَالَ رَسُولُ اللَّهِ صلى الله عليه وسلم ‏\n\"‏ يَا نِسَاءَ الْمُؤْمِنَاتِ لاَ تَحْقِرَنَّ إِحْدَاكُنَّ أَنْ تُهْدِيَ لِجَارَتِهَا وَلَوْ كُرَاعَ شَاةٍ مُحْرَقًا ‏\"‏ ‏.‏",
      "english": {
        "narrator": "",
        "text": "Malik related to me from Zayd ibn Aslam from Amr ibn Muadh al-\nAshali al-Ansari that his grandmother said, \"The Messenger of Allah,\nmay Allah bless him and grant him peace, said, 'O trusting women! Let\nnone of you despise giving to her neighbour even if it is only a\nroasted sheep's trotter.'"
      },
      "turkish": {
        "narrator": "",
        "text": "\"Allah'ın Messenger'ı, Allah ona salat ve selam etsin, 'Aferin! Bu, kâr getiren bir maldır! Bu, kâr getiren bir maldır. Senin söylediklerini duydum ve akrabalarına vermeni düşünüyorum.' dedi. Abu Talha, 'Yapacağım, Allah'ın Messenger'ı!' dedi. Bunun üzerine Abu Talha, onu akrabaları ve amcasının çocukları arasında paylaştırdı.\""
      }
    },
    {
      "id": 5,
      "idInBook": 5,
      "chapterId": 58,
      "bookId": 7,
      "arabic": "وَحَدَّثَنِي عَنْ مَالِكٍ، أَنَّهُ بَلَغَهُ عَنْ عَائِشَةَ، زَوْجِ النَّبِيِّ صلى الله عليه وسلم أَنَّ مِسْكِينًا سَأَلَهَا وَهِيَ صَائِمَةٌ وَلَيْسَ فِي بَيْتِهَا إِلاَّ رَغِيفٌ فَقَالَتْ لِمَوْلاَةٍ لَهَا أَعْطِيهِ إِيَّاهُ ‏.‏ فَقَالَتْ لَيْسَ لَكِ مَا تُفْطِرِينَ عَلَيْهِ ‏.‏ فَقَالَتْ أَعْطِيهِ إِيَّاهُ قَالَتْ فَفَعَلْتُ - قَالَتْ - فَلَمَّا أَمْسَيْنَا أَهْدَى لَنَا أَهْلُ بَيْتٍ - أَوْ إِنْسَانٌ - مَا كَانَ يُهْدِي لَنَا شَاةً وَكَفَنَهَا فَدَعَتْنِي عَائِشَةُ أُمُّ الْمُؤْمِنِينَ فَقَالَتْ كُلِي مِنْ هَذَا هَذَا خَيْرٌ مِنْ قُرْصِكِ ‏.‏",
      "english": {
        "narrator": "",
        "text": "Yahya related to me from Malik that he heard that a beggar asked\nA'isha, the wife of the Prophet, may Allah bless him and grant him\npeace, for something while she was fasting and there was only a loaf\nof bread in her house. She said to her female mawla, \"Give it to him.\"\nThe mawla protested, \"You will not have anything to break your fast\nwith.\" A'isha repeated, \"Give it to him,\" so she did so. When evening\ncame, the people of a house or a man who did not usually give to them,\ngave them a sheep and some food to go with it. A'isha, umm al-muminin,\ncalled her mawla and said, \"Eat from this. This is better than your\nloaf of bread.\""
      },
      "turkish": {
        "narrator": "",
        "text": "Malik, Zayd ibn Aslam'dan, Allah'ın Messenger'ı, Allah ona salat ve selam etsin, şöyle dediğini rivayet etti: \"Bir dilenciye, eğer o bir ata binmişse bile, verin.\""
      }
    },
    {
      "id": 6,
      "idInBook": 6,
      "chapterId": 58,
      "bookId": 7,
      "arabic": "وَحَدَّثَنِي عَنْ مَالِكٍ، قَالَ بَلَغَنِي أَنَّ مِسْكِينًا، اسْتَطْعَمَ عَائِشَةَ أُمَّ الْمُؤْمِنِينَ وَبَيْنَ يَدَيْهَا عِنَبٌ فَقَالَتْ لإِنْسَانٍ خُذْ حَبَّةً فَأَعْطِهِ إِيَّاهَا فَجَعَلَ يَنْظُرُ إِلَيْهَا وَيَعْجَبُ فَقَالَتْ عَائِشَةُ أَتَعْجَبُ كَمْ تَرَى فِي هَذِهِ الْحَبَّةِ مِنْ مِثْقَالِ ذَرَّةٍ",
      "english": {
        "narrator": "",
        "text": "Yahya related to me that Malik said, \"I heard that a beggar asked\nfor food from A'isha, umm al-muminin, while she had some grapes. She\ntold some one to take him one grape. He began to look in amazement.\nA'isha said, 'Are you amazed? How many atoms' weights do you see in\nthis grape?' \" (referring to Sura 99 ayat 7)."
      },
      "turkish": {
        "narrator": "",
        "text": "Malik, Zayd ibn Aslam'dan, Amr ibn Muadh al-Ashali al-Ansari'den, onun büyükannesinin şöyle dediğini rivayet etti: \"Allah'ın Messenger'ı, Allah ona salat ve selam etsin, 'Ey güvenen kadınlar! Sizlerden hiçbiri, komşusuna, sadece bir kızartılmış koyun ayağı bile olsa, vermekten küçümsemesin.' dedi.\""
      }
    },
    {
      "id": 7,
      "idInBook": 7,
      "chapterId": 58,
      "bookId": 7,
      "arabic": "وَحَدَّثَنِي عَنْ مَالِكٍ، عَنِ ابْنِ شِهَابٍ، عَنْ عَطَاءِ بْنِ يَزِيدَ اللَّيْثِيِّ، عَنْ أَبِي سَعِيدٍ الْخُدْرِيِّ، ‏.‏ أَنَّ نَاسًا، مِنَ الأَنْصَارِ سَأَلُوا رَسُولَ اللَّهِ صلى الله عليه وسلم فَأَعْطَاهُمْ ثُمَّ سَأَلُوهُ فَأَعْطَاهُمْ حَتَّى نَفِدَ مَا عِنْدَهُ ثُمَّ قَالَ ‏\n\"‏ مَا يَكُونُ عِنْدِي مِنْ خَيْرٍ فَلَنْ أَدَّخِرَهُ عَنْكُمْ وَمَنْ يَسْتَعْفِفْ يُعِفَّهُ اللَّهُ وَمَنْ يَسْتَغْنِ يُغْنِهِ اللَّهُ وَمَنْ يَتَصَبَّرْ يُصَبِّرْهُ اللَّهُ وَمَا أُعْطِيَ أَحَدٌ عَطَاءً هُوَ خَيْرٌ وَأَوْسَعُ مِنَ الصَّبْرِ ‏\"‏ ‏.‏",
      "english": {
        "narrator": "",
        "text": "Malik related to me from Malik from Ibn Shihab from Ata ibn Yazid\nal-Laythi from Abu Said al-Khudri that some people of the Ansar asked\nthe Messenger of Allah, may Allah bless him and grant him peace, and\nhe gave to them. Then they asked him again, and he gave to them until\nhe used up what he had. Then he said, \"What wealth I have, I will not\nhoard from you. Whoever has forbearance, Allah will help him. Whoever\ntries to be independent, Allah will enrich him. Whoever tries to be\npatient, Allah will give him patience, and no one is given a better or\nvaster gift than patience.\""
      },
      "turkish": {
        "narrator": "",
        "text": "Yahya, Malik'ten, A'isha, Allah'ın Messenger'ının eşi, Allah ona salat ve selam etsin, oruçlu olduğu sırada bir dilencinin ondan bir şey istediğini duyduğunu rivayet etti. Evinde sadece bir somun ekmek vardı. O, cariyesine, \"Ona ver.\" dedi. Cariyeleri itiraz etti, \"Oruç açacak bir şeyin olmayacak.\" A'isha tekrar, \"Ona ver.\" dedi, böylece verdi. Akşam olunca, bir evin insanları ya da onlara genelde vermeyen bir adam, onlara bir koyun ve yanında yiyecek gönderdi. A'isha, müminlerin annesi, cariyesini çağırdı ve \"Bundan ye. Bu, senin somun ekmeğinden daha hayırlıdır.\" dedi."
      }
    },
    {
      "id": 8,
      "idInBook": 8,
      "chapterId": 58,
      "bookId": 7,
      "arabic": "وَحَدَّثَنِي عَنْ مَالِكٍ، عَنْ نَافِعٍ، عَنْ عَبْدِ اللَّهِ بْنِ عُمَرَ، أَنَّ رَسُولَ اللَّهِ صلى الله عليه وسلم قَالَ - وَهُوَ عَلَى الْمِنْبَرِ وَهُوَ يَذْكُرُ الصَّدَقَةَ وَالتَّعَفُّفَ عَنِ الْمَسْأَلَةِ - ‏\n\"‏ الْيَدُ الْعُلْيَا خَيْرٌ مِنَ الْيَدِ السُّفْلَى وَالْيَدُ الْعُلْيَا هِيَ الْمُنْفِقَةُ وَالسُّفْلَى هِيَ السَّائِلَةُ ‏\"‏ ‏.‏",
      "english": {
        "narrator": "",
        "text": "Yahya related to me from Malik from Nafi from Abdullah ibn Umar\nthat the Messenger of Allah, may Allah bless him and grant him peace,\nsaid from the mimbar when mentioning sadaqa and refraining from\nasking, \"The upper hand is better than the lower hand. The upper hand\nis the one which expends, and the lower one is the one which asks.\""
      },
      "turkish": {
        "narrator": "",
        "text": "Yahya, Malik'ten, A'isha, müminlerin annesi, Allah ona salat ve selam etsin, yanında biraz üzüm varken bir dilencinin yiyecek istediğini duyduğunu rivayet etti. O, birine bir üzüm vermesini söyledi. Adam hayretle bakmaya başladı. A'isha, \"Hayret mi ediyorsun? Bu üzümde kaç atom ağırlığı görüyorsun?\" dedi. (Sura 99, ayet 7'ye atıfta bulunarak.)"
      }
    },
    {
      "id": 9,
      "idInBook": 9,
      "chapterId": 58,
      "bookId": 7,
      "arabic": "وَحَدَّثَنِي عَنْ مَالِكٍ، عَنْ زَيْدِ بْنِ أَسْلَمَ، عَنْ عَطَاءِ بْنِ يَسَارٍ، أَنَّ رَسُولَ اللَّهِ صلى الله عليه وسلم أَرْسَلَ إِلَى عُمَرَ بْنِ الْخَطَّابِ بِعَطَاءٍ فَرَدَّهُ عُمَرُ فَقَالَ لَهُ رَسُولُ اللَّهِ صلى الله عليه وسلم ‏\"‏ لِمَ رَدَدْتَهُ ‏\"‏ ‏.‏ فَقَالَ يَا رَسُولَ اللَّهِ أَلَيْسَ أَخْبَرْتَنَا أَنَّ خَيْرًا لأَحَدِنَا أَنْ لاَ يَأْخُذَ مِنْ أَحَدٍ شَيْئًا فَقَالَ رَسُولُ اللَّهِ صلى الله عليه وسلم ‏\"‏ إِنَّمَا ذَلِكَ عَنِ الْمَسْأَلَةِ فَأَمَّا مَا كَانَ مِنْ غَيْرِ مَسْأَلَةٍ فَإِنَّمَا هُوَ رِزْقٌ يَرْزُقُكَهُ اللَّهُ ‏\"‏ ‏.‏ فَقَالَ عُمَرُ بْنُ الْخَطَّابِ أَمَا وَالَّذِي نَفْسِي بِيَدِهِ لاَ أَسْأَلُ أَحَدًا شَيْئًا وَلاَ يَأْتِينِي شَىْءٌ مِنْ غَيْرِ مَسْأَلَةٍ إِلاَّ أَخَذْتُهُ ‏.‏",
      "english": {
        "narrator": "",
        "text": "Yahya related to me from Malik from Zayd ibn Aslam from Ata ibn\nYasar that the Messenger of Allah, may Allah bless him and grant him\npeace, sent a gift to Umar ibn al-Khattab, and Umar returned it. The\nMessenger of Allah, may Allah bless him and grant him peace, said,\n\"Why did you return it?\" He said, \"Messenger of Allah, didn't you tell\nus that it is better for us not to take anything from anyone?\" The\nMessenger of Allah, may Allah bless him and grant him peace, said,\n\"That is by asking. Provision which Allah gives you is different from\nasking.\" Umar ibn al-Khattab said, \"By the One in whose hand my self\nis, I will not ask anything from anyone, and anything that comes to me\nwithout my asking for it, I will accept.\""
      },
      "turkish": {
        "narrator": "",
        "text": "Malik, Malik'ten, Ibn Shihab'dan, Ata ibn Yazid al-Laythi'den, Abu Said al-Khudri'den, Ensar'dan bazı insanların Allah'ın Messenger'ına, Allah ona salat ve selam etsin, sorduklarını ve onun onlara verdiğini rivayet etti. Sonra tekrar sordular ve o, elindeki her şeyi verene kadar onlara verdi. Sonra şöyle dedi: \"Sahip olduğum zenginlikten sizlere bir şey saklamayacağım. Kim sabırlı olursa, Allah ona yardım eder. Kim bağımsız olmaya çalışırsa, Allah onu zenginleştirir. Kim sabırlı olmaya çalışırsa, Allah ona sabır verir ve hiç kimseye sabırdan daha iyi veya daha geniş bir hediye verilmemiştir.\""
      }
    },
    {
      "id": 10,
      "idInBook": 10,
      "chapterId": 58,
      "bookId": 7,
      "arabic": "وَحَدَّثَنِي عَنْ مَالِكٍ، عَنْ أَبِي الزِّنَادِ، عَنِ الأَعْرَجِ، عَنْ أَبِي هُرَيْرَةَ، أَنَّ رَسُولَ اللَّهِ صلى الله عليه وسلم قَالَ ‏\n\"‏ وَالَّذِي نَفْسِي بِيَدِهِ لأَنْ يَأْخُذَ أَحَدُكُمْ حَبْلَهُ فَيَحْتَطِبَ عَلَى ظَهْرِهِ خَيْرٌ لَهُ مِنْ أَنْ يَأْتِيَ رَجُلاً أَعْطَاهُ اللَّهُ مِنْ فَضْلِهِ فَيَسْأَلَهُ أَعْطَاهُ أَوْ مَنَعَهُ ‏\"‏ ‏.‏",
      "english": {
        "narrator": "",
        "text": "Yahya related to me from Malik from Abu'z-Zinad from al-Araj from\nAbu Hurayra that the Messenger of Allah, may Allah bless him and grant\nhim peace, said, \"By Him in whose hand myself is! To take your rope\nand gather firewood on your back is better for you than that you come\nto a man to whom Allah has given some of His favour and ask him, so he\ngives to you or refuses.\""
      },
      "turkish": {
        "narrator": "",
        "text": "Yahya, Malik'ten, Nafi'den, Abdullah ibn Umar'dan, Allah'ın Messenger'ı, Allah ona salat ve selam etsin, minberden sadaka ve istememekten bahsederken şöyle dediğini rivayet etti: \"Üst el, alt elden daha hayırlıdır. Üst el harcayan eldir, alt el ise isteyen eldir.\""
      }
    },
    {
      "id": 11,
      "idInBook": 11,
      "chapterId": 58,
      "bookId": 7,
      "arabic": "وَحَدَّثَنِي عَنْ مَالِكٍ، عَنْ زَيْدِ بْنِ أَسْلَمَ، عَنْ عَطَاءِ بْنِ يَسَارٍ، عَنْ رَجُلٍ، مِنْ بَنِي أَسَدٍ أَنَّهُ قَالَ نَزَلْتُ أَنَا وَأَهْلِي، بِبَقِيعِ الْغَرْقَدِ فَقَالَ لِي أَهْلِي اذْهَبْ إِلَى رَسُولِ اللَّهِ صلى الله عليه وسلم فَاسْأَلْهُ لَنَا شَيْئًا نَأْكُلُهُ ‏.‏ وَجَعَلُوا يَذْكُرُونَ مِنْ حَاجَتِهِمْ ‏.‏ فَذَهَبْتُ إِلَى رَسُولِ اللَّهِ صلى الله عليه وسلم فَوَجَدْتُ عِنْدَهُ رَجُلاً يَسْأَلُهُ وَرَسُولُ اللَّهِ صلى الله عليه وسلم يَقُولُ ‏\"‏ لاَ أَجِدُ مَا أُعْطِيكَ ‏\"‏ ‏.‏ فَتَوَلَّى الرَّجُلُ عَنْهُ وَهُوَ مُغْضَبٌ وَهُوَ يَقُولُ لَعَمْرِي إِنَّكَ لَتُعْطِي مَنْ شِئْتَ ‏.‏ فَقَالَ رَسُولُ اللَّهِ صلى الله عليه وسلم ‏\"‏ إِنَّهُ لَيَغْضَبُ عَلَىَّ أَنْ لاَ أَجِدَ مَا أُعْطِيهِ مَنْ سَأَلَ مِنْكُمْ وَلَهُ أُوقِيَّةٌ أَوْ عَدْلُهَا فَقَدْ سَأَلَ إِلْحَافًا ‏\"‏ ‏.‏ قَالَ الأَسَدِيُّ فَقُلْتُ لَلَقْحَةٌ لَنَا خَيْرٌ مِنْ أُوقِيَّةٍ ‏.‏ قَالَ مَالِكٌ وَالأُوقِيَّةُ أَرْبَعُونَ دِرْهَمًا ‏.‏ قَالَ فَرَجَعْتُ وَلَمْ أَسْأَلْهُ فَقُدِمَ عَلَى رَسُولِ اللَّهِ صلى الله عليه وسلم بَعْدَ ذَلِكَ بِشَعِيرٍ وَزَبِيبٍ فَقَسَمَ لَنَا مِنْهُ حَتَّى أَغْنَانَا اللَّهُ عَزَّ وَجَلَّ ‏.‏",
      "english": {
        "narrator": "",
        "text": "Yahya related to me from Malik from Zayd ibn Aslam from Ata ibn\nYasar that a man of the Banu Asad said, \"My family and I dismounted to\nrest at Baqi. My family said to me, 'Go to the Messenger of Allah, may\nAllah bless him and grant him peace, and ask him for something that we\ncan eat,' and they began to mention their need. I went to the\nMessenger of Allah, may Allah bless him and grant him peace, and found\nthat a man was asking for something, and the Messenger of Allah, may\nAllah bless him and grant him peace, was saying, 'I do not have\nanything to give you.' The man turned away from him in anger, saying,\n'By my life! You give to whomever you wish.' The Messenger of Allah,\nmay Allah bless him and grant him peace, said, 'He is angry with me\nbecause I do not have anything to give him. Whoever asks of you while\nhe has an uqiya or its like, has asked with importunity.' \"\n\n\nThe man continued, \"I said to myself about a camel that we had, 'It is\nbetter than an uqiya.' (Malik explained that an uqiya was forty\ndirhams.) So I returned and did not ask him for anything, and the\nMessenger of Allah, may Allah bless him and grant him peace, sent me\nbarley and raisins after that. He gave us from his share until Allah,\nthe Mighty, the Majestic gave us relief.\""
      },
      "turkish": {
        "narrator": "",
        "text": "Yahya, Malik'ten, Zayd ibn Aslam'dan, Ata ibn Yasar'dan, Allah'ın Messenger'ı, Allah ona salat ve selam etsin, Umar ibn al-Khattab'a bir hediye gönderdiğini, fakat Umar'ın onu geri çevirdiğini rivayet etti. Allah'ın Messenger'ı, Allah ona salat ve selam etsin, \"Neden geri çevirdin?\" dedi. O, \"Allah'ın Messenger'ı, bize kimseye bir şey almamamızın daha iyi olduğunu söylemedin mi?\" dedi. Allah'ın Messenger'ı, Allah ona salat ve selam etsin, \"Bu istemekle ilgilidir. Allah'ın sana verdiği rızık, istemekten farklıdır.\" dedi. Umar ibn al-Khattab, \"Canımın sahibi olan Allah'a yemin ederim ki, kimseye bir şey istemeyeceğim ve bana istemeden gelen her şeyi kabul edeceğim.\" dedi."
      }
    },
    {
      "id": 12,
      "idInBook": 12,
      "chapterId": 58,
      "bookId": 7,
      "arabic": "وَعَنْ مَالِكٍ، عَنِ الْعَلاَءِ بْنِ عَبْدِ الرَّحْمَنِ، أَنَّهُ سَمِعَهُ يَقُولُ مَا نَقَصَتْ صَدَقَةٌ مِنْ مَالٍ وَمَا زَادَ اللَّهُ عَبْدًا بِعَفْوٍ إِلاَّ عِزًّا وَمَا تَوَاضَعَ عَبْدٌ إِلاَّ رَفَعَهُ اللَّهُ ‏.‏ قَالَ مَالِكٌ لاَ أَدْرِي أَيُرْفَعُ هَذَا الْحَدِيثُ عَنِ النَّبِيِّ صلى الله عليه وسلم أَمْ لاَ ‏.‏",
      "english": {
        "narrator": "",
        "text": "Yahya related that Malik heard al-Ala ibn Abd ar-Rahman say,\n\"Sadaqa does not decrease property, and Allah only increases a slave\nin worth for his restraint, and no slave is humble but that Allah\nraises him.\"\n\n\nMalik said, \"I do not know whether this hadith\ngoes back to the Prophet, may Allah bless him and grant him peace, or\nnot.\""
      },
      "turkish": {
        "narrator": "",
        "text": "Yahya, Malik'ten, Abu'z-Zinad'dan, al-Araj'dan, Abu Hurayra'dan, Allah'ın Messenger'ı, Allah ona salat ve selam etsin, \"Canımın sahibi olan Allah'a yemin ederim! Kendi ipini alıp sırtında odun toplamak, Allah'ın kendisine bir lütuf verdiği bir adamdan istemekten daha hayırlıdır; o sana verir ya da reddeder.\" dedi."
      }
    },
    {
      "id": 13,
      "idInBook": 13,
      "chapterId": 58,
      "bookId": 7,
      "arabic": "حَدَّثَنِي عَنْ مَالِكٍ، أَنَّهُ بَلَغَهُ أَنَّ رَسُولَ اللَّهِ صلى الله عليه وسلم قَالَ ‏\n\"‏ لاَ تَحِلُّ الصَّدَقَةُ لآلِ مُحَمَّدٍ إِنَّمَا هِيَ أَوْسَاخُ النَّاسِ ‏\"‏ ‏.‏",
      "english": {
        "narrator": "",
        "text": "Yahya related to me from Malik that he heard that the Messenger\nof Allah, may Allah bless him and grant him peace, said, \"Sadaqa to\nthe family of Muhammad is not halal. It is only people's impurities.\""
      },
      "turkish": {
        "narrator": "",
        "text": "Yahya, Malik'ten, Zayd ibn Aslam'dan, Ata ibn Yasar'dan, Banu Asad'dan bir adamın şöyle dediğini rivayet etti: \"Ailemle birlikte Baqi'de dinlenmek için konakladık. Ailem bana, 'Allah'ın Messenger'ına, Allah ona salat ve selam etsin, git ve bize yiyecek bir şey iste.' dediler ve ihtiyaçlarını saymaya başladılar. Allah'ın Messenger'ına, Allah ona salat ve selam etsin, gittim ve bir adamın bir şey istediğini gördüm, Allah'ın Messenger'ı, Allah ona salat ve selam etsin, 'Size verecek bir şeyim yok.' diyordu. Adam öfkeyle ondan döndü ve 'Canım üzerine yemin ederim! Sen dilediğine verirsin.' dedi. Allah'ın Messenger'ı, Allah ona salat ve selam etsin, 'O, bana bir şey vermediğim için bana öfkeli. Sizden bir şey isteyen, eğer bir uqiya veya benzeri bir şey varsa, ısrarla istemiştir.' dedi.\""
      }
    },
    {
      "id": 14,
      "idInBook": 14,
      "chapterId": 58,
      "bookId": 7,
      "arabic": "وَحَدَّثَنِي عَنْ مَالِكٍ، عَنْ عَبْدِ اللَّهِ بْنِ أَبِي بَكْرٍ، عَنْ أَبِيهِ، أَنَّ رَسُولَ اللَّهِ صلى الله عليه وسلم اسْتَعْمَلَ رَجُلاً مِنْ بَنِي عَبْدِ الأَشْهَلِ عَلَى الصَّدَقَةِ فَلَمَّا قَدِمَ سَأَلَهُ إِبِلاً مِنَ الصَّدَقَةِ فَغَضِبَ رَسُولُ اللَّهِ صلى الله عليه وسلم حَتَّى عُرِفَ الْغَضَبُ فِي وَجْهِهِ - وَكَانَ مِمَّا يُعْرَفُ بِهِ الْغَضَبُ فِي وَجْهِهِ أَنْ تَحْمَرَّ عَيْنَاهُ - ثُمَّ قَالَ ‏\n\"‏ إِنَّ الرَّجُلَ لَيَسْأَلُنِي مَا لاَ يَصْلُحُ لِي وَلاَ لَهُ فَإِنْ مَنَعْتُهُ كَرِهْتُ الْمَنْعَ وَإِنْ أَعْطَيْتُهُ أَعْطَيْتُهُ مَا لاَ يَصْلُحُ لِي وَلاَ لَهُ ‏\"‏ ‏.‏ فَقَالَ الرَّجُلُ يَا رَسُولَ اللَّهِ لاَ أَسْأَلُكَ مِنْهَا شَيْئًا أَبَدًا ‏.‏",
      "english": {
        "narrator": "",
        "text": "Yahya related to me from Malik from Abdullah ibn Abi Bakr from\nhis father that the Messenger of Allah, may Allah bless him and grant\nhim peace, gave a man from the Banu Abd al-Ashal charge over some\nsadaqa. When he came to ask him for some camels from the sadaqa, the\nMessenger of Allah, may Allah bless him and grant him peace, was so\nangry that the anger showed in his face. One way in which anger could\nbe recognised in his face was that his eyes became red. Then he said,\n\"This man has asked me for what is not good for me or him. If I refuse\nit, I hate to refuse. If I give it to him, I will give him what is not\ngood for me or him.\" The man said, \"Messenger of Allah! I will never\nask you for any of it!\""
      },
      "turkish": {
        "narrator": "",
        "text": "Adam devam etti: \"Bir develerinin olduğunu düşündüm, 'O, bir uqiyadan daha iyidir.' (Malik, bir uqiyanın kırk dirhem olduğunu açıkladı.) Böylece geri döndüm ve ondan bir şey istemedim, ve Allah'ın Messenger'ı, Allah ona salat ve selam etsin, bana daha sonra arpa ve kuru üzüm gönderdi. Allah, Azim ve Celil, bize yardım edene kadar, bize kendi payından verdi.\""
      }
    },
    {
      "id": 15,
      "idInBook": 15,
      "chapterId": 58,
      "bookId": 7,
      "arabic": "وَحَدَّثَنِي عَنْ مَالِكٍ، عَنْ زَيْدِ بْنِ أَسْلَمَ، عَنْ أَبِيهِ، أَنَّهُ قَالَ قَالَ عَبْدُ اللَّهِ بْنُ الأَرْقَمِ ادْلُلْنِي عَلَى بَعِيرٍ مِنَ الْمَطَايَا أَسْتَحْمِلُ عَلَيْهِ أَمِيرَ الْمُؤْمِنِينَ فَقُلْتُ نَعَمْ جَمَلاً مِنَ الصَّدَقَةِ ‏.‏ فَقَالَ عَبْدُ اللَّهِ بْنُ الأَرْقَمِ أَتُحِبُّ أَنَّ رَجُلاً بَادِنًا فِي يَوْمٍ حَارٍّ غَسَلَ لَكَ مَا تَحْتَ إِزَارِهِ وَرُفْغَيْهِ ثُمَّ أَعْطَاكَهُ فَشَرِبْتَهُ قَالَ فَغَضِبْتُ وَقُلْتُ يَغْفِرُ اللَّهُ لَكَ أَتَقُولُ لِي مِثْلَ هَذَا فَقَالَ عَبْدُ اللَّهِ بْنُ الأَرْقَمِ إِنَّمَا الصَّدَقَةُ أَوْسَاخُ النَّاسِ يَغْسِلُونَهَا عَنْهُمْ ‏.‏",
      "english": {
        "narrator": "",
        "text": "Yahya related to me from Malik from Zayd ibn Aslam that his\nfather said, \"Abdullah ibn al-Arqam said, 'Show me a riding-camel\nwhich the amir al-muminim can give me to use.' I said, 'Yes. One of\nthe sadaqa camels.' Abdullah ibn al-Arqam said, 'Would you want a\nstout man on a hot day to wash for you what is under his lower garment\nand its folds, and then give it to you to drink?' I was angry and\nsaid, 'May Allah forgive you! Why do you say such things to me?'\nAbdullah ibn al-Arqam said, 'Sadaqa is the impurities of people which\nthey wash off themselves.' \""
      },
      "turkish": {
        "narrator": "",
        "text": "Yahya, Malik'in al-Ala ibn Abd ar-Rahman'ın şöyle dediğini duyduğunu rivayet etti: \"Sadaka, malı azaltmaz ve Allah, bir kulunu sabrı için değerini artırır; hiçbir kul alçakgönüllü olmaz ki, Allah onu yüceltmesin.\""
      }
    }
  ],
  "chapter": {
    "id": 58,
    "bookId": 7,
    "arabic": "كتاب الصدقة",
    "english": "Sadaqa"
  }
}