{"metadata":{"length":1,"arabic":{"title":"موطأ مالك","author":"الإمام مالك بن أنس","introduction":"كتاب العلم"},"english":{"title":"Muwatta Malik","author":"Imam Malik ibn Anas","introduction":"Knowledge"}},"hadiths":[{"id":1,"idInBook":1,"chapterId":59,"bookId":7,"arabic":"باب مَا جَاءَ فِي طَلَبِ الْعِلْمِ \n حَدَّثَنِي عَنْ مَالِكٌ، أَنَّهُ بَلَغَهُ أَنَّ لُقْمَانَ الْحَكِيمَ، أَوْصَى ابْنَهُ فَقَالَ يَا بُنَىَّ جَالِسِ الْعُلَمَاءَ وَزَاحِمْهُمْ بِرُكْبَتَيْكَ فَإِنَّ اللَّهَ يُحْيِي الْقُلُوبَ بِنُورِ الْحِكْمَةِ كَمَا يُحْيِي اللَّهُ الأَرْضَ الْمَيْتَةَ بِوَابِلِ السَّمَاءِ","english":{"narrator":"","text":"Yahya related to me from Malik that he heard that Luqman al-Hakim\nmade his will and counselled his son, saying, \"My son! Sit with the\nlearned men and keep close to them. Allah gives life to the hearts\nwith the light of wisdom as Allah gives life to the dead earth with\nthe abundant rain of the sky.\""}}],"chapter":{"id":59,"bookId":7,"arabic":"كتاب العلم","english":"Knowledge"}}