{
  "metadata": {
    "length": 8,
    "arabic": {
      "title": "موطأ مالك",
      "author": "الإمام مالك بن أنس",
      "introduction": "كتاب الصلاة فى رمضان"
    },
    "english": {
      "title": "Muwatta Malik",
      "author": "Imam Malik ibn Anas",
      "introduction": "Prayer in Ramadan"
    }
  },
  "hadiths": [
    {
      "id": 1,
      "idInBook": 1,
      "chapterId": 6,
      "bookId": 7,
      "arabic": "حَدَّثَنِي يَحْيَى، عَنْ مَالِكٍ، عَنِ ابْنِ شِهَابٍ، عَنْ عُرْوَةَ بْنِ الزُّبَيْرِ، عَنْ عَائِشَةَ، زَوْجِ النَّبِيِّ صلى الله عليه وسلم أَنَّ رَسُولَ اللَّهِ صلى الله عليه وسلم صَلَّى فِي الْمَسْجِدِ ذَاتَ لَيْلَةٍ فَصَلَّى بِصَلاَتِهِ نَاسٌ ثُمَّ صَلَّى اللَّيْلَةَ الْقَابِلَةَ فَكَثُرَ النَّاسُ ثُمَّ اجْتَمَعُوا مِنَ اللَّيْلَةِ الثَّالِثَةِ أَوِ الرَّابِعَةِ فَلَمْ يَخْرُجْ إِلَيْهِمْ رَسُولُ اللَّهِ صلى الله عليه وسلم فَلَمَّا أَصْبَحَ قَالَ ‏\n\"‏ قَدْ رَأَيْتُ الَّذِي صَنَعْتُمْ وَلَمْ يَمْنَعْنِي مِنَ الْخُرُوجِ إِلَيْكُمْ إِلاَّ أَنِّي خَشِيتُ أَنْ تُفْرَضَ عَلَيْكُمْ ‏\"‏ ‏.‏ وَذَلِكَ فِي رَمَضَانَ ‏.‏",
      "english": {
        "narrator": "",
        "text": "Yahya related to me from Malik from Ibn Shihab from Urwa ibn az-\nZubayr from A'isha, the wife of the Prophet, may Allah bless him and\ngrant him peace, that the Messenger of Allah, may Allah bless him and\ngrant him peace, prayed in the mosque one night and people prayed\nbehind him. Then he prayed the next night and there were more people.\nThen they gathered on the third or fourth night and the Messenger of\nAllah, may Allah bless him and grant him peace, did not come out to\nthem. In the morning, he said, \"I saw what you were doing and the only\nthing that prevented me from coming out to you was that I feared that\nit would become obligatory (fard) for you.\" This happened in Ramadan."
      },
      "turkish": {
        "narrator": "",
        "text": "Yahya, Malik'ten, o da İbn Şihab'dan, o da Urve b. az-Zübeyr'den, o da Peygamberin eşi Aişe'den, Allah ona salat ve selam eylesin, şöyle rivayet etti: Allah'ın Resulü, Allah ona salat ve selam eylesin, bir gece mescitte namaz kıldı ve insanlar da arkasında namaz kıldılar. Sonraki gece tekrar namaz kıldı ve daha fazla insan toplandı. Üçüncü veya dördüncü gece toplandılar ama Allah'ın Resulü, Allah ona salat ve selam eylesin, onlara çıkmadı. Sabah olunca, \"Sizin ne yaptığınızı gördüm ve size çıkmamı engelleyen tek şey, bunun sizin için farz hale gelmesinden korkmamdır.\" dedi. Bu olay Ramazan ayında gerçekleşti."
      }
    },
    {
      "id": 2,
      "idInBook": 2,
      "chapterId": 6,
      "bookId": 7,
      "arabic": "وَحَدَّثَنِي عَنْ مَالِكٍ، عَنِ ابْنِ شِهَابٍ، عَنْ أَبِي سَلَمَةَ بْنِ عَبْدِ الرَّحْمَنِ بْنِ عَوْفٍ، عَنْ أَبِي هُرَيْرَةَ، أَنَّ رَسُولَ اللَّهِ صلى الله عليه وسلم كَانَ يُرَغِّبُ فِي قِيَامِ رَمَضَانَ مِنْ غَيْرِ أَنْ يَأْمُرَ بِعَزِيمَةٍ فَيَقُولُ ‏\n\"‏ مَنْ قَامَ رَمَضَانَ إِيمَانًا وَاحْتِسَابًا غُفِرَ لَهُ مَا تَقَدَّمَ مِنْ ذَنْبِهِ ‏\"‏ ‏.‏ قَالَ ابْنُ شِهَابٍ فَتُوُفِّيَ رَسُولُ اللَّهِ صلى الله عليه وسلم وَالأَمْرُ عَلَى ذَلِكَ ثُمَّ كَانَ الأَمْرُ عَلَى ذَلِكَ فِي خِلاَفَةِ أَبِي بَكْرٍ وَصَدْرًا مِنْ خِلاَفَةِ عُمَرَ بْنِ الْخَطَّابِ ‏.‏",
      "english": {
        "narrator": "",
        "text": "Yahya related to me from Malik from Ibn Shihab from Abu Salama\nibn Abd ar-Rahman ibn Awf from Abu Hurayra that the Messenger of\nAllah, may Allah bless him and grant him peace, used to exhort people\nto watch the night in prayer in Ramadan but never ordered it\ndefinitely. He used to say, \"Whoever watches the night in prayer in\nRamadan with trust and expectancy, will be forgiven all his previous\nwrong actions.\"\n\n\nIbn Shihab said, \"The Messenger of Allah, may\nAllah bless him and grant him peace, died while that was still the\ncustom, and it continued to be the custom in the caliphate of Abu Bakr\nand at the beginning of the caliphate of Umar ibn al-Khattab.\""
      },
      "turkish": {
        "narrator": "",
        "text": "Yahya, Malik'ten, o da İbn Şihab'dan, o da Ebu Selame b. Abd ar-Rahman b. Avf'tan, o da Ebu Hureyre'den, Allah'ın Resulü, Allah ona salat ve selam eylesin, Ramazan'da insanları geceyi namazla geçirmeye teşvik ettiğini, ancak bunu kesin olarak emretmediğini rivayet etti. \"Ramazan'da geceyi namazla geçiren, güven ve umutla olursa, geçmişteki tüm günahları affedilecektir.\" derdi."
      }
    },
    {
      "id": 3,
      "idInBook": 3,
      "chapterId": 6,
      "bookId": 7,
      "arabic": "حَدَّثَنِي مَالِكٌ، عَنِ ابْنِ شِهَابٍ، عَنْ عُرْوَةَ بْنِ الزُّبَيْرِ، عَنْ عَبْدِ الرَّحْمَنِ بْنِ عَبْدٍ الْقَارِيِّ، أَنَّهُ قَالَ خَرَجْتُ مَعَ عُمَرَ بْنِ الْخَطَّابِ فِي رَمَضَانَ إِلَى الْمَسْجِدِ فَإِذَا النَّاسُ أَوْزَاعٌ مُتَفَرِّقُونَ يُصَلِّي الرَّجُلُ لِنَفْسِهِ وَيُصَلِّي الرَّجُلُ فَيُصَلِّي بِصَلاَتِهِ الرَّهْطُ فَقَالَ عُمَرُ وَاللَّهِ إِنِّي لأَرَانِي لَوْ جَمَعْتُ هَؤُلاَءِ عَلَى قَارِئٍ وَاحِدٍ لَكَانَ أَمْثَلَ ‏.‏ فَجَمَعَهُمْ عَلَى أُبَىِّ بْنِ كَعْبٍ - قَالَ - ثُمَّ خَرَجْتُ مَعَهُ لَيْلَةً أُخْرَى وَالنَّاسُ يُصَلُّونَ بِصَلاَةِ قَارِئِهِمْ فَقَالَ عُمَرُ نِعْمَتِ الْبِدْعَةُ هَذِهِ وَالَّتِي تَنَامُونَ عَنْهَا أَفْضَلُ مِنَ الَّتِي تَقُومُونَ ‏.‏ يَعْنِي آخِرَ اللَّيْلِ وَكَانَ النَّاسُ يَقُومُونَ أَوَّلَهُ ‏.‏",
      "english": {
        "narrator": "",
        "text": "Malik related to me from Ibn Shihab from Urwa ibn az-Zubayr that\nAbd ar-Rahman ibn Abd al-Qari said, \"I went out with Umar ibn\nalKhattab in Ramadan to the mosque and the people there were spread\nout in groups. Some men were praying by themselves, whilst others were\npraying in small groups. Umar said, 'By Allah! It would be better in\nmy opinion if these people gathered behind one reciter.' So he\ngathered them behind Ubayy ibn Kab. Then I went out with him another\nnight and the people were praying behind their Qur'an reciter. Umar\nsaid, 'How excellent this new way is, but what you miss while you are\nasleep is better than what you watch in prayer.' He meant the end of\nthe night, and people used to watch the beginning of the night in\nprayer.\""
      },
      "turkish": {
        "narrator": "",
        "text": "İbn Şihab şöyle dedi: \"Allah'ın Resulü, Allah ona salat ve selam eylesin, bu gelenek devam ederken vefat etti ve bu gelenek Ebu Bekir'in halifeliği döneminde ve Ömer b. Hattab'ın halifeliğinin başında da sürdü.\""
      }
    },
    {
      "id": 4,
      "idInBook": 4,
      "chapterId": 6,
      "bookId": 7,
      "arabic": "وَحَدَّثَنِي عَنْ مَالِكٍ، عَنْ مُحَمَّدِ بْنِ يُوسُفَ، عَنِ السَّائِبِ بْنِ يَزِيدَ، أَنَّهُ قَالَ أَمَرَ عُمَرُ بْنُ الْخَطَّابِ أُبَىَّ بْنَ كَعْبٍ وَتَمِيمًا الدَّارِيَّ أَنْ يَقُومَا، لِلنَّاسِ بِإِحْدَى عَشْرَةَ رَكْعَةً قَالَ وَقَدْ كَانَ الْقَارِئُ يَقْرَأُ بِالْمِئِينَ حَتَّى كُنَّا نَعْتَمِدُ عَلَى الْعِصِيِّ مِنْ طُولِ الْقِيَامِ وَمَا كُنَّا نَنْصَرِفُ إِلاَّ فِي فُرُوعِ الْفَجْرِ ‏.‏",
      "english": {
        "narrator": "",
        "text": "Yahya related to me from Malik from Muhammad ibn Yusuf that as-\nSa'ib ibn Yazid said, \"Umar ibn al-Khattab ordered Ubayy ibn Kab and\nTamim ad-Dari to watch the night in prayer with the people for eleven\nrakas.The reciterof the Qur'an would recite the Mi'in (a group of\nmedium-sized suras) until we would be leaning on our staffs from\nhaving stood so long in prayer. And we would not leave until the\napproach of dawn.\""
      },
      "turkish": {
        "narrator": "",
        "text": "Malik, İbn Şihab'dan, o da Urve b. az-Zübeyr'den, Abd ar-Rahman b. Abd al-Qari'nin şöyle dediğini rivayet etti: \"Ramazan'da Ömer b. Hattab ile birlikte mescide çıktım ve orada insanlar gruplar halinde dağılmıştı. Bazı erkekler tek başlarına namaz kılıyor, bazıları ise küçük gruplar halinde namaz kılıyordu. Ömer dedi ki: 'Vallahi! Bu insanların bir okurun arkasında toplanmaları benim görüşüme göre daha iyi olur.' Bunun üzerine onları Ubayy b. Kab'ın arkasında topladı. Sonra bir başka gece onunla birlikte çıktım ve insanlar Kur'an okuyanlarının arkasında namaz kılıyordu. Ömer dedi ki: 'Bu yeni yol ne kadar güzel, ama uykuda kaçırdığınız şey, namazda izlediğinizden daha hayırlıdır.' Gece sonunda kastediyordu, insanlar ise gecenin başında namaz kılıyorlardı.\""
      }
    },
    {
      "id": 5,
      "idInBook": 5,
      "chapterId": 6,
      "bookId": 7,
      "arabic": "وَحَدَّثَنِي عَنْ مَالِكٍ، عَنْ يَزِيدَ بْنِ رُومَانَ، أَنَّهُ قَالَ كَانَ النَّاسُ يَقُومُونَ فِي زَمَانِ عُمَرَ بْنِ الْخَطَّابِ فِي رَمَضَانَ بِثَلاَثٍ وَعِشْرِينَ رَكْعَةً ‏.‏",
      "english": {
        "narrator": "",
        "text": "Yahya related to me from Malik that Yazid ibn Ruman said, \"The\npeople used to watch the night in prayer during Ramadan for twenty-\nthree rakas in the time of Umar ibn al-Khattab.\""
      },
      "turkish": {
        "narrator": "",
        "text": "Yahya, Malik'ten, o da Muhammed b. Yusuf'tan, as-Sa'ib b. Yazid'in şöyle dediğini rivayet etti: \"Ömer b. Hattab, Ubayy b. Kab ve Tamim ad-Dari'ye insanlarla birlikte on bir rek'at namaz kılmalarını emretti. Kur'an okuyucu, Mi'in (orta boy surelerden oluşan bir grup) okuyarak bizlerin namazda bu kadar uzun süre ayakta durduğumuzdan dolayı değneklerimize yaslanmamıza neden oluyordu. Ve biz, tan yerinin ağarmasına kadar çıkmazdık.\""
      }
    },
    {
      "id": 6,
      "idInBook": 6,
      "chapterId": 6,
      "bookId": 7,
      "arabic": "وَحَدَّثَنِي عَنْ مَالِكٍ، عَنْ دَاوُدَ بْنِ الْحُصَيْنِ، أَنَّهُ سَمِعَ الأَعْرَجَ، يَقُولُ مَا أَدْرَكْتُ النَّاسَ إِلاَّ وَهُمْ يَلْعَنُونَ الْكَفَرَةَ فِي رَمَضَانَ ‏.‏ قَالَ وَكَانَ الْقَارِئُ يَقْرَأُ سُورَةَ الْبَقَرَةِ فِي ثَمَانِ رَكَعَاتٍ فَإِذَا قَامَ بِهَا فِي اثْنَتَىْ عَشْرَةَ رَكْعَةً رَأَى النَّاسُ أَنَّهُ قَدْ خَفَّفَ ‏.‏",
      "english": {
        "narrator": "",
        "text": "Yahya related to me from Malik from Da'ud ibn al-Husayn that he\nheard al-Araj say, \"I never saw the people in Ramadan, but that they\nwere cursing the disbelievers.\" He added, \"The reciter of Qur'an used\nto recite surat al-Baqara in eight rakas and if he did it in twelve\nrakas the people would think that he had made it easy.\""
      },
      "turkish": {
        "narrator": "",
        "text": "Yahya, Malik'ten, o da Yazid b. Ruman'ın şöyle dediğini rivayet etti: \"İnsanlar, Ömer b. Hattab döneminde Ramazan'da yirmi üç rek'at namaz kılardı.\""
      }
    },
    {
      "id": 7,
      "idInBook": 7,
      "chapterId": 6,
      "bookId": 7,
      "arabic": "وَحَدَّثَنِي عَنْ مَالِكٍ، عَنْ عَبْدِ اللَّهِ بْنِ أَبِي بَكْرٍ، قَالَ سَمِعْتُ أَبِي يَقُولُ، كُنَّا نَنْصَرِفُ فِي رَمَضَانَ فَنَسْتَعْجِلُ الْخَدَمَ بِالطَّعَامِ مَخَافَةَ الْفَجْرِ ‏.‏",
      "english": {
        "narrator": "",
        "text": "Yahya related to me from Malik that Abdullah ibn Abi Bakr said,\n\"I heard my father say, 'We finished praying in Ramadan and the\nservants hurried with the food, fearing the approach of dawn.' \""
      },
      "turkish": {
        "narrator": "",
        "text": "Yahya, Malik'ten, o da Da'ud b. el-Hüseyin'den, o da el-Araj'ın şöyle dediğini duyduğunu rivayet etti: \"Ramazan'da insanları hiç görmedim ki, kafirleri lanetlemiyor olsunlar.\" Ekledi: \"Kur'an okuyucu, sekiz rek'at namazda Bakara suresini okurdu ve eğer on iki rek'at okursa, insanlar onun kolaylık sağladığını düşünürdü.\""
      }
    },
    {
      "id": 8,
      "idInBook": 8,
      "chapterId": 6,
      "bookId": 7,
      "arabic": "وَحَدَّثَنِي عَنْ مَالِكٍ، عَنْ هِشَامِ بْنِ عُرْوَةَ، عَنْ أَبِيهِ، أَنَّ ذَكْوَانَ أَبَا عَمْرٍو، - وَكَانَ عَبْدًا لِعَائِشَةَ زَوْجِ النَّبِيِّ صلى الله عليه وسلم فَأَعْتَقَتْهُ عَنْ دُبُرٍ مِنْهَا - كَانَ يَقُومُ يَقْرَأُ لَهَا فِي رَمَضَانَ ‏.‏",
      "english": {
        "narrator": "",
        "text": "Yahya related to me from Malik from Hisham ibn Urwa from his\nfather that Dhakwan Abu Amr (a slave belonging to A'isha, the wife of\nthe Prophet, may Allah bless him and grant him peace, who was freed by\nher after her death) used to stand in prayer and recite for her in\nRamadan."
      },
      "turkish": {
        "narrator": "",
        "text": "Yahya, Malik'ten, o da Abdullah b. Ebu Bekir'in şöyle dediğini rivayet etti: \"Babamın şöyle dediğini duydum: 'Ramazan'da namazı bitirdik ve hizmetçiler, tan yerinin ağarmasından korkarak yemekleri aceleyle getirdiler.'\""
      }
    }
  ],
  "chapter": {
    "id": 6,
    "bookId": 7,
    "arabic": "كتاب الصلاة فى رمضان",
    "english": "Prayer in Ramadan"
  }
}