{"metadata":{"length":1,"arabic":{"title":"موطأ مالك","author":"الإمام مالك بن أنس","introduction":"كتاب أسماء النبى صلى الله عليه وسلم"},"english":{"title":"Muwatta Malik","author":"Imam Malik ibn Anas","introduction":"The Names of the Prophet, may Allah Bless Him and Grant Him Peace"}},"hadiths":[{"id":1,"idInBook":1,"chapterId":61,"bookId":7,"arabic":"حَدَّثَنِي مَالِكٌ، عَنِ ابْنِ شِهَابٍ، عَنْ مُحَمَّدِ بْنِ جُبَيْرِ بْنِ مُطْعِمٍ، أَنَّ النَّبِيَّ صلى الله عليه وسلم قَالَ ‏\n\"‏ لِي خَمْسَةُ أَسْمَاءٍ أَنَا مُحَمَّدٌ وَأَنَا أَحْمَدُ وَأَنَا الْمَاحِي الَّذِي يَمْحُو اللَّهُ بِيَ الْكُفْرَ وَأَنَا الْحَاشِرُ الَّذِي يُحْشَرُ النَّاسُ عَلَى قَدَمِي وَأَنَا الْعَاقِبُ ‏\"‏ ‏.‏","english":{"narrator":"","text":"Malik related to me from Ibn Shihab from Muhammad ibn Jubayr ibn\nMutim that the Prophet, may Allah bless him and grant him peace, said,\n\"I have five names. I am Muhammad. I am Ahmad. I am al-Mahi (the\neffacer), by whom Allah effaces kufr. I am al-Hashir (the gatherer),\nbefore whom people are gathered. I am al-Aqib (the last).\""}}],"chapter":{"id":61,"bookId":7,"arabic":"كتاب أسماء النبى صلى الله عليه وسلم","english":"The Names of the Prophet, may Allah Bless Him and Grant Him Peace"}}