{"metadata":{"length":39,"arabic":{"title":"موطأ مالك","author":"الإمام مالك بن أنس","introduction":"كتاب صلاة الجماعة"},"english":{"title":"Muwatta Malik","author":"Imam Malik ibn Anas","introduction":"Prayer in Congregation"}},"hadiths":[{"id":1,"idInBook":1,"chapterId":8,"bookId":7,"arabic":"حَدَّثَنِي يَحْيَى، عَنْ مَالِكٍ، عَنْ نَافِعٍ، عَنْ عَبْدِ اللَّهِ بْنِ عُمَرَ، أَنَّ رَسُولَ اللَّهِ صلى الله عليه وسلم قَالَ ‏\n\"‏ صَلاَةُ الْجَمَاعَةِ تَفْضُلُ صَلاَةَ الْفَذِّ بِسَبْعٍ وَعِشْرِينَ دَرَجَةً ‏\"‏ ‏.‏","english":{"narrator":"","text":"Yahya related to me from Malik from Nafi from Abdullah ibn Umar\nthat the Messenger of Allah, may Allah bless him and grant him peace,\nsaid, \"Prayer in congregation is better than the prayer of a man by\nhimself by twenty-seven degrees.\""}},{"id":2,"idInBook":2,"chapterId":8,"bookId":7,"arabic":"وَحَدَّثَنِي عَنْ مَالِكٍ، عَنِ ابْنِ شِهَابٍ، عَنْ سَعِيدِ بْنِ الْمُسَيَّبِ، عَنْ أَبِي هُرَيْرَةَ، أَنَّ رَسُولَ اللَّهِ صلى الله عليه وسلم قَالَ ‏\n\"‏ صَلاَةُ الْجَمَاعَةِ أَفْضَلُ مِنْ صَلاَةِ أَحَدِكُمْ وَحْدَهُ بِخَمْسَةٍ وَعِشْرِينَ جُزْءًا ‏\"‏ ‏.‏","english":{"narrator":"","text":"Yahya related to me from Malik from Ibn Shihab from Said ibn al-\nMusayyab from Abu Hurayra that the Messenger of Allah, may Allah bless\nhim and grant him peace, said, \"Prayer in congregation is better than\nthe prayer of one of you on his own by twenty-five parts.\""}},{"id":3,"idInBook":3,"chapterId":8,"bookId":7,"arabic":"وَحَدَّثَنِي عَنْ مَالِكٍ، عَنْ أَبِي الزِّنَادِ، عَنِ الأَعْرَجِ، عَنْ أَبِي هُرَيْرَةَ، أَنَّ رَسُولَ اللَّهِ صلى الله عليه وسلم قَالَ ‏\"‏ وَالَّذِي نَفْسِي بِيَدِهِ لَقَدْ هَمَمْتُ أَنْ آمُرَ بِحَطَبٍ فَيُحْطَبَ ثُمَّ آمُرَ بِالصَّلاَةِ فَيُؤَذَّنَ لَهَا ثُمَّ آمُرَ رَجُلاً فَيَؤُمَّ النَّاسَ ثُمَّ أُخَالِفَ إِلَى رِجَالٍ فَأُحَرِّقَ عَلَيْهِمْ بُيُوتَهُمْ","english":{"narrator":"","text":"Yahya related to me from Malik from Abu'zZinad from al-Araj from\nAbu Hurayra that the Messenger of Allah, may Allah bless him and grant\nhim peace, said, \"By Him in whose hand myself is! I had in mind to\norder firewood to be collected, then to order the prayer to be called,\nand to appoint a man to lead the people in prayer, and then to come up\nbehind certain men and burn their houses down about them! By Him in\nwhose hand myself is! If one of them knew that he would find a meaty\nbone or two good legs of meat, he would be present at isha.''"}},{"id":4,"idInBook":4,"chapterId":8,"bookId":7,"arabic":"وَحَدَّثَنِي عَنْ مَالِكٍ، عَنْ أَبِي النَّضْرِ، مَوْلَى عُمَرَ بْنِ عُبَيْدِ اللَّهِ عَنْ بُسْرِ بْنِ سَعِيدٍ، أَنَّ زَيْدَ بْنَ ثَابِتٍ، قَالَ أَفْضَلُ الصَّلاَةِ صَلاَتُكُمْ فِي بُيُوتِكُمْ إِلاَّ صَلاَةَ الْمَكْتُوبَةِ ‏.‏","english":{"narrator":"","text":"Yahya related to me from Malik from Abu'n-Nadr, the mawla of Umar\nibn Ubaydullah from Yusr ibn Said that Zayd ibn Thabit said, \"The most\nexcellent prayer is your prayer in your house, except for the\nprescribed prayers.\""}},{"id":5,"idInBook":5,"chapterId":8,"bookId":7,"arabic":"حَدَّثَنِي يَحْيَى، عَنْ مَالِكٍ، عَنْ عَبْدِ الرَّحْمَنِ بْنِ حَرْمَلَةَ الأَسْلَمِيِّ، عَنْ سَعِيدِ بْنِ الْمُسَيَّبِ، أَنَّ رَسُولَ اللَّهِ صلى الله عليه وسلم قَالَ ‏\n\"‏ بَيْنَنَا وَبَيْنَ الْمُنَافِقِينَ شُهُودُ الْعِشَاءِ وَالصُّبْحِ لاَ يَسْتَطِيعُونَهُمَا ‏\"‏ ‏.‏ أَوْ نَحْوَ هَذَا ‏.‏","english":{"narrator":"","text":"Yahya related to me from Malik from Abd ar-Rahman ibn Harmala al-\nAslami from Said ibn al-Musayyab that the Messenger of Allah, may\nAllah bless him and grant him peace, said, \"What separates us from the\nhypocrites is being present at isha and subh. They cannot do it,\" or\nwords to that effect."}},{"id":6,"idInBook":6,"chapterId":8,"bookId":7,"arabic":"وَحَدَّثَنِي عَنْ مَالِكٍ، عَنْ سُمَىٍّ، مَوْلَى أَبِي بَكْرِ بْنِ عَبْدِ الرَّحْمَنِ عَنْ أَبِي صَالِحٍ، عَنْ أَبِي هُرَيْرَةَ، أَنَّ رَسُولَ اللَّهِ صلى الله عليه وسلم قَالَ ‏\"‏ بَيْنَمَا رَجُلٌ يَمْشِي بِطَرِيقٍ إِذْ وَجَدَ غُصْنَ شَوْكٍ عَلَى الطَّرِيقِ فَأَخَّرَهُ فَشَكَرَ اللَّهُ لَهُ فَغَفَرَ لَهُ ‏\"‏ ‏.‏ \n وَقَالَ ‏\"‏ الشُّهَدَاءُ خَمْسَةٌ الْمَطْعُونُ وَالْمَبْطُونُ وَالْغَرِقُ وَصَاحِبُ الْهَدْمِ وَالشَّهِيدُ فِي سَبِيلِ اللَّهِ ‏\"‏ ‏.‏ \n وَقَالَ ‏\"‏ لَوْ يَعْلَمُ النَّاسُ مَا فِي النِّدَاءِ وَالصَّفِّ الأَوَّلِ ثُمَّ لَمْ يَجِدُوا إِلاَّ أَنْ يَسْتَهِمُوا عَلَيْهِ لاَسْتَهَمُوا وَلَوْ يَعْلَمُونَ مَا فِي التَّهْجِيرِ لاَسْتَبَقُوا إِلَيْهِ وَلَوْ يَعْلَمُونَ مَا فِي الْعَتَمَةِ وَالصُّبْحِ لأَتَوْهُمَا وَلَوْ حَبْوًا ‏\"‏ ‏.‏","english":{"narrator":"Yahya related to me from Malik from Sumayy, the mawla of Abu Bakr\nibn Abd ar-Rahman from Abu Salih from Abu Hurayra that the Messenger\nof Allah, may Allah bless him and grant him peace, said, \"If a man who\nis walking along a road finds a branch of thorns on the road and\nremoves it, Allah thanks him for doing it and forgives him.\"\n\n\nHe also said, \"Martyrs are five:","text":"the one killed by a plague, the one\nkilled by a disease of the belly, the one who drowns, the one killed\nby a collapsing building, and the martyr in the path of Allah.'\n\n\nHe also said, \"If people knew what there was in the call to prayer\nand the first row, and they could find no other way except to draw\nlots for it, they would draw lots for it. And if they knew what there\nwas in doing dhuhr at its time, they would race each other to it. And\nif they knew what there was in the prayers of isha and maghrib, they\nwould come to them even if they had to crawl ."}},{"id":7,"idInBook":7,"chapterId":8,"bookId":7,"arabic":"وَحَدَّثَنِي عَنْ مَالِكٍ، عَنِ ابْنِ شِهَابٍ، عَنْ أَبِي بَكْرِ بْنِ سُلَيْمَانَ بْنِ أَبِي حَثْمَةَ، أَنَّ عُمَرَ بْنَ الْخَطَّابِ، فَقَدَ سُلَيْمَانَ بْنَ أَبِي حَثْمَةَ فِي صَلاَةِ الصُّبْحِ وَأَنَّ عُمَرَ بْنَ الْخَطَّابِ غَدَا إِلَى السُّوقِ - وَمَسْكَنُ سُلَيْمَانَ بَيْنَ السُّوقِ وَالْمَسْجِدِ النَّبَوِيِّ - فَمَرَّ عَلَى الشِّفَاءِ أُمِّ سُلَيْمَانَ فَقَالَ لَهَا لَمْ أَرَ سُلَيْمَانَ فِي الصُّبْحِ فَقَالَتْ إِنَّهُ بَاتَ يُصَلِّي فَغَلَبَتْهُ عَيْنَاهُ ‏.‏ فَقَالَ عُمَرُ لأَنْ أَشْهَدَ صَلاَةَ الصُّبْحِ فِي الْجَمَاعَةِ أَحَبُّ إِلَىَّ مِنْ أَنْ أَقُومَ لَيْلَةً ‏.‏","english":{"narrator":"","text":"Yahya related to me from Malik from Ibn Shihab from Abu Bakr ibn\nSulayman ibn Abi Hathma that Umar ibn al-Khattab missed Sulayman ibn\nAbi Hathma in the subh prayer. In the morning he went to the market,\nand Sulayman's house was between the market and the Prophet's mosque.\nHe passed ash-Shifa, Sulayman's mother, and said to her, \"I did not\nsee Sulayman at subh.\" She replied, \"He spent the night in prayer and\nhis eyes overcame him. Umar said, \"I would rather be present at subh\nthan stand the whole night in prayer."}},{"id":8,"idInBook":8,"chapterId":8,"bookId":7,"arabic":"وَحَدَّثَنِي عَنْ مَالِكٍ، عَنْ يَحْيَى بْنِ سَعِيدٍ، عَنْ مُحَمَّدِ بْنِ إِبْرَاهِيمَ، عَنْ عَبْدِ الرَّحْمَنِ بْنِ أَبِي عَمْرَةَ الأَنْصَارِيِّ، أَنَّهُ قَالَ جَاءَ عُثْمَانُ بْنُ عَفَّانَ إِلَى صَلاَةِ الْعِشَاءِ فَرَأَى أَهْلَ الْمَسْجِدِ قَلِيلاً فَاضْطَجَعَ فِي مُؤَخَّرِ الْمَسْجِدِ يَنْتَظِرُ النَّاسَ أَنْ يَكْثُرُوا فَأَتَاهُ ابْنُ أَبِي عَمْرَةَ فَجَلَسَ إِلَيْهِ فَسَأَلَهُ مَنْ هُوَ فَأَخْبَرَهُ فَقَالَ مَا مَعَكَ مِنَ الْقُرْآنِ فَأَخْبَرَهُ ‏.‏ فَقَالَ لَهُ عُثْمَانُ مَنْ شَهِدَ الْعِشَاءَ فَكَأَنَّمَا قَامَ نِصْفَ لَيْلَةٍ وَمَنْ شَهِدَ الصُّبْحَ فَكَأَنَّمَا قَامَ لَيْلَةً ‏.‏","english":{"narrator":"","text":"Yahya related to me from Malik from Yahya ibn Said from Muhammad\nibn Ibrahim that Abd ar-Rahman ibn Abi Amra al-Ansari said that Uthman\nibn Affan came to the isha prayer and seeing only a few people in the\nmosque, he lay down at the back of the mosque to wait for the number\nof people to increase. Ibn Abi Amra went and sat down beside him and\nUthman asked him who he was, so he told him. Uthman said, \"What have\nyou memorised of the Qur'an?\", and he told him. Uthman said, \"If\nsomeone is present at isha, it is as if he had stood in prayer for\nhalf a night, and if some one is present at subh, it is as if he had\nstood in prayer for a whole night."}},{"id":9,"idInBook":9,"chapterId":8,"bookId":7,"arabic":"حَدَّثَنِي يَحْيَى، عَنْ مَالِكٍ، عَنْ زَيْدِ بْنِ أَسْلَمَ، عَنْ رَجُلٍ، مِنْ بَنِي الدِّيلِ يُقَالُ لَهُ بُسْرُ بْنُ مِحْجَنٍ عَنْ أَبِيهِ، مِحْجَنٍ أَنَّهُ كَانَ فِي مَجْلِسٍ مَعَ رَسُولِ اللَّهِ صلى الله عليه وسلم فَأُذِّنَ بِالصَّلاَةِ فَقَامَ رَسُولُ اللَّهِ صلى الله عليه وسلم فَصَلَّى ثُمَّ رَجَعَ وَمِحْجَنٌ فِي مَجْلِسِهِ لَمْ يُصَلِّ مَعَهُ فَقَالَ لَهُ رَسُولُ اللَّهِ صلى الله عليه وسلم ‏\"‏ مَا مَنَعَكَ أَنْ تُصَلِّيَ مَعَ النَّاسِ أَلَسْتَ بِرَجُلٍ مُسْلِمٍ ‏\"‏ ‏.‏ فَقَالَ بَلَى يَا رَسُولَ اللَّهِ وَلَكِنِّي قَدْ صَلَّيْتُ فِي أَهْلِي ‏.‏ فَقَالَ لَهُ رَسُولُ اللَّهِ صلى الله عليه وسلم ‏\"‏ إِذَا جِئْتَ فَصَلِّ مَعَ النَّاسِ وَإِنْ كُنْتَ قَدْ صَلَّيْتَ ‏\"‏ ‏.‏","english":{"narrator":"","text":"Yahya related to me from Malik from Zayd ibn Aslam from a man of\nthe Bani'd-Dil called Busr ibn Mihjan from his father Mihjan that he\nwas in a gathering with the Messenger of Allah, may Allah bless him\nand grant him peace, and the call to prayer was made. The Messenger of\nAllah, may Allah bless him and grant him peace, rose and prayed and\nthen returned. Mihjan remained sitting and did not pray with him. The\nMessenger of Allah, may Allah bless him and grant him peace, said,\n\"What prevented you from praying with the people? Aren't you a\nmuslim?\" He said, \"Of course, Messenger of Allah, but I have already\nprayed with my family.\" The Messenger of Allah, may Allah bless him\nand grant him peace, said, \"When you come, pray with the people, even\nif you have prayed already.\""}},{"id":10,"idInBook":10,"chapterId":8,"bookId":7,"arabic":"وَحَدَّثَنِي عَنْ مَالِكٍ، عَنْ نَافِعٍ، أَنَّ رَجُلاً، سَأَلَ عَبْدَ اللَّهِ بْنَ عُمَرَ فَقَالَ إِنِّي أُصَلِّي فِي بَيْتِي ثُمَّ أُدْرِكُ الصَّلاَةَ مَعَ الإِمَامِ أَفَأُصَلِّي مَعَهُ فَقَالَ لَهُ عَبْدُ اللَّهِ بْنُ عُمَرَ نَعَمْ ‏.‏ فَقَالَ الرَّجُلُ أَيَّتَهُمَا أَجْعَلُ صَلاَتِي فَقَالَ لَهُ ابْنُ عُمَرَ أَوَذَلِكَ إِلَيْكَ إِنَّمَا ذَلِكَ إِلَى اللَّهِ يَجْعَلُ أَيَّتَهُمَا شَاءَ ‏.‏","english":{"narrator":"","text":"Yahya related to me from Malik from Nafi that a man asked\nAbdullah ibn Umar, \"Sometimes I pray in my house, and then catch the\nprayer with the imam. Should I pray with him?\" Abdullah ibn Umar said\nto him, \"Yes,\" and the man said, \"Which of them do I make my prayer?\"\nAbdullah ibn Umar said, \"Is that up to you? It is up to Allah. He will\ndecide on whichever of them He wishes.\""}},{"id":11,"idInBook":11,"chapterId":8,"bookId":7,"arabic":"وَحَدَّثَنِي عَنْ مَالِكٍ، عَنْ يَحْيَى بْنِ سَعِيدٍ، أَنَّ رَجُلاً، سَأَلَ سَعِيدَ بْنَ الْمُسَيَّبِ فَقَالَ إِنِّي أُصَلِّي فِي بَيْتِي ثُمَّ آتِي الْمَسْجِدَ فَأَجِدُ الإِمَامَ يُصَلِّي أَفَأُصَلِّي مَعَهُ فَقَالَ سَعِيدٌ نَعَمْ ‏.‏ فَقَالَ الرَّجُلُ فَأَيُّهُمَا صَلاَتِي فَقَالَ سَعِيدٌ أَوَأَنْتَ تَجْعَلُهُمَا إِنَّمَا ذَلِكَ إِلَى اللَّهِ ‏.‏","english":{"narrator":"","text":"Yahya related to me from Malik from Yahya ibn Said that a man\nasked Said ibn al-Musayyab, \"I pray in my house, and then I come to\nthe mosque and find the imam praying. Should I pray with him?\" Said\nsaid, \"Yes,\" and the man said, \"Which of them is my prayer?\" Said\nsaid, \"Are you the one to decide that? That is up to Allah.\""}},{"id":12,"idInBook":12,"chapterId":8,"bookId":7,"arabic":"وَحَدَّثَنِي عَنْ مَالِكٍ، عَنْ عَفِيفٍ السَّهْمِيِّ، عَنْ رَجُلٍ، مِنْ بَنِي أَسَدٍ أَنَّهُ سَأَلَ أَبَا أَيُّوبَ الأَنْصَارِيَّ فَقَالَ إِنِّي أُصَلِّي فِي بَيْتِي ثُمَّ آتِي الْمَسْجِدَ فَأَجِدُ الإِمَامَ يُصَلِّي أَفَأُصَلِّي مَعَهُ فَقَالَ أَبُو أَيُّوبَ نَعَمْ فَصَلِّ مَعَهُ فَإِنَّ مَنْ صَنَعَ ذَلِكَ فَإِنَّ لَهُ سَهْمَ جَمْعٍ أَوْ مِثْلَ سَهْمِ جَمْعٍ ‏.‏","english":{"narrator":"","text":"Yahya related to me from Malik from Afif as-Sahmi that a man from\nthe tribe of Bani Asad asked Abu Ayyub al-Ansari. \"Sometimes I pray in\nmy house, and then come to the mosque and find the imam praying.\nShould I pray with him?\" Abu Ayyub said, \"Yes, pray with him, for some\none who does so has the reward of the group, or the equivalent of the\nreward of the group.\""}},{"id":13,"idInBook":13,"chapterId":8,"bookId":7,"arabic":"وَحَدَّثَنِي عَنْ مَالِكٍ، عَنْ نَافِعٍ، أَنَّ عَبْدَ اللَّهِ بْنَ عُمَرَ، كَانَ يَقُولُ مَنْ صَلَّى الْمَغْرِبَ أَوِ الصُّبْحَ ثُمَّ أَدْرَكَهُمَا مَعَ الإِمَامِ فَلاَ يَعُدْ لَهُمَا ‏.‏ قَالَ مَالِكٌ وَلاَ أَرَى بَأْسًا أَنْ يُصَلِّيَ مَعَ الإِمَامِ مَنْ كَانَ قَدْ صَلَّى فِي بَيْتِهِ إِلاَّ صَلاَةَ الْمَغْرِبِ فَإِنَّهُ إِذَا أَعَادَهَا كَانَتْ شَفْعًا ‏.‏","english":{"narrator":"","text":"Yahya related to me from Malik from Nafi that Abdullah ibn Umar\nused to say, \"Someone who prays maghrib or subh and then catches them\nwith the imam should not repeat them.\"\n\n\nMalik said, \"I do not\nsee any harm in someone who has already prayed in his house praying\nwith the imam, except for maghrib, because if he repeats it, he makes\nit even.\""}},{"id":14,"idInBook":14,"chapterId":8,"bookId":7,"arabic":"حَدَّثَنِي يَحْيَى، عَنْ مَالِكٍ، عَنْ أَبِي الزِّنَادِ، عَنِ الأَعْرَجِ، عَنْ أَبِي هُرَيْرَةَ، أَنَّ رَسُولَ اللَّهِ صلى الله عليه وسلم قَالَ ‏\n\"‏ إِذَا صَلَّى أَحَدُكُمْ بِالنَّاسِ فَلْيُخَفِّفْ فَإِنَّ فِيهِمُ الضَّعِيفَ وَالسَّقِيمَ وَالْكَبِيرَ وَإِذَا صَلَّى أَحَدُكُمْ لِنَفْسِهِ فَلْيُطَوِّلْ مَا شَاءَ ‏\"‏ ‏.‏","english":{"narrator":"","text":"Yahya related to me from Malik from Abu'z Zinad from al-Araj from\nAbu Hurayra that the Messenger of Allah, may Allah bless him and grant\nhim peace, said, \"When you lead people in the prayer, make it short,\nbecause there are among them some people who are weak, ill and old.\nBut when you pray on your own, make it as long as you wish.\""}},{"id":15,"idInBook":15,"chapterId":8,"bookId":7,"arabic":"وَحَدَّثَنِي عَنْ مَالِكٍ، عَنْ نَافِعٍ، أَنَّهُ قَالَ قُمْتُ وَرَاءَ عَبْدِ اللَّهِ بْنِ عُمَرَ فِي صَلاَةٍ مِنَ الصَّلَوَاتِ وَلَيْسَ مَعَهُ أَحَدٌ غَيْرِي فَخَالَفَ عَبْدُ اللَّهِ بِيَدِهِ فَجَعَلَنِي حِذَاءَهُ ‏.‏","english":{"narrator":"","text":"Yahya related to me from Malik that Nafi said, \"I stood behind\nAbdullah ibn Umar in one of the prayers when there was no one else\nwith him, and he reached behind with his hand and placed me beside\nhim.\""}},{"id":16,"idInBook":16,"chapterId":8,"bookId":7,"arabic":"وَحَدَّثَنِي عَنْ مَالِكٍ، عَنْ يَحْيَى بْنِ سَعِيدٍ، أَنَّ رَجُلاً، كَانَ يَؤُمُّ النَّاسَ بِالْعَقِيقِ فَأَرْسَلَ إِلَيْهِ عُمَرُ بْنُ عَبْدِ الْعَزِيزِ فَنَهَاهُ ‏.‏ قَالَ مَالِكٌ وَإِنَّمَا نَهَاهُ لأَنَّهُ كَانَ لاَ يُعْرَفُ أَبُوهُ ‏.‏","english":{"narrator":"","text":"Yahya related to me from Malik from Yahya ibn Said that a man\nused to lead the people in prayer in al-Aqiq (a place near Madina),\nand Umar ibn Abd al-Aziz sent a message to him forbidding him to do\nso.\n\n\nMalik said, \"He only forbade him because his father was\nnot known.\""}},{"id":17,"idInBook":17,"chapterId":8,"bookId":7,"arabic":"حَدَّثَنِي يَحْيَى، عَنْ مَالِكٍ، عَنِ ابْنِ شِهَابٍ، عَنْ أَنَسِ بْنِ مَالِكٍ، أَنَّ رَسُولَ اللَّهِ صلى الله عليه وسلم رَكِبَ فَرَسًا فَصُرِعَ فَجُحِشَ شِقُّهُ الأَيْمَنُ فَصَلَّى صَلاَةً مِنَ الصَّلَوَاتِ وَهُوَ قَاعِدٌ وَصَلَّيْنَا وَرَاءَهُ قُعُودًا فَلَمَّا انْصَرَفَ قَالَ ‏\n\"‏ إِنَّمَا جُعِلَ الإِمَامُ لِيُؤْتَمَّ بِهِ فَإِذَا صَلَّى قَائِمًا فَصَلُّوا قِيَامًا وَإِذَا رَكَعَ فَارْكَعُوا وَإِذَا رَفَعَ فَارْفَعُوا وَإِذَا قَالَ سَمِعَ اللَّهُ لِمَنْ حَمِدَهُ فَقُولُوا رَبَّنَا وَلَكَ الْحَمْدُ وَإِذَا صَلَّى جَالِسًا فَصَلُّوا جُلُوسًا أَجْمَعُونَ ‏\"‏ ‏.‏","english":{"narrator":"","text":"Yahya related to me from Malik from Ibn Shihab from Anas ibn\nMalik that the Messenger of Allah, may Allah bless him and grant him\npeace, fell off his horse when riding, and his right side was scraped,\nso he did one of the prayers sitting, and we prayed behind him\nsitting. When he left, he said, \"The imam is appointed to be followed.\nIf he prays standing, then pray standing, and when he goes into ruku,\ngo into ruku, and when he rises, rise, and when he says, 'Allah hears\nwhoever praises him,' say, 'Our Lord, praise belongs to You,' and if\nhe prays sitting, then all of you pray sitting.\""}},{"id":18,"idInBook":18,"chapterId":8,"bookId":7,"arabic":"وَحَدَّثَنِي عَنْ مَالِكٍ، عَنْ هِشَامِ بْنِ عُرْوَةَ، عَنْ أَبِيهِ، عَنْ عَائِشَةَ، زَوْجِ النَّبِيِّ صلى الله عليه وسلم أَنَّهَا قَالَتْ صَلَّى رَسُولُ اللَّهِ صلى الله عليه وسلم وَهُوَ شَاكٍ فَصَلَّى جَالِسًا وَصَلَّى وَرَاءَهُ قَوْمٌ قِيَامًا فَأَشَارَ إِلَيْهِمْ أَنِ اجْلِسُوا فَلَمَّا انْصَرَفَ قَالَ ‏\n\"‏ إِنَّمَا جُعِلَ الإِمَامُ لِيُؤْتَمَّ بِهِ فَإِذَا رَكَعَ فَارْكَعُوا وَإِذَا رَفَعَ فَارْفَعُوا وَإِذَا صَلَّى جَالِسًا فَصَلُّوا جُلُوسًا ‏\"‏ ‏.‏","english":{"narrator":"","text":"Yahya related to me from Malik from Hisham ibn Urwa from his\nfather that A'isha, the wife of the Prophet, may Allah bless him and\ngrant him peace, said, \"The Messenger of Allah, may Allah bless him\nand grant him peace, prayed while he was ill. He prayed sitting, and\nsome people prayed behind him standing, and he indicated to them to\nsit down. When he left, he said, 'The imam is only appointed to be\nfollowed. When he goes into ruku, go into ruku and when he rises, rise\nand if he prays sitting, pray sitting .' \""}},{"id":19,"idInBook":19,"chapterId":8,"bookId":7,"arabic":"وَحَدَّثَنِي عَنْ مَالِكٍ، عَنْ هِشَامِ بْنِ عُرْوَةَ، عَنْ أَبِيهِ، أَنَّ رَسُولَ اللَّهِ صلى الله عليه وسلم خَرَجَ فِي مَرَضِهِ فَأَتَى فَوَجَدَ أَبَا بَكْرٍ وَهُوَ قَائِمٌ يُصَلِّي بِالنَّاسِ فَاسْتَأْخَرَ أَبُو بَكْرٍ فَأَشَارَ إِلَيْهِ رَسُولُ اللَّهِ صلى الله عليه وسلم أَنْ كَمَا أَنْتَ فَجَلَسَ رَسُولُ اللَّهِ صلى الله عليه وسلم إِلَى جَنْبِ أَبِي بَكْرٍ فَكَانَ أَبُو بَكْرٍ يُصَلِّي بِصَلاَةِ رَسُولِ اللَّهِ صلى الله عليه وسلم وَهُوَ جَالِسٌ وَكَانَ النَّاسُ يُصَلُّونَ بِصَلاَةِ أَبِي بَكْرٍ ‏.‏","english":{"narrator":"","text":"Yahya related to me from Malik from Hisham ibn Urwa from his\nfather that the Messenger of Allah, may Allah bless him and grant him\npeace, came out during his illness, and approached and found Abu Bakr\nstanding, leading the people in prayer. Abu Bakr began to go back, but\nthe Messenger of Allah, may Allah bless him and grant him peace,\nindicated to him to stay where he was. The Messenger of Allah, may\nAllah bless him and grant him peace, sat by the side of Abu Bakr, and\nAbu Bakr prayed following the prayer of the Messenger of Allah, may\nAllah bless him and grant him peace, who was sitting, and the people\nprayed following the prayer of Abu Bakr."}},{"id":20,"idInBook":20,"chapterId":8,"bookId":7,"arabic":"حَدَّثَنِي يَحْيَى، عَنْ مَالِكٍ، عَنْ إِسْمَاعِيلَ بْنِ مُحَمَّدِ بْنِ سَعْدِ بْنِ أَبِي وَقَّاصٍ، عَنْ مَوْلًى، لِعَمْرِو بْنِ الْعَاصِ - أَوْ لِعَبْدِ اللَّهِ بْنِ عَمْرِو بْنِ الْعَاصِ - عَنْ عَبْدِ اللَّهِ بْنِ عَمْرِو بْنِ الْعَاصِ، أَنَّ رَسُولَ اللَّهِ صلى الله عليه وسلم قَالَ ‏\n\"‏ صَلاَةُ أَحَدِكُمْ وَهُوَ قَاعِدٌ مِثْلُ نِصْفِ صَلاَتِهِ وَهُوَ قَائِمٌ ‏\"‏ ‏.‏","english":{"narrator":"","text":"Yahya related to me from Malik from Ismail ibn Muhammad ibn Said\nibn Abi Waqqas from a mawla of Amr ibn al-As or of Abdullah ibn Amr\nibn al-As that the Messenger of Allah, may Allah bless him and grant\nhim peace, said, \"The prayer of one of you sitting down is only equal\nto half the prayer of one of you when he is standing.\""}},{"id":21,"idInBook":21,"chapterId":8,"bookId":7,"arabic":"وَحَدَّثَنِي عَنْ مَالِكٍ، عَنِ ابْنِ شِهَابٍ، عَنْ عَبْدِ اللَّهِ بْنِ عَمْرِو بْنِ الْعَاصِ، أَنَّهُ قَالَ لَمَّا قَدِمْنَا الْمَدِينَةَ نَالَنَا وَبَاءٌ مِنْ وَعْكِهَا شَدِيدٌ فَخَرَجَ رَسُولُ اللَّهِ صلى الله عليه وسلم عَلَى النَّاسِ وَهُمْ يُصَلُّونَ فِي سُبْحَتِهِمْ قُعُودًا فَقَالَ رَسُولُ اللَّهِ صلى الله عليه وسلم ‏\n\"‏ صَلاَةُ الْقَاعِدِ مِثْلُ نِصْفِ صَلاَةِ الْقَائِمِ ‏\"‏ ‏.‏","english":{"narrator":"","text":"Yahya related to me from Malik from Ibn Shihab that Abdullah ibn\nAmr ibn al As said, \"When we arrived at Madina we were struck down by\na severe epidemic which debilitated us greatly. The Messenger of\nAllah, may Allah bless him and grant him peace, came out to the people\nwhile they were praying nawafil prayers sitting down. The Messenger of\nAllah, may Allah bless him and grant him peace, said, 'The prayer of\nthe one sitting is equal to only half the prayer of the one standing.'\n\""}},{"id":22,"idInBook":22,"chapterId":8,"bookId":7,"arabic":"حَدَّثَنِي يَحْيَى، عَنْ مَالِكٍ، عَنِ ابْنِ شِهَابٍ، عَنِ السَّائِبِ بْنِ يَزِيدَ، عَنِ الْمُطَّلِبِ بْنِ أَبِي وَدَاعَةَ السَّهْمِيِّ، عَنْ حَفْصَةَ، زَوْجِ النَّبِيِّ صلى الله عليه وسلم أَنَّهَا قَالَتْ مَا رَأَيْتُ رَسُولَ اللَّهِ صلى الله عليه وسلم صَلَّى فِي سُبْحَتِهِ قَاعِدًا قَطُّ حَتَّى كَانَ قَبْلَ وَفَاتِهِ بِعَامٍ فَكَانَ يُصَلِّي فِي سُبْحَتِهِ قَاعِدًا وَيَقْرَأُ بِالسُّورَةِ فَيُرَتِّلُهَا حَتَّى تَكُونَ أَطْوَلَ مِنْ أَطْوَلَ مِنْهَا ‏.‏","english":{"narrator":"","text":"Yahya related to me from Malik from Ibn Shihab from as-Sa'ib ibn\nYazid from al Muttalib ibn Abi Wadaa as-Sahmi that Hafsa, the wife of\nthe Prophet, may Allah bless him and grant him peace, said, \"I never\nsaw the Messenger of Allah, may Allah bless him and grant him peace,\npraying nawafil sitting, until a year before his death, when he began\nto pray them sitting. He would recite the sura with a measured\nslowness so that it would seem to be longer than other suras which\nwere actually longer than it.\""}},{"id":23,"idInBook":23,"chapterId":8,"bookId":7,"arabic":"وَحَدَّثَنِي عَنْ مَالِكٍ، عَنْ هِشَامِ بْنِ عُرْوَةَ، عَنْ أَبِيهِ، عَنْ عَائِشَةَ، زَوْجِ النَّبِيِّ صلى الله عليه وسلم أَنَّهَا أَخْبَرَتْهُ أَنَّهَا لَمْ تَرَ رَسُولَ اللَّهِ صلى الله عليه وسلم يُصَلِّي صَلاَةَ اللَّيْلِ قَاعِدًا قَطُّ حَتَّى أَسَنَّ فَكَانَ يَقْرَأُ قَاعِدًا حَتَّى إِذَا أَرَادَ أَنْ يَرْكَعَ قَامَ فَقَرَأَ نَحْوًا مِنْ ثَلاَثِينَ أَوْ أَرْبَعِينَ آيَةً ثُمَّ رَكَعَ ‏.‏","english":{"narrator":"","text":"Yahya related to me from Malik from Hisham ibn Urwa from his\nfather that A'isha, the wife of the Prophet, may Allah bless him and\ngrant him peace, told him that she had never seen the Messenger of\nAllah, may Allah bless him and grant him peace, doing night prayers\nsitting down until he was getting on in years. He would recite sitting\ndown until when he wanted to go into ruku, he would stand up and\nrecite about thirty or forty ayats and then go into ruku."}},{"id":24,"idInBook":24,"chapterId":8,"bookId":7,"arabic":"وَحَدَّثَنِي عَنْ مَالِكٍ، عَنْ عَبْدِ اللَّهِ بْنِ يَزِيدَ الْمَدَنِيِّ، وَعَنْ أَبِي النَّضْرِ، عَنْ أَبِي سَلَمَةَ بْنِ عَبْدِ الرَّحْمَنِ، عَنْ عَائِشَةَ، زَوْجِ النَّبِيِّ صلى الله عليه وسلم أَنَّ رَسُولَ اللَّهِ صلى الله عليه وسلم كَانَ يُصَلِّي جَالِسًا فَيَقْرَأُ وَهُوَ جَالِسٌ فَإِذَا بَقِيَ مِنْ قِرَاءَتِهِ قَدْرُ مَا يَكُونُ ثَلاَثِينَ أَوْ أَرْبَعِينَ آيَةً قَامَ فَقَرَأَ وَهُوَ قَائِمٌ ثُمَّ رَكَعَ وَسَجَدَ ثُمَّ صَنَعَ فِي الرَّكْعَةِ الثَّانِيَةِ مِثْلَ ذَلِكَ ‏.‏","english":{"narrator":"","text":"Yahya related to me from Malik from Abdullah ibn Yazid al-Madani\nand from Abu'n Nadr from Abu Salama ibn Abd ar-Rahman from A'isha, the\nwife of the Prophet, may Allah bless him and grant him peace, that the\nMessenger of Allah, may Allah bless him and grant him peace, used to\npray sitting. He would recite sitting, and then, when about thirty or\nforty ayats of what he was reciting remained, he would stand up and\nrecite standing and then go into ruku and sajda. He would do the same\nin the second raka."}},{"id":25,"idInBook":25,"chapterId":8,"bookId":7,"arabic":"وَحَدَّثَنِي عَنْ مَالِكٍ، أَنَّهُ بَلَغَهُ أَنَّ عُرْوَةَ بْنَ الزُّبَيْرِ، وَسَعِيدَ بْنَ الْمُسَيَّبِ، كَانَا يُصَلِّيَانِ النَّافِلَةَ وَهُمَا مُحْتَبِيَانِ ‏.‏","english":{"narrator":"","text":"Yahya related to me from Malik that he had heard that Urwa ibn\naz-Zubayr and Said ibn al-Musayyab used to pray voluntary prayers\nsitting."}},{"id":26,"idInBook":26,"chapterId":8,"bookId":7,"arabic":"حَدَّثَنِي يَحْيَى، عَنْ مَالِكٍ، عَنْ زَيْدِ بْنِ أَسْلَمَ، عَنِ الْقَعْقَاعِ بْنِ حَكِيمٍ، عَنْ أَبِي يُونُسَ، مَوْلَى عَائِشَةَ أُمِّ الْمُؤْمِنِينَ أَنَّهُ قَالَ أَمَرَتْنِي عَائِشَةُ أَنْ أَكْتُبَ لَهَا مُصْحَفًا ثُمَّ قَالَتْ إِذَا بَلَغْتَ هَذِهِ الآيَةَ فَآذِنِّي ‏{‏حَافِظُوا عَلَى الصَّلَوَاتِ وَالصَّلاَةِ الْوُسْطَى وَقُومُوا لِلَّهِ قَانِتِينَ‏}‏ فَلَمَّا بَلَغْتُهَا آذَنْتُهَا فَأَمْلَتْ عَلَىَّ حَافِظُوا عَلَى الصَّلَوَاتِ وَالصَّلاَةِ الْوُسْطَى وَصَلاَةِ الْعَصْرِ وَقُومُوا لِلَّهِ قَانِتِينَ قَالَتْ عَائِشَةُ سَمِعْتُهَا مِنْ رَسُولِ اللَّهِ صلى الله عليه وسلم ‏.‏","english":{"narrator":"","text":"Yahya related to me from Malik from Zayd ibn Aslam from al-Qaqa\nibn Hakim that Abu Yunus, the mawla of A'isha, umm al-muminin said,\n''A'isha ordered  me to write out a Qur'an for her. She said, 'When\nyou reach this ayat, let me know, \"Guard the prayers carefully and the\nmiddle prayer and stand obedient to Allah.\" ' When I reached it I told\nher, and she dictated to me, 'Guard the prayers carefully and the\nmiddle prayer and the asr prayer and stand obedient to Allah.'  A'isha\nsaid, 'I heard it from the Messenger of Allah, may Allah bless him and\ngrant him peace.' \""}},{"id":27,"idInBook":27,"chapterId":8,"bookId":7,"arabic":"وَحَدَّثَنِي عَنْ مَالِكٍ، عَنْ زَيْدِ بْنِ أَسْلَمَ، عَنْ عَمْرِو بْنِ رَافِعٍ، أَنَّهُ قَالَ كُنْتُ أَكْتُبُ مُصْحَفًا لِحَفْصَةَ أُمِّ الْمُؤْمِنِينَ فَقَالَتْ إِذَا بَلَغْتَ هَذِهِ الآيَةَ فَآذِنِّي ‏{‏حَافِظُوا عَلَى الصَّلَوَاتِ وَالصَّلاَةِ الْوُسْطَى وَقُومُوا لِلَّهِ قَانِتِينَ ‏}‏ فَلَمَّا بَلَغْتُهَا آذَنْتُهَا فَأَمْلَتْ عَلَىَّ حَافِظُوا عَلَى الصَّلَوَاتِ وَالصَّلاَةِ الْوُسْطَى وَصَلاَةِ الْعَصْرِ وَقُومُوا لِلَّهِ قَانِتِينَ ‏.‏","english":{"narrator":"","text":"Yahya related to me from Malik from Zayd ibn Aslam that Amr ibn\nRafi said, \"I was writing a Qur'an for Hafsa, umm al-muminin, and she\nsaid, 'When you reach this ayat, let me know, \"Guard the prayers\ncarefully and the middle prayer and stand obedient to Allah.\" When I\nreached it I told her and she dictated to me, 'Guard the prayers\ncarefully and the middle prayer and the asr prayer and stand obedient\nto Allah.' \""}},{"id":28,"idInBook":28,"chapterId":8,"bookId":7,"arabic":"وَحَدَّثَنِي عَنْ مَالِكٍ، عَنْ دَاوُدَ بْنِ الْحُصَيْنِ، عَنِ ابْنِ يَرْبُوعٍ الْمَخْزُومِيِّ، أَنَّهُ قَالَ سَمِعْتُ زَيْدَ بْنَ ثَابِتٍ، يَقُولُ الصَّلاَةُ الْوُسْطَى صَلاَةُ الظُّهْرِ ‏.‏","english":{"narrator":"","text":"Yahya related to me from Malik from Da'ud ibn al-Husayn that Ibn\nYarbu al-Makhzumi said, \"I heard Zayd ibn Thabit say, 'The middle\nprayer is the prayer of dhuhr.' \""}},{"id":29,"idInBook":29,"chapterId":8,"bookId":7,"arabic":"وَحَدَّثَنِي عَنْ مَالِكٍ، أَنَّهُ بَلَغَهُ أَنَّ عَلِيَّ بْنَ أَبِي طَالِبٍ، وَعَبْدَ اللَّهِ بْنَ عَبَّاسٍ، كَانَا يَقُولاَنِ الصَّلاَةُ الْوُسْطَى صَلاَةُ الصُّبْحِ ‏.‏ قَالَ مَالِكٌ وَقَوْلُ عَلِيٍّ وَابْنِ عَبَّاسٍ أَحَبُّ مَا سَمِعْتُ إِلَىَّ فِي ذَلِكَ ‏.‏","english":{"narrator":"","text":"Yahya related to me from Malik that he had heard that AIi ibn Abi\nTalib and Abdullah ibn Abbas used to say, \"The middle prayer is the\nprayer of subh.\"\n\n\nMalik said, \"Out of all that I have heard\nabout the matter, I prefer what Ali ibn Abi Talib and Abdullah ibn\nAbbas said.\""}},{"id":30,"idInBook":30,"chapterId":8,"bookId":7,"arabic":"حَدَّثَنِي يَحْيَى، عَنْ مَالِكٍ، عَنْ هِشَامِ بْنِ عُرْوَةَ، عَنْ أَبِيهِ، عَنْ عُمَرَ بْنِ أَبِي سَلَمَةَ، أَنَّهُ رَأَى رَسُولَ اللَّهِ صلى الله عليه وسلم يُصَلِّي فِي ثَوْبٍ وَاحِدٍ مُشْتَمِلاً بِهِ فِي بَيْتِ أُمِّ سَلَمَةَ وَاضِعًا طَرَفَيْهِ عَلَى عَاتِقَيْهِ ‏.‏","english":{"narrator":"","text":"Yahya related to me from Malik from Hisham ibn Urwa from his\nfather that Umar ibn Abi Salama saw the Messenger of Allah, may Allah\nbless him and grant him peace, praying in one garment in the house of\nUmm Salama. He was completely covered by it, and had put both ends\nover his shoulders."}},{"id":31,"idInBook":31,"chapterId":8,"bookId":7,"arabic":"وَحَدَّثَنِي عَنْ مَالِكٍ، عَنِ ابْنِ شِهَابٍ، عَنْ سَعِيدِ بْنِ الْمُسَيَّبِ، عَنْ أَبِي هُرَيْرَةَ، أَنَّ سَائِلاً، سَأَلَ رَسُولَ اللَّهِ صلى الله عليه وسلم عَنِ الصَّلاَةِ فِي ثَوْبٍ وَاحِدٍ فَقَالَ رَسُولُ اللَّهِ صلى الله عليه وسلم ‏\n\"‏ أَوَلِكُلِّكُمْ ثَوْبَانِ ‏\"‏ ‏.‏","english":{"narrator":"","text":"Yahya related to me from Malik from Ibn Shihab from Said ibn al-\nMusayyab from Abu Hurayra that some one asked the Messenger of Allah,\nmay Allah bless him and grant him peace about praying in one garment.\nThe Messenger of Allah, may Allah bless him and grant him peace, said,\n\"Do you all have two garments?\""}},{"id":32,"idInBook":32,"chapterId":8,"bookId":7,"arabic":"وَحَدَّثَنِي عَنْ مَالِكٍ، عَنِ ابْنِ شِهَابٍ، عَنْ سَعِيدِ بْنِ الْمُسَيَّبِ، أَنَّهُ قَالَ سُئِلَ أَبُو هُرَيْرَةَ هَلْ يُصَلِّي الرَّجُلُ فِي ثَوْبٍ وَاحِدٍ فَقَالَ نَعَمْ ‏.‏ فَقِيلَ لَهُ هَلْ تَفْعَلُ أَنْتَ ذَلِكَ فَقَالَ نَعَمْ إِنِّي لأُصَلِّي فِي ثَوْبٍ وَاحِدٍ وَإِنَّ ثِيَابِي لَعَلَى الْمِشْجَبِ ‏.‏","english":{"narrator":"","text":"Yahya related to me from Malik from Ibn Shihab that Said ibn al-\nMusayyab said that Abu Hurayra was asked, \"May a man pray in one\ngarment?\" He said, \"Yes.\" The man then said to him \"Do you do that?\"\nand he replied, \"Yes, I pray in one garment while my clothes are on\nthe clothes-rack.\""}},{"id":33,"idInBook":33,"chapterId":8,"bookId":7,"arabic":"وَحَدَّثَنِي عَنْ مَالِكٍ، أَنَّهُ بَلَغَهُ أَنَّ جَابِرَ بْنَ عَبْدِ اللَّهِ، كَانَ يُصَلِّي فِي الثَّوْبِ الْوَاحِدِ ‏.‏","english":{"narrator":"","text":"Yahya related to me from Malik that he had heard that Jabir ibn\nAbdullah used to pray in one garment."}},{"id":34,"idInBook":34,"chapterId":8,"bookId":7,"arabic":"وَحَدَّثَنِي عَنْ مَالِكٍ، عَنْ رَبِيعَةَ بْنِ أَبِي عَبْدِ الرَّحْمَنِ، أَنَّ مُحَمَّدَ بْنَ عَمْرِو بْنِ حَزْمٍ، كَانَ يُصَلِّي فِي الْقَمِيصِ الْوَاحِدِ ‏.‏","english":{"narrator":"","text":"Yahya related to me from Malik from Rabia ibn Abi Abd ar-Rahman\nthat Muhammad ibn Amr ibn Hazm used to pray in a single long shirt."}},{"id":35,"idInBook":35,"chapterId":8,"bookId":7,"arabic":"وَحَدَّثَنِي عَنْ مَالِكٍ، أَنَّهُ بَلَغَهُ عَنْ جَابِرِ بْنِ عَبْدِ اللَّهِ، أَنَّ رَسُولَ اللَّهِ صلى الله عليه وسلم قَالَ ‏\n\"‏ مَنْ لَمْ يَجِدْ ثَوْبَيْنِ فَلْيُصَلِّي فِي ثَوْبٍ وَاحِدٍ مُلْتَحِفًا بِهِ فَإِنْ كَانَ الثَّوْبُ قَصِيرًا فَلْيَتَّزِرْ بِهِ ‏\"‏ ‏.‏","english":{"narrator":"","text":"Yahya related to me from Malik that he had heard from Jabir ibn\nAbdullah that the Messenger of Allah, may Allah bless him and grant\nhim peace, said, \"Let anyone who cannot find two garments pray in one\ngarment and wrap himself in it, and if the garment is short, let him\nwrap it around his waist.\"\n\n\nMalik said, \"In my view it is\npreferable for someone who prays in a single shirt to put a garment or\na turban over his shoulders.\""}},{"id":36,"idInBook":36,"chapterId":8,"bookId":7,"arabic":"حَدَّثَنِي يَحْيَى، عَنْ مَالِكٍ، أَنَّهُ بَلَغَهُ أَنَّ عَائِشَةَ، زَوْجَ النَّبِيِّ صلى الله عليه وسلم كَانَتْ تُصَلِّي فِي الدِّرْعِ وَالْخِمَارِ ‏.‏","english":{"narrator":"","text":"Yahya related to me from Malik that he had heard that A'isha, the\nwife of the Prophet, may Allah bless him and grant him peace, used to\npray in a shift and head-covering."}},{"id":37,"idInBook":37,"chapterId":8,"bookId":7,"arabic":"وَحَدَّثَنِي عَنْ مَالِكٍ، عَنْ مُحَمَّدِ بْنِ زَيْدِ بْنِ قُنْفُذٍ، عَنْ أُمِّهِ، أَنَّهَا سَأَلَتْ أُمَّ سَلَمَةَ زَوْجَ النَّبِيِّ صلى الله عليه وسلم مَاذَا تُصَلِّي فِيهِ الْمَرْأَةُ مِنَ الثِّيَابِ فَقَالَتْ تُصَلِّي فِي الْخِمَارِ وَالدِّرْعِ السَّابِغِ إِذَا غَيَّبَ ظُهُورَ قَدَمَيْهَا ‏.‏","english":{"narrator":"","text":"Yahya related to me from Malik from Muhammad ibn Zayd ibn Qunfudh\nthat his mother asked Umm Salama, the wife of the Prophet, may Allah\nbless him and grant him peace, \"What clothes can a woman wear in\nprayer?\" She said, \"She can pray in a shift that reaches down and\ncovers the top of her feet.\""}},{"id":38,"idInBook":38,"chapterId":8,"bookId":7,"arabic":"وَحَدَّثَنِي عَنْ مَالِكٍ، عَنِ الثِّقَةِ، عِنْدَهُ عَنْ بُكَيْرِ بْنِ عَبْدِ اللَّهِ بْنِ الأَشَجِّ، عَنْ بُسْرِ بْنِ سَعِيدٍ، عَنْ عُبَيْدِ اللَّهِ بْنِ الأَسْوَدِ الْخَوْلاَنِيِّ، وَكَانَ، فِي حَجْرِ مَيْمُونَةَ زَوْجِ النَّبِيِّ صلى الله عليه وسلم أَنَّ مَيْمُونَةَ كَانَتْ تُصَلِّي فِي الدِّرْعِ وَالْخِمَارِ لَيْسَ عَلَيْهَا إِزَارٌ ‏.‏","english":{"narrator":"","text":"Yahya related to me from Malik from a reliable source from Bukayr\nibn Abdullah ibn al-Ashajj from Busr ibn Said that when Ubaydullah ibn\nal-Aswad al-Khawlani was in the room of Maimuna, the wife of the\nProphet, may Allah bless him and grant him peace, she used to pray in\na shift and head-covering, without a waist-wrapper."}},{"id":39,"idInBook":39,"chapterId":8,"bookId":7,"arabic":"وَحَدَّثَنِي عَنْ مَالِكٍ، عَنْ هِشَامِ بْنِ عُرْوَةَ، عَنْ أَبِيهِ، أَنَّ امْرَأَةً، اسْتَفْتَتْهُ فَقَالَتْ إِنَّ الْمِنْطَقَ يَشُقُّ عَلَىَّ أَفَأُصَلِّي فِي دِرْعٍ وَخِمَارٍ فَقَالَ نَعَمْ إِذَا كَانَ الدِّرْعُ سَابِغًا ‏.‏","english":{"narrator":"","text":"Yahya related to me from Malik from Hisham ibn Urwa from his\nfather that a woman asked him for a decision, saying, \"Waist-wrappers\nare painful to me. Can I pray in a shift and head-covering?\"  He\nreplied, \"Yes, if the shift is long.\""}}],"chapter":{"id":8,"bookId":7,"arabic":"كتاب صلاة الجماعة","english":"Prayer in Congregation"}}