{
  "metadata": {
    "length": 43,
    "arabic": {
      "title": "سنن أبي داود",
      "author": "الإمام سليمان بن الأشعث أبو داود السجستاني",
      "introduction": "كتاب الفرائض"
    },
    "english": {
      "title": "Sunan Abi Dawud",
      "author": "Imam Sulayman ibn al-Ash'ath Abu Dawud al-Sijistani",
      "introduction": "Shares of Inheritance (Kitab Al-Fara'id)"
    }
  },
  "hadiths": [
    {
      "id": 1,
      "idInBook": 1,
      "chapterId": 19,
      "bookId": 4,
      "arabic": "حَدَّثَنَا أَحْمَدُ بْنُ عَمْرِو بْنِ السَّرْحِ، أَخْبَرَنَا ابْنُ وَهْبٍ، حَدَّثَنِي عَبْدُ الرَّحْمَنِ بْنُ زِيَادٍ، عَنْ عَبْدِ الرَّحْمَنِ بْنِ رَافِعٍ التَّنُوخِيِّ، عَنْ عَبْدِ اللَّهِ بْنِ عَمْرِو بْنِ الْعَاصِ، أَنَّ رَسُولَ اللَّهِ صلى الله عليه وسلم قَالَ ‏\n\"‏ الْعِلْمُ ثَلاَثَةٌ وَمَا سِوَى ذَلِكَ فَهُوَ فَضْلٌ آيَةٌ مُحْكَمَةٌ أَوْ سُنَّةٌ قَائِمَةٌ أَوْ فَرِيضَةٌ عَادِلَةٌ ‏\"‏ ‏.‏",
      "english": {
        "narrator": "Narrated Abdullah ibn Amr ibn al-'As:",
        "text": "The Prophet (ﷺ) said: Knowledge has three categories; anything else is extra; a precise verse, or an established sunnah (practice), or a firm obligatory duty."
      },
      "turkish": {
        "narrator": "Narrated Abdullah ibn Amr ibn al-'As:",
        "text": "Abdullah ibn Amr ibn al-'As'tan rivayet edilmiştir: Peygamber (ﷺ) şöyle buyurdu: Bilgi üç kategoriye ayrılır; diğer her şey fazladır; kesin bir ayet, ya da yerleşik bir sünnet (uygulama), ya da sağlam bir farz görev."
      }
    },
    {
      "id": 2,
      "idInBook": 2,
      "chapterId": 19,
      "bookId": 4,
      "arabic": "حَدَّثَنَا أَحْمَدُ بْنُ حَنْبَلٍ، حَدَّثَنَا سُفْيَانُ، قَالَ سَمِعْتُ ابْنَ الْمُنْكَدِرِ، أَنَّهُ سَمِعَ جَابِرًا، يَقُولُ مَرِضْتُ فَأَتَانِي النَّبِيُّ صلى الله عليه وسلم يَعُودُنِي هُوَ وَأَبُو بَكْرٍ مَاشِيَيْنِ وَقَدْ أُغْمِيَ عَلَىَّ فَلَمْ أُكَلِّمْهُ فَتَوَضَّأَ وَصَبَّهُ عَلَىَّ فَأَفَقْتُ فَقُلْتُ يَا رَسُولَ اللَّهِ كَيْفَ أَصْنَعُ فِي مَالِي وَلِي أَخَوَاتٌ قَالَ فَنَزَلَتْ آيَةُ الْمَوَارِيثِ ‏{‏ يَسْتَفْتُونَكَ قُلِ اللَّهُ يُفْتِيكُمْ فِي الْكَلاَلَةِ ‏}‏ ‏.‏",
      "english": {
        "narrator": "Narrated Jabir:",
        "text": "I fell ill, and the Prophet (ﷺ) and Abu Bakr came to me on foot to visit me. As I was unconscious, I could not speak to him. He performed ablution and sprinkled water on me ; so I became conscious. I said: Messenger of Allah, how should I do in my property, as I have sisters? Thereafter the verse about inheritance was revealed: \"They ask thee for legal decision. Say: Allah directs (thus) about those who leave no descendants or ascendants as heirs.\""
      },
      "turkish": {
        "narrator": "Narrated Jabir:",
        "text": "Jabir'ten rivayet edilmiştir: Hastalandım, Peygamber (ﷺ) ve Ebu Bekir beni ziyaret etmek için yaya olarak geldiler. Ben baygın olduğum için ona konuşamadım. Abdest aldı ve üzerime su serpti; böylece kendime geldim. Dedim: Allah'ın Elçisi, malımda ne yapmalıyım, çünkü kız kardeşlerim var? Bunun üzerine mirasla ilgili ayet nazil oldu: \"Sana miras hakkında soruyorlar. De ki: Allah, çocukları ve ebeveynleri olmayanlar hakkında böyle yönlendirir.\""
      }
    },
    {
      "id": 3,
      "idInBook": 3,
      "chapterId": 19,
      "bookId": 4,
      "arabic": "حَدَّثَنَا عُثْمَانُ بْنُ أَبِي شَيْبَةَ، حَدَّثَنَا كَثِيرُ بْنُ هِشَامٍ، حَدَّثَنَا هِشَامٌ، - يَعْنِي الدَّسْتَوَائِيَّ - عَنْ أَبِي الزُّبَيْرِ، عَنْ جَابِرٍ، قَالَ اشْتَكَيْتُ وَعِنْدِي سَبْعُ أَخَوَاتٍ فَدَخَلَ عَلَىَّ رَسُولُ اللَّهِ صلى الله عليه وسلم فَنَفَخَ فِي وَجْهِي فَأَفَقْتُ فَقُلْتُ يَا رَسُولَ اللَّهِ أَلاَ أُوصِي لأَخَوَاتِي بِالثُّلُثِ قَالَ ‏\"‏ أَحْسِنْ ‏\"‏ ‏.‏ قُلْتُ الشَّطْرَ قَالَ ‏\"‏ أَحْسِنْ ‏\"‏ ‏.‏ ثُمَّ خَرَجَ وَتَرَكَنِي فَقَالَ ‏\"‏ يَا جَابِرُ لاَ أُرَاكَ مَيِّتًا مِنْ وَجَعِكَ هَذَا وَإِنَّ اللَّهَ قَدْ أَنْزَلَ فَبَيَّنَ الَّذِي لأَخَوَاتِكَ فَجَعَلَ لَهُنَّ الثُّلُثَيْنِ ‏\"‏ ‏.‏ قَالَ فَكَانَ جَابِرٌ يَقُولُ أُنْزِلَتْ هَذِهِ الآيَةُ فِيَّ ‏{‏ يَسْتَفْتُونَكَ قُلِ اللَّهُ يُفْتِيكُمْ فِي الْكَلاَلَةِ ‏}‏ ‏.‏",
      "english": {
        "narrator": "Narrated Jabir ibn Abdullah:",
        "text": "I fell ill, and I had seven sisters. The Messenger of Allah (ﷺ) came to me and blew on my face. So I became conscious. I said: Messenger of Allah, may I not bequeath one-third of my property to my sisters? He replied: Do good. I asked: Half? He replied: Do good. He then went out and left me, and said: I do not think, Jabir, you will die of this disease. Allah has revealed (verses) and described the share of your sisters. He appointed two-thirds for them. Jabir used to say: This verse was revealed about me: \"They ask thee for a legal decision. Say: Allah directs (thus) about those who leave no descendants or ascendants as heirs."
      },
      "turkish": {
        "narrator": "Narrated Jabir ibn Abdullah:",
        "text": "Jabir ibn Abdullah'tan rivayet edilmiştir: Hastalandım ve yedi kız kardeşim vardı. Allah'ın Elçisi (ﷺ) yanıma geldi ve yüzüme üfledi. Böylece kendime geldim. Dedim: Allah'ın Elçisi, kız kardeşlerime malımın üçte birini vasiyet edebilir miyim? O da: İyilik yap. Dedim: Yarıyı mı? O da: İyilik yap. Sonra dışarı çıktı ve beni bıraktı ve şöyle dedi: Jabir, bu hastalıktan öleceğini sanmıyorum. Allah ayetler indirdi ve kız kardeşlerinin payını belirledi. Onlara üçte iki pay ayırdı. Jabir derdi ki: Bu ayet benimle ilgili nazil olmuştur: \"Sana miras hakkında soruyorlar. De ki: Allah, çocukları ve ebeveynleri olmayanlar hakkında böyle yönlendirir.\""
      }
    },
    {
      "id": 4,
      "idInBook": 4,
      "chapterId": 19,
      "bookId": 4,
      "arabic": "حَدَّثَنَا مُسْلِمُ بْنُ إِبْرَاهِيمَ، حَدَّثَنَا شُعْبَةُ، عَنْ أَبِي إِسْحَاقَ، عَنِ الْبَرَاءِ بْنِ عَازِبٍ، قَالَ آخِرُ آيَةٍ نَزَلَتْ فِي الْكَلاَلَةِ ‏{‏ يَسْتَفْتُونَكَ قُلِ اللَّهُ يُفْتِيكُمْ فِي الْكَلاَلَةِ ‏}‏ ‏.‏",
      "english": {
        "narrator": "Narrated Al-Bara' bin 'Azib:",
        "text": "The last verse revealed about the decease who left no descendants or ascendants: \"They ask thee for the legal decision. Say: Allah directs (thus) about those who leave no descendants or ascendants as heirs.\""
      },
      "turkish": {
        "narrator": "Narrated Al-Bara' bin 'Azib:",
        "text": "Al-Bara' bin 'Azib'ten rivayet edilmiştir: Çocukları ve ebeveynleri olmayanlar hakkında nazil olan son ayet: \"Sana miras hakkında soruyorlar. De ki: Allah, çocukları ve ebeveynleri olmayanlar hakkında böyle yönlendirir.\""
      }
    },
    {
      "id": 5,
      "idInBook": 5,
      "chapterId": 19,
      "bookId": 4,
      "arabic": "حَدَّثَنَا مَنْصُورُ بْنُ أَبِي مُزَاحِمٍ، حَدَّثَنَا أَبُو بَكْرٍ، عَنْ أَبِي إِسْحَاقَ، عَنِ الْبَرَاءِ بْنِ عَازِبٍ، قَالَ جَاءَ رَجُلٌ إِلَى النَّبِيِّ صلى الله عليه وسلم فَقَالَ يَا رَسُولَ اللَّهِ يَسْتَفْتُونَكَ فِي الْكَلاَلَةِ فَمَا الْكَلاَلَةُ قَالَ ‏\n\"‏ تُجْزِيكَ آيَةُ الصَّيْفِ ‏\"‏ ‏.‏ فَقُلْتُ لأَبِي إِسْحَاقَ هُوَ مَنْ مَاتَ وَلَمْ يَدَعْ وَلَدًا وَلاَ وَالِدًا قَالَ كَذَلِكَ ظَنُّوا أَنَّهُ كَذَلِكَ ‏.‏",
      "english": {
        "narrator": "Narrated Al-Bara' ibn Azib:",
        "text": "A man came to the Prophet (ﷺ) and said: Messenger of Allah, they ask thee for a legal decision about a kalalah. What is meant by kalalah? He replied: The verse revealed in summer is sufficient for you.  \n\n\n\n\n\nI asked AbuIshaq: Does it mean a person who dies and leaves neither children nor father? He said: This is so. The people think it is so."
      },
      "turkish": {
        "narrator": "Narrated Al-Bara' ibn Azib:",
        "text": "Al-Bara' ibn Azib'ten rivayet edilmiştir: Bir adam Peygamber (ﷺ)'e geldi ve dedi: Allah'ın Elçisi, sana kalalah hakkında bir hukuki karar soruyorlar. Kalalah ne demektir? O da: Yazın nazil olan ayet senin için yeterlidir."
      }
    },
    {
      "id": 6,
      "idInBook": 6,
      "chapterId": 19,
      "bookId": 4,
      "arabic": "حَدَّثَنَا عَبْدُ اللَّهِ بْنُ عَامِرِ بْنِ زُرَارَةَ، حَدَّثَنَا عَلِيُّ بْنُ مُسْهِرٍ، عَنِ الأَعْمَشِ، عَنْ أَبِي قَيْسٍ الأَوْدِيِّ، عَنْ هُزَيْلِ بْنِ شُرَحْبِيلَ الأَوْدِيِّ، قَالَ جَاءَ رَجُلٌ إِلَى أَبِي مُوسَى الأَشْعَرِيِّ وَسَلْمَانَ بْنِ رَبِيعَةَ فَسَأَلَهُمَا عَنِ ابْنَةٍ وَابْنَةِ ابْنٍ وَأُخْتٍ، لأَبٍ وَأُمٍّ فَقَالاَ لاِبْنَتِهِ النِّصْفُ وَلِلأُخْتِ مِنَ الأَبِ وَالأُمِّ النِّصْفُ وَلَمْ يُوَرِّثَا ابْنَةَ الاِبْنِ شَيْئًا وَأْتِ ابْنَ مَسْعُودٍ فَإِنَّهُ سَيُتَابِعُنَا فَأَتَاهُ الرَّجُلُ فَسَأَلَهُ وَأَخْبَرَهُ بِقَوْلِهِمَا فَقَالَ لَقَدْ ضَلَلْتُ إِذًا وَمَا أَنَا مِنَ الْمُهْتَدِينَ وَلَكِنِّي سَأَقْضِي فِيهَا بِقَضَاءِ النَّبِيِّ صلى الله عليه وسلم لاِبْنَتِهِ النِّصْفُ وَلاِبْنَةِ الاِبْنِ سَهْمٌ تَكْمِلَةُ الثُّلُثَيْنِ وَمَا بَقِيَ فَلِلأُخْتِ مِنَ الأَبِ وَالأُمِّ ‏.‏",
      "english": {
        "narrator": "Narrated Huzail b. Shurahbil al-Awadi:",
        "text": "A man came to Abu Musa al-Ash'ari and Salman b. Rabi'ah, and asked about a case where there were a daughter, a son's daughter and full sister. They replied: The daughter gets half and the full gets half. The son's daughter gets nothing. Go to Ibn Mas'ud and you will find that he agrees with me. So the man came to him and informed him about their opinion. He said: I would then be in error and not be one of those who are rightly guided. But I decide concerning the matter as the Messenger of Allah (ﷺ) did: The daughter gets half, and the son's daughter gets a share which complete thirds (i.e. gets a sixth), and what remain to the full sister.\""
      },
      "turkish": {
        "narrator": "Narrated Huzail b. Shurahbil al-Awadi:",
        "text": "Abu İshak'a sordum: Bu, çocukları ve babası olmayan bir kişiyi mi ifade ediyor? O da: Evet, bu böyledir. İnsanlar bunu böyle düşünüyor."
      }
    },
    {
      "id": 7,
      "idInBook": 7,
      "chapterId": 19,
      "bookId": 4,
      "arabic": "حَدَّثَنَا مُسَدَّدٌ، حَدَّثَنَا بِشْرُ بْنُ الْمُفَضَّلِ، حَدَّثَنَا عَبْدُ اللَّهِ بْنُ مُحَمَّدِ بْنِ عَقِيلٍ، عَنْ جَابِرِ بْنِ عَبْدِ اللَّهِ، قَالَ خَرَجْنَا مَعَ رَسُولِ اللَّهِ صلى الله عليه وسلم حَتَّى جِئْنَا امْرَأَةً مِنَ الأَنْصَارِ فِي الأَسْوَاقِ فَجَاءَتِ الْمَرْأَةُ بِابْنَتَيْنِ لَهَا فَقَالَتْ يَا رَسُولَ اللَّهِ هَاتَانِ بِنْتَا ثَابِتِ بْنِ قَيْسٍ قُتِلَ مَعَكَ يَوْمَ أُحُدٍ وَقَدِ اسْتَفَاءَ عَمُّهُمَا مَالَهُمَا وَمِيرَاثَهُمَا كُلَّهُ فَلَمْ يَدَعْ لَهُمَا مَالاً إِلاَّ أَخَذَهُ فَمَا تَرَى يَا رَسُولَ اللَّهِ فَوَاللَّهِ لاَ تُنْكَحَانِ أَبَدًا إِلاَّ وَلَهُمَا مَالٌ ‏.‏ فَقَالَ رَسُولُ اللَّهِ صلى الله عليه وسلم ‏\"‏ يَقْضِي اللَّهُ فِي ذَلِكَ ‏\"‏ ‏.‏ قَالَ وَنَزَلَتْ سُورَةُ النِّسَاءِ ‏{‏ يُوصِيكُمُ اللَّهُ فِي أَوْلاَدِكُمْ ‏}‏ الآيَةَ ‏.‏ فَقَالَ رَسُولُ اللَّهِ صلى الله عليه وسلم ‏\"‏ ادْعُوا لِيَ الْمَرْأَةَ وَصَاحِبَهَا ‏\"‏ ‏.‏ فَقَالَ لِعَمِّهِمَا ‏\"‏ أَعْطِهِمَا الثُّلُثَيْنِ وَأَعْطِ أُمَّهُمَا الثُّمُنَ وَمَا بَقِيَ فَلَكَ ‏\"‏ ‏.‏ قَالَ أَبُو دَاوُدَ أَخْطَأَ بِشْرٌ فِيهِ إِنَّمَا هُمَا ابْنَتَا سَعْدِ بْنِ الرَّبِيعِ وَثَابِتُ بْنُ قَيْسٍ قُتِلَ يَوْمَ الْيَمَامَةِ ‏.‏",
      "english": {
        "narrator": "Narrated Jabir ibn Abdullah:",
        "text": "We went out with the Messenger of Allah (ﷺ) and came to a woman of the Ansar in al-Aswaf. The woman brought her two daughters, and said: Messenger of Allah, these are the daughters of Thabit ibn Qays who was killed as a martyr when he was with you at the battle of Uhud, their paternal uncle has taken all their property and inheritance, and he has not left anything for them. What do you think, Messenger of Allah? They cannot be married unless they have some property. The Messenger of Allah (ﷺ) said: Allah will decide regarding the matter. Then the verse of Surat an-Nisa was revealed: \"Allah (thus) directs you as regards your children's (inheritance).\" Messenger of Allah (ﷺ) said: Call to me the woman and her husband's brother. He then said to their paternal uncle: Give them two-thirds and their mother an eighth, and what remains is yours.\n\n\nAbu Dawud said: The narrator Bishr made a mistake. They were the daughters of Sa'd b. al-Rabi' for Thabit b. Qais was killed in the battle of Yamamah."
      },
      "turkish": {
        "narrator": "Narrated Jabir ibn Abdullah:",
        "text": "Huzail b. Şurahbil el-Awadi'den rivayet edilmiştir: Bir adam Ebu Musa el-Aş'ari ve Selman b. Rabi'ah'a geldi ve bir durumda bir kız, bir oğul kızı ve tam kız kardeşin olduğu bir durumu sordu. Onlar da: Kız yarısını alır ve tam kız kardeş yarısını alır. Oğul kızı hiçbir şey almaz. İbn Mes'ud'a git ve benimle aynı fikirde olduğunu göreceksin. Adam ona gitti ve onların görüşünü bildirdi. O da: O zaman ben hata yaparım ve doğru yolda olanlardan biri olmam. Ama ben bu konuda Allah'ın Elçisi (ﷺ) gibi karar veriyorum: Kız yarısını alır, oğul kızı bir pay alır (yani altıda bir alır) ve kalan tam kız kardeşe aittir."
      }
    },
    {
      "id": 8,
      "idInBook": 8,
      "chapterId": 19,
      "bookId": 4,
      "arabic": "حَدَّثَنَا ابْنُ السَّرْحِ، حَدَّثَنَا ابْنُ وَهْبٍ، أَخْبَرَنِي دَاوُدُ بْنُ قَيْسٍ، وَغَيْرُهُ، مِنْ أَهْلِ الْعِلْمِ عَنْ عَبْدِ اللَّهِ بْنِ مُحَمَّدِ بْنِ عَقِيلٍ، عَنْ جَابِرِ بْنِ عَبْدِ اللَّهِ، أَنَّ امْرَأَةَ، سَعْدِ بْنِ الرَّبِيعِ قَالَتْ يَا رَسُولَ اللَّهِ إِنَّ سَعْدًا هَلَكَ وَتَرَكَ ابْنَتَيْنِ ‏.‏ وَسَاقَ نَحْوَهُ قَالَ أَبُو دَاوُدَ وَهَذَا هُوَ الصَّوَابُ ‏.‏",
      "english": {
        "narrator": "Narrated Jabir bin ‘Abdullah :",
        "text": "The wife of Sa'd b. al-Rabi said: Messenger of Allah, Sa'd died and left two daughters. He then narrated the rest of the tradition in a similar way.\n\n\nAbu Dawud said: This is the most correct tradition."
      },
      "turkish": {
        "narrator": "Narrated Jabir bin ‘Abdullah :",
        "text": "Jabir ibn Abdullah'tan rivayet edilmiştir: Biz Allah'ın Elçisi (ﷺ) ile çıktık ve el-Aswaf'ta bir Ensar kadınına geldik. Kadın iki kızını getirdi ve dedi: Allah'ın Elçisi, bunlar, Uhud savaşında seninle birlikte şehit olan Thabit ibn Qays'in kızlarıdır, amcaları tüm mallarını ve miraslarını almış ve onlara hiçbir şey bırakmamıştır. Ne dersin, Allah'ın Elçisi? Onlar, mal olmadan evlenemezler. Allah'ın Elçisi (ﷺ) dedi: Allah bu konuda karar verecektir. Sonra Nisa Suresi'nin ayeti nazil oldu: \"Allah, çocuklarınızın (mirası) hakkında böyle yönlendirir.\" Allah'ın Elçisi (ﷺ) dedi: Kadını ve kocasının kardeşini bana çağırın. Sonra amcalarına dedi: Onlara üçte iki ver ve annelerine sekizde bir ver, kalan senin."
      }
    },
    {
      "id": 9,
      "idInBook": 9,
      "chapterId": 19,
      "bookId": 4,
      "arabic": "حَدَّثَنَا مُوسَى بْنُ إِسْمَاعِيلَ، حَدَّثَنَا أَبَانُ، حَدَّثَنَا قَتَادَةُ، حَدَّثَنِي أَبُو حَسَّانَ، عَنِ الأَسْوَدِ بْنِ يَزِيدَ، أَنَّ مُعَاذَ بْنَ جَبَلٍ، وَرَّثَ أُخْتًا وَابْنَةً فَجَعَلَ لِكُلِّ وَاحِدَةٍ مِنْهُمَا النِّصْفَ وَهُوَ بِالْيَمَنِ وَنَبِيُّ اللَّهِ صلى الله عليه وسلم يَوْمَئِذٍ حَىٌّ ‏.‏",
      "english": {
        "narrator": "Narrated Al-Aswad b. Yazid:",
        "text": "Mu'adh b. Jabal gave shares of inheritance to a sister and a daughter. He gave each of them half. He was at Yemen while the Prophet (ﷺ) was alive."
      },
      "turkish": {
        "narrator": "Narrated Al-Aswad b. Yazid:",
        "text": "Ebu Davud dedi ki: Rivayetçi Bişr hata yaptı. Onlar, Thabit b. Qays'in şehit olduğu gün Sa'd b. al-Rabi'in kızlarıydı."
      }
    },
    {
      "id": 10,
      "idInBook": 10,
      "chapterId": 19,
      "bookId": 4,
      "arabic": "حَدَّثَنَا الْقَعْنَبِيُّ، عَنْ مَالِكٍ، عَنِ ابْنِ شِهَابٍ، عَنْ عُثْمَانَ بْنِ إِسْحَاقَ بْنِ خَرَشَةَ، عَنْ قَبِيصَةَ بْنِ ذُؤَيْبٍ، أَنَّهُ قَالَ جَاءَتِ الْجَدَّةُ إِلَى أَبِي بَكْرٍ الصِّدِّيقِ تَسْأَلُهُ مِيرَاثَهَا فَقَالَ مَا لَكِ فِي كِتَابِ اللَّهِ تَعَالَى شَىْءٌ وَمَا عَلِمْتُ لَكِ فِي سُنَّةِ نَبِيِّ اللَّهِ صلى الله عليه وسلم شَيْئًا فَارْجِعِي حَتَّى أَسْأَلَ النَّاسَ ‏.‏ فَسَأَلَ النَّاسَ فَقَالَ الْمُغِيرَةُ بْنُ شُعْبَةَ حَضَرْتُ رَسُولَ اللَّهِ صلى الله عليه وسلم أَعْطَاهَا السُّدُسَ ‏.‏ فَقَالَ أَبُو بَكْرٍ هَلْ مَعَكَ غَيْرُكَ فَقَامَ مُحَمَّدُ بْنُ مَسْلَمَةَ فَقَالَ مِثْلَ مَا قَالَ الْمُغِيرَةُ بْنُ شُعْبَةَ فَأَنْفَذَهُ لَهَا أَبُو بَكْرٍ ثُمَّ جَاءَتِ الْجَدَّةُ الأُخْرَى إِلَى عُمَرَ بْنِ الْخَطَّابِ رضى الله عنه تَسْأَلُهُ مِيرَاثَهَا فَقَالَ مَا لَكِ فِي كِتَابِ اللَّهِ تَعَالَى شَىْءٌ وَمَا كَانَ الْقَضَاءُ الَّذِي قُضِيَ بِهِ إِلاَّ لِغَيْرِكِ وَمَا أَنَا بِزَائِدٍ فِي الْفَرَائِضِ وَلَكِنْ هُوَ ذَلِكَ السُّدُسُ فَإِنِ اجْتَمَعْتُمَا فِيهِ فَهُوَ بَيْنَكُمَا وَأَيَّتُكُمَا خَلَتْ بِهِ فَهُوَ لَهَا ‏.‏",
      "english": {
        "narrator": "Narrated Qabisah ibn Dhuwayb:",
        "text": "A grandmother came to AbuBakr asking him for her share of inheritance. He said: There is nothing prescribed for you in Allah's Book, nor do I know anything for you in the Sunnah of the Prophet of Allah (ﷺ) Go home till I question the people. He then questioned the people, and al-Mughirah ibn Shu'bah said: I had been present with the Messenger of Allah  (ﷺ) when he gave grandmother a sixth. AbuBakr said: Is there anyone with you? Muhammad ibn Maslamah stood and said the same as al-Mughirah ibn Shu'bah had said. So AbuBakr made it apply to her. Another grandmother came to Umar ibn al-Khattab asking him for her share of inheritance. He said: Nothing has been prescribed for you in Allah's Book. The decision made before you was made for a grandmother other than you. I am not going to add in the shares of inheritance; but it is that sixth. If there are two of you, it is shared between you, but whichever of you is the only one left gets it all."
      },
      "turkish": {
        "narrator": "Narrated Qabisah ibn Dhuwayb:",
        "text": "Jabir bin ‘Abdullah'tan rivayet edilmiştir: Sa'd b. al-Rabi'in eşi dedi ki: Allah'ın Elçisi, Sa'd öldü ve iki kızı bıraktı. Sonra rivayetin geri kalanını benzer bir şekilde anlattı."
      }
    },
    {
      "id": 11,
      "idInBook": 11,
      "chapterId": 19,
      "bookId": 4,
      "arabic": "حَدَّثَنَا مُحَمَّدُ بْنُ عَبْدِ الْعَزِيزِ بْنِ أَبِي رِزْمَةَ، أَخْبَرَنِي أَبِي، حَدَّثَنَا عُبَيْدُ اللَّهِ أَبُو الْمُنِيبِ الْعَتَكِيُّ، عَنِ ابْنِ بُرَيْدَةَ، عَنْ أَبِيهِ، أَنَّ النَّبِيَّ صلى الله عليه وسلم جَعَلَ لِلْجَدَّةِ السُّدُسَ إِذَا لَمْ تَكُنْ دُونَهَا أُمٌّ ‏.‏",
      "english": {
        "narrator": "Narrated Buraydah:",
        "text": "The Prophet (ﷺ) appointed a sixth to a grandmother if no mother is left to inherit before her."
      },
      "turkish": {
        "narrator": "Narrated Buraydah:",
        "text": "Ebu Davud dedi ki: Bu en doğru rivayettir."
      }
    },
    {
      "id": 12,
      "idInBook": 12,
      "chapterId": 19,
      "bookId": 4,
      "arabic": "حَدَّثَنَا مُحَمَّدُ بْنُ كَثِيرٍ، أَخْبَرَنَا هَمَّامٌ، عَنْ قَتَادَةَ، عَنِ الْحَسَنِ، عَنْ عِمْرَانَ بْنِ حُصَيْنٍ، أَنَّ رَجُلاً، أَتَى النَّبِيَّ صلى الله عليه وسلم فَقَالَ إِنَّ ابْنَ ابْنِي مَاتَ فَمَا لِي مِنْ مِيرَاثِهِ فَقَالَ ‏\"‏ لَكَ السُّدُسُ ‏\"‏ ‏.‏ فَلَمَّا أَدْبَرَ دَعَاهُ فَقَالَ ‏\"‏ لَكَ سُدُسٌ آخَرُ ‏\"‏ ‏.‏ فَلَمَّا أَدْبَرَ دَعَاهُ فَقَالَ ‏\"‏ إِنَّ السُّدُسَ الآخَرَ طُعْمَةٌ ‏\"‏ ‏.‏ قَالَ قَتَادَةُ فَلاَ يَدْرُونَ مَعَ أَىِّ شَىْءٍ وَرَّثَهُ ‏.‏ قَالَ قَتَادَةُ أَقَلُّ شَىْءٍ وَرِثَ الْجَدُّ السُّدُسَ ‏.‏",
      "english": {
        "narrator": "Narrated Imran ibn Husayn:",
        "text": "A man came to the Prophet (ﷺ) and said: My son has died; what do I receive from his estate? He replied: You receive a sixth. When he turned away he called him and said: You receive another sixth. When he turned away, he called him and said: The other sixth is an allowance (beyond what is due). \n\n\n\n\n\nQatadah said: They (the Companions) did not know the heirs with whom he was given (a sixth). Qatadah said: The minimum share given to the grandfather was a sixth."
      },
      "turkish": {
        "narrator": "Narrated Imran ibn Husayn:",
        "text": "Al-Aswad b. Yazid'ten rivayet edilmiştir: Mu'adh b. Cebel, bir kız ve bir kızı miras payı verdi. Her birine yarısını verdi. O, Peygamber (ﷺ) hayatta iken Yemen'deydi."
      }
    },
    {
      "id": 13,
      "idInBook": 13,
      "chapterId": 19,
      "bookId": 4,
      "arabic": "حَدَّثَنَا وَهْبُ بْنُ بَقِيَّةَ، عَنْ خَالِدٍ، عَنْ يُونُسَ، عَنِ الْحَسَنِ، أَنَّ عُمَرَ، قَالَ أَيُّكُمْ يَعْلَمُ مَا وَرَّثَ رَسُولُ اللَّهِ صلى الله عليه وسلم الْجَدَّ فَقَالَ مَعْقِلُ بْنُ يَسَارٍ أَنَا وَرَّثَهُ رَسُولُ اللَّهِ صلى الله عليه وسلم السُّدُسَ ‏.‏ قَالَ مَعَ مَنْ قَالَ لاَ أَدْرِي ‏.‏ قَالَ لاَ دَرَيْتَ فَمَا تُغْنِي إِذًا ‏.‏",
      "english": {
        "narrator": "Al-Hasan reported that Umar asked:",
        "text": "Which of your knows what share the Messenger of Allah (ﷺ) had given to the grandfather from the estate? Ma'qil ibn Yasar said: The Messenger of Allah (ﷺ) gave him a sixth. He asked: Along with whom? He replied: I do not know. He said: You do not know; what is the use then?"
      },
      "turkish": {
        "narrator": "Al-Hasan reported that Umar asked:",
        "text": "Qabisah ibn Dhuwayb'ten rivayet edilmiştir: Bir büyük anne, Ebu Bekir'e miras payını sordu. O da: Allah'ın Kitabı'nda senin için bir şey yoktur, ne de olsa Allah'ın Elçisi'nin sünnetinde senin için bildiğim bir şey yok. İnsanlara sorana kadar evine git. Sonra insanlara sordu ve el-Muğira ibn Şu'ba dedi ki: Ben, Allah'ın Elçisi (ﷺ) ile birlikte büyük anneye altıda bir verdiği zaman oradaydım. Ebu Bekir dedi: Yanında kimse var mı? Muhammed ibn Mesleme ayağa kalktı ve el-Muğira ibn Şu'ba'nın söylediklerini söyledi. Böylece Ebu Bekir bunu ona uyguladı. Başka bir büyük anne, Ömer ibn al-Hattab'a miras payını sordu. O da: Allah'ın Kitabı'nda senin için bir şey yoktur. Önceki karar, senin dışındaki bir büyük anne içindi. Miras paylarına ekleme yapmayacağım; ama bu altıda bir. Eğer sizden iki kişi varsa, aranızda paylaşılır, ama yalnız kalan kişi hepsini alır."
      }
    },
    {
      "id": 14,
      "idInBook": 14,
      "chapterId": 19,
      "bookId": 4,
      "arabic": "حَدَّثَنَا أَحْمَدُ بْنُ صَالِحٍ، وَمَخْلَدُ بْنُ خَالِدٍ، - وَهَذَا حَدِيثُ مَخْلَدٍ وَهُوَ الأَشْبَعُ - قَالَ حَدَّثَنَا عَبْدُ الرَّزَّاقِ حَدَّثَنَا مَعْمَرٌ عَنِ ابْنِ طَاوُسٍ عَنْ أَبِيهِ عَنِ ابْنِ عَبَّاسٍ قَالَ قَالَ رَسُولُ اللَّهِ صلى الله عليه وسلم ‏\n\"‏ اقْسِمِ الْمَالَ بَيْنَ أَهْلِ الْفَرَائِضِ عَلَى كِتَابِ اللَّهِ فَمَا تَرَكَتِ الْفَرَائِضُ فَلأَوْلَى ذَكَرٍ ‏\"‏ ‏.‏",
      "english": {
        "narrator": "Narrated Abdullah ibn Abbas:",
        "text": "The Prophet (ﷺ) said: Divide the property among those whose share have been prescribed in the Book of Allah, and what remains from the prescribed shares goes to the nearest male heirs."
      },
      "turkish": {
        "narrator": "Narrated Abdullah ibn Abbas:",
        "text": "Buraydah'tan rivayet edilmiştir: Peygamber (ﷺ) bir büyük anneye, eğer onun önünde miras alacak bir anne yoksa altıda bir pay ayırmıştır."
      }
    },
    {
      "id": 15,
      "idInBook": 15,
      "chapterId": 19,
      "bookId": 4,
      "arabic": "حَدَّثَنَا حَفْصُ بْنُ عُمَرَ، حَدَّثَنَا شُعْبَةُ، عَنْ بُدَيْلٍ، عَنْ عَلِيِّ بْنِ أَبِي طَلْحَةَ، عَنْ رَاشِدِ بْنِ سَعْدٍ، عَنْ أَبِي عَامِرٍ الْهَوْزَنِيِّ عَبْدِ اللَّهِ بْنِ لُحَىٍّ، عَنِ الْمِقْدَامِ، قَالَ قَالَ رَسُولُ اللَّهِ صلى الله عليه وسلم ‏\"‏ مَنْ تَرَكَ كَلاًّ فَإِلَىَّ ‏\"‏ ‏.‏ وَرُبَّمَا قَالَ ‏\"‏ إِلَى اللَّهِ وَإِلَى رَسُولِهِ ‏\"‏ ‏.‏ ‏\"‏ وَمَنْ تَرَكَ مَالاً فَلِوَرَثَتِهِ وَأَنَا وَارِثُ مَنْ لاَ وَارِثَ لَهُ أَعْقِلُ لَهُ وَأَرِثُهُ وَالْخَالُ وَارِثُ مَنْ لاَ وَارِثَ لَهُ يَعْقِلُ عَنْهُ وَيَرِثُهُ ‏\"‏ ‏.‏",
      "english": {
        "narrator": "Narrated Al-Miqdam al-Kindi:",
        "text": "The Prophet (ﷺ) said: If anyone leaves a debt or a  helpless family I shall be responsible-and sometimes the narrator said: Allah and His Apostle  will be responsible-but if anyone leaves property, it goes to his heirs. I am the heirs of him who has none, paying blood-wit for him and inheriting from him; and a maternal uncle is the heir of him who has none, paying blood-wit for him and inheriting from him."
      },
      "turkish": {
        "narrator": "Narrated Al-Miqdam al-Kindi:",
        "text": "İmran ibn Husayn'dan rivayet edilmiştir: Bir adam Peygamber (ﷺ)'e geldi ve dedi: Oğlum öldü; onun malından ne alırım? O da: Altıda bir alırsın. Adam dönerken onu çağırdı ve dedi: Bir altıda bir daha alırsın. Adam dönerken onu tekrar çağırdı ve dedi: Diğer altıda bir, (hak edenden) fazladır."
      }
    },
    {
      "id": 16,
      "idInBook": 16,
      "chapterId": 19,
      "bookId": 4,
      "arabic": "حَدَّثَنَا سُلَيْمَانُ بْنُ حَرْبٍ، - فِي آخَرِينَ - قَالُوا حَدَّثَنَا حَمَّادٌ، عَنْ بُدَيْلٍ، - يَعْنِي ابْنَ مَيْسَرَةَ - عَنْ عَلِيِّ بْنِ أَبِي طَلْحَةَ، عَنْ رَاشِدِ بْنِ سَعْدٍ، عَنْ أَبِي عَامِرٍ الْهَوْزَنِيِّ، عَنِ الْمِقْدَامِ الْكِنْدِيِّ، قَالَ قَالَ رَسُولُ اللَّهِ صلى الله عليه وسلم ‏\n\"‏ أَنَا أَوْلَى بِكُلِّ مُؤْمِنٍ مِنْ نَفْسِهِ فَمَنْ تَرَكَ دَيْنًا أَوْ ضَيْعَةً فَإِلَىَّ وَمَنْ تَرَكَ مَالاً فَلِوَرَثَتِهِ وَأَنَا مَوْلَى مَنْ لاَ مَوْلَى لَهُ أَرِثُ مَالَهُ وَأَفُكُّ عَانَهُ وَالْخَالُ مَوْلَى مَنْ لاَ مَوْلَى لَهُ يَرِثُ مَالَهُ وَيَفُكُّ عَانَهُ ‏\"‏ ‏.‏ قَالَ أَبُو دَاوُدَ رَوَاهُ الزُّبَيْدِيُّ عَنْ رَاشِدِ بْنِ سَعْدٍ عَنِ ابْنِ عَائِذٍ عَنِ الْمِقْدَامِ وَرَوَاهُ مُعَاوِيَةُ بْنُ صَالِحٍ عَنْ رَاشِدٍ قَالَ سَمِعْتُ الْمِقْدَامَ ‏.‏ قَالَ أَبُو دَاوُدَ يَقُولُ الضَّيْعَةُ مَعْنَاهُ عِيَالٌ ‏.‏",
      "english": {
        "narrator": "Narrated Al-Miqdam al-Kindi:",
        "text": "The Prophet (ﷺ) said: I am nearer to every believer than himself, so if anyone leaves a debt or a helpless family, I shall be responsible, but if anyone leaves property, it goes to his heirs. I am patron of him who has none, inheriting his property and freeing him from his liabilities. A maternal uncle is patron of him who has none, inheriting his property and freeing him from his liabilities.\n\n\nAbu Dawud said: da'iah means dependants or helpless family.\n\n\nAbu Dawud said: This tradition has been transmitted by al-Zubaidi from Rashid b. Sa'd from Ibn 'A'idh on the authority of al-Miqdam. It has also been transmitted by Mu'awiyah b. Salih from Rashid who said: I heard al-Miqdam (say)."
      },
      "turkish": {
        "narrator": "Narrated Al-Miqdam al-Kindi:",
        "text": "Al-Miqdam el-Kindi'den rivayet edilmiştir: Peygamber (ﷺ) şöyle buyurdu: Ben her müminin kendisinden daha yakınım, bu yüzden eğer biri bir borç bırakırsa ya da çaresiz bir aile bırakırsa, ben sorumluyum; ama eğer biri mal bırakırsa, o mal mirasçılarına geçer. Ben, hiç kimsesi olmayanın koruyucusuyum, onun malını miras alır ve onu borçlarından kurtarırım. Bir amca, hiç kimsesi olmayanın koruyucusudur, onun malını miras alır ve onu borçlarından kurtarır."
      }
    },
    {
      "id": 17,
      "idInBook": 17,
      "chapterId": 19,
      "bookId": 4,
      "arabic": "حَدَّثَنَا عَبْدُ السَّلاَمِ بْنُ عَتِيقٍ الدِّمَشْقِيُّ، حَدَّثَنَا مُحَمَّدُ بْنُ الْمُبَارَكِ، حَدَّثَنَا إِسْمَاعِيلُ بْنُ عَيَّاشٍ، عَنْ يَزِيدَ بْنِ حُجْرٍ، عَنْ صَالِحِ بْنِ يَحْيَى بْنِ الْمِقْدَامِ، عَنْ أَبِيهِ، عَنْ جَدِّهِ، قَالَ سَمِعْتُ رَسُولَ اللَّهِ صلى الله عليه وسلم يَقُولُ ‏\n\"‏ أَنَا وَارِثُ مَنْ لاَ وَارِثَ لَهُ أَفُكُّ عَانِيَهُ وَأَرِثُ مَالَهُ وَالْخَالُ وَارِثُ مَنْ لاَ وَارِثَ لَهُ يَفُكُّ عَانِيَهُ وَيَرِثُ مَالَهُ ‏\"‏ ‏.‏",
      "english": {
        "narrator": "Narrated Al-Miqdam:",
        "text": "I heard the Messenger of Allah (ﷺ) say: I am the heirs of Him who has none, freeing him from his liabilities, and inheriting what he possesses. A maternal uncle is the heir of Him who has none, freeing him from his liabilities, and inheriting his property."
      },
      "turkish": {
        "narrator": "Narrated Al-Miqdam:",
        "text": "Abu Davud dedi ki: da'iah, bağımlılar veya çaresiz aile demektir."
      }
    },
    {
      "id": 18,
      "idInBook": 18,
      "chapterId": 19,
      "bookId": 4,
      "arabic": "حَدَّثَنَا مُسَدَّدٌ، حَدَّثَنَا يَحْيَى، حَدَّثَنَا شُعْبَةُ، ح وَحَدَّثَنَا عُثْمَانُ بْنُ أَبِي شَيْبَةَ، حَدَّثَنَا وَكِيعُ بْنُ الْجَرَّاحِ، عَنْ سُفْيَانَ، جَمِيعًا عَنِ ابْنِ الأَصْبَهَانِيِّ، عَنْ مُجَاهِدِ بْنِ وَرْدَانَ، عَنْ عُرْوَةَ، عَنْ عَائِشَةَ، رضى الله عنها أَنَّ مَوْلًى، لِلنَّبِيِّ صلى الله عليه وسلم مَاتَ وَتَرَكَ شَيْئًا وَلَمْ يَدَعْ وَلَدًا وَلاَ حَمِيمًا فَقَالَ النَّبِيُّ صلى الله عليه وسلم ‏\"‏ أَعْطُوا مِيرَاثَهُ رَجُلاً مِنْ أَهْلِ قَرْيَتِهِ ‏\"‏ ‏.‏ قَالَ أَبُو دَاوُدَ وَحَدِيثُ سُفْيَانَ أَتَمُّ وَقَالَ مُسَدَّدٌ قَالَ فَقَالَ النَّبِيُّ صلى الله عليه وسلم ‏\"‏ هَا هُنَا أَحَدٌ مِنْ أَهْلِ أَرْضِهِ ‏\"‏ ‏.‏ قَالُوا نَعَمْ ‏.‏ قَالَ ‏\"‏ فَأَعْطُوهُ مِيرَاثَهُ ‏\"‏ ‏.‏",
      "english": {
        "narrator": "Narrated Aisha, Ummul Mu'minin:",
        "text": "A client of the Prophet (ﷺ) died and left some property, but he left no child or relative. The Messenger of Allah (ﷺ) said: Give what he has left to a man belonging to his village.\n\n\nAbu Dawud said: The tradition of Sufyan is more perfect. Musaddad said: Thereupon the Prophet (ﷺ) said: Is there anyone belonging to his land ? They replied: Yes. He said: Then give him what he has left."
      },
      "turkish": {
        "narrator": "Narrated Aisha, Ummul Mu'minin:",
        "text": "Abu Davud dedi ki: Bu rivayet, al-Zubaidi tarafından Rashid b. Sa'd'dan, o da Ibn 'A'idh aracılığıyla al-Miqdam'dan aktarılmıştır. Ayrıca, Mu'aviye b. Salih tarafından Rashid'ten, o da al-Miqdam'ı dinlediğini söyleyerek aktarılmıştır."
      }
    },
    {
      "id": 19,
      "idInBook": 19,
      "chapterId": 19,
      "bookId": 4,
      "arabic": "حَدَّثَنَا عَبْدُ اللَّهِ بْنُ سَعِيدٍ الْكِنْدِيُّ، حَدَّثَنَا الْمُحَارِبِيُّ، عَنْ جِبْرِيلَ بْنِ أَحْمَرَ، عَنْ عَبْدِ اللَّهِ بْنِ بُرَيْدَةَ، عَنْ أَبِيهِ، قَالَ أَتَى النَّبِيَّ صلى الله عليه وسلم رَجُلٌ فَقَالَ إِنَّ عِنْدِي مِيرَاثَ رَجُلٍ مِنَ الأَزْدِ وَلَسْتُ أَجِدُ أَزْدِيًّا أَدْفَعُهُ إِلَيْهِ ‏.‏ قَالَ ‏\"‏ اذْهَبْ فَالْتَمِسْ أَزْدِيًّا حَوْلاً ‏\"‏ ‏.‏ قَالَ فَأَتَاهُ بَعْدَ الْحَوْلِ فَقَالَ يَا رَسُولَ اللَّهِ لَمْ أَجِدْ أَزْدِيًّا أَدْفَعُهُ إِلَيْهِ ‏.‏ قَالَ ‏\"‏ فَانْطَلِقْ فَانْظُرْ أَوَّلَ خُزَاعِيٍّ تَلْقَاهُ فَادْفَعْهُ إِلَيْهِ ‏\"‏ ‏.‏ فَلَمَّا وَلَّى قَالَ ‏\"‏ عَلَىَّ الرَّجُلَ ‏\"‏ ‏.‏ فَلَمَّا جَاءَ قَالَ ‏\"‏ انْظُرْ كُبْرَ خُزَاعَةَ فَادْفَعْهُ إِلَيْهِ ‏\"‏ ‏.‏",
      "english": {
        "narrator": "Narrated Buraydah ibn al-Hasib:",
        "text": "A man came to the Messenger of Allah (ﷺ) and said: I have property left by a man of Azd. I do not find any man of Azd to give it to him. He said: Go and look for man of Azd for a year. He then came to him after one year and said: Messenger of Allah, I did not find any man of Azd to give it to him. He said: Look for a man of Khuza'ah whom you meet first and give it to him. When he turned away, he said; Call the man to me. When he came to him, he said: Look for the leading man of Khuza'ah and give it to him."
      },
      "turkish": {
        "narrator": "Narrated Buraydah ibn al-Hasib:",
        "text": "---"
      }
    },
    {
      "id": 20,
      "idInBook": 20,
      "chapterId": 19,
      "bookId": 4,
      "arabic": "حَدَّثَنَا الْحُسَيْنُ بْنُ أَسْوَدَ الْعِجْلِيُّ، حَدَّثَنَا يَحْيَى بْنُ آدَمَ، حَدَّثَنَا شَرِيكٌ، عَنْ جِبْرِيلَ بْنِ أَحْمَرَ أَبِي بَكْرٍ، عَنِ ابْنِ بُرَيْدَةَ، عَنْ أَبِيهِ، قَالَ مَاتَ رَجُلٌ مِنْ خُزَاعَةَ فَأُتِيَ النَّبِيُّ صلى الله عليه وسلم بِمِيرَاثِهِ فَقَالَ ‏\"‏ الْتَمِسُوا لَهُ وَارِثًا أَوْ ذَا رَحِمٍ ‏\"‏ ‏.‏ فَلَمْ يَجِدُوا لَهُ وَارِثًا وَلاَ ذَا رَحِمٍ فَقَالَ رَسُولُ اللَّهِ صلى الله عليه وسلم ‏\"‏ أَعْطُوهُ الْكُبْرَ مِنْ خُزَاعَةَ ‏\"‏ ‏.‏ قَالَ يَحْيَى قَدْ سَمِعْتُهُ مَرَّةً يَقُولُ فِي هَذَا الْحَدِيثِ ‏\"‏ انْظُرُوا أَكْبَرَ رَجُلٍ مِنْ خُزَاعَةَ ‏\"‏ ‏.‏",
      "english": {
        "narrator": "Narrated Buraydah ibn al-Hasib:",
        "text": "A man of Khuza'ah died and his estate was brought to the Prophet (ﷺ). He said: Look for his heir or some relative. But they found neither heir nor relative. The Messenger of Allah (ﷺ) said: Give it to the leading man of Khuza'ah. The narrator Yahya said: Sometimes I heard him (al-Husayn ibn Aswad) say in this tradition: Look for the greatest man of Khuza'ah."
      },
      "turkish": {
        "narrator": "Narrated Buraydah ibn al-Hasib:",
        "text": "Al-Miqdam'dan rivayet edilmiştir: Ben, hiç kimsesi olmayanın mirasçısıyım, onu borçlarından kurtarıyor ve sahip olduğu şeyleri miras alıyorum. Bir amca, hiç kimsesi olmayanın mirasçısıdır, onu borçlarından kurtarıyor ve malını miras alıyor."
      }
    },
    {
      "id": 21,
      "idInBook": 21,
      "chapterId": 19,
      "bookId": 4,
      "arabic": "حَدَّثَنَا مُوسَى بْنُ إِسْمَاعِيلَ، حَدَّثَنَا حَمَّادٌ، أَخْبَرَنَا عَمْرُو بْنُ دِينَارٍ، عَنْ عَوْسَجَةَ، عَنِ ابْنِ عَبَّاسٍ، أَنَّ رَجُلاً، مَاتَ وَلَمْ يَدَعْ وَارِثًا إِلاَّ غُلاَمًا لَهُ كَانَ أَعْتَقَهُ فَقَالَ رَسُولُ اللَّهِ صلى الله عليه وسلم ‏\n\"‏ هَلْ لَهُ أَحَدٌ ‏\"‏ ‏.‏ قَالُوا لاَ إِلاَّ غُلاَمًا لَهُ كَانَ أَعْتَقَهُ ‏.‏ فَجَعَلَ رَسُولُ اللَّهِ صلى الله عليه وسلم مِيرَاثَهُ لَهُ ‏.‏",
      "english": {
        "narrator": "Narrated Abdullah ibn Abbas:",
        "text": "A man died leaving no heir but a slave whom he had emancipated. The Messenger of Allah (ﷺ) asked: Has he any heir? They replied: No, except a slave whom he had emancipated. The Messenger of Allah (ﷺ) assigned his estate to him (the emancipated slave)."
      },
      "turkish": {
        "narrator": "Narrated Abdullah ibn Abbas:",
        "text": "---"
      }
    },
    {
      "id": 22,
      "idInBook": 22,
      "chapterId": 19,
      "bookId": 4,
      "arabic": "حَدَّثَنَا إِبْرَاهِيمُ بْنُ مُوسَى الرَّازِيُّ، حَدَّثَنَا مُحَمَّدُ بْنُ حَرْبٍ، حَدَّثَنِي عُمَرُ بْنُ رُؤْبَةَ التَّغْلِبِيُّ، عَنْ عَبْدِ الْوَاحِدِ بْنِ عَبْدِ اللَّهِ النَّصْرِيِّ، عَنْ وَاثِلَةَ بْنِ الأَسْقَعِ، عَنِ النَّبِيِّ صلى الله عليه وسلم قَالَ ‏\n\"‏ الْمَرْأَةُ تُحْرِزُ ثَلاَثَةَ مَوَارِيثَ عَتِيقَهَا وَلَقِيطَهَا وَوَلَدَهَا الَّذِي لاَعَنَتْ عَنْهُ ‏\"‏ ‏.‏",
      "english": {
        "narrator": "Narrated Wathilah ibn al-Asqa':",
        "text": "The Prophet (ﷺ) said: A woman gets inheritance from the three following: one she has set free, a foundling, and her child about whom she has invoked a curse on herself if she was untrue in declaring he was not born out of wedlock."
      },
      "turkish": {
        "narrator": "Narrated Wathilah ibn al-Asqa':",
        "text": "Aisha, Ümmü'l-Müminin'den rivayet edilmiştir: Peygamber (ﷺ) in bir müvekkili vefat etti ve bazı mallar bıraktı, ama çocuğu veya akrabası yoktu. Allah'ın Elçisi (ﷺ) dedi ki: Onun bıraktıklarını köyünden bir adama verin."
      }
    },
    {
      "id": 23,
      "idInBook": 23,
      "chapterId": 19,
      "bookId": 4,
      "arabic": "حَدَّثَنَا مَحْمُودُ بْنُ خَالِدٍ، وَمُوسَى بْنُ عَامِرٍ، قَالاَ حَدَّثَنَا الْوَلِيدُ، أَخْبَرَنَا ابْنُ جَابِرٍ، حَدَّثَنَا مَكْحُولٌ، قَالَ جَعَلَ رَسُولُ اللَّهِ صلى الله عليه وسلم مِيرَاثَ ابْنِ الْمُلاَعِنَةِ لأُمِّهِ وَلِوَرَثَتِهَا مِنْ بَعْدِهَا ‏.‏",
      "english": {
        "narrator": "Narrated Makhul:",
        "text": "The Messenger of Allah (ﷺ) assigned the estate of a child of a woman about whom she had invoked a curse to her mother, and to her heirs after her."
      },
      "turkish": {
        "narrator": "Narrated Makhul:",
        "text": "Abu Davud dedi ki: Sufyan'ın rivayeti daha mükemmeldir. Musaddad dedi ki: Bunun üzerine Peygamber (ﷺ) dedi ki: Onun topraklarından kimse var mı? Onlar cevap verdiler: Evet. O dedi ki: O zaman ona bıraktıklarını verin."
      }
    },
    {
      "id": 24,
      "idInBook": 24,
      "chapterId": 19,
      "bookId": 4,
      "arabic": "حَدَّثَنَا مُوسَى بْنُ عَامِرٍ، حَدَّثَنَا الْوَلِيدُ، أَخْبَرَنِي عِيسَى أَبُو مُحَمَّدٍ، عَنِ الْعَلاَءِ بْنِ الْحَارِثِ، عَنْ عَمْرِو بْنِ شُعَيْبٍ، عَنْ أَبِيهِ، عَنْ جَدِّهِ، عَنِ النَّبِيِّ صلى الله عليه وسلم مِثْلَهُ ‏.‏",
      "english": {
        "narrator": "Narrated 'Amr bin Shu'aib:",
        "text": "On his father's authority, said that his grandfather reported from the Prophet (ﷺ) something similar."
      },
      "turkish": {
        "narrator": "Narrated 'Amr bin Shu'aib:",
        "text": "---"
      }
    },
    {
      "id": 25,
      "idInBook": 25,
      "chapterId": 19,
      "bookId": 4,
      "arabic": "حَدَّثَنَا مُسَدَّدٌ، حَدَّثَنَا سُفْيَانُ، عَنِ الزُّهْرِيِّ، عَنْ عَلِيِّ بْنِ حُسَيْنٍ، عَنْ عَمْرِو بْنِ عُثْمَانَ، عَنْ أُسَامَةَ بْنِ زَيْدٍ، عَنِ النَّبِيِّ صلى الله عليه وسلم قَالَ ‏\n\"‏ لاَ يَرِثُ الْمُسْلِمُ الْكَافِرَ وَلاَ الْكَافِرُ الْمُسْلِمَ ‏\"‏ ‏.‏",
      "english": {
        "narrator": "Narrated Usamah b. Zaid:",
        "text": "The Prophet (ﷺ) as saying: A Muslim may not inherit from an infidel nor an infidel from a Muslim."
      },
      "turkish": {
        "narrator": "Narrated Usamah b. Zaid:",
        "text": "Buraydah ibn al-Hasib'den rivayet edilmiştir: Bir adam, Allah'ın Elçisi'ne (ﷺ) geldi ve dedi ki: Azd'dan bir adamın bıraktığı mal var. Ona verecek bir Azd'lı bulamıyorum. O dedi ki: Git ve bir yıl boyunca Azd'lı bir adam ara. Bir yıl sonra yanına geldi ve dedi ki: Allah'ın Elçisi, ona verecek bir Azd'lı bulamadım. O dedi ki: İlk karşılaştığın Khuza'lı bir adamı ara ve ona ver. Adam dönerken, dedi ki: Adamı bana çağırın. Adam geldiğinde, o dedi ki: Khuza'lıların önde gelen adamını ara ve ona ver."
      }
    },
    {
      "id": 26,
      "idInBook": 26,
      "chapterId": 19,
      "bookId": 4,
      "arabic": "حَدَّثَنَا أَحْمَدُ بْنُ حَنْبَلٍ، حَدَّثَنَا عَبْدُ الرَّزَّاقِ، أَخْبَرَنَا مَعْمَرٌ، عَنِ الزُّهْرِيِّ، عَنْ عَلِيِّ بْنِ حُسَيْنٍ، عَنْ عَمْرِو بْنِ عُثْمَانَ، عَنْ أُسَامَةَ بْنِ زَيْدٍ، قَالَ قُلْتُ يَا رَسُولَ اللَّهِ أَيْنَ تَنْزِلُ غَدًا فِي حَجَّتِهِ ‏.‏ قَالَ ‏\"‏ وَهَلْ تَرَكَ لَنَا عَقِيلٌ مَنْزِلاً ‏\"‏ ‏.‏ ثُمَّ قَالَ ‏\"‏ نَحْنُ نَازِلُونَ بِخَيْفِ بَنِي كِنَانَةَ حَيْثُ تَقَاسَمَتْ قُرَيْشٌ عَلَى الْكُفْرِ ‏\"‏ ‏.‏ يَعْنِي الْمُحَصَّبَ وَذَاكَ أَنَّ بَنِي كِنَانَةَ حَالَفَتْ قُرَيْشًا عَلَى بَنِي هَاشِمٍ أَنْ لاَ يُنَاكِحُوهُمْ وَلاَ يُبَايِعُوهُمْ وَلاَ يُئْوُوهُمْ ‏.‏ قَالَ الزُّهْرِيُّ وَالْخَيْفُ الْوَادِي ‏.‏",
      "english": {
        "narrator": "Narrated Usamah b. Zaid:",
        "text": "I said: Messenger of Allah, where will you stay tomorrow ? This (happened) during his Hajj. He replied: Has 'Aqil left any house for us ? He then said: We shall stay at the valley of Banu Kinarah where the Quraish took an oath on unbelief. This refers to al-Muhassab. The reason is that Banu Kinarah made an alliance with the Quraish against Banu Hashim that they would have no marital connections with them, nor will have commercial transactions with them, not will give them any refuge.\n\n\nAl-Zuhri said: Khalf means valley."
      },
      "turkish": {
        "narrator": "Narrated Usamah b. Zaid:",
        "text": "---"
      }
    },
    {
      "id": 27,
      "idInBook": 27,
      "chapterId": 19,
      "bookId": 4,
      "arabic": "حَدَّثَنَا مُوسَى بْنُ إِسْمَاعِيلَ، حَدَّثَنَا حَمَّادٌ، عَنْ حَبِيبٍ الْمُعَلِّمِ، عَنْ عَمْرِو بْنِ شُعَيْبٍ، عَنْ أَبِيهِ، عَنْ جَدِّهِ عَبْدِ اللَّهِ بْنِ عَمْرٍو، قَالَ قَالَ رَسُولُ اللَّهِ صلى الله عليه وسلم ‏\n\"‏ لاَ يَتَوَارَثُ أَهْلُ مِلَّتَيْنِ شَتَّى ‏\"‏ ‏.‏",
      "english": {
        "narrator": "Narrated Abdullah ibn Amr ibn al-'As:",
        "text": "The Prophet (ﷺ) said: people of two different religions would not inherit from one another."
      },
      "turkish": {
        "narrator": "Narrated Abdullah ibn Amr ibn al-'As:",
        "text": "Buraydah ibn al-Hasib'den rivayet edilmiştir: Khuza'lı bir adam vefat etti ve mirası Peygamber'e (ﷺ) getirildi. O dedi ki: Mirasçısını veya bir akrabasını ara. Ama ne mirasçı ne de akraba buldular. Allah'ın Elçisi (ﷺ) dedi ki: Onu Khuza'lıların önde gelen adamına verin. Rivayet eden Yahya dedi ki: Bazen bu rivayette (el-Hüseyin ibn Esved) şöyle dediğini duydum: Khuza'lıların en büyüğünü ara."
      }
    },
    {
      "id": 28,
      "idInBook": 28,
      "chapterId": 19,
      "bookId": 4,
      "arabic": "حَدَّثَنَا مُسَدَّدٌ، حَدَّثَنَا عَبْدُ الْوَارِثِ، عَنْ عَمْرِو بْنِ أَبِي حَكِيمٍ الْوَاسِطِيِّ، حَدَّثَنَا عَبْدُ اللَّهِ بْنُ بُرَيْدَةَ، أَنَّ أَخَوَيْنِ، اخْتَصَمَا إِلَى يَحْيَى بْنِ يَعْمَرَ يَهُودِيٌّ وَمُسْلِمٌ فَوَرَّثَ الْمُسْلِمَ مِنْهُمَا وَقَالَ حَدَّثَنِي أَبُو الأَسْوَدِ أَنَّ رَجُلاً حَدَّثَهُ أَنَّ مُعَاذًا حَدَّثَهُ قَالَ سَمِعْتُ رَسُولَ اللَّهِ صلى الله عليه وسلم يَقُولُ ‏\n\"‏ الإِسْلاَمُ يَزِيدُ وَلاَ يَنْقُصُ ‏\"‏ ‏.‏ فَوَرَّثَ الْمُسْلِمَ ‏.‏",
      "english": {
        "narrator": "Narrated Mu'adh ibn Jabal:",
        "text": "I heard the Messenger of Allah (ﷺ) say: Islam increases and does not diminish. He, therefore, appointed a Muslim heir (of a non-Muslim)."
      },
      "turkish": {
        "narrator": "Narrated Mu'adh ibn Jabal:",
        "text": "---"
      }
    },
    {
      "id": 29,
      "idInBook": 29,
      "chapterId": 19,
      "bookId": 4,
      "arabic": "حَدَّثَنَا مُسَدَّدٌ، حَدَّثَنَا يَحْيَى بْنُ سَعِيدٍ، عَنْ شُعْبَةَ، عَنْ عَمْرِو بْنِ أَبِي حَكِيمٍ، عَنْ عَبْدِ اللَّهِ بْنِ بُرَيْدَةَ، عَنْ يَحْيَى بْنِ يَعْمَرَ، عَنْ أَبِي الأَسْوَدِ الدِّيلِيِّ، أَنَّ مُعَاذًا، أُتِيَ بِمِيرَاثِ يَهُودِيٍّ وَارِثُهُ مُسْلِمٌ بِمَعْنَاهُ عَنِ النَّبِيِّ صلى الله عليه وسلم ‏.‏",
      "english": {
        "narrator": "Narrated Abu Al-Aswad al-Dili:",
        "text": "Mu'adh bought the property of a Jew whose heir was a Muslim. He then narrated from the Prophet (ﷺ) to the same effect."
      },
      "turkish": {
        "narrator": "Narrated Abu Al-Aswad al-Dili:",
        "text": "Abdullah ibn Abbas'dan rivayet edilmiştir: Bir adam, mirasçısı olmadan vefat etti, sadece azat ettiği bir kölesi vardı. Allah'ın Elçisi (ﷺ) sordu: Onun mirasçısı var mı? Onlar cevap verdiler: Hayır, sadece azat ettiği bir kölesi var. Allah'ın Elçisi (ﷺ) onun mirasını ona (azat edilen köleye) verdi."
      }
    },
    {
      "id": 30,
      "idInBook": 30,
      "chapterId": 19,
      "bookId": 4,
      "arabic": "حَدَّثَنَا حَجَّاجُ بْنُ أَبِي يَعْقُوبَ، حَدَّثَنَا مُوسَى بْنُ دَاوُدَ، حَدَّثَنَا مُحَمَّدُ بْنُ مُسْلِمٍ، عَنْ عَمْرِو بْنِ دِينَارٍ، عَنْ أَبِي الشَّعْثَاءِ، عَنِ ابْنِ عَبَّاسٍ، قَالَ قَالَ النَّبِيُّ صلى الله عليه وسلم ‏\n\"‏ كُلُّ قَسْمٍ قُسِمَ فِي الْجَاهِلِيَّةِ فَهُوَ عَلَى مَا قُسِمَ لَهُ وَكُلُّ قَسْمٍ أَدْرَكَهُ الإِسْلاَمُ فَهُوَ عَلَى قَسْمِ الإِسْلاَمِ ‏\"‏ ‏.‏",
      "english": {
        "narrator": "Narrated Abdullah ibn Abbas:",
        "text": "The Prophet (ﷺ) said: An estate which was divided in pre-Islamic period may follow the division in force then, but any estate in Islamic times must follow the division laid down by Islam."
      },
      "turkish": {
        "narrator": "Narrated Abdullah ibn Abbas:",
        "text": "---"
      }
    },
    {
      "id": 31,
      "idInBook": 31,
      "chapterId": 19,
      "bookId": 4,
      "arabic": "حَدَّثَنَا قُتَيْبَةُ بْنُ سَعِيدٍ، قَالَ قُرِئَ عَلَى مَالِكٍ وَأَنَا حَاضِرٌ، قَالَ مَالِكٌ عَرَضَ عَلَىَّ نَافِعٌ عَنِ ابْنِ عُمَرَ، أَنَّ عَائِشَةَ، رضى الله عنها أُمَّ الْمُؤْمِنِينَ أَرَادَتْ أَنْ تَشْتَرِيَ جَارِيَةً تَعْتِقُهَا فَقَالَ أَهْلُهَا نَبِيعُكِهَا عَلَى أَنَّ وَلاَءَهَا لَنَا ‏.‏ فَذَكَرَتْ عَائِشَةُ ذَاكَ لِرَسُولِ اللَّهِ صلى الله عليه وسلم فَقَالَ ‏\n\"‏ لاَ يَمْنَعُكِ ذَلِكَ فَإِنَّ الْوَلاَءَ لِمَنْ أَعْتَقَ ‏\"‏ ‏.‏",
      "english": {
        "narrator": "Narrated Ibn 'Umar:",
        "text": "'Aishah, mother of believers (ra), intended to buy a slave-girl to set her free. Her people said: We shall sell her to you on one condition that we shall inherit from her. 'Aishah mentioned it to the Messenger of Allah (ﷺ). He said: That should not prevent you, for the right of inheritance belongs to the one who has set a person free."
      },
      "turkish": {
        "narrator": "Narrated Ibn 'Umar:",
        "text": "İbn 'Umar'dan rivayet edilmiştir: Müminlerin annesi Aişe (ra), bir cariye satın almayı ve onu özgür bırakmayı düşündü. Onun ailesi, onu yalnızca bir şartla satacaklarını söylediler; o da, ondan miras alacaklardı. Aişe bunu Allah'ın Elçisi'ne (ﷺ) iletti. O da: \"Bu seni engellememeli, çünkü miras hakkı, bir kişiyi özgür bırakanındır.\" dedi."
      }
    },
    {
      "id": 32,
      "idInBook": 32,
      "chapterId": 19,
      "bookId": 4,
      "arabic": "حَدَّثَنَا عُثْمَانُ بْنُ أَبِي شَيْبَةَ، حَدَّثَنَا وَكِيعُ بْنُ الْجَرَّاحِ، عَنْ سُفْيَانَ الثَّوْرِيِّ، عَنْ مَنْصُورٍ، عَنْ إِبْرَاهِيمَ، عَنِ الأَسْوَدِ، عَنْ عَائِشَةَ، قَالَتْ قَالَ رَسُولُ اللَّهِ صلى الله عليه وسلم ‏\n\"‏ الْوَلاَءُ لِمَنْ أَعْطَى الثَّمَنَ وَوَلِيَ النِّعْمَةَ ‏\"‏ ‏.‏",
      "english": {
        "narrator": "Narrated 'Aishah:",
        "text": "The Messenger of Allah (ﷺ) as saying: The right of inheritance belongs to only to the one who paid the price (of the slave) and patronised him by doing an act of gratitude."
      },
      "turkish": {
        "narrator": "Narrated 'Aishah:",
        "text": "Aişe'den rivayet edilmiştir: Allah'ın Elçisi (ﷺ) şöyle dedi: \"Miras hakkı, sadece bedelini ödeyen ve ona bir minnet borcu ile destek olan kişiye aittir.\""
      }
    },
    {
      "id": 33,
      "idInBook": 33,
      "chapterId": 19,
      "bookId": 4,
      "arabic": "حَدَّثَنَا عَبْدُ اللَّهِ بْنُ عَمْرِو بْنِ أَبِي الْحَجَّاجِ أَبُو مَعْمَرٍ، حَدَّثَنَا عَبْدُ الْوَارِثِ، عَنْ حُسَيْنٍ الْمُعَلِّمِ، عَنْ عَمْرِو بْنِ شُعَيْبٍ، عَنْ أَبِيهِ، عَنْ جَدِّهِ، أَنَّ رِئَابَ بْنَ حُذَيْفَةَ، تَزَوَّجَ امْرَأَةً فَوَلَدَتْ لَهُ ثَلاَثَةَ غِلْمَةٍ فَمَاتَتْ أُمُّهُمْ فَوَرِثُوهَا رِبَاعَهَا وَوَلاَءَ مَوَالِيهَا وَكَانَ عَمْرُو بْنُ الْعَاصِ عَصَبَةَ بَنِيهَا فَأَخْرَجَهُمْ إِلَى الشَّامِ فَمَاتُوا فَقَدِمَ عَمْرُو بْنُ الْعَاصِ وَمَاتَ مَوْلًى لَهَا وَتَرَكَ مَالاً لَهُ فَخَاصَمَهُ إِخْوَتُهَا إِلَى عُمَرَ بْنِ الْخَطَّابِ فَقَالَ عُمَرُ قَالَ رَسُولُ اللَّهِ صلى الله عليه وسلم ‏\n\"‏ مَا أَحْرَزَ الْوَلَدُ أَوِ الْوَالِدُ فَهُوَ لِعَصَبَتِهِ مَنْ كَانَ ‏\"‏ ‏.‏ قَالَ فَكَتَبَ لَهُ كِتَابًا فِيهِ شَهَادَةُ عَبْدِ الرَّحْمَنِ بْنِ عَوْفٍ وَزَيْدِ بْنِ ثَابِتٍ وَرَجُلٍ آخَرَ فَلَمَّا اسْتُخْلِفَ عَبْدُ الْمَلِكِ اخْتَصَمُوا إِلَى هِشَامِ بْنِ إِسْمَاعِيلَ أَوْ إِلَى إِسْمَاعِيلَ بْنِ هِشَامٍ فَرَفَعَهُمْ إِلَى عَبْدِ الْمَلِكِ فَقَالَ هَذَا مِنَ الْقَضَاءِ الَّذِي مَا كُنْتُ أَرَاهُ ‏.‏ قَالَ فَقَضَى لَنَا بِكِتَابِ عُمَرَ بْنِ الْخَطَّابِ فَنَحْنُ فِيهِ إِلَى السَّاعَةِ ‏.‏",
      "english": {
        "narrator": "Narrated 'Amr b. Suh'aib:",
        "text": "On his father's authority, said that his grandfather reported: Rabab ibn Hudhayfah married a woman and three sons were born to him from her. Their mother then died. They inherited her houses and had the right of inheritance of her freed slaves. \n\n\n\n\n\nAmr ibn al-'As was the agnate of her sons. He sent them to Syria where they died. Amr ibn al-'As then came. A freed slave of hers died and left some property. Her brothers disputed with him and brought the case to Umar ibn al-Khattab.  \n\n\n\n\n\nUmar reported the Messenger of Allah (ﷺ) as saying: Whatever property a son or a father receives as an heir will go to his agnates, whoever they may be. He then wrote a document for him, witnessed by AbdurRahman ibn Awf, Zayd ibn Thabit and one other person. When AbdulMalik became caliph, they presented the case to Hisham ibn Isma'il or Isma'il ibn Hisham (the narrator is doubtful).  \n\n\n\n\n\nHe sent them to 'Abd al-Malik who said: This is the decision which I have already seen.  \n\n\n\n\n\nThe narrator said: So he ('Abd al-Malik) made the decision on the basis of the document of Umar ibn al-Khattab, and that is still with us till this moment."
      },
      "turkish": {
        "narrator": "Narrated 'Amr b. Suh'aib:",
        "text": "Amr b. Suhayb'den rivayet edilmiştir: Babası aracılığıyla, dedesinin şöyle söylediğini aktardı: Rabab b. Hudhayfa bir kadınla evlendi ve ondan üç oğlu oldu. Annesi daha sonra vefat etti. Onlar, annelerinin evlerini miras aldılar ve özgür bıraktığı kölelerin miras hakkına sahip oldular."
      }
    },
    {
      "id": 34,
      "idInBook": 34,
      "chapterId": 19,
      "bookId": 4,
      "arabic": "حَدَّثَنَا يَزِيدُ بْنُ خَالِدِ بْنِ مَوْهَبٍ الرَّمْلِيُّ، وَهِشَامُ بْنُ عَمَّارٍ، قَالاَ حَدَّثَنَا يَحْيَى، - قَالَ أَبُو دَاوُدَ وَهُوَ ابْنُ حَمْزَةَ - عَنْ عَبْدِ الْعَزِيزِ بْنِ عُمَرَ، قَالَ سَمِعْتُ عَبْدَ اللَّهِ بْنَ مَوْهَبٍ، يُحَدِّثُ عُمَرَ بْنَ عَبْدِ الْعَزِيزِ عَنْ قَبِيصَةَ بْنِ ذُؤَيْبٍ، - قَالَ هِشَامٌ عَنْ تَمِيمٍ الدَّارِيِّ، أَنَّهُ قَالَ يَا رَسُولَ اللَّهِ ‏.‏ وَقَالَ يَزِيدُ - إِنَّ تَمِيمًا قَالَ يَا رَسُولَ اللَّهِ مَا السُّنَّةُ فِي الرَّجُلِ يُسْلِمُ عَلَى يَدَىِ الرَّجُلِ مِنَ الْمُسْلِمِينَ قَالَ ‏\n\"‏ هُوَ أَوْلَى النَّاسِ بِمَحْيَاهُ وَمَمَاتِهِ ‏\"‏ ‏.‏",
      "english": {
        "narrator": "Narrated Tamim ad-Dari:",
        "text": "Tamim asked: Messenger of Allah), what is the sunnah about a man who accepts Islam by advice and persuasion of a Muslim? He replied: He is the nearest to him in life and in death."
      },
      "turkish": {
        "narrator": "Narrated Tamim ad-Dari:",
        "text": "Amr b. al-'As, onların akrabasıydı. Onları Suriye'ye gönderdi ve orada öldüler. Amr b. al-'As daha sonra geldi. Onun özgür bırakılmış bir kölesi vefat etti ve geride bazı mülkler bıraktı. Onun kardeşleri onunla tartıştılar ve meseleyi Ömer b. al-Hattab'a götürdüler."
      }
    },
    {
      "id": 35,
      "idInBook": 35,
      "chapterId": 19,
      "bookId": 4,
      "arabic": "حَدَّثَنَا حَفْصُ بْنُ عُمَرَ، حَدَّثَنَا شُعْبَةُ، عَنْ عَبْدِ اللَّهِ بْنِ دِينَارٍ، عَنِ ابْنِ عُمَرَ، رضى الله عنهما قَالَ نَهَى رَسُولُ اللَّهِ صلى الله عليه وسلم عَنْ بَيْعِ الْوَلاَءِ وَعَنْ هِبَتِهِ ‏.‏",
      "english": {
        "narrator": "Narrated Ibn 'Umar:",
        "text": "The Messenger of Allah (ﷺ) forbade selling or giving away the right to inheritance by a manumitted slave."
      },
      "turkish": {
        "narrator": "Narrated Ibn 'Umar:",
        "text": "Ömer, Allah'ın Elçisi'nin (ﷺ) şöyle dediğini aktardı: \"Bir oğul veya bir baba mirasçı olarak ne mülk alırsa, o akrabalarına gider, kim olursa olsun.\" Daha sonra onun için Abdurrahman b. Avf, Zayd b. Sabit ve bir başka kişinin şahitliğiyle bir belge yazdı. Abdulmelik halife olduğunda, meseleyi Hişam b. İsmail veya İsmail b. Hişam'a (rivayet eden kişi şüpheli) sundular."
      }
    },
    {
      "id": 36,
      "idInBook": 36,
      "chapterId": 19,
      "bookId": 4,
      "arabic": "حَدَّثَنَا حُسَيْنُ بْنُ مُعَاذٍ، حَدَّثَنَا عَبْدُ الأَعْلَى، حَدَّثَنَا مُحَمَّدٌ، - يَعْنِي ابْنَ إِسْحَاقَ - عَنْ يَزِيدَ بْنِ عَبْدِ اللَّهِ بْنِ قُسَيْطٍ، عَنْ أَبِي هُرَيْرَةَ، عَنِ النَّبِيِّ صلى الله عليه وسلم قَالَ ‏\n\"‏ إِذَا اسْتَهَلَّ الْمَوْلُودُ وُرِّثَ ‏\"‏ ‏.‏",
      "english": {
        "narrator": "Narrated AbuHurayrah:",
        "text": "The Prophet (ﷺ) said: When an infant has raised its voice (and then dies), it will be treated as an heir."
      },
      "turkish": {
        "narrator": "Narrated AbuHurayrah:",
        "text": "Onları Abd al-Melik'e gönderdi ve şöyle dedi: \"Bu, daha önce gördüğüm bir karardır.\""
      }
    },
    {
      "id": 37,
      "idInBook": 37,
      "chapterId": 19,
      "bookId": 4,
      "arabic": "حَدَّثَنَا أَحْمَدُ بْنُ مُحَمَّدِ بْنِ ثَابِتٍ، حَدَّثَنِي عَلِيُّ بْنُ حُسَيْنٍ، عَنْ أَبِيهِ، عَنْ يَزِيدَ النَّحْوِيِّ، عَنْ عِكْرِمَةَ، عَنِ ابْنِ عَبَّاسٍ، رضى الله عنهما قَالَ ‏{‏ وَالَّذِينَ عَقَدَتْ أَيْمَانُكُمْ فَآتُوهُمْ نَصِيبَهُمْ ‏}‏ كَانَ الرَّجُلُ يُحَالِفُ الرَّجُلَ لَيْسَ بَيْنَهُمَا نَسَبٌ فَيَرِثُ أَحَدُهُمَا الآخَرَ فَنَسَخَ ذَلِكَ الأَنْفَالُ فَقَالَ تَعَالَى ‏{‏ وَأُولُو الأَرْحَامِ بَعْضُهُمْ أَوْلَى بِبَعْضٍ ‏}‏ ‏.‏",
      "english": {
        "narrator": "Narrated Ibn 'Abbas:",
        "text": "To those also, to whom your right hand was pledged, give their due portion. A man made an agreement with another man (in early days of Islam), and there was no relationship between the ; one of them inherited from the other. The following verse of Surat Al-Anfal abrogated it: \"But kindred by blood have prior right against each other.\""
      },
      "turkish": {
        "narrator": "Narrated Ibn 'Abbas:",
        "text": "Rivayet eden kişi şöyle dedi: \"Böylece o (Abd al-Melik), Ömer b. al-Hattab'ın belgesine dayanarak karar verdi ve bu belge hâlâ bizimle birlikte.\""
      }
    },
    {
      "id": 38,
      "idInBook": 38,
      "chapterId": 19,
      "bookId": 4,
      "arabic": "حَدَّثَنَا هَارُونُ بْنُ عَبْدِ اللَّهِ، حَدَّثَنَا أَبُو أُسَامَةَ، حَدَّثَنِي إِدْرِيسُ بْنُ يَزِيدَ، حَدَّثَنَا طَلْحَةُ بْنُ مُصَرِّفٍ، عَنْ سَعِيدِ بْنِ جُبَيْرٍ، عَنِ ابْنِ عَبَّاسٍ، فِي قَوْلِهِ ‏{‏ وَالَّذِينَ عَقَدَتْ أَيْمَانُكُمْ فَآتُوهُمْ نَصِيبَهُمْ ‏}‏ قَالَ كَانَ الْمُهَاجِرُونَ حِينَ قَدِمُوا الْمَدِينَةَ تُوَرِّثُ الأَنْصَارَ دُونَ ذَوِي رَحِمِهِ لِلأُخُوَّةِ الَّتِي آخَى رَسُولُ اللَّهِ صلى الله عليه وسلم بَيْنَهُمْ فَلَمَّا نَزَلَتْ هَذِهِ الآيَةُ ‏{‏ وَلِكُلٍّ جَعَلْنَا مَوَالِيَ مِمَّا تَرَكَ ‏}‏ قَالَ نَسَخَتْهَا ‏{‏ وَالَّذِينَ عَقَدَتْ أَيْمَانُكُمْ فَآتُوهُمْ نَصِيبَهُمْ ‏}‏ مِنَ النُّصْرَةِ وَالنَّصِيحَةِ وَالرِّفَادَةِ وَيُوصِي لَهُ وَقَدْ ذَهَبَ الْمِيرَاثُ ‏.‏",
      "english": {
        "narrator": "Ibn 'Abbas explained the following Qur'anic verse :",
        "text": "\"To those also, to whom your right hand was pledged, give your portion.\" When the Emigrants came to Medina. they inherited from the Helpers without any blood-relationship with them for the brotherhood which the Messenger of Allah (ﷺ) established between them. When the following verse was revealed: \"To (benefit) everyone we have appointed shares and heirs to property left by parent and relatives.\" it abrogated the verse: \"To those also, to whom your right hand was pledged, give their due portion.\" This alliance was made for help, well wishing and cooperation. Now a legacy can be made for him. (The right to)inheritance was abolished."
      },
      "turkish": {
        "narrator": "Ibn 'Abbas explained the following Qur'anic verse :",
        "text": "Tamim ed-Dari'den rivayet edilmiştir: Tamim sordu: \"Ey Allah'ın Elçisi, bir adamın Müslüman birinin tavsiyesi ve ikna etmesiyle İslam'ı kabul etmesi hakkında sünnet nedir?\" O da: \"O, hayatta ve ölümde ona en yakın olandır.\" diye cevap verdi."
      }
    },
    {
      "id": 39,
      "idInBook": 39,
      "chapterId": 19,
      "bookId": 4,
      "arabic": "حَدَّثَنَا أَحْمَدُ بْنُ حَنْبَلٍ، وَعَبْدُ الْعَزِيزِ بْنُ يَحْيَى الْمَعْنَى، - قَالَ أَحْمَدُ - حَدَّثَنَا مُحَمَّدُ بْنُ سَلَمَةَ، عَنِ ابْنِ إِسْحَاقَ، عَنْ دَاوُدَ بْنِ الْحُصَيْنِ، قَالَ كُنْتُ أَقْرَأُ عَلَى أُمِّ سَعْدٍ بِنْتِ الرَّبِيعِ وَكَانَتْ يَتِيمَةً فِي حِجْرِ أَبِي بَكْرٍ فَقَرَأْتُ ‏{‏ وَالَّذِينَ عَقَدَتْ أَيْمَانُكُمْ ‏}‏ فَقَالَتْ لاَ تَقْرَأْ ‏{‏ وَالَّذِينَ عَاقَدَتْ أَيْمَانُكُمْ ‏}‏ وَلَكِنْ ‏{‏ وَالَّذِينَ عَقَدَتْ أَيْمَانُكُمْ ‏}‏ إِنَّمَا نَزَلَتْ فِي أَبِي بَكْرٍ وَابْنِهِ عَبْدِ الرَّحْمَنِ حِينَ أَبَى الإِسْلاَمَ فَحَلَفَ أَبُو بَكْرٍ أَلاَّ يُوَرِّثَهُ فَلَمَّا أَسْلَمَ أَمَرَ اللَّهُ تَعَالَى نَبِيَّهُ عَلَيْهِ السَّلاَمُ أَنْ يُؤْتِيَهُ نَصِيبَهُ ‏.‏ زَادَ عَبْدُ الْعَزِيزِ فَمَا أَسْلَمَ حَتَّى حُمِلَ عَلَى الإِسْلاَمِ بِالسَّيْفِ ‏.‏ قَالَ أَبُو دَاوُدَ مَنْ قَالَ ‏{‏ عَقَدَتْ ‏}‏ جَعَلَهُ حِلْفًا وَمَنْ قَالَ ‏{‏ عَاقَدَتْ ‏}‏ جَعَلَهُ حَالِفًا وَالصَّوَابُ حَدِيثُ طَلْحَةَ ‏{‏ عَاقَدَتْ ‏}‏ ‏.‏",
      "english": {
        "narrator": "Narrated Dawud b. al-Husain:",
        "text": "I used to learn the reading of the Qur'an from Umm Sa'd, daughter of al-Rabi'. She was an orphan in the guardianship of Abu Bakr. I read the Qur'anic verse \"To those also to whom your right hand was pledged.\" She said: Do not read the verse; \"To those also to whom your right hand was pledged.\" This was revealed about Abu Bakr and his son 'Abd al-Rahman when he refused to accept Islam. Abu Bakr took an oath that he would not give him a share from inheritance. When he embraced Islam Allah Most High commanded His Prophet (ﷺ) to give him the share.\n\n\nThe narrator 'Abd al-Aziz added: He did not accept Islam until he was urged on Islam by sword.\n\n\nAbu Dawud said: He who narrated the word 'aqadat means a pact ; and he who narrated the word 'aaqadat means the party who made a pact. The correct is the tradition of Talhah ('aaqadat)."
      },
      "turkish": {
        "narrator": "Narrated Dawud b. al-Husain:",
        "text": "İbn 'Umar'dan rivayet edilmiştir: Allah'ın Elçisi (ﷺ), özgür bırakılmış bir kölenin miras hakkını satmayı veya devretmeyi yasakladı."
      }
    },
    {
      "id": 40,
      "idInBook": 40,
      "chapterId": 19,
      "bookId": 4,
      "arabic": "حَدَّثَنَا أَحْمَدُ بْنُ مُحَمَّدٍ، حَدَّثَنَا عَلِيُّ بْنُ حُسَيْنٍ، عَنْ أَبِيهِ، عَنْ يَزِيدَ النَّحْوِيِّ، عَنْ عِكْرِمَةَ، عَنِ ابْنِ عَبَّاسٍ، وَالَّذِينَ، آمَنُوا وَهَاجَرُوا وَالَّذِينَ آمَنُوا وَلَمْ يُهَاجِرُوا فَكَانَ الأَعْرَابِيُّ لاَ يَرِثُ الْمُهَاجِرَ وَلاَ يَرِثُهُ الْمُهَاجِرُ فَنَسَخَتْهَا فَقَالَ ‏{‏ وَأُولُو الأَرْحَامِ بَعْضُهُمْ أَوْلَى بِبَعْضٍ ‏}‏",
      "english": {
        "narrator": "Narrated Ibn 'Abbas:",
        "text": "Referring to the verse: \"Those who believed and adopted exile... As to those who believed but came not into exile\": A bedouin (who did not migrate to Medina) did not inherit from an emigrant, and an emigrant did no inherit from him. It was abrogated by the verse: \"But kindred by blood have prior rights against each other.\""
      },
      "turkish": {
        "narrator": "Narrated Ibn 'Abbas:",
        "text": "Ebu Hureyre'den rivayet edilmiştir: Peygamber (ﷺ) şöyle dedi: \"Bir bebek sesi yükselttiğinde (ve sonra ölürse), mirasçı olarak kabul edilir.\""
      }
    },
    {
      "id": 41,
      "idInBook": 41,
      "chapterId": 19,
      "bookId": 4,
      "arabic": "حَدَّثَنَا عُثْمَانُ بْنُ أَبِي شَيْبَةَ، حَدَّثَنَا مُحَمَّدُ بْنُ بِشْرٍ، وَابْنُ، نُمَيْرٍ وَأَبُو أُسَامَةَ عَنْ زَكَرِيَّا، عَنْ سَعْدِ بْنِ إِبْرَاهِيمَ، عَنْ أَبِيهِ، عَنْ جُبَيْرِ بْنِ مُطْعِمٍ، قَالَ قَالَ رَسُولُ اللَّهِ صلى الله عليه وسلم ‏\n\"‏ لاَ حِلْفَ فِي الإِسْلاَمِ وَأَيُّمَا حِلْفٍ كَانَ فِي الْجَاهِلِيَّةِ لَمْ يَزِدْهُ الإِسْلاَمُ إِلاَّ شِدَّةً ‏\"‏ ‏.‏",
      "english": {
        "narrator": "Narrated Jubair b. Mu'tim:",
        "text": "The Messenger of Allah (ﷺ) as saying: There is no alliance in Islam, and Islam strengthened the alliance made during pre-Islamic days."
      },
      "turkish": {
        "narrator": "Narrated Jubair b. Mu'tim:",
        "text": "İbn 'Abbas'tan rivayet edilmiştir: \"Sağ elinizle sözleştiğiniz kimselere, haklarını verin.\" Bir adam, (İslam'ın ilk dönemlerinde) başka bir adamla bir anlaşma yaptı ve aralarında bir akrabalık yoktu; biri diğerinden miras aldı. Al-Anfal Suresi'nin şu ayeti bunu iptal etti: \"Ama kan bağı olanlar, birbirlerine karşı öncelikli haklara sahiptir.\""
      }
    },
    {
      "id": 42,
      "idInBook": 42,
      "chapterId": 19,
      "bookId": 4,
      "arabic": "حَدَّثَنَا مُسَدَّدٌ، حَدَّثَنَا سُفْيَانُ، عَنْ عَاصِمٍ الأَحْوَلِ، قَالَ سَمِعْتُ أَنَسَ بْنَ مَالِكٍ، يَقُولُ حَالَفَ رَسُولُ اللَّهِ صلى الله عليه وسلم بَيْنَ الْمُهَاجِرِينَ وَالأَنْصَارِ فِي دَارِنَا ‏.‏ فَقِيلَ لَهُ أَلَيْسَ قَالَ رَسُولُ اللَّهِ صلى الله عليه وسلم ‏\n\"‏ لاَ حِلْفَ فِي الإِسْلاَمِ ‏\"‏ ‏.‏ فَقَالَ حَالَفَ رَسُولُ اللَّهِ صلى الله عليه وسلم بَيْنَ الْمُهَاجِرِينَ وَالأَنْصَارِ فِي دَارِنَا ‏.‏ مَرَّتَيْنِ أَوْ ثَلاَثًا",
      "english": {
        "narrator": "Narrated Anas bin Malik:",
        "text": "The Messenger of Allah (ﷺ) established an alliance (of brotherhood) between the Emigrants and the Helpers in our house. He was asked: Did not the Messenger of Allah (ﷺ) say: There is no alliance in Islam ? He replied: The Messenger of Allah (ﷺ) established an alliance between the Emigrants and the Helpers in our house. This he said twice or thrice."
      },
      "turkish": {
        "narrator": "Narrated Anas bin Malik:",
        "text": "İbn 'Abbas, şu Kur'an ayetini açıkladı: \"Sağ elinizle sözleştiğiniz kimselere, haklarını verin.\" Muhacirler Medine'ye geldiğinde, onlardan kan bağı olmaksızın Ensar'dan miras aldılar; çünkü Allah'ın Elçisi (ﷺ) aralarında bir kardeşlik kurmuştu. \"Herkese, ebeveyn ve akrabalardan kalan mülkten paylar ve mirasçılar tayin ettik.\" ayeti, \"Sağ elinizle sözleştiğiniz kimselere, haklarını verin.\" ayetini iptal etti. Bu ittifak, yardım, iyi dilek ve işbirliği içindi. Artık onun için bir miras bırakılabilir. (Miras hakkı) kaldırıldı."
      }
    },
    {
      "id": 43,
      "idInBook": 43,
      "chapterId": 19,
      "bookId": 4,
      "arabic": "حَدَّثَنَا أَحْمَدُ بْنُ صَالِحٍ، حَدَّثَنَا سُفْيَانُ، عَنِ الزُّهْرِيِّ، عَنْ سَعِيدٍ، قَالَ كَانَ عُمَرُ بْنُ الْخَطَّابِ يَقُولُ الدِّيَةُ لِلْعَاقِلَةِ وَلاَ تَرِثُ الْمَرْأَةُ مِنْ دِيَةِ زَوْجِهَا شَيْئًا حَتَّى قَالَ لَهُ الضَّحَّاكُ بْنُ سُفْيَانَ كَتَبَ إِلَىَّ رَسُولُ اللَّهِ صلى الله عليه وسلم أَنْ أُوَرِّثَ امْرَأَةَ أَشْيَمَ الضِّبَابِيِّ مِنْ دِيَةِ زَوْجِهَا ‏.‏ فَرَجَعَ عُمَرُ ‏.‏ قَالَ أَحْمَدُ بْنُ صَالِحٍ حَدَّثَنَا عَبْدُ الرَّزَّاقِ بِهَذَا الْحَدِيثِ عَنْ مَعْمَرٍ عَنِ الزُّهْرِيِّ عَنْ سَعِيدٍ وَقَالَ فِيهِ وَكَانَ النَّبِيُّ صلى الله عليه وسلم اسْتَعْمَلَهُ عَلَى الأَعْرَابِ ‏.‏",
      "english": {
        "narrator": "Narrated Umar ibn al-Khattab:",
        "text": "Sa'id said: Umar ibn al-Khattab said: Blood-money is meant for the clan of the slain, and she will not inherit from the blood-money of her husband. Ad-Dahhak ibn Sufyan said: The Messenger of Allah (ﷺ) wrote to me that I should give a share to the wife of Ashyam ad-Dubabi from the blood-money of her husband. So Umar withdrew his opinion. \n\n\n\n\n\nAhmad ibn Salih said: AbdurRazzaq transmitted this tradition to us from Ma'mar, from az-Zuhri on the authority of Sa'id. In this version he said: The Prophet (ﷺ) made him governor over the bedouins."
      },
      "turkish": {
        "narrator": "Narrated Umar ibn al-Khattab:",
        "text": "Davud b. el-Hüseyin'den rivayet edilmiştir: Kur'an okumayı Umm Sa'd'dan, el-Rabi'in kızı, öğreniyordum. O, Ebu Bekir'in vesayeti altındaki bir yetimdi. \"Sağ elinizle sözleştiğiniz kimselere.\" ayetini okudum. O da: \"O ayeti okuma; 'Sağ elinizle sözleştiğiniz kimselere.' Bu, Ebu Bekir ve oğlu Abd al-Rahman hakkında indirildi; o İslam'ı kabul etmeyi reddetti. Ebu Bekir, ona mirastan pay vermeyeceğine dair yemin etti. O İslam'ı kabul ettiğinde, Allah Teala, Peygamberine (ﷺ) ona pay vermesini emretti."
      }
    }
  ],
  "chapter": {
    "id": 19,
    "bookId": 4,
    "arabic": "كتاب الفرائض",
    "english": "Shares of Inheritance (Kitab Al-Fara'id)"
  }
}