{
  "metadata": {
    "length": 28,
    "arabic": {
      "title": "سنن أبي داود",
      "author": "الإمام سليمان بن الأشعث أبو داود السجستاني",
      "introduction": "كتاب العلم"
    },
    "english": {
      "title": "Sunan Abi Dawud",
      "author": "Imam Sulayman ibn al-Ash'ath Abu Dawud al-Sijistani",
      "introduction": "Knowledge (Kitab Al-Ilm)"
    }
  },
  "hadiths": [
    {
      "id": 1,
      "idInBook": 1,
      "chapterId": 26,
      "bookId": 4,
      "arabic": "حَدَّثَنَا مُسَدَّدُ بْنُ مُسَرْهَدٍ، حَدَّثَنَا عَبْدُ اللَّهِ بْنُ دَاوُدَ، سَمِعْتُ عَاصِمَ بْنَ رَجَاءِ بْنِ حَيْوَةَ، يُحَدِّثُ عَنْ دَاوُدَ بْنِ جَمِيلٍ، عَنْ كَثِيرِ بْنِ قَيْسٍ، قَالَ كُنْتُ جَالِسًا مَعَ أَبِي الدَّرْدَاءِ فِي مَسْجِدِ دِمَشْقَ فَجَاءَهُ رَجُلٌ فَقَالَ يَا أَبَا الدَّرْدَاءِ إِنِّي جِئْتُكَ مِنْ مَدِينَةِ الرَّسُولِ صلى الله عليه وسلم لِحَدِيثٍ بَلَغَنِي أَنَّكَ تُحَدِّثُهُ عَنْ رَسُولِ اللَّهِ صلى الله عليه وسلم مَا جِئْتُ لِحَاجَةٍ ‏.‏ قَالَ فَإِنِّي سَمِعْتُ رَسُولَ اللَّهِ صلى الله عليه وسلم يَقُولُ ‏\n\"‏ مَنْ سَلَكَ طَرِيقًا يَطْلُبُ فِيهِ عِلْمًا سَلَكَ اللَّهُ بِهِ طَرِيقًا مِنْ طُرُقِ الْجَنَّةِ وَإِنَّ الْمَلاَئِكَةَ لَتَضَعُ أَجْنِحَتَهَا رِضًا لِطَالِبِ الْعِلْمِ وَإِنَّ الْعَالِمَ لَيَسْتَغْفِرُ لَهُ مَنْ فِي السَّمَوَاتِ وَمَنْ فِي الأَرْضِ وَالْحِيتَانُ فِي جَوْفِ الْمَاءِ وَإِنَّ فَضْلَ الْعَالِمِ عَلَى الْعَابِدِ كَفَضْلِ الْقَمَرِ لَيْلَةَ الْبَدْرِ عَلَى سَائِرِ الْكَوَاكِبِ وَإِنَّ الْعُلَمَاءَ وَرَثَةُ الأَنْبِيَاءِ وَإِنَّ الأَنْبِيَاءَ لَمْ يُوَرِّثُوا دِينَارًا وَلاَ دِرْهَمًا وَرَّثُوا الْعِلْمَ فَمَنْ أَخَذَهُ أَخَذَ بِحَظٍّ وَافِرٍ ‏\"‏ ‏.‏",
      "english": {
        "narrator": "Narrated Kathir ibn Qays:",
        "text": "Kathir ibn Qays said: I was sitting with AbudDarda' in the mosque of Damascus.  \n\n\n\n\n\nA man came to him and said: AbudDarda, I have come to you from the town of the Messenger of Allah (ﷺ) for a tradition that I have heard you relate from the Messenger of Allah (ﷺ). I have come for no other purpose.  \n\n\n\n\n\nHe said: I heard the Messenger of Allah (ﷺ) say: If anyone travels on a road in search of knowledge, Allah will cause him to travel on one of the roads of Paradise. The angels will lower their wings in their great pleasure with one who seeks knowledge, the inhabitants of the heavens and the Earth and the fish in the deep waters will ask forgiveness for the learned man. The superiority of the learned man over the devout is like that of the moon, on the night when it is full, over the rest of the stars. The learned are the heirs of the Prophets, and the Prophets leave neither dinar nor dirham, leaving only knowledge, and he who takes it takes an abundant portion."
      },
      "turkish": {
        "narrator": "Narrated Kathir ibn Qays:",
        "text": "Katır ibn Kays rivayet etti: Katır ibn Kays dedi ki: Ben, AbudDarda' ile Şam'daki mescitte oturuyordum."
      }
    },
    {
      "id": 2,
      "idInBook": 2,
      "chapterId": 26,
      "bookId": 4,
      "arabic": "حَدَّثَنَا مُحَمَّدُ بْنُ الْوَزِيرِ الدِّمَشْقِيُّ، حَدَّثَنَا الْوَلِيدُ، قَالَ لَقِيتُ شَبِيبَ بْنَ شَيْبَةَ فَحَدَّثَنِي بِهِ، عَنْ عُثْمَانَ بْنِ أَبِي سَوْدَةَ، عَنْ أَبِي الدَّرْدَاءِ، - يَعْنِي عَنِ النَّبِيِّ صلى الله عليه وسلم - بِمَعْنَاهُ ‏.‏",
      "english": {
        "narrator": "",
        "text": "The tradition mentioned above has also been transmitted by Abu al-Darda through a different chain of narrators to the same effect from the Holy Prophet (ﷺ)"
      },
      "turkish": {
        "narrator": "",
        "text": "Bir adam ona geldi ve dedi ki: AbudDarda, ben Allah'ın Resulü'nün (ﷺ) senden duyduğum bir hadisi öğrenmek için Allah'ın Resulü'nün (ﷺ) şehrinden geldim. Başka bir amaçla gelmedim."
      }
    },
    {
      "id": 3,
      "idInBook": 3,
      "chapterId": 26,
      "bookId": 4,
      "arabic": "حَدَّثَنَا أَحْمَدُ بْنُ يُونُسَ، حَدَّثَنَا زَائِدَةُ، عَنِ الأَعْمَشِ، عَنْ أَبِي صَالِحٍ، عَنْ أَبِي هُرَيْرَةَ، قَالَ قَالَ رَسُولُ اللَّهِ صلى الله عليه وسلم ‏\n\"‏ مَا مِنْ رَجُلٍ يَسْلُكُ طَرِيقًا يَطْلُبُ فِيهِ عِلْمًا إِلاَّ سَهَّلَ اللَّهُ لَهُ بِهِ طَرِيقَ الْجَنَّةِ وَمَنْ أَبْطَأَ بِهِ عَمَلُهُ لَمْ يُسْرِعْ بِهِ نَسَبُهُ ‏\"‏ ‏.‏",
      "english": {
        "narrator": "Abu Hurairah reported the Prophet (ﷺ) as saying:",
        "text": "If anyone pursues a path in search of knowledge, Allah will thereby make easy for him a path to paradise; and he who is made slow by his actions will not be speeded by his genealogy."
      },
      "turkish": {
        "narrator": "Abu Hurairah reported the Prophet (ﷺ) as saying:",
        "text": "O da dedi: Ben Allah'ın Resulü'nün (ﷺ) şöyle söylediğini duydum: Kim bir yolda ilim aramak için seyahat ederse, Allah onu cennetin yollarından birine sevk eder. Melekler, ilim arayan kişinin büyük sevinciyle kanatlarını indirirler, göklerin ve yerin sakinleri ve derin sulardaki balıklar ilim sahibinin bağışlanmasını diler. İlim sahibinin, ibadet edenler üzerindeki üstünlüğü, dolunay gecesindeki ayın diğer yıldızlar üzerindeki üstünlüğü gibidir. İlim sahipleri, Peygamberlerin varisleridir; Peygamberler ne dinar ne de dirhem bırakır, yalnızca ilim bırakırlar ve onu alan, bol bir pay almış olur."
      }
    },
    {
      "id": 4,
      "idInBook": 4,
      "chapterId": 26,
      "bookId": 4,
      "arabic": "حَدَّثَنَا أَحْمَدُ بْنُ مُحَمَّدِ بْنِ ثَابِتٍ الْمَرْوَزِيُّ، حَدَّثَنَا عَبْدُ الرَّزَّاقِ، أَخْبَرَنَا مَعْمَرٌ، عَنِ الزُّهْرِيِّ، أَخْبَرَنِي ابْنُ أَبِي نَمْلَةَ الأَنْصَارِيُّ، عَنْ أَبِيهِ، أَنَّهُ بَيْنَمَا هُوَ جَالِسٌ عِنْدَ رَسُولِ اللَّهِ صلى الله عليه وسلم وَعِنْدَهُ رَجُلٌ مِنَ الْيَهُودِ مُرَّ بِجَنَازَةٍ فَقَالَ يَا مُحَمَّدُ هَلْ تَتَكَلَّمُ هَذِهِ الْجَنَازَةُ فَقَالَ النَّبِيُّ صلى الله عليه وسلم ‏\"‏ اللَّهُ أَعْلَمُ ‏\"‏ ‏.‏ فَقَالَ الْيَهُودِيُّ إِنَّهَا تَتَكَلَّمُ ‏.‏ فَقَالَ رَسُولُ اللَّهِ صلى الله عليه وسلم ‏\"‏ مَا حَدَّثَكُمْ أَهْلُ الْكِتَابِ فَلاَ تُصَدِّقُوهُمْ وَلاَ تُكَذِّبُوهُمْ وَقُولُوا آمَنَّا بِاللَّهِ وَرُسُلِهِ فَإِنْ كَانَ بَاطِلاً لَمْ تُصَدِّقُوهُ وَإِنْ كَانَ حَقًّا لَمْ تُكَذِّبُوهُ ‏\"‏ ‏.‏",
      "english": {
        "narrator": "Narrated AbuNamlah al-Ansari:",
        "text": "When he was sitting with the Messenger of Allah (ﷺ) and a Jew was also with him, a funeral passed by him. He (the Jew) asked (Him): Muhammad, does this funeral speak? The Prophet (ﷺ) said: Allah has more knowledge. The Jew said: It speaks. \n\n\n\n\n\nThe Messenger of Allah (ﷺ) said: Whatever the people of the Book tell you, do not verify them, nor falsify them, but say: We believe in Allah and His Apostle. If it is false, do not confirm it, and if it is right, do not falsify it."
      },
      "turkish": {
        "narrator": "Narrated AbuNamlah al-Ansari:",
        "text": "---"
      }
    },
    {
      "id": 5,
      "idInBook": 5,
      "chapterId": 26,
      "bookId": 4,
      "arabic": "حَدَّثَنَا أَحْمَدُ بْنُ يُونُسَ، حَدَّثَنَا ابْنُ أَبِي الزِّنَادِ، عَنْ أَبِيهِ، عَنْ خَارِجَةَ، - يَعْنِي ابْنَ زَيْدِ بْنِ ثَابِتٍ - قَالَ قَالَ زَيْدُ بْنُ ثَابِتٍ أَمَرَنِي رَسُولُ اللَّهِ صلى الله عليه وسلم فَتَعَلَّمْتُ لَهُ كِتَابَ يَهُودَ وَقَالَ ‏\n\"‏ إِنِّي وَاللَّهِ مَا آمَنُ يَهُودَ عَلَى كِتَابِي ‏\"‏ ‏.‏ فَتَعَلَّمْتُهُ فَلَمْ يَمُرَّ بِي إِلاَّ نِصْفُ شَهْرٍ حَتَّى حَذَقْتُهُ فَكُنْتُ أَكْتُبُ لَهُ إِذَا كَتَبَ وَأَقْرَأُ لَهُ إِذَا كُتِبَ إِلَيْهِ ‏.‏",
      "english": {
        "narrator": "Narrated Zayd ibn Thabit:",
        "text": "The Messenger of Allah (ﷺ) ordered me (to learn the writing of the Jews), so I learnt for him the writing of the Jews. He said: I swear by Allah, I do not trust Jews in respect of writing for me. So I learnt it, and only a fortnight passed before I mastered it. I would write for him when he wrote (to them), and read to him when something was written to him."
      },
      "turkish": {
        "narrator": "Narrated Zayd ibn Thabit:",
        "text": "Yukarıda bahsedilen hadis, Abu al-Darda tarafından farklı bir rivayet zinciriyle aynı anlamda Hz. Peygamber (ﷺ) üzerinden aktarılmıştır."
      }
    },
    {
      "id": 6,
      "idInBook": 6,
      "chapterId": 26,
      "bookId": 4,
      "arabic": "حَدَّثَنَا مُسَدَّدٌ، وَأَبُو بَكْرِ بْنُ أَبِي شَيْبَةَ قَالاَ حَدَّثَنَا يَحْيَى، عَنْ عُبَيْدِ اللَّهِ بْنِ الأَخْنَسِ، عَنِ الْوَلِيدِ بْنِ عَبْدِ اللَّهِ بْنِ أَبِي مُغِيثٍ، عَنْ يُوسُفَ بْنِ مَاهَكَ، عَنْ عَبْدِ اللَّهِ بْنِ عَمْرٍو، قَالَ كُنْتُ أَكْتُبُ كُلَّ شَىْءٍ أَسْمَعُهُ مِنْ رَسُولِ اللَّهِ صلى الله عليه وسلم أُرِيدُ حِفْظَهُ فَنَهَتْنِي قُرَيْشٌ وَقَالُوا أَتَكْتُبُ كُلَّ شَىْءٍ تَسْمَعُهُ وَرَسُولُ اللَّهِ صلى الله عليه وسلم بَشَرٌ يَتَكَلَّمُ فِي الْغَضَبِ وَالرِّضَا فَأَمْسَكْتُ عَنِ الْكِتَابِ فَذَكَرْتُ ذَلِكَ لِرَسُولِ اللَّهِ صلى الله عليه وسلم فَأَوْمَأَ بِأُصْبُعِهِ إِلَى فِيهِ فَقَالَ ‏\n\"‏ اكْتُبْ فَوَالَّذِي نَفْسِي بِيَدِهِ مَا يَخْرُجُ مِنْهُ إِلاَّ حَقٌّ ‏\"‏ ‏.‏",
      "english": {
        "narrator": "Narrated Abdullah ibn Amr ibn al-'As:",
        "text": "I used to write everything which I heard from the Messenger of Allah (ﷺ). I intended (by it) to memorise it. The Quraysh prohibited me saying: Do you write everything  that you hear from him while the Messenger of Allah (ﷺ) is a human being: he speaks in anger and pleasure? So I stopped writing, and mentioned it to the Messenger of Allah (ﷺ). He signalled with his finger to him mouth and said: Write, by Him in Whose hand my soul lies, only right comes out from it."
      },
      "turkish": {
        "narrator": "Narrated Abdullah ibn Amr ibn al-'As:",
        "text": "---"
      }
    },
    {
      "id": 7,
      "idInBook": 7,
      "chapterId": 26,
      "bookId": 4,
      "arabic": "حَدَّثَنَا نَصْرُ بْنُ عَلِيٍّ، أَخْبَرَنَا أَبُو أَحْمَدَ، حَدَّثَنَا كَثِيرُ بْنُ زَيْدٍ، عَنِ الْمُطَّلِبِ بْنِ عَبْدِ اللَّهِ بْنِ حَنْطَبٍ، قَالَ دَخَلَ زَيْدُ بْنُ ثَابِتٍ عَلَى مُعَاوِيَةَ فَسَأَلَهُ عَنْ حَدِيثٍ، فَأَمَرَ إِنْسَانًا يَكْتُبُهُ فَقَالَ لَهُ زَيْدٌ إِنَّ رَسُولَ اللَّهِ صلى الله عليه وسلم أَمَرَنَا أَنْ لاَ نَكْتُبَ شَيْئًا مِنْ حَدِيثِهِ فَمَحَاهُ ‏.‏",
      "english": {
        "narrator": "Narrated Al-Muttalib bin 'Abd Allah bin Hantab:",
        "text": "Al-Muttalib ibn Abdullah ibn Hantab said: Zayd ibn Thabit entered upon Mu'awiyah and asked him about a tradition. He ordered a man to write it. Zayd said: The Messenger of Allah (ﷺ) ordered us not to write any of his traditions. So he erased it."
      },
      "turkish": {
        "narrator": "Narrated Al-Muttalib bin 'Abd Allah bin Hantab:",
        "text": "Abu Hurayra, Peygamber (ﷺ) şöyle buyurduğunu bildirdi: Kim bir yolda ilim aramak için yol alırsa, Allah ona cennete giden bir yolu kolaylaştırır; ve eylemleriyle ağırlaşan kimse, soyundan dolayı hızlanamaz."
      }
    },
    {
      "id": 8,
      "idInBook": 8,
      "chapterId": 26,
      "bookId": 4,
      "arabic": "حَدَّثَنَا مُؤَمَّلٌ، قَالَ حَدَّثَنَا الْوَلِيدُ، ح وَحَدَّثَنَا الْعَبَّاسُ بْنُ الْوَلِيدِ بْنِ مَزْيَدٍ، قَالَ أَخْبَرَنِي أَبِي، عَنِ الأَوْزَاعِيِّ، عَنْ يَحْيَى بْنِ أَبِي كَثِيرٍ، قَالَ حَدَّثَنَا أَبُو سَلَمَةَ، - يَعْنِي ابْنَ عَبْدِ الرَّحْمَنِ - قَالَ حَدَّثَنِي أَبُو هُرَيْرَةَ، قَالَ لَمَّا فُتِحَتْ مَكَّةُ قَامَ النَّبِيُّ صلى الله عليه وسلم فَذَكَرَ الْخُطْبَةَ خُطْبَةَ النَّبِيِّ صلى الله عليه وسلم قَالَ فَقَامَ رَجُلٌ مِنْ أَهْلِ الْيَمَنِ يُقَالُ لَهُ أَبُو شَاهٍ فَقَالَ يَا رَسُولَ اللَّهِ اكْتُبُوا لِي ‏.‏ فَقَالَ ‏\n\"‏ اكْتُبُوا لأَبِي شَاهٍ ‏\"‏ ‏.‏",
      "english": {
        "narrator": "Abu Hurairah said :",
        "text": "When Mecca was conquered, the Holy Prophet (peace be upon him) stood up. He (Abu Hurairah) then mentioned the sermon of the Holy Prophet (ﷺ). He said: A man of the Yemen, who was called Abu Shah, got up and said: Messenger of Allah! Write it for me. He said: Write it for Abu Shah."
      },
      "turkish": {
        "narrator": "Abu Hurairah said :",
        "text": "---"
      }
    },
    {
      "id": 9,
      "idInBook": 9,
      "chapterId": 26,
      "bookId": 4,
      "arabic": "حَدَّثَنَا أَحْمَدُ بْنُ يُونُسَ، حَدَّثَنَا أَبُو شِهَابٍ، عَنِ الْحَذَّاءِ، عَنْ أَبِي الْمُتَوَكِّلِ النَّاجِيِّ، عَنْ أَبِي سَعِيدٍ الْخُدْرِيِّ، قَالَ مَا كُنَّا نَكْتُبُ غَيْرَ التَّشَهُّدِ وَالْقُرْآنِ ‏.‏",
      "english": {
        "narrator": "It was narrated that Abu Saeed Al-Khudri said:",
        "text": "\"We used not to write anything but the Tasha-hud and the Qur'an.\""
      },
      "turkish": {
        "narrator": "It was narrated that Abu Saeed Al-Khudri said:",
        "text": "Abu Namlah el-Ensari rivayet etti: Allah'ın Resulü (ﷺ) ile otururken, yanında bir Yahudi de vardı, bir cenaze geçip gitti. O (Yahudi) sordu: Muhammed, bu cenaze konuşuyor mu? Peygamber (ﷺ) dedi: Allah daha iyi bilir. Yahudi dedi: O konuşuyor."
      }
    },
    {
      "id": 10,
      "idInBook": 10,
      "chapterId": 26,
      "bookId": 4,
      "arabic": "حَدَّثَنَا عَلِيُّ بْنُ سَهْلٍ الرَّمْلِيُّ، قَالَ حَدَّثَنَا الْوَلِيدُ، قَالَ قُلْتُ لأَبِي عَمْرٍو مَا يَكْتُبُوهُ قَالَ الْخُطْبَةَ الَّتِي سَمِعَهَا يَوْمَئِذٍ مِنْهُ ‏.‏",
      "english": {
        "narrator": "Al-Walid said :",
        "text": "I asked Abu `Amr: What are they writing? He said: The sermon which he heard that day."
      },
      "turkish": {
        "narrator": "Al-Walid said :",
        "text": "Allah'ın Resulü (ﷺ) dedi: Kitap ehlinin size söylediklerini ne doğrulayın ne de yalanlayın, fakat deyin ki: Biz Allah'a ve O'nun Resulüne inanıyoruz. Eğer bu yanlışsa, onu tasdik etmeyin; eğer doğruysa, onu yalanlamayın."
      }
    },
    {
      "id": 11,
      "idInBook": 11,
      "chapterId": 26,
      "bookId": 4,
      "arabic": "حَدَّثَنَا عَمْرُو بْنُ عَوْنٍ، أَخْبَرَنَا خَالِدٌ، ح وَحَدَّثَنَا مُسَدَّدٌ، حَدَّثَنَا خَالِدٌ، - الْمَعْنَى - عَنْ بَيَانِ بْنِ بِشْرٍ، - قَالَ مُسَدَّدٌ أَبُو بِشْرٍ - عَنْ وَبَرَةَ بْنِ عَبْدِ الرَّحْمَنِ، عَنْ عَامِرِ بْنِ عَبْدِ اللَّهِ بْنِ الزُّبَيْرِ، عَنْ أَبِيهِ، قَالَ قُلْتُ لِلزُّبَيْرِ مَا يَمْنَعُكَ أَنْ تُحَدِّثَ عَنْ رَسُولِ اللَّهِ صلى الله عليه وسلم كَمَا يُحَدِّثُ عَنْهُ أَصْحَابُهُ فَقَالَ أَمَا وَاللَّهِ لَقَدْ كَانَ لِي مِنْهُ وَجْهٌ وَمَنْزِلَةٌ وَلَكِنِّي سَمِعْتُهُ يَقُولُ ‏\n\"‏ مَنْ كَذَبَ عَلَىَّ مُتَعَمِّدًا فَلْيَتَبَوَّأْ مَقْعَدَهُ مِنَ النَّارِ ‏\"‏ ‏.‏",
      "english": {
        "narrator": "`Abd Allah bin al-Zubair said on the authority of the father :",
        "text": "I asked al-Zubair : What prevents you from narrating traditions from the Messenger of Allah (ﷺ) as his Companions narrate from him? He said: By Allah I was very close to him. But I heard him (ﷺ) say: He who lies about me deliberately will certainly come to his abode in Hell."
      },
      "turkish": {
        "narrator": "`Abd Allah bin al-Zubair said on the authority of the father :",
        "text": "---"
      }
    },
    {
      "id": 12,
      "idInBook": 12,
      "chapterId": 26,
      "bookId": 4,
      "arabic": "حَدَّثَنَا عَبْدُ اللَّهِ بْنُ مُحَمَّدِ بْنِ يَحْيَى، حَدَّثَنَا يَعْقُوبُ بْنُ إِسْحَاقَ الْمُقْرِئُ الْحَضْرَمِيُّ، حَدَّثَنَا سُهَيْلُ بْنُ مِهْرَانَ، - أَخُو حَزْمٍ الْقُطَعِيِّ - حَدَّثَنَا أَبُو عِمْرَانَ، عَنْ جُنْدُبٍ، قَالَ قَالَ رَسُولُ اللَّهِ صلى الله عليه وسلم ‏\n\"‏ مَنْ قَالَ فِي كِتَابِ اللَّهِ عَزَّ وَجَلَّ بِرَأْيِهِ فَأَصَابَ فَقَدْ أَخْطَأَ ‏\"‏ ‏.‏",
      "english": {
        "narrator": "Narrated Jundub:",
        "text": "The Prophet (ﷺ) said: If anyone interprets the Book of Allah in the light of his opinion even if he is right, he has erred."
      },
      "turkish": {
        "narrator": "Narrated Jundub:",
        "text": "Zayd ibn Thabit rivayet etti: Allah'ın Resulü (ﷺ) bana (Yahudilerin yazısını öğrenmemi) emretti, ben de onun için Yahudilerin yazısını öğrendim. O dedi: Allah'a yemin ederim, benim için yazı yazan Yahudilere güvenmiyorum. Böylece ben onu öğrendim ve sadece on beş gün geçmeden onu ustaca yazmaya başladım. Ben, o yazarken onun için yazardım ve kendisine bir şey yazıldığında okurdum."
      }
    },
    {
      "id": 13,
      "idInBook": 13,
      "chapterId": 26,
      "bookId": 4,
      "arabic": "حَدَّثَنَا عَمْرُو بْنُ مَرْزُوقٍ، أَخْبَرَنَا شُعْبَةُ، عَنْ أَبِي عَقِيلٍ، هَاشِمِ بْنِ بِلاَلٍ عَنْ سَابِقِ بْنِ نَاجِيَةَ، عَنْ أَبِي سَلاَّمٍ، عَنْ رَجُلٍ، خَدَمَ النَّبِيَّ صلى الله عليه وسلم أَنَّ النَّبِيَّ صلى الله عليه وسلم كَانَ إِذَا حَدَّثَ حَدِيثًا أَعَادَهُ ثَلاَثَ مَرَّاتٍ ‏.‏",
      "english": {
        "narrator": "",
        "text": "AbuSallam said on the authority of a man who served the Holy Prophet (ﷺ) that whenever he talked, he repeated it three times."
      },
      "turkish": {
        "narrator": "",
        "text": "---"
      }
    },
    {
      "id": 14,
      "idInBook": 14,
      "chapterId": 26,
      "bookId": 4,
      "arabic": "حَدَّثَنَا مُحَمَّدُ بْنُ مَنْصُورٍ الطُّوسِيُّ، حَدَّثَنَا سُفْيَانُ بْنُ عُيَيْنَةَ، عَنِ الزُّهْرِيِّ، عَنْ عُرْوَةَ، قَالَ جَلَسَ أَبُو هُرَيْرَةَ إِلَى جَنْبِ حُجْرَةِ عَائِشَةَ - رضى الله عنها - وَهِيَ تُصَلِّي فَجَعَلَ يَقُولُ اسْمَعِي يَا رَبَّةَ الْحُجْرَةِ مَرَّتَيْنِ ‏.‏ فَلَمَّا قَضَتْ صَلاَتَهَا قَالَتْ أَلاَ تَعْجَبُ إِلَى هَذَا وَحَدِيثِهِ إِنْ كَانَ رَسُولُ اللَّهِ صلى الله عليه وسلم لَيُحَدِّثُ الْحَدِيثَ لَوْ شَاءَ الْعَادُّ أَنْ يُحْصِيَهُ أَحْصَاهُ ‏.‏",
      "english": {
        "narrator": "`Urwah said:",
        "text": "Abu Hurairah sat beside the apartment of `A’ishah while she was praying. He then began to say: Listen, O lady of the apartment, saying it twice (in quick succession). When she finished her prayer, she said: Are you not surprised at him and the way he narrates traditions from the Apostle of the Allah (ﷺ). When the Apostle of the Allah (ﷺ) gave a talk, a man could count his words if he wished to count."
      },
      "turkish": {
        "narrator": "`Urwah said:",
        "text": "Abdullah ibn Amr ibn al-'As rivayet etti: Ben, Allah'ın Resulü'nden (ﷺ) duyduğum her şeyi yazardım. Bunu ezberlemek amacıyla yapıyordum. Kureyş bana engel oldu ve dediler ki: Sen, O'ndan (ﷺ) duyduğun her şeyi yazıyor musun? Oysa Allah'ın Resulü (ﷺ) bir insandır; öfke ve sevinç içinde konuşur. Bunun üzerine yazmayı bıraktım ve bunu Allah'ın Resulü'ne (ﷺ) bildirdim. O, parmağıyla ağzına işaret ederek dedi: Yaz, canımın bulunduğu elin hakkı için, ondan yalnızca doğru çıkar."
      }
    },
    {
      "id": 15,
      "idInBook": 15,
      "chapterId": 26,
      "bookId": 4,
      "arabic": "حَدَّثَنَا سُلَيْمَانُ بْنُ دَاوُدَ الْمَهْرِيُّ، أَخْبَرَنَا ابْنُ وَهْبٍ، أَخْبَرَنِي يُونُسُ، عَنِ ابْنِ شِهَابٍ، أَنَّ عُرْوَةَ بْنَ الزُّبَيْرِ، حَدَّثَهُ أَنَّ عَائِشَةَ زَوْجَ النَّبِيِّ صلى الله عليه وسلم قَالَتْ أَلاَ يُعْجِبُكَ أَبُو هُرَيْرَةَ جَاءَ فَجَلَسَ إِلَى جَانِبِ حُجْرَتِي يُحَدِّثُ عَنْ رَسُولِ اللَّهِ صلى الله عليه وسلم يُسْمِعُنِي ذَلِكَ وَكُنْتُ أُسَبِّحُ فَقَامَ قَبْلَ أَنْ أَقْضِيَ سُبْحَتِي وَلَوْ أَدْرَكْتُهُ لَرَدَدْتُ عَلَيْهِ إِنَّ رَسُولَ اللَّهِ صلى الله عليه وسلم لَمْ يَكُنْ يَسْرُدُ الْحَدِيثَ مِثْلَ سَرْدِكُمْ ‏.‏",
      "english": {
        "narrator": "Narrated Aisha, Ummul Mu'minin:",
        "text": "Are you not surprised at AbuHurayrah? He came and sat beside my apartment, and began to narrate traditions from the Messenger of Allah (ﷺ) making me hear them. I was saying supererogatory prayer. He got up (and went away) before I finished my prayer. Had I found him, I would have replied to him. The Messenger of Allah (ﷺ) did not narrate traditions quickly one after another as you narrate quickly."
      },
      "turkish": {
        "narrator": "Narrated Aisha, Ummul Mu'minin:",
        "text": "---"
      }
    },
    {
      "id": 16,
      "idInBook": 16,
      "chapterId": 26,
      "bookId": 4,
      "arabic": "حَدَّثَنَا إِبْرَاهِيمُ بْنُ مُوسَى الرَّازِيُّ، حَدَّثَنَا عِيسَى، عَنِ الأَوْزَاعِيِّ، عَنْ عَبْدِ اللَّهِ بْنِ سَعْدٍ، عَنِ الصُّنَابِحِيِّ، عَنْ مُعَاوِيَةَ، أَنَّ النَّبِيَّ صلى الله عليه وسلم نَهَى عَنِ الْغَلُوطَاتِ ‏.‏",
      "english": {
        "narrator": "Narrated Mu'awiyah:",
        "text": "The Holy Prophet (ﷺ) forbade the discussion of thorny  questions."
      },
      "turkish": {
        "narrator": "Narrated Mu'awiyah:",
        "text": "Muaviye'den rivayet edilmiştir: Allah'ın Resulü (ﷺ) dikenli soruların tartışılmasını yasakladı."
      }
    },
    {
      "id": 17,
      "idInBook": 17,
      "chapterId": 26,
      "bookId": 4,
      "arabic": "حَدَّثَنَا الْحَسَنُ بْنُ عَلِيٍّ، حَدَّثَنَا أَبُو عَبْدِ الرَّحْمَنِ الْمُقْرِئُ، حَدَّثَنَا سَعِيدٌ، - يَعْنِي ابْنَ أَبِي أَيُّوبَ - عَنْ بَكْرِ بْنِ عَمْرٍو، عَنْ مُسْلِمِ بْنِ يَسَارٍ أَبِي عُثْمَانَ، عَنْ أَبِي هُرَيْرَةَ، قَالَ قَالَ رَسُولُ اللَّهِ صلى الله عليه وسلم ‏\"‏ مَنْ أَفْتَى ‏\"‏ ‏.‏ ح وَحَدَّثَنَا سُلَيْمَانُ بْنُ دَاوُدَ أَخْبَرَنَا ابْنُ وَهْبٍ حَدَّثَنِي يَحْيَى بْنُ أَيُّوبَ عَنْ بَكْرِ بْنِ عَمْرٍو عَنْ عَمْرِو بْنِ أَبِي نُعَيْمَةَ عَنْ أَبِي عُثْمَانَ الطُّنْبُذِيِّ - رَضِيعِ عَبْدِ الْمَلِكِ بْنِ مَرْوَانَ - قَالَ سَمِعْتُ أَبَا هُرَيْرَةَ يَقُولُ قَالَ رَسُولُ اللَّهِ صلى الله عليه وسلم ‏\"‏ مَنْ أُفْتِيَ بِغَيْرِ عِلْمٍ كَانَ إِثْمُهُ عَلَى مَنْ أَفْتَاهُ ‏\"‏ ‏.‏ زَادَ سُلَيْمَانُ الْمَهْرِيُّ فِي حَدِيثِهِ ‏\"‏ وَمَنْ أَشَارَ عَلَى أَخِيهِ بِأَمْرٍ يَعْلَمُ أَنَّ الرُّشْدَ فِي غَيْرِهِ فَقَدْ خَانَهُ ‏\"‏ ‏.‏ وَهَذَا لَفْظُ سُلَيْمَانَ ‏.‏",
      "english": {
        "narrator": "Narrated AbuHurayrah:",
        "text": "The Prophet (ﷺ) said: If anyone is given a legal decision ignorantly, the sin rests on the one who gave it. Sulayman al-Mahri added in his version: If anyone advises his brother, knowing that guidance lies in another direction, he has deceived him. These are the wordings of Sulayman."
      },
      "turkish": {
        "narrator": "Narrated AbuHurayrah:",
        "text": "Ebu Hureyre'den rivayet edilmiştir: Peygamber (ﷺ) dedi ki: Birine cehaletle bir hukuki karar verilirse, günah onu verenin üzerindedir. Süleyman el-Mahri kendi rivayetinde ekledi: Eğer birisi kardeşine, doğru yolun başka bir yerde olduğunu bilerek tavsiyede bulunursa, onu aldatmış olur. Bunlar Süleyman'ın sözleridir."
      }
    },
    {
      "id": 18,
      "idInBook": 18,
      "chapterId": 26,
      "bookId": 4,
      "arabic": "حَدَّثَنَا مُوسَى بْنُ إِسْمَاعِيلَ، حَدَّثَنَا حَمَّادٌ، أَخْبَرَنَا عَلِيُّ بْنُ الْحَكَمِ، عَنْ عَطَاءٍ، عَنْ أَبِي هُرَيْرَةَ، قَالَ قَالَ رَسُولُ اللَّهِ صلى الله عليه وسلم ‏\n\"‏ مَنْ سُئِلَ عَنْ عِلْمٍ فَكَتَمَهُ أَلْجَمَهُ اللَّهُ بِلِجَامٍ مِنْ نَارٍ يَوْمَ الْقِيَامَةِ ‏\"‏ ‏.‏",
      "english": {
        "narrator": "Narrated AbuHurayrah:",
        "text": "The Prophet (ﷺ) said: He who is asked something he knows and conceals it will have a bridle of fire put on him on the Day of Resurrection."
      },
      "turkish": {
        "narrator": "Narrated AbuHurayrah:",
        "text": "Ebu Hureyre'den rivayet edilmiştir: Peygamber (ﷺ) dedi ki: Bilip de gizleyen kimse, Kıyamet Günü'nde ona ateşten bir gem vurulacaktır."
      }
    },
    {
      "id": 19,
      "idInBook": 19,
      "chapterId": 26,
      "bookId": 4,
      "arabic": "حَدَّثَنَا زُهَيْرُ بْنُ حَرْبٍ، وَعُثْمَانُ بْنُ أَبِي شَيْبَةَ، قَالاَ حَدَّثَنَا جَرِيرٌ، عَنِ الأَعْمَشِ، عَنْ عَبْدِ اللَّهِ بْنِ عَبْدِ اللَّهِ، عَنْ سَعِيدِ بْنِ جُبَيْرٍ، عَنِ ابْنِ عَبَّاسٍ، قَالَ قَالَ رَسُولُ اللَّهِ صلى الله عليه وسلم ‏\n\"‏ تَسْمَعُونَ وَيُسْمَعُ مِنْكُمْ وَيُسْمَعُ مِمَّنْ سَمِعَ مِنْكُمْ ‏\"‏ ‏.‏",
      "english": {
        "narrator": "Narrated Abdullah ibn Abbas:",
        "text": "The Prophet (ﷺ) said: You hear (from me), and others will hear from you; and people will hear from them who heard from you."
      },
      "turkish": {
        "narrator": "Narrated Abdullah ibn Abbas:",
        "text": "Abdullah ibn Abbas'tan rivayet edilmiştir: Peygamber (ﷺ) dedi ki: Siz benden duyarsınız, başkaları da sizden duyacak; ve insanlar sizden duyanlardan duyacaklar."
      }
    },
    {
      "id": 20,
      "idInBook": 20,
      "chapterId": 26,
      "bookId": 4,
      "arabic": "حَدَّثَنَا مُسَدَّدٌ، حَدَّثَنَا يَحْيَى، عَنْ شُعْبَةَ، حَدَّثَنِي عُمَرُ بْنُ سُلَيْمَانَ، - مِنْ وَلَدِ عُمَرَ بْنِ الْخَطَّابِ - عَنْ عَبْدِ الرَّحْمَنِ بْنِ أَبَانَ، عَنْ أَبِيهِ، عَنْ زَيْدِ بْنِ ثَابِتٍ، قَالَ سَمِعْتُ رَسُولَ اللَّهِ صلى الله عليه وسلم يَقُولُ ‏\n\"‏ نَضَّرَ اللَّهُ امْرَأً سَمِعَ مِنَّا حَدِيثًا فَحَفِظَهُ حَتَّى يُبَلِّغَهُ فَرُبَّ حَامِلِ فِقْهٍ إِلَى مَنْ هُوَ أَفْقَهُ مِنْهُ وَرُبَّ حَامِلِ فِقْهٍ لَيْسَ بِفَقِيهٍ ‏\"‏ ‏.‏",
      "english": {
        "narrator": "Narrated Zayd ibn Thabit:",
        "text": "I heard the Messenger of Allah (ﷺ) say: May Allah brighten a man who hears a tradition from us, gets it by heart and passes it on to others. Many a bearer of knowledge conveys it to one who is more versed than he is; and many a bearer of knowledge is not versed in it."
      },
      "turkish": {
        "narrator": "Narrated Zayd ibn Thabit:",
        "text": "Zeyd ibn Sabit'ten rivayet edilmiştir: Allah'ın Resulü (ﷺ) şöyle dedi: Allah, bizden bir hadisi işitip ezberleyen ve başkalarına aktaran bir adamı aydınlatsın. Birçok bilgi taşıyıcısı, ondan daha bilgili birine aktarır; ve birçok bilgi taşıyıcısı, bu konuda bilgili değildir."
      }
    },
    {
      "id": 21,
      "idInBook": 21,
      "chapterId": 26,
      "bookId": 4,
      "arabic": "حَدَّثَنَا سَعِيدُ بْنُ مَنْصُورٍ، حَدَّثَنَا عَبْدُ الْعَزِيزِ بْنُ أَبِي حَازِمٍ، عَنْ أَبِيهِ، عَنْ سَهْلٍ، - يَعْنِي ابْنَ سَعْدٍ - عَنِ النَّبِيِّ صلى الله عليه وسلم قَالَ ‏\n\"‏ وَاللَّهِ لأَنْ يُهْدَى بِهُدَاكَ رَجْلٌ وَاحِدٌ خَيْرٌ لَكَ مِنْ حُمْرِ النَّعَمِ ‏\"‏ ‏.‏",
      "english": {
        "narrator": "Sahl b. Sa’d reported the prophet (ﷺ) as saying:",
        "text": "I swear on Allah, it will be better for you that Allah should give guidance to one man through your agency than that you should acquire the red ones among the camels."
      },
      "turkish": {
        "narrator": "Sahl b. Sa’d reported the prophet (ﷺ) as saying:",
        "text": "Sahl b. Sa’d, Peygamber (ﷺ) şöyle derken bildirmiştir: Allah'a yemin ederim ki, Allah'ın sizin aracılığınızla bir adamı hidayete erdirmesi, sizin kırmızı develerden daha hayırlıdır."
      }
    },
    {
      "id": 22,
      "idInBook": 22,
      "chapterId": 26,
      "bookId": 4,
      "arabic": "حَدَّثَنَا أَبُو بَكْرِ بْنُ أَبِي شَيْبَةَ، حَدَّثَنَا عَلِيُّ بْنُ مُسْهِرٍ، عَنْ مُحَمَّدِ بْنِ عَمْرٍو، عَنْ أَبِي سَلَمَةَ، عَنْ أَبِي هُرَيْرَةَ، قَالَ قَالَ رَسُولُ اللَّهِ صلى الله عليه وسلم ‏\n\"‏ حَدِّثُوا عَنْ بَنِي إِسْرَائِيلَ وَلاَ حَرَجَ ‏\"‏ ‏.‏",
      "english": {
        "narrator": "Narrated AbuHurayrah:",
        "text": "The Prophet (ﷺ) said: relate traditions from the children of Isra'il; there is no harm."
      },
      "turkish": {
        "narrator": "Narrated AbuHurayrah:",
        "text": "Ebu Hureyre'den rivayet edilmiştir: Peygamber (ﷺ) dedi ki: İsrailoğulları'ndan hadisler aktarın; bunda bir sakınca yoktur."
      }
    },
    {
      "id": 23,
      "idInBook": 23,
      "chapterId": 26,
      "bookId": 4,
      "arabic": "حَدَّثَنَا مُحَمَّدُ بْنُ الْمُثَنَّى، حَدَّثَنَا مُعَاذٌ، حَدَّثَنِي أَبِي، عَنْ قَتَادَةَ، عَنْ أَبِي حَسَّانَ، عَنْ عَبْدِ اللَّهِ بْنِ عَمْرٍو، قَالَ كَانَ نَبِيُّ اللَّهِ صلى الله عليه وسلم يُحَدِّثُنَا عَنْ بَنِي إِسْرَائِيلَ حَتَّى يُصْبِحَ مَا يَقُومُ إِلاَّ إِلَى عُظْمِ صَلاَةٍ ‏.‏",
      "english": {
        "narrator": "Narrated Abdullah ibn Amr ibn al-'As:",
        "text": "The Prophet (ﷺ) used to relate to us traditions from the children of Isra'il till morning came; he would not get up except for obligatory prayer."
      },
      "turkish": {
        "narrator": "Narrated Abdullah ibn Amr ibn al-'As:",
        "text": "Abdullah ibn Amr ibn al-'As'tan rivayet edilmiştir: Peygamber (ﷺ) bize sabaha kadar İsrailoğulları'ndan hadisler aktarırdı; sadece farz namaz için kalkardı."
      }
    },
    {
      "id": 24,
      "idInBook": 24,
      "chapterId": 26,
      "bookId": 4,
      "arabic": "حَدَّثَنَا أَبُو بَكْرِ بْنُ أَبِي شَيْبَةَ، حَدَّثَنَا سُرَيْجُ بْنُ النُّعْمَانِ، حَدَّثَنَا فُلَيْحٌ، عَنْ أَبِي طُوَالَةَ عَبْدِ اللَّهِ بْنِ عَبْدِ الرَّحْمَنِ بْنِ مَعْمَرٍ الأَنْصَارِيِّ، عَنْ سَعِيدِ بْنِ يَسَارٍ، عَنْ أَبِي هُرَيْرَةَ، قَالَ قَالَ رَسُولُ اللَّهِ صلى الله عليه وسلم ‏\n\"‏ مَنْ تَعَلَّمَ عِلْمًا مِمَّا يُبْتَغَى بِهِ وَجْهُ اللَّهِ عَزَّ وَجَلَّ لاَ يَتَعَلَّمُهُ إِلاَّ لِيُصِيبَ بِهِ عَرَضًا مِنَ الدُّنْيَا لَمْ يَجِدْ عَرْفَ الْجَنَّةِ يَوْمَ الْقِيَامَةِ ‏\"‏ ‏.‏ يَعْنِي رِيحَهَا ‏.‏",
      "english": {
        "narrator": "Narrated Abu Hurayrah:",
        "text": "The Prophet (ﷺ) said: If anyone acquires knowledge that should be sought seeking the Face of Allah, but he acquires it only to get some worldly advantage, he will not experience the arf, i.e. the fragrance, of Paradise."
      },
      "turkish": {
        "narrator": "Narrated Abu Hurayrah:",
        "text": "Ebu Hureyre'den rivayet edilmiştir: Peygamber (ﷺ) dedi ki: Eğer birisi, Allah'ın rızasını kazanmak için aranan bir ilmi edinirse, ama bunu sadece dünyevi bir menfaat için edinirse, cennetin kokusunu dahi hissedemez."
      }
    },
    {
      "id": 25,
      "idInBook": 25,
      "chapterId": 26,
      "bookId": 4,
      "arabic": "حَدَّثَنَا مَحْمُودُ بْنُ خَالِدٍ، حَدَّثَنَا أَبُو مُسْهِرٍ، حَدَّثَنِي عَبَّادُ بْنُ عَبَّادٍ الْخَوَّاصُ، عَنْ يَحْيَى بْنِ أَبِي عَمْرٍو السَّيْبَانِيِّ، عَنْ عَمْرِو بْنِ عَبْدِ اللَّهِ السَّيْبَانِيِّ، عَنْ عَوْفِ بْنِ مَالِكٍ الأَشْجَعِيِّ، قَالَ سَمِعْتُ رَسُولَ اللَّهِ صلى الله عليه وسلم يَقُولُ ‏\n\"‏ لاَ يَقُصُّ إِلاَّ أَمِيرٌ أَوْ مَأْمُورٌ أَوْ مُخْتَالٌ ‏\"‏ ‏.‏",
      "english": {
        "narrator": "Narrated Awf ibn Malik al-Ashja'i:",
        "text": "I heard the Messenger of Allah (ﷺ) say: Only a ruler, or one put in charge, or one who is presumptuous, gives instructions."
      },
      "turkish": {
        "narrator": "Narrated Awf ibn Malik al-Ashja'i:",
        "text": "Avf ibn Malik el-Eşca'i'den rivayet edilmiştir: Allah'ın Resulü (ﷺ) şöyle dedi: Sadece bir yönetici, ya da bir sorumlu, ya da kendini beğenmiş biri talimat verir."
      }
    },
    {
      "id": 26,
      "idInBook": 26,
      "chapterId": 26,
      "bookId": 4,
      "arabic": "حَدَّثَنَا مُسَدَّدٌ، حَدَّثَنَا جَعْفَرُ بْنُ سُلَيْمَانَ، عَنِ الْمُعَلَّى بْنِ زِيَادٍ، عَنِ الْعَلاَءِ بْنِ بَشِيرٍ الْمُزَنِيِّ، عَنْ أَبِي الصِّدِّيقِ النَّاجِيِّ، عَنْ أَبِي سَعِيدٍ الْخُدْرِيِّ، قَالَ جَلَسْتُ فِي عِصَابَةٍ مِنْ ضُعَفَاءِ الْمُهَاجِرِينَ وَإِنَّ بَعْضَهُمْ لَيَسْتَتِرُ بِبَعْضٍ مِنَ الْعُرْىِ وَقَارِئٌ يَقْرَأُ عَلَيْنَا إِذْ جَاءَ رَسُولُ اللَّهِ صلى الله عليه وسلم فَقَامَ عَلَيْنَا فَلَمَّا قَامَ رَسُولُ اللَّهِ صلى الله عليه وسلم سَكَتَ الْقَارِئُ فَسَلَّمَ ثُمَّ قَالَ ‏\"‏ مَا كُنْتُمْ تَصْنَعُونَ ‏\"‏ ‏.‏ قُلْنَا يَا رَسُولَ اللَّهِ إِنَّهُ كَانَ قَارِئٌ لَنَا يَقْرَأُ عَلَيْنَا فَكُنَّا نَسْتَمِعُ إِلَى كِتَابِ اللَّهِ ‏.‏ قَالَ فَقَالَ رَسُولُ اللَّهِ صلى الله عليه وسلم ‏\"‏ الْحَمْدُ لِلَّهِ الَّذِي جَعَلَ مِنْ أُمَّتِي مَنْ أُمِرْتُ أَنْ أَصْبِرَ نَفْسِي مَعَهُمْ ‏\"‏ ‏.‏ قَالَ فَجَلَسَ رَسُولُ اللَّهِ صلى الله عليه وسلم وَسَطَنَا لِيَعْدِلَ بِنَفْسِهِ فِينَا ثُمَّ قَالَ بِيَدِهِ هَكَذَا فَتَحَلَّقُوا وَبَرَزَتْ وُجُوهُهُمْ لَهُ - قَالَ - فَمَا رَأَيْتُ رَسُولَ اللَّهِ صلى الله عليه وسلم عَرَفَ مِنْهُمْ أَحَدًا غَيْرِي ‏.‏ فَقَالَ رَسُولُ اللَّهِ صلى الله عليه وسلم ‏\"‏ أَبْشِرُوا يَا مَعْشَرَ صَعَالِيكِ الْمُهَاجِرِينَ بِالنُّورِ التَّامِّ يَوْمَ الْقِيَامَةِ تَدْخُلُونَ الْجَنَّةَ قَبْلَ أَغْنِيَاءِ النَّاسِ بِنِصْفِ يَوْمٍ وَذَاكَ خَمْسُمِائَةِ سَنَةٍ ‏\"‏ ‏.‏",
      "english": {
        "narrator": "Narrated AbuSa'id al-Khudri:",
        "text": "I was sitting in the company of the poor members of the emigrants. Some of them were sitting together because of lack of clothing while a reader was reciting to us. All of a sudden the Messenger of Allah (ﷺ) came along and stood beside us. When the Messenger of Allah (ﷺ) stood, the reader stopped and greeted him.  \n\n\n\n\n\nHe asked: What were you doing?  We said: Messenger of Allah! We had a reader who was reciting to us and we were listening to the Book of Allah, the Exalted.  \n\n\n\n\n\nThe Messenger of Allah (ﷺ) then said: Praise be to Allah Who has put among my people those with whom I have been ordered to stay. The Messenger of Allah (ﷺ) then sat among us so as to be like one of us, and when he had made a sign with his hand they sat in a circle with their faces turned towards him.  \n\n\n\n\n\nThe narrator said: I think that the Messenger of Allah (ﷺ) did not recognize any of them except me.  \n\n\n\n\n\nThe Messenger of Allah (ﷺ) then said: Rejoice, you group of poor emigrants, in the announcement that you will have perfect light on the Day of Resurrection. You will enter Paradise half a day before the rich, and that is five hundred years."
      },
      "turkish": {
        "narrator": "Narrated AbuSa'id al-Khudri:",
        "text": "Ebu Sa'id el-Hudri'den rivayet edilmiştir: Göçmenlerin fakir üyeleriyle birlikte oturuyordum. Bazıları kıyafet eksikliğinden bir arada oturuyordu ve bir okuyucu bize okuma yapıyordu. Aniden Allah'ın Resulü (ﷺ) yanımıza geldi ve yanımızda durdu. Allah'ın Resulü (ﷺ) durunca, okuyucu durdu ve ona selam verdi."
      }
    },
    {
      "id": 27,
      "idInBook": 27,
      "chapterId": 26,
      "bookId": 4,
      "arabic": "حَدَّثَنَا مُحَمَّدُ بْنُ الْمُثَنَّى، حَدَّثَنِي عَبْدُ السَّلاَمِ، - يَعْنِي ابْنَ مُطَهَّرٍ أَبُو ظَفَرٍ - حَدَّثَنَا مُوسَى بْنُ خَلَفٍ الْعَمِّيُّ، عَنْ قَتَادَةَ، عَنْ أَنَسِ بْنِ مَالِكٍ، قَالَ قَالَ رَسُولُ اللَّهِ صلى الله عليه وسلم ‏\n\"‏ لأَنْ أَقْعُدَ مَعَ قَوْمٍ يَذْكُرُونَ اللَّهَ تَعَالَى مِنْ صَلاَةِ الْغَدَاةِ حَتَّى تَطْلُعَ الشَّمْسُ أَحَبُّ إِلَىَّ مِنْ أَنْ أُعْتِقَ أَرْبَعَةً مِنْ وَلَدِ إِسْمَاعِيلَ وَلأَنْ أَقْعُدَ مَعَ قَوْمٍ يَذْكُرُونَ اللَّهَ مِنْ صَلاَةِ الْعَصْرِ إِلَى أَنْ تَغْرُبَ الشَّمْسُ أَحَبُّ إِلَىَّ مِنْ أَنْ أُعْتِقَ أَرْبَعَةً ‏\"‏ ‏.‏",
      "english": {
        "narrator": "Narrated Anas ibn Malik:",
        "text": "The Prophet (ﷺ) said: That I sit in the company of the people who remember Allah the Exalted from morning prayer till the sun rises is dearer to me than that I emancipate four slaves from the children of Isma`il, and that I sit with the people who remember Allah from afternoon prayer till the sun sets is dearer to me than that I emancipate four slaves."
      },
      "turkish": {
        "narrator": "Narrated Anas ibn Malik:",
        "text": "O sordu: Ne yapıyordunuz? Biz dedik ki: Allah'ın Resulü! Bizim için okuyan bir okuyucumuz vardı ve biz Allah'ın Kitabı'nı dinliyorduk."
      }
    },
    {
      "id": 28,
      "idInBook": 28,
      "chapterId": 26,
      "bookId": 4,
      "arabic": "حَدَّثَنَا عُثْمَانُ بْنُ أَبِي شَيْبَةَ، حَدَّثَنَا حَفْصُ بْنُ غِيَاثٍ، عَنِ الأَعْمَشِ، عَنْ إِبْرَاهِيمَ، عَنْ عُبَيْدَةَ، عَنْ عَبْدِ اللَّهِ، قَالَ قَالَ لِي رَسُولُ اللَّهِ صلى الله عليه وسلم ‏\"‏ اقْرَأْ عَلَىَّ سُورَةَ النِّسَاءِ ‏\"‏ ‏.‏ قَالَ قُلْتُ أَقْرَأُ عَلَيْكَ وَعَلَيْكَ أُنْزِلَ قَالَ ‏\"‏ إِنِّي أُحِبُّ أَنْ أَسْمَعَهُ مِنْ غَيْرِي ‏\"‏ ‏.‏ قَالَ فَقَرَأْتُ عَلَيْهِ حَتَّى إِذَا انْتَهَيْتُ إِلَى قَوْلِهِ ‏{‏ فَكَيْفَ إِذَا جِئْنَا مِنْ كُلِّ أُمَّةٍ بِشَهِيدٍ ‏}‏ الآيَةَ فَرَفَعْتُ رَأْسِي فَإِذَا عَيْنَاهُ تَهْمِلاَنِ ‏.‏",
      "english": {
        "narrator": "`Abd  Allah (b. Mas`ud) said:",
        "text": "The Messenger of Allah (ﷺ) said to me: recite Surat al-Nisa’. I asked: Shall I recite to you  what was sent down to you? He replied: I like to here it from someone else. So I recited (it) until I reached this verse “How then shall it be when We bring from every people a witness?”. Then I raised my head and saw tears falling from his eyes."
      },
      "turkish": {
        "narrator": "`Abd  Allah (b. Mas`ud) said:",
        "text": "Allah'ın Resulü (ﷺ) sonra dedi ki: Allah'a hamd olsun ki, kavmim arasında benimle birlikte kalmam emredilenleri koydu. Allah'ın Resulü (ﷺ) sonra aramızda oturdu, böylece bizden biri gibi oldu ve elini işaret ettiğinde, yüzleri ona dönük bir dairede oturdular."
      }
    }
  ],
  "chapter": {
    "id": 26,
    "bookId": 4,
    "arabic": "كتاب العلم",
    "english": "Knowledge (Kitab Al-Ilm)"
  }
}