{
  "metadata": {
    "length": 49,
    "arabic": {
      "title": "سنن أبي داود",
      "author": "الإمام سليمان بن الأشعث أبو داود السجستاني",
      "introduction": "كتاب الطب"
    },
    "english": {
      "title": "Sunan Abi Dawud",
      "author": "Imam Sulayman ibn al-Ash'ath Abu Dawud al-Sijistani",
      "introduction": "Medicine (Kitab Al-Tibb)"
    }
  },
  "hadiths": [
    {
      "id": 1,
      "idInBook": 1,
      "chapterId": 29,
      "bookId": 4,
      "arabic": "حَدَّثَنَا حَفْصُ بْنُ عُمَرَ النَّمَرِيُّ، حَدَّثَنَا شُعْبَةُ، عَنْ زِيَادِ بْنِ عِلاَقَةَ، عَنْ أُسَامَةَ بْنِ شَرِيكٍ، قَالَ أَتَيْتُ النَّبِيَّ صلى الله عليه وسلم وَأَصْحَابُهُ كَأَنَّمَا عَلَى رُءُوسِهِمُ الطَّيْرُ فَسَلَّمْتُ ثُمَّ قَعَدْتُ فَجَاءَ الأَعْرَابُ مِنْ هَا هُنَا وَهَا هُنَا فَقَالُوا يَا رَسُولَ اللَّهِ أَنَتَدَاوَى فَقَالَ ‏\n\"‏ تَدَاوَوْا فَإِنَّ اللَّهَ عَزَّ وَجَلَّ لَمْ يَضَعْ دَاءً إِلاَّ وَضَعَ لَهُ دَوَاءً غَيْرَ دَاءٍ وَاحِدٍ الْهَرَمُ ‏\"‏ ‏.‏",
      "english": {
        "narrator": "Narrated Usamah ibn Sharik:",
        "text": "I came to the Prophet (ﷺ) and his Companions were sitting as if they had birds on their heads. I saluted and sat down. The desert Arabs then came from here and there. They asked: Messenger of Allah, should we make use of medical treatment? He replied: Make use of medical treatment, for Allah has not made a disease without appointing a remedy for it, with the exception of one disease, namely old age."
      },
      "turkish": {
        "narrator": "Narrated Usamah ibn Sharik:",
        "text": "Usamah ibn Sharik'ten rivayet edilmiştir: Ben, Peygamber (ﷺ) yanına geldim ve O'nun Ashabı, başlarında kuş varmış gibi oturuyorlardı. Selam verdim ve oturdum. Sonra çöl Arapları buradan ve oradan geldiler. Onlar sordular: Allah'ın Elçisi, tıbbi tedavi kullanmalı mıyız? O, cevapladı: Tıbbi tedavi kullanın, çünkü Allah bir hastalık yaratmamıştır ki onun için bir çare tayin etmemiş olsun, yalnızca bir hastalık istisna, o da yaşlılıktır."
      }
    },
    {
      "id": 2,
      "idInBook": 2,
      "chapterId": 29,
      "bookId": 4,
      "arabic": "حَدَّثَنَا هَارُونُ بْنُ عَبْدِ اللَّهِ، حَدَّثَنَا أَبُو دَاوُدَ، وَأَبُو عَامِرٍ - وَهَذَا لَفْظُ أَبِي عَامِرٍ - عَنْ فُلَيْحِ بْنِ سُلَيْمَانَ، عَنْ أَيُّوبَ بْنِ عَبْدِ الرَّحْمَنِ بْنِ صَعْصَعَةَ الأَنْصَارِيِّ، عَنْ يَعْقُوبَ بْنِ أَبِي يَعْقُوبَ، عَنْ أُمِّ الْمُنْذِرِ بِنْتِ قَيْسٍ الأَنْصَارِيَّةِ، قَالَتْ دَخَلَ عَلَىَّ رَسُولُ اللَّهِ صلى الله عليه وسلم وَمَعَهُ عَلِيٌّ عَلَيْهِ السَّلاَمُ وَعَلِيٌّ نَاقِهٌ وَلَنَا دَوَالِي مُعَلَّقَةٌ فَقَامَ رَسُولُ اللَّهِ صلى الله عليه وسلم يَأْكُلُ مِنْهَا وَقَامَ عَلِيٌّ لِيَأْكُلَ فَطَفِقَ رَسُولُ اللَّهِ صلى الله عليه وسلم يَقُولُ لِعَلِيٍّ ‏\"‏ مَهْ إِنَّكَ نَاقِهٌ ‏\"‏ ‏.‏ حَتَّى كَفَّ عَلِيٌّ عَلَيْهِ السَّلاَمُ ‏.‏ قَالَتْ وَصَنَعْتُ شَعِيرًا وَسِلْقًا فَجِئْتُ بِهِ فَقَالَ رَسُولُ اللَّهِ صلى الله عليه وسلم ‏\"‏ يَا عَلِيُّ أَصِبْ مِنْ هَذَا فَهُوَ أَنْفَعُ لَكَ ‏\"‏ ‏.‏ قَالَ أَبُو دَاوُدَ قَالَ هَارُونُ الْعَدَوِيَّةِ ‏.‏",
      "english": {
        "narrator": "Narrated Umm al-Mundhar bint Qays al-Ansariyyah:",
        "text": "The Messenger of Allah (ﷺ) came to visit me, accompanied by Ali who was convalescing. We had some ripe dates hung up. The Messenger of Allah (ﷺ) got up and began to eat from them.  \n\n\n\n\n\nAli also got up to eat, but the Messenger of Allah (ﷺ) said repeatedly to Ali: Stop, Ali, for you are convalescing, and Ali stopped.  \n\n\n\n\n\nShe said: I then prepared some barley and beer-root and brought it.  The Messenger of Allah (ﷺ) then said: Take some of this, Ali, for it will be more beneficial for you.  AbuDawud said: The narrator Harun said: al-Adawiyyah (i.e. Umm al-Mundhar)."
      },
      "turkish": {
        "narrator": "Narrated Umm al-Mundhar bint Qays al-Ansariyyah:",
        "text": "---"
      }
    },
    {
      "id": 3,
      "idInBook": 3,
      "chapterId": 29,
      "bookId": 4,
      "arabic": "حَدَّثَنَا مُوسَى بْنُ إِسْمَاعِيلَ، حَدَّثَنَا حَمَّادٌ، عَنْ مُحَمَّدِ بْنِ عَمْرٍو، عَنْ أَبِي سَلَمَةَ، عَنْ أَبِي هُرَيْرَةَ، أَنَّ رَسُولَ اللَّهِ صلى الله عليه وسلم قَالَ ‏\n\"‏ إِنْ كَانَ فِي شَىْءٍ مِمَّا تَدَاوَيْتُمْ بِهِ خَيْرٌ فَالْحِجَامَةُ ‏\"‏ ‏.‏",
      "english": {
        "narrator": "Narrated Abu Hurayrah:",
        "text": "The Prophet (ﷺ) said: The best medical treatment you apply is cupping."
      },
      "turkish": {
        "narrator": "Narrated Abu Hurayrah:",
        "text": "Umm al-Mundhar bint Qays al-Ansariyyah'tan rivayet edilmiştir: Allah'ın Elçisi (ﷺ) beni ziyarete geldi, yanında iyileşmekte olan Ali vardı. Olgun hurmalarımız asılıydı. Allah'ın Elçisi (ﷺ) kalktı ve onlardan yemeye başladı."
      }
    },
    {
      "id": 4,
      "idInBook": 4,
      "chapterId": 29,
      "bookId": 4,
      "arabic": "حَدَّثَنَا مُحَمَّدُ بْنُ الْوَزِيرِ الدِّمَشْقِيُّ، حَدَّثَنَا يَحْيَى، - يَعْنِي ابْنَ حَسَّانَ - حَدَّثَنَا عَبْدُ الرَّحْمَنِ بْنُ أَبِي الْمَوَالِي، حَدَّثَنَا فَائِدٌ، مَوْلَى عُبَيْدِ اللَّهِ بْنِ عَلِيِّ بْنِ أَبِي رَافِعٍ عَنْ مَوْلاَهُ، عُبَيْدِ اللَّهِ بْنِ عَلِيِّ بْنِ أَبِي رَافِعٍ عَنْ جَدَّتِهِ، سَلْمَى خَادِمِ رَسُولِ اللَّهِ صلى الله عليه وسلم قَالَتْ مَا كَانَ أَحَدٌ يَشْتَكِي إِلَى رَسُولِ اللَّهِ صلى الله عليه وسلم وَجَعًا فِي رَأْسِهِ إِلاَّ قَالَ ‏\"‏ احْتَجِمْ ‏\"‏ ‏.‏ وَلاَ وَجَعًا فِي رِجْلَيْهِ إِلاَّ قَالَ ‏\"‏ اخْضِبْهُمَا ‏\"‏ ‏.‏",
      "english": {
        "narrator": "Narrated Salmah:",
        "text": "the maid-servant of the Messenger of Allah (ﷺ), said: No one complained to the Messenger of Allah (ﷺ) of a headache but he told him to get himself cupped, or of a pain in his legs but he told him to dye them with henna."
      },
      "turkish": {
        "narrator": "Narrated Salmah:",
        "text": "Ali de kalktı yemek için, fakat Allah'ın Elçisi (ﷺ) Ali'ye tekrar tekrar dedi: Dur, Ali, çünkü sen iyileşmektesin, ve Ali durdu."
      }
    },
    {
      "id": 5,
      "idInBook": 5,
      "chapterId": 29,
      "bookId": 4,
      "arabic": "حَدَّثَنَا عَبْدُ الرَّحْمَنِ بْنُ إِبْرَاهِيمَ الدِّمَشْقِيُّ، وَكَثِيرُ بْنُ عُبَيْدٍ، قَالاَ حَدَّثَنَا الْوَلِيدُ، عَنِ ابْنِ ثَوْبَانَ، عَنْ أَبِيهِ، عَنْ أَبِي كَبْشَةَ الأَنْمَارِيِّ، - قَالَ كَثِيرٌ إِنَّهُ حَدَّثَهُ - أَنَّ النَّبِيَّ صلى الله عليه وسلم كَانَ يَحْتَجِمُ عَلَى هَامَتِهِ وَبَيْنَ كَتِفَيْهِ وَهُوَ يَقُولُ ‏\n\"‏ مَنْ أَهْرَاقَ مِنْ هَذِهِ الدِّمَاءِ فَلاَ يَضُرُّهُ أَنْ لاَ يَتَدَاوَى بِشَىْءٍ لِشَىْءٍ ‏\"‏ ‏.‏",
      "english": {
        "narrator": "Narrated Abu Kabshah al-Ansari:",
        "text": "The Messenger of Allah (ﷺ) used to have himself cupped on the top of his head and between his shoulders, and that he used to say: If anyone pours out any of his blood, he will not suffer if he applies no medical treatment for anything."
      },
      "turkish": {
        "narrator": "Narrated Abu Kabshah al-Ansari:",
        "text": "O dedi ki: Sonra ben biraz arpa ve bira kökü hazırladım ve getirdim. Allah'ın Elçisi (ﷺ) sonra dedi: Bunun birazını al, Ali, çünkü bu senin için daha faydalı olacaktır. Ebu Davud dedi: Rivayetçi Harun dedi ki: al-Adaviyyah (yani Umm al-Mundhar)."
      }
    },
    {
      "id": 6,
      "idInBook": 6,
      "chapterId": 29,
      "bookId": 4,
      "arabic": "حَدَّثَنَا مُسْلِمُ بْنُ إِبْرَاهِيمَ، حَدَّثَنَا جَرِيرٌ، - يَعْنِي ابْنَ حَازِمٍ - حَدَّثَنَا قَتَادَةُ، عَنْ أَنَسٍ، أَنَّ النَّبِيَّ صلى الله عليه وسلم احْتَجَمَ ثَلاَثًا فِي الأَخْدَعَيْنِ وَالْكَاهِلِ ‏.‏ قَالَ مَعْمَرٌ احْتَجَمْتُ فَذَهَبَ عَقْلِي حَتَّى كُنْتُ أُلَقَّنُ فَاتِحَةَ الْكِتَابِ فِي صَلاَتِي ‏.‏ وَكَانَ احْتَجَمَ عَلَى هَامَتِهِ ‏.‏",
      "english": {
        "narrator": "Narrated Anas ibn Malik:",
        "text": "The Prophet (ﷺ) had himself cupped three times in the veins at the sides of the neck and on the shoulder. Ma'mar said: I got myself cupped, and I lost my memory so much so that I was instructed Surat al-Fatihah by others in my prayer. He had himself cupped at the top of his head."
      },
      "turkish": {
        "narrator": "Narrated Anas ibn Malik:",
        "text": "---"
      }
    },
    {
      "id": 7,
      "idInBook": 7,
      "chapterId": 29,
      "bookId": 4,
      "arabic": "حَدَّثَنَا أَبُو تَوْبَةَ الرَّبِيعُ بْنُ نَافِعٍ، حَدَّثَنَا سَعِيدُ بْنُ عَبْدِ الرَّحْمَنِ الْجُمَحِيُّ، عَنْ سُهَيْلٍ، عَنْ أَبِيهِ، عَنْ أَبِي هُرَيْرَةَ، قَالَ قَالَ رَسُولُ اللَّهِ صلى الله عليه وسلم ‏\n\"‏ مَنِ احْتَجَمَ لِسَبْعَ عَشْرَةَ وَتِسْعَ عَشْرَةَ وَإِحْدَى وَعِشْرِينَ كَانَ شِفَاءً مِنْ كُلِّ دَاءٍ ‏\"‏ ‏.‏",
      "english": {
        "narrator": "Narrated Abu Hurayrah:",
        "text": "The Prophet (ﷺ) said: If anyone has himself cupped on the 17th, 19th and 21st it will be a remedy for every disease."
      },
      "turkish": {
        "narrator": "Narrated Abu Hurayrah:",
        "text": "Ebu Hurayra'dan rivayet edilmiştir: Peygamber (ﷺ) dedi ki: Uyguladığınız en iyi tıbbi tedavi hacamat yapmaktır."
      }
    },
    {
      "id": 8,
      "idInBook": 8,
      "chapterId": 29,
      "bookId": 4,
      "arabic": "حَدَّثَنَا مُوسَى بْنُ إِسْمَاعِيلَ، أَخْبَرَنِي أَبُو بَكْرَةَ، بَكَّارُ بْنُ عَبْدِ الْعَزِيزِ أَخْبَرَتْنِي عَمَّتِي، كَبْشَةُ بِنْتُ أَبِي بَكْرَةَ - وَقَالَ غَيْرُ مُوسَى كَيِّسَةُ بِنْتُ أَبِي بَكْرَةَ - أَنَّ أَبَاهَا، كَانَ يَنْهَى أَهْلَهُ عَنِ الْحِجَامَةِ، يَوْمَ الثُّلاَثَاءِ وَيَزْعُمُ عَنْ رَسُولِ اللَّهِ صلى الله عليه وسلم أَنَّ يَوْمَ الثُّلاَثَاءِ يَوْمُ الدَّمِ وَفِيهِ سَاعَةٌ لاَ يَرْقَأُ ‏.‏",
      "english": {
        "narrator": "Narrated Kabshah daughter of AbuBakrah:",
        "text": "(the narrator other than Musa said that Kayyisah daughter of AbuBakrah) She  said that her father used to forbid his family to have themselves cupped on a Tuesday, and used to assert on the authority of the Messenger of Allah (ﷺ) that Tuesday is the day of blood in which there is an hour when it does not stop."
      },
      "turkish": {
        "narrator": "Narrated Kabshah daughter of AbuBakrah:",
        "text": "---"
      }
    },
    {
      "id": 9,
      "idInBook": 9,
      "chapterId": 29,
      "bookId": 4,
      "arabic": "حَدَّثَنَا مُسْلِمُ بْنُ إِبْرَاهِيمَ، حَدَّثَنَا هِشَامٌ، عَنْ أَبِي الزُّبَيْرِ، عَنْ جَابِرٍ، أَنَّ النَّبِيَّ صلى الله عليه وسلم احْتَجَمَ عَلَى وَرِكِهِ مِنْ وَثْءٍ كَانَ بِهِ ‏.‏",
      "english": {
        "narrator": "Narrated Jabir ibn Abdullah:",
        "text": "The Messenger of Allah (ﷺ) had himself cupped above the thigh for a contusion from which he suffered."
      },
      "turkish": {
        "narrator": "Narrated Jabir ibn Abdullah:",
        "text": "Salmah, Allah'ın Elçisi (ﷺ)nin cariyesi, dedi ki: Hiç kimse Allah'ın Elçisi (ﷺ)ne baş ağrısından şikayet etmedi ki O, ona hacamat olmasını söylemesin, ya da bacaklarında bir ağrıdan şikayet etmedi ki O, ona kına ile boyamasını söylemesin."
      }
    },
    {
      "id": 10,
      "idInBook": 10,
      "chapterId": 29,
      "bookId": 4,
      "arabic": "حَدَّثَنَا مُحَمَّدُ بْنُ سُلَيْمَانَ الأَنْبَارِيُّ، حَدَّثَنَا أَبُو مُعَاوِيَةَ، عَنِ الأَعْمَشِ، عَنْ أَبِي سُفْيَانَ، عَنْ جَابِرٍ، قَالَ بَعَثَ النَّبِيُّ صلى الله عليه وسلم إِلَى أُبَىٍّ طَبِيبًا فَقَطَعَ مِنْهُ عِرْقًا ‏.‏",
      "english": {
        "narrator": "Narrated Jabir ibn Abdullah:",
        "text": "The Prophet (ﷺ) sent a physician to Ubayy (ibn Ka'b), and he cut his vein."
      },
      "turkish": {
        "narrator": "Narrated Jabir ibn Abdullah:",
        "text": "---"
      }
    },
    {
      "id": 11,
      "idInBook": 11,
      "chapterId": 29,
      "bookId": 4,
      "arabic": "حَدَّثَنَا مُوسَى بْنُ إِسْمَاعِيلَ، حَدَّثَنَا حَمَّادٌ، عَنْ ثَابِتٍ، عَنْ مُطَرِّفٍ، عَنْ عِمْرَانَ بْنِ حُصَيْنٍ، قَالَ نَهَى النَّبِيُّ صلى الله عليه وسلم عَنِ الْكَىِّ فَاكْتَوَيْنَا فَمَا أَفْلَحْنَ وَلاَ أَنْجَحْنَ ‏.‏ قَالَ أَبُو دَاوُدَ وَكَانَ يَسْمَعُ تَسْلِيمَ الْمَلاَئِكَةِ فَلَمَّا اكْتَوَى انْقَطَعَ عَنْهُ فَلَمَّا تَرَكَ رَجَعَ إِلَيْهِ ‏.‏",
      "english": {
        "narrator": "Narrated Imran ibn Husayn:",
        "text": "The Prophet (ﷺ) forbade to cauterise; we cauterised but they (cauterisation) did not benefit us, nor proved useful for us.\n\n\n\nAbu Dawud said: He used to hear the salutation of the angels: When he cauterized, it stopped. When he abandoned, it returned to him."
      },
      "turkish": {
        "narrator": "Narrated Imran ibn Husayn:",
        "text": "Ebu Kabşah al-Ansari'den rivayet edilmiştir: Allah'ın Elçisi (ﷺ) başının üstünde ve omuzlarının arasında hacamat yaptırırdı ve şöyle derdi: Eğer biri kanını akıtırsa, herhangi bir hastalık için tıbbi tedavi uygulamasa da bir şey başına gelmez."
      }
    },
    {
      "id": 12,
      "idInBook": 12,
      "chapterId": 29,
      "bookId": 4,
      "arabic": "حَدَّثَنَا مُوسَى بْنُ إِسْمَاعِيلَ، حَدَّثَنَا حَمَّادٌ، عَنْ أَبِي الزُّبَيْرِ، عَنْ جَابِرٍ، أَنَّ النَّبِيَّ صلى الله عليه وسلم كَوَى سَعْدَ بْنَ مُعَاذٍ مِنْ رَمِيَّتِهِ ‏.‏",
      "english": {
        "narrator": "Jabir said:",
        "text": "The Prophet (ﷺ) cauterized Sa’d b. Mu’adh from the wound of an arrow."
      },
      "turkish": {
        "narrator": "Jabir said:",
        "text": "---"
      }
    },
    {
      "id": 13,
      "idInBook": 13,
      "chapterId": 29,
      "bookId": 4,
      "arabic": "حَدَّثَنَا عُثْمَانُ بْنُ أَبِي شَيْبَةَ، حَدَّثَنَا أَحْمَدُ بْنُ إِسْحَاقَ، حَدَّثَنَا وُهَيْبٌ، عَنْ عَبْدِ اللَّهِ بْنِ طَاوُسٍ، عَنْ أَبِيهِ، عَنِ ابْنِ عَبَّاسٍ، أَنَّ رَسُولَ اللَّهِ صلى الله عليه وسلم اسْتَعَطَ ‏.‏",
      "english": {
        "narrator": "Ibn’Abbas said:",
        "text": "The Messenger of Allah (ﷺ) snuffed medicine."
      },
      "turkish": {
        "narrator": "Ibn’Abbas said:",
        "text": "Anas ibn Malik'ten rivayet edilmiştir: Peygamber (ﷺ) boyun yanlarındaki damarlarına ve omzuna üç kez hacamat yaptırdı. Ma'mar dedi ki: Ben de hacamat yaptırdım ve o kadar hafızamı kaybettim ki, namazımda bana başkaları Fatiha Suresi'ni öğretti. O, başının üstünde de hacamat yaptırdı."
      }
    },
    {
      "id": 14,
      "idInBook": 14,
      "chapterId": 29,
      "bookId": 4,
      "arabic": "حَدَّثَنَا أَحْمَدُ بْنُ حَنْبَلٍ، حَدَّثَنَا عَبْدُ الرَّزَّاقِ، حَدَّثَنَا عَقِيلُ بْنُ مَعْقِلٍ، قَالَ سَمِعْتُ وَهْبَ بْنَ مُنَبِّهٍ، يُحَدِّثُ عَنْ جَابِرِ بْنِ عَبْدِ اللَّهِ، قَالَ سُئِلَ رَسُولُ اللَّهِ صلى الله عليه وسلم عَنِ النُّشْرَةِ فَقَالَ ‏\n\"‏ هُوَ مِنْ عَمَلِ الشَّيْطَانِ ‏\"‏ ‏.‏",
      "english": {
        "narrator": "Narrated Jabir ibn Abdullah:",
        "text": "The Messenger of Allah (ﷺ) was asked about a charm for one who is possessed (nashrah). He replied: It pertains to the work of the devil."
      },
      "turkish": {
        "narrator": "Narrated Jabir ibn Abdullah:",
        "text": "---"
      }
    },
    {
      "id": 15,
      "idInBook": 15,
      "chapterId": 29,
      "bookId": 4,
      "arabic": "حَدَّثَنَا عُبَيْدُ اللَّهِ بْنُ عُمَرَ بْنِ مَيْسَرَةَ، حَدَّثَنَا عَبْدُ اللَّهِ بْنُ يَزِيدَ، حَدَّثَنَا سَعِيدُ بْنُ أَبِي أَيُّوبَ، حَدَّثَنَا شُرَحْبِيلُ بْنُ يَزِيدَ الْمَعَافِرِيُّ، عَنْ عَبْدِ الرَّحْمَنِ بْنِ رَافِعٍ التَّنُوخِيِّ، قَالَ سَمِعْتُ عَبْدَ اللَّهِ بْنَ عَمْرٍو، يَقُولُ سَمِعْتُ رَسُولَ اللَّهِ صلى الله عليه وسلم يَقُولُ ‏\n\"‏ مَا أُبَالِي مَا أَتَيْتُ إِنْ أَنَا شَرِبْتُ تِرْيَاقًا أَوْ تَعَلَّقْتُ تَمِيمَةً أَوْ قُلْتُ الشِّعْرَ مِنْ قِبَلِ نَفْسِي ‏\"‏ ‏.‏ قَالَ أَبُو دَاوُدَ هَذَا كَانَ لِلنَّبِيِّ صلى الله عليه وسلم خَاصَّةً وَقَدْ رَخَّصَ فِيهِ قَوْمٌ يَعْنِي التِّرْيَاقَ ‏.‏",
      "english": {
        "narrator": "Narrated Abdullah ibn Amr ibn al-'As:",
        "text": "I heard the Messenger of Allah (ﷺ) say: If I drink an antidote, or tie an amulet, or compose poetry, I am the type who does not care what he does.\n\n\nAbu Dawud said: THis was peculiar to the Prophet (ﷺ), but some people have allowed to use it, i.e. antidote."
      },
      "turkish": {
        "narrator": "Narrated Abdullah ibn Amr ibn al-'As:",
        "text": "Ebu Hurayra'dan rivayet edilmiştir: Peygamber (ﷺ) dedi ki: Eğer biri 17., 19. ve 21. günlerde hacamat yaptırırsa, bu her hastalığa bir şifa olacaktır."
      }
    },
    {
      "id": 16,
      "idInBook": 16,
      "chapterId": 29,
      "bookId": 4,
      "arabic": "حَدَّثَنَا هَارُونُ بْنُ عَبْدِ اللَّهِ، حَدَّثَنَا مُحَمَّدُ بْنُ بِشْرٍ، حَدَّثَنَا يُونُسُ بْنُ أَبِي إِسْحَاقَ، عَنْ مُجَاهِدٍ، عَنْ أَبِي هُرَيْرَةَ، قَالَ نَهَى رَسُولُ اللَّهِ صلى الله عليه وسلم عَنِ الدَّوَاءِ الْخَبِيثِ ‏.‏",
      "english": {
        "narrator": "Narrated Abu Hurayrah:",
        "text": "The Messenger of Allah (ﷺ) prohibited unclean medicine."
      },
      "turkish": {
        "narrator": "Narrated Abu Hurayrah:",
        "text": "Abu Hurayra'dan rivayet edilmiştir: Allah'ın Resulü (ﷺ) kirli ilaçları yasaklamıştır."
      }
    },
    {
      "id": 17,
      "idInBook": 17,
      "chapterId": 29,
      "bookId": 4,
      "arabic": "حَدَّثَنَا مُحَمَّدُ بْنُ كَثِيرٍ، أَخْبَرَنَا سُفْيَانُ، عَنِ ابْنِ أَبِي ذِئْبٍ، عَنْ سَعِيدِ بْنِ خَالِدٍ، عَنْ سَعِيدِ بْنِ الْمُسَيَّبِ، عَنْ عَبْدِ الرَّحْمَنِ بْنِ عُثْمَانَ، أَنَّ طَبِيبًا، سَأَلَ النَّبِيَّ صلى الله عليه وسلم عَنْ ضِفْدَعٍ يَجْعَلُهَا فِي دَوَاءٍ فَنَهَاهُ النَّبِيُّ صلى الله عليه وسلم عَنْ قَتْلِهَا ‏.‏",
      "english": {
        "narrator": "Narrated AbdurRahman ibn Uthman:",
        "text": "When a physician consulted the Prophet (ﷺ) about putting frogs in medicine, he forbade him to kill them."
      },
      "turkish": {
        "narrator": "Narrated AbdurRahman ibn Uthman:",
        "text": "Abdurrahman ibn Uthman'dan rivayet edilmiştir: Bir hekim, Peygamber (ﷺ) ile kurbağaların ilaçta kullanılmasını danıştığında, onları öldürmesini yasakladı."
      }
    },
    {
      "id": 18,
      "idInBook": 18,
      "chapterId": 29,
      "bookId": 4,
      "arabic": "حَدَّثَنَا أَحْمَدُ بْنُ حَنْبَلٍ، حَدَّثَنَا أَبُو مُعَاوِيَةَ، حَدَّثَنَا الأَعْمَشُ، عَنْ أَبِي صَالِحٍ، عَنْ أَبِي هُرَيْرَةَ، قَالَ قَالَ رَسُولُ اللَّهِ صلى الله عليه وسلم ‏\n\"‏ مَنْ حَسَا سُمًّا فَسُمُّهُ فِي يَدِهِ يَتَحَسَّاهُ فِي نَارِ جَهَنَّمَ خَالِدًا مُخَلَّدًا فِيهَا أَبَدًا ‏\"‏ ‏.‏",
      "english": {
        "narrator": "Abu Hurairah reported the Messenger of Allah (ﷺ) as saying:",
        "text": "If anyone drinks poison, the poison will be in his hand (on the Day of Judgement) and he will drink it in Hell-fire and he will live in it eternally."
      },
      "turkish": {
        "narrator": "Abu Hurairah reported the Messenger of Allah (ﷺ) as saying:",
        "text": "Abu Hurayra, Allah'ın Resulü (ﷺ) şöyle buyurduğunu bildirmiştir: Kim zehir içerse, zehir kıyamet günü elinde olacaktır ve onu cehennemde içecek ve orada ebedi olarak yaşayacaktır."
      }
    },
    {
      "id": 19,
      "idInBook": 19,
      "chapterId": 29,
      "bookId": 4,
      "arabic": "حَدَّثَنَا مُسْلِمُ بْنُ إِبْرَاهِيمَ، حَدَّثَنَا شُعْبَةُ، عَنْ سِمَاكٍ، عَنْ عَلْقَمَةَ بْنِ وَائِلٍ، عَنْ أَبِيهِ، ذَكَرَ طَارِقَ بْنَ سُوَيْدٍ أَوْ سُوَيْدَ بْنَ طَارِقٍ سَأَلَ النَّبِيَّ صلى الله عليه وسلم عَنِ الْخَمْرِ فَنَهَاهُ ثُمَّ سَأَلَهُ فَنَهَاهُ فَقَالَ لَهُ يَا نَبِيَّ اللَّهِ إِنَّهَا دَوَاءٌ ‏.‏ قَالَ النَّبِيُّ صلى الله عليه وسلم ‏\n\"‏ لاَ وَلَكِنَّهَا دَاءٌ ‏\"‏ ‏.‏",
      "english": {
        "narrator": "Narrated Tariq ibn Suwayd or Suwayd ibn Tariq:",
        "text": "Wa'il said: Tariq ibn Suwayd or Suwayd ibn Tariq asked the Prophet (ﷺ) about wine, but he forbade it. He again asked him, but he forbade him. He said to him: Prophet of Allah, it is a medicine. The Prophet (ﷺ) said: No it is a disease."
      },
      "turkish": {
        "narrator": "Narrated Tariq ibn Suwayd or Suwayd ibn Tariq:",
        "text": "Tariq ibn Suwayd veya Suwayd ibn Tariq'tan rivayet edilmiştir: Wa'il dedi ki: Tariq ibn Suwayd veya Suwayd ibn Tariq, Peygamber (ﷺ) ile şarap hakkında sordu, fakat o yasakladı. Tekrar sordu, yine yasakladı. Ona dedi ki: Allah'ın Peygamberi, bu bir ilaçtır. Peygamber (ﷺ) dedi ki: Hayır, bu bir hastalıktır."
      }
    },
    {
      "id": 20,
      "idInBook": 20,
      "chapterId": 29,
      "bookId": 4,
      "arabic": "حَدَّثَنَا مُحَمَّدُ بْنُ عَبَادَةَ الْوَاسِطِيُّ، حَدَّثَنَا يَزِيدُ بْنُ هَارُونَ، أَخْبَرَنَا إِسْمَاعِيلُ بْنُ عَيَّاشٍ، عَنْ ثَعْلَبَةَ بْنِ مُسْلِمٍ، عَنْ أَبِي عِمْرَانَ الأَنْصَارِيِّ، عَنْ أُمِّ الدَّرْدَاءِ، عَنْ أَبِي الدَّرْدَاءِ، قَالَ قَالَ رَسُولُ اللَّهِ صلى الله عليه وسلم ‏\n\"‏ إِنَّ اللَّهَ أَنْزَلَ الدَّاءَ وَالدَّوَاءَ وَجَعَلَ لِكُلِّ دَاءٍ دَوَاءً فَتَدَاوَوْا وَلاَ تَدَاوَوْا بِحَرَامٍ ‏\"‏ ‏.‏",
      "english": {
        "narrator": "Narrated Abu al-Darda:",
        "text": "The Prophet (ﷺ) said: Allah has sent down both the disease and the cure, and He has appointed a cure for every disease, so treat yourselves medically, but use nothing unlawful."
      },
      "turkish": {
        "narrator": "Narrated Abu al-Darda:",
        "text": "Abu al-Darda'dan rivayet edilmiştir: Peygamber (ﷺ) dedi ki: Allah hem hastalığı hem de şifayı indirmiştir ve her hastalık için bir şifa tayin etmiştir, bu yüzden kendinizi tedavi edin, fakat haram olan bir şey kullanmayın."
      }
    },
    {
      "id": 21,
      "idInBook": 21,
      "chapterId": 29,
      "bookId": 4,
      "arabic": "حَدَّثَنَا إِسْحَاقُ بْنُ إِسْمَاعِيلَ، حَدَّثَنَا سُفْيَانُ، عَنِ ابْنِ أَبِي نَجِيحٍ، عَنْ مُجَاهِدٍ، عَنْ سَعْدٍ، قَالَ مَرِضْتُ مَرَضًا أَتَانِي رَسُولُ اللَّهِ صلى الله عليه وسلم يَعُودُنِي فَوَضَعَ يَدَهُ بَيْنَ ثَدْيَىَّ حَتَّى وَجَدْتُ بَرْدَهَا عَلَى فُؤَادِي فَقَالَ ‏\n\"‏ إِنَّكَ رَجُلٌ مَفْئُودٌ ائْتِ الْحَارِثَ بْنَ كَلَدَةَ أَخَا ثَقِيفٍ فَإِنَّهُ رَجْلٌ يَتَطَبَّبُ فَلْيَأْخُذْ سَبْعَ تَمَرَاتٍ مِنْ عَجْوَةِ الْمَدِينَةِ فَلْيَجَأْهُنَّ بِنَوَاهُنَّ ثُمَّ لِيَلُدَّكَ بِهِنَّ ‏\"‏ ‏.‏",
      "english": {
        "narrator": "Narrated Sa'd:",
        "text": "I suffered from an illness. The Messenger of Allah (ﷺ) came to pay a visit to me. He put his hands between my nipples and I felt its coolness at my heart. He said: You are a man suffering from heart sickness. Go to al-Harith ibn Kaladah, brother of Thaqif. He is a man who gives medical treatment. He should take seven ajwah dates of Medina and grind them with their kernels, and then put them into your mouth."
      },
      "turkish": {
        "narrator": "Narrated Sa'd:",
        "text": "Sa'd'dan rivayet edilmiştir: Bir hastalık geçirdim. Allah'ın Resulü (ﷺ) beni ziyarete geldi. Elleriyle göğsümün ortasına koydu ve kalbimdeki serinliği hissettim. Dedi ki: Sen kalp hastalığı çeken bir insansın. Thaqif'in kardeşi al-Harith ibn Kaladah'a git. O, tıbbi tedavi veren bir adamdır. Medine'den yedi ajwah hurması almalı ve çekirdekleriyle birlikte ezmelisin, sonra ağzına koymalısın."
      }
    },
    {
      "id": 22,
      "idInBook": 22,
      "chapterId": 29,
      "bookId": 4,
      "arabic": "حَدَّثَنَا عُثْمَانُ بْنُ أَبِي شَيْبَةَ، حَدَّثَنَا أَبُو أُسَامَةَ، حَدَّثَنَا هَاشِمُ بْنُ هَاشِمٍ، عَنْ عَامِرِ بْنِ سَعْدِ بْنِ أَبِي وَقَّاصٍ، عَنْ أَبِيهِ، عَنِ النَّبِيِّ صلى الله عليه وسلم قَالَ ‏\n\"‏ مَنْ تَصَبَّحَ سَبْعَ تَمَرَاتِ عَجْوَةٍ لَمْ يَضُرُّهُ ذَلِكَ الْيَوْمَ سَمٌّ وَلاَ سِحْرٌ ‏\"‏ ‏.‏",
      "english": {
        "narrator": "Sa’d b. Abl Waqqas reported the prophet (ﷺ) as saying:",
        "text": "He who has a morning meal of seven ‘Ajwah dates will not suffer from any harm that day through poison or magic."
      },
      "turkish": {
        "narrator": "Sa’d b. Abl Waqqas reported the prophet (ﷺ) as saying:",
        "text": "Sa’d b. Abl Waqqas, Peygamber (ﷺ) şöyle buyurduğunu bildirmiştir: Yedi 'Ajwah hurması ile sabah kahvaltısı yapan kimse, o gün zehir veya sihirden herhangi bir zarar görmeyecektir."
      }
    },
    {
      "id": 23,
      "idInBook": 23,
      "chapterId": 29,
      "bookId": 4,
      "arabic": "حَدَّثَنَا مُسَدَّدٌ، وَحَامِدُ بْنُ يَحْيَى، قَالاَ حَدَّثَنَا سُفْيَانُ، عَنِ الزُّهْرِيِّ، عَنْ عُبَيْدِ اللَّهِ بْنِ عَبْدِ اللَّهِ، عَنْ أُمِّ قَيْسٍ بِنْتِ مِحْصَنٍ، قَالَتْ دَخَلْتُ عَلَى رَسُولِ اللَّهِ صلى الله عليه وسلم بِابْنٍ لِي قَدْ أَعْلَقْتُ عَلَيْهِ مِنَ الْعُذْرَةِ فَقَالَ ‏\n\"‏ عَلاَمَ تَدْغَرْنَ أَوْلاَدَكُنَّ بِهَذَا الْعِلاَقِ عَلَيْكُنَّ بِهَذَا الْعُودِ الْهِنْدِيِّ فَإِنَّ فِيهِ سَبْعَةَ أَشْفِيَةٍ مِنْهَا ذَاتُ الْجَنْبِ يُسْعَطُ مِنَ الْعُذْرَةِ وَيُلَدُّ مِنْ ذَاتِ الْجَنْبِ ‏\"‏ ‏.‏ قَالَ أَبُو دَاوُدَ يَعْنِي بِالْعُودِ الْقُسْطَ ‏.‏",
      "english": {
        "narrator": "Umm Qasis, daughter of Mihsan said :",
        "text": "I brought my son to the Messenger of Allah (ﷺ) while I had compressed his uvula for its swelling. He said : Why do you afflict your children by squeezing for a swelling in the Uvula ? Apply this Indian aloes wood, for it contain seven types of remedies, among them being a remedy for pleurisy. It is applied through the nose for a swelling of the uvula poured into the side of the mouth for pleurisy.\n\n\nAbu Dawud said : By aloes wood he meant costus."
      },
      "turkish": {
        "narrator": "Umm Qasis, daughter of Mihsan said :",
        "text": "Umm Qasis, Mihsan'ın kızı dedi ki: Oğlumu Allah'ın Resulü (ﷺ) huzuruna getirdim, çünkü onun uvulasını şişliği için sıkıştırmıştım. O dedi ki: Neden çocuklarınıza uvula şişliği için sıkıştırarak eziyet ediyorsunuz? Bu Hindistan aloes ağacını uygulayın, çünkü yedi çeşit ilaç içerir, bunlar arasında plevra iltihabı için bir ilaç da vardır. Uvula şişliği için burundan uygulanır ve plevra iltihabı için ağzın yan tarafına dökülür."
      }
    },
    {
      "id": 24,
      "idInBook": 24,
      "chapterId": 29,
      "bookId": 4,
      "arabic": "حَدَّثَنَا أَحْمَدُ بْنُ يُونُسَ، حَدَّثَنَا زُهَيْرٌ، حَدَّثَنَا عَبْدُ اللَّهِ بْنُ عُثْمَانَ بْنِ خُثَيْمٍ، عَنْ سَعِيدِ بْنِ جُبَيْرٍ، عَنِ ابْنِ عَبَّاسٍ، قَالَ قَالَ رَسُولُ اللَّهِ صلى الله عليه وسلم ‏\n\"‏ الْبَسُوا مِنْ ثِيَابِكُمُ الْبَيَاضَ فَإِنَّهَا مِنْ خَيْرِ ثِيَابِكُمْ وَكَفِّنُوا فِيهَا مَوْتَاكُمْ وَإِنَّ خَيْرَ أَكْحَالِكُمُ الإِثْمِدُ يَجْلُو الْبَصَرَ وَيُنْبِتُ الشَّعْرَ ‏\"‏ ‏.‏",
      "english": {
        "narrator": "Narrated Abdullah ibn Abbas:",
        "text": "The Prophet (ﷺ) said: Wear your white garments, for they are among your best garments, and shroud your dead in them. Among the best types of collyrium you use is antimony (ithmid): it clears the vision and makes the hair sprout."
      },
      "turkish": {
        "narrator": "Narrated Abdullah ibn Abbas:",
        "text": "Abu Davud dedi ki: Aloes ağacıyla kastettiği costus'tur."
      }
    },
    {
      "id": 25,
      "idInBook": 25,
      "chapterId": 29,
      "bookId": 4,
      "arabic": "حَدَّثَنَا أَحْمَدُ بْنُ حَنْبَلٍ، حَدَّثَنَا عَبْدُ الرَّزَّاقِ، حَدَّثَنَا مَعْمَرٌ، عَنْ هَمَّامِ بْنِ مُنَبِّهٍ، قَالَ هَذَا مَا حَدَّثَنَا أَبُو هُرَيْرَةَ، عَنْ رَسُولِ اللَّهِ صلى الله عليه وسلم قَالَ ‏\n\"‏ الْعَيْنُ حَقٌّ ‏\"‏ ‏.‏",
      "english": {
        "narrator": "Abu Hurairah reported the Messenger of Allah (ﷺ) as saying :",
        "text": "The evil is genuine."
      },
      "turkish": {
        "narrator": "Abu Hurairah reported the Messenger of Allah (ﷺ) as saying :",
        "text": "Abdullah ibn Abbas'tan rivayet edilmiştir: Peygamber (ﷺ) dedi ki: Beyaz elbiselerinizi giyin, çünkü bunlar en güzel elbiselerinizdendir ve ölülerinizi bunlarla kefenleyin. Kullandığınız en iyi sürme türlerinden biri antimondur (ithmid): bu, görüşü açar ve saçların çıkmasını sağlar."
      }
    },
    {
      "id": 26,
      "idInBook": 26,
      "chapterId": 29,
      "bookId": 4,
      "arabic": "حَدَّثَنَا عُثْمَانُ بْنُ أَبِي شَيْبَةَ، حَدَّثَنَا جَرِيرٌ، عَنِ الأَعْمَشِ، عَنْ إِبْرَاهِيمَ، عَنِ الأَسْوَدِ، عَنْ عَائِشَةَ، رضى الله عنها قَالَتْ كَانَ يُؤْمَرُ الْعَائِنُ فَيَتَوَضَّأُ ثُمَّ يَغْتَسِلُ مِنْهُ الْمَعِينُ ‏.‏",
      "english": {
        "narrator": "Narrated Aisha, Ummul Mu'minin:",
        "text": "The man casting evil would be commanded to perform ablution, and then the man affected was washed with it."
      },
      "turkish": {
        "narrator": "Narrated Aisha, Ummul Mu'minin:",
        "text": "Abu Hurairah, Allah'ın Resulü (ﷺ) şöyle buyurduğunu bildirmiştir: Şer gerçektir."
      }
    },
    {
      "id": 27,
      "idInBook": 27,
      "chapterId": 29,
      "bookId": 4,
      "arabic": "حَدَّثَنَا الرَّبِيعُ بْنُ نَافِعٍ أَبُو تَوْبَةَ، حَدَّثَنَا مُحَمَّدُ بْنُ مُهَاجِرٍ، عَنْ أَبِيهِ، عَنْ أَسْمَاءَ بِنْتِ يَزِيدَ بْنِ السَّكَنِ، قَالَتْ سَمِعْتُ رَسُولَ اللَّهِ صلى الله عليه وسلم يَقُولُ ‏\n\"‏ لاَ تَقْتُلُوا أَوْلاَدَكُمْ سِرًّا فَإِنَّ الْغَيْلَ يُدْرِكُ الْفَارِسَ فَيُدَعْثِرُهُ عَنْ فَرَسِهِ ‏\"‏ ‏.‏",
      "english": {
        "narrator": "Narrated Asma', daughter of Yazid ibn as-Sakan,:",
        "text": "I heard the Messenger of Allah (ﷺ) as saying: Do not kill your children secretly, for the milk, with which a child is suckled while his mother is pregnant, overtakes the horseman and throws him from his horse."
      },
      "turkish": {
        "narrator": "Narrated Asma', daughter of Yazid ibn as-Sakan,:",
        "text": "Aisha, Ümmü'l-Müminin'den rivayet edilmiştir: Şer atan adam abdest alması emredilir ve sonra etkilenen kişi onunla yıkanır."
      }
    },
    {
      "id": 28,
      "idInBook": 28,
      "chapterId": 29,
      "bookId": 4,
      "arabic": "حَدَّثَنَا الْقَعْنَبِيُّ، عَنْ مَالِكٍ، عَنْ مُحَمَّدِ بْنِ عَبْدِ الرَّحْمَنِ بْنِ نَوْفَلٍ، أَخْبَرَنِي عُرْوَةُ بْنُ الزُّبَيْرِ، عَنْ عَائِشَةَ، زَوْجِ النَّبِيِّ صلى الله عليه وسلم عَنْ جُدَامَةَ الأَسَدِيَّةِ أَنَّهَا سَمِعَتْ رَسُولَ اللَّهِ صلى الله عليه وسلم يَقُولُ ‏\n\"‏ لَقَدْ هَمَمْتُ أَنْ أَنْهَى عَنِ الْغَيْلَةِ حَتَّى ذُكِّرْتُ أَنَّ الرُّومَ وَفَارِسَ يَفْعَلُونَ ذَلِكَ فَلاَ يَضُرُّ أَوْلاَدَهُمْ ‏\"‏ ‏.‏ قَالَ مَالِكٌ الْغَيْلَةُ أَنْ يَمَسَّ الرَّجُلُ امْرَأَتَهُ وَهِيَ تُرْضِعُ ‏.‏",
      "english": {
        "narrator": "Judamat al-Asadiyyah said that she heard the Messenger of Allah (May peace be upon him) Say:",
        "text": "I intended to prohibit suckling during pregnancy (ghailah), but I considered the Greeks and the Persians and saw that they practiced it, without any injury being caused to their children thereby. Malik said : Ghailah means that a man has intercourse with a women while she is suckling a child."
      },
      "turkish": {
        "narrator": "Judamat al-Asadiyyah said that she heard the Messenger of Allah (May peace be upon him) Say:",
        "text": "Asma', Yazid ibn as-Sakan'ın kızı dedi ki: Allah'ın Resulü (ﷺ) şöyle buyurduğunu duydum: Çocuklarınızı gizlice öldürmeyin, çünkü bir çocuğun annesi hamileyken emzirildiği süt, ata binerken ata yetişir ve onu atından atar."
      }
    },
    {
      "id": 29,
      "idInBook": 29,
      "chapterId": 29,
      "bookId": 4,
      "arabic": "حَدَّثَنَا مُحَمَّدُ بْنُ الْعَلاَءِ، حَدَّثَنَا أَبُو مُعَاوِيَةَ، حَدَّثَنَا الأَعْمَشُ، عَنْ عَمْرِو بْنِ مُرَّةَ، عَنْ يَحْيَى بْنِ الْجَزَّارِ، عَنِ ابْنِ أَخِي، زَيْنَبَ امْرَأَةِ عَبْدِ اللَّهِ عَنْ زَيْنَبَ، امْرَأَةِ عَبْدِ اللَّهِ عَنْ عَبْدِ اللَّهِ، قَالَ سَمِعْتُ رَسُولَ اللَّهِ صلى الله عليه وسلم يَقُولُ ‏\"‏ إِنَّ الرُّقَى وَالتَّمَائِمَ وَالتِّوَلَةَ شِرْكٌ ‏\"‏ ‏.‏ قَالَتْ قُلْتُ لِمَ تَقُولُ هَذَا وَاللَّهِ لَقَدْ كَانَتْ عَيْنِي تَقْذِفُ وَكُنْتُ أَخْتَلِفُ إِلَى فُلاَنٍ الْيَهُودِيِّ يَرْقِينِي فَإِذَا رَقَانِي سَكَنَتْ ‏.‏ فَقَالَ عَبْدُ اللَّهِ إِنَّمَا ذَاكِ عَمَلُ الشَّيْطَانِ كَانَ يَنْخَسُهَا بِيَدِهِ فَإِذَا رَقَاهَا كَفَّ عَنْهَا إِنَّمَا كَانَ يَكْفِيكِ أَنْ تَقُولِي كَمَا كَانَ رَسُولُ اللَّهِ صلى الله عليه وسلم يَقُولُ ‏\"‏ أَذْهِبِ الْبَاسَ رَبَّ النَّاسِ اشْفِ أَنْتَ الشَّافِي لاَ شِفَاءَ إِلاَّ شِفَاؤُكَ شِفَاءً لاَ يُغَادِرُ سَقَمًا ‏\"‏ ‏.‏",
      "english": {
        "narrator": "Narrated Abdullah ibn Mas'ud:",
        "text": "Zaynab, the wife of Abdullah ibn Mas'ud, told that Abdullah said: I heard the Messenger of Allah (ﷺ) saying: spells, charms and love-potions are polytheism.  \n\n\n\n\n\nI asked: Why do you say this? I swear by Allah, when my eye was discharging I used to go to so-and-so, the Jew, who applied a spell to me. When he applied the spell to me, it calmed down. Abdullah said:  \n\n\n\n\n\nThat was just the work of the Devil who was picking it with his hand, and when he uttered the spell on it, he desisted. All you need to do is to say as the Messenger of Allah (ﷺ) used to say: Remove the harm, O Lord of men, and heal. Thou art the Healer. There is no remedy but Thine which leaves no disease behind."
      },
      "turkish": {
        "narrator": "Narrated Abdullah ibn Mas'ud:",
        "text": "Judamat al-Asadiyyah, Allah'ın Resulü (ﷺ) şöyle dediğini işittiğini söyledi: Hamilelikte emzirmenin yasaklanmasını istemiştim (ghailah), ama Yunanlıları ve Persleri düşündüm ve onların bunu uyguladıklarını gördüm, bu da çocuklarına herhangi bir zarar vermedi. Malik dedi ki: Ghailah, bir adamın bir kadına çocuk emzirirken cinsel ilişkiye girmesi demektir."
      }
    },
    {
      "id": 30,
      "idInBook": 30,
      "chapterId": 29,
      "bookId": 4,
      "arabic": "حَدَّثَنَا مُسَدَّدٌ، حَدَّثَنَا عَبْدُ اللَّهِ بْنُ دَاوُدَ، عَنْ مَالِكِ بْنِ مِغْوَلٍ، عَنْ حُصَيْنٍ، عَنِ الشَّعْبِيِّ، عَنْ عِمْرَانَ بْنِ حُصَيْنٍ، عَنِ النَّبِيِّ صلى الله عليه وسلم قَالَ ‏\n\"‏ لاَ رُقْيَةَ إِلاَّ مِنْ عَيْنٍ أَوْ حُمَةٍ ‏\"‏ ‏.‏",
      "english": {
        "narrator": "Narrated Imran ibn Husayn:",
        "text": "The Prophet (ﷺ) said: No spell is to be used except for the evil eye or a scorpion sting."
      },
      "turkish": {
        "narrator": "Narrated Imran ibn Husayn:",
        "text": "Abdullah ibn Mas'ud'dan rivayet edilmiştir: Abdullah ibn Mas'ud'un eşi Zaynab, Abdullah'ın şöyle dediğini aktardı: Allah'ın Resulü (ﷺ) şöyle diyordu: Büyüler, tılsımlar ve aşk iksirleri şirktir."
      }
    },
    {
      "id": 31,
      "idInBook": 31,
      "chapterId": 29,
      "bookId": 4,
      "arabic": "حَدَّثَنَا أَحْمَدُ بْنُ صَالِحٍ، وَابْنُ السَّرْحِ، - قَالَ أَحْمَدُ حَدَّثَنَا ابْنُ وَهْبٍ، وَقَالَ ابْنُ السَّرْحِ، - أَخْبَرَنَا ابْنُ وَهْبٍ، حَدَّثَنَا دَاوُدُ بْنُ عَبْدِ الرَّحْمَنِ، عَنْ عَمْرِو بْنِ يَحْيَى، عَنْ يُوسُفَ بْنِ مُحَمَّدٍ، - وَقَالَ ابْنُ صَالِحٍ مُحَمَّدِ بْنِ يُوسُفَ بْنِ ثَابِتِ بْنِ قَيْسِ بْنِ شَمَّاسٍ - عَنْ أَبِيهِ، عَنْ جَدِّهِ، عَنْ رَسُولِ اللَّهِ صلى الله عليه وسلم أَنَّهُ دَخَلَ عَلَى ثَابِتِ بْنِ قَيْسٍ - قَالَ أَحْمَدُ - وَهُوَ مَرِيضٌ فَقَالَ ‏\n\"‏ اكْشِفِ الْبَاسَ رَبَّ النَّاسِ ‏\"‏ ‏.‏ عَنْ ثَابِتِ بْنِ قَيْسٍ ثُمَّ أَخَذَ تُرَابًا مِنْ بَطْحَانَ فَجَعَلَهُ فِي قَدَحٍ ثُمَّ نَفَثَ عَلَيْهِ بِمَاءٍ وَصَبَّهُ عَلَيْهِ ‏.‏ قَالَ أَبُو دَاوُدَ قَالَ ابْنُ السَّرْحِ يُوسُفُ بْنُ مُحَمَّدٍ وَهُوَ الصَّوَابُ ‏.‏",
      "english": {
        "narrator": "Narrated Thabit ibn Qays ibn Shammas:",
        "text": "The Messenger of Allah (ﷺ) entered upon Thabit ibn Qays. The version of Ahmad (ibn Salih) has: When he was ill He (the Prophet) said: Remove the harm, O Lord of men, from Thabit ibn Qays ibn Shammas. He then took some dust of Bathan, and put it in a bowel, and then mixed it with water and blew in it, and poured it on him.\n\n\nAbu Dawud said: Ibn al-Sarh said: Yusuf bin Muhammad is correct (and not Muhammad bin Yusuf)"
      },
      "turkish": {
        "narrator": "Narrated Thabit ibn Qays ibn Shammas:",
        "text": "Thabit ibn Qays ibn Shammas'tan rivayet edilmiştir: Allah'ın Messenger'ı (ﷺ) Thabit ibn Qays'ın yanına girdi. Ahmad (ibn Salih) versiyonunda: O hasta olduğunda, O (Peygamber) dedi ki: \"Ey insanların Rabbi, Thabit ibn Qays ibn Shammas'tan zararı kaldır.\" Sonra Bathan'dan biraz toprak aldı, bir kapta karıştırdı, su ile karıştırdı ve üzerine üfledi, sonra onu üzerine döktü."
      }
    },
    {
      "id": 32,
      "idInBook": 32,
      "chapterId": 29,
      "bookId": 4,
      "arabic": "حَدَّثَنَا أَحْمَدُ بْنُ صَالِحٍ، حَدَّثَنَا ابْنُ وَهْبٍ، أَخْبَرَنِي مُعَاوِيَةُ، عَنْ عَبْدِ الرَّحْمَنِ بْنِ جُبَيْرٍ، عَنْ أَبِيهِ، عَنْ عَوْفِ بْنِ مَالِكٍ، قَالَ كُنَّا نَرْقِي فِي الْجَاهِلِيَّةِ فَقُلْنَا يَا رَسُولَ اللَّهِ كَيْفَ تَرَى فِي ذَلِكَ فَقَالَ ‏\n\"‏ اعْرِضُوا عَلَىَّ رُقَاكُمْ لاَ بَأْسَ بِالرُّقَى مَا لَمْ تَكُنْ شِرْكًا ‏\"‏ ‏.‏",
      "english": {
        "narrator": "‘Awf b. Malik said :",
        "text": "In the pre-Islamic period we used to apply spells and we asked: Messenger of Allah ! how do you look upon it ? He replied : Submit your spells to me. There is no harm in spells so long as they involve no polytheism."
      },
      "turkish": {
        "narrator": "‘Awf b. Malik said :",
        "text": "Abu Davud dedi ki: İbn al-Sarh dedi ki: Yusuf bin Muhammed doğrudur (Muhammed bin Yusuf değil)."
      }
    },
    {
      "id": 33,
      "idInBook": 33,
      "chapterId": 29,
      "bookId": 4,
      "arabic": "حَدَّثَنَا إِبْرَاهِيمُ بْنُ مَهْدِيٍّ الْمِصِّيصِيُّ، حَدَّثَنَا عَلِيُّ بْنُ مُسْهِرٍ، عَنْ عَبْدِ الْعَزِيزِ بْنِ عُمَرَ بْنِ عَبْدِ الْعَزِيزِ، عَنْ صَالِحِ بْنِ كَيْسَانَ، عَنْ أَبِي بَكْرِ بْنِ سُلَيْمَانَ بْنِ أَبِي حَثْمَةَ، عَنِ الشِّفَاءِ بِنْتِ عَبْدِ اللَّهِ، قَالَتْ دَخَلَ عَلَىَّ رَسُولُ اللَّهِ صلى الله عليه وسلم وَأَنَا عِنْدَ حَفْصَةَ فَقَالَ لِي ‏\n\"‏ أَلاَ تُعَلِّمِينَ هَذِهِ رُقْيَةَ النَّمْلَةِ كَمَا عَلَّمْتِيهَا الْكِتَابَةَ ‏\"‏ ‏.‏",
      "english": {
        "narrator": "Narrated Ash-Shifa', daughter of Abdullah,:",
        "text": "The Messenger of Allah (ﷺ) entered when I was with Hafsah, and he said to me: Why do you not teach this one the spell for skin eruptions as you taught her writing."
      },
      "turkish": {
        "narrator": "Narrated Ash-Shifa', daughter of Abdullah,:",
        "text": "---"
      }
    },
    {
      "id": 34,
      "idInBook": 34,
      "chapterId": 29,
      "bookId": 4,
      "arabic": "حَدَّثَنَا مُسَدَّدٌ، حَدَّثَنَا عَبْدُ الْوَاحِدِ بْنُ زِيَادٍ، حَدَّثَنَا عُثْمَانُ بْنُ حَكِيمٍ، حَدَّثَتْنِي جَدَّتِي الرَّبَابُ، قَالَتْ سَمِعْتُ سَهْلَ بْنَ حُنَيْفٍ، يَقُولُ مَرَرْنَا بِسَيْلٍ فَدَخَلْتُ فَاغْتَسَلْتُ فِيهِ فَخَرَجْتُ مَحْمُومًا فَنُمِيَ ذَلِكَ إِلَى رَسُولِ اللَّهِ صلى الله عليه وسلم فَقَالَ ‏\"‏ مُرُوا أَبَا ثَابِتٍ يَتَعَوَّذْ ‏\"‏ ‏.‏ قَالَتْ فَقُلْتُ يَا سَيِّدِي وَالرُّقَى صَالِحَةٌ فَقَالَ ‏\"‏ لاَ رُقْيَةَ إِلاَّ فِي نَفْسٍ أَوْ حُمَةٍ أَوْ لَدْغَةٍ ‏\"‏ ‏.‏ قَالَ أَبُو دَاوُدَ الْحُمَةُ مِنَ الْحَيَّاتِ وَمَا يَلْسَعُ ‏.‏",
      "english": {
        "narrator": "Narrated Sahl ibn Hunayf:",
        "text": "I passed by a river. I entered it and took a bath in it. When I came out, I had fever. The Messenger of Allah (ﷺ) was informed about it. He said: Ask AbuThabit to seek refuge in Allah from that I asked: O my Lord, will the spell be useful? He replied: No, the spell is to be used except for the evil eye or a snake bite or a scorpion sting.\n\n\nAbu Dawud said: Humah means the biting of snakes and sting of the poisonous insects."
      },
      "turkish": {
        "narrator": "Narrated Sahl ibn Hunayf:",
        "text": "'Awf b. Malik dedi ki: İslam öncesi dönemde büyü yapardık ve sorduk: \"Ey Allah'ın Messenger'ı! Büyü hakkında ne düşünüyorsun?\" O cevap verdi: \"Büyülerinizi bana sunun. Şirk içermediği sürece büyüde bir zarar yoktur.\""
      }
    },
    {
      "id": 35,
      "idInBook": 35,
      "chapterId": 29,
      "bookId": 4,
      "arabic": "حَدَّثَنَا سُلَيْمَانُ بْنُ دَاوُدَ، حَدَّثَنَا شَرِيكٌ، ح وَحَدَّثَنَا الْعَبَّاسُ الْعَنْبَرِيُّ، حَدَّثَنَا يَزِيدُ بْنُ هَارُونَ، أَخْبَرَنَا شَرِيكٌ، عَنِ الْعَبَّاسِ بْنِ ذَرِيحٍ، عَنِ الشَّعْبِيِّ، - قَالَ الْعَبَّاسُ - عَنْ أَنَسٍ، قَالَ قَالَ رَسُولُ اللَّهِ صلى الله عليه وسلم ‏\n\"‏ لاَ رُقْيَةَ إِلاَّ مِنْ عَيْنٍ أَوْ حُمَةٍ أَوْ دَمٍ يَرْقَأُ ‏\"‏ ‏.‏ لَمْ يَذْكُرِ الْعَبَّاسُ الْعَيْنَ وَهَذَا لَفْظُ سُلَيْمَانَ بْنِ دَاوُدَ ‏.‏",
      "english": {
        "narrator": "Anas reported the Prophet (ﷺ) as saying :",
        "text": "No spell is to be used except for the evil eye, or sting of  poisonous insects, or bleeding. The narrator al-‘Abhas did mention the words “evil eye”. The is the version of Sulaiman b. Dawud."
      },
      "turkish": {
        "narrator": "Anas reported the Prophet (ﷺ) as saying :",
        "text": "---"
      }
    },
    {
      "id": 36,
      "idInBook": 36,
      "chapterId": 29,
      "bookId": 4,
      "arabic": "حَدَّثَنَا مُسَدَّدٌ، حَدَّثَنَا عَبْدُ الْوَارِثِ، عَنْ عَبْدِ الْعَزِيزِ بْنِ صُهَيْبٍ، قَالَ قَالَ أَنَسٌ - يَعْنِي - لِثَابِتٍ أَلاَ أَرْقِيكَ بِرُقْيَةِ رَسُولِ اللَّهِ قَالَ بَلَى ‏.‏ قَالَ فَقَالَ ‏\n\"‏ اللَّهُمَّ رَبَّ النَّاسِ مُذْهِبَ الْبَاسِ اشْفِ أَنْتَ الشَّافِي لاَ شَافِيَ إِلاَّ أَنْتَ اشْفِهِ شِفَاءً لاَ يُغَادِرُ سَقَمًا ‏\"‏ ‏.‏",
      "english": {
        "narrator": "Anas said to Thabit :",
        "text": "Should I not use the spell of the Messenger of Allah (ﷺ) for you ? He said : Yes. He then said : O Allah, Lord of men, Remover of the harm, heal, Thou art the healer. There is no healer but Thou; given him a remedy which leaves no disease behind."
      },
      "turkish": {
        "narrator": "Anas said to Thabit :",
        "text": "Ash-Shifa', Abdullah'ın kızı, şöyle rivayet etmiştir: Allah'ın Messenger'ı (ﷺ) ben Hafsah ile birlikteyken girdi ve bana dedi ki: \"Neden bu kıza yazmayı öğrettiğin gibi, ciltteki döküntüler için büyüyü öğretmiyorsun?\""
      }
    },
    {
      "id": 37,
      "idInBook": 37,
      "chapterId": 29,
      "bookId": 4,
      "arabic": "حَدَّثَنَا عَبْدُ اللَّهِ الْقَعْنَبِيُّ، عَنْ مَالِكٍ، عَنْ يَزِيدَ بْنِ خُصَيْفَةَ، أَنَّ عَمْرَو بْنَ عَبْدِ اللَّهِ بْنِ كَعْبٍ السُّلَمِيَّ، أَخْبَرَهُ أَنَّ نَافِعَ بْنَ جُبَيْرٍ أَخْبَرَهُ عَنْ عُثْمَانَ بْنِ أَبِي الْعَاصِ، أَنَّهُ أَتَى النَّبِيَّ صلى الله عليه وسلم قَالَ عُثْمَانُ وَبِي وَجَعٌ قَدْ كَادَ يُهْلِكُنِي قَالَ فَقَالَ رَسُولُ اللَّهِ صلى الله عليه وسلم ‏\n\"‏ امْسَحْهُ بِيَمِينِكَ سَبْعَ مَرَّاتٍ وَقُلْ أَعُوذُ بِعِزَّةِ اللَّهِ وَقُدْرَتِهِ مِنْ شَرِّ مَا أَجِدُ ‏\"‏ ‏.‏ قَالَ فَفَعَلْتُ ذَلِكَ فَأَذْهَبَ اللَّهُ عَزَّ وَجَلَّ مَا كَانَ بِي فَلَمْ أَزَلْ آمُرُ بِهِ أَهْلِي وَغَيْرَهُمْ ‏.‏",
      "english": {
        "narrator": "‘Uthman b. Abl al-As said that he came to the Messenger of Allah (ﷺ). ‘Uthman said :",
        "text": "I had a pain which was about to destroy me. So the Prophet (ﷺ) said : Wipe it with your right hand seven times and say : “I seek refuge in the dominance of Allah, and His might from the evil of  what I find.” Then I did it. Allah removed (the pain) that I had, and I kept on suggesting it to my family and to others."
      },
      "turkish": {
        "narrator": "‘Uthman b. Abl al-As said that he came to the Messenger of Allah (ﷺ). ‘Uthman said :",
        "text": "---"
      }
    },
    {
      "id": 38,
      "idInBook": 38,
      "chapterId": 29,
      "bookId": 4,
      "arabic": "حَدَّثَنَا يَزِيدُ بْنُ خَالِدِ بْنِ مَوْهَبٍ الرَّمْلِيُّ، حَدَّثَنَا اللَّيْثُ، عَنْ زِيَادِ بْنِ مُحَمَّدٍ، عَنْ مُحَمَّدِ بْنِ كَعْبٍ الْقُرَظِيِّ، عَنْ فَضَالَةَ بْنِ عُبَيْدٍ، عَنْ أَبِي الدَّرْدَاءِ، قَالَ سَمِعْتُ رَسُولَ اللَّهِ صلى الله عليه وسلم يَقُولُ ‏\n\"‏ مَنِ اشْتَكَى مِنْكُمْ شَيْئًا أَوِ اشْتَكَاهُ أَخٌ لَهُ فَلْيَقُلْ رَبُّنَا اللَّهُ الَّذِي فِي السَّمَاءِ تَقَدَّسَ اسْمُكَ أَمْرُكَ فِي السَّمَاءِ وَالأَرْضِ كَمَا رَحْمَتُكَ فِي السَّمَاءِ فَاجْعَلْ رَحْمَتَكَ فِي الأَرْضِ اغْفِرْ لَنَا حُوبَنَا وَخَطَايَانَا أَنْتَ رَبُّ الطَّيِّبِينَ أَنْزِلْ رَحْمَةً مِنْ رَحْمَتِكَ وَشِفَاءً مِنْ شِفَائِكَ عَلَى هَذَا الْوَجَعِ فَيَبْرَأُ ‏\"‏ ‏.‏",
      "english": {
        "narrator": "Narrated AbudDarda':",
        "text": "I heard the Messenger of Allah (ﷺ) say: If any of you is suffering from anything or his brother is suffering, he should say: Our Lord is Allah Who is in the heaven, holy is Thy name, Thy command reigns supreme in the heaven and the earth, as Thy mercy in the heaven, make Thy mercy  in the earth; forgive us our sins, and our errors; Thou art the Lord of good men; send down mercy from Thy mercy, and remedy, and remedy from Thy remedy on this pain so that it is healed up."
      },
      "turkish": {
        "narrator": "Narrated AbudDarda':",
        "text": "Sahl ibn Hunayf rivayet etti: Bir nehrin yanından geçtim. İçine girdim ve orada yıkanıp çıktım. Dışarı çıktığımda ateşim vardı. Allah'ın Messenger'ına (ﷺ) bildirildi. O dedi ki: \"Abu Thabit'e Allah'a sığınmasını iste.\" Ben sordum: \"Ey Rabbim, bu büyü faydalı olur mu?\" O cevap verdi: \"Hayır, büyü sadece nazar, yılan ısırığı veya akrep sokması için kullanılır.\""
      }
    },
    {
      "id": 39,
      "idInBook": 39,
      "chapterId": 29,
      "bookId": 4,
      "arabic": "حَدَّثَنَا مُوسَى بْنُ إِسْمَاعِيلَ، حَدَّثَنَا حَمَّادٌ، عَنْ مُحَمَّدِ بْنِ إِسْحَاقَ، عَنْ عَمْرِو بْنِ شُعَيْبٍ، عَنْ أَبِيهِ، عَنْ جَدِّهِ، أَنَّ رَسُولَ اللَّهِ صلى الله عليه وسلم كَانَ يُعَلِّمُهُمْ مِنَ الْفَزَعِ كَلِمَاتٍ ‏\n\"‏ أَعُوذُ بِكَلِمَاتِ اللَّهِ التَّامَّةِ مِنْ غَضَبِهِ وَشَرِّ عِبَادِهِ وَمِنْ هَمَزَاتِ الشَّيَاطِينِ وَأَنْ يَحْضُرُونِ ‏\"‏ ‏.‏ وَكَانَ عَبْدُ اللَّهِ بْنُ عَمْرٍو يُعَلِّمُهُنَّ مَنْ عَقَلَ مِنْ بَنِيهِ وَمَنْ لَمْ يَعْقِلْ كَتَبَهُ فَأَعْلَقَهُ عَلَيْهِ ‏.‏",
      "english": {
        "narrator": "Narrated Abdullah ibn Amr ibn al-'As:",
        "text": "The Messenger of Allah (ﷺ) sued to teach them the following words in the case of alarm: I seek refuge in Allah's perfect words from His anger, the evil of His servants, the evil suggestions of the devils and their presence. Abdullah ibn Amr used to teach them to those of his children who had reached puberty, and he wrote them down (on some material) and hung on the child who had not reached puberty."
      },
      "turkish": {
        "narrator": "Narrated Abdullah ibn Amr ibn al-'As:",
        "text": "Abu Davud dedi ki: Humah, yılan ısırığı ve zehirli böcek sokması anlamına gelir."
      }
    },
    {
      "id": 40,
      "idInBook": 40,
      "chapterId": 29,
      "bookId": 4,
      "arabic": "حَدَّثَنَا أَحْمَدُ بْنُ أَبِي سُرَيْجٍ الرَّازِيُّ، أَخْبَرَنَا مَكِّيُّ بْنُ إِبْرَاهِيمَ، حَدَّثَنَا يَزِيدُ بْنُ أَبِي عُبَيْدٍ، قَالَ رَأَيْتُ أَثَرَ ضَرْبَةٍ فِي سَاقِ سَلَمَةَ فَقُلْتُ مَا هَذِهِ قَالَ أَصَابَتْنِي يَوْمَ خَيْبَرَ فَقَالَ النَّاسُ أُصِيبَ سَلَمَةُ فَأُتِيَ بِي رَسُولُ اللَّهِ صلى الله عليه وسلم فَنَفَثَ فِيَّ ثَلاَثَ نَفَثَاتٍ فَمَا اشْتَكَيْتُهَا حَتَّى السَّاعَةِ ‏.‏",
      "english": {
        "narrator": "Yazid b. Abi ‘Ubaid said :",
        "text": "I saw a sign of injury in the shin of Salamah. I asked : What is this ? He replied : I was afflicted. I was afflicted by it on the day of Khaibar. The people said : Salamah has been afflicted. I was then brought to the Prophet (ﷺ). He blew on me three times. I did not feel any pain up till now."
      },
      "turkish": {
        "narrator": "Yazid b. Abi ‘Ubaid said :",
        "text": "---"
      }
    },
    {
      "id": 41,
      "idInBook": 41,
      "chapterId": 29,
      "bookId": 4,
      "arabic": "حَدَّثَنَا زُهَيْرُ بْنُ حَرْبٍ، وَعُثْمَانُ بْنُ أَبِي شَيْبَةَ، قَالاَ حَدَّثَنَا سُفْيَانُ بْنُ عُيَيْنَةَ، عَنْ عَبْدِ رَبِّهِ، - يَعْنِي ابْنَ سَعِيدٍ - عَنْ عَمْرَةَ، عَنْ عَائِشَةَ، قَالَتْ كَانَ النَّبِيُّ صلى الله عليه وسلم يَقُولُ لِلإِنْسَانِ إِذَا اشْتَكَى يَقُولُ بِرِيقِهِ ثُمَّ قَالَ بِهِ فِي التُّرَابِ ‏\n\"‏ تُرْبَةُ أَرْضِنَا بِرِيقَةِ بَعْضِنَا يُشْفَى سَقِيمُنَا بِإِذْنِ رَبِّنَا ‏\"‏ ‏.‏",
      "english": {
        "narrator": "‘A’ishah said :",
        "text": "When a man complained of pain the Prophet (ﷺ) said to him pointing to his saliva and mixing it with dust :(This is) the dust of our earth, mixed with saliva of us, so that our sick is remedied with the permission of our lord."
      },
      "turkish": {
        "narrator": "‘A’ishah said :",
        "text": "Anas, Peygamber'in (ﷺ) şöyle dediğini bildirdi: \"Zarar vermek için büyü kullanılmaz, sadece nazar, zehirli böcek sokması veya kanama için kullanılır.\" Rivayet eden al-'Abhas, \"nazar\" kelimelerini de zikretmiştir. Bu, Süleyman b. Davud'un versiyonudur."
      }
    },
    {
      "id": 42,
      "idInBook": 42,
      "chapterId": 29,
      "bookId": 4,
      "arabic": "حَدَّثَنَا مُسَدَّدٌ، حَدَّثَنَا يَحْيَى، عَنْ زَكَرِيَّا، قَالَ حَدَّثَنِي عَامِرٌ، عَنْ خَارِجَةَ بْنِ الصَّلْتِ التَّمِيمِيِّ، عَنْ عَمِّهِ، أَنَّهُ أَتَى رَسُولَ اللَّهِ صلى الله عليه وسلم فَأَسْلَمَ ثُمَّ أَقْبَلَ رَاجِعًا مِنْ عِنْدِهِ فَمَرَّ عَلَى قَوْمٍ عِنْدَهُمْ رَجُلٌ مَجْنُونٌ مُوثَقٌ بِالْحَدِيدِ فَقَالَ أَهْلُهُ إِنَّا حُدِّثْنَا أَنَّ صَاحِبَكُمْ هَذَا قَدْ جَاءَ بِخَيْرٍ فَهَلْ عِنْدَكَ شَىْءٌ تُدَاوِيهِ فَرَقَيْتُهُ بِفَاتِحَةِ الْكِتَابِ فَبَرَأَ فَأَعْطُونِي مِائَةَ شَاةٍ فَأَتَيْتُ رَسُولَ اللَّهِ صلى الله عليه وسلم فَأَخْبَرْتُهُ فَقَالَ ‏\"‏ هَلْ إِلاَّ هَذَا ‏\"‏ ‏.‏ وَقَالَ مُسَدَّدٌ فِي مَوْضِعٍ آخَرَ ‏\"‏ هَلْ قُلْتَ غَيْرَ هَذَا ‏\"‏ ‏.‏ قُلْتُ لاَ ‏.‏ قَالَ ‏\"‏ خُذْهَا فَلَعَمْرِي لَمَنْ أَكَلَ بِرُقْيَةِ بَاطِلٍ لَقَدْ أَكَلْتَ بِرُقْيَةِ حَقٍّ ‏\"‏ ‏.‏",
      "english": {
        "narrator": "Narrated Alaqah ibn Sahar at-Tamimi:",
        "text": "Alaqah came to the Messenger of Allah (ﷺ) and embraced Islam. He then came back from him and passed some people who had a lunatic fettered in chains.  \n\n\n\n\n\nHis people said: We are told that your companion has brought some good. Have you something with which you can cure him? I then recited Surat al-Fatihah and he was cured. They gave me one hundred sheep. I then came to the Messenger of Allah (ﷺ) and informed him of it.  \n\n\n\n\n\nHe asked: Is it only this? The narrator, Musaddad, said in his other version: Did you say anything other than this?  I said: No.  He said: Take it, for by my life, some accept if for a worthless chain, but you have done so for a genuine one."
      },
      "turkish": {
        "narrator": "Narrated Alaqah ibn Sahar at-Tamimi:",
        "text": "---"
      }
    },
    {
      "id": 43,
      "idInBook": 43,
      "chapterId": 29,
      "bookId": 4,
      "arabic": "حَدَّثَنَا عُبَيْدُ اللَّهِ بْنُ مُعَاذٍ، حَدَّثَنَا أَبِي ح، وَحَدَّثَنَا ابْنُ بَشَّارٍ، حَدَّثَنَا ابْنُ جَعْفَرٍ، حَدَّثَنَا شُعْبَةُ، عَنْ عَبْدِ اللَّهِ بْنِ أَبِي السَّفَرِ، عَنِ الشَّعْبِيِّ، عَنْ خَارِجَةَ بْنِ الصَّلْتِ، عَنْ عَمِّهِ، أَنَّهُ مَرَّ - قَالَ - فَرَقَاهُ بِفَاتِحَةِ الْكِتَابِ ثَلاَثَةَ أَيَّامٍ غُدْوَةً وَعَشِيَّةً كُلَّمَا خَتَمَهَا جَمَعَ بُزَاقَهُ ثُمَّ تَفَلَ فَكَأَنَّمَا أُنْشِطَ مِنْ عِقَالٍ فَأَعْطَوْهُ شَيْئًا فَأَتَى النَّبِيَّ صلى الله عليه وسلم ثُمَّ ذَكَرَ مَعْنَى حَدِيثِ مُسَدَّدٍ ‏.‏",
      "english": {
        "narrator": "Kharijah b. al-Salt quoted his parental uncle as saying that he passed (some people) :",
        "text": "He recited Surat al-Fatihah over him for three days morning and evening. Whenever he finished it, he collected some of his saliva and spat it out, and he seemed as if he were set free from a bond. They gave him something as payment. He then came to the Prophet (ﷺ). He then transmitted the rest of the tradition to the same effect as Musaddad narrated."
      },
      "turkish": {
        "narrator": "Kharijah b. al-Salt quoted his parental uncle as saying that he passed (some people) :",
        "text": "Anas, Thabit'e dedi ki: \"Allah'ın Messenger'ının (ﷺ) büyüsünü senin için kullanmayacak mıyım?\" O dedi ki: \"Evet.\" Sonra dedi: \"Ey Allah, insanların Rabbi, zararı kaldıran, şifa ver, sen şifacısın. Senin dışında şifa veren yoktur; ona, geride hastalık bırakmayan bir ilaç ver.\""
      }
    },
    {
      "id": 44,
      "idInBook": 44,
      "chapterId": 29,
      "bookId": 4,
      "arabic": "حَدَّثَنَا أَحْمَدُ بْنُ يُونُسَ، حَدَّثَنَا زُهَيْرٌ، حَدَّثَنَا سُهَيْلُ بْنُ أَبِي صَالِحٍ، عَنْ أَبِيهِ، قَالَ سَمِعْتُ رَجُلاً، مِنْ أَسْلَمَ قَالَ كُنْتُ جَالِسًا عِنْدَ رَسُولِ اللَّهِ صلى الله عليه وسلم فَجَاءَ رَجُلٌ مِنْ أَصْحَابِهِ فَقَالَ يَا رَسُولَ اللَّهِ لُدِغْتُ اللَّيْلَةَ فَلَمْ أَنَمْ حَتَّى أَصْبَحْتُ ‏.‏ قَالَ ‏\"‏ مَاذَا ‏\"‏ ‏.‏ قَالَ عَقْرَبٌ ‏.‏ قَالَ ‏\"‏ أَمَا إِنَّكَ لَوْ قُلْتَ حِينَ أَمْسَيْتَ أَعُوذُ بِكَلِمَاتِ اللَّهِ التَّامَّاتِ مِنْ شَرِّ مَا خَلَقَ لَمْ تَضُرَّكَ إِنْ شَاءَ اللَّهُ ‏\"‏ ‏.‏",
      "english": {
        "narrator": "Narrated AbuSalih Zakwan as-Samman:",
        "text": "A man from Aslam tribe said: I was sitting with the Messenger of Allah (ﷺ). A man from among his Companions came and said: Messenger of Allah! I have been stung last night, and I could not sleep till morning. He asked: What was that? He replied: A scorpion. \n\n\n\n\n\nHe said: Oh, had you said in the evening: \"I take refuge in the perfect words of Allah from the evil of what He created,\" nothing would have harmed you, Allah willing."
      },
      "turkish": {
        "narrator": "Narrated AbuSalih Zakwan as-Samman:",
        "text": "---"
      }
    },
    {
      "id": 45,
      "idInBook": 45,
      "chapterId": 29,
      "bookId": 4,
      "arabic": "حَدَّثَنَا حَيْوَةُ بْنُ شُرَيْحٍ، حَدَّثَنَا بَقِيَّةُ، حَدَّثَنِي الزُّبَيْدِيُّ، عَنِ الزُّهْرِيِّ، عَنْ طَارِقٍ، - يَعْنِي ابْنَ مُخَاشِنٍ - عَنْ أَبِي هُرَيْرَةَ، قَالَ أُتِيَ النَّبِيُّ صلى الله عليه وسلم بِلَدِيغٍ لَدَغَتْهُ عَقْرَبٌ قَالَ فَقَالَ ‏\"‏ لَوْ قَالَ أَعُوذُ بِكَلِمَاتِ اللَّهِ التَّامَّةِ مِنْ شَرِّ مَا خَلَقَ لَمْ يُلْدَغْ ‏\"‏ ‏.‏ أَوْ ‏\"‏ لَمْ تَضُرَّهُ ‏\"‏ ‏.‏",
      "english": {
        "narrator": "Narrated AbuHurayrah:",
        "text": "A man who was stung by a scorpion was brought to the Prophet (ﷺ). He said: Had he said the word: \"I seek refuge in the perfect words of Allah from the evil of what He created, \"he would not have been stung, or he said, \"It would not have harmed him.\""
      },
      "turkish": {
        "narrator": "Narrated AbuHurayrah:",
        "text": "'Uthman b. Abl al-As, Allah'ın Messenger'ına (ﷺ) geldiğini söyledi. 'Uthman dedi ki: \"Beni yok edecek bir ağrım vardı.\" Bunun üzerine Peygamber (ﷺ) dedi ki: \"Sağ elinle üzerine yedi kez sil ve de ki: 'Ben Allah'ın kudretine ve gücüne sığınırım, bulduğum şeylerin şerrinden.'\" Sonra bunu yaptım. Allah, bende olan (ağrıyı) kaldırdı ve bunu aileme ve diğerlerine tavsiye etmeye devam ettim."
      }
    },
    {
      "id": 46,
      "idInBook": 46,
      "chapterId": 29,
      "bookId": 4,
      "arabic": "حَدَّثَنَا مُسَدَّدٌ، حَدَّثَنَا أَبُو عَوَانَةَ، عَنْ أَبِي بِشْرٍ، عَنْ أَبِي الْمُتَوَكِّلِ، عَنْ أَبِي سَعِيدٍ الْخُدْرِيِّ، أَنَّ رَهْطًا، مِنْ أَصْحَابِ النَّبِيِّ صلى الله عليه وسلم انْطَلَقُوا فِي سَفْرَةٍ سَافَرُوهَا فَنَزَلُوا بِحَىٍّ مِنْ أَحْيَاءِ الْعَرَبِ فَقَالَ بَعْضُهُمْ إِنَّ سَيِّدَنَا لُدِغَ فَهَلْ عِنْدَ أَحَدٍ مِنْكُمْ شَىْءٌ يَنْفَعُ صَاحِبَنَا فَقَالَ رَجُلٌ مِنَ الْقَوْمِ نَعَمْ وَاللَّهِ إِنِّي لأَرْقِي وَلَكِنِ اسْتَضَفْنَاكُمْ فَأَبَيْتُمْ أَنْ تُضَيِّفُونَا مَا أَنَا بِرَاقٍ حَتَّى تَجْعَلُوا لِي جُعْلاً ‏.‏ فَجَعَلُوا لَهُ قَطِيعًا مِنَ الشَّاءِ فَأَتَاهُ فَقَرَأَ عَلَيْهِ أُمَّ الْكِتَابِ وَيَتْفُلُ حَتَّى بَرَأَ كَأَنَّمَا أُنْشِطَ مِنْ عِقَالٍ ‏.‏ قَالَ فَأَوْفَاهُمْ جُعْلَهُمُ الَّذِي صَالَحُوهُمْ عَلَيْهِ فَقَالُوا اقْتَسِمُوا ‏.‏ فَقَالَ الَّذِي رَقَى لاَ تَفْعَلُوا حَتَّى نَأْتِيَ رَسُولَ اللَّهِ صلى الله عليه وسلم فَنَسْتَأْمِرَهُ ‏.‏ فَغَدَوْا عَلَى رَسُولِ اللَّهِ صلى الله عليه وسلم فَذَكَرُوا لَهُ فَقَالَ رَسُولُ اللَّهِ صلى الله عليه وسلم ‏\n\"‏ مِنْ أَيْنَ عَلِمْتُمْ أَنَّهَا رُقْيَةٌ أَحْسَنْتُمُ اقْتَسِمُوا وَاضْرِبُوا لِي مَعَكُمْ بِسَهْمٍ ‏\"‏ ‏.‏",
      "english": {
        "narrator": "Abu Sa’d al-KHudri said :",
        "text": "Some of the Companions of the Prophet (ﷺ) went on a journey. They alighted with a certain clan of the Arabs. Someone of them said : Our chief has been stung by a scorpion or bitten by a snake. Has any of you something which gives relief to our chief? A man of the people said : Yes, I swear by Allah. I shall apply charm ; but we asked you for hospitality and you denied it to us. I shall not apply charm until you give me some payment. So they promised to give some sheep to him. He came to him and recited Surat al-Fatihah over him and spat till he was cured, and ha seemed as if he were set free from a bond. So they gave him the payment that was agreed between them. They said : Apportion them. The man who applied charm said : Do not do it until we approach the Apostle of allah (ﷺ) said: From where did you learn that it was a charm ? you have done right. Apportion them, and give me a share along with you."
      },
      "turkish": {
        "narrator": "Abu Sa’d al-KHudri said :",
        "text": "Ebu Sa’d el-Hudri dedi ki: Peygamber (ﷺ) arkadaşlarından bazıları bir yolculuğa çıktılar. Bir Arap kabilesinin yanına indiler. İçlerinden biri dedi ki: Bizim liderimiz akrep tarafından sokuldu ya da yılan tarafından ısırıldı. İçinizde liderimize şifa verecek bir şey olan var mı? Halktan biri dedi ki: Evet, Allah'a yemin ederim. Ben bir büyü yapacağım; ama sizden misafirperverlik istedik, onu bize vermediniz. Ben büyü yapmam, önce bana bir ödeme yapmalısınız. Bunun üzerine ona birkaç koyun vermeyi taahhüt ettiler. Adam yanına geldi ve ona Fatiha Suresi’ni okudu ve tükürdü, o da sanki bir bağdan kurtulmuş gibi oldu. Böylece, aralarında anlaşılan ödemeyi ona verdiler. Dediler ki: Onları paylaştır. Büyü yapan adam dedi ki: Bunu yapmayın, önce Allah'ın Elçisi (ﷺ) ile görüşelim. O da: Nereden öğrendin ki bu bir büyü? Doğru yaptın. Paylaştırın, bana da sizinle birlikte bir pay verin."
      }
    },
    {
      "id": 47,
      "idInBook": 47,
      "chapterId": 29,
      "bookId": 4,
      "arabic": "حَدَّثَنَا عُبَيْدُ اللَّهِ بْنُ مُعَاذٍ، حَدَّثَنَا أَبِي ح، وَحَدَّثَنَا ابْنُ بَشَّارٍ، حَدَّثَنَا مُحَمَّدُ بْنُ جَعْفَرٍ، قَالَ حَدَّثَنَا شُعْبَةُ، عَنْ عَبْدِ اللَّهِ بْنِ أَبِي السَّفَرِ، عَنِ الشَّعْبِيِّ، عَنْ خَارِجَةَ بْنِ الصَّلْتِ التَّمِيمِيِّ، عَنْ عَمِّهِ، قَالَ أَقْبَلْنَا مِنْ عِنْدِ رَسُولِ اللَّهِ صلى الله عليه وسلم فَأَتَيْنَا عَلَى حَىٍّ مِنَ الْعَرَبِ فَقَالُوا إِنَّا أُنْبِئْنَا أَنَّكُمْ جِئْتُمْ مِنْ عِنْدِ هَذَا الرَّجُلِ بِخَيْرٍ فَهَلْ عِنْدَكُمْ مِنْ دَوَاءٍ أَوْ رُقْيَةٍ فَإِنَّ عِنْدَنَا مَعْتُوهًا فِي الْقُيُودِ قَالَ فَقُلْنَا نَعَمْ ‏.‏ قَالَ فَجَاءُوا بِمَعْتُوهٍ فِي الْقُيُودِ - قَالَ - فَقَرَأْتُ عَلَيْهِ فَاتِحَةَ الْكِتَابِ ثَلاَثَةَ أَيَّامٍ غُدْوَةً وَعَشِيَّةً كُلَّمَا خَتَمْتُهَا أَجْمَعُ بُزَاقِي ثُمَّ أَتْفُلُ فَكَأَنَّمَا نُشِطَ مِنْ عِقَالٍ قَالَ فَأَعْطَوْنِي جُعْلاً فَقُلْتُ لاَ حَتَّى أَسْأَلَ رَسُولَ اللَّهِ صلى الله عليه وسلم فَقَالَ ‏\n\"‏ كُلْ فَلَعَمْرِي مَنْ أَكَلَ بِرُقْيَةِ بَاطِلٍ لَقَدْ أَكَلْتَ بِرُقْيَةِ حَقٍّ ‏\"‏ ‏.‏",
      "english": {
        "narrator": "Narrated Alaqah ibn Sahar at-Tamimi:",
        "text": "We proceeded from the Messenger of Allah (ﷺ) and came to a clan of the Arabs.  \n\n\n\n\n\nThey said: We have been told that you have brought what is good from this man. Have you any medicine or a charm, for we have a lunatic in chains?  \n\n\n\n\n\nWe said: Yes. Then they brought a lunatic in chains.  He said: I recited Surat al-Fatihah over him for three days, morning and evening. Whenever I finished it, I would collect my saliva and spit it out, and he seemed as if he were set free from a bond. He said: They gave me some payment, but I said: No, not until I ask the Messenger of Allah (ﷺ).  \n\n\n\n\n\nHe (the Prophet) said: Accept it, for, by my life, some accept it for a worthless charm, but you have done so for a genuine one."
      },
      "turkish": {
        "narrator": "Narrated Alaqah ibn Sahar at-Tamimi:",
        "text": "---"
      }
    },
    {
      "id": 48,
      "idInBook": 48,
      "chapterId": 29,
      "bookId": 4,
      "arabic": "حَدَّثَنَا الْقَعْنَبِيُّ، عَنْ مَالِكٍ، عَنِ ابْنِ شِهَابٍ، عَنْ عُرْوَةَ، عَنْ عَائِشَةَ، زَوْجِ النَّبِيِّ صلى الله عليه وسلم أَنَّ رَسُولَ اللَّهِ صلى الله عليه وسلم كَانَ إِذَا اشْتَكَى يَقْرَأُ فِي نَفْسِهِ بِالْمُعَوِّذَاتِ وَيَنْفُثُ فَلَمَّا اشْتَدَّ وَجَعُهُ كُنْتُ أَقْرَأُ عَلَيْهِ وَأَمْسَحُ عَلَيْهِ بِيَدِهِ رَجَاءَ بَرَكَتِهَا ‏.‏",
      "english": {
        "narrator": "Narrated A'ishah:",
        "text": "the wife of Prophet (ﷺ) said: When the Messenger of Allah (ﷺ) suffered from some pain, he recited mu'awwadhat in his heart and blew (them over him). When the pain became severe, I recited (them) over him and wiped him with his hand in the hope of its blessing."
      },
      "turkish": {
        "narrator": "Narrated A'ishah:",
        "text": "Alaka ibn Sahar et-Tamimi rivayet etti: Biz Allah'ın Elçisi (ﷺ) ile yola çıktık ve bir Arap kabilesine geldik."
      }
    },
    {
      "id": 49,
      "idInBook": 49,
      "chapterId": 29,
      "bookId": 4,
      "arabic": "حَدَّثَنَا مُحَمَّدُ بْنُ يَحْيَى بْنِ فَارِسٍ، حَدَّثَنَا نُوحُ بْنُ يَزِيدَ بْنِ سَيَّارٍ، حَدَّثَنَا إِبْرَاهِيمُ بْنُ سَعْدٍ، عَنْ مُحَمَّدِ بْنِ إِسْحَاقَ، عَنْ هِشَامِ بْنِ عُرْوَةَ، عَنْ أَبِيهِ، عَنْ عَائِشَةَ، رضى الله عنها قَالَتْ أَرَادَتْ أُمِّي أَنْ تُسَمِّنِّي لِدُخُولِي عَلَى رَسُولِ اللَّهِ صلى الله عليه وسلم فَلَمْ أَقْبَلْ عَلَيْهَا بِشَىْءٍ مِمَّا تُرِيدُ حَتَّى أَطْعَمَتْنِي الْقِثَّاءَ بِالرُّطَبِ فَسَمِنْتُ عَلَيْهِ كَأَحْسَنِ السِّمَنِ ‏.‏",
      "english": {
        "narrator": "Narrated Aisha, Ummul Mu'minin:",
        "text": "My mother intended to make me gain weight to send me to the (house of) the Messenger of Allah (ﷺ). But nothing which she desired benefited me till she gave me cucumber with fresh dates to eat. Then I gained as much weight (as she desired)."
      },
      "turkish": {
        "narrator": "Narrated Aisha, Ummul Mu'minin:",
        "text": "Onlar dediler: Biz, bu adamdan iyi bir şey getirdiğinizi duyduk. Sizin herhangi bir ilacınız ya da bir büyünüz var mı, çünkü zincirlenmiş bir deli var?"
      }
    }
  ],
  "chapter": {
    "id": 29,
    "bookId": 4,
    "arabic": "كتاب الطب",
    "english": "Medicine (Kitab Al-Tibb)"
  }
}