{
  "metadata": {
    "length": 22,
    "arabic": {
      "title": "سنن أبي داود",
      "author": "الإمام سليمان بن الأشعث أبو داود السجستاني",
      "introduction": "كتاب الكهانة و التطير"
    },
    "english": {
      "title": "Sunan Abi Dawud",
      "author": "Imam Sulayman ibn al-Ash'ath Abu Dawud al-Sijistani",
      "introduction": "Divination and Omens (Kitab Al-Kahanah Wa Al-Tatayyur)"
    }
  },
  "hadiths": [
    {
      "id": 1,
      "idInBook": 1,
      "chapterId": 30,
      "bookId": 4,
      "arabic": "حَدَّثَنَا مُوسَى بْنُ إِسْمَاعِيلَ، حَدَّثَنَا حَمَّادٌ، ح وَحَدَّثَنَا مُسَدَّدٌ، حَدَّثَنَا يَحْيَى، عَنْ حَمَّادِ بْنِ سَلَمَةَ، عَنْ حَكِيمٍ الأَثْرَمِ، عَنْ أَبِي تَمِيمَةَ، عَنْ أَبِي هُرَيْرَةَ، أَنَّ رَسُولَ اللَّهِ صلى الله عليه وسلم قَالَ ‏\"‏ مَنْ أَتَى كَاهِنًا ‏\"‏ ‏.‏ قَالَ مُوسَى فِي حَدِيثِهِ ‏\"‏ فَصَدَّقَهُ بِمَا يَقُولُ ‏\"‏ ‏.‏ ثُمَّ اتَّفَقَا ‏\"‏ أَوْ أَتَى امْرَأَةً ‏\"‏ ‏.‏ قَالَ مُسَدَّدٌ ‏\"‏ امْرَأَتَهُ حَائِضًا أَوْ أَتَى امْرَأَةً ‏\"‏ ‏.‏ قَالَ مُسَدَّدٌ ‏\"‏ امْرَأَتَهُ فِي دُبُرِهَا فَقَدْ بَرِئَ مِمَّا أَنْزَلَ اللَّهُ عَلَى مُحَمَّدٍ ‏\"‏ ‏.‏",
      "english": {
        "narrator": "Narrated AbuHurayrah:",
        "text": "The Prophet (ﷺ) said: If anyone resorts to a diviner and believes in what he says (according) to the version of Musa), or has intercourse with his wife (according to the agreed version) when she is menstruating, or has intercourse with his wife through her anus, he has nothing to do with what has been sent down to Muhammad (ﷺ) - according to the version of Musaddad."
      },
      "turkish": {
        "narrator": "Narrated AbuHurayrah:",
        "text": "Abu Hurayra'dan rivayet edilmiştir: Peygamber (ﷺ) şöyle buyurdu: Eğer birisi bir falcıya gider ve onun söylediklerine inanırsa (Musa'nın rivayetine göre), ya da eşi adetliyken onunla cinsel ilişkiye girerse, ya da eşinin anüsünden cinsel ilişkiye girerse, o kişinin Muhammad'a (ﷺ) indirilene dair hiçbir şeyi yoktur - Musaddad'ın rivayetine göre."
      }
    },
    {
      "id": 2,
      "idInBook": 2,
      "chapterId": 30,
      "bookId": 4,
      "arabic": "حَدَّثَنَا أَبُو بَكْرِ بْنُ أَبِي شَيْبَةَ، وَمُسَدَّدٌ، - الْمَعْنَى - قَالاَ حَدَّثَنَا يَحْيَى، عَنْ عُبَيْدِ اللَّهِ بْنِ الأَخْنَسِ، عَنِ الْوَلِيدِ بْنِ عَبْدِ اللَّهِ، عَنْ يُوسُفَ بْنِ مَاهَكَ، عَنِ ابْنِ عَبَّاسٍ، قَالَ قَالَ رَسُولُ اللَّهِ صلى الله عليه وسلم ‏\n\"‏ مَنِ اقْتَبَسَ عِلْمًا مِنَ النُّجُومِ اقْتَبَسَ شُعْبَةً مِنَ السِّحْرِ زَادَ مَا زَادَ ‏\"‏ ‏.‏",
      "english": {
        "narrator": "Narrated Abdullah ibn Abbas:",
        "text": "The Prophet (ﷺ) said: If anyone acquires any knowledge of astrology, he acquires a branch of magic of which he gets more as long as he continues to do so."
      },
      "turkish": {
        "narrator": "Narrated Abdullah ibn Abbas:",
        "text": "Abdullah ibn Abbas'tan rivayet edilmiştir: Peygamber (ﷺ) şöyle buyurdu: Eğer birisi astroloji ile ilgili herhangi bir bilgi edinirse, o sihirin bir dalını edinmiş olur ve bu konuda devam ettikçe daha fazlasını elde eder."
      }
    },
    {
      "id": 3,
      "idInBook": 3,
      "chapterId": 30,
      "bookId": 4,
      "arabic": "حَدَّثَنَا الْقَعْنَبِيُّ، عَنْ مَالِكٍ، عَنْ صَالِحِ بْنِ كَيْسَانَ، عَنْ عُبَيْدِ اللَّهِ بْنِ عَبْدِ اللَّهِ، عَنْ زَيْدِ بْنِ خَالِدٍ الْجُهَنِيِّ، أَنَّهُ قَالَ صَلَّى لَنَا رَسُولُ اللَّهِ صلى الله عليه وسلم صَلاَةَ الصُّبْحِ بِالْحُدَيْبِيَةِ فِي إِثْرِ سَمَاءٍ كَانَتْ مِنَ اللَّيْلِ فَلَمَّا انْصَرَفَ أَقْبَلَ عَلَى النَّاسِ فَقَالَ ‏\"‏ هَلْ تَدْرُونَ مَاذَا قَالَ رَبُّكُمْ ‏\"‏ ‏.‏ قَالُوا اللَّهُ وَرَسُولُهُ أَعْلَمُ ‏.‏ قَالَ ‏\"‏ قَالَ أَصْبَحَ مِنْ عِبَادِي مُؤْمِنٌ بِي وَكَافِرٌ فَأَمَّا مَنْ قَالَ مُطِرْنَا بِفَضْلِ اللَّهِ وَبِرَحْمَتِهِ فَذَلِكَ مُؤْمِنٌ بِي كَافِرٌ بِالْكَوْكَبِ وَأَمَّا مَنْ قَالَ مُطِرْنَا بِنَوْءِ كَذَا وَكَذَا فَذَلِكَ كَافِرٌ بِي مُؤْمِنٌ بِالْكَوْكَبِ ‏\"‏ ‏.‏",
      "english": {
        "narrator": "Narrated Zaid bin Khalid Al-Juhani:",
        "text": "The Messenger of Allah (ﷺ) led us in the morning prayer at al-Hudaibiyyah after rain which has fallen during the night, and when he finished, he turned to the people and said: Do you know what your Lord has said ? They said: Allah and His Apostle know best. He said: This morning there were among mt servants one who believes in me and one who disbelieves. The one who said: \"We have been given rain by Allah's grace and mercy\" is the one who believes in me and disbelieves in the star ; but the one who said: \"We have been given rain by such and such a rain star,\" is the one who disbelieves in me and believes in the star."
      },
      "turkish": {
        "narrator": "Narrated Zaid bin Khalid Al-Juhani:",
        "text": "Zaid bin Khalid Al-Juhani'den rivayet edilmiştir: Allah'ın Messenger'ı (ﷺ) sabah namazını al-Hudaibiyyah'da, gece yağan yağmurdan sonra kıldırdı ve namazı bitirdikten sonra halka döndü ve dedi ki: Rabbinizin ne söylediğini biliyor musunuz? Onlar: Allah ve O'nun Elçisi en iyi bilir dediler. O da: Bu sabah benim kullarım arasında benden inanan ve inanmayan biri vardı. \"Allah'ın lütfu ve merhametiyle yağmur yağdı\" diyen, bana inanan ve yıldızlara inanmayan kişidir; ama \"Şu ve bu yıldızdan yağmur yağdı\" diyen, bana inanmayan ve yıldızlara inanan kişidir."
      }
    },
    {
      "id": 4,
      "idInBook": 4,
      "chapterId": 30,
      "bookId": 4,
      "arabic": "حَدَّثَنَا مُسَدَّدٌ، حَدَّثَنَا يَحْيَى، حَدَّثَنَا عَوْفٌ، حَدَّثَنَا حَيَّانُ، - قَالَ غَيْرُ مُسَدَّدٍ حَيَّانُ بْنُ الْعَلاَءِ - حَدَّثَنَا قَطَنُ بْنُ قَبِيصَةَ، عَنْ أَبِيهِ، قَالَ سَمِعْتُ رَسُولَ اللَّهِ صلى الله عليه وسلم يَقُولُ ‏\n\"‏ الْعِيَافَةُ وَالطِّيَرَةُ وَالطَّرْقُ مِنَ الْجِبْتِ ‏\"‏ ‏.‏ الطَّرْقُ الزَّجْرُ وَالْعِيَافَةُ الْخَطُّ ‏.‏",
      "english": {
        "narrator": "Narrated Qabisah:",
        "text": "I heard the Messenger of Allah (ﷺ) say: Augury from the flight of birds, taking evil omens and the practice of pressomancy pertain to divination. Tarq: It is used in the sense of divination in which women threw stones. 'Iyafah: It means geomancy by drawing lines."
      },
      "turkish": {
        "narrator": "Narrated Qabisah:",
        "text": "Qabisah'tan rivayet edilmiştir: Allah'ın Messenger'ı (ﷺ) şöyle dediğini duydum: Kuşların uçuşundan fal bakmak, kötü alametler almak ve presomansi uygulamak, falcılıkla ilgilidir. Tarq: Kadınların taş attığı falcılık anlamında kullanılır. 'Iyafah: Çizgiler çizerek yapılan geomansi anlamına gelir."
      }
    },
    {
      "id": 5,
      "idInBook": 5,
      "chapterId": 30,
      "bookId": 4,
      "arabic": "حَدَّثَنَا ابْنُ بَشَّارٍ، قَالَ قَالَ مُحَمَّدُ بْنُ جَعْفَرٍ قَالَ عَوْفٌ الْعِيَافَةُ زَجْرُ الطَّيْرِ وَالطَّرْقُ الْخَطُّ يُخَطُّ فِي الأَرْضِ ‏.‏",
      "english": {
        "narrator": "Narrated Muhammed b. Ja'far:",
        "text": "On the authority of 'Awf: 'Iyafah means to makes the birds fly by threatening them. Tarq means lines drawn on the earth."
      },
      "turkish": {
        "narrator": "Narrated Muhammed b. Ja'far:",
        "text": "Muhammed b. Ja'far'dan rivayet edilmiştir: 'Awf'tan: 'Iyafah, kuşları tehdit ederek uçurmak demektir. Tarq, yerde çizilen çizgiler anlamına gelir."
      }
    },
    {
      "id": 6,
      "idInBook": 6,
      "chapterId": 30,
      "bookId": 4,
      "arabic": "حَدَّثَنَا مُسَدَّدٌ، حَدَّثَنَا يَحْيَى، عَنِ الْحَجَّاجِ الصَّوَّافِ، حَدَّثَنِي يَحْيَى بْنُ أَبِي كَثِيرٍ، عَنْ هِلاَلِ بْنِ أَبِي مَيْمُونَةَ، عَنْ عَطَاءِ بْنِ يَسَارٍ، عَنْ مُعَاوِيَةَ بْنِ الْحَكَمِ السُّلَمِيِّ، قَالَ قُلْتُ يَا رَسُولَ اللَّهِ وَمِنَّا رِجَالٌ يَخُطُّونَ ‏.‏ قَالَ ‏\n\"‏ كَانَ نَبِيٌّ مِنَ الأَنْبِيَاءِ يَخُطُّ فَمَنْ وَافَقَ خَطَّهُ فَذَاكَ ‏\"‏ ‏.‏",
      "english": {
        "narrator": "Narrated Mu'awiyah b. al-Hakam al-Sulami:",
        "text": "I said: Messenger of Allah! among us there are men who practice divination by drawing lines. He said: There was a Prophet who drew lines, so if anyone does it as he drew lines, that is right."
      },
      "turkish": {
        "narrator": "Narrated Mu'awiyah b. al-Hakam al-Sulami:",
        "text": "Mu'awiyah b. al-Hakam al-Sulami'den rivayet edilmiştir: Ben dedim: Allah'ın Messenger'ı! Aramızda çizgi çizerek fal bakan adamlar var. O da: Bir zamanlar çizgi çizen bir Peygamber vardı, eğer biri onun çizdiği gibi yaparsa, bu doğrudur dedi."
      }
    },
    {
      "id": 7,
      "idInBook": 7,
      "chapterId": 30,
      "bookId": 4,
      "arabic": "حَدَّثَنَا مُحَمَّدُ بْنُ كَثِيرٍ، أَخْبَرَنَا سُفْيَانُ، عَنْ سَلَمَةَ بْنِ كُهَيْلٍ، عَنْ عِيسَى بْنِ عَاَصِمٍ، عَنْ زِرِّ بْنِ حُبَيْشٍ، عَنْ عَبْدِ اللَّهِ بْنِ مَسْعُودٍ، عَنْ رَسُولِ اللَّهِ صلى الله عليه وسلم قَالَ ‏\"‏ الطِّيَرَةُ شِرْكٌ الطِّيَرَةُ شِرْكٌ ‏\"‏ ‏.‏ ثَلاَثًا ‏\"‏ وَمَا مِنَّا إِلاَّ وَلَكِنَّ اللَّهَ يُذْهِبُهُ بِالتَّوَكُّلِ ‏\"‏ ‏.‏",
      "english": {
        "narrator": "Narrated Abdullah ibn Mas'ud:",
        "text": "The Prophet (ﷺ) said: Taking omens is polytheism; taking omens is polytheism. He said it three times. Every one of us has some, but Allah removes it by trust (in Him)."
      },
      "turkish": {
        "narrator": "Narrated Abdullah ibn Mas'ud:",
        "text": "Abdullah ibn Mas'ud'dan rivayet edilmiştir: Peygamber (ﷺ) şöyle buyurdu: Alamet almak şirktir; alamet almak şirktir. Bunu üç kez söyledi. Hepimizin biraz alameti vardır, ama Allah onu güvenle (O'na) kaldırır."
      }
    },
    {
      "id": 8,
      "idInBook": 8,
      "chapterId": 30,
      "bookId": 4,
      "arabic": "حَدَّثَنَا مُحَمَّدُ بْنُ الْمُتَوَكِّلِ الْعَسْقَلاَنِيُّ، وَالْحَسَنُ بْنُ عَلِيٍّ، قَالاَ حَدَّثَنَا عَبْدُ الرَّزَّاقِ، أَخْبَرَنَا مَعْمَرٌ، عَنِ الزُّهْرِيِّ، عَنْ أَبِي سَلَمَةَ، عَنْ أَبِي هُرَيْرَةَ، قَالَ قَالَ رَسُولُ اللَّهِ صلى الله عليه وسلم ‏\"‏ لاَ عَدْوَى وَلاَ طِيَرَةَ وَلاَ صَفَرَ وَلاَ هَامَةَ ‏\"‏ ‏.‏ فَقَالَ أَعْرَابِيٌّ مَا بَالُ الإِبِلِ تَكُونُ فِي الرَّمْلِ كَأَنَّهَا الظِّبَاءُ فَيُخَالِطُهَا الْبَعِيرُ الأَجْرَبُ فَيُجْرِبُهَا قَالَ ‏\"‏ فَمَنْ أَعْدَى الأَوَّلَ ‏\"‏ ‏.‏ قَالَ مَعْمَرٌ قَالَ الزُّهْرِيُّ فَحَدَّثَنِي رَجُلٌ عَنْ أَبِي هُرَيْرَةَ أَنَّهُ سَمِعَ رَسُولَ اللَّهِ صلى الله عليه وسلم يَقُولُ ‏\"‏ لاَ يُورِدَنَّ مُمْرِضٌ عَلَى مُصِحٍّ ‏\"‏ ‏.‏ قَالَ فَرَاجَعَهُ الرَّجُلُ فَقَالَ أَلَيْسَ قَدْ حَدَّثْتَنَا أَنَّ النَّبِيَّ صلى الله عليه وسلم قَالَ ‏\"‏ لاَ عَدْوَى وَلاَ صَفَرَ وَلاَ هَامَةَ ‏\"‏ ‏.‏ قَالَ لَمْ أُحَدِّثْكُمُوهُ ‏.‏ قَالَ الزُّهْرِيُّ قَالَ أَبُو سَلَمَةَ قَدْ حَدَّثَ بِهِ وَمَا سَمِعْتُ أَبَا هُرَيْرَةَ نَسِيَ حَدِيثًا قَطُّ غَيْرَهُ ‏.‏",
      "english": {
        "narrator": "Narrated Abu Hurairah:",
        "text": "The Messenger of Allah (ﷺ) as saying : There is no infection, no evil, omen or serpent, in a hungry belly and no hamah. A nomadic Arab asked: How is it that when camels are in the sand as if they were gazelles and a mangy camel comes among them and it gives them mange ? He replied: Who infected the first one ? \n\n\nMa'mar, quoting al-Zuhri said: A man told me that Abu Hurairah narrated to him saying that he heard the Prophet (ﷺ) say: A diseased camel should not be brought with a healthy camel to drink water. He said: The man then consulted him and said: Did you not tell us that Prophet (ﷺ) had said: There is no infection, no serpent in a hungry belly and no hamah? He replied: I did not transmit it to you. Al-Zuhri said: Abu Salamah said: He had narrated it and I did not hear that Abu Hurairah had ever forgotten any tradition except this one.\n \n\n\n\nNote: The majority of scholars interpret this to mean that these things in and of themselves do not transmit or cause harm through supernatural or hidden means but that Allah is ultimately in control and any fearful superstition around these is false."
      },
      "turkish": {
        "narrator": "Narrated Abu Hurairah:",
        "text": "Abu Hurayra'dan rivayet edilmiştir: Allah'ın Messenger'ı (ﷺ) şöyle dedi: Aç bir karında enfeksiyon yoktur, kötü alamet yoktur, yılan yoktur ve hamah yoktur. Göçebe bir Arap sordu: Nasıl olur da develer kumda sanki gazelle gibi dururken, içlerine kuduz bir deve girdiğinde onlara kuduz bulaştırır? O da: İlkini kim enfekte etti?"
      }
    },
    {
      "id": 9,
      "idInBook": 9,
      "chapterId": 30,
      "bookId": 4,
      "arabic": "حَدَّثَنَا الْقَعْنَبِيُّ، حَدَّثَنَا عَبْدُ الْعَزِيزِ، - يَعْنِي ابْنَ مُحَمَّدٍ - عَنِ الْعَلاَءِ، عَنْ أَبِيهِ، عَنْ أَبِي هُرَيْرَةَ، قَالَ قَالَ رَسُولُ اللَّهِ صلى الله عليه وسلم ‏\n\"‏ لاَ عَدْوَى وَلاَ هَامَةَ وَلاَ نَوْءَ وَلاَ صَفَرَ ‏\"‏ ‏.‏",
      "english": {
        "narrator": "Narrated Abu Hurairah:",
        "text": "The Messenger of Allah (ﷺ) as saying: There is no infection, no hamah, no other promising rain, and no serpent in a hungry belly."
      },
      "turkish": {
        "narrator": "Narrated Abu Hurairah:",
        "text": "Ma'mar, al-Zuhri'den naklen dedi ki: Bir adam bana, Abu Hurayra'nın kendisine şöyle dediğini aktardı: Peygamber (ﷺ) şöyle dedi: Hasta bir deve, sağlıklı bir deve ile su içmeye getirilmemelidir. Adam daha sonra ona danıştı ve dedi: Bize Peygamber (ﷺ) 'Aç bir karında enfeksiyon yoktur, kötü alamet yoktur ve hamah yoktur' demedi mi? O da: Ben bunu sana iletmedim. Al-Zuhri dedi ki: Abu Salamah dedi: O bunu aktardı ve ben Abu Hurayra'nın bu hadis dışında başka bir hadisi unuttuğunu hiç duymadım."
      }
    },
    {
      "id": 10,
      "idInBook": 10,
      "chapterId": 30,
      "bookId": 4,
      "arabic": "حَدَّثَنَا مُحَمَّدُ بْنُ عَبْدِ الرَّحِيمِ بْنِ الْبَرْقِيِّ، أَنَّ سَعِيدَ بْنَ الْحَكَمِ، حَدَّثَهُمْ قَالَ أَخْبَرَنَا يَحْيَى بْنُ أَيُّوبَ، حَدَّثَنِي ابْنُ عَجْلاَنَ، حَدَّثَنِي الْقَعْقَاعُ بْنُ حَكِيمٍ، وَعُبَيْدُ اللَّهِ بْنُ مِقْسَمٍ، وَزَيْدُ بْنُ أَسْلَمَ، عَنْ أَبِي صَالِحٍ، عَنْ أَبِي هُرَيْرَةَ، أَنَّ رَسُولَ اللَّهِ صلى الله عليه وسلم قَالَ ‏\n\"‏ لاَ غُولَ ‏\"‏ ‏.‏",
      "english": {
        "narrator": "Narrated AbuHurayrah:",
        "text": "The Prophet (ﷺ) said: There is no ghoul."
      },
      "turkish": {
        "narrator": "Narrated AbuHurayrah:",
        "text": "Not: Çoğu âlim, bu şeylerin kendiliğinden doğaüstü veya gizli yollarla zarar vermediğini, ancak Allah'ın nihayetinde her şeyin kontrolünde olduğunu ve bu şeylere dair korkutucu batıl inançların yanlış olduğunu yorumlamaktadır."
      }
    },
    {
      "id": 11,
      "idInBook": 11,
      "chapterId": 30,
      "bookId": 4,
      "arabic": "قَالَ أَبُو دَاوُدَ قُرِئَ عَلَى الْحَارِثِ بْنِ مِسْكِينٍ وَأَنَا شَاهِدٌ، أَخْبَرَكُمْ أَشْهَبُ، قَالَ سُئِلَ مَالِكٌ عَنْ قَوْلِهِ ‏\"‏ لاَ صَفَرَ ‏\"‏ ‏.‏ قَالَ إِنَّ أَهْلَ الْجَاهِلِيَّةِ كَانُوا يُحِلُّونَ صَفَرَ يُحِلُّونَهُ عَامًا وَيُحَرِّمُونَهُ عَامًا فَقَالَ النَّبِيُّ صلى الله عليه وسلم ‏\"‏ لاَ صَفَرَ ‏\"‏ ‏.‏",
      "english": {
        "narrator": "Abu Dawud said:",
        "text": "Malik was asked about the meaning of his saying: There is no safar. He replied: The people of pre-Islamic Arabia used to make the month of safar lawful (for war). They made it lawful in one year and unlawful in another year. The Prophet (ﷺ) said: There is no safar."
      },
      "turkish": {
        "narrator": "Abu Dawud said:",
        "text": "Abu Hurayra'dan rivayet edilmiştir: Allah'ın Messenger'ı (ﷺ) şöyle dedi: Aç bir karında enfeksiyon yoktur, hamah yoktur, başka bir yağmur müjdecisi yoktur ve yılan yoktur."
      }
    },
    {
      "id": 12,
      "idInBook": 12,
      "chapterId": 30,
      "bookId": 4,
      "arabic": "حَدَّثَنَا مُحَمَّدُ بْنُ الْمُصَفَّى، حَدَّثَنَا بَقِيَّةُ، قَالَ قُلْتُ لِمُحَمَّدٍ - يَعْنِي ابْنَ رَاشِدٍ - قَوْلُهُ ‏\"‏ هَامَ ‏\"‏ ‏.‏ قَالَ كَانَتِ الْجَاهِلِيَّةُ تَقُولُ لَيْسَ أَحَدٌ يَمُوتُ فَيُدْفَنُ إِلاَّ خَرَجَ مِنْ قَبْرِهِ هَامَةٌ ‏.‏ قُلْتُ فَقَوْلُهُ صَفَرَ ‏.‏ قَالَ سَمِعْتُ أَنَّ أَهْلَ الْجَاهِلِيَّةِ يَسْتَشْئِمُونَ بِصَفَرَ فَقَالَ النَّبِيُّ صلى الله عليه وسلم ‏\"‏ لاَ صَفَرَ ‏\"‏ ‏.‏ قَالَ مُحَمَّدٌ وَقَدْ سَمِعْنَا مَنْ يَقُولُ هُوَ وَجَعٌ يَأْخُذُ فِي الْبَطْنِ فَكَانُوا يَقُولُونَ هُوَ يُعْدِي فَقَالَ ‏\"‏ لاَ صَفَرَ ‏\"‏ ‏.‏",
      "english": {
        "narrator": "Muhammad b. al-Musaffa said to us on the authority of Baqiyyah. He said:",
        "text": "I asked Muhammad b. Rashid about the meaning of the word hamah. He replied: The pre-Islamic Arabs used to say: When anyone dies and is buried, a bird comes forth from his grave. I asked: What did he mean by safar ? He said: I heard that the pre-Islamic Arabs used to take evil omen from safar. So the Prophet (ﷺ) said: There is no safar. Muhammad (b. Rashid) said: We heard someone say: It is a pain in the stomach. They said that it was infection. Hence he said: There is no safar."
      },
      "turkish": {
        "narrator": "Muhammad b. al-Musaffa said to us on the authority of Baqiyyah. He said:",
        "text": "Abu Hurayra'dan rivayet edilmiştir: Peygamber (ﷺ) şöyle buyurdu: Ghul yoktur."
      }
    },
    {
      "id": 13,
      "idInBook": 13,
      "chapterId": 30,
      "bookId": 4,
      "arabic": "حَدَّثَنَا مُسْلِمُ بْنُ إِبْرَاهِيمَ، حَدَّثَنَا هِشَامٌ، عَنْ قَتَادَةَ، عَنْ أَنَسٍ، أَنَّ النَّبِيَّ صلى الله عليه وسلم قَالَ ‏\n\"‏ لاَ عَدْوَى وَلاَ طِيَرَةَ وَيُعْجِبُنِي الْفَأْلُ الصَّالِحُ وَالْفَأْلُ الصَّالِحُ الْكَلِمَةُ الْحَسَنَةُ ‏\"‏ ‏.‏",
      "english": {
        "narrator": "Narrated Anas:",
        "text": "The Prophet (ﷺ) as saying: There is no infection* and no evil omen, and I like a good omen. Good omen means a good word.\n\n* The majority of scholars interpret this to mean that these things in and of themselves do not transmit or cause harm through supernatural or hidden means but that Allah is ultimately in control and any fearful superstition around these is false."
      },
      "turkish": {
        "narrator": "Narrated Anas:",
        "text": "Abu Davud dedi ki: Malik'e \"Safar\" kelimesinin anlamı soruldu. O da: Cahiliye dönemindeki Araplar, safar ayını (savaş için) helal kılarlardı. Bir yıl helal, diğer yıl haram kılarlardı. Peygamber (ﷺ) dedi ki: Safar yoktur."
      }
    },
    {
      "id": 14,
      "idInBook": 14,
      "chapterId": 30,
      "bookId": 4,
      "arabic": "حَدَّثَنَا مُوسَى بْنُ إِسْمَاعِيلَ، حَدَّثَنَا وُهَيْبٌ، عَنْ سُهَيْلٍ، عَنْ رَجُلٍ، عَنْ أَبِي هُرَيْرَةَ، أَنَّ رَسُولَ اللَّهِ صلى الله عليه وسلم سَمِعَ كَلِمَةً فَأَعْجَبَتْهُ فَقَالَ ‏\n\"‏ أَخَذْنَا فَأْلَكَ مِنْ فِيكَ ‏\"‏ ‏.‏",
      "english": {
        "narrator": "Narrated AbuHurayrah:",
        "text": "When the Messenger of Allah (ﷺ) heard a word, and he liked it, he said: We took your omen from your mouth."
      },
      "turkish": {
        "narrator": "Narrated AbuHurayrah:",
        "text": "Muhammad b. al-Musaffa, Baqiyyah'dan rivayet etti. O da: Muhammad b. Rashid'e hamah kelimesinin anlamını sordum. O da: Cahiliye dönemindeki Araplar, birisi öldüğünde ve gömüldüğünde, mezarından bir kuşun çıktığını söylerlerdi. Ben sordum: Safar ile neyi kastetti? O da: Cahiliye dönemindeki Arapların safardan kötü alamet aldıklarını duydum. Bu yüzden Peygamber (ﷺ) dedi ki: Safar yoktur. Muhammad (b. Rashid) dedi: Birinin karın ağrısı olduğunu duyduk. Onlar bunun enfeksiyon olduğunu söylediler. Bu yüzden o dedi ki: Safar yoktur."
      }
    },
    {
      "id": 15,
      "idInBook": 15,
      "chapterId": 30,
      "bookId": 4,
      "arabic": "حَدَّثَنَا يَحْيَى بْنُ خَلَفٍ، حَدَّثَنَا أَبُو عَاصِمٍ، حَدَّثَنَا ابْنُ جُرَيْجٍ، عَنْ عَطَاءٍ، قَالَ يَقُولُ النَّاسُ الصَّفَرُ وَجَعٌ يَأْخُذُ فِي الْبَطْنِ ‏.‏ قُلْتُ فَمَا الْهَامَةُ قَالَ يَقُولُ النَّاسُ الْهَامَةُ الَّتِي تَصْرُخُ هَامَةُ النَّاسِ وَلَيْسَتْ بِهَامَةِ الإِنْسَانِ إِنَّمَا هِيَ دَابَّةٌ ‏.‏",
      "english": {
        "narrator": "Narrated 'Ata:",
        "text": "People said: safar is a pain within the belly. I asked: What is hamah ? He said: People said (believed) that hamah which is an owl or a nightbird and which shrieks is the spirit of men. It is not the spirit of men. It is an animal."
      },
      "turkish": {
        "narrator": "Narrated 'Ata:",
        "text": "Anas'tan rivayet edilmiştir: Peygamber (ﷺ) şöyle buyurdu: Enfeksiyon yoktur ve kötü alamet yoktur, ben iyi bir alameti severim. İyi alamet, güzel bir sözdür."
      }
    },
    {
      "id": 16,
      "idInBook": 16,
      "chapterId": 30,
      "bookId": 4,
      "arabic": "حَدَّثَنَا أَحْمَدُ بْنُ حَنْبَلٍ، وَأَبُو بَكْرِ بْنُ أَبِي شَيْبَةَ الْمَعْنَى قَالاَ حَدَّثَنَا وَكِيعٌ، عَنْ سُفْيَانَ، عَنْ حَبِيبِ بْنِ أَبِي ثَابِتٍ، عَنْ عُرْوَةَ بْنِ عَامِرٍ، - قَالَ أَحْمَدُ الْقُرَشِيُّ - قَالَ ذُكِرَتِ الطِّيَرَةُ عِنْدَ النَّبِيِّ صلى الله عليه وسلم فَقَالَ ‏\n\"‏ أَحْسَنُهَا الْفَأْلُ وَلاَ تَرُدُّ مُسْلِمًا فَإِذَا رَأَى أَحَدُكُمْ مَا يَكْرَهُ فَلْيَقُلِ اللَّهُمَّ لاَ يَأْتِي بِالْحَسَنَاتِ إِلاَّ أَنْتَ وَلاَ يَدْفَعُ السَّيِّئَاتِ إِلاَّ أَنْتَ وَلاَ حَوْلَ وَلاَ قُوَّةَ إِلاَّ بِكَ ‏\"‏ ‏.‏",
      "english": {
        "narrator": "Narrated Urwah ibn Amir al-Qurashi:",
        "text": "When taking omens was mentioned in the presence of the Prophet (ﷺ), he said: The best type is the good omen, and it does not turn back a Muslim. If one of you sees anything he dislikes, he should say: O Allah, no one brings good things except Thee, and no one averts evil things except Thee and there is no might and power but in Allah."
      },
      "turkish": {
        "narrator": "Narrated Urwah ibn Amir al-Qurashi:",
        "text": "Urwah ibn Amir al-Qurashi'den rivayet edilmiştir: Peygamber (ﷺ) huzurunda fal almak söz konusu olduğunda, en iyi türün hayırlı fal olduğunu ve bunun bir Müslümanı geri çevirmediğini söyledi. Sizden biri hoşlanmadığı bir şey görürse, şöyle demelidir: \"Ya Allah, hayırları senden başka hiç kimse getiremez, şerleri de senden başka hiç kimse def edemez ve güç ve kuvvet yalnızca Allah'tadır.\""
      }
    },
    {
      "id": 17,
      "idInBook": 17,
      "chapterId": 30,
      "bookId": 4,
      "arabic": "حَدَّثَنَا مُسْلِمُ بْنُ إِبْرَاهِيمَ، حَدَّثَنَا هِشَامٌ، عَنْ قَتَادَةَ، عَنْ عَبْدِ اللَّهِ بْنِ بُرَيْدَةَ، عَنْ أَبِيهِ، أَنَّ النَّبِيَّ صلى الله عليه وسلم كَانَ لاَ يَتَطَيَّرُ مِنْ شَىْءٍ وَكَانَ إِذَا بَعَثَ عَامِلاً سَأَلَ عَنِ اسْمِهِ فَإِذَا أَعْجَبَهُ اسْمُهُ فَرِحَ بِهِ وَرُئِيَ بِشْرُ ذَلِكَ فِي وَجْهِهِ وَإِنْ كَرِهَ اسْمَهُ رُئِيَ كَرَاهِيَةُ ذَلِكَ فِي وَجْهِهِ وَإِذَا دَخَلَ قَرْيَةً سَأَلَ عَنِ اسْمِهَا فَإِنْ أَعْجَبَهُ اسْمُهَا فَرِحَ بِهَا وَرُئِيَ بِشْرُ ذَلِكَ فِي وَجْهِهِ وَإِنْ كَرِهَ اسْمَهَا رُئِيَ كَرَاهِيَةُ ذَلِكَ فِي وَجْهِهِ ‏.‏",
      "english": {
        "narrator": "Narrated Buraydah ibn al-Hasib:",
        "text": "The Prophet (ﷺ) did not take omens from anything, but when he sent out an agent he asked about his name. If it pleased him, he was glad about it, and his cheerfulness on that account was visible in his face. If he disliked his name, his displeasure on that account was visible in his face. When he entered a village, he asked about its name, and if it pleased him, he was glad about it, and his cheerfulness on that account was visible in his face. But if he disliked its name, his displeasure on that account was visible in his face."
      },
      "turkish": {
        "narrator": "Narrated Buraydah ibn al-Hasib:",
        "text": "Buraydah ibn al-Hasib'den rivayet edilmiştir: Peygamber (ﷺ) hiçbir şeyden fal almazdı, ancak bir elçi gönderdiğinde onun adını sorardı. Eğer bu hoşuna giderse, bundan dolayı sevinirdi ve bu sevinci yüzünden belli olurdu. Eğer ismini beğenmezse, bu durum yüzünden hoşnutsuzluğu yüzünden belli olurdu. Bir köye girdiğinde, köyün adını sorar ve eğer bu hoşuna giderse, bundan dolayı sevinirdi ve bu sevinci yüzünden belli olurdu. Ama eğer ismini beğenmezse, bu durum yüzünden hoşnutsuzluğu yüzünden belli olurdu."
      }
    },
    {
      "id": 18,
      "idInBook": 18,
      "chapterId": 30,
      "bookId": 4,
      "arabic": "حَدَّثَنَا مُوسَى بْنُ إِسْمَاعِيلَ، حَدَّثَنَا أَبَانُ، حَدَّثَنِي يَحْيَى، أَنَّ الْحَضْرَمِيَّ بْنَ لاَحِقٍ، حَدَّثَهُ عَنْ سَعِيدِ بْنِ الْمُسَيَّبِ، عَنْ سَعْدِ بْنِ مَالِكٍ، أَنَّ رَسُولَ اللَّهِ صلى الله عليه وسلم كَانَ يَقُولُ ‏\n\"‏ لاَ هَامَةَ وَلاَ عَدْوَى وَلاَ طِيَرَةَ وَإِنْ تَكُنِ الطِّيَرَةُ فِي شَىْءٍ فَفِي الْفَرَسِ وَالْمَرْأَةِ وَالدَّارِ ‏\"‏ ‏.‏",
      "english": {
        "narrator": "Narrated Sa'd ibn Malik:",
        "text": "The Prophet (ﷺ) said: There is no hamah, no infection and no evil omen; if there is in anything an evil omen, it is a house, a horse, and a  woman."
      },
      "turkish": {
        "narrator": "Narrated Sa'd ibn Malik:",
        "text": "Sa'd ibn Malik'ten rivayet edilmiştir: Peygamber (ﷺ) şöyle dedi: \"Hamâ, enfeksiyon ve kötü fal yoktur; bir şeyde kötü bir fal varsa, o bir ev, bir at ve bir kadındır.\""
      }
    },
    {
      "id": 19,
      "idInBook": 19,
      "chapterId": 30,
      "bookId": 4,
      "arabic": "حَدَّثَنَا الْقَعْنَبِيُّ، حَدَّثَنَا مَالِكٌ، عَنِ ابْنِ شِهَابٍ، عَنْ حَمْزَةَ، وَسَالِمِ، ابْنَىْ عَبْدِ اللَّهِ بْنِ عُمَرَ عَنْ عَبْدِ اللَّهِ بْنِ عُمَرَ، أَنَّ رَسُولَ اللَّهِ صلى الله عليه وسلم قَالَ ‏\n\"‏ الشُّؤْمُ فِي الدَّارِ وَالْمَرْأَةِ وَالْفَرَسِ ‏\"‏ ‏.‏ قَالَ أَبُو دَاوُدَ قُرِئَ عَلَى الْحَارِثِ بْنِ مِسْكِينٍ وَأَنَا شَاهِدٌ أَخْبَرَكَ ابْنُ الْقَاسِمِ قَالَ سُئِلَ مَالِكٌ عَنِ الشُّؤْمِ فِي الْفَرَسِ وَالدَّارِ قَالَ كَمْ مِنْ دَارٍ سَكَنَهَا نَاسٌ فَهَلَكُوا ثُمَّ سَكَنَهَا آخَرُونَ فَهَلَكُوا فَهَذَا تَفْسِيرُهُ فِيمَا نَرَى وَاللَّهُ أَعْلَمُ ‏.‏ قَالَ أَبُو دَاوُدَ قَالَ عُمَرُ رضى الله عنه حَصِيرٌ فِي الْبَيْتِ خَيْرٌ مِنَ امْرَأَةٍ لاَ تَلِدُ ‏.‏",
      "english": {
        "narrator": "It was narrated from 'Abdullah bin 'Umar that the Messenger of Allah (ﷺ) said:",
        "text": "\"An omen is in a dwelling, a woman or a horse.\"\n\n\nAbu Dawud said: This tradition was read out to al-Harith b. Miskin and I was witness. It was said to him that Ibn Qasim told him that Malik was asked about evil omen in a horse and in a house. He replied: There are many houses in which people lived and perished and again others lived therein and they also perished. This is its explanation so far as we know. Allah knows best.\n\n\nAbu Dawud said: 'Umar (ra) said: A mat in a house better than a woman who does not give birth to a child."
      },
      "turkish": {
        "narrator": "It was narrated from 'Abdullah bin 'Umar that the Messenger of Allah (ﷺ) said:",
        "text": "'Abdullah bin 'Umar'dan rivayet edilmiştir ki, Allah'ın Elçisi (ﷺ) şöyle dedi: \"Bir fal, bir evde, bir kadında veya bir attadır.\""
      }
    },
    {
      "id": 20,
      "idInBook": 20,
      "chapterId": 30,
      "bookId": 4,
      "arabic": "حَدَّثَنَا مَخْلَدُ بْنُ خَالِدٍ، وَعَبَّاسٌ الْعَنْبَرِيُّ، قَالاَ حَدَّثَنَا عَبْدُ الرَّزَّاقِ، أَخْبَرَنَا مَعْمَرٌ، عَنْ يَحْيَى بْنِ عَبْدِ اللَّهِ بْنِ بَحِيرٍ، قَالَ أَخْبَرَنِي مَنْ، سَمِعَ فَرْوَةَ بْنَ مُسَيْكٍ، قَالَ قُلْتُ يَا رَسُولَ اللَّهِ أَرْضٌ عِنْدَنَا يُقَالُ لَهَا أَرْضُ أَبْيَنَ هِيَ أَرْضُ رِيفِنَا وَمِيرَتِنَا وَإِنَّهَا وَبِئَةٌ أَوْ قَالَ وَبَاؤُهَا شَدِيدٌ ‏.‏ فَقَالَ النَّبِيُّ صلى الله عليه وسلم ‏\n\"‏ دَعْهَا عَنْكَ فَإِنَّ مِنَ الْقَرَفِ التَّلَفَ ‏\"‏ ‏.‏",
      "english": {
        "narrator": "Yahya ibn Abdullah ibn Buhayr said that he was informed by one who had heard Farwah ibn Musayk tell that he said:",
        "text": "Messenger of Allah! we have land called Abyan, which is the land where we have our fields and grow our crops, but it is very unhealthy. The Prophet (ﷺ) said: Leave it, for destruction comes from being near disease."
      },
      "turkish": {
        "narrator": "Yahya ibn Abdullah ibn Buhayr said that he was informed by one who had heard Farwah ibn Musayk tell that he said:",
        "text": "Ebu Davud dedi ki: Bu rivayet, al-Harith b. Miskin'e okundu ve ben de buna şahit oldum. Ona, İbn Kasım'ın, Malik'e bir at ve bir evdeki kötü fal hakkında sorulduğunu söylediği aktarıldı. O da şöyle cevap verdi: \"İçinde insanların yaşadığı ve yok olduğu birçok ev vardır; yine başka insanlar orada yaşadı ve onlar da yok oldular. Bu, bildiğimiz kadarıyla bunun açıklamasıdır. Allah en iyi bilendir.\""
      }
    },
    {
      "id": 21,
      "idInBook": 21,
      "chapterId": 30,
      "bookId": 4,
      "arabic": "حَدَّثَنَا الْحَسَنُ بْنُ يَحْيَى، حَدَّثَنَا بِشْرُ بْنُ عُمَرَ، عَنْ عِكْرِمَةَ بْنِ عَمَّارٍ، عَنْ إِسْحَاقَ بْنِ عَبْدِ اللَّهِ بْنِ أَبِي طَلْحَةَ، عَنْ أَنَسِ بْنِ مَالِكٍ، قَالَ قَالَ رَجُلٌ يَا رَسُولَ اللَّهِ إِنَّا كُنَّا فِي دَارٍ كَثِيرٌ فِيهَا عَدَدُنَا وَكَثِيرٌ فِيهَا أَمْوَالُنَا فَتَحَوَّلْنَا إِلَى دَارٍ أُخْرَى فَقَلَّ فِيهَا عَدَدُنَا وَقَلَّتْ فِيهَا أَمْوَالُنَا ‏.‏ فَقَالَ رَسُولُ اللَّهِ صلى الله عليه وسلم ‏\n\"‏ ذَرُوهَا ذَمِيمَةً ‏\"‏ ‏.‏",
      "english": {
        "narrator": "Narrated Anas ibn Malik:",
        "text": "A man said: Messenger of Allah! we were in an abode in which our numbers and our goods were many and changed to an abode in which our numbers and our goods became few. The Messenger of Allah (ﷺ) said: Leave it, for it is reprehensible."
      },
      "turkish": {
        "narrator": "Narrated Anas ibn Malik:",
        "text": "Ebu Davud dedi ki: 'Umar (ra) şöyle dedi: \"Bir evdeki bir örtü, çocuk doğurmayan bir kadından daha hayırlıdır.\""
      }
    },
    {
      "id": 22,
      "idInBook": 22,
      "chapterId": 30,
      "bookId": 4,
      "arabic": "حَدَّثَنَا عُثْمَانُ بْنُ أَبِي شَيْبَةَ، حَدَّثَنَا يُونُسُ بْنُ مُحَمَّدٍ، حَدَّثَنَا مُفَضَّلُ بْنُ فَضَالَةَ، عَنْ حَبِيبِ بْنِ الشَّهِيدِ، عَنْ مُحَمَّدِ بْنِ الْمُنْكَدِرِ، عَنْ جَابِرٍ، أَنَّ رَسُولَ اللَّهِ صلى الله عليه وسلم أَخَذَ بِيَدِ مَجْذُومٍ فَوَضَعَهَا مَعَهُ فِي الْقَصْعَةِ وَقَالَ ‏\n\"‏ كُلْ ثِقَةً بِاللَّهِ وَتَوَكُّلاً عَلَيْهِ ‏\"‏ ‏.‏",
      "english": {
        "narrator": "Narrated Jabir ibn Abdullah:",
        "text": "The Messenger of Allah (ﷺ) took a man who was suffering from tubercular leprosy by the hand; he then put it along with his own hand in the dish and said: Eat with confidence in Allah and trust in Him."
      },
      "turkish": {
        "narrator": "Narrated Jabir ibn Abdullah:",
        "text": "Yahya ibn Abdullah ibn Buhayr, Farwah ibn Musayk'ın şöyle dediğini duyan birinden haber aldığını söyledi: \"Allah'ın Elçisi! Bizim tarlalarımızın bulunduğu, ürünlerimizi yetiştirdiğimiz Abyan adında bir toprak var, ama burası çok sağlıksız.\" Peygamber (ﷺ) şöyle dedi: \"Bırak onu, çünkü hastalığa yakın olmaktan gelen yıkım vardır.\""
      }
    }
  ],
  "chapter": {
    "id": 30,
    "bookId": 4,
    "arabic": "كتاب الكهانة و التطير",
    "english": "Divination and Omens (Kitab Al-Kahanah Wa Al-Tatayyur)"
  }
}