{
  "metadata": {
    "length": 43,
    "arabic": {
      "title": "سنن أبي داود",
      "author": "الإمام سليمان بن الأشعث أبو داود السجستاني",
      "introduction": "كتاب العتق"
    },
    "english": {
      "title": "Sunan Abi Dawud",
      "author": "Imam Sulayman ibn al-Ash'ath Abu Dawud al-Sijistani",
      "introduction": "The Book of Manumission of Slaves"
    }
  },
  "hadiths": [
    {
      "id": 1,
      "idInBook": 1,
      "chapterId": 31,
      "bookId": 4,
      "arabic": "حَدَّثَنَا هَارُونُ بْنُ عَبْدِ اللَّهِ، حَدَّثَنَا أَبُو بَدْرٍ، حَدَّثَنِي أَبُو عُتْبَةَ، إِسْمَاعِيلُ بْنُ عَيَّاشٍ حَدَّثَنِي سُلَيْمَانُ بْنُ سُلَيْمٍ، عَنْ عَمْرِو بْنِ شُعَيْبٍ، عَنْ أَبِيهِ، عَنْ جَدِّهِ، عَنِ النَّبِيِّ صلى الله عليه وسلم قَالَ ‏\n\"‏ الْمُكَاتَبُ عَبْدٌ مَا بَقِيَ عَلَيْهِ مِنْ مُكَاتَبَتِهِ دِرْهَمٌ ‏\"‏ ‏.‏",
      "english": {
        "narrator": "Narrated 'Amr b. Shu'aib:",
        "text": "on his father's authority, told that his grandfather reported the Prophet (ﷺ) said: A slave who has entered into an agreement to purchase his freedom is a slave as long as a dirham of the agreed price remains to be paid."
      },
      "turkish": {
        "narrator": "Narrated 'Amr b. Shu'aib:",
        "text": "'Amr b. Shu'aib'den rivayet edilmiştir: Babası aracılığıyla, dedesinin Peygamber (ﷺ)'in şöyle söylediğini bildirdi: Özgürlüğünü satın almak için bir anlaşma yapmış olan bir köle, anlaşmada belirlenen fiyatın bir dirhemi ödenene kadar köledir."
      }
    },
    {
      "id": 2,
      "idInBook": 2,
      "chapterId": 31,
      "bookId": 4,
      "arabic": "حَدَّثَنَا مُحَمَّدُ بْنُ الْمُثَنَّى، حَدَّثَنِي عَبْدُ الصَّمَدِ، حَدَّثَنَا هَمَّامٌ، حَدَّثَنَا عَبَّاسٌ الْجُرَيْرِيُّ، عَنْ عَمْرِو بْنِ شُعَيْبٍ، عَنْ أَبِيهِ، عَنْ جَدِّهِ، أَنَّ النَّبِيَّ صلى الله عليه وسلم قَالَ ‏\n\"‏ أَيُّمَا عَبْدٍ كَاتَبَ عَلَى مِائَةِ أُوقِيَّةٍ فَأَدَّاهَا إِلاَّ عَشْرَةَ أَوَاقٍ فَهُوَ عَبْدٌ وَأَيُّمَا عَبْدٍ كَاتَبَ عَلَى مِائَةِ دِينَارٍ فَأَدَّاهَا إِلاَّ عَشْرَةَ دَنَانِيرَ فَهُوَ عَبْدٌ ‏\"‏ ‏.‏ قَالَ أَبُو دَاوُدَ لَيْسَ هُوَ عَبَّاسٌ الْجُرَيْرِيُّ قَالُوا هُوَ وَهَمٌ وَلَكِنَّهُ هُوَ شَيْخٌ آخَرُ ‏.‏",
      "english": {
        "narrator": "Narrated 'Amr b. Shu'aib:",
        "text": "On his father's authority, told that his grandfather reported the Prophet (ﷺ) said: If any slave entered into an agreement to buy his freedom for one hundred uqiyahs and he pays them all but ten, he remains a slave (until he pays the remaining ten); and if a slave entered into an agreement to purchase his freedom for one hundred dinars, and he pays them all but ten dinars, he remains a slave (until he pays the remaining ten).\n\n\nAbu Dawud said: This narrator 'Abbas al-Jariri is not the same person. They said: It is misunderstanding. He is some other narrator."
      },
      "turkish": {
        "narrator": "Narrated 'Amr b. Shu'aib:",
        "text": "'Amr b. Shu'aib'den rivayet edilmiştir: Babası aracılığıyla, dedesinin Peygamber (ﷺ)'in şöyle söylediğini bildirdi: Eğer bir köle, özgürlüğünü yüz uqiyeye satın almak için bir anlaşma yaparsa ve bunların hepsini öderse ama on tanesini ödemezse, köle olarak kalır (kalan on taneyi ödeyene kadar); ve eğer bir köle, özgürlüğünü yüz dinara satın almak için bir anlaşma yaparsa ve bunların hepsini öderse ama on dinarını ödemezse, köle olarak kalır (kalan on dinarı ödeyene kadar)."
      }
    },
    {
      "id": 3,
      "idInBook": 3,
      "chapterId": 31,
      "bookId": 4,
      "arabic": "حَدَّثَنَا مُسَدَّدُ بْنُ مُسَرْهَدٍ، حَدَّثَنَا سُفْيَانُ، عَنِ الزُّهْرِيِّ، عَنْ نَبْهَانَ، مُكَاتَبِ أُمِّ سَلَمَةَ قَالَ سَمِعْتُ أُمَّ سَلَمَةَ، تَقُولُ قَالَ لَنَا رَسُولُ اللَّهِ صلى الله عليه وسلم ‏\n\"‏ إِنْ كَانَ لإِحْدَاكُنَّ مُكَاتَبٌ فَكَانَ عِنْدَهُ مَا يُؤَدِّي فَلْتَحْتَجِبْ مِنْهُ ‏\"‏ ‏.‏",
      "english": {
        "narrator": "Narrated Umm Salamah, Ummul Mu'minin:",
        "text": "The Messenger of Allah (ﷺ) said to us: If one of you has a slave, and he enters into an agreement to purchase his freedom, and can pay the full price, she must veil herself from him."
      },
      "turkish": {
        "narrator": "Narrated Umm Salamah, Ummul Mu'minin:",
        "text": "Abu Davud dedi ki: Bu rivayetçi 'Abbas el-Ceriri aynı kişi değildir. Onlar: Bu bir yanlış anlamadır, dediler. O başka bir rivayetçidir."
      }
    },
    {
      "id": 4,
      "idInBook": 4,
      "chapterId": 31,
      "bookId": 4,
      "arabic": "حَدَّثَنَا عَبْدُ اللَّهِ بْنُ مَسْلَمَةَ، وَقُتَيْبَةُ بْنُ سَعِيدٍ، قَالاَ حَدَّثَنَا اللَّيْثُ، عَنِ ابْنِ شِهَابٍ، عَنْ عُرْوَةَ، أَنَّ عَائِشَةَ، رضى الله عنها أَخْبَرَتْهُ أَنَّ بَرِيرَةَ جَاءَتْ عَائِشَةَ تَسْتَعِينُهَا فِي كِتَابَتِهَا وَلَمْ تَكُنْ قَضَتْ مِنْ كِتَابَتِهَا شَيْئًا فَقَالَتْ لَهَا عَائِشَةُ ارْجِعِي إِلَى أَهْلِكِ فَإِنْ أَحَبُّوا أَنْ أَقْضِيَ عَنْكِ كِتَابَتَكِ وَيَكُونَ وَلاَؤُكِ لِي فَعَلْتُ ‏.‏ فَذَكَرَتْ ذَلِكَ بَرِيرَةُ لأَهْلِهَا فَأَبَوْا وَقَالُوا إِنْ شَاءَتْ أَنْ تَحْتَسِبَ عَلَيْكِ فَلْتَفْعَلْ وَيَكُونَ لَنَا وَلاَؤُكِ ‏.‏ فَذَكَرَتْ ذَلِكَ لِرَسُولِ اللَّهِ صلى الله عليه وسلم فَقَالَ لَهَا رَسُولُ اللَّهِ صلى الله عليه وسلم ‏\"‏ ابْتَاعِي فَأَعْتِقِي فَإِنَّمَا الْوَلاَءُ لِمَنْ أَعْتَقَ ‏\"‏ ‏.‏ ثُمَّ قَامَ رَسُولُ اللَّهِ صلى الله عليه وسلم فَقَالَ ‏\"‏ مَا بَالُ أُنَاسٍ يَشْتَرِطُونَ شُرُوطًا لَيْسَتْ فِي كِتَابِ اللَّهِ مَنِ اشْتَرَطَ شَرْطًا لَيْسَ فِي كِتَابِ اللَّهِ فَلَيْسَ لَهُ وَإِنْ شَرَطَهُ مِائَةَ مَرَّةٍ شَرْطُ اللَّهِ أَحَقُّ وَأَوْثَقُ ‏\"‏ ‏.‏",
      "english": {
        "narrator": "'Urwah quoting from 'Aishah said that Barirah came to her seeking her help to purchase her freedom, and she did not pay anything for her freedom. 'Aishah said to her:",
        "text": "Return to your people ; if you like that I make payment for the purchase of your freedom on your behalf and I shall have the right to inherit from you, I shall do so. Barirah mentioned it to her people, but they refused and said: If she wants to purchase your freedom for reward from Allah, she may do so, but the right to inherit from her shall be ours. She mentioned it to the Messenger of Allah (ﷺ). The Messenger of Allah (ﷺ) said: Purchase her (freedom) and set her free, for the right of inheritance belongs to only to the one who set a person free. The Messenger of Allah (ﷺ) then stood up and said: If anyone makes a condition which is not in Allah's Book, he has no right to it, even if he stipulates it hundred times. Allah's condition is more valid and binding."
      },
      "turkish": {
        "narrator": "'Urwah quoting from 'Aishah said that Barirah came to her seeking her help to purchase her freedom, and she did not pay anything for her freedom. 'Aishah said to her:",
        "text": "Umm Salamah, Ümmü'l-Müminin'den rivayet edilmiştir: Allah'ın Elçisi (ﷺ) bize şöyle dedi: Sizden birinin bir kölesi varsa ve özgürlüğünü satın almak için bir anlaşma yapmışsa ve tam fiyatı ödeyebiliyorsa, kendisinden örtünmelidir."
      }
    },
    {
      "id": 5,
      "idInBook": 5,
      "chapterId": 31,
      "bookId": 4,
      "arabic": "حَدَّثَنَا مُوسَى بْنُ إِسْمَاعِيلَ، حَدَّثَنَا وُهَيْبٌ، عَنْ هِشَامِ بْنِ عُرْوَةَ، عَنْ أَبِيهِ، عَنْ عَائِشَةَ، - رضى الله عنها - قَالَتْ جَاءَتْ بَرِيرَةُ لِتَسْتَعِينَ فِي كِتَابَتِهَا فَقَالَتْ إِنِّي كَاتَبْتُ أَهْلِي عَلَى تِسْعِ أَوَاقٍ فِي كُلِّ عَامٍ أُوقِيَّةٌ فَأَعِينِينِي ‏.‏ فَقَالَتْ إِنْ أَحَبَّ أَهْلُكِ أَنْ أَعُدَّهَا عَدَّةً وَاحِدَةً وَأُعْتِقَكِ وَيَكُونَ وَلاَؤُكِ لِي فَعَلْتُ ‏.‏ فَذَهَبَتْ إِلَى أَهْلِهَا وَسَاقَ الْحَدِيثَ نَحْوَ الزُّهْرِيِّ زَادَ فِي كَلاَمِ النَّبِيِّ صلى الله عليه وسلم فِي آخِرِهِ ‏\n\"‏ مَا بَالُ رِجَالٍ يَقُولُ أَحَدُهُمْ أَعْتِقْ يَا فُلاَنُ وَالْوَلاَءُ لِي إِنَّمَا الْوَلاَءُ لِمَنْ أَعْتَقَ ‏\"‏ ‏.‏",
      "english": {
        "narrator": "'Aishah said:",
        "text": "Barirah came seeking my help to purchase her freedom. She said: I have arranged with my people to buy my freedom for nine 'uqiyahs: one to be paid annually. So help me. She ('Aishah) said: If your people are willing that I should count them ('uqiyahs) out to them all at one time and set you free and that I shall have the right to inherit from you, I shall do so. She then went to her people. The narrator then transmitted the rest of the tradition like the version of al-Zuhri. He added to the wordings of the Prophet (ﷺ) in the last: What is the matter with people that one of you says: Set free, O so-and-so, and the right of inheritance belongs to me. The right of inheritance belongs to the one who has set a person free."
      },
      "turkish": {
        "narrator": "'Aishah said:",
        "text": "'Urve, 'Aişe'den naklen, Barirah'ın özgürlüğünü satın almak için yardım istemek üzere ona geldiğini ve özgürlüğü için hiçbir şey ödemediğini söyledi. 'Aişe ona şöyle dedi: Kavmine dön; eğer benim senin adınla özgürlüğünü satın almamı istersen ve ben de senden miras alma hakkına sahip olursam, bunu yaparım. Barirah bunu kavmine iletti, ancak onlar reddetti ve şöyle dediler: Eğer o, Allah'tan bir ödül karşılığında senin özgürlüğünü satın almak istiyorsa, bunu yapabilir, ama ondan miras alma hakkı bizimdir. Bunu Allah'ın Elçisi (ﷺ)'ne iletti. Allah'ın Elçisi (ﷺ) şöyle dedi: Onu (özgürlüğünü) satın al ve serbest bırak, çünkü miras hakkı sadece birini özgür bırakan kişiye aittir. Allah'ın Elçisi (ﷺ) sonra ayağa kalktı ve şöyle dedi: Eğer biri Allah'ın Kitabı'nda olmayan bir şart koyarsa, bunun hakkına sahip olamaz, hatta bunu yüz kez şart koşsa bile. Allah'ın şartı daha geçerli ve bağlayıcıdır."
      }
    },
    {
      "id": 6,
      "idInBook": 6,
      "chapterId": 31,
      "bookId": 4,
      "arabic": "حَدَّثَنَا عَبْدُ الْعَزِيزِ بْنُ يَحْيَى أَبُو الأَصْبَغِ الْحَرَّانِيُّ، حَدَّثَنِي مُحَمَّدٌ، - يَعْنِي ابْنَ سَلَمَةَ - عَنِ ابْنِ إِسْحَاقَ، عَنْ مُحَمَّدِ بْنِ جَعْفَرِ بْنِ الزُّبَيْرِ، عَنْ عُرْوَةَ بْنِ الزُّبَيْرِ، عَنْ عَائِشَةَ، - رضى الله عنها - قَالَتْ وَقَعَتْ جُوَيْرِيَةُ بِنْتُ الْحَارِثِ بْنِ الْمُصْطَلِقِ فِي سَهْمِ ثَابِتِ بْنِ قَيْسِ بْنِ شَمَّاسٍ أَوِ ابْنِ عَمٍّ لَهُ فَكَاتَبَتْ عَلَى نَفْسِهَا وَكَانَتِ امْرَأَةً مَلاَّحَةً تَأْخُذُهَا الْعَيْنُ - قَالَتْ عَائِشَةُ رضى الله عنها - فَجَاءَتْ تَسْأَلُ رَسُولَ اللَّهِ صلى الله عليه وسلم فِي كِتَابَتِهَا فَلَمَّا قَامَتْ عَلَى الْبَابِ فَرَأَيْتُهَا كَرِهْتُ مَكَانَهَا وَعَرَفْتُ أَنَّ رَسُولَ اللَّهِ صلى الله عليه وسلم سَيَرَى مِنْهَا مِثْلَ الَّذِي رَأَيْتُ فَقَالَتْ يَا رَسُولَ اللَّهِ أَنَا جُوَيْرِيَةُ بِنْتُ الْحَارِثِ وَإِنَّمَا كَانَ مِنْ أَمْرِي مَا لاَ يَخْفَى عَلَيْكَ وَإِنِّي وَقَعْتُ فِي سَهْمِ ثَابِتِ بْنِ قَيْسِ بْنِ شَمَّاسٍ وَإِنِّي كَاتَبْتُ عَلَى نَفْسِي فَجِئْتُكَ أَسْأَلُكَ فِي كِتَابَتِي فَقَالَ رَسُولُ اللَّهِ صلى الله عليه وسلم ‏\"‏ فَهَلْ لَكِ إِلَى مَا هُوَ خَيْرٌ مِنْهُ ‏\"‏ ‏.‏ قَالَتْ وَمَا هُوَ يَا رَسُولَ اللَّهِ قَالَ ‏\"‏ أُؤَدِّي عَنْكِ كِتَابَتَكِ وَأَتَزَوَّجُكِ ‏\"‏ ‏.‏ قَالَتْ قَدْ فَعَلْتُ قَالَتْ فَتَسَامَعَ - تَعْنِي النَّاسَ - أَنَّ رَسُولَ اللَّهِ صلى الله عليه وسلم قَدْ تَزَوَّجَ جُوَيْرِيَةَ فَأَرْسَلُوا مَا فِي أَيْدِيهِمْ مِنَ السَّبْىِ فَأَعْتَقُوهُمْ وَقَالُوا أَصْهَارُ رَسُولِ اللَّهِ صلى الله عليه وسلم فَمَا رَأَيْنَا امْرَأَةً كَانَتْ أَعْظَمَ بَرَكَةً عَلَى قَوْمِهَا مِنْهَا أُعْتِقَ فِي سَبَبِهَا مِائَةُ أَهْلِ بَيْتٍ مِنْ بَنِي الْمُصْطَلِقِ ‏.‏ قَالَ أَبُو دَاوُدَ هَذَا حُجَّةٌ فِي أَنَّ الْوَلِيَّ هُوَ يُزَوِّجُ نَفْسَهُ ‏.‏",
      "english": {
        "narrator": "Narrated Aisha, Ummul Mu'minin:",
        "text": "Juwayriyyah, daughter of al-Harith ibn al-Mustaliq, fell to the lot of Thabit ibn Qays ibn Shammas, or to her cousin. She entered into an agreement to purchase her freedom. She was a very beautiful woman, most attractive to the eye.  \n\n\n\n\n\nAisha said: She then came to the Messenger of Allah (ﷺ) asking him for the purchase of her freedom. When she was standing at the door, I looked at her with disapproval. I realised that the Messenger of Allah (ﷺ) would look at her in the same way that I had looked.  \n\n\n\n\n\nShe said: Messenger of Allah, I am Juwayriyyah, daughter of al-Harith, and something has happened to me, which is not hidden from you. I have fallen to the lot of Thabit ibn Qays ibn Shammas, and I have entered into an agreement to purchase of my freedom. I have come to you to seek assistance for the purchase of my freedom.  \n\n\n\n\n\nThe Messenger of Allah (ﷺ) said: Are you inclined to that which is better?  She asked: What is that, Messenger of Allah?  He replied: I shall pay the price of your freedom on your behalf, and I shall marry you.  \n\n\n\n\n\nShe said: I shall do this.  She (Aisha) said: The people then heard that the Messenger of Allah (ﷺ) had married Juwayriyyah. They released the captives in their possession and set them free, and said: They are the relatives of the Messenger of Allah (ﷺ) by marriage. We did not see any woman greater than Juwayriyyah who brought blessings to her people. One hundred families of Banu al-Mustaliq were set free on account of her.\n\n\n\nAbu dawud said: This evidence shows that a Muslim ruler may marry a slave woman himself."
      },
      "turkish": {
        "narrator": "Narrated Aisha, Ummul Mu'minin:",
        "text": "'Aişe dedi ki: Barirah, özgürlüğünü satın almak için yardımımı istedi. Dedi ki: Kavmimle özgürlüğümü dokuz uqiyeye satın almak için anlaştım: birini yıllık olarak ödeyeceğim. O yüzden bana yardım et. O (Aişe) dedi ki: Eğer kavmin, ben hepsini bir kerede sayıp seni serbest bırakmamı ve senden miras alma hakkına sahip olmamı kabul ediyorlarsa, bunu yaparım. Sonra kavmine gitti. Rivayetçi, ardından gelen kısmı al-Zuhri'nin versiyonu gibi aktardı. Peygamber (ﷺ)'in sözlerine son olarak şunu ekledi: İnsanların başına ne geldi ki, sizden biri: Serbest bırak, ey falan, diyor ve miras hakkı bana ait. Miras hakkı, birini serbest bırakan kişiye aittir."
      }
    },
    {
      "id": 7,
      "idInBook": 7,
      "chapterId": 31,
      "bookId": 4,
      "arabic": "حَدَّثَنَا مُسَدَّدُ بْنُ مُسَرْهَدٍ، حَدَّثَنَا عَبْدُ الْوَارِثِ، عَنْ سَعِيدِ بْنِ جُمْهَانَ، عَنْ سَفِينَةَ، قَالَ كُنْتُ مَمْلُوكًا لأُمِّ سَلَمَةَ فَقَالَتْ أُعْتِقُكَ وَأَشْتَرِطُ عَلَيْكَ أَنْ تَخْدُمَ رَسُولَ اللَّهِ صلى الله عليه وسلم مَا عِشْتَ ‏.‏ فَقُلْتُ إِنْ لَمْ تَشْتَرِطِي عَلَىَّ مَا فَارَقْتُ رَسُولَ اللَّهِ صلى الله عليه وسلم مَا عِشْتُ فَأَعْتَقَتْنِي وَاشْتَرَطَتْ عَلَىَّ ‏.‏",
      "english": {
        "narrator": "Narrated Umm Salamah, Ummul Mu'minin:",
        "text": "Safinah said: I was a slave of Umm Salamah, and she said: I shall emancipate you, but I stipulate that you must serve the Messenger of Allah (ﷺ) as long as you live. I said: Even if you do not make a stipulation, I shall not leave the Messenger of Allah (ﷺ). She then emancipated me and made the stipulation with me."
      },
      "turkish": {
        "narrator": "Narrated Umm Salamah, Ummul Mu'minin:",
        "text": "Aişe, Ümmü'l-Müminin'den rivayet edilmiştir: Cüveyriye, Harith b. el-Mustaliq'in kızı, Thabit b. Kays b. Şammâs'a veya kuzenine düştü. O, özgürlüğünü satın almak için bir anlaşma yaptı. Çok güzel bir kadındı, göz alıcıydı."
      }
    },
    {
      "id": 8,
      "idInBook": 8,
      "chapterId": 31,
      "bookId": 4,
      "arabic": "حَدَّثَنَا أَبُو الْوَلِيدِ الطَّيَالِسِيُّ، حَدَّثَنَا هَمَّامٌ، ح وَحَدَّثَنَا مُحَمَّدُ بْنُ كَثِيرٍ، - الْمَعْنَى - أَخْبَرَنَا هَمَّامٌ، عَنْ قَتَادَةَ، عَنْ أَبِي الْمَلِيحِ، - قَالَ أَبُو الْوَلِيدِ - عَنْ أَبِيهِ، أَنَّ رَجُلاً، أَعْتَقَ شِقْصًا لَهُ مِنْ غُلاَمٍ فَذَكَرَ ذَلِكَ لِلنَّبِيِّ صلى الله عليه وسلم فَقَالَ ‏\n\"‏ لَيْسَ لِلَّهِ شَرِيكٌ ‏\"‏ ‏.‏ زَادَ ابْنُ كَثِيرٍ فِي حَدِيثِهِ فَأَجَازَ النَّبِيُّ صلى الله عليه وسلم عِتْقَهُ ‏.‏",
      "english": {
        "narrator": "Narrated Abu al-Malih:",
        "text": "On his father's authority (this is AbulWalid's version): A man emancipated a share in a slave and the matter was mentioned to the Prophet (ﷺ). He said: Allah has no partner. \n\n\n\n\n\nIbn Kathir added in his version: The Prophet (ﷺ) allowed his emancipation."
      },
      "turkish": {
        "narrator": "Narrated Abu al-Malih:",
        "text": "Aişe dedi ki: Sonra Allah'ın Elçisi (ﷺ)'nin yanına özgürlüğünü satın almak için yardım istemeye geldi. Kapıda durduğunda, ona onaylamaz bir şekilde baktım. Allah'ın Elçisi (ﷺ)'nin de ona benim baktığım gibi bakacağını fark ettim."
      }
    },
    {
      "id": 9,
      "idInBook": 9,
      "chapterId": 31,
      "bookId": 4,
      "arabic": "حَدَّثَنَا مُحَمَّدُ بْنُ كَثِيرٍ، أَخْبَرَنَا هَمَّامٌ، عَنْ قَتَادَةَ، عَنِ النَّضْرِ بْنِ أَنَسٍ، عَنْ بَشِيرِ بْنِ نَهِيكٍ، عَنْ أَبِي هُرَيْرَةَ، أَنَّ رَجُلاً، أَعْتَقَ شِقْصًا لَهُ مِنْ غُلاَمٍ فَأَجَازَ النَّبِيُّ صلى الله عليه وسلم عِتْقَهُ وَغَرَّمَهُ بَقِيَّةَ ثَمَنِهِ ‏.‏",
      "english": {
        "narrator": "Narrated AbuHurayrah:",
        "text": "A man emancipated his share in a slave. The Prophet (ﷺ) allowed his (full) emancipation, and required him to pay the rest of his price."
      },
      "turkish": {
        "narrator": "Narrated AbuHurayrah:",
        "text": "Dedi ki: Allah'ın Elçisi, ben Cüveyriye, Harith'in kızıyım, ve başıma bir şey geldi, bu sizden gizli değil. Thabit b. Kays b. Şammâs'a düştüm ve özgürlüğümü satın almak için bir anlaşma yaptım. Özgürlüğümü satın almak için yardım istemek üzere geldim."
      }
    },
    {
      "id": 10,
      "idInBook": 10,
      "chapterId": 31,
      "bookId": 4,
      "arabic": "حَدَّثَنَا مُحَمَّدُ بْنُ الْمُثَنَّى، حَدَّثَنَا مُحَمَّدُ بْنُ جَعْفَرٍ، ح وَحَدَّثَنَا أَحْمَدُ بْنُ عَلِيِّ بْنِ سُوَيْدٍ، حَدَّثَنَا رَوْحٌ، قَالاَ حَدَّثَنَا شُعْبَةُ، عَنْ قَتَادَةَ، بِإِسْنَادِهِ عَنِ النَّبِيِّ صلى الله عليه وسلم قَالَ ‏\n\"‏ مَنْ أَعْتَقَ مَمْلُوكًا بَيْنَهُ وَبَيْنَ آخَرَ فَعَلَيْهِ خَلاَصُهُ ‏\"‏ ‏.‏ وَهَذَا لَفْظُ ابْنِ سُوَيْدٍ ‏.‏",
      "english": {
        "narrator": "Qatadah narrated with his chain of narrators:",
        "text": "The Prophet (ﷺ) said: If a man emancipates a slave shared by him with another man, his emancipation rests with him (who emancipated his share). This is the version of Ibn Suwaid."
      },
      "turkish": {
        "narrator": "Qatadah narrated with his chain of narrators:",
        "text": "Allah'ın Elçisi (ﷺ) dedi ki: Daha iyi olana mı yöneliyorsun? O sordu: O nedir, Allah'ın Elçisi? O cevapladı: Ben senin özgürlüğünün bedelini senin adınla ödeyeceğim ve seninle evleneceğim."
      }
    },
    {
      "id": 11,
      "idInBook": 11,
      "chapterId": 31,
      "bookId": 4,
      "arabic": "حَدَّثَنَا ابْنُ الْمُثَنَّى، حَدَّثَنَا مُعَاذُ بْنُ هِشَامٍ، حَدَّثَنِي أَبِي ح، وَحَدَّثَنَا أَحْمَدُ بْنُ عَلِيِّ بْنِ سُوَيْدٍ، حَدَّثَنَا رَوْحٌ، حَدَّثَنَا هِشَامُ بْنُ أَبِي عَبْدِ اللَّهِ، عَنْ قَتَادَةَ، بِإِسْنَادِهِ أَنَّ النَّبِيَّ صلى الله عليه وسلم قَالَ ‏\n\"‏ مَنْ أَعْتَقَ نَصِيبًا لَهُ فِي مَمْلُوكٍ عَتَقَ مِنْ مَالِهِ إِنْ كَانَ لَهُ مَالٌ ‏\"‏ ‏.‏ وَلَمْ يَذْكُرِ ابْنُ الْمُثَنَّى النَّضْرَ بْنَ أَنَسٍ وَهَذَا لَفْظُ ابْنِ سُوَيْدٍ ‏.‏",
      "english": {
        "narrator": "Qatadah narrated with his chain of narrators. The Prophet (ﷺ) said:",
        "text": "If anyone emancipates his share in a slave, he emancipates him (completely) by his property if he has property. The narrator Ibn al-Muthanna did not mention al-Nadr b. Anas. This is the version of Ibn Suwaid."
      },
      "turkish": {
        "narrator": "Qatadah narrated with his chain of narrators. The Prophet (ﷺ) said:",
        "text": "O dedi ki: Bunu yapacağım. O (Aişe) dedi ki: İnsanlar, Allah'ın Elçisi (ﷺ)'nin Cüveyriye ile evlendiğini duydu. Onlar ellerindeki esirleri serbest bıraktılar ve dediler ki: Onlar, Allah'ın Elçisi (ﷺ)'nin evlilik akrabalarıdır. Cüveyriye'den daha büyük bir kadın görmedik ki, halkına bereket getirsin. Banu el-Mustaliq'tan yüz aile onun yüzünden serbest bırakıldı."
      }
    },
    {
      "id": 12,
      "idInBook": 12,
      "chapterId": 31,
      "bookId": 4,
      "arabic": "حَدَّثَنَا مُسْلِمُ بْنُ إِبْرَاهِيمَ، حَدَّثَنَا أَبَانُ، - يَعْنِي الْعَطَّارَ - حَدَّثَنَا قَتَادَةُ، عَنِ النَّضْرِ بْنِ أَنَسٍ، عَنْ بَشِيرِ بْنِ نَهِيكٍ، عَنْ أَبِي هُرَيْرَةَ، قَالَ قَالَ النَّبِيُّ صلى الله عليه وسلم ‏\n\"‏ مَنْ أَعْتَقَ شَقِيصًا فِي مَمْلُوكِهِ فَعَلَيْهِ أَنْ يُعْتِقَهُ كُلَّهُ إِنْ كَانَ لَهُ مَالٌ وَإِلاَّ اسْتُسْعِيَ الْعَبْدُ غَيْرَ مَشْقُوقٍ عَلَيْهِ ‏\"‏ ‏.‏",
      "english": {
        "narrator": "Abu Hurairah reported the Prophet (ﷺ) as saying:",
        "text": "If anyone emancipates a share in his slave, he should completely emancipate him if he has money; but if he has none, then slave will be required to work (to pay for his freedom), but he must not be overburdened."
      },
      "turkish": {
        "narrator": "Abu Hurairah reported the Prophet (ﷺ) as saying:",
        "text": "Abu Davud dedi ki: Bu delil, bir Müslüman yöneticinin bir köle kadınla evlenebileceğini göstermektedir."
      }
    },
    {
      "id": 13,
      "idInBook": 13,
      "chapterId": 31,
      "bookId": 4,
      "arabic": "حَدَّثَنَا نَصْرُ بْنُ عَلِيٍّ، أَخْبَرَنَا يَزِيدُ، - يَعْنِي ابْنَ زُرَيْعٍ - ح وَحَدَّثَنَا عَلِيُّ بْنُ عَبْدِ اللَّهِ، حَدَّثَنَا مُحَمَّدُ بْنُ بِشْرٍ، - وَهَذَا لَفْظُهُ - عَنْ سَعِيدِ بْنِ أَبِي عَرُوبَةَ، عَنْ قَتَادَةَ، عَنِ النَّضْرِ بْنِ أَنَسٍ، عَنْ بَشِيرِ بْنِ نَهِيكٍ، عَنْ أَبِي هُرَيْرَةَ، عَنْ رَسُولِ اللَّهِ صلى الله عليه وسلم قَالَ ‏\"‏ مَنْ أَعْتَقَ شِقْصًا لَهُ - أَوْ شَقِيصًا لَهُ - فِي مَمْلُوكٍ فَخَلاَصُهُ عَلَيْهِ فِي مَالِهِ إِنْ كَانَ لَهُ مَالٌ فَإِنْ لَمْ يَكُنْ لَهُ مَالٌ قُوِّمَ الْعَبْدُ قِيمَةَ عَدْلٍ ثُمَّ اسْتُسْعِيَ لِصَاحِبِهِ فِي قِيمَتِهِ غَيْرَ مَشْقُوقٍ عَلَيْهِ ‏\"‏ ‏.‏ قَالَ أَبُو دَاوُدَ فِي حَدِيثِهِمَا جَمِيعًا ‏\"‏ فَاسْتُسْعِيَ غَيْرَ مَشْقُوقٍ عَلَيْهِ ‏\"‏ ‏.‏ وَهَذَا لَفْظُ عَلِيٍّ ‏.‏",
      "english": {
        "narrator": "Abu Hurairah reported the Prophet (ﷺ) as saying:",
        "text": "If anyone emancipates his share in a slave, he is to be completely emancipated by his money if he has money. But if he has no money, a fair price for the slave should be fixed, and the slave is required to work for his master according to the proportion of his price, but he must not be overburdened.\n\n\nAbu Dawud said: In the version of both the narrators the words are \"he will be required to work and must not be overburdened\". This is the version of 'Ali."
      },
      "turkish": {
        "narrator": "Abu Hurairah reported the Prophet (ﷺ) as saying:",
        "text": "Umm Salamah, Ümmü'l-Müminin'den rivayet edilmiştir: Safinah dedi ki: Ben Umm Salamah'ın kölesiydim ve o dedi ki: Seni özgür bırakacağım, ama şartım var: Hayatın boyunca Allah'ın Elçisi (ﷺ)'ne hizmet etmelisin. Ben dedim ki: Sen şart koymasan bile, ben Allah'ın Elçisi (ﷺ)'nden ayrılmam. O beni özgür bıraktı ve benimle şart koydu."
      }
    },
    {
      "id": 14,
      "idInBook": 14,
      "chapterId": 31,
      "bookId": 4,
      "arabic": "حَدَّثَنَا مُحَمَّدُ بْنُ بَشَّارٍ، حَدَّثَنَا يَحْيَى، وَابْنُ أَبِي عَدِيٍّ، عَنْ سَعِيدٍ، بِإِسْنَادِهِ وَمَعْنَاهُ ‏.‏ قَالَ أَبُو دَاوُدَ وَرَوَاهُ رَوْحُ بْنُ عُبَادَةَ عَنْ سَعِيدِ بْنِ أَبِي عَرُوبَةَ، لَمْ يَذْكُرِ السِّعَايَةَ وَرَوَاهُ جَرِيرُ بْنُ حَازِمٍ وَمُوسَى بْنُ خَلَفٍ جَمِيعًا عَنْ قَتَادَةَ، بِإِسْنَادِ يَزِيدَ بْنِ زُرَيْعٍ وَمَعْنَاهُ وَذَكَرَا فِيهِ السِّعَايَةَ ‏.‏",
      "english": {
        "narrator": "",
        "text": "The tradition mentioned above by Rawh b. 'Ubadah from Sa'id b. Abu 'Arubah. In this version he did not mention the words \"the slave should be required to work.\" If has also been transmitted by Jarir b. Hazim and Musa b. Khalaf from Qatadah through the chain of Yazid b. Zurai' and to the same effect. In this version they mentioned the words \"the slave should be required to work\""
      },
      "turkish": {
        "narrator": "",
        "text": "Ebu'l-Malih'ten rivayet edilmiştir: Babası aracılığıyla (bu AbulWalid'in versiyonu): Bir adam bir kölenin bir hissesini özgür bıraktı ve bu durum Peygamber (ﷺ)'e iletildi. O dedi ki: Allah'ın ortağı yoktur."
      }
    },
    {
      "id": 15,
      "idInBook": 15,
      "chapterId": 31,
      "bookId": 4,
      "arabic": "حَدَّثَنَا الْقَعْنَبِيُّ، عَنْ مَالِكٍ، عَنْ نَافِعٍ، عَنْ عَبْدِ اللَّهِ بْنِ عُمَرَ، أَنَّ رَسُولَ اللَّهِ صلى الله عليه وسلم قَالَ ‏\n\"‏ مَنْ أَعْتَقَ شِرْكًا لَهُ فِي مَمْلُوكٍ أُقِيمَ عَلَيْهِ قِيمَةَ الْعَدْلِ فَأَعْطَى شُرَكَاءَهُ حِصَصَهُمْ وَأُعْتِقَ عَلَيْهِ الْعَبْدُ وَإِلاَّ فَقَدْ عَتَقَ مِنْهُ مَا عَتَقَ ‏\"‏ ‏.‏ ‏.‏",
      "english": {
        "narrator": "'Abd Allah b. 'Umar reported the Messenger of Allah (ﷺ) as saying:",
        "text": "If anyone emancipates his share in slave, a fair price for the slave should be fixed, give his partners their shares, and the slave be thus emancipated. Otherwise he is emancipated to the extent of the share which he emancipated."
      },
      "turkish": {
        "narrator": "'Abd Allah b. 'Umar reported the Messenger of Allah (ﷺ) as saying:",
        "text": "İbn Kesir, kendi versiyonunda ekledi: Peygamber (ﷺ) onun özgürlüğünü onayladı."
      }
    },
    {
      "id": 16,
      "idInBook": 16,
      "chapterId": 31,
      "bookId": 4,
      "arabic": "حَدَّثَنَا مُؤَمَّلٌ، حَدَّثَنَا إِسْمَاعِيلُ، عَنْ أَيُّوبَ، عَنْ نَافِعٍ، عَنِ ابْنِ عُمَرَ، عَنِ النَّبِيِّ صلى الله عليه وسلم بِمَعْنَاهُ قَالَ وَكَانَ نَافِعٌ رُبَّمَا قَالَ ‏\n\"‏ فَقَدْ عَتَقَ مِنْهُ مَا عَتَقَ ‏\"‏ ‏.‏ وَرُبَّمَا لَمْ يَقُلْهُ ‏.‏",
      "english": {
        "narrator": "The tradition mentioned above has also been transmitted by Ibn 'Umar to the same effect through a different chain of narrators. Nafi' sometimes said:",
        "text": "He will be emancipated to the extent of the share which he emancipated, and sometimes he did not say these words."
      },
      "turkish": {
        "narrator": "The tradition mentioned above has also been transmitted by Ibn 'Umar to the same effect through a different chain of narrators. Nafi' sometimes said:",
        "text": "Yukarıda belirtilen rivayet, İbn 'Umar tarafından farklı bir nakil zinciriyle aynı etkiyle aktarılmıştır. Nafi' bazen şöyle derdi: O, özgürleştirdiği pay kadar özgürleşecektir, bazen de bu sözleri söylemezdi."
      }
    },
    {
      "id": 17,
      "idInBook": 17,
      "chapterId": 31,
      "bookId": 4,
      "arabic": "حَدَّثَنَا سُلَيْمَانُ بْنُ دَاوُدَ، حَدَّثَنَا حَمَّادٌ، عَنْ أَيُّوبَ، عَنْ نَافِعٍ، عَنِ ابْنِ عُمَرَ، عَنِ النَّبِيِّ صلى الله عليه وسلم بِهَذَا الْحَدِيثِ قَالَ أَيُّوبُ فَلاَ أَدْرِي هُوَ فِي الْحَدِيثِ عَنِ النَّبِيِّ صلى الله عليه وسلم أَوْ شَىْءٌ قَالَهُ نَافِعٌ وَإِلاَّ عَتَقَ مِنْهُ مَا عَتَقَ ‏.‏",
      "english": {
        "narrator": "The tradition mentioned above has also been narrated by Ibn 'Umar from the Prophet (ﷺ). The narrator Ayyub said:",
        "text": "I do not know whether the following words are part of the tradition of the Prophet (ﷺ) or Nafi' told them himself: \"Otherwise he will be emancipated to the extent of the first man's share.\""
      },
      "turkish": {
        "narrator": "The tradition mentioned above has also been narrated by Ibn 'Umar from the Prophet (ﷺ). The narrator Ayyub said:",
        "text": "Yukarıda belirtilen rivayet, İbn 'Umar tarafından Peygamber (ﷺ) den nakledilmiştir. Rivayetçi Ayyub dedi ki: Aşağıdaki sözlerin Peygamber (ﷺ) in rivayetinin bir parçası olup olmadığını bilmiyorum ya da Nafi' bunları kendisi söyledi: \"Aksi takdirde, o, ilk adamın payı kadar özgürleşecektir.\""
      }
    },
    {
      "id": 18,
      "idInBook": 18,
      "chapterId": 31,
      "bookId": 4,
      "arabic": "حَدَّثَنَا إِبْرَاهِيمُ بْنُ مُوسَى الرَّازِيُّ، أَخْبَرَنَا عِيسَى بْنُ يُونُسَ، حَدَّثَنَا عُبَيْدُ اللَّهِ، عَنْ نَافِعٍ، عَنِ ابْنِ عُمَرَ، قَالَ قَالَ رَسُولُ اللَّهِ صلى الله عليه وسلم ‏\n\"‏ مَنْ أَعْتَقَ شِرْكًا مِنْ مَمْلُوكٍ لَهُ فَعَلَيْهِ عِتْقُهُ كُلُّهُ إِنْ كَانَ لَهُ مَا يَبْلُغُ ثَمَنَهُ وَإِنْ لَمْ يَكُنْ لَهُ مَالٌ عَتَقَ نَصِيبُهُ ‏\"‏ ‏.‏",
      "english": {
        "narrator": "Ibn 'Umar reported the Messenger of Allah (ﷺ) as saying:",
        "text": "If anyone emancipates his share in a slave, he should emancipate him completely if he has enough money to pay the full price ; but if he has none, he will be emancipated to the extent of his share."
      },
      "turkish": {
        "narrator": "Ibn 'Umar reported the Messenger of Allah (ﷺ) as saying:",
        "text": "İbn 'Umar, Allah'ın Messenger'ının (ﷺ) şöyle söylediğini bildirdi: Eğer biri bir kölenin payını özgürleştirirse, eğer tam fiyatı ödeyecek kadar parası varsa, onu tamamen özgürleştirmelidir; ama eğer parası yoksa, o, payı kadar özgürleşecektir."
      }
    },
    {
      "id": 19,
      "idInBook": 19,
      "chapterId": 31,
      "bookId": 4,
      "arabic": "حَدَّثَنَا مَخْلَدُ بْنُ خَالِدٍ، حَدَّثَنَا يَزِيدُ بْنُ هَارُونَ، أَخْبَرَنَا يَحْيَى بْنُ سَعِيدٍ، عَنْ نَافِعٍ، عَنِ ابْنِ عُمَرَ، عَنِ النَّبِيِّ صلى الله عليه وسلم بِمَعْنَى إِبْرَاهِيمَ بْنِ مُوسَى ‏.‏",
      "english": {
        "narrator": "",
        "text": "The tradition mentioned above has also been transmitted by Ibn 'Umar from the Prophet (ﷺ) to the same effect as mentioned by Ibrahim b. Musa through a different chain."
      },
      "turkish": {
        "narrator": "",
        "text": "Yukarıda belirtilen rivayet, İbn 'Umar tarafından Peygamber (ﷺ) den, İbrahim b. Musa'nın farklı bir zincirle belirttiği gibi aktarılmıştır."
      }
    },
    {
      "id": 20,
      "idInBook": 20,
      "chapterId": 31,
      "bookId": 4,
      "arabic": "حَدَّثَنَا عَبْدُ اللَّهِ بْنُ مُحَمَّدِ بْنِ أَسْمَاءَ، حَدَّثَنَا جُوَيْرِيَةُ، عَنْ نَافِعٍ، عَنِ ابْنِ عُمَرَ، عَنِ النَّبِيِّ صلى الله عليه وسلم بِمَعْنَى مَالِكٍ وَلَمْ يَذْكُرْ ‏\"‏ وَإِلاَّ فَقَدْ عَتَقَ مِنْهُ مَا عَتَقَ ‏\"‏ ‏.‏ انْتَهَى حَدِيثُهُ إِلَى ‏\"‏ وَأُعْتِقَ عَلَيْهِ الْعَبْدُ ‏\"‏ ‏.‏ عَلَى مَعْنَاهُ ‏.‏",
      "english": {
        "narrator": "",
        "text": "The tradition mentioned above has also been narrated by Ibn 'Umar through a different chain of transmitters to the same effect as mentioned by Malik. In this version there is no mention of the words \"otherwise he will be emancipated to the extent of the first man's share.\" His version ends \"and the slave be thus emancipated,\" to the same effect as he (Malik) mentioned."
      },
      "turkish": {
        "narrator": "",
        "text": "Yukarıda belirtilen rivayet, İbn 'Umar tarafından farklı bir nakil zinciriyle Malik'in belirttiği gibi aynı etkiyle aktarılmıştır. Bu versiyonda \"aksi takdirde, o, ilk adamın payı kadar özgürleşecektir\" sözleri geçmemektedir. Onun versiyonu \"ve köle böylece özgürleşir\" şeklinde sona ermektedir, Malik'in belirttiği gibi."
      }
    },
    {
      "id": 21,
      "idInBook": 21,
      "chapterId": 31,
      "bookId": 4,
      "arabic": "حَدَّثَنَا الْحَسَنُ بْنُ عَلِيٍّ، حَدَّثَنَا عَبْدُ الرَّزَّاقِ، أَخْبَرَنَا مَعْمَرٌ، عَنِ الزُّهْرِيِّ، عَنْ سَالِمٍ، عَنِ ابْنِ عُمَرَ، أَنَّ النَّبِيَّ صلى الله عليه وسلم قَالَ ‏\n\"‏ مَنْ أَعْتَقَ شِرْكًا لَهُ فِي عَبْدٍ عَتَقَ مِنْهُ مَا بَقِيَ فِي مَالِهِ إِذَا كَانَ لَهُ مَا يَبْلُغُ ثَمَنَ الْعَبْدِ ‏\"‏ ‏.‏",
      "english": {
        "narrator": "Ibn 'Umar reported the Prophet (ﷺ) as saying:",
        "text": "If a man emancipates his share in a slave, the rest will be emancipated by his money if he has enough money to pay the full price for him."
      },
      "turkish": {
        "narrator": "Ibn 'Umar reported the Prophet (ﷺ) as saying:",
        "text": "İbn 'Umar, Peygamber (ﷺ) ın şöyle söylediğini bildirdi: Eğer bir adam bir kölenin payını özgürleştirirse, geriye kalan kısım, eğer tam fiyatını ödeyecek kadar parası varsa, onun parasıyla özgürleşecektir."
      }
    },
    {
      "id": 22,
      "idInBook": 22,
      "chapterId": 31,
      "bookId": 4,
      "arabic": "حَدَّثَنَا أَحْمَدُ بْنُ حَنْبَلٍ، حَدَّثَنَا سُفْيَانُ، عَنْ عَمْرِو بْنِ دِينَارٍ، عَنْ سَالِمٍ، عَنْ أَبِيهِ، يَبْلُغُ بِهِ النَّبِيَّ صلى الله عليه وسلم ‏\n\"‏ إِذَا كَانَ الْعَبْدُ بَيْنَ اثْنَيْنِ فَأَعْتَقَ أَحَدُهُمَا نَصِيبَهُ فَإِنْ كَانَ مُوسِرًا يُقَوَّمُ عَلَيْهِ قِيمَةً لاَ وَكْسَ وَلاَ شَطَطَ ثُمَّ يُعْتَقُ ‏\"‏ ‏.‏",
      "english": {
        "narrator": "Ibn 'Umar reported the Prophet (ﷺ) as saying:",
        "text": "If a man is shared by two men, and one of them emancipates his share, a price of the slave will be fixed, not more or less, and he will be emancipated by him in case he is rich."
      },
      "turkish": {
        "narrator": "Ibn 'Umar reported the Prophet (ﷺ) as saying:",
        "text": "İbn 'Umar, Peygamber (ﷺ) ın şöyle söylediğini bildirdi: Eğer bir adam iki adam tarafından paylaşılıyorsa ve bunlardan biri payını özgürleştirirse, kölenin bir fiyatı belirlenir, ne fazla ne de az, ve eğer zenginse, o tarafından özgürleştirilecektir."
      }
    },
    {
      "id": 23,
      "idInBook": 23,
      "chapterId": 31,
      "bookId": 4,
      "arabic": "حَدَّثَنَا أَحْمَدُ بْنُ حَنْبَلٍ، حَدَّثَنَا مُحَمَّدُ بْنُ جَعْفَرٍ، حَدَّثَنَا شُعْبَةُ، عَنْ خَالِدٍ، عَنْ أَبِي بِشْرٍ الْعَنْبَرِيِّ، عَنِ ابْنِ التَّلِبِّ، عَنْ أَبِيهِ، أَنَّ رَجُلاً، أَعْتَقَ نَصِيبًا لَهُ مِنْ مَمْلُوكٍ فَلَمْ يُضَمِّنْهُ النَّبِيُّ صلى الله عليه وسلم ‏.‏ قَالَ أَحْمَدُ إِنَّمَا هُوَ بِالتَّاءِ - يَعْنِي التَّلِبَّ - وَكَانَ شُعْبَةُ أَلْثَغَ لَمْ يُبَيِّنِ التَّاءَ مِنَ الثَّاءِ ‏.‏",
      "english": {
        "narrator": "Narrated ath-Thalabb:",
        "text": "On the authority of his father: A man emancipated his share in a slave. The Prophet (ﷺ) did not put the responsibility on him to emancipate the rest.\n\n\n\nAhmad said: The name Ibn al-Thalabb is to be pronounced with a ta' (and not with tha). As Shu'bah could not pronounce ta, he said tha."
      },
      "turkish": {
        "narrator": "Narrated ath-Thalabb:",
        "text": "ath-Thalabb'dan nakledildi: Babası aracılığıyla: Bir adam bir kölenin payını özgürleştirdi. Peygamber (ﷺ) ona geriye kalanını özgürleştirme sorumluluğunu yüklemedi."
      }
    },
    {
      "id": 24,
      "idInBook": 24,
      "chapterId": 31,
      "bookId": 4,
      "arabic": "حَدَّثَنَا مُسْلِمُ بْنُ إِبْرَاهِيمَ، وَمُوسَى بْنُ إِسْمَاعِيلَ، قَالاَ حَدَّثَنَا حَمَّادُ بْنُ سَلَمَةَ، عَنْ قَتَادَةَ، عَنِ الْحَسَنِ، عَنْ سَمُرَةَ، عَنِ النَّبِيِّ صلى الله عليه وسلم وَقَالَ مُوسَى فِي مَوْضِعٍ آخَرَ عَنْ سَمُرَةَ بْنِ جُنْدُبٍ فِيمَا يَحْسِبُ حَمَّادٌ قَالَ قَالَ رَسُولُ اللَّهِ صلى الله عليه وسلم ‏\n\"‏ مَنْ مَلَكَ ذَا رَحِمٍ مَحْرَمٍ فَهُوَ حُرٌّ ‏\"‏ ‏.‏ قَالَ أَبُو دَاوُدَ رَوَى مُحَمَّدُ بْنُ بَكْرٍ الْبُرْسَانِيُّ عَنْ حَمَّادِ بْنِ سَلَمَةَ عَنْ قَتَادَةَ وَعَاصِمٍ عَنِ الْحَسَنِ عَنْ سَمُرَةَ عَنِ النَّبِيِّ صلى الله عليه وسلم مِثْلَ ذَلِكَ الْحَدِيثِ ‏.‏ قَالَ أَبُو دَاوُدَ وَلَمْ يُحَدِّثْ ذَلِكَ الْحَدِيثَ إِلاَّ حَمَّادُ بْنُ سَلَمَةَ وَقَدْ شَكَّ فِيهِ ‏.‏",
      "english": {
        "narrator": "Narrated Samurah:",
        "text": "The Prophet (ﷺ) said: (The narrator Musa said in another place: From Samurah ibn Jundub as presumed by Hammad): If anyone gets possession of a relative who is within the prohibited degrees, that person becomes free. AbuDawud said: A similar tradition has also been transmitted by Samurah from the Prophet (ﷺ) through a different chain.\n\n\n\nAbu Dawud said: Only Hammad b. Salamah has transmitted this tradition and he had doubt in it."
      },
      "turkish": {
        "narrator": "Narrated Samurah:",
        "text": "Ahmad dedi ki: İbn al-Thalabb adı ta' ile okunmalıdır (tha ile değil). Shu'bah ta'yı telaffuz edemediği için tha dedi."
      }
    },
    {
      "id": 25,
      "idInBook": 25,
      "chapterId": 31,
      "bookId": 4,
      "arabic": "حَدَّثَنَا مُحَمَّدُ بْنُ سُلَيْمَانَ الأَنْبَارِيُّ، حَدَّثَنَا عَبْدُ الْوَهَّابِ، عَنْ سَعِيدٍ، عَنْ قَتَادَةَ، أَنَّ عُمَرَ بْنَ الْخَطَّابِ، - رضى الله عنه - قَالَ مَنْ مَلَكَ ذَا رَحِمٍ مَحْرَمٍ فَهُوَ حُرٌّ ‏.‏",
      "english": {
        "narrator": "Narrated Umar ibn al-Khattab:",
        "text": "Qatadah reported Umar ibn al-Khattab (may Allah be pleased with him) as saying: If anyone gets possession of a relative who is within the prohibited degrees, that person becomes free."
      },
      "turkish": {
        "narrator": "Narrated Umar ibn al-Khattab:",
        "text": "Samurah'dan nakledildi: Peygamber (ﷺ) şöyle dedi: (Rivayetçi Musa başka bir yerde şöyle dedi: Samurah ibn Jundub'dan, Hammad'ın varsaydığı gibi): Eğer biri, yasaklı derecelerde bir akrabayı ele geçirirse, o kişi özgürleşir. AbuDawud dedi ki: Benzer bir rivayet, Samurah'dan Peygamber (ﷺ) aracılığıyla farklı bir zincirle aktarılmıştır."
      }
    },
    {
      "id": 26,
      "idInBook": 26,
      "chapterId": 31,
      "bookId": 4,
      "arabic": "حَدَّثَنَا مُحَمَّدُ بْنُ سُلَيْمَانَ، حَدَّثَنَا عَبْدُ الْوَهَّابِ، عَنْ سَعِيدٍ، عَنْ قَتَادَةَ، عَنِ الْحَسَنِ، قَالَ مَنْ مَلَكَ ذَا رَحِمٍ مَحْرَمٍ فَهُوَ حُرٌّ ‏.‏",
      "english": {
        "narrator": "Qatadah reported 'Umar b. al-Khattab (ra) as saying:",
        "text": "If anyone gets possession of a relative who is within the prohibited degrees, that person becomes free."
      },
      "turkish": {
        "narrator": "Qatadah reported 'Umar b. al-Khattab (ra) as saying:",
        "text": "Abu Dawud dedi ki: Bu rivayeti sadece Hammad b. Salamah aktarmıştır ve o konuda şüpheleri vardı."
      }
    },
    {
      "id": 27,
      "idInBook": 27,
      "chapterId": 31,
      "bookId": 4,
      "arabic": "حَدَّثَنَا أَبُو بَكْرِ بْنُ أَبِي شَيْبَةَ، حَدَّثَنَا أَبُو أُسَامَةَ، عَنْ سَعِيدٍ، عَنْ قَتَادَةَ، عَنْ جَابِرِ بْنِ زَيْدٍ، وَالْحَسَنِ، مِثْلَهُ ‏.‏ قَالَ أَبُو دَاوُدَ سَعِيدٌ أَحْفَظُ مِنْ حَمَّادٍ ‏.‏",
      "english": {
        "narrator": "A similar tradition has also been transmitted by Jabir b. Zaid and al-Hasan through a different chain of narrators.\n\n\nAbu Dawud said:",
        "text": "The narrator sa'id retained te tradition more carefully than Hammad."
      },
      "turkish": {
        "narrator": "A similar tradition has also been transmitted by Jabir b. Zaid and al-Hasan through a different chain of narrators.\n\n\nAbu Dawud said:",
        "text": "Umar ibn al-Khattab'dan nakledildi: Kâtâde, Umar ibn al-Khattab (Allah ondan razı olsun) ın şöyle söylediğini bildirdi: Eğer biri, yasaklı derecelerde bir akrabayı ele geçirirse, o kişi özgürleşir."
      }
    },
    {
      "id": 28,
      "idInBook": 28,
      "chapterId": 31,
      "bookId": 4,
      "arabic": "حَدَّثَنَا عَبْدُ اللَّهِ بْنُ مُحَمَّدٍ النُّفَيْلِيُّ، حَدَّثَنَا مُحَمَّدُ بْنُ سَلَمَةَ، عَنْ مُحَمَّدِ بْنِ إِسْحَاقَ، عَنْ خَطَّابِ بْنِ صَالِحٍ، مَوْلَى الأَنْصَارِيِّ عَنْ أُمِّهِ، عَنْ سَلاَمَةَ بِنْتِ مَعْقِلٍ، - امْرَأَةٍ مِنْ خَارِجَةِ قَيْسِ عَيْلاَنَ - قَالَتْ قَدِمَ بِي عَمِّي فِي الْجَاهِلِيَّةِ فَبَاعَنِي مِنَ الْحُبَابِ بْنِ عَمْرٍو أَخِي أَبِي الْيَسَرِ بْنِ عَمْرٍو فَوَلَدْتُ لَهُ عَبْدَ الرَّحْمَنِ بْنَ الْحُبَابِ ثُمَّ هَلَكَ فَقَالَتِ امْرَأَتُهُ الآنَ وَاللَّهِ تُبَاعِينَ فِي دَيْنِهِ فَأَتَيْتُ رَسُولَ اللَّهِ صلى الله عليه وسلم فَقُلْتُ يَا رَسُولَ اللَّهِ إِنِّي امْرَأَةٌ مِنْ خَارِجَةِ قَيْسِ عَيْلاَنَ قَدِمَ بِي عَمِّي الْمَدِينَةَ فِي الْجَاهِلِيَّةِ فَبَاعَنِي مِنَ الْحُبَابِ بْنِ عَمْرٍو أَخِي أَبِي الْيَسَرِ بْنِ عَمْرٍو فَوَلَدْتُ لَهُ عَبْدَ الرَّحْمَنِ بْنَ الْحُبَابِ فَقَالَتِ امْرَأَتُهُ الآنَ وَاللَّهِ تُبَاعِينَ فِي دَيْنِهِ ‏.‏ فَقَالَ رَسُولُ اللَّهِ صلى الله عليه وسلم ‏\"‏ مَنْ وَلِيُّ الْحُبَابِ ‏\"‏ ‏.‏ قِيلَ أَخُوهُ أَبُو الْيَسَرِ بْنُ عَمْرٍو فَبَعَثَ إِلَيْهِ فَقَالَ ‏\"‏ أَعْتِقُوهَا فَإِذَا سَمِعْتُمْ بِرَقِيقٍ قَدِمَ عَلَىَّ فَأْتُونِي أُعَوِّضْكُمْ مِنْهَا ‏\"‏ ‏.‏ قَالَتْ فَأَعْتَقُونِي وَقَدِمَ عَلَى رَسُولِ اللَّهِ صلى الله عليه وسلم رَقِيقٌ فَعَوَّضَهُمْ مِنِّي غُلاَمًا ‏.‏",
      "english": {
        "narrator": "Narrated Sulamah bint Ma'qil al-Qasiyyah:",
        "text": "My uncle brought me (to Medina) in the pre-Islamic days. He sold me to al-Hubab ibn Amr, brother of AbulYusr ibn Amr. I bore a child, AbdurRahman ibn al-Hubab, to him and he (al-Hubab) then died.  \n\n\n\n\n\nThereupon his wife said: I swear by Allah, now you will be sold (as a repayment) for his loan.  \n\n\n\n\n\nSo I came to the Messenger of Allah (ﷺ) and said: Messenger of Allah! I am a woman of Banu Kharijah Qays ibn Aylan. My uncle had brought me to Medina in pre-Islamic days. He sold me to al-Hubab ibn Amr, brother of AbulYusr ibn Amr. I bore AbdurRahman ibn al-Hubab to him. His wife said: I swear by Allah, you will be sold for his loan.  \n\n\n\n\n\nThe Messenger of Allah (ﷺ) said: Who is the guardian of al-Hubab?  \n\n\n\n\n\nHe was told: His brother, AbulYusr ibn Amr. He then sent for him and said: Set her free; when you hear that some slaves have been brought to me, came to me, and I shall compensate you for her.  \n\n\n\n\n\nShe said: They set me free, and when some slaves were brought to the Messenger of Allah (ﷺ), he gave them a slave in compensation for me."
      },
      "turkish": {
        "narrator": "Narrated Sulamah bint Ma'qil al-Qasiyyah:",
        "text": "Kâtâde, 'Umar b. al-Khattab (ra) ın şöyle söylediğini bildirdi: Eğer biri, yasaklı derecelerde bir akrabayı ele geçirirse, o kişi özgürleşir."
      }
    },
    {
      "id": 29,
      "idInBook": 29,
      "chapterId": 31,
      "bookId": 4,
      "arabic": "حَدَّثَنَا مُوسَى بْنُ إِسْمَاعِيلَ، حَدَّثَنَا حَمَّادٌ، عَنْ قَيْسٍ، عَنْ عَطَاءٍ، عَنْ جَابِرِ بْنِ عَبْدِ اللَّهِ، قَالَ بِعْنَا أُمَّهَاتِ الأَوْلاَدِ عَلَى عَهْدِ رَسُولِ اللَّهِ صلى الله عليه وسلم وَأَبِي بَكْرٍ فَلَمَّا كَانَ عُمَرُ نَهَانَا فَانْتَهَيْنَا ‏.‏",
      "english": {
        "narrator": "Narrated Jabir ibn Abdullah:",
        "text": "We sold slave-mothers during the time of the Messenger of Allah (ﷺ) and of AbuBakr. When Umar was in power, he forbade us and we stopped."
      },
      "turkish": {
        "narrator": "Narrated Jabir ibn Abdullah:",
        "text": "Benzer bir rivayet, Jabir b. Zaid ve al-Hasan tarafından farklı bir nakil zinciriyle aktarılmıştır."
      }
    },
    {
      "id": 30,
      "idInBook": 30,
      "chapterId": 31,
      "bookId": 4,
      "arabic": "حَدَّثَنَا أَحْمَدُ بْنُ حَنْبَلٍ، حَدَّثَنَا هُشَيْمٌ، عَنْ عَبْدِ الْمَلِكِ بْنِ أَبِي سُلَيْمَانَ، عَنْ عَطَاءٍ، وَإِسْمَاعِيلَ بْنِ أَبِي خَالِدٍ، عَنْ سَلَمَةَ بْنِ كُهَيْلٍ، عَنْ عَطَاءٍ، عَنْ جَابِرِ بْنِ عَبْدِ اللَّهِ، أَنَّ رَجُلاً، أَعْتَقَ غُلاَمًا لَهُ عَنْ دُبُرٍ مِنْهُ وَلَمْ يَكُنْ لَهُ مَالٌ غَيْرُهُ فَأَمَرَ بِهِ النَّبِيُّ صلى الله عليه وسلم فَبِيعَ بِسَبْعِمِائَةٍ أَوْ بِتِسْعِمِائَةٍ ‏.‏",
      "english": {
        "narrator": "Jabir b. 'Abd Allah said:",
        "text": "A man declared that his slave would be free after his death, but he had no other property. So the Prophet (ﷺ) ordered (to sell him). He was then sold for seven hundred or nine hundred (dirhams)."
      },
      "turkish": {
        "narrator": "Jabir b. 'Abd Allah said:",
        "text": "Abu Dawud dedi ki: Rivayetçi Sa'id, bu rivayeti Hammad'dan daha dikkatli bir şekilde saklamıştır."
      }
    },
    {
      "id": 31,
      "idInBook": 31,
      "chapterId": 31,
      "bookId": 4,
      "arabic": "حَدَّثَنَا جَعْفَرُ بْنُ مُسَافِرٍ، حَدَّثَنَا بِشْرُ بْنُ بَكْرٍ، أَخْبَرَنَا الأَوْزَاعِيُّ، حَدَّثَنِي عَطَاءُ بْنُ أَبِي رَبَاحٍ، حَدَّثَنِي جَابِرُ بْنُ عَبْدِ اللَّهِ، بِهَذَا زَادَ وَقَالَ - يَعْنِي النَّبِيَّ صلى الله عليه وسلم - ‏\n\"‏ أَنْتَ أَحَقُّ بِثَمَنِهِ وَاللَّهُ أَغْنَى عَنْهُ ‏\"‏ ‏.‏",
      "english": {
        "narrator": "The tradition mentioned above also has been transmitted by Jabir b. 'Abd Allah through a different chain of narrators. This version added:",
        "text": "The Prophet (ﷺ) said: You are more entitled to his price, and Allah has no need of it."
      },
      "turkish": {
        "narrator": "The tradition mentioned above also has been transmitted by Jabir b. 'Abd Allah through a different chain of narrators. This version added:",
        "text": "Yukarıda bahsedilen rivayet, Jabir b. 'Abd Allah tarafından farklı bir nakil zinciriyle de aktarılmıştır. Bu versiyonda eklenmiştir: Peygamber (ﷺ) şöyle dedi: Onun fiyatına daha çok hak sahibisiniz, ve Allah'ın buna ihtiyacı yoktur."
      }
    },
    {
      "id": 32,
      "idInBook": 32,
      "chapterId": 31,
      "bookId": 4,
      "arabic": "حَدَّثَنَا أَحْمَدُ بْنُ حَنْبَلٍ، حَدَّثَنَا إِسْمَاعِيلُ بْنُ إِبْرَاهِيمَ، حَدَّثَنَا أَيُّوبُ، عَنْ أَبِي الزُّبَيْرِ، عَنْ جَابِرٍ، أَنَّ رَجُلاً، مِنَ الأَنْصَارِ يُقَالُ لَهُ أَبُو مَذْكُورٍ أَعْتَقَ غُلاَمًا لَهُ يُقَالُ لَهُ يَعْقُوبُ عَنْ دُبُرٍ وَلَمْ يَكُنْ لَهُ مَالٌ غَيْرُهُ فَدَعَا بِهِ رَسُولُ اللَّهِ صلى الله عليه وسلم فَقَالَ ‏\"‏ مَنْ يَشْتَرِيهِ ‏\"‏ ‏.‏ فَاشْتَرَاهُ نُعَيْمُ بْنُ عَبْدِ اللَّهِ بْنِ النَّحَّامِ بِثَمَانِمِائَةِ دِرْهَمٍ فَدَفَعَهَا إِلَيْهِ ثُمَّ قَالَ ‏\"‏ إِذَا كَانَ أَحَدُكُمْ فَقِيرًا فَلْيَبْدَأْ بِنَفْسِهِ فَإِنْ كَانَ فِيهَا فَضْلٌ فَعَلَى عِيَالِهِ فَإِنْ كَانَ فِيهَا فَضْلٌ فَعَلَى ذِي قَرَابَتِهِ ‏\"‏ ‏.‏ أَوْ قَالَ ‏\"‏ عَلَى ذِي رَحِمِهِ فَإِنْ كَانَ فَضْلاً فَهَا هُنَا وَهَا هُنَا ‏\"‏ ‏.‏",
      "english": {
        "narrator": "Jabir said:",
        "text": "A man of the Ansar called Abu Madhkur declared that his slave called Ya'qub would be free after his death, but he had no other property. So the Messenger of Allah (ﷺ) called him and said: Who will buy him ? Nu'aim b. 'Abd Allah b. al-Nahham bought him for eight hundred dirhams. When he handed them over to him, he  (Prophet) said: If any of you is poor, he should begin from himself ; if anything is left over, give it to your family; if anything is left over, give it to your relatives ; if anything is left over (when they received something), then here and here."
      },
      "turkish": {
        "narrator": "Jabir said:",
        "text": "Jabir dedi ki: Ansar'dan Abu Madhkur adında bir adam, kölesi Ya'qub'un ölümünden sonra özgür olacağını ilan etti, fakat başka bir malı yoktu. Bunun üzerine Allah'ın Elçisi (ﷺ) onu çağırdı ve dedi ki: Kim onu satın alacak? Nu'aim b. 'Abd Allah b. al-Nahham onu sekiz yüz dirheme satın aldı. Ona parayı teslim ettiğinde, (Peygamber) dedi ki: İçinizden biri fakirse, önce kendisinden başlamalıdır; eğer bir şey kalırsa, onu ailesine verin; eğer bir şey kalırsa, akrabalarına verin; eğer bir şey kalırsa (bir şey aldıklarında), o zaman buraya ve buraya."
      }
    },
    {
      "id": 33,
      "idInBook": 33,
      "chapterId": 31,
      "bookId": 4,
      "arabic": "حَدَّثَنَا سُلَيْمَانُ بْنُ حَرْبٍ، حَدَّثَنَا حَمَّادُ بْنُ زَيْدٍ، عَنْ أَيُّوبَ، عَنْ أَبِي قِلاَبَةَ، عَنْ أَبِي الْمُهَلَّبِ، عَنْ عِمْرَانَ بْنِ حُصَيْنٍ، أَنَّ رَجُلاً، أَعْتَقَ سِتَّةَ أَعْبُدٍ عِنْدَ مَوْتِهِ وَلَمْ يَكُنْ لَهُ مَالٌ غَيْرُهُمْ فَبَلَغَ ذَلِكَ النَّبِيَّ صلى الله عليه وسلم فَقَالَ لَهُ قَوْلاً شَدِيدًا ثُمَّ دَعَاهُمْ فَجَزَّأَهُمْ ثَلاَثَةَ أَجْزَاءٍ فَأَقْرَعَ بَيْنَهُمْ فَأَعْتَقَ اثْنَيْنِ وَأَرَقَّ أَرْبَعَةً ‏.‏",
      "english": {
        "narrator": "'Imran b. Hussain said:",
        "text": "A man who had no other property emancipated six slaves of his at the time of the death. When the Prophet (ﷺ) was informed about it, he spoke severely of him. He then called them, divided them into three sections, cast lots among them, and emancipated two and kept four in slavery."
      },
      "turkish": {
        "narrator": "'Imran b. Hussain said:",
        "text": "'Imran b. Hussain dedi ki: Başka malı olmayan bir adam, ölüm anında altı kölesini özgür bıraktı. Peygamber (ﷺ) bundan haberdar olduğunda, ona sert bir şekilde konuştu. Sonra onları çağırdı, üç gruba ayırdı, aralarında kura çekti ve ikisini özgür bıraktı, dört tanesini köle olarak tuttu."
      }
    },
    {
      "id": 34,
      "idInBook": 34,
      "chapterId": 31,
      "bookId": 4,
      "arabic": "حَدَّثَنَا أَبُو كَامِلٍ، حَدَّثَنَا عَبْدُ الْعَزِيزِ، - يَعْنِي ابْنَ الْمُخْتَارِ - حَدَّثَنَا خَالِدٌ، عَنْ أَبِي قِلاَبَةَ، بِإِسْنَادِهِ وَمَعْنَاهُ وَلَمْ يَقُلْ فَقَالَ لَهُ قَوْلاً شَدِيدًا ‏.‏",
      "english": {
        "narrator": "",
        "text": "The tradition mentioned above has also been transmitted by Abu Qilabah through a different chain of narrators on the authority of 'Imran b. Husain to the same effect. But in this version he did not mention \"He spoke severely of them.\""
      },
      "turkish": {
        "narrator": "",
        "text": "Yukarıda bahsedilen rivayet, 'Imran b. Husain'den aynı anlamda farklı bir nakil zinciriyle Abu Qilabah tarafından da aktarılmıştır. Ancak bu versiyonda \"Onlara sert bir şekilde konuştu\" ifadesi geçmemektedir."
      }
    },
    {
      "id": 35,
      "idInBook": 35,
      "chapterId": 31,
      "bookId": 4,
      "arabic": "حَدَّثَنَا وَهْبُ بْنُ بَقِيَّةَ، حَدَّثَنَا خَالِدُ بْنُ عَبْدِ اللَّهِ، - هُوَ الطَّحَّانُ - عَنْ خَالِدٍ، عَنْ أَبِي قِلاَبَةَ، عَنْ أَبِي زَيْدٍ، أَنَّ رَجُلاً، مِنَ الأَنْصَارِ بِمَعْنَاهُ وَقَالَ - يَعْنِي النَّبِيَّ صلى الله عليه وسلم - ‏\n\"‏ لَوْ شَهِدْتُهُ قَبْلَ أَنْ يُدْفَنَ لَمْ يُدْفَنْ فِي مَقَابِرِ الْمُسْلِمِينَ ‏\"‏ ‏.‏",
      "english": {
        "narrator": "The tradition mentioned above has also been transmitted by Abu Qilabah from Abu Zaid through a different chain of narrators to the same effect:",
        "text": "A man of the Ansar ... The Prophet (ﷺ) said: Had I been present before his burial, he would not have been buried in a Muslim cemetry."
      },
      "turkish": {
        "narrator": "The tradition mentioned above has also been transmitted by Abu Qilabah from Abu Zaid through a different chain of narrators to the same effect:",
        "text": "Yukarıda bahsedilen rivayet, Abu Qilabah tarafından Abu Zaid'den farklı bir nakil zinciriyle aynı anlamda aktarılmıştır: Ansar'dan bir adam ... Peygamber (ﷺ) dedi ki: Eğer ben onun cenazesi öncesinde burada olsaydım, o Müslüman mezarlığına gömülmezdi."
      }
    },
    {
      "id": 36,
      "idInBook": 36,
      "chapterId": 31,
      "bookId": 4,
      "arabic": "حَدَّثَنَا مُسَدَّدٌ، حَدَّثَنَا حَمَّادُ بْنُ زَيْدٍ، عَنْ يَحْيَى بْنِ عَتِيقٍ، وَأَيُّوبَ، عَنْ مُحَمَّدِ بْنِ سِيرِينَ، عَنْ عِمْرَانَ بْنِ حُصَيْنٍ، أَنَّ رَجُلاً، أَعْتَقَ سِتَّةَ أَعْبُدٍ عِنْدَ مَوْتِهِ وَلَمْ يَكُنْ لَهُ مَالٌ غَيْرُهُمْ فَبَلَغَ ذَلِكَ النَّبِيَّ صلى الله عليه وسلم فَأَقْرَعَ بَيْنَهُمْ فَأَعْتَقَ اثْنَيْنِ وَأَرَقَّ أَرْبَعَةً ‏.‏",
      "english": {
        "narrator": "'Imran b. Husain said:",
        "text": "A man emancipated six slaved at the time of his death and he had no other property. The Prophet (ﷺ) was informed about it. He cast lots among them, emancipated two and retained four in slavery."
      },
      "turkish": {
        "narrator": "'Imran b. Husain said:",
        "text": "'Imran b. Husain dedi ki: Bir adam, ölüm anında altı kölesini özgür bıraktı ve başka malı yoktu. Peygamber (ﷺ) bundan haberdar oldu. Onlar arasında kura çekti, ikisini özgür bıraktı ve dört tanesini köle olarak tuttu."
      }
    },
    {
      "id": 37,
      "idInBook": 37,
      "chapterId": 31,
      "bookId": 4,
      "arabic": "حَدَّثَنَا أَحْمَدُ بْنُ صَالِحٍ، حَدَّثَنَا ابْنُ وَهْبٍ، أَخْبَرَنِي ابْنُ لَهِيعَةَ، وَاللَّيْثُ بْنُ سَعْدٍ، عَنْ عُبَيْدِ اللَّهِ بْنِ أَبِي جَعْفَرٍ، عَنْ بُكَيْرِ بْنِ الأَشَجِّ، عَنْ نَافِعٍ، عَنْ عَبْدِ اللَّهِ بْنِ عُمَرَ، قَالَ قَالَ رَسُولُ اللَّهِ صلى الله عليه وسلم ‏\n\"‏ مَنْ أَعْتَقَ عَبْدًا وَلَهُ مَالٌ فَمَالُ الْعَبْدِ لَهُ إِلاَّ أَنْ يَشْتَرِطَهُ السَّيِّدُ ‏\"‏ ‏.‏",
      "english": {
        "narrator": "'Abd Allah b. 'Umar reported the Messenger of Allah (ﷺ) as saying:",
        "text": "If anyone emancipates a slave who has property, the property of the slave belongs to him except that the master makes a stipulation."
      },
      "turkish": {
        "narrator": "'Abd Allah b. 'Umar reported the Messenger of Allah (ﷺ) as saying:",
        "text": "'Abd Allah b. 'Umar, Allah'ın Elçisi (ﷺ) şöyle dediğini bildirdi: Eğer birisi mülkü olan bir köleyi özgür bırakırsa, kölenin mülkü ona aittir, ancak efendi bir şart koyarsa."
      }
    },
    {
      "id": 38,
      "idInBook": 38,
      "chapterId": 31,
      "bookId": 4,
      "arabic": "حَدَّثَنَا إِبْرَاهِيمُ بْنُ مُوسَى، أَخْبَرَنَا جَرِيرٌ، عَنْ سُهَيْلِ بْنِ أَبِي صَالِحٍ، عَنْ أَبِيهِ، عَنْ أَبِي هُرَيْرَةَ، قَالَ قَالَ رَسُولُ اللَّهِ صلى الله عليه وسلم ‏\n\"‏ وَلَدُ الزِّنَا شَرُّ الثَّلاَثَةِ ‏\"‏ ‏.‏ وَقَالَ أَبُو هُرَيْرَةَ لأَنْ أُمَتِّعَ بِسَوْطٍ فِي سَبِيلِ اللَّهِ عَزَّ وَجَلَّ أَحَبُّ إِلَىَّ مِنْ أَنْ أَعْتِقَ وَلَدَ زِنْيَةٍ ‏.‏",
      "english": {
        "narrator": "Narrated AbuHurayrah:",
        "text": "The Prophet (ﷺ) said: The child of adultery is worst of the three.\n\n\n\n\nAbu Hurairah said: That I give a flog in the path of Allah (as a charity) is dearer to me than emancipating a child of adultery."
      },
      "turkish": {
        "narrator": "Narrated AbuHurayrah:",
        "text": "Abu Hurayrah'dan rivayet edilmiştir: Peygamber (ﷺ) dedi ki: Zina çocuğu, üçü arasında en kötüsüdür."
      }
    },
    {
      "id": 39,
      "idInBook": 39,
      "chapterId": 31,
      "bookId": 4,
      "arabic": "حَدَّثَنَا عِيسَى بْنُ مُحَمَّدٍ الرَّمْلِيُّ، حَدَّثَنَا ضَمْرَةُ، عَنْ إِبْرَاهِيمَ بْنِ أَبِي عَبْلَةَ، عَنِ الْغَرِيفِ بْنِ الدَّيْلَمِيِّ، قَالَ أَتَيْنَا وَاثِلَةَ بْنَ الأَسْقَعِ فَقُلْنَا لَهُ حَدِّثْنَا حَدِيثًا، لَيْسَ فِيهِ زِيَادَةٌ وَلاَ نُقْصَانٌ فَغَضِبَ وَقَالَ إِنَّ أَحَدَكُمْ لَيَقْرَأُ وَمُصْحَفُهُ مُعَلَّقٌ فِي بَيْتِهِ فَيَزِيدُ وَيَنْقُصُ ‏.‏ قُلْنَا إِنَّمَا أَرَدْنَا حَدِيثًا سَمِعْتَهُ مِنَ النَّبِيِّ صلى الله عليه وسلم ‏.‏ قَالَ أَتَيْنَا رَسُولَ اللَّهِ صلى الله عليه وسلم فِي صَاحِبٍ لَنَا أَوْجَبَ - يَعْنِي - النَّارَ بِالْقَتْلِ فَقَالَ ‏\n\"‏ أَعْتِقُوا عَنْهُ يُعْتِقِ اللَّهُ بِكُلِّ عُضْوٍ مِنْهُ عُضْوًا مِنْهُ مِنَ النَّارِ ‏\"‏ ‏.‏",
      "english": {
        "narrator": "Narrated Wathilah ibn al-Asqa:",
        "text": "Al-Arif ibn ad-Daylami said: We went to Wathilah ibn al-Asqa and said to him: Tell us a tradition which has not addition or omission. He became angry and replied: One of you recites when his copy of a Qur'an is hung up in his house, and he makes additions and omissions. We said: All we mean is a tradition you have heard from the Messenger of Allah (ﷺ). He said: We went to the Prophet (ﷺ) about a friend of ours who deserved. Hell for murder. He said: Emancipate a slave on his behalf; Allah will set free from Hell a member of the body for every member of his."
      },
      "turkish": {
        "narrator": "Narrated Wathilah ibn al-Asqa:",
        "text": "Abu Hurayrah dedi ki: Allah yolunda bir dövme vermek (sadaka olarak) benim için zina çocuğunu özgür bırakmaktan daha değerlidir."
      }
    },
    {
      "id": 40,
      "idInBook": 40,
      "chapterId": 31,
      "bookId": 4,
      "arabic": "حَدَّثَنَا مُحَمَّدُ بْنُ الْمُثَنَّى، حَدَّثَنَا مُعَاذُ بْنُ هِشَامٍ، حَدَّثَنِي أَبِي، عَنْ قَتَادَةَ، عَنْ سَالِمِ بْنِ أَبِي الْجَعْدِ، عَنْ مَعْدَانَ بْنِ أَبِي طَلْحَةَ الْيَعْمَرِيِّ، عَنْ أَبِي نَجِيحٍ السُّلَمِيِّ، قَالَ حَاصَرْنَا مَعَ رَسُولِ اللَّهِ صلى الله عليه وسلم بِقَصْرِ الطَّائِفِ - قَالَ مُعَاذٌ سَمِعْتُ أَبِي يَقُولُ بِقَصْرِ الطَّائِفِ بِحِصْنِ الطَّائِفِ كُلُّ ذَلِكَ - فَسَمِعْتُ رَسُولَ اللَّهِ صلى الله عليه وسلم يَقُولُ ‏\"‏ مَنْ بَلَغَ بِسَهْمٍ فِي سَبِيلِ اللَّهِ عَزَّ وَجَلَّ فَلَهُ دَرَجَةٌ ‏\"‏ ‏.‏ وَسَاقَ الْحَدِيثَ وَسَمِعْتُ رَسُولَ اللَّهِ صلى الله عليه وسلم يَقُولُ ‏\"‏ أَيُّمَا رَجُلٍ مُسْلِمٍ أَعْتَقَ رَجُلاً مُسْلِمًا فَإِنَّ اللَّهَ عَزَّ وَجَلَّ جَاعِلٌ وِقَاءَ كُلِّ عَظْمٍ مِنْ عِظَامِهِ عَظْمًا مِنْ عِظَامِ مُحَرَّرِهِ مِنَ النَّارِ وَأَيُّمَا امْرَأَةٍ أَعْتَقَتِ امْرَأَةً مُسْلِمَةً فَإِنَّ اللَّهَ جَاعِلٌ وِقَاءَ كُلِّ عَظْمٍ مِنْ عِظَامِهَا عَظْمًا مِنْ عِظَامِ مُحَرَّرِهَا مِنَ النَّارِ يَوْمَ الْقِيَامَةِ ‏\"‏ ‏.‏",
      "english": {
        "narrator": "Narrated AbuNajih as-Sulami:",
        "text": "Along with the Messenger of Allah (ﷺ) we besieged the palace of at-Ta'if. The narrator, Mutadh, said: I heard my father (sometimes) say: \"Palace of at-Ta'if,\" and (sometimes) \"Fort of at-Ta'if,\" which are the same.  \n\n\n\n\n\nI heard the Messenger of Allah (ﷺ) say: he who causes an arrow to hit its mark in Allah's cause will have it counted as a degree for him (in Paradise). He then transmitted the rest of the tradition.  \n\n\n\n\n\nI heard the Messenger of Allah (ﷺ) say: If a Muslim man emancipates a Muslim man, Allah, the Exalted, will make  every bone of his protection for every bone of his emancipator from Hell; and if a Muslim woman emancipates a Muslim woman, Allah will make every bone of hers protection for every bone of her emancipator from Hell on the Day of Resurrection."
      },
      "turkish": {
        "narrator": "Narrated AbuNajih as-Sulami:",
        "text": "Wathilah ibn al-Asqa'dan rivayet edilmiştir: Al-Arif ibn ad-Daylami dedi ki: Wathilah ibn al-Asqa'ya gittik ve ona dedik ki: Bize ekleme veya çıkarma yapmadan bir rivayet anlat. O öfkelendi ve cevap verdi: Sizden biri, evinde bir Kur'an kopyası asılıyken okuyor ve eklemeler ve çıkarımlar yapıyor. Biz dedik: Tek istediğimiz, Allah'ın Elçisi'nden (ﷺ) duyduğun bir rivayet. O dedi ki: Biz, bir arkadaşımızın cinayet nedeniyle cehennemi hak ettiğini Peygamber'e (ﷺ) sorduk. O dedi ki: Onun adına bir köleyi özgür bırak; Allah, cehennemden her bir vücut parçası için bir vücut parçasını özgür bırakacaktır."
      }
    },
    {
      "id": 41,
      "idInBook": 41,
      "chapterId": 31,
      "bookId": 4,
      "arabic": "حَدَّثَنَا عَبْدُ الْوَهَّابِ بْنُ نَجْدَةَ، حَدَّثَنَا بَقِيَّةُ، حَدَّثَنَا صَفْوَانُ بْنُ عَمْرٍو، حَدَّثَنِي سُلَيْمُ بْنُ عَامِرٍ، عَنْ شُرَحْبِيلَ بْنِ السِّمْطِ، أَنَّهُ قَالَ لِعَمْرِو بْنِ عَبَسَةَ حَدِّثْنَا حَدِيثًا، سَمِعْتَهُ مِنْ، رَسُولِ اللَّهِ صلى الله عليه وسلم قَالَ سَمِعْتُ رَسُولَ اللَّهِ صلى الله عليه وسلم يَقُولُ ‏\n\"‏ مَنْ أَعْتَقَ رَقَبَةً مُؤْمِنَةً كَانَتْ فِدَاءَهُ مِنَ النَّارِ ‏\"‏ ‏.‏",
      "english": {
        "narrator": "Amr ibn Abasah, said that Marrah ibn Ka'b said:",
        "text": "I heard the Messenger of Allah (ﷺ) say: If anyone emancipates a Muslim slave, that will be his ransom from Jahannam."
      },
      "turkish": {
        "narrator": "Amr ibn Abasah, said that Marrah ibn Ka'b said:",
        "text": "AbuNajih as-Sulami'den rivayet edilmiştir: Allah'ın Elçisi (ﷺ) ile birlikte at-Ta'if kalesini kuşattık. Rivayet eden Mutadh dedi ki: Babamın (bazen) \"at-Ta'if sarayı\" ve (bazen) \"at-Ta'if kalesi\" dediğini duydum, bunlar aynıdır."
      }
    },
    {
      "id": 42,
      "idInBook": 42,
      "chapterId": 31,
      "bookId": 4,
      "arabic": "حَدَّثَنَا حَفْصُ بْنُ عُمَرَ، حَدَّثَنَا شُعْبَةُ، عَنْ عَمْرِو بْنِ مُرَّةَ، عَنْ سَالِمِ بْنِ أَبِي الْجَعْدِ، عَنْ شُرَحْبِيلَ بْنِ السِّمْطِ، أَنَّهُ قَالَ لِكَعْبِ بْنِ مُرَّةَ أَوْ مُرَّةَ بْنِ كَعْبٍ حَدِّثْنَا حَدِيثًا، سَمِعْتَهُ مِنْ، رَسُولِ اللَّهِ صلى الله عليه وسلم فَذَكَرَ مَعْنَى مُعَاذٍ إِلَى قَوْلِهِ ‏\"‏ وَأَيُّمَا امْرِئٍ أَعْتَقَ مُسْلِمًا وَأَيُّمَا امْرَأَةٍ أَعْتَقَتِ امْرَأَةً مُسْلِمَةً ‏\"‏ ‏.‏ زَادَ ‏\"‏ وَأَيُّمَا رَجُلٍ أَعْتَقَ امْرَأَتَيْنِ مُسْلِمَتَيْنِ إِلاَّ كَانَتَا فِكَاكَهُ مِنَ النَّارِ يُجْزَى مَكَانَ كُلِّ عَظْمَيْنِ مِنْهُمَا عَظْمٌ مِنْ عِظَامِهِ ‏\"‏ ‏.‏ قَالَ أَبُو دَاوُدَ سَالِمٌ لَمْ يَسْمَعْ مِنْ شُرَحْبِيلَ مَاتَ شُرَحْبِيلُ بِصِفِّينَ ‏.‏",
      "english": {
        "narrator": "The tradition mentioned above has also been transmitted by Mu'adh through a different chain of narrators. After mentioning the words \"If any Muslim emancipates a Muslim slave... and if a woman emancipates a Muslim woman, this version adds:",
        "text": "\"If a man emancipates two Muslim women, they will be deliverance from Hell fire; two bones of their will be emancipation for each of his bone.\"\n\n\nAbu Dawud said: Salim did not hear (traditions) from Shurahbil. Shurahbil died at Siffin."
      },
      "turkish": {
        "narrator": "The tradition mentioned above has also been transmitted by Mu'adh through a different chain of narrators. After mentioning the words \"If any Muslim emancipates a Muslim slave... and if a woman emancipates a Muslim woman, this version adds:",
        "text": "Allah'ın Elçisi (ﷺ) şöyle dedi: Allah yolunda bir ok atan kişi için, bu onun (Cennet'teki) derecesi olarak sayılacaktır. Sonra rivayetin geri kalanını aktardı."
      }
    },
    {
      "id": 43,
      "idInBook": 43,
      "chapterId": 31,
      "bookId": 4,
      "arabic": "حَدَّثَنَا مُحَمَّدُ بْنُ كَثِيرٍ، حَدَّثَنَا سُفْيَانُ، عَنْ أَبِي إِسْحَاقَ، عَنْ أَبِي حَبِيبَةَ الطَّائِيِّ، عَنْ أَبِي الدَّرْدَاءِ، قَالَ قَالَ رَسُولُ اللَّهِ صلى الله عليه وسلم ‏\n\"‏ مَثَلُ الَّذِي يُعْتِقُ عِنْدَ الْمَوْتِ كَمَثَلِ الَّذِي يُهْدِي إِذَا شَبِعَ ‏\"‏ ‏.‏",
      "english": {
        "narrator": "Narrated AbudDarda':",
        "text": "The Prophet (ﷺ) said: the similitude of a man who emancipates a slave at the time of his death is like that of a man who gives a present after satisfying his appetite."
      },
      "turkish": {
        "narrator": "Narrated AbudDarda':",
        "text": "Allah'ın Elçisi (ﷺ) şöyle dedi: Eğer bir Müslüman erkek, bir Müslüman erkeği özgür bırakırsa, Yüce Allah, onun her bir kemiğini, özgür bırakanın her bir kemiği için cehennemden koruma yapacaktır; ve eğer bir Müslüman kadın, bir Müslüman kadını özgür bırakırsa, Yüce Allah, onun her bir kemiğini, özgür bırakanın her bir kemiği için cehennemden koruma yapacaktır, Kıyamet Günü."
      }
    }
  ],
  "chapter": {
    "id": 31,
    "bookId": 4,
    "arabic": "كتاب العتق",
    "english": "The Book of Manumission of Slaves"
  }
}