{
  "metadata": {
    "length": 11,
    "arabic": {
      "title": "سنن أبي داود",
      "author": "الإمام سليمان بن الأشعث أبو داود السجستاني",
      "introduction": "كتاب الحمَّام"
    },
    "english": {
      "title": "Sunan Abi Dawud",
      "author": "Imam Sulayman ibn al-Ash'ath Abu Dawud al-Sijistani",
      "introduction": "Hot Baths (Kitab Al-Hammam)"
    }
  },
  "hadiths": [
    {
      "id": 1,
      "idInBook": 1,
      "chapterId": 33,
      "bookId": 4,
      "arabic": "حَدَّثَنَا مُوسَى بْنُ إِسْمَاعِيلَ، حَدَّثَنَا حَمَّادٌ، عَنْ عَبْدِ اللَّهِ بْنِ شَدَّادٍ، عَنْ أَبِي عُذْرَةَ، عَنْ عَائِشَةَ، رضى الله عنها أَنَّ رَسُولَ اللَّهِ صلى الله عليه وسلم نَهَى عَنْ دُخُولِ الْحَمَّامَاتِ ثُمَّ رَخَّصَ لِلرِّجَالِ أَنْ يَدْخُلُوهَا فِي الْمَيَازِرِ ‏.‏",
      "english": {
        "narrator": "Narrated Aisha, Ummul Mu'minin:",
        "text": "The Messenger of Allah (ﷺ) forbade to enter the hot baths. He then permitted men to enter them in lower garments."
      },
      "turkish": {
        "narrator": "Narrated Aisha, Ummul Mu'minin:",
        "text": "Aişe, Ümmü'l-Müminin'den rivayet edilmiştir: Allah'ın Resulü (ﷺ) sıcak hamamlara girmeyi yasakladı. Sonra erkeklerin alt giysilerle girmelerine izin verdi."
      }
    },
    {
      "id": 2,
      "idInBook": 2,
      "chapterId": 33,
      "bookId": 4,
      "arabic": "حَدَّثَنَا مُحَمَّدُ بْنُ قُدَامَةَ، حَدَّثَنَا جَرِيرٌ، ح وَحَدَّثَنَا مُحَمَّدُ بْنُ الْمُثَنَّى، حَدَّثَنَا مُحَمَّدُ بْنُ جَعْفَرٍ، حَدَّثَنَا شُعْبَةُ، - جَمِيعًا - عَنْ مَنْصُورٍ، عَنْ سَالِمِ بْنِ أَبِي الْجَعْدِ، - قَالَ ابْنُ الْمُثَنَّى - عَنْ أَبِي الْمَلِيحِ، قَالَ دَخَلَ نِسْوَةٌ مِنْ أَهْلِ الشَّامِ عَلَى عَائِشَةَ - رضى الله عنها - فَقَالَتْ مِمَّنْ أَنْتُنَّ قُلْنَ مِنْ أَهْلِ الشَّامِ ‏.‏ قَالَتْ لَعَلَّكُنَّ مِنَ الْكُورَةِ الَّتِي تَدْخُلُ نِسَاؤُهَا الْحَمَّامَاتِ قُلْنَ نَعَمْ ‏.‏ قَالَتْ أَمَا إِنِّي سَمِعْتُ رَسُولَ اللَّهِ صلى الله عليه وسلم يَقُولُ ‏\n\"‏ مَا مِنِ امْرَأَةٍ تَخْلَعُ ثِيَابَهَا فِي غَيْرِ بَيْتِهَا إِلاَّ هَتَكَتْ مَا بَيْنَهَا وَبَيْنَ اللَّهِ تَعَالَى ‏\"‏ ‏.‏ قَالَ أَبُو دَاوُدَ هَذَا حَدِيثُ جَرِيرٍ وَهُوَ أَتَمُّ وَلَمْ يَذْكُرْ جَرِيرٌ أَبَا الْمَلِيحِ قَالَ قَالَ رَسُولُ اللَّهِ صلى الله عليه وسلم ‏.‏",
      "english": {
        "narrator": "Narrated Aisha, Ummul Mu'minin:",
        "text": "AbulMalih said: Some women of Syria came to Aisha. She asked them: From whom are you? They replied: From the people of Syria. She said: Perhaps you belong to the place where women enter hot baths (for washing ). The said: Yes. She said: I heard the Messenger of Allah (ﷺ) say: If a woman puts off her clothes in a place other than her house, she tears the veil between her and Allah, the Exalted.\n\n\n\nAbu Dawud said: This is the tradition narrated by Jarir, and it is more perfect. Jarir did not mention Abu al-Malih. He said (on the authority of 'A'ishah) that the Messenger of Allah (ﷺ) said."
      },
      "turkish": {
        "narrator": "Narrated Aisha, Ummul Mu'minin:",
        "text": "Aişe, Ümmü'l-Müminin'den rivayet edilmiştir: Ebu'l-Malih dedi ki: Suriye'den bazı kadınlar Aişe'ye geldiler. O, onlara: Siz kimsiniz? diye sordu. Onlar: Suriye halkındanız, dediler. Aişe: Belki de kadınların sıcak hamamlara girdiği yerden geliyorsunuz, dedi. Onlar: Evet, dediler. Aişe: Ben Allah'ın Resulü'nün (ﷺ) şöyle söylediğini duydum: Bir kadın evinden başka bir yerde elbiselerini çıkartırsa, o, Allah ile arasında bulunan örtüyü yırtar."
      }
    },
    {
      "id": 3,
      "idInBook": 3,
      "chapterId": 33,
      "bookId": 4,
      "arabic": "حَدَّثَنَا أَحْمَدُ بْنُ يُونُسَ، حَدَّثَنَا زُهَيْرٌ، حَدَّثَنَا عَبْدُ الرَّحْمَنِ بْنُ زِيَادِ بْنِ أَنْعَمَ، عَنْ عَبْدِ الرَّحْمَنِ بْنِ رَافِعٍ، عَنْ عَبْدِ اللَّهِ بْنِ عَمْرٍو، أَنَّ رَسُولَ اللَّهِ صلى الله عليه وسلم قَالَ ‏\n\"‏ إِنَّهَا سَتُفْتَحُ لَكُمْ أَرْضُ الْعَجَمِ وَسَتَجِدُونَ فِيهَا بُيُوتًا يُقَالُ لَهَا الْحَمَّامَاتُ فَلاَ يَدْخُلَنَّهَا الرِّجَالُ إِلاَّ بِالأُزُرِ وَامْنَعُوهَا النِّسَاءَ إِلاَّ مَرِيضَةً أَوْ نُفَسَاءَ ‏\"‏ ‏.‏",
      "english": {
        "narrator": "Narrated Abdullah ibn Amr ibn al-'As:",
        "text": "The Prophet (ﷺ) said: After some time the lands of the non-Arabs will be conquered for you, and there you will find houses called hammamat (hot baths). so men should not enter them (to wash) except in lower garments, and forbid the women to enter them except a sick or one who is in a child-bed."
      },
      "turkish": {
        "narrator": "Narrated Abdullah ibn Amr ibn al-'As:",
        "text": "Ebu Davud dedi ki: Bu, Cerir'in rivayet ettiği bir hadistir ve daha mükemmeldir. Cerir, Ebu'l-Malih'i anmamıştır. O, (Aişe'den) Allah'ın Resulü'nün (ﷺ) şöyle söylediğini aktarmıştır."
      }
    },
    {
      "id": 4,
      "idInBook": 4,
      "chapterId": 33,
      "bookId": 4,
      "arabic": "حَدَّثَنَا عَبْدُ اللَّهِ بْنُ مُحَمَّدِ بْنِ نُفَيْلٍ، حَدَّثَنَا زُهَيْرٌ، عَنْ عَبْدِ الْمَلِكِ بْنِ أَبِي سُلَيْمَانَ الْعَرْزَمِيِّ، عَنْ عَطَاءٍ، عَنْ يَعْلَى، أَنَّ رَسُولَ اللَّهِ صلى الله عليه وسلم رَأَى رَجُلاً يَغْتَسِلُ بِالْبَرَازِ بِلاَ إِزَارٍ فَصَعِدَ الْمِنْبَرَ فَحَمِدَ اللَّهَ وَأَثْنَى عَلَيْهِ ثُمَّ قَالَ صلى الله عليه وسلم ‏\n\"‏ إِنَّ اللَّهَ عَزَّ وَجَلَّ حَيِيٌّ سِتِّيرٌ يُحِبُّ الْحَيَاءَ وَالسَّتْرَ فَإِذَا اغْتَسَلَ أَحَدُكُمْ فَلْيَسْتَتِرْ ‏\"‏ ‏.‏",
      "english": {
        "narrator": "Narrated Ya'la:",
        "text": "The Messenger of Allah (ﷺ) saw a man washing in a public place without a lower garment. So he mounted the pulpit, praised and extolled Allah and said: Allah is characterised by modesty and concealment. So when any of you washes, he should conceal himself."
      },
      "turkish": {
        "narrator": "Narrated Ya'la:",
        "text": "Abdullah ibn Amr ibn al-'As'tan rivayet edilmiştir: Peygamber (ﷺ) şöyle buyurdu: Bir süre sonra, Arap olmayanların toprakları sizin için fethedilecek ve orada hammamat (sıcak hamamlar) adı verilen evler bulacaksınız. Bu nedenle erkekler, alt giysilerle girmelidir; kadınların ise, hasta veya doğum yapan biri dışında girmeleri yasaktır."
      }
    },
    {
      "id": 5,
      "idInBook": 5,
      "chapterId": 33,
      "bookId": 4,
      "arabic": "حَدَّثَنَا مُحَمَّدُ بْنُ أَحْمَدَ بْنِ أَبِي خَلَفٍ، حَدَّثَنَا الأَسْوَدُ بْنُ عَامِرٍ، حَدَّثَنَا أَبُو بَكْرِ بْنُ عَيَّاشٍ، عَنْ عَبْدِ الْمَلِكِ بْنِ أَبِي سُلَيْمَانَ، عَنْ عَطَاءٍ، عَنْ صَفْوَانَ بْنِ يَعْلَى، عَنْ أَبِيهِ، عَنِ النَّبِيِّ صلى الله عليه وسلم بِهَذَا الْحَدِيثِ ‏.‏ قَالَ أَبُو دَاوُدَ الأَوَّلُ أَتَمُّ ‏.‏",
      "english": {
        "narrator": "The tradition mentioned above has also been transmitted by Ya'la from the Prophet (ﷺ) through a different chain of narrators.\n\n\nAbu Dawud said:",
        "text": "The former is more perfect."
      },
      "turkish": {
        "narrator": "The tradition mentioned above has also been transmitted by Ya'la from the Prophet (ﷺ) through a different chain of narrators.\n\n\nAbu Dawud said:",
        "text": "Ya'la'dan rivayet edilmiştir: Allah'ın Resulü (ﷺ) bir adamın, alt giysi olmadan bir kampta yıkandığını gördü. Bunun üzerine minbere çıktı, Allah'ı övdü ve şöyle dedi: Allah, haya ve gizlilik ile nitelendirilmiştir. Bu nedenle, sizden biri yıkandığında, kendisini gizlemelidir."
      }
    },
    {
      "id": 6,
      "idInBook": 6,
      "chapterId": 33,
      "bookId": 4,
      "arabic": "حَدَّثَنَا عَبْدُ اللَّهِ بْنُ مَسْلَمَةَ، عَنْ مَالِكٍ، عَنْ أَبِي النَّضْرِ، عَنْ زُرْعَةَ بْنِ عَبْدِ الرَّحْمَنِ بْنِ جَرْهَدٍ، عَنْ أَبِيهِ، - قَالَ كَانَ جَرْهَدٌ هَذَا مِنْ أَصْحَابِ الصُّفَّةِ - قَالَ جَلَسَ رَسُولُ اللَّهِ صلى الله عليه وسلم عِنْدَنَا وَفَخِذِي مُنْكَشِفَةٌ فَقَالَ ‏\n\"‏ أَمَا عَلِمْتَ أَنَّ الْفَخِذَ عَوْرَةٌ ‏\"‏ ‏.‏",
      "english": {
        "narrator": "Narrated Jarhad:",
        "text": "The Messenger of Allah (ﷺ) sat with us and my thigh was uncovered. He said: Do you not know that thigh is a private part ?"
      },
      "turkish": {
        "narrator": "Narrated Jarhad:",
        "text": "Yukarıda belirtilen hadis, Ya'la'dan farklı bir raviler zinciri ile Peygamber (ﷺ) üzerinden de rivayet edilmiştir."
      }
    },
    {
      "id": 7,
      "idInBook": 7,
      "chapterId": 33,
      "bookId": 4,
      "arabic": "حَدَّثَنَا عَلِيُّ بْنُ سَهْلٍ الرَّمْلِيُّ، حَدَّثَنَا حَجَّاجٌ، عَنِ ابْنِ جُرَيْجٍ، قَالَ أُخْبِرْتُ عَنْ حَبِيبِ بْنِ أَبِي ثَابِتٍ، عَنْ عَاصِمِ بْنِ ضَمْرَةَ، عَنْ عَلِيٍّ، رضى الله عنه قَالَ قَالَ رَسُولُ اللَّهِ صلى الله عليه وسلم ‏\n\"‏ لاَ تَكْشِفْ فَخِذَكَ وَلاَ تَنْظُرْ إِلَى فَخِذِ حَىٍّ وَلاَ مَيِّتٍ ‏\"‏ ‏.‏ قَالَ أَبُو دَاوُدَ هَذَا الْحَدِيثُ فِيهِ نَكَارَةٌ ‏.‏",
      "english": {
        "narrator": "Narrated Ali ibn AbuTalib:",
        "text": "The Prophet (ﷺ) said: Do not uncover you thigh, and do not look at the thigh of the living and the dead.\n\n\n\nAbu Dawud said: This tradition disagrees with the generally reported traditions (nakarah)."
      },
      "turkish": {
        "narrator": "Narrated Ali ibn AbuTalib:",
        "text": "Ebu Davud dedi ki: Öncekisi daha mükemmeldir."
      }
    },
    {
      "id": 8,
      "idInBook": 8,
      "chapterId": 33,
      "bookId": 4,
      "arabic": "حَدَّثَنَا إِسْمَاعِيلُ بْنُ إِبْرَاهِيمَ، حَدَّثَنَا يَحْيَى بْنُ سَعِيدٍ الأُمَوِيُّ، عَنْ عُثْمَانَ بْنِ حَكِيمٍ، عَنْ أَبِي أُمَامَةَ بْنِ سَهْلٍ، عَنِ الْمِسْوَرِ بْنِ مَخْرَمَةَ، قَالَ حَمَلْتُ حَجَرًا ثَقِيلاً فَبَيْنَا أَمْشِي فَسَقَطَ عَنِّي ثَوْبِي فَقَالَ لِي رَسُولُ اللَّهِ صلى الله عليه وسلم ‏\n\"‏ خُذْ عَلَيْكَ ثَوْبَكَ وَلاَ تَمْشُوا عُرَاةً ‏\"‏ ‏.‏",
      "english": {
        "narrator": "Narrated Al-Miswar b. Makhramah:",
        "text": "I lifted a heavy stone. While I was walking my garment fell down. The Messenger of Allah (ﷺ) said to me: Take you garment upon you, and do not walk naked."
      },
      "turkish": {
        "narrator": "Narrated Al-Miswar b. Makhramah:",
        "text": "Cerhad'dan rivayet edilmiştir: Allah'ın Resulü (ﷺ) bizimle oturdu ve uyluğum açık durumdaydı. O: Uyluğun bir avret yeri olduğunu bilmiyor musun? dedi."
      }
    },
    {
      "id": 9,
      "idInBook": 9,
      "chapterId": 33,
      "bookId": 4,
      "arabic": "حَدَّثَنَا عَبْدُ اللَّهِ بْنُ مَسْلَمَةَ، حَدَّثَنَا أَبِي ح، وَحَدَّثَنَا ابْنُ بَشَّارٍ، حَدَّثَنَا يَحْيَى، نَحْوَهُ عَنْ بَهْزِ بْنِ حَكِيمٍ، عَنْ أَبِيهِ، عَنْ جَدِّهِ، قَالَ قُلْتُ يَا رَسُولَ اللَّهِ عَوْرَاتُنَا مَا نَأْتِي مِنْهَا وَمَا نَذَرُ قَالَ ‏\"‏ احْفَظْ عَوْرَتَكَ إِلاَّ مِنْ زَوْجَتِكَ أَوْ مَا مَلَكَتْ يَمِينُكَ ‏\"‏ ‏.‏ قَالَ قُلْتُ يَا رَسُولَ اللَّهِ إِذَا كَانَ الْقَوْمُ بَعْضُهُمْ فِي بَعْضٍ قَالَ ‏\"‏ إِنِ اسْتَطَعْتَ أَنْ لاَ يَرَيَنَّهَا أَحَدٌ فَلاَ يَرَيَنَّهَا ‏\"‏ ‏.‏ قَالَ قُلْتُ يَا رَسُولَ اللَّهِ إِذَا كَانَ أَحَدُنَا خَالِيًا قَالَ ‏\"‏ اللَّهُ أَحَقُّ أَنْ يُسْتَحْيَا مِنْهُ مِنَ النَّاسِ ‏\"‏ ‏.‏",
      "english": {
        "narrator": "Bahz b. Hakim said that his father told on the authority of his grandfather:",
        "text": "I said: Messenger of Allah, from whom should we conceal our private parts and to whom can we show? He replied: conceal your private parts except from your wife and from whom your right hands possess (slave-girls). \n\n\n\n\n\nI then asked: Messenger of Allah, (what should we do), if the people are assembled together? \n\n\n\n\n\nHe replied: If it is within your power that no one looks at it, then no one should look at it. \n\n\n\n\n\nI then asked: Messenger of Allah if one of us is alone, (what should he do)? \n\n\n\n\n\nHe replied: Allah is more entitled than people that bashfulness should be shown to him."
      },
      "turkish": {
        "narrator": "Bahz b. Hakim said that his father told on the authority of his grandfather:",
        "text": "Ali ibn Ebu Talib'den rivayet edilmiştir: Peygamber (ﷺ) şöyle buyurdu: Uyluğunu açma ve yaşayanların ve ölülerin uyluklarına bakma."
      }
    },
    {
      "id": 10,
      "idInBook": 10,
      "chapterId": 33,
      "bookId": 4,
      "arabic": "حَدَّثَنَا عَبْدُ الرَّحْمَنِ بْنُ إِبْرَاهِيمَ، حَدَّثَنَا ابْنُ أَبِي فُدَيْكٍ، عَنِ الضَّحَّاكِ بْنِ عُثْمَانَ، عَنْ زَيْدِ بْنِ أَسْلَمَ، عَنْ عَبْدِ الرَّحْمَنِ بْنِ أَبِي سَعِيدٍ الْخُدْرِيِّ، عَنْ أَبِيهِ، عَنِ النَّبِيِّ صلى الله عليه وسلم قَالَ ‏\n\"‏ لاَ يَنْظُرُ الرَّجُلُ إِلَى عُرْيَةِ الرَّجُلِ وَلاَ الْمَرْأَةُ إِلَى عُرْيَةِ الْمَرْأَةِ وَلاَ يُفْضِي الرَّجُلُ إِلَى الرَّجُلِ فِي ثَوْبٍ وَاحِدٍ وَلاَ تُفْضِي الْمَرْأَةُ إِلَى الْمَرْأَةِ فِي ثَوْبٍ ‏\"‏ ‏.‏",
      "english": {
        "narrator": "Narrated AbuSa'id al-Khudri:",
        "text": "The Prophet (ﷺ) said: A man should not look at the private parts of another man, and a woman should not look at the private parts of another woman. A man should not lie with another man without wearing lower garment under one cover; and a woman should not be lie with another woman without wearing lower garment under one cover."
      },
      "turkish": {
        "narrator": "Narrated AbuSa'id al-Khudri:",
        "text": "Ebu Davud dedi ki: Bu hadis, genel olarak rivayet edilen hadislerle çelişmektedir (nakarah)."
      }
    },
    {
      "id": 11,
      "idInBook": 11,
      "chapterId": 33,
      "bookId": 4,
      "arabic": "حَدَّثَنَا إِبْرَاهِيمُ بْنُ مُوسَى، أَخْبَرَنَا ابْنُ عُلَيَّةَ، عَنِ الْجُرَيْرِيِّ، ح وَحَدَّثَنَا مُؤَمَّلُ بْنُ هِشَامٍ، قَالَ حَدَّثَنَا إِسْمَاعِيلُ، عَنِ الْجُرَيْرِيِّ، عَنْ أَبِي نَضْرَةَ، عَنْ رَجُلٍ، مِنَ الطُّفَاوَةِ عَنْ أَبِي هُرَيْرَةَ، قَالَ قَالَ رَسُولُ اللَّهِ صلى الله عليه وسلم ‏\n\"‏ لاَ يُفْضِيَنَّ رَجُلٌ إِلَى رَجُلٍ وَلاَ امْرَأَةٌ إِلَى امْرَأَةٍ إِلاَّ وَلَدًا أَوْ وَالِدًا ‏\"‏ ‏.‏ قَالَ وَذَكَرَ الثَّالِثَةَ فَنَسِيتُهَا ‏.‏",
      "english": {
        "narrator": "Narrated AbuHurayrah:",
        "text": "The Prophet (ﷺ) said: A man should not lie with another man and a woman should not lie with another woman without covering their private parts except a child or a father. He also mentioned a third thing which I forgot."
      },
      "turkish": {
        "narrator": "Narrated AbuHurayrah:",
        "text": "Al-Miswar b. Makhramah'dan rivayet edilmiştir: Ağır bir taşı kaldırdım. Yürürken elbisem düştü. Allah'ın Resulü (ﷺ) bana: Elbisenle üzerini ört ve çıplak yürüme, dedi."
      }
    }
  ],
  "chapter": {
    "id": 33,
    "bookId": 4,
    "arabic": "كتاب الحمَّام",
    "english": "Hot Baths (Kitab Al-Hammam)"
  }
}