{"metadata":{"length":55,"arabic":{"title":"سنن أبي داود","author":"الإمام سليمان بن الأشعث أبو داود السجستاني","introduction":"كتاب الترجل"},"english":{"title":"Sunan Abi Dawud","author":"Imam Sulayman ibn al-Ash'ath Abu Dawud al-Sijistani","introduction":"Combing the Hair (Kitab Al-Tarajjul)"}},"hadiths":[{"id":1,"idInBook":1,"chapterId":35,"bookId":4,"arabic":"حَدَّثَنَا مُسَدَّدٌ، حَدَّثَنَا يَحْيَى، عَنْ هِشَامِ بْنِ حَسَّانَ، عَنِ الْحَسَنِ، عَنْ عَبْدِ اللَّهِ بْنِ مُغَفَّلٍ، قَالَ نَهَى رَسُولُ اللَّهِ صلى الله عليه وسلم عَنِ التَّرَجُّلِ إِلاَّ غِبًّا ‏.‏","english":{"narrator":"Narrated Abdullah ibn Mughaffal:","text":"The Messenger of Allah (ﷺ) forbade combing the hair except every second day."}},{"id":2,"idInBook":2,"chapterId":35,"bookId":4,"arabic":"حَدَّثَنَا الْحَسَنُ بْنُ عَلِيٍّ، حَدَّثَنَا يَزِيدُ الْمَازِنِيُّ، أَخْبَرَنَا الْجُرَيْرِيُّ، عَنْ عَبْدِ اللَّهِ بْنِ بُرَيْدَةَ، أَنَّ رَجُلاً، مِنْ أَصْحَابِ النَّبِيِّ صلى الله عليه وسلم رَحَلَ إِلَى فَضَالَةَ بْنِ عُبَيْدٍ وَهُوَ بِمِصْرَ فَقَدِمَ عَلَيْهِ فَقَالَ أَمَا إِنِّي لَمْ آتِكَ زَائِرًا وَلَكِنِّي سَمِعْتُ أَنَا وَأَنْتَ حَدِيثًا مِنْ رَسُولِ اللَّهِ صلى الله عليه وسلم رَجَوْتُ أَنْ يَكُونَ عِنْدَكَ مِنْهُ عِلْمٌ ‏.‏ قَالَ وَمَا هُوَ قَالَ كَذَا وَكَذَا قَالَ فَمَا لِي أَرَاكَ شَعِثًا وَأَنْتَ أَمِيرُ الأَرْضِ قَالَ إِنَّ رَسُولَ اللَّهِ صلى الله عليه وسلم كَانَ يَنْهَانَا عَنْ كَثِيرٍ مِنَ الإِرْفَاهِ ‏.‏ قَالَ فَمَا لِي لاَ أَرَى عَلَيْكَ حِذَاءً قَالَ كَانَ النَّبِيُّ صلى الله عليه وسلم يَأْمُرُنَا أَنْ نَحْتَفِيَ أَحْيَانًا ‏.‏","english":{"narrator":"Abdullah ibn Buraydah said:","text":"A man from the companions of the Prophet (ﷺ) travelled to Fudalah ibn Ubayd when he was in Egypt.  \n\n\n\n\n\nHe came to him and said: I have not come to you to visit you. But you and I heard a tradition from the Messenger of Allah (ﷺ). I hope you may have some knowledge of it.  \n\n\n\n\n\nHe asked: What is it?  He replied: So and so.  He said: Why do I see you dishevelled when you are the ruler of this land?  \n\n\n\n\n\nHe said: The Messenger of Allah (ﷺ) has forbidden us to indulge much in luxury.  \n\n\n\n\n\nHe said: Why do I see you unshod?  He replied: The Prophet (ﷺ) used to command us to go barefoot at times."}},{"id":3,"idInBook":3,"chapterId":35,"bookId":4,"arabic":"حَدَّثَنَا النُّفَيْلِيُّ، حَدَّثَنَا مُحَمَّدُ بْنُ سَلَمَةَ، عَنْ مُحَمَّدِ بْنِ إِسْحَاقَ، عَنْ عَبْدِ اللَّهِ بْنِ أَبِي أُمَامَةَ، عَنْ عَبْدِ اللَّهِ بْنِ كَعْبِ بْنِ مَالِكٍ، عَنْ أَبِي أُمَامَةَ، قَالَ ذَكَرَ أَصْحَابُ رَسُولِ اللَّهِ صلى الله عليه وسلم يَوْمًا عِنْدَهُ الدُّنْيَا فَقَالَ رَسُولُ اللَّهِ صلى الله عليه وسلم ‏\n\"‏ أَلاَ تَسْمَعُونَ أَلاَ تَسْمَعُونَ إِنَّ الْبَذَاذَةَ مِنَ الإِيمَانِ إِنَّ الْبَذَاذَةَ مِنَ الإِيمَانِ ‏\"‏ ‏.‏ يَعْنِي التَّقَحُّلَ ‏.‏ قَالَ أَبُو دَاوُدَ هُوَ أَبُو أُمَامَةَ بْنُ ثَعْلَبَةَ الأَنْصَارِيُّ ‏.‏","english":{"narrator":"Narrated AbuUmamah Ilyas ibn Tha'labah:","text":"The Companions of the Messenger of Allah (ﷺ) mentioned this word before him. The Messenger of Allah (ﷺ) said: Listen, listen! Wearing old clothes is a part of faith, wearing old clothes is a part of faith.\n\n\n\nAbu Dawud said: He is Abu Umamah b. Tha'labat al-Ansari"}},{"id":4,"idInBook":4,"chapterId":35,"bookId":4,"arabic":"حَدَّثَنَا نَصْرُ بْنُ عَلِيٍّ، حَدَّثَنَا أَبُو أَحْمَدَ، عَنْ شَيْبَانَ بْنِ عَبْدِ الرَّحْمَنِ، عَنْ عَبْدِ اللَّهِ بْنِ الْمُخْتَارِ، عَنْ مُوسَى بْنِ أَنَسٍ، عَنْ أَنَسِ بْنِ مَالِكٍ، قَالَ كَانَتْ لِلنَّبِيِّ صلى الله عليه وسلم سُكَّةٌ يَتَطَيَّبُ مِنْهَا ‏.‏","english":{"narrator":"Narrated Anas ibn Malik:","text":"The Prophet (ﷺ)  had sikkah with which he perfumed himself."}},{"id":5,"idInBook":5,"chapterId":35,"bookId":4,"arabic":"حَدَّثَنَا سُلَيْمَانُ بْنُ دَاوُدَ الْمَهْرِيُّ، أَخْبَرَنَا ابْنُ وَهْبٍ، حَدَّثَنِي ابْنُ أَبِي الزِّنَادِ، عَنْ سُهَيْلِ بْنِ أَبِي صَالِحٍ، عَنْ أَبِيهِ، عَنْ أَبِي هُرَيْرَةَ، أَنَّ رَسُولَ اللَّهِ صلى الله عليه وسلم قَالَ ‏\n\"‏ مَنْ كَانَ لَهُ شَعْرٌ فَلْيُكْرِمْهُ ‏\"‏ ‏.‏","english":{"narrator":"Narrated AbuHurayrah:","text":"The Prophet (ﷺ) said: He who has hair should honour it."}},{"id":6,"idInBook":6,"chapterId":35,"bookId":4,"arabic":"حَدَّثَنَا عُبَيْدُ اللَّهِ بْنُ عُمَرَ، حَدَّثَنَا يَحْيَى بْنُ سَعِيدٍ، عَنْ عَلِيِّ بْنِ الْمُبَارَكِ، عَنْ يَحْيَى بْنِ أَبِي كَثِيرٍ، قَالَ حَدَّثَتْنِي كَرِيمَةُ بِنْتُ هَمَّامٍ، أَنَّ امْرَأَةً، أَتَتْ عَائِشَةَ - رضى الله عنها - فَسَأَلَتْهَا عَنْ خِضَابِ الْحِنَّاءِ فَقَالَتْ لاَ بَأْسَ بِهِ وَلَكِنِّي أَكْرَهُهُ كَانَ حَبِيبِي رَسُولُ اللَّهِ صلى الله عليه وسلم يَكْرَهُ رِيحَهُ ‏.‏ قَالَ أَبُو دَاوُدَ تَعْنِي خِضَابَ شَعْرِ الرَّأْسِ ‏.‏","english":{"narrator":"Narrated Aisha, Ummul Mu'minin:","text":"Karimah, daughter of Hammam, told that a woman came to Aisha (Allah be pleased with her) and asked her about dyeing with henna. She replied: There is no harm, but I do not like it. My beloved, the Messenger of Allah (ﷺ), disliked its odour.\n\n\n\n\nAbu Dawud said: She meant the colour of hair of the head."}},{"id":7,"idInBook":7,"chapterId":35,"bookId":4,"arabic":"حَدَّثَنَا مُسْلِمُ بْنُ إِبْرَاهِيمَ، حَدَّثَتْنِي غِبْطَةُ بِنْتُ عَمْرٍو الْمُجَاشِعِيَّةُ، قَالَتْ حَدَّثَتْنِي عَمَّتِي أُمُّ الْحَسَنِ، عَنْ جَدَّتِهَا، عَنْ عَائِشَةَ، رضى الله عنها أَنَّ هِنْدًا بِنْتَ عُتْبَةَ، قَالَتْ يَا نَبِيَّ اللَّهِ بَايِعْنِي ‏.‏ قَالَ ‏\n\"‏ لاَ أُبَايِعُكِ حَتَّى تُغَيِّرِي كَفَّيْكِ كَأَنَّهُمَا كَفَّا سَبُعٍ ‏\"‏ ‏.‏","english":{"narrator":"Narrated Aisha, Ummul Mu'minin:","text":"When Hind, daughter of Utbah, said: Prophet of Allah, accept my allegiance, he replied; I shall not accept your allegiance till you make a difference to the palms of your hands; for they look like the paws of a beast of prey."}},{"id":8,"idInBook":8,"chapterId":35,"bookId":4,"arabic":"حَدَّثَنَا مُحَمَّدُ بْنُ مُحَمَّدٍ الصُّورِيُّ، حَدَّثَنَا خَالِدُ بْنُ عَبْدِ الرَّحْمَنِ، حَدَّثَنَا مُطِيعُ بْنُ مَيْمُونٍ، عَنْ صَفِيَّةَ بِنْتِ عِصْمَةَ، عَنْ عَائِشَةَ، - رضى الله عنها - قَالَتْ أَوْمَتِ امْرَأَةٌ مِنْ وَرَاءِ سِتْرٍ بِيَدِهَا كِتَابٌ إِلَى رَسُولِ اللَّهِ صلى الله عليه وسلم فَقَبَضَ النَّبِيُّ صلى الله عليه وسلم يَدَهُ فَقَالَ ‏\"‏ مَا أَدْرِي أَيَدُ رَجُلٍ أَمْ يَدُ امْرَأَةٍ ‏\"‏ ‏.‏ قَالَتْ بَلِ امْرَأَةٌ ‏.‏ قَالَ ‏\"‏ لَوْ كُنْتِ امْرَأَةً لَغَيَّرْتِ أَظْفَارَكِ ‏\"‏ ‏.‏ يَعْنِي بِالْحِنَّاءِ ‏.‏","english":{"narrator":"Narrated Aisha, Ummul Mu'minin:","text":"A woman made a sign from behind a curtain to indicate that she had a letter for the Messenger of Allah (ﷺ). The Prophet (ﷺ) closed his hand, saying: I do not know this is a man's or a woman's hand. She said: No, a woman. He said: If you were a woman, you would make a difference to your nails, meaning with henna."}},{"id":9,"idInBook":9,"chapterId":35,"bookId":4,"arabic":"حَدَّثَنَا عَبْدُ اللَّهِ بْنُ مَسْلَمَةَ، عَنْ مَالِكٍ، عَنِ ابْنِ شِهَابٍ، عَنْ حُمَيْدِ بْنِ عَبْدِ الرَّحْمَنِ، أَنَّهُ سَمِعَ مُعَاوِيَةَ بْنَ أَبِي سُفْيَانَ، عَامَ حَجَّ وَهُوَ عَلَى الْمِنْبَرِ وَتَنَاوَلَ قُصَّةً مِنْ شَعْرٍ كَانَتْ فِي يَدِ حَرَسِيٍّ يَقُولُ يَا أَهْلَ الْمَدِينَةِ أَيْنَ عُلَمَاؤُكُمْ سَمِعْتُ رَسُولَ اللَّهِ صلى الله عليه وسلم يَنْهَى عَنْ مِثْلِ هَذِهِ وَيَقُولُ ‏\n\"‏ إِنَّمَا هَلَكَتْ بَنُو إِسْرَائِيلَ حِينَ اتَّخَذَ هَذِهِ نِسَاؤُهُمْ ‏\"‏ ‏.‏","english":{"narrator":"Narrated Humaid b. 'Adb al-Rahman:","text":"That he heard Mu'awiyah b. Abi Sufyan say during the Hajj when he was on the pulpit and took a lock of hair which was in the hand of the guard, saying: O people of Medina, where are your scholars ? I heard the Messenger of Allah (ﷺ) forbidding such a think as this and said: The children of Isra'il perished when their women practised it."}},{"id":10,"idInBook":10,"chapterId":35,"bookId":4,"arabic":"حَدَّثَنَا أَحْمَدُ بْنُ حَنْبَلٍ، وَمُسَدَّدٌ، قَالاَ حَدَّثَنَا يَحْيَى، عَنْ عُبَيْدِ اللَّهِ، قَالَ حَدَّثَنِي نَافِعٌ، عَنْ عَبْدِ اللَّهِ، قَالَ لَعَنَ رَسُولُ اللَّهِ صلى الله عليه وسلم الْوَاصِلَةَ وَالْمُسْتَوْصِلَةَ وَالْوَاشِمَةَ وَالْمُسْتَوْشِمَةَ ‏.‏","english":{"narrator":"'Abd Allah said:","text":"The Messenger of Allah (ﷺ) cursed the woman who adds some false hair and the woman who asks for it, the woman who tattoos and the woman who asks for it."}},{"id":11,"idInBook":11,"chapterId":35,"bookId":4,"arabic":"حَدَّثَنَا مُحَمَّدُ بْنُ عِيسَى، وَعُثْمَانُ بْنُ أَبِي شَيْبَةَ، - الْمَعْنَى - قَالاَ حَدَّثَنَا جَرِيرٌ، عَنْ مَنْصُورٍ، عَنْ إِبْرَاهِيمَ، عَنْ عَلْقَمَةَ، عَنْ عَبْدِ اللَّهِ، قَالَ لَعَنَ اللَّهُ الْوَاشِمَاتِ وَالْمُسْتَوْشِمَاتِ ‏.‏ قَالَ مُحَمَّدٌ وَالْوَاصِلاَتِ وَقَالَ عُثْمَانُ وَالْمُتَنَمِّصَاتِ ثُمَّ اتَّفَقَا وَالْمُتَفَلِّجَاتِ لِلْحُسْنِ الْمُغَيِّرَاتِ خَلْقَ اللَّهِ عَزَّ وَجَلَّ ‏.‏ فَبَلَغَ ذَلِكَ امْرَأَةً مِنْ بَنِي أَسَدٍ يُقَالُ لَهَا أُمُّ يَعْقُوبَ ‏.‏ زَادَ عُثْمَانُ كَانَتْ تَقْرَأُ الْقُرْآنَ ثُمَّ اتَّفَقَا فَأَتَتْهُ فَقَالَتْ بَلَغَنِي عَنْكَ أَنَّكَ لَعَنْتَ الْوَاشِمَاتِ وَالْمُسْتَوْشِمَاتِ ‏.‏ قَالَ مُحَمَّدٌ وَالْوَاصِلاَتِ وَقَالَ عُثْمَانُ وَالْمُتَنَمِّصَاتِ ثُمَّ اتَّفَقَا وَالْمُتَفَلِّجَاتِ قَالَ عُثْمَانُ لِلْحُسْنِ الْمُغَيِّرَاتِ خَلْقَ اللَّهِ تَعَالَى ‏.‏ فَقَالَ وَمَا لِي لاَ أَلْعَنُ مَنْ لَعَنَ رَسُولُ اللَّهِ صلى الله عليه وسلم وَهُوَ فِي كِتَابِ اللَّهِ تَعَالَى قَالَتْ لَقَدْ قَرَأْتُ مَا بَيْنَ لَوْحَىِ الْمُصْحَفِ فَمَا وَجَدْتُهُ ‏.‏ فَقَالَ وَاللَّهِ لَئِنْ كُنْتِ قَرَأْتِيهِ لَقَدْ وَجَدْتِيهِ ثُمَّ قَرَأَ ‏{‏ وَمَا آتَاكُمُ الرَّسُولُ فَخُذُوهُ وَمَا نَهَاكُمْ عَنْهُ فَانْتَهُوا ‏}‏ قَالَتْ إِنِّي أَرَى بَعْضَ هَذَا عَلَى امْرَأَتِكَ ‏.‏ قَالَ فَادْخُلِي فَانْظُرِي ‏.‏ فَدَخَلَتْ ثُمَّ خَرَجَتْ فَقَالَ مَا رَأَيْتِ وَقَالَ عُثْمَانُ فَقَالَتْ مَا رَأَيْتُ ‏.‏ فَقَالَ لَوْ كَانَ ذَلِكَ مَا كَانَتْ مَعَنَا ‏.‏","english":{"narrator":"'Abd Allah (b. Mas'us) said:","text":"Allah has cursed the woman who tattoo and the women who have themselves tattooed, the women who add false hair (according to the version of Muhammad b. Isa) and the women who pluck hairs from their faces (according to the version on 'Uthman). The agreed version then goes: The women who spaces between their teeth for beauty, changing what Allah has created. When a woman of Banu Asad called Umm Ya'qub, who read the Qur'an (according to the version of 'Uthman) heard it, she came to him (according to the agreed version) and said: I have heard that you have cursed the women who tattoo, those have themselves tattooed, those who add false hair (according to the version of Muhammad), those pluck hairs from their faces, and those who make spaces between their teeth (according to the agreed version), for changing what Allah has created (according to the version of 'Uthman). He said: Why should I not curse those whom the Messenger of Allah (ﷺ) had cursed and those who were mentioned in Allah's Book ? She said: I have read it from cover to cover and have not found in it. He said: I swear by Allah, if you read it, you would have found it. He then read: What the Apostle has brought you accept, and what he has forbidden refrain from it. She said: I find some of these thing in you wife. He said: Enter (the house) and see. She said: I then entered (the house) and came out. He asked: What did you see ? She said: I did not see (anything). He said: Had it been so, she would have not have been with us. This is according to the version of 'Uthman."}},{"id":12,"idInBook":12,"chapterId":35,"bookId":4,"arabic":"حَدَّثَنَا ابْنُ السَّرْحِ، حَدَّثَنَا ابْنُ وَهْبٍ، عَنْ أُسَامَةَ، عَنْ أَبَانَ بْنِ صَالِحٍ، عَنْ مُجَاهِدِ بْنِ جَبْرٍ، عَنِ ابْنِ عَبَّاسٍ، قَالَ لُعِنَتِ الْوَاصِلَةُ وَالْمُسْتَوْصِلَةُ وَالنَّامِصَةُ وَالْمُتَنَمِّصَةُ وَالْوَاشِمَةُ وَالْمُسْتَوْشِمَةُ مِنْ غَيْرِ دَاءٍ ‏.‏ قَالَ أَبُو دَاوُدَ وَتَفْسِيرُ الْوَاصِلَةِ الَّتِي تَصِلُ الشَّعْرَ بِشَعْرِ النِّسَاءِ وَالْمُسْتَوْصِلَةُ الْمَعْمُولُ بِهَا وَالنَّامِصَةُ الَّتِي تَنْقُشُ الْحَاجِبَ حَتَّى تَرِقَّهُ وَالْمُتَنَمِّصَةُ الْمَعْمُولُ بِهَا وَالْوَاشِمَةُ الَّتِي تَجْعَلُ الْخِيلاَنَ فِي وَجْهِهَا بِكُحْلٍ أَوْ مِدَادٍ وَالْمُسْتَوْشِمَةُ الْمَعْمُولُ بِهَا ‏.‏","english":{"narrator":"Narrated Ibn 'Abbas:","text":"The woman who supplies fake hair and the one who asks for it, the woman who pulls out hair for other people and the woman who depilates herself, the woman who tattoos and the one who has it done when there is no disease to justify it have been cursed.\n\n\nAbu Dawud said: Wasilah means the woman who adds false hair to the hair of women. Mustawsilah means the one who asks for adding the hair to her hair. namisah means a woman who plucks hair from the brow until she makes it thin; mutanammisah means the woman who depilates herself ; washimah is a woman who tattoos in the face with antimony or ink ; mustawshimah is a woman with whom it is done."}},{"id":13,"idInBook":13,"chapterId":35,"bookId":4,"arabic":"حَدَّثَنَا مُحَمَّدُ بْنُ جَعْفَرِ بْنِ زِيَادٍ، قَالَ حَدَّثَنَا شَرِيكٌ، عَنْ سَالِمٍ، عَنْ سَعِيدِ بْنِ جُبَيْرٍ، قَالَ لاَ بَأْسَ بِالْقَرَامِلِ ‏.‏ قَالَ أَبُو دَاوُدَ كَأَنَّهُ يَذْهَبُ إِلَى أَنَّ الْمَنْهِيَّ، عَنْهُ شُعُورُ النِّسَاءِ ‏.‏ قَالَ أَبُو دَاوُدَ كَانَ أَحْمَدُ يَقُولُ الْقَرَامِلُ لَيْسَ بِهِ بَأْسٌ ‏.‏","english":{"narrator":"Sa'id b. Jubair said:","text":"There is no harm in fastening the hair with silk or woollen threads.\n\n\nAbu Dawud said: It appears that he held the view that what is prohibited is the adding of the hair of women.\n\n\nAbu Dawud said: Ahmad (b. hanbal) used to say: There is no harm in tying the hair with silk or woollen threads."}},{"id":14,"idInBook":14,"chapterId":35,"bookId":4,"arabic":"حَدَّثَنَا الْحَسَنُ بْنُ عَلِيٍّ، وَهَارُونُ بْنُ عَبْدِ اللَّهِ، - الْمَعْنَى - أَنَّ أَبَا عَبْدِ الرَّحْمَنِ الْمُقْرِئَ، حَدَّثَهُمْ عَنْ سَعِيدِ بْنِ أَبِي أَيُّوبَ، عَنْ عُبَيْدِ اللَّهِ بْنِ أَبِي جَعْفَرٍ، عَنِ الأَعْرَجِ، عَنْ أَبِي هُرَيْرَةَ، قَالَ قَالَ رَسُولُ اللَّهِ صلى الله عليه وسلم ‏\n\"‏ مَنْ عُرِضَ عَلَيْهِ طِيبٌ فَلاَ يَرُدَّهُ فَإِنَّهُ طَيِّبُ الرِّيحِ خَفِيفُ الْمَحْمَلِ ‏\"‏ ‏.‏","english":{"narrator":"Abu Hurairah reported the Messenger of Allah (ﷺ) as saying:","text":"If anyone is presented some perfume, he should not return it, for it is a thing of good fragrance and light to bear."}},{"id":15,"idInBook":15,"chapterId":35,"bookId":4,"arabic":"حَدَّثَنَا مُسَدَّدٌ، حَدَّثَنَا يَحْيَى، أَخْبَرَنَا ثَابِتُ بْنُ عُمَارَةَ، حَدَّثَنِي غُنَيْمُ بْنُ قَيْسٍ، عَنْ أَبِي مُوسَى، عَنِ النَّبِيِّ صلى الله عليه وسلم قَالَ ‏\n\"‏ إِذَا اسْتَعْطَرَتِ الْمَرْأَةُ فَمَرَّتْ عَلَى الْقَوْمِ لِيَجِدُوا رِيحَهَا فَهِيَ كَذَا وَكَذَا ‏\"‏ ‏.‏ قَالَ قَوْلاً شَدِيدًا ‏.‏","english":{"narrator":"Narrated AbuMusa:","text":"The Prophet (ﷺ) said: If a woman uses perfume and passes the people so that they may get its odour, she is so-and-so, meaning severe remarks."}},{"id":16,"idInBook":16,"chapterId":35,"bookId":4,"arabic":"حَدَّثَنَا مُحَمَّدُ بْنُ كَثِيرٍ، حَدَّثَنَا سُفْيَانُ، عَنْ عَاصِمِ بْنِ عُبَيْدِ اللَّهِ، عَنْ عُبَيْدِ اللَّهِ، مَوْلَى أَبِي رُهْمٍ عَنْ أَبِي هُرَيْرَةَ، قَالَ لَقِيَتْهُ امْرَأَةٌ وَجَدَ مِنْهَا رِيحَ الطِّيبِ يُنْفَحُ وَلِذَيْلِهَا إِعْصَارٌ فَقَالَ يَا أَمَةَ الْجَبَّارِ جِئْتِ مِنَ الْمَسْجِدِ قَالَتْ نَعَمْ ‏.‏ قَالَ وَلَهُ تَطَيَّبْتِ قَالَتْ نَعَمْ ‏.‏ قَالَ إِنِّي سَمِعْتُ حِبِّي أَبَا الْقَاسِمِ صلى الله عليه وسلم يَقُولُ ‏\n\"‏ لاَ تُقْبَلُ صَلاَةٌ لاِمْرَأَةٍ تَطَيَّبَتْ لِهَذَا الْمَسْجِدِ حَتَّى تَرْجِعَ فَتَغْتَسِلَ غُسْلَهَا مِنَ الْجَنَابَةِ ‏\"‏ ‏.‏ قَالَ أَبُو دَاوُدَ الإِعْصَارُ غُبَارٌ ‏.‏","english":{"narrator":"Narrated AbuHurayrah:","text":"A woman met him and he found the odour of perfume in her. Her clothes were fluttering in the air. He said: O maid-servant of the Almighty, are you coming from the mosque? She replied: Yes. He said: For it did you use perfume? She replied: Yes. He said: I heard my beloved AbulQasim (ﷺ) say: The prayer of a woman who uses perfume for this mosque is not accepted until she returns and takes a bath like that of sexual defilement (perfectly).\n\n\n\nAbu Dawud said: Al-i'sar means dust."}},{"id":17,"idInBook":17,"chapterId":35,"bookId":4,"arabic":"حَدَّثَنَا النُّفَيْلِيُّ، وَسَعِيدُ بْنُ مَنْصُورٍ، قَالاَ حَدَّثَنَا عَبْدُ اللَّهِ بْنُ مُحَمَّدٍ أَبُو عَلْقَمَةَ، قَالَ حَدَّثَنِي يَزِيدُ بْنُ خُصَيْفَةَ، عَنْ بُسْرِ بْنِ سَعِيدٍ، عَنْ أَبِي هُرَيْرَةَ، قَالَ قَالَ رَسُولُ اللَّهِ صلى الله عليه وسلم ‏\"‏ أَيُّمَا امْرَأَةٍ أَصَابَتْ بَخُورًا فَلاَ تَشْهَدَنَّ مَعَنَا الْعِشَاءَ ‏\"‏ ‏.‏ قَالَ ابْنُ نُفَيْلٍ ‏\"‏ عِشَاءَ الآخِرَةِ ‏\"‏ ‏.‏","english":{"narrator":"Narrated AbuHurayrah:","text":"The Prophet (ﷺ) said: If a woman fumigates herself with perfume, she must not attend the night prayer with us. Ibn Nufayl said: Isha' means night prayer."}},{"id":18,"idInBook":18,"chapterId":35,"bookId":4,"arabic":"حَدَّثَنَا مُوسَى بْنُ إِسْمَاعِيلَ، حَدَّثَنَا حَمَّادٌ، أَخْبَرَنَا عَطَاءٌ الْخُرَاسَانِيُّ، عَنْ يَحْيَى بْنِ يَعْمَرَ، عَنْ عَمَّارِ بْنِ يَاسِرٍ، قَالَ قَدِمْتُ عَلَى أَهْلِي لَيْلاً وَقَدْ تَشَقَّقَتْ يَدَاىَ فَخَلَّقُونِي بِزَعْفَرَانٍ فَغَدَوْتُ عَلَى النَّبِيِّ صلى الله عليه وسلم فَسَلَّمْتُ عَلَيْهِ فَلَمْ يَرُدَّ عَلَىَّ وَلَمْ يُرَحِّبْ بِي فَقَالَ ‏\"‏ اذْهَبْ فَاغْسِلْ هَذَا عَنْكَ ‏\"‏ ‏.‏ فَذَهَبْتُ فَغَسَلْتُهُ ثُمَّ جِئْتُ وَقَدْ بَقِيَ عَلَىَّ مِنْهُ رَدْعٌ فَسَلَّمْتُ فَلَمْ يَرُدَّ عَلَىَّ وَلَمْ يُرَحِّبْ بِي وَقَالَ ‏\"‏ اذْهَبْ فَاغْسِلْ هَذَا عَنْكَ ‏\"‏ ‏.‏ فَذَهَبْتُ فَغَسَلْتُهُ ثُمَّ جِئْتُ فَسَلَّمْتُ عَلَيْهِ فَرَدَّ عَلَىَّ وَرَحَّبَ بِي وَقَالَ ‏\"‏ إِنَّ الْمَلاَئِكَةَ لاَ تَحْضُرُ جَنَازَةَ الْكَافِرِ بِخَيْرٍ وَلاَ الْمُتَضَمِّخَ بِالزَّعْفَرَانِ وَلاَ الْجُنُبَ ‏\"‏ ‏.‏ قَالَ وَرَخَّصَ لِلْجُنُبِ إِذَا نَامَ أَوْ أَكَلَ أَوْ شَرِبَ أَنْ يَتَوَضَّأَ ‏.‏","english":{"narrator":"Narrated Ammar ibn Yasir:","text":"I came to my family at night (after a journey) with my hands chapped and they perfumed me with saffron. In the morning I went to the Prophet (ﷺ) and gave him a greeting, but he did not respond to me nor did he welcome me.  \n\n\n\n\n\nHe said: Go away and wash this off yourself. I then went away and washed it off me. I came to him but there remained a spot of it on me. I give him a greeting, but he did not respond to me nor did he welcome me.  \n\n\n\n\n\nHe said: Go away and wash it off yourself. I then went away and washed it off me. I then came and gave him a greeting.  \n\n\n\n\n\nHe responded to me and welcomed me, saying: The angels do not attend the funeral of an unbeliever bringing good to it, nor a man who smears himself with saffron, nor a man who is sexually defiled. He said: He permitted the man who was sexually defiled to perform ablution when he slept, ate or drank."}},{"id":19,"idInBook":19,"chapterId":35,"bookId":4,"arabic":"حَدَّثَنَا نَصْرُ بْنُ عَلِيٍّ، حَدَّثَنَا مُحَمَّدُ بْنُ بَكْرٍ، أَخْبَرَنَا ابْنُ جُرَيْجٍ، أَخْبَرَنِي عُمَرُ بْنُ عَطَاءِ بْنِ أَبِي الْخُوَارِ، أَنَّهُ سَمِعَ يَحْيَى بْنَ يَعْمَرَ، يُخْبِرُ عَنْ رَجُلٍ، أَخْبَرَهُ عَنْ عَمَّارِ بْنِ يَاسِرٍ، - زَعَمَ عُمَرُ أَنَّ يَحْيَى، سَمَّى ذَلِكَ الرَّجُلَ فَنَسِيَ عُمَرُ اسْمَهُ - أَنَّ عَمَّارًا قَالَ تَخَلَّقْتُ بِهَذِهِ الْقِصَّةِ ‏.‏ وَالأَوَّلُ أَتَمُّ بِكَثِيرٍ فِيهِ ذَكَرَ الْغُسْلَ قَالَ قُلْتُ لِعُمَرَ وَهُمْ حُرُمٌ قَالَ لاَ الْقَوْمُ مُقِيمُونَ ‏.‏","english":{"narrator":"The tradition mentioned above (No. 4164) has also been transmitted by Ammar ibn Yasir through a different chain of narrators. \n\n\n\n\n\nThis version has:","text":"Ammar said: I used khaluq. The first version is more perfect; it mentioned \"taking a bath\". Ibn Jurayj said: I said to Umar (a transmitter): They might be wearing ihram (robe of pilgrim)? He replied: No, they were residents."}},{"id":20,"idInBook":20,"chapterId":35,"bookId":4,"arabic":"حَدَّثَنَا زُهَيْرُ بْنُ حَرْبٍ الأَسَدِيُّ، حَدَّثَنَا مُحَمَّدُ بْنُ عَبْدِ اللَّهِ بْنِ حَرْبٍ الأَسَدِيُّ، حَدَّثَنَا أَبُو جَعْفَرٍ الرَّازِيُّ، عَنِ الرَّبِيعِ بْنِ أَنَسٍ، عَنْ جَدَّيْهِ، قَالاَ سَمِعْنَا أَبَا مُوسَى، يَقُولُ قَالَ رَسُولُ اللَّهِ صلى الله عليه وسلم ‏\n\"‏ لاَ يَقْبَلُ اللَّهُ تَعَالَى صَلاَةَ رَجُلٍ فِي جَسَدِهِ شَىْءٌ مِنْ خَلُوقٍ ‏\"‏ ‏.‏ قَالَ أَبُو دَاوُدَ جَدَّاهُ زَيْدٌ وَزِيَادٌ ‏.‏","english":{"narrator":"Al-Rabi' b. Anas, quoting his two grandfathers, said:","text":"We heard Abu Musa say: The Messenger of Allah (ﷺ) said: Allah does not  accept the prayer of a man who has any khaluq (perfume composed of saffron) on his body.\n\n\nAbu Dawud said: His grandfathers were Zaid and Ziyad."}},{"id":21,"idInBook":21,"chapterId":35,"bookId":4,"arabic":"حَدَّثَنَا مُسَدَّدٌ، أَنَّ حَمَّادَ بْنَ زَيْدٍ، وَإِسْمَاعِيلَ بْنَ إِبْرَاهِيمَ، حَدَّثَاهُمْ عَنْ عَبْدِ الْعَزِيزِ بْنِ صُهَيْبٍ، عَنْ أَنَسٍ، قَالَ نَهَى رَسُولُ اللَّهِ صلى الله عليه وسلم عَنِ التَّزَعْفُرِ لِلرِّجَالِ وَقَالَ عَنْ إِسْمَاعِيلَ أَنْ يَتَزَعْفَرَ الرَّجُلُ ‏.‏","english":{"narrator":"Anas said:","text":"The Messenger of Allah (ﷺ) forbade men to use saffron. Isma'il version has: \"(forbade) man to use saffron.\""}},{"id":22,"idInBook":22,"chapterId":35,"bookId":4,"arabic":"حَدَّثَنَا هَارُونُ بْنُ عَبْدِ اللَّهِ، حَدَّثَنَا عَبْدُ الْعَزِيزِ بْنُ عَبْدِ اللَّهِ الأُوَيْسِيُّ، حَدَّثَنَا سُلَيْمَانُ بْنُ بِلاَلٍ، عَنْ ثَوْرِ بْنِ زَيْدٍ، عَنِ الْحَسَنِ بْنِ أَبِي الْحَسَنِ، عَنْ عَمَّارِ بْنِ يَاسِرٍ، أَنَّ رَسُولَ اللَّهِ صلى الله عليه وسلم قَالَ ‏\n\"‏ ثَلاَثَةٌ لاَ تَقْرَبُهُمُ الْمَلاَئِكَةُ جِيفَةُ الْكَافِرِ وَالْمُتَضَمِّخُ بِالْخَلُوقِ وَالْجُنُبُ إِلاَّ أَنْ يَتَوَضَّأَ ‏\"‏ ‏.‏","english":{"narrator":"Narrated Ammar ibn Yasir:","text":"The Prophet (ﷺ) said: The angels do not come near three: the dead body of the unbeliever, one who smears himself with khaluq, and the one who is sexually defiled except that he performs ablution."}},{"id":23,"idInBook":23,"chapterId":35,"bookId":4,"arabic":"حَدَّثَنَا أَيُّوبُ بْنُ مُحَمَّدٍ الرَّقِّيُّ، حَدَّثَنَا عُمَرُ بْنُ أَيُّوبَ، عَنْ جَعْفَرِ بْنِ بُرْقَانَ، عَنْ ثَابِتِ بْنِ الْحَجَّاجِ، عَنْ عَبْدِ اللَّهِ الْهَمْدَانِيِّ، عَنِ الْوَلِيدِ بْنِ عُقْبَةَ، قَالَ لَمَّا فَتَحَ نَبِيُّ اللَّهِ صلى الله عليه وسلم مَكَّةَ جَعَلَ أَهْلُ مَكَّةَ يَأْتُونَهُ بِصِبْيَانِهِمْ فَيَدْعُو لَهُمْ بِالْبَرَكَةِ وَيَمْسَحُ رُءُوسَهُمْ قَالَ فَجِيءَ بِي إِلَيْهِ وَأَنَا مُخَلَّقٌ فَلَمْ يَمَسَّنِي مِنْ أَجْلِ الْخَلُوقِ ‏.‏","english":{"narrator":"Narrated Al-Walid ibn Uqbah:","text":"When the Prophet of Allah (ﷺ) conquered Makkah. The people of Makkah began to bring their boys and he would invoke a blessing on them and rub their heads. I was brought, but as I had been perfumed with khaluq, he did not touch me because of the khaluq."}},{"id":24,"idInBook":24,"chapterId":35,"bookId":4,"arabic":"حَدَّثَنَا عُبَيْدُ اللَّهِ بْنُ عُمَرَ بْنِ مَيْسَرَةَ، حَدَّثَنَا حَمَّادُ بْنُ زَيْدٍ، حَدَّثَنَا سَلْمٌ الْعَلَوِيُّ، عَنْ أَنَسِ بْنِ مَالِكٍ، أَنَّ رَجُلاً، دَخَلَ عَلَى رَسُولِ اللَّهِ صلى الله عليه وسلم وَعَلَيْهِ أَثَرُ صُفْرَةٍ - وَكَانَ النَّبِيُّ صلى الله عليه وسلم قَلَّمَا يُوَاجِهُ رَجُلاً فِي وَجْهِهِ بِشَىْءٍ يَكْرَهُهُ - فَلَمَّا خَرَجَ قَالَ ‏\n\"‏ لَوْ أَمَرْتُمْ هَذَا أَنْ يَغْسِلَ هَذَا عَنْهُ ‏\"‏ ‏.‏","english":{"narrator":"Narrated Anas ibn Malik:","text":"A man came to the Messenger of Allah (ﷺ) and he had the mark of yellowness (of saffron). The Prophet (peace be upon him rarely mentioned a thing which he disliked before a man. When he went away, he said: Would that you tell this man that he should wash this off him."}},{"id":25,"idInBook":25,"chapterId":35,"bookId":4,"arabic":"حَدَّثَنَا عَبْدُ اللَّهِ بْنُ مَسْلَمَةَ، وَمُحَمَّدُ بْنُ سُلَيْمَانَ الأَنْبَارِيُّ، قَالاَ حَدَّثَنَا وَكِيعٌ، عَنْ سُفْيَانَ، عَنْ أَبِي إِسْحَاقَ، عَنِ الْبَرَاءِ، قَالَ مَا رَأَيْتُ مِنْ ذِي لِمَّةٍ أَحْسَنَ فِي حُلَّةٍ حَمْرَاءَ مِنْ رَسُولِ اللَّهِ صلى الله عليه وسلم زَادَ مُحَمَّدُ بْنُ سُلَيْمَانَ لَهُ شَعْرٌ يَضْرِبُ مَنْكِبَيْهِ ‏.‏ قَالَ أَبُو دَاوُدَ وَكَذَا رَوَاهُ إِسْرَائِيلُ عَنْ أَبِي إِسْحَاقَ قَالَ يَضْرِبُ مَنْكِبَيْهِ وَقَالَ شُعْبَةُ يَبْلُغُ شَحْمَةَ أُذُنَيْهِ ‏.‏","english":{"narrator":"Narrated Al-Bara' :","text":"I did not see any man with locks hanging down to shoulders in red robe more beautiful than the Messenger of Allah (ﷺ). Muhammad b. Sulaiman added: He had hair which touched his shoulders.\n\n\nAbu Dawud said: Isra'il also transmitted it in a similar way from Abu Ishaq saying: \"(his hair) touched his shoulders\". Shu'bah added: (His hair) reached the lobes of his ears."}},{"id":26,"idInBook":26,"chapterId":35,"bookId":4,"arabic":"حَدَّثَنَا حَفْصُ بْنُ عُمَرَ، حَدَّثَنَا شُعْبَةُ، عَنْ أَبِي إِسْحَاقَ، عَنِ الْبَرَاءِ، قَالَ كَانَ رَسُولُ اللَّهِ صلى الله عليه وسلم لَهُ شَعْرٌ يَبْلُغُ شَحْمَةَ أُذُنَيْهِ ‏.‏","english":{"narrator":"Narrated Al-Bara' :","text":"The Messenger of Allah (ﷺ) had hair which reached the lobes of his ears."}},{"id":27,"idInBook":27,"chapterId":35,"bookId":4,"arabic":"حَدَّثَنَا مَخْلَدُ بْنُ خَالِدٍ، حَدَّثَنَا عَبْدُ الرَّزَّاقِ، أَخْبَرَنَا مَعْمَرٌ، عَنْ ثَابِتٍ، عَنْ أَنَسٍ، قَالَ كَانَ شَعْرُ رَسُولِ اللَّهِ صلى الله عليه وسلم إِلَى شَحْمَةِ أُذُنَيْهِ ‏.‏","english":{"narrator":"Narrated Anas ibn Malik:","text":"The hair of the Messenger of Allah (ﷺ) were up to the lobes of his ears."}},{"id":28,"idInBook":28,"chapterId":35,"bookId":4,"arabic":"حَدَّثَنَا مُسَدَّدٌ، حَدَّثَنَا إِسْمَاعِيلُ، أَخْبَرَنَا حُمَيْدٌ، عَنْ أَنَسِ بْنِ مَالِكٍ، قَالَ كَانَ شَعْرُ رَسُولِ اللَّهِ صلى الله عليه وسلم إِلَى أَنْصَافِ أُذُنَيْهِ ‏.‏","english":{"narrator":"Narrated Anas bin Malik:","text":"The hair of Messenger of Allah (ﷺ) were halfway down his ears."}},{"id":29,"idInBook":29,"chapterId":35,"bookId":4,"arabic":"حَدَّثَنَا ابْنُ نُفَيْلٍ، حَدَّثَنَا عَبْدُ الرَّحْمَنِ بْنُ أَبِي الزِّنَادِ، عَنْ هِشَامِ بْنِ عُرْوَةَ، عَنْ أَبِيهِ، عَنْ عَائِشَةَ، قَالَتْ كَانَ شَعْرُ رَسُولِ اللَّهِ صلى الله عليه وسلم فَوْقَ الْوَفْرَةِ وَدُونَ الْجُمَّةِ ‏.‏","english":{"narrator":"Narrated Aisha, Ummul Mu'minin:","text":"The hair of the Messenger of Allah (ﷺ) were above wafrah and below jummah."}},{"id":30,"idInBook":30,"chapterId":35,"bookId":4,"arabic":"حَدَّثَنَا مُوسَى بْنُ إِسْمَاعِيلَ، حَدَّثَنَا إِبْرَاهِيمُ بْنُ سَعْدٍ، أَخْبَرَنِي ابْنُ شِهَابٍ، عَنْ عُبَيْدِ اللَّهِ بْنِ عَبْدِ اللَّهِ بْنِ عُتْبَةَ، عَنِ ابْنِ عَبَّاسٍ، قَالَ كَانَ أَهْلُ الْكِتَابِ - يَعْنِي - يَسْدِلُونَ أَشْعَارَهُمْ وَكَانَ الْمُشْرِكُونَ يَفْرُقُونَ رُءُوسَهُمْ وَكَانَ رَسُولُ اللَّهِ صلى الله عليه وسلم تُعْجِبُهُ مُوَافَقَةُ أَهْلِ الْكِتَابِ فِيمَا لَمْ يُؤْمَرْ بِهِ فَسَدَلَ رَسُولُ اللَّهِ صلى الله عليه وسلم نَاصِيَتَهُ ثُمَّ فَرَقَ بَعْدُ ‏.‏","english":{"narrator":"Narrated Ibn 'Abbas:","text":"The people of the Book used to let their hair hand down, and the polytheists used to part their hair. The Messenger of Allah (ﷺ) like to confirm with the People of the Book in the matters about which he had received no command. Hence he Messenger of Allah (ﷺ) let his forelock hang down but afterwards he parted it."}},{"id":31,"idInBook":31,"chapterId":35,"bookId":4,"arabic":"حَدَّثَنَا يَحْيَى بْنُ خَلَفٍ، حَدَّثَنَا عَبْدُ الأَعْلَى، عَنْ مُحَمَّدٍ، - يَعْنِي ابْنَ إِسْحَاقَ - قَالَ حَدَّثَنِي مُحَمَّدُ بْنُ جَعْفَرِ بْنِ الزُّبَيْرِ، عَنْ عُرْوَةَ، عَنْ عَائِشَةَ، رضى الله عنها قَالَتْ كُنْتُ إِذَا أَرَدْتُ أَنْ أَفْرِقَ رَأْسَ رَسُولِ اللَّهِ صلى الله عليه وسلم صَدَعْتُ الْفَرْقَ مِنْ يَافُوخِهِ وَأُرْسِلُ نَاصِيَتَهُ بَيْنَ عَيْنَيْهِ ‏.‏","english":{"narrator":"Narrated Aisha, Ummul Mu'minin:","text":"When I parted the hair of the Messenger of Allah (ﷺ) I made a parting from the crow of his head and let his forelock hang between his eyes."}},{"id":32,"idInBook":32,"chapterId":35,"bookId":4,"arabic":"حَدَّثَنَا مُحَمَّدُ بْنُ الْعَلاَءِ، حَدَّثَنَا مُعَاوِيَةُ بْنُ هِشَامٍ، وَسُفْيَانُ بْنُ عُقْبَةَ السُّوَائِيُّ، - هُوَ أَخُو قَبِيصَةَ - وَحُمَيْدُ بْنُ خُوَارٍ عَنْ سُفْيَانَ الثَّوْرِيِّ، عَنْ عَاصِمِ بْنِ كُلَيْبٍ، عَنْ أَبِيهِ، عَنْ وَائِلِ بْنِ حُجْرٍ، قَالَ أَتَيْتُ النَّبِيَّ صلى الله عليه وسلم وَلِي شَعْرٌ طَوِيلٌ فَلَمَّا رَآنِي رَسُولُ اللَّهِ صلى الله عليه وسلم قَالَ ‏\"‏ ذُبَابٌ ذُبَابٌ ‏\"‏ ‏.‏ قَالَ فَرَجَعْتُ فَجَزَزْتُهُ ثُمَّ أَتَيْتُهُ مِنَ الْغَدِ فَقَالَ ‏\"‏ إِنِّي لَمْ أَعْنِكَ وَهَذَا أَحْسَنُ ‏\"‏ ‏.‏","english":{"narrator":"Narrated Wa'il  ibn Hujr:","text":"I came to the Prophet (ﷺ) and I had long hair. When the Messenger of Allah (ﷺ) saw me, he said: Evil, evil! He said: I then returned and cut them off. I then came to him in the morning. He said (to me): I did not intend to do evil to you. This is much better."}},{"id":33,"idInBook":33,"chapterId":35,"bookId":4,"arabic":"حَدَّثَنَا النُّفَيْلِيُّ، حَدَّثَنَا سُفْيَانُ، عَنِ ابْنِ أَبِي نَجِيحٍ، عَنْ مُجَاهِدٍ، قَالَ قَالَتْ أُمُّ هَانِئٍ قَدِمَ النَّبِيُّ صلى الله عليه وسلم إِلَى مَكَّةَ وَلَهُ أَرْبَعُ غَدَائِرَ تَعْنِي عَقَائِصَ ‏.‏","english":{"narrator":"Narrated Umm Hani:","text":"The Prophet (ﷺ) came to Mecca and he had four plaits of hair."}},{"id":34,"idInBook":34,"chapterId":35,"bookId":4,"arabic":"حَدَّثَنَا عُقْبَةُ بْنُ مُكْرَمٍ، وَابْنُ الْمُثَنَّى، قَالاَ حَدَّثَنَا وَهْبُ بْنُ جَرِيرٍ، حَدَّثَنَا أَبِي قَالَ، سَمِعْتُ مُحَمَّدَ بْنَ أَبِي يَعْقُوبَ، يُحَدِّثُ عَنِ الْحَسَنِ بْنِ سَعْدٍ، عَنْ عَبْدِ اللَّهِ بْنِ جَعْفَرٍ، أَنَّ النَّبِيَّ صلى الله عليه وسلم أَمْهَلَ آلَ جَعْفَرٍ ثَلاَثًا أَنْ يَأْتِيَهُمْ ثُمَّ أَتَاهُمْ فَقَالَ ‏\"‏ لاَ تَبْكُوا عَلَى أَخِي بَعْدَ الْيَوْمِ ‏\"‏ ‏.‏ ثُمَّ قَالَ ‏\"‏ ادْعُوا لِي بَنِي أَخِي ‏\"‏ ‏.‏ فَجِيءَ بِنَا كَأَنَّا أَفْرُخٌ فَقَالَ ‏\"‏ ادْعُوا لِي الْحَلاَّقَ ‏\"‏ ‏.‏ فَأَمَرَهُ فَحَلَقَ رُءُوسَنَا ‏.‏","english":{"narrator":"Narrated Abdullah ibn Ja'far:","text":"The Prophet (ﷺ) gave the children of Ja'far three day' time to visit them. He then came to visit them, and said: Do not weep over my brother after this day. He said: Call to me the children of my brother. We were brought to him as if we were chicken. He said: Call a barber to me. He then ordered and our heads were shaved."}},{"id":35,"idInBook":35,"chapterId":35,"bookId":4,"arabic":"حَدَّثَنَا أَحْمَدُ بْنُ حَنْبَلٍ، حَدَّثَنَا عُثْمَانُ بْنُ عُثْمَانَ، - قَالَ أَحْمَدُ كَانَ رَجُلاً صَالِحًا - قَالَ أَخْبَرَنَا عُمَرُ بْنُ نَافِعٍ عَنْ أَبِيهِ عَنِ ابْنِ عُمَرَ قَالَ نَهَى رَسُولُ اللَّهِ صلى الله عليه وسلم عَنِ الْقَزَعِ وَالْقَزَعُ أَنْ يُحْلَقَ رَأْسُ الصَّبِيِّ فَيُتْرَكَ بَعْضُ شَعْرِهِ ‏.‏","english":{"narrator":"Narrated Ibn 'Umar:","text":"The Messenger of Allah (ﷺ) forbade qaza'. Qaza' means having part of a boy's head shaved and leaving part unshaven."}},{"id":36,"idInBook":36,"chapterId":35,"bookId":4,"arabic":"حَدَّثَنَا مُوسَى بْنُ إِسْمَاعِيلَ، حَدَّثَنَا حَمَّادٌ، حَدَّثَنَا أَيُّوبُ، عَنْ نَافِعٍ، عَنِ ابْنِ عُمَرَ، أَنَّ النَّبِيَّ صلى الله عليه وسلم نَهَى عَنِ الْقَزَعِ وَهُوَ أَنْ يُحْلَقَ رَأْسُ الصَّبِيِّ فَتُتْرَكَ لَهُ ذُؤَابَةٌ ‏.‏","english":{"narrator":"Narrated Abdullah ibn Umar:","text":"the Prophet (ﷺ) forbade qaza' which means that the head of a boy is shaved and a lock is left."}},{"id":37,"idInBook":37,"chapterId":35,"bookId":4,"arabic":"حَدَّثَنَا أَحْمَدُ بْنُ حَنْبَلٍ، حَدَّثَنَا عَبْدُ الرَّزَّاقِ، حَدَّثَنَا مَعْمَرٌ، عَنْ أَيُّوبَ، عَنْ نَافِعٍ، عَنِ ابْنِ عُمَرَ، أَنَّ النَّبِيَّ صلى الله عليه وسلم رَأَى صَبِيًّا قَدْ حُلِقَ بَعْضُ شَعْرِهِ وَتُرِكَ بَعْضُهُ فَنَهَاهُمْ عَنْ ذَلِكَ وَقَالَ ‏\n\"‏ احْلِقُوهُ كُلَّهُ أَوِ اتْرُكُوهُ كُلَّهُ ‏\"‏ ‏.‏","english":{"narrator":"Narrated Abdullah ibn Umar:","text":"The Prophet (ﷺ) saw a boy with part of his head shaved and part left unshaven. He forbade them to do that, saying: Shave it all or leave it all."}},{"id":38,"idInBook":38,"chapterId":35,"bookId":4,"arabic":"حَدَّثَنَا مُحَمَّدُ بْنُ الْعَلاَءِ، حَدَّثَنَا زَيْدُ بْنُ الْحُبَابِ، عَنْ مَيْمُونِ بْنِ عَبْدِ اللَّهِ، عَنْ ثَابِتٍ الْبُنَانِيِّ، عَنْ أَنَسِ بْنِ مَالِكٍ، قَالَ كَانَتْ لِي ذُؤَابَةٌ فَقَالَتْ لِي أُمِّي لاَ أَجُزُّهَا كَانَ رَسُولُ اللَّهِ صلى الله عليه وسلم يَمُدُّهَا وَيَأْخُذُ بِهَا ‏.‏","english":{"narrator":"Narrated Anas ibn Malik:","text":"I had a hanging lock of hair. My mother said to me: I shall not cut it, for the Messenger of Allah (ﷺ) used to stretch it our and hold it."}},{"id":39,"idInBook":39,"chapterId":35,"bookId":4,"arabic":"حَدَّثَنَا الْحَسَنُ بْنُ عَلِيٍّ، حَدَّثَنَا يَزِيدُ بْنُ هَارُونَ، حَدَّثَنَا الْحَجَّاجُ بْنُ حَسَّانَ، قَالَ دَخَلْنَا عَلَى أَنَسِ بْنِ مَالِكٍ فَحَدَّثَتْنِي أُخْتِي الْمُغِيرَةُ، قَالَتْ وَأَنْتَ يَوْمَئِذٍ غُلاَمٌ وَلَكَ قَرْنَانِ أَوْ قُصَّتَانِ فَمَسَحَ رَأْسَكَ وَبَرَّكَ عَلَيْكَ وَقَالَ ‏\n\"‏ احْلِقُوا هَذَيْنِ أَوْ قُصُّوهُمَا فَإِنَّ هَذَا زِيُّ الْيَهُودِ ‏\"‏ ‏.‏","english":{"narrator":"Narrated Anas ibn Malik:","text":"Al-Hajjaj ibn Hassan said: We entered upon Anas ibn Malik. My sister al-Mughirah said: You were a boy in those days and you had two locks of hair. He (Anas) rubbed your head and invoked blessing on you. He said: Shave them (i.e. the locks) or clip them, for this is the fashion of the Jews."}},{"id":40,"idInBook":40,"chapterId":35,"bookId":4,"arabic":"حَدَّثَنَا مُسَدَّدٌ، حَدَّثَنَا سُفْيَانُ، عَنِ الزُّهْرِيِّ، عَنْ سَعِيدٍ، عَنْ أَبِي هُرَيْرَةَ، يَبْلُغُ بِهِ النَّبِيَّ صلى الله عليه وسلم ‏\n\"‏ الْفِطْرَةُ خَمْسٌ أَوْ خَمْسٌ مِنَ الْفِطْرَةِ الْخِتَانُ وَالاِسْتِحْدَادُ وَنَتْفُ الإِبْطِ وَتَقْلِيمُ الأَظْفَارِ وَقَصُّ الشَّارِبِ ‏\"‏ ‏.‏","english":{"narrator":"Narrated Abu Hurairah:","text":"The Prophet (ﷺ) as saying: The inborn characteristics of man are five. Another version says: Five things are of the inborn characteristics of man: circumcision, shaving the pubes, plucking out hair under the armpit, paring the nails and clipping the moustaches."}},{"id":41,"idInBook":41,"chapterId":35,"bookId":4,"arabic":"حَدَّثَنَا عَبْدُ اللَّهِ بْنُ مَسْلَمَةَ الْقَعْنَبِيُّ، عَنْ مَالِكٍ، عَنْ أَبِي بَكْرِ بْنِ نَافِعٍ، عَنْ أَبِيهِ، عَنْ عَبْدِ اللَّهِ بْنِ عُمَرَ، أَنَّ رَسُولَ اللَّهِ صلى الله عليه وسلم أَمَرَ بِإِحْفَاءِ الشَّوَارِبِ وَإِعْفَاءِ اللِّحَى ‏.‏","english":{"narrator":"Narrated Abd Allah b. 'Umar:","text":"The Messenger of Allah (ﷺ) commanded to clip the moustaches and grow the beard long."}},{"id":42,"idInBook":42,"chapterId":35,"bookId":4,"arabic":"حَدَّثَنَا مُسْلِمُ بْنُ إِبْرَاهِيمَ، حَدَّثَنَا صَدَقَةُ الدَّقِيقِيُّ، حَدَّثَنَا أَبُو عِمْرَانَ الْجَوْنِيُّ، عَنْ أَنَسِ بْنِ مَالِكٍ، قَالَ وَقَّتَ لَنَا رَسُولُ اللَّهِ صلى الله عليه وسلم حَلْقَ الْعَانَةِ وَتَقْلِيمَ الأَظْفَارِ وَقَصَّ الشَّارِبِ وَنَتْفَ الإِبْطِ أَرْبَعِينَ يَوْمًا مَرَّةً ‏.‏ قَالَ أَبُو دَاوُدَ رَوَاهُ جَعْفَرُ بْنُ سُلَيْمَانَ عَنْ أَبِي عِمْرَانَ عَنْ أَنَسٍ لَمْ يَذْكُرِ النَّبِيَّ صلى الله عليه وسلم قَالَ وُقِّتَ لَنَا وَهَذَا أَصَحُّ ‏.‏","english":{"narrator":"Narrated Anas bin Malik:","text":"The Messenger of Allah (ﷺ) fixed forty days to shave the pubes, paring the nails, clipping the moustaches, and plucking the hair under the armpit.\n\n\nAbu Dawud said: Ja'far b. Sulaiman transmitted it from Abu 'Imran on the authority of Anas. In this version he did not mention the Prophet (ﷺ). He said: Forty days were fixed for us. This is a more correct version."}},{"id":43,"idInBook":43,"chapterId":35,"bookId":4,"arabic":"حَدَّثَنَا ابْنُ نُفَيْلٍ، حَدَّثَنَا زُهَيْرٌ، قَرَأْتُ عَلَى عَبْدِ الْمَلِكِ بْنِ أَبِي سُلَيْمَانَ وَقَرَأَهُ عَبْدُ الْمَلِكِ عَلَى أَبِي الزُّبَيْرِ وَرَوَاهُ أَبُو الزُّبَيْرِ عَنْ جَابِرٍ، قَالَ كُنَّا نُعْفِي السِّبَالَ إِلاَّ فِي حَجٍّ أَوْ عُمْرَةٍ ‏.‏ قَالَ أَبُو دَاوُدَ الاِسْتِحْدَادُ حَلْقُ الْعَانَةِ ‏.‏","english":{"narrator":"Narrated Jabir:","text":"We used to grow beard long except during the Hajj or 'Umrah.\n\n\nAbu Dawud said: Istihdad means to shave the pubes."}},{"id":44,"idInBook":44,"chapterId":35,"bookId":4,"arabic":"حَدَّثَنَا مُسَدَّدٌ، حَدَّثَنَا يَحْيَى، ح وَحَدَّثَنَا مُسَدَّدٌ، حَدَّثَنَا سُفْيَانُ، - الْمَعْنَى - عَنِ ابْنِ عَجْلاَنَ، عَنْ عَمْرِو بْنِ شُعَيْبٍ، عَنْ أَبِيهِ، عَنْ جَدِّهِ، قَالَ قَالَ رَسُولُ اللَّهِ صلى الله عليه وسلم ‏\"‏ لاَ تَنْتِفُوا الشَّيْبَ مَا مِنْ مُسْلِمٍ يَشِيبُ شَيْبَةً فِي الإِسْلاَمِ ‏\"‏ ‏.‏ قَالَ عَنْ سُفْيَانَ ‏\"‏ إِلاَّ كَانَتْ لَهُ نُورًا يَوْمَ الْقِيَامَةِ ‏\"‏ ‏.‏ وَقَالَ فِي حَدِيثِ يَحْيَى ‏\"‏ إِلاَّ كَتَبَ اللَّهُ لَهُ بِهَا حَسَنَةً وَحَطَّ عَنْهُ بِهَا خَطِيئَةً ‏\"‏ ‏.‏","english":{"narrator":"'Amr b. Shu'aib, on his father's authority, told that his grandfather reported the Messenger of Allah (ﷺ) said:","text":"Do not pluck out grey hair. If any believer grows a grey hair in Islam, he will have light on the Day of Resurrection. (This is Sufyan's version). Yahya's version says: Allah will record on his behalf a good deed for it, and will blot out a sin for it."}},{"id":45,"idInBook":45,"chapterId":35,"bookId":4,"arabic":"حَدَّثَنَا مُسَدَّدٌ، حَدَّثَنَا سُفْيَانُ، عَنِ الزُّهْرِيِّ، عَنْ أَبِي سَلَمَةَ، وَسُلَيْمَانَ بْنِ يَسَارٍ، عَنْ أَبِي هُرَيْرَةَ، يَبْلُغُ بِهِ النَّبِيَّ صلى الله عليه وسلم قَالَ ‏\n\"‏ إِنَّ الْيَهُودَ وَالنَّصَارَى لاَ يَصْبُغُونَ فَخَالِفُوهُمْ ‏\"‏ ‏.‏","english":{"narrator":"Narrated Abu Hurairah:","text":"The Prophet (ﷺ) as saying: Jews and Christians do not dye (their beards), so act differently from them."}},{"id":46,"idInBook":46,"chapterId":35,"bookId":4,"arabic":"حَدَّثَنَا أَحْمَدُ بْنُ عَمْرِو بْنِ السَّرْحِ، وَأَحْمَدُ بْنُ سَعِيدٍ الْهَمْدَانِيُّ، قَالاَ حَدَّثَنَا ابْنُ وَهْبٍ، حَدَّثَنَا ابْنُ جُرَيْجٍ، عَنْ أَبِي الزُّبَيْرِ، عَنْ جَابِرِ بْنِ عَبْدِ اللَّهِ، قَالَ أُتِيَ بِأَبِي قُحَافَةَ يَوْمَ فَتْحِ مَكَّةَ وَرَأْسُهُ وَلِحْيَتُهُ كَالثَّغَامَةِ بَيَاضًا فَقَالَ رَسُولُ اللَّهِ صلى الله عليه وسلم ‏\n\"‏ غَيِّرُوا هَذَا بِشَىْءٍ وَاجْتَنِبُوا السَّوَادَ ‏\"‏ ‏.‏","english":{"narrator":"Narrated Jabir bin ‘Abdullah :","text":"Abu Quhafah was brought on the day of the conquest of Mecca with head and beard while like hyssop. The Messenger of Allah (ﷺ) said: Change this something, but avoid black."}},{"id":47,"idInBook":47,"chapterId":35,"bookId":4,"arabic":"حَدَّثَنَا الْحَسَنُ بْنُ عَلِيٍّ، حَدَّثَنَا عَبْدُ الرَّزَّاقِ، حَدَّثَنَا مَعْمَرٌ، عَنْ سَعِيدٍ الْجُرَيْرِيِّ، عَنْ عَبْدِ اللَّهِ بْنِ بُرَيْدَةَ، عَنْ أَبِي الأَسْوَدِ الدِّيلِيِّ، عَنْ أَبِي ذَرٍّ، قَالَ قَالَ رَسُولُ اللَّهِ صلى الله عليه وسلم ‏\n\"‏ إِنَّ أَحْسَنَ مَا غُيِّرَ بِهِ هَذَا الشَّيْبُ الْحِنَّاءُ وَالْكَتَمُ ‏\"‏ ‏.‏","english":{"narrator":"Narrated AbuDharr:","text":"The Prophet (ﷺ) said: The best things with which grey hair are changed are henna and katam."}},{"id":48,"idInBook":48,"chapterId":35,"bookId":4,"arabic":"حَدَّثَنَا أَحْمَدُ بْنُ يُونُسَ، حَدَّثَنَا عُبَيْدُ اللَّهِ، - يَعْنِي ابْنَ إِيَادٍ - قَالَ حَدَّثَنَا إِيَادٌ، عَنْ أَبِي رِمْثَةَ، قَالَ انْطَلَقْتُ مَعَ أَبِي نَحْوَ النَّبِيِّ صلى الله عليه وسلم فَإِذَا هُوَ ذُو وَفْرَةٍ بِهَا رَدْعُ حِنَّاءَ وَعَلَيْهِ بُرْدَانِ أَخْضَرَانِ ‏.‏","english":{"narrator":"Narrated AbuRimthah:","text":"I went with my father to the Prophet (ﷺ). He had locks hanging down as far as the lobes of the ears stained with henna, and he was wearing two green garments."}},{"id":49,"idInBook":49,"chapterId":35,"bookId":4,"arabic":"حَدَّثَنَا مُحَمَّدُ بْنُ الْعَلاَءِ، حَدَّثَنَا ابْنُ إِدْرِيسَ، قَالَ سَمِعْتُ ابْنَ أَبْجَرَ، عَنْ إِيَادِ بْنِ لَقِيطٍ، عَنْ أَبِي رِمْثَةَ، فِي هَذَا الْخَبَرِ قَالَ فَقَالَ لَهُ أَبِي أَرِنِي هَذَا الَّذِي بِظَهْرِكَ فَإِنِّي رَجُلٌ طَبِيبٌ ‏.‏ قَالَ ‏\n\"‏ اللَّهُ الطَّبِيبُ بَلْ أَنْتَ رَجُلٌ رَفِيقٌ طَبِيبُهَا الَّذِي خَلَقَهَا ‏\"‏ ‏.‏","english":{"narrator":"This version adds (to the previous hadith No 4194):","text":"My father said to him (the Prophet): Show me what is on your back, for I am a physician. He (the Prophet) said: You are only a soother. Its physician is He Who has created it."}},{"id":50,"idInBook":50,"chapterId":35,"bookId":4,"arabic":"حَدَّثَنَا ابْنُ بَشَّارٍ، حَدَّثَنَا عَبْدُ الرَّحْمَنِ، حَدَّثَنَا سُفْيَانُ، عَنْ إِيَادِ بْنِ لَقِيطٍ، عَنْ أَبِي رِمْثَةَ، قَالَ أَتَيْتُ النَّبِيَّ صلى الله عليه وسلم أَنَا وَأَبِي فَقَالَ لِرَجُلٍ أَوْ لأَبِيهِ ‏\"‏ مَنْ هَذَا ‏\"‏ ‏.‏ قَالَ ابْنِي ‏.‏ قَالَ ‏\"‏ لاَ تَجْنِي عَلَيْهِ ‏\"‏ ‏.‏ وَكَانَ قَدْ لَطَخَ لِحْيَتَهُ بِالْحِنَّاءِ ‏.‏","english":{"narrator":"Narrated AbuRimthah:","text":"I and my father came to the Prophet (ﷺ). He said to a man or to my father: Who is this? He replied: He is my son. He said: Do not commit a crime on him. He had stained his beard with henna."}},{"id":51,"idInBook":51,"chapterId":35,"bookId":4,"arabic":"حَدَّثَنَا مُحَمَّدُ بْنُ عُبَيْدٍ، حَدَّثَنَا حَمَّادٌ، عَنْ ثَابِتٍ، عَنْ أَنَسٍ، أَنَّهُ سُئِلَ عَنْ خِضَابِ النَّبِيِّ، صلى الله عليه وسلم فَذَكَرَ أَنَّهُ لَمْ يَخْضِبْ وَلَكِنْ قَدْ خَضَبَ أَبُو بَكْرٍ وَعُمَرُ رَضِيَ اللَّهُ عَنْهُمَا ‏.‏","english":{"narrator":"Thabit said that Anas was asked about the hair-dye of the Prophet (ﷺ). He replied:","text":"He did not dye his hair, but Abu Bakr and 'Umar dyed their hair."}},{"id":52,"idInBook":52,"chapterId":35,"bookId":4,"arabic":"حَدَّثَنَا عَبْدُ الرَّحِيمِ بْنُ مُطَرِّفٍ أَبُو سُفْيَانَ، حَدَّثَنَا عَمْرُو بْنُ مُحَمَّدٍ، حَدَّثَنَا ابْنُ أَبِي رَوَّادٍ، عَنْ نَافِعٍ، عَنِ ابْنِ عُمَرَ، أَنَّ النَّبِيَّ صلى الله عليه وسلم كَانَ يَلْبَسُ النِّعَالَ السِّبْتِيَّةَ وَيُصَفِّرُ لِحْيَتَهُ بِالْوَرْسِ وَالزَّعْفَرَانِ وَكَانَ ابْنُ عُمَرَ يَفْعَلُ ذَلِكَ ‏.‏","english":{"narrator":"Narrated Abdullah ibn Umar:","text":"The Prophet (ﷺ) used to wear tanned leather sandals and dye his beard yellow with wars and saffron, and Ibn 'Umar used to do that too."}},{"id":53,"idInBook":53,"chapterId":35,"bookId":4,"arabic":"حَدَّثَنَا عُثْمَانُ بْنُ أَبِي شَيْبَةَ، حَدَّثَنَا إِسْحَاقُ بْنُ مَنْصُورٍ، حَدَّثَنَا مُحَمَّدُ بْنُ طَلْحَةَ، عَنْ حُمَيْدِ بْنِ وَهْبٍ، عَنِ ابْنِ طَاوُسٍ، عَنْ طَاوُسٍ، عَنِ ابْنِ عَبَّاسٍ، قَالَ مَرَّ عَلَى النَّبِيِّ صلى الله عليه وسلم رَجُلٌ قَدْ خَضَبَ بِالْحِنَّاءِ فَقَالَ ‏\"‏ مَا أَحْسَنَ هَذَا ‏\"‏ ‏.‏ قَالَ فَمَرَّ آخَرُ قَدْ خَضَبَ بِالْحِنَّاءِ وَالْكَتَمِ فَقَالَ ‏\"‏ هَذَا أَحْسَنُ مِنْ هَذَا ‏\"‏ ‏.‏ قَالَ فَمَرَّ آخَرُ قَدْ خَضَبَ بِالصُّفْرَةِ فَقَالَ ‏\"‏ هَذَا أَحْسَنُ مِنْ هَذَا كُلِّهِ ‏\"‏ ‏.‏","english":{"narrator":"Narrated Abdullah ibn Abbas:","text":"When a man who had dyed himself with henna passed by the Prophet (ﷺ), he said: How fine this is! When another man who had dyed himself with henna and katam passed by, he said: This is better than that. Then another man who had dyed himself with yellow dye, passed by, he said: This is better than all that."}},{"id":54,"idInBook":54,"chapterId":35,"bookId":4,"arabic":"حَدَّثَنَا أَبُو تَوْبَةَ، حَدَّثَنَا عُبَيْدُ اللَّهِ، عَنْ عَبْدِ الْكَرِيمِ الْجَزَرِيِّ، عَنْ سَعِيدِ بْنِ جُبَيْرٍ، عَنِ ابْنِ عَبَّاسٍ، قَالَ قَالَ رَسُولُ اللَّهِ صلى الله عليه وسلم ‏\n\"‏ يَكُونُ قَوْمٌ يَخْضِبُونَ فِي آخِرِ الزَّمَانِ بِالسَّوَادِ كَحَوَاصِلِ الْحَمَامِ لاَ يَرِيحُونَ رَائِحَةَ الْجَنَّةِ ‏\"‏ ‏.‏","english":{"narrator":"Narrated Abdullah ibn Abbas:","text":"The Prophet (ﷺ) said: At the end of time there will be people who will use this black dye like the crops of doves who will not experience the fragrance of Paradise."}},{"id":55,"idInBook":55,"chapterId":35,"bookId":4,"arabic":"حَدَّثَنَا مُسَدَّدٌ، حَدَّثَنَا عَبْدُ الْوَارِثِ بْنُ سَعِيدٍ، عَنْ مُحَمَّدِ بْنِ جُحَادَةَ، عَنْ حُمَيْدٍ الشَّامِيِّ، عَنْ سُلَيْمَانَ الْمَنْبِهِيِّ، عَنْ ثَوْبَانَ، مَوْلَى رَسُولِ اللَّهِ صلى الله عليه وسلم قَالَ كَانَ رَسُولُ اللَّهِ صلى الله عليه وسلم إِذَا سَافَرَ كَانَ آخِرُ عَهْدِهِ بِإِنْسَانٍ مِنْ أَهْلِهِ فَاطِمَةَ وَأَوَّلُ مَنْ يَدْخُلُ عَلَيْهَا إِذَا قَدِمَ فَاطِمَةَ فَقَدِمَ مِنْ غَزَاةٍ لَهُ وَقَدْ عَلَّقَتْ مِسْحًا أَوْ سِتْرًا عَلَى بَابِهَا وَحَلَّتِ الْحَسَنَ وَالْحُسَيْنَ قُلْبَيْنِ مِنْ فِضَّةٍ فَقَدِمَ فَلَمْ يَدْخُلْ فَظَنَّتْ أَنَّ مَا مَنَعَهُ أَنْ يَدْخُلَ مَا رَأَى فَهَتَكَتِ السِّتْرَ وَفَكَّكَتِ الْقُلْبَيْنِ عَنِ الصَّبِيَّيْنِ وَقَطَعَتْهُ بَيْنَهُمَا فَانْطَلَقَا إِلَى رَسُولِ اللَّهِ صلى الله عليه وسلم وَهُمَا يَبْكِيَانِ فَأَخَذَهُ مِنْهُمَا وَقَالَ ‏\"‏ يَا ثَوْبَانُ اذْهَبْ بِهَذَا إِلَى آلِ فُلاَنٍ ‏\"‏ ‏.‏ أَهْلِ بَيْتٍ بِالْمَدِينَةِ ‏\"‏ إِنَّ هَؤُلاَءِ أَهْلُ بَيْتِي أَكْرَهُ أَنْ يَأْكُلُوا طَيِّبَاتِهِمْ فِي حَيَاتِهِمُ الدُّنْيَا يَا ثَوْبَانُ اشْتَرِ لِفَاطِمَةَ قِلاَدَةً مِنْ عَصَبٍ وَسِوَارَيْنِ مِنْ عَاجٍ ‏\"‏ ‏.‏","english":{"narrator":"Narrated Thawban:","text":"When the Messenger of Allah (ﷺ) went on a journey, the last member of his family he saw was Fatimah, and the first he visited on his return was Fatimah. Once when he returned from an expedition she had hung up a hair-cloth, or a curtain, at her door, and adorned al-Hasan and al-Husayn with silver bracelets. So when he arrived, he did not enter. Thinking that he had been prevented from entering by what he had seen, she tore down the curtain, unfastened the bracelets from the boys and cut them off.  \n\n\n\n\n\nThey went weeping to the Messenger of Allah (ﷺ), and when he had taken them from them, he said: Take this to so and so's family. Thawban. In Medina, these are my family, and I did not like them to enjoy their good things in the present life. Buy Fatimah a necklace or asb, Thawban, and two ivory bracelets."}}],"chapter":{"id":35,"bookId":4,"arabic":"كتاب الترجل","english":"Combing the Hair (Kitab Al-Tarajjul)"}}