{
  "metadata": {
    "length": 26,
    "arabic": {
      "title": "سنن أبي داود",
      "author": "الإمام سليمان بن الأشعث أبو داود السجستاني",
      "introduction": "كتاب الخاتم"
    },
    "english": {
      "title": "Sunan Abi Dawud",
      "author": "Imam Sulayman ibn al-Ash'ath Abu Dawud al-Sijistani",
      "introduction": "Signet-Rings (Kitab Al-Khatam)"
    }
  },
  "hadiths": [
    {
      "id": 1,
      "idInBook": 1,
      "chapterId": 36,
      "bookId": 4,
      "arabic": "حَدَّثَنَا عَبْدُ الرَّحِيمِ بْنُ مُطَرِّفٍ الرُّؤَاسِيُّ، حَدَّثَنَا عِيسَى، عَنْ سَعِيدٍ، عَنْ قَتَادَةَ، عَنْ أَنَسِ بْنِ مَالِكٍ، قَالَ أَرَادَ رَسُولُ اللَّهِ صلى الله عليه وسلم أَنْ يَكْتُبَ إِلَى بَعْضِ الأَعَاجِمِ فَقِيلَ لَهُ إِنَّهُمْ لاَ يَقْرَءُونَ كِتَابًا إِلاَّ بِخَاتَمٍ فَاتَّخَذَ خَاتَمًا مِنْ فِضَّةٍ وَنَقَشَ فِيهِ ‏\n\"‏ مُحَمَّدٌ رَسُولُ اللَّهِ ‏\"‏ ‏.‏",
      "english": {
        "narrator": "Narrated Anas bin Malik:",
        "text": "The Messenger of Allah (ﷺ) wanted to write to some persian rulers. He was told that they would not read a letter without a seal in the form of a silver ring on which he engraved \"Muhammad the Messenger of Allah.\""
      },
      "turkish": {
        "narrator": "Narrated Anas bin Malik:",
        "text": "Anas bin Malik'ten rivayet edilmiştir: Allah'ın Elçisi (ﷺ) bazı Pers hükümdarlarına yazmak istedi. Kendisine, mühürsüz bir mektubu okumayacakları söylendi; bu mühür, \"Muhammed Allah'ın Elçisi\" yazılı gümüş bir yüzük şeklindeydi."
      }
    },
    {
      "id": 2,
      "idInBook": 2,
      "chapterId": 36,
      "bookId": 4,
      "arabic": "حَدَّثَنَا وَهْبُ بْنُ بَقِيَّةَ، عَنْ خَالِدٍ، عَنْ سَعِيدٍ، عَنْ قَتَادَةَ، عَنْ أَنَسٍ، بِمَعْنَى حَدِيثِ عِيسَى بْنِ يُونُسَ زَادَ فَكَانَ فِي يَدِهِ حَتَّى قُبِضَ وَفِي يَدِ أَبِي بَكْرٍ حَتَّى قُبِضَ وَفِي يَدِ عُمَرَ حَتَّى قُبِضَ وَفِي يَدِ عُثْمَانَ فَبَيْنَمَا هُوَ عِنْدَ بِئْرٍ إِذْ سَقَطَ فِي الْبِئْرِ فَأَمَرَ بِهَا فَنُزِحَتْ فَلَمْ يُقْدَرْ عَلَيْهِ ‏.‏",
      "english": {
        "narrator": "The tradition mentioned above has also been transmitted by Anas through a different chain of narrators. This version as transmitted by 'Isa b. Yunus adds:",
        "text": "It remained in his hand until he died, in the hand of 'Abu Bakr until he died, in the hand of 'Umar until he died, and in the hand of 'Uthman. When he was near a well, it fell down in it. He ordered to take it out, but it could not be found."
      },
      "turkish": {
        "narrator": "The tradition mentioned above has also been transmitted by Anas through a different chain of narrators. This version as transmitted by 'Isa b. Yunus adds:",
        "text": "Yukarıda bahsedilen rivayet, Anas tarafından farklı bir nakil zinciriyle de aktarılmıştır. 'İsa b. Yunus'un aktardığı bu versiyon ekler: Bu yüzük, onun elinde öldüğü güne kadar kaldı, 'Abu Bekir'in elinde öldüğü güne kadar, 'Ömer'in elinde öldüğü güne kadar ve 'Osman'ın elinde. Bir kuyuya yakınken, yüzük kuyunun içine düştü. Onu çıkarmasını emretti, ama bulunamadı."
      }
    },
    {
      "id": 3,
      "idInBook": 3,
      "chapterId": 36,
      "bookId": 4,
      "arabic": "حَدَّثَنَا قُتَيْبَةُ بْنُ سَعِيدٍ، وَأَحْمَدُ بْنُ صَالِحٍ، قَالاَ حَدَّثَنَا ابْنُ وَهْبٍ، أَخْبَرَنِي يُونُسُ بْنُ يَزِيدَ، عَنِ ابْنِ شِهَابٍ، قَالَ حَدَّثَنِي أَنَسٌ، قَالَ كَانَ خَاتَمُ النَّبِيِّ صلى الله عليه وسلم مِنْ وَرِقٍ فَصُّهُ حَبَشِيٌّ ‏.‏",
      "english": {
        "narrator": "Narrated Anas:",
        "text": "The signet-ring of the Prophet (ﷺ) was of silver with an Abyssinian stone."
      },
      "turkish": {
        "narrator": "Narrated Anas:",
        "text": "Anas'tan rivayet edilmiştir: Peygamberin (ﷺ) mühür yüzüğü gümüşten ve Habeşistan taşıyla yapılmıştı."
      }
    },
    {
      "id": 4,
      "idInBook": 4,
      "chapterId": 36,
      "bookId": 4,
      "arabic": "حَدَّثَنَا أَحْمَدُ بْنُ يُونُسَ، حَدَّثَنَا زُهَيْرٌ، حَدَّثَنَا حُمَيْدٌ الطَّوِيلُ، عَنْ أَنَسِ بْنِ مَالِكٍ، قَالَ كَانَ خَاتَمُ النَّبِيِّ صلى الله عليه وسلم مِنْ فِضَّةٍ كُلُّهُ فَصُّهُ مِنْهُ ‏.‏",
      "english": {
        "narrator": "Narrated Anas:",
        "text": "The signet-ring of the Prophet (ﷺ) was all of silver as was also its stone."
      },
      "turkish": {
        "narrator": "Narrated Anas:",
        "text": "Anas'tan rivayet edilmiştir: Peygamberin (ﷺ) mühür yüzüğü tamamen gümüşten ve taşı da öyleydi."
      }
    },
    {
      "id": 5,
      "idInBook": 5,
      "chapterId": 36,
      "bookId": 4,
      "arabic": "حَدَّثَنَا نُصَيْرُ بْنُ الْفَرَجِ، حَدَّثَنَا أَبُو أُسَامَةَ، عَنْ عُبَيْدِ اللَّهِ، عَنْ نَافِعٍ، عَنِ ابْنِ عُمَرَ، قَالَ اتَّخَذَ رَسُولُ اللَّهِ صلى الله عليه وسلم خَاتَمًا مِنْ ذَهَبٍ وَجَعَلَ فَصَّهُ مِمَّا يَلِي بَطْنَ كَفِّهِ وَنَقَشَ فِيهِ ‏\"‏ مُحَمَّدٌ رَسُولُ اللَّهِ ‏\"‏ ‏.‏ فَاتَّخَذَ النَّاسُ خَوَاتِمَ الذَّهَبِ فَلَمَّا رَآهُمْ قَدِ اتَّخَذُوهَا رَمَى بِهِ وَقَالَ ‏\"‏ لاَ أَلْبَسُهُ أَبَدًا ‏\"‏ ‏.‏ ثُمَّ اتَّخَذَ خَاتَمًا مِنْ فِضَّةٍ نَقَشَ فِيهِ ‏\"‏ مُحَمَّدٌ رَسُولُ اللَّهِ ‏\"‏ ‏.‏ ثُمَّ لَبِسَ الْخَاتَمَ بَعْدَهُ أَبُو بَكْرٍ ثُمَّ لَبِسَهُ بَعْدَ أَبِي بَكْرٍ عُمَرُ ثُمَّ لَبِسَهُ بَعْدَهُ عُثْمَانُ حَتَّى وَقَعَ فِي بِئْرِ أَرِيسَ ‏.‏ قَالَ أَبُو دَاوُدَ وَلَمْ يَخْتَلِفِ النَّاسُ عَلَى عُثْمَانَ حَتَّى سَقَطَ الْخَاتَمُ مِنْ يَدِهِ ‏.‏",
      "english": {
        "narrator": "Narrated Ibn 'Umar:",
        "text": "The Messenger of Allah (ﷺ) took a signet-ring of gold, and put the stone next the palm of his hand. He engraved on it \"Muhammad, the Messenger of Allah\". The people then took signet-rings of gold. When he saw that they had taken them (like his ring) he threw it away and said: I shall never wear it. He then fashioned a silver ring and engraved on it \"Muhammad, the Messenger of Allah\". Then Abu Bakr wore it after him, then 'Umar wore it after Abu Bakr, and the 'Uthman wore it after 'Umar till it fell down in a well called Aris.\n\n\nAbu Dawud said: The people did not disagree on 'Uthman till the signet-rin fell down from his hand."
      },
      "turkish": {
        "narrator": "Narrated Ibn 'Umar:",
        "text": "İbn 'Umar'dan rivayet edilmiştir: Allah'ın Elçisi (ﷺ) altın bir mühür yüzüğü aldı ve taşı elinin avuç kısmına yerleştirdi. Üzerine \"Muhammed, Allah'ın Elçisi\" yazdırdı. İnsanlar daha sonra altın mühür yüzükler aldılar. O, onların (kendi yüzüğü gibi) aldıklarını görünce onu fırlattı ve \"Bir daha asla takmayacağım\" dedi. Sonra gümüş bir yüzük yaptı ve üzerine \"Muhammed, Allah'ın Elçisi\" yazdırdı. Sonra 'Abu Bekir onu taktı, ardından 'Ömer, 'Abu Bekir'den sonra, 'Osman da 'Ömer'den sonra taktı ta ki Aris adında bir kuyunun içine düştü."
      }
    },
    {
      "id": 6,
      "idInBook": 6,
      "chapterId": 36,
      "bookId": 4,
      "arabic": "حَدَّثَنَا عُثْمَانُ بْنُ أَبِي شَيْبَةَ، حَدَّثَنَا سُفْيَانُ بْنُ عُيَيْنَةَ، عَنْ أَيُّوبَ بْنِ مُوسَى، عَنْ نَافِعٍ، عَنِ ابْنِ عُمَرَ، فِي هَذَا الْخَبَرِ عَنِ النَّبِيِّ صلى الله عليه وسلم فَنَقَشَ فِيهِ ‏\"‏ مُحَمَّدٌ رَسُولُ اللَّهِ ‏\"‏ ‏.‏ وَقَالَ ‏\"‏ لاَ يَنْقُشْ أَحَدٌ عَلَى نَقْشِ خَاتَمِي هَذَا ‏\"‏ ‏.‏ ثُمَّ سَاقَ الْحَدِيثَ ‏.‏",
      "english": {
        "narrator": "The tradition mentioned above has also been transmitted by Ibn 'Umar through a different chain of narrators from the Prophet (ﷺ). This version adds:",
        "text": "He engraved on it \"Muhammad, the Messenger of Allah.\" and said: \"No one must engrave anything in the manner of this signet-ring of mine. He then transmitted the rest of the tradition."
      },
      "turkish": {
        "narrator": "The tradition mentioned above has also been transmitted by Ibn 'Umar through a different chain of narrators from the Prophet (ﷺ). This version adds:",
        "text": "Abu Davud dedi ki: İnsanlar, 'Osman'ın mühür yüzüğünün elinden düştüğüne kadar onun hakkında ihtilaf etmediler."
      }
    },
    {
      "id": 7,
      "idInBook": 7,
      "chapterId": 36,
      "bookId": 4,
      "arabic": "حَدَّثَنَا مُحَمَّدُ بْنُ يَحْيَى بْنِ فَارِسٍ، حَدَّثَنَا أَبُو عَاصِمٍ، عَنِ الْمُغِيرَةِ بْنِ زِيَادٍ، عَنْ نَافِعٍ، عَنِ ابْنِ عُمَرَ، بِهَذَا الْخَبَرِ عَنِ النَّبِيِّ صلى الله عليه وسلم قَالَ فَالْتَمَسُوهُ فَلَمْ يَجِدُوهُ فَاتَّخَذَ عُثْمَانُ خَاتَمًا وَنَقَشَ فِيهِ ‏\n\"‏ مُحَمَّدٌ رَسُولُ اللَّهِ ‏\"‏ ‏.‏ قَالَ فَكَانَ يَخْتِمُ بِهِ أَوْ يَتَخَتَّمُ بِهِ ‏.‏",
      "english": {
        "narrator": "The tradition mentioned above has also been transmitted by Ibn 'Umar through different chain of narrators from the Prophet (ﷺ). This version adds:",
        "text": "They searched for it but could not find it. 'Uthman then fashioned a signet-ring and engraved on it \"Muhammad, the Messenger of Allah\". He used to wear it or stamp with it."
      },
      "turkish": {
        "narrator": "The tradition mentioned above has also been transmitted by Ibn 'Umar through different chain of narrators from the Prophet (ﷺ). This version adds:",
        "text": "Yukarıda bahsedilen rivayet, İbn 'Umar tarafından Peygamberden (ﷺ) farklı bir nakil zinciriyle aktarılmıştır. Bu versiyon ekler: Üzerine \"Muhammed, Allah'ın Elçisi\" yazdırdı ve \"Bu mühür yüzüğüm gibi kimse bir şey yazmasın\" dedi. Sonra rivayetin geri kalanını aktardı."
      }
    },
    {
      "id": 8,
      "idInBook": 8,
      "chapterId": 36,
      "bookId": 4,
      "arabic": "حَدَّثَنَا مُحَمَّدُ بْنُ سُلَيْمَانَ، لُوَيْنٌ عَنْ إِبْرَاهِيمَ بْنِ سَعْدٍ، عَنِ ابْنِ شِهَابٍ، عَنْ أَنَسِ بْنِ مَالِكٍ، أَنَّهُ رَأَى فِي يَدِ النَّبِيِّ صلى الله عليه وسلم خَاتَمًا مِنْ وَرِقٍ يَوْمًا وَاحِدًا فَصَنَعَ النَّاسُ فَلَبِسُوا وَطَرَحَ النَّبِيُّ صلى الله عليه وسلم فَطَرَحَ النَّاسُ ‏.‏ قَالَ أَبُو دَاوُدَ رَوَاهُ عَنِ الزُّهْرِيِّ زِيَادُ بْنُ سَعْدٍ وَشُعَيْبٌ وَابْنُ مُسَافِرٍ كُلُّهُمْ قَالَ مِنْ وَرِقٍ ‏.‏",
      "english": {
        "narrator": "Anas b. Malik said that he saw a silver signet-ring on the hand of the Prophet (ﷺ) only for a day. The people then fashioned and wore (rings). The Prophet (ﷺ) then threw it away and the people also threw (them.)\n\n\nAbu Dawud said:",
        "text": "Ziyad b. Sa'd, Shu'aib and Ibn Musafir transmitted it from al-Zuhri. 'Ali said in their versions: \"of silver\"."
      },
      "turkish": {
        "narrator": "Anas b. Malik said that he saw a silver signet-ring on the hand of the Prophet (ﷺ) only for a day. The people then fashioned and wore (rings). The Prophet (ﷺ) then threw it away and the people also threw (them.)\n\n\nAbu Dawud said:",
        "text": "Yukarıda bahsedilen rivayet, İbn 'Umar tarafından Peygamberden (ﷺ) farklı bir nakil zinciriyle aktarılmıştır. Bu versiyon ekler: Onu aradılar ama bulamadılar. 'Osman daha sonra bir mühür yüzüğü yaptı ve üzerine \"Muhammed, Allah'ın Elçisi\" yazdırdı. Onu takar veya onunla mühürlerdi."
      }
    },
    {
      "id": 9,
      "idInBook": 9,
      "chapterId": 36,
      "bookId": 4,
      "arabic": "حَدَّثَنَا مُسَدَّدٌ، حَدَّثَنَا الْمُعْتَمِرُ، قَالَ سَمِعْتُ الرُّكَيْنَ بْنَ الرَّبِيعِ، يُحَدِّثُ عَنِ الْقَاسِمِ بْنِ حَسَّانَ، عَنْ عَبْدِ الرَّحْمَنِ بْنِ حَرْمَلَةَ، أَنَّ ابْنَ مَسْعُودٍ، كَانَ يَقُولُ كَانَ نَبِيُّ اللَّهِ صلى الله عليه وسلم يَكْرَهُ عَشْرَ خِلاَلٍ الصُّفْرَةَ - يَعْنِي الْخَلُوقَ - وَتَغْيِيرَ الشَّيْبِ وَجَرَّ الإِزَارِ وَالتَّخَتُّمَ بِالذَّهَبِ وَالتَّبَرُّجَ بِالزِّينَةِ لِغَيْرِ مَحِلِّهَا وَالضَّرْبَ بِالْكِعَابِ وَالرُّقَى إِلاَّ بِالْمُعَوِّذَاتِ وَعَقْدَ التَّمَائِمِ وَعَزْلَ الْمَاءِ لِغَيْرِ أَوْ غَيْرِ مَحِلِّهِ أَوْ عَنْ مَحِلِّهِ وَفَسَادَ الصَّبِيِّ غَيْرَ مُحَرِّمِهِ ‏.‏ قَالَ أَبُو دَاوُدَ انْفَرَدَ بِإِسْنَادِ هَذَا الْحَدِيثِ أَهْلُ الْبَصْرَةِ وَاللَّهُ أَعْلَمُ ‏.‏",
      "english": {
        "narrator": "Narrated Abdullah ibn Mas'ud:",
        "text": "The Prophet of Allah (ﷺ) disliked ten things: Yellow colouring, meaning khaluq, dyeing grey hair, trailing the lower garment, wearing a gold signet-ring, a woman decking herself before people who are not within the prohibited degrees, throwing dice, using spells except with the Mu'awwidhatan, wearing amulets, withdrawing the penis before the semen is discharged, in the case of a woman who is wife or not a wife, and having intercourse with a woman who is suckling a child; but he did not declare them to be prohibited.\n\n\nAbu Dawud said: Only the transmitters of Basrah have transmitted this tradition."
      },
      "turkish": {
        "narrator": "Narrated Abdullah ibn Mas'ud:",
        "text": "Anas b. Malik, Peygamberin (ﷺ) elinde bir gümüş mühür yüzüğü gördüğünü yalnızca bir gün söyledi. İnsanlar daha sonra (yüzükler) yaptılar ve taktılar. Peygamber (ﷺ) onu fırlattı ve insanlar da (onları) fırlattı."
      }
    },
    {
      "id": 10,
      "idInBook": 10,
      "chapterId": 36,
      "bookId": 4,
      "arabic": "حَدَّثَنَا الْحَسَنُ بْنُ عَلِيٍّ، وَمُحَمَّدُ بْنُ عَبْدِ الْعَزِيزِ بْنِ أَبِي رِزْمَةَ، - الْمَعْنَى - أَنَّ زَيْدَ بْنَ حُبَابٍ، أَخْبَرَهُمْ عَنْ عَبْدِ اللَّهِ بْنِ مُسْلِمٍ السُّلَمِيِّ الْمَرْوَزِيِّ أَبِي طَيْبَةَ، عَنْ عَبْدِ اللَّهِ بْنِ بُرَيْدَةَ، عَنْ أَبِيهِ، أَنَّ رَجُلاً، جَاءَ إِلَى النَّبِيِّ صلى الله عليه وسلم وَعَلَيْهِ خَاتَمٌ مِنْ شَبَهٍ فَقَالَ لَهُ ‏\"‏ مَا لِي أَجِدُ مِنْكَ رِيحَ الأَصْنَامِ ‏\"‏ ‏.‏ فَطَرَحَهُ ثُمَّ جَاءَ وَعَلَيْهِ خَاتَمٌ مِنْ حَدِيدٍ فَقَالَ ‏\"‏ مَا لِي أَرَى عَلَيْكَ حِلْيَةَ أَهْلِ النَّارِ ‏\"‏ ‏.‏ فَطَرَحَهُ فَقَالَ يَا رَسُولَ اللَّهِ مِنْ أَىِّ شَىْءٍ أَتَّخِذُهُ قَالَ ‏\"‏ اتَّخِذْهُ مِنْ وَرِقٍ وَلاَ تُتِمَّهُ مِثْقَالاً ‏\"‏ ‏.‏ وَلَمْ يَقُلْ مُحَمَّدٌ عَبْدِ اللَّهِ بْنِ مُسْلِمٍ ‏.‏ وَلَمْ يَقُلِ الْحَسَنُ السُّلَمِيِّ الْمَرْوَزِيِّ ‏.‏",
      "english": {
        "narrator": "Narrated Buraydah ibn al-Hasib:",
        "text": "A man came to the Prophet (ﷺ) and he was wearing a signet-ring of yellow copper. He said to him: How is it that I notice the odour of idols in you? So he threw it away, and came wearing an iron signet ring. He (the Prophet) said: What is it that I see you wearing the adornment of the inhabitants of Hell? So he threw it away. He asked: Messenger of Allah, what material I must use? He said: Make it of silver, but do not weigh it as much as a mithqal,\n\n\nThe narrator Muhammad did not say: \" 'Abd Allah b. Muslim,\" and al-Hasan did not say: \"al-Sulami al-Marwazi.\""
      },
      "turkish": {
        "narrator": "Narrated Buraydah ibn al-Hasib:",
        "text": "Abu Davud dedi ki: Ziyad b. Sa'd, Shu'aib ve İbn Musafir bunu al-Zuhri'den aktardılar. 'Ali onların rivayetlerinde: \"gümüşten\" dedi."
      }
    },
    {
      "id": 11,
      "idInBook": 11,
      "chapterId": 36,
      "bookId": 4,
      "arabic": "حَدَّثَنَا ابْنُ الْمُثَنَّى، وَزِيَادُ بْنُ يَحْيَى، وَالْحَسَنُ بْنُ عَلِيٍّ، قَالُوا حَدَّثَنَا سَهْلُ بْنُ حَمَّادٍ أَبُو عَتَّابٍ، حَدَّثَنَا أَبُو مَكِينٍ، نُوحُ بْنُ رَبِيعَةَ حَدَّثَنِي إِيَاسُ بْنُ الْحَارِثِ بْنِ الْمُعَيْقِيبِ، وَجَدُّهُ، مِنْ قِبَلِ أُمِّهِ أَبُو ذُبَابٍ عَنْ جَدِّهِ، قَالَ كَانَ خَاتَمُ النَّبِيِّ صلى الله عليه وسلم مِنْ حَدِيدٍ مَلْوِيٌّ عَلَيْهِ فِضَّةٌ ‏.‏ قَالَ فَرُبَّمَا كَانَ فِي يَدِهِ قَالَ وَكَانَ الْمُعَيْقِيبُ عَلَى خَاتَمِ النَّبِيِّ صلى الله عليه وسلم ‏.‏",
      "english": {
        "narrator": "Iyas b. al-Harith b. al-Mu'aiqib quoting his grandfather said and his grandfather from his mother's side was Abu Dhubab:",
        "text": "The signet-ring of the Prophet (ﷺ) was of iron polished with silver. Sometimes it remained in my possession. Al-Mu'ayqib was in charge of the signet-ring of the Prophet (ﷺ)."
      },
      "turkish": {
        "narrator": "Iyas b. al-Harith b. al-Mu'aiqib quoting his grandfather said and his grandfather from his mother's side was Abu Dhubab:",
        "text": "Abdullah ibn Mes'ud'dan rivayet edilmiştir: Allah'ın Elçisi (ﷺ) on şeyi hoş görmezdi: Sarı renklendirme, yani khuluq, gri saçları boyamak, alt giysinin sürüklenmesi, altın mühür yüzüğü takmak, bir kadının, yasak derecede olmayan insanların önünde süslenmesi, zar atmak, Mu'awwidhatan dışında büyü yapmak, muskalar takmak, meni boşalmadan önce cinsel organı çekmek, bir kadınla, ister karısı olsun ister olmasın, cinsel ilişkiye girmek; ama bunları yasaklamadı."
      }
    },
    {
      "id": 12,
      "idInBook": 12,
      "chapterId": 36,
      "bookId": 4,
      "arabic": "حَدَّثَنَا مُسَدَّدٌ، حَدَّثَنَا بِشْرُ بْنُ الْمُفَضَّلِ، حَدَّثَنَا عَاصِمُ بْنُ كُلَيْبٍ، عَنْ أَبِي بُرْدَةَ، عَنْ عَلِيٍّ، - رضى الله عنه - قَالَ قَالَ لِي رَسُولُ اللَّهِ صلى الله عليه وسلم ‏\n\"‏ قُلِ اللَّهُمَّ اهْدِنِي وَسَدِّدْنِي وَاذْكُرْ بِالْهِدَايَةِ هِدَايَةَ الطَّرِيقِ وَاذْكُرْ بِالسَّدَادِ تَسْدِيدَكَ السَّهْمَ ‏\"‏ ‏.‏ قَالَ وَنَهَانِي أَنْ أَضَعَ الْخَاتَمَ فِي هَذِهِ أَوْ فِي هَذِهِ لِلسَّبَّابَةِ وَالْوُسْطَى - شَكَّ عَاصِمٌ - وَنَهَانِي عَنِ الْقَسِّيَّةِ وَالْمِيثَرَةِ ‏.‏ قَالَ أَبُو بُرْدَةَ فَقُلْنَا لِعَلِيٍّ مَا الْقَسِّيَّةُ قَالَ ثِيَابٌ تَأْتِينَا مِنَ الشَّامِ أَوْ مِنْ مِصْرَ مُضَلَّعَةٌ فِيهَا أَمْثَالُ الأُتْرُجِّ قَالَ وَالْمِيثَرَةُ شَىْءٌ كَانَتْ تَصْنَعُهُ النِّسَاءُ لِبُعُولَتِهِنَّ ‏.‏",
      "english": {
        "narrator": "Narrated Ali:",
        "text": "The Messenger of Allah (ﷺ) said to me: Say: O Allah, guide me, and set me right. Remember by guidance (hidayah) the showing of the straight path, and remember by setting right (sadad) the setting right of an arrow. Then pointing to the middle finger and the one next to it, he said: He forbade me to wear a signet-ring on this finger of mine or on this (Asim was doubtful). He forbade me to wear qassiyyah (qasi garments) and mitharah. Abu Burdah said: We asked 'Ali: What is qasiyyah ? He said: These are garments imported to us from Syria or Egypt. They are stripped and marked like citrons. And mitharah was a thing made by women for their husbands."
      },
      "turkish": {
        "narrator": "Narrated Ali:",
        "text": "Abu Davud dedi ki: Bu rivayeti yalnızca Basra'nın nakilcileri aktarmıştır."
      }
    },
    {
      "id": 13,
      "idInBook": 13,
      "chapterId": 36,
      "bookId": 4,
      "arabic": "حَدَّثَنَا أَحْمَدُ بْنُ صَالِحٍ، حَدَّثَنَا ابْنُ وَهْبٍ، أَخْبَرَنِي سُلَيْمَانُ بْنُ بِلاَلٍ، عَنْ شَرِيكِ بْنِ أَبِي نَمِرٍ، عَنْ إِبْرَاهِيمَ بْنِ عَبْدِ اللَّهِ بْنِ حُنَيْنٍ، عَنْ أَبِيهِ، عَنْ عَلِيٍّ، - رضى الله تعالى عنه - عَنِ النَّبِيِّ صلى الله عليه وسلم ‏.‏ قَالَ شَرِيكٌ وَأَخْبَرَنِي أَبُو سَلَمَةَ بْنُ عَبْدِ الرَّحْمَنِ أَنَّ النَّبِيَّ صلى الله عليه وسلم كَانَ يَتَخَتَّمُ فِي يَمِينِهِ ‏.‏",
      "english": {
        "narrator": "Narrated Ali ibn AbuTalib:",
        "text": "The Prophet (ﷺ) used to wear the signet-ring on his right hand."
      },
      "turkish": {
        "narrator": "Narrated Ali ibn AbuTalib:",
        "text": "Buraydah ibn al-Hasib'ten rivayet edilmiştir: Bir adam, Peygamberin (ﷺ) yanına geldi ve sarı bakırdan bir mühür yüzüğü takıyordu. Ona: \"Sende putların kokusunu nasıl hissediyorum?\" dedi. O da yüzüğü fırlattı ve demir bir mühür yüzüğü takarak geldi. O (Peygamber) dedi ki: \"Cehennem halkının süslerini neden takıyorsun?\" O da yüzüğü fırlattı. Adam sordu: \"Allah'ın Elçisi, hangi malzemeden yapmalıyım?\" O dedi ki: \"Gümüşten yap, ama bir mithkal kadar ağır olmasın.\""
      }
    },
    {
      "id": 14,
      "idInBook": 14,
      "chapterId": 36,
      "bookId": 4,
      "arabic": "حَدَّثَنَا نَصْرُ بْنُ عَلِيٍّ، حَدَّثَنِي أَبِي، حَدَّثَنَا عَبْدُ الْعَزِيزِ بْنُ أَبِي رَوَّادٍ، عَنْ نَافِعٍ، عَنِ ابْنِ عُمَرَ، أَنَّ النَّبِيَّ صلى الله عليه وسلم كَانَ يَتَخَتَّمُ فِي يَسَارِهِ وَكَانَ فَصُّهُ فِي بَاطِنِ كَفِّهِ ‏.‏ قَالَ أَبُو دَاوُدَ قَالَ ابْنُ إِسْحَاقَ وَأُسَامَةَ - يَعْنِي ابْنَ زَيْدٍ - عَنْ نَافِعٍ بِإِسْنَادِهِ فِي يَمِينِهِ ‏.‏",
      "english": {
        "narrator": "Narrated Abdullah ibn Umar:",
        "text": "The Prophet (ﷺ) used to wear the signet-ring on his left hand, and put its stone next the palm of his hand.\n\n\n\nAbu Dawud said: Ibn Ishaq and Usamah b. Zaid transmitted from Nafi': \"On his right hand\"."
      },
      "turkish": {
        "narrator": "Narrated Abdullah ibn Umar:",
        "text": "Rivayetçi Muhammed, \"'Abd Allah b. Muslim\" demedi ve al-Hasan \"al-Sulami al-Marwazi\" demedi."
      }
    },
    {
      "id": 15,
      "idInBook": 15,
      "chapterId": 36,
      "bookId": 4,
      "arabic": "حَدَّثَنَا هَنَّادٌ، عَنْ عَبْدَةَ، عَنْ عُبَيْدِ اللَّهِ، عَنْ نَافِعٍ، أَنَّ ابْنَ عُمَرَ، كَانَ يَلْبَسُ خَاتَمَهُ فِي يَدِهِ الْيُسْرَى ‏.‏",
      "english": {
        "narrator": "",
        "text": "Nafi' said that Ibn 'Umar used to wear his signet-ring on his left hand."
      },
      "turkish": {
        "narrator": "",
        "text": "İyas b. al-Harith b. al-Mu'aiqib, dedesi aracılığıyla şöyle dedi; dedesi annesi tarafından Abu Dhubab'dır: Peygamberin (ﷺ) mühür yüzüğü gümüşle parlatılmış demirden yapılmıştı. Bazen benim elimde kalırdı. Al-Mu'ayqib, Peygamberin (ﷺ) mühür yüzüğünden sorumluydu."
      }
    },
    {
      "id": 16,
      "idInBook": 16,
      "chapterId": 36,
      "bookId": 4,
      "arabic": "حَدَّثَنَا عَبْدُ اللَّهِ بْنُ سَعِيدٍ، حَدَّثَنَا يُونُسُ بْنُ بُكَيْرٍ، عَنْ مُحَمَّدِ بْنِ إِسْحَاقَ، قَالَ رَأَيْتُ عَلَى الصَّلْتِ بْنِ عَبْدِ اللَّهِ بْنِ نَوْفَلِ بْنِ عَبْدِ الْمُطَّلِبِ خَاتَمًا فِي خِنْصَرِهِ الْيُمْنَى فَقُلْتُ مَا هَذَا قَالَ رَأَيْتُ ابْنَ عَبَّاسٍ يَلْبَسُ خَاتَمَهُ هَكَذَا وَجَعَلَ فَصَّهُ عَلَى ظَهْرِهَا ‏.‏ قَالَ وَلاَ يَخَالُ ابْنَ عَبَّاسٍ إِلاَّ قَدْ كَانَ يَذْكُرُ أَنَّ رَسُولَ اللَّهِ صلى الله عليه وسلم كَانَ يَلْبَسُ خَاتَمَهُ كَذَلِكَ ‏.‏",
      "english": {
        "narrator": "Muhammad ibn Ishaq said:",
        "text": "I saw as-Salt ibn Abdullah ibn Nawfal ibn AbdulMuttalib wearing the signet-ring on his right small finger. I asked: What is this? He replied: I saw Ibn Abbas wearing his ring in this manner. He put its stone towards the upper part of his palm. Ibn Abbas also mentioned that the Messenger of Allah (ﷺ) used to wear his signet-ring in his manner."
      },
      "turkish": {
        "narrator": "Muhammad ibn Ishaq said:",
        "text": "Muhammed b. İshak dedi ki: Ben, as-Salt b. Abdullah b. Nüfel b. Abdulmuttalib'in sağ küçük parmağında yüzük takarken gördüm. Ben sordum: Bu nedir? O cevap verdi: Ben İbn Abbas'ın yüzüğünü bu şekilde taktığını gördüm. Taşını avucunun üst kısmına doğru yerleştirdi. İbn Abbas ayrıca, Allah'ın Resulü'nün (ﷺ) yüzüğünü bu şekilde taktığını da belirtmiştir."
      }
    },
    {
      "id": 17,
      "idInBook": 17,
      "chapterId": 36,
      "bookId": 4,
      "arabic": "حَدَّثَنَا عَلِيُّ بْنُ سَهْلٍ، وَإِبْرَاهِيمُ بْنُ الْحَسَنِ، قَالاَ حَدَّثَنَا حَجَّاجٌ، عَنِ ابْنِ جُرَيْجٍ، أَخْبَرَنِي عُمَرُ بْنُ حَفْصٍ، أَنَّ عَامِرَ بْنَ عَبْدِ اللَّهِ، - قَالَ عَلِيُّ بْنُ سَهْلٍ ابْنِ الزُّبَيْرِ - أَخْبَرَهُ أَنَّ مَوْلاَةً لَهُمْ ذَهَبَتْ بِابْنَةِ الزُّبَيْرِ إِلَى عُمَرَ بْنِ الْخَطَّابِ وَفِي رِجْلِهَا أَجْرَاسٌ فَقَطَعَهَا عُمَرُ ثُمَّ قَالَ سَمِعْتُ رَسُولَ اللَّهِ صلى الله عليه وسلم يَقُولُ ‏\n\"‏ إِنَّ مَعَ كُلِّ جَرَسٍ شَيْطَانًا ‏\"‏ ‏.‏",
      "english": {
        "narrator": "Ibn az-Zubayr told that a woman client of theirs took az-Zubayr's daughter to Umar ibn al-Khattab wearing bells on her legs. Umar cut them off and said that he had heard the Messenger of Allah (ﷺ) say:",
        "text": "There is a devil along with each bell."
      },
      "turkish": {
        "narrator": "Ibn az-Zubayr told that a woman client of theirs took az-Zubayr's daughter to Umar ibn al-Khattab wearing bells on her legs. Umar cut them off and said that he had heard the Messenger of Allah (ﷺ) say:",
        "text": "İbn az-Zubayr, onların bir kadın müşterisinin, Zubayr'in kızını, bacaklarında çanlarla birlikte Umar b. al-Khattab'a götürdüğünü söyledi. Umar onları kesip, Allah'ın Resulü'nün (ﷺ) şöyle dediğini duyduğunu söyledi: Her çanın yanında bir şeytan vardır."
      }
    },
    {
      "id": 18,
      "idInBook": 18,
      "chapterId": 36,
      "bookId": 4,
      "arabic": "حَدَّثَنَا مُحَمَّدُ بْنُ عَبْدِ الرَّحِيمِ، حَدَّثَنَا رَوْحٌ، حَدَّثَنَا ابْنُ جُرَيْجٍ، عَنْ بُنَانَةَ، مَوْلاَةِ عَبْدِ الرَّحْمَنِ بْنِ حَسَّانَ الأَنْصَارِيِّ عَنْ عَائِشَةَ، قَالَتْ بَيْنَمَا هِيَ عِنْدَهَا إِذْ دُخِلَ عَلَيْهَا بِجَارِيَةٍ وَعَلَيْهَا جَلاَجِلُ يُصَوِّتْنَ فَقَالَتْ لاَ تُدْخِلْنَهَا عَلَىَّ إِلاَّ أَنْ تَقْطَعُوا جَلاَجِلَهَا وَقَالَتْ سَمِعْتُ رَسُولَ اللَّهِ صلى الله عليه وسلم يَقُولُ ‏\n\"‏ لاَ تَدْخُلُ الْمَلاَئِكَةُ بَيْتًا فِيهِ جَرَسٌ ‏\"‏ ‏.‏",
      "english": {
        "narrator": "Bunanah, female client of 'Abd al-Rahman b. Hayyan al-Ansari told that when she was with 'Aishah a girl wearing little tinkling bells was brought in to her. She ordered that they were not to bring her in where she was unless they cut off her little bells. She said:",
        "text": "I heard the Messenger of Allah (ﷺ) say: The angels do not enter a house in which there is a bell."
      },
      "turkish": {
        "narrator": "Bunanah, female client of 'Abd al-Rahman b. Hayyan al-Ansari told that when she was with 'Aishah a girl wearing little tinkling bells was brought in to her. She ordered that they were not to bring her in where she was unless they cut off her little bells. She said:",
        "text": "Bunanah, Abd al-Rahman b. Hayyan al-Ansari'nin kadın müşterisi, Aişe ile birlikteyken, küçük çanlar takmış bir kızın kendisine getirildiğini söyledi. O, çanları kesmedikçe kızı yanına getirmelerini emretti. Dedi ki: Ben Allah'ın Resulü'nün (ﷺ) şöyle dediğini duydum: Melekler, içinde çan bulunan bir eve girmezler."
      }
    },
    {
      "id": 19,
      "idInBook": 19,
      "chapterId": 36,
      "bookId": 4,
      "arabic": "حَدَّثَنَا مُوسَى بْنُ إِسْمَاعِيلَ، وَمُحَمَّدُ بْنُ عَبْدِ اللَّهِ الْخُزَاعِيُّ، - الْمَعْنَى - قَالاَ حَدَّثَنَا أَبُو الأَشْهَبِ، عَنْ عَبْدِ الرَّحْمَنِ بْنِ طَرَفَةَ، أَنَّ جَدَّهُ، عَرْفَجَةَ بْنَ أَسْعَدَ قُطِعَ أَنْفُهُ يَوْمَ الْكُلاَبِ فَاتَّخَذَ أَنْفًا مِنْ وَرِقٍ فَأَنْتَنَ عَلَيْهِ فَأَمَرَهُ النَّبِيُّ صلى الله عليه وسلم فَاتَّخَذَ أَنْفًا مِنْ ذَهَبٍ ‏.‏",
      "english": {
        "narrator": "",
        "text": "AbdurRahman ibn Tarafah said that his grandfather Arfajah ibn As'ad who had his nose cut off at the battle of al-Kilab got a silver nose, but it developed a stench, so the Prophet (ﷺ) ordered him to get a gold nose."
      },
      "turkish": {
        "narrator": "",
        "text": "Abdurrahman b. Tarafah, dedesi Arfajah b. As'ad'ın al-Kilab savaşında burnu kesildiğinde gümüş bir burun yaptırdığını, ancak bunun kötü bir koku yaydığını, bu yüzden Peygamberin (ﷺ) ona altın bir burun yaptırmasını emrettiğini söyledi."
      }
    },
    {
      "id": 20,
      "idInBook": 20,
      "chapterId": 36,
      "bookId": 4,
      "arabic": "حَدَّثَنَا الْحَسَنُ بْنُ عَلِيٍّ، حَدَّثَنَا يَزِيدُ بْنُ هَارُونَ، وَأَبُو عَاصِمٍ قَالاَ حَدَّثَنَا أَبُو الأَشْهَبِ، عَنْ عَبْدِ الرَّحْمَنِ بْنِ طَرَفَةَ، عَنْ عَرْفَجَةَ بْنِ أَسْعَدَ، بِمَعْنَاهُ ‏.‏ قَالَ يَزِيدُ قُلْتُ لأَبِي الأَشْهَبِ أَدْرَكَ عَبْدُ الرَّحْمَنِ بْنُ طَرَفَةَ جَدَّهُ عَرْفَجَةَ قَالَ نَعَمْ ‏.‏",
      "english": {
        "narrator": "The tradition mentioned above (No. 4220) has also been transmitted by Arfajah ibn As'ad through a different chain to the same effect. \n\n\n\n\n\nYazid said:",
        "text": "I asked AbulAshhab: Did AbdurRahman ibn Tarafah meet his grandfather Arfajah? He replied: Yes."
      },
      "turkish": {
        "narrator": "The tradition mentioned above (No. 4220) has also been transmitted by Arfajah ibn As'ad through a different chain to the same effect. \n\n\n\n\n\nYazid said:",
        "text": "Yukarıda bahsedilen rivayet (No. 4220), Arfajah b. As'ad tarafından farklı bir isnatla aynı şekilde aktarılmıştır."
      }
    },
    {
      "id": 21,
      "idInBook": 21,
      "chapterId": 36,
      "bookId": 4,
      "arabic": "حَدَّثَنَا مُؤَمَّلُ بْنُ هِشَامٍ، حَدَّثَنَا إِسْمَاعِيلُ، عَنْ أَبِي الأَشْهَبِ، عَنْ عَبْدِ الرَّحْمَنِ بْنِ طَرَفَةَ بْنِ عَرْفَجَةَ بْنِ أَسْعَدَ، عَنْ أَبِيهِ، أَنَّ عَرْفَجَةَ، بِمَعْنَاهُ ‏.‏",
      "english": {
        "narrator": "",
        "text": "The tradition mentioned above has also been transmitted by 'Arfajah through a different chain of narrators to the same effect."
      },
      "turkish": {
        "narrator": "",
        "text": "Yazid dedi ki: Ben AbulAshhab'a sordum: Abdurrahman b. Tarafah dedesi Arfajah ile buluştu mu? O cevap verdi: Evet."
      }
    },
    {
      "id": 22,
      "idInBook": 22,
      "chapterId": 36,
      "bookId": 4,
      "arabic": "حَدَّثَنَا ابْنُ نُفَيْلٍ، حَدَّثَنَا مُحَمَّدُ بْنُ سَلَمَةَ، عَنْ مُحَمَّدِ بْنِ إِسْحَاقَ، قَالَ حَدَّثَنِي يَحْيَى بْنُ عَبَّادٍ، عَنْ أَبِيهِ، عَبَّادِ بْنِ عَبْدِ اللَّهِ عَنْ عَائِشَةَ، رضى الله عنها قَالَتْ قَدِمَتْ عَلَى النَّبِيِّ صلى الله عليه وسلم حِلْيَةٌ مِنْ عِنْدِ النَّجَاشِيِّ أَهْدَاهَا لَهُ فِيهَا خَاتَمٌ مِنْ ذَهَبٍ فِيهِ فَصٌّ حَبَشِيٌّ - قَالَتْ - فَأَخَذَهُ رَسُولُ اللَّهِ صلى الله عليه وسلم بِعُودٍ مُعْرِضًا عَنْهُ أَوْ بِبَعْضِ أَصَابِعِهِ ثُمَّ دَعَى أُمَامَةَ ابْنَةَ أَبِي الْعَاصِ ابْنَةَ ابْنَتِهِ زَيْنَبَ فَقَالَ ‏\n\"‏ تَحَلَّىْ بِهَذَا يَا بُنَيَّةُ ‏\"‏ ‏.‏",
      "english": {
        "narrator": "Narrated Aisha, Ummul Mu'minin:",
        "text": "The Prophet (ﷺ) got some ornaments presented by Negus as a gift to him. They contained a gold ring with an Abyssinian stone. The Messenger of Allah (ﷺ) turning his attention from it took it by means of a stick or his finger, then called Umamah, daughter of Abul'As and daughter of his daughter Zaynab, and said: Wear it, my dear daughter."
      },
      "turkish": {
        "narrator": "Narrated Aisha, Ummul Mu'minin:",
        "text": "Yukarıda bahsedilen rivayet, 'Arfajah tarafından farklı bir raviler zinciriyle aynı şekilde aktarılmıştır."
      }
    },
    {
      "id": 23,
      "idInBook": 23,
      "chapterId": 36,
      "bookId": 4,
      "arabic": "حَدَّثَنَا عَبْدُ اللَّهِ بْنُ مَسْلَمَةَ، حَدَّثَنَا عَبْدُ الْعَزِيزِ، - يَعْنِي ابْنَ مُحَمَّدٍ - عَنْ أَسِيدِ بْنِ أَبِي أَسِيدٍ الْبَرَّادِ، عَنْ نَافِعِ بْنِ عَيَّاشٍ، عَنْ أَبِي هُرَيْرَةَ، أَنَّ رَسُولَ اللَّهِ صلى الله عليه وسلم قَالَ ‏\n\"‏ مَنْ أَحَبَّ أَنْ يُحَلِّقَ حَبِيبَهُ حَلْقَةً مِنْ نَارٍ فَلْيُحَلِّقْهُ حَلْقَةً مِنْ ذَهَبٍ وَمَنْ أَحَبَّ أَنْ يُطَوِّقَ حَبِيبَهُ طَوْقًا مِنْ نَارٍ فَلْيُطَوِّقْهُ طَوْقًا مِنْ ذَهَبٍ وَمَنْ أَحَبَّ أَنْ يُسَوِّرَ حَبِيبَهُ سِوَارًا مِنْ نَارٍ فَلْيُسَوِّرْهُ سِوَارًا مِنْ ذَهَبٍ وَلَكِنْ عَلَيْكُمْ بِالْفِضَّةِ فَالْعَبُوا بِهَا ‏\"‏ ‏.‏",
      "english": {
        "narrator": "Narrated AbuHurayrah:",
        "text": "The Prophet (ﷺ) said: If anyone wants to put a ring of fire on one he loves, let him put a gold ring on him: if anyone wants to put a necklace of fire on one he loves, let him put a gold necklace on him, and if anyone wants to put a bracelet of fire on one he loves let him put a gold bracelet on him. Keep to silver and amuse yourselves with it."
      },
      "turkish": {
        "narrator": "Narrated AbuHurayrah:",
        "text": "Aişe, Ümmü'l Müminin'den rivayet edilmiştir: Peygamber (ﷺ) Negus tarafından kendisine hediye edilen bazı takıları aldı. Bunlar, Habeş taşlı bir altın yüzük içeriyordu. Allah'ın Resulü (ﷺ) ona dikkatini vererek, onu bir çubuk veya parmağıyla aldı, sonra Abul'As'ın kızı ve kızı Zeynep'in kızı Umame'yi çağırdı ve dedi ki: Tak, sevgili kızım."
      }
    },
    {
      "id": 24,
      "idInBook": 24,
      "chapterId": 36,
      "bookId": 4,
      "arabic": "حَدَّثَنَا مُسَدَّدٌ، حَدَّثَنَا أَبُو عَوَانَةَ، عَنْ مَنْصُورٍ، عَنْ رِبْعِيِّ بْنِ حِرَاشٍ، عَنِ امْرَأَتِهِ، عَنْ أُخْتٍ، لِحُذَيْفَةَ أَنَّ رَسُولَ اللَّهِ صلى الله عليه وسلم قَالَ ‏\n\"‏ يَا مَعْشَرَ النِّسَاءِ أَمَا لَكُنَّ فِي الْفِضَّةِ مَا تَحَلَّيْنَ بِهِ أَمَا إِنَّهُ لَيْسَ مِنْكُنَّ امْرَأَةٌ تَحَلَّى ذَهَبًا تُظْهِرُهُ إِلاَّ عُذِّبَتْ بِهِ ‏\"‏ ‏.‏",
      "english": {
        "narrator": "Narrated A sister of Hudhayfah:",
        "text": "The Prophet (ﷺ) as saying : You women folk, have in silver something with which you adorn yourselves. I assure you that any woman of you who adorns herself with gold which she displays will be punished for it."
      },
      "turkish": {
        "narrator": "Narrated A sister of Hudhayfah:",
        "text": "Ebu Hureyre'den rivayet edilmiştir: Peygamber (ﷺ) şöyle dedi: Eğer biri sevdiğine ateşten bir yüzük takmak isterse, ona altın bir yüzük taksın; eğer biri sevdiğine ateşten bir kolye takmak isterse, ona altın bir kolye taksın; eğer biri sevdiğine ateşten bir bilezik takmak isterse, ona altın bir bilezik taksın. Gümüşle yetinin ve onunla eğlenin."
      }
    },
    {
      "id": 25,
      "idInBook": 25,
      "chapterId": 36,
      "bookId": 4,
      "arabic": "حَدَّثَنَا مُوسَى بْنُ إِسْمَاعِيلَ، حَدَّثَنَا أَبَانُ بْنُ يَزِيدَ الْعَطَّارُ، حَدَّثَنَا يَحْيَى، أَنَّ مَحْمُودَ بْنَ عَمْرٍو الأَنْصَارِيَّ، حَدَّثَهُ أَنَّ أَسْمَاءَ بِنْتَ يَزِيدَ حَدَّثَتْهُ أَنَّ رَسُولَ اللَّهِ صلى الله عليه وسلم قَالَ ‏\n\"‏ أَيُّمَا امْرَأَةٍ تَقَلَّدَتْ قِلاَدَةً مِنْ ذَهَبٍ قُلِّدَتْ فِي عُنُقِهَا مِثْلَهُ مِنَ النَّارِ يَوْمَ الْقِيَامَةِ وَأَيُّمَا امْرَأَةٍ جَعَلَتْ فِي أُذُنِهَا خُرْصًا مِنْ ذَهَبٍ جُعِلَ فِي أُذُنِهَا مِثْلُهُ مِنَ النَّارِ يَوْمَ الْقِيَامَةِ ‏\"‏ ‏.‏",
      "english": {
        "narrator": "Narrated Asma' daughter of Yazid:",
        "text": "The Prophet (ﷺ) as saying: Any woman who wears a gold necklace will have a similar one of fire put on her neck on the Day of Resurrection, and any woman who puts a gold earring in her ear will have a similar one of fire put in her ear on the Day of Resurrection."
      },
      "turkish": {
        "narrator": "Narrated Asma' daughter of Yazid:",
        "text": "Hudhayfa'nın bir kız kardeşinden rivayet edilmiştir: Peygamber (ﷺ) şöyle dedi: Siz kadınlar, gümüşle süslenin. Size temin ederim ki, altınla süslenen her bir kadın ceza görecektir."
      }
    },
    {
      "id": 26,
      "idInBook": 26,
      "chapterId": 36,
      "bookId": 4,
      "arabic": "حَدَّثَنَا حُمَيْدُ بْنُ مَسْعَدَةَ، حَدَّثَنَا إِسْمَاعِيلُ، حَدَّثَنَا خَالِدٌ، عَنْ مَيْمُونٍ الْقَنَّادِ، عَنْ أَبِي قِلاَبَةَ، عَنْ مُعَاوِيَةَ بْنِ أَبِي سُفْيَانَ، أَنَّ رَسُولَ اللَّهِ صلى الله عليه وسلم نَهَى عَنْ رُكُوبِ النِّمَارِ وَعَنْ لُبْسِ الذَّهَبِ إِلاَّ مُقَطَّعًا ‏.‏ قَالَ أَبُو دَاوُدَ أَبُو قِلاَبَةَ لَمْ يَلْقَ مُعَاوِيَةَ ‏.‏",
      "english": {
        "narrator": "Narrated Mu'awiyah ibn AbuSufyan:",
        "text": "The Messenger of Allah (ﷺ) forbade to ride on panther skins and to wear gold except a little.\n\n\n\nAbu Dawud said: The narrator Abu Qilabah did not meet Mu'awiyah."
      },
      "turkish": {
        "narrator": "Narrated Mu'awiyah ibn AbuSufyan:",
        "text": "Esma bint Yazid'den rivayet edilmiştir: Peygamber (ﷺ) şöyle dedi: Altın kolye takan her kadın, Kıyamet Günü boynuna ateşten benzeri bir kolye takılacaktır; altın küpe takan her kadın, Kıyamet Günü kulağına ateşten benzeri bir küpe takılacaktır."
      }
    }
  ],
  "chapter": {
    "id": 36,
    "bookId": 4,
    "arabic": "كتاب الخاتم",
    "english": "Signet-Rings (Kitab Al-Khatam)"
  }
}