{"metadata":{"length":13,"arabic":{"title":"سنن أبي داود","author":"الإمام سليمان بن الأشعث أبو داود السجستاني","introduction":"كتاب المهدى"},"english":{"title":"Sunan Abi Dawud","author":"Imam Sulayman ibn al-Ash'ath Abu Dawud al-Sijistani","introduction":"The Promised Deliverer (Kitab Al-Mahdi)"}},"hadiths":[{"id":1,"idInBook":1,"chapterId":38,"bookId":4,"arabic":"حَدَّثَنَا عَمْرُو بْنُ عُثْمَانَ، حَدَّثَنَا مَرْوَانُ بْنُ مُعَاوِيَةَ، عَنْ إِسْمَاعِيلَ، - يَعْنِي ابْنَ أَبِي خَالِدٍ - عَنْ أَبِيهِ، عَنْ جَابِرِ بْنِ سَمُرَةَ، قَالَ سَمِعْتُ رَسُولَ اللَّهِ صلى الله عليه وسلم يَقُولُ ‏\"‏ لاَ يَزَالُ هَذَا الدِّينُ قَائِمًا حَتَّى يَكُونَ عَلَيْكُمُ اثْنَا عَشَرَ خَلِيفَةً كُلُّهُمْ تَجْتَمِعُ عَلَيْهِ الأُمَّةُ ‏\"‏ ‏.‏ فَسَمِعْتُ كَلاَمًا مِنَ النَّبِيِّ صلى الله عليه وسلم لَمْ أَفْهَمْهُ قُلْتُ لأَبِي مَا يَقُولُ قَالَ ‏\"‏ كُلُّهُمْ مِنْ قُرَيْشٍ ‏\"‏ ‏.‏","english":{"narrator":"Narrated Jabir ibn Samurah:","text":"The Prophet (ﷺ) said: The religion will continue to be established till there are twelve caliphs over you, and the whole community will agree on each of them. I then heard from the Prophet (ﷺ) some remarks which I could not understand. I asked my father: What is he saying: He said: all of them will belong to Quraysh."}},{"id":2,"idInBook":2,"chapterId":38,"bookId":4,"arabic":"حَدَّثَنَا مُوسَى بْنُ إِسْمَاعِيلَ، حَدَّثَنَا وُهَيْبٌ، حَدَّثَنَا دَاوُدُ، عَنْ عَامِرٍ، عَنْ جَابِرِ بْنِ سَمُرَةَ، قَالَ سَمِعْتُ رَسُولَ اللَّهِ صلى الله عليه وسلم يَقُولُ ‏\"‏ لاَ يَزَالُ هَذَا الدِّينُ عَزِيزًا إِلَى اثْنَىْ عَشَرَ خَلِيفَةً ‏\"‏ ‏.‏ قَالَ فَكَبَّرَ النَّاسُ وَضَجُّوا ثُمَّ قَالَ كَلِمَةً خَفِيَّةً قُلْتُ لأَبِي يَا أَبَةِ مَا قَالَ قَالَ ‏\"‏ كُلُّهُمْ مِنْ قُرَيْشٍ ‏\"‏ ‏.‏","english":{"narrator":"Narrated Jabir b. Samurah:","text":"I heard the Messenger of Allah (ﷺ) say: This religion will continue to be strong till the time of twelve caliphs. The people then uttered: Allah is more great and uproared. He then silently a word which I could not understand. So I said to my father: What did he say, father ? He said: All of them will belong to Quraish."}},{"id":3,"idInBook":3,"chapterId":38,"bookId":4,"arabic":"حَدَّثَنَا ابْنُ نُفَيْلٍ، حَدَّثَنَا زُهَيْرٌ، حَدَّثَنَا زِيَادُ بْنُ خَيْثَمَةَ، حَدَّثَنَا الأَسْوَدُ بْنُ سَعِيدٍ الْهَمْدَانِيُّ، عَنْ جَابِرِ بْنِ سَمُرَةَ، بِهَذَا الْحَدِيثِ زَادَ فَلَمَّا رَجَعَ إِلَى مَنْزِلِهِ أَتَتْهُ قُرَيْشٌ فَقَالُوا ثُمَّ يَكُونُ مَاذَا قَالَ ‏\n\"‏ ثُمَّ يَكُونُ الْهَرْجُ ‏\"‏ ‏.‏","english":{"narrator":"The tradition mentioned above has also been transmitted by Jabir b. Samurah through a different chain of narrators. This version adds:","text":"When he came back to his home. the Quraish came to him and said: Then what will happen ? He said: Then turmoil will prevail."}},{"id":4,"idInBook":4,"chapterId":38,"bookId":4,"arabic":"حَدَّثَنَا مُسَدَّدٌ، أَنَّ عُمَرَ بْنَ عُبَيْدٍ، حَدَّثَهُمْ ح، وَحَدَّثَنَا مُحَمَّدُ بْنُ الْعَلاَءِ، حَدَّثَنَا أَبُو بَكْرٍ، - يَعْنِي ابْنَ عَيَّاشٍ ح وَحَدَّثَنَا مُسَدَّدٌ، حَدَّثَنَا يَحْيَى، عَنْ سُفْيَانَ، ح وَحَدَّثَنَا أَحْمَدُ بْنُ إِبْرَاهِيمَ، حَدَّثَنَا عُبَيْدُ اللَّهِ بْنُ مُوسَى، أَخْبَرَنَا زَائِدَةُ، ح وَحَدَّثَنَا أَحْمَدُ بْنُ إِبْرَاهِيمَ، حَدَّثَنِي عُبَيْدُ اللَّهِ بْنُ مُوسَى، عَنْ فِطْرٍ، - الْمَعْنَى وَاحِدٌ - كُلُّهُمْ عَنْ عَاصِمٍ، عَنْ زِرٍّ، عَنْ عَبْدِ اللَّهِ، عَنِ النَّبِيِّ صلى الله عليه وسلم قَالَ ‏\"‏ لَوْ لَمْ يَبْقَ مِنَ الدُّنْيَا إِلاَّ يَوْمٌ ‏\"‏ ‏.‏ قَالَ زَائِدَةُ فِي حَدِيثِهِ ‏\"‏ لَطَوَّلَ اللَّهُ ذَلِكَ الْيَوْمَ ‏\"‏ ‏.‏ ثُمَّ اتَّفَقُوا ‏\"‏ حَتَّى يَبْعَثَ فِيهِ رَجُلاً مِنِّي ‏\"‏ ‏.‏ أَوْ ‏\"‏ مِنْ أَهْلِ بَيْتِي يُوَاطِئُ اسْمُهُ اسْمِي وَاسْمُ أَبِيهِ اسْمَ أَبِي ‏\"‏ ‏.‏ زَادَ فِي حَدِيثِ فِطْرٍ ‏\"‏ يَمْلأُ الأَرْضَ قِسْطًا وَعَدْلاً كَمَا مُلِئَتْ ظُلْمًا وَجَوْرًا ‏\"‏ ‏.‏ وَقَالَ فِي حَدِيثِ سُفْيَانَ ‏\"‏ لاَ تَذْهَبُ أَوْ لاَ تَنْقَضِي الدُّنْيَا حَتَّى يَمْلِكَ الْعَرَبَ رَجُلٌ مِنْ أَهْلِ بَيْتِي يُوَاطِئُ اسْمُهُ اسْمِي ‏\"‏ ‏.‏ قَالَ أَبُو دَاوُدَ لَفْظُ عُمَرَ وَأَبِي بَكْرٍ بِمَعْنَى سُفْيَانَ ‏.‏","english":{"narrator":"Narrated Abdullah ibn Mas'ud:","text":"The Prophet (ﷺ) said: If only one day of this world remained. Allah would lengthen that day (according to the version of Za'idah), till He raised up in it a man who belongs to me or to my family whose father's name is the same as my father's, who will fill the earth with equity and justice as it has been filled with oppression and tyranny (according to the version of Fitr). Sufyan's version says: The world will not pass away before the Arabs are ruled by a man of my family whose name will be the same as mine.\n\n\nAbu Dawud said: The version of 'Umar and Abu Bakr is the same as that of Sufyan."}},{"id":5,"idInBook":5,"chapterId":38,"bookId":4,"arabic":"حَدَّثَنَا عُثْمَانُ بْنُ أَبِي شَيْبَةَ، حَدَّثَنَا الْفَضْلُ بْنُ دُكَيْنٍ، حَدَّثَنَا فِطْرٌ، عَنِ الْقَاسِمِ بْنِ أَبِي بَزَّةَ، عَنْ أَبِي الطُّفَيْلِ، عَنْ عَلِيٍّ، - رضى الله تعالى عنه - عَنِ النَّبِيِّ صلى الله عليه وسلم قَالَ ‏\n\"‏ لَوْ لَمْ يَبْقَ مِنَ الدَّهْرِ إِلاَّ يَوْمٌ لَبَعَثَ اللَّهُ رَجُلاً مِنْ أَهْلِ بَيْتِي يَمْلأُهَا عَدْلاً كَمَا مُلِئَتْ جَوْرًا ‏\"‏ ‏.‏","english":{"narrator":"Narrated Ali ibn AbuTalib:","text":"The Prophet (ﷺ) said: If only one day of this time (world) remained, Allah would raise up a man from my family who would fill this earth with justice as it has been filled with oppression."}},{"id":6,"idInBook":6,"chapterId":38,"bookId":4,"arabic":"حَدَّثَنَا أَحْمَدُ بْنُ إِبْرَاهِيمَ، حَدَّثَنَا عَبْدُ اللَّهِ بْنُ جَعْفَرٍ الرَّقِّيُّ، حَدَّثَنَا أَبُو الْمَلِيحِ الْحَسَنُ بْنُ عُمَرَ، عَنْ زِيَادِ بْنِ بَيَانٍ، عَنْ عَلِيِّ بْنِ نُفَيْلٍ، عَنْ سَعِيدِ بْنِ الْمُسَيَّبِ، عَنْ أُمِّ سَلَمَةَ، قَالَتْ سَمِعْتُ رَسُولَ اللَّهِ صلى الله عليه وسلم يَقُولُ ‏\n\"‏ الْمَهْدِيُّ مِنْ عِتْرَتِي مِنْ وَلَدِ فَاطِمَةَ ‏\"‏ ‏.‏ قَالَ عَبْدُ اللَّهِ بْنُ جَعْفَرٍ وَسَمِعْتُ أَبَا الْمَلِيحِ يُثْنِي عَلَى عَلِيِّ بْنِ نُفَيْلٍ وَيَذْكُرُ مِنْهُ صَلاَحًا ‏.‏","english":{"narrator":"Narrated Umm Salamah, Ummul Mu'minin:","text":"The Prophet (ﷺ) said: The Mahdi will be of my family, of the descendants of Fatimah. Abdullah ibn Ja'far said: I heard AbulMalih praising Ali ibn Nufayl and describing his good qualities."}},{"id":7,"idInBook":7,"chapterId":38,"bookId":4,"arabic":"حَدَّثَنَا سَهْلُ بْنُ تَمَّامِ بْنِ بَزِيعٍ، حَدَّثَنَا عِمْرَانُ الْقَطَّانُ، عَنْ قَتَادَةَ، عَنْ أَبِي نَضْرَةَ، عَنْ أَبِي سَعِيدٍ الْخُدْرِيِّ، قَالَ قَالَ رَسُولُ اللَّهِ صلى الله عليه وسلم ‏\n\"‏ الْمَهْدِيُّ مِنِّي أَجْلَى الْجَبْهَةِ أَقْنَى الأَنْفِ يَمْلأُ الأَرْضَ قِسْطًا وَعَدْلاً كَمَا مُلِئَتْ جَوْرًا وَظُلْمًا يَمْلِكُ سَبْعَ سِنِينَ ‏\"‏ ‏.‏","english":{"narrator":"Narrated AbuSa'id al-Khudri:","text":"The Prophet (ﷺ) said: The Mahdi will be of my stock, and will have a broad forehead a prominent nose. He will fill the earth will equity and justice as it was filled with oppression and tyranny, and he will rule for seven years."}},{"id":8,"idInBook":8,"chapterId":38,"bookId":4,"arabic":"حَدَّثَنَا مُحَمَّدُ بْنُ الْمُثَنَّى، حَدَّثَنَا مُعَاذُ بْنُ هِشَامٍ، حَدَّثَنِي أَبِي، عَنْ قَتَادَةَ، عَنْ صَالِحٍ أَبِي الْخَلِيلِ، عَنْ صَاحِبٍ، لَهُ عَنْ أُمِّ سَلَمَةَ، زَوْجِ النَّبِيِّ صلى الله عليه وسلم عَنِ النَّبِيِّ صلى الله عليه وسلم قَالَ ‏\"‏ يَكُونُ اخْتِلاَفٌ عِنْدَ مَوْتِ خَلِيفَةٍ فَيَخْرُجُ رَجُلٌ مِنْ أَهْلِ الْمَدِينَةِ هَارِبًا إِلَى مَكَّةَ فَيَأْتِيهِ نَاسٌ مِنْ أَهْلِ مَكَّةَ فَيُخْرِجُونَهُ وَهُوَ كَارِهٌ فَيُبَايِعُونَهُ بَيْنَ الرُّكْنِ وَالْمَقَامِ وَيُبْعَثُ إِلَيْهِ بَعْثٌ مِنَ الشَّامِ فَيُخْسَفُ بِهِمْ بِالْبَيْدَاءِ بَيْنَ مَكَّةَ وَالْمَدِينَةِ فَإِذَا رَأَى النَّاسُ ذَلِكَ أَتَاهُ أَبْدَالُ الشَّامِ وَعَصَائِبُ أَهْلِ الْعِرَاقِ فَيُبَايِعُونَهُ بَيْنَ الرُّكْنِ وَالْمَقَامِ ثُمَّ يَنْشَأُ رَجُلٌ مِنْ قُرَيْشٍ أَخْوَالُهُ كَلْبٌ فَيَبْعَثُ إِلَيْهِمْ بَعْثًا فَيَظْهَرُونَ عَلَيْهِمْ وَذَلِكَ بَعْثُ كَلْبٍ وَالْخَيْبَةُ لِمَنْ لَمْ يَشْهَدْ غَنِيمَةَ كَلْبٍ فَيَقْسِمُ الْمَالَ وَيَعْمَلُ فِي النَّاسِ بِسُنَّةِ نَبِيِّهِمْ صلى الله عليه وسلم وَيُلْقِي الإِسْلاَمُ بِجِرَانِهِ إِلَى الأَرْضِ فَيَلْبَثُ سَبْعَ سِنِينَ ثُمَّ يُتَوَفَّى وَيُصَلِّي عَلَيْهِ الْمُسْلِمُونَ ‏\"‏ ‏.‏ قَالَ أَبُو دَاوُدَ قَالَ بَعْضُهُمْ عَنْ هِشَامٍ ‏\"‏ تِسْعَ سِنِينَ ‏\"‏ ‏.‏ وَقَالَ بَعْضُهُمْ ‏\"‏ سَبْعَ سِنِينَ ‏\"‏ ‏.‏","english":{"narrator":"Narrated Umm Salamah, Ummul Mu'minin:","text":"The Prophet (ﷺ) said: Disagreement will occur at the death of a caliph and a man of the people of Medina will come flying forth to Mecca. Some of the people of Mecca will come to him, bring him out against his will and swear allegiance to him between the Corner and the Maqam. An expeditionary force will then be sent against him from Syria but will be swallowed up in the desert between Mecca and Medina. When the people see that, the eminent saints of Syria and the best people of Iraq will come to him and swear allegiance to him between the Corner and the Maqam.  \n\n\n\n\n\nThen there will arise a man of Quraysh whose maternal uncles belong to Kalb and send against them an expeditionary force which will be overcome by them, and that is the expedition of Kalb. Disappointed will be the one who does not receive the booty of Kalb. He will divide the property, and will govern the people by the Sunnah of their Prophet (ﷺ) and establish Islam on Earth. He will remain seven years, then die, and the Muslims will pray over him.\n\n\n\nAbu Dawud said: Some transmitted from Hisham \"nine years\" and some \"seven years\"."}},{"id":9,"idInBook":9,"chapterId":38,"bookId":4,"arabic":"حَدَّثَنَا هَارُونُ بْنُ عَبْدِ اللَّهِ، حَدَّثَنَا عَبْدُ الصَّمَدِ، عَنْ هَمَّامٍ، عَنْ قَتَادَةَ، بِهَذَا الْحَدِيثِ وَقَالَ ‏\"‏ تِسْعَ سِنِينَ ‏\"‏ ‏.‏ قَالَ أَبُو دَاوُدَ وَقَالَ غَيْرُ مُعَاذٍ عَنْ هِشَامٍ ‏\"‏ تِسْعَ سِنِينَ ‏\"‏ ‏.‏","english":{"narrator":"The tradition mentioned above has also been transmitted by Qatadah through a different chain of narrators. This version has \"nine years\".\n\n\nAbu Dawud said:","text":"The other narrators mentioned \"nine years\" from Hisham except Mu'adh."}},{"id":10,"idInBook":10,"chapterId":38,"bookId":4,"arabic":"حَدَّثَنَا ابْنُ الْمُثَنَّى، حَدَّثَنَا عَمْرُو بْنُ عَاصِمٍ، حَدَّثَنَا أَبُو الْعَوَّامِ، حَدَّثَنَا قَتَادَةُ، عَنْ أَبِي الْخَلِيلِ، عَنْ عَبْدِ اللَّهِ بْنِ الْحَارِثِ، عَنْ أُمِّ سَلَمَةَ، عَنِ النَّبِيِّ صلى الله عليه وسلم بِهَذَا الْحَدِيثِ وَحَدِيثُ مُعَاذٍ أَتَمُّ ‏.‏","english":{"narrator":"","text":"The tradition mentioned above has also been transmitted by Umm Salamah from the Prophet (ﷺ) through a different chain of narrators. The tradition of Mu'adh is more perfect."}},{"id":11,"idInBook":11,"chapterId":38,"bookId":4,"arabic":"حَدَّثَنَا عُثْمَانُ بْنُ أَبِي شَيْبَةَ، حَدَّثَنَا جَرِيرٌ، عَنْ عَبْدِ الْعَزِيزِ بْنِ رُفَيْعٍ، عَنْ عُبَيْدِ اللَّهِ ابْنِ الْقِبْطِيَّةِ، عَنْ أُمِّ سَلَمَةَ، عَنِ النَّبِيِّ صلى الله عليه وسلم بِقِصَّةِ جَيْشِ الْخَسْفِ قُلْتُ يَا رَسُولَ اللَّهِ فَكَيْفَ بِمَنْ كَانَ كَارِهًا قَالَ ‏\n\"‏ يُخْسَفُ بِهِمْ وَلَكِنْ يُبْعَثُ يَوْمَ الْقِيَامَةِ عَلَى نِيَّتِهِ ‏\"‏ ‏.‏","english":{"narrator":"Umm salamah reported the Prophet (ﷺ) as saying about the swallowing up an army by the earth. I asked:","text":"How will a man who comes against his will (be swallowed up by the earth), Messenger of Allah ? He replied:  All will be swallowed up, but each will be raised according to his intention on the Day of Resurrection."}},{"id":12,"idInBook":12,"chapterId":38,"bookId":4,"arabic":"الْمُغِيرَةِ، قَالَ حَدَّثَنَا عَمْرُو بْنُ أَبِي قَيْسٍ، عَنْ شُعَيْبِ بْنِ خَالِدٍ، عَنْ أَبِي إِسْحَاقَ، قَالَ قَالَ عَلِيٌّ - رضى الله عنه - وَنَظَرَ إِلَى ابْنِهِ الْحَسَنِ فَقَالَ إِنَّ ابْنِي هَذَا سَيِّدٌ كَمَا سَمَّاهُ النَّبِيُّ صلى الله عليه وسلم وَسَيَخْرُجُ مِنْ صُلْبِهِ رَجُلٌ يُسَمَّى بِاسْمِ نَبِيِّكُمْ يُشْبِهُهُ فِي الْخُلُقِ وَلاَ يُشْبِهُهُ فِي الْخَلْقِ ثُمَّ ذَكَرَ قِصَّةَ يَمْلأُ الأَرْضَ عَدْلاً ‏.‏","english":{"narrator":"Abu Dawud said:","text":"Abu Ishaq told that Ali looked at his son al-Hasan and said: This son of mine is a sayyid (chief) as named by the Prophet (ﷺ), and from his loins will come forth a man who will be called by the name of your Prophet (ﷺ) and resemble him in conduct but not in appearance. He then mentioned the story about his filling the earth with justice."}},{"id":13,"idInBook":13,"chapterId":38,"bookId":4,"arabic":"وَقَالَ هَارُونُ حَدَّثَنَا عَمْرُو بْنُ أَبِي قَيْسٍ عَنْ مُطَرِّفِ بْنِ طَرِيفٍ عَنْ أَبِي الْحَسَنِ عَنْ هِلاَلِ بْنِ عَمْرٍو قَالَ سَمِعْتُ عَلِيًّا - رضى الله عنه - يَقُولُ قَالَ النَّبِيُّ صلى الله عليه وسلم ‏\"‏ يَخْرُجُ رَجُلٌ مِنْ وَرَاءِ النَّهْرِ يُقَالُ لَهُ الْحَارِثُ بْنُ حَرَّاثٍ عَلَى مُقَدِّمَتِهِ رَجُلٌ يُقَالُ لَهُ مَنْصُورٌ يُوَطِّئُ أَوْ يُمَكِّنُ لآلِ مُحَمَّدٍ كَمَا مَكَّنَتْ قُرَيْشٌ لِرَسُولِ اللَّهِ صلى الله عليه وسلم وَجَبَ عَلَى كُلِّ مُؤْمِنٍ نَصْرُهُ ‏\"‏ ‏.‏ أَوْ قَالَ ‏\"‏ إِجَابَتُهُ ‏\"‏ ‏.‏","english":{"narrator":"Narrated Ali ibn AbuTalib:","text":"The Prophet (ﷺ) said: A man called al-Harith ibn Harrath will come forth from Ma Wara an-Nahr. His army will be led by a man called Mansur who will establish or consolidate things for Muhammad's family as Quraysh consolidated them for the Messenger of Allah (ﷺ). Every believer must help him, or he said: respond to his sermons."}}],"chapter":{"id":38,"bookId":4,"arabic":"كتاب المهدى","english":"The Promised Deliverer (Kitab Al-Mahdi)"}}