{"metadata":{"length":92,"arabic":{"title":"سنن الدارمي","author":"الإمام أبو محمد عبد الرحمن بن عبد الله بن الدارمي","introduction":"وَمِنْ كِتَابِ النِّكَاحِ"},"english":{"title":"Sunan al-Darimi","author":"Imam Abu Muhammad Abd al-Rahman ibn Abd Allah ibn al-Darimi","introduction":""}},"hadiths":[{"id":1,"idInBook":1,"chapterId":11,"bookId":9,"arabic":"أَخْبَرَنَا أَبُو عَاصِمٍ  ، عَنْ ابْنِ جُرَيْج  ، عَنْ أَبِي الْمُغَلِّسِ  ، عَنْ أَبِي نَجِيحٍ  ، قَال : قَالَ رَسُولُ اللَّهِ صَلَّى اللَّهُ عَلَيْهِ وَسَلَّمَ :\" مَنْ قَدَرَ عَلَى أًنّ يَنْكِح، فَلَمْ يَنْكِحْ، فَلَيْسَ مِنَّا \"","english":{"narrator":"","text":""}},{"id":2,"idInBook":2,"chapterId":11,"bookId":9,"arabic":"أَخْبَرَنَا يَعْلَى  ، حَدَّثَنَا الْأَعْمَشُ  ، عَنْ عُمَارَة  ، عَنْ عَبْدِ الرَّحْمَنِ بْنِ يَزِيدَ  ، قَال : قَالَ عَبْدُ اللَّه   : كُنَّا مَعَ رَسُولِ اللَّهِ صَلَّى اللَّهُ عَلَيْهِ وَسَلَّمَ شَبَابًا لَيْسَ لَنَا شَيْءٌ، فَقَال : \" يَا مَعْشَرَ الشَّبَابِمَنِ اسْتَطَاعَ مِنْكُمُ الْبَاءَة ، فَلْيَتَزَوَّجْ فَإِنَّهُ أَغَضُّ لِلْبَصَرِ وَأَحْصَنُ لِلْفَرْجِ وَمَنْ لَمْ يَسْتَطِعْ، فَعَلَيْهِ بِالصَّوْمِ فَإِنَّ الصَّوْمَ لَهُ وِجَاءٌ \"","english":{"narrator":"","text":""}},{"id":3,"idInBook":3,"chapterId":11,"bookId":9,"arabic":"أَخْبَرَنَا مُحَمَّدُ بْنُ يُوسُفَ  ، حَدَّثَنَا سُفْيَانُ  ، عَنْ الْأَعْمَشِ  ، عَنْ إِبْرَاهِيمَ  ، عَنْ عَلْقَمَة  ، عَنْ عَبْدِ اللَّهِ  ، قَالَ : لَقِيَهُ عُثْمَانُ وَأَنَا مَعَهُ، فَقَالَ لَهُ : يَا أَبَا عَبْدِ الرَّحْمَنِ هَلْ لَكَ فِي جَارِيَةٍ بِكْرٍ تُذَكِّرُك؟، فَقَالَ : قُلْتَ : ذَاكَ فَقَدْ سَمِعْتُ رَسُولَ اللَّهِ صَلَّى اللَّهُ عَلَيْهِ وَسَلَّمَ، يَقُولُ : \" يَا مَعْشَرَ الشَّبَابِمَنْ كَانَ يَسْتَطِيعُ مِنْكُمْ الْبَاءَةَ فَلْيَتَزَوَّجْ فَإِنَّهُ أَغَضُّ لِلْبَصَرِ وَأَحْصَنُ لِلْفَرْجِ وَمَنْ لَمْ يَسْتَطِعْ فَلْيَصُمْ فَإِنَّ الصَّوْمَ لَهُ وِجَاءٌ \"","english":{"narrator":"","text":""}},{"id":4,"idInBook":4,"chapterId":11,"bookId":9,"arabic":"أَخْبَرَنَا أَبُو الْيَمَانِ  ، أَنْبَأَنَا شُعَيْبٌ  ، عَنْ الزُّهْرِيِّ  ، أَخْبَرَنِي سَعِيدُ بْنُ الْمُسَيِّبِ  ، أَنَّهُ سَمِعَ سَعْدَ بْنَ أَبِي وَقَّاصٍ  ، يَقُولُ :\" لَقَدْ رَدَّ ذَلِكَ رَسُولُ اللَّهِ صَلَّى اللَّهُ عَلَيْهِ وَسَلَّمَ عَلَى عُثْمَانَ، وَلَوْ أَجَازَ لَهُ التَّبَتُّلَ، لَاخْتَصَيْنَا \"","english":{"narrator":"","text":""}},{"id":5,"idInBook":5,"chapterId":11,"bookId":9,"arabic":"أَخْبَرَنَا إِسْحَاق  ، حَدَّثَنَا حَمَّادُ بْنُ مَسْعَدَةَ  ، حَدَّثَنَا الْأَشْعَثُ بْنُ عَبْدِ الْمَلِكِ  ، عَنْ الْحَسَنِ  ، عَنْ سَعْدِ بْنِ هِشَامٍ  ،  عَنْ عَائِشَةَ  ، قَالَتْ : \"نَهَى رَسُولُ اللَّهِ صَلَّى اللَّهُ عَلَيْهِ وَسَلَّمَ عَنِ التَّبَتُّلِ \"","english":{"narrator":"","text":""}},{"id":6,"idInBook":6,"chapterId":11,"bookId":9,"arabic":"حَدَّثَنَا مُحَمَّدُ بْنُ يَزِيدَ الْحِزَامِيُّ  ، حَدَّثَنَا يُونُسُ بْنُ بُكَيْرٍ  ، حَدَّثَنِي ابْنُ إِسْحَاق  ، حَدَّثَنِي الزُّهْرِيُّ  ، عَنْ سَعِيدِ بْنِ الْمُسَيِّبِ  ، عَنْ سَعْدِ بْنِ أَبِي وَقَّاصٍ  ، قَالَ : لَمَّا كَانَ مِنْ أَمْرِ عُثْمَانَ بْنِ مَظْعُونٍ الَّذِي كَانَ مِنْ تَرْكِ النِّسَاءِ، بَعَثَ إِلَيْهِ رَسُولُ اللَّهِ صَلَّى اللَّهُ عَلَيْهِ وَسَلَّمَ، فَقَالَ : \" يَا عُثْمَانُ إِنِّي لَمْ أُومَرْ بِالرَّهْبَانِيَّةِ أَرَغِبْتَ عَنْ سُنَّتِي؟ \"، قَالَ : لَا، يَا رَسُولَ اللَّهِ، قَالَ :\" إِنَّ مِنْ سُنَّتِي أَنْ أُصَلِّي، وَأَنَام، وَأَصُومَ، وَأَطْعَمَ، وَأَنْكِحَ، وَأُطَلِّقَ، فَمَنْ رَغِبَ عَنْ سُنَّتِي، فَلَيْسَ مِنِّي يَا عُثْمَانُ، إِنَّ لِأَهْلِكَ عَلَيْكَ حَقًّا، وَلِنَفْسِكَ عَلَيْكَ حَقًّا \".\nقَالَ سَعْدٌ : فَوَاللَّهِ لَقَدْ كَانَ أَجْمَعَ رِجَالٌ مِنَ الْمُسْلِمِينَ عَلَى أَنَّ رَسُولَ اللَّهِ صَلَّى اللَّهُ عَلَيْهِ وَسَلَّمَ إِنْ هُوَ أَقَرَّ عُثْمَانَ عَلَى مَا هُوَ عَلَيْهِ أَنْ نَخْتَصِيَ فَنَتَبَتَّلَ","english":{"narrator":"","text":""}},{"id":7,"idInBook":7,"chapterId":11,"bookId":9,"arabic":"حَدَّثَنَا صَدَقَةُ بْنُ الْفَضْلِ  ، أَنْبَأَنَا يَحْيَى بْنُ سَعِيدٍ  ، عَنْ عُبَيْدِ اللَّهِ  ، عَنْ سَعِيدِ بْنِ أَبِي سَعِيدٍ  ، عَنْ أَبِيهِ  ، عَنْ أَبِي هُرَيْرَةَ  ، عَنِ النَّبِيِّ صَلَّى اللَّهُ عَلَيْهِ وَسَلَّمَ، قَالَ :\" تُنْكَحُ النِّسَاءُ لِأَرْبَعٍ : لِلدِّينِ، وَالْجَمَالِ، وَالْمَالِ، وَالْحَسَبِ، فَعَلَيْكَ بِذَاتِ الدِّينِ تَرِبَتْ يَدَاك \".\nأَخْبَرَنَا مُحَمَّدُ بْنُ عُيَيْنَةَ  ، عَنْ عَلِيِّ بْنِ مُسْهِرٍ  ، عَنْ عَبْدِ الْمَلِكِ  ، عَنْ عَطَاءِ بْنِ أَبِي رَبَاحٍ  ، عَنْ جَابِرٍ   ، عَنِ النَّبِيِّ صَلَّى اللَّهُ عَلَيْهِ وَسَلَّم، بِهَذَا الْحَدِيثِ","english":{"narrator":"","text":""}},{"id":8,"idInBook":8,"chapterId":11,"bookId":9,"arabic":"أَخْبَرَنَا قَبِيصَةُ  ، حَدَّثَنَا سُفْيَانُ  ، عَنْ عَاصِمٍ الْأَحْوَلِ  ، عَنْ بَكْرِ بْنِ عَبْدِ اللَّهِ الْمُزَنِي  ، عَنْ الْمُغِيرَةِ بْنِ شُعْبَةَ   أَنَّهُ خَطَبَ امْرَأَةً مِنَ الْأَنْصَارِ، فَقَالَ لَهُ رَسُولُ اللَّهِ صَلَّى اللَّهُ عَلَيْهِ وَسَلَّمَ :\" اذْهَبْ، فَانْظُرْ إِلَيْهَا، فَإِنَّهُ أَجْدَرُ أَنْ يُؤْدَمَ بَيْنَكُمَا \"","english":{"narrator":"","text":""}},{"id":9,"idInBook":9,"chapterId":11,"bookId":9,"arabic":"أَخْبَرَنَا مُحَمَّدُ بْنُ كَثِيرٍ الْعَبْدِيُّ الْبَصْرِيُّ  ، أَنْبَأَنَا سُفْيَانُ  ، عَنْ يُونُسَ  ، قَالَ : سَمِعْتُ الْحَسَنَ  ، يَقُولُ : قَدِمَ عَقِيلُ بْنُ أَبِي طَالِبٍ   الْبَصْرَةَ ، فَتَزَوَّجَ امْرَأَةً مِنْ بَنِي جُشَمٍ، فَقَالُوا لَهُ : بِالرِّفَاءِ وَالْبَنِينَ، فَقَالَ : لَا تَقُولُوا ذَلِكَ، إِنَّ رَسُولَ اللَّهِ صَلَّى اللَّهُ عَلَيْهِ وَسَلَّمَ نَهَانَا عَنْ ذَلِكَ، وَأَمَرَنَا أَنْ نَقُولَ :\" بَارَكَ اللهُ لَكَ، وَبَارَكَ عَلَيْكَ \"","english":{"narrator":"","text":""}},{"id":10,"idInBook":10,"chapterId":11,"bookId":9,"arabic":"حَدَّثَنَا نُعَيْمُ بْنُ حَمَّادٍ  ، حَدَّثَنَا عَبْدُ الْعَزِيزِ  ، عَنْ سُهَيْلٍ  ، عَنْ أَبِيهِ  ، عَنْ أَبِي هُرَيْرَةَ  ، عَنْ النَّبِيِّ صَلَّى اللَّهُ عَلَيْهِ وَسَلَّمَ أَنَّهُ كَانَ إِذَا رَفَّأَ لِإِنْسَانٍ، قَالَ :\" بَارَكَ اللَّهُ لَكَ، وَبَارَكَ عَلَيْكَ، وَجَمَعَ بَيْنَكُمَا فِي خَيْرٍ \"","english":{"narrator":"","text":""}},{"id":11,"idInBook":11,"chapterId":11,"bookId":9,"arabic":"أَخْبَرَنَا أَبُو الْوَلِيدِ الطَّيَالِسِيُّ  ، حَدَّثَنَا شُعْبَةُ  ، عَنْ سُهَيْلِ بْنِ أَبِي صَالِحٍ  ، عَنْ أَبِيهِ  ، عَنْ أَبِي هُرَيْرَةَ  ، عَنِ النَّبِيِّ صَلَّى اللَّهُ عَلَيْهِ وَسَلَّمَ : \" أَنَّهُنَهَى عَنْ أَنْ يَخْطُبَ الرَّجُلُ عَلَى خِطْبَةِ أَخِيهِ \"","english":{"narrator":"","text":""}},{"id":12,"idInBook":12,"chapterId":11,"bookId":9,"arabic":"حَدَّثَنَا عَبْدُ اللَّهِ بْنُ سَعِيدٍ  ، حَدَّثَنَا عُقْبَةُ بْنُ خَالِدٍ  ، عَنْ عُبَيْدِ اللَّهِ  ، قَالَ : حَدَّثَنِي نَافِعٌ  ، عَنِ ابْنِ عُمَرَ   : أَنّ رَسُولَ اللَّهِ صَلَّى اللَّهُ عَلَيْهِ وَسَلَّمَ، قَالَ :\" لَا يَخْطُبْ أَحَدُكُمْ عَلَى خِطْبَةِ أَخِيهِ وَلَا يَبِيعُ عَلَى بَيْعِ أَخِيهِ حَتَّى يَأْذَنَ لَهُ \"","english":{"narrator":"","text":""}},{"id":13,"idInBook":13,"chapterId":11,"bookId":9,"arabic":"أَخْبَرَنَا يَزِيدُ بْنُ هَارُونَ  ، أَنْبَأَنَا مُحَمَّدُ بْنُ عَمْرٍو  ، عَنْ أَبِي سَلَمَةَ  ،  عَنْ فَاطِمَةَ بِنْتِ قَيْسٍ   : أَنَّهَا حَدَّثَتْهُ وَكَتَبَهُ مِنْهَا كِتَابًا أَنَّهَا كَانَتْ تَحْتَ رَجُلٍ مِنْ قُرَيْشٍ، مِنْ بَنِي مَخْزُومٍ، فَطَلَّقَهَا الْبَتَّةَ، فَأَرْسَلَتْ إِلَى أَهْلِهِ تَبْتَغِي مِنْهُمُ النَّفَقَةَ، فَقَالُوا : لَيْسَ لَكِ نَفَقَةٌ، فَبَلَغَ ذَلِكَ رَسُولَ اللَّهِ صَلَّى اللَّهُ عَلَيْهِ وَسَلَّمَ، فَقَالَ :\" لَيْسَ لَكِ نَفَقَةٌ، وَعَلَيْكِ الْعِدَّةُ، وَانْتَقِلِي إِلَى بَيْتِ أُمِّ شَرِيكٍ ، وَلَا تُفَوِّتِينَا بِنَفْسِكِ \"، ثُمَّ قَالَ : \" إِنَّ أُمَّ شَرِيكٍ امْرَأَةٌ يَدْخُلُ إِلَيْهَا إِخْوَانُهَا مِنَ الْمُهَاجِرِينَ، وَلَكِنِ انْتَقِلِي إِلَى بَيْتِ ابْنِ أُمِّ مَكْتُومٍ فَإِنَّهُ رَجُلٌ أَعْمَى، إِنْ وَضَعْتِ ثِيَابَكِ لَمْ يَرَ شَيْئًا وَلَا تُفَوِّتِينَا بِنَفْسِكِ \"، فَانْطَلَقَتْ إِلَى بَيْتِ ابْنِ أُمِّ مَكْتُومٍ فَلَمَّا حَلَّتْ، ذَكَرَتْ أَنَّ مُعَاوِيَةَ، وَأَبَا جَهْمٍ خَطَبَاهَا، فَقَالَ رَسُولُ اللَّهِ صَلَّى اللَّهُ عَلَيْهِ وَسَلَّمَ : \" أَمَّا مُعَاوِيَةُ، فَرَجُلٌ لَا مَالَ لَهُ، وَأَمَّا أَبُو جَهْمٍ، فَلَا يَضَعُ عَصَاهُ عَنْ عَاتِقِهِ، فَأَيْنَ أَنْتِ مِنْ أُسَامَةَ؟ \" فَكَأَنَّ أَهْلَهَا كَرِهُوا ذَلِكَ، فَقَالَتْ : وَاللَّهِ لَا أَنْكِحُ إِلَّا الَّذِي قَالَ رَسُولُ اللَّهِ صَلَّى اللَّهُ عَلَيْهِ وَسَلَّمَ، فَنَكَحَتْ أُسَامَةَ.\nقَالَ مُحَمَّدُ بْنُ عَمْرٍو : قَالَ مُحَمَّدُ بْنُ إِبْرَاهِيمَ : يَا فَاطِمَةُ ، اتَّقِي اللَّهَ، فَقَدْ عَلِمْتِ فِي أَيِّ شَيْءٍ كَانَ هَذَا، قَالَ : وَقَالَ ابْنُ عَبَّاسٍ : قَالَ اللَّهُ تَعَالَى : # يَأَيُّهَا النَّبِيُّ إِذَا طَلَّقْتُمُ النِّسَاءَ فَطَلِّقُوهُنَّ لِعِدَّتِهِنَّ وَأَحْصُوا الْعِدَّةَ وَاتَّقُوا اللَّهَ رَبَّكُمْ لا تُخْرِجُوهُنَّ مِنْ بُيُوتِهِنَّ وَلا يَخْرُجْنَ إِلا أَنْ يَأْتِينَ بِفَاحِشَةٍ مُبَيِّنَةٍ سورة الطلاق آية 1 # وَالْفَاحِشَةُ أَنْ تَبْذُوَ عَلَى أَهْلِهَا، فَإِذَا فَعَلَتْ ذَلِكَ، فَقَدْ حَلَّ لَهُمْ أَنْ يُخْرِجُوهَا","english":{"narrator":"","text":""}},{"id":14,"idInBook":14,"chapterId":11,"bookId":9,"arabic":"أَخْبَرَنَا يَزِيدُ بْنُ هَارُونَ  ، حَدَّثَنَا دَاوُدُ يَعْنِي ابْنَ أَبِي هِنْدٍ  ، حَدَّثَنَا عَامِرٌ  ، حَدَّثَنَا أَبُو هُرَيْرَةَ   : \" أَنّ رَسُولَ اللَّهِ صَلَّى اللَّهُ عَلَيْهِ وَسَلَّمَنَهَى أَنْ تُنْكَحَ الْمَرْأَةُ عَلَى عَمَّتِهَا، وَالْعَمَّةُ عَلَى ابْنَةِ أَخِيهَا، أَوْ الْمَرْأَةُ عَلَى خَالَتِهَا، أَوْ الْخَالَةُ عَلَى بِنْتِ أُخْتِهَا، وَلَا تُنْكَحُ الصُّغْرَى عَلَى الْكُبْرَى، وَلَا الْكُبْرَى عَلَى الصُّغْرَى \"","english":{"narrator":"","text":""}},{"id":15,"idInBook":15,"chapterId":11,"bookId":9,"arabic":"حَدَّثَنَا عُبَيْدُ اللَّهِ بْنُ عَبْدِ الْمَجِيدِ  ، حَدَّثَنَا مَالِكٌ  ، عَنْ أَبِي الزِّنَادِ  ، عَنْ الْأَعْرَجِ  ، عَنْ أَبِي هُرَيْرَةَ   : \" أَنَّ رَسُولَ اللَّهِ صَلَّى اللَّهُ عَلَيْهِ وَسَلَّمَنَهَى أَنْ يُجْمَعَ بَيْنَ الْمَرْأَةِ وَعَمَّتِهَا وَالْمَرْأَةِ وَخَالَتِهَا \"","english":{"narrator":"","text":""}},{"id":16,"idInBook":16,"chapterId":11,"bookId":9,"arabic":"حَدَّثَنَا خَالِدُ بْنُ مَخْلَدٍ  ، حَدَّثَنَا مَالِكٌ  ، عَنْ نَافِع  ، عَنِ ابْنِ عُمَرَ  ، قَالَ : \"نَهَى رَسُولُ اللَّهِ صَلَّى اللَّهُ عَلَيْهِ وَسَلَّمَ عَنِ الشِّغَارِ \".\nقَالَ مَالِكٌ : وَالشِّغَارُ : أَنْ يُزَوِّجَ الرَّجُلُ الْآخَرَ ابْنَتَهُ، عَلَى أَنْ يُزَوِّجَهُ الْآخَرُ ابْنَتَهُ بِغَيْرِ صَدَاقٍ، قِيلَ لِأَبِي مُحَمَّدٍ : تَرَى بَيْنَهُمَا نِكَاحًا؟.\nقَالَ : لَا يُعْجِبُنِي","english":{"narrator":"","text":""}},{"id":17,"idInBook":17,"chapterId":11,"bookId":9,"arabic":"أَخْبَرَنَا أَبُو عَاصِمٍ  ، عَنْ إِبْرَاهِيمَ بْنِ عُمَرَ بْنِ كَيْسَانَ  ، عَنْ أَبِيهِ  ، عَنْ وَهْبِ بْنِ أَبِي مُغِيثٍ  ، حَدَّثَتْنِي أَسْمَاءُ بِنْتُ أَبِي بَكْرٍ  ، عَنْ عَائِشَةَ  ، عَنِ النَّبِيِّ صَلَّى اللَّهُ عَلَيْهِ وَسَلَّمَ، قَالَ :\" أَنْكِحُوا الصَّالِحِينَ وَالصَّالِحَاتِ \".\n قَالَ أَبُو مُحَمَّد : وَسَقَطَ عَلَيَّ مِنَ الْحَدِيثِ \" فَمَا تَبِعَهُمْ بَعْدُ فَحَسَنٌ \"","english":{"narrator":"","text":""}},{"id":18,"idInBook":18,"chapterId":11,"bookId":9,"arabic":"أَخْبَرَنَا مَالِكُ بْنُ إِسْمَاعِيل  ، حَدَّثَنَا إِسْرَائِيلُ  ، عَنْ أَبِي إِسْحَاق  ، عَنْ أَبِي بُرْدَةَ  ، عَنْ أَبِيهِ  ، قَالَ : قَالَ رَسُولُ اللَّهِ صَلَّى اللَّهُ عَلَيْهِ وَسَلَّمَ :\" لَا نِكَاحَ إِلَّا بِوَلِيٍّ \"","english":{"narrator":"","text":""}},{"id":19,"idInBook":19,"chapterId":11,"bookId":9,"arabic":"حَدَّثَنَا عَلِيُّ بْنُ حُجْرٍ  ، أَخْبَرَنَا شَرِيكٌ  ، عَنْ أَبِي إِسْحَاق  ، عَنْ أَبِي بُرْدَةَ  ، عَنْ أَبِي مُوسَى  ، عِنِ النَّبِيِّ صَلَّى اللَّهُ عَلَيْهِ وَسَلَّمَ، قَالَ :\" لَا نِكَاحَ إِلَّا بِوَلِيٍّ \"","english":{"narrator":"","text":""}},{"id":20,"idInBook":20,"chapterId":11,"bookId":9,"arabic":"حَدَّثَنَا أَبُو عَاصِمٍ  ، عَنْ ابْنِ جُرَيْجٍ  ، عَنْ سُلَيْمَانَ بْنِ مُوسَى  ، عَنْ الزُّهْرِيِّ  ، عَنْ عُرْوَةَ  ، عَنْ عَائِشَةَ  ، عَنِ النَّبِيِّ صَلَّى اللَّهُ عَلَيْهِ وَسَلَّمَ، قَالَ :\" أَيُّمَا امْرَأَةٍ نُكِحَتْ بِغَيْرِ إِذْنِ وَلِيِّهَا، فَنِكَاحُهَا بَاطِلٌ، فَنِكَاحُهَا بَاطِلٌ، فَنِكَاحُهَا بَاطِلٌ، فَإِنْ اشْتَجَرُوا، قَالَ أَبُو عَاصِمٍ، وَقَالَ مَرَّةً : فَإِنْ تَشَاجَرُوا فَالسُّلْطَانُ وَلِيُّ مَنْ لَا وَلِيَّ لَهُ، فَإِنْ أَصَابَهَا، فَلَهَا الْمَهْرُ بِمَا اسْتَحَلَّ مِنْ فَرْجِهَا \".\nقَالَ أَبُو عَاصِمٍ : أَمْلَاهُ عَلَيَّ سَنَةَ سِتٍّ وَأَرْبَعِينَ وَمِائَةٍ","english":{"narrator":"","text":""}},{"id":21,"idInBook":21,"chapterId":11,"bookId":9,"arabic":"أَخْبَرَنَا أَبُو نُعَيْمٍ  ، حَدَّثَنَا يُونُسُ بْنُ أَبِي إِسْحَاق  ، حَدَّثَنِي أَبُو بُرْدَةَ بْنُ أَبِي مُوسَى  ، عَنْ أَبِي مُوسَى  ، قَالَ : قَالَ رَسُولُ اللَّهِ صَلَّى اللَّهُ عَلَيْهِ وَسَلَّمَ :\" تُسْتَأْمَرُ الْيَتِيمَةُ فِي نَفْسِهَا، فَإِنْ سَكَتَتْ، فَقَدْ أَذِنَتْ، وَإِنْ أَبَتْ لَمْ تُكْرَهْ \"","english":{"narrator":"","text":""}},{"id":22,"idInBook":22,"chapterId":11,"bookId":9,"arabic":"أَخْبَرَنَا أَبُو الْمُغِيرَةِ  ، حَدَّثَنَا الْأَوْزَاعِيُّ  ، حَدَّثَنِي يَحْيَى  ، عَنْ أَبِي سَلَمَةَ  ، عَنْ أَبِي هُرَيْرَةَ  ، قَالَ : قَالَ رَسُولُ اللَّهِ صَلَّى اللَّهُ عَلَيْهِ وَسَلَّمَ :\" لَا تُنْكَحُ الثَّيِّبُ حَتَّى تُسْتَأْمَرَ، وَلَا تُنْكَحُ الْبِكْرُ حَتَّى تُسْتَأْذَنَ، وَإِذْنُهَا الصُّمُوتُ \".\nأَخْبَرَنَا وَهْبُ بْنُ جَرِيرٍ  ، حَدَّثَنَا هِشَامٌ  ، عَنْ يَحْيَى  ، عَنْ أَبِي سَلَمَةَ  : أَنَّ أَبَا هُرَيْرَةَ   حَدَّثَهُ، عَنْ رَسُولِ اللَّهِ صَلَّى اللَّهُ عَلَيْهِ وَسَلَّمَ، بِهَذَا الْحَدِيثِ","english":{"narrator":"","text":""}},{"id":23,"idInBook":23,"chapterId":11,"bookId":9,"arabic":"حَدَّثَنَا خَالِدُ بْنُ مَخْلَدٍ  ، حَدَّثَنَا مَالِكٌ  ، عَنْ عَبْدِ اللَّهِ بْنِ الْفَضْلِ  ، عَنْ نَافِعِ بْنِ جُبَيْرِ بْنِ مُطْعِمٍ  ، عَنِ ابْنِ عَبَّاسٍ  ، قَالَ : قَالَ رَسُولُ اللَّهِ صَلَّى اللَّهُ عَلَيْهِ وَسَلَّمَ :\" الْأَيِّمُ أَحَقُّ بِنَفْسِهَا مِنْ وَلِيِّهَا، وَالْبِكْرُ تُسْتَأْذَنُ فِي نَفْسِهَا وَإِذْنُهَا صُمَاتُهَا \"","english":{"narrator":"","text":""}},{"id":24,"idInBook":24,"chapterId":11,"bookId":9,"arabic":"حَدَّثَنَا إِسْحَاق بْنُ عِيسَى  ، حَدَّثَنِي مَالِكٌ  أَوَّلُ شَيْءٍ سَأَلْتُهُ عَنْهُ، قَالَ : حَدَّثَنَا عَبْدُ اللَّهِ بْنُ الْفَضْلِ  ، عَنْ نَافِعِ بْنِ جُبَيْرٍ  ، عَنِ ابْنِ عَبَّاسٍ  ، قَالَ : قَالَ رَسُولُ اللَّهِ صَلَّى اللَّهُ عَلَيْهِ وَسَلَّمَ :\" تُسْتَأْذَنُ الْبِكْرُ وَإِذْنُهَا صُمَاتُهَا \"","english":{"narrator":"","text":""}},{"id":25,"idInBook":25,"chapterId":11,"bookId":9,"arabic":"أَخْبَرَنَا عُبَيْدُ اللَّهِ بْنُ عَبْدِ الْمَجِيدِ  ، حَدَّثَنِي عُبَيْدُ اللَّهِ بْنُ عَبْدِ الرَّحْمَنِ بْنِ مَوْهَبٍ  ، أَخْبَرَنَا نَافِعُ بْنُ جُبَيْرِ بْنِ مُطْعِمٍ  ، عَنِ ابْنِ عَبَّاسٍ   : أَنّ رَسُولَ اللَّهِ صَلَّى اللَّهُ عَلَيْهِ وَسَلَّمَ، قَالَ :\" الْأَيِّمُ أَمْلَكُ بِأَمْرِهَا مِنْ وَلِيِّهَا، وَالْبِكْرُ تُسْتَأْمَرُ فِي نَفْسِهَا، وَصَمْتُهَا إِقْرَارُهَا \"","english":{"narrator":"","text":""}},{"id":26,"idInBook":26,"chapterId":11,"bookId":9,"arabic":"أَخْبَرَنَا يَزِيدُ بْنُ هَارُونَ  ، أَخْبَرَنَا يَحْيَى بْنُ سَعِيدٍ  ، أَنَّهُ سَمِعَ الْقَاسِمَ بْنَ مُحَمَّدٍ  : أَنَّهُ سَمِعَ عَبْدَ الرَّحْمَنِ بْنَ يَزِيدَ  ، وَمُجَمِّعَ بْنَ يَزِيدَ   الْأَنْصَارِيَّيْنِ، حَدَّثَاهُ : أَنَّ رَجُلًا مِنْهُمْ مِنَ الْأَنْصَارِ يُدْعَى خِذَامًا أَنْكَحَ بِنْتًا لَهُ فَكَرِهَتْ نِكَاحَ أَبِيهَا، فَأَتَتْ رَسُولَ اللَّهِ صَلَّى اللَّهُ عَلَيْهِ وَسَلَّمَ فَذَكَرَتْ ذَلِكَ لَهُ،فَرَدَّ عَنْهَا نِكَاحَ أَبِيهَا \"، فَنَكَحَتْ أَبَا لُبَابَةَ بْنَ عَبْدِ الْمُنْذِرِ فَذَكَرَ يَحْيَى : أَنَّهُ بَلَغَهُ أَنَّهَا كَانَتْ ثَيِّبًا","english":{"narrator":"","text":""}},{"id":27,"idInBook":27,"chapterId":11,"bookId":9,"arabic":"أَخْبَرَنَا خَالِدُ بْنُ مَخْلَدٍ  ، حَدَّثَنَا مَالِكٌ  ، عَنْ عَبْدِ الرَّحْمَنِ بْنِ الْقَاسِمِ  ، عَنْ أَبِيهِ  ،  عَنْ عَبْدِ الرَّحْمَنِ  ، وُمُجَمِّعٍ   ابْنَيْ يَزِيدَ بْنِ جَارِيَةَ ، أَنَّ خَنْسَاءَ بِنْتَ خِذَامٍ زَوَّجَهَا أَبُوهَا وَهِيَ ثَيِّبٌ، فَكَرِهَتْ ذَلِكَ، فَأَتَتْ رَسُولَ اللَّهِ صَلَّى اللَّهُ عَلَيْهِ وَسَلَّمَ\" فَرَدَّ نِكَاحَهَا \"","english":{"narrator":"","text":""}},{"id":28,"idInBook":28,"chapterId":11,"bookId":9,"arabic":"أَخْبَرَنَا يَزِيدُ بْنُ هَارُونَ  ، أَخْبَرَنَا سَعِيدٌ  ، عَنْ قَتَادَةَ  ، عَنْ الْحَسَنِ  ، عَنْ عُقْبَةَ بْنِ عَامِرٍ  أَوْ سَمُرَةَ بْنِ جُنْدُبٍ   ، أَنّ رَسُولَ اللَّهِ صَلَّى اللَّهُ عَلَيْهِ وَسَلَّمَ، قَالَ :\" أَيُّمَا امْرَأَةٍ زَوَّجَهَا وَلِيَّانِ لَهَا، فَهِيَ لِلْأَوَّلِ مِنْهُمَا، وَأَيُّمَا رَجُلٍ بَاعَ بَيْعًا مِنْ رَجُلَيْنِ، فَهُوَ لِلْأَوَّلِ مِنْهُمَا \".\n حَدَّثَنَا عَفَّان  ، حَدَّثَنَا حَمَّادُ بْنُ سَلَمَةَ  ، أَخْبَرَنَا قَتَادَةُ  ، عَنْ الْحَسَنِ  ، عَنْ سَمُرَةَ  ، عَنْ رَسُولِ اللَّهِ صَلَّى اللَّهُ عَلَيْهِ وَسَلَّمَ، بِنَحْوِهِ","english":{"narrator":"","text":""}},{"id":29,"idInBook":29,"chapterId":11,"bookId":9,"arabic":"أَخْبَرَنَا جَعْفَرُ بْنُ عَوْنٍ  ، عَنْ عَبْدِ الْعَزِيزِ بْنِ عُمَرَ بْنِ عَبْدِ الْعَزِيز  ، عَنِ الرَّبِيعِ بْنِ سَبْرَةَ  : أَنَّ أَبَاهُ   حَدَّثَهُ : أَنَّهُمْ سَارُوا مَعَ رَسُولِ اللَّهِ صَلَّى اللَّهُ عَلَيْهِ وَسَلَّمَ فِي حِجَّةِ الْوَدَاعِ، فَقَالَ : \" اسْتَمْتِعُوا مِنْ هَذِهِ النِّسَاءِ \".\nوَالِاسْتِمْتَاعُ عِنْدَنَا : التَّزْوِيجُ، فَعَرَضْنَا ذَلِكَ عَلَى النِّسَاءِ، فَأَبَيْنَ أَنْ لَا نَضْرِبَ بَيْنَنَا وَبَيْنَهُنَّ أَجَلًا، فَقَالَ رَسُولُ اللَّهِ صَلَّى اللَّهُ عَلَيْهِ وَسَلَّمَ : \" افْعَلُوا \".\nفَخَرَجْتُ أَنَا وَابْنُ عَمٍّ لِي مَعَهُ بُرْدٌ، وَمَعِي بُرْدٌ، وَبُرْدُهُ أَجْوَدُ مِنْ بُرْدِي، وَأَنَا أَشَبُّ مِنْهُ، فَأَتَيْنَا عَلَى امْرَأَةٍ فَأَعْجَبَهَا شَبَابِي، وَأَعْجَبَهَا بُرْدُهُ، فَقَالَتْ : بُرْدٌ كَبُرْدٍ، وَكَانَ الْأَجَلُ بَيْنِي وَبَيْنَهَا عَشْرًا، فَبِتُّ عِنْدَهَا تِلْكَ اللَّيْلَةَ، ثُمَّ غَدَوْتُ، فَإِذَا رَسُولُ اللَّهِ صَلَّى اللَّهُ عَلَيْهِ وَسَلَّمَ قَائِمٌ بَيْنَ الرُّكْنِ وَالْبَابِ، فَقَالَ : \" يَا أَيُّهَا النَّاسُ،إِنِّي قَدْ كُنْتُ أَذِنْتُ لَكُمْ فِي الِاسْتِمْتَاعِ مِنَ النِّسَاءِ، أَلَا وَإِنَّ اللَّهَ قَدْ حَرَّمَهُ إِلَى يَوْمِ الْقِيَامَةِ، فَمَنْ كَانَ عِنْدَهُ مِنْهُنَّ شَيْءٌ، فَلْيُخَلِّ سَبِيلَهَا، وَلَا تَأْخُذُوا مِمَّا آتَيْتُمُوهُنَّ شَيْئًا \"","english":{"narrator":"","text":""}},{"id":30,"idInBook":30,"chapterId":11,"bookId":9,"arabic":"أَخْبَرَنَا مُحَمَّدُ بْنُ يُوسُفَ  ، حَدَّثَنَا ابْنُ عُيَيْنَةَ  ، عَنْ الزُّهْرِيِّ  ، عَنْ الرَّبِيعِ بْنِ سَبْرَةَ الْجُهَنِيِّ  ، عَنْ أَبِيهِ  ، قَالَ : \" نَهَى رَسُولُ اللَّهِ صَلَّى اللَّهُ عَلَيْهِ وَسَلَّمَ عَنْنِكَاحِ الْمُتْعَةِ عَامَ الْفَتْحِ \"","english":{"narrator":"","text":""}},{"id":31,"idInBook":31,"chapterId":11,"bookId":9,"arabic":"حَدَّثَنَا مُحَمَّدٌ  حَدَّثَنِي ابْنُ عُيَيْنَةَ  ، عَنْ الزُّهْرِيِّ  ، عَنْ الْحَسَنِ  ، وَعَبْدِ اللَّهِ  ، عَنْ أَبِيهِمَا  ، قَالَ : سَمِعْتُ عَلِيًّا  ، يَقُولُ لِابْنِ عَبَّاسٍ : \" إِنَّ رَسُولَ اللَّهِ صَلَّى اللَّهُ عَلَيْهِ وَسَلَّمَنَهَى عَنِ الْمُتْعَةِ : مُتْعَةِ النِّسَاءِ، وَعَنْ لُحُومِ الْحُمُرِ الْأَهْلِيَّةِ عَامَ خَيْبَرَ \"","english":{"narrator":"","text":""}},{"id":32,"idInBook":32,"chapterId":11,"bookId":9,"arabic":"أَخْبَرَنَا عُثْمَانُ بْنُ مُحَمَّدٍ  ، حَدَّثَنَا ابْنُ عُيَيْنَةَ  ، عَنْ أَيُّوبَ بْنِ مُوسَى  ، عَنْ نُبَيْهِ بْنِ وَهْبٍ  ، عَنْ أَبَانَ بْنِ عُثْمَانَ  ، عَنْ عُثْمَانَ  ، عَنِ النَّبِيِّ صَلَّى اللَّهُ عَلَيْهِ وَسَلَّمَ، قَالَ :\" الْمُحْرِمُ لَا يَنْكِحُ وَلَا يُنْكِحُ \"","english":{"narrator":"","text":""}},{"id":33,"idInBook":33,"chapterId":11,"bookId":9,"arabic":"أَخْبَرَنَا نُعَيْمُ بْنُ حَمَّادٍ  ، حَدَّثَنَا عَبْدُ الْعَزِيزِ هُوَ : ابْنُ مُحَمَّدٍ  ، عَنْ يَزِيدَ بْنِ عَبْدِ اللَّهِ  ، عَنْ مُحَمَّدِ بْنِ إِبْرَاهِيمَ  ، عَنْ أَبِي سَلَمَةَ  ، قَالَ : سَأَلْتُ عَائِشَةَ   كَمْ كَانَ صَدَاقُ أَزْوَاجِ رَسُولِ اللَّهِ صَلَّى اللَّهُ عَلَيْهِ وَسَلَّمَ، قَالَتْ :\" كَانَ صَدَاقُهُ لِأَزْوَاجِهِ اثْنَتَيْ عَشْرَةَ أُوقِيَّةً، وَنَشًّا \"، وَقَالَتْ : أَتَدْرِي مَا النَّشُّ؟.\nقَالَ : قُلْتُ : لَا، قَالَتْ : \" نِصْفُ أُوقِيَّةٍ، فَهَذَا صَدَاقُ رَسُولِ اللَّهِ صَلَّى اللَّهُ عَلَيْهِ وَسَلَّمَ لِأَزْوَاجِهِ \"","english":{"narrator":"","text":""}},{"id":34,"idInBook":34,"chapterId":11,"bookId":9,"arabic":"أَخْبَرَنَا عَمْرُو بْنُ عَوْنٍ  ، أَخْبَرَنَا هُشَيْمٌ  ، عَنْ مَنْصُورِ بْنِ زَاذَانَ  ، عَنْ ابْنِ سِيرِينَ  ، عَنْ أَبِي الْعَجْفَاءِ السُّلَمِيِّ  ، قَالَ : سَمِعْتُ عُمَرَ بْنَ الْخَطَّابِ   خَطَبَ، فَحَمِدَ اللَّهَ وَأَثْنَى عَلَيْهِ، ثُمّ قَالَ :\" أَلَا لَا تُغَالُوا فِي صُدُقِ النِّسَاءِ، فَإِنَّهَا لَوْ كَانَتْ مَكْرُمَةً فِي الدُّنْيَا، أَوْ تَقْوَى عِنْدَ اللَّهِ، كَانَ أَوْلَاكُمْ بِهَا رَسُولُ اللَّهِ صَلَّى اللَّهُ عَلَيْهِ وَسَلَّمَ مَا أَصْدَقَ امْرَأَةً مِنْ نِسَائِهِ، وَلَا أُصْدِقَتِ امْرَأَةٌ مِنْ بَنَاتِهِ فَوْقَ اثْنَتَيْ عَشْرَةَ أُوقِيَّةً، أَلَا وَإِنَّ أَحَدَكُمْ لَيُغَالِي بِصَدَاقِ امْرَأَتِهِ حَتَّى يَبْقَى لَهَا فِي نَفْسِهِ عَدَاوَةٌ حَتَّى يَقُولَ : كَلِفْتُ علَيْكِ عَلَقَ الْقِرْبَةِ أَوْ عَرَقَ الْقِرْبَةِ \"","english":{"narrator":"","text":""}},{"id":35,"idInBook":35,"chapterId":11,"bookId":9,"arabic":"حَدَّثَنَا عَمْرُو بْنُ عَوْنٍ  ، أَخْبَرَنَا حَمَّادُ بْنُ زَيْدٍ  ، عَنْ أَبِي حَازِمٍ  ، عَنْ سَهْلِ بْنِ سَعْدٍ   قَالَ : أَتَتِ امْرَأَةٌ إِلَى النَّبِيِّ صَلَّى اللَّهُ عَلَيْهِ وَسَلَّمَ، فَقَالَتْ : إِنَّهَا وَهَبَتْ نَفْسَهَا لِلَّهِ وَلِرَسُولِهِ.\nفَقَالَ رَسُولُ اللَّهِ صَلَّى اللَّهُ عَلَيْهِ وَسَلَّمَ :\" مَالِي فِي النِّسَاءِ مِنْ حَاجَةٍ \"، فَقَالَ رَجُلٌ : زَوِّجْنِيهَا، فَقَالَ : \" أَعْطِهَا ثَوْبًا \"، فَقَالَ : لَا أَجِدُ، قَالَ : \" أَعْطِهَا وَلَوْ خَاتَمًا مِنْ حَدِيدٍ \"، قَالَ : فَاعْتَلَّ لَهُ، فَقَالَ : \" مَا مَعَكَ مِنَ الْقُرْآنِ؟ \"، قَالَ : كَذَا وَكَذَا، قَالَ : \" فَقَدْ زَوَّجْتُكَهَا عَلَى مَا مَعَكَ مِنَ الْقُرْآنِ \"","english":{"narrator":"","text":""}},{"id":36,"idInBook":36,"chapterId":11,"bookId":9,"arabic":"حَدَّثَنَا أَبُو الْوَلِيدِ  ، وَحَجَّاجٌ  ، قَالَا : حَدَّثَنَا شُعْبَةُ  ، قَالَ : أَنْبَأَنَا أَبُو إِسْحَاق  ، قَالَ : سَمِعْتُ أَبَا عُبَيْدَةَ  يُحَدِّثُ، عَنْ عَبْدِ اللَّهِ  ، قَالَ : عَلَّمَنَا رَسُولُ اللَّهِ صَلَّى اللَّهُ عَلَيْهِ وَسَلَّمَ خُطْبَةَ الْحَاجَةِ :\" الْحَمْدُ لِلَّهِ أَوْ إِنَّ الْحَمْدَ لِلَّهِ نَحْمَدُهُ وَنَسْتَعِينُهُ وَنَسْتَغْفِرُهُ، وَنَعُوذُ بِاللَّهِ مِنْ شُرُورِ أَنْفُسِنَا، مَنْ يَهْدِهِ اللَّهُ، فَلَا مُضِلَّ لَهُ وَمَنْ يُضْلِلْ، فَلَا هَادِيَ لَهُ، أَشْهَدُ أَنْ لَا إِلَهَ إِلَّا اللَّهُ، وَأَشْهَدُ أَنَّ مُحَمَّدًا عَبْدُهُ وَرَسُولُهُ \"، ثُمَّ يَقْرَأُ ثَلَاثَ آيَاتٍ : # يَأَيُّهَا الَّذِينَ آمَنُوا اتَّقُوا اللَّهَ حَقَّ تُقَاتِهِ وَلا تَمُوتُنَّ إِلا وَأَنْتُمْ مُسْلِمُونَ سورة آل عمران آية 102 #، # يَأَيُّهَا النَّاسُ اتَّقُوا رَبَّكُمُ الَّذِي خَلَقَكُمْ مِنْ نَفْسٍ وَاحِدَةٍ وَخَلَقَ مِنْهَا زَوْجَهَا وَبَثَّ مِنْهُمَا رِجَالا كَثِيرًا وَنِسَاءً وَاتَّقُوا اللَّهَ الَّذِي تَسَاءَلُونَ بِهِ وَالأَرْحَامَ إِنَّ اللَّهَ كَانَ عَلَيْكُمْ رَقِيبًا سورة النساء آية 1 #، # يَأَيُّهَا الَّذِينَ آمَنُوا اتَّقُوا اللَّهَ وَقُولُوا قَوْلا سَدِيدًا { 70 } يُصْلِحْ لَكُمْ أَعْمَالَكُمْ وَيَغْفِرْ لَكُمْ ذُنُوبَكُمْ وَمَنْ يُطِعِ اللَّهَ وَرَسُولَهُ فَقَدْ فَازَ فَوْزًا عَظِيمًا { 71 } سورة الأحزاب آية 70-71 # ثُمَّ يَتَكَلَّمُ بِحَاجَتِهِ","english":{"narrator":"","text":""}},{"id":37,"idInBook":37,"chapterId":11,"bookId":9,"arabic":"أَخْبَرَنَا أَبُو عَاصِمٍ  ، عَنْ عَبْدِ الْحَمِيدِ بْنِ جَعْفَرٍ  ، عَنْ يَزِيدَ بْنِ أَبِي حَبِيبٍ  ، عَنْ مَرْثَدِ بْنِ عَبْدِ اللَّهِ  ، عَنْ عُقْبَةَ بْنِ عَامِرٍ  ، عَنِ النَّبِيِّ صَلَّى اللَّهُ عَلَيْهِ وَسَلَّمَ، قَالَ :\" إِنَّ أَحَقَّ الشُّرُوطِ أَنْ تُوفُوا بِهَا مَا اسْتَحْلَلْتُمْ بِهِ مِنَ الْفُرُوجِ \"","english":{"narrator":"","text":""}},{"id":38,"idInBook":38,"chapterId":11,"bookId":9,"arabic":"أَخْبَرَنَا أَبُو النُّعْمَانِ  ، حَدَّثَنَا حَمَّادُ بْنُ زَيْدٍ  ، عَنْ ثَابِتٍ  ، عَنْ أَنَسٍ   : أَنّ النَّبِيَّ صَلَّى اللَّهُ عَلَيْهِ وَسَلَّمَ رَأَى عَلَى عَبْدِ الرَّحْمَنِ بْنِ عَوْفٍ صُفْرَةً، فَقَالَ : \" مَا هَذِهِ الصُّفْرَةُ؟ \"، قَالَ : تَزَوَّجْتُ امْرَأَةً عَلَى وَزْنِ نَوَاةٍ مِنْ ذَهَبٍ، قَالَ :\" بَارَكَ اللَّهُ لَكَ، أَوْلِمْ وَلَوْ بِشَاةٍ \"","english":{"narrator":"","text":""}},{"id":39,"idInBook":39,"chapterId":11,"bookId":9,"arabic":"أَخْبَرَنَا عَبْدُ اللَّهِ بْنُ سَعِيدٍ  ، حَدَّثَنَا عُقْبَةُ بْنُ خَالِدٍ  ، عَنْ عُبَيْدِ اللَّهِ  ، عَنْ نَافِعٍ  ، عَنِ ابْنِ عُمَرَ  ، قَالَ : قَالَ رَسُولُ اللَّهِ صَلَّى اللَّهُ عَلَيْهِ وَسَلَّمَ :\" إِذَا دُعِيَ أَحَدُكُمْ إِلَى وَلِيمَةٍ، فَلْيُجِبْ \".\nقَالَ أَبُو مُحَمَّدٍ : يَنْبَغِي أَنْ يُجِيبَ وَلَيْسَ الْأَكْلُ عَلَيْهِ بِوَاجِبٍ","english":{"narrator":"","text":""}},{"id":40,"idInBook":40,"chapterId":11,"bookId":9,"arabic":"حَدَّثَنَا أَبُو الْوَلِيدِ  ، حَدَّثَنَا هَمَّامٌ  ، عَنْ قَتَادَةَ  ، عَنْ النَّضْرِ بْنِ أَنَسٍ  ، عَنْ بَشِيرِ بْنِ نَهِيكٍ  ،  عَنْ أَبِي هُرَيْرَةَ  ، عَنِ النَّبِيِّ صَلَّى اللَّهُ عَلَيْهِ وَسَلَّمَ، قَالَ :\" مَنْ كَانَتْ لَهُ امْرَأَتَانِ، فَمَالَ إِلَى إِحْدَاهُمَا، جَاءَ يَوْمَ الْقِيَامَةِ وَشِقُّهُ مَائِلٌ \"","english":{"narrator":"","text":""}},{"id":41,"idInBook":41,"chapterId":11,"bookId":9,"arabic":"أَخْبَرَنَا عَمْرُو بْنُ عَاصِمٍ  ، حَدَّثَنَا حَمَّادُ بْنُ سَلَمَةَ  ، عَنْ أَيُّوبَ  ، عَنْ أَبِي قِلَابَةَ  ، عَنْ عَبْدِ اللَّهِ بْنِ يَزِيدَ الْخَطْمِيِّ  ، عَنْ عَائِشَةَ  ، قَالَتْ : كَانَ رَسُولُ اللَّهِ صَلَّى اللَّهُ عَلَيْهِ وَسَلَّمَ يَقْسِمُ فَيَعْدِلُ وَيَقُولُ :\" اللَّهُمَّ هَذِهِ قِسْمَتِي فِيمَا أَمْلِكُ، فَلَا تَلُمْنِي فِيمَا تَمْلِكُ وَلَا أَمْلِكُ \"","english":{"narrator":"","text":""}},{"id":42,"idInBook":42,"chapterId":11,"bookId":9,"arabic":"أَخْبَرَنَا إِسْمَاعِيل  ، حَدَّثَنَا ابْنُ الْمُبَارَكِ  ، عَنْ يُونُسَ بْنِ يَزِيدَ  ، عَنْ الزُّهْرِيِّ  ، عَنْ عُرْوَةَ  ، عَنْ عَائِشَةَ  ، قَالَتْ : \" كَانَ رَسُولُ اللَّهِ صَلَّى اللَّهُ عَلَيْهِ وَسَلَّمَإِذَا سَافَرَ، أَقْرَعَ بَيْنَ نِسَائِهِ، فَأَيَّتُهُنَّ خَرَجَ سَهْمُهَا، خَرَجَ بِهَا مَعَهُ \"","english":{"narrator":"","text":""}},{"id":43,"idInBook":43,"chapterId":11,"bookId":9,"arabic":"أَخْبَرَنَا يَعْلَى  ، حَدَّثَنَا مُحَمَّدُ بْنُ إِسْحَاق  ، عَنْ أَيُّوبَ  ، عَنْ أَبِي قِلَابَةَ  ،  عَنْ أَنَسِ بْنِ مَالِكٍ  ، قَالَ : قَالَ رَسُولُ اللَّهِ صَلَّى اللَّهُ عَلَيْهِ وَسَلَّمَ :\" لِلْبِكْرِ سَبْعٌ، وَلِلثَّيِّبِ ثَلَاثٌ \"","english":{"narrator":"","text":""}},{"id":44,"idInBook":44,"chapterId":11,"bookId":9,"arabic":"أَخْبَرَنَا عَبْدُ اللَّهِ بْنُ مُحَمَّدِ بْنِ أَبِي شَيْبَةَ  ، حَدَّثَنَا يَحْيَى بْنُ سَعِيدٍ  ، عَنْ سُفْيَانَ  ، عَنْ مُحَمَّدِ بْنِ أَبِي بَكْرٍ  ، عَنْ عَبْدِ الْمَلِكِ بْنِ أَبِي بَكْرِ بْنِ عَبْدِ الرَّحْمَنِ بْنِ الْحَارِثِ بْنِ هِشَامٍ  ، عَنْ أَبِيهِ  ، عَنْ أُمِّ سَلَمَةَ   : أَنّ رَسُولَ اللَّهِ صَلَّى اللَّهُ عَلَيْهِ وَسَلَّمَ لَمَّا تَزَوَّجَ أُمَّ سَلَمَةَ ، أَقَامَ عِنْدَهَا ثَلَاثًا، وَقَالَ :\" إِنَّهُ لَيْسَ بِكِ عَلَى أَهْلِكِ هَوَانٌ، إِنْ شِئْتِ، سَبَّعْتُ لَكِ، وَإِنْ سَبَّعْتُ لَكِ، سَبَّعْتُ لِسَائِرِ نِسَائِي \"","english":{"narrator":"","text":""}},{"id":45,"idInBook":45,"chapterId":11,"bookId":9,"arabic":"أَخْبَرَنَا عُبَيْدُ اللَّهِ بْنُ مُوسَى  ، عَنْ سُفْيَانَ  ، عَنْ إِسْمَاعِيل بْنِ أُمَيَّةَ  ، عَنْ عَبْدِ اللَّهِ بْنِ عُرْوَةَ  ، عَنْ عُرْوَةَ  ، عَنْ عَائِشَةَ  ، قَالَتْ :\" تَزَوَّجَنِي رَسُولُ اللَّهِ صَلَّى اللَّهُ عَلَيْهِ وَسَلَّمَ فِي شَوَّالٍ، وَأُدْخِلْتُ عَلَيْهِ فِي شَوَّالٍ، فَأَيُّ نِسَائِهِ كَانَ أَحْظَى عِنْدَهُ مِنِّي؟ \" قَالَت : \" وَكَانَتْ تَسْتَحِبُّ أَنْ تُدْخِلَ عَلَى النِّسَاءِ فِي شَوَّالٍ \"","english":{"narrator":"","text":""}},{"id":46,"idInBook":46,"chapterId":11,"bookId":9,"arabic":"أَخْبَرَنَا عُبَيْدُ اللَّهِ بْنُ مُوسَى  ، عَنْ إِسْرَائِيلَ  ، عَنْ مَنْصُورٍ  ، عَنْ سَالِمٍ  ، عَنْ كُرَيْبٍ  ، عَنِ ابْنِ عَبَّاسٍ  ، قَالَ : قَالَ رَسُولُ اللَّهِ صَلَّى اللَّهُ عَلَيْهِ وَسَلَّمَ :\" مَا يَمْنَعُ أَحَدَكُمْ أَنْ يَقُولَ حِينَ يُجَامِعُ أَهْلَهُ : بِسْمِ اللَّهِ، اللَّهُمَّ جَنِّبْنَا الشَّيْطَانَ، وَجَنِّبِ الشَّيْطَانَ مَا رَزَقْتَنَا \"، فَإِنْ قَضَى اللَّهُ وَلَدًا، لَمْ يَضُرَّهُ الشَّيْطَانُ","english":{"narrator":"","text":""}},{"id":47,"idInBook":47,"chapterId":11,"bookId":9,"arabic":"أَخْبَرَنَا عَبْدُ اللَّهِ بْنُ سَعِيدٍ  ، حَدَّثَنَا أَبُو أُسَامَةَ  ، عَنْ الْوَلِيدِ بْنِ كَثِيرٍ  ، عَنْ عُبَيْدِ اللَّهِ بْنِ عَبْدِ اللَّهِ بْنِ الْحُصَيْنِ  ، عَنْ عَبْدِ الْمَلِكِ بْنِ عَمْرِو بْنِ قَيْسٍ الْخَطْمِيِّ  ، عَنْ هَرَمِيِّ بْنِ عَبْدِ اللَّهِ  ، قَالَ : سَمِعْتُ خُزَيْمَةَ بْنَ ثَابِتٍ  ، قَالَ : سَمِعْتُ رَسُولَ اللَّهِ صَلَّى اللَّهُ عَلَيْهِ وَسَلَّمَ، يَقُولُ :\" إِنَّ اللَّهَ لَا يَسْتَحْيِي مِنَ الْحَقِّ، لَا تَأْتُوا النِّسَاءَ فِي أَعْجَازِهِنَّ \"","english":{"narrator":"","text":""}},{"id":48,"idInBook":48,"chapterId":11,"bookId":9,"arabic":"حَدَّثَنَا خَالِدُ بْنُ مَخْلَدٍ  ، حَدَّثَنَا مَالِكٌ  ، عَنْ مُحَمَّدِ بْنِ الْمُنْكَدِرِ  ،  عَنْ جَابِرِ بْنِ عَبْدِ اللَّهِ   : أَنَّ الْيَهُودَ، قَالُوا لِلْمُسْلِمِينَ :\" مَنْ أَتَى امْرَأَتَهُ وَهِيَ مُدْبِرَةٌ، جَاءَ وَلَدُهُ أَحْوَلَ.\nفَأَنْزَلَ اللَّهُ تَعَالَى : # نِسَاؤُكُمْ حَرْثٌ لَكُمْ فَأْتُوا حَرْثَكُمْ أَنَّى شِئْتُمْ سورة البقرة آية 223 # \"","english":{"narrator":"","text":""}},{"id":49,"idInBook":49,"chapterId":11,"bookId":9,"arabic":"أَخْبَرَنَا قَبِيصَةُ  ، أَخْبَرَنَا سُفْيَانُ  ، عَنْ أَبِي إِسْحَاق  ، عَنْ عَبْدِ اللَّهِ بْنِ حَلَّامٍ  ، عَنْ عَبْدِ اللَّهِ بْنِ مَسْعُودٍ  ، قَالَ : رَأَى رَسُولُ اللَّهِ صَلَّى اللَّهُ عَلَيْهِ وَسَلَّمَ امْرَأَةً فَأَعْجَبَتْهُ، فَأَتَى سَوْدَةَ وَهِيَ تَصْنَعُ طِيبًا، وَعِنْدَهَا نِسَاءٌ، فَأَخْلَيْنَهُ، فَقَضَى حَاجَتَهُ، ثُمَّ قَالَ :\" أَيُّمَا رَجُلٍ رَأَى امْرَأَةً تُعْجِبُهُ، فَلْيَقُمْ إِلَى أَهْلِهِ، فَإِنَّ مَعَهَا مِثْلَ الَّذِي مَعَهَا \"","english":{"narrator":"","text":""}},{"id":50,"idInBook":50,"chapterId":11,"bookId":9,"arabic":"أَخْبَرَنَا عَبْدُ اللَّهِ بْنُ مُطِيعٍ  ، حَدَّثَنَا هُشَيْمٌ  ، أَخْبَرَنَا سَيَّارٌ  ، عَنْ الشَّعْبِيِّ  ، قَالَ : حَدَّثَنَا جَابِرُ بْنُ عَبْدِ اللَّهِ  ، قَالَ : كُنَّا مَعَ رَسُولِ اللَّهِ صَلَّى اللَّهُ عَلَيْهِ وَسَلَّمَ فِي سَفَرٍ فَلَمَّا قَفَلْنَا تَعَجَّلْتُ، فَلَحِقَنِي رَاكِبٌ، قَالَ : فَالْتَفَتُّ، فَإِذَا أَنَا بِرَسُولِ اللَّهِ صَلَّى اللَّهُ عَلَيْهِ وَسَلَّمَ، فَقَالَ لِي :\" مَا أَعْجَلَكَ يَا جَابِرُ؟ \" قَالَ : إِنِّي حَدِيثُ عَهْدٍ بِعُرْسٍ، قَالَ : \" أَفَبِكْرًا تَزَوَّجْتَهَا أَمْ ثَيِّبًا؟ \" قَالَ : قُلْتُ : بَلْ ثَيِّبًا، قَالَ : \" فَهَلَّا بِكْرًا تُلَاعِبُهَا وَتُلَاعِبُكَ؟ \" قَالَ : ثُمَّ قَالَ لِي : \" إِذَا قَدِمْتَ فَالْكَيْسَ الْكَيْسَ \"، قَالَ : فَلَمَّا قَدِمْنَا، ذَهَبْنَا نَدْخُلُ، قَالَ : \" أَمْهِلُوا حَتَّى نَدْخُلَ لَيْلًا، أَيْ : عِشَاءً لِكَيْ تَمْتَشِطَ الشَّعِثَةُ، وَتَسْتَحِدَّ الْمُغِيبَةُ \"","english":{"narrator":"","text":""}},{"id":51,"idInBook":51,"chapterId":11,"bookId":9,"arabic":"أَخْبَرَنَا خَالِدُ بْنُ مَخْلَدٍ  ، حَدَّثَنَا مَالِكٌ  ، عَنْ مُحَمَّدِ بْنِ عَبْدِ الرَّحْمَنِ بْنِ نَوْفَلٍ الْأَسَدِيِّ  ، عَنْ عُرْوَةَ  ، عَنْ عَائِشَة  ، عَنْ جُدَامَةَ بِنْتِ وَهْبٍ الْأَسَدِيَّةِ  ، قَالَتْ : قَالَ رَسُولُ اللَّهِ صَلَّى اللَّهُ عَلَيْهِ وَسَلَّمَ :\" لَقَدْ هَمَمْتُ أَنْ أَنْهَى عَنِ الْغِيلَةِ حَتَّى ذَكَرْتُ أَنَّ فَارِسَ، وَالرُّومَ يَصْنَعُونَ ذَلِكَ فَلَا يَضُرُّ أَوْلَادَهُمْ \".\n قَالَ أَبُو مُحَمَّد : الْغِيلَةُ : أَنْ يُجَامِعَهَا وَهِيَ تُرْضِعُ","english":{"narrator":"","text":""}},{"id":52,"idInBook":52,"chapterId":11,"bookId":9,"arabic":"حَدَّثَنَا جَعْفَرُ بْنُ عَوْنٍ  ، أَخْبَرَنَا هِشَامُ بْنُ عُرْوَةَ  ، عَنْ أَبِيهِ  ، عَنْ عَائِشَةَ  ، قَالَتْ :\" مَا ضَرَبَ رَسُولُ اللَّهِ صَلَّى اللَّهُ عَلَيْهِ وَسَلَّمَ خَادِمًا قَطُّ، وَلَا ضَرَبَ بِيَدِهِ شَيْئًا قَطُّ إِلَّا أَنْ يُجَاهِدَ فِي سَبِيلِ اللَّهِ G \"","english":{"narrator":"","text":""}},{"id":53,"idInBook":53,"chapterId":11,"bookId":9,"arabic":"أَخْبَرَنَا مُحَمَّدُ بْنُ أَحْمَدَ بْنِ أَبِي خَلَفٍ  ، حَدَّثَنَا سُفْيَانُ  ، عَنْ الزُّهْرِيِّ  ، عَنْ عُبَيْدِ اللَّهِ بْنِ عَبْدِ اللَّهِ  ، عَنْ إِيَاسِ بْنِ عَبْدِ اللَّهِ بْنِ أَبِي ذُبَابِ  ، قَالَ : قَالَ رَسُولُ اللَّهِ صَلَّى اللَّهُ عَلَيْهِ وَسَلَّمَ :\" لَا تَضْرِبُوا إِمَاءَ اللَّهِ \"، فَجَاءَ عُمَرُ بْنُ الْخَطَّابِ إِلَى رَسُولِ اللَّهِ صَلَّى اللَّهُ عَلَيْهِ وَسَلَّمَ، فَقَالَ : قَدْ ذَئِرْنَ عَلَى أَزْوَاجِهِنَّ، فَرَخَّصَ لَهُمْ، فِي ضَرْبِهِنَّ، فَأَطَافَ بِآلِ رَسُولِ اللَّهِ صَلَّى اللَّهُ عَلَيْهِ وَسَلَّمَ نِسَاءٌ كَثِيرٌ يَشْكُونَ أَزْوَاجَهُنَّ، فَقَالَ : فَقَالَ النَّبِيُّ صَلَّى اللَّهُ عَلَيْهِ وَسَلَّمَ : \" لَقَدْ طَافَ بِآلِ مُحَمَّدٍ نِسَاءٌ كَثِيرٌ يَشْكُونَ أَزْوَاجَهُنَّ لَيْسَ أُولَئِكَ بِخِيَارِكُمْ \"","english":{"narrator":"","text":""}},{"id":54,"idInBook":54,"chapterId":11,"bookId":9,"arabic":"أَخْبَرَنَا جَعْفَرُ بْنُ عَوْنٍ  ، أَخْبَرَنَا هِشَامُ بْنُ عُرْوَةَ  ، عَنْ أَبِيهِ  ، عَنْ عَبْدِ اللَّهِ بْنِ زَمَعَةَ  ، قَالَ : خَطَبَ رَسُولُ اللَّهِ صَلَّى اللَّهُ عَلَيْهِ وَسَلَّمَ النَّاسَ يَوْمًا فَوَعَظَهُمْ فِي النِّسَاءِ، فَقَالَ :\" مَا بَالُ الرَّجُلِ يَجْلِدُ امْرَأَتَهُ جَلْدَ الْعَبْدِ، وَلَعَلَّهُ يُضَاجِعُهَا فِي آخِرِ يَوْمِهِ؟ ! \"","english":{"narrator":"","text":""}},{"id":55,"idInBook":55,"chapterId":11,"bookId":9,"arabic":"أَخْبَرَنَا مُحَمَّدُ بْنُ عَبْدِ اللَّهِ الرَّقَاشِيُّ  ، حَدَّثَنَا عَبْدُ الْوَارِثِ  ، حَدَّثَنَا الْجُرَيْرِيُّ  ، عَنْ أَبِي الْعَلَاءِ  ، عَنْ نُعَيْمِ بْنِ قَعْنَبٍ  ، عَنْ أَبِي ذَرٍّ   : أَنَّ رَسُولَ اللَّهِ صَلَّى اللَّهُ عَلَيْهِ وَسَلَّمَ، قَالَ :\" إِنَّ الْمَرْأَةَ خُلِقَتْ مِنْ ضِلَعٍ، فَإِنْ تُقِمْهَا، كَسَرْتَهَا، فَدَارِهَا، فَإِنَّ فِيهَا أَوَدًا وَبُلْغَةً \"","english":{"narrator":"","text":""}},{"id":56,"idInBook":56,"chapterId":11,"bookId":9,"arabic":"أَخْبَرَنَا خَالِدُ بْنُ مَخْلَدٍ  ، حَدَّثَنَا مَالِكٌ  ، عَنْ أَبِي الزِّنَادِ  ، عَنْ الْأَعْرَجِ  ، عَنْ أَبِي هُرَيْرَةَ  ، قَالَ : قَالَ رَسُولُ اللَّهِ صَلَّى اللَّهُ عَلَيْهِ وَسَلَّمَ :\" إِنَّمَا الْمَرْأَةُ كَالضِّلَعِ : إِنْ تُقِمْهَا، تَكْسِرْهَا، وَإِنْ تَسْتَمْتِعْ بِهَا، تَسْتَمْتِعْ وَفِيهَا عِوَجٌ \"","english":{"narrator":"","text":""}},{"id":57,"idInBook":57,"chapterId":11,"bookId":9,"arabic":"أَخْبَرَنَا سُلَيْمَانُ بْنُ دَاوُدَ الْهَاشِمِيُّ  ، عَنْ إِبْرَاهِيمَ بْنِ سَعْدٍ  ، عَنْ الزُّهْرِيِّ  ، عَنْ عُبَيْدِ اللَّهِ بْنِ عَبْدِ اللَّهِ بْنِ عُتْبَة  ، عَنْ أَبِي سَعِيدٍ  ، قَالَ : سَأَلَ رَجُلٌ رَسُولَ اللَّهِ صَلَّى اللَّهُ عَلَيْهِ وَسَلَّمَ عَنِ الْعَزْلِ، فَقَالَ :\" أَوَ تَفْعَلُونَ ذَلِكَ؟ فَلَا عَلَيْكُمْ أَنْ لَا تَفْعَلُوا، فَإِنَّهُ لَيْسَ مِنْ نَسَمَةٍ قَضَى اللَّهُ تَعَالَى أَنْ تَكُونَ إِلَّا كَانَتْ \"","english":{"narrator":"","text":""}},{"id":58,"idInBook":58,"chapterId":11,"bookId":9,"arabic":"أَخْبَرَنَا يَزِيدُ بْنُ هَارُونَ  ، أَخْبَرَنَا ابْنُ عَوْنٍ  ، عَنْ مُحَمَّدِ بْنِ سِيرِينَ  ، عَنْ عَبْدِ الرَّحْمَنِ بْنِ بِشْرٍ  يَرُدُّ الْحَدِيثَ إِلَى أَبِي سَعِيدٍ الْخُدْرِيِّ  ، قَالَ : قُلْنَا : يَا رَسُولَ اللَّه، الرَّجُلُ تَكُونُ لَهُ الْجَارِيَةُ فَيُصِيبُ مِنْهَا، وَيَكْرَهُ أَنْ تَحْمِلَ، أَفَيَعْزِلُ عَنْهَا؟ وَتَكُونُ عِنْدَهُ الْمَرْأَةُ تُرْضِعُ فَيُصِيبُ مِنْهَا وَيَكْرَهُ أَنْ تَحْمِلَ.\nأَفَيَعْزِلُ عَنْهَا؟ قَالَ :\" لَا عَلَيْكُمْ أَنْ لَا تَفْعَلُوا، فَإِنَّمَا هُوَ الْقَدَرُ \".\nقَالَ ابْنُ عَوْنٍ : فَذَكَرْتُ ذَلِكَ لِلْحَسَنِ، فَقَالَ : وَاللَّهِ لَكَأَنَّ هَذَا زَجْرٌا، وَاللَّهِ لَكَأَنَّ هَذَا زَجْرٌا ! !","english":{"narrator":"","text":""}},{"id":59,"idInBook":59,"chapterId":11,"bookId":9,"arabic":"حَدَّثَنَا يَعْلَى  ، حَدَّثَنَا الْأَعْمَشُ  ، عَنْ شَقِيقٍ  ، عَنْ عَبْدِ اللَّهِ  ، قَالَ : قَالَ رَسُولُ اللَّهِ صَلَّى اللَّهُ عَلَيْهِ وَسَلَّمَ :\" لَيْسَ أَحَدٌ أَغْيَرَ مِنَ اللَّهِ، لِذَلِكَ حَرَّمَ الْفَوَاحِشَ وَلَيْسَ أَحَدٌ أَحَبَّ إِلَيْهِ الْمَدْحُ مِنَ اللَّهِ \"","english":{"narrator":"","text":""}},{"id":60,"idInBook":60,"chapterId":11,"bookId":9,"arabic":"أَخْبَرَنَا أَبُو الْمُغِيرَةِ  ، حَدَّثَنَا الْأَوْزَاعِيُّ  ، حَدَّثَنَا يَحْيَى بْنُ أَبِي كَثِيرٍ  ، عَنْ مُحَمَّدِ بْنِ إِبْرَاهِيمَ  ، حَدَّثَنِي ابْنُ جَابِرِ بْنِ عَتِيكٍ  ، حَدَّثَنِي أَبِي  ، أَنَّ رَسُولَ اللَّهِ صَلَّى اللَّهُ عَلَيْهِ وَسَلَّمَ، قَالَ :\" مِنَ الْغَيْرَةِ مَا يُحِبُّ اللَّه، وَمِنْهَا مَا يُبْغِضُ اللَّهُ : فَالْغَيْرَةُ الَّتِي يُحِبُّ اللَّه : الْغَيْرَةُ فِي الرِّيبَةِ، وَالْغَيْرَةُ الَّتِي يُبْغِضُ اللَّه، الْغَيْرَةُ فِي غَيْرِ رِيبَةٍ \"","english":{"narrator":"","text":""}},{"id":61,"idInBook":61,"chapterId":11,"bookId":9,"arabic":"حَدَّثَنَا زَكَرِيَّا بْنُ عَدِيٍّ  ، حَدَّثَنَا عُبَيْدُ اللَّهِ بْنُ عَمْرٍو  ، عَنْ عَبْدِ الْمَلِكِ بْنِ عُمَيْرٍ  ، عَنْ وَرَّادٍ  مَوْلَى الْمُغِيرَةِ، عَنِ الْمُغِيرَةِ  ، قَالَ : بَلَغَ رَسُولَ اللَّهِ صَلَّى اللَّهُ عَلَيْهِ وَسَلَّمَ أَنَّ سَعْدَ بْنَ عُبَادَةَ، يَقُولُ : لَوْ وَجَدْتُ مَعَهَا رَجُلًا لَضَرَبْتُهَا بِالسَّيْفِ غَيْرَ مُصْفَحٍ، فَقَالَ رَسُولُ اللَّهِ صَلَّى اللَّهُ عَلَيْهِ وَسَلَّمَ :\" أَتَعْجَبُونَ مِنْ غَيْرَةِ سَعْدٍ؟ أَنَا أَغَيْرُ مِنْ سَعْدٍ وَاللَّهُ أَغَيْرُ مِنِّي، وَلِذَلِكَ حَرَّمَ الْفَوَاحِشَ مَا ظَهَرَ مِنْهَا وَمَا بَطَنَ وَلَا شَخْصَ أَغَيْرُ مِنَ اللَّهِ، وَلَا أَحَبُّ إِلَيْهِ مِنَ الْمَعَاذِيرِ، وَلِذَلِكَ بَعَثَ النَّبِيِّينَ مُبَشِّرِينَ وَمُنْذِرِينَ وَلَا شَخْصَ أَحَبُّ إِلَيْهِ الْمَدْحُ مِنَ اللَّه، وَلِذَلِكَ وَعَدَ الْجَنَّةَ \"","english":{"narrator":"","text":""}},{"id":62,"idInBook":62,"chapterId":11,"bookId":9,"arabic":"حَدَّثَنَا هَاشِمُ بْنُ الْقَاسِمِ  ، حَدَّثَنَا شُعْبَةُ  ، أَخْبَرَنَا قَتَادَةُ  ، عَنْ زُرَارَةَ بْنِ أَوْفَى الْعَامِرِيِّ  ، عَنْ أَبِي هُرَيْرَةَ  ، عَنِ النَّبِيِّ صَلَّى اللَّهُ عَلَيْهِ وَسَلَّمَ، قَالَ :\" إِذَا بَاتَتِ الْمَرْأَةُ هَاجِرَةً لِفِرَاشِ زَوْجِهَا، لَعَنَتْهَا الْمَلَائِكَةُ حَتَّى تَرْجِعَ \"","english":{"narrator":"","text":""}},{"id":63,"idInBook":63,"chapterId":11,"bookId":9,"arabic":"حَدَّثَنَا عُبَيْدُ اللَّهِ بْنُ عَبْدِ الْمَجِيدِ  ، حَدَّثَنَا مَالِكٌ  ، عَنْ ابْنِ شِهَابٍ  ، عَنْ سَهْلِ بْنِ سَعْدٍ   : أَنَّ عُوَيْمِرًا الْعَجْلَانِيَّ، قَالَ : يَا رَسُولَ اللَّه، أَرَأَيْتَ رَجُلًا وَجَدَ مَعَ امْرَأَتِهِ رَجُلًا، أَيَقْتُلُهُ فَيَقْتُلُونَهُ، أَمْ كَيْفَ يَفْعَلُ؟ فَقَالَ رَسُولُ اللَّهِ صَلَّى اللَّهُ عَلَيْهِ وَسَلَّمَ :\" قَدْ أَنْزَلَ اللَّه فِيكَ وَفِي صَاحِبَتِكَ، فَاذْهَبْ فَأْتِ بِهَا \".\nقَالَ سَهْلٌ : فَتَلَاعَنَا، وَأَنَا مَعَ النَّاسِ عِنْدَ رَسُولِ اللَّهِ صَلَّى اللَّهُ عَلَيْهِ وَسَلَّمَ فَلَمَّا فَرَغَا مِنْ تَلَاعُنِهِمَا، قَالَ : كَذَبْتُ عَلَيْهَا يَا رَسُولَ اللَّهِ إِنْ أَمْسَكْتُهَا، فَطَلَّقَهَا ثَلَاثًا قَبْلَ أَنْ يَأْمُرَهُ رَسُولُ اللَّهِ صَلَّى اللَّهُ عَلَيْهِ وَسَلَّمَ.\nقَالَ ابْنُ شِهَابٍ : وَكَانَتْ تِلْكَ بَعْدُ سُنَّةَ الْمُتَلَاعِنَيْنِ.\n حَدَّثَنَا مُحَمَّدُ بْنُ يُوسُفَ  ، عَنْ الْأَوْزَاعِيِّ  ، عَنْ ابْنِ شِهَابٍ  ، عَنْ سَهْلِ بْنِ سَعْدٍ  ، أَنَّ عُوَيْمِرًا أَتَى عَاصِمَ بْنَ عَدِيّ، وَكَانَ سَيِّدَ بَنِي عَجْلَانَ، فَذَكَرَ مِثْلَهُ، وَلَمْ يَذْكُرْ \" طَلَّقَهَا ثَلَاثًا \"","english":{"narrator":"","text":""}},{"id":64,"idInBook":64,"chapterId":11,"bookId":9,"arabic":"أَخْبَرَنَا يَزِيدُ بْنُ هَارُونَ  ، أَخْبَرَنَا عَبْدُ الْمَلِكِ بْنُ أَبِي سُلَيْمَانَ  ، قَالَ : سَمِعْتُ سَعِيدَ بْنَ جُبَيْرٍ  ، يَقُولُ : \" سُئِلْتُ عَنِ الْمُتَلَاعِنَيْنِ فِي إِمَارَةِ مُصْعَبِ بْنِ الزُّبَيْرِ : أَيُفَرَّقُ بَيْنَهُمَا؟ فَمَا دَرَيْتُ مَا أَقُولُ، قَالَ : فَقُمْتُ حَتَّى أَتَيْتُ مَنْزِلَ عَبْدِ اللَّهِ بْنِ عُمَرَ  ، فَقُلْتُ لِلْغُلَامِ : اسْتَأْذِنْ لِي عَلَيْهِ، فَقَالَ : إِنَّهُ قَائِلٌ لَا تَسْتَطِيعُ أَنْ تَدْخُلَ عَلَيْهِ، قَالَ : فَسَمِعَ ابْنُ عُمَرَ صَوْتِي، فَقَالَ : ابْنُ جُبَيْرٍ؟، فَقُلْتُ : نَعَمْ، فَقَالَ : ادْخُلْ، فَمَا جَاءَ بِكَ هَذِهِ السَّاعَةَ إِلَّا حَاجَةٌ، قَالَ : فَدَخَلْتُ عَلَيْهِ فَوَجَدْتُهُ وَهُوَ مُفْتَرِشٌ بَرْذَعَةَ رَحْلِهِ، مُتَوَسِّدٌ مِرْفَقَةُ أَوْ قَالَ : نُمْرُقَةً، شَكَّ عَبْدُ اللَّهِ حَشْوُهَا لِيفٌ ، فَقُلْتُ : يَا أَبَا عَبْدِ الرَّحْمَنِ : الْمُتَلَاعِنَانِ، أَيُفَرَّقُ بَيْنَهُمَا؟.\nقَالَ : سُبْحَانَ اللَّهِ، نَعَمْ، إِنَّ أَوَّلَ مَنْ سَأَلَ عَنْ ذَلِكَ فُلَانٌ، فَقَالَ : يَا رَسُولَ اللَّهِ صَلَّى اللَّهُ عَلَيْكَ، أَرَأَيْتَ لَوْ أَنَّ أَحَدَنَا رَأَى امْرَأَتَهُ عَلَى فَاحِشَةٍ كَيْفَ يَصْنَعُ؟ إِنْ سَكَتَ، سَكَتَ عَلَى أَمْرٍ عَظِيمٍ، وَإِنْ تَكَلَّمَ فَمِثْلُ ذَلِكَ؟، قَالَ :فَسَكَتَ رَسُولُ اللَّهِ صَلَّى اللَّهُ عَلَيْهِ وَسَلَّمَ فَلَمْ يُجِبْهُ، فَقَامَ لِحَاجَتِهِ، فَلَمَّا كَانَ بَعْدَ ذَلِكَ، أَتَى النَّبِيَّ صَلَّى اللَّهُ عَلَيْهِ وَسَلَّمَ، فَقَالَ : يَا رَسُولَ اللَّهِ، إِنَّ الَّذِي سَأَلْتُكَ عَنْهُ قَدْ ابْتُلِيتُ بِهِ، قَالَ : فَأَنْزَلَ اللَّهُ تَعَالَى هَؤُلَاءِ الْآيَاتِ الَّتِي فِي سُورَةِ النُّورِ : # وَالَّذِينَ يَرْمُونَ أَزْوَاجَهُمْ وَلَمْ يَكُنْ لَهُمْ شُهَدَاءُ إِلا أَنْفُسُهُمْ فَشَهَادَةُ أَحَدِهِمْ أَرْبَعُ شَهَادَاتٍ بِاللَّهِ إِنَّهُ لَمِنَ الصَّادِقِينَ { 6 } وَالْخَامِسَةُ أَنَّ لَعْنَةَ اللَّهِ عَلَيْهِ إِنْ كَانَ مِنَ الْكَاذِبِينَ { 7 } وَيَدْرَأُ عَنْهَا الْعَذَابَ أَنْ تَشْهَدَ أَرْبَعَ شَهَادَاتٍ بِاللَّهِ إِنَّهُ لَمِنَ الْكَاذِبِينَ { 8 } وَالْخَامِسَةَ أَنَّ غَضَبَ اللَّهِ عَلَيْهَا إِنْ كَانَ مِنَ الصَّادِقِينَ { 9 } سورة النور آية 6-9 # حَتَّى خَتَمَ هَؤُلَاءِ الْآيَاتِ، قَالَ : فَدَعَا الرَّجُلَ، فَتَلَاهُنَّ عَلَيْهِ، وَذَكَّرَهُ بِاللَّهِ، وَأَخْبَرَهُ أَنَّ عَذَابَ الدُّنْيَا أَهْوَنُ مِنْ عَذَابِ الْآخِرَةِ، فَقَالَ : مَا كَذَبْتُ عَلَيْهَا، .\nثُمَّ دَعَا الْمَرَأَةَ فَوَعَظَهَا وَذَكَّرَهَا، وَأَخْبَرَهَا أَنَّ عَذَابَ الدُّنْيَا أَهْوَنُ مِنْ عَذَابِ الْآخِرَةِ، فَقَالَتْ : وَالَّذِي بَعَثَكَ بِالْحَقِّ إِنَّهُ لَكَاذِبٌ، فَدَعَا الرَّجُلَ فَشَهِدَ أَرْبَعَ شَهَادَاتٍ بِاللَّهِ إِنَّهُ لَمِنْ الصَّادِقِينَ، وَالْخَامِسَةَ أَنَّ لَعْنَةَ اللَّهِ عَلَيْهِ إِنْ كَانَ مِنَ الْكَاذِبِينَ، ثُمَّ أُتِيَ بِالْمَرْأَةِ فَشَهِدَتْ أَرْبَعَ شَهَادَاتٍ بِاللَّهِ إِنَّهُ لَمِنَ الْكَاذِبِينَ وَالْخَامِسَةَ أَنَّ غَضَبَ اللَّهِ عَلَيْهَا إِنْ كَانَ مِنَ الصَّادِقِينَ، ثُمَّ فَرَّقَ بَيْنَهُمَا \"","english":{"narrator":"","text":""}},{"id":65,"idInBook":65,"chapterId":11,"bookId":9,"arabic":"أَخْبَرَنَا مُحَمَّدُ بْنُ عَبْدِ اللَّهِ الرَّقَاشِيُّ  ، حَدَّثَنِي مَالِكٌ  ، قَالَ : سَمِعْتُ نَافِعًا  ، عَنْ عَبْدِ اللَّهِ بْنِ عُمَرَ  ، قَالَ :\" فَرَّقَ رَسُولُ اللَّهِ صَلَّى اللَّهُ عَلَيْهِ وَسَلَّمَ بَيْنَ الْمُتَلَاعِنَيْنِ، وَأَلْحَقَ الْوَلَدَ بِأُمِّهِ \"","english":{"narrator":"","text":""}},{"id":66,"idInBook":66,"chapterId":11,"bookId":9,"arabic":"أَخْبَرَنَا أَبُو نُعَيْمٍ  ، حَدَّثَنَا الْحَسَنُ بْنُ صَالِحٍ  ، عَنْ عَبْدِ اللَّهِ بْنِ مُحَمَّدِ بْنِ عَقِيلٍ  ، قَالَ : سَمِعْتُ جَابِرًا  ، يَقُولُ : قَالَ رَسُولُ اللَّهِ صَلَّى اللَّهُ عَلَيْهِ وَسَلَّمَ :\" أَيُّمَا عَبْدٍ تَزَوَّجَ بِغَيْرِ إِذْنِ مَوَالِيهِ أَوْ أَهْلِهِ، فَهُوَ عَاهِرٌ \"","english":{"narrator":"","text":""}},{"id":67,"idInBook":67,"chapterId":11,"bookId":9,"arabic":"حَدَّثَنَا مَالِكُ بْنُ إِسْمَاعِيل  ، حَدَّثَنَا مِنْدَلُ بْنُ عَلِيٍّ  ، عَنْ ابْنِ جُرَيْجٍ  ، عَنْ مُوسَى بْنِ عُقْبة  ، عَنْ نَافِعٍ  ، عَنِ ابْنِ عُمَرَ  ، عَنِ النَّبِيِّ صَلَّى اللَّهُ عَلَيْهِ وَسَلَّمَ، قَالَ :\" أَيُّمَا عَبْدٍ تَزَوَّجَ بِغَيْرِ إِذْنِ مَوَالِيهِ، فَهُوَ زَانٍ \"","english":{"narrator":"","text":""}},{"id":68,"idInBook":68,"chapterId":11,"bookId":9,"arabic":"أَخْبَرَنَا مُحَمَّدُ بْنُ يُوسُفَ  ، حَدَّثَنَا ابْنُ عُيَيْنَةَ  ، عَنْ الزُّهْرِيِّ  ، عَنْ ابْنِ الْمُسَيَّبِ  ، عَنْ أَبِي هُرَيْرَةَ  ، يَرْفَعُهُ، قَالَ :\" الْوَلَدُ لِلْفِرَاشِ، وَلِلْعَاهِرِ الْحَجَرُ \"","english":{"narrator":"","text":""}},{"id":69,"idInBook":69,"chapterId":11,"bookId":9,"arabic":"حَدَّثَنَا عَبْدُ اللَّهِ بْنُ مَسْلَمَةَ  ، حَدَّثَنَا مَالِكٌ  ، عَنْ الزُّهْرِيِّ  ، عَنْ عُرْوَةَ  ، عَنْ عَائِشَةَ   زَوْجِ النَّبِيِّ، أَنَّ رَسُولَ اللَّهِ صَلَّى اللَّهُ عَلَيْهِ وَسَلَّمَ، قَالَ :\" الْوَلَدُ لِلْفِرَاشِ \"","english":{"narrator":"","text":""}},{"id":70,"idInBook":70,"chapterId":11,"bookId":9,"arabic":"حَدَّثَنَا الْحَكَمُ بْنُ نَافِعٍ  ، حَدَّثَنَا شُعَيْبٌ  ، عَنْ الزُّهْرِيِّ  ، أَخْبَرَنِي عُرْوَةُ  ، عَنْ عَائِشَةَ   زَوْجِ النَّبِيِّ صَلَّى اللَّهُ عَلَيْهِ وَسَلَّمَ، قَالَتْ : كَانَ عُتْبَةُ بْنُ أَبِي وَقَّاصٍ عَهِدَ إِلَى أَخِيهِ سَعْدِ بْنِ أَبِي وَقَّاصٍ : أَنْ يَقْبِضَ إِلَيْهِ ابْنَ وَلِيدَةِ زَمْعَةَ، فَقَالَ عُتْبَةُ : إِنَّهُ ابْنِي، فَلَمَّا قَدِمَ النَّبِيُّ صَلَّى اللَّهُ عَلَيْهِ وَسَلَّمَ زَمَنَ الْفَتْحِ، أَخَذَ سَعْدُ بْنُ أَبِي وَقَّاصٍ ابْنَ وَلِيدَةِ زَمْعَةَ ، فَإِذَا هُوَ أَشْبَهُ النَّاسِ بِعُتْبَةَ بْنِ أَبِي وَقَّاصٍ، فَقَالَ النَّبِيُّ صَلَّى اللَّهُ عَلَيْهِ وَسَلَّمَ :\" هُوَ لَكَ يَا عَبْدُ بْنَ زَمْعَةَ مِنْ أَجْلِ أَنَّهُ وُلِدَ عَلَى فِرَاشِ أَبِيهِ \"، وَقَالَ النَّبِيُّ صَلَّى اللَّهُ عَلَيْهِ وَسَلَّمَ : \" احْتَجِبِي مِنْهُ يَا سَوْدَةُ بِنْتَ زَمْعَةَ مِمَّا رَأَى مِنْ شَبَهِهِ بِعُتْبَةَ بْنِ أَبِي وَقَّاصٍ، وَسَوْدَةُ بِنْتُ زَمْعَةَ \"","english":{"narrator":"","text":""}},{"id":71,"idInBook":71,"chapterId":11,"bookId":9,"arabic":"حَدَّثَنَا عَبْدُ اللَّهِ بْنُ صَالِحٍ  ، حَدَّثَنِي اللَّيْثُ  ، حَدَّثَنِي يَزِيدُ بْنُ عَبْدِ اللَّهِ  ، عَنْ عَبْدِ اللَّهِ بْنِ يُونُسَ  ، عَنْ سَعِيدِ بْنِ أَبِي سَعِيدٍ  ، عَنْ أَبِي هُرَيْرَةَ  ، أَنَّهُ سَمِعَ رَسُولَ اللَّهِ صَلَّى اللَّهُ عَلَيْهِ وَسَلَّمَ يَقُول حِينَ أُنْزِلَتْ آيَةُ الْمُلَاعَنَةِ :\" أَيُّمَا امْرَأَةٍ أَدْخَلَتْ عَلَى قَوْمٍ نَسَبًا لَيْسَ مِنْهُمْ، فَلَيْسَتْ مِنَ اللَّهِ فِي شَيْءٍ، وَلَنْ يُدْخِلْهَا اللَّهُ جَنَّتَهُ، وَأَيُّمَا رَجُلٍ جَحَدَ وَلَدَهُ وَهُوَ يَنْظُرُ إِلَيْهِ، احْتَجَبَ اللَّهُ مِنْهُ وَفَضَحَهُ عَلَى رُءُوسِ الْأَوَّلِينَ وَالْآخِرِينَ \".\n قَالَ عَبْدُ اللَّهِ : قَالَ مُحَمَّدُ بْنُ كَعْبٍ الْقُرَظِيّ، وَسَعِيدٌ يُحَدِّثَهْ بِهِ، بِهَذَا : وَقَدْ بَلَغَنِي هَذَا الْحَدِيثُ عَنْ رَسُولِ اللَّهِ صَلَّى اللَّهُ عَلَيْهِ وَسَلَّمَ","english":{"narrator":"","text":""}},{"id":72,"idInBook":72,"chapterId":11,"bookId":9,"arabic":"حَدَّثَنَا عَبْدُ اللَّهِ بْنُ جَعْفَرٍ الرَّقِّيُّ  ، حَدَّثَنَا عُبَيْدُ اللَّهِ بْنُ عَمْرٍو  ، عَنْ زَيْدٍ  ، عَنْ عَدِيِّ بْنِ ثَابِتٍ  ، عَنْ يَزِيدَ بْنِ الْبَرَاءِ  ، عَنْ أَبِيهِ  ، قَالَ : لَقِيتُ عَمِّي وَمَعَهُ رَايَةٌ، فَقُلْتُ : أَيْنَ تُرِيدُ؟ قَالَ :\" بَعَثَنِي رَسُولُ اللَّهِ صَلَّى اللَّهُ عَلَيْهِ وَسَلَّمَ إِلَى رَجُلٍ نَكَحَ امْرَأَةَ أَبِيهِ، فَأَمَرَنِي أَنْ أَضْرِبَ عُنُقَهُ وَآخُذَ مَالَهُ \"","english":{"narrator":"","text":""}},{"id":73,"idInBook":73,"chapterId":11,"bookId":9,"arabic":"حَدَّثَنِي مُعَلَّى بْنُ أَسَدٍ  ، قَالَ : حَدَّثَنَا وُهَيْبٌ  ، عَنْ دَاوُدَ بْنِ أَبِي هِنْدٍ  ، عَنْ مُحَمَّدِ بْنِ أَبِي مُوسَى  ، عَنْ رَجُلٍ مِنَ الْأَنْصَارِ يُسَمَّى : زِيَادًا  ، قَالَ : قُلْتُ لِأُبَيِّ بْنِ كَعْبٍ   : أَرَأَيْتَ لَوْ أَنَّ أَزْوَاجَ النَّبِيِّ صَلَّى اللَّهُ عَلَيْهِ وَسَلَّمَ مُتْنَ، كَانَ يَحِلُّ لَهُ أَنْ يَتَزَوَّجَ؟ قَالَ : \" نَعَمْ،إِنَّمَا أَحَلَّ اللَّهُ لَهُ ضَرْبًا مِنَ النِّسَاءِ، وَوَصَفَ لَهُ صِفَةً \"، فَقَالَ : \" لَا يَحِلُّ لَكَ النِّسَاءُ مِنْ بَعْدُ، مِنْ بَعْدِ هَذِهِ الصِّفَةِ \"","english":{"narrator":"","text":""}},{"id":74,"idInBook":74,"chapterId":11,"bookId":9,"arabic":"أَخْبَرَنَا الْمُعَلَّى  ، حَدَّثَنَا وُهَيْبٌ  ، عَنْ ابْنِ جُرَيْجٍ  ، عَنْ عَطَاءٍ  ، عَنْ عُبَيْدِ بْنِ عُمَيْرٍ  ، عَنْ عَائِشَةَ  ، قَالَتْ :\" مَا تُوُفِّيَ رَسُولُ اللَّهِ صَلَّى اللَّهُ عَلَيْهِ وَسَلَّمَ حَتَّى أَحَلَّ اللَّهُ لَهُ أَنْ يَتَزَوَّجَ مِنَ النِّسَاءِ مَا شَاءَ \"","english":{"narrator":"","text":""}},{"id":75,"idInBook":75,"chapterId":11,"bookId":9,"arabic":"حَدَّثَنَا مُسَدَّدٌ  ، حَدَّثَنَا حَمَّادُ بْنُ زَيْدٍ  ، عَنْ شُعَيْبِ بْنِ الْحَبْحَابِ  ، عَنْ أَنَسٍ   : \" أَنَّ رَسُولَ اللَّهِ صَلَّى اللَّهُ عَلَيْهِ وَسَلَّمَأَعْتَقَ صَفِيَّةَ وَجَعَلَ عِتْقَهَا صَدَاقَهَا \"","english":{"narrator":"","text":""}},{"id":76,"idInBook":76,"chapterId":11,"bookId":9,"arabic":"أَخْبَرَنَا أَبُو النُّعْمَانِ  ، حَدَّثَنَا أَبُو عَوَانَةَ  ، عَنْ قَتَادَةَ  ،  عَنْ أَنَسٍ   : \" أَنَّ رَسُولَ اللَّهِ صَلَّى اللَّهُ عَلَيْهِ وَسَلَّمَأَعْتَقَ صَفِيَّةَ وَتَزَوَّجَهَا وَجَعَلَ عِتْقَهَا صَدَاقَهَا \"","english":{"narrator":"","text":""}},{"id":77,"idInBook":77,"chapterId":11,"bookId":9,"arabic":"أَخْبَرَنَا عَمْرُو بْنُ عَوْنٍ  ، حَدَّثَنَا هُشَيْمٌ  ، عَنْ صَالِحِ بْنِ صَالِحِ بْنِ حَيٍّ الْهَمْدَانِيِّ  ، قَالَ : كُنْتُ عِنْدَ الشَّعْبِيِّ فَأَتَاهُ رَجُلٌ مِنْ أَهْلِ خُرَاسَانَ ، فَقَالَ : يَا أَبَا عَمْرٍو، إِنَّ مَنْ قِبَلَنَا مِنْ أَهْلِ خُرَاسَانَ يَقُولُونَ فِي الرَّجُلِ : إِذَا أَعْتَقَ أَمَتَهُ ثُمَّ تَزَوَّجَهَا، فَهُوَ كَالرَّاكِبِ بَدَنَتَهُ؟ فَقَالَ الشَّعْبِيُّ  : حَدَّثَنِي أَبُو بُرْدَةَ بْنُ أَبِي مُوسَى  ، عَنْ أَبِيهِ  ، قَالَ : قَالَ رَسُولُ اللَّهِ صَلَّى اللَّهُ عَلَيْهِ وَسَلَّمَ :\" ثَلَاثَةٌ يُؤْتَوْنَ أَجْرَهُمْ مَرَّتَيْنِ : رَجُلٌ مِنْ أَهْلِ الْكِتَابِ آمَنَ بِنَبِيِّهِ، ثُمَّ أَدْرَكَ النَّبِيَّ صَلَّى اللَّهُ عَلَيْهِ وَسَلَّمَ فَآمَنَ بِهِ وَاتَّبَعَهُ، وَعَبْدٌ مَمْلُوكٌ أَدَّى حَقَّ اللَّهِ وَحَقَّ مَوَالِيهِ، فَلَهُ أَجْرَانِ، وَرَجُلٌ كَانَتْ لَهُ أَمَةٌ فَغَذَّاهَا، فَأَحْسَنَ غِذَاءَهَا، وَأَدَّبَهَا فَأَحْسَنَ تَأْدِيبَهَا فَأَعْتَقَهَا وَتَزَوَّجَهَا، فَلَهُ أَجْرَانِ \".\n ثُمَّ قَالَ لِلرَّجُلِ : خُذْ هَذَا الْحَدِيثَ بِغَيْرِ شَيْءٍ، فَقَدْ كَانَ يُرْحَلُ فِيمَا دُونَ هَذَا إِلَى الْمَدِينَةِ ، فَقَالَ هُشَيْمٌ : أَفَادُونِي بِالْبَصْرَةِ فَأَتَيْتُهُ فَسَأَلْتُهُ عَنْهُ.\nأَخْبَرَنَا سَهْلُ بْنُ حَمَّادٍ  ، عَنْ شُعْبَةَ  ، عَنْ صَالِحِ بْنِ حَيٍّ  ، عَنْ الشَّعْبِيِّ  ، عَنْ أَبِي بُرْدَةَ  ، عَنْ أَبِيهِ  ، عَنِ النَّبِيِّ صَلَّى اللَّهُ عَلَيْهِ وَسَلَّمَ، نَحْوَ هَذَا الْحَدِيثِ","english":{"narrator":"","text":""}},{"id":78,"idInBook":78,"chapterId":11,"bookId":9,"arabic":"أَخْبَرَنَا مُحَمَّدُ بْنُ يُوسُفَ  ، حَدَّثَنَا سُفْيَانُ  ، عَنْ مَنْصُورٍ  ، عَنْ إِبْرَاهِيمَ  ، عَنْ عَلْقَمَةَ  ، عَنْ عَبْدِ اللَّهِ  ، فِي رَجُلٍ تَزَوَّجَ امْرَأَةً وَلَمْ يَكُنْ فَرَضَ لَهَا شَيْئًا، وَلَمْ يَدْخُلْ بِهَا، وَمَاتَ عَنْهَا، قَالَ فِيهَا : لَهَا صَدَاقُ نِسَائِهَا، وَعَلَيْهَا الْعِدَّةُ، وَلَهَا الْمِيرَاثُ، قَالَ مَعْقِلٌ الْأَشْجَعِيُّ   :\" قَضَى رَسُولُ اللَّهِ صَلَّى اللَّهُ عَلَيْهِ وَسَلَّمَ فِي بِرْوَعَ بِنْتِ وَاشِقٍ امْرَأَةٍ مِنْ بَنِي رُوَاسٍ بِمِثْلِ مَا قَضَيْتَ \".\n قَالَ : فَفَرِحَ بِذَلِكَ، قَالَ مُحَمَّدٌ، وَسُفْيَانُ : نَأْخُذُ بِهَذَا","english":{"narrator":"","text":""}},{"id":79,"idInBook":79,"chapterId":11,"bookId":9,"arabic":"أَخْبَرَنَا إِسْحَاق  ، حَدَّثَنَا رَوْحٌ  ، حَدَّثَنَا مَالِكٌ  ، عَنْ عَبْدِ اللَّهِ بْنِ أَبِي بَكْرِ بْنِ عَمْرِو بْنِ حَزْمٍ  ، عَنْ عَمْرَةَ  ، عَنْ عَائِشَةَ   : أَنَّهَا كَانَتْ مَعَ النَّبِيِّ صَلَّى اللَّهُ عَلَيْهِ وَسَلَّمَ فِي بَيْتِ حَفْصَةَ ، فَسَمِعَتْ صَوْتَ إِنْسَانٍ، قَالَتْ : قُلْتُ : يَا رَسُولَ اللَّهِ، سَمِعْتُ صَوْتَ إِنْسَانٍ فِي بَيْتِكَ، فَقَالَ رَسُولُ اللَّهِ صَلَّى اللَّهُ عَلَيْهِ وَسَلَّمَ :\" أُرَاهُ فُلَانًا لِعَمِّ حَفْصَةَ مِنَ الرَّضَاعَةِ \"، قَالَتْ عَائِشَةُ : يَا رَسُولَ اللَّهِ، وَلَوْ كَانَ فُلَانٌ حَيًّا لِعَمِّهَا مِنَ الرَّضَاعَةِ دَخَلَ عَلَيَّ؟، فَقَالَ رَسُولُ اللَّهِ صَلَّى اللَّهُ عَلَيْهِ وَسَلَّمَ : \" نَعَمْ، يَحْرُمُ مِنَ الرَّضَاعَةِ مَا يَحْرُمُ مِنَ الْوِلَادَةِ \"","english":{"narrator":"","text":""}},{"id":80,"idInBook":80,"chapterId":11,"bookId":9,"arabic":"أَخْبَرَنَا جَعْفَرُ بْنُ عَوْنٍ  ، أَخْبَرَنَا هِشَامُ بْنُ عُرْوَةَ  ، عَنْ أَبِيهِ  ، قَالَ : أَخْبَرَتْنِي عَائِشَةُ   : أَنَّ عَمَّهَا أَخَا أَبِي الْقُعَيْسِ جَاءَ يَسْتَأْذِنُ عَلَيْهَا بَعْدَمَا ضُرِبَ الْحِجَابُ، فَأَبَتْ أَنْ تَأْذَنَ لَهُ حَتَّى يَأْتِيَ رَسُولُ اللَّهِ صَلَّى اللَّهُ عَلَيْهِ وَسَلَّمَ فَأَسْتَأْذِنَهُ، فَلَمَّا جَاءَ النَّبِيُّ صَلَّى اللَّهُ عَلَيْهِ وَسَلَّمَ ذَكَرَتْ ذَلِكَ لَهُ، فَقَالَتْ : جَاءَ عَمِّي أَخُو أَبِي الْقُعَيْسِ فَرَدَدْتُهُ حَتَّى أَسْتَأْذِنَكَ، قَالَ :\" أَوَ لَيْسَ بِعَمِّكِ؟ \"، قَالَتْ : إِنَّمَا أَرْضَعَتْنِيَ الْمَرْأَةُ وَلَمْ يُرْضِعْنِي الرَّجُلُ، فَقَالَ : \" إِنَّهُ عَمُّكِ فَلْيَلِجْ عَلَيْكِ \"، قَالَ : وَكَانَتْ عَائِشَةُ تَقُولُ : يَحْرُمُ مِنَ الرَّضَاعَةِ مَا يَحْرُمُ مِنَ الْوِلَادَةِ","english":{"narrator":"","text":""}},{"id":81,"idInBook":81,"chapterId":11,"bookId":9,"arabic":"أَخْبَرَنَا صَدَقَةُ بْنُ الْفَضْلِ  ، حَدَّثَنَا يَحْيَى بْنُ سَعِيدٍ  ، عَنْ مَالِكٍ  ، حَدَّثَنِي عَبْدُ اللَّهِ بْنُ دِينَارٍ  ، عَنْ سُلَيْمَانَ بْنِ يَسَارٍ  ، عَنْ عُرْوَةَ  ، عَنْ عَائِشَةَ  ، عَنِ النَّبِيِّ صَلَّى اللَّهُ عَلَيْهِ وَسَلَّمَ، قَالَ :\" يَحْرُمُ مِنَ الرَّضَاعَةِ مَا يَحْرُمُ مِنَ الْوِلَادَةِ \".\nقَالَ مَالِكٌ  : وَحَدَّثَنِي عَبْدُ اللَّهِ بْنُ أَبِي بَكْرٍ  ، عَنْ عَمْرَةَ  ، عَنْ عَائِشَةَ  ، عَنِ النَّبِيِّ صَلَّى اللَّهُ عَلَيْهِ وَسَلَّمَ، مِثْلَهُ","english":{"narrator":"","text":""}},{"id":82,"idInBook":82,"chapterId":11,"bookId":9,"arabic":"حَدَّثَنَا عَبْدُ اللَّهِ بْنُ صَالِحٍ  ، حَدَّثَنِي اللَّيْثُ  ، حَدَّثَنِي يُونُسُ  ، عَنْ ابْنِ شِهَابٍ  ، عَنْ عُرْوَةَ  ، عَنْ عَائِشَةَ  ، عَنِ النَّبِيِّ صَلَّى اللَّهُ عَلَيْهِ وَسَلَّمَ، قَالَ :\" لَا تُحَرِّمُ الْمَصَّةُ وَالْمَصَّتَانِ \"","english":{"narrator":"","text":""}},{"id":83,"idInBook":83,"chapterId":11,"bookId":9,"arabic":"أَخْبَرَنَا سُلَيْمَانُ بْنُ حَرْبٍ  ، حَدَّثَنَا حَمَّادُ بْنُ زَيْدٍ  ، عَنْ أَيُّوبَ  ، عَنْ أَبِي الْخَلِيلِ  ، عَنْ عَبْدِ اللَّهِ بْنِ الْحَارِثِ  ، عَنْ أُمِّ الْفَضْلِ   : أَنَّ رَجُلًا أَتَى النَّبِيَّ صَلَّى اللَّهُ عَلَيْهِ وَسَلَّمَ، فَقَالَ : يَا رَسُولَ اللَّهِ، إِنِّي قَدْ تَزَوَّجْتُ امْرَأَةً وَعِنْدِي أُخْرَى، فَزَعَمَتِ الْأُولَى أَنَّهَا أَرْضَعَتِ الْحُدْثَى، فَقَالَ :\" لَا تُحَرِّمُ الْإِمْلَاجَةُ وَلَا الْإِمْلَاجَتَانِ \"","english":{"narrator":"","text":""}},{"id":84,"idInBook":84,"chapterId":11,"bookId":9,"arabic":"أَخْبَرَنَا إِسْحَاق  ، أَخْبَرَنَا رَوْحٌ  ، حَدَّثَنَا مَالِكٌ  ، عَنْ عَبْدِ اللَّهِ بْنِ أَبِي بَكْرٍ  ، عَنْ عَمْرَةَ  ،  عَنْ عَائِشَةَ  ، قَالَتْ :\" نَزَلَ الْقُرْآنُ بِعَشْرِ رَضَعَاتٍ مَعْلُومَاتٍ يُحَرِّمْنَ، ثُمَّ نُسِخْنَ بِخَمْسٍ مَعْلُومَاتٍ، فَتُوُفِّيَ رَسُولُ اللَّهِ صَلَّى اللَّهُ عَلَيْهِ وَسَلَّمَ وَهُنَّ مِمَّا يُقْرَأُ مِنَ الْقُرْآنِ \"","english":{"narrator":"","text":""}},{"id":85,"idInBook":85,"chapterId":11,"bookId":9,"arabic":"حَدَّثَنَا عُثْمَانُ بْنُ مُحَمَّدٍ  ، حَدَّثَنَا عَبْدَةُ  ، عَنْ هِشَامٍ  ، عَنْ أَبِيه  ، عَنْ حَجَّاجِ بْنِ حَجَّاجٍ الْأَسْلَمِيِّ  ، عَنْ أَبِيهِ  ، أَنَّهُ قَالَ : يَا رَسُولَ اللَّهِ، مَا يُذْهِبُ عَنِّي مَذَمَّةَ الرَّضَاعِ؟ قَالَ :\" الْغُرَّةُ : الْعَبْدُ أَوِ الْأَمَةُ \"","english":{"narrator":"","text":""}},{"id":86,"idInBook":86,"chapterId":11,"bookId":9,"arabic":"حَدَّثَنَا أَبُو عَاصِمٍ  ، عَنْ ابْنِ جُرَيْجٍ  ، عَنْ ابْنِ أَبِي مُلَيْكَةَ  ، قَالَ : حَدَّثَنِي عُقْبَةَ بْنُ الْحَارِثِ  ، ثُمّ قَالَ : لَمْ يُحَدِّثْنِيهِ وَلَكِنْ سَمِعْتُهُ يُحَدِّثُ الْقَوْمَ، قَالَ :\" تَزَوَّجْتُ بِنْتَ أَبِي إِهَابٍ ، فَجَاءَتْ أَمَةٌ سَوْدَاءُ، فَقَالَتْ : إِنِّي أَرْضَعْتُكُمَا، فَأَتَيْتُ النَّبِيَّ صَلَّى اللَّهُ عَلَيْهِ وَسَلَّمَ، فَذَكَرْتُ ذَلِكَ لَهُ فَأَعْرَضَ عَنِّي.\nقَالَ أَبُو عَاصِمٍ : قَالَ فِي الثَّالِثَةِ أَوْ الرَّابِعَةِ.\nقَالَ : كَيْفَ وَقَدْ قِيلَ؟، وَنَهَاهُ عَنْهَا.\nقَالَ أَبُو عَاصِمٍ  : وَقَالَ عُمَرُ بْنُ سَعِيدِ بْنِ أَبِي حُسَيْنٍ  ، عَنِ ابْنِ أَبِي مُلَيْكَةَ   : \" فَكَيْفَ وَقَدْ قِيلَ؟ \" وَلَمْ يَقُلْ : نَهَاهُ عَنْهَا.\nقَالَ أَبُو مُحَمَّدٍ : كَذَا عِنْدَنَا","english":{"narrator":"","text":""}},{"id":87,"idInBook":87,"chapterId":11,"bookId":9,"arabic":"أَخْبَرَنَا أَبُو الْوَلِيدِ الطَّيَالِسِيُّ  ، حَدَّثَنَا شُعْبَةُ  ، عَنْ أَشْعَثَ بْنِ سُلَيْمٍ  ، عَنْ أَبِيهِ  ، عَنْ مَسْرُوقٍ  ، عَنْ عَائِشَةَ   : أَنّ رَسُولَ اللَّهِ صَلَّى اللَّهُ عَلَيْهِ وَسَلَّمَ دَخَلَ عَلَيْهَا وَعِنْدَهَا رَجُلٌ فَتَغَيَّرَ وَجْهُهُ، وَكَأَنَّهُ كَرِهَ ذَلِكَ، فَقُلْتُ : إِنَّهُ أَخِي مِنَ الرَّضَاعَةِ، فَقَالَ :\" انْظُرْنَ مَا إِخْوَانُكُنَّ فَإِنَّمَا الرَّضَاعَةُ مِنَ الْمَجَاعَةِ \"","english":{"narrator":"","text":""}},{"id":88,"idInBook":88,"chapterId":11,"bookId":9,"arabic":"أَخْبَرَنَا أَبُو الْيَمَانِ الْحَكَمُ بْنُ نَافِعٍ  ، أَخْبَرَنَا شُعَيْبٌ  ، عَنْ الزُّهْرِيّ  ، عَنْ عُرْوَةَ  ، عَنْ عَائِشَةَ  ، قَالَتْ : جَاءَتْ سَهْلَةُ بِنْتُ سُهَيْلِ بْنِ عَمْرٍو وَكَانَتْ تَحْتَ أَبِي حُذَيْفَةَ بْنِ عُتْبَةَ بْنِ رَبِيعَةَ، رَسُولَ اللَّهِ صَلَّى اللَّهُ عَلَيْهِ وَسَلَّمَ، فَقَالَتْ : إِنَّ سَالِمًا مَوْلَى أَبِي حُذَيْفَةَ يَدْخُلُ عَلَيْنَا وَأَنَا فُضُلٌ وَإِنَّمَا نَرَاهُ وَلَدًا، وَكَانَ أَبُو حُذَيْفَةَ تَبَنَّاهُ كَمَا تَبَنَّى النَّبِيُّ صَلَّى اللَّهُ عَلَيْهِ وَسَلَّمَ زَيْدًا، فَأَنْزَلَ اللَّهُ تَعَالَى : # ادْعُوهُمْ لآبَائِهِمْ هُوَ أَقْسَطُ عِنْدَ اللَّهِ سورة الأحزاب آية 5 #\" فَأَمَرَهَا النَّبِيُّ صَلَّى اللَّهُ عَلَيْهِ وَسَلَّمَ عِنْدَ ذَلِكَ أَنْ تُرْضِعَ سَالِمًا \".\n قَالَ أَبُو مُحَمَّدٍ : هَذَا لِسَالِمٍ خَاصَّةً","english":{"narrator":"","text":""}},{"id":89,"idInBook":89,"chapterId":11,"bookId":9,"arabic":"أَخْبَرَنَا أَبُو نُعَيْمٍ  ، حَدَّثَنَا سُفْيَانُ  ، عَنْ أَبِي قَيْسٍ  ، عَنْ الْهُزَيْلِ  ، عَنْ عَبْدِ اللَّهِ  ، قَالَ :\" لَعَنَ رَسُولُ اللَّهِ صَلَّى اللَّهُ عَلَيْهِ وَسَلَّمَ الْمُحِلَّ وَالْمُحَلَّلَ لَهُ \"","english":{"narrator":"","text":""}},{"id":90,"idInBook":90,"chapterId":11,"bookId":9,"arabic":"أَخْبَرَنَا جَعْفَرُ بْنُ عَوْنٍ  ، أَخْبَرَنَا هِشَامُ بْنُ عُرْوَةَ  ، عَنْ أَبِيهِ  ، عَنْ عَائِشَةَ  ، أَنَّ هِنْدًا أُمَّ مُعَاوِيَةَ امْرَأَةَ أَبِي سُفْيَانَ أَتَتْ رَسُولَ اللَّهِ صَلَّى اللَّهُ عَلَيْهِ وَسَلَّمَ، فَقَالَتْ : يَا رَسُولَ اللَّهِ، إِنَّ أَبَا سُفْيَانَ رَجُلٌ شَحِيحٌ وَإِنَّهُ لَا يُعْطِينِي مَا يَكْفِينِي وَبَنِيَّ إِلَّا مَا أَخَذْتُ مِنْهُ، وَهُوَ لَا يَعْلَمُ، فَهَلْ عَلَيَّ فِي ذَلِكَ جُنَاحٌ؟ فَقَالَ :\" خُذِي مَا يَكْفِيكِ وَوَلَدَكِ بِالْمَعْرُوفِ \"","english":{"narrator":"","text":""}},{"id":91,"idInBook":91,"chapterId":11,"bookId":9,"arabic":"أَخْبَرَنَا مُحَمَّدُ بْنُ يُوسُفَ  ، حَدَّثَنَا سُفْيَانُ  ، عَنْ هِشَامِ بْنِ عُرْوَةَ  ، عَنْ أَبِيهِ  ، عَنْ عَائِشَةَ  ، قَالَتْ : قَالَ رَسُولُ اللَّهِ صَلَّى اللَّهُ عَلَيْهِ وَسَلَّمَ :\" خَيْرُكُمْ خَيْرُكُمْ لِأَهْلِهِ، وَإِذَا مَاتَ صَاحِبُكُمْ، فَدَعُوهُ \"","english":{"narrator":"","text":""}},{"id":92,"idInBook":92,"chapterId":11,"bookId":9,"arabic":"أَخْبَرَنَا إِسْمَاعِيل بْنُ خَلِيلٍ  ، أَخْبَرَنَا عَلِيُّ بْنُ مُسْهِرٍ  ، عَنْ هِشَامٍ  ، عَنْ أَبِيهِ  ، عَنْ عَائِشَةَ  ، قَالَتْ :\" تَزَوَّجَنِي رَسُولُ اللَّهِ صَلَّى اللَّهُ عَلَيْهِ وَسَلَّمَ وَأَنَا بِنْتُ سِتِّ سِنِينَ، فَقَدِمْنَا الْمَدِينَةَ ، فَنَزَلْنَا فِي بَنِي الْحَارِثِ بْنِ الْخَزْرَجِ فَوُعِكْتُ، فَتَمزَّقَ رَأْسِي، فَأَوْفَى جُمَيْمَةً، فَأَتَتْنِي أُمُّ رُومَانَ وَإِنِّي لَفِي أُرْجُوحَةٍ وَمَعِي صَوَاحِبَاتٌ لِي، فَصَرَخَتْ بِي فَأَتَيْتُهَا وَمَا أَدْرِي مَا تُرِيدُ، فَأَخَذَتْ بِيَدِي حَتَّى أَوْقَفَتْنِي عَلَى بَابِ الدَّارِ، وَإِنِّي لَأَنْهَجُ حَتَّى سَكَنَ بَعْضُ نَفَسِي، ثُمَّ أَخَذَتْ شَيْئًا مِنْ مَاءٍ، فَمَسَحَتْ بِهِ وَجْهِي وَرَأْسِي، ثُمَّ أَدْخَلَتْنِي الدَّارَ، فَإِذَا نِسْوَةٌ مِنَ الْأَنْصَارِ فِي بَيْتِ، فَقُلْنَ : عَلَى الْخَيْرِ وَالْبَرَكَةِ، وَعَلَى خَيْرِ طَائِرٍ، فَأَسْلَمَتْنِي إِلَيْهِنَّ، فَأَصْلَحْنَ مِنْ شَأْنِي، فَلَمْ يَرُعْنِي إِلَّا رَسُولُ اللَّهِ صَلَّى اللَّهُ عَلَيْهِ وَسَلَّمَ ضُحى، فَأَسْلَمَتْنِي إِلَيْهِ وَأَنَا يَوْمَئِذٍ بِنْتُ تِسْعِ سِنِينَ \"","english":{"narrator":"","text":""}}],"chapter":{"id":11,"bookId":9,"arabic":"وَمِنْ كِتَابِ النِّكَاحِ","english":""}}