{"metadata":{"length":32,"arabic":{"title":"سنن الدارمي","author":"الإمام أبو محمد عبد الرحمن بن عبد الله بن الدارمي","introduction":"وَمِنْ كِتَابِ الطَّلَاقِ"},"english":{"title":"Sunan al-Darimi","author":"Imam Abu Muhammad Abd al-Rahman ibn Abd Allah ibn al-Darimi","introduction":""}},"hadiths":[{"id":1,"idInBook":1,"chapterId":12,"bookId":9,"arabic":"أَخْبَرَنَا خَالِدُ بْنُ مَخْلَدٍ  ، حَدَّثَنَا مَالِكٌ  ، عَنْ نَافِعٍ  ، عَنِ ابْنِ عُمَرَ   : أَنَّهُ طَلَّقَ امْرَأَتَهُ وَهِيَ حَائِضٌ، فَذَكَرَ ذَلِكَ عُمَرُ لِلنَّبِيِّ صَلَّى اللَّهُ عَلَيْهِ وَسَلَّمَ، فَقَالَ :\" مُرْهُ أَنْ يُرَاجِعَهَا وَيُمْسِكَهَا حَتَّى تَطْهُرَ، ثُمَّ تَحِيضُ، ثُمَّ تَطْهُرُ، ثُمَّ إِنْ شَاءَ، أَمْسَكَ، وَإِنْ شَاءَ طَلَّقَ قَبْلَ أَنْ يَمَسَّ، فَتِلْكَ الْعِدَّةُ الَّتِي أَمَرَ اللَّهُ أَنْ يُطَلَّقَ لَهَا النِّسَاءُ \"","english":{"narrator":"","text":""}},{"id":2,"idInBook":2,"chapterId":12,"bookId":9,"arabic":"أَخْبَرَنَا عُبَيْدُ اللَّهِ بْنُ مُوسَى  ، أَخْبَرَنَا سُفْيَانُ  ، عَنْ مُحَمَّدِ بْنِ عَبْدِ الرَّحْمَنِ  ، قَالَ : سَمِعْتُ سَالِمًا  يَذْكُرُ،  عَنِ ابْنِ عُمَرَ   : أَنَّ عُمَرَ، قَالَ لِلنَّبِيِّ صَلَّى اللَّهُ عَلَيْهِ وَسَلَّمَ حِينَ طَلَّقَ ابْنُ عُمَرَ امْرَأَتَهُ، فَقَالَ :\" مُرْهُ فَلْيُرَاجِعْهَا، ثُمَّ لِيُطَلِّقْهَا وَهِيَ طَاهِرَةٌ \".\nقَالَ أَبُو مُحَمَّدٍ : رَوَاهُ ابْنُ الْمُبَارَكِ  ، وَوَكِيعُ   : \" أَوْ حَامِلٌ \"","english":{"narrator":"","text":""}},{"id":3,"idInBook":3,"chapterId":12,"bookId":9,"arabic":"حَدَّثَنَا إِسْمَاعِيل بْنُ خَلِيلٍ  ، وَإِسْمَاعِيل بْنُ أَبَانَ  ، قَالَا : حَدَّثَنَا يَحْيَى بْنُ أَبِي زَائِدَةَ  ، عَنْ صَالِحِ بْنِ صَالِحٍ  ، عَنْ سَلَمَةَ بْنِ كُهَيْلٍ  ، عَنْ سَعِيدِ بْنِ جُبَيْرٍ  ، عَنْ ابْنِ عَبَّاسٍ  ، عَنْ عُمَرَ  ، قَالَ :\" طَلَّقَ رَسُولُ اللَّهِ صَلَّى اللَّهُ عَلَيْهِ وَسَلَّمَ حَفْصَةَ ثُمَّ رَاجَعَهَا \"","english":{"narrator":"","text":""}},{"id":4,"idInBook":4,"chapterId":12,"bookId":9,"arabic":"أَخْبَرَنَا سَعِيدُ بْنُ سُلَيْمَانَ  ، عَنْ هُشَيْمٍ  ، عَنْ حُمَيْدٍ  ، عَنْ أَنَسٍ  ، أَنّ النَّبِيَّ صَلَّى اللَّهُ عَلَيْهِ وَسَلَّمَ\" طَلَّقَ حَفْصَةَ ثُمَّ رَاجَعَهَا \".\n قَالَ أَبُو مُحَمَّدٍ : كَانَّ عَلِيَّ بْنَ الْمَدِينِيِّ أَنْكَرَ هَذَا الْحَدِيثَ، وَقَالَ : لَيْسَ عِنْدَنَا هَذَا الْحَدِيثُ بِالْبَصْرَةِ ، عَنْ حُمَيْدٍ","english":{"narrator":"","text":""}},{"id":5,"idInBook":5,"chapterId":12,"bookId":9,"arabic":"أَخْبَرَنَا الْحَكَمُ بْنُ مُوسَى  ، حَدَّثَنَا يَحْيَى بْنُ حَمْزَةَ  ، عَنْ سُلَيْمَانَ بْنِ دَاوُدَ  ، حَدَّثَنِي الزُّهْرِيُّ  ، عَنْ أَبِي بَكْرِ بْنِ مُحَمَّدِ بْنِ عَمْرِو بْنِ حَزْمٍ  ، عَنْ أَبِيهِ  ، عَنْ جَدِّهِ  ، قَالَ الْحَكَمُ  ، قَالَ لِي يَحْيَى بْنُ حَمْزَةَ   : أَفْصِلُ أَنّ رَسُولَ اللَّهِ صَلَّى اللَّهُ عَلَيْهِ وَسَلَّمَ كَتَبَ إِلَى أَهْلِ الْيَمَنِ :\" أَنْ لَا يَمَسَّ الْقُرْآنَ إِلَّا طَاهِرٌ، وَلَا طَلَاقَ قَبْلَ إِمْلَاكٍ، وَلَا عَتَاقَ حَتَّى يَبْتَاعَ \".\nسُئِلَ أَبُو مُحَمَّدٍ ، عَنْ سُلَيْمَانُ، قَالَ : أَحْسَبُهُ كَاتِبًا مِنْ كُتَّابِ عُمَرَ بْنِ عَبْدِ الْعَزِيزِ","english":{"narrator":"","text":""}},{"id":6,"idInBook":6,"chapterId":12,"bookId":9,"arabic":"أَخْبَرَنَا مُحَمَّدُ بْنُ يُوسُفَ  ، حَدَّثَنَا ابْنُ عُيَيْنَةَ  ، عَنْ الزُّهْرِيِّ  ، قَالَ : سَمِعْتُ عُرْوَةَ بْنَ الزُّبَيْرِ  ، عَنْ عَائِشَةَ  ، قَالَتْ : جَاءَتِ امْرَأَةُ رِفَاعَةَ الْقُرَظِيِّ إِلَى رَسُولِ اللَّهِ صَلَّى اللَّهُ عَلَيْهِ وَسَلَّمَ وَعِنْدَهُ أَبُو بَكْرٍ، وَخَالِدُ بْنُ سَعِيدِ بْنِ الْعَاصِ عَلَى الْبَابِ يَنْتَظِرُ أَنْ يُؤْذَنَ لَهُ عَلَى رَسُولِ اللَّهِ صَلَّى اللَّهُ عَلَيْهِ وَسَلَّمَ، فَقَالَتْ : يَا رَسُولَ اللَّهِ، إِنِّي كُنْتُ عِنْدَ رِفَاعَةَ فَطَلَّقَنِي فَبَتَّ طَلَاقِي، قَالَ :\" أَتُرِيدِينَ أَنْ تَرْجِعِي إِلَى رِفَاعَةَ؟ لَا، حَتَّى يَذُوقَ عُسَيْلَتَكِ، وَتَذُوقِي عُسَيْلَتَهُ \".\nفَنَادَى خَالِدُ بْنُ سَعِيدٍ أَبَا بَكْرٍ : أَلَا تَرَى مَا تَجْهَرُ بِهِ هَذِهِ عِنْدَ رَسُولِ اللَّهِ صَلَّى اللَّهُ عَلَيْهِ وَسَلَّمَ؟","english":{"narrator":"","text":""}},{"id":7,"idInBook":7,"chapterId":12,"bookId":9,"arabic":"حَدَّثَنَا فَرْوَةُ بْنُ أَبِي الْمَغْرَاءِ  ، حَدَّثَنَا عَلِيُّ بْنُ مُسْهِرٍ  ، عَنْ هِشَامِ بْنِ عُرْوَة  ، عَنْ أَبِيهِ  ، عَنْ عَائِشَةَ  ، قَالَتْ : طَلَّقَ رِفَاعَة رَجُلٌ مِنْ بَنِي قُرَيْظَةَ امْرَأَتَهُ فَتَزَوَّجَهَا عَبْدُ الرَّحْمَنِ بْنُ الزُّبَيْرِ، فَدَخَلَتْ عَلَى رَسُولِ اللَّهِ صَلَّى اللَّهُ عَلَيْهِ وَسَلَّمَ، فَقَالَتْ : يَا رَسُولَ اللَّهِ، وَاللَّهِ إِنْ مَعَهُ إِلَّا مِثْلُ هُدْبَتِي هَذِهِ، فَقَالَ لَهَا رَسُولُ اللَّهِ صَلَّى اللَّهُ عَلَيْهِ وَسَلَّمَ :\" لَعَلَّكِ تُرِيدِينَ أَنْ تَرْجِعِي إِلَى رِفَاعَةَ؟ لَا، حَتَّى يَذُوقَ عُسَيْلَتَكِ أَوْ قَالَ تَذُوقِي عُسَيْلَتَهُ \"","english":{"narrator":"","text":""}},{"id":8,"idInBook":8,"chapterId":12,"bookId":9,"arabic":"أَخْبَرَنَا يَعْلَى  ، حَدَّثَنَا إِسْمَاعِيل بْنُ أَبِي خَالِدٍ  ، عَنْ الشَّعْبِيِّ  ، عَنْ مَسْرُوقٍ  ، قَالَ : سَأَلْتُ عَائِشَةَ   عَنِ الْخِيَرَةِ، فَقَالَتْ :\" قَدْ خَيَّرَنَا رَسُولُ اللَّهِ صَلَّى اللَّهُ عَلَيْهِ وَسَلَّمَ أَفَكَانَ طَلَاقًا؟ \"","english":{"narrator":"","text":""}},{"id":9,"idInBook":9,"chapterId":12,"bookId":9,"arabic":"حَدَّثَنَا مُحَمَّدُ بْنُ الْفَضْلِ  ، حَدَّثَنَا حَمَّادُ بْنُ زَيْدٍ  ، عَنْ أَيُّوبَ  ، عَنْ أَبِي قِلَابَةَ  ، عَنْ أَبِي أَسْمَاءَ  ، عَنْ ثَوْبَانَ  ، قَالَ : قَالَ رَسُولُ اللَّهِ صَلَّى اللَّهُ عَلَيْهِ وَسَلَّمَ :\" أَيُّمَا امْرَأَةٍ سَأَلَتْ زَوْجَهَا الطَّلَاقَ مِنْ غَيْرِ بَأْسٍ، فَحَرَامٌ عَلَيْهَا رَائِحَةُ الْجَنَّةِ \"","english":{"narrator":"","text":""}},{"id":10,"idInBook":10,"chapterId":12,"bookId":9,"arabic":"أَخْبَرَنَا يَزِيدُ بْنُ هَارُونَ  ، أَخْبَرَنَا يَحْيَى هُوَ ابْنُ سَعِيدٍ  ، أَنَّ عَمْرَةَ  أَخْبَرَتْهُ، أَنَّ حَبِيبَةَ بِنْتَ سَهْلٍ   تَزَوَّجَهَا ثَابِتُ بْنُ قَيْسِ بْنِ شَمَّاسٍ، فَذَكَرَتْ أَنّ رَسُولَ اللَّهِ صَلَّى اللَّهُ عَلَيْهِ وَسَلَّمَ كَانَ هَمَّ أَنْ يَتَزَوَّجَهَا.\nوَكَانَتْ جَارَةً لَهُ، وَأَنَّ ثَابِتًا ضَرَبَهَا، فَأَصْبَحَتْ عَلَى بَابِ رَسُولِ اللَّهِ صَلَّى اللَّهُ عَلَيْهِ وَسَلَّمَ فِي الْغَلَسِ، وَأَنَّ رَسُولَ اللَّهِ صَلَّى اللَّهُ عَلَيْهِ وَسَلَّمَ خَرَجَ، فَرَأَى إِنْسَانًا فَقَالَ : \" مَنْ هَذَا؟ \" قَالَتْ : أَنَا حَبِيبَةُ بِنْتُ سَهْلٍ ، فَقَالَ : \" مَا شَأْنُكِ؟ \"، قَالَتْ : لَا أَنَا وَلَا ثَابِتٌ، فَأَتَى ثَابِتٌ إِلَى رَسُولِ اللَّهِ صَلَّى اللَّهُ عَلَيْهِ وَسَلَّمَ، فَقَالَ لَهُ رَسُولُ اللَّهِ :\" خُذْ مِنْهَا وَخَلِّ سَبِيلَهَا \"، فَقَالَتْ : يَا رَسُولَ اللَّهِ، عِنْدِي كُلُّ شَيْءٍ أَعْطَانِيهِ فَأَخَذَ مِنْهَا، وَقَعَدَتْ عِنْدَ أَهْلِهَا","english":{"narrator":"","text":""}},{"id":11,"idInBook":11,"chapterId":12,"bookId":9,"arabic":"حَدَّثَنَا سُلَيْمَانُ بْنُ حَرْبٍ  ، حَدَّثَنَا جَرِيرُ بْنُ حَازِمٍ  ، عَنْ الزُّبَيْرِ بْنِ سَعِيدٍ  رَجُلٍ مِنْ بَنِي عَبْدِ الْمُطَّلِبِ، قَالَ : بَلَغَنِي حَدِيثٌ عَنْ عَبْدِ اللَّهِ بْنِ عَلِيِّ بْنِ يَزِيدَ بْنِ رُكَانَةَ  ، وَهُوَ فِي قَرْيَةٍ لَهُ، فَأَتَيْتُهُ، فَسَأَلْتُهُ، فَقَالَ : حَدَّثَنِي أَبِي  ، عَنْ جَدِّي   أَنَّهُ طَلَّقَ امْرَأَتَهُ الْبَتَّةَ، فَأَتَى النَّبِيَّ صَلَّى اللَّهُ عَلَيْهِ وَسَلَّمَ فَذَكَرَ ذَلِكَ لَهُ، فَقَالَ :\" مَا أَرَدْتَ؟ \"، فَقَالَ : وَاحِدَةً، قَالَ : \" آللَّهِ؟ \" قَالَ : آللَّهِ، قَالَ : \" هُوَ مَا نَوَيْتَ \"","english":{"narrator":"","text":""}},{"id":12,"idInBook":12,"chapterId":12,"bookId":9,"arabic":"حَدَّثَنَا زَكَرِيَّا بْنُ عَدِيٍّ  ، حَدَّثَنَا عَبْدُ اللَّهِ بْنُ إِدْرِيسَ  ، عَنْ مُحَمَّدِ بْنِ إِسْحَاق  ، عَنْ مُحَمَّدِ بْنِ عَمْرٍو  ، عَنْ سُلَيْمَانَ بْنِ يَسَارٍ  ، عَنْ سَلَمَةَ بْنِ صَخْرٍ الْبَيَاضِيِّ  ، قَالَ : كُنْتُ امْرَأً أُصِيبُ مِنَ النِّسَاءِ مَا لَا يُصِيبُ غَيْرِي، فَلَمَّا دَخَلَ شَهْرُ رَمَضَانَ، خِفْتُ أَنْ أُصِيبَ فِي لَيْلِي شَيْئًا، فَيَتَتَابَعَ بِي ذَلِكَ إِلَى أَنْ أُصْبِحَ، قَالَ : فَتَظَاهَرْتُ إِلَى أَنْ يَنْسَلِخَ، فَبَيْنَا هِيَ لَيْلَةً تَخْدُمُنِي، إِذْ تَكَشَّفَ لِي مِنْهَا شَيْءٌ، فَمَا لَبِثْتُ أَنْ نَزَوْتُ عَلَيْهَا فَلَمَّا أَصْبَحْتُ، خَرَجْتُ إِلَى قَوْمِي فَأَخْبَرْتُهُمْ، وَقُلْتُ : امْشُوا مَعِي إِلَى رَسُولِ اللَّهِ صَلَّى اللَّهُ عَلَيْهِ وَسَلَّمَ، فَقَالُوا : لَا وَاللَّهِ، لَا نَمْشِي مَعَكَ، مَا نَأْمَنُ أَنْ يَنْزِلَ فِيكَ الْقُرْآنُ، أَوْ أَنْ يَكُونَ فِيكَ مِنْ رَسُولِ اللَّهِ صَلَّى اللَّهُ عَلَيْهِ وَسَلَّمَ مَقَالَةٌ يَلْزَمُنَا عَارُهَا، وَلَنُسْلِمَنَّكَ بِجَرِيرَتِكَ.\nفَانْطَلَقْتُ إِلَى رَسُولِ اللَّهِ صَلَّى اللَّهُ عَلَيْهِ وَسَلَّمَ فَقَصَصْتُ عَلَيْهِ خَبَرِي، فَقَالَ : \" يَا سَلَمَةُ،أَنْتَ بِذَاكَ؟ \" قُلْتُ : أَنَا بِذَاكَ، قَالَ : \" يَا سَلَمَةُ، أَنْتَ بِذَاكَ؟ \" قُلْتُ : أَنَا بِذَاكَ، قَالَ : \" يَا سَلَمَةُ، أَنْتَ بِذَاكَ؟ \" قُلْتُ : أَنَا بِذَاكَ، وَهَأَنَا صَابِرٌ نَفْسِي، فَاحْكُمْ فِيَّ مَا أَرَاكَ اللَّهُ، قَالَ : \" فَأَعْتِقْ رَقَبَةً \"، قَالَ : فَضَرَبْتُ صَفْحَةَ رَقَبَتِي، فَقُلْتُ : وَالَّذِي بَعَثَكَ بِالْحَقِّ مَا أَصْبَحْتُ أَمْلِكُ رَقَبَةً غَيْرَهَا، قَالَ : \" فَصُمْ شَهْرَيْنِ مُتَتَابِعَيْنِ \"، قُلْتُ : وَهَلْ أَصَابَنِي الَّذِي أَصَابَنِي إِلَّا فِي الصِّيَامِ؟ قَالَ : \" فَأَطْعِمْ وَسْقًا مِنْ تَمْرٍ سِتِّينَ مِسْكِينًا \"، فَقُلْتُ : وَالَّذِي بَعَثَكَ بِالْحَقِّ، لَقَدْ بِتْنَا لَيْلَتَنَا وَحْشَى، مَالَنَا مِنَ الطَّعَام، قَالَ : \" فَانْطَلِقْ إِلَى صَاحِبِ صَدَقَةِ بَنِي زُرَيْقٍ فَلْيَدْفَعْهَا إِلَيْكَ، وَأَطْعِمْ سِتِّينَ مِسْكِينًا وَسْقًا مِنْ تَمْرٍ، وَكُلْ بَقِيَّتَهُ أَنْتَ وَعِيَالُكَ \"، قَالَ : فَأَتَيْتُ قَوْمِي، فَقُلْتُ : وَجَدْتُ عِنْدَكُمُ الضِّيقَ وَسُوءَ الرَّأْيِ، وَوَجَدْتُ عِنْدَ رَسُولِ اللَّهِ صَلَّى اللَّهُ عَلَيْهِ وَسَلَّمَ السَّعَةَ وَحُسْنَ الرَّأْيِ، وَقَدْ أَمَرَ لِي بِصَدَقَتِكُمْ","english":{"narrator":"","text":""}},{"id":13,"idInBook":13,"chapterId":12,"bookId":9,"arabic":"أَخْبَرَنَا مُحَمَّدُ بْنُ يُوسُفَ  ، حَدَّثَنَا سُفْيَانُ  ، عَنْ سَلَمَةَ بْنِ كُهَيْلٍ  ، عَنْ الشَّعْبِيِّ  ، عَنْ فَاطِمَةَ بِنْتِ قَيْسٍ   :\" أَنَّ زَوْجَهَا طَلَّقَهَا ثَلَاثًا فَلَمْ يَجْعَلْ لَهَا النَّبِيُّ صَلَّى اللَّهُ عَلَيْهِ وَسَلَّمَ نَفَقَةً وَلَا سُكْنَى \".\nقَالَ سَلَمَةُ : فَذَكَرْتُ ذَلِكَ لِإِبْرَاهِيمَ، فَقَالَ : قَالَ عُمَرُ بْنُ الْخَطَّابِ : لَا نَدَعُ كِتَابَ رَبِّنَا وَسُنَّةَ نَبِيِّهِ بِقَوْلِ امْرَأَةٍ، فَجَعَلَ لَهَا السُّكْنَى وَالنَّفَقَةَ","english":{"narrator":"","text":""}},{"id":14,"idInBook":14,"chapterId":12,"bookId":9,"arabic":"أَخْبَرَنَا يَعْلَى  ، حَدَّثَنَا زَكَرِيَّا  ، عَنْ عَامِرٍ  ، حَدَّثَتْنِي فَاطِمَةُ بِنْتُ قَيْسٍ   : \" أَنَّ زَوْجَهَا طَلَّقَهَا ثَلَاثًا،فَأَمَرَهَا النَّبِيُّ صَلَّى اللَّهُ عَلَيْهِ وَسَلَّمَ أَنْ تَعْتَدَّ عِنْدَ ابْنِ عَمِّهَا ابْنِ أُمِّ مَكْتُومٍ \"","english":{"narrator":"","text":""}},{"id":15,"idInBook":15,"chapterId":12,"bookId":9,"arabic":"أَخْبَرَنَا مُحَمَّدُ بْنُ الْعَلَاءِ  ، حَدَّثَنَا حَفْصُ بْنُ غِيَاثٍ  ، عَنْ الْأَشْعَثِ  ، عَنْ الْحَكَمِ  ، وَحَمَّادٍ  ، عَنْ إِبْرَاهِيمَ  ، عَنْ الْأَسْوَدِ  ، عَنْ عُمَرَ  ، قَالَ :\" لَا نَدَعُ كِتَابَ رَبِّنَا وَسُنَّةَ نَبِيِّهِ بِقَوْلِ امْرَأَةٍ : الْمُطَلَّقَةُ ثَلَاثًا لَهَا السُّكْنَى وَالنَّفَقَةُ \".\nأَخْبَرَنَا طَلْقُ بْنُ غَنَّامٍ  ، عَنْ حَفْصِ بْنِ غِيَاثٍ  ، عَنْ الْأَعْمَشِ  ، عَنْ إِبْرَاهِيمَ  ، عَنْ الْأَسْوَدِ  ، عَنْ عُمَرَ  ، نَحْوَهُ","english":{"narrator":"","text":""}},{"id":16,"idInBook":16,"chapterId":12,"bookId":9,"arabic":"أَخْبَرَنَا عَبْدُ اللَّهِ بْنُ مُحَمَّدٍ  ، قَالَ : حَدَّثَنَا حَفْصٌ  ، عَنْ الْأَعْمَشِ  ، عَنْ إِبْرَاهِيمَ  ، عَنْ الْأَسْوَدِ  ، قَالَ : قَالَ عُمَرُ   :\" لَا نُجِيزُ قَوْلَ امْرَأَةٍ فِي دِينِ اللَّهِ : الْمُطَلَّقَةُ ثَلَاثًا لَهَا السُّكْنَى وَالنَّفَقَةُ \".\n قَالَ أَبُو مُحَمَّدٍ : لَا أَرَى السُّكْنَى وَالنَّفَقَةَ لِلْمُطَلَّقَةِ","english":{"narrator":"","text":""}},{"id":17,"idInBook":17,"chapterId":12,"bookId":9,"arabic":"أَخْبَرَنَا يَزِيدُ بْنُ هَارُونَ  ، أَخْبَرَنَا يَحْيَى بْنُ سَعِيدٍ  ، أَنَّ سُلَيْمَانَ بْنَ يَسَارٍ  أَخْبَرَهُ، أَنَّ أَبَا سَلَمَةَ بْنَ عَبْدِ الرَّحْمَنِ  أَخْبَرَهُ : أَنَّهُ اجْتَمَعَ هُوَ وَابْنُ عَبَّاسٍ  عِنْدَ أَبِي هُرَيْرَةَ  فَذَكَرُوا الرَّجُلَ يُتَوَفَّى عَنِ الْمَرْأَةِ فَتَلِدُ بَعْدَهُ بِلَيَالٍ قَلَائِلَ، فَقَالَ ابْنُ عَبَّاسٍ : حِلُّهَا آخِرُ الْأَجَلَيْنِ.\nوَقَالَ أَبُو سَلَمَةَ : إِذَا وَضَعَتْ، فَقَدْ حَلَّتْ، فَتَرَاجَعَا فِي ذَلِكَ بَيْنَهُمَا، فَقَالَ أَبُو هُرَيْرَةَ : أَنَا مَعَ ابْنِ أَخِي يَعْنِي أَبَا سَلَمَةَ، فَبَعَثُوا كُرَيْبًا  مَوْلَى ابْنِ عَبَّاسٍ إِلَى أُمِّ سَلَمَةَ فَسَأَلَهَا، فَذَكَرَتْ أُمُّ سَلَمَةَ  ، \" أَنَّ سُبَيْعَةَ بِنْتَ الْحَارِثِ الْأَسْلَمِيَّةَ مَاتَ عَنْهَا زَوْجُهَا، فَنَفِسَتْ بَعْدَهُ بِلَيَالٍ وَأَنَّ رَجُلًا مِنْ بَنِي عَبْدِ الدَّارِ يُكْنَى أَبَا السَّنَابِلِ خَطَبَهَا، وَأَخْبَرَهَا أَنَّهَا قَدْ حَلَّتْ فَأَرَادَتْ أَنْ تَتَزَوَّجَ غَيْرَهُ، فَقَالَ لَهَا أَبُو السَّنَابِلِ : فَإِنَّكِ لَمْ تَحِلِّينَ، فَذَكَرَتْ سُبَيْعَةُ ذَلِكَ لِرَسُولِ اللَّهِ صَلَّى اللَّهُ عَلَيْهِ وَسَلَّمَفَأَمَرَهَا أَنْ تَتَزَوَّجَ \"","english":{"narrator":"","text":""}},{"id":18,"idInBook":18,"chapterId":12,"bookId":9,"arabic":"أَخْبَرَنَا مُحَمَّدُ بْنُ يُوسُفَ  ، حَدَّثَنَا سُفْيَانُ  ، عَنْ يَحْيَى بْنِ سَعِيدٍ  ، عَنْ سُلَيْمَانَ بْنِ يَسَارٍ  ، عَنْ كُرَيْبٍ  ، عَنْ أُمِّ سَلَمَةَ  ، قَالَتْ : \" تُوُفِّيَ زَوْجُ سُبَيْعَةَ بِنْتِ الْحَارِثِ ، فَوَضَعَتْ بَعْدَ وَفَاةِ زَوْجِهَا بِأَيَّامٍ،فَأَمَرَهَا رَسُولُ اللَّهِ صَلَّى اللَّهُ عَلَيْهِ وَسَلَّمَ أَنْ تَتَزَوَّجَ \"","english":{"narrator":"","text":""}},{"id":19,"idInBook":19,"chapterId":12,"bookId":9,"arabic":"أَخْبَرَنَا بِشْرُ بْنُ عُمَرَ الزَّهْرَانِيُّ  ، حَدَّثَنَا أَبُو الْأَحْوَصِ  ، حَدَّثَنَا مَنْصُورٌ  ، عَنْ إِبْرَاهِيمَ  ، عَنْ الْأَسْوَدِ  ، عَنْ أَبِي السَّنَابِلِ  ، قَالَ : وَضَعَتْ سُبَيْعَةُ بِنْتُ الْحَارِثِ حَمْلَهَا بَعْدَ وَفَاةِ زَوْجِهَا بِبِضْعٍ وَعِشْرِينَ لَيْلَةً، فَلَمَّا تَعَلَّتْ مِنْ نِفَاسِهَا تَشَوَّفَتْ، فَعِيبَ ذَلِكَ عَلَيْهَا، فَذُكِرَ أَمْرُهَا لِرَسُولِ اللَّهِ صَلَّى اللَّهُ عَلَيْهِ وَسَلَّمَ، فَقَالَ :\" إِنْ تَفْعَلْ، فَقَدْ انْقَضَى أَجَلُهَا \"","english":{"narrator":"","text":""}},{"id":20,"idInBook":20,"chapterId":12,"bookId":9,"arabic":"أَخْبَرَنَا مُحَمَّدُ بْنُ يُوسُفَ  ، عَنْ سُفْيَانَ  ، عَنْ مَنْصُورٍ  ، عَنْ إِبْرَاهِيمَ  ، عَنْ الْأَسْوَدِ  : أَنَّ سُبَيْعَةَ وَضَعَتْ بَعْدَ وَفَاةِ زَوْجِهَا بِأَيَّامٍ فَتَشَوَّفَتْ، فَعَابَ أَبُو السَّنَابِلِ  ، فَسَأَلَتْ أَوْ ذَكَرَتْ أَمْرَهَا لِرَسُولِ اللَّهِ صَلَّى اللَّهُ عَلَيْهِ وَسَلَّمَ\" فَأَمَرَهَا أَنْ تَتَزَوَّجَ \"","english":{"narrator":"","text":""}},{"id":21,"idInBook":21,"chapterId":12,"bookId":9,"arabic":"أَخْبَرَنَا مُحَمَّدُ بْنُ كَثِيرٍ  ، أَخْبَرَنَا سُلَيْمَانُ بْنُ كَثِيرٍ  ، عَنْ الزُّهْرِيِّ  ، عَنْ عُرْوَةَ  ، عَنْ عَائِشَةَ  ، عَنْ النَّبِيِّ صَلَّى اللَّهُ عَلَيْهِ وَسَلَّمَ، قَالَ :\" لَا يَحِلُّ لِامْرَأَةٍ تُؤْمِنُ بِاللَّهِ وَالْيَوْمِ الْآخِرِ أَوْ تُؤْمِنُ بِاللَّهِ أَنْ تَحِدَّ عَلَى أَحَدٍ فَوْقَ ثَلَاثَةِ أَيَّامٍ، إِلَّا عَلَى زَوْجِهَا \"","english":{"narrator":"","text":""}},{"id":22,"idInBook":22,"chapterId":12,"bookId":9,"arabic":"أَخْبَرَنَا هَاشِمُ بْنُ الْقَاسِمِ  ، حَدَّثَنَا شُعْبَةُ  ، عَنْ حُمَيْدِ بْنِ نَافِعٍ  ، قَالَ : سَمِعْتُ زَيْنَبَ بِنْتَ أَبِي سَلَمَةَ  تُحَدِّثُ، عَنْ أُمِّ حَبِيبَةَ بِنْتِ أَبِي سُفْيَانَ   : أَنَّ أَخًا لَهَا مَاتَ أَوْ حَمِيمًا لَهَا فَعَمَدَتْ إِلَى صُفْرَةٍ فَجَعَلَتْ تَمْسَحُ يَدَيْهَا، وَقَالَتْ : إِنَّمَا أَفْعَلُ هَذَا لِأَنَّ النَّبِيَّ صَلَّى اللَّهُ عَلَيْهِ وَسَلَّمَ، قَالَ :\" لَا يَحِلُّ لِامْرَأَةٍ تُؤْمِنُ بِاللَّهِ وَالْيَوْمِ الْآخِرِ أَنْ تَحُدَّ فَوْقَ ثَلَاثٍ إِلَّا عَلَى زَوْجِهَا، فَإِنَّهَا تَحُدُّ أَرْبَعَةَ أَشْهُرٍ وَعَشْرًا \".\nأَخْبَرَنَا هَاشِمُ بْنُ الْقَاسِمِ  ، أَخْبَرَنَا شُعْبَةُ  ، عَنْ حُمَيْدِ بْنِ نَافِعٍ  ، قَالَ : سَمِعْتُ زَيْنَبَ بِنْتَ أُمِّ سَلَمَةَ  تُحَدِّثُ عَنْ أُمِّهَا   أَوْ امْرَأَةٍ مِنْ أَزْوَاجِ النَّبِيِّ صَلَّى اللَّهُ عَلَيْهِ وَسَلَّمَ، نَحْوَهُ","english":{"narrator":"","text":""}},{"id":23,"idInBook":23,"chapterId":12,"bookId":9,"arabic":"أَخْبَرَنَا مُحَمَّدُ بْنُ يُوسُفَ  ، حَدَّثَنَا زَائِدَةُ  ، عَنْ هِشَامِ بْنِ حَسَّانَ  ، عَنْ حَفْصَةَ بِنْتِ سِيرِينَ  ، عَنْ أُمِّ عَطِيَّةَ  ، عَنْ النَّبِيِّ صَلَّى اللَّهُ عَلَيْهِ وَسَلَّمَ، قَالَ :\" لَا تَحِدُّ الْمَرْأَةُ فَوْقَ ثَلَاثَةِ أَيَّامٍ إِلَّا عَلَى زَوْجٍ، فَإِنَّهَا تَحِدُّ عَلَيْهِ أَرْبَعَةَ أَشْهُرٍ وَعَشْرًا : لَا تَلْبَسُ ثَوْبًا مَصْبُوغًا إِلَّا ثَوْبَ عَصْبٍ، وَلَا تَكْتَحِلُ، وَلَا تَمَسُّ طِيبًا إِلَّا فِي أَدْنَى طُهْرِهَا إِذَا اغْتَسَلَتْ مِنْ مَحِيضِهَا : نُبْذَةً مِنْ كُسْتٍ وَأَظْفَارٍ \"","english":{"narrator":"","text":""}},{"id":24,"idInBook":24,"chapterId":12,"bookId":9,"arabic":"أَخْبَرَنَا عُبَيْدُ اللَّهِ بْنُ عَبْدِ الْمَجِيدِ  ، حَدَّثَنَا مَالِكٌ  ، عَنْ سَعْدِ بْنِ إِسْحَاق بْنِ كَعْبِ بْنِ عُجْرَةَ  ، عَنْ عَمَّتِهِ زَيْنَبَ بِنْتِ كَعْبِ بْنِ عُجْرَةَ  : أَنَّ الْفُرَيْعَةَ بِنْتَ مَالِكٍ   أَخْبَرَتْهَا أَنَّهَا سَأَلَتْ رَسُولَ اللَّهِ صَلَّى اللَّهُ عَلَيْهِ وَسَلَّمَ أَنْ يَأْذَنَ لَهَا أَنْ تَرْجِعَ إِلَى أَهْلِهَا، فَإِنَّ زَوْجِي قَدْ خَرَجَ فِي طَلَبِ أَعْبُدٍ لَهُ أَبَقُوا، فَأَدْرَكَهُمْ حَتَّى إِذَا كَانَ بِطَرَفِ الْقَدُومِ، قَتَلُوهُ، فَقَالَ رَسُولُ اللَّهِ صَلَّى اللَّهُ عَلَيْهِ وَسَلَّمَ :\" امْكُثِي فِي بَيْتِكِ حَتَّى يَبْلُغَ الْكِتَابُ أَجَلَهُ \"، فَقُلْتُ : إِنَّهُ لَمْ يَدَعْنِي فِي بَيْتٍ أَمْلِكُهُ، وَلَا نَفَقَةٍ، فَقَالَ : \" امْكُثِي حَتَّى يَبْلُغَ الْكِتَابُ أَجَلَهُ \"، فَاعْتَدَّتْ فِيهِ أَرْبَعَةَ أَشْهُرٍ وَعَشْرًا، قَالَتْ : فَلَمَّا كَانَ عُثْمَانُ : أَرْسَلَ إِلَيَّ فَسَأَلَنِي عَنْ ذَلِكَ فَأَخْبَرْتُهُ، فَاتَّبَعَ ذَلِكَ وَقَضَى بِهِ","english":{"narrator":"","text":""}},{"id":25,"idInBook":25,"chapterId":12,"bookId":9,"arabic":"أَخْبَرَنَا أَبُو عَاصِمٍ  ، عَنْ ابْنِ جُرَيْجٍ  ، عَنْ أَبِي الزُّبَيْرِ  ، عَنْ جَابِرٍ  ، قَالَ : طُلِّقَتْ خَالَتِي فَأَرَادَتْ أَنْ تَجُدَّ نَخْلًا لَهَا، فَقَالَ لَهَا رَجُلٌ : لَيْسَ لَكِ أَنْ تَخْرُجِين، قَالَتْ : فَأَتَيْتُ النَّبِيَّ صَلَّى اللَّهُ عَلَيْهِ وَسَلَّمَ فَذَكَرْتُ ذَلِكَ لَهُ، فَقَالَ :\" اخْرُجِي فَجُدِّي نَخْلَكِ، فَلَعَلَّكِ أَنْ تَصَدَّقِي أَوْ تَصْنَعِي مَعْرُوفًا \"","english":{"narrator":"","text":""}},{"id":26,"idInBook":26,"chapterId":12,"bookId":9,"arabic":"أَخْبَرَنَا سَهْلُ بْنُ حَمَّادٍ  ، حَدَّثَنَا شُعْبَةُ  ، عَنْ الْحَكَمِ  ، عَنْ إِبْرَاهِيمَ  ، عَنْ الْأَسْوَدِ  ، عَنْ عَائِشَةَ   : أَنَّهَا أَرَادَتْ أَنْ تَشْتَرِيَ بَرِيرَةَ ، فَأَرَادَ مَوَالِيهَا أَنْ يَشْتَرِطُوا وَلَاءَهَا، فَذَكَرَتْ ذَلِكَ لِرَسُولِ اللَّهِ صَلَّى اللَّهُ عَلَيْهِ وَسَلَّمَ، فَقَالَ :\" اشْتَرِيهَا، فَإِنَّمَا الْوَلَاءُ لِمَنْ أَعْتَقَ \"، فَاشْتَرَتْهَا فَأَعْتَقَتْهَا، وَخَيَّرَهَا مِنْ زَوْجِهَا وَكَانَ حُرًّا وَأَنَّ النَّبِيَّ صَلَّى اللَّهُ عَلَيْهِ وَسَلَّمَ أُتِيَ بِلَحْمٍ، فَقَالَ : \" مِنْ أَيْنَ هَذَا؟ \" قِيلَ : تُصُدِّقَ بِهِ عَلَى بَرِيرَةَ ، فَقَالَ : \" هُوَ لَهَا صَدَقَةٌ، وَلَنَا هَدِيَّةٌ \"","english":{"narrator":"","text":""}},{"id":27,"idInBook":27,"chapterId":12,"bookId":9,"arabic":"أَخْبَرَنَا إِسْمَاعِيل بْنُ خَلِيلٍ  ، حَدَّثَنَا عَلِيُّ بْنُ مُسْهِرٍ  ، حَدَّثَنَا هِشَامُ بْنُ عُرْوَةَ  ، عَنْ عَبْدِ الرَّحْمَنِ بْنِ الْقَاسِمِ  ، عَنْ أَبِيهِ  ، عَنْ عَائِشَةَ  ، قَالَتْ : دَخَلَ النَّبِيُّ صَلَّى اللَّهُ عَلَيْهِ وَسَلَّمَ عَلَيَّ فَقَرَّبْتُ إِلَيْهِ طَعَامًا لَيْسَ فِيهِ لَحْمٌ، فَقَالَ :\" أَلَمْ أَرَ لَكُمْ قِدْرًا مَنْصُوبَةً؟ \" قُلْتُ : يَا رَسُولَ اللَّهِ، هَذَا لَحْمٌ تُصُدِّقَ بِهِ عَلَى بَرِيرَةَ ، فَأَهْدَتْ لَنَا، قَالَ : \" هُوَ عَلَيْهَا صَدَقَةٌ، وَهُوَ لَنَا مِنْهَا هَدِيَّةٌ \"، وَكَانَ لَهَا زَوْجٌ، فَلَمَّا عُتِقَتْ، خُيِّرَتْ","english":{"narrator":"","text":""}},{"id":28,"idInBook":28,"chapterId":12,"bookId":9,"arabic":"أَخْبَرَنَا عَبْدُ الرَّحْمَنِ بْنُ الضَّحَّاكِ  ، عَنْ الْمُغِيرَةِ بْنِ عَبْدِ الرَّحْمَنِ الْمَخْزُومِيِّ  ، عَنْ هِشَامِ بْنِ عُرْوَةَ  ، عَنْ عَبْدِ الرَّحْمَنِ بْنِ الْقَاسِمِ  ، عَنْ أَبِيهِ  ، عَنْ عَائِشَةَ   : \" أَنَّ بَرِيرَةَ حِينَ أَعْتَقَتْهَا عَائِشَةُ ، كَانَ زَوْجُهَا عَبْدًا،فَجَعَلَ رَسُولُ اللَّهِ صَلَّى اللَّهُ عَلَيْهِ وَسَلَّمَ يَحُضُّهَا عَلَيْهِ، فَجَعَلَتْ تَقُولُ لِرَسُولِ اللَّهِ صَلَّى اللَّهُ عَلَيْهِ وَسَلَّمَ أَلَيْسَ لِي أَنْ أُفَارِقَهُ؟ قَالَ : \" بَلَى \"، قَالَتْ : فَقَدْ فَارَقْتُهُ","english":{"narrator":"","text":""}},{"id":29,"idInBook":29,"chapterId":12,"bookId":9,"arabic":"أَخْبَرَنَا عَمْرُو بْنُ عَوْنٍ  ، أَخْبَرَنَا خَالِدُ بْنُ عَبْدِ اللَّهِ  ، عَنْ خَالِدٍ يَعْنِي الْحَذَّاءَ  عَنْ عِكْرِمَةَ  ، عَنِ ابْنِ عَبَّاسٍ   : أَنَّ زَوْجَ بَرِيرَةَ كَانَ عَبْدًا يُقَالُ لَهُ : مُغِيثٌ، كَأَنِّي أَنْظُرُ إِلَيْهِ يَطُوفُ خَلْفَهَا يَبْكِي وَدُمُوعُهُ تَسِيلُ عَلَى لِحْيَتِهِ، فَقَالَ النَّبِيُّ صَلَّى اللَّهُ عَلَيْهِ وَسَلَّمَ لِلْعَبَّاسِ : \" يَا عَبَّاسُ،أَلَا تَعْجَبُ مِنْ شِدَّةِ حُبِّ مُغِيثٍ بَرِيرَةَ ، وَمِنْ شِدَّةِ بُغْضِ بَرِيرَةَ مُغِيثًا؟ \" فَقَالَ لَهَا : \" لَوْ رَاجَعْتِيهِ فَإِنَّهُ أَبُو وَلَدِكِ \"، فَقَالَتْ : يَا رَسُولَ اللَّهِ أَتَأْمُرُنِي؟ قَال : \" إِنَّمَا أَنَا شَافِعٌ \"، قَالَتْ : لَا حَاجَةَ لِي فِيهِ","english":{"narrator":"","text":""}},{"id":30,"idInBook":30,"chapterId":12,"bookId":9,"arabic":"أَخْبَرَنَا أَبُو عَاصِمٍ  ، حَدَّثَنَا ابْنُ جُرَيْجٍ  ، قَالَ : أَخْبَرَنِي زِيَادُ بْنُ سَعْدٍ  ، عَنْ هِلَالِ بْنِ أُسَامَةَ  ، عَنْ أَبِي مَيْمُونَةَ سُلَيْمَانَ  مَوْلًى لِأَهْلِ الْمَدِينَةِ ، قَالَ : كُنْتُ عِنْدَ أَبِي هُرَيْرَةَ فَجَاءَتْهُ امْرَأَةٌ، فَقَالَتْ : إِنَّ زَوْجِي يُرِيدُ أَنْ يَذْهَبَ بِوَلَدِي، فَقَالَ أَبُو هُرَيْرَةَ   : كُنْتُ عِنْدَ رَسُولِ اللَّهِ صَلَّى اللَّهُ عَلَيْهِ وَسَلَّمَ إِذْ جَاءَتْهُ امْرَأَةٌ، فَقَالَتْ : إِنَّ زَوْجِي يُرِيدُ أَنْ يَذْهَبَ بِوَلَدِي أَوْ بِابْنِي وَقَدْ نَفَعَنِي وَسَقَانِي مِنْ بِئْرِ أَبِي عِنَبَةَ ، فَقَالَ رَسُولُ اللَّهِ صَلَّى اللَّهُ عَلَيْهِ وَسَلَّمَ : اسْتَهِمَا أَوْ قَالَ : تَسَاهَمَا أَبُو عَاصِمٍ الشَّاكُّ ، فَجَاءَ زَوْجُهَا، فَقَالَ : مَنْ يُخَاصِمُنِي فِي وَلَدِي أَوْ فِي ابْنِي؟، فَقَالَ رَسُولُ اللَّهِ صَلَّى اللَّهُ عَلَيْهِ وَسَلَّمَ : \" يَا غُلَامُ،هَذَا أَبُوكَ وَهَذِهِ أُمُّكَ، فَخُذْ بِيَدِ أَيِّهِمَا شِئْتَ \".\nوَقَدْ قَالَ أَبُو عَاصِمٍ : \" فَاتْبَعْ أَيَّهُمَا شِئْتَ \"، فَأَخَذَ بِيَدِ أُمِّهِ فَانْطَلَقَتْ بِهِ","english":{"narrator":"","text":""}},{"id":31,"idInBook":31,"chapterId":12,"bookId":9,"arabic":"أَخْبَرَنَا أَبُو عَاصِمٍ  ، أَخْبَرَنَا ابْنُ جُرَيْجٍ  ، أَخْبَرَنِي مُظَاهِرٌ وَهُوَ ابْنُ أَسْلَمَ  ، أَنَّهُ سَمِعَ الْقَاسِمَ بْنَ مُحَمَّدٍ  ،  عَنْ عَائِشَةَ  ، عَنِ النَّبِيِّ صَلَّى اللَّهُ عَلَيْهِ وَسَلَّمَ قَالَ :\" لِلْأَمَةِ تَطْلِيقَتَانِ وَقُرْؤُهَا حَيْضَتَانِ \".\nقَالَ أَبُو عَاصِمٍ : سَمِعْتُهُ مِنْ مُظَاهِرٍ","english":{"narrator":"","text":""}},{"id":32,"idInBook":32,"chapterId":12,"bookId":9,"arabic":"أَخْبَرَنَا عَمْرُو بْنُ عَوْنٍ  ، أَخْبَرَنَا شَرِيكٌ  ، عَنْ قَيْسِ بْنِ وَهْبٍ  ، عَنْ أَبِي الْوَدَّاكِ  ،  عَنْ أَبِي سَعِيدٍ   وَرَفَعَهُ أَنَّهُ قَالَ فِي سَبَايَا أَوْطَاسٍ :\" لَا تُوطَأُ حَامِلٌ حَتَّى تَضَعَ حَمْلَهَا، وَلَا غَيْرُ ذَاتِ حَمْلٍ حَتَّى تَحِيضَ حَيْضَةً \"","english":{"narrator":"","text":""}}],"chapter":{"id":12,"bookId":9,"arabic":"وَمِنْ كِتَابِ الطَّلَاقِ","english":""}}