{"metadata":{"length":33,"arabic":{"title":"سنن الدارمي","author":"الإمام أبو محمد عبد الرحمن بن عبد الله بن الدارمي","introduction":"وَمِنْ كِتَابِ الْحُدُودِ"},"english":{"title":"Sunan al-Darimi","author":"Imam Abu Muhammad Abd al-Rahman ibn Abd Allah ibn al-Darimi","introduction":""}},"hadiths":[{"id":1,"idInBook":1,"chapterId":13,"bookId":9,"arabic":"أَخْبَرَنَا عَفَّانُ  ، حَدَّثَنَا حَمَّادُ بْنُ سَلَمَةَ  ، حَدَّثَنَا حَمَّادٌ  ، عَنْ إِبْرَاهِيمَ  ، عَنْ الْأَسْوَدِ  ، عَنْ عَائِشَةَ  ، عَنِ النَّبِيِّ صَلَّى اللَّهُ عَلَيْهِ وَسَلَّمَ، قَالَ :\" رُفِعَ الْقَلَمُ عَنْ ثَلَاثَةٍ : عَنِ النَّائِمِ حَتَّى يَسْتَيْقِظَ، وَعَنِ الصَّغِيرِ حَتَّى يَحْتَلِمَ، وَعَنِ الْمَجْنُونِ حَتَّى يَعْقِلَ \".\nوَقَدْ قَالَ حَمَّادٌ أَيْضًا : \" وَعَنْ الْمَعْتُوهِ حَتَّى يَعْقِلَ \"","english":{"narrator":"","text":""}},{"id":2,"idInBook":2,"chapterId":13,"bookId":9,"arabic":"أَخْبَرَنَا أَبُو النُّعْمَانِ  ، حَدَّثَنَا حَمَّادُ بْنُ زَيْدٍ  ، عَنْ يَحْيَى بْنِ سَعِيدٍ  ، عَنْ أَبِي أُمَامَةَ بْنِ سَهْلِ بْنِ حُنَيْفٍ  ،  عَنْ عُثْمَانَ  ، قَالَ : سَمِعْتُ رَسُولَ اللَّهِ صَلَّى اللَّهُ عَلَيْهِ وَسَلَّمَ، يَقُولُ :\" لَا يَحِلُّ دَمُ امْرِئٍ مُسْلِمٍ إِلَّا بِإِحْدَى ثَلَاثٍ : بِكُفْرٍ بَعْدَ إِيمَانٍ، أَوْ بِزِنًى بَعْدَ إِحْصَانٍ، أَوْ يَقْتُلُ نَفْسًا بِغَيْرِ نَفْسٍ فَيُقْتَلُ \"","english":{"narrator":"","text":""}},{"id":3,"idInBook":3,"chapterId":13,"bookId":9,"arabic":"حَدَّثَنَا يَعْلَى  ، حَدَّثَنَا الْأَعْمَشُ  ، عَنْ عَبْدِ اللَّهِ بْنِ مُرَّةَ  ، عَنْ مَسْرُوقٍ  ، عَنْ عَبْدِ اللَّهِ  ، قَالَ : قَالَ رَسُولُ اللَّهِ صَلَّى اللَّهُ عَلَيْهِ وَسَلَّمَ :\" لَا يَحِلُّ دَمُ رَجُلٍ يَشْهَدُ أَنْ لَا إِلَهَ إِلَّا اللَّهُ، وَأَنِّي رَسُولُ اللَّهِ إِلَّا أَحَدُ ثَلَاثَةِ نَفَرٍ : النَّفْسُ بِالنَّفْسِ، وَالثَّيِّبُ الزَّانِي، وَالتَّارِكُ لِدِينِهِ، الْمُفَارِقُ لِلْجَمَاعَةِ \"","english":{"narrator":"","text":""}},{"id":4,"idInBook":4,"chapterId":13,"bookId":9,"arabic":"أَخْبَرَنَا سَعْدُ بْنُ حَفْصٍ  ، حَدَّثَنَا شَيْبَانُ  ، عَنْ أَشْعَثَ  ، عَنْ عِكْرِمَةَ  ، عَنِ ابْنِ عَبَّاسٍ  ، قَالَ : كَانَ صَفْوَانُ بْنُ أُمَيَّةَ نَائِمًا فِي الْمَسْجِدِ، فَأَتَاهُ رَجُلٌ وَهُوَ نَائِمٌ، فَاسْتَلَّ رِدَاءَهُ مِنْ تَحْتِ رَأْسِهِ، فتَنَبَّهَ بِهِ، فَلَحِقَهُ فَأَخَذَهُ فَانْطَلَقَ بِهِ إِلَى رَسُولِ اللَّهِ صَلَّى اللَّهُ عَلَيْهِ وَسَلَّمَ، فَقَالَ : يَا رَسُولَ اللَّهِ، كُنْتُ نَائِمًا فِي الْمَسْجِدِ، فَأَتَانِي هَذَا فَاسْتَلَّ رِدَائِي مِنْ تَحْتِ رَأْسِي، فَلَحِقْتُهُ فَأَخَذْتُهُ، فَأَمَرَ بِقَطْعِهِ، فَقَالَ لَهُ صَفْوَانُ : يَا رَسُولَ اللَّهِ، إِنَّ رِدَائِي لَمْ يَبْلُغْ أَنْ يُقْطَعَ فِيهِ هَذَا؟ قَالَ :\" فَهَلَّا، قَبْلَ أَنْ تَأْتِيَنِي بِهِ؟ \"","english":{"narrator":"","text":""}},{"id":5,"idInBook":5,"chapterId":13,"bookId":9,"arabic":"أَخْبَرَنَا سُلَيْمَانُ بْنُ دَاوُدَ الْهَاشِمِيُّ  ، أَخْبَرَنَا إِبْرَاهِيمُ بْنُ سَعْدٍ  ، عَنْ الزُّهْرِيِّ  ، عَنْ عَمْرَةَ بِنْتِ عَبْدِ الرَّحْمَنِ  ، عَنْ عَائِشَةَ   : أَنّ رَسُولَ اللَّهِ صَلَّى اللَّهُ عَلَيْهِ وَسَلَّمَ، قَالَ :\" تُقْطَعُ الْيَدُ فِي رُبْعِ دِينَارٍ فَصَاعِدًا \"","english":{"narrator":"","text":""}},{"id":6,"idInBook":6,"chapterId":13,"bookId":9,"arabic":"أَخْبَرَنَا أَبُو نُعَيْمٍ  ، حَدَّثَنَا سُفْيَانُ  ، عَنْ أَيُّوبَ  ، وَإِسْمَاعِيل بْنِ أُمَيَّةَ  ، وَعُبَيْدِ اللَّهِ  ، وَمُوسَى بْنِ عُقْبَة  ، عَنْ نَافِعٍ  ، عَنِ ابْنِ عُمَرَ  ، قَالَ :\" قَطَعَ رَسُولُ اللَّهِ صَلَّى اللَّهُ عَلَيْهِ وَسَلَّمَ فِي مِجَنٍّ قِيمَتُهُ ثَلَاثَةُ دَرَاهِمَ \"","english":{"narrator":"","text":""}},{"id":7,"idInBook":7,"chapterId":13,"bookId":9,"arabic":"أَخْبَرَنَا أَحْمَدُ بْنُ عَبْدِ اللَّهِ  ، حَدَّثَنَا اللَّيْثُ  ، عَنْ ابْنِ شِهَابٍ  ، عَنْ عُرْوَةَ بْنِ الزُّبَيْرِ  ، عَنْ عَائِشَةَ   : أَنَّ قُرَيْشًا أَهَمَّهُمْ شَأْنُ الْمَرْأَةِ الْمَخْزُومِيَّةِ الَّتِي سَرَقَتْ، فَقَالُوا : مَنْ يُكَلِّمُ فِيهَا رَسُولَ اللَّهِ صَلَّى اللَّهُ عَلَيْهِ وَسَلَّمَ؟، قَالُوا : وَمَنْ يَجْتَرِئُ عَلَيْهِ إِلَّا أُسَامَةُ بْنُ زَيْدٍ حِبُّ رَسُولِ اللَّهِ صَلَّى اللَّهُ عَلَيْهِ وَسَلَّمَ؟ فَكَلَّمَهُ أُسَامَةُ، فَقَالَ رَسُولُ اللَّهِ صَلَّى اللَّهُ عَلَيْهِ وَسَلَّمَ : \" أَتَشْفَعُ فِي حَدٍّ مِنْ حُدُودِ اللَّهِ؟ \" ثُمَّ قَامَ فَاخْتَطَبَ، فَقَالَ :\" إِنَّمَا هَلَكَ الَّذِينَ قَبْلَكُمْ أَنَّهُمْ كَانُوا إِذَا سَرَقَ فِيهُمُ الشَّرِيفُ، تَرَكُوهُ، وَإِذَا سَرَقَ فِيهِمُ الضَّعِيفُ، أَقَامُوا عَلَيْهِ الْحَدَّ، وَايْمُ اللَّهِ، لَوْ أَنَّ فَاطِمَةَ بِنْتَ مُحَمَّدٍ سَرَقَتْ، لَقَطَعْتُ يَدَهَا \"","english":{"narrator":"","text":""}},{"id":8,"idInBook":8,"chapterId":13,"bookId":9,"arabic":"أَخْبَرَنَا حَجَّاجُ بْنُ مِنْهَالٍ  ، حَدَّثَنَا حَمَّادُ بْنُ سَلَمَةَ  ، عَنْ إِسْحَاق بْنِ عَبْدِ اللَّهِ بْنِ أَبِي طَلْحَةَ  ، عَنْ أَبِي الْمُنْذِرِ  مَوْلَى أَبِي ذَرٍّ، عَنْ أَبِي أُمَيَّةَ الْمَخْزُومِيِّ  ، أَنَّ رَسُولَ اللَّهِ صَلَّى اللَّهُ عَلَيْهِ وَسَلَّمَ أُتِيَ بِسَارِقٍ اعْتَرَفَ اعْتِرَافًا، لَمْ يُوجَدْ مَعَهُ مَتَاعٌ، فَقَالَ :\" مَا إِخَالُكَ سَرَقْتَ؟ \" قَالَ : بَلَى، قَالَ : \" مَا إِخَالُكَ سَرَقْتَ؟ \" قَالَ : بَلَى، قَالَ : \" فَاذْهَبُوا فَاقْطَعُوا يَدَهُ ثُمَّ جِيئُوا بِهِ \" فَقَطَعُوا يَدَهُ، ثُمَّ جَاءُوا بِهِ، فَقَالَ : \" اسْتَغْفِرِ اللَّهَ وَتُبْ إِلَيْهِ \"، فَقَالَ : أَسْتَغْفِرُ اللَّهَ وَأَتُوبُ إِلَيْهِ، فَقَالَ : \" اللَّهُمَّ تُبْ عَلَيْهِ، اللَّهُمَّ تُبْ عَلَيْهِ \"","english":{"narrator":"","text":""}},{"id":9,"idInBook":9,"chapterId":13,"bookId":9,"arabic":"أَخْبَرَنَا يَزِيدُ بْنُ هَارُونَ  ، أَخْبَرَنَا يَحْيَى هُوَ ابْنُ سَعِيدٍ  ، أَنَّ مُحَمَّدَ بْنَ يَحْيَى بْنِ حَبَّانَ  أَخْبَرَهُ، عَنْ رَافِعِ بْنِ خَدِيجٍ  ، قَالَ : سَمِعْتُ رَسُولَ اللَّهِ صَلَّى اللَّهُ عَلَيْهِ وَسَلَّمَ، يَقُولُ :\" لَا قَطْعَ فِي ثَمَرٍ وَلَا كَثَرٍ \"","english":{"narrator":"","text":""}},{"id":10,"idInBook":10,"chapterId":13,"bookId":9,"arabic":"حَدَّثَنَا الْحُسَيْنُ بْنُ مَنْصُورٍ  ، حَدَّثَنَا أَبُو أُسَامَةَ  ، عَنْ يَحْيَى بْنِ سَعِيدٍ  ، عَنْ مُحَمَّدِ بْنِ يَحْيَى بْنِ حَبَّانَ  ، عَنْ رَجُلٍ  مِنْ قَوْمِهِ، عَنْ رَافِعِ بْنِ خَدِيجٍ  ، عَنْ النَّبِيِّ صَلَّى اللَّهُ عَلَيْهِ وَسَلَّمَ، قَالَ :\" لَا قَطْعَ فِي ثَمَرٍ وَلَا كَثَرٍ \"","english":{"narrator":"","text":""}},{"id":11,"idInBook":11,"chapterId":13,"bookId":9,"arabic":"أَخْبَرَنَا إِسْحَاق  ، حَدَّثَنَا وَكِيعٌ  ، عَنْ سُفْيَانَ  ، عَنْ يَحْيَى بْنِ سَعِيدٍ  ، عَنْ مُحَمَّدِ بْنِ يَحْيَى بْنِ حَبَّانَ  ، عَنْ عَمِّهِ وَاسِعِ بْنِ حَبَّانَ  ، عَنْ رَافِعِ بْنِ خَدِيجٍ  ، قَالَ : قَالَ رَسُولُ اللَّهِ صَلَّى اللَّهُ عَلَيْهِ وَسَلَّمَ :\" لَا قَطْعَ فِي ثَمَرٍ وَلَا كَثَرٍ \".\nحَدَّثَنَا أَبُو نُعَيْمٍ  ، حَدَّثَنَا سُفْيَانُ  ، عَنْ يَحْيَى بْنِ سَعِيدٍ  ، عَنْ مُحَمَّدِ بْنِ يَحْيَى بْنِ حَبَّانَ  ، عَنْ رَافِعِ بْنِ خَدِيجٍ  ، عَنِ النَّبِيِّ صَلَّى اللَّهُ عَلَيْهِ وَسَلَّمَ نَحْوَهُ","english":{"narrator":"","text":""}},{"id":12,"idInBook":12,"chapterId":13,"bookId":9,"arabic":"أَخْبَرَنَا إِسْحَاق  ، حَدَّثَنَا جَرِيرٌ  ، وَالثَّقَفِيُّ  ، عَنْ يَحْيَى بْنِ سَعِيدٍ  ، أَخْبَرَنِي مُحَمَّدُ بْنُ يَحْيَى بْنِ حَبَّانَ  ، عَنْ رَافِعِ بْنِ خَدِيجٍ  ، قَالَ : سَمِعْتُ النَّبِيَّ صَلَّى اللَّهُ عَلَيْهِ وَسَلَّمَ، يَقُولُ :\" لَا قَطْعَ فِي ثَمَرٍ وَلَا كَثَرٍ \".\nقَالَ : وَهُوَ شَحْمُ النَّخْلِ.\nوَالْكَثَرُ : الْجُمَّارُ","english":{"narrator":"","text":""}},{"id":13,"idInBook":13,"chapterId":13,"bookId":9,"arabic":"أَخْبَرَنَا سَعِيدُ بْنُ مَنْصُورٍ  ، حَدَّثَنَا عَبْدُ الْعَزِيزِ بْنُ مُحَمَّدٍ  ، عَنْ يَحْيَى بْنِ سَعِيدٍ  ، عَنْ مُحَمَّدِ بْنِ يَحْيَى بْنِ حَبَّانَ  ، عَنْ أَبِي مَيْمُونٍ  ، عَنْ رَافِعِ بْنِ خَدِيجٍ  ، قَالَ : سَمِعْتُ النَّبِيَّ صَلَّى اللَّهُ عَلَيْهِ وَسَلَّمَ، يَقُولُ :\" لَا قَطْعَ فِي كَثَرٍ \".\nقَالَ أَبُو مُحَمَّد : الْقَوْلُ مَا قَالَ أَبُو أُسَامَةَ","english":{"narrator":"","text":""}},{"id":14,"idInBook":14,"chapterId":13,"bookId":9,"arabic":"أَخْبَرَنَا أَبُو عَاصِمٍ  ، عَنْ ابْنِ جُرَيْجٍ  ، قَالَ : أَنْبَأَنَا أَبُو الزُّبَيْرِ  ، قَالَ جَابِرٌ   : قَالَ رَسُولُ اللَّهِ صَلَّى اللَّهُ عَلَيْهِ وَسَلَّمَ :\" لَيْسَ عَلَى الْمُنْتَهِبِ، وَلَا عَلَى الْمُخْتَلِسِ، وَلَا عَلَى الْخَائِنِ قَطْعٌ \"","english":{"narrator":"","text":""}},{"id":15,"idInBook":15,"chapterId":13,"bookId":9,"arabic":"حَدَّثَنَا هَاشِمُ بْنُ الْقَاسِمِ  ، حَدَّثَنَا شُعْبَةُ  ، عَنْ قَتَادَةَ  ، عَنْ أَنَسٍ  ، \" أَنّ النَّبِيَّ صَلَّى اللَّهُ عَلَيْهِ وَسَلَّمَأُتِيَ بِرَجُلٍ قَدْ شَرِبَ خَمْرًا فَضَرَبَهُ بِجَرِيدَتَيْنِ \"، ثُمَّ فَعَلَ أَبُو بَكْرٍ مِثْلَ ذَلِكَ، فَلَمَّا كَانَ عُمَرُ : اسْتَشَارَ النَّاسَ، فَقَالَ عَبْدُ الرَّحْمَنِ بْنُ عَوْفٍ : أَخَفُّ الْحُدُودِ : ثَمَانِينَ، قَالَ : فَفَعَلَ","english":{"narrator":"","text":""}},{"id":16,"idInBook":16,"chapterId":13,"bookId":9,"arabic":"حَدَّثَنَا مُسْلِمُ بْنُ إِبْرَاهِيمَ  ، أَخْبَرَنَا عَبْدُ الْعَزِيزِ بْنُ الْمُخْتَارِ  ، حَدَّثَنَا عَبْدُ اللَّهِ الدَّانَاجُ  ، حَدَّثَنَا حُضَيْنُ بْنُ الْمُنْذِرِ الرَّقَاشِيُّ  ، قَالَ : شَهِدْتُ عُثْمَانَ بْنَ عَفَّانَ وَأُتِيَ بِالْوَلِيدِ بْنِ عُقْبَةَ، فَقَالَ عَلِيٌّ   :\" جَلَدَ النَّبِيُّ صَلَّى اللَّهُ عَلَيْهِ وَسَلَّمَ أَرْبَعِينَ، وَجَلَدَ أَبُو بَكْرٍ أَرْبَعِينَ، وَعُمَرُ ثَمَانِينَ، وَكُلٌّ سُنَّةٌ \"","english":{"narrator":"","text":""}},{"id":17,"idInBook":17,"chapterId":13,"bookId":9,"arabic":"حَدَّثَنَا مُحَمَّدُ بْنُ عَبْدِ اللَّهِ الرَّقَاشِيُّ  ، حَدَّثَنَا يَزِيدُ هُوَ ابْنُ زُرَيْعٍ  ، حَدَّثَنَا مُحَمَّدٌ هُوَ ابْنُ إِسْحَاق  ، حَدَّثَنَا عَبْدُ اللَّهِ بْنُ عُتْبَةَ بْنِ عُرْوَةَ بْنِ مَسْعُودٍ الثَّقَفِيُّ  ، عَنْ عَمْرِو بْنِ الشَّرِيدِ  ، عَنْ أَبِيهِ  ، قَالَ : سَمِعْتُ رَسُولَ اللَّهِ صَلَّى اللَّهُ عَلَيْهِ وَسَلَّمَ، يَقُولُ :\" إِذَا شَرِبَ أَحَدُكُمْ فَاضْرِبُوهُ، ثُمَّ إِنْ عَادَ، فَاضْرِبُوهُ، ثُمَّ إِنْ عَادَ، فَاضْرِبُوهُ، ثُمَّ إِنْ عَادَ الرَّابِعَةَ فَاقْتُلُوهُ \"","english":{"narrator":"","text":""}},{"id":18,"idInBook":18,"chapterId":13,"bookId":9,"arabic":"أَخْبَرَنَا عَبْدُ اللَّهِ بْنُ يَزِيدَ  ، حَدَّثَنَا سَعِيدٌ هُوَ ابْنُ أَبِي أَيُّوبَ  ، حَدَّثَنِي يَزِيدُ بْنُ أَبِي حَبِيبٍ  ، عَنْ بُكَيْرِ بْنِ عَبْدِ اللَّهِ بْنِ الْأَشَجِّ  ، عَنْ سُلَيْمَانَ بْنِ يَسَارٍ  ، عَنْ عَبْدِ الرَّحْمَنِ هُوَ ابْنُ جَابِرٍ  ، عَنْ أَبِي بُرْدَةَ بْنِ نِيَارٍ  ، قَالَ : سَمِعْتُ رَسُولَ اللَّهِ صَلَّى اللَّهُ عَلَيْهِ وَسَلَّمَ، يَقُولُ :\" لَا يَحِلُّ لِأَحَدٍ أَنْ يَضْرِبَ أَحَدًا فَوْقَ عَشْرَةِ أَصْوَاتٍ إِلَّا فِي حَدٍّ مِنْ حُدُودِ اللَّهِ \"","english":{"narrator":"","text":""}},{"id":19,"idInBook":19,"chapterId":13,"bookId":9,"arabic":"أَخْبَرَنَا أَبُو عَاصِمٍ  ، حَدَّثَنَا ابْنُ جُرَيْجٍ  ، أَخْبَرَنِي ابْنُ شِهَابٍ  ، عَنْ أَبِي سَلَمَةَ  ، عَنْ جَابِرٍ   : أَنَّ رَجُلًا مِنْ أَسْلَمَ أَتَى النَّبِيَّ صَلَّى اللَّهُ عَلَيْهِ وَسَلَّمَ فَحَدَّثَهُ أَنَّهُ زَنَى فَشَهِدَ عَلَى نَفْسِهِ أَنَّهُ زَنَى أَرْبَعًا،فَأَمَرَ بِرَجْمِهِ وَكَانَ قَدْ أُحْصِنَ \"","english":{"narrator":"","text":""}},{"id":20,"idInBook":20,"chapterId":13,"bookId":9,"arabic":"أَخْبَرَنَا عُبَيْدُ اللَّهِ بْنُ مُوسَى  ، عَنْ إِسْرَائِيلَ  ، عَنْ سِمَاكٍ  ، أَنَّهُ سَمِعَ جَابِرَ بْنَ سَمُرَةَ   يَقُولُ : أُتِيَ النَّبِيُّ صَلَّى اللَّهُ عَلَيْهِ وَسَلَّمَ بِمَاعِزِ بْنِ مَالِكٍ رَجُلٍ قَصِيرٍ فِي إِزَارٍ مَا عَلَيْهِ رِدَاءٌ، وَرَسُولُ اللَّهِ صَلَّى اللَّهُ عَلَيْهِ وَسَلَّمَ مُتَّكِئٌ عَلَى وِسَادَةٍ عَلَى يَسَارِهِ فَكَلَّمَهُ، فَمَا أَدْرِي مَا يُكَلِّمُهُ بِهِ، وَأَنَا بَعِيدٌ مِنْهُ، بَيْنِي وَبَيْنَهُ الْقَوْمُ، ثُمَّ قَالَ :\" اذْهَبُوا بِهِ فَارْجُمُوهُ \"، ثُمَّ قَالَ : \" رُدُّوهُ \"، فَكَلَّمَهُ أَيْضًا وَأَنَا أَسْمَعُ غَيْرَ أَنَّ بَيْنِي وَبَيْنَهُ الْقَوْمُ، فَقَالَ : \" اذْهَبُوا بِهِ فَارْجُمُوهُ \"، ثُمَّ قَامَ النَّبِيُّ صَلَّى اللَّهُ عَلَيْهِ وَسَلَّمَ فَخَطَبَ وَأَنَا أَسْمَعُهُ، ثُمَّ قَالَ : \" كُلَّمَا نَفَرْنَا فِي سَبِيلِ اللَّهِ، خَلَفَ أَحَدُهُمْ لَهُ نَبِيبٌ كَنَبِيبِ التَّيْسِ يَمْنَحُ إِحْدَاهُنَّ الْكُثْبَةَ مِنَ اللَّبَنِ؟ وَاللَّهِ لَا أَقْدِرُ عَلَى أَحَدٍ مِنْهُمْ، إِلَّا نَكَّلْتُ بِهِ \"","english":{"narrator":"","text":""}},{"id":21,"idInBook":21,"chapterId":13,"bookId":9,"arabic":"أَخْبَرَنَا مُحَمَّدُ بْنُ يُوسُفَ  ، حَدَّثَنَا سُفْيَانُ بْنُ عُيَيْنَةَ  ، عَنْ الزُّهْرِيِّ  ، عَنْ عُبَيْدِ اللَّهِ بْنِ عَبْدِ اللَّهِ بْنِ عُتْبَةَ  ، عَنْ أَبِي هُرَيْرَةَ  ، وَزَيْدِ بْنِ خَالِدٍ  ، وَشِبْلٍ   ، قَالُوا : جَاءَ رَجُلٌ إِلَى رَسُولِ اللَّهِ صَلَّى اللَّهُ عَلَيْهِ وَسَلَّمَ، فَقَالَ : أَنْشُدُكَ اللَّهَ إِلَّا قَضَيْتَ بَيْنَنَا بِكِتَابِ اللَّهِ، فَقَالَ خَصْمُهُ وَكَانَ أَفْقَهَ مِنْهُ : صَدَقَ، اقْضِ بَيْنَنَا بِكِتَابِ اللَّهِ، وَأْذَنْ لِي يَا رَسُولَ اللَّهِ أَنْ أَتَكَلَّمَ، فَقَالَ رَسُولُ اللَّهِ صَلَّى اللَّهُ عَلَيْهِ وَسَلَّمَ : \" قُلْ \"، فَقَالَ : إِنَّ ابْنِي كَانَ عَسِيفًا عَلَى أَهْلِ هَذَا، فَزَنَى بِامْرَأَتِهِ، فَافْتَدَيْتُ مِنْهُ بِمِائَةِ شَاةٍ وَخَادِمٍ، وَإِنِّي سَأَلْتُ رِجَالًا مِنْ أَهْلِ الْعِلْمِ، فَأَخْبَرُونِي أَنَّ عَلَى ابْنِي جَلْدَ مِائَةٍ وَتَغْرِيبَ عَامٍ، وَأَنَّ عَلَى امْرَأَةِ هَذَا الرَّجْمَ، فَقَالَ : \" وَالَّذِي نَفْسِي بِيَدِهِ،لَأَقْضِيَنَّ بَيْنَكُمَا بِكِتَابِ اللَّهِ : الْمِائَةُ شَاةٍ وَالْخَادِمُ رَدٌّ عَلَيْكَ، وَعَلَى ابْنِكَ جَلْدُ مِائَةٍ وَتَغْرِيبُ عَامٍ، وَيَا أُنَيْسُ اغْدُ عَلَى امْرَأَةِ هَذَا فَسَلْهَا، فَإِنْ اعْتَرَفَتْ، فَارْجُمْهَا \"، فَاعْتَرَفَتْ، فَرَجَمَهَا","english":{"narrator":"","text":""}},{"id":22,"idInBook":22,"chapterId":13,"bookId":9,"arabic":"أَخْبَرَنَا مُحَمَّدُ بْنُ عَبْدِ اللَّهِ الرَّقَاشِيُّ  ، حَدَّثَنَا يَزِيدُ بْنُ زُرَيْعٍ  ، حَدَّثَنَا مُحَمَّدٌ هُوَ ابْنُ إِسْحَاق بْنِ يَسَارٍ  ، حَدَّثَنَا مُحَمَّدُ بْنُ إِبْرَاهِيمَ التَّيْمِيُّ  ، عَنْ أَبِي الْهَيْثَمِ بْنِ نَصْرِ بْنِ دَهْرٍ الْأَسْلَمِيِّ  ، عَنْ أَبِيهِ  ، قَالَ : كُنْتُ فِيمَنْ رَجَمَهُ، قَالَ أَبُو مُحَمَّدٍ : يَعْنِي مَاعِزَ بْنَ مَالِكٍ، فلَمَّا وَجَدَ مَسَّ الْحِجَارَةِ، جَزِعَ جَزَعًا شَدِيدًا، قَالَ : فَذَكَرْنَا ذَلِكَ لِرَسُولِ اللَّهِ صَلَّى اللَّهُ عَلَيْهِ وَسَلَّمَ، قَالَ :\" فَهَلَّا تَرَكْتُمُوهُ؟ \"","english":{"narrator":"","text":""}},{"id":23,"idInBook":23,"chapterId":13,"bookId":9,"arabic":"أَخْبَرَنَا مُحَمَّدُ بْنُ عِيسَى  ، حَدَّثَنَا يَحْيَى بْنُ أَبِي زَائِدَةَ  ، عَنْ دَاوُدَ  ، عَنْ أَبِي نَضْرَةَ  ، عَنْ أَبِي سَعِيدٍ الْخُدْرِيِّ  ، قَالَ : قَالَ رَسُولُ اللَّهِ صَلَّى اللَّهُ عَلَيْهِ وَسَلَّمَ :\" انْطَلِقُوا بِمَاعِزِ بْنِ مَالِكٍ، فَارْجُمُوهُ \".\nفَانْطَلَقْنَا بِهِ إِلَى بَقِيعِ الْغَرْقَدِ ، فَوَاللَّهِ مَا أَوْثَقْنَاهُ وَلَا حَفَرْنَا لَهُ، وَلَكِنْ قَامَ فَرَمَيْنَاهُ بِالْعِظَامِ وَالْخَزَفِ وَالْجَنْدَلِ","english":{"narrator":"","text":""}},{"id":24,"idInBook":24,"chapterId":13,"bookId":9,"arabic":"حَدَّثَنَا أَبُو نُعَيْمٍ  ، حَدَّثَنَا بَشِيرُ بْنُ الْمُهَاجِرِ  ، حَدَّثَنِي عَبْدُ اللَّهِ بْنُ بُرَيْدَةَ  ، عَنْ أَبِيهِ  ، قَالَ : كُنْتُ جَالِسًا عِنْدَ النَّبِيِّ صَلَّى اللَّهُ عَلَيْهِ وَسَلَّمَ فَجَاءَهُ رَجُلٌ يُقَالُ لَهُ مَاعِزُ بْنُ مَالِكٍ، فَاعْتَرَفَ عِنْدَهُ بِالزِّنَا، فَرَدَّهُ ثَلَاثَ مَرَّاتٍ، ثُمَّ جَاءَ الرَّابِعَةَ فَاعْتَرَفَ،\" فَأَمَرَ بِهِ النَّبِيُّ صَلَّى اللَّهُ عَلَيْهِ وَسَلَّمَ فَحُفِرَ لَهُ حُفْرَةٌ فَجُعِلَ فِيهَا إِلَى صَدْرِهِ، وَأَمَرَ النَّاسَ أَنْ يَرْجُمُوهُ \"","english":{"narrator":"","text":""}},{"id":25,"idInBook":25,"chapterId":13,"bookId":9,"arabic":"أَخْبَرَنَا أَحْمَدُ بْنُ عَبْدِ اللَّهِ  ، حَدَّثَنَا زُهَيْرٌ  ، حَدَّثَنَا مُوسَى بْنُ عُقْبَةَ  ، عَنْ نَافِعٍ  ، عَنِ ابْنِ عُمَرَ   : أَنَّ الْيَهُودَ جَاءُوا إِلَى رَسُولِ اللَّهِ صَلَّى اللَّهُ عَلَيْهِ وَسَلَّمَ بِرَجُلٍ مِنْهُمْ وَامْرَأَةٍ قَدْ زَنَيَا، فَقَالَ :\" كَيْفَ تَفْعَلُونَ بِمَنْ زَنَى مِنْكُمْ؟ \".\nقَالُوا : لَا نَجِدُ فِيهَا شَيْئًا، فَقَالَ لَهُمْ عَبْدُ اللَّهِ بْنُ سَلَامٍ : كَذَبْتُمْ، فِي التَّوْرَاةِ الرَّجْمُ، فَأْتُوا بِالتَّوْرَاةِ فَاتْلُوهَا إِنْ كُنْتُمْ صَادِقِينَ فَجَاءُوا بِالتَّوْرَاةِ، فَوَضَعَ مِدْرَاسُهَا الَّذِي يَدْرُسُهَا مِنْهُمْ كَفَّهُ عَلَى آيَةِ الرَّجْمِ، فَقَالَ : مَا هَذِهِ؟ فَلَمَّا رَأَوْا ذَلِكَ قَالُوا : هِيَ آيَةُ الرَّجْمِ، \" فَأَمَرَ بِهِمَا رَسُولُ اللَّهِ صَلَّى اللَّهُ عَلَيْهِ وَسَلَّمَ \" فَرُجِمَا قَرِيبًا مِنْ حَيْثُ تُوضَعُ الْجَنَائِزُ عِنْدَ الْمَسْجِدِ.\n قَالَ عَبْدُ اللَّهِ : فَرَأَيْتُ صَاحِبَهَا يُخْبِئُ عَلَيْهَا : يَقِيهَا الْحِجَارَةَ","english":{"narrator":"","text":""}},{"id":26,"idInBook":26,"chapterId":13,"bookId":9,"arabic":"أَخْبَرَنَا خَالِدُ بْنُ مَخْلَدٍ  ، حَدَّثَنَا مَالِكٌ  ، عَنْ الزُّهْرِيِّ  ، عَنْ عُبَيْدِ اللَّهِ بْنِ عَبْدِ اللَّهِ بْنِ عُتْبَةَ  ، عَنِ ابْنِ عَبَّاسٍ  ، قَالَ : قَالَ عُمَرُ   :\" إِنَّ اللَّهَ تَعَالَى، بَعَثَ مُحَمَّدًا صَلَّى اللَّهُ عَلَيْهِ وَسَلَّمَ بِالْحَقِّ، وَأَنْزَلَ عَلَيْهِ الْكِتَابَ، وَكَانَ فِيمَا أَنْزَلَ آيَةُ الرَّجْمِ، فَقَرَأْنَاهَا وَوَعَيْنَاهَا وَعَقَلْنَاهَا، وَرَجَمَ رَسُولُ اللَّهِ صَلَّى اللَّهُ عَلَيْهِ وَسَلَّمَ وَرَجَمْنَا بَعْدَهُ، فَأَخْشَى إِنْ طَالَ بِالنَّاسِ زَمَانٌ أَنْ يَقُولَ الْقَائِلُ : لَا نَجِدُ حَدَّ آيَةِ الرَّجْمِ فِي كِتَابِ اللَّهِ، وَالرَّجْمُ فِي كِتَابِ اللَّهِ حَقٌّ عَلَى مَنْ زَنَى مِنَ الرِّجَالِ وَالنِّسَاءِ إِذَا أُحْصِنَّ، إِذَا قَامَتْ عَلَيْهِ الْبَيِّنَةُ، أَوْ كَانَ الْحَبَلُ أَوِ الِاعْتِرَافُ \"","english":{"narrator":"","text":""}},{"id":27,"idInBook":27,"chapterId":13,"bookId":9,"arabic":"أَخْبَرَنَا مُحَمَّدُ بْنُ يَزِيدَ الرِّفَاعِيُّ  ، حَدَّثَنَا الْعَقَدِيُّ  ، حَدَّثَنَا شُعْبَةُ  ، عَنْ قَتَادَةَ  ، عَنْ يُونُسَ بْنِ جُبَيْرٍ  يُحَدِّثُ : عَنْ كَثِيرِ بْنِ الصَّلْتِ  ، عَنْ زَيْدِ بْنِ ثَابِتٍ  ، قَالَ : أَشْهَدُ لَسَمِعْتُ رَسُولَ اللَّهِ صَلَّى اللَّهُ عَلَيْهِ وَسَلَّمَ، يَقُولُ :\" الشَّيْخُ وَالشَّيْخَةُ إِذَا زَنَيَا، فَارْجُمُوهُمَا الْبَتَّةَ \"","english":{"narrator":"","text":""}},{"id":28,"idInBook":28,"chapterId":13,"bookId":9,"arabic":"أَخْبَرَنَا أَبُو نُعَيْمٍ  ، حَدَّثَنَا بَشِيرُ بْنُ الْمُهَاجِرِ  ، حَدَّثَنِي عَبْدُ اللَّهِ بْنُ بُرَيْدَةَ  ، عَنْ أَبِيهِ  ، قَالَ : كُنْتُ جَالِسًا عِنْدَ النَّبِيِّ صَلَّى اللَّهُ عَلَيْهِ وَسَلَّمَ فَجَاءَتْهُ امْرَأَةٌ مِنْ بَنِي غَامِدٍ، فَقَالَتْ : يَا نَبِيَّ اللَّهِ إِنِّي قَدْ زَنَيْتُ، وَإِنِّي أُرِيدُ أَنْ تُطَهِّرَنِي، فَقَالَ لَهَا : \" ارْجِعِي \".\nفَلَمَّا كَانَ مِنْ الْغَدِ، أَتَتْهُ أَيْضًا، فَاعْتَرَفَتْ عِنْدَهُ بِالزِّنَاء، فَقَالَتْ : يَا نَبِيَّ اللَّهِ، طَهِّرْنِي، فَلَعَلَّكَ أَنْ تَرْدُدَنِي كَمَا رَدَدْتَ مَاعِزَ بْنَ مَالِكٍ، فَوَاللَّهِ إِنِّي لَحُبْلَى، فَقَالَ لَهَا النَّبِيُّ صَلَّى اللَّهُ عَلَيْهِ وَسَلَّمَ : \" ارْجِعِي، حَتَّى تَلِدِي \".\nفَلَمَّا وَلَدَتْ، جَاءَتْ بِالصَّبِيِّ تَحْمِلُهُ فِي خِرْقَةٍ، فَقَالَتْ : يَا نَبِيَّ اللَّهِ هَذَا قَدْ وَلَدْتُ، قَالَ : \" فَاذْهَبِي فَأَرْضِعِيهِ، ثُمَّ افْطُمِيهِ \".\nفَلَمَّا فَطَمَتْهُ، جَاءَتْهُ بِالصَّبِيِّ فِي يَدِهِ كِسْرَةُ خُبْزٍ، فَقَالَتْ : يَا نَبِيَّ اللَّهِ، قَدْ فَطَمْتُهُ، فَأَمَرَ النَّبِيُّ صَلَّى اللَّهُ عَلَيْهِ وَسَلَّمَ بِالصَّبِيِّ فَدُفِعَ إِلَى رَجُلٍ مِنَ الْمُسْلِمِينَ، وَأَمَرَ بِهَا فَحُفِرَ لَهَا حُفْرَةٌ، فَجُعِلَتْ فِيهَا إِلَى صَدْرِهَا، ثُمَّ أَمَرَ النَّاسَ أَنْ يَرْجُمُوهَا، فَأَقْبَلَ خَالِدُ بْنُ الْوَلِيدِ بِحَجَرٍ فَرَمَى رَأْسَهَا، فَتَلَطَّخَ الدَّمُ عَلَى وَجْنَةِ خَالِدِ بْنِ الْوَلِيدِ، فَسَبَّهَا، فَسَمِعَ النَّبِيُّ صَلَّى اللَّهُ عَلَيْهِ وَسَلَّمَ سَبَّهُ إِيَّاهَا، فَقَالَ : \" مَهْ يَا خَالِدُ،لَا تَسُبَّهَا، فَوَالَّذِي نَفْسِي بِيَدِهِ، لَقَدْ تَابَتْ تَوْبَةً، لَوْ تَابَهَا صَاحِبُ مَكْسٍ، لَغُفِرَ لَهُ \".\nفَأَمَرَ بِهَا فَصُلِّيَ عَلَيْهَا، وَدُفِنَتْ","english":{"narrator":"","text":""}},{"id":29,"idInBook":29,"chapterId":13,"bookId":9,"arabic":"حَدَّثَنَا وَهْبُ بْنُ جَرِيرٍ  ، حَدَّثَنَا هِشَامٌ  ، عَنْ يَحْيَى  ، عَنْ أَبِي قِلَابَةَ  ، عَنْ أَبِي الْمُهَلَّبِ  ، عَنْ عِمْرَانَ بْنِ حُصَيْنٍ   : أَنَّ امْرَأَةً مِنْ جُهَيْنَةَ أَتَت ِالنَّبِيَّ صَلَّى اللَّهُ عَلَيْهِ وَسَلَّمَ وَهِيَ حُبْلَى مِنَ الزِّنَاءِ، فَقَالَتْ : يَا رَسُولَ اللَّهِ، إِنِّي أَصَبْتُ حَدًّا فَأَقِمْهُ عَلَيَّ، فَدَعَا رَسُولُ اللَّهِ صَلَّى اللَّهُ عَلَيْهِ وَسَلَّمَ وَلِيَّهَا، فَقَالَ : \" اذْهَبْ فَأَحْسِنْ إِلَيْهَا، فَإِذَا وَضَعَتْ حَمْلَهَا، فَأْتِنِي بِهَا \".\nفَفَعَلَ، فَأَمَرَ بِهَا رَسُولُ اللَّهِ صَلَّى اللَّهُ عَلَيْهِ وَسَلَّمَ فَشُكَّتْ عَلَيْهَا ثِيَابُهَا ثُمَّ أَمَرَ بِهَا فَرُجِمَتْ ثُمَّ صَلَّى عَلَيْهَا، فَقَالَ عُمَرُ : يَا رَسُولَ اللَّهِ أَتُصَلِّي عَلَيْهَا وَقَدْ زَنَتْ؟، فَقَالَ :\" لَقَدْ تَابَتْ تَوْبَةً لَوْ قُسِمَتْ بَيْنَ سَبْعِينَ مِنْ أَهْلِ الْمَدِينَةِ لَوَسِعَتْهُمْ، وَهَلْ وَجَدْتَ أَفْضَلَ مِنْ أَنْ جَادَتْ بِنَفْسِهَا لِلَّهِ G \"","english":{"narrator":"","text":""}},{"id":30,"idInBook":30,"chapterId":13,"bookId":9,"arabic":"حَدَّثَنَا خَالِدُ بْنُ مَخْلَدٍ  ، حَدَّثَنَا مَالِكٌ  ، عَنْ ابْنِ شِهَابٍ  ، عَنْ عُبَيْدِ اللَّهِ بْنِ عَبْدِ اللَّهِ بْنِ عُتْبَةَ  ، عَنْ زَيْدِ بْنِ خَالِدٍ الْجُهَنِيِّ   وَأَبِي هُرَيْرَةَ   : أَنَّ النَّبِيَّ صَلَّى اللَّهُ عَلَيْهِ وَسَلَّمَ سُئِلَ عَنِ الْأَمَةِ تَزْنِي وَلَمْ تُحْصَنْ، فَقَالَ :\" إِنْ زَنَتْ، فَاجْلِدُوهَا، ثُمَّ إِنْ زَنَتْ فَاجْلِدُوهَا \".\nقَالَ : فَمَا أَدْرِي فِي الثَّالِثَةِ أَوْ فِي الرَّابِعَةِ \" فَبِيعُوهَا وَلَوْ بِضَفِيرٍ \"","english":{"narrator":"","text":""}},{"id":31,"idInBook":31,"chapterId":13,"bookId":9,"arabic":"أَخْبَرَنَا بِشْرُ بْنُ عُمَرَ الزَّهْرَانِيُّ  ، حَدَّثَنَا حَمَّادُ بْنُ سَلَمَةَ  ، عَنْ قَتَادَةَ  ، عَنْ الْحَسَنِ  ، عَنْ حِطَّانَ بْنِ عَبْدِ اللَّهِ  ،  عَنْ عُبَادَةَ بْنِ الصَّامِتِ   : أَنّ رَسُولَ اللَّهِ صَلَّى اللَّهُ عَلَيْهِ وَسَلَّمَ، قَالَ :\" خُذُوا عَنِّي خُذُوا عَنِّي.\nقَدْ جَعَلَ اللَّهُ لَهُنَّ سَبِيلًا : الْبِكْرُ بِالْبِكْرِ، وَالثَّيِّبُ بِالثَّيِّبِ : الْبِكْرُ جَلْدُ مِائَةٍ وَنَفْيُ سَنَةٍ، وَالثَّيِّبُ جَلْدُ مِائَةٍ وَالرَّجْمُ \"، أَخْبَرَنَا عَمْرُو بْنُ عَوْنٍ  ، أَخْبَرَنَا هُشَيْمٌ  ، عَنْ مَنْصُورٍ  ، عَنْ الْحَسَنِ  ، عَنْ حِطَّانَ بْنِ عَبْدِ اللَّهِ  ، عَنْ عُبَادَةَ بْنِ الصَّامِتِ  ، عَنِ النَّبِيِّ صَلَّى اللَّهُ عَلَيْهِ وَسَلَّمَ بِنَحْوِهِ","english":{"narrator":"","text":""}},{"id":32,"idInBook":32,"chapterId":13,"bookId":9,"arabic":"أَخْبَرَنَا يَحْيَى بْنُ حَمَّادٍ  ، حَدَّثَنَا أَبَانُ بْنُ يَزِيدَ  ، عَنْ قَتَادَةَ  ، قَالَ : كَتَبَ إِلَيَّ خَالِدُ بْنُ عُرْفُطَةَ  عَنْ حَبِيبِ بْنِ سَالِمٍ  : أَنَّ غُلَامًا كَانَ يُنْبَزُ قُرْقُورًا، فَوَقَعَ عَلَى جَارِيَةِ امْرَأَتِهِ، فَرُفِعَ إِلَى النُّعْمَانِ بْنِ بَشِيرٍ  ، فَقَالَ : لَأَقْضِيَنَّ فِيهِ بِقَضَاءٍ شَافٍ :\" إِنْ كَانَتْ أَحَلَّتْهَا لَهُ جَلَدْتُهُ مِائَةً، وَإِنْ كَانَتْ لَمْ تُحِلَّهَا لَهُ، رَجَمْتُهُ \"، فَقِيلَ لَهَا : زَوْجُكِ !، فَقَالَتْ : إِنِّي قَدْ أَحْلَلْتُهَا لَهُ.\nفَضَرَبَهُ مِائَةً.\n قَالَ يَحْيَى : هُوَ مَرْفُوعٌ.\nحَدَّثَنَا صَدَقَةُ بْنُ الْفَضْلِ  ، أَخْبَرَنَا مُحَمَّدُ بْنُ جَعْفَرٍ  ، عَنْ شُعْبَةَ  ، عَنْ أَبِي بِشْرٍ  ، عَنْ خَالِدِ بْنِ عُرْفُطَةَ  ، عَنْ حَبِيبِ بْنِ سَالِمٍ  ، عَنِ النُّعْمَانِ بْنِ بَشِيرٍ  ، عَنِ النَّبِيِّ صَلَّى اللَّهُ عَلَيْهِ وَسَلَّمَ نَحْوَهُ","english":{"narrator":"","text":""}},{"id":33,"idInBook":33,"chapterId":13,"bookId":9,"arabic":"أَخْبَرَنَا مَرْوَانُ بْنُ مُحَمَّدٍ الدِّمَشْقِيُّ  ، حَدَّثَنَا ابْنُ وَهْبٍ  ، عَنْ أُسَامَةَ بْنِ زَيْدٍ  ، عَنْ مُحَمَّدِ بْنِ الْمُنَكْدِرِ  ، عَنْ ابْنِ خُزَيْمَةَ بْنِ ثَابِتٍ  ، عَنْ أَبِيهِ  ، قَالَ : قَالَ رَسُولُ اللَّهِ صَلَّى اللَّهُ عَلَيْهِ وَسَلَّمَ :\" مَنْ أُقِيمَ عَلَيْهِ حَدٌّ، غُفِرَ لَهُ ذَلِكَ الذَّنْبُ \"","english":{"narrator":"","text":""}}],"chapter":{"id":13,"bookId":9,"arabic":"وَمِنْ كِتَابِ الْحُدُودِ","english":""}}