{"metadata":{"length":18,"arabic":{"title":"سنن الدارمي","author":"الإمام أبو محمد عبد الرحمن بن عبد الله بن الدارمي","introduction":"وَمِنْ كِتَابِ النُّذُورِ وَالْأَيْمَانِ"},"english":{"title":"Sunan al-Darimi","author":"Imam Abu Muhammad Abd al-Rahman ibn Abd Allah ibn al-Darimi","introduction":""}},"hadiths":[{"id":1,"idInBook":1,"chapterId":14,"bookId":9,"arabic":"أَخْبَرَنَا سَهْلُ بْنُ حَمَّادٍ  ، حَدَّثَنَا شُعْبَةُ  ، عَنْ أَبِي بِشْرٍ  ، عَنْ سَعِيدِ بْنِ جُبَيْرٍ  ، عَنِ ابْنِ عَبَّاسٍ   : أَنَّ امْرَأَةً نَذَرَتْ أَنْ تَحُجَّ فَمَاتَتْ، فَجَاءَ أَخُوهَا إِلَى رَسُولِ اللَّهِ صَلَّى اللَّهُ عَلَيْهِ وَسَلَّمَ فَسَأَلَهُ عَنْ ذَلِكَ، فَقَالَ لَهُ رَسُولُ اللَّهِ صَلَّى اللَّهُ عَلَيْهِ وَسَلَّمَ : \" لَوْ كَانَ عَلَيْهَا دَيْنٌ أَكُنْتَ قَاضِيَهُ؟ \".\nقَالَ : نَعَمْ.\nقَالَ :\" فَاقْضُوا اللَّهَ، فَاللَّهُ أَحَقُّ بِالْوَفَاءِ \"","english":{"narrator":"","text":""}},{"id":2,"idInBook":2,"chapterId":14,"bookId":9,"arabic":"حَدَّثَنَا عَبْدُ اللَّهِ بْنُ سَعِيدٍ  ، حَدَّثَنَا حَفْصٌ  ، حَدَّثَنَا عُبَيْدُ اللَّهِ  ، عَنْ نَافِعٍ  ، عَنْ ابْنِ عُمَرَ  ، عَنْ عُمَرَ  ، قَالَ : قُلْتُ : يَا رَسُولَ اللَّهِ، إِنِّي نَذَرْتُ نَذْرًا فِي الْجَاهِلِيَّةِ، ثُمَّ جَاءَ الْإِسْلَامُ؟ قَالَ :\" فِ بِنَذْرِكَ \"","english":{"narrator":"","text":""}},{"id":3,"idInBook":3,"chapterId":14,"bookId":9,"arabic":"أَخْبَرَنَا جَعْفَرُ بْنُ عَوْنٍ  ، حَدَّثَنَا يَحْيَى بْنُ سَعِيدٍ  ، عَنْ عُبَيْدِ اللَّهِ بْنِ زَحْرٍ  ، عَنْ أَبِي سَعِيدٍ الرُّعَيْنِيّ  ، عَنْ عَبْدِ اللَّهِ بْنِ مَالِكٍ  ، عَنْ عُقْبَةَ بْنِ عَامِرٍ الْجُهَنِيِّ  ، قالَ : نَذَرَتْ أُخْتِي أَنْ تَحُجَّ لِلَّهِ مَاشِيَةً غَيْرَ مُخْتَمِرَةٍ، فَذَكَرْتُ ذَلِكَ لِرَسُولِ اللَّهِ صَلَّى اللَّهُ عَلَيْهِ وَسَلَّمَ، فَقَالَ :\" مُرْ أُخْتَكَ فَلْتَخْتَمِرْ، وَلْتَرْكَبْ، وَلْتَصُمْ ثَلَاثَةَ أَيَّامٍ \"","english":{"narrator":"","text":""}},{"id":4,"idInBook":4,"chapterId":14,"bookId":9,"arabic":"أَخْبَرَنَا أَبُو الْوَلِيدِ الطَّيَالِسِيُّ  ، حَدَّثَنَا هَمَّامٌ  ، أَخْبَرَنِي قَتَادَةُ  ، عَنْ عِكْرِمَةَ  ، عَنِ ابْنِ عَبَّاسٍ   : أَنَّ أُخْتَ عُقْبَةَ نَذَرَتْ أَنْ تَمْشِيَ إِلَى الْبَيْتِ ، فَقَالَ رَسُولُ اللَّهِ صَلَّى اللَّهُ عَلَيْهِ وَسَلَّمَ :\" إِنَّ اللَّهَ لَغَنِيٌّ عَنْ نَذْرِ أُخْتِكَ، لِتَرْكَبْ وَلْتُهْدِ هَدْيًا \"","english":{"narrator":"","text":""}},{"id":5,"idInBook":5,"chapterId":14,"bookId":9,"arabic":"حَدَّثَنَا سَعِيدُ بْنُ مَنْصُورٍ  ، حَدَّثَنَا عَبْدُ الْعَزِيزِ بْنُ مُحَمَّدٍ  ، عَنْ عَمْرِو بْنِ أَبِي عَمْرٍو، عَنْ الْأَعْرَجِ  ، عَنْ أَبِي هُرَيْرَةَ   : أَنَّ رَسُولَ اللَّهِ صَلَّى اللَّهُ عَلَيْهِ وَسَلَّمَ أَدْرَكَ شَيْخًا يَمْشِي بَيْنَ ابْنَيْهِ، فَقَالَ : \" مَا شَأْنُ هَذَا الشَّيْخِ؟ \"، فَقَالَ ابْنَاهُ : نَذَرَ أَنْ يَمْشِيَ، فَقَالَ :\" ارْكَبْ، فَإِنَّ اللَّهَ غَنِيٌّ عَنْكَ وَعَنْ نَذْرِكَ \"","english":{"narrator":"","text":""}},{"id":6,"idInBook":6,"chapterId":14,"bookId":9,"arabic":"أَخْبَرَنَا أَبُو نُعَيْمٍ  ، حَدَّثَنَا حَمَّادُ بْنُ زَيْدٍ  ، عَنْ أَيُّوبَ  ، عَنْ أَبِي قِلَابَةَ  ، عَنْ أَبِي الْمُهَلَّبِ  ، عَنْ عِمْرَانَ بْنِ حُصَيْنٍ  ، قَالَ : قَالَ رَسُولُ اللَّهِ صَلَّى اللَّهُ عَلَيْهِ وَسَلَّمَ :\" لَا وَفَاءَ لِنَذْرٍ فِي مَعْصِيَةِ اللَّهِ، وَلَا فِيمَا لَا يَمْلِكُ ابْنُ آدَمَ \"","english":{"narrator":"","text":""}},{"id":7,"idInBook":7,"chapterId":14,"bookId":9,"arabic":"حَدَّثَنَا خَالِدُ بْنُ مَخْلَدٍ  ، حَدَّثَنَا مَالِكٌ  ، عَنْ طَلْحَةَ بْنِ عَبْدِ الْمَلِكِ الْأَيْلِيِّ  ، عَنْ الْقَاسِمِ بْنِ مُحَمَّدٍ  ، عَنْ عَائِشَةَ  ، قَالَتْ : قَالَ رَسُولُ اللَّهِ صَلَّى اللَّهُ عَلَيْهِ وَسَلَّمَ :\" مَنْ نَذَرَ أَنْ يَطِيعَ اللَّهَ، فَلْيُطِعْهُ، وَمَنْ نَذَرَ أَنْ يَعْصِيَ اللَّهَ، فَلَا يَعْصِهِ \"","english":{"narrator":"","text":""}},{"id":8,"idInBook":8,"chapterId":14,"bookId":9,"arabic":"حَدَّثَنَا حَجَّاجُ بْنُ مِنْهَالٍ  ، حَدَّثَنَا حَمَّادُ بْنُ سَلَمَةَ  ، عَنْ حَبِيبِ بْنِ أَبِي بَقِيَّةَ الْمُعَلِّمِ  ، عَنْ عَطَاءِ بْنِ أَبِي رَبَاحٍ  ، عَنْ جَابِرِ بْنِ عَبْدِ اللَّهِ   : أَنَّ رَجُلًا قَالَ : يَا رَسُولَ اللَّهِ إِنِّي نَذَرْتُ إِنْ فَتَحَ اللَّهُ عَلَيْكَ أَنْ أُصَلِّيَ فِي بَيْتِ الْمَقْدِسِ؟ فَقَالَ :\" صَلِّ هَاهُنَا \".\nفَأَعَادَ عَلَيْهِ ثَلَاثَ مَرَّاتٍ، فَقَالَ النَّبِيُّ صَلَّى اللَّهُ عَلَيْهِ وَسَلَّمَ : \" شَأْنُكَ إِذَنْ \"","english":{"narrator":"","text":""}},{"id":9,"idInBook":9,"chapterId":14,"bookId":9,"arabic":"أَخْبَرَنَا عَمْرُو بْنُ عَوْنٍ  ، أَخْبَرَنَا أَبُو عَوَانَةَ  ، عَنْ مَنْصُورٍ  ، عَنْ عَبْدِ اللَّهِ بْنِ مُرَّةَ  ،  عَنِ ابْنِ عُمَرَ  ، قَالَ : قَالَ رَسُولُ اللَّهِ :\" إِنَّ النَّذْرَ لَا يَرُدُّ شَيْئًا، وَإِنَّمَا يُسْتَخْرَجُ بِهِ مِنَ الشَّحِيحِ \"","english":{"narrator":"","text":""}},{"id":10,"idInBook":10,"chapterId":14,"bookId":9,"arabic":"أَخْبَرَنَا الْحَكَمُ بْنُ الْمُبَارَكِ  ، حَدَّثَنَا مَالِكُ بْنُ أَنَسٍ  ، عَنْ نَافِعٍ  ، عَنِ ابْنِ عُمَرَ   : أَنّ رَسُولَ اللَّهِ صَلَّى اللَّهُ عَلَيْهِ وَسَلَّمَ أَدْرَكَ عُمَرَ بْنَ الْخَطَّابِ وَهُوَ يَسِيرُ فِي رَكْبٍ، وَهُوَ يَحْلِفُ بِأَبِيه، فَقَالَ رَسُولُ اللَّهِ صَلَّى اللَّهُ عَلَيْهِ وَسَلَّمَ :\" إِنَّ اللَّهَ يَنْهَاكُمْ أَنْ تَحْلِفُوا بِآبَائِكُمْ، فَمَنْ كَانَ حَالِفًا، فَلْيَحْلِفْ بِاللَّهِ، أَوْ لِيَصْمُتْ \"","english":{"narrator":"","text":""}},{"id":11,"idInBook":11,"chapterId":14,"bookId":9,"arabic":"أَخْبَرَنَا أَبُو الْوَلِيدِ الطَّيَالِسِيُّ  ، حَدَّثَنَا حَمَّادُ بْنُ سَلَمَةَ  ، عَنْ أَيُّوبَ  ، عَنِ نَافِعٍ  ، عَنِ ابْنِ عُمَرَ  ، عَنْ النَّبِيِّ صَلَّى اللَّهُ عَلَيْهِ وَسَلَّمَ، قَالَ :\" مَنْ حَلَفَ عَلَى يَمِينٍ، ثُمَّ قَالَ : إِنْ شَاءَ اللَّهُ، فَقَدِ اسْتَثْنَى \"","english":{"narrator":"","text":""}},{"id":12,"idInBook":12,"chapterId":14,"bookId":9,"arabic":"أَخْبَرَنَا حَجَّاجٌ  ، حَدَّثَنَا حَمَّادُ بْنُ سَلَمَةَ  ، حَدَّثَنَا أَيُّوبُ  ، عَنْ نَافِعٍ  ، عَنِ ابْنِ عُمَرَ   : أَنَّ رَسُولَ اللَّهِ صَلَّى اللَّهُ عَلَيْهِ وَسَلَّمَ، قَالَ :\" مَنْ حَلَفَ عَلَى يَمِينٍ، ثُمَّ قَالَ : إِنْ شَاءَ اللَّهُ، فَهُوَ بِالْخِيَارِ : إِنْ شَاءَ فَعَلَ، وَإِنْ شَاءَ لَمْ يَفْعَلْ \"","english":{"narrator":"","text":""}},{"id":13,"idInBook":13,"chapterId":14,"bookId":9,"arabic":"أَخْبَرَنَا عَبْدُ اللَّهِ بْنُ صَالِحٍ  ، حَدَّثَنِي اللَّيْثُ  ، حَدَّثَنِي يُونُسُ  ، عَنْ ابْنِ شِهَابٍ  ، عَنْ عُبَيْدِ اللَّهِ بْنِ عَبْدِ اللَّهِ  ، عَنِ ابْنِ عَبَّاسٍ   : أَنّ النَّبِيَّ صَلَّى اللَّهُ عَلَيْهِ وَسَلَّمَ، قَالَ لِأَبِي بَكْرٍ : \"لَا تُقْسِمْ \".\nقَالَ أَبُو مُحَمَّدٍ : الْحَدِيثُ فِيهِ طُولٌ","english":{"narrator":"","text":""}},{"id":14,"idInBook":14,"chapterId":14,"bookId":9,"arabic":"أَخْبَرَنَا أَبُو الْوَلِيدِ الطَّيَالِسِيُّ  ، حَدَّثَنَا شُعْبَةُ  ، عَنْ عَمْرٍو هُوَ : ابْنُ مُرَّةَ  ، قَالَ : سَمِعْتُ رَجُلًا يُقَالُ لَهُ : عَبْدُ اللَّهِ بْنُ عَمْرٍو  زَمَنَ الْجَمَاجِمِ يُحَدِّثُ، قَالَ : سَأَلَ رَجُلٌ عَدِيَّ بْنَ حَاتِمٍ  ، فَحَلَفَ أَنْ لَا يُعْطِيَهُ شَيْئًا، ثُمَّ قَالَ : لَوْلَا أَنِّي سَمِعْتُ رَسُولَ اللَّهِ صَلَّى اللَّهُ عَلَيْهِ وَسَلَّمَ، يَقُولُ :\" مَنْ حَلَفَ عَلَى يَمِينٍ، فَرَأَى غَيْرَهَا خَيْرًا مِنْهَا، فَلْيَأْتِ الَّذِي هُوَ خَيْرٌ، وَلْيُكَفِّرْ عَنْ يَمِينِهِ \"","english":{"narrator":"","text":""}},{"id":15,"idInBook":15,"chapterId":14,"bookId":9,"arabic":"أَخْبَرَنَا مُحَمَّدُ بْنُ الْفَضْلِ  ، حَدَّثَنَا جَرِيرُ بْنُ حَازِمٍ  ، حَدَّثَنَا الْحَسَنُ  ، حَدَّثَنَا عَبْدُ الرَّحْمَنِ بْنُ سَمُرَةَ  ، قَالَ : قَالَ رَسُولُ اللَّهِ صَلَّى اللَّهُ عَلَيْهِ وَسَلَّمَ : \" يَا عَبْدَ الرَّحْمَنِ بْنَ سَمُرَةَ،لَا تَسْأَلِ الْإِمَارَةَ فَإِنَّكَ إِنْ أُعْطِيتَهَا عَنْ مَسْأَلَةٍ، وُكِلْتَ إِلَيْهَا، وَإِنْ أُعْطِيتَهَا عِنْ غَيْرِ مَسْأَلَةٍ، أُعِنْتَ عَلَيْهَا.\nفَإِذَا حَلَفْتَ عَلَى يَمِينٍ فَرَأَيْتَ غَيْرَهَا خَيْرًا مِنْهَا، فَكَفِّرْ عَنْ يَمِينِكَ وَأْتِ الَّذِي هُوَ خَيْرٌ \".\nأَخْبَرَنَا مُحَمَّدُ بْنُ يُوسُفَ، حَدَّثَنَا مُحَمَّدُ بْنُ يُوسُفَ  ، سُفْيَانُ  ، عَنْ يُونُسَ  ، عَنْ الْحَسَنِ  ، عَنْ عَبْدِ الرَّحْمَنِ بْنِ سَمُرَةَ  ، قَالَ : قَالَ رَسُولُ اللَّهِ صَلَّى اللَّهُ عَلَيْهِ وَسَلَّمَ :.\n..\n..\n..\nفَذَكَرَ نَحْوَ الْحَدِيثِ","english":{"narrator":"","text":""}},{"id":16,"idInBook":16,"chapterId":14,"bookId":9,"arabic":"أَخْبَرَنَا أَبُو الْوَلِيدِ الطَّيَالِسِيُّ  ، حَدَّثَنَا حَمَّادُ بْنُ سَلَمَةَ  ، عَنْ مُحَمَّدِ بْنِ عَمْرٍو  ، عَنْ أَبِي سَلَمَةَ  ، عَنِ الشَّرِيدِ  ، قَالَ : أَتَيْتُ النَّبِيَّ صَلَّى اللَّهُ عَلَيْهِ وَسَلَّمَ، فَقُلْتُ : إِنَّ عَلَى أُمِّي رَقَبَةً، وَإِنَّ عِنْدِي جَارِيَةً سَوْدَاءَ نُوبِيَّةً، أَفَتُجْزِئُ عَنْهَا؟.\nقَالَ : \" ادْعُ بِهَا \"، فَقَالَ :\" أَتَشْهَدِينَ أَنْ لَا إِلَهَ إِلَّا اللَّهُ؟ \"، قَالَتْ : نَعَمْ.\nقَالَ : \" أَعْتِقْهَا، فَإِنَّهَا مُؤْمِنَةٌ \"","english":{"narrator":"","text":""}},{"id":17,"idInBook":17,"chapterId":14,"bookId":9,"arabic":"أَخْبَرَنَا عُثْمَانُ بْنُ مُحَمَّدٍ  ، حَدَّثَنَا هُشَيْمٌ  ، أَخْبَرَنَا عَبْدُ اللَّهِ بْنُ أَبِي صَالِحٍ  ، عَنْ أَبِيهِ  ، عَنْ أَبِي هُرَيْرَةَ  ، قَالَ : قَالَ رَسُولُ اللَّهِ صَلَّى اللَّهُ عَلَيْهِ وَسَلَّمَ :\" يَمِينُكَ عَلَى مَا يُصَدَّ قُكَ بِهِ صَاحِبُكَ \"","english":{"narrator":"","text":""}},{"id":18,"idInBook":18,"chapterId":14,"bookId":9,"arabic":"أَخْبَرَنَا عُبَيْدُ اللَّهِ بْنُ مُوسَى  ، عَنْ سُفْيَانَ  ، عَنْ مُوسَى بْنِ عُقْبَةَ  ، عَنْ سَالِمٍ  ، عَنِ ابْنِ عُمَرَ  ، قَالَ : كَانَتْ يَمِينُ رَسُولِ اللَّهِ صَلَّى اللَّهُ عَلَيْهِ وَسَلَّمَ الَّتِي يَحْلِفُ بِهَا\" لَا وَمُقَلِّبِ الْقُلُوبِ \"","english":{"narrator":"","text":""}}],"chapter":{"id":14,"bookId":9,"arabic":"وَمِنْ كِتَابِ النُّذُورِ وَالْأَيْمَانِ","english":""}}