{"metadata":{"length":38,"arabic":{"title":"سنن الدارمي","author":"الإمام أبو محمد عبد الرحمن بن عبد الله بن الدارمي","introduction":"وَمِنْ كِتَابِ الدِّيَاتِ"},"english":{"title":"Sunan al-Darimi","author":"Imam Abu Muhammad Abd al-Rahman ibn Abd Allah ibn al-Darimi","introduction":""}},"hadiths":[{"id":1,"idInBook":1,"chapterId":15,"bookId":9,"arabic":"أَخْبَرَنَا يَزِيدُ بْنُ هَارُونَ  ، أَخْبَرَنَا مُحَمَّدُ بْنُ إِسْحَاق  ، عَنْ الْحَارِثِ بْنِ فُضَيْلٍ  ، عَنْ سُفْيَانَ بْنِ أَبِي الْعَوْجَاءِ السُّلَمِيِّ  ، عَنْ أَبِي شُرَيْحٍ الْخُزَاعِيِّ  ، قَالَ : سَمِعْتُ رَسُولَ اللَّهِ صَلَّى اللَّهُ عَلَيْهِ وَسَلَّمَ، يَقُولُ :\" مَنْ أُصِيبَ بِدَمٍ أَوْ خَبْلٍ وَالْخَبْلُ : الْجُرْحُ فَهُوَ بِالْخِيَارِ بَيْنَ إِحْدَى ثَلَاثٍ : فَإِنْ أَرَادَ الرَّابِعَةَ، فَخُذُوا عَلَى يَدَيْهِ : بَيْنَ أَنْ يَقْتَصَّ أَوْ يَعْفُوَ، أَوْ يَأْخُذَ الْعَقْلَ فَإِنْ أَخَذَ مِنْ ذَلِكَ شَيْئًا ثُمَّ عَدَا بَعْدَ ذَلِكَ، فَلَهُ النَّارُ خَالِدًا فِيهَا مُخَلَّدًا \"","english":{"narrator":"","text":""}},{"id":2,"idInBook":2,"chapterId":15,"bookId":9,"arabic":"أَخْبَرَنَا الْحَكَمُ بْنُ مُوسَى  ، حَدَّثَنَا يَحْيَى بْنُ حَمْزَةَ  ، عَنْ سُلَيْمَانَ بْنِ دَاوُدَ  ، حَدَّثَنِي الزُّهْرِيُّ  ، عَنْ أَبِي بَكْرِ بْنِ مُحَمَّدِ بْنِ عَمْرِو بْنِ حَزْمٍ  ، عَنْ أَبِيهِ  ، عَنْ جَدِّهِ   : أَنّ رَسُولَ اللَّهِ صَلَّى اللَّهُ عَلَيْهِ وَسَلَّمَ كَتَبَ إِلَى أَهْلِ الْيَمَنِ ، وَكَانَ فِي كِتَابِهِ :\" أَنَّ مَنْ اعْتَبَطَ مُؤْمِنًا قَتْلًا عَنْ بَيِّنَةٍ فَإِنَّهُ قَوَدُ يَديِهِ إِلَّا أَنْ يَرْضَى أَوْلِيَاءُ الْمَقْتُولِ \".\n قَالَ أَبُو مُحَمَّدٍ : اعْتَبَطَ : قَتَلَ مِنْ غَيْرِ عِلَّةٍ","english":{"narrator":"","text":""}},{"id":3,"idInBook":3,"chapterId":15,"bookId":9,"arabic":"حَدَّثَنَا مُحَمَّدُ بْنُ عَبْدِ اللَّهِ الرَّقَاشِيُّ  ، حَدَّثَنَا يَزِيدُ بْنُ زُرَيْعٍ  ، حَدَّثَنَا مُحَمَّدُ بْنُ إِسْحَاق  ، حَدَّثَنَا بُشَيْرُ بْنُ يَسَارٍ  ، عَنْ سَهْلِ بْنِ أَبِي حَثْمَةَ  ، قَالَ : خَرَجَ عَبْدُ اللَّهِ بْنُ سَهْلِ بْنِ أَبي حَثْمَةَ أَحَدُ بَنِي حَارِثَةَ إِلَى خَيْبَرَ مَعَ نَفَرٍ مِنْ قَوْمِهِ يُرِيدُونَ الْمِيرَةَ بِخَيْبَرَ ، قَالَ : فَعُدِيَ عَلَى عَبْدِ اللَّهِ، فَقُتِلَ : فَتُلَّتْ عُنُقُهُ حَتَّى نُخَعَ ثُمَّ طُرِحَ فِي مَنْهَلٍ مِنْ مَنَاهِلِ خَيْبَرَ ، فَاسْتُصْرِخَ عَلَيْهِ أَصْحَابُهُ، فَاسْتَخْرَجُوهُ فَغَيَّبُوهُ، ثُمَّ قَدِمُوا عَلَى رَسُولِ اللَّهِ صَلَّى اللَّهُ عَلَيْهِ وَسَلَّمَ الْمَدِينَةَ ، فَتَقَدَّمَ أَخُوهُ عَبْدُ الرَّحْمَنِ بْنُ سَهْلٍ وَكَانَ ذَا قِدَمٍ مَعَ رَسُولِ اللَّهِ صَلَّى اللَّهُ عَلَيْهِ وَسَلَّمَ وَابْنَا عَمِّهِ مَعَهُ : حُوَيِّصَةُ بْنُ مَسْعُودٍ وَمُحَيِّصَةُ، فَتَكَلَّمَ عَبْدُ الرَّحْمَنِ وَكَانَ أَحْدَثَهُمْ سِنًّا، وَهُوَ صَاحِبُ الدَّمِ وَذَا قَدَمٍ فِي الْقَوْمِ فَلَمَّا تَكَلَّمَ، قَالَ رَسُولُ اللَّهِ صَلَّى اللَّهُ عَلَيْهِ وَسَلَّمَ : \" الْكُبْرَ الْكُبْرَ \".\nقَالَ : فَاسْتَأْخَرَ فَتَكَلَّمَ حُوَيِّصَةُ وَمُحَيِّصَةُ، ثُمَّ هُوَ، فَقَالَ رَسُولُ اللَّهِ صَلَّى اللَّهُ عَلَيْهِ وَسَلَّمَ :\" تُسَمُّونَ قَاتِلَكُمْ، ثُمَّ تَحْلِفُونَ عَلَيْهِ خَمْسِينَ يَمِينًا، ثُمَّ نُسَلِّمُهُ إِلَيْكُمْ \".\nقَالُوا : يَا رَسُولَ اللَّهِ، مَا كُنَّا لِنَحْلِفَ عَلَى مَا لَا نَعْلَمُ، مَا نَدْرِي مَنْ قَتَلَهُ، إِلَّا أَنَّ اليَهُودَ عَدُوُّنَا، وَبَيْنَ أَظْهُرِهِمْ قُتِلَ.\nقَالَ : \" فَيَحْلِفُونَ لَكُمْ بِاللَّهِ إِنَّهُمْ لَبُرَاءُ مِنْ دَمِ صَاحِبِكُمْ، ثُمَّ يَبْرَءُونَ مِنْهُ \".\nقَالُوا : مَا كُنَّا لِنَقْبَلَ أَيْمَانَ يَهُودَ، مَا فِيهِمْ أَكْثَرُ مِنْ أَنْ يَحْلِفُوا عَلَى إِثْمٍ.\nقَالَ : فَوَدَاهُ رَسُولُ اللَّهِ صَلَّى اللَّهُ عَلَيْهِ وَسَلَّمَ مِنْ عِنْدِهِ بِمِائَةِ نَاقَةٍ","english":{"narrator":"","text":""}},{"id":4,"idInBook":4,"chapterId":15,"bookId":9,"arabic":"أَخْبَرَنَا الْحَكَمُ بْنُ مُوسَى  ، حَدَّثَنَا يَحْيَى بْنُ حَمْزَةَ  ، عَنْ سُلَيْمَانَ بْنِ دَاوُدَ  ، حَدَّثَنِي الزُّهْرِيُّ  ، عَنْ أَبِي بَكْرِ بْنِ مُحَمَّدِ بْنِ عَمْرِو بْنِ حَزْمٍ  ، عَنْ أَبِيهِ  ، عَنْ جَدِّهِ   : أَنّ رَسُولَ اللَّهِ صَلَّى اللَّهُ عَلَيْهِ وَسَلَّمَ كَتَبَ إِلَى أَهْلِ الْيَمَنِ وَكَانَ فِي كِتَابِهِ :\" أَنَّ الرَّجُلَ يُقْتَلُ بِالْمَرْأَةِ \"","english":{"narrator":"","text":""}},{"id":5,"idInBook":5,"chapterId":15,"bookId":9,"arabic":"أَخْبَرَنَا عَفَّانُ  ، حَدَّثَنَا هَمَّامٌ  ، حَدَّثَنَا قَتَادَةُ  ، عَنْ أَنَسٍ   : أَنَّ جَارِيَةً رُضَّ رَأْسُهَا بَيْنَ حَجَرَيْنِ، فَقِيلَ لَهَا : مَنْ فَعَلَ بِكِ هَذَا أَفُلَانٌ، أَفُلَانٌ؟ حَتَّى سُمِّيَ الْيَهُودِيُّ، فَأَوْمَأَتْ بِرَأْسِهَا، فَبُعِثَ إِلَيْهِ فَجِيءَ بِهِ، فَاعْتَرَفَ،\" فَأَمَرَ بِهِ النَّبِيُّ صَلَّى اللَّهُ عَلَيْهِ وَسَلَّمَ فَرُضَّ رَأْسُهُ بَيْنَ حَجَرَيْنِ \"","english":{"narrator":"","text":""}},{"id":6,"idInBook":6,"chapterId":15,"bookId":9,"arabic":"أَخْبَرَنَا إِسْحَاق  ، أَخْبَرَنَا جَرِيرٌ  ، عَنْ مُطَرِّفٍ  ، عَنْ الشَّعْبِيِّ  ، عَنْ أَبِي جُحَيْفَةَ  ، قَالَ : قُلْتُ لِعَلِيٍّ   : يَا أَمِيرَ الْمُؤْمِنِينَ، هَلْ عَلِمْتَ شَيْئًا مِنَ الْوَحْيِ إِلَّا مَا فِي كِتَابِ اللَّهِ تَعَالَى؟.\nقَالَ : \" لَا وَالَّذِي فَلَقَ الْحَبَّةَ وَبَرَأَ النَّسَمَةَ،مَا أَعْلَمُهُ إِلَّا فَهْمًا يُعْطِيهِ اللَّهُ الرَّجُلَ فِي الْقُرْآنِ، وَمَا فِي الصَّحِيفَةِ \".\nقُلْتُ : وَمَا فِي الصَّحِيفَةِ؟.\nقَالَ : \" الْعَقْلُ، وَفِكَاكُ الْأَسِيرِ، وَلَا يُقْتَلُ مُسْلِمٌ بِمُشْرِكٍ \"","english":{"narrator":"","text":""}},{"id":7,"idInBook":7,"chapterId":15,"bookId":9,"arabic":"أَخْبَرَنَا جَعْفَرُ بْنُ عَونٍ  ، عَنْ إِسْمَاعِيل بْنِ مُسْلِمٍ  ، عَنْ عَمْرِو بْنِ دِينَارٍ  ، عَنْ طَاوُسٍ  ، عَنِ ابْنِ عَبَّاسٍ  ، قَالَ : قَالَ النَّبِيُّ صَلَّى اللَّهُ عَلَيْهِ وَسَلَّمَ :\" لَا تُقَامُ الْحُدُودُ فِي الْمَسَاجِدِ، وَلَا يُقَادُ بِالْوَلَدِ الْوَالِدُ \"","english":{"narrator":"","text":""}},{"id":8,"idInBook":8,"chapterId":15,"bookId":9,"arabic":"أَخْبَرَنَا سَعِيدُ بْنُ عَامِرٍ  ، عَنْ شُعْبَةَ  ، عَنْ قَتَادَةَ  ، عَنْ الْحَسَنِ  ، عَنْ سَمُرَةَ بْنِ جُنْدُبٍ   : أَنّ رَسُولَ اللَّهِ صَلَّى اللَّهُ عَلَيْهِ وَسَلَّمَ، قَالَ :\" مَنْ قَتَلَ عَبْدَهُ قَتَلْنَاهُ، وَمَنْ جَدَعَهُ، جَدَعْنَاهُ \".\nقَالَ : ثُمَّ نَسِيَ الْحَسَنُ هَذَا الْحَدِيثَ، وَكَانَ يَقُولُ : لَا يُقْتَلُ حُرٌّ بِعَبْدٍ","english":{"narrator":"","text":""}},{"id":9,"idInBook":9,"chapterId":15,"bookId":9,"arabic":"أَخْبَرَنَا أَحْمَدُ بْنُ عَبْدِ اللَّهِ الْهَمْدَانِيُّ  ، حَدَّثَنَا أَبُو أُسَامَةَ  ، عَنْ عَوْفٍ  ، عَنْ حَمْزَةَ أَبِي عُمَرَ  ، عَنْ عَلْقَمَةَ بْنِ وَائِلٍ الْحَضْرَمِيِّ  ، عَنْ أَبِيهِ وَائِلِ بْنِ حُجْرٍ  ، قَالَ : شَهِدْتُ النَّبِيَّ صَلَّى اللَّهُ عَلَيْهِ وَسَلَّمَ حِينَ أُتِيَ بِالرَّجُلِ الْقَاتِلِ يُقَادُ فِي نِسْعَةٍ، فَقَالَ رَسُولُ اللَّهِ صَلَّى اللَّهُ عَلَيْهِ وَسَلَّمَ لِوَلِيِّ الْمَقْتُولِ : \" أَتَعْفُو؟ \".\nقَالَ : لَا.\nقَالَ : \" فَتَأْخُذُ الدِّيَةَ؟ \".\nقَالَ : لَا.\nقَالَ : \" فَتَقْتُلُهُ؟ \".\nقَالَ : نَعَمْ.\nقَالَ رَسُولُ اللَّهِ صَلَّى اللَّهُ عَلَيْهِ وَسَلَّمَ :\" إِنَّكَ إِنْ عَفَوْتَ عَنْهُ، فَإِنَّهُ يَبُوءُ بِإِثْمِكَ وَإِثْمِ صَاحِبِكَ \".\nقَالَ : فَتَرَكَهُ، قَالَ : فَأَنَا رَأَيْتُهُ يَجُرُّ نِسْعَتَهُ، قَدْ عَفَا عَنْهُ","english":{"narrator":"","text":""}},{"id":10,"idInBook":10,"chapterId":15,"bookId":9,"arabic":"أَخْبَرَنَا مُحَمَّدُ بْنُ بَشَّارٍ  ، حَدَّثَنَا مُحَمَّدُ بْنُ جَعْفَرٍ  ، حَدَّثَنَا شُعْبَةُ  ، عَنْ فِرَاسٍ  ، عَنْ الشَّعْبِيِّ  ، عَنْ عَبْدِ اللَّهِ بْنِ عَمْرٍو  ، عَنِ النَّبِيِّ صَلَّى اللَّهُ عَلَيْهِ وَسَلَّمَ، قَالَ :\" الْكَبَائِرُ : الْإِشْرَاكُ بِاللَّهِ، وَعُقُوقُ الْوَالِدَيْنِ، وَقَتْلُ النَّفْسِ شُعْبَةُ الشَّاكُّ أَوْ الْيَمِينُ الْغَمُوسُ \"","english":{"narrator":"","text":""}},{"id":11,"idInBook":11,"chapterId":15,"bookId":9,"arabic":"حَدَّثَنَا وَهْبُ بْنُ جَرِيرٍ  ، حَدَّثَنَا هِشَامٌ  ، عَنْ يَحْيَى  ، عَنْ أَبِي قِلَابَةَ  ، عَنْ ثَابِتِ بْنِ الضَّحَّاكِ   : أَنّ رَسُولَ اللَّهِ صَلَّى اللَّهُ عَلَيْهِ وَسَلَّمَ، قَالَ :\" لَعْنُ الْمُؤْمِنِ كَقَتْلِهِ، وَمَنْ قَتَلَ نَفْسَهُ بِشَيْءٍ فِي الدُّنْيَا، عُذِّبَ بِهِ يَوْمَ الْقِيَامَةِ \"","english":{"narrator":"","text":""}},{"id":12,"idInBook":12,"chapterId":15,"bookId":9,"arabic":"حَدَّثَنَا يَعْلَى بْنُ عُبَيْدٍ  ، حَدَّثَنَا الْأَعْمَشُ  ، عَنْ أَبِي صَالِحٍ  ، عَنْ أَبِي هُرَيْرَةَ  ، قَالَ : قَالَ رَسُولُ اللَّهِ صَلَّى اللَّهُ عَلَيْهِ وَسَلَّمَ :\" مَنْ قَتَلَ نَفْسَهُ بِحَدِيدَةٍ فَحَدِيدَتُهُ فِي يَدِهِ يَتَوَجَّأُ بِهَا فِي بَطْنِهِ فِي نَارِ جَهَنَّمَ خَالِدًا مُخَلَّدًا فِيهَا أَبَدًا، وَمَنْ قَتَلَ نَفْسَهُ بِسَمٍّ فَسُمُّهُ فِي يَدِهِ يَتَحَسَّاهُ فِي نَارِ جَهَنَّمَ خَالِدًا مُخَلَّدًا فِيهَا أَبَدًا، وَمَنْ تَرَدَّى مِنْ جَبَلٍ فَقَتَلَ نَفْسَهُ، فَهُوَ يَتَرَدَّى فِي نَارِ جَهَنَّمَ خَالِدًا مُخَلَّدًا فِيهَا أَبَدًا \"","english":{"narrator":"","text":""}},{"id":13,"idInBook":13,"chapterId":15,"bookId":9,"arabic":"حَدَّثَنَا مُعَاذُ بْنُ هَانِئٍ  ، حَدَّثَنَا مُحَمَّدُ بْنُ مُسْلِمٍ  ، حَدَّثَنَا عَمْرُو بْنُ دِينَارٍ  ، عَنْ عِكْرِمَةَ  ، عَنِ ابْنِ عَبَّاسٍ  ، قالَ : قَتَلَ رَجُلٌ رَجُلًا عَلَى عَهْدِ رَسُولِ اللَّهِ صَلَّى اللَّهُ عَلَيْهِ وَسَلَّمَ\" فَجَعَلَ النَّبِيُّ صَلَّى اللَّهُ عَلَيْهِ وَسَلَّمَ دِيَتَهُ اثْنَيْ عَشَرَ أَلْفًا فَذَلِكَ قَوْلُهُ : # يَحْلِفُونَ بِاللَّهِ مَا قَالُوا وَلَقَدْ قَالُوا كَلِمَةَ الْكُفْرِ وَكَفَرُوا بَعْدَ إِسْلامِهِمْ وَهَمُّوا بِمَا لَمْ يَنَالُوا وَمَا نَقَمُوا إِلا أَنْ أَغْنَاهُمُ اللَّهُ وَرَسُولُهُ مِنْ فَضْلِهِ سورة التوبة آية 74 # بِأَخْذِهِمُ الدِّيَةَ \"","english":{"narrator":"","text":""}},{"id":14,"idInBook":14,"chapterId":15,"bookId":9,"arabic":"حَدَّثَنَا الْحَكَمُ بْنُ مُوسَى  ، حَدَّثَنَا يَحْيَى بْنُ حَمْزَةَ  ، عَنْ سُلَيْمَانَ بْنِ دَاوُدَ  ، قَالَ : حَدَّثَنِي الزُّهْرِيُّ  ، عَنْ أَبِي بَكْرِ بْنِ مُحَمَّدِ بْنِ عَمْرِو بْنِ حَزْمٍ  ، عَنْ أَبِيهِ  ، عَنْ جَدِّهِ   : أَنَّ رَسُولَ اللَّهِ صَلَّى اللَّهُ عَلَيْهِ وَسَلَّمَ كَتَبَ إِلَى أَهْلِ الْيَمَنِ :\" وَعَلَى أَهْلِ الذَّهَبِ أَلْفُ دِينَارٍ \"","english":{"narrator":"","text":""}},{"id":15,"idInBook":15,"chapterId":15,"bookId":9,"arabic":"أَخْبَرَنَا الْحَكَمُ بْنُ مُوسَى  ، حَدَّثَنَا يَحْيَى بْنُ حَمْزَةَ  ، عَنْ سُلَيْمَانَ بْنِ دَاوُدَ  ، قَالَ : حَدَّثَنِي الزُّهْرِيُّ  ، عَنْ أَبِي بَكْرِ بْنِ مُحَمَّدِ بْنِ عَمْرِو بْنِ حَزْمٍ  ، عَنْ أَبِيهِ  ، عَنْ جَدِّهِ   : أَنّ رَسُولَ اللَّهِ صَلَّى اللَّهُ عَلَيْهِ وَسَلَّمَ كَتَبَ إِلَى أَهْلِ الْيَمَنِ :\" بِسْمِ اللَّهِ الرَّحْمَنِ الرَّحِيمِ : مِنْ مُحَمَّدٍ النَّبِيِّ صَلَّى اللَّهُ عَلَيْهِ وَسَلَّمَ إِلَى شُرَحْبِيلَ بْنِ عَبْدِ كُلَالٍ، وَالْحَارِثِ بْنِ عَبْدِ كُلَالٍ، وَنُعَيْمِ بْنِ عَبْدِ كُلَالٍ قِيَلِ ذِي رُعَيْنٍ وَمُعَافِرَ، وَهَمَدَانَ فَكَانَ فِي كِتَابِهِ : وَإِنَّ فِي النَّفْسِ الدِّيَةَ : مِائَةٌ مِنَ الْإِبِلِ \"","english":{"narrator":"","text":""}},{"id":16,"idInBook":16,"chapterId":15,"bookId":9,"arabic":"حَدَّثَنَا الْحَكَمُ بْنُ مُوسَى  ، حَدَّثَنَا يَحْيَى بْنُ حَمْزَةَ  ، عَنْ سُلَيْمَانَ بْنِ دَاوُدَ  ، حَدَّثَنِي الزُّهْرِيُّ  ، عَنْ أَبِي بَكْرِ بْنِ مُحَمَّدِ بْنِ عَمْرِو بْنِ حَزْمٍ  ، عَنْ أَبِيهِ  ، عَنْ جَدِّهِ   : أَنّ رَسُولَ اللَّهِ صَلَّى اللَّهُ عَلَيْهِ وَسَلَّمَ كَتَبَ إِلَى أَهْلِ الْيَمَنِ ، وَكَانَ فِي كِتَابِهِ :\" وَفِي الْأَنْفِ إِذَا أُوعِبَ جَدْعُهُ الدِّيَةُ، وَفِي اللِّسَانِ الدِّيَةُ، وَفِي الشَّفَتَيْنِ الدِّيَةُ، وَفِي الْبَيْضَتَيْنِ الدِّيَةُ، وَفِي الذَّكَرِ الدِّيَةُ، وَفِي الصُّلْبِ الدِّيَةُ، وَفِي الْعَيْنَيْنِ الدِّيَةُ، وَفِي الرِّجْلِ الْوَاحِدَةِ نِصْفُ الدِّيَةِ، وَفِي الْمَأْمُومَةِ ثُلُثُ الدِّيَةِ، وَفِي الْجَائِفَةِ ثُلُثُ الدِّيَةِ، وَفِي الْمُنَقِّلَةِ خَمْسَ عَشَرَةَ مِنَ الْإِبِلِ \"","english":{"narrator":"","text":""}},{"id":17,"idInBook":17,"chapterId":15,"bookId":9,"arabic":"أَخْبَرَنَا عَبْدُ اللَّهِ بْنُ سَعِيدٍ  ، حَدَّثَنَا أَبُو مُعَاوِيَةَ  ، عَنْ حَجَّاجٍ  ، عَنْ زَيْدِ بْنِ جُبَيْرٍ  ، عَنْ خِشْفِ بْنِ مَالِكٍ  ، عَنْ عَبْدِ اللَّهِ   : أَنّ رَسُولَ اللَّهِ صَلَّى اللَّهُ عَلَيْهِ وَسَلَّمَ\" جَعَلَ الدِّيَةَ فِي الْخَطَإِ أَخْمَاسًا \"","english":{"narrator":"","text":""}},{"id":18,"idInBook":18,"chapterId":15,"bookId":9,"arabic":"أَخْبَرَنَا مُحَمَّدُ بْنُ يَزِيدَ الرِّفَاعِيُّ  ، حَدَّثَنَا مُعَاذُ بْنُ هِشَامٍ  ، عَنْ أَبِيهِ  ، عَنْ قَتَادَةَ  ، عَنْ أَبِي نَضْرَةَ  ، عَنْ عِمْرَانَ بْنِ حُصَيْنٍ   :\" أَنَّ عَبْدًا لِأُنَاسٍ فُقَرَاءَ، قَطَعَ يَدَ غُلَامٍ لِأُنَاسٍ أَغْنِيَاءَ.\nفَأَتَى أَهْلُهُ النَّبِيَّ صَلَّى اللَّهُ عَلَيْهِ وَسَلَّمَ، فَقَالُوا : يَا رَسُولَ اللَّهِ، إِنَّهُ لِأُنَاسٍ فُقَرَاءَ؟ فَلَمْ يَجْعَلْ عَلَيْهِ النَّبِيُّ صَلَّى اللَّهُ عَلَيْهِ وَسَلَّمَ شَيْئًا \"","english":{"narrator":"","text":""}},{"id":19,"idInBook":19,"chapterId":15,"bookId":9,"arabic":"أَخْبَرَنَا أَبُو الْوَلِيدِ  ، حَدَّثَنَا شُعْبَةُ  ، عَنْ غَالِبٍ التَّمَّارِ  ، عَنْ مَسْرُوقِ بْنِ أَوْسٍ  ، عَنْ أَبِي مُوسَى الْأَشْعَرِيِّ  ، عَنِ النَّبِيِّ صَلَّى اللَّهُ عَلَيْهِ وَسَلَّمَ، قَالَ :\" الْأَصَابِعُ سَوَاءٌ \"، قَالَ : فَقُلْتُ : عَشْرٌ عَشْرٌ؟، قَالَ : \" نَعَمْ \"","english":{"narrator":"","text":""}},{"id":20,"idInBook":20,"chapterId":15,"bookId":9,"arabic":"حَدَّثَنَا أَبُو نُعَيْمٍ  ، حَدَّثَنَا شُعْبَةُ  ، عَنْ قَتَادَةَ  ، عَنْ عِكْرِمَةَ  ، عَنِ ابْنِ عَبَّاسٍ  ، عَنِ النَّبِيِّ صَلَّى اللَّهُ عَلَيْهِ وَسَلَّمَ، قَالَ :\" هَذَا وَهَذَا سَوَاء، وَقَالَ : بِخِنْصِرِهِ وَإِبْهَامِهِ \"","english":{"narrator":"","text":""}},{"id":21,"idInBook":21,"chapterId":15,"bookId":9,"arabic":"حَدَّثَنَا الْحَكَمُ بْنُ مُوسَى  ، حَدَّثَنَا يَحْيَى بْنُ حَمْزَةَ  ، عَنْ سُلَيْمَانَ بْنِ دَاوُدَ  ، حَدَّثَنِي الزُّهْرِيُّ  ، حَدَّثَنِي أَبُو بَكْرِ بْنُ مُحَمَّدِ بْنِ عَمْرِو بْنِ حَزْمٍ  ، عَنْ أَبِيهِ  ، عَنْ جَدِّهِ   : أَنّ رَسُولَ اللَّهِ صَلَّى اللَّهُ عَلَيْهِ وَسَلَّمَ كَتَبَ إِلَى أَهْلِ الْيَمَنِ :\" وَفِي كُلِّ إِصْبَعٍ مِنْ أَصَابِعِ الْيَدِ وَالرِّجْلِ عَشْرَةٌ مِنَ الْإِبِلِ \"","english":{"narrator":"","text":""}},{"id":22,"idInBook":22,"chapterId":15,"bookId":9,"arabic":"أَخْبَرَنَا عُثْمَانُ بْنُ مُحَمَّدٍ  ، حَدَّثَنَا عَبْدَةُ  ، عَنْ سَعِيدٍ  ، عَنْ مَطَرٍ  ، عَنْ عَمْرِو بْنِ شُعَيْبٍ  ، عَنْ أَبِيهِ  ، عَنْ جَدِّهِ  ، قَالَ : \" قَضَى رَسُولُ اللَّهِ صَلَّى اللَّهُ عَلَيْهِ وَسَلَّمَفِي الْمَوَاضِحِ خَمْسًا خَمْسًا مِنَ الْإِبِلِ \"","english":{"narrator":"","text":""}},{"id":23,"idInBook":23,"chapterId":15,"bookId":9,"arabic":"حَدَّثَنَا الْحَكَمُ بْنُ مُوسَى  ، حَدَّثَنَا يَحْيَى بْنُ حَمْزَةَ  ، عَنْ سُلَيْمَانَ بْنِ دَاوُدَ  ، حَدَّثَنِي الزُّهْرِيُّ  ، عَنْ أَبِي بَكْرِ بْنِ مُحَمَّدِ بْنِ عَمْرِو بْنِ حَزْمٍ  ، عَنْ أَبِيهِ  ، عَنْ جَدِّهِ   : أَنّ رَسُولَ اللَّهِ صَلَّى اللَّهُ عَلَيْهِ وَسَلَّمَ كَتَبَ إِلَى أَهْلِ الْيَمَنِ :\" وَفِي كُلِّ إِصْبَعٍ مِنْ أَصَابِعِ الْيَدِ وَالرِّجْلِ عَشْرٌ مِنَ الْإِبِلِ، وَفِي الْمُوضِحَةِ خَمْسٌ مِنَ الْإِبِلِ \"","english":{"narrator":"","text":""}},{"id":24,"idInBook":24,"chapterId":15,"bookId":9,"arabic":"أَخْبَرَنَا عُثْمَانُ بْنُ مُحَمَّدٍ  ، أَخْبَرَنَا عَبْدَةُ  ، عَنْ سَعِيدٍ  ، عَنْ مَطَرٍ  ، عَنْ عَمْرِو بْنِ شُعَيْبٍ  ، عَنْ أَبِيهِ  ، عَنْ جَدِّهِ  ، قَالَ : \" قَضَى رَسُولُ اللَّهِ صَلَّى اللَّهُ عَلَيْهِ وَسَلَّمَ فِيالْأَسْنَانِ خَمْسًا خَمْسًا مِنَ الْإِبِلِ \"","english":{"narrator":"","text":""}},{"id":25,"idInBook":25,"chapterId":15,"bookId":9,"arabic":"أَخْبَرَنَا الْحَكَمُ بْنُ مُوسَى  ، حَدَّثَنَا يَحْيَى بْنُ حَمْزَةَ  ، عَنْ سُلَيْمَانَ بْنِ دَاوُدَ  ، حَدَّثَنِي الزُّهْرِيُّ  ، عَنْ أَبِي بَكْرِ بْنِ مُحَمَّدِ بْنِ عَمْرِو بْنِ حَزْمٍ  ، عَنْ أَبِيهِ  ، عَنْ جَدِّهِ   : أَنّ رَسُولَ اللَّهِ صَلَّى اللَّهُ عَلَيْهِ وَسَلَّمَ كَتَبَ إِلَى أَهْلِ الْيَمَنِ :\" وَفِي السِّنِّ خَمْسٌ مِنَ الْإِبِلِ \"","english":{"narrator":"","text":""}},{"id":26,"idInBook":26,"chapterId":15,"bookId":9,"arabic":"حَدَّثَنَا هَاشِمُ بْنُ الْقَاسِمِ  ، حَدَّثَنَا شُعْبَةُ  ، قَالَ : قَتَادَةُ  أَخْبَرَنِي، قَالَ : سَمِعْتُ زُرَارَةَ بْنَ أَوْفَى  ، عَنْ عِمْرَانَ بْنِ حُصَيْنٍ   : أَنَّ رَجُلًا عَضَّ يَدَ رَجُلٍ، قَالَ : فَنَزَعَ يَدَهُ فَوَقَعَتْ ثَنِيَّتَاهُ، فَاخْتَصَمُوا إِلَى رَسُولِ اللَّهِ صَلَّى اللَّهُ عَلَيْهِ وَسَلَّمَ، فَقَالَ :\" يَعَضُّ أَحَدُكُمْ أَخَاهُ كَمَا يَعَضُّ الْفَحْلُ؟ لَا دِيَةَ لَكَ \"","english":{"narrator":"","text":""}},{"id":27,"idInBook":27,"chapterId":15,"bookId":9,"arabic":"أَخْبَرَنَا يَزِيدُ بْنُ هَارُونَ  ، حَدَّثَنَا مُحَمَّدُ بْنُ عَمْرٍو  ، عَنْ أَبِي سَلَمَةَ  ،  عَنْ أَبِي هُرَيْرَةَ  ، قَالَ : قَالَ رَسُولُ اللَّهِ صَلَّى اللَّهُ عَلَيْهِ وَسَلَّمَ :\" الْعَجْمَاءُ جُرْحُهَا الْجُبَارُ، وَالْبِئْرُ جُبَارٌ، وَالْمَعْدِنُ جُبَارٌ، وَفِي الرِّكَازِ الْخُمُسُ \"","english":{"narrator":"","text":""}},{"id":28,"idInBook":28,"chapterId":15,"bookId":9,"arabic":"أَخْبَرَنَا خَالِدُ بْنُ مَخْلَدٍ  ، حَدَّثَنَا مَالِكٌ  ، عَنْ ابْنِ شِهَابٍ  ، عَنْ سَعِيدِ بْنِ الْمُسَيِّبِ  ، وَأَبِي سَلَمَةَ  ، عَنْ أَبِي هُرَيْرَةَ  ، عَنِ النَّبِيِّ صَلَّى اللَّهُ عَلَيْهِ وَسَلَّمَ، قَالَ :\" جُرْحُ الْعَجْمَاءِ جُبَارٌ، وَالْبِئْرُ جُبَارٌ، وَالْمَعْدِنُ جُبَارٌ، وَفِي الرِّكَازِ الْخُمُسُ \"","english":{"narrator":"","text":""}},{"id":29,"idInBook":29,"chapterId":15,"bookId":9,"arabic":"أَخْبَرَنَا عُبَيْدُ اللَّهِ بْنُ مُوسَى  ، عَنْ سُفْيَانَ  ، عَنْ أَبِي الزِّنَادِ  ، عَنْ الْأَعْرَجِ  ، عَنْ أَبِي هُرَيْرَةَ  ، عَنِ النَّبِيِّ صَلَّى اللَّهُ عَلَيْهِ وَسَلَّمَ، قَالَ :\" الْمَعْدِنُ جُبَارٌ، وَالسَّائِمَةُ جُبَارٌ، وَالْبِئْرُ جُبَارٌ، وَفِي الرِّكَازِ الْخُمُسُ \"","english":{"narrator":"","text":""}},{"id":30,"idInBook":30,"chapterId":15,"bookId":9,"arabic":"حَدَّثَنَا أَبُو الْوَلِيدِ  ، حَدَّثَنَا شُعْبَةُ  ، عَنْ مَنْصُورٍ  ، عَنْ إِبْرَاهِيمَ  ، عَنْ عُبَيْدِ بْنِ نُضَيْلَةَ  ، عَنِ الْمُغِيرَةِ بْنِ شُعْبَةَ  ، عَنِ النَّبِيِّ صَلَّى اللَّهُ عَلَيْهِ وَسَلَّمَ : \" أَنَّ امْرَأَتَيْنِ كَانَتَا تَحْتَ رَجُلٍ، فَتَغَايَرَتَا، فَضَرَبَتْ إِحْدَاهُمَا الْأُخْرَى بِعَمُودٍ، فَقَتَلَتْهَا وَمَا فِي بَطْنِهَا، فَاخْتَصَمَا إِلَى رَسُولِ اللَّهِ صَلَّى اللَّهُ عَلَيْهِ وَسَلَّمَفَقَضَى فِيهِ غُرَّةً، وَجَعَلَهَا عَلَى عَاقِلَةِ الْمَرْأَةِ \"","english":{"narrator":"","text":""}},{"id":31,"idInBook":31,"chapterId":15,"bookId":9,"arabic":"حَدَّثَنَا أَبُو عَاصِمٍ  ، حَدَّثَنَا ابْنُ جُرَيْجٍ  ، عَنْ عَمْرٍو هُوَ : ابْنُ دِينَار  ، عَنْ طَاوُسٍ  ، عَنِ ابْنِ عَبَّاسٍ   : أَنَّ عُمَرَ نَشَدَ النَّاسَ قَضَاءَ رَسُولِ اللَّهِ صَلَّى اللَّهُ عَلَيْهِ وَسَلَّمَ فِي الْجَنِينِ فَقَامَ حَمَلُ بْنُ مَالِكِ بْنِ النَّابِغَةِ، فَقَالَ : كُنْتُ بَيْنَ امْرَأَتَيْنِ، فَضَرَبَتْ إِحْدَاهُمَا الْأُخْرَى بِمِسْطَحٍ، \" فَقَضَى رَسُولُ اللَّهِ صَلَّى اللَّهُ عَلَيْهِ وَسَلَّمَ فِي جَنِينِهَابِغُرَّةٍ، وَأَنْ تُقْتَلَ بِهَا \"","english":{"narrator":"","text":""}},{"id":32,"idInBook":32,"chapterId":15,"bookId":9,"arabic":"أَخْبَرَنَا عُثْمَانُ بْنُ عُمَرَ  ، حَدَّثَنَا يُونُسُ  ، عَنْ الزُّهْرِيِّ  ، عَنْ سَعِيدِ بْنِ الْمُسَيِّبِ  ، وَأَبِي سَلَمَةَ  ، عَنْ أَبِي هُرَيْرَةَ   : أَنَّ امْرَأَتَيْنِ مِنْ هُذَيْلٍ اقْتَتَلَتَا، فَرَمَتْ إِحْدَاهُمَا الْأُخْرَى بِحَجَرٍ، فَقَتَلَتْهَا وَمَا فِي بَطْنِهَا، فَاخْتَصَمُوا فِي الدِّيَةِ إِلَى رَسُولِ اللَّهِ صَلَّى اللَّهُ عَلَيْهِ وَسَلَّمَ، فَقَضَى : أَنَّ دِيَةَ جَنِينِهَا غُرَّةٌ : عَبْدٌ أَوْ وَلِيدَةٌ، وَقَضَى بِدِيَتِهَا عَلَى عَاقِلَتِهَا، وَوَرِثَتْهَا وَرَثَتُهَا وَلَدُهَا وَمَنْ مَعَهَا، فَقَالَ حَمَلُ بْنُ النَّابِغَةِ الْهُذَلِيُّ : كَيْفَ أَغْرَمُ مَنْ لَا شَرِبَ وَلَا أَكَلَ، وَلَا نَطَقَ وَلَا اسْتَهَلّ، فَمِثْلُ ذَلِكَ يُطَلُّ؟، فَقَالَ رَسُولُ اللَّهِ صَلَّى اللَّهُ عَلَيْهِ وَسَلَّمَ :\" إِنَّمَا هُوَ مِنْ إِخْوَانِ الْكُهَّانِ \".\nمِنْ أَجْلِ سَجْعِهِ الَّذِي سَجَعَ","english":{"narrator":"","text":""}},{"id":33,"idInBook":33,"chapterId":15,"bookId":9,"arabic":"أَخْبَرَنَا سُلَيْمَانُ بْنُ حَرْبٍ  ، حَدَّثَنَا شُعْبَةُ  ، عَنْ أَيُّوبَ  ، عَنْ الْقَاسِمِ بْنِ رَبِيعَةَ  ، عَنْ عَبْدِ اللَّهِ بْنِ عَمْرٍو  ، قَالَ : قَالَ رَسُولُ اللَّهِ صَلَّى اللَّهُ عَلَيْهِ وَسَلَّمَ :\" دِيَةُ قَتِيلِ الْخَطَإِ شِبْهِ الْعَمْدِ، وَمَا كَانَ بِالسَّوْطِ وَالْعَصَا مِائَةٌ مِنْهَا : أَرْبَعُونَ فِي بُطُونِهَا أَوْلَادُهَا \"","english":{"narrator":"","text":""}},{"id":34,"idInBook":34,"chapterId":15,"bookId":9,"arabic":"حَدَّثَنَا مُحَمَّدُ بْنُ يُوسُفَ  ، حَدَّثَنَا الْأَوْزَاعِيُّ  ، عَنْ الزُّهْرِيِّ  ، عَنْ سَهْلِ بْنِ سَعْدٍ السَّاعِدِيِّ  ، أَخْبَرَهُ أَنَّ رَجُلًا اطَّلَعَ مِنْ جُحْرٍ فِي حُجْرَةِ النَّبِيِّ صَلَّى اللَّهُ عَلَيْهِ وَسَلَّمَ وَمَعَ رَسُولِ اللَّهِ صَلَّى اللَّهُ عَلَيْهِ وَسَلَّمَ مِدْرَى يُخَلِّلُ بِهَا رَأْسَهُ، فَرَآهُ رَسُولُ اللَّهِ صَلَّى اللَّهُ عَلَيْهِ وَسَلَّمَ، فَقَالَ :\" لَوْ أَعْلَمُ أَنَّكَ تَنْظُرُنِي، لَطَعَنْتُ بِهَا فِي عَيْنَيْكَ \".\nوَقَالَ رَسُولُ اللَّهِ صَلَّى اللَّهُ عَلَيْهِ وَسَلَّمَ : \" إِنَّمَا جُعِلَ الْإِذْنُ مِنْ أَجْلِ النَّظَرِ \"","english":{"narrator":"","text":""}},{"id":35,"idInBook":35,"chapterId":15,"bookId":9,"arabic":"أَخْبَرَنَا عُبَيْدُ اللَّهِ بْنُ مُوسَى  ، عَنْ ابْنِ أَبِي ذِئْبٍ  ، عَنْ الزُّهْرِيِّ  ، عَنْ سَهْلِ بْنِ سَعْدٍ  ، قالَ : بَيْنَمَا رَسُولُ اللَّهِ صَلَّى اللَّهُ عَلَيْهِ وَسَلَّمَ فِي حُجْرَةٍ وَمَعَهُ مِدْرى يَحُكُّ بِهِ رَأْسَهُ، اطَّلَعَ إِلَيْهِ رَجُلٌ، فَقَالَ لَهُ رَسُولُ اللَّهِ صَلَّى اللَّهُ عَلَيْهِ وَسَلَّمَ :\" لَوْ أَعْلَمُ أَنَّكَ تَنْظُرُ لَقُمْتُ حَتَّى أَطْعَنَ بِهِ عَيْنَيْكَ.\nإِنَّمَا جُعِلَ الْإِذْنُ مِنْ أَجْلِ النَّظَرِ \"","english":{"narrator":"","text":""}},{"id":36,"idInBook":36,"chapterId":15,"bookId":9,"arabic":"أَخْبَرَنَا جَعْفَرُ بْنُ عَوْنٍ  ، عَنْ زَكَرِيَّا  ، عَنْ الشَّعْبِيِّ  ، عَنْ عَبْدِ اللَّهِ بْنِ مُطِيعٍ  ، عَنْ مُطِيعٍ  ، قَالَ : سَمِعْتُ رَسُولَ اللَّهِ صَلَّى اللَّهُ عَلَيْهِ وَسَلَّمَ يَقُولُ يَوْمَ فَتْحِ مَكَّةَ :\" لَا يُقْتَلُ قُرَشِيٌّ صَبْرًا بَعْدَ هَذَا الْيَوْمِ إِلَى يَوْمِ الْقِيَامَةِ \"، حَدَّثَنَا يَعْلَى  ، حَدَّثَنَا زَكَرِيَّا  ، عَنْ عَامِرٍ  ، قَالَ : قَالَ عَبْدُ اللَّهِ بْنُ مُطِيعٍ  ، سَمِعْتُ مُطِيعًا  ، يَقُولُ : سَمِعْتُ رَسُولَ اللَّهِ صَلَّى اللَّهُ عَلَيْهِ وَسَلَّمَ.\n..\n..\n..\n. فَذَكَرَ نَحْوَهُ.\nقَالَ أَبُو مُحَمَّدٍ : فَسَّرُوا ذَلِكَ : أَنْ لَا يُقْتَلَ قُرَشِيٌّ عَلَى الْكُفْرِ يَعْنِي : لَا يَكُونُ هَذَا أَنْ يَكْفُرَ قُرَشِيٌّ بَعْدَ ذَلِكَ الْيَوْمِ فَأَمَّا فِي الْقَوَدِ، فَيُقْتَلُ","english":{"narrator":"","text":""}},{"id":37,"idInBook":37,"chapterId":15,"bookId":9,"arabic":"أَخْبَرَنَا يُونُسُ بْنُ مُحَمَّدٍ  ، حَدَّثَنَا جَرِيرٌ يَعْنِي : ابْنَ حَازِمٍ  ، قَالَ : سَمِعْتُ عَبْدَ الْمَلِكِ بْنَ عُمَيْرٍ  ، حَدَّثَنِي إِيَادُ بْنُ لَقِيطٍ  ، عَنْ أَبِي رِمْثَةَ  ، قَالَ : قَدِمْتُ الْمَدِينَةَ وَمَعِيَ ابْنٌ لِي، وَلَمْ نَكُنْ رَأَيْنَا رَسُولَ اللَّهِ صَلَّى اللَّهُ عَلَيْهِ وَسَلَّمَ.\nفَأَتَيْتُهُ، فَخَرَجَ رَسُولُ اللَّهِ صَلَّى اللَّهُ عَلَيْهِ وَسَلَّمَ وَعَلَيْهِ ثَوْبَانِ أَخْضَرَانِ.\nفَلَمَّا رَأَيْتُهُ عَرَفْتُهُ بِالصِّفَةِ، فَأَتَيْتُهُ، فَقَالَ : \" مَنْ هَذَا الَّذِي مَعَكَ؟ \".\nقُلْتُ : ابْنِي وَرَبِّ الْكَعْبَةِ، فَقَالَ : \" ابْنُكَ؟ \"، فَقُلْتُ : أَشْهَدُ بِهِ.\nقَالَ :\" فَإِنَّ ابْنَكَ هَذَا لَا يَجْنِي عَلَيْكَ وَلَا تَجْنِي عَلَيْهِ \"","english":{"narrator":"","text":""}},{"id":38,"idInBook":38,"chapterId":15,"bookId":9,"arabic":"أَخْبَرَنَا أَبُو الْوَلِيدِ  ، حَدَّثَنَا عُبَيْدُ اللَّهِ بْنُ إِيَادٍ  ، حَدَّثَنَا إِيَادٌ  ، عَنْ أَبِي رِمْثَةَ  ، قَالَ : انْطَلَقْتُ مَعَ أَبِي نَحْوَ رَسُولِ اللَّهِ صَلَّى اللَّهُ عَلَيْهِ وَسَلَّمَ، فَقَالَ لِأَبِي : \" ابْنُكَ هَذَا؟ \"، فَقَالَ : إِي وَرَبِّ الْكَعْبَةِ.\nقَالَ : \" حَقًّا؟ \".\nقَالَ : \" أَشْهَدُ بِهِ \".\nقَالَ : فَتَبَسَّمَ رَسُولُ اللَّهِ صَلَّى اللَّهُ عَلَيْهِ وَسَلَّمَ ضَاحِكًا مِنْ ثَبَتِ شَبَهِي فِي أَبِي وَمِنْ حَلِفِ أَبِي عَلَي، فَقَالَ :\" إِنَّ ابْنَكَ هَذَا لَا يَجْنِي عَلَيْكَ وَلَا تَجْنِي عَلَيْهِ \".\nقَالَ : وَقَرَأَ رَسُولُ اللَّهِ صَلَّى اللَّهُ عَلَيْهِ وَسَلَّمَ : # وَلا تَزِرُ وَازِرَةٌ وِزْرَ أُخْرَى سورة الأنعام آية 164 #","english":{"narrator":"","text":""}}],"chapter":{"id":15,"bookId":9,"arabic":"وَمِنْ كِتَابِ الدِّيَاتِ","english":""}}