{"metadata":{"length":48,"arabic":{"title":"سنن الدارمي","author":"الإمام أبو محمد عبد الرحمن بن عبد الله بن الدارمي","introduction":"كِتَاب الْجِهَادِ"},"english":{"title":"Sunan al-Darimi","author":"Imam Abu Muhammad Abd al-Rahman ibn Abd Allah ibn al-Darimi","introduction":""}},"hadiths":[{"id":1,"idInBook":1,"chapterId":16,"bookId":9,"arabic":"أَخْبَرَنَا مُحَمَّدُ بْنُ كَثِيرٍ  ، عَنْ الْأَوْزَاعِيِّ  ، عَنْ يَحْيَى بْنِ أَبِي كَثِيرٍ  ، عَنْ أَبِي سَلَمَةَ  ، عَنْ عَبْدِ اللَّهِ بْنِ سَلَامٍ  ، قَالَ : \" قَعَدْنَا نَفَرٌ مِنْ أَصْحَابِ رَسُولِ اللَّهِ صَلَّى اللَّهُ عَلَيْهِ وَسَلَّمَ فَتَذَاكَرْنَا، فَقُلْنَا :لَوْ نَعْلَمُ أَيَّ الْأَعْمَالِ أَحَبَّ إِلَى اللَّهِ تَعَالَى، لَعَمِلْنَاهُ، فَأَنْزَلَ اللَّهُ تَعَالَى : # سَبَّحَ لِلَّهِ مَا فِي السَّمَوَاتِ وَمَا فِي الأَرْضِ وَهُوَ الْعَزِيزُ الْحَكِيمُ سورة الحشر آية 1 # حَتَّى خَتَمَهَا \".\nقَالَ عَبْدُ اللَّهِ : فَقَرَأَهَا عَلَيْنَا رَسُولُ اللَّهِ صَلَّى اللَّهُ عَلَيْهِ وَسَلَّمَ حَتَّى خَتَمَهَا، قَالَ أَبُو سَلَمَةَ : فَقَرَأَهَا عَلَيْنَا ابْنُ سَلَامٍ.\nقَالَ يَحْيَى : فَقَرَأَهَا عَلَيْنَا أَبُو سَلَمَةَ، وَقَرَأَهَا عَلَيْنَا يَحْيَى وَقَرَأَهَا عَلَيْنَا الْأَوْزَاعِيُّ، وَقَرَأَهَا عَلَيْنَا مُحَمَّدٌ","english":{"narrator":"","text":""}},{"id":2,"idInBook":2,"chapterId":16,"bookId":9,"arabic":"أَخْبَرَنَا عُبَيْدُ اللَّهِ بْنُ مُوسَى  ، عَنْ سُفْيَانَ  ، عَنْ أَبِي الزِّنَادِ  ، عَنْ الْأَعْرَجِ  ، عَنْ أَبِي هُرَيْرَةَ  ، قَالَ : قَالَ رَسُولُ اللَّهِ صَلَّى اللَّهُ عَلَيْهِ وَسَلَّمَ :\" تَكَفَّلَ اللَّهُ لِمَنْ خَرَجَ مِنْ بَيْتِهِ لَا يُخْرِجُهُ إِلَّا جِهَادٌ فِي سَبِيلِ اللَّهِ، وَتَصْدِيقٌ بكَلِمَاتِهِ، أَنْ يُدْخِلَهُ الْجَنَّةَ، أَوْ يَرُدَّهُ إِلَى مَسْكَنِهِ الَّذِي خَرَجَ مِنْهُ مَعَ مَا نَالَ مِنْ أَجْرٍ أَوْ غَنِيمَةٍ \"","english":{"narrator":"","text":""}},{"id":3,"idInBook":3,"chapterId":16,"bookId":9,"arabic":"أَخْبَرَنَا مُحَمَّدُ بْنُ يُوسُفَ  ، حَدَّثَنَا مَالِكُ بْنُ مِغْوَلٍ  ، عَنْ الْأَعْمَشِ  ، عَنْ أَبِي سُفْيَانَ  ، عَنْ جَابِرٍ  ، قَالَ : قِيلَ : يَا رَسُولَ اللَّهِ، أَيُّ الْجِهَادِ أَفْضَلُ؟.\nقَالَ :\" مَنْ عُقِرَ جَوَادُهُ وَأُهْرِيقَ دَمُهُ \"","english":{"narrator":"","text":""}},{"id":4,"idInBook":4,"chapterId":16,"bookId":9,"arabic":"أَخْبَرَنَا عَبْدُ اللَّهِ بْنُ صَالِحٍ  ، حَدَّثَنِي إِبْرَاهِيمُ بْنُ سَعْدٍ  ، عَنْ ابْنِ شِهَابٍ  ، عَنْ ابْنِ الْمُسَيَّبِ  ، عَنْ أَبِي هُرَيْرَةَ  ، قَالَ : سُئِلَ رَسُولُ اللَّهِ صَلَّى اللَّهُ عَلَيْهِ وَسَلَّمَ : أَيُّ الْأَعْمَالِ أَفْضَلُ؟، قَالَ :\" إِيمَانٌ بِاللَّهِ وَرَسُولِهِ \".\nقَالَ : قِيلَ : ثُمَّ مَاذَا؟.\nقَالَ : \" ثُمَّ الْجِهَادُ فِي سَبِيلِ اللَّهِ \".\nقِيلَ : ثُمَّ مَاذَا؟.\nقَالَ : \" ثُمَّ حَجٌّ مَبْرُورٌ \"","english":{"narrator":"","text":""}},{"id":5,"idInBook":5,"chapterId":16,"bookId":9,"arabic":"أَخْبَرَنَا نُعَيْمُ بْنُ حَمَّادٍ  ، حَدَّثَنَا بَقِيَّةُ  ، عَنْ بَحِيرٍ  ، عَنْ خَالِدِ بْنِ مَعْدَانَ  ، عَنْ مَالِكِ بْنِ يَخَامِرَ  ،  عَنْ مُعَاذِ بْنِ جَبَلٍ  ، قَالَ : قَالَ رَسُولُ اللَّهِ صَلَّى اللَّهُ عَلَيْهِ وَسَلَّمَ :\" مَنْ قَاتَلَ فِي سَبِيلِ اللَّهِ فُوَاقَ نَاقَةٍ، وَجَبَتْ لَهُ الْجَنَّةُ.\nوَهُوَ قَدْرُ مَا تَدُرُّ حَلَبُهَا لِمَنْ حَلَبَهَا \"","english":{"narrator":"","text":""}},{"id":6,"idInBook":6,"chapterId":16,"bookId":9,"arabic":"أَخْبَرَنَا عَاصِمُ بْنُ عَلِيٍّ  ، حَدَّثَنَا ابْنُ أَبِي ذِئْبٍ  ، عَنْ سَعِيدِ بْنِ خَالِدٍ  ، عَنْ إِسْمَاعِيل بْنِ عَبْدِ الرَّحْمَنِ بْنِ أَبِي ذؤِيبٍ  ، عَنْ عَطَاءِ بْنِ يَسَارٍ  ، عَنِ ابْنِ عَبَّاسٍ   : أَنَّ النَّبِيَّ صَلَّى اللَّهُ عَلَيْهِ وَسَلَّمَ خَرَجَ عَلَيْهِمْ وَهُمْ جُلُوسٌ، فَقَالَ : \" أَلَا أُخْبِرُكُمْ بِخَيْرِ النَّاسِ مَنْزِلَةً؟ \".\nقُلْنَا : بَلَى.\nقَالَ :\" رَجُلٌ مُمْسِكٌ بِرَأْسِ فَرَسِهِ أَوْ قَالَ فَرَسٍ فِي سَبِيلِ اللَّهِ، حَتَّى يَمُوتَ أَوْ يُقْتَلَ \".\nقَالَ : فَأُخْبِرُكُمْ بِالَّذِي يَلِيهِ؟، فَقُلْنَا : نَعَمْ يَا رَسُولَ اللَّهِ.\nقَالَ : \" امْرُؤٌ مُعْتَزِلٌ فِي شِعْبٍ يُقِيمُ الصَّلَاةَ وَيُؤْتِي الزَّكَاةَ، وَيَعْتَزِلُ شُرُورَ النَّاسِ \".\nقَالَ : \" فَأُخْبِرُكُمْ بِشَرِّ النَّاسِ مَنْزِلَةً؟ \"، فَقُلْنَا : نَعَمْ يَا رَسُولَ اللَّهِ.\n قَالَ : \" الَّذِي يُسْأَلُ بِاللَّهِ الْعَظِيمِ وَلَا يُعْطِي بِهِ \"","english":{"narrator":"","text":""}},{"id":7,"idInBook":7,"chapterId":16,"bookId":9,"arabic":"أَخْبَرَنَا عَبْدُ اللَّهِ بْنُ صَالِحٍ  ، حَدَّثَنِي يَحْيَى بْنُ أَيُّوبَ  ، عَنْ هِشَامٍ  ، عَنْ الْحَسَنِ  ، عَنْ عِمْرَانَ بْنِ حُصَيْنٍ   : أَنّ رَسُولَ اللَّهِ صَلَّى اللَّهُ عَلَيْهِ وَسَلَّمَ، قَالَ :\" مُقَامُ الرَّجُلِ فِي الصَّفِّ فِي سَبِيلِ اللَّهِ، أَفْضَلُ مِنْ عِبَادَةِ الرَّجُلِ سِتِّينَ سَنَةً \"","english":{"narrator":"","text":""}},{"id":8,"idInBook":8,"chapterId":16,"bookId":9,"arabic":"أَخْبَرَنَا الْقَاسِمُ بْنُ كَثِيرٍ  ، قَالَ : سَمِعْتُ عَبْدَ الرَّحْمَنِ بْنَ شُرَيْحٍ  يُحَدِّثُ، عَنْ عَبْدِ اللَّهِ بْنِ سُلَيْمَانَ  : أَنَّ مَالِكَ بْنَ عَبْدِ اللَّهِ  مَرَّ عَلَى حَبِيبِ بْنِ مَسْلَمَةَ   أَوْ حَبِيبٌ مَرَّ عَلَى مَالِكٍ وَهُوَ يَقُودُ فَرَسًا وَهُوَ يَمْشِي، فَقَالَ : أَلا تَرْكَبُ حَمَلَكَ اللَّهُ؟ ، فَقَالَ : إِنّ رَسُولَ اللَّهِ صَلَّى اللَّهُ عَلَيْهِ وَسَلَّمَ، قَالَ :\" مَنِ اغْبَرَّتْ قَدَمَاهُ فِي سَبِيلِ اللَّهِ، حَرَّمَهُ اللَّهُ عَلَى النَّارِ \"","english":{"narrator":"","text":""}},{"id":9,"idInBook":9,"chapterId":16,"bookId":9,"arabic":"حَدَّثَنَا مُحَمَّدُ بْنُ يُوسُفَ  ، عَنْ سُفْيَانَ  ، عَنْ أَبِي حَازِمٍ  ، عَنْ سَهْلِ بْنِ سَعْدٍ  ، قَالَ : قَالَ رَسُولُ اللَّهِ صَلَّى اللَّهُ عَلَيْهِ وَسَلَّمَ :\" لَغَدْوَةٌ فِي سَبِيلِ اللَّهِ أَوْ رَوْحَةٌ فِي سَبِيلِ اللَّهِ خَيْرٌ مِنَ الدُّنْيَا وَمَا فِيهَا \"","english":{"narrator":"","text":""}},{"id":10,"idInBook":10,"chapterId":16,"bookId":9,"arabic":"أَخْبَرَنَا حَجَّاجُ بْنُ مِنْهَالٍ  ، حَدَّثَنَا حَمَّادُ بْنُ سَلَمَةَ  ، عَنْ سُهَيْلِ بْنِ أَبِي صَالِحٍ  ، عَنْ النُّعْمَانِ بْنِ أَبِي عَيَّاشٍ  ، عَنْ أَبِي سَعِيدٍ الْخُدْرِيِّ  ، عَنِ النَّبِيِّ صَلَّى اللَّهُ عَلَيْهِ وَسَلَّمَ، قَالَ :\" مَا مِنْ عَبْدٍ يَصُومُ يَوْمًا فِي سَبِيلِ اللَّهِ ابْتِغَاءَ وَجْهِ اللَّهِ، إِلَّا بَاعَدَ اللَّهُ بَيْنَ وَجْهِهِ وَبَيْنَ النَّارِ سَبْعِينَ خَرِيفًا \"","english":{"narrator":"","text":""}},{"id":11,"idInBook":11,"chapterId":16,"bookId":9,"arabic":"أَخْبَرَنَا الْقَاسِمُ بْنُ كَثِير  ، قَالَ : سَمِعْتُ عَبْدَ الرَّحْمَنِ بْنَ شُرَيْحٍ  ، يُحَدِّثُ عَنْ أَبِي الصَّبَّاحِ مُحَمَّدِ بْنِ شُمَيْر  ، عَنْ أَبِي عَلِيٍّ الْهَمْدَانِيِّ  ، عَنْ أَبِي رَيْحَانَةَ   أَنَّهُ كَانَ مَعَ رَسُولِ اللَّهِ صَلَّى اللَّهُ عَلَيْهِ وَسَلَّمَ فِي غَزْوَةٍ، فَسَمِعَهُ ذَاتَ لَيْلَةٍ وَهُوَ يَقُولُ :\" حُرِّمَتِ النَّارُ عَلَى عَيْنٍ سَهِرَتْ فِي سَبِيلِ اللَّهِ، وَحُرِّمَتِ النَّارُ عَلَى عَيْنٍ دَمَعَتْ مِنْ خَشْيَةِ اللَّهِ \".\n قَالَ : وَقَالَ الثَّالِثَةَ، فَنَسِيتُهَا.\nقَالَ أَبُو شُرَيْحٍ : سَمِعْتُ مَنْ يَقُولُ ذَاكَ \" حُرِّمَتِ النَّارُ عَلَى عَيْنٍ غَضَّتْ عَنْ مَحَارِمِ اللَّهِ، أَوْ عَيْنٍ فُقِئَتْ فِي سَبِيلِ اللَّهِ G \"","english":{"narrator":"","text":""}},{"id":12,"idInBook":12,"chapterId":16,"bookId":9,"arabic":"أَخْبَرَنَا الْحَكَمُ بْنُ الْمُبَارَكِ  ، أَخْبَرَنَا ابْنُ الدَّرَاوَرْدِيِّ  ، عَنْ صَالِحِ بْنِ مُحَمَّدِ بْنِ زَائِدَةَ  ، قَالَ : سَمِعْتُ عُمَرَ بْنَ عَبْدِ الْعَزِيزِ  ، عَنْ عُقْبَةَ بْنِ عَامِرٍ الْجُهَنِيِّ  ، عَنِ النَّبِيِّ صَلَّى اللَّهُ عَلَيْهِ وَسَلَّمَ، قَالَ :\" رَحِمَ اللَّهُ حَارِسَ الْحَرَسِ \".\n قَالَ عَبْدُ اللَّهِ : وَعُمَرُ بْنُ عَبْدِ الْعَزِيزِ لَمْ يَلْقَ عُقْبَةَ بْنَ عَامِرٍ","english":{"narrator":"","text":""}},{"id":13,"idInBook":13,"chapterId":16,"bookId":9,"arabic":"حَدَّثَنَا عَبْدُ اللَّهِ بْنُ مُحَمَّدٍ  ، حَدَّثَنَا جَرِيرٌ  ، عَنْ الْأَعْمَشِ  ، عَنْ أَبِي عَمْرٍو الشَّيْبَانِيِّ  ، عَنْ أَبِي مَسْعُودٍ الْأَنْصَارِيِّ  ، قَالَ : جَاءَ رَجُلٌ بِنَاقَةٍ مَخْطُومَةٍ، فَقَالَ هَذِهِ فِي سَبِيلِ اللَّهِ، فَقَالَ رَسُولُ اللَّهِ صَلَّى اللَّهُ عَلَيْهِ وَسَلَّمَ :\" لَكَ بِهَا يَوْمَ الْقِيَامَةِ سَبْعُ مِائَةِ نَاقَةٍ كُلُّهَا مَخْطُومَةٌ \"","english":{"narrator":"","text":""}},{"id":14,"idInBook":14,"chapterId":16,"bookId":9,"arabic":"أَخْبَرَنَا عُثْمَانُ بْنُ عُمَرَ  ، أَخْبَرَنَا هِشَامٌ  ، عَنْ الْحَسَنِ  ، عَنْ صَعْصَعَةَ بْنِ مُعَاوِيَةَ  ، قَالَ : لَقِيتُ أَبَا ذَرٍّ وَهُوَ يَسُوقُ جَمَلًا لَهُ، أَوْ يَقُودُهُ، فِي عُنُقِهِ قِرْبَةٌ، فَقُلْتُ : يَا أَبَا ذَرٍّ  ، مَا مَالُكَ؟.\nقَالَ : لِي عَمَلِي، فَقُلْتُ : مَا مَالُكَ؟.\nقَالَ : لِي عَمَلِي.\nقُلْتُ : حَدِّثْنِي حَدِيثًا سَمِعْتَهُ مِنْ رَسُولِ اللَّهِ صَلَّى اللَّهُ عَلَيْهِ وَسَلَّمَ، قَالَ : سَمِعْتُ رَسُولَ اللَّهِ صَلَّى اللَّهُ عَلَيْهِ وَسَلَّمَ، يَقُولُ :\" مَا مِنْ مُسْلِمٍ أَنْفَقَ زَوْجَيْنِ مِنْ مَالٍ فِي سَبِيلِ اللَّهِ إِلَّا ابْتَدَرَتْهُ حَجَبَةُ الْجَنَّةِ \".\n قَالَ أَبُو مُحَمَّدٍ : هُوَ دِرْهَمَيْنِ أَوْ أَمَتَيْنِ أَوْ عَبْدَيْنِ أَوْ دَابَّتَيْنِ","english":{"narrator":"","text":""}},{"id":15,"idInBook":15,"chapterId":16,"bookId":9,"arabic":"أَخْبَرَنَا عَبْدُ اللَّهِ بْنُ يَزِيدَ الْمُقْرِئُ  ، حَدَّثَنَا سَعِيدُ بْنُ أَبِي أَيُّوبَ  ، حَدَّثَنِي يَزِيدُ بْنُ أَبِي حَبِيبٍ  ، عَنْ أَبِي الْخَيْرِ مَرْثَدِ بْنِ عَبْدِ اللَّهِ  ، عَنْ عُقْبَةَ بْنِ عَامِرٍ   : أَنَّهُ تَلَا هَذِهِ الْآيَةَ : # وَأَعِدُّوا لَهُمْ مَا اسْتَطَعْتُمْ مِنْ قُوَّةٍ سورة الأنفال آية 60 # أَلَا إِنَّ\" الْقُوَّةَ : الرَّمْيُ \"","english":{"narrator":"","text":""}},{"id":16,"idInBook":16,"chapterId":16,"bookId":9,"arabic":"أَخْبَرَنَا وَهْبُ بْنُ جَرِيرٍ  ، حَدَّثَنَا هِشَامٌ  ، عَنْ يَحْيَى  ، عَنْ أَبِي سَلَّامٍ  ، عَنْ عَبْدِ اللَّهِ بْنِ زَيْدٍ الْأَزْرَقِ  ، عَنْ عُقْبَةَ بْنِ عَامِرٍ  ، قَالَ : قَالَ رَسُولُ اللَّهِ صَلَّى اللَّهُ عَلَيْهِ وَسَلَّمَ :\" إِنَّ اللَّهَ G يُدْخِلُ الثَّلَاثَةَ بِالسَّهْمِ الْوَاحِدِ الْجَنَّةَ : صَانِعَهُ يَحْتَسِبُ فِي صَنْعَتِهِ الْخَيْرَ، وَالْمُمِدُّ بِهِ، وَالرَّامِيَ بِهِ \"","english":{"narrator":"","text":""}},{"id":17,"idInBook":17,"chapterId":16,"bookId":9,"arabic":"وَقَالَ رَسُولُ اللَّهِ صَلَّى اللَّهُ عَلَيْهِ وَسَلَّمَ :\" ارْمُوا وَارْكَبُوا، وَلَأَنْ تَرْمُوا أَحَبُّ إِلَيَّ مِنْ أَنْ تَرْكَبُوا \"","english":{"narrator":"","text":""}},{"id":18,"idInBook":18,"chapterId":16,"bookId":9,"arabic":"وَقَالَ :\" كُلُّ شَيْءٍ يَلْهُو بِهِ الرَّجُلُ بَاطِلٌ إِلَّا رَمْيَ الرَّجُلِ بِقَوْسِهِ وَتَأْدِيبَهُ فَرَسَهُ، وَمُلَاعَبَتَهُ أَهْلَهَ، فَإِنَّهُنَّ مِنَ الْحَقِّ \"","english":{"narrator":"","text":""}},{"id":19,"idInBook":19,"chapterId":16,"bookId":9,"arabic":"وَقَالَ :\" مَنْ تَرَكَ الرَّمْيَ بَعْدَمَا عَلِّمَهُ، فَقَدْ كَفَرَ الَّذِي عَلِّمَهُ \"","english":{"narrator":"","text":""}},{"id":20,"idInBook":20,"chapterId":16,"bookId":9,"arabic":"أَخْبَرَنَا مُحَمَّدُ بْنُ عَبْدِ اللَّهِ الرَّقَاشِيُّ  ، حَدَّثَنَا يَزِيدُ بْنُ زُرَيْعٍ  ، حَدَّثَنَا مُحَمَّدُ بْنُ إِسْحَاق  ، حَدَّثَنِي عَمِّي مُوسَى بْنُ يَسَارٍ  ، عَنْ أَبِي هُرَيْرَةَ  ، قَالَ : قَالَ أَبُو الْقَاسِمِ صَلَّى اللَّهُ عَلَيْهِ وَسَلَّمَ :\" مَا مِنْ مَجْرُوحٍ يُجْرَحُ فِي سَبِيلِ اللَّهِ G إِلَّا بَعَثَهُ اللَّهُ G يَوْمَ الْقِيَامَةِ وَجُرْحُهُ يَدْمَى : الرِّيحُ رِيحُ الْمِسْكِ وَاللَّوْنُ لَوْنُ الدَّمِ \"","english":{"narrator":"","text":""}},{"id":21,"idInBook":21,"chapterId":16,"bookId":9,"arabic":"أَخْبَرَنَا الْقَاسِمُ بْنُ كَثِيرٍ  ، قَالَ : سَمِعْتُ عَبْدَ الرَّحْمَنِ بْنَ شُرَيْحٍ  ، يُحَدِّثُ أَنَّهُ سَمِعَ سَهْلَ بْنَ أَبِي أُمَامَةَ بْنِ سَهْلِ بْنِ حُنَيْفٍ  يُحَدِّثُ عَنْ أَبِيهِ  ، عَنْ جَدِّهِ  ، قَالَ : إِنَّ رَسُولَ اللَّهِ صَلَّى اللَّهُ عَلَيْهِ وَسَلَّمَ، قَالَ :\" مَنْ سَأَلَ اللَّهَ الشَّهَادَةَ صَادِقًا مِنْ قَلْبِهِ، بَلَّغَهُ اللَّهُ مَنَازِلَ الشُّهَدَاءِ، وَإِنْ مَاتَ عَلَى فِرَاشِهِ \"","english":{"narrator":"","text":""}},{"id":22,"idInBook":22,"chapterId":16,"bookId":9,"arabic":"أَخْبَرَنَا مُحَمَّدُ بْنُ يَزِيدَ الرِّفَاعِيُّ  ، حَدَّثَنَا صَفْوَانُ بْنُ عِيسَى  ، عَنْ ابْنِ عَجْلَانَ  ، عَنْ الْقَعْقَاعِ بْنِ حَكِيمٍ  ، عَنْ أَبِي صَالِحٍ  ، عَنْ أَبِي هُرَيْرَةَ  ، قَالَ : قَالَ رَسُولُ اللَّهِ صَلَّى اللَّهُ عَلَيْهِ وَسَلَّمَ :\" مَا يَجِدُ الشَّهِيدُ مِنْ أَلَمِ الْقَتْلِ إِلَّا كَمَا يَجِدُ أَحَدُكُمْ مِنْ أَلَمِ الْقَرْصَةِ \"","english":{"narrator":"","text":""}},{"id":23,"idInBook":23,"chapterId":16,"bookId":9,"arabic":"أَخْبَرَنَا أَبُو عَلِيٍّ الْحَنَفِيُّ  ، حَدَّثَنَا شُعْبَةُ  ، عَنْ قَتَادَةَ  ، عَنْ أَنَسٍ  ، قَالَ : قَالَ رَسُولُ اللَّهِ صَلَّى اللَّهُ عَلَيْهِ وَسَلَّمَ :\" مَا مِنْ نَفْسٍ تَمُوتُ فَتَدْخُلُ الْجَنَّةَ فَتَوَدُّ أَنَّهَا رَجَعَتْ إِلَيْكُمْ وَلَهَا الدُّنْيَا وَمَا فِيهَا، إِلَّا الشَّهِيدُ فَإِنَّهُ وَدَّ أَنَّهُ قُتِلَ كَذَا مَرَّةً لِمَا رَأَى مِنَ الثَّوَابِ \"","english":{"narrator":"","text":""}},{"id":24,"idInBook":24,"chapterId":16,"bookId":9,"arabic":"أَخْبَرَنَا سَعِيدُ بْنُ عَامِرٍ  ، عَنْ شُعْبَةَ  ، عَنْ سُلَيْمَانَ  ، عَنْ عَبْدِ اللَّهِ بْنِ مُرَّةَ  ، عَنْ مَسْرُوقٍ  ، قَالَ : سَأَلْنَا عَبْدَ اللَّهِ عَنْ أَرْوَاحِ الشُّهَدَاءِ، وَلَوْلَا عَبْدُ اللَّهِ   لَمْ يُحَدِّثْنَا أَحَدٌ، قَالَ :\" أَرْوَاحُ الشُّهَدَاءِ عِنْدَ اللَّهِ يَوْمَ الْقِيَامَةِ فِي حَوَاصِلِ طَيْرٍ خُضْرٍ، لَهَا قَنَادِيلُ مُعَلَّقَةٌ بِالْعَرْشِ، تَسْرَحُ فِي أَيِّ الْجَنَّةِ شَاءُوا ثُمَّ تَرْجِعُ إِلَى قَنَادِيلِهَا فَيُشْرِفُ عَلَيْهِمْ رَبُّهُمْ، فَيَقُولُ : أَلَكُمْ حَاجَةٌ؟.\nتُرِيدُونَ شَيْئًا؟، فَيَقُولُونَ : لَا، إِلَّا أَنْ نَرْجِعَ إِلَى الدُّنْيَا فَنُقْتَلَ مَرَّةً أُخْرَى \"","english":{"narrator":"","text":""}},{"id":25,"idInBook":25,"chapterId":16,"bookId":9,"arabic":"أَخْبَرَنَا مُحَمَّدُ بْنُ الْمُبَارَكِ  ، حَدَّثَنَا مُعَاوِيَةُ بْنُ يَحْيَى  ، قَالَ : هُوَ الصَّدَفِيُّ ، قَالَ : حَدَّثَنَا صَفْوَانُ بْنُ عَمْرٍو  ، عَنْ أَبِي الْمُثَنَّى الْأُمْلُوكِيِّ  ،  عَنْ عُتْبَةَ بْنِ عَبْدٍ السُّلَمِيِّ  ، قَالَ : قَالَ رَسُولُ اللَّهِ صَلَّى اللَّهُ عَلَيْهِ وَسَلَّمَ :\" الْقَتْلَى ثَلَاثَةٌ : مُؤْمِنٌ جَاهَدَ بِنَفْسِهِ وَمَالِهِ فِي سَبِيلِ اللَّهِ، إِذَا لَقِيَ الْعَدُوَّ، قَاتَلَ حَتَّى يُقْتَلَ \".\nقَالَ النَّبِيُّ صَلَّى اللَّهُ عَلَيْهِ وَسَلَّمَ فِيهِ : \" فَذَلِكَ الشَّهِيدُ الْمُمْتَحَنُ فِي خَيْمَةِ اللَّهِ، تَحْتَ عَرْشِهِ، لَا يَفْضُلُهُ النَّبِيُّونَ إِلَّا بِدَرَجَةِ النُّبُوَّةِ وَمُؤْمِنٌ خَلَطَ عَمَلًا صَالِحًا وَآخَرَ سَيِّئًا، جَاهَدَ بِنَفْسِهِ وَمَالِهِ فِي سَبِيلِ اللَّهِ، إِذَا لَقِيَ الْعَدُوَّ قَاتَلَ حَتَّى يُقْتَلَ \".\nقَالَ النَّبِيُّ صَلَّى اللَّهُ عَلَيْهِ وَسَلَّمَ فِيهِ : \" مَصْمَصَةٌ مَحَتْ ذُنُوبَهُ وَخَطَايَاهُ، إِنَّ السَّيْفَ مَحَّاءٌ لِلْخَطَايَا، وَأُدْخِلَ الْجَنَّةَ مِنْ أَيِّ أَبْوَابِ الْجَنَّةِ شَاءَ.\nوَمُنَافِقٌ جَاهَدَ بِنَفْسِهِ وَمَالِهِ، فَإِذَا لَقِيَ الْعَدُوَّ قَاتَلَ حَتَّى يُقْتَلَ، فَذَاكَ فِي النَّارِ، إِنَّ السَّيْفَ لَا يَمْحُو النِّفَاقَ \".\nقَالَ عَبْد اللَّهِ : يُقَالُ لِلثَّوْبِ إِذَا غُسِلَ : مُصْمِصَ","english":{"narrator":"","text":""}},{"id":26,"idInBook":26,"chapterId":16,"bookId":9,"arabic":"أَخْبَرَنَا عُبَيْدُ اللَّهِ بْنُ عَبْدِ الْمَجِيدِ  ، حَدَّثَنَا ابْنُ أَبِي ذِئْبٍ  ، عَنْ الْمَقْبُرِيِّ  ، عَنْ عَبْدِ اللَّهِ بْنِ أَبِي قَتَادَةَ  ، عَنْ أَبِيهِ   : أَنّ رَسُولَ اللَّهِ صَلَّى اللَّهُ عَلَيْهِ وَسَلَّمَ قَامَ فَخَطَبَ فَحَمِدَ اللَّهَ وَأَثْنَى عَلَيْهِ، ثُمَّ ذَكَرَ الْجِهَادَ فَلَمْ يَدَعْ شَيْئًا أَفْضَلَ مِنْهُ إِلَّا الْفَرَائِضَ، فَقَامَ رَجُلٌ، فَقَالَ : يَا رَسُولَ اللَّهِ، أَرَأَيْتَ مَنْ قُتِلَ فِي سَبِيلِ اللَّهِ، فَهَلْ ذَلِكَ مُكَفِّرٌ عَنْهُ خَطَايَاهُ؟، فَقَالَ رَسُولُ اللَّهِ صَلَّى اللَّهُ عَلَيْهِ وَسَلَّمَ : \" نَعَمْ،إِذَا قُتِلَ صَابِرًا، مُحْتَسِبًا، مُقْبِلًا غَيْرَ مُدْبِرٍ، إِلا الدَّيْنَ فَإِنَّهُ مَأْخُوذٌ بِهِ كَمَا زَعَمَ لِي جِبْرِيلُ \"","english":{"narrator":"","text":""}},{"id":27,"idInBook":27,"chapterId":16,"bookId":9,"arabic":"أَخْبَرَنَا يَزِيدُ بْنُ هَارُونَ  ، أَخْبَرَنَا سُلَيْمَانُ، هُوَ : التَّيْمِيُّ  ، عَنْ أَبِي عُثْمَانَ  ، عَنْ عَامِرِ بْنِ مَالِكٍ  ، عَنْ صَفْوَانَ بْنِ أُمَيَّةَ  ، عَنِ النَّبِيِّ صَلَّى اللَّهُ عَلَيْهِ وَسَلَّمَ، قَالَ :\" الطَّاعُونُ شَهَادَةٌ، وَالْغَرَقُ شَهَادَةٌ، وَالْغَزْوُ شَهَادَةٌ، وَالْبَطْنُ شَهَادَةٌ وَالنُّفَسَاءُ شَهَادَةٌ \"","english":{"narrator":"","text":""}},{"id":28,"idInBook":28,"chapterId":16,"bookId":9,"arabic":"أَخْبَرَنَا عُبَيْدُ اللَّهِ بْنُ مُوسَى  ، عَنْ إِسْرَائِيلَ  ، عَنْ مَنْصُورٍ  ، عَنْ أَبِي بَكْرِ بْنِ حَفْصٍ  ، عَنْ شُرَحْبِيلَ بْنِ السِّمْطِ  ، عَنْ عُبَادَةَ بْنِ الصَّامِتِ  ، قَالَ : قَالَ رَسُولُ اللَّهِ صَلَّى اللَّهُ عَلَيْهِ وَسَلَّمَ :\" الْقَتْلُ فِي سَبِيلِ اللَّهِ شَهَادَةٌ، وَالطَّاعُونُ شَهَادَةٌ، وَالْبَطْنُ شَهَادَةٌ، وَالْمَرْأَةُ يَقْتُلُهَا وَلَدُهَا جُمْعًا شَهَادَةٌ \"","english":{"narrator":"","text":""}},{"id":29,"idInBook":29,"chapterId":16,"bookId":9,"arabic":"أَخْبَرَنَا يَعْلَى  ، حَدَّثَنَا إِسْمَاعِيل  ، عَنْ قَيْسٍ  ، عَنْ سَعْدِ بْنِ أَبِي وَقَّاصٍ  ، قَالَ :\" كُنَّا نَغْزُو مَعَ رَسُولِ اللَّهِ صَلَّى اللَّهُ عَلَيْهِ وَسَلَّمَ مَا لَنَا طَعَامٌ إِلا هذَا السَّمُرُ، وَوَرَقُ الْحُبْلَةِ، حَتَّى إِنَّ أَحَدَنَا لَيَضَعُ كَمَا تَضَعُ الشَّاةُ، مَالَهُ خِلْطٌ، ثُمَّ أَصْبَحَتْ بَنُو أَسَدٍ تُعَزِّرُنِي ! لَقَدْ خِبْتُ إِذَنْ وَضَلَّ عَمَلِيَهْ \"","english":{"narrator":"","text":""}},{"id":30,"idInBook":30,"chapterId":16,"bookId":9,"arabic":"أَخْبَرَنَا الْحَجَّاجُ بْنُ مِنْهَالٍ  ، حَدَّثَنَا حَمَّادُ بْنُ سَلَمَةَ  ، حَدَّثَنَا جَبَلَةُ بْنُ عَطِيَّةَ  ، عَنْ يَحْيَى بْنِ الْوَلِيدِ بْنِ عُبَادَةَ بْنِ الصَّامِتِ  ، عَنْ عُبَادَةَ بْنِ الصَّامِتِ   : أَنّ رَسُولَ اللَّهِ صَلَّى اللَّهُ عَلَيْهِ وَسَلَّمَ، قَالَ :\" مَنْ غَزَا فِي سَبِيلِ اللَّهِ وَهُوَ لَا يَنْوِي فِي غَزَاتِهِ إِلَّا عِقَالًا، فَلَهُ مَا نَوَى \"","english":{"narrator":"","text":""}},{"id":31,"idInBook":31,"chapterId":16,"bookId":9,"arabic":"أَخْبَرَنَا نُعَيْمُ بْنُ حَمَّادٍ  ، حَدَّثَنَا بَقِيَّةُ بْنُ الْوَلِيدِ  ، عَنْ بَحِيرِ بْنِ سَعْدٍ  ، عَنْ خَالِدِ بْنِ مَعْدَانَ  ، عَنْ أَبِي بَحْرِيَّةَ  ،  عَنْ مُعَاذِ بْنِ جَبَلٍ  ، قَالَ : قَالَ رَسُولُ اللَّهِ صَلَّى اللَّهُ عَلَيْهِ وَسَلَّمَ :\" الْغَزْوُ غَزْوَانِ : فَأَمَّا مَنْ غَزَا ابْتِغَاءَ وَجْهِ اللَّهِ وَأَطَاعَ الْإِمَامَ، وَأَنْفَقَ الْكَرِيمَةَ، وَيَاسَرَ الشَّرِيكَ وَاجْتَنَبَ الْفَسَادَ، فَإِنَّ نَوْمَهُ وَنُبْهَهُ أَجْرٌ كُلُّهُ، وَأَمَّا مَنْ غَزَا فَخْرًا وَرِيَاءً وَسُمْعَةً، وَعَصَى الْإِمَامَ، وَأَفْسَدَ فِي الْأَرْضِ، فَإِنَّهُ لَا يَرْجِعُ بِالْكَفَافِ \"","english":{"narrator":"","text":""}},{"id":32,"idInBook":32,"chapterId":16,"bookId":9,"arabic":"أَخْبَرَنَا الْحَكَمُ بْنُ الْمُبَارَكِ  ، حَدَّثَنَا الْوَلِيدُ بْنُ مُسْلِمٍ  ، حَدَّثَنَا يَحْيَى بْنُ الْحَارِثِ  ، عَنْ الْقَاسِمِ أَبِي عَبْدِ الرَّحْمَنِ  ، عَنْ أَبِي أُمَامَةَ   : أَنَّ النَّبِيَّ صَلَّى اللَّهُ عَلَيْهِ وَسَلَّمَ، قَالَ :\" مَنْ لَمْ يَغْزُ، وَلَمْ يُجَهِّزْ غَازِيًا، أَوْ يَخْلِفْ غَازِيًا فِي أَهْلِهِ بِخَيْرٍ، أَصَابَهُ اللَّهُ بِقَارِعَةٍ قَبْلَ يَوْمِ الْقِيَامَةِ \"","english":{"narrator":"","text":""}},{"id":33,"idInBook":33,"chapterId":16,"bookId":9,"arabic":"أَخْبَرَنَا يَعْلَى  ، حَدَّثَنَا عَبْدُ الْمَلِكِ  ، عَنْ عَطَاءٍ  ، عَنْ زَيْدِ بْنِ خَالِدٍ الْجُهَنِيِّ  ، عَنِ النَّبِيِّ صَلَّى اللَّهُ عَلَيْهِ وَسَلَّمَ، قَالَ :\" مَنْ جَهَّزَ غَازِيًا فِي سَبِيلِ اللَّهِ، أَوْ خَلَفَ فِي أَهْلِهِ، كَتَبَ اللَّهُ لَهُ مِثْلَ أَجْرِهِ، إِلَّا أَنَّهُ لَا يَنْقُصُ مِنْ أَجْرِ الْغَازِي شَيْئًا \"","english":{"narrator":"","text":""}},{"id":34,"idInBook":34,"chapterId":16,"bookId":9,"arabic":"أَخْبَرَنَا أَبُو الْوَلِيدِ  ، حَدَّثَنَا شُعْبَةُ  ، قَالَ : أَنْبَأَنَا أَبُو إِسْحَاق  ، قَالَ : سَمِعْتُ الْبَرَاءَ  ، يَقُولُ : لَمَّا نَزَلَتْ هَذِهِ الْآيَةُ : # لا يَسْتَوِي الْقَاعِدُونَ مِنَ الْمُؤْمِنِينَ سورة النساء آية 95 #،دَعَا رَسُولُ اللَّهِ صَلَّى اللَّهُ عَلَيْهِ وَسَلَّمَ زَيْدًا فَجَاءَ بِكَتِفٍ فَكَتَبَهَا.\nوَشَكَا ابْنُ أُمِّ مَكْتُومٍ ضَرَارَتَهُ، فَنَزَلَتْ : # لا يَسْتَوِي الْقَاعِدُونَ مِنَ الْمُؤْمِنِينَ غَيْرُ أُولِي الضَّرَرِ سورة النساء آية 95 #","english":{"narrator":"","text":""}},{"id":35,"idInBook":35,"chapterId":16,"bookId":9,"arabic":"أَخْبَرَنَا سُلَيْمَانُ بْنُ حَرْبٍ  ، حَدَّثَنَا حَمَّادُ بْنُ زَيْدٍ  ، عَنْ يَحْيَى بْنِ سَعِيدٍ  ، عَنْ مُحَمَّدِ بْنِ يَحْيَى بْنِ حَبَّانَ  ، عَنْ أَنَسِ بْنِ مَالِكٍ  ، قَالَ : حَدَّثَتْنِي أُمُّ حَرَامٍ بِنْتُ مِلْحَانَ   : أَنَّ النَّبِيَّ صَلَّى اللَّهُ عَلَيْهِ وَسَلَّمَ، قَالَ : فِي بَيْتِهَا يَوْمًا، فَاسْتَيْقَظَ وَهُوَ يَضْحَكُ، فَقُلْتُ : يَا رَسُولَ اللَّهِ، مَا أَضْحَكَكَ؟.\nقَالَ :\" أُرِيتُ قَوْمًا مِنْ أُمَّتِي يَرْكَبُونَ ظَهْرَ هَذَا الْبَحْرِ كَالْمُلُوكِ عَلَى الْأَسِرَّةِ \".\nقُلْتُ : يَا رَسُولَ اللَّهِ، ادْعُ اللَّهَ أَنْ يَجْعَلَنِي مِنْهُمْ.\nقَالَ : \" أَنْتِ مِنْهُمْ \".\nثُمَّ نَامَ أَيْضًا فَاسْتَيْقَظَ وَهُوَ يَضْحَكُ، فَقُلْتُ : يَا رَسُولَ اللَّهِ، مَا أَضْحَكَكَ؟.\nقَالَ : \" أُرِيتُ قَوْمًا مِنْ أُمَّتِي يَرْكَبُونَ ظَهْرَ هَذَا الْبَحْرَ كَالْمُلُوكِ عَلَى الْأَسِرَّةِ \".\nقُلْتُ : يَا رَسُولَ اللَّهِ، ادْعُ اللَّهَ أَنْ يَجْعَلَنِي مِنْهُمْ.\nقَالَ : \" أَنْتِ مِنْهُمْ \"، ثُمَّ نَامَ أَيْضًا فَاسْتَيْقَظَ وَهُوَ يَضْحَكُ، فَقُلْتُ : يَا رَسُولَ اللَّهِ، مَا أَضْحَكَكَ؟ قَالَ : \" أُريتُ قَوْمًا مِنْ أُمَّتِي يَرْكَبُونَ هذَا الْبَحْرَ كَالْمُلُوكِ عَلَى الأَسِرَّةِ \".\nقُلْتُ : يَا رَسُولَ اللَّهِ، ادْعُ اللَّهَ أَنْ يَجْعَلَنِي مِنْهُمْ؟.\nقَالَ : \" أَنْتِ مِنَ الْأَوَّلِينَ \".\n قَالَ : فَتَزَوَّجَهَا عُبَادَةُ بْنُ الصَّامِتِ، فَغَزَا فِي الْبَحْرِ، فَحَمَلَهَا مَعَهُ، فَلَمَّا قَدِمُوا، قُرِّبَتْ لَهَا بَغْلَةٌ لِتَرْكَبَهَا، فَصَرَعَتْهَا، فَدُقَّتْ عُنُقُهَا، فَمَاتَتْ","english":{"narrator":"","text":""}},{"id":36,"idInBook":36,"chapterId":16,"bookId":9,"arabic":"أَخْبَرَنَا عَاصِمُ بْنُ يُوسُفَ  ، حَدَّثَنَا أَبُو إِسْحَاق الْفَزَارِيُّ  ، عَنْ هِشَامٍ  ، عَنْ حَفْصَةَ  ، عَنْ أُمِّ عَطِيَّةَ  ، قَالَتْ :\" غَزَوْتُ مَعَ النَّبِيِّ صَلَّى اللَّهُ عَلَيْهِ وَسَلَّمَ سَبْعَ غَزَوَاتٍ أُدَاوِي الْجَرِيحَ أَوِ الْجَرْحَى وَأَصْنَعُ لَهُمُ الطَّعَامَ، وَأَخْلُفُهُمْ فِي رِحَالِهِمْ \"","english":{"narrator":"","text":""}},{"id":37,"idInBook":37,"chapterId":16,"bookId":9,"arabic":"أَخْبَرَنَا أَبُو نُعَيْمٍ  ، حَدَّثَنَا عَبْدُ الْوَاحِدِ بْنُ أَيْمَنَ  ، قَالَ : حَدَّثَنِي ابْنُ أَبِي مُلَيْكَةَ  ، عَنْ الْقَاسِمِ بْنِ مُحَمَّدٍ  ، عَنْ عَائِشَةَ  ، قَالَتْ : \" كَانَ رَسُولُ اللَّهِ صَلَّى اللَّهُ عَلَيْهِ وَسَلَّمَ إِذَاخَرَجَ، أَقْرَعَ بَيْنَ نِسَائِهِ فَطَارَتْ الْقُرْعَةُ عَلَى عَائِشَةَ وَحَفْصَةَ ، فَخَرَجَتَا مَعَهُ جَمِيعًا \"","english":{"narrator":"","text":""}},{"id":38,"idInBook":38,"chapterId":16,"bookId":9,"arabic":"أَخْبَرَنَا أَبُو الْوَلِيدِ  ، حَدَّثَنَا لَيْثُ بْنُ سَعْدٍ  ، حَدَّثَنَا أَبُو عَقِيلٍ : زُهْرَةُ بْنُ مَعْبَدٍ  ، عَنْ أَبِي صَالِحٍ  مَوْلَى عُثْمَانَ، قَالَ : سَمِعْتُ عُثْمَانَ   عَلَى الْمِنْبَرِ وَهُوَ يَقُولُ : إِنِّي كُنْتُ كَتَمْتُكُمْ حَدِيثًا سَمِعْتُهُ مِنْ رَسُولِ اللَّهِ صَلَّى اللَّهُ عَلَيْهِ وَسَلَّمَ كَرَاهِيَةَ تَفَرُّقِكُمْ عَنِّي، ثُمَّ بَدَا لِي أَنْ أُحَدِّثَكُمُوهُ لِيَخْتَارَ امْرُؤٌ لِنَفْسِهِ مَا بَدَا لَهُ، إِنِّي سَمِعْتُ رَسُولَ اللَّهِ صَلَّى اللَّهُ عَلَيْهِ وَسَلَّمَ، يَقُولُ :\" رِبَاطُ يَوْمٍ فِي سَبِيلِ اللَّهِ خَيْرٌ مِنْ أَلْفِ يَوْمٍ فِيمَا سِوَاهُ مِنَ الْمَنَازِلِ \"","english":{"narrator":"","text":""}},{"id":39,"idInBook":39,"chapterId":16,"bookId":9,"arabic":"أَخْبَرَنَا عَبْدُ اللَّهِ بْنُ يَزِيدَ  ، حَدَّثَنَا ابْنُ لَهِيعَةَ  ، عَنْ مِشْرَحٍ  ، قَالَ : سَمِعْتُ عُقْبَةَ بْنَ عَامِرٍ  ، يَقُولُ : سَمِعْتُ رَسُولَ اللَّهِ صَلَّى اللَّهُ عَلَيْهِ وَسَلَّمَ، يَقُولُ :\" كُلُّ مَيِّتٍ يُخْتَمُ عَلَى عَمَلِهِ إِلَّا الْمُرَابِطَ فِي سَبِيلِ اللَّهِ فَإِنَّهُ يُجْرَى لَهُ عَمَلُهُ حَتَّى يُبْعَثَ \"","english":{"narrator":"","text":""}},{"id":40,"idInBook":40,"chapterId":16,"bookId":9,"arabic":"أَخْبَرَنَا يَعْلَى  ، حَدَّثَنَا زَكَرِيَّا  ، عَنْ عَامِرٍ  ، عَنْ عُرْوَةَ الْبَارِقِيِّ  ، قَالَ : قَالَ رَسُولُ اللَّهِ صَلَّى اللَّهُ عَلَيْهِ وَسَلَّمَ :\" الْخَيْلُ مَعْقُودٌ فِي بِنَوَاصِيهَا الْخَيْرُ إِلَى يَوْمِ الْقِيَامَةِ : الأَجْرُ وَالْمَغْنَمُ \"","english":{"narrator":"","text":""}},{"id":41,"idInBook":41,"chapterId":16,"bookId":9,"arabic":"أَخْبَرَنَا سَعِيدُ بْنُ الرَّبِيعِ  ، حَدَّثَنَا شُعْبَةُ  ، عَنْ حُصَيْنٍ  ، وَعَبْدِ اللَّهِ بْنِ أَبِي السَّفَرِ  ، عَنْ الشَّعْبِيِّ  ، عَنْ عُرْوَةَ الْبَارِقِيِّ  ، قَالَ : قَالَ رَسُولُ اللَّهِ صَلَّى اللَّهُ عَلَيْهِ وَسَلَّمَ :\" الْخَيْلُ مَعْقُودٌ فِي نَوَاصِيهَا الْخَيْرُ إِلَى يَوْمِ الْقِيَامَةِ : الْأَجْرُ وَالْمَغْنَمُ \"","english":{"narrator":"","text":""}},{"id":42,"idInBook":42,"chapterId":16,"bookId":9,"arabic":"أَخْبَرَنَا أَحْمَدُ بْنُ عَبْدِ الرَّحْمَنِ الدِّمَشْقِيُّ  ، حَدَّثَنَا الْوَلِيدُ  ، حَدَّثَنِي ابْنُ لَهِيعَةَ  ، عَنْ يَزِيدَ بْنِ أَبِي حَبِيبٍ  ، عَنْ عُلَيِّ بْنِ رَبَاحٍ  ، عَنْ أَبِي قَتَادَةَ الْأَنْصَارِيِّ   : أَنَّ رَجُلًا، قَالَ : يَا رَسُولَ اللَّهِ، إِنِّي أُرِيدُ أَنْ أَشْتَرِيَ فَرَسًا، فَأَيُّهَا أَشْتَرِي؟.\nقَالَ :\" اشْتَرِ أَدْهَمَ، أَرْثَمَ، مُحَجَّلًا، طَلْقَ الْيَدِ الْيُمْنَى، أَوِ مِنَ الْكُمَيْتِ عَلَى هَذِهِ الشِّيَةِ، تَغْنَمْ وَتَسْلَمْ \"","english":{"narrator":"","text":""}},{"id":43,"idInBook":43,"chapterId":16,"bookId":9,"arabic":"حَدَّثَنَا خَالِدُ بْنُ مَخْلَدٍ  ، حَدَّثَنَا مَالِكٌ  ، عَنْ نَافِعٍ  ، عَنِ ابْنِ عُمَرَ  ، قَالَ : كَانَ رَسُولُ اللَّهِ صَلَّى اللَّهُ عَلَيْهِ وَسَلَّمَ\" يُسَابِقُ بَيْنَ الْخَيْلِ الْمُضَمَّرَةِ مِنْ الْحَفْيَاءِ إِلَى الثَّنِيَّةِ، وَالَّتِي لَمْ تُضَمَّرْ مِنَ الثَّنِيَّةِ إِلَى مَسْجِدِ بَنِي زُرَيْقٍ ، وَأَنَّ ابْنَ عُمَرَ كَانَ فِيمَنْ سَابَقَ بِهَا \"","english":{"narrator":"","text":""}},{"id":44,"idInBook":44,"chapterId":16,"bookId":9,"arabic":"أَخْبَرَنَا عَفَّانُ  ، حَدَّثَنَا سَعِيدُ بْنُ زَيْدٍ  ، حَدَّثَنِي الزُّبَيْرُ بْنُ الْخِرِّيتِ  ، عَنْ أَبِي لَبِيدٍ  ، قَالَ : \" أُجْرِيَتُ الْخَيْلُ فِي زَمَنِ الْحَجَّاجِ، وَالْحَكَمُ بْنُ أَيُّوبَ عَلَى الْبَصْرَةِ فَأَتَيْنَا الرِّهَانَ، فَلَمَّا جَاءَتِ الْخَيْلُ، قَالَ : قُلْنَا لَوْ مِلْنَا إِلَى أَنَسِ بْنِ مَالِكٍ   فَسَأَلْنَاهُ : أَكَانُوا يُرَاهِنُونَ عَلَى عَهْدِ رَسُولِ اللَّهِ صَلَّى اللَّهُ عَلَيْهِ وَسَلَّمَ؟.\nقَالَ : فَأَتَيْنَاهُ وَهُوَ فِي قَصْرِهِ فِي الزَّاوِيَةِ.\nفَسَأَلْنَاهُ فَقُلْنَا لَهُ : يَا أَبَا حَمْزَةَ، أَكُنْتُمْ تُرَاهِنُونَ عَلَى عَهْدِ رَسُولِ اللَّهِ صَلَّى اللَّهُ عَلَيْهِ وَسَلَّمَ؟.\nأَكَانَ رَسُولُ اللَّهِ صَلَّى اللَّهُ عَلَيْهِ وَسَلَّمَ يُرَاهِنُ؟.\nقَالَ : \" نَعَمْ،لَقَدْ رَاهَنَ وَالله عَلَى فَرَسٍ يُقَالَ لَهُ : سَبْحَةُ، فَسَبَقَ النَّاسَ، فَأُنْهِشَ لِذَلِكَ، وَأَعْجَبَهُ \".\n قَالَ أَبُو مُحَمَّد : أَنْهَشَهُ : يَعْنِي : أَعْجَبَهُ","english":{"narrator":"","text":""}},{"id":45,"idInBook":45,"chapterId":16,"bookId":9,"arabic":"أَخْبَرَنَا عَمْرُو بْنُ عَاصِمٍ  ، حَدَّثَنَا حَمَّادُ بْنُ سَلَمَةَ  ، حَدَّثَنَا حُمَيْدٌ  ، عَنْ أَنَسٍ   : أَنّ رَسُولَ اللَّهِ صَلَّى اللَّهُ عَلَيْهِ وَسَلَّمَ، قَالَ :\" جَاهِدُوا الْمُشْرِكِينَ بِأَمْوَالِكُمْ وَأَنْفُسِكُمْ وَأَلْسِنَتِكُمْ \"","english":{"narrator":"","text":""}},{"id":46,"idInBook":46,"chapterId":16,"bookId":9,"arabic":"أَخْبَرَنَا جَعْفَرُ بْنُ عَوْنٍ  ، حَدَّثَنَا إِسْمَاعِيل بْنُ أَبِي خَالِدٍ  ، عَنْ قَيْسِ بْنِ أَبِي حَازِمٍ  ، عَنِ الْمُغِيرَةِ بْنِ شُعْبَةَ  ، قَالَ : قَالَ رَسُولُ اللَّهِ صَلَّى اللَّهُ عَلَيْهِ وَسَلَّمَ :\" لَا يَزَالُ قَوْمٌ مِنْ أُمَّتِي ظَاهِرِينَ عَلَى النَّاسِ، حَتَّى يَأْتِيَ أَمْرُ اللَّهِ وَهُمْ ظَاهِرُونَ \"","english":{"narrator":"","text":""}},{"id":47,"idInBook":47,"chapterId":16,"bookId":9,"arabic":"أَخْبَرَنَا أَبُو بَكْرِ بْنُ بَشَّارٍ  ، حَدَّثَنَا أَبُو دَاوُدَ الطَّيَالِسِيُّ  ، حَدَّثَنَا هَمَّامٌ  ، عَنْ قَتَادَةَ  ، عَنْ عَبْدِ اللَّهِ بْنِ بُرَيْدَةَ  ، عَنْ سُلَيْمَانَ بْنِ الرَّبِيعِ  ، عَنْ عُمَرَ بْنِ الْخَطَّابِ  ، قَالَ : سَمِعْتُهُ يَقُولُ : قَالَ رَسُولُ اللَّهِ صَلَّى اللَّهُ عَلَيْهِ وَسَلَّمَ :\" لا يَزَالُ نَاسٌ مِنْ أُمَّتِي ظَاهِرِينَ عَلَى الْحَقِّ \"","english":{"narrator":"","text":""}},{"id":48,"idInBook":48,"chapterId":16,"bookId":9,"arabic":"أَخْبَرَنَا عَبْدُ اللَّهِ بْنُ مَسْلَمَةَ بْنِ قَعْنَبٍ  ، حَدَّثَنَا سُلَيْمَانُ هُوَ : ابْنُ الْمُغِيرَةِ  ، عَنْ حُمَيْدِ بْنِ هِلَالٍ  ، عَنْ عَبْدِ اللَّهِ بْنِ الصَّامِتِ  ، عَنْ أَبِي ذَرٍّ  ، قَالَ : قَالَ رَسُولُ اللَّهِ صَلَّى اللَّهُ عَلَيْهِ وَسَلَّمَ :\" إِنَّ مِنْ بَعْدِي مِنْ أُمَّتِي قَوْمًا يَقْرَءُونَ الْقُرْآنَ لا يُجَاوِزُ حَلاقِيمَهُمْ، يَخْرُجُونَ مِنَ الدِّينِ كَمَا يَخْرُجُ السَّهْمُ مِنَ الرَّمِيَّةِ ثُمَّ لا يَعُودُونَ فِيهِ، هُمْ شَرُّ الْخَلْقِ وَالْخَلِيقَةِ \".\nقَالَ سُلَيْمَانُ : قَالَ حُمَيْدٌ : قَالَ عَبْدُ اللَّهِ بْنُ الصَّامِتِ : فَلَقِيتُ رَافِعًا أَخَا الْحَكَمِ بْنِ عَمْرٍو الْغِفَارِيِّ، فَحَدَّثْتُهُ هَذَا الْحَدِيثَ.\nقَالَ رَافِعٌ   : وَأَنَا أَيْضًا سَمِعْتُهُ مِنْ رَسُولِ اللَّهِ صَلَّى اللَّهُ عَلَيْهِ وَسَلَّمَ","english":{"narrator":"","text":""}}],"chapter":{"id":16,"bookId":9,"arabic":"كِتَاب الْجِهَادِ","english":""}}