{
  "metadata": {
    "length": 75,
    "arabic": {
      "title": "سنن الدارمي",
      "author": "الإمام أبو محمد عبد الرحمن بن عبد الله بن الدارمي",
      "introduction": "وَمِنْ كِتَابِ الِاسْتِئْذَانِ"
    },
    "english": {
      "title": "Sunan al-Darimi",
      "author": "Imam Abu Muhammad Abd al-Rahman ibn Abd Allah ibn al-Darimi",
      "introduction": ""
    }
  },
  "hadiths": [
    {
      "id": 1,
      "idInBook": 1,
      "chapterId": 19,
      "bookId": 9,
      "arabic": "أَخْبَرَنَا أَبُو النُّعْمَانِ  ، حَدَّثَنَا يَزِيدُ بْنُ زُرَيْعٍ  ، حَدَّثَنَا دَاوُدُ  ، عَنْ أَبِي نَضْرَةَ  ، عَنْ أَبِي سَعِيدٍ الْخُدْرِيِّ  : أَنَّ أَبَا مُوسَى الْأَشْعَرِيَّ   اسْتَأْذَنَ عَلَى عُمَرَ ثَلَاثَ مَرَّاتٍ، فَلَمْ يُؤْذَنْ لَهُ، فَرَجَعَ، قَالَ : سَمِعْتُ رَسُولَ اللَّهِ صَلَّى اللَّهُ عَلَيْهِ وَسَلَّمَ، يَقُولُ :\" إِذَا اسْتَأْذَنَ الْمُسْتَأْذِنُ ثَلَاثَ مَرَّاتٍ : فَإِنْ أُذِنَ لَهُ وَإِلَّا، فَلْيَرْجِعْ \"، فَقَالَ : لَتَأْتِيَنَّ بِمَنْ يَشْهَدُ مَعَكَ، أَوْ لَأَفْعَلَنَّ، وَلَأَفْعَلَنَّ.\nقَالَ أَبُو سَعِيدٍ : فَأَتَانَا وَأَنَا فِي قَوْمٍ مِنْ أَصْحَابِ رَسُولِ اللَّهِ صَلَّى اللَّهُ عَلَيْهِ وَسَلَّمَ فِي الْمَسْجِدِ، وَهُوَ فَزِعٌ مِنْ وَعِيدِ عُمَرَ إِيَّاهُ، فَقَامَ عَلَيْنَا، فَقَالَ : أَنْشُدُ اللَّهَ مِنْكُمْ رَجُلًا سَمِعَ ذَلِكَ مِنْ رَسُولِ اللَّهِ صَلَّى اللَّهُ عَلَيْهِ وَسَلَّمَ إِلَّا شَهِدَ لِي بِهِ.\nقَالَ : فَرَفَعْتُ رَأْسِي، فَقُلْتُ : أَخْبِرْهُ أَنِّي مَعَكَ عَلَى هَذَا.\nوَقَالَ ذَاكَ آخَرُونَ، فَسُرِّيَ عَنْ أَبِي مُوسَى",
      "english": {
        "narrator": "",
        "text": ""
      },
      "turkish": {
        "narrator": "",
        "text": "It seems that there are no hadith texts provided for translation. Please provide the specific hadith texts you would like me to translate into Turkish, and I will be happy to assist you."
      }
    },
    {
      "id": 2,
      "idInBook": 2,
      "chapterId": 19,
      "bookId": 9,
      "arabic": "أَخْبَرَنَا سَعِيدُ بْنُ الرَّبِيعِ  ، حَدَّثَنَا شُعْبَةُ  ، عَنْ مُحَمَّدِ بْنِ الْمُنْكَدِرِ  ، قَالَ : سَمِعْتُ جَابِرَ بْنَ عَبْدِ اللَّهِ  ، قَالَ : أَتَيْتُ رَسُولَ اللَّهِ صَلَّى اللَّهُ عَلَيْهِ وَسَلَّمَ فَضَرَبْتُ بَابَهُ، فَقَالَ :\" مَنْ ذَا؟ \".\nفَقُلْتُ : أَنَا.\nقَالَ : \" أَنَا؟ أَنَا؟ ! \" فَكَرِهَ ذَاكَ",
      "english": {
        "narrator": "",
        "text": ""
      },
      "turkish": {
        "narrator": "",
        "text": ""
      }
    },
    {
      "id": 3,
      "idInBook": 3,
      "chapterId": 19,
      "bookId": 9,
      "arabic": "أَخْبَرَنَا مُحَمَّدُ بْنُ يُوسُفَ  ، حَدَّثَنَا سُفْيَانُ  ، قَالَ : سَمِعْتُ مُحَارِبَ بْنَ دِثَارٍ  يَذْكُرُ، عَنْ جَابِرِ بْنِ عَبْدِ اللَّهِ  ، قَالَ : \" نَهَى رَسُولُ اللَّهِ صَلَّى اللَّهُ عَلَيْهِ وَسَلَّمَ أَنْيَطْرُقَ الرَّجُلُ أَهْلَهُ لَيْلًا، أَوْ يُخَوِّنَهُمْ، أَوْ يَلْتَمِسَ عَثَرَاتِهِمْ \".\nقَالَ سُفْيَانُ : قَوْلُهُ : أَوْ يُخَوِّنَهُمْ، أَوْ يَلْتَمِسَ عَثَرَاتِهِمْ، مَا أَدْرِي : شَيْءٌ.\nقَالَهُ مُحَارِبٌ : أَوْ شَيْءٌ هُوَ فِي الْحَدِيثِ",
      "english": {
        "narrator": "",
        "text": ""
      },
      "turkish": {
        "narrator": "",
        "text": ""
      }
    },
    {
      "id": 4,
      "idInBook": 4,
      "chapterId": 19,
      "bookId": 9,
      "arabic": "أَخْبَرَنَا سَعِيدُ بْنُ عَامِرٍ  ، عَنْ عَوْفٍ  ، عَنْ زُرَارَةَ بْنِ أَوْفَى  ، عَنْ عَبْدِ اللَّهِ بْنِ سَلَامٍ  ، قَالَ : لَمَّا قَدِمَ رَسُولُ اللَّهِ صَلَّى اللَّهُ عَلَيْهِ وَسَلَّمَ الْمَدِينَةَ ، اسْتَشْرَفَهُ النَّاسُ، فَقَالُوا : قَدِمَ رَسُولُ اللَّهِ صَلَّى اللَّهُ عَلَيْهِ وَسَلَّمَ.\nقَالَ : فَخَرَجْتُ فِيمَنْ خَرَجَ، فَلَمَّا رَأَيْتُ وَجْهَهُ، عَرَفْتُ أَنَّ وَجْهَهُ لَيْسَ بِوَجْهِ كَذَّابٍ.\nفَكَانَ أَوَّلَ مَا سَمِعْتُهُ، يَقُولُ : \" يَا أَيُّهَا النَّاسُ،أَفْشُوا السَّلَامَ، وَأَطْعِمُوا الطَّعَامَ، وَصِلُوا الْأَرْحَامَ، وَصَلُّوا وَالنَّاسُ نِيَامٌ، تَدْخُلُوا الْجَنَّةَ بِسَلَامٍ \"",
      "english": {
        "narrator": "",
        "text": ""
      },
      "turkish": {
        "narrator": "",
        "text": ""
      }
    },
    {
      "id": 5,
      "idInBook": 5,
      "chapterId": 19,
      "bookId": 9,
      "arabic": "أَخْبَرَنَا عُبَيْدُ اللَّهِ  ، عَنْ إِسْرَائِيلَ  ، عَنْ أَبِي إِسْحَاق  ، عَنْ الْحَارِثِ  ،  عَنْ عَلِيٍّ  ، قَالَ : قَالَ رَسُولُ اللَّهِ صَلَّى اللَّهُ عَلَيْهِ وَسَلَّمَ :\" لِلْمُسْلِمِ عَلَى الْمُسْلِمِ سِتٌّ : يُسَلِّمُ عَلَيْهِ إِذَا لَقِيَهُ وَيُشَمِّتُهُ إِذَا عَطَسَ، وَيَعُودُهُ إِذَا مَرِضَ، وَيُجِيبُهُ إِذَا دَعَاهُ، وَيَشْهَدُهُ إِذَا تُوُفِّيَ، وَيُحِبُّ لَهُ مَا يُحِبُّ لِنَفْسِهِ، وَيَنْصَحُ لَهُ بِالْغَيْبِ \"",
      "english": {
        "narrator": "",
        "text": ""
      },
      "turkish": {
        "narrator": "",
        "text": ""
      }
    },
    {
      "id": 6,
      "idInBook": 6,
      "chapterId": 19,
      "bookId": 9,
      "arabic": "أَخْبَرَنَا عَبْدُ اللَّهِ بْنُ يَزِيدَ  ، حَدَّثَنَا حَيْوَةُ  ، أَخْبَرَنَا أَبُو هَانِئٍ الْخَوْلَانِيُّ  : أَنَّ أَبَا عَلِيٍّ الْجَنْبِيَّ  حَدَّثَهُ، عَنْ فَضَالَةَ بْنِ عُبَيْدٍ  ، عَنْ رَسُولِ اللَّهِ صَلَّى اللَّهُ عَلَيْهِ وَسَلَّمَ، قَالَ :\" يُسَلِّمُ الرَّاكِبُ عَلَى الْمَاشِي، وَالْقَائِمُ عَلَى الْقَاعِدِ، وَالْقَلِيلُ عَلَى الْكَثِيرِ \"",
      "english": {
        "narrator": "",
        "text": ""
      },
      "turkish": {
        "narrator": "",
        "text": ""
      }
    },
    {
      "id": 7,
      "idInBook": 7,
      "chapterId": 19,
      "bookId": 9,
      "arabic": "أَخْبَرَنَا خَالِدُ بْنُ مَخْلَدٍ  ، حَدَّثَنَا مَالِكٌ  ، عَنْ عَبْدِ اللَّهِ بْنِ دِينَارٍ  ، عَنِ ابْنِ عُمَرَ  ، قَالَ : قَالَ رَسُولُ اللَّهِ صَلَّى اللَّهُ عَلَيْهِ وَسَلَّمَ :\" إِنَّ الْيَهُودَ إِذَا سَلَّمَ أَحَدُهُمْ، فَإِنَّمَا يَقُولُ : السَّامُ عَلَيْكَ.\nقُلْ : عَلَيْكَ \"",
      "english": {
        "narrator": "",
        "text": ""
      },
      "turkish": {
        "narrator": "",
        "text": ""
      }
    },
    {
      "id": 8,
      "idInBook": 8,
      "chapterId": 19,
      "bookId": 9,
      "arabic": "حَدَّثَنَا سَهْلُ بْنُ حَمَّادٍ  ، حَدَّثَنَا شُعْبَةُ  ، عَنْ سَيَّارٍ  ، قَالَ : كُنْتُ أَمْشِي مَعَ ثَابِتٍ الْبُنَانِيِّ، فَمَرَّ بِصِبْيَانٍ، فَسَلَّمَ عَلَيْهِمْ، وَحَدَّثَ ثَابِتٌ  أَنَّهُ كَانَ مَعَ أَنَسٍ فَمَرَّ بِصِبْيَانٍ فَسَلَّمَ عَلَيْهِمْ، وَحَدَّثَ أَنَسٌ   : \" أَنَّهُ كَانَ مَعَ النَّبِيِّ صَلَّى اللَّهُ عَلَيْهِ وَسَلَّمَفَمَرَّ بِصِبْيَانٍ، فَسَلَّمَ عَلَيْهِمْ \"",
      "english": {
        "narrator": "",
        "text": ""
      },
      "turkish": {
        "narrator": "",
        "text": ""
      }
    },
    {
      "id": 9,
      "idInBook": 9,
      "chapterId": 19,
      "bookId": 9,
      "arabic": "أَخْبَرَنَا الْحَكَمُ بْنُ نَافِعٍ  ، عَنْ شُعَيْبِ بْنِ أَبِي حَمْزَةَ  ، عَنْ ابْنِ أَبِي حُسَيْنٍ  ، حَدَّثَنِي شَهْرٌ  ،  عَنْ أَسْمَاءَ بِنْتِ يَزِيدَ بْنِ السَّكَنِ   إِحْدَى نِسَاءِ بَنِي عَبْدِ الْأَشْهَلِ \" أَنَّهَا بَيْنَا هِيَ فِينِسْوَةٍ مَرَّ عَلَيْهِنَّ النَّبِيُّ صَلَّى اللَّهُ عَلَيْهِ وَسَلَّمَ فَسَلَّمَ عَلَيْهِنَّ \"",
      "english": {
        "narrator": "",
        "text": ""
      },
      "turkish": {
        "narrator": "",
        "text": ""
      }
    },
    {
      "id": 10,
      "idInBook": 10,
      "chapterId": 19,
      "bookId": 9,
      "arabic": "أَخْبَرَنَا الْحَكَمُ بْنُ نَافِعٍ  ، عَنْ شُعَيْبِ بْنِ أَبِي حَمْزَةَ  ، عَنْ الزُّهْرِيِّ  ، قَالَ : حَدَّثَنِي أَبُو سَلَمَةَ بْنُ عَبْدِ الرَّحْمَنِ  : أَنَّ عَائِشَةَ   زَوْجَ النَّبِيِّ صَلَّى اللَّهُ عَلَيْهِ وَسَلَّمَ، قَالَتْ : قَالَ رَسُولُ اللَّهِ صَلَّى اللَّهُ عَلَيْهِ وَسَلَّمَ : \" يَا عَائِشُهَذَا جِبْرِيلُ يَقْرَأُ عَلَيْكِ السَّلَامَ \".\nقَالَتْ : وَعَلَيْهِ السَّلَامُ وَرَحْمَةُ اللَّهِ وَبَرَكاتُهُ.\n قَالَتْ : وَهُوَ يَرَى مَا لَا أَرَى",
      "english": {
        "narrator": "",
        "text": ""
      },
      "turkish": {
        "narrator": "",
        "text": ""
      }
    },
    {
      "id": 11,
      "idInBook": 11,
      "chapterId": 19,
      "bookId": 9,
      "arabic": "حَدَّثَنَا عَبْدُ اللَّهِ بْنُ مَسْلَمَةَ  ، حَدَّثَنَا سُلَيْمَانُ هُوَ : ابْنُ الْمُغِيرَةِ  ، عَنْ حُمَيْدِ بْنِ هِلَالٍ  ، عَنْ عَبْدِ اللَّهِ بْنِ الصَّامِتِ  ، عَنْ أَبِي ذَرٍّ  ، قَالَ : صَلَّى رَسُولُ اللَّهِ صَلَّى اللَّهُ عَلَيْهِ وَسَلَّمَ فَأَتَيْتُهُ حِينَ قَضَى صَلَاتَهُ، فَكُنْتُ أَوَّلَ مَنْ حَيَّا بِتَحِيَّةِ الْإِسْلَامِ.\nقَالَ :\" عَلَيْكَ السَّلَامُ وَرَحْمَةُ اللَّهِ، مِمَّنْ أَنْتَ؟ \".\nقَالَ : قُلْتُ : مِنْ غِفَارٍ.\nقَالَ : فَأَهْوَى بِيَدِهِ.\nقُلْتُ فِي نَفْسِي : كَرِهَ أَنِّي انْتَمَيْتُ إِلَى غِفَارٍ",
      "english": {
        "narrator": "",
        "text": ""
      },
      "turkish": {
        "narrator": "",
        "text": ""
      }
    },
    {
      "id": 12,
      "idInBook": 12,
      "chapterId": 19,
      "bookId": 9,
      "arabic": "حَدَّثَنَا مُحَمَّدُ بْنُ كَثِيرٍ  ، حَدَّثَنَا جَعْفَرُ بْنُ سُلَيْمَانَ  ، عَنْ عَوْفٍ  ، عَنْ أَبِي رَجَاءٍ  ، عَنْ عِمْرَانَ بْنِ حُصَيْنٍ  ، قَالَ : جَاءَ رَجُلٌ إِلَى النَّبِيِّ صَلَّى اللَّهُ عَلَيْهِ وَسَلَّمَ، فَقَالَ : السَّلَامُ عَلَيْكُمْ، فَرَدَّ عَلَيْهِ وَقَالَ :\" عَشْرٌ \".\nثُمَّ جَاءَ رَجُلٌ فَسَلَّمَ، فَقَالَ : السَّلَامُ عَلَيْكُمْ وَرَحْمَةُ اللَّهِ، فَرَدَّ عَلَيْهِ، فَقَالَ : \" عِشْرُونَ \".\nثُمَّ جَاءَ رَجُلٌ فَسَلَّمَ، فَقَالَ : السَّلَامُ عَلَيْكُمْ وَرَحْمَةُ اللَّهِ وَبَرَكَاتُهُ، فَرَدَّ عَلَيْهِ وَقَالَ : \" ثَلَاثُونَ \"",
      "english": {
        "narrator": "",
        "text": ""
      },
      "turkish": {
        "narrator": "",
        "text": ""
      }
    },
    {
      "id": 13,
      "idInBook": 13,
      "chapterId": 19,
      "bookId": 9,
      "arabic": "أَخْبَرَنَا إِسْحَاق  ، حَدَّثَنَا مُعَاذُ بْنُ هِشَامٍ  ، حَدَّثَنِي أَبِي  ، عَنْ قَتَادَةَ  ، عَنْ الْحَسَنِ  ، عَنْ الْحُضَيْنِ  ، عَنِ الْمُهَاجِرِ بْنِ قُنْفُذٍ   : أَنَّهُ سَلَّمَ عَلَى النَّبِيِّ صَلَّى اللَّهُ عَلَيْهِ وَسَلَّمَ وَهُوَ يَبُولُ،\" فَلَمْ يَرُدَّ عَلَيْهِ السَّلَامَ حَتَّى تَوَضَّأَ، فَلَمَّا تَوَضَّأَ، رَدَّهُ عَلَيْهِ \"",
      "english": {
        "narrator": "",
        "text": ""
      },
      "turkish": {
        "narrator": "",
        "text": ""
      }
    },
    {
      "id": 14,
      "idInBook": 14,
      "chapterId": 19,
      "bookId": 9,
      "arabic": "أَخْبَرَنَا يَحْيَى بْنُ بِسْطَامَ  ، حَدَّثَنَا لَيْثُ بْنُ سَعْدٍ  ، عَنْ يَزِيدَ بْنِ أَبِي حَبِيبٍ  ، عَنْ أَبِي الْخَيْرِ  ، عَنْ عُقْبَةَ بْنِ عَامِرٍ  ، قَالَ : قَالَ رَسُولُ اللَّهِ صَلَّى اللَّهُ عَلَيْهِ وَسَلَّمَ :\" لَا تَدْخُلُوا عَلَى النِّسَاءِ \".\nقِيلَ : يَا رَسُولَ اللَّهِ إِلَّا الْحَمْوُ.\nقَالَ : \" الْحَمْوُ : الْمَوْتُ \".\n قَالَ يَحْيَى : الْحَمْوُ : يَعْنِي قَرَابَةَ الزَّوْجِ",
      "english": {
        "narrator": "",
        "text": ""
      },
      "turkish": {
        "narrator": "",
        "text": ""
      }
    },
    {
      "id": 15,
      "idInBook": 15,
      "chapterId": 19,
      "bookId": 9,
      "arabic": "حَدَّثَنَا مُحَمَّدُ بْنُ يُوسُفَ  ، وَأَبُو نُعَيْمٍ  ، عَنْ سُفْيَانَ  ، عَنْ يُونُسَ  ، عَنْ عَمْرِو بْنِ سَعِيدٍ  ، عَنْ أَبِي زُرْعَةَ بْنِ عَمْرِو بْنِ جَرِيرٍ  ، عَنْ أَبيهِ، عَنْ جَدِّهِ  ، قَالَ : سَأَلْتُ النَّبِيَّ صَلَّى اللَّهُ عَلَيْهِ وَسَلَّمَ عَنْ نَظْرَةِ الْفَجْأَةِ، فَقَالَ :\" اصْرِفْ بَصَرَكَ \"",
      "english": {
        "narrator": "",
        "text": ""
      },
      "turkish": {
        "narrator": "",
        "text": ""
      }
    },
    {
      "id": 16,
      "idInBook": 16,
      "chapterId": 19,
      "bookId": 9,
      "arabic": "أَخْبَرَنَا أَحْمَدُ بْنُ خَالِدٍ  ، حَدَّثَنَا مُحَمَّدٌ هُوَ : ابْنُ إِسْحَاق  ، عَنْ نَافِعٍ  ، عَنْ صَفِيَّةَ بِنْتِ أَبِي عُبَيْدٍ  ،  عَنْ أُمِّ سَلَمَةَ   زَوْجِ النَّبِيِّ صَلَّى اللَّهُ عَلَيْهِ وَسَلَّمَ، قَالَتْ : سُئِلَ النَّبِيُّ صَلَّى اللَّهُ عَلَيْهِ وَسَلَّمَ عَنْ ذَيْلِ الْمَرْأَةِ، فَقَالَ : \" شِبْرًا \"، فَقُلْتُ : يَا رَسُولَ اللَّهِ، إِذَنْ تَبْدُوَ أَقْدَامُهُنَّ؟، قَالَ :\" فَذِرَاعًا لَا يَزِدْنَ عَلَيْهِ \".\nقَالَ عَبْد اللَّهِ : النَّاسُ يَقُولُونَ : عَنْ نَافِعٍ، عَنْ سُلَيْمَانَ بْنِ يَسَارٍ",
      "english": {
        "narrator": "",
        "text": ""
      },
      "turkish": {
        "narrator": "",
        "text": "It seems that there are no hadith texts provided for translation. Please provide the hadith texts you would like to have translated into Turkish, and I will be happy to assist you."
      }
    },
    {
      "id": 17,
      "idInBook": 17,
      "chapterId": 19,
      "bookId": 9,
      "arabic": "أَخْبَرَنَا مُحَمَّدُ بْنُ يُوسُفَ  ، حَدَّثَنَا سُفْيَانُ  ، عَنْ مَنْصُورٍ  ، حَدَّثَنِي رِبْعِيُّ بْنُ حِرَاشٍ  ، عَنِ امْرَأَتِهِ  ، عَنْ أُخْتٍ لِحُذَيْفَةَ  ، قَالَتْ : خَطَبَنَا رَسُولُ اللَّهِ صَلَّى اللَّهُ عَلَيْهِ وَسَلَّمَ، فَقَالَ : \" يَا مَعْشَرَ النِّسَاءِ،أَمَا لَكُنَّ فِي الْفِضَّةِ مَا تَحَلَّيْنَ بِهِ؟ أَمَا إِنَّهُ لَيْسَتْ مِنْكُنَّ امْرَأَةٌ تَحَلَّى الذَّهَبَ فَتُظْهِرَهُ، إِلَّا عُذِّبَتْ بِهِ \"",
      "english": {
        "narrator": "",
        "text": ""
      },
      "turkish": {
        "narrator": "",
        "text": ""
      }
    },
    {
      "id": 18,
      "idInBook": 18,
      "chapterId": 19,
      "bookId": 9,
      "arabic": "أَخْبَرَنَا أَبُو عَاصِمٍ  ، عَنْ ثَابِتِ بْنِ عُمَارَةَ  ، عَنْ غُنَيْمِ بْنِ قَيْسٍ  ، عَنْ أَبِي مُوسَى   :\" أَيُّمَا امْرَأَةٍ اسْتَعْطَرَتْ، ثُمَّ خَرَجَتْ لِيُوجَدَ رِيحُهَا، فَهِيَ زَانِيَةٌ، وَكُلُّ عَيْنٍ زَانٍ \".\nوَقَالَ أَبُو عَاصِمٍ : يَرْفَعُهُ بَعْضُ أَصْحَابِنَا",
      "english": {
        "narrator": "",
        "text": ""
      },
      "turkish": {
        "narrator": "",
        "text": ""
      }
    },
    {
      "id": 19,
      "idInBook": 19,
      "chapterId": 19,
      "bookId": 9,
      "arabic": "أَخْبَرَنَا مُحَمَّدُ بْنُ يُوسُفَ  ، عَنْ سُفْيَانَ  ، عَنْ مَنْصُورٍ  ، عَنْ إِبْرَاهِيمَ  ، عَنْ عَلْقَمَةَ  ،  عَنْ عَبْدِ اللَّهِ  ، قَالَ :\" لَعَنَ اللَّهُ الْوَاشِمَاتِ، ، وَالْمُتَنَمِّصَاتِ، وَالْمُتَفَلِّجَاتِ لِلْحُسْنِ الْمُغَيِّرَاتِ خَلْقَ اللَّهِ \"، فَبَلَغَ ذَلِكَ امْرَأَةً مِنْ بَنِي أَسَدٍ يُقَالُ لَهَا : أُمُّ يَعْقُوبَ ، فَجَاءَتْ فَقَالَتْ : بَلَغَنِي أَنَّكَ لَعَنْتَ كَيْتَ وَكَيْتَ؟، فَقَالَ : وَمَا لِي لَا أَلْعَنُ مَنْ لَعَنَ رَسُولُ اللَّهِ صَلَّى اللَّهُ عَلَيْهِ وَسَلَّمَ، وَهُوَ فِي كِتَابِ اللَّهِ؟، فَقَالَتْ : لَقَدْ قَرَأْتُ مَا بَيْنَ اللَّوْحَيْنِ، فَمَا وَجَدْتُ فِيهِ مَا تَقُولُ.\nقَالَ : لَئِنْ كُنْتِ قَرَأْتِيهِ، لَقَدْ وَجَدْتِيهِ، أَمَا قَرَأْتِ # وَمَا آتَاكُمُ الرَّسُولُ فَخُذُوهُ وَمَا نَهَاكُمْ عَنْهُ فَانْتَهُوا وَاتَّقُوا اللَّهَ إِنَّ اللَّهَ شَدِيدُ الْعِقَابِ سورة الحشر آية 7 #؟، فَقَالَتْ : بَلَى.\nقَالَ : فَإِنَّهُ قَدْ نَهَى عَنْهُ، فَقَالَتْ : فَإِنِّي أَرَى أَهْلَكَ يَفْعَلُونَهُ؟.\nقَالَ : فَادْخُلِي فَانْظُرِي.\nفَدَخَلَتْ فَنَظَرَتْ، فَلَمْ تَرَ مِنْ حَاجَتِهَا شَيْئًا، فَقَالَ : لَوْ كَانَتْ كَذَلِكَ مَا جَامَعْتُهَا",
      "english": {
        "narrator": "",
        "text": ""
      },
      "turkish": {
        "narrator": "",
        "text": ""
      }
    },
    {
      "id": 20,
      "idInBook": 20,
      "chapterId": 19,
      "bookId": 9,
      "arabic": "أَخْبَرَنَا عُثْمَانُ بْنُ مُحَمَّدٍ  ، حَدَّثَنَا زَيْدُ بْنُ الْحُبَابِ  ، حَدَّثَنِي يَحْيَى بْنُ أَيُّوبَ الْحَضْرَمِيُّ  ، أَخْبَرَنِي عَيَّاشُ بْنُ عَبَّاسٍ الْحِمْيَرِيُّ  ، عَنْ أَبِي الْحُصَيْنِ الْحَجْرِيِّ  ، عَنْ أَبِي عَامِرٍ  ، قَالَ : سَمِعْتُ أَبَا رَيْحَانَةَ   صَاحِبَ رَسُولِ اللَّهِ صَلَّى اللَّهُ عَلَيْهِ وَسَلَّمَ، يَقُولُ : كَانَ رَسُولُ اللَّهِ صَلَّى اللَّهُ عَلَيْهِ وَسَلَّمَ \" يَنْهَى عَنْعَشْرِ خِصَالٍ : مُكَامَعَةِ الرَّجُلِ الرَّجُلَ فِي شِعَارٍ وَاحِدٍ لَيْسَ بَيْنَهُمَا شَيْءٌ.\nوَمُكَامَعَةِ الْمَرْأَةِ الْمَرْأَةَ فِي شِعَارٍ وَاحِدٍ لَيْسَ بَيْنَهُمَا شَيْءٌ.\nوَالنَّتْفِ، وَالْوَشْمِ، وَالنُّهْبَةِ، وَرُكُوبِ النُّمُورِ، وَاتِّخَاذِ الدِّيبَاجِ هَاهُنَا عَلَى الْعَاتِقَيْنِ، وَفِي أَسْفَلِ الثِّيَابِ \".\n قَالَ عَبْد اللَّهِ : أَبُو عَامِرٍ.\nشَيْخٌ لَهُمْ، وَالْمُكَامَعَةُ : الْمُضَاجَعَةُ",
      "english": {
        "narrator": "",
        "text": ""
      },
      "turkish": {
        "narrator": "",
        "text": ""
      }
    },
    {
      "id": 21,
      "idInBook": 21,
      "chapterId": 19,
      "bookId": 9,
      "arabic": "أَخْبَرَنَا يَزِيدُ بْنُ هَارُونَ  ، وَوَهْبُ بْنُ جَرِيرٍ  ، قَالَا : حَدَّثَنَا هِشَامٌ هُوَ الدَّسْتَوَائِيُّ  ، عَنْ يَحْيَى  ، عَنْ عِكْرِمَةَ  ، عَنِ ابْنِ عَبَّاسٍ   : أَنّ النَّبِيَّ صَلَّى اللَّهُ عَلَيْهِ وَسَلَّمَ لَعَنَالْمُخَنَّثِينَ مِنَ الرِّجَالِ، وَالْمُتَرَجِّلَاتِ مِنَ النِّسَاءِ، وَقَالَ : \" أَخْرِجُوهُمْ مِنْ بُيُوتِكُمْ \".\nقَالَ : فَأَخْرَجَ النَّبِيُّ صَلَّى اللَّهُ عَلَيْهِ وَسَلَّمَ فُلَانًا، وَأَخْرَجَ عُمَرُ فُلَانًا أَوْ فُلَانَةً.\n قَالَ عَبْد اللَّهِ : فَأَشُكُّ",
      "english": {
        "narrator": "",
        "text": ""
      },
      "turkish": {
        "narrator": "",
        "text": ""
      }
    },
    {
      "id": 22,
      "idInBook": 22,
      "chapterId": 19,
      "bookId": 9,
      "arabic": "أَخْبَرَنَا الْحَكَمُ بْنُ الْمُبَارَكِ  ، أَخْبَرَنَا مَالِكٌ  ، عَنْ أَبِي النَّضْرِ  ، عَنْ زُرْعَةَ بْنِ عَبْدِ الرَّحْمَنِ  ، عَنْ أَبِيهِ   وَكَانَ مِنْ أَصْحَابِ الصُّفَّةِ، قَالَ : جَلَسَ عِنْدَنَا رَسُولُ اللَّهِ صَلَّى اللَّهُ عَلَيْهِ وَسَلَّمَ وَفَخِذِي مُنْكَشِفَةٌ، فَقَالَ :\" خَمِّرْ عَلَيْكَ، أَمَا عَلِمْتَ أَنَّ الْفَخِذَ عَوْرَةٌ؟ \"",
      "english": {
        "narrator": "",
        "text": ""
      },
      "turkish": {
        "narrator": "",
        "text": ""
      }
    },
    {
      "id": 23,
      "idInBook": 23,
      "chapterId": 19,
      "bookId": 9,
      "arabic": "أَخْبَرَنَا يَعْلَى  ، حَدَّثَنَا الْأَعْمَشُ  ، عَنْ عَمْرِو بْنِ مُرَّةَ  ، عَنْ سَالِمِ بْنِ أَبِي الْجَعْدِ  ، قَالَ : دَخَلَ عَلَى عَائِشَةَ   نِسْوَةٌ مِنْ أَهْلِ حِمْصَ يَسْتَفْتِينَهَا، فَقَالَتْ : لَعَلَّكُنَّ مِنَ النِّسْوَةِ اللَّاتِي يَدْخُلْنَ الْحَمَّامَاتِ؟.\nقُلْنَ : نَعَمْ.\nقَالَتْ : سَمِعْتُ رَسُولَ اللَّهِ صَلَّى اللَّهُ عَلَيْهِ وَسَلَّمَ، يَقُولُ :\" مَا مِنْ امْرَأَةٍ تَضَعُ ثِيَابَهَا فِي غَيْرِ بَيْتِ زَوْجِهَا، إِلَّا هَتَكَتْ مَا بَيْنَهَا وَبَيْنَ اللَّهِ G \".\nقَالَ أَبُو مُحَمَّد : أَخْبَرَنَا عُبَيْدُ اللَّهِ  ، عَنْ إِسْرَائِيلَ  ، عَنْ مَنْصُورٍ  ، عَنْ سَالِمٍ  ، عَنْ أَبِي الْمَلِيحِ  ، عَنْ عَائِشَةَ  ، هَذَا الْحَدِيثَ",
      "english": {
        "narrator": "",
        "text": ""
      },
      "turkish": {
        "narrator": "",
        "text": ""
      }
    },
    {
      "id": 24,
      "idInBook": 24,
      "chapterId": 19,
      "bookId": 9,
      "arabic": "أَخْبَرَنَا مُسَدَّدٌ  ، حَدَّثَنَا بِشْرُ بْنُ الْمُفَضَّلِ  ، حَدَّثَنَا عُبَيْدُ اللَّهِ  ، عَنْ نَافِعٍ  ، عَنِ ابْنِ عُمَرَ  ، قَالَ : قَالَ رَسُولُ اللَّهِ صَلَّى اللَّهُ عَلَيْهِ وَسَلَّمَ :\" لَا يُقِيمُ الرَّجُلُ يَعْنِي : أَخَاهُ مِنْ مَجْلِسِهِ، ثُمَّ يَقْعُدُ فِيهِ، وَلَكِنْ تَفَسَّحُوا وَتَوَسَّعُوا \"",
      "english": {
        "narrator": "",
        "text": ""
      },
      "turkish": {
        "narrator": "",
        "text": ""
      }
    },
    {
      "id": 25,
      "idInBook": 25,
      "chapterId": 19,
      "bookId": 9,
      "arabic": "حَدَّثَنَا أَحْمَدُ بْنُ عَبْدِ اللَّهِ  ، حَدَّثَنَا زُهَيْرٌ  ، حَدَّثَنَا سُهَيْلٌ  ، عَنْ أَبِيهِ  ،  عَنْ أَبِي هُرَيْرَةَ  ، قَالَ : قَالَ رَسُولُ اللَّهِ صَلَّى اللَّهُ عَلَيْهِ وَسَلَّمَ :\" إِذَا قَامَ أَحَدُكُمْ أَوِ الرَّجُلُ مِنْ مَجْلِسِهِ ثُمَّ رَجَعَ إِلَيْهِ، فَهُوَ أَحَقُّ بِهِ \"",
      "english": {
        "narrator": "",
        "text": ""
      },
      "turkish": {
        "narrator": "",
        "text": ""
      }
    },
    {
      "id": 26,
      "idInBook": 26,
      "chapterId": 19,
      "bookId": 9,
      "arabic": "أَخْبَرَنَا أَبُو الْوَلِيدِ الطَّيَالِسِيُّ  ، حَدَّثَنَا شُعْبَةُ  ، حَدَّثَنَا أَبُو إِسْحَاق  ، عَنِ الْبَرَاءِ   : أَنّ رَسُولَ اللَّهِ صَلَّى اللَّهُ عَلَيْهِ وَسَلَّمَ مَرَّ بِنَاسٍ جُلُوسٍ مِنَ الْأَنْصَارِ، فَقَالَ :\" إِنْ كُنْتُمْ لَا بُدَّ فَاعِلِينَ، فَاهْدُوا السَّبِيلَ، وَأَفْشُوا السَّلَامَ، وَأَعِينُوا الْمَظْلُومَ \".\nقَالَ شُعْبَةُ : لَمْ يَسْمَعْ هَذَا الْحَدِيثَ أَبُو إِسْحَاق مِنَ الْبَرَاءِ",
      "english": {
        "narrator": "",
        "text": ""
      },
      "turkish": {
        "narrator": "",
        "text": ""
      }
    },
    {
      "id": 27,
      "idInBook": 27,
      "chapterId": 19,
      "bookId": 9,
      "arabic": "أَخْبَرَنَا مُحَمَّدُ بْنُ أَحْمَدَ بْنِ أَبِي خَلَفٍ  ، حَدَّثَنَا سُفْيَانُ  ، قَالَ : سَمِعْتُ الزُّهْرِيَّ  يُحَدِّثُ، عَنْ عَبَّادِ بْنِ تَمِيمٍ  ، عَنْ عَمِّهِ  ، قَالَ : رَأَيْتُ رَسُولَ اللَّهِ صَلَّى اللَّهُ عَلَيْهِ وَسَلَّمَ\" مُسْتَلْقِيًا فِي الْمَسْجِدِ، وَاضِعًا إِحْدَى رِجْلَيْهِ عَلَى الْأُخْرَى \"",
      "english": {
        "narrator": "",
        "text": ""
      },
      "turkish": {
        "narrator": "",
        "text": ""
      }
    },
    {
      "id": 28,
      "idInBook": 28,
      "chapterId": 19,
      "bookId": 9,
      "arabic": "أَخْبَرَنَا عُبَيْدُ اللَّهِ بْنُ مُوسَى  ، عَنْ الْأَعْمَشِ  ، عَنْ أَبِي وَائِلٍ  ، عَنْ عَبْدِ اللَّهِ  ، قَالَ : قَالَ رَسُولُ اللَّهِ صَلَّى اللَّهُ عَلَيْهِ وَسَلَّمَ :\" إِذَا كُنْتُمْ ثَلَاثَةً، فَلَا يَتَنَاجَى اثْنَانِ دُونَ صَاحِبِهِمَا، فَإِنَّ ذَلِكَ يُحْزِنُهُ \"",
      "english": {
        "narrator": "",
        "text": ""
      },
      "turkish": {
        "narrator": "",
        "text": ""
      }
    },
    {
      "id": 29,
      "idInBook": 29,
      "chapterId": 19,
      "bookId": 9,
      "arabic": "حَدَّثَنَا يَعْلَى بْنُ عُبَيْدٍ،  حَدَّثَنَا حَجَّاجٌ يَعْنِي : ابْنَ دِينَارٍ  ، عَنْ أَبِي هَاشِمٍ  ، عَنْ رُفَيْعٍ : أَبِي الْعَالِيَةِ  ، عَنْ أَبِي بَرْزَةَ الْأَسْلَمِيِّ  ، قَالَ : لَمَّا كَانَ بِأَخَرَةٍ، كَانَ رَسُولُ اللَّهِ صَلَّى اللَّهُ عَلَيْهِ وَسَلَّمَ إِذَا جَلَسَ فِي الْمَجْلِسِ فَأَرَادَ أَنْ يَقُومَ، قَالَ :\" سُبْحَانَكَ اللَّهُمَّ وَبِحَمْدِكَ، أَشْهَدُ أَنْ لَا إِلَهَ إِلَّا أَنْتَ، أَسْتَغْفِرُكَ وَأَتُوبُ إِلَيْكَ \".\nفَقَالُوا : يَا رَسُولَ اللَّهِ، إِنَّكَ لَتَقُولُ الْآنَ كَلَامًا، مَا كُنْتَ تَقُولُهُ فِيمَا خَلَا، فَقَالَ : \" هَذَا كَفَّارَةٌ لِمَا يَكُونُ فِي الْمَجَالِسِ \"",
      "english": {
        "narrator": "",
        "text": ""
      },
      "turkish": {
        "narrator": "",
        "text": ""
      }
    },
    {
      "id": 30,
      "idInBook": 30,
      "chapterId": 19,
      "bookId": 9,
      "arabic": "أَخْبَرَنَا سَعِيدُ بْنُ عَامِرٍ  ، عَنْ شُعْبَةَ  ، عَنْ مُحَمَّدِ بْنِ عَبْدِ الرَّحْمَنِ بْنِ أَبِي لَيْلَى  ، عَنْ أَخِيهِ عِيسَى  ، عَنْ أَبِيهِ عَبْدِ الرَّحْمَنِ بْنِ أَبِي لَيْلَى  ، عَنْ أَبِي أَيُّوبَ الْأَنْصَارِيِّ  ، عَنِ النَّبِيِّ صَلَّى اللَّهُ عَلَيْهِ وَسَلَّمَ، قَالَ :\" الْعَاطِسُ يَقُولُ : الْحَمْدُ لِلَّهِ عَلَى كُلِّ حَالٍ.\nوَيَقُولُ الَّذِي يُشَمِّتُهُ : يَرْحَمُكُمْ اللَّهُ، وَيَرُدُّ عَلَيْهِ : يَهْدِيكُمُ اللَّهُ وَيُصْلِحُ بَالَكُمْ \"",
      "english": {
        "narrator": "",
        "text": ""
      },
      "turkish": {
        "narrator": "",
        "text": ""
      }
    },
    {
      "id": 31,
      "idInBook": 31,
      "chapterId": 19,
      "bookId": 9,
      "arabic": "أَخْبَرَنَا أَحْمَدُ بْنُ عَبْدِ اللَّهِ  ، حَدَّثَنَا زُهَيْرٌ  ، عَنْ سُلَيْمَانَ  ،  عَنْ أَنَسٍ  ، قَالَ : عَطَسَ رَجُلَانِ عِنْدَ النَّبِيِّ صَلَّى اللَّهُ عَلَيْهِ وَسَلَّمَ فَشَمَّتَ أَوْ سَمَّتَ أَحَدَهُمَا وَلَمْ يُشَمِّتْ الْآخَرَ، فَقِيلَ لَهُ : يَا رَسُولَ اللَّهِ، شَمَّتَّ هَذَا وَلَمْ تُشَمِّتْ الْآخَرَ؟، فَقَالَ :\" إِنَّ هَذَا حَمِدَ اللَّهَ، وَإِنَّ هَذَا لَمْ يَحْمَدْ اللَّهَ \".\nقَالَ عَبْد اللَّهِ : سُلَيْمَانُ هُوَ : التَّيْمِيُّ",
      "english": {
        "narrator": "",
        "text": ""
      },
      "turkish": {
        "narrator": "",
        "text": "It seems that there are no hadith texts provided for translation. Please provide the specific hadith texts you would like me to translate into Turkish, and I will be happy to assist you."
      }
    },
    {
      "id": 32,
      "idInBook": 32,
      "chapterId": 19,
      "bookId": 9,
      "arabic": "أَخْبَرَنَا أَبُو الْوَلِيدِ  ، حَدَّثَنَا عِكْرِمَةُ هُوَ : ابْنُ عَمَّارٍ  ، قَالَ : حَدَّثَنِي إِيَاسُ بْنُ سَلَمَةَ  ، قَالَ : حَدَّثَنِي أَبِي  ، قَالَ : عَطَسَ رَجُلٌ عِنْدَ النَّبِيِّ صَلَّى اللَّهُ عَلَيْهِ وَسَلَّمَ، فَقَالَ :\" يَرْحَمُكَ اللَّهُ \".\nثُمَّ عَطَسَ أُخْرَى، فَقَالَ : \" الرَّجُلُ مَزْكُومٌ \"",
      "english": {
        "narrator": "",
        "text": ""
      },
      "turkish": {
        "narrator": "",
        "text": ""
      }
    },
    {
      "id": 33,
      "idInBook": 33,
      "chapterId": 19,
      "bookId": 9,
      "arabic": "أَخْبَرَنَا سَعِيدُ بْنُ عَامِرٍ  ، عَنْ شُعْبَةَ  ، عَنْ عَبْدِ الرَّحْمَنِ بْنِ الْقَاسِمِ  ، عَنْ أَبِيهِ  ، قَالَ : قَالَتْ عَائِشَةُ   :\" كَانَ لَنَا ثَوْبٌ فِيهِ تَصَاوِيرُ، فَجَعَلْتُهُ بَيْنَ يَدَيْ النَّبِيِّ صَلَّى اللَّهُ عَلَيْهِ وَسَلَّمَ وَهُوَ يُصَلِّي، فَنَهَانِي أَوْ قَالَتْ : فَكَرِهَهُ ، قَالَتْ : فَجَعَلْتُهُ وَسَائِدَ \"",
      "english": {
        "narrator": "",
        "text": ""
      },
      "turkish": {
        "narrator": "",
        "text": ""
      }
    },
    {
      "id": 34,
      "idInBook": 34,
      "chapterId": 19,
      "bookId": 9,
      "arabic": "أَخْبَرَنَا أَبُو النُّعْمَانِ  ، حَدَّثَنَا عَبْدُ الْوَاحِدِ بْنُ زِيَادٍ  ، حَدَّثَنَا عُمَارَةُ بْنُ الْقَعْقَاعِ  ، حَدَّثَنَا الْحَارِثُ الْعُكْلِيُّ  ، عَنْ أَبِي زُرْعَةَ بْنِ عَمْرِو بْنِ جَرِيرٍ  ، عَنْ عَبْدِ اللَّهِ بْنِ نُجَيٍّ  ، عَنْ عَلِيٍّ   : أَنّ النَّبِيَّ صَلَّى اللَّهُ عَلَيْهِ وَسَلَّمَ، قَالَ :\" إِنَّ الْمَلَكَ لَا يَدْخُلُ بَيْتًا فِيهِ كَلْبٌ، وَلَا صُورَةٌ، وَلَا جُنُبٌ \"",
      "english": {
        "narrator": "",
        "text": ""
      },
      "turkish": {
        "narrator": "",
        "text": ""
      }
    },
    {
      "id": 35,
      "idInBook": 35,
      "chapterId": 19,
      "bookId": 9,
      "arabic": "حَدَّثَنَا أَبُو الْوَلِيدِ  ، حَدَّثَنَا شُعْبَةُ  ، قَالَ : عَدِيُّ بْنُ ثَابِتٍ  أَخْبَرَنِي، قالَ : سَمِعْتُ عَبْدَ اللَّهِ بْنَ يَزِيدَ  يُحَدِّثُ، عَنْ أَبِي مَسْعُودٍ الْبَدْرِيِّ  ، عَنِ النَّبِيِّ صَلَّى اللَّهُ عَلَيْهِ وَسَلَّمَ أَنَّهُ قَالَ :\" الْمُسْلِمُ إِذَا أَنَفْقَ نَفَقَةً عَلَى أَهْلِهِ وَهُوَ يَحْتَسِبُهَا، فَهِيَ لَهُ صَدَقَةٌ \"",
      "english": {
        "narrator": "",
        "text": ""
      },
      "turkish": {
        "narrator": "",
        "text": ""
      }
    },
    {
      "id": 36,
      "idInBook": 36,
      "chapterId": 19,
      "bookId": 9,
      "arabic": "أَخْبَرَنَا أَبُو النُّعْمَانِ  ، حَدَّثَنَا ثَابِتُ بْنُ يَزِيدَ  ، قَالَ : حَدَّثَنَا عَاصِمٌ الْأَحْوَلُ  ، عَنْ مُوَرِّقٍ  ، عَنْ عَبْدِ اللَّهِ بْنِ جَعْفَرٍ  ، قَالَ : \" كَانَ رَسُولُ اللَّهِ صَلَّى اللَّهُ عَلَيْهِ وَسَلَّمَ إِذَاقَفَلَ، تُلُقِّيَ بِي وَبِالْحَسَنِ أَوْ بِالْحُسَيْنِ، قَالَ : وَأُرَاهُ قَالَ : الْحَسَنَ فَحَمَلَنِي بَيْنَ يَدَيْهِ، وَالْحَسَنَ وَرَاءَهُ، حَتَّى قَدِمْنَا الْمَدِينَةَ وَنَحْنُ عَلَى الدَّابَّةِ الَّتِي عَلَيْهَا النَّبِيُّ صَلَّى اللَّهُ عَلَيْهِ وَسَلَّمَ \"",
      "english": {
        "narrator": "",
        "text": ""
      },
      "turkish": {
        "narrator": "",
        "text": ""
      }
    },
    {
      "id": 37,
      "idInBook": 37,
      "chapterId": 19,
      "bookId": 9,
      "arabic": "أَخْبَرَنَا سَعِيدُ بْنُ سُلَيْمَانَ  ، عَنْ إِسْحَاق بْنِ يَحْيَى بْنِ طَلْحَةَ  ، عَنْ الْمُسَيَّبِ بْنِ رَافِعٍ  ، وَمَعْبَدِ بْنِ خَالِدٍ  ، عَنْ عَبْدِ اللَّهِ بْنِ يَزِيدَ الْخَطْمِيِّ  وَكَانَ أَمِيرًا عَلَى الْكُوفَةِ ، قَالَ : أَتَيْنَا قَيْسَ بْنَ سَعْدِ بْنِ عُبَادَةَ فِي بَيْتِهِ، فَأَذَّنَ الْمُؤَذِّنِ لِلصَّلَاةِ، وَقُلْنَا لِقَيْسٍ : قُمْ فَصَلِّ لَنَا، فَقَالَ : لَمْ أَكُنْ لِأُصَلِّيَ بِقَوْمٍ لَسْتُ عَلَيْهِمْ بِأَمِيرٍ، فَقَالَ رَجُلٌ لَيْسَ بِدُونِهِ.\nيُقَالُ لَهُ : عَبْدُ اللَّهِ بْنُ حَنْظَلَةَ بْنِ الْغَسِيلِ   : قَالَ رَسُولُ اللَّهِ صَلَّى اللَّهُ عَلَيْهِ وَسَلَّمَ :\" الرَّجُلُ أَحَقُّ بِصَدْرِ دَابَّتِهِ، وَصَدْرِ فِرَاشِهِ، وَأَنْ يَؤُمَّ فِي رَحْلِهِ \"، فَقَالَ قَيْسُ بْنُ سَعْدٍ عِنْدَ ذَلِكَ : يَا فُلَانُ لِمَوْلًى لَهُ : قُمْ فَصَلِّ لَهُمْ",
      "english": {
        "narrator": "",
        "text": ""
      },
      "turkish": {
        "narrator": "",
        "text": ""
      }
    },
    {
      "id": 38,
      "idInBook": 38,
      "chapterId": 19,
      "bookId": 9,
      "arabic": "أَخْبَرَنَا عُبَيْدُ اللَّهِ بْنُ مُوسَى  ، عَنْ أُسَامَةَ بْنِ زَيْدٍ  ، عَنْ مُحَمَّدِ بْنِ حَمْزَةَ بْنِ عَمْرٍو الْأَسْلَمِيِّ  ، قَالَ : وَقَدْ صَحِبَ أَبُوهُ رَسُولَ اللَّهِ صَلَّى اللَّهُ عَلَيْهِ وَسَلَّمَ، قَالَ : سَمِعْتُ أَبِي   يَقُولُ : قَالَ رَسُولُ اللَّهِ صَلَّى اللَّهُ عَلَيْهِ وَسَلَّمَ :\" عَلَى ذِرْوَةِ كُلِّ بَعِيرٍ شَيْطَانٌ، فَإِذَا رَكِبْتُمُوهَا فَسَمُّوا اللَّهَ وَلَا تُقَصِّرُوا عَنْ حَاجَاتِكُمْ \"",
      "english": {
        "narrator": "",
        "text": ""
      },
      "turkish": {
        "narrator": "",
        "text": ""
      }
    },
    {
      "id": 39,
      "idInBook": 39,
      "chapterId": 19,
      "bookId": 9,
      "arabic": "أَخْبَرَنَا عُثْمَانُ بْنُ مُحَمَّدٍ  ، حَدَّثَنَا شَبَابَةُ بْنُ سَوَّارٍ  ، حَدَّثَنَا لَيْثُ بْنُ سَعْدٍ  ، عَنْ يَزِيدَ بْنِ أَبِي حَبِيبٍ  ، عَنْ سَهْلِ بْنِ مُعَاذِ بْنِ أَنَسٍ  ، عَنْ أَبِيهِ   وَكَانَ مِنْ أَصْحَابِ النَّبِيِّ صَلَّى اللَّهُ عَلَيْهِ وَسَلَّمَ : أَنَّ رَسُولَ اللَّهِ صَلَّى اللَّهُ عَلَيْهِ وَسَلَّمَ، قَالَ :\" ارْكَبُوا هَذِهِ الدَّوَابَّ سَالِمَةً، وَلَا تَتَّخِذُوهَا كَرَاسِيَّ \".\nأَخْبَرَنَا عَبْدُ اللَّهِ بْنُ صَالِحٍ  ، عَنْ اللَّيْثِ  ، .\n..\n..\n..\n. إِلَّا أَنَّهُ مُخَالِفٌ شَبَابَةَ فِي شَيْءٍ",
      "english": {
        "narrator": "",
        "text": ""
      },
      "turkish": {
        "narrator": "",
        "text": ""
      }
    },
    {
      "id": 40,
      "idInBook": 40,
      "chapterId": 19,
      "bookId": 9,
      "arabic": "أَخْبَرَنَا خَالِدُ بْنُ مَخْلَدٍ  ، حَدَّثَنَا مَالِكٌ  ، عَنْ سُمَيٍّ  ، عَنْ أَبِي صَالِحٍ  ، عَنْ أَبِي هُرَيْرَةَ  ، قَالَ : قَالَ رَسُولُ اللَّهِ صَلَّى اللَّهُ عَلَيْهِ وَسَلَّمَ :\" السَّفَرُ قِطْعَةٌ مِنْ الْعَذَابِ يَمْنَعُ أَحَدَكُمْ نَوْمَهُ وَطَعَامَهُ وَشَرَابَهُ، فَإِذَا قَضَى أَحَدُكُمْ نَهْمَتَهُ مِنْ وَجْهِهِ فَلْيُعَجِّلْ الرَّجْعَةَ إِلَى أَهْلِهِ \"",
      "english": {
        "narrator": "",
        "text": ""
      },
      "turkish": {
        "narrator": "",
        "text": ""
      }
    },
    {
      "id": 41,
      "idInBook": 41,
      "chapterId": 19,
      "bookId": 9,
      "arabic": "حَدَّثَنَا مُسْلِمُ بْنُ إِبْرَاهِيمَ  ، حَدَّثَنَا سَعِيدُ بْنُ أَبِي كَعْبٍ : أَبُو الْحَسَنِ الْعَبْدِيُّ  ، قَالَ : حَدَّثَنِي مُوسَى بْنُ مَيْسَرَةَ الْعَبْدِيُّ  ، عَنْ أَنَسِ بْنِ مَالِكٍ  ، قَالَ : جَاءَ رَجُلٌ إِلَى النَّبِيِّ صَلَّى اللَّهُ عَلَيْهِ وَسَلَّمَ، فَقَالَ لَهُ : يَا نَبِيَّ اللَّهِ إِنِّي أُرِيدُ السَّفَرَ.\nفَقَالَ لَهُ : \" مَتَى؟ \".\nقَالَ : غَدًا إِنْ شَاءَ اللَّهُ.\nقَالَ : فَأَتَاهُ، فَأَخَذَ بِيَدِهِ، فَقَالَ لَهُ :\" فِي حِفْظِ اللَّهِ، وَفِي كَنَفِهِ، زَوَّدَكَ اللَّهُ التَّقْوَى، وَغَفَرَ لَكَ ذَنْبَكَ، وَوَجَّهَكَ لِلْخَيْرِ أَيْنَمَا تَوَخَّيْتَ أَوْ أَيْنَمَا تَوَجَّهْتَ \".\nشَكَّ سَعِيدٌ فِي إِحْدَى الْكَلِمَتَيْنِ",
      "english": {
        "narrator": "",
        "text": ""
      },
      "turkish": {
        "narrator": "",
        "text": ""
      }
    },
    {
      "id": 42,
      "idInBook": 42,
      "chapterId": 19,
      "bookId": 9,
      "arabic": "أَخْبَرَنَا يَزِيدُ بْنُ هَارُونَ  ، أَخْبَرَنَا عَاصِمٌ هُوَ الْأَحْوَلُ  ، قَالَ : وَثَبَّتَنِي شُعْبَةُ  ، عَنْ عَبْدِ اللَّهِ بْنِ سَرْجِسٍ  ، قَالَ : كَانَ النَّبِيُّ صَلَّى اللَّهُ عَلَيْهِ وَسَلَّمَ إِذَا سَافَرَ، قَالَ :\" اللَّهُمَّ إِنِّي أَعُوذُ بِكَ مِنْ وَعْثَاءِ السَّفَرِ، وَكَآبَةِ الْمُنْقَلَبِ، وَالْحَوْرِ بَعْدَ الْكَوْرِ، وَدَعْوَةِ الْمَظْلُومِ، وَسُوءِ الْمَنْظَرِ فِي الْأَهْلِ وَالْمَالِ \"",
      "english": {
        "narrator": "",
        "text": ""
      },
      "turkish": {
        "narrator": "",
        "text": ""
      }
    },
    {
      "id": 43,
      "idInBook": 43,
      "chapterId": 19,
      "bookId": 9,
      "arabic": "أَخْبَرَنَا يَحْيَى بْنُ حَسَّانَ  ، حَدَّثَنَا حَمَّادُ بْنُ سَلَمَةَ  ، عَنْ أَبِي الزُّبَيْرِ  ، عَنْ عَلِيِّ بْنِ عَبْدِ اللَّهِ الْبَارِقِيِّ  ، عَنْ عَبْدِ اللَّهِ بْنِ عُمَرَ   : أَنّ رَسُولَ اللَّهِ صَلَّى اللَّهُ عَلَيْهِ وَسَلَّمَ كَانَ إِذَا سَافَرَ فَرَكِبَ رَاحِلَتَهُ ،كَبَّرَ ثَلَاثًا وَيَقُولُ : \" # سُبْحَانَ الَّذِي سَخَّرَ لَنَا هَذَا وَمَا كُنَّا لَهُ مُقْرِنِينَ { 13 } وَإِنَّا إِلَى رَبِّنَا لَمُنْقَلِبُونَ { 14 } سورة الزخرف آية 13-14 #.\nاللَّهُمَّ إِنِّي أَسْأَلُكَ فِي سَفَرِي هَذَا الْبِرَّ وَالتَّقْوَى، وَمِنْ الْعَمَلِ مَا تَرْضَى.\nاللَّهُمَّ هَوِّنْ عَلَيْنَا السَّفَرَ، وَاطْوِ لَنَا بُعْدَ الْأَرْضِ، اللَّهُمَّ أَنْتَ الصَّاحِبُ فِي السَّفَرِ، وَالْخَلِيفَةُ فِي الْأَهْلِ، اللَّهُمَّ اصْحَبْنَا فِي سَفَرِنَا، وَاخْلُفْنَا فِي أَهْلِنَا بِخَيْرٍ \"",
      "english": {
        "narrator": "",
        "text": ""
      },
      "turkish": {
        "narrator": "",
        "text": ""
      }
    },
    {
      "id": 44,
      "idInBook": 44,
      "chapterId": 19,
      "bookId": 9,
      "arabic": "أَخْبَرَنَا أَحْمَدُ بْنُ عَبْدِ اللَّهِ  ، حَدَّثَنَا أَبُو زُبَيْدٍ  ، عَنْ حُصَيْنٍ  ، عَنْ سَالِمٍ  ، عَنْ جَابِرٍ  ، قَالَ :\" كُنَّا إِذَا صَعِدْنَا، كَبَّرْنَا، وَإِذَا هَبَطْنَا، سَبَّحْنَا \"",
      "english": {
        "narrator": "",
        "text": ""
      },
      "turkish": {
        "narrator": "",
        "text": ""
      }
    },
    {
      "id": 45,
      "idInBook": 45,
      "chapterId": 19,
      "bookId": 9,
      "arabic": "أَخْبَرَنَا الْحَكَمُ بْنُ الْمُبَارَكِ  ، حَدَّثَنَا مَالِكٌ  ، عَنْ نَافِعٍ  ، عَنْ سَالِمٍ  ، عَنْ أَبِي الْجَرَّاحِ  مَوْلَى أَمِّ حَبِيبَةَ ، عَنْ أُمِّ حَبِيبَةَ  ، عَنْ النَّبِيِّ صَلَّى اللَّهُ عَلَيْهِ وَسَلَّمَ، قَالَ :\" الْعِيرُ الَّتِي فِيهَا الْجَرَسُ، لَا تَصْحَبُهَا الْمَلَائِكَة \"",
      "english": {
        "narrator": "",
        "text": ""
      },
      "turkish": {
        "narrator": "",
        "text": ""
      }
    },
    {
      "id": 46,
      "idInBook": 46,
      "chapterId": 19,
      "bookId": 9,
      "arabic": "أَخْبَرَنَا أَحْمَدُ بْنُ عَبْدِ اللَّهِ  ، حَدَّثَنَا زُهَيْرٌ  ، حَدَّثَنَا سُهَيْلُ بْنُ أَبِي صَالِحٍ  ، عَنْ أَبِيهِ  ، عَنْ أَبِي هُرَيْرَةَ  ، عَنِ النَّبِيِّ صَلَّى اللَّهُ عَلَيْهِ وَسَلَّمَ، قَالَ :\" لَا تَصْحَبُ الْمَلَائِكَةُ رِفْقَةً فِيهَا كَلْبٌ، أَوْ جَرَسٌ \"",
      "english": {
        "narrator": "",
        "text": ""
      },
      "turkish": {
        "narrator": "",
        "text": "It seems that there are no hadith texts provided for translation. Please provide the English hadith texts you would like me to translate into Turkish, and I will be happy to assist you."
      }
    },
    {
      "id": 47,
      "idInBook": 47,
      "chapterId": 19,
      "bookId": 9,
      "arabic": "أَخْبَرَنَا سُلَيْمَانُ بْنُ حَرْبٍ  ، حَدَّثَنَا حَمَّادُ بْنُ زَيْدٍ  ، عَنْ أَيُّوبَ  ، عَنْ أَبِي قِلَابَةَ  ، عَنْ أَبِي الْمُهَلَّبِ  ، عَنْ عِمْرَانَ بْنِ حُصَيْنٍ   : أَنّ النَّبِيَّ صَلَّى اللَّهُ عَلَيْهِ وَسَلَّمَ كَانَ فِي سَفَرٍ، فَسَمِعَ لَعْنَةً، فَقَالَ : \" مَا هَذَا؟ \".\nقَالُوا : فُلَانَةُ لَعَنَتْ رَاحِلَتَهَا.\nفَقَالَ :\" ضَعُوا عَنْهَا فَإِنَّهَا مَلْعُونَةٌ \".\nقَالَ : فَوَضَعُوا عَنْهَا.\nقَالَ عِمْرَانُ : كَأَنِّي أَنْظُرُ إِلَيْهَا نَاقَةً وَرْقَاءَ",
      "english": {
        "narrator": "",
        "text": ""
      },
      "turkish": {
        "narrator": "",
        "text": ""
      }
    },
    {
      "id": 48,
      "idInBook": 48,
      "chapterId": 19,
      "bookId": 9,
      "arabic": "حَدَّثَنَا يَعْلَى  ، حَدَّثَنَا الْأَعْمَشُ  ، عَنْ أَبِي صَالِحٍ  ، عَنْ أَبِي سَعِيدٍ  ، قَالَ : قَالَ رَسُولُ اللَّهِ صَلَّى اللَّهُ عَلَيْهِ وَسَلَّمَ :\" لَا تُسَافِرِ الْمَرْأَةُ سَفَرًا ثَلَاثَةَ أَيَّامٍ فَصَاعِدًا إِلَّا وَمَعَهَا أَبُوهَا، أَوْ أَخُوهَا، أَوْ زَوْجُهَا، أَوْ ذُو مَحْرَمٍ مِنْهُمَا \"",
      "english": {
        "narrator": "",
        "text": ""
      },
      "turkish": {
        "narrator": "",
        "text": ""
      }
    },
    {
      "id": 49,
      "idInBook": 49,
      "chapterId": 19,
      "bookId": 9,
      "arabic": "أَخْبَرَنَا الْهَيْثَمُ بْنُ جَمِيلٍ  ، حَدَّثَنَا عَاصِمٌ هُوَ : ابْنُ مُحَمَّدٍ الْعُمَرِيُّ  ، عَنْ أَبِيهِ  ، عَنِ ابْنِ عُمَرَ  ، قَالَ : قَالَ النَّبِيُّ صَلَّى اللَّهُ عَلَيْهِ وَسَلَّمَ :\" لَوْ يَعْلَمُ النَّاسُ مَا فِي الْوَحْدَةِ، لَمْ يَسْرِ رَاكِبٌ بِلَيْلٍ وَحْدَهُ أَبَدًا \"",
      "english": {
        "narrator": "",
        "text": ""
      },
      "turkish": {
        "narrator": "",
        "text": ""
      }
    },
    {
      "id": 50,
      "idInBook": 50,
      "chapterId": 19,
      "bookId": 9,
      "arabic": "أَخْبَرَنَا أَحْمَدُ بْنُ إِسْحَاق  ، وَعَفَّانُ  ، قَالَا : حَدَّثَنَا وُهَيْبٌ  ، حَدَّثَنَا مُحَمَّدُ بْنُ عَجْلانَ  ، عَنْ يَعْقُوبَ بْنِ عَبْدِ اللَّهِ بْنِ الْأَشَجِّ  ، عَنْ سَعِيدِ بْنِ الْمُسَيِّبِ  ، عَنْ سَعْدِ بْنِ مَالِكٍ  ، عَنْ خَوْلَةَ بِنْتِ حَكِيمٍ  ، قَالَتْ : سَمِعْتُ رَسُولَ اللَّهِ صَلَّى اللَّهُ عَلَيْهِ وَسَلَّمَ، يَقُولُ :\" لَوْ أَنَّ أَحَدَكُمْ إِذَا نَزَلَ مَنْزِلًا، قَالَ : أَعُوذُ بِكَلِمَاتِ اللَّهِ التَّامَّاتِ مِنْ شَرِّ مَا خَلَقَ، لَمْ يَضُرَّهُ فِي ذَلِكَ الْمَنْزِلِ شَيْءٌ حَتَّى يَرْتَحِلَ مِنْهُ \"",
      "english": {
        "narrator": "",
        "text": ""
      },
      "turkish": {
        "narrator": "",
        "text": ""
      }
    },
    {
      "id": 51,
      "idInBook": 51,
      "chapterId": 19,
      "bookId": 9,
      "arabic": "أَخْبَرَنَا أَبُو عَاصِمٍ  ، عَنْ عُثْمَانَ بْنِ سَعْدٍ  ، عَنْ أَنَسِ بْنِ مَالِكٍ   : أَنّ النَّبِيَّ صَلَّى اللَّهُ عَلَيْهِ وَسَلَّمَ كَانَ\" إِذَا نَزَلَ مَنْزِلًا، لَمْ يَرْتَحِلْ مِنْهُ حَتَّى يُصَلِّيَ رَكْعَتَيْنِ، أَوْ يُوَدِّعَ الْمَنْزِلَ بِرَكْعَتَيْنِ \".\nقَالَ عَبْد اللَّهِ : عُثْمَانُ بْنُ سَعْدٍ  ضَعِيفٌ",
      "english": {
        "narrator": "",
        "text": ""
      },
      "turkish": {
        "narrator": "",
        "text": ""
      }
    },
    {
      "id": 52,
      "idInBook": 52,
      "chapterId": 19,
      "bookId": 9,
      "arabic": "أَخْبَرَنَا يَحْيَى بْنُ حَسَّانَ  ، حَدَّثَنَا حَمَّادُ بْنُ سَلَمَةَ  ، عَنْ أَبِي الزُّبَيْرِ  ، عَنْ عَلِيِّ بْنِ عَبْدِ اللَّهِ الْبَارِقِيِّ  ، عَنْ عَبْدِ اللَّهِ بْنِ عُمَرَ   : أَنّ النَّبِيَّ صَلَّى اللَّهُ عَلَيْهِ وَسَلَّمَ كَانَ إِذَا رَجَعَ مِنْ سَفَرِهِ، قَالَ :\" آيِبُونَ إِنْ شَاءَ اللَّهُ تَائِبُونَ عَابِدُونَ، لِرَبِّنَا حَامِدُونَ \"",
      "english": {
        "narrator": "",
        "text": ""
      },
      "turkish": {
        "narrator": "",
        "text": ""
      }
    },
    {
      "id": 53,
      "idInBook": 53,
      "chapterId": 19,
      "bookId": 9,
      "arabic": "أَخْبَرَنَا أَبُو الْوَلِيدِ  ، حَدَّثَنَا شُعْبَةُ  ، قَالَ : حَدَّثَنَا أَبُو إِسْحَاق  ، قَالَ : سَمِعْتُ الْبَرَاءَ بْنَ عَازِبٍ  ، يَقُولُ : إِنَّ رَسُولَ اللَّهِ صَلَّى اللَّهُ عَلَيْهِ وَسَلَّمَ أَمَرَ رَجُلًا إِذَا أَخَذَ مَضْجَعَهُ أَنْ يَقُولَ :\" اللَّهُمَّ أَسْلَمْتُ نَفْسِي إِلَيْكَ، وَوَجَّهْتُ وَجْهِي إِلَيْكَ، وَفَوَّضْتُ أَمْرِي إِلَيْكَ، وَأَلْجَأْتُ ظَهْرِي إِلَيْكَ، رَغْبَةً وَرَهْبَةً إِلَيْكَ، لَا مَلْجَأَ وَلَا مَنْجَى مِنْكَ إِلَّا إِلَيْكَ، آمَنْتُ بِكِتَابِكَ الَّذِي أَنْزَلْتَ، وَنَبِيِّكَ الَّذِي أَرْسَلْتَ، فَإِنْ مَاتَ، مَاتَ عَلَى الْفِطْرَةِ \"",
      "english": {
        "narrator": "",
        "text": ""
      },
      "turkish": {
        "narrator": "",
        "text": ""
      }
    },
    {
      "id": 54,
      "idInBook": 54,
      "chapterId": 19,
      "bookId": 9,
      "arabic": "أَخْبَرَنَا أَبُو النُّعْمَانِ  ، حَدَّثَنَا حَمَّادُ بْنُ زَيْدٍ  ، عَنْ عُبَيْدِ اللَّهِ بْنِ عُمَرَ  ، عَنْ سَعِيدِ بْنِ أَبِي سَعِيدٍ الْمَقْبُرِيِّ  ، عَنْ أَبِي هُرَيْرَةَ  ، قَالَ : قَالَ رَسُولُ اللَّهِ صَلَّى اللَّهُ عَلَيْهِ وَسَلَّمَ :\" إِذَا أَوَى أَحَدُكُمْ إِلَى فِرَاشِهِ، فَلْيَنْفُضْ فِرَاشَهُ بِدَاخِلَةِ إِزَارِهِ، فَإِنَّهُ لَا يَدْرِي مَا خَلَفَهُ فِيهِ، وَلْيَقُلْ : اللَّهُمَّ بِكَ وَضَعْتُ جَنْبِي، وَبِكَ أَرْفَعُهُ، اللَّهُمَّ إِنْ أَمْسَكْتَ نَفْسِي، فَاغْفِرْ لَهَا، وَإِنْ أَرْسَلْتَهَا، فَاحْفَظْهَا بِمَا تَحْفَظُ بِهِ عِبَادَكَ الصَّالِحِينَ \"",
      "english": {
        "narrator": "",
        "text": ""
      },
      "turkish": {
        "narrator": "",
        "text": ""
      }
    },
    {
      "id": 55,
      "idInBook": 55,
      "chapterId": 19,
      "bookId": 9,
      "arabic": "أَخْبَرَنَا يَزِيدُ بْنُ هَارُونَ  ، أَخْبَرَنَا الْعَوَّامُ بْنُ حَوْشَبٍ  ، قَالَ : حَدَّثَنِي عَمْرُو بْنُ مُرَّةَ  ، عَنْ عَبْدِ الرَّحْمَنِ بْنِ أَبِي لَيْلَى  ، عَنْ عَلِيٍّ  ، قَالَ : أَتَانَا رَسُولُ اللَّهِ صَلَّى اللَّهُ عَلَيْهِ وَسَلَّمَ حَتَّى وَضَعَ قَدَمَهُ بَيْنِي وَبَيْنَ فَاطِمَةَ ، فَعَلَّمَنَا مَا نَقُولُ إِذَا أَخَذْنَا مَضَاجِعَنَا :\" ثَلَاثًا وَثَلَاثِينَ تَسْبِيحَةً، وَثَلَاثًا وَثَلَاثِينَ تَحْمِيدَةً، وَأَرْبَعًا وَثَلَاثِينَ تَكْبِيرَةً \".\nقَالَ عَلِيٌّ : فَمَا تَرَكْتُهَا بَعْدُ.\nفَقَالَ لَهُ رَجُلٌ : وَلَا لَيْلَةَ صِفِّينَ؟.\nقَالَ : وَلَا لَيْلَةَ صِفِّينَ",
      "english": {
        "narrator": "",
        "text": ""
      },
      "turkish": {
        "narrator": "",
        "text": ""
      }
    },
    {
      "id": 56,
      "idInBook": 56,
      "chapterId": 19,
      "bookId": 9,
      "arabic": "أَخْبَرَنَا مُحَمَّدُ بْنُ يُوسُفَ  ، عَنْ سُفْيَانَ  ، عَنْ عَبْدِ الْمَلِكِ بْنِ عُمَيْرٍ  ، عَنْ رِبْعِيِّ بْنِ حِرَاشٍ  ، عَنْ حُذَيْفَةَ  ، قَالَ : كَانَ النَّبِيُّ صَلَّى اللَّهُ عَلَيْهِ وَسَلَّمَ إِذَا اسْتَيْقَظَ.\nقَالَ :\" الْحَمْدُ لِلَّهِ الَّذِي أَحْيَانَا بَعْدَ مَا أَمَاتَنَا، وَإِلَيْهِ النُّشُورُ \"",
      "english": {
        "narrator": "",
        "text": ""
      },
      "turkish": {
        "narrator": "",
        "text": ""
      }
    },
    {
      "id": 57,
      "idInBook": 57,
      "chapterId": 19,
      "bookId": 9,
      "arabic": "أَخْبَرَنَا مُحَمَّدُ بْنُ يَزِيدَ الْحِزَامِيُّ  ، حَدَّثَنَا الْوَلِيدُ بْنُ مُسْلِمٍ  ، حَدَّثَنَا الْأَوْزَاعِيُّ  ، قَالَ : حَدَّثَنِي عُمَيْرُ بْنُ هَانِئٍ الْعَنْسِيُّ  ، قَالَ : حَدَّثَنِي جُنَادَةُ بْنُ أَبِي أُمَيَّةَ  ، قَالَ : حَدَّثَنِي عُبَادَةُ بْنُ الصَّامِتِ  ، عَنِ النَّبِيِّ صَلَّى اللَّهُ عَلَيْهِ وَسَلَّمَ، قَالَ :\" مَنْ تَعَارَّ مِنَ اللَّيْلِ، فَقَالَ : لَا إِلَهَ إِلَّا اللَّهُ وَحْدَهُ لَا شَرِيكَ لَهُ، لَهُ الْمُلْكُ وَلَهُ الْحَمْدُ، وَهُوَ عَلَى كُلِّ شَيْءٍ قَدِيرٌ، سُبْحَانَ اللَّهِ، وَالْحَمْدُ لِلَّهِ، وَاللَّهُ أَكْبَرُ، وَلَا حَوْلَ وَلَا قُوَّةَ إِلَّا بِاللَّهِ \".\nثُمَّ قَالَ : \" رَبِّ اغْفِرْ لِي أَوْ قَالَ : ثُمَّ دَعَا اسْتُجِيبَ لَهُ فَإِنْ عَزَمَ فَتَوَضَّأَ ثُمَّ صَلَّى قُبِلَتْ صَلَاتُهُ \"",
      "english": {
        "narrator": "",
        "text": ""
      },
      "turkish": {
        "narrator": "",
        "text": ""
      }
    },
    {
      "id": 58,
      "idInBook": 58,
      "chapterId": 19,
      "bookId": 9,
      "arabic": "أَخْبَرَنَا مُحَمَّدُ بْنُ يُوسُفَ  ، عَنْ سُفْيَانَ  ، عَنْ سَلَمَةَ بْنِ كُهَيْلٍ  ، عَنْ عَبْدِ اللَّهِ بْنِ عَبْدِ الرَّحْمَنِ بْنِ أَبْزَى  ، عَنْ أَبِيهِ  ، قَالَ : كَانَ النَّبِيُّ صَلَّى اللَّهُ عَلَيْهِ وَسَلَّمَ إِذَا أَصْبَحَ.\nقَالَ :\" أَصْبَحْنَا عَلَى فِطْرَةِ الْإِسْلَامِ، وَكَلِمَةِ الْإِخْلَاصِ، وَدِينِ نَبِيِّنَا مُحَمَّدٍ، وَمِلَّةِ أَبِينَا إِبْرَاهِيمَ حَنِيفًا مُسْلِمًا \"",
      "english": {
        "narrator": "",
        "text": ""
      },
      "turkish": {
        "narrator": "",
        "text": ""
      }
    },
    {
      "id": 59,
      "idInBook": 59,
      "chapterId": 19,
      "bookId": 9,
      "arabic": "أَخْبَرَنَا سَعِيدُ بْنُ عَامِرٍ  ، عَنْ شُعْبَةَ  ، عَنْ يَعْلَى بْنِ عَطَاءٍ  ، عَنْ عَمْرِو بْنِ عَاصِمٍ  ، عَنْ أَبِي هُرَيْرَةَ  ، قَالَ : قَالَ أَبُو بَكْرٍ : يَا رَسُولَ اللَّهِ، مُرْنِي بِشَيْءٍ أَقُولُهُ إِذَا أَصْبَحْتُ وَإِذَا أَمْسَيْتُ.\nقَالَ :\" قُلْ : اللَّهُمَّ فَاطِرَ السَّمَوَاتِ وَالْأَرْضِ، عَالِمَ الْغَيْبِ وَالشَّهَادَةِ، رَبَّ كُلِّ شَيْءٍ وَمَلِيكَهُ، أَشْهَدُ أَنْ لَا إِلَهَ إِلَّا أَنْتَ، أَعُوذُ بِكَ مِنْ شَرِّ نَفْسِي، وَمِنْ شَرِّ الشَّيْطَانِ وَشِرْكِهِ \".\n قَالَ : \" قُلْهُ إِذَا أَصْبَحْتَ وَإِذَا أَمْسَيْتَ، وَإِذَا أَخَذْتَ مَضْجَعَكَ \"",
      "english": {
        "narrator": "",
        "text": ""
      },
      "turkish": {
        "narrator": "",
        "text": ""
      }
    },
    {
      "id": 60,
      "idInBook": 60,
      "chapterId": 19,
      "bookId": 9,
      "arabic": "أَخْبَرَنَا عَبْدُ اللَّهِ بْنُ يَزِيدَ الْمُقْرِئُ  ، حَدَّثَنَا سَعِيدٌ هُوَ : ابْنُ أَبِي أَيُّوبَ  ، عَنْ أَبِي مَرْحُومٍ  ، عَنْ سَهْلِ بْنِ مُعَاذِ بْنِ أَنَسٍ  ، عَنْ أَبِيهِ  ، قَالَ : قَالَ رَسُولُ اللَّهِ صَلَّى اللَّهُ عَلَيْهِ وَسَلَّمَ :\" مَنْ لَبِسَ ثَوْبًا، فَقَالَ : الْحَمْدُ لِلَّهِ الَّذِي كَسَانِي هَذَا وَرَزَقَنِيهِ مِنْ غَيْرِ حَوْلٍ مِنِّي وَلَا قُوَّةٍ، غُفِرَ لَهُ مَا تَقَدَّمَ مِنْ ذَنْبِهِ \"",
      "english": {
        "narrator": "",
        "text": ""
      },
      "turkish": {
        "narrator": "",
        "text": ""
      }
    },
    {
      "id": 61,
      "idInBook": 61,
      "chapterId": 19,
      "bookId": 9,
      "arabic": "أَخْبَرَنَا عَبْدُ اللَّهِ بْنُ مَسْلَمَةَ  ، حَدَّثَنَا سُلَيْمَانُ يَعْنِي : ابْنَ بِلَالٍ  ، عَنْ رَبِيعَةَ  ، عَنْ عَبْدِ الْمَلِكِ بْنِ سَعِيدٍ  ، عَنْ أَبِي حُمَيْدٍ  أَوْ أَبِي أُسَيْدٍ   قَالَ : قَالَ رَسُولُ اللَّهِ صَلَّى اللَّهُ عَلَيْهِ وَسَلَّمَ :\" إِذَا دَخَلَ أَحَدُكُمْ الْمَسْجِدَ، فَلْيَقُلْ : اللَّهُمَّ افْتَحْ لِي أَبْوَابَ رَحْمَتِكَ، وَإِذَا خَرَجَ، فَلْيَقُلْ : اللَّهُمَّ إِنِّي أَسْأَلُكَ مِنْ فَضْلِكَ \"",
      "english": {
        "narrator": "",
        "text": ""
      },
      "turkish": {
        "narrator": "",
        "text": "It seems that there are no hadith texts provided for translation. Please provide the English hadith texts you would like to have translated into Turkish, and I will be happy to assist you."
      }
    },
    {
      "id": 62,
      "idInBook": 62,
      "chapterId": 19,
      "bookId": 9,
      "arabic": "أَخْبَرَنَا يَزِيدُ بْنُ هَارُونَ  ، أَخْبَرَنَا أَزْهَرُ بْنُ سِنَانٍ  ، عَنْ مُحَمَّدِ بْنِ وَاسِعٍ  ، قَالَ : قَدِمْتُ مَكَّةَ فَلَقِيتُ بِهَا أَخِي سَالِمَ بْنَ عَبْدِ اللَّهِ  فَحَدَّثَنِي، عَنْ أَبِيهِ  ، عَنْ جَدِّهِ   : أَنّ النَّبِيَّ صَلَّى اللَّهُ عَلَيْهِ وَسَلَّمَ، قَالَ :\" مَنْ دَخَلَ السُّوقَ، فَقَالَ : لَا إِلَهَ إِلَّا اللَّهُ وَحْدَهُ لَا شَرِيكَ لَهُ لَهُ الْمُلْكُ وَلَهُ الْحَمْدُ، يُحْيِي وَيُمِيتُ، وَهُوَ حَيٌّ لَا يَمُوتُ، بِيَدِهِ الْخَيْرُ، وَهُوَ عَلَى كُلِّ شَيْءٍ قَدِيرٌ، كَتَبَ اللَّهُ لَهُ أَلْفَ أَلْفِ حَسَنَةٍ، وَمَحَا عَنْهُ أَلْفَ أَلْفِ سَيِّئَةٍ، وَرَفَعَ لَهُ أَلْفَ أَلْفِ دَرَجَةٍ \".\nقَالَ : فَقَدِمْتُ خُرَاسَانَ فَلَقِيتُ قُتَيْبَةَ بْنَ مُسْلِمٍ، فَقُلْتُ : إِنِّي أَتَيْتُكَ بِهَدِيَّةٍ، فَحَدَّثْتُهُ، فَكَانَ يَرْكَبُ فِي مَوْكِبِهِ فَيَأْتِي السُّوقَ، فَيَقُومُ، فَيَقُولُهَا ثُمَّ يَرْجِعُ",
      "english": {
        "narrator": "",
        "text": ""
      },
      "turkish": {
        "narrator": "",
        "text": ""
      }
    },
    {
      "id": 63,
      "idInBook": 63,
      "chapterId": 19,
      "bookId": 9,
      "arabic": "أَخْبَرَنَا سَعِيدُ بْنُ عَامِرٍ  ، عَنْ هِشَامٍ  ، عَنْ مُحَمَّدِ بْنِ سِيرِينَ  ، عَنْ أَبِي هُرَيْرَةَ  ، قَالَ : قَالَ رَسُولُ اللَّهِ صَلَّى اللَّهُ عَلَيْهِ وَسَلَّمَ :\" تَسَمُّوا بِاسْمِي وَلَا تَكَنَّوْا بِكُنْيَتِي \"",
      "english": {
        "narrator": "",
        "text": ""
      },
      "turkish": {
        "narrator": "",
        "text": ""
      }
    },
    {
      "id": 64,
      "idInBook": 64,
      "chapterId": 19,
      "bookId": 9,
      "arabic": "حَدَّثَنَا عَفَّانُ بْنُ مُسْلِمٍ  ، حَدَّثَنَا هُشَيْمٌ  ، أَخْبَرَنَا دَاوُدُ بْنُ عَمْرٍو  ، عَنْ عَبْدِ اللَّهِ بْنِ أَبِي زَكَرِيَّا الْخُزَاعِيِّ  ، عَنْ أَبِي الدَّرْدَاءِ  ، قَالَ : قَالَ رَسُولُ اللَّهِ صَلَّى اللَّهُ عَلَيْهِ وَسَلَّمَ :\" إِنَّكُمْ تُدْعَوْنَ يَوْمَ الْقِيَامَةِ بِأَسْمَائِكُمْ وَأَسْمَاءِ آبَائِكُمْ، فَأَحْسِنُوا أَسْمَاءَكُمْ \"",
      "english": {
        "narrator": "",
        "text": ""
      },
      "turkish": {
        "narrator": "",
        "text": ""
      }
    },
    {
      "id": 65,
      "idInBook": 65,
      "chapterId": 19,
      "bookId": 9,
      "arabic": "أَخْبَرَنَا مُحَمَّدُ بْنُ كَثِيرٍ  ، أَخْبَرَنَا عَبَيْدُ اللَّهِ بْنُ عُمَرَ  ، عَنْ نَافِعٍ  ، عَنِ ابْنِ عُمَرَ  ، قَالَ : قَالَ رَسُولُ اللَّهِ صَلَّى اللَّهُ عَلَيْهِ وَسَلَّمَ :\" أَحَبُّ الْأَسْمَاءِ إِلَى اللَّهِ : عَبْدُ اللَّهِ، وَعَبْدُ الرَّحْمَنِ \"",
      "english": {
        "narrator": "",
        "text": ""
      },
      "turkish": {
        "narrator": "",
        "text": ""
      }
    },
    {
      "id": 66,
      "idInBook": 66,
      "chapterId": 19,
      "bookId": 9,
      "arabic": "أَخْبَرَنَا زَكَرِيَّا بْنُ عَدِيٍّ  ، حَدَّثَنَا مُعْتَمِرٌ  ، عَنْ الرُّكَيْنِ  ، عَنْ أَبِيهِ  ،  عَنْ سَمُرَةَ   : أَنّ النَّبِيَّ صَلَّى اللَّهُ عَلَيْهِ وَسَلَّمَ \" نَهَى أَنْنُسَمِّيَ أَرِقَّاءَنَا أَرْبَعَةَ أَسْمَاءٍ : أَفْلَحُ، وَنَافِعٌ، وَرَبَاحٌ، وَيَسَارٌ \"",
      "english": {
        "narrator": "",
        "text": ""
      },
      "turkish": {
        "narrator": "",
        "text": ""
      }
    },
    {
      "id": 67,
      "idInBook": 67,
      "chapterId": 19,
      "bookId": 9,
      "arabic": "حَدَّثَنَا حَجَّاجُ بْنُ مِنْهَالٍ  ، حَدَّثَنَا حَمَّادٌ هُوَ : ابْنُ سَلَمَةَ  ، عَنْ عُبَيْدِ اللَّهِ  ، عَنْ نَافِعٍ  ، عَنْ ابْنِ عُمَرَ   : أَنَّ أُمَّ عَاصِمٍ كَانَ يُقَالُ لَهَا عَاصِيَةُ ،\" فَسَمَّاهَا النَّبِيُّ صَلَّى اللَّهُ عَلَيْهِ وَسَلَّمَ جَمِيلَةَ \"",
      "english": {
        "narrator": "",
        "text": ""
      },
      "turkish": {
        "narrator": "",
        "text": ""
      }
    },
    {
      "id": 68,
      "idInBook": 68,
      "chapterId": 19,
      "bookId": 9,
      "arabic": "حَدَّثَنَا مُسَدَّدٌ  ، حَدَّثَنَا يَحْيَى بْنُ سَعِيدٍ  ، حَدَّثَنَا شُعْبَةُ  ، حَدَّثَنَا عَطَاءُ بْنُ أَبِي مَيْمُونَةَ  ، عَنْ أَبِي رَافِعٍ  ،  عَنْ أَبِي هُرَيْرَةَ  ، قالَ : كَانَ اسْمُ زَيْنَبَ ، بَرَّةَ ،\" فَسَمَّاهَا النَّبِيُّ صَلَّى اللَّهُ عَلَيْهِ وَسَلَّمَ زَيْنَبَ \"",
      "english": {
        "narrator": "",
        "text": ""
      },
      "turkish": {
        "narrator": "",
        "text": ""
      }
    },
    {
      "id": 69,
      "idInBook": 69,
      "chapterId": 19,
      "bookId": 9,
      "arabic": "أَخْبَرَنَا يَزِيدُ بْنُ هَارُونَ  ، أَخْبَرَنَا شُعْبَةُ  ، عَنْ عَبْدِ الْمَلِكِ بْنِ عُمَيْرٍ  ، عَنْ رِبْعِيِّ بْنِ حِرَاشٍ  ، عَنِ الطُّفَيْلِ   أَخِي عَائِشَةَ ، قَالَ : قَالَ رَجُلٌ مِنَ الْمُشْرِكِينَ لِرَجُلٍ مِنَ الْمُسْلِمِينَ : نِعْمَ الْقَوْمُ أَنْتُمْ لَوْلَا أَنَّكُمْ تَقُولُونَ : مَا شَاءَ اللَّهُ، وَشَاءَ مُحَمَّدٌ .\nفَسَمِعَ النَّبِيُّ صَلَّى اللَّهُ عَلَيْهِ وَسَلَّمَ، فَقَالَ :\" لَا تَقُولُوا : مَا شَاءَ اللَّهُ وَشَاءَ مُحَمَّدٌ ، وَلَكِنْ، قُولُوا : مَا شَاءَ اللَّهُ، ثُمَّ شَاءَ مُحَمَّدٌ \"",
      "english": {
        "narrator": "",
        "text": ""
      },
      "turkish": {
        "narrator": "",
        "text": ""
      }
    },
    {
      "id": 70,
      "idInBook": 70,
      "chapterId": 19,
      "bookId": 9,
      "arabic": "أَخْبَرَنَا يَزِيدُ بْنُ هَارُونَ  ، أَخْبَرَنَا مُحَمَّدٌ هُوَ : ابْنُ إِسْحَاق  ، عَنْ صَالِحِ بْنِ إِبْرَاهِيمَ  ، عَنْ عَبْدِ الرَّحْمَنِ الْأَعْرَجِ  ، عَنْ أَبِي هُرَيْرَةَ  ، قَالَ : قَالَ رَسُولُ اللَّهِ صَلَّى اللَّهُ عَلَيْهِ وَسَلَّمَ :\" لَا تَقُولُوا لِحَائِطِ الْعِنَبِ الْكَرْمُ، إِنَّمَا الْكَرْمُ الرَّجُلُ الْمُسْلِمُ \"",
      "english": {
        "narrator": "",
        "text": ""
      },
      "turkish": {
        "narrator": "",
        "text": ""
      }
    },
    {
      "id": 71,
      "idInBook": 71,
      "chapterId": 19,
      "bookId": 9,
      "arabic": "حَدَّثَنَا أَبُو عَاصِمٍ  ، عَنْ عَبْدِ اللَّهِ بْنِ عُبَيْدٍ L5403 ، عَنِ أَنَسٍ  ، قَالَ : كَانَ غُلَامٌ يَسُوقُ بِأَزْوَاجِ النَّبِيِّ صَلَّى اللَّهُ عَلَيْهِ وَسَلَّمَ، فَقَالَ :\" يَا أَنْجَشَةُ، رُوَيْدًا سَوْقَكَ بِالْقَوَارِيرِ \"",
      "english": {
        "narrator": "",
        "text": ""
      },
      "turkish": {
        "narrator": "",
        "text": ""
      }
    },
    {
      "id": 72,
      "idInBook": 72,
      "chapterId": 19,
      "bookId": 9,
      "arabic": "أَخْبَرَنَا يَزِيدُ بْنُ هَارُونَ  ، أَخْبَرَنَا بَهْزُ بْنُ حَكِيمٍ  ، عَنْ أَبِيهِ  ، عَنْ جَدِّهِ  ، قَالَ : سَمِعْتُ رَسُولَ اللَّهِ صَلَّى اللَّهُ عَلَيْهِ وَسَلَّمَ، يَقُولُ :\" وَيْلٌ لِلَّذِي يُحَدِّثُ فَيَكْذِبُ لِيُضْحِكَ بِهِ الْقَوْمَ، وَيْلٌ لَهُ ! وَيْلٌ لَهُ ! \"",
      "english": {
        "narrator": "",
        "text": ""
      },
      "turkish": {
        "narrator": "",
        "text": ""
      }
    },
    {
      "id": 73,
      "idInBook": 73,
      "chapterId": 19,
      "bookId": 9,
      "arabic": "أَخْبَرَنَا مُحَمَّدُ بْنُ عِيسَى  ، حَدَّثَنَا عَبْدَةُ بْنُ سُلَيْمَانَ  ، عَنْ مُحَمَّدِ بْنِ إِسْحَاق  ، عَنْ يَعْقُوبَ بْنِ عُتْبَةَ  ، عَنْ عِكْرِمَةَ  ، عَنِ ابْنِ عَبَّاسٍ  ، قَالَ :صَدَّقَ النَّبِيُّ صَلَّى اللَّهُ عَلَيْهِ وَسَلَّمَ أُمَيَّةَ بْنَ أَبِي الصَّلْتِ فِي بَيْتَيْنِ مِنْ الشِّعْرِ، فَقَالَ : رَجُلٌ وَثَوْرٌ تَحْتَ رِجْلِ يَمِينِهِ وَالنَّسْرُ لِلْأُخْرَى وَلَيْثٌ مُرْصَدُ فَقَالَ النَّبِيُّ صَلَّى اللَّهُ عَلَيْهِ وَسَلَّمَ : \" صَدَقَ \".\nقَالَ : وَالشَّمْسُ تَطْلُعُ كُلَّ آخِرِ لَيْلَةٍ حَمْرَاءَ يُصْبِحُ لَوْنُهَا يَتَوَرَّدُ فَقَالَ النَّبِيُّ صَلَّى اللَّهُ عَلَيْهِ وَسَلَّمَ : \" صَدَقَ \".\nفَقَالَ قَائِلٌ : تَأْبَى فَمَا تَطْلُعُ لَنَا فِي رِسْلِهَا إِلَّا مُعَذَّبَةً وَإِلَّا تُجْلَدُ فَقَالَ النَّبِيُّ صَلَّى اللَّهُ عَلَيْهِ وَسَلَّمَ : \" صَدَقَ \"",
      "english": {
        "narrator": "",
        "text": ""
      },
      "turkish": {
        "narrator": "",
        "text": ""
      }
    },
    {
      "id": 74,
      "idInBook": 74,
      "chapterId": 19,
      "bookId": 9,
      "arabic": "أَخْبَرَنَا أَبُو عَاصِمٍ  ، عَنْ ابْنِ جُرَيْجٍ  ، عَنْ زِيَادٍ هُوَ : ابْنُ سَعْدٍ  ، قَالَ : أَخْبَرَنِي أَنَّ ابْنَ شِهَابٍ  ، أَخْبَرَهُ عَنْ أَبِي بَكْرِ بْنِ عَبْدِ الرَّحْمَنِ بْنِ هِشَامٍ  ، عَنْ مَرْوَانَ بْنِ الْحَكَمِ  ، عَنْ عَبْدِ الرَّحْمَنِ بْنِ الْأَسْوَدِ بْنِ عَبْدِ يَغُوثَ  ، عَنْ أُبَيِّ بْنِ كَعْبٍ  ، عَنِ النَّبِيِّ صَلَّى اللَّهُ عَلَيْهِ وَسَلَّمَ، قَالَ :\" إِنَّ مِنَ الشِّعْرِ حِكْمَةً \"",
      "english": {
        "narrator": "",
        "text": ""
      },
      "turkish": {
        "narrator": "",
        "text": ""
      }
    },
    {
      "id": 75,
      "idInBook": 75,
      "chapterId": 19,
      "bookId": 9,
      "arabic": "أَخْبَرَنَا عُبَيْدُ اللَّهِ بْنُ مُوسَى  ، حَدَّثَنَا حَنْظَلَةُ  ، عَنْ سَالِمٍ  عَنِ ابْنِ عُمَرَ  ، قَالَ : قَالَ رَسُولُ اللَّهِ صَلَّى اللَّهُ عَلَيْهِ وَسَلَّمَ :أَنْ يَمْتَلِئَ جَوْفُ أَحَدِكُمْ قَيْحًا أَوْ دَمًا خَيْرٌ مِنْ أَنْ يَمْتَلِئَ شِعْرًا \"",
      "english": {
        "narrator": "",
        "text": ""
      },
      "turkish": {
        "narrator": "",
        "text": ""
      }
    }
  ],
  "chapter": {
    "id": 19,
    "bookId": 9,
    "arabic": "وَمِنْ كِتَابِ الِاسْتِئْذَانِ",
    "english": ""
  }
}