{"metadata":{"length":126,"arabic":{"title":"سنن الدارمي","author":"الإمام أبو محمد عبد الرحمن بن عبد الله بن الدارمي","introduction":"مِنْ كِتَابِ الْوَصَايَا"},"english":{"title":"Sunan al-Darimi","author":"Imam Abu Muhammad Abd al-Rahman ibn Abd Allah ibn al-Darimi","introduction":""}},"hadiths":[{"id":1,"idInBook":1,"chapterId":22,"bookId":9,"arabic":"حَدَّثَنَا مُحَمَّدُ بْنُ عُبَيْدٍ  ، أَخْبَرَنَا عُبَيْدُ اللَّهِ  ، عَنْ نَافِعٍ  ، عَنْ ابْنِ عُمَرَ   : أَنّ رَسُولَ اللَّهِ صَلَّى اللَّهُ عَلَيْهِ وَسَلَّمَ، قَالَ :\" مَاحَقُّ امْرِئٍ مُسْلِمٍ يَبِيتُ لَيْلَتَيْنِ وَلَهُ شَيْءٌ يُوصِي فِيهِ، إِلَّا وَوَصِيَّتُهُ مَكْتُوبَةٌ عِنْدَهُ \"","english":{"narrator":"","text":""}},{"id":2,"idInBook":2,"chapterId":22,"bookId":9,"arabic":"حَدَّثَنَا عَفَّانُ  ، حَدَّثَنَا أَبُو الْأَشْهَبِ  ، حَدَّثَنَا الْحَسَنُ  ، قَالَ :\" الْمُؤْمِنُ لَا يَأْكُلُ فِي كُلِّ بَطْنِهِ، وَلَا تَزَالُ وَصِيَّتُهُ تَحْتَ جَنْبِهِ \"","english":{"narrator":"","text":""}},{"id":3,"idInBook":3,"chapterId":22,"bookId":9,"arabic":"أَخْبَرَنَا سُلَيْمَانُ بْنُ حَرْبٍ ، حَدَّثَنَا حَمَّادُ بْنُ سَلَمَةَ ، عَنْ دَاوُدَ بْنِ أَبِي هِنْدٍ ، عَنْ الْقَاسِمِ بْنِ عُمَرَ ، قَالَ : \" قَالَ لِي ثُمَامَةُ بْنُ حَزْنٍ  : مَا فَعَلَ أَبُوكَ؟ قُلْتُ : مَاتَ، قَالَ : فَهَلْ أَوْصَى؟ فَإِنَّهُ كَانَ يُقَالُ :إِذَا أَوْصَى الرَّجُلُ، كَانَتْ وَصِيَّتُهُ تَمَامًا لِمَا ضَيَّعَ مِنْ زَكَاتِهِ \".\nقَالَ أَبُو مُحَمَّد ، وقال غَيْرُهُ : الْقَاسِمُ بْنُ عَمْرٍو","english":{"narrator":"","text":""}},{"id":4,"idInBook":4,"chapterId":22,"bookId":9,"arabic":"حَدَّثَنَا أَبُو النُّعْمَانِ ، حَدَّثَنَا حَمَّادُ بْنُ زَيْدٍ ، حَدَّثَنَا دَاوُدُ بْنُ أَبِي هِنْدٍ ، عَنْ الشَّعْبِيِّ ، قَالَ : كَانَ يُقَالُ :\" مَنْ أَوْصَى بِوَصِيَّةٍ فَلَمْ يَجُرْ، وَلَمْ يَحِفْ، كَانَ لَهُ مِنْ الْأَجْرِ مِثْلُ مَا أَنْ لَوْ تَصَدَّقَ بِهِ فِي حَيَاتِهِ \"","english":{"narrator":"","text":""}},{"id":5,"idInBook":5,"chapterId":22,"bookId":9,"arabic":"أَخْبَرَنَا سَهْلُ بْنُ حَمَّادٍ ، حَدَّثَنَا شُعْبَةُ ، عَنْ أَبِي يُونُسَ ، عَنْ قَزَعَةَ ، قَالَ : قِيلَ لِهَرِمِ بْنِ حَيَّانَ  : أَوْصِهْ، قَالَ :\" أُوصِيكُمْ بِالْآيَاتِ الْأَوَاخِرِ مِنْ سُورَةِ النَّحْلِ ، وَقَرَأَ ابْنُ حَيَّانَ : # ادْعُ إِلَى سَبِيلِ رَبِّكَ بِالْحِكْمَةِ إِلَى قَوْلِهِ : وَالَّذِينَ هُمْ مُحْسِنُونَ سورة النحل آية 125 - 128 # \"","english":{"narrator":"","text":""}},{"id":6,"idInBook":6,"chapterId":22,"bookId":9,"arabic":"حَدَّثَنَا مُحَمَّدُ بْنُ يُوسُفَ  ، عَنْ مَالِكِ بْنِ مِغْوَلٍ  ، عَنْ طَلْحَةَ بْنِ مُصَرِّفٍ الْيَامِيِّ  ، قَالَ : سَأَلْتُ عَبْدَ اللَّهِ بْنَ أَبِي أَوْفَى   : أَوْصَى رَسُولُ اللَّهِ صَلَّى اللَّهُ عَلَيْهِ وَسَلَّمَ؟ قَالَ : لَا، قُلْت : فَكَيْفَ كُتِبَ عَلَى النَّاسِ الْوَصِيَّةُ أَوْ : أُمِرُوا بِالْوَصِيَّةِ؟ فَقَالَ :أَوْصَى بِكِتَابِ اللَّهِ.\nوقَالَ هُزَيْلُ بْنُ شُرَحْبِيلَ : أَبُو بَكْرٍ كَانَ يَتَأَمَّرُ عَلَى وَصِيِّ رَسُولِ اللَّهِ صَلَّى اللَّهُ عَلَيْهِ وَسَلَّمَ، وَدَّ أَبُو بَكْرٍ أَنَّهُ وَجَدَ مِنْ رَسُولِ اللَّهِ صَلَّى اللَّهُ عَلَيْهِ وَسَلَّمَ عَهْدًا، فَخَزَمَ أَنْفَهُ بِخِزَامَةٍ ذلِكَ","english":{"narrator":"","text":""}},{"id":7,"idInBook":7,"chapterId":22,"bookId":9,"arabic":"أَخْبَرَنَا يَزِيدُ ، أنبأنا هَمَّامٌ ، عَنْ قَتَادَةَ  : \" # كُتِبَ عَلَيْكُمْ إِذَا حَضَرَ أَحَدَكُمُ الْمَوْتُ إِنْ تَرَكَ خَيْرًا الْوَصِيَّةُ لِلْوَالِدَيْنِ وَالأَقْرَبِينَ بِالْمَعْرُوفِ حَقًّا عَلَى الْمُتَّقِينَ سورة البقرة آية 180 #، قَالَ :\" الْخَيْرُ : الْمَالُ، كَانَ يُقَالُ : أَلْفًا فَمَا فَوْقَ ذَلِكَ \"","english":{"narrator":"","text":""}},{"id":8,"idInBook":8,"chapterId":22,"bookId":9,"arabic":"أَخْبَرَنَا يَزِيدُ بْنُ هَارُونَ ، أَخْبَرَنَا ابْنُ عَوْنٍ ، عَنْ مُحَمَّدِ بْنِ سِيرِينَ  : \" أَنَّهُأَوْصَى ذِكْرُ مَا أَوْصَى بِهِ، أَوْ هَذَا ذِكْرُ مَا أَوْصَى بِهِ مُحَمَّدُ بْنُ أَبِي عَمْرَةَ بَنِيهِ وَأَهْلَ بَيْتِهِ : # فَاتَّقُوا اللَّهَ وَأَصْلِحُوا ذَاتَ بَيْنِكُمْ وَأَطِيعُوا اللَّهَ وَرَسُولَهُ إِنْ كُنْتُمْ مُؤْمِنِينَ سورة الأنفال آية 1 #، وَأَوْصَاهُمْ بِمَا أَوْصَى بِهِ إِبْرَاهِيمُ بَنِيهِ، وَيَعْقُوبُ : # يَا بَنِيَّ إِنَّ اللَّهَ اصْطَفَى لَكُمُ الدِّينَ فَلا تَمُوتُنَّ إِلا وَأَنْتُمْ مُسْلِمُونَ سورة البقرة آية 132 #، وَأَوْصَاهُمْ أَنْ لَا يَرْغَبُوا أَنْ يَكُونُوا مَوَالِيَ الْأَنْصَارِ وَإِخْوَانَهُمْ فِي الدِّينِ، وَأَنَّ الْعِفَّةَ وَالصِّدْقَ خَيْرٌ وَأَتْقَى مِنْ الزِّنَا وَالْكَذِبِ، إِنْ حَدَثَ بِهِ حَدَثٌ فِي مَرَضِي هَذَا قَبْلَ أَنْ أُغَيِّرَ وَصِيَّتِي هَذِهِ، ثُمَّ ذَكَرَ حَاجَتَهُ \"","english":{"narrator":"","text":""}},{"id":9,"idInBook":9,"chapterId":22,"bookId":9,"arabic":"أَخْبَرَنَا أَحْمَدُ بْنُ عَبْدِ اللَّهِ  ، حَدَّثَنَا أَبُو بَكْرٍ  ، حَدَّثَنَا هِشَامُ بْنُ حَسَّانَ  ، عَنْ ابْنِ سِيرِينَ  ، عَنْ أَنَسٍ  ، قَالَ : \" هَكَذَا كَانُوا يُوصُونَ : هَذَا مَا أَوْصَى بِهِ فُلَانُ بْنُ فُلَانٍ، أَنَّهُيَشْهَدُ أَنْ لَا إِلَهَ إِلَّا اللَّهُ وَحْدَهُ لَا شَرِيكَ لَهُ، وَأَنَّ مُحَمَّدًا عَبْدُهُ وَرَسُولُهُ، وَأَنَّ السَّاعَةَ آتِيَةٌ لَا رَيْبَ فِيهَا، وَأَنَّ اللَّهَ يَبْعَثُ مَنْ فِي الْقُبُورِ، وَأَوْصَى مَنْ تَرَكَ بَعْدَهُ مِنْ أَهْلِهِ أَنْ يَتَّقُوا اللَّهَ وَيُصْلِحُوا ذَاتَ بَيْنِهِمْ، وَأَنْ يُطِيعُوا اللَّهَ وَرَسُولَهُ إِنْ كَانُوا مُؤْمِنِينَ، وَأَوْصَاهُمْ بِمَا أَوْصَى بِهِ إِبْرَاهِيمُ بَنِيهِ وَيَعْقُوبُ : # يَا بَنِيَّ إِنَّ اللَّهَ اصْطَفَى لَكُمُ الدِّينَ فَلا تَمُوتُنَّ إِلا وَأَنْتُمْ مُسْلِمُونَ سورة البقرة آية 132 #، وَأَوْصَى إِنْ حَدَثَ بِهِ حَدَثٌ مِنْ وَجَعِهِ هَذَا، أَنَّ حَاجَتَهُ كَذَا وَكَذَا \"","english":{"narrator":"","text":""}},{"id":10,"idInBook":10,"chapterId":22,"bookId":9,"arabic":"حَدَّثَنَا الْحَكَمُ بْنُ الْمُبَارَكِ ، أَخْبَرَنَا الْوَلِيدُ ، عَنْ حَفْصِ بْنِ غَيْلَانَ ، عَنْ مَكْحُولٍ  حِينَ أَوْصَى، قَالَ : \" نَشَهُّدُ هَذَا فَاشْهَدْ بِهِ :نَشْهَدُ أَنْ لَا إِلَهَ إِلَّا اللَّهُ وَحْدَهُ لَا شَرِيكَ لَهُ، وَأَنَّ مُحَمَّدًا عَبْدُهُ وَرَسُولُهُ، وَيُؤْمِنُ بِاللَّهِ، وَيَكْفُرُ بِالطَّاغُوتِ عَلَى ذَلِكَ يَحْيَا إِنْ شَاءَ اللَّهُ، وَيَمُوتُ، وَيُبْعَثُ، وَأَوْصَى فِيمَا رَزَقَهُ اللَّهُ فِيمَا تَرَكَ إِنْ حَدَثَ بِهِ حَدَثٌ وَهُوَ كَذَا وَكَذَا، إِنْ لَمْ يُغَيِّرْ شَيْئًا مِمَّا فِي هَذِهِ الْوَصِيَّةِ \".\nحَدَّثَنَا الْحَكَمُ ، حَدَّثَنَا الْوَلِيدُ ، قَالَ : أَخْبَرَنِي ابْنُ ثَوْبَانَ ، عَنْ أَبِيهِ ، عَنْ مَكْحُولٍ ، قَالَ : هَذِهِ وَصِيَّةُ أَبِي الدَّرْدَاءِ","english":{"narrator":"","text":""}},{"id":11,"idInBook":11,"chapterId":22,"bookId":9,"arabic":"حَدَّثَنَا جَعْفَرُ بْنُ عَوْنٍ ، حَدَّثَنَا أَبُو حَيَّانَ التَّيْمِيُّ ، عَنْ أَبِيهِ ، قَالَ : كَتَبَ الرَّبِيعُ بْنُ خُثَيْمٍ وَصِيَّتَهُ : بِسْمِ اللَّهِ الرَّحْمَنِ الرَّحِيمِ : \" هَذَا مَا أَوْصَى بِهِ الرَّبِيعُ بْنُ خُثَيْمٍ  وَأَشْهَدَ اللَّهَ عَلَيْهِ، وَكَفَى بِاللَّهِ شَهِيدًا، وَجَازِيًا لِعِبَادِهِ الصَّالِحِينَ وَمُثِيبًابِأَنِّي رَضِيتُ بِاللَّهِ رَبًّا، وَبِالْإِسْلَامِ دِينًا، وَبِمُحَمَّدٍ نَبِيًّا، وَإِنِّي آمُرُ نَفْسِي وَمَنْ أَطَاعَنِي أَنْ نَعْبُدَ اللَّهَ فِي الْعَابِدِينَ، وَنَحْمَدَهُ فِي الْحَامِدِينَ، وَأَنْ نَنْصَحَ لِجَمَاعَةِ الْمُسْلِمِينَ \"","english":{"narrator":"","text":""}},{"id":12,"idInBook":12,"chapterId":22,"bookId":9,"arabic":"حَدَّثَنَا أَبُو النُّعْمَانِ  ، حَدَّثَنَا حَمَّادُ بْنُ زَيْدٍ  ، عَنْ هِشَامٍ  ، عَنْ أَبِيهِ  : \" أَنَّ عَلِيًّا دَخَلَ عَلَى مَرِيضٍ، فَذَكَرُوا لَهُ الْوَصِيَّةَ، فَقال عَلِيٌّ   :قَالَ اللَّهُ : # إِنْ تَرَكَ خَيْرًا سورة البقرة آية 180 #، وَلَا أُرَاهُ تَرَكَ خَيْرًا \".\nقَالَ حَمَّادٌ : فَحَفِظْتُ أَنَّهُ تَرَكَ أَكْثَرَ مِنْ سَبْعِ مِائَةٍ","english":{"narrator":"","text":""}},{"id":13,"idInBook":13,"chapterId":22,"bookId":9,"arabic":"حَدَّثَنَا مُحَمَّدُ بْنُ كُنَاسَةَ  ، حَدَّثَنَا هِشَامٌ  ، عَنْ أَبِيهِ  ، قَالَ : \"دَخَلَ عَلِيُّ بْنُ أَبِي طَالِبٍ   عَلَى رَجُلٍ مِنْ قَوْمِهِ يَعُودُهُ، فَقَالَ : أُوصِي؟ قَالَ : لا، لَمْ تَدَعْ مَالًا، فَدَعْ مَالَكَ لِوَلَدِكَ \"","english":{"narrator":"","text":""}},{"id":14,"idInBook":14,"chapterId":22,"bookId":9,"arabic":"حَدَّثَنَا أَبُو زَيْدٍ ، حَدَّثَنَا شُعْبَةُ ، عَنْ مَنْصُورٍ ، عَنْ إِبْرَاهِيمَ  : \" فِي رَجُلٍ أَوْصَى وَالْوَرَثَةُ شُهُودٌ مُقِرُّونَ، فَقَالَ :لَا يَجُوزُ \".\nقَالَ أَبُو مُحَمَّد : يَعْنِي : إِذَا أَنْكَرُوا بَعْدُ","english":{"narrator":"","text":""}},{"id":15,"idInBook":15,"chapterId":22,"bookId":9,"arabic":"حَدَّثَنَا سُلَيْمَانُ بْنُ حَرْبٍ ، حَدَّثَنَا شُعْبَةُ ، قَالَ : سَأَلْتُ الحَكَمَ ، وَحَمَّادًا  : \" عَنِ الْأَوْلِيَاءِ يُجِيزُونَ الْوَصِيَّةَ، فَإِذَا مَاتَ لَمْ يُجِيزُوا؟ قَالَا :لَا يَجُوزُ \"","english":{"narrator":"","text":""}},{"id":16,"idInBook":16,"chapterId":22,"bookId":9,"arabic":"أَخْبَرَنَا يَزِيدُ بْنُ هَارُونَ ، عَنْ دَاوُدَ بْنِ أَبِي هِنْدٍ ، عَنْ عَامِرٍ ،  عَنْ شُرَيْحٍ  : \" فِي الرَّجُلِ يُوصِي بِأَكْثَرَ مِنْ ثُلُثِهِ، قَالَ :إِنْ أَجَازَتْهُ الْوَرَثَةُ، أَجَزْنَاهُ، وَإِنْ قَالَتِ الْوَرَثَةُ : أَجَزْنَاهُ، فَهُمْ بِالْخِيَارِ إِذَا نَفَضُوا أَيْدِيَهُمْ مِنْ الْقَبْرِ \"","english":{"narrator":"","text":""}},{"id":17,"idInBook":17,"chapterId":22,"bookId":9,"arabic":"حَدَّثَنَا أَبُو نُعَيْمٍ  ، حَدَّثَنَا الْمَسْعُودِيُّ  ، عَنْ أَبِي عَوْنٍ  ، عَنْ الْقَاسِمِ  : \" أَنَّ رَجُلًا اسْتَأْذَنَ وَرَثَتَهُ أَنْ يُوصِيَ بِأَكْثَرَ مِنَ الثُّلُثِ، فَأَذِنُوا لَهُ، ثُمَّ رَجَعُوا فِيهِ بَعْدَ مَا مَاتَ، فَسُئِلَ عَبْدُ اللَّهِ   عَنْ ذَلِكَ، فَقَالَ :هَذَا التَّكَرُّهُ لَا يَجُوزُ \"","english":{"narrator":"","text":""}},{"id":18,"idInBook":18,"chapterId":22,"bookId":9,"arabic":"حَدَّثَنَا أَبُو النُّعْمَانِ  ، حَدَّثَنَا حَمَّادُ بْنُ زَيْدٍ  ، عَنْ هِشَامٍ  ، عَنْ الْحَسَنِ   : \" فِي الرَّجُلِ يُوصِي بِأَكْثَرَ مِنْ الثُّلُثِ فَرَضِيَ الْوَرَثَةُ، قَالَ :هُوَ جَائِزٌ \".\nقَالَ أَبُو مُحَمَّد : أَجَزْنَاهُ يَعْنِي فِي الْحَيَاةِ","english":{"narrator":"","text":""}},{"id":19,"idInBook":19,"chapterId":22,"bookId":9,"arabic":"حَدَّثَنَا أَبُو الْوَلِيدِ الطَّيَالِسِيُّ  ، حَدَّثَنَا هَمَّامٌ  ، حَدَّثَنَا قَتَادَةُ  ، عَنْ يُونُسَ بْنِ جُبَيْرٍ  ، عَنْ مُحَمَّدِ بْنِ سَعْدٍ  ، عَنْ أَبِيهِ   : أَنّ النَّبِيَّ صَلَّى اللَّهُ عَلَيْهِ وَسَلَّمَ دَخَلَ عَلَيْهِ وَهُوَ بِمَكَّةَ ، وَلَيْسَ لَهُ إِلَّا ابْنَةٌ، فَقُلْتُ لَهُ : \" إِنَّهُ لَيْسَ لِي إِلَّا ابْنَةٌ وَاحِدَةٌ، فَأُوصِي بِمَالِي كُلِّهِ؟ فَقَالَ النَّبِيُّ صَلَّى اللَّهُ عَلَيْهِ وَسَلَّمَ : لَا، قُلْتُ : فَأُوصِي بِالنِّصْفِ؟ فَقَالَ لَهُ النَّبِيُّ صَلَّى اللَّهُ عَلَيْهِ وَسَلَّمَ : لَا، قَالَ : فَأُوصِي بِالثُّلُثِ؟ قَالَ : فَقَالَ رَسُولُ اللَّهِ صَلَّى اللَّهُ عَلَيْهِ وَسَلَّمَ :الثُّلُثُ، وَالثُّلُثُ كَثِيرٌ \"","english":{"narrator":"","text":""}},{"id":20,"idInBook":20,"chapterId":22,"bookId":9,"arabic":"أَخْبَرَنَا يَزِيدُ بْنُ هَارُونَ  ، حَدَّثَنَا مُحَمَّدُ بْنُ إِسْحَاق  ، عَنْ الزُّهْرِيِّ  ، عَنْ عَامِرِ بْنِ سَعْدٍ  ، عَنْ أَبِيهِ  ، قَالَ : \" اشْتَكَيْتُ مَعَ النَّبِيِّ صَلَّى اللَّهُ عَلَيْهِ وَسَلَّمَ فِي حَجَّةِ الْوَدَاعِ حَتَّى أُدْنِفْتُ، فَدَخَلَ عَلَيَّ رَسُولُ اللَّهِ صَلَّى اللَّهُ عَلَيْهِ وَسَلَّمَ يَعُودُنِي، فَقُلْتُ : يَا رَسُولَ اللَّهِ، مَا أُرَانِي إِلَّا أَلَمَّ بِي وَأَنَا ذُو مَالٍ كَثِيرٍ، وَإِنَّمَا يَرِثُنِي ابْنَةٌ لِي، أَفَأَتَصَدَّقُ بِمَالِي كُلِّهِ؟ قَالَ : لَا، قُلْتُ : فَبِنِصْفِهِ؟ قَال : لَا، قُلْتُ : فَالثُّلُثِ؟ قَالَ :الثُّلُثُ، وَالثُّلُثُ كَثِيرٌ، إِنَّكَ إِنْ تَتْرُكْ وَرَثَتَكَ أَغْنِيَاءَ، خَيْرٌ مِنْ أَنْ تَتْرُكَهُمْ فُقَرَاءَ يَتَكَفَّفُونَ النَّاسَ بِأَيْدِيهِمْ، وَإِنَّكَ لَا تُنْفِقُ نَفَقَةً إِلَّا آجَرَكَ اللَّهُ فِيهَا، حَتَّى مَا تَجْعَلُ فِي فِي امْرَأَتِكَ \"","english":{"narrator":"","text":""}},{"id":21,"idInBook":21,"chapterId":22,"bookId":9,"arabic":"حَدَّثَنَا سُلَيْمَانُ بْنُ حَرْبٍ ، حَدَّثَنَا حَمَّادُ بْنُ زَيْدٍ ، عَنْ إِسْحَاق بْنِ سُوَيْدٍ ،  عَنْ الْعَلَاءِ بْنِ زِيَادٍ : \" أَنَّ أَبَاهُ زِيَادَ بْنَ مَطَرٍ  أَوْصَى، فَقَالَ :وَصِيَّتِي مَا اتَّفَقَ عَلَيْهِ فُقَهَاءُ أَهْلِ الْبَصْرَةِ ، فَسَأَلْتُ، فَاتَّفَقُوا عَلَى الْخُمُسِ \"","english":{"narrator":"","text":""}},{"id":22,"idInBook":22,"chapterId":22,"bookId":9,"arabic":"حَدَّثَنَا سُلَيْمَانُ بْنُ حَرْبٍ  ، حَدَّثَنَا حَمَّادُ بْنُ زَيْدٍ  ، عَنْ إِسْحَاق بْنِ سُوَيْدٍ  ، عَنْ الْعَلَاءِ بْنِ زِيَادٍ  : أَنَّ رَجُلًا سَأَلَ عُمَرَ بْنَ الْخَطَّابِ  ، فَقَالَ : \" إِنَّ وَارِثِي كَلَالَةٌ، فَأُوصِي بِالنِّصْفِ؟ قَالَ : لَا، قَالَ : فَالثُّلُثِ؟ قَالَ : لَا، قَالَ : فَالرُّبُع؟ قَالَ : لَا، قَالَ : فَالْخُمُس؟ قَالَ : لَا، حَتَّى صَارَ إِلَى الْعُشْرِ، فَقَالَ :أَوْصِ بِالْعُشْرِ \"","english":{"narrator":"","text":""}},{"id":23,"idInBook":23,"chapterId":22,"bookId":9,"arabic":"حَدَّثَنَا يَعْلَى ، حَدَّثَنَا إِسْمَاعِيل ، عَنْ عَامِرٍ ، قَالَ :\" إِنَّمَا كَانُوا يُوصُونَ بِالْخُمُسِ وَالرُّبُعِ، وَكَانَ الثُّلُثُ مُنْتَهَى الْجَامِحِ.\nقَالَ أَبُو مُحَمَّد : يَعْنِي بِالْجَامِحِ : الْفَرَسَ الْجَمُوحَ","english":{"narrator":"","text":""}},{"id":24,"idInBook":24,"chapterId":22,"bookId":9,"arabic":"حَدَّثَنَا سُلَيْمَانُ بْنُ حَرْبٍ ، حَدَّثَنَا حَمَّادُ بْنُ سَلَمَةَ ، عَنْ حُمَيْدٍ ، عَنْ بَكْرٍ ، قَالَ : \" أَوْصَيْتُ إِلَى حُمَيْدِ بْنِ عَبْدِ الرَّحْمَنِ ، فَقَالَ :مَا كُنْتُ لِأَقْبَلَ وَصِيَّةَ رَجُلٍ لَهُ وَلَدٌ يُوصِي بِالثُّلُثِ \"","english":{"narrator":"","text":""}},{"id":25,"idInBook":25,"chapterId":22,"bookId":9,"arabic":"حَدَّثَنَا قَبِيصَةُ ، أَخْبَرَنَا سُفْيَانُ ، عَنْ هِشَامٍ ، عَنْ مُحَمَّدِ بْنِ سِيرِينَ ، عَنْ شُرَيْحٍ ، قَالَ :\" الثُّلُثُ جَهْدٌ وَهُوَ جَائِزٌ \"","english":{"narrator":"","text":""}},{"id":26,"idInBook":26,"chapterId":22,"bookId":9,"arabic":"حَدَّثَنَا عُبَيْدُ اللَّهِ ، عَنْ إِسْرَائِيلَ ، عَنْ مَنْصُورٍ ، عَنْ إِبْرَاهِيمَ ، قَالَ :\" كَانَ السُّدُسُ أَحَبَّ إِلَيْهِمْ مِنْ الثُّلُثِ \"","english":{"narrator":"","text":""}},{"id":27,"idInBook":27,"chapterId":22,"bookId":9,"arabic":"حَدَّثَنَا أَبُو الْوَلِيدِ ، حَدَّثَنَا شَرِيكٌ ، عَنْ مُغِيرَةَ ، عَنْ إِبْرَاهِيمَ ، قَالَ :\" الْوَصِيُّ أَمِينٌ فِيمَا أُوصِيَ إِلَيْهِ بِهِ \"","english":{"narrator":"","text":""}},{"id":28,"idInBook":28,"chapterId":22,"bookId":9,"arabic":"حَدَّثَنَا مُحَمَّدُ بْنُ الْمُبَارَكِ ، حَدَّثَنَا يَحْيَى بْنُ حَمْزَةَ ، عَنْ أبي وَهْبٍ ، عَنْ مَكْحُولٍ ، قَالَ :\" أَمْرُ الْوَصِيِّ جَائِزٌ فِي كُلِّ شَيْءٍ، إِلَّا فِي الِابْتِيَاعِ، وَإِذَا بَاعَ بَيْعًا لَمْ يُقِلْ \"، وَهُوَ رَأْيُ يَحْيَى بْنِ حَمْزَةَ","english":{"narrator":"","text":""}},{"id":29,"idInBook":29,"chapterId":22,"bookId":9,"arabic":"حَدَّثَنَا مُحَمَّدُ بْنُ الْمُبَارَكِ ، حَدَّثَنَا الْوَلِيدُ ، عَنْ الْأَوْزَاعِيِّ ،  عَنْ يَحْيَى بْنِ أَبِي كَثِيرٍ ، قَالَ :\" الْوَصِيُّ أَمِينٌ فِي كُلِّ شَيْءٍ، إِلَّا فِي الْعِتْقِ، فَإِنَّ عَلَيْهِ أَنْ يُقِيمَ الْوَلَاءَ \"","english":{"narrator":"","text":""}},{"id":30,"idInBook":30,"chapterId":22,"bookId":9,"arabic":"حَدَّثَنَا عُبَيْدُ اللَّهِ ، عَنْ إِسْرَائِيلَ ، عَنْ مَنْصُورٍ ، عَنْ إِبْرَاهِيمَ  : \" فِي مَالِ الْيَتِيمِيَعْمَلُ بِهِ الْوَصِيُّ إِذَا أَوْصَى إِلَى الرَّجُلِ \"","english":{"narrator":"","text":""}},{"id":31,"idInBook":31,"chapterId":22,"bookId":9,"arabic":"حَدَّثَنَا مُحَمَّدُ بْنُ الصَّلْتِ  ، حَدَّثَنَا مُوسَى بْنُ مُحَمَّدٍ  ، عَنْ إِسْمَاعِيل  ، عَنْ الْحَسَنِ  ، قَالَ :\" وَصِيُّ الْيَتِيمِ يَأْخُذُ لَهُ بِالشُّفْعَةِ، وَالْغَائِبُ عَلَى شُفْعَتِهِ \"","english":{"narrator":"","text":""}},{"id":32,"idInBook":32,"chapterId":22,"bookId":9,"arabic":"أَخْبَرَنَا مُحَمَّدُ بْنُ الْمُبَارَكِ ، حَدَّثَنَا يَحْيَى بْنُ حَمْزَةَ ، عَنْ عِكْرِمَةَ شَيْخٍ مِنْ أَهْلِ دِمَشْقَ ، قَالَ : \" كُنْتُ عِنْدَ عُمَرَ بْنِ عَبْدِ الْعَزِيزِ، وَعِنْدَهُ سُلَيْمَانُ بْنُ حَبِيبٍ، وَأَبُو قِلَابَةَ ، إِذْ دَخَلَ غُلَامٌ، فَقَالَ :أَرْضُنَا بِمَكَانِ كَذَا وَكَذَا، بَاعَكُمْ الْوَصِيُّ وَنَحْنُ أَطْفَالٌ، فَالْتَفَتَ إِلَى سُلَيْمَانَ بْنِ حَبِيبٍ، فَقَالَ : مَا تَقُولُ؟ قَالَ : فَأَضْجَعَ فِي الْقَوْلِ، فَالْتَفَتَ إِلَى أَبِي قِلَابَةَ، فَقَالَ : مَا تَقُولُ؟ قَالَ : رُدَّ عَلَى الْغُلَامِ أَرْضَهُ، قَالَ : إِذًا يَهْلِكُ مَالُنَا؟ قَالَ : أَنْتَ أَهْلَكْتَهُ \"","english":{"narrator":"","text":""}},{"id":33,"idInBook":33,"chapterId":22,"bookId":9,"arabic":"أَخْبَرَنَا إِبْرَاهِيمُ بْنُ مُوسَى  ، عَنْ مُحَمَّدِ بْنِ عَبْدِ اللَّهِ  ، عَنْ أَشْعَثَ  ، عَنْ الْحَسَنِ   : \" فِي رَجُلٍ أَوْصَى لِرَجُلٍ بِنِصْفِ مَالِهِ، وَلِآخَرَ بِثُلُثِ مَالِهِ، قَالَ :يَضْرِبَانِ بِذَلِكَ فِي الثُّلُثِ : هَذَا بِالنِّصْفِ، وَهَذَا بِالثُّلُث \"","english":{"narrator":"","text":""}},{"id":34,"idInBook":34,"chapterId":22,"bookId":9,"arabic":"حَدَّثَنَا أَبُو الْوَلِيدِ الطَّيَالِسِيُّ ، حَدَّثَنَا زَائِدَةُ ، عَنْ الشَّيْبَانِيِّ ، عَنْ الشَّعْبِيِّ ، قَالَ :\" يُغَيِّرُ صَاحِبُ الْوَصِيَّةِ مِنْهَا مَا شَاءَ، غَيْرَ الْعَتَاقَةِ \"","english":{"narrator":"","text":""}},{"id":35,"idInBook":35,"chapterId":22,"bookId":9,"arabic":"حَدَّثَنَا أَبُو الْوَلِيدِ الطَّيَالِسِيُّ  ، حَدَّثَنَا هَمَّامٌ  ، حَدَّثَنَا قَتَادَةُ  ، عَنْ عَمْرِو بْنِ شُعَيْبٍ  ، عَنْ عَبْدِ اللَّهِ بْنِ أَبِي رَبِيعَةَ  : \" أَنَّ عُمَرَ بْنَ الْخَطَّابِ  ، قَالَ :\" يُحْدِثُ الرَّجُلُ فِي وَصِيَّتِهِ مَا شَاءَ، وَمِلَاكُ الْوَصِيَّةِ آخِرُهَا \"","english":{"narrator":"","text":""}},{"id":36,"idInBook":36,"chapterId":22,"bookId":9,"arabic":"حَدَّثَنَا سَهْلُ بْنُ حَمَّادٍ ، حَدَّثَنَا هَمَّامٌ ، قَالَ : حَدَّثَنِي قَتَادَةُ ، قَالَ : حَدَّثَنِي عَمْرُو بْنُ دِينَارٍ : \" أَنَّ أَبَاهُ أَعْتَقَ رَقِيقًا لَهُ فِي مَرَضِهِ، ثُمَّ بَدَا لَهُ أَنْ يَرُدَّهُمْ وَيُعْتِقَ غَيْرَهُمْ، قَالَ : فَخَاصَمُونِي إِلَى عَبْدِ الْمَلِكِ بْنِ مَرْوَانَ ،فَأَجَازَ عِتْقَ الْآخِرِينَ، وَأَبْطَلَ عِتْقَ الْأَوَّلِينَ \"","english":{"narrator":"","text":""}},{"id":37,"idInBook":37,"chapterId":22,"bookId":9,"arabic":"حَدَّثَنَا سَهْلُ بْنُ حَمَّادٍ  ، حَدَّثَنَا هَمَّامٌ  ، عَنْ عَمْرِو بْنِ شُعَيْبٍ  ، عَنْ عَبْدِ اللَّهِ بْنِ أَبِي رَبِيعَةَ  ، عَنْ الشَّرِيدِ بْنِ سُوَيْدٍ  ، قَالَ : قَالَ عُمَرُ   :\" يُحْدِثُ الرَّجُلُ فِي وَصِيَّتِهِ مَا شَاءَ، وَمِلَاكُ الْوَصِيَّةِ آخِرُهَا \".\nقَالَ أَبُو مُحَمَّد : هَمَّامٌ لَمْ يَسْمَعْ مِنْ عَمْرٍو، وَبَيْنَهُمَا قَتَادَةُ","english":{"narrator":"","text":""}},{"id":38,"idInBook":38,"chapterId":22,"bookId":9,"arabic":"حَدَّثَنَا سَعِيدُ بْنُ الْمُغِيرَةِ ، قَالَ : ابْنُ الْمُبَارَكِ حَدَّثَنَا، عَنْ مَعْمَرٍ ، عَنِ الزُّهْرِيِّ  : \" فِي الرَّجُلِ يُوصِي بِوَصِيَّةٍ ثُمَّ يُوصِي بِأُخْرَى، قَالَ :هُمَا جَائِزَتَانِ فِي مَالِهِ \"","english":{"narrator":"","text":""}},{"id":39,"idInBook":39,"chapterId":22,"bookId":9,"arabic":"حَدَّثَنَا سَعِيدٌ  ، عَنْ ابْنِ الْمُبَارَكِ  ، عَنْ مَعْمَرٍ  ، عَنْ قَتَادَةَ  ، قَالَ : قَالَ عُمَرُ بْنُ الْخَطَّابِ   :\" مِلَاكُ الْوَصِيَّةِ آخِرُهَا \"","english":{"narrator":"","text":""}},{"id":40,"idInBook":40,"chapterId":22,"bookId":9,"arabic":"أَخْبَرَنَا مُحَمَّدُ بْنُ الْمُبَارَكِ ، حَدَّثَنَا الْوَلِيدُ ، عَنْ الْأَوْزَاعِيِّ ،  عَنْ يَحْيَى ، قَالَ :\" إِذَا اتَّهَمَ الْقَاضِي الْوَصِيَّ لَمْ يَعْزِلْهُ، وَلَكِنْ يُوَكِّلُ مَعَهُ غَيْرَهُ \"وَهُوَ رَأْيُ الْأَوْزَاعِيِّ","english":{"narrator":"","text":""}},{"id":41,"idInBook":41,"chapterId":22,"bookId":9,"arabic":"حَدَّثَنَا أَبُو الْوَلِيدِ ، حَدَّثَنَا شَرِيكٌ ، عَنْ الشَّيْبَانِيِّ ، عَنْ عَامِرٍ ، قَالَ :\" يَجُوزُ بَيْعُ الْمَرِيضِ وَشِرَاؤُهُ وَنِكَاحُهُ، وَلَا يَكُونُ مِنَ الثُّلُثِ \"","english":{"narrator":"","text":""}},{"id":42,"idInBook":42,"chapterId":22,"bookId":9,"arabic":"حَدَّثَنَا أَبُو الْوَلِيدِ ، حَدَّثَنَا أَبُو عَوَانَةَ ، عَنْ مُطَرِّفٍ ، عَنْ الْحَارِثِ الْعُكْلِيِّ ، قَالَ :\" مَا حَابَى بِهِ الْمَرِيضُ فِي مَرَضِهِ مِنْ بَيْعٍ أَوْ شِرَاءٍ، فَهُوَ فِي ثُلُثِهِ قِيمَةُ عَدْلٍ \"","english":{"narrator":"","text":""}},{"id":43,"idInBook":43,"chapterId":22,"bookId":9,"arabic":"حَدَّثَنَا أَبُو النُّعْمَانِ ، حَدَّثَنَا حَمَّادُ بْنُ زَيْدٍ ، عَنْ يَحْيَى هُوَ ابْنُ سَعِيدٍ ، قَالَ : أَعْطَتِ امْرَأَةٌ مِنْ أَهْلِنَا وَهِيَ حَامِلٌ، فَسُئِلَ الْقَاسِمُ ، فَقَالَ : \" هُوَ مِنْ جَمِيعِ الْمَالِ، قَالَ يَحْيَى : وَنَحْنُ نَقُولُ :إِذَا ضَرَبَهَا الْمَخَاضُ فَمَا أَعْطَتْ، فَمِنْ الثُّلُثِ \"","english":{"narrator":"","text":""}},{"id":44,"idInBook":44,"chapterId":22,"bookId":9,"arabic":"حَدَّثَنَا أَحْمَدُ بْنُ عَبْدِ اللَّهِ  ، حَدَّثَنَا أَبُو شِهَابٍ  ، عَنْ عَمْرٍو  ، عَنْ الْحَسَنِ   : \" فِي رَجُلٍ قَالَ لِغُلَامِهِ : إِنْ دَخَلْتُ دَارَ فُلَانٍ، فَغُلَامِي حُرٌّ، ثُمَّ دَخَلَهَا وَهُوَ مَرِيضٌ، قَالَ :يُعْتَقُ مِنْ الثُّلُثِ، وَإِنْ دَخَلَ فِي صِحَّتِهِ، عُتِقَ مِنْ جَمِيعِ الْمَالِ \"","english":{"narrator":"","text":""}},{"id":45,"idInBook":45,"chapterId":22,"bookId":9,"arabic":"أخبرنا مَرْوَانُ بْنُ مُحَمَّدٍ ، حَدَّثَنَا يَحْيَى بْنُ حَمْزَةَ ، حَدَّثَنَا النُّعْمَانُ بْنُ الْمُنْذِرِ ، عَنْ مَكْحُولٍ ، قَالَ :\" إِذَا كَانَ الْوَرَثَةُ مَحَاوِيجَ، فَلَا أَرَى بَأْسًا أَنْ يُرَدَّ عَلَيْهِمْ مِنْ الثُّلُثِ \"، قَالَ يَحْيَى : فَذَكَرْتُ ذَلِكَ لِلْأَوْزَاعِيِّ  فَأَعْجَبَهُ","english":{"narrator":"","text":""}},{"id":46,"idInBook":46,"chapterId":22,"bookId":9,"arabic":"أخبرنا أَبُو النُّعْمَانِ ، حَدَّثَنَا هُشَيْمٌ ، حَدَّثَنَا يُونُسُ ، عَنْ الْحَسَنِ .\nح وأَخْبَرَنَا مُغِيرَةُ ، عَنْ إِبْرَاهِيمَ ، قَالَا :\" إِذَا شَهِدَ شَاهِدَانِ مِنْ الْوَرَثَةِ، جَازَ عَلَى جَمِيعِهِمْ، وَإِذَا شَهِدَ وَاحِدٌ، فَفِي نَصِيبِهِ بِحِصَّتِهِ \"","english":{"narrator":"","text":""}},{"id":47,"idInBook":47,"chapterId":22,"bookId":9,"arabic":"حَدَّثَنَا أَبُو النُّعْمَانِ ، حَدَّثَنَا هُشَيْمٌ ، حَدَّثَنَا مُطَرِّفٌ : أَنَّهُ سَمِعَ الشَّعْبِيَّ ، يَقُولُ :\" إِذَا شَهِدَ رَجُلٌ مِنْ الْوَرَثَةِ، فَفِي نَصِيبِهِ بِحِصَّتِهِ، ثُمَّ قَالَ : بَعْدَ ذَلِكَ فِي جَمِيعِ حِصَّتِهِ \"","english":{"narrator":"","text":""}},{"id":48,"idInBook":48,"chapterId":22,"bookId":9,"arabic":"حَدَّثَنَا أَبُو الْوَلِيدِ الطَّيَالِسِيُّ ، حَدَّثَنَا أَبُو شِهَابٍ عَبْدُ رَبِّهِ بْنُ نَافِعٍ ، عَنْ الْأَعْمَشِ ، عَنْ إِبْرَاهِيمَ ، قَالَ :\" إِذَا أَوْصَى الرَّجُلُ بِالثُّلُثِ، وَالرُّبُعِ، فَفِي الْعَيْنِ وَالدَّيْنِ، وَإِذَا أَوْصَى بِخَمْسِينَ أَوْ سِتِّينَ إِلَى الْمِائَةِ، فَفِي الْعَيْنِ حَتَّى يَبْلُغَ الثُّلُثَ \"","english":{"narrator":"","text":""}},{"id":49,"idInBook":49,"chapterId":22,"bookId":9,"arabic":"أَخْبَرَنَا مَرْوَانُ بْنُ مُحَمَّدٍ  ، حَدَّثَنَا سُلَيْمَانُ بْنُ بِلَالٍ  ، حَدَّثَنَا جَعْفَرُ بْنُ مُحَمَّدٍ  ، عَنْ يَزِيدَ بْنِ عَبْدِ اللَّهِ بْنِ قُسَيْطٍ  ، قَالَ : قَالَ رَسُولُ اللَّهِ صَلَّى اللَّهُ عَلَيْهِ وَسَلَّمَ :\" الْمَرْءُ أَحَقُّ بِثُلُثِ مَالِهِ، يَضَعُهُ فِي أَيِّ مَالِهِ شَاءَ \"","english":{"narrator":"","text":""}},{"id":50,"idInBook":50,"chapterId":22,"bookId":9,"arabic":"حَدَّثَنَا عَبْدُ الصَّمَدِ بْنُ عَبْدِ الْوَارِثِ  ، حَدَّثَنَا شُعْبَةُ  ، حَدَّثَنَا أَبُو إِسْحَاق  ، عَنْ أَبِي حَبِيبَةَ  ، قَالَ : سَأَلْتُ أَبَا الدَّرْدَاءِ عَنْ رَجُلٍ جَعَلَ دَرَاهِمَ فِي سَبِيلِ اللَّهِ، فَقَالَ أَبُو الدَّرْدَاءِ   : قَالَ رَسُولُ اللَّهِ صَلَّى اللَّهُ عَلَيْهِ وَسَلَّمَ :\" مَثَلُ الَّذِي يَتَصَدَّقُ عِنْدَ مَوْتِهِ أَوْ يُعْتِقُ، كَالَّذِي يُهْدِي بَعْدَ مَا شَبِعَ \"","english":{"narrator":"","text":""}},{"id":51,"idInBook":51,"chapterId":22,"bookId":9,"arabic":"حَدَّثَنَا الْمُعَلَّى بْنُ أَسَدٍ  ، حَدَّثَنَا وُهَيْبٌ  ، عَنْ يُونُسَ  ،  عَنْ الْحَسَنِ   : \" فِي الرَّجُلِ يُوصِي بِأَشْيَاءَ وَمِنْهَا الْعِتْقُ، فَيُجَاوِزُ الثُّلُثَ، قَالَ :يُبْدَأُ بِالْعِتْقِ \".\nحَدَّثَنَا الْمُعَلَّى بْنُ أَسَدٍ  ، حَدَّثَنَا وُهَيْبٌ  ، عَنْ أَيُّوبَ  ، عَنْ مُحَمَّدٍ  ، قَالَ : بِالْحِصَصِ","english":{"narrator":"","text":""}},{"id":52,"idInBook":52,"chapterId":22,"bookId":9,"arabic":"حَدَّثَنَا الْحَسَنُ بْنُ بِشْرٍ ، حَدَّثَنَا الْمُعَافَى ، عَنْ عُثْمَانَ بْنِ الْأَسْوَدِ ، عَنْ عَطَاءٍ ، قَالَ :\" مَنْ أَوْصَى أَوْ أَعْتَقَ، فَكَانَ فِي وَصِيَّتِهِ عَوْلٌ، دَخَلَ الْعَوْلُ عَلَى أَهْلِ الْعَتَاقَةِ، وَأَهْلِ الْوَصِيَّةِ \".\nقَالَ عَطَاءٌ : إِنَّ أَهْلَ الْمَدِينَةِ غَلَبُونَا، يَبْدَءُونَ بِالْعَتَاقَةِ قَبْلُ","english":{"narrator":"","text":""}},{"id":53,"idInBook":53,"chapterId":22,"bookId":9,"arabic":"حَدَّثَنَا أَبُو النُّعْمَانِ ، حَدَّثَنَا حَمَّادُ بْنُ زَيْدٍ ، قَالَ : قَالَ عَمْرُو بْنُ دِينَارٍ \" فِي الَّذِي يُوصِي بِعِتْقٍ، وَغَيْرِهِ فَيَزِيدُ عَلَى الثُّلُثِ، قَالَ : بِالْحِصَصِ \"","english":{"narrator":"","text":""}},{"id":54,"idInBook":54,"chapterId":22,"bookId":9,"arabic":"حَدَّثَنَا سُلَيْمَانُ بْنُ حَرْبٍ  ، حَدَّثَنَا حَمَّادُ بْنُ زَيْدٍ  ، عَنْ كَثِيرِ بْنِ شِنْظِيرٍ  ، عَنْ الْحَسَنِ   : \" فِي رَجُلٍ أَوْصَى بِأَكْثَرَ مِنْ الثُّلُثِ وَفِيهِ عِتْقٌ؟ قَالَ :يُبْدَأُ بِالْعِتْقِ \"","english":{"narrator":"","text":""}},{"id":55,"idInBook":55,"chapterId":22,"bookId":9,"arabic":"حَدَّثَنَا عُبَيْدُ اللَّهِ ، عَنْ إِسْرَائِيلَ ، عَنْ مَنْصُورٍ ، عَنْ إِبْرَاهِيمَ ، قَالَ :\" يُبْدَأُ بِالْعَتَاقَةِ قَبْلَ الْوَصِيَّةِ \"","english":{"narrator":"","text":""}},{"id":56,"idInBook":56,"chapterId":22,"bookId":9,"arabic":"أَخْبَرَنَا الْمُعَلَّى بْنُ أَسَدٍ  ، قَالَ : حَدَّثَنَا وُهَيْبٌ  ، عَنْ يُونُسَ  ، عَنْ الْحَسَنِ   : \" فِي الرَّجُلِ يُوصِي لِبَنِي فُلَانٍ، قَالَ :غَنِيُّهُمْ وَفَقِيرُهُمْ وَذَكَرُهُمْ وَأُنْثَاهُمْ سَوَاءٌ \"","english":{"narrator":"","text":""}},{"id":57,"idInBook":57,"chapterId":22,"bookId":9,"arabic":"حَدَّثَنَا أَحْمَدُ بْنُ عَبْدِ اللَّهِ  ، حَدَّثَنَا أَبُو شِهَابٍ  ، عَنْ عَمْرٍو  ، عَنْ الْحَسَنِ  ، قَالَ :\" إِذَا أَوْصَى لِبَنِي فُلَانٍ، فَالذَّكَرُ وَالْأُنْثَى فِيهِ سَوَاءٌ \"","english":{"narrator":"","text":""}},{"id":58,"idInBook":58,"chapterId":22,"bookId":9,"arabic":"حَدَّثَنَا أَبُو نُعَيْمٍ ، حَدَّثَنَا زَائِدَةُ بْنُ مُوسَى الْهَمْدَانِيُّ ، حَدَّثَنِي سَيَّارُ بْنُ أَبِي كَرِبٍ : \" أَنَّ آتِيًا أَتَى شُرَيْحًا ، فَسَأَلَهُ عَنْ رَجُلٍ أَوْصَى بِسَهْمٍ مِنْ مَالِهِ، قَالَ :تُحْسَبُ الْفَرِيضَةُ، فَمَا بَلَغَ سِهَامَهَا، أُعْطِيَ الْمُوصَى لَهُ سَهْمًا كَأَحَدِهَا \"","english":{"narrator":"","text":""}},{"id":59,"idInBook":59,"chapterId":22,"bookId":9,"arabic":"أَخْبَرَنَا مَرْوَانُ بْنُ مُحَمَّدٍ ، حَدَّثَنَا سَعِيدٌ ، عَنْ مَكْحُولٍ ، قَالَ :\" إِذَا تَصَدَّقَ الرَّجُلُ عَلَى بَعْضِ وَرَثَتِهِ وَهُوَ صَحِيحٌ بِأَكْثَرَ مِنْ النِّصْفِ، رُدَّ إِلَى الثُّلُثِ، وَإِذَا أَعْطَى النِّصْفَ، جَازَ لَهُ ذَلِكَ \".\nقَالَ سَعِيدٌ : وَكَانَ قُضَاةُ أَهْلِ دِمَشْقَ يَقْضُونَ بِذَلِكَ","english":{"narrator":"","text":""}},{"id":60,"idInBook":60,"chapterId":22,"bookId":9,"arabic":"حَدَّثَنَا عَبْدُ اللَّهِ بْنُ مُحَمَّدِ بْنِ أَبِي شَيْبَةَ ، حَدَّثَنَا حَفْصٌ ، عَنْ إِسْمَاعِيل بْنِ أَبِي خَالِدٍ ، عَنِ الْحَكَمِ ، عَنْ إِبْرَاهِيمَ ، قَالَ :\" الْكَفَنُ مِنْ جَمِيعِ الْمَالِ \"","english":{"narrator":"","text":""}},{"id":61,"idInBook":61,"chapterId":22,"bookId":9,"arabic":"حَدَّثَنَا إِبْرَاهِيمُ بْنُ مُوسَى  ، عَنْ مُعَاذٍ  ، عَنْ أَشْعَثَ  ، عَنْ الْحَسَنِ   : \" فِي رَجُلٍ مَاتَ وَتَرَكَ قِيمَةَ أَلْفَيْ دِرْهَمٍ، وَعَلَيْهِ مِثْلُهَا أَوْ أَكْثَرُ، قَالَ :يُكَفَّنُ مِنْهَا، وَلَا يُعْطَى دَيْنُهُ \"","english":{"narrator":"","text":""}},{"id":62,"idInBook":62,"chapterId":22,"bookId":9,"arabic":"حَدَّثَنَا قَبِيصَةُ ، حَدَّثَنَا سُفْيَانُ ، عَمَّنْ سَمِعَ إِبْرَاهِيمَ ، قَالَ :\" يُبْدَأُ بِالْكَفَنِ، ثُمَّ الدَّيْنِ، ثُمَّ الْوَصِيَّةِ \"","english":{"narrator":"","text":""}},{"id":63,"idInBook":63,"chapterId":22,"bookId":9,"arabic":"حَدَّثَنَا قَبِيصَةُ ، أنبأنا سُفْيَانُ ، عَنْ فِرَاسٍ ، عَنْ الشَّعْبِيِّ  : \" فِي الْمَرْأَةِ تَمُوتُ، قَالَ :\" تُكَفَّنُ مِنْ مَالِهَا، لَيْسَ عَلَى الزَّوْجِ شَيْءٌ \"","english":{"narrator":"","text":""}},{"id":64,"idInBook":64,"chapterId":22,"bookId":9,"arabic":"حَدَّثَنَا سَعِيدُ بْنُ الْمُغِيرَةِ ، عَنْ ابْنِ الْمُبَارَكِ ، عَنْ ابْنِ جُرَيْجٍ ،  عَنْ عَطَاءٍ ، قَالَ :\" الْحَنُوطُ، وَالْكَفَنُ مِنْ رَأْسِ الْمَالِ \"","english":{"narrator":"","text":""}},{"id":65,"idInBook":65,"chapterId":22,"bookId":9,"arabic":"حَدَّثَنَا مُحَمَّدُ بْنُ عُيَيْنَةَ ، عَنْ عَلِيِّ بْنِ مُسْهِرٍ ، عَنْ إِسْمَاعِيل ، عَنْ الْحَسَنِ ، قَالَ :\" الْكَفَنُ مِنْ وَسَطِ الْمَالِ، يكفن على قدر ما كان يلبس في حياته، ثم يخرج الدين، ثم الثلث \"","english":{"narrator":"","text":""}},{"id":66,"idInBook":66,"chapterId":22,"bookId":9,"arabic":"حَدَّثَنَا أَبُو النُّعْمَانِ  ، حَدَّثَنَا هُشَيْمٌ  ، أَنْبَأَنَا مَنْصُورٌ  ، عَنِ الْحَسَنِ  ، أَنَّهُ كَانَ يَقُولُ :\" إِذَا أَوْصَى الرَّجُلُ إِلَى الرَّجُلِ وَهُوَ غَائِبٌ، فَلْيَقْبَلْ وَصِيَّتَهُ، وَإِنْ كَانَ حَاضِرًا، فَهُوَ بِالْخِيَارِ : إِنْ شَاءَ، قَبِلَ، وَإِنْ شَاء، َتَرَكَ \"","english":{"narrator":"","text":""}},{"id":67,"idInBook":67,"chapterId":22,"bookId":9,"arabic":"حَدَّثَنَا صَالِحُ بْنُ عَبْدِ اللَّهِ ، حَدَّثَنَا حَمَّادُ بْنُ زَيْدٍ ،  عَنْ أَيُّوبَ ، قَالَ : سَأَلْتُ الْحَسَنَ ، وَمُحَمَّدًا  عَنِ \" الرَّجُلِ يُوصِي إِلَى الرَّجُلِ، قَالَا :نَخْتَارُ أَنْ يَقْبَلَ \"","english":{"narrator":"","text":""}},{"id":68,"idInBook":68,"chapterId":22,"bookId":9,"arabic":"حَدَّثَنَا مُحَمَّدُ بْنُ أَسْعَدَ  ، حَدَّثَنَا أَبُو بَكْرٍ  ، عَنْ هِشَامٍ  ، عَنِ الْحَسَنِ  ، قَالَ :\" إِذَا أَوْصَى الرَّجُلُ إِلَى الرَّجُلِ وَهُوَ غَائِبٌ، فَإِذَا قَدِمَ فَإِنْ شَاءَ، قَبِلَ ، فَإِذَا قَبِلَ، لَمْ يَكُنْ لَهُ أَنْ يَرُدَّ \"","english":{"narrator":"","text":""}},{"id":69,"idInBook":69,"chapterId":22,"bookId":9,"arabic":"حَدَّثَنَا الْوَضَّاحُ بْنُ يَحْيَى  ، حَدَّثَنَا أَبُو بَكْرٍ  ، عَنْ هِشَامٍ  ، عَنْ الْحَسَنِ  ، قَالَ :\" إِذَا أَوْصَى الرَّجُلُ إِلَى الرَّجُلِ، فَعُرِضَتْ عَلَيْهِ الْوَصِيَّةُ، وَكَانَ غَائِبًا فَقَبِلَ، لَمْ يَكُنْ لَهُ أَنْ يَرْجِعَ \"","english":{"narrator":"","text":""}},{"id":70,"idInBook":70,"chapterId":22,"bookId":9,"arabic":"حَدَّثَنَا جَعْفَرُ بْنُ عَوْنٍ ، عَنْ شعبة ، عَنْ أَبِي مَعْشَرٍ ، عَنْ إِبْرَاهِيمَ ، قَالَ :\" إِذَا أَوْصَى الرَّجُلُ لِإِنْسَانٍ، وَهُوَ غَائِبٌ، وَكَانَ مَيِّتًا، وَهُوَ لَا يَدْرِي، فَهِيَ رَاجِعَةٌ \"","english":{"narrator":"","text":""}},{"id":71,"idInBook":71,"chapterId":22,"bookId":9,"arabic":"حَدَّثَنَا مُحَمَّدُ بْنُ عِيسَى  ، حَدَّثَنَا يَزِيدُ بْنُ زُرَيْعٍ  ، حَدَّثَنَا يُونُسُ  ، عَنْ الْحَسَنِ  ، قَالَ :\" إِذَا أَوْصَى لِعَبْدِهِ ثُلُثَ مَالِهِ، رُبُعَ مَالِهِ، خُمُسَ مَالِهِ، فَهُوَ مِنْ مَالِهِ دَخَلَتْهُ عَتَاقَةٌ \"","english":{"narrator":"","text":""}},{"id":72,"idInBook":72,"chapterId":22,"bookId":9,"arabic":"حَدَّثَنَا يَعْلَى ، عَنْ إِسْمَاعِيل ،  عَنْ قَيْسٍ ، قَالَ : كَانَ يُقَالُ :\" إِنَّ الرَّجُلَ لَيُحْرَمُ بَرَكَةَ مَالِهِ فِي حَيَاتِهِ، فَإِذَا كَانَ عِنْدَ الْمَوْتِ، تَزَوَّدَ بِفَجْرَةٍ \"","english":{"narrator":"","text":""}},{"id":73,"idInBook":73,"chapterId":22,"bookId":9,"arabic":"حَدَّثَنَا أَحْمَدُ بْنُ عَبْدِ اللَّهِ  ، حَدَّثَنَا أَبُو زُبَيْدٍ  ، حَدَّثَنَا حُصَيْنٌ  ، عَنْ إِبْرَاهِيمَ التَّيْمِيِّ  ، عَنْ أَبِيهِ  ، قَالَ : قَالَ عَبْدُ اللَّهِ   :\" الْمُرَّانِ : الْإِمْسَاكُ فِي الْحَيَاةِ، وَالتَّبْذِيرُ عِنْدَ الْمَوْتِ \".\nقَالَ أَبُو مُحَمَّد : يُقَالُ : مُرٌّ فِي الْحَيَاةِ، وَمُرٌّ عِنْدَ الْمَوْتِ","english":{"narrator":"","text":""}},{"id":74,"idInBook":74,"chapterId":22,"bookId":9,"arabic":"حَدَّثَنَا عُبَيْدُ اللَّهِ ، عَنْ إِسْرَائِيلَ ، عَنْ مَنْصُورٍ ،  عَنْ إِبْرَاهِيمَ ، قَالَ :\" إِذَا أَوْصَى الرَّجُلُ لِآخَرَ بِمِثْلِ نَصِيبِ ابْنِهِ، فَلَا يَتِمُّ لَهُ مِثْلُ نَصِيبِهِ، حَتَّى يَنْقُصَ مِنْهُ \"","english":{"narrator":"","text":""}},{"id":75,"idInBook":75,"chapterId":22,"bookId":9,"arabic":"حَدَّثَنَا سُلَيْمَانُ بْنُ حَرْبٍ ، حَدَّثَنَا حَمَّادُ بْنُ سَلَمَةَ ، عَنْ دَاوُدَ بْنِ أَبِي هِنْدٍ ، عَنْ الشَّعْبِيِّ  : \" فِي رَجُلٍ كَانَ لَهُ ثَلَاثَةُ بَنِينَ، فَأَوْصَى لِرَجُلٍ مِثْلَ نَصِيبِ أَحَدِهِمْ لَوْ كَانُوا أَرْبَعَةً، قَالَ الشَّعْبِيُّ :يُعْطَى الْخُمُسَ \"","english":{"narrator":"","text":""}},{"id":76,"idInBook":76,"chapterId":22,"bookId":9,"arabic":"حَدَّثَنَا مُحَمَّدُ بْنُ عِيسَى ، حَدَّثَنَا يَزِيدُ بْنُ زُرَيْعٍ ، حَدَّثَنَا دَاوُدُ بْنُ أَبِي هِنْدٍ ، قَالَ : \" سَأَلْنَا عَامِرًا  عَنْ رَجُلٍ تَرَكَ ابْنَيْنِ، وَأَوْصَى بِمِثْلِ نَصِيبِ أَحَدِهِمْ لَوْ كَانُوا ثَلَاثَةً، قَالَ :أَوْصَى بِالرُّبُعِ \"","english":{"narrator":"","text":""}},{"id":77,"idInBook":77,"chapterId":22,"bookId":9,"arabic":"حَدَّثَنَا أَبُو النُّعْمَانِ ، حَدَّثَنَا أَبُو عَوَانَةَ ، عَنْ مُغِيرَةَ ، عَنْ إِبْرَاهِيمَ ، قَالَ : \" فِي رَجُلٍ أَوْصَى بِمِثْلِ نَصِيبِ بَعْضِ الْوَرَثَةِ، قَالَ :لَا يَجُوزُ، وَإِنْ كَانَ أَقَلَّ مِنْ الثُّلُثِ \"، قَالَ أَبُو مُحَمَّد : هُوَ حَسَنٌ","english":{"narrator":"","text":""}},{"id":78,"idInBook":78,"chapterId":22,"bookId":9,"arabic":"حَدَّثَنَا قَبِيصَةُ ، أنبأنا سُفْيَانُ ، عَنْ ابْنِ أَبِي السَّفَرِ ، عَنْ الشَّعْبِيِّ  : \" فِي رَجُلٍ أَوْصَى فِي غَلَّةِ عَبْدِهِ بِدِرْهَمٍ، وَغَلَّتُهُ سِتَّةٌ، قَالَ :لَهُ سُدُسُهُ \"","english":{"narrator":"","text":""}},{"id":79,"idInBook":79,"chapterId":22,"bookId":9,"arabic":"أخبرنا قَبِيصَةُ ، قَالَ : سَمِعْتُ سُفْيَانَ ، يَقُولُ :\" إِذَا أَقَرَّ لِوَارِثٍ وَلِغَيْرِ وَارِثٍ بِمِائَةِ دِرْهَمٍ، قَالَ : أَرَى أَنْ أُبْطِلَهُمَا جَمِيعًا \"","english":{"narrator":"","text":""}},{"id":80,"idInBook":80,"chapterId":22,"bookId":9,"arabic":"حَدَّثَنَا مُسْلِمٌ ، حَدَّثَنَا هَمَّامٌ ، حَدَّثَنَا قَتَادَةُ ، عَنْ ابْنِ سِيرِينَ ، عَنْ شُرَيْحٍ ، قَالَ :\" لَا يَجُوزُ إِقْرَارٌ لِوَارِثٍ، قَالَ : وقال الْحَسَنُ  : أَحَقُّ مَا جَازَ عَلَيْهِ عِنْدَ مَوْتِهِ : أَوَّلَ يَوْمٍ مِنْ أَيَّامِ الْآخِرَةِ، وَآخِرَ يَوْمٍ مِنْ أَيَّامِ الدُّنْيَا \"","english":{"narrator":"","text":""}},{"id":81,"idInBook":81,"chapterId":22,"bookId":9,"arabic":"حَدَّثَنَا عَمْرُو بْنُ عَوْنٍ ، أنبأنا خَالِدٌ ، عَنْ خَالِدٍ ، عَنْ أَبِي قِلَابَةَ ، قَالَ :\" لَا يَجُوزُ لِوَارِثٍ وَصِيَّةٌ \"","english":{"narrator":"","text":""}},{"id":82,"idInBook":82,"chapterId":22,"bookId":9,"arabic":"حَدَّثَنَا سُلَيْمَانُ بْنُ حَرْبٍ ، حَدَّثَنَا حَمَّادُ بْنُ زَيْدٍ ، عَنْ حُمَيْدٍ  : \" أَنَّ رَجُلًا يُكْنَى أَبَا ثَابِتٍأَقَرَّ لِامْرَأَتِهِ عِنْدَ مَوْتِهِ أَنَّ لَهَا عَلَيْهِ أَرْبَعَ مِائَةِ دِرْهَمٍ مِنْ صَدَاقِهَا، فَأَجَازَهُ الْحَسَنُ  \"","english":{"narrator":"","text":""}},{"id":83,"idInBook":83,"chapterId":22,"bookId":9,"arabic":"حَدَّثَنَا مُسْلِمُ بْنُ إِبْرَاهِيمَ  ، حَدَّثَنَا هِشَامٌ الدَّسْتَوَائِيُّ  ، حَدَّثَنَا قَتَادَةُ  ، عَنْ شَهْرِ بْنِ حَوْشَبٍ  ، عَنْ عَبْدِ الرَّحْمَنِ بْنِ غَنْمٍ  ، عَنْ عَمْرِو بْنِ خَارِجَةَ  ، قَالَ : كُنْتُ تَحْتَ نَاقَةِ النَّبِيِّ صَلَّى اللَّهُ عَلَيْهِ وَسَلَّمَ وَهِيَ تَقْصَعُ بِجِرَّتِهَا، وَلُعَابُهَا يَنُوصُ بَيْنَ كَتِفَيَّ، سَمِعْتُهُ يَقُولُ :\" أَلَا إِنَّ اللَّهَ قَدْ أَعْطَى كُلَّ ذِي حَقٍّ حَقَّهُ، فَلَا يَجُوزُ وَصِيَّةٌ لِوَارِثٍ \"","english":{"narrator":"","text":""}},{"id":84,"idInBook":84,"chapterId":22,"bookId":9,"arabic":"أَخْبَرَنَا يَزِيدُ بْنُ هَارُونَ ، أنبأنا هَمَّامٌ ، عَنْ قَتَادَةَ ، قَال : # إِذَا حَضَرَ أَحَدَكُمُ الْمَوْتُ إِنْ تَرَكَ خَيْرًا الْوَصِيَّةُ لِلْوَالِدَيْنِ وَالأَقْرَبِينَ بِالْمَعْرُوفِ حَقًّا عَلَى الْمُتَّقِينَ سورة البقرة آية 180 #،فَأَمَرَ أَنْ يُوصِيَ لِوَالِدَيْهِ وَأَقَارِبِهِ، ثُمَّ نُسِخَ بَعْدَ ذَلِكَ فِي سُورَةِ النِّسَاءِ ، فَجَعَلَ لِلْوَالِدَيْنِ نَصِيبًا مَعْلُومًا، وَأَلْحَقَ لِكُلِّ ذِي مِيرَاثٍ نَصِيبَهُ مِنْهُ، وَلَيْسَتْ لَهُمْ وَصِيَّةٌ، فَصَارَتْ الْوَصِيَّةُ لِمَنْ لَا يَرِثُ مِنْ قَرِيبٍ وَغَيْرِهِ \"","english":{"narrator":"","text":""}},{"id":85,"idInBook":85,"chapterId":22,"bookId":9,"arabic":"حَدَّثَنَا مُحَمَّدُ بْنُ يُوسُفَ  ، حَدَّثَنَا وَرْقَاءُ  ، عَنْ ابْنِ أَبِي نَجِيحٍ  ، عَنْ عَطَاءٍ  ،  عَنْ ابْنِ عَبَّاسٍ  ، قَالَ :\" كَانَ الْمَالُ لِلْوَلَدِ، وَكَانَتْ الْوَصِيَّةُ لِلْوَالِدَيْنِ وَالْأَقْرَبِينَ، فَنَسَخَ اللَّهُ مِنْ ذَلِكَ مَا أَحَبَّ، فَجَعَلَ لِلذَّكَرِ مِثْلَ حَظِّ الْأُنْثَيَيْنِ، وَجَعَلَ لِلْأَبَوَيْنِ لِكُلِّ وَاحِدٍ مِنْهُمَا السُّدُسَ وَالثُّلُثَ، وَجَعَلَ لِلْمَرْأَةِ الثُّمُنَ وَالرُّبُعَ، وَلِلزَّوْجِ الشَّطْرَ وَالرُّبُعَ \"","english":{"narrator":"","text":""}},{"id":86,"idInBook":86,"chapterId":22,"bookId":9,"arabic":"حَدَّثَنَا أَحْمَدُ بْنُ إِسْمَاعِيل ، حَدَّثَنَا أَبُو تُمَيْلَةَ ، عَنْ الْحُسَيْنِ بْنِ وَاقِدٍ ، عَنْ يَزِيدَ ، عَنْ عِكْرِمَةَ ، وَالْحَسَنِ  :# إِنْ تَرَكَ خَيْرًا الْوَصِيَّةُ لِلْوَالِدَيْنِ وَالأَقْرَبِينَ سورة البقرة آية 180 #، فكانت الوصية كذلك، حتى نسختها آية الميراث \"","english":{"narrator":"","text":""}},{"id":87,"idInBook":87,"chapterId":22,"bookId":9,"arabic":"حَدَّثَنَا سُلَيْمَانُ بْنُ حَرْبٍ  ، حَدَّثَنَا حَمَّادُ بْنُ سَلَمَةَ  ، عَنْ حُمَيْدٍ  ، عَنْ الْحَسَنِ  ، \" سُئِلَ عَنْ رَجُلٍ أَوْصَى وَلَهُ أَخٌ مُوسِرٌ، أَيُوصِ لَهُ؟ قَالَ :نَعَمْ، وَإِنْ كَانَ رَبَّ عِشْرِينَ أَلْفًا، ثُمَّ قَالَ : وَإِنْ كَانَ رَبَّ مِائَةِ أَلْفٍ، فَإِنَّ غِنَاهُ لَا يَمْنَعُهُ الْحَقَّ \"","english":{"narrator":"","text":""}},{"id":88,"idInBook":88,"chapterId":22,"bookId":9,"arabic":"حَدَّثَنَا عَفَّانُ ، حَدَّثَنَا حَمَّادُ بْنُ سَلَمَةَ ، حَدَّثَنَا قَتَادَةُ ، عَنْ الْحَسَنِ ، وَسَعِيدُ بْنُ الْمُسَيِّبِ  : \" في رجل قَالَ : سَيْفِي لِفُلَانٍ، فَإِنْ مَاتَ فُلَانٌ، فَلِفُلَانٍ، فَإِنْ مَاتَ فُلَانٌ، فَمَرْجِعُهُ إِلَيَّ، قَالَا :هُوَ لِلْأَوَّلِ \".\nقَالَ : وَقَالَ حُمَيْدُ بْنُ عَبْدِ الرَّحْمَنِ  : يُمْضَى كَمَا قَالَ","english":{"narrator":"","text":""}},{"id":89,"idInBook":89,"chapterId":22,"bookId":9,"arabic":"حَدَّثَنَا عَفَّانُ ، حَدَّثَنَا حَمَّادُ بْنُ سَلَمَةَ ، حَدَّثَنَا هِشَامُ بْنُ عُرْوَةَ : أَنَّ عُرْوَةَ ، قَالَ : \" فِي الرَّجُلِ يُعْطِي الرَّجُلَ الْعَطَاءَ، فَيَقُولُ : هُوَ لَكَ، فَإِذَا مُتَّ، فَلِفُلَانٍ، فَإِذَا مَاتَ فُلَانٌ، فَلِفُلَانٍ، وَإِذَا مَاتَ فُلَانٌ، فَمَرْجِعُهُ إِلَيَّ.\nقَالَ :يُمْضَى كَمَا قَالَ، وَإِنْ كَانُوا مِائَةً \"","english":{"narrator":"","text":""}},{"id":90,"idInBook":90,"chapterId":22,"bookId":9,"arabic":"حَدَّثَنَا مُسْلِمُ بْنُ إِبْرَاهِيمَ ، حَدَّثَنَا حَمَّادُ بْنُ زَيْدٍ ، حَدَّثَنَا شَيْبَةُ بْنُ هِشَامٍ الرَّاسِبِيُّ ، وَكَثِيرُ بْنُ مَعْدَانَ ، قَالَا : سَأَلْنَا سَالِمَ بْنَ عَبْدِ اللَّهِ عَنْ \" الرَّجُلِ يُوصِي فِي غَيْرِ قَرَابَتِهِ، فَقَالَ سَالِمٌ  :هِيَ حَيْثُ جَعَلَهَا، قَالَ : فَقُلْنَا : إِنَّ الْحَسَنَ  يَقُولُ : يُرَدُّ عَلَى الْأَقْرَبِينَ، فَأَنْكَرَ ذَلِكَ، وَقَالَ قَوْلًا شَدِيدًا \"","english":{"narrator":"","text":""}},{"id":91,"idInBook":91,"chapterId":22,"bookId":9,"arabic":"حَدَّثَنَا أَحْمَدُ بْنُ عَبْدِ اللَّهِ  ، حَدَّثَنَا أَبُو شِهَابٍ  ، عَنْ عَمْرٍو  ، عَنْ الْحَسَنِ  ، قَالَ :\" إِذَا أَوْصَى الرَّجُلُ فِي قَرَابَتِهِ، فَهُوَ لِأَقْرَبِهِمْ بِبَطْنٍ : الذَّكَرُ وَالْأُنْثَى فِيهِ سَوَاءٌ \"","english":{"narrator":"","text":""}},{"id":92,"idInBook":92,"chapterId":22,"bookId":9,"arabic":"حَدَّثَنَا أَحْمَدُ بْنُ عَبْدِ اللَّهِ ، حَدَّثَنَا أَبُو بَكْرٍ ، عَنْ مُطَرِّفٍ ، عَنْ الشَّعْبِيِّ  : \" فِي رَجُلٍ قَالَ : أَحَدُ غُلَامَيَّ حُرٌّ ثُمَّ مَاتَ، وَلَمْ يُبَيِّنْ، قَالَ :الْوَرَثَةُ بِمَنْزِلَتِهِ يُعْتِقُونَ أَيَّهُمَا أَحَبُّوا \"","english":{"narrator":"","text":""}},{"id":93,"idInBook":93,"chapterId":22,"bookId":9,"arabic":"حَدَّثَنَا سُلَيْمَانُ بْنُ حَرْبٍ  ، حَدَّثَنَا حَمَّادُ بْنُ سَلَمَةَ  ، عَنْ يُونُسَ  ،  عَنْ الْحَسَنِ   : \" أَنَّ رَجُلًا قَالَ فِي مَرَضِهِ : لِفُلَانٍ كَذَا وَلِفُلَانٍ كَذَا، وَعَبْدِي فُلَانٌ حُرٌّ، وَلَمْ يَقُلْ : إِنْ حَدَثَ بِي حَدَثٌ، فَبَرَأَ، قَالَ :هُوَ مَمْلُوكٌ \"","english":{"narrator":"","text":""}},{"id":94,"idInBook":94,"chapterId":22,"bookId":9,"arabic":"حَدَّثَنَا أَحْمَدُ بْنُ عَبْدِ اللَّهِ ، حَدَّثَنَا أَبُو بَكْرٍ ، عَنْ مُطَرِّفٍ ، عَنْ الشَّعْبِيِّ  : \" فِي رَجُلٍ أَعْتَقَ غُلَامَهُ عِنْدَ الْمَوْتِ، وَلَيْسَ لَهُ غَيْرُهُ، وَعَلَيْهِ دَيْنٌ، قَالَ :يَسْعَى لِلْغُرَمَاءِ فِي ثَمَنِهِ \"","english":{"narrator":"","text":""}},{"id":95,"idInBook":95,"chapterId":22,"bookId":9,"arabic":"حَدَّثَنَا أَبُو الْوَلِيدِ  ، حَدَّثَنَا هَمَّامٌ  ، حَدَّثَنَا قَتَادَةُ  ، عَنْ الْحَسَنِ  : \" أَنَّ رَجُلًا اشْتَرَى عَبْدًا بِتِسْعِ مِائَةِ دِرْهَمٍ، فَأَعْتَقَهُ وَلَمْ يَقْضِ ثَمَنَ الْعَبْدِ، وَلَمْ يَتْرُكْ شَيْئًا، فَقَالَ عَلِيٌّ   :يَسْعَى الْعَبْدُ فِي ثَمَنِهِ \"","english":{"narrator":"","text":""}},{"id":96,"idInBook":96,"chapterId":22,"bookId":9,"arabic":"حَدَّثَنَا مَنْصُورُ بْنُ سَلَمَةَ  ، عَنْ شَرِيكٍ  ، عَنْ الْأَشْعَثِ  ، عَنْ نَافِعٍ  ، عَنْ ابْنِ عُمَرَ  ، قَالَ :\" الْمُدَبَّرُ مِنْ الثُّلُثِ \"","english":{"narrator":"","text":""}},{"id":97,"idInBook":97,"chapterId":22,"bookId":9,"arabic":"حَدَّثَنَا مَنْصُورُ بْنُ سَلَمَةَ ، عَنْ شَرِيكٍ ، عَنْ مَنْصُورٍ ، عَنْ إِبْرَاهِيمَ ، قَالَ :\" الْمُدَبَّرُ مِنْ الثُّلُثِ \"","english":{"narrator":"","text":""}},{"id":98,"idInBook":98,"chapterId":22,"bookId":9,"arabic":"حَدَّثَنَا سُلَيْمَانُ بْنُ حَرْبٍ  ، حَدَّثَنَا حَمَّادُ بْنُ زَيْدٍ  ، عَنْ كَثِيرٍ  ، عَنْ الْحَسَنِ  ، قَالَ :\" الْمُعْتَقُ عَنْ دُبُرٍ مِنَ الثُّلُثِ \"","english":{"narrator":"","text":""}},{"id":99,"idInBook":99,"chapterId":22,"bookId":9,"arabic":"حَدَّثَنَا سُلَيْمَانُ بْنُ حَرْبٍ  ، حَدَّثَنَا حَمَّادُ بْنُ سَلَمَةَ  ، عَنْ حُمَيْدٍ  ، عَنْ الْحَسَنِ  ، قَالَ :\" الْمُعْتَقَةُ عَنْ دُبُرٍ وَوَلَدُهَا مِنْ الثُّلُثِ \"","english":{"narrator":"","text":""}},{"id":100,"idInBook":100,"chapterId":22,"bookId":9,"arabic":"حَدَّثَنَا أَبُو الْوَلِيدِ ، حَدَّثَنَا شُعْبَةُ ، قَالَ : مَنْصُورٌ أَخْبَرَنِي، عَنْ إِبْرَاهِيمَ ، قَالَ :\" الْمُعْتَقُ عَنْ دُبُرٍ مِنَ الثُّلُثِ \"","english":{"narrator":"","text":""}},{"id":101,"idInBook":101,"chapterId":22,"bookId":9,"arabic":"حَدَّثَنَا أَبُو النُّعْمَانِ ، حَدَّثَنَا حَمَّادُ بْنُ زَيْدٍ ، عَنْ أَبِي عَبْدِ اللَّهِ الشَّقَرِيِّ ، وَأَبِي هَاشِمٍ ، عَنْ إِبْرَاهِيمَ ، قَالَ :\" الْمُدَبَّرُ مِنْ جَمِيعِ الْمَالِ \"","english":{"narrator":"","text":""}},{"id":102,"idInBook":102,"chapterId":22,"bookId":9,"arabic":"أَخْبَرَنَا الْحَكَمُ بْنُ الْمُبَارَكِ  ، أَنْبَأَنَا أَبُو عَوَانَةَ  ، عَنْ أَبِي بِشْرٍ  ، عَنْ سَعِيدِ بْنِ جُبَيْرٍ  ، قَالَ :\" الْمُعْتَقُ عَنْ دُبُرٍ مِنْ جَمِيعِ الْمَالِ \".\nسُئِلَ أَبُو مُحَمَّد : بِأَيِّهِمَا تَقُولُ؟ قَالَ : مِنَ الثُّلُثِ","english":{"narrator":"","text":""}},{"id":103,"idInBook":103,"chapterId":22,"bookId":9,"arabic":"أَخْبَرَنَا سَعِيدُ بْنُ الْمُغِيرَةِ  ، حَدَّثَنَا مَخْلَدٌ  ، عَنْ هِشَامٍ  ، عَنْ الْحَسَنِ  ، قَالَ :\" لَا تَشْهَدْ عَلَى وَصِيَّةٍ حَتَّى تُقْرَأَ عَلَيْكَ، وَلَا تَشْهَدْ عَلَى مَنْ لَا تَعْرِفُ \"","english":{"narrator":"","text":""}},{"id":104,"idInBook":104,"chapterId":22,"bookId":9,"arabic":"أَخْبَرَنَا سُلَيْمَانُ بْنُ حَرْبٍ  ، حَدَّثَنَا حَمَّادُ بْنُ سَلَمَةَ  ، عَنْ حُمَيْدٍ  ، عَنْ الْحَسَنِ  : أَنَّ عُمَرَ بْنَ الْخَطَّابِ  \" أَوْصَى لِأُمَّهَاتِ أَوْلَادِهِ بِأَرْبَعَةِ آلَافٍ، أَرْبَعَةِ آلَافٍ، لِكُلِّ امْرَأَةٍ مِنْهُنَّ \"","english":{"narrator":"","text":""}},{"id":105,"idInBook":105,"chapterId":22,"bookId":9,"arabic":"حَدَّثَنَا يَحْيَى بْنُ حَسَّانَ ، أنبأنا ابْنُ أَبِي الزِّنَادِ ، عَنْ أَبِيهِ ، عَنْ عُمَرَ بْنِ عَبْدِ الْعَزِيزِ  : أَنَّهُ\" أَجَازَ وَصِيَّةَ ابْنِ ثَلَاثَ عَشْرَةَ سَنَةً \"","english":{"narrator":"","text":""}},{"id":106,"idInBook":106,"chapterId":22,"bookId":9,"arabic":"حَدَّثَنَا أَبُو نُعَيْمٍ ، حَدَّثَنَا زُهَيْرٌ ، عَنْ أَبِي إِسْحَاق ، قَالَ : \" أَوْصَى غُلَامٌ مِنْ الْحَيِّ ابْنُ سَبْعِ سِنِينَ، فَقَالَ شُرَيْحٌ  :إِذَا أَصَابَ الْغُلَامُ فِي وَصِيَّتِهِ، جَازَتْ \".\nقَالَ أَبُو مُحَمَّد : يُعْجِبُنِي، وَالْقُضَاةُ لَا يُجِيزُونَ","english":{"narrator":"","text":""}},{"id":107,"idInBook":107,"chapterId":22,"bookId":9,"arabic":"حَدَّثَنَا جَعْفَرُ بْنُ عَوْنٍ ، أَخْبَرَنَا يُونُسُ ، حَدَّثَنَا أَبُو إِسْحَاق أَنَّهُ \" شَهِدَ شُرَيْحًا أَجَازَ وَصِيَّةَ عَبَّاسِ بْنِ إِسْمَاعِيل بْنِ مَرْثَدٍ لِظِئْرِهِ مِنْ أَهْلِ الْحِيرَةِ \"، وَعَبَّاسٌ صَبِيٌّ","english":{"narrator":"","text":""}},{"id":108,"idInBook":108,"chapterId":22,"bookId":9,"arabic":"حَدَّثَنَا جَعْفَرُ بْنُ عَوْنٍ ، أنبأنا يُونُسُ ، حَدَّثَنَا أَبُو إِسْحَاق ، قَالَ : قَالَ شُرَيْحٌ  :\" إِذَا اتَّقَى الصَّبِيُّ الرَّكِيَّةَ، جَازَتْ وَصِيَّتُهُ \"","english":{"narrator":"","text":""}},{"id":109,"idInBook":109,"chapterId":22,"bookId":9,"arabic":"حَدَّثَنَا قَبِيصَةُ ، حَدَّثَنَا سُفْيَانُ ، عَنْ أَبِي إِسْحَاق  : \" أَنَّ غُلَامًا مِنْهُمْ حِينَ ثُغِرَ يُقَالُ لَهُ مَرْثَدٌ :أَوْصَى لِظِئْرٍ لَهُ مِنْ أَهْلِ الْحِيرَةِ بِأَرْبَعِينَ دِرْهَمًا، فأجازه شريح ، وَقَالَ : مَنْ أَصَابَ الْحَقَّ، أَجَزْنَاهُ \"","english":{"narrator":"","text":""}},{"id":110,"idInBook":110,"chapterId":22,"bookId":9,"arabic":"حَدَّثَنَا يَزِيدُ بْنُ هَارُونَ  ، أَخْبَرَنَا يَحْيَى  : أَنَّ أَبَا بَكْرِ بْنَ مُحَمَّدِ بْنِ عَمْرِو بْنِ حَزْمٍ  أَخْبَرَهُ : \" أَنَّ غُلَامًا بِالْمَدِينَةِ حَضَرَهُ الْمَوْتُ وَوَرَثَتُهُ بِالشَّامِ ، وَأَنَّهُمْ ذَكَرُوا لِعُمَرَ أَنَّهُ يَمُوتُ، فَسَأَلُوهُ أَنْ يُوصِيَ، فَأَمَرَهُ عُمَرُ   أَنْ يُوصِيَ،فَأَوْصَى بِبِئْرٍ يُقَالُ لَهَا : بِئْرُ جُشَمَ، وَإِنَّ أَهْلَهَا بَاعُوهَا بِثَلَاثِينَ أَلْفًا، ذَكَرَ أَبُو بَكْرٍ أَنَّ الْغُلَامَ كَانَ ابْنَ عَشْرِ سِنِينَ، أَوْ ثِنْتَيْ عَشْرَةَ \"","english":{"narrator":"","text":""}},{"id":111,"idInBook":111,"chapterId":22,"bookId":9,"arabic":"حَدَّثَنَا يَزِيدُ ، عَنْ هِشَامٍ الدَّسْتَوَائِيِّ ، عَنْ حَمَّادٍ ، عَنْ إِبْرَاهِيمَ ، قَالَ :\" يَجُوزُ وَصِيَّةُ الصَّبِيِّ في ماله في الثلث، فما دونه، وإنما يمنعه وليه ذلك في الصحة رهبة الفاقة عليه، فأما عند الموت، فليس له أن يمنعه \"","english":{"narrator":"","text":""}},{"id":112,"idInBook":112,"chapterId":22,"bookId":9,"arabic":"حَدَّثَنَا قَبِيصَةُ ، حَدَّثَنَا سُفْيَانُ ، عَنْ خالد الحذاء ، وَأَيُّوبَ ، عَنْ ابْنِ سِيرِينَ ، عَنْ عَبْدِ اللَّهِ بْنِ عُتْبَةَ  : \" أَنَّهُ أُتِيَ فِي جَارِيَةٍ أَوْصَتْ، فَجَعَلُوا يُصَغِّرُونَهَا، فَقَالَ :مَنْ أَصَابَ الْحَقَّ، أَجَزْنَاهُ \"","english":{"narrator":"","text":""}},{"id":113,"idInBook":113,"chapterId":22,"bookId":9,"arabic":"حَدَّثَنَا قَبِيصَةُ  ، أَنْبَأَنَا سُفْيَانُ  ، عَنْ يَحْيَى بْنِ سَعِيدٍ  ، عَنْ أَبِي بَكْرٍ   : \" أَنَّ سُلَيْمًا الْغَسَّانِيَّ مَاتَ وَهُوَ ابْنُ عَشْرٍ، أَوْ ثِنْتَيْ عَشْرَةَ سَنَةً،فَأَوْصَى بِبِئْرٍ لَهُ قِيمَتُهَا ثَلاثُونَ أَلْفًا \"، فَأَجَازَهَا عُمَرُ بْنُ الْخَطَّابِ  ، قَالَ أَبُو مُحَمَّدٍ : النَّاسُ يَقُولُونَ : عَمْرُو بْنُ سُلَيْمٍ ، حَدَّثَنَا قَبِيصَةُ  ، حَدَّثَنَا سُفْيَانُ  ، عَنْ ابْنَيْهِ : عَبْدِ اللَّهِ  ، وَمُحَمَّدٍ  ابْنَيْ أَبِي بَكْرٍ، عَنْ أَبِيهِمَا   مِثْلَ ذَلِكَ، غَيْرَ أَنَّ أَحَدَهُمَا قَالَ : ابْنُ ثَلَاثَ عَشْرَةَ، وَقَالَ الْآخَرُ : قَبْلَ أَنْ يَحْتَلِمَ.\nقَالَ أَبُو مُحَمَّد : عَنْ ابْنَيْهِ، يَعْنِي : ابْنَيْ أَبِي بَكْرٍ","english":{"narrator":"","text":""}},{"id":114,"idInBook":114,"chapterId":22,"bookId":9,"arabic":"حَدَّثَنَا نَصْرُ بْنُ عَلِيٍّ ، حَدَّثَنَا عَبْدُ الْأَعْلَى ، عَنْ مَعْمَرٍ ، عَنْ الزُّهْرِيِّ ، أَنَّهُ كَانَ يَقُولُ :\" وَصِيَّتُهُ لَيْسَتْ بِجَائِزَةٍ إِلَّا مَا لَيْسَ بِذِي بَالٍ، يَعْنِي : الْغُلَامَ قَبْلَ أَنْ يَحْتَلِمَ \"","english":{"narrator":"","text":""}},{"id":115,"idInBook":115,"chapterId":22,"bookId":9,"arabic":"حَدَّثَنَا عَمْرُو بْنُ عَوْنٍ  ، أَنْبَأَنَا هُشَيْمٌ  ، عَنْ يُونُسَ  ، عَنِ الْحَسَنِ  ، قَالَ :\" لَا يَجُوزُ طَلَاقُ الْغُلَامِ وَلَا وَصِيَّتُهُ، وَلَا هِبَتُهُ، وَلَا صَدَقَتُهُ، وَلَا عَتَاقَتُهُ، حَتَّى يَحْتَلِمَ \"","english":{"narrator":"","text":""}},{"id":116,"idInBook":116,"chapterId":22,"bookId":9,"arabic":"حَدَّثَنَا سَعِيدُ بْنُ الْمُغِيرَةِ  ، عَنْ حَفْصِ بْنِ غِيَاثٍ  ، عَنْ حَجَّاجٍ  ، عَنْ عَطَاءٍ  ، عَنْ ابْنِ عَبَّاسٍ  ، قَالَ :\" لَا يَجُوزُ طَلَاقُ الصَّبِيِّ، وَلَا عِتْقُهُ، وَلَا وَصِيَّتُهُ، وَلَا شِرَاؤُهُ، وَلَا بَيْعُهُ، وَلَا شَيْءٌ \"","english":{"narrator":"","text":""}},{"id":117,"idInBook":117,"chapterId":22,"bookId":9,"arabic":"حَدَّثَنَا أَبُو الْوَلِيدِ ، حَدَّثَنَا هَمَّامٌ ، عَنْ قَتَادَةَ ، عَنْ حُمَيْدِ بْنِ عَبْدِ الرَّحْمَنِ الْحِمْيَرِيِّ ، قَالَ :\" لَا يَجُوزُ طَلَاقٌ، وَلَا وَصِيَّةٌ، إِلَّا فِي عَقْلٍ، إِلَّا النَّشْوَانَ، يَعْنِي : السَّكْرَانَ، فَإِنَّهُ يَجُوزُ طَلَاقُهُ، وَيُضْرَبُ ظَهْرُهُ \"","english":{"narrator":"","text":""}},{"id":118,"idInBook":118,"chapterId":22,"bookId":9,"arabic":"حَدَّثَنَا عَمْرُو بْنُ عَوْنٍ ، عَنْ خَالِدِ بْنِ عَبْدِ اللَّهِ ، عَنْ يَحْيَى بْنِ أَبِي إِسْحَاق ، قَالَ : \" سَأَلْتُ الْقَاسِمَ بْنَ عَبْدِ الرَّحْمَنِ ، وَمُعَاوِيَةَ بْنَ قُرَّةَ  عَنْ رَجُلٍ قَالَ فِي وَصِيَّتِهِ : \" كُلُّ لِي حُرٌّ، وَلَهُ مَمْلُوكٌ آبِقٌ، فَقَالَا :هُوَ حُرٌّ \"، قَالَ الْحَسَنُ ، وَإِيَاسٌ ، وَبَكْرُ بْنُ عَبْدِ اللَّهِ  : ليس بحر","english":{"narrator":"","text":""}},{"id":119,"idInBook":119,"chapterId":22,"bookId":9,"arabic":"حَدَّثَنَا عَبْدُ اللَّهِ بْنُ مَسْلَمَةَ  ، حَدَّثَنَا عَبْدُ اللَّهِ الْعُمَرِيُّ  ، عَنْ نَافِعٍ  ، عَنْ ابْنِ عُمَرَ  : \" أَنَّ عُمَرَ  أَوْصَى إِلَى حَفْصَةَ أُمِّ الْمُؤْمِنِينَ \"","english":{"narrator":"","text":""}},{"id":120,"idInBook":120,"chapterId":22,"bookId":9,"arabic":"حَدَّثَنَا أَبُو نُعَيْمٍ  ، حَدَّثَنَا سُفْيَانُ  ، عَنْ لَيْثٍ  ، عَنْ نَافِعٍ  ، عَنْ ابْنِ عُمَرَ   : \" أَنَّ صَفِيَّةَأَوْصَتْ لِنَسِيبٍ لَهَا يَهُودِيٍّ \"","english":{"narrator":"","text":""}},{"id":121,"idInBook":121,"chapterId":22,"bookId":9,"arabic":"حَدَّثَنَا أَبُو نُعَيْمٍ ، حَدَّثَنَا زُهَيْرٌ ، عَنْ أَبِي إِسْحَاق ، قَالَ : \" أَوْصَى غُلَامٌ مِنَ الْحَيِّ، يُقَالُ لَهُ : عَبَّاسُ بْنُ مَرْثَدٍ ابْنُ سَبْعِ سِنِينَ لِظِئْرٍ لَهُ يَهُودِيَّةٍ مِنْ أَهْلِ الْحِيرَةِ بِأَرْبَعِينَ دِرْهَمًا، فَقَالَ شُرَيْحٌ  :إِذَا أَصَابَ الْغُلَامُ فِي وَصِيَّتِهِ، جَازَتْ وَإِنَّمَا أَوْصَى لِذِي حَقٍّ \"، قَالَ أَبُو مُحَمَّد : أَنَا أَقُولُ بِهِ","english":{"narrator":"","text":""}},{"id":122,"idInBook":122,"chapterId":22,"bookId":9,"arabic":"أَخْبَرَنَا عَبْدُ اللَّهِ بْنُ سَعِيدٍ ، حَدَّثَنَا أَبُو أُسَامَةَ ، عَنْ هِشَامٍ ، عَنْ أَبِيهِ : \" أَنَّ الزُّبَيْرَ جَعَلَ دُورَهُ صَدَقَةً عَلَى بَنِيهِ، لَا تُبَاعُ وَلَا تُوَرَّثُ، وَأَنَّ لِلْمَرْدُودَةِ مِنْ بَنَاتِهِ أَنْ تَسْكُنَ غَيْرَ مُضِرَّةٍ وَلَا مُضَارٍّ بِهَا، فَإِنْ هِيَ اسْتَغْنَتْ بِزَوْجٍ، فَلَا حَقَّ لَهَا \"","english":{"narrator":"","text":""}},{"id":123,"idInBook":123,"chapterId":22,"bookId":9,"arabic":"حَدَّثَنَا الْحَكَمُ بْنُ الْمُبَارَكِ ، أنبأنا الْوَلِيدُ ، عَنْ حَفْصٍ ، عَنْ مَكْحُولٍ  : \" فِي الرَّجُلِ يُوصِي لِلرَّجُلِ بِدَنَانِيرَ فِي سَبِيلِ اللَّهِ، فَيَمُوتُ الْمُوصَى لَهُ قَبْلَ أَنْ يَخْرُجَ بِهَا مِنْ أَهْلِهِ، قَالَ :هِيَ إِلَى أَوْلِيَاءِ الْمُتَوَفَّى الْمُوصِي، يُنْفِذُونَهَا فِي سَبِيلِ اللَّهِ \"","english":{"narrator":"","text":""}},{"id":124,"idInBook":124,"chapterId":22,"bookId":9,"arabic":"حَدَّثَنَا مُحَمَّدُ بْنُ عُيَيْنَةَ  ، عَنْ عَلِيِّ بْنِ مُسْهِرٍ  ، عَنْ أَشْعَثَ  ، عَنْ الْحَسَنِ   : \" فِي الرَّجُلِ يُوصِي لِلرَّجُلِ بِالْوَصِيَّةِ، فَيَمُوتُ الْمُوصَى لَهُ قَبْلَ الْمُوصِي، قَالَ :هِيَ جَائِزَةٌ لِوَرَثَةِ الْمُوصَى لَهُ.\nحَدَّثَنَا مُحَمَّدُ بْنُ عُيَيْنَةَ  ، عَنْ عَلِيِّ بْنِ مُسْهِرٍ  ، عَنْ أَشْعَثَ  ، عَنْ أَبِي إِسْحَاق السَّبِيعِيِّ  ، قَالَ : حُدِّثْتُ  أَنَّ عَلِيًّا   كَانَ يُجِيزُهَا مِثْلَ قَوْلِ الْحَسَنِ","english":{"narrator":"","text":""}},{"id":125,"idInBook":125,"chapterId":22,"bookId":9,"arabic":"حَدَّثَنَا الْحَكَمُ بْنُ الْمُبَارَكِ  ، أَنْبَأَنَا عَبْدُ الْعَزِيزِ هُوَ ابْنُ مُحَمَّدٍ  ، عَنْ مُوسَى هُوَ ابْنُ عُقْبَةَ  ،  عَنْ نَافِعٍ  : \" أَنَّ رَجُلًا جَاءَ إِلَى ابْنِ عُمَرَ فَقَالَ : إِنَّ رَجُلًا أَوْصَى إِلَيَّ وَجَعَلَ نَاقَةً فِي سَبِيلِ اللَّهِ، وَلَيْسَ هَذَا زَمَانًا يُخْرَجُ إِلَى الْغَزْوِ، فَأَحْمِلُ عَلَيْهَا فِي الْحَجِّ؟ فَقَالَ ابْنُ عُمَرَ   :الْحَجُّ وَالْعُمْرَةُ فِي سَبِيلِ اللَّهِ \"","english":{"narrator":"","text":""}},{"id":126,"idInBook":126,"chapterId":22,"bookId":9,"arabic":"أَخْبَرَنَا عُبَيْدُ اللَّهِ بْنُ مُوسَى  ، عَنْ مُوسَى بْنِ عُبَيْدَةَ  ، عَنْ وَاقِدِ بْنِ مُحَمَّدِ بْنِ زَيْدِ بْنِ عَبْدِ اللَّهِ بْنِ عُمَرَ  : \" أَنَّ رَجُلًا أَوْصَى بِمَالِهِ فِي سَبِيلِ اللَّهِ، فَسَأَلَ الْوَصِيُّ عَنْ ذَلِكَ عُمَرَ  ، فَقَالَ :أَعْطِهِ عُمَّالَ اللَّهِ، قَالَ : وَمَنْ عُمَّالُ اللَّهِ؟ قَالَ : حَاجُّ بَيْتِ اللَّهِ \"","english":{"narrator":"","text":""}}],"chapter":{"id":22,"bookId":9,"arabic":"مِنْ كِتَابِ الْوَصَايَا","english":""}}