{
  "metadata": {
    "length": 59,
    "arabic": {
      "title": "سنن الدارمي",
      "author": "الإمام أبو محمد عبد الرحمن بن عبد الله بن الدارمي",
      "introduction": "مِنْ كِتَابِ الزَّكَاةِ"
    },
    "english": {
      "title": "Sunan al-Darimi",
      "author": "Imam Abu Muhammad Abd al-Rahman ibn Abd Allah ibn al-Darimi",
      "introduction": ""
    }
  },
  "hadiths": [
    {
      "id": 1,
      "idInBook": 1,
      "chapterId": 3,
      "bookId": 9,
      "arabic": "حَدَّثَنَا أَبُو عَاصِمٍ  ، عَنْ زَكَرِيَّا بْنِ إِسْحَاق  ، عَنْ يَحْيَى بْنِ عَبْدِ اللَّهِ بْنِ صَيْفِيٍّ  ، عَنْ أَبِي مَعْبَدٍ  ، عَنْ ابْنِ عَبَّاسٍ   : أَنّ النَّبِيَّ صَلَّى اللَّهُ عَلَيْهِ وَسَلَّمَ لَمَّا بَعَثَ مُعَاذًا إِلَى الْيَمَنِ ، فَقَالَ : \" إِنَّكَتَأْتِي قَوْمًا أَهْلَ كِتَابٍ ، فَادْعُهُمْ إِلَى أَنْ يَشْهَدُوا أَنْ لَا إِلَهَ إِلَّا اللَّهُ، وَأَنَّ مُحَمَّدًا رَسُولُ اللَّهِ، فَإِنْ أَطَاعُوا لَكَ فِي ذَلِكَ، فَأَخْبِرْهُمْ أَنَّ اللَّهَ فَرَضَ عَلَيْهِمْ خَمْسَ صَلَوَاتٍ فِي كُلِّ يَوْمٍ وَلَيْلَةٍ، فَإِنْ هُمْ أَطَاعُوا لَكَ فِي ذَلِكَ، فَأَخْبِرْهُمْ أَنَّ اللَّهَ فَرَضَ عَلَيْهِمْ صَدَقَةً فِي أَمْوَالِهِمْ، تُؤْخَذُ مِنْ أَغْنِيَائِهِمْ وَتُرَدُّ عَلَى فُقَرَائِهِمْ، فَإِنْ هُمْ أَطَاعُوا لَكَ فِي ذَلِكَ، فَإِيَّاكَ وَكَرَائِمَ أَمْوَالِهِمْ، وَإِيَّاكَ وَدَعْوَةَ الْمَظْلُومِ، فَإِنَّهُ لَيْسَ لَهَا مِنْ دُونِ اللَّهِ حِجَابٌ \"",
      "english": {
        "narrator": "",
        "text": ""
      },
      "turkish": {
        "narrator": "",
        "text": "It seems that there are no hadith texts provided for translation. Please provide the English hadith texts you would like to have translated into Turkish, and I will be happy to assist you."
      }
    },
    {
      "id": 2,
      "idInBook": 2,
      "chapterId": 3,
      "bookId": 9,
      "arabic": "أَخْبَرَنَا هَاشِمُ بْنُ الْقَاسِمِ  ، حَدَّثَنَا شُعْبَةُ  ، عَنْ مُحَمَّدِ بْنِ زِيَادٍ  ، قَالَ : سَمِعْتُ أَبَا هُرَيْرَةَ   يُحَدِّثُ، عَنْ النَّبِيِّ صَلَّى اللَّهُ عَلَيْهِ وَسَلَّمَ، أَنَّهُ قَالَ :\" لَيْسَ الْمِسْكِينُ الَّذِي تَرُدُّهُ اللُّقْمَةُ وَاللُّقْمَتَانِ، وَالْكِسْرَةُ وَالْكِسْرَتَانِ، وَالتَّمْرَةُ وَالتَّمْرَتَانِ، وَلَكِنْ الْمِسْكِينُ الَّذِي لَيْسَ لَهُ غِنًى يُغْنِيهِ، يَسْتَحْيِي أَنْ يَسْأَلَ النَّاسَ إِلْحَافًا، أَوْ لَا يَسْأَلُ النَّاسَ إِلْحَافًا \"",
      "english": {
        "narrator": "",
        "text": ""
      },
      "turkish": {
        "narrator": "",
        "text": ""
      }
    },
    {
      "id": 3,
      "idInBook": 3,
      "chapterId": 3,
      "bookId": 9,
      "arabic": "أَخْبَرَنَا يَعْلَى بْنُ عُبَيْدٍ  ، حَدَّثَنَا عَبْدُ الْمَلِكِ  ، عَنْ أَبِي الزُّبَيْرِ  ، عَنْ جَابِرٍ  ، قَالَ : قَالَ النَّبِيُّ صَلَّى اللَّهُ عَلَيْهِ وَسَلَّمَ :\" مَا مِنْ صَاحِبِ إِبِلٍ وَلَا بَقَرٍ وَلَا غَنَمٍ لَا يُؤَدِّي حَقَّهَا، إِلَّا أُقْعِدَ لَهَا يَوْمَ الْقِيَامَةِ بِقَاعٍ قَرْقَرٍ تَطَؤُهُ ذَاتُ الظِّلْفِ بِظِلْفِهَا، وَتَنْطَحُهُ ذَاتُ الْقَرْنِ بِقَرْنِهَا، لَيْسَ فِيهَا يَوْمَئِذٍ جَمَّاءُ وَلَا مَكْسُورَةُ الْقَرْنِ \".\nقَالُوا : يَا رَسُولَ اللَّهِ، وَمَا حَقُّهَا؟ قَالَ : \" إِطْرَاقُ فَحْلِهَا، وَإِعَارَةُ دَلْوِهَا، وَمِنْحَتُهَا، وَحَلَبُهَا عَلَى الْمَاءِ، وَحَمْلٌ عَلَيْهَا فِي سَبِيلِ اللَّهِ \"",
      "english": {
        "narrator": "",
        "text": ""
      },
      "turkish": {
        "narrator": "",
        "text": ""
      }
    },
    {
      "id": 4,
      "idInBook": 4,
      "chapterId": 3,
      "bookId": 9,
      "arabic": "حَدَّثَنَا بِشْرُ بْنُ الْحَكَمِ  ، حَدَّثَنَا عَبْدُ الرَّزَّاقِ  ، أَخْبَرَنَا ابْنُ جُرَيْجٍ  ، قَالَ : أَخْبَرَنِي أَبُو الزُّبَيْرِ  ، أَنَّهُ سَمِعَ جَابِرَ بْنَ عَبْدِ اللَّهِ  ، يَقُولُ : سَمِعْتُ رَسُولَ اللَّهِ صَلَّى اللَّهُ عَلَيْهِ وَسَلَّمَ يَقُولُ :\" مَا مِنْ صَاحِبِ إِبِلٍ لَا يَفْعَلُ فِيهَا حَقَّهَا، إِلَّا جَاءَ يَوْمَ الْقِيَامَةِ أَكْثَرُ مَا كَانَتْ قَطُّ، وَأُقْعِدَ لَهَا بِقَاعٍ قَرْقَرٍ تَسْتَنُّ عَلَيْهِ بِقَوَائِمِهَا وَأَخْفَافِهَا، وَلَا صَاحِبِ بَقَرٍ لَا يَفْعَلُ فِيهَا حَقَّهَا، إِلَّا جَاءَ يَوْمَ الْقِيَامَةِ أَكْثَرُ مَا كَانَتْ، وَأُقْعِدَ لَهَا بِقَاعٍ قَرْقَرٍ، تَنْطَحُهُ بِقُرُونِهَا وَتَطَؤُهُ بِقَوَائِمِهَا، وَلَا صَاحِبِ غَنَمٍ لَا يَفْعَلُ فِيهَا حَقَّهَا، إِلَّا جَاءَتْ يَوْمَ الْقِيَامَةِ أَكْثَرُ مَا كَانَتْ، وَأُقْعِدَ لَهَا بِقَاعٍ قَرْقَرٍ، تَنْطَحُهُ بِقُرُونِهَا وَتَطَؤُهُ بِأَظْلَافِهَا، لَيْسَ فِيهَا جَمَّاءُ وَلَا مَكْسُورٍ قَرْنُهَا، وَلَا صَاحِبِ كَنْزٍ لَا يَفْعَلُ فِيهِ حَقَّهُ، إِلَّا جَاءَ كَنْزُهُ يَوْمَ الْقِيَامَةِ شُجَاعًا أَقْرَعَ يَتْبَعُهُ فَاتِحًا فَاهُ، فَإِذَا أَتَاهُ، فَرَّ مِنْهُ، فَيُنَادِيهِ : خُذْ كَنْزَكَ الَّذِي خَبَّأْتَهُ.\nقَالَ : فَأَنَا عَنْهُ غَنِيٌّ، فَإِذَا رَأَى أَنَّهُ لَابُدَّ مِنْهُ، سَلَكَ يَدَهُ فِي فَمِهِ فَيَقْضِمُهَا قَضْمَ الْفَحْلِ \".\nقَالَ أَبُو الزُّبَيْرِ : سَمِعْتُ عُبَيْدَ بْنَ عُمَيْرٍ، يَقُولُ هَذَا الْقَوْلَ، ثُمَّ سَأَلْنَا جَابِرَ بْنَ عَبْدِ اللَّهِ، فَقَالَ مِثْلَ قَوْلِ عُبَيْدِ بْنِ عُمَيْرٍ",
      "english": {
        "narrator": "",
        "text": ""
      },
      "turkish": {
        "narrator": "",
        "text": ""
      }
    },
    {
      "id": 5,
      "idInBook": 5,
      "chapterId": 3,
      "bookId": 9,
      "arabic": "قَالَ : وَقَالَ أَبُو الزُّبَيْرِ  : سَمِعْتُ عُبَيْدَ بْنَ عُمَيْرٍ   يَقُولُ : قَالَ رَجُلٌ : يَا رَسُولَ اللَّهِ، مَا حَقُّ الْإِبِلِ؟ قَالَ :\" حَلَبُهَا عَلَى الْمَاءِ، وَإِعَارَةُ دَلْوِهَا، وَإِعَارَةُ فَحْلِهَا، وَمَنْحَتُهَا، وَحَمْلٌ عَلَيْهَا فِي سَبِيلِ اللَّهِ \"أَخْبَرَنَا الْحَسَنُ بْنُ الرَّبِيعِ  ، حَدَّثَنَا أَبُو الْأَحْوَصِ  ، عَنْ الْأَعْمَشِ  ، عَنْ الْمَعْرُورِ بْنِ سُوَيْدٍ  عَنْ أَبِي ذَرٍّ   ، عَنْ النَّبِيِّ صَلَّى اللَّهُ عَلَيْهِ وَسَلَّمَ، ، بِبَعْضِ هَذَا الْحَدِيثِ",
      "english": {
        "narrator": "",
        "text": ""
      },
      "turkish": {
        "narrator": "",
        "text": ""
      }
    },
    {
      "id": 6,
      "idInBook": 6,
      "chapterId": 3,
      "bookId": 9,
      "arabic": "أَخْبَرَنَا الْحَكَمُ بْنُ الْمُبَارَكِ  ، حَدَّثَنَا عَبَّادُ بْنُ الْعَوَّامِ  ، وَإِبْرَاهِيمُ بْنُ صَدَقَةَ  ، عَنْ سُفْيَانَ بْنِ حُسَيْنٍ  ، عَنْ الزُّهْرِيِّ  ، عَنْ سَالِمٍ  ، عَنْ ابْنِ عُمَرَ  ، أَنَّ النَّبِيَّ صَلَّى اللَّهُ عَلَيْهِ وَسَلَّمَ\" كَتَبَ الصَّدَقَةَ، فَكَانَ فِي الْغَنَمِ فِي كُلِّ أَرْبَعِينَ سَائِمَةً شَاةٌ إِلَى عِشْرِينَ وَمِئَةٍ، فَإِذَا زَادَتْ، فَفِيهَا شَاتَانِ إِلَى مِائَتَيْنِ، فَإِذَا زَادَتْ، فَفِيهَا ثَلَاثُ شِيَاهٍ إِلَى ثَلَاثِ مِئَةٍ، فَإِذَا زَادَتْ شَاةً، لَمْ يَجِبْ فِيهَا إِلَّا ثَلَاثُ شِيَاهٍ حَتَّى تَبْلُغَ أَرْبَعَ مِئَةٍ، فَإِذَا بَلَغَتْ أَرْبَعَ مِئَةِ شَاةٍ، فَفِي كُلِّ مِئَةٍ شَاةٌ، وَلَا تُؤْخَذُ فِي الصَّدَقَةِ هَرِمَةٌ، وَلَا ذَاتُ عَوَارٍ، وَلَا ذَاتُ عَيْبٍ \"",
      "english": {
        "narrator": "",
        "text": ""
      },
      "turkish": {
        "narrator": "",
        "text": ""
      }
    },
    {
      "id": 7,
      "idInBook": 7,
      "chapterId": 3,
      "bookId": 9,
      "arabic": "أَخْبَرَنَا الْحَكَمُ بْنُ مُوسَى  ، حَدَّثَنَا يَحْيَى بْنُ حَمْزَةَ  ، عَنْ سُلَيْمَانَ بْنِ دَاوُدَ الْخَوْلَانِيِّ  ، عَنْ الزُّهْرِيِّ  ، عَنْ أَبِي بَكْرِ بْنِ مُحَمَّدِ بْنِ عَمْرِو بْنِ حَزْمٍ  ، عَنْ أَبِيهِ  ، عَنْ جَدِّهِ  ، أَنّ رَسُولَ اللَّهِ صَلَّى اللَّهُ عَلَيْهِ وَسَلَّمَ كَتَبَ إِلَى أَهْلِ الْيَمَنِ مَعَ عَمْرِو بْنِ حَزْمٍ :\" بِسْمِ اللَّهِ الرَّحْمَنِ الرَّحِيمِ، مِنْ مُحَمَّدٍ النَّبِيِّ إِلَى شُرَحْبِيلَ بْنِ عَبْدِ كُلَالٍ، وَالْحَارِثِ بْنِ عَبْدِ كُلَالٍ، وَنُعَيْمِ بْنِ عَبْدِ كُلَالٍ، فِي أَرْبَعِينَ شَاةً شَاةٌ إِلَى أَنْ تَبْلُغَ عِشْرِينَ وَمِئَةٍ، فَإِذَا زَادَتْ عَلَى عِشْرِينَ وَمِئَةٍ وَاحِدَةً، فَفِيهَا شَاتَانِ إِلَى أَنْ تَبْلُغَ مِائَتَيْنِ، فَإِذَا زَادَتْ وَاحِدَةً فَفِيهَا ثَلَاثَةٌ إِلَى أَنْ تَبْلُغَ ثَلَاثَ مِئَةٍ، فَمَا زَادَ، فَفِي كُلِّ مِئَةِ شَاةٍ شَاةٌ \".\nحَدَّثَنَا بِشْرُ بْنُ الْحَكَمِ  ، حَدَّثَنَا عَبْدُ الرَّزَّاقِ  ، أَخْبَرَنَا مَعْمَرٌ  ، عَنْ عَبْدِ اللَّهِ بْنِ أَبِي بَكْرِ بْنِ مُحَمَّدِ بْنِ عَمْرِو بْنِ حَزْمٍ  ، عَنْ أَبِيهِ  ، عَنْ جَدِّهِ  ، أَنّ النَّبِيَّ صَلَّى اللَّهُ عَلَيْهِ وَسَلَّمَ كَتَبَ لَهُمْ كِتَابًا، فَذَكَرَ نَحْوَهُ",
      "english": {
        "narrator": "",
        "text": ""
      },
      "turkish": {
        "narrator": "",
        "text": ""
      }
    },
    {
      "id": 8,
      "idInBook": 8,
      "chapterId": 3,
      "bookId": 9,
      "arabic": "حَدَّثَنَا يَعْلَى بْنُ عُبَيْدٍ  ، حَدَّثَنَا الْأَعْمَشُ  ، عَنْ شَقِيقٍ  ، عَنْ مَسْرُوقٍ  ، وَالْأَعْمَشُ  ، عَنْ إِبْرَاهِيمَ  ، قَالَا : قَالَ مُعَاذٌ   : \" بَعَثَنِي رَسُولُ اللَّهِ صَلَّى اللَّهُ عَلَيْهِ وَسَلَّمَ إِلَى الْيَمَنِفَأَمَرَنِي أَنْ آخُذَ مِنْ كُلِّ أَرْبَعِينَ بَقَرَةً، مُسِنَّةً، وَمِنْ كُلِّ ثَلَاثِينَ تَبِيعًا أَوْ تَبِيعَةً \"",
      "english": {
        "narrator": "",
        "text": ""
      },
      "turkish": {
        "narrator": "",
        "text": ""
      }
    },
    {
      "id": 9,
      "idInBook": 9,
      "chapterId": 3,
      "bookId": 9,
      "arabic": "أَخْبَرَنَا عَاصِمُ بْنُ يُوسُف  ، حَدَّثَنَا أَبُو بَكْرِ بْنُ عَيَّاشٍ  ، عَنْ عَاصِمٍ  ، عَنْ أَبِي وَائِلٍ  ، عَنْ مَسْرُوقٍ  ، عَنْ مُعَاذٍ  ، قَالَ : \" بَعَثَنِي رَسُولُ اللَّهِ صَلَّى اللَّهُ عَلَيْهِ وَسَلَّمَ إِلَى الْيَمَنِ ،فَأَمَرَنِي أَنْ آخُذَ مِنْ الْبَقَرِ مِنْ ثَلَاثِينَ تَبِيعًا حَوْلِيًّا، وَمِنْ أَرْبَعِينَ بَقَرَةً مُسِنَّةً \".\nحَدَّثَنَا أَحْمَدُ بْنُ يُونُسَ  ، عَنْ أَبِي بَكْرِ بْنِ عَيَّاشٍ  ، بِنَحْوِهِ",
      "english": {
        "narrator": "",
        "text": ""
      },
      "turkish": {
        "narrator": "",
        "text": ""
      }
    },
    {
      "id": 10,
      "idInBook": 10,
      "chapterId": 3,
      "bookId": 9,
      "arabic": "أَخْبَرَنَا الْحَكَمُ بْنُ الْمُبَارَكِ  ، حَدَّثَنَا عَبَّادُ بْنُ الْعَوَّامِ  ، وَإِبْرَاهِيمُ بْنُ صَدَقَةَ  ، عَنْ سُفْيَانَ بْنِ حُسَيْنٍ  ، عَنْ الزُّهْرِيِّ  ، عَنْ سَالِمٍ  ، عَنْ ابْنِ عُمَرَ  ، أَنَّ النَّبِيَّ صَلَّى اللَّهُ عَلَيْهِ وَسَلَّمَ كَتَبَ الصَّدَقَةَ، فَلَمْ تُخْرَجْ إِلَى عُمَّالِهِ حَتَّى قُبِضَ رَسُولُ اللَّهِ صَلَّى اللَّهُ عَلَيْهِ وَسَلَّمَ، فَلَمَّا قُبِضَ أَخَذَهَا أَبُو بَكْرٍ، فَعَمِلَ بِهَا مِنْ بَعْدِهِ، فَلَمَّا قُبِضَ أَبُو بَكْرٍ، أَخَذَهَا عُمَرُ فَعَمِلَ بِهَا مِنْ بَعْدِهِمَا، وَلَقَدْ قُتِلَ عُمَرُ وَإِنَّهَا لَمَقْرُونَةٌ بِسَيْفِهِ أَوْ بِوَصِيَّتِهِ، وَكَانَ فِي\" صَدَقَةِ الْإِبِلِ : فِي كُلِّ خَمْسٍ شَاةٌ إِلَى خَمْسٍ وَعِشْرِينَ، فَإِذَا بَلَغَتْ خَمْسًا وَعِشْرِينَ، فَفِيهَا بِنْتُ مَخَاضٍ إِلَى خَمْسٍ وَثَلَاثِينَ، فَإِنْ لَمْ تَكُنْ بِنْتُ مَخَاضٍ، فَابْنُ لَبُونٍ ذَكَرٌ، فَإِذَا زَادَتْ، فَفِيهَا بِنْتُ لَبُونٍ إِلَى خَمْسٍ وَأَرْبَعِينَ، فَإِذَا زَادَتْ، فَفِيهَا حِقَّةٌ إِلَى سِتِّينَ، فَإِذَا زَادَتْ، فَفِيهَا جَذَعَةٌ إِلَى خَمْسٍ وَسَبْعِينَ، فَإِذَا زَادَتْ، فَفِيهَا بِنْتَا لَبُونٍ إِلَى تِسْعِينَ، فَإِذَا زَادَتْ، فِيهَا حِقَّتَانِ إِلَى عِشْرِينَ وَمِئَةٍ، فَإِذَا زَادَتْ، فَفِيهَا فِي كُلِّ خَمْسِينَ حِقَّةٌ، وَفِي كُلِّ أَرْبَعِينَ بِنْتُ لَبُونٍ \".\nحَدَّثَنَا مُحَمَّدُ بْنُ عُيَيْنَةَ  ، عَنْ أَبِي إِسْحَاق الْفَزَارِيِّ  ، عَنْ سُفْيَانَ بْنِ حُسَيْنٍ  ، عَنْ الزُّهْرِيِّ  ، عَنْ سَالِمٍ  ، عَنْ ابْنِ عُمَرَ  ، عَنْ النَّبِيِّ صَلَّى اللَّهُ عَلَيْهِ وَسَلَّمَ، نَحْوَهُ",
      "english": {
        "narrator": "",
        "text": ""
      },
      "turkish": {
        "narrator": "",
        "text": ""
      }
    },
    {
      "id": 11,
      "idInBook": 11,
      "chapterId": 3,
      "bookId": 9,
      "arabic": "أَخْبَرَنَا الْحَكَمُ بْنُ مُوسَى  ، حَدَّثَنَا يَحْيَى بْنُ حَمْزَةَ  ، عَنْ سُلَيْمَانَ بْنِ دَاوُدَ الْخَوْلَانِيِّ  ، حَدَّثَنِي الزُّهْرِيُّ  ، عَنْ أَبِي بَكْرِ بْنِ مُحَمَّدِ بْنِ عَمْرِو بْنِ حَزْمٍ  ، عَنْ أَبِيهِ  ، عَنْ جَدِّهِ  ، أَنّ رَسُولَ اللَّهِ صَلَّى اللَّهُ عَلَيْهِ وَسَلَّمَ كَتَبَ مَعَ عَمْرِو بْنِ حَزْمٍ إِلَى شُرَحْبِيلَ بْنِ عَبْدِ كُلَالٍ، وَالْحَارِثِ بْنِ عَبْدِ كُلَالٍ، وَنُعَيْمِ بْنِ عَبْدِ كُلَالٍ : \" أَنَّفِي كُلِّ خَمْسِ أَوَاقٍ مِنْ الْوَرِقِ خَمْسَةَ دَرَاهِمَ، فَمَا زَادَ، فَفِي كُلِّ أَرْبَعِينَ دِرْهَمًا دِرْهَمٌ، وَلَيْسَ فِيمَا دُونَ خَمْسِ أَوَاقٍ شَيْءٌ \"",
      "english": {
        "narrator": "",
        "text": ""
      },
      "turkish": {
        "narrator": "",
        "text": ""
      }
    },
    {
      "id": 12,
      "idInBook": 12,
      "chapterId": 3,
      "bookId": 9,
      "arabic": "أَخْبَرَنَا الْمُعَلَّى بْنُ أَسَدٍ  ، حَدَّثَنَا أَبُو عَوَانَةَ  ، عَنْ أَبِي إِسْحَاق  ، عَنْ عَاصِمِ بْنِ ضَمْرَةَ  ، عَنْ عَلِيٍّ  ، رَفَعَهُ إِلَى النَّبِيِّ صَلَّى اللَّهُ عَلَيْهِ وَسَلَّمَ، قَالَ :\" عَفَوْتُ عَنْ صَدَقَةِ الْخَيْلِ وَالرَّقِيقِ، هَاتُوا صَدَقَةَ الرِّقَةِ مِنْ كُلِّ أَرْبَعِينَ دِرْهَمًا دِرْهَمٌ، وَلَيْسَ فِي تِسْعِينَ وَمِئَةٍ شَيْءٌ حَتَّى تَبْلُغَ مِائَتَيْنِ \"",
      "english": {
        "narrator": "",
        "text": ""
      },
      "turkish": {
        "narrator": "",
        "text": ""
      }
    },
    {
      "id": 13,
      "idInBook": 13,
      "chapterId": 3,
      "bookId": 9,
      "arabic": "أَخْبَرَنَا الْأَسْوَدُ بْنُ عَامِرٍ  ، حَدَّثَنَا شَرِيكٌ  ، عَنْ عُثْمَانَ الثَّقَفِيِّ  ، عَنْ أَبِي لَيْلَى هُوَ الْكِنْدِيُّ  ،  عَنْ سُوَيْدِ بْنِ غَفَلَةَ  ، قَالَ : أَتَانَا مُصَدِّقُ   النَّبِيِّ صَلَّى اللَّهُ عَلَيْهِ وَسَلَّمَ فَأَخَذْتُ بِيَدِهِ، فَقَرَأْتُ فِي عَهْدِهِ : \" أَنْلَا يُجْمَعَ بَيْنَ مُتَفَرِّقٍ، وَلَا يُفَرَّقَ بَيْنَ مُجْتَمِعٍ خَشْيَةَ الصَّدَقَةِ \"",
      "english": {
        "narrator": "",
        "text": ""
      },
      "turkish": {
        "narrator": "",
        "text": ""
      }
    },
    {
      "id": 14,
      "idInBook": 14,
      "chapterId": 3,
      "bookId": 9,
      "arabic": "أَخْبَرَنَا أَبُو عَاصِمٍ  ، عَنْ زَكَرِيَّا  ، عَنْ يَحْيَى بْنِ عَبْدِ اللَّهِ بْنِ صَيْفِيٍّ  ، عَنْ أَبِي مَعْبَدٍ  مَوْلَى ابْنِ عَبَّاسٍ، عَنْ ابْنِ عَبَّاسٍ  ، أَنّ النَّبِيَّ صَلَّى اللَّهُ عَلَيْهِ وَسَلَّمَ لَمَّا بَعَثَ مُعَاذًا إِلَى الْيَمَنِ ، قَالَ :\" إِيَّاكَ وَكَرَائِمَ أَمْوَالِهِمْ \"",
      "english": {
        "narrator": "",
        "text": ""
      },
      "turkish": {
        "narrator": "",
        "text": ""
      }
    },
    {
      "id": 15,
      "idInBook": 15,
      "chapterId": 3,
      "bookId": 9,
      "arabic": "حَدَّثَنَا هَاشِمُ بْنُ الْقَاسِمِ  ، حَدَّثَنَا شُعْبَةُ  قَالَ : عَبْدُ اللَّهِ بْنُ دِينَارٍ  أَخْبَرَنِي، قَالَ : سَمِعْتُ سُلَيْمَانَ بْنَ يَسَارٍ  يُحَدِّثُ، عَنْ عِرَاكِ بْنِ مَالِكٍ  ،  عَنْ أَبِي هُرَيْرَةَ  ، عَنْ النَّبِيِّ صَلَّى اللَّهُ عَلَيْهِ وَسَلَّمَ، قَالَ :\" لَيْسَ عَلَى فَرَسِ الْمُسْلِمِ وَلَا عَلَى غُلَامِهِ صَدَقَةٌ \"",
      "english": {
        "narrator": "",
        "text": ""
      },
      "turkish": {
        "narrator": "",
        "text": ""
      }
    },
    {
      "id": 16,
      "idInBook": 16,
      "chapterId": 3,
      "bookId": 9,
      "arabic": "حَدَّثَنَا عُبَيْدُ اللَّهِ بْنُ مُوسَى  ، عَنْ سُفْيَانَ  ، عَنْ عَمْرِو بْنِ يَحْيَى  ، أَخْبَرَنِي أَبِي  عَنْ أَبِي سَعِيدٍ الْخُدْرِيِّ  ، عَنْ النَّبِيِّ صَلَّى اللَّهُ عَلَيْهِ وَسَلَّمَ، قَالَ :\" لَيْسَ فِيمَا دُونَ خَمْسَةِ أَوْسُقٍ صَدَقَةٌ، وَلَيْسَ فِيمَا دُونَ خَمْسِ أَوَاقٍ صَدَقَةٌ، وَلَا فِيمَا دُونَ خَمْسِ ذَوْدٍ صَدَقَةٌ \".\n قَالَ أَبُو مُحَمَّد : الْوَسْقُ : سِتُّونَ صَاعًا، وَالصَّاعُ : مَنَوَانِ وَنِصْفٌ فِي قَوْلِ أَهْلِ الْحِجَازِ ، وَأَرْبَعَةُ أَمْنَاءٍ فِي قَوْلِ أَهْلِ الْعِرَاقِ",
      "english": {
        "narrator": "",
        "text": ""
      },
      "turkish": {
        "narrator": "",
        "text": "It seems that there are no hadith texts provided for translation. Please provide the hadith texts you would like to have translated into Turkish, and I will be happy to assist you."
      }
    },
    {
      "id": 17,
      "idInBook": 17,
      "chapterId": 3,
      "bookId": 9,
      "arabic": "حَدَّثَنَا مُحَمَّدُ بْنُ يُوسُفَ  ، عَنْ سُفْيَانَ  ، عَنْ إِسْمَاعِيل بْنِ أُمَيَّةَ  ، عَنْ مُحَمَّدِ بْنِ يَحْيَى بْنِ حَبَّانَ  ، عَنْ يَحْيَى بْنِ عُمَارَةَ  ، عَنْ أَبِي سَعِيدٍ الْخُدْرِيِّ  ، قَالَ : قَالَ رَسُولُ اللَّهِ صَلَّى اللَّهُ عَلَيْهِ وَسَلَّمَ :\" لَيْسَ فِيمَا دُونَ خَمْسَةِ أَوْسُقٍ صَدَقَةٌ مِنْ حَبٍّ وَلَا تَمْرٍ، وَلَا فِيمَا دُونَ خَمْسِ أَوَاقٍ صَدَقَةٌ، وَلَا فِيمَا دُونَ خَمْسِ ذَوْدٍ صَدَقَةٌ \"",
      "english": {
        "narrator": "",
        "text": ""
      },
      "turkish": {
        "narrator": "",
        "text": ""
      }
    },
    {
      "id": 18,
      "idInBook": 18,
      "chapterId": 3,
      "bookId": 9,
      "arabic": "أَخْبَرَنَا الْحَكَمُ بْنُ مُوسَى  ، حَدَّثَنَا يَحْيَى بْنُ حَمْزَةَ  ، عَنْ سُلَيْمَانَ بْنِ دَاوُدَ الْخَوْلَانِيِّ  ، حَدَّثَنِي الزُّهْرِيُّ  ، عَنْ أَبِي بَكْرِ بْنِ مُحَمَّدِ بْنِ عَمْرِو بْنِ حَزْمٍ  ، عَنْ أَبِيهِ  ، عَنْ جَدِّهِ  ، أَنّ رَسُولَ اللَّهِ صَلَّى اللَّهُ عَلَيْهِ وَسَلَّمَ كَتَبَ مَعَ عَمْرِو بْنِ حَزْمٍ إِلَى شُرَحْبِيلَ بْنِ عَبْدِ كُلَالٍ، وَالْحَارِثِ بْنِ عَبْدِ كُلَالٍ، وَنُعَيْمِ بْنِ عَبْدِ كُلَالٍ : \" إِنَّفِي كُلِّ خَمْسِ أَوَاقٍ مِنْ الْوَرِقِ خَمْسَةَ دَرَاهِمَ فَمَا زَادَ، فَفِي كُلِّ أَرْبَعِينَ دِرْهَمًا دِرْهَمٌ، وَلَيْسَ فِيمَا دُونَ خَمْسِ أَوَاقٍ شَيْءٌ \"",
      "english": {
        "narrator": "",
        "text": ""
      },
      "turkish": {
        "narrator": "",
        "text": ""
      }
    },
    {
      "id": 19,
      "idInBook": 19,
      "chapterId": 3,
      "bookId": 9,
      "arabic": "أَخْبَرَنَا سَعِيدُ بْنُ مَنْصُورٍ  ، حَدَّثَنَا إِسْمَاعِيل بْنُ زَكَرِيَّا  ، عَنْ الْحَجَّاجِ بْنِ دِينَارٍ  ، عَنْ الْحَكَمِ بْنِ عُتَيْبَةَ  ، عَنْ حُجَيَّةَ بْنِ عَدِيٍّ  ،  عَنْ عَلِيٍّ   : أَنَّ الْعَبَّاسَ\" سَأَلَ رَسُولَ اللَّهِ صَلَّى اللَّهُ عَلَيْهِ وَسَلَّمَ فِي تَعْجِيلِ صَدَقَتِهِ قَبْلَ أَنْ تَحِلَّ، فَرَخَّصَ فِي ذَلِكَ \".\n قَالَ أَبُو مُحَمَّد : آخُذُ بِهِ، وَلَا أَرَى فِي تَعْجِيلِ الزَّكَاةِ بَأْسًا",
      "english": {
        "narrator": "",
        "text": ""
      },
      "turkish": {
        "narrator": "",
        "text": ""
      }
    },
    {
      "id": 20,
      "idInBook": 20,
      "chapterId": 3,
      "bookId": 9,
      "arabic": "أَخْبَرَنَا مُحَمَّدُ بْنُ الطُّفَيْلِ  ، حَدَّثَنَا شَرِيكٌ  ، عَنْ أَبِي حَمْزَةَ  ، عَنْ عَامِرٍ  ، عَنْ فَاطِمَةَ بِنْتِ قَيْسٍ  ، قَالَتْ : سَمِعْتُ رَسُولَ اللَّهِ صَلَّى اللَّهُ عَلَيْهِ وَسَلَّمَ، يَقُولُ : \" إِنَّفِي أَمْوَالِكُمْ حَقًّا سِوَى الزَّكَاةِ \"",
      "english": {
        "narrator": "",
        "text": ""
      },
      "turkish": {
        "narrator": "",
        "text": ""
      }
    },
    {
      "id": 21,
      "idInBook": 21,
      "chapterId": 3,
      "bookId": 9,
      "arabic": "أَخْبَرَنَا مُحَمَّدُ بْنُ يُوسُفَ  ، حَدَّثَنَا إِسْرَائِيلُ  ، حَدَّثَنَا أَبُو الْجُوَيْرِيَةِ الْجَرْمِيُّ  ، أَنَّ مَعْنَ بْنَ يَزِيدَ   حَدَّثَهُ، قَالَ : بَايَعْتُ رَسُولَ اللَّهِ صَلَّى اللَّهُ عَلَيْهِ وَسَلَّمَ أَنَا وَأَبِي وَجَدِّي، وَخَطَبَ عَلَيَّ فَأَنْكَحَنِي، وَخَاصَمْتُ إِلَيْهِ، وَكَانَ أَبِي يَزِيدُ أَخْرَجَ دَنَانِيرَ يَتَصَدَّقُ بِهَا فَوَضَعَهَا عِنْدَ رَجُلٍ فِي الْمَسْجِدِ، فَجِئْتُ فَأَخَذْتُهَا، فَأَتَيْتُهُ بِهَا، فَقَالَ : وَاللَّهِ مَا إِيَّاكَ أَرَدْتُ بِهَا، فَخَاصَمْتُهُ إِلَى رَسُولِ اللَّهِ صَلَّى اللَّهُ عَلَيْهِ وَسَلَّمَ، فَقَالَ :\" لَكَ مَا نَوَيْتَ يَا يَزِيدُ، وَلَكَ يَا مَعْنُ مَا أَخَذْتَ \"",
      "english": {
        "narrator": "",
        "text": ""
      },
      "turkish": {
        "narrator": "",
        "text": ""
      }
    },
    {
      "id": 22,
      "idInBook": 22,
      "chapterId": 3,
      "bookId": 9,
      "arabic": "أَخْبَرَنَا مُحَمَّدُ بْنُ يُوسُفَ  ، وَأَبُو نُعَيْمٍ  ، عَنْ سُفْيَانَ  ، عَنْ سَعْدِ بْنِ إِبْرَاهِيمَ  ، عَنْ رَيْحَانَ بْنِ يَزِيدَ  ،  عَنْ عَبْدِ اللَّهِ بْنِ عَمْرٍو  ، قَالَ : قَالَ رَسُولُ اللَّهِ صَلَّى اللَّهُ عَلَيْهِ وَسَلَّمَ :\" لَا تَحِلُّ الصَّدَقَةُ لِغَنِيٍّ وَلَا لِذِي مِرَّةٍ سَوِيٍّ \".\n قَالَ أَبُو مُحَمَّد : يَعْنِي : قَوِيٍّ",
      "english": {
        "narrator": "",
        "text": ""
      },
      "turkish": {
        "narrator": "",
        "text": ""
      }
    },
    {
      "id": 23,
      "idInBook": 23,
      "chapterId": 3,
      "bookId": 9,
      "arabic": "أَخْبَرَنَا يَزِيدُ بْنُ هَارُونَ  ، أَخْبَرَنَا شَرِيكٌ  ، عَنْ حَكِيمِ بْنِ جُبَيْرٍ  ، عَنْ مُحَمَّدِ بْنِ عَبْدِ الرَّحْمَنِ بْنِ يَزِيدَ  ، عَنْ أَبِيهِ  ، عَنْ عَبْدِ اللَّهِ  ، قَالَ : قَالَ رَسُولُ اللَّهِ صَلَّى اللَّهُ عَلَيْهِ وَسَلَّمَ :\" مَنْ سَأَلَ عَنْ ظَهْرِ غِنًى، جَاءَ يَوْمَ الْقِيَامَةِ وَفِي وَجْهِهِ خُمُوشٌ أَوْ كُدُوحٌ أَوْ خُدُوشٌ \".\nقِيلَ : يَا رَسُولَ اللَّهِ، وَمَا الْغِنَى؟ قَالَ : \" خَمْسُونَ دِرْهَمًا أَوْ قِيمَتُهَا مِنْ الذَّهَبِ \".\n أَخْبَرَنَا أَبُو عَاصِمٍ  ، وَمُحَمَّدُ بْنُ يُوسُفَ  ، عَنْ سُفْيَانَ  ، عَنْ حَكِيمِ بْنِ جُبَيْرٍ  ، عَنْ مُحَمَّدِ بْنِ عَبْدِ الرَّحْمَنِ  ، عَنْ أَبِيهِ  ، عَنْ عَبْدِ اللَّهِ  ، عَنْ النَّبِيِّ صَلَّى اللَّهُ عَلَيْهِ وَسَلَّمَ، بِنَحْوِهِ",
      "english": {
        "narrator": "",
        "text": ""
      },
      "turkish": {
        "narrator": "",
        "text": ""
      }
    },
    {
      "id": 24,
      "idInBook": 24,
      "chapterId": 3,
      "bookId": 9,
      "arabic": "أَخْبَرَنَا هَاشِمُ بْنُ الْقَاسِمِ  ، حَدَّثَنَا شُعْبَةُ  ، أَخْبَرَنِي مُحَمَّدُ بْنُ زِيَادٍ  ، قَالَ : سَمِعْتُ أَبَا هُرَيْرَةَ   قَالَ : أَخَذَ الْحَسَنُ تَمْرَةً مِنْ تَمْرِ الصَّدَقَةِ، فَجَعَلَهَا فِي فِيهِ، فَقَالَ النَّبِيُّ صَلَّى اللَّهُ عَلَيْهِ وَسَلَّمَ : \" كِخْ كِخْ أَلْقِهَا، أَمَا شَعَرْتَ أَنَّالَا نَأْكُلُ الصَّدَقَةَ؟ \"",
      "english": {
        "narrator": "",
        "text": ""
      },
      "turkish": {
        "narrator": "",
        "text": ""
      }
    },
    {
      "id": 25,
      "idInBook": 25,
      "chapterId": 3,
      "bookId": 9,
      "arabic": "أَخْبَرَنَا الْأَسْوَدُ بْنُ عَامِرٍ  ، حَدَّثَنَا زُهَيْرٌ  ، عَنْ عَبْدِ اللَّهِ بْنِ عِيسَى  ، عَنْ عِيسَى  ، عَنْ عَبْدِ الرَّحْمَنِ بْنِ أَبِي لَيْلَى  ،  عَنْ أَبِي لَيْلَى  ، قَالَ : كُنْتُ عِنْدَ النَّبِيِّ صَلَّى اللَّهُ عَلَيْهِ وَسَلَّمَ وَعِنْدَهُ الْحَسَنُ بْنُ عَلِيٍّ، فَأَخَذَ تَمْرَةً مِنْ تَمْرِ الصَّدَقَةِ فَانْتَزَعَهَا مِنْهُ، وَقَالَ : \" أَمَا عَلِمْتَ أَنَّهُلَا تَحِلُّ لَنَا الصَّدَقَةُ \"",
      "english": {
        "narrator": "",
        "text": ""
      },
      "turkish": {
        "narrator": "",
        "text": ""
      }
    },
    {
      "id": 26,
      "idInBook": 26,
      "chapterId": 3,
      "bookId": 9,
      "arabic": "أَخْبَرَنَا سَعِيدُ بْنُ مَنْصُورٍ  ، حَدَّثَنَا سُفْيَانُ بْنُ عُيَيْنَةَ  ، عَنْ عَمْرِو بْنِ دِينَارٍ  ، عَنْ وَهْبِ بْنِ مُنَبِّهٍ  ، عَنْ أَخِيهِ  ، عَنْ مُعَاوِيَةَ  ، قَالَ : قَالَ رَسُولُ اللَّهِ صَلَّى اللَّهُ عَلَيْهِ وَسَلَّمَ :\" لَا تُلْحِفُوا بِي فِي الْمَسْأَلَةِ فَوَاللَّهِ لَا يَسْأَلُنِي أَحَدٌ شَيْئًا فَأُعْطِيَهُ وَأَنَا كَارِهٌ، فَيُبَارَكَ لَهُ فِيهِ \"",
      "english": {
        "narrator": "",
        "text": ""
      },
      "turkish": {
        "narrator": "",
        "text": ""
      }
    },
    {
      "id": 27,
      "idInBook": 27,
      "chapterId": 3,
      "bookId": 9,
      "arabic": "أَخْبَرَنَا مُحَمَّدُ بْنُ عَبْدِ اللَّهِ الرَّقَاشِيُّ  ، حَدَّثَنَا يَزِيدُ هُوَ ابْنُ زُرَيْعٍ  ، أَخْبَرَنَا سَعِيدٌ  ، عَنْ قَتَادَةَ  ، عَنْ سَالِمِ بْنِ أَبِي الْجَعْدِ  ، عَنْ مَعْدَانَ بْنِ أَبِي طَلْحَةَ  ، عَنْ ثَوْبَانَ   مَوْلَى رَسُولِ اللَّهِ صَلَّى اللَّهُ عَلَيْهِ وَسَلَّمَ، أَنَّ رَسُولَ اللَّهِ صَلَّى اللَّهُ عَلَيْهِ وَسَلَّمَ قَالَ :\" مَنْ سَأَلَ النَّاسَ مَسْأَلَةً وَهُوَ عَنْهَا غَنِيٌّ، كَانَتْ شَيْنًا فِي وَجْهِهِ \"",
      "english": {
        "narrator": "",
        "text": ""
      },
      "turkish": {
        "narrator": "",
        "text": ""
      }
    },
    {
      "id": 28,
      "idInBook": 28,
      "chapterId": 3,
      "bookId": 9,
      "arabic": "أَخْبَرَنَا الْحَكَمُ بْنُ الْمُبَارَكِ  ، حَدَّثَنَا مَالِكٌ  ، عَنْ ابْنِ شِهَابٍ  ، عَنْ عَطَاءِ بْنِ يَزِيدَ اللَّيْثِيِّ  ، عَنْ أَبِي سَعِيدٍ الْخُدْرِيِّ  ، أَنَّ نَاسًا مِنْ الْأَنْصَارِ سَأَلُوا رَسُولَ اللَّهِ صَلَّى اللَّهُ عَلَيْهِ وَسَلَّمَ فَأَعْطَاهُمْ، ثُمَّ سَأَلُوهُ فَأَعْطَاهُمْ، حَتَّى إِذَا نَفِدَ مَا عِنْدَهُ، فَقَالَ :\" مَا يَكُونُ عِنْدِي مِنْ خَيْرٍ، فَلَنْ أَدَّخِرَهُ عَنْكُمْ، وَمَنْ يَسْتَعْفِفْ، يُعِفَّهُ اللَّهُ، وَمَنْ يَسْتَغْنِ، يُغْنِهِ اللَّهُ، وَمَنْ يَتَصَبَّرْ، يُصَبِّرْهُ اللَّهُ، وَمَا أُعْطِيَ أَحَدٌ عَطَاءً هُوَ خَيْرٌ وَأَوْسَعُ مِنْ الصَّبْرِ \"",
      "english": {
        "narrator": "",
        "text": ""
      },
      "turkish": {
        "narrator": "",
        "text": ""
      }
    },
    {
      "id": 29,
      "idInBook": 29,
      "chapterId": 3,
      "bookId": 9,
      "arabic": "أَخْبَرَنَا عَبْدُ اللَّهِ بْنُ صَالِحٍ  ، قَالَ : حَدَّثَنِي اللَّيْثُ  ، حَدَّثَنِي يُونُسُ  ، عَنْ ابْنِ شِهَابٍ  ، عَنْ سَالِمٍ  ، أَنَّهُ قَالَ : قَالَ عَبْدُ اللَّهِ  : سَمِعْتُ عُمَرَ بْنَ الْخَطَّابِ  ، يَقُولُ : كَانَ رَسُولُ اللَّهِ صَلَّى اللَّهُ عَلَيْهِ وَسَلَّمَ يُعْطِينِي الْعَطَاءَ فَأَقُولُ : أَعْطِهِ مَنْ هُوَ أَفْقَرُ إِلَيْهِ مِنِّي.\nفَقَالَ رَسُولُ اللَّهِ صَلَّى اللَّهُ عَلَيْهِ وَسَلَّمَ : \" خُذْ،وَمَا آتَاكَ اللَّهُ مِنْ هَذَا الْمَالِ وَأَنْتَ غَيْرُ مُسْرِفٍ وَلَا سَائِلٍ، فَخُذْهُ، وَمَا لَا، فَلَا تُتْبِعْهُ نَفْسَكَ \".\nأَخْبَرَنَا الْحَكَمُ بْنُ نَافِعٍ  ، عَنْ شُعَيْبِ بْنِ أَبِي حَمْزَةَ  ، عَنْ الزُّهْرِيِّ  ، حَدَّثَنِي السَّائِبُ بْنُ يَزِيدَ  ، أَنَّ حُوَيْطِبَ بْنَ عَبْدِ الْعُزَّى  أَخْبَرَهُ، أَنَّ عَبْدَ اللَّهِ بْنَ السَّعْدِيِّ  أَخْبَرَهُ، عَنْ عُمَرَ  ، بِنَحْوِهِ.\nأَخْبَرَنَا أَبُو الْوَلِيدِ  ، حَدَّثَنَا اللَّيْثُ  ، عَنْ بُكَيْرٍ  ، عَنْ بُسْرِ بْنِ سَعِيدٍ  ، عَنْ ابْنِ السَّعْدِيِّ  ، قَالَ : اسْتَعْمَلَنِي عُمَرُ  ، فَذَكَرَ نَحْوًا مِنْهُ",
      "english": {
        "narrator": "",
        "text": ""
      },
      "turkish": {
        "narrator": "",
        "text": ""
      }
    },
    {
      "id": 30,
      "idInBook": 30,
      "chapterId": 3,
      "bookId": 9,
      "arabic": "أَخْبَرَنَا مُحَمَّدُ بْنُ يُوسُفَ  ، عَنْ الْأَوْزَاعِيِّ  ، عَنْ ابْنِ شِهَابٍ  ، عَنْ سَعِيدِ بْنِ الْمُسَيِّبِ  ، وَعُرْوَةَ بْنِ الزُّبَيْرِ  ، أَنَّ حَكِيمَ بْنَ حِزَامٍ   قَالَ : سَأَلْتُ النَّبِيَّ صَلَّى اللَّهُ عَلَيْهِ وَسَلَّمَ فَأَعْطَانِي، ثُمَّ سَأَلْتُهُ فَأَعْطَانِي، ثُمَّ سَأَلْتُهُ فَأَعْطَانِي، ثُمَّ سَأَلْتُهُ، فَقَالَ : \" يَا حَكِيمُ، إِنَّهَذَا الْمَالَ خَضِرٌ حُلْوٌ، فَمَنْ أَخَذَهُ بِسَخَاوَةِ نَفْسٍ، بُورِكَ لَهُ فِيهِ، وَمَنْ أَخَذَهُ بِإِشْرَافِ نَفْسٍ لَمْ يُبَارَكْ لَهُ فِيهِ، وَكَانَ كَالَّذِي يَأْكُلُ وَلَا يَشْبَعُ \"",
      "english": {
        "narrator": "",
        "text": ""
      },
      "turkish": {
        "narrator": "",
        "text": ""
      }
    },
    {
      "id": 31,
      "idInBook": 31,
      "chapterId": 3,
      "bookId": 9,
      "arabic": "أَخْبَرَنَا عَبْدُ اللَّهِ بْنُ صَالِحٍ  ، حَدَّثَنِي اللَّيْثُ  ، حَدَّثَنِي هِشَامٌ  ، عَنْ عُرْوَةَ  ، عَنْ أَبِي هُرَيْرَةَ  ، قَالَ : سَمِعْتُ رَسُولَ اللَّهِ صَلَّى اللَّهُ عَلَيْهِ وَسَلَّمَ يَقُولُ :\" خَيْرُ الصَّدَقَةِ مَا تُصُدِّقَ بِهِ عَنْ ظَهْرِ غِنًى، وَلْيَبْدَأْ أَحَدُكُمْ بِمَنْ يَعُولُ \"",
      "english": {
        "narrator": "",
        "text": ""
      },
      "turkish": {
        "narrator": "",
        "text": "It seems that there are no hadith texts provided for translation. Please provide the specific hadith texts you would like me to translate into Turkish, and I will be happy to assist you."
      }
    },
    {
      "id": 32,
      "idInBook": 32,
      "chapterId": 3,
      "bookId": 9,
      "arabic": "أَخْبَرَنَا سُلَيْمَانُ بْنُ حَرْبٍ  ، حَدَّثَنَا حَمَّادُ بْنُ زَيْدٍ  ، عَنْ أَيُّوبَ  ، عَنْ نَافِعٍ  ، عَنْ ابْنِ عُمَرَ  ، قَالَ : سَمِعْتُ رَسُولَ اللَّهِ صَلَّى اللَّهُ عَلَيْهِ وَسَلَّمَ يَقُولُ :\" الْيَدُ الْعُلْيَا خَيْرٌ مِنْ الْيَدِ السُّفْلَى، قَالَ : وَالْيَدُ الْعُلْيَا يَدُ الْمُعْطِي، وَالْيَدُ السُّفْلَى يَدُ السَّائِلِ \"",
      "english": {
        "narrator": "",
        "text": ""
      },
      "turkish": {
        "narrator": "",
        "text": ""
      }
    },
    {
      "id": 33,
      "idInBook": 33,
      "chapterId": 3,
      "bookId": 9,
      "arabic": "حَدَّثَنَا أَبُو نُعَيْمٍ  ، حَدَّثَنَا عَمْرُو بْنُ عُثْمَانَ  ، قَالَ : سَمِعْتُ مُوسَى بْنَ طَلْحَةَ  يَذْكُرُ، عَنْ حَكِيمِ بْنِ حِزَامٍ  ، قَالَ : قَالَ رَسُولُ اللَّهِ صَلَّى اللَّهُ عَلَيْهِ وَسَلَّمَ :\" خَيْرُ الصَّدَقَةِ عَنْ ظَهْرِ غِنًى، وَالْيَدُ الْعُلْيَا خَيْرٌ مِنْ الْيَدِ السُّفْلَى، وَابْدَأْ بِمَنْ تَعُولُ \"",
      "english": {
        "narrator": "",
        "text": ""
      },
      "turkish": {
        "narrator": "",
        "text": ""
      }
    },
    {
      "id": 34,
      "idInBook": 34,
      "chapterId": 3,
      "bookId": 9,
      "arabic": "أَخْبَرَنَا أَبُو الْوَلِيدِ الطَّيَالِسِيُّ  ، حَدَّثَنَا شُعْبَةُ  ، قَالَ : سُلَيْمَانُ  أَخْبَرَنِي، قَالَ : سَمِعْتُ أَبَا وَائِلٍ  يُحَدِّثُ، عَنْ عَمْرِو بْنِ الْحَارِثِ  ، عَنْ زَيْنَبَ   امْرَأَةِ عَبْدِ اللَّهِ، أَنَّهَا قَالَتْ : إِنَّ رَسُولَ اللَّهِ صَلَّى اللَّهُ عَلَيْهِ وَسَلَّمَ قَالَ : \" يَا مَعْشَرَ النِّسَاءِ،تَصَدَّقْنَ وَلَوْ مِنْ حُلِيِّكُنَّ \"",
      "english": {
        "narrator": "",
        "text": ""
      },
      "turkish": {
        "narrator": "",
        "text": ""
      }
    },
    {
      "id": 35,
      "idInBook": 35,
      "chapterId": 3,
      "bookId": 9,
      "arabic": "وَكَانَ عَبْدُ اللَّهِ خَفِيفَ ذَاتِ الْيَدِ، فَجِئْتُ إِلَى رَسُولِ اللَّهِ صَلَّى اللَّهُ عَلَيْهِ وَسَلَّمَ أَسْأَلُهُ، فَوَافَقَتْ زَيْنَبَ ، امْرَأَةٌ مِنْ الْأَنْصَارِ، تَسْأَلُ عَمَّا أَسْأَلُ عَنْهُ، فَقُلْتُ لِبِلَالٍ : سَلْ لِي رَسُولَ اللَّهِ صَلَّى اللَّهُ عَلَيْهِ وَسَلَّمَ أَيْنَ أَضَعُ صَدَقَتِي؟ : عَلَى عَبْدِ اللَّهِ، أَوْ فِي قَرَابَتِي؟ فَسَأَلَ النَّبِيَّ صَلَّى اللَّهُ عَلَيْهِ وَسَلَّمَ فَقَالَ : أَيُّ الزَّيَانِبِ؟ فَقَالَ : امْرَأَةُ عَبْدِ اللَّهِ، فَقَالَ :\" لَهَا أَجْرَانِ، أَجْرُ الْقَرَابَةِ، وَأَجْرُ الصَّدَقَةِ \"",
      "english": {
        "narrator": "",
        "text": ""
      },
      "turkish": {
        "narrator": "",
        "text": ""
      }
    },
    {
      "id": 36,
      "idInBook": 36,
      "chapterId": 3,
      "bookId": 9,
      "arabic": "أَخْبَرَنَا الْحَكَمُ بْنُ الْمُبَارَكِ  ، حَدَّثَنَا مَالِكٌ  ، عَنْ إِسْحَاق بْنِ عَبْدِ اللَّهِ بْنِ أَبِي طَلْحَةَ  ، عَنْ أَنَسٍ  ، قَالَ : كَانَ أَبُو طَلْحَةَ أَكْثَرَ أَنْصَارِيٍّ بِالْمَدِينَةِ مَالًا نَخْلًا، وَكَانَتْ أَحَبَّ أَمْوَالِهِ إِلَيْهِ بَيْرُحَاءُ ، وَكَانَتْ مُسْتَقْبِلَةَ الْمَسْجِدِ، وَكَانَ يَعْنِي النَّبِي صَلَّى اللهُ عَلَيْهِ وَسَلَّمَ يَدْخُلُهَا وَيَشْرَبُ مِنْ مَاءٍ فِيهَا طَيِّبٌ.\nفَقَالَ أَنَسٌ : فَلَمَّا أُنْزِلَتْ هَذِهِ الْآيَةُ : # لَنْ تَنَالُوا الْبِرَّ حَتَّى تُنْفِقُوا مِمَّا تُحِبُّونَ وَمَا تُنْفِقُوا مِنْ شَيْءٍ فَإِنَّ اللَّهَ بِهِ عَلِيمٌ سورة آل عمران آية 92 #، قَالَ : إِنَّ أَحَبَّ أَمْوَالِي إِلَيَّ بَيْرُحَاءُ ، وَإِنَّهَا صَدَقَةٌ للَّهِ أَرْجُو بِرَّهَا وَذُخْرَهَا عِنْدَ اللَّهِ، فَضَعْهَا يَا رَسُولَ اللَّهِ حَيْثُ شِئْتَ.\nفَقَالَ رَسُولُ اللَّهِ صَلَّى اللَّهُ عَلَيْهِ وَسَلَّمَ :\" بَخٍ ذَلِكَ مَالٌ رَابِحٌ أَوْ رَائِحٌ، وَقَدْ سَمِعْتُ مَا قُلْتَ فِيهِ، وَإِنِّي أَرَى أَنْ تَجْعَلَهُ فِي الْأَقْرَبِينَ \".\nفَقَالَ أَبُو طَلْحَةَ : أَفْعَلُ يَا رَسُولَ اللَّهِ، فَقَسَّمَهُ أَبُو طَلْحَةَ فِي قَرَابَةِ بَنِي عَمِّهِ",
      "english": {
        "narrator": "",
        "text": ""
      },
      "turkish": {
        "narrator": "",
        "text": ""
      }
    },
    {
      "id": 37,
      "idInBook": 37,
      "chapterId": 3,
      "bookId": 9,
      "arabic": "أَخْبَرَنَا مُحَمَّدُ بْنُ بَشَّارٍ  ، حَدَّثَنَا مُعَاذُ بْنُ هِشَامٍ  ، حَدَّثَنَا أَبِي  ، عَنْ قَتَادَةَ  ، عَنْ الْحَسَنِ  ، عَنْ هَيَّاجِ بْنِ عِمْرَانَ  ، عَنْ عِمْرَانَ بْنِ حُصَيْنٍ  ، قَالَ : \" مَا خَطَبَنَا رَسُولُ اللَّهِ صَلَّى اللَّهُ عَلَيْهِ وَسَلَّمَ إِلَّاأَمَرَنَا فِيهَا بِالصَّدَقَةِ، وَنَهَانَا عَنْ الْمُثْلَةِ \"",
      "english": {
        "narrator": "",
        "text": ""
      },
      "turkish": {
        "narrator": "",
        "text": ""
      }
    },
    {
      "id": 38,
      "idInBook": 38,
      "chapterId": 3,
      "bookId": 9,
      "arabic": "أَخْبَرَنَا أَبُو الْوَلِيدِ الطَّيَالِسِيُّ  ، حَدَّثَنَا شُعْبَةُ  ، أَخْبَرَنِي عَمْرُو بْنُ مُرَّةَ  ، قَالَ : سَمِعْتُ خَيْثَمَةَ  ، عَنْ عَدِيِّ بْنِ حَاتِمٍ  ، عَنْ النَّبِيِّ صَلَّى اللَّهُ عَلَيْهِ وَسَلَّمَ، ، قَالَ :\" اتَّقُوا النَّارَ وَلَوْ بِشِقِّ تَمْرَةٍ، فَإِنْ لَمْ تَجِدُوا، فَبِكَلِمَةٍ طَيِّبَةٍ \"",
      "english": {
        "narrator": "",
        "text": ""
      },
      "turkish": {
        "narrator": "",
        "text": ""
      }
    },
    {
      "id": 39,
      "idInBook": 39,
      "chapterId": 3,
      "bookId": 9,
      "arabic": "أَخْبَرَنَا عَبْدُ الرَّحْمَنِ بْنُ إِبْرَاهِيمَ الدِّمَشْقِيُّ دُحَيْمٌ  ، حَدَّثَنَا سَعِيدُ بْنُ مَسْلَمَةَ  ، عَنْ إِسْمَاعِيل بْنِ أُمَيَّةَ  ، عَنْ الزُّهْرِيِّ  ، عَنْ عَبْدِ الرَّحْمَنِ بْنِ أَبِي لُبَابَةَ  ، أَنَّ أَبَا لُبَابَةَ   أَخْبَرَهُ، أَنَّهُ لَمَّا رَضِيَ عَنْهُ رَسُولُ اللَّهِ صَلَّى اللَّهُ عَلَيْهِ وَسَلَّمَ، قَالَ : يَا رَسُولَ اللَّهِ، إِنَّ مِنْ تَوْبَتِي أَنْ أَهْجُرَ دَارَ قَوْمِي، وَأُسَاكِنَكَ، وَأَنْخَلِعَ مِنْ مَالِي صَدَقَةً لِلَّهِ وَلِرَسُولِهِ.\nفَقَالَ رَسُولُ اللَّهِ صَلَّى اللَّهُ عَلَيْهِ وَسَلَّمَ :\" يُجْزِي عَنْكَ الثُّلُثُ \"",
      "english": {
        "narrator": "",
        "text": ""
      },
      "turkish": {
        "narrator": "",
        "text": ""
      }
    },
    {
      "id": 40,
      "idInBook": 40,
      "chapterId": 3,
      "bookId": 9,
      "arabic": "أَخْبَرَنَا يَعْلَى  ، وَأَحْمَدُ بْنُ خَالِدٍ  ، عَنْ مُحَمَّدِ بْنِ إِسْحَاق  ، عَنْ عَاصِمِ بْنِ عُمَرَ بْنِ قَتَادَةَ  ، عَنْ مَحْمُودِ بْنِ لَبِيدٍ  ، عَنْ جَابِرِ بْنِ عَبْدِ اللَّهِ  ، قَالَ : بَيْنَا نَحْنُ عِنْدَ رَسُولِ اللَّهِ صَلَّى اللَّهُ عَلَيْهِ وَسَلَّمَ، إِذْ جَاءَ رَجُلٌ بِمِثْلِ الْبَيْضَةِ مِنْ ذَهَبٍ أَصَابَهَا فِي بَعْضِ الْمَغَازِي، قَالَ أَحْمَدُ : فِي بَعْضِ الْمَعَادِنِ، وَهُوَ الصَّوَابُ ، فَقَالَ : يَا رَسُولَ اللَّهِ، خُذْهَا مِنِّي صَدَقَةً، فَوَاللَّهِ مَا لِي مَالٌ غَيْرَهَا، فَأَعْرَضَ عَنْهُ، ثُمَّ جَاءَهُ عَنْ رُكْنِهِ الْأَيْسَرِ، فَقَالَ مِثْلَ ذَلِكَ، ثُمَّ جَاءَهُ مِنْ بَيْنِ يَدَيْهِ، فَقَالَ مِثْلَ ذَلِكَ، ثُمَّ قَالَ : \" هَاتِهَا \"، مُغْضَبًا، فَحَذَفَهُ بِهَا حَذْفَةً لَوْ أَصَابَهُ لَأَوْجَعَهُ أَوْ عَقَرَهُ ثُمَّ، قَالَ :\" يَعْمِدُ أَحَدُكُمْ إِلَى مَالِهِ لَا يَمْلِكُ غَيْرَهُ فَيَتَصَدَّقُ بِهِ، ثُمَّ يَقْعُدُ يَتَكَفَّفُ النَّاسَ، إِنَّمَا الصَّدَقَةُ عَنْ ظَهْرِ غِنًى، خُذْ الَّذِي لَكَ لَا حَاجَةَ لَنَا بِهِ \".\nفَأَخَذَ الرَّجُلُ مَالَهُ وَذَهَبَ.\n قَالَ أَبُو مُحَمَّد : كَانَ مَالِكٌ يَقُولُ : إِذَا جَعَلَ الرَّجُلُ مَالَهُ فِي الْمَسَاكِينِ يَتَصَدَّقُ بِثُلُثِ مَالِهِ",
      "english": {
        "narrator": "",
        "text": ""
      },
      "turkish": {
        "narrator": "",
        "text": ""
      }
    },
    {
      "id": 41,
      "idInBook": 41,
      "chapterId": 3,
      "bookId": 9,
      "arabic": "أَخْبَرَنَا أَبُو نُعَيْمٍ  ، حَدَّثَنَا هِشَامُ بْنُ سَعْدٍ  ، عَنْ زَيْدِ بْنِ أَسْلَمَ  ، عَنْ أَبِيهِ  ، قَالَ سَمِعْتُ عُمَرَ  ، قَالَ : أَمَرَنَا رَسُولُ اللَّهِ صَلَّى اللَّهُ عَلَيْهِ وَسَلَّمَ أَنْنَتَصَدَّقَ، فَوَافَقَ ذَلِكَ مَالًا عِنْدِي، فَقُلْتُ : الْيَوْمَ أَسْبِقُ أَبَا بَكْرٍ إِنْ سَبَقْتُهُ يَوْمًا.\nقَالَ : فَجِئْتُ بِنِصْفِ مَالِي، فَقَالَ رَسُولُ اللَّهِ صَلَّى اللَّهُ عَلَيْهِ وَسَلَّمَ : \" مَا أَبْقَيْتَ لِأَهْلِكَ؟ \" قُلْتُ : مِثْلَهُ، قَالَ : فَأَتَى أَبُو بَكْرٍ بِكُلِّ مَا عِنْدَهُ، فَقَالَ : \" يَا أَبَا بَكْرٍ، مَا أَبْقَيْتَ لِأَهْلِكَ؟ \".\nفَقَالَ : أَبْقَيْتُ لَهُمْ اللَّهَ وَرَسُولَهُ.\nفَقُلْتُ : لَا أُسَابِقُكَ إِلَى شَيْءٍ أَبَدًا",
      "english": {
        "narrator": "",
        "text": ""
      },
      "turkish": {
        "narrator": "",
        "text": ""
      }
    },
    {
      "id": 42,
      "idInBook": 42,
      "chapterId": 3,
      "bookId": 9,
      "arabic": "أَخْبَرَنَا خَالِدُ بْنُ مَخْلَدٍ  ، حَدَّثَنَا مَالِكٌ  ، عَنْ نَافِعٍ  ، عَنْ عَبْدِ اللَّهِ بْنِ عُمَرَ  ، قَالَ :\" فَرَضَ رَسُولُ اللَّهِ صَلَّى اللَّهُ عَلَيْهِ وَسَلَّمَ زَكَاةَ الْفِطْرِ مِنْ رَمَضَانَ صَاعًا مِنْ تَمْرٍ أَوْ صَاعًا، مِنْ شَعِيرٍ عَلَى كُلِّ حُرٍّ وَعَبْدٍ، ذَكَرٍ أَوْ أُنْثَى، مِنْ الْمُسْلِمِينَ \".\nقِيلَ لِأَبِي مُحَمَّدٍ : تَقُولُ بِهِ؟ قَالَ : مَالِكٌ كَانَ يَقُولُ بِهِ",
      "english": {
        "narrator": "",
        "text": ""
      },
      "turkish": {
        "narrator": "",
        "text": ""
      }
    },
    {
      "id": 43,
      "idInBook": 43,
      "chapterId": 3,
      "bookId": 9,
      "arabic": "أَخْبَرَنَا مُحَمَّدُ بْنُ يُوسُفَ  ، عَنْ سُفْيَانَ  ، عَنْ عُبَيْدِ اللَّهِ  ، عَنْ نَافِعٍ  ، عَنْ ابْنِ عُمَرَ  ، قَالَ : \" أَمَرَ رَسُولُ اللَّهِ صَلَّى اللَّهُ عَلَيْهِ وَسَلَّمَبِزَكَاةِ الْفِطْرِ عَنْ كُلِّ صَغِيرٍ وَكَبِيرٍ، حُرٍّ وَعَبْدٍ، صَاعًا مِنْ شَعِيرٍ، أَوْ صَاعًا مِنْ تَمْرٍ \".\nقَالَ ابْنُ عُمَرَ : فَعَدَلَهُ النَّاسُ بِمُدَّيْنِ مِنْ بُرٍّ",
      "english": {
        "narrator": "",
        "text": ""
      },
      "turkish": {
        "narrator": "",
        "text": ""
      }
    },
    {
      "id": 44,
      "idInBook": 44,
      "chapterId": 3,
      "bookId": 9,
      "arabic": "حَدَّثَنَا عُثْمَانُ بْنُ عُمَرَ  ، حَدَّثَنَا دَاوُدُ بْنُ قَيْسٍ  ، عَنْ عِيَاضِ بْنِ عَبْدِ اللَّهِ  ،  عَنْ أَبِي سَعِيدٍ الْخُدْرِيِّ  ، قَالَ : \" كُنَّانُخْرِجُ زَكَاةَ الْفِطْرِ إِذْ كَانَ فِينَا رَسُولُ اللَّهِ صَلَّى اللَّهُ عَلَيْهِ وَسَلَّمَ عَنْ كُلِّ صَغِيرٍ وَكَبِيرٍ، حُرٍّ وَمَمْلُوكٍ، صَاعًا مِنْ طَعَامٍ، أَوْ صَاعًا مِنْ تَمْرٍ، أَوْ صَاعًا مِنْ شَعِيرٍ، أَوْ صَاعًا مِنْ أَقِطٍ، أَوْ صَاعًا مِنْ زَبِيبٍ، فَلَمْ يَزَلْ ذَلِكَ كَذَلِكَ حَتَّى قَدِمَ عَلَيْنَا مُعَاوِيَةُ الْمَدِينَةَ حَاجًّا، أَوْ مُعْتَمِرًا، فَقَالَ : إِنِّي أَرَى مُدَّيْنِ مِنْ سَمْرَاءِ الشَّامِ يَعْدِلُ صَاعًا مِنْ التَّمْرِ، فَأَخَذَ النَّاسُ بِذَلِكَ \".\nقَالَ أَبُو سَعِيدٍ : أَمَّا أَنَا، فَلَا أَزَالُ أُخْرِجُهُ كَمَا كُنْتُ أُخْرِجُهُ.\nقَالَ أَبُو مُحَمَّد : أَرَى صَاعًا مِنْ كُلِّ شَيْءٍ",
      "english": {
        "narrator": "",
        "text": ""
      },
      "turkish": {
        "narrator": "",
        "text": ""
      }
    },
    {
      "id": 45,
      "idInBook": 45,
      "chapterId": 3,
      "bookId": 9,
      "arabic": "حَدَّثَنَا خَالِدُ بْنُ مَخْلَدٍ  ، حَدَّثَنَا مَالِكٌ  ، عَنْ زَيْدِ بْنِ أَسْلَمَ  ، عَنْ عِيَاضِ بْنِ عَبْدِ اللَّهِ بْنِ سَعْدِ بْنِ أَبِي سَرْحٍ  ، عَنْ أَبِي سَعِيدٍ الْخُدْرِيِّ  ، قَالَ : \" كُنَّانُخْرِجُ زَكَاةَ الْفِطْرِ مِنْ رَمَضَانَ صَاعًا مِنْ طَعَامٍ، أَوْ صَاعًا مِنْ تَمْرٍ، أَوْ صَاعًا مِنْ شَعِيرٍ، أَوْ صَاعًا مِنْ زَبِيبٍ، أَوْ صَاعًا مِنْ أَقِطٍ \".\nأَخْبَرَنَا عُبَيْدُ اللَّهِ بْنُ مُوسَى  ، عَنْ سُفْيَانَ  ، عَنْ زَيْدِ بْنِ أَسْلَمَ  ، عَنْ عِيَاضِ بْنِ عَبْدِ اللَّهِ  ، عَنْ أَبِي سَعِيدٍ  ، قَالَ : كُنَّا نُعْطِي عَلَى عَهْدِ النَّبِيِّ صَلَّى اللَّهُ عَلَيْهِ وَسَلَّمَ، فَذَكَرَ نَحْوَهُ",
      "english": {
        "narrator": "",
        "text": ""
      },
      "turkish": {
        "narrator": "",
        "text": ""
      }
    },
    {
      "id": 46,
      "idInBook": 46,
      "chapterId": 3,
      "bookId": 9,
      "arabic": "أَخْبَرَنَا أَحْمَدُ بْنُ خَالِدٍ  ، حَدَّثَنَا مُحَمَّدُ بْنُ إِسْحَاق  ، عَنْ يَزِيدَ بْنِ أَبِي حَبِيبٍ  ، عَنْ عَبْدِ الرَّحْمَنِ بْنِ شِمَاسَةَ  ، قَالَ : سَمِعْتُ عُقْبَةَ بْنَ عَامِرٍ   يَقُولُ : سَمِعْتُ رَسُولَ اللَّهِ صَلَّى اللَّهُ عَلَيْهِ وَسَلَّمَ يَقُولُ :\" لَا يَدْخُلُ الْجَنَّةَ صَاحِبُ مَكْسٍ \".\nقَالَ : قَالَ أَبُو مُحَمَّد : يَعْنِي : عَشَّارًا",
      "english": {
        "narrator": "",
        "text": ""
      },
      "turkish": {
        "narrator": "",
        "text": "It seems that there are no hadith texts provided for translation. Please provide the English hadith texts you would like to have translated into Turkish, and I will be happy to assist you."
      }
    },
    {
      "id": 47,
      "idInBook": 47,
      "chapterId": 3,
      "bookId": 9,
      "arabic": "أَخْبَرَنَا عَاصِمُ بْنُ يُوسُفَ  ، حَدَّثَنَا أَبُو بَكْرٍ  ، عَنْ عَاصِمٍ  ، عَنْ أَبِي وَائِلٍ  ، عَنْ مَسْرُوقٍ  ، عَنْ مُعَاذٍ  ، قَالَ : \" بَعَثَنِي رَسُولُ اللَّهِ صَلَّى اللَّهُ عَلَيْهِ وَسَلَّمَ إِلَى الْيَمَنِ ،فَأَمَرَنِي أَنْ آخُذَ مِنْ الثِّمَارِ مَا يُسْقَى بَعْلًا الْعُشْرَ، وَمَا سُقِيَ بِالسَّانِيَةِ، فَنِصْفَ الْعُشْرِ \"",
      "english": {
        "narrator": "",
        "text": ""
      },
      "turkish": {
        "narrator": "",
        "text": ""
      }
    },
    {
      "id": 48,
      "idInBook": 48,
      "chapterId": 3,
      "bookId": 9,
      "arabic": "أَخْبَرَنَا خَالِدُ بْنُ مَخْلَدٍ  ، حَدَّثَنَا مَالِكٌ  ، عَنْ ابْنِ شِهَابٍ  ، عَنْ سَعِيدِ بْنِ الْمُسَيِّبِ  ، وَأَبِي سَلَمَةَ  ، عَنْ أَبِي هُرَيْرَةَ  ، عَنْ النَّبِيِّ صَلَّى اللَّهُ عَلَيْهِ وَسَلَّمَ، قَالَ :\" جُرْحُ الْعَجْمَاءِ جُبَارٌ، وَالْبِئْرُ جُبَارٌ، وَالْمَعْدِنُ جُبَارٌ، وَفِي الرِّكَازِ الْخُمُسُ \"",
      "english": {
        "narrator": "",
        "text": ""
      },
      "turkish": {
        "narrator": "",
        "text": ""
      }
    },
    {
      "id": 49,
      "idInBook": 49,
      "chapterId": 3,
      "bookId": 9,
      "arabic": "أَخْبَرَنَا أَبُو الْيَمَانِ الْحَكَمُ بْنُ نَافِعٍ  ، أَخْبَرَنَا شُعَيْبٌ  ، عَنْ الزُّهْرِيِّ  ، حَدَّثَنِي عُرْوَةُ بْنُ الزُّبَيْرِ  ، عَنْ أَبِي حُمَيْدٍ الْأَنْصَارِيِّ ثُمَّ السَّاعِدِيّ   أَنَّهُ أَخْبَرَهُ أَنَّ النَّبِيَّ صَلَّى اللَّهُ عَلَيْهِ وَسَلَّمَ اسْتَعْمَلَ عَامِلًا عَلَى الصَّدَقَةِ، فَجَاءَهُ الْعَامِلُ حِينَ فَرَغَ مِنْ عَمَلِهِ، فَقَالَ : يَا رَسُولَ اللَّهِ، هَذَا الَّذِي لَكُمْ، وَهَذَا أُهْدِيَ لِي.\nفَقَالَ النَّبِيُّ صَلَّى اللَّهُ عَلَيْهِ وَسَلَّمَ : \" فَهَلَّا قَعَدْتَ فِي بَيْتِ أَبِيكَ وَأُمِّكَ، فَنَظَرْتَ أَيُهْدَى لَكَ أَمْ لَا؟ ثُمَّ قَامَ النَّبِيُّ صَلَّى اللَّهُ عَلَيْهِ وَسَلَّمَ عَشِيَّةً بَعْدَ الصَّلَاةِ عَلَى الْمِنْبَرِ، فَتَشَهَّدَ وَأَثْنَى عَلَى اللَّهِ بِمَا هُوَ أَهْلُهُ، ثُمَّ قَالَ : \" أَمَّا بَعْدُمَا بَالُ الْعَامِلِ نَسْتَعْمِلُهُ فَيَأْتِينَا فَيَقُولُ : هَذَا مِنْ عَمَلِكُمْ وَهَذَا أُهْدِيَ لِي؟ ! فَهَلَّا قَعَدَ فِي بَيْتِ أَبِيهِ وَأُمِّهِ فَيَنْظُرَ هَلْ يُهْدَى لَهُ أَمْ لَا؟ وَالَّذِي نَفْسُ مُحَمَّدٍ بِيَدِهِ، لَا يَغُلُّ أَحَدُكُمْ مِنْهَا شَيْئًا، إِلَّا جَاءَ يَوْمَ الْقِيَامَةِ يَحْمِلُهُ عَلَى عُنُقِهِ : إِنْ كَانَ بَعِيرًا، جَاءَ بِهِ لَهُ رُغَاءٌ، وَإِنْ كَانَتْ بَقَرَةً، جَاءَ بِهَا لَهَا خُوَارٌ، وَإِنْ كَانَتْ شَاةً، جَاءَ بِهَا تَيْعَرُ، فَقَدْ بَلَّغْتُ \".\nقَالَ أَبُو حُمَيْدٍ : ثُمَّ رَفَعَ رَسُولُ اللَّهِ صَلَّى اللَّهُ عَلَيْهِ وَسَلَّمَ يَدَيْهِ حَتَّى إِنَّا لَنَنْظُرُ إِلَى عُفْرَةِ إِبْطَيْهِ.\nقَالَ أَبُو حُمَيْدٍ : وَقَدْ سَمِعَ ذَلِكَ مَعِي مِنْ النَّبِيِّ صَلَّى اللَّهُ عَلَيْهِ وَسَلَّمَ زَيْدُ بْنُ ثَابِتٍ ، فَسَلُوهُ",
      "english": {
        "narrator": "",
        "text": ""
      },
      "turkish": {
        "narrator": "",
        "text": ""
      }
    },
    {
      "id": 50,
      "idInBook": 50,
      "chapterId": 3,
      "bookId": 9,
      "arabic": "أَخْبَرَنَا عَمْرُو بْنُ عَوْنٍ  ، أَخْبَرَنَا هُشَيْمٌ  ، عَنْ دَاوُدَ  ، وَمُجَالِدٍ  ، عَنْ الشَّعْبِيِّ  ، عَنْ جَرِيرٍ  ، قَالَ : قَالَ رَسُولُ اللَّهِ صَلَّى اللَّهُ عَلَيْهِ وَسَلَّمَ :\" إِذَا جَاءَكُمْ الْمُصَدِّقُ، فَلَا يَصْدُرَنَّ عَنْكُمْ إِلَّا وَهُوَ رَاضٍ \".\n حَدَّثَنِي مُحَمَّدُ بْنُ عُيَيْنَةَ  ، عَنْ أَبِي إِسْحَاق الْفَزَارِيِّ  ، عَنْ دَاوُدَ بْنِ أَبِي هِنْدٍ  ، عَنْ عَامِرٍ  ، عَنْ جَرِيرٍ  ، عَنْ النَّبِيِّ صَلَّى اللَّهُ عَلَيْهِ وَسَلَّمَ نَحْوَهُ",
      "english": {
        "narrator": "",
        "text": ""
      },
      "turkish": {
        "narrator": "",
        "text": ""
      }
    },
    {
      "id": 51,
      "idInBook": 51,
      "chapterId": 3,
      "bookId": 9,
      "arabic": "أَخْبَرَنَا الْحَكَمُ بْنُ الْمُبَارَكِ  ، أَخْبَرَنَا مَالِكٌ  ، عَنْ زَيْدِ بْنِ أَسْلَمَ  ، عَنْ عَمْرِو بْنِ مُعَاذٍ الْأَشْهَلِيِّ  ، عَنْ جَدَّتِهِ يُقَالُ لَهَا حَوَّاءُ  ، قَالَتْ : قَالَ رَسُولُ اللَّهِ يَا صَلَّى اللَّهُ عَلَيْهِ وَسَلَّمَ : \" يَا نِسَاءَ الْمُسْلِمَاتِ،لَا تَحْقِرَنَّ إِحْدَاكُنَّ لِجَارَتِهَا، وَلَوْ كُرَاعُ شَاةٍ مُحَرَّقٌ \"",
      "english": {
        "narrator": "",
        "text": ""
      },
      "turkish": {
        "narrator": "",
        "text": ""
      }
    },
    {
      "id": 52,
      "idInBook": 52,
      "chapterId": 3,
      "bookId": 9,
      "arabic": "أَخْبَرَنَا أَبُو نُعَيْمٍ  ، حَدَّثَنَا أَبَانُ بْنُ عَبْدِ اللَّهِ الْبَجَلِيُّ  ، حَدَّثَنَا عُثْمَانُ بْنُ أَبِي حَازِمٍ  ،  عَنْ صَخْرِ بْنِ الْعَيْلَةِ  ، قَالَ : أُخِذَتْ عَمَّةُ الْمُغِيرَةِ بْنِ شُعْبَةَ، فَقَدِمَتْ عَلَى رَسُولِ اللَّهِ صَلَّى اللَّهُ عَلَيْهِ وَسَلَّمَ، فَسَأَلَ النَّبِيَّ صَلَّى اللَّهُ عَلَيْهِ وَسَلَّمَ عَمَّتَهُ، فَقَالَ : \" يَا صَخْرُ، إِنَّالْقَوْمَ إِذَا أَسْلَمُوا، أَحْرَزُوا أَمْوَالَهُمْ وَدِمَاءَهُمْ، فَادْفَعْهَا إِلَيْهِمْ \".\nوَكَانَ مَاءٌ لِبَنِي سُلَيْمٍ، فَأَسْلَمُوا، فَسَأَلُوهُ ذَلِكَ فَدَعَانِي، فَقَالَ : \" يَا صَخْرُ، إِنَّ الْقَوْمَ إِذَا أَسْلَمُوا، أَحْرَزُوا أَمْوَالَهُمْ وَدِمَاءَهُمْ، فَادْفَعْهَا إِلَيْهِمْ \" فَدَفَعْتُهَا.\n أَخْبَرَنَا مُحَمَّدُ بْنُ يُوسُفَ  ، حَدَّثَنَا أَبَانُ بْنُ عَبْدِ اللَّهِ  ، حَدَّثَنِي عُثْمَانُ بْنُ أَبِي حَازِمٍ  ، عَنْ أَبِيهِ  ، عَنْ جَدِّهِ صَخْرٍ  ، أَطْوَلَ مِنْ حَدِيثِ أَبِي نُعَيْمٍ",
      "english": {
        "narrator": "",
        "text": ""
      },
      "turkish": {
        "narrator": "",
        "text": ""
      }
    },
    {
      "id": 53,
      "idInBook": 53,
      "chapterId": 3,
      "bookId": 9,
      "arabic": "أَخْبَرَنَا سَعِيدُ بْنُ الْمُغِيرَةِ  ، عَنْ عِيسَى بْنِ يُونُسَ  ، عَنْ يَحْيَى بْنِ سَعِيدٍ  ، عَنْ سَعِيدِ بْنِ يَسَارٍ  ، عَنْ أَبِي هُرَيْرَةَ  ، قَالَ : قَالَ رَسُولُ اللَّهِ صَلَّى اللَّهُ عَلَيْهِ وَسَلَّمَ :\" مَا تَصَدَّقَ امْرُؤٌ بِصَدَقَةٍ مِنْ كَسْبٍ طَيِّبٍ، وَلَا يَقْبَلُ اللَّهُ إِلَّا طَيِّبًا، إِلَّا وَضَعَهَا حِينَ يَضَعُهَا فِي كَفِّ الرَّحْمَنِ، وَإِنَّ اللَّهَ لَيُرَبِّي لِأَحَدِكُمْ التَّمْرَةَ كَمَا يُرَبِّي أَحَدُكُمْ فَلُوَّهُ أَوْ فَصِيلَهُ حَتَّى تَكُونَ مِثْلَ أُحُدٍ \"",
      "english": {
        "narrator": "",
        "text": ""
      },
      "turkish": {
        "narrator": "",
        "text": ""
      }
    },
    {
      "id": 54,
      "idInBook": 54,
      "chapterId": 3,
      "bookId": 9,
      "arabic": "حَدَّثَنَا أَبُو الرَّبِيعِ الزَّهْرَانِيُّ  ، حَدَّثَنَا إِسْمَاعِيل بْنُ جَعْفَرٍ  ، عَنْ الْعَلَاءِ  ، عَنْ أَبِيهِ  ،  عَنْ أَبِي هُرَيْرَةَ  ، أَنَّ رَسُولَ اللَّهِ صَلَّى اللَّهُ عَلَيْهِ وَسَلَّمَ قَالَ :\" مَا نَقَصَتْ صَدَقَةٌ مِنْ مَالٍ، وَمَا زَادَ اللَّهُ عَبْدًا بِعَفْوٍ إِلَّا عِزًّا، وَمَا تَوَاضَعَ أَحَدٌ لِلَّهِ، إِلَّا رَفَعَهُ اللَّهُ \"",
      "english": {
        "narrator": "",
        "text": ""
      },
      "turkish": {
        "narrator": "",
        "text": ""
      }
    },
    {
      "id": 55,
      "idInBook": 55,
      "chapterId": 3,
      "bookId": 9,
      "arabic": "أَخْبَرَنَا النَّضْرُ بْنُ شُمَيْلٍ  ، حَدَّثَنَا بَهْزُ بْنُ حَكِيمٍ  ، عَنْ أَبِيهِ  ، عَنْ جَدَّهِ  ، قَالَ : سَمِعْتُ رَسُولَ اللَّهِ صَلَّى اللَّهُ عَلَيْهِ وَسَلَّمَ يَقُولُ :\" فِي كُلِّ إِبِلٍ سَائِمَةٍ فِي كُلِّ أَرْبَعِينَ بِنْتُ لَبُونٍ، لَا تُفَرَّقُ إِبِلٌ عَنْ حِسَابِهَا، مَنْ أَعْطَاهَا مُؤْتَجِرًا بِهَا، فَلَهُ أَجْرُهَا، وَمَنْ مَنَعَهَا، فَإِنَّا آخِذُوهَا وَشَطْرَ مَالِهِ عَزْمَةٌ مِنْ عَزَمَاتِ اللَّهِ، لَا يَحِلُّ لِآلِ مُحَمَّدٍ مِنْهَا شَيْءٌ \"",
      "english": {
        "narrator": "",
        "text": ""
      },
      "turkish": {
        "narrator": "",
        "text": ""
      }
    },
    {
      "id": 56,
      "idInBook": 56,
      "chapterId": 3,
      "bookId": 9,
      "arabic": "حَدَّثَنَا مُسَدَّدٌ  ، وَأَبُو نُعَيْمٍ  ، قَالَا : حَدَّثَنَا حَمَّادُ بْنُ زَيْدٍ  ، عَنْ هَارُونَ بْنِ رِئَابٍ  ، حَدَّثَنِي كِنَانَةُ بْنُ نُعَيْمٍ  ، عَنْ قَبِيصَةَ بْنِ مُخَارِقٍ الْهِلَالِيِّ  ، قَالَ : تَحَمَّلْتُ بِحَمَالَةٍ فَأَتَيْتُ النَّبِيَّ صَلَّى اللَّهُ عَلَيْهِ وَسَلَّمَ أَسْأَلُهُ فِيهَا، فَقَالَ : \" أَقِمْ يَا قَبِيصَةُ حَتَّى تَأْتِيَنَا الصَّدَقَةُ، فَنَأْمُرَ لَكَ بِهَا \"، ثُمَّ قَالَ : \" يَا قَبِيصَةُ إِنَّالْمَسْأَلَةَ لَا تَحِلُّ إِلَّا لِأَحَدِ ثَلَاثَةٍ : رَجُلٍ تَحَمَّلَ حَمَالَةً فَحَلَّتْ لَهُ الْمَسْأَلَةُ، فَسَأَلَ حَتَّى يُصِيبَهَا، ثُمَّ يُمْسِكَ.\n وَرَجُلٍ أَصَابَتْهُ جَائِحَةٌ فَاجْتَاحَتْ مَالَهُ، فَحَلَّتْ لَهُ الْمَسْأَلَةُ، فَسَأَلَ حَتَّى يُصِيبَ قِوَامًا مِنْ عَيْشٍ أَوْ قَالَ : سِدَادًا مِنْ عَيْشٍ .\nوَرَجُلٍ أَصَابَتْهُ فَاقَةٌ حَتَّى يَقُولَ ثَلَاثَةٌ مِنْ ذَوِي الْحِجَى مِنْ قَوْمِهِ : قَدْ أَصَابَ فُلَانًا الْفَاقَةُ، فَحَلَّتْ لَهُ الْمَسْأَلَةُ، فَسَأَلَ حَتَّى يُصِيبَ قِوَامًا مِنْ عَيْشٍ، أَوْ سِدَادًا مِنْ عَيْشٍ، ثُمَّ يُمْسِكَ، وَمَا سِوَاهُنَّ مِنْ الْمَسْأَلَةِ سُحْتٌ يَا قَبِيصَةُ يَأْكُلُهَا صَاحِبُهَا سُحْتًا \"",
      "english": {
        "narrator": "",
        "text": ""
      },
      "turkish": {
        "narrator": "",
        "text": ""
      }
    },
    {
      "id": 57,
      "idInBook": 57,
      "chapterId": 3,
      "bookId": 9,
      "arabic": "حَدَّثَنَا سَعِيدُ بْنُ سُلَيْمَانَ  ، عَنْ عَبَّادِ بْنِ الْعَوَّامِ  ، عَنْ سُفْيَانَ بْنِ حُسَيْنٍ  ، عَنْ الزُّهْرِيِّ  ، عَنْ أَيُّوبَ بْنِ بَشِيرٍ  ، عَنْ حَكِيمِ بْنِ حِزَامٍ  ، أَنَّ رَجُلًا سَأَلَ النَّبِيَّ صَلَّى اللَّهُ عَلَيْهِ وَسَلَّمَ عَنْ الصَّدَقَاتِ أَيُّهَا أَفْضَلُ؟ قَالَ :\" عَلَى ذِي الرَّحِمِ الْكَاشِحِ \"",
      "english": {
        "narrator": "",
        "text": ""
      },
      "turkish": {
        "narrator": "",
        "text": ""
      }
    },
    {
      "id": 58,
      "idInBook": 58,
      "chapterId": 3,
      "bookId": 9,
      "arabic": "أَخْبَرَنَا أَبُو حَاتِمٍ الْبَصْرِيُّ  ، حَدَّثَنَا ابْنُ عَوْنٍ  ، عَنْ حَفْصَةَ بِنْتِ سِيرِينَ  ، عَنْ أُمِّ الرَّائِحِ بِنْتِ صُلَيْعٍ  ، عَنْ سَلْمَانَ بْنِ عَامِرٍ الضَّبِّيِّ  ، ذَكَرَ أَنّ النَّبِيَّ صَلَّى اللَّهُ عَلَيْهِ وَسَلَّمَ، قَالَ : \" إِنَّالصَّدَقَةَ عَلَى الْمِسْكِينِ صَدَقَةٌ، وَإِنَّهَا عَلَى ذِي الرَّحِمِ اثْنَتَانِ، صَدَقَةٌ وَصِلَةٌ \"",
      "english": {
        "narrator": "",
        "text": ""
      },
      "turkish": {
        "narrator": "",
        "text": ""
      }
    },
    {
      "id": 59,
      "idInBook": 59,
      "chapterId": 3,
      "bookId": 9,
      "arabic": "أَخْبَرَنَا مُحَمَّدُ بْنُ يُوسُفَ  ، عَنْ ابْنِ عُيَيْنَةَ  ، قَالَ : وَقَدْ سَمِعْتُهُ مِنَ الثَّوْرِيِّ  ، عَنْ عَاصِمٍ  ، عَنْ حَفْصَةَ بِنْتِ سِيرِينَ  ، عَنْ الرَّبَابِ  ، عَنْ سَلْمَانَ بْنِ عَامِرٍ الضَّبِّيِّ   يَرْفَعُهُ، قَالَ :\" الصَّدَقَةُ عَلَى الْمِسْكِينِ صَدَقَةٌ، وَهِيَ عَلَى ذِي الرَّحِمِ اثْنَتَانِ : صَدَقَةٌ وَصِلَةٌ \"",
      "english": {
        "narrator": "",
        "text": ""
      },
      "turkish": {
        "narrator": "",
        "text": ""
      }
    }
  ],
  "chapter": {
    "id": 3,
    "bookId": 9,
    "arabic": "مِنْ كِتَابِ الزَّكَاةِ",
    "english": ""
  }
}