{"metadata":{"length":98,"arabic":{"title":"سنن الدارمي","author":"الإمام أبو محمد عبد الرحمن بن عبد الله بن الدارمي","introduction":"وَمِنْ كِتَابِ الصَّوْمِ"},"english":{"title":"Sunan al-Darimi","author":"Imam Abu Muhammad Abd al-Rahman ibn Abd Allah ibn al-Darimi","introduction":""}},"hadiths":[{"id":1,"idInBook":1,"chapterId":4,"bookId":9,"arabic":"أَخْبَرَنَا عَبْدُ اللَّهِ بْنُ سَعِيدٍ  ، حَدَّثَنَا أَبُو خَالِدٍ الْأَحْمَرُ  ، عَنْ عَمْرِو بْنِ قَيْسٍ  ، عَنْ أَبِي إِسْحَاق  ، عَنْ صِلَةَ  ، قَالَ : كُنَّا عِنْدَ عَمَّارِ بْنِ يَاسِرٍ، فَأُتِيَ بِشَاةٍ مَصْلِيَّةٍ، فَقَالَ : كُلُوا، فَتَنَحَّى بَعْضُ الْقَوْمِ، فَقَالَ : إِنِّي صَائِمٌ.\n فَقَالَ عَمَّارُ بْنُ يَاسِرٍ   :\" مَنْ صَامَ الْيَوْمَ الَّذِي يُشَكُّ فِيهِ، فَقَدْ عَصَى أَبَا الْقَاسِمِ صَلَّى اللَّهُ عَلَيْهِ وَسَلَّمَ \"","english":{"narrator":"","text":""}},{"id":2,"idInBook":2,"chapterId":4,"bookId":9,"arabic":"حَدَّثَنَا عَبْدُ اللَّهِ بْنُ سَعِيدٍ  ، حَدَّثَنَا إِسْمَاعِيل بْنُ عُلَيَّةَ  ، حَدَّثَنَا حَاتِمُ بْنُ أَبِي صَغِيرَةَ  ، عَنْ سِمَاكِ بْنِ حَرْبٍ  ، قَالَ : أَصْبَحْتُ فِي يَوْمٍ قَدْ أُشْكِلَ عَلَيَّ مِنْ شَعْبَانَ، أَوْ مِنْ شَهْرِ رَمَضَانَ، فَأَصْبَحْتُ صَائِمًا، فَأَتَيْتُ عِكْرِمَةَ  ، فَإِذَا هُوَ يَأْكُلُ خُبْزًا وَبَقْلًا، فَقَالَ : هَلُمَّ إِلَى الْغَدَاءِ.\nفَقُلْتُ : إِنِّي صَائِمٌ.\nفَقَالَ : أُقْسِمُ بِاللَّهِ لَتُفْطِرَنَّ.\nفَلَمَّا رَأَيْتُهُ حَلَفَ وَلَا يَسْتَثْنِي، تَقَدَّمْتُ فَعَذَّرْتُ وَإِنَّمَا تَسَحَّرْتُ قُبَيْلَ ذَلِكَ، ثُمَّ قُلْتُ : هَاتِ الْآنَ مَا عِنْدَكَ.\nفَقَالَ : حَدَّثَنَا ابْنُ عَبَّاسٍ   رَضِيَ اللهِ عَنْهُمَا، قَالَ : قَالَ رَسُولُ اللَّهِ صَلَّى اللَّهُ عَلَيْهِ وَسَلَّمَ :\" صُومُوا لِرُؤْيَتِهِ وَأَفْطِرُوا لِرُؤْيَتِهِ، فَإِنْ حَالَ بَيْنَكُمْ وَبَيْنَهُ سَحَابٌ، فَكَمِّلُوا الْعِدَّةَ ثَلَاثِينَ، وَلَا تَسْتَقْبِلُوا الشَّهْرَ اسْتِقْبَالًا \"","english":{"narrator":"","text":""}},{"id":3,"idInBook":3,"chapterId":4,"bookId":9,"arabic":"حَدَّثَنَا عُبَيْدُ اللَّهِ بْنُ عَبْدِ الْمَجِيدِ  ، حَدَّثَنَا مَالِكٌ  ، عَنْ نَافِعٍ  ،  عَنْ ابْنِ عُمَرَ   رَضِيَ اللهِ عَنْهُمَا، أَنّ رَسُولَ اللَّهِ صَلَّى اللَّهُ عَلَيْهِ وَسَلَّمَ ذَكَرَ رَمَضَانَ، فَقَالَ :\" لَا تَصُومُوا حَتَّى تَرَوْا الْهِلَالَ، وَلَا تُفْطِرُوا حَتَّى تَرَوْهُ، فَإِنْ غُمَّ عَلَيْكُمْ، فَاقْدُرُوا لَهُ \"","english":{"narrator":"","text":""}},{"id":4,"idInBook":4,"chapterId":4,"bookId":9,"arabic":"حَدَّثَنَا هَاشِمُ بْنُ الْقَاسِمِ  ، حَدَّثَنَا شُعْبَةُ  ، حَدَّثَنِي مُحَمَّدُ بْنُ زِيَادٍ  ، قَالَ : سَمِعْتُ أَبَا هُرَيْرَةَ   رَضِيَ اللهِ عَنْهُ، يَقُولُ : قَالَ رَسُولُ اللَّهِ صَلَّى اللَّهُ عَلَيْهِ وَسَلَّمَ، أَوْ قَالَ أَبُو الْقَاسِمِ صَلَّى اللَّهُ عَلَيْهِ وَسَلَّمَ :\" صُومُوا لِرُؤْيَتِهِ، وَأَفْطِرُوا لِرُؤْيَتِهِ، فَإِنْ غُمَّ عَلَيْكُمْ الشَّهْرُ، فَعُدُّوا ثَلَاثِينَ \"","english":{"narrator":"","text":""}},{"id":5,"idInBook":5,"chapterId":4,"bookId":9,"arabic":"أَخْبَرَنَا عُبَيْدُ اللَّهِ بْنُ سَعِيدٍ  ، حَدَّثَنَا سُفْيَانُ  ، عَنْ عَمْرٍو يَعْنِي ابْنَ دِينَارٍ  ، عَنْ مُحَمَّدِ بْنِ جُبَيْرٍ  ، عَنْ ابْنِ عَبَّاسٍ   رَضِيَ اللهِ عَنْهُمَا، أَنَّهُ عَجِبَ مِمَّنْ يَتَقَدَّمُ الشَّهْرَ ، وَيَقُولُ : قَالَ رَسُولُ اللَّهِ صَلَّى اللَّهُ عَلَيْهِ وَسَلَّمَ :\" إِذَا رَأَيْتُمُوهُ، فَصُومُوا، وَإِذَا رَأَيْتُمُوهُ فَأَفْطِرُوا، فَإِنْ غُمَّ عَلَيْكُمْ، فَأَكْمِلُوا الْعِدَّةَ ثَلَاثِينَ يَوْمًا \"","english":{"narrator":"","text":""}},{"id":6,"idInBook":6,"chapterId":4,"bookId":9,"arabic":"أَخْبَرَنَا سَعِيدُ بْنُ سُلَيْمَانَ  ، عَنْ عَبْدِ الرَّحْمَنِ بْنِ عُثْمَانَ بْنِ إِبْرَاهِيمَ  ، حَدَّثَنِي أَبِي  ، عَنْ أَبِيهِ  ، وَعَمِّهِ  ، عَنْ ابْنِ عُمَرَ   رَضِيَ اللهِ عَنْهُ، قَالَ : كَانَ رَسُولُ اللَّهِ صَلَّى اللَّهُ عَلَيْهِ وَسَلَّمَ إِذَا رَأَى الْهِلَالَ، قَالَ :\" اللَّهُ أَكْبَرُ، اللَّهُمَّ أَهِلَّهُ عَلَيْنَا بِالْأَمْنِ وَالْإِيمَانِ، وَالسَّلَامَةِ وَالْإِسْلَامِ، وَالتَّوْفِيقِ لِمَا يُحِبُّ رَبُّنَا وَيَرْضَى، رَبُّنَا وَرَبُّكَ اللَّهُ \"","english":{"narrator":"","text":""}},{"id":7,"idInBook":7,"chapterId":4,"bookId":9,"arabic":"أَخْبَرَنَا مُحَمَّدُ بْنُ يَزِيدَ الرِّفَاعِيُّ  ، وَإِسْحَاق بْنُ إِبْرَاهِيمَ  ، حَدَّثَنَا الْعَقَدِيُّ  ، حَدَّثَنَا سُلَيْمَانُ بْنُ سُفْيَانَ الْمَدَينِيُّ  ، عَنْ بِلَالِ بْنِ يَحْيَى بْنِ طَلْحَةَ  ، عَنْ أَبِيهِ  ، عَنْ طَلْحَةَ   رَضِيَ اللهِ عَنْهُمَا، قَالَ : كَانَ النَّبِيُّ صَلَّى اللَّهُ عَلَيْهِ وَسَلَّمَ إِذَا رَأَى الْهِلَالَ، قَالَ :\" اللَّهُمَّ أَهِلَّهُ عَلَيْنَا بِالْأَمْنِ وَالْإِيمَانِ، وَالسَّلَامَةِ وَالْإِسْلَامِ، رَبِّي وَرَبُّكَ اللَّهُ \"","english":{"narrator":"","text":""}},{"id":8,"idInBook":8,"chapterId":4,"bookId":9,"arabic":"أَخْبَرَنَا وَهْبُ بْنُ جَرِيرٍ  ، حَدَّثَنَا هِشَامٌ  ، عَنْ يَحْيَى  ، عَنْ أَبِي سَلَمَةَ  ، عَنْ أَبِي هُرَيْرَةَ   رَضِيَ اللهِ عَنْهُ، قَالَ : قَالَ رَسُولُ اللَّهِ صَلَّى اللَّهُ عَلَيْهِ وَسَلَّمَ :\" لَا تَقَدَّمُوا قَبْلَ رَمَضَانَ يَوْمًا، وَلَا يَوْمَيْنِ، إِلَّا أَنْ يَكُونَ رَجُلًا كَانَ يَصُومُ صَوْمًا، فَلْيَصُمْهُ \"","english":{"narrator":"","text":""}},{"id":9,"idInBook":9,"chapterId":4,"bookId":9,"arabic":"حَدَّثَنَا سُلَيْمَانُ بْنُ حَرْبٍ  ، حَدَّثَنَا حَمَّادُ بْنُ زَيْدٍ  ، عَنْ أَيُّوبَ  ، عَنْ نَافِعٍ  ، عَنْ ابْنِ عُمَرَ   رَضِيَ اللهِ عَنْهُمَا، قَالَ : قَالَ رَسُولُ اللَّهِ صَلَّى اللَّهُ عَلَيْهِ وَسَلَّمَ : \" إِنَّمَاالشَّهْرُ تِسْعٌ وَعِشْرُونَ، فَلَا تَصُومُوا حَتَّى تَرَوْهُ، وَلَا تُفْطِرُوا حَتَّى تَرَوْهُ، فَإِنْ غُمَّ عَلَيْكُمْ، فَاقْدُرُوا لَهُ \"","english":{"narrator":"","text":""}},{"id":10,"idInBook":10,"chapterId":4,"bookId":9,"arabic":"حَدَّثَنَا مَرْوَانُ بْنُ مُحَمَّدٍ  ، عَنْ عَبْدِ اللَّهِ بْنِ وَهْبٍ  ، عَنْ يَحْيَى بْنِ سَالِمٍ  ، عَنْ أَبِي بَكْرِ بْنِ نَافِعٍ  ، عَنْ أَبِيهِ  ، عَنْ ابْنِ عُمَرَ   رَضِيَ اللهِ عَنْهُ، قَالَ : تَرَاءَى النَّاسُ الْهِلَالَ، فَأَخْبَرْتُ رَسُولَ اللَّهِ صَلَّى اللَّهُ عَلَيْهِ وَسَلَّمَ أَنِّي رَأَيْتُهُ، \" فَصَامَوَأَمَرَ النَّاسَ بِالصِّيَامِ \"","english":{"narrator":"","text":""}},{"id":11,"idInBook":11,"chapterId":4,"bookId":9,"arabic":"حَدَّثَنِي عِصْمَةُ بْنُ الْفَضْلِ  ، حَدَّثَنَا حُسَيْنٌ الْجُعْفِيُّ  ، عَنْ زَائِدَةَ  ، عَنْ سِمَاكٍ  ، عَنْ عِكْرِمَةَ  ، عَنْ ابْنِ عَبَّاسٍ   رَضِيَ اللهِ عَنْهُمَا، قَالَ : جَاءَ أَعْرَابِيٌّ إِلَى النَّبِيِّ صَلَّى اللَّهُ عَلَيْهِ وَسَلَّمَ، وَقَالَ : إِنِّي رَأَيْتُ الْهِلَالَ.\nفَقَالَ : \" أَتَشْهَدُ أَنْ لَا إِلَهَ إِلَّا اللَّهُ، وَأَنِّي رَسُولُ اللَّهِ؟ \" قَالَ : نَعَمْ.\nقَالَ : \" يَا بِلَالُ،نَادِ فِي النَّاسِ، فَلْيَصُومُوا غَدًا \"","english":{"narrator":"","text":""}},{"id":12,"idInBook":12,"chapterId":4,"bookId":9,"arabic":"أَخْبَرَنَا عُبَيْدُ اللَّهِ بْنُ مُوسَى  ، عَنْ إِسْرَائِيلَ  ، عَنْ أَبِي إِسْحَاق  ، عَنْ الْبَرَاءِ  ، قَالَ : كَانَ أَصْحَابُ مُحَمَّدٍ صَلَّى اللَّهُ عَلَيْهِ وَسَلَّمَ إِذَا كَانَ الرَّجُلُ صَائِمًا فَحَضَرَ الْإِفْطَارُ، فَنَامَ قَبْلَ أَنْ يُفْطِرَ لَمْ يَأْكُلْ لَيْلَتَهُ وَلَا يَوْمَهُ حَتَّى يُمْسِيَ، وَإِنَّ قَيْسَ بْنَ صِرْمَةَ الْأَنْصَارِيَّ كَانَ صَائِمًا، فَلَمَّا حَضَرَ الْإِفْطَارُ، أَتَى امْرَأَتَهُ، فَقَالَ : عِنْدَكِ طَعَامٌ؟ فَقَالَتْ : لَا، وَلَكِنْ أَنْطَلِقُ فَأَطْلُبُ لَكَ، وَكَانَ يَوْمَهُ يَعْمَلُ، فَغَلَبَتْهُ عَيْنُهُ، وَجَاءَتْ امْرَأَتُهُ، فَلَمَّا رَأَتْهُ، قَالَتْ : خَيْبَةً لَكَ.\nفَلَمَّا انْتَصَفَ النَّهَارُ، غُشِيَ عَلَيْهِ فَذُكِرَ ذَلِكَ لِلنَّبِيِّ صَلَّى اللَّهُ عَلَيْهِ وَسَلَّمَ،\" فَنَزَلَتْ هَذِهِ الْآيَةُ : # أُحِلَّ لَكُمْ لَيْلَةَ الصِّيَامِ الرَّفَثُ إِلَى نِسَائِكُمْ هُنَّ لِبَاسٌ لَكُمْ وَأَنْتُمْ لِبَاسٌ لَهُنَّ عَلِمَ اللَّهُ أَنَّكُمْ كُنْتُمْ تَخْتَانُونَ أَنْفُسَكُمْ فَتَابَ عَلَيْكُمْ وَعَفَا عَنْكُمْ فَالآنَ بَاشِرُوهُنَّ وَابْتَغُوا مَا كَتَبَ اللَّهُ لَكُمْ وَكُلُوا وَاشْرَبُوا حَتَّى يَتَبَيَّنَ لَكُمُ الْخَيْطُ الأَبْيَضُ مِنَ الْخَيْطِ الأَسْوَدِ مِنَ الْفَجْرِ ثُمَّ أَتِمُّوا الصِّيَامَ إِلَى اللَّيْلِ وَلا تُبَاشِرُوهُنَّ وَأَنْتُمْ عَاكِفُونَ فِي الْمَسَاجِدِ تِلْكَ حُدُودُ اللَّهِ فَلا تَقْرَبُوهَا كَذَلِكَ يُبَيِّنُ اللَّهُ آيَاتِهِ لِلنَّاسِ لَعَلَّهُمْ يَتَّقُونَ سورة البقرة آية 187 #، فَفَرِحُوا بِهَا فَرَحًا شَدِيدًا، وَأَكُلُوا وَاشَرِبُوا حَتَّى تَبَيَّنَ لَهُمْ الْخَيْطُ الْأَبْيَضُ مِنْ الْخَيْطِ الْأَسْوَدِ \"","english":{"narrator":"","text":""}},{"id":13,"idInBook":13,"chapterId":4,"bookId":9,"arabic":"أَخْبَرَنَا أَبُو الْوَلِيدِ  ، حَدَّثَنَا شَرِيكٌ  ، عَنْ حُصَيْنٍ  ، عَنْ الشَّعْبِيِّ  ،  عَنْ عَدِيِّ بْنِ حَاتِمٍ  ، قَالَ : قُلْتُ : يَا رَسُولَ اللَّهِ، لَقَدْ جَعَلْتُ تَحْتَ وِسَادَتِي خَيْطًا أَبْيَضَ وَخَيْطًا أَسْوَدَ، فَمَا تَبَيَّنَ لِي شَيْءٌ.\nقَالَ : \" إِنَّكَ لَعَرِيضُ الْوِسَادِ، وَإِنَّمَاذَلِكَ اللَّيْلُ مِنْ النَّهَارِ فِي قَوْلِهِ تَعَالَى : # وَكُلُوا وَاشْرَبُوا حَتَّى يَتَبَيَّنَ لَكُمُ الْخَيْطُ الأَبْيَضُ مِنَ الْخَيْطِ الأَسْوَدِ مِنَ الْفَجْرِ ثُمَّ أَتِمُّوا الصِّيَامَ إِلَى اللَّيْلِ وَلا تُبَاشِرُوهُنَّ وَأَنْتُمْ عَاكِفُونَ فِي الْمَسَاجِدِ تِلْكَ حُدُودُ اللَّهِ فَلا تَقْرَبُوهَا كَذَلِكَ يُبَيِّنُ اللَّهُ آيَاتِهِ لِلنَّاسِ لَعَلَّهُمْ يَتَّقُونَ سورة البقرة آية 187 # \"","english":{"narrator":"","text":""}},{"id":14,"idInBook":14,"chapterId":4,"bookId":9,"arabic":"أَخْبَرَنَا مُسْلِمُ بْنُ إِبْرَاهِيمَ  ، حَدَّثَنَا هِشَامٌ  ، عَنْ قَتَادَةَ  ، عَنْ أَنَسٍ  ،  عَنْ زَيْدِ بْنِ ثَابِتٍ  ، قَالَ :\" تَسَحَّرْنَا مَعَ رَسُولِ اللَّهِ صَلَّى اللَّهُ عَلَيْهِ وَسَلَّمَ، قَالَ : ثُمَّ قَامَ إِلَى الصَّلَاةِ.\nقَالَ : قُلْتُ : كَمْ كَانَ بَيْنَ الْأَذَانِ وَالسُّحُورِ؟ قَالَ : قَدْرُ قِرَاءَةِ خَمْسِينَ آيَةً \"","english":{"narrator":"","text":""}},{"id":15,"idInBook":15,"chapterId":4,"bookId":9,"arabic":"أَخْبَرَنَا سَعِيدُ بْنُ عَامِرٍ  ، عَنْ شُعْبَةَ  ، عَنْ عَبْدِ الْعَزِيزِ بْنِ صُهَيْبٍ  ، عَنْ أَنَسٍ  ، قَالَ : قَالَ رَسُولُ اللَّهِ صَلَّى اللَّهُ عَلَيْهِ وَسَلَّمَ :\" تَسَحَّرُوا فَإِنَّ فِي السُّحُورِ بَرَكَةً \"","english":{"narrator":"","text":""}},{"id":16,"idInBook":16,"chapterId":4,"bookId":9,"arabic":"حَدَّثَنَا وَهْبُ بْنُ جَرِيرٍ  ، حَدَّثَنَا مُوسَى بْنُ عُلَيٍّ  ، قَالَ : سَمِعْتُ أَبِي  يُحَدِّثُ، عَنْ أَبِي قَيْسٍ  مَوْلَى عَمْرِو بْنِ الْعَاصِ، قَالَ : كَانَ عَمْرُو بْنُ الْعَاصِ   يَأْمُرُنَا أَنْ نَصْنَعَ لَهُ الطَّعَامَ يَتَسَحَّرُ بِهِ فَلَا يُصِيبُ مِنْهُ كَثِيرًا، فَقُلْنَا : تَأْمُرُنَا بِهِ وَلَا تُصِيبُ مِنْهُ كَثِيرًا؟ قَالَ : إِنِّي لَا آمُرُكُمْ بِهِ أَنِّي أَشْتَهِيهِ، وَلَكِنِّي سَمِعْتُ رَسُولَ اللَّهِ صَلَّى اللَّهُ عَلَيْهِ وَسَلَّمَ يَقُولُ :\" فَصْلُ مَا بَيْنَ صِيَامِنَا وَصِيَامِ أَهْلِ الْكِتَابِ أَكْلَةُ السَّحَرِ \"","english":{"narrator":"","text":""}},{"id":17,"idInBook":17,"chapterId":4,"bookId":9,"arabic":"حَدَّثَنَا سَعِيدُ بْنُ شُرَحْبِيلَ  ، حَدَّثَنَا لَيْثُ بْنُ سَعْدٍ  ، عَنْ يَحْيَى بْنِ أَيُّوبَ  ، عَنْ عَبْدِ اللَّهِ بْنِ أَبِي بَكْرٍ  ، عَنْ سَالِمِ بْنِ عَبْدِ اللَّهِ بْنِ عُمَرَ  ، عَنْ ابْنِ عُمَرَ  ،  عَنْ حَفْصَةَ  ، عَنْ رَسُولِ اللَّهِ صَلَّى اللَّهُ عَلَيْهِ وَسَلَّمَ، قَالَ :\" مَنْ لَمْ يُبَيِّتْ الصِّيَامَ قَبْلَ الْفَجْرِ، فَلَا صِيَامَ لَهُ \".\nقَالَ عَبْد اللَّهِ : فِي فَرْضِ الْوَاجِبِ أَقُولُ بِهِ","english":{"narrator":"","text":""}},{"id":18,"idInBook":18,"chapterId":4,"bookId":9,"arabic":"أَخْبَرَنَا مُحَمَّدُ بْنُ يُوسُفَ  ، عَنْ سُفْيَانَ الثَّوْرِيِّ  ، عَنْ أَبِي حَازِمٍ  ، عَنْ سَهْلِ بْنِ سَعْدٍ  ، قَالَ : قَالَ رَسُولُ اللَّهِ صَلَّى اللَّهُ عَلَيْهِ وَسَلَّمَ :\" لَا يَزَالُ النَّاسُ بِخَيْرٍ مَا عَجَّلُوا الْفِطْرَ \"","english":{"narrator":"","text":""}},{"id":19,"idInBook":19,"chapterId":4,"bookId":9,"arabic":"حَدَّثَنَا عُثْمَانُ بْنُ مُحَمَّدٍ  ، حَدَّثَنَا عَبْدَةُ  ، عَنْ هِشَامِ بْنِ عُرْوَةَ  ، عَنْ أَبِيهِ  ، عَنْ عَاصِمِ بْنِ عُمَرَ  ، عَنْ عُمَرَ  ، قَالَ : قَالَ رَسُولُ اللَّهِ صَلَّى اللَّهُ عَلَيْهِ وَسَلَّمَ :\" إِذَا أَقْبَلَ اللَّيْلُ وَأَدْبَرَ النَّهَارُ وَغَابَتْ الشَّمْسُ، فَقَدْ أَفْطَرْتَ \"","english":{"narrator":"","text":""}},{"id":20,"idInBook":20,"chapterId":4,"bookId":9,"arabic":"أَخْبَرَنَا أَبُو النُّعْمَانِ  ، حَدَّثَنَا ثَابِتُ بْنُ يَزِيدَ  ، حَدَّثَنَا عَاصِمٌ  ، عَنْ حَفْصَةَ  ، عَنْ الرَّبَاب الضَّبِّيَّةِ  ،  عَنْ عَمِّهَا سَلْمَانَ بْنِ عَامِرٍ  ، أَنَّ النَّبِيَّ صَلَّى اللَّهُ عَلَيْهِ وَسَلَّمَ قَالَ :\" إِذَا أَفْطَرَ أَحَدُكُمْ، فَلْيُفْطِرْ عَلَى تَمْرٍ، فَإِنْ لَمْ يَجِدْ، فَلْيُفْطِرْ عَلَى مَاءٍ، فَإِنَّ الْمَاءَ طَهُورٌ \"","english":{"narrator":"","text":""}},{"id":21,"idInBook":21,"chapterId":4,"bookId":9,"arabic":"أَخْبَرَنَا يَعْلَى  ، حَدَّثَنَا عَبْدُ الْمَلِكِ  ، عَنْ عَطَاءٍ  ، عَنْ زَيْدِ بْنِ خَالِدٍ الْجُهَنِيِّ  ، عَنْ النَّبِيِّ صَلَّى اللَّهُ عَلَيْهِ وَسَلَّمَ، قَالَ :\" مَنْ فَطَّرَ صَائِمًا، كُتِبَ لَهُ مِثْلُ أَجْرِهِ، إِلَّا أَنَّهُ لَا يَنْقُصُ مِنْ أَجْرِ الصَّائِمِ \"","english":{"narrator":"","text":""}},{"id":22,"idInBook":22,"chapterId":4,"bookId":9,"arabic":"أَخْبَرَنَا خَالِدُ بْنُ مَخْلَدٍ  ، حَدَّثَنَا مَالِكٌ  ، عَنْ أَبِي الزِّنَادِ  ، عَنْ الْأَعْرَجِ  ، عَنْ أَبِي هُرَيْرَةَ  ، قَالَ : قَالَ رَسُولُ اللَّهِ صَلَّى اللَّهُ عَلَيْهِ وَسَلَّمَ : \" إِيَّاكُمْ وَالْوِصَالَ \" مَرَّتَيْنِ.\nقَالُوا : فَإِنَّكَ تُوَاصِلُ؟ قَالَ : \" إِنِّيلَسْتُ مِثْلَكُمْ، إِنِّي أَبِيتُ يُطْعِمُنِي رَبِّي وَيَسْقِينِي \"","english":{"narrator":"","text":""}},{"id":23,"idInBook":23,"chapterId":4,"bookId":9,"arabic":"حَدَّثَنَا سَعِيدُ بْنُ الرَّبِيعِ  ، حَدَّثَنَا شُعْبَةُ  ، عَنْ قَتَادَةَ  ، عَنْ أَنَسٍ  ، قَالَ : قَالَ رَسُولُ اللَّهِ صَلَّى اللَّهُ عَلَيْهِ وَسَلَّمَ : \" لَا تُوَاصِلُوا.\nقِيلَ : إِنَّكَ تَفْعَلُ ذَلِكَ.\nقَالَ : \" إِنِّيلَسْتُ كَأَحَدِكُمْ، إِنِّي أُطْعَمُ وَأُسْقَى \"","english":{"narrator":"","text":""}},{"id":24,"idInBook":24,"chapterId":4,"bookId":9,"arabic":"حَدَّثَنَا عَبْدُ اللَّهِ بْنُ صَالِحٍ  ، حَدَّثَنِي اللَّيْثُ  ، حَدَّثَنِي يَزِيدُ بْنُ عَبْدِ اللَّهِ  ، عَنْ عَبْدِ اللَّهِ بْنِ خَبَّابٍ  ، عَنْ أَبِي سَعِيدٍ الْخُدْرِيِّ  ، أَنَّهُ سَمِعَ رَسُولَ اللَّهِ صَلَّى اللَّهُ عَلَيْهِ وَسَلَّمَ، يَقُولُ : \" لَا تُوَاصِلُوا، فَأَيُّكُمْ يُرِيدُ أَنْ يُوَاصِلَ، فَلْيُوَاصِلْ إِلَى السَّحَرِ \".\nقَالُوا : إِنَّكَ تُوَاصِلُ يَا رَسُولَ اللَّهِ.\nقَالَ : \" إِنِّيأَبِيتُ لِي مُطْعِمٌ يُطْعِمُنِي، وَيَسْقِينِي \"","english":{"narrator":"","text":""}},{"id":25,"idInBook":25,"chapterId":4,"bookId":9,"arabic":"حَدَّثَنَا عَبْدُ اللَّهِ بْنُ صَالِحٍ  ، حَدَّثَنِي اللَّيْثُ  ، حَدَّثَنِي عُقَيْلٌ  ، عَنْ ابْنِ شِهَابٍ  ، أَخْبَرَنِي أَبُو سَلَمَةَ بْنُ عَبْدِ الرَّحْمَنِ  ، أَنَّ أَبَا هُرَيْرَةَ   قَالَ : نَهَى رَسُولُ اللَّهِ صَلَّى اللَّهُ عَلَيْهِ وَسَلَّمَ عَنْ الْوِصَالِ.\nفَقَالَ لَهُ رِجَالٌ مِنْ الْمُسْلِمِينَ : فَإِنَّكَ تُوَاصِلُ.\nقَالَ رَسُولُ اللَّهِ صَلَّى اللَّهُ عَلَيْهِ وَسَلَّمَ : \" إِنِّيلَسْتُ مِثْلَكُمْ، إِنِّي أَبِيتُ يُطْعِمُنِي رَبِّي وَيَسْقِينِي \".\nفَلَمَّا أَبَوْا أَنْ يَنْتَهُوا عَنْ الْوِصَالِ، وَاصَلَ بِهِمْ يَوْمًا ثُمَّ يَوْمًا، ثُمَّ رَأَوْا الْهِلَالَ، فَقَالَ : \" لَوْ تَأَخَّرَ لَزِدْتُكُمْ \"، كَالْمُنَكِّلِ لَهُمْ حِينَ أَبَوْا أَنْ يَنْتَهُوا","english":{"narrator":"","text":""}},{"id":26,"idInBook":26,"chapterId":4,"bookId":9,"arabic":"أَخْبَرَنَا مُحَمَّدُ بْنُ يُوسُفَ  ، عَنْ سُفْيَانَ  ، عَنْ هِشَامِ بْنِ عُرْوَةَ  ، عَنْ عُرْوَةَ  ، عَنْ عَائِشَةَ  ، أَنَّ حَمْزَةَ بْنَ عَمْرٍو الْأَسْلَمِيَّ سَأَلَ رَسُولَ اللَّهِ صَلَّى اللَّهُ عَلَيْهِ وَسَلَّمَ، فَقَالَ : رَسُولَ اللَّهِ إِنِّي أُرِيدُ السَّفَرَ، فَمَا تَأْمُرُنِي؟ قَالَ :\" إِنْ شِئْتَ، فَصُمْ، وَإِنْ شِئْتَ، فَأَفْطِرْ \"","english":{"narrator":"","text":""}},{"id":27,"idInBook":27,"chapterId":4,"bookId":9,"arabic":"أَخْبَرَنَا خَالِدُ بْنُ مَخْلَدٍ  ، حَدَّثَنَا مَالِكٌ  ، عَنْ الزُّهْرِيِّ  ، عَنْ عُبَيْدِ اللَّهِ بْنِ عَبْدِ اللَّهِ بْنِ عُتْبَةَ  ، عَنْ ابْنِ عَبَّاسٍ  ، قَالَ : \" خَرَجَ رَسُولُ اللَّهِ صَلَّى اللَّهُ عَلَيْهِ وَسَلَّمَ عَامَ الْفَتْحِفَصَامَ وَصَامَ النَّاسُ حَتَّى بَلَغَ الْكَدِيد، ثُمَّ أَفْطَرَ، فَأَفْطَرَ النَّاسُ، فَكَانُوا يَأْخُذُونَ بِالْأَحْدَثِ فَالْأَحْدَثِ مِنْ فِعْلِ رَسُولِ اللَّهِ صَلَّى اللَّهُ عَلَيْهِ وَسَلَّمَ \"","english":{"narrator":"","text":""}},{"id":28,"idInBook":28,"chapterId":4,"bookId":9,"arabic":"أَخْبَرَنَا هَاشِمُ بْنُ الْقَاسِمِ  ، وَأَبُو الْوَلِيدِ  ، قَالَا : حَدَّثَنَا شُعْبَةُ  ، عَنْ مُحَمَّدِ بْنِ عَبْدِ الرَّحْمَنِ الْأَنْصَارِيِّ  ، قَالَ : سَمِعْتُ مُحَمَّدَ بْنَ عَمْرِو بْنِ الْحَسَنِ  يُحَدِّثُ، عَنْ جَابِرِ بْنِ عَبْدِ اللَّهِ  ، أَنَّهُ ذَكَرَ أَنَّ النَّبِيَّ صَلَّى اللَّهُ عَلَيْهِ وَسَلَّمَ كَانَ فِي سَفَرٍ فَرَأَى زِحَامًا وَرَجُلٌ قَدْ ظُلِّلَ عَلَيْهِ، فَقَالَ : \" مَا هَذَا؟ قَالُوا : هَذَا صَائِمٌ.\nفَقَالَ النَّبِيُّ صَلَّى اللَّهُ عَلَيْهِ وَسَلَّمَ :\" لَيْسَ مِنْ الْبِرِّ الصَّوْمُ فِي السَّفَرِ \"","english":{"narrator":"","text":""}},{"id":29,"idInBook":29,"chapterId":4,"bookId":9,"arabic":"أَخْبَرَنَا عُثْمَانُ بْنُ مُحَمَّدُ  ، حَدَّثَنَا يُونُسُ  ، عَنْ الزُّهْرِيِّ  ، عَنْ صَفْوَانَ بْنِ عَبْدِ اللَّهِ  ، عَنْ أُمِّ الدَّرْدَاءِ  ، عَنْ كَعْبِ بْنِ عَاصِمٍ الْأَشْعَرِيِّ  ، أَنّ رَسُولَ اللَّهِ صَلَّى اللَّهُ عَلَيْهِ وَسَلَّمَ، قَالَ :\" لَيْسَ مِنْ الْبِرِّ الصِّيَامُ فِي السَّفَرِ \"","english":{"narrator":"","text":""}},{"id":30,"idInBook":30,"chapterId":4,"bookId":9,"arabic":"حَدَّثَنَا مُحَمَّدُ بْنُ أَحْمَدَ  ، حَدَّثَنَا سُفْيَانُ  ، حَدَّثَنَا الزُّهْرِيُّ  ، عَنْ صَفْوَانَ بْنِ عَبْدِ اللَّهِ بْنِ صَفْوَانَ  ، عَنْ أُمِّ الدَّرْدَاءِ  ، عَنْ كَعْبِ بْنِ عَاصِمٍ الْأَشْعَرِيِّ  ، عَنْ النَّبِيِّ صَلَّى اللَّهُ عَلَيْهِ وَسَلَّمَ، قَالَ :\" لَيْسَ مِنْ الْبِرِّ الصِّيَامُ فِي السَّفَرِ \"","english":{"narrator":"","text":""}},{"id":31,"idInBook":31,"chapterId":4,"bookId":9,"arabic":"حَدَّثَنَا أَبُو الْمُغِيرَةِ  ، حَدَّثَنَا الْأَوْزَاعِيُّ  ، عَنْ يَحْيَى  ، عَنْ أَبِي قِلَابَةَ  ، عَنْ أَبِي الْمُهَاجِرِ  ، عَنْ أَبِي أُمَيَّةَ الضَّمْرِيِّ  ، قَالَ : قَدِمْتُ عَلَى رَسُولِ اللَّهِ صَلَّى اللَّهُ عَلَيْهِ وَسَلَّمَ مِنْ سَفَرٍ فَسَلَّمْتُ عَلَيْهِ، فَلَمَّا ذَهَبْتُ لِأَخْرُجَ، قَالَ : \" انْتَظِرْ الْغَدَاءَ يَا أَبَا أُمَيَّةَ \".\nقَالَ : فَقُلْتُ : إِنِّي صَائِمٌ يَا نَبِيَّ اللَّهِ.\nفَقَالَ :\" تَعَالَ أُخْبِرْكَ عَنْ الْمُسَافِرِ، إِنَّ اللَّهَ وَضَعَ عَنْهُ الصِّيَامَ، وَنِصْفَ الصَّلَاةِ \".\n قَالَ أَبُو مُحَمَّد : إِنْ شَاءَ، صَامَ، وَإِنْ شَاءَ، أَفْطَرَ","english":{"narrator":"","text":""}},{"id":32,"idInBook":32,"chapterId":4,"bookId":9,"arabic":"حَدَّثَنَا عَبْدُ اللَّهِ بْنُ يَزِيدَ الْمُقْرِئُ  ، حَدَّثَنَا سَعِيدُ بْنُ أَبِي أَيُّوبَ  ، حَدَّثَنِي يَزِيدُ بْنُ أَبِي حَبِيبٍ  ، أَنَّ كُلَيْبَ بْنَ ذُهْلٍ الْحَضْرَمِيَّ  أَخْبَرَهُ، عَنْ عُبَيْدِ بْنِ جُبَيْرٍ  ، قَالَ : رَكِبْتُ مَعَ أَبِي بَصْرَةَ الْغِفَارِيِّ سَفِينَةً مِنْ الْفُسْطَاطِ فِي رَمَضَانَ، فَدَفَعَ،فَقَرَّبَ غَدَاءَهُ.\nثُمَّ قَالَ : اقْتَرِبْ.\nفَقُلْتُ : أَلَسْتَ تَرَى الْبُيُوتَ؟ فَقَالَ أَبُو بَصْرَةَ   : \" أَرَغِبْتَ عَنْ سُنَّةِ رَسُولِ اللَّهِ صَلَّى اللَّهُ عَلَيْهِ وَسَلَّمَ؟ \"","english":{"narrator":"","text":""}},{"id":33,"idInBook":33,"chapterId":4,"bookId":9,"arabic":"أَخْبَرَنَا مُحَمَّدُ بْنُ يُوسُفَ  ، عَنْ سُفْيَانَ  ، عَنْ حَبِيبِ بْنِ أَبِي ثَابِتٍ  ، عَنْ ابْنِ الْمُطَوِّسِ  ، عَنْ أَبِيهِ  ،  عَنْ أَبِي هُرَيْرَةَ  ، قَالَ : قَالَ رَسُولُ اللَّهِ صَلَّى اللَّهُ عَلَيْهِ وَسَلَّمَ :\" مَنْ أَفْطَرَ يَوْمًا مِنْ شَهْرِ رَمَضَانَ مِنْ غَيْرِ رُخْصَةٍ وَلَا مَرَضٍ، فَلَا يَقْضِيَهِ صِيَامُ الدَّهْرِ كُلِّهِ وَلَوْ صَامَ الدَّهْرَ \"","english":{"narrator":"","text":""}},{"id":34,"idInBook":34,"chapterId":4,"bookId":9,"arabic":"أَخْبَرَنَا أَبُو الْوَلِيدِ  ، حَدَّثَنَا شُعْبَةُ  ، أَخْبَرَنِي حَبِيبُ بْنُ أَبِي ثَابِتٍ  ، قَالَ : سَمِعْتُ عُمَارَةَ بْنَ عُمَيْرٍ  يُحَدِّثُ، عَنْ أَبِي الْمُطَوِّسِ  ، عَنْ أَبِيهِ  ، عَنْ أَبِي هُرَيْرَةَ  ، عَنْ النَّبِيِّ صَلَّى اللَّهُ عَلَيْهِ وَسَلَّمَ، قَالَ :\" مَنْ أَفْطَرَ يَوْمًا مِنْ رَمَضَانَ مِنْ غَيْرِ رُخْصَةٍ رَخَّصَهُ اللَّهُ لَهُ، لَمْ يَقْضِ عَنْهُ صِيَامُ الدَّهْرِ \"","english":{"narrator":"","text":""}},{"id":35,"idInBook":35,"chapterId":4,"bookId":9,"arabic":"حَدَّثَنَا سُلَيْمَانُ بْنُ دَاوُدَ الْهَاشِمِيُّ  ، حَدَّثَنَا إِبْرَاهِيمُ بْنُ سَعْدٍ  ، عَنْ الزُّهْرِيِّ  ، عَنْ حُمَيْدِ بْنِ عَبْدِ الرَّحْمَنِ  ، عَنْ أَبِي هُرَيْرَةَ  ، قَالَ : أَتَى رَسُولَ اللَّهِ صَلَّى اللَّهُ عَلَيْهِ وَسَلَّمَ رَجُلٌ، فَقَالَ : هَلَكْتُ؟ فَقَالَ : \" وَمَا أَهْلَكَكَ؟ قَالَ : وَاقَعْتُ امْرَأَتِي فِي شَهْرِ رَمَضَانَ، قَالَ :\" فَأَعْتِقْ رَقَبَةً \".\nقَالَ : لَيْسَ عِنْدِي.\nقَالَ : \" فَصُمْ شَهْرَيْنِ مُتَتَابِعَيْنِ \".\nقَالَ : لَا أَسْتَطِيعُ.\nقَالَ : \" فَأَطْعِمْ سِتِّينَ مِسْكِينًا \".\nقَالَ : لَا أَجِدُ.\nقَالَ : فَأُتِيَ رَسُولُ اللَّهِ صَلَّى اللَّهُ عَلَيْهِ وَسَلَّمَ بِعَرَقٍ فِيهِ تَمْرٌ، فَقَالَ : \" أَيْنَ السَّائِلُ؟ تَصَدَّقْ بِهَذَا \".\n فَقَالَ : أَعَلَى أَفْقَرَ مِنْ أَهْلِي يَا رَسُولَ اللَّهِ؟ فَوَاللَّهِ مَا بَيْنَ لَابَتَيْهَا أَهْلُ بَيْتٍ أَفْقَرَ مِنَّا، فَقَالَ رَسُولُ اللَّهِ صَلَّى اللَّهُ عَلَيْهِ وَسَلَّمَ : \" فَأَنْتُمْ إِذًا \" وَضَحِكَ حَتَّى بَدَتْ أَنْيَابُهُ.\nحَدَّثَنَا عُبَيْدُ اللَّهِ بْنُ عَبْدِ الْمَجِيدِ  ، حَدَّثَنَا مَالِكٌ  ، عَنْ ابْنِ شِهَابٍ  ، عَنْ حُمَيْدِ بْنِ عَبْدِ الرَّحْمَنِ  ، عَنْ أَبِي هُرَيْرَةَ  ، أَنَّ رَجُلًا أَفْطَرَ فِي رَمَضَانَ فَذَكَرَ الْحَدِيثَ","english":{"narrator":"","text":""}},{"id":36,"idInBook":36,"chapterId":4,"bookId":9,"arabic":"أَخْبَرَنَا يَزِيدُ بْنُ هَارُونَ  ، حَدَّثَنَا يَحْيَى يَعْنِي بْنَ سَعِيدٍ الْأَنْصَارِيَّ  ، أَنَّ عَبْدَ الرَّحْمَنِ بْنَ الْقَاسِمِ  أَخْبَرَهُ، أَنَّ مُحَمَّدَ بْنَ جَعْفَرِ بْنِ الزُّبَيْرِ  أَخْبَرَهُ، أَنَّهُ سَمِعَ عَبَّادَ بْنَ عَبْدِ اللَّهِ بْنِ الزُّبَيْرِ  ، أَنَّهُ سَمِعَ عَائِشَةَ  ، تَقُولُ : إِنَّ رَجُلًا سَأَلَ النَّبِيَّ صَلَّى اللَّهُ عَلَيْهِ وَسَلَّمَ، فَقَالَ : إِنَّهُ احْتَرَقَ، فَسَأَلَهُ : مَا لَهُ؟ فَقَالَ :أَصَابَ أَهْلَهُ فِي رَمَضَانَ.\nفَأُتِيَ النَّبِيُّ صَلَّى اللَّهُ عَلَيْهِ وَسَلَّمَ بِمِكْتَلٍ يُدْعَى الْعَرَقَ فِيهِ تَمْرٌ، فَقَالَ : \" أَيْنَ الْمُحْتَرِقُ؟ \" فَقَامَ الرَّجُلُ، فَقَالَ : \" تَصَدَّقْ بِهَذَا \"","english":{"narrator":"","text":""}},{"id":37,"idInBook":37,"chapterId":4,"bookId":9,"arabic":"أَخْبَرَنَا يَزِيدُ بْنُ هَارُونَ  ، أَخْبَرَنَا شَرِيكٌ  ، عَنْ الْأَعْمَشِ  ، عَنْ أَبِي صَالِحٍ  ، عَنْ أَبِي سَعِيدٍ الْخُدْرِيِّ  ، عَنْ النَّبِيِّ صَلَّى اللَّهُ عَلَيْهِ وَسَلَّمَ، ، أَنَّهُ قَالَ لِامْرَأَةٍ :\" لَا تَصُومِي إِلَّا بِإِذْنِهِ \"","english":{"narrator":"","text":""}},{"id":38,"idInBook":38,"chapterId":4,"bookId":9,"arabic":"أَخْبَرَنَا مُحَمَّدُ بْنُ أَحْمَدَ  ، حَدَّثَنَا سُفْيَانُ  ، عَنْ أَبِي الزِّنَادِ  ، عَنْ الْأَعْرَجِ  ، عَنْ أَبِي هُرَيْرَةَ  ، عَنْ النَّبِيِّ صَلَّى اللَّهُ عَلَيْهِ وَسَلَّمَ، قَالَ :\" لَا تَصُومُ الْمَرْأَةُ يَوْمًا تَطَوُّعًا فِي غَيْرِ رَمَضَانَ، وَزَوْجُهَا شَاهِدٌ إِلَّا بِإِذْنِهِ \"","english":{"narrator":"","text":""}},{"id":39,"idInBook":39,"chapterId":4,"bookId":9,"arabic":"أَخْبَرَنَا مُحَمَّدُ بْنُ يُوسُفَ  ، عَنْ سُفْيَانَ  ، عَنْ أَبِي الزِّنَادِ  ، عَنْ مُوسَى بْنِ أَبِي عُثْمَانَ  ، عَنْ أَبِيهِ  ، عَنْ أَبِي هُرَيْرَةَ  ، عَنْ النَّبِيِّ صَلَّى اللَّهُ عَلَيْهِ وَسَلَّمَ، قَالَ :\" لَا تَصُومُ الْمَرْأَةُ يَوْمًا وَزَوْجُهَا شَاهِدٌ، إِلَّا بِإِذْنِهِ \".\nقَالَ : فِي النُّذُورِ تَفِي بِهَا","english":{"narrator":"","text":""}},{"id":40,"idInBook":40,"chapterId":4,"bookId":9,"arabic":"حَدَّثَنَا حَجَّاجُ بْنُ مِنْهَالٍ  ، حَدَّثَنَا حَمَّادُ بْنُ سَلَمَةَ  ، عَنْ هِشَامِ بْنِ عُرْوَةَ  ، عَنْ أَبِيهِ  ، عَنْ عَائِشَةَ  ، أَنّ رَسُولَ اللَّهِ صَلَّى اللَّهُ عَلَيْهِ وَسَلَّمَ \" كَانَيُقَبِّلُ وَهُوَ صَائِمٌ \".\n فَقَالَ عُرْوَةُ : أَمَا إِنَّهَا لَا تَدْعُو إِلَى خَيْرٍ","english":{"narrator":"","text":""}},{"id":41,"idInBook":41,"chapterId":4,"bookId":9,"arabic":"أَخْبَرَنَا سَعْدُ بْنُ حَفْصٍ الطَّلْحِيُّ  ، حَدَّثَنَا شَيْبَانُ  ، عَنْ يَحْيَى بْنِ كَثِيرٍ  ، عَنْ أَبِي سَلَمَةَ  ، عَنْ عُمَرَ بْنِ عَبْدِ الْعَزِيزِ  ، عَنْ عُرْوَةَ  ، عَنْ عَائِشَةَ  ، أَنَّ النَّبِيَّ صَلَّى اللَّهُ عَلَيْهِ وَسَلَّمَ كَانَ\" يُقَبِّلُهَا وَهُوَ صَائِمٌ \"","english":{"narrator":"","text":""}},{"id":42,"idInBook":42,"chapterId":4,"bookId":9,"arabic":"حَدَّثَنَا أَبُو الْوَلِيدِ الطَّيَالِسِيُّ  ، حَدَّثَنَا لَيْثُ بْنُ سَعْدٍ  ، عَنْ بُكَيْرِ بْنِ عَبْدِ اللَّهِ بْنِ الْأَشَجِّ  ، عَنْ عَبْدِ الْمَلِكِ بْنِ سَعِيدٍ الْأَنْصَارِيِّ  ، عَنْ جَابِرِ بْنِ عَبْدِ اللَّهِ  ، عَنْ عُمَرَ بْنِ الْخَطَّابِ  ، قَالَ : هَشِشْتُ فَقَبَّلْتُ وَأَنَا صَائِمٌ، فَجِئْتُ رَسُولَ اللَّهِ صَلَّى اللَّهُ عَلَيْهِ وَسَلَّمَ، فَقُلْتُ : إِنِّي صَنَعْتُ الْيَوْمَ أَمْرًا عَظِيمًا :قَبَّلْتُ وَأَنَا صَائِمٌ.\nقَالَ : \" أَرَأَيْتَ لَوْ مَضْمَضْتَ مِنْ الْمَاءِ؟ \" قُلْتُ : إِذًا لَا يَضُرُّ.\nقَالَ : \" فَفِيمَ؟ \"","english":{"narrator":"","text":""}},{"id":43,"idInBook":43,"chapterId":4,"bookId":9,"arabic":"أَخْبَرَنَا أَبُو عَاصِمٍ  ، حَدَّثَنَا عَبْدُ الْمَلِكِ يَعْنِي ابْنَ جُرَيْجٍ  ، أَخْبَرَنِي ابْنُ شِهَابٍ  ، أَنَّ أَبَا بَكْرٍ  أَخْبَرَهُ، عَنْ أَبِيهِ  ، أَنَّ أُمَّ سَلَمَةَ  ، وَعَائِشَةَ   أَخْبَرتَاهُ، أَنّ النَّبِيَّ صَلَّى اللَّهُ عَلَيْهِ وَسَلَّمَ \" كَانَيُصْبِحُ جُنُبًا مِنْ أَهْلِهِ، ثُمَّ يَصُومُ \"","english":{"narrator":"","text":""}},{"id":44,"idInBook":44,"chapterId":4,"bookId":9,"arabic":"أَخْبَرَنَا عُثْمَانُ بْنُ مُحَمَّدٍ  ، حَدَّثَنَا جَرِيرٌ  ، عَنْ هِشَامِ  ، عَنْ ابْنِ سِيرِينَ  ، عَنْ أَبِي هُرَيْرَةَ  ، عَنْ النَّبِيِّ صَلَّى اللَّهُ عَلَيْهِ وَسَلَّمَ، قَالَ :\" مَنْ نَسِيَ وَهُوَ صَائِمٌ فَأَكَلَ أَوْ شَرِبَ، فَلْيُتِمَّ صَوْمَهُ، فَإِنَّمَا أَطْعَمَهُ اللَّهُ وَسَقَاهُ \"","english":{"narrator":"","text":""}},{"id":45,"idInBook":45,"chapterId":4,"bookId":9,"arabic":"أَخْبَرَنَا أَبُو جَعْفَرٍ مُحَمَّدُ بْنُ مِهْرَانَ الْجَمَّالُ  ، حَدَّثَنَا حَاتِمُ بْنُ إِسْمَاعِيل  ، عَنْ الْحَارِثِ بْنِ عَبْدِ الرَّحْمَنِ بْنِ أَبِي ذُبَابٍ  ، عَنْ عَمِّهِ  ، عَنْ أَبِي هُرَيْرَةَ  ، قَالَ : قَالَ رَسُولُ اللَّهِ صَلَّى اللَّهُ عَلَيْهِ وَسَلَّمَ :\" إِذَا أَكَلَ أَحَدُكُمْ أَوْ شَرِبَ نَاسِيًا وَهُوَ صَائِمٌ، ثُمَّ ذَكَرَ، فَلْيُتِمَّ صِيَامَهُ، فَإِنَّمَا أَطْعَمَهُ اللَّهُ وَسَقَاهُ \".\nقَالَ أَبُو مُحَمَّد : أَهْلُ الْحِجَازِ يَقُولُونَ : يَقْضِي، وَأَنَا أَقُولُ : لَا يَقْضِي","english":{"narrator":"","text":""}},{"id":46,"idInBook":46,"chapterId":4,"bookId":9,"arabic":"أَخْبَرَنَا عَبْدُ الصَّمَدِ بْنُ عَبْدِ الْوَارِثِ  ، حَدَّثَنِي أَبِي  ، حَدَّثَنِي حُسَيْنٌ الْمُعَلِّمُ  ، عَنْ يَحْيَى بْنِ أَبِي كَثِيرٍ  ، عَنْ الْأَوْزَاعِيِّ  ، عَنْ يَعِيشَ بْنِ الْوَلِيدِ  ، عَنْ أَبِيهِ  ، عَنْ مَعْدَانَ بْنِ أَبِي طَلْحَةَ  ، عَنْ أَبِي الدَّرْدَاءِ  ، أَنَّ النَّبِيَّ صَلَّى اللَّهُ عَلَيْهِ وَسَلَّمَ\" قَاءَ فَأَفْطَرَ \".\nقَالَ : فَلَقِيتُ ثَوْبَانَ بِمَسْجِدِ دِمَشْقَ ، فَذَكَرْتُ ذَلِكَ لَهُ، فَقَالَ : صَدَقَ، أَنَا صَبَبْتُ لَهُ الْوَضُوءَ.\n قَالَ عَبْد اللَّهِ : إِذَا اسْتَقَاءَ","english":{"narrator":"","text":""}},{"id":47,"idInBook":47,"chapterId":4,"bookId":9,"arabic":"أَخْبَرَنَا إِسْحَاق بْنُ إِبْرَاهِيمَ  ، حَدَّثَنَا عِيسَى بْنُ يُونُسَ  ، عَنْ هِشَامِ بْنِ حَسَّانَ  ، عَنْ ابْنِ سِيرِينَ  ، عَنْ أَبِي هُرَيْرَةَ  ، قَالَ : قَالَ رَسُولُ اللَّهِ صَلَّى اللَّهُ عَلَيْهِ وَسَلَّمَ :\" إِذَا ذَرَعَ الصَّائِمَ الْقَيْءُ وَهُوَ لَا يُرِيدُهُ، فَلَا قَضَاءَ عَلَيْهِ، وَإِذَا اسْتَقَاءَ، فَعَلَيْهِ الْقَضَاءُ \".\nقَالَ عِيسَى : زَعَمَ أَهْلُ الْبَصْرَةِ أَنَّ هِشَامًا أَوْهَمَ فِيهِ، فَمَوْضِعُ الْخِلَافِ هَهُنَا","english":{"narrator":"","text":""}},{"id":48,"idInBook":48,"chapterId":4,"bookId":9,"arabic":"أَخْبَرَنَا يَزِيدُ بْنُ هَارُونَ  ، أَخْبَرَنَا عَاصِمٌ  ، عَنْ عَبْدِ اللَّهِ بْنِ زِيدَ  ، عَنْ أَبِي الْأَشْعَثِ الصَّنْعَانِيِّ  ، عَنْ أَبِي أَسْمَاءَ الرَّحَبِيِّ  ، عَنْ شَدَّادِ بْنِ أَوْسٍ  ، قَالَ : مَرَرْتُ مَعَ رَسُولِ اللَّهِ صَلَّى اللَّهُ عَلَيْهِ وَسَلَّمَ فِي ثَمَانِ عَشْرَةَ خَلَتْ مِنْ رَمَضَانَ، فَأَبْصَرَ رَجُلًا يَحْتَجِمُ، فَقَالَ رَسُولُ اللَّهِ صَلَّى اللَّهُ عَلَيْهِ وَسَلَّمَ :\" أَفْطَرَ الْحَاجِمُ وَالْمَحْجُومُ \"","english":{"narrator":"","text":""}},{"id":49,"idInBook":49,"chapterId":4,"bookId":9,"arabic":"أَخْبَرَنَا وَهْبُ بْنُ جَرِيرٍ  ، حَدَّثَنَا هِشَامٌ  ، عَنْ يَحْيَى  ، عَنْ أَبِي قِلَابَةَ  ، أَنَّ أَبَا أَسْمَاءَ الرَّحَبِيَّ  حَدَّثَهُ، أَنَّ ثَوْبَانَ   حَدَّثَهُ، قَالَ : بَيْنَمَا رَسُولُ اللَّهِ صَلَّى اللَّهُ عَلَيْهِ وَسَلَّمَ يَمْشِي بِالْبَقِيعِ إِذَا رَجُلٌ يَحْتَجِمُ، فَقَالَ :\" أَفْطَرَ الْحَاجِمُ وَالْمَحْجُومُ \".\nقَالَ أَبُو مُحَمَّد : أَنَا أَتَّقِي الْحِجَامَةَ فِي الصَّوْمِ فِي رَمَضَانَ","english":{"narrator":"","text":""}},{"id":50,"idInBook":50,"chapterId":4,"bookId":9,"arabic":"أَخْبَرَنَا عَمْرُو بْنُ عَوْنٍ  ، حَدَّثَنَا خَالِدُ بْنُ عَبْدِ اللَّهِ  ، عَنْ وَاصِلٍ  مَوْلَى أَبِي عُيَيْنَةَ، عَنْ بَشَّارِ بْنِ أَبِي سَيْفٍ  ، عَنْ الْوَلِيدِ بْنِ عَبْدِ الرَّحْمَنِ  ، عَنْ عِيَاضِ بْنِ غُطَيْفٍ  ، عَنْ أَبِي عُبَيْدَةَ بْنِ الْجَرَّاحِ  ، قَالَ : سَمِعْتُ رَسُولَ اللَّهِ صَلَّى اللَّهُ عَلَيْهِ وَسَلَّمَ، يَقُولُ :\" الصَّوْمُ جُنَّةٌ مَا لَمْ يَخْرِقْهَا \".\nقَالَ أَبُو مُحَمَّد : يَعْنِي : بِالْغِيبَةِ","english":{"narrator":"","text":""}},{"id":51,"idInBook":51,"chapterId":4,"bookId":9,"arabic":"أَخْبَرَنَا أَبُو نُعَيْمٍ  ، حَدَّثَنَا عَبْدُ الرَّحْمَنِ بْنُ النُّعْمَانِ أَبُو النُّعْمَانِ الْأَنْصَارِيُّ  ، حَدَّثَنِي أَبِي  ، عَنْ جَدِّي  ، وَكَانَ جَدِّي قَدْ أُتِيَ بِهِ النَّبِيُّ صَلَّى اللَّهُ عَلَيْهِ وَسَلَّمَ فَمَسَحَ عَلَى رَأْسِهِ، وَقَالَ :\" لَا تَكْتَحِلْ بِالنَّهَارِ وَأَنْتَ صَائِمٌ، اكْتَحِلْ لَيْلًا، بِالْإِثْمِدِ، فَإِنَّهُ يَجْلُو الْبَصَرَ وَيُنْبِتُ الشَّعَرَ \".\nقَالَ أَبُو مُحَمَّد : لَا أَرَى بِالْكُحْلِ بَأْسًا","english":{"narrator":"","text":""}},{"id":52,"idInBook":52,"chapterId":4,"bookId":9,"arabic":"أَخْبَرَنَا عَبْدُ اللَّهِ بْنُ صَالِحٍ  ، حَدَّثَنِي بَكْرٌ هُوَ ابْنُ مُضَرَ  ، عَنْ عَمْرِو بْنِ الْحَارِثِ  ، عَنْ يَزِيدَ  مَوْلَى سَلَمَةَ بْنِ الْأَكْوَعِ،  عَنْ سَلَمَةَ  ، أَنَّهُ قَالَ : لَمَّا نَزَلَتْ هَذِهِ الْآيَةُ : # وَعَلَى الَّذِينَ يُطِيقُونَهُ فِدْيَةٌ طَعَامُ مِسْكِينٍ سورة البقرة آية 184 #، قَالَ :\" كَانَ مَنْ أَرَادَ أَنْ يُفْطِرَ وَيَفْتَدِيَ، فَعَلَ، حَتَّى نَزَلَتْ الْآيَةُ الَّتِي بَعْدَهَا، فَنَسَخَتْهَا \"","english":{"narrator":"","text":""}},{"id":53,"idInBook":53,"chapterId":4,"bookId":9,"arabic":"أَخْبَرَنَا أَبُو النُّعْمَانِ  ، حَدَّثَنَا حَمَّادُ بْنُ سَلَمَةَ  ، عَنْ سِمَاكِ بْنِ حَرْبٍ  ، عَنْ هَارُونَ ابْنِ ابْنَةِ أُمِّ هَانِئٍ أَوْ ابْنِ ابْنِ أُمِّ هَانِئٍ  ، عَنْ أُمِّ هَانِئٍ  ، أَنّ النَّبِيَّ صَلَّى اللَّهُ عَلَيْهِ وَسَلَّمَ دَخَلَ عَلَيْهَا وَهِيَ صَائِمَةٌ، فَأُتِيَ بِإِنَاءٍ فَشَرِبَ ثُمَّ نَاوَلَهَا فَشَرِبَتْ، فَقَالَ رَسُولُ اللَّهِ صَلَّى اللَّهُ عَلَيْهِ وَسَلَّمَ :\" إِنْ كَانَ قَضَاءَ رَمَضَانَ، فَصُومِي يَوْمًا آخَرَ، وَإِنْ كَانَ تَطَوُّعًا، فَإِنْ شِئْتِ، فَاقْضِيهِ، وَإِنْ شِئْتِ، فَلَا تَقْضِيهِ \"","english":{"narrator":"","text":""}},{"id":54,"idInBook":54,"chapterId":4,"bookId":9,"arabic":"حَدَّثَنَا عُثْمَانُ بْنُ مُحَمَّدٍ  ، حَدَّثَنَا جَرِيرٌ  ، عَنْ يَزِيدَ بْنِ أَبِي زِيَادٍ  ، عَنْ عَبْدِ اللَّهِ بْنِ الْحَارِثِ  ، عَنْ أُمِّ هَانِئٍ  ، قَالَتْ : لَمَّا كَانَ يَوْمُ فَتْحِ مَكَّةَ، جَاءَتْ فَاطِمَةُ فَجَلَسَتْ عَنْ يَسَارِ رَسُولِ اللَّهِ صَلَّى اللَّهُ عَلَيْهِ وَسَلَّمَ وَأُمُّ هَانِئٍ عَنْ يَمِينِهِ.\nقَالَتْ : فَجَاءَتْ الْوَلِيدَةُ بِإِنَاءٍ فِيهِ شَرَابٌ فَنَاوَلَتْهُ، فَشَرِبَ مِنْهُ ثُمَّ نَاوَلَهُ أُمَّ هَانِئٍ ، فَشَرِبَتْ مِنْهُ ثُمَّ قَالَتْ : يَا رَسُولَ اللَّهِ، لَقَدْ أَفْطَرْتُ، وَكُنْتُ صَائِمَةً.\nفَقَالَ لَهَا :\" أَكُنْتِ تَقْضِينَ شَيْئًا؟ قَالَتْ : لَا.\nقَالَ : \" فَلَا يَضُرُّكِ إِنْ كَانَ تَطَوُّعًا \".\n قَالَ أَبُو مُحَمَّد : أَقُولُ بِهِ","english":{"narrator":"","text":""}},{"id":55,"idInBook":55,"chapterId":4,"bookId":9,"arabic":"أَخْبَرَنَا حَجَّاجُ بْنُ مِنْهَالٍ  ، حَدَّثَنَا سُفْيَانُ بْنُ عُيَيْنَةَ  ، عَنْ أَبِي الزِّنَادِ  ، عَنْ الْأَعْرَجِ  ، عَنْ أَبِي هُرَيْرَةَ  ، قَالَ : قَالَ رَسُولُ اللَّهِ صَلَّى اللَّهُ عَلَيْهِ وَسَلَّمَ :\" إِذَا دُعِيَ أَحَدُكُمْ إِلَى طَعَامٍ وَهُوَ صَائِمٌ، فَلْيَقُلْ : إِنِّي صَائِمٌ \"","english":{"narrator":"","text":""}},{"id":56,"idInBook":56,"chapterId":4,"bookId":9,"arabic":"أَخْبَرَنَا هَاشِمُ بْنُ الْقَاسِمِ  ، حَدَّثَنَا شُعْبَةُ  ، عَنْ حَبِيبٍ الْأَنْصَارِيِّ  ، قَالَ : سَمِعْتُ مَوْلَاةً لَنَا يُقَالُ لَهَا لَيْلَى  تُحَدِّثُ، عَنْ جَدَّتِهَا أُمِّ عُمَارَةَ بِنْتِ كَعْبٍ  ، أَنَّ النَّبِيَّ صَلَّى اللَّهُ عَلَيْهِ وَسَلَّمَ دَخَلَ عَلَيْهَا، فَدَعَتْ لَهُ بِطَعَامٍ، فَقَالَ لَهَا : \" كُلِي \".\nفَقَالَتْ : إِنِّي صَائِمَةٌ.\n فَقَالَ النَّبِيُّ صَلَّى اللَّهُ عَلَيْهِ وَسَلَّمَ : \" إِنَّالصَّائِمَ إِذَا أُكِلَ عِنْدَهُ، صَلَّتْ عَلَيْهِ الْمَلَائِكَةُ حَتَّى يَفْرُغُوا، وَرُبَّمَا قَالَ : حَتَّى يَقْضُوا أَكْلَهُمْ \"","english":{"narrator":"","text":""}},{"id":57,"idInBook":57,"chapterId":4,"bookId":9,"arabic":"أَخْبَرَنَا عُبَيْدُ اللَّهِ  ، عَنْ إِسْرَائِيلَ  ، عَنْ مَنْصُورٍ  ، عَنْ سَالِمٍ  ، عَنْ أَبِي سَلَمَةَ  ، عَنْ أُمِّ سَلَمَةَ  ، قَالَتْ :\" مَا رَأَيْتُ رَسُولَ اللَّهِ صَلَّى اللَّهُ عَلَيْهِ وَسَلَّمَ صَامَ شَهْرًا تَامًّا إِلَّا شَعْبَانَ، فَإِنَّهُ كَانَ يَصِلُهُ بِرَمَضَانَ لِيَكُونَا شَهْرَيْنِ مُتَتَابِعَيْنِ، وَكَانَ يَصُومُ مِنْ الشَّهْرِ حَتَّى نَقُولَ : لَا يُفْطِرُ، وَيُفْطِرُ حَتَّى نَقُولَ : لَا يَصُومُ \"","english":{"narrator":"","text":""}},{"id":58,"idInBook":58,"chapterId":4,"bookId":9,"arabic":"أَخْبَرَنَا عَبْدُ الصَّمَدِ بْنُ عَبْدِ الْوَارِثِ  ، حَدَّثَنَا عَبْدُ الرَّحْمَنِ الْحَنَفِيُّ  يُقَالُ : عَبْدُ الرَّحْمَنِ بْنُ إِبْرَاهِيمَ، عَنْ الْعَلَاءِ  ، عَنْ أَبِيهِ  ، عَنْ أَبِي هُرَيْرَةَ  ، قَالَ : قَالَ رَسُولُ اللَّهِ صَلَّى اللَّهُ عَلَيْهِ وَسَلَّمَ :\" إِذَا كَانَ النِّصْفُ مِنْ شَعْبَانَ، فَأَمْسِكُوا عَنْ الصَّوْمِ \".\n  أَخْبَرَنَا الْحَكَمُ بْنُ الْمُبَارَكِ  ، عَنْ عَبْدِ الْعَزِيزِ بْنِ مُحَمَّدٍ  ، عَنْ الْعَلَاءِ  ، عَنْ أَبِيهِ  ، عَنْ أَبِي هُرَيْرَةَ  ، نَحْوَ هَذَا","english":{"narrator":"","text":""}},{"id":59,"idInBook":59,"chapterId":4,"bookId":9,"arabic":"أَخْبَرَنَا يَزِيدُ بْنُ هَارُونَ  ، أَخْبَرَنَا الْجُرَيْرِيُّ  ، عَنْ أَبِي الْعَلَاءِ بْنِ الشِّخِّيرِ  ، عَنْ مُطَرِّفٍ  ، عَنْ عِمْرَانَ بْنِ حُصَيْنٍ  ، أَنّ رَسُولَ اللَّهِ صَلَّى اللَّهُ عَلَيْهِ وَسَلَّمَ قَالَ لِرَجُلٍ : \" هَلْ صُمْتَ مِنْ سَرَرِ هَذَا الشَّهْرِ؟ \" فَقَالَ : لَا.\nقَالَ :\" إِذَا أَفْطَرْتَ مِنْ رَمَضَانَ، فَصُمْ يَوْمَيْنِ \".\nقَالَ أَبُو مُحَمَّد : سَرَرُهُ : آخِرُهُ","english":{"narrator":"","text":""}},{"id":60,"idInBook":60,"chapterId":4,"bookId":9,"arabic":"أَخْبَرَنَا مُحَمَّدُ بْنُ عِيسَى  ، حَدَّثَنَا أَبُو عَوَانَةَ  ، عَنْ أَبِي بِشْرٍ  ، عَنْ سَعِيدِ بْنِ جُبَيْرٍ  ، عَنْ ابْنِ عَبَّاسٍ  ، قَالَ :\" مَا صَامَ النَّبِيُّ صَلَّى اللَّهُ عَلَيْهِ وَسَلَّمَ شَهْرًا كَامِلًا غَيْرَ رَمَضَانَ، وَإِنْ كَانَ لَيَصُومُ إِذَا صَامَ حَتَّى يَقُولَ الْقَائِلُ : لَا وَاللَّهِ لَا يُفْطِرُ، وَيُفْطِرُ إِذَا أَفْطَرَ حَتَّى يَقُولَ الْقَائِلُ : لَا وَاللَّهِ لَا يَصُومُ \"","english":{"narrator":"","text":""}},{"id":61,"idInBook":61,"chapterId":4,"bookId":9,"arabic":"أَخْبَرَنَا مُحَمَّدُ بْنُ يُوسُفَ  ، عَنْ الْأَوْزَاعِيِّ  ، عَنْ قَتَادَةَ  ، عَنْ مُطَرِّفِ بْنِ عَبْدِ اللَّهِ بْنِ الشِّخِّيرِ  ، عَنْ أَبِيهِ  ، قَالَ : ذُكِرَ عِنْدَ رَسُولِ اللَّهِ صَلَّى اللَّهُ عَلَيْهِ وَسَلَّمَ رَجُلٌ يَصُومُ الدَّهْرَ، فَقَالَ :\" لَا صَامَ وَلَا أَفْطَرَ \"","english":{"narrator":"","text":""}},{"id":62,"idInBook":62,"chapterId":4,"bookId":9,"arabic":"أَخْبَرَنَا يَزِيدُ بْنُ هَارُونَ  ، حَدَّثَنَا الْعَوَّامُ  ، حَدَّثَنِي سُلَيْمَانُ بْنُ أَبِي سُلَيْمَانَ  ، أَنَّهُ سَمِعَ أَبَا هُرَيْرَةَ  ، يَقُولُ : أَوْصَانِي خَلِيلِي بِثَلَاثٍ لَسْتُ بِتَارِكِهِنَّ : \" أَنْلَا أَنَامَ إِلَّا عَلَى وِتْرٍ، وَأَنْ أَصُومَ ثَلَاثَةَ أَيَّامٍ مِنْ كُلِّ شَهْرٍ، وَأَنْ لَا أَدَعَ رَكْعَتَيْ الضُّحَى \".\n أَخْبَرَنَا أَبُو الْوَلِيدِ  ، حَدَّثَنَا شُعْبَةُ  ، عَنْ عَبَّاسٍ الْجُرَيْرِيِّ  ، عَنْ أَبِي عُثْمَانَ  ، عَنْ أَبِي هُرَيْرَةَ  ، نَحْوَهُ","english":{"narrator":"","text":""}},{"id":63,"idInBook":63,"chapterId":4,"bookId":9,"arabic":"حَدَّثَنَا أَبُو الْوَلِيدِ  ، حَدَّثَنَا شُعْبَةُ  ، عَنْ مُعَاوِيَةَ بْنِ قُرَّةَ  ، عَنْ أَبِيهِ  ، عَنْ النَّبِيِّ صَلَّى اللَّهُ عَلَيْهِ وَسَلَّمَ، قَالَ :\" صِيَامُ الْبِيضِ صِيَامُ الدَّهْرِ وَإِفْطَارُهُ \"","english":{"narrator":"","text":""}},{"id":64,"idInBook":64,"chapterId":4,"bookId":9,"arabic":"أَخْبَرَنَا أَبُو عَاصِمٍ  ، عَنْ ابْنِ جُرَيْجٍ  ، عَنْ عَبْدِ الْحَمِيدِ بْنِ جُبَيْرِ بْنِ شَيْبَةَ  ، عَنْ مُحَمَّدِ بْنِ عَبَّادِ بْنِ جَعْفَرٍ  ، قَالَ : قُلْتُ لِجَابِرٍ   :\" أَنَهَى النَّبِيُّ صَلَّى اللَّهُ عَلَيْهِ وَسَلَّمَ عَنْ صَوْمِ يَوْمِ الْجُمُعَةِ؟ قَالَ : نَعَمْ وَرَبِّ هَذَا الْبَيْتِ \"","english":{"narrator":"","text":""}},{"id":65,"idInBook":65,"chapterId":4,"bookId":9,"arabic":"أَخْبَرَنَا أَبُو عَاصِمٍ  ، عَنْ ثَوْرٍ  ، عَنْ خَالِدِ بْنِ مَعْدَانَ  ، حَدَّثَنِي عَبْدُ اللَّهِ بْنُ بُسْرٍ  ، عَنْ أُخْتِهِ يُقَالُ لَهَا الصَّمَّاءُ  ، أَنَّ رَسُولَ اللَّهِ صَلَّى اللَّهُ عَلَيْهِ وَسَلَّمَ، قَالَ :\" لَا تَصُومُوا يَوْمَ السَّبْتِ إِلَّا فِيمَا افْتُرِضَ عَلَيْكُمْ، وَإِنْ لَمْ يَجِدْ أَحَدُكُمْ إِلَّا كَذَا أَوْ لِحَاءَ شَجَرَةٍ فَلْيَمْضَغْهُ \"","english":{"narrator":"","text":""}},{"id":66,"idInBook":66,"chapterId":4,"bookId":9,"arabic":"حَدَّثَنَا وَهْبُ بْنُ جَرِيرٍ  ، حَدَّثَنَا هِشَامٌ  ، عَنْ يَحْيَى  ، عَنْ عُمَرَ بْنِ الْحَكَمِ بْنِ ثَوْبَانَ  ، أَنَّ مَوْلَى  قُدَامَةَ بْنِ مَظْعُونٍ حَدَّثَهُ، أَنَّ مَوْلَى  أُسَامَةَ حَدَّثَهُ، قَالَ : كَانَ أُسَامَةُ   يَرْكَبُ إِلَى مَالٍ لَهُ بِوَادِي الْقُرَى، فَيَصُومُ الِاثْنَيْنِ وَالْخَمِيسَ فِي الطَّرِيقِ، فَقُلْتُ لَهُ : لِمَ تَصُومُ الِاثْنَيْنِ وَالْخَمِيسَ فِي السَّفَرِ وَقَدْ كَبِرْتَ وَضَعُفْتَ أَوْ رَقِقْتَ؟ فَقَالَ : إِنَّ رَسُولَ اللَّهِ صَلَّى اللَّهُ عَلَيْهِ وَسَلَّمَ كَانَ يَصُومُ الِاثْنَيْنِ وَالْخَمِيسَ، وَقَالَ : \" إِنَّأَعْمَالَ النَّاسِ تُعْرَضُ يَوْمَ الِاثْنَيْنِ وَالْخَمِيسِ \"","english":{"narrator":"","text":""}},{"id":67,"idInBook":67,"chapterId":4,"bookId":9,"arabic":"أَخْبَرَنَا أَبُو عَاصِمٍ  ، عَنْ مُحَمَّدِ بْنِ رِفَاعَةَ  ، عَنْ سُهَيْلٍ  ، عَنْ أَبِيهِ  ، عَنْ أَبِي هُرَيْرَةَ  ، أَنَّ النَّبِيَّ صَلَّى اللَّهُ عَلَيْهِ وَسَلَّمَ كَانَ يَصُومُ يَوْمَ الِاثْنَيْنِ وَالْخَمِيسِ، فَسَأَلْتُهُ، فَقَالَ : \" إِنَّالْأَعْمَالَ تُعْرَضُ يَوْمَ الِاثْنَيْنِ وَالْخَمِيسِ \"","english":{"narrator":"","text":""}},{"id":68,"idInBook":68,"chapterId":4,"bookId":9,"arabic":"أَخْبَرَنَا عُثْمَانُ بْنُ مُحَمَّدٍ  ، حَدَّثَنَا سُفْيَانُ بْنُ عُيَيْنَةَ  ، عَنْ عَمْرٍو يَعْنِي ابْنَ دِينَارٍ  ، عَنْ عَمْرِو بْنِ أَوْسٍ  ، عَنْ عَبْدِ اللَّهِ بْنِ عَمْرٍو  ، يَرْفَعُهُ قَالَ :\" أَحَبُّ الصِّيَامِ إِلَى اللَّهِ G صِيَامُ دَاوُدَ ، كَانَ يَصُومُ يَوْمًا وَيُفْطِرُ يَوْمًا، وَأَحَبُّ الصَّلَاةِ إِلَى اللَّهِ G صَلَاةُ دَاوُدَ ، كَانَ يُصَلِّي نِصْفًا، وَيَنَامُ ثُلُثًا، وَيُسَبِّحُ سُدُسًا \".\nقَالَ أَبُو مُحَمَّد : هَذَا اللَّفْظُ الْأَخِيرُ غَلَطٌ أَوْ خَطَأٌ، إِنَّمَا هُوَ أَنَّهُ كَانَ يَنَامُ نِصْفَ اللَّيْلِ وَيُصَلِّي ثُلُثَهُ، وَيُسَبِّحُ تَسْبِيحَةً","english":{"narrator":"","text":""}},{"id":69,"idInBook":69,"chapterId":4,"bookId":9,"arabic":"حَدَّثَنَا سَعِيدُ بْنُ عَامِرٍ  ، عَنْ شُعْبَةَ  ، عَنْ عَبْدِ الْمَلِكِ بْنِ عُمَيْرٍ  ، عَنْ قَزَعَةَ  مَوْلَى زِيَادٍ، عَنْ أَبِي سَعِيدٍ الْخُدْرِيِّ  ، عَنْ النَّبِيِّ صَلَّى اللَّهُ عَلَيْهِ وَسَلَّمَ، قَالَ :\" لَا صَوْمَ يَوْمَيْنِ : يَوْمَ الْفِطْرِ وَيَوْمَ النَّحْرِ \"","english":{"narrator":"","text":""}},{"id":70,"idInBook":70,"chapterId":4,"bookId":9,"arabic":"حَدَّثَنَا نُعَيْمُ بْنُ حَمَّادٍ  ، حَدَّثَنَا عَبْدُ الْعَزِيزِ بْنُ مُحَمَّدٍ  ، حَدَّثَنَا صَفْوَانُ  ، وسَعْدُ بْنُ سَعِيدٍ  ، عَنْ عُمَرَ بْنِ ثَابِتٍ  ،  عَنْ أَبِي أَيُّوبَ  ، عَنْ النَّبِيِّ صَلَّى اللَّهُ عَلَيْهِ وَسَلَّمَ، قَالَ :\" مَنْ صَامَ رَمَضَانَ ثُمَّ أَتْبَعَهُ سِتَّةً مِنْ شَوَّالٍ، فَذَلِكَ صِيَامُ الدَّهْرِ \"","english":{"narrator":"","text":""}},{"id":71,"idInBook":71,"chapterId":4,"bookId":9,"arabic":"حَدَّثَنَا يَحْيَى بْنُ حَسَّانَ  ، حَدَّثَنَا يَحْيَى بْنُ حَمْزَةَ  ، حَدَّثَنَا يَحْيَى بْنُ الْحَارِثِ الذِّمَارِيُّ  ، عَنْ أَبِي أَسْمَاءَ الرَّحَبِيِّ  ، عَنْ ثَوْبَانَ  ، أَنّ رَسُولَ اللَّهِ صَلَّى اللَّهُ عَلَيْهِ وَسَلَّمَ، قَالَ :\" صِيَامُ شَهْرٍ بِعَشَرَةِ أَشْهُرٍ، وَسِتَّةِ أَيَّامٍ بَعْدَهُنَّ بِشَهْرَيْنِ، فَذَلِكَ تَمَامُ سَنَةٍ \"، يَعْنِي شَهْرَ رَمَضَانَ، وَسِتَّةَ أَيَّامٍ بَعْدَهُ","english":{"narrator":"","text":""}},{"id":72,"idInBook":72,"chapterId":4,"bookId":9,"arabic":"حَدَّثَنَا مُحَمَّدُ بْنُ سَعِيدٍ  ، حَدَّثَنَا مُحَمَّدُ بْنُ فُضَيْلٍ  ، عَنْ عَبْدِ الرَّحْمَنِ بْنِ إِسْحَاق  ، عَنْ النُّعْمَانِ بْنِ سَعْدٍ  ، قَالَ : جَاءَ رَجُلٌ إِلَى عَلِيٍّ فَسَأَلَهُ عَنْ شَهْرٍ بَعْدَ شَهْرِ رَمَضَانَ يَصُومُهُ، فَقَالَ لَهُ عَلِيٌّ   : مَا سَأَلَنِي أَحَدٌ عَنْ هَذَا بَعْدَ إِذْ سَمِعْتُ رَجُلًا سَأَلَ النَّبِيَّ صَلَّى اللَّهُ عَلَيْهِ وَسَلَّمَ : أَيُّ شَهْرٍ يَصُومُهُ مِنْ السَّنَةِ بَعْدَ شَهْرِ رَمَضَانَ.فَأَمَرَهُ بِصِيَامِ الْمُحَرَّمِ، وَقَالَ : \" إِنَّ فِيهِ يَوْمًا تَابَ اللَّهُ عَلَى قَوْمٍ وَيَتُوبُ فِيهِ عَلَى قَوْمٍ \"","english":{"narrator":"","text":""}},{"id":73,"idInBook":73,"chapterId":4,"bookId":9,"arabic":"أَخْبَرَنَا زَيْدُ بْنُ عَوْفٍ  ، حَدَّثَنَا أَبُو عَوَانَةَ  ، عَنْ عَبْدِ الْمَلِكِ بْنِ عُمَيْرٍ  ، عَنْ مُحَمَّدِ بْنِ الْمُنْتَشِرِ  ، عَنْ حُمَيْدِ بْنِ عَبْدِ الرَّحْمَنِ  ، عَنْ أَبِي هُرَيْرَةَ  ، أَنَّ النَّبِيَّ صَلَّى اللَّهُ عَلَيْهِ وَسَلَّمَ قَالَ :\" أَفْضَلُ الصِّيَامِ بَعْدَ شَهْرِ رَمَضَانَ شَهْرُ اللَّهِ الَّذِي تَدْعُونَهُ الْمُحَرَّمَ \"","english":{"narrator":"","text":""}},{"id":74,"idInBook":74,"chapterId":4,"bookId":9,"arabic":"حَدَّثَنَا أَبُو نُعَيْمٍ  ، وَأَخْبَرَنَا يَحْيَى بْنُ حَسَّانَ  ، أَخْبَرَنَا أَبُو عَوَانَةَ  ، عَنْ أَبِي بِشْرٍ  ، عَنْ حُمَيْدِ بْنِ عَبْدِ الرَّحْمَنِ الْحِمْيَرِيِّ  ، عَنْ أَبِي هُرَيْرَةَ  ، أَنّ النَّبِيَّ صَلَّى اللَّهُ عَلَيْهِ وَسَلَّمَ قَالَ :\" أَفْضَلُ الصِّيَامِ بَعْدَ شَهْرِ رَمَضَانَ الْمُحَرَّمُ \"","english":{"narrator":"","text":""}},{"id":75,"idInBook":75,"chapterId":4,"bookId":9,"arabic":"أَخْبَرَنَا سَهْلُ بْنُ حَمَّادٍ  ، حَدَّثَنَا شُعْبَةُ  ، عَنْ أَبِي بِشْرٍ  ، عَنْ سَعِيدِ بْنِ جُبَيْرٍ  ، عَنْ ابْنِ عَبَّاسٍ  ، أَنَّهُ قَالَ : قَدِمَ رَسُولُ اللَّهِ صَلَّى اللَّهُ عَلَيْهِ وَسَلَّمَ الْمَدِينَةَ ، وَالْيَهُودُ يَصُومُونَ يَوْمَ عَاشُورَاءَ، فَسَأَلَهُمْ، فَقَالُوا : هَذَا الْيَوْمُ الَّذِي ظَهَرَ فِيهِ مُوسَى عَلَى فِرْعَوْنَ.\nفَقَالَ رَسُولُ اللَّهِ صَلَّى اللَّهُ عَلَيْهِ وَسَلَّمَ :\" أَنْتُمْ أَوْلَى بِمُوسَى فَصُومُوهُ \"","english":{"narrator":"","text":""}},{"id":76,"idInBook":76,"chapterId":4,"bookId":9,"arabic":"أَخْبَرَنَا عُبَيْدُ اللَّهِ بْنُ عَبْدِ الْمَجِيدِ  ، حَدَّثَنَا ابْنُ أَبِي ذِئْبٍ  ، عَنْ الزُّهْرِيِّ  ، عَنْ عُرْوَةَ  ، عَنْ عَائِشَةَ  ، أَنَّ النَّبِيَّ صَلَّى اللَّهُ عَلَيْهِ وَسَلَّمَ كَانَ يَصُومُ يَوْمَ عَاشُورَاءَ،\" وَيَأْمُرُنَا بِصِيَامِهِ \"","english":{"narrator":"","text":""}},{"id":77,"idInBook":77,"chapterId":4,"bookId":9,"arabic":"أَخْبَرَنَا أَبُو عَاصِمٍ  ، عَنْ يَزِيدَ بْنِ أَبِي عُبَيْدٍ  ، عَنْ سَلَمَةَ بْنِ الْأَكْوَعِ  ، أَنَّ النَّبِيَّ صَلَّى اللَّهُ عَلَيْهِ وَسَلَّمَ بَعَثَ يَوْمَ عَاشُورَاءَ رَجُلًا مِنْ أَسْلَمَ : \" إِنَّالْيَوْمَ يَوْمُ عَاشُورَاءَ، فَمَنْ كَانَ أَكَلَ أَوْ شَرِبَ، فَلْيُتِمَّ بَقِيَّةَ يَوْمِهِ، وَمَنْ لَمْ يَكُنْ أَكَلَ أَوْ شَرِبَ، فَلْيَصُمْهُ \"","english":{"narrator":"","text":""}},{"id":78,"idInBook":78,"chapterId":4,"bookId":9,"arabic":"أَخْبَرَنَا يَعْلَى  ، عَنْ مُحَمَّدِ بْنِ إِسْحَاق  ، عَنْ نَافِعٍ  ، عَنْ ابْنِ عُمَرَ  ، قَالَ : قَالَ رَسُولُ اللَّهِ صَلَّى اللَّهُ عَلَيْهِ وَسَلَّمَ :\" هَذَا يَوْمُ عَاشُورَاءَ، وَكَانَتْ قُرَيْشٌ تَصُومُهُ فِي الْجَاهِلِيَّةِ، فَمَنْ أَحَبَّ مِنْكُمْ أَنْ يَصُومَهُ، فَلْيَصُمْهُ، فَمَنْ أَحَبَّ مِنْكُمْ أَنْ يَتْرُكَهُ فَلْيَتْرُكْهُ \".\nوَكَانَ ابْنُ عُمَرَ لَا يَصُومُهُ إِلَّا أَنْ يُوَافِقَ صِيَامَهُ","english":{"narrator":"","text":""}},{"id":79,"idInBook":79,"chapterId":4,"bookId":9,"arabic":"أَخْبَرَنَا عَبْدُ الْوَهَّابِ بْنُ سَعِيدٍ  ، حَدَّثَنَا شُعَيْبُ بْنُ إِسْحَاق  ، عَنْ هِشَامِ بْنِ عُرْوَةَ  ، عَنْ أَبِيهِ  ، عَنْ عَائِشَةَ  ، قَالَتْ : \" كَانَ يَوْمُ عَاشُورَاءَ يَوْمًا تَصُومُهُ قُرَيْشٌ فِي الْجَاهِلِيَّةِ، فَلَمَّا قَدِمَ رَسُولُ اللَّهِ صَلَّى اللَّهُ عَلَيْهِ وَسَلَّمَ الْمَدِينَةَ ، صَامَهُوَأَمَرَ بِصِيَامِهِ، حَتَّى إِذَا فُرِضَ رَمَضَانُ، كَانَ رَمَضَانُ هُوَ الْفَرِيضَةُ، وَتُرِكَ يَوْمُ عَاشُورَاءَ فَمَنْ شَاءَ صَامَهُ، وَمَنْ شَاءَ تَرَكَهُ \"","english":{"narrator":"","text":""}},{"id":80,"idInBook":80,"chapterId":4,"bookId":9,"arabic":"أَخْبَرَنَا وَهْبُ بْنُ جَرِيرٍ  ، حَدَّثَنَا مُوسَى بْنُ عُلَيٍّ  ، عَنْ أَبِيهِ  ، عَنْ عُقْبَةَ بْنِ عَامِرٍ  ، قَالَ : قَالَ رَسُولُ اللَّهِ صَلَّى اللَّهُ عَلَيْهِ وَسَلَّمَ :\" يَوْمُ عَرَفَةَ ، وَأَيَّامُ التَّشْرِيقِ عِيدُنَا أَهْلَ الْإِسْلَامِ، وَهِيَ أَيَّامُ أَكْلٍ وَشُرْبٍ \"","english":{"narrator":"","text":""}},{"id":81,"idInBook":81,"chapterId":4,"bookId":9,"arabic":"أَخْبَرَنَا الْمُعَلَّى بْنُ أَسَدٍ  ، حَدَّثَنَا إِسْمَاعِيل ابْنُ عُلَيَّةَ  ، حَدَّثَنَا ابْنُ أَبِي نَجِيحٍ  ، عَنْ أَبِيهِ  ، قَالَ : سُئِلَ ابْنُ عُمَرَ   عَنْ صَوْمِ يَوْمِ عَرَفَةَ ، فَقَالَ :\" حَجَجْتُ مَعَ النَّبِيِّ صَلَّى اللَّهُ عَلَيْهِ وَسَلَّمَ فَلَمْ يَصُمْهُ، وَحَجَجْتُ مَعَ أَبِي بَكْرٍ فَلَمْ يَصُمْهُ، وَحَجَجْتُ مَعَ عُمَرَ، فَلَمْ يَصُمْهُ، وَحَجَجْتُ مَعَ عُثْمَانَ، فَلَمْ يَصُمْهُ، وَأَنَا لَا أَصُومُهُ، وَلَا آمُرُ بِهِ، وَلَا أَنْهَى عَنْهُ \"","english":{"narrator":"","text":""}},{"id":82,"idInBook":82,"chapterId":4,"bookId":9,"arabic":"حَدَّثَنَا أَبُو النُّعْمَانِ  ، حَدَّثَنَا حَمَّادُ بْنُ زَيْدٍ  ، عَنْ عَمْرِو بْنِ دِينَارٍ  ، عَنْ نَافِعِ بْنِ جُبَيْرٍ  ، عَنْ بِشْرِ بْنِ سُحَيْمٍ  ، أَنَّ رَسُولَ اللَّهِ صَلَّى اللَّهُ عَلَيْهِ وَسَلَّمَ أَمَرَهُ أَوْ أَمَرَ رَجُلًا يُنَادِي أَيَّامَ التَّشْرِيقِ : \" أَنَّهُلَا يَدْخُلُ الْجَنَّةَ إِلَّا مُؤْمِنٌ، وَهِيَ أَيَّامُ أَكْلٍ وَشُرْبٍ \"","english":{"narrator":"","text":""}},{"id":83,"idInBook":83,"chapterId":4,"bookId":9,"arabic":"أَخْبَرَنَا عَبْدُ اللَّهِ بْنُ صَالِحٍ  ، حَدَّثَنِي اللَّيْثُ  ، حَدَّثَنِي يَزِيدُ بْنُ عَبْدِ اللَّهِ  ، عَنْ أَبِي مُرَّةَ  مَوْلَى عَقِيلٍ، أَنَّهُ : دَخَلَ هُوَ وَعَبْدُ اللَّهِ بْنُ عَمْرٍو عَلَى عَمْرِو بْنِ الْعَاصِ، وَذَلِكَ الْغَدَ أَوْ بَعْدَ الْغَدِ مِنْ يَوْمِ الْأَضْحَى، فَقَرَّبَ إِلَيْهِمْ عَمْرٌو طَعَامًا، فَقَالَ عَبْدُ اللَّهِ : إِنِّي صَائِمٌ.\n فَقَالَ عَمْرٌو   : \" أَفْطِرْ، فَإِنَّهَذِهِ الْأَيَّامَ الَّتِي كَانَ رَسُولُ اللَّهِ صَلَّى اللَّهُ عَلَيْهِ وَسَلَّمَ يَأْمُرُنَا بِفِطْرِهَا وَيَنْهَانَا عَنْ صِيَامِهَا.\nفَأَفْطَرَ عَبْدُ اللَّهِ، فَأَكَلَ وَأَكَلْتُ مَعَهُ \"","english":{"narrator":"","text":""}},{"id":84,"idInBook":84,"chapterId":4,"bookId":9,"arabic":"حَدَّثَنَا سَهْلُ بْنُ حَمَّادٍ  ، حَدَّثَنَا شُعْبَةُ  ، عَنْ أَبِي بِشْرٍ  ، عَنْ سَعِيدِ بْنِ جُبَيْرٍ  ، عَنْ ابْنِ عَبَّاسٍ  ، أَنَّ امْرَأَةً نَذَرَتْ أَنْ تَصُومَ، فَمَاتَتْ، فَجَاءَ أَخُوهَا إِلَى رَسُولِ اللَّهِ صَلَّى اللَّهُ عَلَيْهِ وَسَلَّمَ فَسَأَلَهُ عَنْ ذَلِكَ، فَقَالَ لَهُ رَسُولُ اللَّهِ صَلَّى اللَّهُ عَلَيْهِ وَسَلَّمَ : \" لَوْ كَانَ عَلَيْهَا دَيْنٌ أَكُنْتَ قَاضِيَهُ؟ \" قَالَ : نَعَمْ.\n قَالَ :\" فَاقْضُوا اللَّهَ، فَاللَّهُ أَحَقُّ بِالْوَفَاءِ \".\nقَالَ : فَصَامَ عَنْهَا","english":{"narrator":"","text":""}},{"id":85,"idInBook":85,"chapterId":4,"bookId":9,"arabic":"أَخْبَرَنَا يَزِيدُ بْنُ هَارُونَ  ، أَخْبَرَنَا مُحَمَّدُ بْنُ عَمْرٍو  ، عَنْ أَبِي سَلَمَةَ  ،  عَنْ أَبِي هُرَيْرَةَ  ، قَالَ : قَالَ رَسُولُ اللَّهِ صَلَّى اللَّهُ عَلَيْهِ وَسَلَّمَ :\" لَخُلُوفُ فَمِ الصَّائِمِ أَطْيَبُ عِنْدَ اللَّهِ مِنْ رِيحِ الْمِسْكِ، وَلِلصَّائِمِ فَرْحَتَانِ : فَرْحَةٌ عِنْدَ فِطْرِهِ، وَفَرْحَةٌ يَوْمَ الْقِيَامَةِ \"","english":{"narrator":"","text":""}},{"id":86,"idInBook":86,"chapterId":4,"bookId":9,"arabic":"أَخْبَرَنَا يَزِيدُ  ، أَخْبَرَنَا مُحَمَّدُ بْنُ عَمْرٍو  ، عَنْ أَبِي سَلَمَةَ  ، عَنْ أَبِي هُرَيْرَةَ  ، قَالَ : قَالَ رَسُولُ اللَّهِ صَلَّى اللَّهُ عَلَيْهِ وَسَلَّمَ : \" يَقُولُ اللَّهُ تَعَالَى :كُلُّ عَمَلِ ابْنِ آدَمَ لَهُ : فَالْحَسَنَةُ بِعَشْرِ أَمْثَالِهَا إِلَى سَبْعِ مِئَةِ ضِعْفٍ، إِلَّا الصِّيَامَ هُوَ لِي وَأَنَا أَجْزِي بِهِ، إِنَّهُ يَتْرُكُ الطَّعَامَ وَشَهْوَتَهُ مِنْ أَجْلِي، وَيَتْرُكُ الشَّرَابَ وَشَهْوَتَهُ مِنْ أَجْلِي، فَهُوَ لِي وَأَنَا أَجْزِي بِهِ \"","english":{"narrator":"","text":""}},{"id":87,"idInBook":87,"chapterId":4,"bookId":9,"arabic":"أَخْبَرَنَا أَبُو نُعَيْمٍ  ، حَدَّثَنَا الْأَعْمَشُ  ، عَنْ أَبِي صَالِحٍ  ، عَنْ أَبِي هُرَيْرَةَ  ، قَالَ : قَالَ رَسُولُ اللَّهِ صَلَّى اللَّهُ عَلَيْهِ وَسَلَّمَ :\" الصَّوْمُ جُنَّةٌ \"","english":{"narrator":"","text":""}},{"id":88,"idInBook":88,"chapterId":4,"bookId":9,"arabic":"أَخْبَرَنَا يَزِيدُ بْنُ هَارُونَ  ، أَخْبَرَنَا هِشَامٌ الدَّسْتَوَائِيُّ  ، عَنْ يَحْيَى بْنِ أَبِي كَثِيرٍ  ، عَنْ أَنَسِ بْنِ مَالِكٍ  ، أَنّ النَّبِيَّ صَلَّى اللَّهُ عَلَيْهِ وَسَلَّمَ كَانَ إِذَا أَفْطَرَ عِنْدَ أُنَاسٍ، قَالَ :\" أَفْطَرَ عِنْدَكُمْ الصَّائِمُونَ، وَأَكَلَ طَعَامَكُمْ الْأَبْرَارُ، وَتَنَزَّلَتْ عَلَيْكُمْ الْمَلَائِكَةُ \"","english":{"narrator":"","text":""}},{"id":89,"idInBook":89,"chapterId":4,"bookId":9,"arabic":"حَدَّثَنَا سَعِيدُ بْنُ الرَّبِيعِ  ، حَدَّثَنَا شُعْبَةُ  ، عَنْ سُلَيْمَانَ  ، قَالَ : سَمِعْتُ مُسْلِمًا الْبَطِينَ  ، عَنْ سَعِيدِ بْنِ جُبَيْرٍ  ، عَنْ ابْنِ عَبَّاسٍ   رَضِيَ اللهِ عَنْهُمَا، عَنْ النَّبِيِّ صَلَّى اللَّهُ عَلَيْهِ وَسَلَّمَ، قَالَ :\" مَا الْعَمَلُ، فِي أَيَّامٍ أَفْضَلَ مِنْ الْعَمَلِ فِي عَشْرِ ذِي الْحِجَّةِ \".\nقِيلَ : وَلَا الْجِهَادُ فِي سَبِيلِ اللَّهِ؟ قَالَ : \" وَلَا الْجِهَادُ فِي سَبِيلِ اللَّهِ، إِلَّا رَجُلٌ خَرَجَ بِنَفْسِهِ وَمَالِهِ ثُمَّ لَمْ يَرْجِعْ بِشَيْءٍ \"","english":{"narrator":"","text":""}},{"id":90,"idInBook":90,"chapterId":4,"bookId":9,"arabic":"أَخْبَرَنَا يَزِيدُ بْنُ هَارُونَ  ، أَخْبَرَنَا أَصْبَغُ  ، عَنْ الْقَاسِمِ بْنِ أَبِي أَيُّوبَ  ، عَنْ سَعِيدٍ  ، عَنْ ابْنِ عَبَّاسٍ  ، عَنْ النَّبِيِّ صَلَّى اللَّهُ عَلَيْهِ وَسَلَّمَ، قَالَ :\" مَا مِنْ عَمَلٍ أَزْكَى عِنْدَ اللَّهِ G وَلَا أَعْظَمَ أَجْرًا، مِنْ خَيْرٍ يَعْمَلُهُ فِي عَشْرِ الْأَضْحَى \".\nقِيلَ : وَلَا الْجِهَادُ فِي سَبِيلِ اللَّهِ؟ قَالَ : \" وَلَا الْجِهَادُ فِي سَبِيلِ اللَّهِ G إِلَّا رَجُلٌ خَرَجَ بِنَفْسِهِ وَمَالِهِ فَلَمْ يَرْجِعْ مِنْ ذَلِكَ بِشَيْءٍ \".\n قَالَ : وَكَانَ سَعِيدُ بْنُ جُبَيْرٍ إِذَا دَخَلَ أَيَّامُ الْعَشْرِ، اجْتَهَدَ اجْتِهَادًا شَدِيدًا حَتَّى مَا يَكَادُ يَقْدِرُ عَلَيْهِ","english":{"narrator":"","text":""}},{"id":91,"idInBook":91,"chapterId":4,"bookId":9,"arabic":"حَدَّثَنَا أَبُو الرَّبِيعِ الزَّهْرَانِيُّ  ، حَدَّثَنَا إِسْمَاعِيل بْنُ جَعْفَرٍ  ، حَدَّثَنَا أَبُو سُهَيْلٍ  ، عَنْ أَبِيهِ  ، عَنْ أَبِي هُرَيْرَةَ  ، أَنَّ رَسُولَ اللَّهِ صَلَّى اللَّهُ عَلَيْهِ وَسَلَّمَ قَالَ :\" إِذَا جَاءَ رَمَضَانُ، فُتِحَتْ أَبْوَابُ السَّمَاءِ، وَغُلِّقَتْ أَبْوَابُ النَّارِ، وَصُفِّدَتْ الشَّيَاطِينُ \"","english":{"narrator":"","text":""}},{"id":92,"idInBook":92,"chapterId":4,"bookId":9,"arabic":"حَدَّثَنَا وَهْبُ بْنُ جَرِيرٍ  ، حَدَّثَنَا هِشَامٌ  ، عَنْ يَحْيَى بْنِ أَبِي كَثِيرٍ  ، عَنْ أَبِي سَلَمَةَ بْنِ عَبْدِ الرَّحْمَنِ  ، عَنْ أَبِي هُرَيْرَةَ  ، أَنَّ النَّبِيَّ صَلَّى اللَّهُ عَلَيْهِ وَسَلَّمَ قَالَ :\" مَنْ قَامَ رَمَضَانَ إِيمَانًا وَاحْتِسَابًا ، غُفِرَ لَهُ مَا تَقَدَّمَ مِنْ ذَنْبِهِ، وَمَنْ قَامَ لَيْلَةَ الْقَدْرِ، غُفِرَ لَهُ مَا تَقَدَّمَ مِنْ ذَنْبِهِ \"","english":{"narrator":"","text":""}},{"id":93,"idInBook":93,"chapterId":4,"bookId":9,"arabic":"حَدَّثَنَا زَكَرِيَّا بْنُ عَدِيٍّ  ، حَدَّثَنَا يَزِيدُ بْنُ زُرَيْعٍ  ، عَنْ دَاوُدَ بْنِ أَبِي هِنْدٍ  ، عَنْ الْوَلِيدِ بْنِ عَبْدِ الرَّحْمَنِ  ، عَنْ جُبَيْرِ بْنِ نُفَيْرٍ  ، عَنْ أَبِي ذَرٍّ  ، قَالَ : صُمْنَا مَعَ رَسُولِ اللَّهِ صَلَّى اللَّهُ عَلَيْهِ وَسَلَّمَ شَهْرَ رَمَضَانَ، قَالَ : فَلَمْ يَقُمْ بِنَا مِنْ الشَّهْرِ شَيْئًا حَتَّى بَقِيَ سَبْعٌ.\nقَالَ : فَقَامَ بِنَا حَتَّى ذَهَبَ ثُلُثُ اللَّيْلِ.\nقَالَ : فَلَمَّا كَانَتْ السَّادِسَةُ، لَمْ يَقُمْ بِنَا، فَلَمَّا كَانَتْ الْخَامِسَةُ، قَامَ بِنَا حَتَّى ذَهَبَ شَطْرُ اللَّيْلِ الْآخِرُ، قُلْنَا : يَا رَسُولَ اللَّهِ، لَوْ نَفَّلْتَنَا بَقِيَّةَ هَذِهِ اللَّيْلَةِ، فَقَالَ : \" إِنَّالرَّجُلَ إِذَا قَامَ مَعَ الْإِمَامِ حَتَّى يَنْصَرِفَ مِنْ صَلَاتِهِ، حُسِبَ لَهُ قِيَامُ لَيْلَتِهِ \"، فَلَمَّا كَانَتْ الرَّابِعَةُ لَمْ يَقُمْ بِنَا، فَلَمَّا كَانَتْ الثَّالِثَةُ، جَمَعَ أَهْلَهُ وَنِسَاءَهُ، وَالنَّاسَ فَقَامَ بِنَا حَتَّى خَشِينَا أَنْ يَفُوتَنَا الْفَلَاحُ.\nقُلْنَا : وَمَا الْفَلَاحُ؟ قَالَ : السُّحُورُ، قَالَ : ثُمَّ لَمْ يَقُمْ بِنَا بَقِيَّةَ الشَّهْرِ.\nحَدَّثَنَا عُبَيْدُ اللَّهِ بْنُ مُوسَى  ، عَنْ سُفْيَانَ  ، عَنْ دَاوُدَ  ، عَنْ الْوَلِيدِ بْنِ عَبْدِ الرَّحْمَنِ الْجُرَشِيِّ  ، عَنْ جُبَيْرِ بْنِ نُفَيْرٍ الْحَضْرَمِيِّ  ، عَنْ أَبِي ذَرٍّ  ، نَحْوَهُ","english":{"narrator":"","text":""}},{"id":94,"idInBook":94,"chapterId":4,"bookId":9,"arabic":"حَدَّثَنَا عَاصِمُ بْنُ يُوسُفَ  ، حَدَّثَنَا أَبُو بَكْرِ بْنِ عَيَّاشٍ  ، عَنْ أَبِي حَصِينٍ  ، عَنْ أَبِي صَالِحٍ  ،  عَنْ أَبِي هُرَيْرَةَ  ، قَالَ : \" كَانَ رَسُولُ اللَّهِ صَلَّى اللَّهُ عَلَيْهِ وَسَلَّمَيَعْتَكِفُ الْعَشْرَ الْأَوَاخِرَ، فَلَمَّا كَانَ الْعَامُ الَّذِي قُبِضَ فِيهِ، اعْتَكَفَ عِشْرِينَ يَوْمًا \"","english":{"narrator":"","text":""}},{"id":95,"idInBook":95,"chapterId":4,"bookId":9,"arabic":"حَدَّثَنَا أَبُو الْيَمَانِ  ، أَخْبَرَنَا شُعَيْبُ بْنُ أَبِي حَمْزَةَ  ، عَنْ الزُّهْرِيِّ  ، أَخْبَرَنِي عَلِيُّ بْنُ حُسَيْنٍ  ، أَنَّ صَفِّيَةَ بِنْتَ حُيَيٍّ   أَخْبَرَتْهُ، أَنَّهَا جَاءَتْ النَّبِيَّ صَلَّى اللَّهُ عَلَيْهِ وَسَلَّمَ تَزُورُهُ فِي\" اعْتِكَافِهِ فِي الْمَسْجِدِ، فِي الْعَشْرِ الْأَوَاخِرِ مِنْ رَمَضَانَ، فَتَحَدَّثَتْ عِنْدَهُ سَاعَةً ثُمَّ قَامَتْ \"","english":{"narrator":"","text":""}},{"id":96,"idInBook":96,"chapterId":4,"bookId":9,"arabic":"أَخْبَرَنَا يَزِيدُ بْنُ هَارُونَ  ، حَدَّثَنَا حُمَيْدٌ  ، عَنْ أَنَسٍ  ، عَنْ عُبَادَةَ بْنِ الصَّامِتِ  ، قَالَ : خَرَجَ عَلَيْنَا رَسُولُ اللَّهِ صَلَّى اللَّهُ عَلَيْهِ وَسَلَّمَ وَهُوَ يُرِيدُ أَنْ يُخْبِرَنَا بِلَيْلَةِ الْقَدْرِ، فَتَلَاحَى رَجُلَانِ مِنْ الْمُسْلِمِينَ، فَقَالَ رَسُولُ اللَّهِ صَلَّى اللَّهُ عَلَيْهِ وَسَلَّمَ : \" إِنِّي خَرَجْتُ إِلَيْكُمْ، وَأَنَا أُرِيدُ أَنْ أُخْبِرَكُمْ بِلَيْلَةِ الْقَدْرِ، وَكَانَ بَيْنَ فُلَانٍ وَفُلَانٍ لِحَاءٌ فَرُفِعَتْ، وَعَسَى أَنْ يَكُونَ خَيْرًا،فَالْتَمِسُوهَا فِي الْعَشْرِ الْأَوَاخِرِ : فِي الْخَامِسَةِ، وَالسَّابِعَةِ، وَالتَّاسِعَةِ \"","english":{"narrator":"","text":""}},{"id":97,"idInBook":97,"chapterId":4,"bookId":9,"arabic":"أَخْبَرَنَا عَبْدُ اللَّهِ بْنُ صَالِحٍ  ، حَدَّثَنِي اللَّيْثُ  ، حَدَّثَنِي يُونُسُ  ، عَنْ ابْنِ شِهَابٍ  ، قَالَ : وَقَالَ أَبُو سَلَمَةَ  ،  عَنْ أَبِي هُرَيْرَةَ  ، أَنَّ رَسُولَ اللَّهِ صَلَّى اللَّهُ عَلَيْهِ وَسَلَّمَ قَالَ : \" أُرِيتُ لَيْلَةَ الْقَدْرِ ثُمَّ أَيْقَظَنِي بَعْضُ أَهْلِي فَنَسِيتُهَا،فَالْتَمِسُوهَا فِي الْعَشْرِ الْغَوَابِرِ \"","english":{"narrator":"","text":""}},{"id":98,"idInBook":98,"chapterId":4,"bookId":9,"arabic":"أَخْبَرَنَا عَبْدُ اللَّهِ بْنُ صَالِحٍ  ، حَدَّثَنِي اللَّيْثُ  ، حَدَّثَنِي عُقَيْلٌ  ، عَنْ ابْنِ شِهَابٍ  ، قَالَ : أَخْبَرَنِي سَالِمُ بْنُ عَبْدِ اللَّهِ  ، أَنَّ عَبْدَ اللَّهِ بْنَ عُمَرَ  ، قَالَ : إِنَّ رَسُولَ اللَّهِ صَلَّى اللَّهُ عَلَيْهِ وَسَلَّمَ قَالَ :\" الْتَمِسُوا لَيْلَةَ الْقَدْرِ فِي السَّبْعِ الْأَوَاخِرِ \"","english":{"narrator":"","text":""}}],"chapter":{"id":4,"bookId":9,"arabic":"وَمِنْ كِتَابِ الصَّوْمِ","english":""}}