{
  "metadata": {
    "length": 55,
    "arabic": {
      "title": "سنن الدارمي",
      "author": "الإمام أبو محمد عبد الرحمن بن عبد الله بن الدارمي",
      "introduction": "مِنْ كِتَابِ الْأَضَاحِيِّ"
    },
    "english": {
      "title": "Sunan al-Darimi",
      "author": "Imam Abu Muhammad Abd al-Rahman ibn Abd Allah ibn al-Darimi",
      "introduction": ""
    }
  },
  "hadiths": [
    {
      "id": 1,
      "idInBook": 1,
      "chapterId": 6,
      "bookId": 9,
      "arabic": "أَخْبَرَنَا سَعِيدُ بْنُ عَامِرٍ  ، عَنْ شُعْبَةَ  ، عَنْ قَتَادَةَ  ، عَنْ أَنَسٍ  ، قَالَ :\" ضَحَّى رَسُولُ اللَّهِ صَلَّى اللَّهُ عَلَيْهِ وَسَلَّمَ بِكَبْشَيْنِ أَمْلَحَيْنِ أَقْرَنَيْنِ، وَيُسَمِّي وَيُكَبِّرُ، لَقَدْ رَأَيْتُهُ يَذْبَحُهُمَا بِيَدِهِ وَاضِعًا عَلَى صِفَاحِهِمَا قَدَمَهُ \"، قُلْتُ : أَنْتَ سَمِعْتَهُ؟ قَالَ : نَعَمْ",
      "english": {
        "narrator": "",
        "text": ""
      },
      "turkish": {
        "narrator": "",
        "text": "It seems that there are no hadith texts provided in your request. Please provide the hadith texts you would like me to translate into Turkish, and I will be happy to assist you."
      }
    },
    {
      "id": 2,
      "idInBook": 2,
      "chapterId": 6,
      "bookId": 9,
      "arabic": "أَخْبَرَنَا أَحْمَدُ بْنُ خَالِدٍ  ، حَدَّثَنَا مُحَمَّدُ بْنُ إِسْحَاق  ، عَنْ يَزِيدَ بْنِ أَبِي حَبِيبٍ  ، عَنْ أَبِي عَيَّاشٍ  ، عَنْ جَابِرِ بْنِ عَبْدِ اللَّهِ  ، قَالَ : ضَحَّى رَسُولُ اللَّهِ صَلَّى اللَّهُ عَلَيْهِ وَسَلَّمَ بِكَبْشَيْنِ فِي يَوْمِ الْعِيدِ، فَقَالَ حِينَ وَجَّهَهُمَا : \" إِنِّيوَجَّهْتُ وَجْهِيَ لِلَّذِي فَطَرَ السَّمَوَاتِ وَالْأَرْضَ حَنِيفًا وَمَا أَنَا مِنْ الْمُشْرِكِينَ.\nإِنَّ صَلَاتِي وَنُسُكِي وَمَحْيَايَ وَمَمَاتِي لِلَّهِ رَبِّ الْعَالَمِينَ، لَا شَرِيكَ لَهُ، وَبِذَلِكَ أُمِرْتُ وَأَنَا أَوَّلُ الْمُسْلِمِينَ.\n اللَّهُمَّ إِنَّ هَذَا مِنْكَ وَلَكَ، عَنْ مُحَمَّدٍ وَأُمَّتِهِ \"، ثُمَّ سَمَّى اللَّهَ وَكَبَّرَ وَذَبَحَ",
      "english": {
        "narrator": "",
        "text": ""
      },
      "turkish": {
        "narrator": "",
        "text": ""
      }
    },
    {
      "id": 3,
      "idInBook": 3,
      "chapterId": 6,
      "bookId": 9,
      "arabic": "أَخْبَرَنَا عَبْدُ اللَّهِ بْنُ صَالِحٍ  ، حَدَّثَنِي اللَّيْثُ  ، حَدَّثَنِي خَالِدٌ يَعْنِي : ابْنَ يَزِيدَ  ، حَدَّثَنِي سَعِيدٌ يَعْنِي : ابْنَ أَبِي هِلَالٍ  ، عَنْ عَمْرِو بْنِ مُسْلِمٍ  ، أَخْبَرَنِي ابْنُ الْمُسَيَّبِ  ، أَنَّ أُمَّ سَلَمَةَ   أَخْبَرَتْهُ، عَنْ رَسُولِ اللَّهِ صَلَّى اللَّهُ عَلَيْهِ وَسَلَّمَ أَنَّهُ، قَالَ :\" مَنْ أَرَادَ أَنْ يُضَحِّيَ، فَلَا يُقَلِّمْ أَظْفَارَهُ، وَلَا يَحْلِقْ شَيْئًا مِنْ شَعْرِهِ فِي الْعَشْرِ الْأُوَلِ مِنْ ذِي الْحِجَّةِ \"",
      "english": {
        "narrator": "",
        "text": ""
      },
      "turkish": {
        "narrator": "",
        "text": ""
      }
    },
    {
      "id": 4,
      "idInBook": 4,
      "chapterId": 6,
      "bookId": 9,
      "arabic": "أَخْبَرَنَا مُحَمَّدُ بْنُ أَحْمَدَ  ، حَدَّثَنَا سُفْيَانُ  ، حَدَّثَنِي عَبْدُ الرَّحْمَنِ بْنُ حُمَيْدٍ  ، عَنْ سَعِيدِ بْنِ الْمُسَيِّبِ  ،  عَنْ أُمِّ سَلَمَةَ  ، عَنْ النَّبِيِّ صَلَّى اللَّهُ عَلَيْهِ وَسَلَّمَ، قَالَ :\" إِذَا دَخَلَتْ الْعَشْرُ، وَأَرَادَ أَحَدُكُمْ أَنْ يُضَحِّيَ، فَلَا يَمَسَّ مِنْ شَعْرِهِ وَلَا أَظْفَارِهِ شَيْئًا \"",
      "english": {
        "narrator": "",
        "text": ""
      },
      "turkish": {
        "narrator": "",
        "text": ""
      }
    },
    {
      "id": 5,
      "idInBook": 5,
      "chapterId": 6,
      "bookId": 9,
      "arabic": "أَخْبَرَنَا خَالِدُ بْنُ مَخْلَدٍ  ، حَدَّثَنَا مَالِكٌ  ، عَنْ عَمْرِو بْنِ الْحَارِثِ  ، عَنْ عُبَيْدِ بْنِ فَيْرُوزَ  ، عَنْ الْبَرَاءِ بْنِ عَازِبٍ  ، قَالَ : سُئِلَ رَسُولُ اللَّهِ صَلَّى اللَّهُ عَلَيْهِ وَسَلَّمَ مَا يُتَّقَى مِنْ الضَّحَايَا؟ قَالَ :\" الْعَوْرَاءُ الْبَيِّنُ عَوَرُهَا، وَالْعَرْجَاءُ الْبَيِّنُ ظَلْعُهَا، وَالْمَرِيضَةُ الْبَيِّنُ مَرَضُهَا، وَالْعَجْفَاءُ الَّتِي لَا تُنْقِي \"",
      "english": {
        "narrator": "",
        "text": ""
      },
      "turkish": {
        "narrator": "",
        "text": ""
      }
    },
    {
      "id": 6,
      "idInBook": 6,
      "chapterId": 6,
      "bookId": 9,
      "arabic": "حَدَّثَنَا سَعِيدُ بْنُ عَامِرٍ  ، عَنْ شُعْبَةَ  ، عَنْ سُلَيْمَانَ بْنِ عَبْدِ الرَّحْمَنِ  ، عَنْ عُبَيْدِ بْنِ فَيْرُوزَ  ، قَالَ : سَأَلْتُ الْبَرَاءَ   عَمَّا نَهَى رَسُولُ اللَّهِ صَلَّى اللَّهُ عَلَيْهِ وَسَلَّمَ مِنْ الْأَضَاحِيِّ، فَقَالَ :\" أَرْبَعٌ لَا يُجْزِئْنَ : الْعَوْرَاءُ الْبَيِّنُ عَوَرُهَا، وَالْعَرْجَاءُ الْبَيِّنُ ظَلْعُهَا، وَالْمَرِيضَةُ الْبَيِّنُ مَرَضُهَا، وَالْكَسِيرُ الَّتِي لَا تُنْقِي \".\nقَالَ : قُلْتُ لِلْبَرَاءِ : فَإِنِّي أَكْرَهُ أَنْ يَكُونَ فِي السِّنِّ نَقْصٌ، وَفِي الْأُذُنِ نَقْصٌ، وَفِي الْقَرْنِ نَقْصٌ، قَالَ : فَمَا كَرِهْتَ فَدَعْهُ، وَلَا تُحَرِّمْهُ عَلَى أَحَدٍ",
      "english": {
        "narrator": "",
        "text": ""
      },
      "turkish": {
        "narrator": "",
        "text": ""
      }
    },
    {
      "id": 7,
      "idInBook": 7,
      "chapterId": 6,
      "bookId": 9,
      "arabic": "أَخْبَرَنَا أَبُو الْوَلِيدِ  ، حَدَّثَنَا شُعْبَةُ  ، عَنْ سَلَمَةَ بْنِ كُهَيْلٍ  ، قَالَ : سَمِعْتُ حُجَيَّةَ بْنَ عَدِيٍّ  ، قَالَ : سَمِعْتُ عَلِيًّا   وَسَأَلَهُ رَجُلٌ، فَقَالَ : يَا أَمِيرَ الْمُؤْمِنِينَ، الْبَقَرَةُ؟ قَالَ : عَنْ سَبْعَةٍ، قُلْتُ : الْقَرْنُ؟ قَالَ : لَا يَضُرُّكَ.\nقَالَ : قُلْتُ : الْعَرَجُ؟ قَالَ : إِذَا بَلَغَتْ الْمَنْسَكَ.\nثُمَّ قَالَ : \" أَمَرَنَا رَسُولُ اللَّهِ صَلَّى اللَّهُ عَلَيْهِ وَسَلَّمَ أَنْنَسْتَشْرِفَ الْعَيْنَ وَالْأُذُنَ \"",
      "english": {
        "narrator": "",
        "text": ""
      },
      "turkish": {
        "narrator": "",
        "text": ""
      }
    },
    {
      "id": 8,
      "idInBook": 8,
      "chapterId": 6,
      "bookId": 9,
      "arabic": "أَخْبَرَنَا عُبَيْدُ اللَّهِ بْنُ مُوسَى  ، عَنْ إِسْرَائِيلَ  ، عَنْ أَبِي إِسْحَاق  ، عَنْ شُرَيْحِ بْنِ النُّعْمَانِ الصَّائِدِيِّ  ، عَنْ عَلِيٍّ   رَضِيَ اللَّهُ عَنْهُ قَالَ : \" أَمَرَنَا رَسُولُ اللَّهِ صَلَّى اللَّهُ عَلَيْهِ وَسَلَّمَ أَنْنَسْتَشْرِفَ الْعَيْنَ وَالْأُذُنَ، وَأَنْ لَا نُضَحِّيَ بِمُقَابَلَةٍ وَلَا مُدَابَرَةٍ وَلَا خَرْقَاءَ، وَلَا شَرْقَاءَ، فَالْمُقَابَلَةُ : مَا قُطِعَ طَرَفُ أُذُنِهَا، وَالْمُدَابَرَةُ : مَا قُطِعَ مِنْ جَانِبِ الْأُذُنِ، وَالْخَرْقَاءُ : الْمَثْقُوبَةُ، وَالشَّرْقَاءُ : الْمَشْقُوقَةُ \"",
      "english": {
        "narrator": "",
        "text": ""
      },
      "turkish": {
        "narrator": "",
        "text": ""
      }
    },
    {
      "id": 9,
      "idInBook": 9,
      "chapterId": 6,
      "bookId": 9,
      "arabic": "أَخْبَرَنَا يَزِيدُ بْنُ هَارُونَ  ، حَدَّثَنَا هِشَامٌ  ، عَنْ يَحْيَى  ، عَنْ بَعْجَةَ الْجُهَنِيِّ  ، عَنْ عُقْبَةَ بْنِ عَامِرٍ الْجُهَنِيِّ  ، قَالَ : قَسَمَ رَسُولُ اللَّهِ صَلَّى اللَّهُ عَلَيْهِ وَسَلَّمَ ضَحَايَا بَيْنَ أَصْحَابِهِ فَأَصَابَنِي جَذَعٌ، فَقُلْتُ : يَا رَسُولَ اللَّهِ، إِنَّهَاصَارَتْ لِي جَذَعَةً، فَقَالَ : \" ضَحِّ بِهِ \"",
      "english": {
        "narrator": "",
        "text": ""
      },
      "turkish": {
        "narrator": "",
        "text": ""
      }
    },
    {
      "id": 10,
      "idInBook": 10,
      "chapterId": 6,
      "bookId": 9,
      "arabic": "أَخْبَرَنَا أَبُو الْوَلِيدِ  ، حَدَّثَنَا اللَّيْثُ  ، حَدَّثَنِي يَزِيدُ بْنُ أَبِي حَبِيبٍ  ، عَنْ أَبِي الْخَيْرِ  ، عَنْ عُقْبَةَ بْنِ عَامِرٍ  ، قَالَ : أَعْطَانِي رَسُولُ اللَّهِ صَلَّى اللَّهُ عَلَيْهِ وَسَلَّمَ غَنَمًا أَقْسِمُهَا عَلَى أَصْحَابِهِ،فَقَسَمْتُهَا وَبَقِيَ مِنْهَا عَتُودٌ، فَذَكَرْتُ ذَلِكَ لِرَسُولِ اللَّهِ صَلَّى اللَّهُ عَلَيْهِ وَسَلَّمَ، فَقَالَ : \" ضَحِّ بِهِ \".\nقَالَ أَبُو مُحَمَّد : الْعَتُودُ : الْجَذَعُ مِنْ الْمَعْزِ",
      "english": {
        "narrator": "",
        "text": ""
      },
      "turkish": {
        "narrator": "",
        "text": ""
      }
    },
    {
      "id": 11,
      "idInBook": 11,
      "chapterId": 6,
      "bookId": 9,
      "arabic": "أَخْبَرَنَا يَعْلَى  ، حَدَّثَنَا سُفْيَانُ  ، عَنْ أَبِي الزُّبَيْرِ  ، عَنْ جَابِرٍ  ، قَالَ : نَحَرْنَا يَوْمَ الْحُدَيْبِيَةِ سَبْعِينَ بَدَنَةً، الْبَدَنَةُ عَنْ سَبْعَةٍ، فَقَالَ رَسُولُ اللَّهِ صَلَّى اللَّهُ عَلَيْهِ وَسَلَّمَ :\" اشْتَرِكُوا فِي الْهَدْيِ \"",
      "english": {
        "narrator": "",
        "text": ""
      },
      "turkish": {
        "narrator": "",
        "text": ""
      }
    },
    {
      "id": 12,
      "idInBook": 12,
      "chapterId": 6,
      "bookId": 9,
      "arabic": "أَخْبَرَنَا خَالِدُ بْنُ مَخْلَدٍ  ، حَدَّثَنَا مَالِكٌ  ، عَنْ أَبِي الزُّبَيْرِ  ، عَنْ جَابِرِ بْنِ عَبْدِ اللَّهِ  ، قَالَ :\" نَحَرْنَا مَعَ رَسُولِ اللَّهِ صَلَّى اللَّهُ عَلَيْهِ وَسَلَّمَ الْبَقَرَةَ عَنْ سَبْعَةٍ \".\nقِيلَ لِأَبِي مُحَمَّدٍ : تَقُولُ بِهِ؟ قَالَ : نَعَمْ",
      "english": {
        "narrator": "",
        "text": ""
      },
      "turkish": {
        "narrator": "",
        "text": ""
      }
    },
    {
      "id": 13,
      "idInBook": 13,
      "chapterId": 6,
      "bookId": 9,
      "arabic": "أَخْبَرَنَا أَبُو عَاصِمٍ  ، عَنْ ابْنِ جُرَيْجٍ  ، عَنْ نَافِعٍ  ، عَنْ ابْنِ عُمَرَ  ، أَنّ رَسُولَ اللَّهِ صَلَّى اللَّهُ عَلَيْهِ وَسَلَّمَ نَهَى عَنْ لُحُومِ الْأَضَاحِيِّ، أَوْ قَالَ :\" لَا تَأْكُلُوا لُحُومَ الْأَضَاحِيِّ بَعْدَ ثَلَاثٍ \"",
      "english": {
        "narrator": "",
        "text": ""
      },
      "turkish": {
        "narrator": "",
        "text": ""
      }
    },
    {
      "id": 14,
      "idInBook": 14,
      "chapterId": 6,
      "bookId": 9,
      "arabic": "أَخْبَرَنَا عَمْرُو بْنُ عَوْنٍ  ، عَنْ خَالِدٍ هُوَ ابْنُ عَبْدِ اللَّهِ الطَّحَّانُ  ، عَنْ خَالِدٍ الْحَذَّاءِ  ، عَنْ أَبِي قِلَابَةَ  ، عَنْ أَبِي الْمَلِيحِ  ، عَنْ نُبَيْشَةَ  ، عَنْ النَّبِيِّ صَلَّى اللَّهُ عَلَيْهِ وَسَلَّمَ، ، قَالَ : \" إِنَّاكُنَّا نَهَيْنَاكُمْ عَنْ لُحُومِ الْأَضَاحِيِّ أَنْ تَأْكُلُوهَا فَوْقَ ثَلَاثَةِ أَيَّامٍ كَيْ تَسَعَكُمْ، فَقَدْ جَاءَ اللَّهُ بِالسَّعَةِ، فَكُلُوا، وَادَّخِرُوا، وَائْتَجِرُوا \".\n قَالَ أَبُو مُحَمَّدٍ : ائْتَجِرُوا : اطْلُبُوا فِيهِ الْأَجْرَ",
      "english": {
        "narrator": "",
        "text": ""
      },
      "turkish": {
        "narrator": "",
        "text": ""
      }
    },
    {
      "id": 15,
      "idInBook": 15,
      "chapterId": 6,
      "bookId": 9,
      "arabic": "أَخْبَرَنَا مُحَمَّدُ بْنُ عَبْدِ اللَّهِ الرَّقَاشِيُّ  ، حَدَّثَنَا يَزِيدُ بْنُ زُرَيْعٍ  ، حَدَّثَنَا مُحَمَّدُ بْنُ إِسْحَاق  ، حَدَّثَنِي عَبْدُ اللَّهِ بْنُ أَبِي بَكْرٍ  ، عَنْ عَمْرَةَ بِنْتِ عَبْدِ الرَّحْمَنِ  ، عَنْ عَائِشَةَ   رَضِيَ اللَّهُ عَنْهَا، قَالَتْ : كَانَ رَسُولُ اللَّهِ صَلَّى اللَّهُ عَلَيْهِ وَسَلَّمَ قَدْ نَهَى عَنْ لُحُومِ الْأَضَاحِيِّ بَعْدَ ثَلَاثٍ، فَلَمَّا كَانَ الْعَامُ الْقَابِلُ وَضَحَّى النَّاسُ، قُلْتُ : يَا رَسُولَ اللَّهِ، إِنْ كَانَتْ هَذِهِ الْأَضَاحِيُّ لَتَرْفُقُ بِالنَّاسِ، كَانُوا يَدَّخِرُونَ مِنْ لُحُومِهَا وَوَدَكِهَا.\nقَالَ : \" فَمَا يَمْنَعُهُمْ مِنْ ذَلِكَ الْيَوْمَ؟ \" قُلْتُ : يَا نَبِيَّ اللَّهِ، أَوَ لَمْ تَنْهَهُمْ عَامَ أَوَّلَ عَنْ أَنْ يَأْكُلُوا لُحُومَهَا فَوْقَ ثَلَاثٍ؟ فَقَالَ : \" إِنَّمَانَهَيْتُ عَنْ ذَلِكَ لِلْحَاضِرَةِ الَّتِي حَضَرَتْهُمْ مِنْ أَهْلِ الْبَادِيَةِ لِيَبُثُّوا لُحُومَهَا فِيهِمْ، فَأَمَّا الْآنَ، فَلْيَأْكُلُوا وَلْيَدَّخِرُوا \"",
      "english": {
        "narrator": "",
        "text": ""
      },
      "turkish": {
        "narrator": "",
        "text": ""
      }
    },
    {
      "id": 16,
      "idInBook": 16,
      "chapterId": 6,
      "bookId": 9,
      "arabic": "أَخْبَرَنَا مَرْوَانُ بْنُ مُحَمَّدٍ  ، حَدَّثَنَا يَحْيَى بْنُ حَمْزَةَ  ، حَدَّثَنِي مُحَمَّدُ بْنُ الْوَلِيدِ الزَّبِيدِيُّ  ، عَنْ عَبْدِ الرَّحْمَنِ بْنِ جُبَيْرِ بْنِ نُفَيْرٍ  ، حَدَّثَنِي أَبِي  ، أَنَّهُ سَمِعَ ثَوْبَانَ   مَوْلَى رَسُولِ اللَّهِ صَلَّى اللَّهُ عَلَيْهِ وَسَلَّمَ، يَقُولُ : قَالَ لِي رَسُولُ اللَّهِ صَلَّى اللَّهُ عَلَيْهِ وَسَلَّمَ وَنَحْنُ بِمِنًى :\" أَصْلِحْ لَنَا مِنْ هَذَا اللَّحْمِ \" فَأَصْلَحْتُ لَهُ مِنْهُ، فَلَمْ يَزَلْ يَأْكُلُ مِنْهُ حَتَّى بَلَغْنَا الْمَدِينَةَ",
      "english": {
        "narrator": "",
        "text": ""
      },
      "turkish": {
        "narrator": "",
        "text": "It seems that there are no hadith texts provided for translation. Please provide the English hadith texts you would like me to translate into Turkish, and I will be happy to assist you."
      }
    },
    {
      "id": 17,
      "idInBook": 17,
      "chapterId": 6,
      "bookId": 9,
      "arabic": "أَخْبَرَنَا سَعِيدُ بْنُ الرَّبِيعِ  ، حَدَّثَنَا شُعْبَةُ  ، عَنْ عَمْرِو بْنِ دِينَارٍ  ، قَالَ : سَمِعْتُ عَطَاءً  ، قَالَ : سَمِعْتُ جَابِرًا  ، يَقُولُ : \" إِنْكُنَّا لَنَتَزَوَّدُ مِنْ مَكَّةَ إِلَى الْمَدِينَةِ عَلَى عَهْدِ رَسُولِ اللَّهِ صَلَّى اللَّهُ عَلَيْهِ وَسَلَّمَ \".\n قَالَ أَبُو مُحَمَّد : يَعْنِي : لُحُومَ الْأَضَاحِيِّ",
      "english": {
        "narrator": "",
        "text": ""
      },
      "turkish": {
        "narrator": "",
        "text": ""
      }
    },
    {
      "id": 18,
      "idInBook": 18,
      "chapterId": 6,
      "bookId": 9,
      "arabic": "أَخْبَرَنَا مُحَمَّدُ بْنُ يُوسُفَ  ، حَدَّثَنَا سُفْيَانُ  ، عَنْ مَنْصُورٍ  ، وَزُبَيْدٍ  ، عَنْ الشَّعْبِيِّ  ، عَنْ الْبَرَاءِ بْنِ عَازِبٍ  ، أَنَّ أَبَا بُرْدَةَ بْنَ نِيَارٍ ضَحَّى قَبْلَ أَنْ يُصَلِّيَ، فَلَمَّا صَلَّى النَّبِيُّ صَلَّى اللَّهُ عَلَيْهِ وَسَلَّمَ، دَعَاهُ فَذَكَرَ لَهُ مَا فَعَلَ، فَقَالَ لَهُ رَسُولُ اللَّهِ صَلَّى اللَّهُ عَلَيْهِ وَسَلَّمَ : \" إِنَّمَاشَاتُكَ شَاةُ لَحْمٍ \".\nفَقَالَ : يَا رَسُولَ اللَّهِ، عِنْدِي عَنَاقٌ جَذَعَةٌ مِنْ الْمَعْزِ هِيَ أَحَبُّ إِلَيَّ مِنْ شَاتَيْنِ.\nقَالَ : \" فَضَحِّ بِهَا، وَلَا تُجْزِئُ عَنْ أَحَدٍ بَعْدَكَ \".\nقَالَ أَبُو مُحَمَّد : قُرِئَ عَلَى مُحَمَّدٍ، عَنْ سُفْيَانَ : وَمَنْ ذَبَحَ بَعْدَ الصَّلَاةِ وَالْإِمَامُ يَخْطُبُ أَجْزَأَهُ",
      "english": {
        "narrator": "",
        "text": ""
      },
      "turkish": {
        "narrator": "",
        "text": ""
      }
    },
    {
      "id": 19,
      "idInBook": 19,
      "chapterId": 6,
      "bookId": 9,
      "arabic": "حَدَّثَنَا أَبُو عَلِيٍّ الْحَنَفِيُّ  ، حَدَّثَنَا مَالِكٌ  ، عَنْ يَحْيَى بْنِ سَعِيدٍ  ، عَنْ بُشَيْرِ بْنِ يَسَارٍ  ، عَنْ أَبِي بُرْدَةَ بْنِ نِيَارٍ  ، أَنَّ رَجُلًا ذَبَحَ قَبْلَ أَنْ يَنْصَرِفَ النَّبِيُّ صَلَّى اللَّهُ عَلَيْهِ وَسَلَّمَ\" فَأَمَرَهُ أَنْ يُعِيدَ \"",
      "english": {
        "narrator": "",
        "text": ""
      },
      "turkish": {
        "narrator": "",
        "text": ""
      }
    },
    {
      "id": 20,
      "idInBook": 20,
      "chapterId": 6,
      "bookId": 9,
      "arabic": "أَخْبَرَنَا مُحَمَّدُ بْنُ عِيسَى  ، حَدَّثَنَا ابْنُ عُيَيْنَةَ  ، عَنْ الزُّهْرِيِّ  ، عَنْ سَعِيدِ بْنِ الْمُسَيِّبِ  ، عَنْ أَبِي هُرَيْرَةَ  ، قَالَ : قَالَ رَسُولُ اللَّهِ صَلَّى اللَّهُ عَلَيْهِ وَسَلَّمَ :\" لَا فَرَعَ وَلَا عَتِيرَةَ \"",
      "english": {
        "narrator": "",
        "text": ""
      },
      "turkish": {
        "narrator": "",
        "text": ""
      }
    },
    {
      "id": 21,
      "idInBook": 21,
      "chapterId": 6,
      "bookId": 9,
      "arabic": "حَدَّثَنَا مُحَمَّدُ بْنُ عِيسَى  ، حَدَّثَنَا أَبُو عَوَانَةَ  ، عَنْ يَعْلَى بْنِ عَطَاءٍ  ، عَنْ وَكِيعِ بْنِ حُدُسٍ  ، عَنْ أَبِي رَزِينٍ الْعُقَيْلِيِّ : لَقِيطِ بْنِ عَامِرٍ  ، قَالَ : قُلْتُ : يَا رَسُولَ اللَّهِ، إِنَّا كُنَّانَذْبَحُ فِي رَجَبٍ فَمَا تَرَى؟ قَالَ : \" لَا بَأْسَ بِذَلِكَ \".\nقَالَ وَكِيعٌ : لَا أَدَعُهُ أَبَدًا",
      "english": {
        "narrator": "",
        "text": ""
      },
      "turkish": {
        "narrator": "",
        "text": ""
      }
    },
    {
      "id": 22,
      "idInBook": 22,
      "chapterId": 6,
      "bookId": 9,
      "arabic": "أَخْبَرَنَا أَبُو عَاصِمٍ  ، عَنْ ابْنِ جُرَيْجٍ  ، قَالَ : أَخْبَرَنِي عَطَاءٌ  ، عَنْ حَبِيبَةَ بِنْتِ مَيْسَرَةَ بْنِ أَبِي خُثَيْمٍ  ، عَنْ أُمِّ كُرْزٍ  ، عَنْ النَّبِيِّ صَلَّى اللَّهُ عَلَيْهِ وَسَلَّمَ، ، قَالَ فِي الْعَقِيقَةِ :\" عَنْ الْغُلَامِ شَاتَانِ مُكَافِئَتَانِ، وَعَنْ الْجَارِيَةِ شَاةٌ \"",
      "english": {
        "narrator": "",
        "text": ""
      },
      "turkish": {
        "narrator": "",
        "text": ""
      }
    },
    {
      "id": 23,
      "idInBook": 23,
      "chapterId": 6,
      "bookId": 9,
      "arabic": "أَخْبَرَنَا سَعِيدُ بْنُ عَامِرٍ  ، عَنْ هِشَامٍ  ، عَنْ حَفْصَةَ بِنْتِ سِيرِينَ  ، عَنْ سَلْمَانَ بْنِ عَامِرٍ الضَّبِّيِّ  ، أَنّ رَسُولَ اللَّهِ صَلَّى اللَّهُ عَلَيْهِ وَسَلَّمَ قَالَ :\" مَعَ الْغُلَامِ عَقِيقَةٌ، فَأَهْرِيقُوا عَنْهُ الدَّمَ، وَأَمِيطُوا عَنْهُ الْأَذَى \"",
      "english": {
        "narrator": "",
        "text": ""
      },
      "turkish": {
        "narrator": "",
        "text": ""
      }
    },
    {
      "id": 24,
      "idInBook": 24,
      "chapterId": 6,
      "bookId": 9,
      "arabic": "حَدَّثَنَا عَمْرُو بْنُ عَوْنٍ  ، حَدَّثَنَا حَمَّادُ بْنُ زَيْدٍ  ، عَنْ عُبَيْدِ اللَّهِ بْنِ أَبِي يَزِيدَ  ، عَنْ سِبَاعِ بْنِ ثَابِتٍ  ، عَنْ أُمِّ كُرْزٍ  ، قَالَتْ : قَالَ رَسُولُ اللَّهِ صَلَّى اللَّهُ عَلَيْهِ وَسَلَّمَ :\" عَنْ الْغُلَامِ شَاتَانِ مِثْلَانِ، وَعَنْ الْجَارِيَةِ شَاةٌ \"",
      "english": {
        "narrator": "",
        "text": ""
      },
      "turkish": {
        "narrator": "",
        "text": ""
      }
    },
    {
      "id": 25,
      "idInBook": 25,
      "chapterId": 6,
      "bookId": 9,
      "arabic": "أَخْبَرَنَا عَفَّانُ بْنُ مُسْلِمٍ  ، حَدَّثَنَا هَمَّامٌ  ، عَنْ قَتَادَةَ  ، عَنْ الْحَسَنِ  ، عَنْ سَمُرَةَ  ، أَنّ النَّبِيِّ صَلَّى اللَّهُ عَلَيْهِ وَسَلَّمَ، قَالَ :\" كُلُّ غُلَامٍ رَهِينَةٌ بِعَقِيقَتِهِ يُذْبَحُ عَنْهُ يَوْمَ سَابِعِهِ، وَيُحْلَقُ وَيُدَمَّى \".\nوَكَانَ قَتَادَةُ يَصِفُ الدَّمَ، فَيَقُولُ : إِذَا ذُبِحَتْ الْعَقِيقَةُ، تُؤْخَذُ صُوفَةٌ فَيُسْتَقْبَلُ بِهَا أَوْدَاجُ الذَّبِيحَةِ، ثُمَّ يُوضَعُ عَلَى يَافُوخِ الصَّبِيِّ حَتَّى إِذَا سَالَ شَبَهُ الْخَيْطِ، غُسِلَ رَأْسُهُ، ثُمَّ حُلِقَ بَعْدُ.\n حَدَّثَنَا عَفَّانُ  ، حَدَّثَنَا أَبَانُ  ، بِهَذَا الْحَدِيثِ، قَالَ : وَيُسَمَّى.\nقَالَ عَبْد اللَّهِ : وَلَا أُرَاهُ وَاجِبًا",
      "english": {
        "narrator": "",
        "text": ""
      },
      "turkish": {
        "narrator": "",
        "text": ""
      }
    },
    {
      "id": 26,
      "idInBook": 26,
      "chapterId": 6,
      "bookId": 9,
      "arabic": "حَدَّثَنَا مُحَمَّدُ بْنُ يُوسُفَ  ، عَنْ سُفْيَانَ  ، عَنْ خَالِدٍ الْحَذَّاءِ  ، عَنْ أَبِي قِلَابَةَ  ، عَنْ أَبِي الْأَشْعَثِ الصَّنْعَانِيِّ  ، عَنْ شَدَّادِ بْنِ أَوْسٍ  ، قَالَ : حَفِظْتُ مِنْ رَسُولِ اللَّهِ صَلَّى اللَّهُ عَلَيْهِ وَسَلَّمَ اثْنَتَيْنِ : قَالَ : \" إِنَّاللَّهَ كَتَبَ عَلَيْكُمُ الْإِحْسَانَ عَلَى كُلِّ شَيْءِ، فَإِذَا قَتَلْتُمْ فَأَحْسِنُوا الْقِتْلَةَ، وَإِذَا ذَبَحْتُمْ، فَأَحْسِنُوا الذَّبْحَ، وَلْيُحِدَّ أَحَدُكُمْ شَفْرَتَهُ، ثُمَّ لِيُرِحْ ذَبِيحَتَهُ \"",
      "english": {
        "narrator": "",
        "text": ""
      },
      "turkish": {
        "narrator": "",
        "text": ""
      }
    },
    {
      "id": 27,
      "idInBook": 27,
      "chapterId": 6,
      "bookId": 9,
      "arabic": "أَخْبَرَنَا يَزِيدُ بْنُ هَارُونَ  ، أَخْبَرَنَا يَحْيَى بْنُ سَعِيدٍ  ، عَنْ نَافِعٍ  ، عَنْ ابْنِ عُمَرَ   : أَنَّ امْرَأَةً كَانَتْ تَرْعَى لِآلِ كَعْبِ بْنِ مَالِكٍ غَنَمًا بِسَلْعٍ، فَخَافَتْ عَلَى شَاةٍ مِنْهَا أَنْ تَمُوتَ، فَأَخَذَتْ حَجَرًا فَذَبَحَتْهَا بِهِ، وَإِنَّ ذَلِكَ ذُكِرَ لِرَسُولِ اللَّهِ صَلَّى اللَّهُ عَلَيْهِ وَسَلَّمَ\" فَأَمَرَهُمْ بِأَكْلِهَا \"",
      "english": {
        "narrator": "",
        "text": ""
      },
      "turkish": {
        "narrator": "",
        "text": ""
      }
    },
    {
      "id": 28,
      "idInBook": 28,
      "chapterId": 6,
      "bookId": 9,
      "arabic": "أَخْبَرَنَا أَبُو الْوَلِيدِ  ، وَعُثْمَانُ بْنُ عُمَرَ  ، وَعَفَّانُ  ، عَنْ حَمَّادِ بْنِ سَلَمَةَ  ، عَنْ أَبِي الْعُشَرَاءِ  ، عَنْ أَبِيهِ  ، قَالَ : قُلْتُ : يَا رَسُولَ اللَّهِ، أَمَا تَكُونُ الذَّكَاةُ إِلَّا فِي الْحَلْقِ وَاللَّبَّةِ؟ فَقَالَ :\" لَوْ طَعَنْتَ فِي فَخِذِهَا، لَأَجْزَأَ عَنْكَ \".\nقَالَ حَمَّادٌ : حَمَلْنَاهُ عَلَى الْمُتَرَدِّي",
      "english": {
        "narrator": "",
        "text": ""
      },
      "turkish": {
        "narrator": "",
        "text": ""
      }
    },
    {
      "id": 29,
      "idInBook": 29,
      "chapterId": 6,
      "bookId": 9,
      "arabic": "أَخْبَرَنَا أَبُو الْوَلِيدِ  ، حَدَّثَنَا شُعْبَةُ  ، حَدَّثَنِي الْمِنْهَالُ بْنُ عَمْرٍو  ، قَالَ : سَمِعْتُ سَعِيدَ بْنَ جُبَيْرٍ  ، يَقُولُ : خَرَجْتُ مَعَ ابْنِ عُمَرَ فِي طَرِيقٍ مِنْ طُرُقِ الْمَدِينَةِ ، فَإِذَا غِلْمَةٌ يَرْمُونَ دَجَاجَةً، فَقَالَ ابْنُ عُمَرَ   : مَنْ فَعَلَ هَذَا؟ فَتَفَرَّقُوا.\nفَقَالَ : إِنَّ رَسُولَ اللَّهِ صَلَّى اللَّهُ عَلَيْهِ وَسَلَّمَ\" لَعَنَ مَنْ مَثَّلَ بِالْحَيَوَانِ \"",
      "english": {
        "narrator": "",
        "text": ""
      },
      "turkish": {
        "narrator": "",
        "text": ""
      }
    },
    {
      "id": 30,
      "idInBook": 30,
      "chapterId": 6,
      "bookId": 9,
      "arabic": "أَخْبَرَنَا أَبُو عَاصِمٍ  ، عَنْ عَبْدِ الْحَمِيدِ بْنِ جَعْفَرٍ  ، عَنْ يَزِيدَ بْنِ أَبِي حَبِيبٍ  ، عَنْ بُكَيْرِ بْنِ عَبْدِ اللَّهِ بْنِ الْأَشَجِّ  ، عَنْ أَبِيهِ  ، عَنْ عُبَيْدِ بْنِ تِعْلَى  ،  عَنْ أَبِي أَيُّوبَ الْأَنْصَارِيِّ   : أَنَّ رَسُولَ اللَّهِ صَلَّى اللَّهُ عَلَيْهِ وَسَلَّمَ\" نَهَى عَنْ صَبْرِ الدَّابَّةِ \".\nقَالَ أَبُو أَيُّوبَ : لَوْ كَانَتْ دَجَاجَةً مَا صَبَرْتُهَا",
      "english": {
        "narrator": "",
        "text": ""
      },
      "turkish": {
        "narrator": "",
        "text": ""
      }
    },
    {
      "id": 31,
      "idInBook": 31,
      "chapterId": 6,
      "bookId": 9,
      "arabic": "حَدَّثَنَا عَفَّانُ  ، حَدَّثَنَا حَمَّادٌ  ، أَخْبَرَنَا قَتَادَةُ  ، عَنْ عِكْرِمَةَ  ، عَنْ ابْنِ عَبَّاسٍ  ، أَنّ رَسُولَ اللَّهِ صَلَّى اللهُ عَلَيْهِ وَسَلَّمَ\" نَهَى عَنْ الْمُجَثَّمَةِ \".\nفَقَالَ أَبُو مُحَمَّد : الْمُجَثَّمَةُ : الْمَصْبُورَةُ",
      "english": {
        "narrator": "",
        "text": ""
      },
      "turkish": {
        "narrator": "",
        "text": "It seems that there are no hadith texts provided for translation. Please provide the English hadith texts you would like me to translate into Turkish, and I will be happy to assist you."
      }
    },
    {
      "id": 32,
      "idInBook": 32,
      "chapterId": 6,
      "bookId": 9,
      "arabic": "أَخْبَرَنَا مُحَمَّدُ بْنُ سَعِيدٍ  ، حَدَّثَنَا عَبْدُ الرَّحِيمِ هُوَ ابْنُ سُلَيْمَانَ  ، عَنْ هِشَامِ بْنِ عُرْوَةَ  ، عَنْ أَبِيهِ  ، عَنْ عَائِشَةَ   أُمِّ الْمُؤْمِنِينَ، أَنَّ قَوْمًا قَالُوا : يَا رَسُولَ اللَّهِ، إِنَّ قَوْمًا يَأْتُونَا بِاللَّحْمِ لَا نَدْرِي أَذُكِرَ اسْمُ اللَّهِ عَلَيْهِ أَمْ لَا؟ فَقَالَ :\" سَمُّوا أَنْتُمْ وَكُلُوا \"وَكَانُوا حَدِيثَ عَهْدٍ بِجَاهِلِيَّةٍ",
      "english": {
        "narrator": "",
        "text": ""
      },
      "turkish": {
        "narrator": "",
        "text": ""
      }
    },
    {
      "id": 33,
      "idInBook": 33,
      "chapterId": 6,
      "bookId": 9,
      "arabic": "أَخْبَرَنَا مُحَمَّدُ بْنُ يُوسُفَ  ، عَنْ سُفْيَانَ  ، عَنْ أَبِيهِ  ، عَنْ عَبَايَةَ بْنِ رِفَاعَةَ ابْنِ رَافِعٍ  ، عَنْ جَدِّهِ رَافِعِ بْنِ خَدِيجٍ   : أَنَّ بَعِيرًا نَدَّ وَلَيْسَ فِي الْقَوْمِ إِلَّا خَيْلٌ يَسِيرَةٌ، فَرَمَاهُ رَجُلٌ بِسَهْمٍ، فَحَبَسَهُ، فَقَالَ لَهُ رَسُولُ اللَّهِ صَلَّى اللَّهُ عَلَيْهِ وَسَلَّمَ : \" إِنَّلِهَذِهِ الْبَهَائِمِ أَوَابِدَ كَأَوَابِدِ الْوَحْشِ، فَمَا غَلَبَكُمْ مِنْهَا، فَاصْنَعُوا بِهِ هَكَذَا \"",
      "english": {
        "narrator": "",
        "text": ""
      },
      "turkish": {
        "narrator": "",
        "text": ""
      }
    },
    {
      "id": 34,
      "idInBook": 34,
      "chapterId": 6,
      "bookId": 9,
      "arabic": "حَدَّثَنَا إِسْمَاعِيل أَبُو مَعْمَرٍ بْنُ إِبْرَاهِيمَ  ، حَدَّثَنَا سُفْيَانُ  ، عَنْ عَمْرٍو هُوَ ابْنُ دِينَارٍ  ، عَنْ صُهَيْبٍ  مَوْلَى ابْنِ عَامِرٍ، قَالَ : سَمِعْتُ عَبْدَ اللَّهِ بْنَ عَمْرٍو  ، يَقُولُ : قَالَ رَسُولُ اللَّهِ صَلَّى اللَّهُ عَلَيْهِ وَسَلَّمَ :\" مَنْ قَتَلَ عُصْفُورًا بِغَيْرِ حَقِّهِ، سَأَلَهُ اللَّهُ عَنْهُ يَوْمَ الْقِيَامَةِ \".\nقِيلَ : وَمَا حَقُّهُ؟ قَالَ : \" أَنْ تَذْبَحَهُ فَتَأْكُلَهُ \"",
      "english": {
        "narrator": "",
        "text": ""
      },
      "turkish": {
        "narrator": "",
        "text": ""
      }
    },
    {
      "id": 35,
      "idInBook": 35,
      "chapterId": 6,
      "bookId": 9,
      "arabic": "أَخْبَرَنَا إِسْحَاق بْنُ إِبْرَاهِيمَ  ، حَدَّثَنَا عَتَّابُ بْنُ بَشِيرٍ  ، عَنْ عُبَيْدِ اللَّهِ بْنِ أَبِي زِيَادٍ  ، عَنْ أَبِي الزُّبَيْرِ  ، عَنْ جَابِرٍ  ، عَنْ النَّبِيِّ صَلَّى اللَّهُ عَلَيْهِ وَسَلَّمَ، قَالَ :\" ذَكَاةُ الْجَنِينِ ذَكَاةُ أُمِّهِ \".\nقِيلَ لِأَبِي مُحَمَّدٍ : يُؤْكَلُ؟ قَالَ : نَعَمْ",
      "english": {
        "narrator": "",
        "text": ""
      },
      "turkish": {
        "narrator": "",
        "text": ""
      }
    },
    {
      "id": 36,
      "idInBook": 36,
      "chapterId": 6,
      "bookId": 9,
      "arabic": "أَخْبَرَنَا خَالِدُ بْنُ مَخْلَدٍ  ، حَدَّثَنَا مَالِكٌ  ، عَنْ ابْنِ شِهَابٍ  ، عَنْ أَبِي إِدْرِيسَ الْخَوْلَانِيِّ  ،  عَنْ أَبِي ثَعْلَبَةَ الْخُشَنِيِّ  ، قَالَ : \" نَهَى رَسُولُ اللَّهِ صَلَّى اللَّهُ عَلَيْهِ وَسَلَّمَ عَنْأَكْلِ كُلِّ ذِي نَابٍ مِنْ السِّبَاعِ \"",
      "english": {
        "narrator": "",
        "text": ""
      },
      "turkish": {
        "narrator": "",
        "text": ""
      }
    },
    {
      "id": 37,
      "idInBook": 37,
      "chapterId": 6,
      "bookId": 9,
      "arabic": "أَخْبَرَنَا عَبْدُ اللَّهِ بْنُ مَسْلَمَةَ  ، حَدَّثَنَا أَبُو أُوَيْسٍ  ابْنُ عَمِّ مَالِكِ بْنِ أَنَسٍ، عَنْ الزُّهْرِيِّ  ، عَنْ أَبِي إِدْرِيسَ الْخَوْلَانِيِّ  ، عَنْ أَبِي ثَعْلَبَةَ الْخُشَنِيِّ  ، قَالَ : \" نَهَى رَسُولُ اللَّهِ صَلَّى اللَّهُ عَلَيْهِ وَسَلَّمَ عَنْالْخَطْفَةِ، وَالْمُجَثَّمَةِ، وَالنُّهْبَةِ، وَعَنْ أَكْلِ كُلِّ ذِي نَابٍ مِنْ السِّبَاعِ \"",
      "english": {
        "narrator": "",
        "text": ""
      },
      "turkish": {
        "narrator": "",
        "text": ""
      }
    },
    {
      "id": 38,
      "idInBook": 38,
      "chapterId": 6,
      "bookId": 9,
      "arabic": "أَخْبَرَنَا يَحْيَى بْنُ حَمَّادٍ  ، حَدَّثَنَا أَبُو عَوَانَةَ  ، عَنْ أَبِي بِشْرٍ  ، عَنْ مَيْمُونِ بْنِ مِهْرَانَ  ، عَنْ ابْنِ عَبَّاسٍ  ، قَالَ : \" نَهَى رَسُولُ اللَّهِ صَلَّى اللَّهُ عَلَيْهِ وَسَلَّمَ عَنْأَكْلِ كُلِّ ذِي نَابٍ مِنْ السِّبَاعِ، وَكُلِّ ذِي مِخْلَبٍ مِنْ الطَّيْرِ \"",
      "english": {
        "narrator": "",
        "text": ""
      },
      "turkish": {
        "narrator": "",
        "text": ""
      }
    },
    {
      "id": 39,
      "idInBook": 39,
      "chapterId": 6,
      "bookId": 9,
      "arabic": "أَخْبَرَنَا يَعْمَرُ بْنُ بِشْرٍ  ، عَنْ ابْنِ الْمُبَارَكِ  ، عَنْ سَعِيدٍ  ، عَنْ قَتَادَةَ  ، عَنْ أَبِي الْمَلِيحِ  ، عَنْ أَبِيهِ  ، أَنّ رَسُولَ اللَّهِ صَلَّى اللَّهُ عَلَيْهِ وَسَلَّمَ\" نَهَى عَنْ جُلُودِ السِّبَاعِ أَنْ تُفْتَرَشَ \".\n أَخْبَرَنَا مُسَدَّدٌ  ، حَدَّثَنَا يَحْيَى بْنُ سَعِيدٍ  ، عَنْ سَعِيدٍ  عن قَتَادَةَ  ، عَنْ أَبِي الْمَلِيحِ  ، عَنْ أَبِيهِ  ، عَنْ النَّبِيِّ صَلَّى اللَّهُ عَلَيْهِ وَسَلَّمَ، نَحْوَهُ",
      "english": {
        "narrator": "",
        "text": ""
      },
      "turkish": {
        "narrator": "",
        "text": ""
      }
    },
    {
      "id": 40,
      "idInBook": 40,
      "chapterId": 6,
      "bookId": 9,
      "arabic": "أَخْبَرَنَا مُحَمَّدُ بْنُ يُوسُفَ  ، عَنْ سُفْيَانَ  ، عَنْ زَيْدِ بْنِ أَسْلَمَ  ، عَنْ عَبْدِ الرَّحْمَنِ بْنِ وَعْلَةَ  ، قَالَ : سَأَلْتُ ابْنَ عَبَّاسٍ   عَنْ الْأَسْقِيَةِ، فَقَالَ : مَا أَدْرِي مَا أَقُولُ لَكَ، غَيْرَ أَنِّي سَمِعْتُ رَسُولَ اللَّهِ صَلَّى اللَّهُ عَلَيْهِ وَسَلَّمَ يَقُولُ :\" أَيُّمَا إِهَابٍ دُبِغَ فَقَدْ طَهُرَ \"",
      "english": {
        "narrator": "",
        "text": ""
      },
      "turkish": {
        "narrator": "",
        "text": ""
      }
    },
    {
      "id": 41,
      "idInBook": 41,
      "chapterId": 6,
      "bookId": 9,
      "arabic": "حَدَّثَنَا يَعْلَى  ، عَنْ مُحَمَّدِ بْنِ إِسْحَاق  ، عَنْ الْقَعْقَاعِ بْنِ حَكِيمٍ  ، عَنْ عَبْدِ الرَّحْمَنِ بْنِ وَعْلَةَ  ، قَالَ : سَأَلْتُ ابْنَ عَبَّاسٍ   عَنْ جُلُودِ الْمَيْتَةِ، فَقَالَ : قَالَ رَسُولُ اللَّهِ صَلَّى اللَّهُ عَلَيْهِ وَسَلَّمَ :\" دِبَاغُهَا طَهُورُهَا \".\nقِيلَ لِأَبِي مُحَمَّدٍ عَبْدِ اللَّهِ : تَقُولُ بِهَذَا؟ قَالَ : نَعَمْ، إِذَا كَانَ يُؤْكَلُ لَحْمُهُ",
      "english": {
        "narrator": "",
        "text": ""
      },
      "turkish": {
        "narrator": "",
        "text": ""
      }
    },
    {
      "id": 42,
      "idInBook": 42,
      "chapterId": 6,
      "bookId": 9,
      "arabic": "أَخْبَرَنَا خَالِدُ بْنُ مَخْلَدٍ  ، حَدَّثَنَا مَالِكٌ  ، عَنْ يَزِيدَ بْنِ قُسَيْطٍ  ، عَنْ مُحَمَّدِ بْنِ عَبْدِ الرَّحْمَنِ بْنِ ثَوْبَانَ  ، عَنْ أُمِّهِ  ، عَنْ عَائِشَةَ  ، قَالَتْ : \" أَمَرَ رَسُولُ اللَّهِ صَلَّى اللَّهُ عَلَيْهِ وَسَلَّمَ أَنْيُسْتَمْتَعَ بِجُلُودِ الْمَيْتَةِ إِذَا دُبِغَتْ \"",
      "english": {
        "narrator": "",
        "text": ""
      },
      "turkish": {
        "narrator": "",
        "text": ""
      }
    },
    {
      "id": 43,
      "idInBook": 43,
      "chapterId": 6,
      "bookId": 9,
      "arabic": "حَدَّثَنَا يَحْيَى بْنُ حَسَّانَ  ، حَدَّثَنَا سُفْيَانُ بْنُ عُيَيْنَةَ  ، عَنْ الزُّهْرِيِّ  ، عَنْ عُبَيْدِ اللَّهِ بْنِ عَبْدِ اللَّهِ  ،  عَنْ ابْنِ عَبَّاسٍ  ، قَالَ : مَاتَتْ شَاةٌ لِمَيْمُونَةَ ، فَقَالَ رَسُولُ اللَّهِ صَلَّى اللَّهُ عَلَيْهِ وَسَلَّمَ :\" لَوْ اسْتَمْتَعْتُمْ بِإِهَابِهَا؟ \" قَالُوا : يَا رَسُولَ اللَّهِ، إِنَّهَا مَيْتَةٌ، قَالَ : \" إِنَّمَا حُرِّمَ أَكْلُهَا \".\nأَخْبَرَنَا مُحَمَّدُ بْنُ الْمُصَفَّى  ، حَدَّثَنَا بَقِيَّةُ  ، عَنْ الزُّبَيْدِيِّ  ، عَنْ الزُّهْرِيِّ  ، عَنْ عُبَيْدِ اللَّهِ  ، عَنْ ابْنِ عَبَّاسٍ  ، عَنْ النَّبِيِّ صَلَّى اللَّهُ عَلَيْهِ وَسَلَّمَ، نَحْوَ هَذَا الْحَدِيثِ.\nقِيلَ لِأَبِي مُحَمَّدٍ : مَا تَقُولُ فِي الثَّعَالِبِ إِذَا دُبِغَتْ؟ قَالَ : أَكْرَهُهَا",
      "english": {
        "narrator": "",
        "text": ""
      },
      "turkish": {
        "narrator": "",
        "text": ""
      }
    },
    {
      "id": 44,
      "idInBook": 44,
      "chapterId": 6,
      "bookId": 9,
      "arabic": "أَخْبَرَنَا أَحْمَدُ بْنُ عَبْدِ اللَّهِ  ، حَدَّثَنَا مَالِكٌ  ، عَنْ الزُّهْرِيِّ  ، عَنْ الْحَسَنِ  ، وَعَبْدِ اللَّهِ  ابْنَيْ مُحَمَّدٍ، عَنْ أَبِيهِمَا  ، عَنْ عَلِيٍّ، أَنَّ عَلِيًّا   قَالَ لِابْنِ عَبَّاسٍ : \" نَهَى رَسُولُ اللَّهِ صَلَّى اللَّهُ عَلَيْهِ وَسَلَّمَ عَنْمُتْعَةِ النِّسَاءِ يَوْمَ خَيْبَرَ، وَعَنْ لُحُومِ الْحُمُرِ الْإِنْسِيَّةِ \"",
      "english": {
        "narrator": "",
        "text": ""
      },
      "turkish": {
        "narrator": "",
        "text": ""
      }
    },
    {
      "id": 45,
      "idInBook": 45,
      "chapterId": 6,
      "bookId": 9,
      "arabic": "أَخْبَرَنَا مُحَمَّدُ بْنُ يُوسُفَ  ، عَنْ سُفْيَانَ  ، عَنْ هِشَامٍ  ، عَنْ ابْنِ سِيرِينَ  ، عَنْ أَنَسِ بْنِ مَالِكٍ  ، قَالَ : قَامَ رَجُلٌ يَوْمَ خَيْبَرَ، فَقَالَ : يَا رَسُولَ اللَّهِ، أُكِلَتْ الْحُمُرُ أَوْ أُفْنِيَتِ الْحُمُرُ، ثُمَّ قَالَ : يَا رَسُولَ اللَّهِ، أُفْنِيَتِ الْحُمُرُ أَوْ أُكِلَتْ الْحُمُرُ، \" فَأَمَرَ رَسُولُ اللَّهِ صَلَّى اللَّهُ عَلَيْهِ وَسَلَّمَ رَجُلًا فَنَادَى إِنَّاللَّهَ وَرَسُولَهُ يَنْهَيَانِكُمْ عَنْ لُحُومِ الْحُمُرِ، فَإِنَّهَا رِجْسٌ \"",
      "english": {
        "narrator": "",
        "text": ""
      },
      "turkish": {
        "narrator": "",
        "text": ""
      }
    },
    {
      "id": 46,
      "idInBook": 46,
      "chapterId": 6,
      "bookId": 9,
      "arabic": "حَدَّثَنَا جَعْفَرُ بْنُ عَوْنٍ  ، عَنْ هِشَامِ بْنِ عُرْوَةَ  ، عَنْ فَاطِمَةَ بِنْتِ الْمُنْذِرِ  ، عَنْ أَسْمَاءَ بِنْتِ أَبِي بَكْرٍ  ، قَالَتْ :\" أَكَلْنَا لَحْمَ فَرَسٍ عَلَى عَهْدِ رَسُولِ اللَّهِ صَلَّى اللَّهُ عَلَيْهِ وَسَلَّمَ بِالْمَدِينَةِ \"",
      "english": {
        "narrator": "",
        "text": ""
      },
      "turkish": {
        "narrator": "",
        "text": "It appears that there are no English hadith texts provided for translation. Please provide the hadith texts you would like translated into Turkish, and I will be happy to assist you."
      }
    },
    {
      "id": 47,
      "idInBook": 47,
      "chapterId": 6,
      "bookId": 9,
      "arabic": "أَخْبَرَنَا أَبُو النُّعْمَانِ  ، حَدَّثَنَا حَمَّادُ بْنُ زَيْدٍ  ، عَنْ عَمْرِو بْنِ دِينَارٍ  ، عَنْ مُحَمَّدِ بْنِ عَلِيٍّ  ، عَنْ جَابِرِ بْنِ عَبْدِ اللَّهِ  ، قَالَ : \" نَهَى رَسُولُ اللَّهِ صَلَّى اللَّهُ عَلَيْهِ وَسَلَّمَ يَوْمَ خَيْبَرَ عَنْلُحُومِ الْحُمُرِ الْأَهْلِيَّةِ، وَأَذِنَ فِي لُحُومِ الْخَيْلِ \"",
      "english": {
        "narrator": "",
        "text": ""
      },
      "turkish": {
        "narrator": "",
        "text": ""
      }
    },
    {
      "id": 48,
      "idInBook": 48,
      "chapterId": 6,
      "bookId": 9,
      "arabic": "أَخْبَرَنَا أَبُو الْمُغِيرَةِ  ، حَدَّثَنَا الْأَوْزَاعِيُّ  ، حَدَّثَنِي الزُّهْرِيُّ  ، عَنْ سَعِيدِ بْنِ الْمُسَيِّبِ  ، وَأَبِي سَلَمَةَ بْنِ عَبْدِ الرَّحْمَنِ  ،  عَنْ أَبِي هُرَيْرَةَ  ، أَنّ رَسُولَ اللَّهِ صَلَّى اللَّهُ عَلَيْهِ وَسَلَّمَ قَالَ :\" لَا يَنْتَهِبُ نُهْبَةً ذَاتَ شَرَفٍ يَرْفَعُ الْمُؤْمِنُونَ فِيهَا أَبْصَارَهُمْ وَهُوَ حِينَ يَنْتَهِبُهَا مُؤْمِنٌ \"",
      "english": {
        "narrator": "",
        "text": ""
      },
      "turkish": {
        "narrator": "",
        "text": ""
      }
    },
    {
      "id": 49,
      "idInBook": 49,
      "chapterId": 6,
      "bookId": 9,
      "arabic": "حَدَّثَنَا إِسْحَاق بْنُ إِبْرَاهِيمَ  ، حَدَّثَنَا وَهْبُ بْنُ جَرِيرِ بْنِ حَازِمٍ  ، عَنْ أَبِيهِ  ، عَنْ يَعْلَى بْنِ حَكِيمٍ  ، عَنْ أَبِي لَبِيدٍ  ، عَنْ عَبْدِ الرَّحْمَنِ بْنِ سَمُرَةَ  ، قَالَ : \"نَهَى رَسُولُ اللَّهِ صَلَّى اللَّهُ عَلَيْهِ وَسَلَّمَ عَنْ النُّهْبَةِ \".\n قَالَ أَبُو مُحَمَّد : هَذَا فِي الْغَزْوِ إِذَا غَنِمُوا قَبْلَ أَنْ يُقْسَمَ",
      "english": {
        "narrator": "",
        "text": ""
      },
      "turkish": {
        "narrator": "",
        "text": ""
      }
    },
    {
      "id": 50,
      "idInBook": 50,
      "chapterId": 6,
      "bookId": 9,
      "arabic": "حَدَّثَنَا أَبُو عَاصِمٍ  ، عَنْ الْأَوْزَاعِيِّ  ، عَنْ حَسَّانَ بْنِ عَطِيَّةَ  ، عَنْ أَبِي وَاقِدٍ  ، قَالَ : قُلْنَا : يَا رَسُولَ اللَّهِ، إِنَّا بِأَرْضٍ تَكُونُ بِهَا الْمَخْمَصَةُ، فَمَا يَحِلُّ لَنَا مِنْ الْمَيْتَةِ؟ قَالَ :\" إِذَا لَمْ تَصْطَبِحُوا، وَلَمْ تَغْتَبِقُوا، وَلَمْ تَخْتَفِئُوا بَقْلًا فَشَأْنُكُمْ بِهَا \".\nقَالَ : النَّاسُ يَقُولُونَ بِالْحَاءِ، وَهَذَا قَالَ بِالْخَاءِ",
      "english": {
        "narrator": "",
        "text": ""
      },
      "turkish": {
        "narrator": "",
        "text": ""
      }
    },
    {
      "id": 51,
      "idInBook": 51,
      "chapterId": 6,
      "bookId": 9,
      "arabic": "أَخْبَرَنَا يَعْلَى  ، حَدَّثَنَا الْأَعْمَشُ  ، عَنْ يَعْقُوبَ بْنِ بَحِيرٍ  ، عَنْ ضِرَارِ بْنِ الْأَزْوَرِ  ، قَالَ : أَهْدَيْتُ لِرَسُولِ اللَّهِ صَلَّى اللَّهُ عَلَيْهِ وَسَلَّمَ لِقْحَةً، فَأَمَرَنِي أَنْ أَحْلُبَهَا، فَحَلَبْتُهَا، فَجَهَدْتُ فِي حَلْبِهَا، فَقَالَ\" دَعْ دَاعِيَ اللَّبَنِ \"",
      "english": {
        "narrator": "",
        "text": ""
      },
      "turkish": {
        "narrator": "",
        "text": ""
      }
    },
    {
      "id": 52,
      "idInBook": 52,
      "chapterId": 6,
      "bookId": 9,
      "arabic": "أَخْبَرَنَا عُبَيْدُ اللَّهِ بْنُ عَبْدِ الْمَجِيدِ  ، حَدَّثَنَا ابْنُ أَبِي ذِئْبٍ  ، عَنْ سَعِيدِ بْنِ خَالِدٍ الْقَارِظِيِّ  ، عَنْ سَعِيدِ بْنِ الْمُسَيِّبِ  ، عَنْ عَبْدِ الرَّحْمَنِ بْنِ عُثْمَانَ  ، أَنّ رَسُولَ اللَّهِ صَلَّى اللَّهُ عَلَيْهِ وَسَلَّمَ\" نَهَى عَنْ قَتْلِ الضِّفْدَعِ \"",
      "english": {
        "narrator": "",
        "text": ""
      },
      "turkish": {
        "narrator": "",
        "text": ""
      }
    },
    {
      "id": 53,
      "idInBook": 53,
      "chapterId": 6,
      "bookId": 9,
      "arabic": "أَخْبَرَنَا مُحَمَّدُ بْنُ يَحْيَى  ، حَدَّثَنَا عَبْدُ الرَّزَّاقِ  ، أَخْبَرَنَا مَعْمَرٌ  ، عَنْ الزُّهْرِيِّ  ، عَنْ عُبَيْدِ اللَّهِ بْنِ عَبْدِ اللَّهِ بْنِ عُتْبَةَ  ، عَنْ ابْنِ عَبَّاسٍ  ، قَالَ : \" نَهَى رَسُولُ اللَّهِ صَلَّى اللَّهُ عَلَيْهِ وَسَلَّمَ عَنْقَتْلِ أَرْبَعَةٍ مِنْ الدَّوَابِّ : النَّمْلَةِ، وَالنَّحْلَةِ، وَالْهُدْهُدِ، وَالصُّرَدِ \"",
      "english": {
        "narrator": "",
        "text": ""
      },
      "turkish": {
        "narrator": "",
        "text": ""
      }
    },
    {
      "id": 54,
      "idInBook": 54,
      "chapterId": 6,
      "bookId": 9,
      "arabic": "أَخْبَرَنَا أَبُو عَاصِمٍ  ، عَنْ ابْنِ جُرَيْجٍ  ، عَنْ عَبْدِ الْحَمِيدِ بْنِ جُبَيْرِ بْنِ شَيْبَةَ  ، عَنْ سَعِيدِ بْنِ الْمُسَيِّبِ  عَنْ أُمِّ شَرِيكٍ  ، أَنّ النَّبِيَّ صَلَّى اللَّهُ عَلَيْهِ وَسَلَّمَ\" أَمَرَ بِقَتْلِ الْأَوْزَاغِ \"",
      "english": {
        "narrator": "",
        "text": ""
      },
      "turkish": {
        "narrator": "",
        "text": ""
      }
    },
    {
      "id": 55,
      "idInBook": 55,
      "chapterId": 6,
      "bookId": 9,
      "arabic": "حَدَّثَنَا أَبُو زَيْدٍ : سَعِيدُ بْنُ الرَّبِيعِ  ، حَدَّثَنَا هِشَامٌ الدَّسْتَوَائِيُّ  ، عَنْ قَتَادَةَ  ، عَنْ عِكْرِمَةَ  ، عَنْ ابْنِ عَبَّاسٍ  ، أَنّ رَسُولَ اللَّهِ صَلَّى اللَّهُ عَلَيْهِ وَسَلَّمَ\" نَهَى عَنْ الْمُجَثَّمَةِ، وَعَنْ لَبَنِ الْجَلَّالَةِ، وَأَنْ يُشْرَبَ مِنْ فِي السِّقَاءِ \"",
      "english": {
        "narrator": "",
        "text": ""
      },
      "turkish": {
        "narrator": "",
        "text": ""
      }
    }
  ],
  "chapter": {
    "id": 6,
    "bookId": 9,
    "arabic": "مِنْ كِتَابِ الْأَضَاحِيِّ",
    "english": ""
  }
}