{"metadata":{"length":16,"arabic":{"title":"سنن الدارمي","author":"الإمام أبو محمد عبد الرحمن بن عبد الله بن الدارمي","introduction":"وَمِنْ كِتَابِ الصَّيْدِ"},"english":{"title":"Sunan al-Darimi","author":"Imam Abu Muhammad Abd al-Rahman ibn Abd Allah ibn al-Darimi","introduction":""}},"hadiths":[{"id":1,"idInBook":1,"chapterId":7,"bookId":9,"arabic":"أَخْبَرَنَا يَعْلَى بْنُ عُبَيْدٍ  ، حَدَّثَنَا زَكَرِيَّا  ، عَنْ عَامِرٍ  ، عَنْ عَدِيِّ بْنِ حَاتِمٍ  ، قَالَ : سَأَلْتُ رَسُولَ اللَّهِ صَلَّى اللَّهُ عَلَيْهِ وَسَلَّمَ عَنْ صَيْدِ الْكَلْبِ، فَقَالَ :\" مَا أَمْسَكَ عَلَيْكَ كَلْبِكَ فَكُلْ، فَإِنَّ أَخْذَهُ ذَكَاتُهُ، وَإِنْ وَجَدْتَ مَعَهُ كَلْبًا فَخَشِيتَ أَنْ يَكُونَ قَدْ أَخَذَهُ مَعَهُ، وَقَدْ قَتَلَهُ، فَلَا تَأْكُلْهُ، فَإِنَّكَ إِنَّمَا ذَكَرْتَ اسْمَ اللَّهِ عَلَى كَلْبِكَ، وَلَمْ تَذْكُرْهُ عَلَى غَيْرِهِ \".\nأَخْبَرَنَا أَبُو نُعَيْمٍ  ، حَدَّثَنَا زَكَرِيَّا  ، عَنْ عَامِرٍ  ، عَنْ عَدِيِّ بْنِ حَاتِمٍ  ، قَالَ : سَأَلْتُ رَسُولَ اللَّهِ صَلَّى اللَّهُ عَلَيْهِ وَسَلَّمَ عَنْ صَيْدِ الْمِعْرَاضِ، فَذَكَرَ مِثْلَهُ","english":{"narrator":"","text":""}},{"id":2,"idInBook":2,"chapterId":7,"bookId":9,"arabic":"أَخْبَرَنَا أَبُو نُعَيْمٍ  ، حَدَّثَنَا سُفْيَانُ  ، عَنْ عَبْدِ اللَّهِ بْنِ دِينَارٍ  ، عَنْ ابْنِ عُمَرَ  ، قَالَ : قَالَ رَسُولُ اللَّهِ صَلَّى اللَّهُ عَلَيْهِ وَسَلَّمَ :\" مَنْ اقْتَنَى كَلْبًا إِلَّا كَلْبَ صَيْدٍ أَوْ مَاشِيَةٍ، نَقَصَ مِنْ عَمَلِهِ كُلَّ يَوْمٍ قِيرَاطَانِ \"","english":{"narrator":"","text":""}},{"id":3,"idInBook":3,"chapterId":7,"bookId":9,"arabic":"حَدَّثَنَا الْحَكَمُ بْنُ الْمُبَارَكِ  ، حَدَّثَنَا مَالِكٌ  ، عَنْ يَزِيدَ بْنِ خُصَيْفَةَ  ، عَنْ السَّائِبِ بْنِ يَزِيدَ  ، أَنَّهُ سَمِعَ سُفْيَانَ بْنَ أَبِي زُهَيْرٍ   يُحَدِّثُ نَاسًا مَعَهُ عِنْدَ بَاب الْمَسْجِدِ، قَالَ : سَمِعْتُ رَسُولَ اللَّهِ صَلَّى اللَّهُ عَلَيْهِ وَسَلَّمَ يَقُولُ :\" مَنْ اقْتَنَى كَلْبًا لَا يُغْنِي عَنْهُ زَرْعًا وَلَا ضَرْعًا، نَقَصَ مِنْ عَمَلِهِ كُلَّ يَوْمٍ قِيرَاطٌ \".\nقَالُوا : أَنْتَ سَمِعْتَ هَذَا مِنْ رَسُولِ اللَّهِ صَلَّى اللَّهُ عَلَيْهِ وَسَلَّمَ؟ قَالَ : إِي وَرَبِّ هَذَا الْمَسْجِدِ","english":{"narrator":"","text":""}},{"id":4,"idInBook":4,"chapterId":7,"bookId":9,"arabic":"أَخْبَرَنَا وَهْبُ بْنُ جَرِيرٍ  ، حَدَّثَنَا شُعْبَةُ  ، عَنْ أَبِي التَّيَّاحِ  ، عَنْ مُطَرِّفٍ  ، عَنْ عَبْدِ اللَّهِ بْنِ مُغَفَّلٍ  ، أَنّ النَّبِيَّ صَلَّى اللَّهُ عَلَيْهِ وَسَلَّمَأَمَرَ بِقَتْلِ الْكِلَابِ، ثُمَّ قَالَ : \" مَا بَالِي وَلِلْكِلَابِ؟ \"، ثُمَّ رَخَّصَ فِي كَلْبِ الرَّعْيِ وَكَلْبِ الصَّيْدِ","english":{"narrator":"","text":""}},{"id":5,"idInBook":5,"chapterId":7,"bookId":9,"arabic":"أَخْبَرَنَا خَالِدُ بْنُ مَخْلَدٍ  ، حَدَّثَنَا مَالِكٌ  ، عَنْ نَافِعٍ  ، عَنْ ابْنِ عُمَرَ  ، قَالَ : \" أَمَرَ رَسُولُ اللَّهِ صَلَّى اللَّهُ عَلَيْهِ وَسَلَّمَبِقَتْلِ الْكِلَابِ \"","english":{"narrator":"","text":""}},{"id":6,"idInBook":6,"chapterId":7,"bookId":9,"arabic":"أَخْبَرَنَا سَعِيدُ بْنُ عَامِرٍ  ، حَدَّثَنَا عَوْفٌ  ، عَنْ الْحَسَنِ  ،  عَنْ عَبْدِ اللَّهِ بْنِ مُغَفَّلٍ  ، قَالَ : قَالَ رَسُولُ اللَّهِ صَلَّى اللَّهُ عَلَيْهِ وَسَلَّمَ :\" لَوْلَا أَنَّ الْكِلَابَ أُمَّةٌ مِنْ الْأُمَمِ، لَأَمَرْتُ بِقَتْلِهَا كُلِّهَا، وَلَكِنْ اقْتُلُوا مِنْهَا كُلَّ أَسْوَدَ بَهِيمٍ \".\nقَالَ سَعِيدُ بْنُ عَامِرٍ : الْبَهِيمُ : الْأَسْوَدُ كُلُّهُ","english":{"narrator":"","text":""}},{"id":7,"idInBook":7,"chapterId":7,"bookId":9,"arabic":"أَخْبَرَنَا سُلَيْمَانُ بْنُ حَرْبٍ  ، حَدَّثَنَا شُعْبَةُ  ، عَنْ عَبْدِ اللَّهِ بْنِ أَبِي السَّفَرِ  ، عَنْ الشَّعْبِيِّ  ، قَالَ : سَمِعْتُ عَدِيَّ بْنَ حَاتِمٍ  ، قَالَ : سَأَلْتُ النَّبِيَّ صَلَّى اللَّهُ عَلَيْهِ وَسَلَّمَ عَنْ الْمِعْرَاضِ، فَقَالَ :\" إِذَا أَصَابَ بِحَدِّهِ، فَكُلْ، وَإِذَا أَصَابَ بِعَرْضِهِ فَقَتَلَ، فَإِنَّهُ وَقِيذٌ، فَلَا تَأْكُلْ \"","english":{"narrator":"","text":""}},{"id":8,"idInBook":8,"chapterId":7,"bookId":9,"arabic":"أَخْبَرَنَا مُحَمَّدُ بْنُ يُوسُفَ  ، عَنْ سُفْيَانَ  ، عَنْ أَبِي يَعْفُورٍ  ، عَنْ عَبْدِ اللَّهِ بْنِ أَبِي أَوْفَى  ، قَالَ : \" غَزَوْنَا مَعَ رَسُولِ اللَّهِ صَلَّى اللَّهُ عَلَيْهِ وَسَلَّمَ سَبْعَ غَزَوَاتٍنَأْكُلُ الْجَرَادَ \"","english":{"narrator":"","text":""}},{"id":9,"idInBook":9,"chapterId":7,"bookId":9,"arabic":"أَخْبَرَنَا مُحَمَّدُ بْنُ الْمُبَارَكِ  ، قِرَاءَةً، عَنْ مَالِكٍ  ، عَنْ صَفْوَانَ بْنِ سُلَيْمٍ  ، عَنْ سَعِيدِ بْنِ سَلَمَةَ  مِنْ آلِ الْأَزْرَقِ، أَنَّ الْمُغِيرَةَ بْنَ أَبِي بُرْدَةَ  وَهُوَ رَجُلٌ مِنْ بَنِي عَبْدِ الدَّارِ أَخْبَرَهُ أَنَّهُ، سَمِعَ أَبَا هُرَيْرَةَ  ، يَقُولُ : سَأَلَ رَجُلٌ النَّبِيَّ صَلَّى اللَّهُ عَلَيْهِ وَسَلَّمَ، فَقَالَ : إِنَّا نَرْكَبُ الْبَحْرَ وَنَحْمِلُ مَعَنَا الْقَلِيلَ مِنْ الْمَاءِ، فَإِنْ تَوَضَّأْنَا بِهِ، عَطِشْنَا، أَفَنَتَوَضَّأُ مِنْ مَاءِ الْبَحْرِ؟ فَقَالَ رَسُولُ اللَّهِ صَلَّى اللَّهُ عَلَيْهِ وَسَلَّمَ :\" هُوَ الطَّهُورُ مَاؤُهُ، الْحِلُّ مَيْتَتُهُ \"","english":{"narrator":"","text":""}},{"id":10,"idInBook":10,"chapterId":7,"bookId":9,"arabic":"أَخْبَرَنَا زَكَرِيَّا بْنُ عَدِيٍّ  ، حَدَّثَنَا ابْنُ عُيَيْنَةَ  ، عَنْ عَمْرٍو يَعْنِي : ابْنَ دِينَارٍ  ،  عَنْ جَابِرٍ  ، قَالَ : \" بَعَثَنَا رَسُولُ اللَّهِ صَلَّى اللَّهُ عَلَيْهِ وَسَلَّمَ فِي ثَلَاثِ مِئَةٍ،فَأَصَابَنَا جُوعٌ حَتَّى أَتَيْنَا الْبَحْرَ وَقَدْ قَذَفَ دَابَّةً، فَأَكَلْنَا مِنْهَا حَتَّى ثَابَتْ أَجْسَامُنَا، فَأَخَذَ أَبُو عُبَيْدَةَ ضِلْعًا مِنْ أَضْلَاعِهَا فَوَضَعَهُ، ثُمَّ حَمَلَ أَطْوَلَ رَجُلٍ فِي الْجَيْشِ عَلَى أَعْظَمِ بَعِيرٍ فِي الْجَيْشِ فَمَرَّ تَحْتَهُ، هَذَا مَعْنَاهُ \"","english":{"narrator":"","text":""}},{"id":11,"idInBook":11,"chapterId":7,"bookId":9,"arabic":"أَخْبَرَنَا أَبُو الْوَلِيدِ  ، حَدَّثَنَا شُعْبَةُ  ، قَالَ : هِشَامُ بْنُ زَيْدِ بْنِ أَنَسٍ  أَخْبَرَنِي، قَالَ : سَمِعْتُ أَنَسَ بْنَ مَالِكٍ  ، يَقُولُ :أَنْفَجْنَا أَرْنَبًا وَنَحْنُ بِمَرِّ الظَّهْرَانِ ، فَسَعَى الْقَوْمُ فَلَغِبُوا، فَأَخَذْتُهَا وَجِئْتُ بِهَا إِلَى أَبِي طَلْحَةَ، فَذَبَحَهَا وَبَعَثَ بِوَرِكَيْهَا أَوْ فَخِذَيْهَا، شَكَّ شُعْبَةُ إِلَى رَسُولِ اللَّهِ صَلَّى اللَّهُ عَلَيْهِ وَسَلَّمَ \" فَقَبِلَهَا \"","english":{"narrator":"","text":""}},{"id":12,"idInBook":12,"chapterId":7,"bookId":9,"arabic":"أَخْبَرَنَا يَزِيدُ بْنُ هَارُونَ  ، أَخْبَرَنَا دَاوُدُ بْنُ أَبِي هِنْدٍ  ، عَنْ عَامِرٍ  ، عَنْ مُحَمَّدِ بْنِ صَفْوَانَ  ، أَنَّهُ مَرَّ عَلَى النَّبِيِّ صَلَّى اللَّهُ عَلَيْهِ وَسَلَّمَ بِأَرْنَبَيْنِ مُعَلِّقُهُمَا، فَقَالَ : \" يَا رَسُولَ اللَّهِ، إِنِّيدَخَلْتُ غَنَمَ أَهْلِي فَاصْطَدْتُ هَذَيْنِ الْأَرْنَبَيْنِ، فَلَمْ أَجِدْ حَدِيدَةً أُذَكِّيهِمَا بِهَا، فَذَكَّيْتُهُمَا بِمَرْوَةٍ، أَفَآكُلُ؟ قَالَ : \" نَعَمْ \"","english":{"narrator":"","text":""}},{"id":13,"idInBook":13,"chapterId":7,"bookId":9,"arabic":"أَخْبَرَنَا مُحَمَّدُ بْنُ يُوسُفَ  ، عَنْ سُفْيَانَ  ، عَنْ عَبْدِ اللَّهِ بْنِ دِينَارٍ  ، عَنْ ابْنِ عُمَرَ  ، قَالَ : سُئِلَ النَّبِيُّ صَلَّى اللَّهُ عَلَيْهِ وَسَلَّمَ عَنْ الضَّبِّ، فَقَالَ :\" لَسْتُ بِآكِلِهِ وَلَا مُحَرِّمِهِ \"","english":{"narrator":"","text":""}},{"id":14,"idInBook":14,"chapterId":7,"bookId":9,"arabic":"أَخْبَرَنَا سَهْلُ بْنُ حَمَّادٍ  ، حَدَّثَنَا شُعْبَةُ  ، حَدَّثَنَا الْحَكَمُ  ، قَالَ : سَمِعْتُ زَيْدَ بْنَ وَهْبٍ  يُحَدِّثُ، عَنْ الْبَرَاءِ بْنِ عَازِبٍ  ، عَنْ ثَابِتِ بْنِ وَدِيعَةَ  ، قَالَ : أُتِيَ النَّبِيُّ صَلَّى اللَّهُ عَلَيْهِ وَسَلَّمَ بِضَبٍّ، فَقَالَ :\" أُمَّةٌ مُسِخَتْ وَاللَّهُ أَعْلَمُ \"","english":{"narrator":"","text":""}},{"id":15,"idInBook":15,"chapterId":7,"bookId":9,"arabic":"أَخْبَرَنَا عَبْدُ اللَّهِ بْنُ صَالِحٍ  ، حَدَّثَنِي اللَّيْثُ  ، حَدَّثَنِي يُونُسُ  ، عَنْ ابْنِ شِهَابٍ  ، أَنَّهُ قَالَ : أَخْبَرَنِي أَبُو أُمَامَةَ بْنُ سَهْلِ بْنِ حُنَيْفٍ الْأَنْصَارِيُّ  ، أَنَّ عَبْدَ اللَّهِ بْنَ عَبَّاسٍ  أَخْبَرَهُ، أَنَّ خَالِدَ بْنَ الْوَلِيدِ   الَّذِي يُقَالُ لَهُ سَيْفُ اللَّهِ أَخْبَرَهُ، أَنَّهُ دَخَلَ مَعَ رَسُولِ اللَّهِ صَلَّى اللَّهُ عَلَيْهِ وَسَلَّمَ عَلَى مَيْمُونَةَ زَوْجِ النَّبِيِّ صَلَّى اللَّهُ عَلَيْهِ وَسَلَّمَ وَهِيَ خَالَتُهُ وَخَالَةُ ابْنِ عَبَّاسٍ، فَوَجَدَ عِنْدَهَا ضَبًّا مَحْنُوذًا قَدِمَتْ بِهِ أُخْتُهَا حُفَيْدَةُ بِنْتُ الْحَارِثِ مِنْ نَجْدٍ ، فَقَدَّمَتْ الضَّبَّ لِرَسُولِ اللَّهِ صَلَّى اللَّهُ عَلَيْهِ وَسَلَّمَ، وَكَانَ قَلَّمَا يُقَدِّمُ يَدَهُ لِطَعَامٍ حَتَّى يُحَدَّثَ بِهِ وَيُسَمَّى لَهُ، فَأَهْوَى رَسُولُ اللَّهِ صَلَّى اللَّهُ عَلَيْهِ وَسَلَّمَ يَدَهُ إِلَى الضَّبِّ، فَقَالَتْ امْرَأَةٌ مِنْ نِسْوَةِ الْحُضُورِ : أَخْبِرْنَ رَسُولَ اللَّهِ صَلَّى اللَّهُ عَلَيْهِ وَسَلَّمَ مَا قَدَّمْتُنَّ لَهُ.\nقُلْنَ : هَذَا الضَّبُّ، فَرَفَعَ رَسُولُ اللَّهِ صَلَّى اللَّهُ عَلَيْهِ وَسَلَّمَ يَدَهُ، فَقَالَ خَالِدُ بْنُ الْوَلِيدِ :أَتُحَرِّمُ الضَّبَّ يَا رَسُولَ اللَّهِ؟ قَالَ : \" لَا، وَلَكِنَّهُ لَمْ يَكُنْ بِأَرْضِ قَوْمِي، فَأَجِدُنِي أَعَافُهُ \".\nقَالَ خَالِدٌ : فَاجْتَرَرْتُهُ فَأَكَلْتُهُ، وَرَسُولُ اللَّهِ صَلَّى اللَّهُ عَلَيْهِ وَسَلَّمَ يَنْظُرُ، فَلَمْ يَنْهَنِي","english":{"narrator":"","text":""}},{"id":16,"idInBook":16,"chapterId":7,"bookId":9,"arabic":"أَخْبَرَنَا عُبَيْدُ اللَّهِ بْنُ عَبْدِ الْمَجِيدِ  ، حَدَّثَنَا عَبْدُ الرَّحْمَنِ بْنُ عَبْدِ اللَّهِ بْنِ دِينَارٍ  ، حَدَّثَنَا زَيْدُ بْنُ أَسْلَمَ  ، قَالَ عَبْدُ الرَّحْمَنِ : أَحْسَبُهُ عَنْ عَطَاءِ بْنِ يَسَارٍ  ، عَنْ أَبِي وَاقِدٍ اللَّيْثِيِّ  ، قَالَ : قَدِمَ رَسُولُ اللَّهِ صَلَّى اللَّهُ عَلَيْهِ وَسَلَّمَ الْمَدِينَةَ ، وَالنَّاسُ يَجُبُّونَ أَسْنِمَةَ الْإِبِلِ وَأَلْيَاتِ الْغَنَمِ، فَقَالَ رَسُولُ اللَّهِ صَلَّى اللَّهُ عَلَيْهِ وَسَلَّمَ :\" مَا قُطِعَ مِنْ بَهِيمَةٍ وَهِيَ حَيَّةٌ، فَهُوَ مَيْتَةٌ \"","english":{"narrator":"","text":""}}],"chapter":{"id":7,"bookId":9,"arabic":"وَمِنْ كِتَابِ الصَّيْدِ","english":""}}