{"metadata":{"length":63,"arabic":{"title":"سنن الدارمي","author":"الإمام أبو محمد عبد الرحمن بن عبد الله بن الدارمي","introduction":"وَمِنْ كِتَابِ الْأَطْعِمَةِ"},"english":{"title":"Sunan al-Darimi","author":"Imam Abu Muhammad Abd al-Rahman ibn Abd Allah ibn al-Darimi","introduction":""}},"hadiths":[{"id":1,"idInBook":1,"chapterId":8,"bookId":9,"arabic":"أَخْبَرَنَا خَالِدُ بْنُ مَخْلَدٍ  ، حَدَّثَنَا مَالِكٌ  ، عَنْ وَهْبِ بْنِ كَيْسَانَ  ، عَنْ عُمَرَ بْنِ أَبِي سَلَمَةَ  ، أَنَّ النَّبِيَّ صَلَّى اللَّهُ عَلَيْهِ وَسَلَّمَ، قَالَ لَهُ :\" سَمِّ اللَّهَ وَكُلْ مِمَّا يَلِيكَ \"","english":{"narrator":"","text":""}},{"id":2,"idInBook":2,"chapterId":8,"bookId":9,"arabic":"أَخْبَرَنَا يَزِيدُ بْنُ هَارُونَ  ، أَخْبَرَنَا هِشَامٌ  ، عَنْ بُدَيْلٍ  ، عَنْ عَبْدِ اللَّهِ بْنِ عُبَيْدِ بْنِ عُمَيْرٍ  ، عَنْ عَائِشَةَ  ، أَنّ النَّبِيَّ صَلَّى اللَّهُ عَلَيْهِ وَسَلَّمَ كَانَ يَأْكُلُ طَعَامًا فِي سِتَّةِ نَفَرٍ مِنْ أَصْحَابِهِ، فَجَاءَ أَعْرَابِيٌّ فَأَكَلَهُ بِلُقْمَتَيْنِ، فَقَالَ النَّبِيُّ صَلَّى اللَّهُ عَلَيْهِ وَسَلَّمَ :\" أَمَا إِنَّهُ لَوْ ذَكَرَ اسْمَ اللَّهِ، لَكَفَاكُمْ، فَإِذَا أَكَلَ أَحَدُكُمْ، فَلْيَذْكُرْ اسْمَ اللَّهِ، فَإِنْ نَسِيَ أَنْ يَذْكُرَ اسْمَ اللَّهِ، فَلْيَقُلْ : بِسْمِ اللَّهِ أَوَّلَهُ وَآخِرَهُ \".\nأَخْبَرَنَا بُنْدَارٌ  ، حَدَّثَنَا مُعَاذُ بْنُ هِشَامٍ  ، عَنْ أَبِيهِ  ، عَنْ بُدَيْلٍ  ، عَنْ عَبْدِ اللَّهِ بْنِ عُبَيْدِ بْنِ عُمَيْرٍ  ، عَنْ أُمِّ كُلْثُومٍ  ، عَنْ عَائِشَةَ  ، بِهَذَا الْحَدِيثِ","english":{"narrator":"","text":""}},{"id":3,"idInBook":3,"chapterId":8,"bookId":9,"arabic":"أَخْبَرَنَا مُوسَى بْنُ خَالِدٍ  ، حَدَّثَنَا عِيسَى بْنُ يُونُسَ  ، عَنْ صَفْوَانَ بْنِ عَمْرٍو  ، حَدَّثَنَا عَبْدُ اللَّهِ بْنُ بُسْرٍ   وَكَانَتْ لَهُ صُحْبَةٌ يَسِيرَةٌ ، قَالَ : قَالَ أَبِي لِأُمِّي : لَوْ صَنَعْتِ لِرَسُولِ اللَّهِ صَلَّى اللَّهُ عَلَيْهِ وَسَلَّمَ طَعَامًا؟ فَصَنَعَتْ ثَرِيدَةً، وَقَالَ بِيَدِهِ يُقْلِلُ، فَانْطَلَقَ أَبِي فَدَعَاهُ، فَوَضَعَ رَسُولُ اللَّهِ صَلَّى اللَّهُ عَلَيْهِ وَسَلَّمَ يَدَهُ عَلَى ذِرْوَتِهَا، ثُمَّ قَالَ : \" خُذُوا بِاسْمِ اللَّهِ \".\nفَأَخَذُوا مِنْ نَوَاحِيهَا، فَلَمَّا طَعِمُوا دَعَا لَهُمْ، فَقَالَ :\" اللَّهُمَّ اغْفِرْ لَهُمْ وَارْحَمْهُمْ وَبَارِكْ لَهُمْ فِي رِزْقِهِمْ \"","english":{"narrator":"","text":""}},{"id":4,"idInBook":4,"chapterId":8,"bookId":9,"arabic":"أَخْبَرَنَا مُحَمَّدُ بْنُ الْقَاسِمِ الْأَسَدِيُّ  ، حَدَّثَنَا ثَوْرٌ  ، عَنْ خَالِدِ بْنِ مَعْدَانَ  ، عَنْ أَبِي أُمَامَةَ  ، قَالَ : كَانَ رَسُولُ اللَّهِ صَلَّى اللَّهُ عَلَيْهِ وَسَلَّمَ إِذَا أَكَلَ أَوْ شَرِبَ، قَالَ :\" الْحَمْدُ لِلَّهِ حَمْدًا كَثِيرًا طَيِّبًا مُبَارَكًا فِيهِ، غَيْرَ مَكْفُورٍ، وَلَا مُوَدَّعٍ، وَلَا مُسْتَغْنًى عَنْ رَبِّنَا \"","english":{"narrator":"","text":""}},{"id":5,"idInBook":5,"chapterId":8,"bookId":9,"arabic":"أَخْبَرَنَا نُعَيْمُ بْنُ حَمَّادٍ  ، عَنْ عَبْدِ الْعَزِيزِ بْنِ مُحَمَّدٍ  ، عَنْ مُحَمَّدِ بْنِ عَبْدِ اللَّهِ بْنِ أَبِي حُرَّةَ  ، عَنْ عَمِّهِ  ، عَنْ سِنَانِ بْنِ سَنَّةَ  ، قَالَ : قَالَ رَسُولُ اللَّهِ صَلَّى اللَّهُ عَلَيْهِ وَسَلَّمَ :\" الطَّاعِمُ الشَّاكِرُ كَالصَّائِمِ الصَّابِرِ \"","english":{"narrator":"","text":""}},{"id":6,"idInBook":6,"chapterId":8,"bookId":9,"arabic":"حَدَّثَنَا إِسْحَاق بْنُ عِيسَى  ، أَخْبَرَنَا حَمَّادُ بْنُ سَلَمَةَ  ، عَنْ ثَابِتٍ  ، عَنْ أَنَسٍ  ، عَنْ النَّبِيِّ صَلَّى اللَّهُ عَلَيْهِ وَسَلَّمَ، قَالَ :\" إِذَا أَكَلَ أَحَدُكُمْ، فَلْيَلْعَقْ أَصَابِعَهُ الثَّلَاثَ \"","english":{"narrator":"","text":""}},{"id":7,"idInBook":7,"chapterId":8,"bookId":9,"arabic":"أَخْبَرَنَا عَمْرُو بْنُ عَوْنٍ  ، حَدَّثَنَا ابْنُ عُيَيْنَةَ  ، عَنْ عَمْرِو بْنِ دِينَارٍ  ، عَنْ عَطَاءٍ  ، عَنْ ابْنِ عَبَّاسٍ  ، أَنّ النَّبِيَّ صَلَّى اللَّهُ عَلَيْهِ وَسَلَّمَ قَالَ :\" إِذَا أَكَلَ أَحَدُكُمْ، فَلَا يَمْسَحْ يَدَهُ حَتَّى يَلْعَقَ أَصَابِعَهُ أَوْ يُلْعِقَهَا \"","english":{"narrator":"","text":""}},{"id":8,"idInBook":8,"chapterId":8,"bookId":9,"arabic":"أَخْبَرَنَا يَزِيدُ بْنُ هَارُونَ  ، أَخْبَرَنَا أَبُو الْيَمَانِ الْبَرَّاءُ وَهُوَ : مُعَلَّى بْنُ رَاشِدٍ  ، قَالَ : حَدَّثَتْنِي جَدَّتِي أُمُّ عَاصِمٍ  ، قَالَتْ : دَخَلَ عَلَيْنَا نُبَيْشَةُ   مَوْلَى رَسُولِ اللَّهِ صَلَّى اللَّهُ عَلَيْهِ وَسَلَّمَ وَنَحْنُ نَأْكُلُ طَعَامًا، فَدَعَوْنَاهُ، فَأَكَلَ مَعَنَا، ثُمَّ قَالَ : حَدَّثَنَا رَسُولُ اللَّهِ صَلَّى اللَّهُ عَلَيْهِ وَسَلَّمَ أَنَّهُ :\" مَنْ أَكَلَ فِي قَصْعَةٍ ثُمَّ لَحِسَهَا، اسْتَغْفَرَتْ لَهُ الْقَصْعَةُ \"","english":{"narrator":"","text":""}},{"id":9,"idInBook":9,"chapterId":8,"bookId":9,"arabic":"أَخْبَرَنَا إِسْحَاق بْنُ عِيسَى  ، حَدَّثَنَا حَمَّادُ بْنُ سَلَمَةَ  ، عَنْ ثَابِتٍ  ، عَنْ أَنَسٍ  ، قَالَ : قَالَ رَسُولُ اللَّهِ صَلَّى اللَّهُ عَلَيْهِ وَسَلَّمَ :\" إِذَا سَقَطَتْ لُقْمَةُ أَحَدِكُمْ، فَلْيَمْسَحْ عَنْهَا التُّرَابَ، وَلْيُسَمِّ اللَّهَ، وَلْيَأْكُلْهَا \"","english":{"narrator":"","text":""}},{"id":10,"idInBook":10,"chapterId":8,"bookId":9,"arabic":"أَخْبَرَنَا زَكَرِيَّا بْنُ عَدِيٍّ  ، حَدَّثَنَا يَزِيدُ بْنُ زُرَيْعٍ  ، عَنْ يُونُسَ  ، عَنْ الْحَسَنِ  ، قَالَ : كَانَ مَعْقِلُ بْنُ يَسَارٍ   يَتَغَدَّى، فَسَقَطَتْ لُقْمَتُهُ، فَأَخَذَهَا فَأَمَاطَ مَا بِهَا مِنْ أَذًى، ثُمَّ أَكَلَهَا، قَالَ : فَجَعَلَ أُولَئِكَ الدَّهَاقِينُ يَتَغَامَزُونَ بِهِ، فَقَالُوا لَهُ : مَا تَرَى مَا يَقُولُ هَؤُلَاءِ الْأَعَاجِمُ، يَقُولُونَ : انْظُرُوا إِلَى مَا بَيْنَ يَدَيْهِ مِنْ الطَّعَامِ، وَإِلَى مَا يَصْنَعُ بِهَذِهِ اللُّقْمَةِ؟ فَقَالَ : إِنِّي لَمْ أَكُنْ أَدَعُ مَا سَمِعْتُ مِنْ رَسُولِ اللَّهِ صَلَّى اللهُ عَلَيْهِ وَسَلَّمَ بِقَوْلِ هَؤُلَاءِ الْأَعَاجِمِ، \" إِنَّا كُنَّانُؤْمَرُ إِذَا سَقَطَتْ لُقْمَةُ أَحَدِنَا أَنْ يُمِيطَ مَا بِهَا مِنْ الْأَذَى، وَأَنْ يَأْكُلَهَا \"","english":{"narrator":"","text":""}},{"id":11,"idInBook":11,"chapterId":8,"bookId":9,"arabic":"أَخْبَرَنَا أَبُو عَلَّي الْحَنَفِيُّ  ، حَدَّثَنَا مَالِكٌ  ، عَنْ ابْنِ شِهَابٍ  ، عَنْ أَبِي بَكْرِ بْنِ عُبَيْدِ اللَّهِ بْنِ عَبْدِ اللَّهِ بْنِ عُمَرَ  ، عَنْ عَبْدِ اللَّهِ بْنِ عُمَرَ  ، أَنّ رَسُولَ اللَّهِ صَلَّى اللَّهُ عَلَيْهِ وَسَلَّمَ، قَالَ :\" إِذَا أَكَلَ أَحَدُكُمْ، فَلْيَأْكُلْ بِيَمِينِهِ، وَلْيَشْرَبْ بِيَمِينِهِ، فَإِنَّ الشَّيْطَانَ يَأْكُلُ بِشِمَالِهِ وَيَشْرَبُ بِشِمَالِهِ \".\n أَخْبَرَنَا عَمْرُو بْنُ عَوْنٍ  ، عَنْ ابْنِ عُيَيْنَةَ  ، عَنْ الزُّهْرِيِّ  ، عَنْ أَبِي بَكْرٍ  ، عَنْ ابْنِ عُمَرَ  ، عَنْ النَّبِيِّ صَلَّى اللَّهُ عَلَيْهِ وَسَلَّمَ، بِنَحْوِهِ","english":{"narrator":"","text":""}},{"id":12,"idInBook":12,"chapterId":8,"bookId":9,"arabic":"أَخْبَرَنَا أَبُو الْوَلِيدِ الطَّيَالِسِيُّ  ، حَدَّثَنَا عِكْرِمَةُ بْنُ عَمَّارٍ  ، قَالَ : حَدَّثَنِي إِيَاسُ بْنُ سَلَمَةَ  ، قَالَ : حَدَّثَنِي أَبِي  ، قَالَ : أَبْصَرَ رَسُولُ اللَّهِ صَلَّى اللَّهُ عَلَيْهِ وَسَلَّمَ بُسْرَ بْنَ رَاعِي الْعِيرِ يَأْكُلُ بِشِمَالِهِ، فَقَالَ :\" كُلْ بِيَمِينِكَ \".\nقَالَ : لَا أَسْتَطِيعُ، قَالَ : \" لَا اسْتَطَعْتَ \".\nقَالَ : فَمَا وَصَلَتْ يَمِينُهُ إِلَى فِيهِ","english":{"narrator":"","text":""}},{"id":13,"idInBook":13,"chapterId":8,"bookId":9,"arabic":"أَخْبَرَنَا مُحَمَّدُ بْنُ عِيسَى  ، حَدَّثَنَا أَبُو مُعَاوِيَةَ  ، عَنْ هِشَامِ بْنِ عُرْوَةَ  ، عَنْ عَبْدِ الرَّحْمَنِ بْنِ سَعْدٍ الْمَدَنِيِّ  ، عَنْ ابْنِ كَعْبِ بْنِ مَالِكٍ  ، عَنْ أَبِيهِ  ، قَالَ : كَانَ النَّبِيُّ صَلَّى اللَّهُ عَلَيْهِ وَسَلَّمَ\" يَأْكُلُ بِثَلَاثِ أَصَابِعَ، وَلَا يَمْسَحُ يَدَهُ حَتَّى يَلْعَقَهَا \"","english":{"narrator":"","text":""}},{"id":14,"idInBook":14,"chapterId":8,"bookId":9,"arabic":"حَدَّثَنَا مُوسَى بْنُ خَالِدٍ  ، حَدَّثَنَا عِيسَى بْنُ يُونُسَ  ، عَنْ هِشَامِ بْنِ عُرْوَةَ  ، عَنْ عَبْدِ الرَّحْمَنِ بْنِ سَعْدٍ الْمَدَنِيِّ  ، أَنَّ عَبْدَ اللَّهِ بْنَ كَعْبٍ  أَوْ عَبْدَ الرَّحْمَنِ بْنَ كَعْبٍ  شَكَّ هِشَامٌ أَخْبَرَهُ، عَنْ أَبِيهِ  ، أَنّ النَّبِيَّ صَلَّى اللَّهُ عَلَيْهِ وَسَلَّمَ كَانَ\" يَأْكُلُ بِأَصَابِعِهِ الثَّلَاثِ، فَإِذَا فَرَغَ، لَعِقَهَا \"، وَأَشَارَ هِشَامٌ بِأَصَابِعِهِ الثَّلَاثِ","english":{"narrator":"","text":""}},{"id":15,"idInBook":15,"chapterId":8,"bookId":9,"arabic":"أَخْبَرَنَا يَزِيدُ بْنُ هَارُونَ  ، حَدَّثَنَا مُحَمَّدُ بْنُ إِسْحَاق  ، عَنْ سَعِيدِ بْنِ أَبِي سَعِيدٍ  ، عَنْ أَبِي شُرَيْحٍ الْخُزَاعِيِّ  ، قَالَ : سَمِعْتُ رَسُولَ اللَّهِ صَلَّى اللَّهُ عَلَيْهِ وَسَلَّمَ يَقُولُ :\" مَنْ كَانَ يُؤْمِنُ بِاللَّهِ وَالْيَوْمِ الْآخِرِ، فَلْيُكْرِمْ جَارَهُ ، وَمَنْ كَانَ يُؤْمِنُ بِاللَّهِ وَالْيَوْمِ الْآخِرِ، فَلْيَقُلْ خَيْرًا، أَوْ لِيَصْمُتْ، وَمَنْ كَانَ يُؤْمِنُ بِاللَّهِ وَالْيَوْمِ الْآخِرِ، فَلْيُكْرِمْ ضَيْفَهُ، جَائِزَتَهُ يَوْمًا وَلَيْلَةً، وَالضِّيَافَةُ ثَلَاثَةُ أَيَّامٍ وَمَا بَعْدَ ذَلِكَ صَدَقَةٌ \"","english":{"narrator":"","text":""}},{"id":16,"idInBook":16,"chapterId":8,"bookId":9,"arabic":"أَخْبَرَنَا عُثْمَانُ بْنُ مُحَمَّدٍ  ، حَدَّثَنَا سُفْيَانُ بْنُ عُيَيْنَةَ  ، عَنْ عَمْرِو بْنِ دِينَارٍ  ، قَالَ : سَمِعْتُ نَافِعَ بْنَ جُبَيْرٍ  ، عَنْ أَبِي شُرَيْحٍ الْخُزَاعِيِّ  ، أَنَّ رَسُولَ اللَّهِ صَلَّى اللَّهُ عَلَيْهِ وَسَلَّمَ قَالَ :\" مَنْ كَانَ يُؤْمِنُ بِاللَّهِ وَالْيَوْمِ الْآخِرِ، فَلْيُكْرِمْ ضَيْفَهُ، وَمَنْ كَانَ يُؤْمِنُ بِاللَّهِ وَالْيَوْمِ الْآخِرِ، فَلْيُحْسِنْ إِلَى جَارِهِ، وَمَنْ كَانَ يُؤْمِنُ بِاللَّهِ وَالْيَوْمِ الْآخِرِ، فَلْيَقُلْ خَيْرًا أَوْ لِيَسْكُتْ \"","english":{"narrator":"","text":""}},{"id":17,"idInBook":17,"chapterId":8,"bookId":9,"arabic":"أَخْبَرَنَا يَزِيدُ بْنُ هَارُونَ  ، حَدَّثَنَا شُعْبَةُ  ، عَنْ أَبِي الْجُودِيِّ  ، عَنْ سَعِيدِ بْنِ الْمُهَاجِرِ  ، عَنْ الْمِقْدَامِ بْنِ مَعْدِي كَرِبَ : أَبِي كَرِيمَةَ  ، قَالَ : قَالَ رَسُولُ اللَّهِ صَلَّى اللَّهُ عَلَيْهِ وَسَلَّمَ :\" أَيُّمَا مُسْلِمٍ ضَافَ قَوْمًا، فَأَصْبَحَ الضَّيْفُ مَحْرُومًا، فَإِنَّ عَلَى كُلِّ مُسْلِمٍ نَصْرَهُ حَتَّى يَأْخُذَ لَهُ بِقِرَى لَيْلَتِهِ مِنْ زَرْعِهِ وَمَالِهِ \"","english":{"narrator":"","text":""}},{"id":18,"idInBook":18,"chapterId":8,"bookId":9,"arabic":"أَخْبَرَنَا عَبْدُ اللَّهِ بْنُ مَسْلَمَةَ  ، حَدَّثَنَا سُلَيْمَانُ بْنُ بِلَالٍ  ، عَنْ عُتْبَةَ بْنِ مُسْلِمٍ  ، أَنَّ عُبَيْدَ بْنَ حُنَيْنٍ  أَخْبَرَهُ، أَنَّهُ سَمِعَ أَبَا هُرَيْرَةَ  ، يَقُولُ : قَالَ رَسُولُ اللَّهِ صَلَّى اللَّهُ عَلَيْهِ وَسَلَّمَ :\" إِذَا سَقَطَ الذُّبَابُ فِي شَرَابِ أَحَدِكُمْ، فَلْيَغْمِسْهُ كُلَّهُ ثُمَّ لِيَنْزِعْهُ، فَإِنَّ فِي أَحَدِ جَنَاحَيْهِ دَاءً، وَفِي الْآخَرِ شِفَاءً \"","english":{"narrator":"","text":""}},{"id":19,"idInBook":19,"chapterId":8,"bookId":9,"arabic":"حَدَّثَنَا سُلَيْمَانُ بْنُ حَرْبٍ  ، حَدَّثَنَا حَمَّادُ بْنُ سَلَمَةَ  ، عَنْ ثُمَامَةَ بْنِ عَبْدِ اللَّهِ بْنِ أَنَسٍ  ، عَنْ أَبِي هُرَيْرَةَ  ، عَنْ النَّبِيِّ صَلَّى اللَّهُ عَلَيْهِ وَسَلَّمَ، قَالَ :\" إِذَا وَقَعَ الذُّبَابُ فِي إِنَاءِ أَحَدِكُمْ، فَلْيَغْمِسْهُ، فَإِنَّ فِي أَحَدِ جَنَاحَيْهِ دَاءً، وَفِي الْآخَرِ شِفَاءً \".\n قَالَ أَبُو مُحَمَّد : قَالَ غَيْرُ  حَمَّادٍ  : ثُمَامَةُ  ، عَنْ أَنَسٍ  ، مَكَانَ أَبِي هُرَيْرَةَ . وَقَوْمٌ  يَقُولُونَ : عَنْ الْقَعْقَاع  ، عَنْ أَبِي هُرَيْرَةَ  ، وَحَدِيثُ عُبَيْدِ بْنِ حُنَيْنٍ أَصَحُّ","english":{"narrator":"","text":""}},{"id":20,"idInBook":20,"chapterId":8,"bookId":9,"arabic":"أَخْبَرَنَا أَبُو عَاصِمٍ  ، عَنْ ابْنِ جُرَيْجٍ  ، عَنْ أَبِي الزُّبَيْرِ  ، عَنْ جَابِرٍ   رَضِيَ اللهِ عَنْهُ، عَنْ النَّبِيِّ صَلَّى اللَّهُ عَلَيْهِ وَسَلَّمَ، قَالَ :\" الْمُؤْمِنُ يَأْكُلُ فِي مِعًى وَاحِدٍ، وَالْكَافِرُ يَأْكُلُ فِي سَبْعَةِ أَمْعَاءٍ \".\n أَخْبَرَنَا عُبَيْدُ اللَّهِ بْنُ عُمَرَ الْقَوَارِيرِيُّ  ، حَدَّثَنَا يَحْيَى بْنُ سَعِيدٍ  ، عَنْ عُبَيْدِ اللَّهِ  ، حَدَّثَنِي نَافِعٌ  ، عَنْ ابْنِ عُمَرَ  ، عَنْ النَّبِيِّ صَلَّى اللَّهُ عَلَيْهِ وَسَلَّمَ.\nوَحَدَّثَنِي يَحْيَى  ، عَنْ مُجَالِدٍ  ، عَنْ أَبِي الْوَدَّاكِ  ، عَنْ أَبِي سَعِيدٍ   ، عَنْ النَّبِيِّ صَلَّى اللَّهُ عَلَيْهِ وَسَلَّمَ","english":{"narrator":"","text":""}},{"id":21,"idInBook":21,"chapterId":8,"bookId":9,"arabic":"وَحَدَّثَنِي يَحْيَى  ، عَنْ مُحَمَّدِ بْنِ عَمْرٍو  ، عَنْ أَبِي سَلَمَةَ  ، عَنْ أَبِي هُرَيْرَةَ  ، عَنْ النَّبِيِّ صَلَّى اللَّهُ عَلَيْهِ وَسَلَّمَ، قَالَ :\" الْمُؤْمِنُ يَأْكُلُ فِي مِعًى وَاحِدٍ، وَالْكَافِرُ يَأْكُلُ فِي سَبْعَةِ أَمْعَاءٍ \"","english":{"narrator":"","text":""}},{"id":22,"idInBook":22,"chapterId":8,"bookId":9,"arabic":"أَخْبَرَنَا أَبُو عَاصِمٍ  ، عَنْ ابْنِ جُرَيْجٍ  ، عَنْ أَبِي الزُّبَيْرِ  ، عَنْ جَابِرٍ  ، عَنْ النَّبِيِّ صَلَّى اللَّهُ عَلَيْهِ وَسَلَّمَ، قَالَ :\" طَعَامُ الْوَاحِدِ يَكْفِي الِاثْنَيْنِ، وَطَعَامُ الِاثْنَيْنِ يَكْفِي الْأَرْبَعَةَ، وَطَعَامُ الْأَرْبَعَةِ يَكْفِي ثَمَانِيَةً \"","english":{"narrator":"","text":""}},{"id":23,"idInBook":23,"chapterId":8,"bookId":9,"arabic":"أَخْبَرَنَا خَالِدُ بْنُ مَخْلَدٍ  ، حَدَّثَنَا مَالِكٌ  ، عَنْ وَهْبِ بْنِ كَيْسَانَ  ، عَنْ عُمَرَ بْنِ أَبِي سَلَمَةَ  ، أَنَّ النَّبِيَّ صَلَّى اللَّهُ عَلَيْهِ وَسَلَّمَ، قَالَ لَهُ :\" سَمِّ اللَّهَ وَكُلْ مِمَّا يَلِيكَ \"","english":{"narrator":"","text":""}},{"id":24,"idInBook":24,"chapterId":8,"bookId":9,"arabic":"أَخْبَرَنَا سَعِيدُ بْنُ عَامِرٍ  ، عَنْ شُعْبَةَ  ، عَنْ عَطَاءِ بْنِ السَّائِبِ  ، عَنْ سَعِيدِ بْنِ جُبَيْرٍ  ، عَنْ ابْنِ عَبَّاسٍ  ، أَنّ رَسُولَ اللَّهِ صَلَّى اللَّهُ عَلَيْهِ وَسَلَّمَ أُتِيَ بِجَفْنَةٍ، أَوْ قَالَ : قَصْعَةٍ مِنْ ثَرِيدٍ فَقَالَ :\" كُلُوا مِنْ حَافَاتِهَا أَوْ قَالَ : جَوَانِبِهَا وَلَا تَأْكُلُوا مِنْ وَسَطِهَا، فَإِنَّ الْبَرَكَةَ تَنْزِلُ فِي وَسَطِهَا \"","english":{"narrator":"","text":""}},{"id":25,"idInBook":25,"chapterId":8,"bookId":9,"arabic":"حَدَّثَنَا عَبْدُ الرَّحْمَنِ بْنُ إِبْرَاهِيمَ الدِّمَشْقِيُّ  ، حَدَّثَنَا ابْنُ وَهْبٍ  ، عَنْ قُرَّةَ بْنِ عَبْدِ الرَّحْمَنِ  ، عَنْ الزُّهْرِيِّ  ، عَنْ عُرْوَةَ  ، عَنْ أَسْمَاءَ بِنْتِ أَبِي بَكْرٍ  ، أَنَّهَا كَانَتْ إِذَا أُتِيَتْ بِثَرِيدٍ، أَمَرَتْ بِهِ فَغُطِّيَ حَتَّى يَذْهَبَ فَوْرَةُ دُخَانِهِ، وَتَقُولُ : إِنِّي سَمِعْتُ رَسُولَ اللَّهِ صَلَّى اللَّهُ عَلَيْهِ وَسَلَّمَ، يَقُولُ :\" هُوَ أَعْظَمُ لِلْبَرَكَةِ \"","english":{"narrator":"","text":""}},{"id":26,"idInBook":26,"chapterId":8,"bookId":9,"arabic":"أَخْبَرَنَا يَزِيدُ بْنُ هَارُونَ  ، أَخْبَرَنَا الْمُثَنَّى بْنُ سَعِيدٍ  ، حَدَّثَنَا طَلْحَةُ بْنُ نَافِعٍ  : أَبُو سُفْيَانَ، حَدَّثَنَا جَابِرُ بْنُ عَبْدِ اللَّهِ  ، قَالَ : أَخَذَ النَّبِيُّ صَلَّى اللَّهُ عَلَيْهِ وَسَلَّمَ بِيَدِي ذَاتَ يَوْمٍ إِلَى مَنْزِلِهِ، فَقَالَ : \" هَلْ مِنْ غَدَاءٍ أَوْ مِنْ عَشَاءٍ؟ \" شَكَّ طَلْحَةُ.\n قَالَ : فَأَخْرَجَ إِلَيْهِ فِلَقٌ مِنْ خُبْزٍ، فَقَالَ : \" مَا مِنْ أُدْمٍ؟ \" قَالُوا : لَا، إِلَّا شَيْءٌ مِنْ خَلٍّ، فَقَالَ : \" هَاتُوهُ،فَنِعْمَ الْإِدَامُ الْخَلُّ \".\nقَالَ جَابِرٌ : فَمَا زِلْتُ أُحِبُّ الْخَلَّ مُنْذُ سَمِعْتُهُ مِنْ رَسُولِ اللَّهِ صَلَّى اللَّهُ عَلَيْهِ وَسَلَّمَ.\nفَقَالَ أَبُو سُفْيَانَ : فَمَا زِلْتُ أُحِبُّهُ مُنْذُ سَمِعْتُهُ مِنْ جَابِرٍ","english":{"narrator":"","text":""}},{"id":27,"idInBook":27,"chapterId":8,"bookId":9,"arabic":"حَدَّثَنِي يَحْيَى بْنُ حَسَّانَ  ، حَدَّثَنَا سُلَيْمَانُ بْنُ بِلَالٍ  ، عَنْ هِشَامِ بْنِ عُرْوَةَ  ، عَنْ أَبِيهِ  ، عَنْ عَائِشَةَ  ، عَنْ النَّبِيِّ صَلَّى اللَّهُ عَلَيْهِ وَسَلَّمَ، ، قَالَ :\" نِعْمَ الْإِدَامُ أَوْ الْأُدْمُ الْخَلُّ \"","english":{"narrator":"","text":""}},{"id":28,"idInBook":28,"chapterId":8,"bookId":9,"arabic":"أَخْبَرَنَا أَبُو نُعَيْمٍ  ، حَدَّثَنَا مَالِكٌ  ، عَنْ إِسْحَاق بْنِ عَبْدِ اللَّهِ بْنِ أَبِي طَلْحَةَ  ،  عَنْ أَنَسٍ  ، قَالَ : \" رَأَيْتُ النَّبِيَّ صَلَّى اللَّهُ عَلَيْهِ وَسَلَّمَ أُتِيَ بِمَرَقَةٍ فِيهَا دُبَّاءٌ وَقَدِيدٌ، فَرَأَيْتُهُيَتَتَبَّعُ الدُّبَّاءَ يَأْكُلُهُ \"","english":{"narrator":"","text":""}},{"id":29,"idInBook":29,"chapterId":8,"bookId":9,"arabic":"أَخْبَرَنَا الْأَسْوَدُ بْنُ عَامِرٍ  ، حَدَّثَنَا شُعْبَةُ  ، عَنْ قَتَادَةَ  ، عَنْ أَنَسٍ  ، قَالَ : \" كَانَ النَّبِيُّ صَلَّى اللَّهُ عَلَيْهِ وَسَلَّمَيُعْجِبُهُ الْقَرْعُ \".\nقَالَ : فَقُدِّمَ إِلَيْهِ، فَجَعَلْتُ أَتَنَاوَلُهُ وَأَجْعَلُهُ بَيْنَ يَدَيْهِ","english":{"narrator":"","text":""}},{"id":30,"idInBook":30,"chapterId":8,"bookId":9,"arabic":"أَخْبَرَنَا أَبُو نُعَيْمٍ  ، حَدَّثَنَا سُفْيَانُ  ، عَنْ عَبْدِ اللَّهِ بْنِ عِيسَى  ، عَنْ عَطَاءٍ  وَلَيْسَ بِابْنِ أَبِي رَبَاحٍ ، عَنْ أَبِي أَسِيدٍ الْأَنْصَارِيِّ  ، قَالَ : قَالَ رَسُولُ اللَّهِ صَلَّى اللَّهُ عَلَيْهِ وَسَلَّمَ :\" كُلُوا الزَّيْتَ فَإِنَّهُ مُبَارَكٌ، وَائْتَدِمُوا بِهِ، وَادَّهِنُوا بِهِ، فَإِنَّهُ يَخْرُجُ مِنْ شَجَرَةٍ مُبَارَكَةٍ \"","english":{"narrator":"","text":""}},{"id":31,"idInBook":31,"chapterId":8,"bookId":9,"arabic":"حَدَّثَنَا مُسَدَّدٌ  ، حَدَّثَنَا يَحْيَى بْنُ سَعِيدٍ  ، عَنْ عُبَيْدِ اللَّهِ  ، أَخْبَرَنِي نَافِعٌ  ، عَنْ ابْنِ عُمَرَ  ، أَنّ النَّبِيَّ صَلَّى اللَّهُ عَلَيْهِ وَسَلَّمَ، قَالَ فِي غَزْوَةِ خَيْبَرَ :\" مَنْ أَكَلَ مِنْ هَذِهِ الشَّجَرَةِ يَعْنِي : الثُّومَ، فَلَا يَأْتِيَنَّ الْمَسَاجِدَ \"","english":{"narrator":"","text":""}},{"id":32,"idInBook":32,"chapterId":8,"bookId":9,"arabic":"أَخْبَرَنَا عَلِيُّ بْنُ عَبْدِ اللَّهِ  ، حَدَّثَنَا سُفْيَانُ بْنُ عُيَيْنَةَ  ، حَدَّثَنِي عُبَيْدُ اللَّهِ بْنُ أَبِي يَزِيدَ  ، عَنْ أَبِيهِ  ، أَنَّ أُمَّ أَيُّوبَ   أَخْبَرَتْهُ، قَالَتْ : نَزَلَ عَلَيْنَا رَسُولُ اللَّهِ صَلَّى اللَّهُ عَلَيْهِ وَسَلَّمَ فَتَكَلَّفْنَا لَهُ طَعَامًا فِيهِ شَيْءٌ مِنْ بَعْضِ هَذِهِ الْبُقُولِ، فَلَمَّا أَتَيْنَاهُ بِهِ كَرِهَهُ، وَقَالَ لِأَصْحَابِهِ :\" كُلُوهُ، فَإِنِّي لَسْتُ كَأَحَدٍ مِنْكُمْ، إِنِّي أَخَافُ أَنْ أُوذِيَ صَاحِبِي \".\nقَالَ أَبُو مُحَمَّد : إِذَا لَمْ يُؤْذِ أَحَدًا، فَلَا بَأْسَ بِأَكْلِهِ","english":{"narrator":"","text":""}},{"id":33,"idInBook":33,"chapterId":8,"bookId":9,"arabic":"أَخْبَرَنَا عَبْدُ اللَّهِ بْنُ سَعِيدٍ  ، حَدَّثَنَا ابْنُ عُلَيَّةَ  ، عَنْ أَيُّوبَ  ، عَنْ الْقَاسِمِ التَّمِيمِيِّ  ، عَنْ زَهْدَمٍ الْجَرْمِيِّ  ، قَالَ : كُنَّا عِنْدَ أَبِي مُوسَى فَقُدِّمَ طَعَامُهُ، فَقُدِّمَ فِي طَعَامِهِ لَحْمُ دَجَاجٍ، وَفِي الْقَوْمِ رَجُلٌ مِنْ بَنِي تَيْمِ اللَّهِ أَحْمَرُ، فَلَمْ يَدْنُ، فَقَالَ لَهُ أَبُو مُوسَى   : \" ادْنُ، فَإِنِّي قَدْ رَأَيْتُ رَسُولَ اللَّهِ صَلَّى اللَّهُ عَلَيْهِ وَسَلَّمَيَأْكُلُ مِنْهُ \"","english":{"narrator":"","text":""}},{"id":34,"idInBook":34,"chapterId":8,"bookId":9,"arabic":"أَخْبَرَنَا مُحَمَّدُ بْنُ يُوسُفَ  ، عَنْ سُفْيَانَ  ، عَنْ أَيُّوبَ  ، عَنْ أَبِي قِلَابَةَ  ، عَنْ زَهْدَمٍ الْجَرْمِيِّ  ، عَنْ أَبِي مُوسَى  ، أَنَّهُذَكَرَ الدَّجَاجَ، فَقَالَ : \" رَأَيْتُ رَسُولَ اللَّهِ صَلَّى اللَّهُ عَلَيْهِ وَسَلَّمَ يَأْكُلُهُ \"","english":{"narrator":"","text":""}},{"id":35,"idInBook":35,"chapterId":8,"bookId":9,"arabic":"أَخْبَرَنَا عَبْدُ اللَّهِ بْنُ يَزِيدَ الْمُقْرِئُ  ، حَدَّثَنَا حَيْوَةُ  ، حَدَّثَنَا سَالِمُ بْنُ غَيْلَانَ  : أَنَّ الْوَلِيدَ بْنَ قَيْسٍ  أَخْبَرَهُ، أَنَّهُ سَمِعَ أَبَا سَعِيدٍ  ، أَوْ عَنْ أَبِي الْهَيْثَمِ  ، عَنْ أَبِي سَعِيدٍ الْخُدْرِيِّ  ، أَنَّهُ سَمِعَ نَبِيَّ اللَّهِ صَلَّى اللَّهُ عَلَيْهِ وَسَلَّمَ يَقُولُ :\" لَا تَصْحَبْ إِلَّا مُؤْمِنًا، وَلَا يَأْكُلْ طَعَامَكَ إِلَّا تَقِيٌّ \"","english":{"narrator":"","text":""}},{"id":36,"idInBook":36,"chapterId":8,"bookId":9,"arabic":"أَخْبَرَنَا مُحَمَّدُ بْنُ عِيسَى  ، حَدَّثَنَا إِبْرَاهِيمُ بْنُ سَعْدٍ  ، عَنْ أَبِيهِ  ، عَنْ عَبْدِ اللَّهِ بْنِ جَعْفَرٍ  ، قَالَ : \" رَأَيْتُ رَسُولَ اللَّهِ صَلَّى اللَّهُ عَلَيْهِ وَسَلَّمَيَأْكُلُ الْقِثَّاءَ بِالرُّطَبِ \"","english":{"narrator":"","text":""}},{"id":37,"idInBook":37,"chapterId":8,"bookId":9,"arabic":"أَخْبَرَنَا أَبُو الْوَلِيدِ الطَّيَالِسِيُّ  ، حَدَّثَنَا شُعْبَةُ  ، حَدَّثَنَا جَبَلَةُ بْنُ سُحَيْمٍ  ، قَالَ : كُنَّا بِالْمَدِينَةِ ، فَأَصَابَتْنَا سَنَةٌ، فَكَانَ ابْنُ الزُّبَيْرِ يَرْزُقُ التَّمْرَ، وَكَانَ ابْنُ عُمَرَ   يَمُرُّ بِنَا وَيَقُولُ : لَا تُقَارِنُوا، فَإِنَّ رَسُولَ اللَّهِ صَلَّى اللَّهُ عَلَيْهِ وَسَلَّمَ\" نَهَى عَنْ الْقِرَانِ، إِلَّا أَنْ يَسْتَأْذِنَ الرَّجُلُ أَخَاهُ \"","english":{"narrator":"","text":""}},{"id":38,"idInBook":38,"chapterId":8,"bookId":9,"arabic":"أَخْبَرَنَا عَبْدُ اللَّهِ بْنُ مَسْلَمَةَ  ، حَدَّثَنَا يَعْقُوبُ بْنُ مُحَمَّدِ بْنِ طَحْلَاءَ  ، عَنْ أَبِي الرِّجَالِ  ، عَنْ أُمِّهِ عَمْرَةَ  ، عَنْ عَائِشَةَ   زَوْجِ النَّبِيِّ صَلَّى اللَّهُ عَلَيْهِ وَسَلَّمَ، أَنَّ رَسُولَ اللَّهِ صَلَّى اللَّهُ عَلَيْهِ وَسَلَّمَ قَالَ : \" يَا عَائِشَةُ ،بَيْتٌ لَا تَمْرَ فِيهِ جِيَاعٌ أَهْلُهُ أَوْ جَاعَ أَهْلُهُ \" مَرَّتَيْنِ أَوْ ثَلَاثًا","english":{"narrator":"","text":""}},{"id":39,"idInBook":39,"chapterId":8,"bookId":9,"arabic":"أَخْبَرَنَا يَحْيَى بْنُ حَسَّانَ  ، حَدَّثَنَا سُلَيْمَانُ بْنُ بِلَالٍ  ، عَنْ هِشَامِ بْنِ عُرْوَةَ  ، عَنْ أَبِيهِ  ، عَنْ عَائِشَةَ  ، أَنّ النَّبِيَّ صَلَّى اللَّهُ عَلَيْهِ وَسَلَّمَ قَالَ :\" لَا يَجُوعُ أَهْلُ بَيْتٍ عِنْدَهُمْ التَّمْرُ \"","english":{"narrator":"","text":""}},{"id":40,"idInBook":40,"chapterId":8,"bookId":9,"arabic":"حَدَّثَنَا أَبُو نُعَيْمٍ  ، حَدَّثَنَا مُصْعَبُ بْنُ سُلَيْمٍ  ، قَالَ : سَمِعْتُ أَنَسَ بْنَ مَالِكٍ   يَقُولُ :\" أُهْدِيَ إِلَى النَّبِيِّ صَلَّى اللَّهُ عَلَيْهِ وَسَلَّمَ تَمْرٌ فَأَخَذَ يُهَدِّيهِ \"","english":{"narrator":"","text":""}},{"id":41,"idInBook":41,"chapterId":8,"bookId":9,"arabic":"وَقَالَ : \" رَأَيْتُ رَسُولَ اللَّهِ صَلَّى اللَّهُ عَلَيْهِ وَسَلَّمَيَأْكُلُ تَمْرًا مُقْعِيًا مِنْ الْجُوعِ \".\nقَالَ أَبُو مُحَمَّد : يُهَدِّيهِ : يَعْنِي : يُرْسِلُهُ هَهُنَا وَهَهُنَا","english":{"narrator":"","text":""}},{"id":42,"idInBook":42,"chapterId":8,"bookId":9,"arabic":"أَخْبَرَنَا عَمْرُو بْنُ عَوْنٍ  ، عَنْ خَالِدٍ  ، عَنْ سُهَيْلٍ  ، عَنْ أَبِيهِ  ، عَنْ أَبِي هُرَيْرَةَ  ، قَالَ : قَالَ رَسُولُ اللَّهِ صَلَّى اللَّهُ عَلَيْهِ وَسَلَّمَ :\" مَنْ نَامَ وَفِي يَدِهِ رِيحُ غَمَرٍ فَعَرَضَ لَهُ عَارِضٌ، فَلَا يَلُومَنَّ إِلَّا نَفْسَهُ \"","english":{"narrator":"","text":""}},{"id":43,"idInBook":43,"chapterId":8,"bookId":9,"arabic":"أَخْبَرَنَا يَزِيدُ بْنُ هَارُونَ  ، أَخْبَرَنَا حُمَيْدٌ  ، عَنْ أَنَسٍ  ، أَنّ النَّبِيَّ صَلَّى اللَّهُ عَلَيْهِ وَسَلَّمَ، قَالَ لِعَبْدِ الرَّحْمَنِ بْنِ عَوْفٍ، وَرَأَى عَلَيْهِ وَضَرًا مِنْ صُفْرَةٍ : \" مَهْيَمْ؟ \" قَالَ : تَزَوَّجْتُ، قَالَ :\" أَوْلِمْ وَلَوْ بِشَاةٍ \"","english":{"narrator":"","text":""}},{"id":44,"idInBook":44,"chapterId":8,"bookId":9,"arabic":"أَخْبَرَنَا عَفَّانُ  ، حَدَّثَنَا هَمَّامٌ  ، حَدَّثَنَا قَتَادَةُ  ، عَنْ الْحَسَنِ  ، عَنْ عَبْدِ اللَّهِ بْنِ عُثْمَانَ الثَّقَفِيِّ  ، عَنْ رَجُلٍ  مِنْ ثَقِيفَ أَعْوَرَ، قَالَ : كَانَ يُقَالُ لَهُ مَعْرُوفٌ : أَيْ يُثْنَى عَلَيْهِ خَيْرٌ إِنْ لَمْ يَكُنْ اسْمُهُ زُهَيْرَ بْنَ عُثْمَانَ  ، فَلَا أَدْرِي مَا اسْمُهُ ، أَنَّ النَّبِيَّ صَلَّى اللَّهُ عَلَيْهِ وَسَلَّمَ قَالَ :\" الْوَلِيمَةُ أَوَّلَ يَوْمٍ حَقٌّ، وَالثَّانِيَ مَعْرُوفٌ، وَالثَّالِثَ سُمْعَةٌ وَرِيَاءٌ \".\nقَالَ قَتَادَةُ  : وَحَدَّثَنِي رَجُلٌ  ، عَنْ سَعِيدِ بْنِ الْمُسَيِّبِ  ، أَنَّهُ دُعِيَ أَوَّلَ يَوْمٍ فَأَجَابَ، وَدُعِيَ الْيَوْمَ الثَّانِيَ فَأَجَابَ، وَدُعِيَ الْيَوْمَ الثَّالِثَ فَحَصَبَ الرَّسُولَ وَلَمْ يُجِبْهُ، وَقَالَ : \" أَهْلُ سُمْعَةٍ وَرِيَاءٍ \"","english":{"narrator":"","text":""}},{"id":45,"idInBook":45,"chapterId":8,"bookId":9,"arabic":"أَخْبَرَنَا أَبُو الْمُغِيرَةِ  ، حَدَّثَنَا الْأَوْزَاعِيُّ  ، عَنْ الزُّهْرِيِّ  ، عَنْ الْأَعْرَجِ  ، عَنْ أَبِي هُرَيْرَةَ  ، أَنَّهُ قَالَ :\" شَرُّ الطَّعَامِ طَعَامُ الْوَلِيمَةِ، يُدْعَى إِلَيْهِ الْأَغْنِيَاءُ، وَيُتْرَكُ الْمَسَاكِينُ، وَمَنْ تَرَكَ الدَّعْوَةَ، فَقَدْ عَصَى اللَّهَ وَرَسُولَهُ \"","english":{"narrator":"","text":""}},{"id":46,"idInBook":46,"chapterId":8,"bookId":9,"arabic":"أَخْبَرَنَا سَعِيدُ بْنُ سُلَيْمَانَ  ، عَنْ سُلَيْمَانَ بْنِ الْمُغِيرَةِ  ، عَنْ ثَابِتٍ  ، عَنْ أَنَسٍ  ، قَالَ : جَاءَ رَجُلٌ قَدْ صَنَعَ طَعَامًا إِلَى رَسُولِ اللَّهِ صَلَّى اللَّهُ عَلَيْهِ وَسَلَّمَ، فَقَالَ : يَا رَسُولَ اللَّهِ، هَكَذَا وَأَوْمَأَ إِلَيْهِ بِيَدِهِ، قَالَ : يَقُولُ لَهُ رَسُولُ اللَّهِ صَلَّى اللَّهُ عَلَيْهِ وَسَلَّمَ : هَكَذَا، وَأَشَارَ إِلَى عَائِشَةَ ، قَالَ : لَا، فَأَعْرَضَ عَنْهُ رَسُولُ اللَّهِ صَلَّى اللَّهُ عَلَيْهِ وَسَلَّمَ، فَأَوْمَأَ إِلَيْهِ الثَّانِيَةَ : وَأَوْمَأَ إِلَيْهِ رَسُولُ اللَّهِ صَلَّى اللَّهُ عَلَيْهِ وَسَلَّمَ، فَأَعْرَضَ عَنْهُ رَسُولُ اللَّهِ صَلَّى اللَّهُ عَلَيْهِ وَسَلَّمَ، فَأَوْمَأَ إِلَيْهِ الثَّالِثَةَ، فَقَالَ لَهُ رَسُولُ اللَّهِ صَلَّى اللَّهُ عَلَيْهِ وَسَلَّمَ : \" وَهَذِهِ؟ \" قَالَ : نَعَمْ، فَانْطَلَقَ مَعَهُ رَسُولُ اللَّهِ صَلَّى اللَّهُ عَلَيْهِ وَسَلَّمَ، وَعَائِشَةُفَأَكَلَا مِنْ طَعَامِهِ \"","english":{"narrator":"","text":""}},{"id":47,"idInBook":47,"chapterId":8,"bookId":9,"arabic":"أَخْبَرَنَا مُحَمَّدُ بْنُ يُوسُفَ  ، عَنْ سُفْيَانَ  ، عَنْ الْأَعْمَشِ  ، عَنْ أَبِي وَائِلٍ  ، عَنْ أَبِي مَسْعُودٍ  ، قَالَ : كَانَ رَجُلٌ يُقَالُ لَهُ أَبُو شُعَيْبٍ، وَكَانَ لَهُ غُلَامٌ لَحَّامٌ، فَقَالَ : اصْنَعْ لِي طَعَامًا أَدْعُو رَسُولَ اللَّهِ صَلَّى اللَّهُ عَلَيْهِ وَسَلَّمَ خَامِسَ خَمْسَةٍ.\nقَالَ : فَدَعَا رَسُولَ اللَّهِ صَلَّى اللَّهُ عَلَيْهِ وَسَلَّمَ خَامِسَ خَمْسَةٍ، فَتَبِعَهُمْ رَجُلٌ، فَقَالَ رَسُولُ اللَّهِ صَلَّى اللَّهُ عَلَيْهِ وَسَلَّمَ : \" إِنَّكَدَعَوْتَنَا خَامِسَ خَمْسَةٍ، وَهَذَا رَجُلٌ قَدْ تَبِعَنِي، فَإِنْ شِئْتَ أَذِنْتَ لَهُ، وَإِنْ شِئْتَ تَرَكْتَهُ \".\nقَالَ : فَأَذِنَ لَهُ","english":{"narrator":"","text":""}},{"id":48,"idInBook":48,"chapterId":8,"bookId":9,"arabic":"حَدَّثَنَا عَمْرُو بْنُ عَوْنٍ  ، حَدَّثَنَا خَالِدٌ  ، عَنْ أَبِي طُوَالَةَ : عَبْدِ اللَّهِ بْنِ عَبْدِ الرَّحْمَنِ بْنِ مَعْمَرٍ  ، عَنْ أَنَسٍ  ، قَالَ : قَالَ رَسُولُ اللَّهِ صَلَّى اللَّهُ عَلَيْهِ وَسَلَّمَ :\" فَضْلُ عَائِشَةَ عَلَى النِّسَاءِ، كَفَضْلِ الثَّرِيدِ عَلَى سَائِرِ الطَّعَامِ \"","english":{"narrator":"","text":""}},{"id":49,"idInBook":49,"chapterId":8,"bookId":9,"arabic":"حَدَّثَنَا عَلِيُّ بْنُ الْمَدِينِيِّ  ، حَدَّثَنَا سُفْيَانُ  ، حَدَّثَنَا عَبْدُ الْكَرِيمِ : أَبُو أُمَيَّةَ  ، قَالَ : قَالَ عَبْدُ اللَّهِ بْنُ الْحَارِثِ بْنِ نَوْفَلٍ  : زَوَّجَنِي أَبِي فِي إِمَارَةِ عُثْمَانَ، فَدَعَا رَهْطًا مِنْ أَصْحَابِ رَسُولِ اللَّهِ صَلَّى اللَّهُ عَلَيْهِ وَسَلَّمَ، فَكَانَ فِيمَنْ دَعَا صَفْوَانُ بْنُ أُمَيَّةَ   وَهُوَ شَيْخٌ كَبِيرٌ، فَقَالَ : إِنَّ رَسُولَ اللَّهِ صَلَّى اللَّهُ عَلَيْهِ وَسَلَّمَ، قَالَ :\" انْهَسُوا اللَّحْمَ نَهْسًا، فَإِنَّهُ أَشْهَى وَأَمْرَأُ \"","english":{"narrator":"","text":""}},{"id":50,"idInBook":50,"chapterId":8,"bookId":9,"arabic":"أَخْبَرَنَا أَبُو نُعَيْمٍ  ، حَدَّثَنَا سُفْيَانُ  ، عَنْ عَلِيِّ بْنِ الْأَقْمَرِ  ، حَدَّثَنِي أَبُو جُحَيْفَةَ  ، قَالَ : قَالَ رَسُولُ اللَّهِ صَلَّى اللَّهُ عَلَيْهِ وَسَلَّمَ :\" لَا آكُلُ مُتَّكِئًا \"","english":{"narrator":"","text":""}},{"id":51,"idInBook":51,"chapterId":8,"bookId":9,"arabic":"أَخْبَرَنَا نُعَيْمُ بْنُ حَمَّادٍ  ، عَنْ عَبْدِ الْعَزِيزِ بْنِ مُحَمَّدٍ  ، عَنْ سُهَيْلٍ  ، عَنْ أَبِيهِ  ، عَنْ أَبِي هُرَيْرَةَ  ، قَالَ : كَانَ رَسُولُ اللَّهِ صَلَّى اللَّهُ عَلَيْهِ وَسَلَّمَ إِذَا أُتِيَ بِالْبَاكُورَةِ بِأَوَّلِ الثَّمَرَةِ، قَالَ :\" اللَّهُمَّ بَارِكْ لَنَا فِي مَدِينَتِنَا ، وَفِي ثَمَرَتِنَا، وَفِي مُدِّنَا، وَفِي صَاعِنَا بَرَكَةً مَعَ بَرَكَةٍ \"، ثُمَّ يُعْطِيهِ أَصْغَرَ مَنْ يَحْضُرُهُ مِنْ الْوِلْدَانِ","english":{"narrator":"","text":""}},{"id":52,"idInBook":52,"chapterId":8,"bookId":9,"arabic":"حَدَّثَنَا يَعْلَى  ، حَدَّثَنَا إِسْمَاعِيل بْنُ أَبِي خَالِدٍ  ، عَنْ أَبِيهِ  ، عَنْ أَبِي هُرَيْرَةَ  ، قَالَ : قَالَ رَسُولُ اللَّهِ صَلَّى اللَّهُ عَلَيْهِ وَسَلَّمَ :\" إِذَا جَاءَ خَادِمُ أَحَدِكُمْ بِالطَّعَامِ، فَلْيُجْلِسْهُ، فَإِنْ أَبَى، فَلْيُنَاوِلْهُ \"","english":{"narrator":"","text":""}},{"id":53,"idInBook":53,"chapterId":8,"bookId":9,"arabic":"حَدَّثَنَا أَبُو الْوَلِيدِ  ، حَدَّثَنَا شُعْبَةُ  ، عَنْ مُحَمَّدِ بْنِ زِيَادٍ  ، قَالَ : سَمِعْتُ أَبَا هُرَيْرَةَ   يُحَدِّثُ، عَنْ النَّبِيِّ صَلَّى اللَّهُ عَلَيْهِ وَسَلَّمَ، قَالَ :\" إِذَا أَتَى أَحَدَكُمْ خَادِمُهُ بِطَعَامٍ، فَلْيُجْلِسْهُ مَعَهُ، أَوْ لَيُنَاوِلْهُ لُقْمَةً أَوْ لُقْمَتَيْنِ، أَوْ أُكْلَةً أَوْ أُكْلَتَيْنِ، فَإِنَّهُ وَلِيَ حَرَّهُ وَدُخَانَهُ \"","english":{"narrator":"","text":""}},{"id":54,"idInBook":54,"chapterId":8,"bookId":9,"arabic":"حَدَّثَنَا فَرْوَةُ بْنُ أَبِي الْمَغْرَاءِ  ، حَدَّثَنَا عَلِيُّ بْنُ مُسْهِرٍ  ، عَنْ هِشَامِ بْنِ عُرْوَةَ  ، عَنْ أَبِيهِ  ،  عَنْ عَائِشَةَ   رَضِيَ اللَّهُ عَنْهَا، قَالَتْ : \" كَانَ رَسُولُ اللَّهِ صَلَّى اللَّهُ عَلَيْهِ وَسَلَّمَيُحِبُّ الْحَلْوَاءَ وَالْعَسَلَ \"","english":{"narrator":"","text":""}},{"id":55,"idInBook":55,"chapterId":8,"bookId":9,"arabic":"حَدَّثَنَا قَبِيصَةُ  ، حَدَّثَنَا سُفْيَانُ  ، عَنْ عَمْرِو بْنِ دِينَارٍ  ، عَنْ سَعِيدِ بْنِ أَبِي الْحُوَيْرِثِ  ،  عَنْ ابْنِ عَبَّاسٍ  ، قَالَ : خَرَجَ النَّبِيُّ صَلَّى اللَّهُ عَلَيْهِ وَسَلَّمَ مِنْ الْبِرَازِ فَقُدِّمَ إِلَيْهِ طَعَامٌ، فَقِيلَ لَهُ : أَلَا تَوَضَّأُ؟ قَالَ : فَقَالَ :\" أُصَلِّي فَأَتَوَضَّأُ؟ \".\nقَالَ أَبُو مُحَمَّد : إِنَّمَا هُوَ سَعِيدُ بْنُ الْحُوَيْرِثِ .\nحَدَّثَنَا أَبُو نُعَيْمٍ  ، عَنْ سُفْيَانَ بْنِ عُيَيْنَةَ  ، عَنْ عَمْرِو بْنِ دِينَارٍ  ، عَنْ سَعِيدِ بْنِ الْحُوَيْرِثِ  ، عَنْ ابْنِ عَبَّاسٍ  .\nقَالَ : وَسَمِعْتُ أَبَا عَاصِمٍ  يُحَدِّثُ، عَنْ ابْنِ جُرَيْجٍ  ، عَنْ عَمْرِو بْنِ دِينَارٍ  ، عَنْ سَعِيدِ بْنِ الْحُوَيْرِثِ  ، عَنْ ابْنِ عَبَّاسٍ  ، بِإِسْنَادِهِ","english":{"narrator":"","text":""}},{"id":56,"idInBook":56,"chapterId":8,"bookId":9,"arabic":"حَدَّثَنَا سَهْلُ بْنُ حَمَّادٍ  ، حَدَّثَنَا شُعْبَةُ  ، عَنْ الْحَكَمِ  ، قَالَ : سَمِعْتُ إِبْرَاهِيمَ  يُحَدِّثُ، عَنْ الْأَسْوَدِ  ، عَنْ عَائِشَةَ  ، قَالَتْ : \" كَانَ رَسُولُ اللَّهِ صَلَّى اللَّهُ عَلَيْهِ وَسَلَّمَإِذَا أَجْنَبَ فَأَرَادَ أَنْ يَأْكُلَ أَوْ يَنَامَ، تَوَضَّأَ \"","english":{"narrator":"","text":""}},{"id":57,"idInBook":57,"chapterId":8,"bookId":9,"arabic":"أَخْبَرَنَا أَبُو نُعَيْمٍ  ، حَدَّثَنَا شُعْبَةُ  ، عَنْ أَبِي عِمْرَانَ الْجَوْنِيِّ  ، عَنْ عَبْدِ اللَّهِ بْنِ الصَّامِتِ  ، عَنْ أَبِي ذَرٍّ  ، قَالَ : أَوْصَانِي خَلِيلِي صَلَّى اللَّهُ عَلَيْهِ وَسَلَّمَ، فَقَالَ :\" إِذَا طَبَخْتَ مَرَقَةً ، فَأَكْثِرْ مَاءَهَا، ثُمَّ انْظُرْ أَهْلَ بَيْتٍ مِنْ جِيرَانِكَ، فَاغْرِفْ لَهُمْ مِنْهَا \"","english":{"narrator":"","text":""}},{"id":58,"idInBook":58,"chapterId":8,"bookId":9,"arabic":"أَخْبَرَنَا مُحَمَّدُ بْنُ سَعِيدٍ  ، حَدَّثَنَا عُقْبَةُ بْنُ خَالِدٍ  ، عَنْ مُوسَى بْنِ مُحَمَّدِ بْنِ إِبْرَاهِيمَ  ، حَدَّثَنِي أَبِي  ، عَنْ أَنَسِ بْنِ مَالِكٍ  ، قَالَ : قَالَ رَسُولُ اللَّهِ صَلَّى اللَّهُ عَلَيْهِ وَسَلَّمَ :\" إِذَا وُضِعَ الطَّعَامُ، فَاخْلَعُوا نِعَالَكُمْ، فَإِنَّهُ أَرْوَحُ لِأَقْدَامِكُمْ \"","english":{"narrator":"","text":""}},{"id":59,"idInBook":59,"chapterId":8,"bookId":9,"arabic":"أَخْبَرَنَا إِبْرَاهِيمُ بْنُ مُوسَى  ، حَدَّثَنَا جَرِيرٌ  ، عَنْ عَطَاءِ بْنِ السَّائِبِ  ، عَنْ أَبِيهِ  ، عَنْ عَبْدِ اللَّهِ بْنِ عَمْرٍو  ، قَالَ : قَالَ رَسُولُ اللَّهِ صَلَّى اللَّهُ عَلَيْهِ وَسَلَّمَ :\" اعْبُدُوا الرَّحْمَنَ، وَأَفْشُوا السَّلَامَ، وَأَطْعِمُوا الطَّعَامَ، تَدْخُلُوا الْجِنَانَ \"","english":{"narrator":"","text":""}},{"id":60,"idInBook":60,"chapterId":8,"bookId":9,"arabic":"أَخْبَرَنَا الْحَكَمُ بْنُ الْمُبَارَكِ  ، حَدَّثَنَا عَبْدُ الْعَزِيزِ بْنُ مُحَمَّدٍ  ، عَنْ مُوسَى بْنِ عُقْبَةَ  ، عَنْ نَافِعٍ  ، عَنْ ابْنِ عُمَرَ  ، أَنّ رَسُولَ اللَّهِ صَلَّى اللَّهُ عَلَيْهِ وَسَلَّمَ قَالَ :\" أَجِيبُوا الدَّاعِيَ إِذَا دُعِيتُمْ \".\nقَالَ : وَكَانَ عَبْدُ اللَّهِ يَأْتِي الدَّعْوَةَ فِي الْعُرْسِ، وَفِي غَيْرِ الْعُرْسِ، وَيَأْتِيهَا وَهُوَ صَائِمٌ","english":{"narrator":"","text":""}},{"id":61,"idInBook":61,"chapterId":8,"bookId":9,"arabic":"أَخْبَرَنَا عَلِيُّ بْنُ عَبْدِ اللَّهِ  ، حَدَّثَنَا سُفْيَانُ  ، حَدَّثَنَا الزُّهْرِيُّ  ، عَنْ عُبَيْدِ اللَّهِ بْنِ عَبْدِ اللَّهِ  ، عَنْ ابْنِ عَبَّاسٍ  ، عَنْ مَيْمُونَةَ  ، أَنّ رَسُولَ اللَّهِ صَلَّى اللَّهُ عَلَيْهِ وَسَلَّمَ سُئِلَ عَنْ فَأْرَةٍ وَقَعَتْ فِي السَمْنٍ فَقَالَ :\" أَلْقُوهَا وَمَا حَوْلَهَا، وَكُلُوا \".\nأَخْبَرَنَا مُحَمَّدُ بْنُ يُوسُفَ  ، عَنْ ابْنِ عُيَيْنَةَ  ، بِإِسْنَادِهِ","english":{"narrator":"","text":""}},{"id":62,"idInBook":62,"chapterId":8,"bookId":9,"arabic":"حَدَّثَنَا خَالِدُ بْنُ مَخْلَدٍ  ، حَدَّثَنَا مَالِكٌ  ، عَنْ ابْنِ شِهَابٍ  ، عَنْ عُبَيْدِ اللَّهِ بْنِ عَبْدِ اللَّهِ  ، عَنْ ابْنِ عَبَّاسٍ  ، قَالَ : سُئِلَ النَّبِيُّ صَلَّى اللَّهُ عَلَيْهِ وَسَلَّمَ عَنْ فَأْرَةٍ وَقَعَتْ فِي سَمْنٍ فَمَاتَتْ، فَقَالَ :\" خُذُوهَا وَمَا حَوْلَهَا فَاطْرَحُوهُ \".\nحَدَّثَنَا زَيْدُ بْنُ يَحْيَى  ، حَدَّثَنَا مَالِكٌ  ، عَنْ ابْنِ شِهَابٍ  ، عَنْ عُبَيْدِ اللَّهِ بْنِ عَبْدِ اللَّهِ  ، عَنْ ابْنِ عَبَّاسٍ  ، عَنْ مَيْمُونَةَ  ، عَنْ النَّبِيِّ صَلَّى اللَّهُ عَلَيْهِ وَسَلَّمَ، نَحْوَهُ.\nقَالَ أَبُو مُحَمَّد : إِذَا كَانَ ذَائِبًا أُهَرِيقَ","english":{"narrator":"","text":""}},{"id":63,"idInBook":63,"chapterId":8,"bookId":9,"arabic":"أَخْبَرَنَا أَبُو عَاصِمٍ  ، حَدَّثَنَا ثَوْرُ بْنُ يَزِيدَ  ، حَدَّثَنَا حُصَيْنٌ الْحِمْيَرِيُّ  ، أَخْبَرَنِي أَبُو سَعْدٍ الْخَيْرُ  ، عَنْ أَبِي هُرَيْرَةَ   رَضِيَ اللَّهُ تَعَالَى عَنْهُ، قَالَ : قَالَ رَسُولُ اللَّهِ صَلَّى اللَّهُ عَلَيْهِ وَسَلَّمَ :\" مَنْ أَكَلَ، فَلْيَتَخَلَّلْ، فَمَا تَخَلَّلَ، فَلْيَلْفِظْهُ، وَمَا لَاكَ بِلِسَانِهِ، فَلْيَبْتَلِعْ \"","english":{"narrator":"","text":""}}],"chapter":{"id":8,"bookId":9,"arabic":"وَمِنْ كِتَابِ الْأَطْعِمَةِ","english":""}}