{"metadata":{"length":49,"arabic":{"title":"سنن الدارمي","author":"الإمام أبو محمد عبد الرحمن بن عبد الله بن الدارمي","introduction":"وَمِنْ كِتَابِ الْأَشْرِبَةِ"},"english":{"title":"Sunan al-Darimi","author":"Imam Abu Muhammad Abd al-Rahman ibn Abd Allah ibn al-Darimi","introduction":""}},"hadiths":[{"id":1,"idInBook":1,"chapterId":9,"bookId":9,"arabic":"أَخْبَرَنَا الْحَكَمُ بْنُ نَافِعٍ  ، حَدَّثَنَا شُعَيْبٌ  ، عَنْ الزُّهْرِيِّ  ، قَالَ : أَخْبَرَنِي سَعِيدُ بْنُ الْمُسَيِّبِ  ، أَنَّهُ سَمِعَ أَبَا هُرَيْرَةَ  ، يَقُولُ :\" أُتِيَ النَّبِيُّ صَلَّى اللَّهُ عَلَيْهِ وَسَلَّمَ لَيْلَةَ أُسْرِيَ بِهِ بِإِيلْيَاءَ بِقَدَحَيْنِ مِنْ خَمْرٍ وَلَبَنٍ، فَنَظَرَ إِلَيْهِمَا ثُمَّ أَخَذَ اللَّبَنَ، فَقَالَ جِبْرِيلُ : الْحَمْدُ لِلَّهِ الَّذِي هَدَاكَ لِلْفِطْرَةِ، لَوْ أَخَذْتَ الْخَمْرَ، غَوَتْ أُمَّتُكَ \"","english":{"narrator":"","text":""}},{"id":2,"idInBook":2,"chapterId":9,"bookId":9,"arabic":"أَخْبَرَنَا أَبُو النُّعْمَانِ  ، حَدَّثَنَا حَمَّادُ بْنُ زَيْدٍ  ، حَدَّثَنَا ثَابِتٌ  ، عَنْ أَنَسٍ  ، قَالَ : كُنْتُ سَاقِيَ الْقَوْمِ فِي مَنْزِلِ أَبِي طَلْحَةَ، قَالَ : فَنَزَلَ تَحْرِيمُ الْخَمْرِ، قَالَ : فَأَمَرَ مُنَادِيًا فَنَادَى، فَقَالَ أَبُو طَلْحَةَ : اخْرُجْ فَانْظُرْ مَا هَذَا.\nقَالَ : فَخَرَجْتُ فَقُلْتُ : هَذَا مُنَادٍ يُنَادِي : \" أَلَا إِنَّالْخَمْرَ قَدْ حُرِّمَتْ \".\nفَقَالَ لِيَ : اذْهَبْ فَأَهْرِقْهَا، قَالَ : فَجَرَتْ فِي سِكَكِ الْمَدِينَةِ .\nقَالَ : وَكَانَتْ خَمْرُهُمْ يَوْمَئِذٍ الْفَضِيخَ.\nفَقَالَ بَعْضُ الْقَوْمِ : قُتِلَ قَوْمٌ وَهِيَ فِي بُطُونِهِمْ، فَأَنْزَلَ اللَّهُ G : # لَيْسَ عَلَى الَّذِينَ آمَنُوا وَعَمِلُوا الصَّالِحَاتِ جُنَاحٌ فِيمَا طَعِمُوا إِذَا مَا اتَّقَوْا وَآمَنُوا سورة المائدة آية 93 #","english":{"narrator":"","text":""}},{"id":3,"idInBook":3,"chapterId":9,"bookId":9,"arabic":"أَخْبَرَنَا خَالِدُ بْنُ مَخْلَدٍ  ، حَدَّثَنَا مَالِكٌ  ، عَنْ نَافِعٍ  ، عَنْ ابْنِ عُمَرَ  ، قَالَ : قَالَ رَسُولُ اللَّهِ صَلَّى اللَّهُ عَلَيْهِ وَسَلَّمَ :\" مَنْ شَرِبَ الْخَمْرَ فِي الدُّنْيَا ثُمَّ لَمْ يَتُبْ مِنْهَا، حُرِمَهَا فِي الْآخِرَةِ فَلَمْ يُسْقَهَا \"","english":{"narrator":"","text":""}},{"id":4,"idInBook":4,"chapterId":9,"bookId":9,"arabic":"حَدَّثَنَا مُحَمَّدُ بْنُ يُوسُفَ  ، عَنْ الْأَوْزَاعِيِّ  ، قَالَ : حَدَّثَنِي رَبِيعَةُ بْنُ يَزِيدَ  عَنْ عَبْدِ اللَّهِ بْنِ الدَّيْلَمِيِّ  ، قَالَ : دَخَلْتُ عَلَى عَبْدِ اللَّهِ بْنِ عَمْرِو بْنِ الْعَاصِ فِي حَائِطٍ لَهُ بِالطَّائِفِ ، يُقَالُ لَهُ : الْوَهْطُ ، فَإِذَا هُوَ مُخَاصِرٌ فَتًى مِنْ قُرَيْشٍ يُزَنُّ ذَلِكَ الْفَتَى بِشُرْبِ الْخَمْرِ، فَقُلْتُ : خِصَالٌ بَلَغَتْنِي عَنْكَ أَنَّكَ تُحَدِّثُ بِهَا، عَنْ رَسُولِ اللَّهِ صَلَّى اللَّهُ عَلَيْهِ وَسَلَّمَ، أَنَّهُ : مَنْ شَرِبَ الْخَمْرَ شَرْبَةً، لَمْ تُقْبَلْ لَهُ صَلَاةٌ أَرْبَعِينَ صَبَاحًا، فَلَمَّا أَنْ سَمِعَهُ الْفَتَى بِذِكُرُ الْخَمْرَ، اخْتَلَجَ يَدَهُ مِنْ يَدِ عَبْدِ اللَّهِ، ثُمَّ وَلَّى.\nفَقَالَ عَبْدُ اللَّهِ   : اللَّهُمَّ إِنِّي لَا أُحِلُّ لِأَحَدٍ أَنْ يَقُولَ عَلَيَّ مَا لَمْ أَقُلْ، وَإِنِّي سَمِعْتُ رَسُولَ اللَّهِ صَلَّى اللَّهُ عَلَيْهِ وَسَلَّمَ، يَقُولُ :\" مَنْ شَرِبَ الْخَمْرَ شَرْبَةً، لَمْ تُقْبَلْ لَهُ صَلَاةٌ أَرْبَعِينَ صَبَاحًا، فَإِنْ تَابَ، تَابَ اللَّهُ عَلَيْهِ، فَلَا أَدْرِي فِي الثَّالِثَةِ أَمْ فِي الرَّابِعَةِ : كَانَ حَقًّا عَلَى اللَّهِ أَنْ يَسْقِيَهُ مِنْ رَدْغَةِ الْخَبَالِ يَوْمَ الْقِيَامَةِ \"","english":{"narrator":"","text":""}},{"id":5,"idInBook":5,"chapterId":9,"bookId":9,"arabic":"أَخْبَرَنَا مُسْلِمُ بْنُ إِبْرَاهِيمَ  ، حَدَّثَنَا الْحَسَنُ بْنُ أَبِي جَعْفَرٍ  ، حَدَّثَنَا أَبُو الزُّبَيْرِ  ، عَنْ جَابِرٍ  ، قَالَ : قَالَ رَسُولُ اللَّهِ صَلَّى اللَّهُ عَلَيْهِ وَسَلَّمَ :\" مَنْ كَانَ يُؤْمِنُ بِاللَّهِ وَالْيَوْمِ الْآخِرِ، فَلَا يَقْعُدْ عَلَى مَائِدَةٍ يُشْرَبُ عَلَيْهَا الْخَمْرُ \"","english":{"narrator":"","text":""}},{"id":6,"idInBook":6,"chapterId":9,"bookId":9,"arabic":"أَخْبَرَنَا مُحَمَّدُ بْنُ كَثِيرٍ الْبَصْرِيُّ  ، حَدَّثَنَا سُفْيَانُ  ، عَنْ مَنْصُورٍ  ، عَنْ سَالِمِ بْنِ أَبِي الْجَعْدِ  ، عَنْ جَابَانَ  ، عَنْ عَبْدِ اللَّهِ بْنِ عَمْرٍو  ، عَنْ النَّبِيِّ صَلَّى اللَّهُ عَلَيْهِ وَسَلَّمَ، ، قَالَ :\" لَا يَدْخُلُ الْجَنَّةَ وَلَدُ زِنْيَةٍ، وَلَا مَنَّانٌ، وَلَا عَاقٌّ، وَلَا مُدْمِنُ خَمْرٍ \"","english":{"narrator":"","text":""}},{"id":7,"idInBook":7,"chapterId":9,"bookId":9,"arabic":"حَدَّثَنَا أَحْمَدُ بْنُ الْحَجَّاجِ  ، حَدَّثَنَا عَبْدُ الرَّحْمَنِ بْنُ مَهْدِيٍّ  ، حَدَّثَنَا شُعْبَةُ  ، عَنْ مَنْصُورٍ  ، عَنْ سَالِمِ بْنِ أَبِي الْجَعْدِ  ، عَنْ نُبَيْطِ بْنِ شَرِيطٍ  ، عَنْ جَابَانَ  ،  عَنْ عَبْدِ اللَّهِ بْنِ عَمْرٍو  ، عَنْ النَّبِيِّ صَلَّى اللَّهُ عَلَيْهِ وَسَلَّمَ، قَالَ :\" لَا يَدْخُلُ الْجَنَّةَ عَاقٌّ، وَلَا مَنَّانٌ، وَلَا مُدْمِنُ خَمْرٍ \"","english":{"narrator":"","text":""}},{"id":8,"idInBook":8,"chapterId":9,"bookId":9,"arabic":"أَخْبَرَنَا سُهَلُ بْنُ حَمَّادٍ  ، حَدَّثَنَا شُعْبَةُ  ، حَدَّثَنَا سِمَاكٌ  ، قَالَ : سَمِعْتُ عَلْقَمَةَ بْنَ وَائِلٍ  يُحَدِّثُ، عَنْ أَبِيهِ وَائِلٍ  ، أَنَّ سُوَيْدَ بْنَ طَارِقٍ سَأَلَ رَسُولَ اللَّهِ صَلَّى اللَّهُ عَلَيْهِ وَسَلَّمَ عَنْ الْخَمْرِ، فَنَهَاهُ عَنْهَا أَنْ يَصْنَعَهَا، فَقَالَ : إِنَّهَا دَوَاءٌ، فَقَالَ رَسُولُ اللَّهِ صَلَّى اللَّهُ عَلَيْهِ وَسَلَّمَ : \" إِنَّهَالَيْسَتْ دَوَاءً وَلَكِنَّهَا دَاءٌ \"","english":{"narrator":"","text":""}},{"id":9,"idInBook":9,"chapterId":9,"bookId":9,"arabic":"أَخْبَرَنَا أَبُو الْمُغِيرَةِ  ، عَنْ الْأَوْزَاعِيِّ  ، قَالَ : سَمِعْتُ أَبَا كَثِيرٍ  يَقُولُ : سَمِعْتُ أَبَا هُرَيْرَةَ   يَقُولُ : سَمِعْتُ رَسُولَ اللَّهِ صَلَّى اللَّهُ عَلَيْهِ وَسَلَّمَ يَقُولُ :\" الْخَمْرُ مِنْ هَاتَيْنِ الشَّجَرَتَيْنِ : النَّخْلَةِ وَالْعِنَبِ \"","english":{"narrator":"","text":""}},{"id":10,"idInBook":10,"chapterId":9,"bookId":9,"arabic":"حَدَّثَنَا عُبَيْدُ اللَّهِ بْنُ عَبْدِ الْمَجِيدِ  ، حَدَّثَنَا مَالِكٌ  ، عَنْ ابْنِ شِهَابٍ  ، عَنْ أَبِي سَلَمَةَ  ، عَنْ عَائِشَةَ  ، أَنّ رَسُولَ اللَّهِ صَلَّى اللَّهُ عَلَيْهِ وَسَلَّمَ سُئِلَ عَنْ الْبِتْعِ، قَالَ :\" كُلُّ شَرَابٍ أَسْكَرَ حَرَامٌ \"","english":{"narrator":"","text":""}},{"id":11,"idInBook":11,"chapterId":9,"bookId":9,"arabic":"أَخْبَرَنَا مُحَمَّدُ بْنُ يُوسُفَ  ، عَنْ إِسْرَائِيلَ  ، عَنْ أَبِي إِسْحَاق  ، عَنْ أَبِي بُرْدَةَ بْنِ أَبِي مُوسَى  ، عَنْ أَبِيهِ  ، قَالَ : بَعَثَنِي رَسُولُ اللَّهِ صَلَّى اللَّهُ عَلَيْهِ وَسَلَّمَ أَنَا وَمُعَاذَ بْنَ جَبَلٍ إِلَى الْيَمَنِ ، فَقَالَ :\" اشْرَبُوا، وَلَا تَشْرَبُوا مُسْكِرًا، فَإِنَّ كُلَّ مُسْكِرٍ حَرَامٌ \"","english":{"narrator":"","text":""}},{"id":12,"idInBook":12,"chapterId":9,"bookId":9,"arabic":"حَدَّثَنَا عَبْدُ اللَّهِ بْنُ سَعِيدٍ  ، أَخْبَرَنَا أَبُو أُسَامَةَ  ، حَدَّثَنَا الْوَلِيدُ بْنُ كَثِيرِ بْنِ سِنَانٍ  ، حَدَّثَنِي الضَّحَّاكُ بْنُ عُثْمَانَ  ، عَنْ بُكَيْرِ بْنِ عَبْدِ اللَّهِ بْنِ الْأَشَجِّ  ، عَنْ عَامِرِ بْنِ سَعْدٍ  ، عَنْ سَعْدٍ  ، عَنْ رَسُولِ اللَّهِ صَلَّى اللَّهُ عَلَيْهِ وَسَلَّمَ، قَالَ :\" أَنْهَاكُمْ عَنْ قَلِيلِ مَا أَسْكَرَ كَثِيرُهُ \"","english":{"narrator":"","text":""}},{"id":13,"idInBook":13,"chapterId":9,"bookId":9,"arabic":"حَدَّثَنَا زَيْدُ بْنُ يَحْيَى  ، حَدَّثَنَا مُحَمَّدُ بْنُ رَاشِدٍ  ، عَنْ أَبِي وَهْبٍ الْكَلَاعِيِّ  ، عَنْ الْقَاسِمِ بْنِ مُحَمَّدٍ  ، عَنْ عَائِشَةَ  ، قَالَتْ : سَمِعْتُ رَسُولَ اللَّهِ صَلَّى اللَّهُ عَلَيْهِ وَسَلَّمَ، يَقُولُ : \" إِنَّأَوَّلَ مَا يُكْفَأُ قَالَ زَيْدٌ : يَعْنِي : فِي الْإِسْلَامَ كَمَا يُكْفَأُ الْإِنَاءُ يَعْنِي : الْخَمْرِ \"، فَقِيلَ : كَيْفَ يَا رَسُولَ اللَّهِ وَقَدْ بَيَّنَ اللَّهُ فِيهَا مَا بَيَّنَ؟ قَالَ رَسُولُ اللَّهِ صَلَّى اللَّهُ عَلَيْهِ وَسَلَّمَ : \" يُسَمُّونَهَا بِغَيْرِ اسْمِهَا فَيَسْتَحِلُّونَهَا \"","english":{"narrator":"","text":""}},{"id":14,"idInBook":14,"chapterId":9,"bookId":9,"arabic":"أَخْبَرَنَا مَرْوَانُ بْنُ مُحَمَّدٍ  ، حَدَّثَنَا يَحْيَى بْنُ حَمْزَةَ  ، حَدَّثَنِي أَبُو وَهْبٍ  ، عَنْ مَكْحُولٍ  ، عَنْ أَبِي ثَعْلَبَةَ الْخُشَنِيِّ  ، عَنْ أَبِي عُبَيْدَةَ بْنِ الْجَرَّاحِ  ، قَالَ : قَالَ رَسُولُ اللَّهِ صَلَّى اللَّهُ عَلَيْهِ وَسَلَّمَ :\" أَوَّلُ دِينِكُمْ نُبُوَّةٌ وَرَحْمَةٌ، ثُمَّ مُلْكٌ وَرَحْمَةٌ، ثُمَّ مُلْكٌ أَعْفَرُ، ثُمَّ مُلْكٌ وَجَبَرُوتٌ يُسْتَحَلُّ فِيهَا الْخَمْرُ وَالْحَرِيرُ \".\nقَالَ أَبُو مُحَمَّد : سُئِلَ عَنْ أَعْفَرَ، فَقَالَ : يُشَبِّهِهُ بِالتُّرَابِ وَلَيْسَ فِيهِ خَيْرٌ","english":{"narrator":"","text":""}},{"id":15,"idInBook":15,"chapterId":9,"bookId":9,"arabic":"أَخْبَرَنَا سَهْلُ بْنُ حَمَّادٍ  ، حَدَّثَنَا طُعْمَةُ  ، حَدَّثَنَا عَمْرُو بْنُ بَيَانٍ التَّغْلِبِيُّ  ، عَنْ عُرْوَةَ بْنِ الْمُغِيرَةِ بْنِ شُعْبَةَ  ، عَنْ أَبِيهِ  ، عَنْ رَسُولِ اللَّهِ صَلَّى اللَّهُ عَلَيْهِ وَسَلَّمَ، أَنَّهُ قَالَ :\" مَنْ بَاعَ الْخَمْرَ، فَلْيُشَقِّصْ الْخَنَازِيرَ \".\nقَالَ أَبُو مُحَمَّد : إِنَّمَا هُوَ عُمَرُ بْنُ بَيَانٍ","english":{"narrator":"","text":""}},{"id":16,"idInBook":16,"chapterId":9,"bookId":9,"arabic":"حَدَّثَنَا يَعْلَى  ، عَنْ مُحَمَّدِ بْنِ إِسْحَاق  ، عَنْ الْقَعْقَاعِ بْنِ حَكِيمٍ  ، عَنْ عَبْدِ الرَّحْمَنِ بْنِ وَعْلَةَ  ، قَالَ : سَأَلْتُ ابْنَ عَبَّاسٍ   عَنْ بَيْعِ الْخَمْرِ، فَقَالَ : كَانَ لِرَسُولِ اللَّهِ صَلَّى اللَّهُ عَلَيْهِ وَسَلَّمَ صَدِيقٌ مِنْ ثَقِيفٍ أَوْ مِنْ دَوْسٍ ، فَلَقِيَهُ بِمَكَّةَ عَامَ الْفَتْحِ بِرَاوِيَةٍ مِنْ خَمْرٍ يُهْدِيهَا لَهُ، فَقَالَ رَسُولُ اللَّهِ صَلَّى اللَّهُ عَلَيْهِ وَسَلَّمَ : \" يَا فُلَانُ، أَمَا عَلِمْتَ أَنَّ اللَّهَ تَعَالَى قَدْ حَرَّمَهَا؟ \" قَالَ : فَأَقْبَلَ الرَّجُلُ عَلَى غُلَامِهِ، فَقَالَ : اذْهَبْ فَبِعْهَا، فَقَالَ رَسُولُ اللَّهِ صَلَّى اللَّهُ عَلَيْهِ وَسَلَّمَ : \" بِمَاذَا أَمَرْتَهُ يَا فُلَانُ؟ \" قَالَ : أَمَرْتُهُ بِبَيْعِهَا.\nفَقَالَ رَسُولُ اللَّهِ صَلَّى اللَّهُ عَلَيْهِ وَسَلَّمَ : \" إِنَّالَّذِي حَرَّمَ شُرْبَهَا، حَرَّمَ بَيْعَهَا \".\nفَأَمَرَ بِهَا فَأُكْفِئَتْ فِي الْبَطْحَاءِ","english":{"narrator":"","text":""}},{"id":17,"idInBook":17,"chapterId":9,"bookId":9,"arabic":"حَدَّثَنَا مُحَمَّدُ بْنُ أَحْمَدَ  ، حَدَّثَنَا سُفْيَانُ  ، عَنْ عَمْرٍو يَعْنِي : ابْنَ دِينَارٍ  ، عَنْ طَاوُسٍ  ، عَنْ ابْنِ عَبَّاسٍ  ، قَالَ : بَلَغَ عُمَرَ   أَنَّ سَمُرَةَ بَاعَ خَمْرًا، فَقَالَ : قَاتَلَ اللَّهُ سَمُرَةَ، أَمَا عَلِمَ أَنَّ النَّبِيَّ صَلَّى اللَّهُ عَلَيْهِ وَسَلَّمَ قَالَ :\" لَعَنَ اللَّهُ الْيَهُودَ، حُرِّمَتْ عَلَيْهِمْ الشُّحُومُ فَجَمَلُوهَا، فَبَاعُوهَا \".\nقَالَ سُفْيَانُ : جَمَلُوهَا : أَذَابُوهَا","english":{"narrator":"","text":""}},{"id":18,"idInBook":18,"chapterId":9,"bookId":9,"arabic":"حَدَّثَنَا عَاصِمُ بْنُ عَلِيٍّ  ، حَدَّثَنَا ابْنُ أَبِي ذِئْبٍ  ، عَنْ الْحَارِثِ بْنِ عَبْدِ الرَّحْمَنِ  ، عَنْ أَبِي سَلَمَةَ  ، عَنْ أَبِي هُرَيْرَةَ  ، قَالَ : قَالَ رَسُولُ اللَّهِ صَلَّى اللَّهُ عَلَيْهِ وَسَلَّمَ :\" إِذَا سَكِرَ، فَاجْلِدُوهُ، ثُمَّ إِذَا سَكِرَ، فَاجْلِدُوهُ، ثُمَّ إِذَا سَكِرَ، فَاجْلِدُوهُ، ثُمَّ إِذَا سَكِرَ، فَاضْرِبُوا عُنُقَهُ \".\nيَعْنِي فِي الرَّابِعَةِ","english":{"narrator":"","text":""}},{"id":19,"idInBook":19,"chapterId":9,"bookId":9,"arabic":"أَخْبَرَنَا مُحَمَّدُ بْنُ يُوسُفَ  ، عَنْ الْأَوْزَاعِيِّ  ، عَنْ الزُّهْرِيِّ  ، عَنْ أَبِي سَلَمَةَ  ، عَنْ أَبِي هُرَيْرَةَ  ، قَالَ : قَالَ رَسُولُ اللَّهِ صَلَّى اللَّهُ عَلَيْهِ وَسَلَّمَ :\" لَا يَزْنِي الزَّانِي حِينَ يَزْنِي وَهُوَ مُؤْمِنٌ، وَلَا يَسْرِقُ السَّارِقُ حِينَ يَسْرِقُ وَهُوَ مُؤْمِنٌ، وَلَا يَشْرَبُ الْخَمْرَ حِينَ يَشْرَبُهَا وَهُوَ مُؤْمِنٌ \"","english":{"narrator":"","text":""}},{"id":20,"idInBook":20,"chapterId":9,"bookId":9,"arabic":"أَخْبَرَنَا يَزِيدُ بْنُ هَارُونَ  ، عَنْ عَبْدِ الْمَلِكِ بْنِ أَبِي سُلَيْمَانَ  ، عَنْ أَبِي الزُّبَيْرِ  ،  عَنْ جَابِرٍ  ، قَالَ : \" كَانَيُنْتَبَذُ لِلنَّبِيِّ صَلَّى اللَّهُ عَلَيْهِ وَسَلَّمَ فِي السِّقَاءِ، فَإِنْ لَمْ يَكُنْ سِقَاءٌ، نُبِذَ لَهُ فِي تَوْرٍ مِنْ بِرَامٍ \"","english":{"narrator":"","text":""}},{"id":21,"idInBook":21,"chapterId":9,"bookId":9,"arabic":"أَخْبَرَنَا مُحَمَّدُ بْنُ كَثِيرٍ  ، عَنْ الْأَوْزَاعِيِّ  ، عَنْ يَحْيَى بْنِ أَبِي عَمْرٍو السَّيْبَانِيِّ  ، عَنْ عَبْدِ اللَّهِ بْنِ الدَّيْلَمِيِّ  ، عَنْ أَبِيهِ  ، أَنَّ أَبَاهُ أَوْ أَنَّ رَجُلًا مِنْهُمْ سَأَلَ النَّبِيَّ صَلَّى اللَّهُ عَلَيْهِ وَسَلَّمَ، فَقَالَ : يَا رَسُولَ اللَّهِ، إِنَّا قَدْ خَرَجْنَا مِنْ حَيْثُ عَلِمْتَ، وَنَزَلْنَا بَيْنَ ظَهْرَانَيْ مَنْ قَدْ عَلِمْتَ، فَمَنْ وَلِيُّنَا؟ قَالَ : \" اللَّهُ وَرَسُولُهُ \".\nقَالُوا : يَا رَسُولَ اللَّهِ، إِنَّا كُنَّا أَصْحَابَ كَرْمٍ وَخَمْرٍ، وَإِنَّ اللَّهَ قَدْ حَرَّمَ الْخَمْرَ، فَمَا نَصْنَعُ بِالْكَرْمِ؟ قَالَ : \" اصْنَعُوهُ زَبِيبًا \".\nقَالُوا : فَمَا نَصْنَعُ بِالزَّبِيبِ؟ قَالَ :\" انْقَعُوهُ فِي الشِّنَانِ، انْقَعُوهُ عَلَى غَدَائِكُمْ، وَاشْرَبُوهُ عَلَى عَشَائِكُمْ، وَانْقَعُوهُ عَلَى عَشَائِكُمْ، وَاشْرَبُوهُ عَلَى غَدَائِكُمْ، فَإِنَّهُ إِذَا أَتَى عَلَيْهِ الْعَصْرَانِ، كَانَ حِلًّا قَبْلَ أَنْ يَكُونَ خَمْرًا \"","english":{"narrator":"","text":""}},{"id":22,"idInBook":22,"chapterId":9,"bookId":9,"arabic":"أَخْبَرَنَا سَعِيدُ بْنُ عَامِرٍ  ، عَنْ سَعِيدِ بْنِ أَبِي عَرُوبَةَ  ، عَنْ قَتَادَةَ  ، عَنْ عَزْرَةَ  ، عَنْ سَعِيدِ بْنِ جُبَيْرٍ  ، قَالَ : سَأَلْتُ ابْنَ عُمَرَ  عَنْ نَبِيذِ الْجَرِّ، فَقَالَ : \" حَرَّمَهُ رَسُولُ اللَّهِ صَلَّى اللَّهُ عَلَيْهِ وَسَلَّمَ \".\nفَلَقِيتُ ابْنَ عَبَّاسٍ   فَأَخْبَرْتُهُ بِقَوْلِ ابْنِ عُمَرَ، فَقَالَ : صَدَقَ أَبُو عَبْدِ الرَّحْمَنِ","english":{"narrator":"","text":""}},{"id":23,"idInBook":23,"chapterId":9,"bookId":9,"arabic":"أَخْبَرَنَا الْحَكَمُ بْنُ نَافِعٍ  ، عَنْ شُعَيْبِ بْنِ أَبِي حَمْزَةَ  ، عَنْ الزُّهْرِيِّ  ، قَالَ : حَدَّثَنِي أَنَسُ بْنُ مَالِكٍ  ، أَنّ النَّبِيَّ صَلَّى اللَّهُ عَلَيْهِ وَسَلَّمَ قَالَ :\" لَا تَنْتَبِذُوا فِي الدُّبَّاءِ وَالْمُزَفَّتِ \"","english":{"narrator":"","text":""}},{"id":24,"idInBook":24,"chapterId":9,"bookId":9,"arabic":"أَخْبَرَنَا أَبُو زَيْدٍ  ، حَدَّثَنَا شُعْبَةُ  ، عَنْ سَلَمَةَ بْنِ كُهَيْلٍ  ، قَالَ : سَمِعْتُ أَبَا الْحَكَمِ  ، قَالَ : سَأَلْتُ ابْنَ عَبَّاسٍ   أَوْ سَمِعْتُهُ سُئِلَ عَنْ نَبِيذِ الْجَرِّ، فَقَالَ : \" نَهَى رَسُولُ اللَّهِ صَلَّى اللَّهُ عَلَيْهِ وَسَلَّمَ عَنْنَبِيذِ الْجَرِّ وَالدُّبَّاءِ \".\nوَسَأَلْتُ ابْنَ الزُّبَيْرِ   ، فَقَالَ مِثْلَ قَوْلِ ابْنِ عَبَّاسٍ","english":{"narrator":"","text":""}},{"id":25,"idInBook":25,"chapterId":9,"bookId":9,"arabic":"قَالَ : وَقَالَ ابْنُ عَبَّاسٍ   : \" مَنْ سَرَّهُ أَنْ يُحَرِّمَ مَا حَرَّمَ اللَّهُ وَرَسُولُهُ، أَوْ مَنْ كَانَ مُحَرِّمًا مَا حَرَّمَ اللَّهُ وَرَسُولُهُ،فَلْيُحَرِّمْ النَّبِيذَ \"","english":{"narrator":"","text":""}},{"id":26,"idInBook":26,"chapterId":9,"bookId":9,"arabic":"قَالَ : وَحَدَّثَنِي أَخِي  ، عَنْ أَبِي سَعِيدٍ الْخُدْرِيِّ   ، أَنَّ رَسُولَ اللَّهِ صَلَّى اللَّهُ عَلَيْهِ وَسَلَّمَ\" نَهَى عَنْ الْجَرِّ وَالدُّبَّاءِ وَالْمُزَفَّتِ، وَعَنْ الْبُسْرِ وَالتَّمْرِ \"","english":{"narrator":"","text":""}},{"id":27,"idInBook":27,"chapterId":9,"bookId":9,"arabic":"أَخْبَرَنَا أَبُو النُّعْمَانِ  ، حَدَّثَنَا ثَابِتُ بْنُ يَزِيدَ  ، حَدَّثَنَا عَاصِمٌ  ، عَنْ فُضَيْلِ بْنِ زَيْدٍ الرَّقَاشِيِّ  ، أَنَّهُ أَتَى عَبْدَ اللَّهِ بْنَ مُغَفَّلٍ  ، فَقَالَ : أَخْبِرْنِي بِمَا يَحْرُمُ عَلَيْنَا مِنْ الشَّرَابِ، فَقَالَ : الْخَمْرُ.\nقُلْتُ : هُوَ فِي الْقُرْآنِ؟ قَالَ : مَا أُحَدِّثُكَ إِلَّا مَا سَمِعْتُ مُحَمَّدًا صَلَّى اللَّهُ عَلَيْهِ وَسَلَّمَ بَدَأَ بِالِاسْمِ أَوْ بِالرِّسَالَةِ ، قَالَ : فَقَالَ :\" نَهَى عَنْ الدُّبَّاءِ وَالْحَنْتَمِ وَالنَّقِيرِ \"","english":{"narrator":"","text":""}},{"id":28,"idInBook":28,"chapterId":9,"bookId":9,"arabic":"أَخْبَرَنَا يَزِيدُ بْنُ هَارُونَ  ، وَسَعِيدُ بْنُ عَامِرٍ  ، وَاللَّفْظُ لِيَزِيدَ، قَالَا : أَخْبَرَنَا هِشَامٌ  ، عَنْ يَحْيَى  ، عَنْ عَبْدِ اللَّهِ بْنِ أَبِي قَتَادَةَ  ، عَنْ أَبِيهِ  ، عَنْ النَّبِيِّ صَلَّى اللَّهُ عَلَيْهِ وَسَلَّمَ، قَالَ :\" لَا تَنْتَبِذُوا الزَّهْوَ وَالرُّطَبَ جَمِيعًا، وَلَا تَنْتَبِذُوا الزَّبِيبَ وَالتَّمْرَ جَمِيعًا، وَانْتَبِذُوا كُلَّ وَاحِدٍ مِنْهُمَا عَلَى حِدَةٍ \"","english":{"narrator":"","text":""}},{"id":29,"idInBook":29,"chapterId":9,"bookId":9,"arabic":"حَدَّثَنَا عُثْمَانُ بْنُ عُمَرَ  ، أَخْبَرَنَا شُعْبَةُ  ، عَنْ سِمَاكٍ  ، عَنْ عَلْقَمَةَ بْنِ وَائِلٍ  ، عَنْ أَبِيهِ  ، أَنّ رَسُولَ اللَّهِ صَلَّى اللَّهُ عَلَيْهِ وَسَلَّمَ، قَالَ :\" لَا تَقُولُوا : الْكَرْمَ، وَقُولُوا : الْعِنَبَ أَوْ الْحَبَلَةَ \"","english":{"narrator":"","text":""}},{"id":30,"idInBook":30,"chapterId":9,"bookId":9,"arabic":"حَدَّثَنَا عُبَيْدُ اللَّهِ بْنُ مُوسَى  ، عَنْ إِسْرَائِيلَ  ، عَنْ السُّدِّيِّ  ، عَنْ يَحْيَى بْنِ عَبَّادٍ  ، عَنْ أَنَسِ بْنِ مَالِكٍ  ، قَالَ : \" كَانَ فِي حِجْرِ أَبِي طَلْحَةَ يَتَامَى، فَاشْتَرَى لَهُمْ خَمْرًا، فَلَمَّا نَزَلَ تَحْرِيمُ الْخَمْرِ، أَتَى النَّبِيَّ صَلَّى اللَّهُ عَلَيْهِ وَسَلَّمَ فَذَكَرَ ذَلِكَ لَهُ، فَقَالَ :أَجْعَلُهُ خَلًّا؟ قَالَ : \" لَا \"، فَأَهْرَاقَهُ","english":{"narrator":"","text":""}},{"id":31,"idInBook":31,"chapterId":9,"bookId":9,"arabic":"أَخْبَرَنَا أَبُو الْمُغِيرَةِ  ، حَدَّثَنَا الْأَوْزَاعِيُّ  ، حَدَّثَنَا الزُّهْرِيُّ  ، عَنْ أَنَسِ بْنِ مَالِكٍ  ، أَنَّهُ رَأَى رَسُولَ اللَّهِ صَلَّى اللَّهُ عَلَيْهِ وَسَلَّمَ شَرِبَ لَبَنًا، وَعَنْ يَسَارِهِ أَبُو بَكْرٍ، وَعَنْ يَمِينِهِ رَجُلٌ أَعْرَابِيٌّ، فَأَعْطَى الْأَعْرَابِيَّ فَضْلَهُ، ثُمَّ قَالَ :\" الْأَيْمَنَ فَالْأَيْمَنَ \"","english":{"narrator":"","text":""}},{"id":32,"idInBook":32,"chapterId":9,"bookId":9,"arabic":"أَخْبَرَنَا عَفَّانُ  ، حَدَّثَنَا حَمَّادُ بْنُ سَلَمَةَ  ، أَخْبَرَنَا قَتَادَةُ  ، عَنْ عِكْرِمَةَ  ، عَنْ ابْنِ عَبَّاسٍ  ، أَنّ رَسُولَ اللَّهِ صَلَّى اللَّهُ عَلَيْهِ وَسَلَّمَ\" نَهَى أَنْ يُشْرَبَ مِنْ فِي السِّقَاءِ \"","english":{"narrator":"","text":""}},{"id":33,"idInBook":33,"chapterId":9,"bookId":9,"arabic":"أَخْبَرَنَا مُسْلِمُ بْنُ إِبْرَاهِيمَ  ، حَدَّثَنَا وُهَيْبٌ  ، عَنْ خَالِدٍ الْحَذَّاءِ  ، عَنْ عِكْرِمَةَ  ، عَنْ أَبِي هُرَيْرَةَ  ، قَالَ : \" نَهَى رَسُولُ اللَّهِ صَلَّى اللَّهُ عَلَيْهِ وَسَلَّمَ أَنْيُشْرَبَ مِنْ فِي السِّقَاءِ \"","english":{"narrator":"","text":""}},{"id":34,"idInBook":34,"chapterId":9,"bookId":9,"arabic":"أَخْبَرَنَا يَزِيدُ بْنُ هَارُونَ  ، عَنْ ابْنِ أَبِي ذِئْبٍ  ، عَنْ الزُّهْرِيِّ  ، عَنْ عُبَيْدِ اللَّهِ بْنِ عَبْدِ اللَّهِ  ،  عَنْ أَبِي سَعِيدٍ الْخُدْرِيِّ  ، أَنَّ النَّبِيَّ صَلَّى اللَّهُ عَلَيْهِ وَسَلَّمَ\" نَهَى عَنْ اخْتِنَاثِ الْأَسْقِيَةِ \"","english":{"narrator":"","text":""}},{"id":35,"idInBook":35,"chapterId":9,"bookId":9,"arabic":"أَخْبَرَنَا أَبُو نُعَيْمٍ  ، حَدَّثَنَا عَزْرَةُ بْنُ ثَابِتٍ  ، عَنْ ثُمَامَةَ  ، قَالَ : كَانَ أَنَسٌ   يَتَنَفَّسُ فِي الْإِنَاءِ مَرَّتَيْنِ أَوْ ثَلَاثًا، وَزَعَمَ أَنَّ رَسُولَ اللَّهِ صَلَّى اللَّهُ عَلَيْهِ وَسَلَّمَ كَانَ\" يَتَنَفَّسُ فِي الْإِنَاءِ مَرَّتَيْنِ أَوْ ثَلَاثًا \"","english":{"narrator":"","text":""}},{"id":36,"idInBook":36,"chapterId":9,"bookId":9,"arabic":"أَخْبَرَنَا إِسْحَاق بْنُ عِيسَى  ، عَنْ مَالِكٍ  ، عَنْ أَيُّوبَ بْنِ حَبِيبٍ الزُّهْرِيِّ  ، عَنْ أَبِي الْمُثَنَّى  ، قَالَ : كُنْتُ عِنْدَ مَرْوَانَ فَجَاءَ أَبُو سَعِيدٍ   فَقَالَ : قَالَ رَجُلٌ : يَا رَسُولَ اللَّهِ، إِنِّي لَا أَرْوَى مِنْ نَفَسٍ وَاحِدٍ؟ قَالَ :\" فَأَبِنْ الْإِنَاءَ عَنْ فِيكَ، ثُمَّ تَنَفَّسْ \".\nقَالَ : إِنِّي أَرَى الْقَذَاةَ؟ قَالَ : \" أَهْرِقْهُ \"","english":{"narrator":"","text":""}},{"id":37,"idInBook":37,"chapterId":9,"bookId":9,"arabic":"أَخْبَرَنَا أَبُو الْمُغِيرَةِ  ، حَدَّثَنَا الْأَوْزَاعِيُّ  ، عَنْ يَحْيَى  ، عَنْ عَبْدِ اللَّهِ بْنِ أَبِي قَتَادَةَ  ، قَالَ : حَدَّثَنِي أَبِي  ، أَنَّهُ سَمِعَ النَّبِيَّ صَلَّى اللَّهُ عَلَيْهِ وَسَلَّمَ، يَقُولُ :\" إِذَا بَالَ أَحَدُكُمْ، فَلَا يَمَسَّ ذَكَرَهُ بِيَمِينِهِ، وَلَا يَسْتَنْجِي بِيَمِينِهِ، وَلَا يَتَنَفَّسْ فِي الْإِنَاءِ \"","english":{"narrator":"","text":""}},{"id":38,"idInBook":38,"chapterId":9,"bookId":9,"arabic":"أَخْبَرَنَا إِسْحَاق بْنُ عِيسَى  ، حَدَّثَنَا فُلَيْحُ بْنُ سُلَيْمَانَ  ، عَنْ سَعِيدِ بْنِ الْحَارِثِ الْأَنْصَارِيِّ  ، عَنْ جَابِرِ بْنِ عَبْدِ اللَّهِ  ، قَالَ : أَتَى النَّبِيُّ صَلَّى اللَّهُ عَلَيْهِ وَسَلَّمَ رَجُلًا مِنْ الْأَنْصَارِ يَعُودُهُ، وَجَدْوَلٌ يَجْرِي، فَقَالَ :\" إِنْ كَانَ عِنْدَكُمْ مَاءٌ بَاتَ فِي الشَّنِّ، وَإِلَّا كَرَعْنَا \"","english":{"narrator":"","text":""}},{"id":39,"idInBook":39,"chapterId":9,"bookId":9,"arabic":"حَدَّثَنَا مَنْصُورُ بْنُ سَلَمَةَ الْخُزَاعِيُّ  ، حَدَّثَنَا شَرِيكٌ  ، عَنْ عَبْدِ الْكَرِيمِ  ، عَنْ الْبَرَاءِ  ابْنِ ابْنَةِ أَنَسٍ، عَنْ أَنَسٍ  ، عَنْ أُمِّ سُلَيْمٍ  ، أَنّ النَّبِيَّ صَلَّى اللَّهُ عَلَيْهِ وَسَلَّمَ\" شَرِبَ مِنْ فَمِ قِرْبَةٍ قَائِمًا \"","english":{"narrator":"","text":""}},{"id":40,"idInBook":40,"chapterId":9,"bookId":9,"arabic":"حَدَّثَنَا عُثْمَانُ بْنُ عُمَرَ  ، أَخْبَرَنَا عِمْرَانُ بْنُ حُدَيْرٍ  ، عَنْ أَبِي الْبَزَرِيِّ : يَزِيدَ بْنِ عُطَارِدَ  ، عَنْ ابْنِ عُمَرَ  ، قَالَ : \" كُنَّانَشْرَبُ وَنَحْنُ قِيَامٌ، وَنَأْكُلُ وَنَحْنُ نَسْعَى عَلَى عَهْدِ رَسُولِ اللَّهِ صَلَّى اللَّهُ عَلَيْهِ وَسَلَّمَ \".\nأَخْبَرَنَا أَبُو بَكْرِ بْنُ أَبِي شَيْبَةَ  ، حَدَّثَنَا حَفْصُ بْنُ غِيَاثٍ  ، عَنْ عُبَيْدِ اللَّهِ  ، عَنْ نَافِعٍ  ، عَنْ ابْنِ عُمَرَ  ، نَحْوَهُ","english":{"narrator":"","text":""}},{"id":41,"idInBook":41,"chapterId":9,"bookId":9,"arabic":"أَخْبَرَنَا مُسْلِمُ بْنُ إِبْرَاهِيمَ  ، حَدَّثَنَا هَمَّامٌ  ، حَدَّثَنَا قَتَادَةُ  ، عَنْ أَنَسٍ  ، أَنّ النَّبِيَّ صَلَّى اللَّهُ عَلَيْهِ وَسَلَّمَ\" نَهَى عَنْ الشُّرْبِ قَائِمًا \".\nقَالَ : وَسَأَلْتُهُ عَنْ الْأَكْلِ، فَقَالَ : \" ذَاكَ أَخْبَثُ \"","english":{"narrator":"","text":""}},{"id":42,"idInBook":42,"chapterId":9,"bookId":9,"arabic":"أَخْبَرَنَا سَعِيدُ بْنُ الرَّبِيعِ  ، حَدَّثَنَا شُعْبَةُ  ، عَنْ أَبِي زِيَادٍ الطَّحَّانِ  ، قَالَ : سَمِعْتُ أَبَا هُرَيْرَةَ  ، عَنْ النَّبِيِّ صَلَّى اللَّهُ عَلَيْهِ وَسَلَّمَ، قَالَ لِرَجُلٍ رَآهُ يَشْرَبُ قَائِمًا : \" قِئْ \".\nقَالَ : لِمَ؟ قَالَ : \" أَتُحِبُّ أَنْ تَشْرَبَ مَعَ الْهِرِّ؟ \" قَالَ : لَا، قَالَ : \" فَقَدْشَرِبَ مَعَكَ شَرٌّ مِنْهُ، الشَّيْطَانُ \"","english":{"narrator":"","text":""}},{"id":43,"idInBook":43,"chapterId":9,"bookId":9,"arabic":"أَخْبَرَنَا أَحْمَدُ بْنُ يُونُسَ  ، حَدَّثَنَا لَيْثُ بْنُ سَعْدٍ  ، عَنْ نَافِعٍ  ، عَنْ زَيْدِ بْنِ عَبْدِ اللَّهِ بْنِ عُمَرَ  ، عَنْ عَبْدِ اللَّهِ بْنِ عَبْدِ الرَّحْمَنِ بْنِ أَبِي بَكْرٍ  ، عَنْ أُمِّ سَلَمَةَ  ، أَنَّهَا أَخْبَرَتْهُ أَنّ رَسُولَ اللَّهِ صَلَّى اللَّهُ عَلَيْهِ وَسَلَّمَ، قَالَ :\" الَّذِي يَشْرَبُ فِي آنِيَةٍ مِنْ فِضَّةٍ، فَإِنَّمَا يُجَرْجِرُ فِي بَطْنِهِ نَارَ جَهَنَّمَ \"","english":{"narrator":"","text":""}},{"id":44,"idInBook":44,"chapterId":9,"bookId":9,"arabic":"حَدَّثَنَا عُثْمَانُ بْنُ عُمَرَ  ، حَدَّثَنَا ابْنُ عَوْنٍ  ، عَنْ مُجَاهِدٍ  ، عَنْ عَبْدِ الرَّحْمَنِ بْنِ أَبِي لَيْلَى  ، قَالَ : خَرَجْنَا مَعَ حُذَيْفَةَ   إِلَى الْمَدَائِنِ فَاسْتَسْقَى، فَأَتَاهُ دِهْقَانٌ بِإِنَاءٍ مِنْ فِضَّةٍ، فَرَمَى بِهِ وَجْهَهُ، فَقُلْنَا : اسْكُتُوا، فَإِنَّا إِنْ سَأَلْنَاهُ لَمْ يُحَدِّثْنَا، فَلَمَّا كَانَ بَعْدُ، قَالَ : أَتَدْرُونَ لِمَ رَمَيْتُهُ؟ قُلْنَا : لَا، قَالَ إِنِّي كُنْتُ نَهَيْتُهُ، وَذَكَرَ النَّبِيَّ صَلَّى اللَّهُ عَلَيْهِ وَسَلَّمَ أَنَّهُنَهَى عَنْ الشُّرْبِ فِي آنِيَةِ الذَّهَبِ وَالْفِضَّةِ، وَعَنْ لُبْسِ الْحَرِيرِ وَالدِّيبَاجِ، وَقَالَ : \" هُمَا لَهُمْ فِي الدُّنْيَا، وَلَكُمْ فِي الْآخِرَةِ \"","english":{"narrator":"","text":""}},{"id":45,"idInBook":45,"chapterId":9,"bookId":9,"arabic":"أَخْبَرَنَا أَبُو عَاصِمٍ  ، عَنْ ابْنِ جُرَيْجٍ  ، عَنْ أَبِي الزُّبَيْرِ  ، حَدَّثَنِي جَابِرٌ  ، قَالَ : حَدَّثَنِي أَبُو حُمَيْدٍ السَّاعِدِيُّ  ، قَالَ : أَتَيْتُ رَسُولَ اللَّهِ صَلَّى اللَّهُ عَلَيْهِ وَسَلَّمَ بِلَبَنٍ، فَقَالَ :\" أَلَا خَمَّرْتَهُ وَلَوْ تَعْرِضُ عَلَيْهِ عُودًا؟ \"","english":{"narrator":"","text":""}},{"id":46,"idInBook":46,"chapterId":9,"bookId":9,"arabic":"حَدَّثَنَا عَمْرُو بْنُ عَوْنٍ  ، عَنْ خَالِدٍ  ، عَنْ سُهَيْلٍ  ، عَنْ أَبِيهِ  ، عَنْ أَبِي هُرَيْرَةَ  ، قَالَ : \" أَمَرَنَا رَسُولُ اللَّهِ صَلَّى اللَّهُ عَلَيْهِ وَسَلَّمَبِتَغْطِيَةِ الْوَضُوءِ، وَإِيكَاءِ السِّقَاءِ، وَإِكْفَاءِ الْإِنَاءِ \"","english":{"narrator":"","text":""}},{"id":47,"idInBook":47,"chapterId":9,"bookId":9,"arabic":"أَخْبَرَنَا خَالِدُ بْنُ مَخْلَدٍ  ، حَدَّثَنَا مَالِكٌ  ، عَنْ أَيُّوبَ بْنِ حَبِيبٍ  ، عَنْ أَبِي الْمُثَنَّى الْجُهَنِيِّ  ، قَالَ : قَالَ مَرْوَانُ لِأَبِي سَعِيدٍ الْخُدْرِيّ   : هَلْ سَمِعْتَ رَسُولَ اللَّهِ صَلَّى اللَّهُ عَلَيْهِ وَسَلَّمَيَنْهَى عَنْ النَّفْخِ فِي الشَّرَابِ؟ قَالَ : \" نَعَمْ \"","english":{"narrator":"","text":""}},{"id":48,"idInBook":48,"chapterId":9,"bookId":9,"arabic":"أَخْبَرَنَا عَمْرُو بْنُ عَوْنٍ  ، عَنْ ابْنِ عُيَيْنَةَ  ، عَنْ عَبْدِ الْكَرِيمِ الْجَزَرِيِّ  ، عَنْ عِكْرِمَةَ  ، عَنْ ابْنِ عَبَّاسٍ  ، أَنّ النَّبِيَّ صَلَّى اللَّهُ عَلَيْهِ وَسَلَّمَ\" نَهَى عَنْ النَّفْخِ فِي الشَّرَابِ \"","english":{"narrator":"","text":""}},{"id":49,"idInBook":49,"chapterId":9,"bookId":9,"arabic":"حَدَّثَنَا عَفَّانُ بْنُ مُسْلِمٍ  ، حَدَّثَنَا حَمَّادُ بْنُ سَلَمَةَ  ، وَسُلَيْمَانُ بْنُ الْمُغِيرَةِ  ، عَنْ ثَابِتٍ  ، عَنْ عَبْدِ اللَّهِ بْنِ رَبَاحٍ  ، عَنْ أَبِي قَتَادَةَ  ، قَالَ : قَالَ رَسُولُ اللَّهِ صَلَّى اللَّهُ عَلَيْهِ وَسَلَّمَ :\" سَاقِي الْقَوْمِ آخِرُهُمْ شُرْبًا \"","english":{"narrator":"","text":""}}],"chapter":{"id":9,"bookId":9,"arabic":"وَمِنْ كِتَابِ الْأَشْرِبَةِ","english":""}}