{
  "metadata": {
    "length": 23,
    "arabic": {
      "title": "صحيح مسلم",
      "author": "الإمام مسلم بن الحجاج القشيري النيسابوري",
      "introduction": "كتاب الفرائض"
    },
    "english": {
      "title": "Sahih Muslim",
      "author": "Imam Muslim ibn al-Hajjaj al-Naysaburi",
      "introduction": "The Book of the Rules of Inheritance"
    }
  },
  "hadiths": [
    {
      "id": 1,
      "idInBook": 1,
      "chapterId": 23,
      "bookId": 2,
      "arabic": "حَدَّثَنَا يَحْيَى بْنُ يَحْيَى، وَأَبُو بَكْرِ بْنُ أَبِي شَيْبَةَ وَإِسْحَاقُ بْنُ إِبْرَاهِيمَ - وَاللَّفْظُ لِيَحْيَى - قَالَ يَحْيَى أَخْبَرَنَا وَقَالَ الآخَرَانِ، حَدَّثَنَا ابْنُ عُيَيْنَةَ، عَنِ الزُّهْرِيِّ، عَنْ عَلِيِّ بْنِ، حُسَيْنٍ عَنْ عَمْرِو بْنِ عُثْمَانَ، عَنْ أُسَامَةَ بْنِ زَيْدٍ، أَنَّ النَّبِيَّ صلى الله عليه وسلم قَالَ ‏\n\"‏ لاَ يَرِثُ الْمُسْلِمُ الْكَافِرَ وَلاَ يَرِثُ الْكَافِرُ الْمُسْلِمَ ‏\"‏ ‏.‏",
      "english": {
        "narrator": "Usama b. Zaid reported Allah's Messenger (ﷺ) as saying:",
        "text": "A Muslim is not entitled to inherit from a non-Muslim, and a non-Muslim is not entitled to inherit from a Muslim."
      },
      "turkish": {
        "narrator": "Usama b. Zaid reported Allah's Messenger (ﷺ) as saying:",
        "text": "Usame b. Zaid, Allah'ın Elçisi (ﷺ) şöyle buyurduğunu bildirdi: Müslüman, gayrimüslimden miras almaz ve gayrimüslim, Müslümandan miras alamaz."
      }
    },
    {
      "id": 2,
      "idInBook": 2,
      "chapterId": 23,
      "bookId": 2,
      "arabic": "حَدَّثَنَا عَبْدُ الأَعْلَى بْنُ حَمَّادٍ، - وَهُوَ النَّرْسِيُّ - حَدَّثَنَا وُهَيْبٌ، عَنِ ابْنِ طَاوُسٍ، عَنْ أَبِيهِ، عَنِ ابْنِ عَبَّاسٍ، قَالَ قَالَ رَسُولُ اللَّهِ صلى الله عليه وسلم ‏\n\"‏ أَلْحِقُوا الْفَرَائِضَ بِأَهْلِهَا فَمَا بَقِيَ فَهُوَ لأَوْلَى رَجُلٍ ذَكَرٍ ‏\"‏ ‏.‏",
      "english": {
        "narrator": "Ibn Abbas (Allah be pleased with them) reported Allah's Messenger (ﷺ) as saying:",
        "text": "Give the shares to those who are entitled to them, and what remains over goes to the nearest male heir."
      },
      "turkish": {
        "narrator": "Ibn Abbas (Allah be pleased with them) reported Allah's Messenger (ﷺ) as saying:",
        "text": "İbn Abbas (Allah ondan razı olsun) Allah'ın Elçisi (ﷺ) şöyle buyurduğunu bildirdi: Hakkı olanlara paylarını verin, geriye kalan ise en yakın erkek varise gider."
      }
    },
    {
      "id": 3,
      "idInBook": 3,
      "chapterId": 23,
      "bookId": 2,
      "arabic": "حَدَّثَنَا أُمَيَّةُ بْنُ بِسْطَامَ الْعَيْشِيُّ، حَدَّثَنَا يَزِيدُ بْنُ زُرَيْعٍ، حَدَّثَنَا رَوْحُ بْنُ الْقَاسِمِ، عَنْ عَبْدِ اللَّهِ بْنِ طَاوُسٍ، عَنْ أَبِيهِ، عَنِ ابْنِ عَبَّاسٍ، عَنْ رَسُولِ اللَّهِ صلى الله عليه وسلم قَالَ ‏\n\"‏ أَلْحِقُوا الْفَرَائِضَ بِأَهْلِهَا فَمَا تَرَكَتِ الْفَرَائِضُ فَلأَوْلَى رَجُلٍ ذَكَرٍ ‏\"‏ ‏.‏",
      "english": {
        "narrator": "Ibn 'Abbas (Allah be pleased with them) reported Allah's Messenger (ﷺ) as saying:",
        "text": "Give the shares to those who are entitled to them, and what is left from those wno are entitled to it goes to the nearest male heir."
      },
      "turkish": {
        "narrator": "Ibn 'Abbas (Allah be pleased with them) reported Allah's Messenger (ﷺ) as saying:",
        "text": "İbn Abbas (Allah ondan razı olsun) Allah'ın Elçisi (ﷺ) şöyle buyurduğunu bildirdi: Hakkı olanlara paylarını verin, hak sahibi olanlardan geriye kalan en yakın erkek varise gider."
      }
    },
    {
      "id": 4,
      "idInBook": 4,
      "chapterId": 23,
      "bookId": 2,
      "arabic": "حَدَّثَنَا إِسْحَاقُ بْنُ إِبْرَاهِيمَ، وَمُحَمَّدُ بْنُ رَافِعٍ، وَعَبْدُ بْنُ حُمَيْدٍ، - وَاللَّفْظُ لاِبْنِ رَافِعٍ - قَالَ إِسْحَاقُ حَدَّثَنَا وَقَالَ الآخَرَانِ، أَخْبَرَنَا عَبْدُ الرَّزَّاقِ، أَخْبَرَنَا مَعْمَرٌ، عَنِ ابْنِ طَاوُسٍ، عَنْ أَبِيهِ، عَنِ ابْنِ عَبَّاسٍ، قَالَ قَالَ رَسُولُ اللَّهِ صلى الله عليه وسلم ‏\n\"‏ اقْسِمُوا الْمَالَ بَيْنَ أَهْلِ الْفَرَائِضِ عَلَى كِتَابِ اللَّهِ فَمَا تَرَكَتِ الْفَرَائِضُ فَلأَوْلَى رَجُلٍ ذَكَرٍ ‏\"‏ ‏.‏",
      "english": {
        "narrator": "Tawus reported on the authority of Ibn Abbas (Allah be pleased with them) narrating that Allah's Messenger (ﷺ) said:",
        "text": "Distribute the property amongst Ahl al-Fara'id, according to the Book of Allah, and what is left out of them goes to the nearest male heir."
      },
      "turkish": {
        "narrator": "Tawus reported on the authority of Ibn Abbas (Allah be pleased with them) narrating that Allah's Messenger (ﷺ) said:",
        "text": "Tavus, İbn Abbas (Allah ondan razı olsun) aracılığıyla, Allah'ın Elçisi (ﷺ) şöyle dediğini aktardı: Mirası, Allah'ın Kitabı'na göre Ahl al-Fara'id arasında dağıtın ve onlardan geriye kalan en yakın erkek varise gider."
      }
    },
    {
      "id": 5,
      "idInBook": 5,
      "chapterId": 23,
      "bookId": 2,
      "arabic": "وَحَدَّثَنِيهِ مُحَمَّدُ بْنُ الْعَلاَءِ أَبُو كُرَيْبٍ الْهَمْدَانِيُّ، حَدَّثَنَا زَيْدُ بْنُ حُبَابٍ، عَنْ يَحْيَى، بْنِ أَيُّوبَ عَنِ ابْنِ طَاوُسٍ، بِهَذَا الإِسْنَادِ ‏.‏ نَحْوَ حَدِيثِ وُهَيْبٍ وَرَوْحِ بْنِ الْقَاسِمِ ‏.‏",
      "english": {
        "narrator": "",
        "text": "There is another chain of Tawus reporting like the reports that were mentioned before the previous hadith chain through Tawus (the chains of Wuhaib and Rowh bin Qasim)."
      },
      "turkish": {
        "narrator": "",
        "text": "Tavus'un, daha önceki hadiste bahsedilen rivayetler gibi bir başka senedi vardır (Wuhaib ve Rowh b. Kasımdan gelen senetler)."
      }
    },
    {
      "id": 6,
      "idInBook": 6,
      "chapterId": 23,
      "bookId": 2,
      "arabic": "حَدَّثَنَا عَمْرُو بْنُ مُحَمَّدِ بْنِ بُكَيْرٍ النَّاقِدُ، حَدَّثَنَا سُفْيَانُ بْنُ عُيَيْنَةَ، عَنْ مُحَمَّدِ بْنِ، الْمُنْكَدِرِ سَمِعَ جَابِرَ بْنَ عَبْدِ اللَّهِ، قَالَ مَرِضْتُ فَأَتَانِي رَسُولُ اللَّهِ صلى الله عليه وسلم وَأَبُو بَكْرٍ يَعُودَانِي مَاشِيَيْنِ فَأُغْمِيَ عَلَىَّ فَتَوَضَّأَ ثُمَّ صَبَّ عَلَىَّ مِنْ وَضُوئِهِ فَأَفَقْتُ قُلْتُ يَا رَسُولَ اللَّهِ كَيْفَ أَقْضِي فِي مَالِي فَلَمْ يَرُدَّ عَلَىَّ شَيْئًا حَتَّى نَزَلَتْ آيَةُ الْمِيرَاثِ ‏{‏ يَسْتَفْتُونَكَ قُلِ اللَّهُ يُفْتِيكُمْ فِي الْكَلاَلَةِ‏}‏",
      "english": {
        "narrator": "Jabir b. 'Abdullah (Allah be pleased with them) reported:",
        "text": "I fell sick and there came to me on foot Allah's Messenger (ﷺ) and Abu Bakr for inquiring after my health. I fainted. He (the Holy Prophet) performed ablution and then sprinkled over me the water of his ablution. I felt some relief and said: Allah's Messenger, how should I decide about my property? He said nothing to me in response until this verse pertaining to the law of inheritance was revealed:\" They ask you for a decision; say: Allah gives you a decision concerning the person who has neither parents nor children\" (iv. 177)."
      },
      "turkish": {
        "narrator": "Jabir b. 'Abdullah (Allah be pleased with them) reported:",
        "text": "Cabir b. Abdullah (Allah ondan razı olsun) bildirdi: Hastalandım ve Allah'ın Elçisi (ﷺ) ile Ebu Bekir, sağlığımı sormak için yanıma geldiler. Bayıldım. O (Peygamber) abdest aldı ve sonra abdest suyunu üzerime serpti. Bir rahatlama hissettim ve dedim: Allah'ın Elçisi, malım hakkında ne yapmalıyım? Bu konuda bana hiçbir şey söylemedi ta ki miras hukuku ile ilgili bu ayet inene kadar: \"Sana bir karar soruyorlar; de ki: Allah, ana-babası ve çocukları olmayan kişi hakkında size bir karar verir\" (iv. 177)."
      }
    },
    {
      "id": 7,
      "idInBook": 7,
      "chapterId": 23,
      "bookId": 2,
      "arabic": "حَدَّثَنِي مُحَمَّدُ بْنُ حَاتِمِ بْنِ مَيْمُونٍ، حَدَّثَنَا حَجَّاجُ بْنُ مُحَمَّدٍ، حَدَّثَنَا ابْنُ جُرَيْجٍ، قَالَ أَخْبَرَنِي ابْنُ الْمُنْكَدِرِ، عَنْ جَابِرِ بْنِ عَبْدِ اللَّهِ، قَالَ عَادَنِي النَّبِيُّ صلى الله عليه وسلم وَأَبُو بَكْرٍ فِي بَنِي سَلَمَةَ يَمْشِيَانِ فَوَجَدَنِي لاَ أَعْقِلُ فَدَعَا بِمَاءٍ فَتَوَضَّأَ ثُمَّ رَشَّ عَلَىَّ مِنْهُ فَأَفَقْتُ فَقُلْتُ كَيْفَ أَصْنَعُ فِي مَالِي يَا رَسُولَ اللَّهِ فَنَزَلَتْ ‏{‏يُوصِيكُمُ اللَّهُ فِي أَوْلاَدِكُمْ لِلذَّكَرِ مِثْلُ حَظِّ الأُنْثَيَيْنِ‏}‏",
      "english": {
        "narrator": "Jabir b. 'Abdullah (Allah be pleased with him) reported:",
        "text": "Allah's Apostle (ﷺ) and Abi Bakr (Allah be pleased with him) visited me on foot in Banu Salama, and found me unconscious. He (the Holy Prophet) called for water and performed ablution and sprinkled out of it (the water) over me. I felt relieved. I said: Allah's Messenger, what should I do with my property? And this verse was revealed:\" Allah enjoins you concerning your children: for the male is equal of the portion of two females.\""
      },
      "turkish": {
        "narrator": "Jabir b. 'Abdullah (Allah be pleased with him) reported:",
        "text": "Cabir b. Abdullah (Allah ondan razı olsun) bildirdi: Allah'ın Elçisi (ﷺ) ve Ebu Bekir (Allah ondan razı olsun) Banu Selama'da beni ziyaret ettiler ve beni baygın buldular. O (Peygamber) su istedi ve abdest aldı, ardından abdest suyunu üzerime serpti. Rahatladım. Dedim: Allah'ın Elçisi, malımla ne yapmalıyım? Bu ayet inene kadar bana cevap vermedi: \"Allah, çocuklarınız hakkında size emrediyor: erkek, iki kadının payı gibidir.\""
      }
    },
    {
      "id": 8,
      "idInBook": 8,
      "chapterId": 23,
      "bookId": 2,
      "arabic": "حَدَّثَنَا عُبَيْدُ اللَّهِ بْنُ عُمَرَ الْقَوَارِيرِيُّ، حَدَّثَنَا عَبْدُ الرَّحْمَنِ، - يَعْنِي ابْنَ مَهْدِيٍّ - حَدَّثَنَا سُفْيَانُ، قَالَ سَمِعْتُ مُحَمَّدَ بْنَ الْمُنْكَدِرِ، قَالَ سَمِعْتُ جَابِرَ بْنَ عَبْدِ اللَّهِ، يَقُولُ عَادَنِي رَسُولُ اللَّهِ صلى الله عليه وسلم وَأَنَا مَرِيضٌ وَمَعَهُ أَبُو بَكْرٍ مَاشِيَيْنِ فَوَجَدَنِي قَدْ أُغْمِيَ عَلَىَّ فَتَوَضَّأَ رَسُولُ اللَّهِ صلى الله عليه وسلم ثُمَّ صَبَّ عَلَىَّ مِنْ وَضُوئِهِ فَأَفَقْتُ فَإِذَا رَسُولُ اللَّهِ صلى الله عليه وسلم فَقُلْتُ يَا رَسُولَ اللَّهِ كَيْفَ أَصْنَعُ فِي مَالِي فَلَمْ يَرُدَّ عَلَىَّ شَيْئًا حَتَّى نَزَلَتْ آيَةُ الْمِيرَاثِ ‏.‏",
      "english": {
        "narrator": "Jabir b. 'Abdullah (Allah be pleased with them) reported:",
        "text": "While I had been ill Allah's Messenger (ﷺ) visited me and Abu akr (Allah be pleased with him) was with him, and they both came walking on foot. He (the Holy Prophet) found me unconscious. Allahs Messenger (ﷺ) performed ablution and then sprinkled over me the water of his ablution. I felt relieved regained my consciousness) and found Allah's Messenger (ﷺ) there. I said: Allah's Messenger, what should I do with my property? He gave me no reply until the verse (iv. 177) relating to the law of inheritance was revealed."
      },
      "turkish": {
        "narrator": "Jabir b. 'Abdullah (Allah be pleased with them) reported:",
        "text": "Cabir b. Abdullah (Allah ondan razı olsun) bildirdi: Hastalandığımda Allah'ın Elçisi (ﷺ) beni ziyaret etti ve Ebu Bekir (Allah ondan razı olsun) onunla birlikteydi, ikisi de yürüyerek geldiler. O (Peygamber) beni baygın buldu. Allah'ın Elçisi (ﷺ) abdest aldı ve sonra abdest suyunu üzerime serpti. Kendime geldim ve Allah'ın Elçisi (ﷺ) oradaydı. Dedim: Allah'ın Elçisi, malımla ne yapmalıyım? Bu ayet inene kadar bana cevap vermedi."
      }
    },
    {
      "id": 9,
      "idInBook": 9,
      "chapterId": 23,
      "bookId": 2,
      "arabic": "حَدَّثَنِي مُحَمَّدُ بْنُ حَاتِمٍ، حَدَّثَنَا بَهْزٌ، حَدَّثَنَا شُعْبَةُ، أَخْبَرَنِي مُحَمَّدُ بْنُ الْمُنْكَدِرِ، قَالَ سَمِعْتُ جَابِرَ بْنَ عَبْدِ اللَّهِ، يَقُولُ دَخَلَ عَلَىَّ رَسُولُ اللَّهِ صلى الله عليه وسلم وَأَنَا مَرِيضٌ لاَ أَعْقِلُ فَتَوَضَّأَ فَصَبُّوا عَلَىَّ مِنْ وَضُوئِهِ فَعَقَلْتُ فَقُلْتُ يَا رَسُولَ اللَّهِ إِنَّمَا يَرِثُنِي كَلاَلَةٌ ‏.‏ فَنَزَلَتْ آيَةُ الْمِيرَاثِ ‏.‏ فَقُلْتُ لِمُحَمَّدِ بْنِ الْمُنْكَدِرِ ‏{‏ يَسْتَفْتُونَكَ قُلِ اللَّهُ يُفْتِيكُمْ فِي الْكَلاَلَةِ‏}‏ قَالَ هَكَذَا أُنْزِلَتْ.",
      "english": {
        "narrator": "Jabir b. Abdullah (Allah be pleased with him) reported:",
        "text": "Whilo I was ill Allah's Messenger (ﷺ) came to me and found me unconscious. He (the Holy Prophet) performed ablution, and sprinkled over me the water of his ablution. I regained my consciousness and said: Allah's Messenger, my case of inheritance is that of Kalala. Then the verse pertaining to the inheritance ( of Kalala) was revealed. I (one of the narrators) said: I said to Muhammad b. Munkadir: (Do you mean this verse)\" They ask you; say: Allah gives you decision in regard to Kalala\" (iv. 177)? He said: Yes, it was thus revealed."
      },
      "turkish": {
        "narrator": "Jabir b. Abdullah (Allah be pleased with him) reported:",
        "text": "Cabir b. Abdullah (Allah ondan razı olsun) bildirdi: Hastayken Allah'ın Elçisi (ﷺ) yanıma geldi ve beni baygın buldu. O (Peygamber) abdest aldı ve abdest suyunu üzerime serpti. Kendime geldim ve dedim: Allah'ın Elçisi, miras durumum Kalala'dır. O zaman Kalala ile ilgili ayet indi. Ben (rivayet edenlerden biri) Muhammed b. Munkadir'e dedim: \"Sana soruyorlar; de ki: Allah, Kalala hakkında size bir karar verir\" (iv. 177) ayetini mi kastediyorsun? O da: Evet, bu şekilde indi dedi."
      }
    },
    {
      "id": 10,
      "idInBook": 10,
      "chapterId": 23,
      "bookId": 2,
      "arabic": "حَدَّثَنَا إِسْحَاقُ بْنُ إِبْرَاهِيمَ، أَخْبَرَنَا النَّضْرُ بْنُ شُمَيْلٍ، وَأَبُو عَامِرٍ الْعَقَدِيُّ ح وَحَدَّثَنَا مُحَمَّدُ بْنُ الْمُثَنَّى، حَدَّثَنَا وَهْبُ بْنُ جَرِيرٍ، كُلُّهُمْ عَنْ شُعْبَةَ، بِهَذَا الإِسْنَادِ ‏.‏ فِي حَدِيثِ وَهْبِ بْنِ جَرِيرٍ فَنَزَلَتْ آيَةُ الْفَرَائِضِ ‏.‏ وَفِي حَدِيثِ النَّضْرِ وَالْعَقَدِيِّ فَنَزَلَتْ آيَةُ الْفَرْضِ ‏.‏ وَلَيْسَ فِي رِوَايَةِ أَحَدٍ مِنْهُمْ قَوْلُ شُعْبَةَ لاِبْنِ الْمُنْكَدِرِ ‏.‏",
      "english": {
        "narrator": "",
        "text": "This hadith is transmitted on the authority of Shu'ba but with a slight variation of words."
      },
      "turkish": {
        "narrator": "",
        "text": "Bu hadis, Şu'ba aracılığıyla ancak kelimelerde hafif bir farklılıkla aktarılmıştır."
      }
    },
    {
      "id": 11,
      "idInBook": 11,
      "chapterId": 23,
      "bookId": 2,
      "arabic": "حَدَّثَنَا مُحَمَّدُ بْنُ أَبِي بَكْرٍ الْمُقَدَّمِيُّ، وَمُحَمَّدُ بْنُ الْمُثَنَّى، - وَاللَّفْظُ لاِبْنِ الْمُثَنَّى - قَالاَ حَدَّثَنَا يَحْيَى بْنُ سَعِيدٍ، حَدَّثَنَا هِشَامٌ، حَدَّثَنَا قَتَادَةُ، عَنْ سَالِمِ بْنِ أَبِي الْجَعْدِ، عَنْ مَعْدَانَ بْنِ، أَبِي طَلْحَةَ أَنَّ عُمَرَ بْنَ الْخَطَّابِ، خَطَبَ يَوْمَ جُمُعَةٍ فَذَكَرَ نَبِيَّ اللَّهِ صلى الله عليه وسلم وَذَكَرَ أَبَا بَكْرٍ ثُمَّ قَالَ إِنِّي لاَ أَدَعُ بَعْدِي شَيْئًا أَهَمَّ عِنْدِي مِنَ الْكَلاَلَةِ مَا رَاجَعْتُ رَسُولَ اللَّهِ صلى الله عليه وسلم فِي شَىْءٍ مَا رَاجَعْتُهُ فِي الْكَلاَلَةِ وَمَا أَغْلَظَ لِي فِي شَىْءٍ مَا أَغْلَظَ لِي فِيهِ حَتَّى طَعَنَ بِإِصْبَعِهِ فِي صَدْرِي وَقَالَ ‏\n\"‏ يَا عُمَرُ أَلاَ تَكْفِيكَ آيَةُ الصَّيْفِ الَّتِي فِي آخِرِ سُورَةِ النِّسَاءِ ‏\"‏ ‏.‏ وَإِنِّي إِنْ أَعِشْ أَقْضِ فِيهَا بِقَضِيَّةٍ يَقْضِي بِهَا مَنْ يَقْرَأُ الْقُرْآنَ وَمَنْ لاَ يَقْرَأُ الْقُرْآنَ ‏.‏",
      "english": {
        "narrator": "Abu Talha reported:",
        "text": "'Umar b. al-Khattab (Allah be pleased with him) delivered a sermon on Friday and made a mention of Allah's Apostle (ﷺ) and he also made a mention of Abu Bakr (Allah be pleased with him) and then said: I do not leave behind me any problem more difficult than that of Kalala. I did not refer to Allah's Messenger (ﷺ) more repeatedly than in case of the problem of Kalala, and he (the Holy Prophet) never showed more annoyance to me than in regard to this problem, so much so that he struck my chest with his fingers and said: 'Umar, does the verse revealed in summer season, at the end of Sura al-Nisa' not suffice you? Hadrat 'Umar (then) said: If I live I would give such verdict about (Kalala) that everyone would be able to decide whether he reads the Qur'an or he does not."
      },
      "turkish": {
        "narrator": "Abu Talha reported:",
        "text": "Ebu Talha bildirdi: 'Umar b. al-Khattab (Allah ondan razı olsun) Cuma günü bir hutbe verdi ve Allah'ın Elçisi (ﷺ) ile Ebu Bekir (Allah ondan razı olsun) hakkında bahsetti ve ardından şöyle dedi: Arkamda Kalala'dan daha zor bir mesele bırakmıyorum. Allah'ın Elçisi (ﷺ) hakkında Kalala meselesinde en çok başvurduğum kişi oldu ve o (Peygamber) bu mesele hakkında bana en çok rahatsızlık duydu, o kadar ki göğsüme parmaklarıyla vurdu ve dedi ki: 'Umar, yazın inen ayet, Nisa Suresi'nin sonunda senin için yeterli değil mi? Hadrat 'Umar (sonra) dedi: Eğer yaşarsam, (Kalala hakkında) herkesin Kur'an okuyup okumadığını anlayabileceği bir hüküm vereceğim."
      }
    },
    {
      "id": 12,
      "idInBook": 12,
      "chapterId": 23,
      "bookId": 2,
      "arabic": "وَحَدَّثَنَا أَبُو بَكْرِ بْنُ أَبِي شَيْبَةَ، حَدَّثَنَا إِسْمَاعِيلُ ابْنُ عُلَيَّةَ، عَنْ سَعِيدِ بْنِ أَبِي عَرُوبَةَ، ح وَحَدَّثَنَا زُهَيْرُ بْنُ حَرْبٍ، وَإِسْحَاقُ بْنُ إِبْرَاهِيمَ، وَابْنُ، رَافِعٍ عَنْ شَبَابَةَ بْنِ سَوَّارٍ، عَنْ شُعْبَةَ، كِلاَهُمَا عَنْ قَتَادَةَ، بِهَذَا الإِسْنَادِ نَحْوَهُ ‏.‏",
      "english": {
        "narrator": "",
        "text": "This hadith has been narrated on the authority of Qatada with the same chain of transmitters."
      },
      "turkish": {
        "narrator": "",
        "text": "Bu hadis, aynı rivayet zinciriyle Katade aracılığıyla aktarılmıştır."
      }
    },
    {
      "id": 13,
      "idInBook": 13,
      "chapterId": 23,
      "bookId": 2,
      "arabic": "حَدَّثَنَا عَلِيُّ بْنُ خَشْرَمٍ، أَخْبَرَنَا وَكِيعٌ، عَنِ ابْنِ أَبِي خَالِدٍ، عَنْ أَبِي إِسْحَاقَ، عَنِ الْبَرَاءِ، قَالَ آخِرُ آيَةٍ أُنْزِلَتْ مِنَ الْقُرْآنِ ‏{‏ يَسْتَفْتُونَكَ قُلِ اللَّهُ يُفْتِيكُمْ فِي الْكَلاَلَةِ‏}‏",
      "english": {
        "narrator": "Al-Bara' (Allah be pleased with him) reported that the last verse revealed in the Holy Qur'an is:",
        "text": "\" They ask thee for a religious verdict; say: Allah gives you a religious verdict about Kalala (the person who has neither parents nor children)\" (iv 177)."
      },
      "turkish": {
        "narrator": "Al-Bara' (Allah be pleased with him) reported that the last verse revealed in the Holy Qur'an is:",
        "text": "Al-Bara' (Allah ondan razı olsun) bildirdi ki, Kur'an-ı Kerim'de inen son ayet: \"Sana dini bir hüküm soruyorlar; de ki: Allah, Kalala hakkında size dini bir hüküm verir\" (iv. 177)."
      }
    },
    {
      "id": 14,
      "idInBook": 14,
      "chapterId": 23,
      "bookId": 2,
      "arabic": "حَدَّثَنَا مُحَمَّدُ بْنُ الْمُثَنَّى، وَابْنُ، بَشَّارٍ قَالاَ حَدَّثَنَا مُحَمَّدُ بْنُ جَعْفَرٍ، حَدَّثَنَا شُعْبَةُ، عَنْ أَبِي إِسْحَاقَ، قَالَ سَمِعْتُ الْبَرَاءَ بْنَ عَازِبٍ، يَقُولُ آخِرُ آيَةٍ أُنْزِلَتْ آيَةُ الْكَلاَلَةِ وَآخِرُ سُورَةٍ أُنْزِلَتْ بَرَاءَةُ ‏.‏",
      "english": {
        "narrator": "Abu Ishaq said that he heard al-Bara' b. 'Azib (Allah be pleased with him say:",
        "text": "The last verse revealed (in the Holy Quran) is that pertaining to Kalala, and the last sura revealed is Sura al-Bara'at."
      },
      "turkish": {
        "narrator": "Abu Ishaq said that he heard al-Bara' b. 'Azib (Allah be pleased with him say:",
        "text": "Ebu İshak, Al-Bara' b. 'Azib (Allah ondan razı olsun) şöyle derken duydu: Kur'an-ı Kerim'de inen son ayet Kalala ile ilgilidir ve inen son sure de Tevbe Suresi'dir."
      }
    },
    {
      "id": 15,
      "idInBook": 15,
      "chapterId": 23,
      "bookId": 2,
      "arabic": "حَدَّثَنَا إِسْحَاقُ بْنُ إِبْرَاهِيمَ الْحَنْظَلِيُّ، أَخْبَرَنَا عِيسَى، - وَهُوَ ابْنُ يُونُسَ - حَدَّثَنَا زَكَرِيَّاءُ، عَنْ أَبِي إِسْحَاقَ، عَنِ الْبَرَاءِ، أَنَّ آخِرَ، سُورَةٍ أُنْزِلَتْ تَامَّةً سُورَةُ التَّوْبَةِ وَأَنَّ آخِرَ آيَةٍ أُنْزِلَتْ آيَةُ الْكَلاَلَةِ ‏.‏",
      "english": {
        "narrator": "Abu Ishaq said that he heard al-Bara' b. 'Azib (Allah be pleased with him) say:",
        "text": "The last complete sura revealed (in the Holy Qur'an) is Sura Tauba (i e. al-Bara'at, ix.), and the last verse revealed is that pertaining to Kalala."
      },
      "turkish": {
        "narrator": "Abu Ishaq said that he heard al-Bara' b. 'Azib (Allah be pleased with him) say:",
        "text": "Ebu İshak, Al-Bara' b. 'Azib (Allah ondan razı olsun) şöyle derken duydu: Kur'an-ı Kerim'de inen son tam sure Tevbe Suresi'dir (yani al-Bara'at, ix.) ve inen son ayet Kalala ile ilgilidir."
      }
    },
    {
      "id": 16,
      "idInBook": 16,
      "chapterId": 23,
      "bookId": 2,
      "arabic": "حَدَّثَنَا أَبُو كُرَيْبٍ، حَدَّثَنَا يَحْيَى، - يَعْنِي ابْنَ آدَمَ - حَدَّثَنَا عَمَّارٌ، - وَهُوَ ابْنُ رُزَيْقٍ - عَنْ أَبِي إِسْحَاقَ، عَنِ الْبَرَاءِ، بِمِثْلِهِ غَيْرَ أَنَّهُ قَالَ آخِرُ سُورَةٍ أُنْزِلَتْ كَامِلَةً ‏.‏",
      "english": {
        "narrator": "",
        "text": "Aba Ishaq reported this hadith on the authority of al-Bara' (Allah be pleased with him) with a slight variation of words, viz. the last sura that was revealed complete."
      },
      "turkish": {
        "narrator": "",
        "text": "Aba İshak, bu hadisi el-Bara' (Allah ondan razı olsun) aracılığıyla, kelimelerde hafif bir değişiklikle bildirmiştir; yani, tam olarak indirilen son sure."
      }
    },
    {
      "id": 17,
      "idInBook": 17,
      "chapterId": 23,
      "bookId": 2,
      "arabic": "حَدَّثَنَا عَمْرٌو النَّاقِدُ، حَدَّثَنَا أَبُو أَحْمَدَ الزُّبَيْرِيُّ، حَدَّثَنَا مَالِكُ بْنُ مِغْوَلٍ، عَنْ أَبِي، السَّفَرِ عَنِ الْبَرَاءِ، قَالَ آخِرُ آيَةٍ أُنْزِلَتْ يَسْتَفْتُونَكَ ‏.‏",
      "english": {
        "narrator": "Al-Bara' (Allah be pleased with him) reported that the last verse revealed was:",
        "text": "\" They ask of thee religious verdict..\" (iv. 177)."
      },
      "turkish": {
        "narrator": "Al-Bara' (Allah be pleased with him) reported that the last verse revealed was:",
        "text": "El-Bara' (Allah ondan razı olsun) son indirilen ayetin: \"Sana dini hüküm soruyorlar...\" (iv. 177) olduğunu bildirmiştir."
      }
    },
    {
      "id": 18,
      "idInBook": 18,
      "chapterId": 23,
      "bookId": 2,
      "arabic": "وَحَدَّثَنِي زُهَيْرُ بْنُ حَرْبٍ، حَدَّثَنَا أَبُو صَفْوَانَ الأُمَوِيُّ، عَنْ يُونُسَ الأَيْلِيِّ، ح وَحَدَّثَنِي حَرْمَلَةُ بْنُ يَحْيَى، - وَاللَّفْظُ لَهُ - قَالَ أَخْبَرَنَا عَبْدُ اللَّهِ بْنُ وَهْبٍ، أَخْبَرَنِي يُونُسُ، عَنِ ابْنِ، شِهَابٍ عَنْ أَبِي سَلَمَةَ بْنِ عَبْدِ الرَّحْمَنِ، عَنْ أَبِي هُرَيْرَةَ، أَنَّ رَسُولَ اللَّهِ صلى الله عليه وسلم كَانَ يُؤْتَى بِالرَّجُلِ الْمَيِّتِ عَلَيْهِ الدَّيْنُ فَيَسْأَلُ ‏\"‏ هَلْ تَرَكَ لِدَيْنِهِ مِنْ قَضَاءٍ ‏\"‏ ‏.‏ فَإِنْ حُدِّثَ أَنَّهُ تَرَكَ وَفَاءً صَلَّى عَلَيْهِ وَإِلاَّ قَالَ ‏\"‏ صَلُّوا عَلَى صَاحِبِكُمْ ‏\"‏ ‏.‏ فَلَمَّا فَتَحَ اللَّهُ عَلَيْهِ الْفُتُوحَ قَالَ ‏\"‏ أَنَا أَوْلَى بِالْمُؤْمِنِينَ مِنْ أَنْفُسِهِمْ فَمَنْ تُوُفِّيَ وَعَلَيْهِ دَيْنٌ فَعَلَىَّ قَضَاؤُهُ وَمَنْ تَرَكَ مَالاً فَهُوَ لِوَرَثَتِهِ ‏\"‏ ‏.‏",
      "english": {
        "narrator": "Abu Huraira (Allah be pleased with him) reported that when the body of a dead person having burden of debt upon him was brought to Allah's Messenger (ﷺ) he would ask whether he had left property enough to clear off his debt, and if the property left had been sufficient for that (purpose), he observed funeral prayer for him, otherwise he said (to his companions):",
        "text": "You observe prayer for your companion. But when Allah opened the gateways of victory for him, he said: I am nearer to the believers than themselves, so if anyone dies leaving a debt, its payment is my responsibility, and if anyone leaves a property, it goes to his heirs."
      },
      "turkish": {
        "narrator": "Abu Huraira (Allah be pleased with him) reported that when the body of a dead person having burden of debt upon him was brought to Allah's Messenger (ﷺ) he would ask whether he had left property enough to clear off his debt, and if the property left had been sufficient for that (purpose), he observed funeral prayer for him, otherwise he said (to his companions):",
        "text": "Ebu Hureyre (Allah ondan razı olsun) bildirmiştir ki, borcu olan bir kişinin cesedi Allah'ın Resulü'ne (ﷺ) getirildiğinde, onun borcunu ödeyecek kadar mal bırakıp bırakmadığını sorar ve eğer bırakılan mal bu amaç için yeterli ise onun cenaze namazını kıldırır, aksi takdirde (ashabına) derdi ki: Siz arkadaşınız için namaz kılın. Fakat Allah ona zafer kapılarını açtığında, \"Ben müminlere kendilerinden daha yakınım, dolayısıyla kim borçlu olarak ölürse, onun borcunu ödemek benim sorumluluğumdur; kim mal bırakırsa, o mal mirasçılarına aittir,\" derdi."
      }
    },
    {
      "id": 19,
      "idInBook": 19,
      "chapterId": 23,
      "bookId": 2,
      "arabic": "حَدَّثَنَا عَبْدُ الْمَلِكِ بْنُ شُعَيْبِ بْنِ اللَّيْثِ، حَدَّثَنِي أَبِي، عَنْ جَدِّي، حَدَّثَنِي عُقَيْلٌ، ح وَحَدَّثَنِي زُهَيْرُ بْنُ حَرْبٍ، حَدَّثَنَا يَعْقُوبُ بْنُ إِبْرَاهِيمَ، حَدَّثَنَا ابْنُ أَخِي ابْنِ شِهَابٍ، ح وَحَدَّثَنَا ابْنُ نُمَيْرٍ، حَدَّثَنَا أَبِي، حَدَّثَنَا ابْنُ أَبِي ذِئْبٍ، كُلُّهُمْ عَنِ الزُّهْرِيِّ، بِهَذَا الإِسْنَادِ هَذَا الْحَدِيثَ ‏.‏",
      "english": {
        "narrator": "",
        "text": "This hadith has been narrated on the authority of al-Zuhri through another chain of transmitters."
      },
      "turkish": {
        "narrator": "",
        "text": "Bu hadis, el-Zuhri aracılığıyla başka bir rivayet zinciriyle aktarılmıştır."
      }
    },
    {
      "id": 20,
      "idInBook": 20,
      "chapterId": 23,
      "bookId": 2,
      "arabic": "حَدَّثَنِي مُحَمَّدُ بْنُ رَافِعٍ، حَدَّثَنَا شَبَابَةُ، قَالَ حَدَّثَنِي وَرْقَاءُ، عَنْ أَبِي الزِّنَادِ، عَنِ الأَعْرَجِ، عَنْ أَبِي هُرَيْرَةَ، عَنِ النَّبِيِّ صلى الله عليه وسلم قَالَ ‏\n\"‏ وَالَّذِي نَفْسُ مُحَمَّدٍ بِيَدِهِ إِنْ عَلَى الأَرْضِ مِنْ مُؤْمِنٍ إِلاَّ أَنَا أَوْلَى النَّاسِ بِهِ فَأَيُّكُمْ مَا تَرَكَ دَيْنًا أَوْ ضَيَاعًا فَأَنَا مَوْلاَهُ وَأَيُّكُمْ تَرَكَ مَالاً فَإِلَى الْعَصَبَةِ مَنْ كَانَ ‏\"‏ ‏.‏",
      "english": {
        "narrator": "Abn Huraira (Allah be pleased with him) reported Allah's Apostle (ﷺ) having said this:",
        "text": "By Him in Whose Hand is the life of Muhammad, there is no believer on the earth with whom I am not the nearest among all the people. He who amongst you (dies) and leaves a debt, I am there to pay it, and he who amongst you (dies) leaving behind children I am there to look after them. And he who amongst You leaves behind property, that is for the inheritor whoever he is."
      },
      "turkish": {
        "narrator": "Abn Huraira (Allah be pleased with him) reported Allah's Apostle (ﷺ) having said this:",
        "text": "Ebu Hureyre (Allah ondan razı olsun) Allah'ın Resulü'nün (ﷺ) şöyle dediğini bildirmiştir: \"Muhammed'in hayatı elinde olan Allah'a yemin ederim ki, yeryüzünde benimle en yakın olan bir mümin yoktur. İçinizden kim (ölür) ve borç bırakırsa, onu ben ödeyeceğim; içinizden kim (ölür) ve çocuk bırakırsa, onların bakımını ben üstleneceğim. İçinizden kim mal bırakırsa, o mirasçısına aittir, kim olursa olsun.\""
      }
    },
    {
      "id": 21,
      "idInBook": 21,
      "chapterId": 23,
      "bookId": 2,
      "arabic": "حَدَّثَنَا مُحَمَّدُ بْنُ رَافِعٍ، حَدَّثَنَا عَبْدُ الرَّزَّاقِ، أَخْبَرَنَا مَعْمَرٌ، عَنْ هَمَّامِ بْنِ مُنَبِّهٍ، قَالَ هَذَا مَا حَدَّثَنَا أَبُو هُرَيْرَةَ، عَنْ رَسُولِ اللَّهِ صلى الله عليه وسلم فَذَكَرَ أَحَادِيثَ مِنْهَا وَقَالَ رَسُولُ اللَّهِ صلى الله عليه وسلم ‏\n\"‏ أَنَا أَوْلَى النَّاسِ بِالْمُؤْمِنِينَ فِي كِتَابِ اللَّهِ عَزَّ وَجَلَّ فَأَيُّكُمْ مَا تَرَكَ دَيْنًا أَوْ ضَيْعَةً فَادْعُونِي فَأَنَا وَلِيُّهُ وَأَيُّكُمْ مَا تَرَكَ مَالاً فَلْيُؤْثَرْ بِمَالِهِ عَصَبَتُهُ مَنْ كَانَ ‏\"‏ ‏.‏",
      "english": {
        "narrator": "Hammam b. Munabbih reported:",
        "text": "This is what Abu Huraira (Allah be pleased with him) narrated to us from Allah's Messenger (may peace he upon him). And he narrated many ahadith, and one was this: Allah's Messenger (may peace be upon him said: I am, according to the Book of Allah, the Exalted and Majestic, nearest to the believers of all the human beings. So whoever amongst you dies in debt or leaves behind destitute children, you should call me (for help) ), for I am his guardian. And who amongst you leaves property, his inheritor is entitled to get it, whoever he is."
      },
      "turkish": {
        "narrator": "Hammam b. Munabbih reported:",
        "text": "Hammam b. Munabbih bildirmiştir: Bu, Ebu Hureyre'nin (Allah ondan razı olsun) bize Allah'ın Resulü'nden (ona selam olsun) aktardığıdır. Ve birçok hadis aktarmıştır, bunlardan biri de şudur: Allah'ın Resulü (ona selam olsun) şöyle demiştir: \"Ben, Allah'ın Kitabı'na göre, tüm insanlardan müminlere en yakın olanım. Dolayısıyla, içinizden kim borçlu olarak ölür veya muhtaç çocuklar bırakırsa, bana (yardım için) çağırmalısınız; çünkü ben onun velisiyim. İçinizden kim mal bırakırsa, o mirasçısına aittir, kim olursa olsun.\""
      }
    },
    {
      "id": 22,
      "idInBook": 22,
      "chapterId": 23,
      "bookId": 2,
      "arabic": "حَدَّثَنَا عُبَيْدُ اللَّهِ بْنُ مُعَاذٍ الْعَنْبَرِيُّ، حَدَّثَنَا أَبِي، حَدَّثَنَا شُعْبَةُ، عَنْ عَدِيٍّ، أَنَّهُ سَمِعَ أَبَا حَازِمٍ، عَنْ أَبِي هُرَيْرَةَ، عَنِ النَّبِيِّ صلى الله عليه وسلم أَنَّهُ قَالَ ‏\n\"‏ مَنْ تَرَكَ مَالاً فَلِلْوَرَثَةِ وَمَنْ تَرَكَ كَلاًّ فَإِلَيْنَا ‏\"‏ ‏.‏",
      "english": {
        "narrator": "Abu Huraira (Allah be pleased with him) reported Allah's Apostle (ﷺ) as saying:",
        "text": "He who leaves property, that is for the inheritors; and he who leaves behind destitute children, then it is my responsibility (to look after them)."
      },
      "turkish": {
        "narrator": "Abu Huraira (Allah be pleased with him) reported Allah's Apostle (ﷺ) as saying:",
        "text": "Ebu Hureyre (Allah ondan razı olsun) Allah'ın Resulü'nün (ﷺ) şöyle dediğini bildirmiştir: \"Kim mal bırakırsa, o mirasçılara aittir; kim muhtaç çocuk bırakırsa, onların bakımını üstlenmek benim sorumluluğumdur.\""
      }
    },
    {
      "id": 23,
      "idInBook": 23,
      "chapterId": 23,
      "bookId": 2,
      "arabic": "وَحَدَّثَنِيهِ أَبُو بَكْرِ بْنُ نَافِعٍ، حَدَّثَنَا غُنْدَرٌ، ح وَحَدَّثَنِي زُهَيْرُ بْنُ حَرْبٍ، حَدَّثَنَا عَبْدُ، الرَّحْمَنِ - يَعْنِي ابْنَ مَهْدِيٍّ - قَالاَ حَدَّثَنَا شُعْبَةُ، بِهَذَا الإِسْنَادِ ‏.‏ غَيْرَ أَنَّ فِي، حَدِيثِ غُنْدَرٍ ‏\n\"‏ وَمَنْ تَرَكَ كَلاًّ وَلِيتُهُ ‏\"‏ ‏.‏",
      "english": {
        "narrator": "",
        "text": "This hadith has been narrated on the authority of Shu'ba with the same chain of transmitters."
      },
      "turkish": {
        "narrator": "",
        "text": "Bu hadis, Şu'ba aracılığıyla aynı rivayet zinciriyle aktarılmıştır."
      }
    }
  ],
  "chapter": {
    "id": 23,
    "bookId": 2,
    "arabic": "كتاب الفرائض",
    "english": "The Book of the Rules of Inheritance"
  }
}