{
  "metadata": {
    "length": 31,
    "arabic": {
      "title": "صحيح مسلم",
      "author": "الإمام مسلم بن الحجاج القشيري النيسابوري",
      "introduction": "كتاب الوصية"
    },
    "english": {
      "title": "Sahih Muslim",
      "author": "Imam Muslim ibn al-Hajjaj al-Naysaburi",
      "introduction": "The Book of Wills"
    }
  },
  "hadiths": [
    {
      "id": 1,
      "idInBook": 1,
      "chapterId": 25,
      "bookId": 2,
      "arabic": "حَدَّثَنَا أَبُو خَيْثَمَةَ، زُهَيْرُ بْنُ حَرْبٍ وَمُحَمَّدُ بْنُ الْمُثَنَّى الْعَنَزِيُّ - وَاللَّفْظُ لاِبْنِ الْمُثَنَّى - قَالاَ حَدَّثَنَا يَحْيَى، - وَهُوَ ابْنُ سَعِيدٍ الْقَطَّانُ - عَنْ عُبَيْدِ اللَّهِ، أَخْبَرَنِي نَافِعٌ، عَنِ ابْنِ، عُمَرَ أَنَّ رَسُولَ اللَّهِ صلى الله عليه وسلم قَالَ ‏\n\"‏ مَا حَقُّ امْرِئٍ مُسْلِمٍ لَهُ شَىْءٌ يُرِيدُ أَنْ يُوصِيَ فِيهِ يَبِيتُ لَيْلَتَيْنِ إِلاَّ وَوَصِيَّتُهُ مَكْتُوبَةٌ عِنْدَهُ ‏\"‏ ‏.‏",
      "english": {
        "narrator": "Ibn Umar (Allah be pleased with them) reported Allah's Messenger (ﷺ) as saying:",
        "text": "It is the duty of a Muslim who has something which is to be given as a bequest not to have it for two nights without having his will written down regarding it."
      },
      "turkish": {
        "narrator": "Ibn Umar (Allah be pleased with them) reported Allah's Messenger (ﷺ) as saying:",
        "text": "İbn Ömer (Allah ondan razı olsun) Allah'ın Elçisi (ﷺ) şöyle dediğini bildirdi: Miras bırakacak bir şeyi olan bir Müslümanın, vasiyetini yazdırmadan iki gece geçirmesi doğru değildir."
      }
    },
    {
      "id": 2,
      "idInBook": 2,
      "chapterId": 25,
      "bookId": 2,
      "arabic": "وَحَدَّثَنَا أَبُو بَكْرِ بْنُ أَبِي شَيْبَةَ، حَدَّثَنَا عَبْدَةُ بْنُ سُلَيْمَانَ، وَعَبْدُ اللَّهِ بْنُ نُمَيْرٍ، ح وَحَدَّثَنَا ابْنُ نُمَيْرٍ، حَدَّثَنِي أَبِي كِلاَهُمَا، عَنْ عُبَيْدِ اللَّهِ، بِهَذَا الإِسْنَادِ غَيْرَ أَنَّهُمَا قَالاَ ‏\"‏ وَلَهُ شَىْءٌ يُوصِي فِيهِ ‏\"‏ ‏.‏ وَلَمْ يَقُولاَ ‏\"‏ يُرِيدُ أَنْ يُوصِيَ فِيهِ ‏\"‏ ‏.‏",
      "english": {
        "narrator": "",
        "text": "This hadith has been narrated on the authority of 'Ubaidullah with the same chain of transmitters. but with a slight variation of words."
      },
      "turkish": {
        "narrator": "",
        "text": "Bu hadisi 'Ubaidullah'ın aynı isnadıyla, ancak kelimelerde hafif bir farklılıkla nakledilmiştir."
      }
    },
    {
      "id": 3,
      "idInBook": 3,
      "chapterId": 25,
      "bookId": 2,
      "arabic": "وَحَدَّثَنَا أَبُو كَامِلٍ الْجَحْدَرِيُّ، حَدَّثَنَا حَمَّادٌ يَعْنِي ابْنَ زَيْدٍ، ح وَحَدَّثَنِي زُهَيْرُ بْنُ، حَرْبٍ حَدَّثَنَا إِسْمَاعِيلُ، - يَعْنِي ابْنَ عُلَيَّةَ - كِلاَهُمَا عَنْ أَيُّوبَ، ح وَحَدَّثَنِي أَبُو الطَّاهِرِ، أَخْبَرَنَا ابْنُ وَهْبٍ، أَخْبَرَنِي يُونُسُ، ح وَحَدَّثَنِي هَارُونُ بْنُ سَعِيدٍ الأَيْلِيُّ، حَدَّثَنَا ابْنُ وَهْبٍ، أَخْبَرَنِي أُسَامَةُ بْنُ زَيْدٍ اللَّيْثِيُّ، ح وَحَدَّثَنَا مُحَمَّدُ بْنُ رَافِعٍ، حَدَّثَنَا ابْنُ أَبِي فُدَيْكٍ، أَخْبَرَنَا هِشَامٌ، - يَعْنِي ابْنَ سَعْدٍ - كُلُّهُمْ عَنْ نَافِعٍ، عَنِ ابْنِ عُمَرَ، عَنِ النَّبِيِّ صلى الله عليه وسلم ‏.‏ بِمِثْلِ حَدِيثِ عُبَيْدِ اللَّهِ وَقَالُوا جَمِيعًا ‏\"‏ لَهُ شَىْءٌ يُوصِي فِيهِ ‏\"‏ ‏.‏ إِلاَّ فِي حَدِيثِ أَيُّوبَ فَإِنَّهُ قَالَ ‏\"‏ يُرِيدُ أَنْ يُوصِيَ فِيهِ ‏\"‏ ‏.‏ كَرِوَايَةِ يَحْيَى عَنْ عُبَيْدِ اللَّهِ ‏.‏",
      "english": {
        "narrator": "",
        "text": "A hadith like this have been narrated on the authority of Nafi', who based his narrations of the words of Ibn 'Umar but with a slight variation of words."
      },
      "turkish": {
        "narrator": "",
        "text": "Bu hadisi Nafi' üzerinden, İbn Ömer'in sözlerine dayalı olarak, ancak kelimelerde hafif bir farklılıkla nakledilmiştir."
      }
    },
    {
      "id": 4,
      "idInBook": 4,
      "chapterId": 25,
      "bookId": 2,
      "arabic": "حَدَّثَنَا هَارُونُ بْنُ مَعْرُوفٍ، حَدَّثَنَا عَبْدُ اللَّهِ بْنُ وَهْبٍ، أَخْبَرَنِي عَمْرٌو، - وَهْوَ ابْنُ الْحَارِثِ - عَنِ ابْنِ شِهَابٍ، عَنْ سَالِمٍ، عَنْ أَبِيهِ، أَنَّهُ سَمِعَ رَسُولَ اللَّهِ صلى الله عليه وسلم قَالَ ‏\n\"‏ مَا حَقُّ امْرِئٍ مُسْلِمٍ لَهُ شَىْءٌ يُوصِي فِيهِ يَبِيتُ ثَلاَثَ لَيَالٍ إِلاَّ وَوَصِيَّتُهُ عِنْدَهُ مَكْتُوبَةٌ ‏\"‏ ‏.‏ قَالَ عَبْدُ اللَّهِ بْنُ عُمَرَ مَا مَرَّتْ عَلَىَّ لَيْلَةٌ مُنْذُ سَمِعْتُ رَسُولَ اللَّهِ صلى الله عليه وسلم قَالَ ذَلِكَ إِلاَّ وَعِنْدِي وَصِيَّتِي ‏.‏",
      "english": {
        "narrator": "Salim reported on the authority of his father ('Abdullah b. Umar) that he (his father) had heard Allah's Messenger (ﷺ) as saying:",
        "text": "It is not proper for a Muslim who has got something to bequeathe to spend even three nights without having his will written down with him regarding it. 'Abdullah b. 'Umar (Allah be pleased with them) said: Ever since I heard Allah's Messenger (ﷺ) say this I have not spent a night without having my will (written) along with me."
      },
      "turkish": {
        "narrator": "Salim reported on the authority of his father ('Abdullah b. Umar) that he (his father) had heard Allah's Messenger (ﷺ) as saying:",
        "text": "Salim, babası Abdullah b. Ömer'den (Allah ondan razı olsun) şöyle aktardığını bildirdi: Allah'ın Elçisi (ﷺ) şöyle dedi: Miras bırakacak bir şeyi olan bir Müslümanın, vasiyetini yazdırmadan üç gece bile geçirmesi doğru değildir. Abdullah b. Ömer (Allah ondan razı olsun) dedi ki: Allah'ın Elçisi (ﷺ) bunu söylediğinden beri, vasiyetim yanımda olmadan bir gece bile geçirmedim."
      }
    },
    {
      "id": 5,
      "idInBook": 5,
      "chapterId": 25,
      "bookId": 2,
      "arabic": "وَحَدَّثَنِيهِ أَبُو الطَّاهِرِ، وَحَرْمَلَةُ، قَالاَ أَخْبَرَنَا ابْنُ وَهْبٍ، أَخْبَرَنِي يُونُسُ، ح وَحَدَّثَنِي عَبْدُ الْمَلِكِ بْنُ شُعَيْبِ بْنِ اللَّيْثِ، حَدَّثَنِي أَبِي، عَنْ جَدِّي، حَدَّثَنِي عُقَيْلٌ، ح وَحَدَّثَنَا ابْنُ أَبِي عُمَرَ، وَعَبْدُ بْنُ حُمَيْدٍ قَالاَ حَدَّثَنَا عَبْدُ الرَّزَّاقِ، أَخْبَرَنَا مَعْمَرٌ، كُلُّهُمْ عَنِ الزُّهْرِيِّ، بِهَذَا الإِسْنَادِ ‏.‏ نَحْوَ حَدِيثِ عَمْرِو بْنِ الْحَارِثِ ‏.‏",
      "english": {
        "narrator": "",
        "text": "This hadith has been narrated on the authority of Zuhri with the same chain of transmitters."
      },
      "turkish": {
        "narrator": "",
        "text": "Bu hadis, aynı isnatla Zuhri üzerinden nakledilmiştir."
      }
    },
    {
      "id": 6,
      "idInBook": 6,
      "chapterId": 25,
      "bookId": 2,
      "arabic": "حَدَّثَنَا يَحْيَى بْنُ يَحْيَى التَّمِيمِيُّ، أَخْبَرَنَا إِبْرَاهِيمُ بْنُ سَعْدٍ، عَنِ ابْنِ شِهَابٍ، عَنْ عَامِرِ بْنِ سَعْدٍ، عَنْ أَبِيهِ، قَالَ عَادَنِي رَسُولُ اللَّهِ صلى الله عليه وسلم فِي حَجَّةِ الْوَدَاعِ مِنْ وَجَعٍ أَشْفَيْتُ مِنْهُ عَلَى الْمَوْتِ فَقُلْتُ يَا رَسُولَ اللَّهِ بَلَغَنِي مَا تَرَى مِنَ الْوَجَعِ وَأَنَا ذُو مَالٍ وَلاَ يَرِثُنِي إِلاَّ ابْنَةٌ لِي وَاحِدَةٌ أَفَأَتَصَدَّقُ بِثُلُثَىْ مَالِي قَالَ ‏\"‏ لاَ ‏\"‏ ‏.‏ قَالَ قُلْتُ أَفَأَتَصَدَّقُ بِشَطْرِهِ قَالَ ‏\"‏ لاَ الثُّلُثُ وَالثُّلُثُ كَثِيرٌ إِنَّكَ أَنْ تَذَرَ وَرَثَتَكَ أَغْنِيَاءَ خَيْرٌ مِنْ أَنْ تَذَرَهُمْ عَالَةً يَتَكَفَّفُونَ النَّاسَ وَلَسْتَ تُنْفِقُ نَفَقَةً تَبْتَغِي بِهَا وَجْهَ اللَّهِ إِلاَّ أُجِرْتَ بِهَا حَتَّى اللُّقْمَةُ تَجْعَلُهَا فِي فِي امْرَأَتِكَ ‏\"‏ ‏.‏ قَالَ قُلْتُ يَا رَسُولَ اللَّهِ أُخَلَّفُ بَعْدَ أَصْحَابِي قَالَ ‏\"‏ إِنَّكَ لَنْ تُخَلَّفَ فَتَعْمَلَ عَمَلاً تَبْتَغِي بِهِ وَجْهَ اللَّهِ إِلاَّ ازْدَدْتَ بِهِ دَرَجَةً وَرِفْعَةً وَلَعَلَّكَ تُخَلَّفُ حَتَّى يُنْفَعَ بِكَ أَقْوَامٌ وَيُضَرَّ بِكَ آخَرُونَ اللَّهُمَّ أَمْضِ لأَصْحَابِي هِجْرَتَهُمْ وَلاَ تَرُدَّهُمْ عَلَى أَعْقَابِهِمْ لَكِنِ الْبَائِسُ سَعْدُ ابْنُ خَوْلَةَ ‏\"‏ ‏.‏ قَالَ رَثَى لَهُ رَسُولُ اللَّهِ صلى الله عليه وسلم مِنْ أَنْ تُوُفِّيَ بِمَكَّةَ ‏.‏",
      "english": {
        "narrator": "Amir b. Sa'd reported on the authority of his father (Sa'd b. Abi Waqqas):",
        "text": "Allah's Messenger (ﷺ) visited me in my illness which brought me near death in the year of Hajjat-ul-Wada' (Farewell Pilgrimage). I said: Allah's Messenger, you can well see the pain with which I am afflicted and I am a man possessing wealth, and there is none to inherit me except only one daughter. Should I give two-thirds of my property as Sadaqa? He said: No. I said: Should I give half (of my property) as Sadaqa? He said: No. He (further) said: Give one-third (in charity) and that is quite enough. To leave your heirs rich is better than to leave them poor, begging from people; that you would never incur an expense seeking therewith the pleasure of Allah, but you would be rewarded therefor, even for a morsel of food that you put in the mouth of your wife. I said: Allah's Messenger. would I survive my companions? He (the Holy Prophet) said: If you survive them, then do such a deed by means of which you seek the pleasure of Allah, but you would increase in your status (in religion) and prestige; you may survive so that people would benefit from you, and others would be harmed by you. (The Holy Prophet) further said: Allah, complete for my Companions their migration, and not cause them to turn back upon their heels. Sa'd b. Khaula is, however, unfortunate. Allah's Messenger (ﷺ) felt grief for him as he had died in Mecca."
      },
      "turkish": {
        "narrator": "Amir b. Sa'd reported on the authority of his father (Sa'd b. Abi Waqqas):",
        "text": "Amir b. Sa'd, babası Sa'd b. Ebi Vakkas'tan (Allah ondan razı olsun) şöyle bildirdi: Allah'ın Elçisi (ﷺ) beni, vefatımın yakın olduğu hastalığımda ziyaret etti. Dedim ki: Allah'ın Elçisi, çektiğim acıyı görebiliyorsunuz ve ben zengin bir adamım, mirasçım sadece bir kızım var. Malımın üçte birini sadaka olarak vermeli miyim? O, hayır dedi. Ben: Yarımını mı vermeliyim? O, hayır dedi. O (daha sonra) dedi ki: Üçte birini ver ve bu yeterlidir. Mirasçılarını zengin bırakmak, onları yoksul ve insanlardan dilenir halde bırakmaktan daha iyidir; Allah'ın rızasını kazanmak için yaptığın her harcama için mükafat alırsın, hatta eşinin ağzına koyduğun bir lokma yiyecek için bile. Dedim ki: Allah'ın Elçisi, arkadaşlarımı geride bırakacak mıyım? O (Kutsal Peygamber) dedi ki: Eğer onlardan sağ kalırsan, Allah'ın rızasını kazanmak için böyle bir iş yap; bu da senin dinî statünü ve prestijini artırır; sağ kalabilirsin ki insanlar senden faydalansın, başkaları ise senden zarar görsün. (Kutsal Peygamber) ayrıca dedi ki: Allah, arkadaşlarının hicretini tamamla ve onları geri döndürme. Ancak Sa'd b. Khaula talihsizdir. Allah'ın Elçisi (ﷺ) onun için üzüntü duydu, çünkü o Mekke'de vefat etmişti."
      }
    },
    {
      "id": 7,
      "idInBook": 7,
      "chapterId": 25,
      "bookId": 2,
      "arabic": "حَدَّثَنَا قُتَيْبَةُ بْنُ سَعِيدٍ، وَأَبُو بَكْرِ بْنُ أَبِي شَيْبَةَ قَالاَ حَدَّثَنَا سُفْيَانُ بْنُ عُيَيْنَةَ، ح وَحَدَّثَنِي أَبُو الطَّاهِرِ، وَحَرْمَلَةُ، قَالاَ أَخْبَرَنَا ابْنُ وَهْبٍ، أَخْبَرَنِي يُونُسُ، ح وَحَدَّثَنَا إِسْحَاقُ، بْنُ إِبْرَاهِيمَ وَعَبْدُ بْنُ حُمَيْدٍ قَالاَ أَخْبَرَنَا عَبْدُ الرَّزَّاقِ، أَخْبَرَنَا مَعْمَرٌ، كُلُّهُمْ عَنِ الزُّهْرِيِّ، بِهَذَا الإِسْنَادِ نَحْوَهُ ‏.‏",
      "english": {
        "narrator": "",
        "text": "This hadith is narrated on the authority of Zuhri with the same chain of transmitters."
      },
      "turkish": {
        "narrator": "",
        "text": "Bu hadis, aynı isnatla Zuhri üzerinden nakledilmiştir."
      }
    },
    {
      "id": 8,
      "idInBook": 8,
      "chapterId": 25,
      "bookId": 2,
      "arabic": "وَحَدَّثَنِي إِسْحَاقُ بْنُ مَنْصُورٍ، حَدَّثَنَا أَبُو دَاوُدَ الْحَفَرِيُّ، عَنْ سُفْيَانَ، عَنْ سَعْدِ بْنِ، إِبْرَاهِيمَ عَنْ عَامِرِ بْنِ سَعْدٍ، عَنْ سَعْدٍ، قَالَ دَخَلَ النَّبِيُّ صلى الله عليه وسلم عَلَىَّ يَعُودُنِي ‏.‏ فَذَكَرَ بِمَعْنَى حَدِيثِ الزُّهْرِيِّ وَلَمْ يَذْكُرْ قَوْلَ النَّبِيِّ صلى الله عليه وسلم فِي سَعْدِ ابْنِ خَوْلَةَ غَيْرَ أَنَّهُ قَالَ وَكَانَ يَكْرَهُ أَنْ يَمُوتَ بِالأَرْضِ الَّتِي هَاجَرَ مِنْهَا ‏.‏",
      "english": {
        "narrator": "'Amir b. Sa'd reported from S'ad (b. Abu Waqqas):",
        "text": "Allah's Apostle (ﷺ) visited me to inquire after my health, the rest of the hadith is the same as transmitted on the authority of Zuhri, but lie did not make mention of the words of Allah's Apostle (ﷺ) in regard to Sa'd b. Khaula except this that he said:\" He (the Holy Prophet) did not like death in the land from which lie had migrated.\""
      },
      "turkish": {
        "narrator": "'Amir b. Sa'd reported from S'ad (b. Abu Waqqas):",
        "text": "Amir b. Sa'd, Sa'd b. Ebi Vakkas'tan (Allah ondan razı olsun) şöyle bildirdi: Allah'ın Elçisi (ﷺ) sağlığımı sormak için beni ziyaret etti, hadisin geri kalanı Zuhri üzerinden nakledilenle aynıdır, ancak Sa'd b. Khaula hakkında Allah'ın Elçisi'nin (ﷺ) sözlerini anmadı, sadece şunu söyledi: \"O (Kutsal Peygamber) göç ettiği toprakta ölümü istemedi.\""
      }
    },
    {
      "id": 9,
      "idInBook": 9,
      "chapterId": 25,
      "bookId": 2,
      "arabic": "وَحَدَّثَنِي زُهَيْرُ بْنُ حَرْبٍ، حَدَّثَنَا الْحَسَنُ بْنُ مُوسَى، حَدَّثَنَا زُهَيْرٌ، حَدَّثَنَا سِمَاكُ، بْنُ حَرْبٍ حَدَّثَنِي مُصْعَبُ بْنُ سَعْدٍ، عَنْ أَبِيهِ، قَالَ مَرِضْتُ فَأَرْسَلْتُ إِلَى النَّبِيِّ صلى الله عليه وسلم فَقُلْتُ دَعْنِي أَقْسِمْ مَالِي حَيْثُ شِئْتُ فَأَبَى ‏.‏ قُلْتُ فَالنِّصْفُ فَأَبَى ‏.‏ قُلْتُ فَالثُّلُثُ قَالَ فَسَكَتَ بَعْدَ الثُّلُثِ ‏.‏ قَالَ فَكَانَ بَعْدُ الثُّلُثُ جَائِزًا ‏.‏",
      "english": {
        "narrator": "Mus'ab b. Sa'd reported on the authority of his father. I was ailing. I sent message to Allah's Apostle (ﷺ) saying:",
        "text": "Permit me to give away my property as I like. He refused. I (again) said: (Permit me) to give away half. He (again refused). I (again said): Then one-third. He (the Holy Prophet) observed silence after (I had asked permission to give away) one-third. He (the narrater) said: It was then that endowment of one-third became permissible."
      },
      "turkish": {
        "narrator": "Mus'ab b. Sa'd reported on the authority of his father. I was ailing. I sent message to Allah's Apostle (ﷺ) saying:",
        "text": "Mus'ab b. Sa'd, babasından şöyle aktardı: Hastaydım. Allah'ın Elçisi'ne (ﷺ) malımı istediğim gibi vermem için izin istedim. O, reddetti. Ben (tekrar) dedim: Yarım vermeme izin ver. O (tekrar) reddetti. Ben (tekrar dedim): O zaman üçte birini vermeme izin ver. O (Kutsal Peygamber) üçte bir vermek için izin istediğimde sessiz kaldı. O (rivayet eden) dedi ki: İşte o zaman üçte birin vakfı caiz hale geldi."
      }
    },
    {
      "id": 10,
      "idInBook": 10,
      "chapterId": 25,
      "bookId": 2,
      "arabic": "وَحَدَّثَنِي مُحَمَّدُ بْنُ الْمُثَنَّى، وَابْنُ، بَشَّارٍ قَالاَ حَدَّثَنَا مُحَمَّدُ بْنُ جَعْفَرٍ، حَدَّثَنَا شُعْبَةُ، عَنْ سِمَاكٍ، بِهَذَا الإِسْنَادِ نَحْوَهُ ‏.‏ وَلَمْ يَذْكُرْ فَكَانَ بَعْدُ الثُّلُثُ جَائِزًا ‏.‏",
      "english": {
        "narrator": "This hadith has been narrated on the authority of Simak with the same chain of transmitters. But he did not mention:",
        "text": "\" It was then that one-third became permissible.\""
      },
      "turkish": {
        "narrator": "This hadith has been narrated on the authority of Simak with the same chain of transmitters. But he did not mention:",
        "text": "Bu hadis, aynı isnatla Simak üzerinden nakledilmiştir. Ancak \"O zaman üçte birin caiz hale geldi\" ifadesini anmamıştır."
      }
    },
    {
      "id": 11,
      "idInBook": 11,
      "chapterId": 25,
      "bookId": 2,
      "arabic": "وَحَدَّثَنِي الْقَاسِمُ بْنُ زَكَرِيَّاءَ، حَدَّثَنَا حُسَيْنُ بْنُ عَلِيٍّ، عَنْ زَائِدَةَ، عَنْ عَبْدِ الْمَلِكِ، بْنِ عُمَيْرٍ عَنْ مُصْعَبِ بْنِ سَعْدٍ، عَنْ أَبِيهِ، قَالَ عَادَنِي النَّبِيُّ صلى الله عليه وسلم فَقُلْتُ أُوصِي بِمَالِي كُلِّهِ ‏.‏ قَالَ ‏\"‏ لاَ ‏\"‏ ‏.‏ قُلْتُ فَالنِّصْفُ ‏.‏ قَالَ ‏\"‏ لاَ ‏\"‏ ‏.‏ فَقُلْتُ أَبِالثُّلُثِ فَقَالَ ‏\"‏ نَعَمْ وَالثُّلُثُ كَثِيرٌ ‏\"‏ ‏.‏",
      "english": {
        "narrator": "Ibn Sa'd reported his father as saying:",
        "text": "Allah's Apostle (ﷺ) visited me during my illness. I said: I am willing away the whole of my property. He said: No. I said: Then half? He said: No. I said: Should I will away one-third? He said: Yes, and even one-third is enough."
      },
      "turkish": {
        "narrator": "Ibn Sa'd reported his father as saying:",
        "text": "İbn Sa'd, babasından şöyle aktardığını bildirdi: Allah'ın Elçisi (ﷺ) hastalığımda beni ziyaret etti. Dedim: Tüm malımı vasiyet ediyorum. O, hayır dedi. Ben: O zaman yarısını mı? O, hayır dedi. Ben: Üçte birini mi vasiyet edeyim? O, evet dedi ve hatta üçte biri yeterlidir."
      }
    },
    {
      "id": 12,
      "idInBook": 12,
      "chapterId": 25,
      "bookId": 2,
      "arabic": "حَدَّثَنَا مُحَمَّدُ بْنُ أَبِي عُمَرَ الْمَكِّيُّ، حَدَّثَنَا الثَّقَفِيُّ، عَنْ أَيُّوبَ السَّخْتِيَانِيِّ، عَنْ عَمْرِو، بْنِ سَعِيدٍ عَنْ حُمَيْدِ بْنِ عَبْدِ الرَّحْمَنِ الْحِمْيَرِيِّ، عَنْ ثَلاَثَةٍ، مِنْ وَلَدِ سَعْدٍ كُلُّهُمْ يُحَدِّثُهُ عَنْ أَبِيهِ، أَنَّ النَّبِيَّ صلى الله عليه وسلم دَخَلَ عَلَى سَعْدٍ يَعُودُهُ بِمَكَّةَ فَبَكَى قَالَ ‏\"‏ مَا يُبْكِيكَ ‏\"‏ ‏.‏ فَقَالَ قَدْ خَشِيتُ أَنْ أَمُوتَ بِالأَرْضِ الَّتِي هَاجَرْتُ مِنْهَا كَمَا مَاتَ سَعْدُ ابْنُ خَوْلَةَ ‏.‏ فَقَالَ النَّبِيُّ صلى الله عليه وسلم ‏\"‏ اللَّهُمَّ اشْفِ سَعْدًا اللَّهُمَّ اشْفِ سَعْدًا ‏\"‏ ‏.‏ ثَلاَثَ مِرَارٍ ‏.‏ قَالَ يَا رَسُولَ اللَّهِ إِنَّ لِي مَالاً كَثِيرًا وَإِنَّمَا يَرِثُنِي ابْنَتِي أَفَأُوصِي بِمَالِي كُلِّهِ قَالَ ‏\"‏ لاَ ‏\"‏ ‏.‏ قَالَ فَبِالثُّلُثَيْنِ قَالَ ‏\"‏ لاَ ‏\"‏ ‏.‏ قَالَ فَالنِّصْفُ قَالَ ‏\"‏ لاَ ‏\"‏ ‏.‏ قَالَ فَالثُّلُثُ قَالَ ‏\"‏ الثُّلُثُ وَالثُّلُثُ كَثِيرٌ إِنَّ صَدَقَتَكَ مِنْ مَالِكَ صَدَقَةٌ وَإِنَّ نَفَقَتَكَ عَلَى عِيَالِكَ صَدَقَةٌ وَإِنَّ مَا تَأْكُلُ امْرَأَتُكَ مِنْ مَالِكَ صَدَقَةٌ وَإِنَّكَ أَنْ تَدَعَ أَهْلَكَ بِخَيْرٍ - أَوْ قَالَ بِعَيْشٍ - خَيْرٌ مِنْ أَنْ تَدَعَهُمْ يَتَكَفَّفُونَ النَّاسَ ‏\"‏ ‏.‏ وَقَالَ بِيَدِهِ ‏.‏",
      "english": {
        "narrator": "Humaid b. 'Abd al-Rahman al-Himyari reported from three of the sons of Sa'd all of whom reported from their father that Allah's Apostle (ﷺ) visited Sa'd as he was ill in Mecca. He (Sa'd) wept. He (the Holy Prophet) said:",
        "text": "What makes you weep? He said: I am afraid I may die in the land from where I migrated as Sa'd b. Khaula had died. Thereupon Allah's Apostle (ﷺ) said: O Allah, grant health to Sa'd. O Allah, grant health to Sad. He repeated it three times. He (Sa'd) said: Allah's Messenger, I own a large property and I have only one daughter as my inheritor. Should I not will away the whole of my property? He (the Holy Prophet) said: No. He said: (Should I not will away, ) two-thirds of the property? he (the Holy Prophet) said: No. He (Sa'd) (again) said: (Should I not will away) half (of my property)? He said: No. He (Sa'd) said: Then one-third? Thereupon he (the Holy Prophet) said: (Yes), one-third, and one-third is quite substanial. And what you spend as charity from your property is Sadaqa and flour spending on your family is also Sadaqa, and what your wife eats from your property is also Sadaqa, and that you leave your heirs well off (or he said: prospreous) is better than to leave them (poor and) begging from people. He (the Holy Prophet) pointed this with his hands."
      },
      "turkish": {
        "narrator": "Humaid b. 'Abd al-Rahman al-Himyari reported from three of the sons of Sa'd all of whom reported from their father that Allah's Apostle (ﷺ) visited Sa'd as he was ill in Mecca. He (Sa'd) wept. He (the Holy Prophet) said:",
        "text": "Humaid b. Abd al-Rahman al-Himyari, Sa'd'ın üç oğlundan, hepsinin babalarından aktardığına göre, Allah'ın Elçisi (ﷺ) Sa'd'ı Mekke'de hastayken ziyaret etti. O (Sa'd) ağladı. O (Kutsal Peygamber) dedi ki: Seni ağlatan nedir? O dedi ki: Göç ettiğim toprakta Sa'd b. Khaula gibi ölmaktan korkuyorum. Bunun üzerine Allah'ın Elçisi (ﷺ) dedi ki: Ey Allah, Sa'd'a sağlık ver. Ey Allah, Sa'd'a sağlık ver. Bunu üç kez tekrar etti. O (Sa'd) dedi ki: Allah'ın Elçisi, büyük bir malım var ve sadece bir kızım mirasçım. Tüm malımı vasiyet etmemeli miyim? O (Kutsal Peygamber) dedi ki: Hayır. O dedi ki: (İki üçte birini vasiyet etmemeli miyim?) O (Kutsal Peygamber) dedi ki: Hayır. O (Sa'd) (tekrar) dedi ki: (Yarısını mı vasiyet etmemeliyim?) O dedi ki: Hayır. O (Sa'd) dedi ki: O zaman üçte bir? Bunun üzerine O (Kutsal Peygamber) dedi ki: (Evet), üçte bir ve üçte bir oldukça yeterlidir. Malından yaptığın her harcama sadakadır ve ailen için harcadığın yiyecek de sadakadır, eşinin malından yediği de sadakadır ve mirasçılarını iyi durumda bırakman (veya zengin bırakman) insanlardan dilenen yoksul bırakmaktan daha iyidir. O (Kutsal Peygamber) bunu elleriyle işaret etti."
      }
    },
    {
      "id": 13,
      "idInBook": 13,
      "chapterId": 25,
      "bookId": 2,
      "arabic": "وَحَدَّثَنِي أَبُو الرَّبِيعِ الْعَتَكِيُّ، حَدَّثَنَا حَمَّادٌ، حَدَّثَنَا أَيُّوبُ، عَنْ عَمْرِو بْنِ سَعِيدٍ، عَنْ حُمَيْدِ بْنِ عَبْدِ الرَّحْمَنِ الْحِمْيَرِيِّ، عَنْ ثَلاَثَةٍ، مِنْ وَلَدِ سَعْدٍ قَالُوا مَرِضَ سَعْدٌ بِمَكَّةَ فَأَتَاهُ رَسُولُ اللَّهِ صلى الله عليه وسلم يَعُودُهُ ‏.‏ بِنَحْوِ حَدِيثِ الثَّقَفِيِّ ‏.‏",
      "english": {
        "narrator": "Humaid b. Abd al-Rahmin al-Himayri reported on the authority of the three of the sons of Sa'd:",
        "text": "They said: Sa'd fell ill in Mecca. Allah's Messenger (ﷺ) visited him to inquire after his health. The rest of the hadith is the same."
      },
      "turkish": {
        "narrator": "Humaid b. Abd al-Rahmin al-Himayri reported on the authority of the three of the sons of Sa'd:",
        "text": "Humaid b. Abd al-Rahman, Sa'd'ın üç oğlunun aktardığına göre: Onlar dediler ki: Sa'd Mekke'de hastalandı. Allah'ın Elçisi (ﷺ) sağlığını sormak için onu ziyaret etti. Hadisin geri kalanı aynıdır."
      }
    },
    {
      "id": 14,
      "idInBook": 14,
      "chapterId": 25,
      "bookId": 2,
      "arabic": "وَحَدَّثَنِي مُحَمَّدُ بْنُ الْمُثَنَّى، حَدَّثَنَا عَبْدُ الأَعْلَى، حَدَّثَنَا هِشَامٌ، عَنْ مُحَمَّدٍ، عَنْ حُمَيْدِ، بْنِ عَبْدِ الرَّحْمَنِ حَدَّثَنِي ثَلاَثَةٌ، مِنْ وَلَدِ سَعْدِ بْنِ مَالِكٍ كُلُّهُمْ يُحَدِّثُنِيهِ بِمِثْلِ حَدِيثِ صَاحِبِهِ فَقَالَ مَرِضَ سَعْدٌ بِمَكَّةَ فَأَتَاهُ النَّبِيُّ صلى الله عليه وسلم يَعُودُهُ ‏.‏ بِمِثْلِ حَدِيثِ عَمْرِو بْنِ سَعِيدٍ عَنْ حُمَيْدٍ الْحِمْيَرِيِّ ‏.‏",
      "english": {
        "narrator": "Humaid b. Abd al-Rahman reported this hadith on the authority of three of Sa'd's sons:",
        "text": "Sa'd fell ill in Mecca and Allah's Apostle (ﷺ) visited him. The rest of the hadith is the same."
      },
      "turkish": {
        "narrator": "Humaid b. Abd al-Rahman reported this hadith on the authority of three of Sa'd's sons:",
        "text": "Humaid b. Abd al-Rahman, Sa'd'ın üç oğlunun aktardığına göre: Sa'd Mekke'de hastalandı ve Allah'ın Elçisi (ﷺ) onu ziyaret etti. Hadisin geri kalanı aynıdır."
      }
    },
    {
      "id": 15,
      "idInBook": 15,
      "chapterId": 25,
      "bookId": 2,
      "arabic": "حَدَّثَنِي إِبْرَاهِيمُ بْنُ مُوسَى الرَّازِيُّ، أَخْبَرَنَا عِيسَى يَعْنِي ابْنَ يُونُسَ، ح وَحَدَّثَنَا أَبُو بَكْرِ بْنُ أَبِي شَيْبَةَ، وَأَبُو كُرَيْبٍ قَالاَ حَدَّثَنَا وَكِيعٌ، ح وَحَدَّثَنَا أَبُو كُرَيْبٍ، حَدَّثَنَا ابْنُ نُمَيْرٍ، كُلُّهُمْ عَنْ هِشَامِ بْنِ عُرْوَةَ، عَنْ أَبِيهِ، عَنِ ابْنِ عَبَّاسٍ، قَالَ لَوْ أَنَّ النَّاسَ، غَضُّوا مِنَ الثُّلُثِ إِلَى الرُّبُعِ فَإِنَّ رَسُولَ اللَّهِ صلى الله عليه وسلم قَالَ ‏\"‏ الثُّلُثُ وَالثُّلُثُ كَثِيرٌ ‏\"‏ ‏.‏ وَفِي حَدِيثِ وَكِيعٍ ‏\"‏ كَبِيرٌ أَوْ كَثِيرٌ ‏\"‏ ‏.‏",
      "english": {
        "narrator": "Ibn 'Abbas (Allah be pleased with them) said:",
        "text": "(I wish) if people would reduce from third to fourth (part for making a will of their property), for Allah's Messenger (ﷺ) said: So far as the third (part) is concerned it is quite substantial. In the hadith transmitted on the authority of Waki (the words are)\" large\" or\" much\"."
      },
      "turkish": {
        "narrator": "Ibn 'Abbas (Allah be pleased with them) said:",
        "text": "İbn Abbas (Allah ondan razı olsun) dedi ki: (Keşke) insanlar vasiyetlerinde üçte birden dörde düşselerdi; çünkü Allah'ın Elçisi (ﷺ) dedi ki: Üçte bir, oldukça yeterlidir. Waki üzerinden nakledilen hadiste (kelimeler) \"büyük\" veya \"çok\" şeklindedir."
      }
    },
    {
      "id": 16,
      "idInBook": 16,
      "chapterId": 25,
      "bookId": 2,
      "arabic": "حَدَّثَنَا يَحْيَى بْنُ أَيُّوبَ، وَقُتَيْبَةُ بْنُ سَعِيدٍ، وَعَلِيُّ بْنُ حُجْرٍ، قَالُوا حَدَّثَنَا إِسْمَاعِيلُ، - وَهُوَ ابْنُ جَعْفَرٍ - عَنِ الْعَلاَءِ، عَنْ أَبِيهِ، عَنْ أَبِي هُرَيْرَةَ، أَنَّ رَجُلاً، قَالَ لِلنَّبِيِّ صلى الله عليه وسلم إِنَّ أَبِي مَاتَ وَتَرَكَ مَالاً وَلَمْ يُوصِ فَهَلْ يُكَفِّرُ عَنْهُ أَنْ أَتَصَدَّقَ عَنْهُ قَالَ ‏\n\"‏ نَعَمْ ‏\"‏ ‏.‏",
      "english": {
        "narrator": "Abu Huraira (Allah be pleased with him) reported that a person said to Allah's Apostle (ﷺ):",
        "text": "My father died and left behind property without making any will regarding it. Would he be relieved of the burden of his sins if I give sadaqa on his behalf? He (the Holy Prophet) said: Yes."
      },
      "turkish": {
        "narrator": "Abu Huraira (Allah be pleased with him) reported that a person said to Allah's Apostle (ﷺ):",
        "text": "Ebu Hureyre (Allah ondan razı olsun) rivayet etti ki, bir kişi Allah'ın Elçisi'ne (ﷺ) dedi ki: Babam vefat etti ve geride herhangi bir vasiyet bırakmadan mal bıraktı. Onun adına sadaka verirsem, günah yükünden kurtulmuş olur mu? O (Peygamber) dedi ki: Evet."
      }
    },
    {
      "id": 17,
      "idInBook": 17,
      "chapterId": 25,
      "bookId": 2,
      "arabic": "حَدَّثَنَا زُهَيْرُ بْنُ حَرْبٍ، حَدَّثَنَا يَحْيَى بْنُ سَعِيدٍ، عَنْ هِشَامِ بْنِ عُرْوَةَ، أَخْبَرَنِي أَبِي، عَنْ عَائِشَةَ، أَنَّ رَجُلاً، قَالَ لِلنَّبِيِّ صلى الله عليه وسلم إِنَّ أُمِّيَ افْتُلِتَتْ نَفْسُهَا وَإِنِّي أَظُنُّهَا لَوْ تَكَلَّمَتْ تَصَدَّقَتْ فَلِيَ أَجْرٌ أَنْ أَتَصَدَّقَ عَنْهَا قَالَ ‏\n\"‏ نَعَمْ ‏\"‏ ‏.‏",
      "english": {
        "narrator": "A'isha (Allah be pleased with her) reported that a man said to Allah's Apostle (ﷺ):",
        "text": "My mother died all of a sudden, and I think if she (could have the opportunity) to speak she would have (made a will) regarding Sadaqa'. Will I be entitled to reward if I give charity on her behalf? He (the Holy Prophet) said: Yes."
      },
      "turkish": {
        "narrator": "A'isha (Allah be pleased with her) reported that a man said to Allah's Apostle (ﷺ):",
        "text": "Aişe (Allah ondan razı olsun) rivayet etti ki, bir adam Allah'ın Elçisi'ne (ﷺ) dedi ki: Annem aniden vefat etti ve eğer konuşma fırsatı olsaydı, sadaka ile ilgili bir vasiyet bırakırdı. Onun adına hayırda bulunursam, sevap alacak mıyım? O (Peygamber) dedi ki: Evet."
      }
    },
    {
      "id": 18,
      "idInBook": 18,
      "chapterId": 25,
      "bookId": 2,
      "arabic": "حَدَّثَنَا مُحَمَّدُ بْنُ عَبْدِ اللَّهِ بْنِ نُمَيْرٍ، حَدَّثَنَا مُحَمَّدُ بْنُ بِشْرٍ، حَدَّثَنَا هِشَامٌ، عَنْ أَبِيهِ، عَنْ عَائِشَةَ، أَنَّ رَجُلاً، أَتَى النَّبِيَّ صلى الله عليه وسلم فَقَالَ يَا رَسُولَ اللَّهِ إِنَّ أُمِّيَ افْتُلِتَتْ نَفْسُهَا وَلَمْ تُوصِ وَأَظُنُّهَا لَوْ تَكَلَّمَتْ تَصَدَّقَتْ أَفَلَهَا أَجْرٌ إِنْ تَصَدَّقْتُ عَنْهَا قَالَ ‏\n\"‏ نَعَمْ ‏\"‏.",
      "english": {
        "narrator": "A'isha (Allah be pleased with her) reported that a man came to Allah's Apostle (ﷺ) and said:",
        "text": "Allah's Messenger, my mother died all of a sudden without making any will. I think if (she could have the opportunity) to speak she would have made a Sadaqa. Would there be any reward for her if I give charity on her behalf? He (the Holy Prophet) said: Yes."
      },
      "turkish": {
        "narrator": "A'isha (Allah be pleased with her) reported that a man came to Allah's Apostle (ﷺ) and said:",
        "text": "Aişe (Allah ondan razı olsun) rivayet etti ki, bir adam Allah'ın Elçisi'ne (ﷺ) geldi ve dedi ki: Allah'ın Elçisi, annem aniden vefat etti ve herhangi bir vasiyet bırakmadı. Eğer (konuşma fırsatı olsaydı) sadaka vermek için bir vasiyet bırakırdı. Onun adına hayırda bulunursam, ona bir sevap olacak mı? O (Peygamber) dedi ki: Evet."
      }
    },
    {
      "id": 19,
      "idInBook": 19,
      "chapterId": 25,
      "bookId": 2,
      "arabic": "وَحَدَّثَنَاهُ أَبُو كُرَيْبٍ، حَدَّثَنَا أَبُو أُسَامَةَ، ح وَحَدَّثَنِي الْحَكَمُ بْنُ مُوسَى، حَدَّثَنَا شُعَيْبُ، بْنُ إِسْحَاقَ ح وَحَدَّثَنِي أُمَيَّةُ بْنُ بِسْطَامَ، حَدَّثَنَا يَزِيدُ، - يَعْنِي ابْنَ زُرَيْعٍ - حَدَّثَنَا رَوْحٌ، - وَهُوَ ابْنُ الْقَاسِمِ - ح وَحَدَّثَنَا أَبُو بَكْرِ بْنُ أَبِي شَيْبَةَ، حَدَّثَنَا جَعْفَرُ بْنُ عَوْنٍ، كُلُّهُمْ عَنْ هِشَامِ بْنِ عُرْوَةَ، بِهَذَا الإِسْنَادِ أَمَّا أَبُو أُسَامَةَ وَرَوْحٌ فَفِي حَدِيثِهِمَا فَهَلْ لِي أَجْرٌ كَمَا قَالَ يَحْيَى بْنُ سَعِيدٍ ‏.‏ وَأَمَّا شُعَيْبٌ وَجَعْفَرٌ فَفِي حَدِيثِهِمَا أَفَلَهَا أَجْرٌ كَرِوَايَةِ ابْنِ بِشْرٍ ‏.‏",
      "english": {
        "narrator": "",
        "text": "This hadith has been narrated on the authority of Hisham b. 'Urwa with the same chain of transmitters."
      },
      "turkish": {
        "narrator": "",
        "text": "Bu hadis, Hişam b. Urve'nin rivayetiyle aynı nakil zinciri üzerinden aktarılmıştır."
      }
    },
    {
      "id": 20,
      "idInBook": 20,
      "chapterId": 25,
      "bookId": 2,
      "arabic": "حَدَّثَنَا يَحْيَى بْنُ أَيُّوبَ، وَقُتَيْبَةُ، - يَعْنِي ابْنَ سَعِيدٍ - وَابْنُ حُجْرٍ قَالُوا حَدَّثَنَا إِسْمَاعِيلُ، - هُوَ ابْنُ جَعْفَرٍ - عَنِ الْعَلاَءِ، عَنْ أَبِيهِ، عَنْ أَبِي هُرَيْرَةَ، أَنَّ رَسُولَ اللَّهِ صلى الله عليه وسلم قَالَ ‏\n\"‏ إِذَا مَاتَ الإِنْسَانُ انْقَطَعَ عَنْهُ عَمَلُهُ إِلاَّ مِنْ ثَلاَثَةٍ إِلاَّ مِنْ صَدَقَةٍ جَارِيَةٍ أَوْ عِلْمٍ يُنْتَفَعُ بِهِ أَوْ وَلَدٍ صَالِحٍ يَدْعُو لَهُ ‏\"‏ ‏.‏",
      "english": {
        "narrator": "Abu Huraira (Allah be pleased with him) reported Allah's Messenger (ﷺ) as saying:",
        "text": "When a man dies, his acts come to an end, but three, recurring charity, or knowledge (by which people) benefit, or a pious son, who prays for him (for the deceased)."
      },
      "turkish": {
        "narrator": "Abu Huraira (Allah be pleased with him) reported Allah's Messenger (ﷺ) as saying:",
        "text": "Ebu Hureyre (Allah ondan razı olsun) rivayet etti ki, Allah'ın Elçisi (ﷺ) şöyle buyurdu: Bir insan öldüğünde, amelleri sona erer, ancak üç şey dışında: sürekli sadaka, insanların faydalandığı ilim veya kendisi için dua eden salih bir evlat."
      }
    },
    {
      "id": 21,
      "idInBook": 21,
      "chapterId": 25,
      "bookId": 2,
      "arabic": "حَدَّثَنَا يَحْيَى بْنُ يَحْيَى التَّمِيمِيُّ، أَخْبَرَنَا سُلَيْمُ بْنُ أَخْضَرَ، عَنِ ابْنِ عَوْنٍ، عَنْ نَافِعٍ، عَنِ ابْنِ عُمَرَ، قَالَ أَصَابَ عُمَرُ أَرْضًا بِخَيْبَرَ فَأَتَى النَّبِيَّ صلى الله عليه وسلم يَسْتَأْمِرُهُ فِيهَا فَقَالَ يَا رَسُولَ اللَّهِ إِنِّي أَصَبْتُ أَرْضًا بِخَيْبَرَ لَمْ أُصِبْ مَالاً قَطُّ هُوَ أَنْفَسُ عِنْدِي مِنْهُ فَمَا تَأْمُرُنِي بِهِ قَالَ ‏\n\"‏ إِنْ شِئْتَ حَبَسْتَ أَصْلَهَا وَتَصَدَّقْتَ بِهَا ‏\"‏ ‏.‏ قَالَ فَتَصَدَّقَ بِهَا عُمَرُ أَنَّهُ لاَ يُبَاعُ أَصْلُهَا وَلاَ يُبْتَاعُ وَلاَ يُورَثُ وَلاَ يُوهَبُ ‏.‏ قَالَ فَتَصَدَّقَ عُمَرُ فِي الْفُقَرَاءِ وَفِي الْقُرْبَى وَفِي الرِّقَابِ وَفِي سَبِيلِ اللَّهِ وَابْنِ السَّبِيلِ وَالضَّيْفِ لاَ جُنَاحَ عَلَى مَنْ وَلِيَهَا أَنْ يَأْكُلَ مِنْهَا بِالْمَعْرُوفِ أَوْ يُطْعِمَ صَدِيقًا غَيْرَ مُتَمَوِّلٍ فِيهِ ‏.‏ قَالَ فَحَدَّثْتُ بِهَذَا الْحَدِيثِ مُحَمَّدًا فَلَمَّا بَلَغْتُ هَذَا الْمَكَانَ غَيْرَ مُتَمَوِّلٍ فِيهِ ‏.‏ قَالَ مُحَمَّدٌ غَيْرَ مُتَأَثِّلٍ مَالاً ‏.‏ قَالَ ابْنُ عَوْنٍ وَأَنْبَأَنِي مَنْ قَرَأَ هَذَا الْكِتَابَ أَنَّ فِيهِ غَيْرَ مُتَأَثِّلٍ مَالاً ‏.‏",
      "english": {
        "narrator": "Ibn Umar reported:",
        "text": "Umar acquired a land at Khaibar. He came to Allah's Apostle (ﷺ) and sought his advice in regard to it. He said: Allah's Messenger, I have acquired land in Khaibar. I have never acquired property more valuable for me than this, so what do you command me to do with it? Thereupon he (Allah's Apostle) said: If you like, you may keep the corpus intact and give its produce as Sadaqa. So 'Umar gave it as Sadaqa declaring that property must not be sold or inherited or given away as gift. And Umar devoted it to the poor, to the nearest kin, and to the emancipation of slaves, aired in the way of Allah and guests. There is no sin for one, who administers it if he eats something from it in a reasonable manner, or if he feeds his friends and does not hoard up goods (for himself). He (the narrator) said: I narrated this hadith to Muhammad, but as I reached the (words)\" without hoarding (for himself) out of it.\" he (Muhammad' said:\" without storing the property with a view to becoming rich.\" Ibn 'Aun said: He who read this book (pertaining to Waqf) informed me that in it (the words are)\" without storing the property with a view to becoming rich.\""
      },
      "turkish": {
        "narrator": "Ibn Umar reported:",
        "text": "İbn Ömer rivayet etti: Ömer, Hayber'den bir arazi satın aldı. Allah'ın Elçisi'ne (ﷺ) geldi ve bu konuda tavsiye istedi. Dedi ki: Allah'ın Elçisi, Hayber'de bir arazi satın aldım. Bu kadar değerli bir mülküm olmamıştı, bununla ne yapmamı emredersiniz? Bunun üzerine o (Allah'ın Elçisi) dedi ki: İstersen, mülkü sağlam tut ve ürününü sadaka olarak ver. Ömer de bunu sadaka olarak verdi ve mülkün satılmayacağını, miras alınmayacağını veya hediye edilmeyeceğini ilan etti. Ömer, onu fakirlere, yakın akrabalara, kölelerin azat edilmesine, Allah yolunda ve misafirlere tahsis etti. Eğer birisi ondan makul bir şekilde bir şey yerse veya arkadaşlarını doyurursa ve kendisi için mal biriktirmezse, onun için bir günah yoktur. O (rivayet eden) dedi ki: Bu hadisi Muhammed'e anlattım, ama \"kendisi için biriktirmeden\" kısmına geldiğimde, o (Muhammed) dedi ki: \"Zenginleşme amacıyla mal biriktirmeden.\" İbn Aun dedi ki: Bu kitabı (vakıf ile ilgili) okuyan bana bildirdi ki, içinde \"zenginleşme amacıyla mal biriktirmeden\" ifadeleri geçmektedir."
      }
    },
    {
      "id": 22,
      "idInBook": 22,
      "chapterId": 25,
      "bookId": 2,
      "arabic": "حَدَّثَنَاهُ أَبُو بَكْرِ بْنُ أَبِي شَيْبَةَ، حَدَّثَنَا ابْنُ أَبِي زَائِدَةَ، ح وَحَدَّثَنَا إِسْحَاقُ، أَخْبَرَنَا أَزْهَرُ السَّمَّانُ، ح وَحَدَّثَنَا مُحَمَّدُ بْنُ الْمُثَنَّى، حَدَّثَنَا ابْنُ أَبِي عَدِيٍّ، كُلُّهُمْ عَنِ ابْنِ عَوْنٍ، بِهَذَا الإِسْنَادِ ‏.‏ مِثْلَهُ غَيْرَ أَنَّ حَدِيثَ ابْنِ أَبِي زَائِدَةَ وَأَزْهَرَ انْتَهَى عِنْدَ قَوْلِهِ ‏\n\"‏ أَوْ يُطْعِمَ صَدِيقًا غَيْرَ مُتَمَوِّلٍ فِيهِ ‏\"‏ ‏.‏ وَلَمْ يُذْكَرْ مَا بَعْدَهُ ‏.‏ وَحَدِيثُ ابْنِ أَبِي عَدِيٍّ فِيهِ مَا ذَكَرَ سُلَيْمٌ قَوْلُهُ فَحَدَّثْتُ بِهَذَا الْحَدِيثِ مُحَمَّدًا ‏.‏ إِلَى آخِرِهِ ‏.‏",
      "english": {
        "narrator": "This hadith has been narrated on the authority of Ibn 'Aun with the same chain of transmitters up to the words:",
        "text": "\" Or he may feed the friend withoiut hoarding from it\" and he made no mention of what follows."
      },
      "turkish": {
        "narrator": "This hadith has been narrated on the authority of Ibn 'Aun with the same chain of transmitters up to the words:",
        "text": "Bu hadis, İbn Aun'un rivayetiyle aynı nakil zinciri üzerinden aktarılmıştır, ancak \"ve o, ondan biriktirmeden arkadaşını doyurabilir\" kısmından sonraki ifadeleri zikretmemiştir."
      }
    },
    {
      "id": 23,
      "idInBook": 23,
      "chapterId": 25,
      "bookId": 2,
      "arabic": "وَحَدَّثَنَا إِسْحَاقُ بْنُ إِبْرَاهِيمَ، حَدَّثَنَا أَبُو دَاوُدَ الْحَفَرِيُّ، عُمَرُ بْنُ سَعْدٍ عَنْ سُفْيَانَ، عَنِ ابْنِ عَوْنٍ، عَنْ نَافِعٍ، عَنِ ابْنِ عُمَرَ، عَنْ عُمَرَ، قَالَ أَصَبْتُ أَرْضًا مِنْ أَرْضِ خَيْبَرَ فَأَتَيْتُ رَسُولَ اللَّهِ صلى الله عليه وسلم فَقُلْتُ أَصَبْتُ أَرْضًا لَمْ أُصِبْ مَالاً أَحَبَّ إِلَىَّ وَلاَ أَنْفَسَ عِنْدِي مِنْهَا ‏.‏ وَسَاقَ الْحَدِيثَ بِمِثْلِ حَدِيثِهِمْ وَلَمْ يَذْكُرْ فَحَدَّثْتُ مُحَمَّدًا وَمَا بَعْدَهُ ‏.‏",
      "english": {
        "narrator": "'Umar reported:",
        "text": "I acquired land from the lands of Khaibar. I came to Allah's Messenger (ﷺ) and said: I have acquired a piece of land. Never have I acquired land more loved by me and more cherished by me than this. The rest of the hadith is the same, but he made no mention of this:\" I narrated it to Muhammad\" and what follows."
      },
      "turkish": {
        "narrator": "'Umar reported:",
        "text": "Ömer rivayet etti: Hayber topraklarından bir arazi aldım. Allah'ın Elçisi'ne (ﷺ) geldim ve dedim ki: Ben bir arazi aldım. Bu kadar sevdiğim ve değer verdiğim bir arazi olmamıştı. Hadisin geri kalanı aynıdır, ancak \"Muhammed'e anlattım\" ifadesini ve sonrasını zikretmemiştir."
      }
    },
    {
      "id": 24,
      "idInBook": 24,
      "chapterId": 25,
      "bookId": 2,
      "arabic": "حَدَّثَنَا يَحْيَى بْنُ يَحْيَى التَّمِيمِيُّ، أَخْبَرَنَا عَبْدُ الرَّحْمَنِ بْنُ مَهْدِيٍّ، عَنْ مَالِكِ بْنِ مِغْوَلٍ، عَنْ طَلْحَةَ بْنِ مُصَرِّفٍ، قَالَ سَأَلْتُ عَبْدَ اللَّهِ بْنَ أَبِي أَوْفَى هَلْ أَوْصَى رَسُولُ اللَّهِ صلى الله عليه وسلم فَقَالَ لاَ ‏.‏ قُلْتُ فَلِمَ كُتِبَ عَلَى الْمُسْلِمِينَ الْوَصِيَّةُ أَوْ فَلِمَ أُمِرُوا بِالْوَصِيَّةِ قَالَ أَوْصَى بِكِتَابِ اللَّهِ عَزَّ وَجَلَّ ‏.‏",
      "english": {
        "narrator": "Talha b. Musarrif reported:",
        "text": "I asked 'Abdullah b. Abu Aufa whether Allah's Messenger (ﷺ) had made any will (in regard to his property). He said: NO. I said: Then why has making of will been made necessary for the Muslims, or why were they commanded to make will? Thereupon he said: He made the will according to the Book of Allah, the Exalted and Majestic."
      },
      "turkish": {
        "narrator": "Talha b. Musarrif reported:",
        "text": "Talha b. Musarrif rivayet etti: Abdullah b. Ebu Aufa'ya Allah'ın Elçisi'nin (ﷺ) malı hakkında herhangi bir vasiyet yapıp yapmadığını sordum. O dedi ki: Hayır. Ben de dedim ki: O zaman Müslümanlar için neden vasiyet yapmak zorunlu kılındı veya neden onlara vasiyet yapmaları emredildi? Bunun üzerine o dedi ki: O, Allah'ın Kitabı'na, yüce ve aziz olanına göre vasiyet yaptı."
      }
    },
    {
      "id": 25,
      "idInBook": 25,
      "chapterId": 25,
      "bookId": 2,
      "arabic": "وَحَدَّثَنَاهُ أَبُو بَكْرِ بْنُ أَبِي شَيْبَةَ، حَدَّثَنَا وَكِيعٌ، ح وَحَدَّثَنَا ابْنُ نُمَيْرٍ، حَدَّثَنَا أَبِي، كِلاَهُمَا عَنْ مَالِكِ بْنِ مِغْوَلٍ، بِهَذَا الإِسْنَادِ ‏.‏ مِثْلَهُ غَيْرَ أَنَّ فِي حَدِيثِ وَكِيعٍ قُلْتُ فَكَيْفَ أُمِرَ النَّاسُ بِالْوَصِيَّةِ وَفِي حَدِيثِ ابْنِ نُمَيْرٍ قُلْتُ كَيْفَ كُتِبَ عَلَى الْمُسْلِمِينَ الْوَصِيَّةُ.",
      "english": {
        "narrator": "This hadith has been narrated on the authority of Malik b. Mighwal with the same chain of transmitters but with a slight variation of words. In the hadith related by Waki (the words are)\" I said:",
        "text": "How the people have been ordered about the will\" ; and in the hadith of Ibn Numair (the words are):\" How the will has been prescribed for the Muslims, '."
      },
      "turkish": {
        "narrator": "This hadith has been narrated on the authority of Malik b. Mighwal with the same chain of transmitters but with a slight variation of words. In the hadith related by Waki (the words are)\" I said:",
        "text": "Bu hadis, Malik b. Mighwal'ın rivayetiyle aynı nakil zinciri üzerinden aktarılmıştır, ancak kelimelerde hafif bir farklılık vardır. Vaki'nin rivayetinde \"İnsanlara vasiyet hakkında nasıl emredildi\" ifadeleri geçmektedir; İbn Numair'in rivayetinde ise \"Vasiyet Müslümanlar için nasıl farz kılındı\" ifadeleri geçmektedir."
      }
    },
    {
      "id": 26,
      "idInBook": 26,
      "chapterId": 25,
      "bookId": 2,
      "arabic": "حَدَّثَنَا أَبُو بَكْرِ بْنُ أَبِي شَيْبَةَ، حَدَّثَنَا عَبْدُ اللَّهِ بْنُ نُمَيْرٍ، وَأَبُو مُعَاوِيَةَ عَنِ الأَعْمَشِ، ح وَحَدَّثَنَا مُحَمَّدُ بْنُ عَبْدِ اللَّهِ بْنِ نُمَيْرٍ، حَدَّثَنَا أَبِي وَأَبُو مُعَاوِيَةَ قَالاَ حَدَّثَنَا الأَعْمَشُ، عَنْ أَبِي وَائِلٍ، عَنْ مَسْرُوقٍ، عَنْ عَائِشَةَ، قَالَتْ مَا تَرَكَ رَسُولُ اللَّهِ صلى الله عليه وسلم دِينَارًا وَلاَ دِرْهَمًا وَلاَ شَاةً وَلاَ بَعِيرًا وَلاَ أَوْصَى بِشَىْءٍ ‏.‏",
      "english": {
        "narrator": "A'isha reported:",
        "text": "Allah's Messenger (ﷺ) left neither dinar nor dirham (wealth in the form of cash), nor goats (and sheep), nor camels. And he made no will about anything (in regard to his material possessions, as he had none),"
      },
      "turkish": {
        "narrator": "A'isha reported:",
        "text": "Aişe rivayet etti: Allah'ın Elçisi (ﷺ) ne bir dinar ne de dirhem (nakit olarak), ne keçi (ve koyun), ne de deve bıraktı. Ve maddi mülkleri hakkında hiçbir vasiyet yapmadı, çünkü hiçbir şey yoktu."
      }
    },
    {
      "id": 27,
      "idInBook": 27,
      "chapterId": 25,
      "bookId": 2,
      "arabic": "وَحَدَّثَنَا زُهَيْرُ بْنُ حَرْبٍ، وَعُثْمَانُ بْنُ أَبِي شَيْبَةَ، وَإِسْحَاقُ بْنُ إِبْرَاهِيمَ، كُلُّهُمْ عَنْ جَرِيرٍ، ح وَحَدَّثَنَا عَلِيُّ بْنُ خَشْرَمٍ، أَخْبَرَنَا عِيسَى، - وَهُوَ ابْنُ يُونُسَ - جَمِيعًا عَنِ الأَعْمَشِ، بِهَذَا الإِسْنَادِ ‏.‏ مِثْلَهُ ‏.‏",
      "english": {
        "narrator": "",
        "text": "This hadith has been narrated on the authority of A'mash with the same chain of transmitters."
      },
      "turkish": {
        "narrator": "",
        "text": "Bu hadis, A'mash'ın rivayetiyle aynı nakil zinciri üzerinden aktarılmıştır."
      }
    },
    {
      "id": 28,
      "idInBook": 28,
      "chapterId": 25,
      "bookId": 2,
      "arabic": "وَحَدَّثَنَا يَحْيَى بْنُ يَحْيَى، وَأَبُو بَكْرِ بْنُ أَبِي شَيْبَةَ - وَاللَّفْظُ لِيَحْيَى - قَالَ أَخْبَرَنَا إِسْمَاعِيلُ ابْنُ عُلَيَّةَ، عَنِ ابْنِ عَوْنٍ، عَنْ إِبْرَاهِيمَ، عَنِ الأَسْوَدِ بْنِ يَزِيدَ، قَالَ ذَكَرُوا عِنْدَ عَائِشَةَ أَنَّ عَلِيًّا كَانَ وَصِيًّا فَقَالَتْ مَتَى أَوْصَى إِلَيْهِ فَقَدْ كُنْتُ مُسْنِدَتَهُ إِلَى صَدْرِي - أَوْ قَالَتْ حَجْرِي - فَدَعَا بِالطَّسْتِ فَلَقَدِ انْخَنَثَ فِي حَجْرِي وَمَا شَعَرْتُ أَنَّهُ مَاتَ فَمَتَى أَوْصَى إِلَيْهِ.",
      "english": {
        "narrator": "Aswad b. Yazid reported:",
        "text": "It was mentioned before A'isha that will had been made (by the Holy Prophet) in favour of 'Ali (as the Prophet's first caliph), whereupon she said: When did he make will in his favour? I had been providing support to him (to the Holy Prophet) with my chest (or with my lap). He asked for a tray, when he fell in my lap (relaxing his body), and I did not realise that he had breathed his last. When did he make any will in his ('Ali's) favour?"
      },
      "turkish": {
        "narrator": "Aswad b. Yazid reported:",
        "text": "Esved b. Yazid rivayet etti: Aişe'nin önünde, (Peygamber'in) Ali'ye (ilk halife olarak) vasiyet yaptığı söylenince, o dedi ki: O, ne zaman ona vasiyet yaptı? Ben ona (Peygamber'e) göğsümle (veya dizimle) destek oluyordum. O, bir tepsi istedi, benim kucağımda yattı (bedenini gevşeterek) ve onun son nefesini verdiğini fark etmedim. O, Ali'ye ne zaman vasiyet yaptı?"
      }
    },
    {
      "id": 29,
      "idInBook": 29,
      "chapterId": 25,
      "bookId": 2,
      "arabic": "حَدَّثَنَا سَعِيدُ بْنُ مَنْصُورٍ، وَقُتَيْبَةُ بْنُ سَعِيدٍ، وَأَبُو بَكْرِ بْنُ أَبِي شَيْبَةَ وَعَمْرٌو النَّاقِدُ - وَاللَّفْظُ لِسَعِيدٍ - قَالُوا حَدَّثَنَا سُفْيَانُ، عَنْ سُلَيْمَانَ الأَحْوَلِ، عَنْ سَعِيدِ بْنِ جُبَيْرٍ، قَالَ قَالَ ابْنُ عَبَّاسٍ يَوْمُ الْخَمِيسِ وَمَا يَوْمُ الْخَمِيسِ ثُمَّ بَكَى حَتَّى بَلَّ دَمْعُهُ الْحَصَى ‏.‏ فَقُلْتُ يَا ابْنَ عَبَّاسٍ وَمَا يَوْمُ الْخَمِيسِ قَالَ اشْتَدَّ بِرَسُولِ اللَّهِ صلى الله عليه وسلم وَجَعُهُ ‏.‏ فَقَالَ ‏\"‏ ائْتُونِي أَكْتُبْ لَكُمْ كِتَابًا لاَ تَضِلُّوا بَعْدِي ‏\"‏ ‏.‏ فَتَنَازَعُوا وَمَا يَنْبَغِي عِنْدَ نَبِيٍّ تَنَازُعٌ ‏.‏ وَقَالُوا مَا شَأْنُهُ أَهَجَرَ اسْتَفْهِمُوهُ ‏.‏ قَالَ ‏\"‏ دَعُونِي فَالَّذِي أَنَا فِيهِ خَيْرٌ أُوصِيكُمْ بِثَلاَثٍ أَخْرِجُوا الْمُشْرِكِينَ مِنْ جَزِيرَةِ الْعَرَبِ وَأَجِيزُوا الْوَفْدَ بِنَحْوِ مَا كُنْتُ أُجِيزُهُمْ ‏\"‏ ‏.‏ قَالَ وَسَكَتَ عَنِ الثَّالِثَةِ أَوْ قَالَهَا فَأُنْسِيتُهَا ‏.‏\n قَالَ أَبُو إِسْحَاقَ إِبْرَاهِيمُ حَدَّثَنَا الْحَسَنُ بْنُ بِشْرٍ، قَالَ حَدَّثَنَا سُفْيَانُ، بِهَذَا الْحَدِيثِ",
      "english": {
        "narrator": "Sa'id b. Jubair reported that Ibn 'Abbas said:",
        "text": "Thursday, (and then said): What is this Thursday? He then wept so much that his tears moistened the pebbles. I said: Ibn 'Abbas, what is (significant) about Thursday? He (Ibn 'Abbas) said: The illness of Allah's Messenger (ﷺ) took a serious turn (on this day), and he said: Come to me, so that I should write for you a document that you may not go astray after me. They (the Companions around him) disputed, and it is not meet to dispute in the presence of the Apostle. They said: How is lie (Allah's Apostle)? Has he lost his consciousness? Try to learn from him (this point). He (the Holy Prophet) said: Leave me. I am better in the state (than the one in which you are engaged). I make a will about three things: Turn out the polytheists from the territory of Arabia; show hospitality to the (foreign) delegations as I used to show them hospitality. He (the narrator) said: He (Ibn Abbas) kept silent on the third point, or he (the narrator) said: But I forgot that.\n\nThis hadith was mentioned through another chain."
      },
      "turkish": {
        "narrator": "Sa'id b. Jubair reported that Ibn 'Abbas said:",
        "text": "Sa'id b. Cubeyr, İbn Abbas'tan rivayet etti ki, o dedi: Perşembe, (sonra dedi): Bu Perşembe nedir? O zaman o kadar ağladı ki, gözyaşları taşları ıslattı. Ben dedim: İbn Abbas, Perşembe'nin önemi nedir? O (İbn Abbas) dedi: Allah'ın Elçisi'nin (ﷺ) hastalığı bu günde ciddileşti ve o dedi ki: Yanıma gelin ki, sizin için bir belge yazayım, böylece benden sonra sapıtmayasınız. Etrafındaki (Sahabeler) tartıştılar ve Peygamber'in huzurunda tartışmak uygun değildir. Dediler ki: O (Allah'ın Elçisi) nasıl? Bilincini kaybetti mi? Bu noktayı ondan öğrenmeye çalışın. O (Peygamber) dedi ki: Beni bırakın. Ben, içinde bulunduğunuz durumdan daha iyi bir durumdayım. Üç şey hakkında vasiyet ediyorum: Arap yarımadasından müşrikleri çıkarın; (yabancı) heyetlere, onlara gösterdiğim gibi misafirperverlik gösterin. O (rivayet eden) dedi ki: O (İbn Abbas) üçüncü noktada sessiz kaldı, ya da o (rivayet eden) dedi ki: Ama bunu unuttum."
      }
    },
    {
      "id": 30,
      "idInBook": 30,
      "chapterId": 25,
      "bookId": 2,
      "arabic": "حَدَّثَنَا إِسْحَاقُ بْنُ إِبْرَاهِيمَ، أَخْبَرَنَا وَكِيعٌ، عَنْ مَالِكِ بْنِ مِغْوَلٍ، عَنْ طَلْحَةَ بْنِ مُصَرِّفٍ، عَنْ سَعِيدِ بْنِ جُبَيْرٍ، عَنِ ابْنِ عَبَّاسٍ، أَنَّهُ قَالَ يَوْمُ الْخَمِيسِ وَمَا يَوْمُ الْخَمِيسِ ‏.‏ ثُمَّ جَعَلَ تَسِيلُ دُمُوعُهُ حَتَّى رَأَيْتُ عَلَى خَدَّيْهِ كَأَنَّهَا نِظَامُ اللُّؤْلُؤِ ‏.‏ قَالَ قَالَ رَسُولُ اللَّهِ صلى الله عليه وسلم ‏\n\"‏ ائْتُونِي بِالْكَتِفِ وَالدَّوَاةِ - أَوِ اللَّوْحِ وَالدَّوَاةِ - أَكْتُبْ لَكُمْ كِتَابًا لَنْ تَضِلُّوا بَعْدَهُ أَبَدًا ‏\"‏ ‏.‏ فَقَالُوا إِنَّ رَسُولَ اللَّهِ صلى الله عليه وسلم يَهْجُرُ ‏.‏",
      "english": {
        "narrator": "Sa'id b. Jubair reported from Ibn Abbas that he said:",
        "text": "Thursday, and what about Thursday? Then tears began to flow until I saw them on his cheeks as it they were the strings of pearls. He (the narrator) said that Allah's Messenger (ﷺ) said: Bring me a shoulder blade and ink-pot (or tablet and inkpot), so that I write for you a document (by following which) you would never go astray. They said: Allah's Messenger (may peace upon him) is in the state of unconsciousness."
      },
      "turkish": {
        "narrator": "Sa'id b. Jubair reported from Ibn Abbas that he said:",
        "text": "Bu hadis başka bir zincirle zikredilmiştir."
      }
    },
    {
      "id": 31,
      "idInBook": 31,
      "chapterId": 25,
      "bookId": 2,
      "arabic": "وَحَدَّثَنِي مُحَمَّدُ بْنُ رَافِعٍ، وَعَبْدُ بْنُ حُمَيْدٍ، - قَالَ عَبْدٌ أَخْبَرَنَا وَقَالَ ابْنُ رَافِعٍ، حَدَّثَنَا عَبْدُ الرَّزَّاقِ، - أَخْبَرَنَا مَعْمَرٌ، عَنِ الزُّهْرِيِّ، عَنْ عُبَيْدِ اللَّهِ بْنِ عَبْدِ اللَّهِ بْنِ عُتْبَةَ، عَنِ  ابْنِ عَبَّاسٍ، قَالَ لَمَّا حُضِرَ رَسُولُ اللَّهِ صلى الله عليه وسلم وَفِي الْبَيْتِ رِجَالٌ فِيهِمْ عُمَرُ بْنُ الْخَطَّابِ فَقَالَ النَّبِيُّ صلى الله عليه وسلم ‏\"‏ هَلُمَّ أَكْتُبْ لَكُمْ كِتَابًا لاَ تَضِلُّونَ بَعْدَهُ ‏\"‏ ‏.‏ فَقَالَ عُمَرُ إِنَّ رَسُولَ اللَّهِ صلى الله عليه وسلم قَدْ غَلَبَ عَلَيْهِ الْوَجَعُ وَعِنْدَكُمُ الْقُرْآنُ حَسْبُنَا كِتَابُ اللَّهِ ‏.‏ فَاخْتَلَفَ أَهْلُ الْبَيْتِ فَاخْتَصَمُوا فَمِنْهُمْ مَنْ يَقُولُ قَرِّبُوا يَكْتُبْ لَكُمْ رَسُولُ اللَّهِ صلى الله عليه وسلم كِتَابًا لَنْ تَضِلُّوا بَعْدَهُ ‏.‏ وَمِنْهُمْ مَنْ يَقُولُ مَا قَالَ عُمَرُ ‏.‏ فَلَمَّا أَكْثَرُوا اللَّغْوَ وَالاِخْتِلاَفَ عِنْدَ رَسُولِ اللَّهِ صلى الله عليه وسلم قَالَ رَسُولُ اللَّهِ صلى الله عليه وسلم ‏\"‏ قُومُوا ‏\"‏ ‏.‏ قَالَ عُبَيْدُ اللَّهِ فَكَانَ ابْنُ عَبَّاسٍ يَقُولُ إِنَّ الرَّزِيَّةَ كُلَّ الرَّزِيَّةِ مَا حَالَ بَيْنَ رَسُولِ اللَّهِ صلى الله عليه وسلم وَبَيْنَ أَنْ يَكْتُبَ لَهُمْ ذَلِكَ الْكِتَابَ مِنِ اخْتِلاَفِهِمْ وَلَغَطِهِمْ ‏.‏",
      "english": {
        "narrator": "Ibn Abbas reported:",
        "text": "When Allah's Messenger (ﷺ) was about to leave this world, there were persons (around him) in his house, 'Umar b. al-Kbattab being one of them. Allah's Apostle (ﷺ) said: Come, I may write for you a document; you would not go astray after that. Thereupon Umar said: Verily Allah's Messenger (ﷺ) is deeply afflicted with pain. You have the Qur'an with you. The Book of Allah is sufficient for us. Those who were present in the house differed. Some of them said: Bring him (the writing material) so that Allah's Messenger (ﷺ) may write a document for you and you would never go astray after him And some among them said what 'Umar had (already) said. When they indulged in nonsense and began to dispute in the presence of Allah's Messenger (ﷺ), he said: Get up (and go away) 'Ubaidullah said: Ibn Abbas used to say: There was a heavy loss, indeed a heavy loss, that, due to their dispute and noise. Allah's Messenger (ﷺ) could not write (or dictate) the document for them."
      },
      "turkish": {
        "narrator": "Ibn Abbas reported:",
        "text": "İbn Abbas rivayet etti: Allah'ın Elçisi (ﷺ) bu dünyadan ayrılmak üzereyken, evinde bazı kişiler vardı; bunlardan biri de Ömer b. Hattab'dı. Allah'ın Elçisi (ﷺ) dedi ki: Gelin, sizin için bir belge yazayım; ondan sonra asla sapıtmayacaksınız. Bunun üzerine Ömer dedi ki: Şüphesiz Allah'ın Elçisi (ﷺ) derin bir acı içindedir. Yanınızda Kur'an var. Allah'ın Kitabı bizim için yeterlidir. Evde bulunanlar arasında tartışma çıktı. Bazıları: Onu (yazı malzemesini) getirin ki Allah'ın Elçisi (ﷺ) sizin için bir belge yazsın ve ondan sonra asla sapıtmayasınız, dedi. Diğerleri ise Ömer'in (zaten) söylediği şeyi dile getirdi. Onlar boş laflara daldıklarında ve Allah'ın Elçisi (ﷺ) huzurunda tartışmaya başladıklarında, o: Kalkın (ve gidin) dedi. Ubeydullah dedi ki: İbn Abbas derdi ki: Gerçekten büyük bir kayıp oldu, gerçekten büyük bir kayıp oldu ki, onların tartışması ve gürültüsü yüzünden Allah'ın Elçisi (ﷺ) onlara belge yazamadı (veya dikte edemedi)."
      }
    }
  ],
  "chapter": {
    "id": 25,
    "bookId": 2,
    "arabic": "كتاب الوصية",
    "english": "The Book of Wills"
  }
}