{
  "metadata": {
    "length": 20,
    "arabic": {
      "title": "صحيح مسلم",
      "author": "الإمام مسلم بن الحجاج القشيري النيسابوري",
      "introduction": "كتاب اللقطة"
    },
    "english": {
      "title": "Sahih Muslim",
      "author": "Imam Muslim ibn al-Hajjaj al-Naysaburi",
      "introduction": "The Book of Lost Property"
    }
  },
  "hadiths": [
    {
      "id": 1,
      "idInBook": 1,
      "chapterId": 31,
      "bookId": 2,
      "arabic": "حَدَّثَنَا يَحْيَى بْنُ يَحْيَى التَّمِيمِيُّ، قَالَ قَرَأْتُ عَلَى مَالِكٍ عَنْ رَبِيعَةَ بْنِ أَبِي عَبْدِ، الرَّحْمَنِ عَنْ يَزِيدَ، مَوْلَى الْمُنْبَعِثِ عَنْ زَيْدِ بْنِ خَالِدٍ الْجُهَنِيِّ، أَنَّهُ قَالَ جَاءَ رَجُلٌ إِلَى النَّبِيِّ صلى الله عليه وسلم فَسَأَلَهُ عَنِ اللُّقَطَةِ فَقَالَ ‏\"‏ اعْرِفْ عِفَاصَهَا وَوِكَاءَهَا ثُمَّ عَرِّفْهَا سَنَةً فَإِنْ جَاءَ صَاحِبُهَا وَإِلاَّ فَشَأْنَكَ بِهَا ‏\"‏ ‏.‏ قَالَ فَضَالَّةُ الْغَنَمِ قَالَ ‏\"‏ لَكَ أَوْ لأَخِيكَ أَوْ لِلذِّئْبِ ‏\"‏ ‏.‏ قَالَ فَضَالَّةُ الإِبِلِ قَالَ ‏\"‏ مَا لَكَ وَلَهَا مَعَهَا سِقَاؤُهَا وَحِذَاؤُهَا تَرِدُ الْمَاءَ وَتَأْكُلُ الشَّجَرَ حَتَّى يَلْقَاهَا رَبُّهَا ‏\"‏ ‏.‏ قَالَ يَحْيَى أَحْسِبُ قَرَأْتُ عِفَاصَهَا",
      "english": {
        "narrator": "Zaid b. Khalid al-Juhani reported:",
        "text": "A man came to Allah's Apostle (ﷺ) and asked him about picking up of stray articles. He said: Recognise (well) its bag and the strap (by which it is tied) then make announcement of that for a year. If its owner comes (within this time return that to him), otherwise it is yours. He (again) said: (What about) the lost goat? Thereupon he (the Holy Prophet) said: It is yours or for your brother, or for the wolf. He said: (What about) the lost camel? Thereupon he said: You have nothing to do with it; it has a leather bag along with it, and its shoes also. It comes to the watering-place, eats (the leaves of the) trees until its master finds him."
      },
      "turkish": {
        "narrator": "Zaid b. Khalid al-Juhani reported:",
        "text": "Zaid b. Khalid el-Cuheni bildirdi: Bir adam Allah'ın Elçisi'ne (ﷺ) kaybolmuş eşyaların toplanması hakkında sordu. O da: Onun çantasını ve bağlı olduğu ipi iyi tanı, sonra onu bir yıl boyunca duyur, eğer sahibi bu süre içinde gelirse (ona iade et), aksi takdirde o senindir, dedi. Adam tekrar sordu: Kaybolmuş keçi ne olacak? Bunun üzerine o (Kutsal Peygamber) dedi: O senindir veya kardeşinindir, ya da kurdun. Adam tekrar sordu: Kaybolmuş deve ne olacak? Bunun üzerine o dedi: Onunla hiçbir işin yok; onunla birlikte bir deri çanta ve ayakkabıları var. Su içmeye gelir, ağaçların yapraklarını yer, ta ki sahibi onu bulana kadar."
      }
    },
    {
      "id": 2,
      "idInBook": 2,
      "chapterId": 31,
      "bookId": 2,
      "arabic": "وَحَدَّثَنَا يَحْيَى بْنُ أَيُّوبَ، وَقُتَيْبَةُ، وَابْنُ، حُجْرٍ قَالَ ابْنُ حُجْرٍ أَخْبَرَنَا وَقَالَ الآخَرَانِ، حَدَّثَنَا إِسْمَاعِيلُ، - وَهْوَ ابْنُ جَعْفَرٍ - عَنْ رَبِيعَةَ بْنِ أَبِي عَبْدِ الرَّحْمَنِ، عَنْ يَزِيدَ، مَوْلَى الْمُنْبَعِثِ عَنْ زَيْدِ بْنِ خَالِدٍ الْجُهَنِيِّ، أَنَّ رَجُلاً، سَأَلَ رَسُولَ اللَّهِ صلى الله عليه وسلم عَنِ اللُّقَطَةِ فَقَالَ ‏\"‏ عَرِّفْهَا سَنَةً ثُمَّ اعْرِفْ وِكَاءَهَا وَعِفَاصَهَا ثُمَّ اسْتَنْفِقْ بِهَا فَإِنْ جَاءَ رَبُّهَا فَأَدِّهَا إِلَيْهِ ‏\"‏ ‏.‏ فَقَالَ يَا رَسُولَ اللَّهِ فَضَالَّةُ الْغَنَمِ قَالَ ‏\"‏ خُذْهَا فَإِنَّمَا هِيَ لَكَ أَوْ لأَخِيكَ أَوْ لِلذِّئْبِ ‏\"‏ ‏.‏ فَقَالَ يَا رَسُولَ اللَّهِ فَضَالَّةُ الإِبِلِ قَالَ فَغَضِبَ رَسُولُ اللَّهِ صلى الله عليه وسلم حَتَّى احْمَرَّتْ وَجْنَتَاهُ - أَوِ احْمَرَّ وَجْهُهُ - ثُمَّ قَالَ ‏\"‏ مَا لَكَ وَلَهَا مَعَهَا حِذَاؤُهَا وَسِقَاؤُهَا حَتَّى يَلْقَاهَا رَبُّهَا ‏\"‏ ‏.‏",
      "english": {
        "narrator": "Zaid b. Khalid al-Juhani reported that a person asked Allah's Apostle (ﷺ) about picking up of stray articles, whereupon he said:",
        "text": "Make announcement about it for a year, and recognise well the strap and the bag (containing that) ; then spend that; and if its owner comes, make him the payment of that. He (the inquirer) said: Messenger of Allah, what about the lost goat? he said: Take it, for that is yours or for your brother, or for the wolf. He (again) said: (What about) the lost camel? The Messenger of Allah (ﷺ) was enraged until his cheeks became red (or his face became red) and then said: You have nothing to do about that; it has feet and a leather bag (to quench its thirst) until its owner finds it."
      },
      "turkish": {
        "narrator": "Zaid b. Khalid al-Juhani reported that a person asked Allah's Apostle (ﷺ) about picking up of stray articles, whereupon he said:",
        "text": "Zaid b. Khalid el-Cuheni bildirdi ki, bir kişi Allah'ın Elçisi'ne (ﷺ) kaybolmuş eşyaların toplanması hakkında sordu, bunun üzerine o dedi: Onu bir yıl boyunca duyur, çantayı ve (içindeki) ipi iyi tanı; sonra onu harca; eğer sahibi gelirse, ona bunun bedelini öde. Adam sordu: Allah'ın Elçisi, kaybolmuş keçi ne olacak? O da: Al, çünkü o senindir veya kardeşinindir, ya da kurdun. Adam tekrar sordu: Kaybolmuş deve ne olacak? Allah'ın Elçisi (ﷺ) öyle bir öfkelendi ki, yanakları kızardı (ya da yüzü kızardı) ve sonra dedi: Onunla hiçbir işin yok; onun ayakları ve su içmek için bir deri çantası var, ta ki sahibi onu bulana kadar."
      }
    },
    {
      "id": 3,
      "idInBook": 3,
      "chapterId": 31,
      "bookId": 2,
      "arabic": "وَحَدَّثَنِي أَبُو الطَّاهِرِ، أَخْبَرَنَا عَبْدُ اللَّهِ بْنُ وَهْبٍ، أَخْبَرَنِي سُفْيَانُ الثَّوْرِيُّ، وَمَالِكُ، بْنُ أَنَسٍ وَعَمْرُو بْنُ الْحَارِثِ وَغَيْرُهُمْ أَنَّ رَبِيعَةَ بْنَ أَبِي عَبْدِ الرَّحْمَنِ، حَدَّثَهُمْ بِهَذَا الإِسْنَادِ، مِثْلَ حَدِيثِ مَالِكٍ غَيْرَ أَنَّهُ زَادَ قَالَ أَتَى رَجُلٌ رَسُولَ اللَّهِ صلى الله عليه وسلم وَأَنَا مَعَهُ فَسَأَلَهُ عَنِ اللُّقَطَةِ ‏.‏ قَالَ وَقَالَ عَمْرٌو فِي الْحَدِيثِ ‏\n\"‏ فَإِذَا لَمْ يَأْتِ لَهَا طَالِبٌ فَاسْتَنْفِقْهَا ‏\"‏ ‏.‏",
      "english": {
        "narrator": "This hadith has been narrated on the authority of Rabi'a b. Abu Abd al-Rahman with the same chain of transmitters but with this addition:",
        "text": "\" There came a person to Allah's Messenger (ﷺ) while I was with him, and he asked him about picking up of a stray article, and he said: When none comes to demand it, then spend that.\""
      },
      "turkish": {
        "narrator": "This hadith has been narrated on the authority of Rabi'a b. Abu Abd al-Rahman with the same chain of transmitters but with this addition:",
        "text": "Bu hadis, Rabi'a b. Ebu Abd al-Rahman'dan aynı nakil zinciriyle ancak şu eklemeyle rivayet edilmiştir: \"Ben onunla birlikteyken, Allah'ın Elçisi'ne (ﷺ) bir kişi geldi ve kaybolmuş bir eşya hakkında sordu, o da dedi: Hiç kimse talep etmediğinde, o zaman onu harca.\""
      }
    },
    {
      "id": 4,
      "idInBook": 4,
      "chapterId": 31,
      "bookId": 2,
      "arabic": "وَحَدَّثَنِي أَحْمَدُ بْنُ عُثْمَانَ بْنِ حَكِيمٍ الأَوْدِيُّ، حَدَّثَنَا خَالِدُ بْنُ مَخْلَدٍ، حَدَّثَنِي سُلَيْمَانُ، - وَهُوَ ابْنُ بِلاَلٍ - عَنْ رَبِيعَةَ بْنِ أَبِي عَبْدِ الرَّحْمَنِ، عَنْ يَزِيدَ، مَوْلَى الْمُنْبَعِثِ قَالَ سَمِعْتُ زَيْدَ بْنَ خَالِدٍ الْجُهَنِيَّ، يَقُولُ أَتَى رَجُلٌ رَسُولَ اللَّهِ صلى الله عليه وسلم ‏.‏ فَذَكَرَ نَحْوَ حَدِيثِ إِسْمَاعِيلَ بْنِ جَعْفَرٍ ‏.‏ غَيْرَ أَنَّهُ قَالَ فَاحْمَارَّ وَجْهُهُ وَجَبِينُهُ وَغَضِبَ ‏.‏ وَزَادَ بَعْدَ قَوْلِهِ ‏\"‏ ثُمَّ عَرِّفْهَا سَنَةً ‏\"‏ ‏.‏ ‏\"‏ فَإِنْ لَمْ يَجِئْ صَاحِبُهَا كَانَتْ وَدِيعَةً عِنْدَكَ ‏\"‏ ‏.‏",
      "english": {
        "narrator": "Zaid b. Khalid al-Juhani reported. There came to Allah's Messenger (ﷺ) a person, the rest of the hadith is the same but with the variation (of these words):",
        "text": "His face became red, his forehead too, and he felt annoyed; and made an addition after the words: He should make announcement of that for a year, and if its owner does not turn up, then it is a trust with you."
      },
      "turkish": {
        "narrator": "Zaid b. Khalid al-Juhani reported. There came to Allah's Messenger (ﷺ) a person, the rest of the hadith is the same but with the variation (of these words):",
        "text": "Zaid b. Khalid el-Cuheni bildirdi. Allah'ın Elçisi'ne (ﷺ) bir kişi geldi, hadisin geri kalanı aynıdır ancak şu kelimelerle farklılık gösterir: Yüzü kızardı, alnı da, ve rahatsız oldu; ve şu eklemeyi yaptı: Onu bir yıl boyunca duyurmalı, eğer sahibi gelmezse, o senin emanetindir."
      }
    },
    {
      "id": 5,
      "idInBook": 5,
      "chapterId": 31,
      "bookId": 2,
      "arabic": "حَدَّثَنَا عَبْدُ اللَّهِ بْنُ مَسْلَمَةَ بْنِ قَعْنَبٍ، حَدَّثَنَا سُلَيْمَانُ، - يَعْنِي ابْنَ بِلاَلٍ - عَنْ يَحْيَى بْنِ سَعِيدٍ، عَنْ يَزِيدَ، مَوْلَى الْمُنْبَعِثِ أَنَّهُ سَمِعَ زَيْدَ بْنَ خَالِدٍ الْجُهَنِيَّ، صَاحِبَ رَسُولِ اللَّهِ صلى الله عليه وسلم يَقُولُ سُئِلَ رَسُولُ اللَّهِ صلى الله عليه وسلم عَنِ اللُّقَطَةِ الذَّهَبِ أَوِ الْوَرِقِ فَقَالَ ‏\"‏ اعْرِفْ وِكَاءَهَا وَعِفَاصَهَا ثُمَّ عَرِّفْهَا سَنَةً فَإِنْ لَمْ تَعْرِفْ فَاسْتَنْفِقْهَا وَلْتَكُنْ وَدِيعَةً عِنْدَكَ فَإِنْ جَاءَ طَالِبُهَا يَوْمًا مِنَ الدَّهْرِ فَأَدِّهَا إِلَيْهِ ‏\"‏ ‏.‏ وَسَأَلَهُ عَنْ ضَالَّةِ الإِبِلِ فَقَالَ ‏\"‏ مَا لَكَ وَلَهَا دَعْهَا فَإِنَّ مَعَهَا حِذَاءَهَا وَسِقَاءَهَا تَرِدُ الْمَاءَ وَتَأْكُلُ الشَّجَرَ حَتَّى يَجِدَهَا رَبُّهَا ‏\"‏ ‏.‏ وَسَأَلَهُ عَنِ الشَّاةِ فَقَالَ ‏\"‏ خُذْهَا فَإِنَّمَا هِيَ لَكَ أَوْ لأَخِيكَ أَوْ لِلذِّئْبِ ‏\"‏ ‏.‏",
      "english": {
        "narrator": "Zaid b. Khalid al-Juhani, the Companion ot Allah's Messenger (ﷺ), said that Allah's Messenger (ﷺ) was asked about the picking up of stray gold or silver, whereupon he said:",
        "text": "Recognise well the strap and the bag (containing) that and then make an announcement regarding that for one year, but if none recognises it, then spend that and it would be a trust with you; and if someone comes one day to make demand of that, then pay that to him. He (the inquirer) asked about the lost camel, whereupon he said: You have nothing to do with that. Leave that alone, for it has feet and also a leather bag, it drinks water, and eats (the leaves) of the trees. He asked him about sheep, whereupon he said: Take it, it is for you, or for your brother, or for the wolf."
      },
      "turkish": {
        "narrator": "Zaid b. Khalid al-Juhani, the Companion ot Allah's Messenger (ﷺ), said that Allah's Messenger (ﷺ) was asked about the picking up of stray gold or silver, whereupon he said:",
        "text": "Zaid b. Khalid el-Cuheni, Allah'ın Elçisi'nin (ﷺ) kaybolmuş altın veya gümüş eşyaların toplanması hakkında sorulduğunu, bunun üzerine o da dedi: Onun ipini ve çantasını iyi tanı, sonra onu bir yıl boyunca duyur, ama eğer kimse tanımazsa, o zaman onu harca, o senin emanetindir; ve eğer bir gün biri gelip bunu talep ederse, ona bunu öde. Adam kaybolmuş deve hakkında sordu, bunun üzerine o dedi: Onunla hiçbir işin yok. Bırak onu, çünkü onun ayakları ve bir deri çantası var, su içer ve ağaçların yapraklarını yer. Adam koyun hakkında sordu, bunun üzerine o dedi: Al, o senindir veya kardeşinindir, ya da kurdun."
      }
    },
    {
      "id": 6,
      "idInBook": 6,
      "chapterId": 31,
      "bookId": 2,
      "arabic": "وَحَدَّثَنِي إِسْحَاقُ بْنُ مَنْصُورٍ، أَخْبَرَنَا حَبَّانُ بْنُ هِلاَلٍ، حَدَّثَنَا حَمَّادُ بْنُ سَلَمَةَ، حَدَّثَنِي يَحْيَى بْنُ سَعِيدٍ، وَرَبِيعَةُ الرَّأْىِ بْنُ أَبِي عَبْدِ الرَّحْمَنِ، عَنْ يَزِيدَ، مَوْلَى الْمُنْبَعِثِ عَنْ زَيْدِ بْنِ، خَالِدٍ الْجُهَنِيِّ أَنَّ رَجُلاً، سَأَلَ النَّبِيَّ صلى الله عليه وسلم عَنْ ضَالَّةِ الإِبِلِ ‏.‏ زَادَ رَبِيعَةُ فَغَضِبَ حَتَّى احْمَرَّتْ وَجْنَتَاهُ ‏.‏ وَاقْتَصَّ الْحَدِيثَ بِنَحْوِ حَدِيثِهِمْ وَزَادَ ‏\n\"‏ فَإِنْ جَاءَ صَاحِبُهَا فَعَرَفَ عِفَاصَهَا وَعَدَدَهَا وَوِكَاءَهَا فَأَعْطِهَا إِيَّاهُ وَإِلاَّ فَهْىَ لَكَ ‏\"‏ ‏.‏",
      "english": {
        "narrator": "Zaid b. Khalid al-Juhani reported:",
        "text": "A person asked Allah's Apostle (ﷺ) about a lost camel; Rabi'a made this addition: He (the Holy Prophet) was so much annoyed that his cheeks became red.\" The rest of the hadith is the same. He (the narrator) made this addition:\" If its (that of the article) owner comes and he recognises the bag (which contained it) and its number, and the strap. then give that to them, but if not, then it is for you.\""
      },
      "turkish": {
        "narrator": "Zaid b. Khalid al-Juhani reported:",
        "text": "Zaid b. Khalid el-Cuheni bildirdi: Bir kişi Allah'ın Elçisi'ne (ﷺ) kaybolmuş bir deve hakkında sordu; Rabi'a bu eklemeyi yaptı: O (Kutsal Peygamber) o kadar öfkelendi ki, yanakları kızardı.\" Hadisin geri kalanı aynıdır. O (rivayet eden) bu eklemeyi yaptı: \"Eğer (eşyanın) sahibi gelir ve çantayı (içinde) ve numarasını, ipini tanırsa, o zaman onu onlara ver, ama eğer tanımazsa, o senindir.\""
      }
    },
    {
      "id": 7,
      "idInBook": 7,
      "chapterId": 31,
      "bookId": 2,
      "arabic": "وَحَدَّثَنِي أَبُو الطَّاهِرِ، أَحْمَدُ بْنُ عَمْرِو بْنِ سَرْحٍ أَخْبَرَنَا عَبْدُ اللَّهِ بْنُ وَهْبٍ، حَدَّثَنِي الضَّحَّاكُ بْنُ عُثْمَانَ، عَنْ أَبِي النَّضْرِ، عَنْ بُسْرِ بْنِ سَعِيدٍ، عَنْ زَيْدِ بْنِ خَالِدٍ الْجُهَنِيِّ، قَالَ سُئِلَ رَسُولُ اللَّهِ صلى الله عليه وسلم عَنِ اللُّقَطَةِ فَقَالَ ‏\"‏ عَرِّفْهَا سَنَةً فَإِنْ لَمْ تُعْتَرَفْ فَاعْرِفْ عِفَاصَهَا وَوِكَاءَهَا ثُمَّ كُلْهَا فَإِنْ جَاءَ صَاحِبُهَا فَأَدِّهَا إِلَيْهِ ‏\"‏ ‏.‏\n وَحَدَّثَنِيهِ إِسْحَاقُ بْنُ مَنْصُورٍ، أَخْبَرَنَا أَبُو بَكْرٍ الْحَنَفِيُّ، حَدَّثَنَا الضَّحَّاكُ بْنُ عُثْمَانَ، بِهَذَا الإِسْنَادِ وَقَالَ فِي الْحَدِيثِ ‏\"‏ فَإِنِ اعْتُرِفَتْ فَأَدِّهَا وَإِلاَّ فَاعْرِفْ عِفَاصَهَا وَوِكَاءَهَا وَعَدَدَهَا ‏\"‏ ‏.‏",
      "english": {
        "narrator": "Zaid b. Khalid al-Juhani reported that Allah's Messenger (ﷺ) was asked about picking up of stray things, whereupon he said:",
        "text": "Make announcement of that for one year, but if it is not recognised (by the owner), then recognise its big and strap, then eat it; and if its owner comes, then give that to him. This hadith has been narrated on the authority of Al-Dahhak b. Uthman with the same chain of transmitters but with a slight variation of words."
      },
      "turkish": {
        "narrator": "Zaid b. Khalid al-Juhani reported that Allah's Messenger (ﷺ) was asked about picking up of stray things, whereupon he said:",
        "text": "Zaid b. Khalid el-Cuheni bildirdi ki, Allah'ın Elçisi'ne (ﷺ) kaybolmuş eşyaların toplanması hakkında soruldu, bunun üzerine o dedi: Onu bir yıl boyunca duyur, ama eğer sahibi tanımazsa, o zaman onun büyük ve ipini tanı, sonra onu ye; eğer sahibi gelirse, o zaman ona ver. Bu hadis, Al-Dahhak b. Uthman'dan aynı nakil zinciriyle ancak kelimelerde hafif bir farklılıkla rivayet edilmiştir."
      }
    },
    {
      "id": 8,
      "idInBook": 8,
      "chapterId": 31,
      "bookId": 2,
      "arabic": "وَحَدَّثَنَا مُحَمَّدُ بْنُ بَشَّارٍ، حَدَّثَنَا مُحَمَّدُ بْنُ جَعْفَرٍ، حَدَّثَنَا شُعْبَةُ، ح وَحَدَّثَنِي أَبُو بَكْرِ، بْنُ نَافِعٍ - وَاللَّفْظُ لَهُ - حَدَّثَنَا غُنْدَرٌ، حَدَّثَنَا شُعْبَةُ، عَنْ سَلَمَةَ بْنِ كُهَيْلٍ، قَالَ سَمِعْتُ سُوَيْدَ، بْنَ غَفَلَةَ قَالَ خَرَجْتُ أَنَا وَزَيْدُ بْنُ صُوحَانَ، وَسَلْمَانُ بْنُ رَبِيعَةَ، غَازِينَ فَوَجَدْتُ سَوْطًا فَأَخَذْتُهُ فَقَالاَ لِي دَعْهُ ‏.‏ فَقُلْتُ لاَ وَلَكِنِّي أُعَرِّفُهُ فَإِنْ جَاءَ صَاحِبُهُ وَإِلاَّ اسْتَمْتَعْتُ بِهِ ‏.‏ قَالَ فَأَبَيْتُ عَلَيْهِمَا فَلَمَّا رَجَعْنَا مِنْ غَزَاتِنَا قُضِيَ لِي أَنِّي حَجَجْتُ فَأَتَيْتُ الْمَدِينَةَ فَلَقِيتُ أُبَىَّ بْنَ كَعْبٍ فَأَخْبَرْتُهُ بِشَأْنِ السَّوْطِ وَبِقَوْلِهِمَا فَقَالَ إِنِّي وَجَدْتُ صُرَّةً فِيهَا مِائَةُ دِينَارٍ عَلَى عَهْدِ رَسُولِ اللَّهِ صلى الله عليه وسلم فَأَتَيْتُ بِهَا رَسُولَ اللَّهِ صلى الله عليه وسلم فَقَالَ ‏\"‏ عَرِّفْهَا حَوْلاً ‏\"‏ ‏.‏ قَالَ فَعَرَّفْتُهَا فَلَمْ أَجِدْ مَنْ يَعْرِفُهَا ثُمَّ أَتَيْتُهُ ‏.‏ فَقَالَ ‏\"‏ عَرِّفْهَا حَوْلاً ‏\"‏ ‏.‏ فَعَرَّفْتُهَا فَلَمْ أَجِدْ مَنْ يَعْرِفُهَا ثُمَّ أَتَيْتُهُ ‏.‏ فَقَالَ ‏\"‏ عَرِّفْهَا حَوْلاً ‏\"‏ ‏.‏ فَعَرَّفْتُهَا فَلَمْ أَجِدْ مَنْ يَعْرِفُهَا ‏.‏ فَقَالَ ‏\"‏ احْفَظْ عَدَدَهَا وَوِعَاءَهَا وَوِكَاءَهَا فَإِنْ جَاءَ صَاحِبُهَا وَإِلاَّ فَاسْتَمْتِعْ بِهَا ‏\"‏ ‏.‏ فَاسْتَمْتَعْتُ بِهَا ‏.‏ فَلَقِيتُهُ بَعْدَ ذَلِكَ بِمَكَّةَ فَقَالَ لاَ أَدْرِي بِثَلاَثَةِ أَحْوَالٍ أَوْ حَوْلٍ وَاحِدٍ ‏.‏",
      "english": {
        "narrator": "Salama b. Kuhail reported:",
        "text": "I heard Sowaid b. Ghafala say: I went out, and also Zaid b. Suhan and Salman b. Rabi'a for Jihad, and I found a whip and took it up. They said to me: Leave it. I said: No. but I will make announcement of it and if its owner comes (then I will return that), otherwise I will use it, and I refused them. When we returned from Jihad. by a good fortune for me, I performed Pilgrimage. I came to Medina and met Ubayy b. Ka'b, and related to him the affair of the whip and their opinion (the opinion of Zaid b. Suhan and Salman b. Rabi'a) about it (i. e. I should throw it). Thereupon he said: I found a money bag during the lifetime of Allah's Messenger (ﷺ) which contained one hundred dinars. I came to him along with it, and he said: Make an announcement of it for one year; so I announced it, but did not find anyone who could (claim it after) recognising it. I again came to him and he said: Make announcement for one year. So I made announcement of it, but I found none who could recognise it. I came to him he said: Make announcement of it for one year. I made announcement of that but did not find one who could recognise it, whereupon he said: Preserve (in your mind) its number, its bag and its strap, and if its owner comes (then return that to him), otherwise make use of it. So I made use of that. I (Shu'ba) met him (Salama b. Kuhail) after this in Mecca, and he said: I do not know whether he said three years or one year."
      },
      "turkish": {
        "narrator": "Salama b. Kuhail reported:",
        "text": "Selame b. Kuhail bildirdi: Sawaid b. Ghafala'nın şöyle dediğini duydum: Ben, Zaid b. Suhan ve Selman b. Rabi'a ile cihada çıktım ve bir kamçı buldum ve onu aldım. Onlar bana: Bırak. Ben de: Hayır, onu duyuracağım ve eğer sahibi gelirse (onu iade edeceğim), aksi takdirde kullanacağım, dedim ve onlara itiraz ettim. Cihattan döndüğümüzde, benim için iyi bir şansla, Hac yaptım. Medine'ye geldim ve Ubey b. Ka'b ile buluştum ve ona kamçı meselesini ve Zaid b. Suhan ile Selman b. Rabi'a'nın bu konudaki görüşlerini (yani onu atmamalıyım) anlattım. Bunun üzerine o dedi: Allah'ın Elçisi'nin (ﷺ) zamanında bir para çantası buldum, içinde yüz dinar vardı. Onunla birlikte geldim ve o dedi: Onu bir yıl boyunca duyur; ben de duyurdum ama onu tanıyacak kimse bulamadım. Tekrar ona geldim ve o dedi: Bir yıl boyunca duyur. Ben de onu duyurdum ama tanıyacak kimse bulamadım. Ona geldim, o dedi: Bir yıl boyunca duyur. Ben de onu duyurdum ama tanıyacak kimse bulamadım, bunun üzerine o dedi: Onun numarasını, çantasını ve ipini aklında tut, eğer sahibi gelirse (ona iade et), aksi takdirde onu kullan. Ben de onu kullandım. Ben (Şu'ba) bunu yaptıktan sonra Mekke'de onunla karşılaştım ve o dedi: Üç yıl mı yoksa bir yıl mı dediğini bilmiyorum."
      }
    },
    {
      "id": 9,
      "idInBook": 9,
      "chapterId": 31,
      "bookId": 2,
      "arabic": "وَحَدَّثَنِي عَبْدُ الرَّحْمَنِ بْنُ بِشْرٍ الْعَبْدِيُّ، حَدَّثَنَا بَهْزٌ، حَدَّثَنَا شُعْبَةُ، أَخْبَرَنِي سَلَمَةُ، بْنُ كُهَيْلٍ أَوْ أَخْبَرَ الْقَوْمَ، وَأَنَا فِيهِمْ، قَالَ سَمِعْتُ سُوَيْدَ بْنَ غَفَلَةَ، قَالَ خَرَجْتُ مَعَ زَيْدِ بْنِ صُوحَانَ وَسَلْمَانَ بْنِ رَبِيعَةَ فَوَجَدْتُ سَوْطًا ‏.‏ وَاقْتَصَّ الْحَدِيثَ بِمِثْلِهِ إِلَى قَوْلِهِ فَاسْتَمْتَعْتُ بِهَا ‏.‏ قَالَ شُعْبَةُ فَسَمِعْتُهُ بَعْدَ عَشْرِ سِنِينَ يَقُولُ عَرَّفَهَا عَامًا وَاحِدًا ‏.‏",
      "english": {
        "narrator": "Shu'ba reported:",
        "text": "Salama b. Kuhail informed me or he informed people and I was among them. He said: I heard Sawaid b. Ghafala who reported: I went out along with Zaid b. Suhan and Salman b. Rabi'a, and found a whip, the rest of the hadith is the same up to the words:\" I made use of that.\" Shu'ba said: I heard him say after ten years, that he made an announcement of it for one year."
      },
      "turkish": {
        "narrator": "Shu'ba reported:",
        "text": "Şu'ba bildirdi: Selame b. Kuhail bana veya insanlara bildirdi ve ben de aralarındaydım. O dedi: Sawaid b. Ghafala'nın şöyle dediğini duydum: Zaid b. Suhan ve Selman b. Rabi'a ile birlikte çıktım ve bir kamçı buldum, hadisin geri kalanı aynıdır, \"Onu kullandım.\" Şu'ba dedi: Onun on yıl sonra, onu bir yıl boyunca duyurduğunu duydum."
      }
    },
    {
      "id": 10,
      "idInBook": 10,
      "chapterId": 31,
      "bookId": 2,
      "arabic": "وَحَدَّثَنَا قُتَيْبَةُ بْنُ سَعِيدٍ، حَدَّثَنَا جَرِيرٌ، عَنِ الأَعْمَشِ، ح وَحَدَّثَنَا أَبُو بَكْرِ بْنُ أَبِي، شَيْبَةَ حَدَّثَنَا وَكِيعٌ، ح وَحَدَّثَنَا ابْنُ نُمَيْرٍ، حَدَّثَنَا أَبِي جَمِيعًا، عَنْ سُفْيَانَ، ح وَحَدَّثَنِي مُحَمَّدُ، بْنُ حَاتِمٍ حَدَّثَنَا عَبْدُ اللَّهِ بْنُ جَعْفَرٍ الرَّقِّيُّ، حَدَّثَنَا عُبَيْدُ اللَّهِ، - يَعْنِي ابْنَ عَمْرٍو - عَنْ زَيْدِ، بْنِ أَبِي أُنَيْسَةَ ح وَحَدَّثَنِي عَبْدُ الرَّحْمَنِ بْنُ بِشْرٍ، حَدَّثَنَا بَهْزٌ، حَدَّثَنَا حَمَّادُ بْنُ سَلَمَةَ، كُلُّ هَؤُلاَءِ عَنْ سَلَمَةَ بْنِ كُهَيْلٍ، بِهَذَا الإِسْنَادِ ‏.‏ نَحْوَ حَدِيثِ شُعْبَةَ ‏.‏ وَفِي حَدِيثِهِمْ جَمِيعًا ثَلاَثَةَ أَحْوَالٍ إِلاَّ حَمَّادَ بْنَ سَلَمَةَ فَإِنَّ فِي حَدِيثِهِ عَامَيْنِ أَوْ ثَلاَثَةً ‏.‏ وَفِي حَدِيثِ سُفْيَانَ وَزَيْدِ بْنِ أَبِي أُنَيْسَةَ وَحَمَّادِ بْنِ سَلَمَةَ ‏\"‏ فَإِنْ جَاءَ أَحَدٌ يُخْبِرُكَ بِعَدَدِهَا وَوِعَائِهَا وَوِكَائِهَا فَأَعْطِهَا إِيَّاهُ ‏\"‏ ‏.‏ وَزَادَ سُفْيَانُ فِي رِوَايَةِ وَكِيعٍ ‏\"‏ وَإِلاَّ فَهِيَ كَسَبِيلِ مَالِكَ ‏\"‏ ‏.‏ وَفِي رِوَايَةِ ابْنِ نُمَيْرٍ ‏\"‏ وَإِلاَّ فَاسْتَمْتِعْ بِهَا ‏\"‏ ‏.‏",
      "english": {
        "narrator": "This hadith has been narrated on the authority of Salama b. Kuhail through different chains of transmitters. In their ahadith, it is three years, except in the hadith of Hammid b. Salama it is two years or three years. In the hadith transmitted on the authority of Sufyan and Zaid b. Abu Unaisa and Hammid b. Salama (the words are):",
        "text": "\" If someone comes and informs you about the number (of articles) of the bag and the straps, then give that to him.\" Sufyan has made this addition in the narration of Waki':\" Otherwise it is like your property.\" And in the narration of Ibn Numair the words are:\" Otherwise make use of that.\""
      },
      "turkish": {
        "narrator": "This hadith has been narrated on the authority of Salama b. Kuhail through different chains of transmitters. In their ahadith, it is three years, except in the hadith of Hammid b. Salama it is two years or three years. In the hadith transmitted on the authority of Sufyan and Zaid b. Abu Unaisa and Hammid b. Salama (the words are):",
        "text": "Bu hadis, Selame b. Kuhail'den farklı nakil zincirleriyle rivayet edilmiştir. Onların hadislerinde üç yıl geçmektedir, ancak Hammid b. Selame'nin hadisinde iki yıl veya üç yıl geçmektedir. Sufyan ve Zaid b. Ebu Unaisa ve Hammid b. Selame'nin rivayetinde (kelimeler şunlardır): \"Eğer biri gelir ve çantanın ve iplerin sayısını bildirirse, o zaman ona ver.\" Sufyan, Waki' rivayetinde bu eklemeyi yapmıştır: \"Aksi takdirde o senin malın gibidir.\" Ve İbn Numair'in rivayetinde kelimeler şunlardır: \"Aksi takdirde onu kullan.\""
      }
    },
    {
      "id": 11,
      "idInBook": 11,
      "chapterId": 31,
      "bookId": 2,
      "arabic": "حَدَّثَنِي أَبُو الطَّاهِرِ، وَيُونُسُ بْنُ عَبْدِ الأَعْلَى، قَالاَ أَخْبَرَنَا عَبْدُ اللَّهِ بْنُ وَهْبٍ، أَخْبَرَنِي عَمْرُو بْنُ الْحَارِثِ، عَنْ بُكَيْرِ بْنِ عَبْدِ اللَّهِ بْنِ الأَشَجِّ، عَنْ يَحْيَى بْنِ عَبْدِ الرَّحْمَنِ بْنِ حَاطِبٍ، عَنْ عَبْدِ الرَّحْمَنِ بْنِ عُثْمَانَ التَّيْمِيِّ، أَنَّ رَسُولَ اللَّهِ صلى الله عليه وسلم نَهَى عَنْ لُقَطَةِ الْحَاجِّ ‏.‏",
      "english": {
        "narrator": "",
        "text": "'Abd al-Rahman b. 'Uthman al-Taimi reported that Allah's Messenger (ﷺ) forbade taking into custody the stray thing of the pilgrims."
      },
      "turkish": {
        "narrator": "",
        "text": "'Abd al-Rahman b. 'Uthman el-Taymi bildirdi ki, Allah'ın Elçisi (ﷺ) hacıların kaybolmuş eşyalarını almak için tutmayı yasakladı."
      }
    },
    {
      "id": 12,
      "idInBook": 12,
      "chapterId": 31,
      "bookId": 2,
      "arabic": "وَحَدَّثَنِي أَبُو الطَّاهِرِ، وَيُونُسُ بْنُ عَبْدِ الأَعْلَى، قَالاَ حَدَّثَنَا عَبْدُ اللَّهِ بْنُ وَهْبٍ، قَالَ أَخْبَرَنِي عَمْرُو بْنُ الْحَارِثِ، عَنْ بَكْرِ بْنِ سَوَادَةَ، عَنْ أَبِي سَالِمٍ الْجَيْشَانِيِّ، عَنْ زَيْدِ بْنِ خَالِدٍ، الْجُهَنِيِّ عَنْ رَسُولِ اللَّهِ صلى الله عليه وسلم أَنَّهُ قَالَ ‏\n\"‏ مَنْ آوَى ضَالَّةً فَهُوَ ضَالٌّ مَا لَمْ يُعَرِّفْهَا ‏\"‏ ‏.‏",
      "english": {
        "narrator": "Zaid b. Khalid al-Juhani reported Allah's Messenger (ﷺ) as sayin.:",
        "text": "He who found a stray article is himself led astray if he does not advertise it."
      },
      "turkish": {
        "narrator": "Zaid b. Khalid al-Juhani reported Allah's Messenger (ﷺ) as sayin.:",
        "text": "Zaid b. Khalid el-Cuheni bildirdi ki, Allah'ın Elçisi (ﷺ) şöyle dedi: Kaybolmuş bir eşyayı bulan, onu duyurmazsa kendisi de kaybolur."
      }
    },
    {
      "id": 13,
      "idInBook": 13,
      "chapterId": 31,
      "bookId": 2,
      "arabic": "حَدَّثَنَا يَحْيَى بْنُ يَحْيَى التَّمِيمِيُّ، قَالَ قَرَأْتُ عَلَى مَالِكِ بْنِ أَنَسٍ عَنْ نَافِعٍ، عَنِ ابْنِ عُمَرَ، أَنَّ رَسُولَ اللَّهِ صلى الله عليه وسلم قَالَ ‏\n\"‏ لاَ يَحْلُبَنَّ أَحَدٌ مَاشِيَةَ أَحَدٍ إِلاَّ بِإِذْنِهِ أَيُحِبُّ أَحَدُكُمْ أَنْ تُؤْتَى مَشْرُبَتُهُ فَتُكْسَرَ خِزَانَتُهُ فَيُنْتَقَلَ طَعَامُهُ إِنَّمَا تَخْزُنُ لَهُمْ ضُرُوعُ مَوَاشِيهِمْ أَطْعِمَتَهُمْ فَلاَ يَحْلُبَنَّ أَحَدٌ مَاشِيَةَ أَحَدٍ إِلاَّ بِإِذْنِهِ ‏\"‏ ‏.‏",
      "english": {
        "narrator": "Ibn 'Umar reported Allah's Messenger (ﷺ) having said this:",
        "text": "None (of you) should milk the animal of another, but with his permission. Does any one of you like that his chamber be raided, and his vaults be broken, and his foodstuff be removed? Verily the treasures for them (those who keep animals) are the udders of the animals which feed them. So none of you should milk the animal of another but with his permission."
      },
      "turkish": {
        "narrator": "Ibn 'Umar reported Allah's Messenger (ﷺ) having said this:",
        "text": "İbn 'Umar, Allah'ın Elçisi'nin (ﷺ) şöyle dediğini bildirdi: Hiçbiriniz başkasının hayvanını, onun izni olmadan sağmamalıdır. İçinizden biri, odasının yağmalanmasını, kasalarının kırılmasını ve yiyeceklerinin alınmasını ister mi? Şüphesiz, hayvanları besleyenler için hazineler, hayvanların memeleridir. Bu yüzden hiç kimse başkasının hayvanını, onun izni olmadan sağmamalıdır."
      }
    },
    {
      "id": 14,
      "idInBook": 14,
      "chapterId": 31,
      "bookId": 2,
      "arabic": "وَحَدَّثَنَا قُتَيْبَةُ بْنُ سَعِيدٍ، وَمُحَمَّدُ بْنُ رُمْحٍ، جَمِيعًا عَنِ اللَّيْثِ بْنِ سَعْدٍ، ح وَحَدَّثَنَاهُ أَبُو بَكْرِ بْنُ أَبِي شَيْبَةَ، حَدَّثَنَا عَلِيُّ بْنُ مُسْهِرٍ، ح وَحَدَّثَنَا ابْنُ نُمَيْرٍ، حَدَّثَنِي أَبِي كِلاَهُمَا، عَنْ عُبَيْدِ اللَّهِ، ح وَحَدَّثَنِي أَبُو الرَّبِيعِ، وَأَبُو كَامِلٍ قَالاَ حَدَّثَنَا حَمَّادٌ، ح وَحَدَّثَنِي زُهَيْرُ بْنُ حَرْبٍ، حَدَّثَنَا إِسْمَاعِيلُ، - يَعْنِي ابْنَ عُلَيَّةَ - جَمِيعًا عَنْ أَيُّوبَ، ح وَحَدَّثَنَا ابْنُ أَبِي عُمَرَ، حَدَّثَنَا سُفْيَانُ، عَنْ إِسْمَاعِيلَ بْنِ أُمَيَّةَ، ح وَحَدَّثَنَا مُحَمَّدُ بْنُ رَافِعٍ، حَدَّثَنَا عَبْدُ الرَّزَّاقِ، عَنْ مَعْمَرٍ،عَنْ أَيُّوبَ، وَابْنُ، جُرَيْجٍ عَنْ مُوسَى، كُلُّ هَؤُلاَءِ عَنْ نَافِعٍ، عَنِ ابْنِ عُمَرَ، عَنِ النَّبِيِّ صلى الله عليه وسلم ‏.‏ نَحْوَ حَدِيثِ مَالِكٍ غَيْرَ أَنَّ فِي حَدِيثِهِمْ جَمِيعًا ‏\"‏ فَيُنْتَثَلَ ‏\"‏ ‏.‏ إِلاَّ اللَّيْثَ بْنَ سَعْدٍ فَإِنَّ فِي حَدِيثِهِ ‏\"‏ فَيُنْتَقَلَ طَعَامُهُ ‏\"‏ ‏.‏ كَرِوَايَةِ مَالِكٍ ‏.‏",
      "english": {
        "narrator": "",
        "text": "This hadith has been narrated through another chain of transmitters with a slight variation of words."
      },
      "turkish": {
        "narrator": "",
        "text": "Bu hadis, başka bir nakil zinciriyle hafif bir kelime farklılığıyla rivayet edilmiştir."
      }
    },
    {
      "id": 15,
      "idInBook": 15,
      "chapterId": 31,
      "bookId": 2,
      "arabic": "حَدَّثَنَا قُتَيْبَةُ بْنُ سَعِيدٍ، حَدَّثَنَا لَيْثٌ، عَنْ سَعِيدِ بْنِ أَبِي سَعِيدٍ، عَنْ أَبِي شُرَيْحٍ الْعَدَوِيِّ، أَنَّهُ قَالَ سَمِعَتْ أُذُنَاىَ، وَأَبْصَرَتْ، عَيْنَاىَ حِينَ تَكَلَّمَ رَسُولُ اللَّهِ صلى الله عليه وسلم فَقَالَ ‏\"‏ مَنْ كَانَ يُؤْمِنُ بِاللَّهِ وَالْيَوْمِ الآخِرِ فَلْيُكْرِمْ ضَيْفَهُ جَائِزَتَهُ ‏\"‏ ‏.‏ قَالُوا وَمَا جَائِزَتُهُ يَا رَسُولَ اللَّهِ قَالَ ‏\"‏ يَوْمُهُ وَلَيْلَتُهُ وَالضِّيَافَةُ ثَلاَثَةُ أَيَّامٍ فَمَا كَانَ وَرَاءَ ذَلِكَ فَهُوَ صَدَقَةٌ عَلَيْهِ - وَقَالَ - مَنْ كَانَ يُؤْمِنُ بِاللَّهِ وَالْيَوْمِ الآخِرِ فَلْيَقُلْ خَيْرًا أَوْ لِيَصْمُتْ ‏\"‏ ‏.‏",
      "english": {
        "narrator": "Abd Shuraib al-Adawi reported:",
        "text": "My eare listened and my eye saw when Allah's Messenger (ﷺ) spoke and said: He who believes In Allah and the eireafter should show respect to the guest even with utmost kindness and courtesy. They said: Messenger of Allah, what is this utmost kindness and courtesy? He replied: It is for a day and a night. Hospitality extends for three days, and what is beyond that is a Sadaqa for him; and he who believes in Allah and the Hereafter should say something good or keep quiet."
      },
      "turkish": {
        "narrator": "Abd Shuraib al-Adawi reported:",
        "text": "Abd Şuraib el-Adavi bildirdi: Kulaklarım dinledi ve gözlerim gördü ki, Allah'ın Elçisi (ﷺ) konuştu ve şöyle dedi: Allah'a ve ahirete inanan, misafire en güzel şekilde ve nazikçe saygı göstermelidir. Onlar dediler: Allah'ın Elçisi, bu en güzel naz ve incelik nedir? O da şöyle cevap verdi: Bir gün ve bir gece içindir. Misafirperverlik üç gün sürer, bunun ötesi onun için bir sadakadır; ve Allah'a ve ahirete inanan, ya güzel bir söz söylesin ya da susmalıdır."
      }
    },
    {
      "id": 16,
      "idInBook": 16,
      "chapterId": 31,
      "bookId": 2,
      "arabic": "حَدَّثَنَا أَبُو كُرَيْبٍ، مُحَمَّدُ بْنُ الْعَلاَءِ حَدَّثَنَا وَكِيعٌ، حَدَّثَنَا عَبْدُ الْحَمِيدِ بْنُ جَعْفَرٍ، عَنْ سَعِيدِ بْنِ أَبِي سَعِيدٍ الْمَقْبُرِيِّ، عَنْ أَبِي شُرَيْحٍ الْخُزَاعِيِّ، قَالَ قَالَ رَسُولُ اللَّهِ صلى الله عليه وسلم ‏\"‏ الضِّيَافَةُ ثَلاَثَةُ أَيَّامٍ وَجَائِزَتُهُ يَوْمٌ وَلَيْلَةٌ وَلاَ يَحِلُّ لِرَجُلٍ مُسْلِمٍ أَنْ يُقِيمَ عِنْدَ أَخِيهِ حَتَّى يُؤْثِمَهُ ‏\"‏ ‏.‏ قَالُوا يَا رَسُولَ اللَّهِ وَكَيْفَ يُؤْثِمُهُ قَالَ ‏\"‏ يُقِيمُ عِنْدَهُ وَلاَ شَىْءَ لَهُ يَقْرِيهِ بِهِ ‏\"‏ ‏.‏",
      "english": {
        "narrator": "Abu Shuriah al-Khuza'i reported Allah's Messenger (ﷺ) as saying:",
        "text": "(The period of the entertainment of a guest is three days, and utmost kindness and courtesy is for a day and a night. =\" It is not permissible for a Muslim to stay with, his brother until he makes him sinful. They said: Messenger of Allah, how he would make him sinful? He (the Holy Prophet) said: He stays with him (so long) that nothing is left with him to entertain him."
      },
      "turkish": {
        "narrator": "Abu Shuriah al-Khuza'i reported Allah's Messenger (ﷺ) as saying:",
        "text": "Ebu Şureyh el-Khuza'i, Allah'ın Elçisi (ﷺ) şöyle derken bildirdi: \"Misafirin ağırlama süresi üç gündür, en güzel ikram ise bir gün ve bir gecedir. Bir Müslümanın kardeşiyle birlikte kalması, onu günaha sokacak şekilde olmamalıdır.\" Onlar: \"Ey Allah'ın Elçisi, onu nasıl günaha sokabilir?\" dediler. O (Kutsal Peygamber) şöyle dedi: \"O, misafiri o kadar süre ağırlarsa ki, misafire ikram edecek hiçbir şey kalmaz.\""
      }
    },
    {
      "id": 17,
      "idInBook": 17,
      "chapterId": 31,
      "bookId": 2,
      "arabic": "وَحَدَّثَنَاهُ مُحَمَّدُ بْنُ الْمُثَنَّى، حَدَّثَنَا أَبُو بَكْرٍ، - يَعْنِي الْحَنَفِيَّ - حَدَّثَنَا عَبْدُ الْحَمِيدِ، بْنُ جَعْفَرٍ حَدَّثَنَا سَعِيدٌ الْمَقْبُرِيُّ، أَنَّهُ سَمِعَ أَبَا شُرَيْحٍ الْخُزَاعِيَّ، يَقُولُ سَمِعَتْ أُذُنَاىَ، وَبَصُرَ، عَيْنِي وَوَعَاهُ قَلْبِي حِينَ تَكَلَّمَ بِهِ رَسُولُ اللَّهِ صلى الله عليه وسلم ‏.‏ فَذَكَرَ بِمِثْلِ حَدِيثِ اللَّيْثِ وَذَكَرَ فِيهِ ‏\n\"‏ وَلاَ يَحِلُّ لأَحَدِكُمْ أَنْ يُقِيمَ عِنْدَ أَخِيهِ حَتَّى يُؤْثِمَهُ ‏\"‏ ‏.‏ بِمِثْلِ مَا فِي حَدِيثِ وَكِيعٍ ‏.‏",
      "english": {
        "narrator": "Sa'id al-Maqburi reported:",
        "text": "I heard Abu Shuraih al-Khuzill saying: My ears heard and my eyes saw and my mind retained it, when Allah's Messenger (ﷺ) spok this, and he then narrated the hadith and made mention of this:\" It is not permissible for any one of you to stay with his brother until he makes him sinful.\""
      },
      "turkish": {
        "narrator": "Sa'id al-Maqburi reported:",
        "text": "Sa'id el-Makburi bildirdi: Ebu Şureyh el-Khuza'i'nin şöyle dediğini duydum: \"Kulaklarım duydu, gözlerim gördü ve aklım bunu hatırladı, Allah'ın Elçisi (ﷺ) bunu söylediğinde.\" Ardından hadisi nakletti ve şunu belirtti: \"Sizden hiç kimsenin kardeşiyle birlikte kalması, onu günaha sokacak şekilde olmamalıdır.\""
      }
    },
    {
      "id": 18,
      "idInBook": 18,
      "chapterId": 31,
      "bookId": 2,
      "arabic": "حَدَّثَنَا قُتَيْبَةُ بْنُ سَعِيدٍ، حَدَّثَنَا لَيْثٌ، ح وَحَدَّثَنَا مُحَمَّدُ بْنُ رُمْحٍ، أَخْبَرَنَا اللَّيْثُ، عَنْ يَزِيدَ بْنِ أَبِي حَبِيبٍ، عَنْ أَبِي الْخَيْرِ، عَنْ عُقْبَةَ بْنِ عَامِرٍ، أَنَّهُ قَالَ قُلْنَا يَا رَسُولَ اللَّهِ إِنَّكَ تَبْعَثُنَا فَنَنْزِلُ بِقَوْمٍ فَلاَ يَقْرُونَنَا فَمَا تَرَى فَقَالَ لَنَا رَسُولُ اللَّهِ صلى الله عليه وسلم ‏\n\"‏ إِنْ نَزَلْتُمْ بِقَوْمٍ فَأَمَرُوا لَكُمْ بِمَا يَنْبَغِي لِلضَّيْفِ فَاقْبَلُوا فَإِنْ لَمْ يَفْعَلُوا فَخُذُوا مِنْهُمْ حَقَّ الضَّيْفِ الَّذِي يَنْبَغِي لَهُمْ ‏\"‏ ‏.‏",
      "english": {
        "narrator": "'Uqba b. Amir reported:",
        "text": "We said to Allah's Messenger (ﷺ): You send us out and we come to the people who do not give us hospitality, so what is your opinion? Thereupon Allah's Messenger (ﷺ) said: If you come to the people who order for you what is befitting a guest, accept it; but if they do not. take from them what befits them to give to a guest."
      },
      "turkish": {
        "narrator": "'Uqba b. Amir reported:",
        "text": "Ukbe b. Amir bildirdi: Biz Allah'ın Elçisi (ﷺ)'ne dedik: \"Bizi gönderiyorsun ve biz, bize misafirperverlik göstermeyen insanlara geliyoruz, senin görüşün nedir?\" Bunun üzerine Allah'ın Elçisi (ﷺ) şöyle dedi: \"Eğer misafir olarak size yakışan şeyleri emreden bir topluluğa giderseniz, kabul edin; ama eğer yapmazlarsa, misafire vermeleri gereken şeylerden alın.\""
      }
    },
    {
      "id": 19,
      "idInBook": 19,
      "chapterId": 31,
      "bookId": 2,
      "arabic": "حَدَّثَنَا شَيْبَانُ بْنُ فَرُّوخَ، حَدَّثَنَا أَبُو الأَشْهَبِ، عَنْ أَبِي نَضْرَةَ، عَنْ أَبِي سَعِيدٍ الْخُدْرِيِّ، قَالَ بَيْنَمَا نَحْنُ فِي سَفَرٍ مَعَ النَّبِيِّ صلى الله عليه وسلم إِذْ جَاءَ رَجُلٌ عَلَى رَاحِلَةٍ لَهُ قَالَ فَجَعَلَ يَصْرِفُ بَصَرَهُ يَمِينًا وَشِمَالاً فَقَالَ رَسُولُ اللَّهِ صلى الله عليه وسلم ‏\n\"‏ مَنْ كَانَ مَعَهُ فَضْلُ ظَهْرٍ فَلْيَعُدْ بِهِ عَلَى مَنْ لاَ ظَهْرَ لَهُ وَمَنْ كَانَ لَهُ فَضْلٌ مِنْ زَادٍ فَلْيَعُدْ بِهِ عَلَى مَنْ لاَ زَادَ لَهُ ‏\"‏ ‏.‏ قَالَ فَذَكَرَ مِنْ أَصْنَافِ الْمَالِ مَا ذَكَرَ حَتَّى رَأَيْنَا أَنَّهُ لاَ حَقَّ لأَحَدٍ مِنَّا فِي فَضْلٍ ‏.‏",
      "english": {
        "narrator": "Abu Sa'id al-Khudri reported:",
        "text": "While we were with the Messenger of Allah (ﷺ) on a journey, a person came upon his mount and began to stare on the right and on the left, (it was at this moment) that Allah's Messenger (ﷺ) said: He who has an extra mount should give that to one who has no mount for him, and he who has surplus of provisions should give them to him who has no provisions, and he made mention of so many kinds of wealth until we were of the opinion that none of us has any right over the surplus."
      },
      "turkish": {
        "narrator": "Abu Sa'id al-Khudri reported:",
        "text": "Ebu Sa'id el-Hudri bildirdi: Allah'ın Elçisi (ﷺ) ile bir yolculukta iken, bir kişi binek hayvanıyla geldi ve sağa sola bakmaya başladı. O anda Allah'ın Elçisi (ﷺ) şöyle dedi: \"Elinde fazladan bir binek hayvanı olan, binek hayvanı olmayan birine onu vermelidir; ve elinde fazla yiyecek olan, yiyeceği olmayan birine vermelidir.\" Ve birçok çeşit zenginlikten bahsetti, ta ki aramızda hiç kimsenin fazlalık üzerinde hakkı olmadığı kanaatine vardık."
      }
    },
    {
      "id": 20,
      "idInBook": 20,
      "chapterId": 31,
      "bookId": 2,
      "arabic": "حَدَّثَنِي أَحْمَدُ بْنُ يُوسُفَ الأَزْدِيُّ، حَدَّثَنَا النَّضْرُ، - يَعْنِي ابْنَ مُحَمَّدٍ الْيَمَامِيَّ - حَدَّثَنَا عِكْرِمَةُ، - وَهُوَ ابْنُ عَمَّارٍ - حَدَّثَنَا إِيَاسُ بْنُ سَلَمَةَ، عَنْ أَبِيهِ، قَالَ خَرَجْنَا مَعَ رَسُولِ اللَّهِ صلى الله عليه وسلم فِي غَزْوَةٍ فَأَصَابَنَا جَهْدٌ حَتَّى هَمَمْنَا أَنْ نَنْحَرَ بَعْضَ ظَهْرِنَا فَأَمَرَ نَبِيُّ اللَّهِ صلى الله عليه وسلم فَجَمَعْنَا مَزَاوِدَنَا فَبَسَطْنَا لَهُ نِطَعًا فَاجْتَمَعَ زَادُ الْقَوْمِ عَلَى النِّطَعِ قَالَ فَتَطَاوَلْتُ لأَحْزُرَهُ كَمْ هُوَ فَحَزَرْتُهُ كَرَبْضَةِ الْعَنْزِ وَنَحْنُ أَرْبَعَ عَشْرَةَ مِائَةً قَالَ فَأَكَلْنَا حَتَّى شَبِعْنَا جَمِيعًا ثُمَّ حَشَوْنَا جُرُبَنَا فَقَالَ نَبِيُّ اللَّهِ صلى الله عليه وسلم ‏\"‏ فَهَلْ مِنْ وَضُوءٍ ‏\"‏ ‏.‏ قَالَ فَجَاءَ رَجُلٌ بِإِدَاوَةٍ لَهُ فِيهَا نُطْفَةٌ فَأَفْرَغَهَا فِي قَدَحٍ فَتَوَضَّأْنَا كُلُّنَا نُدَغْفِقُهُ دَغْفَقَةً أَرْبَعَ عَشْرَةَ مِائَةً ‏.‏ قَالَ ثُمَّ جَاءَ بَعْدَ ذَلِكَ ثَمَانِيَةٌ فَقَالُوا هَلْ مِنْ طَهُورٍ فَقَالَ رَسُولُ اللَّهِ صلى الله عليه وسلم ‏\"‏ فَرِغَ الْوَضُوءُ ‏\"‏ ‏.‏",
      "english": {
        "narrator": "Iyas b. Salama reported on the authority of his father:",
        "text": "We set out on an expedition with, Allah's Messenger (ﷺ). We faced hardship (in getting provisions) until we decided to slaughter some of our riding animals. Allah's Apostle (ﷺ), commanded us to pool our provisions of food. So we spread a sheet of leather and the provisions of the people were collected on it. I stretched myself to measure how much that was (the length and breadth of the sheet on which the provisions were laid). I measured it and (found) that it was (in length and breadth) of (so much size) on which a goat could sit. We were fourteen hundred persons. We (all) ate until we were fully satisfied and then filled our bags with provisions. Then Allah's Apostle (ﷺ) said: Is there any water for performing ablution. Then there came a man with a small bucket containing some water. He threw it in a basin. We all fourteen hundred persons performed ablution using the water in plenty. Then there came after that eight persons and they said: Is there any water to perform ablution? Thereupon Allah's Messenger (ﷺ) said: The ablution has already been performed."
      },
      "turkish": {
        "narrator": "Iyas b. Salama reported on the authority of his father:",
        "text": "İyas b. Selame, babası aracılığıyla bildirdi: Allah'ın Elçisi (ﷺ) ile bir sefere çıktık. İkram bulmakta zorluk çektik, ta ki binek hayvanlarımızdan bazılarını kesmeye karar verene kadar. Allah'ın Elçisi (ﷺ), yiyeceklerimizi bir araya toplamamız için bize emir verdi. Bunun üzerine bir deri örtü serdik ve insanların yiyecekleri onun üzerine toplandı. Ben de yiyeceklerin serildiği örtünün ne kadar olduğunu ölçmek için kendimi uzattım. Ölçtüm ve (uzunluğunun ve genişliğinin) bir keçinin oturabileceği kadar olduğunu buldum. Biz, bin dört yüz kişiydik. Hepimiz doyuncaya kadar yedik ve sonra çantalarımızı yiyeceklerle doldurduk. Sonra Allah'ın Elçisi (ﷺ) dedi ki: \"Ablution için su var mı?\" O sırada bir adam, içinde biraz su bulunan küçük bir kova ile geldi. Suyu bir leğene döktü. Biz, bin dört yüz kişi, bol su ile abdest aldık. Ardından sekiz kişi daha geldi ve \"Ablution için su var mı?\" dediler. Bunun üzerine Allah'ın Elçisi (ﷺ) dedi: \"Ablution zaten yapılmıştır.\""
      }
    }
  ],
  "chapter": {
    "id": 31,
    "bookId": 2,
    "arabic": "كتاب اللقطة",
    "english": "The Book of Lost Property"
  }
}