{
  "metadata": {
    "length": 23,
    "arabic": {
      "title": "صحيح مسلم",
      "author": "الإمام مسلم بن الحجاج القشيري النيسابوري",
      "introduction": "كتاب الألفاظ من الأدب وغيرها"
    },
    "english": {
      "title": "Sahih Muslim",
      "author": "Imam Muslim ibn al-Hajjaj al-Naysaburi",
      "introduction": "The Book Concerning the Use of Correct Words"
    }
  },
  "hadiths": [
    {
      "id": 1,
      "idInBook": 1,
      "chapterId": 40,
      "bookId": 2,
      "arabic": "حَدَّثَنِي أَبُو الطَّاهِرِ، أَحْمَدُ بْنُ عَمْرِو بْنِ سَرْحٍ وَحَرْمَلَةُ بْنُ يَحْيَى قَالاَ أَخْبَرَنَا \n ابْنُ وَهْبٍ، حَدَّثَنِي يُونُسُ، عَنِ ابْنِ شِهَابٍ، أَخْبَرَنِي أَبُو سَلَمَةَ بْنُ عَبْدِ الرَّحْمَنِ، قَالَ قَالَ أَبُو\n هُرَيْرَةَ سَمِعْتُ رَسُولَ اللَّهِ صلى الله عليه وسلم يَقُولُ ‏\n\"‏ قَالَ اللَّهُ عَزَّ وَجَلَّ يَسُبُّ ابْنُ آدَمَ\n الدَّهْرَ وَأَنَا الدَّهْرُ بِيَدِيَ اللَّيْلُ وَالنَّهَارُ ‏\"‏ ‏.‏",
      "english": {
        "narrator": "Abu Huraira reported:",
        "text": "I heard Allah's Messenger (ﷺ) as saying: Allah, the Exalted and Glorious, said: The son of Adam abuses Dahr (the time), whereas I am Dahr since in My hand are the day and the night."
      },
      "turkish": {
        "narrator": "Abu Huraira reported:",
        "text": "Ebu Hureyre (r.a) bildirdi: Ben, Allah'ın Elçisi (ﷺ) şöyle derken duydum: Yüce ve Glorif olan Allah şöyle dedi: Âdemoğlu Dahr'ı (zamanı) kötüler, oysa ben Dahr'ım; zira elimde gündüz ve gece vardır."
      }
    },
    {
      "id": 2,
      "idInBook": 2,
      "chapterId": 40,
      "bookId": 2,
      "arabic": "وَحَدَّثَنَاهُ إِسْحَاقُ بْنُ إِبْرَاهِيمَ، وَابْنُ أَبِي عُمَرَ، - وَاللَّفْظُ لاِبْنِ أَبِي عُمَرَ - قَالَ\n إِسْحَاقُ أَخْبَرَنَا وَقَالَ ابْنُ أَبِي عُمَرَ، حَدَّثَنَا سُفْيَانُ، عَنِ الزُّهْرِيِّ، عَنِ ابْنِ الْمُسَيَّبِ، عَنْ أَبِي،\n هُرَيْرَةَ أَنَّ رَسُولَ اللَّهِ صلى الله عليه وسلم قَالَ ‏\n\"‏ قَالَ اللَّهُ عَزَّ وَجَلَّ يُؤْذِينِي ابْنُ آدَمَ\n يَسُبُّ الدَّهْرَ وَأَنَا الدَّهْرُ أُقَلِّبُ اللَّيْلَ وَالنَّهَارَ ‏\"‏ ‏.‏",
      "english": {
        "narrator": "Abu Huraira reported Allah's Messenger (ﷺ) as saying:",
        "text": "Allah, the Exalted and Glorious, said: The son of Adam displeases Me by abusing Dahr (time), whereas I am Dahr--I alternate the night and the day."
      },
      "turkish": {
        "narrator": "Abu Huraira reported Allah's Messenger (ﷺ) as saying:",
        "text": "Ebu Hureyre (r.a) Allah'ın Elçisi (ﷺ) şöyle derken bildirdi: Yüce ve Glorif olan Allah şöyle dedi: Âdemoğlu Dahr'ı (zamanı) kötüleyerek beni incitir, oysa ben Dahr'ım - gece ve gündüzü değiştiririm."
      }
    },
    {
      "id": 3,
      "idInBook": 3,
      "chapterId": 40,
      "bookId": 2,
      "arabic": "وَحَدَّثَنَا عَبْدُ بْنُ حُمَيْدٍ، أَخْبَرَنَا عَبْدُ الرَّزَّاقِ، أَخْبَرَنَا مَعْمَرٌ، عَنِ الزُّهْرِيِّ، عَنِ ابْنِ،\n الْمُسَيَّبِ عَنْ أَبِي هُرَيْرَةَ، قَالَ قَالَ رَسُولُ اللَّهِ صلى الله عليه وسلم ‏\n\"‏ قَالَ اللَّهُ عَزَّ وَجَلَّ\n يُؤْذِينِي ابْنُ آدَمَ يَقُولُ يَا خَيْبَةَ الدَّهْرِ ‏.‏ فَلاَ يَقُولَنَّ أَحَدُكُمْ يَا خَيْبَةَ الدَّهْرِ ‏.‏ فَإِنِّي أَنَا الدَّهْرُ\n أُقَلِّبُ لَيْلَهُ وَنَهَارَهُ فَإِذَا شِئْتُ قَبَضْتُهُمَا ‏\"‏ ‏.‏",
      "english": {
        "narrator": "Abu Huraira reported Allah's Messenger (ﷺ) as saying:",
        "text": "Allah, the Exalted and Glorious, said: The son of Adam causes Me pain as he says: Woe be upon the Time. None of you should say this: Woe be upon the Time, as I am the Time (because) I alternate the day and the night, and when I wish I can finish them up."
      },
      "turkish": {
        "narrator": "Abu Huraira reported Allah's Messenger (ﷺ) as saying:",
        "text": "Ebu Hureyre (r.a) Allah'ın Elçisi (ﷺ) şöyle derken bildirdi: Yüce ve Glorif olan Allah şöyle dedi: Âdemoğlu, \"Zaman ne kötü!\" diyerek beni incitir. Sizden hiç kimse \"Zaman ne kötü!\" dememelidir; zira ben Zaman'ım (çünkü) gündüz ve geceyi değiştiririm ve dilediğimde onları sona erdirebilirim."
      }
    },
    {
      "id": 4,
      "idInBook": 4,
      "chapterId": 40,
      "bookId": 2,
      "arabic": "حَدَّثَنَا قُتَيْبَةُ، حَدَّثَنَا الْمُغِيرَةُ بْنُ عَبْدِ الرَّحْمَنِ، عَنْ أَبِي الزِّنَادِ، عَنِ الأَعْرَجِ، عَنْ \n أَبِي هُرَيْرَةَ، أَنَّ رَسُولَ اللَّهِ صلى الله عليه وسلم قَالَ ‏\n\"‏ لاَ يَقُولَنَّ أَحَدُكُمْ يَا خَيْبَةَ الدَّهْرِ\n ‏.‏ فَإِنَّ اللَّهَ هُوَ الدَّهْرُ ‏\"‏ ‏.‏",
      "english": {
        "narrator": "Abu Huraira reported Allah's Messenger (ﷺ) as saying:",
        "text": "None of you should say: Woe be upon the Time, for verily Allah is the Time."
      },
      "turkish": {
        "narrator": "Abu Huraira reported Allah's Messenger (ﷺ) as saying:",
        "text": "Ebu Hureyre (r.a) Allah'ın Elçisi (ﷺ) şöyle derken bildirdi: Sizden hiç kimse \"Zaman ne kötü!\" dememelidir; çünkü gerçekten Allah Zaman'dır."
      }
    },
    {
      "id": 5,
      "idInBook": 5,
      "chapterId": 40,
      "bookId": 2,
      "arabic": "وَحَدَّثَنِي زُهَيْرُ بْنُ حَرْبٍ، حَدَّثَنَا جَرِيرٌ، عَنْ هِشَامٍ، عَنِ ابْنِ سِيرِينَ، عَنْ أَبِي هُرَيْرَةَ،\n عَنِ النَّبِيِّ صلى الله عليه وسلم قَالَ ‏\n\"‏ لاَ تَسُبُّوا الدَّهْرَ فَإِنَّ اللَّهَ هُوَ الدَّهْرُ ‏\"‏ ‏.‏",
      "english": {
        "narrator": "Abu Huraira reported Allah's Apostle (ﷺ) as saying:",
        "text": "Do not curse Time, for it is Allah Who is Time."
      },
      "turkish": {
        "narrator": "Abu Huraira reported Allah's Apostle (ﷺ) as saying:",
        "text": "Ebu Hureyre (r.a) Allah'ın Elçisi (ﷺ) şöyle derken bildirdi: Zamanı lanetlemeyin; çünkü Zaman, Allah'tır."
      }
    },
    {
      "id": 6,
      "idInBook": 6,
      "chapterId": 40,
      "bookId": 2,
      "arabic": "حَدَّثَنَا حَجَّاجُ بْنُ الشَّاعِرِ، حَدَّثَنَا عَبْدُ الرَّزَّاقِ، أَخْبَرَنَا مَعْمَرٌ، عَنْ أَيُّوبَ، عَنِ ابْنِ،\n سِيرِينَ عَنْ أَبِي هُرَيْرَةَ، قَالَ قَالَ رَسُولُ اللَّهِ صلى الله عليه وسلم ‏\n\"‏ لاَ يَسُبُّ أَحَدُكُمُ الدَّهْرَ\n فَإِنَّ اللَّهَ هُوَ الدَّهْرُ وَلاَ يَقُولَنَّ أَحَدُكُمْ لِلْعِنَبِ الْكَرْمَ ‏.‏ فَإِنَّ الْكَرْمَ الرَّجُلُ الْمُسْلِمُ ‏\"‏ ‏.‏",
      "english": {
        "narrator": "Abu Huraira reported Allah's Messenger (ﷺ) as saying:",
        "text": "None of you should abuse Time for it is Allah Who is the Time, and none of you should call 'Inab (grape) as al-karm, for karm is a Muslim person."
      },
      "turkish": {
        "narrator": "Abu Huraira reported Allah's Messenger (ﷺ) as saying:",
        "text": "Ebu Hureyre (r.a) Allah'ın Elçisi (ﷺ) şöyle derken bildirdi: Sizden hiç kimse Zaman'ı kötülememelidir; çünkü Zaman, Allah'tır. Ve sizden hiç kimse 'İnâb' (üzüm) için 'el-karm' dememelidir; çünkü karm bir Müslümandır."
      }
    },
    {
      "id": 7,
      "idInBook": 7,
      "chapterId": 40,
      "bookId": 2,
      "arabic": "حَدَّثَنَا عَمْرٌو النَّاقِدُ، وَابْنُ أَبِي عُمَرَ، قَالاَ حَدَّثَنَا سُفْيَانُ، عَنِ الزُّهْرِيِّ، عَنْ سَعِيدٍ،\n عَنْ أَبِي هُرَيْرَةَ، عَنِ النَّبِيِّ صلى الله عليه وسلم قَالَ ‏\n\"‏ لاَ تَقُولُوا كَرْمٌ ‏.‏ فَإِنَّ الْكَرْمَ قَلْبُ\n الْمُؤْمِنِ ‏\"‏ ‏.‏",
      "english": {
        "narrator": "Abu Huraira reported Allah's Messenger (ﷺ) as saying:",
        "text": "Do not use the word karm (for wine) for worthy of respect is the heart of a believer."
      },
      "turkish": {
        "narrator": "Abu Huraira reported Allah's Messenger (ﷺ) as saying:",
        "text": "Ebu Hureyre (r.a) Allah'ın Elçisi (ﷺ) şöyle derken bildirdi: Şarap için 'karm' kelimesini kullanmayın; zira bir müminin kalbi saygıdeğerdir."
      }
    },
    {
      "id": 8,
      "idInBook": 8,
      "chapterId": 40,
      "bookId": 2,
      "arabic": "حَدَّثَنَا زُهَيْرُ بْنُ حَرْبٍ، حَدَّثَنَا جَرِيرٌ، عَنْ هِشَامٍ، عَنِ ابْنِ سِيرِينَ، عَنْ أَبِي هُرَيْرَةَ،\n عَنِ النَّبِيِّ صلى الله عليه وسلم قَالَ ‏\n\"‏ لاَ تُسَمُّوا الْعِنَبَ الْكَرْمَ فَإِنَّ الْكَرْمَ الرَّجُلُ الْمُسْلِمُ\n ‏\"‏ ‏.‏",
      "english": {
        "narrator": "Abu Huraira reported Allah's Messenger (ﷺ) as saying:",
        "text": "Do not name grape as karm, for worthy of respect is a Muslim."
      },
      "turkish": {
        "narrator": "Abu Huraira reported Allah's Messenger (ﷺ) as saying:",
        "text": "Ebu Hureyre (r.a) Allah'ın Elçisi (ﷺ) şöyle derken bildirdi: Üzümü 'karm' olarak adlandırmayın; zira saygıdeğer olan bir Müslümandır."
      }
    },
    {
      "id": 9,
      "idInBook": 9,
      "chapterId": 40,
      "bookId": 2,
      "arabic": "حَدَّثَنَا زُهَيْرُ بْنُ حَرْبٍ، حَدَّثَنَا عَلِيُّ بْنُ حَفْصٍ، حَدَّثَنَا وَرْقَاءُ، عَنْ أَبِي الزِّنَادِ، عَنِ \n الأَعْرَجِ، عَنْ أَبِي هُرَيْرَةَ، قَالَ قَالَ رَسُولُ اللَّهِ صلى الله عليه وسلم ‏\n\"‏ لاَ يَقُولَنَّ أَحَدُكُمُ الْكَرْمُ\n ‏.‏ فَإِنَّمَا الْكَرْمُ قَلْبُ الْمُؤْمِنِ ‏\"‏ ‏.‏",
      "english": {
        "narrator": "Abu Huraira reported Allah's Messenger (ﷺ) as saying:",
        "text": "None of you should use the word al-harin (for grape) for the heart of a believer is karm (worthy of respect)."
      },
      "turkish": {
        "narrator": "Abu Huraira reported Allah's Messenger (ﷺ) as saying:",
        "text": "Ebu Hureyre (r.a) Allah'ın Elçisi (ﷺ) şöyle derken bildirdi: Sizden hiç kimse 'el-harin' (üzüm için) kelimesini kullanmamalıdır; zira bir müminin kalbi karm'dır (saygıdeğerdir)."
      }
    },
    {
      "id": 10,
      "idInBook": 10,
      "chapterId": 40,
      "bookId": 2,
      "arabic": "وَحَدَّثَنَا ابْنُ رَافِعٍ، حَدَّثَنَا عَبْدُ الرَّزَّاقِ، أَخْبَرَنَا مَعْمَرٌ، عَنْ هَمَّامِ بْنِ مُنَبِّهٍ، قَالَ هَذَا\n مَا حَدَّثَنَا أَبُو هُرَيْرَةَ، عَنْ رَسُولِ اللَّهِ صلى الله عليه وسلم ‏.‏ فَذَكَرَ أَحَادِيثَ مِنْهَا وَقَالَ\n رَسُولُ اللَّهِ صلى الله عليه وسلم ‏\n\"‏ لاَ يَقُولَنَّ أَحَدُكُمْ لِلْعِنَبِ الْكَرْمَ ‏.‏ إِنَّمَا الْكَرْمُ الرَّجُلُ الْمُسْلِمُ\n ‏\"‏ ‏.‏",
      "english": {
        "narrator": "Abu Huraira reported from Allah's Messenger (ﷺ) various ahadith, one of which is this that he said:",
        "text": "None of you should use the word al-karm for 'Inab, for karm (worthy of respect) is a Muslim person."
      },
      "turkish": {
        "narrator": "Abu Huraira reported from Allah's Messenger (ﷺ) various ahadith, one of which is this that he said:",
        "text": "Ebu Hureyre (r.a) Allah'ın Elçisi (ﷺ) çeşitli hadisler bildirdi, bunlardan biri de şudur: Sizden hiç kimse 'el-karm' kelimesini 'İnâb' için kullanmamalıdır; zira karm (saygıdeğer) bir Müslümandır."
      }
    },
    {
      "id": 11,
      "idInBook": 11,
      "chapterId": 40,
      "bookId": 2,
      "arabic": "حَدَّثَنَا عَلِيُّ بْنُ خَشْرَمٍ، أَخْبَرَنَا عِيسَى، - يَعْنِي ابْنَ يُونُسَ - عَنْ شُعْبَةَ، عَنْ سِمَاكِ،\n بْنِ حَرْبٍ عَنْ عَلْقَمَةَ بْنِ وَائِلٍ، عَنْ أَبِيهِ، عَنِ النَّبِيِّ صلى الله عليه وسلم قَالَ ‏\n\"‏ لاَ تَقُولُوا\n الْكَرْمُ ‏.‏ وَلَكِنْ قُولُوا الْحَبَلَةُ ‏\"‏ ‏.‏ يَعْنِي الْعِنَبَ ‏.‏",
      "english": {
        "narrator": "'Alqama b. Wa'il reported, from his father, Allah's Apostle (ﷺ) having said:",
        "text": "Do not say al-karm (for the word vine) but say al-habala (that is grape)."
      },
      "turkish": {
        "narrator": "'Alqama b. Wa'il reported, from his father, Allah's Apostle (ﷺ) having said:",
        "text": "Alqama b. Wa'il, babasından, Allah'ın Elçisi (ﷺ) şöyle derken bildirdi: 'El-karm' (asmanın kelimesi) demeyin, 'el-habala' (yani üzüm) deyin."
      }
    },
    {
      "id": 12,
      "idInBook": 12,
      "chapterId": 40,
      "bookId": 2,
      "arabic": "وَحَدَّثَنِيهِ زُهَيْرُ بْنُ حَرْبٍ، حَدَّثَنَا عُثْمَانُ بْنُ عُمَرَ، حَدَّثَنَا شُعْبَةُ، عَنْ سِمَاكٍ، قَالَ\n سَمِعْتُ عَلْقَمَةَ بْنَ وَائِلٍ، عَنْ أَبِيهِ، أَنَّ النَّبِيَّ صلى الله عليه وسلم قَالَ ‏\n\"‏ لاَ تَقُولُوا الْكَرْمُ ‏.‏\n وَلَكِنْ قُولُوا الْعِنَبُ وَالْحَبَلَةُ ‏\"‏ ‏.‏",
      "english": {
        "narrator": "",
        "text": "This hadith has been reported by Alqama b. Wa'il on the authority of his father with a different chain of transmitters and with a slight variation of wording."
      },
      "turkish": {
        "narrator": "",
        "text": "Bu hadis, Alqama b. Wa'il tarafından babasının aracılığıyla farklı bir raviden ve kelime değişikliği ile bildirilmiştir."
      }
    },
    {
      "id": 13,
      "idInBook": 13,
      "chapterId": 40,
      "bookId": 2,
      "arabic": "حَدَّثَنَا يَحْيَى بْنُ أَيُّوبَ، وَقُتَيْبَةُ، وَابْنُ، حُجْرٍ قَالُوا حَدَّثَنَا إِسْمَاعِيلُ، - وَهُوَ ابْنُ\n جَعْفَرٍ - عَنِ الْعَلاَءِ، عَنْ أَبِيهِ، عَنْ أَبِي هُرَيْرَةَ، أَنَّ رَسُولَ اللَّهِ صلى الله عليه وسلم قَالَ\n ‏\n\"‏ لاَ يَقُولَنَّ أَحَدُكُمْ عَبْدِي وَأَمَتِي ‏.‏ كُلُّكُمْ عَبِيدُ اللَّهِ وَكُلُّ نِسَائِكُمْ إِمَاءُ اللَّهِ وَلَكِنْ لِيَقُلْ غُلاَمِي\n وَجَارِيَتِي وَفَتَاىَ وَفَتَاتِي ‏\"‏ ‏.‏",
      "english": {
        "narrator": "Abu Huraira reported Allah's Messenger (ﷺ) as saying:",
        "text": "None of you should say: My bondman and my slave-girl, for all of you are the bondmen of Allah, and all your women are the slave-girls of Allah; but say: My servant, my girl, and my young man and my young girl."
      },
      "turkish": {
        "narrator": "Abu Huraira reported Allah's Messenger (ﷺ) as saying:",
        "text": "Ebu Hureyre (r.a) Allah'ın Elçisi (ﷺ) şöyle derken bildirdi: Sizden hiç kimse: \"Benim kölem ve cariyem\" dememelidir; zira hepiniz Allah'ın kullarısınız ve kadınlarınız Allah'ın cariyeleridir; fakat \"Benim hizmetkârım, benim kızım, benim delikanlım ve benim genç kızım\" demelisiniz."
      }
    },
    {
      "id": 14,
      "idInBook": 14,
      "chapterId": 40,
      "bookId": 2,
      "arabic": "وَحَدَّثَنِي زُهَيْرُ بْنُ حَرْبٍ، حَدَّثَنَا جَرِيرٌ، عَنِ الأَعْمَشِ، عَنْ أَبِي صَالِحٍ، عَنْ أَبِي،\n هُرَيْرَةَ قَالَ قَالَ رَسُولُ اللَّهِ صلى الله عليه وسلم ‏\n\"‏ لاَ يَقُولَنَّ أَحَدُكُمْ عَبْدِي ‏.‏ فَكُلُّكُمْ عَبِيدُ\n اللَّهِ وَلَكِنْ لِيَقُلْ فَتَاىَ ‏.‏ وَلاَ يَقُلِ الْعَبْدُ رَبِّي ‏.‏ وَلَكِنْ لِيَقُلْ سَيِّدِي ‏\"‏ ‏.‏",
      "english": {
        "narrator": "Abu Huraira reported Allah's Messenger (ﷺ) as saying:",
        "text": "None of you should say: My bondman, for all of you are the bondmen of Allah, but say: My young man, and the servant should not say: My Lord, but should say: My chief."
      },
      "turkish": {
        "narrator": "Abu Huraira reported Allah's Messenger (ﷺ) as saying:",
        "text": "Ebu Hureyre (r.a) Allah'ın Elçisi (ﷺ) şöyle derken bildirdi: Sizden hiç kimse: \"Benim kölem\" dememelidir; zira hepiniz Allah'ın kullarısınız; fakat \"Benim delikanlım\" demelisiniz ve hizmetkâr, \"Benim Rabbim\" dememelidir; \"Benim efendim\" demelidir."
      }
    },
    {
      "id": 15,
      "idInBook": 15,
      "chapterId": 40,
      "bookId": 2,
      "arabic": "وَحَدَّثَنَا أَبُو بَكْرِ بْنُ أَبِي شَيْبَةَ، وَأَبُو كُرَيْبٍ قَالاَ حَدَّثَنَا أَبُو مُعَاوِيَةَ، ح وَحَدَّثَنَا \n أَبُو سَعِيدٍ الأَشَجُّ، حَدَّثَنَا وَكِيعٌ، كِلاَهُمَا عَنِ الأَعْمَشِ، بِهَذَا الإِسْنَادِ وَفِي حَدِيثِهِمَا ‏\"‏ وَلاَ\n يَقُلِ الْعَبْدُ لِسَيِّدِهِ مَوْلاَىَ ‏\"‏ ‏.‏ وَزَادَ فِي حَدِيثِ أَبِي مُعَاوِيَةَ ‏\"‏ فَإِنَّ مَوْلاَكُمُ اللَّهُ عَزَّ وَجَلَّ ‏\"‏\n ‏.‏",
      "english": {
        "narrator": "This hadith has been reported on the authority of al-A'mash with the same chain of transmitters, and the words are that the servant should not say to his chief:",
        "text": "My Lord, and Abu Mu'awiya made an addition:\" For it is Allah, the Exalted and Glorious, Who is your Lord.\""
      },
      "turkish": {
        "narrator": "This hadith has been reported on the authority of al-A'mash with the same chain of transmitters, and the words are that the servant should not say to his chief:",
        "text": "Bu hadis, aynı raviler zinciriyle el-A'maş'tan bildirilmiştir ve sözler, hizmetkârın efendisine \"Benim Rabbim\" dememesi gerektiği şeklindedir; Ebu Mu'aviye bir ekleme yaptı: \"Çünkü sizin Rabbiniz, yüce ve glorif olan Allah'tır.\""
      }
    },
    {
      "id": 16,
      "idInBook": 16,
      "chapterId": 40,
      "bookId": 2,
      "arabic": "وَحَدَّثَنَا مُحَمَّدُ بْنُ رَافِعٍ، حَدَّثَنَا عَبْدُ الرَّزَّاقِ، أَخْبَرَنَا مَعْمَرٌ، عَنْ هَمَّامِ بْنِ مُنَبِّهٍ، قَالَ\n هَذَا مَا حَدَّثَنَا أَبُو هُرَيْرَةَ، عَنْ رَسُولِ اللَّهِ صلى الله عليه وسلم ‏.‏ فَذَكَرَ أَحَادِيثَ مِنْهَا وَقَالَ\n رَسُولُ اللَّهِ صلى الله عليه وسلم ‏\n\"‏ لاَ يَقُلْ أَحَدُكُمُ اسْقِ رَبَّكَ أَطْعِمْ رَبَّكَ وَضِّئْ رَبَّكَ ‏.‏ وَلاَ\n يَقُلْ أَحَدُكُمْ رَبِّي ‏.‏ وَلْيَقُلْ سَيِّدِي مَوْلاَىَ وَلاَ يَقُلْ أَحَدُكُمْ عَبْدِي أَمَتِي ‏.‏ وَلْيَقُلْ فَتَاىَ فَتَاتِي\n غُلاَمِي ‏\"‏ ‏.‏",
      "english": {
        "narrator": "Abu Huraira reported Allah's Messenger (ﷺ) so many ahadith and one of them is this that Allah's Messenger (ﷺ) said:",
        "text": "None of you should say: Supply drink to your lord, feed your lord, help your lord in performing ablution, and none of you should say: My Lord. He should say: My chief, my patron; and none of you should say: My bondman, my slave-girl, but simply say: My boy, my girl, my servant."
      },
      "turkish": {
        "narrator": "Abu Huraira reported Allah's Messenger (ﷺ) so many ahadith and one of them is this that Allah's Messenger (ﷺ) said:",
        "text": "Ebu Hureyre, Allah'ın Elçisi (ﷺ) tarafından birçok hadis rivayet etmiştir ve bunlardan biri şudur: Hiçbiriniz \"Rabbinize içecek verin, Rabbinizi doyurun, Rabbinize abdest aldırın\" dememelidir. Hiçbiriniz \"Rabbim\" dememelidir. Bunun yerine \"Büyüğüm, koruyucum\" demelidir; ve hiçbiri \"Kulum, cariyem\" dememelidir, sadece \"Oğlum, kızım, hizmetçim\" demelidir."
      }
    },
    {
      "id": 17,
      "idInBook": 17,
      "chapterId": 40,
      "bookId": 2,
      "arabic": "حَدَّثَنَا أَبُو بَكْرِ بْنُ أَبِي شَيْبَةَ، حَدَّثَنَا سُفْيَانُ بْنُ عُيَيْنَةَ، ح وَحَدَّثَنَا أَبُو كُرَيْبٍ، مُحَمَّدُ\n بْنُ الْعَلاَءِ حَدَّثَنَا أَبُو أُسَامَةَ، كِلاَهُمَا عَنْ هِشَامٍ، عَنْ أَبِيهِ، عَنْ عَائِشَةَ، قَالَتْ قَالَ رَسُولُ\n اللَّهِ صلى الله عليه وسلم ‏\"‏ لاَ يَقُولَنَّ أَحَدُكُمْ خَبُثَتْ نَفْسِي ‏.‏ وَلَكِنْ لِيَقُلْ لَقِسَتْ نَفْسِي ‏\"‏ ‏.‏\n هَذَا حَدِيثُ أَبِي كُرَيْبٍ وَقَالَ أَبُو بَكْرٍ عَنِ النَّبِيِّ صلى الله عليه وسلم ‏.‏ وَلَمْ يَذْكُرْ ‏\"‏ لَكِنْ\n ‏\"‏ ‏.‏",
      "english": {
        "narrator": "'A'isha reported Allah's Messenger (ﷺ) having said:",
        "text": "None of you should say: \"My soul has become evil,\" but he should say: \"My soul has become remorseless.\" This hadith has been transmitted on the authority of Abu Bakr with a slight variation of wording."
      },
      "turkish": {
        "narrator": "'A'isha reported Allah's Messenger (ﷺ) having said:",
        "text": "Aişe, Allah'ın Elçisi (ﷺ) şöyle dediğini bildirmiştir: Hiçbiriniz \"Nefsim kötüleşti\" dememelidir, bunun yerine \"Nefsim merhametsizleşti\" demelidir. Bu hadis, Abu Bekir'in rivayetiyle biraz farklı bir ifadeyle aktarılmıştır."
      }
    },
    {
      "id": 18,
      "idInBook": 18,
      "chapterId": 40,
      "bookId": 2,
      "arabic": "وَحَدَّثَنَاهُ أَبُو كُرَيْبٍ، حَدَّثَنَا أَبُو مُعَاوِيَةَ، بِهَذَا الإِسْنَادِ ‏.‏",
      "english": {
        "narrator": "",
        "text": "This hadith has been narrated on the authority of Abia Mu'iwiya with the same chain of transmitters."
      },
      "turkish": {
        "narrator": "",
        "text": "Bu hadis, Abia Mu'iwiya'nın aynı raviler zinciriyle rivayet edilmiştir."
      }
    },
    {
      "id": 19,
      "idInBook": 19,
      "chapterId": 40,
      "bookId": 2,
      "arabic": "وَحَدَّثَنِي أَبُو الطَّاهِرِ، وَحَرْمَلَةُ، قَالاَ أَخْبَرَنَا ابْنُ وَهْبٍ، أَخْبَرَنِي يُونُسُ، عَنِ ابْنِ،\n شِهَابٍ عَنْ أَبِي أُمَامَةَ بْنِ سَهْلِ بْنِ حُنَيْفٍ، عَنْ أَبِيهِ، أَنَّ رَسُولَ اللَّهِ صلى الله عليه وسلم\n قَالَ ‏\n\"‏ لاَ يَقُلْ أَحَدُكُمْ خَبُثَتْ نَفْسِي ‏.‏ وَلْيَقُلْ لَقِسَتْ نَفْسِي ‏\"‏ ‏.‏",
      "english": {
        "narrator": "Abu Umama b. Sahl b. Hunaif, on the authority of his father, reported Allah's Messenger (ﷺ) as saying:",
        "text": "None of you should say:\" My soul has become evil,\" but he should say:\" My soul has become remorseless.\""
      },
      "turkish": {
        "narrator": "Abu Umama b. Sahl b. Hunaif, on the authority of his father, reported Allah's Messenger (ﷺ) as saying:",
        "text": "Ebu Ümame b. Sahl b. Hunaif, babasından naklen, Allah'ın Elçisi (ﷺ) şöyle dediğini bildirmiştir: Hiçbiriniz \"Nefsim kötüleşti\" dememelidir, bunun yerine \"Nefsim merhametsizleşti\" demelidir."
      }
    },
    {
      "id": 20,
      "idInBook": 20,
      "chapterId": 40,
      "bookId": 2,
      "arabic": "حَدَّثَنَا أَبُو بَكْرِ بْنُ أَبِي شَيْبَةَ، حَدَّثَنَا أَبُو أُسَامَةَ، عَنْ شُعْبَةَ، حَدَّثَنِي خُلَيْدُ بْنُ جَعْفَرٍ،\n عَنْ أَبِي نَضْرَةَ، عَنْ أَبِي سَعِيدٍ الْخُدْرِيِّ، عَنِ النَّبِيِّ صلى الله عليه وسلم قَالَ ‏\n\"‏ كَانَتِ امْرَأَةٌ\n مِنْ بَنِي إِسْرَائِيلَ قَصِيرَةٌ تَمْشِي مَعَ امْرَأَتَيْنِ طَوِيلَتَيْنِ فَاتَّخَذَتْ رِجْلَيْنِ مِنْ خَشَبٍ وَخَاتَمًا\n مِنْ ذَهَبٍ مُغْلَقٍ مُطْبَقٍ ثُمَّ حَشَتْهُ مِسْكًا وَهُوَ أَطْيَبُ الطِّيبِ فَمَرَّتْ بَيْنَ الْمَرْأَتَيْنِ فَلَمْ يَعْرِفُوهَا\n فَقَالَتْ بِيَدِهَا هَكَذَا ‏\"‏ ‏.‏ وَنَفَضَ شُعْبَةُ يَدَهُ ‏.‏",
      "english": {
        "narrator": "Abd Sa'id Khudri reported Allah's Apostle (ﷺ) as saying:",
        "text": "There was a woman from Bani Isra'il who was short-statured and she walked in the company of two tall women with wooden sandals in her feet and a ring of gold made of plates with musk filled in them and then looked up, and musk is the best of scents; then she walked between two women and they (the people) did not recognise her, and she made a gesture with her hand like this, and Shu'ba shook his hand in order to give an indication how she shook her hand."
      },
      "turkish": {
        "narrator": "Abd Sa'id Khudri reported Allah's Apostle (ﷺ) as saying:",
        "text": "Abd Sa'id Hudri, Allah'ın Elçisi (ﷺ) şöyle dediğini bildirmiştir: Beni İsrail'den kısa boylu bir kadın vardı ve o, ayaklarında ahşap terliklerle iki uzun kadınla birlikte yürüyordu. Altın bir yüzüğü vardı, içinde misk doluydu ve sonra yukarı baktı; misk en güzel kokudur. Sonra iki kadının arasında yürüdü ve insanlar onu tanımadı. Elini şöyle bir hareketle salladı ve Şu'be, onun elini nasıl salladığını göstermek için elini salladı."
      }
    },
    {
      "id": 21,
      "idInBook": 21,
      "chapterId": 40,
      "bookId": 2,
      "arabic": "حَدَّثَنَا عَمْرٌو النَّاقِدُ، حَدَّثَنَا يَزِيدُ بْنُ هَارُونَ، عَنْ شُعْبَةَ، عَنْ خُلَيْدِ بْنِ جَعْفَرٍ، وَالْمُسْتَمِرِّ،\n قَالاَ سَمِعْنَا أَبَا نَضْرَةَ، يُحَدِّثُ عَنْ أَبِي سَعِيدٍ الْخُدْرِيِّ، أَنَّ رَسُولَ اللَّهِ صلى الله عليه وسلم\n ذَكَرَ امْرَأَةً مِنْ بَنِي إِسْرَائِيلَ حَشَتْ خَاتَمَهَا مِسْكًا وَالْمِسْكُ أَطْيَبُ الطِّيبِ ‏.‏",
      "english": {
        "narrator": "",
        "text": "Abu Sa'id Khudri reported that Allah's Messenger (ﷺ) made a mention of a woman of Bana Isra'il who had filled her ring with musk and musk is the most fragrant of the scents."
      },
      "turkish": {
        "narrator": "",
        "text": "Ebu Sa'id Hudri, Allah'ın Elçisi (ﷺ) Beni İsrail'den bir kadından bahsettiğini, bu kadının yüzüğünü miskle doldurduğunu ve miskin en güzel kokulardan biri olduğunu bildirmiştir."
      }
    },
    {
      "id": 22,
      "idInBook": 22,
      "chapterId": 40,
      "bookId": 2,
      "arabic": "حَدَّثَنَا أَبُو بَكْرِ بْنُ أَبِي شَيْبَةَ، وَزُهَيْرُ بْنُ حَرْبٍ، كِلاَهُمَا عَنِ الْمُقْرِئِ، قَالَ أَبُو بَكْرٍ\n حَدَّثَنَا أَبُو عَبْدِ الرَّحْمَنِ الْمُقْرِئُ، عَنْ سَعِيدِ بْنِ أَبِي أَيُّوبَ، حَدَّثَنِي عُبَيْدُ اللَّهِ بْنُ أَبِي جَعْفَرٍ،\n عَنْ عَبْدِ الرَّحْمَنِ الأَعْرَجِ، عَنْ أَبِي هُرَيْرَةَ، قَالَ قَالَ رَسُولُ اللَّهِ صلى الله عليه وسلم ‏\n\"‏\n مَنْ عُرِضَ عَلَيْهِ رَيْحَانٌ فَلاَ يَرُدُّهُ فَإِنَّهُ خَفِيفُ الْمَحْمِلِ طَيِّبُ الرِّيحِ ‏\"‏ ‏.‏",
      "english": {
        "narrator": "Abu Huraira reported Allah's Messenger (ﷺ) as saying:",
        "text": "He who is presented with a flower should not reject it, for it is light to carry and pleasant in odour."
      },
      "turkish": {
        "narrator": "Abu Huraira reported Allah's Messenger (ﷺ) as saying:",
        "text": "Ebu Hureyre, Allah'ın Elçisi (ﷺ) şöyle dediğini bildirmiştir: Birine bir çiçek sunulduğunda onu reddetmemelidir, çünkü taşınması hafif ve kokusu hoştur."
      }
    },
    {
      "id": 23,
      "idInBook": 23,
      "chapterId": 40,
      "bookId": 2,
      "arabic": "حَدَّثَنِي هَارُونُ بْنُ سَعِيدٍ الأَيْلِيُّ، وَأَبُو طَاهِرٍ وَأَحْمَدُ بْنُ عِيسَى قَالَ أَحْمَدُ حَدَّثَنَا \n وَقَالَ الآخَرَانِ، أَخْبَرَنَا ابْنُ وَهْبٍ، أَخْبَرَنِي مَخْرَمَةُ، عَنْ أَبِيهِ، عَنْ نَافِعٍ، قَالَ كَانَ ابْنُ عُمَرَ\n إِذَا اسْتَجْمَرَ اسْتَجْمَرَ بِالأَلُوَّةِ غَيْرِ مُطَرَّاةٍ وَبِكَافُورٍ يَطْرَحُهُ مَعَ الأَلُوَّةِ ثُمَّ قَالَ هَكَذَا كَانَ\n يَسْتَجْمِرُ رَسُولُ اللَّهِ صلى الله عليه وسلم ‏.‏",
      "english": {
        "narrator": "Nafi' reported that when Ibn Umar wanted fumigation he got it from aloeswood without mixing anything with it, or he put camphor along with aloeswood and then said:",
        "text": "This is how Allah's Messenger (ﷺ) fumigated."
      },
      "turkish": {
        "narrator": "Nafi' reported that when Ibn Umar wanted fumigation he got it from aloeswood without mixing anything with it, or he put camphor along with aloeswood and then said:",
        "text": "Nafi', İbn Ömer fumigasyon istediğinde, onu sadece sandal ağacından alarak karıştırmadan kullandığını veya sandal ağacı ile birlikte kafur koyduğunu ve sonra şöyle dediğini bildirmiştir: İşte Allah'ın Elçisi (ﷺ) böyle fumigasyon yapardı."
      }
    }
  ],
  "chapter": {
    "id": 40,
    "bookId": 2,
    "arabic": "كتاب الألفاظ من الأدب وغيرها",
    "english": "The Book Concerning the Use of Correct Words"
  }
}