{"metadata":{"length":11,"arabic":{"title":"صحيح مسلم","author":"الإمام مسلم بن الحجاج القشيري النيسابوري","introduction":"كتاب الشعر"},"english":{"title":"Sahih Muslim","author":"Imam Muslim ibn al-Hajjaj al-Naysaburi","introduction":"The Book of Poetry"}},"hadiths":[{"id":1,"idInBook":1,"chapterId":41,"bookId":2,"arabic":"حَدَّثَنَا عَمْرٌو النَّاقِدُ، وَابْنُ أَبِي عُمَرَ، كِلاَهُمَا عَنِ ابْنِ عُيَيْنَةَ، قَالَ ابْنُ أَبِي عُمَرَ\n حَدَّثَنَا سُفْيَانُ، عَنْ إِبْرَاهِيمَ بْنِ مَيْسَرَةَ، عَنْ عَمْرِو بْنِ الشَّرِيدِ، عَنْ أَبِيهِ، قَالَ رَدِفْتُ رَسُولَ\n اللَّهِ صلى الله عليه وسلم يَوْمًا فَقَالَ ‏\"‏ هَلْ مَعَكَ مِنْ شِعْرِ أُمَيَّةَ بْنِ أَبِي الصَّلْتِ شَيْئًا ‏\"‏\n ‏.‏ قُلْتُ نَعَمْ قَالَ ‏\"‏ هِيهِ ‏\"‏ ‏.‏ فَأَنْشَدْتُهُ بَيْتًا فَقَالَ ‏\"‏ هِيهِ ‏\"‏ ‏.‏ ثُمَّ أَنْشَدْتُهُ بَيْتًا فَقَالَ ‏\"‏ هِيهِ\n ‏\"‏ ‏.‏ حَتَّى أَنْشَدْتُهُ مِائَةَ بَيْتٍ ‏.‏ \n وَحَدَّثَنِيهِ زُهَيْرُ بْنُ حَرْبٍ، وَأَحْمَدُ بْنُ عَبْدَةَ، جَمِيعًا عَنِ ابْنِ عُيَيْنَةَ، عَنْ إِبْرَاهِيمَ،\n بْنِ مَيْسَرَةَ عَنْ عَمْرِو بْنِ الشَّرِيدِ، أَوْ يَعْقُوبَ بْنِ عَاصِمٍ عَنِ الشَّرِيدِ، قَالَ أَرْدَفَنِي رَسُولُ\n اللَّهِ صلى الله عليه وسلم خَلْفَهُ ‏.‏ فَذَكَرَ بِمِثْلِهِ ‏.‏","english":{"narrator":"`Amr b. Sharid reported his father as saying:","text":"One day when I rode behind Allah's Messenger (ﷺ), he said (to me): Do you remember any poetry of Umayya b. Abu Salt. I said: Yes. He said: Then go on. I recited a couplet, and he said: Go on. Then I again recited a couplet and he said: Go on. I recited one hundred couplets (of his poetry). This hadith has been reported on the authority of Sharid through another chain of transmitters but with a slight variation of wording."}},{"id":2,"idInBook":2,"chapterId":41,"bookId":2,"arabic":"وَحَدَّثَنَا يَحْيَى بْنُ يَحْيَى، أَخْبَرَنَا الْمُعْتَمِرُ بْنُ سُلَيْمَانَ، ح وَحَدَّثَنَا زُهَيْرُ بْنُ حَرْبٍ،\n حَدَّثَنَا عَبْدُ الرَّحْمَنِ بْنُ مَهْدِيٍّ، كِلاَهُمَا عَنْ عَبْدِ اللَّهِ بْنِ عَبْدِ الرَّحْمَنِ الطَّائِفِيِّ، عَنْ عَمْرِو،\n بْنِ الشَّرِيدِ عَنْ أَبِيهِ، قَالَ اسْتَنْشَدَنِي رَسُولُ اللَّهِ صلى الله عليه وسلم ‏.‏ بِمِثْلِ حَدِيثِ إِبْرَاهِيمَ\n بْنِ مَيْسَرَةَ وَزَادَ قَالَ ‏\"‏ إِنْ كَادَ لَيُسْلِمُ ‏\"‏ ‏.‏ وَفِي حَدِيثِ ابْنِ مَهْدِيٍّ قَالَ ‏\"‏ فَلَقَدْ كَادَ يُسْلِمُ\n فِي شِعْرِهِ ‏\"‏ ‏.‏","english":{"narrator":"`Amr b. Sharid reported on the authority of his father that Allah's Messenger (ﷺ) asked him to recite poetry, the rest of the hadith is the same, but with this addition:","text":"\"He (that is Umayya b. Abu Salt) was about to become a Muslim\", and in the hadith transmitted on the authority of Ibn Mahdi (the words are) \"He was almost a Muslim in his poetry.\""}},{"id":3,"idInBook":3,"chapterId":41,"bookId":2,"arabic":"حَدَّثَنِي أَبُو جَعْفَرٍ، مُحَمَّدُ بْنُ الصَّبَّاحِ وَعَلِيُّ بْنُ حُجْرٍ السَّعْدِيُّ جَمِيعًا عَنْ شَرِيكٍ،\n قَالَ ابْنُ حُجْرٍ أَخْبَرَنَا شَرِيكٌ، عَنْ عَبْدِ الْمَلِكِ بْنِ عُمَيْرٍ، عَنْ أَبِي سَلَمَةَ، عَنْ أَبِي هُرَيْرَةَ، عَنِ \n النَّبِيِّ صلى الله عليه وسلم قَالَ ‏\n\"‏ أَشْعَرُ كَلِمَةٍ تَكَلَّمَتْ بِهَا الْعَرَبُ كَلِمَةُ لَبِيدٍ أَلاَ كُلُّ شَىْءٍ\n مَا خَلاَ اللَّهَ بَاطِلٌ ‏\"‏ ‏.‏","english":{"narrator":"Abu Huraira reported Allah's Messenger (ﷺ) as saying:","text":"The truest word spoken by an Arab (pre-Islamic) in poetry is this verse of Labid: \"Behold! apart from Allah everything is vain.\""}},{"id":4,"idInBook":4,"chapterId":41,"bookId":2,"arabic":"وَحَدَّثَنِي مُحَمَّدُ بْنُ حَاتِمِ بْنِ مَيْمُونٍ، حَدَّثَنَا ابْنُ مَهْدِيٍّ، عَنْ سُفْيَانَ، عَنْ عَبْدِ الْمَلِكِ،\n بْنِ عُمَيْرٍ حَدَّثَنَا أَبُو سَلَمَةَ، عَنْ أَبِي هُرَيْرَةَ، قَالَ قَالَ رَسُولُ اللَّهِ صلى الله عليه وسلم ‏\n\"‏\n أَصْدَقُ كَلِمَةٍ قَالَهَا شَاعِرٌ كَلِمَةُ لَبِيدٍ أَلاَ كُلُّ شَىْءٍ مَا خَلاَ اللَّهَ بَاطِلٌ وَكَادَ أُمَيَّةُ بْنُ أَبِي الصَّلْتِ\n أَنْ يُسْلِمَ ‏\"‏ ‏.‏","english":{"narrator":"Abu Huraira reported Allah's Messenger (ﷺ) as saying:","text":"The truest word uttered by a poet is this verse of Labid: \"Behold! apart from Allah everything is vain,\" and Umayya b. Abu Salt was almost a Muslim."}},{"id":5,"idInBook":5,"chapterId":41,"bookId":2,"arabic":"وَحَدَّثَنِي ابْنُ أَبِي عُمَرَ، حَدَّثَنَا سُفْيَانُ، عَنْ زَائِدَةَ، عَنْ عَبْدِ الْمَلِكِ بْنِ عُمَيْرٍ، عَنْ \n أَبِي سَلَمَةَ بْنِ عَبْدِ الرَّحْمَنِ، عَنْ أَبِي هُرَيْرَةَ، أَنَّ رَسُولَ اللَّهِ صلى الله عليه وسلم قَالَ ‏\n\"‏\n أَصْدَقُ بَيْتٍ قَالَهُ الشَّاعِرُ أَلاَ كُلُّ شَىْءٍ مَا خَلاَ اللَّهَ بَاطِلٌ وَكَادَ ابْنُ أَبِي الصَّلْتِ أَنْ يُسْلِمَ\n ‏\"‏ ‏.‏","english":{"narrator":"Abu Huraira reported Allah's Messenger (ﷺ) as saying:","text":"The truest verse recited by a poet is: \"Behold! apart from Allah everything is vain,\" and Ibn Abu Salt was almost a Muslim."}},{"id":6,"idInBook":6,"chapterId":41,"bookId":2,"arabic":"وَحَدَّثَنَا مُحَمَّدُ بْنُ الْمُثَنَّى، حَدَّثَنَا مُحَمَّدُ بْنُ جَعْفَرٍ، حَدَّثَنَا شُعْبَةُ، عَنْ عَبْدِ الْمَلِكِ بْنِ،\n عُمَيْرٍ عَنْ أَبِي سَلَمَةَ، عَنْ أَبِي هُرَيْرَةَ، عَنِ النَّبِيِّ صلى الله عليه وسلم قَالَ ‏\n\"‏ أَصْدَقُ بَيْتٍ\n قَالَتْهُ الشُّعَرَاءُ أَلاَ كُلُّ شَىْءٍ مَا خَلاَ اللَّهَ بَاطِلٌ ‏\"‏ ‏.‏","english":{"narrator":"Abu Huraira reported Allah's Apostle (ﷺ) as saying:","text":"The truest couplet recited by a poet is: \"Behold! apart from Allah everything is vain,\" and he made no addition to it."}},{"id":7,"idInBook":7,"chapterId":41,"bookId":2,"arabic":"وَحَدَّثَنَا يَحْيَى بْنُ يَحْيَى، أَخْبَرَنَا يَحْيَى بْنُ زَكَرِيَّاءَ، عَنْ إِسْرَائِيلَ، عَنْ عَبْدِ الْمَلِكِ،\n بْنِ عُمَيْرٍ عَنْ أَبِي سَلَمَةَ بْنِ عَبْدِ الرَّحْمَنِ، قَالَ سَمِعْتُ أَبَا هُرَيْرَةَ، يَقُولُ سَمِعْتُ رَسُولَ اللَّهِ\n صلى الله عليه وسلم يَقُولُ ‏\n\"‏ إِنَّ أَصْدَقَ كَلِمَةٍ قَالَهَا شَاعِرٌ كَلِمَةُ لَبِيدٍ أَلاَ كُلُّ شَىْءٍ مَا خَلاَ\n اللَّهَ بَاطِلٌ ‏\"‏ ‏.‏ مَا زَادَ عَلَى ذَلِكَ ‏.‏","english":{"narrator":"Abu Huraira reported:","text":"I heard Allah's Messenger (ﷺ) as saying: The truest word which the poet stated is the word of Labid: \"Behold! apart from Allah everything is vain.\""}},{"id":8,"idInBook":8,"chapterId":41,"bookId":2,"arabic":"حَدَّثَنَا أَبُو بَكْرِ بْنُ أَبِي شَيْبَةَ، حَدَّثَنَا حَفْصٌ، وَأَبُو مُعَاوِيَةَ ح وَحَدَّثَنَا أَبُو كُرَيْبٍ،\n حَدَّثَنَا أَبُو مُعَاوِيَةَ، كِلاَهُمَا عَنِ الأَعْمَشِ، ح وَحَدَّثَنَا أَبُو سَعِيدٍ الأَشَجُّ، حَدَّثَنَا وَكِيعٌ، حَدَّثَنَا \n الأَعْمَشُ، عَنْ أَبِي صَالِحٍ، عَنْ أَبِي هُرَيْرَةَ، قَالَ قَالَ رَسُولُ اللَّهِ صلى الله عليه وسلم ‏\"‏\n لأَنْ يَمْتَلِئَ جَوْفُ الرَّجُلِ قَيْحًا يَرِيهِ خَيْرٌ مِنْ أَنْ يَمْتَلِئَ شِعْرًا ‏\"‏ ‏.‏ قَالَ أَبُو بَكْرٍ إِلاَّ أَنَّ حَفْصًا\n لَمْ يَقُلْ ‏\"‏ يَرِيهِ ‏\"‏ ‏.‏","english":{"narrator":"Abu Huraira reported Allah's Messenger (ﷺ) as saying:","text":"It is better for a man's belly to be stuffed with pus which corrodes it than to stuff (one's mind) with frivolous poetry. Abu Bakr has reported it with a slight variation of wording."}},{"id":9,"idInBook":9,"chapterId":41,"bookId":2,"arabic":"حَدَّثَنَا مُحَمَّدُ بْنُ الْمُثَنَّى، وَمُحَمَّدُ بْنُ بَشَّارٍ، قَالاَ حَدَّثَنَا مُحَمَّدُ بْنُ جَعْفَرٍ، حَدَّثَنَا شُعْبَةُ،\n عَنْ قَتَادَةَ، عَنْ يُونُسَ بْنِ جُبَيْرٍ، عَنْ مُحَمَّدِ بْنِ سَعْدٍ، عَنْ سَعْدٍ، عَنِ النَّبِيِّ صلى الله عليه\n وسلم قَالَ ‏\n\"‏ لأَنْ يَمْتَلِئَ جَوْفُ أَحَدِكُمْ قَيْحًا يَرِيهِ خَيْرٌ مِنْ أَنْ يَمْتَلِئَ شِعْرًا ‏\"‏ ‏.‏","english":{"narrator":"Sa`d reported Allah's Apostle (ﷺ) as saying:","text":"It is better for the belly of any one of you to be stuffed with pus rather than to stuff (one's mind) with poetry."}},{"id":10,"idInBook":10,"chapterId":41,"bookId":2,"arabic":"حَدَّثَنَا قُتَيْبَةُ بْنُ سَعِيدٍ الثَّقَفِيُّ، حَدَّثَنَا لَيْثٌ، عَنِ ابْنِ الْهَادِ، عَنْ يُحَنِّسَ، مَوْلَى مُصْعَبِ\n بْنِ الزُّبَيْرِ عَنْ أَبِي سَعِيدٍ الْخُدْرِيِّ، قَالَ بَيْنَا نَحْنُ نَسِيرُ مَعَ رَسُولِ اللَّهِ صلى الله عليه وسلم\n بِالْعَرْجِ إِذْ عَرَضَ شَاعِرٌ يُنْشِدُ فَقَالَ رَسُولُ اللَّهِ صلى الله عليه وسلم ‏\n\"‏ خُذُوا الشَّيْطَانَ\n أَوْ أَمْسِكُوا الشَّيْطَانَ لأَنْ يَمْتَلِئَ جَوْفُ رَجُلٍ قَيْحًا خَيْرٌ لَهُ مِنْ أَنْ يَمْتَلِئَ شِعْرًا ‏\"‏ ‏.‏","english":{"narrator":"Abu Sa`id Al-Khudri reported:","text":"We were going with Allah's Messenger (ﷺ). As we reached the place (known as) `Arj there met (us) a poet who had been reciting poetry. Thereupon Allah's Messenger (ﷺ) said: Catch the satan or detain the satan, for filling the belly of a man with pus is better than stuffing his brain with poetry."}},{"id":11,"idInBook":11,"chapterId":41,"bookId":2,"arabic":"حَدَّثَنِي زُهَيْرُ بْنُ حَرْبٍ، حَدَّثَنَا عَبْدُ الرَّحْمَنِ بْنُ مَهْدِيٍّ، عَنْ سُفْيَانَ، عَنْ عَلْقَمَةَ بْنِ،\n مَرْثَدٍ عَنْ سُلَيْمَانَ بْنِ بُرَيْدَةَ، عَنْ أَبِيهِ، أَنَّ النَّبِيَّ صلى الله عليه وسلم قَالَ ‏\n\"‏ مَنْ لَعِبَ بِالنَّرْدَشِيرِ\n فَكَأَنَّمَا صَبَغَ يَدَهُ فِي لَحْمِ خِنْزِيرٍ وَدَمِهِ ‏\"‏ ‏.‏","english":{"narrator":"Buraida reported on the authority of his father that Allah's Apostle (ﷺ) said:","text":"He who played Nardashir (a game similar to backgammon) is like one who dyed his hand with the flesh and blood of swine."}}],"chapter":{"id":41,"bookId":2,"arabic":"كتاب الشعر","english":"The Book of Poetry"}}