{
  "metadata": {
    "length": 40,
    "arabic": {
      "title": "صحيح مسلم",
      "author": "الإمام مسلم بن الحجاج القشيري النيسابوري",
      "introduction": "كتاب التفسير"
    },
    "english": {
      "title": "Sahih Muslim",
      "author": "Imam Muslim ibn al-Hajjaj al-Naysaburi",
      "introduction": "The Book of Commentary on the Qur'an"
    }
  },
  "hadiths": [
    {
      "id": 1,
      "idInBook": 1,
      "chapterId": 56,
      "bookId": 2,
      "arabic": "حَدَّثَنَا مُحَمَّدُ بْنُ رَافِعٍ، حَدَّثَنَا عَبْدُ الرَّزَّاقِ، حَدَّثَنَا مَعْمَرٌ، عَنْ هَمَّامِ بْنِ مُنَبِّهٍ، قَالَ هَذَا مَا حَدَّثَنَا أَبُو هُرَيْرَةَ، عَنْ رَسُولِ اللَّهِ صلى الله عليه وسلم ‏.‏ فَذَكَرَ أَحَادِيثَ مِنْهَا وَقَالَ رَسُولُ اللَّهِ صلى الله عليه وسلم ‏\n\"‏ قِيلَ لِبَنِي إِسْرَائِيلَ ‏{‏ ادْخُلُوا الْبَابَ سُجَّدًا وَقُولُوا حِطَّةٌ يُغْفَرْ لَكُمْ خَطَايَاكُمْ‏}‏ فَبَدَّلُوا فَدَخَلُوا الْبَابَ يَزْحَفُونَ عَلَى أَسْتَاهِهِمْ وَقَالُوا حَبَّةٌ فِي شَعَرَةٍ\"‏ ‏.‏",
      "english": {
        "narrator": "Hammim b. Munabbih reported:",
        "text": "This is what Abu Huraira reported to us from Allah's Messenger (ﷺ) and in this connection he narrated some of the ahadith and Allah's Messenger (ﷺ) said: It was said to people of Israel: Enter this land saying Hitta (Remove Thou from us the burden of our sins), whereupon We would forgive you your sins, but they twisted (this statement) and entered the gate dragging upon their breech and said: The\" grain in the ear.\""
      },
      "turkish": {
        "narrator": "Hammim b. Munabbih reported:",
        "text": "Hammim b. Munabbih bildirdi: Bu, Ebu Hureyre'nin bize Allah'ın Resulü (ﷺ) ile ilgili olarak aktardığıdır ve bu bağlamda bazı hadisler nakletti ve Allah'ın Resulü (ﷺ) şöyle dedi: İsrailoğullarına denildi ki: Bu yere Hitta (Günahlarımızın yükünü üzerimizden kaldır) diyerek girin, o zaman biz günahlarınızı affedeceğiz, fakat onlar (bu ifadeyi) çarpıttılar ve kapıdan sürünerek girdiler ve \"Kuru tahıl\" dediler."
      }
    },
    {
      "id": 2,
      "idInBook": 2,
      "chapterId": 56,
      "bookId": 2,
      "arabic": "حَدَّثَنِي عَمْرُو بْنُ مُحَمَّدِ بْنِ بُكَيْرٍ النَّاقِدُ، وَالْحَسَنُ بْنُ عَلِيٍّ الْحُلْوَانِيُّ، وَعَبْدُ بْنُ، حُمَيْدٍ - قَالَ عَبْدٌ حَدَّثَنِي وَقَالَ الآخَرَانِ، حَدَّثَنَا يَعْقُوبُ، - يَعْنُونَ ابْنَ إِبْرَاهِيمَ بْنِ سَعْدٍ - حَدَّثَنَا أَبِي، عَنْ صَالِحٍ، - وَهُوَ ابْنُ كَيْسَانَ - عَنِ ابْنِ شِهَابٍ، قَالَ أَخْبَرَنِي أَنَسُ بْنُ، مَالِكٍ أَنَّ اللَّهَ، عَزَّ وَجَلَّ تَابَعَ الْوَحْىَ عَلَى رَسُولِ اللَّهِ صلى الله عليه وسلم قَبْلَ وَفَاتِهِ حَتَّى تُوُفِّيَ وَأَكْثَرُ مَا كَانَ الْوَحْىُ يَوْمَ تُوُفِّيَ رَسُولُ اللَّهِ صلى الله عليه وسلم ‏.‏",
      "english": {
        "narrator": "",
        "text": "Anas b. Malik reported that Allah, the Exalted and Glorious, sent revelation to Allah's Messenger (ﷺ) just before his death in quick succession until he left for his heavenly home, and the day when he died, he received the revelation profusely."
      },
      "turkish": {
        "narrator": "",
        "text": "Anas b. Malik bildirdi ki, Allah, Azze ve Celle, Allah'ın Resulü (ﷺ) vefatından hemen önce ardı ardına vahiy gönderdi ve o, cennete göçene kadar devam etti ve vefat ettiği gün, vahiy bolca geldi."
      }
    },
    {
      "id": 3,
      "idInBook": 3,
      "chapterId": 56,
      "bookId": 2,
      "arabic": "حَدَّثَنِي أَبُو خَيْثَمَةَ، زُهَيْرُ بْنُ حَرْبٍ وَمُحَمَّدُ بْنُ الْمُثَنَّى - وَاللَّفْظُ لاِبْنِ الْمُثَنَّى - قَالاَ حَدَّثَنَا عَبْدُ الرَّحْمَنِ، - وَهُوَ ابْنُ مَهْدِيٍّ - حَدَّثَنَا سُفْيَانُ، عَنْ قَيْسِ بْنِ مُسْلِمٍ، عَنْ طَارِقِ، بْنِ شِهَابٍ أَنَّ الْيَهُودَ، قَالُوا لِعُمَرَ إِنَّكُمْ تَقْرَءُونَ آيَةً لَوْ أُنْزِلَتْ فِينَا لاَتَّخَذْنَا ذَلِكَ الْيَوْمَ عِيدًا ‏.‏ فَقَالَ عُمَرُ إِنِّي لأَعْلَمُ حَيْثُ أُنْزِلَتْ وَأَىَّ يَوْمٍ أُنْزِلَتْ وَأَيْنَ رَسُولُ اللَّهِ صلى الله عليه وسلم حَيْثُ أُنْزِلَتْ أُنْزِلَتْ بِعَرَفَةَ وَرَسُولُ اللَّهِ صلى الله عليه وسلم وَاقِفٌ بِعَرَفَةَ ‏.‏ قَالَ سُفْيَانُ أَشُكُّ كَانَ يَوْمَ جُمُعَةٍ أَمْ لاَ ‏.‏ يَعْنِي ‏{‏ الْيَوْمَ أَكْمَلْتُ لَكُمْ دِينَكُمْ وَأَتْمَمْتُ عَلَيْكُمْ نِعْمَتِي‏}‏",
      "english": {
        "narrator": "Tariq b. Shihab reported that a Jew said to'Umar:",
        "text": "You recite a verse which, if it had been revealed in relation to us, we would have taken that day as the day of rejoicing. Thereupon 'Umar said: I know where it was revealed and on the day when it was revealed and where Allah's Messenger (ﷺ) had been at that time when it was revealed. It was revealed on the day of 'Arafa (ninth of Dhu'l Hijjah) and Allah's Messenger (ﷺ) had been staying in 'Arafat. Sufyan said: I doubt, whether it was Friday or not (and the verse referred to) is this:\" Today I have perfected your religion for you and completed My favours upon you\" (v. 4)."
      },
      "turkish": {
        "narrator": "Tariq b. Shihab reported that a Jew said to'Umar:",
        "text": "Tariq b. Şihab bildirdi ki, bir Yahudi 'Ömer'e dedi: Siz, eğer bizimle ilgili olarak indirilseydi, o günü sevinç günü olarak alırdık, dediğiniz bir ayeti okuyorsunuz. Bunun üzerine 'Ömer dedi ki: Nerede indirildiğini, ne zaman indirildiğini ve o zaman Allah'ın Resulü (ﷺ) neredeydi, biliyorum. Bu ayet 'Arafat günü (Zilhicce'nin dokuzuncu günü) indirildi ve Allah'ın Resulü (ﷺ) o zaman 'Arafat'ta bulunuyordu. Süfyan dedi: Cuma günü olup olmadığından şüphe ediyorum (ve bahsedilen ayet) şudur: \"Bugün dininizi size kemale erdirdim ve üzerinize olan nimetimi tamamladım\" (v. 4)."
      }
    },
    {
      "id": 4,
      "idInBook": 4,
      "chapterId": 56,
      "bookId": 2,
      "arabic": "حَدَّثَنَا أَبُو بَكْرِ بْنُ أَبِي شَيْبَةَ، وَأَبُو كُرَيْبٍ - وَاللَّفْظُ لأَبِي بَكْرٍ - قَالَ حَدَّثَنَا عَبْدُ، اللَّهِ بْنُ إِدْرِيسَ عَنْ أَبِيهِ، عَنْ قَيْسِ بْنِ مُسْلِمٍ، عَنْ طَارِقِ بْنِ شِهَابٍ، قَالَ قَالَتِ الْيَهُودُ لِعُمَرَ لَوْ عَلَيْنَا مَعْشَرَ يَهُودَ نَزَلَتْ هَذِهِ الآيَةُ ‏{‏ الْيَوْمَ أَكْمَلْتُ لَكُمْ دِينَكُمْ وَأَتْمَمْتُ عَلَيْكُمْ نِعْمَتِي وَرَضِيتُ لَكُمُ الإِسْلاَمَ دِينًا‏}‏ نَعْلَمُ الْيَوْمَ الَّذِي أُنْزِلَتْ فِيهِ لاَتَّخَذْنَا ذَلِكَ الْيَوْمَ عِيدًا ‏.‏ قَالَ فَقَالَ عُمَرُ فَقَدْ عَلِمْتُ الْيَوْمَ الَّذِي أُنْزِلَتْ فِيهِ وَالسَّاعَةَ وَأَيْنَ رَسُولُ اللَّهِ صلى الله عليه وسلم حِينَ نَزَلَتْ نَزَلَتْ لَيْلَةَ جَمْعٍ وَنَحْنُ مَعَ رَسُولِ اللَّهِ صلى الله عليه وسلم بِعَرَفَاتٍ ‏.‏",
      "english": {
        "narrator": "Tariq b. Shihab reported that a Jew said to 'Umar:",
        "text": "If this verse were revealed in relation to the Jews (i e. \"This day I have perfected your religion for you and have completed My favours for you and have chosen for you al-Islam as religion\") we would have taken the day of rejoicing on which this verse was revealed. Thereupon 'Umar said: I know the day on which it was revealed and the hour when it was revealed and where Allah's Messenger (ﷺ) had been when it was revealed. It was revealed on the night of Friday and we were in 'Arafat with Allah's Messenger (ﷺ) at that time."
      },
      "turkish": {
        "narrator": "Tariq b. Shihab reported that a Jew said to 'Umar:",
        "text": "Tariq b. Shihab bildirdi ki, bir Yahudi 'Ömer'e dedi: Eğer bu ayet Yahudilerle ilgili olarak indirilseydi (yani \"Bu gün dininizi size kemale erdirdim ve üzerinize olan nimetimi tamamladım ve sizin için din olarak İslam'ı seçtim\"), bu ayeti indirilmiş olduğu gün sevinç günü olarak alırdık. Bunun üzerine 'Ömer dedi ki: O günün ne zaman indirildiğini, saatini ve Allah'ın Resulü (ﷺ) o zaman nerede olduğunu biliyorum. Bu ayet Cuma gecesi indirildi ve o zaman Allah'ın Resulü (ﷺ) ile birlikte 'Arafat'taydık."
      }
    },
    {
      "id": 5,
      "idInBook": 5,
      "chapterId": 56,
      "bookId": 2,
      "arabic": "وَحَدَّثَنِي عَبْدُ بْنُ حُمَيْدٍ، أَخْبَرَنَا جَعْفَرُ بْنُ عَوْنٍ، أَخْبَرَنَا أَبُو عُمَيْسٍ، عَنْ قَيْسِ، بْنِ مُسْلِمٍ عَنْ طَارِقِ بْنِ شِهَابٍ، قَالَ جَاءَ رَجُلٌ مِنَ الْيَهُودِ إِلَى عُمَرَ فَقَالَ يَا أَمِيرَ الْمُؤْمِنِينَ آيَةٌ فِي كِتَابِكُمْ تَقْرَءُونَهَا لَوْ عَلَيْنَا نَزَلَتْ مَعْشَرَ الْيَهُودِ لاَتَّخَذْنَا ذَلِكَ الْيَوْمَ عِيدًا ‏.‏ قَالَ وَأَىُّ آيَةٍ قَالَ ‏{‏ الْيَوْمَ أَكْمَلْتُ لَكُمْ دِينَكُمْ وَأَتْمَمْتُ عَلَيْكُمْ نِعْمَتِي وَرَضِيتُ لَكُمُ الإِسْلاَمَ دِينًا‏}‏ فَقَالَ عُمَرُ إِنِّي لأَعْلَمُ الْيَوْمَ الَّذِي نَزَلَتْ فِيهِ وَالْمَكَانَ الَّذِي نَزَلَتْ فِيهِ نَزَلَتْ عَلَى رَسُولِ اللَّهِ صلى الله عليه وسلم بِعَرَفَاتٍ فِي يَوْمِ جُمُعَةٍ ‏.‏",
      "english": {
        "narrator": "Tariq b. Shihab reported that a Jew came to 'Umar and said:",
        "text": "Commander of the Faithful, there is a verse in your Book, which you recite. Had it been revealed in connection with the Jews, we would have taken it as the day of rejoicing. Thereupon he said: Which verse do you mean? He replied:\" This day I have perfected your religion for you and I have completed My favours upon you and I have chosen al-Islam as religion for you.\" Umar said, I know the day when it was revealed and the place where it was revealed. It was revealed to Allah's Messenger (ﷺ) at 'Arafat on Friday."
      },
      "turkish": {
        "narrator": "Tariq b. Shihab reported that a Jew came to 'Umar and said:",
        "text": "Tariq b. Shihab bildirdi ki, bir Yahudi 'Ömer'e geldi ve dedi: Ey Müminlerin Emiri, kitabınızda okuduğunuz bir ayet var. Eğer bu ayet Yahudilerle ilgili olarak indirilmiş olsaydı, biz onu sevinç günü olarak alırdık. Bunun üzerine 'Ömer dedi: Hangi ayetten bahsediyorsun? O, \"Bu gün dininizi size kemale erdirdim ve üzerinize olan nimetimi tamamladım ve sizin için din olarak İslam'ı seçtim\" dedi. 'Ömer dedi ki: O günün ne zaman indirildiğini ve nerede indirildiğini biliyorum. Bu ayet Cuma günü 'Arafat'ta Allah'ın Resulü (ﷺ) için indirildi."
      }
    },
    {
      "id": 6,
      "idInBook": 6,
      "chapterId": 56,
      "bookId": 2,
      "arabic": "حَدَّثَنِي أَبُو الطَّاهِرِ، أَحْمَدُ بْنُ عَمْرِو بْنِ سَرْحٍ وَحَرْمَلَةُ بْنُ يَحْيَى التُّجِيبِيُّ - قَالَ أَبُو الطَّاهِرِ حَدَّثَنَا وَقَالَ، حَرْمَلَةُ أَخْبَرَنَا - ابْنُ وَهْبٍ، أَخْبَرَنِي يُونُسُ، عَنِ ابْنِ شِهَابٍ، أَخْبَرَنِي عُرْوَةُ بْنُ الزُّبَيْرِ، أَنَّهُ سَأَلَ عَائِشَةَ عَنْ قَوْلِ اللَّهِ، ‏{‏ وَإِنْ خِفْتُمْ أَنْ لاَ، تُقْسِطُوا فِي الْيَتَامَى فَانْكِحُوا مَا طَابَ لَكُمْ مِنَ النِّسَاءِ مَثْنَى وَثُلاَثَ وَرُبَاعَ‏}‏ قَالَتْ يَا ابْنَ أُخْتِي هِيَ الْيَتِيمَةُ تَكُونُ فِي حَجْرِ وَلِيِّهَا تُشَارِكُهُ فِي مَالِهِ فَيُعْجِبُهُ مَالُهَا وَجَمَالُهَا فَيُرِيدُ وَلِيُّهَا أَنْ يَتَزَوَّجَهَا بِغَيْرِ أَنْ يُقْسِطَ فِي صَدَاقِهَا فَيُعْطِيَهَا مِثْلَ مَا يُعْطِيهَا غَيْرُهُ فَنُهُوا أَنْ يَنْكِحُوهُنَّ إِلاَّ أَنْ يُقْسِطُوا لَهُنَّ وَيَبْلُغُوا بِهِنَّ أَعْلَى سُنَّتِهِنَّ مِنَ الصَّدَاقِ وَأُمِرُوا أَنْ يَنْكِحُوا مَا طَابَ لَهُمْ مِنَ النِّسَاءِ سِوَاهُنَّ ‏.‏ قَالَ عُرْوَةُ قَالَتْ عَائِشَةُ ثُمَّ إِنَّ النَّاسَ اسْتَفْتَوْا رَسُولَ اللَّهِ صلى الله عليه وسلم بَعْدَ هَذِهِ الآيَةِ فِيهِنَّ فَأَنْزَلَ اللَّهُ عَزَّ وَجَلَّ ‏{‏ وَيَسْتَفْتُونَكَ فِي النِّسَاءِ قُلِ اللَّهُ يُفْتِيكُمْ فِيهِنَّ وَمَا يُتْلَى عَلَيْكُمْ فِي الْكِتَابِ فِي يَتَامَى النِّسَاءِ اللاَّتِي لاَ تُؤْتُونَهُنَّ مَا كُتِبَ لَهُنَّ وَتَرْغَبُونَ أَنْ تَنْكِحُوهُنَّ‏}‏ ‏.‏ قَالَتْ وَالَّذِي ذَكَرَ اللَّهُ تَعَالَى أَنَّهُ يُتْلَى عَلَيْكُمْ فِي الْكِتَابِ الآيَةُ الأُولَى الَّتِي قَالَ اللَّهُ فِيهَا ‏{‏ وَإِنْ خِفْتُمْ أَنْ لاَ تُقْسِطُوا فِي الْيَتَامَى فَانْكِحُوا مَا طَابَ لَكُمْ مِنَ النِّسَاءِ‏}‏ ‏.‏ قَالَتْ عَائِشَةُ وَقَوْلُ اللَّهِ فِي الآيَةِ الأُخْرَى ‏{‏ وَتَرْغَبُونَ أَنْ تَنْكِحُوهُنَّ‏}‏ رَغْبَةَ أَحَدِكُمْ عَنِ الْيَتِيمَةِ الَّتِي تَكُونُ فِي حَجْرِهِ حِينَ تَكُونُ قَلِيلَةَ الْمَالِ وَالْجَمَالِ فَنُهُوا أَنْ يَنْكِحُوا مَا رَغِبُوا فِي مَالِهَا وَجَمَالِهَا مِنْ يَتَامَى النِّسَاءِ إِلاَّ بِالْقِسْطِ مِنْ أَجْلِ رَغْبَتِهِمْ عَنْهُنَّ ‏.‏",
      "english": {
        "narrator": "'Urwa b. Zubair reported that he asked 'A'isha about the words of Allah:",
        "text": "\" If you fear that you will not be able to maintain equity amongst the orphan girls, then marry (those) you like from amongst the women two, three or four.\" She said: O, the son of my sister, the orphan girl is one who is under the patronage of her guardian and she shares with him in his property and her property and beauty fascinate him and her guardian makes up his mind to marry her without giving her due share of the wedding money and is not prepared (to pay so much amount) which anyone else is prepared to pay and so Allah has forbidden to marry these girls but in case when equity is observed as regards the wedding money and they are prepared to pay them the full amount of the wedding money and Allah commanded to marry other women besides them according to the liking of their heart. 'Urwa reported that 'A'isha said that people began to seek verdict from Allah's Messenger (ﷺ) after the revelation of this verse about them (orphan girls) and Allah, the Exalted and Glorious, revealed this verse:\" They asked thee verdict about women; say: Allah gives verdict to you in regard to them and what is recited to you in the Book about orphan woman, whom you give not what is ordained for them while you like to marry them\" (iv. 126). She said: The wording of Allah\" what is recited to you\" in the Book means the first verse, i. e.\" if you fear that you may not be able to observe equity in case of an orphan woman, marry what you like in case of woman\" (iv. 3). 'A'isha said: (And as for this verse , i. e. and you intend\" to marry one of them from amongst the orphan girls\" it pertains to one who is in charge (of orphans) having small amount of wealth and less beauty and they have been forbidden that they should marry what they like of her wealth and beauty out of the orphan girls, but with equity, because of their disliking for them."
      },
      "turkish": {
        "narrator": "'Urwa b. Zubair reported that he asked 'A'isha about the words of Allah:",
        "text": "'Urva b. Zubair bildirdi ki, 'A'işe'ye Allah'ın şu sözlerini sordum: \"Eğer yetim kızlar arasında adaleti sağlayamayacağınızdan korkarsanız, o zaman beğendiğiniz kadınlardan iki, üç veya dört ile evlenin.\" O dedi ki: Ey yeğenim, yetim kız, velisinin himayesi altındaki birisidir ve onunla birlikte malında ortaklık yapar ve onun malı ve güzelliği onu etkiler ve velisi, ona düğün parası vermeden evlenmeye karar verir ve başkalarının vermeye hazır olduğu kadar bir miktarı ödemeye istekli değildir. Bu nedenle Allah, bu kızlarla evlenmeyi, ancak düğün parası konusunda adalet sağlandığında ve onlara düğün paralarının tam miktarını ödemeye istekli olduklarında yasaklamıştır ve Allah, kalplerinin hoşlandığına göre başka kadınlarla evlenmeyi emretmiştir. 'Urva, 'A'işe'nin, bu ayetin ardından insanların Allah'ın Resulü (ﷺ) ile bu (yetim kızlar) hakkında fetva sormaya başladıklarını ve Allah, Azze ve Celle'nin bu ayeti indirdiğini bildirdi: \"Sana kadınlar hakkında fetva soruyorlar; de ki: Allah, onlarla ilgili olarak size fetva veriyor ve kitapta yetim kadınlar hakkında okuduğunuz şey, onlara vermeniz gereken şeyleri vermediğiniz halde onlarla evlenmek istemenizdir\" (iv. 126). O dedi ki: Allah'ın \"size okunan\" ifadesi, ilk ayeti yani \"Eğer bir yetim kadın arasında adaleti sağlayamayacağınızdan korkarsanız, o zaman beğendiğiniz kadınlarla evlenin\" (iv. 3) anlamına gelir. 'A'işe dedi ki: (Ve bu ayet için, yani \"yetim kızlardan birisiyle evlenmeyi düşünüyorsanız\" bu, az miktarda malı ve daha az güzelliği olan bir yetimle ilgilidir ve onlara, mallarından ve güzelliklerinden istediklerini evlenmeleri yasaklanmıştır, fakat adaletle, çünkü onlara karşı duyulan hoşnutsuzluktan dolayı."
      }
    },
    {
      "id": 7,
      "idInBook": 7,
      "chapterId": 56,
      "bookId": 2,
      "arabic": "وَحَدَّثَنَا الْحَسَنُ الْحُلْوَانِيُّ، وَعَبْدُ بْنُ حُمَيْدٍ، جَمِيعًا عَنْ يَعْقُوبَ بْنِ إِبْرَاهِيمَ بْنِ سَعْدٍ، حَدَّثَنَا أَبِي، عَنْ صَالِحٍ، عَنِ ابْنِ شِهَابٍ، أَخْبَرَنِي عُرْوَةُ، أَنَّهُ سَأَلَ عَائِشَةَ عَنْ قَوْلِ اللَّهِ، ‏{‏وَإِنْ خِفْتُمْ أَنْ لاَ، تُقْسِطُوا فِي الْيَتَامَى‏}‏ وَسَاقَ الْحَدِيثَ بِمِثْلِ حَدِيثِ يُونُسَ عَنِ الزُّهْرِيِّ وَزَادَ فِي آخِرِهِ مِنْ أَجْلِ رَغْبَتِهِمْ عَنْهُنَّ إِذَا كُنَّ قَلِيلاَتِ الْمَالِ وَالْجَمَالِ ‏.‏",
      "english": {
        "narrator": "'Urwa reported that he asked 'A'isha about the words of Allah:",
        "text": "\" If you fear that you will not be able to observe equity in case of orphan girls\" ; the rest of the hadith is the same but with a slight variation of wording."
      },
      "turkish": {
        "narrator": "'Urwa reported that he asked 'A'isha about the words of Allah:",
        "text": "'Urva bildirdi ki, 'A'işe'ye Allah'ın şu sözlerini sordum: \"Eğer yetim kızlar arasında adaleti sağlayamayacağınızdan korkarsanız\"; hadisin geri kalanı aynı fakat kelime değişikliği ile."
      }
    },
    {
      "id": 8,
      "idInBook": 8,
      "chapterId": 56,
      "bookId": 2,
      "arabic": "حَدَّثَنَا أَبُو بَكْرِ بْنُ أَبِي شَيْبَةَ، وَأَبُو كُرَيْبٍ قَالاَ حَدَّثَنَا أَبُو أُسَامَةَ، حَدَّثَنَا هِشَامٌ، عَنْ أَبِيهِ، عَنْ عَائِشَةَ، فِي قَوْلِهِ ‏{‏ وَإِنْ خِفْتُمْ أَنْ لاَ تُقْسِطُوا فِي الْيَتَامَى‏}‏ قَالَتْ أُنْزِلَتْ فِي الرَّجُلِ تَكُونُ لَهُ الْيَتِيمَةُ وَهُوَ وَلِيُّهَا وَوَارِثُهَا وَلَهَا مَالٌ وَلَيْسَ لَهَا أَحَدٌ يُخَاصِمُ دُونَهَا فَلاَ يُنْكِحُهَا لِمَالِهَا فَيَضُرُّ بِهَا وَيُسِيءُ صُحْبَتَهَا فَقَالَ ‏{‏ إِنْ خِفْتُمْ أَنْ لاَ تُقْسِطُوا فِي الْيَتَامَى فَانْكِحُوا مَا طَابَ لَكُمْ مِنَ النِّسَاءِ‏}‏ يَقُولُ مَا أَحْلَلْتُ لَكُمْ وَدَعْ هَذِهِ الَّتِي تَضُرُّ بِهَا ‏.‏",
      "english": {
        "narrator": "'A'isha said that as for the words of Allah:",
        "text": "\" If you fear that you would not be able to observe equity in case of orphan girls),\" it was revealed in reference to a person who had an orphan girl (as his ward) and he was her guardian, and her heir, and she possessed property, but there was none to contend on her behalf except her ownself. And he (her guardian) did not give her in marriage because of her property and he tortured her and ill-treated her, it was in relation to her that (Allah said: )\" If you fear that you would not be able to observe equity in case of orphan girls, then marry whom you like among women,\" i. e. whatever I have made lawful for you and leave her whom you are putting to torture."
      },
      "turkish": {
        "narrator": "'A'isha said that as for the words of Allah:",
        "text": "'A'işe, Allah'ın şu sözleri ile ilgili olarak dedi ki: \"Eğer yetim kızlar arasında adaleti sağlayamayacağınızdan korkarsanız,\" bu, bir kişinin (himayesinde) bir yetim kızı olduğu ve onun velisi olduğu ve onun mirasçısı olduğu, onun malı olduğu, fakat onun lehine başka birisi olmadığı durumla ilgilidir. Ve o (velisi) onu evlendirmedi çünkü malı yüzünden ve ona eziyet etti ve kötü davrandı, işte bu nedenle (Allah) \"Eğer yetim kızlar arasında adaleti sağlayamayacağınızdan korkarsanız, o zaman beğendiğiniz kadınlarla evlenin,\" yani sizin için helal kıldığım her şeyle, ve ona eziyet ettiğiniz kızı bırakın."
      }
    },
    {
      "id": 9,
      "idInBook": 9,
      "chapterId": 56,
      "bookId": 2,
      "arabic": "حَدَّثَنَا أَبُو بَكْرِ بْنُ أَبِي شَيْبَةَ، حَدَّثَنَا عَبْدَةُ بْنُ سُلَيْمَانَ، عَنْ هِشَامٍ، عَنْ أَبِيهِ، عَنْ عَائِشَةَ، فِي قَوْلِهِ ‏{‏ وَمَا يُتْلَى عَلَيْكُمْ فِي الْكِتَابِ فِي يَتَامَى النِّسَاءِ اللاَّتِي لاَ تُؤْتُونَهُنَّ مَا كُتِبَ لَهُنَّ وَتَرْغَبُونَ أَنْ تَنْكِحُوهُنَّ‏}‏ قَالَتْ أُنْزِلَتْ فِي الْيَتِيمَةِ تَكُونُ عِنْدَ الرَّجُلِ فَتَشْرَكُهُ فِي مَالِهِ فَيَرْغَبُ عَنْهَا أَنْ يَتَزَوَّجَهَا وَيَكْرَهُ أَنْ يُزَوِّجَهَا غَيْرَهُ فَيَشْرَكُهُ فِي مَالِهِ فَيَعْضِلُهَا فَلاَ يَتَزَوَّجُهَا وَلاَ يُزَوِّجُهَا غَيْرَهُ ‏.‏",
      "english": {
        "narrator": "'A'isha said in connection with His words (those of Allah):",
        "text": "\" What is recited to you in the Book about orphan women whom you give not what is ordained for them, while you like to marry them,\" these were revealed in connection with an orphan girl who was in the charge of the person and she shared with him in his property and he was reluctant to marry her himself and was also unwilling to marry her to someone else (fearing) that (that person) would share in his property (as the husband of that girl), preventing her to marry, neither marrying her himself nor marrying her to another person."
      },
      "turkish": {
        "narrator": "'A'isha said in connection with His words (those of Allah):",
        "text": "'A'işe, Allah'ın şu sözleri ile ilgili olarak: \"Sana yetim kadınlar hakkında okuduğunuz şey, onlara vermeniz gereken şeyleri vermediğiniz halde onlarla evlenmek istemeniz,\" bu, bir kişinin himayesinde olan bir yetim kızla ilgilidir ve o, onunla birlikte malında ortaklık yapar ve o, kendisiyle evlenmekten isteksizdir ve onu başka birine evlendirmekten de isteksizdir (korkarak) ki (o kişi) onun malında pay sahibi olmasın, onu evlendirmediği gibi, kendisi de evlendirmemektedir."
      }
    },
    {
      "id": 10,
      "idInBook": 10,
      "chapterId": 56,
      "bookId": 2,
      "arabic": "حَدَّثَنَا أَبُو كُرَيْبٍ، حَدَّثَنَا أَبُو أُسَامَةَ، أَخْبَرَنَا هِشَامٌ، عَنْ أَبِيهِ، عَنْ عَائِشَةَ، فِي قَوْلِهِ ‏{‏ ويَسْتَفْتُونَكَ فِي النِّسَاءِ قُلِ اللَّهُ يُفْتِيكُمْ فِيهِنَّ‏}‏ الآيَةَ قَالَتْ هِيَ الْيَتِيمَةُ الَّتِي تَكُونُ عِنْدَ الرَّجُلِ لَعَلَّهَا أَنْ تَكُونَ قَدْ شَرِكَتْهُ فِي مَالِهِ حَتَّى فِي الْعَذْقِ فَيَرْغَبُ يَعْنِي أَنْ يَنْكِحَهَا وَيَكْرَهُ أَنْ يُنْكِحَهَا رَجُلاً فَيَشْرَكُهُ فِي مَالِهِ فَيَعْضِلُهَا ‏.‏",
      "english": {
        "narrator": "Hisham reported that 'A'isha said in connection with the words of Allah:",
        "text": "\" They ask thee the religious verdict about women, say: Allah gives you the verdict about them\" (iv. 126), that these relate to an orphan girl who is in charge of the person and she shares with him in his property (as a heir) even in the date-palm trees and he is reluctant to give her hand in marriage to any other person lest he (her husband) should partake of his property, and thus keep her in a lingering state."
      },
      "turkish": {
        "narrator": "Hisham reported that 'A'isha said in connection with the words of Allah:",
        "text": "Hişam, 'A'işe'nin Allah'ın şu sözleri ile ilgili olarak: \"Sana kadınlar hakkında dini hüküm soruyorlar; de ki: Allah, onlarla ilgili olarak size hüküm veriyor\" (iv. 126), bu sözlerin, bir kişinin himayesinde olan bir yetim kızla ilgili olduğunu, onunla birlikte malında ortaklık yaptığını (mirasçı olarak) ve hurma ağaçlarında bile, onu başka birine evlendirmekten isteksiz olduğunu, çünkü (o kişi) onun malından pay alacak diye, onu sürekli bir durumda tuttuğunu bildirdi."
      }
    },
    {
      "id": 11,
      "idInBook": 11,
      "chapterId": 56,
      "bookId": 2,
      "arabic": "حَدَّثَنَا أَبُو بَكْرِ بْنُ أَبِي شَيْبَةَ، حَدَّثَنَا عَبْدَةُ بْنُ سُلَيْمَانَ، عَنْ هِشَامٍ، عَنْ أَبِيهِ، عَنْ عَائِشَةَ، فِي قَوْلِهِ ‏{‏ وَمَنْ كَانَ فَقِيرًا فَلْيَأْكُلْ بِالْمَعْرُوفِ‏}‏ قَالَتْ أُنْزِلَتْ فِي وَالِي مَالِ الْيَتِيمِ الَّذِي يَقُومُ عَلَيْهِ وَيُصْلِحُهُ إِذَا كَانَ مُحْتَاجًا أَنْ يَأْكُلَ مِنْهُ ‏.‏",
      "english": {
        "narrator": "Hisham reported on the authority of his father that 'A'isha said in connection with His (Allah's) words:",
        "text": "\" And whoever is poor let him take reasonably (out of it)\" that it was revealed in connection with the custodian of the property of an orphan, who is in charge of her and looks after her; In case he is poor, he is allowed to eat out of that."
      },
      "turkish": {
        "narrator": "Hisham reported on the authority of his father that 'A'isha said in connection with His (Allah's) words:",
        "text": "Hişam, babasından naklen bildirdi ki, 'A'işe, Allah'ın şu sözleri ile ilgili olarak: \"Ve kim fakirse, o da (ondan) makul miktarda yesin\" dedi ki, bu, bir yetimin malının koruyucusu ile ilgilidir, o, onunla ilgilenir ve ona bakar; eğer o fakirse, ondan makul miktarda yemesi caizdir."
      }
    },
    {
      "id": 12,
      "idInBook": 12,
      "chapterId": 56,
      "bookId": 2,
      "arabic": "وَحَدَّثَنَاهُ أَبُو كُرَيْبٍ، حَدَّثَنَا أَبُو أُسَامَةَ، حَدَّثَنَا هِشَامٌ، عَنْ أَبِيهِ، عَنْ عَائِشَةَ، فِي قَوْلِهِ تَعَالَى ‏{‏ وَمَنْ كَانَ غَنِيًّا فَلْيَسْتَعْفِفْ وَمَنْ كَانَ فَقِيرًا فَلْيَأْكُلْ بِالْمَعْرُوفِ‏}‏ قَالَتْ أُنْزِلَتْ فِي وَلِيِّ الْيَتِيمِ أَنْ يُصِيبَ مِنْ مَالِهِ إِذَا كَانَ مُحْتَاجًا بِقَدْرِ مَالِهِ بِالْمَعْرُوفِ ‏.‏",
      "english": {
        "narrator": "'A'isha reported in connection with the words of Allah, the Exalted:",
        "text": "\" He who is rich should abstain, and he who is poor may reasonably eat (out of it)\" that this was revealed in relation to the guardian of an orphan who is poor; he may get out of that what is reasonable keeping in view his own status of solvency."
      },
      "turkish": {
        "narrator": "'A'isha reported in connection with the words of Allah, the Exalted:",
        "text": "'A'işe, Allah, Azze ve Celle'nin şu sözleri ile ilgili olarak bildirdi: \"Zengin olan, kaçınsın; fakir olan ise makul bir şekilde (ondan) yiyebilir\" ki bu, fakir olan bir yetim koruyucusu ile ilgilidir; o, kendi mali durumunu göz önünde bulundurarak, makul bir miktar alabilir."
      }
    },
    {
      "id": 13,
      "idInBook": 13,
      "chapterId": 56,
      "bookId": 2,
      "arabic": "وَحَدَّثَنَاهُ أَبُو كُرَيْبٍ، حَدَّثَنَا ابْنُ نُمَيْرٍ، حَدَّثَنَا هِشَامٌ، بِهَذَا الإِسْنَادِ ‏.‏",
      "english": {
        "narrator": "",
        "text": "This hadith has been narrated on the authority of Hisham with the same chain of transmitters."
      },
      "turkish": {
        "narrator": "",
        "text": "Bu hadis, Hişam'ın aynı isnadıyla nakledilmiştir."
      }
    },
    {
      "id": 14,
      "idInBook": 14,
      "chapterId": 56,
      "bookId": 2,
      "arabic": "حَدَّثَنَا أَبُو بَكْرِ بْنُ أَبِي شَيْبَةَ، حَدَّثَنَا عَبْدَةُ بْنُ سُلَيْمَانَ، عَنْ هِشَامٍ، عَنْ أَبِيهِ، عَنْ عَائِشَةَ، فِي قَوْلِهِ عَزَّ وَجَلَّ ‏{‏ إِذْ جَاءُوكُمْ مِنْ فَوْقِكُمْ وَمِنْ أَسْفَلَ مِنْكُمْ وَإِذْ زَاغَتِ الأَبْصَارُ وَبَلَغَتِ الْقُلُوبُ الْحَنَاجِرَ‏}‏ قَالَتْ كَانَ ذَلِكَ يَوْمَ الْخَنْدَقِ ‏.‏",
      "english": {
        "narrator": "'A'isha reported that these words of Allah:",
        "text": "\" When they came upon you from above you and from below you and when the eyes turned dull and the hearts rose up to the throats\" (xxxiii. 10) pertain to the day of Ditch."
      },
      "turkish": {
        "narrator": "'A'isha reported that these words of Allah:",
        "text": "'A'işe, Allah'ın şu sözleri ile ilgili olarak bildirdi: \"Onlar üzerinize yukarıdan ve aşağıdan geldiğinde ve gözler donup kalınca ve kalpler boğazlara kadar yükseldiğinde\" (xxxiii. 10) bu, Hendek günü ile ilgilidir."
      }
    },
    {
      "id": 15,
      "idInBook": 15,
      "chapterId": 56,
      "bookId": 2,
      "arabic": "حَدَّثَنَا أَبُو بَكْرِ بْنُ أَبِي شَيْبَةَ، حَدَّثَنَا عَبْدَةُ بْنُ سُلَيْمَانَ، حَدَّثَنَا هِشَامٌ، عَنْ أَبِيهِ، عَنْ عَائِشَةَ، ‏{‏ وَإِنِ امْرَأَةٌ خَافَتْ مِنْ بَعْلِهَا نُشُوزًا أَوْ إِعْرَاضًا‏}‏ الآيَةَ قَالَتْ أُنْزِلَتْ فِي الْمَرْأَةِ تَكُونُ عِنْدَ الرَّجُلِ فَتَطُولُ صُحْبَتُهَا فَيُرِيدُ طَلاَقَهَا فَتَقُولُ لاَ تُطَلِّقْنِي وَأَمْسِكْنِي وَأَنْتَ فِي حِلٍّ مِنِّي ‏.‏ فَنَزَلَتْ هَذِهِ الآيَةُ ‏.‏",
      "english": {
        "narrator": "'A'isha said in connection with the verse:",
        "text": "\" And if a woman has reason to fear ill-treatment from her husband or that he might turn away from her\" (iv. 128) that it was revealed in case of a woman who had long association with a person (as his wife) and now he intends to divorce her and she says: Do not divorce me, but retain me (as wife in your house) and you are permitted to live with another wife. It is in this context that this verse was revealed."
      },
      "turkish": {
        "narrator": "'A'isha said in connection with the verse:",
        "text": "'A'işe, şu ayetle ilgili olarak dedi: \"Eğer bir kadının kocasından kötü muamele görme veya ondan yüz çevirmesi korkusu varsa\" (iv. 128), bu, bir kadının bir kişiyle uzun süreli bir ilişkisi olduğu ve şimdi onun boşanmayı düşündüğü durumla ilgilidir ve o, \"Beni boşama, ama beni (evinde) eş olarak tut ve başka bir eşle birlikte yaşaman caizdir\" der. Bu bağlamda bu ayet indirilmiştir."
      }
    },
    {
      "id": 16,
      "idInBook": 16,
      "chapterId": 56,
      "bookId": 2,
      "arabic": "حَدَّثَنَا أَبُو كُرَيْبٍ، حَدَّثَنَا أَبُو أُسَامَةَ، حَدَّثَنَا هِشَامٌ، عَنْ أَبِيهِ، عَنْ عَائِشَةَ، فِي قَوْلِهِ عَزَّ وَجَلَّ ‏{‏ وَإِنِ امْرَأَةٌ خَافَتْ مِنْ بَعْلِهَا نُشُوزًا أَوْ إِعْرَاضًا‏}‏ قَالَتْ نَزَلَتْ فِي الْمَرْأَةِ تَكُونُ عِنْدَ الرَّجُلِ فَلَعَلَّهُ أَنْ لاَ يَسْتَكْثِرَ مِنْهَا وَتَكُونُ لَهَا صُحْبَةٌ وَوَلَدٌ فَتَكْرَهُ أَنْ يُفَارِقَهَا فَتَقُولُ لَهُ أَنْتَ فِي حِلٍّ مِنْ شَأْنِي ‏.‏",
      "english": {
        "narrator": "'A'isha said in connection with these words of Allah, the Exalted and Glorious:",
        "text": "\" And if a woman has reason to fear ill-treatment from her husband or that he might turn away from her\" that it was revealed in case of a woman who lived with a person and perhaps he does not want to prolong (his relationship with her) whereas she has had sexual relationship with him (and as a result thereof) she got a child from him and she does not like that she should be divorced, so she says to him: I permit you to live with the other wife."
      },
      "turkish": {
        "narrator": "'A'isha said in connection with these words of Allah, the Exalted and Glorious:",
        "text": "'A'işe, Allah'ın yüce ve aziz sözleriyle ilgili olarak şöyle dedi: \"Eğer bir kadın kocasından kötü muamele görme veya ondan uzaklaşma korkusu taşıyorsa\" bu, bir kadınla yaşayan ve belki de onunla olan ilişkisini uzatmak istemeyen bir adam hakkında indirilmiştir; o kadın onunla cinsel ilişkiye girmiştir ve bu nedenle ondan bir çocuk doğurmuştur ve boşanmak istememektedir, bu yüzden ona der ki: Başka bir eşle birlikte olmanı sana izin veriyorum."
      }
    },
    {
      "id": 17,
      "idInBook": 17,
      "chapterId": 56,
      "bookId": 2,
      "arabic": "حَدَّثَنَا يَحْيَى بْنُ يَحْيَى، أَخْبَرَنَا أَبُو مُعَاوِيَةَ، عَنْ هِشَامِ بْنِ عُرْوَةَ، عَنْ أَبِيهِ، قَالَ قَالَتْ لِي عَائِشَةُ يَا ابْنَ أُخْتِي أُمِرُوا أَنْ يَسْتَغْفِرُوا، لأَصْحَابِ النَّبِيِّ صلى الله عليه وسلم فَسَبُّوهُمْ ‏.‏",
      "english": {
        "narrator": "'Urwa reported on the authority of his father that 'A'isha said to him:",
        "text": "O, the son of my sister, the Muslims were commanded to seek forgiveness for the Companions of Allah's Apostle (ﷺ) but they reviled them."
      },
      "turkish": {
        "narrator": "'Urwa reported on the authority of his father that 'A'isha said to him:",
        "text": "'Urve, babası aracılığıyla, 'A'işe'nin ona şöyle dediğini bildirdi: Ey yeğenim, Müslümanlara Allah'ın Elçisi'nin (ﷺ) Sahabeleri için af dilemeleri emredildi ama onlar onlara hakaret ettiler."
      }
    },
    {
      "id": 18,
      "idInBook": 18,
      "chapterId": 56,
      "bookId": 2,
      "arabic": "وَحَدَّثَنَاهُ أَبُو بَكْرِ بْنُ أَبِي شَيْبَةَ، حَدَّثَنَا أَبُو أُسَامَةَ، حَدَّثَنَا هِشَامٌ، بِهَذَا الإِسْنَادِ مِثْلَهُ ‏.‏",
      "english": {
        "narrator": "",
        "text": "This hadith has been transmitted on the authority of Abu Usama with the same chain of narrators."
      },
      "turkish": {
        "narrator": "",
        "text": "Bu hadis, aynı nakil zinciriyle Abu Usama aracılığıyla aktarılmıştır."
      }
    },
    {
      "id": 19,
      "idInBook": 19,
      "chapterId": 56,
      "bookId": 2,
      "arabic": "حَدَّثَنَا عُبَيْدُ اللَّهِ بْنُ مُعَاذٍ الْعَنْبَرِيُّ، حَدَّثَنَا أَبِي، حَدَّثَنَا شُعْبَةُ، عَنِ الْمُغِيرَةِ بْنِ النُّعْمَانِ، عَنْ سَعِيدِ بْنِ جُبَيْرٍ، قَالَ اخْتَلَفَ أَهْلُ الْكُوفَةِ فِي هَذِهِ الآيَةِ ‏{‏ وَمَنْ يَقْتُلْ مُؤْمِنًا مُتَعَمِّدًا فَجَزَاؤُهُ جَهَنَّمُ‏}‏ فَرَحَلْتُ إِلَى ابْنِ عَبَّاسٍ فَسَأَلْتُهُ عَنْهَا فَقَالَ لَقَدْ أُنْزِلَتْ آخِرَ مَا أُنْزِلَ ثُمَّ مَا نَسَخَهَا شَىْءٌ ‏.‏",
      "english": {
        "narrator": "Sa'id b. Jubair reported:",
        "text": "The inhabitants of Kufa differed in regard to this verse:\" But whoever slays another believer intentionally, his requital shall be Hell\" (iv. 92), so I went to Ibn 'Abbas and asked him about it, whereupon he said: This has been revealed and nothing abrogated it."
      },
      "turkish": {
        "narrator": "Sa'id b. Jubair reported:",
        "text": "Sa'id b. Cubeyr bildirdi: Kufe halkı bu ayet hakkında farklı görüşlere sahipti: \"Ama kim bir mümini kasten öldürürse, onun cezası Cehennem'dir\" (iv. 92), bu nedenle ben İbn Abbas'a gittim ve ona sordum, o da şöyle dedi: Bu indirilmiştir ve onu hiçbir şey neshetmemiştir."
      }
    },
    {
      "id": 20,
      "idInBook": 20,
      "chapterId": 56,
      "bookId": 2,
      "arabic": "وَحَدَّثَنَا مُحَمَّدُ بْنُ الْمُثَنَّى، وَابْنُ، بَشَّارٍ قَالاَ حَدَّثَنَا مُحَمَّدُ بْنُ جَعْفَرٍ، ح وَحَدَّثَنَا إِسْحَاقُ، بْنُ إِبْرَاهِيمَ أَخْبَرَنَا النَّضْرُ، قَالاَ جَمِيعًا حَدَّثَنَا شُعْبَةُ، بِهَذَا الإِسْنَادِ ‏.‏ فِي حَدِيثِ ابْنِ جَعْفَرٍ نَزَلَتْ فِي آخِرِ مَا أُنْزِلَ ‏.‏ وَفِي حَدِيثِ النَّضْرِ إِنَّهَا لَمِنْ آخِرِ مَا أُنْزِلَتْ ‏.‏",
      "english": {
        "narrator": "",
        "text": "This hadith has been transmitted on the authority of Shu'ba with the same chain of narrators but with a slight variation of wording."
      },
      "turkish": {
        "narrator": "",
        "text": "Bu hadis, aynı nakil zinciriyle ancak kelime farklılığıyla Shu'ba aracılığıyla aktarılmıştır."
      }
    },
    {
      "id": 21,
      "idInBook": 21,
      "chapterId": 56,
      "bookId": 2,
      "arabic": "حَدَّثَنَا مُحَمَّدُ بْنُ الْمُثَنَّى، وَمُحَمَّدُ بْنُ بَشَّارٍ، قَالاَ حَدَّثَنَا مُحَمَّدُ بْنُ جَعْفَرٍ، حَدَّثَنَا شُعْبَةُ، عَنْ مَنْصُورٍ، عَنْ سَعِيدِ بْنِ جُبَيْرٍ، قَالَ أَمَرَنِي عَبْدُ الرَّحْمَنِ بْنُ أَبْزَى أَنْ أَسْأَلَ ابْنَ عَبَّاسٍ، عَنْ هَاتَيْنِ الآيَتَيْنِ، ‏{‏ وَمَنْ يَقْتُلْ مُؤْمِنًا مُتَعَمِّدًا فَجَزَاؤُهُ جَهَنَّمُ خَالِدًا فِيهَا‏}‏ فَسَأَلْتُهُ فَقَالَ لَمْ يَنْسَخْهَا شَىْءٌ ‏.‏ وَعَنْ هَذِهِ الآيَةِ ‏{‏ وَالَّذِينَ لاَ يَدْعُونَ مَعَ اللَّهِ إِلَهًا آخَرَ وَلاَ يَقْتُلُونَ النَّفْسَ الَّتِي حَرَّمَ اللَّهُ إِلاَّ بِالْحَقِّ‏}‏ قَالَ نَزَلَتْ فِي أَهْلِ الشِّرْكِ ‏.‏",
      "english": {
        "narrator": "Sa'id b. Jubair reported:",
        "text": "'Abd al Rahman b. Abzi commanded me that I should ask Ibn 'Abbas about these two verses:\" He who slays a believer intentionally his requital shall be Hell where he would abide for ever\" (iv. 92). So, I asked him and he said: Nothing has abrogated it. And as for this verse:\" And they who call not upon another god with Allah and slay not the soul which Allah has forbidden, except in the cause of justice\" (xxv. 68), he (Ibn Abbas) said: This has been revealed in regard to the polytheists.\""
      },
      "turkish": {
        "narrator": "Sa'id b. Jubair reported:",
        "text": "Sa'id b. Cubeyr bildirdi: 'Abd al-Rahman b. Abzi bana, bu iki ayet hakkında İbn Abbas'a sormamı emretti: \"Bir mümini kasten öldürenin cezası Cehennem'dir, orada ebedi kalacaktır\" (iv. 92). Ben de ona sordum ve o şöyle dedi: Hiçbir şey onu neshetmemiştir. Bu ayet hakkında: \"Ve Allah'ın haram kıldığı canı, haksız yere öldürmeyenler\" (xxv. 68) ise, o (İbn Abbas) dedi ki: Bu, müşrikler hakkında indirilmiştir."
      }
    },
    {
      "id": 22,
      "idInBook": 22,
      "chapterId": 56,
      "bookId": 2,
      "arabic": "حَدَّثَنِي هَارُونُ بْنُ عَبْدِ اللَّهِ، حَدَّثَنَا أَبُو النَّضْرِ، هَاشِمُ بْنُ الْقَاسِمِ اللَّيْثِيُّ حَدَّثَنَا أَبُو مُعَاوِيَةَ، - يَعْنِي شَيْبَانَ - عَنْ مَنْصُورِ بْنِ الْمُعْتَمِرِ، عَنْ سَعِيدِ بْنِ جُبَيْرٍ، عَنِ ابْنِ عَبَّاسٍ،قَالَ نَزَلَتْ هَذِهِ الآيَةُ بِمَكَّةَ ‏{‏ وَالَّذِينَ لاَ يَدْعُونَ مَعَ اللَّهِ إِلَهًا آخَرَ‏}‏ إِلَى قَوْلِهِ ‏{‏ مُهَانًا‏}‏ فَقَالَ الْمُشْرِكُونَ وَمَا يُغْنِي عَنَّا الإِسْلاَمُ وَقَدْ عَدَلْنَا بِاللَّهِ وَقَدْ قَتَلْنَا النَّفْسَ الَّتِي حَرَّمَ اللَّهُ وَأَتَيْنَا الْفَوَاحِشَ فَأَنْزَلَ اللَّهُ عَزَّ وَجَلَّ ‏{‏ إِلاَّ مَنْ تَابَ وَآمَنَ وَعَمِلَ عَمَلاً صَالِحًا‏}‏ إِلَى آخِرِ الآيَةِ ‏.‏ قَالَ فَأَمَّا مَنْ دَخَلَ فِي الإِسْلاَمِ وَعَقَلَهُ ثُمَّ قَتَلَ فَلاَ تَوْبَةَ لَهُ ‏.‏",
      "english": {
        "narrator": "Ibn 'Abbas said:",
        "text": "This verse was revealed in Mecca:\" And they who call not upon another god with Allah and slay not the soul which Allah has forbidden except in the cause of justice\" up to the word Muhdana (abased). Thereupon the polytheists said: Islam is of no avail to us for we have made peer with Allah and we killed the soul which Allah had forbidden to do and we committed debauchery, and it was (on this occasion) that Allah, the Exalted and Glorious, revealed this verse:\" Except him who repents and believes and does good deeds\" up to the end Ibn 'Abbis says: He who enters the fold of Islam and understands its command and then kills the soul there is no repentance for him."
      },
      "turkish": {
        "narrator": "Ibn 'Abbas said:",
        "text": "İbn Abbas dedi ki: Bu ayet Mekke'de indirilmiştir: \"Ve Allah'ın haram kıldığı canı, haksız yere öldürmeyenler\" kelimesine kadar. Bunun üzerine müşrikler dediler ki: İslam bize fayda sağlamaz, çünkü biz Allah'a eş koşmuşuzdur ve Allah'ın haram kıldığı canı öldürdük ve fuhuş yaptık; işte bu vesileyle Allah, yüce ve aziz, bu ayeti indirmiştir: \"Ancak tövbe eden, iman eden ve salih ameller işleyenler\" ifadesine kadar. İbn Abbas der ki: İslam'a giren ve onun emirlerini anlayan kimse, sonra canı öldürürse, onun için tövbe yoktur."
      }
    },
    {
      "id": 23,
      "idInBook": 23,
      "chapterId": 56,
      "bookId": 2,
      "arabic": "حَدَّثَنِي عَبْدُ اللَّهِ بْنُ هَاشِمٍ، وَعَبْدُ الرَّحْمَنِ بْنُ بِشْرٍ الْعَبْدِيُّ، قَالاَ حَدَّثَنَا يَحْيَى، - وَهُوَ ابْنُ سَعِيدٍ الْقَطَّانُ - عَنِ ابْنِ جُرَيْجٍ، حَدَّثَنِي الْقَاسِمُ بْنُ أَبِي بَزَّةَ، عَنْ سَعِيدِ بْنِ جُبَيْرٍ، قَالَ قُلْتُ لاِبْنِ عَبَّاسٍ أَلِمَنْ قَتَلَ مُؤْمِنًا مُتَعَمِّدًا مِنْ تَوْبَةٍ قَالَ لاَ ‏.‏ قَالَ فَتَلَوْتُ عَلَيْهِ هَذِهِ الآيَةَ الَّتِي فِي الْفُرْقَانِ ‏{‏ وَالَّذِينَ لاَ يَدْعُونَ مَعَ اللَّهِ إِلَهًا آخَرَ وَلاَ يَقْتُلُونَ النَّفْسَ الَّتِي حَرَّمَ اللَّهُ إِلاَّ بِالْحَقِّ‏}‏ إِلَى آخِرِ الآيَةِ ‏.‏ قَالَ هَذِهِ آيَةٌ مَكِّيَّةٌ نَسَخَتْهَا آيَةٌ مَدَنِيَّةٌ ‏{‏ وَمَنْ يَقْتُلْ مُؤْمِنًا مُتَعَمِّدًا فَجَزَاؤُهُ جَهَنَّمُ خَالِدًا‏}‏ ‏.‏ وَفِي رِوَايَةِ ابْنِ هَاشِمٍ فَتَلَوْتُ هَذِهِ الآيَةَ الَّتِي فِي الْفُرْقَانِ‏{‏ إِلاَّ مَنْ تَابَ‏}‏",
      "english": {
        "narrator": "Sa'id b. Jubair reported:",
        "text": "I said to Ibn Abbas: Will the repentance of that person be accepted who kills a believer intentionally? He said: No. I recited to him this verse of Sura al-Furqan (xix.):\" And those who call not upon another god with Allah and slay not the soul which Allah has forbidden except in the cause of justice\" to the end of the verse. He said: This is a Meccan verse which has been abrogated by a verse revealed at Medina:\" He who slays a believer intentionally, for him is the requital of Hell-Fire where he would abide for ever,\" and in the narration of Ibn Hisham (the words are): I recited to him this verse of Sura al-Furqan:\" Except one who made repentance.\""
      },
      "turkish": {
        "narrator": "Sa'id b. Jubair reported:",
        "text": "Sa'id b. Cubeyr bildirdi: Ben İbn Abbas'a dedim: Kasten bir mümini öldüren kişinin tövbesi kabul edilir mi? O da: Hayır. Ben ona Furkan Suresi'nden bu ayeti okudum: \"Ve Allah'ın haram kıldığı canı, haksız yere öldürmeyenler\" ayetinin sonuna kadar. O da: Bu, Mekke'de inen bir ayettir ve Medine'de inen bir ayetle neshedilmiştir: \"Bir mümini kasten öldürenin cezası Cehennem ateşidir, orada ebedi kalacaktır\" ve İbn Hişam'ın rivayetinde (sözler şunlardır): Ben ona Furkan Suresi'nden bu ayeti okudum: \"Ancak tövbe eden.\""
      }
    },
    {
      "id": 24,
      "idInBook": 24,
      "chapterId": 56,
      "bookId": 2,
      "arabic": "حَدَّثَنَا أَبُو بَكْرِ بْنُ أَبِي شَيْبَةَ، وَهَارُونُ بْنُ عَبْدِ اللَّهِ، وَعَبْدُ بْنُ حُمَيْدٍ، قَالَ عَبْدٌ أَخْبَرَنَا وَقَالَ الآخَرَانِ، حَدَّثَنَا جَعْفَرُ بْنُ عَوْنٍ، أَخْبَرَنَا أَبُو عُمَيْسٍ، عَنْ عَبْدِ الْمَجِيدِ بْنِ سُهَيْلٍ، عَنْ عُبَيْدِ اللَّهِ بْنِ عَبْدِ اللَّهِ بْنِ عُتْبَةَ، قَالَ قَالَ لِيَ ابْنُ عَبَّاسٍ تَعْلَمُ - وَقَالَ هَارُونُ تَدْرِي - آخِرَ سُورَةٍ نَزَلَتْ مِنَ الْقُرْآنِ نَزَلَتْ جَمِيعًا قُلْتُ نَعَمْ ‏.‏ ‏{‏ إِذَا جَاءَ نَصْرُ اللَّهِ وَالْفَتْحُ‏}‏ قَالَ صَدَقْتَ ‏.‏ وَفِي رِوَايَةِ ابْنِ أَبِي شَيْبَةَ تَعْلَمُ أَىُّ سُورَةٍ ‏.‏ وَلَمْ يَقُلْ آخِرَ ‏.‏",
      "english": {
        "narrator": "Ubaidullah b. 'Abdullah b. 'Utba reported:",
        "text": "Ibn Abbas said to me: Do you know-and in the words of Harun (another narrator): Are you aware of-the last Sura which was revealed in the Qur'an as a whole? I said: Yes,\" When came the help from Allah and the victory\" (cx.). Thereupon, he said: You have told the truth. And in the narration of Abu Shaiba (the words are): Do you know the Sura? And he did not mention the words\" the last one\"."
      },
      "turkish": {
        "narrator": "Ubaidullah b. 'Abdullah b. 'Utba reported:",
        "text": "Ubaidullah b. 'Abdullah b. 'Utba bildirdi: İbn Abbas bana şöyle dedi: Kur'an'da tamamı ile inen son sureyi biliyor musun? Ben de: Evet, \"Allah'tan yardım ve zafer geldiği zaman\" (cx.) dedim. Bunun üzerine o: Doğru söyledin. Ve Abu Shaiba'nın rivayetinde (sözler şunlardır): Sureyi biliyor musun? Ve \"sonuncusu\" kelimelerini zikretmedi."
      }
    },
    {
      "id": 25,
      "idInBook": 25,
      "chapterId": 56,
      "bookId": 2,
      "arabic": "وَحَدَّثَنَا إِسْحَاقُ بْنُ إِبْرَاهِيمَ، أَخْبَرَنَا أَبُو مُعَاوِيَةَ، حَدَّثَنَا أَبُو عُمَيْسٍ، بِهَذَا الإِسْنَادِ مِثْلَهُ وَقَالَ آخِرَ سُورَةٍ وَقَالَ عَبْدُ الْمَجِيدِ وَلَمْ يَقُلِ ابْنِ سُهَيْلٍ ‏.‏",
      "english": {
        "narrator": "",
        "text": "This hadith has been reported on the authority of Abu 'Umais through the same chain of transmitters but with a slight variation of wording."
      },
      "turkish": {
        "narrator": "",
        "text": "Bu hadis, aynı nakil zinciriyle ancak kelime farklılığıyla Abu 'Umais aracılığıyla aktarılmıştır."
      }
    },
    {
      "id": 26,
      "idInBook": 26,
      "chapterId": 56,
      "bookId": 2,
      "arabic": "حَدَّثَنَا أَبُو بَكْرِ بْنُ أَبِي شَيْبَةَ، وَإِسْحَاقُ بْنُ إِبْرَاهِيمَ، وَأَحْمَدُ بْنُ عَبْدَةَ الضَّبِّيُّ، - وَاللَّفْظُ لاِبْنِ أَبِي شَيْبَةَ - قَالَ حَدَّثَنَا وَقَالَ الآخَرَانِ، أَخْبَرَنَا سُفْيَانُ، عَنْ عَمْرٍو، عَنْ عَطَاءٍ، عَنِ ابْنِ عَبَّاسٍ، قَالَ لَقِيَ نَاسٌ مِنَ الْمُسْلِمِينَ رَجُلاً فِي غُنَيْمَةٍ لَهُ فَقَالَ السَّلاَمُ عَلَيْكُمْ ‏.‏ فَأَخَذُوهُ فَقَتَلُوهُ وَأَخَذُوا تِلْكَ الْغُنَيْمَةَ فَنَزَلَتْ ‏{‏ وَلاَ تَقُولُوا لِمَنْ أَلْقَى إِلَيْكُمُ السَّلَمَ لَسْتَ مُؤْمِنًا‏}‏ وَقَرَأَهَا ابْنُ عَبَّاسٍ السَّلاَمَ ‏.‏",
      "english": {
        "narrator": "Ibn Abbas reported that some Muslims met a person with a small flock of sheep. He said:",
        "text": "As-Salam-o-'Alaikum. They caught hold of him and killed him and took possession of his flock. Then this verse was revealed:\" He who meets you and extends you salutations, don't say: You are not a Muslim\" (iv. 94). Ibn 'Abbas, however, recited the word as-Salam instead of\" as-Salam\"."
      },
      "turkish": {
        "narrator": "Ibn Abbas reported that some Muslims met a person with a small flock of sheep. He said:",
        "text": "İbn Abbas bildirdi ki, bazı Müslümanlar bir kişiyle küçük bir koyun sürüsü ile karşılaştılar. O: Selamünaleyküm dedi. Onu yakaladılar ve öldürdüler ve sürüsüne sahip oldular. Sonra bu ayet indirildi: \"Sana selam veren kimseye: Sen Müslüman değilsin deme\" (iv. 94). Ancak İbn Abbas, \"as-salam\" kelimesini \"as-salam\" yerine okudu."
      }
    },
    {
      "id": 27,
      "idInBook": 27,
      "chapterId": 56,
      "bookId": 2,
      "arabic": "حَدَّثَنَا أَبُو بَكْرِ بْنُ أَبِي شَيْبَةَ، حَدَّثَنَا غُنْدَرٌ، عَنْ شُعْبَةَ، ح وَحَدَّثَنَا مُحَمَّدُ بْنُ الْمُثَنَّى، وَابْنُ بَشَّارٍ - وَاللَّفْظُ لاِبْنِ الْمُثَنَّى - قَالاَ حَدَّثَنَا مُحَمَّدُ بْنُ جَعْفَرٍ، عَنْ شُعْبَةَ، عَنْ أَبِي إِسْحَاقَ، قَالَ سَمِعْتُ الْبَرَاءَ، يَقُولُ كَانَتِ الأَنْصَارُ إِذَا حَجُّوا فَرَجَعُوا لَمْ يَدْخُلُوا الْبُيُوتَ إِلاَّ مِنْ ظُهُورِهَا - قَالَ - فَجَاءَ رَجُلٌ مِنَ الأَنْصَارِ فَدَخَلَ مِنْ بَابِهِ فَقِيلَ لَهُ فِي ذَلِكَ فَنَزَلَتْ هَذِهِ الآيَةُ ‏{‏وَلَيْسَ الْبِرُّ بِأَنْ تَأْتُوا الْبُيُوتَ مِنْ ظُهُورِهَا‏}‏ ‏.‏",
      "english": {
        "narrator": "Bara' reported:",
        "text": "When the Ansar performed the Pilgrimage, they did not enter their houses but from behind. A person from the Ansar came and he began to enter from his door but it was said to him (why he was doing something in contravention to the common practice of coming to the houses from behind). Then this verse was revealed.\" Piety is not that you come to the doors from behind\" (ii. 189)."
      },
      "turkish": {
        "narrator": "Bara' reported:",
        "text": "Bara' bildirdi: Ensar Hac yaptıklarında, evlerine arka kapıdan girmediler. Ensardan bir kişi geldi ve kapısından girmeye başladı ama ona (niye arka kapıdan girmediği) söylendi. Sonra bu ayet indirildi: \"Takva, kapılara arka taraftan gelmek değildir\" (ii. 189)."
      }
    },
    {
      "id": 28,
      "idInBook": 28,
      "chapterId": 56,
      "bookId": 2,
      "arabic": "حَدَّثَنِي يُونُسُ بْنُ عَبْدِ الأَعْلَى الصَّدَفِيُّ، أَخْبَرَنَا عَبْدُ اللَّهِ بْنُ وَهْبٍ، أَخْبَرَنِي عَمْرُو، بْنُ الْحَارِثِ عَنْ سَعِيدِ بْنِ أَبِي هِلاَلٍ، عَنْ عَوْنِ بْنِ عَبْدِ اللَّهِ، عَنْ أَبِيهِ، أَنَّ ابْنَ مَسْعُودٍ، قَالَ مَا كَانَ بَيْنَ إِسْلاَمِنَا وَبَيْنَ أَنْ عَاتَبَنَا اللَّهُ بِهَذِهِ الآيَةِ ‏{‏ أَلَمْ يَأْنِ لِلَّذِينَ آمَنُوا أَنْ تَخْشَعَ قُلُوبُهُمْ لِذِكْرِ اللَّهِ‏}‏ إِلاَّ أَرْبَعُ سِنِينَ ‏.‏",
      "english": {
        "narrator": "Ibn Mas'ud said:",
        "text": "Since our acceptance of Islam and the revelation of this verse in which Allah has shown annoyance to us:\" Has not the time yet come for the believers that their hearts should be humble for the remembrance of Allah?\" (lvii. 16), there was a gap of four years."
      },
      "turkish": {
        "narrator": "Ibn Mas'ud said:",
        "text": "İbn Mes'ud dedi ki: İslam'ı kabul ettiğimizden ve Allah'ın bize kızdığı bu ayetin indiğinden beri: \"Henüz müminlerin kalplerinin Allah'ı anmak için huşu içinde olmaları zamanı gelmedi mi?\" (lvii. 16) dört yıl geçti."
      }
    },
    {
      "id": 29,
      "idInBook": 29,
      "chapterId": 56,
      "bookId": 2,
      "arabic": "حَدَّثَنَا مُحَمَّدُ بْنُ بَشَّارٍ، حَدَّثَنَا مُحَمَّدُ بْنُ جَعْفَرٍ، ح وَحَدَّثَنِي أَبُو بَكْرِ بْنُ نَافِعٍ، - وَاللَّفْظُ لَهُ - حَدَّثَنَا غُنْدَرٌ، حَدَّثَنَا شُعْبَةُ، عَنْ سَلَمَةَ بْنِ كُهَيْلٍ، عَنْ مُسْلِمٍ الْبَطِينِ، عَنْ سَعِيدِ بْنِ، جُبَيْرٍ عَنِ ابْنِ عَبَّاسٍ، قَالَ كَانَتِ الْمَرْأَةُ تَطُوفُ بِالْبَيْتِ وَهِيَ عُرْيَانَةٌ فَتَقُولُ مَنْ يُعِيرُنِي تِطْوَافًا تَجْعَلُهُ عَلَى فَرْجِهَا وَتَقُولُ الْيَوْمَ يَبْدُو بَعْضُهُ أَوْ كُلُّهُ فَمَا بَدَا مِنْهُ فَلاَ أُحِلُّهُ فَنَزَلَتْ هَذِهِ الآيَةَ ‏{‏ خُذُوا زِينَتَكُمْ عِنْدَ كُلِّ مَسْجِدٍ‏}‏",
      "english": {
        "narrator": "Ibn Abbas reported:",
        "text": "During the pre-Islamic days women circumambulated the Ka'ba nakedly, and said: Who would provide cloth to cover the one who is circumambulating the Ka'ba so that she would cover her private parts? And then she would say: Today will be exposed the whole or the part and what is exposed I shall not make it lawful. It was in this connection that the verse was revealed:\" Adorn yourself at every place of worship\" (vii. 31)."
      },
      "turkish": {
        "narrator": "Ibn Abbas reported:",
        "text": "İbn Abbas bildirdi ki, İslam öncesi günlerde kadınlar Kabe'yi çıplak olarak tavaf ederlerdi ve şöyle derlerdi: Kabe'yi tavaf edenin örtünmesi için kim ona elbise verecek? Ve sonra derdi ki: Bugün ya tamamen ya da kısmen açığa çıkacak ve açığa çıkanı helal kılmayacağım. İşte bu bağlamda ayet indirildi: \"Her ibadet yerinde süslenin\" (vii. 31)."
      }
    },
    {
      "id": 30,
      "idInBook": 30,
      "chapterId": 56,
      "bookId": 2,
      "arabic": "حَدَّثَنَا أَبُو بَكْرِ بْنُ أَبِي شَيْبَةَ، وَأَبُو كُرَيْبٍ جَمِيعًا عَنْ أَبِي مُعَاوِيَةَ، - وَاللَّفْظُ لأَبِي كُرَيْبٍ - حَدَّثَنَا أَبُو مُعَاوِيَةَ، حَدَّثَنَا الأَعْمَشُ، عَنْ أَبِي سُفْيَانَ، عَنْ جَابِرٍ، قَالَ كَانَ عَبْدُ اللَّهِ بْنُ أُبَىٍّ ابْنُ سَلُولَ يَقُولُ لِجَارِيَةٍ لَهُ اذْهَبِي فَابْغِينَا شَيْئًا فَأَنْزَلَ اللَّهُ عَزَّ وَجَلَّ ‏{‏ وَلاَ تُكْرِهُوا فَتَيَاتِكُمْ عَلَى الْبِغَاءِ إِنْ أَرَدْنَ تَحَصُّنًا لِتَبْتَغُوا عَرَضَ الْحَيَاةِ الدُّنْيَا وَمَنْ يُكْرِهْهُنَّ فَإِنَّ اللَّهَ مِنْ بَعْدِ إِكْرَاهِهِنَّ‏}‏ لَهُنَّ ‏{‏ غَفُورٌ رَحِيمٌ‏}‏",
      "english": {
        "narrator": "Jabir reported that 'Abdullah b. Ubayy b. Salul used to say to his slave-girl:",
        "text": "Go and fetch something for us by committing prostitution. It was in this connection that Allah, the Exalted and Glorious, revealed this verse:\" And compel not your slave-girls to prostitution when they desire to keep chaste in order to seek the frail goods of this world's life, and whoever compels them, then surely after their compulsion Allah is Forgiving, Merciful\" (xxiv. 33)."
      },
      "turkish": {
        "narrator": "Jabir reported that 'Abdullah b. Ubayy b. Salul used to say to his slave-girl:",
        "text": "Cabir bildirdi ki, 'Abdullah b. Ubayy b. Salul, cariyesine şöyle derdi: Git ve bizim için fuhuş yaparak bir şey getir. İşte bu bağlamda Allah, yüce ve aziz, bu ayeti indirdi: \"Ve cariyelerinizi, bu dünyanın geçici menfaatlerini elde etmek için iffetlerini korumak istedikleri halde fuhuşa zorlamayın; ve kim onları zorlar, elbette zorlamalarından sonra Allah bağışlayıcıdır, merhametlidir\" (xxiv. 33)."
      }
    },
    {
      "id": 31,
      "idInBook": 31,
      "chapterId": 56,
      "bookId": 2,
      "arabic": "وَحَدَّثَنِي أَبُو كَامِلٍ الْجَحْدَرِيُّ، حَدَّثَنَا أَبُو عَوَانَةَ، عَنِ الأَعْمَشِ، عَنْ أَبِي سُفْيَانَ، عَنْ جَابِرٍ، أَنَّ جَارِيَةً، لِعَبْدِ اللَّهِ بْنِ أُبَىٍّ ابْنِ سَلُولَ يُقَالُ لَهَا مُسَيْكَةُ وَأُخْرَى يُقَالُ لَهَا أُمَيْمَةُ فَكَانَ يُكْرِهُهُمَا عَلَى الزِّنَى فَشَكَتَا ذَلِكَ إِلَى النَّبِيِّ صلى الله عليه وسلم فَأَنْزَلَ اللَّهُ ‏{‏ وَلاَ تُكْرِهُوا فَتَيَاتِكُمْ عَلَى الْبِغَاءِ‏}‏ إِلَى قَوْلِهِ ‏{‏ غَفُورٌ رَحِيمٌ‏}‏",
      "english": {
        "narrator": "Jabir reported that 'Abdullah b. Ubayy b. Salul had two slave-girls; one was called Musaika and the other one was called Umaima and he compelled them to prostitution (for which'Abdullah b. Ubayy b. Salul compelled them). They made a complaint about this to Allah's Messenger (ﷺ) and it was upon this that this verse was revealed:",
        "text": "\" And compel not your slave-girls to prostitute\" up to the words:\" Allah is Forgiving, Merciful.\""
      },
      "turkish": {
        "narrator": "Jabir reported that 'Abdullah b. Ubayy b. Salul had two slave-girls; one was called Musaika and the other one was called Umaima and he compelled them to prostitution (for which'Abdullah b. Ubayy b. Salul compelled them). They made a complaint about this to Allah's Messenger (ﷺ) and it was upon this that this verse was revealed:",
        "text": "Cabir, Abdullah b. Ubayy b. Selul'ün iki cariyesi olduğunu bildirmiştir; birinin adı Musaika, diğerinin adı ise Umaima idi ve onları fuhuşa zorlamıştır (ki Abdullah b. Ubayy b. Selul onları buna zorlamıştır). Onlar bu durumu Allah'ın Messenger'ına (ﷺ) şikayet ettiler ve bunun üzerine şu ayet indirildi: \"Ve cariyelerinizi fuhuşa zorlamayın\" ayetine kadar: \"Allah, bağışlayandır, merhamet edendir.\""
      }
    },
    {
      "id": 32,
      "idInBook": 32,
      "chapterId": 56,
      "bookId": 2,
      "arabic": "حَدَّثَنَا أَبُو بَكْرِ بْنُ أَبِي شَيْبَةَ، حَدَّثَنَا عَبْدُ اللَّهِ بْنُ إِدْرِيسَ، عَنِ الأَعْمَشِ، عَنْ إِبْرَاهِيمَ، عَنْ أَبِي مَعْمَرٍ، عَنْ عَبْدِ اللَّهِ، فِي قَوْلِهِ عَزَّ وَجَلَّ ‏{‏ أُولَئِكَ الَّذِينَ يَدْعُونَ يَبْتَغُونَ إِلَى رَبِّهِمُ الْوَسِيلَةَ أَيُّهُمْ أَقْرَبُ‏}‏ قَالَ كَانَ نَفَرٌ مِنَ الْجِنِّ أَسْلَمُوا وَكَانُوا يُعْبَدُونَ فَبَقِيَ الَّذِينَ كَانُوا يَعْبُدُونَ عَلَى عِبَادَتِهِمْ وَقَدْ أَسْلَمَ النَّفَرُ مِنَ الْجِنِّ ‏.‏",
      "english": {
        "narrator": "Abdullah b. Mas'ud reported in connection with the words of Allah, the Exalted and Glorious:",
        "text": "\" Those to whom they call upon, themselves seek the means or access to their Lord as to whoever of them becomes nearest\" (xvii. 57) that it related to a party of Jinn who were being worshipped and they embraced Islam but those who worshipped them kept on worshipping them (though the Jinn whom the misguided people worshipped had become Muslims). It was then that this verse was revealed."
      },
      "turkish": {
        "narrator": "Abdullah b. Mas'ud reported in connection with the words of Allah, the Exalted and Glorious:",
        "text": "Abdullah b. Mes'ud, Allah'ın yüce ve aziz sözleriyle ilgili olarak: \"Onlara dua edenler, kendileri de Rablerine yaklaşmanın yollarını ararlar\" (İsra, 57) demiştir ki bu, ibadet edilen bir grup cinle ilgilidir. Onlar İslam'ı kabul ettiler ama onları ibadet edenler, yine onlara ibadet etmeye devam ettiler (o cinler Müslüman olmuş olsalar da). İşte bu durumda bu ayet indirildi."
      }
    },
    {
      "id": 33,
      "idInBook": 33,
      "chapterId": 56,
      "bookId": 2,
      "arabic": "حَدَّثَنِي أَبُو بَكْرِ بْنُ نَافِعٍ الْعَبْدِيُّ، حَدَّثَنَا عَبْدُ الرَّحْمَنِ، حَدَّثَنَا سُفْيَانُ، عَنِ الأَعْمَشِ، عَنْ إِبْرَاهِيمَ، عَنْ أَبِي مَعْمَرٍ، عَنْ عَبْدِ اللَّهِ، ‏{‏ أُولَئِكَ الَّذِينَ يَدْعُونَ يَبْتَغُونَ إِلَى رَبِّهِمُ الْوَسِيلَةَ‏}‏ قَالَ كَانَ نَفَرٌ مِنَ الإِنْسِ يَعْبُدُونَ نَفَرًا مِنَ الْجِنِّ فَأَسْلَمَ النَّفَرُ مِنَ الْجِنِّ ‏.‏ وَاسْتَمْسَكَ الإِنْسُ بِعِبَادَتِهِمْ فَنَزَلَتْ ‏{‏ أُولَئِكَ الَّذِينَ يَدْعُونَ يَبْتَغُونَ إِلَى رَبِّهِمُ الْوَسِيلَةَ‏}‏\n وَحَدَّثَنِيهِ بِشْرُ بْنُ خَالِدٍ، أَخْبَرَنَا مُحَمَّدٌ، - يَعْنِي ابْنَ جَعْفَرٍ - عَنْ شُعْبَةَ، عَنْ سُلَيْمَانَ، بِهَذَا الإِسْنَادِ ‏.‏",
      "english": {
        "narrator": "Abdullah b. Mas'ud reported in connection with the verse:",
        "text": "\" Those whom they call upon, themselves seek the means of access to their Lord,\" that it related to a group of people who worshipped a party amongst the Jinn. The group from amongst the Jinn embraced Islam, but the people kept worshipping them as they did before, and it was (on this occasion) that the verse was revealed:\" Those whom they call upon, themselves seek the means of access to their Lord.\" This hadith has been narrated on the authority of Sulaiman with the same chain of transmitters."
      },
      "turkish": {
        "narrator": "Abdullah b. Mas'ud reported in connection with the verse:",
        "text": "Abdullah b. Mes'ud, \"Onlara dua edenler, kendileri de Rablerine yaklaşmanın yollarını ararlar\" ayetiyle ilgili olarak, bunun cinlerden bir grubu ibadet eden bir grup insanla ilgili olduğunu bildirmiştir. Cinlerden bir grup İslam'ı kabul etti ama insanlar, daha önce yaptıkları gibi onlara ibadet etmeye devam ettiler ve bu vesileyle şu ayet indirildi: \"Onlara dua edenler, kendileri de Rablerine yaklaşmanın yollarını ararlar.\" Bu hadisi Sulaiman'dan aynı isnat zinciriyle nakledilmiştir."
      }
    },
    {
      "id": 34,
      "idInBook": 34,
      "chapterId": 56,
      "bookId": 2,
      "arabic": "وَحَدَّثَنِي حَجَّاجُ بْنُ الشَّاعِرِ، حَدَّثَنَا عَبْدُ الصَّمَدِ بْنُ عَبْدِ الْوَارِثِ، حَدَّثَنِي أَبِي، حَدَّثَنَا حُسَيْنٌ، عَنْ قَتَادَةَ، عَنْ عَبْدِ اللَّهِ بْنِ مَعْبَدٍ الزِّمَّانِيِّ، عَنْ عَبْدِ اللَّهِ بْنِ عُتْبَةَ، عَنْ عَبْدِ اللَّهِ بْنِ، مَسْعُودٍ ‏{‏ أُولَئِكَ الَّذِينَ يَدْعُونَ يَبْتَغُونَ إِلَى رَبِّهِمُ الْوَسِيلَةَ‏}‏ قَالَ نَزَلَتْ فِي نَفَرٍ مِنَ الْعَرَبِ كَانُوا يَعْبُدُونَ نَفَرًا مِنَ الْجِنِّ فَأَسْلَمَ الْجِنِّيُّونَ وَالإِنْسُ الَّذِينَ كَانُوا يَعْبُدُونَهُمْ لاَ يَشْعُرُونَ فَنَزَلَتْ ‏{‏ أُولَئِكَ الَّذِينَ يَدْعُونَ يَبْتَغُونَ إِلَى رَبِّهِمُ الْوَسِيلَةَ‏}‏",
      "english": {
        "narrator": "Abdullah b. Mas'ud said in connection with the verse:",
        "text": "\" Those whom they call upon, themselves seek the means of access to their Lord,\" that that verse was revealed in connection with a party of Arabs who used to worship a group amnogst the jinn; the jinn embraced Islam but the people kept worshipping them without being conscious of it. Then this verse was revealed:\" Those whom they call upon, themselves seek the means of access to their Lord.\""
      },
      "turkish": {
        "narrator": "Abdullah b. Mas'ud said in connection with the verse:",
        "text": "Abdullah b. Mes'ud, \"Onlara dua edenler, kendileri de Rablerine yaklaşmanın yollarını ararlar\" ayetiyle ilgili olarak, bu ayetin, cinlerden bir grubu ibadet eden bir Arap topluluğuyla ilgili olarak indirildiğini söylemiştir; cinler İslam'ı kabul etti ama insanlar, bunun farkında olmadan onlara ibadet etmeye devam ettiler. Sonra bu ayet indirildi: \"Onlara dua edenler, kendileri de Rablerine yaklaşmanın yollarını ararlar.\""
      }
    },
    {
      "id": 35,
      "idInBook": 35,
      "chapterId": 56,
      "bookId": 2,
      "arabic": "حَدَّثَنِي عَبْدُ اللَّهِ بْنُ مُطِيعٍ، حَدَّثَنَا هُشَيْمٌ، عَنْ أَبِي بِشْرٍ، عَنْ سَعِيدِ بْنِ جُبَيْرٍ، قَالَ قُلْتُ لاِبْنِ عَبَّاسٍ سُورَةُ التَّوْبَةِ قَالَ آلتَّوْبَةِ قَالَ بَلْ هِيَ الْفَاضِحَةُ مَا زَالَتْ تَنْزِلُ وَمِنْهُمْ وَمِنْهُمْ ‏.‏ حَتَّى ظَنُّوا أَنْ لاَ يَبْقَى مِنَّا أَحَدٌ إِلاَّ ذُكِرَ فِيهَا ‏.‏ قَالَ قُلْتُ سُورَةُ الأَنْفَالِ قَالَ تِلْكَ سُورَةُ بَدْرٍ ‏.‏ قَالَ قُلْتُ فَالْحَشْرُ قَالَ نَزَلَتْ فِي بَنِي النَّضِيرِ ‏.‏",
      "english": {
        "narrator": "Sa'id b. Jubair reported:",
        "text": "I said to Ibn 'Abbas about Sura Tauba, whereupon he said: As for Sura Tauba, it is meant to humiliate (the non-believers and the hypocrites). There is constantly revealed in it (the pronoun) minhum (of them) and minhom (of them, i. e. such is the condition of some of them) till they (the Muslims) thought that none would be left unmentioned out of them who would not be blamed (for one fault or the other). I again said: What about Sura Anfal? He said: It pertains to the Battle of Badr. I again asked him about Sura al-Hashr. He said: It was revealed in connection with (the tribe) of Banu Nadir."
      },
      "turkish": {
        "narrator": "Sa'id b. Jubair reported:",
        "text": "Sa'id b. Cubeyr, İbn Abbas'a Tevbe Suresi hakkında sordum, o da: Tevbe Suresi, (kafirleri ve münafıkları) aşağılamak için indirilmiştir, dedi. Sürekli olarak içinde (zamir) minhum (onlardan) ve minhom (onlardan, yani bazıları böyle) geçmektedir; ta ki (Müslümanlar) içlerinden hiç kimsenin bir kusurdan dolayı anılmayacağını düşündüler. Tekrar sordum: Peki, Enfal Suresi hakkında ne dersin? O da: Badr Savaşı ile ilgilidir, dedi. Yine El-Haşr Suresi hakkında sordum. O da: Banu Nadir kabilesi ile ilgili olarak indirilmiştir, dedi."
      }
    },
    {
      "id": 36,
      "idInBook": 36,
      "chapterId": 56,
      "bookId": 2,
      "arabic": "حَدَّثَنَا أَبُو بَكْرِ بْنُ أَبِي شَيْبَةَ، حَدَّثَنَا عَلِيُّ بْنُ مُسْهِرٍ، عَنْ أَبِي حَيَّانَ، عَنِ الشَّعْبِيِّ، عَنِ ابْنِ عُمَرَ، قَالَ خَطَبَ عُمَرُ عَلَى مِنْبَرِ رَسُولِ اللَّهِ صلى الله عليه وسلم فَحَمِدَ اللَّهَ وَأَثْنَى عَلَيْهِ ثُمَّ قَالَ أَمَّا بَعْدُ أَلاَ وَإِنَّ الْخَمْرَ نَزَلَ تَحْرِيمُهَا يَوْمَ نَزَلَ وَهْىَ مِنْ خَمْسَةِ أَشْيَاءَ مِنَ الْحِنْطَةِ وَالشَّعِيرِ وَالتَّمْرِ وَالزَّبِيبِ وَالْعَسَلِ ‏.‏ وَالْخَمْرُ مَا خَامَرَ الْعَقْلَ وَثَلاَثَةُ أَشْيَاءَ وَدِدْتُ أَيُّهَا النَّاسُ أَنَّ رَسُولَ اللَّهِ صلى الله عليه وسلم كَانَ عَهِدَ إِلَيْنَا فِيهَا الْجَدُّ وَالْكَلاَلَةُ وَأَبْوَابٌ مِنْ أَبْوَابِ الرِّبَا ‏.‏",
      "english": {
        "narrator": "Ibn 'Umar reported that Umar delivered a sermon on the pulpit of Allah's Messenger (ﷺ) and he praised Allah and lauded Him and then said:",
        "text": "Now coming to the point. Behold I when the command pertaining to the prohibition of wine was revealed, it was prepared from five things: from wheat, barley, date, grape, honey; and wine is that which clouds the intellect; and O people, I wish Allah's Messenger (ﷺ) could have explained to us in (more) detail the laws pertaining to the inheritance of the grandfather, about one who dies leaving no issue, and some of the problems pertaining to interest."
      },
      "turkish": {
        "narrator": "Ibn 'Umar reported that Umar delivered a sermon on the pulpit of Allah's Messenger (ﷺ) and he praised Allah and lauded Him and then said:",
        "text": "İbn 'Umar, Ömer'in Allah'ın Messenger'ının (ﷺ) minberinde bir hutbe verdiğini ve Allah'ı övdüğünü, ardından da: Şimdi konuya gelelim. Bakın, şarap yasağı ile ilgili emir indirildiğinde, beş şeyden hazırlanıyordu: buğday, arpa, hurma, üzüm, bal; ve şarap, aklı karıştıran şeydir; ve ey insanlar, keşke Allah'ın Messenger'ı (ﷺ) bize, büyükbabanın mirası, çocuk bırakmadan ölenin durumu ve faizle ilgili bazı meseleleri daha ayrıntılı açıklayabilseydi."
      }
    },
    {
      "id": 37,
      "idInBook": 37,
      "chapterId": 56,
      "bookId": 2,
      "arabic": "وَحَدَّثَنَا أَبُو كُرَيْبٍ، أَخْبَرَنَا ابْنُ إِدْرِيسَ، حَدَّثَنَا أَبُو حَيَّانَ، عَنِ الشَّعْبِيِّ، عَنِ ابْنِ، عُمَرَ قَالَ سَمِعْتُ عُمَرَ بْنَ الْخَطَّابِ، عَلَى مِنْبَرِ رَسُولِ اللَّهِ صلى الله عليه وسلم يَقُولُ أَمَّا بَعْدُ أَيُّهَا النَّاسُ فَإِنَّهُ نَزَلَ تَحْرِيمُ الْخَمْرِ وَهْىَ مِنْ خَمْسَةٍ مِنَ الْعِنَبِ وَالتَّمْرِ وَالْعَسَلِ وَالْحِنْطَةِ وَالشَّعِيرِ وَالْخَمْرُ مَا خَامَرَ الْعَقْلَ وَثَلاَثٌ أَيُّهَا النَّاسُ وَدِدْتُ أَنَّ رَسُولَ اللَّهِ صلى الله عليه وسلم كَانَ عَهِدَ إِلَيْنَا فِيهِنَّ عَهْدًا نَنْتَهِي إِلَيْهِ الْجَدُّ وَالْكَلاَلَةُ وَأَبْوَابٌ مِنْ أَبْوَابِ الرِّبَا ‏.‏",
      "english": {
        "narrator": "Ibn 'Umar reported:",
        "text": "I heard 'Umar b. Khattab delivering sermon on the pulpit ol Allah's messenger (ﷺ) and saying': Now, coming to the point, O people, there was revealed (the command pertaining to the prohibition of wine) and it was prepared (at that time) out of five things: grape, date, honey, wheat, barley, and wine is that which clouds the intellect, and, O people, I wish Allah's Messenger (ﷺ) had explained to us in greater detail three things: the inheritance of the grandfather, of one who dies without leaving any issue, and some of the problems of interest."
      },
      "turkish": {
        "narrator": "Ibn 'Umar reported:",
        "text": "İbn 'Umar, Ömer b. Hattab'ın Allah'ın Messenger'ının (ﷺ) minberinde bir hutbe verirken: Şimdi, konuya gelelim, ey insanlar, (şarap yasağı ile ilgili emir) indirildi ve o zaman beş şeyden hazırlanıyordu: üzüm, hurma, bal, buğday, arpa; ve şarap, aklı karıştıran şeydir, ve ey insanlar, keşke Allah'ın Messenger'ı (ﷺ) bize üç şeyi daha ayrıntılı açıklayabilseydi: büyükbabanın mirası, çocuk bırakmadan ölenin durumu ve faizle ilgili bazı meseleler."
      }
    },
    {
      "id": 38,
      "idInBook": 38,
      "chapterId": 56,
      "bookId": 2,
      "arabic": "وَحَدَّثَنَا أَبُو بَكْرِ بْنُ أَبِي شَيْبَةَ، حَدَّثَنَا إِسْمَاعِيلُ ابْنُ عُلَيَّةَ، ح وَحَدَّثَنَا إِسْحَاقُ، بْنُ إِبْرَاهِيمَ أَخْبَرَنَا عِيسَى بْنُ يُونُسَ، كِلاَهُمَا عَنْ أَبِي حَيَّانَ، بِهَذَا الإِسْنَادِ ‏.‏ بِمِثْلِ حَدِيثِهِمَا غَيْرَ أَنَّ ابْنَ عُلَيَّةَ فِي حَدِيثِهِ الْعِنَبِ ‏.‏ كَمَا قَالَ ابْنُ إِدْرِيسَ وَفِي حَدِيثِ عِيسَى الزَّبِيبِ ‏.‏ كَمَا قَالَ ابْنُ مُسْهِرٍ ‏.‏",
      "english": {
        "narrator": "",
        "text": "This hadith has been transmitted on the same authority but with a slight variation of wording."
      },
      "turkish": {
        "narrator": "",
        "text": "Bu hadis aynı otoriteden ancak kelime değişikliği ile aktarılmıştır."
      }
    },
    {
      "id": 39,
      "idInBook": 39,
      "chapterId": 56,
      "bookId": 2,
      "arabic": "حَدَّثَنَا عَمْرُو بْنُ زُرَارَةَ، حَدَّثَنَا هُشَيْمٌ، عَنْ أَبِي هَاشِمٍ، عَنْ أَبِي مِجْلَزٍ، عَنْ قَيْسِ، بْنِ عُبَادٍ قَالَ سَمِعْتُ أَبَا ذَرٍّ، يُقْسِمُ قَسَمًا إِنَّ ‏{‏ هَذَانِ خَصْمَانِ اخْتَصَمُوا فِي رَبِّهِمْ‏}‏ إِنَّهَا نَزَلَتْ فِي الَّذِينَ بَرَزُوا يَوْمَ بَدْرٍ حَمْزَةُ وَعَلِيٌّ وَعُبَيْدَةُ بْنُ الْحَارِثِ وَعُتْبَةُ وَشَيْبَةُ ابْنَا رَبِيعَةَ وَالْوَلِيدُ بْنُ عُتْبَةَ ‏.‏",
      "english": {
        "narrator": "Abu Dharr took an oath that this verse:",
        "text": "\" These two adversaries who dispute about their Lord\" (xxii. 19) was revealed in connection with those who on the Day of Badr came out (of rows to fight against the non-believers and they were) Hamza, 'Ali, 'Ubaida b. Harith (from the side of the Muslims) and 'Utba and Shaiba, both of them the sons of Rabi'a and Walid b. 'Utba (from the side of the non-believers of Mecca)."
      },
      "turkish": {
        "narrator": "Abu Dharr took an oath that this verse:",
        "text": "Ebu Zerr, bu ayetin: \"Rableri hakkında tartışan bu iki düşman\" (Hac, 19) ayetinin, Badr Günü'nde (kafirlerle savaşmak için saflardan çıkan) Hamza, Ali, Ubeyde b. Haris (Müslümanlar tarafında) ve Utbe ile Şeybe, Rabi'a'nın oğulları ve Velid b. Utbe (Mekke kafirleri tarafında) ile ilgili olarak indirildiğine yemin etti."
      }
    },
    {
      "id": 40,
      "idInBook": 40,
      "chapterId": 56,
      "bookId": 2,
      "arabic": "حَدَّثَنَا أَبُو بَكْرِ بْنُ أَبِي شَيْبَةَ، حَدَّثَنَا وَكِيعٌ، ح وَحَدَّثَنِي مُحَمَّدُ بْنُ الْمُثَنَّى، حَدَّثَنَا عَبْدُ الرَّحْمَنِ، جَمِيعًا عَنْ سُفْيَانَ، عَنْ أَبِي هَاشِمٍ، عَنْ أَبِي مِجْلَزٍ، عَنْ قَيْسِ بْنِ عُبَادٍ، قَالَ سَمِعْتُ أَبَا ذَرٍّ، يُقْسِمُ لَنَزَلَتْ ‏{‏ هَذَانِ خَصْمَانِ‏}‏ بِمِثْلِ حَدِيثِ هُشَيْمٍ ‏.‏",
      "english": {
        "narrator": "",
        "text": "This hadith has been narrated on the authority of Abu Dharr through another chain of transmitters."
      },
      "turkish": {
        "narrator": "",
        "text": "Bu hadis, Ebu Zerr'den başka bir isnat zinciriyle nakledilmiştir."
      }
    }
  ],
  "chapter": {
    "id": 56,
    "bookId": 2,
    "arabic": "كتاب التفسير",
    "english": "The Book of Commentary on the Qur'an"
  }
}