{
  "metadata": {
    "length": 11,
    "arabic": {
      "title": "الشمائل المحمدية",
      "author": "الإمام الترمذي",
      "introduction": "باب ماجاء في نعل رسول الله صلى الله عليه وسلم"
    },
    "english": {
      "title": "Shama'il Muhammadiyah",
      "author": "Imam Tirmidhi",
      "introduction": "The Shoes Of Rasoolullah"
    }
  },
  "hadiths": [
    {
      "id": 1,
      "idInBook": 1,
      "chapterId": 10,
      "bookId": 16,
      "arabic": "حَدَّثَنَا مُحَمَّدُ بْنُ بَشَّارٍ، قَالَ‏:‏ حَدَّثَنَا أَبُو دَاوُدَ الطَّيَالِسِيُّ، قَالَ‏:‏ حَدَّثَنَا هَمَّامٌ، عَنْ، قَالَ‏:‏ قُلْتُ لأَنَسِ بْنِ مَالِكٍ‏:‏ كَيْفَ كَانَ نَعْلُ رَسُولِ اللهِ صلى الله عليه وسلم‏؟‏ قَالَ‏:‏ لَهُمَا قِبَالانِ‏.‏",
      "english": {
        "narrator": "Qatada said; “I asked Anas ibn Malik:",
        "text": "‘How were the sandals of Allah’s Messenger (Allah bless him and give him peace)?’ He said: ‘They had two thongs'.”"
      },
      "turkish": {
        "narrator": "Qatada said; “I asked Anas ibn Malik:",
        "text": "Katâde dedi ki; “Ben Enes ibn Malik’e sordum: ‘Allah’ın Elçisi (Allah ona salat ve selam eylesin) ayakkabıları nasıldı?’ O da: ‘İki kayışı vardı’ dedi.”"
      }
    },
    {
      "id": 2,
      "idInBook": 2,
      "chapterId": 10,
      "bookId": 16,
      "arabic": "حَدَّثَنَا أَبُو كُرَيْبٍ مُحَمَّدُ بْنُ الْعَلاءِ، قَالَ‏:‏ حَدَّثَنَا وَكِيعٌ، عَنْ سُفْيَانَ، عَنْ خَالِدٍ الْحَذَّاءِ، عَنْ عَبْدِ اللهِ بْنِ الْحَارِثِ، عَنِ ابْنِ عَبَّاسٍ، قَالَ‏:‏ كَانَ لِنَعْلِ رَسُولِ اللهِ صلى الله عليه وسلم قِبَالانِ، مَثْنِيٌّ شِرَاكَهُمَا‏.‏",
      "english": {
        "narrator": "Ibn 'Abbas said:",
        "text": "\"The sandals of Allah’s Messenger (Allah bless him and give him peace) had two thongs with double laces.”"
      },
      "turkish": {
        "narrator": "Ibn 'Abbas said:",
        "text": "---"
      }
    },
    {
      "id": 3,
      "idInBook": 3,
      "chapterId": 10,
      "bookId": 16,
      "arabic": "حَدَّثَنَا أَحْمَدُ بْنُ مَنِيعٍ، قَالَ‏:‏ حَدَّثَنَا أَبُو أَحْمَدَ الزُّبَيْرِيُّ، قَالَ‏:‏ حَدَّثَنَا عِيسَى بْنُ طَهْمَانَ، قَالَ‏:‏ أَخْرَجَ إِلَيْنَا أَنَسُ بْنُ مَالِكٍ نَعْلَيْنِ جَرْدَاوَيْنِ، لَهُمَا قِبَالانِ‏.‏ قَالَ : فَحَدَّثَنِي ثَابِتٌ بَعْدُ عَنْ أَنَسُ ، أَنَّهُمَا كَانَتَا نَعْلَيِ النَّبِيِّ صَلَّى اللَّهُ عَلَيْهِ وَسَلَّمَ .",
      "english": {
        "narrator": "'Isa ibn Tahman said:",
        "text": "\"Anas ibn Malik brought out to us a pair of hairless sandals with two thongs. Then Thabit told me afterwards, on the authority of Anas, that they were the sandals of the Prophet (Allah bless him and give him peace).”"
      },
      "turkish": {
        "narrator": "'Isa ibn Tahman said:",
        "text": "İbn Abbas dedi ki: \"Allah’ın Elçisi (Allah ona salat ve selam eylesin) ayakkabılarının iki kayışı vardı ve çift ipliydi.”"
      }
    },
    {
      "id": 4,
      "idInBook": 4,
      "chapterId": 10,
      "bookId": 16,
      "arabic": "حَدَّثَنَا إِسْحَاقُ بْنُ مُوسَى الأَنْصَارِيُّ، قَالَ‏:‏ حَدَّثَنَا مَعْنٌ، قَالَ‏:‏ حَدَّثَنَا مَالِكٌ، قَالَ‏:‏ حَدَّثَنَا سَعِيدُ بْنُ أَبِي سَعِيدٍ الْمَقْبُرِيُّ، عَنْ عُبَيْدِ بْنِ جُرَيْجٍ، أَنَّهُ قَالَ لابْنِ عُمَرَ‏:‏ رَأَيْتُكَ تَلْبَسُ النِّعَالَ السِّبْتِيَّةَ، قَالَ‏:‏ إِنِّي رَأَيْتُ رَسُولَ اللهِ صلى الله عليه وسلم يَلْبَسُ النِّعَالَ الَّتِي لَيْسَ فِيهَا شَعَرٌ، وَيَتَوَضَّأُ فِيهَا، فَأَنَا أُحِبُّ أَنْ أَلْبَسَهَا‏.‏",
      "english": {
        "narrator": "'Ubaid ibn Juraij said to Ibn 'Umar:",
        "text": "\"I saw you wearing the tanned ox-hide sandals with no hair on them .\" He replied:\n\"I saw Allah’s Messenger (Allah bless him and give him peace) wearing the sandals on which there is no hair, and he performed the minor ritual ablution in them, so I love to wear them!”"
      },
      "turkish": {
        "narrator": "'Ubaid ibn Juraij said to Ibn 'Umar:",
        "text": "---"
      }
    },
    {
      "id": 5,
      "idInBook": 5,
      "chapterId": 10,
      "bookId": 16,
      "arabic": "حَدَّثَنَا إِسْحَاقُ بْنُ مَنْصُورٍ، قَالَ‏:‏ حَدَّثَنَا عَبْدُ الرَّزَّاقِ، عَنْ مَعْمَرٍ، عَنِ ابْنِ أَبِي ذِئْبٍ، عَنْ صَالِحٍ مَوْلَى التَّوْءَمَةِ، عَنْ أَبِي هُرَيْرَةَ، قَالَ‏:‏ كَانَ لِنَعْلِ رَسُولِ اللهِ صلى الله عليه وسلم قِبَالانِ‏.‏",
      "english": {
        "narrator": "Abu Huraira said:",
        "text": "\"The sandals of Allah’s Messenger (Allah bless him and give him peace) had two thongs.\""
      },
      "turkish": {
        "narrator": "Abu Huraira said:",
        "text": "İsa ibn Tahman dedi ki: \"Enes ibn Malik bize iki kayışlı, tüyü olmayan bir sandalet çıkardı. Sonra Thabit, Enes’ten rivayet ederek bana şunu söyledi: Bunlar Peygamberin (Allah ona salat ve selam eylesin) sandaletleriydi.”"
      }
    },
    {
      "id": 6,
      "idInBook": 6,
      "chapterId": 10,
      "bookId": 16,
      "arabic": "حَدَّثَنَا أَحْمَدُ بْنُ مَنِيعٍ، قَالَ‏:‏ حَدَّثَنَا أَبُو أَحْمَدَ، قَالَ‏:‏ حَدَّثَنَا سُفْيَانُ، عَنِ السُّدِّيِّ، قَالَ‏:‏ حَدَّثَنِي مَنْ، سَمِعَ عَمْرَو بْنَ حُرَيْثٍ، يَقُولُ‏:‏ رَأَيْتُ رَسُولَ اللهِ صلى الله عليه وسلم، يُصَلِّي فِي نَعْلَيْنِ مَخْصُوفَتَيْنِ‏.‏",
      "english": {
        "narrator": "Amr ibn Huraith said:",
        "text": "\"I saw Allah's Messenger (Allah bless him and give him peace) performing the ritual prayer in sewn sandals.”"
      },
      "turkish": {
        "narrator": "Amr ibn Huraith said:",
        "text": "---"
      }
    },
    {
      "id": 7,
      "idInBook": 7,
      "chapterId": 10,
      "bookId": 16,
      "arabic": "حَدَّثَنَا إِسْحَاقُ بْنُ مُوسَى الأَنْصَارِيُّ، قَالَ‏:‏ حَدَّثَنَا مَعْنٌ، قَالَ‏:‏ حَدَّثَنَا مَالِكٌ، عَنْ أَبِي الزِّنَادِ، عَنِ الأَعْرَجِ، عَنْ أَبِي هُرَيْرَةَ، أَنَّ رَسُولَ اللهِ صلى الله عليه وسلم، قَالَ‏:‏ لا يَمْشِيَنَّ أَحَدُكُمْ فِي نَعْلٍ وَاحِدَةٍ، لِيُنْعِلْهُمَا جَمِيعًا، أَوْ لِيُحْفِهِمَا جَمِيعًا‏.‏\n\nحَدَّثَنَا قُتَيْبَةُ، عَنْ مَالِكِ بْنِ أَنَسٍ، عَنْ أَبِي الزِّنَادِ نَحْوَهُ‏.‏",
      "english": {
        "narrator": "Abu Hurairah reports that Allah’s Messenger said (Allah bless him and give him peace):",
        "text": "“Let none of you walk in a single sandal. Let him wear them both or take them both off!”"
      },
      "turkish": {
        "narrator": "Abu Hurairah reports that Allah’s Messenger said (Allah bless him and give him peace):",
        "text": "Ubeyd ibn Cerir, İbn Ömer’e dedi ki: \"Ben seni, tüyü olmayan, deriden yapılmış sandaletler giyerken gördüm.\" O da cevap verdi: \"Ben Allah’ın Elçisi (Allah ona salat ve selam eylesin)’in tüyü olmayan sandaletleri giyerken gördüm ve o, bunlarla abdest aldı, bu yüzden ben de onları giymeyi seviyorum!”"
      }
    },
    {
      "id": 8,
      "idInBook": 8,
      "chapterId": 10,
      "bookId": 16,
      "arabic": "حَدَّثَنَا إِسْحَاقُ بْنُ مُوسَى، قَالَ‏:‏ حَدَّثَنَا مَعْنٌ، قَالَ‏:‏ حَدَّثَنَا مَالِكٌ، عَنْ أَبِي الزُّبَيْرِ، عَنْ جَابِرٍ، أَنَّ النَّبِيَّ صلى الله عليه وسلم نَهَى أَنْ يَأْكُلَ، يَعْنِي الرَّجُلَ، بِشِمَالِهِ، أَوْ يَمْشِيَ فِي نَعْلٍ وَاحِدَةٍ‏.‏",
      "english": {
        "narrator": "Jabir reported:",
        "text": "“The Prophet (Allah bless him and give him peace) forbade one (referring to the man) to eat with his left hand, or to walk in a single sandal.”"
      },
      "turkish": {
        "narrator": "Jabir reported:",
        "text": "---"
      }
    },
    {
      "id": 9,
      "idInBook": 9,
      "chapterId": 10,
      "bookId": 16,
      "arabic": "حَدَّثَنَا قُتَيْبَةُ، حوَحَدَّثَنَا إِسْحَاقُ بْنُ مُوسَى، قَالَ‏:‏ حَدَّثَنَا مَعْنٌ، قَالَ‏:‏ حَدَّثَنَا مَالِكٌ، عَنْ أَبِي الزِّنَادِ، عَنِ الأَعْرَجِ، عَنْ أَبِي هُرَيْرَةَ، أَنَّ النَّبِيَّ صلى الله عليه وسلم، قَالَ‏:‏ إِذَا انْتَعَلَ أَحَدُكُمْ فَلْيَبْدَأْ بِالْيَمِينِ، وَإِذَا نَزَعَ فَلْيَبْدَأْ بِالشِّمَالِ، فَلْتَكُنِ الْيَمِينُ أَوَّلَهُمَا تُنْعَلُ، وَآخِرَهُمَا تُنْزَعُ‏.‏",
      "english": {
        "narrator": "Abu Huraira said:",
        "text": "“The Prophet said (Allah bless him and give him peace): \"When one of you puts on sandals, let him begin with the right, and when he takes them off, let him begin with the left, for the right must be the first of them to be put on, and the last of them to be taken off.”"
      },
      "turkish": {
        "narrator": "Abu Huraira said:",
        "text": "Ebu Hureyre dedi ki: \"Allah’ın Elçisi (Allah ona salat ve selam eylesin) ayakkabılarının iki kayışı vardı.\""
      }
    },
    {
      "id": 10,
      "idInBook": 10,
      "chapterId": 10,
      "bookId": 16,
      "arabic": "حَدَّثَنَا أَبُو مُوسَى مُحَمَّدُ بْنُ الْمُثَنَّى، قَالَ‏:‏ حَدَّثَنَا مُحَمَّدُ بْنُ جَعْفَرٍ، قَالَ‏:‏ حَدَّثَنَا شُعْبَةُ، قَالَ‏:‏ حَدَّثَنَا أَشْعَثُ هُوَ ابْنُ أَبِي الشَّعْثَاءِ، عَنْ أَبِيهِ، عَنْ مَسْرُوقٍ، عَنْ عَائِشَةَ، قَالَتْ‏:‏ كَانَ رَسُولُ اللهِ صلى الله عليه وسلم يُحِبُّ التَّيَمُّنَ مَا اسْتَطَاعَ فِي تَرَجُّلِهِ، وَتَنَعُّلِهِ وَطُهُورِهِ‏.‏",
      "english": {
        "narrator": "'A’isha said:",
        "text": "\"Allah’s Messenger (Allah bless him and give him peace) would love to start whatever he could on the right side, in his combing, his footwear and his purification.”"
      },
      "turkish": {
        "narrator": "'A’isha said:",
        "text": "---"
      }
    },
    {
      "id": 11,
      "idInBook": 11,
      "chapterId": 10,
      "bookId": 16,
      "arabic": "حَدَّثَنَا مُحَمَّدُ بْنُ مَرْزُوقٍ أَبُو عَبْدِ اللهِ، قَالَ‏:‏ حَدَّثَنَا عَبْدُ الرَّحْمَنِ بْنُ قَيْسٍ أَبُو مُعَاوِيَةَ، قَالَ‏:‏ حَدَّثَنَا هِشَامٌ، عَنْ مُحَمَّدٍ، عَنْ أَبِي هُرَيْرَةَ، قَالَ‏:‏ كَانَ لِنَعْلِ رَسُولِ اللهِ صلى الله عليه وسلم قِبَالانِ وَأَبِي بَكْرٍ وَعُمَرَ، وَأَوَّلُ مَنْ عَقَدَ عَقْدًا وَاحِدًا عُثْمَانُ رضي الله عنه‏.‏‏.‏",
      "english": {
        "narrator": "Abu Huraira said:",
        "text": "“The sandals of Allah’s Messenger (Allah bless him and give him peace) had two thongs, as did those of Abu Bakr and 'Umar (may Allah the Exalted be well pleased with them), and the first to tie a single knot was 'Uthman (may Allah be well pleased with him).”"
      },
      "turkish": {
        "narrator": "Abu Huraira said:",
        "text": "Amr ibn Huraith dedi ki: \"Ben Allah’ın Elçisi (Allah ona salat ve selam eylesin)’in dikilmiş sandaletlerle namaz kıldığını gördüm.\""
      }
    }
  ],
  "chapter": {
    "id": 10,
    "bookId": 16,
    "arabic": "باب ماجاء في نعل رسول الله صلى الله عليه وسلم",
    "english": "The Shoes Of Rasoolullah"
  }
}