{
  "metadata": {
    "length": 8,
    "arabic": {
      "title": "الشمائل المحمدية",
      "author": "الإمام الترمذي",
      "introduction": "باب ما جاء في ذكر خاتم رسول الله صلى الله عليه وسلم"
    },
    "english": {
      "title": "Shama'il Muhammadiyah",
      "author": "Imam Tirmidhi",
      "introduction": "The Mubarak Ring Of Rasoolullah"
    }
  },
  "hadiths": [
    {
      "id": 1,
      "idInBook": 1,
      "chapterId": 11,
      "bookId": 16,
      "arabic": "حَدَّثَنَا قُتَيْبَةُ بْنُ سَعِيدٍ، وَغَيْرُ وَاحِدٍ، عَنْ عَبْدِ اللهِ بْنِ وَهْبٍ، عَنْ يُونُسَ، عَنِ ابْنِ شِهَابٍ، عَنْ أَنَسِ بْنِ مَالِكٍ، قَالَ‏:‏ كَانَ خَاتَمُ النَّبِيِّ صلى الله عليه وسلم مِنْ وَرِقٍ، وَكَانَ فَصُّهُ حَبَشِيًّا‏.‏",
      "english": {
        "narrator": "Anas ibn Malik said:",
        "text": "“The signet ring of the Prophet (Allah bless him and give him peace) consisted of silver, and its stone was Abyssinian.”"
      },
      "turkish": {
        "narrator": "Anas ibn Malik said:",
        "text": "Enes ibn Malik dedi ki: “Peygamberin (Allah ona salat ve selam etsin) yüzüğü gümüşten yapılmıştı ve taşı Habeş'tendi.”"
      }
    },
    {
      "id": 2,
      "idInBook": 2,
      "chapterId": 11,
      "bookId": 16,
      "arabic": "حَدَّثَنَا قُتَيْبَةُ حَدَّثَنَا أَبُو عَوَانَةَ، عَنْ أَبِي بِشْرٍ، عَنْ نَافِعٍ، عَنِ ابْنِ عُمَرَ، أَنَّ النَّبِيَّ صلى الله عليه وسلم اتَّخَذَ خَاتَمًا مِنْ فِضَّةٍ، فَكَانَ يَخْتِمُ بِهِ وَلا يَلْبَسُهُ‏.‏",
      "english": {
        "narrator": "Ibn 'Umar said:",
        "text": "\"The Prophet (Allah bless him and give him peace) chose a signet ring of silver, so he used to seal  with it, and he would not wear it.”"
      },
      "turkish": {
        "narrator": "Ibn 'Umar said:",
        "text": "İbn 'Umar dedi ki: \"Peygamber (Allah ona salat ve selam etsin) gümüşten bir yüzük seçti, böylece onunla mühür basardı ve onu takmazdı.”"
      }
    },
    {
      "id": 3,
      "idInBook": 3,
      "chapterId": 11,
      "bookId": 16,
      "arabic": "حَدَّثَنَا مَحْمُودُ بْنُ غَيْلانَ، قَالَ‏:‏ حَدَّثَنَا حَفْصُ بْنُ عُمَرَ بْنِ عُبَيْدٍ هُوَ الطَّنَافِسِيُّ، قَالَ‏:‏ حَدَّثَنَا زُهَيْرٌ أَبُو خَيْثَمَةَ، عَنْ حُمَيْدٍ، عَنْ أَنَسِ بْنِ مَالِكٍ، قَالَ‏:‏ كَانَ خَاتَمُ رَسُولِ اللهِ صلى الله عليه وسلم، مِنْ فِضَّةٍ، فَصُّهُ مِنْهُ‏.‏",
      "english": {
        "narrator": "Anas ibn Malik said:",
        "text": "“The signet ring of the Prophet (Allah bless him and give him peace) consisted of silver, including its stone.”"
      },
      "turkish": {
        "narrator": "Anas ibn Malik said:",
        "text": "Enes ibn Malik dedi ki: “Peygamberin (Allah ona salat ve selam etsin) yüzüğü gümüşten yapılmıştı, taşı da dahil.”"
      }
    },
    {
      "id": 4,
      "idInBook": 4,
      "chapterId": 11,
      "bookId": 16,
      "arabic": "حَدَّثَنَا إِسْحَاقُ بْنُ مَنْصُورٍ، قَالَ‏:‏ حَدَّثَنَا مُعَاذُ بْنُ هِشَامٍ، قَالَ‏:‏ حَدَّثَنِي أَبِي، عَنْ قَتَادَةَ، عَنْ أَنَسِ بْنِ مَالِكٍ، قَالَ‏:‏ لَمَّا أَرَادَ رَسُولُ اللهِ صلى الله عليه وسلم أَنْ يَكْتُبَ إِلَى الْعَجَمِ قِيلَ لَهُ‏:‏ إِنَّ الْعَجَمَ لا يَقْبَلُونَ إِلا كِتَابًا عَلَيْهِ خَاتَمٌ، فَاصْطَنَعَ خَاتَمًا، فَكَأَنِّي أَنْظُرُ إِلَى بَيَاضِهِ فِي كَفِّهِ‏.‏",
      "english": {
        "narrator": "Anas ibn Malik said:",
        "text": "“When Allah’s Messenger (Allah bless him and give him peace) wished to write to the non-Arabs, he was told: ‘The non-Arabs will not accept a letter unless it bears a seal.’\nHe therefore created a signet, and  I can see its whiteness in the palm of his hand.”"
      },
      "turkish": {
        "narrator": "Anas ibn Malik said:",
        "text": "Enes ibn Malik dedi ki: “Allah’ın Elçisi (Allah ona salat ve selam etsin) gayrimüslimlere yazmak istediğinde, ona: ‘Gayrimüslimler bir mühür taşımayan bir mektubu kabul etmezler’ denildi. Bunun üzerine bir mühür yaptı ve onun elinin avucunda beyazlığını görebiliyorum.”"
      }
    },
    {
      "id": 5,
      "idInBook": 5,
      "chapterId": 11,
      "bookId": 16,
      "arabic": "حَدَّثَنَا مُحَمَّدُ بْنُ يَحْيَى، قَالَ‏:‏ حَدَّثَنَا مُحَمَّدُ بْنُ عَبْدِ اللهِ الأَنْصَارِيِّ، قَالَ‏:‏ حَدَّثَنِي أَبِي، عَنْ ثُمَامَةَ، عَنْ أَنَسِ بْنِ مَالِكٍ، قَالَ‏:‏ كَانَ نَقْشُ خَاتَمِ رَسُولِ اللهِ صلى الله عليه وسلم‏:‏ مُحَمَّدٌ سَطْرٌ، وَرَسُولٌ سَطْرٌ، وَاللَّهُ سَطْرٌ‏.‏",
      "english": {
        "narrator": "Anas ibn Malik said:",
        "text": "“The inscription engraved  on the signet ring of Allah’s Messenger (Allah bless him and give him peace) was: Muhammadun forming one line, Rasulu forming one line, and Allahi forming one line.”"
      },
      "turkish": {
        "narrator": "Anas ibn Malik said:",
        "text": "Enes ibn Malik dedi ki: “Allah’ın Elçisi (Allah ona salat ve selam etsin) yüzüğünde yazılı olan yazı şuydu: Muhammadun bir satır, Rasulu bir satır ve Allahi bir satır.”"
      }
    },
    {
      "id": 6,
      "idInBook": 6,
      "chapterId": 11,
      "bookId": 16,
      "arabic": "حَدَّثَنَا نَصْرُ بْنُ عَلِيٍّ الْجَهْضَمِيُّ أَبُو عَمْرٍو، قَالَ‏:‏ حَدَّثَنَا نُوحُ بْنُ قَيْسٍ، عَنْ خَالِدِ بْنِ قَيْسٍ، عَنْ قَتَادَةَ، عَنْ أَنَسِ بْنِ مَالِكٍ، أَنَّ النَّبِيَّ صلى الله عليه وسلم كَتَبَ إِلَى كِسْرَى وَقَيْصَرَ وَالنَّجَاشِيِّ، فَقِيلَ لَهُ‏:‏ إِنَّهُمْ لا يَقْبَلُونَ كِتَابًا، إِلا بِخَاتَمٍ، فَصَاغَ رَسُولُ اللهِ صلى الله عليه وسلم، خَاتَمًا حَلْقَتُهُ فِضَّةٌ، وَنُقِشَ فِيهِ‏:‏ مُحَمَّدٌ رَسُولُ اللهِ‏.‏",
      "english": {
        "narrator": "Anas ibn Malik said:",
        "text": "\"The Prophet (Allah bless him and give him peace) wrote to Chosroes, Caesar and the Negus, whereupon he was told: 'The non-Arabs will not accept a letter unless it bears a seal.' Allah’s Messenger (Allah bless him and give him peace) therefore cast a signet which had a silver ring, and on which was engraved; “Muhammad is the Messenger of Allah.”"
      },
      "turkish": {
        "narrator": "Anas ibn Malik said:",
        "text": "Enes ibn Malik dedi ki: \"Peygamber (Allah ona salat ve selam etsin) Hüsrev, Kayser ve Necaşi'ye yazdı, bunun üzerine ona: 'Gayrimüslimler bir mühür taşımayan bir mektubu kabul etmezler' denildi. Allah’ın Elçisi (Allah ona salat ve selam etsin) bu nedenle gümüş bir yüzükle mühür yaptı ve üzerine; “Muhammed Allah’ın Elçisidir” yazıldı.”"
      }
    },
    {
      "id": 7,
      "idInBook": 7,
      "chapterId": 11,
      "bookId": 16,
      "arabic": "حَدَّثَنَا إِسْحَاقُ بْنُ مَنْصُورٍ، قَالَ‏:‏ حَدَّثَنَا سَعِيدُ بْنُ عَامِرٍ، وَالْحَجَّاجُ بْنُ مِنْهَالٍ، عَنْ هَمَّامٍ، عَنِ ابْنِ جُرَيْجٍ، عَنِ الزُّهْرِيِّ، عَنْ أَنَسِ بْنِ مَالِكٍ، أَنَّ النَّبِيَّ صلى الله عليه وسلم كَانَ إِذَا دَخَلَ الْخَلاءَ نَزَعَ خَاتَمَهُ‏.‏",
      "english": {
        "narrator": "Anas said:",
        "text": "\"When the Prophet (Allah bless him and give him peace) entered the toilet, he used to remove his signet ring.”"
      },
      "turkish": {
        "narrator": "Anas said:",
        "text": "Enes dedi ki: \"Peygamber (Allah ona salat ve selam etsin) tuvalete girdiğinde, yüzüğünü çıkarırdı.”"
      }
    },
    {
      "id": 8,
      "idInBook": 8,
      "chapterId": 11,
      "bookId": 16,
      "arabic": "حَدَّثَنَا إِسْحَاقُ بْنُ مَنْصُورٍ، قَالَ‏:‏ حَدَّثَنَا عَبْدُ اللهِ بْنُ نُمَيْرٍ، قَالَ‏:‏ حَدَّثَنَا عُبَيْدُ اللهِ بْنُ عُمَرَ، عَنْ نَافِعٍ، عَنِ ابْنِ عُمَرَ، قَالَ‏:‏ اتَّخَذَ رَسُولُ اللهِ صلى الله عليه وسلم، خَاتَمًا مِنْ وَرِقٍ، فَكَانَ فِي يَدِهِ ثُمَّ كَانَ فِي يَدِ أَبِي بَكْرٍ، وَيَدِ عُمَرَ، ثُمَّ كَانَ فِي يَدِ عُثْمَانَ، حَتَّى وَقَعَ فِي بِئْرِ أَرِيسٍ، نَقْشُهُ‏:‏ مُحَمَّدٌ رَسُولُ اللهِ‏.‏",
      "english": {
        "narrator": "Ibn 'Umar said:",
        "text": "“Allah’s Messenger (Allah bless him and give him peace) chose a signet ring of silver, so it was in his possession. Then it was in the possession of Abu Bakr and the possession of 'Umar. Then it was in the possession of 'Uthman, until it fell into the well of Aris. Its engraved inscription was: ‘Muhammad is the Messenger of Allah.”"
      },
      "turkish": {
        "narrator": "Ibn 'Umar said:",
        "text": "İbn 'Umar dedi ki: “Allah’ın Elçisi (Allah ona salat ve selam etsin) gümüşten bir yüzük seçti, böylece onun elindeydi. Sonra bu yüzük Ebu Bekir’in eline geçti ve ardından Ömer’in eline geçti. Sonra Osman’ın eline geçti, ta ki Aris kuyusuna düştü. Üzerinde yazılı olan yazı şuydu: ‘Muhammed Allah’ın Elçisidir.’”"
      }
    }
  ],
  "chapter": {
    "id": 11,
    "bookId": 16,
    "arabic": "باب ما جاء في ذكر خاتم رسول الله صلى الله عليه وسلم",
    "english": "The Mubarak Ring Of Rasoolullah"
  }
}