{
  "metadata": {
    "length": 4,
    "arabic": {
      "title": "الشمائل المحمدية",
      "author": "الإمام الترمذي",
      "introduction": "باب ماجاء في صفة سَيْفِ رَسُولِ اللهِ صلى الله عليه وسلم"
    },
    "english": {
      "title": "Shama'il Muhammadiyah",
      "author": "Imam Tirmidhi",
      "introduction": "The Sword Of Rasoolullah"
    }
  },
  "hadiths": [
    {
      "id": 1,
      "idInBook": 1,
      "chapterId": 13,
      "bookId": 16,
      "arabic": "حَدَّثَنَا مُحَمَّدُ بْنُ بَشَّارٍ، قَالَ‏:‏ حَدَّثَنَا وَهْبُ بْنُ جَرِيرٍ، قَالَ‏:‏ حَدَّثَنَا أَبِي، عَنْ قَتَادَةَ، عَنْ أَنَسٍ، قَالَ‏:‏ كَانَتْ قَبِيعَةُ سَيْفِ رَسُولِ اللهِ صلى الله عليه وسلم مِنْ فِضَّةٍ‏.‏",
      "english": {
        "narrator": "Anas said:",
        "text": "“Ihe pommel of the sword of Allah’s Messenger (Allah bless him and give him peace) was made of silver.”"
      },
      "turkish": {
        "narrator": "Anas said:",
        "text": "Enes dedi ki: “Allah’ın Messenger’ının (Allah ona salat ve selam eylesin) kılıcının kabzası gümüşten yapılmıştı.”"
      }
    },
    {
      "id": 2,
      "idInBook": 2,
      "chapterId": 13,
      "bookId": 16,
      "arabic": "حَدَّثَنَا مُحَمَّدُ بْنُ بَشَّارٍ، قَالَ‏:‏ حَدَّثَنَا مُعَاذُ بْنُ هِشَامٍ، قَالَ‏:‏ حَدَّثَنِي أَبِي، عَنْ قَتَادَةَ، عَنْ سَعِيدِ بْنِ أَبِي الْحَسَنِ، قَالَ‏:‏ كَانَتْ قَبِيعَةُ سَيْفِ رَسُولِ اللهِ صلى الله عليه وسلم مِنْ فِضَّةٍ‏.‏",
      "english": {
        "narrator": "Sa'id ibn Abi’l-Hasan al-Basri said:",
        "text": "“The pommel of the sword of Allah’s Messenger (Allah bless him and give him peace) was made of silver.\""
      },
      "turkish": {
        "narrator": "Sa'id ibn Abi’l-Hasan al-Basri said:",
        "text": "---"
      }
    },
    {
      "id": 3,
      "idInBook": 3,
      "chapterId": 13,
      "bookId": 16,
      "arabic": "حَدَّثَنَا أَبُو جَعْفَرٍ مُحَمَّدُ بْنُ صُدْرَانَ الْبَصْرِيُّ، قَالَ‏:‏ حَدَّثَنَا طَالِبُ بْنُ حُجَيْرٍ، عَنْ هُودٍ وَهُوَ ابْنُ عَبْدِ اللهِ بْنِ سَعْدٍ، عَنْ جَدِّهِ، قَالَ‏:‏ دَخَلَ رَسُولُ اللهِ صلى الله عليه وسلم مَكَّةَ يَوْمَ الْفَتْحِ وَعَلَى سَيْفِهِ ذَهَبٌ، وَفِضَّةٌ، قَالَ طَالِبٌ‏:‏ فَسَأَلْتُهُ عَنِ الْفِضَّةِ، فَقَالَ‏:‏ كَانَتْ قَبِيعَةُ السَّيْفِ فِضَّةً‏.‏",
      "english": {
        "narrator": "Hud (i.e. Ibn 'Abdi’llah ibn Sa'd) reports that his grandfather said:",
        "text": "\"Allah’s Messenger (Allah bless him and give him peace) entered Mecca on the Day of Victory with gold and silver on his sword. An inquirer said: 'I asked him about the silver', and he said: ‘The pommel of the sword was silver'.”"
      },
      "turkish": {
        "narrator": "Hud (i.e. Ibn 'Abdi’llah ibn Sa'd) reports that his grandfather said:",
        "text": "Sa'id ibn Abi’l-Hasan al-Basri dedi ki: “Allah’ın Messenger’ının (Allah ona salat ve selam eylesin) kılıcının kabzası gümüşten yapılmıştı.”"
      }
    },
    {
      "id": 4,
      "idInBook": 4,
      "chapterId": 13,
      "bookId": 16,
      "arabic": "حَدَّثَنَا محمد بن شجاع البغدادى ‏,‏ حَدَّثَنَا أبو عبيدة الحداد ‏,‏ عن عثمان بن سعد ‏,‏ عن ابن سيرين قال‏:‏ صنعت سيفي على سيف سمرة بن جندب‏:‏ وزعم سمرة أنه صنع سَيْفِه على سيف رَسُولِ اللهِصلى الله عليه وسلم ‏,‏ وكان حنيفيا‏.‏\n\nحدثنا عقبة بن مكرم البصري ‏,‏ قال‏:‏ حدثنا محمد بن بكر ‏,‏ عن عثمان بن سعد ‏,‏ بهذا الإسناد ‏,‏ نحوه‏.‏‏",
      "english": {
        "narrator": "Ibn Sirin said:",
        "text": "\"I made my sword in the shape of the sword of Samura ibn Jundub.\" Samura also claimed that he made his sword in the shape of the sword of Allah’s Messenger (Allah bless him and give him peace), for he was a Hanafi."
      },
      "turkish": {
        "narrator": "Ibn Sirin said:",
        "text": "---"
      }
    }
  ],
  "chapter": {
    "id": 13,
    "bookId": 16,
    "arabic": "باب ماجاء في صفة سَيْفِ رَسُولِ اللهِ صلى الله عليه وسلم",
    "english": "The Sword Of Rasoolullah"
  }
}