{"metadata":{"length":3,"arabic":{"title":"الشمائل المحمدية","author":"الإمام الترمذي","introduction":"باب ما جاء في مشية رسول الله صلى الله عليه وسلم"},"english":{"title":"Shama'il Muhammadiyah","author":"Imam Tirmidhi","introduction":"The Walking Of Rasoolullah"}},"hadiths":[{"id":1,"idInBook":1,"chapterId":18,"bookId":16,"arabic":"حَدَّثَنَا قُتَيْبَةُ بْنُ سَعِيدٍ، قَالَ‏:‏ حَدَّثَنَا ابْنُ لَهِيعَةَ، عَنْ أَبِي يُونُسَ، عَنْ أَبِي هُرَيْرَةَ، قَالَ‏:‏ وَلا رَأَيْتُ شَيْئًا أَحْسَنَ مِنْ رَسُولِ اللهِ صلى الله عليه وسلم كَأَنَّ الشَّمْسَ تَجْرِي فِي وَجْهِهِ، وَمَا رَأَيْتُ أَحَدًا أَسْرَعَ فِي مِشْيَتِهِ مِنْ رَسُولِ اللهِ صلى الله عليه وسلم كَأَنَّمَا الأَرْضُ تُطْوَى لَهُ إِنَّا لَنُجْهِدُ أَنْفُسَنَا وَإِنَّهُ لَغَيْرُ مُكْتَرِثٍ‏.‏","english":{"narrator":"Abu Huraira said:","text":"\"I have not seen anything more beautiful than Allah’s Messenger (Allah bless him and give him peace). The sun seemed to shine in his face. Nor have I seen anyone more rapid in his gait than Allah’s Messenger (Allah bless him and give him peace). The earth seemed to be folded up for him. We must strenuously exert ourselves, while he is not subject to any stress.\""}},{"id":2,"idInBook":2,"chapterId":18,"bookId":16,"arabic":"حَدَّثَنَا عَلِيُّ بْنُ حُجْرٍ، وَغَيْرُ وَاحِدٍ، قَالُوا‏:‏ حَدَّثَنَا عِيسَى بْنُ يُونُسَ، عَنْ عُمَرَ بْنِ عَبْدِ اللهِ مَوْلَى غُفْرَةَ، قَالَ‏:‏ أَخْبَرَنِي إِبْرَاهِيمُ بْنُ مُحَمَّدٍ مِنْ وَلَدِ عَلِيِّ بْنِ أَبِي طَالِبٍ، قَالَ‏:‏ كَانَ عَلِيٌّ إِذَا وَصَفَ النَّبِيَّ صلى الله عليه وسلم، قَالَ‏:‏ كَانَ إِذَا مَشَى تَقَلَّعَ كَأَنَّمَا يَنْحَطُّ مِنْ صَبَبٍ‏.‏","english":{"narrator":"Ibrahim ibn Muhammad, one of the offspring of 'Ali ibn Abi Talib, told me:","text":"“When \"Ali described the Prophet (Allah bless him and give him peace), he said: ‘When he walked, he moved as if he were descending a declivity'.”"}},{"id":3,"idInBook":3,"chapterId":18,"bookId":16,"arabic":"حَدَّثَنَا سُفْيَانُ بْنُ وَكِيعٍ، قَالَ‏:‏ حَدَّثَنَا أَبِي، عَنِ الْمَسْعُودِيِّ، عَنْ عُثْمَانَ بْنِ مُسْلِمِ بْنِ هُرْمُزَ، عَنْ نَافِعِ بْنِ جُبَيْرِ بْنِ مُطْعِمٍ، عَنْ عَلِيِّ بْنِ أَبِي طَالِبٍ، قَالَ‏:‏ كَانَ النَّبِيُّ صلى الله عليه وسلم إِذَا مَشَى، تَكَفَّأَ تَكَفُّؤًا، كَأَنَّمَا يَنْحَطُّ مِنْ صَبَبٍ‏.‏","english":{"narrator":"Ali ibn Abi Talib said (may Allah ennoble his countenance):","text":"\"When the Prophet (Allah bless him and give him peace) walked, he inclined forward as if he were descending a declivity.”"}}],"chapter":{"id":18,"bookId":16,"arabic":"باب ما جاء في مشية رسول الله صلى الله عليه وسلم","english":"The Walking Of Rasoolullah"}}