{"metadata":{"length":2,"arabic":{"title":"الشمائل المحمدية","author":"الإمام الترمذي","introduction":"باب ما جاء في اتكاء رسول الله صلى الله عليه وسلم"},"english":{"title":"Shama'il Muhammadiyah","author":"Imam Tirmidhi","introduction":"Rasoolullah Leaning On Something Other Than a Pillow"}},"hadiths":[{"id":1,"idInBook":1,"chapterId":22,"bookId":16,"arabic":"حَدَّثَنَا عَبْدُ اللهِ بْنُ عَبْدِ الرَّحْمَنِ، قَالَ‏:‏ حَدَّثَنَا عَمْرُو بْنُ عَاصِمٍ، قَالَ‏:‏ حَدَّثَنَا حَمَّادُ بْنُ سَلَمَةَ، عَنْ حُمَيْدٍ، عَنْ أَنَسٍ‏:‏ أَنَّ النَّبِيَّ صلى الله عليه وسلم كَانَ شَاكِيًا، فَخَرَجَ يَتَوَكَّأُ عَلَى أُسَامَةَ بْنِ زَيْدٍ وَعَلَيْهِ ثَوْبٌ قِطْرِيٌّ، قَدْ تَوَشَّحَ بِهِ فَصَلَّى بِهِمْ‏.‏","english":{"narrator":"Anas said:","text":"“The Prophet (Allah bless him and give him peace) was feeling ill, so he came out leaning on Usama ibn Zaid wearing an outer garment of coarse cotton fabric, which he had thrown on loosely, after which he led them in the ritual prayer.”"}},{"id":2,"idInBook":2,"chapterId":22,"bookId":16,"arabic":"حَدَّثَنَا عَبْدُ اللهِ بْنُ عَبْدِ الرَّحْمَنِ، قَالَ‏:‏ حَدَّثَنَا مُحَمَّدُ بْنُ الْمُبَارَكِ، قَالَ‏:‏ حَدَّثَنَا عَطَاءُ بْنُ مُسْلِمٍ الْخَفَّافُ الْحَلَبِيُّ، قَالَ‏:‏ حَدَّثَنَا جَعْفَرُ بْنُ بُرْقَانَ، عَنْ عَطَاءِ بْنِ أَبِي رَبَاحٍ، عَنِ الْفَضْلِ بْنِ عَبَّاسٍ، قَالَ‏:‏ دَخَلْتُ عَلَى رَسُولِ اللهِ صلى الله عليه وسلم، فِي مَرَضِهِ الَّذِي تُوُفِّيَ فِيهِ، وَعَلَى رَأْسِهِ عِصَابَةٌ صَفْرَاءُ، فَسَلَّمْتُ عَلَيْهِ، فَقَالَ‏:‏ يَا فَضْلُ قُلْتُ‏:‏ لَبَّيْكَ يَا رَسُولَ اللهِ، قَالَ‏:‏ اشْدُدْ بِهَذِهِ الْعِصَابَةِ رَأْسِي قَالَ‏:‏ فَفَعَلْتُ، ثُمَّ قَعَدَ فَوَضَعَ كَفَّهُ عَلَى مَنْكِبِي، ثُمَّ قَامَ فَدَخَلَ فِي الْمَسْجِدِ‏.‏","english":{"narrator":"Al-Fadl ibn Abbas said:","text":"\"I went in to see Allah’s Messenger (Allah bless him and give him peace) during his illness in which he died, and on his head there was a yellow band. I greeted him with the salutation of peace, so he said: 'O Fadl!”'I said: 'Doubly at your service, O Messenger of Allah!' He said: 'Wrap my head firmly with this band!' I acted accordingly, then he sat and placed the palm of his hand on my shoulder. Then he stood up and entered the mosque.” (This tradition is part of a longer story.)"}}],"chapter":{"id":22,"bookId":16,"arabic":"باب ما جاء في اتكاء رسول الله صلى الله عليه وسلم","english":"Rasoolullah Leaning On Something Other Than a Pillow"}}