{"metadata":{"length":8,"arabic":{"title":"الشمائل المحمدية","author":"الإمام الترمذي","introduction":"باب ما جاء في صفة خبز رسول الله صلى الله عليه وسلم"},"english":{"title":"Shama'il Muhammadiyah","author":"Imam Tirmidhi","introduction":"The Bread Of Rasoolullah"}},"hadiths":[{"id":1,"idInBook":1,"chapterId":24,"bookId":16,"arabic":"حدثني مُحَمَّدُ بْنُ الْمُثَنَّى، وَمُحَمَّدُ بْنُ بَشَّارٍ، قَالا‏:‏ حَدَّثَنَا مُحَمَّدُ بْنُ جَعْفَرٍ، قَالَ‏:‏ حَدَّثَنَا شُعْبَةُ، عَنْ أَبِي إِسْحَاقَ، قَالَ‏:‏ سَمِعْتُ عَبْدَ الرَّحْمَنِ بْنَ يَزِيدَ، يُحَدِّثُ عَنِ الأَسْوَدِ بْنِ يَزِيدَ، عَنْ عَائِشَةَ، أَنَّهَا قَالَتْ‏:‏ مَا شَبِعَ آلُ مُحَمَّدٍ صلى الله عليه وسلم مِنْ خُبْزِ الشَّعِيرِ يَوْمَيْنِ مُتَتَابِعَيْنِ حَتَّى قُبِضَ رَسُولُ اللهِ صلى الله عليه وسلم‏.‏","english":{"narrator":"'A’isha said:","text":"\"The family of Muhammad (Allah bless him and give him peace) did not satisfy their appetite with barley-bread for before even two consecutive days until Allah’s Messenger (Allah bless him and give him peace) was taken from this world.”"}},{"id":2,"idInBook":2,"chapterId":24,"bookId":16,"arabic":"حَدَّثَنَا عَبَّاسُ بْنُ مُحَمَّدٍ الدُّورِيُّ، قَالَ‏:‏ حَدَّثَنَا يَحْيَى بْنُ أَبِي بُكَيْرٍ، قَالَ‏:‏ حَدَّثَنَا حَرِيزُ بْنُ عُثْمَانَ، عَنْ سُلَيْمِ بْنِ عَامِرٍ، قَالَ‏:‏ سَمِعْتُ أَبَا أُمَامَةَ الْبَاهِلِيَّ، يَقُولُ‏:‏ مَا كَانَ يَفْضُلُ عَنِ أَهْلِ بَيْتِ رَسُولِ اللهِ صلى الله عليه وسلم خُبْزُ الشَّعِيرِ‏.‏","english":{"narrator":"Abu Umama al-Bahili say:","text":"\"There was never more than a bare sufficiency of barley- bread for the people of the household of Allah’s Messenger (Allah bless him and give him peace).”"}},{"id":3,"idInBook":3,"chapterId":24,"bookId":16,"arabic":"حَدَّثَنَا عَبْدُ اللهِ بْنُ مُعَاوِيَةَ الْجُمَحِيُّ، قَالَ‏:‏ حَدَّثَنَا ثَابِتُ بْنُ يَزِيدَ، عَنْ هِلاَلِ بْنِ خَبَّابٍ، عَنْ عِكْرِمَةَ، عَنِ ابْنِ عَبَّاسٍ، قَالَ‏:‏ كَانَ رَسُولُ اللهِ صلى الله عليه وسلم، يَبِيتُ اللَّيَالِيَ الْمُتَتَابِعَةَ طَاوِيًا هُوَ وَأَهْلُهُ، لا يَجِدُونُ عِشَاءً وَكَانَ أَكْثَرُ خُبْزِهِمْ، خُبْزَ الشَّعِيرِ‏.‏","english":{"narrator":"Ibn 'Abbas said:","text":"\"Allah’s Messenger (Allah bless him and give him peace) used to spend night after night starving. He and his family would not have any supper to eat, and most of their bread was barley-bread.”"}},{"id":4,"idInBook":4,"chapterId":24,"bookId":16,"arabic":"حَدَّثَنَا عَبْدُ اللهِ بْنُ عَبْدِ الرَّحْمَنِ، قَالَ‏:‏ حَدَّثَنَا عُبَيْدُ اللهِ بْنُ عَبْدِ الْمَجِيدِ الْحَنَفِيُّ، حَدَّثَنَا عَبْدُ الرَّحْمَنِ بْنُ عَبْدِ اللهِ بْنِ دِينَارٍ، قَالَ‏:‏ حَدَّثَنَا أَبُو حَازِمٍ، عَنْ سَهْلِ بْنِ سَعْدٍ، أَنَّهُ قِيلَ لَهُ‏:‏ أَكَلَ رَسُولُ اللهِ صلى الله عليه وسلم النَّقِيَّ‏؟‏ يَعْنِي الْحُوَّارَى فَقَالَ سَهْلٌ‏:‏ مَا رَأَى رَسُولُ اللهِ صلى الله عليه وسلم النَّقِيَّ حَتَّى لَقِيَ اللَّهَ عَزَّ وَجَلَّ تَعَالَى، فَقِيلَ لَهُ‏:‏ هَلْ كَانَتْ لَكُمْ مَنَاخِلُ عَلَى عَهْدِ رَسُولِ اللهِ صلى الله عليه وسلم‏؟‏","english":{"narrator":"Sahl ibn Sa'd said that he was asked:","text":"“Did Allah’s Messenger (Allah bless him and give him peace) eat the finest flour, meaning white bread?” Sahl said: “Allah’s Messenger (Allah bless him and give him peace) did not see the finest flour until he met Allah (Almighty and Glorious is He).” Then he was asked: “Did you have sieves in the time of Allah’s Messenger (Allah bless him and give him peace)?” He said: “We did not have sieves.” He was asked: “How did you treat barley?” He said: “We used to blow on it, so whatever flew would fly off it, and then we would knead it.”"}},{"id":5,"idInBook":5,"chapterId":24,"bookId":16,"arabic":"حَدَّثَنَا مُحَمَّدُ بْنُ بَشَّارٍ، قَالَ‏:‏ حَدَّثَنَا مُعَاذُ بْنُ هِشَامٍ، قَالَ‏:‏ حَدَّثَنِي أَبِي، عَنْ يُونُسَ، عَنْ قَتَادَةَ، عَنْ أَنَسِ بْنِ مَالِكٍ، قَالَ‏:‏ مَا أَكَلَ نَبِيُّ اللهِ عَلَى خِوَانٍ، وَلا فِي سُكُرَّجَةٍ، وَلا خُبِزَ لَهُ مُرَقَّقٌ قَالَ‏:‏ فَقُلْتُ لِقَتَادَةَ‏:‏ فَعَلامَ كَانُوا يَأْكُلُونَ‏؟‏ قَالَ‏:‏ عَلَى هَذِهِ السُّفَرِ قَالَ مُحَمَّدُ بْنُ بَشَّارٍ‏:‏ يُونُسُ هَذَا الَّذِي رَوَى عَنْ قَتَادَةَ هُوَ يُونُسُ الإِسْكَافُ‏.‏","english":{"narrator":"Anas ibn Malik said:","text":"“Allah’s Prophet (Allah bless him and give him peace) did not eat food on a table, nor in a bowl, and no bread rolled thin and flat was baked for him. I asked Qatada: ‘So on\nwhat were they used to eating?’ He said: ‘On these pieces of skin .”"}},{"id":6,"idInBook":6,"chapterId":24,"bookId":16,"arabic":"حَدَّثَنَا أَحْمَدُ بْنُ مَنِيعٍ، قَالَ‏:‏ حَدَّثَنَا عَبَّادُ بْنُ عَبَّادٍ الْمُهَلَّبِيُّ، عَنْ مُجَالِدٍ، عَنِ الشَّعْبِيِّ، عَنْ مَسْرُوقٍ، قَالَ‏:‏ دَخَلْتُ عَلَى عَائِشَةَ، فَدَعَتْ لِي بِطَعَامٍ وَقَالَتْ‏:‏ مَا أَشْبَعُ مِنْ طَعَامٍ فَأَشَاءُ أَنْ أَبْكِيَ إِلا بَكِيتُ قَالَ‏:‏ قُلْتُ لِمَ‏؟‏ قَالَتْ‏:‏ أَذْكُرُ الْحَالَ الَّتِي فَارَقَ عَلَيْهَا رَسُولُ اللهِ صلى الله عليه وسلم الدُّنْيَا، وَاللَّهِ مَا شَبِعَ مِنْ خُبْزٍ وَلَحْمٍ مَرَّتَيْنِ فِي يَوْمٍ‏.‏","english":{"narrator":"Masruq said:","text":"\"I went in to see 'A'isha, so she ordered a meal for me, and she said: “I do not eat my fill from a meal, for I feel like weeping, if I have not wept.” I said: “Why?” She said:\n“I remember the state in which Allah’s Messenger (Allah bless him and give him peace) departed from this world. By Allah, he did not eat his fill of bread and meat twice in one day!”"}},{"id":7,"idInBook":7,"chapterId":24,"bookId":16,"arabic":"حَدَّثَنَا مَحْمُودُ بْنُ غَيْلانَ، قَالَ‏:‏ حَدَّثَنَا أَبُو دَاوُدَ، قَالَ‏:‏ حَدَّثَنَا شُعْبَةُ، عَنْ أَبِي إِسْحَاقَ، قَالَ‏:‏ سَمِعْتُ عَبْدَ الرَّحْمَنِ بْنَ يَزِيدَ يُحَدِّثُ، عَنِ الأَسْوَدِ بْنِ يَزِيدَ، عَنْ عَائِشَةَ، قَالَتْ‏:‏ مَا شَبِعَ رَسُولُ اللهِ صلى الله عليه وسلم مِنْ خُبْزِ الشَّعِيرِ يَوْمَيْنِ مُتَتَابِعَيْنِ حَتَّى قُبِضَ‏.‏","english":{"narrator":"'A’isha said:","text":"\"Allah’s Messenger (Allah bless him and give him peace) did not eat his fill of barley-bread for two days in a row until he died.”"}},{"id":8,"idInBook":8,"chapterId":24,"bookId":16,"arabic":"حَدَّثَنَا عَبْدُ اللهِ بْنُ عَبْدِ الرَّحْمَنِ، قَالَ‏:‏ حَدَّثَنَا عَبْدُ اللهِ بْنُ عَمْرٍو أَبُو مَعْمَرٍ، حَدَّثَنَا عَبْدُ الْوَارِثِ، عَنْ سَعِيدِ بْنِ أَبِي عَرُوبَةَ، عَنْ قَتَادَةَ، عَنْ أَنَسٍ، قَالَ‏:‏ مَا أَكَلَ رَسُولُ اللهِ صلى الله عليه وسلم عَلَى خِوَانٍ، وَلا أَكَلَ خُبْزًا مُرَقَّقًا حَتَّى مَاتَ‏.‏","english":{"narrator":"Anas said:","text":"“Allah’s Messenger (Allah bless him and give him peace) did not eat food on a table, and he did not eat bread rolled thin and flat, until he died.”"}}],"chapter":{"id":24,"bookId":16,"arabic":"باب ما جاء في صفة خبز رسول الله صلى الله عليه وسلم","english":"The Bread Of Rasoolullah"}}