{
  "metadata": {
    "length": 34,
    "arabic": {
      "title": "الشمائل المحمدية",
      "author": "الإمام الترمذي",
      "introduction": "ما جاء في إدام رسول الله صلى الله عليه وسلم"
    },
    "english": {
      "title": "Shama'il Muhammadiyah",
      "author": "Imam Tirmidhi",
      "introduction": "What Rasoolullah Would Eat with Bread"
    }
  },
  "hadiths": [
    {
      "id": 1,
      "idInBook": 1,
      "chapterId": 25,
      "bookId": 16,
      "arabic": "حَدَّثَنَا مُحَمَّدُ بْنُ سَهْلِ بْنِ عَسْكَرٍ، وَعَبْدُ اللهِ بْنُ عَبْدِ الرَّحْمَنِ، قَالا‏:‏ حَدَّثَنَا يَحْيَى بْنُ حَسَّانَ، قَالَ‏:‏ حَدَّثَنَا سُلَيْمَانُ بْنُ بِلالٍ، عَنْ هِشَامِ بْنِ عُرْوَةَ، عَنْ أَبِيهِ، عَنْ عَائِشَةَ، أَنَّ رَسُولَ اللهِ صلى الله عليه وسلم، قَالَ‏:‏ نِعْمَ الإِدَامُ الْخَلُّ، قَالَ عَبْدُ اللهِ بْنُ عَبْدِ الرَّحْمَنِ، فِي حَدِيثِهِ‏:‏ نِعْمَ الإِدَامُ أَوِ الأُدْمُ الْخَلُّ‏.‏",
      "english": {
        "narrator": "'A’isha said:",
        "text": "“Allah’s Messenger said (Allah bless him and give him peace): ‘What an excellent condiment vinegar is'!”"
      },
      "turkish": {
        "narrator": "'A’isha said:",
        "text": "Aişe dedi ki: “Allah’ın Elçisi (Allah ona salat ve selam eylesin) şöyle dedi: ‘Sirke ne güzel bir çeşnidir!’”"
      }
    },
    {
      "id": 2,
      "idInBook": 2,
      "chapterId": 25,
      "bookId": 16,
      "arabic": "حَدَّثَنَا قُتَيْبَةُ، قَالَ‏:‏ حَدَّثَنَا أَبُو الأَحْوَصِ، عَنْ سِمَاكِ بْنِ حَرْبٍ، قَالَ‏:‏ سَمِعْتُ النُّعْمَانَ بْنَ بَشِيرٍ، يَقُولُ‏:‏ أَلَسْتُمْ فِي طَعَامٍ وَشَرَابٍ مَا شِئِتُمْ‏؟‏ لَقَدْ رَأَيْتُ نَبِيَّكُمْ صلى الله عليه وسلم، وَمَا يَجِدُ مِنَ الدَّقَلِ مَا يَمْلأُ بَطْنَهُ‏.‏",
      "english": {
        "narrator": "An-Nu'man ibn Bashir said:",
        "text": "“Do you not have what you want in the way of food and drink? I have seen your Prophet (Allah bless him and give him peace), and the poor-quality dates  that he finds are what fills his stomach.\""
      },
      "turkish": {
        "narrator": "An-Nu'man ibn Bashir said:",
        "text": "En-Nu'man ibn Beşir dedi ki: “Yiyecek ve içecek açısından istediğiniz şey yok mu? Ben, sizin Peygamberinizi (Allah ona salat ve selam eylesin) gördüm ve bulduğu düşük kaliteli hurmalar onun karnını doyuruyor.”"
      }
    },
    {
      "id": 3,
      "idInBook": 3,
      "chapterId": 25,
      "bookId": 16,
      "arabic": "حَدَّثَنَا عَبْدَةُ بْنُ عَبْدِ اللهِ الْخُزَاعِيُّ، قَالَ‏:‏ حَدَّثَنَا مُعَاوِيَةُ بْنُ هِشَامٍ، عَنْ سُفْيَانَ، عَنْ مُحَارِبِ بْنِ دِثَارٍ، عَنْ جَابِرِ بْنِ عَبْدِ اللهِ، قَالَ‏:‏ قَالَ رَسُولُ اللهِ صلى الله عليه وسلم‏:‏ نِعْمَ الإِدَامُ‏:‏ الْخَلُّ‏.‏",
      "english": {
        "narrator": "Jabir ibn 'Abdi’llah said:",
        "text": "Allah’s Messenger said (Allah bless him and give him peace): 'What an excellent condiment vinegar is!’”"
      },
      "turkish": {
        "narrator": "Jabir ibn 'Abdi’llah said:",
        "text": "Cabir ibn Abdullah dedi ki: “Allah’ın Elçisi (Allah ona salat ve selam eylesin) şöyle dedi: ‘Sirke ne güzel bir çeşnidir!’”"
      }
    },
    {
      "id": 4,
      "idInBook": 4,
      "chapterId": 25,
      "bookId": 16,
      "arabic": "حَدَّثَنَا هَنَّادٌ، حَدَّثَنَا وَكِيعٌ، عَنْ سُفْيَانَ، عَنْ أَيُّوبَ، عَنْ أَبِي قِلابَةَ، عَنْ زَهْدَمٍ الْجَرْمِيِّ، قَالَ‏:‏ كُنَّا عِنْدَ أَبِي مُوسَى الأَشْعَرِيِّ، فَأُتِيَ بِلَحْمِ دَجَاجٍ فَتَنَحَّى رَجُلٌ مِنَ الْقَوْمِ، فَقَالَ‏:‏ مَا لَكَ‏؟‏ فَقَالَ‏:‏ إِنِّي رَأَيْتُهَا تَأْكُلُ شَيْئًا فَحَلَفْتُ أَنْ لا آكُلَهَا‏.‏",
      "english": {
        "narrator": "Zahdam al-Jarmi said:",
        "text": "\"We were in the presence of Abu Musa al- Ash'ari when he was brought some chicken meat. A man among the people thereupon turned away, so he asked him: 'What is the matter?' He replied: 'I saw it eating something putrid, so I swore that I would not eat it.' He  said: 'Draw near, for I have seen Allah’s Messenger (Allah bless him and\ngive him peace) eating the meat of chickens'!”"
      },
      "turkish": {
        "narrator": "Zahdam al-Jarmi said:",
        "text": "Zahdam el-Cermi dedi ki: \"Abu Musa el-Aş'ari’nin yanında idik, ona biraz tavuk eti getirildi. Orada bulunan bir adam döndü, bunun üzerine ona: 'Nedir bu?' diye sordu. O da: 'Onun bir şey çürütücü yediğini gördüm, bu yüzden yemeyeceğime yemin ettim.' dedi. O da: 'Yaklaş, çünkü ben Allah’ın Elçisi’ni (Allah ona salat ve selam eylesin) tavuk etinden yerken gördüm!' dedi.”"
      }
    },
    {
      "id": 5,
      "idInBook": 5,
      "chapterId": 25,
      "bookId": 16,
      "arabic": "حَدَّثَنَا الْفَضْلُ بْنُ سَهْلٍ الأَعْرَجُ الْبَغْدَادِيُّ، قَالَ‏:‏ حَدَّثَنَا إِبْرَاهِيمُ بْنُ عَبْدِ الرَّحْمَنِ بْنِ مَهْدِيٍّ، عَنِ إِبْرَاهِيمَ بْنِ عُمَرَ بْنِ سَفِينَةَ، عَنْ أَبِيهِ، عَنْ جَدِّهِ، قَالَ‏:‏ أَكَلْتُ مَعَ رَسُولِ اللهِ صلى الله عليه وسلم لَحْمَ حُبَارَى‏.‏",
      "english": {
        "narrator": "Ibrahim ibn 'Umar ibn Safina, on the authority of his father reported that his grandfather said:",
        "text": "\"I ate together with Allah’s Messenger (Allah bless him and give him peace) the meat of a bustard.”"
      },
      "turkish": {
        "narrator": "Ibrahim ibn 'Umar ibn Safina, on the authority of his father reported that his grandfather said:",
        "text": "İbrahim ibn 'Umar ibn Safina, babası aracılığıyla, dedesinin şöyle söylediğini aktardı: \"Ben, Allah’ın Elçisi (Allah ona salat ve selam eylesin) ile birlikte bir devekuşu eti yedim.\""
      }
    },
    {
      "id": 6,
      "idInBook": 6,
      "chapterId": 25,
      "bookId": 16,
      "arabic": "حَدَّثَنَا عَلِيُّ بْنُ حُجْرٍ، قَالَ‏:‏ حَدَّثَنَا إِسْمَاعِيلُ بْنُ إِبْرَاهِيمَ، عَنْ أَيُّوبَ، عَنِ الْقَاسِمِ التَّمِيمِيِّ، عَنْ زَهْدَمٍ الْجَرْمِيِّ، قَالَ‏:‏ كُنَّا عِنْدَ أَبِي مُوسَى الأَشْعَرِيِّ، قَالَ‏:‏ فَقَدَّمَ طَعَامَهُ وَقَدَّمَ فِي طَعَامِهِ لَحْمَ دَجَاجٍ وَفِي الْقَوْمِ رَجُلٌ مِنْ بَنِي تَيْمِ اللهِ أَحْمَرُ كَأَنَّهُ مَوْلًى، قَالَ‏:‏ فَلَمْ يَدْنُ فَقَالَ لَهُ أَبُو مُوسَى‏:‏ ادْنُ، فَإِنِّي قَدْ رَأَيْتُ رَسُولَ اللهِ صلى الله عليه وسلم أَكَلَ مِنْهُ، فَقَالَ‏:‏ إِنِّي رَأَيْتُهُ يَأْكُلُ شَيْئًا، فَقَذِرْتُهُ فَحَلَفْتُ أَنْ لا أَطْعَمَهُ أَبَدًا‏.‏",
      "english": {
        "narrator": "Zahdam al-Jarmi said:",
        "text": "\"We were in the presence of Abu Musa al-Ash'ari. Among the people there was a man from the Banu Taimi’llah, ruddy as if he were a freed slave, and he did not draw near, so Abu Musa said to him: 'Draw near, for I saw Allah’s Messenger (Allah bless him and give\nhim peace) eat some of it,' but he said: 'I saw it eat something and I found it loathsome, so I swore that I would never taste it'!”"
      },
      "turkish": {
        "narrator": "Zahdam al-Jarmi said:",
        "text": "Zahdam el-Cermi dedi ki: \"Abu Musa el-Aş'ari’nin yanında idik. Orada Banu Taimi'llah'tan bir adam vardı, özgür bırakılmış bir köle gibi al al olmuştu ve yaklaşmadı, bunun üzerine Abu Musa ona: 'Yaklaş, çünkü ben Allah’ın Elçisi’ni (Allah ona salat ve selam eylesin) ondan yerken gördüm,' dedi ama o: 'Onun bir şey yediğini gördüm ve onu iğrenç buldum, bu yüzden asla tadına bakmayacağıma yemin ettim!' dedi.”"
      }
    },
    {
      "id": 7,
      "idInBook": 7,
      "chapterId": 25,
      "bookId": 16,
      "arabic": "حَدَّثَنَا مَحْمُودُ بْنُ غَيْلانَ، قَالَ‏:‏ حَدَّثَنَا أَبُو أَحْمَدَ الزُّبَيْرِيُّ، وَأَبُو نُعَيْمٍ، قَالا‏:‏ حَدَّثَنَا سُفْيَانُ، عَنْ عَبْدِ اللهِ بْنِ عِيسَى، عَنْ رَجُلٍ مِنْ أَهْلِ الشَّامِ، يُقَالُ‏:‏ لَهُ عَطَاءٌ، عَنْ أَبِي أَسِيدٍ، قَالَ‏:‏ قَالَ رَسُولُ اللهِ صلى الله عليه وسلم‏:‏ كُلُوا الزَّيْتَ، وَادَّهِنُوا بِهِ، فَإِنَّهُ مِنْ شَجَرَةٍ مُبَارَكَةٍ‏.‏",
      "english": {
        "narrator": "Ata’ ibn Abi Asid, said:",
        "text": "“Allah’s Messenger said (Allah bless him and give him peace): ‘Eat  oil, and anoint with it, for it is from a blessed tree!’”"
      },
      "turkish": {
        "narrator": "Ata’ ibn Abi Asid, said:",
        "text": "Ata’ ibn Abi Asid dedi ki: “Allah’ın Elçisi (Allah ona salat ve selam eylesin) şöyle dedi: ‘Zeytinyağı yiyin ve onunla yağlayın, çünkü o bereketli bir ağaçtan!’”"
      }
    },
    {
      "id": 8,
      "idInBook": 8,
      "chapterId": 25,
      "bookId": 16,
      "arabic": "حَدَّثَنَا يَحْيَى بْنُ مُوسَى، قَالَ‏:‏ حَدَّثَنَا عَبْدُ الرَّزَّاقِ، قَالَ‏:‏ حَدَّثَنَا مَعْمَرٌ، عَنْ زَيْدِ بْنِ أَسْلَمَ، عَنْ أَبِيهِ، عَنْ عُمَرَ بْنِ الْخَطَّابِ، قَالَ‏:‏ قَالَ رَسُولُ اللهِ صلى الله عليه وسلم‏:‏ كُلُوا الزَّيْتَ وَادَّهِنُوا بِهِ، فَإِنَّهُ مِنْ شَجَرَةٍ مُبَارَكَةٍ‏.‏",
      "english": {
        "narrator": "'Umar ibn al-Khattab (may Allah the Exalted be well pleased with him) said:",
        "text": "“Allah’s Messenger said (Allah bless him and give him peace): ‘Eat oil, and anoint with it, for it is from a blessed tree'!”"
      },
      "turkish": {
        "narrator": "'Umar ibn al-Khattab (may Allah the Exalted be well pleased with him) said:",
        "text": "Ömer ibn el-Hattab (Allah ondan razı olsun) dedi ki: “Allah’ın Elçisi (Allah ona salat ve selam eylesin) şöyle dedi: ‘Zeytinyağı yiyin ve onunla yağlayın, çünkü o bereketli bir ağaçtan!’”"
      }
    },
    {
      "id": 9,
      "idInBook": 9,
      "chapterId": 25,
      "bookId": 16,
      "arabic": "حَدَّثَنَا السِّنْجِيُّ وَهُوَ أَبُو دَاوُدَ سُلَيْمَانُ بْنُ مَعْبَدٍ السِّنْجِيُّ، قَالَ‏:‏ حَدَّثَنَا عَبْدُ الرَّزَّاقِ، عَنْ مَعْمَرٍ، عَنْ زَيْدِ بْنِ أَسْلَمَ، عَنْ أَبِيهِ، عَنِ النَّبِيِّ صلى الله عليه وسلم نَحْوَهُ، وَلَمْ يَذْكُرْ فِيهِ عَنْ عُمَرَ‏.‏",
      "english": {
        "narrator": "",
        "text": "Another chain reports similar to the previous narration and it did not mention \"related from 'Umar (RA)\""
      },
      "turkish": {
        "narrator": "",
        "text": "Başka bir isnad, önceki rivayete benzer şekilde aktarılmıştır ve \"Ömer'den (RA) rivayet edilmiştir\" ifadesini içermemektedir."
      }
    },
    {
      "id": 10,
      "idInBook": 10,
      "chapterId": 25,
      "bookId": 16,
      "arabic": "حَدَّثَنَا مُحَمَّدُ بْنُ بَشَّارٍ، قَالَ‏:‏ حَدَّثَنَا مُحَمَّدُ بْنُ جَعْفَرٍ، وَعَبْدُ الرَّحْمَنِ بْنُ مَهْدِيٍّ، قَالا‏:‏ حَدَّثَنَا شُعْبَةُ، عَنْ قَتَادَةَ، عَنْ أَنَسِ بْنِ مَالِكٍ، قَالَ‏:‏ كَانَ النَّبِيُّ صلى الله عليه وسلم يُعْجِبُهُ الدُّبَّاءُ فَأُتِيَ بِطَعَامٍ، أَوْ دُعِيَ لَهُ فَجَعَلْتُ أَتَتَبَّعُهُ، فَأَضَعُهُ بَيْنَ يَدَيْهِ لِمَا أَعْلَمُ أَنَّهُ يُحِبُّهُ‏.‏",
      "english": {
        "narrator": "Anas ibn Malik said:",
        "text": "“The Prophet (Allah bless him and give him peace) used to admire the gourd, so when he was brought a meal or invited to one, I would seek it out and set it in front of him, because I knew that he liked it.”"
      },
      "turkish": {
        "narrator": "Anas ibn Malik said:",
        "text": "Enes ibn Malik dedi ki: “Peygamber (Allah ona salat ve selam eylesin) kabakları severdi, bu yüzden ona bir yemek getirildiğinde ya da bir davete gittiğimde, onu arayıp önüne koyardım, çünkü onun bunu sevdiğini biliyordum.”"
      }
    },
    {
      "id": 11,
      "idInBook": 11,
      "chapterId": 25,
      "bookId": 16,
      "arabic": "حَدَّثَنَا قُتَيْبَةُ بْنُ سَعِيدٍ، قَالَ‏:‏ حَدَّثَنَا حَفْصُ بْنُ غِيَاثٍ، عَنْ إِسْمَاعِيلَ بْنُ أَبِي خَالِدٍ، عَنْ حَكِيمِ بْنِ جَابِرٍ، عَنْ أَبِيهِ، قَالَ‏:‏ دَخَلْتُ عَلَى النَّبِيِّ صلى الله عليه وسلم، فَرَأَيْتُ عِنْدَهُ دُبَّاءً يُقَطَّعُ، فَقُلْتُ‏:‏ مَا هَذَا‏؟‏ قَالَ‏:‏ نُكَثِّرُ بِهِ طَعَامَنَا‏.‏\n\nقال أبو عيسى: وجابر هذا هو جابر بن طارق، ويقال ابن أبي طارق وهو رجل من أصحاب رسول الله صلى الله عليه وسلم ولا نعرف له إلا هذا الحديث الواحد وأبو خالد اسمه سعد.",
      "english": {
        "narrator": "Hakim ibn Jabir reported that his father said:",
        "text": "\"I entered the presence of the Prophet (Allah bless him and give him peace), and I saw beside him a gourd being carved into pieces, so I said: 'What is this?' He said: 'We use it to augment our meal'.\""
      },
      "turkish": {
        "narrator": "Hakim ibn Jabir reported that his father said:",
        "text": "Hakim ibn Cabir, babasının şöyle söylediğini aktardı: \"Peygamberin (Allah ona salat ve selam eylesin) huzuruna girdim ve yanında bir kabak parçalara ayrılıyordu, ben de: 'Bu nedir?' dedim. O da: 'Yemeklerimizi artırmak için kullanıyoruz.' dedi.\""
      }
    },
    {
      "id": 12,
      "idInBook": 12,
      "chapterId": 25,
      "bookId": 16,
      "arabic": "حَدَّثَنَا قُتَيْبَةُ بْنُ سَعِيدٍ، عَنْ مَالِكِ بْنِ أَنَسٍ، عَنِ إِسْحَاقَ بْنِ عَبْدِ اللهِ بْنِ أَبِي طَلْحَةَ، أَنَّهُ سَمِعَ أَنَسَ بْنَ مَالِكٍ، يَقُولُ‏:‏ إِنَّ خَيَّاطًا دَعَا رَسُولَ اللهِ صلى الله عليه وسلم، لِطَعَامٍ صَنَعَهُ، قَالَ أَنَسٌ‏:‏ فَذَهَبْتُ مَعَ رَسُولِ اللهِ صلى الله عليه وسلم، إِلَى ذَلِكَ الطَّعَامِ، فَقَرَّبَ إِلَى رَسُولِ اللهِ صلى الله عليه وسلم خُبْزًا مِنْ شَعِيرٍ، وَمَرَقًا فِيهِ دُبَّاءٌ وَقَدِيدٌ، قَالَ أَنَسُ‏:‏ فَرَأَيْتُ النَّبِيَّ صلى الله عليه وسلم يَتَتَبَّعُ الدُّبَّاءَ حَوَالَيِ الْقَصْعَةِ فَلَمْ أَزَلْ أُحِبُّ الدُّبَّاءَ مِنْ يَوْمِئِذٍ‏.‏",
      "english": {
        "narrator": "Anas ibn Malik said:",
        "text": "“A tailor invited Allah’s Messenger (Allah bless him and give him peace) to a meal he had made, so I went with Allah’s Messenger (Allah bless him and give him peace) to that meal. He presented Allah's Messenger (Allah bless him and give him peace) with some barley-bread and broth containing a gourd and jerked meat. Then I saw the Prophet (Allah bless him and give him peace) looking for chunks of gourd all around the bowl, and and I've loved gourd ever since.”"
      },
      "turkish": {
        "narrator": "Anas ibn Malik said:",
        "text": "Enes ibn Malik dedi ki: “Bir terzi, Allah’ın Elçisi’ni (Allah ona salat ve selam eylesin) yaptığı bir yemeğe davet etti, ben de Allah’ın Elçisi ile birlikte o yemeğe gittim. O, Allah’ın Elçisi’ne (Allah ona salat ve selam eylesin) biraz arpa ekmeği ve kabak ile kurutulmuş et içeren bir çorba sundu. Sonra Peygamberin (Allah ona salat ve selam eylesin) kâsenin etrafında kabak parçaları aradığını gördüm ve o günden beri kabağı sevdim.”"
      }
    },
    {
      "id": 13,
      "idInBook": 13,
      "chapterId": 25,
      "bookId": 16,
      "arabic": "حَدَّثَنَا أَحْمَدُ بْنُ إِبْرَاهِيمَ الدَّوْرَقِيُّ، وَسَلَمَةُ بْنُ شَبِيبٍ، وَمَحْمُودُ بْنُ غَيْلانَ، قَالُوا‏:‏ حَدَّثَنَا أَبُو أُسَامَةَ، عَنْ هِشَامِ بْنِ عُرْوَةَ، عَنْ أَبِيهِ، عَنْ عَائِشَةَ، قَالَتْ‏:‏ كَانَ النَّبِيُّ صلى الله عليه وسلم يُحِبُّ الْحَلْوَاءَ وَالْعَسَلَ‏.‏",
      "english": {
        "narrator": "'A’isha said:",
        "text": "\"The Prophet (Allah bless him and give him peace) used to love sweets and honey.”"
      },
      "turkish": {
        "narrator": "'A’isha said:",
        "text": "Aişe dedi ki: \"Peygamber (Allah ona salat ve selam eylesin) tatlıları ve balı severdi.\""
      }
    },
    {
      "id": 14,
      "idInBook": 14,
      "chapterId": 25,
      "bookId": 16,
      "arabic": "حَدَّثَنَا الْحَسَنُ بْنُ مُحَمَّدٍ الزَّعْفَرَانِيُّ، قَالَ‏:‏ حَدَّثَنَا الْحَجَّاجُ بْنُ مُحَمَّدٍ، قَالَ‏:‏ قَالَ ابْنُ جُرَيْجٍ‏:‏ أَخْبَرَنِي مُحَمَّدُ بْنُ يُوسُفَ، أَنَّ عَطَاءَ بْنَ يَسَارٍ أَخْبَرَهُ، أَنَّ أُمَّ سَلَمَةَ أَخْبَرَتْهُ، أَنَّهَا قَرَّبَتْ إِلَى رَسُولِ اللهِ صلى الله عليه وسلم، جَنْبًا مَشْوِيًّا، فَأَكَلَ مِنْهُ، ثُمَّ قَامَ إِلَى الصَّلاةِ، وَمَا تَوَضَّأَ‏.‏",
      "english": {
        "narrator": "",
        "text": "Umm Salama informed 'Ata ibn Yasar that she served Allah’s Messenger (Allah bless him and give him peace) a grilled flank, so he ate from it, then embarked on the ritual prayer and did not perform the minor ritual ablution."
      },
      "turkish": {
        "narrator": "",
        "text": "Ümmü Seleme, Ata ibn Yasar’a, Allah’ın Elçisi’ne (Allah ona salat ve selam eylesin) bir ızgara et sunduğunu, onun da ondan yediğini, sonra namaza durduğunu ve küçük abdest almadığını bildirdi."
      }
    },
    {
      "id": 15,
      "idInBook": 15,
      "chapterId": 25,
      "bookId": 16,
      "arabic": "حَدَّثَنَا قُتَيْبَةُ، قَالَ‏:‏ حَدَّثَنَا ابْنُ لَهِيعَةَ، عَنْ سُلَيْمَانَ بْنِ زِيَادٍ، عَنْ عَبْدِ اللهِ بْنِ الْحَارِثِ، قَالَ‏:‏ أَكَلْنَا مَعَ رَسُولِ اللهِ صلى الله عليه وسلم شِوَاءً فِي الْمَسْجِدِ‏.‏",
      "english": {
        "narrator": "'Abdu’llah ibn al-Harith said:",
        "text": "\"Together with Allah’s Messenger (Allah bless him and give him peace), we ate grilled meat in the mosque.”"
      },
      "turkish": {
        "narrator": "'Abdu’llah ibn al-Harith said:",
        "text": "Abdullah ibn el-Haris dedi ki: \"Allah’ın Elçisi (Allah ona salat ve selam eylesin) ile birlikte camide ızgara et yedik.\""
      }
    },
    {
      "id": 16,
      "idInBook": 16,
      "chapterId": 25,
      "bookId": 16,
      "arabic": "حَدَّثَنَا مَحْمُودُ بْنُ غَيْلانَ، قَالَ‏:‏ حَدَّثَنَا وَكِيعٌ، قَالَ‏:‏ حَدَّثَنَا مِسْعَرٌ، عَنْ أَبِي صَخْرَةَ جَامِعِ بْنِ شَدَّادٍ، عَنِ الْمُغِيرَةِ بْنِ عَبْدِ اللهِ، عَنِ الْمُغِيرَةِ بْنِ شُعْبَةَ، قَالَ‏:‏ ضِفْتُ مَعَ رَسُولِ اللهِ صلى الله عليه وسلم ذَاتَ لَيْلَةٍ، فَأُتِيَ بِجَنْبٍ مَشْوِيٍّ، ثُمَّ أَخَذَ الشَّفْرَةَ فَجَعَلَ يَحُزُّ، فَحَزَّ لِي بِهَا مِنْهُ، قَالَ‏:‏ فَجَاءَ بِلالٌ يُؤْذِنُهُ بِالصَّلاةِ فَأَلْقَى الشَّفْرَةَ، فَقَالَ‏:‏ مَا لَهُ تَرِبَتْ يَدَاهُ‏؟‏، قَالَ‏:‏ وَكَانَ شَارِبُهُ قَدْ وَفَى، فَقَالَ لَهُ‏:‏ أَقُصُّهُ لَكَ عَلَى سِوَاكٍ أَوْ قُصُّهُ عَلَى سِوَاكٍ‏.‏",
      "english": {
        "narrator": "Al-Mughira ibn Shu'ba said:",
        "text": "“I was a guest one night together with Allah’s Messenger (Allah bless him and give him peace), so he was brought a grilled flank. Then he took the blade and set about carving, and he carved some for me. Bilal arrived calling him to prayer, so he threw the blade away, and he said: ‘Why have his hands been soiled?’ His mustache hung down close to his mouth, so he said to him: ‘I shall clip it for you over a tooth-stick,’ or: ‘Clip it over a tooth-stick'!”"
      },
      "turkish": {
        "narrator": "Al-Mughira ibn Shu'ba said:",
        "text": "Al-Mughira ibn Shu'ba dedi ki: “Bir gece Allah’ın Messenger’ı (Allah ona salat ve selam etsin) ile misafir oldum, ona ızgara bir yan et getirildi. Sonra bıçağı aldı ve kesmeye başladı, bana da kesti. Bilal geldi ve onu namaza çağırdı, o da bıçağı fırlattı ve dedi ki: ‘Ellerinin neden kirli?’ Bıyığı ağzına yakın sarkıyordu, ona dedi ki: ‘Sana bir diş temizleme aletiyle keseyim,’ veya: ‘Diş temizleme aletiyle kes!’”"
      }
    },
    {
      "id": 17,
      "idInBook": 17,
      "chapterId": 25,
      "bookId": 16,
      "arabic": "حَدَّثَنَا وَاصِلُ بْنُ عَبْدِ الأَعْلَى، قَالَ‏:‏ حَدَّثَنَا مُحَمَّدُ بْنُ فُضَيْلٍ، عَنْ أَبِي حَيَّانَ التَّيْمِيِّ، عَنْ أَبِي زُرْعَةَ، عَنْ أَبِي هُرَيْرَةَ، قَالَ‏:‏ أُتِيَ النَّبِيُّ صلى الله عليه وسلم بِلَحْمٍ، فَرُفِعَ إِلَيْهِ الذِّرَاعُ، وَكَانَتْ تُعْجِبُهُ، فَنَهَسَ مِنْهَا‏.‏",
      "english": {
        "narrator": "Abu Huraira said:",
        "text": "‘The Prophet (Allah bless him and give him peace) was brought some meat, so the foreleg was set before him, and he liked it, so he took a bite of it.”"
      },
      "turkish": {
        "narrator": "Abu Huraira said:",
        "text": "Ebu Hureyre dedi ki: “Peygamber (Allah ona salat ve selam etsin) için biraz et getirildi, önüne ön bacak kondu ve onu beğendi, bir ısırık aldı.”"
      }
    },
    {
      "id": 18,
      "idInBook": 18,
      "chapterId": 25,
      "bookId": 16,
      "arabic": "حَدَّثَنَا مُحَمَّدُ بْنُ بَشَّارٍ، قَالَ‏:‏ حَدَّثَنَا أَبُو دَاوُدَ، عَنْ زُهَيْرٍ يَعْنِي ابْنَ مُحَمَّدٍ، عَنِ أَبِي إِسْحَاقَ، عَنْ سَعْدِ بْنِ عِيَاضٍ، عَنِ ابْنِ مَسْعُودٍ، قَالَ‏:‏ كَانَ النَّبِيُّ صلى الله عليه وسلم يُعْجِبُهُ الذِّرَاعُ، قَالَ‏:‏ وَسُمَّ فِي الذِّرَاعِ، وَكَانَ يَرَى أَنَّ الْيَهُودَ سَمُّوهُ‏.‏",
      "english": {
        "narrator": "Ibn Mas'ud said:",
        "text": "\"The Prophet (Allah bless him and give him peace) used to like the foreleg  also said: \"He was poisoned with a foreleg, however, as he used to believe that the Jews had poisoned him.”"
      },
      "turkish": {
        "narrator": "Ibn Mas'ud said:",
        "text": "İbn Mes'ud dedi ki: \"Peygamber (Allah ona salat ve selam etsin) ön bacağı severdi, ayrıca: 'O, bir ön bacakla zehirlendi, çünkü Yahudilerin onu zehirlediğine inanıyordu.'\""
      }
    },
    {
      "id": 19,
      "idInBook": 19,
      "chapterId": 25,
      "bookId": 16,
      "arabic": "حَدَّثَنَا مُحَمَّدُ بْنُ بَشَّارٍ، قَالَ‏:‏ حَدَّثَنَا مُسْلِمُ بْنُ إِبْرَاهِيمَ، قَالَ‏:‏ حَدَّثَنَا أَبَانُ بْنُ يَزِيدَ، عَنْ قَتَادَةَ، عَنْ شَهْرِ بْنِ حَوْشَبٍ، عَنْ أَبِي عُبَيْدَةَ، قَالَ‏:‏ طَبَخْتُ لِلنَّبِيِّ صلى الله عليه وسلم، قِدْرًا، وَقَدْ كَانَ يُعْجِبُهُ الذِّرَاعُ، فَنَاوَلْتُهُ الذِّرَاعَ، ثُمَّ قَالَ‏:‏ نَاوِلْنِي الذِّرَاعَ، فَنَاوَلْتُهُ، ثُمَّ قَالَ‏:‏ نَاوِلْنِي الذِّرَاعَ، فَقُلْتُ‏:‏ يَا رَسُولَ اللهِ، وَكَمْ لِلشَّاةِ مِنْ ذِرَاعٍ، فَقَالَ‏:‏ وَالَّذِي نَفْسِي بِيَدِهِ لَوْ سَكَتَّ لَنَاوَلْتَنِي الذِّرَاعَ مَا دَعَوْتُ‏.‏",
      "english": {
        "narrator": "Abu 'Ubaid said:",
        "text": "\"I cooked a dish for the Prophet (Allah bless him and give him peace), and he used to take great pleasure in the foreleg ,so I passed him the foreleg. Then he said: 'Pass me the foreleg,' so I passed it to him. Then he said: 'Pass me the foreleg,' so I said: 'O Messenger of Allah, how many forelegs does a sheep have?' He said: 'By the One in whose Hand is my soul, if you kept silent, you would surely pass me the foreleg whenever I asked for it!’”"
      },
      "turkish": {
        "narrator": "Abu 'Ubaid said:",
        "text": "Ebu Ubeyde dedi ki: \"Peygamber (Allah ona salat ve selam etsin) için bir yemek pişirdim ve o ön bacakta büyük bir zevk alıyordu, bu yüzden ona ön bacağı uzattım. Sonra dedi ki: 'Bana ön bacağı ver,' ben de ona verdim. Sonra tekrar dedi ki: 'Bana ön bacağı ver,' ben de: 'Ey Allah’ın Messenger’ı, bir koyunun kaç tane ön bacağı var?' dedim. O da: 'Canımın olduğu Zat’a yemin ederim ki, eğer susmuş olsaydın, bana istediğimde her seferinde ön bacağı verirdin!'\""
      }
    },
    {
      "id": 20,
      "idInBook": 20,
      "chapterId": 25,
      "bookId": 16,
      "arabic": "حَدَّثَنَا الْحَسَنُ بْنُ مُحَمَّدٍ الزَّعْفَرَانِيُّ، قَالَ‏:‏ حَدَّثَنَا يَحْيَى بْنُ عَبَّادٍ، عَنْ فُلَيْحِ بْنِ سُلَيْمَانَ، قَالَ‏:‏ حَدَّثَنِي رَجُلٌ، مِنْ بَنِي عَبَّادٍ يُقَالَ لَهُ‏:‏ عَبْدُ الْوَهَّابِ بْنُ يَحْيَى بْنُ عَبَّادٍ، عَنْ عَبْدِ اللهِ بْنِ الزُّبَيْرِ، عَنْ عَائِشَةَ، قَالَتْ‏:‏ مَا كَانَتِ الذِّرَاعُ أَحَبَّ اللَّحْمِ إِلَى رَسُولِ اللهِ صلى الله عليه وسلم، وَلَكِنَّهُ كَانَ لا يَجِدُ اللَّحْمَ إِلا غِبًّا، وَكَانَ يَعْجَلُ إِلَيْهَا، لأَنَّهَا أَعْجَلُهَا نُضْجًا‏.‏",
      "english": {
        "narrator": "'A’isha said (may Allah be well pleased with her):",
        "text": "“The foreleg was not the meat dearest to Allah’s Messenger (Allah bless him and give him peace), but he only got to have meat occasionally, so he would rush to it, because it was the part that got done the most quickly.”"
      },
      "turkish": {
        "narrator": "'A’isha said (may Allah be well pleased with her):",
        "text": "Aişe (Allah ondan razı olsun) dedi ki: “Ön bacak, Allah’ın Messenger’ı (Allah ona salat ve selam etsin) için en sevilen et değildi, ama o sadece ara sıra et yiyordu, bu yüzden ona koşuyordu, çünkü en hızlı pişen kısımdı.”"
      }
    },
    {
      "id": 21,
      "idInBook": 21,
      "chapterId": 25,
      "bookId": 16,
      "arabic": "حَدَّثَنَا مَحْمُودُ بْنُ غَيْلانَ، قَالَ‏:‏ حَدَّثَنَا أَبُو أَحْمَدَ، قَالَ‏:‏ حَدَّثَنَا مِسْعَرٌ، قَالَ‏:‏ سَمِعْتُ شَيْخًا، مِنْ فَهْمٍ، قَالَ‏:‏ سَمِعْتُ عَبْدَ اللهِ بْنَ جَعْفَرٍ، يَقُولُ‏:‏ سَمِعْتُ رَسُولَ اللهِ صلى الله عليه وسلم، يَقُولُ‏:‏ إِنَّ أَطْيَبَ اللَّحْمِ لَحْمُ الظَّهْرِ‏.‏",
      "english": {
        "narrator": "'Abdu’llah ibn Ja'far said:",
        "text": "“I heard Allah’s Messenger say (Allah bless him and give him peace): ‘The best of the meat is the back'.”"
      },
      "turkish": {
        "narrator": "'Abdu’llah ibn Ja'far said:",
        "text": "Abdullah ibn Ca'fer dedi ki: “Allah’ın Messenger’ının (Allah ona salat ve selam etsin) en iyi etin sırt eti olduğunu söylediğini duydum.”"
      }
    },
    {
      "id": 22,
      "idInBook": 22,
      "chapterId": 25,
      "bookId": 16,
      "arabic": "حَدَّثَنَا سُفْيَانُ بْنُ وَكِيعٍ، قَالَ‏:‏ حَدَّثَنَا زَيْدُ بْنُ الْحُبَابِ، عَنْ عَبْدِ اللهِ بْنِ الْمَؤَمَّلِ، عَنِ ابْنِ أَبِي مُلَيْكَةَ، عَنْ عَائِشَةَ‏:‏ أَنَّ النَّبِيَّ صلى الله عليه وسلم، قَالَ‏:‏ نِعْمَ الإِدَامُ الْخَلُّ‏.‏",
      "english": {
        "narrator": "'A’isha said (may Allah be well pleased with her):",
        "text": "\"The Prophet said (Allah bless him and give him peace): 'What an excellent condiment vinegar is'!”"
      },
      "turkish": {
        "narrator": "'A’isha said (may Allah be well pleased with her):",
        "text": "Aişe (Allah ondan razı olsun) dedi ki: \"Peygamber (Allah ona salat ve selam etsin) dedi ki: 'Sirke ne güzel bir baharattır!'\""
      }
    },
    {
      "id": 23,
      "idInBook": 23,
      "chapterId": 25,
      "bookId": 16,
      "arabic": "حَدَّثَنَا أَبُو كُرَيْبٍ مُحَمَّدُ بْنُ الْعَلاءِ، قَالَ‏:‏ حَدَّثَنَا أَبُو بَكْرِ بْنُ عَيَّاشٍ، عَنْ ثَابِتٍ أَبِي حَمْزَةَ الثُّمَالِيِّ، عَنِ الشَّعْبِيِّ، عَنْ أُمِّ هَانِئِ، قَالَتْ‏:‏ دَخَلَ عَلَيَّ النَّبِيُّ صلى الله عليه وسلم، فَقَالَ‏:‏ أَعِنْدَكِ شَيْءٌ‏؟‏ فَقُلْتُ‏:‏ لا، إِلا خُبْزٌ يَابِسٌ، وَخَلٌّ فَقَالَ‏:‏ هَاتِي، مَا أَقْفَرَ بَيْتٌ مِنْ أُدُمٍ فِيهِ الخل‏.‏",
      "english": {
        "narrator": "Umm Hani said:",
        "text": "\"The Prophet (Allah bless him and give him peace) entered my presence and said: 'Do you have anything in your possession?' I said: 'No, apart from some dry bread and vinegar', so he said: 'Give me some! A household in which there is vinegar is not devoid of seasoning'!”"
      },
      "turkish": {
        "narrator": "Umm Hani said:",
        "text": "Ümmü Hani dedi ki: \"Peygamber (Allah ona salat ve selam etsin) huzuruma girdi ve: 'Elinde bir şey var mı?' dedi. Ben de: 'Hayır, sadece biraz kuru ekmek ve sirke var,' dedim. O da: 'Bana biraz ver! Sirkenin bulunduğu bir ev, baharattan yoksun değildir!'\""
      }
    },
    {
      "id": 24,
      "idInBook": 24,
      "chapterId": 25,
      "bookId": 16,
      "arabic": "حَدَّثَنَا مُحَمَّدُ بْنُ الْمُثَنَّى، قَالَ‏:‏ حَدَّثَنَا مُحَمَّدُ بْنُ جَعْفَرٍ، قَالَ‏:‏ حَدَّثَنَا شُعْبَةُ، عَنْ عَمْرِو بْنِ مُرَّةَ، عَنْ مُرَّةَ الْهَمْدَانِيِّ، عَنْ أَبِي مُوسَى الأَشْعَرِيِّ، عَنِ النَّبِيِّ صلى الله عليه وسلم، قَالَ‏:‏ فَضْلُ عَائِشَةَ عَلَى النِّسَاءِ كَفَضْلِ الثَّرِيدِ عَلَى سَائِرِ الطَّعَامِ‏.‏",
      "english": {
        "narrator": "Abu Musa al-Ash'ari said that the Prophet said (Allah bless him and give him peace):",
        "text": "“The superiority of 'Aisha over all other women is like the superiority of tharid  over all other food.”"
      },
      "turkish": {
        "narrator": "Abu Musa al-Ash'ari said that the Prophet said (Allah bless him and give him peace):",
        "text": "Ebu Musa el-Eş'ari, Peygamber’in (Allah ona salat ve selam etsin) 'Aişe’nin diğer kadınlar üzerindeki üstünlüğünün, tharid’in diğer yiyecekler üzerindeki üstünlüğü gibi olduğunu söylediğini aktardı.\""
      }
    },
    {
      "id": 25,
      "idInBook": 25,
      "chapterId": 25,
      "bookId": 16,
      "arabic": "حَدَّثَنَا عَلِيُّ بْنُ حُجْرٍ، قَالَ‏:‏ حَدَّثَنَا إِسْمَاعِيلُ بْنُ جَعْفَرٍ، قَالَ‏:‏ حَدَّثَنَا عَبْدُ اللهِ بْنُ عَبْدِ الرَّحْمَنِ بْنِ مَعْمَرٍ الأَنْصَارِيُّ أَبُو طُوَالَةَ، أَنَّهُ سَمِعَ أَنَسَ بْنَ مَالِكٍ، يَقُولُ‏:‏ قَالَ رَسُولُ اللهِ صلى الله عليه وسلم‏:‏ فَضْلُ عَائِشَةَ عَلَى النِّسَاءِ كَفَضْلِ الثَّرِيدِ عَلَى سَائِرِ الطَّعَامِ‏.‏",
      "english": {
        "narrator": "Anas ibn Malik said:",
        "text": "“Allah’s Messenger said (Allah bless him and give him peace):‘The superiority of 'A'isha over all other women is like the superiority of tharid  over all other food'.”"
      },
      "turkish": {
        "narrator": "Anas ibn Malik said:",
        "text": "Enes ibn Malik dedi ki: “Allah’ın Messenger’ı (Allah ona salat ve selam etsin) dedi ki: 'Aişe’nin diğer kadınlar üzerindeki üstünlüğü, tharid’in diğer yiyecekler üzerindeki üstünlüğü gibidir.'\""
      }
    },
    {
      "id": 26,
      "idInBook": 26,
      "chapterId": 25,
      "bookId": 16,
      "arabic": "حَدَّثَنَا قُتَيْبَةُ بْنُ سَعِيدٍ، قَالَ‏:‏ حَدَّثَنَا عَبْدُ الْعَزِيزِ بْنُ مُحَمَّدٍ، عَنْ سُهَيْلِ بْنِ أَبِي صَالِحٍ، عَنِ أَبِيهِ، عَنْ أَبِي هُرَيْرَةَ، أَنَّهُ رَأَى رَسُولَ اللهِ صلى الله عليه وسلم، تَوَضَّأَ مِنْ أَكْلِ ثَوْرِ أَقِطٍ، ثُمَّ رَآهُ أَكَلَ مِنْ كَتِفِ شَاةٍ، ثُمَّ صَلَّى، وَلَمْ يَتَوَضَّأْ‏.‏",
      "english": {
        "narrator": "",
        "text": "Abu Huraira (may Allah be well pleased with him) said that he saw Allah’s Messenger (Allah bless him and give him peace) perform the minor ritual ablution because of eating cottage cheese. Then he saw him eat from the flank of a sheep, and then perform the ritual prayer without performing the minor ritual ablution."
      },
      "turkish": {
        "narrator": "",
        "text": "Ebu Hureyre (Allah ondan razı olsun) dedi ki: “Allah’ın Messenger’ını (Allah ona salat ve selam etsin) lor peyniri yedikten sonra abdest alırken gördüm. Sonra bir koyunun yan etinden yedi ve sonra küçük abdest almadan namaz kıldı.”"
      }
    },
    {
      "id": 27,
      "idInBook": 27,
      "chapterId": 25,
      "bookId": 16,
      "arabic": "حَدَّثَنَا ابْنُ أَبِي عُمَرَ، قَالَ‏:‏ حَدَّثَنَا سُفْيَانُ بْنُ عُيَيْنَةَ، عَنْ وَائِلِ بْنِ دَاوُدَ، عَنِ ابْنِهِ، وَهُوَ بَكْرُ بْنُ وَائِلٍ، عَنِ الزُّهْرِيِّ، عَنْ أَنَسِ بْنِ مَالِكٍ، قَالَ‏:‏ أَوْلَمَ رَسُولُ اللهِ صلى الله عليه وسلم عَلَى صَفِيَّةَ بِتَمْرٍ وَسَوِيقٍ‏.‏",
      "english": {
        "narrator": "Anas ibn Malik said:",
        "text": "\"Allah’s Messenger (Allah bless him and give him peace) gave a wedding banquet for Safiyya consisting of dried dates and parched barley.”"
      },
      "turkish": {
        "narrator": "Anas ibn Malik said:",
        "text": "Enes ibn Malik dedi ki: \"Allah’ın Messenger’ı (Allah ona salat ve selam etsin) Safiye için kuru hurma ve kavrulmuş arpa ile bir düğün ziyafeti verdi.\""
      }
    },
    {
      "id": 28,
      "idInBook": 28,
      "chapterId": 25,
      "bookId": 16,
      "arabic": "حَدَّثَنَا الْحُسَيْنُ بْنُ مُحَمَّدٍ الْبَصْرِيُّ، قَالَ‏:‏ حَدَّثَنَا الْفُضَيْلُ بْنُ سُلَيْمَانَ، قَالَ‏:‏ حَدَّثَنِي فَائِدٌ، مَوْلَى عُبَيْدِ اللهِ بْنِ عَلِيِّ بْنِ أَبِي رَافِعٍ مَوْلَى رَسُولِ اللهِ صلى الله عليه وسلم، قَالَ‏:‏ حَدَّثَنِي عُبَيْدُ اللهِ بْنُ عَلِيٍّ، عَنْ جَدَّتِهِ سَلْمَى، أَنَّ الْحَسَنَ بْنَ عَلِيٍّ، وَابْنَ عَبَّاسٍ، وَابْنَ جَعْفَرٍ أَتَوْهَا فَقَالُوا لَهَا‏:‏ اصْنَعِي لَنَا طَعَامًا مِمَّا كَانَ يُعْجِبُ رَسُولَ اللهِ صلى الله عليه وسلم، وَيُحْسِنُ أَكْلَهُ فَقَالَتْ‏:‏ يَا بُنَيَّ لا تَشْتَهِيهِ الْيَوْمَ، قَالَ‏:‏ بَلَى اصْنَعِيهِ لَنَا قَالَ‏:‏ فَقَامَتْ فَأَخَذَتْ مِنْ شَعِيرٍ فَطَحَنَتْهُ، ثُمَّ جَعَلَتْهُ فِي قِدْرٍ، وَصَبَّتْ عَلَيْهِ شَيْئًا مِنْ زَيْتٍ، وَدَقَّتِ الْفُلْفُلَ، وَالتَّوَابِلَ، فَقَرَّبَتْهُ إِلَيْهِمْ، فَقَالَتْ‏:‏ هَذَا مِمَّا كَانَ يُعْجِبُ رَسُولَ اللهِ صلى الله عليه وسلم، وَيُحْسِنُ أَكْلَهُ‏.‏",
      "english": {
        "narrator": "Salma said that al-Hasan ibn 'Ali, Ibn 'Abbas and Ibn Ja'far came to her and said to her:",
        "text": "\"Make us a meal consisting of that which used to delight Allah’s Messenger (Allah bless him and give him peace), and which used to make his food more palatable!\" She replied: ‘O my dear son, do not wish for it today!’ He said: ‘Oh yes, you must make it for us!’ She therefore got up, took some barley and ground it. Then she put it into a pot, poured some oil over it, crushed the pepper and the spices, and presented it to them. She said: \"This is some of that which used to delight Allah’s Messenger (Allah bless him and give him peace), and which used to make his food \nmore palatable!”"
      },
      "turkish": {
        "narrator": "Salma said that al-Hasan ibn 'Ali, Ibn 'Abbas and Ibn Ja'far came to her and said to her:",
        "text": "Selma dedi ki: \"Hasan ibn Ali, İbn Abbas ve İbn Ca'fer bana geldiler ve: 'Bize Allah’ın Messenger’ı (Allah ona salat ve selam etsin) için hoş olan bir yemek yap!' dediler. Ben de: 'Ey sevgili oğlum, bugün bunu istemeyin!' dedim. O da: 'Evet, bizim için yapmalısın!' dedi. Bunun üzerine kalktım, biraz arpa aldım ve öğüttüm. Sonra bir tencereye koydum, üzerine biraz yağ döktüm, biber ve baharatları ezip onlara sundum. Dedim ki: 'Bu, Allah’ın Messenger’ı (Allah ona salat ve selam etsin) için hoş olanlardan birisidir ve onun yiyeceklerini daha lezzetli kılanlardan biridir!'\""
      }
    },
    {
      "id": 29,
      "idInBook": 29,
      "chapterId": 25,
      "bookId": 16,
      "arabic": "حَدَّثَنَا مَحْمُودُ بْنُ غَيْلانَ، قَالَ‏:‏ حَدَّثَنَا أَبُو أَحْمَدَ، قَالَ‏:‏ حَدَّثَنَا سُفْيَانُ، عَنِ الأَسْوَدِ بْنِ قَيْسٍ، عَنْ نُبَيْحٍ الْعَنَزِيِّ، عَنْ جَابِرِ بْنِ عَبْدِ اللهِ، قَالَ‏:‏ أَتَانَا النَّبِيُّ صلى الله عليه وسلم، فِي مَنْزِلِنَا، فَذَبَحْنَا لَهُ شَاةً، فَقَالَ‏:‏ كَأَنَّهُمْ عَلِمُوا أَنَّا نُحِبُّ اللَّحْمَ وَفِي الْحَدِيثِ قِصَّةٌ‏.‏",
      "english": {
        "narrator": "Jabir ibn 'Abdi’llah said:",
        "text": "“The Prophet (Allah bless him and give him peace) came to us in our house, so we slaughtered a sheep for him, and he said: ‘It is as if they knew that we love meat'!\" (This\ntradition is part of a longer story)."
      },
      "turkish": {
        "narrator": "Jabir ibn 'Abdi’llah said:",
        "text": "Cabir ibn Abdullah dedi ki: “Peygamber (Allah ona salat ve selam etsin) bize evimizde geldi, biz de onun için bir koyun kestik, o da: 'Sanki et sevdiğimizi biliyorlardı!' dedi.\" (Bu rivayet daha uzun bir hikayenin parçasıdır)."
      }
    },
    {
      "id": 30,
      "idInBook": 30,
      "chapterId": 25,
      "bookId": 16,
      "arabic": "حَدَّثَنَا ابْنُ أَبِي عُمَرَ، قَالَ‏:‏ حَدَّثَنَا سُفْيَانُ، قَالَ‏:‏ حَدَّثَنَا عَبْدُ اللهِ بْنُ مُحَمَّدِ بْنِ عَقِيلٍ، أَنَّهُ سمعَ جَابِرًا ‏(‏ح‏)‏ قَالَ سُفْيَانُ‏:‏ وَحَدَّثَنَا مُحَمَّدُ بْنُ الْمُنْكَدِرِ، عَنْ جَابِرٍ، قَالَ‏:‏ خَرَجَ رَسُولُ اللهِ صلى الله عليه وسلم، وَأَنَا مَعَهُ فَدَخَلَ عَلَى امْرَأَةٍ مِنَ الأَنْصَارِ، فذَبَحَتْ لَهُ شَاةً، فَأَكَلَ مِنْهَا، وَأَتَتْهُ بِقِنَاعٍ مِنْ رُطَبٍ، فَأَكَلَ مِنْهُ، ثُمَّ تَوَضَّأَ لِلظُّهْرِ، وَصَلَّى، صلى الله عليه وسلم، ثُمَّ انْصَرَفَ، فَأَتَتْهُ بِعُلالَةٍ مِنْ عُلالَةِ الشَّاةِ، فَأَكَلَ ثُمَّ صَلَّى الْعَصْرَ، وَلَمْ يَتَوَضَّأْ‏.‏",
      "english": {
        "narrator": "Jabir said:",
        "text": "“Allah’s Messenger (Allah bless him and give him peace) went out and I went with him, then he went in to see a woman from among the Helpers , so she slaughtered a sheep for him and he ate some of it. She also brought him a dish of ripe dates, and he ate some of them. Then he performed the minor ritual ablution for the noon prayer, and performed it. Then he departed, and she\nbrought him a leftover from the remnant of the sheep, and he ate. Then he performed the afternoon ritual prayer but did not perform the minor ritual ablution.”"
      },
      "turkish": {
        "narrator": "Jabir said:",
        "text": "Cabir dedi ki: “Allah’ın Messenger’ı (Allah ona salat ve selam etsin) dışarı çıktı ve ben de onunla birlikte gittim, sonra bir Ensar kadınını ziyaret etti, o da onun için bir koyun kesti ve o da ondan yedi. Kadın ayrıca ona olgun hurmalardan bir tabak getirdi ve o da onlardan yedi. Sonra öğle namazı için küçük abdest aldı ve namaz kıldı. Sonra ayrıldı, kadın ona koyunun artan kısmından bir parça getirdi ve o da yedi. Sonra ikindi namazını kıldı ama küçük abdest almadı.”"
      }
    },
    {
      "id": 31,
      "idInBook": 31,
      "chapterId": 25,
      "bookId": 16,
      "arabic": "حَدَّثَنَا الْعَبَّاسُ بْنُ مُحَمَّدٍ الدُّورِيُّ، قَالَ‏:‏ حَدَّثَنَا يُونُسُ بْنُ مُحَمَّدٍ، قَالَ‏:‏ حَدَّثَنَا فُلَيْحُ بْنُ سُلَيْمَانَ، عَنْ عُثْمَانَ بْنِ عَبْدِ الرَّحْمَنِ، عَنْ يَعْقُوبَ بْنِ أَبِي يَعْقُوبَ، عَنْ أُمِّ الْمُنْذِرِ، قَالَتْ‏:‏ دَخَلَ عَلَيَّ رَسُولُ اللهِ صلى الله عليه وسلم، وَمَعَهُ عَلِيٌّ، وَلَنَا دَوَالٍ مُعَلَّقَةٌ، قَالَتْ‏:‏ فَجَعَلَ رَسُولُ اللهِ صلى الله عليه وسلم يَأْكُلُ وَعَلِيٌّ مَعَهُ يَأْكُلُ، فَقَالَ رَسُولُ اللهِ صلى الله عليه وسلم، لِعَلِيٍّ‏:‏ مَهْ يَا عَلِيُّ، فَإِنَّكَ نَاقَةٌ، قَالَتْ‏:‏ فَجَلَسَ عَلِيٌّ، وَالنَّبِيُّ صلى الله عليه وسلم يَأْكُلُ، قَالَتْ‏:‏ فَجَعَلْتُ لَهُمْ سِلْقًا وَشَعِيرًا، فَقَالَ النَّبِيُّ صلى الله عليه وسلم لِعَلِيٍّ‏:‏ مِنْ هَذَا فَأَصِبْ فَإِنَّ هَذَا أَوْفَقُ لَكَ‏.‏",
      "english": {
        "narrator": "Umm al-Mundhir said:",
        "text": "“Allah’s Messenger (Allah bless him and give him peace) came to see me with 'Ali. We had some suspended clusters of grapes, so Allah’s Messenger (Allah bless him and give him peace) started to eat, and 'Ali was eating with him. Allah’s Messenger (Allah bless him and give him peace) therefore said to 'Ali: ‘Take it easy, O ‘Ali, for you are a convalescent!’ So 'Ali sat down while the Prophet (Allah bless him and give him peace) ate, and I offered them some chard and barley. The Prophet (Allah bless him and give him peace) said to 'Ali: ‘Eat some of this, for this is more appropriate for you'!”"
      },
      "turkish": {
        "narrator": "Umm al-Mundhir said:",
        "text": "Ümmü'l-Mundhir dedi ki: “Allah’ın Messenger’ı (Allah ona salat ve selam eylesin) 'Ali ile birlikte beni ziyarete geldi. Asma meyvelerimiz vardı, bu yüzden Allah’ın Messenger’ı (Allah ona salat ve selam eylesin) yemeye başladı ve 'Ali de onunla birlikte yedi. Bunun üzerine Allah’ın Messenger’ı (Allah ona salat ve selam eylesin) 'Ali’ye dedi ki: ‘Rahat ol, ey 'Ali, çünkü sen bir hastasın!’ Bunun üzerine 'Ali oturdu ve Peygamber (Allah ona salat ve selam eylesin) yemek yerken ben onlara biraz pazı ve arpa sundum. Peygamber (Allah ona salat ve selam eylesin) 'Ali’ye dedi ki: ‘Bundan biraz ye, çünkü bu senin için daha uygundur!’”"
      }
    },
    {
      "id": 32,
      "idInBook": 32,
      "chapterId": 25,
      "bookId": 16,
      "arabic": "حَدَّثَنَا مَحْمُودُ بْنُ غَيْلانَ، قَالَ‏:‏ حَدَّثَنَا بِشْرُ بْنُ السَّرِيِّ، عَنْ سُفْيَانَ، عَنْ طَلْحَةَ بْنِ يَحْيَى، عَنْ عَائِشَةَ بِنْتِ طَلْحَةَ، عَنْ عَائِشَةَ، أُمِّ الْمُؤْمِنِينَ، قَالَتْ‏:‏ كَانَ النَّبِيُّ صلى الله عليه وسلم يَأْتِينِي فَيَقُولُ‏:‏ أَعِنْدَكِ غَدَاءٌ‏؟‏ فَأَقُولُ‏:‏ لا قَالَتْ‏:‏ فَيَقُولُ‏:‏ إِنِّي صَائِمٌ قَالَتْ‏:‏ فَأَتَانِي يَوْمًا، فَقُلْتُ‏:‏ يَا رَسُولَ اللهِ، إِنَّهُ أُهْدِيَتْ لَنَا هَدِيَّةٌ، قَالَ‏:‏ وَمَا هِيَ‏؟‏ قُلْتُ‏:‏ حَيْسٌ، قَالَ‏:‏ أَمَا إِنِّي أَصْبَحْتُ صَائِمًا، قَالَتْ‏:‏ ثُمَّ أَكَلَ‏.‏",
      "english": {
        "narrator": "'A’isha, the Mother of the Believers (may Allah be well pleased with her), said:",
        "text": "\"The Prophet (Allah bless him and give him peace) used to come to me and say: “Do you have something for lunch?” I would say: “No,” so he would say: “I am fasting.” When he came to me one day, I said: “O Messenger of Allah, we have been given a gift!” He said: “What is it?” I said: “It is a meal of dates mixed with butter and curds.” He said: “As for me,\nI began the day fasting.” But then he ate.”"
      },
      "turkish": {
        "narrator": "'A’isha, the Mother of the Believers (may Allah be well pleased with her), said:",
        "text": "'Aişe, Müminlerin Annesi (Allah ondan razı olsun) dedi ki: \"Peygamber (Allah ona salat ve selam eylesin) bana gelir ve derdi ki: “Öğle yemeğin var mı?” Ben de derdim ki: “Hayır,” o da derdi ki: “Ben oruçluyum.” Bir gün bana geldiğinde, ben dedim ki: “Ey Allah’ın Messenger’ı, bize bir hediye verildi!” O da dedi ki: “Nedir o?” Ben dedim ki: “Tereyağı ve yoğurtla karıştırılmış hurma yemeği.” O da dedi ki: “Ben sabah oruçlu başladım.” Ama sonra yedi.”"
      }
    },
    {
      "id": 33,
      "idInBook": 33,
      "chapterId": 25,
      "bookId": 16,
      "arabic": "حَدَّثَنَا عَبْدُ اللهِ بْنُ عَبْدِ الرَّحْمَنِ، قَالَ‏:‏ حَدَّثَنَا عُمَرُ بْنُ حَفْصِ بْنِ غِيَاثٍ، قَالَ‏:‏ حَدَّثَنَا أَبِي، عَنْ مُحَمَّدِ بْنِ أَبِي يَحْيَى الأَسْلَمِيِّ، عَنْ يَزِيدَ بْنِ أَبِي أُمَيَّةَ الأَعْوَرِ، عَنْ يُوسُفَ بْنِ عَبْدِ اللهِ بْنِ سَلامٍ، قَالَ‏:‏ رَأَيْتُ النَّبِيَّ صلى الله عليه وسلم أَخَذَ كِسْرَةً مِنْ خُبْزِ الشَّعِيرِ فَوَضَعَ عَلَيْهَا تَمْرَةً وَقَالَ‏:‏ هَذِهِ إِدَامُ هَذِهِ، وأكل‏.‏",
      "english": {
        "narrator": "Yusuf ibn 'Abdi’llah ibn Salam said:",
        "text": "“I saw the Prophet (Allah bless him and give him peace) take a slice of barley-bread. Then he put a dried date on it and said: ‘This is the condiment for this,’ and he ate it.”"
      },
      "turkish": {
        "narrator": "Yusuf ibn 'Abdi’llah ibn Salam said:",
        "text": "Yusuf ibn 'Abdullah ibn Selam dedi ki: “Peygamberi (Allah ona salat ve selam eylesin) arpa ekmeğinden bir dilim aldığını gördüm. Sonra üzerine bir kuru hurma koydu ve dedi ki: ‘Bu bunun çeşnisidir,’ ve onu yedi.”"
      }
    },
    {
      "id": 34,
      "idInBook": 34,
      "chapterId": 25,
      "bookId": 16,
      "arabic": "حَدَّثَنَا عَبْدُ اللهِ بْنُ عَبْدِ الرَّحْمَنِ، قَالَ‏:‏ حَدَّثَنَا سَعِيدُ بْنُ سُلَيْمَانَ، عَنْ عَبَّادِ بْنِ الْعَوَّامِ، عَنْ حُمَيْدٍ، عَنْ أَنَسٍ‏:‏ أَنَّ رَسُولَ اللهِ صلى الله عليه وسلم كَانَ يُعْجِبُهُ الثُّفْلُ، قَالَ عَبْدُ اللهِ‏:‏ يَعْنِي مَا بَقِيَ مِنَ الطَّعَامِ‏.‏",
      "english": {
        "narrator": "Anas said about Allah’s Messenger (Allah bless him and give him peace):",
        "text": "\"He used to like the dregs .” 'Abdullah said: “That means what is left over from the meal.”"
      },
      "turkish": {
        "narrator": "Anas said about Allah’s Messenger (Allah bless him and give him peace):",
        "text": "Enes, Allah’ın Messenger’ı (Allah ona salat ve selam eylesin) hakkında dedi ki: \"O, tortuları severdi.” 'Abdullah dedi ki: “Bu, yemekten geriye kalanlardır.”"
      }
    }
  ],
  "chapter": {
    "id": 25,
    "bookId": 16,
    "arabic": "ما جاء في إدام رسول الله صلى الله عليه وسلم",
    "english": "What Rasoolullah Would Eat with Bread"
  }
}