{"metadata":{"length":3,"arabic":{"title":"الشمائل المحمدية","author":"الإمام الترمذي","introduction":"باب ما جاء في صفة وضوء رسول الله صلى الله عليه وسلم عند الطعام"},"english":{"title":"Shama'il Muhammadiyah","author":"Imam Tirmidhi","introduction":"Rasoolullah Performing Wudu At The Time Of Eating"}},"hadiths":[{"id":1,"idInBook":1,"chapterId":26,"bookId":16,"arabic":"حَدَّثَنَا أَحْمَدُ بْنُ مَنِيعٍ، قَالَ‏:‏ حَدَّثَنَا إِسْمَاعِيلُ بْنُ إِبْرَاهِيمَ، عَنْ أَيُّوبَ، عَنِ ابْنِ أَبِي مُلَيْكَةَ، عَنِ ابْنِ عَبَّاسٍ، أَنَّ رَسُولَ اللهِ صلى الله عليه وسلم خَرَجَ مِنَ الْخَلاءِ، فَقُرِّبَ إِلَيْهِ الطَّعَامُ، فَقَالُوا‏:‏ أَلا نَأْتِيكَ بِوَضُوءٍ‏؟‏ قَالَ‏:‏ إِنَّمَا أُمِرْتُ بِالْوُضُوءِ، إِذَا قُمْتُ إِلَى الصَّلاةِ‏.‏","english":{"narrator":"Ibn Abbas said:","text":"\"Allah’s Messenger (Allah bless him and give him peace) emerged from the toilet, whereupon the meal was presented to him and they said: 'Should we not bring you water for the minor ritual ablution?' He replied: 'I have only been commanded to perform the minor ritual ablution when I get ready for the ritual prayer'.”"}},{"id":2,"idInBook":2,"chapterId":26,"bookId":16,"arabic":"حَدَّثَنَا سَعِيدُ بْنُ عَبْدِ الرَّحْمَنِ الْمَخْزُومِيُّ، قَالَ‏:‏ حَدَّثَنَا سُفْيَانُ بْنُ عُيَيْنَةَ، عَنْ عَمْرِو بْنِ دِينَارٍ، عَنْ سَعِيدِ بْنِ الْحُوَيْرِثِ، عَنِ ابْنِ عَبَّاسٍ، قَالَ‏:‏ خَرَجَ رَسُولُ اللهِ صلى الله عليه وسلم مِنَ الْغَائِطِ فَأُتِيَ بِطَعَامٍ، فَقِيلَ لَهُ‏:‏ أَلا تَتَوَضَّأُ‏؟‏ فَقَالَ‏:‏ أَأُصَلِّي، فَأَتَوَضَّأُ‏.‏","english":{"narrator":"Ibn 'Abbas said:","text":"\"Allah’s Messenger (Allah bless him and give him peace) emerged from having a bowel movement and he was brought a meal, so he was asked: 'Will you not perform the minor\nritual ablution?' He replied: “Am I about to perform the ritual prayer, so that I should perform the minor ritual ablution'?”"}},{"id":3,"idInBook":3,"chapterId":26,"bookId":16,"arabic":"حَدَّثَنَا يَحْيَى بْنُ مُوسَى، قَالَ‏:‏ حَدَّثَنَا عَبْدُ اللهِ بْنُ نُمَيْرٍ، قَالَ‏:‏ حَدَّثَنَا قَيْسُ بْنُ الرَّبِيعِ ‏(‏ح‏)‏ وَحَدَّثَنَا قُتَيْبَةُ، قَالَ‏:‏ حَدَّثَنَا عَبْدُ الْكَرِيمِ الْجُرْجَانِيُّ، عَنْ قَيْسِ بْنِ الرَّبِيعِ، عَنْ أَبِي هَاشِمٍ، عَنْ زَاذَانَ، عَنْ سَلْمَانَ، قَالَ‏:‏ قَرَأْتُ فِي التَّوْرَاةِ، أَنَّ بَرَكَةَ الطَّعَامِ الْوُضُوءُ بَعْدَهُ، فَذَكَرْتُ ذَلِكَ لِلنَّبِيِّ صلى الله عليه وسلم، وَأَخْبَرْتُهُ بِمَا قَرَأْتُ فِي التَّوْرَاةِ، فَقَالَ رَسُولُ اللهِ صلى الله عليه وسلم‏:‏ بَرَكَةُ الطَّعَامِ الْوُضُوءُ قَبْلَهُ، وَالْوُضُوءُ بَعْدَهُ‏.‏","english":{"narrator":"Salman said:","text":"“I read in the Torah that the blessing of the meal is the minor ritual ablution after it, so I mentioned this to the Prophet (Allah bless him and give him peace), and I informed him of what I had read in the Torah. Allah’s Messenger (Allah bless him and give him peace) then said: ‘The blessing of the meal is the minor ritual ablution before it and the minor ritual ablution after it'!”"}}],"chapter":{"id":26,"bookId":16,"arabic":"باب ما جاء في صفة وضوء رسول الله صلى الله عليه وسلم عند الطعام","english":"Rasoolullah Performing Wudu At The Time Of Eating"}}