{
  "metadata": {
    "length": 7,
    "arabic": {
      "title": "الشمائل المحمدية",
      "author": "الإمام الترمذي",
      "introduction": "باب ما جاء في قول رسول الله صلى الله عليه وسلم قبل الطعام وعند الفراغ منه"
    },
    "english": {
      "title": "Shama'il Muhammadiyah",
      "author": "Imam Tirmidhi",
      "introduction": "The Words That Of Rasoolullah Said Before and After Eating"
    }
  },
  "hadiths": [
    {
      "id": 1,
      "idInBook": 1,
      "chapterId": 27,
      "bookId": 16,
      "arabic": "حَدَّثَنَا قُتَيْبَةُ بْنُ سَعِيدٍ، قَالَ‏:‏ حَدَّثَنَا ابْنُ لَهِيعَةَ، عَنْ يَزِيدَ بْنِ أَبِي حَبِيبٍ، عَنْ رَاشِدِ بْنِ جَنْدَلٍ الْيَافِعِيِّ، عَنْ حَبِيبِ بْنِ أَوْسٍ، عَنْ أَبِي أَيُّوبَ الأَنْصَارِيِّ، قَالَ‏:‏ كُنَّا عِنْدَ النَّبِيِّ صلى الله عليه وسلم، يَوْمًا، فَقَرَّبَ طَعَامًا، فَلَمْ أَرَ طَعَامًا كَانَ أَعْظَمَ بَرَكَةً مِنْهُ، أَوَّلَ مَا أَكَلْنَا، وَلا أَقَلَّ بَرَكَةً فِي آخِرِهِ، قُلْنَا‏:‏ يَا رَسُولَ اللهِ، كَيْفَ هَذَا‏؟‏ قَالَ‏:‏ إِنَّا ذَكَرْنَا اسْمَ اللهِ حِينَ أَكَلْنَا، ثُمَّ قَعَدَ مَنْ أَكَلَ وَلَمْ يُسَمِّ اللَّهَ تَعَالَى فَأَكَلَ مَعَهُ الشَّيْطَانُ‏.‏",
      "english": {
        "narrator": "Abu Ayyub Al-Ansari said:",
        "text": "\"We were in the home of the Prophet (Allah bless him and give him peace) one day, and he served a meal. I had never seen a meal from which greater blessing was obtained at the beginning of our eating, nor less blessing at the end of it, so we said: 'O Messenger of Allah, how is this?' He said: 'We mentioned the Name of Allah when we ate. Then someone who ate sat down and did not pronounce the Name of Allah (Exalted is He), so Satan ate with him!’”"
      },
      "turkish": {
        "narrator": "Abu Ayyub Al-Ansari said:",
        "text": "Ebu Eyyub el-Ensari dedi ki: \"Bir gün Peygamber (Allah ona salat ve selam eylesin) evinde bir yemek hazırladı. Yemeğimizin başlangıcında daha büyük bir bereket gördüğümü, sonunda ise daha az bereket gördüğümü hiç görmemiştim, bu yüzden dedik ki: 'Ey Allah’ın Elçisi, bu nasıl olur?' O da dedi ki: 'Biz yemek yerken Allah’ın adını anmıştık. Sonra Allah’ı anmayan birisi oturdu ve şeytan onunla birlikte yedi!'\""
      }
    },
    {
      "id": 2,
      "idInBook": 2,
      "chapterId": 27,
      "bookId": 16,
      "arabic": "حَدَّثَنَا يَحْيَى بْنُ مُوسَى، قَالَ‏:‏ حَدَّثَنَا أَبُو دَاوُدَ، قَالَ‏:‏ حَدَّثَنَا هِشَامٌ الدَّسْتُوائِيُّ، عَنْ بُدَيْلٍ الْعُقَيْلِيُّ، عَنْ عَبْدِ اللهِ بْنِ عُبَيْدِ بْنِ عُمَيْرٍ، عَنْ أُمِّ كُلْثُومٍ، عَنْ عَائِشَةَ، قَالَتْ‏:‏ قَالَ رَسُولُ اللهِ صلى الله عليه وسلم‏:‏ إِذَا أَكَلَ أَحَدُكُمْ، فَنَسِيَ أَنْ يَذْكُرَ اللَّهَ تَعَالَى عَلَى طَعَامِهِ، فَلْيَقُلْ‏:‏ بِسْمِ اللهِ أَوَّلَهُ وَآخِرَهُ‏.‏",
      "english": {
        "narrator": "'A’isha said:",
        "text": "“Allah’s Messenger said (Allah bless him and give him peace): ‘If one of you eats and forgets to mention Allah (Exalted is He) during his meal, let him say: B'ismillah awwalahu wa akhirahu, which means, 'In the name of Allah at its beginning and at its end'.”"
      },
      "turkish": {
        "narrator": "'A’isha said:",
        "text": "Aişe dedi ki: \"Allah’ın Elçisi (Allah ona salat ve selam eylesin) şöyle dedi: 'Eğer biriniz yemek yerken Allah’ı (Yüce Olan) anmayı unutur ise, şöyle desin: B'ismillah awwalahu wa akhirahu, yani 'Yemeğin başında ve sonunda Allah’ın adıyla' demektir.'\""
      }
    },
    {
      "id": 3,
      "idInBook": 3,
      "chapterId": 27,
      "bookId": 16,
      "arabic": "حَدَّثَنَا عَبْدُ اللهِ بْنُ الصَّبَّاحِ الْهَاشِمِيُّ الْبَصْرِيُّ، قَالَ‏:‏ حَدَّثَنَا عَبْدُ الأَعْلَى، عَنْ مَعْمَرٍ، عَنْ هِشَامِ بْنِ عُرْوَةَ، عَنْ أَبِيهِ، عَنْ عُمَرَ بْنِ أَبِي سَلَمَةَ، أَنَّهُ دَخَلَ عَلَى رَسُولِ اللهِ صلى الله عليه وسلم، وَعِنْدَهُ طَعَامٌ، فَقَالَ‏:‏ ادْنُ يَا بُنَيَّ، فَسَمِّ اللَّهَ تَعَالَى، وَكُلْ بِيَمِينِكَ، وَكُلْ مِمَّا يَلِيكَ‏.‏",
      "english": {
        "narrator": "'Umar ibn Abi Salama said that he went in to see Allah’s Messenger (Allah bless him and give him peace), who had a meal before him, so he said to him:",
        "text": "'O my dear son, pronounce\nthe Name of Allah(Exalted is He), eat with your right hand, and eat what is directly in front of you!’”"
      },
      "turkish": {
        "narrator": "'Umar ibn Abi Salama said that he went in to see Allah’s Messenger (Allah bless him and give him peace), who had a meal before him, so he said to him:",
        "text": "Ömer ibn Ebi Selame dedi ki: \"Ben Allah’ın Elçisi’ni (Allah ona salat ve selam eylesin) ziyarete gittiğimde, önünde bir yemek vardı, bu yüzden ona dedim: 'Ey sevgili oğlum, Allah’ın adını an, sağ elinle ye ve önündeki şeyleri ye!'\""
      }
    },
    {
      "id": 4,
      "idInBook": 4,
      "chapterId": 27,
      "bookId": 16,
      "arabic": "حَدَّثَنَا مَحْمُودُ بْنُ غَيْلانَ، قَالَ‏:‏ حَدَّثَنَا أَبُو أَحْمَدَ الزُّبَيْرِيُّ، قَالَ‏:‏ حَدَّثَنَا سُفْيَانُ الثَّوْرِيُّ، عَنْ أَبِي هَاشِمٍ، عَنِ إِسْمَاعِيلَ بْنِ رِيَاحٍ، عَنْ أَبِيهِ رِيَاحِ بْنِ عَبِيدَةَ، عَنْ أَبِي سَعِيدٍ الْخُدْرِيِّ، قَالَ‏:‏ كَانَ رَسُولُ اللهِ صلى الله عليه وسلم إِذَا فَرَغَ مِنْ طَعَامِهِ، قَالَ‏:‏ الْحَمْدُ لِلَّهِ الَّذِي أَطْعَمَنَا وَسَقَانَا وَجَعَلَنَا مُسْلِمِينَ‏.‏",
      "english": {
        "narrator": "Abu Sa‘id al-Khudri said:",
        "text": "“Allah’s Messenger (Allah bless him and give him peace) used to say, when he had finished his meal: ‘Praise be to Allah, who has fed us and quenched our thirst, and has made us Muslims'!”"
      },
      "turkish": {
        "narrator": "Abu Sa‘id al-Khudri said:",
        "text": "Ebu Sa'id el-Hudri dedi ki: \"Allah’ın Elçisi (Allah ona salat ve selam eylesin) yemeğini bitirdikten sonra şöyle derdi: 'Bütün hamd, bizi doyuran, susuzluğumuzu gideren ve bizi Müslüman yapan Allah’a aittir!'\""
      }
    },
    {
      "id": 5,
      "idInBook": 5,
      "chapterId": 27,
      "bookId": 16,
      "arabic": "حَدَّثَنَا مُحَمَّدُ بْنُ بَشَّارٍ، قَالَ‏:‏ حَدَّثَنَا يَحْيَى بْنُ سَعِيدٍ، قَالَ‏:‏ حَدَّثَنَا ثَوْرُ بْنُ يَزِيدَ، عَنْ خَالِدُ بْنُ مَعْدَانَ، عَنْ أَبِي أُمَامَةَ، قَالَ‏:‏ كَانَ رَسُولُ اللهِ صلى الله عليه وسلم إِذَا رُفِعَتِ الْمَائِدَةُ مِنْ بَيْنِ يَدَيْهِ، يَقُولُ‏:‏ الْحَمْدُ لِلَّهِ حَمْدًا كَثِيرًا طَيِّبًا مُبَارَكًا فِيهِ، غَيْرَ مُودَعٍ، وَلا مُسْتَغْنًى عَنْهُ رَبَّنَا‏.‏",
      "english": {
        "narrator": "Abu Umama said:",
        "text": "“When the table was removed from in front of him, Allah’s Messenger (Allah bless him and give him peace) used to say: ‘Much fine blessed praise to Allah! It is neither the last of our food, nor can it be dispensed with, O our Lord'!”"
      },
      "turkish": {
        "narrator": "Abu Umama said:",
        "text": "Ebu Ümame dedi ki: \"Önünden masa kaldırıldığında, Allah’ın Elçisi (Allah ona salat ve selam eylesin) şöyle derdi: 'Allah’a çok güzel ve bereketli hamd olsun! Bu, bizim yiyeceğimizin sonu değildir, ne de olsa O’na muhtaç değiliz, ey Rabbimiz!'\""
      }
    },
    {
      "id": 6,
      "idInBook": 6,
      "chapterId": 27,
      "bookId": 16,
      "arabic": "حَدَّثَنَا أَبُو بَكْرٍ مُحَمَّدُ بْنُ أَبَانَ، قَالَ‏:‏ حَدَّثَنَا وَكِيعٌ، عَنْ هِشَامٍ الدَّسْتُوائِيِّ، عَنْ بُدَيْلِ بْنِ مَيْسَرَةَ الْعُقَيْلِيِّ، عَنْ عَبْدِ اللهِ بْنِ عُبَيْدِ بْنِ عُمَيْرٍ، عَنْ أُمِّ كُلْثُومٍ، عَنْ عَائِشَةَ، قَالَتْ‏:‏ كَانَ النَّبِيُّ صلى الله عليه وسلم يَأْكُلُ الطَّعَامَ فِي سِتَّةٍ مِنْ أَصْحَابِهِ، فَجَاءَ أَعْرَابِيٌّ، فَأَكَلَهُ بِلُقْمَتَيْنِ، فَقَالَ رَسُولُ اللهِ صلى الله عليه وسلم‏:‏ لَوْ سَمَّى لَكَفَاكُمْ‏.‏",
      "english": {
        "narrator": "'Aisha said:",
        "text": "\"The Prophet (Allah bless him and give him peace) was eating with six of his Companions, when a Bedouin came and devoured it in two mouthfuls, so Allah’s Messenger said (Allah bless him and give him peace): 'If he had invoked the Name of Allah, it would have been enough for you all'!”"
      },
      "turkish": {
        "narrator": "'Aisha said:",
        "text": "Aişe dedi ki: \"Peygamber (Allah ona salat ve selam eylesin) altı sahabesiyle yemek yerken, bir bedevi geldi ve iki lokmada yemeği bitirdi, bunun üzerine Allah’ın Elçisi (Allah ona salat ve selam eylesin) şöyle dedi: 'Eğer o Allah’ın adını anmış olsaydı, hepiniz için yeterli olurdu!'\""
      }
    },
    {
      "id": 7,
      "idInBook": 7,
      "chapterId": 27,
      "bookId": 16,
      "arabic": "حَدَّثَنَا هَنَّادٌ، وَمَحْمُودُ بْنُ غَيْلانَ، قَالا‏:‏ حَدَّثَنَا أَبُو أُسَامَةَ، عَنْ زَكَرِيَّا بْنِ أَبِي زَائِدَةَ، عَنْ سَعِيدِ بْنِ أَبِي بُرْدَةَ، عَنْ أَنَسِ بْنِ مَالِكٍ، قَالَ‏:‏ قَالَ رَسُولُ اللهِ صلى الله عليه وسلم‏:‏ إِنَّ اللَّهَ لَيَرْضَى عَنِ الْعَبْدِ أَنْ يَأْكُلَ الأَكْلَةَ، أَوْ يَشْرَبَ الشَّرْبَةَ فَيَحْمَدَهُ عَلَيْهَا‏.‏",
      "english": {
        "narrator": "Anas ibn Malik said:",
        "text": "\"Allah’s Messenger said (Allah bless him and give him peace): 'Allah is surely well pleased with the servant’s eating and praising Him for the food, or drinking and praising Him for the drink'!”"
      },
      "turkish": {
        "narrator": "Anas ibn Malik said:",
        "text": "Enes ibn Malik dedi ki: \"Allah’ın Elçisi (Allah ona salat ve selam eylesin) şöyle dedi: 'Şüphesiz Allah, kulun yemeğinden ve ona şükretmesinden, ya da içeceğinden ve ona şükretmesinden hoşnut olur!'”"
      }
    }
  ],
  "chapter": {
    "id": 27,
    "bookId": 16,
    "arabic": "باب ما جاء في قول رسول الله صلى الله عليه وسلم قبل الطعام وعند الفراغ منه",
    "english": "The Words That Of Rasoolullah Said Before and After Eating"
  }
}