{
  "metadata": {
    "length": 2,
    "arabic": {
      "title": "الشمائل المحمدية",
      "author": "الإمام الترمذي",
      "introduction": "باب ما جاء في قدح رسول الله صلى الله عليه وسلم"
    },
    "english": {
      "title": "Shama'il Muhammadiyah",
      "author": "Imam Tirmidhi",
      "introduction": "The Cup Of Rasoolullah"
    }
  },
  "hadiths": [
    {
      "id": 1,
      "idInBook": 1,
      "chapterId": 28,
      "bookId": 16,
      "arabic": "حَدَّثَنَا الْحُسَيْنُ بْنُ الأَسْوَدِ الْبَغْدَادِيُّ، قَالَ‏:‏ حَدَّثَنَا عَمْرُو بْنُ مُحَمَّدٍ، قَالَ‏:‏ حَدَّثَنَا عِيسَى بْنُ طَهْمَانَ، عَنْ ثَابِتٍ، قَالَ‏:‏ أَخَرَجَ إِلَيْنَا أَنَسُ بْنُ مَالِكٍ، قَدَحَ خَشَبٍ، غَلِيظًا، مُضَبَّبًا بِحَدِيدٍ، فَقَالَ‏:‏ يَا ثَابِتُ، هَذَا قَدَحُ رَسُولِ اللهِ صلى الله عليه وسلم‏.‏",
      "english": {
        "narrator": "Thabit said:",
        "text": "“Anas ibn Malik brought out to us a wooden drinking vessel, roughly clamped with iron, then he said: ‘O Ihabit, this is the drinking vessel of Allah’s Messenger (Allah bless\nhim and give him peace)'!”"
      },
      "turkish": {
        "narrator": "Thabit said:",
        "text": "Thabit dedi ki: “Anas ibn Malik bize demirle kaba bir şekilde sıkıştırılmış ahşap bir içme kabı getirdi, sonra dedi ki: ‘Ey İhab, bu Allah’ın Messenger’ının (Allah ona salat ve selam eylesin) içme kabıdır!’”"
      }
    },
    {
      "id": 2,
      "idInBook": 2,
      "chapterId": 28,
      "bookId": 16,
      "arabic": "حَدَّثَنَا عَبْدُ اللهِ بْنُ عَبْدِ الرَّحْمَنِ، قَالَ‏:‏ أَنْبَأَنَا عَمْرُو بْنُ عَاصِمٍ، قَالَ‏:‏ أَنْبَأَنَا حَمَّادُ بْنُ سَلَمَةَ، قَالَ‏:‏ أَنْبَأَنَا حُمَيْدٌ، وَثَابِتٌ، عَنْ أَنَسٍ، قَالَ‏:‏ لَقَدْ سَقَيْتُ رَسُولَ اللهِ صلى الله عليه وسلم، بِهَذَا الْقَدَحِ الشَّرَابَ كُلَّهُ، الْمَاءَ، وَالنَّبِيذَ، وَالْعَسَلَ، وَاللَّبَنَ‏.‏",
      "english": {
        "narrator": "Anas said:",
        "text": "\"I had given Allah’s Messenger (Allah bless him and give him peace) every kind of beverage to drink using this vessel: water, date juice, honey and milk.”"
      },
      "turkish": {
        "narrator": "Anas said:",
        "text": "Anas dedi ki: \"Ben Allah’ın Messenger’ına (Allah ona salat ve selam eylesin) bu kapla içmesi için her türlü içeceği verdim: su, hurma suyu, bal ve süt.”"
      }
    }
  ],
  "chapter": {
    "id": 28,
    "bookId": 16,
    "arabic": "باب ما جاء في قدح رسول الله صلى الله عليه وسلم",
    "english": "The Cup Of Rasoolullah"
  }
}