{
  "metadata": {
    "length": 8,
    "arabic": {
      "title": "الشمائل المحمدية",
      "author": "الإمام الترمذي",
      "introduction": "-باب ما جاء في شعر رسول الله صلى الله عليه وسلم"
    },
    "english": {
      "title": "Shama'il Muhammadiyah",
      "author": "Imam Tirmidhi",
      "introduction": "The Mubarak Hair Of Rasoolullah"
    }
  },
  "hadiths": [
    {
      "id": 1,
      "idInBook": 1,
      "chapterId": 3,
      "bookId": 16,
      "arabic": "حَدَّثَنَا عَلِيُّ بْنُ حُجْرٍ، قَالَ‏:‏ أَخْبَرَنَا إِسْمَاعِيلُ بْنُ إِبْرَاهِيمَ، عَنْ حُمَيْدٍ، عَنْ أنَسِ بْنِ مَالِكٍ، قَالَ‏:‏ كَانَ شَعَرُ رَسُولِ اللهِ صلى الله عليه وسلم إِلَى نِصْفِ أُذُنَيْهِ‏.‏",
      "english": {
        "narrator": "Anas ibn Malik said:",
        "text": "\"The hair of Allah’s Messenger (Allah bless him and give him peace) came down to the middle of his ears.”"
      },
      "turkish": {
        "narrator": "Anas ibn Malik said:",
        "text": "Enes ibn Malik dedi ki: \"Allah’ın Elçisi (Allah ona salat ve selam eylesin) saçları kulaklarının ortasına kadar iniyordu.\""
      }
    },
    {
      "id": 2,
      "idInBook": 2,
      "chapterId": 3,
      "bookId": 16,
      "arabic": "حَدَّثَنَا هَنَّادُ بْنُ السَّرِيِّ، قَالَ‏:‏ أَخْبَرَنَا عَبْدُ الرَّحْمَنِ بْنُ أَبِي الزِّنَادِ، عَنْ هِشَامِ بْنِ عُرْوَةَ، عَنْ أَبِيهِ، عَنْ عَائِشَةَ، قَالَتْ‏:‏ كُنْتُ أَغْتَسِلُ أَنَا وَرَسُولُ اللهِ صلى الله عليه وسلم مِنْ إِنَاءٍ وَاحِدٍ، وَكَانَ لَهُ شَعَرٌ فَوْقَ الْجُمَّةِ، وَدُونَ الْوَفْرَةِ‏.‏",
      "english": {
        "narrator": "'A’isha said:",
        "text": "\"I used to perform the major ritual ablution, I and Allah’s Messenger (Allah bless him and give him peace) from a single basin, and he had hair above the shoulder level and below the earlobes.”"
      },
      "turkish": {
        "narrator": "'A’isha said:",
        "text": "Aişe dedi ki: \"Ben ve Allah’ın Elçisi (Allah ona salat ve selam eylesin) tek bir leğende büyük abdest alırdık ve onun saçları omuz seviyesinin üstünde ve kulak memelerinin altında idi.\""
      }
    },
    {
      "id": 3,
      "idInBook": 3,
      "chapterId": 3,
      "bookId": 16,
      "arabic": "حَدَّثَنَا أَحْمَدُ بْنُ مَنِيعٍ، قَالَ‏:‏ حَدَّثَنَا أَبُو قَطَنٍ، قَالَ‏:‏ حَدَّثَنَا شُعْبَةُ، عَنْ أَبِي إِسْحَاقَ، عَنِ الْبَرَاءِ بْنِ عَازِبٍ، قَالَ‏:‏ كَانَ رَسُولُ اللهِ صلى الله عليه وسلم مَرْبُوعًا، بَعِيدَ مَا بَيْنَ الْمِنْكَبَيْنِ، وَكَانَتْ جُمَّتُهُ تَضْرِبُ شَحْمَةَ أُذُنَيْهِ‏.‏",
      "english": {
        "narrator": "Al-Bara’ ibn 'Azib said:",
        "text": "“Allah’s Messenger (Allah bless him and give him peace) was of medium height, broad-shouldered, and the hair of his head touched the lobes of his ears.”"
      },
      "turkish": {
        "narrator": "Al-Bara’ ibn 'Azib said:",
        "text": "El-Bara’ ibn Azib dedi ki: \"Allah’ın Elçisi (Allah ona salat ve selam eylesin) orta boylu, geniş omuzlu idi ve başının saçları kulak loblarına değiyordu.\""
      }
    },
    {
      "id": 4,
      "idInBook": 4,
      "chapterId": 3,
      "bookId": 16,
      "arabic": "حَدَّثَنَا مُحَمَّدُ بْنُ بَشَّارٍ، قَالَ‏:‏ حَدَّثَنَا وَهْبُ بْنُ جَرِيرِ بْنِ حَازِمٍ، قَالَ‏:‏ حَدَّثَنِي أَبِي، عَنْ قَتَادَةَ، قَالَ‏:‏ قُلْتُ لأَنَسٍ‏:‏ كَيْفَ كَانَ شَعَرُ رَسُولِ اللهِ صلى الله عليه وسلم‏؟‏ قَالَ‏:‏ لَمْ يَكُنْ بِالْجَعْدِ، وَلا بِالسَّبْطِ، كَانَ يَبْلُغُ شَعَرُهُ شَحْمَةَ أُذُنَيْهِ‏.‏",
      "english": {
        "narrator": "Qatada said:",
        "text": "“I said to Anas: ‘How was the hair of Allah’s Messenger (Allah bless him and give him peace)?' He replied: 'It was neither crisply curled nor lank. His hair used to reach the lobes of his ears'.”"
      },
      "turkish": {
        "narrator": "Qatada said:",
        "text": "Katade dedi ki: \"Enes’e dedim: ‘Allah’ın Elçisi (Allah ona salat ve selam eylesin) saçları nasıldı?’ O da: 'Ne kıvrımlı ne de sarkık idi. Saçları kulak loblarına kadar iniyordu' diye cevap verdi.\""
      }
    },
    {
      "id": 5,
      "idInBook": 5,
      "chapterId": 3,
      "bookId": 16,
      "arabic": "حَدَّثَنَا مُحَمَّدُ بْنُ يَحْيَى بْنِ أَبِي عُمَرَ الْمَكِّيُّ، قَالَ‏:‏ حَدَّثَنَا سُفْيَانُ بْنُ عُيَيْنَةَ، عَنِ ابْنِ أَبِي نَجِيحٍ، عَنْ مُجَاهِدٍ، عَنْ أُمِّ هَانِئٍ بِنْتِ أَبِي طَالِبٍ، قَالَتْ‏:‏ قَدِمَ رَسُولُ اللهِ صلى الله عليه وسلم مَكَّةَ قَدْمَةً، وَلَهُ أَرْبَعُ غَدَائِرَ‏.‏",
      "english": {
        "narrator": "Umm Hani bint 'Ali ibn Talib said:",
        "text": "\"Allah’s Messenger (Allah bless him and give him peace) arrived boldly at Mecca, and he had four braids of hair.”"
      },
      "turkish": {
        "narrator": "Umm Hani bint 'Ali ibn Talib said:",
        "text": "Ümmü Hani bint Ali ibn Talib dedi ki: \"Allah’ın Elçisi (Allah ona salat ve selam eylesin) Mekke’ye cesurca geldi ve dört saç örgüsü vardı.\""
      }
    },
    {
      "id": 6,
      "idInBook": 6,
      "chapterId": 3,
      "bookId": 16,
      "arabic": "حَدَّثَنَا سُوَيْدُ بْنُ نَصْرٍ، قَالَ‏:‏ حَدَّثَنَا عَبْدُ اللهِ بْنُ الْمُبَارَكِ، عَنْ مَعْمَرٍ، عَنْ ثَابِتٍ الْبُنَانِيِّ، عَنْ أَنَسٍ‏:‏ أَنَّ شَعَرَ رَسُولِ اللهِ صلى الله عليه وسلم، كَانَ إِلَى أَنْصَافِ أُذُنَيْهِ‏.‏",
      "english": {
        "narrator": "Anas said:",
        "text": "\"The hair of Allah’s Messenger (Allah bless him and give him peace) was down to the middle parts of his ears.”"
      },
      "turkish": {
        "narrator": "Anas said:",
        "text": "Enes dedi ki: \"Allah’ın Elçisi (Allah ona salat ve selam eylesin) saçları kulaklarının ortasına kadar iniyordu.\""
      }
    },
    {
      "id": 7,
      "idInBook": 7,
      "chapterId": 3,
      "bookId": 16,
      "arabic": "حَدَّثَنَا سُوَيْدُ بْنُ نَصْرٍ ، حَدَّثَنَا عَبْدُ اللَّهِ بْنُ الْمُبَارَكِ ، عَنْ يُونُسَ بْنِ يَزِيدَ ، عَنِ الزُّهْرِيِّ ، قَالَ : حَدَّثَنَا عُبَيْدُ اللَّهِ بْنُ عَبْدِ اللَّهِ بْنِ عُتْبَةَ ، عَنِ ابْنِ عَبَّاسٍ : \n\" أَنَّ رَسُولَ اللَّهِ صَلَّى اللَّهُ عَلَيْهِ وَسَلَّمَ كَانَ يُسْدِلُ شَعْرَهُ ، وَكَانَ الْمُشْرِكُونَ يَفْرِقُونَ رُءُوسَهُمْ ، وَكَانَ أَهْلُ الْكِتَابِ يُسْدِلُونَ رُءُوسَهُمْ ، وَكَانَ يُحِبُّ مُوَافَقَةَ أَهْلِ الْكِتَابِ فِيمَا لَمْ يُؤْمَرْ فِيهِ بِشَيْءٍ ، ثُمَّ فَرَقَ رَسُولُ اللَّهِ صَلَّى اللَّهُ عَلَيْهِ وَسَلَّمَ رَأْسَهُ \".",
      "english": {
        "narrator": "Ibn 'Abbas said:",
        "text": "“Allah’s Messenger(Allah bless him and give him peace) used to let his hair hang down , whereas the polytheists used to part the hair of their heads. The People of the Scripture also used to let the hair of their heads hang down, and he used favor emulating the People of the Scripture with respect to things about which nothing was commanded, but Allah’s Messenger (Allah bless him and give him peace) then parted the hair of his head.”"
      },
      "turkish": {
        "narrator": "Ibn 'Abbas said:",
        "text": "İbn Abbas dedi ki: \"Allah’ın Elçisi (Allah ona salat ve selam eylesin) saçlarını serbest bırakırdı, oysa müşrikler saçlarını ayırırlardı. Kitap Ehli de saçlarını serbest bırakırlardı ve o, emredilmeyen konularda Kitap Ehli’ni taklit etmeyi tercih ederdi, fakat Allah’ın Elçisi (Allah ona salat ve selam eylesin) daha sonra saçlarını ayırdı.\""
      }
    },
    {
      "id": 8,
      "idInBook": 8,
      "chapterId": 3,
      "bookId": 16,
      "arabic": "حَدَّثَنَا مُحَمَّدُ بْنُ بَشَّارٍ، قَالَ‏:‏ حَدَّثَنَا عَبْدُ الرَّحْمَنِ بْنُ مَهْدِيٍّ، عَنْ إِبْرَاهِيمَ بْنِ نَافِعٍ الْمَكِّيِّ، عَنِ ابْنِ أَبِي نَجِيحٍ، عَنْ مُجَاهِدٍ، عَنْ أُمِّ هَانِئٍ، قَالَتْ‏:‏ رَأَيْتُ رَسُولَ اللهِ صلى الله عليه وسلم ذَا ضَفَائِرَ أَرْبَعٍ‏.‏",
      "english": {
        "narrator": "Umm Hani said:",
        "text": "\"I saw Allah’s Messenger (Allah bless him and give him peace) with four braids of hair.”"
      },
      "turkish": {
        "narrator": "Umm Hani said:",
        "text": "Ümmü Hani dedi ki: \"Allah’ın Elçisi (Allah ona salat ve selam eylesin) dört saç örgüsü ile gördüm.\""
      }
    }
  ],
  "chapter": {
    "id": 3,
    "bookId": 16,
    "arabic": "-باب ما جاء في شعر رسول الله صلى الله عليه وسلم",
    "english": "The Mubarak Hair Of Rasoolullah"
  }
}