{
  "metadata": {
    "length": 2,
    "arabic": {
      "title": "الشمائل المحمدية",
      "author": "الإمام الترمذي",
      "introduction": "باب ما جاء في صفة شراب رسول الله صلى الله عليه وسلم"
    },
    "english": {
      "title": "Shama'il Muhammadiyah",
      "author": "Imam Tirmidhi",
      "introduction": "Description Of The Things Rasoolullah Drank"
    }
  },
  "hadiths": [
    {
      "id": 1,
      "idInBook": 1,
      "chapterId": 30,
      "bookId": 16,
      "arabic": "حَدَّثَنَا ابْنُ أَبِي عُمَرَ، قَالَ‏:‏ حَدَّثَنَا سُفْيَانُ، عَنْ مَعْمَرٍ، عَنِ الزُّهْرِيِّ، عَنْ عُرْوَةَ، عَنْ عَائِشَةَ، قَالَتْ‏:‏ كَانَ أَحَبَّ الشَّرَابِ إِلَى رَسُولِ اللهِ صلى الله عليه وسلم، الْحُلْوُ الْبَارِدُ‏.‏",
      "english": {
        "narrator": "'A’isha said (may Allah be well pleased with her):",
        "text": "\"The beverage dearest to Allah’s Messenger (Allah bless him and give him peace) was cold water sweetened with honey.”"
      },
      "turkish": {
        "narrator": "'A’isha said (may Allah be well pleased with her):",
        "text": "Aişe (Allah ondan razı olsun) dedi ki: \"Allah’ın Resulü'nün (Allah ona salat ve selam eylesin) en çok sevdiği içecek, bal ile tatlandırılmış soğuk suydu.\""
      }
    },
    {
      "id": 2,
      "idInBook": 2,
      "chapterId": 30,
      "bookId": 16,
      "arabic": "حَدَّثَنَا أَحْمَدُ بْنُ مَنِيعٍ، قَالَ‏:‏ حَدَّثَنَا إِسْمَاعِيلُ بْنُ إِبْرَاهِيمَ، قَالَ‏:‏ حَدَّثَنَا عَلِيُّ بْنُ زَيْدٍ، عَنْ عُمَرَ هُوَ ابْنُ أَبِي حَرْمَلَةَ، عَنِ ابْنِ عَبَّاسٍ، قَالَ‏:‏ دَخَلْتُ مَعَ رَسُولِ اللهِ صلى الله عليه وسلم، أَنَا، وَخَالِدُ بْنُ الْوَلِيدِ عَلَى مَيْمُونَةَ، فَجَاءَتْنَا بِإِنَاءٍ مِنْ لَبَنٍ، فَشَرِبَ رَسُولُ اللهِ صلى الله عليه وسلم، وَأَنَا عَلَى يَمِينِهِ، وَخَالِدٌ عَلَى شِمَالِهِ، فَقَالَ لِي‏:‏ الشَّرْبَةُ لَكَ، فَإِنْ شِئِتَ آثَرْتَ بِهَا خَالِدًا، فَقُلْتُ‏:‏ مَا كُنْتُ لأُوثِرَ عَلَى سُؤْرِكَ أَحدًا، ثُمَّ قَالَ رَسُولُ اللهِ صلى الله عليه وسلم‏:‏ مَنْ أَطْعَمَهُ اللَّهُ طَعَامًا، فَلْيَقُلِ‏:‏ اللَّهُمَّ بَارِكْ لَنَا فِيهِ، وَأَطْعِمْنَا خَيْرًا مِنْهُ، وَمَنْ سَقَاهُ اللَّهُ عَزَّ وَجَلَّ لَبَنًا، فَلْيَقُلِ‏:‏ اللَّهُمَّ بَارِكْ لَنَا فِيهِ، وَزِدْنَا مِنْهُ ثُمَّ قَالَ‏:‏ قَالَ رَسُولُ اللهِ صلى الله عليه وسلم‏:‏ لَيْسَ شَيْءٌ يُجْزِئُ مَكَانَ الطَّعَامِ وَالشَّرَابِ، غَيْرُ اللَّبَنِ‏.‏",
      "english": {
        "narrator": "Ibn 'Abbas said (may Allah be well pleased with him and his father):",
        "text": "\"Together with Allah’s Messenger (Allah bless him and give him peace), Khalid ibn al-Walid and I entered the presence of Maimuna, whereupon she brought us a vessel of milk and Allah’s Messenger drank (Allah bless him and give him peace), while I was on his right side and Khalid was on his left. He said to me: 'The drink is yours, but if you wish, you may let Khalid have it.' I said: 'I wouldn't give up your leftover drink for anyone!' Then Allah’s Messenger said (Allah bless him and give him peace): 'If Allah feeds someone a meal, let him say: ‘O Allah, bless us in it, and give us something even better!’ If Allah (Almighty and Glorious is He) gives a person some milk to drink, let him say: ‘O Allah, bless us in it, and grant us more of it!’ Then Allah’s Messenger said (Allah bless him and give him peace): 'Nothing but milk can substitute for both food and drink'!\""
      },
      "turkish": {
        "narrator": "Ibn 'Abbas said (may Allah be well pleased with him and his father):",
        "text": "İbn Abbas (Allah ondan ve babasından razı olsun) dedi ki: \"Allah’ın Resulü (Allah ona salat ve selam eylesin) ile birlikte, Halid ibn Velid ve ben Maimuna’nın huzuruna girdik. O da bize bir kap süt getirdi ve Allah’ın Resulü içti (Allah ona salat ve selam eylesin), ben onun sağında, Halid ise solunda oturuyordum. Bana dedi ki: 'İçecek senin, ama istersen Halid’e verebilirsin.' Ben de: 'Senin artan içeceğini kimseye vermem!' dedim. Bunun üzerine Allah’ın Resulü (Allah ona salat ve selam eylesin) dedi ki: 'Eğer Allah birine bir yemek verirse, o kişi şöyle desin: “Allah’ım, bunda bize bereket ver ve daha hayırlısını nasip et!” Eğer Allah (Azze ve Celle) birine içmesi için süt verirse, o kişi şöyle desin: “Allah’ım, bunda bize bereket ver ve daha fazlasını nasip et!” Sonra Allah’ın Resulü (Allah ona salat ve selam eylesin) dedi ki: 'Sadece süt, hem yiyecek hem de içecek yerine geçebilir!'\""
      }
    }
  ],
  "chapter": {
    "id": 30,
    "bookId": 16,
    "arabic": "باب ما جاء في صفة شراب رسول الله صلى الله عليه وسلم",
    "english": "Description Of The Things Rasoolullah Drank"
  }
}