{"metadata":{"length":10,"arabic":{"title":"الشمائل المحمدية","author":"الإمام الترمذي","introduction":"باب ما جاء في شرب رسول الله صلى الله عليه وسلم"},"english":{"title":"Shama'il Muhammadiyah","author":"Imam Tirmidhi","introduction":"Hadith Describing The Manner Rasoolullah Drank"}},"hadiths":[{"id":1,"idInBook":1,"chapterId":31,"bookId":16,"arabic":"حَدَّثَنَا أَحْمَدُ بْنُ مَنِيعٍ، قَالَ‏:‏ حَدَّثَنَا هُشَيْمٌ، قَالَ‏:‏ حَدَّثَنَا عَاصِمٌ الأَحْوَلُ، وَمُغِيرَةُ، عَنِ الشَّعْبِيِّ، عَنِ ابْنِ عَبَّاسٍ‏:‏ أَنَّ النَّبِيَّ صلى الله عليه وسلم، شَرِبَ مِنْ زَمْزَمَ، وَهُوَ قَائِمٌ‏.‏","english":{"narrator":"Ibn 'Abbas said (may Allah be well pleased with him and his father):","text":"“The Prophet (Allah bless him and give him peace) drank from  Zamzam while standing.”"}},{"id":2,"idInBook":2,"chapterId":31,"bookId":16,"arabic":"حَدَّثَنَا قُتَيْبَةُ بْنُ سَعِيدٍ، قَالَ‏:‏ حَدَّثَنَا مُحَمَّدُ بْنُ جَعْفَرٍ، عَنْ حُسَيْنٍ الْمُعَلِّمِ، عَنْ عَمْرِو بْنِ شُعَيْبٍ، عَنْ أَبِيهِ، عَنْ جَدِّهِ، قَالَ‏:‏ رَأَيْتُ رَسُولَ اللهِ صلى الله عليه وسلم، يَشْرَبُ قَائِمًا، وَقَاعِدًا‏.‏","english":{"narrator":"'Amr ibn Shu'aib reports on the authority of his father that his grandfather said:","text":"\"I saw Allah's Messenger (Allah bless him and give him peace) drink while both standing and sitting.”"}},{"id":3,"idInBook":3,"chapterId":31,"bookId":16,"arabic":"حَدَّثَنَا عَلِيُّ بْنُ حُجْرٍ، قَالَ‏:‏ حَدَّثَنَا ابْنُ الْمُبَارِكِ، عَنْ عَاصِمٍ الأَحْوَلِ، عَنِ الشَّعْبِيِّ، عَنِ ابْنِ عَبَّاسٍ، قَالَ‏:‏ سَقَيْتُ النَّبِيَّ صلى الله عليه وسلم، مِنْ زَمْزَمَ، فَشَرِبَ، وَهُوَ قَائِمٌ‏.‏","english":{"narrator":"Ibn 'Abbas said (may Allah be well pleased with him and his father):","text":"\"I gave Allah’s Messenger (Allah bless him and give him peace) Zamzam water, and he drank it standing up.”"}},{"id":4,"idInBook":4,"chapterId":31,"bookId":16,"arabic":"حَدَّثَنَا أَبُو كُرَيْبٍ مُحَمَّدُ بْنُ الْعَلاءِ، وَمُحَمَّدُ بْنُ طَرِيفٍ الْكُوفِيُّ، قَالا‏:‏ حَدَّثَنَا ابْنُ الْفُضَيْلِ، عَنِ الأَعْمَشِ، عَنْ عَبْدِ الْمَلِكِ بْنِ مَيْسَرَةَ، عَنِ النَّزَّالِ بْنِ سَبْرَةَ، قَالَ‏:‏ أَتَى عَلِيٌّ، بِكُوزٍ مِنْ مَاءٍ، وَهُوَ فِي الرَّحْبَةِ، فَأَخَذَ مِنْهُ كَفًّا، فَغَسَلَ يَدَيْهِ، وَمَضْمَضَ، وَاسْتَنْشَقَ، وَمَسَحَ وَجْهَهُ وَذِرَاعَيْهِ وَرَأْسَهُ، ثُمَّ شَرِبَ وَهُوَ قَائِمٌ، ثُمَّ قَالَ‏:‏ هَذَا وُضُوءُ مَنْ لَمْ يُحْدِثْ، هَكَذَا رَأَيْتُ رَسُولَ اللهِ صلى الله عليه وسلم، فَعَلَ‏.‏","english":{"narrator":"An-Nazzal ibn Sabra said;\n\"Ali (may Allah be well pleased with him) brought a jug of water, while he was in ar-Rahba, after which he dipped out a handful, washed his hands, rinsed his mouth, snuffed up his nostrils, and wiped his face, his forearms and his head. Then he drank from it while standing. Then he said:","text":"'This is the minor ritual ablution of someone who has not excreted any substance that would render him ritually impure. I saw Allah’s Messenger (Allah bless him and give him peace) act in this manner'.\""}},{"id":5,"idInBook":5,"chapterId":31,"bookId":16,"arabic":"حَدَّثَنَا قُتَيْبَةُ بْنُ سَعِيدٍ، وَيُوسُفُ بْنُ حَمَّادٍ، قَالا‏:‏ حَدَّثَنَا عَبْدُ الْوَارِثِ بْنُ سَعِيدٍ، عَنْ أَبِي عصَامَ، عَنْ أَنَسِ بْنِ مَالِكٍ، أَنَّ النَّبِيَّ صلى الله عليه وسلم‏:‏ كَانَ يَتَنَفَّسُ فِي الإِنَاءِ ثَلاثًا إِذَا شَرِبَ، وَيَقُولُ‏:‏ هُوَ أَمْرَأُ، وَأَرْوَى‏.‏","english":{"narrator":"Anas ibn Malik said (may Allah be well pleased with him):","text":"\"The Prophet (Allah bless him and give him peace) used to breathe into the vessel three times when he drank, and he would say: 'It is more wholesome and more thirst-quenching!’”"}},{"id":6,"idInBook":6,"chapterId":31,"bookId":16,"arabic":"حَدَّثَنَا عَلِيُّ بْنُ خَشْرَمٍ، قَالَ‏:‏ حَدَّثَنَا عِيسَى بْنُ يُونُسَ، عَنْ رِشْدِينِ بْنِ كُرَيْبٍ، عَنْ أَبِيهِ، عَنِ ابْنِ عَبَّاسٍ‏:‏ أَنَّ النَّبِيَّ صلى الله عليه وسلم كَانَ إِذَا شَرِبَ، تَنَفَّسَ مَرَّتَيْنِ‏.‏","english":{"narrator":"Ibn 'Abbas said (may Allah be well pleased with him and his father):","text":"\"When the Prophet drank (Allah bless him and give him peace), he used to take two breaths.”"}},{"id":7,"idInBook":7,"chapterId":31,"bookId":16,"arabic":"حَدَّثَنَا ابْنُ أَبِي عُمَرَ، قَالَ‏:‏ حَدَّثَنَا سُفْيَانُ، عَنْ يَزِيدَ بْنِ يَزِيدَ بْنِ جَابِرٍ، عَنْ عَبْدِ الرَّحْمَنِ بْنِ أَبِي عَمْرَةَ، عَنْ جَدَّتِهِ كَبْشَةِ، قَالَتْ‏:‏ دَخَلَ عَلَيَّ النَّبِيُّ صلى الله عليه وسلم فَشَرِبَ مِنْ قِرْبَةٍ مُعَلَّقَةٍ قَائِمًا، فَقُمْتُ إِلَى فِيهَا فَقَطَعْتُهُ‏.‏","english":{"narrator":"'Abd ar-Rahman ibn Abi 'Amra said that his grandmother Kabsha said:","text":"\"The Prophet (Allah bless him and give him peace) entered my presence, then he drank from a suspended waterskin while standing, so I reached up to its mouth and cut it loose.”"}},{"id":8,"idInBook":8,"chapterId":31,"bookId":16,"arabic":"حَدَّثَنَا مُحَمَّدُ بْنُ بَشَّارٍ، قَالَ‏:‏ حَدَّثَنَا عَبْدُ الرَّحْمَنِ بْنُ مَهْدِيٍّ، قَالَ‏:‏ حَدَّثَنَا عُزْرَةُ بْنُ ثَابِتٍ الأَنْصَارِيُّ، عَنْ ثُمَامَةَ بْنِ عَبْدِ اللهِ، قَالَ‏:‏ كَانَ أَنَسُ بْنُ مَالِكٍ، يَتَنَفَّسُ فِي الإِنَاءِ ثَلاثًا، وَزَعَمَ أَنَسٌ، أَنَّ النَّبِيَّ صلى الله عليه وسلم، كَانَ يَتَنَفَّسُ فِي الإِنَاءِ ثَلاثًا‏.‏","english":{"narrator":"Thumama ibn 'Abdi’llah said:","text":"“Anas ibn Malik used to breathe into the vessel three times, and Anas ibn Malik maintained that the Prophet (Allah bless him and give him peace) likewise used to breathe into the vessel three times.”"}},{"id":9,"idInBook":9,"chapterId":31,"bookId":16,"arabic":"حَدَّثَنَا عَبْدُ اللهِ بْنُ عَبْدِ الرَّحْمَنِ، قَالَ‏:‏ حَدَّثَنَا أَبُو عَاصِمٍ، عَنِ ابْنِ جُرَيْجٍ، عَنْ عَبْدِ الْكَرِيمِ، عَنِ الْبَرَاءِ بْنِ زَيْدٍ ابْنِ ابْنَةِ أَنَسِ بْنِ مَالِكٍ، عَنْ أَنَسِ بْنِ مَالِكٍ، أَنَّ النَّبِيَّ صلى الله عليه وسلم، دَخَلَ عَلَى أُمِّ سُلَيْمٍ، وَقِرْبَةٌ مُعَلَّقَةٌ، فَشَرِبَ مِنْ فَمِ الْقِرْبَةِ وَهُوَ قَائِمٌ، فَقَامَتْ أُمُّ سُلَيْمٍ إِلَى رَأْسِ الْقِرْبَةِ فَقَطَعَتْهَا‏.‏","english":{"narrator":"Anas ibn Malik said:","text":"\"The Prophet (Allah bless him and give him peace) entered the presence of Umm Sulaim, and a waterskin was suspended there, so he drank from the mouth of the waterskin while standing. Umm Sulaim therefore reached up to the head of the waterskin and cut it loose.”"}},{"id":10,"idInBook":10,"chapterId":31,"bookId":16,"arabic":"حَدَّثَنَا أَحْمَدُ بْنُ نَصْرٍ النَّيْسَابُورِيُّ، قَالَ‏:‏ حَدَّثَنَا إِسْحَاقُ بْنُ مُحَمَّدٍ الْفَرْوِي، قَالَ‏:‏ حَدَّثَتْنَا عَبِيدَةُ بِنْتُ نَائِلٍ، عَنْ عَائِشَةَ بِنْتِ سَعْدِ بْنِ أَبِي وَقَّاصٍ، عَنِ أَبِيهَا، أَنَّ النَّبِيَّ صلى الله عليه وسلم، كَانَ يَشْرَبُ قَائِمًا، قَالَ أَبُو عِيسَى‏:‏ وَقَالَ بَعْضُهُمْ‏:‏ عُبَيْدَةُ بِنْتُ نَابِلٍ‏.‏","english":{"narrator":"'A’isha bint Sa'd ibn Abi Waqqas reported that her father said:","text":"“The Prophet (Allah bless him and give him peace) used to drink while standing.”"}}],"chapter":{"id":31,"bookId":16,"arabic":"باب ما جاء في شرب رسول الله صلى الله عليه وسلم","english":"Hadith Describing The Manner Rasoolullah Drank"}}