{
  "metadata": {
    "length": 6,
    "arabic": {
      "title": "الشمائل المحمدية",
      "author": "الإمام الترمذي",
      "introduction": "باب ما جاء في تعطررسول الله صلى الله عليه وسلم"
    },
    "english": {
      "title": "Shama'il Muhammadiyah",
      "author": "Imam Tirmidhi",
      "introduction": "Rasoolullah Using 'Itr"
    }
  },
  "hadiths": [
    {
      "id": 1,
      "idInBook": 1,
      "chapterId": 32,
      "bookId": 16,
      "arabic": "حَدَّثَنَا مُحَمَّدُ بْنُ رَافِعٍ، وَاحِدٍ، قَالُوا‏:‏ حَدَّثَنَا أَبُو أَحْمَدَ الزُّبَيْرِيُّ، قَالَ‏:‏ حَدَّثَنَا شَيْبَانُ، عَنْ عَبْدِ اللهِ بْنِ الْمُخْتَارِ، عَنْ مُوسَى بْنِ أَنَسِ بْنِ مَالِكٍ، عَنْ أَبِيهِ، قَالَ‏:‏ كَانَ لِرَسُولِ اللهِ صلى الله عليه وسلم سُكَّةٌ يَتَطَيَّبُ مِنْهَا‏.‏",
      "english": {
        "narrator": "Musa ibn Anas ibn Malik reports that his father said:",
        "text": "“Allah’s Messenger (Allah bless him and give him peace) had a vial from which he used to perfume himself.”"
      },
      "turkish": {
        "narrator": "Musa ibn Anas ibn Malik reports that his father said:",
        "text": "Musa ibn Anas ibn Malik, babasından şöyle rivayet etmiştir: “Allah’ın Messenger’ı (Allah ona salat ve selam eylesin) kendisine parfüm sürdüğü bir şişeye sahipti.”"
      }
    },
    {
      "id": 2,
      "idInBook": 2,
      "chapterId": 32,
      "bookId": 16,
      "arabic": "حَدَّثَنَا مُحَمَّدُ بْنُ بَشَّارٍ، قَالَ‏:‏ حَدَّثَنَا عَبْدُ الرَّحْمَنِ بْنُ مَهْدِيٍّ، قَالَ‏:‏ حَدَّثَنَا عَزْرَةُ بْنُ ثَابِتٍ، عَنْ ثُمَامَةَ بْنِ عَبْدِ اللهِ، قَالَ‏:‏ كَانَ أَنَسُ بْنُ مَالِكٍ، لا يَرُدُّ الطِّيبَ، وَقَالَ أَنَسٌ‏:‏ إِنَّ النَّبِيَّ صلى الله عليه وسلم كَانَ لا يَرُدُّ الطِّيبَ‏.‏",
      "english": {
        "narrator": "Thumama ibn 'Abdi’llah said:",
        "text": "“Anas ibn Malik did not reject perfume. Anas also said: ‘The Prophet (Allah bless him and give him peace) did not reject perfume'.”"
      },
      "turkish": {
        "narrator": "Thumama ibn 'Abdi’llah said:",
        "text": "Thumama ibn 'Abdi’llah dedi ki: “Anas ibn Malik parfümü reddetmedi. Anas ayrıca şöyle dedi: ‘Peygamber (Allah ona salat ve selam eylesin) parfümü reddetmedi.’”"
      }
    },
    {
      "id": 3,
      "idInBook": 3,
      "chapterId": 32,
      "bookId": 16,
      "arabic": "حَدَّثَنَا قُتَيْبَةُ بْنُ سَعِيدٍ، قَالَ‏:‏ حَدَّثَنَا ابْنُ أَبِي فُدَيْكٍ، عَنْ عَبْدِ اللهِ بْنِ مُسْلِمِ بْنِ جُنْدُبٍ، عَنْ أَبِيهِ، عَنِ ابْنِ عُمَرَ، قَالَ‏:‏ قَالَ رَسُولُ اللهِ صلى الله عليه وسلم‏:‏ ثَلاثٌ لا تُرَدُّ‏:‏ الْوَسَائِدُ، وَالدُّهْنُ، وَاللَّبَنُ‏.‏",
      "english": {
        "narrator": "Ibn 'Umar said:",
        "text": "\"Allah’s Messenger said (Allah bless him and give him peace): Three things are not to be rejected: cushions, oil and perfume, and milk.’”"
      },
      "turkish": {
        "narrator": "Ibn 'Umar said:",
        "text": "İbn 'Umar dedi ki: \"Allah’ın Messenger’ı (Allah ona salat ve selam eylesin) şöyle buyurdu: ‘Üç şey reddedilmez: yastıklar, yağ ve parfüm, ve süt.’”"
      }
    },
    {
      "id": 4,
      "idInBook": 4,
      "chapterId": 32,
      "bookId": 16,
      "arabic": "حَدَّثَنَا مَحْمُودُ بْنُ غَيْلانَ، قَالَ‏:‏ حَدَّثَنَا أَبُو دَاوُدَ الْحَفَرِيُّ، عَنْ سُفْيَانَ، عَنِ الْجُرَيْرِيِّ، عَنْ أَبِي نَضْرَةَ، عَنْ رَجُلٍ، عَنْ أَبِي هُرَيْرَةَ، قَالَ‏:‏ قَالَ رَسُولُ اللهِ صلى الله عليه وسلم‏:‏ طِيبُ الرِّجَالِ مَا ظَهَرَ رِيحُهُ، وَخَفِيَ لَوْنُهُ، وَطِيبُ النِّسَاءِ مَا ظَهَرَ لَوْنُهُ وَخَفِيَ رِيحُهُ‏.‏\n\nحَدَّثَنَا عَلِيُّ بْنُ حُجْرٍ، قَالَ‏:‏ أَنْبَأَنَا إِسْمَاعِيلُ بْنُ إِبْرَاهِيمَ، عَنِ الْجُرَيْرِيِّ، عَنْ أَبِي نَضْرَةَ، عَنِ الطُّفَاوِيِّ، عَنْ أَبِي هُرَيْرَةَ، عَنِ النَّبِيِّ صلى الله عليه وسلم، مِثْلَهُ بِمَعْنَاهُ‏.‏",
      "english": {
        "narrator": "Abu Huraira said:",
        "text": "\"Allah’s Messenger said (Allah bless him and give him peace): 'Men's perfume is perfume whose scent is apparent and whose color is not, and women's perfume is perfume\nwhose color is apparent and whose scent is not'.”"
      },
      "turkish": {
        "narrator": "Abu Huraira said:",
        "text": "Ebu Hureyre dedi ki: \"Allah’ın Messenger’ı (Allah ona salat ve selam eylesin) şöyle buyurdu: ‘Erkeklerin parfümü, kokusu belirgin olan ve rengi olmayan parfümdür; kadınların parfümü ise, rengi belirgin olan ve kokusu olmayan parfümdür.’”"
      }
    },
    {
      "id": 5,
      "idInBook": 5,
      "chapterId": 32,
      "bookId": 16,
      "arabic": "حَدَّثَنَا مُحَمَّدُ بْنُ خَلِيفَةَ، وَعَمْرُو بْنُ عَلِيٍّ، قَالا‏:‏ حَدَّثَنَا يَزِيدُ بْنُ زُرَيْعٍ، قَالَ‏:‏ حَدَّثَنَا حَجَّاجٌ الصَّوَّافُ، عَنْ حَنَانٍ، عَنْ أَبِي عُثْمَانَ النَّهْدِيِّ، قَالَ‏:‏ قَالَ رَسُولُ اللهِ صلى الله عليه وسلم‏:‏ إِذَا أُعْطِيَ أَحَدُكُمُ الرَّيْحَانَ فَلا يَرُدُّهُ، فَإِنَّهُ خَرَجَ مِنَ الْجَنَّةِ‏.‏",
      "english": {
        "narrator": "Abu 'Uthman al-Hindi said:",
        "text": "“Allah’s Messenger said (Allah bless him and give him peace): ‘If someone is given sweet basil, he should not reject it, for it comes from the Garden of Paradise!’\""
      },
      "turkish": {
        "narrator": "Abu 'Uthman al-Hindi said:",
        "text": "Ebu 'Uthman el-Hindi dedi ki: “Allah’ın Messenger’ı (Allah ona salat ve selam eylesin) şöyle buyurdu: ‘Eğer birine tatlı fesleğen verilirse, onu reddetmemelidir, çünkü bu Cennet Bahçesi’nden gelmektedir!’”"
      }
    },
    {
      "id": 6,
      "idInBook": 6,
      "chapterId": 32,
      "bookId": 16,
      "arabic": "حَدَّثَنَا عمر بن إسماعيل بن مجالد بن سعيد الهمذاني ‏,‏ حدثني أبي ‏,‏ عن بيان ‏,‏ عن قيس بن أبي حازم ‏,‏ عن جرير بن عبد الله قَالَ‏:‏عرضت بين يدى عمر بن الخطاب ‏,‏ فألقى جرير رداءه ‏,‏ ومشى في إزار ‏,‏ فقال له‏:‏ خذ رداءك ‏,‏ فقال للقوم‏:‏ ما رأيت رجلاً أحسن صورة من جرير ‏,‏ إلا ما بلغنا من صورة يوسف عليه السلام‏.‏‏.‏",
      "english": {
        "narrator": "Jarir ibn 'Abdi’llah reports:",
        "text": "\"I was brought before ‘Umar ibn al-Khattab (may Allah be well pleased with him), whereupon Jarir discarded his cloak and walked in his loincloth, so he said to him: 'Pick up your cloak!' ‘Umar then said to the group: 'I have not seen any man more handsome in form than Jarir, except what we have been told about the appearance of Joseph, the Champion of Truth (peace be upon him)'!”"
      },
      "turkish": {
        "narrator": "Jarir ibn 'Abdi’llah reports:",
        "text": "Jarir ibn 'Abdi’llah rivayet ediyor: \"Beni ‘Umar ibn al-Khattab’ın (Allah ondan razı olsun) huzuruna getirdiler, o sırada Jarir pelerini çıkardı ve bel örtüsüyle yürüdü, bunun üzerine ‘Umar ona: 'Pelerini al!' dedi. ‘Umar daha sonra gruba şöyle dedi: 'Jarir'den daha güzel bir adam görmedim, ancak Yusuf'un (selam üzerine olsun) görünüşü hakkında duyduklarımız hariç!'”"
      }
    }
  ],
  "chapter": {
    "id": 32,
    "bookId": 16,
    "arabic": "باب ما جاء في تعطررسول الله صلى الله عليه وسلم",
    "english": "Rasoolullah Using 'Itr"
  }
}