{
  "metadata": {
    "length": 9,
    "arabic": {
      "title": "الشمائل المحمدية",
      "author": "الإمام الترمذي",
      "introduction": "باب ما جاء في ضحك رسول الله صلى الله عليه وسلم"
    },
    "english": {
      "title": "Shama'il Muhammadiyah",
      "author": "Imam Tirmidhi",
      "introduction": "The Laughing Of Rasoolullah"
    }
  },
  "hadiths": [
    {
      "id": 1,
      "idInBook": 1,
      "chapterId": 34,
      "bookId": 16,
      "arabic": "حَدَّثَنَا أَحْمَدُ بْنُ مَنِيعٍ، قَالَ‏:‏ حَدَّثَنَا عَبَّادُ بْنُ الْعَوَّامِ، قَالَ‏:‏ أَخْبَرَنَا الْحَجَّاجُ وَهُوَ ابْنُ أَرْطَاةَ، عَنْ سِمَاكِ بْنِ حَرْبٍ، عَنْ جَابِرِ بْنِ سَمُرَةَ، قَالَ‏:‏ كَانَ فِي سَاقَيْ رَسُولِ اللهِ صلى الله عليه وسلم، حُمُوشَةٌ، وَكَانَ لا يَضْحَكُ إِلا تَبَسُّمًا، فَكُنْتُ إِذَا نَظَرْتُ إِلَيْهِ، قُلْتُ‏:‏ أَكْحَلُ الْعَيْنَيْنِ، وَلَيْسَ بِأَكْحَلَ‏.‏‏.‏",
      "english": {
        "narrator": "Jabir ibn Samura said (may Allah be well pleased with him):",
        "text": "\"There was a slenderness in the legs of Allah’s Messenger (Allah bless him and give him peace), and his laugh always took the\nform of a joyful smile, so when I looked at him, I said: 'His eyes are blackened , though and he is not black-eyed'!”"
      },
      "turkish": {
        "narrator": "Jabir ibn Samura said (may Allah be well pleased with him):",
        "text": "Cabir ibn Semura (Allah ondan razı olsun) dedi ki: \"Allah’ın Messengerinin (Allah ona salat ve selam eylesin) bacaklarında bir incelik vardı ve gülüşü her zaman neşeli bir gülümseme şeklindeydi, bu yüzden ona baktığımda, 'Gözleri kararmış, ama kara gözlü değil!' dedim!\""
      }
    },
    {
      "id": 2,
      "idInBook": 2,
      "chapterId": 34,
      "bookId": 16,
      "arabic": "حَدَّثَنَا قُتَيْبَةُ بْنُ سَعِيدٍ، قَالَ‏:‏ أَخْبَرَنَا ابْنُ لَهِيعَةَ، عَنْ عُبَيْدِ اللهِ بْنِ الْمُغِيرَةِ، عَنْ عَبْدِ اللهِ بْنِ الْحَارِثِ بْنِ جَزْءٍ، أَنَّهُ قَالَ‏:‏ مَا رَأَيْتُ أَحَدًا أَكْثَرَ تَبَسُّمًا مِنْ رَسُولِ اللهِ صلى الله عليه وسلم‏.‏‏.‏",
      "english": {
        "narrator": "‘Abdullah ibn al-Harith ibn Jaz said (may Allah be well pleased with him):",
        "text": "\"I have not seen anyone with a more cheerful countenance than Allah's Messenger (Allah bless him and give him peace)!\""
      },
      "turkish": {
        "narrator": "‘Abdullah ibn al-Harith ibn Jaz said (may Allah be well pleased with him):",
        "text": "Abdullah ibn Harith ibn Caz (Allah ondan razı olsun) dedi ki: \"Allah’ın Messengerinden (Allah ona salat ve selam eylesin) daha neşeli bir yüz ifadesine sahip birini görmedim!\""
      }
    },
    {
      "id": 3,
      "idInBook": 3,
      "chapterId": 34,
      "bookId": 16,
      "arabic": "حَدَّثَنَا أَحْمَدُ بْنُ خَالِدٍ الْخَلالُ، قَالَ‏:‏ حَدَّثَنَا يَحْيَى بْنُ إِسْحَاقَ السَّيْلَحَانِيُّ، قَالَ‏:‏ حَدَّثَنَا لَيْثُ بْنُ سَعْدٍ، عَنْ يَزِيدَ بْنِ أَبِي حَبِيبٍ، عَنْ عَبْدِ اللهِ بْنِ الْحَارِثِ، قَالَ‏:‏ مَا كَانَ ضَحِكُ رَسُولِ اللهِ صلى الله عليه وسلم إِلا تَبَسُّمًا‏.‏‏.‏",
      "english": {
        "narrator": "Abdullah ibn al-Harith said (may Allah be well pleased with him):",
        "text": "“The laughter of Allah’s Messenger (Allah bless him and give him peace) was nothing but a joyful smile.”"
      },
      "turkish": {
        "narrator": "Abdullah ibn al-Harith said (may Allah be well pleased with him):",
        "text": "Abdullah ibn Harith (Allah ondan razı olsun) dedi ki: \"Allah’ın Messengerinin (Allah ona salat ve selam eylesin) gülüşü sadece neşeli bir gülümsemeydi.\""
      }
    },
    {
      "id": 4,
      "idInBook": 4,
      "chapterId": 34,
      "bookId": 16,
      "arabic": "حَدَّثَنَا أَبُو عَمَّارٍ الْحُسَيْنُ بْنُ حُرَيْثٍ، قَالَ‏:‏ حَدَّثَنَا وَكِيعٌ، قَالَ‏:‏ حَدَّثَنَا الأَعْمَشُ، عَنِ الْمَعْرُورِ بْنِ سُوَيْدٍ، عَنْ أَبِي ذَرٍّ، قَالَ‏:‏ قَالَ رَسُولُ اللهِ صلى الله عليه وسلم‏:‏ إِنِّي لأَعْلَمُ أَوَّلَ رَجُلٍ يَدْخُلُ الْجَنَّةَ، وَآخَرَ رَجُلٍ يَخْرُجُ مِنَ النَّارِ، يُؤْتَى بِالرَّجُلِ يَوْمَ الْقِيَامَةِ، فَيُقَالُ‏:‏ اعْرِضُوا عَلَيْهِ صِغَارَ ذُنُوبِهِ وَيُخَبَّأُ عَنْهُ كِبَارُهَا، فَيُقَالُ لَهُ‏:‏ عَمِلْتَ يَوْمَ كَذَا وَكَذَا، كَذَا، وَهُوَ مُقِرٌّ، لا يُنْكِرُ، وَهُوَ مُشْفِقٌ مِنْ كِبَارِهَا، فَيُقَالُ‏:‏ أَعْطُوهُ مَكَانَ كُلِّ سَيِّئَةٍ عَمِلَهَا حَسَنَةً، فَيَقُولُ‏:‏ إِنَّ لِي ذُنُوبًا مَا أَرَاهَا هَاهُنَا‏.‏‏.‏",
      "english": {
        "narrator": "Abu Dharr said (may Allah be well pleased with him):",
        "text": "“Allah’s Messenger said (Allah bless him and give him peace): \"I surely know the first man who will enter the Garden of Paradise, and the last man who will emerge from the Fire of Hell. The man will be brought forth on the Day of Resurrection, and the command will be given: “Show him his minor sins, and let his major sins be hidden from him!” He will therefore be told: “On such-and-such a day, you committed such-and-such and such-and-such sins!” He will acknowledge  and not disavow them and he will be fearful of those sins that are major offenses, so the command will be given: “In place of every bad deed he committed, grant him a good deed!” He will therefore say: “I am guilty of sins that I do not see here!” Abu Dharr said: “I saw Allah’s Messenger (Allah bless him and give him peace) smile so broadly that his molar teeth showed!”"
      },
      "turkish": {
        "narrator": "Abu Dharr said (may Allah be well pleased with him):",
        "text": "Ebu Zer (Allah ondan razı olsun) dedi ki: \"Allah’ın Messengerı (Allah ona salat ve selam eylesin) şöyle dedi: 'Cennete girecek ilk adamı ve cehennem ateşinden çıkacak son adamı kesinlikle biliyorum. O adam, kıyamet gününde getirilecek ve ona denilecek: “Küçük günahlarını gösterin, büyük günahlarını ise ondan gizleyin!” O zaman ona denilecek: “Şu günde, şu ve şu günahları işledin!” O da kabul edecek ve inkar etmeyecek, büyük günahlarından korkacak, bu yüzden ona denilecek: “İşlediği her kötü amelin yerine, ona bir iyi amel verin!” O da şöyle diyecek: “Burada görmediğim günahlarım var!” Ebu Zer dedi ki: \"Allah’ın Messengerını (Allah ona salat ve selam eylesin) o kadar geniş gülümserken gördüm ki, azı dişleri görünüyordu!\""
      }
    },
    {
      "id": 5,
      "idInBook": 5,
      "chapterId": 34,
      "bookId": 16,
      "arabic": "حَدَّثَنَا أَحْمَدُ بْنُ مَنِيعٍ، قَالَ‏:‏ حَدَّثَنَا مُعَاوِيَةُ بْنُ عَمْرٍو، قَالَ‏:‏ حَدَّثَنَا زَائِدَةُ، عَنْ بَيَانٍ، عَنْ قَيْسِ بْنِ أَبِي حَازِمٍ، عَنْ جَرِيرِ بْنِ عَبْدِ اللهِ، قَالَ‏:‏ مَا حَجَبَنِي رَسُولُ اللهِ صلى الله عليه وسلم مُنْذُ أَسْلَمْتُ، وَلا رَآنِي إِلا ضَحِكَ‏.‏‏.‏",
      "english": {
        "narrator": "Jarir ibn ‘Abdi’llah said (may Allah be well pleased with him):",
        "text": "“Allah’s Messenger (Allah bless him and give him peace) did not shun me from the time when I embraced Islam, and he never saw me without laughing.”"
      },
      "turkish": {
        "narrator": "Jarir ibn ‘Abdi’llah said (may Allah be well pleased with him):",
        "text": "Cerir ibn Abdullah (Allah ondan razı olsun) dedi ki: \"Allah’ın Messengerı (Allah ona salat ve selam eylesin) İslam’ı kabul ettiğim günden beri benden uzak durmadı ve beni hiç gülmeden görmedi.\""
      }
    },
    {
      "id": 6,
      "idInBook": 6,
      "chapterId": 34,
      "bookId": 16,
      "arabic": "حَدَّثَنَا أَحْمَدُ بْنُ مَنِيعٍ، قَالَ‏:‏ حَدَّثَنَا مُعَاوِيَةُ بْنُ عَمْرٍو، قَالَ‏:‏ حَدَّثَنَا زَائِدَةُ، عَنِ إِسْمَاعِيلَ بْنِ أَبِي خَالِدٍ، عَنْ قَيْسٍ، عَنْ جَرِيرٍ، قَالَ‏:‏ مَا حَجَبَنِي رَسُولُ اللهِ صلى الله عليه وسلم، وَلا رَآنِي مُنْذُ أَسْلَمْتُ إِلا تَبَسَّمَ‏.‏",
      "english": {
        "narrator": "",
        "text": "Same as the above hadith."
      },
      "turkish": {
        "narrator": "",
        "text": "Yukarıdaki hadisle aynı."
      }
    },
    {
      "id": 7,
      "idInBook": 7,
      "chapterId": 34,
      "bookId": 16,
      "arabic": "حَدَّثَنَا هَنَّادُ بْنُ السَّرِيِّ، قَالَ‏:‏ حَدَّثَنَا أَبُو مُعَاوِيَةَ، عَنِ الأَعْمَشِ، عَنِ إِبْرَاهِيمَ، عَنْ عَبِيدَةَ السَّلْمَانِيِّ، عَنْ عَبْدِ اللهِ بْنِ مَسْعُودٍ، قَالَ‏:‏ قَالَ رَسُولُ اللهِ صلى الله عليه وسلم‏:‏ إِنِّي لأَعْرفُ آخِرَ أَهْلِ النَّارِ خُرُوجًا، رَجُلٌ يَخْرُجُ مِنْهَا زَحْفًا، فَيُقَالُ لَهُ‏:‏ انْطَلِقْ فَادْخُلِ الْجَنَّةَ، قَالَ‏:‏ فَيَذْهَبُ لِيَدْخُلَ الْجَنَّةَ، فَيَجِدُ النَّاسَ قَدْ أَخَذُوا الْمَنَازِلَ، فَيَرْجِعُ فَيَقُولُ‏:‏ يَا رَبِّ، قَدْ أَخَذَ النَّاسُ الْمَنَازِلَ، فَيُقَالُ لَهُ‏:‏ أَتَذْكُرُ الزَّمَانَ الَّذِي كُنْتَ فِيهِ، فَيَقُولُ‏:‏ نَعَمْ، قَالَ‏:‏ فَيُقَالُ لَهُ‏:‏ تَمَنَّ، قَالَ‏:‏ فَيَتَمَنَّى، فَيُقَالُ لَهُ‏:‏ فَإِنَّ لَكَ الَّذِي تَمَنَّيْتَ وَعَشَرَةَ أَضْعَافِ الدُّنْيَا، قَالَ‏:‏ فَيَقُولُ‏:‏ تَسْخَرُ بِي وَأَنْتَ الْمَلِكُ قَالَ‏:‏ فَلَقَدْ رَأَيْتُ رَسُولَ اللهِ صلى الله عليه وسلم، ضَحِكَ، حَتَّى بَدَتْ نَوَاجِذُهُ‏.‏",
      "english": {
        "narrator": "Abdullah ibn Mas'ud said (may Allah be well pleased with him):",
        "text": "\"Allah’s Messenger said (Allah bless him and give him peace): “I am well aware of the last person to emerge from the Hellfire. After crawling out, he will be told: ‘Go and enter the Garden of Paradise!’ He will therefore enter the Garden of Paradise, but he will find that the people have occupied the abodes, so he will return and say: ‘O my Lord, the people have occupied the abodes!’ He will therefore be asked: ‘Do you remember the time you were in?’ He will say: ‘Yes,’ so he will be told: ‘Make a wish!’ He will make a wish, whereupon he will be told: ‘You have what you wished for, and this world ten times over!’ He will then say: ‘Are you, the Sovereign, mocking me?”’ He  said: “I saw Allah’s Messenger (Allah bless him and give him peace) grin so broadly that his molar teeth showed!”"
      },
      "turkish": {
        "narrator": "Abdullah ibn Mas'ud said (may Allah be well pleased with him):",
        "text": "Abdullah ibn Mes'ud (Allah ondan razı olsun) dedi ki: \"Allah’ın Messengerı (Allah ona salat ve selam eylesin) şöyle dedi: 'Cehennem ateşinden çıkacak son kişiyi iyi biliyorum. Emekleyerek çıktığında ona denilecek: ‘Git ve cennete gir!’ O da cennete girecek, ama insanların yerleri kapladığını görecek, bu yüzden geri dönecek ve şöyle diyecek: ‘Ey Rabbim, insanlar yerleri kapladı!’ O zaman ona denilecek: ‘O zaman içinde bulunduğun zamanı hatırlıyor musun?’ O da: ‘Evet,’ diyecek, bu yüzden ona denilecek: ‘Bir dilek tut!’ O dilek tutacak, bunun üzerine ona denilecek: ‘Dilediğin şey senin, ve bu dünyadan on kat fazlası!’ O da: ‘Ey hükümdar, benimle alay mı ediyorsun?’ dedi. O şöyle dedi: \"Allah’ın Messengerını (Allah ona salat ve selam eylesin) o kadar geniş gülümserken gördüm ki, azı dişleri görünüyordu!\""
      }
    },
    {
      "id": 8,
      "idInBook": 8,
      "chapterId": 34,
      "bookId": 16,
      "arabic": "حَدَّثَنَا قُتَيْبَةُ بْنُ سَعِيدٍ، قَالَ‏:‏ حَدَّثَنَا أَبُو الأَحْوَصِ، عَنْ أَبِي إِسْحَاقَ، عَنْ عَلِيِّ بْنِ رَبِيعَةَ، قَالَ‏:‏ شَهِدْتُ عَلِيًّا، أُتِيَ بِدَابَّةٍ لِيَرْكَبَهَا فَلَمَّا وَضَعَ رِجْلَهُ فِي الرِّكَابِ، قَالَ‏:‏ بِسْمِ اللهِ، فَلَمَّا اسْتَوَى عَلَى ظَهْرِهَا، قَالَ‏:‏ الْحَمْدُ لِلَّهِ، ثُمَّ قَالَ‏:‏ سُبْحَانَ الَّذِي سَخَّرَ لَنَا هَذَا وَمَا كُنَّا لَهُ مُقْرِنِينَ وَإِنَّا إِلَى رَبِّنَا لَمُنْقَلِبُونَ، ثُمَّ قَالَ‏:‏ الْحَمْدُ لِلَّهِ ثَلاثًا، وَاللَّهُ أَكْبَرُ ثَلاثًا، سُبْحَانَكَ إِنِّي ظَلَمْتُ نَفْسِي، فَاغْفِرْ لِي فَإِنَّهُ لا يَغْفِرُ الذُّنُوبَ إِلا أَنْتَ، ثُمَّ ضَحِكَ فَقُلْتُ‏:‏ مِنْ أَيِّ شَيْءٍ ضَحِكْتَ يَا أَمِيرَ الْمُؤْمِنِينَ‏؟‏ قَالَ‏:‏ رَأَيْتُ رَسُولَ اللهِ صلى الله عليه وسلم صَنَعَ كَمَا صَنَعْتُ ثُمَّ ضَحِكَ، فَقُلْتُ‏:‏ مِنْ أَيِّ شَيْءٍ ضَحِكْتَ يَا رَسُولَ اللهِ‏؟‏ قَالَ‏:‏ إِنَّ رَبَّكَ لَيَعْجَبُ مِنْ عَبْدِهِ، إِذَا قَالَ‏:‏ رَبِّ اغْفِرْ لِي ذُنُوبِي، إِنَّهُ لا يَغْفِرُ الذُّنُوبَ غَيْرُكَ‏.‏‏",
      "english": {
        "narrator": "'Ali ibn Rabi'a said:",
        "text": "\"I was present when 'Ali (may Allah be well pleased with him) had an animal brought for him to ride. When he placed his foot in the stirrup, he said: “In the Name of Allah . (Al-Qur'an;43:13-14)Then he said: “Praise be to Allah,” three times, and: “Allah is Supremely Great,” three times, then: “Glory be to You! I have wronged myself, so forgive me, for no one forgives sins but You!” Then he laughed, so I said to him: “What has made you laugh, O Commander of the Believers?” He said: “I saw Allah’s Messenger (Allah bless him and give him peace) do just as I did now, after which he laughed, so I said: \"What has made you laugh, O Messenger of Allah?\" He replied: ‘Your Lord surely marvels at His servant when he says: “My Lord, forgive me my sins,\nknowing that no one but He forgives sins'!”"
      },
      "turkish": {
        "narrator": "'Ali ibn Rabi'a said:",
        "text": "Ali ibn Rabi'a dedi ki: \"Ali (Allah ondan razı olsun) için bir hayvan getirildiğinde ben de oradaydım. Ayağını üzengiye koyduğunda: “Allah’ın adıyla.” (Kur'an; 43:13-14) dedi. Sonra: “Hamd, Allah’a aittir,” üç kez ve: “Allah en büyüktür,” üç kez söyledi, ardından: “Sana hamd olsun! Kendime zulmettim, beni affet, çünkü günahları affeden yalnızca Sensin!” dedi. Sonra güldü, ben de ona: “Seni güldüren nedir, Ey Müminlerin Emiri?” dedim. O da: “Allah’ın Messengerını (Allah ona salat ve selam eylesin) şimdi yaptığım gibi yaparken gördüm, ardından güldü, ben de ona: 'Seni güldüren nedir, Ey Allah’ın Messengerı?' dedim. O da: ‘Senin Rabbin, kullarından birinin: “Rabbim, günahlarımı affet,” dediğini duyduğunda gerçekten hayret eder!’ dedi.\""
      }
    },
    {
      "id": 9,
      "idInBook": 9,
      "chapterId": 34,
      "bookId": 16,
      "arabic": "حَدَّثَنَا مُحَمَّدُ بْنُ بَشَّارٍ، قَالَ‏:‏ حَدَّثَنَا مُحَمَّدُ بْنُ عَبْدِ اللهِ الأَنْصَارِيُّ، قَالَ‏:‏ حَدَّثَنَا عَبْدُ اللهِ بْنُ عَوْنٍ، عَنْ مُحَمَّدِ بْنِ مُحَمَّدِ بْنِ الأَسْوَدِ، عَنْ عَامِرِ بْنِ سَعْدٍ، قَالَ‏:‏ قَالَ سَعْدٌ‏:‏ لَقَدْ رَأَيْتُ النَّبِيَّ صلى الله عليه وسلم، ضَحِكَ يَوْمَ الْخَنْدَقِ حَتَّى بَدَتْ نَوَاجِذُهُ قَالَ‏:‏ قُلْتُ‏:‏ كَيْفَ كَانَ‏؟‏ قَالَ‏:‏ كَانَ رَجُلٌ مَعَهُ تُرْسٌ، وَكَانَ سَعْدٌ رَامِيًا، وَكَانَ يَقُولُ كَذَا وَكَذَا بِالتُّرْسِ يُغَطِّي جَبْهَتَهُ، فَنَزَعَ لَهُ سَعْدٌ بِسَهْمٍ، فَلَمَّا رَفَعَ رَأْسَهُ رَمَاهُ فَلَمْ يُخْطِئْ هَذِهِ مِنْهُ يَعْنِي جَبْهَتَهُ وَانْقَلَبَ الرَّجُلُ، وَشَالَ بِرِجْلِهِ‏:‏ فَضَحِكَ النَّبِيُّ صلى الله عليه وسلم حَتَّى بَدَتْ نَوَاجِذُهُ قَالَ‏:‏ قُلْتُ‏:‏ مِنْ أَيِّ شَيْءٍ ضَحِكَ‏؟‏ قَالَ‏:‏ مِنْ فِعْلِهِ بِالرَّجُلِ‏.‏",
      "english": {
        "narrator": "'Amir ibn Sa'd said:",
        "text": "“Sa'd  said: ‘I had seen the Prophet (Allah bless him and give him peace) laugh at the Battle of the Trench, so hard that his molar teeth became apparent.’ I said: ‘How was his laughter?’ He said: ‘There was a man holding a shield while Sa'd was shooting, and the man was saying such-and-such and such-and-such, with the shield covering his forehead. Sa'd therefore aimed an arrow at him and shot it when he raised his head, so it did not miss this part of him — meaning his forehead — and the man toppled over and kicked up his foot. The Prophet (Allah bless him and give him peace) then laughed so much that his molar teeth became apparent.’ I asked: ‘What made him laugh?’ He replied: ‘What he did to the man!”"
      },
      "turkish": {
        "narrator": "'Amir ibn Sa'd said:",
        "text": "Amir ibn Sa'd dedi ki: \"Sa'd dedi ki: ‘Ben, Peygamberi (Allah ona salat ve selam eylesin) Hendek Savaşı'nda o kadar gülerken gördüm ki, azı dişleri görünüyordu.’ Ben de: ‘Gülüşü nasıldı?’ dedim. O: ‘Bir adam kalkan tutuyordu, Sa'd ok atarken, adam şöyle diyordu, kalkanı alnını kapatıyordu. Sa'd ona ok attı ve başını kaldırdığında vurdu, bu yüzden bu kısmı — yani alnını — ıskalamadı ve adam devrildi ve ayağını kaldırdı. Peygamber (Allah ona salat ve selam eylesin) o kadar güldü ki, azı dişleri görünüyordu.’ Ben de: ‘Onu güldüren neydi?’ diye sordum. O: ‘Adamın yaptığı şey!’ diye yanıtladı.\""
      }
    }
  ],
  "chapter": {
    "id": 34,
    "bookId": 16,
    "arabic": "باب ما جاء في ضحك رسول الله صلى الله عليه وسلم",
    "english": "The Laughing Of Rasoolullah"
  }
}