{
  "metadata": {
    "length": 1,
    "arabic": {
      "title": "الشمائل المحمدية",
      "author": "الإمام الترمذي",
      "introduction": "باب ما جاء في كلام رسول الله صلى الله عليه وسلم في السمر"
    },
    "english": {
      "title": "Shama'il Muhammadiyah",
      "author": "Imam Tirmidhi",
      "introduction": "Story Telling Of Rasoolullah At Night"
    }
  },
  "hadiths": [
    {
      "id": 1,
      "idInBook": 1,
      "chapterId": 37,
      "bookId": 16,
      "arabic": "حَدَّثَنَا الْحَسَنُ بْنُ صَبَّاحٍ الْبَزَّارُ، قَالَ‏:‏ حَدَّثَنَا أَبُو النَّضْرِ، قَالَ‏:‏ حَدَّثَنَا أَبُو عَقِيلٍ الثَّقَفِيُّ عَبْدُ اللهِ بْنُ عَقِيلٍ، عَنْ مُجَالِدٍ، عَنِ الشَّعْبِيِّ، عَنْ مَسْرُوقٍ، عَنْ عَائِشَةَ، قَالَتْ‏:‏ حَدَّثَ رَسُولُ اللهِ صلى الله عليه وسلم، ذَاتَ لَيْلَةٍ نِسَاءَهُ حَدِيثًا، فَقَالَتِ امْرَأَةٌ مِنْهُنَّ‏:‏ كَأَنَّ الْحَدِيثَ حَدِيثُ خُرَافَةَ، فَقَالَ‏:‏ أَتَدْرُونَ مَا خُرَافَةُ‏؟‏ إِنَّ خُرَافَةَ كَانَ رَجُلا مِنْ عُذْرَةَ، أَسَرَتْهُ الْجِنُّ فِي الْجَاهِلِيَّةِ، فَمَكَثَ فِيهِمْ دَهْرًا، ثُمَّ رَدُّوهُ إِلَى الإِنْسِ، فَكَانَ يُحَدِّثُ النَّاسَ بِمَا رَأَى فِيهِمْ مِنَ الأَعَاجِيبِ، فَقَالَ النَّاسُ‏:‏ حَدِيثُ خُرَافَةَ‏.‏",
      "english": {
        "narrator": "'Ai'sha said:",
        "text": "\"Allah’s Messenger (Allah bless him and give him peace) told his wives a story one night, and one of them said: “It sounds like a fable of Khurafa!” He said: “Do you know what that means? Khurafa was a man from , so he stayed with them for a long time, then they returned him to his people. He used to tell the people about the marvels that he saw among them, so the people said: ‘The fable of Khurafa.'”"
      },
      "turkish": {
        "narrator": "'Ai'sha said:",
        "text": "Aişe dedi ki: \"Allah'ın Elçisi (Allah ona salat ve selam eylesin) bir gece eşlerine bir hikaye anlattı, ve onlardan biri: 'Bu, Khurafa'nın masalı gibi geliyor!' dedi. O da: 'Biliyor musunuz bunun anlamını? Khurafa, bir adamdı, onlarla uzun süre kaldı, sonra onu kendi halkına geri gönderdiler. Onlara arasında gördüğü harikaları anlatırdı, bu yüzden insanlar: 'Khurafa'nın masalı' dediler.\""
      }
    }
  ],
  "chapter": {
    "id": 37,
    "bookId": 16,
    "arabic": "باب ما جاء في كلام رسول الله صلى الله عليه وسلم في السمر",
    "english": "Story Telling Of Rasoolullah At Night"
  }
}