{"metadata":{"length":5,"arabic":{"title":"الشمائل المحمدية","author":"الإمام الترمذي","introduction":"باب ما جاء في ترجل رسول الله صلى الله عليه وسلم"},"english":{"title":"Shama'il Muhammadiyah","author":"Imam Tirmidhi","introduction":"The Combing Of The Hair Of Rasoolullah"}},"hadiths":[{"id":1,"idInBook":1,"chapterId":4,"bookId":16,"arabic":"حدثنا إسحاق بن موسى الأنصاري، حدثنا مَعْن بن عيسى، حدثنا مالك بن أنس، عَنْ هِشَامِ بْنِ عُرْوَةَ، عَنْ أَبِيهِ، عَنْ عَائِشَةَ، قَالَتْ‏:‏ كُنْتُ أُرَجِّلُ رَأْسَ رَسُولِ اللَّهِ صلى الله عليه وسلم وَأَنَا حَائِضٌ‏.‏","english":{"narrator":"A’isha said:","text":"“I used to comb the hair of Allah’s Messenger (Allah bless him and give him peace) while I was menstruating.”"}},{"id":2,"idInBook":2,"chapterId":4,"bookId":16,"arabic":"حَدَّثَنَا يُوسُفُ بْنُ عِيسَى، قَالَ‏:‏ حَدَّثَنَا وَكِيعٌ، قَالَ‏:‏ حَدَّثَنَا الرَّبِيعُ بْنُ صَبِيحٍ، عَنْ يَزِيدَ بْنِ أَبَانَ هُوَ الرَّقَاشِيُّ، عَنْ أَنَسِ بْنِ مَالِكٍ، قَالَ‏:‏ كَانَ رَسُولُ اللهِ صلى الله عليه وسلم يُكْثِرُ دَهْنَ رَأْسِهِ وَتَسْرِيحَ لِحْيَتِهِ، وَيُكْثِرُ الْقِنَاعَ حَتَّى كَأَنَّ ثَوْبَهُ، ثَوْبُ زَيَّاتٍ‏.‏","english":{"narrator":"Anas ibn Malik said:","text":"“Allah’s Messenger (Allah bless him and give him peace) made a frequent practice of oiling his head and combing his beard, and he often wore the head veil, so it was as if his\nrobe was the robe of an oil dealer.”"}},{"id":3,"idInBook":3,"chapterId":4,"bookId":16,"arabic":"حَدَّثَنَا هَنَّادُ بْنُ السَّرِيِّ، قَالَ‏:‏ حَدَّثَنَا أَبُو الأَحْوَصِ، عَنِ الأَشْعَثِ بْنِ أَبِي الشَّعْثَاءِ، عَنْ أَبِيهِ، عَنْ مَسْرُوقٍ، عَنْ عَائِشَةَ، قَالَتْ‏:‏ إِنْ كَانَ رَسُولُ اللهِ صلى الله عليه وسلم لَيُحِبُّ التَّيَمُّنَ فِي طُهُورِهِ إِذَا تَطَهَّرَ، وَفِي تَرَجُّلِهِ إِذَا تَرَجَّلَ، وَفِي انْتِعَالِهِ إِذَا انْتَعَلَ‏.‏","english":{"narrator":"'A’isha said:","text":"“Allah’s Messenger (Allah bless him and give him peace) used to love tayammun  in his ritual purification when\nhe purified himself, in his combing when he combed his hair, and putting on his shoes when he donned them.”"}},{"id":4,"idInBook":4,"chapterId":4,"bookId":16,"arabic":"حَدَّثَنَا مُحَمَّدُ بْنُ بَشَّارٍ، قَالَ‏:‏ حَدَّثَنَا يَحْيَى بْنُ سَعِيدٍ، عَنْ هِشَامِ بْنِ حَسَّانَ، عَنِ الْحَسَنِ، عَنْ عَبْدِ اللهِ بْنِ مُغَفَّلٍ، قَالَ‏:‏ نَهَى رَسُولُ اللهِ صلى الله عليه وسلم عنِ التَّرَجُّلِ، إِلا غِبًّا‏.‏","english":{"narrator":"'Abdullah ibn Mughaffal said:","text":"\"Allah’s Messenger (Allah bless him and give him peace) forbade combing except at intervals.”"}},{"id":5,"idInBook":5,"chapterId":4,"bookId":16,"arabic":"حَدَّثَنَا الْحَسَنُ بْنُ عَرَفَةَ، قَالَ‏:‏ حَدَّثَنَا عَبْدُ السَّلامِ بْنُ حَرْبٍ، عَنْ يَزِيدَ بْنِ أَبِي خَالِدٍ، عَنْ أَبِي الْعَلاءِ الأَوْدِيِّ، عَنْ حُمَيْدِ بْنِ عَبْدِ الرَّحْمَنِ، عَنْ رَجُلٍ مِنْ أَصْحَابِ النَّبِيِّ صلى الله عليه وسلم‏:‏ أَنَّ النَّبِيَّ صلى الله عليه وسلم، كَانَ يَتَرَجَّلُ غِبًّا‏.‏","english":{"narrator":"Humaid ibn 'Abd ar-Rahman relates on the authority of a man from among the Companions of the Prophet (Allah bless him and give him peace):","text":"\"The Prophet (Allah bless him and give him peace) used to comb his hair at intervals.”"}}],"chapter":{"id":4,"bookId":16,"arabic":"باب ما جاء في ترجل رسول الله صلى الله عليه وسلم","english":"The Combing Of The Hair Of Rasoolullah"}}