{"metadata":{"length":8,"arabic":{"title":"الشمائل المحمدية","author":"الإمام الترمذي","introduction":"باب صلاة الضحى"},"english":{"title":"Shama'il Muhammadiyah","author":"Imam Tirmidhi","introduction":"Salaatut Duha (Chaast Prayers)"}},"hadiths":[{"id":1,"idInBook":1,"chapterId":41,"bookId":16,"arabic":"حَدَّثَنَا مَحْمُودُ بْنُ غَيْلانَ، قَالَ‏:‏ حَدَّثَنَا أَبُو دَاوُدَ الطَّيَالِسِيُّ، قَالَ‏:‏ حَدَّثَنَا شُعْبَةُ، عَنْ يَزِيدَ الرِّشْكِ، قَالَ‏:‏ سَمِعْتُ مُعَاذَةَ، قَالَتْ‏:‏ قُلْتُ لِعَائِشَةَ‏:‏ أَكَانَ النَّبِيُّ صلى الله عليه وسلم يُصَلِّي الضُّحَى‏؟‏\nقَالَتْ‏:‏ نَعَمْ، أَرْبَعَ رَكَعَاتٍ، وَيَزِيدُ مَا شَاءَ اللَّهُ عَزَّ وَجَلَّ‏.‏","english":{"narrator":"Mu'adha said:","text":"\"I asked ‘A'isha (may Allah the Exalted be well pleased with her): “Did the Prophet (Allah bless him and give him peace) perform the mid-morning ritual prayer?” She said: “Yes, four cycles, and he used to add whatever Allah wished (Almighty and Glorious is He).”"}},{"id":2,"idInBook":2,"chapterId":41,"bookId":16,"arabic":"حَدَّثَنَا مُحَمَّدُ بْنُ الْمُثَنَّى، قَالَ‏:‏ حَدَّثَنِي حَكِيمُ بْنُ مُعَاوِيَةَ الزِّيَادِيُّ، قَالَ‏:‏ حَدَّثَنَا زِيَادُ بْنُ عُبَيْدِ اللهِ بْنِ الرَّبِيعِ الزِّيَادِيُّ، عَنْ حُمَيْدٍ الطَّوِيلِ، عَنْ أَنَسِ بْنِ مَالِكٍ‏:‏ أَنَّ النَّبِيَّ صلى الله عليه وسلم، كَانَ يُصَلِّي الضُّحَى سِتَّ رَكَعَاتٍ‏.‏","english":{"narrator":"Anas ibn Maik said:","text":"“The Prophet (Allah bless him and give him peace) used to perform the mid-morning ritual prayer in six cycles.”"}},{"id":3,"idInBook":3,"chapterId":41,"bookId":16,"arabic":"حَدَّثَنَا مُحَمَّدُ بْنُ الْمُثَنَّى، قَالَ‏:‏ حَدَّثَنَا مُحَمَّدُ بْنُ جَعْفَرٍ، قَالَ‏:‏ حَدَّثَنَا شُعْبَةُ، عَنْ عَمْرِو بْنِ مُرَّةَ، عَنْ عَبْدِ الرَّحْمَنِ بْنِ أَبِي لَيْلَى، قَالَ‏:‏ مَا أَخْبَرَنِي أَحَدٌ، أَنَّهُ رَأَى النَّبِيَّ صلى الله عليه وسلم يُصَلِّي الضُّحَى إِلا أُمُّ هَانِئٍ، فَإِنَّهَا حَدَّثَتْ أَنَّ رَسُولَ اللهِ صلى الله عليه وسلم، دَخَلَ بَيْتَهَا يَوْمَ فَتْحِ مَكَّةَ فَاغْتَسَلَ فَسَبَّحَ ثَمَانِيَ رَكَعَاتٍ مَا رَأَيْتُهُ صلى الله عليه وسلم، صَلَّى صَلاةً قَطُّ أَخَفَّ مِنْهَا، غَيْرَ أَنَّهُ كَانَ يُتِمُّ الرُّكُوعَ وَالسُّجُودَ‏.‏","english":{"narrator":"'Abd ar-Rahman ibn Abi Laila said:","text":"“I have never heard anyone mention seeing the Prophet (Allah bless him and give him peace) performing the mid¬morning ritual prayer except Umm Hani (may Allah the Exalted be well pleased with her). “She related that Allah’s Messenger (Allah bless him and give him peace) entered her house on the Day of the Conquest of Mecca, whereupon he performed the major ritual ablution and glorified Allah in eight cycles. I never saw him (Allah bless him and give him peace) perform a ritual prayer in a more abbreviated form than that, even though he completed the bowing !”"}},{"id":4,"idInBook":4,"chapterId":41,"bookId":16,"arabic":"حدثنا ابن أبي عمر ‏,‏ حدثنا وكيع، حدثنا كهمس بن الحسن، عن عبد الله بن شقيق قال‏:‏ قلت لعائشة‏:‏ أكان النبي صلى الله عليه وسلم يصلي الضحى‏؟‏\nقالت‏:‏لا إلا يجىء من مغيبه‏.‏","english":{"narrator":"'Abdu’llah ibn Shaqiq said:","text":"“I asked 'A'isha (may Allah the Exalted be well pleased with her): ‘Was the Prophet (Allah bless him and give him peace) used to performing the mid-morning ritual prayer?’ She said: ‘No, except when he was coming back from an absence.'\""}},{"id":5,"idInBook":5,"chapterId":41,"bookId":16,"arabic":"حَدَّثَنَا زِيَادُ بْنُ أَيُّوبَ الْبَغْدَادِيُّ، قَالَ‏:‏ حَدَّثَنَا مُحَمَّدُ بْنُ رَبِيعَةَ، عَنْ فُضَيْلِ بْنِ مَرْزُوقٍ، عَنْ عَطِيَّةَ، عَنْ أَبِي سَعِيدٍ الْخُدْرِيِّ، قَالَ‏:‏ كَانَ النَّبِيُّ صلى الله عليه وسلم، يُصَلِّي الضُّحَى حَتَّى نَقُولَ‏:‏ لا يَدَعُهَا، وَيَدَعُهَا حَتَّى نَقُولَ‏:‏ لا يُصَلِّيهَا‏.‏","english":{"narrator":"Abi Sa'id al-Khudri said (may Allah the Exalted be well pleased with him):","text":"\"The Prophet (Allah bless him and give him peace) would perform the mid-morning ritual prayer so often that we would say: “He does not omit it,” and he would omit it so often that we would say: “He does not perform it!”"}},{"id":6,"idInBook":6,"chapterId":41,"bookId":16,"arabic":"حَدَّثَنَا أَحْمَدُ بْنُ مَنِيعٍ، عَنْ هُشَيْمٍ، قَالَ‏:‏ حَدَّثَنَا عُبَيْدَةُ، عَنِ إِبْرَاهِيمَ، عَنْ سَهْمِ بْنِ مِنْجَابٍ، عَنْ قَرْثَعٍ الضَّبِّيِّ، أَوْ عَنْ قَزَعَةَ، عَنْ قَرْثَعٍ، عَنْ أَبِي أَيُّوبَ الأَنْصَارِيِّ، أَنَّ النَّبِيَّ صلى الله عليه وسلم، كَانَ يُدْمِنُ أَرْبَعَ رَكَعَاتٍ عِنْدَ زَوَالِ الشَّمْسِ، فَقُلْتُ‏:‏ يَا رَسُولَ اللهِ، إِنَّكَ تُدْمِنُ هَذِهِ الأَرْبَعَ رَكَعَاتٍ عِنْدَ زَوَالِ الشَّمْسِ، فَقَالَ‏:‏ إِنَّ أَبْوَابَ السَّمَاءِ تُفْتَحُ عِنْدَ زَوَالِ الشَّمْسِ فَلا تُرْتَجُ حَتَّى تُصَلَّى الظُّهْرُ، فَأُحِبُّ أَنْ يَصْعَدَ لِي فِي تِلْكَ السَّاعَةِ خَيْرٌ، قُلْتُ‏:‏ أَفِي كُلِّهِنَّ قِرَاءَةٌ‏؟‏ قَالَ‏:‏ نَعَمْ قُلْتُ‏:‏ هَلْ فِيهِنَّ تَسْلِيمٌ فَاصِلٌ‏؟‏ قَالَ‏:‏ لا‏.‏\n\nحدثنا أَحْمَدُ بْنُ مَنِيعٍ، قَالَ‏:‏ حَدَّثَنَا أَبُو مُعَاوِيَةَ، قَالَ‏:‏ حَدَّثَنَا عُبَيْدَةُ، عَنِ إِبْرَاهِيمَ، عَنْ سَهْمِ بْنِ مِنْجَابٍ، عَنْ قَزَعَةَ، عَنْ قَرْثَعٍ، عَنْ أَبِي أَيُّوبَ الأَنْصَارِيِّ، عَنِ النَّبِيِّ صلى الله عليه وسلم، نَحْوَهُ‏.‏","english":{"narrator":"Abu Ayyub al-Ansari said (may Allah the Exalted be well pleased with him):","text":"“The Prophet (Allah bless him and give him peace) used to devote himself to four cycles ?’ He said: ‘Yes!’ I said: ‘Do they contain a separating salutation of peace?’ He said: ‘No!'”\n\nAnother chain reports a similar narration."}},{"id":7,"idInBook":7,"chapterId":41,"bookId":16,"arabic":"حَدَّثَنَا مُحَمَّدُ بْنُ الْمُثَنَّى، قَالَ‏:‏ حَدَّثَنَا أَبُو دَاوُدَ، قَالَ‏:‏ حَدَّثَنَا مُحَمَّدُ بْنُ مُسْلِمِ بْنِ أَبِي الْوَضَّاحِ، عَنْ عَبْدِ الْكَرِيمِ الْجَزَرِيِّ، عَنْ مُجَاهِدٍ، عَنْ عَبْدِ اللهِ بْنِ السَّائِبِ، أَنَّ رَسُولَ اللهِ صلى الله عليه وسلم كَانَ يُصَلِّي أَرْبَعًا بَعْدَ أَنْ تَزُولَ الشَّمْسُ قَبْلَ الظُّهْرِ وَقَالَ‏:‏ إِنَّهَا سَاعَةٌ تُفْتَحُ فِيهَا أَبْوَابُ السَّمَاءِ، فَأُحِبُّ أَنْ يَصْعَدَ لِي فِيهَا عَمَلٌ صَالِحٌ‏.‏","english":{"narrator":"'Abdu’llah ibn as-Sa’ib said:","text":"“Allah’s Messenger (Allah bless him and give him peace) used to perform four cycles of ritual prayer after the sun had passed its zenith before the noon prayer, and he said: 'It is a time in which the gates of heaven are opened, so I love to have a righteous deed ascend for me then!'”"}},{"id":8,"idInBook":8,"chapterId":41,"bookId":16,"arabic":"حَدَّثَنَا أَبُو سَلَمَةَ يَحْيَى بْنُ خَلَفٍ، قَالَ‏:‏ حَدَّثَنَا عُمَرُ بْنُ عَلِيٍّ الْمُقَدَّمِيُّ، عَنْ مِسْعَرِ بْنِ كِدَامٍ، عَنْ أَبِي إِسْحَاقَ، عَنْ عَاصِمِ بْنِ ضَمْرَةَ، عَنْ عَلِيٍّ، أَنَّهُ كَانَ يُصَلِّي قَبْلَ الظُّهْرِ أَرْبَعًا، وَذَكَرَ أَنَّ رَسُولَ اللهِ صلى الله عليه وسلم كَانَ يُصَلِّيهَا عِنْدَ الزَّوَالِ وَيَمُدُّ فِيهَا‏.‏","english":{"narrator":"‘Ali said:","text":"\"He used to perform four cycles of ritual prayer before noon\", and he mentioned that Allah’s Messenger (Allah bless him and give him peace) used to perform them at the time of the sun's zenith, and he used to prolong them."}}],"chapter":{"id":41,"bookId":16,"arabic":"باب صلاة الضحى","english":"Salaatut Duha (Chaast Prayers)"}}