{
  "metadata": {
    "length": 1,
    "arabic": {
      "title": "الشمائل المحمدية",
      "author": "الإمام الترمذي",
      "introduction": "باب صلاة التطوع في البيت"
    },
    "english": {
      "title": "Shama'il Muhammadiyah",
      "author": "Imam Tirmidhi",
      "introduction": "Sayyidina Rasoolullah Performing Nawaafil At Home"
    }
  },
  "hadiths": [
    {
      "id": 1,
      "idInBook": 1,
      "chapterId": 42,
      "bookId": 16,
      "arabic": "حَدَّثَنَا عَبَّاسٌ الْعَنْبَرِيُّ، قَالَ‏:‏ حَدَّثَنَا عَبْدُ الرَّحْمَنِ بْنُ مَهْدِيٍّ، عَنْ مُعَاوِيَةَ بْنِ صَالِحٍ، عَنِ الْعَلاءِ بْنِ الْحَارِثِ، عَنْ حَرَامِ بْنِ مُعَاوِيَةَ، عَنْ عَمِّهِ عَبْدِ اللهِ بْنِ سَعْدٍ، قَالَ‏:‏ سَأَلْتُ رَسُولَ اللهِ صلى الله عليه وسلم عَنِ الصَّلاةِ فِي بَيْتِي وَالصَّلاةِ فِي الْمَسْجِدِ، قَالَ‏:‏ قَدْ تَرَى مَا أَقْرَبَ بَيْتِي مِنَ الْمَسْجِدِ، فَلأَنْ أُصَلِّيَ فِي بَيْتِي أَحَبُّ إِلَيَّ مِنْ أَنْ أُصَلِّيَ فِي الْمَسْجِدِ، إِلا أَنْ تَكُونَ صَلاةً مَكْتُوبَةً‏.‏",
      "english": {
        "narrator": "Abdu’llah ibn Sa'd said:",
        "text": "\"I asked Allah’s Messenger (Allah bless him and give him peace) about performing the ritual prayer in my home, and performing it in the mosque.\" He said: “You may notice how near my home is to the mosque. I prefer praying at home over praying in the mosque, except in the case of a prescribed ritual prayer.”"
      },
      "turkish": {
        "narrator": "Abdu’llah ibn Sa'd said:",
        "text": "Abdu’llah ibn Sa'd dedi ki: \"Ben Allah’ın Elçisi'ne (Allah ona salat ve selam eylesin) evimde namaz kılmakla camide namaz kılmak hakkında sordum.\" O da şöyle dedi: “Evimin camiye ne kadar yakın olduğunu görebilirsin. Ben, farz namazlar hariç, evde namaz kılmayı camide namaz kılmaya tercih ederim.”"
      }
    }
  ],
  "chapter": {
    "id": 42,
    "bookId": 16,
    "arabic": "باب صلاة التطوع في البيت",
    "english": "Sayyidina Rasoolullah Performing Nawaafil At Home"
  }
}