{"metadata":{"length":16,"arabic":{"title":"الشمائل المحمدية","author":"الإمام الترمذي","introduction":"باب ماجاء في صوم رسول الله صلى الله عليه وسلم"},"english":{"title":"Shama'il Muhammadiyah","author":"Imam Tirmidhi","introduction":"The Fasting Of Sayyidina Rasoolullah"}},"hadiths":[{"id":1,"idInBook":1,"chapterId":43,"bookId":16,"arabic":"حَدَّثَنَا قُتَيْبَةُ بْنُ سَعِيدٍ، قَالَ‏:‏ حَدَّثَنَا حَمَّادُ بْنُ زَيْدٍ، عَنْ أَيُّوبَ، عَنْ عَبْدِ اللهِ بْنِ شَقِيقٍ، قَالَ‏:‏ سَأَلْتُ عَائِشَةَ، عَنْ صِيَامِ رَسُولِ اللهِ صلى الله عليه وسلم، قَالَتْ‏:‏ كَانَ يَصُومُ حَتَّى نَقُولَ قَدْ صَامَ، وَيُفْطِرُ حَتَّى نَقُولَ قَدْ أَفْطَرَ قَالَتْ‏:‏ وَمَا صَامَ رَسُولُ اللهِ صلى الله عليه وسلم، شَهْرًا كَامِلا مُنْذُ قَدِمَ الْمَدِينَةَ إِلا رَمَضَانَ‏.‏","english":{"narrator":"Abdullah ibn Shaqiq said:","text":"\"I asked 'A'isha (may Allah the Exalted be well pleased with her) about the fasting of Allah’s Messenger (Allah bless him and give him peace). She said: “He used to fast until we would say: ‘He has fasted,’ and he used to break fast until we would say: ‘He has broken fast.’” She also said: “Allah’s Messenger (Allah bless him and give him peace) did not fast for a whole month after arriving in Medina, with the exception of Ramadan.’"}},{"id":2,"idInBook":2,"chapterId":43,"bookId":16,"arabic":"حَدَّثَنَا عَلِيُّ بْنُ حُجْرٍ، قَالَ‏:‏ حَدَّثَنَا إِسْمَاعِيلُ بْنُ جَعْفَرٍ، عَنْ حُمَيْدٍ، عَنْ أَنَسِ بْنِ مَالِكٍ، أَنَّهُ سُئِلَ عَنْ صَوْمِ النَّبِيِّ صلى الله عليه وسلم، فَقَالَ‏:‏ كَانَ يَصُومُ مِنَ الشَّهْرِ حَتَّى نَرَى أَنْ لا يُرِيدَ أَنْ يُفْطِرَ مِنْهُ، وَيُفْطِرُ مِنْهُ حَتَّى نَرَى أَنْ لا يُرِيدَ أَنْ يَصُومَ مِنْهُ شَيْئًا وَكُنْتَ لا تَشَاءُ أَنْ تَرَاهُ مِنَ اللَّيْلِ مُصَلِّيًا إِلا رَأَيْتَهُ مُصَلِّيًا، وَلا نَائِمًا إِلا رَأَيْتَهُ نَائِمًا‏.‏","english":{"narrator":"Humaid ibn Anas ibn Malik reported that he was asked about the fasting of the Prophet (Allah bless him and give him peace), so he said:","text":"\"He used to fast during the month until we would assume that he did not intend to break fast during it, and he used to break fast until we would assume that he did not intend to fast during any of it. You would not wish to assume that he was performing the ritual prayer during the night, unless you saw him performing the ritual prayer, nor that he was sleeping, unless you saw him sleeping.”"}},{"id":3,"idInBook":3,"chapterId":43,"bookId":16,"arabic":"حَدَّثَنَا مَحْمُودُ بْنُ غَيْلانَ، قَالَ‏:‏ حَدَّثَنَا أَبُو دَاوُدَ، قَالَ‏:‏ حَدَّثَنَا شُعْبَةُ، عَنْ أَبِي بِشْرٍ، قَالَ‏:‏ سَمِعْتُ سَعِيدَ بْنَ جُبَيْرٍ، عَنِ ابْنِ عَبَّاسٍ، قَالَ‏:‏ كَانَ النَّبِيُّ صلى الله عليه وسلم يَصُومُ حَتَّى نَقُولَ مَا يُرِيدُ أَنْ يُفْطِرَ مِنْهُ، وَيُفْطِرُ حَتَّى نَقُولَ مَا يُرِيدُ أَنْ يَصُومَ مِنْهُ، وَمَا صَامَ شَهْرًا كَامِلا مُنْذُ قَدِمَ الْمَدِينَةَ إِلا رَمَضَانَ‏.‏","english":{"narrator":"Ibn Abbas said:","text":"\"The Prophet (Allah bless him and give him peace) used to fast until we would say: “He does not intend to break fast ,” and he used to break fast until we would say: “He does not intend to fast during it.” He did not fast for a whole month after arriving in Medina, with the exception of Ramadan.”"}},{"id":4,"idInBook":4,"chapterId":43,"bookId":16,"arabic":"حَدَّثَنَا مُحَمَّدُ بْنُ بَشَّارٍ، قَالَ‏:‏ حَدَّثَنَا عَبْدُ الرَّحْمَنِ بْنُ مَهْدِيٍّ، عَنْ سُفْيَانَ، عَنْ مَنْصُورٍ، عَنْ سَالِمِ بْنِ أَبِي الْجَعْدِ، عَنْ أَبِي سَلَمَةَ، عَنْ أُمِّ سَلَمَةَ، قَالَتْ‏:‏ مَا رَأَيْتُ النَّبِيَّ صلى الله عليه وسلم يَصُومُ شَهْرَيْنِ مُتَتَابِعَيْنِ إِلا شَعْبَانَ وَرَمَضَانَ قَالَ أَبُو عِيسَى‏:‏ هَذَا إِسنَادٌ صَحِيحٌ وَهَكَذَا، قَالَ‏:‏ عَنْ أَبِي سَلَمَةَ، عَنْ أُمِّ سَلَمَةَ وَرَوَى هَذَا الْحَدِيثَ غَيْرُ وَاحِدٍ، عَنْ أَبِي سَلَمَةَ، عَنْ عَائِشَةَ، عَنِ النَّبِيِّ صلى الله عليه وسلم، وَيُحْتَمَلُ أَنْ يَكُونَ أَبُو سَلَمَةَ بْنُ عَبْدِ الرَّحْمَنِ قَدْ رَوَى الْحَدِيثَ عَنْ عَائِشَةَ، وَأُمِّ سَلَمَةَ جَمِيعًا، عَنِ النَّبِيِّ صلى الله عليه وسلم‏.‏","english":{"narrator":"Umm Salama said:","text":"\"I did not see the Prophet fast (Allah bless him and give him peace) for two consecutive months, other than Sha'ban and Ramadan.”"}},{"id":5,"idInBook":5,"chapterId":43,"bookId":16,"arabic":"حَدَّثَنَا هَنَّادٌ، قَالَ‏:‏ حَدَّثَنَا عَبْدَةُ، عَنْ مُحَمَّدِ بْنِ عَمْرٍو، قَالَ‏:‏ حَدَّثَنَا أَبُو سَلَمَةَ، عَنْ عَائِشَةَ، قَالَتْ‏:‏ لَمْ أَرَ رَسُولَ اللهِ صلى الله عليه وسلم، يَصُومُ فِي شَهْرٍ أَكْثَرَ مِنْ صِيَامِهِ لِلَّهِ فِي شَعْبَانَ، كَانَ يَصُومُ شَعْبَانَ إِلا قَلِيلا، بَلْ كَانَ يَصُومُهُ كُلَّهُ‏.‏","english":{"narrator":"'A’isha said:","text":"\"I did not see Allah’s Messenger (Allah bless him and give him peace) fast in any month more than his fasting for Allah’s sake in Sha'ban. He used to keep fast through all but a little of Sha'ban; no indeed, he used to keep fast through all of it!”"}},{"id":6,"idInBook":6,"chapterId":43,"bookId":16,"arabic":"حَدَّثَنَا الْقَاسِمُ بْنُ دِينَارٍ الْكُوفِيُّ، قَالَ‏:‏ حَدَّثَنَا عُبَيْدُ اللهِ بْنُ مُوسَى، وَطَلْقُ بْنُ غَنَّامٍ، عَنْ شَيْبَانَ، عَنْ عَاصِمٍ، عَنْ زِرِّ بْنُ حُبَيْشٍ، عَنْ عَبْدِ اللهِ، قَالَ‏:‏ كَانَ رَسُولُ اللهِ صلى الله عليه وسلم، يَصُومُ مِنْ غُرَّةِ كُلِّ شَهْرٍ ثَلاثَةَ أَيَامٍ، وَقَلَّمَا كَانَ يُفْطِرُ يَوْمَ الْجُمُعَةِ‏.‏","english":{"narrator":"'Abdu’llah said:","text":"\"Allah’s Messenger (Allah bless him and give him peace) used to fast three days at the beginning of every month, and he would seldom break fast on Friday, the Day of the Congregation .”"}},{"id":7,"idInBook":7,"chapterId":43,"bookId":16,"arabic":"حَدَّثَنَا أَبُو حَفْصٍ عَمْرُو بْنُ عَلِيٍّ، قَالَ‏:‏ حَدَّثَنَا عَبْدُ اللهِ بْنُ دَاوُدَ، عَنْ ثَوْرِ بْنِ يَزِيدَ، عَنْ خَالِدِ بْنِ مَعْدَانَ، عَنْ رَبِيعَةَ الْجُرَشِيِّ، عَنْ عَائِشَةَ، قَالَتْ‏:‏ كَانَ النَّبِيُّ صلى الله عليه وسلم يَتَحَرَّى صَوْمَ الاثْنَيْنِ وَالْخَمِيسِ‏.‏","english":{"narrator":"'A’isha said:","text":"\"The Prophet (Allah bless him and give him peace) was devoutly committed to fasting every Monday and Thursday.”"}},{"id":8,"idInBook":8,"chapterId":43,"bookId":16,"arabic":"حَدَّثَنَا مُحَمَّدُ بْنُ يَحْيَى، قَالَ‏:‏ حَدَّثَنَا أَبُو عَاصِمٍ، عَنْ مُحَمَّدِ بْنِ رِفَاعَةَ، عَنْ سُهَيْلِ بْنِ أَبِي صَالِحٍ، عَنْ أَبِيهِ، عَنْ أَبِي هُرَيْرَةَ، أَنَّ النَّبِيَّ صلى الله عليه وسلم، قَالَ‏:‏ تُعْرَضُ الأَعْمَالُ يَوْمَ الاثْنَيْنِ وَالْخَمِيسِ، فَأُحِبُّ أَنْ يُعْرَضَ عَمَلِي وَأَنَا صَائِمٌ‏.‏","english":{"narrator":"Abu Huraira said:","text":"\"The Prophet said (Allah bless him and give him peace): “Works are reviewed on Monday and Thursday, so I would like my work to be reviewed while I am fasting!”"}},{"id":9,"idInBook":9,"chapterId":43,"bookId":16,"arabic":"حَدَّثَنَا مَحْمُودُ بْنُ غَيْلانَ، قَالَ‏:‏ حَدَّثَنَا أَبُو أَحْمَدَ، وَمُعَاوِيَةُ بْنُ هِشَامٍ، قَالا‏:‏ حَدَّثَنَا سُفْيَانُ، عَنْ مَنْصُورٍ، عَنْ خَيْثَمَةَ، عَنْ عَائِشَةَ، قَالَتْ‏:‏ كَانَ النَّبِيُّ صلى الله عليه وسلم يَصُومُ مِنَ الشَّهْرِ السَّبْتَ وَالأَحَدَ وَالاثْنَيْنَ، وَمِنَ الشَّهْرِ الآخَرِ الثُّلاثَاءَ وَالأَرْبَعَاءَ وَالْخَمِيسَ‏.‏","english":{"narrator":"","text":"'A’isha said;\n“The Prophet (Allah bless him and give him peace) used to fast on the Saturday of one month, and on the Sunday and the Monday, as well as on the Tuesday, Wednesday and Thursday of another month.”"}},{"id":10,"idInBook":10,"chapterId":43,"bookId":16,"arabic":"حَدَّثَنَا أَبُو مُصْعَبٍ الْمَدِينِيُّ، عَنْ مَالِكِ بْنِ أَنَسٍ، عَنْ أَبِي النَّضْرِ، عَنْ أَبِي سَلَمَةَ بْنِ عَبْدِ الرَّحْمَنِ، عَنْ عَائِشَةَ، قَالَتْ‏:‏ مَا كَانَ رَسُولُ اللهِ صلى الله عليه وسلم يَصُومُ فِي شَهْرٍ أَكْثَرَ مِنْ صِيَامِهِ فِي شَعْبَانَ‏.‏","english":{"narrator":"'A’isha said:","text":"“Allah’s Messenger (Allah bless him and give him peace) would not fast in any month more than he did in Sha'ban.”"}},{"id":11,"idInBook":11,"chapterId":43,"bookId":16,"arabic":"حَدَّثَنَا مَحْمُودُ بْنُ غَيْلانَ، قَالَ‏:‏ حَدَّثَنَا أَبُو دَاوُدَ، قَالَ‏:‏ حَدَّثَنَا شُعْبَةُ، عَنْ يَزِيدَ الرِّشْكِ، قَالَ‏:‏ سَمِعْتُ مُعَاذَةَ، قَالَتْ‏:‏ قُلْتُ لِعَائِشَةَ‏:‏ أَكَانَ رَسُولُ اللهِ صلى الله عليه وسلم، يَصُومُ ثَلاثَةَ أَيَّامٍ مِنْ كُلِّ شَهْرٍ‏؟‏ قَالَتْ‏:‏ نَعَمْ قُلْتُ‏:‏ مِنْ أَيِّهِ كَانَ يَصُومُ‏؟‏ قَالَتْ‏:‏ كَانَ لا يُبَالِي مِنْ أَيِّهِ صَامَ‏.‏\nقَالَ أَبُو عِيسَى : يَزِيدُ الرِّشْكُ هُوَ يَزِيدُ الضُّبَعِيُّ الْبَصْرِيُّ , وَهُوَ ثِقَةٌ رَوَى عَنْهُ شُعْبَةُ ، وَعَبْدُ الْوَارِثِ بْنُ سَعِيدٍ ، وَحَمَّادُ بْنُ زَيْدٍ ، وَإِسْمَاعِيلُ بْنُ إِبْرَاهِيمَ ، وَغَيْرُ وَاحِدٍ مِنَ الأَئِمَةِ ، وَهُوَ يَزِيدُ الْقَاسِمُ , وَيُقَالُ : الْقَسَّامُ ، وَالرِّشْكُ بِلُغَةِ أَهْلِ الْبَصْرَةِ , هُوَ الْقَسَّامُ .","english":{"narrator":"Mu'adha said:","text":"\"I said to 'A'sha: “Was Allah’s Messenger (Allah bless him and give him peace) used to fasting three days out of every month?” She said; “Yes!” I said: “Which days did he fast?” She said: “He was not concerned about which days he fasted.”"}},{"id":12,"idInBook":12,"chapterId":43,"bookId":16,"arabic":"حَدَّثَنَا هَارُونُ بْنُ إِسْحَاقَ الْهَمْدَانِيُّ، قَالَ‏:‏ حَدَّثَنَا عَبْدَةُ بْنُ سُلَيْمَانَ، عَنْ هِشَامِ بْنِ عُرْوَةَ، عَنْ أَبِيهِ، عَنْ عَائِشَةَ، قَالَتْ‏:‏ كَانَ عَاشُورَاءُ يَوْمًا تَصُومُهُ قُرَيْشٌ فِي الْجَاهِلِيَّةِ، وَكَانَ رَسُولُ اللهِ صلى الله عليه وسلم يَصُومُهُ، فَلَمَّا قَدِمَ الْمَدِينَةَ صَامَهُ وَأَمَرَ بِصِيَامِهِ، فَلَمَّا افْتُرِضَ رَمَضَانُ كَانَ رَمَضَانُ هُوَ الْفَرِيضَةُ وَتُرِكَ عَاشُورَاءُ، فَمَنْ شَاءَ صَامَهُ وَمَنْ شَاءَ تَرَكَهُ‏.‏","english":{"narrator":"A’isha said:","text":"\"‘Ashura' was a day on which Quraish used to fast in the pagan era  Ramadan became the obligatory religious duty, and 'Ashura' was omitted, so one is free to fast this day or not to fast it.”"}},{"id":13,"idInBook":13,"chapterId":43,"bookId":16,"arabic":"حَدَّثَنَا مُحَمَّدُ بْنُ بَشَّارٍ، قَالَ‏:‏ حَدَّثَنَا عَبْدُ الرَّحْمَنِ بْنُ مَهْدِيٍّ، قَالَ‏:‏ حَدَّثَنَا سُفْيَانُ، عَنْ مَنْصُورٍ، عَنِ إِبْرَاهِيمَ، عَنْ عَلْقَمَةَ، قَالَ‏:‏ سَأَلْتُ عَائِشَةَ، أَكَانَ رَسُولُ اللهِ صلى الله عليه وسلم، يَخُصُّ مِنَ الأَيَامِ شَيْئًا‏؟‏ قَالَتْ‏:‏ كَانَ عَمَلُهُ دِيمَةً، وَأَيُّكُمْ يُطِيقُ مَا كَانَ رَسُولُ اللهِ صلى الله عليه وسلم، يُطِيقُ‏.‏","english":{"narrator":"'Alqama said:","text":"“I asked 'A'isha (may Allah be well pleased with her): ‘Was Allah’s Messenger (Allah bless him and give him peace) used to singling out any of the days?’ She said: ‘His work was perpetual. Who of you would be capable of doing what Allah’s Messenger (Allah bless him and give him peace) used to be do?”"}},{"id":14,"idInBook":14,"chapterId":43,"bookId":16,"arabic":"حَدَّثَنَا هَارُونُ بْنُ إِسْحَاقَ، قَالَ‏:‏ حَدَّثَنَا عَبْدَةُ، عَنْ هِشَامِ بْنِ عُرْوَةَ، عَنْ أَبِيهِ، عَنْ عَائِشَةَ، قَالَتْ‏:‏ دَخَلَ عَلَيَّ رَسُولُ اللهِ صلى الله عليه وسلم وَعِنْدِي امْرَأَةٌ، فَقَالَ‏:‏ مَنْ هَذِهِ‏؟‏ قُلْتُ‏:‏ فُلانَةُ لا تَنَامُ اللَّيْلَ، فَقَالَ رَسُولُ اللهِ صلى الله عليه وسلم‏:‏ عَلَيْكُمْ مِنَ الأَعْمَالِ مَا تُطِيقُونَ، فَوَاللَّهِ لا يَمَلُّ اللَّهُ حَتَّى تَمَلُّوا، وَكَانَ أَحَبَّ ذَلِكَ إِلَى رَسُولِ اللهِ صلى الله عليه وسلم الَّذِي يَدُومُ عَلَيْهِ صَاحِبُهُ‏.‏","english":{"narrator":"A’isha said:","text":"\"Allah’s Messenger (Allah bless him and give him peace) entered my presence, and there was a woman with me, so he said: “Who is this?” I said: “So-and-so, who does not sleep at night.” Allah’s Messenger (Allah bless him and give him peace) then said: 'Incumbent upon you are the works of which you are capable, for, by Allah, Allah will not become weary until you become weary!” The work dearest to Allah’s Messenger (Allah bless him and give him peace) was that in which his Companion would persevere.'\""}},{"id":15,"idInBook":15,"chapterId":43,"bookId":16,"arabic":"حَدَّثَنَا أَبُو هِشَامٍ مُحَمَّدُ بْنُ يَزِيدَ الرِّفَاعِيُّ، قَالَ‏:‏ حَدَّثَنَا ابْنُ فُضَيْلٍ، عَنِ الأَعْمَشِ، عَنْ أَبِي صَالِحٍ، قَالَ‏:‏ سَأَلْتُ عَائِشَةَ، وَأُمَّ سَلَمَةَ، أَيُّ الْعَمَلِ كَانَ أَحَبَّ إِلَى رَسُولِ اللهِ صلى الله عليه وسلم‏؟‏ قَالَتَا‏:‏ مَا دِيمَ عَلَيْهِ، وَإِنْ قَلَّ‏.‏","english":{"narrator":"Abu Salih said:","text":"\"I asked 'A'isha and Umm Salama: “Which work was dearest to Allah’s Messenger (Allah bless him and give him peace)?” They said: “That which a person perseveres in, even if the amount of work done is small.”"}},{"id":16,"idInBook":16,"chapterId":43,"bookId":16,"arabic":"حَدَّثَنَا مُحَمَّدُ بْنُ إِسْمَاعِيلَ، قَالَ‏:‏ حَدَّثَنَا عَبْدُ اللهِ بْنُ صَالِحٍ، قَالَ‏:‏ حَدَّثَنِي مُعَاوِيَةُ بْنُ صَالِحٍ، عَنْ عَمْرِو بْنِ قَيْسٍ، أَنَّهُ سَمِعَ عَاصِمَ بْنَ حُمَيْدٍ، قَالَ‏:‏ سَمِعْتُ عَوْفَ بْنَ مَالِكٍ، يَقُولُ‏:‏ كُنْتُ مَعَ رَسُولِ اللهِ صلى الله عليه وسلم، لَيْلَةً فَاسْتَاكَ، ثُمَّ تَوَضَّأَ، ثُمَّ قَامَ يُصَلِّي، فَقُمْتُ مَعَهُ فَبَدَأَ فَاسْتَفْتَحَ الْبَقَرَةَ، فَلا يَمُرُّ بِآيَةِ رَحْمَةٍ، إِلا وَقَفَ فَسَأَلَ، وَلا يَمُرُّ بِآيَةِ عَذَابٍ، إِلا وَقَفَ فَتَعَوَّذَ، ثُمَّ رَكَعَ فَمَكَثَ رَاكِعًا بِقَدْرِ قِيَامِهِ، وَيَقُولُ فِي رُكُوعِهِ‏:‏ سُبْحَانَ ذِي الْجَبَرُوتِ وَالْمَلَكُوتِ، وَالْكِبْرِيَاءِ وَالْعَظَمَةِ، ثُمَّ سَجَدَ بِقَدْرِ رُكُوعِهِ، وَيَقُولُ فِي سُجُودِهِ‏:‏ سُبْحَانَ ذِي الْجَبَرُوتِ وَالْمَلَكُوتِ، وَالْكِبْرِيَاءِ وَالْعَظَمَةِ ثُمَّ قَرَأَ آلَ عِمْرَانَ ثُمَّ سُورَةً، يَفْعَلُ مِثْلَ ذَلِكَ في كل ركعة‏.‏","english":{"narrator":"Awf bin Malik said:","text":"\"When I was together with Allah’s Messenger (Allah bless him and give him peace) one night, he cleaned his teeth, then performed the minor ablution, then performed the ritual prayer. I stood up with him, whereupon he began with the Sura of the Cow  followed by another Sura, and he did this in every cycle of the ritual prayer.”"}}],"chapter":{"id":43,"bookId":16,"arabic":"باب ماجاء في صوم رسول الله صلى الله عليه وسلم","english":"The Fasting Of Sayyidina Rasoolullah"}}