{
  "metadata": {
    "length": 8,
    "arabic": {
      "title": "الشمائل المحمدية",
      "author": "الإمام الترمذي",
      "introduction": "باب ماجاء في قراءة رسول الله صلى الله عليه وسلم"
    },
    "english": {
      "title": "Shama'il Muhammadiyah",
      "author": "Imam Tirmidhi",
      "introduction": "The Recital Of Sayyidina Rasoolullah"
    }
  },
  "hadiths": [
    {
      "id": 1,
      "idInBook": 1,
      "chapterId": 44,
      "bookId": 16,
      "arabic": "حَدَّثَنَا قُتَيْبَةُ بْنُ سَعِيدٍ، قَالَ‏:‏ حَدَّثَنَا اللَّيْثُ، عَنِ ابْنِ أَبِي مُلَيْكَةَ، عَنْ يَعَلَى بْنِ مَمْلَكٍ، أَنَّهُ سَأَلَ أُمَّ سَلَمَةَ، عَنْ قِرَاءَةِ رَسُولِ اللهِ صلى الله عليه وسلم، فَإِذَا هِيَ تَنْعَتُ قِرَاءَةً مُفَسَّرَةً حَرْفًا حَرْفًا‏.‏",
      "english": {
        "narrator": "Ibn Abi Mulaika reported:",
        "text": "Ya'la ibn Mamlak asked Umm Salama about the Qur’anic recitation of Allah’s Messenger (Allah bless him and give him peace), whereupon she described a Qur’anic recitation that was explained letter by letter."
      },
      "turkish": {
        "narrator": "Ibn Abi Mulaika reported:",
        "text": "İbn Ebi Mulaika şöyle bildirdi: Ya'la ibn Mamlak, Umm Salama'ya Allah'ın Elçisi'nin (Allah ona salat ve selam eylesin) Kur'an tilaveti hakkında sordu. Bunun üzerine, harf harf açıklanan bir Kur'an tilavetini tarif etti."
      }
    },
    {
      "id": 2,
      "idInBook": 2,
      "chapterId": 44,
      "bookId": 16,
      "arabic": "حَدَّثَنَا مُحَمَّدُ بْنُ بَشَّارٍ، قَالَ‏:‏ حَدَّثَنَا وَهْبُ بْنُ جَرِيرِ بْنِ حَازِمٍ، قَالَ‏:‏ حَدَّثَنَا أَبِي، عَنْ قَتَادَةَ، قَالَ‏:‏ قُلْتُ لأَنَسِ بْنِ مَالِكٍ‏:‏ كَيْفَ كَانَتْ قِرَاءَةُ رَسُولِ اللهِ صلى الله عليه وسلم‏؟‏ فَقَالَ‏:‏ مَدًّا‏.‏",
      "english": {
        "narrator": "Qatada said:",
        "text": "“I said to Anas ibn Malik: 'How was the Qur’anic recitation of Alla’s Messenger (Allah bless him and give him peace)?’ He said: ‘With the voice drawn out over the long vowels.'”"
      },
      "turkish": {
        "narrator": "Qatada said:",
        "text": "Katade dedi ki: \"Anas ibn Malik'e: 'Allah'ın Elçisi'nin (Allah ona salat ve selam eylesin) Kur'an tilaveti nasıldı?' dedim. O da: 'Uzun sesli harflerde sesi uzatarak okurdu.' dedi.\""
      }
    },
    {
      "id": 3,
      "idInBook": 3,
      "chapterId": 44,
      "bookId": 16,
      "arabic": "حَدَّثَنَا عَلِيُّ بْنُ حُجْرٍ، قَالَ‏:‏ حَدَّثَنَا يَحْيَى بْنُ سَعِيدٍ الأُمَوِيُّ، عَنِ ابْنِ جُرَيْجٍ، عَنِ ابْنِ أَبِي مُلَيْكَةَ، عَنْ أُمِّ سَلَمَةَ، قَالَتْ‏:‏ كَانَ النَّبِيُّ صلى الله عليه وسلم، يَقْطَعُ قِرَاءَتَهُ، يَقُولُ‏:‏ الْحَمْدُ لِلَّهِ رَبِّ الْعَالَمِينَ ثُمَّ يَقِفُ، ثُمَّ يَقُولُ‏:‏ الرَّحْمَنِ الرَّحِيمِ ثُمَّ يَقِفُ، وَكَانَ يَقْرَأُ مَلِكِ يَوْمِ الدِّينِ‏.‏",
      "english": {
        "narrator": "Umm Salama said:",
        "text": "\"The Prophet (Allah bless him and give him peace) used to interrupt his Qur’anic recitation. He would say: “Praise be to Allah, the Lord of all the worlds .”"
      },
      "turkish": {
        "narrator": "Umm Salama said:",
        "text": "Umm Salama şöyle dedi: \"Peygamber (Allah ona salat ve selam eylesin) Kur'an tilavetini keserdi. 'Alemlerin Rabbi olan Allah'a hamd olsun.' derdi.\""
      }
    },
    {
      "id": 4,
      "idInBook": 4,
      "chapterId": 44,
      "bookId": 16,
      "arabic": "حَدَّثَنَا قُتَيْبَةُ، قَالَ‏:‏ حَدَّثَنَا اللَّيْثُ، عَنْ مُعَاوِيَةَ بْنِ صَالِحٍ، عَنْ عَبْدِ اللهِ بْنِ أَبِي قَيْسٍ، قَالَ‏:‏ سَأَلْتُ عَائِشَةَ، عَنْ قِرَاءَةِ النَّبِيِّ صلى الله عليه وسلم أَكَانَ يُسِرُّ بِالْقِرَاءَةِ أَمْ يَجْهَرُ‏؟‏ قَالَتْ‏:‏ كُلُّ ذَلِكَ قَدْ كَانَ يَفْعَلُ قَدْ كَانَ رُبَّمَا أَسَرَّ وَرُبَّمَا جَهَرَ فَقُلْتُ‏:‏ الْحَمْدُ لِلَّهِ، الَّذِي جَعَلَ فِي الأَمْرِ سَعَةً‏.‏",
      "english": {
        "narrator": "'Abdu’llah ibn Abi Qais said:",
        "text": "\"I asked \"A'isha (may Allah be well pleased with her) about the Qur’anic recitation of the Prophet (Allah bless him and give him peace): “Was he used to whispering the recitation, or pronouncing it audibly?” She said: “He used\nto do both. He would sometimes whisper and sometimes speak audibly.” I therefore said: “Praise be to Allah, who has granted us flexibility in the matter!”"
      },
      "turkish": {
        "narrator": "'Abdu’llah ibn Abi Qais said:",
        "text": "Abdullah ibn Ebi Kays dedi ki: \"A'işe'ye (Allah ondan razı olsun) Peygamber'in (Allah ona salat ve selam eylesin) Kur'an tilaveti hakkında sordum: 'Kur'an'ı fısıldayarak mı okuyordu, yoksa sesli mi?' O da: 'Her ikisini de yapardı. Bazen fısıldar, bazen sesli okurdu.' dedi. Bunun üzerine ben de: 'Bize bu konuda esneklik veren Allah'a hamd olsun!' dedim.\""
      }
    },
    {
      "id": 5,
      "idInBook": 5,
      "chapterId": 44,
      "bookId": 16,
      "arabic": "حَدَّثَنَا مَحْمُودُ بْنُ غَيْلانَ، قَالَ‏:‏ حَدَّثَنَا وَكِيعٌ، قَالَ‏:‏ حَدَّثَنَا مِسْعَرٌ، عَنْ أَبِي الْعَلاءِ الْعَبْدِيِّ، عَنْ يَحْيَى بْنِ جَعْدَةَ، عَنْ أُمِّ هَانِئٍ، قَالَتْ‏:‏ كُنْتُ أَسْمَعُ قِرَاءَةَ النَّبِيِّ صلى الله عليه وسلم، بِاللَّيْلِ وَأَنَا عَلَى عَرِيشِي‏.‏",
      "english": {
        "narrator": "Umm Hani' said:",
        "text": "“I used to hear the Qur’anic recitation of the Prophet (Allah bless him and give him peace) during the night while I was on my pallet.”"
      },
      "turkish": {
        "narrator": "Umm Hani' said:",
        "text": "Umm Hani' dedi ki: \"Gece, yatağımda yattığım sırada Peygamber'in (Allah ona salat ve selam eylesin) Kur'an tilavetini duyardım.\""
      }
    },
    {
      "id": 6,
      "idInBook": 6,
      "chapterId": 44,
      "bookId": 16,
      "arabic": "حَدَّثَنَا مَحْمُودُ بْنُ غَيْلانَ، قَالَ‏:‏ حَدَّثَنَا أَبُو دَاوُدَ، قَالَ‏:‏ حَدَّثَنَا شُعْبَةُ، عَنْ مُعَاوِيَةَ بْنِ قُرَّةَ، قَالَ‏:‏ سَمِعْتُ عَبْدَ اللهِ بْنَ مُغَفَّلٍ، يَقُولُ‏:‏ رَأَيْتُ النَّبِيَّ صلى الله عليه وسلم، عَلَى نَاقَتِهِ يَوْمَ الْفَتْحِ، وَهُوَ يَقْرَأُ‏:‏ إِنَّا فَتَحْنَا لَكَ فَتْحًا مُبِينًا لِيَغْفِرَ لَكَ اللَّهُ مَا تَقَدَّمَ مِنْ ذَنْبِكَ وَمَا تَأَخَّرَ، قَالَ‏:‏ فَقَرَأَ وَرَجَّعَ، قَالَ‏:‏ وَقَالَ مُعَاوِيَةُ بْنُ قُرَّةَ‏:‏ لَوْلا أَنْ يَجْتَمِعَ النَّاسُ عَلَيَّ لأَخَذْتُ لَكُمْ فِي ذَلِكَ الصَّوْتِ أَوْ قَالَ‏:‏ اللَّحْنِ‏.‏",
      "english": {
        "narrator": "Abdu’llah ibn Mughaffal said:",
        "text": "\"I saw the Prophet (Allah bless him and give him peace) on his she-camel on the Day of Victory, and he was reciting: “We have surely given you a clear victory, so that Allah may forgive you your former and your latter sins .” (Al Qur'an 48:1-2) He recited in a quivering voice.”"
      },
      "turkish": {
        "narrator": "Abdu’llah ibn Mughaffal said:",
        "text": "Abdullah ibn Mughaffal dedi ki: \"Zafer Günü'nde Peygamber'i (Allah ona salat ve selam eylesin) dişi devesinin üstünde gördüm ve şöyle okuyordu: 'Şüphesiz, sana açık bir zafer verdik ki, Allah, geçmiş ve gelecekteki günahlarını affetsin.' (Kur'an 48:1-2) Titreyen bir sesle okudu.\""
      }
    },
    {
      "id": 7,
      "idInBook": 7,
      "chapterId": 44,
      "bookId": 16,
      "arabic": "حَدَّثَنَا قُتَيْبَةُ بْنُ سَعِيدٍ، قَالَ‏:‏ حَدَّثَنَا نُوحُ بْنُ قَيْسٍ الْحُدَّانِيُّ، عَنْ حُسَامِ بْنِ مِصَكٍّ، عَنْ قَتَادَةَ، قَالَ‏:‏ مَا بَعَثَ اللَّهُ نَبِيًّا إِلا حَسَنَ الْوَجْهِ، حَسَنَ الصَّوْتِ، وَكَانَ نَبِيُّكُمْ صلى الله عليه وسلم حَسَنَ الْوَجْهِ، حَسَنَ الصَّوْتِ، وَكَانَ لا يُرَجِّعُ‏.‏",
      "english": {
        "narrator": "Qataadah said:",
        "text": "\"Allah has not sent a Prophet unless he was endowed with a handsome face and a beautiful voice, and your Prophet (Allah bless him and give him peace) was endowed with a handsome face and a beautiful voice, and he did not chant in a quavering tone.”"
      },
      "turkish": {
        "narrator": "Qataadah said:",
        "text": "Katade dedi ki: \"Allah, bir Peygamber göndermedi ki, ona güzel bir yüz ve güzel bir ses vermesin. Sizin Peygamber'iniz (Allah ona salat ve selam eylesin) de güzel bir yüze ve güzel bir sese sahipti, titreyen bir tonla okumadı.\""
      }
    },
    {
      "id": 8,
      "idInBook": 8,
      "chapterId": 44,
      "bookId": 16,
      "arabic": "حَدَّثَنَا عَبْدُ اللهِ بْنُ عَبْدِ الرَّحْمَنِ، قَالَ‏:‏ حَدَّثَنَا يَحْيَى بْنُ حَسَّانَ، قَالَ‏:‏ حَدَّثَنَا عَبْدُ الرَّحْمَنِ بْنُ أَبِي الزِّنَادِ، عَنْ عَمْرِو بْنِ أَبِي عَمْرٍو، عَنْ عِكْرِمَةَ، عَنِ ابْنِ عَبَّاسٍ، قَالَ‏:‏ كَانَتْ قِرَاءَةُ النَّبِيِّ صلى الله عليه وسلم، رُبَّمَا يَسْمَعُهَا مَنْ فِي الْحُجْرَةِ وَهُوَ فِي الْبَيْتِ‏.‏",
      "english": {
        "narrator": "Ibn Abbas said (may Allah be well pleased with him and his father):",
        "text": ":\n“The Qur’anic recitation of the Prophet (Allah bless him and give him peace) was sometimes heard by those in the chamber, while he was in the house.”"
      },
      "turkish": {
        "narrator": "Ibn Abbas said (may Allah be well pleased with him and his father):",
        "text": "İbn Abbas (Allah ondan ve babasından razı olsun) dedi ki: \"Peygamber'in (Allah ona salat ve selam eylesin) Kur'an tilaveti, evdeyken odadakiler tarafından bazen duyulurdu.\""
      }
    }
  ],
  "chapter": {
    "id": 44,
    "bookId": 16,
    "arabic": "باب ماجاء في قراءة رسول الله صلى الله عليه وسلم",
    "english": "The Recital Of Sayyidina Rasoolullah"
  }
}