{
  "metadata": {
    "length": 2,
    "arabic": {
      "title": "الشمائل المحمدية",
      "author": "الإمام الترمذي",
      "introduction": "باب ماجاء في فراش رسول الله صلى الله عليه وسلم"
    },
    "english": {
      "title": "Shama'il Muhammadiyah",
      "author": "Imam Tirmidhi",
      "introduction": "Narrations Of The Bed Of Sayyidina Rasoolullah"
    }
  },
  "hadiths": [
    {
      "id": 1,
      "idInBook": 1,
      "chapterId": 46,
      "bookId": 16,
      "arabic": "حَدَّثَنَا عَلِيُّ بْنُ حُجْرٍ، قَالَ‏:‏ حَدَّثَنَا عَلِيُّ بْنُ مُسْهِرٍ، عَنْ هِشَامِ بْنِ عُرْوَةَ، عَنْ أَبِيهِ، عَنْ عَائِشَةَ، قَالَ‏:‏ إِنَّمَا كَانَ فِرَاشُ رَسُولِ اللهِ صلى الله عليه وسلم، الَّذِي يَنَامُ عَلَيْهِ مِنْ أَدَمٍ، حَشْوُهُ لِيفٌ‏.‏",
      "english": {
        "narrator": "‘A’isha said (may Allah be well pleased with her):",
        "text": "\"The mattress on which Allah’s Messenger (Allah bless him and give him peace) used to sleep consisted of tanned hides stuffed with fibers.”"
      },
      "turkish": {
        "narrator": "‘A’isha said (may Allah be well pleased with her):",
        "text": "Aişe (Allah ondan razı olsun) dedi ki: \"Allah’ın Messenger’ı (Allah ona salat ve selam eylesin) üzerinde yattığı yatak, liflerle doldurulmuş derilerden yapılmıştı.\""
      }
    },
    {
      "id": 2,
      "idInBook": 2,
      "chapterId": 46,
      "bookId": 16,
      "arabic": "حَدَّثَنَا أَبُو الْخَطَّابِ زِيَادُ بْنُ يَحْيَى الْبَصْرِيُّ، قَالَ‏:‏ حَدَّثَنَا عَبْدُ اللهِ بْنُ مَيْمُونٍ، قَالَ‏:‏ حَدَّثَنَا جَعْفَرُ بْنُ مُحَمَّدٍ، عَنْ أَبِيهِ، قَالَ‏:‏ سُئِلَتْ عَائِشَةُ،‏:‏ -‏.‏\nوَسُئِلَتْ حَفْصَةُ، مَا كَانَ فِرَاشُ رَسُولِ اللهِ صلى الله عليه وسلم فِي بَيْتِكِ‏؟‏ قَالَتْ‏:‏ مِسْحًا نَثْنِيهِ ثَنِيَّتَيْنِ فَيَنَامُ عَلَيْهِ، فَلَمَّا كَانَ ذَاتَ لَيْلَةٍ، قُلْتُ‏:‏ لَوْ ثَنَيْتَهُ أَرْبَعَ ثَنْيَاتٍ، لَكَانَ أَوْطَأَ لَهُ، فَثَنَيْنَاهُ لَهُ بِأَرْبَعِ ثَنْيَاتٍ، فَلَمَّا أَصْبَحَ، قَالَ‏:‏ مَا فَرشْتُمْ لِيَ اللَّيْلَةَ قَالَتْ‏:‏ قُلْنَا‏:‏ هُوَ فِرَاشُكَ، إِلا أَنَّا ثَنَيْنَاهُ بِأَرْبَعِ ثَنْيَاتٍ، قُلْنَا‏:‏ هُوَ أَوْطَأُ لَكَ، قَالَ‏:‏ رُدُّوهُ لِحَالَتِهِ الأُولَى، فَإِنَّهُ مَنَعَتْنِي وَطَاءَتُهُ صَلاتيَ اللَّيْلَةَ‏.‏",
      "english": {
        "narrator": "Ja'far ibn Muhammad reported that his father said:",
        "text": "\"'A'isha was asked: 'How was the mattress of Allah’s Messenger (Allah bless him and give him peace) in your home?' She said: 'It consisted of tanned hides stuffed with fibers.' Hafsa was also asked: 'What was the mattress of Allah’s Messenger (Allah bless him and give him peace) in your home?' She said: 'Coarse woolen fabric that we folded in two for to sleep. Then one night I said: ‘If its two folds were four, it would be softer for him,’ so we folded it for him in four folds. Then, when he woke up in the morning, he said: ‘What did you spread out for me tonight?’ She said: 'We said: ‘It is your mattress, except that we folded it four times. We said it would be softer for you.’ He said: 'Restore it to its original condition, for its softness prevented me from performing my ritual prayer tonight!'\""
      },
      "turkish": {
        "narrator": "Ja'far ibn Muhammad reported that his father said:",
        "text": "Cafer ibn Muhammed, babasından rivayet etti: \"Aişe'ye soruldu: 'Allah’ın Messenger’ının (Allah ona salat ve selam eylesin) evinizdeki yatağı nasıldı?' O da dedi ki: 'Liflerle doldurulmuş derilerden yapılmıştı.' Hafsa'ya da soruldu: 'Allah’ın Messenger’ının (Allah ona salat ve selam eylesin) evinizdeki yatağı nasıldı?' O da dedi ki: 'Kaba yün kumaşından, uyumak için iki kat yaptığımız bir yataktı. Sonra bir gece dedim ki: ‘Eğer iki katı dört kat yapsaydık, onun için daha yumuşak olurdu,’ bu yüzden onu dört kat yaptık. Sonra sabah uyandığında, 'Bu gece benim için ne yaydınız?' dedi. O da: 'Biz dedik ki: ‘Bu senin yatağın, sadece dört kat yaptık. Daha yumuşak olacağını düşündük.’ O da: 'Onu eski haline getirin, çünkü yumuşaklığı bu gece benim namaz kılmamı engelledi!'\""
      }
    }
  ],
  "chapter": {
    "id": 46,
    "bookId": 16,
    "arabic": "باب ماجاء في فراش رسول الله صلى الله عليه وسلم",
    "english": "Narrations Of The Bed Of Sayyidina Rasoolullah"
  }
}