{"metadata":{"length":2,"arabic":{"title":"الشمائل المحمدية","author":"الإمام الترمذي","introduction":"باب ماجاء في حياء رسول الله صلى الله عليه وسلم"},"english":{"title":"Shama'il Muhammadiyah","author":"Imam Tirmidhi","introduction":"Modesty Of Sayyidina Rasoolullah"}},"hadiths":[{"id":1,"idInBook":1,"chapterId":49,"bookId":16,"arabic":"حَدَّثَنَا مَحْمُودُ بْنُ غَيْلانَ، قَالَ‏:‏ حَدَّثَنَا أَبُو دَاوُدَ، قَالَ‏:‏ حَدَّثَنَا شُعْبَةُ، عَنْ قَتَادَةَ، قَالَ‏:‏ سَمِعْتُ عَبْدَ اللهِ بْنَ أَبِي عُتْبَةَ، يُحَدِّثُ عَنْ أَبِي سَعِيدٍ الْخُدْرِيِّ، قَالَ‏:‏ كَانَ النَّبِيُّ صلى الله عليه وسلم أَشدَّ حَيَاءً مِنَ الْعَذرَاءِ فِي خِدْرِهَا، وَكَانَ إِذَا كَرِهَ شَيْئًا عَرَفْنَاهُ فِي وَجْهِهِ‏.‏","english":{"narrator":"Abu Sa'id al-Khudri said:","text":"\"He (Allah bless him and give him peace) was more bashful than the virgin in her boudoir, and when he disapproved of something, we knew it from the expression on his face.”"}},{"id":2,"idInBook":2,"chapterId":49,"bookId":16,"arabic":"حَدَّثَنَا مَحْمُودُ بْنُ غَيْلانَ، قَالَ‏:‏ حَدَّثَنَا وَكِيعٌ، قَالَ‏:‏ حَدَّثَنَا سُفْيَانُ، عَنْ مَنْصُورٍ، عَنْ مُوسَى بْنِ عَبْدِ اللهِ بْنِ يَزِيدَ الْخَطْمِيِّ، عَنْ مَوْلًى لِعَائِشَةَ، قَالَ‏:‏ قَالَتْ عَائِشَةُ‏:‏ مَا نَظَرْتُ إِلَى فَرْجِ رَسُولِ اللهِ صلى الله عليه وسلم أَوْ قَالَتْ‏:‏ مَا رَأَيْتُ فَرْجَ رَسُولِ اللهِ صلى الله عليه وسلم قَطُّ‏.‏","english":{"narrator":"'A’isha said:","text":"“I never looked at the private parts of Allah’s Messenger (Allah bless him and give him peace).” (Or she said: “I never saw the private parts of Allah’s Messenger (Allah bless him and give him peace).”"}}],"chapter":{"id":49,"bookId":16,"arabic":"باب ماجاء في حياء رسول الله صلى الله عليه وسلم","english":"Modesty Of Sayyidina Rasoolullah"}}