{
  "metadata": {
    "length": 8,
    "arabic": {
      "title": "الشمائل المحمدية",
      "author": "الإمام الترمذي",
      "introduction": "باب ما جاء في شيب رسول الله صلى الله عليه وسلم"
    },
    "english": {
      "title": "Shama'il Muhammadiyah",
      "author": "Imam Tirmidhi",
      "introduction": "Appearing Of The White Hair Of Rasoolullah"
    }
  },
  "hadiths": [
    {
      "id": 1,
      "idInBook": 1,
      "chapterId": 5,
      "bookId": 16,
      "arabic": "حَدَّثَنَا مُحَمَّدُ بْنُ بَشَّارٍ، قَالَ‏:‏ أَخْبَرَنَا أَبُو دَاوُدَ، قَالَ‏:‏ أَخْبَرَنَا هَمَّامٌ، عَنْ قَتَادَةَ، قَالَ‏:‏ قُلْتُ لأَنَسِ بْنِ مَالِكٍ‏:‏ هَلْ خَضَبَ رَسُولُ اللهِ صلى الله عليه وسلم‏؟‏ قَالَ‏:‏ لَمْ يَبْلُغْ ذَلِكَ، إِنَّمَا كَانَ شَيْبًا فِي صُدْغَيْهِ وَلَكِنْ أَبُو بَكْرٍ، خَضَبَ بِالْحِنَّاءِ وَالْكَتَمِ‏.‏",
      "english": {
        "narrator": "Qatada reports that he said:",
        "text": "‘I said to Anas ibn Malik:\n“Did Allah’s Messenger (Allah bless him and give him peace) dye his hair?” He replied: ‘He did not get to that, for he was grayed only in the hair covering his temples, but Abu Bakr (may Allah the Exalted be well pleased with him) dyed his hair with henna and a herbal mixture called katam.”"
      },
      "turkish": {
        "narrator": "Qatada reports that he said:",
        "text": "Katâde, Anas ibn Malik'e şöyle dediğini rivayet etmiştir: \"Ben, Allah'ın Resulü'nün (Allah ona salat ve selam eylesin) saçlarını boyayıp boyamadığını sordum.\" O da: \"Buna ulaşmadı, çünkü sadece şakaklarını kaplayan saçları beyazladı, ama Ebu Bekir (Allah ondan razı olsun) saçlarını henne ve katam adı verilen bir bitkisel karışımla boyadı.\" diye cevap verdi."
      }
    },
    {
      "id": 2,
      "idInBook": 2,
      "chapterId": 5,
      "bookId": 16,
      "arabic": "حَدَّثَنَا إِسْحَاقُ بْنُ مَنْصُورٍ، وَيَحْيَى بْنُ مُوسَى، قَالا‏:‏ حَدَّثَنَا عَبْدُ الرَّزَّاقِ، عَنْ مَعْمَرٍ، عَنْ ثَابِتٍ، عَنْ أَنَسٍ، قَالَ‏:‏ مَا عَدَدْتُ فِي رَأْسِ رَسُولِ اللهِ صلى الله عليه وسلم وَلِحْيَتِهِ، إِلا أَرْبَعَ عَشْرَةَ شَعَرَةً بَيْضَاءَ‏.‏",
      "english": {
        "narrator": "Anas ibn Malik said:",
        "text": "\"On the head of Allah’s Messenger (Allah bless him and give him peace) and his beard, I counted only fourteen white hairs.”"
      },
      "turkish": {
        "narrator": "Anas ibn Malik said:",
        "text": "Anas ibn Malik şöyle dedi: \"Allah'ın Resulü'nün (Allah ona salat ve selam eylesin) başında ve sakalında sadece on dört beyaz saç saydım.\""
      }
    },
    {
      "id": 3,
      "idInBook": 3,
      "chapterId": 5,
      "bookId": 16,
      "arabic": "حَدَّثَنَا مُحَمَّدُ بْنُ الْمُثَنَّى، قَالَ‏:‏ أَخْبَرَنَا أَبُو دَاوُدَ، قَالَ‏:‏ حَدَّثَنَا شُعْبَةُ، عَنْ سِمَاكِ بْنِ حَرْبٍ، قَالَ‏:‏ سَمِعْتُ جَابِرَ بْنَ سَمُرَةَ، وَقَدْ سُئِلَ عَنْ شَيْبِ رَسُولِ اللهِ صَلَّى اللَّهُ عَلَيْهِ وَسَلَّم، فَقَالَ‏:‏ كَانَ إِذَا دَهَنَ رَأْسَهُ لَمْ يُرَ مِنْهُ شَيْبٌ، وَإِذَا لَمْ يَدْهِنْ رُئِيَ مِنْهُ شَيْءٌ‏.‏",
      "english": {
        "narrator": "Jabir ibn Samura was asked about the grayness of Allah’s Messenger (Allah bless him and give him peace), so he said:",
        "text": "\"When he oiled his head, no grayness was visible, and when he did not apply oil, some was visible.”"
      },
      "turkish": {
        "narrator": "Jabir ibn Samura was asked about the grayness of Allah’s Messenger (Allah bless him and give him peace), so he said:",
        "text": "Cabir ibn Semura, Allah'ın Resulü'nün (Allah ona salat ve selam eylesin) beyazlığı hakkında sorulduğunda şöyle dedi: \"O, başını yağladığında hiçbir beyazlık görünmüyordu, yağlamadığında ise biraz görünüyordu.\""
      }
    },
    {
      "id": 4,
      "idInBook": 4,
      "chapterId": 5,
      "bookId": 16,
      "arabic": "حَدَّثَنَا مُحَمَّدُ بْنُ عَمْرِو بْنِ الْوَلِيدِ الْكِنْدِيُّ الْكُوفِيُّ، قَالَ‏:‏ حَدَّثَنَا يَحْيَى بْنُ آدَمَ، عَنْ شَرِيكٍ، عَنْ عُبَيْدِ اللهِ بْنِ عُمَرَ، عَنْ نَافِعٍ، عَنْ عَبْدِ اللهِ بْنِ عُمَرَ، قَالَ‏:‏ إِنَّمَا كَانَ شَيْبُ رَسُولِ اللهِ صلى الله عليه وسلم نَحْوًا مِنْ عِشْرِينَ شَعَرَةً بَيْضَاءَ‏.‏",
      "english": {
        "narrator": "'Abdullah ibn 'Umar said:",
        "text": "\"The hoariness of Allah’s Messenger (Allah bless him and give him peace) was merely about twenty white hairs.\""
      },
      "turkish": {
        "narrator": "'Abdullah ibn 'Umar said:",
        "text": "Abdullah ibn Umar şöyle dedi: \"Allah'ın Resulü'nün (Allah ona salat ve selam eylesin) beyazlığı sadece yirmi beyaz saç kadardı.\""
      }
    },
    {
      "id": 5,
      "idInBook": 5,
      "chapterId": 5,
      "bookId": 16,
      "arabic": "حَدَّثَنَا أَبُو كُرَيْبٍ مُحَمَّدُ بْنُ الْعَلاءِ، قَالَ‏:‏ حَدَّثَنَا مُعَاوِيَةُ بْنُ هِشَامٍ، عَنْ شَيْبَانَ، عَنْ أَبِي إِسْحَاقَ، عَنْ عِكْرِمَةَ، عَنِ ابْنِ عَبَّاسٍ، قَالَ‏:‏ قَالَ أَبُو بَكْرٍ‏:‏ يَا رَسُولَ اللهِ، قَدْ شِبْتَ، قَالَ‏:‏ شَيَّبَتْنِي هُودٌ، وَالْوَاقِعَةُ، وَالْمُرْسَلاتُ، وَعَمَّ يَتَسَاءَلُونَ، وَإِذَا الشَّمْسُ كُوِّرَتْ‏.‏",
      "english": {
        "narrator": "Ibn Abbas said:",
        "text": "Abu Bakr said: “O Messenger of Allah, you have grayed!” He said: 'I have been made gray-haired by Hud (Al-Qur'an; 11)), the calamity (Al-Qur'an; 56)), the winds sent forth (Al-Qur'an; 77)). what will they question one another about?’ (Al-Qur'an; 74)). and ‘when the sun is overthrown’ (Al-Qur'an; 81)'.\""
      },
      "turkish": {
        "narrator": "Ibn Abbas said:",
        "text": "İbn Abbas dedi ki: Ebu Bekir şöyle dedi: \"Ey Allah'ın Resulü, sen beyazladın!\" O da: \"Beni Hud (Kur'an; 11), felaket (Kur'an; 56), gönderilen rüzgarlar (Kur'an; 77) beyazlattı. Birbirlerine ne soracaklar?\" (Kur'an; 74) ve \"Güneş devrildiğinde\" (Kur'an; 81) dedi.\""
      }
    },
    {
      "id": 6,
      "idInBook": 6,
      "chapterId": 5,
      "bookId": 16,
      "arabic": "حَدَّثَنَا سُفْيَانُ بْنُ وَكِيعٍ، قَالَ‏:‏ حَدَّثَنَا مُحَمَّدُ بْنُ بِشْرٍ، عَنْ عَلِيِّ بْنِ صَالِحٍ، عَنْ أَبِي إِسْحَاقَ، عَنْ أَبِي جُحَيْفَةَ، قَالَ‏:‏ قَالُوا‏:‏ يَا رَسُولَ اللهِ، نَرَاكَ قَدْ شِبْتَ، قَالَ‏:‏ قَدْ شَيَّبَتْنِي هُودٌ وَأَخَوَاتُهَا‏.‏",
      "english": {
        "narrator": "Abu Juhaifa said:",
        "text": "\"O Messenger of Allah we notice that you have turned gray!’ He said: ‘The  Hud and its sisters have caused me to turn gray!’”"
      },
      "turkish": {
        "narrator": "Abu Juhaifa said:",
        "text": "Ebu Cuhayfa şöyle dedi: \"Ey Allah'ın Resulü, senin beyazladığını fark ettik!\" O da: \"Hud ve kardeşleri beni beyazlattı!\" diye cevap verdi."
      }
    },
    {
      "id": 7,
      "idInBook": 7,
      "chapterId": 5,
      "bookId": 16,
      "arabic": "حَدَّثَنَا عَلِيُّ بْنُ حُجْرٍ، قَالَ‏:‏ حَدَّثَنَا شُعَيْبُ بْنُ صَفْوَانَ، عَنْ عَبْدِ الْمَلِكِ بْنِ عُمَيْرٍ، عَنِ إِيَادِ بْنِ لَقِيطٍ الْعِجْلِيِّ، عَنْ أَبِي رِمْثَةَ التَّيْمِيِّ، تَيْمِ الرَّبَابِ، قَالَ‏:‏ أَتَيْتُ النَّبِيَّ صلى الله عليه وسلم، وَمَعِي ابْنٌ لِي، قَالَ‏:‏ فَأَرَيْتُهُ، فَقُلْتُ لَمَّا رَأَيْتُهُ‏:‏ هَذَا نَبِيُّ اللهِ صلى الله عليه وسلم وَعَلَيْهِ ثَوْبَانِ أَخْضَرَانِ، وَلَهُ شَعَرٌ قَدْ عَلاهُ الشَّيْبُ، وَشَيْبُهُ أَحْمَرُ‏.‏",
      "english": {
        "narrator": "Abu’r-Rimtha at-Taimi (the servant of ar-Rabab) said:",
        "text": "\"I came to the Prophet (Allah bless him and give him peace) with a son of mine, who said: 'So I was shown him, and I said when I saw him: ‘This is Allah’s Prophet (Allah bless him and give him peace). He is wearing two green garments, and he has hair that is topped with grayness, and its grayness is reddish'.”"
      },
      "turkish": {
        "narrator": "Abu’r-Rimtha at-Taimi (the servant of ar-Rabab) said:",
        "text": "Ebu'r-Rimtha et-Taymi (ar-Rabab'ın hizmetçisi) şöyle dedi: \"Ben, bir oğlumla birlikte Peygamber'e (Allah ona salat ve selam eylesin) geldim. O da: 'Onu bana gösterdiler, ben de onu görünce: 'Bu, Allah'ın Peygamberi (Allah ona salat ve selam eylesin). İki yeşil elbise giymiş, beyazlığı kırmızımsı olan saçları var.' dedim.\""
      }
    },
    {
      "id": 8,
      "idInBook": 8,
      "chapterId": 5,
      "bookId": 16,
      "arabic": "حَدَّثَنَا أَحْمَدُ بْنُ مَنِيعٍ، قَالَ‏:‏ حَدَّثَنَا سُرَيْجُ بْنُ النُّعْمَانِ، قَالَ‏:‏ حَدَّثَنَا حَمَّادُ بْنُ سَلَمَةَ، عَنْ سِمَاكِ بْنِ حَرْبٍ، قَالَ‏:‏ قِيلَ لِجَابِرِ بْنِ سَمُرَةَ‏:‏ أَكَانَ فِي رَأْسِ رَسُولِ اللهِ صلى الله عليه وسلم شَيْبٌ‏؟‏ قَالَ‏:‏ لَمْ يَكُنْ فِي رَأْسِ رَسُولِ اللهِ صلى الله عليه وسلم، شَيْبٌ إِلا شَعَرَاتٌ فِي مَفْرِقِ رَأْسِهِ، إِذَا ادَّهَنَ وَارَاهُنَّ الدُّهْنُ‏.‏",
      "english": {
        "narrator": "Jabir ibn Samura was asked:",
        "text": "“Was there any grayness of the head of Allah’s Messenger (Allah bless him and give him peace)?\" He replied: \"There was no grayness on the head of Allah’s Messenger (Allah bless him and give him peace), except some hairs in the part of his hair when he applied oil and the oil made them visible.”"
      },
      "turkish": {
        "narrator": "Jabir ibn Samura was asked:",
        "text": "Cabir ibn Semura'ya soruldu: \"Allah'ın Resulü'nün (Allah ona salat ve selam eylesin) başında herhangi bir beyazlık var mıydı?\" O da: \"Allah'ın Resulü'nün (Allah ona salat ve selam eylesin) başında beyazlık yoktu, sadece yağ sürdüğünde görünür hale gelen bazı saçlar vardı.\" diye cevap verdi."
      }
    }
  ],
  "chapter": {
    "id": 5,
    "bookId": 16,
    "arabic": "باب ما جاء في شيب رسول الله صلى الله عليه وسلم",
    "english": "Appearing Of The White Hair Of Rasoolullah"
  }
}