{
  "metadata": {
    "length": 6,
    "arabic": {
      "title": "الشمائل المحمدية",
      "author": "الإمام الترمذي",
      "introduction": "باب ماجاء في حجامة رسول الله صلى الله عليه وسلم"
    },
    "english": {
      "title": "Shama'il Muhammadiyah",
      "author": "Imam Tirmidhi",
      "introduction": "Hajaamah (Cupping-Cautering) Of Sayyidina Rasoolullah"
    }
  },
  "hadiths": [
    {
      "id": 1,
      "idInBook": 1,
      "chapterId": 50,
      "bookId": 16,
      "arabic": "حَدَّثَنَا عَلِيُّ بْنُ حُجْرٍ، قَالَ‏:‏ حَدَّثَنَا إِسْمَاعِيلُ بْنُ جَعْفَرٍ، عَنْ حُمَيْدٍ، قَالَ‏:‏ سُئِلَ أَنَسُ بْنُ مَالِكٍ عَنْ كَسْبِ الْحَجَّامِ، فَقَالَ‏:‏ احْتَجَمَ رَسُولُ اللهِ صلى الله عليه وسلم، حَجَمَهُ أَبُو طَيْبَةَ، فَأَمَرَ لَهُ بِصَاعَيْنِ مِنْ طَعَامٍ، وَكَلَّمَ أَهْلَهُ فَوَضَعُوا عَنْهُ مِنْ خَرَاجِهِ، وَقَالَ‏:‏ إِنَّ أَفْضَلَ مَا تَدَاوَيْتَمْ بِهِ الْحِجَامَةُ، أَوْ إِنَّ مِنْ أَمْثَلِ دَوَائِكُمُ الْحِجَامَةَ‏.‏",
      "english": {
        "narrator": "Anas ibn Malik said:",
        "text": "\"Allah’s Messenger (Allah bless him and give him peace) sought to have blood drawn from him by the operation of cupping. Abu Taiba cupped him, so he ordered two measures of food for him, and he spoke to his people, so they relieved him of some of his tax. He also said: 'Cupping is the most excellent means by which you can provide medical treatment.’”"
      },
      "turkish": {
        "narrator": "Anas ibn Malik said:",
        "text": "Enes ibn Malik dedi ki: \"Allah’ın Messenger'ı (Allah ona salat ve selam eylesin) kendisinden kan aldırmak için hacamat yaptırmayı istedi. Ebu Taiba ona hacamat yaptı, bunun üzerine o da onun için iki ölçü yiyecek sipariş etti ve halkıyla konuştu, böylece ondan bazı vergilerini hafiflettiler. Ayrıca şöyle dedi: 'Hacamat, tıbbi tedavi sağlamak için en mükemmel yöntemdir.'\""
      }
    },
    {
      "id": 2,
      "idInBook": 2,
      "chapterId": 50,
      "bookId": 16,
      "arabic": "حَدَّثَنَا عَمْرُو بْنُ عَلِيٍّ، قَالَ‏:‏ حَدَّثَنَا أَبُو دَاوُدَ، قَالَ‏:‏ حَدَّثَنَا وَرْقَاءُ بْنُ عُمَرَ، عَنْ عَبْدِ الأَعْلَى، عَنْ أَبِي جَمِيلَةَ، عَنْ عَلِيٍّ‏:‏ أَنَّ النَّبِيَّ صلى الله عليه وسلم، احْتَجَمَ وَأَمَرَنِي فَأَعْطَيْتُ الْحَجَّامَ أَجْرَهُ‏.‏",
      "english": {
        "narrator": "Ali said:",
        "text": "“The Prophet (Allah bless him and give him peace) had the operation of cupping performed upon him, and on his instructions I gave the cupper his fee.”"
      },
      "turkish": {
        "narrator": "Ali said:",
        "text": "Ali dedi ki: “Peygamber (Allah ona salat ve selam eylesin) hacamat yaptırdı ve onun talimatıyla ben de hacamatçının ücretini verdim.”"
      }
    },
    {
      "id": 3,
      "idInBook": 3,
      "chapterId": 50,
      "bookId": 16,
      "arabic": "حَدَّثَنَا هَارُونُ بْنُ إِسْحَاقَ الْهَمْدَانِيُّ، قَالَ‏:‏ حَدَّثَنَا عَبْدَةُ، عَنْ سُفْيَانَ الثَّوْرِيِّ، عَنْ جَابِرٍ، عَنِ الشَّعْبِيِّ، عَنِ ابْنِ عَبَّاسٍ، قَالَ‏:‏ إِنَّ النَّبِيَّ صلى الله عليه وسلم احْتَجَمَ فِي الأَخْدَعَيْنِ، وَبَيْنَ الْكَتِفَيْنِ، وَأَعْطَى الْحَجَّامَ أَجْرَهُ، وَلَوْ كَانَ حَرَامًا لَمْ يُعْطِهِ‏.‏",
      "english": {
        "narrator": "Ibn Abbas said:",
        "text": "\"The Prophet (Allah bless him and give him peace) had cupping performed between the two veins in the neck and between the shoulders. He also gave the cupper his fee, which\nhe would not have done if cupping had been unlawful.”"
      },
      "turkish": {
        "narrator": "Ibn Abbas said:",
        "text": "İbn Abbas dedi ki: \"Peygamber (Allah ona salat ve selam eylesin) boyundaki iki damarın arasında ve omuzlarının arasında hacamat yaptırdı. Ayrıca hacamatçıya ücretini verdi, eğer hacamat haram olsaydı bunu yapmazdı.\""
      }
    },
    {
      "id": 4,
      "idInBook": 4,
      "chapterId": 50,
      "bookId": 16,
      "arabic": "حَدَّثَنَا هَارُونُ بْنُ إِسْحَاقَ، قَالَ‏:‏ حَدَّثَنَا عَبْدَةُ، عَنِ ابْنِ أَبِي لَيْلَى، عَنْ نَافِعٍ، عَنِ ابْنِ عُمَرَ، أَنَّ النَّبِيَّ صلى الله عليه وسلم، دَعَا حَجَّامًا فَحَجَمَهُ وَسَأَلَهُ‏:‏ كَمْ خَرَاجُكَ‏؟‏ فَقَالَ‏:‏ ثَلاثَةُ آصُعٍ، فَوَضَعَ عَنْهُ صَاعًا وَأَعْطَاهُ أَجْرَهُ‏.‏",
      "english": {
        "narrator": "Ibn 'Umar said:",
        "text": "\"The Prophet (Allah bless him and give him peace) summoned a cupper, so he cupped him. Then he asked him: “How much is your tax?” He said: “Three measures of grain,” so he reduced his tax by one measure and gave him his fee.”"
      },
      "turkish": {
        "narrator": "Ibn 'Umar said:",
        "text": "İbn 'Umar dedi ki: \"Peygamber (Allah ona salat ve selam eylesin) bir hacamatçı çağırdı, o da ona hacamat yaptı. Sonra ona sordu: 'Vergin ne kadar?' O da: 'Üç ölçü tahıl,' dedi, bunun üzerine o vergisini bir ölçü azaltarak ona ücretini verdi.\""
      }
    },
    {
      "id": 5,
      "idInBook": 5,
      "chapterId": 50,
      "bookId": 16,
      "arabic": "حَدَّثَنَا عَبْدُ الْقُدُّوسِ بْنُ مُحَمَّدٍ الْعَطَّارُ الْبَصْرِيُّ، قَالَ‏:‏ حَدَّثَنَا عَمْرُو بْنُ عَاصِمٍ، قَالَ‏:‏ حَدَّثَنَا هَمَّامٌ، وَجَرِيرُ بْنُ حَازِمٍ، قَالَ‏:‏ حَدَّثَنَا قَتَادَةُ، عَنْ أَنَسِ بْنِ مَالِكٍ، قَالَ‏:‏ كَانَ رَسُولُ اللهِ صلى الله عليه وسلم يَحْتَجِمُ فِي الأَخْدَعَيْنِ وَالْكَاهِلِ، وَكَانَ يَحْتَجِمُ لِسَبْعَ عَشْرَةَ، وَتِسْعَ عَشْرَةَ، وَإِحْدَى وَعِشْرِينَ‏.‏",
      "english": {
        "narrator": "Anas ibn Malik said (may Allah be well pleased with him):",
        "text": "\"Allah’s Messenger (Allah bless him and give him peace) used to have cupping performed between the two veins of the neck and in the upper back, and he used to undergo cupping on the seventeenth, nineteenth and twenty-first days of the month.”"
      },
      "turkish": {
        "narrator": "Anas ibn Malik said (may Allah be well pleased with him):",
        "text": "Enes ibn Malik dedi ki (Allah ondan razı olsun): \"Allah’ın Messenger'ı (Allah ona salat ve selam eylesin) boyundaki iki damarın arasında ve üst sırtında hacamat yaptırırdı ve ayın on yedinci, on dokuzuncu ve yirmi birinci günlerinde hacamat yaptırırdı.\""
      }
    },
    {
      "id": 6,
      "idInBook": 6,
      "chapterId": 50,
      "bookId": 16,
      "arabic": "حَدَّثَنَا إِسْحَاقُ بْنُ مَنْصُورٍ، قَالَ‏:‏ أَنْبَأَنَا عَبْدُ الرَّزَّاقِ، عَنْ مَعْمَرٍ، عَنْ قَتَادَةَ، عَنْ أَنَسِ بْنِ مَالِكٍ‏:‏ أَنَّ رَسُولَ اللهِ صلى الله عليه وسلم احْتَجَمَ وَهُوَ مُحْرِمٌ بَمَلَلٍ عَلَى ظَهْرِ الْقَدَمِ‏.‏",
      "english": {
        "narrator": "Anas ibn Malik said:",
        "text": "\"Allah’s Messenger (Allah bless him and give him peace) underwent cupping on the top of the foot, while he was in the state of Pilgrim consecration in Malal .”"
      },
      "turkish": {
        "narrator": "Anas ibn Malik said:",
        "text": "Enes ibn Malik dedi ki: \"Allah’ın Messenger'ı (Allah ona salat ve selam eylesin) Malal'de ihram halinde iken ayağının üstüne hacamat yaptırdı.\""
      }
    }
  ],
  "chapter": {
    "id": 50,
    "bookId": 16,
    "arabic": "باب ماجاء في حجامة رسول الله صلى الله عليه وسلم",
    "english": "Hajaamah (Cupping-Cautering) Of Sayyidina Rasoolullah"
  }
}