{
  "metadata": {
    "length": 2,
    "arabic": {
      "title": "الشمائل المحمدية",
      "author": "الإمام الترمذي",
      "introduction": "باب ماجاء في أسماء رسول الله صلى الله عليه وسلم"
    },
    "english": {
      "title": "Shama'il Muhammadiyah",
      "author": "Imam Tirmidhi",
      "introduction": "The Names Of Sayyidina Rasoolullah"
    }
  },
  "hadiths": [
    {
      "id": 1,
      "idInBook": 1,
      "chapterId": 51,
      "bookId": 16,
      "arabic": "عن سَعِيدُ بْنُ عَبْدِ الرَّحْمَنِ الْمَخْزُومِيُّ، وَغَيْرُ وَاحِدٍ، قَالُوا‏:‏ حَدَّثَنَا سُفْيَانُ، عَنِ الزُّهْرِيِّ، عَنْ مُحَمَّدِ بْنِ جُبَيْرِ بْنِ مُطْعِمٍ، عَنْ أَبِيهِ، قَالَ‏:‏ قَالَ رَسُولُ اللهِ صلى الله عليه وسلم‏:‏ إِنَّ لِي أَسْمَاءً، أَنَا مُحَمَّدٌ، وَأَنَا أَحْمَدُ، وَأَنَا الْمَاحِي الَّذِي يَمْحُو اللَّهُ بِيَ الْكُفْرَ، وَأَنَا الْحَاشِرُ الَّذِي يُحْشَرُ النَّاسُ عَلَى قَدَمِي، وَأَنَا الْعَاقِبُ الَّذِي لَيْسَ بَعْدَهُ نَبِيٌّ‏.‏",
      "english": {
        "narrator": "Muhammad ibn Jubair ibn Mut'im reported that his father said:",
        "text": "\"Allah’s Messenger said (Allah bless him and give him peace): “Verily I have several names: I am Muhammad; I am Ahmad; I am al-Mahi  means the one after whom there is no Prophet.)"
      },
      "turkish": {
        "narrator": "Muhammad ibn Jubair ibn Mut'im reported that his father said:",
        "text": "Muhammed ibn Cubeyr ibn Mut'im, babasından şöyle rivayet etmiştir: \"Allah'ın Elçisi (Allah ona salat ve selam eylesin) dedi ki: “Şüphesiz benim birçok ismim vardır: Ben Muhammed'im; Ben Ahmed'im; Ben al-Mahi'yim (sonrasında hiçbir Peygamberin gelmeyeceği anlamına gelir).”"
      }
    },
    {
      "id": 2,
      "idInBook": 2,
      "chapterId": 51,
      "bookId": 16,
      "arabic": "حَدَّثَنَا مُحَمَّدُ بْنُ طَرِيفٍ الْكُوفِيُّ، قَالَ‏:‏ حَدَّثَنَا أَبُو بَكْرِ بْنُ عَيَّاشٍ، عَنْ عَاصِمٍ، عَنْ أَبِي وَائِلٍ، عَنْ حُذَيْفَةَ، قَالَ‏:‏ لَقِيتُ النَّبِيَّ صلى الله عليه وسلم، فِي بَعْضِ طُرُقِ الْمَدِينَةِ، فَقَالَ‏:‏ أَنَا مُحَمَّدٌ، وَأَنَا أَحْمَدُ، وَأَنَا نَبِيُّ الرَّحْمَةِ، وَنَبِيُّ التَّوْبَةِ، وَأَنَا الْمُقَفَّى، وَأَنَا الْحَاشِرُ، وَنَبِيُّ الْمَلاحِمِ‏.‏\n\nحَدَّثَنَا إِسْحَاقُ بْنُ مَنْصُورٍ، قَالَ‏:‏ حَدَّثَنَا النَّضْرُ بْنُ شُمَيْلٍ، قَالَ‏:‏ أَنْبَأَنَا حَمَّادُ بْنُ سَلَمَةَ، عَنْ عَاصِمٍ، عَنْ زِرٍّ، عَنْ حُذَيْفَةَ، عَنِ النَّبِيِّ صلى الله عليه وسلم، نَحْوَهُ بِمَعْنَاهُ، هَكَذَا، قَالَ حَمَّادُ بْنُ سَلَمَةَ، عَنْ عَاصِمٍ، عَنْ زِرٍّ، عَنْ حُذَيْفَةَ‏.‏",
      "english": {
        "narrator": "Hudhaifa said:",
        "text": "\"I encountered the Prophet (Allah bless him and give him peace) in one of the streets of Medina, and he said: “I am Muhammad; I am Ahmad; I am the Prophet of Mercy and the Prophet of Repentance; I am the Follower ; I am the Gatherer and the Prophet of the Fierce Battles.”"
      },
      "turkish": {
        "narrator": "Hudhaifa said:",
        "text": "Hudeyfe dedi ki: \"Medine'nin sokaklarından birinde Peygamber (Allah ona salat ve selam eylesin) ile karşılaştım ve o şöyle dedi: “Ben Muhammed'im; Ben Ahmed'im; Ben Rahmet Peygamberiyim ve Tövbe Peygamberiyim; Ben Takipçiyim; Ben Toplayıcıyım ve Şiddetli Savaşların Peygamberiyim.”"
      }
    }
  ],
  "chapter": {
    "id": 51,
    "bookId": 16,
    "arabic": "باب ماجاء في أسماء رسول الله صلى الله عليه وسلم",
    "english": "The Names Of Sayyidina Rasoolullah"
  }
}