{"metadata":{"length":11,"arabic":{"title":"الشمائل المحمدية","author":"الإمام الترمذي","introduction":"باب ماجاء في رؤية رسول الله صلى الله عليه وسلم"},"english":{"title":"Shama'il Muhammadiyah","author":"Imam Tirmidhi","introduction":"The Seeing Of Rasoolullah In a Dream"}},"hadiths":[{"id":1,"idInBook":1,"chapterId":56,"bookId":16,"arabic":"حَدَّثَنَا مُحَمَّدُ بْنُ بَشَّارٍ، قَالَ‏:‏ حَدَّثَنَا عَبْدُ الرَّحْمَنِ بْنُ مَهْدِيٍّ، قَالَ‏:‏ حَدَّثَنَا سُفْيَانُ، عَنْ أَبِي إِسْحَاقَ، عَنْ أَبِي الأَحْوَصِ، عَنْ عَبْدِ اللهِ بْنِ مَسْعُودٍ، عَنِ النَّبِيِّ صلى الله عليه وسلم، قَالَ‏:‏ مَنْ رَآنِي فِي الْمَنَامِ فَقَدْ رَآنِي فَإِنَّ الشَّيْطَانَ لا يَتَمَثَّلُ بِي‏.‏","english":{"narrator":"'Abdullah ibn Mas'ud, that the Prophet said (Allah bless him and give him peace):","text":"“If someone sees me in his sleep, he has indeed seen me, for Satan cannot imitate me!\""}},{"id":2,"idInBook":2,"chapterId":56,"bookId":16,"arabic":"حَدَّثَنَا مُحَمَّدُ بْنُ بَشَّارٍ، وَمُحَمَّدُ بْنُ الْمُثَنَّى، قَالا‏:‏ حَدَّثَنَا مُحَمَّدُ بْنُ جَعْفَرٍ، قَالَ‏:‏ حَدَّثَنَا شُعْبَةُ، عَنْ أَبِي حُصَينٍ، عَنْ أَبِي صَالِحٍ، عَنْ أَبِي هُرَيْرَةَ، قَالَ‏:‏ قَالَ رَسُولُ اللهِ صلى الله عليه وسلم‏:‏ مَنْ رَآنِي فِي الْمَنَامِ فَقَدْ رَآنِي، فَإِنَّ الشَّيْطَانَ لا يَتَصَوَّرُ أَوْ قَالَ‏:‏ لا يَتَشَبَّهُ بِي‏.‏","english":{"narrator":"Abu Huraira (may Allah be well pleased with him) said:","text":"“Allah’s Messenger said (Allah bless him and give him peace): ‘If someone sees me in his sleep, he has indeed seen me, for Satan cannot appear in disguise as me’(or: ‘cannot imitate me’).”"}},{"id":3,"idInBook":3,"chapterId":56,"bookId":16,"arabic":"حَدَّثَنَا قُتَيْبَةُ، قَالَ‏:‏ حَدَّثَنَا خَلَفُ بْنُ خَلِيفَةَ، عَنْ أَبِي مَالِكٍ الأَشْجَعِيِّ، عَنْ أَبِيهِ، قَالَ‏:‏ قَالَ رَسُولُ اللهِ صلى الله عليه وسلم‏:‏ مَنْ رَآنِي فِي الْمَنَامِ فَقَدْ رَآنِي، قَالَ أَبُو عِيسَى‏:‏ وَأَبُو مَالِكٍ هَذَا هُوَ‏:‏ سَعْدُ بْنُ طَارِقِ بْنِ أَشْيَمَ، وَطَارِقُ بْنُ أَشْيَمَ هُوَ مِنْ أَصْحَابِ النَّبِيِّ صلى الله عليه وسلم، وَقَدْ رَوَى عَنِ النَّبِيِّ صلى الله عليه وسلم أَحَادِيثَ","english":{"narrator":"Abu Malik al-Ashja'i reported that his father said:","text":"\"Allah’s Messenger said (Allah bless him and give him peace): “If someone sees me in his sleep, he has indeed seen me!”"}},{"id":4,"idInBook":4,"chapterId":56,"bookId":16,"arabic":"سَمِعْتُ عَلِيَّ بْنَ حُجْرٍ، يَقُولُ‏:‏ قَالَ خَلَفُ بْنُ خَلِيفَةَ‏:‏ رَأَيْتُ عَمْرَو بْنَ حُرَيْثٍ صَاحِبَ النَّبِيِّ صلى الله عليه وسلم، وَأَنَا غُلامٌ صَغِيرٌ‏","english":{"narrator":"Khalaf ibn Khalifa said:","text":"“I saw Amr ibn Huraith, the Companion of the Prophet (Allah bless him and give him peace), when I was a little boy.”"}},{"id":5,"idInBook":5,"chapterId":56,"bookId":16,"arabic":"حَدَّثَنَا قُتَيْبَةُ هُوَ ابْنُ سَعِيدٍ، قَالَ‏:‏ حَدَّثَنَا عَبْدُ الْوَاحِدِ بْنُ زِيَادٍ، عَنْ عَاصِمِ بْنِ كُلَيْبٍ، قَالَ‏:‏ حَدَّثَنِي أَبِي، أَنَّهُ سَمِعَ أَبَا هُرَيْرَةَ، يَقُولُ‏:‏ قَالَ رَسُولُ اللهِ صلى الله عليه وسلم‏:‏ مَنْ رَآنِي فِي الْمَنَامِ فَقَدْ رَآنِي، فَإِنَّ الشَّيْطَانَ لا يَتَمَثَّلُنِي، قَالَ أَبِي‏:‏ فَحَدَّثْتُ بِهِ ابْنَ عَبَّاسٍ، فَقُلْتُ‏:‏ قَدْ رَأَيْتُهُ، فَذَكَرْتُ الْحَسَنَ بْنَ عَلِيٍّ، فَقُلْتُ‏:‏ شَبَّهْتُهُ بِهِ، فَقَالَ ابْنُ عَبَّاسٍ‏:‏ إِنَّهُ كَانَ يُشْبِهُهُ‏.‏","english":{"narrator":"'Asim ibn Kulaib’s father heard Abu Huraira say:","text":"“Allah’s Messenger (Allah bless him and give him peace) said: ‘If someone sees me in his sleep, he has indeed seen me, for Satan cannot imitate me!’ The father then related this to Ibn Abbas, saying that he had seen the Prophet. He also mentioned al-Hasan ibn ‘Ali, noting that he resembled the Prophet. To this Ibn 'Abbas replied, ‘Yes, he resembled him.’”"}},{"id":6,"idInBook":6,"chapterId":56,"bookId":16,"arabic":"حَدَّثَنَا مُحَمَّدُ بْنُ بَشَّارٍ، قَالَ‏:‏ حَدَّثَنَا ابْنُ أَبِي عَدِيٍّ، وَمُحَمَّدُ بْنُ جَعْفَرٍ، قَالا‏:‏ حَدَّثَنَا عَوْفُ بْنُ أَبِي جَمِيلَةَ، عَنْ يَزِيدَ الْفَارِسِيِّ وَكَانَ يَكْتُبُ الْمَصَاحِفَ، قَالَ‏:‏ رَأَيْتُ النَّبِيَّ صلى الله عليه وسلم فِي الْمَنَامِ زَمَنَ ابْنِ عَبَّاسٍ، قَالَ‏:‏ فَقُلْتُ لابْنِ عَبَّاسٍ‏:‏ إِنِّي رَأَيْتُ رَسُولَ اللهِ صلى الله عليه وسلم فِي النَّوْمِ، فَقَالَ ابْنُ عَبَّاسٍ‏:‏ إِنَّ رَسُولَ اللهِ كَانَ، يَقُولُ‏:‏ إِنَّ الشَّيْطَانَ لا يَسْتَطِيعُ أَنْ يَتَشَبَّهَ بِي، فَمَنْ رَآنِي فِي النَّوْمِ فَقَدْ رَآنِي، هَلْ تَسْتَطِيعُ أَنْ تَنْعَتَ هَذَا الرَّجُلَ الَّذِي رَأَيْتَهُ فِي النَّوْمِ‏؟‏ قَالَ‏:‏ نَعَمْ، أَنْعَتُ لَكَ رَجُلا بَيْنَ الرَّجُلَيْنِ، جِسْمُهُ وَلَحْمُهُ أَسْمَرُ إِلَى الْبَيَاضِ، أَكْحَلُ الْعَيْنَيْنِ، حَسَنُ الضَّحِكِ، جَمِيلُ دَوَائِرِ الْوَجْهِ، مَلأَتْ لِحْيَتُهُ مَا بَيْنَ هَذِهِ إِلَى هَذِهِ، قَدْ مَلأَتْ نَحْرَهُ، قَالَ عَوْفٌ‏:‏ وَلا أَدْرِي مَا كَانَ مَعَ هَذَا النَّعْتِ، فَقَالَ ابْنُ عَبَّاسٍ‏:‏ لَوْ رَأَيْتَهُ فِي الْيَقَظَةِ مَا اسْتَطَعْتَ أَنْ تَنْعَتَهُ فَوْقَ هَذَا‏.‏‏\n\nقال أبو عيسى: ويزيد الفارسي هو يزيد بن هرمز وهو أقدم من يزيد الرقاشي وروى يزيد الفارسي عن ابن عباس أحاديث.\nويزيد الرقاشي لم يدرك ابن عباس، وهو يزيد بن أبان الرقاشي وهو يروي عن أنس بن مالك. ويزيد الفارسي ويزيد الرقاشي كلاهما من أهل البصرة وعوف بن أبي جميلة هو عوف الأعرابي.","english":{"narrator":"Yazid al-Farisi, who used to inscribe copies of the Qur’an said:","text":"“I saw the Prophet (Allah bless him and give him peace) in my sleep in the time of Ibn 'Abbas, so I said to Ibn 'Abbas:\n‘I saw Allah’s Messenger (Allah bless him and give him peace) in my sleep!’\nIbn 'Abbas said: “Allah’s Messenger (Allah bless him and give him peace) used to say: ‘Satan cannot imitate me, so if someone sees me in his sleep, he has indeed seen me!’ Can you describe this man whom you saw in your sleep?” “Yes,” he said. “I shall describe for you an average man: his body and his flesh were brown-to-white; he was black eyed, endowed with a pleasant smile and handsome facial features; his beard went from here to here, and it came down over the top of his chest.”\n'Awf said: \"I do not know what could be added to this description,” and Ibn 'Abbas said: \"If you had seen him in the state of wakefulness, you could not have described him more accurately than this.”"}},{"id":7,"idInBook":7,"chapterId":56,"bookId":16,"arabic":"حدثنا أبو داود سليمان بن سلم البلخي، حدثنا النضر بن شميل‏.‏ قال‏:‏ قال عوف الأعرابي‏:‏ أنا أكبر من قتادة‏.‏‏.‏","english":{"narrator":"(Regarding one of the narrators of the previous narration) `Awf (Abu Jamilah) al-A`rabi said:","text":"\"I am older then Qatadah.\""}},{"id":8,"idInBook":8,"chapterId":56,"bookId":16,"arabic":"حَدَّثَنَا عَبْدُ اللهِ بْنُ أَبِي زِيَادٍ، قَالَ‏:‏ حَدَّثَنَا يَعْقُوبُ بْنُ إِبْرَاهِيمَ بْنِ سَعْدٍ، قَالَ‏:‏ حَدَّثَنَا ابْنُ أَخِي ابْنِ شِهَابٍ الزُّهْرِيُّ، عَنْ عَمِّهِ، قَالَ‏:‏ قَالَ أَبُو سَلَمَةَ‏:‏ قَالَ أَبُو قَتَادَةَ‏:‏ قَالَ رَسُولُ اللهِ صلى الله عليه وسلم‏:‏ مَنْ رَآنِي، يَعْنِي فِي النَّوْمِ، فَقَدْ رَأَى الْحَقَّ‏.‏‏.‏","english":{"narrator":"Abu Qatada said:","text":"“Allah’s Messenger said (Allah bless him and give him peace): ‘If someone sees me (meaning in his sleep), he has seen me truly!'”"}},{"id":9,"idInBook":9,"chapterId":56,"bookId":16,"arabic":"حَدَّثَنَا عَبْدُ اللهِ بْنُ عَبْدِ الرَّحْمَنِ الدَّارِمِيُّ، قَالَ‏:‏ حَدَّثَنَا مُعَلَّى بْنُ أَسَدٍ، قَالَ‏:‏ حَدَّثَنَا عَبْدُ الْعَزِيزِ بْنُ الْمُخْتَارِ، قَالَ‏:‏ حَدَّثَنَا ثَابِتٌ، عَنْ أَنَسٍ‏:‏ أَنَّ رَسُولَ اللهِ صلى الله عليه وسلم، قَالَ‏:‏ مَنْ رَآنِي فِي الْمَنَامِ فَقَدْ رَآنِي، فَإِنَّ الشَّيْطَانَ لا يَتَخَيَّلُ بِي وَقَالَ‏:‏ وَرُؤْيَا الْمُؤْمِنِ جُزْءٌ مِنْ سِتَّةٍ وَأَرْبَعِينَ جُزْءًا مِنَ النُّبُوَّةِ‏.‏","english":{"narrator":"Anas said:","text":"\"The Prophet said (Allah bless him and give him peace): 'If someone sees me in his sleep, he has indeed seen me, for Satan cannot impersonate me!' He also said: 'The vision of the believer is one of forty-six parts of Prophethood.'\""}},{"id":10,"idInBook":10,"chapterId":56,"bookId":16,"arabic":"حدثنا محمد بن علي، قال سمعت أبي يقول‏:‏ قال عبد الله ابن المبارك‏:‏ إذا ابتليت بالقضاء فعليك بالأثر‏.‏","english":{"narrator":"Abdu llah ibn al-Mubarak said:","text":"“If you are afflicted with the responsibility of judgeship, you must follow the !”"}},{"id":11,"idInBook":11,"chapterId":56,"bookId":16,"arabic":"حَدَّثَنَا مُحَمَّدُ بْنُ عَلِيٍّ ، قَالَ : حَدَّثَنَا النَّضْرُ بْنُ شُمَيْلٍ ، قَالَ : أَنْبَأَنَا ابْنُ عَوْنٍ ، عَنِ ابْنِ سِيرِينَ ، قَالَ : \n\" هَذَا الْحَدِيثُ دِينٌ ، فَانْظُرُوا عَمَّنْ تَأَخُذُونَ دِينَكُمْ \" .","english":{"narrator":"Ibn Sirin said:","text":"\"This tradition  is religion, so consider from whom you accept your religion.”"}}],"chapter":{"id":56,"bookId":16,"arabic":"باب ماجاء في رؤية رسول الله صلى الله عليه وسلم","english":"The Seeing Of Rasoolullah In a Dream"}}