{"metadata":{"length":5,"arabic":{"title":"الشمائل المحمدية","author":"الإمام الترمذي","introduction":"باب ما جاء في خضاب رسول الله صلى الله عليه وسلم"},"english":{"title":"Shama'il Muhammadiyah","author":"Imam Tirmidhi","introduction":"Rasoolullah Using a Dye"}},"hadiths":[{"id":1,"idInBook":1,"chapterId":6,"bookId":16,"arabic":"حَدَّثَنَا أَحْمَدُ بْنُ مَنِيعٍ ، قَالَ : حَدَّثَنَا هُشَيْمٌ ، قَالَ : حَدَّثَنَا عَبْدُ الْمَلِكِ بْنُ عُمَيْرٍ ، عَنِ إِيَادِ بْنِ لَقِيطٍ ، قَالَ : أَخْبَرَنِي أَبُو رِمْثَةَ ، قَالَ : أَتَيْتُ رَسُولَ اللَّهِ صَلَّى اللَّهُ عَلَيْهِ وَسَلَّمَ مَعَ ابْنٍ لِي ، فَقَالَ : \" ابْنُكَ هَذَا ؟ \" فَقُلْتُ : نَعَمْ , أَشْهَدُ بِهِ ، قَالَ : \" لا يَجْنِي عَلَيْكَ ، وَلا تَجْنِي عَلَيْهِ \" ، قَالَ : وَرَأَيْتُ الشَّيْبَ أَحْمَرَ ، قَالَ أَبُو عِيسَى : هَذَا أَحْسَنُ شَيْءٍ رُوِيَ فِي هَذَا الْبَابِ ، وَأَفْسَرُ لأَنَّ الرِّوَايَاتِ الصَّحِيحَةَ أَنَّ النَّبِيَّ صَلَّى اللَّهُ عَلَيْهِ وَسَلَّمَ لَمْ يَبْلُغِ الشَّيْبَ . وَأَبُو رِمْثَةَ اسْمُهُ : رِفَاعَةُ بْنُ يَثْرِبِيٍّ التَّيْمِيُّ .","english":{"narrator":"Abu Rimtha informed:","text":"“I came to the Prophet (Allah bless him and give him peace) with a son of mine, so he said; ‘Is this your son?’ I said: ‘Yes,\nI acknowledge him!’ He said: ‘He must not harm you, and you must not harm him!’ I also noticed that the grayness of his hair was reddish.”"}},{"id":2,"idInBook":2,"chapterId":6,"bookId":16,"arabic":"حَدَّثَنَا سُفْيَانُ بْنُ وَكِيعٍ، قَالَ‏:‏ حَدَّثَنَا أَبِي، عَنْ شَرِيكٍ، عَنْ عُثْمَانَ بْنِ مَوْهَبٍ، قَالَ‏:‏ سُئِلَ أَبُو هُرَيْرَةَ‏:‏ هَلْ خَضَبَ رَسُولُ اللهِ صلى الله عليه وسلم‏؟‏ قَالَ‏:‏ نَعَمْ‏.‏\n\nقال أبو عيسى: وروى أبو عوانة هذا الحديث عن عثمان بن عبد الله بن موهب فقال عن أم سلمة","english":{"narrator":"Abu Huraira was asked:","text":"“Did Allah’s Messenger (Allah bless him and give him peace) dye ?” He said: “Yes!”"}},{"id":3,"idInBook":3,"chapterId":6,"bookId":16,"arabic":"حَدَّثَنَا إِبْرَاهِيمُ بْنُ هَارُونَ، قَالَ‏:‏ أَنْبَأَنَا النَّضْرُ بْنُ زُرَارَةَ، عَنْ أَبِي جَنَابٍ، عَنْ إِيَادِ بْنِ لَقِيطٍ، عَنِ الْجَهْدَمَةِ، امْرَأَةِ بِشْرِ ابْنِ الْخَصَاصِيَّةِ، قَالَتْ‏:‏ أَنَا رَأَيْتُ رَسُولَ اللهِ صلى الله عليه وسلم يَخْرُجُ مِنْ بَيْتِهِ يَنْفُضُ رَأْسَهُ وَقَدِ اغْتَسَلَ، وَبِرَأْسِهِ رَدْعٌ مِنْ حِنَّاءٍ أَوْ قَالَ‏:‏ رَدْغٌ شَكَّ فِي هَذَا الشَّيْخُ‏.‏","english":{"narrator":"Al-Jahdama, the wife of Bishr ibn al- Khasasiyya, said:","text":"\"I saw Allah’s Messenger (Allah bless him and give him peace) come out of his house shaking his head, for he had performed the major ritual ablution, and on his head there was some trace of henna.\" (Or he said: saffron. The Shaikh doubted this.)"}},{"id":4,"idInBook":4,"chapterId":6,"bookId":16,"arabic":"حَدَّثَنَا عَبْدُ اللهِ بْنُ عَبْدِ الرَّحْمَنِ، قَالَ‏:‏ حَدَّثَنَا عَمْرُو بْنُ عَاصِمٍ، قَالَ‏:‏ حَدَّثَنَا حَمَّادُ بْنُ سَلَمَةَ، قَالَ‏:‏ حَدَّثَنَا حُمَيْدٌ، عَنْ أَنَسٍ، قَالَ‏:‏ رَأَيْتُ شَعَرَ رَسُولِ اللهِ صلى الله عليه وسلم مَخْضُوبًا‏.‏","english":{"narrator":"Humaid told us that Anas said:","text":"\"I saw the hair of Allah’s Messenger (Allah bless him and give him peace)dyed.”"}},{"id":5,"idInBook":5,"chapterId":6,"bookId":16,"arabic":"قَالَ حَمَّادٌ : وَأَخْبَرَنَا عَبْدُ اللَّهِ بْنُ مُحَمَّدِ بْنِ عَقِيلٍ قَالَ : رَأَيْتُ شَعْرَ رَسُولِ اللَّهِ صَلَّى اللَّهُ عَلَيْهِ وَسَلَّمَ عِنْدَ أَنَسِ بْنِ مَالِكٍ مَخْضُوبًا","english":{"narrator":"Hammad said:","text":"'Abdullah ibn Muhammad ibn 'Uqail also informed us: \"I saw the hair of Allah’s Messenger (Allah bless him and give him peace) dyed in the presence of Anas ibn Malik.\""}}],"chapter":{"id":6,"bookId":16,"arabic":"باب ما جاء في خضاب رسول الله صلى الله عليه وسلم","english":"Rasoolullah Using a Dye"}}