{"metadata":{"length":5,"arabic":{"title":"الشمائل المحمدية","author":"الإمام الترمذي","introduction":"باب ما جاء في كُحل رسول الله صلى الله عليه وسلم"},"english":{"title":"Shama'il Muhammadiyah","author":"Imam Tirmidhi","introduction":"Kuhl Of Rasoolullah"}},"hadiths":[{"id":1,"idInBook":1,"chapterId":7,"bookId":16,"arabic":"حَدَّثَنَا مُحَمَّدُ بْنُ حُمَيْدٍ الرَّازِيُّ، قَالَ‏:‏ حَدَّثَنَا أَبُو دَاوُدَ الطَّيَالِسِيُّ، عَنْ عَبَّادِ بْنِ مَنْصُورٍ، عَنْ عِكْرِمَةَ، عَنِ ابْنِ عَبَّاسٍ، أَنَّ النَّبِيَّ صلى الله عليه وسلم، قَالَ‏:‏ اكْتَحِلُوا بِالإِثْمِدِ، فَإِنَّهُ يَجْلُو الْبَصَرَ، وَيُنْبِتُ الشَّعْرَ وَزَعَمَ أَنَّ النَّبِيَّ صلى الله عليه وسلم، كَانَتْ لَهُ مُكْحُلَةٌ يَكْتَحِلُ مِنْهَا كُلَّ لَيْلَةٍ، ثَلاثَةً فِي هَذِهِ، وَثَلاثَةً فِي هَذِهِ‏.‏","english":{"narrator":"Ibn 'Abbas reported that the Prophet said (Allah bless him and give him peace):","text":"\"Color the edges of the eyelids with antimony ,and three times in that."}},{"id":2,"idInBook":2,"chapterId":7,"bookId":16,"arabic":"حَدَّثَنَا عَبْدُ اللهِ بْنُ الصَّبَّاحِ الْهَاشِمِيُّ الْبَصْرِيُّ، قَالَ‏:‏ حَدَّثَنَا عُبَيْدُ اللهِ بْنُ مُوسَى، قَالَ‏:‏ حَدَّثَنَا إِسْرَائِيلُ، عَنْ عَبَّادِ بْنِ مَنْصُورٍ ‏(‏ح‏)‏ وَحَدَّثَنَا عَلِيُّ بْنُ حُجْرٍ، قَالَ‏:‏ حَدَّثَنَا يَزِيدُ بْنُ هَارُونَ، قَالَ‏:‏ حَدَّثَنَا عَبَّادُ بْنُ مَنْصُورٍ، عَنْ عِكْرِمَةَ، عَنِ ابْنِ عَبَّاسٍ، قَالَ‏:‏ كَانَّ رَسُولُ اللهِ صلى الله عليه وسلم يَكْتَحِلُ قَبْلَ أَنْ يَنَامَ بِالإِثْمِدِ، ثَلاثًا فِي كُلِّ عَيْنٍ، وَقَالَ يَزِيدُ بْنُ هَارُونَ، فِي حَدِيثِهِ‏:‏ إِنَّ النَّبِيَّ صلى الله عليه وسلم، كَانَتْ لَهُ مُكْحُلَةٌ يَكْتَحِلُ مِنْهَا عِنْدَ النَّوْمِ، ثَلاثًا فِي كُلِّ عَيْنٍ‏.‏","english":{"narrator":"Ibn 'Abbas said:","text":"“Allah’s Messenger (Allah bless him and give him peace) used to color the edges of his eyelids with antimony before going to sleep, three times in each eye.\nYazid ibn Harun also said in his tradition: “The Prophet (Allah bless him and give him peace) had a kohl jar from which he used to apply kohl to his eyelashes before going to sleep, three times in each eye.”"}},{"id":3,"idInBook":3,"chapterId":7,"bookId":16,"arabic":"حَدَّثَنَا أَحْمَدُ بْنُ مَنِيعٍ، قَالَ‏:‏ حَدَّثَنَا مُحَمَّدُ بْنُ يَزِيدَ، عَنْ مُحَمَّدِ بْنِ إِسْحَاقَ، عَنْ مُحَمَّدِ بْنِ الْمُنْكَدِرِ، عَنْ جَابِرٍ هُوَ ابْنُ عَبْدِ اللهِ، قَالَ‏:‏ قَالَ رَسُولُ اللهِ صلى الله عليه وسلم‏:‏ عَلَيْكُمْ بِالإِثْمِدِ عِنْدَ النَّوْمِ، فَإِنَّهُ يَجْلُو الْبَصَرَ، وَيُنْبِتُ الشَّعْرَ‏.‏","english":{"narrator":"Jabir (i.e. Ibn Abdillah) said:","text":"\"Allah’s Messenger said (Allah bless him and give him peace): “You must apply antimony before going to sleep, for it clears the vision and makes the eyelashes grow.”"}},{"id":4,"idInBook":4,"chapterId":7,"bookId":16,"arabic":"حَدَّثَنَا قُتَيْبَةُ بْنُ سَعِيدٍ، قَالَ‏:‏ حَدَّثَنَا بِشْرُ بْنُ الْمُفَضَّلِ، عَنْ عَبْدِ اللهِ بْنِ عُثْمَانَ بْنِ خُثَيْمٍ، عَنْ سَعِيدِ بْنِ جُبَيْرٍ، عَنِ ابْنِ عَبَّاسٍ، قَالَ‏:‏ قَالَ رَسُولُ اللهِ صلى الله عليه وسلم‏:‏ إِنَّ خَيْرَ أَكْحَالِكُمُ الإِثْمِدُ، يَجْلُو الْبَصَرَ، وَيُنْبِتُ الشَّعْرَ‏.‏","english":{"narrator":"Ibn \"Abbas said:","text":"\"Allah’s Messenger said (Allah bless him and give him peace): 'The best of your eye salves is antimony, for it clears the vision and makes the eyelashes grow.'”"}},{"id":5,"idInBook":5,"chapterId":7,"bookId":16,"arabic":"حَدَّثَنَا إِبْرَاهِيمُ بْنُ الْمُسْتَمِرِّ الْبَصْرِيُّ، قَالَ‏:‏ حَدَّثَنَا أَبُو عَاصِمٍ، عَنْ عُثْمَانَ بْنِ عَبْدِ الْمَلِكِ، عَنْ سَالِمٍ، عَنِ ابْنِ عُمَرَ، قَالَ‏:‏ قَالَ رَسُولُ اللهِ صلى الله عليه وسلم‏:‏ عَلَيْكُمْ بِالإِثْمِدِ، فَإِنَّهُ يَجْلُو الْبَصَرَ، وَيُنْبِتُ الشَّعْرَ‏.‏","english":{"narrator":"Ibn 'Umar said:","text":"\"You must apply antimony, for it clears the vision and makes the eyelashes grow.”"}}],"chapter":{"id":7,"bookId":16,"arabic":"باب ما جاء في كُحل رسول الله صلى الله عليه وسلم","english":"Kuhl Of Rasoolullah"}}