{"metadata":{"length":2,"arabic":{"title":"الشمائل المحمدية","author":"الإمام الترمذي","introduction":"باب ما جاء في خف رسول الله صلى الله عليه وسلم"},"english":{"title":"Shama'il Muhammadiyah","author":"Imam Tirmidhi","introduction":"The Khuff (Leather Socks) Of Rasoolullah"}},"hadiths":[{"id":1,"idInBook":1,"chapterId":9,"bookId":16,"arabic":"حَدَّثَنَا هَنَّادُ بْنُ السَّرِيِّ، قَالَ‏:‏ حَدَّثَنَا وَكِيعٌ، عَنْ دَلْهَمِ بْنِ صَالِحٍ، عَنْ حُجَيْرِ بْنِ عَبْدِ اللهِ، عَنِ ابْنِ بُرَيْدَةَ، عَنْ أَبِيهِ، أَنَّ النَّجَاشِيَّ أَهْدَى لِلنَّبِيِّ صلى الله عليه وسلم، خُفَّيْنِ، أَسْوَدَيْنِ، سَاذَجَيْنِ، فَلَبِسَهُمَا ثُمَّ تَوَضَّأَ وَمَسَحَ عَلَيْهِمَا‏.‏","english":{"narrator":"Ibn Buraida reported that his father said:","text":"\"The Negus  gave the Prophet (Allah bless him and give him peace) a pair of plain black shoes, so he put them on, then performed the minor ritual ablution and wiped over them.”"}},{"id":2,"idInBook":2,"chapterId":9,"bookId":16,"arabic":"حَدَّثَنَا قُتَيْبَةُ بْنُ سَعِيدٍ، قَالَ‏:‏ حَدَّثَنَا يَحْيَى بْنُ زَكَرِيَّا بْنِ أَبِي زَائِدَةَ، عَنِ الْحَسَنِ بْنِ عَيَّاشٍ، عَنْ أَبِي إِسْحَاقَ، عَنِ الشَّعْبِيِّ، قَالَ‏:‏ قَالَ الْمُغِيرَةُ بْنُ شُعْبَةَ‏:‏ أَهْدَى دِحْيَةُ لِلنَّبِيِّ صلى الله عليه وسلم خُفَّيْنِ، فَلَبِسَهُمَا وَقَالَ إِسْرَائِيلُ‏:‏ عَنْ جَابِرٍ، عَنْ عَامِرٍ، وَجُبَّةً فَلَبِسَهُمَا حَتَّى تَخَرَّقَا لا يَدْرِي النَّبِيُّ صلى الله عليه وسلم، أَذِكًى هُمَا أَمْ لا‏.‏\n\nقال أبو عيسى: وأبو إسحاق هذا هو أبو إسحاق الشيباني واسمه سليمان.","english":{"narrator":"Al-Mughira ibn Shu'ba said:","text":"\"Dihya  a gown, so he wore the shoes until they were perforated, without the Prophet (Allah bless him and give him peace) knowing whether or not they were made from the hide of a lawfully slaughtered animal.”"}}],"chapter":{"id":9,"bookId":16,"arabic":"باب ما جاء في خف رسول الله صلى الله عليه وسلم","english":"The Khuff (Leather Socks) Of Rasoolullah"}}