{
  "id": "ahmed",
  "numericId": 8,
  "arabic": {
    "title": "مسند الإمام أحمد",
    "author": "الإمام أحمد بن حنبل",
    "introduction": ""
  },
  "english": {
    "title": "Musnad Ahmad",
    "author": "Imam Ahmad ibn Hanbal",
    "introduction": ""
  },
  "hadithsCount": 1374,
  "chapters": [
    {
      "id": 1,
      "arabic": "مُسْنَدُ أَبِي بَكْرٍ الصِّدِّيقِ رَضِيَ اللَّهُ عَنْهُ",
      "english": "Musnad Abu Bakr as-Siddiq (ra)",
      "hadithsCount": 77,
      "file": "chapters/1.json"
    },
    {
      "id": 2,
      "arabic": "مُسْنَدِ عُمَرَ بْنِ الْخَطَّابِ رَضِيَ اللَّهُ عَنْهُ",
      "english": "Musnad `Umar b. al-Khattab (ra)",
      "hadithsCount": 291,
      "file": "chapters/2.json"
    },
    {
      "id": 3,
      "arabic": "حَدِيثُ السَّقِيفَةِ",
      "english": "The Hadeeth of Saqeefah",
      "hadithsCount": 8,
      "file": "chapters/3.json"
    },
    {
      "id": 4,
      "arabic": "مُسْنَدُ عُثْمَانَ بْنِ عَفَّانَ رَضِيَ اللَّهُ عَنْهُ",
      "english": "Musnad Uthman ibn Affan",
      "hadithsCount": 152,
      "file": "chapters/4.json"
    },
    {
      "id": 5,
      "arabic": "وَمِنْ مُسْنَدِ عَلِيِّ بْنِ أَبِي طَالِبٍ رَضِيَ اللَّهُ عَنْهُ",
      "english": "Musnad 'Ali Ibn Abi Talib",
      "hadithsCount": 778,
      "file": "chapters/5.json"
    },
    {
      "id": 6,
      "arabic": "مُسْنَدُ أَبِي مُحَمَّدٍ طَلْحَةَ بْنِ عُبَيْدِ اللَّهِ رَضِيَ اللَّهُ تَعَالَى عَنْهُ",
      "english": "Musnad of Abu Muhammad Talhah bin 'Ubaidullah",
      "hadithsCount": 22,
      "file": "chapters/6.json"
    },
    {
      "id": 7,
      "arabic": "مُسْنَدُ الزُّبَيْرِ بْنِ الْعَوَّامِ رَضِيَ اللَّهُ عَنْهُ",
      "english": "The Musnad of az-Zubair bin al-'Awwam",
      "hadithsCount": 31,
      "file": "chapters/7.json"
    },
    {
      "id": 31,
      "arabic": "حَدِيثُ أَبِي رِمْثَةَ عَنْ النَّبِيَّ رَضِيَ اللَّهُ عَنْهُ",
      "english": "",
      "hadithsCount": 15,
      "file": "chapters/31.json"
    }
  ]
}