{"metadata":{"length":67,"arabic":{"title":"سنن ابن ماجه","author":"الإمام محمد بن يزيد بن ماجه القزويني","introduction":"كتاب الأحكام"},"english":{"title":"Sunan Ibn Majah","author":"Imam Muhammad ibn Yazid Ibn Majah al-Qazwini","introduction":"The Chapters on Rulings"}},"hadiths":[{"id":1,"idInBook":1,"chapterId":13,"bookId":6,"arabic":"حَدَّثَنَا أَبُو بَكْرِ بْنُ أَبِي شَيْبَةَ، حَدَّثَنَا مُعَلَّى بْنُ مَنْصُورٍ، عَنْ عَبْدِ اللَّهِ بْنِ جَعْفَرٍ، عَنْ عُثْمَانَ بْنِ مُحَمَّدٍ، عَنِ الْمَقْبُرِيِّ، عَنْ أَبِي هُرَيْرَةَ، عَنِ النَّبِيِّ ـ صلى الله عليه وسلم ـ قَالَ ‏\n\"‏ مَنْ جُعِلَ قَاضِيًا بَيْنَ النَّاسِ فَقَدْ ذُبِحَ بِغَيْرِ سِكِّينٍ ‏\"‏ ‏.‏","english":{"narrator":"It was narrated from Abu Hurairah that the Prophet (ﷺ) said:","text":"“Whoever is appointed judge between the people, he has been slaughtered without a knife.”"}},{"id":2,"idInBook":2,"chapterId":13,"bookId":6,"arabic":"حَدَّثَنَا عَلِيُّ بْنُ مُحَمَّدٍ، وَمُحَمَّدُ بْنُ إِسْمَاعِيلَ، قَالاَ حَدَّثَنَا وَكِيعٌ، حَدَّثَنَا إِسْرَائِيلُ، عَنْ عَبْدِ الأَعْلَى، عَنْ بِلاَلِ بْنِ أَبِي مُوسَى، عَنْ أَنَسِ بْنِ مَالِكٍ، قَالَ قَالَ رَسُولُ اللَّهِ صلى الله عليه وسلم ‏\n\"‏ مَنْ سَأَلَ الْقَضَاءَ وُكِلَ إِلَى نَفْسِهِ وَمَنْ جُبِرَ عَلَيْهِ نَزَلَ إِلَيْهِ مَلَكٌ فَسَدَّدَهُ ‏\"‏ ‏.‏","english":{"narrator":"It was narrated from Anas bin Malik that the Messenger of Allah (ﷺ) said:","text":"“Whoever asks to be appointed a judge, will be entrusted to himself, but “Whoever asks to be appointed a judge, will be entrusted to himself, but whoever is forced to accept position, an angel will come down to him and guide him.' ”"}},{"id":3,"idInBook":3,"chapterId":13,"bookId":6,"arabic":"حَدَّثَنَا عَلِيُّ بْنُ مُحَمَّدٍ، حَدَّثَنَا يَعْلَى، وَأَبُو مُعَاوِيَةَ عَنِ الأَعْمَشِ، عَنْ عَمْرِو بْنِ مُرَّةَ، عَنْ أَبِي الْبَخْتَرِيِّ، عَنْ عَلِيٍّ، قَالَ بَعَثَنِي رَسُولُ اللَّهِ صلى الله عليه وسلم إِلَى الْيَمَنِ فَقُلْتُ يَا رَسُولَ اللَّهِ تَبْعَثُنِي وَأَنَا شَابٌّ أَقْضِي بَيْنَهُمْ وَلاَ أَدْرِي مَا الْقَضَاءُ قَالَ فَضَرَبَ فِي صَدْرِي بِيَدِهِ ثُمَّ قَالَ ‏\n\"‏ اللَّهُمَّ اهْدِ قَلْبَهُ وَثَبِّتْ لِسَانَهُ ‏\"‏ ‏.‏ قَالَ فَمَا شَكَكْتُ بَعْدُ فِي قَضَاءٍ بَيْنَ اثْنَيْنِ ‏.‏","english":{"narrator":"It was narrated that 'Ali said:","text":"“The Messenger of Allah (ﷺ) sent me to Yemen. I said: 'O Messenger of Allah, you are sending me to judge between them while I am a young man, and I do not know how to judge.' He struck me on the chest with his hand and said: 'O Allah, guide his heart and make his tongue steadfast.' And after that I never doubted in passing judgment between two people.”"}},{"id":4,"idInBook":4,"chapterId":13,"bookId":6,"arabic":"حَدَّثَنَا أَبُو بَكْرِ بْنُ خَلاَّدٍ الْبَاهِلِيُّ، حَدَّثَنَا يَحْيَى بْنُ سَعِيدٍ الْقَطَّانُ، حَدَّثَنَا مُجَالِدٌ، عَنْ عَامِرٍ، عَنْ مَسْرُوقٍ، عَنْ عَبْدِ اللَّهِ، قَالَ قَالَ رَسُولُ اللَّهِ صلى الله عليه وسلم ‏\n\"‏ مَا مِنْ حَاكِمٍ يَحْكُمُ بَيْنَ النَّاسِ إِلاَّ جَاءَ يَوْمَ الْقِيَامَةِ وَمَلَكٌ آخِذٌ بِقَفَاهُ ثُمَّ يَرْفَعُ رَأْسَهُ إِلَى السَّمَاءِ فَإِنْ قَالَ أَلْقِهِ أَلْقَاهُ فِي مَهْوَاةٍ أَرْبَعِينَ خَرِيفًا ‏\"‏ ‏.‏","english":{"narrator":"It was narrated that 'Abdullah said:","text":"“The Messenger of Allah (ﷺ) said: “There is no judge who judges between the people but on the Day of Resurrection an angel will come and take hold of the back of his head towards the sky and if it said: “Throw him, “he will throw into an abyss the depth of forty autumns (years).' ”"}},{"id":5,"idInBook":5,"chapterId":13,"bookId":6,"arabic":"حَدَّثَنَا أَحْمَدُ بْنُ سِنَانٍ، حَدَّثَنَا مُحَمَّدُ بْنُ بِلاَلٍ، عَنْ عِمْرَانَ الْقَطَّانِ، عَنْ حُسَيْنٍ، - يَعْنِي ابْنَ عِمْرَانَ - عَنْ أَبِي إِسْحَاقَ الشَّيْبَانِيِّ، عَنْ عَبْدِ اللَّهِ بْنِ أَبِي أَوْفَى، قَالَ قَالَ رَسُولُ اللَّهِ صلى الله عليه وسلم ‏\n\"‏ إِنَّ اللَّهَ مَعَ الْقَاضِي مَا لَمْ يَجُرْ فَإِذَا جَارَ وَكَلَهُ إِلَى نَفْسِهِ ‏\"‏ ‏.‏","english":{"narrator":"It was narrated from 'Abdullah bin Abu Awfa that the Messenger of Allah (ﷺ) said:","text":"“Allah is with the judge so long as he is not unjust, but if he rules unjustly, He entrusts him to himself.”"}},{"id":6,"idInBook":6,"chapterId":13,"bookId":6,"arabic":"حَدَّثَنَا عَلِيُّ بْنُ مُحَمَّدٍ، حَدَّثَنَا وَكِيعٌ، حَدَّثَنَا ابْنُ أَبِي ذِئْبٍ، عَنْ خَالِهِ الْحَارِثِ بْنِ عَبْدِ الرَّحْمَنِ، عَنْ أَبِي سَلَمَةَ، عَنْ عَبْدِ اللَّهِ بْنِ عَمْرٍو، قَالَ قَالَ رَسُولُ اللَّهِ صلى الله عليه وسلم ‏\n\"‏ لَعْنَةُ اللَّهِ عَلَى الرَّاشِي وَالْمُرْتَشِي ‏\"‏ ‏.‏","english":{"narrator":"It was narrated from 'Abdullah bin 'Amr that the Messenger of Allah (ﷺ) said:","text":"“The curse of Allah is upon the one who offers a bribe and the one who takes it.”"}},{"id":7,"idInBook":7,"chapterId":13,"bookId":6,"arabic":"حَدَّثَنَا هِشَامُ بْنُ عَمَّارٍ، حَدَّثَنَا عَبْدُ الْعَزِيزِ بْنُ مُحَمَّدٍ الدَّرَاوَرْدِيُّ، حَدَّثَنَا يَزِيدُ بْنُ عَبْدِ اللَّهِ بْنِ الْهَادِ، عَنْ مُحَمَّدِ بْنِ إِبْرَاهِيمَ التَّيْمِيِّ، عَنْ بُسْرِ بْنِ سَعِيدٍ، عَنْ أَبِي قَيْسٍ، - مَوْلَى عَمْرِو بْنِ الْعَاصِ - عَنْ عَمْرِو بْنِ الْعَاصِ، أَنَّهُ سَمِعَ رَسُولَ اللَّهِ صلى الله عليه وسلم يَقُولُ ‏\n\"‏ إِذَا حَكَمَ الْحَاكِمُ فَاجْتَهَدَ فَأَصَابَ فَلَهُ أَجْرَانِ وَإِذَا حَكَمَ فَاجْتَهَدَ فَأَخْطَأَ فَلَهُ أَجْرٌ ‏\"‏ ‏.‏ \nقَالَ يَزِيدُ فَحَدَّثْتُ بِهِ أَبَا بَكْرِ بْنَ عَمْرِو بْنِ حَزْمٍ، فَقَالَ هَكَذَا حَدَّثَنِيهِ أَبُو سَلَمَةَ، عَنْ أَبِي هُرَيْرَة‏.‏َ","english":{"narrator":"It was narrated from 'Amr bin 'As that he heard the Messenger of Allah (ﷺ) say:","text":"“When the judge passes a judgement and does his best and gets it right, he will have two rewards, and if he passes a judgement and does his best and gets it wrong, he will have one reward.” (Sahih)\n\nYazid (one of narrators) said : “So I Narrated it to Abu Bakr bin 'Amr bin Hazm. He said: 'This is how it was narrated to me by Abu Salamah from Abu Hurairah.'”"}},{"id":8,"idInBook":8,"chapterId":13,"bookId":6,"arabic":"حَدَّثَنَا إِسْمَاعِيلُ بْنُ تَوْبَةَ، حَدَّثَنَا خَلَفُ بْنُ خَلِيفَةَ، حَدَّثَنَا أَبُو هَاشِمٍ، قَالَ لَوْلاَ حَدِيثُ ابْنِ بُرَيْدَةَ عَنْ أَبِيهِ، عَنْ رَسُولِ اللَّهِ صلى الله عليه وسلم قَالَ ‏\n\"‏ الْقُضَاةُ ثَلاَثَةٌ اثْنَانِ فِي النَّارِ وَوَاحِدٌ فِي الْجَنَّةِ رَجُلٌ عَلِمَ الْحَقَّ فَقَضَى بِهِ فَهُوَ فِي الْجَنَّةِ وَرَجُلٌ قَضَى لِلنَّاسِ عَلَى جَهْلٍ فَهُوَ فِي النَّارِ وَرَجُلٌ جَارَ فِي الْحُكْمِ فَهُوَ فِي النَّارِ ‏\"‏ ‏.‏ لَقُلْنَا إِنَّ الْقَاضِيَ إِذَا اجْتَهَدَ فَهُوَ فِي الْجَنَّةِ ‏.‏","english":{"narrator":"Abu Hashim said:","text":"“Were it not for the Hadith of Ibn Buraidah from his father, from the Prophet (ﷺ) who said: 'Judges are of three types, two of whom will be in Hell and one will be in Paradise. The man who knows the truth and rules in accordance with it, will be in Paradise. The man who passes judgment on the people in ignorance will be in Hell' - we would have said that if the judge does his best he will be in Paradise.”"}},{"id":9,"idInBook":9,"chapterId":13,"bookId":6,"arabic":"حَدَّثَنَا هِشَامُ بْنُ عَمَّارٍ، وَمُحَمَّدُ بْنُ عَبْدِ اللَّهِ بْنِ يَزِيدَ، وَأَحْمَدُ بْنُ ثَابِتٍ الْجَحْدَرِيُّ، قَالُوا حَدَّثَنَا سُفْيَانُ بْنُ عُيَيْنَةَ، عَنْ عَبْدِ الْمَلِكِ بْنِ عُمَيْرٍ، أَنَّهُ سَمِعَ عَبْدَ الرَّحْمَنِ بْنَ أَبِي بَكْرَةَ، عَنْ أَبِيهِ، أَنَّ رَسُولَ اللَّهِ صلى الله عليه وسلم قَالَ ‏\n\"‏ لاَ يَقْضِي الْقَاضِي بَيْنَ اثْنَيْنِ وَهُوَ غَضْبَانُ ‏\"‏ ‏.‏ قَالَ هِشَامٌ لاَ يَنْبَغِي لِلْحَاكِمِ أَنْ يَقْضِيَ بَيْنَ اثْنَيْنِ وَهُوَ غَضْبَانُ ‏.‏","english":{"narrator":"It was narrated from 'Abdul-Malik bin 'Umair that he heard 'Abdur-Rahman bin Abu Bakrah (narrate) from his father that the Messenger of Allah (ﷺ) said:","text":"“Let the judge (Qadi) not pass a judgment when he is angry.”"}},{"id":10,"idInBook":10,"chapterId":13,"bookId":6,"arabic":"حَدَّثَنَا أَبُو بَكْرِ بْنُ أَبِي شَيْبَةَ، حَدَّثَنَا وَكِيعٌ، حَدَّثَنَا هِشَامُ بْنُ عُرْوَةَ، عَنْ أَبِيهِ، عَنْ زَيْنَبَ بِنْتِ أُمِّ سَلَمَةَ، عَنْ أُمِّ سَلَمَةَ، قَالَتْ قَالَ رَسُولُ اللَّهِ صلى الله عليه وسلم ‏\n\"‏ إِنَّكُمْ تَخْتَصِمُونَ إِلَىَّ وَإِنَّمَا أَنَا بَشَرٌ وَلَعَلَّ بَعْضَكُمْ أَنْ يَكُونَ أَلْحَنَ بِحُجَّتِهِ مِنْ بَعْضٍ وَإِنَّمَا أَقْضِي بَيْنَكُمْ عَلَى نَحْوٍ مِمَّا أَسْمَعُ مِنْكُمْ فَمَنْ قَضَيْتُ لَهُ مِنْ حَقِّ أَخِيهِ شَيْئًا فَلاَ يَأْخُذْهُ فَإِنَّمَا أَقْطَعُ لَهُ قِطْعَةً مِنَ النَّارِ يَأْتِي بِهَا يَوْمَ الْقِيَامَةِ ‏\"‏ ‏.‏","english":{"narrator":"It was narrated from Umm Salamah that the Messenger of Allah (ﷺ) said:","text":"“You refer your disputes to me and I am only human. Perhaps some of you may be more eloquent in presenting your case than others, so I rule in your favor because of what I hear from you. If I pass a judgement in favor of one of you that detracts from his brother's rights, then he should not take it, because it is a piece of fire that is given to him which he will bring forth on the Day Resurrection.”"}},{"id":11,"idInBook":11,"chapterId":13,"bookId":6,"arabic":"حَدَّثَنَا أَبُو بَكْرِ بْنُ أَبِي شَيْبَةَ، حَدَّثَنَا مُحَمَّدُ بْنُ بِشْرٍ، حَدَّثَنَا مُحَمَّدُ بْنُ عَمْرٍو، عَنْ أَبِي سَلَمَةَ بْنِ عَبْدِ الرَّحْمَنِ، عَنْ أَبِي هُرَيْرَةَ، قَالَ قَالَ رَسُولُ اللَّهِ صلى الله عليه وسلم ‏\n\"‏ إِنَّمَا أَنَا بَشَرٌ وَلَعَلَّ بَعْضَكُمْ أَنْ يَكُونَ أَلْحَنَ بِحُجَّتِهِ مِنْ بَعْضٍ فَمَنْ قَطَعْتُ لَهُ مِنْ حَقِّ أَخِيهِ قِطْعَةً فَإِنَّمَا أَقْطَعُ لَهُ قِطْعَةً مِنَ النَّارِ ‏\"‏ ‏.‏","english":{"narrator":"It was narrated from Abu Hurairah that the Messenger of Allah (ﷺ) said:","text":"“I am only human, and some of you may be more eloquent in presenting your case than others. If I pass a judgement in his favor that detracts from his brother's rights, I am giving him a piece of fire.”"}},{"id":12,"idInBook":12,"chapterId":13,"bookId":6,"arabic":"حَدَّثَنَا عَبْدُ الْوَارِثِ بْنُ عَبْدِ الصَّمَدِ بْنِ عَبْدِ الْوَارِثِ بْنِ سَعِيدٍ أَبُو عُبَيْدَةَ، حَدَّثَنِي أَبِي قَالَ، حَدَّثَنِي أَبِي، حَدَّثَنِي الْحُسَيْنُ بْنُ ذَكْوَانَ، عَنْ عَبْدِ اللَّهِ بْنِ بُرَيْدَةَ، قَالَ حَدَّثَنِي يَحْيَى بْنُ يَعْمُرَ، أَنَّ أَبَا الأَسْوَدِ الدِّيلِيَّ، حَدَّثَهُ عَنْ أَبِي ذَرٍّ، أَنَّهُ سَمِعَ رَسُولَ اللَّهِ صلى الله عليه وسلم يَقُولُ ‏\n\"‏ مَنِ ادَّعَى مَا لَيْسَ لَهُ فَلَيْسَ مِنَّا وَلْيَتَبَوَّأْ مَقْعَدَهُ مِنَ النَّارِ ‏\"‏ ‏.‏","english":{"narrator":"It was narrated from Abu Dharr that he heard the Messenger of Allah (ﷺ) say:","text":"“Whoever claims something that does not belong to him; he is not one of us, so let him take his place in Hell.”"}},{"id":13,"idInBook":13,"chapterId":13,"bookId":6,"arabic":"حَدَّثَنَا مُحَمَّدُ بْنُ ثَعْلَبَةَ بْنِ سَوَاءٍ، حَدَّثَنِي عَمِّي، مُحَمَّدُ بْنُ سَوَاءٍ عَنْ حُسَيْنٍ الْمُعَلِّمِ، عَنْ مَطَرٍ الْوَرَّاقِ، عَنْ نَافِعٍ، عَنِ ابْنِ عُمَرَ، قَالَ قَالَ رَسُولُ اللَّهِ صلى الله عليه وسلم ‏\n\"‏ مَنْ أَعَانَ عَلَى خُصُومَةٍ بِظُلْمٍ - أَوْ يُعِينُ عَلَى ظُلْمٍ - لَمْ يَزَلْ فِي سَخَطِ اللَّهِ حَتَّى يَنْزِعَ ‏\"‏ ‏.‏","english":{"narrator":"It was narrated from Ibn 'Umar that the Messenger of Allah (ﷺ) said:","text":"“Whoever takes the wrongdoer's side in a dispute or supports wrongdoing, he will remain subject to the wrath of Allah until he gives it up.”"}},{"id":14,"idInBook":14,"chapterId":13,"bookId":6,"arabic":"حَدَّثَنَا حَرْمَلَةُ بْنُ يَحْيَى الْمِصْرِيُّ، حَدَّثَنَا عَبْدُ اللَّهِ بْنُ وَهْبٍ، أَنْبَأَنَا ابْنُ جُرَيْجٍ، عَنِ ابْنِ أَبِي مُلَيْكَةَ، عَنِ ابْنِ عَبَّاسٍ، أَنَّ رَسُولَ اللَّهِ صلى الله عليه وسلم قَالَ ‏\n\"‏ لَوْ يُعْطَى النَّاسُ بِدَعْوَاهُمُ ادَّعَى نَاسٌ دِمَاءَ رِجَالٍ وَأَمْوَالَهُمْ وَلَكِنِ الْيَمِينُ عَلَى الْمُدَّعَى عَلَيْهِ ‏\"‏ ‏.‏","english":{"narrator":"It was narrated from Ibn 'Abbas that the Messenger of Allah (ﷺ) said:","text":"“If the people were given what they claimed, some would have claimed the lives and property of men. But the one the claim is made against is obliged to swear an oath.”"}},{"id":15,"idInBook":15,"chapterId":13,"bookId":6,"arabic":"حَدَّثَنَا مُحَمَّدُ بْنُ عَبْدِ اللَّهِ بْنِ نُمَيْرٍ، وَعَلِيُّ بْنُ مُحَمَّدٍ، قَالاَ حَدَّثَنَا وَكِيعٌ، وَأَبُو مُعَاوِيَةَ قَالاَ حَدَّثَنَا الأَعْمَشُ، عَنْ شَقِيقٍ، عَنِ الأَشْعَثِ بْنِ قَيْسٍ، قَالَ كَانَ بَيْنِي وَبَيْنَ رَجُلٍ مِنَ الْيَهُودِ أَرْضٌ فَجَحَدَنِي فَقَدَّمْتُهُ إِلَى النَّبِيِّ صلى الله عليه وسلم فَقَالَ لِي رَسُولُ اللَّهِ صلى الله عليه وسلم ‏\"‏ هَلْ لَكَ بَيِّنَةٌ ‏\"‏ ‏.‏ قُلْتُ لاَ ‏.‏ قَالَ لِلْيَهُودِيِّ ‏\"‏ احْلِفْ ‏\"‏ ‏.‏ قُلْتُ إِذًا يَحْلِفَ فَيَذْهَبَ بِمَالِي ‏.‏ فَأَنْزَلَ اللَّهُ سُبْحَانَهُ ‏{إِنَّ الَّذِينَ يَشْتَرُونَ بِعَهْدِ اللَّهِ وَأَيْمَانِهِمْ ثَمَنًا قَلِيلاً}‏ إِلَى آخِرِ الآيَةِ ‏.‏","english":{"narrator":"It was narrated that Ash'ath bin Qais Said:","text":"“There was a dispute between myself and a Jewish man concerning some land, and he denied me my rights so I brought him to the Prophet (ﷺ). The Messenger of Allah (ﷺ) said to me: 'Do you have proof' I said: 'No.’ He said to the Jews, 'Swear an oath.' I said: 'If he swears an oath he will take my property.' Then Allah, Glorious is He, revealed: 'Verily, those who purchase a small gain at the cost of Allah's covenant and their oaths, they shall have no portion in the Hereafter (Paradise). Neither will Allah neither speak to them nor look at them on the Day of Resurrection nor will He purifies them, and they shall have a painful torment.'”"}},{"id":16,"idInBook":16,"chapterId":13,"bookId":6,"arabic":"حَدَّثَنَا مُحَمَّدُ بْنُ عَبْدِ اللَّهِ بْنِ نُمَيْرٍ، حَدَّثَنَا وَكِيعٌ، وَأَبُو مُعَاوِيَةَ قَالاَ حَدَّثَنَا الأَعْمَشُ، عَنْ شَقِيقٍ، عَنْ عَبْدِ اللَّهِ بْنِ مَسْعُودٍ، قَالَ قَالَ رَسُولُ اللَّهِ صلى الله عليه وسلم ‏\n\"‏ مَنْ حَلَفَ عَلَى يَمِينٍ وَهُوَ فِيهَا فَاجِرٌ يَقْتَطِعُ بِهَا مَالَ امْرِئٍ مُسْلِمٍ لَقِيَ اللَّهَ وَهُوَ عَلَيْهِ غَضْبَانُ ‏\"‏ ‏.‏","english":{"narrator":"It was narrated from 'Abdullah bin Mas'ud that the Messenger of Allah (ﷺ) said:","text":"“Whoever swears a false oath in order to seize the wealth of a Muslim unlawfully, he will meet Allah when He is angry with him.”"}},{"id":17,"idInBook":17,"chapterId":13,"bookId":6,"arabic":"حَدَّثَنَا أَبُو بَكْرِ بْنُ أَبِي شَيْبَةَ، حَدَّثَنَا أَبُو أُسَامَةَ، عَنِ الْوَلِيدِ بْنِ كَثِيرٍ، عَنْ مُحَمَّدِ بْنِ كَعْبٍ، أَنَّهُ سَمِعَ أَخَاهُ عَبْدَ اللَّهِ بْنَ كَعْبٍ، أَنَّ أَبَا أُمَامَةَ الْحَارِثِيَّ، حَدَّثَهُ أَنَّهُ، سَمِعَ رَسُولَ اللَّهِ صلى الله عليه وسلم يَقُولُ ‏\"‏ لاَ يَقْتَطِعُ رَجُلٌ حَقَّ امْرِئٍ مُسْلِمٍ بِيَمِينِهِ إِلاَّ حَرَّمَ اللَّهُ عَلَيْهِ الْجَنَّةَ وَأَوْجَبَ لَهُ النَّارَ ‏\"‏ ‏.‏ فَقَالَ رَجُلٌ مِنَ الْقَوْمِ يَا رَسُولَ اللَّهِ وَإِنْ كَانَ شَيْئًا يَسِيرًا قَالَ ‏\"‏ وَإِنْ كَانَ سِوَاكًا مِنْ أَرَاكٍ ‏\"‏ ‏.‏","english":{"narrator":"Abu Umamah Al-Harithi  narrated that he heard the Messenger of Allah (ﷺ) say:","text":"“No man seizes the wealth of a Muslim unlawfully by means of his (false) oath, but Allah will deny Paradise to him and will doom him to Hell.” A man among the people said: “O Messenger of Allah, even if it is something small?” He said: “Even if it is a twig of an Arak tree.”"}},{"id":18,"idInBook":18,"chapterId":13,"bookId":6,"arabic":"حَدَّثَنَا عَمْرُو بْنُ رَافِعٍ، حَدَّثَنَا مَرْوَانُ بْنُ مُعَاوِيَةَ، ح وَحَدَّثَنَا أَحْمَدُ بْنُ ثَابِتٍ الْجَحْدَرِيُّ، حَدَّثَنَا صَفْوَانُ بْنُ عِيسَى، قَالاَ حَدَّثَنَا هَاشِمُ بْنُ هَاشِمٍ، عَنْ عَبْدِ اللَّهِ بْنِ نِسْطَاسٍ، عَنْ جَابِرِ بْنِ عَبْدِ اللَّهِ، قَالَ قَالَ رَسُولُ اللَّهِ صلى الله عليه وسلم ‏\n\"‏ مَنْ حَلَفَ بِيَمِينٍ آثِمَةٍ عِنْدَ مِنْبَرِي هَذَا فَلْيَتَبَوَّأْ مَقْعَدَهُ مِنَ النَّارِ وَلَوْ عَلَى سِوَاكٍ أَخْضَرَ ‏\"‏ ‏.‏","english":{"narrator":"It was narrated from Jabir bin 'Abdullah that the Messenger of Allah (ﷺ) said:","text":"'Whoever swears a false oath near this pulpit of mine, let him take his place in Hell, even if it is for a green twig.”"}},{"id":19,"idInBook":19,"chapterId":13,"bookId":6,"arabic":"حَدَّثَنَا مُحَمَّدُ بْنُ يَحْيَى، وَزَيْدُ بْنُ أَخْزَمَ، قَالاَ حَدَّثَنَا الضَّحَّاكُ بْنُ مَخْلَدٍ، حَدَّثَنَا الْحَسَنُ بْنُ يَزِيدَ بْنِ فَرُّوخَ، - قَالَ مُحَمَّدُ بْنُ يَحْيَى وَهُوَ أَبُو يُونُسَ الْقَوِيُّ - قَالَ سَمِعْتُ أَبَا سَلَمَةَ، يَقُولُ سَمِعْتُ أَبَا هُرَيْرَةَ، يَقُولُ قَالَ رَسُولُ اللَّهِ صلى الله عليه وسلم ‏\n\"‏ لاَ يَحْلِفُ عِنْدَ هَذَا الْمِنْبَرِ عَبْدٌ وَلاَ أَمَةٌ عَلَى يَمِينٍ آثِمَةٍ وَلَوْ عَلَى سِوَاكٍ رَطْبٍ إِلاَّ وَجَبَتْ لَهُ النَّارُ ‏\"‏ ‏.‏","english":{"narrator":"Muhammad bin Yahya, who is Abu Yunus Al-Qawi, said:","text":"I heard Abu Salamah say: I heard Abu Hurairah say: “The Messenger of Allah (ﷺ) said: 'No man or woman swears a false oath beside this pulpit, even if it is for a fresh twig, but he will be doomed to Hell.”"}},{"id":20,"idInBook":20,"chapterId":13,"bookId":6,"arabic":"حَدَّثَنَا عَلِيُّ بْنُ مُحَمَّدٍ، حَدَّثَنَا أَبُو مُعَاوِيَةَ، عَنِ الأَعْمَشِ، عَنْ عَبْدِ اللَّهِ بْنِ مُرَّةَ، عَنِ الْبَرَاءِ بْنِ عَازِبٍ، أَنَّ رَسُولَ اللَّهِ صلى الله عليه وسلم دَعَا رَجُلاً مِنْ عُلَمَاءِ الْيَهُودِ فَقَالَ ‏\n\"‏ أَنْشُدُكَ بِاللَّهِ الَّذِي أَنْزَلَ التَّوْرَاةَ عَلَى مُوسَى ‏\"‏ ‏.‏","english":{"narrator":"It was narrated from Bara' bin 'Azib that the Messenger of Allah (ﷺ) called one of the Jewish scholars and said:","text":"“ Swear by the One Who sent the Torah (Tawrah) down to Musa.”"}},{"id":21,"idInBook":21,"chapterId":13,"bookId":6,"arabic":"حَدَّثَنَا عَلِيُّ بْنُ مُحَمَّدٍ، حَدَّثَنَا أَبُو أُسَامَةَ، عَنْ مُجَالِدٍ، أَنْبَأَنَا عَامِرٌ، عَنْ جَابِرِ بْنِ عَبْدِ اللَّهِ، أَنَّ رَسُولَ اللَّهِ صلى الله عليه وسلم قَالَ لِيَهُودِيَّيْنِ ‏\n\"‏ نَشَدْتُكُمَا بِاللَّهِ الَّذِي أَنْزَلَ التَّوْرَاةَ عَلَى مُوسَى عَلَيْهِ السَّلاَمُ ‏\"‏ ‏.‏","english":{"narrator":"It was narrated from Jabir bin 'Abdullah that the Messenger of Allah (ﷺ) said to two Jews:","text":"“Swear by Allah Who sent the Tawrah down to Musa, peace be upon him.”"}},{"id":22,"idInBook":22,"chapterId":13,"bookId":6,"arabic":"حَدَّثَنَا أَبُو بَكْرِ بْنُ أَبِي شَيْبَةَ، حَدَّثَنَا خَالِدُ بْنُ الْحَارِثِ، حَدَّثَنَا سَعِيدُ بْنُ أَبِي عَرُوبَةَ، عَنْ قَتَادَةَ، عَنْ خِلاَسٍ، عَنْ أَبِي رَافِعٍ، عَنْ أَبِي هُرَيْرَةَ، أَنَّهُ ذَكَرَ أَنَّ رَجُلَيْنِ، ادَّعَيَا دَابَّةً وَلَمْ يَكُنْ بَيْنَهُمَا بَيِّنَةٌ فَأَمَرَهُمَا النَّبِيُّ صلى الله عليه وسلم أَنْ يَسْتَهِمَا عَلَى الْيَمِينِ ‏.‏","english":{"narrator":"It was narrated from Abu Hurairah that:","text":"he said that two men laid claim to an animal, and neither of them had any proof, so the Prophet (ﷺ) commanded them to cast lots as to which of them should swear an oath."}},{"id":23,"idInBook":23,"chapterId":13,"bookId":6,"arabic":"حَدَّثَنَا إِسْحَاقُ بْنُ مَنْصُورٍ، وَمُحَمَّدُ بْنُ مَعْمَرٍ، وَزُهَيْرُ بْنُ مُحَمَّدٍ، قَالُوا حَدَّثَنَا رَوْحُ بْنُ عُبَادَةَ، حَدَّثَنَا سَعِيدٌ، عَنْ قَتَادَةَ، عَنْ سَعِيدِ بْنِ أَبِي بُرْدَةَ، عَنْ أَبِيهِ، عَنْ أَبِي مُوسَى، أَنَّ رَسُولَ اللَّهِ صلى الله عليه وسلم اخْتَصَمَ إِلَيْهِ رَجُلاَنِ بَيْنَهُمَا دَابَّةٌ وَلَيْسَ لِوَاحِدٍ مِنْهُمَا بَيِّنَةٌ فَجَعَلَهَا بَيْنَهُمَا نِصْفَيْنِ ‏.‏","english":{"narrator":"It was narrated from Abu Musa that :","text":"two men referred a dispute to the Messenger of Allah (ﷺ) concerning an animal, and neither of them had proof, so he ruled that it should be divided in half."}},{"id":24,"idInBook":24,"chapterId":13,"bookId":6,"arabic":"حَدَّثَنَا عَلِيُّ بْنُ مُحَمَّدٍ، حَدَّثَنَا أَبُو مُعَاوِيَةَ، حَدَّثَنَا حَجَّاجٌ، عَنْ سَعِيدِ بْنِ عُبَيْدِ بْنِ زَيْدِ بْنِ عُقْبَةَ، عَنْ أَبِيهِ، عَنْ سَمُرَةَ بْنِ جُنْدُبٍ، قَالَ قَالَ رَسُولُ اللَّهِ صلى الله عليه وسلم ‏\n\"‏ إِذَا ضَاعَ لِلرَّجُلِ مَتَاعٌ أَوْ سُرِقَ لَهُ مَتَاعٌ فَوَجَدَهُ فِي يَدِ رَجُلٍ يَبِيعُهُ فَهُوَ أَحَقُّ بِهِ وَيَرْجِعُ الْمُشْتَرِي عَلَى الْبَائِعِ بِالثَّمَنِ ‏\"‏ ‏.‏","english":{"narrator":"It was narrated from Samurah bin Jundub that the Messenger of Allah (ﷺ) said:","text":"“If a man loses something, or it is stolen from him, and he finds it in the possession of a man who bought it, then he has more right to it, and the one who bought it should ask for his money back from the one who sold it to him.' ”"}},{"id":25,"idInBook":25,"chapterId":13,"bookId":6,"arabic":"حَدَّثَنَا مُحَمَّدُ بْنُ رُمْحٍ الْمِصْرِيُّ، أَنْبَأَنَا اللَّيْثُ بْنُ سَعْدٍ، عَنِ ابْنِ شِهَابٍ، أَنَّ ابْنَ مُحَيِّصَةَ الأَنْصَارِيَّ، أَخْبَرَهُ أَنَّ نَاقَةً لِلْبَرَاءِ كَانَتْ ضَارِيَةً دَخَلَتْ فِي حَائِطِ قَوْمٍ فَأَفْسَدَتْ فِيهِ فَكُلِّمَ رَسُولُ اللَّهِ صلى الله عليه وسلم فِيهَا فَقَضَى أَنَّ حِفْظَ الأَمْوَالِ عَلَى أَهْلِهَا بِالنَّهَارِ وَعَلَى أَهْلِ الْمَوَاشِي مَا أَصَابَتْ مَوَاشِيهِمْ بِاللَّيْلِ ‏.‏ \nحَدَّثَنَا الْحَسَنُ بْنُ عَلِيِّ بْنِ عَفَّانَ، حَدَّثَنَا مُعَاوِيَةُ بْنُ هِشَامٍ، عَنْ سُفْيَانَ، عَنْ عَبْدِ اللَّهِ بْنِ عِيسَى، عَنِ الزُّهْرِيِّ، عَنْ حَرَامِ بْنِ مُحَيِّصَةَ، عَنِ الْبَرَاءِ بْنِ عَازِبٍ، أَنَّ نَاقَةً، لآلِ الْبَرَاءِ أَفْسَدَتْ شَيْئًا فَقَضَى رَسُولُ اللَّهِ صلى الله عليه وسلم بِمِثْلِهِ ‏.‏","english":{"narrator":"It was narrated from Ibn Shihab that :","text":"Ibn Muhayyisah Al-Ansari told him that a she-camel belonging to Bara used to wander free. It entered a garden belonging to some people and caused some damage. The Messenger of Allah (ﷺ) was told of that, and he ruled that property was to be protected by its owners of livestock were responsible for any damage caused by their animals during the night."}},{"id":26,"idInBook":26,"chapterId":13,"bookId":6,"arabic":"حَدَّثَنَا أَبُو بَكْرِ بْنُ أَبِي شَيْبَةَ، حَدَّثَنَا شَرِيكُ بْنُ عَبْدِ اللَّهِ، عَنْ قَيْسِ بْنِ وَهْبٍ، عَنْ رَجُلٍ، مِنْ بَنِي سُوَاءَةَ قَالَ قُلْتُ لِعَائِشَةَ أَخْبِرِينِي عَنْ خُلُقِ، رَسُولِ اللَّهِ صلى الله عليه وسلم ‏.‏ قَالَتْ أَوَمَا تَقْرَأُ الْقُرْآنَ ‏{وَإِنَّكَ لَعَلَى خُلُقٍ عَظِيمٍ}‏ قَالَتْ كَانَ رَسُولُ اللَّهِ صلى الله عليه وسلم مَعَ أَصْحَابِهِ فَصَنَعْتُ لَهُ طَعَامًا وَصَنَعَتْ حَفْصَةُ لَهُ طَعَامًا ‏.‏ قَالَتْ فَسَبَقَتْنِي حَفْصَةُ فَقُلْتُ لِلْجَارِيَةِ انْطَلِقِي فَأَكْفِئِي قَصْعَتَهَا فَلَحِقَتْهَا وَقَدْ هَوَتْ أَنْ تَضَعَ بَيْنَ يَدَىْ رَسُولِ اللَّهِ صلى الله عليه وسلم فَأَكْفَأَتْهَا فَانْكَسَرَتِ الْقَصْعَةُ وَانْتَشَرَ الطَّعَامُ ‏.‏ قَالَتْ فَجَمَعَهَا رَسُولُ اللَّهِ صلى الله عليه وسلم وَمَا فِيهَا مِنَ الطَّعَامِ عَلَى النِّطَعِ فَأَكَلُوا ثُمَّ بَعَثَ بِقَصْعَتِي فَدَفَعَهَا إِلَى حَفْصَةَ فَقَالَ ‏\"‏ خُذُوا ظَرْفًا مَكَانَ ظَرْفِكُمْ ‏\"‏ ‏.‏ قَالَتْ فَمَا رَأَيْتُ ذَلِكَ فِي وَجْهِ رَسُولِ اللَّهِ صلى الله عليه وسلم ‏.‏","english":{"narrator":"It was narrated that a man from Banu Suwa'ah said:","text":"'I said to 'Aishah: Tell me about the character of the Messenger of Allah (ﷺ).' She said: 'Have you not read the Qur'an: “And verily, you (O Mohammed {SAW}) are on an exalted (standard of) character?” She said: 'The Messenger of Allah (ﷺ) was with his Companions, and I made some food for him, and Hafsah made some food for him, but Hafash got there before me. So I said to the slave girl: “Overturn her bowl.” She went and caught up with her, and she was about to put (the bowl) in front of the Messenger of Allah (ﷺ). She overturned it and the bowl broke, scattering the food. The Messenger of Allah (ﷺ) gathered the pieces and the food on the leather mat and they ate. Then he sent for my bowl and gave it to Hafsah, and said: “Take this pot in place of your pot, and eat what is in it.” And I did not see any expression of anger on the face of the Messenger of Allah (ﷺ).' ”"}},{"id":27,"idInBook":27,"chapterId":13,"bookId":6,"arabic":"حَدَّثَنَا مُحَمَّدُ بْنُ الْمُثَنَّى، حَدَّثَنَا خَالِدُ بْنُ الْحَارِثِ، حَدَّثَنَا حُمَيْدٌ، عَنْ أَنَسِ بْنِ مَالِكٍ، قَالَ كَانَ النَّبِيُّ صلى الله عليه وسلم عِنْدَ إِحْدَى أُمَّهَاتِ الْمُؤْمِنِينَ فَأَرْسَلَتْ أُخْرَى بِقَصْعَةٍ فِيهَا طَعَامٌ فَضَرَبَتْ يَدَ الرَّسُولِ فَسَقَطَتِ الْقَصْعَةُ فَانْكَسَرَتْ فَأَخَذَ رَسُولُ اللَّهِ صلى الله عليه وسلم الْكِسْرَتَيْنِ فَضَمَّ إِحْدَاهُمَا إِلَى الأُخْرَى فَجَعَلَ يَجْمَعُ فِيهَا الطَّعَامَ وَيَقُولُ ‏\n\"‏ غَارَتْ أُمُّكُمْ كُلُوا ‏\"‏ ‏.‏ فَأَكَلُوا حَتَّى جَاءَتْ بِقَصْعَتِهَا الَّتِي فِي بَيْتِهَا فَدَفَعَ الْقَصْعَةَ الصَّحِيحَةَ إِلَى الرَّسُولِ وَتَرَكَ الْمَكْسُورَةَ فِي بَيْتِ الَّتِي كَسَرَتْهَا ‏.‏","english":{"narrator":"It was narrated that Anas bin Malik said:","text":"“The Prophet (ﷺ) was with one of the Mothers of the Believers (his wives) and another (wife) sent a bowl containing food. She (the first wife) struck the hand of the Messenger of (ﷺ) and the bowl fell and broke. The Messenger of Allah (ﷺ) took the two pieces and put them back together, then he started gathering up the food and putting it in (the bowl). He said: 'Your mother was jealous. Eat.' So they ate, and she (the wife who broke the bowl) brought the bowl that was in her house and gave the intact bowl to the Messenger (ﷺ), who left the broken bowl in the house of the one who broke it.”"}},{"id":28,"idInBook":28,"chapterId":13,"bookId":6,"arabic":"حَدَّثَنَا هِشَامُ بْنُ عَمَّارٍ، وَمُحَمَّدُ بْنُ الصَّبَّاحِ، قَالاَ حَدَّثَنَا سُفْيَانُ بْنُ عُيَيْنَةَ، عَنِ الزُّهْرِيِّ، عَنْ عَبْدِ الرَّحْمَنِ الأَعْرَجِ، قَالَ سَمِعْتُ أَبَا هُرَيْرَةَ، يَبْلُغُ بِهِ النَّبِيَّ صلى الله عليه وسلم قَالَ ‏\n\"‏ إِذَا اسْتَأْذَنَ أَحَدَكُمْ جَارُهُ أَنْ يَغْرِزَ خَشَبَةً فِي جِدَارِهِ فَلاَ يَمْنَعْهُ ‏\"‏ ‏.‏ فَلَمَّا حَدَّثَهُمْ أَبُو هُرَيْرَةَ طَأْطَئُوا رُءُوسَهُمْ فَلَمَّا رَآهُمْ قَالَ مَالِي أَرَاكُمْ عَنْهَا مُعْرِضِينَ وَاللَّهِ لأَرْمِيَنَّ بِهَا بَيْنَ أَكْتَافِكُمْ ‏.‏","english":{"narrator":"It was narrated that Anas bin Malik said:","text":"“The Prophet (ﷺ): 'When anyone of you asks his neighbor for permission to fix a piece of wood to his wall, he should not refuse him. 'When Abu Hurairah told them this, they lowered their heads, and when he saw them he said: 'Why do I see you turning away from it? By Allah, I will force you to accept it.' ”"}},{"id":29,"idInBook":29,"chapterId":13,"bookId":6,"arabic":"حَدَّثَنَا أَبُو بِشْرٍ، بَكْرُ بْنُ خَلَفٍ حَدَّثَنَا أَبُو عَاصِمٍ، عَنِ ابْنِ جُرَيْجٍ، عَنْ عَمْرِو بْنِ دِينَارٍ، أَنَّ هِشَامَ بْنَ يَحْيَى، أَخْبَرَهُ أَنَّ عِكْرِمَةَ بْنَ سَلَمَةَ أَخْبَرَهُ أَنَّ أَخَوَيْنِ مِنْ بَلْمُغِيرَةَ أَعْتَقَ أَحَدُهُمَا أَنْ لاَ يَغْرِزَ خَشَبًا فِي جِدَارِهِ فَأَقْبَلَ مُجَمِّعُ بْنُ يَزِيدَ وَرِجَالٌ كَثِيرٌ مِنَ الأَنْصَارِ فَقَالُوا نَشْهَدُ أَنَّ رَسُولَ اللَّهِ صلى الله عليه وسلم قَالَ ‏\n\"‏ لاَ يَمْنَعْ أَحَدُكُمْ جَارَهُ أَنْ يَغْرِزَ خَشَبَةً فِي جِدَارِهِ ‏\"‏ ‏.‏ فَقَالَ يَا أَخِي إِنَّكَ مَقْضِيٌّ لَكَ عَلَىَّ وَقَدْ حَلَفْتُ فَاجْعَلْ أُسْطُوَانًا دُونَ حَائِطِي أَوْ جِدَارِي فَاجْعَلْ عَلَيْهِ خَشَبَكَ ‏.‏","english":{"narrator":"'Ikrimah bin Salamh narrated that :","text":"there were two brothers from among the sons of Mughirah. One of them swore an oath to set a slave free if the other one fixed a piece of wood to his wall. Mujammi' bin Yazid  and many men from among the Ansar came and said: “We bear witness that the Messenger of Allah (ﷺ) said: 'None of you should refuse to let his neighbor fix a piece of wood to his wall.' ” He said: 'O my brother, judgment has been passed in your favor against me, but I have sworn an oath.' So go ahead and fix your wood to my wall.”"}},{"id":30,"idInBook":30,"chapterId":13,"bookId":6,"arabic":"حَدَّثَنَا حَرْمَلَةُ بْنُ يَحْيَى، حَدَّثَنَا عَبْدُ اللَّهِ بْنُ وَهْبٍ، أَخْبَرَنِي ابْنُ لَهِيعَةَ، عَنْ أَبِي الأَسْوَدِ، عَنْ عِكْرِمَةَ، عَنِ ابْنِ عَبَّاسٍ، أَنَّ النَّبِيَّ صلى الله عليه وسلم قَالَ ‏\n\"‏ لاَ يَمْنَعْ أَحَدُكُمْ جَارَهُ أَنْ يَضَعَ خَشَبَةً عَلَى جِدَارِهِ ‏\"‏ ‏.‏","english":{"narrator":"It was narrated from Ibn 'Abbas that the Prophet (ﷺ) said:","text":"“No one of you should refuse to let his neighbor fix a piece of wood to his wall.”"}},{"id":31,"idInBook":31,"chapterId":13,"bookId":6,"arabic":"حَدَّثَنَا أَبُو بَكْرِ بْنُ أَبِي شَيْبَةَ، حَدَّثَنَا وَكِيعٌ، حَدَّثَنَا مُثَنَّى بْنُ سَعِيدٍ الضُّبَعِيُّ، عَنْ قَتَادَةَ، عَنْ بَشِيرِ بْنِ كَعْبٍ، عَنْ أَبِي هُرَيْرَةَ، قَالَ قَالَ رَسُولُ اللَّهِ صلى الله عليه وسلم ‏\n\"‏ اجْعَلُوا الطَّرِيقَ سَبْعَةَ أَذْرُعٍ ‏\"‏ ‏.‏","english":{"narrator":"It was narrated from Abu Hurairah that the Messenger of Allah (ﷺ) said:","text":"“Make the path seven forearms length wide.”"}},{"id":32,"idInBook":32,"chapterId":13,"bookId":6,"arabic":"حَدَّثَنَا مُحَمَّدُ بْنُ يَحْيَى، وَمُحَمَّدُ بْنُ عُمَرَ بْنِ هَيَّاجٍ، قَالاَ حَدَّثَنَا قَبِيصَةُ، حَدَّثَنَا سُفْيَانُ، عَنْ سِمَاكٍ، عَنْ عِكْرِمَةَ، عَنِ ابْنِ عَبَّاسٍ، قَالَ قَالَ رَسُولُ اللَّهِ صلى الله عليه وسلم ‏\n\"‏ إِذَا اخْتَلَفْتُمْ فِي الطَّرِيقِ فَاجْعَلُوهُ سَبْعَةَ أَذْرُعٍ ‏\"‏ ‏.‏","english":{"narrator":"It was narrated from Ibn 'Abbas that the Messenger of Allah (ﷺ) said:","text":"“When you dispute concerning a path, make it seven forearms length wide.' ”"}},{"id":33,"idInBook":33,"chapterId":13,"bookId":6,"arabic":"حَدَّثَنَا عَبْدُ رَبِّهِ بْنُ خَالِدٍ النُّمَيْرِيُّ أَبُو الْمُغَلِّسِ، حَدَّثَنَا فُضَيْلُ بْنُ سُلَيْمَانَ، حَدَّثَنَا مُوسَى بْنُ عُقْبَةَ، حَدَّثَنَا إِسْحَاقُ بْنُ يَحْيَى بْنِ الْوَلِيدِ، عَنْ عُبَادَةَ بْنِ الصَّامِتِ، أَنَّ رَسُولَ اللَّهِ صلى الله عليه وسلم قَضَى أَنْ ‏\n\"‏ لاَ ضَرَرَ وَلاَ ضِرَارَ ‏\"‏ ‏.‏","english":{"narrator":"It was narrated from 'Ubadah bin Samit that the Messenger of Allah (ﷺ) ruled:","text":"“There should be neither harming nor reciprocating harm.”"}},{"id":34,"idInBook":34,"chapterId":13,"bookId":6,"arabic":"حَدَّثَنَا مُحَمَّدُ بْنُ يَحْيَى، حَدَّثَنَا عَبْدُ الرَّزَّاقِ، أَنْبَأَنَا مَعْمَرٌ، عَنْ جَابِرٍ الْجُعْفِيِّ، عَنْ عِكْرِمَةَ، عَنِ ابْنِ عَبَّاسٍ، قَالَ قَالَ رَسُولُ اللَّهِ صلى الله عليه وسلم ‏\n\"‏ لاَ ضَرَرَ وَلاَ ضِرَارَ ‏\"‏ ‏.‏","english":{"narrator":"It was narrated from Ibn 'Abbas that the Messenger of Allah (ﷺ) said:","text":"“There should be neither harming nor reciprocating harm.”"}},{"id":35,"idInBook":35,"chapterId":13,"bookId":6,"arabic":"حَدَّثَنَا مُحَمَّدُ بْنُ رُمْحٍ، أَنْبَأَنَا اللَّيْثُ بْنُ سَعْدٍ، عَنْ يَحْيَى بْنِ سَعِيدٍ، عَنْ مُحَمَّدِ بْنِ يَحْيَى بْنِ حَبَّانَ، عَنْ لُؤْلُؤَةَ، عَنْ أَبِي صِرْمَةَ، عَنْ رَسُولِ اللَّهِ صلى الله عليه وسلم قَالَ ‏\n\"‏ مَنْ ضَارَّ أَضَرَّ اللَّهُ بِهِ وَمَنْ شَاقَّ شَقَّ اللَّهُ عَلَيْهِ ‏\"‏ ‏.‏","english":{"narrator":"It was narrated from Abu Sirmah that the Messenger of Allah (ﷺ) said:","text":"“Whoever harms others, Allah (SWT)  will harm him; and whoever causes hardship to other Allah will cause hardship to him.”"}},{"id":36,"idInBook":36,"chapterId":13,"bookId":6,"arabic":"حَدَّثَنَا مُحَمَّدُ بْنُ الصَّبَّاحِ، وَعَمَّارُ بْنُ خَالِدٍ الْوَاسِطِيُّ، قَالاَ حَدَّثَنَا أَبُو بَكْرِ بْنُ عَيَّاشٍ، عَنْ دَهْثَمِ بْنِ قُرَّانٍ، عَنْ نِمْرَانَ بْنِ جَارِيَةَ، عَنْ أَبِيهِ، أَنَّ قَوْمًا، اخْتَصَمُوا إِلَى النَّبِيِّ صلى الله عليه وسلم فِي خُصٍّ كَانَ بَيْنَهُمْ فَبَعَثَ حُذَيْفَةَ يَقْضِي بَيْنَهُمْ فَقَضَى لِلَّذِينَ يَلِيهِمُ الْقِمْطُ فَلَمَّا رَجَعَ إِلَى النَّبِيِّ صلى الله عليه وسلم أَخْبَرَهُ فَقَالَ ‏\n\"‏ أَصَبْتَ وَأَحْسَنْتَ ‏\"‏ ‏.‏","english":{"narrator":"It was narrated from Nimran bin Jariyah, from his father, that :","text":"some people referred a dispute to the Prophet (ﷺ) about a hut, so that he could judge between them. He sent Hudhaifah to judge between them, and he ruled in favor of those who had the rope (with which the hut was blinded together). When he went back to the Prophet (ﷺ) he told him (what he had done) and he said: “You did the right thing, and you did well.”"}},{"id":37,"idInBook":37,"chapterId":13,"bookId":6,"arabic":"حَدَّثَنَا يَحْيَى بْنُ حَكِيمٍ، حَدَّثَنَا أَبُو الْوَلِيدِ، حَدَّثَنَا هَمَّامٌ، عَنْ قَتَادَةَ، عَنِ الْحَسَنِ، عَنْ سَمُرَةَ بْنِ جُنْدُبٍ، عَنِ النَّبِيِّ صلى الله عليه وسلم قَالَ ‏\n\"‏ إِذَا بِيعَ الْبَيْعُ مِنْ رَجُلَيْنِ فَالْبَيْعُ لِلأَوَّلِ ‏\"‏ ‏.‏ قَالَ أَبُو الْوَلِيدِ فِي هَذَا الْحَدِيثِ إِبْطَالُ الْخَلاَصِ ‏.‏","english":{"narrator":"It was narrated from ('Uqbah bin 'Amir or) Samurah bin Jundub that :","text":"the Messenger of Allah (ﷺ) said: “If a product is sold to two men, it is for the one who was first.”"}},{"id":38,"idInBook":38,"chapterId":13,"bookId":6,"arabic":"حَدَّثَنَا نَصْرُ بْنُ عَلِيٍّ الْجَهْضَمِيُّ، وَمُحَمَّدُ بْنُ الْمُثَنَّى، قَالاَ حَدَّثَنَا عَبْدُ الأَعْلَى، حَدَّثَنَا خَالِدٌ الْحَذَّاءُ، عَنْ أَبِي قِلاَبَةَ، عَنْ أَبِي الْمُهَلَّبِ، عَنْ عِمْرَانَ بْنِ حُصَيْنٍ، أَنَّ رَجُلاً، كَانَ لَهُ سِتَّةُ مَمْلُوكِينَ لَيْسَ لَهُ مَالٌ غَيْرُهُمْ فَأَعْتَقَهُمْ عِنْدَ مَوْتِهِ فَجَزَّأَهُمْ رَسُولُ اللَّهِ صلى الله عليه وسلم فَأَعْتَقَ اثْنَيْنِ وَأَرَقَّ أَرْبَعَةً ‏.‏","english":{"narrator":"It was narrated from 'Imran bin Husain that :","text":"a man had six slaves, and he did not have any other wealth apart from them, and he set them free when he died. The Messenger of Allah (ﷺ) divided them into groups, set two free and left four as slaves."}},{"id":39,"idInBook":39,"chapterId":13,"bookId":6,"arabic":"حَدَّثَنَا جَمِيلُ بْنُ الْحَسَنِ الْعَتَكِيُّ، حَدَّثَنَا عَبْدُ الأَعْلَى، حَدَّثَنَا سَعِيدٌ، عَنْ قَتَادَةَ، عَنْ خِلاَسٍ، عَنْ أَبِي رَافِعٍ، عَنْ أَبِي هُرَيْرَةَ، أَنَّ رَجُلَيْنِ، تَدَارَءَا فِي بَيْعٍ لَيْسَ لِوَاحِدٍ مِنْهُمَا بَيِّنَةٌ فَأَمَرَهُمَا رَسُولُ اللَّهِ صلى الله عليه وسلم أَنْ يَسْتَهِمَا عَلَى الْيَمِينِ أَحَبَّا ذَلِكَ أَمْ كَرِهَا ‏.‏","english":{"narrator":"It was narrated from Abu Hurairah that :","text":"two men disputed concerning a transaction, and neither of them had proof. The Messenger of Allah commanded them to draw lots as to which of them should swear an oath, whether they liked it or not."}},{"id":40,"idInBook":40,"chapterId":13,"bookId":6,"arabic":"حَدَّثَنَا أَبُو بَكْرِ بْنُ أَبِي شَيْبَةَ، حَدَّثَنَا يَحْيَى بْنُ يَمَانٍ، عَنْ مَعْمَرٍ، عَنِ الزُّهْرِيِّ، عَنْ عُرْوَةَ، عَنْ عَائِشَةَ، أَنَّ النَّبِيَّ صلى الله عليه وسلم كَانَ إِذَا سَافَرَ أَقْرَعَ بَيْنَ نِسَائِهِ ‏.‏","english":{"narrator":"It was narrated from 'Aishah that :","text":"when the Prophet (ﷺ) traveled, he would cast lots among his wives (to decide which one would accompany him)."}},{"id":41,"idInBook":41,"chapterId":13,"bookId":6,"arabic":"حَدَّثَنَا إِسْحَاقُ بْنُ مَنْصُورٍ، أَنْبَأَنَا عَبْدُ الرَّزَّاقِ، أَنْبَأَنَا الثَّوْرِيُّ، عَنْ صَالِحٍ الْهَمْدَانِيِّ، عَنِ الشَّعْبِيِّ، عَنْ عَبْدِ خَيْرٍ الْحَضْرَمِيِّ، عَنْ زَيْدِ بْنِ أَرْقَمَ، قَالَ أُتِيَ عَلِيُّ بْنُ أَبِي طَالِبٍ وَهُوَ بِالْيَمَنِ فِي ثَلاَثَةٍ قَدْ وَقَعُوا عَلَى امْرَأَةٍ فِي طُهْرٍ وَاحِدٍ فَسَأَلَ اثْنَيْنِ فَقَالَ أَتُقِرَّانِ لِهَذَا بِالْوَلَدِ فَقَالاَ لاَ ‏.‏ ثُمَّ سَأَلَ اثْنَيْنِ فَقَالَ أَتُقِرَّانِ لِهَذَا بِالْوَلَدِ فَقَالاَ لاَ ‏.‏ فَجَعَلَ كُلَّمَا سَأَلَ اثْنَيْنِ أَتُقِرَّانِ لِهَذَا بِالْوَلَدِ قَالاَ لاَ ‏.‏ فَأَقْرَعَ بَيْنَهُمْ وَأَلْحَقَ الْوَلَدَ بِالَّذِي أَصَابَتْهُ الْقُرْعَةُ وَجَعَلَ عَلَيْهِ ثُلُثَىِ الدِّيَةِ فَذُكِرَ ذَلِكَ لِلنَّبِيِّ صلى الله عليه وسلم فَضَحِكَ حَتَّى بَدَتْ نَوَاجِذُهُ ‏.‏","english":{"narrator":"It was narrated that Zaid bin Arqam said:","text":"“A case was brought to 'Ali bin Abu Talib when he was in Yemen, concerning three men who had intercourse with a woman during one period of being free from menses. He asked two of them: “Do you affirm that this child belongs to (the third man)?” And they said: “No.” He asked another two of them: “Do you affirm that this child belongs to (the third man)?” And they said: “No.” Every time he asked two of them whether they affirmed that the child belonged to the third, they would say no. So he cast lots between them, and attributed the child to the one whose name was chosen in this manner, and obliged him to pay two thirds of the Diyah. The Prophet (ﷺ) was told of this, and he smiled so broadly that his back teeth became visible."}},{"id":42,"idInBook":42,"chapterId":13,"bookId":6,"arabic":"حَدَّثَنَا أَبُو بَكْرِ بْنُ أَبِي شَيْبَةَ، وَهِشَامُ بْنُ عَمَّارٍ، وَمُحَمَّدُ بْنُ الصَّبَّاحِ، قَالُوا حَدَّثَنَا سُفْيَانُ بْنُ عُيَيْنَةَ، عَنِ الزُّهْرِيِّ، عَنْ عُرْوَةَ، عَنْ عَائِشَةَ، قَالَتْ دَخَلَ عَلَىَّ رَسُولُ اللَّهِ صلى الله عليه وسلم ذَاتَ يَوْمٍ مَسْرُورًا وَهُوَ يَقُولُ ‏\"‏ يَا عَائِشَةُ أَلَمْ تَرَىْ أَنَّ مُجَزِّزًا الْمُدْلِجِيَّ دَخَلَ عَلَىَّ فَرَأَى أُسَامَةَ وَزَيْدًا عَلَيْهِمَا قَطِيفَةٌ قَدْ غَطَّيَا رُءُوسَهُمَا وَقَدْ بَدَتْ أَقْدَامُهُمَا فَقَالَ ‏\"‏ إِنَّ هَذِهِ الأَقْدَامَ بَعْضُهَا مِنْ بَعْضٍ ‏\"‏ ‏.‏","english":{"narrator":"It was narrated that 'Aishah said:","text":"“The Messenger of Allah (ﷺ) came in one day looking happy, and said: 'O 'Aishah, did you not see that Mujazziz Al-Mudliji entered upon me and saw Usamah and Zaid. There was a blanket over them and their faces were covered but their feet were exposed, and he said: 'These feet belong to one another'.”"}},{"id":43,"idInBook":43,"chapterId":13,"bookId":6,"arabic":"حَدَّثَنَا مُحَمَّدُ بْنُ يَحْيَى، حَدَّثَنَا مُحَمَّدُ بْنُ يُوسُفَ، حَدَّثَنَا إِسْرَائِيلُ، حَدَّثَنَا سِمَاكُ بْنُ حَرْبٍ، عَنْ عِكْرِمَةَ، عَنِ ابْنِ عَبَّاسٍ، أَنَّ قُرَيْشًا، أَتَوُا امْرَأَةً كَاهِنَةً فَقَالُوا لَهَا أَخْبِرِينَا أَشْبَهَنَا أَثَرًا بِصَاحِبِ الْمَقَامِ ‏.‏ فَقَالَتْ إِنْ أَنْتُمْ جَرَرْتُمْ كِسَاءً عَلَى هَذِهِ السِّهْلَةِ ثُمَّ مَشَيْتُمْ عَلَيْهَا أَنْبَأْتُكُمْ ‏.‏ قَالَ فَجَرُّوا كِسَاءً ثُمَّ مَشَى النَّاسُ عَلَيْهَا فَأَبْصَرَتْ أَثَرَ رَسُولِ اللَّهِ صلى الله عليه وسلم ‏.‏ فَقَالَتْ هَذَا أَقْرَبُكُمْ إِلَيْهِ شَبَهًا ‏.‏ ثُمَّ مَكَثُوا بَعْدَ ذَلِكَ عِشْرِينَ سَنَةً أَوْ مَا شَاءَ اللَّهُ ثُمَّ بَعَثَ اللَّهُ مُحَمَّدًا صلى الله عليه وسلم ‏.‏","english":{"narrator":"It was narrated from Ibn 'Abbas that :","text":"the Quraish went to a sorceress and they said to her: “Tell us whose footprints most resemble those of the owner of Al-Maqam (the station of Ibrahim).” She said: “If you spread a piece of cloth over this soft earth and walk over it, I will tell you.” So they spread out a piece of cloth and the people walked over it. She saw the footprints of the Messenger of Allah (ﷺ) and said: “This one most closely resembles him among you.”  After that twenty years passed, of as long as Allah willed, then Allah sent Muhammad (ﷺ) (i.e., missioned him as the Prophet)."}},{"id":44,"idInBook":44,"chapterId":13,"bookId":6,"arabic":"حَدَّثَنَا هِشَامُ بْنُ عَمَّارٍ، حَدَّثَنَا سُفْيَانُ بْنُ عُيَيْنَةَ، عَنْ زِيَادِ بْنِ سَعْدٍ، عَنْ هِلاَلِ بْنِ أَبِي مَيْمُونَةَ، عَنْ أَبِي مَيْمُونَةَ، عَنْ أَبِي هُرَيْرَةَ، أَنَّ النَّبِيَّ صلى الله عليه وسلم خَيَّرَ غُلاَمًا بَيْنَ أَبِيهِ وَأُمِّهِ وَقَالَ ‏\n\"‏ يَا غُلاَمُ هَذِهِ أُمُّكَ وَهَذَا أَبُوكَ ‏\"‏ ‏.‏","english":{"narrator":"It was narrated from Abu Hurairah that :","text":"the Prophet (ﷺ) gave a child the choice between his father and his mother (i.e., which parent to live with). He said: “O boy, this is your mother and this is your father.”"}},{"id":45,"idInBook":45,"chapterId":13,"bookId":6,"arabic":"حَدَّثَنَا أَبُو بَكْرِ بْنُ أَبِي شَيْبَةَ، حَدَّثَنَا إِسْمَاعِيلُ ابْنُ عُلَيَّةَ، عَنْ عُثْمَانَ الْبَتِّيِّ، عَنْ عَبْدِ الْحَمِيدِ بْنِ سَلَمَةَ، عَنْ أَبِيهِ، عَنْ جَدِّهِ، أَنَّ أَبَوَيْهِ، اخْتَصَمَا إِلَى النَّبِيِّ صلى الله عليه وسلم أَحَدُهُمَا كَافِرٌ وَالآخَرُ مُسْلِمٌ فَخَيَّرَهُ فَتَوَجَّهَ إِلَى الْكَافِرِ فَقَالَ ‏\n\"‏ اللَّهُمَّ اهْدِهِ ‏\"‏ ‏.‏ فَتَوَجَّهَ إِلَى الْمُسْلِمِ فَقَضَى لَهُ بِهِ ‏.‏","english":{"narrator":"It was narrated from 'Abdul-Hamid bin Salamah, from his father, from his grandfather, that :","text":"his parents referred their dispute to the Prophet (ﷺ), and one of them was a disbeliever. He (the Prophet (ﷺ)) said: “O Allah, guide him,” and he turned towards the Muslim, and he ruled that he should go with that parent."}},{"id":46,"idInBook":46,"chapterId":13,"bookId":6,"arabic":"حَدَّثَنَا أَبُو بَكْرِ بْنُ أَبِي شَيْبَةَ، حَدَّثَنَا خَالِدُ بْنُ مَخْلَدٍ، حَدَّثَنَا كَثِيرُ بْنُ عَبْدِ اللَّهِ بْنِ عَمْرِو بْنِ عَوْفٍ، عَنْ أَبِيهِ، عَنْ جَدِّهِ، قَالَ سَمِعْتُ رَسُولَ اللَّهِ صلى الله عليه وسلم يَقُولُ ‏\n\"‏ الصُّلْحُ جَائِزٌ بَيْنَ الْمُسْلِمِينَ إِلاَّ صُلْحًا حَرَّمَ حَلاَلاً أَوْ أَحَلَّ حَرَامًا ‏\"‏ ‏.‏","english":{"narrator":"Kathir bin 'Abdullah bin 'Amr bin 'Awf narrated from his father that his grandfather said:","text":"“I heard the Messenger of Allah (ﷺ) say: 'Reconciling between Muslims is permissible, except reconciliation that forbids something that is allowed, or allows something that is forbidden.'”"}},{"id":47,"idInBook":47,"chapterId":13,"bookId":6,"arabic":"حَدَّثَنَا أَزْهَرُ بْنُ مَرْوَانَ، حَدَّثَنَا عَبْدُ الأَعْلَى، حَدَّثَنَا سَعِيدٌ، عَنْ قَتَادَةَ، عَنْ أَنَسِ بْنِ مَالِكٍ، أَنَّ رَجُلاً، كَانَ فِي عَهْدِ رَسُولِ اللَّهِ صلى الله عليه وسلم فِي عُقْدَتِهِ ضَعْفٌ وَكَانَ يُبَايِعُ وَأَنَّ أَهْلَهُ أَتَوُا النَّبِيَّ صلى الله عليه وسلم فَقَالُوا يَا رَسُولَ اللَّهِ احْجُرْ عَلَيْهِ ‏.‏ فَدَعَاهُ النَّبِيُّ صلى الله عليه وسلم فَنَهَاهُ عَنْ ذَلِكَ فَقَالَ يَا رَسُولَ اللَّهِ إِنِّي لاَ أَصْبِرُ عَنِ الْبَيْعِ ‏.‏ فَقَالَ ‏\n\"‏ إِذَا بَايَعْتَ فَقُلْ هَا وَلاَ خِلاَبَةَ ‏\"‏ ‏.‏","english":{"narrator":"It was narrated from Anas bin Malik that :","text":"there was a man at the time of the Messenger of Allah (ﷺ) whose mental faculties were lacking, and he used to buy and sell. His family came to the Prophet (ﷺ) and said, “O Messenger of Allah, stop him.” So The Prophet (ﷺ) called him, and told him not to do that. He said: “O Messenger of Allah (ﷺ), I cannot bear to be away from business.” He said, “If you engage in a transaction then say: “Take it (i.e., the goods) and don't cheat (me).' ”"}},{"id":48,"idInBook":48,"chapterId":13,"bookId":6,"arabic":"حَدَّثَنَا أَبُو بَكْرِ بْنُ أَبِي شَيْبَةَ، حَدَّثَنَا عَبْدُ الأَعْلَى، عَنْ مُحَمَّدِ بْنِ إِسْحَاقَ، عَنْ مُحَمَّدِ بْنِ يَحْيَى بْنِ حَبَّانٍ، قَالَ هُوَ جَدِّي مُنْقِذُ بْنُ عَمْرٍو وَكَانَ رَجُلاً قَدْ أَصَابَتْهُ آمَّةٌ فِي رَأْسِهِ فَكَسَرَتْ لِسَانَهُ وَكَانَ لاَ يَدَعُ عَلَى ذَلِكَ التِّجَارَةَ وَكَانَ لاَ يَزَالُ يُغْبَنُ فَأَتَى النَّبِيَّ صلى الله عليه وسلم فَذَكَرَ ذَلِكَ لَهُ فَقَالَ لَهُ ‏\n\"‏ إِذَا أَنْتَ بَايَعْتَ فَقُلْ لاَ خِلاَبَةَ ‏.‏ ثُمَّ أَنْتَ فِي كُلِّ سِلْعَةٍ ابْتَعْتَهَا بِالْخِيَارِ ثَلاَثَ لَيَالٍ فَإِنْ رَضِيتَ فَأَمْسِكْ وَإِنْ سَخِطْتَ فَارْدُدْهَا عَلَى صَاحِبِهَا ‏\"‏ ‏.‏","english":{"narrator":"It was narrated that Muhammad bin Yahya bin Habban said:","text":"“My grandfather was Munqidh bin 'Amr. He was a man who had suffered a head wound and lost the power of speech, but that did not stop him from engaging in trade. He was always being cheated, so he went to the Prophet (ﷺ) and told him about that. He said to him: 'When you buy something, say: “There should be no intention of cheating,” and for every product you buy, you have the choice for three nights. If you are pleased with it, keep it, and if you are displeased then return it.'”"}},{"id":49,"idInBook":49,"chapterId":13,"bookId":6,"arabic":"حَدَّثَنَا أَبُو بَكْرِ بْنُ أَبِي شَيْبَةَ، حَدَّثَنَا شَبَابَةُ، حَدَّثَنَا اللَّيْثُ بْنُ سَعْدٍ، عَنْ بُكَيْرِ بْنِ عَبْدِ اللَّهِ بْنِ الأَشَجِّ، عَنْ عِيَاضِ بْنِ عَبْدِ اللَّهِ بْنِ سَعْدٍ، عَنْ أَبِي سَعِيدٍ الْخُدْرِيِّ، قَالَ أُصِيبَ رَجُلٌ فِي عَهْدِ رَسُولِ اللَّهِ صلى الله عليه وسلم فِي ثِمَارٍ ابْتَاعَهَا فَكَثُرَ دَيْنُهُ فَقَالَ رَسُولُ اللَّهِ صلى الله عليه وسلم ‏\"‏ تَصَدَّقُوا عَلَيْهِ ‏\"‏ ‏.‏ فَتَصَدَّقَ النَّاسُ عَلَيْهِ فَلَمْ يَبْلُغْ ذَلِكَ وَفَاءَ دَيْنِهِ فَقَالَ رَسُولُ اللَّهِ صلى الله عليه وسلم ‏\"‏ خُذُوا مَا وَجَدْتُمْ وَلَيْسَ لَكُمْ إِلاَّ ذَلِكَ ‏\"‏ ‏.‏ يَعْنِي الْغُرَمَاءَ ‏.‏","english":{"narrator":"It was narrated that Abu Sa'eed Al-Khudri said:","text":"“At the time of the Messenger of Allah (ﷺ), a man suffered loss of some fruit that he had purchase, and his debts increased. The Messenger of Allah (ﷺ) said: 'Give him charity.' So the people gave him charity, but that was not enough to pay off his debts. The Messenger of Allah (ﷺ) said: “Take what you find, but you have no right to more than that, meaning his creditors.”"}},{"id":50,"idInBook":50,"chapterId":13,"bookId":6,"arabic":"حَدَّثَنَا مُحَمَّدُ بْنُ بَشَّارٍ، حَدَّثَنَا أَبُو عَاصِمٍ، حَدَّثَنَا عَبْدُ اللَّهِ بْنُ مُسْلِمِ بْنِ هُرْمُزٍ، عَنْ سَلَمَةَ الْمَكِّيِّ، عَنْ جَابِرِ بْنِ عَبْدِ اللَّهِ، أَنَّ رَسُولَ اللَّهِ صلى الله عليه وسلم خَلَعَ مُعَاذَ بْنَ جَبَلٍ مِنْ غُرَمَائِهِ ثُمَّ اسْتَعْمَلَهُ عَلَى الْيَمَنِ فَقَالَ مُعَاذٌ إِنَّ رَسُولَ اللَّهِ صلى الله عليه وسلم اسْتَخْلَصَنِي بِمَالِي ثُمَّ اسْتَعْمَلَنِي ‏.‏","english":{"narrator":"It was narrated from Jabir bin 'Abdullah that :","text":"the Messenger of Allah (ﷺ) rid Mu'adh bin Jabal of his creditors, then he appointed him governor of Yemen. Mu'adh said: “The Messenger of Allah (ﷺ) settled my debts with my creditors using what wealth I had, then he appointed me as governor.”"}},{"id":51,"idInBook":51,"chapterId":13,"bookId":6,"arabic":"حَدَّثَنَا أَبُو بَكْرِ بْنُ أَبِي شَيْبَةَ، حَدَّثَنَا سُفْيَانُ بْنُ عُيَيْنَةَ، ح وَحَدَّثَنَا مُحَمَّدُ بْنُ رُمْحٍ، أَنْبَأَنَا اللَّيْثُ بْنُ سَعْدٍ، جَمِيعًا عَنْ يَحْيَى بْنِ سَعِيدٍ، عَنْ أَبِي بَكْرِ بْنِ مُحَمَّدِ بْنِ عَمْرِو بْنِ حَزْمٍ، عَنْ عُمَرَ بْنِ عَبْدِ الْعَزِيزِ، عَنْ أَبِي بَكْرِ بْنِ عَبْدِ الرَّحْمَنِ بْنِ الْحَارِثِ بْنِ هِشَامٍ، عَنْ أَبِي هُرَيْرَةَ، قَالَ قَالَ رَسُولُ اللَّهِ صلى الله عليه وسلم ‏\n\"‏ مَنْ وَجَدَ مَتَاعَهُ بِعَيْنِهِ عِنْدَ رَجُلٍ قَدْ أَفْلَسَ فَهُوَ أَحَقُّ بِهِ مِنْ غَيْرِهِ ‏\"‏ ‏.‏","english":{"narrator":"It was narrated from Abu Hurairah that the Messenger of Allah (ﷺ) said:","text":"“Whoever finds his exact property with a man who has become bankrupt, and then he has more right to it than anyone else.”"}},{"id":52,"idInBook":52,"chapterId":13,"bookId":6,"arabic":"حَدَّثَنَا هِشَامُ بْنُ عَمَّارٍ، حَدَّثَنَا إِسْمَاعِيلُ بْنُ عَيَّاشٍ، عَنْ مُوسَى بْنِ عُقْبَةَ، عَنِ الزُّهْرِيِّ، عَنْ أَبِي بَكْرِ بْنِ عَبْدِ الرَّحْمَنِ بْنِ الْحَارِثِ بْنِ هِشَامٍ، عَنْ أَبِي هُرَيْرَةَ، أَنَّ النَّبِيَّ صلى الله عليه وسلم قَالَ ‏\n\"‏ أَيُّمَا رَجُلٍ بَاعَ سِلْعَةً فَأَدْرَكَ سِلْعَتَهُ بِعَيْنِهَا عِنْدَ رَجُلٍ وَقَدْ أَفْلَسَ وَلَمْ يَكُنْ قَبَضَ مِنْ ثَمَنِهَا شَيْئًا فَهِيَ لَهُ ‏.‏ وَإِنْ كَانَ قَبَضَ مِنْ ثَمَنِهَا شَيْئًا فَهُوَ أُسْوَةُ الْغُرَمَاءِ ‏\"‏ ‏.‏","english":{"narrator":"It was narrated from Abu Hurairah that the Prophet (ﷺ) said:","text":"“Any man who sells a product with the man who has become bankrupt, and he has not taken any of its price, it belongs to him, but if he had taken any of its price, then he is like any other creditor.”"}},{"id":53,"idInBook":53,"chapterId":13,"bookId":6,"arabic":"حَدَّثَنَا إِبْرَاهِيمُ بْنُ الْمُنْذِرِ الْحِزَامِيُّ، وَعَبْدُ الرَّحْمَنِ بْنُ إِبْرَاهِيمَ الدِّمَشْقِيُّ، قَالاَ حَدَّثَنَا ابْنُ أَبِي فُدَيْكٍ، عَنِ ابْنِ أَبِي ذِئْبٍ، عَنْ أَبِي الْمُعْتَمِرِ بْنِ عَمْرِو بْنِ رَافِعٍ، عَنِ ابْنِ خَلْدَةَ الزُّرَقِيِّ، وَكَانَ، قَاضِيًا بِالْمَدِينَةِ قَالَ جِئْنَا أَبَا هُرَيْرَةَ فِي صَاحِبٍ لَنَا قَدْ أَفْلَسَ فَقَالَ هَذَا الَّذِي قَضَى فِيهِ النَّبِيُّ صلى الله عليه وسلم ‏\n\"‏ أَيُّمَا رَجُلٍ مَاتَ أَوْ أَفْلَسَ فَصَاحِبُ الْمَتَاعِ أَحَقُّ بِمَتَاعِهِ إِذَا وَجَدَهُ بِعَيْنِهِ ‏\"‏ ‏.‏","english":{"narrator":"It was narrated that Ibn Khaldah, who was a judge in Al-Madinah, said:","text":"We came to Abu Hurairah and asked him about a companion of ours who had become bankrupt. He said: “This is what the Prophet (ﷺ) ruled: 'Any man who dies or becomes bankrupt, the owner of the product has more right to it, if he finds the exact thing.”"}},{"id":54,"idInBook":54,"chapterId":13,"bookId":6,"arabic":"حَدَّثَنَا عَمْرُو بْنُ عُثْمَانَ بْنِ سَعِيدِ بْنِ كَثِيرِ بْنِ دِينَارٍ الْحِمْصِيُّ، حَدَّثَنَا الْيَمَانُ بْنُ عَدِيٍّ، حَدَّثَنِي الزَّبِيدِيُّ، مُحَمَّدُ بْنُ عَبْدِ الرَّحْمَنِ عَنِ الزُّهْرِيِّ، عَنْ أَبِي سَلَمَةَ، عَنْ أَبِي هُرَيْرَةَ، قَالَ قَالَ رَسُولُ اللَّهِ صلى الله عليه وسلم ‏\n\"‏ أَيُّمَا امْرِئٍ مَاتَ وَعِنْدَهُ مَالُ امْرِئٍ بِعَيْنِهِ اقْتَضَى مِنْهُ شَيْئًا أَوْ لَمْ يَقْتَضِ فَهُوَ أُسْوَةُ الْغُرَمَاءِ ‏\"‏ ‏.‏","english":{"narrator":"It was narrated from Abu Hurairah that the Messenger of Allah (ﷺ) said:","text":"“Any man who dies and has the property of another man, whether he paid something towards it or not, (the owner of those goods) is like any other creditor.”"}},{"id":55,"idInBook":55,"chapterId":13,"bookId":6,"arabic":"حَدَّثَنَا عُثْمَانُ بْنُ أَبِي شَيْبَةَ، وَعَمْرُو بْنُ رَافِعٍ، قَالاَ حَدَّثَنَا جَرِيرٌ، عَنْ مَنْصُورٍ، عَنْ إِبْرَاهِيمَ، عَنْ عَبِيدَةَ السَّلْمَانِيِّ، قَالَ قَالَ عَبْدُ اللَّهِ بْنُ مَسْعُودٍ سُئِلَ رَسُولُ اللَّهِ صلى الله عليه وسلم أَىُّ النَّاسِ خَيْرٌ قَالَ ‏\n\"‏ قَرْنِي ثُمَّ الَّذِينَ يَلُونَهُمْ ثُمَّ الَّذِينَ يَلُونَهُمْ ثُمَّ يَجِيءُ قَوْمٌ تَبْدُرُ شَهَادَةُ أَحَدِهِمْ يَمِينَهُ وَيَمِينُهُ شَهَادَتَهُ ‏\"‏ ‏.‏","english":{"narrator":"'Abdullah bin Mas'ud said:","text":"“The Messenger of Allah (ﷺ) was asked, 'Which of the people are best?' He said: 'My generation, then those that follow them, then those that follow them. Then there will come people whose testimony precedes their oath and whose oath precedes their testimony.”"}},{"id":56,"idInBook":56,"chapterId":13,"bookId":6,"arabic":"حَدَّثَنَا عَبْدُ اللَّهِ بْنُ الْجَرَّاحِ، حَدَّثَنَا جَرِيرٌ، عَنْ عَبْدِ الْمَلِكِ بْنِ عُمَيْرٍ، عَنْ جَابِرِ بْنِ سَمُرَةَ، قَالَ خَطَبَنَا عُمَرُ بْنُ الْخَطَّابِ بِالْجَابِيَةِ فَقَالَ إِنَّ رَسُولَ اللَّهِ صلى الله عليه وسلم قَامَ فِينَا مِثْلَ مُقَامِي فِيكُمْ فَقَالَ ‏\n\"‏ احْفَظُونِي فِي أَصْحَابِي ثُمَّ الَّذِينَ يَلُونَهُمْ ثُمَّ الَّذِينَ يَلُونَهُمْ ثُمَّ يَفْشُو الْكَذِبُ حَتَّى يَشْهَدَ الرَّجُلُ وَمَا يُسْتَشْهَدُ وَيَحْلِفَ وَمَا يُسْتَحْلَفُ ‏\"‏ ‏.‏","english":{"narrator":"It was narrated that Jabir bin Samurah said:","text":"'Umar bin Khattab addressed us at Jabiyah and said: “The Messenger of Allah (ﷺ)  stood up among us as I stand among you, and said: 'Honor my Companions for my sake, then those who come after them, then those who come after them. Then lying will prevail until a man will give testimony without being asked to do so, and he will swear an oath without being asked to do so.' ”"}},{"id":57,"idInBook":57,"chapterId":13,"bookId":6,"arabic":"حَدَّثَنَا عَلِيُّ بْنُ مُحَمَّدٍ، وَمُحَمَّدُ بْنُ عَبْدِ الرَّحْمَنِ الْجُعْفِيُّ، قَالاَ حَدَّثَنَا زَيْدُ بْنُ الْحُبَابِ الْعُكْلِيُّ، أَخْبَرَنِي أُبَىُّ بْنُ عَبَّاسِ بْنِ سَهْلِ بْنِ سَعْدٍ السَّاعِدِيِّ، حَدَّثَنِي أَبُو بَكْرِ بْنُ عَمْرِو بْنِ حَزْمٍ، حَدَّثَنِي مُحَمَّدُ بْنُ عَبْدِ اللَّهِ بْنِ عَمْرِو بْنِ عُثْمَانَ بْنِ عَفَّانَ، حَدَّثَنِي خَارِجَةُ بْنُ زَيْدِ بْنِ ثَابِتٍ، أَخْبَرَنِي عَبْدُ الرَّحْمَنِ بْنُ أَبِي عَمْرَةَ الأَنْصَارِيُّ، أَنَّهُ سَمِعَ زَيْدَ بْنَ خَالِدٍ الْجُهَنِيَّ، يَقُولُ إِنَّهُ سَمِعَ رَسُولَ اللَّهِ صلى الله عليه وسلم يَقُولُ ‏\n\"‏ خَيْرُ الشُّهُودِ مَنْ أَدَّى شَهَادَتَهُ قَبْلَ أَنْ يُسْأَلَهَا ‏\"‏ ‏.‏","english":{"narrator":"Zaid bin Khalid Al-Juhani said that he heard the Messenger of Allah (ﷺ) say:","text":"“The best of witnesses is the one who gives his testimony before he is asked for it.”"}},{"id":58,"idInBook":58,"chapterId":13,"bookId":6,"arabic":"حَدَّثَنَا عُبَيْدُ اللَّهِ بْنُ يُوسُفَ الْجُبَيْرِيُّ، وَجَمِيلُ بْنُ الْحَسَنِ الْعَتَكِيُّ، قَالاَ حَدَّثَنَا مُحَمَّدُ بْنُ مَرْوَانَ الْعِجْلِيُّ، حَدَّثَنَا عَبْدُ الْمَلِكِ بْنُ أَبِي نَضْرَةَ، عَنْ أَبِيهِ، عَنْ أَبِي سَعِيدٍ الْخُدْرِيِّ، قَالَ تَلاَ هَذِهِ الآيَةَ ‏{‏يَا أَيُّهَا الَّذِينَ آمَنُوا إِذَا تَدَايَنْتُمْ بِدَيْنٍ إِلَى أَجَلٍ مُسَمًّى ‏}‏ حَتَّى بَلَغَ ‏{‏فَإِنْ أَمِنَ بَعْضُكُمْ بَعْضًا‏}‏ فَقَالَ هَذِهِ نَسَخَتْ مَا قَبْلَهَا ‏.‏","english":{"narrator":"It was narrated that :","text":"Abu Sa'eed Al-Khudri recited this Verse: “O you who believe! When you contract a debt for a fixed period...” until: “then if one of you entrusts the other.” Then he said: “This abrogates what came before.”"}},{"id":59,"idInBook":59,"chapterId":13,"bookId":6,"arabic":"حَدَّثَنَا أَيُّوبُ بْنُ مُحَمَّدٍ الرَّقِّيُّ، حَدَّثَنَا مَعْمَرُ بْنُ سُلَيْمَانَ، ح وَحَدَّثَنَا مُحَمَّدُ بْنُ يَحْيَى، حَدَّثَنَا يَزِيدُ بْنُ هَارُونَ، قَالاَ حَدَّثَنَا حَجَّاجُ بْنُ أَرْطَاةَ، عَنْ عَمْرِو بْنِ شُعَيْبٍ، عَنْ أَبِيهِ، عَنْ جَدِّهِ، قَالَ قَالَ رَسُولُ اللَّهِ صلى الله عليه وسلم ‏\n\"‏ لاَ تَجُوزُ شَهَادَةُ خَائِنٍ وَلاَ خَائِنَةٍ وَلاَ مَحْدُودٍ فِي الإِسْلاَمِ وَلاَ ذِي غِمْرٍ عَلَى أَخِيهِ ‏\"‏ ‏.‏","english":{"narrator":"It was narrated from 'Amr bin Shuaib  from his father that his grandfather said:","text":"“The Testimony of a man or woman who is treacherous, or of one who has been subjected to one of the Haad punishments of Islam, or of one who bears a grudge against his brother, is not permissible.”"}},{"id":60,"idInBook":60,"chapterId":13,"bookId":6,"arabic":"حَدَّثَنَا حَرْمَلَةُ بْنُ يَحْيَى، حَدَّثَنَا عَبْدُ اللَّهِ بْنُ وَهْبٍ، أَخْبَرَنِي نَافِعُ بْنُ يَزِيدَ، عَنِ ابْنِ الْهَادِ، عَنْ مُحَمَّدِ بْنِ عَمْرِو بْنِ عَطَاءٍ، عَنْ عَطَاءِ بْنِ يَسَارٍ، عَنْ أَبِي هُرَيْرَةَ، أَنَّهُ سَمِعَ رَسُولَ اللَّهِ صلى الله عليه وسلم يَقُولُ ‏\n\"‏ لاَ تَجُوزُ شَهَادَةُ بَدَوِيٍّ عَلَى صَاحِبِ قَرْيَةٍ ‏\"‏ ‏.‏","english":{"narrator":"It was narrated from Abu Hurairah that the Messenger of Allah (ﷺ) say:","text":"“The testimony of a Bedouin against a town-dweller is not permissible.”"}},{"id":61,"idInBook":61,"chapterId":13,"bookId":6,"arabic":"حَدَّثَنَا أَبُو مُصْعَبٍ الْمَدِينِيُّ، أَحْمَدُ بْنُ عَبْدِ اللَّهِ الزُّهْرِيُّ وَيَعْقُوبُ بْنُ إِبْرَاهِيمَ الدَّوْرَقِيُّ قَالاَ حَدَّثَنَا عَبْدُ الْعَزِيزِ بْنُ مُحَمَّدٍ الدَّرَاوَرْدِيُّ، عَنْ رَبِيعَةَ بْنِ أَبِي عَبْدِ الرَّحْمَنِ، عَنْ سُهَيْلِ بْنِ أَبِي صَالِحٍ، عَنْ أَبِيهِ، عَنْ أَبِي هُرَيْرَةَ، أَنَّ رَسُولَ اللَّهِ صلى الله عليه وسلم قَضَى بِالْيَمِينِ مَعَ الشَّاهِدِ ‏.‏","english":{"narrator":"It was narrated from Abu Hurairah that:","text":"the Messenger of Allah (ﷺ) passed judgment on the basis of an oath (from the claimant) along with a (single) witness. "}},{"id":62,"idInBook":62,"chapterId":13,"bookId":6,"arabic":"حَدَّثَنَا مُحَمَّدُ بْنُ بَشَّارٍ، حَدَّثَنَا عَبْدُ الْوَهَّابِ، حَدَّثَنَا جَعْفَرُ بْنُ مُحَمَّدٍ، عَنْ أَبِيهِ، عَنْ جَابِرٍ، أَنَّ النَّبِيَّ صلى الله عليه وسلم قَضَى بِالْيَمِينِ مَعَ الشَّاهِدِ ‏.‏","english":{"narrator":"It was narrated from Jabir that:","text":"the Prophet (ﷺ) passed judgement on the basis of an oath (from the claimant) along with a (single) witness."}},{"id":63,"idInBook":63,"chapterId":13,"bookId":6,"arabic":"حَدَّثَنَا أَبُو إِسْحَاقَ الْهَرَوِيُّ، إِبْرَاهِيمُ بْنُ عَبْدِ اللَّهِ بْنِ حَاتِمٍ حَدَّثَنَا عَبْدُ اللَّهِ بْنُ الْحَارِثِ الْمَخْزُومِيُّ، حَدَّثَنَا سَيْفُ بْنُ سُلَيْمَانَ الْمَكِّيُّ، أَخْبَرَنِي قَيْسُ بْنُ سَعْدٍ، عَنْ عَمْرِو بْنِ دِينَارٍ، عَنِ ابْنِ عَبَّاسٍ، قَالَ قَضَى رَسُولُ اللَّهِ صلى الله عليه وسلم بِالشَّاهِدِ وَالْيَمِينِ ‏.‏","english":{"narrator":"It was narrated that Ibn 'Abbas said:","text":"“The Messenger of Allah (ﷺ) passed judgement on the basis of a witness along with an oath by the claimant."}},{"id":64,"idInBook":64,"chapterId":13,"bookId":6,"arabic":"حَدَّثَنَا أَبُو بَكْرِ بْنُ أَبِي شَيْبَةَ، حَدَّثَنَا يَزِيدُ بْنُ هَارُونَ، أَنْبَأَنَا جُوَيْرِيَةُ بْنُ أَسْمَاءَ، حَدَّثَنَا عَبْدُ اللَّهِ بْنُ يَزِيدَ، - مَوْلَى الْمُنْبَعِثِ - عَنْ رَجُلٍ، مِنْ أَهْلِ مِصْرَ عَنْ سُرَّقٍ، أَنَّ النَّبِيَّ صلى الله عليه وسلم أَجَازَ شَهَادَةَ الرَّجُلِ وَيَمِينَ الطَّالِبِ ‏.‏","english":{"narrator":"It was narrated from Surraq that :","text":"the Prophet (ﷺ) allowed the testimony of a man along with the oath of the claimant."}},{"id":65,"idInBook":65,"chapterId":13,"bookId":6,"arabic":"حَدَّثَنَا أَبُو بَكْرِ بْنُ أَبِي شَيْبَةَ، حَدَّثَنَا مُحَمَّدُ بْنُ عُبَيْدٍ، حَدَّثَنَا سُفْيَانُ الْعُصْفُرِيُّ، عَنْ أَبِيهِ، عَنْ حَبِيبِ بْنِ النُّعْمَانِ الأَسَدِيِّ، عَنْ خُرَيْمِ بْنِ فَاتِكٍ الأَسَدِيِّ، قَالَ صَلَّى النَّبِيُّ صلى الله عليه وسلم الصُّبْحَ فَلَمَّا انْصَرَفَ قَامَ قَائِمًا فَقَالَ ‏\"‏ عُدِلَتْ شَهَادَةُ الزُّورِ بِالإِشْرَاكِ بِاللَّهِ ‏\"‏ ‏.‏ ثَلاَثَ مَرَّاتٍ ثُمَّ تَلاَ هَذِهِ الآيَةَ ‏{‏وَاجْتَنِبُوا قَوْلَ الزُّورِ حُنَفَاءَ لِلَّهِ غَيْرَ مُشْرِكِينَ بِه‏}‏‏.‏","english":{"narrator":"It was narrated that Khuraim bin Fatik Al-Asadi said that :","text":"the Prophet(ﷺ) prayed the Morning prayer, and when he had finished, he stood up and said: “Bearing false witness is equivalent to associating others with Allah,” three times. Then he recited this Verse: “And shun lying speech (false statements), Hunafa' Lillah (i.e., worshiping none but Allah), not associating partners (in worship) to Him.”"}},{"id":66,"idInBook":66,"chapterId":13,"bookId":6,"arabic":"حَدَّثَنَا سُوَيْدُ بْنُ سَعِيدٍ، حَدَّثَنَا مُحَمَّدُ بْنُ الْفُرَاتِ، عَنْ مُحَارِبِ بْنِ دِثَارٍ، عَنِ ابْنِ عُمَرَ، قَالَ قَالَ رَسُولُ اللَّهِ صلى الله عليه وسلم ‏{‏لَنْ تَزُولَ قَدَمُ شَاهِدِ الزُّورِ حَتَّى يُوجِبَ اللَّهُ لَهُ النَّارَ‏}‏‏.‏","english":{"narrator":"It was narrated from Ibn 'Umar that the Messenger of Allah (ﷺ) said:","text":"'The one who bears false witness will not move away (on the Day of Resurrection) until Allah condemns him to Hell.' ”"}},{"id":67,"idInBook":67,"chapterId":13,"bookId":6,"arabic":"حَدَّثَنَا مُحَمَّدُ بْنُ طَرِيفٍ، حَدَّثَنَا أَبُو خَالِدٍ الأَحْمَرُ، عَنْ مُجَالِدٍ، عَنْ عَامِرٍ، عَنْ جَابِرِ بْنِ عَبْدِ اللَّهِ، أَنَّ رَسُولَ اللَّهِ صلى الله عليه وسلم أَجَازَ شَهَادَةَ أَهْلِ الْكِتَابِ بَعْضِهِمْ عَلَى بَعْضٍ ‏.‏ \n‏","english":{"narrator":"It was narrated from Jabir bin 'Abdullah that :","text":"the Messenger of Allah (ﷺ) allowed the People of the Book to testify against one another."}}],"chapter":{"id":13,"bookId":6,"arabic":"كتاب الأحكام","english":"The Chapters on Rulings"}}