{
  "metadata": {
    "length": 15,
    "arabic": {
      "title": "سنن ابن ماجه",
      "author": "الإمام محمد بن يزيد بن ماجه القزويني",
      "introduction": "كتاب الهبات"
    },
    "english": {
      "title": "Sunan Ibn Majah",
      "author": "Imam Muhammad ibn Yazid Ibn Majah al-Qazwini",
      "introduction": "The Chapters on Gifts"
    }
  },
  "hadiths": [
    {
      "id": 1,
      "idInBook": 1,
      "chapterId": 14,
      "bookId": 6,
      "arabic": "حَدَّثَنَا أَبُو بِشْرٍ، بَكْرُ بْنُ خَلَفٍ حَدَّثَنَا يَزِيدُ بْنُ زُرَيْعٍ، عَنْ دَاوُدَ بْنِ أَبِي هِنْدٍ، عَنِ الشَّعْبِيِّ، عَنِ النُّعْمَانِ بْنِ بَشِيرٍ، قَالَ انْطَلَقَ بِهِ أَبُوهُ يَحْمِلُهُ إِلَى النَّبِيِّ صلى الله عليه وسلم فَقَالَ اشْهَدْ أَنِّي قَدْ نَحَلْتُ النُّعْمَانَ مِنْ مَالِي كَذَا وَكَذَا ‏.‏ قَالَ ‏\"‏ فَكُلَّ بَنِيكَ نَحَلْتَ مِثْلَ الَّذِي نَحَلْتَ النُّعْمَانَ ‏\"‏ ‏.‏ قَالَ لاَ ‏.‏ قَالَ ‏\"‏ فَأَشْهِدْ عَلَى هَذَا غَيْرِي ‏\"‏ ‏.‏ قَالَ ‏\"‏ أَلَيْسَ يَسُرُّكَ أَنْ يَكُونُوا لَكَ فِي الْبِرِّ سَوَاءً ‏\"‏ ‏.‏ قَالَ بَلَى ‏.‏ قَالَ ‏\"‏ فَلاَ إِذًا ‏\"‏ ‏.‏",
      "english": {
        "narrator": "It was narrated that Nu'man bin Bashir said that his father took him to the Prophet (ﷺ) and said:",
        "text": "“Bear witness that I have given Nu'man such and such from my wealth.” He said: “Have you given all your children something like that which you have given to Nu'man?” He said: “No.” He said: “Then let someone other than me bear witness to that.” And he said: “Would you not like all your children to honor you equally?” He said: “Of course.” He said: “Then do not do this.”"
      },
      "turkish": {
        "narrator": "It was narrated that Nu'man bin Bashir said that his father took him to the Prophet (ﷺ) and said:",
        "text": "Nu'man bin Beşir'in babasından rivayet edildiğine göre, babası onu Peygamber (ﷺ)'e götürdü ve şöyle dedi: “Şahid ol ki, ben Nu'man'a şu kadar ve bu kadar malımdan verdim.” Peygamber (ﷺ) şöyle dedi: “Diğer çocuklarına da Nu'man'a verdiğin gibi bir şey verdin mi?” O da: “Hayır.” dedi. Peygamber (ﷺ) şöyle dedi: “O zaman benim dışımda biri buna şahitlik etsin.” Ve şöyle dedi: “Tüm çocuklarının sana eşit şekilde saygı göstermesini istemez misin?” O da: “Elbette.” dedi. Peygamber (ﷺ) şöyle dedi: “O zaman bunu yapma.”"
      }
    },
    {
      "id": 2,
      "idInBook": 2,
      "chapterId": 14,
      "bookId": 6,
      "arabic": "حَدَّثَنَا هِشَامُ بْنُ عَمَّارٍ، حَدَّثَنَا سُفْيَانُ، عَنِ الزُّهْرِيِّ، عَنْ حُمَيْدِ بْنِ عَبْدِ الرَّحْمَنِ، وَمُحَمَّدِ بْنِ النُّعْمَانِ بْنِ بَشِيرٍ، أَخْبَرَاهُ عَنِ النُّعْمَانِ بْنِ بَشِيرٍ، أَنَّ أَبَاهُ، نَحَلَهُ غُلاَمًا وَأَنَّهُ جَاءَ إِلَى النَّبِيِّ صلى الله عليه وسلم يُشْهِدُهُ فَقَالَ ‏\"‏ أَكُلَّ وَلَدِكَ نَحَلْتَ ‏\"‏ ‏.‏ قَالَ لاَ ‏.‏ قَالَ ‏\"‏ فَارْدُدْهُ ‏\"‏ ‏.‏",
      "english": {
        "narrator": "It was narrated from Nu'man bin Bashir that:",
        "text": "his father gave him a gift of a slave, and he came to the Prophet (ﷺ) so that he could witness the gift. He said: “Have you given something to all of your children?” He said: “No.” He said: “Then take back (your gift).”"
      },
      "turkish": {
        "narrator": "It was narrated from Nu'man bin Bashir that:",
        "text": "Nu'man bin Beşir'den rivayet edildiğine göre, babası ona bir köle hediye etti ve o da hediyenin şahitliği için Peygamber (ﷺ)'e gitti. Peygamber (ﷺ) şöyle dedi: “Tüm çocuklarına bir şey verdin mi?” O da: “Hayır.” dedi. Peygamber (ﷺ) şöyle dedi: “O zaman (hediyeni) geri al.”"
      }
    },
    {
      "id": 3,
      "idInBook": 3,
      "chapterId": 14,
      "bookId": 6,
      "arabic": "حَدَّثَنَا مُحَمَّدُ بْنُ بَشَّارٍ، وَأَبُو بَكْرِ بْنُ خَلاَّدٍ الْبَاهِلِيُّ قَالاَ حَدَّثَنَا ابْنُ أَبِي عَدِيٍّ، عَنْ حُسَيْنٍ الْمُعَلِّمِ، عَنْ عَمْرِو بْنِ شُعَيْبٍ، عَنْ طَاوُسٍ، عَنِ ابْنِ عَبَّاسٍ، وَابْنِ، عُمَرَ يَرْفَعَانِ الْحَدِيثَ إِلَى النَّبِيِّ صلى الله عليه وسلم قَالَ ‏\n\"‏ لاَ يَحِلُّ لِلرَّجُلِ أَنْ يُعْطِيَ الْعَطِيَّةَ ثُمَّ يَرْجِعَ فِيهَا إِلاَّ الْوَالِدَ فِيمَا يُعْطِي وَلَدَهُ ‏\"‏ ‏.‏",
      "english": {
        "narrator": "It was narrated from Ibn 'Abbas and Ibn 'Umar, who attributed the Hadith to the Prophet (ﷺ) that he said:",
        "text": "“It is not permissible for a man to give a gift then take it back, except what a father gives to his child.”"
      },
      "turkish": {
        "narrator": "It was narrated from Ibn 'Abbas and Ibn 'Umar, who attributed the Hadith to the Prophet (ﷺ) that he said:",
        "text": "İbn Abbas ve İbn Ömer'den rivayet edildiğine göre, Hadis'i Peygamber (ﷺ)'e atfederek şöyle dedi: “Bir adamın hediye vermesi ve sonra geri alması caiz değildir, ancak bir babanın çocuğuna verdiği şey için.”"
      }
    },
    {
      "id": 4,
      "idInBook": 4,
      "chapterId": 14,
      "bookId": 6,
      "arabic": "حَدَّثَنَا جَمِيلُ بْنُ الْحَسَنِ، حَدَّثَنَا عَبْدُ الأَعْلَى، حَدَّثَنَا سَعِيدٌ، عَنْ عَامِرٍ الأَحْوَلِ، عَنْ عَمْرِو بْنِ شُعَيْبٍ، عَنْ أَبِيهِ، عَنْ جَدِّهِ، أَنَّ نَبِيَّ اللَّهِ صلى الله عليه وسلم قَالَ ‏\n\"‏ لاَ يَرْجِعْ أَحَدُكُمْ فِي هِبَتِهِ إِلاَّ الْوَالِدَ مِنْ وَلَدِهِ ‏\"‏ ‏.‏",
      "english": {
        "narrator": "It was narrated from Amr bin Shu'aib, from his father, from, his Grandfather, that the Prophet (ﷺ) of Allah (SWT) said:",
        "text": "“None of you should take back his gift, except a father (taking it back) from his son.”"
      },
      "turkish": {
        "narrator": "It was narrated from Amr bin Shu'aib, from his father, from, his Grandfather, that the Prophet (ﷺ) of Allah (SWT) said:",
        "text": "Amr bin Şu'ayb'den, babasından, dedesinden rivayet edildiğine göre, Allah (SWT) Peygamberi (ﷺ) şöyle dedi: “Sizden hiç kimse hediyesini geri almasın, ancak bir baba (oğlundan) geri alabilir.”"
      }
    },
    {
      "id": 5,
      "idInBook": 5,
      "chapterId": 14,
      "bookId": 6,
      "arabic": "حَدَّثَنَا أَبُو بَكْرِ بْنُ أَبِي شَيْبَةَ، حَدَّثَنَا يَحْيَى بْنُ زَكَرِيَّا بْنِ أَبِي زَائِدَةَ، عَنْ مُحَمَّدِ بْنِ عَمْرٍو، عَنْ أَبِي سَلَمَةَ، عَنْ أَبِي هُرَيْرَةَ، قَالَ قَالَ رَسُولُ اللَّهِ صلى الله عليه وسلم ‏\n\"‏ لاَ عُمْرَى فَمَنْ أُعْمِرَ شَيْئًا فَهُوَ لَهُ ‏\"‏ ‏.‏",
      "english": {
        "narrator": "It was narrated from Abu Hurairah that the Messenger of Allah (ﷺ) said:",
        "text": "“There is no lifelong grant. Whoever is given something as a lifelong grant, it is his.' ”"
      },
      "turkish": {
        "narrator": "It was narrated from Abu Hurairah that the Messenger of Allah (ﷺ) said:",
        "text": "Ebu Hureyre'den rivayet edildiğine göre, Allah'ın Resulü (ﷺ) şöyle dedi: “Hayat boyu verilen bir hediye yoktur. Hayat boyu bir şey verilen kimse, o şey ona aittir.”"
      }
    },
    {
      "id": 6,
      "idInBook": 6,
      "chapterId": 14,
      "bookId": 6,
      "arabic": "حَدَّثَنَا مُحَمَّدُ بْنُ رُمْحٍ، أَنْبَأَنَا اللَّيْثُ بْنُ سَعْدٍ، عَنِ ابْنِ شِهَابٍ، عَنْ أَبِي سَلَمَةَ، عَنْ جَابِرٍ، قَالَ سَمِعْتُ رَسُولَ اللَّهِ صلى الله عليه وسلم يَقُولُ ‏\n\"‏ مَنْ أَعْمَرَ رَجُلاً عُمْرَى لَهُ وَلِعَقِبِهِ فَقَدْ قَطَعَ قَوْلُهُ حَقَّهُ فِيهَا فَهِيَ لِمَنْ أُعْمِرَ وَلِعَقِبِهِ ‏\"‏ ‏.‏",
      "english": {
        "narrator": "It was narrated that Jabir said:",
        "text": "“I heard the Messenger of Allah (ﷺ) say: 'Whoever gives a lifelong grant to a man, it belongs to him (the recipient) and to his heirs. His (the giver's) words put an end to his right to it, and it belongs to the one to whom it was given for life and to his heirs.”"
      },
      "turkish": {
        "narrator": "It was narrated that Jabir said:",
        "text": "Cabir'den rivayet edildiğine göre, Allah'ın Resulü (ﷺ) şöyle dedi: “Kim bir adama hayat boyu bir hediye verirse, o hediye ona (alıcıya) ve mirasçılarına aittir. Verilenin (verenin) sözleri, onun üzerindeki hakkını sona erdirir ve o, hayat boyu verilen kişiye ve onun mirasçılarına aittir.”"
      }
    },
    {
      "id": 7,
      "idInBook": 7,
      "chapterId": 14,
      "bookId": 6,
      "arabic": "حَدَّثَنَا هِشَامُ بْنُ عَمَّارٍ، حَدَّثَنَا سُفْيَانُ، عَنْ عَمْرِو بْنِ دِينَارٍ، عَنْ طَاوُسٍ، عَنْ حُجْرٍ الْمَدَرِيِّ، عَنْ زَيْدِ بْنِ ثَابِتٍ، أَنَّ النَّبِيَّ صلى الله عليه وسلم جَعَلَ الْعُمْرَى لِلْوَارِثِ ‏.‏",
      "english": {
        "narrator": "It was narrated from Zaid bin Thabit that :",
        "text": "the Prophet (ﷺ) ruled that a gift given for life belongs to the heirs (of the recipient)."
      },
      "turkish": {
        "narrator": "It was narrated from Zaid bin Thabit that :",
        "text": "Zeyd bin Sabit'ten rivayet edildiğine göre: Peygamber (ﷺ) hayat boyu verilen bir hediyenin, alıcının mirasçılarına ait olduğunu hükmetmiştir."
      }
    },
    {
      "id": 8,
      "idInBook": 8,
      "chapterId": 14,
      "bookId": 6,
      "arabic": "حَدَّثَنَا إِسْحَاقُ بْنُ مَنْصُورٍ، أَنْبَأَنَا عَبْدُ الرَّزَّاقِ، أَنْبَأَنَا ابْنُ جُرَيْجٍ، عَنْ عَطَاءٍ، عَنْ حَبِيبِ بْنِ أَبِي ثَابِتٍ، عَنِ ابْنِ عُمَرَ، قَالَ قَالَ رَسُولُ اللَّهِ صلى الله عليه وسلم ‏\n\"‏ لاَ رُقْبَى فَمَنْ أُرْقِبَ شَيْئًا فَهُوَ لَهُ حَيَاتَهُ وَمَمَاتَهُ ‏\"‏ ‏.‏ قَالَ وَالرُّقْبَى أَنْ يَقُولَ هُوَ لِلآخَرِ مِنِّي وَمِنْكَ مَوْتًا ‏.‏",
      "english": {
        "narrator": "It was narrated from Ibn 'Umar that the Messenger of Allah (ﷺ) said:",
        "text": "“There is no Ruqba. Whoever is given a gift on the basis of Ruqba, it belongs to him, whether he lives or dies.”"
      },
      "turkish": {
        "narrator": "It was narrated from Ibn 'Umar that the Messenger of Allah (ﷺ) said:",
        "text": "İbn Ömer'den rivayet edildiğine göre, Allah'ın Resulü (ﷺ) şöyle dedi: “Ruqba yoktur. Ruqba esasına göre bir hediye alan kimse, ister yaşasın ister ölsün, o hediye ona aittir.”"
      }
    },
    {
      "id": 9,
      "idInBook": 9,
      "chapterId": 14,
      "bookId": 6,
      "arabic": "حَدَّثَنَا عَمْرُو بْنُ رَافِعٍ، حَدَّثَنَا هُشَيْمٌ، ح وَحَدَّثَنَا عَلِيُّ بْنُ مُحَمَّدٍ، حَدَّثَنَا أَبُو مُعَاوِيَةَ، قَالاَ حَدَّثَنَا دَاوُدُ، عَنْ أَبِي الزُّبَيْرِ، عَنْ جَابِرِ بْنِ عَبْدِ اللَّهِ، قَالَ قَالَ رَسُولُ اللَّهِ صلى الله عليه وسلم ‏\n\"‏ الْعُمْرَى جَائِزَةٌ لِمَنْ أُعْمِرَهَا وَالرُّقْبَى جَائِزَةٌ لِمَنْ أُرْقِبَهَا ‏\"‏ ‏.‏",
      "english": {
        "narrator": "It was narrated from Jabir bin 'Abdullah that the Messenger of Allah (ﷺ) said:",
        "text": "“Umra belongs to the one to whom it is given, and Ruqba belongs to the one to whom it is given.”"
      },
      "turkish": {
        "narrator": "It was narrated from Jabir bin 'Abdullah that the Messenger of Allah (ﷺ) said:",
        "text": "Cabir bin Abdullah'dan rivayet edildiğine göre, Allah'ın Resulü (ﷺ) şöyle dedi: “Umra, verildiği kişiye aittir ve Ruqba, verildiği kişiye aittir.”"
      }
    },
    {
      "id": 10,
      "idInBook": 10,
      "chapterId": 14,
      "bookId": 6,
      "arabic": "حَدَّثَنَا أَبُو بَكْرِ بْنُ أَبِي شَيْبَةَ، حَدَّثَنَا أَبُو أُسَامَةَ، عَنْ عَوْفٍ، عَنْ خِلاَسٍ، عَنْ أَبِي هُرَيْرَةَ، قَالَ قَالَ رَسُولُ اللَّهِ صلى الله عليه وسلم ‏\n\"‏ إِنَّ مَثَلَ الَّذِي يَعُودُ فِي عَطِيَّتِهِ كَمَثَلِ الْكَلْبِ أَكَلَ حَتَّى إِذَا شَبِعَ قَاءَ ثُمَّ عَادَ فِي قَيْئِهِ فَأَكَلَهُ ‏\"‏ ‏.‏",
      "english": {
        "narrator": "It was narrated from Abu Hurairah that the Messenger of Allah (ﷺ) said:",
        "text": "“The likeness of one who takes back his gift is that of a dog that eats until it is full and vomits; then it goes back to its vomit and eats it again.”"
      },
      "turkish": {
        "narrator": "It was narrated from Abu Hurairah that the Messenger of Allah (ﷺ) said:",
        "text": "Ebu Hureyre'den rivayet edildiğine göre, Allah'ın Resulü (ﷺ) şöyle dedi: “Hedisini geri alan kişinin durumu, doyana kadar yiyip kusan ve sonra kustuğuna geri dönen köpeğin durumuna benzer.”"
      }
    },
    {
      "id": 11,
      "idInBook": 11,
      "chapterId": 14,
      "bookId": 6,
      "arabic": "حَدَّثَنَا مُحَمَّدُ بْنُ بَشَّارٍ، وَمُحَمَّدُ بْنُ الْمُثَنَّى، قَالاَ حَدَّثَنَا مُحَمَّدُ بْنُ جَعْفَرٍ، حَدَّثَنَا شُعْبَةُ، قَالَ سَمِعْتُ قَتَادَةَ، يُحَدِّثُ عَنْ سَعِيدِ بْنِ الْمُسَيَّبِ، عَنِ ابْنِ عَبَّاسٍ، قَالَ قَالَ رَسُولُ اللَّهِ صلى الله عليه وسلم ‏\n\"‏ الْعَائِدُ فِي هِبَتِهِ كَالْعَائِدِ فِي قَيْئِهِ ‏\"‏ ‏.‏",
      "english": {
        "narrator": "It was narrated from Ibn 'Abbas that the Messenger of Allah (ﷺ) said:",
        "text": "“The one who takes back his gift is like the one who goes back to his vomit.”"
      },
      "turkish": {
        "narrator": "It was narrated from Ibn 'Abbas that the Messenger of Allah (ﷺ) said:",
        "text": "İbn Abbas'tan rivayet edildiğine göre, Allah'ın Resulü (ﷺ) şöyle dedi: “Hedisini geri alan kimse, kustuğuna geri dönen kimse gibidir.”"
      }
    },
    {
      "id": 12,
      "idInBook": 12,
      "chapterId": 14,
      "bookId": 6,
      "arabic": "حَدَّثَنَا أَحْمَدُ بْنُ عَبْدِ اللَّهِ بْنِ يُوسُفَ الْعَرْعَرِيُّ، حَدَّثَنَا يَزِيدُ بْنُ أَبِي حَكِيمٍ، حَدَّثَنَا الْعُمَرِيُّ، عَنْ زَيْدِ بْنِ أَسْلَمَ، عَنِ ابْنِ عُمَرَ، عَنِ النَّبِيِّ صلى الله عليه وسلم قَالَ ‏\n\"‏ الْعَائِدُ فِي هِبَتِهِ كَالْكَلْبِ يَعُودُ فِي قَيْئِهِ ‏\"‏ ‏.‏",
      "english": {
        "narrator": "It was narrated from Ibn`Umar that the Prophet (ﷺ) said:",
        "text": "“The one who takes back his gift is like the dog that goes back to its vomit.”"
      },
      "turkish": {
        "narrator": "It was narrated from Ibn`Umar that the Prophet (ﷺ) said:",
        "text": "İbn Ömer'den rivayet edildiğine göre, Peygamber (ﷺ) şöyle dedi: “Hedisini geri alan kimse, kustuğuna geri dönen köpek gibidir.”"
      }
    },
    {
      "id": 13,
      "idInBook": 13,
      "chapterId": 14,
      "bookId": 6,
      "arabic": "حَدَّثَنَا عَلِيُّ بْنُ مُحَمَّدٍ، وَمُحَمَّدُ بْنُ إِسْمَاعِيلَ، قَالاَ حَدَّثَنَا وَكِيعٌ، حَدَّثَنَا إِبْرَاهِيمُ بْنُ إِسْمَاعِيلَ بْنِ مُجَمِّعِ بْنِ جَارِيَةَ الأَنْصَارِيُّ، عَنْ عَمْرِو بْنِ دِينَارٍ، عَنْ أَبِي هُرَيْرَةَ، قَالَ قَالَ رَسُولُ اللَّهِ صلى الله عليه وسلم ‏\n\"‏ الرَّجُلُ أَحَقُّ بِهِبَتِهِ مَا لَمْ يُثَبْ مِنْهَا ‏\"‏ ‏.‏",
      "english": {
        "narrator": "It was narrated from Abu Hurairah that the Messenger of Allah (ﷺ) said:",
        "text": "“A man has more right to his gift so long as he has not gotten something in return for it.”"
      },
      "turkish": {
        "narrator": "It was narrated from Abu Hurairah that the Messenger of Allah (ﷺ) said:",
        "text": "Ebu Hureyre'den rivayet edildiğine göre, Allah'ın Resulü (ﷺ) şöyle dedi: “Bir adam, hediyesini geri almadığı sürece, hediyesine daha çok hak sahibidir.”"
      }
    },
    {
      "id": 14,
      "idInBook": 14,
      "chapterId": 14,
      "bookId": 6,
      "arabic": "حَدَّثَنَا أَبُو يُوسُفَ الرَّقِّيُّ، مُحَمَّدُ بْنُ أَحْمَدَ الصَّيْدَلاَنِيُّ حَدَّثَنَا مُحَمَّدُ بْنُ سَلَمَةَ، عَنِ الْمُثَنَّى بْنِ الصَّبَّاحِ، عَنْ عَمْرِو بْنِ شُعَيْبٍ، عَنْ أَبِيهِ، عَنْ جَدِّهِ، أَنَّ رَسُولَ اللَّهِ صلى الله عليه وسلم قَالَ فِي خُطْبَةٍ خَطَبَهَا ‏\n\"‏ لاَ يَجُوزُ لاِمْرَأَةٍ فِي مَالِهَا إِلاَّ بِإِذْنِ زَوْجِهَا إِذَا هُوَ مَلَكَ عِصْمَتَهَا ‏\"‏ ‏.‏",
      "english": {
        "narrator": "It was narrated from 'Amr  bin Shu'aib, from his father that he delivered:",
        "text": "“It is not permissible for a woman to dispose of her wealth except with her husband's permission, once he has married her.”"
      },
      "turkish": {
        "narrator": "It was narrated from 'Amr  bin Shu'aib, from his father that he delivered:",
        "text": "Amr bin Şu'ayb'den, babasından rivayet edildiğine göre, şöyle dedi: “Bir kadının, kocası onu evlendirdikten sonra, kocasının izni olmadan malını tasfiye etmesi caiz değildir.”"
      }
    },
    {
      "id": 15,
      "idInBook": 15,
      "chapterId": 14,
      "bookId": 6,
      "arabic": "حَدَّثَنَا حَرْمَلَةُ بْنُ يَحْيَى، حَدَّثَنَا عَبْدُ اللَّهِ بْنُ وَهْبٍ، أَخْبَرَنِي اللَّيْثُ بْنُ سَعْدٍ، عَنْ عَبْدِ اللَّهِ بْنِ يَحْيَى، - رَجُلٌ مِنْ وَلَدِ كَعْبِ بْنِ مَالِكٍ - عَنْ أَبِيهِ، عَنْ جَدِّهِ، أَنَّ جَدَّتَهُ، خَيْرَةَ - امْرَأَةَ كَعْبِ بْنِ مَالِكٍ - أَتَتْ رَسُولَ اللَّهِ صلى الله عليه وسلم بِحُلِيٍّ لَهَا فَقَالَتْ إِنِّي تَصَدَّقْتُ بِهَذَا فَقَالَ لَهَا رَسُولُ اللَّهِ صلى الله عليه وسلم ‏\"‏ لاَ يَجُوزُ لِلْمَرْأَةِ فِي مَالِهَا إِلاَّ بِإِذْنِ زَوْجِهَا فَهَلِ اسْتَأْذَنْتِ كَعْبًا ‏\"‏ ‏.‏ قَالَتْ نَعَمْ ‏.‏ فَبَعَثَ رَسُولُ اللَّهِ صلى الله عليه وسلم إِلَى كَعْبِ بْنِ مَالِكٍ زَوْجِهَا فَقَالَ ‏\"‏ هَلْ أَذِنْتَ لِخَيْرَةَ أَنْ تَتَصَدَّقَ بِحُلِيِّهَا ‏\"‏ ‏.‏ فَقَالَ نَعَمْ ‏.‏ فَقَبِلَهُ رَسُولُ اللَّهِ صلى الله عليه وسلم مِنْهَا ‏.",
      "english": {
        "narrator": "It was narrated from 'Abdullah bin Yahya, one of the sons of Ka'b bin Malik, from his grandfather, that :",
        "text": "his grandmother  Khairah, the wife of Ka'b bin Malik, came to the Messenger of Allah (ﷺ) with some jewelry belonging to her and said, I am giving this in charity. The Messenger of Allah (ﷺ) said to her: “It is not permissible for a woman to dispose of her wealth without her husband's permission. Did you ask Ka'b's permission?” She said: “Yes.” So the Messenger of Allah (ﷺ) sent for Ka'b bin Malik, her husband, and said, “Did you give Khairah permission to give her jewelry in charity?” He said: “Yes.” So the Messenger of Allah (ﷺ) accepted it from her."
      },
      "turkish": {
        "narrator": "It was narrated from 'Abdullah bin Yahya, one of the sons of Ka'b bin Malik, from his grandfather, that :",
        "text": "Abdullah bin Yahya'dan, Ka'b bin Malik'in oğullarından biri, dedesinden rivayet ettiğine göre: Büyükannesi Khairah, Ka'b bin Malik'in eşi, Allah'ın Resulü (ﷺ)'e kendi mücevherleriyle geldi ve “Bunu sadaka olarak veriyorum.” dedi. Allah'ın Resulü (ﷺ) ona şöyle dedi: “Bir kadının, kocasının izni olmadan malını tasfiye etmesi caiz değildir. Ka'b'ın iznini aldın mı?” O da: “Evet.” dedi. Bunun üzerine Allah'ın Resulü (ﷺ) Ka'b bin Malik'i çağırdı ve “Khairah'a mücevherlerini sadaka vermesi için izin verdin mi?” diye sordu. O da: “Evet.” dedi. Bunun üzerine Allah'ın Resulü (ﷺ) onu kabul etti."
      }
    }
  ],
  "chapter": {
    "id": 14,
    "bookId": 6,
    "arabic": "كتاب الهبات",
    "english": "The Chapters on Gifts"
  }
}