{"metadata":{"length":11,"arabic":{"title":"سنن ابن ماجه","author":"الإمام محمد بن يزيد بن ماجه القزويني","introduction":"كتاب الشفعة"},"english":{"title":"Sunan Ibn Majah","author":"Imam Muhammad ibn Yazid Ibn Majah al-Qazwini","introduction":"The Chapters on Pre-emption"}},"hadiths":[{"id":1,"idInBook":1,"chapterId":17,"bookId":6,"arabic":"حَدَّثَنَا هِشَامُ بْنُ عَمَّارٍ، وَمُحَمَّدُ بْنُ الصَّبَّاحِ، قَالاَ حَدَّثَنَا سُفْيَانُ بْنُ عُيَيْنَةَ، عَنْ أَبِي الزُّبَيْرِ، عَنْ جَابِرٍ، قَالَ قَالَ رَسُولُ اللَّهِ صلى الله عليه وسلم ‏\n\"‏ مَنْ كَانَتْ لَهُ نَخْلٌ أَوْ أَرْضٌ فَلاَ يَبِيعُهَا حَتَّى يَعْرِضَهَا عَلَى شَرِيكِهِ ‏\"‏ ‏.‏","english":{"narrator":"It was narrated that Jabir said:","text":"“The Messenger of Allah (ﷺ) said: 'Whoever has a date-palm tree or land, should not sell it until he has offered it to his partner.' ”"}},{"id":2,"idInBook":2,"chapterId":17,"bookId":6,"arabic":"حَدَّثَنَا أَحْمَدُ بْنُ سِنَانٍ، وَالْعَلاَءُ بْنُ سَالِمٍ، قَالاَ حَدَّثَنَا يَزِيدُ بْنُ هَارُونَ، أَنْبَأَنَا شَرِيكٌ، عَنْ سِمَاكٍ، عَنْ عِكْرِمَةَ، عَنِ ابْنِ عَبَّاسٍ، عَنِ النَّبِيِّ صلى الله عليه وسلم قَالَ ‏\n\"‏ مَنْ كَانَتْ لَهُ أَرْضٌ فَأَرَادَ بَيْعَهَا فَلْيَعْرِضْهَا عَلَى جَارِهِ ‏\"‏ ‏.‏","english":{"narrator":"It was narrated from Ibn Abbas that the Prophet (ﷺ) said:","text":"“Whoever has land and wants to sell it, let him offer it to his neighbor.”"}},{"id":3,"idInBook":3,"chapterId":17,"bookId":6,"arabic":"حَدَّثَنَا عُثْمَانُ بْنُ أَبِي شَيْبَةَ، حَدَّثَنَا هُشَيْمٌ، أَنْبَأَنَا عَبْدُ الْمَلِكِ، عَنْ عَطَاءٍ، عَنْ جَابِرِ بْنِ عَبْدِ اللَّهِ، قَالَ قَالَ رَسُولُ اللَّهِ صلى الله عليه وسلم ‏\n\"‏ الْجَارُ أَحَقُّ بِشُفْعَةِ جَارِهِ يَنْتَظِرُ بِهَا إِنْ كَانَ غَائِبًا إِذَا كَانَ طَرِيقُهُمَا وَاحِدًا ‏\"‏ ‏.‏","english":{"narrator":"It was narrated from Jabir that the Messenger of Allah (ﷺ) said:","text":"“The neighbor has more right to preemption of his neighbor, so let him wait for him even if he is absent, if they share a path.”"}},{"id":4,"idInBook":4,"chapterId":17,"bookId":6,"arabic":"حَدَّثَنَا أَبُو بَكْرِ بْنُ أَبِي شَيْبَةَ، وَعَلِيُّ بْنُ مُحَمَّدٍ، قَالاَ حَدَّثَنَا سُفْيَانُ بْنُ عُيَيْنَةَ، عَنْ إِبْرَاهِيمَ بْنِ مَيْسَرَةَ، عَنْ عَمْرِو بْنِ الشَّرِيدِ، عَنْ أَبِي رَافِعٍ، أَنَّ النَّبِيَّ صلى الله عليه وسلم قَالَ ‏\n\"‏ الْجَارُ أَحَقُّ بِسَقَبِهِ ‏\"‏ ‏.‏","english":{"narrator":"It was narrated from Abu Rafi' that the Prophet (ﷺ) said:","text":"“The neighbor has more right to property that is near.”"}},{"id":5,"idInBook":5,"chapterId":17,"bookId":6,"arabic":"حَدَّثَنَا أَبُو بَكْرِ بْنُ أَبِي شَيْبَةَ، حَدَّثَنَا أَبُو أُسَامَةَ، عَنْ حُسَيْنٍ الْمُعَلِّمِ، عَنْ عَمْرِو بْنِ شُعَيْبٍ، عَنْ عَمْرِو بْنِ الشَّرِيدِ بْنِ سُوَيْدٍ، عَنْ أَبِيهِ الشَّرِيدِ بْنِ سُوَيْدٍ، قَالَ قُلْتُ يَا رَسُولَ اللَّهِ أَرْضٌ لَيْسَ فِيهَا لأَحَدٍ قِسْمٌ وَلاَ شِرْكٌ إِلاَّ الْجِوَارُ ‏.‏ قَالَ ‏\n\"‏ الْجَارُ أَحَقُّ بِسَقَبِهِ ‏\"‏ ‏.‏","english":{"narrator":"It was narrated that Sharid bin Suwaid said:","text":"“I said:\n'O Messenger of Allah, (what do you think of) land owned by only one person but this land has neighbors?' He said: 'The neighbor has more right to property that is near.' ”"}},{"id":6,"idInBook":6,"chapterId":17,"bookId":6,"arabic":"حَدَّثَنَا مُحَمَّدُ بْنُ يَحْيَى، وَعَبْدُ الرَّحْمَنِ بْنُ عُمَرَ، قَالاَ حَدَّثَنَا أَبُو عَاصِمٍ، حَدَّثَنَا مَالِكُ بْنُ أَنَسٍ، عَنِ الزُّهْرِيِّ، عَنْ سَعِيدِ بْنِ الْمُسَيَّبِ، وَأَبِي، سَلَمَةَ بْنِ عَبْدِ الرَّحْمَنِ عَنْ أَبِي هُرَيْرَةَ ـ رضي الله عنه ـ أَنَّ رَسُولَ اللَّهِ صلى الله عليه وسلم قَضَى بِالشُّفْعَةِ فِيمَا لَمْ يُقْسَمْ فَإِذَا وَقَعَتِ الْحُدُودُ فَلاَ شُفْعَةَ ‏.‏","english":{"narrator":"It was narrated from Abu Hurairah that:","text":"the Messenger of Allah (ﷺ) ruled concerning preemption of land that has not been divided; if the boundaries have been set then there is no preemption."}},{"id":7,"idInBook":7,"chapterId":17,"bookId":6,"arabic":"حَدَّثَنَا مُحَمَّدُ بْنُ حَمَّادٍ الطِّهْرَانِيُّ، حَدَّثَنَا أَبُو عَاصِمٍ، عَنْ مَالِكٍ، عَنِ الزُّهْرِيِّ، عَنْ سَعِيدِ بْنِ الْمُسَيَّبِ، وَأَبِي، سَلَمَةَ عَنْ أَبِي هُرَيْرَةَ، عَنِ النَّبِيِّ صلى الله عليه وسلم نَحْوَهُ ‏.‏ قَالَ أَبُو عَاصِمٍ سَعِيدُ بْنُ الْمُسَيَّبِ مُرْسَلٌ وَأَبُو سَلَمَةَ عَنْ أَبِي هُرَيْرَةَ مُتَّصِلٌ ‏.‏","english":{"narrator":"","text":"Another chain narrates a hadith similar to the previous one."}},{"id":8,"idInBook":8,"chapterId":17,"bookId":6,"arabic":"حَدَّثَنَا عَبْدُ اللَّهِ بْنُ الْجَرَّاحِ، حَدَّثَنَا سُفْيَانُ بْنُ عُيَيْنَةَ، عَنْ إِبْرَاهِيمَ بْنِ مَيْسَرَةَ، عَنْ عَمْرِو بْنِ الشَّرِيدِ، عَنْ أَبِي رَافِعٍ، قَالَ قَالَ رَسُولُ اللَّهِ صلى الله عليه وسلم ‏\n\"‏ الشَّرِيكُ أَحَقُّ بِسَقَبِهِ مَا كَانَ ‏\"‏ ‏.‏","english":{"narrator":"It was narrated from Abu Rafi' that the Messenger of Allah (ﷺ) said:","text":"“The partner has more right to what is near him, so long as he is still a partner.”"}},{"id":9,"idInBook":9,"chapterId":17,"bookId":6,"arabic":"حَدَّثَنَا مُحَمَّدُ بْنُ يَحْيَى، حَدَّثَنَا عَبْدُ الرَّزَّاقِ، عَنْ مَعْمَرٍ، عَنِ الزُّهْرِيِّ، عَنْ أَبِي سَلَمَةَ، عَنْ جَابِرِ بْنِ عَبْدِ اللَّهِ، قَالَ إِنَّمَا جَعَلَ رَسُولُ اللَّهِ صلى الله عليه وسلم الشُّفْعَةَ فِي كُلِّ مَا لَمْ يُقْسَمْ فَإِذَا وَقَعَتِ الْحُدُودُ وَصُرِّفَتِ الطُّرُقُ فَلاَ شُفْعَةَ ‏\"‏ ‏.‏","english":{"narrator":"It was narrated from Jabir bin Abdullah that:","text":"the Messenger of Allah (ﷺ) ruled that preemption takes effect in all cases where land has not been divided. But if the boundaries have been set and the roads laid out, then there is no preemption.”"}},{"id":10,"idInBook":10,"chapterId":17,"bookId":6,"arabic":"حَدَّثَنَا مُحَمَّدُ بْنُ بَشَّارٍ، حَدَّثَنَا مُحَمَّدُ بْنُ الْحَارِثِ، عَنْ مُحَمَّدِ بْنِ عَبْدِ الرَّحْمَنِ بْنِ الْبَيْلَمَانِيِّ، عَنْ أَبِيهِ، عَنِ ابْنِ عُمَرَ، قَالَ قَالَ رَسُولُ اللَّهِ صلى الله عليه وسلم ‏\n\"‏ الشُّفْعَةُ كَحَلِّ الْعِقَالِ ‏\"‏ ‏.‏","english":{"narrator":"It was narrated from Ibn 'Umar that the Messenger of Allah (ﷺ) said:","text":"“Preemption is like undoing the `Iqal.”"}},{"id":11,"idInBook":11,"chapterId":17,"bookId":6,"arabic":"حَدَّثَنَا سُوَيْدُ بْنُ سَعِيدٍ، قَالَ حَدَّثَنَا مُحَمَّدُ بْنُ الْحَارِثِ، عَنْ مُحَمَّدِ بْنِ عَبْدِ الرَّحْمَنِ بْنِ الْبَيْلَمَانِيِّ، عَنْ أَبِيهِ، عَنِ ابْنِ عُمَرَ، قَالَ قَالَ رَسُولُ اللَّهِ صلى الله عليه وسلم ‏\n\"‏ لاَ شُفْعَةَ لِشَرِيكٍ عَلَى شَرِيكٍ إِذَا سَبَقَهُ بِالشِّرَاءِ وَلاَ لِصَغِيرٍ وَلاَ لِغَائِبٍ ‏\"‏ ‏.‏","english":{"narrator":"It was narrated from Ibn 'Umar that the Messenger of Allah (ﷺ) said:","text":"“There is no preemption for a partner when his co-partner has beaten him to it (in another deal before), not for a minor nor one who is absent.”"}}],"chapter":{"id":17,"bookId":6,"arabic":"كتاب الشفعة","english":"The Chapters on Pre-emption"}}