{
  "metadata": {
    "length": 10,
    "arabic": {
      "title": "سنن ابن ماجه",
      "author": "الإمام محمد بن يزيد بن ماجه القزويني",
      "introduction": "كتاب اللقطة"
    },
    "english": {
      "title": "Sunan Ibn Majah",
      "author": "Imam Muhammad ibn Yazid Ibn Majah al-Qazwini",
      "introduction": "The Chapters on Lost Property"
    }
  },
  "hadiths": [
    {
      "id": 1,
      "idInBook": 1,
      "chapterId": 18,
      "bookId": 6,
      "arabic": "حَدَّثَنَا مُحَمَّدُ بْنُ الْمُثَنَّى، حَدَّثَنَا يَحْيَى بْنُ سَعِيدٍ، عَنْ حُمَيْدٍ الطَّوِيلِ، عَنِ الْحَسَنِ، عَنْ مُطَرِّفِ بْنِ عَبْدِ اللَّهِ بْنِ الشِّخِّيرِ، عَنْ أَبِيهِ، قَالَ قَالَ رَسُولُ اللَّهِ صلى الله عليه وسلم ‏\n\"‏ ضَالَّةُ الْمُسْلِمِ حَرَقُ النَّارِ ‏\"‏ ‏.‏",
      "english": {
        "narrator": "It was narrated from Mutarrif bin 'Abdullah bin Shikhkhir that his father said:",
        "text": "“The Messenger of Allah (ﷺ) said: 'The lost animal of the Muslim may lead to the burning flame of Hell.' ”"
      },
      "turkish": {
        "narrator": "It was narrated from Mutarrif bin 'Abdullah bin Shikhkhir that his father said:",
        "text": "Mutarrif bin Abdullah bin Shikhkhir'den rivayet edilmiştir ki, babası şöyle demiştir: “Allah'ın Elçisi (ﷺ) dedi ki: 'Müslümanın kaybolan hayvanı, cehennemin alevlerine yol açabilir.' ”"
      }
    },
    {
      "id": 2,
      "idInBook": 2,
      "chapterId": 18,
      "bookId": 6,
      "arabic": "حَدَّثَنَا مُحَمَّدُ بْنُ بَشَّارٍ، حَدَّثَنَا يَحْيَى بْنُ سَعِيدٍ، حَدَّثَنَا أَبُو حَيَّانَ التَّيْمِيُّ، حَدَّثَنَا الضَّحَّاكُ، خَالُ الْمُنْذِرِ بْنِ جَرِيرٍ عَنِ الْمُنْذِرِ بْنِ جَرِيرٍ، قَالَ كُنْتُ مَعَ أَبِي بِالْبَوَازِيجِ فَرَاحَتِ الْبَقَرُ فَرَأَى بَقَرَةً أَنْكَرَهَا فَقَالَ مَا هَذِهِ قَالُوا بَقَرَةٌ لَحِقَتْ بِالْبَقَرِ ‏.‏ قَالَ فَأَمَرَ بِهَا فَطُرِدَتْ حَتَّى تَوَارَتْ ثُمَّ قَالَ سَمِعْتُ رَسُولَ اللَّهِ صلى الله عليه وسلم يَقُولُ ‏\n\"‏ لاَ يُئْوِي الضَّالَّةَ إِلاَّ ضَالٌّ ‏\"‏ ‏.‏",
      "english": {
        "narrator": "It was narrated that Mundhir bin Jarir said:",
        "text": "“I was with my father in Bawazij and the cows came back in the evening. He saw a cow did not recognize it. He said: 'What is this?' He said: 'A cow that joined the herd.' And he issued orders that it be driven away until it disappeared from view. Then he said: 'I heard the Messenger of Allah (ﷺ) say: “No one gives refuge to a stray animal but one who is also astray.”"
      },
      "turkish": {
        "narrator": "It was narrated that Mundhir bin Jarir said:",
        "text": "Mundhir bin Cerir'den rivayet edilmiştir ki: “Babamla Bawazij'deydim ve inekler akşam geri döndü. Babam bir ineği tanımadı. 'Bu nedir?' dedi. 'Sürüye katılan bir inek.' dedi. Ve onun gözden kaybolana kadar sürülmesini emretti. Sonra dedi ki: 'Allah'ın Elçisi (ﷺ) şöyle dediğini duydum: “Sadece sapkın olan biri, kaybolmuş bir hayvana sığınak vermez.”"
      }
    },
    {
      "id": 3,
      "idInBook": 3,
      "chapterId": 18,
      "bookId": 6,
      "arabic": "حَدَّثَنَا إِسْحَاقُ بْنُ إِسْمَاعِيلَ بْنِ الْعَلاَءِ الأَيْلِيُّ، حَدَّثَنَا سُفْيَانُ بْنُ عُيَيْنَةَ، عَنْ يَحْيَى بْنِ سَعِيدٍ، عَنْ رَبِيعَةَ بْنِ أَبِي عَبْدِ الرَّحْمَنِ، عَنْ يَزِيدَ، مَوْلَى الْمُنْبَعِثِ عَنْ زَيْدِ بْنِ خَالِدٍ الْجُهَنِيِّ، فَلَقِيتُ رَبِيعَةَ فَسَأَلْتُهُ فَقَالَ حَدَّثَنِي يَزِيدُ، عَنْ زَيْدِ بْنِ خَالِدٍ الْجُهَنِيِّ، عَنِ النَّبِيِّ صلى الله عليه وسلم قَالَ سُئِلَ عَنْ ضَالَّةِ الإِبِلِ فَغَضِبَ وَاحْمَرَّتْ وَجْنَتَاهُ وَقَالَ ‏\"‏ مَالَكَ وَلَهَا مَعَهَا الْحِذَاءُ وَالسِّقَاءُ تَرِدُ الْمَاءَ وَتَأْكُلُ الشَّجَرَ حَتَّى يَلْقَاهَا رَبُّهَا ‏\"‏ ‏.‏ وَسُئِلَ عَنْ ضَالَّةِ الْغَنَمِ فَقَالَ ‏\"‏ خُذْهَا فَإِنَّمَا هِيَ لَكَ أَوْ لأَخِيكَ أَوْ لِلذِّئْبِ ‏\"‏ ‏.‏ وَسُئِلَ عَنِ اللُّقَطَةِ فَقَالَ ‏\"‏ اعْرِفْ عِفَاصَهَا وَوِكَاءَهَا وَعَرِّفْهَا سَنَةً فَإِنِ اعْتُرِفَتْ وَإِلاَّ فَاخْلِطْهَا بِمَالِكَ ‏\"‏ ‏.‏",
      "english": {
        "narrator": "It was narrated from Zaid bin Khalid that the Prophet (ﷺ) was asked about a lost camel. :",
        "text": "He turned red, and he said: “What does it have to do with you? It has its feet and its water supply, it can go and drink water and eat from the trees until its owner finds it.” And he was asked about lost sheep, and he said: “Take it, for it will be for you or for your brother or for the wolf.” And he was asked about lost property and he said: “Remember the features of its leather bag and strap, and announce it for one year, then if someone claims it, describing it to you with those features (give it to him), otherwise incorporate it into your own wealth.”"
      },
      "turkish": {
        "narrator": "It was narrated from Zaid bin Khalid that the Prophet (ﷺ) was asked about a lost camel. :",
        "text": "Zaid bin Halid'den rivayet edilmiştir ki, Peygamber (ﷺ) kaybolan bir deve hakkında soruldu. Kızardı ve dedi ki: “Sizinle ne ilgisi var? Onun ayakları ve su kaynağı var, gidip su içebilir ve ağaçlardan yiyebilir, ta ki sahibi onu bulana kadar.” Kaybolan koyunlar hakkında sorulduğunda, “Alın, çünkü o sizin veya kardeşinizin ya da kurtun olacaktır.” dedi. Kaybolan mal hakkında sorulduğunda ise, “Derisinin çantası ve kayışı hakkında özelliklerini hatırlayın, bir yıl boyunca ilan edin, sonra eğer biri onu bu özelliklerle tarif ederse (ona verin), aksi takdirde onu kendi malınıza katın.” dedi."
      }
    },
    {
      "id": 4,
      "idInBook": 4,
      "chapterId": 18,
      "bookId": 6,
      "arabic": "حَدَّثَنَا أَبُو بَكْرِ بْنُ أَبِي شَيْبَةَ، حَدَّثَنَا عَبْدُ الْوَهَّابِ الثَّقَفِيُّ، عَنْ خَالِدٍ الْحَذَّاءِ، عَنْ أَبِي الْعَلاَءِ، عَنْ مُطَرِّفٍ، عَنْ عِيَاضِ بْنِ حِمَارٍ، قَالَ قَالَ رَسُولُ اللَّهِ صلى الله عليه وسلم ‏\n\"‏ مَنْ وَجَدَ لُقَطَةً فَلْيُشْهِدْ ذَا عَدْلٍ أَوْ ذَوَىْ عَدْلٍ ثُمَّ لاَ يُغَيِّرْهُ وَلاَ يَكْتُمْ فَإِنْ جَاءَ رَبُّهَا فَهُوَ أَحَقُّ بِهَا وَإِلاَّ فَهُوَ مَالُ اللَّهِ يُؤْتِيهِ مَنْ يَشَاءُ ‏\"‏ ‏.‏",
      "english": {
        "narrator": "It was narrated from 'Iyad bin Himar that the Messenger of Allah (ﷺ) said:",
        "text": "“Whoever finds lost property, let him ask one or two men of good character to witness it, then he should not alter it nor conceal it. If its owner comes along, then he has more right to it, otherwise it belongs to Allah (SWT), Who gives it to whomsoever He wills.”"
      },
      "turkish": {
        "narrator": "It was narrated from 'Iyad bin Himar that the Messenger of Allah (ﷺ) said:",
        "text": "İyad bin Himar'dan rivayet edilmiştir ki, Allah'ın Elçisi (ﷺ) dedi ki: “Kim kaybolmuş bir mal bulursa, iyi karakterli bir veya iki adamdan tanıklık etmesini istemelidir, sonra onu değiştirmemeli ve gizlememelidir. Eğer sahibi gelirse, ona daha fazla hak sahibidir, aksi takdirde o, Allah'a (SWT) aittir; O, dilediğine verir.”"
      }
    },
    {
      "id": 5,
      "idInBook": 5,
      "chapterId": 18,
      "bookId": 6,
      "arabic": "حَدَّثَنَا عَلِيُّ بْنُ مُحَمَّدٍ، حَدَّثَنَا وَكِيعٌ، حَدَّثَنَا سُفْيَانُ، عَنْ سَلَمَةَ بْنِ كُهَيْلٍ، عَنْ سُوَيْدِ بْنِ غَفَلَةَ، قَالَ خَرَجْتُ مَعَ زَيْدِ بْنِ صُوحَانَ وَسَلْمَانَ بْنِ رَبِيعَةَ حَتَّى إِذَا كُنَّا بِالْعُذَيْبِ الْتَقَطْتُ سَوْطًا فَقَالاَ لِي أَلْقِهِ ‏.‏ فَأَبَيْتُ فَلَمَّا قَدِمْنَا الْمَدِينَةَ أَتَيْتُ أُبَىَّ بْنَ كَعْبٍ فَذَكَرْتُ ذَلِكَ لَهُ فَقَالَ أَصَبْتَ الْتَقَطْتُ مِائَةَ دِينَارٍ عَلَى عَهْدِ رَسُولِ اللَّهِ صلى الله عليه وسلم فَسَأَلْتُهُ فَقَالَ ‏\"‏ عَرِّفْهَا سَنَةً ‏\"‏ ‏.‏ فَعَرَّفْتُهَا فَلَمْ أَجِدْ أَحَدًا يَعْرِفُهَا فَسَأَلْتُهُ فَقَالَ ‏\"‏ عَرِّفْهَا ‏\"‏ ‏.‏ فَعَرَّفْتُهَا فَلَمْ أَجِدْ أَحَدًا يَعْرِفُهَا ‏.‏ فَقَالَ ‏\"‏ اعْرِفْ وِعَاءَهَا وَوِكَاءَهَا وَعَدَدَهَا ثُمَّ عَرِّفْهَا سَنَةً فَإِنْ جَاءَ مَنْ يَعْرِفُهَا وَإِلاَّ فَهِيَ كَسَبِيلِ مَالِكَ ‏\"‏ ‏.‏",
      "english": {
        "narrator": "It was narrated that Suwaid bin Ghafalah said:",
        "text": "“I went out with Zaid bin Suhan and Salman bin Rabi'ah, and when we were at `Udhaib, I found a whip. They said to me: 'Throw it away,' but I refused. When we came to Al-Madinah I went to Ubayy bin Ka'b and told him about that. He said: 'You did the right thing. I found one hundred dinar that had been lost at the time of the Messenger of Allah (ﷺ), and I asked him about it. He said, “Announce it for a year.” So I Announced it, and I did not find anyone who recognized it. He said: “Remember the features of its bag and strap, and how many it contains, then announce it for a year. If someone comes who describes it with those features, (give it to him), otherwise it is like your own property.”"
      },
      "turkish": {
        "narrator": "It was narrated that Suwaid bin Ghafalah said:",
        "text": "Suwaid bin Ghafalah'dan rivayet edilmiştir ki: “Zaid bin Suhan ve Salman bin Rabi'ah ile dışarı çıktım ve `Udhaib'de bir kamçı buldum. Onlar bana: 'At onu,' dediler ama ben reddettim. Medine'ye geldiğimizde Ubayy bin Ka'b'a gittim ve ona durumu anlattım. O da: 'Doğru yaptın. Allah'ın Elçisi (ﷺ) zamanında kaybolmuş bir yüz dinar bulmuştum ve ona sordum. O da: “Bir yıl boyunca ilan et.” dedi. Ben de ilan ettim ve onu tanıyan kimseyi bulamadım. O da: “Çantasının ve kayışının özelliklerini hatırla, ne kadar olduğunu belirt, sonra bir yıl boyunca ilan et. Eğer biri onu bu özelliklerle tarif ederse (ona ver), aksi takdirde o, kendi malın gibidir.” dedi."
      }
    },
    {
      "id": 6,
      "idInBook": 6,
      "chapterId": 18,
      "bookId": 6,
      "arabic": "حَدَّثَنَا مُحَمَّدُ بْنُ بَشَّارٍ، حَدَّثَنَا أَبُو بَكْرٍ الْحَنَفِيُّ، ح وَحَدَّثَنَا حَرْمَلَةُ بْنُ يَحْيَى، حَدَّثَنَا عَبْدُ اللَّهِ بْنُ وَهْبٍ، قَالاَ حَدَّثَنَا الضَّحَّاكُ بْنُ عُثْمَانَ الْقُرَشِيُّ، حَدَّثَنِي سَالِمٌ أَبُو النَّضْرِ، عَنْ بُسْرِ بْنِ سَعِيدٍ، عَنْ زَيْدِ بْنِ خَالِدٍ الْجُهَنِيِّ، ‏.‏ أَنَّ رَسُولَ اللَّهِ صلى الله عليه وسلم سُئِلَ عَنِ اللُّقَطَةِ فَقَالَ ‏\n\"‏ عَرِّفْهَا سَنَةً فَإِنِ اعْتُرِفَتْ فَأَدِّهَا فَإِنْ لَمْ تُعْرَفْ فَاعْرِفْ عِفَاصَهَا وَوِعَاءَهَا ثُمَّ كُلْهَا فَإِنْ جَاءَ صَاحِبُهَا فَأَدِّهَا إِلَيْهِ ‏\"‏ ‏.‏",
      "english": {
        "narrator": "It was narrated from Zaid bin Khalid Al-Juhani that the Messenger of Allah (ﷺ) was asked about lost property. :",
        "text": "He said: “Announce it for a year, then if someone describes it with its features, return it to him. If no one claims it, then remember the features of its leather bag and strap, and consume it (use it). Then if its owner comes along, give it to him.”"
      },
      "turkish": {
        "narrator": "It was narrated from Zaid bin Khalid Al-Juhani that the Messenger of Allah (ﷺ) was asked about lost property. :",
        "text": "Zaid bin Halid Al-Cuhani'den rivayet edilmiştir ki, Allah'ın Elçisi (ﷺ) kaybolan mal hakkında sorulduğunda: “Bir yıl boyunca ilan et, sonra eğer biri onu özellikleriyle tarif ederse, ona geri ver. Eğer kimse talep etmezse, o zaman çantasının ve kayışının özelliklerini hatırla ve onu tüket (kullan). Sonra eğer sahibi gelirse, ona ver.” dedi."
      }
    },
    {
      "id": 7,
      "idInBook": 7,
      "chapterId": 18,
      "bookId": 6,
      "arabic": "حَدَّثَنَا مُحَمَّدُ بْنُ بَشَّارٍ، حَدَّثَنَا مُحَمَّدُ بْنُ خَالِدِ بْنِ عَثْمَةَ، حَدَّثَنِي مُوسَى بْنُ يَعْقُوبَ الزَّمْعِيُّ، حَدَّثَتْنِي عَمَّتِي، قُرَيْبَةُ بِنْتُ عَبْدِ اللَّهِ أَنَّ أُمَّهَا، كَرِيمَةَ بِنْتَ الْمِقْدَادِ بْنِ عَمْرٍو أَخْبَرَتْهَا عَنْ ضُبَاعَةَ بِنْتِ الزُّبَيْرِ، عَنِ الْمِقْدَادِ بْنِ عَمْرٍو، أَنَّهُ خَرَجَ ذَاتَ يَوْمٍ إِلَى الْبَقِيعِ وَهُوَ الْمَقْبُرَةُ لِحَاجَتِهِ وَكَانَ النَّاسُ لاَ يَذْهَبُ أَحَدُهُمْ فِي حَاجَتِهِ إِلاَّ فِي الْيَوْمَيْنِ وَالثَّلاَثَةِ فَإِنَّمَا يَبْعَرُ كَمَا تَبْعَرُ الإِبِلُ ثُمَّ دَخَلَ خَرِبَةً فَبَيْنَمَا هُوَ جَالِسٌ لِحَاجَتِهِ إِذْ رَأَى جُرَذًا أَخْرَجَ مِنْ جُحْرٍ دِينَارًا ثُمَّ دَخَلَ فَأَخْرَجَ آخَرَ حَتَّى أَخْرَجَ سَبْعَةَ عَشَرَ دِينَارًا ثُمَّ أَخْرَجَ طَرَفَ خِرْقَةٍ حَمْرَاءَ ‏.‏ قَالَ الْمِقْدَادُ فَسَلَلْتُ الْخِرْقَةَ فَوَجَدْتُ فِيهَا دِينَارًا فَتَمَّتْ ثَمَانِيَةَ عَشَرَ دِينَارًا فَخَرَجْتُ بِهَا حَتَّى أَتَيْتُ بِهَا رَسُولَ اللَّهِ صلى الله عليه وسلم فَأَخْبَرْتُهُ خَبَرَهَا فَقُلْتُ خُذْ صَدَقَتَهَا يَا رَسُولَ اللَّهِ ‏.‏ قَالَ ‏\"‏ ارْجِعْ بِهَا لاَ صَدَقَةَ فِيهَا بَارَكَ اللَّهُ لَكَ فِيهَا ‏\"‏ ‏.‏ ثُمَّ قَالَ ‏\"‏ لَعَلَّكَ أَتْبَعْتَ يَدَكَ فِي الْجُحْرِ ‏\"‏ ‏.‏ قُلْتُ لاَ وَالَّذِي أَكْرَمَكَ بِالْحَقِّ ‏.‏ قَالَ فَلَمْ يَفْنَ آخِرُهَا حَتَّى مَاتَ ‏.‏",
      "english": {
        "narrator": "It was narrated from Miqdad bin 'Amr:",
        "text": "That he went out one day to Al-Baqi', which is the graveyard, to relieve himself. People used to go out to relieve themselves only every two or three days, and their faces was like that of a camel (because of hunger and rough food). Then he entered a ruin and while he was squatting to relieve himself, he saw a rat bringing a Dinar out of a hole, then it went in and brought out another, until it had brought out seventeen Dinars. Then it brought out a piece of red rag.Miqdad said: “I picked up the rag and found another Dinar inside it, thus completing eighteen Dinar. I took them out and brought them to the Messenger of Allah (ﷺ), and told him what had happened. I said, 'Take its Sadaqah (charity), O Messenger of Allah (ﷺ).' He said: 'Take them back, for no Sadaqah is due on them. May Allah (SWT) bless them for you.' Then he said: 'Perhaps you put your hand in the hole?' I said: 'No, by the One Who has honored you with the truth.”"
      },
      "turkish": {
        "narrator": "It was narrated from Miqdad bin 'Amr:",
        "text": "Mikdad bin Amr'den rivayet edilmiştir ki: Bir gün Al-Baki'ye, yani mezarlığa, ihtiyacımı gidermek için çıktım. İnsanlar sadece her iki veya üç günde bir dışarı çıkarlardı ve yüzleri açlık ve sert yiyeceklerden dolayı deve gibi görünürdü. Sonra bir harabe içine girdim ve ihtiyacımı giderirken, bir farenin bir delikten bir dinar çıkardığını gördüm, sonra tekrar girdi ve bir tane daha çıkardı, ta ki on yedi dinar çıkarmış olana kadar. Sonra bir parça kırmızı bez getirdi. Mikdad dedi ki: “Bezi aldım ve içinde başka bir dinar buldum, böylece on sekiz dinar tamamlandı. Onları aldım ve Allah'ın Elçisi (ﷺ)'ne getirdim ve olanları anlattım. 'Sadakasını al, Ey Allah'ın Elçisi (ﷺ).' dedim. O da: 'Onları geri al, çünkü onlara sadaka düşmez. Allah (SWT) onları senin için bereketlendirsin.' dedi. Sonra: 'Belki elini deliğe soktun?' dedi. Ben de: 'Hayır, seni hak ile şereflendiren Allah'a yemin ederim.' dedim."
      }
    },
    {
      "id": 8,
      "idInBook": 8,
      "chapterId": 18,
      "bookId": 6,
      "arabic": "حَدَّثَنَا مُحَمَّدُ بْنُ مَيْمُونٍ الْمَكِّيُّ، وَهِشَامُ بْنُ عَمَّارٍ، قَالاَ حَدَّثَنَا سُفْيَانُ بْنُ عُيَيْنَةَ، عَنِ الزُّهْرِيِّ، عَنْ سَعِيدٍ، وَأَبِي، سَلَمَةَ عَنْ أَبِي هُرَيْرَةَ، أَنَّ رَسُولَ اللَّهِ صلى الله عليه وسلم قَالَ ‏\n\"‏ فِي الرِّكَازِ الْخُمُسُ ‏\"‏ ‏.‏",
      "english": {
        "narrator": "It was narrated from Abu Hurairah that the Messenger of Allah (ﷺ) said:",
        "text": "“One fifth is due on buried treasure.”"
      },
      "turkish": {
        "narrator": "It was narrated from Abu Hurairah that the Messenger of Allah (ﷺ) said:",
        "text": "Ebu Hureyre'den rivayet edilmiştir ki, Allah'ın Elçisi (ﷺ) dedi ki: “Gömülü hazine üzerinde beşte bir hakkı vardır.”"
      }
    },
    {
      "id": 9,
      "idInBook": 9,
      "chapterId": 18,
      "bookId": 6,
      "arabic": "حَدَّثَنَا نَصْرُ بْنُ عَلِيىٍّ الْجَهْضَمِيُّ، حَدَّثَنَا أَبُو أَحْمَدَ، عَنْ إِسْرَائِيلَ، عَنْ سِمَاكٍ، عَنْ عِكْرِمَةَ، عَنِ ابْنِ عَبَّاسٍ، قَالَ قَالَ رَسُولُ اللَّهِ صلى الله عليه وسلم ‏\n\"‏ فِي الرِّكَازِ الْخُمُسُ ‏\"‏ ‏.‏",
      "english": {
        "narrator": "It was narrated from Ibn`Abbas that the Messenger of Allah (ﷺ) said:",
        "text": "“One fifth is due on buried treasure.”"
      },
      "turkish": {
        "narrator": "It was narrated from Ibn`Abbas that the Messenger of Allah (ﷺ) said:",
        "text": "İbn Abbas'tan rivayet edilmiştir ki, Allah'ın Elçisi (ﷺ) dedi ki: “Gömülü hazine üzerinde beşte bir hakkı vardır.”"
      }
    },
    {
      "id": 10,
      "idInBook": 10,
      "chapterId": 18,
      "bookId": 6,
      "arabic": "حَدَّثَنَا أَحْمَدُ بْنُ ثَابِتٍ الْجَحْدَرِيُّ، حَدَّثَنَا يَعْقُوبُ بْنُ إِسْحَاقَ الْحَضْرَمِيُّ، حَدَّثَنَا سُلَيْمَانُ بْنُ حَيَّانَ، سَمِعْتُ أَبِي يُحَدِّثُ، عَنْ أَبِي هُرَيْرَةَ، عَنِ النَّبِيِّ صلى الله عليه وسلم قَالَ ‏\n\"‏ كَانَ فِيمَنْ كَانَ قَبْلَكُمْ رَجُلٌ اشْتَرَى عَقَارًا فَوَجَدَ فِيهَا جَرَّةً مِنْ ذَهَبٍ فَقَالَ اشْتَرَيْتُ مِنْكَ الأَرْضَ وَلَمْ أَشْتَرِ مِنْكَ الذَّهَبَ ‏.‏ فَقَالَ الرَّجُلُ إِنَّمَا بِعْتُكَ الأَرْضَ بِمَا فِيهَا ‏.‏ فَتَحَاكَمَا إِلَى رَجُلٍ فَقَالَ أَلَكُمَا وَلَدٌ فَقَالَ أَحَدُهُمَا لِي غُلاَمٌ ‏.‏ وَقَالَ الآخَرُ لِي جَارِيَةٌ ‏.‏ قَالَ فَأَنْكِحَا الْغُلاَمَ الْجَارِيَةَ وَلْيُنْفِقَا عَلَى أَنْفُسِهِمَا مِنْهُ وَلْيَتَصَدَّقَا ‏\"‏ ‏.‏",
      "english": {
        "narrator": "Sulaiman bin Hayyan said:",
        "text": "“I heard my father narrate from Abu Hurairah that the Prophet (ﷺ) said: 'Among those who came before you there was a man who bought some property and found therein a jar of gold. He said: “I bought land from you, but I did not buy the gold from you.” The man said: “Rather I sold you the land with whatever is in it.” They referred their case to (a third) man who said: “Do you have children?” One of them said: “I have a boy.” The other said: “I have a girl.” He said: “Marry the boy to the girl, and let them spend on themselves from it and give in charity.”"
      },
      "turkish": {
        "narrator": "Sulaiman bin Hayyan said:",
        "text": "Süleyman bin Hayyan dedi ki: “Babamdan Ebu Hureyre'den rivayet ettiğini duydum ki, Peygamber (ﷺ) dedi: 'Sizden öncekilerden bir adam bir mülk satın aldı ve içinde bir altın testi buldu. 'Ben sizden arazi aldım, ama altını sizden almadım.' dedi. Adam da: 'Hayır, ben size içinde ne varsa araziyi sattım.' dedi. Davalarını (üçüncü bir) adama götürdüler. O da: 'Çocuğunuz var mı?' dedi. Birisi: 'Bir oğlum var.' dedi. Diğeri: 'Bir kızım var.' dedi. O da: 'Oğlanı kıza evlendir, ve onlara kendilerine harcama yapmaları için ve sadaka vermeleri için bu maldan harcama yapmalarını sağla.' dedi.”"
      }
    }
  ],
  "chapter": {
    "id": 18,
    "bookId": 6,
    "arabic": "كتاب اللقطة",
    "english": "The Chapters on Lost Property"
  }
}