{
  "metadata": {
    "length": 21,
    "arabic": {
      "title": "سنن ابن ماجه",
      "author": "الإمام محمد بن يزيد بن ماجه القزويني",
      "introduction": "كتاب العتق"
    },
    "english": {
      "title": "Sunan Ibn Majah",
      "author": "Imam Muhammad ibn Yazid Ibn Majah al-Qazwini",
      "introduction": "The Chapters on Manumission (of Slaves)"
    }
  },
  "hadiths": [
    {
      "id": 1,
      "idInBook": 1,
      "chapterId": 19,
      "bookId": 6,
      "arabic": "حَدَّثَنَا مُحَمَّدُ بْنُ عَبْدِ اللَّهِ بْنِ نُمَيْرٍ، وَعَلِيُّ بْنُ مُحَمَّدٍ، قَالاَ حَدَّثَنَا وَكِيعٌ، حَدَّثَنَا إِسْمَاعِيلُ بْنُ أَبِي خَالِدٍ، عَنْ سَلَمَةَ بْنِ كُهَيْلٍ، عَنْ عَطَاءٍ، عَنْ جَابِرٍ، أَنَّ رَسُولَ اللَّهِ ذصلى الله عليه وسلم بَاعَ الْمُدَبَّرَ ‏.‏",
      "english": {
        "narrator": "It was narrated from Jabir that:",
        "text": "the Messenger of Allah (ﷺ) sold a Mudabbar."
      },
      "turkish": {
        "narrator": "It was narrated from Jabir that:",
        "text": "Jabir'den rivayet edilmiştir ki: Allah'ın Resulü (ﷺ) bir Mudabbar sattı."
      }
    },
    {
      "id": 2,
      "idInBook": 2,
      "chapterId": 19,
      "bookId": 6,
      "arabic": "حَدَّثَنَا هِشَامُ بْنُ عَمَّارٍ، حَدَّثَنَا سُفْيَانُ بْنُ عُيَيْنَةَ، عَنْ عَمْرِو بْنِ دِينَارٍ، عَنْ جَابِرِ بْنِ عَبْدِ اللَّهِ، قَالَ دَبَّرَ رَجُلٌ مِنَّا غُلاَمًا وَلَمْ يَكُنْ لَهُ مَالٌ غَيْرُهُ فَبَاعَهُ النَّبِيُّ صلى الله عليه وسلم فَاشْتَرَاهُ ابْنُ النَّحَّامِ رَجُلٌ مِنْ بَنِي عَدِيٍّ ‏.‏",
      "english": {
        "narrator": "It was narrated that Jabir bin 'Abdullah said:",
        "text": "“A man among us promised freedom to a slave after his death, and he did not have any property other than him (this slave). So the Prophet (ﷺ) sold him, and Ibn (Nahham), a man from Banu 'Adi, bought him.”"
      },
      "turkish": {
        "narrator": "It was narrated that Jabir bin 'Abdullah said:",
        "text": "Jabir bin Abdullah şöyle dedi: “Aramızda bir adam, bir kölesine ölümünden sonra özgürlük vaad etti ve ondan başka hiçbir malı yoktu (bu köle). Bunun üzerine Peygamber (ﷺ) onu sattı ve Banu 'Adi'den bir adam olan İbn (Nahham) onu satın aldı.”"
      }
    },
    {
      "id": 3,
      "idInBook": 3,
      "chapterId": 19,
      "bookId": 6,
      "arabic": "حَدَّثَنَا عُثْمَانُ بْنُ أَبِي شَيْبَةَ، حَدَّثَنَا عَلِيُّ بْنُ ظَبْيَانَ، عَنْ عُبَيْدِ اللَّهِ، عَنْ نَافِعٍ، عَنِ ابْنِ عُمَرَ، أَنَّ النَّبِيَّ صلى الله عليه وسلم قَالَ ‏\"‏ الْمُدَبَّرُ مِنَ الثُّلُثِ ‏\"‏ ‏.‏ قَالَ ابْنُ مَاجَهْ سَمِعْتُ عُثْمَانَ - يَعْنِي ابْنَ أَبِي شَيْبَةَ - يَقُولُ هَذَا خَطَأٌ يَعْنِي حَدِيثَ ‏\"‏ الْمُدَبَّرُ مِنَ الثُّلُثِ ‏\"‏ ‏.‏ قَالَ أَبُو عَبْدِ اللَّهِ لَيْسَ لَهُ أَصْلٌ ‏.‏",
      "english": {
        "narrator": "It was narrated from Ibn`Umar that the Prophet (ﷺ) said:",
        "text": "“The Mudabbar is part of the one third of the estate.”"
      },
      "turkish": {
        "narrator": "It was narrated from Ibn`Umar that the Prophet (ﷺ) said:",
        "text": "İbn Umar'dan rivayet edilmiştir ki, Peygamber (ﷺ) şöyle buyurdu: “Mudabbar, mirasın üçte birinin bir parçasıdır.”"
      }
    },
    {
      "id": 4,
      "idInBook": 4,
      "chapterId": 19,
      "bookId": 6,
      "arabic": "حَدَّثَنَا عَلِيُّ بْنُ مُحَمَّدٍ، وَمُحَمَّدُ بْنُ إِسْمَاعِيلَ، قَالاَ حَدَّثَنَا وَكِيعٌ، حَدَّثَنَا شَرِيكٌ، عَنْ حُسَيْنِ بْنِ عَبْدِ اللَّهِ بْنِ عُبَيْدِ اللَّهِ بْنِ عَبَّاسٍ، عَنْ عِكْرِمَةَ، عَنِ ابْنِ عَبَّاسٍ، قَالَ قَالَ رَسُولُ اللَّهِ صلى الله عليه وسلم ‏\n\"‏ أَيُّمَا رَجُلٍ وَلَدَتْ أَمَتُهُ مِنْهُ فَهِيَ مُعْتَقَةٌ عَنْ دُبُرٍ مِنْهُ ‏\"‏ ‏.‏",
      "english": {
        "narrator": "It was narrated from Ibn`Abbas that the Messenger of Allah (ﷺ) said:",
        "text": "“Any man whose slave won an bears him a child, she will be free after he dies.”"
      },
      "turkish": {
        "narrator": "It was narrated from Ibn`Abbas that the Messenger of Allah (ﷺ) said:",
        "text": "İbn Abbas'tan rivayet edilmiştir ki, Allah'ın Resulü (ﷺ) şöyle buyurdu: “Kölesi bir çocuk doğurduğunda, o köle özgür olacaktır; köle sahibi öldüğünde.”"
      }
    },
    {
      "id": 5,
      "idInBook": 5,
      "chapterId": 19,
      "bookId": 6,
      "arabic": "حَدَّثَنَا أَحْمَدُ بْنُ يُوسُفَ، حَدَّثَنَا أَبُو عَاصِمٍ، حَدَّثَنَا أَبُو بَكْرٍ يَعْنِي النَّهْشَلِيَّ، عَنِ الْحُسَيْنِ بْنِ عَبْدِ اللَّهِ، عَنْ عِكْرِمَةَ، عَنِ ابْنِ عَبَّاسٍ، قَالَ ذُكِرَتْ أُمُّ إِبْرَاهِيمَ عِنْدَ رَسُولِ اللَّهِ صلى الله عليه وسلم ‏.‏ فَقَالَ ‏\n\"‏ أَعْتَقَهَا وَلَدُهَا ‏\"‏ ‏.‏",
      "english": {
        "narrator": "It was narrated that Ibn`Abbas said:",
        "text": "“Mention was made of the mother of Ibrahim in the presence of the Messenger of Allah (ﷺ), and he said: 'Her son set her free.'”"
      },
      "turkish": {
        "narrator": "It was narrated that Ibn`Abbas said:",
        "text": "İbn Abbas şöyle dedi: “İbrahim'in annesi, Allah'ın Resulü (ﷺ) huzurunda zikredildi ve o şöyle dedi: 'Oğul, onu özgür bıraktı.'”"
      }
    },
    {
      "id": 6,
      "idInBook": 6,
      "chapterId": 19,
      "bookId": 6,
      "arabic": "حَدَّثَنَا مُحَمَّدُ بْنُ يَحْيَى، وَإِسْحَاقُ بْنُ مَنْصُورٍ، قَالاَ حَدَّثَنَا عَبْدُ الرَّزَّاقِ، عَنِ ابْنِ جُرَيْجٍ، أَخْبَرَنِي أَبُو الزُّبَيْرِ، أَنَّهُ سَمِعَ جَابِرَ بْنَ عَبْدِ اللَّهِ، يَقُولُ كُنَّا نَبِيعُ سَرَارِينَا وَأُمَّهَاتِ أَوْلاَدِنَا وَالنَّبِيُّ صلى الله عليه وسلم فِينَا حَىٌّ لاَ نَرَى بِذَلِكَ بَأْسًا ‏.‏",
      "english": {
        "narrator": "Jabir bin `Abdullah was heard to say:",
        "text": "“We used to sell our slave women and the mothers of our children (Umahat Awaldina) when the Prophet (ﷺ) was still living among us, and we did not see anything wrong with that.”"
      },
      "turkish": {
        "narrator": "Jabir bin `Abdullah was heard to say:",
        "text": "Jabir bin Abdullah şöyle dedi: “Peygamber (ﷺ) aramızda yaşarken, köle kadınlarımızı ve çocuklarımızın annelerini (Umahat Awaldina) satardık ve bunda bir sakınca görmezdik.”"
      }
    },
    {
      "id": 7,
      "idInBook": 7,
      "chapterId": 19,
      "bookId": 6,
      "arabic": "حَدَّثَنَا أَبُو بَكْرِ بْنُ أَبِي شَيْبَةَ، وَعَبْدُ اللَّهِ بْنُ سَعِيدٍ، قَالاَ حَدَّثَنَا أَبُو خَالِدٍ الأَحْمَرُ، عَنِ ابْنِ عَجْلاَنَ، عَنْ سَعِيدِ بْنِ أَبِي سَعِيدٍ، عَنْ أَبِي هُرَيْرَةَ، قَالَ قَالَ رَسُولُ اللَّهِ صلى الله عليه وسلم ‏\n\"‏ ثَلاَثَةٌ كُلُّهُمْ حَقٌّ عَلَى اللَّهِ عَوْنُهُ الْغَازِي فِي سَبِيلِ اللَّهِ وَالْمُكَاتَبُ الَّذِي يُرِيدُ الأَدَاءَ وَالنَّاكِحُ الَّذِي يُرِيدُ التَّعَفُّفَ ‏\"‏ ‏.‏",
      "english": {
        "narrator": "Abu Hurairah (ra) said that the Messenger of Allah (ﷺ) said \"Three who's support is a right upon Allah:",
        "text": "the warrior in the path of Allah, the  mukatab seeking to fulfill (his manumission debt), and the one getting married seeking chastity.\""
      },
      "turkish": {
        "narrator": "Abu Hurairah (ra) said that the Messenger of Allah (ﷺ) said \"Three who's support is a right upon Allah:",
        "text": "Ebu Hureyre (ra) şöyle dedi ki, Allah'ın Resulü (ﷺ) şöyle buyurdu: \"Üç kişi vardır ki, onların desteği Allah'a bir hak olarak düşer: Allah yolunda savaşan savaşçı, özgürlük borcunu ödemek isteyen mukatab ve iffet arayan evlenmek isteyen kişi.\""
      }
    },
    {
      "id": 8,
      "idInBook": 8,
      "chapterId": 19,
      "bookId": 6,
      "arabic": "حَدَّثَنَا أَبُو كُرَيْبٍ، حَدَّثَنَا عَبْدُ اللَّهِ بْنُ نُمَيْرٍ، وَمُحَمَّدُ بْنُ فُضَيْلٍ، عَنْ حَجَّاجٍ، عَنْ عَمْرِو بْنِ شُعَيْبٍ، عَنْ أَبِيهِ، عَنْ جَدِّهِ، قَالَ قَالَ رَسُولُ اللَّهِ صلى الله عليه وسلم ‏\n\"‏ أَيُّمَا عَبْدٍ كُوتِبَ عَلَى مِائَةِ أُوقِيَّةٍ فَأَدَّاهَا إِلاَّ عَشْرَ أُوقِيَّاتٍ فَهُوَ رَقِيقٌ ‏\"‏ ‏.‏",
      "english": {
        "narrator": "It was narrated from `Amr bin Shu'aib , from his father, from his grandfather that the Messenger of Allah (ﷺ) said:",
        "text": "“Any slave who has made a contract to buy his freedom for one hundread  Uqiyyah  and pays it all except ten Uqiyyah; he is still a slave.” (One Uqiyyah is equal to 40 Dirham.)"
      },
      "turkish": {
        "narrator": "It was narrated from `Amr bin Shu'aib , from his father, from his grandfather that the Messenger of Allah (ﷺ) said:",
        "text": "Amr bin Shu'aib'den, babası ve dedesi aracılığıyla rivayet edilmiştir ki, Allah'ın Resulü (ﷺ) şöyle buyurdu: “Eğer bir köle, özgürlüğünü yüz Uqiyyah karşılığında satın almak için sözleşme yapmışsa ve bunun dışında on Uqiyyah'ı ödemişse, o hâlâ köledir.” (Bir Uqiyyah, 40 Dirhem'e eşittir.)"
      }
    },
    {
      "id": 9,
      "idInBook": 9,
      "chapterId": 19,
      "bookId": 6,
      "arabic": "حَدَّثَنَا أَبُو بَكْرِ بْنُ أَبِي شَيْبَةَ، حَدَّثَنَا سُفْيَانُ بْنُ عُيَيْنَةَ، عَنِ الزُّهْرِيِّ، عَنْ نَبْهَانَ، - مَوْلَى أُمِّ سَلَمَةَ - عَنْ أُمِّ سَلَمَةَ، أَنَّهَا أَخْبَرَتْ عَنِ النَّبِيِّ صلى الله عليه وسلم أَنَّهُ قَالَ ‏\n\"‏ إِذَا كَانَ لإِحْدَاكُنَّ مُكَاتَبٌ وَكَانَ عِنْدَهُ مَا يُؤَدِّي فَلْتَحْتَجِبْ مِنْهُ ‏\"‏ ‏.‏",
      "english": {
        "narrator": "It was narrated from Umm Salamah that the Prophet (ﷺ) said:",
        "text": "“If anyone of you (women) has a Mukatab, and he has enough (wealth) to pay off (his contact of manumission), she must veil herself from him.”"
      },
      "turkish": {
        "narrator": "It was narrated from Umm Salamah that the Prophet (ﷺ) said:",
        "text": "Ümmü Seleme'den rivayet edilmiştir ki, Peygamber (ﷺ) şöyle buyurdu: “Eğer aranızdan birinin (kadınlar) bir Mukatabı varsa ve o, (özgürlük sözleşmesini) ödeyecek kadar (mali güce) sahipse, o, ondan örtünmelidir.”"
      }
    },
    {
      "id": 10,
      "idInBook": 10,
      "chapterId": 19,
      "bookId": 6,
      "arabic": "حَدَّثَنَا أَبُو بَكْرِ بْنُ أَبِي شَيْبَةَ، وَعَلِيُّ بْنُ مُحَمَّدٍ، قَالاَ حَدَّثَنَا وَكِيعٌ، عَنْ هِشَامِ بْنِ عُرْوَةَ، عَنْ أَبِيهِ، عَنْ عَائِشَةَ، زَوْجِ النَّبِيِّ صلى الله عليه وسلم أَنَّ بَرِيرَةَ أَتَتْهَا وَهِيَ مُكَاتَبَةٌ قَدْ كَاتَبَهَا أَهْلُهَا عَلَى تِسْعِ أَوَاقٍ فَقَالَتْ لَهَا إِنْ شَاءَ أَهْلُكِ عَدَدْتُ لَهُمْ عَدَّةً وَاحِدَةً وَكَانَ الْوَلاَءُ لِي قَالَ فَأَتَتْ أَهْلَهَا فَذَكَرَتْ ذَلِكَ لَهُمْ فَأَبَوْا إِلاَّ أَنْ تَشْتَرِطَ الْوَلاَءَ لَهُمْ فَذَكَرَتْ عَائِشَةُ ذَلِكَ لِلنَّبِيِّ صلى الله عليه وسلم فَقَالَ ‏\"‏ افْعَلِي ‏\"‏ ‏.‏ قَالَتْ فَقَامَ النَّبِيُّ صلى الله عليه وسلم فَخَطَبَ النَّاسَ فَحَمِدَ اللَّهَ وَأَثْنَى عَلَيْهِ ثُمَّ قَالَ ‏\"‏ مَا بَالُ رِجَالٍ يَشْتَرِطُونَ شُرُوطًا لَيْسَتْ فِي كِتَابِ اللَّهِ كُلُّ شَرْطٍ لَيْسَ فِي كِتَابِ اللَّهِ فَهُوَ بَاطِلٌ وَإِنْ كَانَ مِائَةَ شَرْطٍ كِتَابُ اللَّهِ أَحَقُّ وَشَرْطُ اللَّهِ أَوْثَقُ وَالْوَلاَءُ لِمَنْ أَعْتَقَ ‏\"‏ ‏.‏",
      "english": {
        "narrator": "It was narrated from Hisham bin 'Urwah, from his father, about 'Aishah the wife of the Prophet (ﷺ)  - :",
        "text": "that  Barirah came to her when she was came to her when she was Muktabah, and her masters had written a contract of manumission for nine Uqiyyah. She (`Aishah) said: “If your masters wish I will pay them that in one sum, and the right of inheritance will belong to me.”\n\nHe said: “So she went to her masters and told them about that, but they insisted that the right of inheritance should belong to them. `Aishah mentioned that to the Prophet (ﷺ) and he said: 'Do it.' Then the Prophet (ﷺ) stood up and addressed the people. He praised and glorified Allah (SWT), then he said: 'What is the matter with some people who stipulated conditions that are not in the Book of Allah (SWT)? Every conditions that is not in the Book of Allah (SWT)  is invalid, even if there are one hundred conditions. The Book of Allah(SWT) is more deserving of being followed and the conditions of Allah (SWT) are more binding. And the Wala belongs to the one who manumits (the slave).”"
      },
      "turkish": {
        "narrator": "It was narrated from Hisham bin 'Urwah, from his father, about 'Aishah the wife of the Prophet (ﷺ)  - :",
        "text": "Hişam bin Urvah'tan, babası aracılığıyla, Peygamber (ﷺ) eşlerinden Aişe hakkında rivayet edilmiştir ki: Barirah, Aişe'ye geldiğinde, o Muktabah idi ve sahipleri onun için dokuz Uqiyyah karşılığında bir özgürlük sözleşmesi yazmışlardı. Aişe şöyle dedi: “Eğer sahipleri isterse, ben bunu tek seferde ödeyeceğim ve miras hakkı bana ait olacaktır.”"
      }
    },
    {
      "id": 11,
      "idInBook": 11,
      "chapterId": 19,
      "bookId": 6,
      "arabic": "حَدَّثَنَا أَبُو كُرَيْبٍ، حَدَّثَنَا أَبُو مُعَاوِيَةَ، عَنِ الأَعْمَشِ، عَنْ عَمْرِو بْنِ مُرَّةَ، عَنْ سَالِمِ بْنِ أَبِي الْجَعْدِ، عَنْ شُرَحْبِيلَ بْنِ السِّمْطِ، قَالَ قُلْتُ لِكَعْبٍ يَا كَعْبَ بْنَ مُرَّةَ حَدِّثْنَا عَنْ رَسُولِ اللَّهِ صلى الله عليه وسلم وَاحْذَرْ ‏.‏ قَالَ سَمِعْتُ رَسُولَ اللَّهِ صلى الله عليه وسلم يَقُولُ ‏\n\"‏ مَنْ أَعْتَقَ امْرَأً مُسْلِمًا كَانَ فِكَاكَهُ مِنَ النَّارِ يُجْزِئُ بِكُلِّ عَظْمٍ مِنْهُ عَظْمٌ مِنْهُ وَمَنْ أَعْتَقَ امْرَأَتَيْنِ مُسْلِمَتَيْنِ كَانَتَا فِكَاكَهُ مِنَ النَّارِ يُجْزِئُ بِكُلِّ عَظْمَيْنِ مِنْهُمَا عَظْمٌ مِنْهُ ‏\"‏ ‏.‏",
      "english": {
        "narrator": "It was narrated that Shurahbil bin Simt said:",
        "text": "I said to Ka'b bin Murrah, tell us a Hadith from the Messenger of Allah (ﷺ), but be careful. He said: I heard the Messenger of Allah (ﷺ) say: “Whoever frees a Muslim man, he will be his ransom from the Fire; each of his bones will suffice (as a ransom) for each of his bones. Whoever frees two Muslim women, they will be his ransom from the Fire; each of their two bones will suffice (as a ransom) for each of his bones.”"
      },
      "turkish": {
        "narrator": "It was narrated that Shurahbil bin Simt said:",
        "text": "O dedi ki: “Bunun üzerine o, sahiplerine gitti ve onlara bunu söyledi, ancak miras hakkının kendilerine ait olması konusunda ısrar ettiler. Aişe bunu Peygamber (ﷺ)'e iletti ve o şöyle dedi: 'Yap.' Sonra Peygamber (ﷺ) ayağa kalktı ve insanlara hitap etti. Allah'ı (SWT) övdü ve yüceltti, ardından şöyle dedi: 'Bazı insanların, Allah'ın Kitabı'nda olmayan şartlar koyması neyle ilgili? Allah'ın Kitabı'nda olmayan her şart geçersizdir, ister yüz şart olsun. Allah'ın Kitabı'na uymak daha layıktır ve Allah'ın şartları daha bağlayıcıdır. Ve Vela, köleyi özgürleştiren kişiye aittir.'”"
      }
    },
    {
      "id": 12,
      "idInBook": 12,
      "chapterId": 19,
      "bookId": 6,
      "arabic": "حَدَّثَنَا أَحْمَدُ بْنُ سِنَانٍ، حَدَّثَنَا أَبُو مُعَاوِيَةَ، حَدَّثَنَا هِشَامُ بْنُ عُرْوَةَ، عَنْ أَبِيهِ، عَنْ أَبِي مُرَاوِحٍ، عَنْ أَبِي ذَرٍّ، قَالَ قُلْتُ يَا رَسُولَ اللَّهِ أَىُّ الرِّقَابِ أَفْضَلُ قَالَ ‏\n\"‏ أَنْفَسُهَا عِنْدَ أَهْلِهَا وَأَغْلاَهَا ثَمَنًا ‏\"‏ ‏.‏",
      "english": {
        "narrator": "It was narrated that Abu Dharr said:",
        "text": "“I said: 'O Messenger of Allah (ﷺ), which slave is best?' He said: ‘The one who is most precious to his master and most valuable in price.' ”"
      },
      "turkish": {
        "narrator": "It was narrated that Abu Dharr said:",
        "text": "Şurahbil bin Simt'ten rivayet edilmiştir ki, ben Ka'b bin Murrah'a, bize Allah'ın Resulü (ﷺ)'nden bir Hadis anlatmasını söyledim, ama dikkatli ol. O şöyle dedi: “Allah'ın Resulü (ﷺ) şöyle buyurdu: 'Kim bir Müslüman erkeği özgür bırakırsa, o, onu ateşten kurtarır; her bir kemiği, onun her bir kemiği için yeterlidir. Kim iki Müslüman kadını özgür bırakırsa, onlar da onun ateşten kurtuluşu olur; her birinin iki kemiği, onun her bir kemiği için yeterlidir.'”"
      }
    },
    {
      "id": 13,
      "idInBook": 13,
      "chapterId": 19,
      "bookId": 6,
      "arabic": "حَدَّثَنَا عُقْبَةُ بْنُ مُكْرَمٍ، وَإِسْحَاقُ بْنُ مَنْصُورٍ، قَالاَ حَدَّثَنَا مُحَمَّدُ بْنُ بَكْرٍ الْبُرْسَانِيُّ، عَنْ حَمَّادِ بْنِ سَلَمَةَ، عَنْ قَتَادَةَ، وَعَاصِمٍ، عَنِ الْحَسَنِ، عَنْ سَمُرَةَ بْنِ جُنْدُبٍ، عَنِ النَّبِيِّ صلى الله عليه وسلم قَالَ ‏\n\"‏ مَنْ مَلَكَ ذَا رَحِمٍ مَحْرَمٍ فَهُوَ حُرٌّ ‏\"‏ ‏.‏",
      "english": {
        "narrator": "It was narrated from Samurah bin Jundub that the Prophet (ﷺ) said:",
        "text": "“Whoever becomes the master of a Mahram relative (with whom marriage is not lawful), he becomes free.”"
      },
      "turkish": {
        "narrator": "It was narrated from Samurah bin Jundub that the Prophet (ﷺ) said:",
        "text": "Ebu Dharr şöyle dedi: “Ben dedim: 'Ey Allah'ın Resulü (ﷺ), hangi köle en iyisidir?' O şöyle dedi: 'En değerli olanı ve fiyatı en yüksek olanıdır.'”"
      }
    },
    {
      "id": 14,
      "idInBook": 14,
      "chapterId": 19,
      "bookId": 6,
      "arabic": "حَدَّثَنَا رَاشِدُ بْنُ سَعِيدٍ الرَّمْلِيُّ، وَعُبَيْدُ اللَّهِ بْنُ الْجَهْمِ الأَنْمَاطِيُّ، قَالاَ حَدَّثَنَا ضَمْرَةُ بْنُ رَبِيعَةَ، عَنْ سُفْيَانَ، عَنْ عَبْدِ اللَّهِ بْنِ دِينَارٍ، عَنِ ابْنِ عُمَرَ، قَالَ قَالَ رَسُولُ اللَّهِ صلى الله عليه وسلم ‏\n\"‏ مَنْ مَلَكَ ذَا رَحِمٍ مَحْرَمٍ فَهُوَ حُرٌّ ‏\"‏ ‏.‏",
      "english": {
        "narrator": "It was narrated from Ibn`Umar that the Messenger of Allah (ﷺ) said:",
        "text": "“Whoever becomes the master of a Mahram relative, he becomes free.”"
      },
      "turkish": {
        "narrator": "It was narrated from Ibn`Umar that the Messenger of Allah (ﷺ) said:",
        "text": "Samurah bin Cundub'dan rivayet edilmiştir ki, Peygamber (ﷺ) şöyle buyurdu: “Kim bir Mahram akrabanın sahibi olursa, o özgürleşir.”"
      }
    },
    {
      "id": 15,
      "idInBook": 15,
      "chapterId": 19,
      "bookId": 6,
      "arabic": "حَدَّثَنَا عَبْدُ اللَّهِ بْنُ مُعَاوِيَةَ الْجُمَحِيُّ، حَدَّثَنَا حَمَّادُ بْنُ سَلَمَةَ، عَنْ سَعِيدِ بْنِ جُمْهَانَ، عَنْ سَفِينَةَ أَبِي عَبْدِ الرَّحْمَنِ، قَالَ أَعْتَقَتْنِي أُمُّ سَلَمَةَ وَاشْتَرَطَتْ عَلَىَّ أَنْ أَخْدُمَ النَّبِيَّ صلى الله عليه وسلم مَا عَاشَ ‏.‏",
      "english": {
        "narrator": "It was narrated from that Safinah - Abu 'Abdur-Rahman-said :",
        "text": "“Umm Salamah freed me but stipulated that I should serve the Prophet (ﷺ) as long he lived.”"
      },
      "turkish": {
        "narrator": "It was narrated from that Safinah - Abu 'Abdur-Rahman-said :",
        "text": "İbn Umar'dan rivayet edilmiştir ki, Allah'ın Resulü (ﷺ) şöyle buyurdu: “Kim bir Mahram akrabanın sahibi olursa, o özgürleşir.”"
      }
    },
    {
      "id": 16,
      "idInBook": 16,
      "chapterId": 19,
      "bookId": 6,
      "arabic": "حَدَّثَنَا أَبُو بَكْرِ بْنُ أَبِي شَيْبَةَ، حَدَّثَنَا عَلِيُّ بْنُ مُسْهِرٍ، وَمُحَمَّدُ بْنُ بِشْرٍ، عَنْ سَعِيدِ بْنِ أَبِي عَرُوبَةَ، عَنْ قَتَادَةَ، عَنِ النَّضْرِ بْنِ أَنَسٍ، عَنْ بَشِيرِ بْنِ نَهِيكٍ، عَنْ أَبِي هُرَيْرَةَ، قَالَ قَالَ رَسُولُ اللَّهِ صلى الله عليه وسلم ‏\n\"‏ مَنْ أَعْتَقَ نَصِيبًا لَهُ فِي مَمْلُوكٍ أَوْ شِقْصًا فَعَلَيْهِ خَلاَصُهُ مِنْ مَالِهِ إِنْ كَانَ لَهُ مَالٌ فَإِنْ لَمْ يَكُنْ لَهُ مَالٌ اسْتُسْعِيَ الْعَبْدُ فِي قِيمَتِهِ غَيْرَ مَشْقُوقٍ عَلَيْهِ ‏\"‏ ‏.‏",
      "english": {
        "narrator": "It was narrated from Abu Hurairah that the Messenger of Allah (ﷺ) said:",
        "text": "“Whoever frees his share of a slave or part of his share, must pay from his wealth if he has any wealth if he has any wealth (in order to buy the rest of the slave's freedom). If he does not have wealth, then the slave should be asked to work for the price (of his freedom), without that causing him too much hardship.”"
      },
      "turkish": {
        "narrator": "It was narrated from Abu Hurairah that the Messenger of Allah (ﷺ) said:",
        "text": "Abu Hurayra'dan rivayet edildiğine göre, Allah'ın Resulü (ﷺ) şöyle buyurdu: “Kölenin hissesi veya bir kısmını serbest bırakan kimse, eğer malı varsa, kölenin geri kalan özgürlüğünü satın almak için malından ödeme yapmalıdır. Eğer malı yoksa, kölenin özgürlüğü için çalışması istenmelidir, ancak bu ona fazla zorluk çıkarmamalıdır.”"
      }
    },
    {
      "id": 17,
      "idInBook": 17,
      "chapterId": 19,
      "bookId": 6,
      "arabic": "حَدَّثَنَا يَحْيَى بْنُ حَكِيمٍ، حَدَّثَنَا عُثْمَانُ بْنُ عُمَرَ، حَدَّثَنَا مَالِكُ بْنُ أَنَسٍ، عَنْ نَافِعٍ، عَنِ ابْنِ عُمَرَ، قَالَ قَالَ رَسُولُ اللَّهِ صلى الله عليه وسلم ‏\n\"‏ مَنْ أَعْتَقَ شِرْكًا لَهُ فِي عَبْدٍ أُقِيمَ عَلَيْهِ بِقِيمَةِ عَدْلٍ فَأَعْطَى شُرَكَاءَهُ حِصَصَهُمْ إِنْ كَانَ لَهُ مِنَ الْمَالِ مَا يَبْلُغُ ثَمَنَهُ وَعَتَقَ عَلَيْهِ الْعَبْدُ وَإِلاَّ فَقَدْ عَتَقَ مِنْهُ مَا عَتَقَ ‏\"‏ ‏.‏",
      "english": {
        "narrator": "It was narrated from Ibn`Umar that the Messenger of Allah (ﷺ) said:",
        "text": "“Whoever frees his share of a slave, the price of the slave should be fairly evaluated, and he (the partner who initiated this process) should free him (in full, by giving the rest of his price to the other co-owners), if he has enough wealth to do so. Otherwise, he will have freed whatever he freed.”"
      },
      "turkish": {
        "narrator": "It was narrated from Ibn`Umar that the Messenger of Allah (ﷺ) said:",
        "text": "İbn Ömer'den rivayet edildiğine göre, Allah'ın Resulü (ﷺ) şöyle buyurdu: “Kölenin hissesi serbest bırakıldığında, kölenin bedeli adil bir şekilde değerlendirilmelidir ve (bu süreci başlatan) ortak, eğer bunu yapacak kadar malı varsa, onu tam olarak serbest bırakmalıdır (diğer ortaklara geri kalan bedeli vererek). Aksi takdirde, serbest bıraktığı şey, serbest bırakmış olduğu kadardır.”"
      }
    },
    {
      "id": 18,
      "idInBook": 18,
      "chapterId": 19,
      "bookId": 6,
      "arabic": "حَدَّثَنَا حَرْمَلَةُ بْنُ يَحْيَى، حَدَّثَنَا عَبْدُ اللَّهِ بْنُ وَهْبٍ، أَخْبَرَنِي ابْنُ لَهِيعَةَ، ح وَحَدَّثَنَا مُحَمَّدُ بْنُ يَحْيَى، حَدَّثَنَا سَعِيدُ بْنُ أَبِي مَرْيَمَ، أَنْبَأَنَا اللَّيْثُ بْنُ سَعْدٍ، جَمِيعًا عَنْ عُبَيْدِ اللَّهِ بْنِ أَبِي جَعْفَرٍ، عَنْ بُكَيْرِ بْنِ الأَشَجِّ، عَنْ نَافِعٍ، عَنِ ابْنِ عُمَرَ، قَالَ قَالَ رَسُولُ اللَّهِ صلى الله عليه وسلم ‏\n\"‏ مَنْ أَعْتَقَ عَبْدًا وَلَهُ مَالٌ فَمَالُ الْعَبْدِ لَهُ إِلاَّ أَنْ يَشْتَرِطَ السَّيِّدُ مَالَهُ فَيَكُونَ لَهُ ‏\"‏ ‏.‏ وَقَالَ ابْنُ لَهِيعَةَ إِلاَّ أَنْ يَسْتَثْنِيَهُ السَّيِّدُ ‏.‏",
      "english": {
        "narrator": "It was narrated from Ibn`Umar that the Messenger of Allah (ﷺ) said:",
        "text": "“Whoever frees a slave who has some wealth, the slave's wealth belongs to him, unless the master stipulates that it will belong to him.”"
      },
      "turkish": {
        "narrator": "It was narrated from Ibn`Umar that the Messenger of Allah (ﷺ) said:",
        "text": "İbn Ömer'den rivayet edildiğine göre, Allah'ın Resulü (ﷺ) şöyle buyurdu: “Eğer bir köleyi serbest bırakan kimse, kölenin bir miktar malı varsa, o mal kölenin olur; ancak efendi, onun kendisine ait olacağını şart koşmadıkça.”"
      }
    },
    {
      "id": 19,
      "idInBook": 19,
      "chapterId": 19,
      "bookId": 6,
      "arabic": "حَدَّثَنَا مُحَمَّدُ بْنُ يَحْيَى، حَدَّثَنَا سَعِيدُ بْنُ مُحَمَّدٍ الْجَرْمِيُّ، حَدَّثَنَا الْمُطَّلِبُ بْنُ زِيَادٍ، عَنْ إِسْحَاقَ بْنِ إِبْرَاهِيمَ، عَنْ جَدِّهِ، عُمَيْرٍ - وَهُوَ مَوْلَى ابْنِ مَسْعُودٍ - أَنَّ عَبْدَ اللَّهِ، قَالَ لَهُ يَا عُمَيْرُ إِنِّي أُعْتِقُكَ عِتْقًا هَنِيئًا إِنِّي سَمِعْتُ رَسُولَ اللَّهِ صلى الله عليه وسلم يَقُولُ ‏\n\"‏ أَيُّمَا رَجُلٍ أَعْتَقَ غُلاَمًا وَلَمْ يُسَمِّ مَالَهُ فَالْمَالُ لَهُ ‏\"‏ ‏.‏ فَأَخْبِرْنِي مَا مَالُكَ ‏.‏ \n\n حَدَّثَنَا مُحَمَّدُ بْنُ عَبْدِ اللَّهِ بْنِ نُمَيْرٍ، حَدَّثَنَا الْمُطَّلِبُ بْنُ زِيَادٍ، عَنْ إِسْحَاقَ بْنِ إِبْرَاهِيمَ، قَالَ قَالَ عَبْدُ اللَّهِ بْنُ مَسْعُودٍ لِجَدِّي فَذَكَرَ نَحْوَهُ ‏.‏",
      "english": {
        "narrator": "It was narrated from Ishaq bin Ibrahim, from his grandfather 'Umair, who was the freed slave of Ibn Mas'ud, that `Abdullah said to him:",
        "text": "“O Umair, I have set you free in a good way. I heard the Messenger of Allah (ﷺ) say: 'Any man who frees a slave and does not say anything about his (the slave's) wealth, it belongs to him (the slave).' So tell me, how much wealth do you have?”\n\nAnother chain reports a similar hadith."
      },
      "turkish": {
        "narrator": "It was narrated from Ishaq bin Ibrahim, from his grandfather 'Umair, who was the freed slave of Ibn Mas'ud, that `Abdullah said to him:",
        "text": "İshak bin İbrahim'den, dedesi 'Umair'den, o da İbn Mes'ud'un freed slave'idir, rivayet edildiğine göre, Abdullah ona şöyle dedi: “Ey Umair, seni güzel bir şekilde serbest bıraktım. Allah'ın Resulü (ﷺ) şöyle buyurduğunu duydum: 'Bir adam köleyi serbest bırakırsa ve onun (kölenin) malı hakkında hiçbir şey söylemezse, o mal kölenin olur.' Bana söyle, ne kadar malın var?”"
      }
    },
    {
      "id": 20,
      "idInBook": 20,
      "chapterId": 19,
      "bookId": 6,
      "arabic": "حَدَّثَنَا أَبُو بَكْرِ بْنُ أَبِي شَيْبَةَ، حَدَّثَنَا الْفَضْلُ بْنُ دُكَيْنٍ، حَدَّثَنَا إِسْرَائِيلُ، عَنْ زَيْدِ بْنِ جُبَيْرٍ، عَنْ أَبِي يَزِيدَ الضِّنِّيِّ، عَنْ مَيْمُونَةَ بِنْتِ سَعْدٍ، - مَوْلاَةِ النَّبِيِّ صلى الله عليه وسلم - أَنَّ رَسُولَ اللَّهِ صلى الله عليه وسلم سُئِلَ عَنْ وَلَدِ الزِّنَا فَقَالَ ‏\n\"‏ نَعْلاَنِ أُجَاهِدُ فِيهِمَا خَيْرٌ مِنْ أَنْ أُعْتِقَ وَلَدَ الزِّنَا ‏\"‏ ‏.‏",
      "english": {
        "narrator": "It was narrated from Maimunah bint Sa`d, the freed slave woman of the Prophet (ﷺ) that :",
        "text": "the Messenger of Allah (ﷺ) was asked about illegitimate children. He said: “Two sandals in which I wage Jihad are better than freeing an illegitimate child.”"
      },
      "turkish": {
        "narrator": "It was narrated from Maimunah bint Sa`d, the freed slave woman of the Prophet (ﷺ) that :",
        "text": "Başka bir isnad benzer bir hadisi bildirir."
      }
    },
    {
      "id": 21,
      "idInBook": 21,
      "chapterId": 19,
      "bookId": 6,
      "arabic": "حَدَّثَنَا مُحَمَّدُ بْنُ بَشَّارٍ، حَدَّثَنَا حَمَّادُ بْنُ مَسْعَدَةَ، ح وَحَدَّثَنَا مُحَمَّدُ بْنُ خَلَفٍ الْعَسْقَلاَنِيُّ، وَإِسْحَاقُ بْنُ مَنْصُورٍ، قَالاَ حَدَّثَنَا عُبَيْدُ اللَّهِ بْنُ عَبْدِ الْمَجِيدِ، حَدَّثَنَا عُبَيْدُ اللَّهِ بْنُ عَبْدِ الرَّحْمَنِ بْنِ عَبْدِ اللَّهِ بْنِ مَوْهَبٍ، عَنِ الْقَاسِمِ بْنِ مُحَمَّدٍ، عَنْ عَائِشَةَ، أَنَّهَا كَانَ لَهَا غُلاَمٌ وَجَارِيَةٌ زَوْجٌ فَقَالَتْ يَا رَسُولَ اللَّهِ إِنِّي أُرِيدُ أَنْ أُعْتِقَهُمَا ‏.‏ فَقَالَ رَسُولُ اللَّهِ صلى الله عليه وسلم ‏\n\"‏ إِنْ أَعْتَقْتِهِمَا فَابْدَئِي بِالرَّجُلِ قَبْلَ الْمَرْأَةِ ‏\"‏ ‏.‏",
      "english": {
        "narrator": "It was narrated that :",
        "text": "`Aishah had a male slave and a female slave who were married. She said: “O Messenger of Allah (ﷺ), I want to free them both.” The Messenger of Allah (ﷺ) said: “If you free them, then start with the man before the woman.”"
      },
      "turkish": {
        "narrator": "It was narrated that :",
        "text": "Maimunah bint Sa'd'dan, Peygamber'in (ﷺ) freed slave kadınından rivayet edildiğine göre: Allah'ın Resulü (ﷺ) gayri meşru çocuklar hakkında soruldu. O şöyle dedi: “Cihad ettiğim iki terlik, gayri meşru bir çocuğu serbest bırakmaktan daha hayırlıdır.”"
      }
    }
  ],
  "chapter": {
    "id": 19,
    "bookId": 6,
    "arabic": "كتاب العتق",
    "english": "The Chapters on Manumission (of Slaves)"
  }
}