{
  "metadata": {
    "length": 24,
    "arabic": {
      "title": "سنن ابن ماجه",
      "author": "الإمام محمد بن يزيد بن ماجه القزويني",
      "introduction": "كتاب الوصايا"
    },
    "english": {
      "title": "Sunan Ibn Majah",
      "author": "Imam Muhammad ibn Yazid Ibn Majah al-Qazwini",
      "introduction": "The Chapters on Wills"
    }
  },
  "hadiths": [
    {
      "id": 1,
      "idInBook": 1,
      "chapterId": 22,
      "bookId": 6,
      "arabic": "حَدَّثَنَا مُحَمَّدُ بْنُ عَبْدِ اللَّهِ بْنِ نُمَيْرٍ، حَدَّثَنَا أَبِي وَأَبُو مُعَاوِيَةَ ح وَحَدَّثَنَا أَبُو بَكْرِ بْنُ أَبِي شَيْبَةَ، وَعَلِيُّ بْنُ مُحَمَّدٍ، قَالاَ حَدَّثَنَا أَبُو مُعَاوِيَةَ، - قَالَ أَبُو بَكْرٍ وَعَبْدُ اللَّهِ بْنُ نُمَيْرٍ - عَنِ الأَعْمَشِ، عَنْ شَقِيقٍ، عَنْ مَسْرُوقٍ، عَنْ عَائِشَةَ، قَالَتْ مَا تَرَكَ رَسُولُ اللَّهِ صلى الله عليه وسلم دِينَارًا وَلاَ دِرْهَمًا وَلاَ شَاةً وَلاَ بَعِيرًا وَلاَ أَوْصَى بِشَىْءٍ ‏.‏",
      "english": {
        "narrator": "It was narrated that Aishah said:",
        "text": "“The Messenger of Allah (ﷺ) did not leave behind a Dinar nor a Dirham, nor a sheep, nor a camel, and he did not make a will concerning anything.”"
      },
      "turkish": {
        "narrator": "It was narrated that Aishah said:",
        "text": "Aişe (r.a) şöyle dedi: “Allah’ın Resulü (ﷺ) ne bir Dinar ne de bir Dirhem, ne bir koyun ne de bir deve bırakmadı ve hiçbir şey hakkında vasiyet etmedi.”"
      }
    },
    {
      "id": 2,
      "idInBook": 2,
      "chapterId": 22,
      "bookId": 6,
      "arabic": "حَدَّثَنَا عَلِيُّ بْنُ مُحَمَّدٍ، حَدَّثَنَا وَكِيعٌ، عَنْ مَالِكِ بْنِ مِغْوَلٍ، عَنْ طَلْحَةَ بْنِ مُصَرِّفٍ، قَالَ قُلْتُ لِعَبْدِ اللَّهِ بْنِ أَبِي أَوْفَى أَوْصَى رَسُولُ اللَّهِ صلى الله عليه وسلم بِشَىْءٍ قَالَ لاَ ‏.‏ قُلْتُ فَكَيْفَ أَمَرَ الْمُسْلِمِينَ بِالْوَصِيَّةِ قَالَ أَوْصَى بِكِتَابِ اللَّهِ ‏.‏ \n قَالَ مَالِكٌ وَقَالَ طَلْحَةُ بْنُ مُصَرِّفٍ قَالَ الْهُزَيْلُ بْنُ شُرَحْبِيلَ أَبُو بَكْرٍ كَانَ يَتَأَمَّرُ عَلَى وَصِيِّ رَسُولِ اللَّهِ صلى الله عليه وسلم وَدَّ أَبُو بَكْرٍ أَنَّهُ وَجَدَ مِنْ رَسُولِ اللَّهِ صلى الله عليه وسلم عَهْدًا فَخَزَمَ أَنْفَهُ بِخِزَامٍ ‏.‏",
      "english": {
        "narrator": "It was narrated from Malik bin Mighwal that Talhah bin Musarrif said:",
        "text": "“I said to Abdullah bin Abu Awfa: 'Did the Messenger of Allah (ﷺ) make a will concerning anything?' He said: 'No.' I said: 'How come he told the Muslims to make wills?' He said: 'He enjoined (them to adhere to) the book of Allah (SWT).” Malik said: “Talhah bin Musarrif said: 'Huzail bin Shurahbil said: “Abu Bakr was granted leadership according to the will of Allah's Messenger (ﷺ)?” (Rather) Abu Bakr wished that the found a covenant (in that regard) from Allah's Messenger (ﷺ), so he could fetter his nose with a (camel's) nose ring.”"
      },
      "turkish": {
        "narrator": "It was narrated from Malik bin Mighwal that Talhah bin Musarrif said:",
        "text": "Malik bin Mighwal'dan rivayet edildiğine göre Talha bin Musarrif şöyle dedi: “Abdullah bin Ebu Avfa'ya dedim ki: 'Allah’ın Resulü (ﷺ) bir şey hakkında vasiyet etti mi?' O da: 'Hayır.' dedi. Ben: 'O halde Müslümanlara vasiyet etmelerini neden emretti?' dedim. O da: 'Onlara Allah’ın kitabına (SWT) uymalarını emretti.' Malik dedi ki: “Talha bin Musarrif şöyle dedi: 'Huzail bin Şurahbil dedi ki: “Ebu Bekir, Allah’ın Resulü (ﷺ) tarafından bir vasiyetle liderlik verilmiş midir?” (Aslında) Ebu Bekir, Allah’ın Resulü (ﷺ) tarafından bu konuda bir söz bulmayı arzuladı ki, burnunu bir (deve) burun halkasıyla bağlayabilsin.”"
      }
    },
    {
      "id": 3,
      "idInBook": 3,
      "chapterId": 22,
      "bookId": 6,
      "arabic": "حَدَّثَنَا أَحْمَدُ بْنُ الْمِقْدَامِ، حَدَّثَنَا الْمُعْتَمِرُ بْنُ سُلَيْمَانَ، سَمِعْتُ أَبِي يُحَدِّثُ، عَنْ قَتَادَةَ، عَنْ أَنَسِ بْنِ مَالِكٍ، قَالَ كَانَتْ عَامَّةُ وَصِيَّةِ رَسُولِ اللَّهِ صلى الله عليه وسلم حِينَ حَضَرَتْهُ الْوَفَاةُ وَهُوَ يُغَرْغِرُ بِنَفْسِهِ ‏\n\"‏ الصَّلاَةَ وَمَا مَلَكَتْ أَيْمَانُكُمْ ‏\"‏ ‏.‏",
      "english": {
        "narrator": "It was narrated that Anas bin Malik said:",
        "text": "“What the Messenger of Allah (ﷺ) most enjoined when he was dying and breathing his last was: The prayer; and those whom your right hands possess.”"
      },
      "turkish": {
        "narrator": "It was narrated that Anas bin Malik said:",
        "text": "Anas bin Malik'ten rivayet edildiğine göre, Allah’ın Resulü (ﷺ) ölüm döşeğinde ve son nefesini verirken en çok şunu emretti: Namaz; ve sağ ellerinizin sahip olduğu kimseler."
      }
    },
    {
      "id": 4,
      "idInBook": 4,
      "chapterId": 22,
      "bookId": 6,
      "arabic": "حَدَّثَنَا سَهْلُ بْنُ أَبِي سَهْلٍ، حَدَّثَنَا مُحَمَّدُ بْنُ فُضَيْلٍ، عَنْ مُغِيرَةَ، عَنْ أُمِّ مُوسَى، عَنْ عَلِيِّ بْنِ أَبِي طَالِبٍ، قَالَ كَانَ آخِرُ كَلاَمِ النَّبِيِّ صلى الله عليه وسلم ‏\n\"‏ الصَّلاَةَ وَمَا مَلَكَتْ أَيْمَانُكُمْ ‏\"‏ ‏.‏",
      "english": {
        "narrator": "It was narrated that 'Ali bin Abu Talib said:",
        "text": "“The last words of the Prophet (ﷺ) were: The prayer; and those whom your right hands prossess.”"
      },
      "turkish": {
        "narrator": "It was narrated that 'Ali bin Abu Talib said:",
        "text": "Ali bin Ebu Talib şöyle dedi: “Peygamberin (ﷺ) son sözleri şunlardı: Namaz; ve sağ ellerinizin sahip olduğu kimseler.”"
      }
    },
    {
      "id": 5,
      "idInBook": 5,
      "chapterId": 22,
      "bookId": 6,
      "arabic": "حَدَّثَنَا عَلِيُّ بْنُ مُحَمَّدٍ، حَدَّثَنَا عَبْدُ اللَّهِ بْنُ نُمَيْرٍ، عَنْ عُبَيْدِ اللَّهِ بْنِ عُمَرَ، عَنْ نَافِعٍ، عَنِ ابْنِ عُمَرَ، قَالَ قَالَ رَسُولُ اللَّهِ صلى الله عليه وسلم ‏\n\"‏ مَا حَقُّ امْرِئٍ مُسْلِمٍ أَنْ يَبِيتَ لَيْلَتَيْنِ وَلَهُ شَىْءٌ يُوصِي فِيهِ إِلاَّ وَوَصِيَّتُهُ مَكْتُوبَةٌ عِنْدَهُ ‏\"‏ ‏.‏",
      "english": {
        "narrator": "It was narrated from Ibn 'Umar that the Messenger of Allah (ﷺ) said:",
        "text": "“The Muslim man has no right to spend two nights, if he has something for which a will should be made, without having a written will with him.”"
      },
      "turkish": {
        "narrator": "It was narrated from Ibn 'Umar that the Messenger of Allah (ﷺ) said:",
        "text": "İbn 'Umar'dan rivayet edildiğine göre, Allah’ın Resulü (ﷺ) şöyle buyurdu: “Müslüman bir erkeğin, vasiyet yapılması gereken bir şeyi varsa, yanında yazılı bir vasiyeti olmadan iki gece geçirmeye hakkı yoktur.”"
      }
    },
    {
      "id": 6,
      "idInBook": 6,
      "chapterId": 22,
      "bookId": 6,
      "arabic": "حَدَّثَنَا نَصْرُ بْنُ عَلِيٍّ الْجَهْضَمِيُّ، حَدَّثَنَا دُرُسْتُ بْنُ زِيَادٍ، حَدَّثَنَا يَزِيدُ الرَّقَاشِيُّ، عَنْ أَنَسِ بْنِ مَالِكٍ، قَالَ قَالَ رَسُولُ اللَّهِ صلى الله عليه وسلم ‏\n\"‏ الْمَحْرُومُ مَنْ حُرِمَ وَصِيَّتَهُ ‏\"‏ ‏.‏",
      "english": {
        "narrator": "It was narrated from Anas bin Malik that the Messenger of Allah (ﷺ) said:",
        "text": "“The one who is deprived is the one who is deprived of a will.”"
      },
      "turkish": {
        "narrator": "It was narrated from Anas bin Malik that the Messenger of Allah (ﷺ) said:",
        "text": "Anas bin Malik'ten rivayet edildiğine göre, Allah’ın Resulü (ﷺ) şöyle buyurdu: “Vasiyetten mahrum olan, vasiyetten mahrum olandır.”"
      }
    },
    {
      "id": 7,
      "idInBook": 7,
      "chapterId": 22,
      "bookId": 6,
      "arabic": "حَدَّثَنَا مُحَمَّدُ بْنُ الْمُصَفَّى الْحِمْصِيُّ، حَدَّثَنَا بَقِيَّةُ بْنُ الْوَلِيدِ، عَنْ يَزِيدَ بْنِ عَوْفٍ، عَنْ أَبِي الزُّبَيْرِ، عَنْ جَابِرِ بْنِ عَبْدِ اللَّهِ، قَالَ قَالَ رَسُولُ اللَّهِ صلى الله عليه وسلم ‏\n\"‏ مَنْ مَاتَ عَلَى وَصِيَّةٍ مَاتَ عَلَى سَبِيلٍ وَسُنَّةٍ وَمَاتَ عَلَى تُقًى وَشَهَادَةٍ وَمَاتَ مَغْفُورًا لَهُ ‏\"‏ ‏.‏",
      "english": {
        "narrator": "It was narrated from Jabir bin Abdullah that the Messenger of Allah (ﷺ) said:",
        "text": "“Whoever dies leaving a will, he dies on the right path and Sunnah, and he dies with piety and witness, and he dies forgiven.”"
      },
      "turkish": {
        "narrator": "It was narrated from Jabir bin Abdullah that the Messenger of Allah (ﷺ) said:",
        "text": "Cabir bin Abdullah'tan rivayet edildiğine göre, Allah’ın Resulü (ﷺ) şöyle buyurdu: “Vasiyet bırakarak ölen kimse, doğru yolda ve Sünnet üzere ölür, takva ile ve şehit olarak ölür, ve affedilir.”"
      }
    },
    {
      "id": 8,
      "idInBook": 8,
      "chapterId": 22,
      "bookId": 6,
      "arabic": "حَدَّثَنَا مُحَمَّدُ بْنُ مَعْمَرٍ، حَدَّثَنَا رَوْحُ بْنُ عَوْفٍ، عَنْ نَافِعٍ، عَنِ ابْنِ عُمَرَ، عَنِ النَّبِيِّ صلى الله عليه وسلم قَالَ ‏\n\"‏ مَا حَقُّ امْرِئٍ مُسْلِمٍ يَبِيتُ لَيْلَتَيْنِ وَلَهُ شَىْءٌ يُوصِي بِهِ إِلاَّ وَوَصِيَّتُهُ مَكْتُوبَةٌ عِنْدَهُ ‏\"‏ ‏.‏",
      "english": {
        "narrator": "It was narrated from Ibn 'Umar that the Prophet (ﷺ) said:",
        "text": "“The Muslim man has no right to spend two nights, if he has something for which will should be made, without having a written will with him.”"
      },
      "turkish": {
        "narrator": "It was narrated from Ibn 'Umar that the Prophet (ﷺ) said:",
        "text": "İbn 'Umar'dan rivayet edildiğine göre, Peygamber (ﷺ) şöyle buyurdu: “Müslüman bir erkeğin, vasiyet yapılması gereken bir şeyi varsa, yanında yazılı bir vasiyeti olmadan iki gece geçirmeye hakkı yoktur.”"
      }
    },
    {
      "id": 9,
      "idInBook": 9,
      "chapterId": 22,
      "bookId": 6,
      "arabic": "حَدَّثَنَا سُوَيْدُ بْنُ سَعِيدٍ، حَدَّثَنَا عَبْدُ الرَّحِيمِ بْنُ زَيْدٍ الْعَمِّيِّ، عَنْ أَبِيهِ، عَنْ أَنَسِ بْنِ مَالِكٍ، قَالَ قَالَ رَسُولُ اللَّهِ صلى الله عليه وسلم ‏\n\"‏ مَنْ فَرَّ مِنْ مِيرَاثِ وَارِثِهِ قَطَعَ اللَّهُ مِيرَاثَهُ مِنَ الْجَنَّةِ يَوْمَ الْقِيَامَةِ ‏\"‏ ‏.‏",
      "english": {
        "narrator": "It was narrated from Anas bin Malik that the Messenger of Allah (ﷺ) said:",
        "text": "“Whoever tries to avoid giving the inheritance to his heirs, Allah (SWT) will deprive him of his inheritance in Paradise on the Day of Resurrection.”"
      },
      "turkish": {
        "narrator": "It was narrated from Anas bin Malik that the Messenger of Allah (ﷺ) said:",
        "text": "Anas bin Malik'ten rivayet edildiğine göre, Allah’ın Resulü (ﷺ) şöyle buyurdu: “Mirasını mirasçılarından kaçırmaya çalışan kimse, Kıyamet Günü Allah (SWT) tarafından cennetteki mirasından mahrum bırakılacaktır.”"
      }
    },
    {
      "id": 10,
      "idInBook": 10,
      "chapterId": 22,
      "bookId": 6,
      "arabic": "حَدَّثَنَا أَحْمَدُ بْنُ الأَزْهَرِ، حَدَّثَنَا عَبْدُ الرَّزَّاقِ بْنُ هَمَّامٍ، أَنْبَأَنَا مَعْمَرٌ، عَنْ أَشْعَثَ بْنِ عَبْدِ اللَّهِ، عَنْ شَهْرِ بْنِ حَوْشَبٍ، عَنْ أَبِي هُرَيْرَةَ، قَالَ قَالَ رَسُولُ اللَّهِ صلى الله عليه وسلم ‏\"‏ إِنَّ الرَّجُلَ لَيَعْمَلُ بِعَمَلِ أَهْلِ الْخَيْرِ سَبْعِينَ سَنَةً فَإِذَا أَوْصَى حَافَ فِي وَصِيَّتِهِ فَيُخْتَمُ لَهُ بِشَرِّ عَمَلِهِ فَيَدْخُلُ النَّارَ وَإِنَّ الرَّجُلَ لَيَعْمَلُ بِعَمَلِ أَهْلِ الشَّرِّ سَبْعِينَ سَنَةً فَيَعْدِلُ فِي وَصِيَّتِهِ فَيُخْتَمُ لَهُ بِخَيْرِ عَمَلِهِ فَيَدْخُلُ الْجَنَّةَ ‏\"‏ ‏.‏ قَالَ أَبُو هُرَيْرَةَ وَاقْرَءُوا إِنْ شِئْتُمْ ‏{تِلْكَ حُدُودُ اللَّهِ}‏ إِلَى قَوْلِهِ {عَذَابٌ مُهِينٌ}‏",
      "english": {
        "narrator": "It was narrated from Abu Hurairah that the Messenger of Allah (ﷺ) said:",
        "text": "“A man may do the deeds of the people of goodness for seventy years, then when he makes his will, he is unjust in his will, so he ends (his life) with evil deeds and enters Hell. And a man may do the people of evil for seventy years, then he is just in his will, so he ends (his life) with good deeds and enters Paradise.”Abu Hurairah said: “Recite, if you wish: “These are the limits (set by) Allah (STW) up to His saying: 'a disgraceful torment'”"
      },
      "turkish": {
        "narrator": "It was narrated from Abu Hurairah that the Messenger of Allah (ﷺ) said:",
        "text": "Ebu Hureyre'den rivayet edildiğine göre, Allah’ın Resulü (ﷺ) şöyle buyurdu: “Bir adam yetmiş yıl boyunca iyilik yapan işlerde bulunabilir, sonra vasiyetini yaptığında, vasiyetinde haksızlık ederse, kötü amellerle hayatını tamamlar ve cehenneme girer. Ve bir adam yetmiş yıl boyunca kötülük yapan işlerde bulunabilir, sonra vasiyetinde adil olursa, iyi amellerle hayatını tamamlar ve cennete girer.” Ebu Hureyre dedi ki: “İsterseniz okuyun: “İşte bunlar, Allah (SWT) tarafından belirlenen sınırlardır” diyerek 'rezil bir azap' ifadesine kadar.”"
      }
    },
    {
      "id": 11,
      "idInBook": 11,
      "chapterId": 22,
      "bookId": 6,
      "arabic": "حَدَّثَنَا يَحْيَى بْنُ عُثْمَانَ بْنِ سَعِيدِ بْنِ كَثِيرِ بْنِ دِينَارٍ الْحِمْصِيُّ، حَدَّثَنَا بَقِيَّةُ، عَنْ أَبِي حَلْبَسٍ، عَنْ خُلَيْدِ بْنِ أَبِي خُلَيْدٍ، عَنْ مُعَاوِيَةَ بْنِ قُرَّةَ، عَنْ أَبِيهِ، قَالَ قَالَ رَسُولُ اللَّهِ صلى الله عليه وسلم ‏\n\"‏ مَنْ حَضَرَتْهُ الْوَفَاةُ فَأَوْصَى وَكَانَتْ وَصِيَّتُهُ عَلَى كِتَابِ اللَّهِ كَانَتْ كَفَّارَةً لِمَا تَرَكَ مِنْ زَكَاتِهِ فِي حَيَاتِهِ ‏\"‏ ‏.‏",
      "english": {
        "narrator": "It was narrated from Mu'awiyah bin Qurrah, from his father that the Messenger of Allah (ﷺ) said:",
        "text": "“Whoever makes a will as death approaches, and his will is in accordance with the book of Allah (SWT) it will be an expiation for whatever he did not pay of his Zakah during his lifetime.”"
      },
      "turkish": {
        "narrator": "It was narrated from Mu'awiyah bin Qurrah, from his father that the Messenger of Allah (ﷺ) said:",
        "text": "Muaviye bin Kurra'dan, babasından rivayet edildiğine göre, Allah’ın Resulü (ﷺ) şöyle buyurdu: “Ölüm yaklaşırken vasiyet yapan kimse, eğer vasiyeti Allah’ın kitabına (SWT) uygunsa, bu, hayatı boyunca ödemediği Zekat için bir kefaret olacaktır.”"
      }
    },
    {
      "id": 12,
      "idInBook": 12,
      "chapterId": 22,
      "bookId": 6,
      "arabic": "حَدَّثَنَا أَبُو بَكْرِ بْنُ أَبِي شَيْبَةَ، حَدَّثَنَا شَرِيكٌ، عَنْ عُمَارَةَ بْنِ الْقَعْقَاعِ، وَابْنِ، شُبْرُمَةَ عَنْ أَبِي زُرْعَةَ، عَنْ أَبِي هُرَيْرَةَ، قَالَ جَاءَ رَجُلٌ إِلَى النَّبِيِّ صلى الله عليه وسلم فَقَالَ يَا رَسُولَ اللَّهِ نَبِّئْنِي بِأَحَقِّ النَّاسِ مِنِّي بِحُسْنِ الصُّحْبَةِ فَقَالَ ‏\"‏ نَعَمْ وَأَبِيكَ لَتُنَبَّأَنَّ أُمُّكَ ‏\"‏ ‏.‏ قَالَ ثُمَّ مَنْ قَالَ ‏\"‏ ثُمَّ أُمُّكَ ‏\"‏ ‏.‏ قَالَ ثُمَّ مَنْ قَالَ ‏\"‏ ثُمَّ أُمُّكَ ‏\"‏ ‏.‏ قَالَ ثُمَّ مَنْ قَالَ ‏\"‏ ثُمَّ أَبُوكَ ‏\"‏ ‏.‏ قَالَ نَبِّئْنِي يَا رَسُولَ اللَّهِ عَنْ مَالِي كَيْفَ أَتَصَدَّقُ فِيهِ قَالَ ‏\"‏ نَعَمْ وَاللَّهِ لَتُنَبَّأَنَّ أَنْ تَصَدَّقَ وَأَنْتَ صَحِيحٌ شَحِيحٌ تَأْمُلُ الْعَيْشَ وَتَخَافُ الْفَقْرَ وَلاَ تُمْهِلْ حَتَّى إِذَا بَلَغَتْ نَفْسُكَ هَاهُنَا قُلْتَ مَالِي لِفُلاَنٍ وَمَالِي لِفُلاَنٍ وَهُوَ لَهُمْ وَإِنْ كَرِهْتَ ‏\"‏ ‏.‏",
      "english": {
        "narrator": "It was narrated that Abu Hurairah said:",
        "text": "“A man came to the Prophet (ﷺ) and said: “O Messenger of Allah (ﷺ), tell me, which of the people has most right to my good companionship?' He said: 'Yes, by your father, you will certainly be told.' He said: 'Your mother,' He said: 'Then who?' He said: Then your mother.' He said: 'Then who?' He said: Then your mother.' He said: 'Then who?' He said: Then your father.' He said: 'Tell me, O Messenger of Allah (ﷺ) about my wealth- how should I give in charity?' He said: 'Yes, by Allah (SWT) you will certainly be told. You should give in charity when you are still healthy and greedy for wealth, hoping for a long life and fearing poverty. Do not tarry until your soul reaches here and you say: “My wealth of for so-and-so,” and “My wealth of for so-and-so,” and it will be for them even though you dislike that.'”"
      },
      "turkish": {
        "narrator": "It was narrated that Abu Hurairah said:",
        "text": "Ebu Hureyre şöyle dedi: “Bir adam Peygamber (ﷺ)'e geldi ve dedi ki: “Ey Allah’ın Resulü (ﷺ), bana söyle, insanların hangisi benim iyi arkadaşlığım için en çok hak sahibidir?” O da: “Evet, baban üzerine, kesinlikle sana söylenecektir.” dedi. Adam: “Annen,” dedi. O: “Sonra kim?” dedi. Adam: “Sonra annen.” dedi. O: “Sonra kim?” dedi. Adam: “Sonra annen.” dedi. O: “Sonra kim?” dedi. Adam: “Sonra baban.” dedi. Adam: “Bana söyle, ey Allah’ın Resulü (ﷺ), malımdan nasıl sadaka vermeliyim?” dedi. O: “Evet, Allah (SWT) üzerine, kesinlikle sana söylenecektir. Sağlıklı ve mala açken, uzun bir yaşam umarak ve yoksulluktan korkarak sadaka vermelisin. Ruhun buraya ulaştığında: 'Malım şu kişiye aittir,' ve 'Malım bu kişiye aittir,' dediğinde, bu onlara ait olacaktır, sen istemesen bile.”"
      }
    },
    {
      "id": 13,
      "idInBook": 13,
      "chapterId": 22,
      "bookId": 6,
      "arabic": "حَدَّثَنَا أَبُو بَكْرِ بْنُ أَبِي شَيْبَةَ، حَدَّثَنَا يَزِيدُ بْنُ هَارُونَ، أَنْبَأَنَا حَرِيزُ بْنُ عُثْمَانَ، حَدَّثَنِي عَبْدُ الرَّحْمَنِ بْنُ مَيْسَرَةَ، عَنْ جُبَيْرِ بْنِ نُفَيْرٍ، عَنْ بُسْرِ بْنِ جَحَّاشٍ الْقُرَشِيِّ، قَالَ بَزَقَ النَّبِيُّ صلى الله عليه وسلم فِي كَفِّهِ ثُمَّ وَضَعَ أَصْبُعَهُ السَّبَّابَةَ وَقَالَ ‏\n\"‏ يَقُولُ اللَّهُ عَزَّ وَجَلَّ أَنَّى تُعْجِزُنِي ابْنَ آدَمَ وَقَدْ خَلَقْتُكَ مِنْ مِثْلِ هَذِهِ فَإِذَا بَلَغَتْ نَفْسُكَ هَذِهِ - وَأَشَارَ إِلَى حَلْقِهِ - قُلْتَ أَتَصَدَّقُ وَأَنَّى أَوَانُ الصَّدَقَةِ ‏\"‏ ‏.‏",
      "english": {
        "narrator": "It was narrated that Busr bin Jahhash Al-Quraishi that :",
        "text": "the Prophet (ﷺ) spat in his palm then pointed to it with his index finger and said: “Allah (SWT) says: 'Do you think you can escape from My punishment, O son of Adam, when I have created you from something like this? When your soul reaches here' - and (the Prophet (ﷺ)) pointed to his throat - 'You say: I give charity.' But it is too late for charity?”"
      },
      "turkish": {
        "narrator": "It was narrated that Busr bin Jahhash Al-Quraishi that :",
        "text": "Busr bin Cahhash Al-Kureyşi'den rivayet edildiğine göre, Peygamber (ﷺ) avucuna tükürdü, sonra işaret parmağıyla ona işaret etti ve dedi ki: “Allah (SWT) şöyle der: 'Benden kaçabileceğinizi mi sanıyorsunuz, ey Âdem oğlu, ben sizi bunun gibi bir şeyden yarattım? Ruhun buraya ulaştığında' - ve (Peygamber (ﷺ)) boğazına işaret etti - 'Sadaka veriyorum dersiniz.' Ama sadaka vermek için çok geçtir.”"
      }
    },
    {
      "id": 14,
      "idInBook": 14,
      "chapterId": 22,
      "bookId": 6,
      "arabic": "حَدَّثَنَا هِشَامُ بْنُ عَمَّارٍ، وَالْحُسَيْنُ بْنُ الْحَسَنِ الْمَرْوَزِيُّ، وَسَهْلٌ، قَالُوا حَدَّثَنَا سُفْيَانُ بْنُ عُيَيْنَةَ، عَنِ الزُّهْرِيِّ، عَنْ عَامِرِ بْنِ سَعْدٍ، عَنْ أَبِيهِ، قَالَ مَرِضْتُ عَامَ الْفَتْحِ حَتَّى أَشْفَيْتُ عَلَى الْمَوْتِ فَعَادَنِي رَسُولُ اللَّهِ صلى الله عليه وسلم فَقُلْتُ أَىْ رَسُولَ اللَّهِ إِنَّ لِي مَالاً كَثِيرًا وَلَيْسَ يَرِثُنِي إِلاَّ ابْنَتِي أَفَأَتَصَدَّقُ بِثُلُثَىْ مَالِي قَالَ ‏\"‏ لاَ ‏\"‏ ‏.‏ قُلْتُ فَالشَّطْرُ قَالَ ‏\"‏ لاَ ‏\"‏ ‏.‏ قُلْتُ فَالثُّلُثُ قَالَ ‏\"‏ الثُّلُثُ وَالثُّلُثُ كَثِيرٌ إِنَّكَ أَنْ تَتْرُكَ وَرَثَتَكَ أَغْنِيَاءَ خَيْرٌ مِنْ أَنْ تَتْرُكَهُمْ عَالَةً يَتَكَفَّفُونَ النَّاسَ ‏\"‏ ‏.‏",
      "english": {
        "narrator": "It was narrated from 'Amir bin Sa'd that his father said:",
        "text": "“I became sick during the year of the Conquest, and was at death's door. The Messenger of Allah (ﷺ) came to visit me and I said: 'O Messenger of Allah (ﷺ), I have a great deal of wealth and no one will inherit from me apart from my daughter. Can I give two thirds of my wealth in charity?' He said: 'No.' I said: 'Then half?' He said: 'No.' I said: 'One third?' He said: One third and one third is a lot. If you leave your heirs rich that is better than leaving them destitute and begging from people.”"
      },
      "turkish": {
        "narrator": "It was narrated from 'Amir bin Sa'd that his father said:",
        "text": "Amir bin Sa'd'dan, babasından rivayet edildiğine göre, şöyle dedi: “Fetih yılı hastalandım ve ölüm döşeğindeydim. Allah’ın Resulü (ﷺ) beni ziyarete geldi ve ben: 'Ey Allah’ın Resulü (ﷺ), benim büyük bir malım var ve mirasçım sadece kızım. Malımın üçte ikisini sadaka verebilir miyim?' dedim. O: 'Hayır.' dedi. Ben: 'O halde yarısını mı?' dedim. O: 'Hayır.' dedi. Ben: 'Üçte birini mi?' dedim. O: 'Üçte bir ve üçte bir çoktur. Eğer mirasçılarını zengin bırakırsan, onları yoksul ve insanlardan dilenir halde bırakmaktan daha iyidir.'”"
      }
    },
    {
      "id": 15,
      "idInBook": 15,
      "chapterId": 22,
      "bookId": 6,
      "arabic": "حَدَّثَنَا عَلِيُّ بْنُ مُحَمَّدٍ، حَدَّثَنَا وَكِيعٌ، عَنْ طَلْحَةَ بْنِ عَمْرٍو، عَنْ عَطَاءٍ، عَنْ أَبِي هُرَيْرَةَ، قَالَ قَالَ رَسُولُ اللَّهِ صلى الله عليه وسلم ‏\n\"‏ إِنَّ اللَّهَ تَصَدَّقَ عَلَيْكُمْ عِنْدَ وَفَاتِكُمْ بِثُلُثِ أَمْوَالِكُمْ زِيَادَةً لَكُمْ فِي أَعْمَالِكُمْ ‏\"‏ ‏.‏",
      "english": {
        "narrator": "It was narrated from Abu Hurairah that the Messenger of Allah (ﷺ) said:",
        "text": "“Allah (SWT) has been charitable with you over the disposal of one third of your wealth at the time of your death, so that you may be able to add to the record of your good deeds.”"
      },
      "turkish": {
        "narrator": "It was narrated from Abu Hurairah that the Messenger of Allah (ﷺ) said:",
        "text": "Ebu Hureyre'den rivayet edildiğine göre, Allah’ın Resulü (ﷺ) şöyle buyurdu: “Allah (SWT), ölüm anında malınızın üçte birinin tasarrufunda size cömert davranmıştır ki, böylece iyi amellerin kaydını artırabilesiniz.”"
      }
    },
    {
      "id": 16,
      "idInBook": 16,
      "chapterId": 22,
      "bookId": 6,
      "arabic": "حَدَّثَنَا صَالِحُ بْنُ مُحَمَّدِ بْنِ يَحْيَى بْنِ سَعِيدٍ الْقَطَّانِ، حَدَّثَنَا عُبَيْدُ اللَّهِ بْنُ مُوسَى، أَنْبَأَنَا مُبَارَكُ بْنُ حَسَّانَ، عَنْ نَافِعٍ، عَنِ ابْنِ عُمَرَ، قَالَ قَالَ رَسُولُ اللَّهِ صلى الله عليه وسلم ‏\n\"‏ يَا ابْنَ آدَمَ اثْنَتَانِ لَمْ تَكُنْ لَكَ وَاحِدَةٌ مِنْهُمَا جَعَلْتُ لَكَ نَصِيبًا مِنْ مَالِكَ حِينَ أَخَذْتُ بِكَظَمِكَ لأُطَهِّرَكَ بِهِ وَأُزَكِّيَكَ وَصَلاَةُ عِبَادِي عَلَيْكَ بَعْدَ انْقِضَاءِ أَجَلِكَ ‏\"‏ ‏.‏",
      "english": {
        "narrator": "It was narrated from Ibn Umar that the Messenger of Allah (ﷺ) said:",
        "text": "“(Allah says) O son of Adam! I have given you two things which you do not deserve (except by mercy of Allah (SWT)): I allow you to dispose of a share of your wealth when you are on your deathbed, in order to cleanse and purify you, and my slaves pray for you after your life is over.”"
      },
      "turkish": {
        "narrator": "It was narrated from Ibn Umar that the Messenger of Allah (ﷺ) said:",
        "text": "İbn Ömer'den rivayet edilmiştir ki, Allah'ın Resulü (ﷺ) şöyle buyurmuştur: “(Allah buyuruyor) Ey Âdem oğlu! Sana, sadece Allah'ın (SWT) merhametiyle hak ettiğin iki şey verdim: Ölüm döşeğinde iken malının bir kısmını tasfiye etmene izin veriyorum, böylece seni temizleyip arındırayım ve hayatın sona erdikten sonra kullarım senin için dua eder.”"
      }
    },
    {
      "id": 17,
      "idInBook": 17,
      "chapterId": 22,
      "bookId": 6,
      "arabic": "حَدَّثَنَا عَلِيُّ بْنُ مُحَمَّدٍ، حَدَّثَنَا وَكِيعٌ، عَنْ هِشَامِ بْنِ عُرْوَةَ، عَنْ أَبِيهِ، عَنِ ابْنِ عَبَّاسٍ، قَالَ وَدِدْتُ أَنَّ النَّاسَ، غَضُّوا مِنَ الثُّلُثِ إِلَى الرُّبُعِ لأَنَّ رَسُولَ اللَّهِ صلى الله عليه وسلم قَالَ ‏\n\"‏ الثُّلُثُ كَبِيرٌ - أَوْ كَثِيرٌ - ‏\"‏ ‏.‏",
      "english": {
        "narrator": "It was narrated that Ibn Abbas said:",
        "text": "“I would like the people to reduce (the will) from one third to one quarter, because the Messenger of Allah (ﷺ) said: 'One third is a lot.'”"
      },
      "turkish": {
        "narrator": "It was narrated that Ibn Abbas said:",
        "text": "İbn Abbas'tan rivayet edilmiştir ki: “İnsanların (vasiyeti) üçte birden, dörtte bire indirmelerini isterim, çünkü Allah'ın Resulü (ﷺ) şöyle demiştir: 'Üçte bir çoktur.'”"
      }
    },
    {
      "id": 18,
      "idInBook": 18,
      "chapterId": 22,
      "bookId": 6,
      "arabic": "حَدَّثَنَا أَبُو بَكْرِ بْنُ أَبِي شَيْبَةَ، حَدَّثَنَا يَزِيدُ بْنُ هَارُونَ، أَنْبَأَنَا سَعِيدُ بْنُ أَبِي عَرُوبَةَ، عَنْ قَتَادَةَ، عَنْ شَهْرِ بْنِ حَوْشَبٍ، عَنْ عَبْدِ الرَّحْمَنِ بْنِ غَنْمٍ، عَنْ عَمْرِو بْنِ خَارِجَةَ، أَنَّ النَّبِيَّ صلى الله عليه وسلم خَطَبَهُمْ وَهُوَ عَلَى رَاحِلَتِهِ وَإِنَّ رَاحِلَتَهُ لَتَقْصَعُ بِجِرَّتِهَا وَإِنَّ لُغَامَهَا لَيَسِيلُ بَيْنَ كَتِفَىَّ قَالَ ‏\"‏ إِنَّ اللَّهَ قَسَمَ لِكُلِّ وَارِثٍ نَصِيبَهُ مِنَ الْمِيرَاثِ فَلاَ يَجُوزُ لِوَارِثٍ وَصِيَّةٌ الْوَلَدُ لِلْفِرَاشِ وَلِلْعَاهِرِ الْحَجَرُ وَمَنِ ادَّعَى إِلَى غَيْرِ أَبِيهِ أَوْ تَوَلَّى غَيْرَ مَوَالِيهِ فَعَلَيْهِ لَعْنَةُ اللَّهِ وَالْمَلاَئِكَةِ وَالنَّاسِ أَجْمَعِينَ لاَ يُقْبَلُ مِنْهُ صَرْفٌ وَلاَ عَدْلٌ ‏\"‏ ‏.‏ أَوْ قَالَ ‏\"‏ عَدْلٌ وَلاَ صَرْفٌ ‏\"‏ ‏.‏",
      "english": {
        "narrator": "It was narrated from 'Amr bin Kharijah:",
        "text": "“The Prophet (ﷺ) addressed them when he was on his camel. His camel was chewing its cud and its saliva was dripping between my shoulders. He said: 'Allah (SWT) has allocated for each heir his share of the inheritance, so it is not permissible (to make) a bequest for an heir. The child belong to the bed and the adulterer gets the stone. Whoever claims to belong to someone other than his father, or (a freed slave) who claims that his Wala is for other than his Mavali, upon him will be the curse of Allah, the angels and all the people, and no charge nor equitable exchange will be accepted from him.” Or he said: “No equitable exchange nor change.”"
      },
      "turkish": {
        "narrator": "It was narrated from 'Amr bin Kharijah:",
        "text": "'Amr bin Kharijah'tan rivayet edilmiştir: “Peygamber (ﷺ) onlara, devenin üzerinde iken hitap etti. Devesi, yemini çiğniyordu ve tükürüğü omuzlarımın arasına damlıyordu. Şöyle dedi: 'Allah (SWT) her varise miras payını ayırmıştır, bu yüzden bir varis için vasiyet yapmak caiz değildir. Çocuk, yatağa aittir ve zina eden taşlanır. Başkasına ait olduğunu iddia eden veya (azatlı köle) kendi velayetinin başkasına ait olduğunu iddia edenin üzerine Allah'ın, meleklerin ve tüm insanların laneti olsun, ondan hiçbir borç veya eşit değişim kabul edilmeyecektir.' Ya da şöyle dedi: 'Ne eşit değişim ne de değişim.'”"
      }
    },
    {
      "id": 19,
      "idInBook": 19,
      "chapterId": 22,
      "bookId": 6,
      "arabic": "حَدَّثَنَا هِشَامُ بْنُ عَمَّارٍ، حَدَّثَنَا إِسْمَاعِيلُ بْنُ عَيَّاشٍ، حَدَّثَنَا شُرَحْبِيلُ بْنُ مُسْلِمٍ الْخَوْلاَنِيُّ، سَمِعْتُ أَبَا أُمَامَةَ الْبَاهِلِيَّ، يَقُولُ سَمِعْتُ رَسُولَ اللَّهِ صلى الله عليه وسلم يَقُولُ فِي خُطْبَتِهِ عَامَ حِجَّةِ الْوَدَاعِ ‏\n\"‏ إِنَّ اللَّهَ قَدْ أَعْطَى كُلَّ ذِي حَقٍّ حَقَّهُ فَلاَ وَصِيَّةَ لِوَارِثٍ ‏\"‏ ‏.‏",
      "english": {
        "narrator": "Shurahbil bin Muslim Al-Khawlani narrated from Abu Umamah Al-Bahili that the heard :",
        "text": "the Messenger of Allah (ﷺ) say in his sermon, during the year of the Farewell pilgrimage: “Allah (SWT) has given each person who has rights his rights, and there is no bequest for in heir.”"
      },
      "turkish": {
        "narrator": "Shurahbil bin Muslim Al-Khawlani narrated from Abu Umamah Al-Bahili that the heard :",
        "text": "Şurahbil bin Muslim Al-Khawlani, Abu Umamah Al-Bahili'den rivayet etmiştir ki, o, veda haccı yılına ait hutbesinde Allah'ın Resulü'nü (ﷺ) şöyle derken duydu: “Allah (SWT) her hak sahibine haklarını vermiştir ve bir varis için vasiyet yoktur.”"
      }
    },
    {
      "id": 20,
      "idInBook": 20,
      "chapterId": 22,
      "bookId": 6,
      "arabic": "حَدَّثَنَا هِشَامُ بْنُ عَمَّارٍ، حَدَّثَنَا مُحَمَّدُ بْنُ شُعَيْبِ بْنِ شَابُورَ، حَدَّثَنَا عَبْدُ الرَّحْمَنِ بْنُ يَزِيدَ بْنِ جَابِرٍ، عَنْ سَعِيدِ بْنِ أَبِي سَعِيدٍ، أَنَّهُ حَدَّثَهُ عَنْ أَنَسِ بْنِ مَالِكٍ، قَالَ إِنِّي لَتَحْتَ نَاقَةِ رَسُولِ اللَّهِ صلى الله عليه وسلم يَسِيلُ عَلَىَّ لُعَابُهَا فَسَمِعْتُهُ يَقُولُ ‏\n\"‏ إِنَّ اللَّهَ قَدْ أَعْطَى كُلَّ ذِي حَقٍّ حَقَّهُ أَلاَ لاَ وَصِيَّةَ لِوَارِثٍ ‏\"‏ ‏.‏",
      "english": {
        "narrator": "It was narrated that Anas bin Malik said:",
        "text": "“I was under the she-camel of the Messenger of Allah (ﷺ) and its saliva was dripping between my shoulders, and I heard him say: 'Allah (SWT) has given each person who has rights his rights, but there is no bequest for an heir.”"
      },
      "turkish": {
        "narrator": "It was narrated that Anas bin Malik said:",
        "text": "Anas bin Malik'ten rivayet edilmiştir ki: “Ben, Allah'ın Resulü'nün (ﷺ) dişi devesinin altında idim ve tükürüğü omuzlarımın arasına damlıyordu, onu şöyle derken duydum: 'Allah (SWT) her hak sahibine haklarını vermiştir, ama bir varis için vasiyet yoktur.'”"
      }
    },
    {
      "id": 21,
      "idInBook": 21,
      "chapterId": 22,
      "bookId": 6,
      "arabic": "حَدَّثَنَا عَلِيُّ بْنُ مُحَمَّدٍ، حَدَّثَنَا وَكِيعٌ، حَدَّثَنَا سُفْيَانُ، عَنْ أَبِي إِسْحَاقَ، عَنِ الْحَارِثِ، عَنْ عَلِيٍّ، قَالَ قَضَى رَسُولُ اللَّهِ صلى الله عليه وسلم بِالدَّيْنِ قَبْلَ الْوَصِيَّةِ وَأَنْتُمْ تَقْرَءُونَهَا ‏{مِنْ بَعْدِ وَصِيَّةٍ يُوصِي بِهَا أَوْ دَيْنٍ }‏ وَإِنَّ أَعْيَانَ بَنِي الأُمِّ لَيَتَوَارَثُونَ دُونَ بَنِي الْعَلاَّتِ ‏.‏",
      "english": {
        "narrator": "It was narrated that 'Ali said:",
        "text": "“The Messenger of Allah (ﷺ) ruled that the debts should be paid off before the execution of the will. You recite: '(The distribution in all cases is) after the payment of legacies he may have bequeathed or debts.' The sons of one mother (from the same father) inherit from one another, but not the sons from different mothers (but the same father).”"
      },
      "turkish": {
        "narrator": "It was narrated that 'Ali said:",
        "text": "Ali'den rivayet edilmiştir ki: “Allah'ın Resulü (ﷺ) borçların vasiyetin icrasından önce ödenmesi gerektiğine hükmetti. Sen şöyle oku: '(Dağıtım, vasiyetlerin ödenmesinden veya borçların ödenmesinden sonra yapılır).' Aynı anneden (aynı babadan) olan çocuklar birbirlerinden miras alır, ama farklı annelerden (ama aynı babadan) olan çocuklar miras almazlar.”"
      }
    },
    {
      "id": 22,
      "idInBook": 22,
      "chapterId": 22,
      "bookId": 6,
      "arabic": "حَدَّثَنَا أَبُو مَرْوَانَ، مُحَمَّدُ بْنُ عُثْمَانَ الْعُثْمَانِيُّ حَدَّثَنَا عَبْدُ الْعَزِيزِ بْنُ أَبِي حَازِمٍ، عَنِ الْعَلاَءِ بْنِ عَبْدِ الرَّحْمَنِ، عَنْ أَبِيهِ، عَنْ أَبِي هُرَيْرَةَ، أَنَّ رَجُلاً، سَأَلَ رَسُولَ اللَّهِ صلى الله عليه وسلم قَالَ إِنَّ أَبِي مَاتَ وَتَرَكَ مَالاً وَلَمْ يُوصِ فَهَلْ يُكَفِّرُ عَنْهُ أَنْ تَصَدَّقْتُ عَنْهُ قَالَ ‏\n\"‏ نَعَمْ ‏\"‏ ‏.‏",
      "english": {
        "narrator": "It was narrated from Abu Hurairah that a man asked the Messenger of Allah (ﷺ):",
        "text": "“My father died and left behind wealth, but he did not make a will. Will it expiate for him if I give charity on his behalf?” He said: “Yes.”"
      },
      "turkish": {
        "narrator": "It was narrated from Abu Hurairah that a man asked the Messenger of Allah (ﷺ):",
        "text": "Abu Hurairah'tan rivayet edilmiştir ki, bir adam Allah'ın Resulü'ne (ﷺ) sordu: “Babam öldü ve geride mal bıraktı, ama vasiyet yapmadı. Onun adına sadaka verirsem, bu onun için kefaret olur mu?” Resulullah (ﷺ) şöyle dedi: “Evet.”"
      }
    },
    {
      "id": 23,
      "idInBook": 23,
      "chapterId": 22,
      "bookId": 6,
      "arabic": "حَدَّثَنَا إِسْحَاقُ بْنُ مَنْصُورٍ، حَدَّثَنَا أَبُو أُسَامَةَ، عَنْ هِشَامِ بْنِ عُرْوَةَ، عَنْ أَبِيهِ، عَنْ عَائِشَةَ، أَنَّ رَجُلاً، أَتَى النَّبِيَّ صلى الله عليه وسلم فَقَالَ إِنَّ أُمِّي افْتُلِتَتْ نَفْسُهَا وَلَمْ تُوصِ وَإِنِّي أَظُنُّهَا لَوْ تَكَلَّمَتْ لَتَصَدَّقَتْ فَلَهَا أَجْرٌ إِنْ تَصَدَّقْتُ عَنْهَا وَلِيَ أَجْرٌ فَقَالَ ‏\n\"‏ نَعَمْ ‏\"‏ ‏.‏",
      "english": {
        "narrator": "It was narrated from Aishah that a man came to the Prophet (ﷺ) and said:",
        "text": "“My mother died unexpectedly and she had not made a will. I think that if she could have spoken, she would have given in charity. Will she have a reward if I give in charity on her behalf, and will I have a reward?” He said: “Yes.”"
      },
      "turkish": {
        "narrator": "It was narrated from Aishah that a man came to the Prophet (ﷺ) and said:",
        "text": "Aişe'den rivayet edilmiştir ki, bir adam Peygamber'e (ﷺ) geldi ve şöyle dedi: “Annem beklenmedik bir şekilde öldü ve vasiyet yapmamıştı. Eğer konuşabilseydi, sadaka vermesini isterdi. Onun adına sadaka verirsem, ona bir sevap olacak mı, bana da bir sevap olacak mı?” Resulullah (ﷺ) şöyle dedi: “Evet.”"
      }
    },
    {
      "id": 24,
      "idInBook": 24,
      "chapterId": 22,
      "bookId": 6,
      "arabic": "حَدَّثَنَا أَحْمَدُ بْنُ الأَزْهَرِ، حَدَّثَنَا رَوْحُ بْنُ عُبَادَةَ، حَدَّثَنَا حُسَيْنٌ الْمُعَلِّمُ، عَنْ عَمْرِو بْنِ شُعَيْبٍ، عَنْ أَبِيهِ، عَنْ جَدِّهِ، قَالَ جَاءَ رَجُلٌ إِلَى النَّبِيِّ صلى الله عليه وسلم فَقَالَ لاَ أَجِدُ شَيْئًا وَلَيْسَ لِي مَالٌ وَلِي يَتِيمٌ لَهُ مَالٌ قَالَ ‏\"‏ كُلْ مِنْ مَالِ يَتِيمِكَ غَيْرَ مُسْرِفٍ وَلاَ مُتَأَثِّلٍ مَالاً ‏\"‏ ‏.‏ قَالَ وَأَحْسِبُهُ قَالَ ‏\"‏ وَلاَ تَقِي مَالَكَ بِمَالِهِ ‏\"‏ ‏.‏",
      "english": {
        "narrator": "It was narrated from 'Amr bin Shu'aib from his father, that his a grandfather said:",
        "text": "“A man came to the Prophet (ﷺ) and said: 'I do not have anything and I have no wealth, but I have an orphan (under my care) who has wealth.” He said: “Eat from the wealth of your orphan, without being extravagant or use it for trade.” He (narrator) said: “And I think he said: 'Do not preserve your wealth using his instead.'”"
      },
      "turkish": {
        "narrator": "It was narrated from 'Amr bin Shu'aib from his father, that his a grandfather said:",
        "text": "'Amr bin Shu'aib, babasından, o da dedesinden rivayet etmiştir ki: “Bir adam Peygamber'e (ﷺ) geldi ve şöyle dedi: 'Hiçbir şeyim yok ve malım yok, ama bakmakta olduğum bir yetim var ve onun malı var.' Peygamber (ﷺ) şöyle dedi: 'Yetiminin malından ye, israf etmeden veya ticaret için kullanmadan.' O (rivayet eden) dedi ki: “Ve sanırım şöyle dedi: 'Malını onun malıyla koruma.'”"
      }
    }
  ],
  "chapter": {
    "id": 22,
    "bookId": 6,
    "arabic": "كتاب الوصايا",
    "english": "The Chapters on Wills"
  }
}