{"metadata":{"length":34,"arabic":{"title":"سنن ابن ماجه","author":"الإمام محمد بن يزيد بن ماجه القزويني","introduction":"كتاب الفرائض"},"english":{"title":"Sunan Ibn Majah","author":"Imam Muhammad ibn Yazid Ibn Majah al-Qazwini","introduction":"Chapters on Shares of Inheritance"}},"hadiths":[{"id":1,"idInBook":1,"chapterId":23,"bookId":6,"arabic":"حَدَّثَنَا إِبْرَاهِيمُ بْنُ الْمُنْذِرِ الْحِزَامِيُّ، حَدَّثَنَا حَفْصُ بْنُ عُمَرَ بْنِ أَبِي الْعَطَّافِ، حَدَّثَنَا أَبُو الزِّنَادِ، عَنِ الأَعْرَجِ، عَنْ أَبِي هُرَيْرَةَ، قَالَ قَالَ رَسُولُ اللَّهِ صلى الله عليه وسلم ‏\n\"‏ يَا أَبَا هُرَيْرَةَ تَعَلَّمُوا الْفَرَائِضَ وَعَلِّمُوهَا فَإِنَّهُ نِصْفُ الْعِلْمِ وَهُوَ يُنْسَى وَهُوَ أَوَّلُ شَىْءٍ يُنْتَزَعُ مِنْ أُمَّتِي ‏\"‏ ‏.‏","english":{"narrator":"It was\nnarrated from Abu Hurairah that the Messenger of Allah (ﷺ)\nsaid:","text":"“O\nAbu Hurairah. Learn about the inheritance and teach it, for\nit is\nhalf of knowledge, but it will be forgotten. This is the first\nthing\nthat will be taken away from my nation.’”"}},{"id":2,"idInBook":2,"chapterId":23,"bookId":6,"arabic":"حَدَّثَنَا مُحَمَّدُ بْنُ أَبِي عُمَرَ الْعَدَنِيُّ، حَدَّثَنَا سُفْيَانُ بْنُ عُيَيْنَةَ، عَنْ عَبْدِ اللَّهِ بْنِ مُحَمَّدِ بْنِ عَقِيلٍ، عَنْ جَابِرِ بْنِ عَبْدِ اللَّهِ، قَالَ جَاءَتِ امْرَأَةُ سَعْدِ بْنِ الرَّبِيعِ بِابْنَتَىْ سَعْدٍ إِلَى النَّبِيِّ صلى الله عليه وسلم فَقَالَتْ يَا رَسُولَ اللَّهِ هَاتَانِ ابْنَتَا سَعْدٍ قُتِلَ مَعَكَ يَوْمَ أُحُدٍ وَإِنَّ عَمَّهُمَا أَخَذَ جَمِيعَ مَا تَرَكَ أَبُوهُمَا وَإِنَّ الْمَرْأَةَ لاَ تُنْكَحُ إِلاَّ عَلَى مَالِهَا ‏.‏ فَسَكَتَ رَسُولُ اللَّهِ صلى الله عليه وسلم حَتَّى أُنْزِلَتْ آيَةُ الْمِيرَاثِ فَدَعَا رَسُولُ اللَّهِ صلى الله عليه وسلم أَخَا سَعْدِ بْنِ الرَّبِيعِ فَقَالَ ‏\n\"‏ أَعْطِ ابْنَتَىْ سَعْدٍ ثُلُثَىْ مَالِهِ وَأَعْطِ امْرَأَتَهُ الثُّمُنَ وَخُذْ أَنْتَ مَا بَقِيَ ‏\"‏ ‏.‏","english":{"narrator":"It was\nnarrated that Jabir bin ‘Abdullah said:","text":"“The wife of Sa’d bin\nRabi’ came with the two daughters of Sa’d to the Prophet (ﷺ)\nand\nsaid: ‘O Messenger of Allah, these are the two daughters of\nSa’d. He\nwas killed with you on the day of Uhud, and their paternal\nuncle has\ntaken all that their father left behind, and a woman is\nonly married\nfor her wealth.’ The Prophet (ﷺ) remained silent\nuntil the Verse of\ninheritance was revealed to him. Then the\nMessenger of Allah (ﷺ)\ncalled the brother of Sa’d bin Rabi’ and\nsaid: ‘Give the two daughters\nof Sa’d two thirds of his wealth,\nand give his wife on eighth, and\ntake what is left.’”"}},{"id":3,"idInBook":3,"chapterId":23,"bookId":6,"arabic":"حَدَّثَنَا عَلِيُّ بْنُ مُحَمَّدٍ، حَدَّثَنَا وَكِيعٌ، حَدَّثَنَا سُفْيَانُ، عَنْ أَبِي قَيْسٍ الأَوْدِيِّ، عَنِ الْهُزَيْلِ بْنِ شُرَحْبِيلَ، قَالَ جَاءَ رَجُلٌ إِلَى أَبِي مُوسَى الأَشْعَرِيِّ وَسَلْمَانَ بْنِ رَبِيعَةَ الْبَاهِلِيِّ فَسَأَلَهُمَا عَنِ ابْنَةٍ وَابْنَةِ ابْنٍ وَأُخْتٍ، لأَبٍ وَأُمٍّ فَقَالاَ لِلاِبْنَةِ النِّصْفُ وَمَا بَقِيَ فَلِلأُخْتِ وَائْتِ ابْنَ مَسْعُودٍ فَسَيُتَابِعُنَا ‏.‏ فَأَتَى الرَّجُلُ ابْنَ مَسْعُودٍ فَسَأَلَهُ وَأَخْبَرَهُ بِمَا قَالاَ فَقَالَ عَبْدُ اللَّهِ قَدْ ضَلَلْتُ إِذًا وَمَا أَنَا مِنَ الْمُهْتَدِينَ وَلَكِنِّي سَأَقْضِي بِمَا قَضَى بِهِ رَسُولُ اللَّهِ صلى الله عليه وسلم لِلاِبْنَةِ النِّصْفُ وَلاِبْنَةِ الاِبْنِ السُّدُسُ تَكْمِلَةَ الثُّلُثَيْنِ وَمَا بَقِيَ فَلِلأُخْتِ ‏.‏","english":{"narrator":"It was\nnarrated that Huzail bin Shurahbil said:","text":"“A man came to Abu\nMusa\nAl-Ash’ari and Salman bin Rabi’ah Al-Bahili and asked them about\n(the shares of) a daughter, a son’s daughter, a sister through\none’s\nfather and mother. They said: ‘The daughter gets one half,\nand what is\nleft goes to the sister. Go to Ibn Mas’ud, for he will\nconcur with\nwhat we say.’ So the man went to Ibn Mas’ud, and told\nhim what they\nhad said. ‘Abdullah said: ‘I will go astray and\nwill not be guided (if\nI say that I agree); but I will judge as the\nMessenger of Allah (ﷺ)\njudged. The daughter gets one half, and the\nson’s daughter gets one-\nsixth. That makes two thirds. And what is\nleft goes to the sister.’”"}},{"id":4,"idInBook":4,"chapterId":23,"bookId":6,"arabic":"حَدَّثَنَا أَبُو بَكْرِ بْنُ أَبِي شَيْبَةَ، حَدَّثَنَا شَبَابَةُ، حَدَّثَنَا يُونُسُ بْنُ أَبِي إِسْحَاقَ، عَنْ أَبِي إِسْحَاقَ، عَنْ عَمْرِو بْنِ مَيْمُونٍ، عَنْ مَعْقِلِ بْنِ يَسَارٍ الْمُزَنِيِّ، قَالَ سَمِعْتُ النَّبِيَّ صلى الله عليه وسلم أُتِيَ بِفَرِيضَةٍ فِيهَا جَدٌّ فَأَعْطَاهُ ثُلُثًا أَوْ سُدُسًا ‏.‏","english":{"narrator":"It was\nnarrated that Ma’qil bin Yasar Al-Muzani said:","text":"“I heard the\nProphet (ﷺ) when a case was brought to him which involved the share\nof a grandfather. He gave him one third, or one sixth.”"}},{"id":5,"idInBook":5,"chapterId":23,"bookId":6,"arabic":"قَالَ أَبُو الْحَسَنِ الْقَطَّانُ حَدَّثَنَا أَبُو حَاتِمٍ، حَدَّثَنَا ابْنُ الطَّبَّاعِ، حَدَّثَنَا هُشَيْمٌ، عَنْ يُونُسَ، عَنِ الْحَسَنِ، عَنْ مَعْقِلِ بْنِ يَسَارٍ، قَالَ قَضَى رَسُولُ اللَّهِ صلى الله عليه وسلم فِي جَدٍّ كَانَ فِينَا بِالسُّدُسِ ‏.‏","english":{"narrator":"It was\nnarrated that Ma’qil bin Yasar said:","text":"“The Messenger of Allah\n(ﷺ) ruled concerning a grandfather who was among us, that he should\nreceive one sixth.”"}},{"id":6,"idInBook":6,"chapterId":23,"bookId":6,"arabic":"حَدَّثَنَا أَحْمَدُ بْنُ عَمْرِو بْنِ السَّرْحِ الْمِصْرِيُّ، أَنْبَأَنَا عَبْدُ اللَّهِ بْنُ وَهْبٍ، أَنْبَأَنَا يُونُسُ، عَنِ ابْنِ شِهَابٍ، حَدَّثَهُ عَنْ قَبِيصَةَ بْنِ ذُؤَيْبٍ، ح وَحَدَّثَنَا سُوَيْدُ بْنُ سَعِيدٍ، حَدَّثَنَا مَالِكُ بْنُ أَنَسٍ، عَنِ ابْنِ شِهَابٍ، عَنْ عُثْمَانَ بْنِ إِسْحَاقَ بْنِ خَرَشَةَ، عَنِ ابْنِ ذُؤَيْبٍ، قَالَ جَاءَتِ الْجَدَّةُ إِلَى أَبِي بَكْرٍ الصِّدِّيقِ تَسْأَلُهُ مِيرَاثَهَا فَقَالَ لَهَا أَبُو بَكْرٍ مَا لَكِ فِي كِتَابِ اللَّهِ شَىْءٌ وَمَا عَلِمْتُ لَكِ فِي سُنَّةِ رَسُولِ اللَّهِ صلى الله عليه وسلم شَيْئًا فَارْجِعِي حَتَّى أَسْأَلَ النَّاسَ ‏.‏ فَسَأَلَ النَّاسَ فَقَالَ الْمُغِيرَةُ بْنُ شُعْبَةَ حَضَرْتُ رَسُولَ اللَّهِ صلى الله عليه وسلم أَعْطَاهَا السُّدُسَ فَقَالَ أَبُو بَكْرٍ هَلْ مَعَكَ غَيْرُكَ فَقَامَ مُحَمَّدُ بْنُ مَسْلَمَةَ الأَنْصَارِيُّ فَقَالَ مِثْلَ مَا قَالَ الْمُغِيرَةُ بْنُ شُعْبَةَ فَأَنْفَذَهُ لَهَا أَبُو بَكْرٍ ‏.‏ ثُمَّ جَاءَتِ الْجَدَّةُ الأُخْرَى مِنْ قِبَلِ الأَبِ إِلَى عُمَرَ تَسْأَلُهُ مِيرَاثَهَا فَقَالَ مَا لَكِ فِي كِتَابِ اللَّهِ شَىْءٌ وَمَا كَانَ الْقَضَاءُ الَّذِي قُضِيَ بِهِ إِلاَّ لِغَيْرِكِ وَمَا أَنَا بِزَائِدٍ فِي الْفَرَائِضِ شَيْئًا وَلَكِنْ هُوَ ذَاكِ السُّدُسُ فَإِنِ اجْتَمَعْتُمَا فِيهِ فَهُوَ بَيْنَكُمَا وَأَيَّتُكُمَا خَلَتْ بِهِ فَهُوَ لَهَا ‏.‏","english":{"narrator":"It was\nnarrated that Ibn Dhu’aib said:","text":"“A grandmother came to Abu Bakr\nSiddiq and asked him for her inheritance. Abu Bakr said to her: ‘You\nhave nothing according to the Book of Allah, and I don’t know of\nanything for you according to the Book of Allah, and I don’t know\nof anything for you according to the Sunnah of the Messenger of Allah\n(ﷺ). Go back until I ask the people.’ So he asked the people and\nAl-Mughirah bin Shu’bah said: ‘I was present with the Messenger\nof Allah (ﷺ) and he gave her (the grandmother) one sixth.’ Abu\nBakr said: ‘Is there anyone else with you (who will corroborate\nwhat you say)?’ Muhammad bin Maslamah Al-Ansari stood up and said\nsomething like what Mughirah bin Shu’bah had said. So Abu Bakr\napplied it in her case.”"}},{"id":7,"idInBook":7,"chapterId":23,"bookId":6,"arabic":"حَدَّثَنَا عَبْدُ الرَّحْمَنِ بْنُ عَبْدِ الْوَهَّابِ، حَدَّثَنَا سَلْمُ بْنُ قُتَيْبَةَ، عَنْ شَرِيكٍ، عَنْ لَيْثٍ، عَنْ طَاوُسٍ، عَنِ ابْنِ عَبَّاسٍ، أَنَّ رَسُولَ اللَّهِ صلى الله عليه وسلم وَرَّثَ جَدَّةً سُدُسًا ‏.‏","english":{"narrator":"","text":"It was\nnarrated from Ibn ‘Abbas that the Messenger of Allah (ﷺ)\ngave a\ngrandmother one sixth of the inheritance."}},{"id":8,"idInBook":8,"chapterId":23,"bookId":6,"arabic":"حَدَّثَنَا أَبُو بَكْرِ بْنُ أَبِي شَيْبَةَ، حَدَّثَنَا إِسْمَاعِيلُ ابْنُ عُلَيَّةَ، عَنْ سَعِيدٍ، عَنْ قَتَادَةَ، عَنْ سَالِمِ بْنِ أَبِي الْجَعْدِ، عَنْ مَعْدَانَ بْنِ أَبِي طَلْحَةَ الْيَعْمُرِيِّ، أَنَّ عُمَرَ بْنَ الْخَطَّابِ، قَامَ خَطِيبًا يَوْمَ الْجُمُعَةِ أَوْ خَطَبَهُمْ يَوْمَ الْجُمُعَةِ فَحَمِدَ اللَّهَ وَأَثْنَى عَلَيْهِ وَقَالَ إِنِّي وَاللَّهِ مَا أَدَعُ بَعْدِي شَيْئًا هُوَ أَهَمُّ إِلَىَّ مِنْ أَمْرِ الْكَلاَلَةِ وَقَدْ سَأَلْتُ رَسُولَ اللَّهِ صلى الله عليه وسلم فَمَا أَغْلَظَ لِي فِي شَىْءٍ مَا أَغْلَظَ لِي فِيهَا حَتَّى طَعَنَ بِإِصْبَعِهِ فِي جَنْبِي أَوْ فِي صَدْرِي ثُمَّ قَالَ ‏\n\"‏ يَا عُمَرُ تَكْفِيكَ آيَةُ الصَّيْفِ الَّتِي نَزَلَتْ فِي آخِرِ سُورَةِ النِّسَاءِ ‏\"‏ ‏.‏","english":{"narrator":"It was\nnarrated from Ma’dan bin Abu Talhah Al-Ya’muri that ‘Umar bin\nKhattab stood up to deliver a sermon one Friday, or he addressed them\none Friday. He praised and glorified Allah, and said:","text":"“By Allah, I\nam\nnot leaving behind any problem more difficult than the one who\nleaves\nbehind an heir. I asked the Messenger of Allah (ﷺ), and he\nnever\nspoke so harshly to me about anything as he spoke to me about\nthis. He\njabbed his finger into my side or my chest and said: ‘O\n‘Umar,\nsufficient for you is the Verse that was revealed in summer,\nat the\nend of Surat An-Nisa’.”"}},{"id":9,"idInBook":9,"chapterId":23,"bookId":6,"arabic":"حَدَّثَنَا عَلِيُّ بْنُ مُحَمَّدٍ، وَأَبُو بَكْرِ بْنُ أَبِي شَيْبَةَ قَالاَ حَدَّثَنَا وَكِيعٌ، حَدَّثَنَا سُفْيَانُ، حَدَّثَنَا عَمْرُو بْنُ مُرَّةَ، عَنْ مُرَّةَ بْنِ شَرَاحِيلَ، قَالَ قَالَ عُمَرُ بْنُ الْخَطَّابِ ثَلاَثٌ لأَنْ يَكُونَ رَسُولُ اللَّهِ صلى الله عليه وسلم بَيَّنَهُنَّ أَحَبُّ إِلَىَّ مِنَ الدُّنْيَا وَمَا فِيهَا الْكَلاَلَةُ وَالرِّبَا وَالْخِلاَفَةُ ‏.‏","english":{"narrator":"‘Umar\nbin Khattab said:","text":"“There are three things, if the Messenger of\nAllah (ﷺ) had clarified them, that would have been dearer to me\nthan\nthe world and everything in it: a person who leaves behind no\nheir,\nusury, and the caliphate.”"}},{"id":10,"idInBook":10,"chapterId":23,"bookId":6,"arabic":"حَدَّثَنَا هِشَامُ بْنُ عَمَّارٍ، حَدَّثَنَا سُفْيَانُ، عَنْ مُحَمَّدِ بْنِ الْمُنْكَدِرِ، سَمِعَ جَابِرَ بْنَ عَبْدِ اللَّهِ، يَقُولُ مَرِضْتُ فَأَتَانِي رَسُولُ اللَّهِ صلى الله عليه وسلم يَعُودُنِي هُوَ وَأَبُو بَكْرٍ مَعَهُ وَهُمَا مَاشِيَانِ وَقَدْ أُغْمِيَ عَلَىَّ فَتَوَضَّأَ رَسُولُ اللَّهِ صلى الله عليه وسلم فَصَبَّ عَلَىَّ مِنْ وَضُوئِهِ فَقُلْتُ يَا رَسُولَ اللَّهِ كَيْفَ أَصْنَعُ كَيْفَ أَقْضِي فِي مَالِي حَتَّى نَزَلَتْ آيَةُ الْمِيرَاثِ فِي آخِرِ النِّسَاءِ ‏{وَإِنْ كَانَ رَجُلٌ يُورَثُ كَلاَلَةً‏}‏ الآيَةَ وَ ‏{يَسْتَفْتُونَكَ قُلِ اللَّهُ يُفْتِيكُمْ فِي الْكَلاَلَةِ}‏ الآيَةَ ‏.‏","english":{"narrator":"It was\nnarrated from Muhammad bin Munkadir that he heard Jabir bin\n‘Abdullah\nsay:","text":"“I fell sick and the Messenger of Allah (ﷺ) came to\nvisit\nme, he and Abu Bakr with him, and they came walking. I had lost\nconsciousness, so the Messenger of Allah (ﷺ) performed ablution and\npoured some of the water of his ablution over me. I said: ‘O\nMessenger\nof Allah, what should I do? How should I decide about my\nwealth?’\nUntil the Verse of inheritance was revealed at the end of\nAn-Nisa’:\n“If the man or woman whose inheritance is in question\nhas left neither\nascendants or descendents.”  And: “They\nask you for a legal\nverdict. Say: ‘Allah directs (thus) about those\nwho leave neither\ndescendants nor ascendants as heirs.’” "}},{"id":11,"idInBook":11,"chapterId":23,"bookId":6,"arabic":"حَدَّثَنَا هِشَامُ بْنُ عَمَّارٍ، وَمُحَمَّدُ بْنُ الصَّبَّاحِ، قَالاَ حَدَّثَنَا سُفْيَانُ بْنُ عُيَيْنَةَ، عَنِ الزُّهْرِيِّ، عَنْ عَلِيِّ بْنِ الْحُسَيْنِ، عَنْ عَمْرِو بْنِ عُثْمَانَ، عَنْ أُسَامَةَ بْنِ زَيْدٍ، رَفَعَهُ إِلَى النَّبِيِّ صلى الله عليه وسلم قَالَ ‏\n\"‏ لاَ يَرِثُ الْمُسْلِمُ الْكَافِرَ وَلاَ الْكَافِرُ الْمُسْلِمَ ‏\"‏ ‏.‏","english":{"narrator":"It was\nnarrated from Usamah bin Zaid, who attributed it to the\nProphet\n(ﷺ):","text":"“The Muslim does not inherit from a disbeliever and the\ndisbeliever does not inherit from a Muslim.”"}},{"id":12,"idInBook":12,"chapterId":23,"bookId":6,"arabic":"حَدَّثَنَا أَحْمَدُ بْنُ عَمْرِو بْنِ السَّرْحِ، حَدَّثَنَا عَبْدُ اللَّهِ بْنُ وَهْبٍ، أَنْبَأَنَا يُونُسُ، عَنِ ابْنِ شِهَابٍ، عَنْ عَلِيِّ بْنِ الْحُسَيْنِ، أَنَّهُ حَدَّثَهُ أَنَّ عَمْرَو بْنَ عُثْمَانَ أَخْبَرَهُ عَنْ أُسَامَةَ بْنِ زَيْدٍ، أَنَّهُ قَالَ يَا رَسُولَ اللَّهِ أَتَنْزِلُ فِي دَارِكَ بِمَكَّةَ قَالَ ‏\"‏ وَهَلْ تَرَكَ لَنَا عَقِيلٌ مِنْ رِبَاعٍ أَوْ دُورٍ ‏\"‏ ‏.‏ وَكَانَ عَقِيلٌ وَرِثَ أَبَا طَالِبٍ هُوَ وَطَالِبٌ وَلَمْ يَرِثْ جَعْفَرٌ وَلاَ عَلِيٌّ شَيْئًا لأَنَّهُمَا كَانَا مُسْلِمَيْنِ وَكَانَ عَقِيلٌ وَطَالِبٌ كَافِرَيْنِ ‏.‏ فَكَانَ عُمَرُ مِنْ أَجْلِ ذَلِكَ يَقُولُ لاَ يَرِثُ الْمُؤْمِنُ الْكَافِرَ ‏.‏ \n وَقَالَ أُسَامَةُ قَالَ رَسُولُ اللَّهِ صلى الله عليه وسلم ‏\"‏ لاَ يَرِثُ الْمُسْلِمُ الْكَافِرَ وَلاَ الْكَافِرُ الْمُسْلِمَ ‏\"‏ ‏.‏","english":{"narrator":"It was\nnarrated from Usamah bin Zaid that he said:","text":"“O Messenger of Allah,\nwill you stay in your house in Makkah?” He said: “Has ‘Aqeel\nleft us any houses?”  'Aqeel had inherited Abu Talib along with Talib. Neither Ja'far nor 'Ali inherited anything because they had been Muslims, and 'Aqeel and Talib had been disbelievers. So on account of that, Omar would say the believer does not inherit from the disbeliever. And Usamah said: the Messenger of Allah (ﷺ) said \"The Muslim does not inherit from the disbeliever nor the disbeliever from the Muslim.\""}},{"id":13,"idInBook":13,"chapterId":23,"bookId":6,"arabic":"حَدَّثَنَا مُحَمَّدُ بْنُ رُمْحٍ، أَنْبَأَنَا ابْنُ لَهِيعَةَ، عَنْ خَالِدِ بْنِ يَزِيدَ، أَنَّ الْمُثَنَّى بْنَ الصَّبَّاحِ، أَخْبَرَهُ عَنْ عَمْرِو بْنِ شُعَيْبٍ، عَنْ أَبِيهِ، عَنْ جَدِّهِ، أَنَّ رَسُولَ اللَّهِ صلى الله عليه وسلم قَالَ ‏\n\"‏ لاَ يَتَوَارَثُ أَهْلُ مِلَّتَيْنِ ‏\"‏ ‏.‏","english":{"narrator":"It was\nnarrated from ‘Amr bin Shu’aib, from his father, from his\ngrandfather, that the Messenger of Allah (ﷺ) said:","text":"“People of two\ndifferent religions do not inherit from one another.”"}},{"id":14,"idInBook":14,"chapterId":23,"bookId":6,"arabic":"حَدَّثَنَا أَبُو بَكْرِ بْنُ أَبِي شَيْبَةَ، حَدَّثَنَا أَبُو أُسَامَةَ، حَدَّثَنَا حُسَيْنٌ الْمُعَلِّمُ، عَنْ عَمْرِو بْنِ شُعَيْبٍ، عَنْ أَبِيهِ، عَنْ جَدِّهِ، قَالَ تَزَوَّجَ رِئَابُ بْنُ حُذَيْفَةَ بْنِ سُعَيْدِ بْنِ سَهْمٍ أُمَّ وَائِلٍ بِنْتَ مَعْمَرٍ الْجُمَحِيَّةَ فَوَلَدَتْ لَهُ ثَلاَثَةً فَتُوُفِّيَتْ أُمُّهُمْ فَوَرِثَهَا بَنُوهَا رِبَاعًا وَوَلاَءَ مَوَالِيهَا فَخَرَجَ بِهِمْ عَمْرُو بْنُ الْعَاصِ مَعَهُ إِلَى الشَّامِ فَمَاتُوا فِي طَاعُونِ عَمْوَاسَ فَوَرِثَهُمْ عَمْرٌو وَكَانَ عَصَبَتَهُمْ فَلَمَّا رَجَعَ عَمْرُو بْنُ الْعَاصِ جَاءَ بَنُو مَعْمَرٍ يُخَاصِمُونَهُ فِي وَلاَءِ أُخْتِهِمْ إِلَى عُمَرَ فَقَالَ عُمَرُ أَقْضِي بَيْنَكُمْ بِمَا سَمِعْتُ مِنْ رَسُولِ اللَّهِ صلى الله عليه وسلم سَمِعْتُهُ يَقُولُ ‏\n\"‏ مَا أَحْرَزَ الْوَلَدُ أَوِ الْوَالِدُ فَهُوَ لِعَصَبَتِهِ مَنْ كَانَ ‏\"‏ ‏.‏ قَالَ فَقَضَى لَنَا بِهِ وَكَتَبَ لَنَا بِهِ كِتَابًا فِيهِ شَهَادَةُ عَبْدِ الرَّحْمَنِ بْنِ عَوْفٍ وَزَيْدِ بْنِ ثَابِتٍ وَآخَرَ حَتَّى إِذَا اسْتُخْلِفَ عَبْدُ الْمَلِكِ بْنُ مَرْوَانَ تُوُفِّيَ مَوْلًى لَهَا وَتَرَكَ أَلْفَىْ دِينَارٍ فَبَلَغَنِي أَنَّ ذَلِكَ الْقَضَاءَ قَدْ غُيِّرَ فَخَاصَمُوهُ إِلَى هِشَامِ بْنِ إِسْمَاعِيلَ فَرَفَعَنَا إِلَى عَبْدِ الْمَلِكِ فَأَتَيْنَاهُ بِكِتَابِ عُمَرَ فَقَالَ إِنْ كُنْتُ لأَرَى أَنَّ هَذَا مِنَ الْقَضَاءِ الَّذِي لاَ يُشَكُّ فِيهِ وَمَا كُنْتُ أَرَى أَنَّ أَمْرَ أَهْلِ الْمَدِينَةِ بَلَغَ هَذَا أَنْ يَشُكُّوا فِي هَذَا الْقَضَاءِ ‏.‏ فَقَضَى لَنَا بِهِ فَلَمْ نَزَلْ فِيهِ بَعْدُ ‏.‏","english":{"narrator":"It was\nnarrated from ‘Amr bin Shu’aib, from his father, that his\ngrandfather said:","text":"“Rabab bin Hudhaifah (bin Sa’eed) bin Sahm\nmarried\nUmm Wa’il bint Ma’mar Al-Jumahiyyah, and she bore him\nthree sons.\nTheir mother died and her sons inherited her houses and\nthe Wala’ of\nher freed slaves. ‘Amr bin ‘As took them out to\nSham, and they died of\nthe plague of ‘Amwas. ‘Amr inherited from\nthem, and he was their\n‘Asabah.* When ‘Amr came back, Banu Ma’mar\ncame to him and they\nreferred their dispute with him concerning the\nWala’ of their sister\nto ‘Umar. ‘Umar said: ‘I will judge\nbetween you according to what I\nheard from the Messenger of Allah\n(ﷺ). I heard him say: “What the\nson or father acquires goes to\nhis. ‘Asabah, no matter who they are.’”\nSo he ruled in our\nfavour and wrote a document to that effect, in\nwhich was the\ntestimony of ‘Abdur-Rahman bin ‘Awf, Zaid bin Thabit and\nsomeone\nelse. Then when ‘Abdul-Malik bin Marwan was appointed caliph,\na\nfreed slave of hers (Umm Wa’il’s) died, leaving behind two\nthousand\nDinar. I heard that that ruling had been changed, so they\nreferred the\ndispute to Hisham bin Isma’il. We referred the matter\nto ‘Abdul-Malik,\nand brought him the document of ‘Umar. He said:\n‘I thought that this\nwas a ruling concerning which there was no\ndoubt. I never thought that\nthe people of Al-Madinah would reach such\na state that they would\ndoubt this ruling. So he ruled in our favour,\nand it remained like\nthat afterwards.”"}},{"id":15,"idInBook":15,"chapterId":23,"bookId":6,"arabic":"حَدَّثَنَا أَبُو بَكْرِ بْنُ أَبِي شَيْبَةَ، وَعَلِيُّ بْنُ مُحَمَّدٍ، قَالاَ حَدَّثَنَا وَكِيعٌ، حَدَّثَنَا سُفْيَانُ، عَنْ عَبْدِ الرَّحْمَنِ بْنِ الأَصْبَهَانِيِّ، عَنْ مُجَاهِدِ بْنِ وَرْدَانَ، عَنْ عُرْوَةَ بْنِ الزُّبَيْرِ، عَنْ عَائِشَةَ، أَنَّ مَوْلًى، لِلنَّبِيِّ صلى الله عليه وسلم وَقَعَ مِنْ نَخْلَةٍ فَمَاتَ وَتَرَكَ مَالاً وَلَمْ يَتْرُكْ وَلَدًا وَلاَ حَمِيمًا فَقَالَ النَّبِيُّ صلى الله عليه وسلم ‏\n\"‏ أَعْطُوا مِيرَاثَهُ رَجُلاً مِنْ أَهْلِ قَرْيَتِهِ ‏\"‏ ‏.‏","english":{"narrator":"It was\nnarrated from ‘Aishah that the freed slave of the Prophet\n(ﷺ)\nfell from a palm tree and died. He left behind wealth but he had\nno\nchild or close relative. The Prophet (ﷺ) said:","text":"“Give his legacy\nto a man from his village.”"}},{"id":16,"idInBook":16,"chapterId":23,"bookId":6,"arabic":"حَدَّثَنَا أَبُو بَكْرِ بْنُ أَبِي شَيْبَةَ، حَدَّثَنَا حُسَيْنُ بْنُ عَلِيٍّ، عَنْ زَائِدَةَ، عَنْ مُحَمَّدِ بْنِ عَبْدِ الرَّحْمَنِ بْنِ أَبِي لَيْلَى، عَنِ الْحَكَمِ، عَنْ عَبْدِ اللَّهِ بْنِ شَدَّادٍ، عَنْ بِنْتِ حَمْزَةَ، - قَالَ مُحَمَّدٌ يَعْنِي ابْنَ أَبِي لَيْلَى وَهِيَ أُخْتُ ابْنِ شَدَّادٍ لأُمِّهِ - قَالَتْ مَاتَ مَوْلاَىَ وَتَرَكَ ابْنَةً فَقَسَمَ رَسُولُ اللَّهِ صلى الله عليه وسلم مَالَهُ بَيْنِي وَبَيْنَ ابْنَتِهِ فَجَعَلَ لِيَ النِّصْفَ وَلَهَا النِّصْفَ ‏.‏","english":{"narrator":"It was\nnarrated that the daughter of Hamzah said:","text":"“My freed slave\ndied,\nleaving behind a daughter. The Messenger of Allah (ﷺ) divided\nhis\nwealth between myself and his daughter, giving me half and her\nhalf.”"}},{"id":17,"idInBook":17,"chapterId":23,"bookId":6,"arabic":"حَدَّثَنَا مُحَمَّدُ بْنُ رُمْحٍ، أَنْبَأَنَا اللَّيْثُ بْنُ سَعْدٍ، عَنْ إِسْحَاقَ بْنِ أَبِي فَرْوَةَ، عَنِ ابْنِ شِهَابٍ، عَنْ حُمَيْدِ بْنِ عَبْدِ الرَّحْمَنِ بْنِ عَوْفٍ، عَنْ أَبِي هُرَيْرَةَ، عَنْ رَسُولِ اللَّهِ صلى الله عليه وسلم أَنَّهُ قَالَ ‏\n\"‏ الْقَاتِلُ لاَ يَرِثُ ‏\"‏ ‏.‏","english":{"narrator":"It was\nnarrated from Abu Hurairah that the Messenger of Allah (ﷺ)\nsaid:","text":"“The killer does not inherit.”"}},{"id":18,"idInBook":18,"chapterId":23,"bookId":6,"arabic":"حَدَّثَنَا عَلِيُّ بْنُ مُحَمَّدٍ، وَمُحَمَّدُ بْنُ يَحْيَى، قَالاَ حَدَّثَنَا عُبَيْدُ اللَّهِ بْنُ مُوسَى، عَنِ الْحَسَنِ بْنِ صَالِحٍ، عَنْ مُحَمَّدِ بْنِ سَعِيدٍ، - وَقَالَ مُحَمَّدُ بْنُ يَحْيَى عَنْ عُمَرَ بْنِ سَعِيدٍ، - عَنْ عَمْرِو بْنِ شُعَيْبٍ، حَدَّثَنِي أَبِي، عَنْ جَدِّي عَبْدِ اللَّهِ بْنِ عَمْرٍو، أَنَّ رَسُولَ اللَّهِ صلى الله عليه وسلم قَامَ يَوْمَ فَتْحِ مَكَّةَ فَقَالَ ‏\n\"‏ الْمَرْأَةُ تَرِثُ مِنْ دِيَةِ زَوْجِهَا وَمَالِهِ وَهُوَ يَرِثُ مِنْ دِيَتِهَا وَمَالِهَا مَا لَمْ يَقْتُلْ أَحَدُهُمَا صَاحِبَهُ فَإِذَا قَتَلَ أَحَدُهُمَا صَاحِبَهُ عَمْدًا لَمْ يَرِثْ مِنْ دِيَتِهِ وَمَالِهِ شَيْئًا وَإِنْ قَتَلَ أَحَدُهُمَا صَاحِبَهُ خَطَأً وَرِثَ مِنْ مَالِهِ وَلَمْ يَرِثْ مِنْ دِيَتِهِ ‏\"‏ ‏.‏","english":{"narrator":"It was\nnarrated from ‘Abdullah bin ‘Amr that the Messenger of Allah\n(ﷺ) stood up, on the day of the conquest of Makkah, and said:","text":"“A\nwoman inherits from the blood money and wealth of her husband, and he\ninherits from her blood money and wealth, so long as one of them did\nnot kill the other. If one of them killed the other deliberately,\nthen\nhe or she inherits nothing from the blood money or wealth. If\none of\nthem killed the other by mistake, he or she inherits from the\nother’s\nwealth, but not from the blood money.”"}},{"id":19,"idInBook":19,"chapterId":23,"bookId":6,"arabic":"حَدَّثَنَا أَبُو بَكْرِ بْنُ أَبِي شَيْبَةَ، وَعَلِيُّ بْنُ مُحَمَّدٍ، قَالاَ حَدَّثَنَا وَكِيعٌ، عَنْ سُفْيَانَ، عَنْ عَبْدِ الرَّحْمَنِ بْنِ الْحَارِثِ بْنِ عَيَّاشِ بْنِ أَبِي رَبِيعَةَ الزُّرَقِيِّ، عَنْ حَكِيمِ بْنِ حَكِيمِ بْنِ عَبَّادِ بْنِ حُنَيْفٍ الأَنْصَارِيِّ، عَنْ أَبِي أُمَامَةَ بْنِ سَهْلِ بْنِ حُنَيْفٍ، أَنَّ رَجُلاً، رَمَى رَجُلاً بِسَهْمٍ فَقَتَلَهُ وَلَيْسَ لَهُ وَارِثٌ إِلاَّ خَالٌ فَكَتَبَ فِي ذَلِكَ أَبُو عُبَيْدَةَ بْنُ الْجَرَّاحِ إِلَى عُمَرَ فَكَتَبَ إِلَيْهِ عُمَرُ أَنَّ النَّبِيَّ صلى الله عليه وسلم قَالَ ‏\n\"‏ اللَّهُ وَرَسُولُهُ مَوْلَى مَنْ لاَ مَوْلَى لَهُ وَالْخَالُ وَارِثُ مَنْ لاَ وَارِثَ لَهُ ‏\"‏ ‏.‏","english":{"narrator":"It was\nnarrated from Abu Umamah bin Sahl bin Hunaif that a man shot\nan arrow\nat another man and killed him, and he had no heir except a\nmaternal\nuncle. Abu ‘Ubaidah bin Jarrah wrote to ‘Umar about that, and\n‘Umar wrote back to him saying that the Prophet (ﷺ) said:","text":"“Allah\nand\nHis Messenger are the guardians of the one who has no guardian,\nand\nthe maternal uncle is the heir of one who has no other heir.”"}},{"id":20,"idInBook":20,"chapterId":23,"bookId":6,"arabic":"حَدَّثَنَا أَبُو بَكْرِ بْنُ أَبِي شَيْبَةَ، حَدَّثَنَا شَبَابَةُ، ح وَحَدَّثَنَا مُحَمَّدُ بْنُ الْوَلِيدِ، حَدَّثَنَا مُحَمَّدُ بْنُ جَعْفَرٍ، قَالاَ حَدَّثَنَا شُعْبَةُ، حَدَّثَنِي بُدَيْلُ بْنُ مَيْسَرَةَ الْعُقَيْلِيُّ، عَنْ عَلِيِّ بْنِ أَبِي طَلْحَةَ، عَنْ رَاشِدِ بْنِ سَعْدٍ، عَنْ أَبِي عَامِرٍ الْهَوْزَنِيِّ، عَنِ الْمِقْدَامِ أَبِي كَرِيمَةَ، - رَجُلٌ مِنْ أَهْلِ الشَّامِ مِنْ أَصْحَابِ رَسُولِ اللَّهِ صلى الله عليه وسلم قَالَ - قَالَ رَسُولُ اللَّهِ صلى الله عليه وسلم ‏\n\"‏ مَنْ تَرَكَ مَالاً فَلِوَرَثَتِهِ وَمَنْ تَرَكَ كَلاًّ فَإِلَيْنَا - وَرُبَّمَا قَالَ فَإِلَى اللَّهِ وَإِلَى رَسُولِهِ - وَأَنَا وَارِثُ مَنْ لاَ وَارِثَ لَهُ أَعْقِلُ عَنْهُ وَأَرِثُهُ وَالْخَالُ وَارِثُ مَنْ لاَ وَارِثَ لَهُ يَعْقِلُ عَنْهُ وَيَرِثُهُ ‏\"‏ ‏.‏","english":{"narrator":"It was\nnarrated from Miqdam Abu Karimah, a man from Sham who was one\nof the\nCompanions of the Messenger of Allah (ﷺ), that the Messenger\nof\nAllah (ﷺ) said:","text":"“Whoever leaves behind wealth, it is for his\nheirs. Whoever leaves behind poor dependents and a debt, it is for us\nto take care of – or he said: ‘It is for Allah and His Messenger\n(to\ntake care of) – I am the heir of the one who has no heir, I\nwill pay\nthe blood money on his behalf and inherit from him. And the\nmaternal\nuncle is the heir of the one who has no heir, he pays blood\nmoney on\nhis behalf and inherits from him.”"}},{"id":21,"idInBook":21,"chapterId":23,"bookId":6,"arabic":"حَدَّثَنَا يَحْيَى بْنُ حَكِيمٍ، حَدَّثَنَا أَبُو بَحْرٍ الْبَكْرَاوِيُّ، حَدَّثَنَا إِسْرَائِيلُ، عَنْ أَبِي إِسْحَاقَ، عَنِ الْحَارِثِ، عَنْ عَلِيِّ بْنِ أَبِي طَالِبٍ، قَالَ قَضَى رَسُولُ اللَّهِ صلى الله عليه وسلم أَنَّ أَعْيَانَ بَنِي الأُمِّ يَتَوَارَثُونَ دُونَ بَنِي الْعَلاَّتِ يَرِثُ الرَّجُلُ أَخَاهُ لأَبِيهِ وَأُمِّهِ دُونَ إِخْوَتِهِ لأَبِيهِ ‏.‏","english":{"narrator":"It was\nnarrated that ‘Ali bin Abu Talib said:","text":"“The Messenger of Allah\n(ﷺ) ruled that the sons from the same mother inherit from one\nanother, but not sons from different mothers. A man inherits from his\nfull brother from the same father and mother, but not his brothers\nfrom his father.”"}},{"id":22,"idInBook":22,"chapterId":23,"bookId":6,"arabic":"حَدَّثَنَا الْعَبَّاسُ بْنُ عَبْدِ الْعَظِيمِ الْعَنْبَرِيُّ، حَدَّثَنَا عَبْدُ الرَّزَّاقِ، أَنْبَأَنَا مَعْمَرٌ، عَنِ ابْنِ طَاوُسٍ، عَنْ أَبِيهِ، عَنِ ابْنِ عَبَّاسٍ، قَالَ قَالَ رَسُولُ اللَّهِ صلى الله عليه وسلم ‏\n\"‏ اقْسِمُوا الْمَالَ بَيْنَ أَهْلِ الْفَرَائِضِ عَلَى كِتَابِ اللَّهِ فَمَا تَرَكَتِ الْفَرَائِضُ فَلأَوْلَى رَجُلٍ ذَكَرٍ ‏\"‏ ‏.‏","english":{"narrator":"It was\nnarrated that Ibn ‘Abbas said:","text":"“The Messenger of Allah (ﷺ)\nsaid: ‘Distribute wealth among those who are entitled to shares of\ninheritance, according to the Book of Allah, then whatever is left\nover goes to the nearest male relative.’”"}},{"id":23,"idInBook":23,"chapterId":23,"bookId":6,"arabic":"حَدَّثَنَا إِسْمَاعِيلُ بْنُ مُوسَى، حَدَّثَنَا سُفْيَانُ بْنُ عُيَيْنَةَ، عَنْ عَمْرِو بْنِ دِينَارٍ، عَنْ عَوْسَجَةَ، عَنِ ابْنِ عَبَّاسٍ، قَالَ مَاتَ رَجُلٌ عَلَى عَهْدِ رَسُولِ اللَّهِ صلى الله عليه وسلم وَلَمْ يَدَعْ لَهُ وَارِثًا إِلاَّ عَبْدًا هُوَ أَعْتَقَهُ فَدَفَعَ النَّبِيُّ صلى الله عليه وسلم مِيرَاثَهُ إِلَيْهِ ‏.‏","english":{"narrator":"It was\nnarrated that Ibn ‘Abbas said:","text":"“A man died at the time of the\nMessenger of Allah (ﷺ), and he left no heir except for a slave whom\nhe had set free. The Messenger of Allah (ﷺ) gave the legacy to\nhim.”"}},{"id":24,"idInBook":24,"chapterId":23,"bookId":6,"arabic":"حَدَّثَنَا هِشَامُ بْنُ عَمَّارٍ، حَدَّثَنَا مُحَمَّدُ بْنُ حَرْبٍ، حَدَّثَنَا عُمَرُ بْنُ رُؤْبَةَ التَّغْلِبِيُّ، عَنْ عَبْدِ الْوَاحِدِ بْنِ عَبْدِ اللَّهِ النَّصْرِيِّ، عَنْ وَاثِلَةَ بْنِ الأَسْقَعِ، عَنِ النَّبِيِّ صلى الله عليه وسلم قَالَ ‏\n\"‏ الْمَرْأَةُ تَحُوزُ ثَلاَثَ مَوَارِيثَ عَتِيقِهَا وَلَقِيطِهَا وَوَلَدِهَا الَّذِي لاَعَنَتْ عَلَيْهِ ‏\"‏ ‏.‏ قَالَ مُحَمَّدُ بْنُ يَزِيدَ مَا رَوَى هَذَا الْحَدِيثَ غَيْرُ هِشَامٍ ‏.‏","english":{"narrator":"It was\nnarrated from Wathilah bin Asqa’ that the Prophet (ﷺ) said:","text":"“A\nwoman may get three types of inheritance: From her freed slave\nwoman,\na foundling whom she raised, and her child concerning whom she\nswore\nin Li’an that he was legitimate.”"}},{"id":25,"idInBook":25,"chapterId":23,"bookId":6,"arabic":"حَدَّثَنَا أَبُو بَكْرِ بْنُ أَبِي شَيْبَةَ، حَدَّثَنَا زَيْدُ بْنُ الْحُبَابِ، عَنْ مُوسَى بْنِ عُبَيْدَةَ، حَدَّثَنِي يَحْيَى بْنُ حَرْبٍ، عَنْ سَعِيدِ بْنِ أَبِي سَعِيدٍ الْمَقْبُرِيِّ، عَنْ أَبِي هُرَيْرَةَ، قَالَ لَمَّا نَزَلَتْ آيَةُ اللِّعَانِ قَالَ رَسُولُ اللَّهِ صلى الله عليه وسلم ‏\n\"‏ أَيُّمَا امْرَأَةٍ أَلْحَقَتْ بِقَوْمٍ مَنْ لَيْسَ مِنْهُمْ فَلَيْسَتْ مِنَ اللَّهِ فِي شَىْءٍ وَلَنْ يُدْخِلَهَا جَنَّتَهُ وَأَيُّمَا رَجُلٍ أَنْكَرَ وَلَدَهُ وَقَدْ عَرَفَهُ احْتَجَبَ اللَّهُ مِنْهُ يَوْمَ الْقِيَامَةِ وَفَضَحَهُ عَلَى رُءُوسِ الأَشْهَادِ ‏\"‏ ‏.‏","english":{"narrator":"It was\nnarrated that Abu Hurairah said:","text":"“Then the Verse of Li’an was\nrevealed, the Messenger of Allah (ﷺ) said: ‘Any woman who\nattributed\nher child to people to whom he does not belong, then she\nhas no\nrelation to (the religion of) Allah, and she will never enter\nParadise, and any man who rejects his child, while he recognizes him,\nAllah will screen Himself from him on the Day of Resurrection and\ndisgrace him before the witnesses.’”"}},{"id":26,"idInBook":26,"chapterId":23,"bookId":6,"arabic":"حَدَّثَنَا مُحَمَّدُ بْنُ يَحْيَى، حَدَّثَنَا عَبْدُ الْعَزِيزِ بْنُ عَبْدِ اللَّهِ، حَدَّثَنَا سُلَيْمَانُ بْنُ بِلاَلٍ، عَنْ يَحْيَى بْنِ سَعِيدٍ، عَنْ عَمْرِو بْنِ شُعَيْبٍ، عَنْ أَبِيهِ، عَنْ جَدِّهِ، أَنَّ النَّبِيَّ صلى الله عليه وسلم قَالَ ‏\n\"‏ كُفْرٌ بِامْرِئٍ ادِّعَاءُ نَسَبٍ لاَ يَعْرِفُهُ أَوْ جَحْدُهُ وَإِنْ دَقَّ ‏\"‏ ‏.‏","english":{"narrator":"It was\nnarrated from ‘Amr bin Shu’aib, from his father, from his\ngrandfather, that the Prophet (ﷺ) said:","text":"“It is disbelief for a\nman\nto attribute himself to someone other than his father knowingly,\nor to\ndeny his connection to his father, even subtly.”*"}},{"id":27,"idInBook":27,"chapterId":23,"bookId":6,"arabic":"حَدَّثَنَا أَبُو كُرَيْبٍ، حَدَّثَنَا يَحْيَى بْنُ الْيَمَانِ، عَنِ الْمُثَنَّى بْنِ الصَّبَّاحِ، عَنْ عَمْرِو بْنِ شُعَيْبٍ، عَنْ أَبِيهِ، عَنْ جَدِّهِ، قَالَ قَالَ رَسُولُ اللَّهِ صلى الله عليه وسلم ‏\n\"‏ مَنْ عَاهَرَ أَمَةً أَوْ حُرَّةً فَوَلَدُهُ وَلَدُ زِنًا لاَ يَرِثُ وَلاَ يُورَثُ ‏\"‏ ‏.‏","english":{"narrator":"It was\nnarrated from ‘Amr bin Shu’aib, from his father, from his\ngrandfather that the Messenger of Allah (ﷺ) said:","text":"“Whoever\ncommits\nadultery with a slave woman or a free woman, his child is\nillegitimate, and he cannot inherit from him or be inherited from\n(i.e., this child cannot inherit from him).”"}},{"id":28,"idInBook":28,"chapterId":23,"bookId":6,"arabic":"حَدَّثَنَا مُحَمَّدُ بْنُ يَحْيَى، حَدَّثَنَا مُحَمَّدُ بْنُ بَكَّارِ بْنِ بِلاَلٍ الدِّمَشْقِيُّ، أَنْبَأَنَا مُحَمَّدُ بْنُ رَاشِدٍ، عَنْ سُلَيْمَانَ بْنِ مُوسَى، عَنْ عَمْرِو بْنِ شُعَيْبٍ، عَنْ أَبِيهِ، عَنْ جَدِّهِ، أَنَّ رَسُولَ اللَّهِ صلى الله عليه وسلم قَالَ ‏\n\"‏ كُلُّ مُسْتَلْحَقٍ اسْتُلْحِقَ بَعْدَ أَبِيهِ الَّذِي يُدْعَى لَهُ ادَّعَاهُ وَرَثَتُهُ مِنْ بَعْدِهِ فَقَضَى أَنَّ مَنْ كَانَ مِنْ أَمَةٍ يَمْلِكُهَا يَوْمَ أَصَابَهَا فَقَدْ لَحِقَ بِمَنِ اسْتَلْحَقَهُ وَلَيْسَ لَهُ فِيمَا قُسِمَ قَبْلَهُ مِنَ الْمِيرَاثِ شَىْءٌ وَمَا أَدْرَكَ مِنْ مِيرَاثٍ لَمْ يُقْسَمْ فَلَهُ نَصِيبُهُ وَلاَ يَلْحَقُ إِذَا كَانَ أَبُوهُ الَّذِي يُدْعَى لَهُ أَنْكَرَهُ وَإِنْ كَانَ مِنْ أَمَةٍ لاَ يَمْلِكُهَا أَوْ مِنْ حُرَّةٍ عَاهَرَ بِهَا فَإِنَّهُ لاَ يَلْحَقُ وَلاَ يُورَثُ وَإِنْ كَانَ الَّذِي يُدْعَى لَهُ هُوَ ادَّعَاهُ فَهُوَ وَلَدُ زِنًا لأَهْلِ أُمِّهِ مَنْ كَانُوا حُرَّةً أَوْ أَمَةً ‏\"‏ ‏.‏ قَالَ مُحَمَّدُ بْنُ رَاشِدٍ يَعْنِي بِذَلِكَ مَا قُسِمَ فِي الْجَاهِلِيَّةِ قَبْلَ الإِسْلاَمِ ‏.‏","english":{"narrator":"It was\nnarrated from ‘Amr bin Shu’aib, from his father, from his\ngrandfather, that the Messenger of Allah (ﷺ) said:","text":"“Every child\nwho\nis attributed to his father after his father to whom he is\nattributed\nhas died, and his heirs attributed him to him after he\ndied, he ruled\nthat* whoever was born to a slave woman whom he owned\nat the time when\nhe had intercourse with her, he should be named\nafter the one to whom\nhe was attributed, but he has no share of any\ninheritance that was\ndistributed previously. Whatever inheritance he\nfinds has not yet been\ndistributed, he will have a share of it. But\nhe cannot be named after\nhis father if the man whom he claimed as his\nfather did not\nacknowledge him. If he as born to a slave woman whom\nhis father did\nnot own, or to a free woman with whom he committed\nadultery, then he\ncannot be named after him and he does not inherit\nfrom him, even if\nthe one whom he claims as his father acknowledges\nhim. So he is an\nillegitimate child who belongs to his mother’s\npeople, whoever they\nare, whether she is a free woman or a slave.”"}},{"id":29,"idInBook":29,"chapterId":23,"bookId":6,"arabic":"حَدَّثَنَا عَلِيُّ بْنُ مُحَمَّدٍ، حَدَّثَنَا وَكِيعٌ، حَدَّثَنَا شُعْبَةُ، وَسُفْيَانُ، عَنْ عَبْدِ اللَّهِ بْنِ دِينَارٍ، عَنِ ابْنِ عُمَرَ، قَالَ نَهَى رَسُولُ اللَّهِ صلى الله عليه وسلم عَنْ بَيْعِ الْوَلاَءِ وَعَنْ هِبَتِهِ ‏.‏","english":{"narrator":"It was\nnarrated that Ibn ‘Umar said:","text":"“The Messenger of Allah (ﷺ)\nforbade selling the right of inheritance or giving it away.”"}},{"id":30,"idInBook":30,"chapterId":23,"bookId":6,"arabic":"حَدَّثَنَا مُحَمَّدُ بْنُ عَبْدِ الْمَلِكِ بْنِ أَبِي الشَّوَارِبِ، حَدَّثَنَا يَحْيَى بْنُ سُلَيْمٍ الطَّائِفِيُّ، عَنْ عُبَيْدِ اللَّهِ بْنِ عُمَرَ، عَنْ نَافِعٍ، عَنِ ابْنِ عُمَرَ، قَالَ نَهَى رَسُولُ اللَّهِ صلى الله عليه وسلم عَنْ بَيْعِ الْوَلاَءِ وَعَنْ هِبَتِهِ ‏.‏","english":{"narrator":"It was\nnarrated that Ibn ‘Umar said:","text":"The Messenger of Allah (ﷺ)\nforbade\nselling the right of inheritance, or giving it as a gift."}},{"id":31,"idInBook":31,"chapterId":23,"bookId":6,"arabic":"حَدَّثَنَا مُحَمَّدُ بْنُ رُمْحٍ، أَنْبَأَنَا عَبْدُ اللَّهِ بْنُ لَهِيعَةَ، عَنْ عُقَيْلٍ، أَنَّهُ سَمِعَ نَافِعًا، يُخْبِرُ عَنْ عَبْدِ اللَّهِ بْنِ عُمَرَ، أَنَّ رَسُولَ اللَّهِ صلى الله عليه وسلم قَالَ ‏\n\"‏ مَا كَانَ مِنْ مِيرَاثٍ قُسِمَ فِي الْجَاهِلِيَّةِ فَهُوَ عَلَى قِسْمَةِ الْجَاهِلِيَّةِ وَمَا كَانَ مِنْ مِيرَاثٍ أَدْرَكَهُ الإِسْلاَمُ فَهُوَ عَلَى قِسْمَةِ الإِسْلاَمِ ‏\"‏ ‏.‏","english":{"narrator":"It was\nnarrated from ‘Abdullah bin ‘Umar that the Messenger of Allah\n(ﷺ) said:","text":"“Whatever division of inheritance was made during the\nIgnorance period, stands according to the division of the Ignorance\nperiod, and whatever division of inheritance was made during Islam,\nit\nstands according to the division of Islam.”"}},{"id":32,"idInBook":32,"chapterId":23,"bookId":6,"arabic":"حَدَّثَنَا هِشَامُ بْنُ عَمَّارٍ، حَدَّثَنَا الرَّبِيعُ بْنُ بَدْرٍ، حَدَّثَنَا أَبُو الزُّبَيْرِ، عَنْ جَابِرٍ، قَالَ قَالَ رَسُولُ اللَّهِ صلى الله عليه وسلم ‏\n\"‏ إِذَا اسْتَهَلَّ الصَّبِيُّ صُلِّيَ عَلَيْهِ وَوَرِثَ ‏\"‏ ‏.‏","english":{"narrator":"It was\nnarrated from Jabir that the Messenger of Allah (ﷺ) said:","text":"“If the\nchild has cired, the (funeral) prayer should be offered for\nhim (if\nhe dies) and he is an heir.”"}},{"id":33,"idInBook":33,"chapterId":23,"bookId":6,"arabic":"حَدَّثَنَا الْعَبَّاسُ بْنُ الْوَلِيدِ الدِّمَشْقِيُّ، حَدَّثَنَا مَرْوَانُ بْنُ مُحَمَّدٍ، حَدَّثَنَا سُلَيْمَانُ بْنُ بِلاَلٍ، حَدَّثَنِي يَحْيَى بْنُ سَعِيدٍ، عَنْ سَعِيدِ بْنِ الْمُسَيَّبِ، عَنْ جَابِرِ بْنِ عَبْدِ اللَّهِ، وَالْمِسْوَرِ بْنِ مَخْرَمَةَ، قَالاَ قَالَ رَسُولُ اللَّهِ صلى الله عليه وسلم ‏\n\"‏ لاَ يَرِثُ الصَّبِيُّ حَتَّى يَسْتَهِلَّ صَارِخًا ‏\"‏ ‏.‏ قَالَ وَاسْتِهْلاَلُهُ أَنْ يَبْكِيَ وَيَصِيحَ أَوْ يَعْطِسَ ‏.‏","english":{"narrator":"It was\nnarrated from Jabir bin ‘Abdullah and Miswar bin Makhrumah\nthat the\nMessenger of Allah (ﷺ) said:","text":"“No child inherits until he\nraises\nhis voice or cries.”"}},{"id":34,"idInBook":34,"chapterId":23,"bookId":6,"arabic":"حَدَّثَنَا أَبُو بَكْرِ بْنُ أَبِي شَيْبَةَ، حَدَّثَنَا وَكِيعٌ، عَنْ عَبْدِ الْعَزِيزِ بْنِ عُمَرَ، عَنْ عَبْدِ اللَّهِ بْنِ مَوْهَبٍ، قَالَ سَمِعْتُ تَمِيمًا الدَّارِيَّ، يَقُولُ قُلْتُ يَا رَسُولَ اللَّهِ مَا السُّنَّةُ فِي الرَّجُلِ مِنْ أَهْلِ الْكِتَابِ يُسْلِمُ عَلَى يَدَىِ الرَّجُلِ قَالَ ‏\n\"‏ هُوَ أَوْلَى النَّاسِ بِمَحْيَاهُ وَمَمَاتِهِ ‏\"‏ ‏.‏","english":{"narrator":"It was\nnarrated that ‘Abdullah bin Mawhab said:","text":"“I heard Tamim Ad-\nDari\nsay: ‘I said: O Messenger of Allah, what is the Sunnah concerning\na\nman from among the People of the Book who becomes a Muslim at the\nhands of another man?’ He said: ‘He is the closest of all people\nto\nhim in life and in death.’”"}}],"chapter":{"id":23,"bookId":6,"arabic":"كتاب الفرائض","english":"Chapters on Shares of Inheritance"}}