{
  "metadata": {
    "length": 38,
    "arabic": {
      "title": "سنن ابن ماجه",
      "author": "الإمام محمد بن يزيد بن ماجه القزويني",
      "introduction": "كتاب الذبائح"
    },
    "english": {
      "title": "Sunan Ibn Majah",
      "author": "Imam Muhammad ibn Yazid Ibn Majah al-Qazwini",
      "introduction": "Chapters on Slaughtering"
    }
  },
  "hadiths": [
    {
      "id": 1,
      "idInBook": 1,
      "chapterId": 27,
      "bookId": 6,
      "arabic": "حَدَّثَنَا أَبُو بَكْرِ بْنُ أَبِي شَيْبَةَ، وَهِشَامُ بْنُ عَمَّارٍ، قَالاَ حَدَّثَنَا سُفْيَانُ بْنُ عُيَيْنَةَ، عَنْ عُبَيْدِ اللَّهِ بْنِ أَبِي يَزِيدَ، عَنْ أَبِيهِ، عَنْ سِبَاعِ بْنِ ثَابِتٍ، عَنْ أُمِّ كُرْزٍ، قَالَتْ سَمِعْتُ النَّبِيَّ ـ صلى الله عليه وسلم ـ يَقُولُ ‏\n\"‏ عَنِ الْغُلاَمِ، شَاتَانِ مُكَافِئَتَانِ وَعَنِ الْجَارِيَةِ، شَاةٌ ‏\"‏ ‏.‏",
      "english": {
        "narrator": "It was\nnarrated that Umm Kurz said:",
        "text": "“I heard the Prophet (ﷺ) say:\n‘On\nbehalf of a boy, two sheep of equal age and on behalf of a girl\none\nsheep.’”"
      },
      "turkish": {
        "narrator": "It was\nnarrated that Umm Kurz said:",
        "text": "Umm Kurz'dan rivayet edilmiştir: “Peygamber (ﷺ) şöyle dediğini duydum: ‘Bir erkek çocuk için yaşı eşit iki koyun, bir kız çocuk için ise bir koyun kesilir.’”"
      }
    },
    {
      "id": 2,
      "idInBook": 2,
      "chapterId": 27,
      "bookId": 6,
      "arabic": "حَدَّثَنَا أَبُو بَكْرِ بْنُ أَبِي شَيْبَةَ، حَدَّثَنَا عَفَّانُ، حَدَّثَنَا حَمَّادُ بْنُ سَلَمَةَ، أَنْبَأَنَا عَبْدُ اللَّهِ بْنُ عُثْمَانَ بْنِ خُثَيْمٍ، عَنْ يُوسُفَ بْنِ مَاهَكَ، عَنْ حَفْصَةَ بِنْتِ عَبْدِ الرَّحْمَنِ، عَنْ عَائِشَةَ، قَالَتْ أَمَرَنَا رَسُولُ اللَّهِ ـ صلى الله عليه وسلم ـ أَنْ نَعُقَّ عَنِ الْغُلاَمِ شَاتَيْنِ وَعَنِ الْجَارِيَةِ شَاةً ‏.‏",
      "english": {
        "narrator": "It was\nnarrated that ‘Aishah said:",
        "text": "“The Messenger of Allah (ﷺ)\ncommanded us to sacrifice two sheep for a boy’s ‘Aqiqah and one\nsheep\nfor a girl.”"
      },
      "turkish": {
        "narrator": "It was\nnarrated that ‘Aishah said:",
        "text": "‘Aişe'den rivayet edilmiştir: “Allah'ın Elçisi (ﷺ) bize bir erkek çocuğun ‘Aqiqah’ı için iki koyun, bir kız çocuğu için ise bir koyun kesmemizi emretti.”"
      }
    },
    {
      "id": 3,
      "idInBook": 3,
      "chapterId": 27,
      "bookId": 6,
      "arabic": "حَدَّثَنَا أَبُو بَكْرِ بْنُ أَبِي شَيْبَةَ، حَدَّثَنَا عَبْدُ اللَّهِ بْنُ نُمَيْرٍ، حَدَّثَنَا هِشَامُ بْنُ حَسَّانَ، عَنْ حَفْصَةَ بِنْتِ سِيرِينَ، عَنْ سَلْمَانَ بْنِ عَامِرٍ، أَنَّهُ سَمِعَ النَّبِيَّ ـ صلى الله عليه وسلم ـ يَقُولُ ‏\n\"‏ إِنَّ مَعَ الْغُلاَمِ عَقِيقَةً فَأَهْرِيقُوا عَنْهُ دَمًا وَأَمِيطُوا عَنْهُ الأَذَى ‏\"‏ ‏.‏",
      "english": {
        "narrator": "It was\nnarrated from Salman bin ‘Amir that he heard the Prophet (ﷺ)\nsay:",
        "text": "“For a boy there should be an ‘Aqiqah, so shed blood for him and\nremove the harm from him.”"
      },
      "turkish": {
        "narrator": "It was\nnarrated from Salman bin ‘Amir that he heard the Prophet (ﷺ)\nsay:",
        "text": "Salman bin ‘Amir'den rivayet edilmiştir ki, Peygamber (ﷺ) şöyle dedi: “Bir erkek çocuk için ‘Aqiqah’ olmalıdır, onun için kan akıtın ve ondan zararı kaldırın.”"
      }
    },
    {
      "id": 4,
      "idInBook": 4,
      "chapterId": 27,
      "bookId": 6,
      "arabic": "حَدَّثَنَا هِشَامُ بْنُ عَمَّارٍ، حَدَّثَنَا شُعَيْبُ بْنُ إِسْحَاقَ، حَدَّثَنَا سَعِيدُ بْنُ أَبِي عَرُوبَةَ، عَنْ قَتَادَةَ، عَنِ الْحَسَنِ، عَنْ سَمُرَةَ، عَنِ النَّبِيِّ ـ صلى الله عليه وسلم ـ قَالَ ‏\n\"‏ كُلُّ غُلاَمٍ مُرْتَهَنٌ بِعَقِيقَتِهِ تُذْبَحُ عَنْهُ يَوْمَ السَّابِعِ وَيُحْلَقُ رَأْسُهُ وَيُسَمَّى ‏\"‏ ‏.‏",
      "english": {
        "narrator": "It was\nnarrated from Samurah that the Prophet (ﷺ) said:",
        "text": "“Every boy\nis\nmortgaged by his ‘Aqiqah, so slaughter for him on the seventh day,\nand shave his head, and name him.”"
      },
      "turkish": {
        "narrator": "It was\nnarrated from Samurah that the Prophet (ﷺ) said:",
        "text": "Samurah'dan rivayet edilmiştir ki, Peygamber (ﷺ) şöyle dedi: “Her erkek çocuk ‘Aqiqah’ ile rehin alınmıştır, bu yüzden yedinci günde onun için kesim yapın, başını traş edin ve ona isim verin.”"
      }
    },
    {
      "id": 5,
      "idInBook": 5,
      "chapterId": 27,
      "bookId": 6,
      "arabic": "حَدَّثَنَا يَعْقُوبُ بْنُ حُمَيْدِ بْنِ كَاسِبٍ، حَدَّثَنَا عَبْدُ اللَّهِ بْنُ وَهْبٍ، حَدَّثَنِي عَمْرُو بْنُ الْحَارِثِ، عَنْ أَيُّوبَ بْنِ مُوسَى، أَنَّهُ حَدَّثَهُ أَنَّ يَزِيدَ بْنَ عَبْدٍ الْمُزَنِيَّ حَدَّثَهُ أَنَّ النَّبِيَّ ـ صلى الله عليه وسلم ـ قَالَ ‏\n\"‏ يُعَقُّ عَنِ الْغُلاَمِ وَلاَ يُمَسُّ رَأْسُهُ بِدَمٍ ‏\"‏ ‏.‏",
      "english": {
        "narrator": "Yazid\nbin ‘Abdul-Muzani narrated that the Prophet (ﷺ) said:",
        "text": "“Offer\nan\n‘Aqiqah for the boy, but do not smear his head with blood.”"
      },
      "turkish": {
        "narrator": "Yazid\nbin ‘Abdul-Muzani narrated that the Prophet (ﷺ) said:",
        "text": "Yazid bin ‘Abdul-Muzani rivayet etmiştir ki, Peygamber (ﷺ) şöyle dedi: “Erkek çocuk için bir ‘Aqiqah’ sunun, ama başını kanla sürmeyin.”"
      }
    },
    {
      "id": 6,
      "idInBook": 6,
      "chapterId": 27,
      "bookId": 6,
      "arabic": "حَدَّثَنَا أَبُو بِشْرٍ، بَكْرُ بْنُ خَلَفٍ حَدَّثَنَا يَزِيدُ بْنُ زُرَيْعٍ، عَنْ خَالِدٍ الْحَذَّاءِ، عَنْ أَبِي الْمَلِيحِ، عَنْ نُبَيْشَةَ، قَالَ نَادَى رَجُلٌ رَسُولَ اللَّهِ ـ صلى الله عليه وسلم ـ فَقَالَ يَا رَسُولَ اللَّهِ إِنَّا كُنَّا نَعْتِرُ عَتِيرَةً فِي الْجَاهِلِيَّةِ فِي رَجَبٍ فَمَا تَأْمُرُنَا قَالَ ‏\"‏ اذْبَحُوا لِلَّهِ عَزَّ وَجَلَّ فِي أَىِّ شَهْرٍ مَا كَانَ وَبَرُّوا اللَّهَ وَأَطْعِمُوا ‏\"‏ ‏.‏ قَالُوا يَا رَسُولَ اللَّهِ إِنَّا كُنَّا نُفْرِعُ فَرَعًا فِي الْجَاهِلِيَّةِ فَمَا تَأْمُرُنَا قَالَ ‏\"‏ فِي كُلِّ سَائِمَةٍ فَرَعٌ تَغْذُوهُ مَاشِيَتُكَ حَتَّى إِذَا اسْتَحْمَلَ ذَبَحْتَهُ فَتَصَدَّقْتَ بِلَحْمِهِ - أُرَاهُ قَالَ - عَلَى ابْنِ السَّبِيلِ فَإِنَّ ذَلِكَ هُوَ خَيْرٌ ‏\"‏ ‏.‏",
      "english": {
        "narrator": "It was\nnarrated that Nubaishah said:",
        "text": "“A man called the Messenger of\nAllah\n(ﷺ) and said: ‘O Messenger of Allah, we used to sacrifice the\n‘Atirah during the Ignorance days in Rajab,; what do you command us\nto\ndo?’ He said: “Sacrifice to Allah whatever month it is, do\ngood for\nthe sake of Allah and feed (the poor).’ They said: ‘O\nMessenger of\nAllah, we used to sacrifice the Far’ah during the\nIgnorance days; what\ndo you command us to do?’ He said: ‘For\nevery Sa’imah* (flock of\ngrazing animals), feed the firstborn as\nyou feed the rest of your\nflock until it reaches an age where it\ncould be used to carry loads,\nthen sacrifice it, and give its meat in\ncharity’ – I** think he said –\n‘to the wayfarer, for that is\ngood.’”"
      },
      "turkish": {
        "narrator": "It was\nnarrated that Nubaishah said:",
        "text": "Nubaishah'dan rivayet edilmiştir: “Bir adam, Allah'ın Elçisi (ﷺ) ile konuştu ve dedi ki: ‘Ey Allah'ın Elçisi, Cahiliye döneminde Rajab ayında ‘Atirah keserdik; bize ne emredersin?’ O da dedi: ‘Hangi ay olursa olsun Allah'a kurban kesin, Allah rızası için iyilik yapın ve (fakirleri) doyurun.’ Onlar da dediler: ‘Ey Allah'ın Elçisi, Cahiliye döneminde Far’ah keserdik; bize ne emredersin?’ O da dedi: ‘Her Sa’imah (otlayan hayvan sürüsü) için, ilk doğanı, sürünüzün geri kalanını beslediğiniz gibi besleyin, yük taşıyacak bir yaşa geldiğinde onu kesin ve etini sadaka olarak verin’ – bence o şöyle dedi – ‘yolda kalmışa, çünkü bu hayırlıdır.’”"
      }
    },
    {
      "id": 7,
      "idInBook": 7,
      "chapterId": 27,
      "bookId": 6,
      "arabic": "حَدَّثَنَا أَبُو بَكْرِ بْنُ أَبِي شَيْبَةَ، وَهِشَامُ بْنُ عَمَّارٍ، قَالاَ حَدَّثَنَا سُفْيَانُ بْنُ عُيَيْنَةَ، عَنِ الزُّهْرِيِّ، عَنْ سَعِيدِ بْنِ الْمُسَيَّبِ، عَنْ أَبِي هُرَيْرَةَ، عَنِ النَّبِيِّ ـ صلى الله عليه وسلم ـ قَالَ ‏\n\"‏ لاَ فَرَعَةَ وَلاَ عَتِيرَةَ ‏\"‏ ‏.‏ قَالَ هِشَامٌ فِي حَدِيثِهِ وَالْفَرَعَةُ أَوَّلُ النَّتَاجِ ‏.‏ وَالْعَتِيرَةُ الشَّاةُ يَذْبَحُهَا أَهْلُ الْبَيْتِ فِي رَجَبٍ ‏.‏",
      "english": {
        "narrator": "It was\nnarrated from Abu Hurairah that the Prophet (ﷺ) said:",
        "text": "“There\nis\nno Far’ah and no ‘Atirah.”"
      },
      "turkish": {
        "narrator": "It was\nnarrated from Abu Hurairah that the Prophet (ﷺ) said:",
        "text": "Abu Hurairah'dan rivayet edilmiştir ki, Peygamber (ﷺ) şöyle dedi: “Far’ah yoktur ve ‘Atirah yoktur.”"
      }
    },
    {
      "id": 8,
      "idInBook": 8,
      "chapterId": 27,
      "bookId": 6,
      "arabic": "حَدَّثَنَا مُحَمَّدُ بْنُ أَبِي عُمَرَ الْعَدَنِيُّ، حَدَّثَنَا سُفْيَانُ بْنُ عُيَيْنَةَ، عَنْ زَيْدِ بْنِ أَسْلَمَ، عَنْ أَبِيهِ، عَنِ ابْنِ عُمَرَ، أَنَّ النَّبِيَّ ـ صلى الله عليه وسلم ـ قَالَ ‏\n\"‏ لاَ فَرَعَةَ وَلاَ عَتِيرَةَ ‏\"‏ ‏.‏ قَالَ ابْنُ مَاجَهْ هَذَا مِنْ فَرَائِدِ الْعَدَنِيِّ ‏.‏",
      "english": {
        "narrator": "It was\nnarrated from Muhammad bin Abu (‘Umar) ‘Adani that the Prophet\n(ﷺ) said:",
        "text": "“There is no Far’ah and no ‘Atirah.”"
      },
      "turkish": {
        "narrator": "It was\nnarrated from Muhammad bin Abu (‘Umar) ‘Adani that the Prophet\n(ﷺ) said:",
        "text": "Muhammad bin Abu (‘Umar) ‘Adani'den rivayet edilmiştir ki, Peygamber (ﷺ) şöyle dedi: “Far’ah yoktur ve ‘Atirah yoktur.”"
      }
    },
    {
      "id": 9,
      "idInBook": 9,
      "chapterId": 27,
      "bookId": 6,
      "arabic": "حَدَّثَنَا مُحَمَّدُ بْنُ الْمُثَنَّى، حَدَّثَنَا عَبْدُ الْوَهَّابِ، حَدَّثَنَا خَالِدٌ الْحَذَّاءُ، عَنْ أَبِي قِلاَبَةَ، عَنْ أَبِي الأَشْعَثِ، عَنْ شَدَّادِ بْنِ أَوْسٍ، أَنَّ رَسُولَ اللَّهِ ـ صلى الله عليه وسلم ـ قَالَ ‏\n\"‏ إِنَّ اللَّهَ عَزَّ وَجَلَّ كَتَبَ الإِحْسَانَ عَلَى كُلِّ شَىْءٍ فَإِذَا قَتَلْتُمْ فَأَحْسِنُوا الْقِتْلَةَ وَإِذَا ذَبَحْتُمْ فَأَحْسِنُوا الذَّبْحَ وَلْيُحِدَّ أَحَدُكُمْ شَفْرَتَهُ وَلْيُرِحْ ذَبِيحَتَهُ ‏\"‏ ‏.‏",
      "english": {
        "narrator": "It was\nnarrated from Shaddad bin Aws that the Messenger of Allah\n(ﷺ) said:",
        "text": "“Allah has prescribed Al-Ihsan (proficiency) in all\nthings. So if\nyou kill, then kill well, and if you slaughter, then\nslaughter well.\nLet one of you sharpen his blade and spare suffering\nto the animal he\nslaughters.”"
      },
      "turkish": {
        "narrator": "It was\nnarrated from Shaddad bin Aws that the Messenger of Allah\n(ﷺ) said:",
        "text": "Shaddad bin Aws'dan rivayet edilmiştir ki, Allah'ın Elçisi (ﷺ) şöyle dedi: “Allah her şeyde Al-Ihsan'ı (güzel yapmayı) emretmiştir. Eğer keserseniz, güzelce kesin, eğer kurban ederseniz, güzelce kurban edin. Sizden biri bıçağını keskinleştirsin ve kesim yaptığı hayvana acı çektirmesin.”"
      }
    },
    {
      "id": 10,
      "idInBook": 10,
      "chapterId": 27,
      "bookId": 6,
      "arabic": "حَدَّثَنَا أَبُو بَكْرِ بْنُ أَبِي شَيْبَةَ، حَدَّثَنَا عُقْبَةُ بْنُ خَالِدٍ، عَنْ مُوسَى بْنِ مُحَمَّدِ بْنِ إِبْرَاهِيمَ التَّيْمِيِّ، أَخْبَرَنِي أَبِي، عَنْ أَبِي سَعِيدٍ الْخُدْرِيِّ، قَالَ مَرَّ النَّبِيُّ ـ صلى الله عليه وسلم ـ بِرَجُلٍ وَهُوَ يَجُرُّ شَاةً بِأُذُنِهَا فَقَالَ ‏\n\"‏ دَعْ أُذُنَهَا وَخُذْ بِسَالِفَتِهَا ‏\"‏ ‏.‏",
      "english": {
        "narrator": "It was\nnarrated that Abu Sa’eed Al-Khudri said:",
        "text": "“The Prophet (ﷺ)\npassed by a man who was dragging a sheep by its ear. He said: ‘Leave\nits ear alone and hold it by the sides of its neck.’”"
      },
      "turkish": {
        "narrator": "It was\nnarrated that Abu Sa’eed Al-Khudri said:",
        "text": "Abu Sa’eed Al-Khudri'den rivayet edilmiştir ki, Peygamber (ﷺ) bir adamın bir koyunu kulağından sürüklediğini gördü. O da dedi: “Kulağını bırak ve boynunun yanlarından tut.”"
      }
    },
    {
      "id": 11,
      "idInBook": 11,
      "chapterId": 27,
      "bookId": 6,
      "arabic": "حَدَّثَنَا مُحَمَّدُ بْنُ عَبْدِ الرَّحْمَنِ ابْنُ أَخِي، حُسَيْنٍ الْجُعْفِيِّ حَدَّثَنَا مَرْوَانُ بْنُ مُحَمَّدٍ، حَدَّثَنَا ابْنُ لَهِيعَةَ، حَدَّثَنِي قُرَّةُ بْنُ حَيْوَئِيلَ، عَنِ الزُّهْرِيِّ، عَنْ سَالِمِ بْنِ عَبْدِ اللَّهِ بْنِ عُمَرَ، عَنْ أَبِيهِ عَبْدِ اللَّهِ بْنِ عُمَرَ، قَالَ أَمَرَ رَسُولُ اللَّهِ ـ صلى الله عليه وسلم ـ بِحَدِّ الشِّفَارِ وَأَنْ تُوَارَى عَنِ الْبَهَائِمِ وَقَالَ ‏\n\"‏ إِذَا ذَبَحَ أَحَدُكُمْ فَلْيُجْهِزْ ‏\"‏ ‏.‏ \n حَدَّثَنَا جَعْفَرُ بْنُ مُسَافِرٍ، حَدَّثَنَا أَبُو الأَسْوَدِ، حَدَّثَنَا ابْنُ لَهِيعَةَ، عَنْ يَزِيدَ بْنِ أَبِي حَبِيبٍ، عَنْ سَالِمٍ، عَنْ أَبِيهِ، عَنِ النَّبِيِّ ـ صلى الله عليه وسلم ـ مِثْلَهُ ‏.‏",
      "english": {
        "narrator": "It was\nnarrated that ‘Abdullah bin ‘Umar said:",
        "text": "“The Messenger of\nAllah\n(ﷺ) commanded that the blade should be sharpened, and hidden\nfrom\nthe animals, and he said: ‘When one of you slaughters, let him do\nit quickly.’”\n\nAnother chain reports the same."
      },
      "turkish": {
        "narrator": "It was\nnarrated that ‘Abdullah bin ‘Umar said:",
        "text": "‘Abdullah bin ‘Umar'dan rivayet edilmiştir ki, Allah'ın Elçisi (ﷺ) bıçağın keskinleştirilmesini ve hayvanlardan gizlenmesini emretti ve şöyle dedi: “Sizden biri kurban keserken, bunu hızlıca yapsın.”"
      }
    },
    {
      "id": 12,
      "idInBook": 12,
      "chapterId": 27,
      "bookId": 6,
      "arabic": "حَدَّثَنَا عَمْرُو بْنُ عَبْدِ اللَّهِ، حَدَّثَنَا وَكِيعٌ، عَنْ إِسْرَائِيلَ، عَنْ سِمَاكٍ، عَنْ عِكْرِمَةَ، عَنِ ابْنِ عَبَّاسٍ، ‏{إِنَّ الشَّيَاطِينَ لَيُوحُونَ إِلَى أَوْلِيَائِهِمْ}‏ قَالَ كَانُوا يَقُولُونَ مَا ذُكِرَ عَلَيْهِ اسْمُ اللَّهِ فَلاَ تَأْكُلُوا وَمَا لَمْ يُذْكَرِ اسْمُ اللَّهِ عَلَيْهِ فَكُلُوهُ ‏.‏ فَقَالَ اللَّهُ عَزَّ وَجَلَّ ‏{وَلاَ تَأْكُلُوا مِمَّا لَمْ يُذْكَرِ اسْمُ اللَّهِ عَلَيْهِ}‏ ‏.‏",
      "english": {
        "narrator": "It was\nnarrated from Ibn ‘Abbas:",
        "text": "“And certainly, the Shayatin\n(devils)\ndo inspire their friends (from mankind).”  He said:\n“They\nused to say: ‘Whatever the Name of Allah has been mentioned\nover,\ndo not eat it, and whatever the Name of Allah has not been\nmentioned\nover, eat it.’ Then Allah said: “Eat not of that over which\nAllah’s Name has not been pronounced.’” "
      },
      "turkish": {
        "narrator": "It was\nnarrated from Ibn ‘Abbas:",
        "text": "Başka bir isnad da aynı şekilde rivayet edilmiştir."
      }
    },
    {
      "id": 13,
      "idInBook": 13,
      "chapterId": 27,
      "bookId": 6,
      "arabic": "حَدَّثَنَا أَبُو بَكْرِ بْنُ أَبِي شَيْبَةَ، حَدَّثَنَا عَبْدُ الرَّحِيمِ بْنُ سُلَيْمَانَ، عَنْ هِشَامِ بْنِ عُرْوَةَ، عَنْ أَبِيهِ، عَنْ عَائِشَةَ أُمِّ الْمُؤْمِنِينَ، أَنَّ قَوْمًا، قَالُوا يَا رَسُولَ اللَّهِ إِنَّ قَوْمًا يَأْتُونَا بِلَحْمٍ لاَ نَدْرِي ذُكِرَ اسْمُ اللَّهِ عَلَيْهِ أَمْ لاَ قَالَ ‏\n\"‏ سَمُّوا أَنْتُمْ وَكُلُوا ‏\"‏ ‏.‏ وَكَانُوا حَدِيثَ عَهْدٍ بِالْكُفْرِ ‏.‏",
      "english": {
        "narrator": "It was\nnarrated from ‘Aishah, the Mother of the Believers, that some\npeople said:",
        "text": "“O Messenger of Allah, some people bring us meat, and\nwe\ndo not know whether the Name of Allah has been mentioned over it\nor\nnot.” He said: “Say: Bismillah and eat.’ They were new in\nIslam."
      },
      "turkish": {
        "narrator": "It was\nnarrated from ‘Aishah, the Mother of the Believers, that some\npeople said:",
        "text": "İbn ‘Abbas'tan rivayet edilmiştir: “Şüphesiz, Şeytanlar (cinler) dostlarını (insanlardan) ilham ederler.” O da dedi: “Onlar şöyle derlerdi: ‘Allah'ın adı anılmamış olanı yemeyin, Allah'ın adı anılmış olanı yiyin.’ Sonra Allah şöyle buyurdu: ‘Allah'ın adı anılmamış olan şeylerden yemeyin.’”"
      }
    },
    {
      "id": 14,
      "idInBook": 14,
      "chapterId": 27,
      "bookId": 6,
      "arabic": "حَدَّثَنَا أَبُو بَكْرِ بْنُ أَبِي شَيْبَةَ، حَدَّثَنَا أَبُو الأَحْوَصِ، عَنْ عَاصِمٍ، عَنِ الشَّعْبِيِّ، عَنْ مُحَمَّدِ بْنِ صَيْفِيٍّ، قَالَ ذَبَحْتُ أَرْنَبَيْنِ بِمَرْوَةٍ فَأَتَيْتُ بِهِمَا النَّبِيَّ ـ صلى الله عليه وسلم ـ فَأَمَرَنِي بِأَكْلِهِمَا ‏.‏",
      "english": {
        "narrator": "It was\nnarrated that Muhammad bin Saifi said:",
        "text": "“I slaughtered two\nrabbits\nwith a sharp-edges stone and brought them to the Prophet\n(ﷺ), and\nhe told me to eat them.”"
      },
      "turkish": {
        "narrator": "It was\nnarrated that Muhammad bin Saifi said:",
        "text": "‘Aişe, Müminlerin Annesi'nden rivayet edilmiştir ki, bazı insanlar: “Ey Allah'ın Elçisi, bazı insanlar bize et getiriyor, bunun üzerinde Allah'ın adı anılıp anılmadığını bilmiyoruz.” dediler. O da: “De ki: Bismillah de ve ye.” dedi. Onlar İslam'da yeniydiler."
      }
    },
    {
      "id": 15,
      "idInBook": 15,
      "chapterId": 27,
      "bookId": 6,
      "arabic": "حَدَّثَنَا أَبُو بِشْرٍ، بَكْرُ بْنُ خَلَفٍ حَدَّثَنَا غُنْدَرٌ، حَدَّثَنَا شُعْبَةُ، سَمِعْتُ حَاضِرَ بْنَ مُهَاجِرٍ، يُحَدِّثُ عَنْ سُلَيْمَانَ بْنِ يَسَارٍ، عَنْ زَيْدِ بْنِ ثَابِتٍ، أَنَّ ذِئْبًا، نَيَّبَ فِي شَاةٍ فَذَبَحُوهَا بِمَرْوَةٍ فَرَخَّصَ لَهُمْ رَسُولُ اللَّهِ ـ صلى الله عليه وسلم ـ فِي أَكْلِهَا ‏.‏",
      "english": {
        "narrator": "",
        "text": "It was\nnarrated from Zaid bin Thabit that a wolf bit a sheep, and\nthey\nslaughtered it with a sharp-edged stone, and the Messenger of\nAllah\n(ﷺ) allowed them to eat it."
      },
      "turkish": {
        "narrator": "",
        "text": "Muhammad bin Saifi'den rivayet edilmiştir ki, “Ben iki tavşanı keskin bir taşla kestim ve onları Peygamber (ﷺ)'e getirdim, o da bana onları yememi söyledi.”"
      }
    },
    {
      "id": 16,
      "idInBook": 16,
      "chapterId": 27,
      "bookId": 6,
      "arabic": "حَدَّثَنَا مُحَمَّدُ بْنُ بَشَّارٍ، حَدَّثَنَا عَبْدُ الرَّحْمَنِ بْنُ مَهْدِيٍّ، حَدَّثَنَا سُفْيَانُ، عَنْ سِمَاكِ بْنِ حَرْبٍ، عَنْ مُرِّيِّ بْنِ قَطَرِيٍّ، عَنْ عَدِيِّ بْنِ حَاتِمٍ، قَالَ قُلْتُ يَا رَسُولَ اللَّهِ إِنَّا نَصِيدُ الصَّيْدَ فَلاَ نَجِدُ سِكِّينًا إِلاَّ الظِّرَارَ وَشِقَّةَ الْعَصَا ‏.‏ قَالَ ‏\n\"‏ أَمْرِرِ الدَّمَ بِمَا شِئْتَ وَاذْكُرِ اسْمَ اللَّهِ عَلَيْهِ ‏\"‏ ‏.‏",
      "english": {
        "narrator": "It was\nnarrated that ‘Adi bin Hatim said:",
        "text": "“I said: ‘O Messenger of\nAllah, we hunt game but we cannot find anything but the sharp edge of\na stone or stick (with which to slaughter it).’ He said: ‘Cause\nthe\nblood to flow with whatever you want, and mention the Name of\nAllah\nover it.’”"
      },
      "turkish": {
        "narrator": "It was\nnarrated that ‘Adi bin Hatim said:",
        "text": "'Adi bin Hatim'den rivayet edilmiştir: “Ben dedim ki: ‘Ey Allah'ın Resulü, avlanıyoruz ama kesmek için yalnızca bir taşın keskin kenarını veya bir sopayı bulabiliyoruz.’ O da dedi ki: ‘Kanı akıtmak için istediğin şeyi kullan ve onun üzerine Allah'ın adını an.’”"
      }
    },
    {
      "id": 17,
      "idInBook": 17,
      "chapterId": 27,
      "bookId": 6,
      "arabic": "حَدَّثَنَا مُحَمَّدُ بْنُ عَبْدِ اللَّهِ بْنِ نُمَيْرٍ، حَدَّثَنَا عُمَرُ بْنُ عُبَيْدٍ الطَّنَافِسِيُّ، عَنْ سَعِيدِ بْنِ مَسْرُوقٍ، عَنْ عَبَايَةَ بْنِ رِفَاعَةَ، عَنْ جَدِّهِ، رَافِعِ بْنِ خَدِيجٍ قَالَ كُنَّا مَعَ رَسُولِ اللَّهِ ـ صلى الله عليه وسلم ـ فِي سَفَرٍ فَقُلْتُ يَا رَسُولَ اللَّهِ إِنَّا نَكُونُ فِي الْمَغَازِي فَلاَ يَكُونُ مَعَنَا مُدًى فَقَالَ ‏\n\"‏ مَا أَنْهَرَ الدَّمَ وَذُكِرَ اسْمُ اللَّهِ عَلَيْهِ فَكُلْ غَيْرَ السِّنِّ وَالظُّفْرِ فَإِنَّ السِّنَّ عَظْمٌ وَالظُّفْرَ مُدَى الْحَبَشَةِ ‏\"‏ ‏.‏",
      "english": {
        "narrator": "It was\nnarrated that Rafi’ bin Khadij said:",
        "text": "“We were with the Prophet\n(ﷺ) on a journey, and I said: ‘O Messenger of Allah, we are\n(sometimes) on military campaigns, and we have no knife with us.’\nHe\nsaid: ‘(Use) whatever causes the blood to flow, mention the Name\nof\nAllah and eat, but (do not use) teeth or nails, for the tooth is a\nbone and the nail is the knife of the Ethiopians.”"
      },
      "turkish": {
        "narrator": "It was\nnarrated that Rafi’ bin Khadij said:",
        "text": "Rafi’ bin Khadij'den rivayet edilmiştir: “Biz Peygamber (ﷺ) ile bir yolculuktaydık ve ben dedim ki: ‘Ey Allah'ın Resulü, (bazen) askeri seferlerdeyiz ve yanımızda bıçak yok.’ O da dedi ki: ‘Kanı akıtan her şeyi kullan, Allah'ın adını an ve ye, ama diş veya tırnak kullanma, çünkü diş bir kemiktir ve tırnak Habeşlilerin bıçağıdır.’”"
      }
    },
    {
      "id": 18,
      "idInBook": 18,
      "chapterId": 27,
      "bookId": 6,
      "arabic": "حَدَّثَنَا أَبُو كُرَيْبٍ، حَدَّثَنَا مَرْوَانُ بْنُ مُعَاوِيَةَ، حَدَّثَنَا هِلاَلُ بْنُ مَيْمُونٍ الْجُهَنِيُّ، عَنْ عَطَاءِ بْنِ يَزِيدَ اللَّيْثِيِّ، - قَالَ عَطَاءٌ لاَ أَعْلَمُهُ إِلاَّ عَنْ أَبِي سَعِيدٍ الْخُدْرِيِّ - أَنَّ رَسُولَ اللَّهِ ـ صلى الله عليه وسلم ـ مَرَّ بِغُلاَمٍ يَسْلُخُ شَاةً فَقَالَ لَهُ رَسُولُ اللَّهِ ـ صلى الله عليه وسلم ـ ‏\"‏ تَنَحَّ حَتَّى أُرِيَكَ ‏\"‏ ‏.‏ فَأَدْخَلَ رَسُولُ اللَّهِ ـ صلى الله عليه وسلم ـ يَدَهُ بَيْنَ الْجِلْدِ وَاللَّحْمِ فَدَحَسَ بِهَا حَتَّى تَوَارَتْ إِلَى الإِبْطِ وَقَالَ ‏\"‏ يَا غُلاَمُ هَكَذَا فَاسْلُخْ ‏\"‏ ‏.‏ ثُمَّ مَضَى وَصَلَّى لِلنَّاسِ وَلَمْ يَتَوَضَّأْ ‏.‏",
      "english": {
        "narrator": "It was\nnarrated from Abu Sa’eed Al-Khudri that the Messenger of Allah\n(ﷺ) passed by a boy who was skinning a sheep. The Messenger of\nAllah\n(ﷺ) said to him:",
        "text": "“Step aside and I will show you how.”\nThe Messenger\nof Allah (ﷺ) put his hand between the skin and the\nflesh, and thrust\nhis arm in until it disappeared up to the armpit,\nand said: “O boy,\nthis is how you skin it.” Then he went and led\nthe people in prayer\nand did not perform Wudu’."
      },
      "turkish": {
        "narrator": "It was\nnarrated from Abu Sa’eed Al-Khudri that the Messenger of Allah\n(ﷺ) passed by a boy who was skinning a sheep. The Messenger of\nAllah\n(ﷺ) said to him:",
        "text": "Abu Sa’eed Al-Khudri'den rivayet edilmiştir ki, Allah'ın Resulü (ﷺ) bir çocuğun bir koyunu derisini soyarak geçti. Allah'ın Resulü (ﷺ) ona dedi ki: “Kenara çekil, sana nasıl yapıldığını göstereyim.” Allah'ın Resulü (ﷺ) elini deri ile etin arasına koydu ve kolunu koltuk altına kadar soktu ve dedi ki: “Ey çocuk, işte böyle derisini soyarak.” Sonra gidip insanlara namaz kıldırdı ve abdest almadı."
      }
    },
    {
      "id": 19,
      "idInBook": 19,
      "chapterId": 27,
      "bookId": 6,
      "arabic": "حَدَّثَنَا أَبُو بَكْرِ بْنُ أَبِي شَيْبَةَ، حَدَّثَنَا خَلَفُ بْنُ خَلِيفَةَ، ح وَحَدَّثَنَا عَبْدُ الرَّحْمَنِ بْنُ إِبْرَاهِيمَ، أَنْبَأَنَا مَرْوَانُ بْنُ مُعَاوِيَةَ، جَمِيعًا عَنْ يَزِيدَ بْنِ كَيْسَانَ، عَنْ أَبِي حَازِمٍ، عَنْ أَبِي هُرَيْرَةَ، أَنَّ رَسُولَ اللَّهِ ـ صلى الله عليه وسلم ـ أَتَى رَجُلاً مِنَ الأَنْصَارِ فَأَخَذَ الشَّفْرَةَ لِيَذْبَحَ لِرَسُولِ اللَّهِ ـ صلى الله عليه وسلم ـ فَقَالَ لَهُ رَسُولُ اللَّهِ ـ صلى الله عليه وسلم ـ ‏\n\"‏ إِيَّاكَ وَالْحَلُوبَ ‏\"‏ ‏.‏",
      "english": {
        "narrator": "It was\nnarrated from Abu Hurairah that the Messenger of Allah (ﷺ)\ncame to\na man from among the Ansar who had picked up a knife to\nslaughter an\nanimal for the Messenger of Allah (ﷺ). The Messenger of\nAllah (ﷺ)\nsaid to him:",
        "text": "“Avoid those that are lactating.” (i.e. those\nfrom\nwhich milk is received)."
      },
      "turkish": {
        "narrator": "It was\nnarrated from Abu Hurairah that the Messenger of Allah (ﷺ)\ncame to\na man from among the Ansar who had picked up a knife to\nslaughter an\nanimal for the Messenger of Allah (ﷺ). The Messenger of\nAllah (ﷺ)\nsaid to him:",
        "text": "Abu Hurairah'tan rivayet edilmiştir ki, Allah'ın Resulü (ﷺ) bir adamın yanına geldi, o da Allah'ın Resulü (ﷺ) için bir hayvan kesmek üzere bir bıçak almıştı. Allah'ın Resulü (ﷺ) ona dedi ki: “Süt verenlerden kaçın.” (yani süt verilenlerden)."
      }
    },
    {
      "id": 20,
      "idInBook": 20,
      "chapterId": 27,
      "bookId": 6,
      "arabic": "حَدَّثَنَا عَلِيُّ بْنُ مُحَمَّدٍ، حَدَّثَنَا عَبْدُ الرَّحْمَنِ الْمُحَارِبِيُّ، عَنْ يَحْيَى بْنِ عُبَيْدِ اللَّهِ، عَنْ أَبِيهِ، عَنْ أَبِي هُرَيْرَةَ، قَالَ حَدَّثَنِي أَبُو بَكْرِ بْنُ أَبِي قُحَافَةَ، أَنَّ رَسُولَ اللَّهِ ـ صلى الله عليه وسلم ـ قَالَ لَهُ وَلِعُمَرَ ‏\"‏ انْطَلِقُوا بِنَا إِلَى الْوَاقِفِيِّ ‏\"‏ ‏.‏ قَالَ فَانْطَلَقْنَا فِي الْقَمَرِ حَتَّى أَتَيْنَا الْحَائِطَ فَقَالَ مَرْحَبًا وَأَهْلاً ‏.‏ ثُمَّ أَخَذَ الشَّفْرَةَ ثُمَّ جَالَ فِي الْغَنَمِ فَقَالَ رَسُولُ اللَّهِ ـ صلى الله عليه وسلم ـ ‏\"‏ إِيَّاكَ وَالْحَلُوبَ ‏\"‏ ‏.‏ أَوْ قَالَ ‏\"‏ ذَاتَ الدَّرِّ ‏\"‏ ‏.‏",
      "english": {
        "narrator": "Abu\nHurairah narrated that Abu Bakr bin Abu Quhafah narrated that the\nMessenger of Allah (ﷺ) said to him and to ‘Umar:",
        "text": "“Let us go out\nto\nWaqifi.” He said: “So we went out in the moonlight until we\ncame to\nthe garden and he (the owner of the garden) said: ‘Welcome.’\nThen he\ntook up the knife and went among the sheep (to choose one for\nslaughter), and the Messenger of Allah (ﷺ) said: ‘Avoid those\nthat\nare lactating.’”"
      },
      "turkish": {
        "narrator": "Abu\nHurairah narrated that Abu Bakr bin Abu Quhafah narrated that the\nMessenger of Allah (ﷺ) said to him and to ‘Umar:",
        "text": "Abu Hurairah rivayet etti ki, Abu Bekir bin Abu Quhafah, Allah'ın Resulü (ﷺ) ona ve ‘Umar'a dedi ki: “Hadi Waqifi'ye gidelim.” O da dedi ki: “Biz de ay ışığında dışarı çıktık, bahçeye gelene kadar, bahçe sahibi: ‘Hoş geldiniz.’ dedi. Sonra bıçağı alıp koyunların arasına gitti (kesmek için birini seçmek üzere) ve Allah'ın Resulü (ﷺ) dedi ki: ‘Süt verenlerden kaçın.’”"
      }
    },
    {
      "id": 21,
      "idInBook": 21,
      "chapterId": 27,
      "bookId": 6,
      "arabic": "حَدَّثَنَا هَنَّادُ بْنُ السَّرِيِّ، حَدَّثَنَا عَبْدَةُ بْنُ سُلَيْمَانَ، عَنْ عُبَيْدِ اللَّهِ، عَنْ نَافِعٍ، عَنِ ابْنٍ لِكَعْبِ بْنِ مَالِكٍ، عَنْ أَبِيهِ، أَنَّ امْرَأَةً، ذَبَحَتْ شَاةً بِحَجَرٍ فَذُكِرَ ذَلِكَ لِرَسُولِ اللَّهِ ـ صلى الله عليه وسلم ـ فَلَمْ يَرَ بِهِ بَأْسًا ‏.‏",
      "english": {
        "narrator": "",
        "text": "It was\nnarrated from a son of Ka’b bin Malik, from his father, that a\nwoman slaughtered a sheep with a stone, and that was mentioned to the\nMessenger of Allah (ﷺ), but he did not see anything wrong with\nthat."
      },
      "turkish": {
        "narrator": "",
        "text": "Ka’b bin Malik'in bir oğlundan, babasından rivayet edilmiştir ki, bir kadın bir koyunu bir taşla kesmiştir ve bu Allah'ın Resulü (ﷺ)'ne bildirildi, ama o bununla ilgili bir sakınca görmedi."
      }
    },
    {
      "id": 22,
      "idInBook": 22,
      "chapterId": 27,
      "bookId": 6,
      "arabic": "حَدَّثَنَا مُحَمَّدُ بْنُ عَبْدِ اللَّهِ بْنِ نُمَيْرٍ، حَدَّثَنَا عُمَرُ بْنُ عُبَيْدٍ، عَنْ سَعِيدِ بْنِ مَسْرُوقٍ، عَنْ عَبَايَةَ بْنِ رِفَاعَةَ، عَنْ جَدِّهِ، رَافِعِ بْنِ خَدِيجٍ قَالَ كُنَّا مَعَ النَّبِيِّ ـ صلى الله عليه وسلم ـ فِي سَفَرٍ فَنَدَّ بَعِيرٌ فَرَمَاهُ رَجُلٌ بِسَهْمٍ فَقَالَ النَّبِيُّ ـ صلى الله عليه وسلم ـ ‏\n\"‏ إِنَّ لَهَا أَوَابِدَ - أَحْسَبُهُ قَالَ - كَأَوَابِدِ الْوَحْشِ فَمَا غَلَبَكُمْ مِنْهَا فَاصْنَعُوا بِهِ هَكَذَا ‏\"‏ ‏.‏",
      "english": {
        "narrator": "It was\nnarrated that Rafi’ bin Khadij said:",
        "text": "“We were with the Prophet\n(ﷺ) on a journey, and a camel ran away. A man shot an arrow at it\nand the Prophet (ﷺ) said: ‘It has the inclination to run away\nlike a\nwild animal. If this happens to any of you, do likewise.’”"
      },
      "turkish": {
        "narrator": "It was\nnarrated that Rafi’ bin Khadij said:",
        "text": "Rafi’ bin Khadij'den rivayet edilmiştir: “Biz Peygamber (ﷺ) ile bir yolculuktaydık ve bir deve kaçtı. Bir adam ona ok attı ve Peygamber (ﷺ) dedi ki: ‘O, vahşi bir hayvan gibi kaçma eğilimindedir. Eğer sizden biri böyle bir şeyle karşılaşırsa, aynı şekilde yapın.’”"
      }
    },
    {
      "id": 23,
      "idInBook": 23,
      "chapterId": 27,
      "bookId": 6,
      "arabic": "حَدَّثَنَا أَبُو بَكْرِ بْنُ أَبِي شَيْبَةَ، حَدَّثَنَا وَكِيعٌ، عَنْ حَمَّادِ بْنِ سَلَمَةَ، عَنْ أَبِي الْعُشَرَاءِ، عَنْ أَبِيهِ، قَالَ قُلْتُ يَا رَسُولَ اللَّهِ مَا تَكُونُ الذَّكَاةُ إِلاَّ فِي الْحَلْقِ وَاللَّبَّةِ قَالَ ‏\n\"‏ لَوْ طَعَنْتَ فِي فَخِذِهَا لأَجْزَأَكَ ‏\"‏ ‏.‏",
      "english": {
        "narrator": "It was\nnarrated from Abu ‘Ushara’ that his father said:",
        "text": "“I said: ‘O\nMessenger of Allah, should slaughtering only be done in the throat or\nupper chest?’ He said: ‘If you stab it in the thigh that will\nsuffice\nyou.’”"
      },
      "turkish": {
        "narrator": "It was\nnarrated from Abu ‘Ushara’ that his father said:",
        "text": "Abu ‘Ushara’dan rivayet edilmiştir ki, babası dedi ki: “Ben dedim ki: ‘Ey Allah'ın Resulü, kesim sadece boğazda veya üst göğüste mi yapılmalıdır?’ O da dedi ki: ‘Eğer onu uyluğuna saplarsan, bu sana yeter.’”"
      }
    },
    {
      "id": 24,
      "idInBook": 24,
      "chapterId": 27,
      "bookId": 6,
      "arabic": "حَدَّثَنَا أَبُو بَكْرِ بْنُ أَبِي شَيْبَةَ، وَعَبْدُ اللَّهِ بْنُ سَعِيدٍ، قَالاَ حَدَّثَنَا عُقْبَةُ بْنُ خَالِدٍ، عَنْ مُوسَى بْنِ مُحَمَّدِ بْنِ إِبْرَاهِيمَ التَّيْمِيِّ، عَنْ أَبِيهِ، عَنْ أَبِي سَعِيدٍ الْخُدْرِيِّ، قَالَ نَهَى رَسُولُ اللَّهِ ـ صلى الله عليه وسلم ـ أَنْ يُمَثَّلَ بِالْبَهَائِمِ ‏.‏",
      "english": {
        "narrator": "It was\nnarrated that Abu Sa’eed Al-Khudri said:",
        "text": "“The Messenger of\nAllah\n(ﷺ) forbade mutilating animals.”"
      },
      "turkish": {
        "narrator": "It was\nnarrated that Abu Sa’eed Al-Khudri said:",
        "text": "Abu Sa’eed Al-Khudri'den rivayet edilmiştir: “Allah'ın Resulü (ﷺ) hayvanların parçalanmasını yasakladı.”"
      }
    },
    {
      "id": 25,
      "idInBook": 25,
      "chapterId": 27,
      "bookId": 6,
      "arabic": "حَدَّثَنَا عَلِيُّ بْنُ مُحَمَّدٍ، حَدَّثَنَا وَكِيعٌ، عَنْ شُعْبَةَ، عَنْ هِشَامِ بْنِ زَيْدِ بْنِ أَنَسِ بْنِ مَالِكٍ، عَنْ أَنَسِ بْنِ مَالِكٍ، قَالَ نَهَى رَسُولُ اللَّهِ ـ صلى الله عليه وسلم ـ عَنْ صَبْرِ الْبَهَائِمِ ‏.‏",
      "english": {
        "narrator": "It was\nnarrated that Anas bin Malik said:",
        "text": "“The Messenger of Allah\n(ﷺ)\nforbade tying up animals.”"
      },
      "turkish": {
        "narrator": "It was\nnarrated that Anas bin Malik said:",
        "text": "Anas bin Malik'ten rivayet edilmiştir: “Allah'ın Resulü (ﷺ) hayvanları bağlamayı yasakladı.”"
      }
    },
    {
      "id": 26,
      "idInBook": 26,
      "chapterId": 27,
      "bookId": 6,
      "arabic": "حَدَّثَنَا عَلِيُّ بْنُ مُحَمَّدٍ، حَدَّثَنَا وَكِيعٌ، ح وَحَدَّثَنَا أَبُو بَكْرِ بْنُ خَلاَّدٍ الْبَاهِلِيُّ، حَدَّثَنَا عَبْدُ الرَّحْمَنِ بْنُ مَهْدِيٍّ، قَالاَ حَدَّثَنَا سُفْيَانُ، عَنْ سِمَاكٍ، عَنْ عِكْرِمَةَ، عَنِ ابْنِ عَبَّاسٍ، قَالَ قَالَ رَسُولُ اللَّهِ ـ صلى الله عليه وسلم ـ ‏\n\"‏ لاَ تَتَّخِذُوا شَيْئًا فِيهِ الرُّوحُ غَرَضًا ‏\"‏ ‏.‏",
      "english": {
        "narrator": "It was\nnarrated from Ibn ‘Abbas that the Messenger of Allah (ﷺ)\nsaid:",
        "text": "‘Do not take anything with a soul as a target.”"
      },
      "turkish": {
        "narrator": "It was\nnarrated from Ibn ‘Abbas that the Messenger of Allah (ﷺ)\nsaid:",
        "text": "İbn ‘Abbas'tan rivayet edilmiştir ki, Allah'ın Resulü (ﷺ) dedi: “Canlı olan hiçbir şeyi hedef almayın.”"
      }
    },
    {
      "id": 27,
      "idInBook": 27,
      "chapterId": 27,
      "bookId": 6,
      "arabic": "حَدَّثَنَا هِشَامُ بْنُ عَمَّارٍ، حَدَّثَنَا سُفْيَانُ بْنُ عُيَيْنَةَ، أَنْبَأَنَا ابْنُ جُرَيْجٍ، حَدَّثَنَا أَبُو الزُّبَيْرِ، أَنَّهُ سَمِعَ جَابِرَ بْنَ عَبْدِ اللَّهِ، يَقُولُ نَهَى رَسُولُ اللَّهِ ـ صلى الله عليه وسلم ـ أَنْ يُقْتَلَ شَىْءٌ مِنَ الدَّوَابِّ صَبْرًا ‏.‏",
      "english": {
        "narrator": "Jabir\nbin ‘Abdullah said:",
        "text": "“The Messenger of Allah (ﷺ) forbade\nkilling\nany animal when it is tied up (for use as a target).”"
      },
      "turkish": {
        "narrator": "Jabir\nbin ‘Abdullah said:",
        "text": "Cabir bin ‘Abdullah dedi ki: “Allah'ın Resulü (ﷺ) bağlı olan hiçbir hayvanın öldürülmesini yasakladı (hedef olarak kullanılmak üzere).”"
      }
    },
    {
      "id": 28,
      "idInBook": 28,
      "chapterId": 27,
      "bookId": 6,
      "arabic": "حَدَّثَنَا سُوَيْدُ بْنُ سَعِيدٍ، حَدَّثَنَا ابْنُ أَبِي زَائِدَةَ، عَنْ مُحَمَّدِ بْنِ إِسْحَاقَ، عَنِ ابْنِ أَبِي نَجِيحٍ، عَنْ مُجَاهِدٍ، عَنِ ابْنِ عُمَرَ، قَالَ نَهَى رَسُولُ اللَّهِ ـ صلى الله عليه وسلم ـ عَنْ لُحُومِ الْجَلاَّلَةِ وَأَلْبَانِهَا ‏.‏",
      "english": {
        "narrator": "It was\nnarrated that Ibn ‘Umar said:",
        "text": "“The Messenger of Allah (ﷺ)\nforbade the meat and milk of Al-Jallalah.”*"
      },
      "turkish": {
        "narrator": "It was\nnarrated that Ibn ‘Umar said:",
        "text": "İbn ‘Umar'dan rivayet edilmiştir: “Allah'ın Resulü (ﷺ) Al-Jallalah'ın etini ve sütünü yasakladı.”*"
      }
    },
    {
      "id": 29,
      "idInBook": 29,
      "chapterId": 27,
      "bookId": 6,
      "arabic": "حَدَّثَنَا أَبُو بَكْرِ بْنُ أَبِي شَيْبَةَ، حَدَّثَنَا وَكِيعٌ، عَنْ هِشَامِ بْنِ عُرْوَةَ، عَنْ فَاطِمَةَ بِنْتِ الْمُنْذِرِ، عَنْ أَسْمَاءَ بِنْتِ أَبِي بَكْرٍ، قَالَتْ نَحَرْنَا فَرَسًا فَأَكَلْنَا مِنْ لَحْمِهِ عَلَى عَهْدِ رَسُولِ اللَّهِ ـ صلى الله عليه وسلم ـ ‏.‏",
      "english": {
        "narrator": "It was\nnarrated that Asm’a bint Abu Bakr said:",
        "text": "“We slaughtered a\nhorse\nand ate its meat during the time of the Messenger of Allah\n(ﷺ).”"
      },
      "turkish": {
        "narrator": "It was\nnarrated that Asm’a bint Abu Bakr said:",
        "text": "Asm’a bint Abu Bekr'den rivayet edilmiştir: “Biz, Allah'ın Resulü (ﷺ) döneminde bir at kestik ve etini yedik.”"
      }
    },
    {
      "id": 30,
      "idInBook": 30,
      "chapterId": 27,
      "bookId": 6,
      "arabic": "حَدَّثَنَا بَكْرُ بْنُ خَلَفٍ أَبُو بِشْرٍ، حَدَّثَنَا أَبُو عَاصِمٍ، حَدَّثَنَا ابْنُ جُرَيْجٍ، أَخْبَرَنِي أَبُو الزُّبَيْرِ، أَنَّهُ سَمِعَ جَابِرَ بْنَ عَبْدِ اللَّهِ، يَقُولُ أَكَلْنَا زَمَنَ خَيْبَرَ الْخَيْلَ وَحُمُرَ الْوَحْشِ ‏.‏",
      "english": {
        "narrator": "It was\nnarrated from Abu Zubair that he heard Jabir bin ‘Abdullah\nsay:",
        "text": "“At\nthe time of Khaibar we ate horses and wild donkeys.”"
      },
      "turkish": {
        "narrator": "It was\nnarrated from Abu Zubair that he heard Jabir bin ‘Abdullah\nsay:",
        "text": "Abu Zubair'den rivayet edilmiştir ki, o, Cabir bin ‘Abdullah'ın şöyle dediğini işitti: “Khaybar döneminde at ve vahşi eşek yedik.”"
      }
    },
    {
      "id": 31,
      "idInBook": 31,
      "chapterId": 27,
      "bookId": 6,
      "arabic": "حَدَّثَنَا سُوَيْدُ بْنُ سَعِيدٍ، حَدَّثَنَا عَلِيُّ بْنُ مُسْهِرٍ، عَنْ أَبِي إِسْحَاقَ الشَّيْبَانِيِّ، قَالَ سَأَلْتُ عَبْدَ اللَّهِ بْنَ أَبِي أَوْفَى عَنْ لُحُومِ الْحُمُرِ الأَهْلِيَّةِ، فَقَالَ أَصَابَتْنَا مَجَاعَةٌ يَوْمَ خَيْبَرَ وَنَحْنُ مَعَ النَّبِيِّ ـ صلى الله عليه وسلم ـ وَقَدْ أَصَابَ الْقَوْمُ حُمُرًا خَارِجًا مِنَ الْمَدِينَةِ فَنَحَرْنَاهَا وَإِنَّ قُدُورَنَا لَتَغْلِي إِذْ نَادَى مُنَادِي النَّبِيِّ ـ صلى الله عليه وسلم ـ أَنِ اكْفَئُوا الْقُدُورَ وَلاَ تَطْعَمُوا مِنْ لُحُومِ الْحُمُرِ شَيْئًا ‏.‏ فَأَكْفَأْنَاهَا ‏.‏ فَقُلْتُ لِعَبْدِ اللَّهِ بْنِ أَبِي أَوْفَى حَرَّمَهَا تَحْرِيمًا قَالَ تَحَدَّثْنَا أَنَّمَا حَرَّمَهَا رَسُولُ اللَّهِ ـ صلى الله عليه وسلم ـ أَلْبَتَّةَ مِنْ أَجْلِ أَنَّهَا تَأْكُلُ الْعَذِرَةَ ‏.‏",
      "english": {
        "narrator": "It was\nnarrated that Abu Ishaq Shaibani said:",
        "text": "“I asked ‘Abdullah bin\nAbu\nAwfa about the flesh of domesticated donkeys and he said: ‘We were\nstarving on the Day of Khaibar, when we were with the Prophet (ﷺ).\nThe people had gotten some donkeys as spoils of war on the way out\nfrom Al-Madinah, so we slaughtered them and our cooking pots were\nboiling when the caller of the Messenger of Allah (ﷺ) cried out,\ntelling us to overturn out pots and not to eat anything of the flesh\nof donkeys. So we overturned them.’ I said to ‘Abdullah bin Abu\nAwfa:\n‘Was it made unlawful?’ He said: ‘We think that the\nMessenger of Allah\n(ﷺ) forbade it altogether because it eats\nexcrement.’”"
      },
      "turkish": {
        "narrator": "It was\nnarrated that Abu Ishaq Shaibani said:",
        "text": "Abu İshak Şaibani'nin rivayet ettiğine göre: “Abdullah bin Ebu Avfa'ya evcil eşeklerin etini sordum. O da: ‘Khaybar Günü açlıktan kıvranıyorduk, Peygamber (ﷺ) ile birlikteydik. İnsanlar Medine'den çıkarken savaş ganimeti olarak bazı eşekler almışlardı, biz de onları kestik ve tencerelerimiz kaynamaya başlamıştı ki, Allah'ın Resulü (ﷺ) çağrıda bulundu ve bize tencerelerimizi devirmemizi, eşek etinden bir şey yemememizi söyledi. Biz de onları devirdik.’ Ben de Abdullah bin Ebu Avfa'ya: ‘Bu haram mı kılındı?’ dedim. O da: ‘Biz, Allah'ın Resulü'nün (ﷺ) bunu tamamen yasakladığını düşünüyoruz çünkü eşek dışkı yer.’”"
      }
    },
    {
      "id": 32,
      "idInBook": 32,
      "chapterId": 27,
      "bookId": 6,
      "arabic": "حَدَّثَنَا أَبُو بَكْرِ بْنُ أَبِي شَيْبَةَ، حَدَّثَنَا زَيْدُ بْنُ الْحُبَابِ، عَنْ مُعَاوِيَةَ بْنِ صَالِحٍ، حَدَّثَنِي الْحَسَنُ بْنُ جَابِرٍ، عَنِ الْمِقْدَامِ بْنِ مَعْدِيكَرِبَ الْكِنْدِيِّ، أَنَّ رَسُولَ اللَّهِ ـ صلى الله عليه وسلم ـ حَرَّمَ أَشْيَاءَ حَتَّى ذَكَرَ الْحُمُرَ الإِنْسِيَّةَ ‏.‏",
      "english": {
        "narrator": "",
        "text": "It was\nnarrated from Miqdam bin Ma’dikarib Al-Kindi that the\nMessenger of\nAllah (ﷺ) forbade several things, until he mentioned\n(the meat of)\ndomesticated donkeys."
      },
      "turkish": {
        "narrator": "",
        "text": "Mikdam bin Ma’dikarib el-Kindi'den rivayet edilmiştir ki, Allah'ın Resulü (ﷺ) birkaç şeyi yasakladı, ta ki evcil eşeklerin etini anana kadar."
      }
    },
    {
      "id": 33,
      "idInBook": 33,
      "chapterId": 27,
      "bookId": 6,
      "arabic": "حَدَّثَنَا سُوَيْدُ بْنُ سَعِيدٍ، حَدَّثَنَا عَلِيُّ بْنُ مُسْهِرٍ، عَنْ عَاصِمٍ، عَنِ الشَّعْبِيِّ، عَنِ الْبَرَاءِ بْنِ عَازِبٍ، قَالَ أَمَرَنَا رَسُولُ اللَّهِ ـ صلى الله عليه وسلم ـ أَنْ نُلْقِيَ لُحُومَ الْحُمُرِ الأَهْلِيَّةِ نِيئَةً وَنَضِيجَةً ثُمَّ لَمْ يَأْمُرْنَا بِهِ بَعْدُ ‏.‏",
      "english": {
        "narrator": "It was\nnarrated that Bara’ bin ‘Azib said:",
        "text": "“The Messenger of Allah\n(ﷺ) commanded us to throw away the meat of domesticated donkeys,\nraw\nor cooked, then he did not say anything to us about it after\nthat.”"
      },
      "turkish": {
        "narrator": "It was\nnarrated that Bara’ bin ‘Azib said:",
        "text": "Bara' bin Azib şöyle dedi: “Allah'ın Resulü (ﷺ) bize evcil eşeklerin etini, çiğ veya pişmiş, atmamızı emretti, sonra bu konuda bize başka bir şey söylemedi.”"
      }
    },
    {
      "id": 34,
      "idInBook": 34,
      "chapterId": 27,
      "bookId": 6,
      "arabic": "حَدَّثَنَا يَعْقُوبُ بْنُ حُمَيْدِ بْنِ كَاسِبٍ، حَدَّثَنَا الْمُغِيرَةُ بْنُ عَبْدِ الرَّحْمَنِ، عَنْ يَزِيدَ بْنِ أَبِي عُبَيْدٍ، عَنْ سَلَمَةَ بْنِ الأَكْوَعِ، قَالَ غَزَوْنَا مَعَ رَسُولِ اللَّهِ ـ صلى الله عليه وسلم ـ غَزْوَةَ خَيْبَرَ فَأَمْسَى النَّاسُ قَدْ أَوْقَدُوا النِّيرَانَ فَقَالَ النَّبِيُّ ـ صلى الله عليه وسلم ـ ‏\"‏ عَلاَمَ تُوقِدُونَ ‏\"‏ ‏.‏ قَالُوا عَلَى لُحُومِ الْحُمُرِ الإِنْسِيَّةِ فَقَالَ ‏\"‏ أَهْرِيقُوا مَا فِيهَا وَاكْسِرُوهَا ‏\"‏ ‏.‏ فَقَالَ رَجُلٌ مِنَ الْقَوْمِ أَوْ نُهَرِيقُ مَا فِيهَا وَنَغْسِلُهَا فَقَالَ النَّبِيُّ ـ صلى الله عليه وسلم ـ ‏\"‏ أَوْ ذَاكَ ‏\"‏ ‏.‏",
      "english": {
        "narrator": "It was\nnarrated that Salamah bin Akwa’ said:",
        "text": "“We went out with the\nMessenger of Allah (ﷺ) on the campaign of Khaibar, and in the\nevening the people lit their fires. The Prophet (ﷺ) said: ‘What\nare\nyou cooking?’ They said: ‘The meat of domesticated donkeys.’\nHe said:\n‘Throw out what is in them (the pots) and break them.’ A\nman said: ‘Or\ncan we throw out what is in them and wash them?’\nThe Prophet (ﷺ)\nsaid: ‘Or (do) that.’”"
      },
      "turkish": {
        "narrator": "It was\nnarrated that Salamah bin Akwa’ said:",
        "text": "Salamah bin Akwa' şöyle dedi: “Biz, Allah'ın Resulü (ﷺ) ile birlikte Khaybar seferine çıktık ve akşam insanları ateşlerini yaktı. Peygamber (ﷺ) dedi ki: ‘Ne pişiriyorsunuz?’ Onlar: ‘Evcil eşeklerin etini.’ dediler. O da: ‘Onların içindekileri dökün ve kırın.’ Bir adam: ‘Ya da içindekileri döküp yıkayabilir miyiz?’ dedi. Peygamber (ﷺ) dedi ki: ‘Ya da (bunu) yapın.’”"
      }
    },
    {
      "id": 35,
      "idInBook": 35,
      "chapterId": 27,
      "bookId": 6,
      "arabic": "حَدَّثَنَا مُحَمَّدُ بْنُ يَحْيَى، حَدَّثَنَا عَبْدُ الرَّزَّاقِ، أَنْبَأَنَا مَعْمَرٌ، عَنْ أَيُّوبَ، عَنِ ابْنِ سِيرِينَ، عَنْ أَنَسِ بْنِ مَالِكٍ، أَنَّ مُنَادِيَ النَّبِيِّ، ـ صلى الله عليه وسلم ـ نَادَى إِنَّ اللَّهَ وَرَسُولَهُ يَنْهَيَانِكُمْ عَنْ لُحُومِ الْحُمُرِ الأَهْلِيَّةِ فَإِنَّهَا رِجْسٌ ‏.‏",
      "english": {
        "narrator": "It was\nnarrated from Anas bin Malik that the caller of the Prophet\n(ﷺ)\ncried out:",
        "text": "“Allah and His Messenger forbid you to eat the flesh\nof\ndomesticated donkeys, for it is filthy.”"
      },
      "turkish": {
        "narrator": "It was\nnarrated from Anas bin Malik that the caller of the Prophet\n(ﷺ)\ncried out:",
        "text": "Anas bin Malik'ten rivayet edilmiştir ki, Peygamber (ﷺ) çağrıda bulundu: “Allah ve Resulü, evcil eşeklerin etini yemenizi yasaklıyor, çünkü o pis bir şeydir.”"
      }
    },
    {
      "id": 36,
      "idInBook": 36,
      "chapterId": 27,
      "bookId": 6,
      "arabic": "حَدَّثَنَا عَمْرُو بْنُ عَبْدِ اللَّهِ، حَدَّثَنَا وَكِيعٌ، عَنْ سُفْيَانَ، ح وَحَدَّثَنَا مُحَمَّدُ بْنُ يَحْيَى، حَدَّثَنَا عَبْدُ الرَّزَّاقِ، حَدَّثَنَا الثَّوْرِيُّ، وَمَعْمَرٌ، جَمِيعًا عَنْ عَبْدِ الْكَرِيمِ الْجَزَرِيِّ، عَنْ عَطَاءٍ، عَنْ جَابِرِ بْنِ عَبْدِ اللَّهِ، قَالَ كُنَّا نَأْكُلُ لُحُومَ الْخَيْلِ ‏.‏ قُلْتُ فَالْبِغَالُ قَالَ لاَ ‏.‏",
      "english": {
        "narrator": "It was\nnarrated that ‘Ata’ narrated that Jabir bin ‘Abdullah said:",
        "text": "“We\nused to eat the meat of horses.” I said: “And mules?” He said:\n“No.”"
      },
      "turkish": {
        "narrator": "It was\nnarrated that ‘Ata’ narrated that Jabir bin ‘Abdullah said:",
        "text": "'Ata' rivayet etti ki, Cabir bin Abdullah şöyle dedi: “Biz at etini yerdik.” Ben: “Ya katır?” dedim. O: “Hayır.” dedi."
      }
    },
    {
      "id": 37,
      "idInBook": 37,
      "chapterId": 27,
      "bookId": 6,
      "arabic": "حَدَّثَنَا مُحَمَّدُ بْنُ الْمُصَفَّى، حَدَّثَنَا بَقِيَّةُ، حَدَّثَنِي ثَوْرُ بْنُ يَزِيدَ، عَنْ صَالِحِ بْنِ يَحْيَى بْنِ الْمِقْدَامِ بْنِ مَعْدِيكَرِبَ، عَنْ أَبِيهِ، عَنْ جَدِّهِ، عَنْ خَالِدِ بْنِ الْوَلِيدِ، قَالَ نَهَى رَسُولُ اللَّهِ ـ صلى الله عليه وسلم ـ عَنْ لُحُومِ الْخَيْلِ وَالْبِغَالِ وَالْحَمِيرِ ‏.‏",
      "english": {
        "narrator": "It was\nnarrated that Khalid bin Walid said:",
        "text": "“The Messenger of Allah\n(ﷺ)\nforbade the flesh of horses, mules and donkeys.”"
      },
      "turkish": {
        "narrator": "It was\nnarrated that Khalid bin Walid said:",
        "text": "Halid bin Velid şöyle dedi: “Allah'ın Resulü (ﷺ) atların, katırların ve eşeklerin etini yasakladı.”"
      }
    },
    {
      "id": 38,
      "idInBook": 38,
      "chapterId": 27,
      "bookId": 6,
      "arabic": "حَدَّثَنَا أَبُو كُرَيْبٍ، حَدَّثَنَا عَبْدُ اللَّهِ بْنُ الْمُبَارَكِ، وَأَبُو خَالِدٍ الأَحْمَرُ وَعَبْدَةُ بْنُ سُلَيْمَانَ عَنْ مُجَالِدٍ، عَنْ أَبِي الْوَدَّاكِ، عَنْ أَبِي سَعِيدٍ، قَالَ سَأَلْنَا رَسُولَ اللَّهِ ـ صلى الله عليه وسلم ـ عَنِ الْجَنِينِ فَقَالَ ‏\n\"‏ كُلُوهُ إِنْ شِئْتُمْ فَإِنَّ ذَكَاةَ الْجَنِينِ ذَكَاةُ أُمِّهِ ‏\"‏ ‏.‏ \nقَالَ أَبُو عَبْد اللَّهِ سَمِعْتُ الْكَوْسَجَ إِسْحَقَ بْنَ مَنْصُورٍ يَقُولُ فِي قَوْلِهِمْ فِي الذَّكَاةِ لَا يُقْضَى بِهَا مَذِمَّةٌ قَالَ مَذِمَّةٌ بِكَسْرِ الذَّالِ مِنْ الذِّمَامِ وَبِفَتْحِ الذَّالِ مِنْ الذَّمِّ.",
      "english": {
        "narrator": "It was\nnarrated that Abu Sa’eed said:",
        "text": "“We asked the Messenger of\nAllah\n(ﷺ) about the fetus. He said: ‘Eat it if you wish, for it is\nconsidered legally slaughtered with the slaughtering of its mother.’”"
      },
      "turkish": {
        "narrator": "It was\nnarrated that Abu Sa’eed said:",
        "text": "Ebu Said şöyle dedi: “Biz, Allah'ın Resulü (ﷺ) ile fetüs hakkında konuştuk. O: ‘İsterseniz onu yiyin, çünkü annesiyle birlikte kesilmiş sayılır.’ dedi.”"
      }
    }
  ],
  "chapter": {
    "id": 27,
    "bookId": 6,
    "arabic": "كتاب الذبائح",
    "english": "Chapters on Slaughtering"
  }
}