{
  "metadata": {
    "length": 51,
    "arabic": {
      "title": "سنن ابن ماجه",
      "author": "الإمام محمد بن يزيد بن ماجه القزويني",
      "introduction": "كتاب الصيد"
    },
    "english": {
      "title": "Sunan Ibn Majah",
      "author": "Imam Muhammad ibn Yazid Ibn Majah al-Qazwini",
      "introduction": "Chapters on Hunting"
    }
  },
  "hadiths": [
    {
      "id": 1,
      "idInBook": 1,
      "chapterId": 28,
      "bookId": 6,
      "arabic": "حَدَّثَنَا أَبُو بَكْرِ بْنُ أَبِي شَيْبَةَ، حَدَّثَنَا شَبَابَةُ، حَدَّثَنَا شُعْبَةُ، عَنْ أَبِي التَّيَّاحِ، قَالَ سَمِعْتُ مُطَرِّفًا، يُحَدِّثُ عَنْ عَبْدِ اللَّهِ بْنِ مُغَفَّلٍ، أَنَّ رَسُولَ اللَّهِ ـ صلى الله عليه وسلم ـ أَمَرَ بِقَتْلِ الْكِلاَبِ ثُمَّ قَالَ ‏\n\"‏ مَا لَهُمْ وَلِلْكِلاَبِ ‏\"‏ ‏.‏ ثُمَّ رَخَّصَ لَهُمْ فِي كَلْبِ الصَّيْدِ ‏.‏",
      "english": {
        "narrator": "It was\nnarrated from ‘Abdullah bin Mughaffal that the Messenger of\nAllah\n(ﷺ) commanded that dogs be killed, then he said:",
        "text": "“What do they\nuse dogs for?” Then he permitted them to keep hunting dogs."
      },
      "turkish": {
        "narrator": "It was\nnarrated from ‘Abdullah bin Mughaffal that the Messenger of\nAllah\n(ﷺ) commanded that dogs be killed, then he said:",
        "text": "'Abdullah bin Mughaffal'den rivayet edilmiştir ki, Allah'ın Resulü (ﷺ) köpeklerin öldürülmesini emretmiştir, sonra da: \"Köpekleri ne için kullanıyorlar?\" demiştir. Ardından av köpeklerini tutmalarına izin vermiştir."
      }
    },
    {
      "id": 2,
      "idInBook": 2,
      "chapterId": 28,
      "bookId": 6,
      "arabic": "حَدَّثَنَا مُحَمَّدُ بْنُ بَشَّارٍ، حَدَّثَنَا عُثْمَانُ بْنُ عُمَرَ، ح وَحَدَّثَنَا مُحَمَّدُ بْنُ الْوَلِيدِ، حَدَّثَنَا مُحَمَّدُ بْنُ جَعْفَرٍ، قَالاَ حَدَّثَنَا شُعْبَةُ، عَنْ أَبِي التَّيَّاحِ، قَالَ سَمِعْتُ مُطَرِّفًا، عَنْ عَبْدِ اللَّهِ بْنِ مُغَفَّلٍ، أَنَّ رَسُولَ اللَّهِ ـ صلى الله عليه وسلم ـ أَمَرَ بِقَتْلِ الْكِلاَبِ ثُمَّ قَالَ ‏\n\"‏ مَا لَهُمْ وَلِلْكِلاَبِ ‏\"‏ ‏.‏ ثُمَّ رَخَّصَ لَهُمْ فِي كَلْبِ الزَّرْعِ وَكَلْبِ الْعِينِ ‏.‏ قَالَ بُنْدَارٌ الْعِينُ حِيطَانُ الْمَدِينَةِ ‏.‏",
      "english": {
        "narrator": "It was\nnarrated from ‘Abdullah bin Mughaffal that the Messenger of\nAllah\n(ﷺ) commanded that dogs be killed, then he said:",
        "text": "“What do they\nuse dogs for?” Then he permitted them to keep farming dogs and dogs\nof\n‘Ein. Bundar said: “The ‘Ein refers to the walls of\nAl-Madinah.”"
      },
      "turkish": {
        "narrator": "It was\nnarrated from ‘Abdullah bin Mughaffal that the Messenger of\nAllah\n(ﷺ) commanded that dogs be killed, then he said:",
        "text": "'Abdullah bin Mughaffal'den rivayet edilmiştir ki, Allah'ın Resulü (ﷺ) köpeklerin öldürülmesini emretmiştir, sonra da: \"Köpekleri ne için kullanıyorlar?\" demiştir. Ardından tarım köpeklerini ve 'Ein köpeklerini tutmalarına izin vermiştir. Bundar şöyle demiştir: \"'Ein, Al-Medine'nin duvarlarını ifade eder.\""
      }
    },
    {
      "id": 3,
      "idInBook": 3,
      "chapterId": 28,
      "bookId": 6,
      "arabic": "حَدَّثَنَا سُوَيْدُ بْنُ سَعِيدٍ، أَنْبَأَنَا مَالِكُ بْنُ أَنَسٍ، عَنْ نَافِعٍ، عَنِ ابْنِ عُمَرَ، قَالَ أَمَرَ رَسُولُ اللَّهِ ـ صلى الله عليه وسلم ـ بِقَتْلِ الْكِلاَبِ ‏.‏",
      "english": {
        "narrator": "It was\nnarrated that Ibn ‘Umar said:",
        "text": "“The Messenger of Allah (ﷺ)\ncommanded that dogs be killed.”"
      },
      "turkish": {
        "narrator": "It was\nnarrated that Ibn ‘Umar said:",
        "text": "İbn 'Umar'dan rivayet edilmiştir ki: \"Allah'ın Resulü (ﷺ) köpeklerin öldürülmesini emretmiştir.\""
      }
    },
    {
      "id": 4,
      "idInBook": 4,
      "chapterId": 28,
      "bookId": 6,
      "arabic": "حَدَّثَنَا أَبُو طَاهِرٍ، حَدَّثَنَا ابْنُ وَهْبٍ، أَخْبَرَنِي يُونُسُ، عَنِ ابْنِ شِهَابٍ، عَنْ سَالِمٍ، عَنْ أَبِيهِ، قَالَ سَمِعْتُ رَسُولَ اللَّهِ ـ صلى الله عليه وسلم ـ رَافِعًا صَوْتَهُ يَأْمُرُ بِقَتْلِ الْكِلاَبِ وَكَانَتِ الْكِلاَبُ تُقْتَلُ إِلاَّ كَلْبَ صَيْدٍ أَوْ مَاشِيَةٍ ‏.‏",
      "english": {
        "narrator": "It was\nnarrated from Salim that his father said:",
        "text": "“I heard the\nMessenger of\nAllah (ﷺ) raising his voice and commanding that dogs be\nkilled, and\ndogs were killed, except for hunting dogs or dogs kept for\nherding\nlivestock.”"
      },
      "turkish": {
        "narrator": "It was\nnarrated from Salim that his father said:",
        "text": "Salim'den rivayet edilmiştir ki, babası şöyle demiştir: \"Ben, Allah'ın Resulü (ﷺ) köpeklerin öldürülmesini emrederken sesini yükselttiğini duydum ve köpekler öldürüldü, av köpekleri veya hayvanları güden köpekler hariç.\""
      }
    },
    {
      "id": 5,
      "idInBook": 5,
      "chapterId": 28,
      "bookId": 6,
      "arabic": "حَدَّثَنَا هِشَامُ بْنُ عَمَّارٍ، حَدَّثَنَا الْوَلِيدُ بْنُ مُسْلِمٍ، حَدَّثَنَا الأَوْزَاعِيُّ، حَدَّثَنِي يَحْيَى بْنُ أَبِي كَثِيرٍ، عَنْ أَبِي سَلَمَةَ، عَنْ أَبِي هُرَيْرَةَ، قَالَ قَالَ رَسُولُ اللَّهِ ـ صلى الله عليه وسلم ـ ‏\n\"‏ مَنِ اقْتَنَى كَلْبًا فَإِنَّهُ يَنْقُصُ مِنْ عَمَلِهِ كُلَّ يَوْمٍ قِيرَاطٌ إِلاَّ كَلْبَ حَرْثٍ أَوْ مَاشِيَةٍ ‏\"‏ ‏.‏",
      "english": {
        "narrator": "It was\nnarrated that Abu Hurairah said:",
        "text": "“The Messenger of Allah (ﷺ)\nsaid: ‘Whoever keeps a dog, one Qirat will be deducted from him\n(good)\ndeeds every day, except a dog for farming or herding\nlivestock.”"
      },
      "turkish": {
        "narrator": "It was\nnarrated that Abu Hurairah said:",
        "text": "Ebu Hureyre'den rivayet edilmiştir ki: \"Allah'ın Resulü (ﷺ) şöyle dedi: 'Kim bir köpek beslerse, her gün bir Kıraat (sevap) onun iyi amellerinden eksilecektir, tarım veya hayvanları güden köpekler hariç.'\""
      }
    },
    {
      "id": 6,
      "idInBook": 6,
      "chapterId": 28,
      "bookId": 6,
      "arabic": "حَدَّثَنَا أَبُو بَكْرِ بْنُ أَبِي شَيْبَةَ، حَدَّثَنَا أَحْمَدُ بْنُ عَبْدِ اللَّهِ، عَنْ أَبِي شِهَابٍ، حَدَّثَنِي يُونُسُ بْنُ عُبَيْدٍ، عَنِ الْحَسَنِ، عَنْ عَبْدِ اللَّهِ بْنِ مُغَفَّلٍ، قَالَ قَالَ رَسُولُ اللَّهِ ـ صلى الله عليه وسلم ـ ‏\n\"‏ لَوْلاَ أَنَّ الْكِلاَبَ أُمَّةٌ مِنَ الأُمَمِ لأَمَرْتُ بِقَتْلِهَا فَاقْتُلُوا مِنْهَا الأَسْوَدَ الْبَهِيمَ وَمَا مِنْ قَوْمٍ اتَّخَذُوا كَلْبًا إِلاَّ كَلْبَ مَاشِيَةٍ أَوْ كَلْبَ صَيْدٍ أَوْ كَلْبَ حَرْثٍ إِلاَّ نَقَصَ مِنْ أُجُورِهِمْ كُلَّ يَوْمٍ قِيرَاطَانِ ‏\"‏ ‏.‏",
      "english": {
        "narrator": "It was\nnarrated from ‘Abdullah bin Mughaffal that the Messenger of\nAllah\n(ﷺ) said:",
        "text": "“Were it not that dogs form one of the communities\n(or\nnations – of creatures), I would have commanded that they be\nkilled. But kill those that are all black. There are no people who\nkeep a dog, except for dogs used for herding livestock, hunting or\nfarming, but two Qirat will be deducted from their reward each day.”"
      },
      "turkish": {
        "narrator": "It was\nnarrated from ‘Abdullah bin Mughaffal that the Messenger of\nAllah\n(ﷺ) said:",
        "text": "'Abdullah bin Mughaffal'den rivayet edilmiştir ki, Allah'ın Resulü (ﷺ) şöyle dedi: \"Eğer köpekler yaratıkların bir topluluğunu (veya milletini) oluşturmasaydı, onları öldürmeyi emrederdim. Ama tamamen siyah olanları öldürün. Hayvanları güden, avlanan veya tarım için kullanılan köpekler dışında köpek besleyen kimse yoktur, ama her gün onların sevabından iki Kıraat eksilecektir.\""
      }
    },
    {
      "id": 7,
      "idInBook": 7,
      "chapterId": 28,
      "bookId": 6,
      "arabic": "حَدَّثَنَا أَبُو بَكْرِ بْنُ أَبِي شَيْبَةَ، حَدَّثَنَا خَالِدُ بْنُ مَخْلَدٍ، حَدَّثَنَا مَالِكُ بْنُ أَنَسٍ، عَنْ يَزِيدَ بْنِ خُصَيْفَةَ، عَنِ السَّائِبِ بْنِ يَزِيدَ، عَنْ سُفْيَانَ بْنِ أَبِي زُهَيْرٍ، قَالَ سَمِعْتُ النَّبِيَّ ـ صلى الله عليه وسلم ـ يَقُولُ ‏\n\"‏ مَنِ اقْتَنَى كَلْبًا لاَ يُغْنِي عَنْهُ زَرْعًا وَلاَ ضَرْعًا نَقَصَ مِنْ عَمَلِهِ كُلَّ يَوْمٍ قِيرَاطٌ ‏\"‏ ‏.‏ فَقِيلَ لَهُ أَنْتَ سَمِعْتَ مِنَ النَّبِيِّ ـ صلى الله عليه وسلم ـ قَالَ إِي وَرَبِّ هَذَا الْمَسْجِدِ ‏.‏",
      "english": {
        "narrator": "It was\nnarrated that Sufyan bin Abu Zuhair said:",
        "text": "“I heard the Prophet\n(ﷺ) say: ‘Whoever keeps a dog that he does not need for farming\nor\nherding, one Qirat will be deducted from his (good) deeds each\nday.’”"
      },
      "turkish": {
        "narrator": "It was\nnarrated that Sufyan bin Abu Zuhair said:",
        "text": "Sufyan bin Ebu Zuhair'den rivayet edilmiştir ki: \"Ben, Peygamber (ﷺ) şöyle derken duydum: 'Eğer tarım veya hayvanları güden bir köpeğe ihtiyacınız yoksa, her gün bir Kıraat onun (iyi) amellerinden eksilecektir.'\""
      }
    },
    {
      "id": 8,
      "idInBook": 8,
      "chapterId": 28,
      "bookId": 6,
      "arabic": "حَدَّثَنَا مُحَمَّدُ بْنُ الْمُثَنَّى، حَدَّثَنَا الضَّحَّاكُ بْنُ مَخْلَدٍ، حَدَّثَنَا حَيْوَةُ بْنُ شُرَيْحٍ، حَدَّثَنِي رَبِيعَةُ بْنُ يَزِيدَ، أَخْبَرَنِي أَبُو إِدْرِيسَ الْخَوْلاَنِيُّ، عَنْ أَبِي ثَعْلَبَةَ الْخُشَنِيِّ، قَالَ أَتَيْتُ رَسُولَ اللَّهِ ـ صلى الله عليه وسلم ـ فَقُلْتُ يَا رَسُولَ اللَّهِ إِنَّا بِأَرْضِ أَهْلِ كِتَابٍ نَأْكُلُ فِي آنِيَتِهِمْ وَبِأَرْضِ صَيْدٍ أَصِيدُ بِقَوْسِي وَأَصِيدُ بِكَلْبِيَ الْمُعَلَّمِ وَأَصِيدُ بِكَلْبِيَ الَّذِي لَيْسَ بِمُعَلَّمٍ ‏.‏ قَالَ فَقَالَ رَسُولُ اللَّهِ ـ صلى الله عليه وسلم ـ ‏\n\"‏ أَمَّا مَا ذَكَرْتَ أَنَّكُمْ فِي أَرْضِ أَهْلِ كِتَابٍ فَلاَ تَأْكُلُوا فِي آنِيَتِهِمْ إِلاَّ أَنْ لاَ تَجِدُوا مِنْهَا بُدًّا فَإِنْ لَمْ تَجِدُوا مِنْهَا بُدًّا فَاغْسِلُوهَا وَكُلُوا فِيهَا وَأَمَّا مَا ذَكَرْتَ مِنْ أَمْرِ الصَّيْدِ فَمَا أَصَبْتَ بِقَوْسِكَ فَاذْكُرِ اسْمَ اللَّهِ وَكُلْ وَمَا صِدْتَ بِكَلْبِكَ الْمُعَلَّمِ فَاذْكُرِ اسْمَ اللَّهِ وَكُلْ وَمَا صِدْتَ بِكَلْبِكَ الَّذِي لَيْسَ بِمُعَلَّمٍ فَأَدْرَكْتَ ذَكَاتَهُ فَكُلْ ‏\"‏ ‏.‏",
      "english": {
        "narrator": "It was\nnarrated that Abu Tha’labah Al-Khushani said:",
        "text": "“I came to the\nMessenger of Allah (ﷺ) and said: ‘O Messenger of Allah, we live\nin a\nland of the People of the Book and we eat from their vessels.\nAnd we\nlive in a land (where there is) game, so I hunt with my bow\nand with\nmy trained dog and with my untrained dog.’ The Messenger\nof Allah\n(ﷺ) said: ‘As for what you say about living in a land of\nthe People\nof the Book, do not eat from their vessels unless you can\nfind no\nalternative. If you can fidn no alternative then wash them\nand eat\nfrom them. With regard to what you say about hunting,\nwhatever you\ncatch with your bow, say the Name of Allah over it and\neat. Whatever\nyou catch with your trained dog, say the Name of Allah\nover it and\neat. But whatever you catch with your untrained dog, then\ncatch it,\nslaughter it, then eat.’”"
      },
      "turkish": {
        "narrator": "It was\nnarrated that Abu Tha’labah Al-Khushani said:",
        "text": "Ebu Tha'labah Al-Khushani'den rivayet edilmiştir ki: \"Ben, Allah'ın Resulü (ﷺ)'ne geldim ve dedim: 'Ey Allah'ın Resulü, biz Kitap Ehli'nin (Halkı'nın) topraklarında yaşıyoruz ve onların kaplarından yiyoruz. Ve av olan bir toprakta yaşıyoruz, bu yüzden yayım ve eğitimli köpeğimle ve eğitimsiz köpeğimle avlanıyorum.' Allah'ın Resulü (ﷺ) şöyle dedi: 'Kitap Ehli'nin topraklarında yaşadığınız hakkında söylediklerinize gelince, alternatif bulamazsanız onların kaplarından yemeyin. Eğer alternatif bulamazsanız, o zaman onları yıkayın ve onlardan yiyin. Avlanma konusuna gelince, yayımla yakaladığınız her şeye Allah'ın ismini anarak yiyin. Eğitimli köpeğinizle yakaladığınız her şeye Allah'ın ismini anarak yiyin. Ama eğitimsiz köpeğinizle yakaladığınız her şeye gelince, onu yakalayın, kesin ve sonra yiyin.'\""
      }
    },
    {
      "id": 9,
      "idInBook": 9,
      "chapterId": 28,
      "bookId": 6,
      "arabic": "حَدَّثَنَا عَلِيُّ بْنُ الْمُنْذِرِ، حَدَّثَنَا مُحَمَّدُ بْنُ فُضَيْلٍ، حَدَّثَنَا بَيَانُ بْنُ بِشْرٍ، عَنِ الشَّعْبِيِّ، عَنْ عَدِيِّ بْنِ حَاتِمٍ، قَالَ سَأَلْتُ رَسُولَ اللَّهِ ـ صلى الله عليه وسلم ـ فَقُلْتُ إِنَّا قَوْمٌ نَصِيدُ بِهَذِهِ الْكِلاَبِ ‏.‏ قَالَ ‏\n\"‏ إِذَا أَرْسَلْتَ كِلاَبَكَ الْمُعَلَّمَةَ وَذَكَرْتَ اسْمَ اللَّهِ عَلَيْهَا فَكُلْ مَا أَمْسَكْنَ عَلَيْكَ وَإِنْ قَتَلْنَ إِلاَّ أَنْ يَأْكُلَ الْكَلْبُ فَإِنْ أَكَلَ الْكَلْبُ فَلاَ تَأْكُلْ فَإِنِّي أَخَافُ أَنْ يَكُونَ إِنَّمَا أَمْسَكَ عَلَى نَفْسِهِ وَإِنْ خَالَطَهَا كِلاَبٌ أُخَرُ فَلاَ تَأْكُلْ ‏\"‏ ‏.‏ قَالَ ابْنُ مَاجَهْ سَمِعْتُهُ - يَعْنِي عَلِيَّ بْنَ الْمُنْذِرِ - يَقُولُ حَجَجْتُ ثَمَانِيَةً وَخَمْسِينَ حِجَّةً أَكْثَرُهَا رَاجِلٌ ‏.‏",
      "english": {
        "narrator": "It was\nnarrated that ‘Adi bin Hatim said:",
        "text": "“I asked the Messenger of\nAllah (ﷺ): ‘We are people who hunt with these dogs.’ He said:\n‘If\nyou send out your trained dogs and mention the Name of Allah\nover\nthem, then eat whatever they catch even if they kill it, unless\nthe\ndog has eaten any of it. If the dog has eaten any of it then do\nnot\neat it, for I fear that it will have caught it for itself. And if\nanother dog joins it, then do not eat it.’”"
      },
      "turkish": {
        "narrator": "It was\nnarrated that ‘Adi bin Hatim said:",
        "text": "'Adi bin Hatim'den rivayet edilmiştir ki: \"Ben, Allah'ın Resulü (ﷺ)'ne: 'Biz bu köpeklerle avlanan insanlarız.' dedim. O da: 'Eğer eğitimli köpeklerinizi gönderir ve onlara Allah'ın ismini anarsanız, o zaman onların yakaladığı her şeyi yiyin, hatta öldürseler bile, eğer köpek ondan bir şey yememişse. Eğer köpek ondan bir şey yemişse, o zaman onu yemeyin, çünkü onun kendisi için yakalamış olmasından korkarım. Eğer başka bir köpek ona katılırsa, o zaman onu yemeyin.'\""
      }
    },
    {
      "id": 10,
      "idInBook": 10,
      "chapterId": 28,
      "bookId": 6,
      "arabic": "حَدَّثَنَا عَمْرُو بْنُ عَبْدِ اللَّهِ، حَدَّثَنَا وَكِيعٌ، عَنْ شَرِيكٍ، عَنْ حَجَّاجِ بْنِ أَرْطَاةَ، عَنِ الْقَاسِمِ بْنِ أَبِي بَزَّةَ، عَنْ سُلَيْمَانَ الْيَشْكُرِيِّ، عَنْ جَابِرِ بْنِ عَبْدِ اللَّهِ، قَالَ نُهِينَا عَنْ صَيْدِ، كَلْبِهِمْ وَطَائِرِهِمْ يَعْنِي الْمَجُوسَ ‏.‏",
      "english": {
        "narrator": "It was\nnarrated that Jabir bin ‘Abdullah said:",
        "text": "“We were forbidden (to\neat) the game caught by their dogs and birds – meaning the\nZoroastrians.”"
      },
      "turkish": {
        "narrator": "It was\nnarrated that Jabir bin ‘Abdullah said:",
        "text": "Jabir bin 'Abdullah'dan rivayet edilmiştir ki: \"Biz, onların köpekleriyle ve kuşlarıyla (yani Zerdüştlerin) yakaladığı avı yememekle yasaklandık.\""
      }
    },
    {
      "id": 11,
      "idInBook": 11,
      "chapterId": 28,
      "bookId": 6,
      "arabic": "حَدَّثَنَا عَمْرُو بْنُ عَبْدِ اللَّهِ، حَدَّثَنَا وَكِيعٌ، عَنْ سُلَيْمَانَ بْنِ الْمُغِيرَةِ، عَنْ حُمَيْدِ بْنِ هِلاَلٍ، عَنْ عَبْدِ اللَّهِ بْنِ الصَّامِتِ، عَنْ أَبِي ذَرٍّ، قَالَ سَأَلْتُ رَسُولَ اللَّهِ ـ صلى الله عليه وسلم ـ عَنِ الْكَلْبِ الأَسْوَدِ الْبَهِيمِ فَقَالَ ‏\n\"‏ شَيْطَانٌ ‏\"‏ ‏.‏",
      "english": {
        "narrator": "It was\nnarrated that Abu Dharr said:",
        "text": "“I asked the Messenger of Allah\n(ﷺ)\nabout the all-black dog and he said: ‘(It is) a devil.’”"
      },
      "turkish": {
        "narrator": "It was\nnarrated that Abu Dharr said:",
        "text": "Ebu Dharr'dan rivayet edilmiştir ki: \"Ben, Allah'ın Resulü (ﷺ)'ne tamamen siyah köpek hakkında sordum ve o şöyle dedi: '(O) bir şeytandır.'\""
      }
    },
    {
      "id": 12,
      "idInBook": 12,
      "chapterId": 28,
      "bookId": 6,
      "arabic": "حَدَّثَنَا أَبُو عُمَيْرٍ، عِيسَى بْنُ مُحَمَّدٍ النَّحَّاسُ وَعِيسَى بْنُ يُونُسَ الرَّمْلِيُّ قَالاَ حَدَّثَنَا ضَمْرَةُ بْنُ رَبِيعَةَ، عَنِ الأَوْزَاعِيِّ، عَنْ يَحْيَى بْنِ سَعِيدٍ، عَنْ سَعِيدِ بْنِ الْمُسَيَّبِ، عَنْ أَبِي ثَعْلَبَةَ الْخُشَنِيِّ، أَنَّ النَّبِيَّ ـ صلى الله عليه وسلم ـ قَالَ ‏\n\"‏ كُلْ مَا رَدَّتْ عَلَيْكَ قَوْسُكَ ‏\"‏ ‏.‏",
      "english": {
        "narrator": "It was\nnarrated from Abu Tha’labah that the Prophet (ﷺ) said:",
        "text": "“Eat\nwhat your bow brings you.”"
      },
      "turkish": {
        "narrator": "It was\nnarrated from Abu Tha’labah that the Prophet (ﷺ) said:",
        "text": "Ebu Tha'labah'dan rivayet edilmiştir ki, Peygamber (ﷺ) şöyle dedi: \"Yayınızın size getirdiği şeyi yiyin.\""
      }
    },
    {
      "id": 13,
      "idInBook": 13,
      "chapterId": 28,
      "bookId": 6,
      "arabic": "حَدَّثَنَا عَلِيُّ بْنُ الْمُنْذِرِ، حَدَّثَنَا مُحَمَّدُ بْنُ فُضَيْلٍ، حَدَّثَنَا مُجَالِدُ بْنُ سَعِيدٍ، عَنْ عَامِرٍ، عَنْ عَدِيِّ بْنِ حَاتِمٍ، قَالَ قُلْتُ يَا رَسُولَ اللَّهِ إِنَّا قَوْمٌ نَرْمِي ‏.‏ قَالَ ‏\n\"‏ إِذَا رَمَيْتَ وَخَزَقْتَ فَكُلْ مَا خَزَقْتَ ‏\"‏ ‏.‏",
      "english": {
        "narrator": "It was\nnarrated that ‘Adi bin Hatim said:",
        "text": "“I said: ‘O Messenger of\nAllah, we are people who shoot (arrows).’ He said: ‘If you shoot\nand\npierce (the game), then eat what you pierced.’”"
      },
      "turkish": {
        "narrator": "It was\nnarrated that ‘Adi bin Hatim said:",
        "text": "'Adi bin Hatim'den rivayet edilmiştir ki: \"Ben: 'Ey Allah'ın Resulü, biz ok atan insanlarız.' dedim. O da: 'Eğer ok atar ve avı delersen, o zaman deldiğin şeyi ye.'\""
      }
    },
    {
      "id": 14,
      "idInBook": 14,
      "chapterId": 28,
      "bookId": 6,
      "arabic": "حَدَّثَنَا مُحَمَّدُ بْنُ يَحْيَى، حَدَّثَنَا عَبْدُ الرَّزَّاقِ، أَنْبَأَنَا مَعْمَرٌ، عَنْ عَاصِمٍ، عَنِ الشَّعْبِيِّ، عَنْ عَدِيِّ بْنِ حَاتِمٍ، قَالَ قُلْتُ يَا رَسُولَ اللَّهِ أَرْمِي الصَّيْدَ فَيَغِيبُ عَنِّي لَيْلَةً قَالَ ‏\n\"‏ إِذَا وَجَدْتَ فِيهِ سَهْمَكَ وَلَمْ تَجِدْ فِيهِ شَيْئًا غَيْرَهُ فَكُلْهُ ‏\"‏ ‏.‏",
      "english": {
        "narrator": "It was\nnarrated that ‘Adi bin Hatim said:",
        "text": "“I said: ‘O Messenger of\nAllah, what if I shoot the game but it vanishes at night?’ He said:\n‘If you find your arrow in it and you do not find anything else,\nthen\neat it.’”"
      },
      "turkish": {
        "narrator": "It was\nnarrated that ‘Adi bin Hatim said:",
        "text": "'Adi bin Hatim'den rivayet edilmiştir ki: \"Ben: 'Ey Allah'ın Resulü, avı vurursam ama gece kaybolursa ne olur?' dedim. O da: 'Eğer okunu içinde bulursan ve başka bir şey bulamazsan, o zaman ye.'\""
      }
    },
    {
      "id": 15,
      "idInBook": 15,
      "chapterId": 28,
      "bookId": 6,
      "arabic": "حَدَّثَنَا عَمْرُو بْنُ عَبْدِ اللَّهِ، حَدَّثَنَا وَكِيعٌ، ح وَحَدَّثَنَا عَلِيُّ بْنُ الْمُنْذِرِ، حَدَّثَنَا مُحَمَّدُ بْنُ فُضَيْلٍ، قَالاَ حَدَّثَنَا زَكَرِيَّا بْنُ أَبِي زَائِدَةَ، عَنْ عَامِرٍ، عَنْ عَدِيِّ بْنِ حَاتِمٍ، قَالَ سَأَلْتُ رَسُولَ اللَّهِ ـ صلى الله عليه وسلم ـ عَنِ الصَّيْدِ بِالْمِعْرَاضِ ‏.‏ قَالَ ‏\n\"‏ مَا أَصَبْتَ بِحَدِّهِ فَكُلْ وَمَا أَصَبْتَ بِعَرْضِهِ فَهُوَ وَقِيذٌ ‏\"‏ ‏.‏",
      "english": {
        "narrator": "It was\nnarrated that ‘Adi bin Hatim said:",
        "text": "“I asked the Messenger of\nAllah (ﷺ) about hunting with Mi’rad. He said: ‘Whatever it\nstruck\nwith its sharp edge, then eat it, but what is struck with its\nside is\nsomething that has been killed by a violent blow.’”"
      },
      "turkish": {
        "narrator": "It was\nnarrated that ‘Adi bin Hatim said:",
        "text": "'Adi bin Hatim'den rivayet edilmiştir ki: \"Ben, Allah'ın Resulü (ﷺ)'ne Mi'rad ile avlanmayı sordum. O da: 'Keskin kenarıyla vurduğu her şeye ye, ama yan tarafıyla vurulan şey, şiddetli bir darbe ile öldürülmüş bir şeydir.'”"
      }
    },
    {
      "id": 16,
      "idInBook": 16,
      "chapterId": 28,
      "bookId": 6,
      "arabic": "حَدَّثَنَا عَمْرُو بْنُ عَبْدِ اللَّهِ، حَدَّثَنَا وَكِيعٌ، عَنْ أَبِيهِ، عَنْ مَنْصُورٍ، عَنْ إِبْرَاهِيمَ، عَنْ هَمَّامِ بْنِ الْحَارِثِ النَّخَعِيِّ، عَنْ عَدِيِّ بْنِ حَاتِمٍ، قَالَ سَأَلْتُ رَسُولَ اللَّهِ ـ صلى الله عليه وسلم ـ عَنِ الْمِعْرَاضِ فَقَالَ ‏\n\"‏ لاَ تَأْكُلْ إِلاَّ أَنْ يَخْزِقَ ‏\"‏ ‏.‏",
      "english": {
        "narrator": "It was\nnarrated that ‘Adi bit Hatim said:",
        "text": "“I asked the Messenger of\nAllah (ﷺ) about Mi’rad. He said: ‘Do not eat unless you pierce\n(the\ngame).’”"
      },
      "turkish": {
        "narrator": "It was\nnarrated that ‘Adi bit Hatim said:",
        "text": "‘Adi bin Hatim’den rivayet edilmiştir ki: “Ben Allah’ın Resulü’ne (ﷺ) Mi’rac hakkında sordum. O da: ‘Avı delmeden yemek yeme’ dedi.”"
      }
    },
    {
      "id": 17,
      "idInBook": 17,
      "chapterId": 28,
      "bookId": 6,
      "arabic": "حَدَّثَنَا يَعْقُوبُ بْنُ حُمَيْدِ بْنِ كَاسِبٍ، حَدَّثَنَا مَعْنُ بْنُ عِيسَى، عَنْ هِشَامِ بْنِ سَعْدٍ، عَنْ زَيْدِ بْنِ أَسْلَمَ، عَنِ ابْنِ عُمَرَ، أَنَّ النَّبِيَّ ـ صلى الله عليه وسلم ـ قَالَ ‏\n\"‏ مَا قُطِعَ مِنَ الْبَهِيمَةِ وَهِيَ حَيَّةٌ فَمَا قُطِعَ مِنْهَا فَهُوَ مَيْتَةٌ ‏\"‏ ‏.‏",
      "english": {
        "narrator": "It was\nnarrated from Ibn ‘Umar that the Prophet (ﷺ) said:",
        "text": "“Whatever\nis\ncut from an animal hen it is still alive, what is cut from it is\nMaitah (dead meat).”"
      },
      "turkish": {
        "narrator": "It was\nnarrated from Ibn ‘Umar that the Prophet (ﷺ) said:",
        "text": "İbn ‘Umar’dan rivayet edilmiştir ki, Peygamber (ﷺ) şöyle buyurdu: “Bir hayvandan kesilen, o hayvan hala canlıyken kesilirse, ondan kesilen şey Maitah’tır (ölü et).”"
      }
    },
    {
      "id": 18,
      "idInBook": 18,
      "chapterId": 28,
      "bookId": 6,
      "arabic": "حَدَّثَنَا هِشَامُ بْنُ عَمَّارٍ، حَدَّثَنَا إِسْمَاعِيلُ بْنُ عَيَّاشٍ، حَدَّثَنَا أَبُو بَكْرٍ الْهُذَلِيُّ، عَنْ شَهْرِ بْنِ حَوْشَبٍ، عَنْ تَمِيمٍ الدَّارِيِّ، قَالَ قَالَ رَسُولُ اللَّهِ ـ صلى الله عليه وسلم ـ ‏\n\"‏ يَكُونُ فِي آخِرِ الزَّمَانِ قَوْمٌ يَجُبُّونَ أَسْنِمَةَ الإِبِلِ وَيَقْطَعُونَ أَذْنَابَ الْغَنَمِ أَلاَ فَمَا قُطِعَ مِنْ حَىٍّ فَهُوَ مَيِّتٌ ‏\"‏ ‏.‏",
      "english": {
        "narrator": "It was\nnarrated that Tamim Dari said:",
        "text": "“The Messenger of Allah (ﷺ)\nsaid:\n‘At the end of time there will be people who will cut off\ncamels’\nhumps and sheep’s tails. But what is cut from a living animal\nis\ndead.’”"
      },
      "turkish": {
        "narrator": "It was\nnarrated that Tamim Dari said:",
        "text": "Tamim Dari’den rivayet edilmiştir ki: “Allah’ın Resulü (ﷺ) şöyle dedi: ‘Zamanın sonunda, develerin hörgüçlerini ve koyunların kuyruklarını kesecek insanlar olacak. Ama canlı bir hayvandan kesilen şey ölüdür.’”"
      }
    },
    {
      "id": 19,
      "idInBook": 19,
      "chapterId": 28,
      "bookId": 6,
      "arabic": "حَدَّثَنَا أَبُو مُصْعَبٍ، حَدَّثَنَا عَبْدُ الرَّحْمَنِ بْنُ زَيْدِ بْنِ أَسْلَمَ، عَنْ أَبِيهِ، عَنْ عَبْدِ اللَّهِ بْنِ عُمَرَ، أَنَّ رَسُولَ اللَّهِ ـ صلى الله عليه وسلم ـ قَالَ ‏\n\"‏ أُحِلَّتْ لَنَا مَيْتَتَانِ الْحُوتُ وَالْجَرَادُ ‏\"‏ ‏.‏",
      "english": {
        "narrator": "It was\nnarrated from ‘Abdullah bin ‘Umar that the Messenger of Allah\n(ﷺ) said:",
        "text": "“Two kinds of dead meat have been permitted to us: fish\nand locusts.”"
      },
      "turkish": {
        "narrator": "It was\nnarrated from ‘Abdullah bin ‘Umar that the Messenger of Allah\n(ﷺ) said:",
        "text": "‘Abdullah bin ‘Umar’dan rivayet edilmiştir ki, Allah’ın Resulü (ﷺ) şöyle buyurdu: “İki tür ölü et bize helal kılınmıştır: Balık ve çekirge.”"
      }
    },
    {
      "id": 20,
      "idInBook": 20,
      "chapterId": 28,
      "bookId": 6,
      "arabic": "حَدَّثَنَا أَبُو بِشْرٍ، بَكْرُ بْنُ خَلَفٍ وَنَصْرُ بْنُ عَلِيٍّ قَالاَ حَدَّثَنَا زَكَرِيَّا بْنُ يَحْيَى بْنِ عُمَارَةَ، حَدَّثَنَا أَبُو الْعَوَّامِ، عَنْ أَبِي عُثْمَانَ النَّهْدِيِّ، عَنْ سَلْمَانَ، قَالَ سُئِلَ رَسُولُ اللَّهِ ـ صلى الله عليه وسلم ـ عَنِ الْجَرَادِ فَقَالَ ‏\n\"‏ أَكْثَرُ جُنُودِ اللَّهِ لاَ آكُلُهُ وَلاَ أُحَرِّمُهُ ‏\"‏ ‏.‏",
      "english": {
        "narrator": "It was\nnarrated that Salman said:",
        "text": "“The Messenger of Allah (ﷺ) was\nasked\nabout locusts. He said: ‘(They are) the most numerous troop of\nAllah. I neither eat them nor forbid them.’”"
      },
      "turkish": {
        "narrator": "It was\nnarrated that Salman said:",
        "text": "Salman’dan rivayet edilmiştir ki: “Allah’ın Resulü (ﷺ) çekirgeler hakkında soruldu. O da: ‘(Onlar) Allah’ın en kalabalık ordusudur. Ne onları yerim ne de yasaklarım.’ dedi.”"
      }
    },
    {
      "id": 21,
      "idInBook": 21,
      "chapterId": 28,
      "bookId": 6,
      "arabic": "حَدَّثَنَا أَحْمَدُ بْنُ مَنِيعٍ، حَدَّثَنَا سُفْيَانُ بْنُ عُيَيْنَةَ، عَنْ أَبِي سَعْدٍ الْبَقَّالِ، سَمِعَ أَنَسَ بْنَ مَالِكٍ، يَقُولُ كُنَّ أَزْوَاجُ النَّبِيِّ ـ صلى الله عليه وسلم ـ يَتَهَادَيْنَ الْجَرَادَ عَلَى الأَطْبَاقِ ‏.‏",
      "english": {
        "narrator": "It was\nnarrated that Abu (Sa’eed) Baqqal heard Anas bin Malik say:",
        "text": "“The\nwives of the Prophet (ﷺ) used to give each other gifts of\nlocusts\non trays.”"
      },
      "turkish": {
        "narrator": "It was\nnarrated that Abu (Sa’eed) Baqqal heard Anas bin Malik say:",
        "text": "Abu (Sa’eed) Baqqal, Anas bin Malik’in şöyle dediğini duydu: “Peygamberin (ﷺ) eşleri, birbirlerine tepsilerde çekirge hediye ederlerdi.”"
      }
    },
    {
      "id": 22,
      "idInBook": 22,
      "chapterId": 28,
      "bookId": 6,
      "arabic": "حَدَّثَنَا هَارُونُ بْنُ عَبْدِ اللَّهِ الْحَمَّالُ، حَدَّثَنَا هَاشِمُ بْنُ الْقَاسِمِ، حَدَّثَنَا زِيَادُ بْنُ عَبْدِ اللَّهِ بْنِ عُلاَثَةَ، عَنْ مُوسَى بْنِ مُحَمَّدِ بْنِ إِبْرَاهِيمَ، عَنْ أَبِيهِ، عَنْ جَابِرٍ، وَأَنَسِ بْنِ مَالِكٍ، أَنَّ النَّبِيَّ ـ صلى الله عليه وسلم ـ كَانَ إِذَا دَعَا عَلَى الْجَرَادِ قَالَ ‏\"‏ اللَّهُمَّ أَهْلِكْ كِبَارَهُ وَاقْتُلْ صِغَارَهُ وَأَفْسِدْ بَيْضَهُ وَاقْطَعْ دَابِرَهُ وَخُذْ بِأَفْوَاهِهَا عَنْ مَعَايِشِنَا وَأَرْزَاقِنَا إِنَّكَ سَمِيعُ الدُّعَاءِ ‏\"‏ ‏.‏ فَقَالَ رَجُلٌ يَا رَسُولَ اللَّهِ كَيْفَ تَدْعُو عَلَى جُنْدٍ مِنْ أَجْنَادِ اللَّهِ بِقَطْعِ دَابِرِهِ قَالَ ‏\"‏ إِنَّ الْجَرَادَ نَثْرَةُ الْحُوتِ فِي الْبَحْرِ ‏\"‏ ‏.‏ قَالَ هَاشِمٌ قَالَ زِيَادٌ فَحَدَّثَنِي مَنْ رَأَى الْحُوتَ يَنْثُرُهُ ‏.‏",
      "english": {
        "narrator": "It was\nnarrated from Jabir and Anas bin Malik that whenever the\nMessenger of\nAllah (ﷺ) supplicated against the locusts, he said:",
        "text": "“O\nAllah,\ndestroy their large ones and kill their small ones, spoil their\neggs\nand root them out. Take their mouths away from our livelihood and\nprovision, for You are the One Who hears the prayers.” A man said:\n“O\nMessenger of Allah, are you praying against one of the troops of\nAllah, that they may be rooted out?” He said: “Locusts were\nsneezed\nout by the fish in the sea.”"
      },
      "turkish": {
        "narrator": "It was\nnarrated from Jabir and Anas bin Malik that whenever the\nMessenger of\nAllah (ﷺ) supplicated against the locusts, he said:",
        "text": "Jabir ve Anas bin Malik’ten rivayet edilmiştir ki, Allah’ın Resulü (ﷺ) çekirgeler hakkında dua ettiğinde şöyle derdi: “Ya Allah, büyüklerini helak et, küçüklerini öldür, yumurtalarını boz ve kökünden kazı. Ağızlarını rızkımızdan ve geçimimizden uzak tut, çünkü Sen duaları işiten Sensin.” Bir adam: “Ya Allah’ın Resulü, Allah’ın ordularından birine kökünden kazınması için dua mı ediyorsun?” dedi. O da: “Çekirgeler, denizdeki balıklar tarafından hapşırılmıştır.” dedi."
      }
    },
    {
      "id": 23,
      "idInBook": 23,
      "chapterId": 28,
      "bookId": 6,
      "arabic": "حَدَّثَنَا عَلِيُّ بْنُ مُحَمَّدٍ، حَدَّثَنَا وَكِيعٌ، حَدَّثَنَا حَمَّادُ بْنُ سَلَمَةَ، عَنْ أَبِي الْمُهَزِّمِ، عَنْ أَبِي هُرَيْرَةَ، قَالَ خَرَجْنَا مَعَ النَّبِيِّ ـ صلى الله عليه وسلم ـ فِي حَجَّةٍ أَوْ عُمْرَةٍ فَاسْتَقْبَلَنَا رِجْلٌ مِنْ جَرَادٍ أَوْ ضَرْبٌ مِنْ جَرَادٍ فَجَعَلْنَا نَضْرِبُهُنَّ بِأَسْوَاطِنَا وَنِعَالِنَا فَقَالَ النَّبِيُّ ـ صلى الله عليه وسلم ـ ‏\n\"‏ كُلُوهُ فَإِنَّهُ مِنْ صَيْدِ الْبَحْرِ ‏\"‏ ‏.‏",
      "english": {
        "narrator": "It was\nnarrated that Abu Hurairah said:",
        "text": "“We went out with the Prophet\n(ﷺ) for Hajj or ‘Umrah, and we encountered a swarm of locusts or\na\ntype of locust. We started hitting them with out whips and sandals.\nThe Prophet (ﷺ) said: ‘Eat them for they are the game of the\nsea.’”"
      },
      "turkish": {
        "narrator": "It was\nnarrated that Abu Hurairah said:",
        "text": "Abu Hurairah’tan rivayet edilmiştir ki: “Biz Peygamber (ﷺ) ile Hac veya Umre için çıktık ve bir çekirge sürüsüne veya bir tür çekirgeye rastladık. Onlara kamçılarımız ve terliklerimizle vurmaya başladık. Peygamber (ﷺ) dedi ki: ‘Onları ye, çünkü onlar denizin avıdır.’”"
      }
    },
    {
      "id": 24,
      "idInBook": 24,
      "chapterId": 28,
      "bookId": 6,
      "arabic": "حَدَّثَنَا مُحَمَّدُ بْنُ بَشَّارٍ، وَعَبْدُ الرَّحْمَنِ بْنُ عَبْدِ الْوَهَّابِ، قَالاَ حَدَّثَنَا أَبُو عَامِرٍ الْعَقَدِيُّ، حَدَّثَنَا إِبْرَاهِيمُ بْنُ الْفَضْلِ، عَنْ سَعِيدٍ الْمَقْبُرِيِّ، عَنْ أَبِي هُرَيْرَةَ، قَالَ نَهَى رَسُولُ اللَّهِ ـ صلى الله عليه وسلم ـ عَنْ قَتْلِ الصُّرَدِ وَالضِّفْدَعِ وَالنَّمْلَةِ وَالْهُدْهُدِ ‏.‏",
      "english": {
        "narrator": "It was\nnarrated that Abu Hurairah said:",
        "text": "“The Messenger of Allah (ﷺ)\nforbade killing shrikes*, frogs, ants and hoopoes.”"
      },
      "turkish": {
        "narrator": "It was\nnarrated that Abu Hurairah said:",
        "text": "Abu Hurairah’tan rivayet edilmiştir ki: “Allah’ın Resulü (ﷺ) çakallar, kurbağalar, karıncalar ve bülbülleri öldürmeyi yasakladı.”"
      }
    },
    {
      "id": 25,
      "idInBook": 25,
      "chapterId": 28,
      "bookId": 6,
      "arabic": "حَدَّثَنَا مُحَمَّدُ بْنُ يَحْيَى، حَدَّثَنَا عَبْدُ الرَّزَّاقِ، أَنْبَأَنَا مَعْمَرٌ، عَنِ الزُّهْرِيِّ، عَنْ عُبَيْدِ اللَّهِ بْنِ عَبْدِ اللَّهِ بْنِ عُتْبَةَ، عَنِ ابْنِ عَبَّاسٍ، قَالَ نَهَى رَسُولُ اللَّهِ ـ صلى الله عليه وسلم ـ عَنْ قَتْلِ أَرْبَعٍ مِنَ الدَّوَابِّ النَّمْلَةِ وَالنَّحْلِ وَالْهُدْهُدِ وَالصُّرَدِ ‏.‏",
      "english": {
        "narrator": "It was\nnarrated that Ibn ‘Abbas said:",
        "text": "“The Messenger of Allah (ﷺ)\nforbade killing four kinds of animals: Ants, bees, hoopoes and\nshrikes.”"
      },
      "turkish": {
        "narrator": "It was\nnarrated that Ibn ‘Abbas said:",
        "text": "İbn ‘Abbas’tan rivayet edilmiştir ki: “Allah’ın Resulü (ﷺ) dört tür hayvanı öldürmeyi yasakladı: Karıncalar, arılar, bülbüller ve çakallar.”"
      }
    },
    {
      "id": 26,
      "idInBook": 26,
      "chapterId": 28,
      "bookId": 6,
      "arabic": "حَدَّثَنَا أَحْمَدُ بْنُ عَمْرِو بْنِ السَّرْحِ، وَأَحْمَدُ بْنُ عِيسَى الْمِصْرِيَّانِ، قَالاَ حَدَّثَنَا عَبْدُ اللَّهِ بْنُ وَهْبٍ، أَخْبَرَنِي يُونُسُ، عَنِ ابْنِ شِهَابٍ، عَنْ سَعِيدِ بْنِ الْمُسَيَّبِ، وَأَبِي، سَلَمَةَ بْنِ عَبْدِ الرَّحْمَنِ عَنْ أَبِي هُرَيْرَةَ، عَنْ نَبِيِّ اللَّهِ ـ صلى الله عليه وسلم ـ قَالَ ‏\n\"‏ إِنَّ نَبِيًّا مِنَ الأَنْبِيَاءِ قَرَصَتْهُ نَمْلَةٌ فَأَمَرَ بِقَرْيَةِ النَّمْلِ فَأُحْرِقَتْ فَأَوْحَى اللَّهُ عَزَّ وَجَلَّ إِلَيْهِ فِي أَنْ قَرَصَتْكَ نَمْلَةٌ أَهْلَكْتَ أُمَّةً مِنَ الأُمَمِ تُسَبِّحُ ‏\"‏ ‏.‏ \n حَدَّثَنَا مُحَمَّدُ بْنُ يَحْيَى، حَدَّثَنَا أَبُو صَالِحٍ، حَدَّثَنِي اللَّيْثُ، عَنْ يُونُسَ، عَنِ ابْنِ شِهَابٍ، بِإِسْنَادِهِ نَحْوَهُ وَقَالَ قَرَصَتْ ‏.‏",
      "english": {
        "narrator": "It was\nnarrated from Abu Hurairah that the Prophet of Allah (ﷺ)\nsaid:",
        "text": "“One\nof the Prophets was bitten by an ant, so he ordered that\nthe ant\ncolony be burned. Then Allah revealed to him: ‘Because one ant\nbit\nyou, you destroy one of the nations that glorify Allah?’”\n\nAnother chain reports a similar hadith."
      },
      "turkish": {
        "narrator": "It was\nnarrated from Abu Hurairah that the Prophet of Allah (ﷺ)\nsaid:",
        "text": "Abu Hurairah’tan rivayet edilmiştir ki: “Allah’ın Resulü (ﷺ) şöyle dedi: ‘Bir peygamber bir karınca tarafından ısırıldı, o da karınca kolonisinin yakılmasını emretti. Sonra Allah ona vahyetti: ‘Bir karınca seni ısırdı diye, Allah’ı tesbih eden bir ulusu yok mu ediyorsun?’”"
      }
    },
    {
      "id": 27,
      "idInBook": 27,
      "chapterId": 28,
      "bookId": 6,
      "arabic": "حَدَّثَنَا أَبُو بَكْرِ بْنُ أَبِي شَيْبَةَ، حَدَّثَنَا إِسْمَاعِيلُ ابْنُ عُلَيَّةَ، عَنْ أَيُّوبَ، عَنْ سَعِيدِ بْنِ جُبَيْرٍ، أَنَّ قَرِيبًا، لِعَبْدِ اللَّهِ بْنِ مُغَفَّلٍ خَذَفَ فَنَهَاهُ وَقَالَ إِنَّ النَّبِيَّ ـ صلى الله عليه وسلم ـ نَهَى عَنِ الْخَذْفِ وَقَالَ ‏\n\"‏ إِنَّهَا لاَ تَصِيدُ صَيْدًا وَلاَ تَنْكَأُ عَدُوًّا وَلَكِنَّهَا تَكْسِرُ السِّنَّ وَتَفْقَأُ الْعَيْنَ ‏\"‏ ‏.‏ قَالَ فَعَادَ ‏.‏ فَقَالَ أُحَدِّثُكَ أَنَّ النَّبِيَّ ـ صلى الله عليه وسلم ـ نَهَى عَنْهُ ثُمَّ عُدْتَ لاَ أُكَلِّمُكَ أَبَدًا ‏.‏",
      "english": {
        "narrator": "It was\nnarrated from Sa’eed bin Jubair that a relative of ‘Abdullah\nbin\nMughaffal threw some small pebbles. He told him not to do that and\nsaid:",
        "text": "“The Prophet (ﷺ) forbade throwing small pebbles and said:\n‘They do not kill any game nor hurt the enemy, but they can break a\ntooth or put out an eye.’” He did it again, and he (‘Abdullah)\nsaid:\n“I tell you that the Prophet (ﷺ) forbade that and then you\ngo and do\nit again? I will never speak to you again.”"
      },
      "turkish": {
        "narrator": "It was\nnarrated from Sa’eed bin Jubair that a relative of ‘Abdullah\nbin\nMughaffal threw some small pebbles. He told him not to do that and\nsaid:",
        "text": "Başka bir isnad benzer bir hadisi rivayet etmektedir."
      }
    },
    {
      "id": 28,
      "idInBook": 28,
      "chapterId": 28,
      "bookId": 6,
      "arabic": "حَدَّثَنَا أَبُو بَكْرِ بْنُ أَبِي شَيْبَةَ، حَدَّثَنَا عُبَيْدُ بْنُ سَعِيدٍ، ح وَحَدَّثَنَا مُحَمَّدُ بْنُ بَشَّارٍ، حَدَّثَنَا مُحَمَّدُ بْنُ جَعْفَرٍ، قَالاَ حَدَّثَنَا شُعْبَةُ، عَنْ قَتَادَةَ، عَنْ عُقْبَةَ بْنِ صُهْبَانَ، عَنْ عَبْدِ اللَّهِ بْنِ مُغَفَّلٍ، قَالَ نَهَى النَّبِيُّ ـ صلى الله عليه وسلم ـ عَنِ الْخَذْفِ وَقَالَ ‏\n\"‏ إِنَّهَا لاَ تَقْتُلُ الصَّيْدَ وَلاَ تَنْكِي الْعَدُوَّ وَلَكِنَّهَا تَفْقَأُ الْعَيْنَ وَتَكْسِرُ السِّنَّ ‏\"‏ ‏.‏",
      "english": {
        "narrator": "It was\nnarrated that ‘Abdullah bin Mughaffal said:",
        "text": "“The Prophet (ﷺ)\nforbade throwing small pebbles and said: ‘They do not kill any game\nor\nhurt the enemy, but they can break a tooth or put out an eye.’”"
      },
      "turkish": {
        "narrator": "It was\nnarrated that ‘Abdullah bin Mughaffal said:",
        "text": "Sa’eed bin Jubair’den rivayet edilmiştir ki: “‘Abdullah bin Mughaffal’ın bir akrabası küçük taşlar attı. Ona bunu yapmamasını söyledi ve: ‘Peygamber (ﷺ) küçük taş atmayı yasakladı ve: ‘Onlar hiçbir avı öldürmez ve düşmana zarar vermez, ama bir dişi kırabilir veya bir gözü çıkarabilir.’ dedi.’ O tekrar yaptı, ve o (Abdullah) dedi ki: ‘Sana Peygamber (ﷺ) bunu yasakladı, sonra sen tekrar yapıyorsun? Bir daha seninle konuşmayacağım.’”"
      }
    },
    {
      "id": 29,
      "idInBook": 29,
      "chapterId": 28,
      "bookId": 6,
      "arabic": "حَدَّثَنَا أَبُو بَكْرِ بْنُ أَبِي شَيْبَةَ، حَدَّثَنَا سُفْيَانُ بْنُ عُيَيْنَةَ، عَنْ عَبْدِ الْحَمِيدِ بْنِ جُبَيْرٍ، عَنْ سَعِيدِ بْنِ الْمُسَيَّبِ، عَنْ أُمِّ شَرِيكٍ، أَنَّ النَّبِيَّ ـ صلى الله عليه وسلم ـ أَمَرَهَا بِقَتْلِ الأَوْزَاغِ ‏.‏",
      "english": {
        "narrator": "",
        "text": "It was\nnarrated from Umm Sharik that the Prophet (ﷺ) told her to\nkill\nhouse lizards."
      },
      "turkish": {
        "narrator": "",
        "text": "‘Abdullah bin Mughaffal’den rivayet edilmiştir ki: “Peygamber (ﷺ) küçük taş atmaktan yasakladı ve: ‘Onlar hiçbir avı öldürmez ve düşmana zarar vermez, ama bir dişi kırabilir veya bir gözü çıkarabilir.’ dedi.”"
      }
    },
    {
      "id": 30,
      "idInBook": 30,
      "chapterId": 28,
      "bookId": 6,
      "arabic": "حَدَّثَنَا مُحَمَّدُ بْنُ عَبْدِ الْمَلِكِ بْنِ أَبِي الشَّوَارِبِ، حَدَّثَنَا عَبْدُ الْعَزِيزِ بْنُ الْمُخْتَارِ، حَدَّثَنَا سُهَيْلٌ، عَنْ أَبِيهِ، عَنْ أَبِي هُرَيْرَةَ، عَنْ رَسُولِ اللَّهِ ـ صلى الله عليه وسلم ـ قَالَ ‏\n\"‏ مَنْ قَتَلَ وَزَغًا فِي أَوَّلِ ضَرْبَةٍ فَلَهُ كَذَا وَكَذَا حَسَنَةً وَمَنْ قَتَلَهَا فِي الثَّانِيَةِ فَلَهُ كَذَا وَكَذَا - أَدْنَى مِنَ الأُولَى - وَمَنْ قَتَلَهَا فِي الضَّرْبَةِ الثَّالِثَةِ فَلَهُ كَذَا وَكَذَا حَسَنَةً - أَدْنَى مِنَ الَّذِي ذَكَرَهُ فِي الْمَرَّةِ الثَّانِيَةِ ‏\"‏ ‏.‏",
      "english": {
        "narrator": "It was\nnarrated from Abu Hurairah that the Messenger of Allah (ﷺ)\nsaid:",
        "text": "“Whoever kills a house lizard with one blow will have such and\nsuch\na reward. Whoever kills it with two blows will have such and such\na\nreward,” less than the first. “And whoever kills it with three\nblows\nwill have such and such reward,” less than that mentioned the\nsecond\ntime."
      },
      "turkish": {
        "narrator": "It was\nnarrated from Abu Hurairah that the Messenger of Allah (ﷺ)\nsaid:",
        "text": "Umm Sharik’ten rivayet edilmiştir ki: “Peygamber (ﷺ) ona ev yılanlarını öldürmesini söyledi.”"
      }
    },
    {
      "id": 31,
      "idInBook": 31,
      "chapterId": 28,
      "bookId": 6,
      "arabic": "حَدَّثَنَا أَحْمَدُ بْنُ عَمْرِو بْنِ السَّرْحِ، حَدَّثَنَا عَبْدُ اللَّهِ بْنُ وَهْبٍ، أَخْبَرَنِي يُونُسُ، عَنِ ابْنِ شِهَابٍ، عَنْ عُرْوَةَ بْنِ الزُّبَيْرِ، عَنْ عَائِشَةَ، أَنَّ رَسُولَ اللَّهِ ـ صلى الله عليه وسلم ـ قَالَ لِلْوَزَغِ ‏\n\"‏ الْفُوَيْسِقَةُ ‏\"‏ ‏.‏",
      "english": {
        "narrator": "It was\nnarrated from ‘Aishah that the Messenger of Allah (ﷺ) said\nconcerning house lizards:",
        "text": "“Vermin.”"
      },
      "turkish": {
        "narrator": "It was\nnarrated from ‘Aishah that the Messenger of Allah (ﷺ) said\nconcerning house lizards:",
        "text": "‘Aişe'den rivayet edilmiştir ki, Allah'ın Resulü (ﷺ) ev kertenkeleleri hakkında şöyle demiştir: “Zararlı hayvanlar.”"
      }
    },
    {
      "id": 32,
      "idInBook": 32,
      "chapterId": 28,
      "bookId": 6,
      "arabic": "حَدَّثَنَا أَبُو بَكْرِ بْنُ أَبِي شَيْبَةَ، حَدَّثَنَا يُونُسُ بْنُ مُحَمَّدٍ، عَنْ جَرِيرِ بْنِ حَازِمٍ، عَنْ نَافِعٍ، عَنْ سَائِبَةَ، - مَوْلاَةِ الْفَاكِهِ بْنِ الْمُغِيرَةِ - أَنَّهَا دَخَلَتْ عَلَى عَائِشَةَ فَرَأَتْ فِي بَيْتِهَا رُمْحًا مَوْضُوعًا فَقَالَتْ يَا أُمَّ الْمُؤْمِنِينَ مَا تَصْنَعِينَ بِهَذَا قَالَتْ نَقْتُلُ بِهِ هَذِهِ الأَوْزَاغَ فَإِنَّ نَبِيَّ اللَّهِ ـ صلى الله عليه وسلم ـ أَخْبَرَنَا أَنَّ إِبْرَاهِيمَ لَمَّا أُلْقِيَ فِي النَّارِ لَمْ تَكُنْ فِي الأَرْضِ دَابَّةٌ إِلاَّ أَطْفَأَتِ النَّارَ غَيْرَ الْوَزَغِ فَإِنَّهَا كَانَتْ تَنْفُخُ عَلَيْهِ فَأَمَرَ رَسُولُ اللَّهِ ـ صلى الله عليه وسلم ـ بِقَتْلِهِ ‏.‏",
      "english": {
        "narrator": "It was\nnarrated from Sa’ibah, the freed slave woman of Fakih bin\nMughirah,\nthat she entered upon ‘Aishah and saw a spear in her house.\nShe\nsaid:",
        "text": "“O Mother of the Believers, what do you do with this?” She\nsaid: “We kill these house lizards with it, for the Prophet of\nAllah\n(ﷺ) told us that when Ibrahim was thrown into the fire, there\nwas no\nbeast on earth that did not try to put it out, apart from the\nhouse\nlizard that blew on it. So the Messenger of Allah (ﷺ)\ncommanded that\nthey should be killed.”"
      },
      "turkish": {
        "narrator": "It was\nnarrated from Sa’ibah, the freed slave woman of Fakih bin\nMughirah,\nthat she entered upon ‘Aishah and saw a spear in her house.\nShe\nsaid:",
        "text": "Sa’ibah, Fakih bin Mughirah'ın azatlı cariyesi olarak rivayet etmiştir ki, ‘Aişe'nin yanına girdi ve evinde bir mızrak gördü. Dedi ki: “Ey Müminlerin Annesi, bununla ne yapıyorsunuz?” O da: “Bu ev kertenkelelerini bununla öldürüyoruz, çünkü Allah'ın Resulü (ﷺ) bize İbrahim ateşe atıldığında, yeryüzünde onu söndürmeye çalışan hiçbir hayvan olmadığını, sadece ev kertenkelelerinin üzerine üflediğini söyledi. Bunun üzerine Allah'ın Resulü (ﷺ) bunların öldürülmesini emretti.”"
      }
    },
    {
      "id": 33,
      "idInBook": 33,
      "chapterId": 28,
      "bookId": 6,
      "arabic": "حَدَّثَنَا مُحَمَّدُ بْنُ الصَّبَّاحِ، أَنْبَأَنَا سُفْيَانُ بْنُ عُيَيْنَةَ، عَنِ الزُّهْرِيِّ، أَخْبَرَنِي أَبُو إِدْرِيسَ، عَنْ أَبِي ثَعْلَبَةَ الْخُشَنِيِّ، أَنَّ النَّبِيَّ ـ صلى الله عليه وسلم ـ نَهَى عَنْ أَكْلِ كُلِّ ذِي نَابٍ مِنَ السِّبَاعِ ‏.‏ قَالَ الزُّهْرِيُّ وَلَمْ أَسْمَعْ بِهَذَا حَتَّى دَخَلْتُ الشَّامَ ‏.‏",
      "english": {
        "narrator": "",
        "text": "It was\nnarrated from Abu Tha’labah Al-Khushani that the Prophet (ﷺ)\nforbade eating any predatory animal that has fangs."
      },
      "turkish": {
        "narrator": "",
        "text": "Ebu Tha’labah Al-Khushani'den rivayet edilmiştir ki, Peygamber (ﷺ) dişleri olan herhangi bir yırtıcı hayvanın yenmesini yasaklamıştır."
      }
    },
    {
      "id": 34,
      "idInBook": 34,
      "chapterId": 28,
      "bookId": 6,
      "arabic": "حَدَّثَنَا أَبُو بَكْرِ بْنُ أَبِي شَيْبَةَ، حَدَّثَنَا مُعَاوِيَةُ بْنُ هِشَامٍ، ح وَحَدَّثَنَا أَحْمَدُ بْنُ سِنَانٍ، وَإِسْحَاقُ بْنُ مَنْصُورٍ، قَالاَ حَدَّثَنَا عَبْدُ الرَّحْمَنِ بْنُ مَهْدِيٍّ، قَالاَ حَدَّثَنَا مَالِكُ بْنُ أَنَسٍ، عَنْ إِسْمَاعِيلَ بْنِ أَبِي حَكِيمٍ، عَنْ عَبِيدَةَ بْنِ سُفْيَانَ، عَنْ أَبِي هُرَيْرَةَ، عَنِ النَّبِيِّ ـ صلى الله عليه وسلم ـ قَالَ ‏\n\"‏ أَكْلُ كُلِّ ذِي نَابٍ مِنَ السِّبَاعِ حَرَامٌ ‏\"‏ ‏.‏",
      "english": {
        "narrator": "It was\nnarrated from Abu Hurairah that the Prophet (ﷺ) said:",
        "text": "“Eating any\npredatory animal that has fangs is unlawful.”"
      },
      "turkish": {
        "narrator": "It was\nnarrated from Abu Hurairah that the Prophet (ﷺ) said:",
        "text": "Ebu Hureyre'den rivayet edilmiştir ki, Peygamber (ﷺ) şöyle demiştir: “Dişleri olan herhangi bir yırtıcı hayvanın yenmesi haramdır.”"
      }
    },
    {
      "id": 35,
      "idInBook": 35,
      "chapterId": 28,
      "bookId": 6,
      "arabic": "حَدَّثَنَا بَكْرُ بْنُ خَلَفٍ، حَدَّثَنَا ابْنُ أَبِي عَدِيٍّ، عَنْ سَعِيدٍ، عَنْ عَلِيِّ بْنِ الْحَكَمِ، عَنْ مَيْمُونِ بْنِ مِهْرَانَ، عَنْ سَعِيدِ بْنِ جُبَيْرٍ، عَنِ ابْنِ عَبَّاسٍ، قَالَ نَهَى رَسُولُ اللَّهِ ـ صلى الله عليه وسلم ـ يَوْمَ خَيْبَرَ عَنْ أَكْلِ كُلِّ ذِي نَابٍ مِنَ السِّبَاعِ وَعَنْ كُلِّ ذِي مِخْلَبٍ مِنَ الطَّيْرِ ‏.‏",
      "english": {
        "narrator": "It was\nnarrated that Ibn ‘Abbas said:",
        "text": "“On the Day of Khaibar, the\nMessenger of Allah (ﷺ) forbade eating any predatory animal that has\nfangs and any bird that has talons.”"
      },
      "turkish": {
        "narrator": "It was\nnarrated that Ibn ‘Abbas said:",
        "text": "İbn Abbas'tan rivayet edilmiştir ki: “Hayber Günü, Allah'ın Resulü (ﷺ) dişleri olan herhangi bir yırtıcı hayvanın ve pençeleri olan herhangi bir kuşun yenmesini yasakladı.”"
      }
    },
    {
      "id": 36,
      "idInBook": 36,
      "chapterId": 28,
      "bookId": 6,
      "arabic": "حَدَّثَنَا أَبُو بَكْرِ بْنُ أَبِي شَيْبَةَ، حَدَّثَنَا يَحْيَى بْنُ وَاضِحٍ، عَنْ مُحَمَّدِ بْنِ إِسْحَاقَ، عَنْ عَبْدِ الْكَرِيمِ بْنِ أَبِي الْمُخَارِقِ، عَنْ حِبَّانَ بْنِ جَزْءٍ، عَنْ أَخِيهِ، خُزَيْمَةَ بْنِ جَزْءٍ قَالَ قُلْتُ يَا رَسُولَ اللَّهِ جِئْتُكَ لأَسْأَلَكَ عَنْ أَحْنَاشِ الأَرْضِ مَا تَقُولُ فِي الثَّعْلَبِ قَالَ ‏\"‏ وَمَنْ يَأْكُلُ الثَّعْلَبَ ‏\"‏ ‏.‏ قُلْتُ يَا رَسُولَ اللَّهِ مَا تَقُولُ فِي الذِّئْبِ قَالَ ‏\"‏ وَيَأْكُلُ الذِّئْبَ أَحَدٌ فِيهِ خَيْرٌ ‏\"‏ ‏.‏",
      "english": {
        "narrator": "It was\nnarrated that Khuzaimah bin Jaz’ said:",
        "text": "“I said: ‘O Messenger\nof\nAllah, I have come to ask you about the vermin of the earth. What\ndo\nyou say about foxes?’ He said: ‘Who eats foxes?’ I said: ‘O\nMessenger of Allah, what do you say about wolves?’ He said: ‘Does\nanyone in whom there is anything good eat wolves?’”"
      },
      "turkish": {
        "narrator": "It was\nnarrated that Khuzaimah bin Jaz’ said:",
        "text": "Khuzaimah bin Cez' şöyle demiştir: “Ben dedim ki: ‘Ey Allah'ın Resulü, ben yeryüzünün zararlıları hakkında sana sormaya geldim. Tilkiler hakkında ne dersin?’ O da: ‘Tilkileri kim yer?’ dedi. Ben: ‘Ey Allah'ın Resulü, kurtlar hakkında ne dersin?’ dedim. O da: ‘İçinde hayır olan biri kurt yer mi?’ dedi.”"
      }
    },
    {
      "id": 37,
      "idInBook": 37,
      "chapterId": 28,
      "bookId": 6,
      "arabic": "حَدَّثَنَا هِشَامُ بْنُ عَمَّارٍ، وَمُحَمَّدُ بْنُ الصَّبَّاحِ، قَالاَ حَدَّثَنَا عَبْدُ اللَّهِ بْنُ رَجَاءٍ الْمَكِّيُّ، عَنْ إِسْمَاعِيلَ بْنِ أُمَيَّةَ، عَنْ عَبْدِ اللَّهِ بْنِ عُبَيْدِ بْنِ عُمَيْرٍ، عَنِ ابْنِ أَبِي عَمَّارٍ، - وَهُوَ عَبْدُ الرَّحْمَنِ - قَالَ سَأَلْتُ جَابِرَ بْنَ عَبْدِ اللَّهِ عَنِ الضَّبُعِ أَصَيْدٌ هُوَ قَالَ نَعَمْ ‏.‏ قُلْتُ آكُلُهَا قَالَ نَعَمْ ‏.‏ قُلْتُ أَشَىْءٌ سَمِعْتَ مِنْ رَسُولِ اللَّهِ ـ صلى الله عليه وسلم ـ قَالَ نَعَمْ ‏.‏",
      "english": {
        "narrator": "It was\nnarrated that Ibn Abu ‘Ammar, who is ‘Abdur-Rahman, said:",
        "text": "“I\nasked Jabir bin ‘Abdullah about hyenas: ‘Are they game (that can\nbe\nhunted)?’ He said: ‘Yes.’ I said: ‘Can I eat them?’ He\nsaid: ‘Yes.’ I\nsaid: ‘Is this something that you heard from the\nMessenger of Allah\n(ﷺ)?’ He said: ‘Yes.’”"
      },
      "turkish": {
        "narrator": "It was\nnarrated that Ibn Abu ‘Ammar, who is ‘Abdur-Rahman, said:",
        "text": "İbn Ebu Ammar, yani Abdurrahman'dan rivayet edilmiştir ki: “Ben Jabir bin Abdullah'a sırtlanlar hakkında sordum: ‘Onlar av mı?’ Dedi ki: ‘Evet.’ Ben: ‘Onları yiyebilir miyim?’ dedim. Dedi ki: ‘Evet.’ Ben: ‘Bu, Allah'ın Resulü (ﷺ)nden duyduğun bir şey mi?’ Dedi ki: ‘Evet.’”"
      }
    },
    {
      "id": 38,
      "idInBook": 38,
      "chapterId": 28,
      "bookId": 6,
      "arabic": "حَدَّثَنَا أَبُو بَكْرِ بْنُ أَبِي شَيْبَةَ، حَدَّثَنَا يَحْيَى بْنُ وَاضِحٍ، عَنِ ابْنِ إِسْحَاقَ، عَنْ عَبْدِ الْكَرِيمِ بْنِ أَبِي الْمُخَارِقِ، عَنْ حِبَّانَ بْنِ جَزْءٍ، عَنْ خُزَيْمَةَ بْنِ جَزْءٍ، قَالَ قُلْتُ يَا رَسُولَ اللَّهِ مَا تَقُولُ فِي الضَّبُعِ قَالَ ‏\n\"‏ وَمَنْ يَأْكُلُ الضَّبُعَ ‏\"‏ ‏.‏",
      "english": {
        "narrator": "It was\nnarrated that Khuzaimah bin Jaz’ said:",
        "text": "“I said: ‘O Messenger\nof\nAllah (ﷺ), what do you say about hyenas?’ He said: ‘Who eats\nhyenas?’”"
      },
      "turkish": {
        "narrator": "It was\nnarrated that Khuzaimah bin Jaz’ said:",
        "text": "Khuzaimah bin Cez' şöyle demiştir: “Ben dedim ki: ‘Ey Allah'ın Resulü (ﷺ), sırtlanlar hakkında ne dersin?’ O da: ‘Sırtlanları kim yer?’ dedi.”"
      }
    },
    {
      "id": 39,
      "idInBook": 39,
      "chapterId": 28,
      "bookId": 6,
      "arabic": "حَدَّثَنَا أَبُو بَكْرِ بْنُ أَبِي شَيْبَةَ، حَدَّثَنَا مُحَمَّدُ بْنُ فُضَيْلٍ، عَنْ حُصَيْنٍ، عَنْ زَيْدِ بْنِ وَهْبٍ، عَنْ ثَابِتِ بْنِ يَزِيدَ الأَنْصَارِيِّ، قَالَ كُنَّا مَعَ النَّبِيِّ ـ صلى الله عليه وسلم ـ فَأَصَابَ النَّاسُ ضِبَابًا فَاشْتَوَوْهَا فَأَكَلُوا مِنْهَا فَأَصَبْتُ مِنْهَا ضَبًّا فَشَوَيْتُهُ ثُمَّ أَتَيْتُ بِهِ النَّبِيَّ ـ صلى الله عليه وسلم ـ فَأَخَذَ جَرِيدَةً فَجَعَلَ يَعُدُّ بِهَا أَصَابِعَهُ فَقَالَ ‏\n\"‏ إِنَّ أُمَّةً فِي بَنِي إِسْرَائِيلَ مُسِخَتْ دَوَابَّ فِي الأَرْضِ وَإِنِّي لاَ أَدْرِي لَعَلَّهَا هِيَ ‏\"‏ ‏.‏ فَقُلْتُ إِنَّ النَّاسَ قَدِ اشْتَوَوْهَا فَأَكَلُوهَا فَلَمْ يَأْكُلْ وَلَمْ يَنْهَ ‏.‏",
      "english": {
        "narrator": "It was\nnarrated that Thabit bin Yazid Al-Ansari said:",
        "text": "“We were with\nthe\nProphet (ﷺ) and the people caught a mastigure. They grilled it\nand\nate from it. Then I caught a mastigure so I grilled it and brought\nit\nto the Prophet (ﷺ). He took a palm stalk and started counting his\nfinger with it, and said: ‘A nation from among the Children of\nIsrael\nwas turned into beasts of the earth, and I do not know if this\nis\nthey.’ I said: ‘The people have grilled them and eaten them.’\nHe did\nnot eat it and he did not forbid it.”"
      },
      "turkish": {
        "narrator": "It was\nnarrated that Thabit bin Yazid Al-Ansari said:",
        "text": "Sabit bin Yazid El-Ensari'den rivayet edilmiştir ki: “Biz Peygamber (ﷺ) ileydik ve insanlar bir mastigür yakaladılar. Onu ızgara yaptılar ve ondan yediler. Sonra ben bir mastigür yakaladım, onu ızgara yaptım ve Peygamber (ﷺ)'e getirdim. O, bir palmiye dalı aldı ve parmaklarıyla saymaya başladı ve dedi ki: ‘İsrailoğulları'ndan bir kavim, yeryüzü hayvanlarına dönüştürüldü, bunun onların olup olmadığını bilmiyorum.’ Ben: ‘İnsanlar onu ızgara yaptılar ve yediler.’ dedim. O, onu yemediydi ve onu yasaklamadı.”"
      }
    },
    {
      "id": 40,
      "idInBook": 40,
      "chapterId": 28,
      "bookId": 6,
      "arabic": "حَدَّثَنَا أَبُو إِسْحَاقَ الْهَرَوِيُّ، إِبْرَاهِيمُ بْنُ عَبْدِ اللَّهِ بْنِ حَاتِمٍ حَدَّثَنَا إِسْمَاعِيلُ ابْنُ عُلَيَّةَ، عَنْ سَعِيدِ بْنِ أَبِي عَرُوبَةَ، عَنْ قَتَادَةَ، عَنْ سُلَيْمَانَ الْيَشْكُرِيِّ، عَنْ جَابِرِ بْنِ عَبْدِ اللَّهِ، أَنَّ النَّبِيَّ ـ صلى الله عليه وسلم ـ لَمْ يُحَرِّمِ الضَّبَّ وَلَكِنْ قَذِرَهُ وَإِنَّهُ لَطَعَامُ عَامَّةِ الرِّعَاءِ وَإِنَّ اللَّهَ عَزَّ وَجَلَّ لَيَنْفَعُ بِهِ غَيْرَ وَاحِدٍ وَلَوْ كَانَ عِنْدِي لأَكَلْتُهُ ‏.‏ \n حَدَّثَنَا أَبُو سَلَمَةَ، يَحْيَى بْنُ خَلَفٍ حَدَّثَنَا عَبْدُ الأَعْلَى، حَدَّثَنَا سَعِيدُ بْنُ أَبِي عَرُوبَةَ، عَنْ قَتَادَةَ، عَنْ سُلَيْمَانَ، عَنْ جَابِرٍ، عَنْ عُمَرَ بْنِ الْخَطَّابِ، عَنِ النَّبِيِّ ـ صلى الله عليه وسلم ـ نَحْوَهُ ‏.‏",
      "english": {
        "narrator": "It was\nnarrated from Jabir bin ‘Abdullah:",
        "text": "“The Prophet (ﷺ) did not\nforbid (eating) mastigures, but he found that distasteful. It is the\nfood of most shepherds, and Allah, the Mighty and Sublime, has\nbenefited more than one person thereby. If I had some I would eat\nit.”\n\nAnother chain reports a similar hadith."
      },
      "turkish": {
        "narrator": "It was\nnarrated from Jabir bin ‘Abdullah:",
        "text": "Jabir bin Abdullah'tan rivayet edilmiştir: “Peygamber (ﷺ) mastigür yemeyi yasaklamadı, ama bunu hoş karşılamadı. Bu, çoğu çobanların yiyeceğidir ve Allah, Azim ve Yüce olan, bununla birden fazla kişiye fayda sağlamıştır. Eğer benim olsaydı, ben de yerim.”"
      }
    },
    {
      "id": 41,
      "idInBook": 41,
      "chapterId": 28,
      "bookId": 6,
      "arabic": "حَدَّثَنَا أَبُو كُرَيْبٍ، حَدَّثَنَا عَبْدُ الرَّحِيمِ بْنُ سُلَيْمَانَ، عَنْ دَاوُدَ بْنِ أَبِي هِنْدٍ، عَنْ أَبِي نَضْرَةَ، عَنْ أَبِي سَعِيدٍ الْخُدْرِيِّ، قَالَ نَادَى رَسُولَ اللَّهِ ـ صلى الله عليه وسلم ـ رَجُلٌ مِنْ أَهْلِ الصُّفَّةِ حِينَ انْصَرَفَ مِنَ الصَّلاَةِ فَقَالَ يَا رَسُولَ اللَّهِ إِنَّ أَرْضَنَا أَرْضٌ مَضَبَّةٌ فَمَا تَرَى فِي الضِّبَابِ قَالَ ‏\n\"‏ بَلَغَنِي أَنَّهُ أُمَّةٌ مُسِخَتْ ‏\"‏ ‏.‏ فَلَمْ يَأْمُرْ بِهِ وَلَمْ يَنْهَ عَنْهُ ‏.‏",
      "english": {
        "narrator": "It was\nnarrated that Abu Sa’eed Al-Khudri said:",
        "text": "“A man from among\nAhlus-Suffah called the Messenger of Allah (ﷺ) when he had finished\nthe prayer, saying: ‘O Messenger of Allah! Our land is a land\ninfested\nwith mastigures. What do you think of (eating) mastigures?’\nHe said:\n‘I have heard that a nation was transformed.’ He did not\ntell us to\neat them, and he did not forbid that.”"
      },
      "turkish": {
        "narrator": "It was\nnarrated that Abu Sa’eed Al-Khudri said:",
        "text": "Başka bir isnad benzer bir hadisi rivayet etmektedir."
      }
    },
    {
      "id": 42,
      "idInBook": 42,
      "chapterId": 28,
      "bookId": 6,
      "arabic": "حَدَّثَنَا مُحَمَّدُ بْنُ الْمُصَفَّى الْحِمْصِيُّ، حَدَّثَنَا مُحَمَّدُ بْنُ حَرْبٍ، حَدَّثَنَا مُحَمَّدُ بْنُ الْوَلِيدِ الزُّبَيْدِيُّ، عَنِ الزُّهْرِيِّ، عَنْ أَبِي أُمَامَةَ بْنِ سَهْلِ بْنِ حُنَيْفٍ، عَنْ عَبْدِ اللَّهِ بْنِ عَبَّاسٍ، عَنْ خَالِدِ بْنِ الْوَلِيدِ، أَنَّ رَسُولَ اللَّهِ ـ صلى الله عليه وسلم ـ أُتِيَ بِضَبٍّ مَشْوِيٍّ فَقُرِّبَ إِلَيْهِ فَأَهْوَى بِيَدِهِ لِيَأْكُلَ مِنْهُ فَقَالَ لَهُ مَنْ حَضَرَهُ يَا رَسُولَ اللَّهِ إِنَّهُ لَحْمُ ضَبٍّ ‏.‏ فَرَفَعَ يَدَهُ عَنْهُ فَقَالَ لَهُ خَالِدٌ يَا رَسُولَ اللَّهِ أَحَرَامٌ الضَّبُّ قَالَ ‏\n\"‏ لاَ وَلَكِنَّهُ لَمْ يَكُنْ بِأَرْضِي فَأَجِدُنِي أَعَافُهُ ‏\"‏ ‏.‏ قَالَ فَأَهْوَى خَالِدٌ إِلَى الضَّبِّ فَأَكَلَ مِنْهُ وَرَسُولُ اللَّهِ ـ صلى الله عليه وسلم ـ يَنْظُرُ إِلَيْهِ ‏.‏",
      "english": {
        "narrator": "It was\nnarrated from Khalid bin Walid that a grilled mastigure was\nbrought\nto the Messenger of Allah (ﷺ) and placed near him. He\nstretched out\nhis hand to eat (some of it), then those who were\npresent said:",
        "text": "“O\nMessenger of Allah, it is the flesh of a mastigure.”\nHe took his\nhand away, and Khalid said to him: “O Messenger of Allah,\nis a\nmastigure unlawful?” He said: “No, but it is not found in my land\nand I find it distasteful.” He said: “Then Khalid bent over the\nmastigure and ate some of it, and the Messenger of Allah (ﷺ) was\nlooking at him.”"
      },
      "turkish": {
        "narrator": "It was\nnarrated from Khalid bin Walid that a grilled mastigure was\nbrought\nto the Messenger of Allah (ﷺ) and placed near him. He\nstretched out\nhis hand to eat (some of it), then those who were\npresent said:",
        "text": "Ebu Sa'id El-Hudri'den rivayet edilmiştir ki: “Ahlus-Suffah'tan bir adam, namazı bitirdiğinde Allah'ın Resulü (ﷺ)'ne seslendi: ‘Ey Allah'ın Resulü! Bizim topraklarımız mastigürlerle dolu. Mastigür yemeyi nasıl buluyorsun?’ O da: ‘Bir kavmin dönüştüğünü duydum.’ dedi. Bize onu yememizi emretmedi ve yasaklamadı.”"
      }
    },
    {
      "id": 43,
      "idInBook": 43,
      "chapterId": 28,
      "bookId": 6,
      "arabic": "حَدَّثَنَا مُحَمَّدُ بْنُ الْمُصَفَّى، حَدَّثَنَا سُفْيَانُ بْنُ عُيَيْنَةَ، عَنْ عَبْدِ اللَّهِ بْنِ دِينَارٍ، عَنِ ابْنِ عُمَرَ، قَالَ قَالَ رَسُولُ اللَّهِ ـ صلى الله عليه وسلم ـ ‏\n\"‏ لاَ أُحَرِّمُ ‏\"‏ ‏.‏ يَعْنِي الضَّبَّ ‏.‏",
      "english": {
        "narrator": "It was\nnarrated from Ibn ‘Umar that the Messenger of Allah (ﷺ)\nsaid:",
        "text": "“I\ndo not forbid it,” meaning mastigure."
      },
      "turkish": {
        "narrator": "It was\nnarrated from Ibn ‘Umar that the Messenger of Allah (ﷺ)\nsaid:",
        "text": "Halid bin Velid'den rivayet edilmiştir ki, Allah'ın Resulü (ﷺ)'ne bir ızgara mastigür getirildi ve yanına konuldu. O, yemeye uzandı, sonra orada bulunanlar: “Ey Allah'ın Resulü, bu bir mastigür etidir.” dediler. O, elini geri çekti, Halid ona: “Ey Allah'ın Resulü, mastigür haram mı?” dedi. O da: “Hayır, ama benim ülkemde bulunmuyor ve ben bunu hoş karşılamıyorum.” dedi. Halid, mastigüre eğildi ve ondan biraz yedi, Allah'ın Resulü (ﷺ) onu izliyordu."
      }
    },
    {
      "id": 44,
      "idInBook": 44,
      "chapterId": 28,
      "bookId": 6,
      "arabic": "حَدَّثَنَا مُحَمَّدُ بْنُ بَشَّارٍ، حَدَّثَنَا مُحَمَّدُ بْنُ جَعْفَرٍ، وَعَبْدُ الرَّحْمَنِ بْنُ مَهْدِيٍّ، قَالاَ حَدَّثَنَا شُعْبَةُ، عَنْ هِشَامِ بْنِ زَيْدٍ، عَنْ أَنَسِ بْنِ مَالِكٍ، قَالَ مَرَرْنَا بِمَرِّ الظَّهْرَانِ فَأَنْفَجْنَا أَرْنَبًا فَسَعَوْا عَلَيْهَا فَلَغَبُوا فَسَعَيْتُ حَتَّى أَدْرَكْتُهَا فَأَتَيْتُ بِهَا أَبَا طَلْحَةَ فَذَبَحَهَا فَبَعَثَ بِعَجُزِهَا وَوَرِكِهَا إِلَى النَّبِيِّ ـ صلى الله عليه وسلم ـ فَقَبِلَهَا ‏.‏",
      "english": {
        "narrator": "It was\nnarrated that Anas bin Malik said:",
        "text": "We passed by Marr Az-Zahran\nand\nstartled a rabbit. They chased it but got tired, so I chased it\nand\ncaught it. I brought it to Abu Talhah who slaughtered it and sent\nits\nrump and thigh to the Prophet (ﷺ), who accepted it."
      },
      "turkish": {
        "narrator": "It was\nnarrated that Anas bin Malik said:",
        "text": "İbn Umar'dan rivayet edilmiştir ki, Allah'ın Resulü (ﷺ) şöyle demiştir: “Ben onu yasaklamıyorum,” mastigür anlamında."
      }
    },
    {
      "id": 45,
      "idInBook": 45,
      "chapterId": 28,
      "bookId": 6,
      "arabic": "حَدَّثَنَا أَبُو بَكْرِ بْنُ أَبِي شَيْبَةَ، حَدَّثَنَا يَزِيدُ بْنُ هَارُونَ، أَنْبَأَنَا دَاوُدُ بْنُ أَبِي هِنْدٍ، عَنِ الشَّعْبِيِّ، عَنْ مُحَمَّدِ بْنِ صَفْوَانَ، أَنَّهُ مَرَّ عَلَى النَّبِيِّ ـ صلى الله عليه وسلم ـ بِأَرْنَبَيْنِ مُعَلِّقَهُمَا فَقَالَ يَا رَسُولَ اللَّهِ إِنِّي أَصَبْتُ هَذَيْنِ الأَرْنَبَيْنِ فَلَمْ أَجِدْ حَدِيدَةً أُذَكِّيهِمَا بِهَا فَذَكَّيْتُهُمَا بِمَرْوَةٍ أَفَآكُلُ قَالَ ‏\n\"‏ كُلْ ‏\"‏ ‏.‏",
      "english": {
        "narrator": "it was\nnarrated from Muhammad bin Safwan that he passed by the\nProphet (ﷺ)\nwith two rabbits hanging down. He said:",
        "text": "“O Messenger of\nAllah, I\ncaught these two rabbits but I cannot find any iron* with\nwhich to\nslaughter them with Marwah** and eat them?” He said: “Eat.”"
      },
      "turkish": {
        "narrator": "it was\nnarrated from Muhammad bin Safwan that he passed by the\nProphet (ﷺ)\nwith two rabbits hanging down. He said:",
        "text": "Enes bin Malik'ten rivayet edilmiştir ki: “Marr Az-Zahran'dan geçerken bir tavşanı ürküttük. Onu kovaladılar ama yoruldular, ben de onu kovaladım ve yakaladım. Onu Ebu Talha'ya getirdim, o da onu kesip, arka kısmını ve butunu Peygamber (ﷺ)'e gönderdi, o da kabul etti.”"
      }
    },
    {
      "id": 46,
      "idInBook": 46,
      "chapterId": 28,
      "bookId": 6,
      "arabic": "حَدَّثَنَا أَبُو بَكْرِ بْنُ أَبِي شَيْبَةَ، حَدَّثَنَا يَحْيَى بْنُ وَاضِحٍ، عَنْ مُحَمَّدِ بْنِ إِسْحَاقَ، عَنْ عَبْدِ الْكَرِيمِ بْنِ أَبِي الْمُخَارِقِ، عَنْ حِبَّانَ بْنِ جَزْءٍ، عَنْ أَخِيهِ، خُزَيْمَةَ بْنِ جَزْءٍ قَالَ قُلْتُ يَا رَسُولَ اللَّهِ جِئْتُكَ لأَسْأَلَكَ عَنْ أَحْنَاشِ الأَرْضِ مَا تَقُولُ فِي الضَّبِّ قَالَ ‏\"‏ لاَ آكُلُهُ وَلاَ أُحَرِّمُهُ ‏\"‏ ‏.‏ قَالَ قُلْتُ فَإِنِّي آكُلُ مِمَّا لَمْ تُحَرِّمْ وَلِمَ يَا رَسُولَ اللَّهِ قَالَ ‏\"‏ فُقِدَتْ أُمَّةٌ مِنَ الأُمَمِ وَرَأَيْتُ خَلْقًا رَابَنِي ‏\"‏ ‏.‏ قُلْتُ يَا رَسُولَ اللَّهِ مَا تَقُولُ فِي الأَرْنَبِ قَالَ لاَ آكُلُهُ وَلاَ أُحَرِّمُهُ ‏\"‏ ‏.‏ قُلْتُ فَإِنِّي آكُلُ مِمَّا لَمْ تُحَرِّمْ وَلِمَ يَا رَسُولَ اللَّهِ قَالَ ‏\"‏ نُبِّئْتُ أَنَّهَا تَدْمَى ‏\"‏ ‏.‏",
      "english": {
        "narrator": "It was\nnarrated that Khuzaimah bin Jaz’ said:",
        "text": "“I said: ‘O Messenger\nof\nAllah, I have come to you to ask you about the vermin of the earth.\nWhat do you say about mastigures?’ He said: ‘I do not eat them\nand I\ndo not forbid them.’ I said: ‘I will eat of that which you\nhave not\nforbidden. But why (do you not eat them), O Messenger of\nAllah?’ He\nsaid: ‘One of the nations was turned into beasts and I\nlooked at this\ncreature and was uncertain.’ I said: ‘O Messenger\nof Allah, what do\nyou say about rabbits?’ He said: ‘I do not eat\nthem and I do not\nforbid them.’ I said: ‘I will eat of that which\nyou have not\nforbidden. But why (do you not eat them), O Messenger of\nAllah?’ He\nsaid: ‘I have been told that it menstruates.’”"
      },
      "turkish": {
        "narrator": "It was\nnarrated that Khuzaimah bin Jaz’ said:",
        "text": "Khuzaimah bin Jaz’ şöyle dedi: “Ben dedim: ‘Ey Allah’ın Resulü, yerin haşereleri hakkında sana sormak için geldim. Mastigurlar hakkında ne dersin?’ O, ‘Ben onları yemem ve onları haram kılmam’ dedi. Ben dedim: ‘Senin haram kılmadığın şeylerden yerim. Ama neden (onları yemezsin), Ey Allah’ın Resulü?’ O, ‘Bir kavim hayvanlara dönüştürüldü ve ben bu yaratığa baktım ve tereddüt ettim’ dedi. Ben dedim: ‘Ey Allah’ın Resulü, tavşanlar hakkında ne dersin?’ O, ‘Ben onları yemem ve onları haram kılmam’ dedi. Ben dedim: ‘Senin haram kılmadığın şeylerden yerim. Ama neden (onları yemezsin), Ey Allah’ın Resulü?’ O, ‘Bana adet gördüğü söylendi’ dedi.”"
      }
    },
    {
      "id": 47,
      "idInBook": 47,
      "chapterId": 28,
      "bookId": 6,
      "arabic": "حَدَّثَنَا هِشَامُ بْنُ عَمَّارٍ، حَدَّثَنَا مَالِكُ بْنُ أَنَسٍ، حَدَّثَنِي صَفْوَانُ بْنُ سُلَيْمٍ، عَنْ سَعِيدِ بْنِ سَلَمَةَ، مِنْ آلِ ابْنِ الأَزْرَقِ أَنَّ الْمُغِيرَةَ بْنَ أَبِي بُرْدَةَ، - وَهُوَ مِنْ بَنِي عَبْدِ الدَّارِ - حَدَّثَهُ أَنَّهُ، سَمِعَ أَبَا هُرَيْرَةَ، يَقُولُ قَالَ رَسُولُ اللَّهِ ـ صلى الله عليه وسلم ـ ‏\n\"‏ الْبَحْرُ الطَّهُورُ مَاؤُهُ الْحِلُّ مَيْتَتُهُ ‏\"‏ ‏.‏ قَالَ أَبُو عَبْدِ اللَّهِ بَلَغَنِي عَنْ أَبِي عُبَيْدَةَ الْجَوَادِ أَنَّهُ قَالَ هَذَا نِصْفُ الْعِلْمِ لأَنَّ الدُّنْيَا بَرٌّ وَبَحْرٌ فَقَدْ أَفْتَاكَ فِي الْبَحْرِ وَبَقِيَ الْبَرُّ ‏.‏",
      "english": {
        "narrator": "Mughirah\nbin Abu Burdah, who was of the tribe of Banu ‘Abd-Dar,\nnarrated\nthat he heard Abu Hurairah say:",
        "text": "“The Messenger of Allah (ﷺ)\nsaid:\n‘The water of the sea is a means of purification and its dead\nmeat\nis permissible.’”"
      },
      "turkish": {
        "narrator": "Mughirah\nbin Abu Burdah, who was of the tribe of Banu ‘Abd-Dar,\nnarrated\nthat he heard Abu Hurairah say:",
        "text": "Banu ‘Abd-Dar kabilesinden Mughirah bin Abu Burdah, Abu Hurairah’ın şöyle dediğini duyduğunu nakletti: “Allah’ın Resulü (ﷺ) şöyle dedi: ‘Deniz suyu bir temizlenme aracıdır ve onun ölü eti helaldir.’”"
      }
    },
    {
      "id": 48,
      "idInBook": 48,
      "chapterId": 28,
      "bookId": 6,
      "arabic": "حَدَّثَنَا أَحْمَدُ بْنُ عَبْدَةَ، حَدَّثَنَا يَحْيَى بْنُ سُلَيْمٍ الطَّائِفِيُّ، حَدَّثَنَا إِسْمَاعِيلُ بْنُ أُمَيَّةَ، عَنْ أَبِي الزُّبَيْرِ، عَنْ جَابِرِ بْنِ عَبْدِ اللَّهِ، قَالَ قَالَ رَسُولُ اللَّهِ ـ صلى الله عليه وسلم ـ ‏\n\"‏ مَا أَلْقَى الْبَحْرُ أَوْ جَزَرَ عَنْهُ فَكُلُوهُ وَمَا مَاتَ فِيهِ فَطَفَا فَلاَ تَأْكُلُوهُ ‏\"‏ ‏.‏",
      "english": {
        "narrator": "It was\nnarrated from Jabir bin ‘Abdullah that the Messenger of Allah\n(ﷺ)\nsaid:",
        "text": "“Whatever the sea throws out or is left behind when the\ntide\nebbs, eat it, but whatever rises to its surface, do not eat it.’”"
      },
      "turkish": {
        "narrator": "It was\nnarrated from Jabir bin ‘Abdullah that the Messenger of Allah\n(ﷺ)\nsaid:",
        "text": "Jabir bin ‘Abdullah’tan rivayet edilmiştir ki, Allah’ın Resulü (ﷺ) şöyle dedi: “Deniz ne atarsa ya da gelgit geri çekildiğinde geride kalan ne varsa, onu ye, ama yüzeye çıkan şeyleri yeme.’”"
      }
    },
    {
      "id": 49,
      "idInBook": 49,
      "chapterId": 28,
      "bookId": 6,
      "arabic": "حَدَّثَنَا أَحْمَدُ بْنُ الأَزْهَرِ النَّيْسَابُورِيُّ، حَدَّثَنَا الْهَيْثَمُ بْنُ جَمِيلٍ، حَدَّثَنَا شَرِيكٌ، عَنْ هِشَامِ بْنِ عُرْوَةَ، عَنْ أَبِيهِ، عَنِ ابْنِ عُمَرَ، قَالَ مَنْ يَأْكُلُ الْغُرَابَ وَقَدْ سَمَّاهُ رَسُولُ اللَّهِ ـ صلى الله عليه وسلم ـ ‏\n\"‏ فَاسِقًا ‏\"‏ ‏.‏ وَاللَّهِ مَا هُوَ مِنَ الطَّيِّبَاتِ ‏.‏",
      "english": {
        "narrator": "It was\nnarrated that Ibn ‘Umar said:",
        "text": "“Who eats crows? The Messenger\nof\nAllah (ﷺ) called them vermin, By Allah, they are not from among\nthe\ngood and permissible things.”"
      },
      "turkish": {
        "narrator": "It was\nnarrated that Ibn ‘Umar said:",
        "text": "İbn ‘Umar şöyle dedi: “Kim kargaları yer? Allah’ın Resulü (ﷺ) onları haşere olarak adlandırdı. Vallahi, onlar iyi ve helal şeylerden değildir.”"
      }
    },
    {
      "id": 50,
      "idInBook": 50,
      "chapterId": 28,
      "bookId": 6,
      "arabic": "حَدَّثَنَا مُحَمَّدُ بْنُ بَشَّارٍ، حَدَّثَنَا الأَنْصَارِيُّ، حَدَّثَنَا الْمَسْعُودِيُّ، حَدَّثَنَا عَبْدُ الرَّحْمَنِ بْنُ الْقَاسِمِ بْنِ مُحَمَّدِ بْنِ أَبِي بَكْرٍ الصِّدِّيقِ، عَنْ أَبِيهِ، عَنْ عَائِشَةَ، أَنَّ رَسُولَ اللَّهِ ـ صلى الله عليه وسلم ـ قَالَ ‏\"‏ الْحَيَّةُ فَاسِقَةٌ وَالْعَقْرَبُ فَاسِقَةٌ وَالْفَأْرَةُ فَاسِقَةٌ وَالْغُرَابُ فَاسِقٌ ‏\"‏ ‏.‏ فَقِيلَ لِلْقَاسِمِ أَيُؤْكَلُ الْغُرَابُ قَالَ مَنْ يَأْكُلُهُ بَعْدَ قَوْلِ رَسُولِ اللَّهِ ـ صلى الله عليه وسلم ـ ‏\"‏ فَاسِقٌ ‏\"‏ ‏.‏",
      "english": {
        "narrator": "It was\nnarrated from ‘Aishah that the Messenger of Allah (ﷺ) said:",
        "text": "“Snakes are vermin, scorpions are vermin, mice are vermin and crows\nare vermin.”"
      },
      "turkish": {
        "narrator": "It was\nnarrated from ‘Aishah that the Messenger of Allah (ﷺ) said:",
        "text": "‘Aişe’den rivayet edilmiştir ki, Allah’ın Resulü (ﷺ) şöyle dedi: “Yılanlar haşeredir, akrepler haşeredir, fareler haşeredir ve kargalar haşeredir.”"
      }
    },
    {
      "id": 51,
      "idInBook": 51,
      "chapterId": 28,
      "bookId": 6,
      "arabic": "حَدَّثَنَا الْحُسَيْنُ بْنُ مَهْدِيٍّ، أَنْبَأَنَا عَبْدُ الرَّزَّاقِ، أَنْبَأَنَا عُمَرُ بْنُ زَيْدٍ، عَنْ أَبِي الزُّبَيْرِ، عَنْ جَابِرٍ، قَالَ نَهَى رَسُولُ اللَّهِ ـ صلى الله عليه وسلم ـ عَنْ أَكْلِ الْهِرَّةِ وَثَمَنِهَا‏.‏",
      "english": {
        "narrator": "It was\nnarrated that Jabir said:",
        "text": "“The Messenger of Allah (ﷺ)\nforbade\neating cats and he forbade their price.”"
      },
      "turkish": {
        "narrator": "It was\nnarrated that Jabir said:",
        "text": "Jabir şöyle dedi: “Allah’ın Resulü (ﷺ) kedileri yemeyi yasakladı ve onların fiyatını da yasakladı.”"
      }
    }
  ],
  "chapter": {
    "id": 28,
    "bookId": 6,
    "arabic": "كتاب الصيد",
    "english": "Chapters on Hunting"
  }
}