{
  "metadata": {
    "length": 29,
    "arabic": {
      "title": "سنن ابن ماجه",
      "author": "الإمام محمد بن يزيد بن ماجه القزويني",
      "introduction": "كتاب الأذان والسنة فيها"
    },
    "english": {
      "title": "Sunan Ibn Majah",
      "author": "Imam Muhammad ibn Yazid Ibn Majah al-Qazwini",
      "introduction": "The Book of the Adhan and the Sunnah Regarding It"
    }
  },
  "hadiths": [
    {
      "id": 1,
      "idInBook": 1,
      "chapterId": 3,
      "bookId": 6,
      "arabic": "حَدَّثَنَا أَبُو عُبَيْدٍ، مُحَمَّدُ بْنُ عُبَيْدِ بْنِ مَيْمُونٍ الْمَدَنِيُّ حَدَّثَنَا مُحَمَّدُ بْنُ سَلَمَةَ الْحَرَّانِيُّ، حَدَّثَنَا مُحَمَّدُ بْنُ إِسْحَاقَ، حَدَّثَنَا مُحَمَّدُ بْنُ إِبْرَاهِيمَ التَّيْمِيُّ، عَنْ مُحَمَّدِ بْنِ عَبْدِ اللَّهِ بْنِ زَيْدٍ، عَنْ أَبِيهِ، قَالَ كَانَ رَسُولُ اللَّهِ ـ صلى الله عليه وسلم ـ قَدْ هَمَّ بِالْبُوقِ وَأَمَرَ بِالنَّاقُوسِ فَنُحِتَ فَأُرِيَ عَبْدُ اللَّهِ بْنُ زَيْدٍ فِي الْمَنَامِ قَالَ رَأَيْتُ رَجُلاً عَلَيْهِ ثَوْبَانِ أَخْضَرَانِ يَحْمِلُ نَاقُوسًا فَقُلْتُ لَهُ يَا عَبْدَ اللَّهِ تَبِيعُ النَّاقُوسَ قَالَ وَمَا تَصْنَعُ بِهِ قُلْتُ أُنَادِي بِهِ إِلَى الصَّلاَةِ ‏.‏ قَالَ أَفَلاَ أَدُلُّكَ عَلَى خَيْرٍ مِنْ ذَلِكَ قُلْتُ وَمَا هُوَ قَالَ تَقُولُ اللَّهُ أَكْبَرُ اللَّهُ أَكْبَرُ اللَّهُ أَكْبَرُ اللَّهُ أَكْبَرُ أَشْهَدُ أَنْ لاَ إِلَهَ إِلاَّ اللَّهُ أَشْهَدُ أَنْ لاَ إِلَهَ إِلاَّ اللَّهُ أَشْهَدُ أَنَّ مُحَمَّدًا رَسُولُ اللَّهِ أَشْهَدُ أَنَّ مُحَمَّدًا رَسُولُ اللَّهِ حَىَّ عَلَى الصَّلاَةِ حَىَّ عَلَى الصَّلاَةِ حَىَّ عَلَى الْفَلاَحِ حَىَّ عَلَى الْفَلاَحِ ‏.‏ اللَّهُ أَكْبَرُ اللَّهُ أَكْبَرُ لاَ إِلَهَ إِلاَّ اللَّهُ ‏.‏ قَالَ فَخَرَجَ عَبْدُ اللَّهِ بْنُ زَيْدٍ حَتَّى أَتَى رَسُولَ اللَّهِ ـ صلى الله عليه وسلم ـ فَأَخْبَرَهُ بِمَا رَأَى ‏.‏ قَالَ يَا رَسُولَ اللَّهِ رَأَيْتُ رَجُلاً عَلَيْهِ ثَوْبَانِ أَخْضَرَانِ يَحْمِلُ نَاقُوسًا ‏.‏ فَقَصَّ عَلَيْهِ الْخَبَرَ فَقَالَ رَسُولُ اللَّهِ ـ صلى الله عليه وسلم ـ ‏\n\"‏ إِنَّ صَاحِبَكُمْ قَدْ رَأَى رُؤْيَا فَاخْرُجْ مَعَ بِلاَلٍ إِلَى الْمَسْجِدِ فَأَلْقِهَا عَلَيْهِ وَلْيُنَادِ بِلاَلٌ فَإِنَّهُ أَنْدَى صَوْتًا مِنْكَ ‏\"‏ ‏.‏ قَالَ فَخَرَجْتُ مَعَ بِلاَلٍ إِلَى الْمَسْجِدِ فَجَعَلْتُ أُلْقِيهَا عَلَيْهِ وَهُوَ يُنَادِي بِهَا ‏.‏ قَالَ فَسَمِعَ عُمَرُ بْنُ الْخَطَّابِ بِالصَّوْتِ فَخَرَجَ فَقَالَ يَا رَسُولَ اللَّهِ وَاللَّهِ لَقَدْ رَأَيْتُ مِثْلَ الَّذِي رَأَى ‏.‏ قَالَ أَبُو عُبَيْدٍ فَأَخْبَرَنِي أَبُو بَكْرٍ الْحَكَمِيُّ أَنَّ عَبْدَ اللَّهِ بْنَ زَيْدٍ الأَنْصَارِيَّ قَالَ فِي ذَلِكَ أَحْمَدُ اللَّهَ ذَا الْجَلاَلِ وَذَا الإِكْرَامِ حَمْدًا عَلَى الأَذَانِ كَثِيرًا إِذْ أَتَانِي بِهِ الْبَشِيرُ مِنَ اللَّهِ فَأَكْرِمْ بِهِ لَدَىَّ بَشِيرًا فِي لَيَالٍ وَالَى بِهِنَّ ثَلاَثٍ كُلَّمَا جَاءَ زَادَنِي تَوْقِيرًا",
      "english": {
        "narrator": "It was narrated from Muhammed bin 'Abdullah bin Zaid that his father said that:",
        "text": "The Messenger of Allah was thinking of a horn, and he commanded that a bell be made and it was done. Then 'Abdullah bin Zaid had a dream. He said: \"I saw a man wearing two green garments, carrying a bell. I said to him, 'O slave of Allah, will you sell the bell?' He said; 'What will you do with it?' I said, 'I will call (the people) to prayer.' He said, 'Shall I not tell you of something better than that?' I said, 'What is it?' he said, 'Say: Allahu Akbar Allahu Akbar, Allahu Akbar Allahu Akbar; Ash-hadu an la ilaha illallah, Ash-hadu an la ilaha illallah; Ash-hadu anna Muhammadan Rasulullah, Ash-hadu anna Muhammadan Rasulullah; Hayya 'alas-salah,  Hayya 'alas-salah; Hayya 'alal-falah, Hayya 'alal-falah;  Allahu Akbar Allahu Akbar; La ilaha illallah (Allah is The Most Great, Allah is The Most Great; Allah is The Most Great, Allah is The Most Great; I bear witness that none has the right to be worshipped but Allah, I bear witness that none has the right to be worshipped but Allah; I bear witness that Muhammed is the Messenger of Allah, I bear witness that Muhammed is the Messenger of Allah; Come to the Prayer, Come to the Prayer; Come to the prosperity, Come to the prosperity; Allah is the Most great, Allah is the Most Great; None has the right to be worshipped but Allah).\" 'Abdullah bin Zaid went out and came to the Messenger of Allah, and told him what he had seen. He said, \"O Messenger of Allah, I saw a man wearing two green garments carrying a bell,\" and he told him the story. The Messenger of Allah said, \"Your companion has had a dream. Go out with Bilal to the mosque and teach it to him, for he has a louder voice than you.\" I ('Abdullah) went out with Bilal to the mosque, and I started teaching him the words and he was calling them out. 'Umar Al-Khattab heard the voice and came out saying, \"O Messenger of Allah! By Allah, I saw the same (dream) as him.\" (Hasan)Abu 'Ubaid said: \"Abu Bakr Al-Hakami told me that 'Abdullah bin Zaid Al-Ansari said concerning that:\n'I praise Allah, the Possessor of majesty and honor,\nA great deal of praise for the Adhan.\nSince the news of it came to me from Allah,\nSo due to it, I was honored by the information.\nDuring the three nights.\nEach of which increased me in honor.'\""
      },
      "turkish": {
        "narrator": "It was narrated from Muhammed bin 'Abdullah bin Zaid that his father said that:",
        "text": "Muhammed bin 'Abdullah bin Zaid'den, babası aracılığıyla rivayet edilmiştir ki: Allah'ın Resulü bir boru hakkında düşünüyordu ve bir çan yapılmasını emretti, bu da yapıldı. Sonra 'Abdullah bin Zaid bir rüya gördü. Dedi ki: \"İki yeşil elbise giymiş, bir çan taşıyan bir adam gördüm. Ona dedim ki, 'Ey Allah'ın kulu, çanı satacak mısın?' O da dedi ki; 'Onu ne yapacaksın?' Ben de dedim ki, 'İkindi namazına çağıracağım.' O da dedi ki, 'Sana bundan daha hayırlısını söylemeyeyim mi?' Ben de sordum, 'Nedir o?' Dedi ki, 'De ki: Allahu Ekber Allahu Ekber, Allahu Ekber Allahu Ekber; Eşhedü en la ilaha illallah, Eşhedü en la ilaha illallah; Eşhedü enne Muhammeden Resulullah, Eşhedü enne Muhammeden Resulullah; Hayya 'ala's-salah, Hayya 'ala's-salah; Hayya 'ala'l-felah, Hayya 'ala'l-felah; Allahu Ekber Allahu Ekber; La ilaha illallah (Allah en büyüktür, Allah en büyüktür; Allah en büyüktür, Allah en büyüktür; Ben şahadet ederim ki Allah'tan başka ilah yoktur, Ben şahadet ederim ki Allah'tan başka ilah yoktur; Ben şahadet ederim ki Muhammed Allah'ın Resulüdür, Ben şahadet ederim ki Muhammed Allah'ın Resulüdür; Namaza gelin, Namaza gelin; Kurtuluşa gelin, Kurtuluşa gelin; Allah en büyüktür, Allah en büyüktür; Allah'tan başka ilah yoktur).' 'Abdullah bin Zaid dışarı çıktı ve Allah'ın Resulü'ne gördüklerini anlattı. Dedi ki, \"Ey Allah'ın Resulü, iki yeşil elbise giymiş bir adam gördüm, çan taşıyordu,\" ve ona hikayeyi anlattı. Allah'ın Resulü dedi ki, \"Arkadaşın bir rüya gördü. Bilal ile birlikte camiye git ve ona bunu öğret, çünkü onun sesi senden daha yüksektir.\" Ben ('Abdullah) Bilal ile camiye çıktım ve ona kelimeleri öğretmeye başladım, o da onları seslendiriyordu. 'Umar bin Khattab sesi duydu ve dışarı çıkarak, \"Ey Allah'ın Resulü! Vallahi, ben de onun gördüğü gibi bir rüya gördüm.\" (Hasan) Abu 'Ubaid dedi ki: \"Abu Bakr Al-Hakami bana 'Abdullah bin Zaid Al-Ansari'nin bu konuda şöyle dediğini söyledi: 'Ben Allah'ı, azamet ve şeref sahibini övüyorum, Adhan için çokça övgü. Bunun haberini Allah'tan aldım, bu yüzden bu bilgiyle onurlandırıldım. Üç gece boyunca. Her biri beni onurda artırdı.'\""
      }
    },
    {
      "id": 2,
      "idInBook": 2,
      "chapterId": 3,
      "bookId": 6,
      "arabic": "حَدَّثَنَا مُحَمَّدُ بْنُ خَالِدِ بْنِ عَبْدِ اللَّهِ الْوَاسِطِيُّ، حَدَّثَنَا أَبِي، عَنْ عَبْدِ الرَّحْمَنِ بْنِ إِسْحَاقَ، عَنِ الزُّهْرِيِّ، عَنْ سَالِمٍ، عَنْ أَبِيهِ، أَنَّ النَّبِيَّ ـ صلى الله عليه وسلم ـ اسْتَشَارَ النَّاسَ لِمَا يُهِمُّهُمْ إِلَى الصَّلاَةِ فَذَكَرُوا الْبُوقَ فَكَرِهَهُ مِنْ أَجْلِ الْيَهُودِ ثُمَّ ذَكَرُوا النَّاقُوسَ فَكَرِهَهُ مِنْ أَجْلِ النَّصَارَى فَأُرِيَ النِّدَاءَ تِلْكَ اللَّيْلَةَ رَجُلٌ مِنَ الأَنْصَارِ يُقَالُ لَهُ عَبْدُ اللَّهِ بْنُ زَيْدٍ وَعُمَرُ بْنُ الْخَطَّابِ فَطَرَقَ الأَنْصَارِيُّ رَسُولَ اللَّهِ ـ صلى الله عليه وسلم ـ لَيْلاً فَأَمَرَ رَسُولُ اللَّهِ ـ صلى الله عليه وسلم ـ بِلاَلاً بِهِ فَأَذَّنَ ‏.‏ قَالَ الزُّهْرِيُّ وَزَادَ بِلاَلٌ فِي نِدَاءِ صَلاَةِ الْغَدَاةِ الصَّلاَةُ خَيْرٌ مِنَ النَّوْمِ فَأَقَرَّهَا رَسُولُ اللَّهِ ـ صلى الله عليه وسلم ـ ‏.‏ قَالَ عُمَرُ يَا رَسُولَ اللَّهِ قَدْ رَأَيْتُ مِثْلَ الَّذِي رَأَى وَلَكِنَّهُ سَبَقَنِي ‏.‏",
      "english": {
        "narrator": "It was narrated from Salim, from his father, that:",
        "text": "The Prophet consulted the people as to how he could call them to the prayer. They suggested a horn, but he disliked that because of the Jews (because the Jews used a horn). Then they suggested a bell but he disliked that because of the Christians (because the Christians used a bell). Then that night the call to the prayer was shown in a dream to a man among the Ansar whose name was 'Abdullah bin Zaid, and to 'Umar bin Khattab. The Ansari man came to the Messenger of Allah at night, and the Messenger of Allah commanded Bilal to give the call to the prayer. (Da'if)Zuhri said: \"Bilal added the phrase \"As-salatu khairum minan-nawm (the prayer is better than sleep)\" to the call for the morning prayer, and the Messenger of Allah approved of that.\" 'Umar said: \"O Messenger of Allah, I saw the same as he did, but he beat me to it.\""
      },
      "turkish": {
        "narrator": "It was narrated from Salim, from his father, that:",
        "text": "Salim'den, babası aracılığıyla rivayet edilmiştir ki: Peygamber, insanlara nasıl namaza çağıracağını sordu. Onlar bir boru önerdiler, ama o bunu Yahudiler yüzünden istemedi (çünkü Yahudiler bir boru kullanıyordu). Sonra bir çan önerdiler ama o bunu Hristiyanlar yüzünden istemedi (çünkü Hristiyanlar bir çan kullanıyordu). O gece, 'Abdullah bin Zaid adında bir Ansar'dan bir adam ve 'Umar bin Khattab'a namaza çağrı rüyada gösterildi. Ansari adam gece Allah'ın Resulü'ne geldi ve Allah'ın Resulü Bilal'e namaza çağırmasını emretti. (Da'if) Zuhri dedi ki: \"Bilal sabah namazı için çağrıda 'As-salatu khairum minan-nawm (namaz, uykudan hayırlıdır)' ifadesini ekledi ve Allah'ın Resulü bunu onayladı.\" 'Umar dedi ki: \"Ey Allah'ın Resulü, ben de onun gördüğü gibi gördüm ama o benden önce davrandı.\""
      }
    },
    {
      "id": 3,
      "idInBook": 3,
      "chapterId": 3,
      "bookId": 6,
      "arabic": "حَدَّثَنَا مُحَمَّدُ بْنُ بَشَّارٍ، وَمُحَمَّدُ بْنُ يَحْيَى، قَالاَ حَدَّثَنَا أَبُو عَاصِمٍ، أَنْبَأَنَا ابْنُ جُرَيْجٍ، أَخْبَرَنِي عَبْدُ الْعَزِيزِ بْنُ عَبْدِ الْمَلِكِ بْنِ أَبِي مَحْذُورَةَ، عَنْ عَبْدِ اللَّهِ بْنِ مُحَيْرِيزٍ، - وَكَانَ يَتِيمًا فِي حِجْرِ أَبِي مَحْذُورَةَ بْنِ مِعْيَرٍ حِينَ جَهَّزَهُ إِلَى الشَّامِ - فَقُلْتُ لأَبِي مَحْذُورَةَ أَىْ عَمِّ إِنِّي خَارِجٌ إِلَى الشَّامِ وَإِنِّي أُسْأَلُ عَنْ تَأْذِينِكَ فَأَخْبَرَنِي أَنَّ أَبَا مَحْذُورَةَ قَالَ خَرَجْتُ فِي نَفَرٍ فَكُنَّا بِبَعْضِ الطَّرِيقِ فَأَذَّنَ مُؤَذِّنُ رَسُولِ اللَّهِ ـ صلى الله عليه وسلم ـ بِالصَّلاَةِ عِنْدَ رَسُولِ اللَّهِ ـ صلى الله عليه وسلم ـ فَسَمِعْنَا صَوْتَ الْمُؤَذِّنِ وَنَحْنُ عَنْهُ مُتَنَكِّبُونَ فَصَرَخْنَا نَحْكِيهِ نَهْزَأُ بِهِ فَسَمِعَ رَسُولُ اللَّهِ ـ صلى الله عليه وسلم ـ فَأَرْسَلَ إِلَيْنَا قَوْمًا فَأَقْعَدُونَا بَيْنَ يَدَيْهِ فَقَالَ ‏\"‏ أَيُّكُمُ الَّذِي سَمِعْتُ صَوْتَهُ قَدِ ارْتَفَعَ ‏\"‏ ‏.‏ فَأَشَارَ إِلَىَّ الْقَوْمُ كُلُّهُمْ وَصَدَقُوا فَأَرْسَلَ كُلَّهُمْ وَحَبَسَنِي وَقَالَ لِي ‏\"‏ قُمْ فَأَذِّنْ ‏\"‏ ‏.‏ فَقُمْتُ وَلاَ شَىْءَ أَكْرَهُ إِلَىَّ مِنْ رَسُولِ اللَّهِ ـ صلى الله عليه وسلم ـ وَلاَ مِمَّا يَأْمُرُنِي بِهِ فَقُمْتُ بَيْنَ يَدَىْ رَسُولِ اللَّهِ ـ صلى الله عليه وسلم ـ فَأَلْقَى عَلَىَّ رَسُولُ اللَّهِ التَّأْذِينَ هُوَ بِنَفْسِهِ فَقَالَ ‏\"‏ قُلِ اللَّهُ أَكْبَرُ اللَّهُ أَكْبَرُ اللَّهُ أَكْبَرُ اللَّهُ أَكْبَرُ أَشْهَدُ أَنْ لاَ إِلَهَ إِلاَّ اللَّهُ أَشْهَدُ أَنْ لاَ إِلَهَ إِلاَّ اللَّهُ أَشْهَدُ أَنَّ مُحَمَّدًا رَسُولُ اللَّهِ أَشْهَدُ أَنَّ مُحَمَّدًا رَسُولُ اللَّهِ ‏\"‏ ‏.‏ ثُمَّ قَالَ لِي ‏\"‏ ارْجِعْ فَمُدَّ مِنْ صَوْتِكَ أَشْهَدُ أَنْ لاَ إِلَهَ إِلاَّ اللَّهُ أَشْهَدُ أَنْ لاَ إِلَهَ إِلاَّ اللَّهُ أَشْهَدُ أَنَّ مُحَمَّدًا رَسُولُ اللَّهِ أَشْهَدُ أَنَّ مُحَمَّدًا رَسُولُ اللَّهِ حَىَّ عَلَى الصَّلاَةِ حَىَّ عَلَى الصَّلاَةِ حَىَّ عَلَى الْفَلاَحِ حَىَّ عَلَى الْفَلاَحِ اللَّهُ أَكْبَرُ اللَّهُ أَكْبَرُ لاَ إِلَهَ إِلاَّ اللَّهُ ‏\"‏ ‏.‏ ثُمَّ دَعَانِي حِينَ قَضَيْتُ التَّأْذِينَ فَأَعْطَانِي صُرَّةً فِيهَا شَىْءٌ مِنْ فِضَّةٍ ثُمَّ وَضَعَ يَدَهُ عَلَى نَاصِيَةِ أَبِي مَحْذُورَةَ ثُمَّ أَمَرَّهَا عَلَى وَجْهِهِ مِنْ بَيْنِ يَدَيْهِ ثُمَّ عَلَى كَبِدِهِ ثُمَّ بَلَغَتْ يَدُ رَسُولِ اللَّهِ ـ صلى الله عليه وسلم ـ سُرَّةَ أَبِي مَحْذُورَةَ ثُمَّ قَالَ رَسُولُ اللَّهِ ـ صلى الله عليه وسلم ـ ‏\"‏ بَارَكَ اللَّهُ لَكَ وَبَارَكَ عَلَيْكَ ‏\"‏ ‏.‏ فَقُلْتُ يَا رَسُولَ اللَّهِ أَمَرْتَنِي بِالتَّأْذِينِ بِمَكَّةَ قَالَ ‏\"‏ نَعَمْ قَدْ أَمَرْتُكَ ‏\"‏ ‏.‏ فَذَهَبَ كُلُّ شَىْءٍ كَانَ لِرَسُولِ اللَّهِ ـ صلى الله عليه وسلم ـ مِنْ كَرَاهِيَةٍ وَعَادَ ذَلِكَ كُلُّهُ مَحَبَّةً لِرَسُولِ اللَّهِ ـ صلى الله عليه وسلم ـ فَقَدِمْتُ عَلَى عَتَّابِ بْنِ أَسِيدٍ عَامِلِ رَسُولِ اللَّهِ ـ صلى الله عليه وسلم ـ بِمَكَّةَ فَأَذَّنْتُ مَعَهُ بِالصَّلاَةِ عَلَى أَمْرِ رَسُولِ اللَّهِ ـ صلى الله عليه وسلم ـ ‏.‏ قَالَ وَأَخْبَرَنِي ذَلِكَ مَنْ أَدْرَكَ أَبَا مَحْذُورَةَ عَلَى مَا أَخْبَرَنِي عَبْدُ اللَّهِ بْنُ مُحَيْرِيزٍ ‏.‏",
      "english": {
        "narrator": "Ibn Juraij narrated:",
        "text": "\"Abdul-'Aziz bin 'Abdul-Malik bin Abu Mahdhurah narrated from 'Abdullah bin muhairiz who was an orphan under the care of Abu Mahdhurah bin mi'yar that when he was preparing him to travel to Sham, he said: 'O my uncle, I am going out to Sham, and I will be asked about how you started the Adhan.' So he informed me that. Abu Mahdhurah said: 'I went out with a group of people, and we were somewhere on the road, when the Mu'adh-dhin of the Messenger of Allah gave the call to prayer in the presence of the Messenger of Allah. We heard the voice of the Mu'adh-dhin, and we were shunning it (the Adhan), so we started yelling, imitating it and mocking it. The Messenger of Allah heard us, so he sent some people who brought us to sit in front of him. He said: 'Who is the one whose voice I heard so loud?' The people all pointed to me, and they were telling the truth. He sent them all away, but kept me there and said to me: 'Stand up and give the call to prayer.' I stood up and there was nothing more hateful to me than the Messenger of Allah and what he was telling me to do. I stood up in front of the Messenger of Allah and the Messenger of Allah himself taught me the call. He said: \"Say: 'Allahu Akbar Allahu Akbar, Allahu Akbar Allahu Akbar; Ash-hadu an la ilaha illallah, Ash-hadu an la ilaha illallah; Ash-hadu anna Muhammadan Rasulullah, Ash-hadu anna Muhammadan Rasulullah (Allah is the Most great, Allah is the most Great, Allah is the most Great, Allah is the most Great; I bear witness that none has the right to be worshipped but Allah, I bear witness that none has the right to be worshipped but Allah; I bear witness that Muhammad is the Messenger of Allah, I bear witness that Muhammad is the Messenger of Allah).'\" Then he said: \"Raise your voice (and say). Ash-hadu an la ilaha illallah, Ash-hadu an la ilaha illallah; Ash-hadu anna Muhammadan Rasulullah, Ash-hadu anna Muhammadan Rasulullah; Hayya 'alal-salah, Hayya 'alal-salah; Hayya 'alal-falah, Hayya 'alal-falah; Allahu Akbar Allahu Akbar; La ilaha illallah (I bear witness that none has the right to be worshipped but Allah, I bear witness that none has the right to be worshipped but Allah; I bear witness that Muhammad is the Messenger of Allah, I bear witness that Muhammad is the Messenger of Allah; Come to the Prayer, Come to the Prayer; Come to the prosperity, Come to the prosperity; Allah is the Most great, Allah is the Most Great; None has the right to be worshipped but Allah).'\" Then he called me when I had finished saying the Adhan, and gave me a small bag in which there was some silver. Then he put his hand on the forelock of Abu Mahdhurah, then passed it over his face, then over his chest, and over his heart, until the hand of the Messenger of Allah reached his navel. Then the Messenger of Allah said: 'May Allah bless you and send blessings upon you.' I said: 'O Messenger of Allah, do you command me to give the call to prayer in Makkah?' He said: 'Yes, I command you (to do so).' Then all the hatred I had felt towards the Messenger of Allah disappeared, and was replaced with love for the Messenger of Allah. I came to 'Attab bin Asid, the governor of the Messenger of Allah in Makkah, and gave the call to prayer with him by command of the Messenger of Allah.\" (Sahih)He ('Abdul-'Aziz) said: \"Someone who met Abu Mahdhurah told me the same as 'Abdullah bin Muhairiz told me.\""
      },
      "turkish": {
        "narrator": "Ibn Juraij narrated:",
        "text": "İbn Juraij rivayet etti: \"Abdul-'Aziz bin 'Abdul-Malik bin Abu Mahdhurah, 'Abdullah bin Muhairiz'den, Abu Mahdhurah bin Mi'yar'ın himayesinde bir yetim olduğunu, onu Şam'a seyahat için hazırlarken, 'Ey amca, ben Şam'a gidiyorum ve Adhan'ı nasıl başlattığın sorulacak' dediğini aktardı. Bunun üzerine bana bilgi verdi. Abu Mahdhurah dedi ki: 'Ben bir grup insanla birlikte çıktım ve yolda bir yerde, Allah'ın Resulü'nün mu'adhdhin'i, Allah'ın Resulü'nün huzurunda namaza çağrıda bulundu. Mu'adhdhin'in sesini duyduk ve biz Adhan'ı küçümseyerek bağırmaya başladık, taklit ederek alay ettik. Allah'ın Resulü bizi duydu, bu yüzden bazı insanları gönderdi ve bizi önünde oturtmalarını sağladı. Dedi ki: 'Kimin sesi bu kadar yüksek?' İnsanlar hep bana işaret etti ve doğruyu söylediler. Hepsini gönderdi, ama beni orada bıraktı ve bana dedi ki: 'Kalk ve namaza çağır.' Ben kalktım ve Allah'ın Resulü'nden ve bana söylediklerinden daha nefret ettiğim bir şey yoktu. Allah'ın Resulü'nün önünde durdum ve Allah'ın Resulü bana çağrıyı öğretti. Dedi ki: \"De ki: 'Allahu Ekber Allahu Ekber, Allahu Ekber Allahu Ekber; Eşhedü en la ilaha illallah, Eşhedü en la ilaha illallah; Eşhedü enne Muhammeden Resulullah, Eşhedü enne Muhammeden Resulullah (Allah en büyüktür, Allah en büyüktür, Allah en büyüktür, Allah en büyüktür; Ben şahadet ederim ki Allah'tan başka ilah yoktur, Ben şahadet ederim ki Allah'tan başka ilah yoktur; Ben şahadet ederim ki Muhammed Allah'ın Resulüdür, Ben şahadet ederim ki Muhammed Allah'ın Resulüdür).'\" Sonra bana, Adhan'ı söyledikten sonra çağırdı ve içinde biraz gümüş olan küçük bir çanta verdi. Sonra Abu Mahdhurah'nın saçının ön kısmına elini koydu, yüzünden geçirdi, göğsünden geçirdi ve kalbinin üzerine kadar, Allah'ın Resulü'nün eli göbeğine kadar ulaştı. Sonra Allah'ın Resulü dedi ki: 'Allah seni bereketlendirsin ve üzerine rahmet eylesin.' Ben de dedim ki: 'Ey Allah'ın Resulü, bana Mekkede namaza çağırmamı emrediyor musun?' O da dedi ki: 'Evet, sana emrediyorum.' O zaman Allah'ın Resulü'ne karşı hissettiğim tüm nefret kayboldu ve Allah'ın Resulü'ne karşı sevgiyle değişti. Ben 'Attab bin Asid'e, Allah'ın Resulü'nün Mekkedeki valisine geldim ve Allah'ın Resulü'nün emriyle onunla birlikte namaza çağırdım.\" (Sahih) O ('Abdul-'Aziz) dedi ki: \"Abu Mahdhurah ile karşılaşan birisi, bana 'Abdullah bin Muhairiz'in bana söylediği gibi söyledi.\""
      }
    },
    {
      "id": 4,
      "idInBook": 4,
      "chapterId": 3,
      "bookId": 6,
      "arabic": "حَدَّثَنَا أَبُو بَكْرِ بْنُ أَبِي شَيْبَةَ، حَدَّثَنَا عَفَّانُ، حَدَّثَنَا هَمَّامُ بْنُ يَحْيَى، عَنْ عَامِرٍ الأَحْوَلِ، أَنَّ مَكْحُولاً، حَدَّثَهُ أَنَّ عَبْدَ اللَّهِ بْنَ مُحَيْرِيزٍ حَدَّثَهُ أَنَّ أَبَا مَحْذُورَةَ حَدَّثَهُ قَالَ عَلَّمَنِي رَسُولُ اللَّهِ ـ صلى الله عليه وسلم ـ الأَذَانَ تِسْعَ عَشْرَةَ كَلِمَةً وَالإِقَامَةَ سَبْعَ عَشْرَةَ كَلِمَةً الأَذَانُ ‏\"‏ اللَّهُ أَكْبَرُ اللَّهُ أَكْبَرُ اللَّهُ أَكْبَرُ اللَّهُ أَكْبَرُ أَشْهَدُ أَنْ لاَ إِلَهَ إِلاَّ اللَّهُ أَشْهَدُ أَنْ لاَ إِلَهَ إِلاَّ اللَّهُ أَشْهَدُ أَنَّ مُحَمَّدًا رَسُولُ اللَّهِ أَشْهَدُ أَنَّ مُحَمَّدًا رَسُولُ اللَّهِ أَشْهَدُ أَنْ لاَ إِلَهَ إِلاَّ اللَّهُ أَشْهَدُ أَنْ لاَ إِلَهَ إِلاَّ اللَّهُ أَشْهَدُ أَنَّ مُحَمَّدًا رَسُولُ اللَّهِ أَشْهَدُ أَنَّ مُحَمَّدًا رَسُولُ اللَّهِ حَىَّ عَلَى الصَّلاَةِ حَىَّ عَلَى الصَّلاَةِ حَىَّ عَلَى الْفَلاَحِ حَىَّ عَلَى الْفَلاَحِ اللَّهُ أَكْبَرُ اللَّهُ أَكْبَرُ لاَ إِلَهَ إِلاَّ اللَّهُ ‏\"‏ ‏.‏ وَالإِقَامَةُ سَبْعَ عَشْرَةَ كَلِمَةً ‏\"‏ اللَّهُ أَكْبَرُ اللَّهُ أَكْبَرُ اللَّهُ أَكْبَرُ اللَّهُ أَكْبَرُ أَشْهَدُ أَنْ لاَ إِلَهَ إِلاَّ اللَّهُ أَشْهَدُ أَنْ لاَ إِلَهَ إِلاَّ اللَّهُ أَشْهَدُ أَنَّ مُحَمَّدًا رَسُولُ اللَّهِ أَشْهَدُ أَنَّ مُحَمَّدًا رَسُولُ اللَّهِ حَىَّ عَلَى الصَّلاَةِ حَىَّ عَلَى الصَّلاَةِ حَىَّ عَلَى الْفَلاَحِ حَىَّ عَلَى الْفَلاَحِ قَدْ قَامَتِ الصَّلاَةُ قَدْ قَامَتِ الصَّلاَةُ اللَّهُ أَكْبَرُ اللَّهُ أَكْبَرُ لاَ إِلَهَ إِلاَّ اللَّهُ ‏\"‏ ‏.‏",
      "english": {
        "narrator": "It was narrated that Abu Mahdhurah said:",
        "text": "\"The Messenger of Allah taught me the Adhan with nineteen phrases and the Iqamah with seventeen. The Adhan is: Allahu Akbar Allahu Akbar, Allahu Akbar Allahu Akbar; Ash-hadu an la ilaha illallah, Ash-hadu an la ilaha illallah; Ash-hadu anna Muhammadan Rasulullah, Ash-hadu anna Muhammadan Rasulullah; Ash-hadu an la ilaha illallah, Ash-hadu an la ilaha illallah; Ash-hadu anna Muhammadan Rasulullah, Ash-hadu anna Muhammadan Rasulullah; Hayya 'alal-salah, Hayya 'alal-salah; Hayya 'alal-falah, Hayya 'alal-falah; Allahu Akbar Allahu Akbar; La ilaha illallah (Allah is the Most great, Allah is the most Great, Allah is the most Great, Allah is the most Great; I bear witness that none has the right to be worshipped but Allah, I bear witness that none has the right to be worshipped but Allah; I bear witness that Muhammad is the Messenger of Allah, I bear witness that Muhammad is the Messenger of Allah; I bear witness that none has the right to be worshipped but Allah, I bear witness that none has the right to be worshipped but Allah; I bear witness that Muhammad is the Messenger of Allah, I bear witness that Muhammad is the Messenger of Allah; Come to the Prayer, Come to the Prayer; Come to the prosperity, Come to the prosperity; Allah is the Most great, Allah is the Most Great; None has the right to be worshipped but Allah). And the Iqamah is seventeen phrases: Allahu Akbar Allahu Akbar, Allahu Akbar Allahu Akbar; Ash-hadu an la ilaha illallah, Ash-hadu an la ilaha illallah; Ash-hadu anna Muhammadan Rasulullah, Ash-hadu anna Muhammadan Rasulullah; Hayya 'alal-salah, Hayya 'alal-salah; Hayya 'alal-falah, Hayya 'alal-falah; Qad qamatis-salah, qad qamatis-salah; Allahu Akbar Allahu Akbar; La ilaha illallah (Allah is the Most great, Allah is the most Great, Allah is the most Great, Allah is the most Great; I bear witness that none has the right to be worshipped but Allah, I bear witness that none has the right to be worshipped but Allah; I bear witness that Muhammad is the Messenger of Allah, I bear witness that Muhammad is the Messenger of Allah; Come to the Prayer, Come to the Prayer; Come to the prosperity, Come to the prosperity; The prayer is about to begin, the prayer is about to begin; Allah is the Most great, Allah is the Most Great; None has the right to be worshipped but Allah).\""
      },
      "turkish": {
        "narrator": "It was narrated that Abu Mahdhurah said:",
        "text": "Abu Mahdhurah'dan rivayet edilmiştir ki: \"Allah'ın Resulü, bana Adhan'ı on dokuz cümle ile ve İkâmet'i on yedi cümle ile öğretti. Adhan şudur: Allahu Ekber Allahu Ekber, Allahu Ekber Allahu Ekber; Eşhedü en la ilaha illallah, Eşhedü en la ilaha illallah; Eşhedü enne Muhammeden Resulullah, Eşhedü enne Muhammeden Resulullah; Eşhedü an la ilaha illallah, Eşhedü an la ilaha illallah; Eşhedü enne Muhammeden Resulullah, Eşhedü enne Muhammeden Resulullah; Hayya 'ala's-salah, Hayya 'ala's-salah; Hayya 'ala'l-falah, Hayya 'ala'l-falah; Allahu Ekber Allahu Ekber; La ilaha illallah (Allah en büyüktür, Allah en büyüktür; Allah en büyüktür, Allah en büyüktür; Ben şahadet ederim ki Allah'tan başka ilah yoktur, Ben şahadet ederim ki Allah'tan başka ilah yoktur; Ben şahadet ederim ki Muhammed Allah'ın Resulüdür, Ben şahadet ederim ki Muhammed Allah'ın Resulüdür; Ben şahadet ederim ki Allah'tan başka ilah yoktur, Ben şahadet ederim ki Allah'tan başka ilah yoktur; Ben şahadet ederim ki Muhammed Allah'ın Resulüdür, Ben şahadet ederim ki Muhammed Allah'ın Resulüdür; Namaza gelin, Namaza gelin; Kurtuluşa gelin, Kurtuluşa gelin; Allah en büyüktür, Allah en büyüktür; Allah'tan başka ilah yoktur). Ve İkâmet on yedi cümledir: Allahu Ekber Allahu Ekber, Allahu Ekber Allahu Ekber; Eşhedü en la ilaha illallah, Eşhedü en la ilaha illallah; Eşhedü enne Muhammeden Resulullah, Eşhedü enne Muhammeden Resulullah; Hayya 'ala's-salah, Hayya 'ala's-salah; Hayya 'ala'l-falah, Hayya 'ala'l-falah; Qad qamatis-salah, qad qamatis-salah; Allahu Ekber Allahu Ekber; La ilaha illallah (Allah en büyüktür, Allah en büyüktür; Allah en büyüktür, Allah en büyüktür; Ben şahadet ederim ki Allah'tan başka ilah yoktur, Ben şahadet ederim ki Allah'tan başka ilah yoktur; Ben şahadet ederim ki Muhammed Allah'ın Resulüdür, Ben şahadet ederim ki Muhammed Allah'ın Resulüdür; Namaza gelin, Namaza gelin; Kurtuluşa gelin, Kurtuluşa gelin; Namaz başlamıştır, namaz başlamıştır; Allah en büyüktür, Allah en büyüktür; Allah'tan başka ilah yoktur).\""
      }
    },
    {
      "id": 5,
      "idInBook": 5,
      "chapterId": 3,
      "bookId": 6,
      "arabic": "حَدَّثَنَا هِشَامُ بْنُ عَمَّارٍ، حَدَّثَنَا عَبْدُ الرَّحْمَنِ بْنُ سَعْدِ بْنِ عَمَّارِ بْنِ سَعْدٍ، مُؤَذِّنِ رَسُولِ اللَّهِ ـ صلى الله عليه وسلم ـ حَدَّثَنِي أَبِي عَنْ أَبِيهِ عَنْ جَدِّهِ أَنَّ رَسُولَ اللَّهِ ـ صلى الله عليه وسلم ـ أَمَرَ بِلاَلاً أَنْ يَجْعَلَ إِصْبَعَيْهِ فِي أُذُنَيْهِ وَقَالَ ‏\n\"‏ إِنَّهُ أَرْفَعُ لِصَوْتِكَ ‏\"‏ ‏.‏",
      "english": {
        "narrator": "'Abdur-Rahman bin Sa'd bin 'Ammar bin Sa'd, who was the Mu'adh-dhin of the Messenger of Allah narrated from his grandfather, that:",
        "text": "The Messenger of Allah commanded Bilal to put his fingers in his ears when calling the Adhan, and he said: \"It makes the voice louder.\""
      },
      "turkish": {
        "narrator": "'Abdur-Rahman bin Sa'd bin 'Ammar bin Sa'd, who was the Mu'adh-dhin of the Messenger of Allah narrated from his grandfather, that:",
        "text": "'Abdur-Rahman bin Sa'd bin 'Ammar bin Sa'd, Allah'ın Resulü'nün mu'adhdhin'i olarak, dedesinden rivayet etmiştir ki: Allah'ın Resulü, Bilal'e Adhan okurken parmaklarını kulaklarına koymasını emretti ve dedi ki: \"Bu sesi yükseltiyor.\""
      }
    },
    {
      "id": 6,
      "idInBook": 6,
      "chapterId": 3,
      "bookId": 6,
      "arabic": "حَدَّثَنَا أَيُّوبُ بْنُ مُحَمَّدٍ الْهَاشِمِيُّ، حَدَّثَنَا عَبْدُ الْوَاحِدِ بْنُ زِيَادٍ، عَنْ حَجَّاجِ بْنِ أَرْطَاةَ، عَنْ عَوْنِ بْنِ أَبِي جُحَيْفَةَ، عَنْ أَبِيهِ، قَالَ أَتَيْتُ رَسُولَ اللَّهِ ـ صلى الله عليه وسلم ـ بِالأَبْطَحِ وَهُوَ فِي قُبَّةٍ حَمْرَاءَ فَخَرَجَ بِلاَلٌ فَأَذَّنَ فَاسْتَدَارَ فِي أَذَانِهِ وَجَعَلَ إِصْبَعَيْهِ فِي أُذُنَيْهِ ‏.‏",
      "english": {
        "narrator": "It was narrated from 'Awn bin Abu Juhaifah that his father said:",
        "text": "\"I came to the Messenger of Allah in Abtah, when he was in a red tent. Bilal came out and gave the call to prayer, turning around and putting his fingers in his ears.\""
      },
      "turkish": {
        "narrator": "It was narrated from 'Awn bin Abu Juhaifah that his father said:",
        "text": "'Awn bin Abu Juhaifah'tan rivayet edilmiştir ki, babası dedi ki: \"Ben, Allah'ın Resulü'nün Abtah'ta, kırmızı bir çadırda olduğu sırada yanına geldim. Bilal dışarı çıktı ve namaza çağırdı, dönerek parmaklarını kulaklarına koydu.\""
      }
    },
    {
      "id": 7,
      "idInBook": 7,
      "chapterId": 3,
      "bookId": 6,
      "arabic": "حَدَّثَنَا مُحَمَّدُ بْنُ الْمُصَفَّى الْحِمْصِيُّ، حَدَّثَنَا بَقِيَّةُ، عَنْ مَرْوَانَ بْنِ سَالِمٍ، عَنْ عَبْدِ الْعَزِيزِ بْنِ أَبِي رَوَّادٍ، عَنْ نَافِعٍ، عَنِ ابْنِ عُمَرَ، قَالَ قَالَ رَسُولُ اللَّهِ ـ صلى الله عليه وسلم ـ ‏\n\"‏ خَصْلَتَانِ مُعَلَّقَتَانِ فِي أَعْنَاقِ الْمُؤَذِّنِينَ لِلْمُسْلِمِينَ صَلاَتُهُمْ وَصِيَامُهُمْ ‏\"‏ ‏.‏",
      "english": {
        "narrator": "It was narrated that Ibn 'Umar said:",
        "text": "\"The Messenger of Allah said: There are two characteristics in which the Muslims are dependent upon their Mu'adh-dhins: their prayer and their fasting.\""
      },
      "turkish": {
        "narrator": "It was narrated that Ibn 'Umar said:",
        "text": "İbn 'Umar'dan rivayet edilmiştir ki: \"Allah'ın Resulü dedi ki: Müslümanların mu'adhdhinlerine bağımlı olduğu iki özellik vardır: onların namazı ve oruçları.\""
      }
    },
    {
      "id": 8,
      "idInBook": 8,
      "chapterId": 3,
      "bookId": 6,
      "arabic": "حَدَّثَنَا مُحَمَّدُ بْنُ الْمُثَنَّى، حَدَّثَنَا أَبُو دَاوُدَ، حَدَّثَنَا شَرِيكٌ، عَنْ سِمَاكِ بْنِ حَرْبٍ، عَنْ جَابِرِ بْنِ سَمُرَةَ، قَالَ كَانَ بِلاَلٌ لاَ يُؤَخِّرُ الأَذَانَ عَنِ الْوَقْتِ وَرُبُّمَا أَخَّرَ الإِقَامَةَ شَيْئًا ‏.‏",
      "english": {
        "narrator": "It was narrated that Jabir bin Samurah said:",
        "text": "\"Bilal did not delay the Adhan from its proper time, but he sometimes delayed the Iqamah a little.\""
      },
      "turkish": {
        "narrator": "It was narrated that Jabir bin Samurah said:",
        "text": "Jabir bin Samurah'dan rivayet edilmiştir ki: \"Bilal, Adhan'ı zamanında geciktirmedi, ama bazen İkâmet'i biraz geciktiriyordu.\""
      }
    },
    {
      "id": 9,
      "idInBook": 9,
      "chapterId": 3,
      "bookId": 6,
      "arabic": "حَدَّثَنَا أَبُو بَكْرِ بْنُ أَبِي شَيْبَةَ، حَدَّثَنَا حَفْصُ بْنُ غِيَاثٍ، عَنْ أَشْعَثَ، عَنِ الْحَسَنِ، عَنْ عُثْمَانَ بْنِ أَبِي الْعَاصِ، قَالَ كَانَ آخِرُ مَا عَهِدَ إِلَىَّ النَّبِيُّ ـ صلى الله عليه وسلم ـ أَنْ لاَ أَتَّخِذَ مُؤَذِّنًا يَأْخُذُ عَلَى الأَذَانِ أَجْرًا ‏.‏",
      "english": {
        "narrator": "It was narrated that 'Uthman bin Abul-As said:",
        "text": "\"The last instruction that the Messenger of Allah gave to me was that I should not appoint a Mu'adh-dhin who took payment for the Adhan.\" (sahih)"
      },
      "turkish": {
        "narrator": "It was narrated that 'Uthman bin Abul-As said:",
        "text": "'Uthman bin Abul-As'dan rivayet edilmiştir ki: \"Allah'ın Resulü'nün bana verdiği son talimat, Adhan için ücret alan bir mu'adhdhin tayin etmememdi.\" (sahih)"
      }
    },
    {
      "id": 10,
      "idInBook": 10,
      "chapterId": 3,
      "bookId": 6,
      "arabic": "حَدَّثَنَا أَبُو بَكْرِ بْنُ أَبِي شَيْبَةَ، حَدَّثَنَا مُحَمَّدُ بْنُ عَبْدِ اللَّهِ الأَسَدِيُّ، عَنْ أَبِي إِسْرَائِيلَ، عَنِ الْحَكَمِ، عَنْ عَبْدِ الرَّحْمَنِ بْنِ أَبِي لَيْلَى، عَنْ بِلاَلٍ، قَالَ أَمَرَنِي رَسُولُ اللَّهِ ـ صلى الله عليه وسلم ـ أَنْ أُثَوِّبَ فِي الْفَجْرِ وَنَهَانِي أَنْ أُثَوِّبَ فِي الْعِشَاءِ ‏.‏",
      "english": {
        "narrator": "It was narrated that Bilal said:",
        "text": "\"The Messenger of Allah commanded me (with Tathwib) in the Adhan for Fajr, and he forbade me to do so in the Adhan for 'Isha'.\""
      },
      "turkish": {
        "narrator": "It was narrated that Bilal said:",
        "text": "Bilal'den rivayet edilmiştir ki: \"Allah'ın Resulü, sabah namazı için Adhan'da (Tathwib) yapmamı emretti, ama 'İsha' namazı için bunu yapmamı yasakladı.\""
      }
    },
    {
      "id": 11,
      "idInBook": 11,
      "chapterId": 3,
      "bookId": 6,
      "arabic": "حَدَّثَنَا عَمْرُو بْنُ رَافِعٍ، حَدَّثَنَا عَبْدُ اللَّهِ بْنُ الْمُبَارَكِ، عَنْ مَعْمَرٍ، عَنِ الزُّهْرِيِّ، عَنْ سَعِيدِ بْنِ الْمُسَيَّبِ، عَنْ بِلاَلٍ، أَنَّهُ أَتَى النَّبِيَّ ـ صلى الله عليه وسلم ـ يُؤْذِنُهُ بِصَلاَةِ الْفَجْرِ فَقِيلَ هُوَ نَائِمٌ ‏.‏ فَقَالَ الصَّلاَةُ خَيْرٌ مِنَ النَّوْمِ الصَّلاَةُ خَيْرٌ مِنَ النَّوْمِ فَأُقِرَّتْ فِي تَأْذِينِ الْفَجْرِ فَثَبَتَ الأَمْرُ عَلَى ذَلِكَ ‏.‏",
      "english": {
        "narrator": "It was narrated that Bilal came to the Prophet to call him for the Fajr prayer, and was told:",
        "text": "\"He is sleeping.\" He said: \"As-salatu khairum minan-nawm, As-salatu khairum minan-nawm (The prayer is better than sleep, the prayer is better than sleep). These words were approved of in the Adhan for the Fajr, and that is how it remained."
      },
      "turkish": {
        "narrator": "It was narrated that Bilal came to the Prophet to call him for the Fajr prayer, and was told:",
        "text": "Bilal, Fajr namazı için Peygamber'e çağırmak üzere geldiğinde, \"O uyuyor.\" denildi. O da dedi ki: \"As-salatu khairum minan-nawm, As-salatu khairum minan-nawm (Namaz, uykudan hayırlıdır, namaz, uykudan hayırlıdır). Bu sözler, Fajr Adhan'ında onaylandı ve öyle kaldı."
      }
    },
    {
      "id": 12,
      "idInBook": 12,
      "chapterId": 3,
      "bookId": 6,
      "arabic": "حَدَّثَنَا أَبُو بَكْرِ بْنُ أَبِي شَيْبَةَ، حَدَّثَنَا يَعْلَى بْنُ عُبَيْدٍ، حَدَّثَنَا الإِفْرِيقِيُّ، عَنْ زِيَادِ بْنِ نُعَيْمٍ، عَنْ زِيَادِ بْنِ الْحَارِثِ الصُّدَائِيِّ، قَالَ كُنْتُ مَعَ رَسُولِ اللَّهِ ـ صلى الله عليه وسلم ـ فِي سَفَرٍ فَأَمَرَنِي فَأَذَّنْتُ فَأَرَادَ بِلاَلٌ أَنْ يُقِيمَ فَقَالَ رَسُولُ اللَّهِ ـ صلى الله عليه وسلم ـ ‏\n\"‏ إِنَّ أَخَا صُدَاءٍ قَدْ أَذَّنَ وَمَنْ أَذَّنَ فَهُوَ يُقِيمُ ‏\"‏ ‏.‏",
      "english": {
        "narrator": "It was narrated that Ziyad bin Harith As-Suda'i said:",
        "text": "\"I was with the Messenger of Allah on a journey, and he commanded me to call the Adhan. Bilal wanted to call the Iqamah, but the Messenger of Allah said: 'The brother of Suda' called the Adhan, and the one who calls the Adhan is the one who calls the Iqamah.'\""
      },
      "turkish": {
        "narrator": "It was narrated that Ziyad bin Harith As-Suda'i said:",
        "text": "Ziyad bin Harith As-Suda'i'den rivayet edilmiştir ki: \"Ben, Allah'ın Resulü ile bir yolculukta idim ve bana Adhan okumamı emretti. Bilal, İkâmet'i okumak istedi, ama Allah'ın Resulü dedi ki: 'Suda'nın kardeşi Adhan'ı okudu ve Adhan'ı okuyan, İkâmet'i okuyan kişidir.'\""
      }
    },
    {
      "id": 13,
      "idInBook": 13,
      "chapterId": 3,
      "bookId": 6,
      "arabic": "حَدَّثَنَا أَبُو إِسْحَاقَ الشَّافِعِيُّ، إِبْرَاهِيمُ بْنُ مُحَمَّدِ بْنِ الْعَبَّاسِ حَدَّثَنَا عَبْدُ اللَّهِ بْنُ رَجَاءٍ الْمَكِّيُّ، عَنْ عَبَّادِ بْنِ إِسْحَاقَ، عَنِ ابْنِ شِهَابٍ، عَنْ سَعِيدِ بْنِ الْمُسَيَّبِ، عَنْ أَبِي هُرَيْرَةَ، قَالَ قَالَ رَسُولُ اللَّهِ ـ صلى الله عليه وسلم ـ ‏\n\"‏ إِذَا أَذَّنَ الْمُؤَذِّنُ فَقُولُوا مِثْلَ قَوْلِهِ ‏\"‏ ‏.‏",
      "english": {
        "narrator": "It was narrated that Abu Hurairah said:",
        "text": "\"The Messenger of Allah said: 'When the Mu'adh-dhin calls the Adhan, say as he says.'\""
      },
      "turkish": {
        "narrator": "It was narrated that Abu Hurairah said:",
        "text": "Abu Hurairah'dan rivayet edilmiştir ki: \"Allah'ın Resulü dedi ki: 'Mu'adhdhin Adhan'ı okuduğunda, onun söylediğini söyleyin.'\""
      }
    },
    {
      "id": 14,
      "idInBook": 14,
      "chapterId": 3,
      "bookId": 6,
      "arabic": "حَدَّثَنَا شُجَاعُ بْنُ مَخْلَدٍ أَبُو الْفَضْلِ، قَالَ حَدَّثَنَا هُشَيْمٌ، أَنْبَأَنَا أَبُو بِشْرٍ، عَنْ أَبِي الْمَلِيحِ بْنِ أُسَامَةَ، عَنْ عَبْدِ اللَّهِ بْنِ عُتْبَةَ بْنِ أَبِي سُفْيَانَ، حَدَّثَتْنِي عَمَّتِي أُمُّ حَبِيبَةَ، أَنَّهَا سَمِعَتْ رَسُولَ اللَّهِ ـ صلى الله عليه وسلم ـ يَقُولُ إِذَا كَانَ عِنْدَهَا فِي يَوْمِهَا وَلَيْلَتِهَا فَسَمِعَ الْمُؤَذِّنَ يُؤَذِّنُ قَالَ كَمَا يَقُولُ الْمُؤَذِّنُ ‏.‏",
      "english": {
        "narrator": "Umm Habibah narrated that :",
        "text": "When the Messenger of Allah was with her on her day and night, and heard the Mu'adh-dhin calling the Adhan, she heard him saying what he said."
      },
      "turkish": {
        "narrator": "Umm Habibah narrated that :",
        "text": "Umm Habibah, Allah'ın Resulü'nün onunla birlikte olduğu gün ve gece, mu'adhdhin'in Adhan okuduğunu duyduğunda, onun söylediğini duyduğunu rivayet etti."
      }
    },
    {
      "id": 15,
      "idInBook": 15,
      "chapterId": 3,
      "bookId": 6,
      "arabic": "حَدَّثَنَا أَبُو كُرَيْبٍ، وَأَبُو بَكْرِ بْنُ أَبِي شَيْبَةَ قَالاَ حَدَّثَنَا زَيْدُ بْنُ الْحُبَابِ، عَنْ مَالِكِ بْنِ أَنَسٍ، عَنِ الزُّهْرِيِّ، عَنْ عَطَاءِ بْنِ يَزِيدَ اللَّيْثِيِّ، عَنْ أَبِي سَعِيدٍ الْخُدْرِيِّ، قَالَ قَالَ رَسُولُ اللَّهِ ـ صلى الله عليه وسلم ـ ‏\n\"‏ إِذَا سَمِعْتُمُ النِّدَاءَ فَقُولُوا كَمَا يَقُولُ الْمُؤَذِّنُ ‏\"‏ ‏.‏",
      "english": {
        "narrator": "It was narrated that Abu Sa'eed Al-Khudri said:",
        "text": "\"The Messenger of Allah said: 'When you hear the call (to prayer), say what the Mu'adh-dhin says.'\""
      },
      "turkish": {
        "narrator": "It was narrated that Abu Sa'eed Al-Khudri said:",
        "text": "Abu Sa'eed Al-Khudri'den rivayet edilmiştir ki: \"Allah'ın Resulü dedi ki: 'Namaza çağrıyı duyduğunuzda, mu'adhdhin'in söylediğini söyleyin.'\""
      }
    },
    {
      "id": 16,
      "idInBook": 16,
      "chapterId": 3,
      "bookId": 6,
      "arabic": "حَدَّثَنَا مُحَمَّدُ بْنُ رُمْحٍ الْمِصْرِيُّ، أَنْبَأَنَا اللَّيْثُ بْنُ سَعْدٍ، عَنِ الْحُكَيْمِ بْنِ عَبْدِ اللَّهِ بْنِ قَيْسٍ، عَنْ عَامِرِ بْنِ سَعْدِ بْنِ أَبِي وَقَّاصٍ، عَنْ سَعْدِ بْنِ أَبِي وَقَّاصٍ، عَنْ رَسُولِ اللَّهِ ـ صلى الله عليه وسلم ـ أَنَّهُ قَالَ ‏\n\"‏ مَنْ قَالَ حِينَ يَسْمَعُ الْمُؤَذِّنَ وَأَنَا أَشْهَدُ أَنْ لاَ إِلَهَ إِلاَّ اللَّهُ وَحْدَهُ لاَ شَرِيكَ لَهُ وَأَشْهَدُ أَنَّ مُحَمَّدًا عَبْدُهُ وَرَسُولُهُ رَضِيتُ بِاللَّهِ رَبًّا وَبِالإِسْلاَمِ دِينًا وَبِمُحَمَّدٍ نَبِيًّا غُفِرَ لَهُ ذَنْبُهُ ‏\"‏ ‏.‏",
      "english": {
        "narrator": "It was narrated from Sa'd bin Abu Waqqas that:",
        "text": "The Messenger of Allah said: \"Whoever says, when he hears the Mu'adh-dhin, 'Wa ana Ash-hadu an la ilaha illallah wahdahu la sharika lahu, wa ash-hadu anna Muhammadan 'abduhu wa rasuluhu, radaytu Billahi rabban wa bil-islami dinan wa bi muhammadin nabiyyan (And I bear witness that none has the right to be worshipped but Allah alone, with no partner, and I bear witness that Muhammad is His slave and Messenger, and I am content with Allah as my Lord, Islam as my religion and Muhammad as my Prophet),' his sins will be forgiven to him.\""
      },
      "turkish": {
        "narrator": "It was narrated from Sa'd bin Abu Waqqas that:",
        "text": "Sa'd bin Ebu Vakkas'tan rivayet edilmiştir ki: Allah'ın Resulü şöyle buyurmuştur: \"Mu'adh-dhin'i duyduğunda, 'Ve ana eşhedü en la ilaha illallah vahdehu la şerike leh, ve eşhedü enne Muhammeden abduhu ve rasuluhu, radaytu billahi rabben ve bil-islami dinen ve bi Muhammedin nebiyyen' (Ve ben şahadet ederim ki, Allah'tan başka ibadet edilecek hiçbir ilah yoktur, O'nun ortağı yoktur, ve ben şahadet ederim ki, Muhammed O'nun kulu ve elçisidir, ve ben Allah'ı Rabbim, İslam'ı dinim ve Muhammed'i peygamberim olarak razı oldum) diyenin günahları affedilecektir.\""
      }
    },
    {
      "id": 17,
      "idInBook": 17,
      "chapterId": 3,
      "bookId": 6,
      "arabic": "حَدَّثَنَا مُحَمَّدُ بْنُ يَحْيَى، وَالْعَبَّاسُ بْنُ الْوَلِيدِ الدِّمَشْقِيُّ، وَمُحَمَّدُ بْنُ أَبِي الْحُسَيْنِ، قَالُوا حَدَّثَنَا عَلِيُّ بْنُ عَيَّاشٍ الأَلْهَانِيُّ، حَدَّثَنَا شُعَيْبُ بْنُ أَبِي حَمْزَةَ، عَنْ مُحَمَّدِ بْنِ الْمُنْكَدِرِ، عَنْ جَابِرِ بْنِ عَبْدِ اللَّهِ، قَالَ قَالَ رَسُولُ اللَّهِ ـ صلى الله عليه وسلم ـ ‏\n\"‏ مَنْ قَالَ حِينَ يَسْمَعُ النِّدَاءَ اللَّهُمَّ رَبَّ هَذِهِ الدَّعْوَةِ التَّامَّةِ وَالصَّلاَةِ الْقَائِمَةِ آتِ مُحَمَّدًا الْوَسِيلَةَ وَالْفَضِيلَةَ وَابْعَثْهُ مَقَامًا مَحْمُودًا الَّذِي وَعَدْتَهُ - إِلاَّ حَلَّتْ لَهُ الشَّفَاعَةُ يَوْمَ الْقِيَامَةِ ‏\"‏ ‏.‏",
      "english": {
        "narrator": "It was narrated that Jabir bin 'Abdullah said:",
        "text": "\"The Messenger of Allah said: 'Whoever says when he hears the call to the prayer: \"Allahumma Rabba hadhihid-da'watit-tammah was-salatil-qa'imah, ati Muhammadanil-wasilata wal-fadilah, wab'athhu maqaman mahmudanilladhi wa'adtah (O Allah, Lord of this perfect call and the prayer to be offered, grant Muhammad the privilege (of intercession) and also the eminence, and resurrect him to the praised position that You have promised),\" my intercession for him will be permitted on the Day of Resurrection.'\""
      },
      "turkish": {
        "narrator": "It was narrated that Jabir bin 'Abdullah said:",
        "text": "Cabir bin Abdullah'tan rivayet edilmiştir ki: \"Allah'ın Resulü şöyle buyurmuştur: 'Namaz çağrısını duyduğunda, 'Allahümme Rabbe hadhihid-da'watit-tammah ve's-salatil-qa'imah, ati Muhammedanil-wasilata wal-fadilah, wab'athhu maqaman mahmudanilladhi wa'adtah' (Ey Allah, bu mükemmel çağrının ve kılınacak namazın Rabbi, Muhammed'e şefaat (imtiyaz) ve ayrıca yücelik ver, ve onu va'dettiğin övülen makama dirilt) diyenin, Kıyamet Günü için şefaatim kabul edilecektir.'\""
      }
    },
    {
      "id": 18,
      "idInBook": 18,
      "chapterId": 3,
      "bookId": 6,
      "arabic": "حَدَّثَنَا مُحَمَّدُ بْنُ الصَّبَّاحِ، حَدَّثَنَا سُفْيَانُ بْنُ عُيَيْنَةَ، عَنْ عَبْدِ اللَّهِ بْنِ عَبْدِ الرَّحْمَنِ بْنِ أَبِي صَعْصَعَةَ، عَنْ أَبِيهِ، - وَكَانَ أَبُوهُ فِي حِجْرِ أَبِي سَعِيدٍ - قَالَ قَالَ لِي أَبُو سَعِيدٍ إِذَا كُنْتَ فِي الْبَوَادِي فَارْفَعْ صَوْتَكَ بِالأَذَانِ فَإِنِّي سَمِعْتُ رَسُولَ اللَّهِ ـ صلى الله عليه وسلم ـ يَقُولُ ‏\n\"‏ لاَ يَسْمَعُهُ جِنٌّ وَلاَ إِنْسٌ وَلاَ شَجَرٌ وَلاَ حَجَرٌ إِلاَّ شَهِدَ لَهُ ‏\"‏ ‏.‏",
      "english": {
        "narrator": "It was narrated from 'Abdullah bin 'Abdur-Rahman bin Abu Sa'sa'ah that:",
        "text": "His father who was under the care of Abu Sa'eed said: \"Abu Sa'eed said to me: 'If you are in the desert, raise your voice when you say the Adhan, for I heard the Messenger of Allah say: 'No jinn, human, tree or rock will hear it, but it will bear witness for you.'\""
      },
      "turkish": {
        "narrator": "It was narrated from 'Abdullah bin 'Abdur-Rahman bin Abu Sa'sa'ah that:",
        "text": "Abdullah bin Abdurrahman bin Ebu Sa'sa'ah'tan rivayet edilmiştir ki: Babası Ebu Sa'id'in himayesinde iken, \"Ebu Sa'id bana şöyle dedi: 'Çölde isen, Ezan okurken sesini yükselt, çünkü ben Allah'ın Resulü'nün şöyle söylediğini duydum: 'Hiçbir cin, insan, ağaç veya taş bunu işitmeyecek, ama bu senin lehine şahitlik edecektir.'\""
      }
    },
    {
      "id": 19,
      "idInBook": 19,
      "chapterId": 3,
      "bookId": 6,
      "arabic": "حَدَّثَنَا أَبُو بَكْرِ بْنُ أَبِي شَيْبَةَ، حَدَّثَنَا شَبَابَةُ، حَدَّثَنَا شُعْبَةُ، عَنْ مُوسَى بْنِ أَبِي عُثْمَانَ، عَنْ أَبِي يَحْيَى، عَنْ أَبِي هُرَيْرَةَ، قَالَ سَمِعْتُ مِنْ، فِي رَسُولِ اللَّهِ ـ صلى الله عليه وسلم ـ يَقُولُ ‏\n\"‏ الْمُؤَذِّنُ يُغْفَرُ لَهُ مَدَّ صَوْتِهِ وَيَسْتَغْفِرُ لَهُ كُلُّ رَطْبٍ وَيَابِسٍ وَشَاهِدُ الصَّلاَةِ يُكْتَبُ لَهُ خَمْسٌ وَعِشْرُونَ حَسَنَةً وَيُكَفَّرُ عَنْهُ مَا بَيْنَهُمَا ‏\"‏ ‏.‏",
      "english": {
        "narrator": "It was narrated that Abu Hurairah said:",
        "text": "\"I heard the Messenger of Allah himself say: 'The Mu'adh-dhin's sins will be forgiven as far as his voice reaches, and every wet and dry thing will pray for forgiveness for him. For the one who attends the prayer, twenty-five Hasanat (good deeds) will be recorded, and it is will be expiation (for sins committed) between them (the two prayers).'\""
      },
      "turkish": {
        "narrator": "It was narrated that Abu Hurairah said:",
        "text": "Ebu Hureyre'den rivayet edilmiştir ki: \"Ben Allah'ın Resulü'nün kendisinin şöyle söylediğini duydum: 'Mu'adh-dhin'in günahları sesi ulaştığı kadar affedilecektir, ve her ıslak ve kuru şey onun için bağışlanma dileyerek dua edecektir. Namaza katılan için yirmi beş hasene (iyi amel) yazılacak ve bu, iki namaz arasındaki günahların keffareti olacaktır.'\""
      }
    },
    {
      "id": 20,
      "idInBook": 20,
      "chapterId": 3,
      "bookId": 6,
      "arabic": "حَدَّثَنَا مُحَمَّدُ بْنُ بَشَّارٍ، وَإِسْحَاقُ بْنُ مَنْصُورٍ، قَالاَ حَدَّثَنَا أَبُو عَامِرٍ، حَدَّثَنَا سُفْيَانُ، عَنْ طَلْحَةَ بْنِ يَحْيَى، عَنْ عِيسَى بْنِ طَلْحَةَ، قَالَ سَمِعْتُ مُعَاوِيَةَ بْنَ أَبِي سُفْيَانَ، قَالَ قَالَ رَسُولُ اللَّهِ ـ صلى الله عليه وسلم ـ ‏\n\"‏ الْمُؤَذِّنُونَ أَطْوَلُ النَّاسِ أَعْنَاقًا يَوْمَ الْقِيَامَةِ ‏\"‏ ‏.‏",
      "english": {
        "narrator": "It was narrated that 'Esa bin Talhah said:",
        "text": "\"I heard Mu'awiyah bin Abu Sufyan say that Messenger of Allah said: \"The Mu'adh-dhin will have the longest necks of all people on the Day of Resurrection.\""
      },
      "turkish": {
        "narrator": "It was narrated that 'Esa bin Talhah said:",
        "text": "İsa bin Talha'dan rivayet edilmiştir ki: \"Ben Muaviye bin Ebu Süfyan'ın Allah'ın Resulü'nün şöyle söylediğini duyduğunu işittim: 'Mu'adh-dhin, Kıyamet Günü'nde insanların en uzun boylusu olacaktır.'\""
      }
    },
    {
      "id": 21,
      "idInBook": 21,
      "chapterId": 3,
      "bookId": 6,
      "arabic": "حَدَّثَنَا عُثْمَانُ بْنُ أَبِي شَيْبَةَ، حَدَّثَنَا حُسَيْنُ بْنُ عِيسَى، أَخُو سُلَيْمٍ الْقَارِي عَنِ الْحَكَمِ بْنِ أَبَانَ، عَنْ عِكْرِمَةَ، عَنِ ابْنِ عَبَّاسٍ، قَالَ قَالَ رَسُولُ اللَّهِ ـ صلى الله عليه وسلم ـ ‏\n\"‏ لِيُؤَذِّنْ لَكُمْ خِيَارُكُمْ وَلْيَؤُمَّكُمْ قُرَّاؤُكُمْ ‏\"‏ ‏.‏",
      "english": {
        "narrator": "It was narrated that Ibn 'Abbas said:",
        "text": "\"The Messenger of Allah said: 'Let the best of you give the call to prayer (Adhan), and let those who are most versed in the Qur'an lead you in prayer.'\""
      },
      "turkish": {
        "narrator": "It was narrated that Ibn 'Abbas said:",
        "text": "İbn Abbas'tan rivayet edilmiştir ki: \"Allah'ın Resulü şöyle buyurmuştur: 'Sizden en iyisi Ezan okusun, ve Kur'an'ı en iyi bileniniz size namaz kıldırsın.'\""
      }
    },
    {
      "id": 22,
      "idInBook": 22,
      "chapterId": 3,
      "bookId": 6,
      "arabic": "حَدَّثَنَا أَبُو كُرَيْبٍ، حَدَّثَنَا مُخْتَارُ بْنُ غَسَّانَ، حَدَّثَنَا حَفْصُ بْنُ عُمَرَ الأَزْرَقُ الْبُرْجُمِيُّ، عَنْ جَابِرٍ، عَنْ عِكْرِمَةَ، عَنِ ابْنِ عَبَّاسٍ، ح وَحَدَّثَنَا رَوْحُ بْنُ الْفَرَجِ، حَدَّثَنَا عَلِيُّ بْنُ الْحَسَنِ بْنِ شَقِيقٍ، حَدَّثَنَا أَبُو حَمْزَةَ، عَنْ جَابِرٍ، عَنْ عِكْرِمَةَ، عَنِ ابْنِ عَبَّاسٍ، قَالَ قَالَ رَسُولُ اللَّهِ ـ صلى الله عليه وسلم ـ ‏\n\"‏ مَنْ أَذَّنَ مُحْتَسِبًا سَبْعَ سِنِينَ كَتَبَ اللَّهُ لَهُ بَرَاءَةً مِنَ النَّارِ ‏\"‏ ‏.‏",
      "english": {
        "narrator": "It was narrated that Ibn 'Abbas said:",
        "text": "\"The Messenger of Allah said: 'Whoever calls the Adhan for seven years, seeking reward (from Allah), Allah will decree for him deliverance from the Fire.'\""
      },
      "turkish": {
        "narrator": "It was narrated that Ibn 'Abbas said:",
        "text": "İbn Abbas'tan rivayet edilmiştir ki: \"Allah'ın Resulü şöyle buyurmuştur: 'Kim yedi yıl boyunca Ezan okursa, Allah onun için ateşten kurtuluşu takdir eder.'\""
      }
    },
    {
      "id": 23,
      "idInBook": 23,
      "chapterId": 3,
      "bookId": 6,
      "arabic": "حَدَّثَنَا مُحَمَّدُ بْنُ يَحْيَى، وَالْحَسَنُ بْنُ عَلِيٍّ الْخَلاَّلُ، قَالاَ حَدَّثَنَا عَبْدُ اللَّهِ بْنُ صَالِحٍ، حَدَّثَنَا يَحْيَى بْنُ أَيُّوبَ، عَنِ ابْنِ جُرَيْجٍ، عَنْ نَافِعٍ، عَنِ ابْنِ عُمَرَ، أَنَّ رَسُولَ اللَّهِ ـ صلى الله عليه وسلم ـ قَالَ ‏\n\"‏ مَنْ أَذَّنَ ثِنْتَىْ عَشْرَةَ سَنَةً وَجَبَتْ لَهُ الْجَنَّةُ وَكُتِبَ لَهُ بِتَأْذِينِهِ فِي كُلِّ يَوْمٍ سِتُّونَ حَسَنَةً وَلِكُلِّ إِقَامَةٍ ثَلاَثُونَ حَسَنَةً ‏\"‏ ‏.‏",
      "english": {
        "narrator": "It was narrated from Ibn 'Umar that:",
        "text": "The Messenger of Allah said: \"Whoever calls the Adhan for twelve years, he will be guaranteed Paradise, and for each day  sixty Hasanat (good deeds) will be recorded for him by virtue of his Adhan, and thirty Hasanat by virtue of his Iqamah.\""
      },
      "turkish": {
        "narrator": "It was narrated from Ibn 'Umar that:",
        "text": "İbn Ömer'den rivayet edilmiştir ki: \"Allah'ın Resulü şöyle buyurmuştur: 'Kim on iki yıl boyunca Ezan okursa, ona cennet garantisi verilir, ve her gün Ezan'ı sebebiyle altmış hasene (iyi amel) yazılır, ve İkame'si sebebiyle otuz hasene yazılır.'\""
      }
    },
    {
      "id": 24,
      "idInBook": 24,
      "chapterId": 3,
      "bookId": 6,
      "arabic": "حَدَّثَنَا عَبْدُ اللَّهِ بْنُ الْجَرَّاحِ، حَدَّثَنَا الْمُعْتَمِرُ بْنُ سُلَيْمَانَ، عَنْ خَالِدٍ الْحَذَّاءِ، عَنْ أَبِي قِلاَبَةَ، عَنْ أَنَسِ بْنِ مَالِكٍ، قَالَ الْتَمَسُوا شَيْئًا يُؤْذِنُونَ بِهِ عِلْمًا لِلصَّلاَةِ فَأُمِرَ بِلاَلٌ أَنْ يَشْفَعَ الأَذَانَ وَيُوتِرَ الإِقَامَةَ ‏.‏",
      "english": {
        "narrator": "It was narrated that Anas bin Malik said:",
        "text": "\"They looked for something by means of which they could call out informing of (the time of) the prayer. Then Bilal was commanded to say the phrases of the Adhan twice and the phrases of the Iqamah once.\""
      },
      "turkish": {
        "narrator": "It was narrated that Anas bin Malik said:",
        "text": "Enes bin Malik'ten rivayet edilmiştir ki: \"Onlar, (namaz vaktini) bildirmek için bir şey aradılar. Sonra Bilal'e Ezan cümlelerini iki kez, İkame cümlelerini bir kez söylemesi emredildi.\""
      }
    },
    {
      "id": 25,
      "idInBook": 25,
      "chapterId": 3,
      "bookId": 6,
      "arabic": "حَدَّثَنَا نَصْرُ بْنُ عَلِيٍّ الْجَهْضَمِيُّ، حَدَّثَنَا عُمَرُ بْنُ عَلِيٍّ، عَنْ خَالِدٍ الْحَذَّاءِ، عَنْ أَبِي قِلاَبَةَ، عَنْ أَنَسٍ، قَالَ أُمِرَ بِلاَلٌ أَنْ يَشْفَعَ، الأَذَانَ وَيُوتِرَ الإِقَامَةَ ‏.‏",
      "english": {
        "narrator": "It was narrated that Anas said:",
        "text": "\"Bilal was commanded to say the phrases of the Adhan twice and the phrases of the Iqamah once.\""
      },
      "turkish": {
        "narrator": "It was narrated that Anas said:",
        "text": "Enes'ten rivayet edilmiştir ki: \"Bilal'e Ezan cümlelerini iki kez, İkame cümlelerini bir kez söylemesi emredildi.\""
      }
    },
    {
      "id": 26,
      "idInBook": 26,
      "chapterId": 3,
      "bookId": 6,
      "arabic": "حَدَّثَنَا هِشَامُ بْنُ عَمَّارٍ، حَدَّثَنَا عَبْدُ الرَّحْمَنِ بْنُ سَعْدِ بْنِ عَمَّارِ بْنِ سَعْدٍ، مُؤَذِّنِ رَسُولِ اللَّهِ ـ صلى الله عليه وسلم ـ حَدَّثَنِي أَبِي عَنْ أَبِيهِ عَنْ جَدِّهِ أَنَّ أَذَانَ بِلاَلٍ كَانَ مَثْنَى مَثْنَى وَإِقَامَتُهُ مُفْرَدَةً ‏.‏",
      "english": {
        "narrator": "'Abdur-Rahman bin Sa'd bin 'Ammar bin Sa'd narrated (from his great-grandfather of the Messenger of Allah) that:",
        "text": "In the Adhan of Bilal, the phrases were two by two, and in his Iqamah they were said once."
      },
      "turkish": {
        "narrator": "'Abdur-Rahman bin Sa'd bin 'Ammar bin Sa'd narrated (from his great-grandfather of the Messenger of Allah) that:",
        "text": "Abdurrahman bin Sa'd bin Ammar bin Sa'd, (Allah'ın Resulü'nden) rivayet etmiştir ki: Bilal'in Ezan'ında cümleler iki iki söyleniyordu, ve İkame'sinde bir kez söyleniyordu."
      }
    },
    {
      "id": 27,
      "idInBook": 27,
      "chapterId": 3,
      "bookId": 6,
      "arabic": "حَدَّثَنَا أَبُو بَدْرٍ، عَبَّادُ بْنُ الْوَلِيدِ حَدَّثَنِي مَعْمَرُ بْنُ مُحَمَّدِ بْنِ عُبَيْدِ اللَّهِ بْنِ أَبِي رَافِعٍ، مَوْلَى النَّبِيِّ ـ صلى الله عليه وسلم ـ حَدَّثَنِي أَبِي مُحَمَّدُ بْنُ عُبَيْدِ اللَّهِ عَنْ أَبِيهِ عُبَيْدِ اللَّهِ عَنْ أَبِي رَافِعٍ قَالَ رَأَيْتُ بِلاَلاً يُؤَذِّنُ بَيْنَ يَدَىْ رَسُولِ اللَّهِ ـ صلى الله عليه وسلم ـ مَثْنَى مَثْنَى وَيُقِيمُ وَاحِدَةً ‏.‏",
      "english": {
        "narrator": "It was narrated that Abu Rafi' said:",
        "text": "\"I saw Bilal calling the Adhan in fron of Allah's Messenger, (saying the phrases) two by two, and saying each phrase once in the Iqamah.\""
      },
      "turkish": {
        "narrator": "It was narrated that Abu Rafi' said:",
        "text": "Ebu Rafi'den rivayet edilmiştir ki: \"Bilal'i, Allah'ın Resulü'nün önünde Ezan okurken gördüm, (cümleleri) iki iki, ve İkame'de her cümleyi bir kez söylerken.\""
      }
    },
    {
      "id": 28,
      "idInBook": 28,
      "chapterId": 3,
      "bookId": 6,
      "arabic": "حَدَّثَنَا أَبُو بَكْرِ بْنُ أَبِي شَيْبَةَ، حَدَّثَنَا أَبُو الأَحْوَصِ، عَنْ إِبْرَاهِيمَ بْنِ مُهَاجِرٍ، عَنْ أَبِي الشَّعْثَاءِ، قَالَ كُنَّا قُعُودًا فِي الْمَسْجِدِ مَعَ أَبِي هُرَيْرَةَ فَأَذَّنَ الْمُؤَذِّنُ فَقَامَ رَجُلٌ مِنَ الْمَسْجِدِ يَمْشِي فَأَتْبَعَهُ أَبُو هُرَيْرَةَ بَصَرَهُ حَتَّى خَرَجَ مِنَ الْمَسْجِدِ فَقَالَ أَبُو هُرَيْرَةَ أَمَّا هَذَا فَقَدْ عَصَى أَبَا الْقَاسِمِ ـ صلى الله عليه وسلم ـ ‏.‏",
      "english": {
        "narrator": "It was narrated that Abu Sha'tha said:",
        "text": "\"We were sitting in the mosque with Abu Hurairah when the Mu'adh-dhin called the Adhan. A man got up and walked out of the mosque, and Abu Hurairah followed him with his gaze until he left the mosque. Then Abu Hurairah said: \"This man has disobeyed Abul-Qasim.'\""
      },
      "turkish": {
        "narrator": "It was narrated that Abu Sha'tha said:",
        "text": "Ebu Şat'a'dan rivayet edilmiştir ki: \"Biz Ebu Hureyre ile camide oturuyorduk, Mu'adh-dhin Ezan okudu. Bir adam kalktı ve camiden çıktı, Ebu Hureyre onu gözleriyle takip etti ve camiden çıkana kadar baktı. Sonra Ebu Hureyre dedi ki: 'Bu adam Abul-Kasım'a itaat etmedi.'\""
      }
    },
    {
      "id": 29,
      "idInBook": 29,
      "chapterId": 3,
      "bookId": 6,
      "arabic": "حَدَّثَنَا حَرْمَلَةُ بْنُ يَحْيَى، حَدَّثَنَا عَبْدُ اللَّهِ بْنُ وَهْبٍ، أَنْبَأَنَا عَبْدُ الْجَبَّارِ بْنُ عُمَرَ، عَنِ ابْنِ أَبِي فَرْوَةَ، عَنْ مُحَمَّدِ بْنِ يُوسُفَ، مَوْلَى عُثْمَانَ بْنِ عَفَّانَ عَنْ أَبِيهِ، عَنْ عُثْمَانَ، قَالَ قَالَ رَسُولُ اللَّهِ ـ صلى الله عليه وسلم ـ ‏\n\"‏ مَنْ أَدْرَكَهُ الأَذَانُ فِي الْمَسْجِدِ ثُمَّ خَرَجَ لَمْ يَخْرُجْ لِحَاجَةٍ وَهُوَ لاَ يُرِيدُ الرَّجْعَةَ فَهُوَ مُنَافِقٌ ‏\"‏ ‏.‏",
      "english": {
        "narrator": "It was narrated that 'Uthman said:",
        "text": "\"The Messenger of Allah said: 'Whoever hears the Adhan when he is in the mosque, then goes out and does not go out for any (legitimate) need and does not intend to return, is a hypocrite.'\""
      },
      "turkish": {
        "narrator": "It was narrated that 'Uthman said:",
        "text": "Osman'dan rivayet edilmiştir ki: \"Allah'ın Resulü şöyle buyurmuştur: 'Ezanı camide duyup, dışarı çıkan ve herhangi bir (meşru) ihtiyaç için çıkmayan ve geri dönmeyi düşünmeyen kimse münafıktır.'\""
      }
    }
  ],
  "chapter": {
    "id": 3,
    "bookId": 6,
    "arabic": "كتاب الأذان والسنة فيها",
    "english": "The Book of the Adhan and the Sunnah Regarding It"
  }
}