{"metadata":{"length":65,"arabic":{"title":"سنن ابن ماجه","author":"الإمام محمد بن يزيد بن ماجه القزويني","introduction":"كتاب الأشربة"},"english":{"title":"Sunan Ibn Majah","author":"Imam Muhammad ibn Yazid Ibn Majah al-Qazwini","introduction":"Chapters on Drinks"}},"hadiths":[{"id":1,"idInBook":1,"chapterId":30,"bookId":6,"arabic":"حَدَّثَنَا الْحُسَيْنُ بْنُ الْحَسَنِ الْمَرْوَزِيُّ، حَدَّثَنَا ابْنُ أَبِي عَدِيٍّ، ح وَحَدَّثَنَا إِبْرَاهِيمُ بْنُ سَعِيدٍ الْجَوْهَرِيُّ، حَدَّثَنَا عَبْدُ الْوَهَّابِ، جَمِيعًا عَنْ رَاشِدٍ أَبِي مُحَمَّدٍ الْحِمَّانِيِّ، عَنْ شَهْرِ بْنِ حَوْشَبٍ، عَنْ أُمِّ الدَّرْدَاءِ، عَنْ أَبِي الدَّرْدَاءِ، قَالَ أَوْصَانِي خَلِيلِي ـ صلى الله عليه وسلم ـ ‏\n\"‏ لاَ تَشْرَبِ الْخَمْرَ فَإِنَّهَا مِفْتَاحُ كُلِّ شَرٍّ ‏\"‏ ‏.‏","english":{"narrator":"It was\nnarrated that Abu Darda’ said:","text":"‘My close friend (ﷺ) advised\nme:\n‘Do not drink wine, for it is the key to all evils.’”"}},{"id":2,"idInBook":2,"chapterId":30,"bookId":6,"arabic":"حَدَّثَنَا الْعَبَّاسُ بْنُ عُثْمَانَ الدِّمَشْقِيُّ، حَدَّثَنَا الْوَلِيدُ بْنُ مُسْلِمٍ، حَدَّثَنَا مُنِيرُ بْنُ الزُّبَيْرِ، أَنَّهُ سَمِعَ عُبَادَةَ بْنَ نُسَىٍّ، يَقُولُ سَمِعْتُ خَبَّابَ بْنَ الأَرَتِّ، عَنْ رَسُولِ اللَّهِ ـ صلى الله عليه وسلم ـ أَنَّهُ قَالَ ‏\n\"‏ إِيَّاكَ وَالْخَمْرَ فَإِنَّ خَطِيئَتَهَا تَفْرَعُ الْخَطَايَا كَمَا أَنَّ شَجَرَتَهَا تَفْرَعُ الشَّجَرَ ‏\"‏ ‏.‏","english":{"narrator":"‘Ubadah\nbin Samit said:","text":"“I heard Khabbab bin Arat narrating that the\nMessenger of Allah (ﷺ) said: ‘Beware of wine! For its sins\noverwhelm\nother sins, just as the grapevine overwhelms other trees.’”"}},{"id":3,"idInBook":3,"chapterId":30,"bookId":6,"arabic":"حَدَّثَنَا عَلِيُّ بْنُ مُحَمَّدٍ، حَدَّثَنَا عَبْدُ اللَّهِ بْنُ نُمَيْرٍ، عَنْ عُبَيْدِ اللَّهِ بْنِ عُمَرَ، عَنْ نَافِعٍ، عَنِ ابْنِ عُمَرَ، أَنَّ رَسُولَ اللَّهِ ـ صلى الله عليه وسلم ـ قَالَ ‏\n\"‏ مَنْ شَرِبَ الْخَمْرَ فِي الدُّنْيَا لَمْ يَشْرَبْهَا فِي الآخِرَةِ إِلاَّ أَنْ يَتُوبَ ‏\"‏ ‏.‏","english":{"narrator":"It was\nnarrated from Ibn ‘Umar that the Messenger of Allah (ﷺ)\nsaid:","text":"“Whoever drinks wine in this world, he will not drink it in the\nHereafter, unless he repents.”"}},{"id":4,"idInBook":4,"chapterId":30,"bookId":6,"arabic":"حَدَّثَنَا هِشَامُ بْنُ عَمَّارٍ، حَدَّثَنَا يَحْيَى بْنُ حَمْزَةَ، حَدَّثَنِي زَيْدُ بْنُ وَاقِدٍ، أَنَّ خَالِدَ بْنَ عَبْدِ اللَّهِ بْنِ حُسَيْنٍ، حَدَّثَهُ قَالَ حَدَّثَنِي أَبُو هُرَيْرَةَ، أَنَّ رَسُولَ اللَّهِ ـ صلى الله عليه وسلم ـ قَالَ ‏\n\"‏ مَنْ شَرِبَ الْخَمْرَ فِي الدُّنْيَا لَمْ يَشْرَبْهَا فِي الآخِرَةِ ‏\"‏ ‏.‏","english":{"narrator":"Abu\nHurairah narrated that the Messenger of Allah (ﷺ) said:","text":"“Whoever\ndrinks wine in this world, he will not drink it in the\nHereafter.”"}},{"id":5,"idInBook":5,"chapterId":30,"bookId":6,"arabic":"حَدَّثَنَا أَبُو بَكْرِ بْنُ أَبِي شَيْبَةَ، وَمُحَمَّدُ بْنُ الصَّبَّاحِ، قَالاَ حَدَّثَنَا مُحَمَّدُ بْنُ سُلَيْمَانَ بْنِ الأَصْبَهَانِيِّ، عَنْ سُهَيْلٍ، عَنْ أَبِيهِ، عَنْ أَبِي هُرَيْرَةَ، قَالَ قَالَ رَسُولُ اللَّهِ ـ صلى الله عليه وسلم ـ ‏\n\"‏ مُدْمِنُ الْخَمْرِ كَعَابِدِ وَثَنٍ ‏\"‏ ‏.‏","english":{"narrator":"It was\nnarrated from Abu Hurairah that the Messenger of Allah (ﷺ)\nsaid:","text":"“The one who is addicted to wine is like one who worships\nidols.”"}},{"id":6,"idInBook":6,"chapterId":30,"bookId":6,"arabic":"حَدَّثَنَا هِشَامُ بْنُ عَمَّارٍ، حَدَّثَنَا سُلَيْمَانُ بْنُ عُتْبَةَ، حَدَّثَنِي يُونُسُ بْنُ مَيْسَرَةَ بْنِ حَلْبَسٍ، عَنْ أَبِي إِدْرِيسَ، عَنْ أَبِي الدَّرْدَاءِ، عَنِ النَّبِيِّ ـ صلى الله عليه وسلم ـ قَالَ ‏\n\"‏ لاَ يَدْخُلُ الْجَنَّةَ مُدْمِنُ خَمْرٍ ‏\"‏ ‏.‏","english":{"narrator":"It was\nnarrated from Abu Darda’ that the Prophet (ﷺ) said:","text":"“No one\nwho\nis addicted to wine will enter Paradise.”"}},{"id":7,"idInBook":7,"chapterId":30,"bookId":6,"arabic":"حَدَّثَنَا عَبْدُ الرَّحْمَنِ بْنُ إِبْرَاهِيمَ الدِّمَشْقِيُّ، حَدَّثَنَا الْوَلِيدُ بْنُ مُسْلِمٍ، حَدَّثَنَا الأَوْزَاعِيُّ، عَنْ رَبِيعَةَ بْنِ يَزِيدَ، عَنِ ابْنِ الدَّيْلَمِيِّ، عَنْ عَبْدِ اللَّهِ بْنِ عَمْرٍو، قَالَ قَالَ رَسُولُ اللَّهِ ـ صلى الله عليه وسلم ـ ‏\"‏ مَنْ شَرِبَ الْخَمْرَ وَسَكِرَ لَمْ تُقْبَلْ لَهُ صَلاَةٌ أَرْبَعِينَ صَبَاحًا وَإِنْ مَاتَ دَخَلَ النَّارَ فَإِنْ تَابَ تَابَ اللَّهُ عَلَيْهِ وَإِنْ عَادَ فَشَرِبَ فَسَكِرَ لَمْ تُقْبَلْ لَهُ صَلاَةٌ أَرْبَعِينَ صَبَاحًا فَإِنْ مَاتَ دَخَلَ النَّارَ فَإِنْ تَابَ تَابَ اللَّهُ عَلَيْهِ وَإِنْ عَادَ فَشَرِبَ فَسَكِرَ لَمْ تُقْبَلْ لَهُ صَلاَةٌ أَرْبَعِينَ صَبَاحًا فَإِنْ مَاتَ دَخَلَ النَّارَ فَإِنْ تَابَ تَابَ اللَّهُ عَلَيْهِ وَإِنْ عَادَ كَانَ حَقًّا عَلَى اللَّهِ أَنْ يَسْقِيَهُ مِنْ رَدْغَةِ الْخَبَالِ يَوْمَ الْقِيَامَةِ ‏\"‏ ‏.‏ قَالُوا يَا رَسُولَ اللَّهِ وَمَا رَدْغَةُ الْخَبَالِ قَالَ ‏\"‏ عُصَارَةُ أَهْلِ النَّارِ ‏\"‏ ‏.‏","english":{"narrator":"It was\nnarrated from ‘Abdullah bin ‘Amr that the Messenger of Allah\n(ﷺ) said:","text":"“Whoever drinks wine and gets drunk, his prayer will\nnot\nbe accepted for forty days, and if he dies he will enter Hell,\nbut if\nhe repents, Allah will accept his repentance. If he drinks\nwine again\nand gets drunk, his prayer will not be accepted for forty\ndays, and if\nhe dies he will enter Hell, but if he repents, Allah\nwill accept his\nrepentance. If he drinks wine again and gets drunk,\nhis prayer will\nnot be accepted for forty days, and if he dies he\nwill enter Hell, but\nif he repents Allah will accept his repentance.\nBut if he does it\nagain, then Allah will most certainly make him\ndrink of the mire of\nthe puss or sweat on the Day of Resurrection.”\nThey said: “O Messenger\nof Allah, what is the mire of the pus or\nsweat? He said: “The\ndrippings of the people of Hell.”"}},{"id":8,"idInBook":8,"chapterId":30,"bookId":6,"arabic":"حَدَّثَنَا يَزِيدُ بْنُ عَبْدِ اللَّهِ الْيَمَامِيُّ، حَدَّثَنَا عِكْرِمَةُ بْنُ عَمَّارٍ، حَدَّثَنَا أَبُو كَثِيرٍ السُّحَيْمِيُّ، عَنْ أَبِي هُرَيْرَةَ، قَالَ قَالَ رَسُولُ اللَّهِ ـ صلى الله عليه وسلم ـ ‏\n\"‏ الْخَمْرُ مِنْ هَاتَيْنِ الشَّجَرَتَيْنِ النَّخْلَةِ وَالْعِنَبَةِ ‏\"‏ ‏.‏","english":{"narrator":"It was\nnarrated from Abu Hurairah that the Messenger of Allah (ﷺ)\nsaid:","text":"“Wine comes from these two trees: The date palm and the\ngrapevine.”"}},{"id":9,"idInBook":9,"chapterId":30,"bookId":6,"arabic":"حَدَّثَنَا مُحَمَّدُ بْنُ رُمْحٍ، أَنْبَأَنَا اللَّيْثُ بْنُ سَعْدٍ، عَنْ يَزِيدَ بْنِ أَبِي حَبِيبٍ، أَنَّ خَالِدَ بْنَ كَثِيرٍ الْهَمْدَانِيَّ، حَدَّثَهُ أَنَّ السَّرِيَّ بْنَ إِسْمَاعِيلَ حَدَّثَهُ أَنَّ الشَّعْبِيَّ حَدَّثَهُ أَنَّهُ، سَمِعَ النُّعْمَانَ بْنَ بَشِيرٍ، يَقُولُ قَالَ رَسُولُ اللَّهِ ـ صلى الله عليه وسلم ـ ‏\n\"‏ إِنَّ مِنَ الْحِنْطَةِ خَمْرًا وَمِنَ الشَّعِيرِ خَمْرًا وَمِنَ الزَّبِيبِ خَمْرًا وَمِنَ التَّمْرِ خَمْرًا وَمِنَ الْعَسَلِ خَمْرًا ‏\"‏ ‏.‏","english":{"narrator":"It was\nnarrated from Nu’man bin Bashir that the Messenger of Allah\n(ﷺ)\nsaid:","text":"“From wheat comes wine, from barley comes wine, from\nraisins\ncomes wine, from dates comes wine and from honey comes wine.”"}},{"id":10,"idInBook":10,"chapterId":30,"bookId":6,"arabic":"حَدَّثَنَا عَلِيُّ بْنُ مُحَمَّدٍ، وَمُحَمَّدُ بْنُ إِسْمَاعِيلَ، قَالاَ حَدَّثَنَا وَكِيعٌ، حَدَّثَنَا عَبْدُ الْعَزِيزِ بْنُ عُمَرَ بْنِ عَبْدِ الْعَزِيزِ، عَنْ عَبْدِ الرَّحْمَنِ بْنِ عَبْدِ اللَّهِ الْغَافِقِيِّ، وَأَبِي، طُعْمَةَ مَوْلاَهُمْ أَنَّهُمَا سَمِعَا ابْنَ عُمَرَ، يَقُولُ قَالَ رَسُولُ اللَّهِ ـ صلى الله عليه وسلم ـ ‏\n\"‏ لُعِنَتِ الْخَمْرُ عَلَى عَشَرَةِ أَوْجُهٍ بِعَيْنِهَا وَعَاصِرِهَا وَمُعْتَصِرِهَا وَبَائِعِهَا وَمُبْتَاعِهَا وَحَامِلِهَا وَالْمَحْمُولَةِ إِلَيْهِ وَآكِلِ ثَمَنِهَا وَشَارِبِهَا وَسَاقِيهَا ‏\"‏ ‏.‏","english":{"narrator":"It was\nnarrated from Ibn ‘Umar that the Messenger of Allah (ﷺ)\nsaid:","text":"“Wine is cursed from ten angles: The wine itself, the one who\nsqueezes (the grapes etc), the one for whom it is squeezed, the one\nwho sells it, the one who buys it, the one who carries it, the one to\nwhom it is carried, the one who consumes its price, the one who\ndrinks\nit and the one who pours it.”"}},{"id":11,"idInBook":11,"chapterId":30,"bookId":6,"arabic":"حَدَّثَنَا مُحَمَّدُ بْنُ سَعِيدِ بْنِ يَزِيدَ بْنِ إِبْرَاهِيمَ التُّسْتَرِيُّ، حَدَّثَنَا أَبُو عَاصِمٍ، عَنْ شَبِيبٍ، سَمِعْتُ أَنَسَ بْنَ مَالِكٍ، - أَوْ حَدَّثَنِي أَنَسٌ، - قَالَ لَعَنَ رَسُولُ اللَّهِ ـ صلى الله عليه وسلم ـ فِي الْخَمْرِ عَشَرَةً عَاصِرَهَا وَمُعْتَصِرَهَا وَالْمَعْصُورَةَ لَهُ وَحَامِلَهَا وَالْمَحْمُولَةَ لَهُ وَبَائِعَهَا وَالْمُبْتَاعَةَ لَهُ وَسَاقِيَهَا وَالْمُسْتَقَاةَ لَهُ ‏\"‏ ‏.‏ حَتَّى عَدَّ عَشَرَةً مِنْ هَذَا الضَّرْبِ ‏.‏","english":{"narrator":"Anas\nsaid:","text":"“The Messenger of Allah (ﷺ) cursed ten with regard to\nwine:\nThe one who squeezes (the grapes etc.), the one who asks for it\nto be\nsqueezed, the one for whom it is squeezed, the one who carries\nit,\nthe one to whom it is carried, the one who sells it, the one for\nwhom\nit is brought, the one who pours it, the one for whom it is\npoured,\nuntil he counted ten like this.”"}},{"id":12,"idInBook":12,"chapterId":30,"bookId":6,"arabic":"حَدَّثَنَا أَبُو بَكْرِ بْنُ أَبِي شَيْبَةَ، وَعَلِيُّ بْنُ مُحَمَّدٍ، قَالاَ حَدَّثَنَا أَبُو مُعَاوِيَةَ، حَدَّثَنَا الأَعْمَشُ، عَنْ مُسْلِمٍ، عَنْ مَسْرُوقٍ، عَنْ عَائِشَةَ، قَالَتْ لَمَّا نَزَلَتِ الآيَاتُ مِنْ آخِرِ سُورَةِ الْبَقَرَةِ فِي الرِّبَا خَرَجَ رَسُولُ اللَّهِ ـ صلى الله عليه وسلم ـ فَحَرَّمَ التِّجَارَةَ فِي الْخَمْرِ ‏.‏","english":{"narrator":"It was\nnarrated that ‘Aishah said:","text":"“When the Verses at the end of\nSurat\nAl-Baqarah concerning usury were revealed, the Messenger of\nAllah(ﷺ) went out and forbade dealing in wine.”"}},{"id":13,"idInBook":13,"chapterId":30,"bookId":6,"arabic":"حَدَّثَنَا أَبُو بَكْرِ بْنُ أَبِي شَيْبَةَ، حَدَّثَنَا سُفْيَانُ، عَنْ عَمْرِو بْنِ دِينَارٍ، عَنْ طَاوُسٍ، عَنِ ابْنِ عَبَّاسٍ، قَالَ بَلَغَ عُمَرَ أَنَّ سَمُرَةَ، بَاعَ خَمْرًا فَقَالَ قَاتَلَ اللَّهُ سَمُرَةَ أَلَمْ يَعْلَمْ أَنَّ رَسُولَ اللَّهِ ـ صلى الله عليه وسلم ـ قَالَ ‏\n\"‏ لَعَنَ اللَّهُ الْيَهُودَ حُرِّمَتْ عَلَيْهِمُ الشُّحُومُ فَجَمَلُوهَا فَبَاعُوهَا ‏\"‏ ‏.‏","english":{"narrator":"It was\nnarrated that Ibn ‘Abbas said:","text":"Umar heard that Samurah had\nsold\nsome wine, and he said: “May Allah ruin Samurah! Does he not know\nthat the Messenger of Allah (ﷺ) said: ‘May Allah curse the Jews,\nfor\nanimal fat was forbidden to them, so they melted it down and sold\nit.’”"}},{"id":14,"idInBook":14,"chapterId":30,"bookId":6,"arabic":"حَدَّثَنَا الْعَبَّاسُ بْنُ الْوَلِيدِ الدِّمَشْقِيُّ، حَدَّثَنَا عَبْدُ السَّلاَمِ بْنُ عَبْدِ الْقُدُّوسِ، حَدَّثَنَا ثَوْرُ بْنُ يَزِيدَ، عَنْ خَالِدِ بْنِ مَعْدَانَ، عَنْ أَبِي أُمَامَةَ الْبَاهِلِيِّ، قَالَ قَالَ رَسُولُ اللَّهِ ـ صلى الله عليه وسلم ـ ‏\n\"‏ لاَ تَذْهَبُ اللَّيَالِي وَالأَيَّامُ حَتَّى تَشْرَبَ طَائِفَةٌ مِنْ أُمَّتِي الْخَمْرَ يُسَمُّونَهَا بِغَيْرِ اسْمِهَا ‏\"‏ ‏.‏","english":{"narrator":"It was\nnarrated from Abu Umamah Al-Bahili that the Messenger of Allah\n(ﷺ)\nsaid:","text":"“Night and day will not cease until a group among my\nnation\ndrinks wine, calling it by some other name.”"}},{"id":15,"idInBook":15,"chapterId":30,"bookId":6,"arabic":"حَدَّثَنَا الْحُسَيْنُ بْنُ أَبِي السَّرِيِّ، حَدَّثَنَا عُبَيْدُ اللَّهِ، حَدَّثَنَا سَعْدُ بْنُ أَوْسٍ الْعَبْسِيُّ، عَنْ بِلاَلِ بْنِ يَحْيَى الْعَبْسِيِّ، عَنْ أَبِي بَكْرِ بْنِ حَفْصٍ، عَنِ ابْنِ مُحَيْرِيزٍ، عَنْ ثَابِتِ بْنِ السِّمْطِ، عَنْ عُبَادَةَ بْنِ الصَّامِتِ، قَالَ قَالَ رَسُولُ اللَّهِ ـ صلى الله عليه وسلم ـ ‏\n\"‏ يَشْرَبُ نَاسٌ مِنْ أُمَّتِي الْخَمْرَ بِاسْمٍ يُسَمُّونَهَا إِيَّاهُ ‏\"‏ ‏.‏","english":{"narrator":"It was\nnarrated from ‘Ubadah bin Samit that the Messenger of Allah\n(ﷺ)\nsaid:","text":"“People among my nation will drink wine, under some other\nname that they will give it.”"}},{"id":16,"idInBook":16,"chapterId":30,"bookId":6,"arabic":"حَدَّثَنَا أَبُو بَكْرِ بْنُ أَبِي شَيْبَةَ، حَدَّثَنَا سُفْيَانُ بْنُ عُيَيْنَةَ، عَنِ الزُّهْرِيِّ، عَنْ أَبِي سَلَمَةَ، عَنْ عَائِشَةَ، تَبْلُغُ بِهِ النَّبِيَّ ـ صلى الله عليه وسلم ـ قَالَ ‏\n\"‏ كُلُّ شَرَابٍ أَسْكَرَ فَهُوَ حَرَامٌ ‏\"‏ ‏.‏","english":{"narrator":"It was\nnarrated from ‘Aishah, narrating it from the Prophet (ﷺ):","text":"“Every\ndrink that causes intoxication is unlawful.”"}},{"id":17,"idInBook":17,"chapterId":30,"bookId":6,"arabic":"حَدَّثَنَا هِشَامُ بْنُ عَمَّارٍ، حَدَّثَنَا صَدَقَةُ بْنُ خَالِدٍ، حَدَّثَنَا يَحْيَى بْنُ الْحَارِثِ الذِّمَارِيُّ، سَمِعْتُ سَالِمَ بْنَ عَبْدِ اللَّهِ بْنِ عُمَرَ، يُحَدِّثُ عَنْ أَبِيهِ، قَالَ قَالَ رَسُولُ اللَّهِ ـ صلى الله عليه وسلم ـ ‏\n\"‏ كُلُّ مُسْكِرٍ حَرَامٌ ‏\"‏ ‏.‏","english":{"narrator":"Salim\nbin ‘Abdullah bin ‘Umar narrated that his father said:","text":"“The\nMessenger of Allah (ﷺ) said: ‘Every intoxicant is unlawful.’”"}},{"id":18,"idInBook":18,"chapterId":30,"bookId":6,"arabic":"حَدَّثَنَا يُونُسُ بْنُ عَبْدِ الأَعْلَى، حَدَّثَنَا ابْنُ وَهْبٍ، أَخْبَرَنَا ابْنُ جُرَيْجٍ، عَنْ أَيُّوبَ بْنِ هَانِئٍ، عَنْ مَسْرُوقٍ، عَنِ ابْنِ مَسْعُودٍ، أَنَّ رَسُولَ اللَّهِ ـ صلى الله عليه وسلم ـ قَالَ ‏\n\"‏ كُلُّ مُسْكِرٍ حَرَامٌ ‏\"‏ ‏.‏ قَالَ ابْنُ مَاجَهْ هَذَا حَدِيثُ الْمِصْرِيِّينَ ‏.‏","english":{"narrator":"It was\nnarrated from Ibn Mas’ud that the Messenger of Allah (ﷺ)\nsaid:","text":"“Every intoxicant is unlawful.”"}},{"id":19,"idInBook":19,"chapterId":30,"bookId":6,"arabic":"حَدَّثَنَا عَلِيُّ بْنُ مَيْمُونٍ الرَّقِّيُّ، حَدَّثَنَا خَالِدُ بْنُ حَيَّانَ، عَنْ سُلَيْمَانَ بْنِ عَبْدِ اللَّهِ بْنِ الزِّبْرِقَانِ، عَنْ يَعْلَى بْنِ شَدَّادِ بْنِ أَوْسٍ، سَمِعْتُ مُعَاوِيَةَ، يَقُولُ سَمِعْتُ رَسُولَ اللَّهِ ـ صلى الله عليه وسلم ـ يَقُولُ ‏\n\"‏ كُلُّ مُسْكِرٍ حَرَامٌ عَلَى كُلِّ مُؤْمِنٍ ‏\"‏ ‏.‏ وَهَذَا حَدِيثُ الرَّقِّيِّينَ ‏.‏","english":{"narrator":"Mu’awiyah said:","text":"“I heard the Messenger of Allah (ﷺ) say: ‘Every\nintoxicant is unlawful for every believer.’”"}},{"id":20,"idInBook":20,"chapterId":30,"bookId":6,"arabic":"حَدَّثَنَا سَهْلٌ، حَدَّثَنَا يَزِيدُ بْنُ هَارُونَ، عَنْ مُحَمَّدِ بْنِ عَمْرِو بْنِ عَلْقَمَةَ، عَنْ أَبِي سَلَمَةَ، عَنِ ابْنِ عُمَرَ، قَالَ قَالَ رَسُولُ اللَّهِ ـ صلى الله عليه وسلم ـ ‏\n\"‏ كُلُّ مُسْكِرٍ خَمْرٌ وَكُلُّ خَمْرٍ حَرَامٌ ‏\"‏ ‏.‏","english":{"narrator":"It was\nnarrated from Ibn ‘Umar that the Messenger of Allah (ﷺ)\nsaid:","text":"“Every intoxicant is Khamr (wine) and every Khamr is unlawful.”"}},{"id":21,"idInBook":21,"chapterId":30,"bookId":6,"arabic":"حَدَّثَنَا مُحَمَّدُ بْنُ بَشَّارٍ، حَدَّثَنَا أَبُو دَاوُدَ، حَدَّثَنَا شُعْبَةُ، عَنْ سَعِيدِ بْنِ أَبِي بُرْدَةَ، عَنْ أَبِيهِ، عَنْ أَبِي مُوسَى، قَالَ قَالَ رَسُولُ اللَّهِ ـ صلى الله عليه وسلم ـ ‏\n\"‏ كُلُّ مُسْكِرٍ حَرَامٌ ‏\"‏ ‏.‏","english":{"narrator":"It was\nnarrated from Abu Musa that the Messenger of Allah (ﷺ) said:","text":"“Every\nintoxicant is unlawful.”"}},{"id":22,"idInBook":22,"chapterId":30,"bookId":6,"arabic":"حَدَّثَنَا إِبْرَاهِيمُ بْنُ الْمُنْذِرِ الْحِزَامِيُّ، حَدَّثَنَا أَبُو يَحْيَى، زَكَرِيَّا بْنُ مَنْظُورٍ عَنْ أَبِي حَازِمٍ، عَنْ عَبْدِ اللَّهِ بْنِ عُمَرَ، قَالَ قَالَ رَسُولُ اللَّهِ ـ صلى الله عليه وسلم ـ ‏\n\"‏ كُلُّ مُسْكِرٍ حَرَامٌ وَمَا أَسْكَرَ كَثِيرُهُ فَقَلِيلُهُ حَرَامٌ ‏\"‏ ‏.‏","english":{"narrator":"It was\nnarrated from ‘Abdullah bin ‘Umar that the Messenger of Allah\n(ﷺ) said:","text":"“Every intoxicant is unlawful and whatever causes\nintoxication in large amounts, a small amount of it is (also)\nunlawful.”"}},{"id":23,"idInBook":23,"chapterId":30,"bookId":6,"arabic":"حَدَّثَنَا عَبْدُ الرَّحْمَنِ بْنُ إِبْرَاهِيمَ، حَدَّثَنَا أَنَسُ بْنُ عِيَاضٍ، حَدَّثَنِي دَاوُدُ بْنُ بَكْرٍ، عَنْ مُحَمَّدِ بْنِ الْمُنْكَدِرِ، عَنْ جَابِرِ بْنِ عَبْدِ اللَّهِ، أَنَّ رَسُولَ اللَّهِ ـ صلى الله عليه وسلم ـ قَالَ ‏\n\"‏ مَا أَسْكَرَ كَثِيرُهُ فَقَلِيلُهُ حَرَامٌ ‏\"‏ ‏.‏","english":{"narrator":"It was\nnarrated from Jabir bin ‘Abdullah that the Messenger of Allah\n(ﷺ)\nsaid:","text":"“Whatever causes intoxication in large amounts, a small\namount of it is (also) unlawful.”"}},{"id":24,"idInBook":24,"chapterId":30,"bookId":6,"arabic":"حَدَّثَنَا عَبْدُ الرَّحْمَنِ بْنُ إِبْرَاهِيمَ، حَدَّثَنَا أَنَسُ بْنُ عِيَاضٍ، حَدَّثَنَا عُبَيْدُ اللَّهِ بْنُ عُمَرَ، عَنْ عَمْرِو بْنِ شُعَيْبٍ، عَنْ أَبِيهِ، عَنْ جَدِّهِ، أَنَّ رَسُولَ اللَّهِ ـ صلى الله عليه وسلم ـ قَالَ ‏\n\"‏ مَا أَسْكَرَ كَثِيرُهُ فَقَلِيلُهُ حَرَامٌ ‏\"‏ ‏.‏","english":{"narrator":"It was\nnarrated from ‘Amr bin Shu’aib, from his father, from his\ngrandfather, that the Messenger of Allah (ﷺ) said:","text":"“Whatever\ncauses\nintoxication in large amounts a small amount of it is (also)\nunlawful.”"}},{"id":25,"idInBook":25,"chapterId":30,"bookId":6,"arabic":"حَدَّثَنَا مُحَمَّدُ بْنُ رُمْحٍ، أَنْبَأَنَا اللَّيْثُ بْنُ سَعْدٍ، عَنْ أَبِي الزُّبَيْرِ، عَنْ جَابِرِ بْنِ عَبْدِ اللَّهِ، أَنَّ رَسُولَ اللَّهِ ـ صلى الله عليه وسلم ـ نَهَى أَنْ يُنْبَذَ التَّمْرُ وَالزَّبِيبُ جَمِيعًا وَنَهَى أَنْ يُنْبَذَ الْبُسْرُ وَالرُّطَبُ جَمِيعًا ‏.‏ \nقَالَ اللَّيْثُ بْنُ سَعْدٍ حَدَّثَنِي عَطَاءُ بْنُ أَبِي رَبَاحٍ الْمَكِّيُّ، عَنْ جَابِرِ بْنِ عَبْدِ اللَّهِ، عَنِ النَّبِيِّ ـ صلى الله عليه وسلم ـ مِثْلَهُ ‏.‏","english":{"narrator":"","text":"It was\nnarrated from Jabir bin ‘Abdullah that the Messenger of Allah\n(ﷺ)\nforbade making Nabidh* with dates and raisins together, or with\nunripe dates and fresh dates together.”\n\nAnother chain reports the same."}},{"id":26,"idInBook":26,"chapterId":30,"bookId":6,"arabic":"حَدَّثَنَا يَزِيدُ بْنُ عَبْدِ اللَّهِ الْيَمَامِيُّ، حَدَّثَنَا عِكْرِمَةُ بْنُ عَمَّارٍ، عَنْ أَبِي كَثِيرٍ، عَنْ أَبِي هُرَيْرَةَ، قَالَ قَالَ رَسُولُ اللَّهِ ـ صلى الله عليه وسلم ـ ‏\n\"‏ لاَ تَنْبِذُوا التَّمْرَ وَالْبُسْرَ جَمِيعًا وَانْبِذُوا كُلَّ وَاحِدٍ مِنْهُمَا عَلَى حِدَتِهِ ‏\"‏ ‏.‏","english":{"narrator":"It was\nnarrated from Abu Hurairah that the Messenger of Allah (ﷺ)\nsaid:","text":"‘Do not make Nabidh with dried dates and unripe dates together,\nmake Nabidh with each of them on its own.”"}},{"id":27,"idInBook":27,"chapterId":30,"bookId":6,"arabic":"حَدَّثَنَا هِشَامُ بْنُ عَمَّارٍ، حَدَّثَنَا الْوَلِيدُ بْنُ مُسْلِمٍ، حَدَّثَنَا الأَوْزَاعِيُّ، عَنْ يَحْيَى بْنِ أَبِي كَثِيرٍ، عَنْ عَبْدِ اللَّهِ بْنِ أَبِي قَتَادَةَ، عَنْ أَبِيهِ، أَنَّهُ سَمِعَ رَسُولَ اللَّهِ ـ صلى الله عليه وسلم ـ يَقُولُ ‏\n\"‏ لاَ تَجْمَعُوا بَيْنَ الرُّطَبِ وَالزَّهْوِ وَلاَ بَيْنَ الزَّبِيبِ وَالتَّمْرِ وَانْبِذُوا كُلَّ وَاحِدٍ مِنْهُمَا عَلَى حِدَتِهِ ‏\"‏ ‏.‏","english":{"narrator":"It was\nnarrated from ‘Abdullah bin Abu Qatadah, from his father, that\nhe\nheard the Messenger of Allah (ﷺ) say:","text":"“Do not combine fresh dates\nand unripe dates, or raisins and dates; rather make Nabidh with each\none of them on its own.”*"}},{"id":28,"idInBook":28,"chapterId":30,"bookId":6,"arabic":"حَدَّثَنَا أَبُو بَكْرِ بْنُ أَبِي شَيْبَةَ، حَدَّثَنَا أَبُو مُعَاوِيَةَ، ح وَحَدَّثَنَا مُحَمَّدُ بْنُ عَبْدِ الْمَلِكِ بْنِ أَبِي الشَّوَارِبِ، حَدَّثَنَا عَبْدُ الْوَاحِدِ بْنُ زِيَادٍ، قَالاَ حَدَّثَنَا عَاصِمٌ الأَحْوَلُ، حَدَّثَتْنَا بَنَانَةُ بِنْتُ يَزِيدَ الْعَبْشَمِيَّةُ، عَنْ عَائِشَةَ، قَالَتْ كُنَّا نَنْبِذُ لِرَسُولِ اللَّهِ ـ صلى الله عليه وسلم ـ فِي سِقَاءٍ فَنَأْخُذُ قَبْضَةً مِنْ تَمْرٍ أَوْ قَبْضَةً مِنْ زَبِيبٍ فَنَطْرَحُهَا فِيهِ ثُمَّ نَصُبُّ عَلَيْهِ الْمَاءَ فَنَنْبِذُهُ غُدْوَةً فَيَشْرَبُهُ عَشِيَّةً وَنَنْبِذُهُ عَشِيَّةً فَيَشْرَبُهُ غُدْوَةً ‏.‏ وَقَالَ أَبُو مُعَاوِيَةَ نَهَارًا فَيَشْرَبُهُ لَيْلاً أَوْ لَيْلاً فَيَشْرَبُهُ نَهَارًا ‏.‏","english":{"narrator":"It was\nnarrated that ‘Aishah said:","text":"“We used to make Nabidh for the\nMessenger of Allah (ﷺ) in a water skin. We would take a handful of\ndates or a handful of raisins, and put them in it, then pour water\nover it. We would make that in the morning and he would drink it in\nthe\nevening, or we would make it in the evening and he would drink it\nin\nthe morning.”"}},{"id":29,"idInBook":29,"chapterId":30,"bookId":6,"arabic":"حَدَّثَنَا أَبُو كُرَيْبٍ، عَنْ إِسْمَاعِيلَ بْنِ صَبِيحٍ، عَنْ أَبِي إِسْرَائِيلَ، عَنْ أَبِي عُمَرَ الْبَهْرَانِيِّ، عَنِ ابْنِ عَبَّاسٍ، قَالَ كَانَ يُنْبَذُ لِرَسُولِ اللَّهِ ـ صلى الله عليه وسلم ـ فَيَشْرَبُهُ يَوْمَهُ ذَلِكَ وَالْغَدَ وَالْيَوْمَ الثَّالِثَ فَإِنْ بَقِيَ مِنْهُ شَىْءٌ أَهْرَاقَهُ أَوْ أَمَرَ بِهِ فَأُهْرِيقَ ‏.‏","english":{"narrator":"It was\nnarrated that Ibn ‘Abbas said:","text":"“Nabidh would be made for the\nMessenger of Allah (ﷺ) and he would drink it on the same day, or\nthe\nnext day, or the third day, and if there was any left he would\nthrow\nit away or give orders that it was to be thrown away.”"}},{"id":30,"idInBook":30,"chapterId":30,"bookId":6,"arabic":"حَدَّثَنَا مُحَمَّدُ بْنُ عَبْدِ الْمَلِكِ بْنِ أَبِي الشَّوَارِبِ، حَدَّثَنَا أَبُو عَوَانَةَ، عَنْ أَبِي الزُّبَيْرِ، عَنْ جَابِرِ بْنِ عَبْدِ اللَّهِ، قَالَ كَانَ يُنْبَذُ لِرَسُولِ اللَّهِ ـ صلى الله عليه وسلم ـ فِي تَوْرٍ مِنْ حِجَارَةٍ ‏.‏","english":{"narrator":"It was\nnarrated that Jabir bin ‘Abdullah said:","text":"“Nabidh would be made\nfor\nthe Messenger of Allah (ﷺ) in a vessel of stone.”"}},{"id":31,"idInBook":31,"chapterId":30,"bookId":6,"arabic":"حَدَّثَنَا أَبُو بَكْرِ بْنُ أَبِي شَيْبَةَ، حَدَّثَنَا مُحَمَّدُ بْنُ بِشْرٍ، عَنْ مُحَمَّدِ بْنِ عَمْرٍو، حَدَّثَنَا أَبُو سَلَمَةَ، عَنْ أَبِي هُرَيْرَةَ، قَالَ نَهَى رَسُولُ اللَّهِ ـ صلى الله عليه وسلم ـ أَنْ يُنْبَذَ فِي النَّقِيرِ وَالْمُزَفَّتِ وَالدُّبَّاءِ وَالْحَنْتَمَةِ وَقَالَ ‏\n\"‏ كُلُّ مُسْكِرٍ حَرَامٌ ‏\"‏ ‏.‏","english":{"narrator":"It was\nnarrated that Abu Hurairah said:","text":"“The Messenger of Allah (ﷺ)\nforbade making Nabidh in Naqir, Muzaffat, Dubba’, and Hantamah. And\nhe\nsaid: ‘Every intoxicant is unlawful.”*"}},{"id":32,"idInBook":32,"chapterId":30,"bookId":6,"arabic":"حَدَّثَنَا مُحَمَّدُ بْنُ رُمْحٍ، أَنْبَأَنَا اللَّيْثُ بْنُ سَعْدٍ، عَنْ نَافِعٍ، عَنِ ابْنِ عُمَرَ، قَالَ نَهَى رَسُولُ اللَّهِ ـ صلى الله عليه وسلم ـ أَنْ يُنْبَذَ فِي الْمُزَفَّتِ وَالْقَرْعِ ‏.‏","english":{"narrator":"It was\nnarrated that Ibn ‘Umar said:","text":"“The Messenger of Allah (ﷺ)\nforbade making Nabidh in Muzaffat or a gourd.”"}},{"id":33,"idInBook":33,"chapterId":30,"bookId":6,"arabic":"حَدَّثَنَا نَصْرُ بْنُ عَلِيٍّ، حَدَّثَنَا أَبِي، عَنِ الْمُثَنَّى بْنِ سَعِيدٍ، عَنْ أَبِي الْمُتَوَكِّلِ، عَنْ أَبِي سَعِيدٍ الْخُدْرِيِّ، قَالَ نَهَى رَسُولُ اللَّهِ ـ صلى الله عليه وسلم ـ عَنِ الشُّرْبِ فِي الْحَنْتَمِ وَالدُّبَّاءِ وَالنَّقِيرِ ‏.‏","english":{"narrator":"It was\nnarrated that Abu Sa’eed Al-Khudri said:","text":"“The Messenger of\nAllah\n(ﷺ) forbade drinking from Hantam, Dubba’ and Naqir."}},{"id":34,"idInBook":34,"chapterId":30,"bookId":6,"arabic":"حَدَّثَنَا أَبُو بَكْرٍ، وَالْعَبَّاسُ بْنُ عَبْدِ الْعَظِيمِ الْعَنْبَرِيُّ، قَالاَ حَدَّثَنَا شَبَابَةُ، عَنْ شُعْبَةَ، عَنْ بُكَيْرِ بْنِ عَطَاءٍ، عَنْ عَبْدِ الرَّحْمَنِ بْنِ يَعْمَرَ، قَالَ نَهَى رَسُولُ اللَّهِ ـ صلى الله عليه وسلم ـ عَنِ الدُّبَّاءِ وَالْحَنْتَمِ ‏.‏","english":{"narrator":"It was\nnarrated that ‘Abdur-Rahman bin Ya’mar said:","text":"“The Messenger of\nAllah (ﷺ) forbade Dubba’ and Hantam.”"}},{"id":35,"idInBook":35,"chapterId":30,"bookId":6,"arabic":"حَدَّثَنَا عَبْدُ الْحَمِيدِ بْنُ بَيَانٍ الْوَاسِطِيُّ، حَدَّثَنَا إِسْحَاقُ بْنُ يُوسُفَ، عَنْ شَرِيكٍ، عَنْ سِمَاكٍ، عَنِ الْقَاسِمِ بْنِ مُخَيْمِرَةَ، عَنِ ابْنِ بُرَيْدَةَ، عَنْ أَبِيهِ، عَنِ النَّبِيِّ ـ صلى الله عليه وسلم ـ قَالَ ‏\n\"‏ كُنْتُ نَهَيْتُكُمْ عَنِ الأَوْعِيَةِ فَانْتَبِذُوا فِيهِ وَاجْتَنِبُوا كُلَّ مُسْكِرٍ ‏\"‏ ‏.‏","english":{"narrator":"It was\nnarrated from Ibn Buraidah from his father that the Prophet\n(ﷺ)\nsaid:","text":"“I used to forbid you to use certain vessels, but now make\nNabidh in them, but avoid all intoxicants.”"}},{"id":36,"idInBook":36,"chapterId":30,"bookId":6,"arabic":"حَدَّثَنَا يُونُسُ بْنُ عَبْدِ الأَعْلَى، حَدَّثَنَا عَبْدُ اللَّهِ بْنُ وَهْبٍ، أَنْبَأَنَا ابْنُ جُرَيْجٍ، عَنْ أَيُّوبَ بْنِ هَانِئٍ، عَنْ مَسْرُوقِ بْنِ الأَجْدَعِ، عَنِ ابْنِ مَسْعُودٍ، أَنَّ رَسُولَ اللَّهِ ـ صلى الله عليه وسلم ـ قَالَ ‏\n\"‏ إِنِّي كُنْتُ نَهَيْتُكُمْ عَنْ نَبِيذِ الأَوْعِيَةِ أَلاَ وَإِنَّ وِعَاءً لاَ يُحَرِّمُ شَيْئًا كُلُّ مُسْكِرٍ حَرَامٌ ‏\"‏ ‏.‏","english":{"narrator":"It was\nnarrated from Ibn Mas’ud that the Messenger of Allah (ﷺ)\nsaid:","text":"“I\nused to forbid you from making Nabidh in certain vessels, but\na\nvessel does not make something unlawful. All intoxicants are\nunlawful.”"}},{"id":37,"idInBook":37,"chapterId":30,"bookId":6,"arabic":"حَدَّثَنَا سُوَيْدُ بْنُ سَعِيدٍ، حَدَّثَنَا الْمُعْتَمِرُ بْنُ سُلَيْمَانَ، عَنْ أَبِيهِ، حَدَّثَتْنِي رُمَيْثَةُ، عَنْ عَائِشَةَ، أَنَّهَا قَالَتْ أَتَعْجِزُ إِحْدَاكُنَّ أَنْ تَتَّخِذَ كُلَّ عَامٍ مِنْ جِلْدِ أُضْحِيَّتِهَا سِقَاءً ثُمَّ قَالَتْ نَهَى رَسُولُ اللَّهِ ـ صلى الله عليه وسلم ـ أَنْ يُنْبَذَ فِي الْجَرِّ وَفِي كَذَا وَفِي كَذَا إِلاَّ الْخَلَّ ‏.‏","english":{"narrator":"It was\nnarrated that ‘Aishah said:","text":"“Is anyone of you incapable of\ntaking\na water skin from the skin of her sacrifice each year?” Then\nshe\nsaid: “The Messenger of Allah (ﷺ) forbade making Nabidh in\n(earthenware) jars, and in such and such, and such and such, except\nfor vinegar.”"}},{"id":38,"idInBook":38,"chapterId":30,"bookId":6,"arabic":"حَدَّثَنَا إِسْحَاقُ بْنُ مُوسَى الْخَطْمِيُّ، حَدَّثَنَا الْوَلِيدُ بْنُ مُسْلِمٍ، حَدَّثَنَا الأَوْزَاعِيُّ، عَنْ يَحْيَى بْنِ أَبِي كَثِيرٍ، عَنْ أَبِي سَلَمَةَ، عَنْ أَبِي هُرَيْرَةَ، قَالَ نَهَى رَسُولُ اللَّهِ ـ صلى الله عليه وسلم ـ أَنْ يُنْبَذَ فِي الْجِرَارِ ‏.‏","english":{"narrator":"It was\nnarrated that Abu Hurairah said:","text":"“The Messenger of Allah (ﷺ)\nforbade making Nabidh in (earthenware) jars.”"}},{"id":39,"idInBook":39,"chapterId":30,"bookId":6,"arabic":"حَدَّثَنَا مُجَاهِدُ بْنُ مُوسَى، حَدَّثَنَا الْوَلِيدُ، عَنْ صَدَقَةَ أَبِي مُعَاوِيَةَ، عَنْ زَيْدِ بْنِ وَاقِدٍ، عَنْ خَالِدِ بْنِ عَبْدِ اللَّهِ، عَنْ أَبِي هُرَيْرَةَ، قَالَ أُتِيَ النَّبِيُّ ـ صلى الله عليه وسلم ـ بِنَبِيذِ جَرٍّ يَنِشُّ فَقَالَ ‏\n\"‏ اضْرِبْ بِهَذَا الْحَائِطَ فَإِنَّ هَذَا شَرَابُ مَنْ لاَ يُؤْمِنُ بِاللَّهِ وَالْيَوْمِ الآخِرِ ‏\"‏ ‏.‏","english":{"narrator":"It was\nnarrated that Abu Hurairah said:","text":"“Some Nabidh from an\n(earthenware)\njar was brought to the Messenger of Allah (ﷺ) and it\nwas bubbling.\nHe said: ‘Throw this against the wall, for this is the\ndrink of one\nwho does not believe in Allah and the Last Day.’”"}},{"id":40,"idInBook":40,"chapterId":30,"bookId":6,"arabic":"حَدَّثَنَا مُحَمَّدُ بْنُ رُمْحٍ، أَنْبَأَنَا اللَّيْثُ بْنُ سَعْدٍ، عَنْ أَبِي الزُّبَيْرِ، عَنْ جَابِرِ بْنِ عَبْدِ اللَّهِ، عَنْ رَسُولِ اللَّهِ ـ صلى الله عليه وسلم ـ أَنَّهُ قَالَ ‏\n\"‏ غَطُّوا الإِنَاءَ وَأَوْكُوا السِّقَاءَ وَأَطْفِئُوا السِّرَاجَ وَأَغْلِقُوا الْبَابَ فَإِنَّ الشَّيْطَانَ لاَ يَحُلُّ سِقَاءً وَلاَ يَفْتَحُ بَابًا وَلاَ يَكْشِفُ إِنَاءً فَإِنْ لَمْ يَجِدْ أَحَدُكُمْ إِلاَّ أَنْ يَعْرُضَ عَلَى إِنَائِهِ عُودًا وَيَذْكُرَ اسْمَ اللَّهِ فَلْيَفْعَلْ فَإِنَّ الْفُوَيْسِقَةَ تُضْرِمُ عَلَى أَهْلِ الْبَيْتِ بَيْتَهُمْ ‏\"‏ ‏.‏","english":{"narrator":"It was\nnarrated from Jabir bin ‘Abdullah that the Messenger of Allah\n(ﷺ)\nsaid:","text":"“Cover your vessels, tie your water skins, extinguish your\nlamps and lock your doors, for Satan does not untie a water skin,\nopen\na door or uncover a vessel. If a person cannot find anything but\na\nstick with which to cover his vessel and mention the Name of Allah,\nthen let him do so. And the mouse could set fire to the house with\nits\npeople inside.”"}},{"id":41,"idInBook":41,"chapterId":30,"bookId":6,"arabic":"حَدَّثَنَا عَبْدُ الْحَمِيدِ بْنُ بَيَانٍ الْوَاسِطِيُّ، حَدَّثَنَا خَالِدُ بْنُ عَبْدِ اللَّهِ، عَنْ سُهَيْلٍ، عَنْ أَبِيهِ، عَنْ أَبِي هُرَيْرَةَ، قَالَ أَمَرَنَا رَسُولُ اللَّهِ بِتَغْطِيَةِ الإِنَاءِ وَإِيكَاءِ السِّقَاءِ وَإِكْفَاءِ الإِنَاءِ ‏\"‏ ‏.‏","english":{"narrator":"It was\nnarrated that Abu Hurairah said:","text":"“The Messenger of Allah (ﷺ)\ncommanded us to cover our vessels, tie up our water skins and turn\nover our vessels.”"}},{"id":42,"idInBook":42,"chapterId":30,"bookId":6,"arabic":"حَدَّثَنَا عِصْمَةُ بْنُ الْفَضْلِ، حَدَّثَنَا حَرَمِيُّ بْنُ عُمَارَةَ بْنِ أَبِي حَفْصَةَ، حَدَّثَنَا حَرِيشُ بْنُ خِرِّيتٍ، أَنْبَأَنَا ابْنُ أَبِي مُلَيْكَةَ، عَنْ عَائِشَةَ، قَالَتْ كُنْتُ أَصْنَعُ لِرَسُولِ اللَّهِ ـ صلى الله عليه وسلم ـ ثَلاَثَةَ آنِيَةٍ مِنَ اللَّيْلِ مُخَمَّرَةً إِنَاءً لِطَهُورِهِ وَإِنَاءً لِسِوَاكِهِ وَإِنَاءً لِشَرَابِهِ ‏.‏","english":{"narrator":"It was\nnarrated that ‘Aishah said:","text":"“I used to prepare three covered\nvessels for the Messenger of Allah (ﷺ) at night: A vessel for his\nwater for purification, a vessel for his tooth stick and a vessel for\nhis drink.”"}},{"id":43,"idInBook":43,"chapterId":30,"bookId":6,"arabic":"حَدَّثَنَا مُحَمَّدُ بْنُ رُمْحٍ، أَنْبَأَنَا اللَّيْثُ بْنُ سَعْدٍ، عَنْ نَافِعٍ، عَنْ زَيْدِ بْنِ عَبْدِ اللَّهِ بْنِ عُمَرَ، عَنْ عَبْدِ اللَّهِ بْنِ عَبْدِ الرَّحْمَنِ بْنِ أَبِي بَكْرٍ، عَنْ أُمِّ سَلَمَةَ، أَنَّهَا أَخْبَرَتْهُ عَنْ رَسُولِ اللَّهِ ـ صلى الله عليه وسلم ـ قَالَ ‏\n\"‏ إِنَّ الَّذِي يَشْرَبُ فِي إِنَاءِ الْفِضَّةِ إِنَّمَا يُجَرْجِرُ فِي بَطْنِهِ نَارَ جَهَنَّمَ ‏\"‏ ‏.‏","english":{"narrator":"It was\nnarrated from Umm Salamah that the Messenger of Allah (ﷺ)\nsaid:","text":"“The one who drinks from a silver vessel is swallowing Hell-fire\ninto his belly.”"}},{"id":44,"idInBook":44,"chapterId":30,"bookId":6,"arabic":"حَدَّثَنَا مُحَمَّدُ بْنُ عَبْدِ الْمَلِكِ بْنِ أَبِي الشَّوَارِبِ، حَدَّثَنَا أَبُو عَوَانَةَ، عَنْ أَبِي بِشْرٍ، عَنْ مُجَاهِدٍ، عَنْ عَبْدِ الرَّحْمَنِ بْنِ أَبِي لَيْلَى، عَنْ حُذَيْفَةَ، قَالَ نَهَى رَسُولُ اللَّهِ ـ صلى الله عليه وسلم ـ عَنِ الشُّرْبِ فِي آنِيَةِ الذَّهَبِ وَالْفِضَّةِ وَقَالَ ‏\n\"‏ هِيَ لَهُمْ فِي الدُّنْيَا وَهِيَ لَكُمْ فِي الآخِرَةِ ‏\"‏ ‏.‏","english":{"narrator":"It was\nnarrated that Hudhaifah said:","text":"“The Messenger of Allah (ﷺ)\nforbade\ndrinking from vessels of gold and silver. He said: “They are\nfor\nthem in this world and for you in the Hereafter.’”"}},{"id":45,"idInBook":45,"chapterId":30,"bookId":6,"arabic":"حَدَّثَنَا أَبُو بَكْرِ بْنُ أَبِي شَيْبَةَ، حَدَّثَنَا غُنْدَرٌ، عَنْ شُعْبَةَ، عَنْ سَعْدِ بْنِ إِبْرَاهِيمَ، عَنْ نَافِعٍ، عَنِ امْرَأَةِ ابْنِ عُمَرَ، عَنْ عَائِشَةَ، عَنْ رَسُولِ اللَّهِ ـ صلى الله عليه وسلم ـ قَالَ ‏\n\"‏ مَنْ شَرِبَ فِي إِنَاءِ فِضَّةٍ فَكَأَنَّمَا يُجَرْجِرُ فِي بَطْنِهِ نَارَ جَهَنَّمَ ‏\"‏ ‏.‏","english":{"narrator":"It was\nnarrated from ‘Aishah that the Prophet (ﷺ) said:","text":"“Whoever\ndrinks from a silver vessel, it is as if he is swallowing Hell-fire\ninto his belly.”"}},{"id":46,"idInBook":46,"chapterId":30,"bookId":6,"arabic":"حَدَّثَنَا أَبُو بَكْرِ بْنُ أَبِي شَيْبَةَ، حَدَّثَنَا ابْنُ مَهْدِيٍّ، حَدَّثَنَا عَزْرَةُ بْنُ ثَابِتٍ الأَنْصَارِيُّ، عَنْ ثُمَامَةَ بْنِ عَبْدِ اللَّهِ، عَنْ أَنَسٍ، أَنَّهُ كَانَ يَتَنَفَّسُ فِي الإِنَاءِ ثَلاَثًا وَزَعَمَ أَنَسٌ أَنَّ رَسُولَ اللَّهِ ـ صلى الله عليه وسلم ـ كَانَ يَتَنَفَّسُ فِي الإِنَاءِ ثَلاَثًا ‏.‏","english":{"narrator":"","text":"It was\nnarrated from Anas that he used to drink from a vessel in\nthree\ndraughts, and Anas said that the Messenger of Allah (ﷺ) used\nto\ndrink from a vessel in three draughts."}},{"id":47,"idInBook":47,"chapterId":30,"bookId":6,"arabic":"حَدَّثَنَا هِشَامُ بْنُ عَمَّارٍ، وَمُحَمَّدُ بْنُ الصَّبَّاحِ، قَالاَ حَدَّثَنَا مَرْوَانُ بْنُ مُعَاوِيَةَ، حَدَّثَنَا رِشْدِينُ بْنُ كُرَيْبٍ، عَنْ أَبِيهِ، عَنِ ابْنِ عَبَّاسٍ، أَنَّ النَّبِيَّ ـ صلى الله عليه وسلم ـ شَرِبَ فَتَنَفَّسَ فِيهِ مَرَّتَيْنِ ‏.‏","english":{"narrator":"","text":"It was\nnarrated from Ibn ‘Abbas that the Prophet (ﷺ) drank, and\ntook two\nbreaths while doing so."}},{"id":48,"idInBook":48,"chapterId":30,"bookId":6,"arabic":"حَدَّثَنَا أَحْمَدُ بْنُ عَمْرِو بْنِ السَّرْحِ، حَدَّثَنَا ابْنُ وَهْبٍ، عَنْ يُونُسَ، عَنِ ابْنِ شِهَابٍ، عَنْ عُبَيْدِ اللَّهِ بْنِ عَبْدِ اللَّهِ بْنِ عُتْبَةَ، عَنْ أَبِي سَعِيدٍ الْخُدْرِيِّ، قَالَ نَهَى رَسُولُ اللَّهِ ـ صلى الله عليه وسلم ـ عَنِ اخْتِنَاثِ الأَسْقِيَةِ أَنْ يُشْرَبَ مِنْ أَفْوَاهِهَا ‏.‏","english":{"narrator":"It was\nnarrated that Abu Sa’eed Al-Khudri said:","text":"“The Messenger of\nAllah\n(ﷺ) forbade tipping up water skins in order to drink from\ntheir\nmouths.”"}},{"id":49,"idInBook":49,"chapterId":30,"bookId":6,"arabic":"حَدَّثَنَا مُحَمَّدُ بْنُ بَشَّارٍ، حَدَّثَنَا أَبُو عَامِرٍ، حَدَّثَنَا زَمْعَةُ بْنُ صَالِحٍ، عَنْ سَلَمَةَ بْنِ وَهْرَامَ، عَنْ عِكْرِمَةَ، عَنِ ابْنِ عَبَّاسٍ، قَالَ نَهَى رَسُولُ اللَّهِ ـ صلى الله عليه وسلم ـ عَنِ اخْتِنَاثِ الأَسْقِيَةِ وَإِنَّ رَجُلاً بَعْدَمَا نَهَى رَسُولُ اللَّهِ ـ صلى الله عليه وسلم ـ عَنْ ذَلِكَ قَامَ مِنَ اللَّيْلِ إِلَى سِقَاءٍ فَاخْتَنَثَهُ فَخَرَجَتْ عَلَيْهِ مِنْهُ حَيَّةٌ ‏.‏","english":{"narrator":"It was\nnarrated that Ibn ‘Abbas said:","text":"“The Messenger of Allah (ﷺ)\nforbade tipping up water skins. After the Messenger of Allah (ﷺ)\nhad\nforbidden that, a man got up at night and tipped up a water skin,\nand\na snake fell out of it onto him.”"}},{"id":50,"idInBook":50,"chapterId":30,"bookId":6,"arabic":"حَدَّثَنَا بِشْرُ بْنُ هِلاَلٍ الصَّوَّافُ، حَدَّثَنَا عَبْدُ الْوَارِثِ بْنُ سَعِيدٍ، عَنْ أَيُّوبَ، عَنْ عِكْرِمَةَ، عَنْ أَبِي هُرَيْرَةَ، قَالَ نَهَى رَسُولُ اللَّهِ ـ صلى الله عليه وسلم ـ عَنِ الشُّرْبِ مِنْ فِي السِّقَاءِ ‏.‏","english":{"narrator":"It was\nnarrated that Abu Hurairah said:","text":"“The Messenger of Allah (ﷺ)\nforbade drinking (directly) from the mouth of a water skin.”"}},{"id":51,"idInBook":51,"chapterId":30,"bookId":6,"arabic":"حَدَّثَنَا بَكْرُ بْنُ خَلَفٍ أَبُو بِشْرٍ، حَدَّثَنَا يَزِيدُ بْنُ زُرَيْعٍ، حَدَّثَنَا خَالِدٌ الْحَذَّاءُ، عَنْ عِكْرِمَةَ، عَنِ ابْنِ عَبَّاسٍ، أَنَّ رَسُولَ اللَّهِ ـ صلى الله عليه وسلم ـ نَهَى أَنْ يُشْرَبَ مِنْ فَمِ السِّقَاءِ ‏.‏","english":{"narrator":"It was\nnarrated that Ibn ‘Abbas said:","text":"“The Messenger of Allah (ﷺ)\nforbade drinking (directly) from the mouth of a water skin.”"}},{"id":52,"idInBook":52,"chapterId":30,"bookId":6,"arabic":"حَدَّثَنَا سُوَيْدُ بْنُ سَعِيدٍ، حَدَّثَنَا عَلِيُّ بْنُ مُسْهِرٍ، عَنْ عَاصِمٍ، عَنِ الشَّعْبِيِّ، عَنِ ابْنِ عَبَّاسٍ، قَالَ سَقَيْتُ النَّبِيَّ ـ صلى الله عليه وسلم ـ مِنْ زَمْزَمَ فَشَرِبَ قَائِمًا ‏.‏ فَذَكَرْتُ ذَلِكَ لِعِكْرِمَةَ فَحَلَفَ بِاللَّهِ مَا فَعَلَ ‏.‏","english":{"narrator":"‘Asim\nnarrated from Sha’bi, from Ibn ‘Abbas who said:","text":"“I drew water\nfrom Zamzam for the Prophet (ﷺ) and he drank standing up.”"}},{"id":53,"idInBook":53,"chapterId":30,"bookId":6,"arabic":"حَدَّثَنَا مُحَمَّدُ بْنُ الصَّبَّاحِ، أَنْبَأَنَا سُفْيَانُ بْنُ عُيَيْنَةَ، عَنْ يَزِيدَ بْنِ يَزِيدَ بْنِ جَابِرٍ، عَنْ عَبْدِ الرَّحْمَنِ بْنِ أَبِي عَمْرَةَ، عَنْ جَدَّةٍ، لَهُ يُقَالُ لَهَا كَبْشَةُ الأَنْصَارِيَّةُ أَنَّ رَسُولَ اللَّهِ ـ صلى الله عليه وسلم ـ دَخَلَ عَلَيْهَا وَعِنْدَهَا قِرْبَةٌ مُعَلَّقَةٌ فَشَرِبَ مِنْهَا وَهُوَ قَائِمٌ فَقَطَعَتْ فَمَ الْقِرْبَةِ تَبْتَغِي بَرَكَةَ مَوْضِعِ فِي رَسُولِ اللَّهِ ـ صلى الله عليه وسلم ـ ‏.‏","english":{"narrator":"","text":"It was\nnarrated from ‘Abdur-Rahman bin Abi ‘Amrah, from a grandmother\nof\nhis who was called Kabshah Al-Ansariyyah, that the Messenger of\nAllah\n(ﷺ) entered upon her, and there was a water skin hanging\nthere. He\ndrank from it while standing, and she cut off the mouth of\nthe water\nskin, seeking the blessing of the place where the mouth of\nthe\nMessenger of Allah (ﷺ) had been."}},{"id":54,"idInBook":54,"chapterId":30,"bookId":6,"arabic":"حَدَّثَنَا حُمَيْدُ بْنُ مَسْعَدَةَ، حَدَّثَنَا بِشْرُ بْنُ الْمُفَضَّلِ، حَدَّثَنَا سَعِيدٌ، عَنْ قَتَادَةَ، عَنْ أَنَسٍ، أَنَّ رَسُولَ اللَّهِ ـ صلى الله عليه وسلم ـ نَهَى عَنِ الشُّرْبِ قَائِمًا ‏.‏","english":{"narrator":"","text":"It was\nnarrated from Anas that the Messenger of Allah (ﷺ) forbade\ndrinking\nwhile standing up."}},{"id":55,"idInBook":55,"chapterId":30,"bookId":6,"arabic":"حَدَّثَنَا هِشَامُ بْنُ عَمَّارٍ، حَدَّثَنَا مَالِكُ بْنُ أَنَسٍ، عَنِ الزُّهْرِيِّ، عَنْ أَنَسِ بْنِ مَالِكٍ، أَنَّ رَسُولَ اللَّهِ ـ صلى الله عليه وسلم ـ أُتِيَ بِلَبَنٍ قَدْ شِيبَ بِمَاءٍ وَعَنْ يَمِينِهِ أَعْرَابِيٌّ وَعَنْ يَسَارِهِ أَبُو بَكْرٍ فَشَرِبَ ثُمَّ أَعْطَى الأَعْرَابِيَّ وَقَالَ ‏\n\"‏ الأَيْمَنُ فَالأَيْمَنُ ‏\"‏ ‏.‏","english":{"narrator":"It was\nnarrated from Anas bin Malik that the Messenger of Allah (ﷺ)\nwas\nbrought some milk mixed with water. On his right there was a\nBedouin\nand on his left was Abu Bakr. He drank some, then he gave it\nto the\nBedouin and said:","text":"“Pass it around to the right.”"}},{"id":56,"idInBook":56,"chapterId":30,"bookId":6,"arabic":"حَدَّثَنَا هِشَامُ بْنُ عَمَّارٍ، حَدَّثَنَا إِسْمَاعِيلُ بْنُ عَيَّاشٍ، حَدَّثَنَا ابْنُ جُرَيْجٍ، عَنِ ابْنِ شِهَابٍ، عَنْ عُبَيْدِ اللَّهِ بْنِ عَبْدِ اللَّهِ، عَنِ ابْنِ عَبَّاسٍ، قَالَ أُتِيَ رَسُولُ اللَّهِ ـ صلى الله عليه وسلم ـ بِلَبَنٍ وَعَنْ يَمِينِهِ ابْنُ عَبَّاسٍ وَعَنْ يَسَارِهِ خَالِدُ بْنُ الْوَلِيدِ فَقَالَ رَسُولُ اللَّهِ ـ صلى الله عليه وسلم ـ لاِبْنِ عَبَّاسٍ ‏\n\"‏ أَتَأْذَنُ لِي أَنْ أَسْقِيَ خَالِدًا ‏\"‏ ‏.‏ قَالَ ابْنُ عَبَّاسٍ مَا أُحِبُّ أَنْ أُوثِرَ بِسُؤْرِ رَسُولِ اللَّهِ ـ صلى الله عليه وسلم ـ عَلَى نَفْسِي أَحَدًا ‏.‏ فَأَخَذَ ابْنُ عَبَّاسٍ فَشَرِبَ وَشَرِبَ خَالِدٌ ‏.‏","english":{"narrator":"It was\nnarrated that Ibn ‘Abbas said:","text":"“The Messenger of Allah (ﷺ)\nwas\nbrought some milk. On his right was Ibn ‘Abbas and on his left was\nKhalid bin Walid. The Messenger of Allah (ﷺ) said to Ibn ‘Abbas:\n‘Will you permit me to give Khalid to drink?’ Ibn ‘Abbas said:\n‘I\nwould not like to give preference to anyone over myself when it\ncomes\nto the leftover drink of the Messenger of Allah (ﷺ). So Ibn\n‘Abbas\ntook it and drank some, then Khalid drank some.”"}},{"id":57,"idInBook":57,"chapterId":30,"bookId":6,"arabic":"حَدَّثَنَا أَبُو بَكْرِ بْنُ أَبِي شَيْبَةَ، حَدَّثَنَا دَاوُدُ بْنُ عَبْدِ اللَّهِ، عَنْ عَبْدِ الْعَزِيزِ بْنِ مُحَمَّدٍ، عَنِ الْحَارِثِ بْنِ أَبِي ذُبَابٍ، عَنْ عَمِّهِ، عَنْ أَبِي هُرَيْرَةَ، قَالَ قَالَ رَسُولُ اللَّهِ ـ صلى الله عليه وسلم ـ ‏\n\"‏ إِذَا شَرِبَ أَحَدُكُمْ فَلاَ يَتَنَفَّسْ فِي الإِنَاءِ فَإِذَا أَرَادَ أَنْ يَعُودَ فَلْيُنَحِّ الإِنَاءَ ثُمَّ لْيَعُدْ إِنْ كَانَ يُرِيدُ ‏\"‏ ‏.‏","english":{"narrator":"It was\nnarrated from Abu Hurairah that the Messenger of Allah (ﷺ)\nsaid:","text":"“When anyone of you drinks, let him not breathe into the vessel.\nIf\nhe wants to continue drinking, let him move the vessel away (in\norder\nto breathe) then bring it back, if he wants.”"}},{"id":58,"idInBook":58,"chapterId":30,"bookId":6,"arabic":"حَدَّثَنَا بَكْرُ بْنُ خَلَفٍ أَبُو بِشْرٍ، حَدَّثَنَا يَزِيدُ بْنُ زُرَيْعٍ، عَنْ خَالِدٍ الْحَذَّاءِ، عَنْ عِكْرِمَةَ، عَنِ ابْنِ عَبَّاسٍ، قَالَ نَهَى رَسُولُ اللَّهِ ـ صلى الله عليه وسلم ـ عَنِ التَّنَفُّسِ فِي الإِنَاءِ ‏.‏","english":{"narrator":"It was\nnarrated that Ibn ‘Abbas said:","text":"“The Messenger of Allah (ﷺ)\nforbade breathing into the vessel.”"}},{"id":59,"idInBook":59,"chapterId":30,"bookId":6,"arabic":"حَدَّثَنَا أَبُو بَكْرِ بْنُ خَلاَّدٍ الْبَاهِلِيُّ، حَدَّثَنَا سُفْيَانُ، عَنْ عَبْدِ الْكَرِيمِ، عَنْ عِكْرِمَةَ، عَنِ ابْنِ عَبَّاسٍ، قَالَ نَهَى رَسُولُ اللَّهِ ـ صلى الله عليه وسلم ـ أَنْ يُنْفَخَ فِي الإِنَاءِ ‏.‏","english":{"narrator":"It was\nnarrated that Ibn ‘Abbas said:","text":"“The Messenger of Allah (ﷺ)\nforbade blowing into the vessel.”"}},{"id":60,"idInBook":60,"chapterId":30,"bookId":6,"arabic":"حَدَّثَنَا أَبُو كُرَيْبٍ، حَدَّثَنَا عَبْدُ الرَّحِيمِ بْنُ عَبْدِ الرَّحْمَنِ الْمُحَارِبِيُّ، عَنْ شَرِيكٍ، عَنْ عَبْدِ الْكَرِيمِ، عَنْ عِكْرِمَةَ، عَنِ ابْنِ عَبَّاسٍ، قَالَ لَمْ يَكُنْ رَسُولُ اللَّهِ ـ صلى الله عليه وسلم ـ يَنْفُخُ فِي الشَّرَابِ ‏.‏","english":{"narrator":"It was\nnarrated that Ibn ‘Abbas said:","text":"“The Messenger of Allah (ﷺ)\ndid\nnot blow into his drinks.”"}},{"id":61,"idInBook":61,"chapterId":30,"bookId":6,"arabic":"حَدَّثَنَا مُحَمَّدُ بْنُ الْمُصَفَّى الْحِمْصِيُّ، حَدَّثَنَا بَقِيَّةُ، عَنْ مُسْلِمِ بْنِ عَبْدِ اللَّهِ، عَنْ زِيَادِ بْنِ عَبْدِ اللَّهِ، عَنْ عَاصِمِ بْنِ مُحَمَّدِ بْنِ زَيْدِ بْنِ عَبْدِ اللَّهِ بْنِ عُمَرَ، عَنْ أَبِيهِ، عَنْ جَدِّهِ، قَالَ نَهَانَا رَسُولُ اللَّهِ ـ صلى الله عليه وسلم ـ أَنْ نَشْرَبَ عَلَى بُطُونِنَا وَهُوَ الْكَرْعُ وَنَهَانَا أَنْ نَغْتَرِفَ بِالْيَدِ الْوَاحِدَةِ وَقَالَ ‏\n\"‏ لاَ يَلَغْ أَحَدُكُمْ كَمَا يَلَغُ الْكَلْبُ وَلاَ يَشْرَبْ بِالْيَدِ الْوَاحِدَةِ كَمَا يَشْرَبُ الْقَوْمُ الَّذِينَ سَخِطَ اللَّهُ عَلَيْهِمْ وَلاَ يَشْرَبْ بِاللَّيْلِ مِنْ إِنَاءٍ حَتَّى يُحَرِّكَهُ إِلاَّ أَنْ يَكُونَ إِنَاءً مُخَمَّرًا وَمَنْ شَرِبَ بِيَدِهِ وَهُوَ يَقْدِرُ عَلَى إِنَاءٍ يُرِيدُ التَّوَاضُعَ كَتَبَ اللَّهُ لَهُ بِعَدَدِ أَصَابِعِهِ حَسَنَاتٍ وَهُوَ إِنَاءُ عِيسَى ابْنِ مَرْيَمَ عَلَيْهِمَا السَّلاَمُ إِذْ طَرَحَ الْقَدَحَ فَقَالَ أُفٍّ هَذَا مَعَ الدُّنْيَا ‏\"‏ ‏.‏","english":{"narrator":"It was\nnarrated from ‘Asim bin Muhammad bin Zaid bin ‘Abdullah, from\nhis\nfather, that his grandfather said:","text":"“The Messenger of Allah (ﷺ)\nforbade us to drink while (lying) on our bellies, lapping up water,\nand he forbade us to drink from one hand only. He said: ‘None of\nyou\nshould lap up water as a dog does, and he should not drink water\nfrom\none hand as the people with whom Allah is angry do, and he\nshould not\ndrink from a vessel at night without stirring it first,\nunless the\nvessel was covered. Whoever drinks from his hand when he\nis able to\ndrink from a vessel, with the intention of humility, Allah\nwill record\ngood deeds equivalent to the number of fingers for him.\nIt (i.e., the\nhand) is the vessel of ‘Eisa bin Maryam, (as) when he\nthrew away the\ncup and said: ‘Ugh! That belongs to this world.’”"}},{"id":62,"idInBook":62,"chapterId":30,"bookId":6,"arabic":"حَدَّثَنَا أَحْمَدُ بْنُ مَنْصُورٍ أَبُو بَكْرٍ، حَدَّثَنَا يُونُسُ بْنُ مُحَمَّدٍ، حَدَّثَنَا فُلَيْحُ بْنُ سُلَيْمَانَ، عَنْ سَعِيدِ بْنِ الْحَارِثِ، عَنْ جَابِرِ بْنِ عَبْدِ اللَّهِ، قَالَ دَخَلَ رَسُولُ اللَّهِ ـ صلى الله عليه وسلم ـ عَلَى رَجُلٍ مِنَ الأَنْصَارِ وَهُوَ يُحَوِّلُ الْمَاءَ فِي حَائِطِهِ فَقَالَ لَهُ رَسُولُ اللَّهِ ـ صلى الله عليه وسلم ـ ‏\n\"‏ إِنْ كَانَ عِنْدَكَ مَاءٌ بَاتَ فِي شَنٍّ فَاسْقِنَا وَإِلاَّ كَرَعْنَا ‏\"‏ ‏.‏ قَالَ عِنْدِي مَاءٌ بَاتَ فِي شَنٍّ ‏.‏ فَانْطَلَقَ وَانْطَلَقْنَا مَعَهُ إِلَى الْعَرِيشِ فَحَلَبَ لَهُ شَاةً عَلَى مَاءٍ بَاتَ فِي شَنٍّ فَشَرِبَ ثُمَّ فَعَلَ مِثْلَ ذَلِكَ بِصَاحِبِهِ الَّذِي مَعَهُ ‏.‏","english":{"narrator":"It was\nnarrated that Jabir bin ‘Abdullah said:","text":"“The Messenger of\nAllah\n(ﷺ) entered upon a man among the Ansar when he was watering\nhis\ngarden. The Messenger of Allah (ﷺ) said to him: ‘If you have any\nwater that has been kept overnight in a water skin, then give us some\nto drink, otherwise we will drink by putting out mouths in the\nbasin.’\nHe said: ‘I have water that has been kept in a water\nskin. So he went\nand we went with him, to the shelter, where he\nmilked a sheep for him\nand (mixed it with) the water that had been\nkept overnight in a water\nskin. He drank from it, then he did\nlikewise for his Companion who was\nwith him.”"}},{"id":63,"idInBook":63,"chapterId":30,"bookId":6,"arabic":"حَدَّثَنَا وَاصِلُ بْنُ عَبْدِ الأَعْلَى، حَدَّثَنَا ابْنُ فُضَيْلٍ، عَنْ لَيْثٍ، عَنْ سَعِيدِ بْنِ عَامِرٍ، عَنِ ابْنِ عُمَرَ، قَالَ مَرَرْنَا عَلَى بِرْكَةٍ فَجَعَلْنَا نَكْرَعُ فِيهَا فَقَالَ رَسُولُ اللَّهِ ـ صلى الله عليه وسلم ـ ‏\n\"‏ لاَ تَكْرَعُوا وَلَكِنِ اغْسِلُوا أَيْدِيَكُمْ ثُمَّ اشْرَبُوا فِيهَا فَإِنَّهُ لَيْسَ إِنَاءٌ أَطْيَبَ مِنَ الْيَدِ ‏\"‏ ‏.‏","english":{"narrator":"It was\nnarrated that Ibn ‘Umar said:","text":"“We passed by a pond and we\nstarted\nto lap up water from it. The Messenger of Allah (ﷺ) said:\n‘Do not\nlap up the water, rather wash your hands then drink from them,\nfor\nthere is no better vessel than the hand.’”"}},{"id":64,"idInBook":64,"chapterId":30,"bookId":6,"arabic":"حَدَّثَنَا أَحْمَدُ بْنُ عَبْدَةَ، وَسُوَيْدُ بْنُ سَعِيدٍ، قَالاَ حَدَّثَنَا حَمَّادُ بْنُ زَيْدٍ، عَنْ ثَابِتٍ الْبُنَانِيِّ، عَنْ عَبْدِ اللَّهِ بْنِ رَبَاحٍ، عَنْ أَبِي قَتَادَةَ، قَالَ قَالَ رَسُولُ اللَّهِ ـ صلى الله عليه وسلم ـ ‏\n\"‏ سَاقِي الْقَوْمِ آخِرُهُمْ شُرْبًا ‏\"‏ ‏.‏","english":{"narrator":"It was\nnarrated from Abu Qatadah that the Messenger of Allah (ﷺ) said:","text":"“The oen who serves water to others should be the last one to drink\nfrom it.”"}},{"id":65,"idInBook":65,"chapterId":30,"bookId":6,"arabic":"حَدَّثَنَا أَحْمَدُ بْنُ سِنَانٍ، حَدَّثَنَا زَيْدُ بْنُ الْحُبَابِ، حَدَّثَنَا مِنْدَلُ بْنُ عَلِيٍّ، عَنْ مُحَمَّدِ بْنِ إِسْحَاقَ، عَنِ الزُّهْرِيِّ، عَنْ عُبَيْدِ اللَّهِ بْنِ عَبْدِ اللَّهِ، عَنِ ابْنِ عَبَّاسٍ، قَالَ كَانَ لِرَسُولِ اللَّهِ ـ صلى الله عليه وسلم ـ قَدَحٌ مِنْ قَوَارِيرَ يَشْرَبُ فِيهِ ‏.‏","english":{"narrator":"It was\nnarrated that Ibn ‘Abbas said:","text":"“The Messenger of Allah (ﷺ)\nhad\na glass cup from which he would drink.”"}}],"chapter":{"id":30,"bookId":6,"arabic":"كتاب الأشربة","english":"Chapters on Drinks"}}