{"metadata":{"length":34,"arabic":{"title":"سنن ابن ماجه","author":"الإمام محمد بن يزيد بن ماجه القزويني","introduction":"كتاب تعبير الرؤيا"},"english":{"title":"Sunan Ibn Majah","author":"Imam Muhammad ibn Yazid Ibn Majah al-Qazwini","introduction":"Interpretation of Dreams"}},"hadiths":[{"id":1,"idInBook":1,"chapterId":35,"bookId":6,"arabic":"حَدَّثَنَا هِشَامُ بْنُ عَمَّارٍ، حَدَّثَنَا مَالِكُ بْنُ أَنَسٍ، حَدَّثَنِي إِسْحَاقُ بْنُ عَبْدِ اللَّهِ بْنِ أَبِي طَلْحَةَ، عَنْ أَنَسِ بْنِ مَالِكٍ، قَالَ قَالَ رَسُولُ اللَّهِ ـ صلى الله عليه وسلم ـ ‏\n\"‏ الرُّؤْيَا الْحَسَنَةُ مِنَ الرَّجُلِ الصَّالِحِ جُزْءٌ مِنْ سِتَّةٍ وَأَرْبَعِينَ جُزْءًا مِنَ النُّبُوَّةِ ‏\"‏ ‏.‏","english":{"narrator":"It was\nnarrated from Anas bin Malik that the Messenger of Allah (ﷺ)\nsaid:","text":"“A good dream from a righteous man is one of the forty-six parts\nof\nprophecy.”"}},{"id":2,"idInBook":2,"chapterId":35,"bookId":6,"arabic":"حَدَّثَنَا أَبُو بَكْرِ بْنُ أَبِي شَيْبَةَ، حَدَّثَنَا عَبْدُ الأَعْلَى، عَنْ مَعْمَرٍ، عَنِ الزُّهْرِيِّ، عَنْ سَعِيدٍ، عَنْ أَبِي هُرَيْرَةَ، عَنِ النَّبِيِّ ـ صلى الله عليه وسلم ـ قَالَ ‏\n\"‏ رُؤْيَا الْمُؤْمِنِ جُزْءٌ مِنْ سِتَّةٍ وَأَرْبَعِينَ جُزْءًا مِنَ النُّبُوَّةِ ‏\"‏ ‏.‏","english":{"narrator":"It was\nnarrated from Abu Hurairah that the Prophet (ﷺ) said:","text":"“The\ndream\nof a believer is one of the forty-six parts of prophecy.”"}},{"id":3,"idInBook":3,"chapterId":35,"bookId":6,"arabic":"حَدَّثَنَا أَبُو بَكْرِ بْنُ أَبِي شَيْبَةَ، وَأَبُو كُرَيْبٍ قَالاَ حَدَّثَنَا عُبَيْدُ اللَّهِ بْنُ مُوسَى، أَنْبَأَنَا شَيْبَانُ، عَنْ فِرَاسٍ، عَنْ عَطِيَّةَ، عَنْ أَبِي سَعِيدٍ الْخُدْرِيِّ، عَنِ النَّبِيِّ ـ صلى الله عليه وسلم ـ قَالَ ‏\n\"‏ رُؤْيَا الرَّجُلِ الْمُسْلِمِ الصَّالِحِ جُزْءٌ مِنْ سَبْعِينَ جُزْءًا مِنَ النُّبُوَّةِ ‏\"‏ ‏.‏","english":{"narrator":"It was\nnarrated from Abu Sa’eed Al-Khudri that the Prophet (ﷺ)\nsaid:","text":"“The dream of a righteous Muslim man is one of the seventy parts\nof\nprophecy.”"}},{"id":4,"idInBook":4,"chapterId":35,"bookId":6,"arabic":"حَدَّثَنَا هَارُونُ بْنُ عَبْدِ اللَّهِ الْحَمَّالُ، حَدَّثَنَا سُفْيَانُ بْنُ عُيَيْنَةَ، عَنْ عُبَيْدِ اللَّهِ بْنِ أَبِي يَزِيدَ، عَنْ أَبِيهِ، عَنْ سِبَاعِ بْنِ ثَابِتٍ، عَنْ أُمِّ كُرْزٍ الْكَعْبِيَّةِ، قَالَتْ سَمِعْتُ رَسُولَ اللَّهِ ـ صلى الله عليه وسلم ـ يَقُولُ ‏\n\"‏ ذَهَبَتِ النُّبُوَّةُ وَبَقِيَتِ الْمُبَشِّرَاتُ ‏\"‏ ‏.‏","english":{"narrator":"It was\nnarrated that Umm Kurz Al-Ka’biyyah said:","text":"“I heard the\nMessenger\nof Allah (ﷺ) say: ‘Prophecy is gone, but good dreams\nremain.’”"}},{"id":5,"idInBook":5,"chapterId":35,"bookId":6,"arabic":"حَدَّثَنَا عَلِيُّ بْنُ مُحَمَّدٍ، حَدَّثَنَا أَبُو أُسَامَةَ، وَعَبْدُ اللَّهِ بْنُ نُمَيْرٍ، عَنْ عُبَيْدِ اللَّهِ بْنِ عُمَرَ، عَنْ نَافِعٍ، عَنِ ابْنِ عُمَرَ، قَالَ قَالَ رَسُولُ اللَّهِ ـ صلى الله عليه وسلم ـ ‏\n\"‏ الرُّؤْيَا الصَّالِحَةُ جُزْءٌ مِنْ سَبْعِينَ جُزْءًا مِنَ النُّبُوَّةِ ‏\"‏ ‏.‏","english":{"narrator":"It was\nnarrated that Ibn ‘Umar said:","text":"“The Messenger of Allah (ﷺ)\nsaid:\n‘A righteous dream is one of the seventy parts of prophecy.’”"}},{"id":6,"idInBook":6,"chapterId":35,"bookId":6,"arabic":"حَدَّثَنَا عَلِيُّ بْنُ مُحَمَّدٍ، حَدَّثَنَا وَكِيعٌ، عَنْ عَلِيِّ بْنِ الْمُبَارَكِ، عَنْ يَحْيَى بْنِ أَبِي كَثِيرٍ، عَنْ أَبِي سَلَمَةَ، عَنْ عُبَادَةَ بْنِ الصَّامِتِ، قَالَ سَأَلْتُ رَسُولَ اللَّهِ ـ صلى الله عليه وسلم ـ عَنْ قَوْلِ اللَّهِ سُبْحَانَهُ ‏{لَهُمُ الْبُشْرَى فِي الْحَيَاةِ الدُّنْيَا وَفِي الآخِرَةِ}‏ ‏.‏ قَالَ ‏\"‏ هِيَ الرُّؤْيَا الصَّالِحَةُ يَرَاهَا الْمُسْلِمُ أَوْ تُرَى لَهُ ‏\"‏ ‏.‏","english":{"narrator":"It was\nnarrated that ‘Ubadah bin Samit said:","text":"“I asked the Messenger\nof\nAllah (ﷺ) the about the Saying of Allah, Glorious is He: ‘For\nthem are glad tidings, in the life of the present world, and in the\nHereafter.” He said: ‘Those are good dreams that a Muslim\nsees\nor are seen about him.’”"}},{"id":7,"idInBook":7,"chapterId":35,"bookId":6,"arabic":"حَدَّثَنَا إِسْحَاقُ بْنُ إِسْمَاعِيلَ الأَيْلِيُّ، حَدَّثَنَا سُفْيَانُ بْنُ عُيَيْنَةَ، عَنْ سُلَيْمَانَ بْنِ سُحَيْمٍ، عَنْ إِبْرَاهِيمَ بْنِ عَبْدِ اللَّهِ بْنِ مَعْبَدِ بْنِ عَبَّاسٍ، عَنْ أَبِيهِ، عَنِ ابْنِ عَبَّاسٍ، قَالَ كَشَفَ رَسُولُ اللَّهِ ـ صلى الله عليه وسلم ـ السِّتَارَةَ فِي مَرَضِهِ وَالنَّاسُ صُفُوفٌ خَلْفَ أَبِي بَكْرٍ فَقَالَ ‏\n\"‏ أَيُّهَا النَّاسُ إِنَّهُ لَمْ يَبْقَ مِنْ مُبَشِّرَاتِ النُّبُوَّةِ إِلاَّ الرُّؤْيَا الصَّالِحَةُ يَرَاهَا الْمُسْلِمُ أَوْ تُرَى لَهُ ‏\"‏ ‏.‏","english":{"narrator":"It was\nnarrated that Ibn ‘Abbas said:","text":"“The Messenger of Allah (ﷺ)\ndrew\naside the curtain when he was sick, and the rows (of worshippers)\nwere behind Abu Bakr. He said: ‘O people, nothing of the glad\ntidings\nof prophecy is left except a good dream that a Muslim sees or\nis seen\nabout him.’”"}},{"id":8,"idInBook":8,"chapterId":35,"bookId":6,"arabic":"حَدَّثَنَا عَلِيُّ بْنُ مُحَمَّدٍ، حَدَّثَنَا وَكِيعٌ، عَنْ سُفْيَانَ، عَنْ أَبِي إِسْحَاقَ، عَنْ أَبِي الأَحْوَصِ، عَنْ عَبْدِ اللَّهِ، عَنِ النَّبِيِّ ـ صلى الله عليه وسلم ـ قَالَ ‏\n\"‏ مَنْ رَآنِي فِي الْمَنَامِ فَقَدْ رَآنِي فِي الْيَقَظَةِ فَإِنَّ الشَّيْطَانَ لاَ يَتَمَثَّلُ عَلَى صُورَتِي ‏\"‏ ‏.‏","english":{"narrator":"It was\nnarrated from ‘Abdullah that the Prophet (ﷺ) said:","text":"“Whoever\nsees me in a dream, has seen me in reality, for Satan cannot appear\nin\nmy form.”"}},{"id":9,"idInBook":9,"chapterId":35,"bookId":6,"arabic":"حَدَّثَنَا أَبُو مَرْوَانَ الْعُثْمَانِيُّ، قَالَ حَدَّثَنَا عَبْدُ الْعَزِيزِ بْنُ أَبِي حَازِمٍ، عَنِ الْعَلاَءِ بْنِ عَبْدِ الرَّحْمَنِ، عَنْ أَبِيهِ، عَنْ أَبِي هُرَيْرَةَ، قَالَ قَالَ رَسُولُ اللَّهِ ـ صلى الله عليه وسلم ـ ‏\n\"‏ مَنْ رَآنِي فِي الْمَنَامِ فَقَدْ رَآنِي فَإِنَّ الشَّيْطَانَ لاَ يَتَمَثَّلُ بِي ‏\"‏ ‏.‏","english":{"narrator":"It was\nnarrated from Abu Hurairah that the Messenger of Allah (ﷺ)\nsaid:","text":"“Whoever sees me in a dream has (really) seen me, for Satan\ncannot\nappear in my form.”"}},{"id":10,"idInBook":10,"chapterId":35,"bookId":6,"arabic":"حَدَّثَنَا مُحَمَّدُ بْنُ رُمْحٍ، أَنْبَأَنَا اللَّيْثُ بْنُ سَعْدٍ، عَنْ أَبِي الزُّبَيْرِ، عَنْ جَابِرٍ، عَنْ رَسُولِ اللَّهِ ـ صلى الله عليه وسلم ـ أَنَّهُ قَالَ ‏\n\"‏ مَنْ رَآنِي فِي الْمَنَامِ فَقَدْ رَآنِي إِنَّهُ لاَ يَنْبَغِي لِلشَّيْطَانِ أَنْ يَتَمَثَّلَ فِي صُورَتِي ‏\"‏ ‏.‏","english":{"narrator":"It was\nnarrated from Jabir that the Messenger of Allah (ﷺ) said:","text":"“Whoever\nsees me in a dream has (really) seen me, for Satan cannot\nappear in\nmy form.”"}},{"id":11,"idInBook":11,"chapterId":35,"bookId":6,"arabic":"حَدَّثَنَا أَبُو بَكْرِ بْنُ أَبِي شَيْبَةَ، وَأَبُو كُرَيْبٍ قَالاَ حَدَّثَنَا بَكْرُ بْنُ عَبْدِ الرَّحْمَنِ، حَدَّثَنَا عِيسَى بْنُ الْمُخْتَارِ، عَنِ ابْنِ أَبِي لَيْلَى، عَنْ عَطِيَّةَ، عَنْ أَبِي سَعِيدٍ، عَنِ النَّبِيِّ ـ صلى الله عليه وسلم ـ قَالَ ‏\n\"‏ مَنْ رَآنِي فِي الْمَنَامِ فَقَدْ رَآنِي فَإِنَّ الشَّيْطَانَ لاَ يَتَمَثَّلُ بِي ‏\"‏ ‏.‏","english":{"narrator":"It was\nnarrated from Abu Sa’eed that the Prophet (ﷺ) said:","text":"“Whoever\nsees me in a dream has (really) seen me, for Satan cannot imitate\nme.”"}},{"id":12,"idInBook":12,"chapterId":35,"bookId":6,"arabic":"حَدَّثَنَا مُحَمَّدُ بْنُ يَحْيَى، حَدَّثَنَا سُلَيْمَانُ بْنُ عَبْدِ الرَّحْمَنِ الدِّمَشْقِيُّ، حَدَّثَنَا سَعْدَانُ بْنُ يَحْيَى بْنِ صَالِحٍ اللَّخْمِيُّ، حَدَّثَنَا صَدَقَةُ بْنُ أَبِي عِمْرَانَ، عَنْ عَوْنِ بْنِ أَبِي جُحَيْفَةَ، عَنْ أَبِيهِ، عَنْ رَسُولِ اللَّهِ ـ صلى الله عليه وسلم ـ قَالَ ‏\n\"‏ مَنْ رَآنِي فِي الْمَنَامِ فَكَأَنَّمَا رَآنِي فِي الْيَقَظَةِ إِنَّ الشَّيْطَانَ لاَ يَسْتَطِيعُ أَنْ يَتَمَثَّلَ بِي ‏\"‏ ‏.‏","english":{"narrator":"It was\nnarrated from ‘Awn bin Abu Juhaifah, from his father, that the\nMessenger of Allah (ﷺ) said:","text":"“Whoever sees me in a dream, it is\nas\nif he has seen me when he is awake, for Satan is not able to\nresemble\nme.”"}},{"id":13,"idInBook":13,"chapterId":35,"bookId":6,"arabic":"حَدَّثَنَا مُحَمَّدُ بْنُ يَحْيَى، حَدَّثَنَا أَبُو الْوَلِيدِ، قَالَ أَبُو عَوَانَةَ حَدَّثَنَا عَنْ جَابِرٍ، عَنْ عَمَّارٍ، - هُوَ الدُّهْنِيُّ - عَنْ سَعِيدِ بْنِ جُبَيْرٍ، عَنِ ابْنِ عَبَّاسٍ، قَالَ قَالَ رَسُولُ اللَّهِ ـ صلى الله عليه وسلم ـ ‏\n\"‏ مَنْ رَآنِي فِي الْمَنَامِ فَقَدْ رَآنِي فَإِنَّ الشَّيْطَانَ لاَ يَتَمَثَّلُ بِي ‏\"‏ ‏.‏","english":{"narrator":"It was\nnarrated from Ibn ‘Abbas that the Messenger of Allah (ﷺ)\nsaid:","text":"“Whoever sees me in a dream has (really) sees me, for Satan\ncannot\nimitate me.”"}},{"id":14,"idInBook":14,"chapterId":35,"bookId":6,"arabic":"حَدَّثَنَا أَبُو بَكْرِ بْنُ أَبِي شَيْبَةَ، حَدَّثَنَا هَوْذَةُ بْنُ خَلِيفَةَ، حَدَّثَنَا عَوْفٌ، عَنْ مُحَمَّدِ بْنِ سِيرِينَ، عَنْ أَبِي هُرَيْرَةَ، عَنِ النَّبِيِّ ـ صلى الله عليه وسلم ـ قَالَ ‏\n\"‏ الرُّؤْيَا ثَلاَثٌ فَبُشْرَى مِنَ اللَّهِ وَحَدِيثُ النَّفْسِ وَتَخْوِيفٌ مِنَ الشَّيْطَانِ فَإِذَا رَأَى أَحَدُكُمْ رُؤْيَا تُعْجِبُهُ فَلْيَقُصَّهَا إِنْ شَاءَ وَإِنْ رَأَى شَيْئًا يَكْرَهُهُ فَلاَ يَقُصَّهُ عَلَى أَحَدٍ وَلْيَقُمْ يُصَلِّي ‏\"‏ ‏.‏","english":{"narrator":"It was\nnarrated from Abu Hurairah that the Prophet (ﷺ) said:","text":"“Dreams are\nof three types: Glad tidings from Allah, what is on a\nperson’s\nmind, and frightening dreams from Satan. If any of you sees a\ndream\nthat he likes, let him tell others of it if he wishes, but if he\nsees\nsomething that he dislikes, he should not tell anyone about it,\nand\nhe should get up and perform prayer.”"}},{"id":15,"idInBook":15,"chapterId":35,"bookId":6,"arabic":"حَدَّثَنَا هِشَامُ بْنُ عَمَّارٍ، حَدَّثَنَا يَحْيَى بْنُ حَمْزَةَ، حَدَّثَنَا يَزِيدُ بْنُ عَبِيدَةَ، حَدَّثَنِي أَبُو عُبَيْدِ اللَّهِ، مُسْلِمُ بْنُ مِشْكَمٍ عَنْ عَوْفِ بْنِ مَالِكٍ، عَنْ رَسُولِ اللَّهِ ـ صلى الله عليه وسلم ـ قَالَ ‏\n\"‏ إِنَّ الرُّؤْيَا ثَلاَثٌ مِنْهَا أَهَاوِيلُ مِنَ الشَّيْطَانِ لِيَحْزُنَ بِهَا ابْنَ آدَمَ وَمِنْهَا مَا يَهُمُّ بِهِ الرَّجُلُ فِي يَقَظَتِهِ فَيَرَاهُ فِي مَنَامِهِ وَمِنْهَا جُزْءٌ مِنْ سِتَّةٍ وَأَرْبَعِينَ جُزْءًا مِنَ النُّبُوَّةِ ‏\"‏ ‏.‏ قَالَ قُلْتُ لَهُ أَنْتَ سَمِعْتَ هَذَا مِنْ رَسُولِ اللَّهِ ـ صلى الله عليه وسلم ـ قَالَ نَعَمْ أَنَا سَمِعْتُهُ مِنْ رَسُولِ اللَّهِ ـ صلى الله عليه وسلم ـ أَنَا سَمِعْتُهُ مِنْ رَسُولِ اللَّهِ ـ صلى الله عليه وسلم ـ ‏.‏","english":{"narrator":"It was\nnarrated from Abu ‘Ubaidullah Muslim bin Mishkam, that ‘Awf\nbin\nMalik narrated that the Messenger of Allah (ﷺ) said:","text":"“Dreams are\nof three types: Some are terrifying things from Satan, aimed at\ncausing grief to the son of Adam; some are things that a person is\nconcerned with when he is awake, so he sees them in his dreams; and\nsome are a part of the forty-six parts of prophecy.” He said: “I\nsaid\nto him: ‘Did you hear this from the Messenger of Allah (ﷺ)?’\nHe\nsaid: ‘Yes, I heard it from the Messenger of Allah (ﷺ), I\nheard it\nfrom the Messenger of Allah (ﷺ).’”"}},{"id":16,"idInBook":16,"chapterId":35,"bookId":6,"arabic":"حَدَّثَنَا مُحَمَّدُ بْنُ رُمْحٍ الْمِصْرِيُّ، أَنْبَأَنَا اللَّيْثُ بْنُ سَعْدٍ، عَنْ أَبِي الزُّبَيْرِ، عَنْ جَابِرِ بْنِ عَبْدِ اللَّهِ، عَنْ رَسُولِ اللَّهِ ـ صلى الله عليه وسلم ـ أَنَّهُ قَالَ ‏\n\"‏ إِذَا رَأَى أَحَدُكُمُ الرُّؤْيَا يَكْرَهُهَا فَلْيَبْصُقْ عَنْ يَسَارِهِ ثَلاَثًا وَلْيَسْتَعِذْ بِاللَّهِ مِنَ الشَّيْطَانِ ثَلاَثًا وَلْيَتَحَوَّلْ عَنْ جَنْبِهِ الَّذِي كَانَ عَلَيْهِ ‏\"‏ ‏.‏","english":{"narrator":"It was\nnarrated from Jabir bin ‘Abdullah that the Messenger of Allah\n(ﷺ)\nsaid:","text":"“If anyone of you sees a dream that he dislikes, let him\nspit\ndryly to his left three times and seek refuge with Allah from\nSatan\nthree times, and turn over onto his other side.”"}},{"id":17,"idInBook":17,"chapterId":35,"bookId":6,"arabic":"حَدَّثَنَا مُحَمَّدُ بْنُ رُمْحٍ، حَدَّثَنَا اللَّيْثُ بْنُ سَعْدٍ، عَنْ يَحْيَى بْنِ سَعِيدٍ، عَنْ أَبِي سَلَمَةَ بْنِ عَبْدِ الرَّحْمَنِ بْنِ عَوْفٍ، عَنْ أَبِي قَتَادَةَ، أَنَّ رَسُولَ اللَّهِ ـ صلى الله عليه وسلم ـ قَالَ ‏\n\"‏ الرُّؤْيَا مِنَ اللَّهِ وَالْحُلْمُ مِنَ الشَّيْطَانِ فَإِنْ رَأَى أَحَدُكُمْ شَيْئًا يَكْرَهُهُ فَلْيَبْصُقْ عَنْ يَسَارِهِ ثَلاَثًا وَلْيَسْتَعِذْ بِاللَّهِ مِنَ الشَّيْطَانِ الرَّجِيمِ ثَلاَثًا وَلْيَتَحَوَّلْ عَنْ جَنْبِهِ الَّذِي كَانَ عَلَيْهِ ‏\"‏ ‏.‏","english":{"narrator":"It was\nnarrated from Abu Qatadah that the Messenger of Allah (ﷺ)\nsaid:","text":"“(Good) dreams come from Allah and (bad) dreams come from Satan,\nso\nif anyone of you sees something that he dislikes, let him spit\ndryly\nto his left three times, and seek refuge with Allah from the\naccursed\nSatan three times, and turn over onto his other side.”"}},{"id":18,"idInBook":18,"chapterId":35,"bookId":6,"arabic":"حَدَّثَنَا عَلِيُّ بْنُ مُحَمَّدٍ، حَدَّثَنَا وَكِيعٌ، عَنِ الْعُمَرِيِّ، عَنْ سَعِيدٍ الْمَقْبُرِيِّ، عَنْ أَبِي هُرَيْرَةَ، قَالَ قَالَ رَسُولُ اللَّهِ ـ صلى الله عليه وسلم ـ ‏\n\"‏ إِذَا رَأَى أَحَدُكُمْ رُؤْيَا يَكْرَهُهَا فَلْيَتَحَوَّلْ وَلْيَتْفِلْ عَنْ يَسَارِهِ ثَلاَثًا وَلْيَسْأَلِ اللَّهَ مِنْ خَيْرِهَا وَلْيَتَعَوَّذْ بِاللَّهِ مِنْ شَرِّهَا ‏\"‏ ‏.‏","english":{"narrator":"It was\nnarrated from Abu Hurairah that the Messenger of Allah (ﷺ)\nsaid:","text":"“If anyone of you sees a dream that he dislikes, let him turn\nover\nand spit dryly to his left three times, and ask Allah for its\ngood\nand seek refuge from its evil.”"}},{"id":19,"idInBook":19,"chapterId":35,"bookId":6,"arabic":"حَدَّثَنَا أَبُو بَكْرِ بْنُ أَبِي شَيْبَةَ، حَدَّثَنَا مُحَمَّدُ بْنُ عَبْدِ اللَّهِ بْنِ الزُّبَيْرِ، عَنْ عُمَرَ بْنِ سَعِيدِ بْنِ أَبِي حُسَيْنٍ، حَدَّثَنِي عَطَاءُ بْنُ أَبِي رَبَاحٍ، عَنْ أَبِي هُرَيْرَةَ، قَالَ جَاءَ رَجُلٌ إِلَى النَّبِيِّ ـ صلى الله عليه وسلم ـ فَقَالَ إِنِّي رَأَيْتُ رَأْسِي ضُرِبَ فَرَأَيْتُهُ يَتَدَهْدَهُ فَقَالَ رَسُولُ اللَّهِ ـ صلى الله عليه وسلم ـ ‏\n\"‏ يَعْمِدُ الشَّيْطَانُ إِلَى أَحَدِكُمْ فَيَتَهَوَّلُ لَهُ ثُمَّ يَغْدُو يُخْبِرُ النَّاسَ ‏\"‏ ‏.‏","english":{"narrator":"It was\nnarrated that Abu Hurairah said:","text":"“A man came to the Prophet\n(ﷺ)\nand said: ‘I saw my head was cut off and I saw it rolling away.’\nThe Messenger of Allah (ﷺ) said: ‘Satan goes to one of you and\nterrifies him, then he tells people of that the next morning.’”"}},{"id":20,"idInBook":20,"chapterId":35,"bookId":6,"arabic":"حَدَّثَنَا عَلِيُّ بْنُ مُحَمَّدٍ، حَدَّثَنَا أَبُو مُعَاوِيَةَ، عَنِ الأَعْمَشِ، عَنْ أَبِي سُفْيَانَ، عَنْ جَابِرٍ، قَالَ أَتَى النَّبِيَّ ـ صلى الله عليه وسلم ـ رَجُلٌ وَهْوَ يَخْطُبُ فَقَالَ يَا رَسُولَ اللَّهِ رَأَيْتُ الْبَارِحَةَ فِيمَا يَرَى النَّائِمُ كَأَنَّ عُنُقِي ضُرِبَتْ وَسَقَطَ رَأْسِي فَاتَّبَعْتُهُ فَأَخَذْتُهُ فَأَعَدْتُهُ فَقَالَ رَسُولُ اللَّهِ ـ صلى الله عليه وسلم ـ ‏\n\"‏ إِذَا لَعِبَ الشَّيْطَانُ بِأَحَدِكُمْ فِي مَنَامِهِ فَلاَ يُحَدِّثَنَّ بِهِ النَّاسَ ‏\"‏ ‏.‏","english":{"narrator":"It was\nnarrated that Jabir said:","text":"“A man came to the Prophet (ﷺ)\nwhen he\nwas delivering a sermon and said: ‘O Messenger of Allah! Last\nnight\nin my dream I saw my neck being struck and my head fell off, and\nI\nchased it, picked it up and put it back.’ The Messenger of Allah\n(ﷺ) said: ‘If Satan plays with any one of you in his dreams, he\nshould not tell people about it.’”"}},{"id":21,"idInBook":21,"chapterId":35,"bookId":6,"arabic":"حَدَّثَنَا مُحَمَّدُ بْنُ رُمْحٍ، أَنْبَأَنَا اللَّيْثُ بْنُ سَعْدٍ، عَنْ أَبِي الزُّبَيْرِ، عَنْ جَابِرٍ، عَنْ رَسُولِ اللَّهِ ـ صلى الله عليه وسلم ـ قَالَ ‏\n\"‏ إِذَا حَلَمَ أَحَدُكُمْ فَلاَ يُخْبِرِ النَّاسَ بِتَلَعُّبِ الشَّيْطَانِ بِهِ فِي الْمَنَامِ ‏\"‏ ‏.‏","english":{"narrator":"It was\nnarrated from Jabir that the Messenger of Allah (ﷺ) said:","text":"“If\nanyone of you has a bad dream, he should not tell people about how\nSatan played with him in his dream.”"}},{"id":22,"idInBook":22,"chapterId":35,"bookId":6,"arabic":"حَدَّثَنَا أَبُو بَكْرٍ، حَدَّثَنَا هُشَيْمٌ، عَنْ يَعْلَى بْنِ عَطَاءٍ، عَنْ وَكِيعِ بْنِ عُدُسٍ الْعُقَيْلِيِّ، عَنْ عَمِّهِ أَبِي رَزِينٍ، أَنَّهُ سَمِعَ النَّبِيَّ ـ صلى الله عليه وسلم ـ يَقُولُ ‏\"‏ الرُّؤْيَا عَلَى رِجْلِ طَائِرٍ مَا لَمْ تُعْبَرْ فَإِذَا عُبِرَتْ وَقَعَتْ ‏\"‏ ‏.‏ قَالَ ‏\"‏ وَالرُّؤْيَا جُزْءٌ مِنْ سِتَّةٍ وَأَرْبَعِينَ جُزْءًا مِنَ النُّبُوَّةِ ‏\"‏ ‏.‏ قَالَ وَأَحْسِبُهُ قَالَ ‏\"‏ لاَ يَقُصُّهَا إِلاَّ عَلَى وَادٍّ أَوْ ذِي رَأْىٍ ‏\"‏ ‏.‏","english":{"narrator":"It was\nnarrated from Abu Razin that he heard the Prophet (ﷺ) say:","text":"“Dreams\nare attached to the foot of a bird* until they are\ninterpreted, then\nwhen they are interpreted they come to pass.” He\nsaid: “And\ndreams are one of the forty-six parts of prophecy.” He (the\nnarrator) said: “And I think he said: ‘(A person) should not tell\nthem\nexcept to one whom he loves or one who is wise.’”"}},{"id":23,"idInBook":23,"chapterId":35,"bookId":6,"arabic":"حَدَّثَنَا مُحَمَّدُ بْنُ عَبْدِ اللَّهِ بْنِ نُمَيْرٍ، حَدَّثَنَا أَبِي، حَدَّثَنَا الأَعْمَشُ، عَنْ يَزِيدَ الرَّقَاشِيِّ، عَنْ أَنَسِ بْنِ مَالِكٍ، قَالَ قَالَ رَسُولُ اللَّهِ ـ صلى الله عليه وسلم ـ ‏\n\"‏ اعْتَبِرُوهَا بِأَسْمَائِهَا وَكَنُّوهَا بِكُنَاهَا وَالرُّؤْيَا لأَوَّلِ عَابِرٍ ‏\"‏ ‏.‏","english":{"narrator":"It was\nnarrated from Anas bin Malik that the Messenger of Allah (ﷺ)\nsaid:","text":"“Interpret them (dreams) in accordance with the names of the\nthings\nyou see, and understand what is hinted at, and the dream is for\nthe\nfirst interpreter.”"}},{"id":24,"idInBook":24,"chapterId":35,"bookId":6,"arabic":"حَدَّثَنَا بِشْرُ بْنُ هِلاَلٍ الصَّوَّافُ، حَدَّثَنَا عَبْدُ الْوَارِثِ بْنُ سَعِيدٍ، عَنْ أَيُّوبَ، عَنْ عِكْرِمَةَ، عَنِ ابْنِ عَبَّاسٍ، قَالَ قَالَ رَسُولُ اللَّهِ ـ صلى الله عليه وسلم ـ ‏\n\"‏ مَنْ تَحَلَّمَ حُلُمًا كَاذِبًا كُلِّفَ أَنْ يَعْقِدَ بَيْنَ شَعِيرَتَيْنِ وَيُعَذَّبُ عَلَى ذَلِكَ ‏\"‏ ‏.‏","english":{"narrator":"It was\nnarrated from Ibn ‘Abbas that the Messenger of Allah (ﷺ)\nsaid:","text":"“Whoever tells of a false dream, will be ordered (on the Day of\nResurrection) to tie two grains of barley together, and he will be\npunished for that.”"}},{"id":25,"idInBook":25,"chapterId":35,"bookId":6,"arabic":"حَدَّثَنَا أَحْمَدُ بْنُ عَمْرِو بْنِ السَّرْحِ الْمِصْرِيُّ، حَدَّثَنَا بِشْرُ بْنُ بَكْرٍ، حَدَّثَنَا الأَوْزَاعِيُّ، عَنِ ابْنِ سِيرِينَ، عَنْ أَبِي هُرَيْرَةَ، قَالَ قَالَ رَسُولُ اللَّهِ ـ صلى الله عليه وسلم ـ ‏\n\"‏ إِذَا قَرُبَ الزَّمَانُ لَمْ تَكَدْ رُؤْيَا الْمُؤْمِنِ تَكْذِبُ وَأَصْدَقُهُمْ رُؤْيَا أَصْدَقُهُمْ حَدِيثًا وَرُؤْيَا الْمُسْلِمِ جُزْءٌ مِنْ سِتَّةٍ وَأَرْبَعِينَ جُزْءًا مِنَ النُّبُوَّةِ ‏\"‏ ‏.‏","english":{"narrator":"It was\nnarrated from Abu Hurairah that the Messenger of Allah (ﷺ)\nsaid:","text":"“When the end of time draws near, hardly any believer will see a\nfalse dream, and the ones who see the truest dreams will be the ones\nwho are truest in speech. And the dream of the believer is one of the\nforty-six parts of prophecy.’”"}},{"id":26,"idInBook":26,"chapterId":35,"bookId":6,"arabic":"حَدَّثَنَا يَعْقُوبُ بْنُ حُمَيْدِ بْنِ كَاسِبٍ الْمَدَنِيُّ، حَدَّثَنَا سُفْيَانُ بْنُ عُيَيْنَةَ، عَنِ الزُّهْرِيِّ، عَنْ عُبَيْدِ اللَّهِ بْنِ عَبْدِ اللَّهِ، عَنِ ابْنِ عَبَّاسٍ، قَالَ أَتَى النَّبِيَّ ـ صلى الله عليه وسلم ـ رَجُلٌ مُنْصَرَفَهُ مِنْ أُحُدٍ فَقَالَ يَا رَسُولَ اللَّهِ إِنِّي رَأَيْتُ فِي الْمَنَامِ ظُلَّةً تَنْطِفُ سَمْنًا وَعَسَلاً وَرَأَيْتُ النَّاسَ يَتَكَفَّفُونَ مِنْهَا فَالْمُسْتَكْثِرُ وَالْمُسْتَقِلُّ وَرَأَيْتُ سَبَبًا وَاصِلاً إِلَى السَّمَاءِ رَأَيْتُكَ أَخَذْتَ بِهِ فَعَلَوْتَ بِهِ ثُمَّ أَخَذَ بِهِ رَجُلٌ بَعْدَكَ فَعَلاَ بِهِ ثُمَّ أَخَذَ بِهِ رَجُلٌ بَعْدَهُ فَعَلاَ بِهِ ثُمَّ أَخَذَ بِهِ رَجُلٌ بَعْدَهُ فَانْقَطَعَ بِهِ ثُمَّ وُصِلَ لَهُ فَعَلاَ بِهِ ‏.‏ فَقَالَ أَبُو بَكْرٍ دَعْنِي أَعْبُرْهَا يَا رَسُولَ اللَّهِ ‏.‏ قَالَ ‏\"‏ اعْبُرْهَا ‏\"‏ ‏.‏ قَالَ أَمَّا الظُّلَّةُ فَالإِسْلاَمُ وَأَمَّا مَا يَنْطِفُ مِنْهَا مِنَ الْعَسَلِ وَالسَّمْنِ فَهُوَ الْقُرْآنُ حَلاَوَتُهُ وَلِينُهُ وَأَمَّا مَا يَتَكَفَّفُ مِنْهُ النَّاسُ فَالآخِذُ مِنَ الْقُرْآنِ كَثِيرًا وَقَلِيلاً وَأَمَّا السَّبَبُ الْوَاصِلُ إِلَى السَّمَاءِ فَمَا أَنْتَ عَلَيْهِ مِنَ الْحَقِّ أَخَذْتَ بِهِ فَعَلاَ بِكَ ثُمَّ يَأْخُذُهُ رَجُلٌ مِنْ بَعْدِكَ فَيَعْلُو بِهِ ثُمَّ آخَرُ فَيَعْلُو بِهِ ثُمَّ آخَرُ فَيَنْقَطِعُ بِهِ ثُمَّ يُوَصَّلُ لَهُ فَيَعْلُو بِهِ ‏.‏ قَالَ ‏\"‏ أَصَبْتَ بَعْضًا وَأَخْطَأْتَ بَعْضًا ‏\"‏ ‏.‏ قَالَ أَبُو بَكْرٍ أَقْسَمْتُ عَلَيْكَ يَا رَسُولَ اللَّهِ لَتُخْبِرَنِّي بِالَّذِي أَصَبْتُ مِنَ الَّذِي أَخْطَأْتُ ‏.‏ فَقَالَ النَّبِيُّ ـ صلى الله عليه وسلم ـ ‏\"‏ لاَ تُقْسِمْ يَا أَبَا بَكْرٍ ‏\"‏ ‏.‏ \nحَدَّثَنَا مُحَمَّدُ بْنُ يَحْيَى، حَدَّثَنَا عَبْدُ الرَّزَّاقِ، أَنْبَأَنَا مَعْمَرٌ، عَنِ الزُّهْرِيِّ، عَنْ عُبَيْدِ اللَّهِ، عَنِ ابْنِ عَبَّاسٍ، قَالَ كَانَ أَبُو هُرَيْرَةَ يُحَدِّثُ أَنَّ رَجُلاً، أَتَى رَسُولَ اللَّهِ ـ صلى الله عليه وسلم ـ فَقَالَ يَا رَسُولَ اللَّهِ رَأَيْتُ ظُلَّةً بَيْنَ السَّمَاءِ وَالأَرْضِ تَنْطِفُ سَمْنًا وَعَسَلاً فَذَكَرَ الْحَدِيثَ نَحْوَهُ ‏.‏","english":{"narrator":"It was\nnarrated that Ibn ‘Abbas said:","text":"“A man came to the Prophet\n(ﷺ),\nupon his return from Uhud, and said: ‘O Messenger of Allah, in\nmy\ndream I saw a cloud giving shade, from which drops of ghee and\nhoney\nwere falling, and I saw people collecting them in the palms of\ntheir\nhands, some gathering a lot and some a little. And I saw a rope\nreaching up into heaven, and I saw you take hold of it and rise with\nit. Then another man took hold of it after you rose with it, then\nanother man took hold of it after him and rose with it. Then a man\ntook hold of it after him and it broke, then it was reconnected and\nhe\nrose with it.’ Abu Bakr said: ‘Let me interpret it, O\nMessenger of\nAllah.’ He said: ‘Interpret it.’ He said: ‘As\nfor the cloud giving\nshade, it is Islam, and the drops of honey and\nghee that fall from it\n(represent) the Qur’an with its sweetness\nand softness. As for the\npeople collecting that in their palms, some\nlearn a lot of the Qur’an\nand some learn a little. As for the rope\nreaching up into heaven, it\nis the truth that you are following; you\ntook hold of it and rose with\nit, then another man till take hold of\nit after you and rise with you,\nthen another, who will rise with it,\nthen another, but it will break\nand then he reconnected, then he will\nrise with it.’ He said: ‘You\nhave got some of it right and some\nof it wrong.’ Abu Bakr said: ‘I\nadjure you O Messenger of Allah,\ntell me what I got right and what I\ngot wrong.’ The Prophet (ﷺ)\nsaid: ‘Do not swear, O Abu Bakr.”*"}},{"id":27,"idInBook":27,"chapterId":35,"bookId":6,"arabic":"حَدَّثَنَا إِبْرَاهِيمُ بْنُ الْمُنْذِرِ الْحِزَامِيُّ، حَدَّثَنَا عَبْدُ اللَّهِ بْنُ مُعَاذٍ الصَّنْعَانِيُّ، عَنْ مَعْمَرٍ، عَنِ الزُّهْرِيِّ، عَنْ سَالِمٍ، عَنِ ابْنِ عُمَرَ، قَالَ كُنْتُ غُلاَمًا شَابًّا عَزَبًا فِي عَهْدِ رَسُولِ اللَّهِ ـ صلى الله عليه وسلم ـ فَكُنْتُ أَبِيتُ فِي الْمَسْجِدِ فَكَانَ مَنْ رَأَى مِنَّا رُؤْيَا يَقُصُّهَا عَلَى النَّبِيِّ ـ صلى الله عليه وسلم ـ فَقُلْتُ اللَّهُمَّ إِنْ كَانَ لِي عِنْدَكَ خَيْرٌ فَأَرِنِي رُؤْيَا يُعَبِّرُهَا لِي النَّبِيُّ ـ صلى الله عليه وسلم ـ ‏.‏ فَنِمْتُ فَرَأَيْتُ مَلَكَيْنِ أَتَيَانِي فَانْطَلَقَا بِي فَلَقِيَهُمَا مَلَكٌ آخَرُ فَقَالَ لَمْ تُرَعْ ‏.‏ فَانْطَلَقَا بِي إِلَى النَّارِ فَإِذَا هِيَ مَطْوِيَّةٌ كَطَىِّ الْبِئْرِ وَإِذَا فِيهَا نَاسٌ قَدْ عَرَفْتُ بَعْضَهُمْ فَأَخَذُوا بِي ذَاتَ الْيَمِينِ فَلَمَّا أَصْبَحْتُ ذَكَرْتُ ذَلِكَ لِحَفْصَةَ فَزَعَمَتْ حَفْصَةُ أَنَّهَا قَصَّتْهَا عَلَى رَسُولِ اللَّهِ ـ صلى الله عليه وسلم ـ فَقَالَ ‏\n\"‏ إِنَّ عَبْدَ اللَّهِ رَجُلٌ صَالِحٌ لَوْ كَانَ يُكْثِرُ الصَّلاَةَ مِنَ اللَّيْلِ ‏\"‏ ‏.‏ قَالَ فَكَانَ عَبْدُ اللَّهِ يُكْثِرُ الصَّلاَةَ مِنَ اللَّيْلِ ‏.‏","english":{"narrator":"It was\nnarrated that Ibn ‘Umar said:","text":"“I was a young unmarried man at\nthe\ntime of the Messenger of Allah (ﷺ), and I used to stay overnight\nin\nthe mosque. If any of us had seen a dream, he would tell it to the\nProphet (ﷺ). I said: ‘O Allah, if there is any good in me before\nYou, show me a dream that the Prophet (ﷺ) can interpret for me.’\nSo\nI went to sleep and I saw two angels who came to me and took me\naway.\nThey were met by another angel who said: ‘Do not be alarmed,’\nand they\ntook me to Hell which was built like a well. In it were\npeople, some\nof whom I recognized. Then they took me off to the\nright. In the\nmorning I mentioned that to Hafsah, and Hafsah said\nthat she told the\nMessenger of Allah (ﷺ) about it, and he said:\n‘Abdullah is a\nrighteous man, if only he would pray more at\nnight.’”"}},{"id":28,"idInBook":28,"chapterId":35,"bookId":6,"arabic":"حَدَّثَنَا أَبُو بَكْرِ بْنُ أَبِي شَيْبَةَ، حَدَّثَنَا الْحَسَنُ بْنُ مُوسَى الأَشْيَبُ، حَدَّثَنَا حَمَّادُ بْنُ سَلَمَةَ، عَنْ عَاصِمِ بْنِ بَهْدَلَةَ، عَنِ الْمُسَيَّبِ بْنِ رَافِعٍ، عَنْ خَرَشَةَ بْنِ الْحُرِّ، قَالَ قَدِمْتُ الْمَدِينَةَ فَجَلَسْتُ إِلَى أَشْيِخَةٍ فِي مَسْجِدِ النَّبِيِّ ـ صلى الله عليه وسلم ـ فَجَاءَ شَيْخٌ يَتَوَكَّأُ عَلَى عَصًا لَهُ فَقَالَ الْقَوْمُ مَنْ سَرَّهُ أَنْ يَنْظُرَ إِلَى رَجُلٍ مِنْ أَهْلِ الْجَنَّةِ فَلْيَنْظُرْ إِلَى هَذَا ‏.‏ فَقَامَ خَلْفَ سَارِيَةٍ فَصَلَّى رَكْعَتَيْنِ فَقُمْتُ إِلَيْهِ فَقُلْتُ لَهُ قَالَ بَعْضُ الْقَوْمِ كَذَا وَكَذَا ‏.‏ قَالَ الْحَمْدُ لِلَّهِ الْجَنَّةُ لِلَّهِ يُدْخِلُهَا مَنْ يَشَاءُ وَإِنِّي رَأَيْتُ عَلَى عَهْدِ رَسُولِ اللَّهِ ـ صلى الله عليه وسلم ـ رُؤْيَا رَأَيْتُ كَأَنَّ رَجُلاً أَتَانِي فَقَالَ لِيَ انْطَلِقْ ‏.‏ فَذَهَبْتُ مَعَهُ فَسَلَكَ بِي فِي مَنْهَجٍ عَظِيمٍ فَعُرِضَتْ عَلَىَّ طَرِيقٌ عَلَى يَسَارِي فَأَرَدْتُ أَنْ أَسْلُكَهَا فَقَالَ إِنَّكَ لَسْتَ مِنْ أَهْلِهَا ‏.‏ ثُمَّ عُرِضَتْ عَلَىَّ طَرِيقٌ عَنْ يَمِينِي فَسَلَكْتُهَا حَتَّى إِذَا انْتَهَيْتُ إِلَى جَبَلٍ زَلَقٍ فَأَخَذَ بِيَدِي فَزَجَلَ بِي فَإِذَا أَنَا عَلَى ذُرْوَتِهِ فَلَمْ أَتَقَارَّ وَلَمْ أَتَمَاسَكْ وَإِذَا عَمُودٌ مِنْ حَدِيدٍ فِي ذُرْوَتِهِ حَلْقَةٌ مِنْ ذَهَبٍ فَأَخَذَ بِيَدِي فَزَجَّلَ بِي حَتَّى أَخَذْتُ بِالْعُرْوَةِ فَقَالَ اسْتَمْسَكْتَ قُلْتُ نَعَمْ فَضَرَبَ الْعَمُودَ بِرِجْلِهِ ‏.‏ فَاسْتَمْسَكْتُ بِالْعُرْوَةِ ‏.‏ فَقَالَ قَصَصْتُهَا عَلَى النَّبِيِّ ـ صلى الله عليه وسلم ـ ‏.‏ قَالَ ‏\n\"‏ رَأَيْتَ خَيْرًا أَمَّا الْمَنْهَجُ الْعَظِيمُ فَالْمَحْشَرُ وَأَمَّا الطَّرِيقُ الَّتِي عُرِضَتْ عَنْ يَسَارِكَ فَطَرِيقُ أَهْلِ النَّارِ وَلَسْتَ مِنْ أَهْلِهَا وَأَمَّا الطَّرِيقُ الَّتِي عُرِضَتْ عَنْ يَمِينِكَ فَطَرِيقُ أَهْلِ الْجَنَّةِ وَأَمَّا الْجَبَلُ الزَّلَقُ فَمَنْزِلُ الشُّهَدَاءِ وَأَمَّا الْعُرْوَةُ الَّتِي اسْتَمْسَكْتَ بِهَا فَعُرْوَةُ الإِسْلاَمِ فَاسْتَمْسِكْ بِهَا حَتَّى تَمُوتَ ‏\"‏ ‏.‏ فَأَنَا أَرْجُو أَنْ أَكُونَ مِنْ أَهْلِ الْجَنَّةِ فَإِذَا هُوَ عَبْدُ اللَّهِ بْنُ سَلاَمٍ ‏.‏","english":{"narrator":"It was\nnarrated that Kharashah bin Hurr said:","text":"“I came to Al-Madinah and\nsat with some old men in the mosque of the Prophet (ﷺ). Then an old\nman came, leaning on his stick, and the people said: ‘Whoever would\nlike to look at a man from among the people of Paradise, let him look\nat this man.’ He stood behind a pillar and prayed two Rak’ah. I\ngot up and went to him, and said to him: ‘Some of the people said\nsuch and such.’ He said: ‘Praise is to Allah. Paradise belongs to\nAllah and He admits whomsoever He wills to it. At the time of the\nMessenger of Allah (ﷺ) I saw a dream in which a man came to me and\nsaid: “Let’s go.” So I went with him and he took me along a\ngreat road. A road was shown to me on the left and I wanted to follow\nit, but he said: “You are not one of its people.” Then a road was\nshown to me on the right, and I followed him until I reached a\nslippery mountain. He took me by the hand and helped me up. When I\nreached the top I could not stand firm. There was an iron pillar\nthere with a golden ring at the top. He took my hand and helped me up\nuntil I reached the handhold, then he said: “Have you gotten a firm\nhold?” I said: “Yes.” Then he struck the pillar with his foot\nand I held tight to the pillar. I told this to the Prophet (ﷺ) and he said: \"You have seen something good. The great road is the plain of gathering (on the Day of Resurrection). The road that you were shown on your left is the way of the people of Hell, and you are not one of its people. The road which you were shown on your right is the way of the people of Paradise. The slippery mountain is the place of the martyrs, and the handhold that you held on tight to is the handhold of Islam. Hold on tight to it until you die.\" I hope to be one of the people of Paradise,' and he was 'Abdullah bin Salam.\""}},{"id":29,"idInBook":29,"chapterId":35,"bookId":6,"arabic":"حَدَّثَنَا مَحْمُودُ بْنُ غَيْلاَنَ، حَدَّثَنَا أَبُو أُسَامَةَ، حَدَّثَنَا بُرَيْدٌ، عَنْ أَبِي بُرْدَةَ، عَنْ أَبِي مُوسَى، عَنِ النَّبِيِّ ـ صلى الله عليه وسلم ـ قَالَ ‏\n\"‏ رَأَيْتُ فِي الْمَنَامِ أَنِّي أُهَاجِرُ مِنْ مَكَّةَ إِلَى أَرْضٍ بِهَا نَخْلٌ فَذَهَبَ وَهَلِي إِلَى أَنَّهَا يَمَامَةُ أَوْ هَجَرٌ فَإِذَا هِيَ الْمَدِينَةُ يَثْرِبُ وَرَأَيْتُ فِي رُؤْيَاىَ هَذِهِ أَنِّي هَزَزْتُ سَيْفًا فَانْقَطَعَ صَدْرُهُ فَإِذَا هُوَ مَا أُصِيبَ مِنَ الْمُؤْمِنِينَ يَوْمَ أُحُدٍ ثُمَّ هَزَزْتُهُ فَعَادَ أَحْسَنَ مَا كَانَ فَإِذَا هُوَ مَا جَاءَ اللَّهُ بِهِ مِنَ الْفَتْحِ وَاجْتِمَاعِ الْمُؤْمِنِينَ وَرَأَيْتُ فِيهَا أَيْضًا بَقَرًا وَاللَّهُ خَيْرٌ فَإِذَا هُمُ النَّفَرُ مِنَ الْمُؤْمِنِينَ يَوْمَ أُحُدٍ وَإِذَا الْخَيْرُ مَا جَاءَ اللَّهُ بِهِ مِنَ الْخَيْرِ بَعْدُ وَثَوَابِ الصِّدْقِ الَّذِي آتَانَا اللَّهُ بِهِ يَوْمَ بَدْرٍ ‏\"‏ ‏.‏","english":{"narrator":"It was\nnarrated from Abu Musa that the Prophet (ﷺ) said:","text":"“In a\ndream I\nsaw myself emigrating from Makkah to a land in which there\nwere\ndate-palm trees, and I thought that it was Yamamah or Hajar, but\nit\nwas Al-Madinah, Yathrib. And I saw in this dream of mine that I was\nwielding a sword then it broke in the middle. That was what befell\nthe\nbelievers on the Day of Uhud. Then I wielded it again and it was\nbetter than it had been before, and that is what Allah brought about\nof the Conquest and the regrouping of the believers. And I also saw\ncows, and by Allah it is good, for they are the group of the\nbelievers\n(who were martyred) on the Day of Uhud, and the goodness is\nthat which\nAllah brought forth after that, and the reward of the\ntruth which\nAllah brought us on the Day of Badr.”"}},{"id":30,"idInBook":30,"chapterId":35,"bookId":6,"arabic":"حَدَّثَنَا أَبُو بَكْرِ بْنُ أَبِي شَيْبَةَ، حَدَّثَنَا مُحَمَّدُ بْنُ بِشْرٍ، حَدَّثَنَا مُحَمَّدُ بْنُ عَمْرٍو، عَنْ أَبِي سَلَمَةَ، عَنْ أَبِي هُرَيْرَةَ، قَالَ قَالَ رَسُولُ اللَّهِ ـ صلى الله عليه وسلم ـ ‏\n\"‏ رَأَيْتُ فِي يَدِي سِوَارَيْنِ مِنْ ذَهَبٍ فَنَفَخْتُهُمَا ‏.‏ فَأَوَّلْتُهُمَا هَذَيْنِ الْكَذَّابَيْنِ مُسَيْلِمَةَ وَالْعَنْسِيَّ ‏\"‏ ‏.‏","english":{"narrator":"It was\nnarrated from Abu Hurairah that the Messenger of Allah (ﷺ)\nsaid:","text":"“I\nsaw wristbands of gold on my arms, so I blew into them, and I\ninterpreted them as being these two liars, Musailimah and ‘Ansi.”"}},{"id":31,"idInBook":31,"chapterId":35,"bookId":6,"arabic":"حَدَّثَنَا أَبُو بَكْرٍ، حَدَّثَنَا مُعَاوِيَةُ بْنُ هِشَامٍ، حَدَّثَنَا عَلِيُّ بْنُ صَالِحٍ، عَنْ سِمَاكٍ، عَنْ قَابُوسَ، قَالَ قَالَتْ أُمُّ الْفَضْلِ يَا رَسُولَ اللَّهِ رَأَيْتُ كَأَنَّ فِي بَيْتِي عُضْوًا مِنْ أَعْضَائِكَ قَالَ ‏\"‏ خَيْرًا رَأَيْتِ تَلِدُ فَاطِمَةُ غُلاَمًا فَتُرْضِعِيهِ ‏\"‏ ‏.‏ فَوَلَدَتْ حُسَيْنًا أَوْ حَسَنًا فَأَرْضَعَتْهُ بِلَبَنِ قُثَمَ قَالَتْ فَجِئْتُ بِهِ إِلَى النَّبِيِّ ـ صلى الله عليه وسلم ـ فَوَضَعْتُهُ فِي حَجْرِهِ فَبَالَ فَضَرَبْتُ كَتِفَهُ فَقَالَ النَّبِيُّ ـ صلى الله عليه وسلم ـ ‏\"‏ أَوْجَعْتِ ابْنِي رَحِمَكِ اللَّهُ ‏\"‏ ‏.‏","english":{"narrator":"It was\nnarrated that Qabus said:","text":"“Umm Fadl said: ‘O Messenger of\nAllah!\nIt is as if I saw (in a dream) one of your limbs in my house.’\nHe\nsaid: ‘What you have seen is good. Fatimah will give birth to a boy\nand you will breastfeed him.’ Fatimah gave birth to Husain or\nHasan,\nand I breastfed him with the milk of Qutham.’ She said: ‘I\nbrought him\nto the Prophet (ﷺ) and placed him in his lap, and he\nurinated, so I\nstruck him on the shoulder.” The Prophet (ﷺ) said:\n“You have hurt my\nson, may Allah have mercy on you.”"}},{"id":32,"idInBook":32,"chapterId":35,"bookId":6,"arabic":"حَدَّثَنَا مُحَمَّدُ بْنُ بَشَّارٍ، حَدَّثَنَا أَبُو عَامِرٍ، أَخْبَرَنِي ابْنُ جُرَيْجٍ، أَخْبَرَنِي مُوسَى بْنُ عُقْبَةَ، أَخْبَرَنِي سَالِمُ بْنُ عَبْدِ اللَّهِ، عَنْ عَبْدِ اللَّهِ بْنِ عُمَرَ، عَنْ رُؤْيَا النَّبِيِّ، ـ صلى الله عليه وسلم ـ قَالَ ‏\n\"‏ رَأَيْتُ امْرَأَةً سَوْدَاءَ ثَائِرَةَ الرَّأْسِ خَرَجَتْ مِنَ الْمَدِينَةِ حَتَّى قَامَتْ بِالْمَهْيَعَةِ وَهِيَ الْجُحْفَةُ ‏.‏ فَأَوَّلْتُهَا وَبَاءً بِالْمَدِينَةِ فَنُقِلَ إِلَى الْجُحْفَةِ ‏\"‏ ‏.‏","english":{"narrator":"It was\nnarrated from ‘Abdullah bin ‘Umar concerning the dream of the\nProphet (ﷺ) that he (the Prophet (ﷺ)) said:","text":"“I saw a black\nwoman\nwith disheveled hair, who left Al-Madinah and went to stay in\nAl-\nMahya’ah, which is Juhfah. I interpreted it as referring to an\nepidemic in Al-Madinah which moved to Juhfah.”"}},{"id":33,"idInBook":33,"chapterId":35,"bookId":6,"arabic":"حَدَّثَنَا مُحَمَّدُ بْنُ رُمْحٍ، أَنْبَأَنَا اللَّيْثُ بْنُ سَعْدٍ، عَنِ ابْنِ الْهَادِ، عَنْ مُحَمَّدِ بْنِ إِبْرَاهِيمَ التَّيْمِيِّ، عَنْ أَبِي سَلَمَةَ بْنِ عَبْدِ الرَّحْمَنِ، عَنْ طَلْحَةَ بْنِ عُبَيْدِ اللَّهِ، أَنَّ رَجُلَيْنِ، مِنْ بَلِيٍّ قَدِمَا عَلَى رَسُولِ اللَّهِ ـ صلى الله عليه وسلم ـ وَكَانَ إِسْلاَمُهُمَا جَمِيعًا فَكَانَ أَحَدُهُمَا أَشَدَّ اجْتِهَادًا مِنَ الآخَرِ فَغَزَا الْمُجْتَهِدُ مِنْهُمَا فَاسْتُشْهِدَ ثُمَّ مَكَثَ الآخَرُ بَعْدَهُ سَنَةً ثُمَّ تُوُفِّيَ ‏.‏ قَالَ طَلْحَةُ فَرَأَيْتُ فِي الْمَنَامِ بَيْنَا أَنَا عِنْدَ بَابِ الْجَنَّةِ إِذَا أَنَا بِهِمَا فَخَرَجَ خَارِجٌ مِنَ الْجَنَّةِ فَأَذِنَ لِلَّذِي تُوُفِّيَ الآخِرَ مِنْهُمَا ثُمَّ خَرَجَ فَأَذِنَ لِلَّذِي اسْتُشْهِدَ ثُمَّ رَجَعَ إِلَىَّ فَقَالَ ارْجِعْ فَإِنَّكَ لَمْ يَأْنِ لَكَ بَعْدُ ‏.‏ فَأَصْبَحَ طَلْحَةُ يُحَدِّثُ بِهِ النَّاسَ فَعَجِبُوا لِذَلِكَ فَبَلَغَ ذَلِكَ رَسُولَ اللَّهِ ـ صلى الله عليه وسلم ـ ‏.‏ وَحَدَّثُوهُ الْحَدِيثَ فَقَالَ ‏\"‏ مِنْ أَىِّ ذَلِكَ تَعْجَبُونَ ‏\"‏ فَقَالُوا يَا رَسُولَ اللَّهِ هَذَا كَانَ أَشَدَّ الرَّجُلَيْنِ اجْتِهَادًا ثُمَّ اسْتُشْهِدَ وَدَخَلَ هَذَا الآخِرُ الْجَنَّةَ قَبْلَهُ ‏.‏ فَقَالَ رَسُولُ اللَّهِ ـ صلى الله عليه وسلم ـ ‏\"‏ أَلَيْسَ قَدْ مَكَثَ هَذَا بَعْدَهُ سَنَةً ‏\"‏ ‏.‏ قَالُوا بَلَى ‏.‏ قَالَ ‏\"‏ وَأَدْرَكَ رَمَضَانَ فَصَامَهُ وَصَلَّى كَذَا وَكَذَا مِنْ سَجْدَةٍ فِي السَّنَةِ ‏\"‏ ‏.‏ قَالُوا بَلَى قَالَ رَسُولُ اللَّهِ ـ صلى الله عليه وسلم ـ ‏\"‏ فَمَا بَيْنَهُمَا أَبْعَدُ مِمَّا بَيْنَ السَّمَاءِ وَالأَرْضِ ‏\"‏ ‏.‏","english":{"narrator":"It was\nnarrated from Talhah bin ‘Ubaidullah that two men from Bali\ncame to\nthe Messenger of Allah (ﷺ). They had become Muslim together,\nbut\none of them used to strive harder than the other. The one who used\nto\nstrive harder went out to fight and was martyred. The other one\nstayed for a year longer, then he passed away. Talhah said:","text":"“I saw\nin\na dream that I was at the gate of Paradise and I saw them (those\ntwo\nmen). Someone came out of Paradise and admitted the one who had\ndied\nlast, then he came out and admitted the one who had been\nmartyred.\nThen he came back to me and said: ‘Go back, for your time\nhas not yet\ncome.’” The next morning, Talhah told the people of\nthat and they were\namazed. News of that reached the Messenger of\nAllah (ﷺ) and they\ntold him the story. He said: “Why are you so\namazed at that?” They\nsaid: “O Messenger of Allah, the first one\nwas the one who strove\nharder, then he was martyred, but the other\none was admitted to\nParadise before him. The Messenger of Allah (ﷺ)\nsaid: “Did he not\nstay behind for a year?” They said: “Yes.”\nHe said: “And did not\nRamadan come and he fasted, and he offered\nsuch and such prayers\nduring that year?” They said: “Yes.” The\nMessenger of Allah (ﷺ)\nsaid: “The difference between them is\ngreater than the difference\nbetween heaven and earth.”"}},{"id":34,"idInBook":34,"chapterId":35,"bookId":6,"arabic":"حَدَّثَنَا عَلِيُّ بْنُ مُحَمَّدٍ، حَدَّثَنَا وَكِيعٌ، حَدَّثَنَا أَبُو بَكْرٍ الْهُذَلِيُّ، عَنِ ابْنِ سِيرِينَ، عَنْ أَبِي هُرَيْرَةَ، قَالَ قَالَ رَسُولُ اللَّهِ ـ صلى الله عليه وسلم ـ ‏\n\"‏ أَكْرَهُ الْغُلَّ وَأُحِبُّ الْقَيْدَ الْقَيْدُ ثَبَاتٌ فِي الدِّينِ ‏\"‏ ‏.‏","english":{"narrator":"It was\nnarrated from Abu Hurairah that the Messenger of Allah (ﷺ)\nsaid:","text":"“I\ndislike (to see in a dream) a chain around the neck, but I\nlike to\nsee fetters on the feet, for fetters (represent) steadfastness\nin\nreligion.”"}}],"chapter":{"id":35,"bookId":6,"arabic":"كتاب تعبير الرؤيا","english":"Interpretation of Dreams"}}