{"metadata":{"length":47,"arabic":{"title":"رياض الصالحين","author":"الإمام يحيى بن شرف النووي","introduction":"كتاب الأدب"},"english":{"title":"Riyad as-Salihin","author":"Imam Yahya ibn Sharaf al-Nawawi","introduction":"The Book of Good Manners"}},"hadiths":[{"id":1,"idInBook":1,"chapterId":1,"bookId":13,"arabic":"وعن ابن عمر رضي الله عنهما أن رسول الله صلى الله عليه وسلم مر على رجل من الأنصار وهو يعظ أخاه في الحياء، فقال رسول الله صلى الله عليه وسلم‏:‏\n\"دعه فإن الحياء من الإيمان\" ‏(‏‏(‏متفق عليه‏)‏‏)‏ ‏.‏","english":{"narrator":"Ibn 'Umar (May Allah be pleased with them) reported:","text":"Messenger of Allah (ﷺ) passed by a man of the Ansar who was admonishing his brother regarding shyness. Messenger of Allah (ﷺ) said, \"Leave him alone, for modesty is a part of Iman.\"\n\n."}},{"id":2,"idInBook":2,"chapterId":1,"bookId":13,"arabic":"وعن عمران بن حصين، رضي الله عنهما، قال‏:‏ قال رسول الله صلى الله عليه وسلم‏:‏ “ الحياء لا يأتى إلا بخير” ‏(‏‏(‏متفق عليه‏)‏‏)‏ ‏.‏ \nوفي رواية لمسلم” ‏\n\"‏الحياءه خير كله”أوقال‏:‏ “الحياء كله خير‏\"‏‏.‏","english":{"narrator":"'Imran bin Husain (May Allah be pleased with them) reported:","text":"Messenger of Allah (ﷺ) said, \"Shyness does not bring anything except good.\".In a narration of Muslim: Messenger of Allah (ﷺ) said, \"All of shyness is good.\""}},{"id":3,"idInBook":3,"chapterId":1,"bookId":13,"arabic":"-وعن أبى هريرة رضي الله عنه، أن رسول الله صلى الله عليه وسلم قال‏:‏ “الإيمان بضع وسبعون، أو بضع وستون شعبة، فأفضلها قول لا إله إلا الله، وأدناها إماطة الأذى عن الطريق، والحياء شعبة من الإيمان” ‏(‏‏(‏متفق عليه‏)‏‏)‏ ‏.‏","english":{"narrator":"Abu Hurairah (May Allah be pleased with him) reported:","text":"Messenger of Allah (ﷺ) said, \"Iman has sixty odd or seventy odd branches. The uppermost of all these is the Testimony of Faith: 'La ilaha illallah' (there is no true god except Allah) while the least of them is the removal of harmful object from the road. And shyness is a branch of Iman.\"."}},{"id":4,"idInBook":4,"chapterId":1,"bookId":13,"arabic":"وعن أبي سعيد الخدري رضي الله عنه، قال‏:‏ كان رسول الله صلى الله عليه وسلم أشد حياء من العذراء في خدرها، فإذا رأى شيئياً يكرهه عرفناه في وجهه‏.‏ ‏(‏‏(‏متفق عليه‏)‏‏)‏ ‏.‏","english":{"narrator":"Abu Sa'id Al-Khudri (May Allah be pleased with him) reported:","text":"Messenger of Allah (ﷺ) was even shier than a virgin behind her veil. When he saw something which he disliked, we could perceive it on his face.."}},{"id":5,"idInBook":5,"chapterId":1,"bookId":13,"arabic":"عن أبى سعيد الخدرى رضي الله عنه قال‏:‏ قال رسول الله صلى الله عليه وسلم‏:‏ ‏\n\"‏إن من شر الناس عند الله منزلة يوم القيامة الرجل يفضي إلى المرأة وتفضي إليه ثم ينشر سرها‏\"‏ ‏(‏‏(‏رواه مسلم‏)‏‏)‏‏.‏","english":{"narrator":"Abu Sa'id Al-Khudri (May Allah be pleased with him) reported:","text":"Messenger of Allah (ﷺ) said, \"The most evil of the people to Allah on the Day of Resurrection will be the man who consorts with his wife and then publicizes her secret.\"."}},{"id":6,"idInBook":6,"chapterId":1,"bookId":13,"arabic":"وعن عبد الله بن عمر رضي الله عنهما أن عمر رضي الله عنه حين تأيمت بنته حفصة قال‏:‏ لقيت عثمان بن عفان رضي الله عنه ، فعرضت عليه حفصة فقلت‏:‏ إن شئت أنكحتك حفصة بنت عمر‏؟‏ قال‏:‏ سأنظر في أمري‏.‏ فلبثت ليالي، ثم لقيني فقال ‎‏:‏ قد بدا لي أن لا أتزوج يومي هذا‏.‏ فلقيت أبا بكر الصديق رضي الله عنه، فلم يرجع إلى شيئاً‏!‏ فكنت عليه أوجد مني على عثمان، فلبثت ليالي، ثم خطبها النبي صلى الله عليه وسلم، فأنكحتها إياه‏.‏ فلقيني أبو بكر فقال‏:‏ لعلك وجدت حين عرضت على حفصة فلم أرجع إليك شيئاً‏؟‏ فقلت‏:‏ نعم‏.‏ قال‏:‏ فإنه لم يمنعني أن أرجع إليك فيما عرضت على إلا أني كنت علمت أن النبي صلى الله عليه وسلم ذكرها، فلم أكن لأفشي سر رسول الله صلى الله عليه وسلم، ولوتركها النبى صلى الله عليه وسلم لقبلتها ‏.‏ ‏(‏‏(‏رواه البخارى‏)‏‏)‏‏.‏","english":{"narrator":"'Abdullah bin 'Umar (May Allah be pleased with them) reported:","text":"My father 'Umar (May Allah be pleased with him) said: When (his daughter) Hafsah (May Allah be pleased with her) became a widow, I met 'Uthman bin 'Affan (May Allah be pleased with him) and offered Hafsah for marriage to him. 'Uthman said: \"I shall think over the matter.\" I waited for a few days and then 'Uthman met me and said: \"It occurred to me that I should not marry at present.\" Then I met Abu Bakr (May Allah be pleased with him) and said to him: \"If you are willing, I shall marry my daughter Hafsah to you.\" Abu Bakr (May Allah be pleased with him) remained silent and did not utter any word to me in reply. I grew more angry with him than with 'Uthman. I had waited for only a few days when Messenger of Allah (ﷺ) asked for her hand in marriage and I married her to him. Thereafter, I met Abu Bakr (May Allah be pleased with him) who said, \"Perhaps you were angry with me when you offered Hafsah to me and I said nothing in reply.\" I said, \"Yes, that is so.\" He said, \"Nothing stopped me to respond to your offer except that I knew that Messenger of Allah (ﷺ) had mentioned her and I could not disclose the secret of Messenger of Allah (ﷺ). Had Messenger of Allah (ﷺ) left her, I would have accepted her.\"."}},{"id":7,"idInBook":7,"chapterId":1,"bookId":13,"arabic":"وعن عائشة رضي الله عنها قالت‏:‏ كن أزواج النبى صلى الله عليه وسلم عنده، فأقبلت فاطمة رضي الله عنها تمشى، ما تخطئ من مشية رسول الله صلى الله عليه وسلم شيئاً، فلما رآها رحب بها وقال‏:‏ “مرحباً بابنتى” ثم أجلسها عن يمينه أو عن شماله، ثم سارها فبكت بكاء شديداً، فلما رأى جزعها سارها الثانية فضحكت، فقلت لها‏:‏ خصك رسول الله صلى الله عليه وسلم من بين نسائه بالسرار، ثم أنت تبكين ‏!‏ فلما قام رسول الله صلى الله عليه وسلم سألتها‏:‏ ما قال لك رسول الله صلى الله عليه وسلم ‏؟‏ قالت‏:‏ ما كنت لأفشي على رسول الله صلى الله عليه وسلم سره‏.‏ فلما توفي رسول الله صلى الله عليه وسلم قلت‏:‏ عزمت عليك بما لي عليك من الحق، لما حدثتني ما قال لك رسول الله صلى الله عليه وسلم‏؟‏ فقالت‏:‏ أما الآن فنعم، أما حين سارني في المرة الأولى فأخبرني “أن جبريل كان يعارضه القرآن في كل سنة مرة أو مرتين، وأنه عارضه الآن مرتين، وإني لا أرى الأجل إلا قد اقترب، فاتقى الله واصبرى، فغنه نعم السلف أنا لك” فبكيت بكائى الذى رأيت‏.‏ فلما رأى جزعى سارنى الثانية، فقال‏:‏ ‏\n\"‏يا فاطمة أما ترضين أن تكونى سيدة نساء المؤمنين، أو سيدة نساء هذه الأمة” فضحكت ضحكى الذى رأيت‏\"‏‏.‏ ‏(‏‏(‏متفق عليه‏)‏‏)‏ ‏(‏‏(‏وهذا لفظ مسلم‏)‏‏)‏‏.‏","english":{"narrator":"'Aishah (May Allah be pleased with her) reported:","text":"On one occasion all the wives of the Prophet (ﷺ) were with him when his daughter, Fatimah (May Allah be pleased with her) who walked after the style of her father, came there. He (ﷺ) welcomed her saying, \"Welcome, O my daughter\", and made her sit on his right side, or on his left side and then whispered something to her at which she wept bitterly. When he perceived her grief, he talked secretly to her again and she smiled (with happiness). I said to her: \"Messenger of Allah (ﷺ chose you from amongst all his wives to speak secretly to you and yet you cried.\" When he left, I asked her, \"What did Messenger of Allah (ﷺ) say to you?\" She said, \"I will not divulge the secret of Messenger of Allah (ﷺ).\" When Messenger of Allah (ﷺ) passed away, I said to her: \"I adjure you by the right I have in respect of you to tell me what Messenger of Allah (ﷺ) had told you.\" She said: \"Now (when Messenger of Allah (ﷺ) has died), I will tell you. When he whispered to me the first time, he told me, 'Jibril (Gabriel) used to listen to my recitation of the Qur'an and then recite it back to me once or twice a year, and this time he has done it twice; and so I perceive that my death is approaching. Then be mindful of your duty to Allah and be patient and steadfast, for I shall be an excellent predecessor for you.' On this I wept as you saw. When he perceived my distress he talked to me secretly the second time and said, 'O Fatimah, are you not pleased that you will be the chief among the believing women or of this Ummah?' This made me smile as you saw.\"."}},{"id":8,"idInBook":8,"chapterId":1,"bookId":13,"arabic":"وعن ثابت عن أنس، رضي الله عنه قال‏:‏ أتى على رسول الله صلى الله عليه وسلم وأنا ألعب مع الغلمان، فسلم علينا، فبعثنى في حاجةٍ، فأبطأت على أمي‏.‏ فلما جئت قالت‏:‏ ما حبسك‏؟‏ فقلت‏:‏ بعثنى رسول الله صلى الله عليه وسلم لحاجة، قالت‏:‏ ما حاجته‏؟‏ قلت‏:‏ إنها سر‏.‏قالت‏:‏ لا تخبرن بسر رسول الله صلى الله عليه وسلم أحداً‏.‏ قال أنس‏:‏ والله لو حدثت به أحداً لحدثتك به يا ثابت‏.‏ ‏(‏‏(‏رواه مسلم، وروى البخارى بعضه مختصراً‏)‏‏)‏‏.‏","english":{"narrator":"Thabit (May Allah be pleased with him) reported:","text":"Anas (May Allah be pleased with him) said: Messenger of Allah (ﷺ) came to me while I was playing with the boys. He greeted us and sent me on an errand. This delayed my return to my mother. When I came to her, she asked, \"What detained you?\" I said; \"Messenger of Allah (ﷺ) sent me on an errand.\" She asked, \"What was it?\" I said, \"It is a secret.\" My mother said; \"Do not disclose to anyone the secret of Messenger of Allah (ﷺ).\" Anas (May Allah be pleased with him) said to Thabit (May Allah be pleased with him): By Allah, were I to tell it to anyone I would have told you.."}},{"id":9,"idInBook":9,"chapterId":1,"bookId":13,"arabic":"وعن أبي هريرة رضي الله عنه ، أن رسول الله صلى الله عليه وسلم قال‏:‏ ‏\"‏آية المنافق ثلاث‏:‏ إذا حدث كذب، وإذا وعد أخلف، وإذا اؤتمن خان‏\"‏ ‏(‏‏(‏متفق عليه‏)‏‏)‏ ‏.‏ \nزاد في ‏(‏‏(‏رواية لمسلم‏)‏‏)‏‏:‏ ‏\"‏وإن صام وصلى وزعم أنه مسلم‏\"‏‏.‏","english":{"narrator":"Abu Hurairah (May Allah be pleased with him) reported:","text":"Messenger of Allah (ﷺ) said, \"Three are the signs of a hypocrite: When he speaks, he lies; when he makes a promise, he breaks it; and when he is trusted, he betrays his trust.\".Another narration adds the words: \"Even if he observes Saum (fasts), performs Salat (prayer) and claims to be a Muslim.\""}},{"id":10,"idInBook":10,"chapterId":1,"bookId":13,"arabic":"وعن عبد الله بن عمرو بن العاص رضي الله عنهما، أن رسول الله صلى الله عليه وسلم قال‏:‏ ‏\n\"‏أربع من كن فيه كان منافقا خالصاً‏.‏ ومن كانت فيه خصلة منهن كانت فيه خصلة من النفاق حتى يدعها ‏:‏ إذا اؤتمن خان ، وإذا حدث كذب، وإذا عاهد غدر، وإذا خاصم فجر‏\"‏‏(‏‏(‏متفق عليه‏)‏‏)‏‏.‏","english":{"narrator":"'Abdullah bin 'Amr bin Al-'as (May Allah be pleased with him) reported:","text":"The Messenger of Allah (ﷺ) said, \"Four are the qualities which, when found in a person, make him a sheer hypocrite, and one who possesses one of them, possesses one characteristic of hypocrisy until he abandons it. These are: When he is entrusted with something, he betrays trust; when he speaks, he lies; when he promises, he acts treacherously; and when he argues, he behaves in a very imprudent, insulting manner.\"."}},{"id":11,"idInBook":11,"chapterId":1,"bookId":13,"arabic":"وعن جابر رضي الله عنه قال‏:‏ قال لي النبى صلى الله عليه وسلم‏:‏ ‏\n\"‏لو قد جاء مال البحرين أعطيتك هكذا وهكذا وهكذا‏\"‏ فلم يجئ مال البحرين حتى قبض النبى صلى الله عليه وسلم، فلما جاء مال البحرين أمر أبو بكر رضي الله عنه فنادي‏:‏ من كان له عند رسول صلى الله عليه وسلم عدة أو دين فليأتنا‏.‏ فأتيته وقلت له‏:‏ إن النبى صلى الله عليه وسلم قال لى كذا وكذا، فحثى لى حثية، فعددتها، فإذا هى خمسمائة، فقال لى‏:‏ خذ مثلها‏.‏ ‏(‏‏(‏متفق عليه‏)‏‏)‏ ‏.‏","english":{"narrator":"Jabir (May Allah be pleased with him) reported:","text":"The Prophet (ﷺ) said to me, \"When the revenues of Bahrain will arrive, I shall give you such and such and such.\" He passed away before the revenues were received. When they arrive during the caliphate of Abu Bakr (May Allah be pleased with him), he ordered to be announced: \"Anyone whom Messenger of Allah (ﷺ) promised or owed anything, should come to him.\" I went to him and said: \"Messenger of Allah (ﷺ) had said to me such and such.\" He took a double handful out of the money and gave it to me. I counted it and found that it was five hundred dirham. Then Abu Bakr (May Allah be pleased with him) said to me: \"Take twice as much more of that amount.\"."}},{"id":12,"idInBook":12,"chapterId":1,"bookId":13,"arabic":"وعن عبد الله بن عمرو بن العاص رضي الله عنهما قال‏:‏ قال لي رسول الله صلى الله عليه وسلم‏:‏ يا عبد الله ، لا تكن مثل فلان، كان يقوم الليل فترك قيام الليل ‏!‏‏\"‏ ‏(‏‏(‏متفق عليه‏)‏‏)‏ ‏.‏","english":{"narrator":"'Abdullah bin 'Amr bin Al-'as (May Allah be pleased with him) reported:","text":"Messenger of Allah (ﷺ) said to me, \"O 'Abdullah! Do not be like so-and-so; he used to get up at night for optional prayer but abandoned it later.\"."}},{"id":13,"idInBook":13,"chapterId":1,"bookId":13,"arabic":"عن عدي بن حاتم رضي الله عنه قال‏:‏ قال رسول الله صلى الله عليه وسلم ‏\n\"‏اتقوا النار ولو بشق تمرة فمن لم يجد فبكلمة طيبة‏\"‏ ‏(‏‏(‏متفق عليه‏)‏‏)‏ ‏.‏","english":{"narrator":"'Adi bin Hatim (May Allah be pleased with him) reported:","text":"Messenger of Allah (ﷺ) said, \"Guard yourselves against the Fire (of Hell) even if it be only with half a date-fruit (given in charity); and if you cannot afford even that, you should at least say a good word.\"."}},{"id":14,"idInBook":14,"chapterId":1,"bookId":13,"arabic":"وعن أبي هريرة أن النبي صلى الله عليه وسلم قال‏:‏ ‏\n\"‏والكلمة الطيبة صدقة‏\"‏ ‏(‏‏(‏متفق عليه‏)‏‏)‏ وهو بعض حديث تقدم بطوله‏.‏","english":{"narrator":"Abu Hurairah (May Allah be pleased with him) reported:","text":"The Prophet (ﷺ) said, \"It is also charity to utter a good word.\".\nIt is part of a narration that has preceded in its entirety."}},{"id":15,"idInBook":15,"chapterId":1,"bookId":13,"arabic":"وعن أبي ذر رضي الله عنه قال‏:‏ قال لي رسول الله صلى الله عليه وسلم ‏:‏ ‏\n\"‏لا تحقرن من المعروف شيئاً، ولو أن تلقى أخاك بوجه طلق‏\"‏ ‏(‏‏(‏رواه مسلم‏)‏‏)‏‏.‏","english":{"narrator":"Abu Dharr (May Allah be pleased with him) reported:","text":"Messenger of Allah (ﷺ) said, \"Do not disdain a good deed, (no matter how small it may seem) even if it is your meeting with your (Muslim) brother with a cheerful face.\"."}},{"id":16,"idInBook":16,"chapterId":1,"bookId":13,"arabic":"عن أنس رضي الله عنه أن النبى صلى الله عليه وسلم كان إذا تكلم بكلمة أعادها ثلاثاً حتى تفهم عنه، وإذا أتى على قومٍ فسلم عليهم سلم عليهم ثلاثاً‏.‏ ‏(‏‏(‏رواه البخاري‏)‏‏)‏‏.‏","english":{"narrator":"Anas (May Allah be pleased with him) reported:","text":"Whenever the Prophet (ﷺ) said something, he would repeat his words thrice so that the meanings would be understood fully; and whenever he came upon a group of people, he would greet them, and he would repeat salutation thrice.\n\n."}},{"id":17,"idInBook":17,"chapterId":1,"bookId":13,"arabic":"وعن عائشة رضي الله عنها قالت‏:‏ كان كلام رسول الله صلى الله عليه وسلم كلاماً فصلاً يفهمه كل من يسمعه‏.‏ ‏(‏‏(‏رواه أبو داود‏)‏‏)‏‏.‏","english":{"narrator":"'Aishah (May Allah be pleased with her) reported:","text":"the speech of Messenger of Allah (ﷺ) was so clear that all those who listened to it would understand it.."}},{"id":18,"idInBook":18,"chapterId":1,"bookId":13,"arabic":"عن جرير بن عبد الله رضي الله عنه قال‏:‏ قال لي رسول الله صلى الله عليه وسلم في حجة الوداع‏:‏ ‏\"‏استنصت الناس‏\"‏  ثم قال‏:‏ لا ترجعوا بعدي كفاراً يضرب بعضكم رقاب بعض‏\"‏ ‏(‏‏(‏متفق عليه‏)‏‏)‏ ‏.‏","english":{"narrator":"Jarir bin 'Abdullah (May Allah be pleased with him) reported:","text":"Messenger of Allah (ﷺ) asked me on the occasion of the Farewell Pilgrimage to tell the people to keep silent, then he (ﷺ) said, \"Do not revert to disbelief after me, chopping the heads of one another.\"\n\n."}},{"id":19,"idInBook":19,"chapterId":1,"bookId":13,"arabic":"عن أبى وائل شقيق بن سلمة قال‏:‏ كان ابن مسعود رضي الله عنه يذكرنا في كل خميس، فقال له رجل‏:‏ يا أبا عبد الرحمن، لوددت أنك ذكرتنا كل يوم، فقال‏:‏ أما إنه يمنعني من ذلك أني أكره أن أملكم وإني أتخولكم بالموعظة، كما كان رسول الله صلى الله عليه وسلم يتخولنا بها مخافة السآمة علينا‏.‏ ‏(‏‏(‏متفق عليه‏)‏‏)‏ ‏.‏","english":{"narrator":"Shaqiq bin Salamah reported:","text":"Ibn Mas'ud (May Allah be pleased with him) used to preach to us once every Thursday. A man said to him: \"O Abu 'Abdur-Rahman, we love your talk and we wish that you preach us every day.\" He said: \"There is nothing to prevent me from doing so, but I don't lest I bore you. I follow the same method in preaching to you that Messenger of Allah (ﷺ) adopted in preaching to us for fear of boredom.\"."}},{"id":20,"idInBook":20,"chapterId":1,"bookId":13,"arabic":"وعن أبى اليقظان عمار بن ياسر رضي الله عنهما قال‏:‏  سمعت رسول الله صلى الله عليه وسلم يقول‏:‏ ‏\n\"‏إن طول صلاة الرجل، وقصر خطبته، مئنة من فقهه، فأطيلوا الصلاة، وأقصروا الخطبة‏\"‏ ‏(‏‏(‏رواه مسلم‏)‏‏)‏‏.‏","english":{"narrator":"'Ammar bin Yasir (May Allah be pleased with them) reported:","text":"I heard Messenger of Allah (ﷺ) saying, \"Prolonging Salat (prayer) and shortening the Khutbah (religious talk) indicate the religious knowledge of the person. Make your Salat long and your sermon short.\"."}},{"id":21,"idInBook":21,"chapterId":1,"bookId":13,"arabic":"وعن معاوية بن الحكم السلمي رضي الله عنه قال‏:‏ ‏\"‏بينا أنا أصلي مع رسول الله صلى الله عليه وسلم ، إذا عطس رجل من القوم فقلت‏:‏ يرحمك الله، فرماني القوم بأبصارهم ‏!‏ فقلت‏:‏ واثكل أمياه ‏!‏ ما شأنكم تنظرون إلى‏؟‏ فجعلوا يضربون بأيديهم على أفخاذهم ‏!‏ فلما رأيتهم يصمتونني لكنى سكت‏.‏ فلما صلى رسول الله صلى الله عليه وسلم، فبأبي هو وأمي، ما رأيت معلما قبله ولا بعده أحسن تعليماً منه، فوالله ما كهرني ولا ضربني ولا شتمني، قال‏:‏ ‏\"‏إن هذه الصلاة لا يصلح فيها شئ من كلام الناس، إنما هى التسبيح والتكبير، وقراءة القرآن‏\"‏ أو كما قال رسول الله صلى الله عليه وسلم قلت‏:‏ يا رسول الله، إنى حديث عهد بجاهلية، وقد جاء الله بالإسلام، وإن منا رجالً يأتون الكهان‏؟‏ قال‏:‏ ‏\"‏فلا تأتهم، قلت‏:‏ ومنا رجال يتطيرون‏؟‏ قال‏:‏ ذاك شئ يجدونه في صدورهم، فلا يصدهم‏\"‏ ‏(‏‏(‏رواه مسلم‏)‏‏)‏‏.‏","english":{"narrator":"Mu'awiyah bin Al-Hakam As-Sulami (May Allah be pleased with him) reported:","text":"While I was in Salat with Messenger of Allah (ﷺ), a man in the congregation sneezed and I responded with: 'Yarhamuk-Allah (Allah have mercy on you).' The people stared at me with disapproving looks. So I said: \"May my mother lose me. Why are you staring at me?\" Thereupon, they began to strike their thighs with their hands. When I saw them urging to me to remain silent, I became angry but restrained myself. When Messenger of Allah (ﷺ) concluded his Salat. I have never before seen an instructor who gave better instruction than he, may my father and mother be sacrificed for him. He neither remonstrated me, nor beat me, nor abused me. He simply said,\"It is not permissible to talk during Salat because it consists of glorifying Allah, declaring His Greatness as well as recitation of the Qur'an,\" or he said words to that effect.\" I said: \"O Allah's Messenger, I have but recently accepted Islam, and Allah has favoured us with Islam. There are still some people among us who go to consult soothsayers.\" He said, \"Do not consult them.\" Then I said: \"There are some of us who are guided by omens.\" He said, \"These things which come to their minds. They should not be influenced by them.\"(Muslim)."}},{"id":22,"idInBook":22,"chapterId":1,"bookId":13,"arabic":"وعن العرباض بن سارية رضي الله عنه قال‏:‏ وعظنا رسول الله موعظة وجلت منها القلوب، وذرفت منها العيون وذكر الحديث وقد سبق بكماله في باب الأمر بالمحافظة على السنة، وذكرنا أن الترمذي قال‏:‏ ‏(‏‏(‏إنه حديث حسن صحيح‏)‏‏)‏‏.‏","english":{"narrator":"'Irbad bin Sariyah (May Allah be pleased with him) reported:","text":"One day, Messenger of Allah (ﷺ) delivered a very effective speech, as a result, eyes shed tears and hearts became softened. A man said: \"O Prophet of Allah! It sounds as if this is a farewell speech, so advise us.\" He (ﷺ) said, \"I admonish you to fear Allah, and to listen and obey even if a black slave has been appointed as your leader. For whoever among you lives after me will see much discord. So hold fast to my Sunnah and the Sunnah of the Rightly-Guided Caliphs who will come after me. Adhere to them and hold fast to them. Beware of Bid'ah (in religion) because every Bid'ah is a misguidance.\"."}},{"id":23,"idInBook":23,"chapterId":1,"bookId":13,"arabic":"عن عائشة رضي الله عنها قالت‏:‏ ما رأيت رسول الله صلى الله عليه وسلم  مستجمعا قط ضاحكاً حتى ترى منه لهواته، إنما كان يتبسم ‏.‏ ‏(‏‏(‏متفق عليه‏)‏‏)‏ ‏.‏","english":{"narrator":"'Aishah (May Allah be pleased with him) reported:","text":"I have never seen Messenger of Allah (ﷺ) laughing so heartily that his uvula could be seen. He used to smile only.."}},{"id":24,"idInBook":24,"chapterId":1,"bookId":13,"arabic":"وعن أبي هريرة رضي الله عنه قال‏:‏ سمعت رسول الله صلى الله عليه وسلم  يقول‏:‏ “إذا أقيمت الصلاة، فلا تأتوها وأنتم تسعون، وأتوها وأنتم تمشون، وعليكم السكينة، فما أدركتم فصلوا، وما فاتكم فأتموا” ‏(‏‏(‏متفق عليه‏)‏‏)‏ زاد مسلم في رواية له‏:‏ ‏\n\"‏فإن أحدكم إذا كان يعمد إلى الصلاة فهو في صلاة‏\"‏‏.‏","english":{"narrator":"Abu Hurairah (May Allah be pleased with him) reported:","text":"I heard the Messenger of Allah (ﷺ) saying, \"When the Iqamah are pronounced, do not come to it running, you should walk calmly with tranquillity to join the congregation. Then join in what you catch for and complete what you miss.\".In Muslim it is added: Messenger of Allah (ﷺ) said, \"For when one of you is walking for Salat, he is, in fact, engaged in Salat.\""}},{"id":25,"idInBook":25,"chapterId":1,"bookId":13,"arabic":"وعن ابن عباس رضي الله عنهما أنه دفع مع النبي صلى الله عليه وسلم  يوم عرفة فسمع النبي صلى الله عليه وسلم وراءه زجراً شديداً وضرباً وصوتاً للإبل، فأشار بسوطه إليهم وقال‏:‏ “أيها الناس عليكم بالسكينة فإن البر ليس بالإيضاع‏\"‏ ‏(‏‏(‏رواه البخاري، وروى مسلم بعضه‏)‏‏)‏‏.‏","english":{"narrator":"Ibn 'Abbas (May Allah be pleased with them) reported:","text":"I accompanied the Prophet (ﷺ) while we were returning from 'Arafat. Messenger of Allah (ﷺ) heard behind him a loud noise of beating and of driving the camels forcibly. He pointed towards it with his whip and said, \"O people! Proceed calmly. No virtue lies in rushing.\"."}},{"id":26,"idInBook":26,"chapterId":1,"bookId":13,"arabic":"عن أبي هريرة رضي الله عنه أن النبي صلى الله عليه وسلم قال‏:‏ ‏\"‏ من كان يؤمن بالله واليوم الآخر فليكرم ضيفه، ومن كان يؤمن بالله واليوم الآخر فليصل رحمه، ومن كان يؤمن بالله واليوم الآخر فليقل خيراً أو ليصمت” ‏(‏‏(‏متفق عليه‏)‏‏)‏ ‏.‏","english":{"narrator":"Abu Hurairah (May Allah be pleased with him) reported:","text":"The Prophet (ﷺ) said, \"He who believes in Allah and the Last Day, let him show hospitality to his guest; and he who believes in Allah and the Last Day, let him maintain good relation with kins; and he who believes in Allah and the Last Day, let him speak good or remain silent.\"."}},{"id":27,"idInBook":27,"chapterId":1,"bookId":13,"arabic":"وعن أبي شريح خويلد بن عمرو الخزاعي رضي الله عنه قال‏:‏ سمعت رسول الله صلى الله عليه وسلم  يقول‏:‏ ‏\"‏من كان يؤمن بالله واليوم الآخر فليكرم ضيفه جائزته‏\"‏ قالوا‏:‏ وما جائزته يا رسول الله صلى الله عليه وسلم  قال‏:‏ ‏\"‏يومه وليلته‏.‏ والضيافة ثلاثة أيام، فما كان وراء ذلك فهو صدقة عليه” ‏(‏‏(‏متفق عليه‏)‏‏)‏ ‏.‏ \nوفي ‏(‏‏(‏رواية لمسلم‏)‏‏)‏‏:‏ ‏\"‏لا يحل لمسلم أن يقيم عند أخيه حتى يؤثمة‏\"‏ قالوا‏:‏ يا رسول الله ، وكيف يؤثمه‏؟‏ قال‏:‏ ‏\"‏يقيم عنده ولا شيء له يقريه به‏\"‏‏.‏","english":{"narrator":"Abu Shuraih Khuwailid bin 'Amr Al-Khuza'i (May Allah be pleased with him) reported:","text":"I heard Messenger of Allah (ﷺ) saying, \"He who believes in Allah and the Last Day, should accommodate his guest according to his right.\" He was asked: \"What is his right, O Messenger of Allah?\" He (ﷺ) replied: \"It is (to accommodate him) for a day and a night, and hospitality extends for three days, and what is beyond that is charity.\".In Muslim it is added: Messenger of Allah (ﷺ) said, \"It is not permissible for a Muslim to stay so long with his brother till he makes him sinful.\" He was asked: \"O Messenger of Allah, how can he make him sinful?\" He replied, \"He prolongs his stay with him till nothing is left with the host to entertain him (guest).\""}},{"id":28,"idInBook":28,"chapterId":1,"bookId":13,"arabic":"عن أبي إبراهيم- ويقال أبو محمد، ويقال أبو معاوية- عبد الله بن أبي أوفى رضي الله عنه أن رسول الله صلى الله عليه وسلم  بشر خديجة، رضي الله عنها، ببيت في الجنة من قصب ، لا صخب فيه ولا نصب‏.‏ ‏(‏‏(‏متفق عليه‏)‏‏)‏ ‏.‏","english":{"narrator":"'Abdullah bin Abu Aufa (May Allah be pleased with him) reported:","text":"Messenger of Allah (ﷺ) gave glad tidings to Khadijah (May Allah be pleased with her) about a palace of hollowed pearls in Jannah, free from noise and toil.."}},{"id":29,"idInBook":29,"chapterId":1,"bookId":13,"arabic":"وعن أبي موسى الأشعري رضي الله عنه ، أنه توضأ في بيته، ثم خرج فقال‏:‏ لألزمن رسول الله صلى الله عليه وسلم ، ولأكونن معه يومي هذا، فجاء المسجد، فسأل عن النبي صلى الله عليه وسلم الله عليه وسلم ، فقالوا‏:‏ وجه ههنا، قال‏:‏ فخرجت على أثره أسأل عنه ، حتى دخل بئر أريس، فجلست عند الباب حتى قضى رسول الله صلى الله عليه وسلم  حاجته وتوضأ، فقمت إليه، فإذا هو قد جلس على بئر أريس وتوسط قفها، وكشف عن ساقيه ودلاهما في البئر، فسلمت عليه ثم انصرفت، فجلست عند الباب فقلت‏:‏ لأكونن بواب رسول الله صلى الله عليه وسلم  اليوم، فجاء أبو بكر رضي الله عنه فدفع الباب فقلت‏:‏ من هذا‏؟‏ فقال‏:‏ أبو بكر، فقلت على رسلك، ثم ذهبت فقلت‏:‏ يا رسول الله هذا أبو بكر يستأذن، فقال‏:‏ ‏\"‏ائذن له وبشره بالجنة‏\"‏ فأقلبت حتى قلت لأبي بكر‏:‏ ادخل ورسول الله يبشرك بالجنة، فدخل أبو بكر حتى جلس عن يمين النبي صلى الله عليه وسلمى الله عليه وسلم معه في القف، ودلى رجليه في البئر كما صنع رسول الله صلى الله عليه وسلم ، وكشف عن ساقيه، ثم رجعت وجلست، وقد تركت أخي يتوضأ ويلحقني ، فقلت‏:‏ إن يرد الله بفلان -يرد أخاه- خيراً يأت به، فإذا إنسان يحرك الباب، فقلت‏:‏ من هذا‏؟‏ فقال‏:‏ عمر بن الخطاب‏:‏ فقلت‏:‏ على رسلك ، ثم جئت إلى رسول الله صلى الله عليه وسلم ، فسلمت عليه وقلت‏:‏ هذا عمر يستأذن‏؟‏ فقال‏:‏”ائذن له وبشره بالجنة‏\"‏ فجئت عمر، فقلت‏:‏ أذن ويبشرك رسول الله صلى الله عليه وسلم  بالجنة، فدخل فجلس مع رسول الله صلى الله عليه وسلم  في القف عن يساره، ودلى رجليه في البئر، ثم رجعت فجلست فقلت‏:‏ إن يرد الله بفلان خيراً -يعني أخاه- يأت به، فجاء إنسان فحرك الباب‏.‏ فقلت‏:‏ من هذا ‏؟‏ فقال‏:‏ عثمان بن عفان فقلت‏:‏ على رسلك، وجئت النبي صلى الله عليه وسلم الله عليه وسلم ، فأخبرته فقال‏:‏ ‏\"‏ائذن له وبشره بالجنة مع بلوى تصيبه‏\"‏ فجئت فقلت له‏:‏ ادخل ويبشرك رسول الله صلى الله عليه وسلم  بالجنة مع بلوى تصيبك، فدخل فوجد القف قد ملئ، فجلس وجاههم من الشق الآخر‏.‏ قال سعيد بن المسيب‏:‏ فأولتها قبورهم ‏.‏ ‏(‏‏(‏متفق عليه‏)‏‏)‏ ‏.‏ \nوزاد في رواية‏:‏ “وأمرني رسول الله صلى الله عليه وسلم بحفظ الباب‏.‏ وفيها أن عثمان حين بشره حمد الله تعالى، ثم قال‏:‏ الله المستعان‏.‏","english":{"narrator":"Abu Musa Al-Ash'ari (May Allah be pleased with him) reported:","text":"One day, I performed my Wudu' in my house and then set forth with the determination that I would stick to Messenger of Allah (ﷺ) and spend the whole day with him. I came to the mosque and asked about him. The Companions told that he (ﷺ) had gone in a certain direction. Abu Musa added: I followed him inquiring until I came to Bi'r Aris (a well in the suburb of Al-Madinah). (There) I sat down at the door till he (ﷺ) had relieved himself and performed Wudu'. Then I went to him and saw him sitting on the platform of the well with his shanks uncovered and his legs dangling in the well. I greeted him and returned to the door of the garden, saying to myself, \"I will be the doorkeeper of the Messenger of Allah today.\" Abu Bakr (May Allah be pleased with him) came and knocked at the door. I said; \"Who is that?\" He said: \"Abu Bakr.\" I said, \"Wait a moment.\" Then I went to the Messenger of Allah (ﷺ) and said, \"O Messenger of Allah! Abu Bakr is at the door seeking permission to enter.\" He said, \"Admit him and give him the glad tidings of Jannah.\" I returned and said to Abu Bakr (May Allah be pleased with him): \"You may enter and Messenger of Allah (ﷺ) has given you the glad tidings of (entering) Jannah.\" Abu Bakr (May Allah be pleased with him) came in and sat down on the right side of Messenger of Allah (ﷺ) and suspended his legs into the well and uncovered his shanks, as the Messenger of Allah had done. I returned to the door and sat down. I had left my brother at home while he was performing Wudu' and intending to join me. I said to myself: \"If Allah intends good for him (i.e., to be blessed to come at this time and receive the glad tidings of entering Jannah), He will bring him here.\" Someone knocked at the door and I said, \"Who is it?\" He said, \"Umar bin Al-Khattab.\" I said, \"Wait a moment.\" Then I proceeded towards Messenger of Allah (ﷺ). I greeted him and said, \"Umar is at the door, seeking permission to enter. He said, \"Let him in and give him the glad tidings of entering Jannah.\" I went back to 'Umar (May Allah be pleased with him) and said to him, \"Messenger of Allah has given you permission as well as glad tidings of entering Jannah.\" He entered and sat down with Messenger of Allah (ﷺ) on his left side and dangled his feet into the well. I returned to the door and sat down and said to myself: \"If Allah intends good for my brother, He will bring him here.\" Someone knocked at the door and I said, \"Who is it?\" He said, \"Uthman bin 'Affan.\" I said, \"Wait a moment.\" I went to Messenger of Allah (ﷺ) and informed him about his arrival. He said, \"Let him in and give him glad tidings of entering Jannah together with a tribulation which he will have to face.\" I came back to him and said, \"You may enter; and Messenger of Allah (ﷺ) gives you the glad tidings of entering Jannah together with a tribulation that will afflict you.\" He got in and saw that the elevated platform round the well was fully occupied. So he sat on opposite side. Sa'id bin Al- Musaiyab (May Allah be pleased with him) a subnarrator has reported: The order in which they sat down indicated the places of their burial..Another narration adds: Abu Musa Al-Ash'ari (May Allah be pleased with him) said: The Prophet (ﷺ) ordered me to guard the door. When 'Uthman was told (about the misfortune) he praised Allah then said: \"Allahu Musta'an (His help is to be sought).\"(The interpretation of Sa'id bin Al-Musaiyab is that the graves of Abu Bakr and 'Umar (May Allah be pleased with them) are by the side of the Prophet (ﷺ), in the same position they took when they sat next to the Prophet (ﷺ) while the grave of 'Uthman is away from their graves, in the public graveyard of Al-Madinah known as Baqi' Al-Gharqad)."}},{"id":30,"idInBook":30,"chapterId":1,"bookId":13,"arabic":"وعن أبي هريرة رضي الله عنه قال‏:‏ كنا قعوداً حول رسول الله صلى الله عليه وسلم ، ومعنا أبو بكر وعمر رضي الله عنهما في نفر، فقام رسول الله صلى الله عليه وسلم  من بين أظهرنا فأبطأ علينا، وخشينا أن يقتطع دوننا وفزعنا فقمنا، فكنت أول من فزع، فخرجت أبتغي رسول الله صلى الله عليه وسلم  ، حتى أتيت حائطاً للأنصار لبني النجار، فدرت به هل أجد له باب، فلم أجد، فإذا ربيع يدخل في جوف حائط من بئر خارجه -والربيع‏:‏ الجدول الصغير -فاحتفزت، فدخلت على رسول الله صلى الله عليه وسلم  فقال‏:‏ “أبو هريرة‏؟‏” فقلت‏:‏ نعم يا رسول الله ، قال‏:‏ “ما شأنك” قلت‏:‏ كنت بين أظهرنا فقمت فأبطأت علينا، فخشينا أن تقتطع دوننا، ففزعنا، فكنت أول من فزع، فأتيت هذا الحائط فاحتفرت كما يحتفر الثعلب، وهؤلاء الناس ورائي‏.‏ فقال‏:‏ ‏\"‏يا أبا هريرة‏\"‏ وأعطاني نعليه فقال‏:‏ ‏\"‏اذهب بنعلي هاتين، فمن لقيت من وراء هذا الحائط يشهد أن لا إله إلا الله مستيقنا بها قلبه، فبشره بالجنة‏\"‏ وذكر الحديث بطوله، ‏(‏‏(‏رواه مسلم‏)‏‏)‏‏.‏","english":{"narrator":"Abu Hurairah (May Allah be pleased with him) reported:","text":"We were sitting in the company of the Messenger of Allah (ﷺ), and Abu Bakr and 'Umar (May Allah be pleased with them) were also present. All of a sudden the Messenger of Allah (ﷺ) got up and left us. When he was late to return to us we began to worry lest he should meet with trouble in our absence. I was the first to be alarmed and set out in search of him until I came to a garden belonging to Banu-Najjar (a section of the Ansar). I went round it looking for an entrance, but failed to find one. However, I saw a stream of water flowing into the garden from a well outside. I drew myself together like a fox and slinked into the place and reached the Messenger of Allah (ﷺ). He said, \"Is it Abu Hurairah?\" I replied in the affirmative. He asked, \"What is the matter with you?\" I replied, \"You were sitting with us and then you left us and delayed for a time. Fearing you had met with some adversities we got alarmed. I was the first to be alarmed. So when I came to this garden, I squeezed myself like a fox and these people are coming behind me.\" He (the Prophet (ﷺ)) gave me his sandals and said, \"O Abu Hurairah! Take these sandals of mine, and whoever you meet outside this garden testifying that La ilaha illallah (There is no true god except Allah), being assured of it in his heart, give him the glad tidings that he will enter Jannah.\" (Abu Hurairah then narrated the Hadith in full).."}},{"id":31,"idInBook":31,"chapterId":1,"bookId":13,"arabic":"وعن ابن شماسة قال‏:‏ حضرنا عمرو بن العاص رضي الله عنه ، وهو في سياقة الموت فبكى طويلاً، وحول وجهه إلى الجدار، فجعل ابنه يقول‏:‏ يا أبتاه، أما بشرك رسول الله صلى الله عليه وسلم  بكذا‏؟‏ أما بشرك رسول الله صلى الله عليه وسلم  بكذا‏؟‏ فأقبل بوجهه فقال‏:‏ إن أفضل ما نعد شهادة أن لا إله إلا الله، وأن محمداً رسول الله ، إني قد كنت على أطباق ثلاث‏:‏ لقد رأيتني وما أحد أشداً بغضاً لرسول الله صلى الله عليه وسلم  مني ، ولا أحب إلي من أن أكون قد استمكنت منه فقتلته، فلو مت على تلك الحال لكنت من أهل النار، فلما جعل الله الإسلام في قلبي أتيت النبي صلى الله عليه وسلمى الله عليه وسلم فقلت‏:‏ أبسط يمينك فلأبايعك، فبسط يمينه فقبضت يدي، فقال‏:‏”مالك يا عمرو‏؟‏‏\"‏ قلت‏:‏ أردت أن أشترط قال‏:‏ ‏\"‏تشترط ماذا‏؟‏‏\"‏ قلت ‏:‏ أن يغفر لي، قال‏:‏ ‏\"‏أماعلمت أن الإسلام يهدم ما كان قبله، وأن الهجرة تهدم ما كان قبلها، وأن الحج يهدم ما كان قبله” وما كان أحد أحب إلي من رسول الله صلى الله عليه وسلم ، ولا أجل في عيني منه، وما كنت أطيق أن املأ عيني منه إجلالاً له؛ ولو سئلت أن أصفه ما أطقت؛ لأني لم أكن أملاً عيني منه، ولو مت على تلك الحال لرجوت أن أكون من أهل الجنة، ثم ولينا أشياء ما أدري مال حالي فيها‏؟‏ فإذا أنا مت فلا تصحبني نائحة ولا نار، فإذا دفنتموني، فشنوا على التراب شناً، ثم أقيموا حول قبري قدر ما تنحر جزور، ويقسم لحمها، حتى أستأنس بكم، وأنظر ما أراجع به رسل ربي ‏(‏‏(‏رواه مسلم‏)‏‏)‏‏.‏","english":{"narrator":"Ibn Shumasah reported:","text":"We visited 'Amr bin Al-'as (May Allah be pleased with him) when he was in his deathbed. He wept for a long time and turned his face towards the wall. His son said: \"O father, did not the Messenger of Allah (ﷺ) give you the good news of such and such? Did he not give you glad tidings of such and such?\" Then he ('Amr) turned his face towards us and said: \"The best thing which you can count upon is the affirmation that: La ilaha illallah (there is no true god except Allah), and that Muhammad is the Messenger of Allah. I have passed through three phases. I remember when I hated none more than I hated the Messenger of Allah (ﷺ), and there was no other desire stronger in me than that of killing him. Had I died in that state, I would have definitely been one of the dwellers of Fire (Hell). When Allah instilled the love for Islam in my heart, I went to Messenger of Allah (ﷺ) and said, 'Extend your right hand, so that I pledge allegiance to you.' He (ﷺ) stretched out his right hand, but I withdrew my hand. He said, 'What is the matter, 'Amr?' I said, 'I wish to lay down same conditions.' He asked, 'What conditions do you wish to put forward?' I replied, 'To be granted forgiveness.' He said, 'Do you not know that (embracing) Islam wipes out all that has gone before it (previous misdeeds). Verily, emigration wipes out all the previous sins, and the Hajj (pilgrimage) wipes out all the previous sins.' Thereafter, no one was dearer to me than Messenger of Allah (ﷺ), and none was more respectable than him in my eyes. So bright was his splendour that I could not gather enough courage to look at his face for any length of time. If I were asked to describe his feature, I would not be able to do so because I have never caught a full glimpse of his face. Had I died in that state I could have hoped to be one of the dwellers of Jannah. Thereafter, we were made responsible for many things and in the light of which I am unable to know what is in store for me. When I die, no mourner, nor fire should accompany my bier. When you bury me, throw the earth gently over me and stand over my grave for the space of time within which a camel is slaughtered and its meat is distributed so that I may enjoy your intimacy, and in your presence ascertain what answer can I give to the Messengers of my Rubb (the angels in grave).\"."}},{"id":32,"idInBook":32,"chapterId":1,"bookId":13,"arabic":"فمنها حديث زيد بن أرقم رضي الله عنه -الذي سبق في باب إكرام أهل بيت رسول الله صلى الله عليه وسلم  -قال‏:‏ قام رسول الله صلى الله عليه وسلم  فينا خطيباً، فحمد الله، وأثنى عليه، ووعظ وذكر، ثم قال‏:‏ “أما بعد”ألا أيها الناس إنما أنا بشر يوشك أن يأتي رسول الله ربي فأجيب، وأنا تارك فيكم ثقلين ‏:‏‏\n\"‏ أولهما‏:‏ كتاب الله، فيه الهدى والنور، فخذو بكتاب الله، واستمسكوا به” فحث على كتاب الله، ورغب فيه، ثم قال‏:‏ “وأهل بيتي، أذكركم الله في أهل بيتي‏\"‏ ‏(‏‏(‏رواه مسلم‏)‏‏)‏ وقد سبق بطوله‏.‏","english":{"narrator":"Then from it is the narration of Zaid bin Arqam (May Allah be pleased with them) that preceded in the Chapter of \"Showing reverence to the Family of Allah's Messenger (ﷺ)\". \n\nHe said:","text":"\"One day Messenger of Allah (ﷺ) stood amongst us to deliver a Khutbah. So he praised Allah, extolled Him, exhorted and reminded (us) and said: 'Amma Ba'du (now then)! O people, certainly I am a human being. I am about to receive a messenger of Allah my Lord (the angel of death) and I respond. And I am leaving among you two weighty things: There first of which is the Book of Allah. In is guidance and light, so hold fast to the Book of Allah and adhere to it.' So he exhorted (us) (to hold fast to it) and encouraged it then said, 'And the members of my household, I remind you of Allah with regards (of your duties) to the members of my family.\"'.\nAnd it has preceded in its entirety."}},{"id":33,"idInBook":33,"chapterId":1,"bookId":13,"arabic":"وعن أبي سليمان مالك بن الحويرث رضي الله عنه قال‏:‏ أتينا رسول الله صلى الله عليه وسلم  ونحن شببه متقاربون، فأقمنا عنده عشرين ليلة، وكان رسول الله صلى الله عليه وسلم  رحيماً رفيقاً، فظن أنّا قد اشتقنا أهلنا، فسألنا عمن تركنا من أهلنا، فأخبرناه، فقال‏:‏ “ارجعوا إلى أهليكم، فأقيموا فيهم، وعلموهم ومروهم ، وصلو صلاة كذا في حين كذا، وصلوا كذا في حين كذا، فإذا حضرت الصلاة فليؤذن لكم أحدكم، وليؤمكم أكبركم” ‏(‏‏(‏متفق عليه‏)‏‏)‏ ‏.‏ \n‏(‏‏(‏زاد البخاري في رواية له‏:‏ ‏\n\"‏ وصلوا كما رأيتموني أصلي‏\"‏‏)‏‏)‏","english":{"narrator":"Malik bin Al-Huwairith (May Allah be pleased with him) reported:","text":"We came to the Messenger of Allah (ﷺ) when we were all young men of nearly equal age. We stayed with him for twenty days. He was extremely kind and considerate. He perceived that we missed our families so he asked us about those we left behind, and we informed him. Then he (ﷺ) said, \"Go back to your families, stay with them, teach them (about Islam) and exhort them to do good. Perform such Salat (prayer) at such a time and such Salat at such a time. When the time for Salat is due, one of you should announce Adhan (call for prayer) and the oldest among you should lead Salat.\".\nAl-Bukhari added in a version of his \"And pray as you have seen me pray.\""}},{"id":34,"idInBook":34,"chapterId":1,"bookId":13,"arabic":"وعن عمر بن الخطاب رضي الله عنه قال‏:‏ استأذنت النبي صلى الله عليه وسلم الله عليه وسلم في العمرة، فأذن ، وقال‏:‏‏\n\"‏لا تنسانا يا أخي من دعائك‏\"‏ فقال كلمة ما يسرني أن لي بها الدنيا‏.‏ \nوفي رواية قال‏:‏ “أشركنا يا أخي في دعائك” ‏(‏‏(‏رواه أبوداود، والترمذي وقال‏:‏ حديث حسن صحيح‏)‏‏)‏‏.‏","english":{"narrator":"'Umar bin Al-Khattab (May Allah be pleased with him) reported:","text":"I sought permission of the Prophet (ﷺ) to perform 'Umrah, and he granted me leave and said, \"Brother, do not forget us in your supplications.\" I would not exchange these words of his for the whole world.Another narration is: He (ﷺ) said, \"Include us, my brother, in your supplications.\"."}},{"id":35,"idInBook":35,"chapterId":1,"bookId":13,"arabic":"وعن سالم بن عبد الله بن عمر أن عبد الله بن عمر رضي الله عنهما كان يقول للرجل إذا أراد سفراً‏:‏ ادن مني حتى أودعك كما كان رسول الله صلى الله عليه وسلم  يودعنا، فيقول‏:‏ أستودع الله دينك، وأمانتك، وخواتيم عملك‏.‏ ‏(‏‏(‏رواه الترمذي، وقال‏:‏ حديث حسن صحيح‏)‏‏)‏‏.‏","english":{"narrator":"Salim bin 'Abdullah bin 'Umar (May Allah be pleased with them) reported:","text":"When a man was to set out on a journey, 'Abdullah bin 'Umar (May Allah be pleased with them) would say to him: \"Draw near so that I may bid farewell to you as Messenger of Allah (ﷺ) used to bid farewell to us. (The Messenger of Allah (ﷺ) used to say: \"'Astaudi'ullaha dinaka, wa amanataka, wa khawatima 'amalika' (I entrust Allah with your Deen, your trust and your last deeds).\"."}},{"id":36,"idInBook":36,"chapterId":1,"bookId":13,"arabic":"وعن عبد الله بن يزيد الخطمي الصحبي رضي الله عنه قال‏:‏ كان رسول الله صلى الله عليه وسلم  إذا أراد أن يودع الجيش قال‏:‏ ‏\n\"‏أستودع الله دينكم، وأماناتكم،وخواتيم أعمالكم‏\"‏‏.‏ \nحديث صحيح، ‏(‏‏(‏رواه أبو داود وغيره بإسناد صحيح‏)‏‏)‏‏.‏","english":{"narrator":"'Abdullah bin Yazid Al-Khatmi (May Allah be pleased with him) reported:","text":"When Messenger of Allah (ﷺ) intended to bid farewell to his army he would say: \"Astau-di'ullaha dinakaum, wa amanatakum, wa khawatima 'amalikum (I entrust Allah with your Deen, your trust and your last deeds).\"."}},{"id":37,"idInBook":37,"chapterId":1,"bookId":13,"arabic":"وعن أنس رضي الله عنه قال‏:‏ جاء رجل إلى النبي صلى الله عليه وسلمى الله عليه وسلم فقال يا رسول الله ، إني أريدُ سفراً، فزودني، فقال‏:‏ زودك الله التقوى‏\"‏ قال‏:‏ زدني، فقال‏:‏ ‏\"‏وغفر ذنبك‏\"‏ ، قال‏:‏ زدني، قال‏:‏ “ويسر لك الخير حيثما كنت” ‏(‏‏(‏رواه الترمذي وقال ‏:‏ حديث حسن‏)‏‏)‏","english":{"narrator":"Anas (May Allah be pleased with him) reported:","text":"A man came to the Prophet (ﷺ) and said: \"O Messenger of Allah! I intend to go on a journey, so supplicate for me.\" He (ﷺ) said, \"May Allah grant you the provision of piety.\" The man said: \"Please supplicate more for me.\" He (ﷺ) said, \"May He forgive your sins!\" The man repeated: \"Please supplicate more for me.\" Messenger of Allah (ﷺ) said, \"May He facilitate for you the doing of good wherever you are.\"."}},{"id":38,"idInBook":38,"chapterId":1,"bookId":13,"arabic":"-وعن جابر رضي الله عنه قال‏:‏ كان رسول الله صلى الله عليه وسلم  يعلمنا الإستخارة في الأمور كلها كالسورة من القرآن ، يقول ‏:‏ إذا همّ أحدكم بالأمر، فليركع ركعتين من غير الفريضة، ثم ليقل، اللهم إني أستخيرك بعلمك، وأستقدرك بقدرتك، وأسألك من فضلك العظيم؛ فإنك تقدر ولا أقدر وتعلم ولا أعلم، وأنت علام الغيوب‏.‏ اللهم إن كنت تعلم أن هذا الأمر خير لي في ديني ومعاشي وعاقبة أمري‏\"‏ أو قال‏:‏ ‏\"‏عاجل أمري وآجله ، فاقدره لي ويسره لي، ثم بارك لي فيه، وإن كنت تعلم أن هذا الأمر شر لي في ديني ومعاشي وعاقبة أمري‏\"‏ أو قال‏:‏ ‏\"‏عاجل أمري وآجله، فاصرفه عني ، واصرفني عنه، واقدر لي الخير حيث كان، ثم ارضني به‏\"‏ قال‏:‏ ويسمي حاجته‏.‏ ‏(‏‏(‏رواه البخاري‏)‏‏)‏‏.‏","english":{"narrator":"Jabir (May Allah be pleased with him) reported:","text":"Messenger of Allah (ﷺ) used to teach us the Istikharah (seeking guidance from Allah) in all matters as he would teach us a Surah of the Qur'an. He used to say: \"When one of you contemplates entering upon an enterprise, let him perform two Rak'ah of optional prayer other than Fard prayers and then supplicate: \"Allahumma inni astakhiruka bi 'ilmika, wa astaqdiruka bi qudratika, wa as-'aluka min fadlikal-'azim. Fainnaka taqdiru wa la aqdiru, wa ta'lamu wa la a'lamu, wa Anta 'allamul- ghuyub. Allahumma in kunta ta'lamu anna hadhal-'amra (and name what you want to do) khairun li fi dini wa ma'ashi wa 'aqibati amri, (or he said) 'ajili amri ajilihi, faqdurhu li wa yassirhu li, thumma barik li fihi. Wa in kunta ta'lamu anna hadhal 'amra (and name what you want to do) sharrun li fi dini wa ma'ashi wa 'aqibati amri, (or he said) wa 'ajili amri wa ajilihi, fasrifhu 'anni, wasrifni 'anhu, waqdur liyal- khaira haithu kana, thumma ardini bihi.\" (O Allah, I consult You through Your Knowledge, and I seek strength through Your Power, and ask of Your Great Bounty; for You are Capable whereas I am not and, You know and I do not, and You are the Knower of hidden things. O Allah, if You know that this matter (and name it) is good for me in respect of my Deen, my livelihood and the consequences of my affairs, (or he said), the sooner or the later of my affairs then ordain it for me, make it easy for me, and bless it for me. But if You know this matter (and name it) to be bad for my Deen, my livelihood or the consequences of my affairs, (or he said) the sooner or the later of my affairs then turn it away from me, and turn me away from it, and grant me power to do good whatever it may be, and cause me to be contented with it). And let the supplicant specify the object.\""}},{"id":39,"idInBook":39,"chapterId":1,"bookId":13,"arabic":"عن جابر رضي الله عنه ‏:‏ كان النبي صلى الله عليه وسلم الله عليه وسلم إذا كان يوم عيد خالف الطريق‏.‏ ‏(‏‏(‏رواه البخاري‏)‏‏)‏‏.‏","english":{"narrator":"Jabir (May Allah be pleased with him) reported:","text":"On the occasion of the 'Eid, the Prophet (ﷺ) would proceed to the prayer place taking one route and returning from another.\n\n."}},{"id":40,"idInBook":40,"chapterId":1,"bookId":13,"arabic":"وعن ابن عمر رضي الله عنهما أن رسول الله صلى الله عليه وسلم  كان يخرج من طريق الشجرة، ويدخل من طريق المعرس، وإذا دخل مكة دخل من الثنية العليا ويخرج من الثنية السفلى‏.‏ ‏(‏‏(‏متفق عليه‏)‏‏)‏ ‏.‏","english":{"narrator":"Ibn 'Umar (May Allah be pleased with them) reported:","text":"Messenger of Allah (ﷺ) used to go by way of Ash-Shajarah and return by way of Al-Mu'arras. He would also enter Makkah through the Higher Pass and would leave it through the Lower Pass.."}},{"id":41,"idInBook":41,"chapterId":1,"bookId":13,"arabic":"وعن عائشة رضي الله عنها قالت‏:‏ كان رسول الله صلى الله عليه وسلم  يعجبه التيمن في شأنه كله‏:‏ في طهوره، وترجله، وتنعله‏.‏ ‏(‏‏(‏متفق عليه‏)‏‏)‏ ‏.‏","english":{"narrator":"'Aishah (May Allah be pleased with her) reported:","text":"Messenger of Allah (ﷺ) liked to use his right hand in all matters: in combing his hair and wearing his shoes.."}},{"id":42,"idInBook":42,"chapterId":1,"bookId":13,"arabic":"وعنها قالت‏:‏ كانت يد رسول الله صلى الله عليه وسلم ، اليمنى لطهوره وطعامه، وكان اليسرى لخلائه وما كان من أذى‏.‏ حديث صحيح، ‏(‏‏(‏رواه أبو داود وغيره بإسناد صحيح‏)‏‏)‏‏.‏","english":{"narrator":"'Aishah (May Allah be pleased with her) reported:","text":"Messenger of Allah was used to using his right hand for performing Wudu' and for eating his food whereas he was used to using his left hand in his toilet and for other similar purposes."}},{"id":43,"idInBook":43,"chapterId":1,"bookId":13,"arabic":"وعن أم عطية رضي الله عنها أن النبي صلى الله عليه وسلمى الله عليه وسلم ، قال لهن في غسل ابنته زينب رضي الله عنها ‏:‏ ‏\n\"‏ابدأن بميامنها ومواضع الوضوء منها‏\"‏ ‏(‏‏(‏متفق عليه‏)‏‏)‏ ‏.‏","english":{"narrator":"Umm 'Atiyyah (May Allah be pleased with her) reported:","text":"The Prophet (ﷺ) instructed us at the time of washing the dead body of his daughter Zainab (May Allah be pleased with her) to begin with her right side, and from the parts that are washed in Wudu'.."}},{"id":44,"idInBook":44,"chapterId":1,"bookId":13,"arabic":"وعن أبي هريرة رضي الله عنه أن رسول الله صلى الله عليه وسلم  قال‏:‏ “ إذا انتعل أحدكم فليبدأ باليمنى، وإذا نزع فليبدأ بالشمال‏.‏لتكن اليمنى أولهما تنعل، وآخرهما تنزع‏\"‏ ‏(‏‏(‏متفق عليه‏)‏‏)‏ ‏.‏","english":{"narrator":"Abu Hurairah (May Allah be pleased with him) reported:","text":"Messenger of Allah (ﷺ) said, \"When any of you puts on his shoes, he should put on the right one first; and when he takes them off, he should begin with the left. Let the right shoe be the first to be put on and the last to be taken off.\"."}},{"id":45,"idInBook":45,"chapterId":1,"bookId":13,"arabic":"وعن حفصة رضي الله عنها أن رسول الله صلى الله عليه وسلم ، كان يجعل يمينه لطعامه وشرابه وثيابه، ويجعل يساره لما سوى ذلك‏.‏ ‏(‏‏(‏رواه أبو داود والترمذي وغيره‏)‏‏)‏‏.‏","english":{"narrator":"Hafsah (May Allah be pleased with her) reported:","text":"Messenger of Allah (ﷺ) used to use his right hand for eating, drinking and wearing his clothes and used to use his left hand for other purposes.."}},{"id":46,"idInBook":46,"chapterId":1,"bookId":13,"arabic":"وعن أبي هريرة رضي الله عنه أن رسول الله صلى الله عليه وسلم  قال‏:‏ “ إذا لبستم،وإذا توضأتم، فابدؤا بأيمانكم” حديث صحيح، ‏(‏‏(‏رواه أبو داود والترمذي بإسناد صحيح‏)‏‏)‏‏.‏","english":{"narrator":"Abu Hurairah (May Allah be pleased with him) reported:","text":"Messenger of Allah (ﷺ) said, \"When you wear your clothes or perform your Wudu', begin with your right side.\"."}},{"id":47,"idInBook":47,"chapterId":1,"bookId":13,"arabic":"وعن أنس  رضي الله عنه أن رسول الله صلى الله عليه وسلم  أتى منى‏:‏ فأتى الجمرة فرماها، ثم أتى منزله بمنى، ونحر، ثم قال للحلاق “خذ” وأشار إلى جانبه الأيمن، ثم الأيسر، ثم جعل يعطيه الناس‏.‏ ‏(‏‏(‏متفق عليه‏)‏‏)‏ ‏.‏وفي رواية‏:‏ لما رمى الجمرة، ونحر نسكه وحلق‏:‏ ناول الحلاق شقه الأيمن فحلقه، ثم دعا أبا طلحة الأنصارى رضي الله عنه ، فأعطاه إياه،ثم ناوله الشق الأيسر فقال “احلق” فحلقه فأعطاه أبا طلحة فقال‏:‏ ‏\n\"‏اقسمه بين الناس‏\"‏‏.‏","english":{"narrator":"Anas (May Allah be pleased with him) reported:","text":"When Messenger of Allah (ﷺ) went to Mina, he came to Jamrat-ul-'Aqabah and threw pebbles at it. After that, he went to his lodge in Mina and sacrificed. Then he called for a barber and pointed his right side to him, said, \"Shave from here.\" Then he pointed his left side and said, \"Take (hair) from here.\" Then he distributed his hair among the people..Another narration is: After the Messenger of Allah (ﷺ) had thrown pebbles at Jamrah and sacrificed an animal, he turned the right side of his head towards the barber who shaved it for him. Then he called Abu Talhah Ansari (May Allah be pleased with him) and gave his hair to him. Then he turned his head to the left side and asked the barber to shave it. He gave the hair to Abu Talhah and told him, \"Distribute it among the people.\""}}],"chapter":{"id":1,"bookId":13,"arabic":"كتاب الأدب","english":"The Book of Good Manners"}}