{
  "metadata": {
    "length": 14,
    "arabic": {
      "title": "رياض الصالحين",
      "author": "الإمام يحيى بن شرف النووي",
      "introduction": "كتاب الحج"
    },
    "english": {
      "title": "Riyad as-Salihin",
      "author": "Imam Yahya ibn Sharaf al-Nawawi",
      "introduction": "The Book of Hajj"
    }
  },
  "hadiths": [
    {
      "id": 1,
      "idInBook": 1,
      "chapterId": 10,
      "bookId": 13,
      "arabic": "وعن ابن عمر رضي الله عنهما أن رسول الله صلى الله عليه وسلم قال‏:‏ بني الإسلام على خمس‏:‏ شهادة أن لا إله إلى الله وأن محمدًا رسول الله، وإقام الصلاة، وإيتاء الزكاة، وحج البيت، وصوم رمضان‏\"‏ ‏(‏‏(‏متفق عليه‏)‏‏)‏",
      "english": {
        "narrator": "Ibn 'Umar (May Allah be pleased with them) reported:",
        "text": "The Messenger of Allah (ﷺ) said, \"(The superstructure of) Islam is based on five (pillars), testifying the fact that La ilaha illallah wa anna Muhammad-ar-Rasul-ullah ."
      },
      "turkish": {
        "narrator": "Ibn 'Umar (May Allah be pleased with them) reported:",
        "text": "İbn 'Umar (Allah ondan razı olsun) bildirdi: Allah'ın Elçisi (ﷺ) şöyle dedi: \"İslam'ın (temeli) beş (şarta) dayanmaktadır; La ilaha illallah ve Muhammed-ar-Rasul-ullah'ı tasdik etmek.\""
      }
    },
    {
      "id": 2,
      "idInBook": 2,
      "chapterId": 10,
      "bookId": 13,
      "arabic": "وعن أبي هريرة رضي الله عنه قال‏:‏ خطبنا رسول الله صلى الله عليه وسلم فقال‏:‏ ‏\"‏يا أيها الناس إن الله قد فرض عليكم الحج فحجوا‏\"‏ فقال رجل‏:‏ أكل عام يا رسول الله‏؟‏ فسكت، حتى قالها ثلاثًا فقال رسول الله صلى الله عليه وسلم ‏:‏ ‏\"‏لو قلت نعم لوجبت، ولما استطعتم‏\"‏ ثم قال‏:‏ ‏\"‏ذروني ما تركتكم، فإنما هلك من كان قبلكم بكثرة سؤالهم، واختلافهم على أنبيائهم، فإذا أمرتكم بشيء فأتوا منه ما استطعتم، وإذا نهيتكم عن شيء فدعوه‏\"‏‏.‏ ‏(‏‏(‏رواه مسلم‏)‏‏)‏‏.‏",
      "english": {
        "narrator": "Abu Hurairah (May Allah be pleased with him) reported:",
        "text": "The Messenger of Allah (ﷺ) delivered a Khutbah and said, \"O people! Hajj (pilgrimage to the House of Allah) has been made incumbent upon you, so perform Hajj.\" A man inquired: \"O Messenger of Allah, is it prescribed every year?\" He (ﷺ) remained silent till the man repeated it thrice. Then he (ﷺ) said, \"Had I replied in the affirmative, it would have surely become obligatory, and you would not have been able to fulfill it.\" Afterwards he said, \"Do not ask me so long as I do not impose anything upon you, because those who were before you were destroyed on account of their frequent questioning and their disagreement with their Prophets. So when I order you to do something, do it as far as you can; and when I forbid you from doing anything, eschew it.\"."
      },
      "turkish": {
        "narrator": "Abu Hurairah (May Allah be pleased with him) reported:",
        "text": "Ebu Hüreyre (Allah ondan razı olsun) bildirdi: Allah'ın Elçisi (ﷺ) bir hutbe verdi ve şöyle dedi: \"Ey insanlar! Hac (Allah'ın evine yapılan seyahat) sizlere farz kılındı, o halde Hac yapın.\" Bir adam sordu: \"Ey Allah'ın Elçisi, bu her yıl mı farz?\" O (ﷺ) suskun kaldı, adam bunu üç kez tekrar etti. Sonunda o (ﷺ) dedi ki: \"Eğer olumlu cevap vermiş olsaydım, bu kesinlikle farz olurdu ve bunu yerine getiremeyecektiniz.\" Ardından şöyle dedi: \"Sizlere bir şey emretmediğim sürece benden soru sormayın, çünkü sizden önceki topluluklar, sık sık soru sormaları ve Peygamberleriyle ihtilafa düşmeleri nedeniyle helak oldular. O halde, size bir şey emrettiğimde, elinizden geldiğince yapın; ve bir şeyden men ettiğimde, ondan kaçının.\""
      }
    },
    {
      "id": 3,
      "idInBook": 3,
      "chapterId": 10,
      "bookId": 13,
      "arabic": "وعنه قال‏:‏ سئل النبي صلى الله عليه وسلم أي العمل أفضل‏؟‏ قال‏:‏ ‏\"‏إيمان بالله ورسوله‏\"‏ قيل‏:‏ ثم ماذا‏؟‏ قال‏:‏ ‏\"‏الجهاد في سبيل الله‏\"‏ قيل ثم ماذا‏؟‏ قال‏:‏ ‏\"‏حج مبرور‏\"‏ ‏(‏‏(‏متفق عليه‏)‏‏)‏  \n‏\"‏المبرور‏\"‏ هو الذي لا يرتكب صاحبه فيه معصية‏.‏",
      "english": {
        "narrator": "Abu Hurairah (May Allah be pleased with him) reported:",
        "text": "The Prophet (ﷺ) was asked: \"Which deed is the best?\" He (ﷺ) replied, \"Faith in Allah and His Messenger.\" Then he was asked: \"What is next?\" He replied, \"Jihad (holy fighting) in the Cause of Allah.\" Then he was asked, \"What is after that?\" He (ﷺ) replied, \"Hajj Mabrur (an accepted pilgrimage).\"."
      },
      "turkish": {
        "narrator": "Abu Hurairah (May Allah be pleased with him) reported:",
        "text": "Ebu Hüreyre (Allah ondan razı olsun) bildirdi: Peygamber (ﷺ) soruldu: \"Hangi amel en hayırlıdır?\" O (ﷺ) cevap verdi: \"Allah'a ve Resulüne iman.\" Sonra soruldu: \"Peki, sonrası nedir?\" O cevapladı: \"Allah yolunda cihad.\" Sonra soruldu: \"Ondan sonra ne var?\" O (ﷺ) cevapladı: \"Mabrur Hac (kabul edilen hac).\""
      }
    },
    {
      "id": 4,
      "idInBook": 4,
      "chapterId": 10,
      "bookId": 13,
      "arabic": "وعنه قال سمعت رسول الله صلى الله عليه وسلم يقول‏:‏ ‏\n\"‏من حج، فلم يرفث ولم يفسق، رجع كيوم ولدته أمه‏\"‏ ‏(‏‏(‏متفق عليه‏)‏‏)‏",
      "english": {
        "narrator": "Abu Hurairah (May Allah be pleased with him) reported:",
        "text": "The Messenger of Allah (ﷺ) said, \"Whoever performs Hajj (pilgrimage) and does not have sexual relations (with his wife), nor commits sin, nor disputes unjustly (during Hajj), then he returns from Hajj as pure and free from sins as on the day on which his mother gave birth to him.\"."
      },
      "turkish": {
        "narrator": "Abu Hurairah (May Allah be pleased with him) reported:",
        "text": "Ebu Hüreyre (Allah ondan razı olsun) bildirdi: Allah'ın Elçisi (ﷺ) şöyle dedi: \"Kim Hac (ziyaret) yapar ve eşleriyle cinsel ilişkiye girmez, günah işlemez ve Hac sırasında haksız yere tartışmazsa, o kişi Hac'dan, annesinin onu doğurduğu günkü gibi günahsız ve temiz olarak döner.\""
      }
    },
    {
      "id": 5,
      "idInBook": 5,
      "chapterId": 10,
      "bookId": 13,
      "arabic": "وعنه أن رسول الله صلى الله عليه وسلم قال‏:‏ ‏\n\"‏العمرة إلى العمرة كفارة لما بينهما، والحج المبرور ليس له جزاء إلا الجنة‏\"‏ ‏(‏‏(‏متفق عليه‏)‏‏)‏",
      "english": {
        "narrator": "Abu Hurairah (May Allah be pleased with him) reported:",
        "text": "The Messenger of Allah (ﷺ) said, \"(The performance of) 'Umrah is an expiation for the sins committed between it and the previous 'Umrah; and the reward of Hajj Mabrur (i.e., one accepted) is nothing but Jannah.\"."
      },
      "turkish": {
        "narrator": "Abu Hurairah (May Allah be pleased with him) reported:",
        "text": "Ebu Hüreyre (Allah ondan razı olsun) bildirdi: Allah'ın Elçisi (ﷺ) şöyle dedi: \"Umre (ziyaret) yapmak, önceki Umre ile arasında işlenen günahların kefaretidir; ve Mabrur Hac'ın (yani kabul edilen hacın) mükafatı sadece Cennet'tir.\""
      }
    },
    {
      "id": 6,
      "idInBook": 6,
      "chapterId": 10,
      "bookId": 13,
      "arabic": "وعن عائشة رضي الله عنها قالت‏:‏ قلت يا رسول الله نرى الجهاد أفضل العمل، أفلا نجاهد‏؟‏ فقال‏:‏ ‏:‏ ‏\n\"‏لَكُنّ أفضل الجهاد حج مبرور‏\"‏ ‏(‏‏(‏رواه البخاري‏)‏‏)‏‏.‏",
      "english": {
        "narrator": "'Aishah (May Allah be pleased with her) reported:",
        "text": "I said: \"O Messenger of Allah! We consider Jihad as the best deed, should we not then go for Jihad?\" The Messenger of Allah (ﷺ) said, \"The best Jihad for you women is Hajj Mabrur (i.e., one accepted by Allah).\"."
      },
      "turkish": {
        "narrator": "'Aishah (May Allah be pleased with her) reported:",
        "text": "Aişe (Allah ondan razı olsun) bildirdi: Ben dedim: \"Ey Allah'ın Elçisi! Biz cihadı en iyi amel olarak görüyoruz, o halde cihada gitmemiz gerekmiyor mu?\" Allah'ın Elçisi (ﷺ) dedi ki: \"Siz kadınlar için en iyi cihad, Mabrur Hac'dır (yani Allah katında kabul edilen hac).\""
      }
    },
    {
      "id": 7,
      "idInBook": 7,
      "chapterId": 10,
      "bookId": 13,
      "arabic": "وعنها أن رسول الله صلى الله عليه وسلم، قال‏:‏ ‏\n\"‏ما من يوم أكثر من أن يعتق الله فيه عبدًا من النار من يوم عرفة‏\"‏ ‏(‏‏(‏رواه مسلم‏)‏‏)‏‏.‏",
      "english": {
        "narrator": "'Aishah (May Allah be pleased with her) reported:",
        "text": "The Messenger of Allah (ﷺ) said, \"There is no day on which Allah sets free more slaves from Hell than He does on the Day of 'Arafah.\"."
      },
      "turkish": {
        "narrator": "'Aishah (May Allah be pleased with her) reported:",
        "text": "Aişe (Allah ondan razı olsun) bildirdi: Allah'ın Elçisi (ﷺ) şöyle dedi: \"Arafat Günü'nde Allah, cehennemden daha fazla köleyi azat etmez.\""
      }
    },
    {
      "id": 8,
      "idInBook": 8,
      "chapterId": 10,
      "bookId": 13,
      "arabic": "وعن ابن عباس رضي الله عنهما، أن النبي صلى الله عليه وسلم قال‏:‏ ‏\n\"‏عمرة في رمضان تعدل عمرة أو حجة معي‏\"‏‏.‏ ‏(‏‏(‏متفق عليه‏)‏‏)‏",
      "english": {
        "narrator": "Ibn 'Abbas (May Allah be pleased with them) reported:",
        "text": "The Prophet (ﷺ) said, \"(The performance of) 'Umrah during Ramadan is equal to Hajj (pilgrimage).\" Or said, \"Equal to the performance of Hajj with me.\"."
      },
      "turkish": {
        "narrator": "Ibn 'Abbas (May Allah be pleased with them) reported:",
        "text": "İbn Abbas (Allah onlardan razı olsun) bildirdi: Peygamber (ﷺ) şöyle dedi: \"Ramazan'da yapılan Umre, Hac (ziyaret) ile eşdeğerdir.\" Ya da şöyle dedi: \"Benimle birlikte Hac yapmanın eşdeğeridir.\""
      }
    },
    {
      "id": 9,
      "idInBook": 9,
      "chapterId": 10,
      "bookId": 13,
      "arabic": "وعنه أن امرأة قالت‏:‏ يا رسول الله إن فريضة الله على عباده في الحج، أدركت أبي شيخًا كبيرًا، لا يثبت على الراحلة، أفأحج عنه‏؟‏ قال‏:‏ ‏\n\"‏نعم‏\"‏‏.‏ ‏(‏‏(‏متفق عليه‏)‏‏)‏",
      "english": {
        "narrator": "Ibn 'Abbas (May Allah be pleased with them) reported:",
        "text": "A woman came to the Messenger of Allah (ﷺ) and said, \"Allah's obligation upon His slaves has become obligatory on my father in his old age. My father is very old and incapable of riding. May I perform Hajj on his behalf?\" He (ﷺ) said, \"Yes.\"."
      },
      "turkish": {
        "narrator": "Ibn 'Abbas (May Allah be pleased with them) reported:",
        "text": "İbn Abbas (Allah onlardan razı olsun) bildirdi: Bir kadın, Allah'ın Elçisine (ﷺ) geldi ve şöyle dedi: \"Allah'ın kulları üzerindeki farzı, babama yaşlılıkta farz kılındı. Babam çok yaşlı ve binerken güçsüz. Onun adına Hac yapabilir miyim?\" O (ﷺ) dedi: \"Evet.\""
      }
    },
    {
      "id": 10,
      "idInBook": 10,
      "chapterId": 10,
      "bookId": 13,
      "arabic": "وعن لقيط بن عامر رضي الله عنه أنه أتى النبي صلى الله عليه وسلم فقال‏:‏ إن أبي شيخ كبير لا يستطيع الحج ولا العمرة، ولا الظعن قال‏:‏ ‏\n\"‏حج عن أبيك واعتمر‏\"‏ ‏(‏‏(‏رواه أبو داود والترمذي وقال‏:‏ حديث حسن صحيح‏.‏ ‏)‏‏)‏‏.‏",
      "english": {
        "narrator": "Laqit bin 'Amir (May Allah be pleased with him) reported:",
        "text": "I came to the Prophet (ﷺ) and said: \"My father is a very old man and does not have strength to perform Hajj (pilgrimage) or 'Umrah or to undertake the journey.\" The Prophet (ﷺ) said, \"Perform Hajj and 'Umrah on behalf of your father.\"."
      },
      "turkish": {
        "narrator": "Laqit bin 'Amir (May Allah be pleased with him) reported:",
        "text": "Laqit bin 'Amir (Allah ondan razı olsun) bildirdi: Ben Peygamber'e (ﷺ) geldim ve dedim: \"Babam çok yaşlı bir adam ve Hac (ziyaret) veya Umre yapacak gücü yok.\" Peygamber (ﷺ) dedi: \"Baban adına Hac ve Umre yap.\""
      }
    },
    {
      "id": 11,
      "idInBook": 11,
      "chapterId": 10,
      "bookId": 13,
      "arabic": "وعن السائب بن يزيد رضي الله عنه، قال‏:‏ حج بي مع رسول الله صلى الله عليه وسلم في حجة الوداع وأنا ابن سبع سنين‏.‏ ‏(‏‏(‏رواه البخاري‏)‏‏)‏‏.‏",
      "english": {
        "narrator": "As-Sai'b bin Yazid (May Allah be pleased with him) reported:",
        "text": "I was seven years old when I was taken to perform Hajj (pilgrimage). This was during the time the Messenger of Allah (ﷺ) performed the Hajjat-ul-Wada' (Farewell Pilgrimage).."
      },
      "turkish": {
        "narrator": "As-Sai'b bin Yazid (May Allah be pleased with him) reported:",
        "text": "Es-Sa'ib bin Yazid (Allah ondan razı olsun) bildirdi: Yedi yaşındaydım, Hac (ziyaret) yapmak üzere götürüldüm. Bu, Allah'ın Elçisinin (ﷺ) Veda Haccı sırasında oldu."
      }
    },
    {
      "id": 12,
      "idInBook": 12,
      "chapterId": 10,
      "bookId": 13,
      "arabic": "وعن ابن عباس رضي الله عنهما أن النبي صلى الله عليه وسلم لقي ركبا بالروحاء فقال‏:‏ ‏\"‏من القوم‏؟‏‏\"‏ قالوا‏:‏ المسلمون‏.‏ قالوا من أنت‏؟‏ قال‏:‏ ‏\"‏رسول الله‏\"‏ فرفعت امرأة صبيًا فقالت‏:‏ ألهذا حج‏؟‏ قال ‏\"‏نعم ولك أجر‏\"‏ ‏(‏‏(‏رواه مسلم‏)‏‏)‏‏.‏",
      "english": {
        "narrator": "Ibn 'Abbas (May Allah be pleased with them) reported:",
        "text": "The Prophet (ﷺ) came across a caravan at Ar-Rauha' and asked who the people in the caravan were. They replied that they were Muslims. They asked: \"Who are you?\" He (ﷺ) said, \"I am the Messenger of Allah.\" Then a woman lifted up a boy to him and asked: \"Would this child be credited with having performed the Hajj (pilgrimage)?\" Whereupon he (ﷺ) said, \"Yes, and you will have a reward.\"."
      },
      "turkish": {
        "narrator": "Ibn 'Abbas (May Allah be pleased with them) reported:",
        "text": "İbn Abbas (Allah onlardan razı olsun) bildirdi: Peygamber (ﷺ) Ar-Rauha'da bir kervana rastladı ve kervandaki insanların kim olduğunu sordu. Onlar Müslüman olduklarını söylediler. \"Siz kimsiniz?\" diye sordular. O (ﷺ) dedi: \"Ben Allah'ın Elçisiyim.\" Sonra bir kadın, bir çocuğu ona kaldırdı ve sordu: \"Bu çocuk Hac (ziyaret) yapmış sayılacak mı?\" Bunun üzerine o (ﷺ) dedi: \"Evet, ve sen de mükafat alacaksın.\""
      }
    },
    {
      "id": 13,
      "idInBook": 13,
      "chapterId": 10,
      "bookId": 13,
      "arabic": "وعن أنس رضي الله عنه، أن رسول الله صلى الله عليه وسلم حج على رحل وكانت زاملته‏.‏ ‏(‏‏(‏رواه البخاري‏)‏‏)‏‏.‏",
      "english": {
        "narrator": "Anas (May Allah be pleased with him) reported:",
        "text": "The Messenger of Allah (ﷺ) performed the pilgrimage on an unsaddled camel which also carried his provisions (i.e., his Zamilah).."
      },
      "turkish": {
        "narrator": "Anas (May Allah be pleased with him) reported:",
        "text": "Enes (Allah ondan razı olsun) bildirdi: Allah'ın Elçisi (ﷺ), eşyalarını taşıyan bir eyerlenmemiş deve üzerinde Hac yaptı."
      }
    },
    {
      "id": 14,
      "idInBook": 14,
      "chapterId": 10,
      "bookId": 13,
      "arabic": "وعن ابن عباس رضي الله عنهما قال‏:‏ كانت عكاظ ومجنة، وذو المجاز أسواقًا في الجاهلية، فتأثموا أن يتجروا في المواسم، فنزلت‏:‏ ‏{‏ليس عليكم جناح أن تبتغوا فضلا من ربكم‏}‏ ‏(‏‏(‏البقرة‏:‏ 198‏)‏‏)‏ في مواسم الحج‏.‏‏(‏‏(‏رواه البخاري‏)‏‏)‏‏.‏",
      "english": {
        "narrator": "Ibn 'Abbas (May Allah be pleased with them) reported:",
        "text": "Ukaz, Mijannah and Dhul-Majaz were markets during the pre-Islamic period. The Companions disliked trading there till the following Ayat of the Noble Qur'an were revealed: \"There is no sin on you if you seek the Bounty of your Rubb (during pilgrimage by trading)...\" (2:198)."
      },
      "turkish": {
        "narrator": "Ibn 'Abbas (May Allah be pleased with them) reported:",
        "text": "İbn Abbas (Allah onlardan razı olsun) bildirdi: Ukaz, Mijannah ve Dhul-Majaz, İslam öncesi dönemde pazar yerleriydi. Ashab, bu yerlerde ticaret yapmayı hoş karşılamadı, ta ki şu Ayet-i Kerime nazil oluncaya kadar: \"Hac sırasında ticaret yapmanızda size bir günah yoktur...\" (2:198)."
      }
    }
  ],
  "chapter": {
    "id": 10,
    "bookId": 13,
    "arabic": "كتاب الحج",
    "english": "The Book of Hajj"
  }
}