{
  "metadata": {
    "length": 4,
    "arabic": {
      "title": "رياض الصالحين",
      "author": "الإمام يحيى بن شرف النووي",
      "introduction": "كتاب حمد الله تعالى وشكره"
    },
    "english": {
      "title": "Riyad as-Salihin",
      "author": "Imam Yahya ibn Sharaf al-Nawawi",
      "introduction": "The Book of Praise and Gratitude to Allah"
    }
  },
  "hadiths": [
    {
      "id": 1,
      "idInBook": 1,
      "chapterId": 13,
      "bookId": 13,
      "arabic": "وعن أبي هريرة رضي الله عنه أن النبي صلى الله عليه وسلم أتي ليلة أسري به بقدحين من خمر ولبن، فنظر إليهما فأخذ اللبن، فقال جبريل صلى الله عليه وسلم‏:‏ ‏\"‏الحمد لله الذي هداك للفطرة لو أخذت الخمر غوت أمتك” ‏(‏‏(‏رواه مسلم‏)‏‏)‏‏.‏",
      "english": {
        "narrator": "Abu Hurairah (May Allah be pleased with him) reported:",
        "text": "On the Night of Al-Isra (the Night of Ascension) the Prophet (ﷺ) was presented with two drinking vessels: one full of wine and the other one full of milk. He looked at them. Then he took the vessel which was full of milk. Thereupon Jibril (Gabriel) said: \"Al-hamdu lillah (praise be to Allah) Who has guided you to that, which is in accord with Fitrah (i.e., Islamic Monotheism; pure nature of Islam). Had you selected wine, your people would have gone astray.\"."
      },
      "turkish": {
        "narrator": "Abu Hurairah (May Allah be pleased with him) reported:",
        "text": "Ebu Hureyre (Allah ondan razı olsun) rivayet etti: Miraç Gecesi'nde (İsra Gecesi) Peygamber (ﷺ) iki içki kabı ile karşılaştı: biri şarapla dolu, diğeri ise sütle doluydu. Onlara baktı. Sonra sütle dolu kabı aldı. Bunun üzerine Cebrail (a.s) dedi ki: \"Elhamdülillah (Allah'a hamd olsun) ki seni, Fıtrat'a (yani İslami Tevhid; İslam'ın saf doğası) uygun olanla doğru yola iletti. Eğer şarabı seçseydin, kavmin sapıtacaktı.\"."
      }
    },
    {
      "id": 2,
      "idInBook": 2,
      "chapterId": 13,
      "bookId": 13,
      "arabic": "وعنه عن رسول الله صلى الله عليه وسلم قال‏:‏ ‏\n\"‏كل أمر ذي بال لا يبدأ فيه‏:‏ بالحمد لله فهو أقطع‏\"‏ حديث حسن، ‏(‏‏(‏رواه أبو داود وغيره‏)‏‏)‏‏.‏",
      "english": {
        "narrator": "Abu Hurairah (May Allah be pleased with him) reported:",
        "text": "The Messenger of Allah (ﷺ) said, \"Any matter of importance which is not begun with Al-hamdu lillah (praise be to Allah) remains defective.\"."
      },
      "turkish": {
        "narrator": "Abu Hurairah (May Allah be pleased with him) reported:",
        "text": "Ebu Hureyre (Allah ondan razı olsun) rivayet etti: Allah'ın Elçisi (ﷺ) şöyle dedi: \"Her önemli mesele, Elhamdülillah (Allah'a hamd olsun) ile başlamazsa, eksik kalır.\"."
      }
    },
    {
      "id": 3,
      "idInBook": 3,
      "chapterId": 13,
      "bookId": 13,
      "arabic": "وعن أبي موسى الأشعري رضي الله عنه أن رسول الله صلى الله عليه وسلم قال‏:‏ ‏\n\"‏إذا مات ولد العبد قال الله تعالى لملائكته‏:‏ قبضتم ولد عبدي‏؟‏ فَيقولون : نَعَمْ ، فيقول : قَبَضْتُمْ ثَمَرَةَ فُؤادِهِ ؟ فيقولون : نَعَمْ ، فيقول : فماذا قال عبدي‏؟‏ فيقولون‏:‏ حمدك واسترجع، فيقول الله تعالى‏:‏ ابنوا لعبدي بيتًا في الجنة، وسموه بيت الحمد‏\"‏‏.‏ رواه الترمذي وقال حديث حسن‏.‏",
      "english": {
        "narrator": "Abu Musa Al-Ash'ari (May Allah be pleased with him) reported:",
        "text": "The Messenger of Allah (ﷺ) said, \"When a slave's child dies, Allah the Most High asks His angels, 'Have you taken out the life of the child of My slave?\" They reply in the affirmative. He then asks, 'Have you taken the fruit of his heart?' They reply in the affirmative. Thereupon he asks, 'What has My slave said?' They say: 'He has praised You and said: Inna lillahi wa inna ilaihi raji'un (We belong to Allah and to Him we shall be returned). Allah says: 'Build a house for My slave in Jannah and name it as Bait-ul-Hamd (the House of Praise).\"'."
      },
      "turkish": {
        "narrator": "Abu Musa Al-Ash'ari (May Allah be pleased with him) reported:",
        "text": "Ebu Musa el-Eş'ari (Allah ondan razı olsun) rivayet etti: Allah'ın Elçisi (ﷺ) şöyle dedi: \"Bir kulun çocuğu öldüğünde, Yüce Allah meleklerine sorar: 'Kulumun çocuğunun canını aldınız mı?' Onlar evet derler. Sonra sorar: 'Kalbinin meyvesini aldınız mı?' Onlar evet derler. Bunun üzerine sorar: 'Kulum ne söyledi?' Onlar derler: 'O seni övdü ve dedi ki: İnna lillahi ve inna ileyhi raji'un (Biz Allah'a aitiz ve O'na döneceğiz).' Allah der ki: 'Kulum için Cennet'te bir ev inşa edin ve adını Bait-ul-Hamd (Övgü Evi) koyun.'\"."
      }
    },
    {
      "id": 4,
      "idInBook": 4,
      "chapterId": 13,
      "bookId": 13,
      "arabic": "وعن أنس رضي الله عنه قال‏:‏ قال رسول الله صلى الله عليه وسلم‏:‏ ‏\n\"‏إن الله ليرضى عن العبد يأكل الأكلة فيحمده عليها، ويشرب الشربة، فيحمده عليها‏\"‏ ‏(‏‏(‏رواه مسلم‏)‏‏)‏‏.‏",
      "english": {
        "narrator": "Anas bin Malik (May Allah be pleased with him) reported:",
        "text": "The Messenger of Allah (ﷺ) said, \"Allah is pleased with His slave who says: 'Al-hamdu lillah (praise be to Allah)' when he takes a morsel of food and drinks a draught of water.\"."
      },
      "turkish": {
        "narrator": "Anas bin Malik (May Allah be pleased with him) reported:",
        "text": "Enes bin Malik (Allah ondan razı olsun) rivayet etti: Allah'ın Elçisi (ﷺ) şöyle dedi: \"Allah, bir lokma yiyecek alıp bir yudum su içtiğinde 'Elhamdülillah (Allah'a hamd olsun)' diyen kulundan razı olur.\"."
      }
    }
  ],
  "chapter": {
    "id": 13,
    "bookId": 13,
    "arabic": "كتاب حمد الله تعالى وشكره",
    "english": "The Book of Praise and Gratitude to Allah"
  }
}