{
  "metadata": {
    "length": 28,
    "arabic": {
      "title": "رياض الصالحين",
      "author": "الإمام يحيى بن شرف النووي",
      "introduction": "كتاب الاستغفار"
    },
    "english": {
      "title": "Riyad as-Salihin",
      "author": "Imam Yahya ibn Sharaf al-Nawawi",
      "introduction": "The Book of Forgiveness"
    }
  },
  "hadiths": [
    {
      "id": 1,
      "idInBook": 1,
      "chapterId": 19,
      "bookId": 13,
      "arabic": "وعن الأغر المزني رضي الله عنه أن رسول الله صلى الله عليه وسلم  قال‏:‏ ‏\n\"‏إنه ليغان على قلبي، وإني لأستغفر الله في اليوم مائة مرة‏\"‏ ‏(‏‏(‏رواه مسلم‏)‏‏)‏‏.‏",
      "english": {
        "narrator": "Al-Agharr Al-Muzani (May Allah be pleased with him) said:",
        "text": "The Messenger of Allah (ﷺ) said, \"Sometimes I perceive a veil over my heart, and I supplicate Allah for forgiveness a hundred times in a day.\"."
      },
      "turkish": {
        "narrator": "Al-Agharr Al-Muzani (May Allah be pleased with him) said:",
        "text": "Al-Agharr Al-Muzani (Allah ondan razı olsun) dedi ki: Allah'ın Resulü (ﷺ) şöyle buyurdu: \"Bazen kalbimde bir perde hissediyorum ve günde yüz defa Allah'tan bağışlanma diliyorum.\"."
      }
    },
    {
      "id": 2,
      "idInBook": 2,
      "chapterId": 19,
      "bookId": 13,
      "arabic": "وعن أبي  هريرة رضي الله عنه قال‏:‏ سمعت رسول الله صلى الله عليه وسلم  يقول “والله إني لأستغفر الله وأتوب إليه في اليوم أكثر من سبعين مرة‏\"‏ ‏(‏‏(‏رواه البخاري‏)‏‏)‏‏.‏",
      "english": {
        "narrator": "Abu Hurairah (May Allah be pleased with him) said:",
        "text": "I heard the Messenger of Allah (ﷺ) saying, \"I swear by Allah that I seek Allah's Pardon and turn to Him in repentance more than seventy times a day.\"."
      },
      "turkish": {
        "narrator": "Abu Hurairah (May Allah be pleased with him) said:",
        "text": "Ebu Hureyre (Allah ondan razı olsun) dedi ki: Allah'ın Resulü (ﷺ) şöyle buyurdu: \"Allah'a yemin ederim ki, günde yetmiş defadan fazla Allah'ın affını talep eder ve O'na yönelirim.\"."
      }
    },
    {
      "id": 3,
      "idInBook": 3,
      "chapterId": 19,
      "bookId": 13,
      "arabic": "وعنه رضي الله عنه قال‏:‏ قال رسول الله صلى الله عليه وسلم ‏:‏ ‏\n\"‏والذي نفسي بيده لو لم تذنبوا، لذهب الله تعالى بكم، ولجاء بقوم يذنبون فيستغفرون الله تعالى فيغفر لهم‏\"‏ ‏(‏‏(‏رواه مسلم‏)‏‏)‏‏.‏",
      "english": {
        "narrator": "Abu Hurairah (May Allah be pleased with him) said:",
        "text": "The Messenger of Allah (ﷺ) said, \"By the One in Whose Hand my soul is! If you do not commit sins, Allah would replace you with a people who would commit sins and seek forgiveness from Allah; and Allah will certainly forgive them.\"."
      },
      "turkish": {
        "narrator": "Abu Hurairah (May Allah be pleased with him) said:",
        "text": "Ebu Hureyre (Allah ondan razı olsun) dedi ki: Allah'ın Resulü (ﷺ) şöyle buyurdu: \"Canımın elinde olduğu Zat'a yemin ederim! Eğer siz günah işlemezseniz, Allah sizi günah işleyen ve Allah'tan bağışlanma dileyen bir toplumla değiştirir; ve Allah kesinlikle onları affedecektir.\"."
      }
    },
    {
      "id": 4,
      "idInBook": 4,
      "chapterId": 19,
      "bookId": 13,
      "arabic": "وعن بن عمر رضي الله عنه قال‏:‏ كنا نعد لرسول الله صلى الله عليه وسلم  في المجلس الواحد مائة مرة‏:‏ ‏\n\"‏رب اغفر لي، وتب على إنك أنت التواب الرحيم‏\"‏ ‏(‏‏(‏رواه أبوداود والترمذي‏)‏‏)‏‏.‏ وقال : (( حديث حسن صحيح غريب )) .",
      "english": {
        "narrator": "Ibn 'Umar (May Allah be pleased with them) said:",
        "text": "We counted Messenger's saying a hundred times during one single sitting: Rabb- ighfir li, wa tubb 'alayya, innaka Antat-Tawwabur-Rahim. (My Rubb! Forgive me and pardon me. Indeed, You are the Oft-Returning with compassion and Ever Merciful.\"."
      },
      "turkish": {
        "narrator": "Ibn 'Umar (May Allah be pleased with them) said:",
        "text": "İbn Ömer (Allah onlardan razı olsun) dedi ki: Resulullah'ın bir oturumda yüz defa söylediğini saydık: \"Rabb- ighfir li, wa tubb 'alayya, innaka Antat-Tawwabur-Rahim.\" (Rabbim! Beni affet ve bağışla. Şüphesiz, Sen çokça tövbe kabul eden ve merhamet edensin.)\"."
      }
    },
    {
      "id": 5,
      "idInBook": 5,
      "chapterId": 19,
      "bookId": 13,
      "arabic": "وعن ابن عباس رضي الله عنه قال‏:‏ قال رسول الله صلى الله عليه وسلم ‏:‏ “من لزم الاستغفار ، جعل الله له من كل ضيق مخرجاً ومن كل هم فرجاً، ورزقه من حيث لا يحتسب‏\"‏ رواه أبو داود‏‏.‏",
      "english": {
        "narrator": "Ibn 'Abbas (May Allah be pleased with them) said:",
        "text": "The Messenger of Allah (ﷺ) said, \"If anyone constantly seeks pardon (from Allah), Allah will appoint for him a way out of every distress and a relief from every anxiety, and will provide sustenance for him from where he expects not.\"."
      },
      "turkish": {
        "narrator": "Ibn 'Abbas (May Allah be pleased with them) said:",
        "text": "İbn Abbas (Allah onlardan razı olsun) dedi ki: Allah'ın Resulü (ﷺ) şöyle buyurdu: \"Kim sürekli Allah'tan af dilerse, Allah ona her sıkıntıdan bir çıkış yolu ve her kaygıdan bir rahatlık verir ve ona beklemediği yerden rızık verir.\"."
      }
    },
    {
      "id": 6,
      "idInBook": 6,
      "chapterId": 19,
      "bookId": 13,
      "arabic": "وعن ابن مسعود رضي الله عنه قال‏:‏ قال رسول الله صلى الله عليه وسلم ‏:‏ ‏\n\"‏من قال‏:‏ أستغفر الله الذي لا إله إلا هو الحي القيوم وأتوب إليه ، غفرت ذنوبه ، وإن كان قد فر من الزحف‏\"‏ ‏(‏‏(‏رواه أبو داود والترمذي والحاكم، وقال‏:‏ حديث صحيح على شرط البخاري ومسلم‏)‏‏)‏‏.‏",
      "english": {
        "narrator": "Ibn Mas'ud (May Allah be pleased with him) said:",
        "text": "The Messenger of Allah (ﷺ) said, \"He who says: 'Astaghfir ullah-alladhi la ilaha illa Huwal-Haiyul-Qayyumu, wa atubu ilaihi (I seek the forgiveness of Allah, there is no true god except Allah, the Ever-Living, the Self- Subsisting, and I turn to Him in repentance),' his sins will be forgiven even if he should have run away from the battlefield (while he was engaged in fighting for the Cause of Allah).\"."
      },
      "turkish": {
        "narrator": "Ibn Mas'ud (May Allah be pleased with him) said:",
        "text": "İbn Mes'ud (Allah ondan razı olsun) dedi ki: Allah'ın Resulü (ﷺ) şöyle buyurdu: \"Kim: 'Astaghfir ullah-alladhi la ilaha illa Huwal-Haiyul-Qayyumu, wa atubu ilaihi' (Allah'tan af diliyorum, O'ndan başka ilah yoktur, O Hayy ve Kayyum'dur ve O'na yöneliyorum) derse, onun günahları affedilir, hatta savaşta (Allah yolunda) savaştığı sırada kaçmış olsa bile.\"."
      }
    },
    {
      "id": 7,
      "idInBook": 7,
      "chapterId": 19,
      "bookId": 13,
      "arabic": "وعن شداد بن أوس رضي الله عنه  عن النبي صلى الله عليه وسلم  قال‏:‏ ‏\"‏سيد الإستغفار أن يقول العبد ‏:‏ اللهم أنت ربي، لا إله إلا أنت ، خلقتني وأنا عبدك، وأنا على عهدك ووعدك ما استطعت أعوذ بك من شر ما صنعت أبوء لك بنعمتك علي، وأبوء بذنبي، فاغفر لي فإنه لا يغفر الذنوب إلا أنت، من قالها من النهار موقنا بها، فمات من يومه قبل أن يمسي، فهو من أهل الجنة، ومن قالها من الليل وهو موقن بها فمات قبل أن يصبح، فهو من أهل الجنة” ‏(‏‏(‏رواه البخاري‏)‏‏)‏‏.‏ (1)",
      "english": {
        "narrator": "Shaddad bin Aus (May Allah be pleased with him) said:",
        "text": "The Prophet (ﷺ) said, \"The best supplication for seeking forgiveness (Syed-ul- Istighfar) is to say: 'Allahumma Anta Rabbi, la ilaha illa Anta, khalaqtani wa ana 'abduka, wa ana 'ala 'ahdika wa wa'dika mastata'tu, a'udhu bika min sharri ma sana'tu, abu'u laka bini'matika 'alayya, wa abu'u bidhanbi faghfir li, fa innahu la yaghfirudh-dhunuba illa Anta. (O Allah! You are my Rubb. There is no true god except You. You have created me, and I am Your slave, and I hold to Your Covenant as far as I can. I seek refuge in You from the evil of what I have done. I acknowledge the favours that You have bestowed upon me, and I confess my sins. Pardon me, for none but You has the power to pardon).' He who supplicates in these terms during the day with firm belief in it and dies on the same day (before the evening), he will be one of the dwellers of Jannah; and if anyone supplicates in these terms during the night with firm belief in it and dies before the morning, he will be one of the dwellers of Jannah.\"."
      },
      "turkish": {
        "narrator": "Shaddad bin Aus (May Allah be pleased with him) said:",
        "text": "Şeddad bin Evs (Allah ondan razı olsun) dedi ki: Peygamber (ﷺ) şöyle buyurdu: \"Bağışlanma dilemenin en iyi duası (Seyyid-ul İstighfar) şudur: 'Allahumma Anta Rabbi, la ilaha illa Anta, khalaqtani wa ana 'abduka, wa ana 'ala 'ahdika wa wa'dika mastata'tu, a'udhu bika min sharri ma sana'tu, abu'u laka bini'matika 'alayya, wa abu'u bidhanbi faghfir li, fa innahu la yaghfirudh-dhunuba illa Anta.' (Ey Allah! Sen benim Rabbimsin. Senden başka ilah yoktur. Beni yarattın ve ben Senin kulunum, elimden geldiğince Senin ahdine ve vaadine bağlıyım. Yaptığım kötülüklerin şerrinden Sana sığınırım. Üzerimdeki nimetlerini kabul ediyorum ve günahlarımı itiraf ediyorum. Beni affet, çünkü günahları affedecek olan yalnızca Sensin.)\" Bu şekilde günde kesin bir inançla dua eden ve o gün akşam olmadan ölen kimse cennetlik olacaktır; ve bu şekilde gece dua eden ve sabah olmadan ölen kimse de cennetlik olacaktır.\"."
      }
    },
    {
      "id": 8,
      "idInBook": 8,
      "chapterId": 19,
      "bookId": 13,
      "arabic": "- وعن ثوبان رضي الله عنه قال‏:‏ كان رسول الله صلى الله عليه وسلم  إذا انصرف من صلاته ، استغفر الله ثلاثاً وقال‏:‏ ‏\"‏اللهم أنت السلام، ومنك السلام، تباركت يا ياذا الجلال والإكرام‏\"‏ قيل للأوزاعي- وهو أحد رواته‏:‏ كيف الإستغفار‏؟‏ قال‏:‏ يقول‏:‏ ‏\"‏أستغفر الله ، أستغفر الله‏\"‏ ‏(‏‏(‏رواه مسلم‏)‏‏)‏‏.‏",
      "english": {
        "narrator": "Thauban (May Allah be pleased with him) reported:",
        "text": "Whenever the Messenger of Allah (ﷺ) finished his Salat (prayer), he would beg forgiveness three times ."
      },
      "turkish": {
        "narrator": "Thauban (May Allah be pleased with him) reported:",
        "text": "Tavban (Allah ondan razı olsun) bildirdi: Allah'ın Resulü (ﷺ) namazını bitirdiğinde üç defa bağışlanma dilerdi."
      }
    },
    {
      "id": 9,
      "idInBook": 9,
      "chapterId": 19,
      "bookId": 13,
      "arabic": "وعن عائشة رضي الله عنها قالت‏:‏ كان رسول الله صلى الله عليه وسلم  يكثر أن يقول قبل موته ‏\n\"‏سبحان الله وبحمده، أستغفر الله، وأتوب إليه‏\"‏ ‏(‏‏(‏متفق عليه‏)‏‏)‏‏.‏",
      "english": {
        "narrator": "'Aishah (May Allah be pleased with her) reported:",
        "text": "Prior to his demise, the Messenger of Allah (ﷺ) used to supplicate frequently: Subhan Allahi wa bihamdihi; Astaghfirullaha wa atubu ilaihi (Allah is free from imperfection, and I begin with praising Him. I beg forgiveness from Allah and I turn to Him in repentance.\"."
      },
      "turkish": {
        "narrator": "'Aishah (May Allah be pleased with her) reported:",
        "text": "Aişe (Allah ondan razı olsun) bildirdi: Vefatından önce, Allah'ın Resulü (ﷺ) sık sık dua ederdi: \"Subhan Allahi wa bihamdihi; Astaghfirullaha wa atubu ilaihi\" (Allah her türlü eksiklikten uzaktır ve O'nu hamd ile tesbih ederim. Allah'tan af diliyorum ve O'na yöneliyorum.)\"."
      }
    },
    {
      "id": 10,
      "idInBook": 10,
      "chapterId": 19,
      "bookId": 13,
      "arabic": "وعن أنس رضي الله عنه قال‏:‏ سمعت رسول الله صلى الله عليه وسلم  يقول‏:‏ “قال الله تعالى‏:‏ يا ابن آدم إنك ما دعوتني ورجوتني غفرت لك ما كان منك ولا أبالي، يا ابن آدم لو بلغت ذنوبك عنان السماء، ثم استغفرتني ، غفرت لك ولا أبالي، يا ابن آدم إنك لو أتيتني بقراب الأرض خطايا، ثم لقيتني لا تشرك بي شيئاً، لأتيتك بقرابها مغفرة‏\"‏ ‏.‏ (2)",
      "english": {
        "narrator": "Anas (May Allah be pleased with him) said:",
        "text": "I heard the Messenger of Allah (ﷺ) saying, \"Allah, the Exalted, has said: 'O son of Adam! I shall go on forgiving you so long as you pray to Me and aspire for My forgiveness whatever may be your sins. O son of Adam! I do not care even if your sins should pile up to the sky and should you beg pardon of Me, I would forgive you. O son of Adam! If you come to Me with an earthful of sins and meet Me, not associating anything with Me in worship, I will certainly grant you as much pardon as will fill the earth.\"'."
      },
      "turkish": {
        "narrator": "Anas (May Allah be pleased with him) said:",
        "text": "Enes (Allah ondan razı olsun) dedi ki: Allah'ın Resulü (ﷺ) şöyle buyurdu: \"Yüce Allah şöyle buyurmuştur: 'Ey Âdem oğlu! Ben seni affetmeye devam edeceğim, ne olursa olsun, bana dua ettiğin ve affımı umduğun sürece. Ey Âdem oğlu! Günahların gökyüzüne kadar yığılacak olsa ve benden af dilesen, seni affederim. Ey Âdem oğlu! Eğer bana bir dünya dolusu günahla gelirsen ve benimle hiçbir şeyi ortak koşmadan benimle buluşursan, seni affedeceğim kadar affı sana vereceğim.\"."
      }
    },
    {
      "id": 11,
      "idInBook": 11,
      "chapterId": 19,
      "bookId": 13,
      "arabic": "وعن ابن عمر رضي الله عنهما أن النبي صلى الله عليه وسلم  قال‏:‏ ‏\"‏يا معشر النساء تصدقن، وأكثرن من الاستغفار، فإني رأيتكن أكثر أهل النار‏\"‏ قالت امرأة منهن‏:‏ مالنا أكثر أهل النار‏؟‏ قال‏:‏ ‏\"‏تكثرن اللعن، وتكفرن العشير مارأيت من ناقصات عقل ودين أغلب لذي لب منكن‏\"‏ قالت‏:‏ ما نقصان العقل والدين‏؟‏ قال‏\"‏ ‏\"‏شهادة امرأتين  بشهادة رجل، وتمكث الأيام لا تصلي‏\"‏ ‏(‏‏(‏رواه مسلم‏)‏‏)‏‏.‏",
      "english": {
        "narrator": "Ibn 'Umar (May Allah be pleased with them) said:",
        "text": "The Prophet (ﷺ) said, \"O women folk! You should give charity and be diligent in seeking Allah's forgiveness because I have seen (i.e., on the Night of the Ascension to the highest heavens) that dwellers of the Hell are women.\" A woman amongst them said: \"Why is it that the majority of the dwellers of Hell are women?\" The Prophet (ﷺ) replied, \"You curse frequently and are ungrateful to your husbands. In spite of your lacking in wisdom and failing in religion, you are depriving the wisest of men of their intelligence.\" Upon this the woman asked: \"What is the deficiency in our wisdom and in our religion?\" He (ﷺ) replied, \"Your lack of wisdom can be well judged from the fact that the evidence of two women is equal to that one man. You do not offer Salat (prayer) for some days and you do not fast (the whole of) Ramadan sometimes, it is a deficiency in religion.\"."
      },
      "turkish": {
        "narrator": "Ibn 'Umar (May Allah be pleased with them) said:",
        "text": "İbn Ömer (Allah onlardan razı olsun) dedi ki: Peygamber (ﷺ) şöyle buyurdu: \"Ey kadınlar! Sadaka verin ve Allah'tan bağışlanma dilemekte ısrarcı olun, çünkü ben (yükseltilmiş semaya) çıktığımda cehennemdeki sakinlerin kadınlar olduğunu gördüm.\" İçlerinden bir kadın: \"Cehennemde neden bu kadar çok kadın var?\" diye sordu. Peygamber (ﷺ) cevap verdi: \"Siz sıkça lanet ediyorsunuz ve eşlerinize nankörlük ediyorsunuz. Akıl eksikliğiniz ve din eksikliğinizle, en akıllı erkeklerin aklını da alıyorsunuz.\" Bunun üzerine kadın sordu: \"Akıl ve din eksikliğimiz nedir?\" Peygamber (ﷺ) cevap verdi: \"İki kadının şehadeti, bir erkeğin şehadetiyle eşittir. Bazı günler namaz kılmıyorsunuz ve bazen Ramazan'ı tutmuyorsunuz, bu da din eksikliğidir.\"."
      }
    },
    {
      "id": 12,
      "idInBook": 12,
      "chapterId": 19,
      "bookId": 13,
      "arabic": "وعن جابر رضي الله عنه قال‏:‏ قال رسول الله صلى الله عليه وسلم  ‏:‏ “يأكل أهل الجنة فيها ، ويشربون ، ولا يتغوطون، ولا يتمخطون، ولا يبولون، ولكن طعامهم ذلك جشاء كرشح المسك، يلهمون التسبيح والتكبير، كما يلهمون النفس‏\"‏ ‏(‏‏(‏رواه مسلم‏)‏‏)‏‏.‏",
      "english": {
        "narrator": "Jabir (May Allah be pleased with him) reported:",
        "text": "The Messenger of Allah (ﷺ) said, \"The inhabitants of Jannah will eat and drink therein, but they will not have to pass excrement, to blow their noses or to urinate. Their food will be digested producing belch which will give out a smell like that of musk. They will be inspired to declare the freedom of Allah from imperfection and proclaim His Greatness as easily as you breathe.\"."
      },
      "turkish": {
        "narrator": "Jabir (May Allah be pleased with him) reported:",
        "text": "Cabir (Allah ondan razı olsun) bildirdi: Allah'ın Resulü (ﷺ) şöyle buyurdu: \"Cennet sakinleri orada yerler ve içerler, fakat dışkılamak, burnunu silmek veya idrar yapmak zorunda kalmazlar. Yiyecekleri sindirilir ve geğirirler; bu geğirme misk gibi bir koku yayar. Allah'ı eksikliklerden tenzih etmek ve O'nun büyüklüğünü ilan etmek, sizin nefes almanız kadar kolay olacaktır.\"."
      }
    },
    {
      "id": 13,
      "idInBook": 13,
      "chapterId": 19,
      "bookId": 13,
      "arabic": "وعن أبي  هريرة رضي الله عنه قال‏:‏ قال رسول الله صلى الله عليه وسلم  ‏:‏ ‏\"‏قال الله تعالى أعددت لعبادي الصالحين ما لا عين رأت ولا أذن سمعت ولا خطر على قلب بشر، واقرؤوا إن شئتم‏:‏ ‏{‏فلا تعلم نفس ما أخفي لهم من قرة أعين جزاء بما كانوا يعملون‏}‏ ‏(‏‏(‏السجدة‏:‏17‏)‏‏)‏ ‏(‏‏(‏متفق عليه‏)‏‏)‏‏.‏",
      "english": {
        "narrator": "Abu Hurairah (May Allah be pleased with him) said:",
        "text": "The Messenger of Allah (ﷺ) said, \"Allah, the Exalted, has said: 'I have prepared for my righteous slaves what no eye has seen, no ear has heard, and the mind of no man has conceived.' If you wish, recite:'No person knows what is kept hidden for them of joy as a reward for what they used to do.\"' (32:17)."
      },
      "turkish": {
        "narrator": "Abu Hurairah (May Allah be pleased with him) said:",
        "text": "Ebu Hureyre (Allah ondan razı olsun) dedi ki: Allah'ın Resulü (ﷺ) şöyle buyurdu: \"Yüce Allah şöyle buyurmuştur: 'Ben, salih kullarım için, hiçbir gözün görmediği, hiçbir kulağın işitmediği ve hiçbir aklın tasavvur edemediği şeyler hazırladım.' İsterseniz, 'Hiçbir kişi, yaptıkları karşılığında kendileri için saklanan sevinçleri bilemez.' (32:17) ayetini okuyun.\"."
      }
    },
    {
      "id": 14,
      "idInBook": 14,
      "chapterId": 19,
      "bookId": 13,
      "arabic": "وعنه قال‏:‏ قال رسول الله صلى الله عليه وسلم  ‏\n\"‏أول زمرة يدخلون الجنة على صورة القمر ليلة البدر، ثم الذين يلونهم على أشد كوكب دري في السماء إضاءة، لا يبولون ولا يتغوطون، ولا يتفلون، ولا يتمخطون، أمشاطهم الذهب، وريحهم المسك، ومجامرهم الألوة -عود الطيب- أزواجهم الحورالعين، على خلق رجل واحد، على صورة أبيهم آدم ستون ذراعاً في السماء‏\"‏ ‏(‏‏(‏متفق عليه‏)‏‏)‏‏.‏  \nوفي رواية للبخاري ومسلم‏:‏ آنيتهم فيها الذهب، ورشحهم المسك، ولكل واحد منهم زوجتان يرى مخ ساقهما من وراء اللحم من الحسن، لا اختلاف بينهم ، ولا تباغض‏:‏ قلوبهم قلب رجل واحد، يسبحون الله بكرة وعشياً‏. قوله: (على خلق رجل واحد). رواه بعضهم بفتح الخاء واسكان اللام وبعضهم بضمهما وكلاهما صحيح.",
      "english": {
        "narrator": "Abu Hurairah (May Allah be pleased with him) said:",
        "text": "The Messenger of Allah (ﷺ) said, \"The first group (of people) to enter Jannah will be shining like the moon on a full-moon night. Then will come those who follow them who will be like the most shining planet in the sky. They will not stand in need of urinating or relieving of nature or of spitting or blowing their noses. Their combs will be of gold and their sweat will smell like musk; in their censers the aloes-wood will be used. Their wives will be large eyed maidens. All men will be alike in the form of their father 'Adam, sixty cubits tall.\"Another narration is: The Messenger of Allah (ﷺ) said, \"Their utensils will be of gold, their perspiration will smell like musk; everyone of them will have two wives; the marrow of the bones of the wives' legs will be seen through the flesh out of excessive beauty. They (i.e., the people of Jannah) will neither have difference, nor enmity (hatred) amongst themselves; their hearts will be as if one heart, and they will be glorifying Allah in the morning and in the afternoon.\"."
      },
      "turkish": {
        "narrator": "Abu Hurairah (May Allah be pleased with him) said:",
        "text": "Ebu Hureyre (Allah ondan razı olsun) dedi ki: Allah'ın Resulü (ﷺ) şöyle buyurdu: \"Cennete ilk girecek grup, dolunay gecesindeki ay gibi parlayacak. Sonra onları takip edenler, gökyüzündeki en parlak gezegen gibi olacaklar. İdrara çıkma, doğal ihtiyaçlarını giderme, tükürme veya burnunu silme ihtiyacı hissetmeyecekler. Tarakları altından olacak ve terleri misk gibi kokacak; tütsülerinde sandal ağacı kullanılacak. Eşleri büyük gözlü genç kızlar olacak. Tüm insanlar, babaları Adem'in (a.s.) formunda, altmış arşın boyunda olacaklar.\" Diğer bir rivayet: Allah'ın Resulü (ﷺ) şöyle buyurdu: \"Onların kapları altından olacak, terleri misk gibi kokacak; her birinin iki eşi olacak; eşlerinin bacaklarının kemik iliği, aşırı güzelliklerinden dolayı etlerinin içinden görünecek. Cennet halkı arasında ne ayrılık ne de düşmanlık (nefret) olacak; kalpleri tek bir kalp gibi olacak ve sabah akşam Allah'ı tesbih edecekler.\"."
      }
    },
    {
      "id": 15,
      "idInBook": 15,
      "chapterId": 19,
      "bookId": 13,
      "arabic": "وعن المغيرة بن شعبة رضي الله عنه عن رسول الله صلى الله عليه وسلم  قال‏:‏ ‏\n\"‏سأل موسى صلى الله عليه وسلم  ربه، ما أدنى أهل الجنة منزلة ‏؟‏ قال‏:‏ هو رجل يجيء بعد ما أدخل أهل الجنة-الجنة، فيقال له ‏:‏ ادخل الجنة، فيقول‏:‏ أي رب كيف وقد نزل الناس منازلهم، وأخذوا أخذاتهم‏؟‏ فيقول له‏:‏ أترضى أن يكون لك مثل ملك ملك من ملوك الدنيا‏؟‏ فيقول‏:‏ رضيت رب فيقول‏:‏ لك ذلك ومثله ومثله ومثله ومثله، فيقول في الخامسة‏:‏ رضيت يا رب فيقول‏:‏ هذا لك وعشرة أمثاله، ولك ما اشتهيت نفسك، ولذت عينك، فيقول‏:‏ رضيت رب، قال رب فأعلاهم منزلة‏؟‏ قال‏:‏ أولئك الذين أردت؛ غرست كرامتهم بيدي، وختمت عليها، فلم تر عين، ولم تسمع أذن، ولم يخطر على قلب بشر‏\"‏ ‏(‏‏(‏رواه مسلم‏)‏‏)‏‏.‏",
      "english": {
        "narrator": "Al-Mughirah bin Shu'bah (May Allah be pleased with him) said:",
        "text": "The Messenger of Allah (ﷺ) said, \"Musa (Moses) (ﷺ) asked his Rubb: 'Who amongst the inhabitants of Jannah will be the lowest in rank?' He said: 'It will be a person who will be admitted into Jannah last of all when all the dwellers of Jannah have entered Jannah. It will be said to him: Enter Jannah. But he will say: O my Rubb! How should I enter while the people have settled in their apartments and taken their shares? It will be said to him: Will you be satisfied and pleased if you have a kingdom like that of a monarch of the world? He will say: I will be content, my Rubb. Allah will say: For you is that, and like that and like that and like that and like that. He will say at the fifth time: I am well-pleased, my Rubb. Allah will say: It is for you and ten times more like it. You will have whatever your soul desires and whatever your eyes could delight in. He will say: I am well-pleased, my Rubb.' Musa (ﷺ) said: 'Who will be of the highest rank in Jannah.' Allah said: 'They are those whom I chose and I established their honour with My Own Hand. I attest with My Seal that they will be blessed with such bounties as no eye has seen, no ear has heard and no human mind has perceived.\"'."
      },
      "turkish": {
        "narrator": "Al-Mughirah bin Shu'bah (May Allah be pleased with him) said:",
        "text": "El-Mughirah bin Şu'bah (Allah ondan razı olsun) dedi ki: Allah'ın Resulü (ﷺ) şöyle buyurdu: \"Musa (a.s.) Rabbine sordu: 'Cennette en düşük mertebeye sahip olan kimdir?' O şöyle cevap verdi: 'Cennete en son girecek olan kişidir. Cennetteki tüm sakinler girdiğinde, ona denilecek: Cennete gir. Ama o diyecek: Ey Rabbim! İnsanlar dairelerine yerleşip paylarını aldıklarında ben nasıl girebilirim? O'na denilecek: Dünyadaki bir hükümdarın krallığına sahip olmayı kabul eder misin? O: Evet, Rabbim, diyecek. Allah: O senin içindir, ve bunun gibi, bunun gibi, bunun gibi, bunun gibi, bunun gibi, diyecek. Beşinci kez: Ben razıyım, Rabbim, diyecek. Allah: Bu senin içindir ve bunun gibi on kat daha fazlası. Senin ruhunun arzuladığı her şey ve gözlerinin hoşlandığı her şey senin için olacaktır. O: Ben razıyım, Rabbim, diyecek.' Musa (a.s.) dedi: 'Cennette en yüksek mertebeye sahip olan kimdir?' Allah: 'Onlar, benim seçtiğim ve kendi elimle onlara şeref verdiğim kimselerdir. Onların nimetleri, hiçbir gözün görmediği, hiçbir kulağın işitmediği ve hiçbir insan aklının kavrayamayacağı şekilde olacaktır.'\"."
      }
    },
    {
      "id": 16,
      "idInBook": 16,
      "chapterId": 19,
      "bookId": 13,
      "arabic": "وعن ابن مسعود رضي الله عنه قال‏:‏ قال رسول الله صلى الله عليه وسلم ‏:‏ ‏\"‏إني لأعلم آخر النار خروجاً منها، وآخر أهل الجنة دخولاً الجنة، رجل يخرج من النار حبوا؛ فيقول الله عز وجل له‏:‏ اذهب فادخل الجنة، فيأتيها، فيخيل إليه أنها ملأى، فيرجع فيقول‏:‏ يا رب وجدتها ملأى، فيقول الله عز وجل له‏:‏ اذهب فادخل الجنة، فيرجع ، فيقول‏:‏ يا رب وجدتها ملأى، في سورة يقول الله عز وجل له ‏:‏ اذهب فادخل الجنة ، فيأتيها، فيخيل إليه أنها ملأى، فيرجع، فيقول‏:‏ يا رب وجدتها ملأى‏!‏ فيقول الله عز وجل له‏:‏ اذهب فادخل الجنة، فإن لك مثل الدنيا وعشرة أمثالها أو إن لك مثل عشرة أمثال الدنيا، فيقول‏:‏ أتسخر بي، أو تضحك بي وأنت الملك” قال‏:‏ فلقد رأيت رسول الله صلى الله عليه وسلم  ضحك حتى بدت نواجذه فكان يقول‏:‏ ‏\"‏ذلك أدنى أهل الجنة منزلة‏\"‏ ‏(‏‏(‏متفق عليه‏)‏‏)‏‏.‏",
      "english": {
        "narrator": "'Abdullah bin Mas'ud (May Allah be pleased with him) reported:",
        "text": "The Messenger of Allah (ﷺ) said, \"I know of the last of the inhabitants of the Hell to be taken out from there and the last one to enter Jannah. He is a man who will come out of the Fire, crawling on all fours. Allah, the Rubb of glory and honour will say to him: 'Go and enter Jannah.' He will go to it and think that it is full up. He will then come back and say: 'O my Rubb, it is full up.' Allah will say to him: 'Go and enter Jannah.' He will again go to it and think that it is full up. So he will turn back. Allah will again say: 'Go and enter Jannah. For you have what is equal to ten times the world.' He will say: 'Are You making fun of me while You are the King?\" At this I (i.e., the narrator) saw the Messenger of Allah (ﷺ) laugh till his premolars were visible and he said, \"Such man will be the last dweller of Jannah in its lowest rank.\"."
      },
      "turkish": {
        "narrator": "'Abdullah bin Mas'ud (May Allah be pleased with him) reported:",
        "text": "Abdullah bin Mes'ud (Allah ondan razı olsun) rivayet etti: Allah'ın Resulü (ﷺ) şöyle dedi: \"Cehennemden çıkarılan son insanı ve Cennet'e giren son insanı biliyorum. O, ateşten dört ayak üzerinde sürünerek çıkacak bir adamdır. Azamet ve şeref sahibi Allah ona şöyle diyecek: 'Git ve Cennet'e gir.' O, Cennet'e gidecek ve oranın dolu olduğunu düşünecek. Sonra geri dönecek ve 'Ey Rabbim, orası dolu.' diyecek. Allah ona tekrar 'Git ve Cennet'e gir.' diyecek. O, tekrar gidecek ve yine oranın dolu olduğunu düşünecek. Bu yüzden geri dönecek. Allah ona bir kez daha 'Git ve Cennet'e gir. Çünkü senin, dünyanın on katına eşit olan bir şeyin var.' diyecek. O, 'Beni alaya mı alıyorsun? Oysa sen Kral'sın!' diyecek. Bunun üzerine ben (yani rivayet eden) Allah'ın Resulü'nün (ﷺ) gülümseyerek dişlerinin görünür hale geldiğini gördüm ve şöyle dedi: 'Bu adam, Cennet'in en alt derecesindeki son sakini olacaktır.'\"."
      }
    },
    {
      "id": 17,
      "idInBook": 17,
      "chapterId": 19,
      "bookId": 13,
      "arabic": "وعن أبي  موسى رضي الله عنه أن النبي صلى الله عليه وسلم  قال‏:‏ ‏\"‏إن للمؤمن في الجنة لخيمة من لؤلؤة واحدة مجوفة طولها في السماء ستون ميلاً، للمؤمن فيها أهلون، يطوف عليهم المؤمن فلا يرى بعضهم بعضاً، ‏(‏‏(‏متفق عليه‏)‏‏)‏‏.‏«الميل» : ستة آلاف ذراع",
      "english": {
        "narrator": "Abu Musa (May Allah be pleased with him) said:",
        "text": "The Prophet (ﷺ) said, \"In Jannah the believer will have a tent made of a single hollowed pearl of which the length will be sixty miles in the sky. The believer will have his wives with him and he will visit them and they will not be able to see one another.\"."
      },
      "turkish": {
        "narrator": "Abu Musa (May Allah be pleased with him) said:",
        "text": "Ebu Musa (Allah ondan razı olsun) dedi: Peygamber (ﷺ) şöyle dedi: \"Cennet'te müminin, uzunluğu altmış mil olan tek bir oyulmuş inciyle yapılmış bir çadırı olacak. Mümin, eşleriyle birlikte olacak ve onlara gidecek, fakat birbirlerini göremeyecekler.\"."
      }
    },
    {
      "id": 18,
      "idInBook": 18,
      "chapterId": 19,
      "bookId": 13,
      "arabic": "وعن أبي  سعيد الخدري رضي الله عنه عن النبي صلى الله عليه وسلم  قال‏:‏ ‏\"‏إن في الجنة لشجرة يسير الراكب الجواد المضمر السريع مائة سنة ما يقطعها ‏\"‏ ‏(‏‏(‏متفق عليه‏)‏‏)‏‏.‏ \nوروياه في ‏\"‏الصحيحين‏\"‏ أيضاً من رواية أبي هريرة رضي الله عنه قال‏:‏ ‏\"‏يسير الراكب في سورة في ظلها سنة ما يقطعها‏\"‏‏.‏",
      "english": {
        "narrator": "Abu Sa'id Al-Khudri (May Allah be pleased with him) said:",
        "text": "The Prophet (ﷺ) said, \"There is a tree in Jannah that is so huge that if a rider of a swift horse has to cover its distance from one end to another in one hundred years, he will not be able to do so.\"Another narration from Abu Hurairah (May Allah be pleased with him) is: The Messenger of Allah (ﷺ) said, \"A rider will not be able to cross its (the tree's) shade even after travelling for one hundred years.\""
      },
      "turkish": {
        "narrator": "Abu Sa'id Al-Khudri (May Allah be pleased with him) said:",
        "text": "Ebu Sa'id el-Hudri (Allah ondan razı olsun) dedi: Peygamber (ﷺ) şöyle dedi: \"Cennet'te öyle büyük bir ağaç var ki, eğer hızlı bir atın sırtında olan bir kişi, bir ucundan diğer ucuna yüz yıl boyunca gitse bile, o mesafeyi kat edemez.\" Ebu Hureyre'den (Allah ondan razı olsun) başka bir rivayet: Allah'ın Resulü (ﷺ) şöyle dedi: \"Bir binek, (ağacın) gölgesini geçmek için yüz yıl yol alsa bile, geçemez.\"."
      }
    },
    {
      "id": 19,
      "idInBook": 19,
      "chapterId": 19,
      "bookId": 13,
      "arabic": "وعنه عن النبي صلى الله عليه وسلم  قال‏:‏ ‏\"‏إن أهل الجنة ليتراءون أهل الغرف من فوقهم كما تراءون الكوكب الدري الغابر في الأفق من المشرق أو المغرب لتفاضل ملا بينهم‏\"‏ قالوا‏:‏ يا رسول الله، تلك منازل الأنبياء لا يبلغها غيرهم‏؟‏ قال‏:‏ “بلى والذي نفسي بيده رجال آمنوا بالله وصدقوا المرسلين‏\"‏ ‏(‏‏(‏متفق عليه‏)‏‏)‏‏.‏",
      "english": {
        "narrator": "Abu Sa'id Al-Khudri (May Allah be pleased with him) said:",
        "text": "The Prophet (ﷺ) said, \"The dwellers of Jannah will look at those in the upper abodes above them as you look at a shining star which remains in the eastern or western horizon; such will be the difference in superiority which some of them have over others.\" The Messenger of Allah (ﷺ) was asked: \"Will those be the dwellings of the Prophets which no one else will be able to reach?\" He (ﷺ) replied, \"Yes, but by Him in Whose Hand my soul is! men who believed in Allah and acknowledged the truthfulness of the Messengers will reach them.\"."
      },
      "turkish": {
        "narrator": "Abu Sa'id Al-Khudri (May Allah be pleased with him) said:",
        "text": "Ebu Sa'id el-Hudri (Allah ondan razı olsun) dedi: Peygamber (ﷺ) şöyle dedi: \"Cennet'in sakinleri, kendilerinin üstündeki yüksek mekânlara, doğu veya batı ufkunda parlayan bir yıldıza baktığınız gibi bakacaklar; işte bu, bazıları arasında olacak olan üstünlük farkıdır.\" Allah'ın Resulü'ne (ﷺ) soruldu: \"O, başka hiç kimsenin ulaşamayacağı Peygamberlerin mekânları mı olacak?\" O (ﷺ) şöyle cevap verdi: \"Evet, ama benim ruhumun elinde olan Allah'a yemin ederim ki, Allah'a iman eden ve Resullerin doğruluğunu kabul eden insanlar onlara ulaşacaklar.\"."
      }
    },
    {
      "id": 20,
      "idInBook": 20,
      "chapterId": 19,
      "bookId": 13,
      "arabic": "وعن أبي  هريرة رضي الله عنه أن رسول الله صلى الله عليه وسلم  قال‏:‏ ‏\n\"‏لقاب قوس في الجنة خير مما تطلع عليه الشمس أو تغرب‏\"‏ ‏(‏‏(‏متفق عليه‏)‏‏)‏‏.‏",
      "english": {
        "narrator": "Abu Hurairah (May Allah be pleased with him) said:",
        "text": "The Messenger of Allah (ﷺ) said, \"A space in Jannah equal to the distance between the middle and the end of a bow will be better than all that upon which the sun rises and sets.\"."
      },
      "turkish": {
        "narrator": "Abu Hurairah (May Allah be pleased with him) said:",
        "text": "Ebu Hureyre (Allah ondan razı olsun) dedi: Allah'ın Resulü (ﷺ) şöyle dedi: \"Cennet'teki bir alan, bir yay ile ortası arasındaki mesafe kadar, güneşin doğup battığı her şeyden daha hayırlıdır.\"."
      }
    },
    {
      "id": 21,
      "idInBook": 21,
      "chapterId": 19,
      "bookId": 13,
      "arabic": "وعن أنس رضي الله عنه أن رسول الله صلى الله عليه وسلم  قال‏:‏ ‏\n\"‏إن في الجنة سوقاً يأتونها كل جمعة‏.‏ فتهب ريح الشمال، فتحثوا في وجوههم وثيابهم، فيزدادون حسناً وجمالاً فيرجعون إلى أهليهم، وقد ازدادوا حسناً وجمالاً، فيقول لهم أهلوهم‏:‏ والله لقد ازددتم حسناً وجمالاً‏!‏ فيقولون‏:‏ وأنتم والله لقد ازددتم بعدنا حسناً وجمالاً‏!‏‏\"‏ ‏(‏‏(‏رواه مسلم‏)‏‏)‏‏.‏",
      "english": {
        "narrator": "Anas (May Allah be pleased with him) said:",
        "text": "The Messenger of Allah (ﷺ) said, \"In Jannah there is a market to which the people will come every Friday. The northern wind will blow and shower fragrance on their faces and clothes and, consequently, it will enhance their beauty and loveliness. They will then return to their wives who will also have increased in their beauty and loveliness, and their families will say to them: 'We swear by Allah that you have been increased in beauty and loveliness since leaving us.' Thereupon they will reply: 'We swear by Allah that you have also been increased in beauty and loveliness since we left you.\"'."
      },
      "turkish": {
        "narrator": "Anas (May Allah be pleased with him) said:",
        "text": "Enes (Allah ondan razı olsun) dedi: Allah'ın Resulü (ﷺ) şöyle dedi: \"Cennet'te her Cuma halkın geleceği bir pazar vardır. Kuzey rüzgârı eser ve yüzlerine ve elbiselerine güzel kokular saçar; bu da onların güzelliklerini ve çekiciliklerini artırır. Sonra eşlerine dönecekler ve eşleri de güzellik ve çekicilikte artmış olacaklar. Aileleri onlara şöyle diyecek: 'Allah'a yemin ederiz ki, bizden ayrıldığınızdan beri güzellik ve çekiciliğiniz artmış.' Onlar da şöyle cevap verecek: 'Allah'a yemin ederiz ki, biz de sizden ayrıldığımızdan beri güzellik ve çekiciliğimiz artmış.'.\"."
      }
    },
    {
      "id": 22,
      "idInBook": 22,
      "chapterId": 19,
      "bookId": 13,
      "arabic": "وعن سهل بن سعد رضي الله عنه أن رسول الله صلى الله عليه وسلم  قال‏:‏ ‏\n\"‏إن أهل الجنة ليتراءون الغرف في الجنة كما تتراءون الكوكب في السماء‏\"‏ ‏(‏‏(‏متفق عليه‏)‏‏)‏‏.‏",
      "english": {
        "narrator": "Sahl bin Sa'd (May Allah be pleased with him) said:",
        "text": "The Messenger of Allah (ﷺ) said, \"The dwellers of Jannah will see the upper abodes of Jannah as you see the stars in the sky.\"."
      },
      "turkish": {
        "narrator": "Sahl bin Sa'd (May Allah be pleased with him) said:",
        "text": "Sahl bin Sa'd (Allah ondan razı olsun) dedi: Allah'ın Resulü (ﷺ) şöyle dedi: \"Cennet'in sakinleri, Cennet'in üst mekânlarını, gökyüzündeki yıldızları gördüğünüz gibi görecekler.\"."
      }
    },
    {
      "id": 23,
      "idInBook": 23,
      "chapterId": 19,
      "bookId": 13,
      "arabic": "وعنه رضي الله عنه قال‏:‏ شهدت من النبي صلى الله عليه وسلم  مجلساً وصف فيه الجنة حتى انتهى، ثم قال في آخر حديثه‏:‏ ‏\n\"‏فيها مالا عين رأت، ولا أذن سمعت، ولا خطر على قلب بشر‏\"‏ ثم قرأ ‏{‏تتجافى جنوبهم عن المضاجع‏}‏ إلى قوله تعالى‏:‏ ‏{‏فلا تعلم نفس ما أخفي لهم من قرة أعين‏}‏‏.‏ ‏(‏‏(‏رواه البخاري‏)‏‏)‏‏.‏",
      "english": {
        "narrator": "Sahl bin Sa'd (May Allah be pleased with him) said:",
        "text": "I was in the company of the Prophet (ﷺ). He gave a description of Jannah and concluded with these words, \"There will be bounties which no eye has seen, no ear has heard and no human heart has ever perceived.\" He (ﷺ) then recited this Verse:\"Their sides forsake their beds, to invoke their Rubb in fear and hope, and they spend (in charity in Allah's Cause) out of what We have bestowed on them. No person knows what is kept hidden for them of joy...\" (32:16,17)."
      },
      "turkish": {
        "narrator": "Sahl bin Sa'd (May Allah be pleased with him) said:",
        "text": "Sahl bin Sa'd (Allah ondan razı olsun) dedi: Peygamber (ﷺ) ile birlikteydim. O, Cennet'i tarif etti ve şu sözlerle sona erdi: \"Gözlerin görmediği, kulakların işitmediği ve insan kalbinin asla algılayamayacağı nimetler olacak.\" Sonra (ﷺ) bu ayeti okudu: \"Yanları yataklarından uzaklaşır, Rablerine korku ve ümit ile dua ederler ve kendilerine verdiğimiz şeylerden infak ederler. Hiçbir kimse, onlara saklanan sevinci bilemez...\" (32:16,17)."
      }
    },
    {
      "id": 24,
      "idInBook": 24,
      "chapterId": 19,
      "bookId": 13,
      "arabic": "وعن أبي  سعيد وأبي هريرة رضي الله عنهما أن رسول الله صلى الله عليه وسلم  قال‏:‏ “إذا دخل أهل الجنة - الجنة- ينادي مناد‏:‏ إن لكم أن تحيوا، فلا تموتوا أبداً، وإن لكم أن تصحوا، فلا تسقموا أبداً، وإن لكم أن تشبوا فلا تهرموا أبداً، وإن لكم أن تنعموا، فلا تبأسوا أبداً‏\"‏ ‏(‏‏(‏رواه مسلم‏)‏‏)‏‏.‏",
      "english": {
        "narrator": "Abu Sa'id and Abu Hurairah (May Allah be pleased with them) reported:",
        "text": "The Messenger of Allah (ﷺ) said, \"When the dwellers of Jannah enter Jannah, an announcer will call: (You have a promise from Allah that) you will live therein and you will never die; you will stay healthy therein and you will never fall ill; you will stay young and you will never become old; you will be under a constant bliss and you will never feel miserable.\"."
      },
      "turkish": {
        "narrator": "Abu Sa'id and Abu Hurairah (May Allah be pleased with them) reported:",
        "text": "Ebu Sa'id ve Ebu Hureyre (Allah onlardan razı olsun) rivayet etti: Allah'ın Resulü (ﷺ) şöyle dedi: \"Cennet'in sakinleri Cennet'e girdiğinde, bir anons eden şöyle seslenecek: 'Sizlere Allah'tan bir vaad var ki, orada yaşayacaksınız ve asla ölmeyeceksiniz; orada sağlıklı kalacaksınız ve asla hasta olmayacaksınız; genç kalacaksınız ve asla yaşlanmayacaksınız; sürekli bir mutluluk içinde olacaksınız ve asla mutsuz hissetmeyeceksiniz.'.\"."
      }
    },
    {
      "id": 25,
      "idInBook": 25,
      "chapterId": 19,
      "bookId": 13,
      "arabic": "وعن أبي  هريرة رضي الله عنه أن رسول الله صلى الله عليه وسلم  قال‏:‏ ‏\n\"‏إن أدنى مقعد أحدكم من الجنة أن يقول له‏:‏ تمن فيتمنى ويتمنى، فيقول له‏:‏ هل تمنيت‏؟‏ فيقول‏:‏ نعم، فيقول له‏:‏ فإن لك ما تمنيت ومثله معه‏\"‏ ‏(‏‏(‏رواه مسلم‏)‏‏)‏‏.‏",
      "english": {
        "narrator": "Abu Hurairah (May Allah be pleased with him) said:",
        "text": "The Messenger of Allah (ﷺ) said, \"The lowest place of any of you in Jannah will be that Allah will tell him to express his wish. He will wish and wish again. Allah will then ask him: 'Have you expressed your wish?' He will answer: 'Yes, I have.' Allah will say: 'You will have what you have wished for and the like thereof along with it.\"'."
      },
      "turkish": {
        "narrator": "Abu Hurairah (May Allah be pleased with him) said:",
        "text": "Ebu Hureyre (Allah ondan razı olsun) dedi: Allah'ın Resulü (ﷺ) şöyle dedi: \"Cennet'teki en alt yeriniz, Allah'ın size dileğinizi ifade etmenizi söylemesidir. Siz dileyecek ve tekrar dileyeceksiniz. Allah sonra sizden: 'Dileğinizi ifade ettiniz mi?' diye soracak. O da: 'Evet, ifade ettim.' diyecek. Allah: 'Dilediğiniz şey ve onun benzeri size verilecektir.' diyecek.\"."
      }
    },
    {
      "id": 26,
      "idInBook": 26,
      "chapterId": 19,
      "bookId": 13,
      "arabic": "وعن أبي  سعيد الخدري رضي الله عنه أن رسول الله صلى الله عليه وسلم  قال‏:‏ ‏\n\"‏إن الله عز وجل يقول لأهل الجنة‏:‏ يا أهل الجنة، فيقولون ‏:‏ لبيك ربنا وسعديك، والخير في يديك فيقول‏:‏ هل رضيتم‏؟‏ فيقولون‏:‏ وما لنا لا نرضى يا ربنا وقد أعطيتنا مالم تعط أحداً من خلقك‏!‏ فيقول‏:‏ ألا أعطيكم أفضل من ذلك فيقولون‏:‏ وأي شيء أفضل من ذلك‏؟‏ فيقول‏:‏ أحل عليكم رضواني، فلا أسخط عليكم بعده أبداً‏\"‏ ‏(‏‏(‏متفق عليه‏)‏‏)‏‏.‏",
      "english": {
        "narrator": "Abu Sa'id Al-Khudri (May Allah be pleased with him) said:",
        "text": "The Messenger of Allah (ﷺ) said, \"Allah, the Rubb of honour and glory, will say to the inhabitants of Jannah: 'O inhabitants of Jannah!' They will respond: 'Here we are! At Your service, O our Rubb. All good is in Your Hand!' He will ask them: 'Are you pleased?' They will reply: 'Why should we not be pleased, O Rubb, when You have given us what You have not given to any of Your creatures?' Allah will say: 'Shall I not give you something better than that?' They will ask: 'O Rubb! What can be better than that?' Allah will say: 'I shall bestow My Pleasure upon you and I shall never be displeased with you.\"'."
      },
      "turkish": {
        "narrator": "Abu Sa'id Al-Khudri (May Allah be pleased with him) said:",
        "text": "Ebu Sa'id el-Hudri (Allah ondan razı olsun) dedi: Allah'ın Resulü (ﷺ) şöyle dedi: \"Azamet ve şeref sahibi Allah, Cennet'in sakinlerine şöyle diyecek: 'Ey Cennet'in sakinleri!' Onlar da: 'Buradayız! Hizmetindeyiz, ey Rabbimiz. Tüm iyilik senin elindedir!' diyecekler. O, onlara: 'Siz memnun musunuz?' diye soracak. Onlar da: 'Neden memnun olmayalım ki, ey Rabbimiz, bize vermediğin bir şeyi verdin!' diyecekler. Allah: 'Size bundan daha hayırlısını vermeyeyim mi?' diyecek. Onlar: 'Ey Rabbimiz! Bunun daha hayırlısı nedir?' diye soracaklar. Allah: 'Size rızamı vereceğim ve asla sizden hoşnutsuz olmayacağım.' diyecek.\"."
      }
    },
    {
      "id": 27,
      "idInBook": 27,
      "chapterId": 19,
      "bookId": 13,
      "arabic": "وعن جرير بن عبد الله رضي الله عنه قال‏:‏ كنا عند رسول الله صلى الله عليه وسلم  فنظر إلى القمر ليلة البدر، وقال‏:‏ ‏\n\"‏إنكم سترون ربكم عياناً كما ترون هذا القمر، لا تضامون في رؤيته‏\"‏ ‏(‏‏(‏متفق عليه‏)‏‏)‏‏.‏ ‏.‏",
      "english": {
        "narrator": "Jarir bin 'Abdullah (May Allah be pleased with him) reported:",
        "text": "We were sitting with the Messenger of Allah (ﷺ) when he looked at the full moon and observed, \"You shall see your Rubb in the Hereafter as you are seeing this moon; and you will not feel the slightest inconvenience in seeing Him.\"."
      },
      "turkish": {
        "narrator": "Jarir bin 'Abdullah (May Allah be pleased with him) reported:",
        "text": "Cerir bin Abdullah (Allah ondan razı olsun) rivayet etti: Biz Allah'ın Resulü (ﷺ) ile oturuyorduk, o dolunay'a baktı ve şöyle gözlemledi: \"Ahirette Rabbinizi, bu ayı gördüğünüz gibi göreceksiniz; ve O'nu görmekte en küçük bir rahatsızlık hissetmeyeceksiniz.\"."
      }
    },
    {
      "id": 28,
      "idInBook": 28,
      "chapterId": 19,
      "bookId": 13,
      "arabic": "وعن صهيب رضي الله عنه أن رسول الله صلى الله عليه وسلم  قال‏:‏ ‏\"‏إذا دخل أهل الجنة -الجنة- يقول الله تبارك وتعالى‏:‏ تريدون شيئاً أزيدكم‏؟‏ فيقولون‏:‏ ألم تبيض وجوهنا‏؟‏ ألم تدخلنا الجنة وتنجنا من النار‏؟‏ فيكشف الحجاب، فما أعطو شيئاً أحب إليهم من النظر إلى ربهم‏\"‏ ‏(‏‏(‏رواه مسلم‏)‏‏)‏‏.‏ \n\nقال الله تعالى‏:‏ ‏{‏إن الذين آمنوا وعملوا الصالحات يهديهم ربهم بإيمانهم تجري من تحتهم الأنهار في جنات النعيم* دعواهم فيها سبحانك اللهم وتحيتهم فيها سلام وآخر دعواهم أن الحمد لله رب العالمين‏}‏ ‏(‏‏(‏يونس‏:‏9،10‏)‏‏)‏‏.‏\nالحمد لله الذي هدانا لهذا وما كنا لنهتدى لولا أن هدانا الله‏.‏ اللهم صل على محمد وعلى آل محمد، كما صليت على إبراهيم وعلى آل إبراهيم ، وبارك على محمد، وعلى آل محمد، كما باركت على إبراهيم وعلى آل إبراهيم ، إنك حميد مجيد‏.‏\nقال مؤلفه رضي الله عنه ‏:‏ ‏\"‏ فرغت منه يوم الاثنين رابع شهر رمضان سنة سبعين وستمائة‏\"‏‏.‏",
      "english": {
        "narrator": "Suhaib (May Allah be pleased with him) reported:",
        "text": "The Messenger of Allah (ﷺ) said, \"When the inhabitants of Jannah enter Jannah, Allah, the Glorious and Exalted, will say to them: 'Do you wish me to give you anything more?' They will reply: 'Have You not made our faces bright? Have You not brought us into Jannah and delivered us from the Hell?' And Allah will remove the Veil. The (dwellers of Jannah) will feel that they have not been awarded anything dearer to them than looking at their Rubb.\".\" (10:9,10)"
      },
      "turkish": {
        "narrator": "Suhaib (May Allah be pleased with him) reported:",
        "text": "Suheyb (Allah ondan razı olsun) rivayet etti: Allah'ın Resulü (ﷺ) şöyle dedi: \"Cennet'in sakinleri Cennet'e girdiğinde, Azamet ve Yücelik sahibi Allah onlara şöyle diyecek: 'Size daha fazla bir şey vermemi ister misiniz?' Onlar da: 'Yüzlerimizi aydınlatmadın mı? Bizi Cennet'e sokmadın mı ve bizi Cehennem'den kurtarmadın mı?' diyecekler. Ve Allah, Perdeyi kaldıracak. (Cennet'in sakinleri) Rablerine bakmanın kendilerine verilen en değerli şey olduğunu hissedecekler.\" (10:9,10)."
      }
    }
  ],
  "chapter": {
    "id": 19,
    "bookId": 13,
    "arabic": "كتاب الاستغفار",
    "english": "The Book of Forgiveness"
  }
}