{"metadata":{"length":51,"arabic":{"title":"رياض الصالحين","author":"الإمام يحيى بن شرف النووي","introduction":"كتـــــاب أدب الطعام"},"english":{"title":"Riyad as-Salihin","author":"Imam Yahya ibn Sharaf al-Nawawi","introduction":"The Book About the Etiquette of Eating"}},"hadiths":[{"id":1,"idInBook":1,"chapterId":2,"bookId":13,"arabic":"عن عمر بن أبى سلمة رضى الله عنهما قال‏:‏ قال لي رسول الله صلى الله عليه وسلم‏:‏‏\n\"‏سم الله وكل بيمينك، وكل مما يليك‏\"‏.‏ ((متفق عليه))","english":{"narrator":"'Umar bin Abu Salamah (May Allah be pleased with him) reported:","text":"Messenger of Allah (ﷺ), said to me, \"Mention Allah's Name (i.e., say Bismillah before starting eating), eat with your right hand, and eat from what is near you.\"\n\n."}},{"id":2,"idInBook":2,"chapterId":2,"bookId":13,"arabic":"وعن عائشة رضى الله عنها قالت ‏:‏ قال رسول الله صلى الله عليه وسلم‏:‏ ‏\n\"‏إذا أكل أحدكم فليذكر اسم الله تعالى، فإذا نسى أن يذكر اسم الله تعالى في أوله، فليقل، بسم الله أوله وآخره‏\"‏‏.‏\n((رواه أبو داود والترمذي))","english":{"narrator":"'Aishah (May Allah be pleased with her) reported:","text":"Messenger of Allah (ﷺ) said, \"When any of you wants to eat, he should mention the Name of Allah in the begining, (i.e., say Bismillah). If he forgets to do it in the beginning, he should say Bismillah awwalahu wa akhirahu (I begin with the Name of Allah at the beginning and at the end).\"."}},{"id":3,"idInBook":3,"chapterId":2,"bookId":13,"arabic":"وعن جابر، رضى الله عنه قال‏:‏ سمعت رسول الله صلى الله عليه وسلم يقول‏:‏ ‏\n\"‏إذا دخل الرجل بيته، فذكر الله تعالى عند دخوله وعند طعامه، قال الشيطان لأصحابه‏:‏ لا مبيت لكم ولا عشاء، وإذا دخل ، فلم يذكر الله تعالى عند دخوله، قال الشيطان‏:‏ أدركتم المبيت؛ وإذا لم يذكر الله تعالى عند طعامه قال‏:‏ أدركتم المبيت والعشاء‏\"‏ ‏. ((رواه مسلم))","english":{"narrator":"Jabir (May Allah be pleased with him) reported:","text":"I heard Messenger of Allah (ﷺ) saying, \"If a person mentions the Name of Allah upon entering his house or eating, Satan says, addressing his followers: 'You will find no where to spend the night and no dinner.' But if he enters without mentioning the Name of Allah, Satan says (to his followers); 'You have found (a place) to spend the night in, and if he does not mention the Name of Allah at the time of eating, Satan says: 'You have found (a place) to spend the night in as well as food.\"'."}},{"id":4,"idInBook":4,"chapterId":2,"bookId":13,"arabic":"وعن حذيفة رضى الله عنه قال‏:‏ كنا إذا حضرنا مع رسول الله صلى الله عليه وسلم طعاماً، لم نضع أيدينا حتى يبدأ رسول الله صلى الله عليه وسلم فيضع يده‏.‏ وإنا حضرنا معه مرةً طعاماً، فجاءت جارية كأنها تدفع، فذهبت لتضع يدها في الطعام، فأخذ رسول الله صلى الله عليه وسلم بيدها، ثم جاء أعرابي كأنما يدفع فأخذ بيده، فقال رسول الله صلى الله عليه وسلم‏:‏ ‏\n\"‏إن الشيطان يستحل الطعام أن لا يذكر اسم الله تعالى عليه، وإنه جاء بهذه الجارية ليستحل بها، فأخذت بيدها، فجاء بهذا الأعرابي ليستحل به، فأخذت بيده، والذي نفسي بيده إن يده في يدي مع يديهما‏\"‏ ثم ذكر اسم الله تعالى وأكل‏.‏ ‏‏((رواه مسلم))‏","english":{"narrator":"Hudhaifah (May Allah be pleased with him) reported:","text":"When we attended a meal with the Messenger of Allah (ﷺ), we would not stretch forth our hands towards the food until he (ﷺ) would start eating first. Once, we were with him when a little girl rushed in as if someone was impelling her. She was about to lay her hand on the food when the Messenger of Allah (ﷺ) caught her hand. Then a bedouin came in rushing as if someone were pushing him. He (ﷺ) caught his hand also and said, \"Satan considers that food lawful for himself on which the Name of Allah is not mentioned. He (Satan) brought this girl to make the food lawful through her but I caught her hand. Then he brought the bedouin to make it lawful through him but I caught his hand too. By Him in Whose Hand my soul is, now Satan's hand is in my grasp along with their hands.\" Then he mentioned the Name of Allah and began to eat.."}},{"id":5,"idInBook":5,"chapterId":2,"bookId":13,"arabic":"وعن أمية بن مخشى الصحابي رضى الله عنه قال‏:‏ كان رسول الله صلى الله عليه وسلم جالساً ، ورجل يأكل، فلم يسم الله حتى لم يبق من طعامه إلا لقمة، فلما رفعها إلى فيه، قال‏:‏ بسم الله أوله وآخره، فضحك النبي صلى الله عليه وسلم، ثم قال‏:‏‏\n\"‏ما زال الشيطان يأكل معه، فلما ذكر اسم الله استقاء ما فيه بطنه‏\"‏ ‏.‏ ‏‏((رواه أبو داود والنسائي))","english":{"narrator":"Umaiyyah bin Makhshi (May Allah be pleased with him) reported:","text":"Messenger of Allah (ﷺ) was sitting while a man was eating food. That man did not mention the Name of Allah (before commencing to eat) till only a morsel of food was left. When he raised it to his mouth, he said: \"Bismillah awwalahu wa akhirahu (With the Name of Allah, in the beginning and in the end).\" Messenger of Allah (ﷺ) smiled at this and said, \"Satan had been eating with him but when he mentioned the Name of Allah, Satan vomited all that was in his stomach.\"."}},{"id":6,"idInBook":6,"chapterId":2,"bookId":13,"arabic":"وعن عائشة رضى الله عنها قالت‏:‏ كان رسول الله صلى الله عليه وسلم يأكل طعاماً في ستة من أصحابه، فجاء أعرابى، فأكله بلقمتين‏.‏ فقال رسول الله صلى الله عليه وسلم ‏\n\"‏أما إنه لو سمى لكفاكم‏\"‏‏.‏((رواه الترمذي))","english":{"narrator":"'Aishah (May Allah be pleased with her) reported:","text":"The Messenger of Allah (ﷺ) was eating with his six Companions when a desert Arab came and ate up the food in two mouthfuls. Messenger of Allah (ﷺ) said, \"Had he mentioned the Name of Allah, it would have sufficed for all of you.\"."}},{"id":7,"idInBook":7,"chapterId":2,"bookId":13,"arabic":"وعن أبى أمامة رضى الله عنه أن النبي صلى الله عليه وسلم كان إذا رفع مائدته قال‏:‏ ‏\n\"‏الحمد لله حمداً كثيراً طَيِّباً مباركاً فيه، غير مكفى ولامودع، ولا مستغنى عنه ربنا‏\"‏ ‏‏.‏(‏‏(‏رواه البخارى‏)‏‏)‏‏","english":{"narrator":"Abu Umamah (May Allah be pleased with him) reported:","text":"Whenever the Prophet (ﷺ) finished a meal, he would say: \"Al-hamdu lillahi hamdan kathiran taiyyiban mubarakan fihi, ghaira makfiyyin wa la muwadda`in, wa la mustaghnan `anhu, Rabbuna. (All praise is due to Allah, praise which is abundant, pure, and full of blessings, which is indispensable and to which one cannot be indifferent).''  \n\n\n\n."}},{"id":8,"idInBook":8,"chapterId":2,"bookId":13,"arabic":"وعن معاذ بن أنس رضى الله عنه قال‏:‏ قال رسول الله صلى الله عليه وسلم‏:‏ ‏\n\"‏من أكل طعاماً فقال‏:‏ الحمد الله الذي أطعمني هذا، ورزقنيه من غير حول منى ولا قوةٍ، غفر له ما تقدم من ذنبه‏\"‏ ‏‏.‏((رواه أبو داود والترمذي))","english":{"narrator":"Mu'adh bin Anas (May Allah be pleased with him) reported:","text":"Messenger of Allah (ﷺ) said, \"He who has taken food and says at the end: 'Al- hamdu lillahi-lladhi at'amani hadha, wa razaqanihi min ghairi haulin minni wa la quwwatin (All praise is due to Allah Who has given me food to eat and provided it without any endeavour on my part or any power),' all his past sins will be forgiven.\" ."}},{"id":9,"idInBook":9,"chapterId":2,"bookId":13,"arabic":"وعن أبى هريرة رضى الله عنه قال‏:‏ ‏\n\"‏ما عاب رسول الله صلى الله عليه وسلم طعاماً قط، إن اشتهاه أكله، وإن كرهه تركه‏\"‏ ‏.‏ ((متفق عليه))","english":{"narrator":"Abu Hurairah (May Allah be pleased with him) reported:","text":"Messenger of Allah (ﷺ) never found fault with food. If he had inclination to eating it, he would eat; and if he disliked it, he would leave it.\n\n."}},{"id":10,"idInBook":10,"chapterId":2,"bookId":13,"arabic":"وعن جابر رضى الله عنه أن النبي صلى الله عليه وسلم سأل أهله الأدم فقالوا‏:‏ ما عندنا إلا خل، فدعا به، فجعل يأكل ويقول‏:‏ ‏\n\"‏نعم الأدم الخل، نعم الأدم الخل‏\"‏ ‏.‏‏‏((رواه مسلم))‏","english":{"narrator":"Jabir (May Allah be pleased with him) reported:","text":"The Prophet (ﷺ) asked for sauce and was told that there was nothing except vinegar. He asked for it and began to eat from it saying, \"How excellent is vinegar when eaten as sauce! How excellent is vinegar when eaten as Udm!\"."}},{"id":11,"idInBook":11,"chapterId":2,"bookId":13,"arabic":"عن أبى هريرة رضى الله عنه قال‏:‏ قال رسول الله صلى الله عليه وسلم ‏:‏ ‏\n\"‏إذا دعي أحدكم ، فليجب، فإن كان صائما فليصل، وإن كان مفطراً فليطعم‏\"‏ .‏‏‏((رواه مسلم))‏","english":{"narrator":"Abu Hurairah (May Allah be pleased with him) reported:","text":"The Messenger of Allah (ﷺ) said, \"When any of you is invited to a meal, he should accept the invitation. If he is observing Saum (fasting), he should supplicate for the betterment of the host and if he is not fasting, he should eat.\"\n\n."}},{"id":12,"idInBook":12,"chapterId":2,"bookId":13,"arabic":"عن أبى مسعود البدرى رضى الله عنه قال‏:‏ دعا رجل النبي صلى الله عليه وسلم لطعام صنعه له خامس خمسة، فتبعهم رجل، فلما بلغ الباب، قال النبي صلى الله عليه وسلم‏:‏ ‏\n\"‏إن هذا تبعنا؛ فإن شئت أن تأذن له، وإن شئت رجع‏\"‏ قال‏:‏ بل آذن له يا رسول الله ‏.‏((متفق عليه))","english":{"narrator":"Abu Mas'ud Al-Badri (May Allah be pleased with him) reported:","text":"A man prepared some food especially for the Prophet (ﷺ) and invited him along with four others. But a man accompanied him. Having arrived at the door, Messenger of Allah (ﷺ) said to the host, \"This person has followed us. You may allow him, if you like, and if you like he will return.\" He said: \"O Messenger of Allah, I allow him, too.\"\n\n."}},{"id":13,"idInBook":13,"chapterId":2,"bookId":13,"arabic":"عن عمر بن أبى سلمة رضى الله عنهما قال‏:‏ كنت غلاماً في حجر رسول الله صلى الله عليه وسلم، وكانت يدي تطيش في الصحفة، فقال لي رسول الله صلى الله عليه وسلم‏:‏ ‏\n\"‏ يا غلام سم الله تعالى، وكل بيمينك،وكل مما يليك‏\"‏ .((متفق عليه))","english":{"narrator":"'Umar bin Abu Salamah (May Allah be pleased with them) reported:","text":"I was a boy under the care of Messenger of Allah (ﷺ), and as my hand used to wander around in the dish, he (ﷺ) said to me once, \"Mention Allah's Name (i.e., say Bismillah), eat with your right hand, and eat from what is in front of you.\"\n\n."}},{"id":14,"idInBook":14,"chapterId":2,"bookId":13,"arabic":"وعن سلمةَ بن الأَكْوَع أنَّ رَجُلاً أَكَلَ عِنْدَ رَسُولِ الله بِشِمَالِهِ ، فَقَالَ : « كُلْ بِيَمِينِكَ » قَالَ : لا أسْتَطِيعُ . قَالَ : « لا اسْتَطَعْتَ » ! مَا مَنَعَهُ إِلا الكِبْرُ ! فَمَا رَفَعَهَا إِلَى فِيهِ . ((رواه مسلم))","english":{"narrator":"Salamah bin Al-Akwa' (May Allah be pleased with him) reported on the authority of his father:","text":"A man ate with his left hand in the presence of Messenger of Allah (ﷺ), whereupon he said, \"Eat with your right hand.\" The man said: \"I cannot do that.\" Thereupon he (the Prophet (ﷺ)) said, \"May you not be able to do that.\" It was vanity that prevented him from doing it and he could not raise it (the right hand) up to his mouth afterwards.."}},{"id":15,"idInBook":15,"chapterId":2,"bookId":13,"arabic":"عن جبلة بن سحيم قال: أصابنا عام سنةٍ مع ابن الزبير، فرزقنا تمراً، وكان عبد الله بن عمر رضى الله عنهما يمر بنا ونحن نأكل، فيقول: لا تقارونوا، فإن النبى  نهى عن الإقران، ثم يقول:\n\"إلا أن يستأذن الرجل أخاه\" ((متفق عليه))","english":{"narrator":"Jabalah bin Suhaim reported:","text":"We were with 'Abdullah bin Az-Zubair (May Allah be pleased with them) in a time of famine, then we were provided with dates. (Once) when we were eating, 'Abdullah bin 'Umar (May Allah be pleased with them) passed by us and said: \"Do not eat two dates together, for Messenger of Allah (ﷺ) prohibited it, unless one seeks permission from his brother (partner).\"\n\n."}},{"id":16,"idInBook":16,"chapterId":2,"bookId":13,"arabic":"عن وحشى بن حرب رضى الله عنه أن أصحاب رسول الله صلى الله عليه وسلم قالوا‏:‏ يا رسول الله ، إنا نأكل ولا نشبع قال‏:‏ ‏\"‏فلعلكم تفترقون‏\"‏ قالوا‏:‏ نعم‏.‏ قال‏:‏ فاجتمعوا على طعامكم، واذكروا اسم الله ، يبارك لكم فيه‏\"‏ ((رواه أبو داود)) ‏‏‏","english":{"narrator":"Wahshi bin Harb (May Allah be pleased with him) reported:","text":"Some of the Companions of Messenger of Allah (ﷺ) said: \"We eat but are not satisfied.\" He (ﷺ) said, \"Perhaps you eat separately.\" The Companions replied in affirmative. He then said: \"Eat together and mention the Name of Allah over your food. It will be blessed for you.\"\n\n."}},{"id":17,"idInBook":17,"chapterId":2,"bookId":13,"arabic":"وعن ابن عباس رضى الله عنهما عن النبي صلى الله عليه وسلم قال‏:‏ ‏\n\"‏البركة تنزل وسط الطعام، فكلوا من حافتيه ولا تأكلوا من وسطه‏\"‏‏‏.((رواه أبو داود والترمذي))","english":{"narrator":"Ibn 'Abbas (May Allah be pleased with them) reported:","text":"The Prophet (ﷺ) said, \"Blessing descends upon food in its middle, so eat from the sides of the vessel and do not eat from its middle.\"\n\n."}},{"id":18,"idInBook":18,"chapterId":2,"bookId":13,"arabic":"وعن عبد الله بن بشر رضى الله عنه قال‏:‏ كان للنبي صلى الله عليه وسلم قصعة يقال لها‏:‏ الغراء، يحملها أربعة رجال، فلما أضحوا وسجدوا الضحى أتى بتلك القصعة، يعنى وقد ثرد فيها، فالتقوا عليه ، فلما كثروا جثا رسول الله صلى الله عليه وسلم‏.‏فقال أعرابي ‏:‏ ما هذه الجلسة‏؟‏ قال رسول الله صلى الله عليه وسلم ‏:‏ إن الله جعلني عبداً كريماً، ولم يجعلني جباراً عنيداً، ثم قال رسول الله صلى الله عليه وسلم ‏:‏‏\n\"‏كلوا من حواليها، ودعوا ذروتها يبارك فيها‏\"‏ .‏((رواه أبو داود))","english":{"narrator":"'Abdullah bin Busr (May Allah be pleased with him) reported:","text":"The Prophet (ﷺ) had a large bowl called Al-Gharra', which would be carried by four men. One day, when the Companions finished their Duha (forenoon optional) prayer, Al-Gharra' was brought full of sopped bread, meat and broth, and they sat down around it. When their number increased, Messenger of Allah (ﷺ) sat down on his knees and rested on the soles of his feet. A bedouin said to him: \"What sort of sitting is that?\" Thereupon Messenger of Allah (ﷺ) said, \"Verily, Allah has made me a courteous slave not a fierce tyrant.\" Then he said, \"Eat from the sides of the bowl and leave the central part of it so that your food will be blessed.\"."}},{"id":19,"idInBook":19,"chapterId":2,"bookId":13,"arabic":"عن أبى جحيفة وهب بن عبد الله رضى الله عنه قال‏:‏ قال رسول الله صلى الله عليه وسلم‏:‏ ‏\n\"‏ لا آكل متكئاً‏\"‏.‏‏‏((‏رواه البخارى‏)‏‏)‏‏","english":{"narrator":"Abu Juhaifah Wahb bin 'Abdullah (May Allah be pleased with him) reported:","text":"Messenger of Allah (ﷺ) said, \"I do not eat reclining (against a pillow).\"\n\n."}},{"id":20,"idInBook":20,"chapterId":2,"bookId":13,"arabic":"وعن أنس رضى الله عنه قال‏:‏ رأيت رسول الله صلى الله عليه وسلم جالساً مقعياً يأكل تمراً.‏ ‏‏((رواه مسلم))‏","english":{"narrator":"Anas (May Allah be pleased with him) reported:","text":"I saw Messenger of Allah (ﷺ) eating some dates while sitting on his buttocks, with his legs raised.."}},{"id":21,"idInBook":21,"chapterId":2,"bookId":13,"arabic":"عن ابن عباس رضى الله عنهما قال‏:‏ قال رسول الله صلى الله عليه وسلم‏:‏ ‏\n\"‏إذا أكل أحدكم طعاماً، فلا يمسح أصابعه حتى يلعقها أو يلعقها‏\"‏‏.‏ ‏((متفق عليه))","english":{"narrator":"Ibn 'Abbas (May Allah be pleased with them) reported:","text":"Messenger of Allah (ﷺ) said, \"When one of you finishes eating, he should not wipe his fingers until he has licked them himself or has given them to someone else to lick for him.\"\n\n."}},{"id":22,"idInBook":22,"chapterId":2,"bookId":13,"arabic":"وعن كعب بن مالك رضى الله عنه قال‏:‏ رأيت رسول الله صلى الله عليه وسلم يأكل بثلاث أصابع ، فإذا فرغ لعقها‏.‏‏‏((رواه مسلم))‏\n ‏","english":{"narrator":"Ka'b bin Malik (May Allah be pleased with him) reported:","text":"I saw Messenger of Allah (ﷺ) eating with three fingers (i.e., the thumb, the index finger and the middle finger) and licking them after having finished the food.."}},{"id":23,"idInBook":23,"chapterId":2,"bookId":13,"arabic":"وعن جابر رضى الله عنه أن رسول الله صلى الله عليه وسلم أمر بلعق الأصابع والصحفة، وقال‏:‏ ‏\n\"‏إنكم لا تدرون في أي طعامكم البركة‏\"‏.‏‏‏((رواه مسلم))‏","english":{"narrator":"Jabir (May Allah be pleased with him) reported:","text":"The Messenger of Allah (ﷺ) commanded the licking of fingers and the gleaning of the dish, saying, \"You do not know in which portion the blessing lies.\"."}},{"id":24,"idInBook":24,"chapterId":2,"bookId":13,"arabic":"وعنه أن رسول الله صلى الله عليه وسلم قال‏:‏ ‏\n\"‏إذا وقعت لقمة أحدكم، فليأخذها فليمط ما كان بها من أذى وليأكلها، ولا يدعها للشيطان، ولا يمسح يده بالمنديل حتى يلعق أصابعه؛ فإنه لا يدرى في أي طعامه البركة‏\"‏ .‏‏((رواه مسلم))‏\n‏","english":{"narrator":"Jabir (May Allah be pleased with him) reported:","text":"The Messenger of Allah (ﷺ) said, \"When a morsel of any of you falls, he should pick it up and remove any of the dirt on it and then eat it, and should not leave it for Satan nor should wipe his hand with towel until he has licked his fingers, for he does not know in what portion of the food the blessing lies.\"."}},{"id":25,"idInBook":25,"chapterId":2,"bookId":13,"arabic":"وعنه أن رسول الله صلى الله عليه وسلم قال‏:‏ ‏\n\"‏إن الشيطان يحضر أحدكم عند كل شئ من شأنه، حتى يحضره عند طعامه؛ فإذا سقطت لقمة أحدكم فليأخذها فليمط ما كان بها من أذى، ثم ليأكلها ولا يدعها للشيطان، فإذا فرغ فليلعق أصابعه؛ فإنه لا يدرى في أي طعامه البركة‏\"‏‏‏.‏‏‏((رواه مسلم))‏","english":{"narrator":"Jabir (May Allah be pleased with him) reported:","text":"The Messenger of Allah (ﷺ) said, \"Satan appears at every thing done by you; he appears even at one's dinner. When a morsel of any of you falls, he should pick it up and remove any dirt on it, and then eat it. He should not leave it for Satan, nor should he wipe his hand with the towel until he has licked his fingers, for he does not know in what portion of the food the blessing lies.\"."}},{"id":26,"idInBook":26,"chapterId":2,"bookId":13,"arabic":"وعن أنس رضى الله عنه قال‏:‏ كان رسول الله صلى الله عليه وسلم إذا أكل طعاماً، لعق أصابعه الثلاث، وقال‏:‏‏\"‏إذا سقطت لقمة أحدكم فليأخذها، وليمط عنها الأذى، وليأكلها،ولا يدعها للشيطان‏\"‏ وأمرنا أن نسلت القصعة وقال‏:‏ ‏\"‏إنكم لا تدرون في أي طعامكم البركة‏\"‏ ‏.‏‏‏((رواه مسلم))‏","english":{"narrator":"Anas (May Allah be pleased with him) reported:","text":"Whenever the Messenger of Allah (ﷺ) ate food, he would lick his three fingers and say, \"If anyone of you drops a morsel of food, he should remove any dirt that may have stuck on it and then eat it, and should not leave it for Satan.\" He (ﷺ) also commanded us that we should glean the pot, saying, \"You do not know in which part of your food the blessings lies.\"."}},{"id":27,"idInBook":27,"chapterId":2,"bookId":13,"arabic":"وعن سعيد بن الحارث أنه سأل جابراً رضى الله عنه عن الوضوء مما مست النار، فقال‏:‏ لا ، قد كنا زمن النبي صلى الله عليه وسلم لا نجد مثل ذلك الطعام إلا قليلاً، فإذا نحن وجدناه، لم يكن لنا مناديل إلا أكفنا وسواعدنا وأقدامنا، ثم نصلى ولا نتوضأ‏.‏ ‏‏((‏رواه البخارى‏)‏‏)‏‏","english":{"narrator":"Sa'id bin Al-Harith reported:","text":"I asked Jabir (May Allah be pleased with him) whether it was obligatory to make Wudu' for Salat (prayer) after eating cooked food. He said: \"No, because in the lifetime of Messenger of Allah (ﷺ), such food was rarely available. We had no handkerchiefs, so when we ate such food we would wipe our fingers against our palms, forearms or (the sole of our) feet, and would offer Salat without fresh Wudu' (for prayer).\"."}},{"id":28,"idInBook":28,"chapterId":2,"bookId":13,"arabic":"عن أبى هريرة رضى الله عنه قال ‏:‏ قال رسول الله  صلى الله عليه وسلم ‏:‏طعام الاثنين كافي الثلاثة، وطعام الثلاثة كافي الأربعة‏\"‏.‏ ((متفق عليه))","english":{"narrator":"Abu Hurairah (May Allah be pleased with him) reported:","text":"The Messenger of Allah (ﷺ) said, \"The food of two persons suffices for three persons, and the food of three persons suffices for four persons.\"\n\n."}},{"id":29,"idInBook":29,"chapterId":2,"bookId":13,"arabic":"وعن جابر رضى الله عنه قال‏:‏ سمعت رسول الله صلى الله عليه وسلم يقول‏:‏ ‏\n\"‏طعام الواحد يكفى الاثنين، وطعام الاثنين يكفى الأربعة، وطعام الأربعة يكفى الثمانية‏\"‏.‏‏‏((رواه مسلم))‏","english":{"narrator":"Jabir bin 'Abdullah (May Allah be pleased with him) reported:","text":"The Messenger of Allah (ﷺ) said, \"The food of one person suffices for two, the food of two persons suffices for four persons, and the food of four persons suffices for eight persons.\"."}},{"id":30,"idInBook":30,"chapterId":2,"bookId":13,"arabic":"عن أنس رضى الله عنه أن رسول الله صلى الله عليه وسلم كان يتنفس في الشراب ثلاثاً‏.‏((متفق عليه))","english":{"narrator":"Anas (May Allah be pleased with him) reported:","text":"The Messenger of Allah (ﷺ) used to breathe three times in the course of a drink (he used to drink in three gulps).\n\n."}},{"id":31,"idInBook":31,"chapterId":2,"bookId":13,"arabic":"وعن ابن عباس رضى الله عنهما قال‏:‏ قال رسول الله صلى الله عليه وسلم‏:‏ ‏\n\"‏لا تشربوا واحداً كشرب البعير، ولكن اشربوا مثنى وثلاث، وسموا إذا أنتم شربتم،واحمدوا إذا أنتم رفعتم‏\"‏‏.‏((رواه الترمذي))","english":{"narrator":"Ibn 'Abbas (May Allah be pleased with them) reported:","text":"The Messenger of Allah (ﷺ) said, \"Do not drink in one gulp like a camel, but in two or three (gulps). Mention the Name of Allah (i.e., say Bismillah) when you start drinking and praise Him (i.e., say Al-hamdu lillah) after you have finished (drinking).\"."}},{"id":32,"idInBook":32,"chapterId":2,"bookId":13,"arabic":"وعن أبى قتادة رضى الله عنه أن النبي صلى الله عليه وسلم نهى أن يتنفس في الإناء‏.‏‏((متفق عليه))","english":{"narrator":"Abu Qatadah (May Allah be pleased with him) reported:","text":"The Prophet (ﷺ) forbade breathing into the vessel while drinking.."}},{"id":33,"idInBook":33,"chapterId":2,"bookId":13,"arabic":"وعن أنس رضى الله عنه أن رسول الله صلى الله عليه وسلم أتى بلبن قد شيب بماء، وعن يمينه أعرابي، وعن يساره أبو بكر رضى الله عنه ، فشرب، ثم أعطى الأعرابي وقال‏:‏ ‏\n\"‏الأيمن فالأيمن‏\"‏.((متفق عليه))","english":{"narrator":"Anas (May Allah be pleased with him) reported:","text":"Milk mixed with water was brought to the Messenger of Allah (ﷺ). On his right side was sitting a bedouin and on his left was sitting Abu Bakr (May Allah be pleased with him). He (ﷺ) drank from it and handed the rest to the bedouin saying, \"One who is on the right has preference, then again the one who is on the right.\"."}},{"id":34,"idInBook":34,"chapterId":2,"bookId":13,"arabic":"وعن سهل بن سعد رضى الله عنه أن رسول الله صلى الله عليه وسلم أتى بشراب، فشرب منه وعن يمينه غلام، وعن يساره أشياخ، فقال للغلام‏:‏ ‏\n\"‏أتأذن لي أن أعطى هؤلاء‏.‏‏؟‏‏\"‏ فقال الغلام‏:‏ لا والله ، لا أوثر بنصيبي منك أحدا، فتله رسول الله صلى الله عليه وسلم في يده‏.‏((متفق عليه))  \n‏","english":{"narrator":"Sahl bin Sa'd (May Allah be pleased with him) reported:","text":"A drink was brought to the Messenger of Allah (ﷺ) and he drank (some) from it. On his right was a boy and on his left were some elderly people. He (ﷺ) said to the boy, \"Would you permit me to give rest of this drink to these on my left?\" The boy said: \"O Messenger of Allah, I would certainly not give preference to anyone in anything that might come to me from you.\" So he (ﷺ) handed over the rest of the drink to him.."}},{"id":35,"idInBook":35,"chapterId":2,"bookId":13,"arabic":"عن أبى سعيد الخدرى رضى الله عنه قال ‏:‏ نهى رسول الله عن اختناث الأسقية ‏:‏ يعنى‏:‏ أن تكسر أفواهها، ويشرب منها‏.‏((متفق عليه))","english":{"narrator":"Abu Sa'id Al-Khudri (May Allah be pleased with him) reported:","text":"The Messenger of Allah (ﷺ) forbade turning the water-skin upside down and drinking directly from its mouth.\n\n."}},{"id":36,"idInBook":36,"chapterId":2,"bookId":13,"arabic":"وعن أبى هريرة رضى الله عنه قال‏:‏ نهى رسول الله صلى الله عليه وسلم أن يشرب من في السقاء أو القربة.‏((متفق عليه))","english":{"narrator":"Abu Hurairah (May Allah be pleased with him) reported:","text":"The Messenger of Allah (ﷺ) prohibited drinking directly out of the mouth of a water- skin.."}},{"id":37,"idInBook":37,"chapterId":2,"bookId":13,"arabic":"وعن أم ثابت كبشة بنت ثابت أخت حسان بن ثابت رضى الله عنه وعنها قالت‏:‏ دخل عليَّ رسول الله صلى الله عليه وسلم، فشرب من فيّ قربة معلقة قائماً، فقمت إلى فيها فقطعته‏ ‏((رواه الترمذي وقال: حديث حسن صحيح)).\nوإنما قطعتها لتحفظ موضع فم رَسُول اللَّهِ ﷺ وتتبرك به وتصونه عن الابتذال. وهذا الحديث محمول على بيان الجواز، والحديثان السابقان لبيان الأفضل والأكمل، والله أعلم.","english":{"narrator":"Umm Thabit Kabshah (May Allah be pleased with her), daughter of Thabit (May Allah be pleased with him) and the sister of Hassan bin Thabit, the Prophet's poet) reported:","text":"The Messenger of Allah (ﷺ) visited me and drank some water from a hanging water-skin while he was in a standing posture. So, I stood up and cut off the mouth (of that water-skin)..\nAn-Nawawi said that the reason why she did this was to preserve the part of the water-skin which the lips of Messenger of Allah (ﷺ) touched, gain blessings from it, and preserve it from dishonor. This narration is understood to show permissibility whereas the previous two narrations are to show what is better and closer to perfection. Allah knows best."}},{"id":38,"idInBook":38,"chapterId":2,"bookId":13,"arabic":"عن أبى سعيد الخدرى رضى الله عنه أن النبي صلى الله عليه وسلم نهى عن النفخ في الشراب، فقال رجل ‏:‏ القذاة أراها في الإناء‏؟‏ فقالب‏:‏ ‏\"‏أهرقها‏\"‏ قال‏:‏ إني لا أروى من نفس واحد‏؟‏ قال‏:‏ ‏\"‏فأبن القدح إذاً عن فيك‏\"‏.‏((رواه الترمذي))","english":{"narrator":"Abu Sa'id Al-Khudri (May Allah be pleased with him) reported:","text":"The Messenger of Allah (ﷺ) prohibited us blowing in the drinking water. A man said: \"O Messenger of Allah! Sometimes I see some litter floating about on the surface. What should I do then?\" He (ﷺ) replied, \"Pour them out.\" Then the man said: \"My thirst is not quenched with one draught.\" Messenger of Allah (ﷺ) said, \"Then put away the cup from your mouth (in between three gulps), and take breath.\"\n\n."}},{"id":39,"idInBook":39,"chapterId":2,"bookId":13,"arabic":"وعن ابن عباس رضى الله عنهما أن النبي صلى الله عليه وسلم نهى أن يتنفس في الإناء، أو ينفخ فيه‏.‏((رواه الترمذي))","english":{"narrator":"Ibn 'Abbas (May Allah be pleased with them) reported:","text":"The Prophet (ﷺ) prohibited us from breathing into the drinking vessel or blowing in it.."}},{"id":40,"idInBook":40,"chapterId":2,"bookId":13,"arabic":"وعن ابن عباس رضى الله عنهما قال‏:‏ سقيت النبي صلى الله عليه وسلم من زمزم، فشرب وهو قائم ‏.‏((متفق عليه))","english":{"narrator":"Ibn 'Abbas (May Allah be pleased with them) reported:","text":"I served the Messenger of Allah (ﷺ) Zamzam water to drink and he drank it while he was standing.\n\n."}},{"id":41,"idInBook":41,"chapterId":2,"bookId":13,"arabic":"وعن النزال بن سبرة رضى الله عنه قال‏:‏ أتى علي رضى الله عنه باب الرحبة فشرب قائماً، وقال‏:‏ إني رأيت رسول الله صلى الله عليه وسلم فعل كما رأيتموني فعلت‏.‏‏‏((‏رواه البخارى‏)‏‏)‏‏","english":{"narrator":"An-Nazzal bin Sabrah (May Allah be pleased with him) reported:","text":"'Ali bin Abu Talib (May Allah be pleased with him) arrived at Bab Ar-Rahbah (in Kufah) and drank water in a standing posture. Then he said: \"I saw the Messenger of Allah (ﷺ) doing what you have seen me doing.\"."}},{"id":42,"idInBook":42,"chapterId":2,"bookId":13,"arabic":"وعن ابن عمر رضى الله عنهما قال‏:‏كنا نأكل على عهد رسول الله صلى الله عليه وسلم ونحن نمشى ، ونشرب ونحن قيام‏.‏((رواه الترمذي))","english":{"narrator":"Ibn 'Umar (May Allah be pleased with them) reported:","text":"During the lifetime of the Messenger of Allah (ﷺ) we would eat while walking and would drink while standing.."}},{"id":43,"idInBook":43,"chapterId":2,"bookId":13,"arabic":"وعن عمرو بن شعيب عن أبيه عن جده رضى الله عنه قال‏:‏ رأيت رسول الله صلى الله عليه وسلم يشرب قائماً أو قاعداً‏.‏ ((رواه الترمذي))","english":{"narrator":"'Amr bin Shu'aib on the authority of his father and grandfather reported:","text":"I saw Messenger of Allah (ﷺ) drink standing, or sitting.."}},{"id":44,"idInBook":44,"chapterId":2,"bookId":13,"arabic":"وعن أنس رضى الله عنه عن النبي  صلى الله عليه وسلم أنه نهى أن يشرب الرجل قائماً‏.‏ قال قتادة‏:‏ فقلنا لأنس‏:‏ فالأكل‏؟‏ قال‏:‏ ذلك أشر -أو أخبث- ‏.‏ وفى رواية له أن النبي صلى الله عليه وسلم زجر عن الشرب قائما.‏‏((رواه مسلم))‏\n \nوفى رواية له أن النبي صلى الله عليه وسلم زجر عن الشرب قائماً‏.‏","english":{"narrator":"Anas (May Allah be pleased with him) reported:","text":"The Prophet (ﷺ) forbade us from drinking while standing. Qatadah reported: \"We asked him: 'What about eating?\"' He said: \"That is even worse, (or may be he said) more detestable.\"Another narration is: The Messenger of Allah (ﷺ) reprimanded ."}},{"id":45,"idInBook":45,"chapterId":2,"bookId":13,"arabic":"وعن أبى هريرة رضى الله عنه قال‏:‏ قال رسول الله صلى الله عليه وسلم ‏:‏ لا يشربن أحد منكم قائماً، فمن نسى فليستقئ‏\"‏‏‏‏. ((رواه مسلم))‏","english":{"narrator":"Abu Hurairah (May Allah be pleased with him) reported:","text":"The Messenger of Allah (ﷺ) said, \"None of you should drink standing; and if any one forgets, he must vomit.\"."}},{"id":46,"idInBook":46,"chapterId":2,"bookId":13,"arabic":"عن أبى قتادة رضى الله عنه عن النبي صلى الله عليه وسلم قال‏:‏ ‏\n\"‏ ساقي القوم آخرهم شرباً‏\"‏. ((رواه الترمذي))","english":{"narrator":"Abu Qatadah (May Allah be pleased with him) reported:","text":"The Messenger of Allah (ﷺ) said, \"He who serves others with drinking water should be the last to drink himself.\"\n\n."}},{"id":47,"idInBook":47,"chapterId":2,"bookId":13,"arabic":"عن أنس رضى الله عنه قال‏:‏ حضرت الصلاة، فقام من كان قريب الدار إلى أهله، وبقى قوم فأتى رسول الله صلى الله عليه وسلم بمخضب من حجارة، فصغر المخضب أن يبسط فيه كفه، فتوضأ القوم كلهم‏.‏ قالوا‏:‏ كم كنتم‏؟‏ قال‏:‏ ثمانين وزيادة‏.‏((متفق عليه))، هذه رواية البخاري.\nوفي رواية مسلم:‏ أن النبي صلى الله عليه وسلم دعا بإناء من ماء، فأتى بقدح رحراح فيه شئ من ماء، فوضع أصابعه فيه‏.‏ قال أنس ‏:‏ فجعلت أنظر إلى الماء ينبع من بين أصابعه ‎، فحزرت من توضأ ما بين السبعين إلى الثمانين‏.‏","english":{"narrator":"Anas bin Malik (May Allah be pleased with him) reported:","text":"Once the time for As-Salat (the prayer) approached. Those whose houses were near, went to their houses (to perform Wudu') while some of the people remained with the Messenger of Allah (ﷺ). A stone (containing some water) bowl was brought for him. It was too small for him to spread his hand over it. He performed his Wudu' and it (the water) sufficed for all the others also. Anas was asked: \"How many of you were present there?\" He said: \"Eighty or more.\"\n\n. This is Al-Bukhari's version.\nIn Muslim's version \"'that Allah's Apostle (ﷺ) called for a container of water so he was given a vessel that had some water.' Anas said 'Then I started looking at the water spouting from his fingers. Then I estimated (the persons) and they were between seventy and eighty.'\""}},{"id":48,"idInBook":48,"chapterId":2,"bookId":13,"arabic":"وعن عبد الله بن زيد رضى الله عنه قال‏:‏ أتانا النبي صلى الله عليه وسلم، فأخرجنا له ماء في نور من صفر فتوضأ‏.‏‏‏((‏رواه البخارى‏)‏‏)‏‏","english":{"narrator":"'Abdullah bin Zaid (May Allah be pleased with him) reported:","text":"The Prophet (ﷺ) visited us and we brought water for him in a brass vessel for his ablution and he performed ablution.."}},{"id":49,"idInBook":49,"chapterId":2,"bookId":13,"arabic":"وعن جابر رضى الله عنه أن رسول الله صلى الله عليه وسلم دخل على رجل من الأنصار، ومعه صاحب له، فقال رسول الله صلى الله عليه وسلم‏:‏ ‏\n\"‏إن كان عندك ماء بات هذه الليلة في سنة وإلا كرعنا‏\"‏‏‏.‏‏‏((‏رواه البخارى‏)‏‏)‏‏","english":{"narrator":"Jabir (May Allah be pleased with him) reported:","text":"The Messenger of Allah (ﷺ) visited the house of a man of the Ansar with one of his Companions and said to him, \"If you have some water in the water-skin left over from last night, give it to us for drinking; otherwise, we shall drink from some stream directly.\"."}},{"id":50,"idInBook":50,"chapterId":2,"bookId":13,"arabic":"وعن حذيفة رضى الله عنه قال‏:‏ إن النبي صلى الله عليه وسلم نهانا عن الحرير والديباج والشرب في آنية الذهب والفضة، وقال‏:‏ ‏\n\"‏هي لهم في الدنيا، وهى لكم في الآخرة‏\"‏‏.((متفق عليه))  \n‏","english":{"narrator":"Hudhaifah (May Allah be pleased with him) reported:","text":"The Prophet (ﷺ) prohibited us from wearing brocade or silk and drinking out of gold or silver vessels and said, \"These are meant for them (disbelievers) in this world and for you in the Hereafter.\"."}},{"id":51,"idInBook":51,"chapterId":2,"bookId":13,"arabic":"وعن أم سلمة رضى الله عنها أن رسول الله صلى الله عليه وسلم قال‏:‏ ‏\"‏الذي يشرب في آنية الفضة إنما يجرجر في بطنه نار جهنم‏\"‏‏.((متفق عليه))  \n‏ وفى ‏:‏ ‏\"‏إن الذي يأكل أو يشرب في آنية الفضة والذهب‏\"‏  \nوفى رواية له‏:‏ ‏\"‏ من شرب في إناءٍ من ذهب أو فضة فإنما يجرجر في بطنه ناراً من جهنم‏.‏","english":{"narrator":"Umm Salamah (May Allah be pleased with her) reported:","text":"The Messenger of Allah (ﷺ) said, \"He who drinks from the vessel of silver kindles the Fire (of Hell) in his belly.\".A narration in Muslim is: The Messenger of Allah (ﷺ) said, \"Surely, he who eats or drinks in gold and silver vessels fills his belly with Hell-fire.\""}}],"chapter":{"id":2,"bookId":13,"arabic":"كتـــــاب أدب الطعام","english":"The Book About the Etiquette of Eating"}}