{
  "metadata": {
    "length": 31,
    "arabic": {
      "title": "رياض الصالحين",
      "author": "الإمام يحيى بن شرف النووي",
      "introduction": "كتاب آداب النوم"
    },
    "english": {
      "title": "Riyad as-Salihin",
      "author": "Imam Yahya ibn Sharaf al-Nawawi",
      "introduction": "The Book of the Etiquette of Sleeping, Lying and Sitting etc"
    }
  },
  "hadiths": [
    {
      "id": 1,
      "idInBook": 1,
      "chapterId": 4,
      "bookId": 13,
      "arabic": "عن البراء بن عازب رضى الله عنهما قال‏:‏ كان رسول الله صلى الله عليه وسلم ِإذا أوى إلى فراشه نام على شقه الأيمن، ثم قال‏:‏ ‏\n\"‏ اللهم أسلمت نفسي إليك، ووجهت وجهي إليك، وفوضت أمري إليك، وألجأت ظهري إليك، رغبة ورهبة إليك، لا ملجأ ولا منجى منك إلا إليك‏.‏ آمنت بكتابك الذي أنزلت ‏.‏ ونبيك الذي أرسلت‏\"‏‏.‏ \n‏((رواه البخاري بهذا اللفظ في كتاب الأدب من صحيحه‏)‏‏)‏",
      "english": {
        "narrator": "Al-Bara' bin 'Azib (May Allah be pleased with them) reported:",
        "text": "Whenever Messenger of Allah (ﷺ) went to bed, he would lie down on his right side and recite: \"Allahumma aslamtu nafsi ilaika, wa wajjahtu wajhi ilaika, wa fawwadtu amri ilaika, wa 'alja'tu zahri ilaika, raghbatan wa rahbatan ilaika, la malja'a wa la manja illa ilaika. Amantu bikitabikal-ladhi anzalta, wa nabiyyikal-ladhi arsalta \"\n\n."
      },
      "turkish": {
        "narrator": "Al-Bara' bin 'Azib (May Allah be pleased with them) reported:",
        "text": "Al-Bara' bin 'Azib (Allah ondan razı olsun) şöyle rivayet etmiştir: Allah'ın Resulü (ﷺ) yatağa girdiğinde sağ tarafına yatar ve şöyle okurdu: \"Allah'ım! Kendimi sana teslim ettim, yüzümü sana döndüm, işimi sana havale ettim, sırtımı sana yasladım, senin için arzulayarak ve korkarak, senden başka sığınacak yer yoktur. Senin indirdiğin Kitaba ve gönderdiğin Peygambere (ﷺ) iman ettim.\""
      }
    },
    {
      "id": 2,
      "idInBook": 2,
      "chapterId": 4,
      "bookId": 13,
      "arabic": "وعنه قال‏:‏ قال لي رسول الله صلى الله عليه وسلم ‏:‏ ‏\"‏إذا أتيت مضجعك فتوضأ وضوءك للصلاة، ثم اضطجع على شقك الأيمن ، وقل ‏.‏‏.‏‏.‏ ‏\"‏ وذكر نحوهن وفيه‏:‏ ‏\"‏ واجعلهن آخر ما تقول‏\" (‏‏(‏متفق عليه‏)‏‏)‏.‏‏",
      "english": {
        "narrator": "Al-Bara' bin 'Azib (May Allah be pleased with them) reported:",
        "text": "Messenger of Allah (ﷺ) directed me thus: \"Whenever you go to bed, perform Wudu' as you do for Salat then (before sleeping) recite: 'O Allah! I have submitted myself to You, I have turned myself to You, committed my affairs to You and sought Your refuge for protection out of desire for You and fear of You (expecting Your reward and fearing Your punishment). There is no refuge and no place of safety from You but with You. I believe in the Book You have revealed and in the Prophet (ﷺ) You have sent.\"' Messenger of Allah (ﷺ) added: \"If anyone recites these words and dies during the night, he will die on the true Deen, and if he remains alive till the morning, he will obtain good. And make this supplication your last words (before sleeping).\"."
      },
      "turkish": {
        "narrator": "Al-Bara' bin 'Azib (May Allah be pleased with them) reported:",
        "text": "Al-Bara' bin 'Azib (Allah ondan razı olsun) şöyle rivayet etmiştir: Allah'ın Resulü (ﷺ) bana şöyle yönlendirdi: \"Yatağa girdiğinde, Salat için yaptığın gibi Abdest al, sonra (uyumadan önce) şunu oku: 'Ey Allah! Kendimi sana teslim ettim, kendimi sana döndüm, işlerimi sana havale ettim ve senin korumana sığındım, senin için arzulayarak ve korkarak (senin mükafatını bekleyerek ve cezanından korkarak). Senden başka sığınacak ve güvenilecek yer yoktur. Senin indirdiğin Kitaba ve gönderdiğin Peygambere (ﷺ) iman ettim.'\" Allah'ın Resulü (ﷺ) ekledi: \"Bu sözleri okuyan ve gece ölürse, gerçek din üzere ölecektir; sabaha kadar yaşarsa, hayır elde edecektir. Bu duayı uyumadan önce son sözlerin yap.\""
      }
    },
    {
      "id": 3,
      "idInBook": 3,
      "chapterId": 4,
      "bookId": 13,
      "arabic": "وعن عائشة رضى الله عنها قالت‏:‏ كان النبي صلى الله عليه وسلم يصلى من الليل إحدى عشرا ركعة، فإذا طلع الفجر صلى ركعتين خفيفتين ، ثم اضطجع على شقه الأيمن حتى يجئ المؤذن فيؤذنه (‏‏(‏متفق عليه‏)‏‏)‏‏.‏  ‏‏",
      "english": {
        "narrator": "'Aishah (May Allah be pleased with her) reported:",
        "text": "The Prophet (ﷺ) used to offer eleven Rak'ah of optional Salat (prayers) in the latter part of night. When it was about dawn, he would offer two short Rak'ah and then would lie down on his right side till the Mu'adhdhin (one who calls for prayer) would come to inform him that the congregation had gathered (for prayer).."
      },
      "turkish": {
        "narrator": "'Aishah (May Allah be pleased with her) reported:",
        "text": "'Aişah (Allah ondan razı olsun) şöyle rivayet etmiştir: Peygamber (ﷺ) gecenin ilerleyen saatlerinde on bir Rek'at nafile Salat (namaz) kılardı. Şafak vakti yaklaşınca iki kısa Rek'at kılar ve sonra sağ tarafına yatar, Mu'adhdhin (namaz için çağrı yapan) gelene kadar beklerdi."
      }
    },
    {
      "id": 4,
      "idInBook": 4,
      "chapterId": 4,
      "bookId": 13,
      "arabic": "وعن حذيفة رضى الله عنه قال‏:‏كان النبي صلى الله عليه وسلم إذا أخذ مضجعه من الليل وضع يده تحت خده، ثم يقول‏:‏ ‏\"‏اللهم باسمك أموت وأحيا‏\"‏ وإذا استيقظ قال‏:‏ ‏\"‏الحمد لله الذي أحيانا بعد ما أماتنا وإليه النشور‏\"‏ ‏(‏‏(‏رواه البخاري‏)‏‏)‏.‏",
      "english": {
        "narrator": "Hudhaifah (May Allah be pleased with him) reported:",
        "text": "Whenever the Prophet (ﷺ) lay down for sleep at night, he would place his (right) hand under his (right) cheek and supplicate: \"Allahumma bismika amutu wa ahya ."
      },
      "turkish": {
        "narrator": "Hudhaifah (May Allah be pleased with him) reported:",
        "text": "Hudhaifah (Allah ondan razı olsun) şöyle rivayet etmiştir: Peygamber (ﷺ) gece uyumak için yattığında, sağ elini sağ yanağının altına koyar ve şöyle dua ederdi: \"Allah'ım, senin adınla ölür ve yaşarım.\""
      }
    },
    {
      "id": 5,
      "idInBook": 5,
      "chapterId": 4,
      "bookId": 13,
      "arabic": "وعن يعيش بن طخفة الغفارى رضى الله عنه قال‏:‏ قال أبى‏:‏ بينما أنا مضطجع في المسجد على بطني إذا رجل يحركني برجله فقال‏:‏ ‏\n\"‏إن هذه ضجعة يبغضها الله‏\"‏ قال‏:‏ فنظرت ، فإذا رسول الله صلى الله عليه وسلم‏. ((رواه أبو داود بإسناد صحيح))‏.‏",
      "english": {
        "narrator": "Ya'ish bin Tikhfah Al-Ghifari (May Allah be pleased with him) reported:",
        "text": "My father said: I was lying down on my belly in the mosque when someone shook me with his foot and said, \"Lying down this way is disapproved by Allah.\" I looked up and saw that it was Messenger of Allah (ﷺ).."
      },
      "turkish": {
        "narrator": "Ya'ish bin Tikhfah Al-Ghifari (May Allah be pleased with him) reported:",
        "text": "Ya'ish bin Tikhfah Al-Ghifari (Allah ondan razı olsun) şöyle rivayet etmiştir: Babam dedi ki: Ben camide karnımın üzerine yatıyordum, birisi ayağıyla beni dürttü ve \"Bu şekilde yatmak Allah katında hoş karşılanmaz.\" dedi. Başımı kaldırdım ve bunun Allah'ın Resulü (ﷺ) olduğunu gördüm."
      }
    },
    {
      "id": 6,
      "idInBook": 6,
      "chapterId": 4,
      "bookId": 13,
      "arabic": "وعن أبى هريرة رضى الله عنه ، عن رسول الله صلى الله عليه وسلم قال‏:‏ ‏\"‏ من قعد مقعداً لم يذكر الله تعالى فيه،كانت عليه من الله تعالى ترة، ومن اضطجع مضجعاً لا يذكر الله تعالى فيه، كانت عليه من الله ترة‏\"‏ ((رواه أبو داود بإسناد حسن)).‏ \n\"الترة\" بكسر التاء المثناة من فوق، وهي: النقص، وقيل: التبعة.",
      "english": {
        "narrator": "Abu Hurairah (May Allah be pleased with him) reported:",
        "text": "Messenger of Allah (ﷺ) said, \"Whoever sits in a place where he does not remember Allah (SWT), he will suffer loss and incur displeasure of Allah; and whoever lies down (to sleep) in a place where he does not remember Allah, he will suffer sorrow and incur displeasure of Allah.\"."
      },
      "turkish": {
        "narrator": "Abu Hurairah (May Allah be pleased with him) reported:",
        "text": "Abu Hurairah (Allah ondan razı olsun) şöyle rivayet etmiştir: Allah'ın Resulü (ﷺ) dedi ki: \"Kim Allah'ı (SWT) anmadığı bir yerde oturursa, zarar görür ve Allah'ın gazabına uğrar; kim de Allah'ı anmadığı bir yerde uzanırsa, üzüntü çeker ve Allah'ın gazabına uğrar.\""
      }
    },
    {
      "id": 7,
      "idInBook": 7,
      "chapterId": 4,
      "bookId": 13,
      "arabic": "عن عبد الله بن زيد رضى الله عنه أنه رأى رسول الله صلى الله عليه وسلم مستلقياً في المسجد، واضعاً إحدى رجليه على الأخرى‏. (‏‏(‏متفق عليه‏)‏‏)‏‏‏.",
      "english": {
        "narrator": "'Abdullah bin Zaid (May Allah be pleased with them) reported:",
        "text": "I saw Messenger of Allah (ﷺ) lying down on his back in the mosque, placing one leg on the other.\n\n."
      },
      "turkish": {
        "narrator": "'Abdullah bin Zaid (May Allah be pleased with them) reported:",
        "text": "'Abdullah bin Zaid (Allah onlardan razı olsun) şöyle rivayet etmiştir: Ben Allah'ın Resulü (ﷺ) camide sırt üstü yatarak, bir bacağını diğerinin üzerine koyarken gördüm."
      }
    },
    {
      "id": 8,
      "idInBook": 8,
      "chapterId": 4,
      "bookId": 13,
      "arabic": "وعن جابر بن سمرة رضى الله عنه قال‏:‏ كان النبي صلى الله عليه وسلم إذا صلى الفجر تربع في مجلسه حتى تطلع الشمس حسناء‏.‏ حديث صحيح، رواه أبو داود وغيره بأسانيد صحيحة‏.‏",
      "english": {
        "narrator": "Jabir bin Samurah (May Allah be pleased with him) reported:",
        "text": "After the Fajr (dawn) prayer the Prophet (ﷺ) used to sit crossed legged in the same place in which he had prayed till the sun shone brightly.."
      },
      "turkish": {
        "narrator": "Jabir bin Samurah (May Allah be pleased with him) reported:",
        "text": "Jabir bin Samurah (Allah ondan razı olsun) şöyle rivayet etmiştir: Fajr (sabah) namazından sonra Peygamber (ﷺ) aynı yerde oturur, bacaklarını çapraz yaparak güneş iyice doğuncaya kadar beklerdi."
      }
    },
    {
      "id": 9,
      "idInBook": 9,
      "chapterId": 4,
      "bookId": 13,
      "arabic": "وعن ابن عمر رضى الله عنهما قال‏:‏ رأيت رسول الله صلى الله عليه وسلم بفناء الكعبة محتبياً بيديه هكذا‏.‏ ووصف بيديه الاحتباء، وهو القرفصاء‏.‏ ‏‏(‏‏(‏رواه البخاري‏)‏‏)‏.‏",
      "english": {
        "narrator": "Ibn 'Umar (May Allah be pleased with them) reported:",
        "text": "I saw Messenger of Allah (ﷺ) sitting in the compound of the Holy Ka'bah, with the thighs against the stomach and arms around his legs.."
      },
      "turkish": {
        "narrator": "Ibn 'Umar (May Allah be pleased with them) reported:",
        "text": "Ibn 'Umar (Allah onlardan razı olsun) şöyle rivayet etmiştir: Ben Allah'ın Resulü (ﷺ) Kabe'nin avlusunda otururken, uylukları karnına yaslamış ve kollarını bacaklarının etrafında sarmış olarak gördüm."
      }
    },
    {
      "id": 10,
      "idInBook": 10,
      "chapterId": 4,
      "bookId": 13,
      "arabic": "وعن قيلة بنت مخرمة رضى الله عنها قالت‏:‏ رأيت النبي صلى الله عليه وسلم وهو قاعد القرفصاء، فلما رأيت رسول الله صلى الله عليه وسلم المتخشع في الجلسة أرعدت من الفرق‏.‏ ((رواه أبو داود والترمذي))‏.‏",
      "english": {
        "narrator": "Qailah bint Makhramah (May Allah be pleased with her) reported:",
        "text": "I saw the Prophet (ﷺ) seated with his arms enfolding his legs; and when I saw him in such a state of humble guise I trembled with fear due to the awe (he showed in that posture).."
      },
      "turkish": {
        "narrator": "Qailah bint Makhramah (May Allah be pleased with her) reported:",
        "text": "Qailah bint Makhramah (Allah ondan razı olsun) şöyle rivayet etmiştir: Ben Peygamber (ﷺ) bacaklarını sararak otururken gördüm; onu bu mütevazı halde görünce, korkudan titredim."
      }
    },
    {
      "id": 11,
      "idInBook": 11,
      "chapterId": 4,
      "bookId": 13,
      "arabic": "وعن الشريد بن سويد رضى الله عنه قال‏:‏ مر بي رسول الله صلى الله عليه وسلم وأنا جالس هكذا، وقد وضعت يدي اليسرى خلف ظهري، واتكأت على إلية يدي فقال‏:‏ ‏\n\"‏أتقعد قعدة المغضوب عليهم‏؟‏‏!‏‏\"‏ ((رواه أبو داود بإسناد صحيح)).‏",
      "english": {
        "narrator": "Ash-Sharid bin Suwaid (May Allah be pleased with him) reported:",
        "text": "Messenger of Allah (ﷺ) passed by me when I was sitting with my left hand behind my back and leaning on my palm. On seeing me in this posture he said, \"Do you sit like those upon whom the Wrath of Allah has descended?\"."
      },
      "turkish": {
        "narrator": "Ash-Sharid bin Suwaid (May Allah be pleased with him) reported:",
        "text": "Ash-Sharid bin Suwaid (Allah ondan razı olsun) şöyle rivayet etmiştir: Allah'ın Resulü (ﷺ) benim yanımdan geçerken, sol elimle sırtımı destekleyerek oturduğumu gördü. Bu pozisyonda beni görünce, \"Allah'ın gazabına uğrayanların oturduğu gibi mi oturuyorsun?\" dedi."
      }
    },
    {
      "id": 12,
      "idInBook": 12,
      "chapterId": 4,
      "bookId": 13,
      "arabic": "عن ابن عمر رضى الله عنهما قال‏:‏ قال رسول الله صلى الله عليه وسلم‏:‏ ‏\n\"‏لا يقمن أحدكم من مجلسه ثم يجلس فيه، ولكن توسعوا وتفسحوا‏\"‏ وكان ابن عمر إذا قام له رجل من مجلسه لم يجلس فيه‏.‏ (‏‏(‏متفق عليه‏)‏‏)‏.",
      "english": {
        "narrator": "Ibn 'Umar (May Allah be pleased with them) reported:",
        "text": "Messenger of Allah (ﷺ) said, \"Do not ask someone to give up his seat in order to take it, but make accommodation wide and sit at ease.\" It was Ibn 'Umar's habit that if a person left his seat for him, he would not take it.\n\n."
      },
      "turkish": {
        "narrator": "Ibn 'Umar (May Allah be pleased with them) reported:",
        "text": "Ibn 'Umar (Allah onlardan razı olsun) şöyle rivayet etmiştir: Allah'ın Resulü (ﷺ) dedi ki: \"Birinin yerinden kalkıp başkasına oturması için yerini bırakmasını istemeyin, ama yerinizi genişletin ve rahatça oturun.\" Ibn 'Umar'ın alışkanlığı, bir kişi onun için yerini bıraktığında, onu almamasıydı."
      }
    },
    {
      "id": 13,
      "idInBook": 13,
      "chapterId": 4,
      "bookId": 13,
      "arabic": "وعن أبى هريرة رضى الله عنه أن رسول الله صلى الله عليه وسلم قال‏:‏ ‏\n\"‏إذا قام أحدكم من مجلس، ثم رجع إليه، فهو أحق به‏\"‏. ((رواه مسلم)).",
      "english": {
        "narrator": "Abu Hurairah (May Allah be pleased with him) reported:",
        "text": "Messenger of Allah (ﷺ) said, \"If someone leaves his seat (for one reason or another) and returns to it, he is better entitled to it.\"."
      },
      "turkish": {
        "narrator": "Abu Hurairah (May Allah be pleased with him) reported:",
        "text": "Abu Hurairah (Allah ondan razı olsun) şöyle rivayet etmiştir: Allah'ın Resulü (ﷺ) dedi ki: \"Birisi yerini (bir sebep veya başka bir nedenle) terk eder ve geri dönerse, ona daha çok layıktır.\""
      }
    },
    {
      "id": 14,
      "idInBook": 14,
      "chapterId": 4,
      "bookId": 13,
      "arabic": "وعن جابر بن سمرة رضى الله عنهما قال‏:‏ كنا إذا أتينا النبي صلى الله عليه وسلم جلس أحدنا حيث ينتهي‏.‏ ((رواه أبو داود والترمذي، وقال: \n\"حديث حسن\")). ‏",
      "english": {
        "narrator": "Jabir bin Samurah (May Allah be pleased with them) reported:",
        "text": "Whenever we came to the gathering of the Prophet, we would sit down at the end (of the assembly).."
      },
      "turkish": {
        "narrator": "Jabir bin Samurah (May Allah be pleased with them) reported:",
        "text": "Jabir bin Samurah (Allah onlardan razı olsun) şöyle rivayet etmiştir: Peygamberin topluluğuna geldiğimizde, her zaman toplantının sonunda otururduk."
      }
    },
    {
      "id": 15,
      "idInBook": 15,
      "chapterId": 4,
      "bookId": 13,
      "arabic": "وعن أبى عبد الله سلمان الفارسي رضى الله عنه قال‏:‏ قال رسول الله صلى الله عليه وسلم‏:‏ ‏\n\"‏لا يغتسل رجل يوم الجمعة، ويتطهر ما استطاع من طهر، ويدهن من دهنه، أو يمس من طيب بيته، ثم يخرج فلا يفرق بين اثنين، ثم يصلى ما كتب له، ثم ينصت إذا تكلم الإمام، إلا غفر له ما بينه وبين الجمعة الأخرى‏\"‏ ((رواه البخاري)).‏",
      "english": {
        "narrator": "Salman Al-Farisi (May Allah be pleased with him) reported:",
        "text": "Messenger of Allah (ﷺ) said, \"If a man takes a bath on Friday, purifies himself thoroughly, uses oil and perfume which is available in the house, sets forth for the mosque, does not (forcibly) sit between two persons, offers the prayer that is prescribed for him and listens to the Imam silently, his sins between this Friday and the previous Friday will be forgiven.\"."
      },
      "turkish": {
        "narrator": "Salman Al-Farisi (May Allah be pleased with him) reported:",
        "text": "Salman Al-Farisi (Allah ondan razı olsun) şöyle rivayet etmiştir: Allah'ın Resulü (ﷺ) dedi ki: \"Bir adam Cuma günü yıkanır, kendini iyice temizler, evde bulunan yağ ve parfüm kullanır, camiye gider, (zorla) iki kişinin arasında oturmaz, kendisine farz kılınan namazı kılar ve İmam'ı sessizce dinlerse, bu Cuma ile önceki Cuma arasındaki günahları affedilecektir.\""
      }
    },
    {
      "id": 16,
      "idInBook": 16,
      "chapterId": 4,
      "bookId": 13,
      "arabic": "وعن عمرو بن شعيب عن أبيه عن جده رضى الله عنه أن رسول الله صلى الله عليه وسلم قال‏:‏ ‏\"‏لا يحل لرجل أن يفرق بين اثنين إلا بإذنهما‏\"‏ رواه أبو داود والترمذي وقال \"حديث حسن\"‏‏.‏ \n‏‏وفى رواية لأبى داود‏:‏ ‏\"‏لا يجلس بين رجلين إلا بإذنهما‏\"‏‏‏‏.‏",
      "english": {
        "narrator": "'Amr bin Shu'aib on the authority of his father and grandfather reported:",
        "text": "Messenger of Allah (ﷺ) said, \"It is not permissible for a man to separate between two .\nAnd in a version narrated by Abu Dawud \"He should not sit between two men without their permission.\""
      },
      "turkish": {
        "narrator": "'Amr bin Shu'aib on the authority of his father and grandfather reported:",
        "text": "Amr bin Shu'aib, babası ve dedesi aracılığıyla rivayet etmiştir: Allah'ın Resulü (ﷺ) şöyle buyurdu: \"Bir adamın iki kişi arasında ayrım yapması caiz değildir. Ve Ebu Davud'un rivayetinde, \"İki adamın arasında onların izni olmadan oturmamalıdır.\" denilmiştir."
      }
    },
    {
      "id": 17,
      "idInBook": 17,
      "chapterId": 4,
      "bookId": 13,
      "arabic": "وعن حذيفة بن اليمان رضى الله عنه أن رسول الله صلى الله عليه وسلم لعن من جلس وسط الحلقة‏‏.‏ ‏‏رواه أبو داود بإسناد صحيح.\nوروى الترمذى عن أبى مجلز‏:‏ أن رجلا قعد وسط الحلقة، فقال حذيفة‏:‏ ملعون على لسان محمد صلى الله عليه وسلم -من جلس وسط الحلقة‏. قال الترمذى: \n\"حديث حسن صحيح\".‏",
      "english": {
        "narrator": "Hudhaifah bin Al-Yaman (May Allah be pleased with him) reported:",
        "text": "The Messenger of Allah curses the one who sits in the middle of people's circle..\nA man sat in the middle of a circle so Hudhaifah (May Allah be pleased with him) said: Cursed upon the tongue of Muhammad (ﷺ) or .\n."
      },
      "turkish": {
        "narrator": "Hudhaifah bin Al-Yaman (May Allah be pleased with him) reported:",
        "text": "Hudayfe bin el-Yeman (Allah ondan razı olsun) rivayet etmiştir: Allah'ın Resulü, insanların halkasında ortada oturanı lanetlemiştir. Bir adam bir halkada ortada oturdu, bunun üzerine Hudayfe (Allah ondan razı olsun) şöyle dedi: \"Muhammed'in (ﷺ) diliyle lanetlenmiştir.\""
      }
    },
    {
      "id": 18,
      "idInBook": 18,
      "chapterId": 4,
      "bookId": 13,
      "arabic": "وعن أبى سعيد الخدرى رضى الله عنه قال‏:‏ سمعت رسول الله صلى الله عليه وسلم يقول‏:‏ ‏\n\"‏خير المجالس أوسعها‏\"‏‏.‏ ((رواه أبو داود بإسناد صحيح على شرط البخاري.‏))",
      "english": {
        "narrator": "Abu Sa'id Al-Khudri (May Allah be pleased with him) reported:",
        "text": "I heard Messenger of Allah (ﷺ) saying \"The best assemblies are those in which people make room for one another.\"."
      },
      "turkish": {
        "narrator": "Abu Sa'id Al-Khudri (May Allah be pleased with him) reported:",
        "text": "Ebu Sa'id el-Hudri (Allah ondan razı olsun) rivayet etmiştir: Allah'ın Resulü (ﷺ) şöyle buyurdu: \"En iyi meclisler, insanların birbirine yer açtığı meclislerdir.\""
      }
    },
    {
      "id": 19,
      "idInBook": 19,
      "chapterId": 4,
      "bookId": 13,
      "arabic": "وعن أبى هريرة رضى الله عنه قال‏:‏ قال رسول الله صلى الله عليه وسلم ‏\n\"‏من جلس في مجلس، فكثر فيه لغطه فقال قبل أن يقوم من مجلسه ذلك‏:‏ سبحانك اللهم وبحمدك، أشهد أن لا إله إلا أنت، أستغفرك وأتوب إليك، إلا غفر له ما كان في مجلسه ذلك‏\"‏ ((‏‏رَوَاهُ التِّرمِذِيُّ وَقَالَ حَدِيثٌ حَسَنٌ صحيح)).‏",
      "english": {
        "narrator": "Abu Hurairah (May Allah be pleased with him) reported:",
        "text": "Messenger of Allah (ﷺ) said, \"Whoever sits in a gathering and indulges in useless talk and before getting up supplicates: 'Subhanaka Allahumma wa bihamdika, ash-hadu an la ilaha illa Anta, astaghfiruka wa atubu ilaika (O Allah, You are free from every imperfection; praise be to You. I testify that there is no true god except You; I ask Your Pardon and turn to You in repentance),' he will be forgiven for (the sins he may have intentionally or unintentionally committed) in that assembly.\"."
      },
      "turkish": {
        "narrator": "Abu Hurairah (May Allah be pleased with him) reported:",
        "text": "Ebu Hureyre (Allah ondan razı olsun) rivayet etmiştir: Allah'ın Resulü (ﷺ) şöyle buyurdu: \"Bir mecliste oturup faydasız konuşmalara dalan ve kalkmadan önce şöyle dua eden kimse: 'Subhanaka Allahumma wa bihamdika, eşhadu en la ilaha illa Anta, estağfiruka ve etubu ileyk (Ey Allah! Sen her türlü eksiklikten münezzehsin; hamd Senindir. Ben şahadet ederim ki, Senden başka ilah yoktur; affını dilerim ve sana yönelirim),' o mecliste işlediği (kasıtlı ya da kasıtsız) günahlar için bağışlanacaktır.\""
      }
    },
    {
      "id": 20,
      "idInBook": 20,
      "chapterId": 4,
      "bookId": 13,
      "arabic": "وعن أبى برزة رضى الله عنه قال‏:‏ كان رسول الله صلى الله عليه وسلم يقول بآخرة إذا أراد أن يقوم من المجلس‏:‏ ‏\"‏سبحانك الله وبحمدك، أشهد أن لا إله إلا أنت، أستغفرك وأتوب إليك‏\"‏ فقال رجل‏:‏ يا رسول الله، إنك لتقول قولاً ما كنت تقوله فيما مضى‏؟‏ قال‏:‏ ‏\"‏ذلك كفارة لما يكون في المجلس‏. ‏‏(‏‏(‏رواه أبو داود‏)‏‏)‏‏.‏‏(‏‏(‏ورواه الحاكم أبو عبيد الله في ‏ ‏المستدرك‏ ‏ من رواية عائشة رضى الله عنها وقال‏:‏ صحيح بإسناد‏)‏‏)‏‏‏",
      "english": {
        "narrator": "Abu Barzah (May Allah be pleased with him) reported:",
        "text": "Towards the end of his life, Messenger of Allah (ﷺ) would supplicate before leaving an assembly thus: \"Subhanaka Allahumma wa bihamdika, ash-hadu an la ilaha illa Anta, astaghfiruka wa atubu ilaika (O Allah, You are free from every imperfection; all praise is for You. I testify that there is no true god except You, I ask Your forgiveness and turn to You in repentance).'' A man once said to him: \"O Messenger of Allah! You have spoken such words as you have never uttered before.'' He said, \"It is an expiation of that which goes on in the assembly.''\n\n."
      },
      "turkish": {
        "narrator": "Abu Barzah (May Allah be pleased with him) reported:",
        "text": "Ebu Barza (Allah ondan razı olsun) rivayet etmiştir: Allah'ın Resulü (ﷺ) hayatının sonlarına doğru bir meclisten çıkmadan önce şöyle dua ederdi: \"Subhanaka Allahumma wa bihamdika, eşhadu en la ilaha illa Anta, estağfiruka ve etubu ileyk (Ey Allah! Sen her türlü eksiklikten münezzehsin; tüm hamd Senindir. Ben şahadet ederim ki, Senden başka ilah yoktur; affını dilerim ve sana yönelirim).\" Bir adam ona şöyle dedi: \"Ey Allah'ın Resulü! Daha önce hiç söylemediğin sözler söyledin.\" O da şöyle dedi: \"Bu, mecliste geçenlerin keffaretidir.\""
      }
    },
    {
      "id": 21,
      "idInBook": 21,
      "chapterId": 4,
      "bookId": 13,
      "arabic": "وعن ابن عمر رَضِيَ اللَّهُ عَنهُ قال: قلما كان رَسُول اللَّهِ ﷺ يقوم من مجلس حتى يدعو بهؤلاء الدعوات: \n\"اللهم اقسم لنا من خشيتك ما تحول به بيننا وبين معاصيك، ومن طاعتك ما تبلغنا به جنتك، ومن اليقين ما تهون به علينا مصائب الدنيا، اللهم متعنا بأسماعنا وأبصارنا وقوتنا ما أحييتنا، واجعله الوارث منا، واجعل ثأرنا على من ظلمنا، وانصرنا على من عادانا، ولا تجعل مصيبتنا في ديننا، ولا تجعل الدنيا أكبر همنا، ولا مبلغ علمنا، ولا تسلط علينا من لا يرحمنا\" ((رَوَاهُ التِّرمِذِيُّ وَقَالَ حَدِيثٌ حَسَنٌ)).",
      "english": {
        "narrator": "Ibn 'Umar (May Allah be pleased with them) reported:",
        "text": "Messenger of Allah (ﷺ) seldom left a gathering without supplicating in these terms: \"Allahumma-qsim lana min khashyatika ma tahulu bihi bainana wa baina ma'sika, wa min ta'atika ma tuballighuna bihi jannataka, wa minal-yaqini ma tuhawwinu 'alaina masa-'ibad-dunya. Allahumma matti'na biasma'ina, wa absarina, wa quwwatina ma ahyaitana, waj'alhul-waritha minna, waj'al tharana 'ala man zalamana, wansurna 'ala man 'adana, wa la taj'al musibatana fi dinina, wa la taj'alid-dunya akbara hammina, wa la mablagha 'ilmina, wa la tusallit 'alaina man-la yarhamuna, (O Allah, apportion to us such fear as should serve as a barrier between us and acts of disobedience; and such obedience as will take us to Your Jannah; and such as will make easy for us to bear in the calamities of this world. O Allah! let us enjoy our hearing, our sight and our power as long as You keep us alive and make our heirs from our own offspring, and make our revenge restricted to those who oppress us, and support us against those who are hostile to us let no misfortune afflict our Deen; let not worldly affairs be our principal concern, or the ultimate limit of our knowledge, and let not those rule over us who do not show mercy to us).\"."
      },
      "turkish": {
        "narrator": "Ibn 'Umar (May Allah be pleased with them) reported:",
        "text": "İbn Ömer (Allah onlardan razı olsun) rivayet etmiştir: Allah'ın Resulü (ﷺ) bir meclisten çıkmadan önce nadiren şu şekilde dua etmeden ayrılmazdı: \"Allahım, bize, günah işlemekten bizi alıkoyacak kadar korku ver; cennetine ulaştıracak kadar itaat ver; dünya belalarına karşı sabretmemizi kolaylaştıracak kadar da kesin bilgi ver. Allahım, bizi, işitme, görme ve güçten mahrum etme; bizi, kendi neslimizden mirasçı yap; üzerimize zulmedenlerden intikam almamızı sağla; bize düşmanlık edenlere karşı yardım et; dinimizde başımıza bir musibet vermek; dünya işlerini en büyük kaygımız ve bilgi sınırımız yapma; ve bize merhamet etmeyenlerin hükümran olmasına izin verme.\""
      }
    },
    {
      "id": 22,
      "idInBook": 22,
      "chapterId": 4,
      "bookId": 13,
      "arabic": "وعن أبي هريرة رَضِيَ اللَّهُ عَنهُ قال، قال رَسُول اللَّهِ ﷺ: \n\"ما من قوم يقومون من مجلس ولا يذكرون اللَّه تعالى فيه إلا قاموا عن مثل جيفة حمار وكان لهم حسرة\" ((رَوَاهُ أبُو دَاوُدَ بإسناد صحيح)).",
      "english": {
        "narrator": "Abu Hurairah (May Allah be pleased with him) reported:",
        "text": "Messenger of Allah (ﷺ) said, \"Those people who leave a gathering in which they have not remembered Allah, will conclude it as if it has foul odour similar to that of a rotten carcass of a donkey. And it will be a cause of grief to them.\"."
      },
      "turkish": {
        "narrator": "Abu Hurairah (May Allah be pleased with him) reported:",
        "text": "Ebu Hureyre (Allah ondan razı olsun) rivayet etmiştir: Allah'ın Resulü (ﷺ) şöyle buyurdu: \"Allah'ı anmadıkları bir meclisten ayrılan insanlar, o meclisi çürümüş bir eşeğin leşinin kötü kokusu gibi sona erdirmiş olurlar. Bu da onlara üzüntü verir.\""
      }
    },
    {
      "id": 23,
      "idInBook": 23,
      "chapterId": 4,
      "bookId": 13,
      "arabic": "وعنه عن النبي صلى الله عليه وسلم قال‏:‏ ‏\"‏ما جلس قوم مجلساً لم يذكروا الله تعالى فيه، ولم يصلوا على نبيهم فيه، إلا كان عليهم ترة؛ فإن شاء عذبهم، وإن شاء غفر لهم‏\"‏ ((رَوَاهُ التِّرمِذِيُّ وَقَالَ: \"حَدِيثٌ حَسَنٌ\"))‏.‏",
      "english": {
        "narrator": "Abu Hurairah (May Allah be pleased with him) reported:",
        "text": "The Prophet (ﷺ) said, \"Whenever a group of people sit in a gathering in which they do not remember Allah the Exalted, nor supplicate to elevate the rank of their Prophet, such a gathering will be a cause of grief to them. If Allah wills, He will punish them, and if He wills He will forgive them.\"."
      },
      "turkish": {
        "narrator": "Abu Hurairah (May Allah be pleased with him) reported:",
        "text": "Ebu Hureyre (Allah ondan razı olsun) rivayet etmiştir: Peygamber (ﷺ) şöyle buyurdu: \"Bir grup insan, Allah'ı yüceltmedikleri ve Peygamberlerinin derecelerini yükseltmek için dua etmedikleri bir mecliste oturduklarında, o meclis onlara üzüntü kaynağı olacaktır. Eğer Allah dilerse, onları cezalandırır; eğer dilerse, onları affeder.\""
      }
    },
    {
      "id": 24,
      "idInBook": 24,
      "chapterId": 4,
      "bookId": 13,
      "arabic": "وعنه عن رسول الله صلى الله عليه وسلم قال‏:‏ ‏\"‏من قعد مقعداً لم يذكر الله تعالى فيه كانت عليه من الله ترة، ومن اضطجع مضجعاً لم يذكر الله فيه كانت عليه من الله ترة‏\"‏ ((رَوَاهُ أبُو دَاوُدَ))‏‏‏.‏ \n‏وقد سبق قريباً، وشرحنا \"‏الترة‏\"‏ فيه‏.",
      "english": {
        "narrator": "Abu Hurairah (May Allah be pleased with him) reported:",
        "text": "Messenger of Allah (ﷺ) said, \"If anyone sits in a gathering where he does not remember Allah, he will bring grief upon himself (on the Day of Resurrection), and he who lies down in a place where he does not remember Allah, will bring grief upon himself (on the Day of Resurrection).\"."
      },
      "turkish": {
        "narrator": "Abu Hurairah (May Allah be pleased with him) reported:",
        "text": "Ebu Hureyre (Allah ondan razı olsun) rivayet etmiştir: Allah'ın Resulü (ﷺ) şöyle buyurdu: \"Eğer biri, Allah'ı anmadığı bir mecliste oturursa, kıyamet günü kendisine üzüntü getirir; ve eğer bir yerde yatıyorsa ve Allah'ı anmazsa, kıyamet günü kendisine üzüntü getirir.\""
      }
    },
    {
      "id": 25,
      "idInBook": 25,
      "chapterId": 4,
      "bookId": 13,
      "arabic": "وعن أبى هريرة رضى الله عنه قال‏:‏ سمعت رسول الله صلى الله عليه وسلم يقول‏:‏ ‏\"‏لم يبق من النبوة إلا المبشرات‏\"‏ قالوا‏:‏ وما المبشرات‏؟‏ قال‏:‏ ‏\"‏الرؤيا الصالحة‏\"‏ (( رَوَاهُ البُخَارِيُّ))‏.‏",
      "english": {
        "narrator": "Abu Hurairah (May Allah be pleased with him) reported:",
        "text": "Messenger of Allah (ﷺ) said, \"All that is left from Prophethood is the glad tidings.\" He was asked what the glad tidings were, and he said, \"The good dream.\"."
      },
      "turkish": {
        "narrator": "Abu Hurairah (May Allah be pleased with him) reported:",
        "text": "Ebu Hureyre (Allah ondan razı olsun) rivayet etmiştir: Allah'ın Resulü (ﷺ) şöyle buyurdu: \"Peygamberlikten geriye kalan sadece müjdeler vardır.\" Kendisine müjdelerin ne olduğu sorulduğunda, \"İyi rüya\" dedi."
      }
    },
    {
      "id": 26,
      "idInBook": 26,
      "chapterId": 4,
      "bookId": 13,
      "arabic": "وعنه أن النبي صلى الله عليه وسلم قال‏:‏ ‏\"‏إذا اقترب الزمان لم تكد رؤيا المؤمن تكذب، ورؤيا المؤمن جزء من ستة وأربعين جزءاً من النبوة‏\"‏ ((مُتَّفَقٌ عَلَيهِ))‏.‏ ‏\n‏وفى رواية‏:‏ ‏\"‏أصدقكم رؤيا أصدقكم حديثاً‏\"‏‏.‏",
      "english": {
        "narrator": "Abu Hurairah (May Allah be pleased with him) reported:",
        "text": "The Prophet (ﷺ) said, \"When the time draws near (i.e., near the end of the world), the dream of a believer can hardly be false; and the dream of a believer represents one part from forty-six parts of Prophethood.\".One narration says: Messenger of Allah (ﷺ) said, \"The most truthful of you in their speech are those who see the truest visions.\""
      },
      "turkish": {
        "narrator": "Abu Hurairah (May Allah be pleased with him) reported:",
        "text": "Ebu Hureyre (Allah ondan razı olsun) rivayet etmiştir: Peygamber (ﷺ) şöyle buyurdu: \"Zaman yaklaştığında (yani dünyanın sonuna yaklaşırken), bir müminin rüyası neredeyse asılsız olamaz; ve müminin rüyası, peygamberliğin kırk altı parçasından bir parçayı temsil eder.\" Bir rivayet şöyle der: Allah'ın Resulü (ﷺ) \"Sözlerinde en doğru olanlar, en doğru rüyaları görenlerdir.\" dedi."
      }
    },
    {
      "id": 27,
      "idInBook": 27,
      "chapterId": 4,
      "bookId": 13,
      "arabic": "وعنه قال‏:‏ قال رسول الله صلى الله عليه وسلم‏:‏ ‏\n\"‏من رآني في المنام فسيراني في اليقظة -أو كأنما رآني في اليقظة- لا يتمثل الشيطان بي‏\"‏ ((مُتَّفَقٌ عَلَيهِ)).‏",
      "english": {
        "narrator": "Abu Hurairah (May Allah be pleased with him) reported:",
        "text": "Messenger of Allah (ﷺ) said, \"He who sees me in his dream will see me in his wakefulness (or he (ﷺ) may have said it is as though he has seen me in a state of wakefulness), for Satan does not appear in my form.\"."
      },
      "turkish": {
        "narrator": "Abu Hurairah (May Allah be pleased with him) reported:",
        "text": "Ebu Hureyre (Allah ondan razı olsun) rivayet etmiştir: Allah'ın Resulü (ﷺ) şöyle buyurdu: \"Beni rüyasında gören, uyanıkken de beni görür (veya o (ﷺ) şöyle demiş olabilir: uyanıkken beni görmüş gibidir), çünkü şeytan benim suretimde görünmez.\""
      }
    },
    {
      "id": 28,
      "idInBook": 28,
      "chapterId": 4,
      "bookId": 13,
      "arabic": "وعن أبى سعيد الخدرى رضى الله عنه انه سمع النبي صلى الله عليه وسلم، يقول‏:‏ ‏\n\"‏إذا رأى أحدكم رؤيا يحبها، فإنما هي من الله تعالى، فليحمد الله عليها، وليحدث بها -وفى رواية، فلا يحدث بها إلا من يحب- وإذا رأى غير ذلك مما يكره، فإنما هي من الشيطان، فليستعذ من شرها، ولا يذكرها لأحد، فإنها لا تضره‏\"‏ (( مُتَّفَقٌ عَلَيهِ)).",
      "english": {
        "narrator": "Abu Sa'id Al-Khudri (May Allah be pleased with him) reported:",
        "text": "I heard the Prophet (ﷺ) saying, \"When one of you sees a dream that he likes, then it is from Allah. He should praise Allah for it and relate it to (others).\"Another narration adds: Messenger of Allah(ﷺ) said, \"He should not report it except to those whom he loves. And if he sees one which he dislikes, then it is from the Satan. He should seek refuge in Allah against its evil and should not mention it to anyone. Then it will not harm him.\"."
      },
      "turkish": {
        "narrator": "Abu Sa'id Al-Khudri (May Allah be pleased with him) reported:",
        "text": "Ebu Sa'id el-Hudri (Allah ondan razı olsun) rivayet etmiştir: Peygamber (ﷺ) şöyle buyurdu: \"Sizden biri hoşuna giden bir rüya görürse, bu Allah'tandır. Allah'a hamd etsin ve bunu (başkalarına) anlatsın.\" Diğer bir rivayette, Allah'ın Resulü (ﷺ) \"Ancak sevdiği kimselere anlatmalıdır. Eğer hoşlanmadığı bir rüya görürse, bu şeytandandır. Onun şerrinden Allah'a sığınmalı ve bunu kimseye söylememelidir. O zaman ona zarar vermez.\" dedi."
      }
    },
    {
      "id": 29,
      "idInBook": 29,
      "chapterId": 4,
      "bookId": 13,
      "arabic": "وعن أبى قتادة رضى الله عنه قال‏:‏ قال النبي صلى الله عليه وسلم‏:‏ ‏\n\"‏الرؤيا الصالحة -وفى رواية‏:‏ الرؤيا الحسنة- من الله، والحلم من الشيطان، فمن رأى شيئاً يكره فلينفث عن شماله ثلاثاً، وليتعوذ من الشيطان فإنها لا تضره‏\"‏ (( مُتَّفَقٌ عَلَيهِ)).\n‏النفث‏ ‏ نفخ لطيف لا ريق معه‏.‏",
      "english": {
        "narrator": "Abu Qatadah (May Allah be pleased with him) reported:",
        "text": "The Prophet (ﷺ) said, \"A good vision (dream) is from Allah and a bad dream is from the Satan. He who sees something in a dream that he dislikes, should blow thrice on his left, must seek Allah's Refuge from the evil of the Satan (i.e., by saying: A'udhu billahi minash-Shaitanir-Rajim). Then it will not harm him.\"."
      },
      "turkish": {
        "narrator": "Abu Qatadah (May Allah be pleased with him) reported:",
        "text": "Ebu Katade (Allah ondan razı olsun) rivayet etmiştir: Peygamber (ﷺ) şöyle buyurdu: \"İyi bir rüya Allah'tandır ve kötü bir rüya şeytandandır. Eğer birisi hoşlanmadığı bir şeyi rüyasında görürse, sol tarafına üç kez üflemesi, şeytanın şerrinden Allah'a sığınması (yani: A'udhu billahi minash-Shaitanir-Rajim) ve yattığı tarafı değiştirmesi gerekir. O zaman ona zarar vermez.\""
      }
    },
    {
      "id": 30,
      "idInBook": 30,
      "chapterId": 4,
      "bookId": 13,
      "arabic": "وعن جابر رضى الله عنه عن رسول الله صلى الله عليه وسلم قال‏:‏ ‏\n\"‏إذا رأى أحدكم الرؤيا يكرهها، فليبصق عن يساره ثلاثاً، وليستعذ بالله من الشيطان ثلاثاً، وليتحول عن جنبه الذي كان عليه‏\"‏ ((رَوَاهُ مُسلِمٌ)).",
      "english": {
        "narrator": "Jabir (May Allah be pleased with him) reported:",
        "text": "Messenger of Allah (ﷺ) said, \"When one of you sees a bad dream let him blow three times on his left, seek refuge in Allah from the Satan three times (i.e., by saying: A'udhu billahi minash-Shaitanir-Rajim) and change the side on which he was lying.\"."
      },
      "turkish": {
        "narrator": "Jabir (May Allah be pleased with him) reported:",
        "text": "Cabir (Allah ondan razı olsun) rivayet etmiştir: Allah'ın Resulü (ﷺ) şöyle buyurdu: \"Eğer biri kötü bir rüya görürse, sol tarafına üç kez üflemesi, şeytandan Allah'a sığınması (yani: A'udhu billahi minash-Shaitanir-Rajim) ve yattığı tarafı değiştirmesi gerekir.\""
      }
    },
    {
      "id": 31,
      "idInBook": 31,
      "chapterId": 4,
      "bookId": 13,
      "arabic": "وعن أبى الأسقع واثلة بن الأسقع رضى الله عنه قال‏:‏ قال رسول الله صلى الله عليه وسلم‏:‏ ‏\n\"‏إن من أعظم الفرى أن يدعى الرجل إلى غير أبيه، أو يرى عينيه ما لم تر، أو يقول على رسول الله صلى الله عليه وسلم ما لم يقل‏\"‏ ‏((رَوَاهُ البُخَارِيُّ)).",
      "english": {
        "narrator": "Wathilah bin Al-Asqa' (May Allah be pleased with him) reported:",
        "text": "Messenger of Allah (ﷺ) said, \"Of the worst lies are: to claim a false father, or to pretend to have seen what one has not seen (tell a false dream), or to attribute to the Messenger of Allah (ﷺ) what he has not said.\"."
      },
      "turkish": {
        "narrator": "Wathilah bin Al-Asqa' (May Allah be pleased with him) reported:",
        "text": "Vâthile bin el-Eska' (Allah ondan razı olsun) rivayet etti: Allah'ın Resulü (ﷺ) şöyle buyurdu: \"En kötü yalanlardan biri, sahte bir baba iddia etmek, görmediği bir şeyi görmüş gibi davranmak (yanlış bir rüya anlatmak) veya Allah'ın Resulü'ne (ﷺ) söylemediği bir şeyi isnat etmektir.\""
      }
    }
  ],
  "chapter": {
    "id": 4,
    "bookId": 13,
    "arabic": "كتاب آداب النوم",
    "english": "The Book of the Etiquette of Sleeping, Lying and Sitting etc"
  }
}