{"metadata":{"length":50,"arabic":{"title":"رياض الصالحين","author":"الإمام يحيى بن شرف النووي","introduction":"كتاب السلام"},"english":{"title":"Riyad as-Salihin","author":"Imam Yahya ibn Sharaf al-Nawawi","introduction":"The Book of Greetings"}},"hadiths":[{"id":1,"idInBook":1,"chapterId":5,"bookId":13,"arabic":"وعن عبد الله بن عمرو بن العاص رضي الله عنهما أن رجلا سأل رسول الله صلى الله عليه وسلم‏:‏ أي الإسلام خير‏؟‏ قال‏:‏ ‏\n\"‏تطعم الطعام، وتقرأ السلام على من عرفت ومن لم تعرف‏\"‏‏.‏ ‏(‏‏(‏متفق عليه‏)‏‏)‏‏.‏","english":{"narrator":"Abdullah bin 'Amr bin Al-'as (May Allah be pleased with them) reported:","text":"A man asked the Messenger of Allah (ﷺ): \"Which act in Islam is the best?\" He (ﷺ) replied, \"To give food, and to greet everyone, whether you know or you do not.\"."}},{"id":2,"idInBook":2,"chapterId":5,"bookId":13,"arabic":"وعن أبي هريرة رضي الله عنه عن النبي صلى الله عليه وسلم قال‏:‏ لما خلق الله تعالى آدم عليه السلام قال‏:‏ اذهب فسلم على أولئك -نفر من الملائكة جلوس- فاستمع ما يحيونك، فإنه تحيتك وتحية ذريتك‏.‏ فقال‏:‏ السلام عليكم فقالوا‏:‏ السلام عليك ورحمة الله، فزادوه‏:‏ ورحمة الله‏\"‏ ‏(‏‏(‏متفق عليه‏)‏‏)‏‏.‏","english":{"narrator":"Abu Hurairah (May Allah be pleased with him) reported:","text":"The Prophet (ﷺ) said, \"When Allah created Adam (ﷺ), He said to him: 'Go and greet that company of angels who are sitting there - and then listen to what they are going to say in reply to your greetings because that will be your greeting and your off-spring's.' Adam (ﷺ) said to the angels: 'As-Salamu 'Alaikum (May peace be upon you).' They replied: 'As-Salamu 'Alaikum wa Rahmatullah (May peace be upon you and the Mercy of Allah).' Thus adding in reply to him: 'wa Rahmatullah (and the Mercy of Allah)' to his greeting.\"."}},{"id":3,"idInBook":3,"chapterId":5,"bookId":13,"arabic":"وعن أبي عمارة البراء بن عازب رضي الله عنهما قال‏:‏ أمرنا رسول الله صلى الله عليه وسلم بسبع‏:‏ بعيادة المريض، واتباع الجنائز، وتشميت العاطس، ونصر الضعيف، وعون المظلوم، وإفشاء السلام وإبرار المقسم‏.‏ ‏(‏‏(‏متفق عليه هذا لفظ إحدى روايات البخاري‏)‏‏)‏‏.‏","english":{"narrator":"Al-Bara' bin 'Azib (May Allah be pleased with them) reported:","text":"The Messenger of Allah (ﷺ) commanded us to do seven things: to visit the sick, to follow the funeral (of a dead believer), to invoke the Mercy of Allah upon one who sneezes (i.e., by saying to him: Yarhamuk- Allah), to support the weak, to help the oppressed, to promote the greeting of 'As-Salamu 'Alaikum', and to help those who swear to do something to keep their oaths.."}},{"id":4,"idInBook":4,"chapterId":5,"bookId":13,"arabic":"وعن أبي هريرة رضي الله عنه قال‏:‏ قال رسول الله صلى الله عليه وسلم ‏:‏ ‏\n\"‏لا تدخلوا الجنة حتى تؤمنوا ولا تؤمنوا حتى تحابوا أولا أدلكم على شيء إذا فعلتموه تحاببتم‏؟‏ أفشوا السلام بينكم‏\"‏ ‏(‏‏(‏رواه مسلم ‏)‏‏)‏‏.‏","english":{"narrator":"Abu Hurairah (May Allah be pleased with him) reported:","text":"The Messenger of Allah (ﷺ) said, \"By Him in Whose Hand is my life! You will not enter Jannah until you believe, and you will not believe until you love one another. Shall I inform you of something which, if you do, you will love one another? Promote greetings amongst yourselves.\"."}},{"id":5,"idInBook":5,"chapterId":5,"bookId":13,"arabic":"وعن أبي يوسف عبد الله بن سلام رضي الله عنه قال‏:‏ سمعت رسول الله صلى الله عليه وسلم يقول‏:‏ ‏\n\"‏يا أيها الناس أفشوا السلام، وأطعموا الطعام، وصلوا الأرحام وصلوا والناس نيام، تدخلوا الجنة بسلام‏\"‏ ‏(‏‏(‏رواه الترمذي وقال حديث حسن صحيح‏)‏‏)‏‏.‏","english":{"narrator":"'Abdullah bin Salam (May Allah be pleased with him) reported:","text":"I heard the Messenger of Allah (ﷺ) saying, \"O people, exchange greetings of peace (i.e., say: As-Salamu 'Alaikum to one another), feed people, strengthen the ties of kinship, and be in prayer when others are asleep, you will enter Jannah in peace.\"."}},{"id":6,"idInBook":6,"chapterId":5,"bookId":13,"arabic":"وعن الطفيل بن أبي بن كعب أنه كان يأتي عبد الله بن عمر، فيغدو معه إلى السوق، قال‏:‏ فإذا غدونا إلى السوق، لم يمر عبد الله على سقاط ولا صاحب بيعة، ولا مسكين، ولا أحد إلا سلم عليه، قال الطفيل، فجئت عبد الله بن عمر يومًا، فاستتبعني إلى السوق فقلت له‏:‏ ما تصنع بالسوق، وأنت لا تقف على البيع ولا تسأل عن السلع، ولا تسوم بها، ولا تجلس في مجالس السوق‏؟‏ وأقول‏:‏ اجلس بنا هاهنا نتحدث، فقال يا أبا بطن- وكان الطفيل ذا بطن- إنما نغدو من أجل السلام فنسلم على من لقيناه‏.‏ ‏(‏‏(‏رواه مالك في الموطأ بإسناد صحيح‏)‏‏)‏‏.‏","english":{"narrator":"At-Tufail bin Ubayy bin Ka'b (May Allah be pleased with him) reported:","text":"I used to visit 'Abdullah bin 'Umar (May Allah be pleased with them) in the morning and accompany him to the market. 'Abdullah offered greetings of peace to every one he met on the way, be they sellers of petty goods, traders or poor people. One day when I came to him, he asked me to accompany him to the market. I said to him: \"What is the point of your going to the market when you do not sell, nor ask about articles, nor offer a price for them, nor sit down with any company of people. Let us sit down here and talk.\" He replied: \"O Abu Batn (father of a belly) - Tufail had a large belly - we go to the market to greet everyone we meet.\"."}},{"id":7,"idInBook":7,"chapterId":5,"bookId":13,"arabic":"عن عمران بن الحصين رضي الله عنهما قال‏:‏ جاء رجل إلى النبي صلى الله عليه وسلم فقال‏:‏ السلام عليكم، فرد عليه ثم جلس، فقال النبي صلى الله عليه وسلم‏:‏ “عشر” ثم جاء آخر، فقال‏:‏ السلام عليكم ورحمة الله، فرد عليه فجلس، فقال‏:‏ ‏\n\"‏عشرون‏\"‏ ثم جاء آخر، فقال‏:‏ السلام عليكم ورحمة الله وبركاته، فرد عليه فجلس، فقال‏:‏ “ثلاثون” ‏(‏‏(‏رواه أبو داود والترمذي وقال‏:‏ حديث حسن‏)‏‏)‏‏.‏","english":{"narrator":"'Imran bin Husain (May Allah be pleased with them) reported:","text":"A man came to the Prophet (ﷺ) and said: \"As-Salamu 'Alaikum (May peace be upon you). The Messenger of Allah (ﷺ) responded to his greeting and the man sat down. The Prophet (ﷺ) said, \"Ten (meaning the man had earned the merit of ten good deeds).\" Another one came and said: \"As-Salamu 'Alaikum wa Rahmatullah (May peace be upon you and the Mercy of Allah).\" The Messenger of Allah (ﷺ) responded to his greeting and the man sat down. The Messenger of Allah (ﷺ) said, \"Twenty.\" A third one came and said: \"As-Salamu 'Alaikum wa Rahmatullahi wa Barakatuhu (May peace be upon you and the Mercy of Allah and His Blessings).\" The Messenger of Allah (ﷺ) responded to his greeting and the man sat down. The Messenger of Allah (ﷺ) said, \"Thirty.\"."}},{"id":8,"idInBook":8,"chapterId":5,"bookId":13,"arabic":"وعن عائشة رضي الله عنه قالت‏:‏ قال لي رسول الله صلى الله عليه وسلم‏:‏ “هذا جبريل يقرأ عليك السلام‏\"‏ قالت‏:‏ قلت‏:‏ ‏\"‏وعليه السلام ورحمة الله وبركاته‏\"‏ ‏(‏‏(‏متفق عليه‏)‏‏)‏\nوهكذا وقع في بعض روايات الصحيحين‏:‏ \"وبركاته\" وفي بعضها بحذفها وزيادة الثقة مقبولة","english":{"narrator":"'Aishah (May Allah be pleased with her) reported:","text":"The Messenger of Allah (ﷺ) said to me, \"This is Jibril (Gabriel) who is conveying you greetings of peace.\" I responded: \"Wa 'Alaihis-Salamu wa Rahmatullahi wa Barakatuhu (May peace be upon him and the Mercy of Allah and His Blessings).\"."}},{"id":9,"idInBook":9,"chapterId":5,"bookId":13,"arabic":"وعن أنس رضي الله عنه أن النبي صلى الله عليه وسلم، كان إذا تكلم بكلمة أعادها ثلاثًا حتى تفهم عنه، وإذا أتى على قوم فسلم عليهم سلم عليهم ثلاثًا‏.‏ ‏(‏‏(‏رواه البخاري‏)‏‏)‏‏\nوهذا محمول على ما إذا كان الجمع كثيرًا‏.‏","english":{"narrator":"","text":"Anas (May Allah be pleased with him) reported the Prophet (ﷺ) used to repeat his words thrice so that the meaning thereof would be fully understood, and whenever he came upon a gathering of people, he would greet them. He would repeat Salam thrice.."}},{"id":10,"idInBook":10,"chapterId":5,"bookId":13,"arabic":"وعن المقداد رضي الله عنه في حديثه الطويل قال‏:‏ كنا نرفع للنبي صلى الله عليه وسلم نصيبه من اللبن، فيجيء من الليل، فيسلم تسليمًا لا يوقظ نائمًا، ويسمع اليقظان، فجاء النبي صلى الله عليه وسلم فسلم كما كان يُسلم‏.‏ ‏(‏‏(‏رواه مسلم‏)‏‏)‏‏.‏","english":{"narrator":"Al-Miqdad (May Allah be pleased with him) reported in a long Hadith:","text":"We used to reserve for the Prophet (ﷺ) his share of the milk, and he would come at night and offer greetings in such a manner as did not disturb those asleep and was heard only by those who were awake. In fact, the Prophet (ﷺ) came and offered greetings as usual.."}},{"id":11,"idInBook":11,"chapterId":5,"bookId":13,"arabic":"وعن أسماء بنت يزيد رضي الله عنه عنها أن رسول الله صلى الله عليه وسلم، مر في المسجد يومًا، وعصبة من النساء قعود، فألوى بيده بالتسليم‏.‏ ‏(‏‏(‏رواه الترمذي وقال‏:‏ حديث حسن‏)‏‏)‏‏","english":{"narrator":"Asma' bint Yazid (May Allah be pleased with her) reported:","text":"The Messenger of Allah (ﷺ) passed through the mosque one day and there was a group of women (about ten of them) sitting in the mosque. He raised his hand to offer greetings.."}},{"id":12,"idInBook":12,"chapterId":5,"bookId":13,"arabic":"وعن أبي أمامة رضي الله عنه قال‏:‏ قال رسول الله صلى الله عليه وسلم‏:‏ ‏\n\"‏إن أولى الناس بالله من بدأهم بالسلام‏\"‏ ‏(‏‏(‏رواه أبو داود بإسناد جيد، ورواه الترمذي بنحوه وقال‏:‏ حديث حسن، وقد ذكر بعده‏)‏‏)‏‏.‏","english":{"narrator":"Narrated Abu Umamah:","text":"The Prophet (ﷺ) said: Those who are nearest to Allah are they who are first to give a salutation.\n\n And At- Tirmidhi narrated its meaning and classified it as Hasan."}},{"id":13,"idInBook":13,"chapterId":5,"bookId":13,"arabic":"وعن أبي جري الهجيمي رضي الله عنه قال‏:‏ أتيت رسول الله صلى الله عليه وسلم فقلت‏:‏ عليك السلام يا رسول الله قال‏:‏ ‏\n\"‏لا تقل عليك السلام؛ فإن عليك السلام تحية الموتى‏\"‏‏.‏ \n‏(‏‏(‏رواه أبو داود، والترمذي وقال‏:‏ حديث حسن صحيح‏.‏ وقد سبق بطوله‏)‏‏)‏‏.‏","english":{"narrator":"Abu Juraiy Al-Hujaimi (May Allah be pleased with him) reported:","text":"I saw the Messenger of Allah (ﷺ) and said: \"Alaikas-Salamu ya Rasulallah! (Upon you be peace, O Messenger of Allah)!\" He said, \"Do not say: 'Alaikas-Salamu (Upon you be peace).' This is the Salam to the dead.\"."}},{"id":14,"idInBook":14,"chapterId":5,"bookId":13,"arabic":"عن أبي هريرة رضي الله عنه أن رسول الله صلى الله عليه وسلم قال‏:‏ ‏\"‏يسلم الراكب على الماشي، والماشي على القاعد، والقليل على الكثير” ‏(‏‏(‏متفق عليه‏)‏‏)‏  \nوفي رواية للبخاري‏:‏ ‏\"‏والصغير على الكبير‏\"‏","english":{"narrator":"Abu Hurairah (May Allah be pleased with him) reported:","text":"The Messenger of Allah (ﷺ) said, 'A rider should greet a pedestrian; a pedestrian should greet one who is sitting; and a small group should greet a large group (of people).''\n\n.\n\nThe narration in Al-Bukhari adds: The Messenger of Allah (ﷺ) said, \"The young should greet the elderly.''"}},{"id":15,"idInBook":15,"chapterId":5,"bookId":13,"arabic":"وعن أبي أمامة صُدي بن عجلان الباهلي رضي الله عنه قال‏:‏ قال رسول الله صلى الله عليه وسلم‏:‏ “إن أولى الناس بالله من بدأهم بالسلام‏\"‏ ‏(‏‏(‏رواه أبو داود بإسناد جيد‏)‏‏)‏‏.‏ \nورواه الترمذي عن أبي أمامة رضي الله عنه‏:‏ قيل‏:‏ يا رسول الله، الرجلان يلتقيان، أيهما يبدأ بالسلام‏؟‏ قال‏:‏ ‏\"‏أولاهما بالله تعالى‏\"‏ قال الترمذي ‏:‏ حديث حسن‏.‏","english":{"narrator":"Abu Umamah Sudaiy bin `Ajlan Al-Bahili (May Allah be pleased with him) reported:","text":"The Messenger of Allah (ﷺ) said, \"The person nearest to Allah is one who is the first to offer greeting.\"\n\n.\n\nThe narration in At-Tirmidhi is: The Messenger of Allah (ﷺ) was asked: \"O Messenger of Allah! When two persons meet, who should greet the other first?'' The Messenger of Allah (ﷺ) said, \"The person nearest to Allah (i.e., one who is more obedient and therefore closer to Allah will say: As-Salam first).\""}},{"id":16,"idInBook":16,"chapterId":5,"bookId":13,"arabic":"عن أبي هريرة رضي الله عنه في حديث المسيء صلاته أنه جاء فصلى، ثم جاء النبي صلى الله عليه وسلم، فسلم عليه، فرد عليه السلام، فقال‏:‏ ‏\n\"‏ارجع فصلِ، فإنك لم تصلِ‏\"‏ فرجع فصلى، ثم جاء فسلم على النبي صلى الله عليه وسلم، حتى فعل ذلك ثلاث مرات” ‏(‏‏(‏متفق عليه‏)‏‏)‏","english":{"narrator":"Abu Hurairah (May Allah be pleased with him)reported in the Hadith concerning the person who was at fault in performing his Salat (prayer):","text":"He came to the Prophet (ﷺ) and greeted him. The Prophet (ﷺ) responded to the greeting and said, \"Go back and repeat your Salat because you have not performed the Salat (properly).'' He again performed Salat as he had prayed before and came to the Prophet (ﷺ) and greeted him. The Prophet (ﷺ) responded to the greetings (and repeated his words to him). This act of repeating (the Salat and the Salam) was done thrice.\n\n."}},{"id":17,"idInBook":17,"chapterId":5,"bookId":13,"arabic":"وعنه عن رسول الله صلى الله عليه وسلم، قال‏:‏ ‏\n\"‏إذا لقي أحدكم أخاه، فليسلم عليه، فإن حالت بينهما شجرة، أو جدار، أو حجر، ثم لقيه، فليسلم عليه‏\"‏ ‏(‏‏(‏رواه أبو داود‏)‏‏)‏‏.‏","english":{"narrator":"Abu Hurairah (May Allah be pleased with him) reported:","text":"The Messenger of Allah (ﷺ) said, \"When one of you meets a brother (in Faith) he should greet him. Then if a tree or a wall or a stone intervenes between them and then he meets him again, he should greet him.\"."}},{"id":18,"idInBook":18,"chapterId":5,"bookId":13,"arabic":"وعن أنس رضي الله عنه قال‏:‏ قال لي رسول الله صلى الله عليه وسلم ‏:‏ ‏\n\"‏يا بُني، إذا دخلت على أهلك، فسلم، يكن بركة عليك، وعلى أهل بيتك‏\"‏ ‏(‏‏(‏رواه الترمذي وقال‏:‏ حديث حسن صحيح‏)‏‏)‏‏.‏","english":{"narrator":"Anas bin Malik (May Allah be pleased with him) reported:","text":"The Messenger of Allah (ﷺ) said to me, \"Dear son, when you enter your house, say As- Salamu 'Alaikum to your family, for it will be a blessing both to you and to your family.\"."}},{"id":19,"idInBook":19,"chapterId":5,"bookId":13,"arabic":"عن أنس رضي الله عنه أنه مر على صبيان، فسلم عليهم، وقال‏:‏ كان رسول الله صلى الله عليه وسلم يفعله” ‏(‏‏(‏متفق عليه‏)‏‏)‏","english":{"narrator":"Anas (May Allah be pleased with him) reported that he passed by some children and greeted them. Then he said:","text":"\"Messenger of Allah (ﷺ) used to do the same.\"\n\n."}},{"id":20,"idInBook":20,"chapterId":5,"bookId":13,"arabic":"عن سهل بن سعد رضي الله عنه قال‏:‏ كانت فينا امرأة -وفي رواية‏:‏ كانت لنا عجوز- تأخذ من أصول السلق فتطرحه في القدر، وتكركر حبات من شعير، فإذا صلينا الجمعة، وانصرفنا، نُسلم عليها، فتقدمه إلينا‏\"‏ ‏(‏‏(‏رواه البخاري‏)‏‏)‏‏.‏","english":{"narrator":"Sahl bin Sa`d (May Allah be pleased with him) reported:","text":"There was a woman (in another narration; an old woman) among us who would put beet root in a pot and add to it some ground barley. She used to cook them together. On returning from the Friday prayer, we would greet her and she would offer it to us.\n\n."}},{"id":21,"idInBook":21,"chapterId":5,"bookId":13,"arabic":"وعن أم هانئ فاختة بنت أبي طالب رضي الله عنه قالت‏:‏ أتيت النبي صلى الله عليه وسلم يوم الفتح وهو يغتسل، وفاطمة تستره بثوب، فسلمت، وذكرت الحديث” ‏(‏‏(‏رواه مسلم‏)‏‏)‏‏.‏","english":{"narrator":"Umm Hani (May Allah be pleased with her), the daughter of Abu Talib reported:","text":"I went to the Prophet (ﷺ) on the day of the conquest of Makkah. He was taking a bath and Fatimah was screening him with a cloth. I greeted him. And she mentioned the rest of the Hadith.\n\n."}},{"id":22,"idInBook":22,"chapterId":5,"bookId":13,"arabic":"وعن أسماء بنت يزيد رضي الله عنه قالت‏:‏ مر علينا النبي صلى الله عليه وسلم في نسوة فسلم علينا‏.‏ \n‏(‏‏(‏رواه أبو داود، والترمذي وقال‏:‏ حديث حسن، وهذا لفظ أبي داود))\nولفظ الترمذي‏:‏ أن رسول الله صلى الله عليه وسلم مر في المسجد يومًا، وعصبة من النساء قعود، فألوى بيده بالتسليم‏‏‏.‏","english":{"narrator":"Asma bint Yazid (May Allah be pleased with her) reported:","text":"The Prophet (ﷺ) passed by us when we were with a party of women, and he greeted us with salam.. This is the wording of Abu Dawud.\n\nIn  At-Tirmidhi: that the Messenger of Allah (ﷺ) passed through the Masjid one day, and a group of women were sitting, so he motioned his hand with the salam."}},{"id":23,"idInBook":23,"chapterId":5,"bookId":13,"arabic":"عن أبي هريرة رضي الله عنه أن رسول الله صلى الله عليه وسلم قال‏:‏ ‏\n\"‏ لا تبدءوا اليهود ولا النصارى بالسلام، فإذا لقيتم أحدهم في طريق فاضطروه إلى أضيقه‏\"‏ ‏(‏‏(‏رواه مسلم‏)‏‏)‏‏.‏","english":{"narrator":"Abu Hurairah (May Allah be pleased with him) reported:","text":"The Messenger of Allah (ﷺ) said, \"Do not greet the Jews and the Christians before they greet you; and when you meet any one of them on the road, force him to go to the narrowest part of it.\"\n\n."}},{"id":24,"idInBook":24,"chapterId":5,"bookId":13,"arabic":"وعن أنس رضي الله عنه قال‏:‏ قال رسول الله صلى الله عليه وسلم‏:‏ ‏\"‏إذا سلم عليكم أهل الكتاب فقولوا‏:‏ وعليكم” ‏(‏‏(‏متفق عليه‏)‏‏)‏","english":{"narrator":"Anas (May Allah be pleased with him) reported:","text":"Messenger of Allah (ﷺ) said, \"When the people of the Book greet you, respond with: 'Wa 'alaikum' (And upon you)\".."}},{"id":25,"idInBook":25,"chapterId":5,"bookId":13,"arabic":"وعن أسامة رضي الله عنه أن النبي صلى الله عليه وسلم مر على مجلس فيه أخلاط من المسلمين والمشركين -عبدة الأوثان واليهود- فسلم عليهم النبي صلى الله عليه وسلم‏\"‏ ‏(‏‏(‏متفق عليه‏)‏‏)‏‏.‏","english":{"narrator":"Usamah bin Zaid (May Allah be pleased with him) reported:","text":"The Prophet (ﷺ) passed by a mixed company of people which included Muslims, polytheists and Jews, and he gave them the greeting (i.e., saying As- Salamu 'Alaikum).."}},{"id":26,"idInBook":26,"chapterId":5,"bookId":13,"arabic":"وعن أبي هريرة رضي الله عنه قال‏:‏ قال رسول الله صلى الله عليه وسلم‏:‏ ‏\"‏إذا انتهى أحدكم إلى المجلس فليسلم، فإذا أراد أن يقوم فليسلم، فليست الأولى بأحق من الآخرة‏\"‏ ‏(‏‏(‏رواه أبو داود، والترمذي وقال‏:‏ حديث حسن‏\"‏‏)‏‏)‏‏.‏","english":{"narrator":"Abu Hurairah (May Allah be pleased with him) reported:","text":"The Messenger of Allah (ﷺ) said, \"When one of you arrives in a gathering, he should offer Salam to those who are already there, and he should also do so when he intends to depart. The first act of greeting is not more meritorious than the last.''\n\n."}},{"id":27,"idInBook":27,"chapterId":5,"bookId":13,"arabic":"وعن أبي موسي الأشعري رضي الله عنه قال‏:‏ قال رسول الله صلى  الله عليه وسلم ‏:‏ “ الاستئذان ثلاث، فإن أذن لك وإلا فارجع‏\"‏ ‏(‏‏(‏متفق عليه‏)‏‏)‏","english":{"narrator":"Abu Musa Al-Ash'ari (May Allah be pleased with him) reported:","text":"The Messenger of Allah (ﷺ) said, \"Permission is to be sought thrice. If permission is granted, you may enter; otherwise, go back.\"."}},{"id":28,"idInBook":28,"chapterId":5,"bookId":13,"arabic":"وعن سهل بن سعد قال‏:‏ قال رسول الله صلى  الله عليه وسلم  ‏:‏ ‏\n\"‏إنما جعل الاستئذان من أجل البصر‏\"‏ ‏(‏‏(‏متفق عليه‏)‏‏)‏‏.‏","english":{"narrator":"Sahl bin Sa'd (May Allah be pleased with him) reported:","text":"The Messenger of Allah (ﷺ) said, \"Seeking permission to enter (somebody's house) has been prescribed in order to restrain the eyes (from looking at something we are not supposed to look at).\"."}},{"id":29,"idInBook":29,"chapterId":5,"bookId":13,"arabic":"وعن ربعي بن حراش قال‏:‏ حدثنا رجل من بني عامر استأذن علي النبي صلى الله عليه وسلم  وهو في بيت، فقال‏:‏ أألج‏؟‏ فقال رسول الله صلى  الله عليه وسلم  لخادمه‏:‏ ‏\"‏أخرج إلي هذا وعلمه الاستئذان، فقل له‏:‏ قل‏:‏ السلام عليكم، أأدخل‏؟‏” فسمعه الرجل فقال‏:‏ السلام عليكم، أأدخل‏؟‏ فأذن له النبي صلى الله عليه وسلم ، فدخل‏.‏ ‏(‏‏(‏رواه أبو داود بإسناد صحيح‏)‏‏)‏‏.‏","english":{"narrator":"Rib'i bin Hirash (May Allah be pleased with him) reported:","text":"A man of Banu 'Amir tribe has told us that he had asked the Prophet (ﷺ) for permission to enter when he was at home. He said: \"May I enter?\" the Messenger of Allah (ﷺ) said to the servant, \"Go out and instruct him about the manner of seeking permission. Tell him to say: As-Salamu 'Alaikum (may peace be upon you). May I come in?\" The man heard this and said: \"As-Salamu 'Alaikum (may peace be upon you). May I come in?\" The Prophet (ﷺ) then granted him permission and he entered.."}},{"id":30,"idInBook":30,"chapterId":5,"bookId":13,"arabic":"عن كلدة بن الحنبل رضي الله عنه قال‏:‏ أتيت النبي صلى الله عليه وسلم ، فدخلت عليه ولم أسلم، فقال النبي صلى الله عليه وسلم ‏:‏ ‏\n\"‏ارجع فقل السلام عليكم أأدخل‏؟‏‏\"‏ \n‏(‏‏(‏رواه أبو داود، والترمذي وقال‏:‏ حديث حسن‏)‏‏)‏‏.‏","english":{"narrator":"Kildah bin Al-Hanbal (May Allah be pleased with him) reported:","text":"I visited the Prophet (ﷺ) and I entered his house without seeking permission. So he said, \"Go back and say: 'As-Salamu 'alaikum (may peace be upon you). May I come in?\"'."}},{"id":31,"idInBook":31,"chapterId":5,"bookId":13,"arabic":"عن أنس رضي الله عنه في حديثه المشهور في الإسراء قال‏:‏ قال رسول الله صلى  الله عليه وسلم ‏:‏ ‏\n\"‏ثم صعد بي جبريل إلي السماء الدنيا فاستفتح، فقيل‏:‏ من هذا‏؟‏ قال‏:‏ جبريل، قيل‏:‏ومن معك‏؟‏ قال‏:‏ محمد‏.‏ ثم صعد إلي السماء الثانية والثالثة والرابعة وسائرهن، ويقال في باب كل سماء‏:‏ من هذا‏؟‏ فيقول‏:‏ جبريل‏\"‏ ‏(‏‏(‏متفق عليه‏)‏‏)‏‏.‏","english":{"narrator":"Anas (May Allah be pleased with him) reported in the course of his famous Hadith pertaining to Al-Isra' (the Ascension) that Messenger of Allah (ﷺ) said, \"Then Jibril (Gabriel) ascended along with me to the nearest heaven and requested for the gate to be opened. He was asked:","text":"`Who is there?' He replied: `Jibril.' He was asked: `Who is with you?' He said: `Muhammad.' Then he ascended to the second heaven and requested for the opening of the gate. He was asked: `Who is there?' He said: `Jibril.' He was asked: `Who is with you?' He replied: `Muhammad.' In the same way he ascended to the third, fourth and all the heavens (i.e., until the seventh). At all of the gates he was asked: `Who is there?' He replied: Jibril.'''\n\n."}},{"id":32,"idInBook":32,"chapterId":5,"bookId":13,"arabic":"وعن أبي ذر رضي الله عنه قال‏:‏ خرجت ليلة من الليالي، فإذا رسول الله صلى  الله عليه وسلم  يمشي وحده، فجعلت أمشي في ظل القمر، فالتفت فرآني فقال‏:‏ ‏\n\"‏من هذا‏؟‏‏\"‏ فقلت‏:‏ أبو ذر، ‏(‏‏(‏متفق عليه‏)‏‏)‏‏.‏","english":{"narrator":"Abu Dharr (May Allah be pleased with him) reported:","text":"I stepped out one night and saw the Messenger of Allah (ﷺ) walking by himself. I began to walk in the moonlit night. He turned round and saw me and asked, \"Who is there?\" I replied: \"Abu Dharr.\"."}},{"id":33,"idInBook":33,"chapterId":5,"bookId":13,"arabic":"وعن أم هانيء رضي الله عنها قالت‏:‏ أتيت النبي صلى الله عليه وسلم  وهو يغتسل وفاطمة تستره فقال ‏\n\"‏ من هذه‏؟‏‏\"‏ فقلت‏:‏ أنا أم هانيء‏.‏ ‏(‏‏(‏متفق عليه‏)‏‏)‏‏.‏","english":{"narrator":"Umm Hani (May Allah be pleased with her) reported:","text":"I went to the Prophet (ﷺ) who was taking a bath while Fatimah was screening him. He asked, \"Who is there?\" I replied: \"I am Umm Hani.\"."}},{"id":34,"idInBook":34,"chapterId":5,"bookId":13,"arabic":"وعن جابر رضي الله عنه قال‏:‏ أتيت النبي صلى الله عليه وسلم  فدققت الباب، فقال ‏\"‏من ذا‏؟‏‏\"‏ فقلت‏:‏ أنا، فقال‏:‏ ‏\"‏أنا أنا‏؟‏‏!‏‏\"‏ كـأنه كرهها ‏(‏‏(‏متفق عليه‏)‏‏)‏‏.‏","english":{"narrator":"Jabir (May Allah be pleased with him) reported:","text":"I went to the Prophet (ﷺ) and knocked at the door (to seek permission). He asked, \"Who is there?\" I said: \"I\". He repeated, \" I, I?!\" as if he disliked it.."}},{"id":35,"idInBook":35,"chapterId":5,"bookId":13,"arabic":"عن أبي هريرة رضي الله عنه أن النبي صلى الله عليه وسلم  قال‏:‏ ‏\n\"‏إن الله يحب العطاس، ويكره التثاؤب، فإذا عطس أحدكم وحمد الله تعالي كان حقاً علي كل مسلم سمعه أن يقول له‏:‏يرحمك الله، وأما التثاؤب فإنما هو من الشيطان، فإذا تثاءب أحدكم فليرده ما استطاع، فإن أحدكم إذا تثاءب ضحك منه الشيطان‏\"‏ ‏(‏‏(‏رواه البخاري‏)‏‏)‏‏.‏","english":{"narrator":"Abu Hurairah (May Allah be pleased with him) reported:","text":"The Prophet (ﷺ) said, \"Allah likes sneezing and dislikes yawning. When any one of you sneezes and says `Al-hamdu lillah (praise be to Allah)', it becomes obligatory upon every Muslim who hears him to respond with `Yarhamuk-Allah (may Allah have mercy on you)'. Yawning is from the devil. When one of you feels like yawning, he should restrain it as much as possible, for the devil laughs when one of you yawns.\"\n\n."}},{"id":36,"idInBook":36,"chapterId":5,"bookId":13,"arabic":"وعنه عن النبي صلى الله عليه وسلم الله قال‏:‏ ‏\n\"‏إذا عطس أحدكم فليقل‏:‏ الحمد لله؛ وليقل له أخوه أو أصحابه‏:‏ يرحمك الله، فإذا قال له‏:‏ يرحمك الله، فليقل‏:‏ يهديكم الله ويصلح بالكم‏\"‏ ‏(‏‏(‏رواه البخاري‏)‏‏)‏‏.‏","english":{"narrator":"Abu Hurairah (May Allah be pleased with him) reported:","text":"The Prophet (ﷺ) said, \"When one of you sneezes he should say: 'Al-hamdu lillah (praise be to Allah),' and his brother or his companion should say to him: 'Yarhamuk-Allah (may Allah have mercy on you).' When he says this he should reply: 'Yahdikum-ullah wa yuslihu balakum (may Allah guide you and render sound your state of affairs).\"'."}},{"id":37,"idInBook":37,"chapterId":5,"bookId":13,"arabic":"وعن أبي موسي رضي الله عنه قال‏:‏ سمعت رسول الله صلى  الله عليه وسلم  يقول‏:‏ ‏\n\"‏إذا عطس أحدكم فحمد الله فشمتوه، فإن لم يحمد الله فلا تشمتوه‏\"‏ ‏(‏‏(‏رواه مسلم‏)‏‏)‏‏.‏","english":{"narrator":"Abu Musa (May Allah be pleased with him) reported:","text":"The Messenger of Allah (ﷺ) said, \"When one of you sneezes and praises Allah (i.e., says Al-hamdu lillah), you should invoke Allah's Mercy upon him (i.e., say Yarhamuk-Allah); but if he does not praise Allah, you should not respond.\" ."}},{"id":38,"idInBook":38,"chapterId":5,"bookId":13,"arabic":"وعن أنس رضي الله عنه قال‏:‏ عطس رجلان عند النبي صلى الله عليه وسلم ، فشمت أحدهما ولم يشمت الآخر، فقال الذي لم يشمته‏:‏ عطس فلان فشمته، وعطست فلم تشمتني‏؟‏ فقال‏:‏ ‏\n\"‏هذا حمد الله، وإنك لم تحمد الله‏\"‏ ‏(‏‏(‏متفق عليه‏)‏‏)‏","english":{"narrator":"Anas (May Allah be pleased with him) reported:","text":"When two men sneezed in the presence of the Prophet (ﷺ), he responded to one with \"Yarhamuk-Allah (may Allah have mercy on you)\" and did not respond to the other. The latter said to him: \"You invoked a blessing on this man but did not do so in my case.\" The Prophet (ﷺ) replied, \"He praised Allah (i.e., he said 'Al-hamdu lillah') but you did not.\"."}},{"id":39,"idInBook":39,"chapterId":5,"bookId":13,"arabic":"وعن أبي هريرة رضي الله عنه قال‏:‏ كان رسول الله صلى  الله عليه وسلم  إذا عطس وضع يده أو ثوبه علي فيه، وخفض -أو غض- بها صوته‏.‏ شك الراوي‏.‏ ‏(‏‏(‏رواه أبو داود، والترمذي وقال‏:‏ حديث حسن صحيح‏)‏‏)‏‏.‏","english":{"narrator":"Abu Hurairah (May Allah be pleased with him) reported:","text":"Whenever the Messenger of Allah (ﷺ) sneezed, he would cover his mouth with his hand or a piece of cloth - thereby suppressing the sound.."}},{"id":40,"idInBook":40,"chapterId":5,"bookId":13,"arabic":"وعن أبي موسي رضي الله عنه قال‏:‏ كان اليهود يتعاطسون عند رسول الله صلى  الله عليه وسلم  يرجون أن يقول لهم‏:‏ يرحمكم الله، فيقول‏:‏ ‏\"‏‏\"‏يهديكم الله ويصلح بالكم‏\"‏ ‏(‏‏(‏رواه أبو داود، والترمذي وقال‏:‏ حديث حسن صحيح‏)‏‏)‏‏.‏","english":{"narrator":"Abu Musa (May Allah be pleased with him) reported:","text":"The Jews used to intentionally sneeze in the presence of the Messenger of Allah (ﷺ) hoping that he would say to them: 'Yarhamukum-ullah (may Allah have mercy on you),' but he would respond with: \"Yahdikum-ullahu wa yuslihu balakum (may Allah guide you and render sound your state of affairs).\"."}},{"id":41,"idInBook":41,"chapterId":5,"bookId":13,"arabic":"وعن أبي سعيد الخدري رضي الله عنه قال‏:‏ قال رسول الله صلى  الله عليه وسلم ‏:‏ ‏\n\"‏إذا تثاءب أحدكم فليمسك بيده علي فيه، فإن الشيطان يدخل‏\"‏ ‏(‏‏(‏رواه مسلم‏)‏‏)‏‏.‏","english":{"narrator":"Abu Sa'id Al-Khudri (May Allah be pleased with him) reported:","text":"The Messenger of Allah (ﷺ) said, \"When one yawns, he should put his hand over his mouth, otherwise the devil will enter.\"."}},{"id":42,"idInBook":42,"chapterId":5,"bookId":13,"arabic":"عن أبي الخطاب قتادة قال‏:‏ قلت لأنس‏:‏ أكانت المصافحة في أصحاب رسول الله صلى  الله عليه وسلم ‏؟‏ قال‏:‏ نعم‏\"‏ ‏(‏‏(‏رواه البخاري‏)‏‏)‏‏.‏","english":{"narrator":"Abu Khattab Qatadah (May Allah be pleased with him) reported:","text":"I asked Anas: \"Did the Companions of the Messenger of Allah (ﷺ) use to shake hands?'' He said: \"Yes.''\n\n."}},{"id":43,"idInBook":43,"chapterId":5,"bookId":13,"arabic":"وعن أنس رضي الله عنه قال‏:‏ لما جاء أهل اليمن قال رسول الله صلى  الله عليه وسلم ‏:‏ “قد جاءكم أهل اليمن، وهم أول من جاء بالمصافحة‏\"‏ ‏(‏‏(‏رواه أبو داود بإسناد صحيح‏)‏‏)‏‏.‏","english":{"narrator":"Anas (May Allah be pleased with him) reported:","text":"When the people of Yemen came, the Messenger of Allah (ﷺ) said, \"The people of Yemen have visited you. They are the first to introduce the tradition of handshaking.\"."}},{"id":44,"idInBook":44,"chapterId":5,"bookId":13,"arabic":"وعن البراء رضي الله عنه قال‏:‏ قال رسول الله صلى  الله عليه وسلم ‏:‏ ‏\n\"‏ما من مسلمين يلتقيان فيتصافحان إلا غفر لهما قبل أن يفترقا‏\"‏ ‏(‏‏(‏رواه أبو داود‏)‏‏)‏‏.‏","english":{"narrator":"Al-Bara' (May Allah be pleased with him) reported:","text":"The Messenger of Allah (ﷺ) said, \"Two Muslims will not meet and shake hands without having their sins forgiven (by Allah ) before they depart.\"."}},{"id":45,"idInBook":45,"chapterId":5,"bookId":13,"arabic":"وعن أنس رضي الله عنه قال‏:‏ قال رجل‏:‏ يا رسول الله، الرجل منا يلقي أخاه أو صديقه، أينحني له قال‏:‏ ‏\"‏لا‏\"‏ قال‏:‏ أفيلتزمه ويقبله‏؟‏فال‏:‏ ‏\"‏لا‏\"‏ قال‏:‏ فيأخذ بيده ويصافحه‏؟‏ قال‏:‏‏\"‏نعم‏\"‏ ‏(‏‏(‏رواه الترمذي وقال‏:‏ حديث حسن‏)‏‏)‏‏.‏","english":{"narrator":"Anas (May Allah be pleased with him) reported:","text":"A man asked: \"O Messenger of Allah! When a man meets a brother or a friend, should he bow to him?\" He said, \"No.\" The man asked whether he should embrace and kiss him? The Messenger of Allah (ﷺ) replied, \"No.\" He asked whether he should hold his hand and shake it? The Messenger of Allah (ﷺ) replied, \"Yes.\"."}},{"id":46,"idInBook":46,"chapterId":5,"bookId":13,"arabic":"وعن صفوان بن عسال رضي الله عنه قال‏:‏ قال يهودي لصاحبه‏:‏ اذهب بنا إلي هذا النبي صلى الله عليه وسلم فأتيا رسول الله صلى  الله عليه وسلم ، فسألاه عن تسع آيات بينات؛ فذكر الحديث إلي قوله‏:‏ فقبلا يده ورجله، وقالا‏:‏ نشهد أنك نبي‏.‏ ‏(‏‏(‏رواه الترمذي وغيره بأسانيد صحيحة‏)‏‏)‏‏.‏","english":{"narrator":"Safwan bin 'Assal (May Allah be pleased with him) reported:","text":"A Jew asked his companion to take him to the Prophet (ﷺ); and when they came to the Messenger of Allah (ﷺ), they asked him about the nine clear signs (given to Prophet Musa). Safwan narrated the long Hadith which concludes: They kissed the hands and feet of the Messenger of Allah (ﷺ) and said: \"We testify that you are a Prophet.\""}},{"id":47,"idInBook":47,"chapterId":5,"bookId":13,"arabic":"وعن ابن عمر، رضي الله عنهما، قصة قال فيها‏:‏ فدنونا من النبي صلى الله عليه وسلم  فقبلنا يده‏\"‏ ‏(‏‏(‏رواه أبو داود‏)‏‏)‏‏.‏","english":{"narrator":"In a narration of Ibn Umar (May Allah be pleased with them) at the end of the narration of the Hadith ) he said:","text":"\"We came near the Prophet (ﷺ) and kissed his hand.\""}},{"id":48,"idInBook":48,"chapterId":5,"bookId":13,"arabic":"وعن عائشة رضي الله عنها قالت‏:‏ قدم زيد بن حارثة المدينة ورسول الله صلى  الله عليه وسلم  في بيتي، فأتاه فقرع الباب، فقام إليه النبي صلى الله عليه وسلم  يجر ثوبه، فاعتنقه وقبله‏\"‏ ‏(‏‏(‏رواه الترمذي وقال‏:‏ حديث حسن‏)‏‏)‏‏.‏","english":{"narrator":"'Aishah (May Allah be pleased with her) reported:","text":"Zaid bin Harithah came to the Messenger of Allah (ﷺ) when he was in my house. Zaid knocked at the door. The Prophet (ﷺ) rose to receive him, trailing his garment. He embraced and kissed him.."}},{"id":49,"idInBook":49,"chapterId":5,"bookId":13,"arabic":"وعن أبي ذر، رضي الله عنه، قال‏:‏ قال لي رسول الله صلى  الله عليه وسلم ‏:‏ ‏\n\"‏لا تحقرن من المعروف شيئاً، ولو أن تلقي أخاك بوجه طلق‏\"‏ ‏(‏‏(‏رواه مسلم‏)‏‏)‏‏.‏","english":{"narrator":"Abu Dharr (May Allah be pleased with him) reported:","text":"The Messenger of Allah (ﷺ) said to me, \"Do not belittle any good deed, even your meeting with your brother (Muslim) with a cheerful face.\"."}},{"id":50,"idInBook":50,"chapterId":5,"bookId":13,"arabic":"وعن أبي هريرة رضي الله عنه قال‏:‏ قبل النبي،صلى الله عليه وسلم الحسن بن على، رضي الله عنهما، فقال الأقرع بن حابس‏:‏ إن لي عشرة من الولد ما قبلت منهم أحداً‏.‏ فقال رسول الله صلى  الله عليه وسلم ‏:‏ ‏\n\"‏من لا يرحم لا يرحم‏!‏‏\"‏ ‏(‏‏(‏متفق عليه‏)‏‏)‏","english":{"narrator":"Abu Hurairah (May Allah be pleased with him) reported:","text":"The Prophet (ﷺ) kissed his grandson Hasan bin 'Ali in the presence of Aqra' bin Habis. Thereupon Aqra' remarked: \"I have ten children and I have never kissed any one of them.\" The Messenger of Allah (ﷺ) cast a glance upon him and said, \"He who does not show mercy to others, will not be shown mercy.\"."}}],"chapter":{"id":5,"bookId":13,"arabic":"كتاب السلام","english":"The Book of Greetings"}}