{
  "metadata": {
    "length": 3,
    "arabic": {
      "title": "رياض الصالحين",
      "author": "الإمام يحيى بن شرف النووي",
      "introduction": "كتاب الاعتكاف"
    },
    "english": {
      "title": "Riyad as-Salihin",
      "author": "Imam Yahya ibn Sharaf al-Nawawi",
      "introduction": "The Book of I'tikaf"
    }
  },
  "hadiths": [
    {
      "id": 1,
      "idInBook": 1,
      "chapterId": 9,
      "bookId": 13,
      "arabic": "عن ابن عمر رضي الله عنهما، قال‏:‏ كان رسول الله صلى الله عليه وسلم يعتكف العشر الأواخر من رمضان‏.‏ ‏(‏‏(‏متفق عليه‏)‏‏)‏",
      "english": {
        "narrator": "Ibn `Umar (May Allah be pleased with them) reported:",
        "text": "The Messenger of Allah (ﷺ) used to observe I`tikaf in the last ten days of Ramadan.\n\n\n."
      },
      "turkish": {
        "narrator": "Ibn `Umar (May Allah be pleased with them) reported:",
        "text": "İbn `Umar (Allah ondan razı olsun) şöyle bildirmiştir: Allah'ın Elçisi (ﷺ) Ramazan'ın son on gününde itikafa girerdi."
      }
    },
    {
      "id": 2,
      "idInBook": 2,
      "chapterId": 9,
      "bookId": 13,
      "arabic": "وعن عائشة رضي الله عنها أن النبي صلى الله عليه وسلم كان يعتكف العشر الأواخر من رمضان، حتى توفاه الله، تعالى ثم اعتكف أزواجه من بعده‏.‏ ‏(‏‏(‏متفق عليه‏)‏‏)‏",
      "english": {
        "narrator": "'Aishah (May Allah be pleased with her) reported:",
        "text": "The Prophet (ﷺ) used to engage himself in I'tikaf (seclusion for prayers) in the mosque during the last ten nights of Ramadan till he passed away; thereafter, his wives followed this practice after him.."
      },
      "turkish": {
        "narrator": "'Aishah (May Allah be pleased with her) reported:",
        "text": "'Aişe (Allah ondan razı olsun) şöyle bildirmiştir: Peygamber (ﷺ) Ramazan'ın son on gecesinde mescitte itikafa girerdi; vefat edene kadar bu şekilde devam etti; ardından, eşleri de bu uygulamayı takip ettiler."
      }
    },
    {
      "id": 3,
      "idInBook": 3,
      "chapterId": 9,
      "bookId": 13,
      "arabic": "وعن أبي هريرة رضي الله عنه قال‏:‏ كان النبي صلى الله عليه وسلم يعتكف في كل رمضان عشرة أيام، فلما كان العام الذي قبض فيه اعتكف عشرين يومًا ‏(‏‏(‏رواه البخاري‏)‏‏)‏‏.‏",
      "english": {
        "narrator": "Abu Hurairah (May Allah be pleased with him) reported:",
        "text": "The Prophet (ﷺ) used to observe I'tikaf every year (during Ramadan) for ten days; in the year in which he passed away, he observed I'tikaf for twenty days.."
      },
      "turkish": {
        "narrator": "Abu Hurairah (May Allah be pleased with him) reported:",
        "text": "Ebu Hureyre (Allah ondan razı olsun) şöyle bildirmiştir: Peygamber (ﷺ) her yıl (Ramazan'da) on gün itikafa girerdi; vefat ettiği yıl yirmi gün itikafa girdi."
      }
    }
  ],
  "chapter": {
    "id": 9,
    "bookId": 13,
    "arabic": "كتاب الاعتكاف",
    "english": "The Book of I'tikaf"
  }
}