{
  "metadata": {
    "length": 22,
    "arabic": {
      "title": "مسند الإمام أحمد بن حنبل",
      "author": "الإمام أحمد بن حنبل",
      "introduction": "مُسْنَدُ أَبِي مُحَمَّدٍ طَلْحَةَ بْنِ عُبَيْدِ اللَّهِ رَضِيَ اللَّهُ تَعَالَى عَنْهُ"
    },
    "english": {
      "title": "Musnad Ahmad ibn Hanbal",
      "author": "Imam Ahmad ibn Hanbal",
      "introduction": "Musnad of Abu Muhammad Talhah bin 'Ubaidullah"
    }
  },
  "hadiths": [
    {
      "id": 1,
      "idInBook": 1,
      "chapterId": 6,
      "bookId": 8,
      "arabic": "حَدَّثَنَا وَكِيعٌ، حَدَّثَنَا نَافِعُ بْنُ عُمَرَ، وَعَبْدُ الْجَبَّارِ بْنُ وَرْدٍ، عَنِ ابْنِ أَبِي مُلَيْكَةَ، قَالَ قَالَ طَلْحَةُ بْنُ عُبَيْدِ اللَّهِ رَضِيَ اللَّهُ تَعَالَى عَنْهُ سَمِعْتُ رَسُولَ اللَّهِ صَلَّى اللَّهُ عَلَيْهِ وَسَلَّمَ يَقُولُ نِعْمَ أَهْلُ الْبَيْتِ عَبْدُ اللَّهِ وَأَبُو عَبْدِ اللَّهِ وَأُمُّ عَبْدِ اللَّهِ‏.‏",
      "english": {
        "narrator": "It was narrated that Ibn Abi Mulaikah said:",
        "text": "Talhah bin ‘Ubaidullah (رضي الله عنه) said: I heard the Messenger of Allah (ﷺ) said: `How good are the family: ‘Abdullah, the father of ‘Abdullah and the mother of ‘Abdullah.`"
      },
      "turkish": {
        "narrator": "It was narrated that Ibn Abi Mulaikah said:",
        "text": "İbn Abi Mulaikah'tan rivayet edildiğine göre, Talhah bin ‘Ubaidullah (رضي الله عنه) dedi ki: \"Ben, Allah'ın Elçisi (ﷺ) şöyle derken duydum: 'Ne güzel bir aile: ‘Abdullah, ‘Abdullah'ın babası ve ‘Abdullah'ın annesi.'\""
      }
    },
    {
      "id": 2,
      "idInBook": 2,
      "chapterId": 6,
      "bookId": 8,
      "arabic": "حَدَّثَنَا عَبْدُ الرَّحْمَنِ، حَدَّثَنَا نَافِعُ بْنُ عُمَرَ، وَعَبْدُ الْجَبَّارِ بْنُ الْوَرْدِ، عَنِ ابْنِ أَبِي مُلَيْكَةَ، قَالَ قَالَ طَلْحَةُ بْنُ عُبَيْدِ اللَّهِ لَا أُحَدِّثُ عَنْ رَسُولِ اللَّهِ صَلَّى اللَّهُ عَلَيْهِ وَسَلَّمَ شَيْئًا إِلَّا أَنِّي سَمِعْتُهُ يَقُولُ إِنَّ عَمْرَو بْنَ الْعَاصِ رَضِيَ اللَّهُ عَنْهُ مِنْ صَالِحِي قُرَيْشٍ قَالَ وَزَادَ عَبْدُ الْجَبَّارِ بْنُ وَرْدٍ عَنِ ابْنِ أَبِي مُلَيْكَةَ عَنْ طَلْحَةَ قَالَ نِعْمَ أَهْلُ الْبَيْتِ عَبْدُ اللَّهِ وَأَبُو عَبْدِ اللَّهِ وَأُمُّ عَبْدِ اللَّهِ‏.‏",
      "english": {
        "narrator": "It was narrated that Ibn Abi Mulaikah said:",
        "text": "Talhah bin ‘Ubaidullah said: I do not usually narrate anything from the Messenger of Allah (ﷺ), but I heard him say:` `Amr bin al-`As (رضي الله عنه) is one of the righteous of Quraish.” \n“Abdul Jabbar bin Ward added, narrating from Ibn Abi Mulaikah, that Talhah said: “How good are the family: ‘Abdullah, the father of `Abdullah and the mother of `Abdullah.`"
      },
      "turkish": {
        "narrator": "It was narrated that Ibn Abi Mulaikah said:",
        "text": "İbn Abi Mulaikah'tan rivayet edildiğine göre, Talhah bin ‘Ubaidullah dedi ki: \"Ben genellikle Allah'ın Elçisi (ﷺ) hakkında bir şey rivayet etmem, ama ondan şunu duydum: 'Amr bin al-‘As (رضي الله عنه) Kureyş'in salihlerindendir.'\""
      }
    },
    {
      "id": 3,
      "idInBook": 3,
      "chapterId": 6,
      "bookId": 8,
      "arabic": "حَدَّثَنَا مُحَمَّدُ بْنُ بَكْرٍ، حَدَّثَنَا ابْنُ جُرَيْجٍ، حَدَّثَنِي مُحَمَّدُ بْنُ الْمُنْكَدِرِ، عَنْ مُعَاذِ بْنِ عَبْدِ الرَّحْمَنِ بْنِ عُثْمَانَ التَّيْمِيِّ، عَنْ أَبِيهِ عَبْدِ الرَّحْمَنِ بْنِ عُثْمَانَ، قَالَ كُنَّا مَعَ طَلْحَةَ بْنِ عُبَيْدِ اللَّهِ رَضِيَ اللَّهُ عَنْهُ وَنَحْنُ حُرُمٌ فَأُهْدِيَ لَهُ طَيْرٌ وَطَلْحَةُ رَاقِدٌ فَمِنَّا مَنْ أَكَلَ وَمِنَّا مَنْ تَوَرَّعَ فَلَمْ يَأْكُلْ فَلَمَّا اسْتَيْقَظَ طَلْحَةُ وَفَّقَ مَنْ أَكَلَهُ وَقَالَ أَكَلْنَاهُ مَعَ رَسُولِ اللَّهِ صَلَّى اللَّهُ عَلَيْهِ وَسَلَّمَ‏.‏",
      "english": {
        "narrator": "It was narrated from Mu`adh bin `Abdur-Rahman bin `Uthman at-Taimi that his father ‘ Abdur-Rahman bin `Uthman said:",
        "text": "“We were with Talhah bin ‘Ubaidullah (رضي الله عنه) and we were in ihram. We were given a bird as a gift whilst Talhah was sleeping. Some of us ate and some of us refrained and did not eat. When Talhah woke up, he approved of those who had eaten it and said: “We ate it with the Messenger of Allah(ﷺ).”"
      },
      "turkish": {
        "narrator": "It was narrated from Mu`adh bin `Abdur-Rahman bin `Uthman at-Taimi that his father ‘ Abdur-Rahman bin `Uthman said:",
        "text": "\"Abdul Jabbar bin Ward, İbn Abi Mulaikah'tan rivayet ederek, Talhah'ın şöyle dediğini ekledi: 'Ne güzel bir aile: ‘Abdullah, ‘Abdullah'ın babası ve ‘Abdullah'ın annesi.'\""
      }
    },
    {
      "id": 4,
      "idInBook": 4,
      "chapterId": 6,
      "bookId": 8,
      "arabic": "حَدَّثَنَا أَسْبَاطٌ، حَدَّثَنَا مُطَرِّفٌ، عَنْ عَامِرٍ، عَنْ يَحْيَى بْنِ طَلْحَةَ، عَنْ أَبِيهِ، قَالَ رَأَى عُمَرُ طَلْحَةَ بْنَ عُبَيْدِ اللَّهِ ثَقِيلًا فَقَالَ مَا لَكَ يَا أَبَا فُلَانٍ لَعَلَّكَ سَاءَتْكَ إِمْرَةُ ابْنِ عَمِّكَ يَا أَبَا فُلَانٍ قَالَ لَا إِلَّا أَنِّي سَمِعْتُ مِنْ رَسُولِ اللَّهِ صَلَّى اللَّهُ عَلَيْهِ وَسَلَّمَ حَدِيثًا مَا مَنَعَنِي أَنْ أَسْأَلَهُ عَنْهُ إِلَّا الْقُدْرَةُ عَلَيْهِ حَتَّى مَاتَ سَمِعْتُهُ يَقُولُ إِنِّي لَأَعْلَمُ كَلِمَةً لَا يَقُولُهَا عَبْدٌ عِنْدَ مَوْتِهِ إِلَّا أَشْرَقَ لَهَا لَوْنُهُ وَنَفَّسَ اللَّهُ عَنْهُ كُرْبَتَهُ قَالَ فَقَالَ عُمَرُ رَضِيَ اللَّهُ عَنْهُ إِنِّي لَأَعْلَمُ مَا هِيَ قَالَ وَمَا هِيَ قَالَ تَعْلَمُ كَلِمَةً أَعْظَمَ مِنْ كَلِمَةٍ أَمَرَ بِهَا عَمَّهُ عِنْدَ الْمَوْتِ لَا إِلَهَ إِلَّا اللَّهُ قَالَ طَلْحَةُ صَدَقْتَ هِيَ وَاللَّهِ هِيَ‏.‏",
      "english": {
        "narrator": "It was narrated from Yahya bin Talhah that his father said:",
        "text": "`Umar(رضي الله عنه) saw Talhah bin `Ubaidullah looking upset and said: “What is the matter with you, O Father of so and so? Perhaps your cousin being appointed as caliph has upset you, O Father of so and so?” He said: “No, but I heard a Hadeeth from the Messenger of Allah (ﷺ) and nothing prevented me from asking him about it except the fear of not being able to comply with it sand I did not ask him about it until he died. I heard him say: `I know a word which no one says at the time of death but his colour will brighten and Allah will relieve him of his distress.` Umar (رضي الله عنه) said: “I know what it is.” Talhah said: “What is it?” ’Umar(رضي الله عنه) said: “Do you know any word that is greater than the word he enjoined his uncle to say when he was dying, La ilaha illallah?” Talhah said: “You are right. By Allah, that is what it is.”"
      },
      "turkish": {
        "narrator": "It was narrated from Yahya bin Talhah that his father said:",
        "text": "Mu`adh bin `Abdur-Rahman bin `Uthman at-Taimi'den rivayet edildiğine göre, babası ‘Abdur-Rahman bin `Uthman dedi ki: \"Biz Talhah bin ‘Ubaidullah (رضي الله عنه) ile birlikteydik ve ihramdaydık. Talhah uyurken bize bir kuş hediye edildi. Bazılarımız yedi, bazılarımız ise yemekten kaçındı. Talhah uyandığında, yiyenleri onayladı ve dedi ki: 'Biz bunu Allah'ın Elçisi (ﷺ) ile yedik.'\""
      }
    },
    {
      "id": 5,
      "idInBook": 5,
      "chapterId": 6,
      "bookId": 8,
      "arabic": "حَدَّثَنَا وَكِيعٌ، عَنْ إِسْمَاعِيلَ، قَالَ قَالَ قَيْسٌ رَأَيْتُ طَلْحَةَ يَدُهُ شَلَّاءُ وَقَى بِهَا رَسُولَ اللَّهِ صَلَّى اللَّهُ عَلَيْهِ وَسَلَّمَ يَوْمَ أُحُدٍ‏.‏",
      "english": {
        "narrator": "It was narrated that Isma`eel said:",
        "text": "I saw Talhah with his hand paralysed; he had protected the Messenger of Allah (ﷺ) with it on the day of Uhud."
      },
      "turkish": {
        "narrator": "It was narrated that Isma`eel said:",
        "text": "Yahya bin Talhah'tan rivayet edildiğine göre, babası dedi ki: \"`Umar (رضي الله عنه) Talhah bin `Ubaidullah'ı üzgün görünce, 'Nedir bu halin, ey falanın babası? Belki kuzeninin halife olarak atanması seni üzdü, ey falanın babası?' dedi. O da: 'Hayır, ama ben Allah'ın Elçisi (ﷺ) tarafından bir hadis duydum ve ondan sormaktan beni alıkoyan tek şey, ona uyamayacağım korkusuydu ve ona sormadım, ta ki o vefat edene kadar. Onun şöyle dediğini duydum: 'Ölüm anında kimse bu kelimeyi söylemez ki, rengi açılmaz ve Allah onu sıkıntısından kurtarır.' `Umar (رضي الله عنه) dedi: 'Ben bunun ne olduğunu biliyorum.' Talhah dedi: 'Nedir o?' `Umar (رضي الله عنه) dedi: 'O, amcasına ölüm anında söylemesini emrettiği kelimeden daha büyük bir kelime biliyor musun, La ilaha illallah?' Talhah dedi: 'Haklısın. Vallahi, işte bu.'\""
      }
    },
    {
      "id": 6,
      "idInBook": 6,
      "chapterId": 6,
      "bookId": 8,
      "arabic": "حَدَّثَنَا إِبْرَاهِيمُ بْنُ مَهْدِيٍّ، حَدَّثَنَا صَالِحُ بْنُ عُمَرَ، عَنْ مُطَرِّفٍ، عَنْ الشَّعْبِيِّ، عَنْ يَحْيَى بْنِ طَلْحَةَ بْنِ عُبَيْدِ اللَّهِ، عَنْ أَبِيهِ، أَنَّ عُمَرَ، رَضِيَ اللَّهُ عَنْهُ رَآهُ كَئِيبًا فَقَالَ مَا لَكَ يَا أَبَا مُحَمَّدٍ كَئِيبًا لَعَلَّهُ سَاءَتْكَ إِمْرَةُ ابْنِ عَمِّكَ يَعْنِي أَبَا بَكْرٍ قَالَ لَا وَأَثْنَى عَلَى أَبِي بَكْرٍ رَضِيَ اللَّهُ عَنْهُ وَلَكِنِّي سَمِعْتُ النَّبِيَّ صَلَّى اللَّهُ عَلَيْهِ وَسَلَّمَ يَقُولُ كَلِمَةٌ لَا يَقُولُهَا عَبْدٌ عِنْدَ مَوْتِهِ إِلَّا فَرَّجَ اللَّهُ عَنْهُ كُرْبَتَهُ وَأَشْرَقَ لَوْنُهُ فَمَا مَنَعَنِي أَنْ أَسْأَلَهُ عَنْهَا إِلَّا الْقُدْرَةُ عَلَيْهَا حَتَّى مَاتَ فَقَالَ لَهُ عُمَرُ رَضِيَ اللَّهُ عَنْهُ إِنِّي لَأَعْلَمُهَا فَقَالَ لَهُ طَلْحَةُ وَمَا هِيَ فَقَالَ لَهُ عُمَرُ رَضِيَ اللَّهُ عَنْهُ هَلْ تَعْلَمُ كَلِمَةً هِيَ أَعْظَمَ مِنْ كَلِمَةٍ أَمَرَ بِهَا عَمَّهُ لَا إِلَهَ إِلَّا اللَّهُ فَقَالَ طَلْحَةُ هِيَ وَاللَّهِ هِيَ‏.‏",
      "english": {
        "narrator": "It was narrated from Yahya bin Talhah bin `Ubaidullah, from his father, that ‘Umar (رضي الله عنه) saw him looking sad and said:",
        "text": "“What is the matter with you, O Abu Muhammad? Perhaps you are upset about your cousin being appointed as caliph?”  a word which no one says when he is dying but Allah will relieve him of distress and his colour will brighten.” Nothing prevented me from asking him about it except the fear of not being able to comply with it and I did not ask him about it until he died.” ‘Umar said to him: “I know what it is.” Talhah said to him: “What is it?` ‘Umar said: “Do you know any word that is greater than the word he enjoined his uncle to say when he was dying, ‘La ilaha illallah’?” Talhah said: “You are right. By Allah, that is what it is.”"
      },
      "turkish": {
        "narrator": "It was narrated from Yahya bin Talhah bin `Ubaidullah, from his father, that ‘Umar (رضي الله عنه) saw him looking sad and said:",
        "text": "İsmail'den rivayet edildiğine göre, Talhah'ı elinin felçli olduğunu gördüm; Uhud günü Allah'ın Elçisi (ﷺ) ile onu korumuştu."
      }
    },
    {
      "id": 7,
      "idInBook": 7,
      "chapterId": 6,
      "bookId": 8,
      "arabic": "حَدَّثَنَا عَلِيُّ بْنُ عَبْدِ اللَّهِ، حَدَّثَنِي مُحَمَّدُ بْنُ مَعْنٍ الْغِفَارِيُّ، أَخْبَرَنِي دَاوُدُ بْنُ خَالِدِ بْنِ دِينَارٍ، أَنَّهُ مَرَّ هُوَ وَرَجُلٌ يُقَالُ لَهُ أَبُو يُوسُفَ مِنْ بَنِي تَيْمٍ عَلَى رَبِيعَةَ بْنِ أَبِي عَبْدِ الرَّحْمَنِ رَضِيَ اللَّهُ عَنْهُ قَالَ قَالَ لَهُ أَبُو يُوسُفَ إِنَّا لَنَجِدُ عِنْدَ غَيْرِكَ مِنْ الْحَدِيثِ مَا لَا نَجِدُهُ عِنْدَكَ فَقَالَ أَمَا إِنَّ عِنْدِي حَدِيثًا كَثِيرًا وَلَكِنَّ رَبِيعَةَ بْنَ الْهُدَيْرِ قَالَ وَكَانَ يَلْزَمُ طَلْحَةَ بْنَ عُبَيْدِ اللَّهِ إِنَّهُ لَمْ يَسْمَعْ طَلْحَةَ يُحَدِّثُ عَنْ رَسُولِ اللَّهِ صَلَّى اللَّهُ عَلَيْهِ وَسَلَّمَ حَدِيثًا قَطُّ غَيْرَ حَدِيثٍ وَاحِدٍ قَالَ رَبِيعَةُ بْنُ أَبِي عَبْدِ الرَّحْمَنِ قُلْتُ لَهُ وَمَا هُوَ قَالَ قَالَ لِي طَلْحَةُ خَرَجْنَا مَعَ رَسُولِ اللَّهِ صَلَّى اللَّهُ عَلَيْهِ وَسَلَّمَ حَتَّى أَشْرَفْنَا عَلَى حَرَّةِ وَاقِمٍ قَالَ فَدَنَوْنَا مِنْهَا فَإِذَا قُبُورٌ بِمَحْنِيَّةٍ فَقُلْنَا يَا رَسُولَ اللَّهِ قُبُورُ إِخْوَانِنَا هَذِهِ قَالَ قُبُورُ أَصْحَابِنَا ثُمَّ خَرَجْنَا حَتَّى إِذَا جِئْنَا قُبُورَ الشُّهَدَاءِ قَالَ قَالَ رَسُولُ اللَّهِ صَلَّى اللَّهُ عَلَيْهِ وَسَلَّمَ هَذِهِ قُبُورُ إِخْوَانِنَا‏.‏",
      "english": {
        "narrator": "Dawood bin Khalid bin Dinar narrated that  He and a man called Abu Yoosuf, who was from (the tribe of) Banu Taim, passed by Rabee`ah bin Abi ‘AbdurRahman (رضي الله عنه) and Abu Yoosuf said to him:",
        "text": "“We find that you have a hadeeth that we did not find with anyone else.” He said: “I have a lot of hadeeths, but Rabee`ah bin al Hudair - who used to stay close to Talhah bin `Ubaidullah - said that he did not hear Talhah narrate any hadeeth from the Messenger of Allah (ﷺ) except one.” Rabee`ah bin Abi ‘Abdur-Rahman said: “I said to him: “What is it?” He said: “Talhah said to me: “We went out with the Messenger of Allah (ﷺ) until we approached Harrat Waqim. When we drew close to it, we saw some graves at a turn in the valley and we said: “O Messenger of Allah(ﷺ), are these the graves of our brothers?” He said: “The graves of our companions.` Then he left and when we came to the graves of the martyrs, the Messenger of Allah (ﷺ) said: `These are the graves of our Brothers.””"
      },
      "turkish": {
        "narrator": "Dawood bin Khalid bin Dinar narrated that  He and a man called Abu Yoosuf, who was from (the tribe of) Banu Taim, passed by Rabee`ah bin Abi ‘AbdurRahman (رضي الله عنه) and Abu Yoosuf said to him:",
        "text": "Yahya bin Talhah bin `Ubaidullah'tan, babasından rivayet edildiğine göre, `Umar (رضي الله عنه) onu üzgün görünce, 'Nedir bu halin, ey Abu Muhammed? Belki kuzeninin halife olarak atanması seni üzdü?' dedi. O da: 'Hayır, ama ben Allah'ın Elçisi (ﷺ) tarafından bir hadis duydum ve ondan sormaktan beni alıkoyan tek şey, ona uyamayacağım korkusuydu ve ona sormadım, ta ki o vefat edene kadar.' `Umar ona dedi: 'Ben bunun ne olduğunu biliyorum.' Talhah ona dedi: 'Nedir o?' `Umar dedi: 'O, amcasına ölüm anında söylemesini emrettiği kelimeden daha büyük bir kelime biliyor musun, 'La ilaha illallah'?' Talhah dedi: 'Haklısın. Vallahi, işte bu.'\""
      }
    },
    {
      "id": 8,
      "idInBook": 8,
      "chapterId": 6,
      "bookId": 8,
      "arabic": "حَدَّثَنَا عُمَرُ بْنُ عُبَيْدٍ، عَنْ سِمَاكِ بْنِ حَرْبٍ، عَنْ مُوسَى بْنِ طَلْحَةَ، عَنْ أَبِيهِ، قَالَ كُنَّا نُصَلِّي وَالدَّوَابُّ تَمُرُّ بَيْنَ أَيْدِينَا فَذَكَرْنَا ذَلِكَ لِلنَّبِيِّ صَلَّى اللَّهُ عَلَيْهِ وَسَلَّمَ فَقَالَ مِثْلُ مُؤْخِرَةِ الرَّحْلِ تَكُونُ بَيْنَ يَدَيْ أَحَدِكُمْ ثُمَّ لَا يَضُرُّهُ مَا مَرَّ عَلَيْهِ وَقَالَ عُمَرُ مَرَّةً بَيْنَ يَدَيْهِ‏.‏",
      "english": {
        "narrator": "It was narrated from Moosa bin Talhah that his father said:",
        "text": "We used to pray with animals passing in front of us. We mentioned that to the Prophet (ﷺ) and he said: “If you put something the height of the back of a saddle in front of you, then it will not matter what passes beyond it.”"
      },
      "turkish": {
        "narrator": "It was narrated from Moosa bin Talhah that his father said:",
        "text": "Davud bin Halid bin Dinar, kendisi ve Banu Taim kabilesinden olan Abu Yoosuf adında bir adamın Rabee`ah bin Abi ‘AbdurRahman (رضي الله عنه) yanında geçtiğini rivayet etti ve Abu Yoosuf ona dedi: \"Sende başka hiç kimsede bulamadığımız bir hadis olduğunu görüyoruz.\" O da: \"Bende çok hadis var, ama Talhah bin ‘Ubaidullah'a yakın kalan Rabee`ah bin al-Hudair, Talhah'ın Allah'ın Elçisi (ﷺ) tarafından bir hadis rivayet ettiğini duymadığını söyledi.\" Rabee`ah bin Abi ‘Abdur-Rahman dedi ki: \"Ben ona: 'Nedir o?' dedim. O da: \"Talhah bana dedi ki: 'Biz Allah'ın Elçisi (ﷺ) ile birlikteydik ve Harrat Waqim'e yaklaştığımızda, vadide bir dönemeçte bazı mezarlar gördük ve dedik ki: 'Ey Allah'ın Elçisi (ﷺ), bunlar kardeşlerimizin mezarları mı?' O da dedi ki: 'Bunlar arkadaşlarımızın mezarları.' Sonra ayrıldık ve şehitlerin mezarlarına geldiğimizde, Allah'ın Elçisi (ﷺ) dedi ki: 'Bunlar kardeşlerimizin mezarları.'\""
      }
    },
    {
      "id": 9,
      "idInBook": 9,
      "chapterId": 6,
      "bookId": 8,
      "arabic": "حَدَّثَنَا مُحَمَّدُ بْنُ عُبَيْدٍ، حَدَّثَنَا مُحَمَّدُ بْنُ إِسْحَاقَ، عَنْ مُحَمَّدِ بْنِ إِبْرَاهِيمَ، عَنْ أَبِي سَلَمَةَ، قَالَ نَزَلَ رَجُلَانِ مِنْ أَهْلِ الْيَمَنِ عَلَى طَلْحَةَ بْنِ عُبَيْدِ اللَّهِ فَقُتِلَ أَحَدُهُمَا مَعَ رَسُولِ اللَّهِ صَلَّى اللَّهُ عَلَيْهِ وَسَلَّمَ ثُمَّ مَكَثَ الْآخَرُ بَعْدَهُ سَنَةً ثُمَّ مَاتَ عَلَى فِرَاشِهِ فَأُرِيَ طَلْحَةُ بْنُ عُبَيْدِ اللَّهِ أَنَّ الَّذِي مَاتَ عَلَى فِرَاشِهِ دَخَلَ الْجَنَّةَ قَبْلَ الْآخَرِ بِحِينٍ فَذَكَرَ ذَلِكَ طَلْحَةُ لِرَسُولِ اللَّهِ صَلَّى اللَّهُ عَلَيْهِ وَسَلَّمَ فَقَالَ رَسُولُ اللَّهِ صَلَّى اللَّهُ عَلَيْهِ وَسَلَّمَ كَمْ مَكَثَ فِي الْأَرْضِ بَعْدَهُ قَالَ حَوْلًا فَقَالَ رَسُولُ اللَّهِ صَلَّى اللَّهُ عَلَيْهِ وَسَلَّمَ صَلَّى أَلْفًا وَثَمَانِ مِائَةِ صَلَاةٍ وَصَامَ رَمَضَانَ‏.‏",
      "english": {
        "narrator": "It was narrated that Abu Salamah said:",
        "text": "Two men from Yemen came to stay with Talhah bin `Ubaidullah. One of them was killed with the Messenger of Allah (ﷺ) and the other remained for a year after that and then he died in his bed. Talhah bin `Ubaidullah was shown  that the one who died in his bed entered Paradise some time before the other. Talhah mentioned that to the Messenger of Allah (ﷺ) and the Messenger of Allah (ﷺ) said: “How long did he live after (the one who died first)?` He said: “One year.” The Messenger of Allah (ﷺ) said: “He offered eighteen hundred (extra) prayers and fasted Ramadan.`"
      },
      "turkish": {
        "narrator": "It was narrated that Abu Salamah said:",
        "text": "Moosa bin Talhah'tan rivayet edildiğine göre, babası dedi ki: \"Biz, hayvanların önümüzden geçmesiyle namaz kılardık. Bunu Peygamber (ﷺ) ile konuştuk ve o da: 'Eğer önünüze bir eyerin sırtı yüksekliğinde bir şey koyarsanız, o zaman onun ötesinde ne geçerse geçsin, önemli değildir.' dedi.\""
      }
    },
    {
      "id": 10,
      "idInBook": 10,
      "chapterId": 6,
      "bookId": 8,
      "arabic": "حَدَّثَنَا عَبْدُ الرَّحْمَنِ بْنُ مَهْدِيٍّ، حَدَّثَنَا مَالِكٌ، عَنْ عَمِّهِ، عَنْ أَبِيهِ، أَنَّهُ سَمِعَ طَلْحَةَ بْنَ عُبَيْدِ اللَّهِ، يَقُولُ جَاءَ أَعْرَابِيٌّ إِلَى رَسُولِ اللَّهِ صَلَّى اللَّهُ عَلَيْهِ وَسَلَّمَ فَقَالَ يَا رَسُولَ اللَّهِ مَا الْإِسْلَامُ قَالَ خَمْسُ صَلَوَاتٍ فِي يَوْمٍ وَلَيْلَةٍ قَالَ هَلْ عَلَيَّ غَيْرُهُنَّ قَالَ لَا وَسَأَلَهُ عَنْ الصَّوْمِ فَقَالَ صِيَامُ رَمَضَانَ قَالَ هَلْ عَلَيَّ غَيْرُهُ قَالَ لَا قَالَ وَذَكَرَ الزَّكَاةَ قَالَ هَلْ عَلَيَّ غَيْرُهَا قَالَ لَا قَالَ وَاللَّهِ لَا أَزِيدُ عَلَيْهِنَّ وَلَا أَنْقُصُ مِنْهُنَّ فَقَالَ رَسُولُ اللَّهِ صَلَّى اللَّهُ عَلَيْهِ وَسَلَّمَ قَدْ أَفْلَحَ إِنْ صَدَقَ‏.‏",
      "english": {
        "narrator": "Malik narrated from his paternal uncle, from his father, that he heard Talhah bin `Ubaidullah say:",
        "text": "A Bedouin came to the Prophet (ﷺ) and said: “O Messenger of Allah(ﷺ), what is Islam?” He said: `Five prayers every day and night.` He said: “Do l have to do anything other than that?” He said: “No.” He asked him about fasting and he said: “Fasting (the month of) Ramadan.” He said: “Do I have to do anything other than that?” He said: “No.” He mentioned zakah and said: “Do I have to do anything other than that?” He said: “No.” He said: “By Allah, I will do no more and no less than that.” The Messenger of Allah (ﷺ) said: “He will prosper, if he means what he says.”"
      },
      "turkish": {
        "narrator": "Malik narrated from his paternal uncle, from his father, that he heard Talhah bin `Ubaidullah say:",
        "text": "Ebu Salamah'tan rivayet edildiğine göre, Yemen'den iki adam Talhah bin `Ubaidullah'ın yanına misafir geldi. Bunlardan biri Allah'ın Elçisi (ﷺ) ile birlikte şehit oldu, diğeri ise bir yıl sonra yatağında öldü. Talhah bin `Ubaidullah'a, yatağında ölen kişinin diğerinden önce cennete girdiği gösterildi. Talhah bunu Allah'ın Elçisi (ﷺ) ile paylaştı ve Allah'ın Elçisi (ﷺ) dedi ki: 'O, (ilk ölenin) ardından ne kadar yaşadı?' O da: 'Bir yıl.' Allah'ın Elçisi (ﷺ) dedi ki: 'O, on sekiz yüz (fazladan) namaz kıldı ve Ramazan'ı oruçlu geçirdi.'\""
      }
    },
    {
      "id": 11,
      "idInBook": 11,
      "chapterId": 6,
      "bookId": 8,
      "arabic": "حَدَّثَنَا سُفْيَانُ، عَنْ عَمْرٍو، عَنِ الزُّهْرِيِّ، عَنْ مَالِكِ بْنِ أَوْسٍ، سَمِعْتُ عُمَرَ، رَضِيَ اللَّهُ عَنْهُ يَقُولُ لِعَبْدِ الرَّحْمَنِ وَطَلْحَةَ وَالزُّبَيْرِ وَسَعْدٍ نَشَدْتُكُمْ بِاللَّهِ الَّذِي تَقُومُ بِهِ السَّمَاءُ وَالْأَرْضُ وَقَالَ سُفْيَانُ مَرَّةً الَّذِي بِإِذْنِهِ تَقُومُ أَعَلِمْتُمْ أَنَّ رَسُولَ اللَّهِ صَلَّى اللَّهُ عَلَيْهِ وَسَلَّمَ قَالَ إِنَّا لَا نُورَثُ مَا تَرَكْنَا صَدَقَةٌ قَالُوا اللَّهُمَّ نَعَمْ‏.‏",
      "english": {
        "narrator": "It was narrated from Malik bin Aws:",
        "text": "I heard `Umar (رضي الله عنه) say to ‘Abdur-Rahman, Talhah, azZubair and Sa`d: “I adjure you by Allah, by Whose power heaven and earth exist  are not to be inherited from ; what we leave behind is charity”. They said: “By Allah, yes.”"
      },
      "turkish": {
        "narrator": "It was narrated from Malik bin Aws:",
        "text": "Malik, amcasından, babasından rivayet ettiğine göre, Talhah bin `Ubaidullah'ın şöyle dediğini işitti: \"Bir bedevi, Peygamber (ﷺ) yanına geldi ve dedi ki: 'Ey Allah'ın Elçisi (ﷺ), İslam nedir?' O da dedi: 'Günde beş vakit namaz.' O da: 'Bundan başka bir şey yapmam gerekir mi?' O da: 'Hayır.' O, oruç hakkında sordu ve o da: 'Ramazan orucu.' O da: 'Bundan başka bir şey yapmam gerekir mi?' O da: 'Hayır.' Zekat hakkında bahsetti ve dedi: 'Bundan başka bir şey yapmam gerekir mi?' O da: 'Hayır.' O da: 'Vallahi, bundan fazlasını ya da eksik yapmayacağım.' Allah'ın Elçisi (ﷺ) dedi: 'Eğer söylediklerinde samimi ise, o kurtulacaktır.'\""
      }
    },
    {
      "id": 12,
      "idInBook": 12,
      "chapterId": 6,
      "bookId": 8,
      "arabic": "حَدَّثَنَا يَحْيَى بْنُ سَعِيدٍ، عَنِ ابْنِ جُرَيْجٍ، حَدَّثَنِي مُحَمَّدُ بْنُ الْمُنْكَدِرِ، عَنْ مُعَاذِ بْنِ عَبْدِ الرَّحْمَنِ بْنِ عُثْمَانَ التَّيْمِيِّ، عَنْ أَبِيهِ، قَالَ كُنَّا مَعَ طَلْحَةَ بْنِ عُبَيْدِ اللَّهِ وَنَحْنُ حُرُمٌ فَأُهْدِيَ لَهُ طَيْرٌ وَطَلْحَةُ رَاقِدٌ فَمِنَّا مَنْ أَكَلَ وَمِنَّا مَنْ تَوَرَّعَ فَلَمَّا اسْتَيْقَظَ طَلْحَةُ وَفَّقَ مَنْ أَكَلَهُ وَقَالَ أَكَلْنَاهُ مَعَ رَسُولِ اللَّهِ صَلَّى اللَّهُ عَلَيْهِ وَسَلَّمَ‏.‏",
      "english": {
        "narrator": "It was narrated from Mu`adh bin `Abdur-Rahman bin ‘Uthman at-Taimi that his father said:",
        "text": "We were with Talhah bin `Ubaidullah and we were in ihram. A bird was given to him as a gift when Talhah was sleeping. Some of us ate and some of us refrained. When Talhah woke up, he approved of those who had eaten and said: “We ate it with the Messenger of Allah (ﷺ)”."
      },
      "turkish": {
        "narrator": "It was narrated from Mu`adh bin `Abdur-Rahman bin ‘Uthman at-Taimi that his father said:",
        "text": "Malik bin Aws'tan rivayet edildiğine göre, `Umar (رضي الله عنه) ‘Abdur-Rahman, Talhah, az-Zubair ve Sa`d'a şöyle dedi: \"Sizi Allah'a, göklerin ve yerin var olduğu kudretine yemin ederim ki, miras alınmayacak; geride bıraktığımız şey sadakadır.\" Onlar da: \"Vallahi, evet.\" dediler.\""
      }
    },
    {
      "id": 13,
      "idInBook": 13,
      "chapterId": 6,
      "bookId": 8,
      "arabic": "حَدَّثَنَا وَكِيعٌ، عَنْ سُفْيَانَ، عَنْ سِمَاكِ بْنِ حَرْبٍ، عَنْ مُوسَى بْنِ طَلْحَةَ، عَنْ أَبِيهِ، قَالَ سُئِلَ رَسُولُ اللَّهِ صَلَّى اللَّهُ عَلَيْهِ وَسَلَّمَ مَا يَسْتُرُ الْمُصَلِّيَ قَالَ مِثْلُ آخِرَةِ الرَّحْلِ حَدَّثَنَا وَكِيعٌ عَنْ إِسْرَائِيلَ عَنْ سِمَاكِ بْنِ حَرْبٍ عَنْ مُوسَى بْنِ طَلْحَةَ عَنْ أَبِيهِ عَنْ النَّبِيِّ صَلَّى اللَّهُ عَلَيْهِ وَسَلَّمَ مِثْلَهُ‏.‏",
      "english": {
        "narrator": "It was narrated from Moosa bin Talhah that his father said:",
        "text": "“The Messenger of Allah (ﷺ) was asked: “What will serve as a screen (sutrah) for one who is praying?” He said: `Something the height of the back of a saddle.”\n\n\nA similar report was narrated from Moosa bin Talhah, from his father, from the Prophet (ﷺ).  a  similar report"
      },
      "turkish": {
        "narrator": "It was narrated from Moosa bin Talhah that his father said:",
        "text": "Mu`adh bin `Abdur-Rahman bin ‘Uthman at-Taimi'den rivayet edildiğine göre, babası dedi ki: \"Biz Talhah bin ‘Ubaidullah ile birlikteydik ve ihramdaydık. Talhah uyurken ona bir kuş hediye edildi. Bazılarımız yedi, bazılarımız ise yemekten kaçındı. Talhah uyandığında, yiyenleri onayladı ve dedi ki: 'Biz bunu Allah'ın Elçisi (ﷺ) ile yedik.'\""
      }
    },
    {
      "id": 14,
      "idInBook": 14,
      "chapterId": 6,
      "bookId": 8,
      "arabic": "حَدَّثَنَا بَهْزٌ، وَعَفَّانُ، قَالَا حَدَّثَنَا أَبُو عَوَانَةَ، عَنْ سِمَاكٍ، عَنْ مُوسَى بْنِ طَلْحَةَ، عَنْ أَبِيهِ، قَالَ مَرَّ رَسُولُ اللَّهِ صَلَّى اللَّهُ عَلَيْهِ وَسَلَّمَ عَلَى قَوْمٍ فِي رُءُوسِ النَّخْلِ فَقَالَ مَا يَصْنَعُ هَؤُلَاءِ قَالُوا يُلَقِّحُونَهُ يَجْعَلُونَ الذَّكَرَ فِي الْأُنْثَى قَالَ مَا أَظُنُّ ذَلِكَ يُغْنِي شَيْئًا فَأُخْبِرُوا بِذَلِكَ فَتَرَكُوهُ فَأُخْبِرَ رَسُولُ اللَّهِ صَلَّى اللَّهُ عَلَيْهِ وَسَلَّمَ فَقَالَ إِنْ كَانَ يَنْفَعُهُمْ فَلْيَصْنَعُوهُ فَإِنِّي إِنَّمَا ظَنَنْتُ ظَنًّا فَلَا تُؤَاخِذُونِي بِالظَّنِّ وَلَكِنْ إِذَا أَخْبَرْتُكُمْ عَنْ اللَّهِ عَزَّ وَجَلَّ بِشَيْءٍ فَخُذُوهُ فَإِنِّي لَنْ أَكْذِبَ عَلَى اللَّهِ شَيْئًا‏.‏",
      "english": {
        "narrator": "It was narrated from Moosa bin Talhah that his father said:",
        "text": "The Messenger of Allah (ﷺ) passed by some people who were at the top of the palm trees. He said: `What are these people doing?` They said: “They are pollinating (the trees), putting the male with the female.” He said: `I do not think this can help in any way.” They were told about that and they stopped doing it. News of that reached the Messenger of Allah (ﷺ) and he said: “If it will benefit them, then let them do it. It was only a passing thought. Do not blame me for a mere thought, but if I tell you anything about Allah (may He be glorified and exalted) then accept it from me, for I will never tell a lie about Allah.`"
      },
      "turkish": {
        "narrator": "It was narrated from Moosa bin Talhah that his father said:",
        "text": "Moosa bin Talhah'tan rivayet edildiğine göre, babası dedi ki: \"Allah'ın Elçisi (ﷺ) şöyle soruldu: 'Namaz kılan birine ne bir perde (sutrah) olur?' O da: 'Eyerin sırtı yüksekliğinde bir şey.' dedi.\""
      }
    },
    {
      "id": 15,
      "idInBook": 15,
      "chapterId": 6,
      "bookId": 8,
      "arabic": "حَدَّثَنَا مُحَمَّدُ بْنُ بِشْرٍ، حَدَّثَنَا مُجَمِّعُ بْنُ يَحْيَى الْأَنْصَارِيُّ، حَدَّثَنَا عُثْمَانُ بْنُ مَوْهَبٍ، عَنْ مُوسَى بْنِ طَلْحَةَ، عَنْ أَبِيهِ، قَالَ قُلْتُ يَا رَسُولَ اللَّهِ كَيْفَ الصَّلَاةُ عَلَيْكَ قَالَ قُلْ اللَّهُمَّ صَلِّ عَلَى مُحَمَّدٍ وَعَلَى آلِ مُحَمَّدٍ كَمَا صَلَّيْتَ عَلَى إِبْرَاهِيمَ إِنَّكَ حَمِيدٌ مَجِيدٌ وَبَارِكْ عَلَى مُحَمَّدٍ وَعَلَى آلِ مُحَمَّدٍ كَمَا بَارَكْتَ عَلَى آلِ إِبْرَاهِيمَ إِنَّكَ حَمِيدٌ مَجِيدٌ‏.‏",
      "english": {
        "narrator": "It was narrated from Moosa bin Talhah, that his father said:",
        "text": "I said: “O Messenger of Allah(ﷺ), how do we send blessings upon you?” He said: `Say: O Allah, send Your salah (grace, honour and mercy) upon Muhammad and upon the family of Muhammad, as You sent Your salah upon the family of Ibrahim, You are indeed Praiseworthy, Most Glorious. And send Your blessings upon Muhammad and the family of Muhammad, as You sent Your blessings upon the family of Ibrahim, You are indeed Praiseworthy, Most Glorious.”"
      },
      "turkish": {
        "narrator": "It was narrated from Moosa bin Talhah, that his father said:",
        "text": "Benzer bir rivayet, Moosa bin Talhah'tan, babasından, Peygamber (ﷺ) hakkında nakledilmiştir."
      }
    },
    {
      "id": 16,
      "idInBook": 16,
      "chapterId": 6,
      "bookId": 8,
      "arabic": "حَدَّثَنَا أَبُو عَامِرٍ، حَدَّثَنَا سُلَيْمَانُ بْنُ سُفْيَانَ الْمَدَايِنِيُّ، حَدَّثَنِي بِلَالُ بْنُ يَحْيَى بْنِ طَلْحَةَ بْنِ عُبَيْدِ اللَّهِ، عَنْ أَبِيهِ، عَنْ جَدِّهِ، أَنَّ النَّبِيَّ صَلَّى اللَّهُ عَلَيْهِ وَسَلَّمَ كَانَ إِذَا رَأَى الْهِلَالَ قَالَ اللَّهُمَّ أَهِلَّهُ عَلَيْنَا بِالْيُمْنِ وَالْإِيمَانِ وَالسَّلَامَةِ وَالْإِسْلَامِ رَبِّي وَرَبُّكَ اللَّهُ‏.‏",
      "english": {
        "narrator": "Bilal bin Yahya bin Talhah bin `Ubaidullah narrated, from his father, from his grandfather that When the Prophet (ﷺ) saw the new moon, he would say:",
        "text": "`O Allah, bring it over us with blessing and faith, and with soundness and Islam. My Lord and your Lord is Allah.”"
      },
      "turkish": {
        "narrator": "Bilal bin Yahya bin Talhah bin `Ubaidullah narrated, from his father, from his grandfather that When the Prophet (ﷺ) saw the new moon, he would say:",
        "text": "Bilal bin Yahya bin Talhah bin `Ubaidullah, babasından, dedesinden rivayet etti ki, Peygamber (ﷺ) hilali gördüğünde şöyle derdi: \"Allah'ım, bunu üzerimize bereket ve iman ile, sağlık ve İslam ile getirin. Benim Rabbim ve sizin Rabbiniz Allah'tır.\""
      }
    },
    {
      "id": 17,
      "idInBook": 17,
      "chapterId": 6,
      "bookId": 8,
      "arabic": "حَدَّثَنَا عَبْدُ الرَّحْمَنِ، عَنْ زَائِدَةَ، عَنْ سِمَاكِ بْنِ حَرْبٍ، عَنْ مُوسَى بْنِ طَلْحَةَ، عَنْ أَبِيهِ، أَنَّ النَّبِيَّ صَلَّى اللَّهُ عَلَيْهِ وَسَلَّمَ قَالَ يَجْعَلُ أَحَدُكُمْ بَيْنَ يَدَيْهِ مِثْلَ مُؤْخِرَةِ الرَّحْلِ ثُمَّ يُصَلِّي‏.‏",
      "english": {
        "narrator": "It was narrated from Moosa bin Talhah, from his father, that The Prophet (ﷺ) said:",
        "text": "“Let one of you put something in front of him the height of the back of a saddle, then pray.`"
      },
      "turkish": {
        "narrator": "It was narrated from Moosa bin Talhah, from his father, that The Prophet (ﷺ) said:",
        "text": "Moosa bin Talhah'dan, babasından rivayet edilmiştir ki, Peygamber (ﷺ) şöyle buyurdu: \"Sizden biri, önüne bir eyerin sırtı yüksekliğinde bir şey koysun, sonra namaz kılsın.\""
      }
    },
    {
      "id": 18,
      "idInBook": 18,
      "chapterId": 6,
      "bookId": 8,
      "arabic": "حَدَّثَنَا عَبْدُ الرَّزَّاقِ، أَنْبَأَنَا إِسْرَائِيلُ، عَنْ سِمَاكٍ، أَنَّهُ سَمِعَ مُوسَى بْنَ طَلْحَةَ، يُحَدِّثُ عَنْ أَبِيهِ، قَالَ مَرَرْتُ مَعَ النَّبِيِّ صَلَّى اللَّهُ عَلَيْهِ وَسَلَّمَ فِي نَخْلِ الْمَدِينَةِ فَرَأَى أَقْوَامًا فِي رُءُوسِ النَّخْلِ يُلَقِّحُونَ النَّخْلَ فَقَالَ مَا يَصْنَعُ هَؤُلَاءِ قَالَ يَأْخُذُونَ مِنْ الذَّكَرِ فَيَحُطُّونَ فِي الْأُنْثَى يُلَقِّحُونَ بِهِ فَقَالَ مَا أَظُنُّ ذَلِكَ يُغْنِي شَيْئًا فَبَلَغَهُمْ فَتَرَكُوهُ وَنَزَلُوا عَنْهَا فَلَمْ تَحْمِلْ تِلْكَ السَّنَةَ شَيْئًا فَبَلَغَ ذَلِكَ النَّبِيَّ صَلَّى اللَّهُ عَلَيْهِ وَسَلَّمَ فَقَالَ إِنَّمَا هُوَ ظَنٌّ ظَنَنْتُهُ إِنْ كَانَ يُغْنِي شَيْئًا فَاصْنَعُوا فَإِنَّمَا أَنَا بَشَرٌ مِثْلُكُمْ وَالظَّنُّ يُخْطِئُ وَيُصِيبُ وَلَكِنْ مَا قُلْتُ لَكُمْ قَالَ اللَّهُ عَزَّ وَجَلَّ فَلَنْ أَكْذِبَ عَلَى اللَّهِ حَدَّثَنَا أَبُو النَّضْرِ حَدَّثَنَا إِسْرَائِيلُ حَدَّثَنَا سِمَاكُ بْنُ حَرْبٍ عَنْ مُوسَى بْنِ طَلْحَةَ فَذَكَرَهُ‏.‏",
      "english": {
        "narrator": "It was narrated from Simak that he heard Moosa bin Talhah narrate that his father said:",
        "text": "I was with the Prophet (ﷺ) and he passed by some palm trees of Madinah, and he saw some people at the top of the palm trees who were pollinating them. He said: “What are these people doing?`  said: “They are taking (pollen) from the male and putting it in the female, to fertilise it.” He said: `I do not think this can help in any way.” News of that reached them, so they stopped doing that and came down from the trees, which did not bear any fruit that year as a result. News of that reached the Prophet (ﷺ) and he said: “It was only a thought that crossed my mind. If it helps in any way, then do it. I am only human, just like you, and thoughts may be right or wrong. But if I tell you that Allah, May He be glorified and exalted, said something, I will never tell a lie about Allah, may He be glorified and exalted.”\n\nIt was narrated from Moosa bin Talhah ( and he narrated a similar report.)  a similar report"
      },
      "turkish": {
        "narrator": "It was narrated from Simak that he heard Moosa bin Talhah narrate that his father said:",
        "text": "Simak'tan rivayet edilmiştir ki, Moosa bin Talhah'ın babasından duyduğunu aktarmıştır: \"Ben Peygamber (ﷺ) ile birlikteydim ve Medine'deki bazı hurma ağaçlarının yanından geçtik. Ağaçların tepesinde polenleme yapan bazı insanlar gördü. 'Bu insanlar ne yapıyor?' diye sordu. 'Erkek polen alıp dişi ağaçlara koyuyorlar, onu döllemek için.' dedim. 'Bunun bir faydası olacağını sanmıyorum.' dedi. Bu haber onlara ulaştı, böylece bunu yapmayı bıraktılar ve ağaçlardan indiler; bu yıl hiç meyve vermediler. Bu haber Peygamber (ﷺ)'e ulaştı ve şöyle dedi: 'Bu sadece aklımdan geçen bir düşünceydi. Eğer bir faydası olursa, o zaman yapın. Ben de sizin gibi bir insanım ve düşünceler doğru ya da yanlış olabilir. Ama eğer size Allah'ın, yüce ve aziz olan, bir şey söylediğini haber verirsem, Allah hakkında asla yalan söylemem.'\""
      }
    },
    {
      "id": 19,
      "idInBook": 19,
      "chapterId": 6,
      "bookId": 8,
      "arabic": "حَدَّثَنَا وَكِيعٌ، حَدَّثَنِي طَلْحَةُ بْنُ يَحْيَى بْنِ طَلْحَةَ، عَنْ إِبْرَاهِيمَ بْنِ مُحَمَّدِ بْنِ طَلْحَةَ، عَنْ عَبْدِ اللَّهِ بْنِ شَدَّادٍ، أَنَّ نَفَرًا، مِنْ بَنِي عُذْرَةَ ثَلَاثَةً أَتَوْا النَّبِيَّ صَلَّى اللَّهُ عَلَيْهِ وَسَلَّمَ فَأَسْلَمُوا قَالَ فَقَالَ النَّبِيُّ صَلَّى اللَّهُ عَلَيْهِ وَسَلَّمَ مَنْ يَكْفِنِيهِمْ قَالَ طَلْحَةُ أَنَا قَالَ فَكَانُوا عِنْدَ طَلْحَةَ فَبَعَثَ النَّبِيُّ صَلَّى اللَّهُ عَلَيْهِ وَسَلَّمَ بَعْثًا فَخَرَجَ أَحَدُهُمْ فَاسْتُشْهِدَ قَالَ ثُمَّ بَعَثَ بَعْثًا فَخَرَجَ فِيهِمْ آخَرُ فَاسْتُشْهِدَ قَالَ ثُمَّ مَاتَ الثَّالِثُ عَلَى فِرَاشِهِ قَالَ طَلْحَةُ فَرَأَيْتُ هَؤُلَاءِ الثَّلَاثَةَ الَّذِينَ كَانُوا عِنْدِي فِي الْجَنَّةِ فَرَأَيْتُ الْمَيِّتَ عَلَى فِرَاشِهِ أَمَامَهُمْ وَرَأَيْتُ الَّذِي اسْتُشْهِدَ أَخِيرًا يَلِيهِ وَرَأَيْتُ الَّذِي اسْتُشْهِدَ أَوَّلَهُمْ آخِرَهُمْ قَالَ فَدَخَلَنِي مِنْ ذَلِكَ قَالَ فَأَتَيْتُ النَّبِيَّ صَلَّى اللَّهُ عَلَيْهِ وَسَلَّمَ فَذَكَرْتُ ذَلِكَ لَهُ قَالَ فَقَالَ رَسُولُ اللَّهِ صَلَّى اللَّهُ عَلَيْهِ وَسَلَّمَ وَمَا أَنْكَرْتَ مِنْ ذَلِكَ لَيْسَ أَحَدٌ أَفْضَلَ عِنْدَ اللَّهِ مِنْ مُؤْمِنٍ يُعَمَّرُ فِي الْإِسْلَامِ لِتَسْبِيحِهِ وَتَكْبِيرِهِ وَتَهْلِيلِهِ‏.‏",
      "english": {
        "narrator": "It was narrated from `Abdullah bin Shaddad that Three people from Banu ‘Udhrah came to the Prophet (ﷺ) and became Muslim. The Prophet (ﷺ) said:",
        "text": "“Who will take care of them?` Talhah said: “I will.” So they stayed with Talhah. The Prophet (ﷺ) sent out an expedition and one of them (these three men) went on that expedition and was martyred. Then he sent out an expedition, and another of them went on that expedition and was martyred. Then the third one died in his bed. Talhah said: “I dreamt that these three people who had stayed with me were in Paradise, and I saw the one who had died in his bed was ahead of them. I saw the one who was martyred last next to him, and I saw the one who was martyred first at the back. I was confused about that so I went to the Prophet (ﷺ) and told him about that. The Messenger of Allah (ﷺ) said: “What did you find so strange about that? No one is better before Allah than a believer who lives longer as a Muslim, because of his fasting, takbeer and tahleel.`"
      },
      "turkish": {
        "narrator": "It was narrated from `Abdullah bin Shaddad that Three people from Banu ‘Udhrah came to the Prophet (ﷺ) and became Muslim. The Prophet (ﷺ) said:",
        "text": "Moosa bin Talhah'dan (ve o da benzer bir rivayette bulunmuştur) benzer bir rivayet edilmiştir."
      }
    },
    {
      "id": 20,
      "idInBook": 20,
      "chapterId": 6,
      "bookId": 8,
      "arabic": "حَدَّثَنَا يَزِيدُ بْنُ عَبْدِ رَبِّهِ، حَدَّثَنَا الْحَارِثُ بْنُ عَبِيدَةَ، حَدَّثَنِي مُحَمَّدُ بْنُ عَبْدِ الرَّحْمَنِ بْنِ مُجَبَّرٍ، عَنْ أَبِيهِ، عَنْ جَدِّهِ، أَنَّ عُثْمَانَ، رَضِيَ اللَّهُ عَنْهُ أَشْرَفَ عَلَى الَّذِينَ حَصَرُوهُ فَسَلَّمَ عَلَيْهِمْ فَلَمْ يَرُدُّوا عَلَيْهِ فَقَالَ عُثْمَانُ رَضِيَ اللَّهُ عَنْهُ أَفِي الْقَوْمِ طَلْحَةُ قَالَ طَلْحَةُ نَعَمْ قَالَ فَإِنَّا لِلَّهِ وَإِنَّا إِلَيْهِ رَاجِعُونَ أُسَلِّمُ عَلَى قَوْمٍ أَنْتَ فِيهِمْ فَلَا تَرُدُّونَ قَالَ قَدْ رَدَدْتُ قَالَ مَا هَكَذَا الرَّدُّ أُسْمِعُكَ وَلَا تُسْمِعُنِي يَا طَلْحَةُ أَنْشُدُكَ اللَّهَ أَسَمِعْتَ النَّبِيَّ صَلَّى اللَّهُ عَلَيْهِ وَسَلَّمَ يَقُولُ لَا يُحِلُّ دَمَ الْمُسْلِمِ إِلَّا وَاحِدَةٌ مِنْ ثَلَاثٍ أَنْ يَكْفُرَ بَعْدَ إِيمَانِهِ أَوْ يَزْنِيَ بَعْدَ إِحْصَانِهِ أَوْ يَقْتُلَ نَفْسًا فَيُقْتَلَ بِهَا قَالَ اللَّهُمَّ نَعَمْ فَكَبَّرَ عُثْمَانُ فَقَالَ وَاللَّهِ مَا أَنْكَرْتُ اللَّهَ مُنْذُ عَرَفْتُهُ وَلَا زَنَيْتُ فِي جَاهِلِيَّةٍ وَلَا إِسْلَامٍ وَقَدْ تَرَكْتُهُ فِي الْجَاهِلِيَّةِ تَكَرُّهًا وَفِي الْإِسْلَامِ تَعَفُّفًا وَمَا قَتَلْتُ نَفْسًا يَحِلُّ بِهَا قَتْلِي‏.‏",
      "english": {
        "narrator": "Muhammad bin ‘AbdurRahman bin Mujabbar narrated from his father, from his grandfather, that `Uthman (رضي الله عنه) looked out at those who were besieging him. He greeted them with salam but they did not respond to him. `Uthman (رضي الله عنه) said:",
        "text": "“Is Talhah among the people?” Talhah said: “Yes.” He said: “Verily, to Allah we belong and unto Him is our return! I greet people among whom you are and they do not return the greeting.” Talhah said: “I returned the greeting.” `Uthman said: “This is not the way to return the greeting, I made you hear me but you did not make me hear you. O Talhah, I adjure you by Allah, did you hear the Prophet (ﷺ)  say: “The blood of a Muslim is not permissible except in one of three cases: if he disbelieves after believing, or he commits zina after having been married, or he kills a soul and may be killed in return.” Talhah said: “Yes, by Allah.” `Uthman said takbeer, then he said: “By Allah, I have never denied Allah since I came to know Him. I never committed zina during the Jahiliyyah or in Islam. I abstained during the Jahiliyyah because I hated it and in Islam so as to maintain my chastity. And I have never killed anyone in return for which killing me would become permissible.”"
      },
      "turkish": {
        "narrator": "Muhammad bin ‘AbdurRahman bin Mujabbar narrated from his father, from his grandfather, that `Uthman (رضي الله عنه) looked out at those who were besieging him. He greeted them with salam but they did not respond to him. `Uthman (رضي الله عنه) said:",
        "text": "Abdullah bin Şeddad'dan rivayet edilmiştir ki, Banu 'Udhrah'dan üç kişi Peygamber (ﷺ)'e geldi ve Müslüman oldular. Peygamber (ﷺ) şöyle dedi: \"Onlara kim bakacak?\" Talhah dedi: \"Ben bakarım.\" Böylece onlar Talhah ile kaldılar. Peygamber (ﷺ) bir sefer gönderdi ve bu üç kişiden biri o sefere katıldı ve şehit oldu. Sonra bir sefer daha gönderdi ve diğerlerinden biri o sefere katıldı ve şehit oldu. Üçüncüsü ise yatağında öldü. Talhah dedi: \"Bu üç kişinin cennette olduğunu ve yatağında ölenin onların önünde olduğunu rüyamda gördüm. En son şehit olanı yanında, ilk şehit olanı ise arkasında gördüm. Bu durum beni şaşırttı, bu yüzden Peygamber (ﷺ)'e gittim ve ona bunu anlattım. Allah'ın Elçisi (ﷺ) şöyle dedi: 'Bunda neyi tuhaf buldun? Allah katında, Müslüman olarak daha uzun yaşayan bir inanan, orada daha iyi değildir; çünkü onun oruçları, tekbirleri ve tahlelleri vardır.'\""
      }
    },
    {
      "id": 21,
      "idInBook": 21,
      "chapterId": 6,
      "bookId": 8,
      "arabic": "حَدَّثَنَا قُتَيْبَةُ بْنُ سَعِيدٍ، حَدَّثَنَا بَكْرُ بْنُ مُضَرَ، عَنِ ابْنِ الْهَادِ، عَنْ مُحَمَّدِ بْنِ إِبْرَاهِيمَ، عَنْ أَبِي سَلَمَةَ بْنِ عَبْدِ الرَّحْمَنِ، عَنْ طَلْحَةَ بْنِ عُبَيْدِ اللَّهِ، أَنَّ رَجُلَيْنِ، قَدِمَا عَلَى رَسُولِ اللَّهِ صَلَّى اللَّهُ عَلَيْهِ وَسَلَّمَ وَكَانَ إِسْلَامُهُمَا جَمِيعًا وَكَانَ أَحَدُهُمَا أَشَدَّ اجْتِهَادًا مِنْ صَاحِبِهِ فَغَزَا الْمُجْتَهِدُ مِنْهُمَا فَاسْتُشْهِدَ ثُمَّ مَكَثَ الْآخَرُ بَعْدَهُ سَنَةً ثُمَّ تُوُفِّيَ قَالَ طَلْحَةُ فَرَأَيْتُ فِيمَا يَرَى النَّائِمُ كَأَنِّي عِنْدَ بَابِ الْجَنَّةِ إِذَا أَنَا بِهِمَا وَقَدْ خَرَجَ خَارِجٌ مِنْ الْجَنَّةِ فَأَذِنَ لِلَّذِي تُوُفِّيَ الْآخِرَ مِنْهُمَا ثُمَّ خَرَجَ فَأَذِنَ لِلَّذِي اسْتُشْهِدَ ثُمَّ رَجَعَا إِلَيَّ فَقَالَا لِي ارْجِعْ فَإِنَّهُ لَمْ يَأْنِ لَكَ بَعْدُ فَأَصْبَحَ طَلْحَةُ يُحَدِّثُ بِهِ النَّاسَ فَعَجِبُوا لِذَلِكَ فَبَلَغَ ذَلِكَ رَسُولَ اللَّهِ صَلَّى اللَّهُ عَلَيْهِ وَسَلَّمَ فَقَالَ مِنْ أَيِّ ذَلِكَ تَعْجَبُونَ قَالُوا يَا رَسُولَ اللَّهِ هَذَا كَانَ أَشَدَّ اجْتِهَادًا ثُمَّ اسْتُشْهِدَ فِي سَبِيلِ اللَّهِ وَدَخَلَ هَذَا الْجَنَّةَ قَبْلَهُ فَقَالَ أَلَيْسَ قَدْ مَكَثَ هَذَا بَعْدَهُ سَنَةً قَالُوا بَلَى وَأَدْرَكَ رَمَضَانَ فَصَامَهُ قَالُوا بَلَى وَصَلَّى كَذَا وَكَذَا سَجْدَةً فِي السَّنَةِ قَالُوا بَلَى قَالَ رَسُولُ اللَّهِ فَلَمَا بَيْنَهُمَا أَبْعَدُ مَا بَيْنَ السَّمَاءِ وَالْأَرْضِ‏.‏",
      "english": {
        "narrator": "It was narrated from Talhah bin `Ubaidullah that Two men came to the Messenger of Allah (ﷺ) and they both became Muslim, but one of them strove harder in worship than his companion. The one who strove hard in worship went out on a military campaign and was martyred. The other one remained for a year after that, then he died. Talhah said:",
        "text": "“I saw in a dream that I was at the gate of Paradise, and I saw them both. Someone had come out from Paradise and he gave permission to the one who died last (to enter); then he came out and gave permission to the one who had been martyred. Then they both came back to me and said to me: Go back, for your time has not yet come.” The next morning, Talhah told the people about that and they were amazed by it. News of that reached the Messenger of Allah (ﷺ) and he said: “Why are you amazed?` They said: “O Messenger of Allah, this one strove harder in worship and then was martyred for the sake of Allah, but the other one entered Paradise before him?” He said: `Did he not remain for a year after (the other one) died?” They said: “Yes.” He said: “Did he not live until Ramadan came and fast it?” They said: “Yes.” He said: `Did he not pray this many rak`ahs during that year?` They said: “Yes.” The Messenger of Allah (ﷺ) said: “Verily, the distance between them is the distance between heaven and earth.”"
      },
      "turkish": {
        "narrator": "It was narrated from Talhah bin `Ubaidullah that Two men came to the Messenger of Allah (ﷺ) and they both became Muslim, but one of them strove harder in worship than his companion. The one who strove hard in worship went out on a military campaign and was martyred. The other one remained for a year after that, then he died. Talhah said:",
        "text": "Muhammed bin 'AbdurRahman bin Mujabbar, babasından, dedesinden rivayet etti ki, 'Uthman (رضي الله عنه) kuşatıldığı sırada dışarıya baktı. Onlara selam verdi ama onlar ona karşılık vermediler. 'Uthman (رضي الله عنه) dedi: \"Talhah orada mı?\" Talhah dedi: \"Evet.\" 'Uthman (رضي الله عنه) dedi: \"Şüphesiz, biz Allah'a aitiz ve O'na döneceğiz! Ben, sizin aranızda selam verdiğim insanlara selam veriyorum ama onlar selamı geri vermiyor.\" Talhah dedi: \"Ben selamı geri verdim.\" 'Uthman dedi: \"Bu selamı geri vermenin yolu değil, ben seni duyurmak için seslendim ama sen beni duymadın. Ey Talhah, seni Allah'a yemin ettiriyorum, Peygamber (ﷺ)'in şöyle söylediğini duydun mu: 'Bir Müslümanın kanı, ancak üç durumda helaldir: Eğer o, inandıktan sonra küfrederse, ya da evli olduktan sonra zina ederse, ya da bir canı öldürürse ve karşılığında öldürülebilir.' Talhah dedi: \"Evet, Allah'a yemin ederim.\" 'Uthman tekbir getirdi, sonra dedi: \"Allah'a yemin ederim ki, O'nu tanıdığım günden beri asla O'na karşı gelmedim. Cahiliye döneminde ya da İslam'da asla zina etmedim. Cahiliye döneminde bunu sevmememden dolayı, İslam'da ise iffetimi korumak için kaçındım. Ve asla birini öldürmedim ki, bunun karşılığında benim öldürülmem helal olabilsin.\""
      }
    },
    {
      "id": 22,
      "idInBook": 22,
      "chapterId": 6,
      "bookId": 8,
      "arabic": "حَدَّثَنَا يَعْقُوبُ، حَدَّثَنَا أَبِي، عَنِ ابْنِ إِسْحَاقَ، حَدَّثَنَا سَالِمُ بْنُ أَبِي أُمَيَّةَ أَبُو النَّضْرِ، قَالَ جَلَسَ إِلَيَّ شَيْخٌ مِنْ بَنِي تَمِيمٍ فِي مَسْجِدِ الْبَصْرَةِ وَمَعَهُ صَحِيفَةٌ لَهُ فِي يَدِهِ قَالَ وَفِي زَمَانِ الْحَجَّاجِ فَقَالَ لِي يَا عَبْدَ اللَّهِ أَتَرَى هَذَا الْكِتَابَ مُغْنِيًا عَنِّي شَيْئًا عِنْدَ هَذَا السُّلْطَانِ قَالَ فَقُلْتُ وَمَا هَذَا الْكِتَابُ قَالَ هَذَا كِتَابٌ مِنْ رَسُولِ اللَّهِ صَلَّى اللَّهُ عَلَيْهِ وَسَلَّمَ كَتَبَهُ لَنَا أَنْ لَا يُتَعَدَّى عَلَيْنَا فِي صَدَقَاتِنَا قَالَ فَقُلْتُ لَا وَاللَّهِ مَا أَظُنُّ أَنْ يُغْنِيَ عَنْكَ شَيْئًا وَكَيْفَ كَانَ شَأْنُ هَذَا الْكِتَابِ قَالَ قَدِمْتُ الْمَدِينَةَ مَعَ أَبِي وَأَنَا غُلَامٌ شَابٌّ بِإِبِلٍ لَنَا نَبِيعُهَا وَكَانَ أَبِي صَدِيقًا لِطَلْحَةَ بْنِ عُبَيْدِ اللَّهِ التَّيْمِيِّ فَنَزَلْنَا عَلَيْهِ فَقَالَ لَهُ أَبِي اخْرُجْ مَعِي فَبِعْ لِي إِبِلِي هَذِهِ قَالَ فَقَالَ إِنَّ رَسُولَ اللَّهِ صَلَّى اللَّهُ عَلَيْهِ وَسَلَّمَ قَدْ نَهَى أَنْ يَبِيعَ حَاضِرٌ لِبَادٍ وَلَكِنْ سَأَخْرُجُ مَعَكَ فَأَجْلِسُ وَتَعْرِضُ إِبِلَكَ فَإِذَا رَضِيتُ مِنْ رَجُلٍ وَفَاءً وَصِدْقًا مِمَّنْ سَاوَمَكَ أَمَرْتُكَ بِبَيْعِهِ قَالَ فَخَرَجْنَا إِلَى السُّوقِ فَوَقَفْنَا ظُهْرَنَا وَجَلَسَ طَلْحَةُ قَرِيبًا فَسَاوَمَنَا الرِّجَالُ حَتَّى إِذَا أَعْطَانَا رَجُلٌ مَا نَرْضَى قَالَ لَهُ أَبِي أُبَايِعُهُ قَالَ نَعَمْ رَضِيتُ لَكُمْ وَفَاءَهُ فَبَايِعُوهُ فَبَايَعْنَاهُ فَلَمَّا قَبَضْنَا مَا لَنَا وَفَرَغْنَا مِنْ حَاجَتِنَا قَالَ أَبِي لِطَلْحَةَ خُذْ لَنَا مِنْ رَسُولِ اللَّهِ صَلَّى اللَّهُ عَلَيْهِ وَسَلَّمَ كِتَابًا أَنْ لَا يُتَعَدَّى عَلَيْنَا فِي صَدَقَاتِنَا قَالَ فَقَالَ هَذَا لَكُمْ وَلِكُلِّ مُسْلِمٍ قَالَ عَلَى ذَلِكَ إِنِّي أُحِبُّ أَنْ يَكُونَ عِنْدِي مِنْ رَسُولِ اللَّهِ صَلَّى اللَّهُ عَلَيْهِ وَسَلَّمَ كِتَابٌ فَخَرَجَ حَتَّى جَاءَ بِنَا إِلَى رَسُولِ اللَّهِ صَلَّى اللَّهُ عَلَيْهِ وَسَلَّمَ فَقَالَ يَا رَسُولَ اللَّهِ إِنَّ هَذَا الرَّجُلَ مِنْ أَهْلِ الْبَادِيَةِ صَدِيقٌ لَنَا وَقَدْ أَحَبَّ أَنْ تَكْتُبَ لَهُ كِتَابًا لَا يُتَعَدَّى عَلَيْهِ فِي صَدَقَتِهِ فَقَالَ رَسُولُ اللَّهِ صَلَّى اللَّهُ عَلَيْهِ وَسَلَّمَ هَذَا لَهُ وَلِكُلِّ مُسْلِمٍ قَالَ يَا رَسُولَ اللَّهِ إِنِّي قَدْ أُحِبُّ أَنْ يَكُونَ عِنْدِي مِنْكَ كِتَابٌ عَلَى ذَلِكَ قَالَ فَكَتَبَ لَنَا رَسُولُ اللَّهِ صَلَّى اللَّهُ عَلَيْهِ وَسَلَّمَ هَذَا الْكِتَابَ آخِرُ حَدِيثِ طَلْحَةَ بْنِ عُبَيْدِ اللَّهِ رَضِيَ اللَّهُ عَنْهُ",
      "english": {
        "narrator": "Salim bin Abi Umayyah Ablin-Nadr said:",
        "text": "I sat with an old man of Banu Tameem in the mosque of Basrah who had a document in his hand. That was at the time of al-Hajjaj. He said to me: “O slave of Allah, do you think that this document could help me in any way with this governor?” I said: “What is this document?” He said: “This is a document from the Messenger of Allah (ﷺ) which he wrote for us to say that no transgression should be committed against us with regard to our zakah.” I said: “No, by Allah, I do not think that this document will help you at all. But what is the story about this document?” He said: “I came to Madinah with my father when I was a young boy, with some camels of ours to sell. My father was a friend of Talhah bin `Ubaidullah at-Taimi, so we stayed with him. My father said to him: “Come out with me and sell these camels of mine for me.” Talhah said: “The Messenger of Allah (ﷺ) has forbidden townsmen to sell for Bedouins. But I will go out with you and sit with you. Offer your camels for sale and if a man comes and makes you an offer and I think he is honest and sincere, I will tell you to sell to him. So we went out to the marketplace and showed the mounts that we had for sale, and Talhah sat nearby. People made offers to us, then when a man offered what we wanted, my father said to Talhah: “Shall I sell to him?” He said: “Yes, I am sure he is honest. So sell to him.” So we sold to him. Then when we took our money and ended our business, my father said to Talhah: “Ask the Messenger of Allah (ﷺ) for a document for us, stating that no one should transgress against us with regard to our zakah.” (Talhah) said: “This is your right and it is the right of every Muslim.” He said: “Nevertheless, I would like to have a document from the Messenger of Allah(ﷺ).” So he took us out and brought us to the Messenger of Allah (ﷺ) and said: “O Messenger of Allah (ﷺ), this man is a man of the desert and is a friend of ours. He would like you to write a document for him, stating that no one should transgress against him with regard to his zakah.” The Messenger of Allah (ﷺ) said: `That is his right and it is the right of every Muslim.” He said: “O, Messenger of Allah, he would like to have something from you in writing concerning that.” So the Messenger of Allah (ﷺ) wrote this document for us.”"
      },
      "turkish": {
        "narrator": "Salim bin Abi Umayyah Ablin-Nadr said:",
        "text": "Talhah bin `Ubaidullah'dan rivayet edilmiştir ki, iki adam Allah'ın Elçisi (ﷺ)'e geldi ve ikisi de Müslüman oldular, ancak bunlardan biri diğerine göre ibadet konusunda daha çok çaba sarf etti. İbadet konusunda daha çok çaba sarf eden adam bir askeri sefere çıktı ve şehit oldu. Diğeri ise ondan bir yıl sonra öldü. Talhah dedi: \"Bir rüyada cennetin kapısında olduğumu gördüm ve ikisini de gördüm. Cennetten biri çıktı ve en son ölenin (girmesi için) izin verdi; sonra çıktı ve şehit olanın girmesi için izin verdi. Sonra ikisi de geri döndü ve bana: 'Geri dön, çünkü senin zamanın henüz gelmedi.' dediler.\" Ertesi sabah, Talhah bunu insanlara anlattı ve onlar buna hayret ettiler. Bu haber Allah'ın Elçisi (ﷺ)'e ulaştı ve şöyle dedi: \"Neden hayret ediyorsunuz?\" Onlar dediler: \"Ey Allah'ın Elçisi, bu kişi ibadet konusunda daha çok çaba sarf etti ve Allah yolunda şehit oldu, ama diğeri ondan önce cennete girdi?\" O dedi: \"Öteki, öldükten sonra bir yıl kalmadı mı?\" Onlar dediler: \"Evet.\" O dedi: \"Ramazan gelene kadar yaşamadı mı ve onu oruç tutmadı mı?\" Onlar dediler: \"Evet.\" O dedi: \"Bu yıl şu kadar rekât namaz kılmadı mı?\" Onlar dediler: \"Evet.\" Allah'ın Elçisi (ﷺ) dedi: \"Gerçekten, aralarındaki mesafe, gök ile yer arasındaki mesafedir.\""
      }
    }
  ],
  "chapter": {
    "id": 6,
    "bookId": 8,
    "arabic": "مُسْنَدُ أَبِي مُحَمَّدٍ طَلْحَةَ بْنِ عُبَيْدِ اللَّهِ رَضِيَ اللَّهُ تَعَالَى عَنْهُ",
    "english": "Musnad of Abu Muhammad Talhah bin 'Ubaidullah"
  }
}