{
  "id": "aladab_almufrad",
  "numericId": 16,
  "arabic": {
    "title": "الأدب المفرد",
    "author": "الإمام محمد بن إسماعيل البخاري",
    "introduction": ""
  },
  "english": {
    "title": "Al-Adab Al-Mufrad",
    "author": "Imam Muhammad ibn Ismail al-Bukhari",
    "introduction": ""
  },
  "hadithsCount": 1326,
  "chapters": [
    {
      "id": 1,
      "arabic": "كتاب الْوَالِدَيْنِ",
      "english": "Parents",
      "hadithsCount": 46,
      "file": "chapters/1.json"
    },
    {
      "id": 2,
      "arabic": "كتاب صِلَةِ الرَّحِمِ",
      "english": "Ties of Kinship",
      "hadithsCount": 27,
      "file": "chapters/2.json"
    },
    {
      "id": 3,
      "arabic": "كتاب مَوَالِي",
      "english": "Mawlas (Clients of Manumission)",
      "hadithsCount": 2,
      "file": "chapters/3.json"
    },
    {
      "id": 4,
      "arabic": "كتاب عول البنات",
      "english": "Looking after girls",
      "hadithsCount": 8,
      "file": "chapters/4.json"
    },
    {
      "id": 5,
      "arabic": "كتاب رعاية الأولاد",
      "english": "Looking after children",
      "hadithsCount": 17,
      "file": "chapters/5.json"
    },
    {
      "id": 6,
      "arabic": "كتاب الْجَارِ",
      "english": "Neighbours",
      "hadithsCount": 28,
      "file": "chapters/6.json"
    },
    {
      "id": 7,
      "arabic": "كتاب الْكَرَمِ وَ يَتِيمٌ",
      "english": "Generosity and Orphans",
      "hadithsCount": 14,
      "file": "chapters/7.json"
    },
    {
      "id": 8,
      "arabic": "كتاب موت الأولاد",
      "english": "Children's Death",
      "hadithsCount": 13,
      "file": "chapters/8.json"
    },
    {
      "id": 9,
      "arabic": "كتاب الملكة",
      "english": "Being a master",
      "hadithsCount": 56,
      "file": "chapters/9.json"
    },
    {
      "id": 10,
      "arabic": "كتاب الرعاية",
      "english": "Supervision",
      "hadithsCount": 9,
      "file": "chapters/10.json"
    },
    {
      "id": 11,
      "arabic": "كتاب الْمَعْرُوفِ",
      "english": "Good Conduct",
      "hadithsCount": 17,
      "file": "chapters/11.json"
    },
    {
      "id": 12,
      "arabic": "كتاب الِانْبِسَاطِ إِلَى النَّاسِ",
      "english": "Cheerfulness Towards People",
      "hadithsCount": 18,
      "file": "chapters/12.json"
    },
    {
      "id": 13,
      "arabic": "كتاب الْمَشُورَةِ",
      "english": "Consultation",
      "hadithsCount": 4,
      "file": "chapters/13.json"
    },
    {
      "id": 14,
      "arabic": "كتاب حسن الخلق",
      "english": "Excellence in Character",
      "hadithsCount": 50,
      "file": "chapters/14.json"
    },
    {
      "id": 15,
      "arabic": "كتاب اللعن",
      "english": "Cursing",
      "hadithsCount": 24,
      "file": "chapters/15.json"
    },
    {
      "id": 16,
      "arabic": "كتاب المدح",
      "english": "Praise",
      "hadithsCount": 11,
      "file": "chapters/16.json"
    },
    {
      "id": 17,
      "arabic": "كتاب الزِّيَارَةِ",
      "english": "Visitation",
      "hadithsCount": 10,
      "file": "chapters/17.json"
    },
    {
      "id": 18,
      "arabic": "كتاب الأكَابِرِ",
      "english": "The Elderly",
      "hadithsCount": 9,
      "file": "chapters/18.json"
    },
    {
      "id": 19,
      "arabic": "كتاب الصَّغِيرِ",
      "english": "Children",
      "hadithsCount": 10,
      "file": "chapters/19.json"
    },
    {
      "id": 20,
      "arabic": "كتاب رَحْمَةِ",
      "english": "Mercy",
      "hadithsCount": 13,
      "file": "chapters/20.json"
    },
    {
      "id": 21,
      "arabic": "كتاب ذات البين",
      "english": "Social Behaviour",
      "hadithsCount": 12,
      "file": "chapters/21.json"
    },
    {
      "id": 22,
      "arabic": "كتاب الهجر",
      "english": "Abandonment",
      "hadithsCount": 18,
      "file": "chapters/22.json"
    },
    {
      "id": 23,
      "arabic": "كتاب الإشارة",
      "english": "Advising",
      "hadithsCount": 4,
      "file": "chapters/23.json"
    },
    {
      "id": 24,
      "arabic": "كتاب السِّبَابِ",
      "english": "Disparaging",
      "hadithsCount": 23,
      "file": "chapters/24.json"
    },
    {
      "id": 25,
      "arabic": "كتاب السَّرَفِ فِي  الْبِنَاءِ",
      "english": "Extravagance in Building",
      "hadithsCount": 20,
      "file": "chapters/25.json"
    },
    {
      "id": 26,
      "arabic": "كتاب الرِّفْقِ",
      "english": "Compassion",
      "hadithsCount": 13,
      "file": "chapters/26.json"
    },
    {
      "id": 27,
      "arabic": "كتاب الاعتناء بالدنيا",
      "english": "Attending to this world",
      "hadithsCount": 8,
      "file": "chapters/27.json"
    },
    {
      "id": 28,
      "arabic": "كتاب الظُّلْم",
      "english": "Injustice",
      "hadithsCount": 8,
      "file": "chapters/28.json"
    },
    {
      "id": 29,
      "arabic": "كتاب عيادة المرضى",
      "english": "Visiting the Ill",
      "hadithsCount": 47,
      "file": "chapters/29.json"
    },
    {
      "id": 30,
      "arabic": "كتاب التصرف العام",
      "english": "General Behavior",
      "hadithsCount": 66,
      "file": "chapters/30.json"
    },
    {
      "id": 31,
      "arabic": "كتاب الدعاء",
      "english": "Supplication",
      "hadithsCount": 135,
      "file": "chapters/31.json"
    },
    {
      "id": 32,
      "arabic": "كتاب الضيف والنفقة",
      "english": "Guests and Spending",
      "hadithsCount": 15,
      "file": "chapters/32.json"
    },
    {
      "id": 33,
      "arabic": "كتاب الأقوال",
      "english": "Sayings",
      "hadithsCount": 57,
      "file": "chapters/33.json"
    },
    {
      "id": 34,
      "arabic": "كتاب الأسْمَاءِ",
      "english": "Names",
      "hadithsCount": 31,
      "file": "chapters/34.json"
    },
    {
      "id": 35,
      "arabic": "كتاب  الكُنْيَةِ",
      "english": "Kunyas",
      "hadithsCount": 14,
      "file": "chapters/35.json"
    },
    {
      "id": 36,
      "arabic": "كتاب الشِّعْرِ",
      "english": "Poetry",
      "hadithsCount": 19,
      "file": "chapters/36.json"
    },
    {
      "id": 37,
      "arabic": "كتاب الْكَلامِ",
      "english": "Words",
      "hadithsCount": 13,
      "file": "chapters/37.json"
    },
    {
      "id": 38,
      "arabic": "كتاب عاقبة الأمور",
      "english": "Consequences",
      "hadithsCount": 19,
      "file": "chapters/38.json"
    },
    {
      "id": 39,
      "arabic": "كتاب الطيرة",
      "english": "Omens",
      "hadithsCount": 12,
      "file": "chapters/39.json"
    },
    {
      "id": 40,
      "arabic": "كتاب الْعُطَاسَ والتثاؤب",
      "english": "Sneezing and Yawning",
      "hadithsCount": 33,
      "file": "chapters/40.json"
    },
    {
      "id": 41,
      "arabic": "كتاب الحركات",
      "english": "Gestures",
      "hadithsCount": 13,
      "file": "chapters/41.json"
    },
    {
      "id": 42,
      "arabic": "كتاب السَّلامِ",
      "english": "Greetings",
      "hadithsCount": 87,
      "file": "chapters/42.json"
    },
    {
      "id": 43,
      "arabic": "كتاب الاسْتِئْذَانُ",
      "english": "Asking Permission",
      "hadithsCount": 50,
      "file": "chapters/43.json"
    },
    {
      "id": 44,
      "arabic": "كتاب أَهْلِ الْكِتَابِ",
      "english": "The People of the Book",
      "hadithsCount": 16,
      "file": "chapters/44.json"
    },
    {
      "id": 45,
      "arabic": "كتاب الرَّسَائِلِ‏",
      "english": "Letters",
      "hadithsCount": 19,
      "file": "chapters/45.json"
    },
    {
      "id": 46,
      "arabic": "كتاب الْمَجَالِسِ",
      "english": "Gatherings",
      "hadithsCount": 17,
      "file": "chapters/46.json"
    },
    {
      "id": 47,
      "arabic": "كتاب تعامل الناس",
      "english": "Behaviour with people",
      "hadithsCount": 22,
      "file": "chapters/47.json"
    },
    {
      "id": 48,
      "arabic": "باب الجلوس والاستلقاء",
      "english": "Sitting and lying down",
      "hadithsCount": 24,
      "file": "chapters/48.json"
    },
    {
      "id": 49,
      "arabic": "كتاب الصباح والمساء",
      "english": "Mornings and evenings",
      "hadithsCount": 6,
      "file": "chapters/49.json"
    },
    {
      "id": 50,
      "arabic": "كتاب النوم والمبيت",
      "english": "Sleep and night lodging",
      "hadithsCount": 27,
      "file": "chapters/50.json"
    },
    {
      "id": 51,
      "arabic": "كتاب الْبَهَائِمِ",
      "english": "Animals",
      "hadithsCount": 6,
      "file": "chapters/51.json"
    },
    {
      "id": 52,
      "arabic": "كتاب الْقَائِلَةِ",
      "english": "Midday Naps",
      "hadithsCount": 6,
      "file": "chapters/52.json"
    },
    {
      "id": 53,
      "arabic": "كتاب الْخِتَانِ",
      "english": "Circumcision",
      "hadithsCount": 15,
      "file": "chapters/53.json"
    },
    {
      "id": 54,
      "arabic": "كتاب القمار ونحوه",
      "english": "Betting and similar pastimes",
      "hadithsCount": 23,
      "file": "chapters/54.json"
    },
    {
      "id": 55,
      "arabic": "كتاب المعرفة",
      "english": "Recognition",
      "hadithsCount": 23,
      "file": "chapters/55.json"
    },
    {
      "id": 56,
      "arabic": "كتاب الفضول والجفاء",
      "english": "Meddling and Harshness",
      "hadithsCount": 12,
      "file": "chapters/56.json"
    },
    {
      "id": 57,
      "arabic": "كتاب الْغَضَبِ",
      "english": "Anger",
      "hadithsCount": 7,
      "file": "chapters/57.json"
    }
  ]
}