{
  "id": "riyad_assalihin",
  "numericId": 13,
  "arabic": {
    "title": "رياض الصالحين",
    "author": "الإمام يحيى بن شرف النووي",
    "introduction": ""
  },
  "english": {
    "title": "Riyad as-Salihin",
    "author": "Imam Yahya ibn Sharaf al-Nawawi",
    "introduction": ""
  },
  "hadithsCount": 1896,
  "chapters": [
    {
      "id": 0,
      "arabic": "كتاب المقدمات",
      "english": "The Book of Miscellany",
      "hadithsCount": 679,
      "file": "chapters/introduction.json"
    },
    {
      "id": 1,
      "arabic": "كتاب الأدب",
      "english": "The Book of Good Manners",
      "hadithsCount": 47,
      "file": "chapters/1.json"
    },
    {
      "id": 2,
      "arabic": "كتـــــاب أدب الطعام",
      "english": "The Book About the Etiquette of Eating",
      "hadithsCount": 51,
      "file": "chapters/2.json"
    },
    {
      "id": 3,
      "arabic": "كتــــاب اللباس",
      "english": "The Book of Dress",
      "hadithsCount": 35,
      "file": "chapters/3.json"
    },
    {
      "id": 4,
      "arabic": "كتاب آداب النوم",
      "english": "The Book of the Etiquette of Sleeping, Lying and Sitting etc",
      "hadithsCount": 31,
      "file": "chapters/4.json"
    },
    {
      "id": 5,
      "arabic": "كتاب السلام",
      "english": "The Book of Greetings",
      "hadithsCount": 50,
      "file": "chapters/5.json"
    },
    {
      "id": 6,
      "arabic": "كتاب عيادة المريض وتشييع الميت والصلاة عليه وحضور دفنه",
      "english": "The Book of Visiting the Sick",
      "hadithsCount": 62,
      "file": "chapters/6.json"
    },
    {
      "id": 7,
      "arabic": "كتاب آداب السفر",
      "english": "The Book of Etiquette of Traveling",
      "hadithsCount": 35,
      "file": "chapters/7.json"
    },
    {
      "id": 8,
      "arabic": "كتاب الفضائل",
      "english": "The Book of Virtues",
      "hadithsCount": 277,
      "file": "chapters/8.json"
    },
    {
      "id": 9,
      "arabic": "كتاب الاعتكاف",
      "english": "The Book of I'tikaf",
      "hadithsCount": 3,
      "file": "chapters/9.json"
    },
    {
      "id": 10,
      "arabic": "كتاب الحج",
      "english": "The Book of Hajj",
      "hadithsCount": 14,
      "file": "chapters/10.json"
    },
    {
      "id": 11,
      "arabic": "كتاب الجهاد",
      "english": "The Book of Jihad",
      "hadithsCount": 91,
      "file": "chapters/11.json"
    },
    {
      "id": 12,
      "arabic": "كتاب العلم",
      "english": "The Book of Knowledge",
      "hadithsCount": 17,
      "file": "chapters/12.json"
    },
    {
      "id": 13,
      "arabic": "كتاب حمد الله تعالى وشكره",
      "english": "The Book of Praise and Gratitude to Allah",
      "hadithsCount": 4,
      "file": "chapters/13.json"
    },
    {
      "id": 14,
      "arabic": "كتاب الصلاة على رسول الله صلى الله عليه وسلم",
      "english": "The Book of Supplicating Allah to Exalt the Mention of Allah's Messenger",
      "hadithsCount": 11,
      "file": "chapters/14.json"
    },
    {
      "id": 15,
      "arabic": "كتاب الأذكار",
      "english": "The Book of the Remembrance of Allah",
      "hadithsCount": 57,
      "file": "chapters/15.json"
    },
    {
      "id": 16,
      "arabic": "كتاب الدعوات",
      "english": "The Book of Du'a (Supplications)",
      "hadithsCount": 46,
      "file": "chapters/16.json"
    },
    {
      "id": 17,
      "arabic": "كتاب الأمور المنهي عنها",
      "english": "The Book of the Prohibited actions",
      "hadithsCount": 297,
      "file": "chapters/17.json"
    },
    {
      "id": 18,
      "arabic": "كتاب المنثورات والملح",
      "english": "The Book of Miscellaneous ahadith of Significant Values",
      "hadithsCount": 61,
      "file": "chapters/18.json"
    },
    {
      "id": 19,
      "arabic": "كتاب الاستغفار",
      "english": "The Book of Forgiveness",
      "hadithsCount": 28,
      "file": "chapters/19.json"
    }
  ]
}