{
  "id": "nasai",
  "numericId": 5,
  "arabic": {
    "title": "سنن النسائي",
    "author": "الإمام أحمد بن شعيب النسائي",
    "introduction": ""
  },
  "english": {
    "title": "Sunan an-Nasa'i",
    "author": "Imam Ahmad ibn Shu'ayb al-Nasa'i",
    "introduction": ""
  },
  "hadithsCount": 5768,
  "chapters": [
    {
      "id": 0,
      "arabic": "كتاب المزارعة",
      "english": "The Book of Agriculture",
      "hadithsCount": 83,
      "file": "chapters/35b.json"
    },
    {
      "id": 1,
      "arabic": "كتاب الطهارة",
      "english": "The Book of Purification",
      "hadithsCount": 325,
      "file": "chapters/1.json"
    },
    {
      "id": 2,
      "arabic": "كتاب المياه",
      "english": "The Book of Water",
      "hadithsCount": 23,
      "file": "chapters/2.json"
    },
    {
      "id": 3,
      "arabic": "كتاب الحيض والاستحاضة",
      "english": "The Book of Menstruation and Istihadah",
      "hadithsCount": 48,
      "file": "chapters/3.json"
    },
    {
      "id": 4,
      "arabic": "كتاب الغسل والتيمم",
      "english": "The Book of Ghusl and Tayammum",
      "hadithsCount": 53,
      "file": "chapters/4.json"
    },
    {
      "id": 5,
      "arabic": "كتاب الصلاة",
      "english": "The Book of Salah",
      "hadithsCount": 46,
      "file": "chapters/5.json"
    },
    {
      "id": 6,
      "arabic": "كتاب المواقيت",
      "english": "The Book of the Times (of Prayer)",
      "hadithsCount": 132,
      "file": "chapters/6.json"
    },
    {
      "id": 7,
      "arabic": "كتاب الأذان",
      "english": "The Book of the Adhan (The Call to Prayer)",
      "hadithsCount": 62,
      "file": "chapters/7.json"
    },
    {
      "id": 8,
      "arabic": "كتاب المساجد",
      "english": "The Book of the Masjids",
      "hadithsCount": 54,
      "file": "chapters/8.json"
    },
    {
      "id": 9,
      "arabic": "كتاب القبلة",
      "english": "The Book of the Qiblah",
      "hadithsCount": 35,
      "file": "chapters/9.json"
    },
    {
      "id": 10,
      "arabic": "كتاب الإمامة",
      "english": "The Book of Leading the Prayer (Al-Imamah)",
      "hadithsCount": 99,
      "file": "chapters/10.json"
    },
    {
      "id": 11,
      "arabic": "كتاب الافتتاح",
      "english": "The Book of the Commencement of the Prayer",
      "hadithsCount": 153,
      "file": "chapters/11.json"
    },
    {
      "id": 12,
      "arabic": "كتاب التطبيق",
      "english": "The Book of The At-Tatbiq (Clasping One's Hands Together)",
      "hadithsCount": 150,
      "file": "chapters/12.json"
    },
    {
      "id": 13,
      "arabic": "كتاب السهو",
      "english": "The Book of Forgetfulness (In Prayer)",
      "hadithsCount": 188,
      "file": "chapters/13.json"
    },
    {
      "id": 14,
      "arabic": "كتاب الجمعة",
      "english": "The Book of Jumu'ah (Friday Prayer)",
      "hadithsCount": 69,
      "file": "chapters/14.json"
    },
    {
      "id": 15,
      "arabic": "كتاب تقصير الصلاة فى السفر",
      "english": "The Book of Shortening the Prayer When Traveling",
      "hadithsCount": 26,
      "file": "chapters/15.json"
    },
    {
      "id": 16,
      "arabic": "كتاب الكسوف",
      "english": "The Book of Eclipses",
      "hadithsCount": 45,
      "file": "chapters/16.json"
    },
    {
      "id": 17,
      "arabic": "كتاب الاستسقاء",
      "english": "The Book of Praying for Rain (Al-Istisqa')",
      "hadithsCount": 25,
      "file": "chapters/17.json"
    },
    {
      "id": 18,
      "arabic": "كتاب صلاة الخوف",
      "english": "The Book of the Fear Prayer",
      "hadithsCount": 27,
      "file": "chapters/18.json"
    },
    {
      "id": 19,
      "arabic": "كتاب صلاة العيدين",
      "english": "The Book of the Prayer for the Two 'Eids",
      "hadithsCount": 42,
      "file": "chapters/19.json"
    },
    {
      "id": 20,
      "arabic": "كتاب قيام الليل وتطوع النهار",
      "english": "The Book of Qiyam Al-Lail (The Night Prayer) and Voluntary Prayers During the Day",
      "hadithsCount": 220,
      "file": "chapters/20.json"
    },
    {
      "id": 21,
      "arabic": "كتاب الجنائز",
      "english": "The Book of Funerals",
      "hadithsCount": 272,
      "file": "chapters/21.json"
    },
    {
      "id": 22,
      "arabic": "كتاب الصيام",
      "english": "The Book of Fasting",
      "hadithsCount": 345,
      "file": "chapters/22.json"
    },
    {
      "id": 23,
      "arabic": "كتاب الزكاة",
      "english": "The Book of Zakah",
      "hadithsCount": 184,
      "file": "chapters/23.json"
    },
    {
      "id": 24,
      "arabic": "كتاب مناسك الحج",
      "english": "The Book of Hajj",
      "hadithsCount": 467,
      "file": "chapters/24.json"
    },
    {
      "id": 25,
      "arabic": "كتاب الجهاد",
      "english": "The Book of Jihad",
      "hadithsCount": 111,
      "file": "chapters/25.json"
    },
    {
      "id": 26,
      "arabic": "كتاب النكاح",
      "english": "The Book of Marriage",
      "hadithsCount": 193,
      "file": "chapters/26.json"
    },
    {
      "id": 27,
      "arabic": "كتاب الطلاق",
      "english": "The Book of Divorce",
      "hadithsCount": 174,
      "file": "chapters/27.json"
    },
    {
      "id": 28,
      "arabic": "كتاب الخيل",
      "english": "The Book of Horses, Races and Shooting",
      "hadithsCount": 33,
      "file": "chapters/28.json"
    },
    {
      "id": 29,
      "arabic": "كتاب الإحباس",
      "english": "The Book of Endowments",
      "hadithsCount": 17,
      "file": "chapters/29.json"
    },
    {
      "id": 30,
      "arabic": "كتاب الوصايا",
      "english": "The Book of Wills",
      "hadithsCount": 61,
      "file": "chapters/30.json"
    },
    {
      "id": 31,
      "arabic": "كتاب النحل",
      "english": "The Book of Presents",
      "hadithsCount": 16,
      "file": "chapters/31.json"
    },
    {
      "id": 32,
      "arabic": "كتاب الهبة",
      "english": "The Book of Gifts",
      "hadithsCount": 18,
      "file": "chapters/32.json"
    },
    {
      "id": 33,
      "arabic": "كتاب الرقبى",
      "english": "The Book of ar-Ruqba",
      "hadithsCount": 14,
      "file": "chapters/33.json"
    },
    {
      "id": 34,
      "arabic": "كتاب العمرى",
      "english": "The Book of 'Umra",
      "hadithsCount": 42,
      "file": "chapters/34.json"
    },
    {
      "id": 35,
      "arabic": "كتاب الأيمان والنذور",
      "english": "The Book of Oaths and Vows",
      "hadithsCount": 96,
      "file": "chapters/35.json"
    },
    {
      "id": 36,
      "arabic": "كتاب عشرة النساء",
      "english": "The Book of the Kind Treatment of Women",
      "hadithsCount": 27,
      "file": "chapters/36.json"
    },
    {
      "id": 37,
      "arabic": "كتاب تحريم الدم",
      "english": "The Book of Fighting [The Prohibition of Bloodshed]",
      "hadithsCount": 167,
      "file": "chapters/37.json"
    },
    {
      "id": 38,
      "arabic": "كتاب قسم الفىء",
      "english": "The Book of Distribution of Al-Fay'",
      "hadithsCount": 16,
      "file": "chapters/38.json"
    },
    {
      "id": 39,
      "arabic": "كتاب البيعة",
      "english": "The Book of al-Bay'ah",
      "hadithsCount": 63,
      "file": "chapters/39.json"
    },
    {
      "id": 40,
      "arabic": "كتاب العقيقة",
      "english": "The Book of al-'Aqiqah",
      "hadithsCount": 10,
      "file": "chapters/40.json"
    },
    {
      "id": 41,
      "arabic": "كتاب الفرع والعتيرة",
      "english": "The Book of al-Fara' and al-'Atirah",
      "hadithsCount": 41,
      "file": "chapters/41.json"
    },
    {
      "id": 42,
      "arabic": "كتاب الصيد والذبائح",
      "english": "The Book of Hunting and Slaughtering",
      "hadithsCount": 98,
      "file": "chapters/42.json"
    },
    {
      "id": 43,
      "arabic": "كتاب الضحايا",
      "english": "The Book of ad-Dahaya (Sacrifices)",
      "hadithsCount": 88,
      "file": "chapters/43.json"
    },
    {
      "id": 44,
      "arabic": "كتاب البيوع",
      "english": "The Book of Financial Transactions",
      "hadithsCount": 257,
      "file": "chapters/44.json"
    },
    {
      "id": 45,
      "arabic": "كتاب القسامة",
      "english": "The Book of Oaths (qasamah), Retaliation and Blood Money",
      "hadithsCount": 164,
      "file": "chapters/45.json"
    },
    {
      "id": 46,
      "arabic": "كتاب قطع السارق",
      "english": "The Book of Cutting off the Hand of the Thief",
      "hadithsCount": 114,
      "file": "chapters/46.json"
    },
    {
      "id": 47,
      "arabic": "كتاب الإيمان وشرائعه",
      "english": "The Book Of Faith and its Signs",
      "hadithsCount": 55,
      "file": "chapters/47.json"
    },
    {
      "id": 48,
      "arabic": "كتاب الزينة من السنن",
      "english": "The Book of Adornment",
      "hadithsCount": 339,
      "file": "chapters/48.json"
    },
    {
      "id": 49,
      "arabic": "كتاب آداب القضاة",
      "english": "The Book of the Etiquette of Judges",
      "hadithsCount": 49,
      "file": "chapters/49.json"
    },
    {
      "id": 50,
      "arabic": "كتاب الاستعاذة",
      "english": "The Book of Seeking Refuge with Allah",
      "hadithsCount": 112,
      "file": "chapters/50.json"
    },
    {
      "id": 51,
      "arabic": "كتاب الأشربة",
      "english": "The Book of Drinks",
      "hadithsCount": 220,
      "file": "chapters/51.json"
    }
  ]
}