{
  "metadata": {
    "length": 26,
    "arabic": {
      "title": "سنن النسائي",
      "author": "الإمام أبو عبد الرحمن أحمد بن شعيب النسائي",
      "introduction": "كتاب تقصير الصلاة فى السفر"
    },
    "english": {
      "title": "Sunan al-Nasa'i",
      "author": "Imam Ahmad ibn Shu'ayb al-Nasa'i",
      "introduction": "The Book of Shortening the Prayer When Traveling"
    }
  },
  "hadiths": [
    {
      "id": 1,
      "idInBook": 1,
      "chapterId": 15,
      "bookId": 3,
      "arabic": "أَخْبَرَنَا إِسْحَاقُ بْنُ إِبْرَاهِيمَ، قَالَ أَنْبَأَنَا عَبْدُ اللَّهِ بْنُ إِدْرِيسَ، قَالَ أَنْبَأَنَا ابْنُ جُرَيْجٍ، عَنِ ابْنِ أَبِي عَمَّارٍ، عَنْ عَبْدِ اللَّهِ بْنِ بَابَيْهِ، عَنْ يَعْلَى بْنِ أُمَيَّةَ، قَالَ قُلْتُ لِعُمَرَ بْنِ الْخَطَّابِ ‏{‏ لَيْسَ عَلَيْكُمْ جُنَاحٌ أَنْ تَقْصُرُوا، مِنَ الصَّلاَةِ إِنْ خِفْتُمْ أَنْ يَفْتِنَكُمُ الَّذِينَ كَفَرُوا ‏}‏ فَقَدْ أَمِنَ النَّاسُ ‏.‏ فَقَالَ عُمَرُ رضى الله عنه عَجِبْتُ مِمَّا عَجِبْتَ مِنْهُ فَسَأَلْتُ رَسُولَ اللَّهِ صلى الله عليه وسلم عَنْ ذَلِكَ فَقَالَ ‏\"‏ صَدَقَةٌ تَصَدَّقَ اللَّهُ بِهَا عَلَيْكُمْ فَاقْبَلُوا صَدَقَتَهُ ‏\"‏ ‏.‏",
      "english": {
        "narrator": "It was narrated that Ya'la bin Umayyah said:",
        "text": "\"I said to 'Umar bin Al-Khattab: 'There is no sin on you if you shorten salah and if you fear that the disbelievers may put you in trial (attack you). But now the people are safe.' 'Umar said: 'I wondered the same thing, so I asked the Messenger of Allah (ﷺ) about that and he said: This is a favor from Allah (SWT) to you, so accept His favor.\""
      },
      "turkish": {
        "narrator": "It was narrated that Ya'la bin Umayyah said:",
        "text": "Ya'la bin Umayyah'dan rivayet edilmiştir: \"Ben 'Umar bin Al-Khattab'a dedim ki: 'Eğer disbelilerin sizi denemeye (saldırmaya) kalkışacağından korkuyorsanız, namazı kısaltmanızda bir günah yoktur. Ama şimdi insanlar güvendedir.' 'Umar dedi ki: 'Ben de aynı şeyi merak ettim, bu yüzden Allah'ın Elçisi'ne (ﷺ) sordum ve o şöyle dedi: Bu, Allah'ın (SWT) size bir lütfudur, o halde lütfunu kabul edin.'\""
      }
    },
    {
      "id": 2,
      "idInBook": 2,
      "chapterId": 15,
      "bookId": 3,
      "arabic": "أَخْبَرَنَا قُتَيْبَةُ، قَالَ حَدَّثَنَا اللَّيْثُ، عَنِ ابْنِ شِهَابٍ، عَنْ عَبْدِ اللَّهِ بْنِ أَبِي بَكْرِ بْنِ عَبْدِ الرَّحْمَنِ، عَنْ أُمَيَّةَ بْنِ عَبْدِ اللَّهِ بْنِ خَالِدٍ، أَنَّهُ قَالَ لِعَبْدِ اللَّهِ بْنِ عُمَرَ إِنَّا نَجِدُ صَلاَةَ الْحَضَرِ وَصَلاَةَ الْخَوْفِ فِي الْقُرْآنِ وَلاَ نَجِدُ صَلاَةَ السَّفَرِ فِي الْقُرْآنِ ‏.‏ فَقَالَ لَهُ ابْنُ عُمَرَ يَا ابْنَ أَخِي إِنَّ اللَّهَ عَزَّ وَجَلَّ بَعَثَ إِلَيْنَا مُحَمَّدًا صلى الله عليه وسلم وَلاَ نَعْلَمُ شَيْئًا وَإِنَّمَا نَفْعَلُ كَمَا رَأَيْنَا مُحَمَّدًا صلى الله عليه وسلم يَفْعَلُ ‏.‏",
      "english": {
        "narrator": "It was narrated from Umayyah bin 'Abdullah bin Khalid that:",
        "text": "He said to 'Abdullah bin 'Umar: \"We find (mention of) prayer when one is at home (i.e., not traveling) and prayer at times of fear in the Qur'an, but we do not find any mention in the Qur'an of prayer when traveling. Ibn Umar said to him: 'O son of my brother, Allah (SWT) send Muhammad (ﷺ) to us when we did not know anything, and all we should do is to do that which we saw Muhammad (ﷺ) doing.'\""
      },
      "turkish": {
        "narrator": "It was narrated from Umayyah bin 'Abdullah bin Khalid that:",
        "text": "Umayyah bin 'Abdullah bin Khalid'den rivayet edilmiştir: \"O, 'Abdullah bin 'Umar'a dedi ki: 'Evde (yani seyahat etmediğimizde) namazı ve korku anındaki namazı Kur'an'da buluyoruz, ama seyahat ederken namaz hakkında Kur'an'da bir şey bulamıyoruz.' İbn 'Umar ona dedi: 'Ey kardeşimin oğlu, Allah (SWT) bize Muhammed'i (ﷺ) hiç bir şey bilmediğimiz zaman gönderdi ve yapmamız gereken tek şey, Muhammed'in (ﷺ) yaptığı şeyleri yapmaktır.'\""
      }
    },
    {
      "id": 3,
      "idInBook": 3,
      "chapterId": 15,
      "bookId": 3,
      "arabic": "أَخْبَرَنَا قُتَيْبَةُ، قَالَ حَدَّثَنَا هُشَيْمٌ، عَنْ مَنْصُورِ بْنِ زَاذَانَ، عَنِ ابْنِ سِيرِينَ، عَنِ ابْنِ عَبَّاسٍ، أَنَّ رَسُولَ اللَّهِ صلى الله عليه وسلم خَرَجَ مِنْ مَكَّةَ إِلَى الْمَدِينَةِ لاَ يَخَافُ إِلاَّ رَبَّ الْعَالَمِينَ يُصَلِّي رَكْعَتَيْنِ ‏.‏",
      "english": {
        "narrator": "It was narrated from Ibn 'Abbas that:",
        "text": "The Messenger of Allah (ﷺ) set out from Makkah to Al-Madinah, fearing nothing but the Lord of the worlds, and praying two rak'ahs."
      },
      "turkish": {
        "narrator": "It was narrated from Ibn 'Abbas that:",
        "text": "İbn 'Abbas'tan rivayet edilmiştir: \"Allah'ın Elçisi (ﷺ) Mekkeden Medine'ye, dünyaların Rabbi'nden başka hiç kimseden korkmadan, iki rek'at namaz kılarak yola çıktı.\""
      }
    },
    {
      "id": 4,
      "idInBook": 4,
      "chapterId": 15,
      "bookId": 3,
      "arabic": "أَخْبَرَنَا مُحَمَّدُ بْنُ عَبْدِ الأَعْلَى، قَالَ حَدَّثَنَا خَالِدٌ، قَالَ حَدَّثَنَا ابْنُ عَوْنٍ، عَنْ مُحَمَّدٍ، عَنِ ابْنِ عَبَّاسٍ، قَالَ كُنَّا نَسِيرُ مَعَ رَسُولِ اللَّهِ صلى الله عليه وسلم بَيْنَ مَكَّةَ وَالْمَدِينَةِ لاَ نَخَافُ إِلاَّ اللَّهَ عَزَّ وَجَلَّ نُصَلِّي رَكْعَتَيْنِ ‏.‏",
      "english": {
        "narrator": "It was narrated that Ibn 'Abbas said:",
        "text": "\"We used to travel with the Messenger of Allah (ﷺ) between Makkah and Al-Madinah, fearing nothing but Allah, the Mighty and Sublime, and praying two rak'ahs.\""
      },
      "turkish": {
        "narrator": "It was narrated that Ibn 'Abbas said:",
        "text": "İbn 'Abbas'tan rivayet edilmiştir: \"Biz, Allah'ın Elçisi (ﷺ) ile Mekkeden Medine'ye seyahat ederken, sadece Allah'tan, Azametli ve Yüce olandan korkarak, iki rek'at namaz kılardık.\""
      }
    },
    {
      "id": 5,
      "idInBook": 5,
      "chapterId": 15,
      "bookId": 3,
      "arabic": "أَخْبَرَنَا إِسْحَاقُ بْنُ إِبْرَاهِيمَ، قَالَ حَدَّثَنَا النَّضْرُ بْنُ شُمَيْلٍ، قَالَ حَدَّثَنَا شُعْبَةُ، عَنْ يَزِيدَ بْنِ خُمَيْرٍ، قَالَ سَمِعْتُ حَبِيبَ بْنَ عُبَيْدٍ، يُحَدِّثُ عَنْ جُبَيْرِ بْنِ نُفَيْرٍ، عَنِ ابْنِ السِّمْطِ، قَالَ رَأَيْتُ عُمَرَ بْنَ الْخَطَّابِ يُصَلِّي بِذِي الْحُلَيْفَةِ رَكْعَتَيْنِ فَسَأَلْتُهُ عَنْ ذَلِكَ، فَقَالَ إِنَّمَا أَفْعَلُ كَمَا رَأَيْتُ رَسُولَ اللَّهِ صلى الله عليه وسلم يَفْعَلُ ‏.‏",
      "english": {
        "narrator": "It was narrated that Ibn Al-Simt said:",
        "text": "\"I saw 'Umar bin Al-Khattab praying two rak'ahs in Dhul-Hulaifah and I asked him about that. He said: 'I am simply doing that which I saw the Messenger of Allah (ﷺ) doing.'\""
      },
      "turkish": {
        "narrator": "It was narrated that Ibn Al-Simt said:",
        "text": "İbn Al-Simt'ten rivayet edilmiştir: \"Dhul-Hulaifah'da 'Umar bin Al-Khattab'ı iki rek'at namaz kılarken gördüm ve ona bunu sordum. O dedi ki: 'Ben sadece Allah'ın Elçisi'nin (ﷺ) yaptığı şeyi yapıyorum.'\""
      }
    },
    {
      "id": 6,
      "idInBook": 6,
      "chapterId": 15,
      "bookId": 3,
      "arabic": "أَخْبَرَنَا قُتَيْبَةُ، قَالَ حَدَّثَنَا أَبُو عَوَانَةَ، عَنْ يَحْيَى بْنِ أَبِي إِسْحَاقَ، عَنْ أَنَسٍ، قَالَ خَرَجْتُ مَعَ رَسُولِ اللَّهِ صلى الله عليه وسلم مِنَ الْمَدِينَةِ إِلَى مَكَّةَ فَلَمْ يَزَلْ يَقْصُرُ حَتَّى رَجَعَ فَأَقَامَ بِهَا عَشْرًا ‏.‏",
      "english": {
        "narrator": "It was narrated that Anas said:",
        "text": "\"I went out with the Messenger of Allah (ﷺ) from Al-Madinah to Mekkah, and he continued to shorten his prayers, and he stayed there for ten days.\""
      },
      "turkish": {
        "narrator": "It was narrated that Anas said:",
        "text": "Anas'tan rivayet edilmiştir: \"Ben, Allah'ın Elçisi (ﷺ) ile Medine'den Mekkah'a çıktım ve o, namazlarını kısaltmaya devam etti, orada on gün kaldı.\""
      }
    },
    {
      "id": 7,
      "idInBook": 7,
      "chapterId": 15,
      "bookId": 3,
      "arabic": "أَخْبَرَنَا مُحَمَّدُ بْنُ عَلِيِّ بْنِ الْحَسَنِ بْنِ شَقِيقٍ، قَالَ أَبِي أَنْبَأَنَا أَبُو حَمْزَةَ، - وَهُوَ السُّكَّرِيُّ - عَنْ مَنْصُورٍ، عَنْ إِبْرَاهِيمَ، عَنْ عَلْقَمَةَ، عَنْ عَبْدِ اللَّهِ، قَالَ صَلَّيْتُ مَعَ رَسُولِ اللَّهِ صلى الله عليه وسلم فِي السَّفَرِ رَكْعَتَيْنِ وَمَعَ أَبِي بَكْرٍ رَكْعَتَيْنِ وَمَعَ عُمَرَ رَكْعَتَيْنِ رضى الله عنهما ‏.‏",
      "english": {
        "narrator": "It was narrated that 'Abdullah said:",
        "text": "\"I prayed two rak'ahs with the Messenger of Allah (ﷺ) on a journey, and two rak'ahs with Abu Bakr, and two rak'ahs with 'Umar, may Allah (SWT) be pleased with them both.\""
      },
      "turkish": {
        "narrator": "It was narrated that 'Abdullah said:",
        "text": "'Abdullah'dan rivayet edilmiştir: \"Ben, Allah'ın Elçisi (ﷺ) ile bir yolculukta iki rek'at namaz kıldım, Abu Bekir ile iki rek'at, ve 'Umar ile iki rek'at, Allah (SWT) her ikisinden de razı olsun.\""
      }
    },
    {
      "id": 8,
      "idInBook": 8,
      "chapterId": 15,
      "bookId": 3,
      "arabic": "أَخْبَرَنَا حُمَيْدُ بْنُ مَسْعَدَةَ، عَنْ سُفْيَانَ، - وَهُوَ ابْنُ حَبِيبٍ - عَنْ شُعْبَةَ، عَنْ زُبَيْدٍ، عَنْ عَبْدِ الرَّحْمَنِ بْنِ أَبِي لَيْلَى، عَنْ عُمَرَ، قَالَ صَلاَةُ الْجُمُعَةِ رَكْعَتَانِ وَالْفِطْرِ رَكْعَتَانِ وَالنَّحْرِ رَكْعَتَانِ وَالسَّفَرِ رَكْعَتَانِ تَمَامٌ غَيْرُ قَصْرٍ عَلَى لِسَانِ النَّبِيِّ صلى الله عليه وسلم ‏.‏",
      "english": {
        "narrator": "It was narrated that 'Umar said:",
        "text": "\"The prayer for jumu'ah is two rak'ahs, and for Al-Fitr is two rak'ahs, and for An-Nahr is two rak'ahs, and for traveling is two rak'ahs, complete and not shortened, on the tongue of the Prophet (ﷺ).\""
      },
      "turkish": {
        "narrator": "It was narrated that 'Umar said:",
        "text": "'Umar'dan rivayet edilmiştir: \"Cuma namazı iki rek'attır, Fıtır namazı iki rek'attır, Nahr namazı iki rek'attır ve seyahat namazı iki rek'at, tamam ve kısaltılmadan, Peygamber'in (ﷺ) diliyle.\""
      }
    },
    {
      "id": 9,
      "idInBook": 9,
      "chapterId": 15,
      "bookId": 3,
      "arabic": "أَخْبَرَنِي مُحَمَّدُ بْنُ وَهْبٍ، قَالَ حَدَّثَنِي مُحَمَّدُ بْنُ سَلَمَةَ، قَالَ حَدَّثَنِي أَبُو عَبْدِ الرَّحِيمِ، قَالَ حَدَّثَنِي زَيْدٌ، عَنْ أَيُّوبَ، - وَهُوَ ابْنُ عَائِذٍ - عَنْ بُكَيْرِ بْنِ الأَخْنَسِ، عَنْ مُجَاهِدٍ أَبِي الْحَجَّاجِ، عَنِ ابْنِ عَبَّاسٍ، قَالَ فُرِضَتْ صَلاَةُ الْحَضَرِ عَلَى لِسَانِ نَبِيِّكُمْ صلى الله عليه وسلم أَرْبَعًا وَصَلاَةُ السَّفَرِ رَكْعَتَيْنِ وَصَلاَةُ الْخَوْفِ رَكْعَةً ‏.‏",
      "english": {
        "narrator": "It was narrated that Ibn 'Abbas said:",
        "text": "\"The prayer of the resident was enjoined on the tongue of your Prophet (ﷺ), four (rak'ahs), and the prayer of the traveler is two rak'ahs, and the prayer of fear is one rak'ah.\""
      },
      "turkish": {
        "narrator": "It was narrated that Ibn 'Abbas said:",
        "text": "İbn 'Abbas'tan rivayet edilmiştir: \"Sakin olanın namazı, Peygamber'in (ﷺ) diliyle dört (rek'at) olarak farz kılındı, seyahat edenin namazı iki rek'attır ve korku anındaki namaz bir rek'attır.\""
      }
    },
    {
      "id": 10,
      "idInBook": 10,
      "chapterId": 15,
      "bookId": 3,
      "arabic": "أَخْبَرَنَا يَعْقُوبُ بْنُ مَاهَانَ، قَالَ حَدَّثَنَا الْقَاسِمُ بْنُ مَالِكٍ، عَنْ أَيُّوبَ بْنِ عَائِذٍ، عَنْ بُكَيْرِ بْنِ الأَخْنَسِ، عَنْ مُجَاهِدٍ، عَنِ ابْنِ عَبَّاسٍ، قَالَ إِنَّ اللَّهَ عَزَّ وَجَلَّ فَرَضَ الصَّلاَةَ عَلَى لِسَانِ نَبِيِّكُمْ صلى الله عليه وسلم فِي الْحَضَرِ أَرْبَعًا وَفِي السَّفَرِ رَكْعَتَيْنِ وَفِي الْخَوْفِ رَكْعَةً ‏.‏",
      "english": {
        "narrator": "It was narrated that Ibn 'Abbas said:",
        "text": "\"Allah, the Mighty and Sublime, enjoined the prayer on the tongue of your Prophet (ﷺ): While a resident four (rak'ahs), while traveling two, and at times of fear one.\""
      },
      "turkish": {
        "narrator": "It was narrated that Ibn 'Abbas said:",
        "text": "İbn 'Abbas'tan rivayet edilmiştir: \"Allah, Azametli ve Yüce olan, namazı Peygamber'in (ﷺ) diliyle farz kıldı: Sakinken dört (rek'at), seyahat ederken iki, ve korku anında bir.\""
      }
    },
    {
      "id": 11,
      "idInBook": 11,
      "chapterId": 15,
      "bookId": 3,
      "arabic": "حَدَّثَنَا مُحَمَّدُ بْنُ عَبْدِ الأَعْلَى، فِي حَدِيثِهِ عَنْ خَالِدِ بْنِ الْحَارِثِ، قَالَ حَدَّثَنَا شُعْبَةُ، عَنْ قَتَادَةَ، قَالَ سَمِعْتُ مُوسَى، - وَهُوَ ابْنُ سَلَمَةَ - قَالَ قُلْتُ لاِبْنِ عَبَّاسٍ كَيْفَ أُصَلِّي بِمَكَّةَ إِذَا لَمْ أُصَلِّ فِي جَمَاعَةٍ قَالَ رَكْعَتَيْنِ سُنَّةَ أَبِي الْقَاسِمِ صلى الله عليه وسلم ‏.‏",
      "english": {
        "narrator": "It was narrated that Qatadah said:",
        "text": "\"I heard Muas- bin Salamah-say: 'I said to Ibn 'Abbas: How should I pray in Makkah if I do not pray in congregation? He said: Two rak'ahs, the sunnah of Abu Al-Qasim.'\""
      },
      "turkish": {
        "narrator": "It was narrated that Qatadah said:",
        "text": "Kâtadah'dan rivayet edilmiştir: \"Muas bin Salamah'ın şöyle dediğini duydum: 'Ben İbn 'Abbas'a dedim ki: Eğer cemaatle namaz kılmıyorsam Mekkede nasıl namaz kılmalıyım? O dedi ki: İki rek'at, Abu Al-Qasim'in sünneti.'\""
      }
    },
    {
      "id": 12,
      "idInBook": 12,
      "chapterId": 15,
      "bookId": 3,
      "arabic": "أَخْبَرَنَا إِسْمَاعِيلُ بْنُ مَسْعُودٍ، قَالَ حَدَّثَنَا يَزِيدُ بْنُ زُرَيْعٍ، قَالَ حَدَّثَنَا سَعِيدٌ، قَالَ حَدَّثَنَا قَتَادَةُ، أَنَّ مُوسَى بْنَ سَلَمَةَ، حَدَّثَهُمْ أَنَّهُ، سَأَلَ ابْنَ عَبَّاسٍ قُلْتُ تَفُوتُنِي الصَّلاَةُ فِي جَمَاعَةٍ وَأَنَا بِالْبَطْحَاءِ، مَا تَرَى أَنْ أُصَلِّيَ، قَالَ رَكْعَتَيْنِ سُنَّةَ أَبِي الْقَاسِمِ صلى الله عليه وسلم ‏.‏",
      "english": {
        "narrator": "Musa bin Salamah narrated that he asked Ibn 'Abbas:",
        "text": "\"I missed the prayer in congregation when I was in Al-Batha; how do you think I should pray?\" He said: \"Two rak'ahs, the sunnah of the Messenger of Allah (ﷺ).\""
      },
      "turkish": {
        "narrator": "Musa bin Salamah narrated that he asked Ibn 'Abbas:",
        "text": "Musa bin Salamah, İbn 'Abbas'a sordu: \"Al-Batha'da cemaatle namazı kaçırdım; nasıl namaz kılmalıyım?\" O dedi ki: \"İki rek'at, Allah'ın Elçisi'nin (ﷺ) sünneti.\""
      }
    },
    {
      "id": 13,
      "idInBook": 13,
      "chapterId": 15,
      "bookId": 3,
      "arabic": "أَخْبَرَنَا قُتَيْبَةُ، قَالَ حَدَّثَنَا أَبُو الأَحْوَصِ، عَنْ أَبِي إِسْحَاقَ، عَنْ حَارِثَةَ بْنِ وَهْبٍ الْخُزَاعِيِّ، قَالَ صَلَّيْتُ مَعَ النَّبِيِّ صلى الله عليه وسلم بِمِنًى آمَنَ مَا كَانَ النَّاسُ وَأَكْثَرَهُ رَكْعَتَيْنِ ‏.‏",
      "english": {
        "narrator": "It was narrated that Harithah bin Wahab Al-Khuza'i said:",
        "text": "\"I prayed two rak'ahs with the Prophet (ﷺ) in Mina when the people were more secure and greater in number.\""
      },
      "turkish": {
        "narrator": "It was narrated that Harithah bin Wahab Al-Khuza'i said:",
        "text": "Harithah bin Wahab Al-Khuza'i'den rivayet edilmiştir: \"Ben, insanlar daha güvende ve daha kalabalıkken, Peygamber (ﷺ) ile Mina'da iki rek'at namaz kıldım.\""
      }
    },
    {
      "id": 14,
      "idInBook": 14,
      "chapterId": 15,
      "bookId": 3,
      "arabic": "أَخْبَرَنَا عَمْرُو بْنُ عَلِيٍّ، قَالَ حَدَّثَنَا يَحْيَى بْنُ سَعِيدٍ، قَالَ حَدَّثَنَا شُعْبَةُ، قَالَ حَدَّثَنَا أَبُو إِسْحَاقَ، ح وَأَنْبَأَنَا عَمْرُو بْنُ عَلِيٍّ، قَالَ حَدَّثَنَا يَحْيَى بْنُ سَعِيدٍ، قَالَ حَدَّثَنَا سُفْيَانُ، قَالَ أَخْبَرَنِي أَبُو إِسْحَاقَ، عَنْ حَارِثَةَ بْنِ وَهْبٍ، قَالَ صَلَّى بِنَا رَسُولُ اللَّهِ صلى الله عليه وسلم بِمِنًى أَكْثَرَ مَا كَانَ النَّاسُ وَآمَنَهُ رَكْعَتَيْنِ ‏.‏",
      "english": {
        "narrator": "It was narrated that Harithah bin Wahab said:",
        "text": "\"The Messenger of Allah (ﷺ) led us in prayer in Mina, two rak'ahs, when the people were greater in number and  more secure.\""
      },
      "turkish": {
        "narrator": "It was narrated that Harithah bin Wahab said:",
        "text": "Harithah bin Wahab'dan rivayet edilmiştir: \"Allah'ın Elçisi (ﷺ) bizi Mina'da, insanlar daha kalabalık ve daha güvende iken, iki rek'at namaz kıldırdı.\""
      }
    },
    {
      "id": 15,
      "idInBook": 15,
      "chapterId": 15,
      "bookId": 3,
      "arabic": "أَخْبَرَنَا قُتَيْبَةُ، قَالَ حَدَّثَنَا اللَّيْثُ، عَنْ بُكَيْرٍ، عَنْ مُحَمَّدِ بْنِ عَبْدِ اللَّهِ بْنِ أَبِي سُلَيْمٍ، عَنْ أَنَسِ بْنِ مَالِكٍ، أَنَّهُ قَالَ صَلَّيْتُ مَعَ رَسُولِ اللَّهِ صلى الله عليه وسلم بِمِنًى وَمَعَ أَبِي بَكْرٍ وَعُمَرَ رَكْعَتَيْنِ وَمَعَ عُثْمَانَ رَكْعَتَيْنِ صَدْرًا مِنْ إِمَارَتِهِ ‏.‏",
      "english": {
        "narrator": "It was narrated from Anas bin Malik that he said:",
        "text": "\"I prayed two rak'ahs with the Messenger of Allah (ﷺ) in Mina, and with Abu Bakr and 'Umar, and two rak'ahs with 'Uthman at the beginning of his Caliphate.\""
      },
      "turkish": {
        "narrator": "It was narrated from Anas bin Malik that he said:",
        "text": "Anas bin Malik'ten rivayet edilmiştir: \"Ben, Allah'ın Elçisi (ﷺ) ile Mina'da iki rek'at namaz kıldım, ve Abu Bekir ile 'Umar ile, ve 'Uthman ile halifeliğinin başında iki rek'at.\""
      }
    },
    {
      "id": 16,
      "idInBook": 16,
      "chapterId": 15,
      "bookId": 3,
      "arabic": "أَخْبَرَنَا قُتَيْبَةُ، قَالَ حَدَّثَنَا عَبْدُ الْوَاحِدِ، عَنِ الأَعْمَشِ، قَالَ حَدَّثَنَا إِبْرَاهِيمُ، قَالَ سَمِعْتُ عَبْدَ الرَّحْمَنِ بْنَ يَزِيدَ، ح وَأَنْبَأَنَا مَحْمُودُ بْنُ غَيْلاَنَ، قَالَ حَدَّثَنَا يَحْيَى بْنُ آدَمَ، قَالَ حَدَّثَنَا سُفْيَانُ، عَنِ الأَعْمَشِ، عَنْ إِبْرَاهِيمَ، عَنْ عَبْدِ الرَّحْمَنِ بْنِ يَزِيدَ، عَنْ عَبْدِ اللَّهِ، - رضى الله عنه - قَالَ صَلَّيْتُ بِمِنًى مَعَ رَسُولِ اللَّهِ صلى الله عليه وسلم رَكْعَتَيْنِ ‏.‏",
      "english": {
        "narrator": "It was narrated that 'Abdullah (ﷺ) said:",
        "text": "\"I prayed two rak'ahs in Mina with the Messenger of Allah (ﷺ).\""
      },
      "turkish": {
        "narrator": "It was narrated that 'Abdullah (ﷺ) said:",
        "text": "'Abdullah (ﷺ) tarafından şöyle rivayet edilmiştir: \"Ben Mina'da Allah'ın Resulü (ﷺ) ile birlikte iki rek'at namaz kıldım.\""
      }
    },
    {
      "id": 17,
      "idInBook": 17,
      "chapterId": 15,
      "bookId": 3,
      "arabic": "أَخْبَرَنَا عَلِيُّ بْنُ خَشْرَمٍ، قَالَ حَدَّثَنَا عِيسَى، عَنِ الأَعْمَشِ، عَنْ إِبْرَاهِيمَ، عَنْ عَبْدِ الرَّحْمَنِ بْنِ يَزِيدَ، قَالَ صَلَّى عُثْمَانُ بِمِنًى أَرْبَعًا حَتَّى بَلَغَ ذَلِكَ عَبْدَ اللَّهِ فَقَالَ لَقَدْ صَلَّيْتُ مَعَ رَسُولِ اللَّهِ صلى الله عليه وسلم رَكْعَتَيْنِ ‏.‏",
      "english": {
        "narrator": "It was narrated that 'Abdur-Rahman bin Yazid said:",
        "text": "\"Uthman prayer four (rak'ahs) in Mina until news of that reached 'Abdullah who said: 'I prayed two rak'ahs with the Messenger of Allah (ﷺ).'\""
      },
      "turkish": {
        "narrator": "It was narrated that 'Abdur-Rahman bin Yazid said:",
        "text": "'Abdur-Rahman bin Yazid şöyle rivayet etmiştir: \"Uthman Mina'da dört rek'at namaz kıldı, bu haber 'Abdullah'a ulaştı ve o da: 'Ben Allah'ın Resulü (ﷺ) ile birlikte iki rek'at namaz kıldım.' dedi.\""
      }
    },
    {
      "id": 18,
      "idInBook": 18,
      "chapterId": 15,
      "bookId": 3,
      "arabic": "أَخْبَرَنَا عُبَيْدُ اللَّهِ بْنُ سَعِيدٍ، قَالَ أَنْبَأَنَا يَحْيَى، عَنْ عُبَيْدِ اللَّهِ، عَنْ نَافِعٍ، عَنِ ابْنِ عُمَرَ، قَالَ صَلَّيْتُ مَعَ النَّبِيِّ صلى الله عليه وسلم بِمِنًى رَكْعَتَيْنِ وَمَعَ أَبِي بَكْرٍ - رضى الله عنه - رَكْعَتَيْنِ وَمَعَ عُمَرَ - رضى الله عنه - رَكْعَتَيْنِ ‏.‏",
      "english": {
        "narrator": "It was narrated that Ibn 'Umar said:",
        "text": "\"I prayed two rak'ahs with the Messenger of Allah (ﷺ) in Mina, and two rak'ahs with Abu Bakr, may Allah (SWT) be pleased with him, and two rak'ahs with Umar, may Allah (ﷺ) be pleased with him.\""
      },
      "turkish": {
        "narrator": "It was narrated that Ibn 'Umar said:",
        "text": "İbn 'Umar şöyle rivayet etmiştir: \"Ben Mina'da Allah'ın Resulü (ﷺ) ile birlikte iki rek'at namaz kıldım, ayrıca Abu Bekir, Allah (SWT) ondan razı olsun, ile iki rek'at ve Umar, Allah (ﷺ) ondan razı olsun, ile iki rek'at namaz kıldım.\""
      }
    },
    {
      "id": 19,
      "idInBook": 19,
      "chapterId": 15,
      "bookId": 3,
      "arabic": "أَخْبَرَنَا مُحَمَّدُ بْنُ سَلَمَةَ، قَالَ حَدَّثَنَا ابْنُ وَهْبٍ، عَنْ يُونُسَ، عَنِ ابْنِ شِهَابٍ، قَالَ أَخْبَرَنِي عُبَيْدُ اللَّهِ بْنُ عَبْدِ اللَّهِ بْنِ عُمَرَ، عَنْ أَبِيهِ، قَالَ صَلَّى رَسُولُ اللَّهِ صلى الله عليه وسلم بِمِنًى رَكْعَتَيْنِ وَصَلاَّهَا أَبُو بَكْرٍ رَكْعَتَيْنِ وَصَلاَّهَا عُمَرُ رَكْعَتَيْنِ وَصَلاَّهَا عُثْمَانُ صَدْرًا مِنْ خِلاَفَتِهِ ‏.‏",
      "english": {
        "narrator": "'Ubaidullah bin 'Abdullah bin Umar narrated that:",
        "text": "His father said: \"The Messenger of Allah (ﷺ) prayed two rak'ahs in Mina, and Abu Bakr prayed two rak'ahs, and Umar prayed two rak'ahs, and Uthman prayed (two rak'ahs) at the beginning of his Khilafah.\""
      },
      "turkish": {
        "narrator": "'Ubaidullah bin 'Abdullah bin Umar narrated that:",
        "text": "'Ubaidullah bin 'Abdullah bin Umar şöyle rivayet etmiştir: Babası dedi ki: \"Allah'ın Resulü (ﷺ) Mina'da iki rek'at namaz kıldı, Abu Bekir iki rek'at namaz kıldı, Umar iki rek'at namaz kıldı ve Uthman da hilafetinin başında iki rek'at namaz kıldı.\""
      }
    },
    {
      "id": 20,
      "idInBook": 20,
      "chapterId": 15,
      "bookId": 3,
      "arabic": "أَخْبَرَنَا حُمَيْدُ بْنُ مَسْعَدَةَ، قَالَ حَدَّثَنَا يَزِيدُ، قَالَ أَنْبَأَنَا يَحْيَى بْنُ أَبِي إِسْحَاقَ، عَنْ أَنَسِ بْنِ مَالِكٍ، قَالَ خَرَجْنَا مَعَ رَسُولِ اللَّهِ صلى الله عليه وسلم مِنَ الْمَدِينَةِ إِلَى مَكَّةَ فَكَانَ يُصَلِّي بِنَا رَكْعَتَيْنِ حَتَّى رَجَعْنَا ‏.‏ قُلْتُ هَلْ أَقَامَ بِمَكَّةَ قَالَ نَعَمْ أَقَمْنَا بِهَا عَشْرًا ‏.‏",
      "english": {
        "narrator": "It was narrated from Yahya bin Abi Ishaq that :",
        "text": "Anas bin Malik said: \" We went out with the Messenger of Allah (ﷺ) from Al-Madinah to Makkah and he used to lead us in praying two rak'ahs until we came back.\" I (Yahya) said: \"Did he stay in Makkah?\" He (Anas) said: \"Yes, we stayed there for ten days.\""
      },
      "turkish": {
        "narrator": "It was narrated from Yahya bin Abi Ishaq that :",
        "text": "Yahya bin Abi İshak'tan rivayet edilmiştir ki: Anas bin Malik dedi ki: \"Biz Allah'ın Resulü (ﷺ) ile birlikte Medine'den Mekke'ye çıktık ve o, bize iki rek'at namaz kıldırıyordu, ta ki geri dönene kadar.\" Ben (Yahya) dedim: \"Mekke'de ne kadar kaldı?\" O (Anas) dedi: \"Evet, orada on gün kaldık.\""
      }
    },
    {
      "id": 21,
      "idInBook": 21,
      "chapterId": 15,
      "bookId": 3,
      "arabic": "أَخْبَرَنَا عَبْدُ الرَّحْمَنِ بْنُ الأَسْوَدِ الْبَصْرِيُّ، قَالَ حَدَّثَنَا مُحَمَّدُ بْنُ رَبِيعَةَ، عَنْ عَبْدِ الْحَمِيدِ بْنِ جَعْفَرٍ، عَنْ يَزِيدَ بْنِ أَبِي حَبِيبٍ، عَنْ عِرَاكِ بْنِ مَالِكٍ، عَنْ عُبَيْدِ اللَّهِ بْنِ عَبْدِ اللَّهِ، عَنِ ابْنِ عَبَّاسٍ، أَنَّ رَسُولَ اللَّهِ صلى الله عليه وسلم أَقَامَ بِمَكَّةَ خَمْسَةَ عَشَرَ يُصَلِّي رَكْعَتَيْنِ رَكْعَتَيْنِ ‏.‏",
      "english": {
        "narrator": "It was narrated from Ibn 'Abbas that:",
        "text": "The Messenger of Allah (ﷺ) stayed in Makkah (for fifteen days), praying each prayer with two rak'ahs."
      },
      "turkish": {
        "narrator": "It was narrated from Ibn 'Abbas that:",
        "text": "İbn 'Abbas'tan rivayet edilmiştir ki: Allah'ın Resulü (ﷺ) Mekke'de (on beş gün) kaldı ve her namazı iki rek'at olarak kıldı."
      }
    },
    {
      "id": 22,
      "idInBook": 22,
      "chapterId": 15,
      "bookId": 3,
      "arabic": "أَخْبَرَنَا مُحَمَّدُ بْنُ عَبْدِ الْمَلِكِ بْنِ زَنْجَوَيْهِ، عَنْ عَبْدِ الرَّزَّاقِ، عَنِ ابْنِ جُرَيْجٍ، قَالَ أَخْبَرَنِي إِسْمَاعِيلُ بْنُ مُحَمَّدِ بْنِ سَعْدٍ، أَنَّ حُمَيْدَ بْنَ عَبْدِ الرَّحْمَنِ، أَخْبَرَهُ أَنَّ السَّائِبَ بْنَ يَزِيدَ أَخْبَرَهُ أَنَّهُ، سَمِعَ الْعَلاَءَ بْنَ الْحَضْرَمِيِّ، يَقُولُ قَالَ رَسُولُ اللَّهِ صلى الله عليه وسلم ‏\n\"‏ يَمْكُثُ الْمُهَاجِرُ بَعْدَ قَضَاءِ نُسُكِهِ ثَلاَثًا ‏\"‏ ‏.‏",
      "english": {
        "narrator": "Al-'Ala bin Al-Hadrami said:",
        "text": "\"The Messenger of Allah (ﷺ) said: 'The Muhajir may stay for three days after completing his rituals.'\""
      },
      "turkish": {
        "narrator": "Al-'Ala bin Al-Hadrami said:",
        "text": "Al-'Ala bin Al-Hadrami dedi ki: \"Allah'ın Resulü (ﷺ) şöyle buyurdu: 'Muhacir, ritüellerini tamamladıktan sonra üç gün kalabilir.'\""
      }
    },
    {
      "id": 23,
      "idInBook": 23,
      "chapterId": 15,
      "bookId": 3,
      "arabic": "أَخْبَرَنَا أَبُو عَبْدِ الرَّحْمَنِ، قَالَ الْحَارِثُ بْنُ مِسْكِينٍ قِرَاءَةً عَلَيْهِ وَأَنَا أَسْمَعُ، فِي حَدِيثِهِ عَنْ سُفْيَانَ، عَنْ عَبْدِ الرَّحْمَنِ بْنِ حُمَيْدٍ، عَنِ السَّائِبِ بْنِ يَزِيدَ، عَنِ الْعَلاَءِ بْنِ الْحَضْرَمِيِّ، قَالَ قَالَ النَّبِيُّ صلى الله عليه وسلم ‏\n\"‏ يَمْكُثُ الْمُهَاجِرُ بِمَكَّةَ بَعْدَ نُسُكِهِ ثَلاَثًا ‏\"‏ ‏.‏",
      "english": {
        "narrator": "It was narrated that Al-'Ala bin Al-Hadrami said:",
        "text": "\"The Prophet (ﷺ) said: 'The Muhajir may stay for three days after his rituals.'\""
      },
      "turkish": {
        "narrator": "It was narrated that Al-'Ala bin Al-Hadrami said:",
        "text": "Al-'Ala bin Al-Hadrami'den rivayet edilmiştir ki: \"Peygamber (ﷺ) şöyle buyurdu: 'Muhacir, ritüellerinden sonra üç gün kalabilir.'\""
      }
    },
    {
      "id": 24,
      "idInBook": 24,
      "chapterId": 15,
      "bookId": 3,
      "arabic": "أَخْبَرَنِي أَحْمَدُ بْنُ يَحْيَى الصُّوفِيُّ، قَالَ حَدَّثَنَا أَبُو نُعَيْمٍ، قَالَ حَدَّثَنَا الْعَلاَءُ بْنُ زُهَيْرٍ الأَزْدِيُّ، قَالَ حَدَّثَنَا عَبْدُ الرَّحْمَنِ بْنُ الأَسْوَدِ، عَنْ عَائِشَةَ، أَنَّهَا اعْتَمَرَتْ مَعَ رَسُولِ اللَّهِ صلى الله عليه وسلم مِنَ الْمَدِينَةِ إِلَى مَكَّةَ حَتَّى إِذَا قَدِمَتْ مَكَّةَ قَالَتْ يَا رَسُولَ اللَّهِ بِأَبِي أَنْتَ وَأُمِّي قَصَرْتَ وَأَتْمَمْتُ وَأَفْطَرْتَ وَصُمْتُ ‏.‏ قَالَ ‏\n\"‏ أَحْسَنْتِ يَا عَائِشَةُ ‏\"‏ ‏.‏ وَمَا عَابَ عَلَىَّ ‏.‏",
      "english": {
        "narrator": "It was narrated from 'Aishah that:",
        "text": "She performed Umrah with the Messenger of Allah (ﷺ), traveling from Al-Madinah to Makkah. Then, when she came to Makkah, she said: \"O Messenger of Allah (ﷺ), may my father and mother be ransomed for you, you shortened you prayers and I offered them in full, you did not fast and I fasted. He said: 'Well done, O 'Aishah!' and he did not criticize me.\""
      },
      "turkish": {
        "narrator": "It was narrated from 'Aishah that:",
        "text": "'Aişe'den rivayet edilmiştir ki: \"Ben, Allah'ın Resulü (ﷺ) ile birlikte Umre yaptım, Medine'den Mekke'ye seyahat ettik. Mekke'ye geldiğimde, 'Ey Allah'ın Resulü (ﷺ), babam ve annem sana feda olsun, sen namazlarını kısalttın, ben ise tam kıldım, sen oruç tutmadın, ben oruç tuttum.' dedim. O da: 'Aferin, ey Aişe!' dedi ve beni eleştirmedi.\""
      }
    },
    {
      "id": 25,
      "idInBook": 25,
      "chapterId": 15,
      "bookId": 3,
      "arabic": "أَخْبَرَنِي أَحْمَدُ بْنُ يَحْيَى، قَالَ حَدَّثَنَا أَبُو نُعَيْمٍ، قَالَ حَدَّثَنَا الْعَلاَءُ بْنُ زُهَيْرٍ، قَالَ حَدَّثَنَا وَبَرَةُ بْنُ عَبْدِ الرَّحْمَنِ، قَالَ كَانَ ابْنُ عُمَرَ لاَ يَزِيدُ فِي السَّفَرِ عَلَى رَكْعَتَيْنِ لاَ يُصَلِّي قَبْلَهَا وَلاَ بَعْدَهَا ‏.‏ فَقِيلَ لَهُ مَا هَذَا قَالَ هَكَذَا رَأَيْتُ رَسُولَ اللَّهِ صلى الله عليه وسلم يَصْنَعُ ‏.‏",
      "english": {
        "narrator": "Wabarah bin Abdur-Rahman said:",
        "text": "\"Ibn 'Umar did not offer more than two rak'ahs when traveling, and he did not offer any prayer before or after that. It was said to him: 'What is this?' He said: 'This is what I saw the Messenger of Allah (ﷺ) doing.'\""
      },
      "turkish": {
        "narrator": "Wabarah bin Abdur-Rahman said:",
        "text": "Vabarah bin Abdur-Rahman dedi ki: \"İbn 'Umar, seyahat ederken iki rek'attan fazla namaz kılmadı ve bunun öncesinde veya sonrasında hiç namaz kılmadı. Kendisine: 'Bu nedir?' denildi. O da: 'Bu, ben Allah'ın Resulü (ﷺ) böyle yaparken gördüm.' dedi.\""
      }
    },
    {
      "id": 26,
      "idInBook": 26,
      "chapterId": 15,
      "bookId": 3,
      "arabic": "أَخْبَرَنِي نُوحُ بْنُ حَبِيبٍ، قَالَ حَدَّثَنَا يَحْيَى بْنُ سَعِيدٍ، قَالَ حَدَّثَنَا عِيسَى بْنُ حَفْصِ بْنِ عَاصِمٍ، قَالَ حَدَّثَنِي أَبِي قَالَ، كُنْتُ مَعَ ابْنِ عُمَرَ فِي سَفَرٍ فَصَلَّى الظُّهْرَ وَالْعَصْرَ رَكْعَتَيْنِ ثُمَّ انْصَرَفَ إِلَى طِنْفِسَةٍ لَهُ فَرَأَى قَوْمًا يُسَبِّحُونَ قَالَ مَا يَصْنَعُ هَؤُلاَءِ قُلْتُ يُسَبِّحُونَ ‏.‏ قَالَ لَوْ كُنْتُ مُصَلِّيًا قَبْلَهَا أَوْ بَعْدَهَا لأَتْمَمْتُهَا صَحِبْتُ رَسُولَ اللَّهِ صلى الله عليه وسلم فَكَانَ لاَ يَزِيدُ فِي السَّفَرِ عَلَى الرَّكْعَتَيْنِ وَأَبَا بَكْرٍ حَتَّى قُبِضَ وَعُمَرَ وَعُثْمَانَ - رضى الله عنهم - كَذَلِكَ ‏.‏",
      "english": {
        "narrator": "'Eisa bin Hafs bin 'Asim said:",
        "text": "\"My father told me: 'I was with Ibn Umar on a journey, and he prayed Zuhr and 'Asr with two rak'ahs each, then he went and sat on his carpet. He saw some people offering voluntary prayers and said: What are these people doing? I said: They are offering voluntary prayers. He said: If I had wanted to pray before and after (the obligatory prayer) I would have offered it in full. I accompanied the Messenger of Allah (ﷺ) and he did not pray more than two rak'ahs when traveling, and Abu Bakr (did likewise) until he died, as did 'Umar and 'Uthman, may Allah (SWT) be pleased with them all.\""
      },
      "turkish": {
        "narrator": "'Eisa bin Hafs bin 'Asim said:",
        "text": "'Eisa bin Hafs bin 'Asim dedi ki: \"Babam bana şöyle söyledi: 'Ben İbn 'Umar ile bir yolculukta idim, o da öğle ve ikindi namazlarını her biri iki rek'at olarak kıldı, sonra gidip halısının üzerine oturdu. Bazı insanların nafile namaz kıldığını gördü ve: 'Bu insanlar ne yapıyor?' dedi. Ben de: 'Onlar nafile namaz kılıyorlar.' dedim. O da: 'Eğer ben farz namazdan önce ve sonra (nafile) kılmak isteseydim, tam kılardım. Ben Allah'ın Resulü (ﷺ) ile birlikteydim ve o, seyahat ederken iki rek'attan fazla namaz kılmadı, Abu Bekir (aynı şekilde) vefat edene kadar, Umar ve Uthman da öyle yaptı, Allah (SWT) hepsinden razı olsun.' dedi.\""
      }
    }
  ],
  "chapter": {
    "id": 15,
    "bookId": 3,
    "arabic": "كتاب تقصير الصلاة فى السفر",
    "english": "The Book of Shortening the Prayer When Traveling"
  }
}