{
  "metadata": {
    "length": 25,
    "arabic": {
      "title": "سنن النسائي",
      "author": "الإمام أبو عبد الرحمن أحمد بن شعيب النسائي",
      "introduction": "كتاب الاستسقاء"
    },
    "english": {
      "title": "Sunan al-Nasa'i",
      "author": "Imam Ahmad ibn Shu'ayb al-Nasa'i",
      "introduction": "The Book of Praying for Rain (Al-Istisqa')"
    }
  },
  "hadiths": [
    {
      "id": 1,
      "idInBook": 1,
      "chapterId": 17,
      "bookId": 3,
      "arabic": "أَخْبَرَنَا قُتَيْبَةُ بْنُ سَعِيدٍ، عَنْ مَالِكٍ، عَنْ شَرِيكِ بْنِ عَبْدِ اللَّهِ بْنِ أَبِي نَمِرٍ، عَنْ أَنَسِ بْنِ مَالِكٍ، قَالَ جَاءَ رَجُلٌ إِلَى رَسُولِ اللَّهِ صلى الله عليه وسلم فَقَالَ يَا رَسُولَ اللَّهِ هَلَكَتِ الْمَوَاشِي وَانْقَطَعَتِ السُّبُلُ فَادْعُ اللَّهَ عَزَّ وَجَلَّ ‏.‏ فَدَعَا رَسُولُ اللَّهِ صلى الله عليه وسلم فَمُطِرْنَا مِنَ الْجُمُعَةِ إِلَى الْجُمُعَةِ فَجَاءَ رَجُلٌ إِلَى رَسُولِ اللَّهِ صلى الله عليه وسلم فَقَالَ يَا رَسُولَ اللَّهِ تَهَدَّمَتِ الْبُيُوتُ وَانْقَطَعَتِ السُّبُلُ وَهَلَكَتِ الْمَوَاشِي ‏.‏ فَقَالَ ‏\n\"‏ اللَّهُمَّ عَلَى رُءُوسِ الْجِبَالِ وَالآكَامِ وَبُطُونِ الأَوْدِيَةِ وَمَنَابِتِ الشَّجَرِ ‏\"‏ ‏.‏ فَانْجَابَتْ عَنِ الْمَدِينَةِ انْجِيَابَ الثَّوْبِ ‏.‏",
      "english": {
        "narrator": "It was narrated that Anas bin Malik said:",
        "text": "\"A man came to the Messenger of Allah (ﷺ) and said: 'O Messenger of Allah, the livestock have died and the routes have been cut off; pray to Allah (SWT), the Mighty and Sublime.' So the Messenger of Allah (ﷺ) prayed to Allah (SWT) and it rained from that Friday until the next. Then a man came to the Messenger of Allah (ﷺ) and said: 'The houses have been destroyed, the routes have been cut off and the livestock have died.' He said: 'O Allah, on the tops of the mountains and hills, in the bottom of the valleys and where the trees grow.' So (the rain) was lifted from Al-Madinah like a garment being removed.\""
      },
      "turkish": {
        "narrator": "It was narrated that Anas bin Malik said:",
        "text": "Anas bin Malik'ten rivayet edilmiştir: \"Bir adam Allah'ın Resulü'ne (ﷺ) geldi ve dedi ki: 'Ey Allah'ın Resulü, hayvanlar öldü ve yollar kesildi; Allah'a (SWT), Azametli ve Yüce olan'a dua et.' Bunun üzerine Allah'ın Resulü (ﷺ) Allah'a (SWT) dua etti ve o Cuma'dan sonraki Cuma'ya kadar yağmur yağdı. Sonra bir adam Allah'ın Resulü'ne (ﷺ) geldi ve dedi ki: 'Evler yıkıldı, yollar kesildi ve hayvanlar öldü.' O da dedi ki: 'Ey Allah, dağların ve tepelerin zirvelerinde, vadilerin dibinde ve ağaçların büyüdüğü yerlerde.' Böylece (yağmur) Medine'den bir elbise gibi kaldırıldı.\""
      }
    },
    {
      "id": 2,
      "idInBook": 2,
      "chapterId": 17,
      "bookId": 3,
      "arabic": "أَخْبَرَنِي مُحَمَّدُ بْنُ مَنْصُورٍ، قَالَ حَدَّثَنَا سُفْيَانُ، قَالَ حَدَّثَنَا الْمَسْعُودِيُّ، عَنْ أَبِي بَكْرِ بْنِ عَمْرِو بْنِ حَزْمٍ، عَنْ عَبَّادِ بْنِ تَمِيمٍ، - قَالَ سُفْيَانُ فَسَأَلْتُ عَبْدَ اللَّهِ بْنَ أَبِي بَكْرٍ فَقَالَ سَمِعْتُهُ مِنْ، عَبَّادِ بْنِ تَمِيمٍ يُحَدِّثُ أَبِي - أَنَّ عَبْدَ اللَّهِ بْنَ زَيْدٍ الَّذِي، أُرِيَ النِّدَاءَ قَالَ إِنَّ رَسُولَ اللَّهِ صلى الله عليه وسلم خَرَجَ إِلَى الْمُصَلَّى يَسْتَسْقِي فَاسْتَقْبَلَ الْقِبْلَةَ وَقَلَبَ رِدَاءَهُ وَصَلَّى رَكْعَتَيْنِ ‏.‏ قَالَ أَبُو عَبْدِ الرَّحْمَنِ هَذَا غَلَطٌ مِنِ ابْنِ عُيَيْنَةَ وَعَبْدُ اللَّهِ بْنُ زَيْدٍ الَّذِي أُرِيَ النِّدَاءَ هُوَ عَبْدُ اللَّهِ بْنُ زَيْدِ بْنِ عَبْدِ رَبِّهِ وَهَذَا عَبْدُ اللَّهِ بْنُ زَيْدِ بْنِ عَاصِمٍ ‏.‏",
      "english": {
        "narrator": "It was narrated from 'Abbad bin Tamim:",
        "text": "\"Sufyan said: 'I asked 'Abdullah bin Abi Bakr who said: I heard it from Abbad bin Tamim who narrated it from his father, that 'Abdullah bin Zaid, who was shown the call to prayer (in a dream) said: 'The Messenger of Allah (ﷺ) went out to the prayer place to pray for rain. He faced the kiblah and turned his cloak around and prayed two rak'ahs.'\""
      },
      "turkish": {
        "narrator": "It was narrated from 'Abbad bin Tamim:",
        "text": "'Abbad bin Tamim'den rivayet edilmiştir: \"Süfyân dedi ki: 'Ben 'Abdullah bin Abi Bekir'e sordum, o da dedi ki: 'Ben bunu Abbad bin Tamim'den duydum, o da babasından, 'Abdullah bin Zaid, kendisine (bir rüyada) ezan gösterilen kişi, dedi ki: 'Allah'ın Resulü (ﷺ) yağmur için dua etmek üzere namaz yerine çıktı. Kıbleye yöneldi ve hırkasını çevirdi ve iki rek'at namaz kıldı.'\""
      }
    },
    {
      "id": 3,
      "idInBook": 3,
      "chapterId": 17,
      "bookId": 3,
      "arabic": "أَخْبَرَنَا إِسْحَاقُ بْنُ مَنْصُورٍ، وَمُحَمَّدُ بْنُ الْمُثَنَّى، عَنْ عَبْدِ الرَّحْمَنِ، عَنْ سُفْيَانَ، عَنْ هِشَامِ بْنِ إِسْحَاقَ بْنِ عَبْدِ اللَّهِ بْنِ كِنَانَةَ، عَنْ أَبِيهِ، قَالَ أَرْسَلَنِي فُلاَنٌ إِلَى ابْنِ عَبَّاسٍ أَسْأَلُهُ عَنْ صَلاَةِ، رَسُولِ اللَّهِ صلى الله عليه وسلم فِي الاِسْتِسْقَاءِ فَقَالَ خَرَجَ رَسُولُ اللَّهِ صلى الله عليه وسلم مُتَضَرِّعًا مُتَوَاضِعًا مُتَبَذِّلاً فَلَمْ يَخْطُبْ نَحْوَ خُطْبَتِكُمْ هَذِهِ فَصَلَّى رَكْعَتَيْنِ ‏.‏",
      "english": {
        "narrator": "It was narrated from Hisham bin Ishaq bin Abdullah bin Kinanah that :",
        "text": "His father said: \"So and so sent me to ask him how the Messenger of Allah (ﷺ) prayed for rain (Istisqa').\" He said: 'The Messenger of Allah (ﷺ) went out beseeching and humble, (dressed) in a state of humility. He did not give a Khutbah like this Khutbah of yours, and he prayed two rak'ahs.'\""
      },
      "turkish": {
        "narrator": "It was narrated from Hisham bin Ishaq bin Abdullah bin Kinanah that :",
        "text": "Hişam bin İshak bin Abdullah bin Kinanah'tan rivayet edilmiştir: Babası dedi ki: \"Filan kişi beni, Allah'ın Resulü'nün (ﷺ) yağmur için nasıl dua ettiğini sormak üzere gönderdi.\" O da dedi ki: 'Allah'ın Resulü (ﷺ) yalvararak ve alçakgönüllü bir halde dışarı çıktı. Bu sizin hutbeniz gibi bir hutbe vermedi ve iki rek'at namaz kıldı.'\""
      }
    },
    {
      "id": 4,
      "idInBook": 4,
      "chapterId": 17,
      "bookId": 3,
      "arabic": "أَخْبَرَنَا قُتَيْبَةُ، قَالَ حَدَّثَنَا عَبْدُ الْعَزِيزِ، عَنْ عُمَارَةَ بْنِ غَزِيَّةَ، عَنْ عَبَّادِ بْنِ تَمِيمٍ، عَنْ عَبْدِ اللَّهِ بْنِ زَيْدٍ، أَنَّ رَسُولَ اللَّهِ صلى الله عليه وسلم اسْتَسْقَى وَعَلَيْهِ خَمِيصَةٌ سَوْدَاءُ ‏.‏",
      "english": {
        "narrator": "It was narrated from Abdullah bin Zaid that:",
        "text": "The Messenger of Allah (ﷺ) prayed for rain wearing a black khamisah."
      },
      "turkish": {
        "narrator": "It was narrated from Abdullah bin Zaid that:",
        "text": "Abdullah bin Zaid'den rivayet edilmiştir: \"Allah'ın Resulü (ﷺ) yağmur için dua ederken siyah bir hırka giyiyordu.\""
      }
    },
    {
      "id": 5,
      "idInBook": 5,
      "chapterId": 17,
      "bookId": 3,
      "arabic": "أَخْبَرَنَا مُحَمَّدُ بْنُ عُبَيْدِ بْنِ مُحَمَّدٍ، قَالَ حَدَّثَنَا حَاتِمُ بْنُ إِسْمَاعِيلَ، عَنْ هِشَامِ بْنِ إِسْحَاقَ بْنِ عَبْدِ اللَّهِ بْنِ كِنَانَةَ، عَنْ أَبِيهِ، قَالَ سَأَلْتُ ابْنَ عَبَّاسٍ عَنْ صَلاَةِ، رَسُولِ اللَّهِ صلى الله عليه وسلم فِي الاِسْتِسْقَاءِ فَقَالَ خَرَجَ رَسُولُ اللَّهِ صلى الله عليه وسلم مُتَبَذِّلاً مُتَوَاضِعًا مُتَضَرِّعًا فَجَلَسَ عَلَى الْمِنْبَرِ فَلَمْ يَخْطُبْ خُطْبَتَكُمْ هَذِهِ وَلَكِنْ لَمْ يَزَلْ فِي الدُّعَاءِ وَالتَّضَرُّعِ وَالتَّكْبِيرِ وَصَلَّى رَكْعَتَيْنِ كَمَا كَانَ يُصَلِّي فِي الْعِيدَيْنِ ‏.‏",
      "english": {
        "narrator": "It was narrated from Hisham binIshaq bin Abdullah bin Kinanah that:",
        "text": "His father said: \"I asked Ibn 'Abbas how the Messenger of Allah (ﷺ) prayed for rain. He said: 'The Messenger of Allah (ﷺ) went out (dressed) in a state of humility, beseeching and humble. He sat on the minbar but he did not deliver a Khutbah like this Khutbah of yours, rather he kept supplicating, beseeching and saying the takbir, and he prayed two rak'ahs as he used to do during the two 'Eids.'\""
      },
      "turkish": {
        "narrator": "It was narrated from Hisham binIshaq bin Abdullah bin Kinanah that:",
        "text": "Hişam bin İshak bin Abdullah bin Kinanah'tan rivayet edilmiştir: Babası dedi ki: \"Ben İbn Abbas'a Allah'ın Resulü'nün (ﷺ) yağmur için nasıl dua ettiğini sordum. O da dedi ki: 'Allah'ın Resulü (ﷺ) alçakgönüllü bir halde, yalvararak dışarı çıktı. Minberde oturdu ama bu sizin hutbeniz gibi bir hutbe vermedi, aksine sürekli dua etti, yalvardı ve tekbir getirdi, iki rek'at namaz kıldı, bayramlarda yaptığı gibi.'\""
      }
    },
    {
      "id": 6,
      "idInBook": 6,
      "chapterId": 17,
      "bookId": 3,
      "arabic": "أَخْبَرَنِي عَمْرُو بْنُ عُثْمَانَ، قَالَ حَدَّثَنَا الْوَلِيدُ، عَنِ ابْنِ أَبِي ذِئْبٍ، عَنِ الزُّهْرِيِّ، عَنْ عَبَّادِ بْنِ تَمِيمٍ، أَنَّ عَمَّهُ، حَدَّثَهُ أَنَّهُ، خَرَجَ مَعَ رَسُولِ اللَّهِ صلى الله عليه وسلم يَسْتَسْقِي فَحَوَّلَ رِدَاءَهُ وَحَوَّلَ لِلنَّاسِ ظَهْرَهُ وَدَعَا ثُمَّ صَلَّى رَكْعَتَيْنِ فَقَرَأَ فَجَهَرَ ‏.‏",
      "english": {
        "narrator": "It was narrated from Abbad bin Tamim that :",
        "text": "His paternal uncle had told him that he went out with the Messenger of Allah (ﷺ) to pray for rain. He turned his rida' around, and turned his back to the people, then he prayed two rak'ahs and recited loudly."
      },
      "turkish": {
        "narrator": "It was narrated from Abbad bin Tamim that :",
        "text": "Abbad bin Tamim'den rivayet edilmiştir: \"Amcası ona, Allah'ın Resulü (ﷺ) ile yağmur için dua etmek üzere dışarı çıktığını söyledi. Hırkasını çevirdi ve insanlara sırtını döndü, sonra iki rek'at namaz kıldı ve yüksek sesle okudu.\""
      }
    },
    {
      "id": 7,
      "idInBook": 7,
      "chapterId": 17,
      "bookId": 3,
      "arabic": "أَخْبَرَنَا قُتَيْبَةُ، عَنْ سُفْيَانَ، عَنْ عَبْدِ اللَّهِ بْنِ أَبِي بَكْرٍ، عَنْ عَبَّادِ بْنِ تَمِيمٍ، عَنْ عَمِّهِ، أَنَّ النَّبِيَّ صلى الله عليه وسلم اسْتَسْقَى وَصَلَّى رَكْعَتَيْنِ وَقَلَبَ رِدَاءَهُ ‏.‏",
      "english": {
        "narrator": "It was narrated from 'Abbad bin Tamim, from his paternal uncle that:",
        "text": "The Prophet (ﷺ) prayed for rain, and prayed two rak'ahs, and turned his rida' around."
      },
      "turkish": {
        "narrator": "It was narrated from 'Abbad bin Tamim, from his paternal uncle that:",
        "text": "Abbad bin Tamim'den, amcasından rivayet edilmiştir: \"Peygamber (ﷺ) yağmur için dua etti, iki rek'at namaz kıldı ve hırkasını çevirdi.\""
      }
    },
    {
      "id": 8,
      "idInBook": 8,
      "chapterId": 17,
      "bookId": 3,
      "arabic": "أَخْبَرَنَا قُتَيْبَةُ، عَنْ مَالِكٍ، عَنْ عَبْدِ اللَّهِ بْنِ أَبِي بَكْرٍ، أَنَّهُ سَمِعَ عَبَّادَ بْنَ تَمِيمٍ، يَقُولُ سَمِعْتُ عَبْدَ اللَّهِ بْنَ زَيْدٍ، يَقُولُ خَرَجَ رَسُولُ اللَّهِ صلى الله عليه وسلم فَاسْتَسْقَى وَحَوَّلَ رِدَاءَهُ حِينَ اسْتَقْبَلَ الْقِبْلَةَ ‏.‏",
      "english": {
        "narrator": "It was narrated from Abdullah bin Abi Bakr that:",
        "text": "He heard Abbad bin Tamim said: \"The Messenger of Allah (ﷺ) went out and prayed for rain, and he turned his rida' around when he turned to the Qiblah.\""
      },
      "turkish": {
        "narrator": "It was narrated from Abdullah bin Abi Bakr that:",
        "text": "Abdullah bin Abi Bekir'den rivayet edilmiştir: \"Abbad bin Tamim'in dediğini duydum: 'Allah'ın Resulü (ﷺ) dışarı çıktı ve yağmur için dua etti, kıbleye dönerken hırkasını çevirdi.'\""
      }
    },
    {
      "id": 9,
      "idInBook": 9,
      "chapterId": 17,
      "bookId": 3,
      "arabic": "أَخْبَرَنَا هِشَامُ بْنُ عَبْدِ الْمَلِكِ أَبُو تَقِيٍّ الْحِمْصِيُّ، قَالَ حَدَّثَنَا بَقِيَّةُ، عَنْ شُعَيْبٍ، عَنِ الزُّهْرِيِّ، عَنْ عَبَّادِ بْنِ تَمِيمٍ، عَنْ عَمِّهِ، أَنَّهُ رَأَى رَسُولَ اللَّهِ صلى الله عليه وسلم فِي الاِسْتِسْقَاءِ اسْتَقْبَلَ الْقِبْلَةَ وَقَلَبَ الرِّدَاءَ وَرَفَعَ يَدَيْهِ ‏.‏",
      "english": {
        "narrator": "It was narrated from 'Abbad bin Tamim, from his paternal uncle, that:",
        "text": "He saw the Messenger of Allah (ﷺ), when he prayed for rain, turn to face the Qiblah, turning his cloak around and raising his hands."
      },
      "turkish": {
        "narrator": "It was narrated from 'Abbad bin Tamim, from his paternal uncle, that:",
        "text": "Abbad bin Tamim'den, amcasından rivayet edilmiştir: \"Yağmur için dua ederken Allah'ın Resulü (ﷺ) kıbleye döndü, hırkasını çevirdi ve ellerini kaldırdı.\""
      }
    },
    {
      "id": 10,
      "idInBook": 10,
      "chapterId": 17,
      "bookId": 3,
      "arabic": "أَخْبَرَنِي شُعَيْبُ بْنُ يُوسُفَ، عَنْ يَحْيَى بْنِ سَعِيدٍ الْقَطَّانِ، عَنْ سَعِيدٍ، عَنْ قَتَادَةَ، عَنْ أَنَسٍ، قَالَ كَانَ رَسُولُ اللَّهِ صلى الله عليه وسلم لاَ يَرْفَعُ يَدَيْهِ فِي شَىْءٍ مِنَ الدُّعَاءِ إِلاَّ فِي الاِسْتِسْقَاءِ فَإِنَّهُ كَانَ يَرْفَعُ يَدَيْهِ حَتَّى يُرَى بَيَاضُ إِبْطَيْهِ ‏.‏",
      "english": {
        "narrator": "It was narrated that Anas said:",
        "text": "\"The Messenger of Allah (ﷺ) did not raise his hands during any supplication except when praying for rain, when he used to raise his hands so high that the whiteness of his armpits could be seen.\""
      },
      "turkish": {
        "narrator": "It was narrated that Anas said:",
        "text": "Anas'tan rivayet edilmiştir: \"Allah'ın Resulü (ﷺ) hiçbir dua sırasında ellerini kaldırmadı, yalnızca yağmur için dua ederken ellerini o kadar yükseğe kaldırırdı ki, koltuk altlarının beyazlığı görünürdü.\""
      }
    },
    {
      "id": 11,
      "idInBook": 11,
      "chapterId": 17,
      "bookId": 3,
      "arabic": "أَخْبَرَنَا قُتَيْبَةُ، قَالَ حَدَّثَنَا اللَّيْثُ، عَنْ خَالِدِ بْنِ يَزِيدَ، عَنْ سَعِيدِ بْنِ أَبِي هِلاَلٍ، عَنْ يَزِيدَ بْنِ عَبْدِ اللَّهِ، عَنْ عُمَيْرٍ، مَوْلَى آبِي اللَّحْمِ عَنْ آبِي اللَّحْمِ، أَنَّهُ رَأَى رَسُولَ اللَّهِ صلى الله عليه وسلم عِنْدَ أَحْجَارِ الزَّيْتِ يَسْتَسْقِي وَهُوَ مُقْنِعٌ بِكَفَّيْهِ يَدْعُو ‏.‏",
      "english": {
        "narrator": "It was narrated from Abi Al-Lahm that:",
        "text": "He saw the Messenger of Allah at Ahjar Az-Zait praying for rain and raising his hands, making supplications."
      },
      "turkish": {
        "narrator": "It was narrated from Abi Al-Lahm that:",
        "text": "Ebu'l-Lahm'dan rivayet edilmiştir: \"Yağmur için dua ederken Allah'ın Resulü'nü Ahjar Az-Zait'te gördüm, ellerini kaldırarak dua ediyordu.\""
      }
    },
    {
      "id": 12,
      "idInBook": 12,
      "chapterId": 17,
      "bookId": 3,
      "arabic": "أَخْبَرَنَا عِيسَى بْنُ حَمَّادٍ، قَالَ حَدَّثَنَا اللَّيْثُ، عَنْ سَعِيدٍ، - وَهُوَ الْمَقْبُرِيُّ - عَنْ شَرِيكِ بْنِ عَبْدِ اللَّهِ بْنِ أَبِي نَمِرٍ، عَنْ أَنَسِ بْنِ مَالِكٍ، أَنَّهُ سَمِعَهُ يَقُولُ بَيْنَا نَحْنُ فِي الْمَسْجِدِ يَوْمَ الْجُمُعَةِ وَرَسُولُ اللَّهِ صلى الله عليه وسلم يَخْطُبُ النَّاسَ فَقَامَ رَجُلٌ فَقَالَ يَا رَسُولَ اللَّهِ تَقَطَّعَتِ السُّبُلُ وَهَلَكَتِ الأَمْوَالُ وَأَجْدَبَ الْبِلاَدُ فَادْعُ اللَّهَ أَنْ يَسْقِيَنَا ‏.‏ فَرَفَعَ رَسُولُ اللَّهِ صلى الله عليه وسلم يَدَيْهِ حِذَاءَ وَجْهِهِ فَقَالَ ‏\"‏ اللَّهُمَّ اسْقِنَا ‏\"‏ ‏.‏ فَوَاللَّهِ مَا نَزَلَ رَسُولُ اللَّهِ صلى الله عليه وسلم عَنِ الْمِنْبَرِ حَتَّى أُوسِعْنَا مَطَرًا وَأُمْطِرْنَا ذَلِكَ الْيَوْمَ إِلَى الْجُمُعَةِ الأُخْرَى فَقَامَ رَجُلٌ - لاَ أَدْرِي هُوَ الَّذِي قَالَ لِرَسُولِ اللَّهِ صلى الله عليه وسلم اسْتَسْقِ لَنَا أَمْ لاَ - فَقَالَ يَا رَسُولَ اللَّهِ انْقَطَعَتِ السُّبُلُ وَهَلَكَتِ الأَمْوَالُ مِنْ كَثْرَةِ الْمَاءِ فَادْعُ اللَّهَ أَنْ يُمْسِكَ عَنَّا الْمَاءَ ‏.‏ فَقَالَ رَسُولُ اللَّهِ صلى الله عليه وسلم ‏\"‏ اللَّهُمَّ حَوَالَيْنَا وَلاَ عَلَيْنَا وَلَكِنْ عَلَى الْجِبَالِ وَمَنَابِتِ الشَّجَرِ ‏\"‏ ‏.‏ قَالَ وَاللَّهِ مَا هُوَ إِلاَّ أَنْ تَكَلَّمَ رَسُولُ اللَّهِ صلى الله عليه وسلم بِذَلِكَ تَمَزَّقَ السَّحَابُ حَتَّى مَا نَرَى مِنْهُ شَيْئًا ‏.‏",
      "english": {
        "narrator": "It was narrated from Anas bin Malik that he said:",
        "text": "\"While we were in the masjid on Friday and the Messenger of Allah (ﷺ) was addressing the people,  a man stood up and said: 'O Messenger of Allah, the routes have been cut off, our wealth has been destroyed and prices have gone up. Pray to Allah (SWT) to give us rain.' So the Messenger of Allah (ﷺ) raised his hands in level with his face and said: 'O Allah, give us rain.' By Allah (SWT), the Messenger of Allah (ﷺ) had not come down from the minbar before it started to pour with rain, and it rained from that day until the following Friday. Then a man stood up- I do not know if he was the same man who had asked the Messenger of Allah (ﷺ) to pray for rain for us or not- and said: 'O Messenger of Allah, the routes have been cut off, and our wealth has been destroyed because there is too much water. Pray to Allah (SWT ) to stop the rain for us.' The Messenger of Allah (ﷺ) said: 'O Allah, around us and not on us, rather on the mountains and places where trees grow.' By Allah, hardly had the Messenger of Allah (ﷺ) spoken these words than the clouds split apart (and vanished) until we could not see anything of them.'\""
      },
      "turkish": {
        "narrator": "It was narrated from Anas bin Malik that he said:",
        "text": "Anas bin Malik'ten rivayet edilmiştir: \"Cuma günü mescitteyken, Allah'ın Resulü (ﷺ) insanlara hitap ediyordu, bir adam ayağa kalktı ve dedi ki: 'Ey Allah'ın Resulü, yollar kesildi, malımız yok oldu ve fiyatlar yükseldi. Allah'a (SWT) dua et, bize yağmur versin.' Bunun üzerine Allah'ın Resulü (ﷺ) ellerini yüz hizasına kaldırdı ve dedi ki: 'Ey Allah, bize yağmur ver.' Vallahi, Allah'ın Resulü (ﷺ) minberden inmeden önce yağmur yağmaya başladı, o günden sonraki Cuma'ya kadar yağmur yağdı. Sonra bir adam ayağa kalktı - onun Allah'ın Resulü'nden (ﷺ) yağmur istemiş olan aynı adam olup olmadığını bilmiyorum - ve dedi ki: 'Ey Allah'ın Resulü, yollar kesildi ve malımız yok oldu çünkü çok fazla su var. Allah'a (SWT) dua et, yağmuru durdursun.' Allah'ın Resulü (ﷺ) dedi ki: 'Ey Allah, etrafımızda ve üzerimizde değil, dağlarda ve ağaçların büyüdüğü yerlerde.' Vallahi, Allah'ın Resulü (ﷺ) bu sözleri söyledikten hemen sonra bulutlar parçalandı (ve kayboldu) ta ki onlardan hiçbir şey göremez hale geldik.\""
      }
    },
    {
      "id": 13,
      "idInBook": 13,
      "chapterId": 17,
      "bookId": 3,
      "arabic": "أَخْبَرَنَا مُحَمَّدُ بْنُ بَشَّارٍ، قَالَ حَدَّثَنِي أَبُو هِشَامٍ الْمُغِيرَةُ بْنُ سَلَمَةَ، قَالَ حَدَّثَنِي وُهَيْبٌ، قَالَ حَدَّثَنَا يَحْيَى بْنُ سَعِيدٍ، عَنْ أَنَسِ بْنِ مَالِكٍ، أَنَّ النَّبِيَّ صلى الله عليه وسلم قَالَ ‏\n\"‏ اللَّهُمَّ اسْقِنَا ‏\"‏ ‏.‏",
      "english": {
        "narrator": "It was narrated from Anas bin Malik that:",
        "text": "The Prophet (ﷺ) said: \"Allahumma sqina (O Allah, give us rain).\""
      },
      "turkish": {
        "narrator": "It was narrated from Anas bin Malik that:",
        "text": "Anas bin Malik'ten rivayet edilmiştir: \"Peygamber (ﷺ) dedi ki: 'Allahumma sqina (Ey Allah, bize yağmur ver).'\""
      }
    },
    {
      "id": 14,
      "idInBook": 14,
      "chapterId": 17,
      "bookId": 3,
      "arabic": "أَخْبَرَنَا مُحَمَّدُ بْنُ عَبْدِ الأَعْلَى، قَالَ حَدَّثَنَا الْمُعْتَمِرُ، قَالَ سَمِعْتُ عُبَيْدَ اللَّهِ بْنَ عُمَرَ، - وَهُوَ الْعُمَرِيُّ - عَنْ ثَابِتٍ، عَنْ أَنَسٍ، قَالَ كَانَ النَّبِيُّ صلى الله عليه وسلم يَخْطُبُ يَوْمَ الْجُمُعَةِ فَقَامَ إِلَيْهِ النَّاسُ فَصَاحُوا فَقَالُوا يَا نَبِيَّ اللَّهِ قُحِطَتِ الْمَطَرُ وَهَلَكَتِ الْبَهَائِمُ فَادْعُ اللَّهَ أَنْ يَسْقِيَنَا ‏.‏ قَالَ ‏\"‏ اللَّهُمَّ اسْقِنَا اللَّهُمَّ اسْقِنَا ‏\"‏ ‏.‏ قَالَ وَايْمُ اللَّهِ مَا نَرَى فِي السَّمَاءِ قَزَعَةً مِنْ سَحَابٍ - قَالَ - فَأَنْشَأَتْ سَحَابَةٌ فَانْتَشَرَتْ ثُمَّ إِنَّهَا أُمْطِرَتْ وَنَزَلَ رَسُولُ اللَّهِ صلى الله عليه وسلم فَصَلَّى وَانْصَرَفَ النَّاسُ فَلَمْ تَزَلْ تَمْطُرُ إِلَى يَوْمِ الْجُمُعَةِ الأُخْرَى فَلَمَّا قَامَ رَسُولُ اللَّهِ صلى الله عليه وسلم يَخْطُبُ صَاحُوا إِلَيْهِ فَقَالُوا يَا نَبِيَّ اللَّهِ تَهَدَّمَتِ الْبُيُوتُ وَتَقَطَّعَتِ السُّبُلُ فَادْعُ اللَّهَ أَنْ يَحْبِسَهَا عَنَّا ‏.‏ فَتَبَسَّمَ رَسُولُ اللَّهِ صلى الله عليه وسلم وَقَالَ ‏\"‏ اللَّهُمَّ حَوَالَيْنَا وَلاَ عَلَيْنَا ‏\"‏ ‏.‏ فَتَقَشَّعَتْ عَنِ الْمَدِينَةِ فَجَعَلَتْ تَمْطُرُ حَوْلَهَا وَمَا تَمْطُرُ بِالْمَدِينَةِ قَطْرَةً فَنَظَرْتُ إِلَى الْمَدِينَةِ وَإِنَّهَا لَفِي مِثْلِ الإِكْلِيلِ ‏.‏",
      "english": {
        "narrator": "It was narrated from Thabit that Anas said:",
        "text": "\"The Prophet (ﷺ) was delivering the Khutbah one Friday when the people stood up and shouted: 'O Prophet of Allah! There has been no rain and the animals have died. Pray to Allah (SWT) to send us rain.' He said: 'O Allah, send us rain; O Allah, send us rain.' By Allah (SWT), we could not see even a wisp of a cloud in the sky, then a cloud appeared and grew, and it rained. The Messenger of Allah (ﷺ) came down and prayed, and the people departed, and it continued to rain until the following Friday. When the Messenger of Allah (ﷺ) stood up to deliver the Khutbah, they called out to him and said: 'O Prophet of Allah, the houses are destroyed and the routes are cut off. Pray to Allah to take it away from us.' The Messenger of Allah (ﷺ) smiled and said: 'O Allah, around us and not on us!' Then is dispersed from Al-Madinah and rain fell around Al-Madinah but not a single drop fell on Al-Madinah. I looked, and it was in something like a ring.\""
      },
      "turkish": {
        "narrator": "It was narrated from Thabit that Anas said:",
        "text": "Thabit'ten rivayet edilmiştir ki Anas dedi: \"Peygamber (ﷺ) bir Cuma günü hutbe verirken, insanlar ayağa kalkıp bağırdılar: 'Ey Allah'ın Peygamberi! Yağmur yok ve hayvanlar öldü. Allah'a (SWT) dua et, bize yağmur göndersin.' O da dedi: 'Ey Allah, bize yağmur gönder; ey Allah, bize yağmur gönder.' Vallahi, gökyüzünde en ufak bir bulut bile göremiyorduk, sonra bir bulut belirdi ve büyüdü, yağmur yağmaya başladı. Allah'ın Resulü (ﷺ) indi ve dua etti, insanlar dağıldı ve yağmur yağmaya devam etti, sonraki Cuma'ya kadar sürdü. Allah'ın Resulü (ﷺ) hutbe vermek üzere ayağa kalktığında, ona seslendiler ve dediler ki: 'Ey Allah'ın Peygamberi, evler yıkıldı ve yollar kesildi. Allah'a dua et, bunu bizden alsın.' Allah'ın Resulü (ﷺ) gülümsedi ve dedi: 'Ey Allah, etrafımızda ve üzerimizde değil!' Sonra Medine'den dağıldı ve yağmur Medine'nin etrafına düştü ama Medine'ye tek bir damla bile düşmedi. Ben baktım, sanki bir halka gibiydi.\""
      }
    },
    {
      "id": 15,
      "idInBook": 15,
      "chapterId": 17,
      "bookId": 3,
      "arabic": "أَخْبَرَنَا عَلِيُّ بْنُ حُجْرٍ، قَالَ حَدَّثَنَا إِسْمَاعِيلُ بْنُ جَعْفَرٍ، قَالَ حَدَّثَنَا شَرِيكُ بْنُ عَبْدِ اللَّهِ، عَنْ أَنَسِ بْنِ مَالِكٍ، أَنَّ رَجُلاً، دَخَلَ الْمَسْجِدَ وَرَسُولُ اللَّهِ صلى الله عليه وسلم قَائِمٌ يَخْطُبُ فَاسْتَقْبَلَ رَسُولَ اللَّهِ صلى الله عليه وسلم قَائِمًا وَقَالَ يَا رَسُولَ اللَّهِ هَلَكَتِ الأَمْوَالُ وَانْقَطَعَتِ السُّبُلُ فَادْعُ اللَّهَ أَنْ يُغِيثَنَا ‏.‏ فَرَفَعَ رَسُولُ اللَّهِ صلى الله عليه وسلم يَدَيْهِ ثُمَّ قَالَ ‏\"‏ اللَّهُمَّ أَغِثْنَا اللَّهُمَّ أَغِثْنَا ‏\"‏ ‏.‏ قَالَ أَنَسٌ وَلاَ وَاللَّهِ مَا نَرَى فِي السَّمَاءِ مِنْ سَحَابَةٍ وَلاَ قَزَعَةٍ وَمَا بَيْنَنَا وَبَيْنَ سَلْعٍ مِنْ بَيْتٍ وَلاَ دَارٍ فَطَلَعَتْ سَحَابَةٌ مِثْلُ التُّرْسِ فَلَمَّا تَوَسَّطَتِ السَّمَاءَ انْتَشَرَتْ وَأَمْطَرَتْ ‏.‏ قَالَ أَنَسٌ وَلاَ وَاللَّهِ مَا رَأَيْنَا الشَّمْسَ سَبْتًا ‏.‏ قَالَ ثُمَّ دَخَلَ رَجُلٌ مِنْ ذَلِكَ الْبَابِ فِي الْجُمُعَةِ الْمُقْبِلَةِ وَرَسُولُ اللَّهِ صلى الله عليه وسلم قَائِمٌ يَخْطُبُ فَاسْتَقْبَلَهُ قَائِمًا فَقَالَ يَا رَسُولَ اللَّهِ صَلَّى اللَّهُ وَسَلَّمَ عَلَيْكَ هَلَكَتِ الأَمْوَالُ وَانْقَطَعَتِ السُّبُلُ فَادْعُ اللَّهَ أَنْ يُمْسِكَهَا عَنَّا ‏.‏ فَرَفَعَ رَسُولُ اللَّهِ صلى الله عليه وسلم يَدَيْهِ فَقَالَ ‏\"‏ اللَّهُمَّ حَوَالَيْنَا وَلاَ عَلَيْنَا اللَّهُمَّ عَلَى الآكَامِ وَالظِّرَابِ وَبُطُونِ الأَوْدِيَةِ وَمَنَابِتِ الشَّجَرِ ‏\"‏ ‏.‏ قَالَ فَأَقْلَعَتْ وَخَرَجْنَا نَمْشِي فِي الشَّمْسِ ‏.‏ قَالَ شَرِيكٌ سَأَلْتُ أَنَسًا أَهُوَ الرَّجُلُ الأَوَّلُ قَالَ لاَ ‏.‏",
      "english": {
        "narrator": "It was narrated from Anas bin Malik that:",
        "text": "A man entered the masjid when the Messenger of Allah (ﷺ) was standing and delivering the Khutbah. He turned to face the Messenger of Allah (ﷺ) standing and said: 'O Messenger of Allah, our wealth has been destroyed and the routes have been cut off. Pray to Allah (SWT) to send us rain.' The Messenger of Allah (ﷺ) raised his hands then said: \"O Allah, send us rain.\" Anas said: \"By Allah, we had not seen even a wisp of a cloud in the sky and there were no houses or buildings between us and (the mountain of ) Sal'. Then a cloud like a shield appeared, and when it reached the middle of the sky it spread and it began to rain.\" Anas said: \"By Allah, we did not see the sun for a week. Then a man entered through that door on the following Friday, when the Messenger of Allah (ﷺ) was standing and delivering the Khutbah. He turned to face him standing and said: 'O Messenger of Allah (ﷺ), may Allah (SWT) send blessings upon you. Our wealth has been destroyed and the routes have been cut off. Pray to Allah (SWT) to withold (the rain) from us.' The Messenger of Allah (ﷺ) raised his hands and said: 'O Allah, around us and not on us.; O Allah, on the hills and mountains, the bottoms of the valleys and where the trees grow.' Then it stopped raining and we went out walking in the sun.\" Sharik said: 'I asked Anas: 'Was he the same man?' He said: 'No.'\""
      },
      "turkish": {
        "narrator": "It was narrated from Anas bin Malik that:",
        "text": "Anas bin Malik'ten rivayet edilmiştir: \"Bir adam, Allah'ın Resulü (ﷺ) hutbe verirken mescide girdi. Allah'ın Resulü'ne (ﷺ) dönerek ayağa kalktı ve dedi ki: 'Ey Allah'ın Resulü, malımız yok oldu ve yollar kesildi. Allah'a (SWT) dua et, bize yağmur göndersin.' Allah'ın Resulü (ﷺ) ellerini kaldırdı ve dedi: 'Ey Allah, bize yağmur gönder.' Anas dedi: 'Vallahi, gökyüzünde en ufak bir bulut bile göremiyorduk ve bizimle (Sal' dağının) arasında evler veya binalar yoktu. Sonra bir kalkan gibi bir bulut belirdi ve gökyüzünün ortasına ulaştığında yayıldı ve yağmur yağmaya başladı.' Anas dedi: 'Vallahi, bir hafta boyunca güneşi göremedik. Sonra bir adam, o kapıdan sonraki Cuma girdi, Allah'ın Resulü (ﷺ) hutbe verirken. O da ona dönerek ayağa kalktı ve dedi ki: 'Ey Allah'ın Resulü (ﷺ), Allah (SWT) sana bereket versin. Malımız yok oldu ve yollar kesildi. Allah'a (SWT) dua et, (yağmuru) bizden alsın.' Allah'ın Resulü (ﷺ) ellerini kaldırdı ve dedi: 'Ey Allah, etrafımızda ve üzerimizde değil; ey Allah, tepelerde ve dağlarda, vadilerin diplerinde ve ağaçların büyüdüğü yerlerde.' Sonra yağmur durdu ve biz güneşin altında yürümeye çıktık.\" Şarik dedi: 'Ben Anas'a sordum: 'O aynı adam mıydı?' O da dedi: 'Hayır.'\""
      }
    },
    {
      "id": 16,
      "idInBook": 16,
      "chapterId": 17,
      "bookId": 3,
      "arabic": "قَالَ الْحَارِثُ بْنُ مِسْكِينٍ قِرَاءَةً عَلَيْهِ وَأَنَا أَسْمَعُ، عَنِ ابْنِ وَهْبٍ، عَنِ ابْنِ أَبِي ذِئْبٍ، وَيُونُسَ، عَنِ ابْنِ شِهَابٍ، قَالَ أَخْبَرَنِي عَبَّادُ بْنُ تَمِيمٍ، أَنَّهُ سَمِعَ عَمَّهُ، وَكَانَ، مِنْ أَصْحَابِ رَسُولِ اللَّهِ صلى الله عليه وسلم يَقُولُ خَرَجَ رَسُولُ اللَّهِ صلى الله عليه وسلم يَوْمًا يَسْتَسْقِي فَحَوَّلَ إِلَى النَّاسِ ظَهْرَهُ يَدْعُو اللَّهَ وَيَسْتَقْبِلُ الْقِبْلَةَ وَحَوَّلَ رِدَاءَهُ ثُمَّ صَلَّى رَكْعَتَيْنِ ‏.‏ قَالَ ابْنُ أَبِي ذِئْبٍ فِي الْحَدِيثِ وَقَرَأَ فِيهِمَا ‏.‏",
      "english": {
        "narrator": "It was narrated that Ibn Shihab said:",
        "text": "\"Abbad bin Tamim told me that he heard his paternal uncle, who was one of the companions of the Messenger of Allah (ﷺ) say: \"The Messenger of Allah (ﷺ) went out one day to pray for rain. He turned his back toward the people, praying to Allah (SWT), and he turned to face the Qiblah. He turned his rida' around, then he prayed two rak'ahs.\" (One of the narrators) Ibn Abi Dhi'b said in the hadith: \"And he recited in them both.\""
      },
      "turkish": {
        "narrator": "It was narrated that Ibn Shihab said:",
        "text": "İbn Şihab'ın rivayetine göre, Abbad bin Tamim bana, Resulullah (ﷺ) 'ın bir gün yağmur için dua etmek üzere çıktığını, insanlara sırtını döndüğünü, Allah'a (SWT) dua ettiğini ve Kıble'ye yöneldiğini, rida'sını çevirdiğini ve iki rek'at namaz kıldığını söyledi. (Rivayet edenlerden) İbn Ebi Dhi'b hadiste: \"Ve her ikisinde de okudu.\" dedi."
      }
    },
    {
      "id": 17,
      "idInBook": 17,
      "chapterId": 17,
      "bookId": 3,
      "arabic": "أَخْبَرَنَا عَمْرُو بْنُ عَلِيٍّ، قَالَ حَدَّثَنَا يَحْيَى بْنُ سَعِيدٍ، عَنْ يَحْيَى، عَنْ أَبِي بَكْرِ بْنِ مُحَمَّدٍ، عَنْ عَبَّادِ بْنِ تَمِيمٍ، عَنْ عَبْدِ اللَّهِ بْنِ زَيْدٍ، أَنَّ النَّبِيَّ صلى الله عليه وسلم خَرَجَ يَسْتَسْقِي فَصَلَّى رَكْعَتَيْنِ وَاسْتَقْبَلَ الْقِبْلَةَ ‏.‏",
      "english": {
        "narrator": "It was narrated from Abdullah bin Zaid that:",
        "text": "The Prophet (ﷺ) went out to pray for rain, and he prayed two rak'ahs facing the Qiblah. (Sahih"
      },
      "turkish": {
        "narrator": "It was narrated from Abdullah bin Zaid that:",
        "text": "Abdullah bin Zaid'den rivayet edilmiştir ki: Peygamber (ﷺ) yağmur için dua etmek üzere çıktı ve Kıble'ye yönelerek iki rek'at namaz kıldı. (Sahih)"
      }
    },
    {
      "id": 18,
      "idInBook": 18,
      "chapterId": 17,
      "bookId": 3,
      "arabic": "أَخْبَرَنَا مَحْمُودُ بْنُ غَيْلاَنَ، قَالَ حَدَّثَنَا وَكِيعٌ، قَالَ حَدَّثَنَا سُفْيَانُ، عَنْ هِشَامِ بْنِ إِسْحَاقَ بْنِ عَبْدِ اللَّهِ بْنِ كِنَانَةَ، عَنْ أَبِيهِ، قَالَ أَرْسَلَنِي أَمِيرٌ مِنَ الأُمَرَاءِ إِلَى ابْنِ عَبَّاسٍ أَسْأَلُهُ عَنْ الاِسْتِسْقَاءِ، فَقَالَ ابْنُ عَبَّاسٍ مَا مَنَعَهُ أَنْ يَسْأَلَنِي، خَرَجَ رَسُولُ اللَّهِ صلى الله عليه وسلم مُتَوَاضِعًا مُتَبَذِّلاً مُتَخَشِّعًا مُتَضَرِّعًا فَصَلَّى رَكْعَتَيْنِ كَمَا يُصَلِّي فِي الْعِيدَيْنِ وَلَمْ يَخْطُبْ خُطْبَتَكُمْ هَذِهِ ‏.‏",
      "english": {
        "narrator": "It was narrated from Hisham bin Ishaq bin Abdullah bin Kinanah that:",
        "text": "His father said: \"One of the governors sent me to Ibn Abbas to ask him about the prayer for rain. He said: 'What kept him from asking me? The Messenger of Allah (ﷺ) went out humbly, (dressed) in a state of humility, submissiveness and beseeching, and he prayed two rak'ahs as in the Eid prayer, but he did not deliver a Khutbah like this Khutbah of yours.'\""
      },
      "turkish": {
        "narrator": "It was narrated from Hisham bin Ishaq bin Abdullah bin Kinanah that:",
        "text": "Hişam bin İshak bin Abdullah bin Kinanah'dan rivayet edilmiştir ki: Babası şöyle dedi: \"Bir valinin beni İbn Abbas'a yağmur duası hakkında sormak üzere gönderdi. O da: 'Beni sormaktan alıkoyan neydi? Resulullah (ﷺ) alçakgönüllü bir şekilde, tevazu ve yalvarış içinde, iki rek'at namaz kıldı, bayram namazındaki gibi, ama sizin bu hutbeniz gibi bir hutbe vermedi.'\""
      }
    },
    {
      "id": 19,
      "idInBook": 19,
      "chapterId": 17,
      "bookId": 3,
      "arabic": "أَخْبَرَنَا مُحَمَّدُ بْنُ رَافِعٍ، قَالَ حَدَّثَنَا يَحْيَى بْنُ آدَمَ، قَالَ حَدَّثَنَا سُفْيَانُ، عَنِ ابْنِ أَبِي ذِئْبٍ، عَنِ الزُّهْرِيِّ، عَنْ عَبَّادِ بْنِ تَمِيمٍ، عَنْ عَمِّهِ، أَنَّ النَّبِيَّ صلى الله عليه وسلم خَرَجَ فَاسْتَسْقَى فَصَلَّى رَكْعَتَيْنِ جَهَرَ فِيهِمَا بِالْقِرَاءَةِ ‏.‏",
      "english": {
        "narrator": "It was narrated from 'Abbad bin Tamim from his paternal uncle that:",
        "text": "The Prophet (ﷺ) went out and prayed for rain, then he prayed two rak'ahs in which he recited loudly."
      },
      "turkish": {
        "narrator": "It was narrated from 'Abbad bin Tamim from his paternal uncle that:",
        "text": "Abbad bin Tamim'den, amcasından rivayet edilmiştir ki: Peygamber (ﷺ) çıktı ve yağmur için dua etti, ardından yüksek sesle okuduğu iki rek'at namaz kıldı."
      }
    },
    {
      "id": 20,
      "idInBook": 20,
      "chapterId": 17,
      "bookId": 3,
      "arabic": "أَخْبَرَنَا مُحَمَّدُ بْنُ مَنْصُورٍ، قَالَ حَدَّثَنَا سُفْيَانُ، عَنْ مِسْعَرٍ، عَنِ الْمِقْدَامِ بْنِ شُرَيْحٍ، عَنْ أَبِيهِ، عَنْ عَائِشَةَ، أَنَّ رَسُولَ اللَّهِ صلى الله عليه وسلم كَانَ إِذَا أُمْطِرَ قَالَ ‏\n\"‏ اللَّهُمَّ اجْعَلْهُ صَيِّبًا نَافِعًا ‏\"‏ ‏.‏",
      "english": {
        "narrator": "It was narrated from 'Aishah that:",
        "text": "When it rained the Messenger of Allah would say: \"Allahummaj'alhu Sayyiban nafi`a. (O Allah, make it beneficial rain).\""
      },
      "turkish": {
        "narrator": "It was narrated from 'Aishah that:",
        "text": "Aişe'den rivayet edilmiştir ki: Yağmur yağdığında Resulullah şöyle derdi: \"Allahümme c'alhu sayyiban nafian. (Ey Allah, onu faydalı bir yağmur yap.)\""
      }
    },
    {
      "id": 21,
      "idInBook": 21,
      "chapterId": 17,
      "bookId": 3,
      "arabic": "أَخْبَرَنَا عَمْرُو بْنُ سَوَّادِ بْنِ الأَسْوَدِ بْنِ عَمْرٍو، قَالَ أَنْبَأَنَا ابْنُ وَهْبٍ، قَالَ أَخْبَرَنِي يُونُسُ، عَنِ ابْنِ شِهَابٍ، قَالَ أَخْبَرَنِي عُبَيْدُ اللَّهِ بْنُ عَبْدِ اللَّهِ بْنِ عُتْبَةَ، عَنْ أَبِي هُرَيْرَةَ، قَالَ قَالَ رَسُولُ اللَّهِ صلى الله عليه وسلم ‏\n\"‏ قَالَ اللَّهُ عَزَّ وَجَلَّ مَا أَنْعَمْتُ عَلَى عِبَادِي مِنْ نِعْمَةٍ إِلاَّ أَصْبَحَ فَرِيقٌ مِنْهُمْ بِهَا كَافِرِينَ يَقُولُونَ الْكَوْكَبُ وَبِالْكَوْكَبِ ‏\"‏ ‏.‏",
      "english": {
        "narrator": "It was narrated that Abu Hurairah said:",
        "text": "\"The Messenger of Allah (ﷺ) said: \"Allah, the Mighty and Sublime, said: I have never sent down My favor to My slaves but a group of them became disbelievers who say; \"The stars and by stars.'\""
      },
      "turkish": {
        "narrator": "It was narrated that Abu Hurairah said:",
        "text": "Ebu Hureyre'nin rivayetine göre: \"Resulullah (ﷺ) şöyle dedi: \"Aziz ve Celil olan Allah şöyle buyurdu: Ben, kullarıma hiçbir nimet indirmedim ki onlardan bir grup inkâr etmesin; 'Yıldızlar ve yıldızlarla.' derler.\""
      }
    },
    {
      "id": 22,
      "idInBook": 22,
      "chapterId": 17,
      "bookId": 3,
      "arabic": "أَخْبَرَنَا قُتَيْبَةُ، قَالَ حَدَّثَنَا سُفْيَانُ، عَنْ صَالِحِ بْنِ كَيْسَانَ، عَنْ عُبَيْدِ اللَّهِ بْنِ عَبْدِ اللَّهِ، عَنْ زَيْدِ بْنِ خَالِدٍ الْجُهَنِيِّ، قَالَ مُطِرَ النَّاسُ عَلَى عَهْدِ النَّبِيِّ صلى الله عليه وسلم فَقَالَ ‏\n\"‏ أَلَمْ تَسْمَعُوا مَاذَا قَالَ رَبُّكُمُ اللَّيْلَةَ قَالَ مَا أَنْعَمْتُ عَلَى عِبَادِي مِنْ نِعْمَةٍ إِلاَّ أَصْبَحَ طَائِفَةٌ مِنْهُمْ بِهَا كَافِرِينَ يَقُولُونَ مُطِرْنَا بِنَوْءِ كَذَا وَكَذَا فَأَمَّا مَنْ آمَنَ بِي وَحَمِدَنِي عَلَى سُقْيَاىَ فَذَلِكَ الَّذِي آمَنَ بِي وَكَفَرَ بِالْكَوْكَبِ وَمَنْ قَالَ مُطِرْنَا بِنَوْءِ كَذَا وَكَذَا فَذَاكَ الَّذِي كَفَرَ بِي وَآمَنَ بِالْكَوْكَبِ ‏\"‏ ‏.‏",
      "english": {
        "narrator": "It was narrated that Zaid bin Khalid Al-Juhani said:",
        "text": "\"It rained during the time of the Prophet (ﷺ) and he said: 'Have you nt heard what your Lord said this night? He said: I have never sent down any blessing upon My slaves but some of them become disbelievers thereby, saying: 'We have been given rain by such and such a star.' As for the one who believes in Me and praises Me for giving rain, that is the one who believes in Me and disbelieves in the stars.  But the one who says: 'We have been given rain by such and such a star' he has disbelieved in Me and believed in the stars.\""
      },
      "turkish": {
        "narrator": "It was narrated that Zaid bin Khalid Al-Juhani said:",
        "text": "Zeyd bin Halid el-Cuheni'den rivayet edilmiştir ki: \"Peygamber (ﷺ) zamanında yağmur yağdı ve o şöyle dedi: 'Bu gece Rabbinizin ne söylediğini duymadınız mı? O şöyle dedi: Ben, kullarıma hiçbir nimet indirmedim ki onlardan bazıları inkâr etmesin; 'Bize şu ve bu yıldızdan yağmur verildi.' diyorlar. Bana inanan ve yağmur verdiğim için beni öven, bana inanan ve yıldızları inkâr eden kişidir. Ama 'Bize şu ve bu yıldızdan yağmur verildi.' diyen kişi, bana inkar etmiş ve yıldızlara inanmıştır.\""
      }
    },
    {
      "id": 23,
      "idInBook": 23,
      "chapterId": 17,
      "bookId": 3,
      "arabic": "أَخْبَرَنَا عَبْدُ الْجَبَّارِ بْنُ الْعَلاَءِ، عَنْ سُفْيَانَ، عَنْ عَمْرٍو، عَنْ عَتَّابِ بْنِ حُنَيْنٍ، عَنْ أَبِي سَعِيدٍ الْخُدْرِيِّ، قَالَ قَالَ رَسُولُ اللَّهِ صلى الله عليه وسلم ‏\n\"‏ لَوْ أَمْسَكَ اللَّهُ عَزَّ وَجَلَّ الْمَطَرَ عَنْ عِبَادِهِ خَمْسَ سِنِينَ ثُمَّ أَرْسَلَهُ لأَصْبَحَتْ طَائِفَةٌ مِنَ النَّاسِ كَافِرِينَ يَقُولُونَ سُقِينَا بِنَوْءِ الْمِجْدَحِ ‏\"‏ ‏.‏",
      "english": {
        "narrator": "It was narrated that Abu Sa'eed Al-Khudri said:",
        "text": "\"The Messenger of Allah (ﷺ) said: 'If Allah (SWT) were to withhold rain from His slaves for five years and then send it, some of the people would become disbelievers, saying: \"We have been given rain by the star of Al-Mijdah.\""
      },
      "turkish": {
        "narrator": "It was narrated that Abu Sa'eed Al-Khudri said:",
        "text": "Ebu Said el-Hudri'den rivayet edilmiştir ki: \"Resulullah (ﷺ) şöyle dedi: 'Eğer Allah (SWT) kullarından beş yıl yağmuru keserse ve sonra gönderirse, bazı insanlar inkâr eder; 'Bize Al-Mijdah yıldızından yağmur verildi.' derler.\""
      }
    },
    {
      "id": 24,
      "idInBook": 24,
      "chapterId": 17,
      "bookId": 3,
      "arabic": "أَخْبَرَنَا عَلِيُّ بْنُ حُجْرٍ، قَالَ حَدَّثَنَا إِسْمَاعِيلُ، قَالَ حَدَّثَنَا حُمَيْدٌ، عَنْ أَنَسٍ، قَالَ قُحِطَ الْمَطَرُ عَامًا فَقَامَ بَعْضُ الْمُسْلِمِينَ إِلَى النَّبِيِّ صلى الله عليه وسلم فِي يَوْمِ جُمُعَةٍ فَقَالَ يَا رَسُولَ اللَّهِ قَحَطَ الْمَطَرُ وَأَجْدَبَتِ الأَرْضُ وَهَلَكَ الْمَالُ ‏.‏ قَالَ فَرَفَعَ يَدَيْهِ وَمَا نَرَى فِي السَّمَاءِ سَحَابَةً فَمَدَّ يَدَيْهِ حَتَّى رَأَيْتُ بَيَاضَ إِبْطَيْهِ يَسْتَسْقِي اللَّهَ عَزَّ وَجَلَّ - قَالَ - فَمَا صَلَّيْنَا الْجُمُعَةَ حَتَّى أَهَمَّ الشَّابَّ الْقَرِيبَ الدَّارِ الرُّجُوعُ إِلَى أَهْلِهِ فَدَامَتْ جُمُعَةٌ فَلَمَّا كَانَتِ الْجُمُعَةُ الَّتِي تَلِيهَا قَالُوا يَا رَسُولَ اللَّهِ تَهَدَّمَتِ الْبُيُوتُ وَاحْتَبَسَ الرُّكْبَانُ ‏.‏ قَالَ فَتَبَسَّمَ رَسُولُ اللَّهِ صلى الله عليه وسلم لِسُرْعَةِ مَلاَلَةِ ابْنِ آدَمَ وَقَالَ بِيَدَيْهِ ‏\n\"‏ اللَّهُمَّ حَوَالَيْنَا وَلاَ عَلَيْنَا ‏\"‏ ‏.‏ فَتَكَشَّطَتْ عَنِ الْمَدِينَةِ ‏.‏",
      "english": {
        "narrator": "It was narrated that Anas said:",
        "text": "\"There was no rain for a year, so some of the Muslims went to the Prophet (ﷺ) one Friday and said: 'O Messenger of Allah, there has been no rain; the land has become bare and our wealth has been destroyed.' He raised his hands, and we did not see any cloud in the sky. He stretched forth his hands until I could see the whiteness of his armpits, praying to Allah (SWT) for rain. When we finished praying Jumu'ah, even a young man whose house nearby was worried about how he would get home. That lasted for a week, then on the following Friday they said: 'O Messenger of Allah, houses have been destroyed and all travel has been ceased.' The Messenger of Allah (ﷺ) smiled at how quickly the sons of Adam become weary, and he said with his hands raised: 'O Allah, around us and not on us,' and it dispersed from Al-Madinah.\""
      },
      "turkish": {
        "narrator": "It was narrated that Anas said:",
        "text": "Anas'tan rivayet edilmiştir ki: \"Bir yıl yağmur yağmadı, bu yüzden bazı Müslümanlar bir Cuma günü Peygamber (ﷺ) 'ın yanına geldiler ve: 'Ey Allah'ın Resulü, yağmur yok; toprak çıplak kaldı ve malımız yok oldu.' dediler. O, ellerini kaldırdı ve gökyüzünde hiçbir bulut göremedik. Ellerini kaldırdı ki koltuk altlarının beyazlığını görebiliyordum, Allah'a (SWT) yağmur için dua ediyordu. Cuma namazını bitirdiğimizde, yakındaki bir evin genci, eve nasıl döneceğinden endişeliydi. Bu bir hafta sürdü, ardından bir sonraki Cuma'da: 'Ey Allah'ın Resulü, evler yıkıldı ve tüm seyahat durdu.' dediler. Resulullah (ﷺ) Adem oğullarının ne kadar çabuk yorulduğunu görünce gülümsedi ve ellerini kaldırarak: 'Ey Allah, etrafımızda ve üzerimizde değil.' dedi ve Al-Medine'den dağıldı.\""
      }
    },
    {
      "id": 25,
      "idInBook": 25,
      "chapterId": 17,
      "bookId": 3,
      "arabic": "أَخْبَرَنَا مَحْمُودُ بْنُ خَالِدٍ، قَالَ حَدَّثَنَا الْوَلِيدُ بْنُ مُسْلِمٍ، قَالَ أَنْبَأَنَا أَبُو عَمْرٍو الأَوْزَاعِيُّ، عَنْ إِسْحَاقَ بْنِ عَبْدِ اللَّهِ، عَنْ أَنَسِ بْنِ مَالِكٍ، قَالَ أَصَابَ النَّاسُ سَنَةٌ عَلَى عَهْدِ رَسُولِ اللَّهِ صلى الله عليه وسلم فَبَيْنَا رَسُولُ اللَّهِ صلى الله عليه وسلم يَخْطُبُ عَلَى الْمِنْبَرِ يَوْمَ الْجُمُعَةِ فَقَامَ أَعْرَابِيٌّ فَقَالَ يَا رَسُولَ اللَّهِ هَلَكَ الْمَالُ وَجَاعَ الْعِيَالُ فَادْعُ اللَّهَ لَنَا ‏.‏ فَرَفَعَ رَسُولُ اللَّهِ صلى الله عليه وسلم يَدَيْهِ وَمَا نَرَى فِي السَّمَاءِ قَزَعَةً وَالَّذِي نَفْسِي بِيَدِهِ مَا وَضَعَهَا حَتَّى ثَارَ سَحَابٌ أَمْثَالُ الْجِبَالِ ثُمَّ لَمْ يَنْزِلْ عَنْ مِنْبَرِهِ حَتَّى رَأَيْتُ الْمَطَرَ يَتَحَادَرُ عَلَى لِحْيَتِهِ فَمُطِرْنَا يَوْمَنَا ذَلِكَ وَمِنَ الْغَدِ وَالَّذِي يَلِيهِ حَتَّى الْجُمُعَةِ الأُخْرَى فَقَامَ ذَلِكَ الأَعْرَابِيُّ أَوْ قَالَ غَيْرَهُ فَقَالَ يَا رَسُولَ اللَّهِ تَهَدَّمَ الْبِنَاءُ وَغَرِقَ الْمَالُ فَادْعُ اللَّهَ لَنَا ‏.‏ فَرَفَعَ رَسُولُ اللَّهِ صلى الله عليه وسلم يَدَيْهِ فَقَالَ ‏\n\"‏ اللَّهُمَّ حَوَالَيْنَا وَلاَ عَلَيْنَا ‏\"‏ ‏.‏ فَمَا يُشِيرُ بِيَدِهِ إِلَى نَاحِيَةٍ مِنَ السَّحَابِ إِلاَّ انْفَرَجَتْ حَتَّى صَارَتِ الْمَدِينَةُ مِثْلَ الْجَوْبَةِ وَسَالَ الْوَادِي وَلَمْ يَجِئْ أَحَدٌ مِنْ نَاحِيَةٍ إِلاَّ أَخْبَرَ بِالْجَوْدِ ‏.‏",
      "english": {
        "narrator": "It was narrated that Anas bin Malik said:",
        "text": "\"There was a drought during the time of the Messenger of Allah (ﷺ). While the Messenger of Allah (ﷺ) was giving the Khutbah on the minbar one Friday, a Bedouin stood up and said: 'O Messenger of Allah wealth has been destroyed and our children are hungry; pray to Allah for us.' The Messenger of Allah (ﷺ) raised his hands, and we could not see even a wisp of a cloud in the sky, but by the One in Whose hand is my soul, he did not lower (his hands) before clouds like mountains appeared, and he did not come down from his minbar before we saw the rain dripping from his beard. It rained that day and the next day, and the day after, until the following Friday. Then that Bedouin\"- or he said, \"Someone else\"- \"stood up and said: 'O Messenger of Allah, buildings have been destroyed and wealth has drowned; pray to Allah (SWT) for us. The Messenger of Allah (ﷺ) raised his hands and said: 'O Allah, around us and not on us.' He did not point in any direction but the clouds dispersed, until Al-Madinah became like a hole. And the valleys ran with water and no one came from any direction but he told us of the heavy rains.\""
      },
      "turkish": {
        "narrator": "It was narrated that Anas bin Malik said:",
        "text": "Anas bin Malik'ten rivayet edilmiştir ki: \"Resulullah (ﷺ) zamanında bir kuraklık oldu. Resulullah (ﷺ) bir Cuma günü minberde hutbe verirken, bir bedevi ayağa kalktı ve: 'Ey Allah'ın Resulü, mal yok oldu ve çocuklarımız aç; Allah'a bizim için dua et.' dedi. Resulullah (ﷺ) ellerini kaldırdı ve gökyüzünde en küçük bir bulut bile göremedik, ama canımın sahibi olan Allah'a yemin ederim ki, ellerini indirmeden dağ gibi bulutlar belirdi ve minberinden inmeden önce, sakalından yağmur damlalarının düştüğünü gördük. O gün yağmur yağdı, ertesi gün ve ondan sonraki gün, bir sonraki Cuma'ya kadar. Sonra o bedevi -ya da dedi ki, \"Başka biri\"- ayağa kalktı ve: 'Ey Allah'ın Resulü, binalar yıkıldı ve mal suda boğuldu; Allah'a (SWT) bizim için dua et.' dedi. Resulullah (ﷺ) ellerini kaldırdı ve: 'Ey Allah, etrafımızda ve üzerimizde değil.' dedi. Hiçbir yöne işaret etmedi ama bulutlar dağıldı, ta ki Al-Medine bir çukur gibi oldu. Ve vadiler su ile doldu ve hiçbir yerden gelen kimse kalmadı ki bize şiddetli yağmurlardan bahsetmesin.\""
      }
    }
  ],
  "chapter": {
    "id": 17,
    "bookId": 3,
    "arabic": "كتاب الاستسقاء",
    "english": "The Book of Praying for Rain (Al-Istisqa')"
  }
}