{
  "metadata": {
    "length": 27,
    "arabic": {
      "title": "سنن النسائي",
      "author": "الإمام أبو عبد الرحمن أحمد بن شعيب النسائي",
      "introduction": "كتاب صلاة الخوف"
    },
    "english": {
      "title": "Sunan al-Nasa'i",
      "author": "Imam Ahmad ibn Shu'ayb al-Nasa'i",
      "introduction": "The Book of the Fear Prayer"
    }
  },
  "hadiths": [
    {
      "id": 1,
      "idInBook": 1,
      "chapterId": 18,
      "bookId": 3,
      "arabic": "أَخْبَرَنَا إِسْحَاقُ بْنُ إِبْرَاهِيمَ، قَالَ حَدَّثَنَا وَكِيعٌ، قَالَ حَدَّثَنَا سُفْيَانُ، عَنِ الأَشْعَثِ بْنِ أَبِي الشَّعْثَاءِ، عَنِ الأَسْوَدِ بْنِ هِلاَلٍ، عَنْ ثَعْلَبَةَ بْنِ زَهْدَمٍ، قَالَ كُنَّا مَعَ سَعِيدِ بْنِ الْعَاصِي بِطَبَرِسْتَانَ وَمَعَنَا حُذَيْفَةُ بْنُ الْيَمَانِ فَقَالَ أَيُّكُمْ صَلَّى مَعَ رَسُولِ اللَّهِ صلى الله عليه وسلم صَلاَةَ الْخَوْفِ فَقَالَ حُذَيْفَةُ أَنَا فَوَصَفَ فَقَالَ صَلَّى رَسُولُ اللَّهِ صلى الله عليه وسلم صَلاَةَ الْخَوْفِ بِطَائِفَةٍ رَكْعَةً صَفٍّ خَلْفَهُ وَطَائِفَةٍ أُخْرَى بَيْنَهُ وَبَيْنَ الْعَدُوِّ فَصَلَّى بِالطَّائِفَةِ الَّتِي تَلِيهِ رَكْعَةً ثُمَّ نَكَصَ هَؤُلاَءِ إِلَى مَصَافِّ أُولَئِكَ وَجَاءَ أُولَئِكَ فَصَلَّى بِهِمْ رَكْعَةً ‏.‏",
      "english": {
        "narrator": "It was narrated that Tha'labah bin Zahdam said:",
        "text": "\"We were with Sa'eed bin Al-'Asi in Tabaristan, and Hudhaifah bin Al-Yaman was with us. He said: 'Which of you offered the fear prayer with the Messenger of Allah (ﷺ)?' Hudhaifah said: 'I did', and he described it. He said: 'The Messenger of Allah (ﷺ) offered the fear prayer, leading one group who had formed rows behind him in praying one rak'ah, while the other group was between him and the enemy. So he led the group that was near him in praying one rak'ah, then they left and took the place of others, and the others came and he led them in praying one rak'ah.'\""
      },
      "turkish": {
        "narrator": "It was narrated that Tha'labah bin Zahdam said:",
        "text": "Tha'labah bin Zahdam'dan rivayet edilmiştir: \"Biz Tabaristan'da Sa'eed bin Al-'Asi ileydik ve Hudhaifah bin Al-Yaman da bizimleydi. O dedi ki: 'Sizden hangisi Allah'ın Resulü (ﷺ) ile birlikte korku namazı kıldı?' Hudhaifah: 'Ben kıldım' dedi ve bunu tarif etti. Dedi ki: 'Allah'ın Resulü (ﷺ) korku namazını kıldırdı, bir grup arkasında saf tutarak bir rekât kıldı, diğer grup ise onunla düşman arasında yer aldı. Böylece o, kendisine yakın olan grubu bir rekât kıldırdı, sonra onlar yerlerini değiştirdi ve diğer grup geldi, o da onlara bir rekât kıldırdı.'\""
      }
    },
    {
      "id": 2,
      "idInBook": 2,
      "chapterId": 18,
      "bookId": 3,
      "arabic": "أَخْبَرَنَا عَمْرُو بْنُ عَلِيٍّ، قَالَ حَدَّثَنَا يَحْيَى، قَالَ حَدَّثَنَا سُفْيَانُ، قَالَ حَدَّثَنِي أَشْعَثُ بْنُ سُلَيْمٍ، عَنِ الأَسْوَدِ بْنِ هِلاَلٍ، عَنْ ثَعْلَبَةَ بْنِ زَهْدَمٍ، قَالَ كُنَّا مَعَ سَعِيدِ بْنِ الْعَاصِي بِطَبَرِسْتَانَ فَقَالَ أَيُّكُمْ صَلَّى مَعَ رَسُولِ اللَّهِ صلى الله عليه وسلم صَلاَةَ الْخَوْفِ فَقَالَ حُذَيْفَةُ أَنَا ‏.‏ فَقَامَ حُذَيْفَةُ فَصَفَّ النَّاسُ خَلْفَهُ صَفَّيْنِ صَفًّا خَلْفَهُ وَصَفًّا مُوَازِيَ الْعَدُوِّ فَصَلَّى بِالَّذِي خَلْفَهُ رَكْعَةً ثُمَّ انْصَرَفَ هَؤُلاَءِ إِلَى مَكَانِ هَؤُلاَءِ وَجَاءَ أُولَئِكَ فَصَلَّى بِهِمْ رَكْعَةً وَلَمْ يَقْضُوا ‏.‏",
      "english": {
        "narrator": "It was narrated that Tha'labah bin Zahdam said:",
        "text": "\"We were with Sa'eed bin Al-'Asi in Tabaristan, and Hudhaifah bin Al-Yaman was with us. He said: 'Which of you offered the fear prayer with the Messenger of Allah (ﷺ)?' Hudhaifah said: 'I did.' So Hudhaifah stood and the people formed two rows behind him, one row behind him and one row facing the enemy. He led those who were behind him in praying one rak'ah, then they went and took the place of the others, and the others came and he led them in praying one rak'ah, and they did not make it up.\""
      },
      "turkish": {
        "narrator": "It was narrated that Tha'labah bin Zahdam said:",
        "text": "Tha'labah bin Zahdam'dan rivayet edilmiştir: \"Biz Tabaristan'da Sa'eed bin Al-'Asi ileydik ve Hudhaifah bin Al-Yaman da bizimleydi. O dedi ki: 'Sizden hangisi Allah'ın Resulü (ﷺ) ile birlikte korku namazı kıldı?' Hudhaifah: 'Ben kıldım.' Bunun üzerine Hudhaifah ayağa kalktı ve insanlar arkasında iki saf oluşturdu, bir saf arkasında ve bir saf düşmana karşı. O, arkasındaki grubu bir rekât kıldırdı, sonra onlar yerlerini değiştirdi ve diğer grup geldi, o da onlara bir rekât kıldırdı ve onlar bunu telafi etmediler.\""
      }
    },
    {
      "id": 3,
      "idInBook": 3,
      "chapterId": 18,
      "bookId": 3,
      "arabic": "أَخْبَرَنَا عَمْرُو بْنُ عَلِيٍّ، قَالَ حَدَّثَنَا يَحْيَى، قَالَ حَدَّثَنَا سُفْيَانُ، قَالَ حَدَّثَنِي الرُّكَيْنُ بْنُ الرَّبِيعِ، عَنِ الْقَاسِمِ بْنِ حَسَّانٍ، عَنْ زَيْدِ بْنِ ثَابِتٍ، عَنِ النَّبِيِّ صلى الله عليه وسلم مِثْلَ صَلاَةِ حُذَيْفَةَ ‏.‏",
      "english": {
        "narrator": "Narrated from Zaid bin Thabit:",
        "text": "A prayer like that of Hudhaifah was narrated from Zaid bin Thabit from the Prophet (ﷺ)."
      },
      "turkish": {
        "narrator": "Narrated from Zaid bin Thabit:",
        "text": "Zaid bin Thabit'ten rivayet edilmiştir: Hudhaifah'ın namazı gibi bir namaz, Peygamber (ﷺ) tarafından Zaid bin Thabit'ten rivayet edilmiştir."
      }
    },
    {
      "id": 4,
      "idInBook": 4,
      "chapterId": 18,
      "bookId": 3,
      "arabic": "أَخْبَرَنَا قُتَيْبَةُ، قَالَ حَدَّثَنَا أَبُو عَوَانَةَ، عَنْ بُكَيْرِ بْنِ الأَخْنَسِ، عَنْ مُجَاهِدٍ، عَنِ ابْنِ عَبَّاسٍ، قَالَ فَرَضَ اللَّهُ الصَّلاَةَ عَلَى لِسَانِ نَبِيِّكُمْ صلى الله عليه وسلم فِي الْحَضَرِ أَرْبَعًا وَفِي السَّفَرِ رَكْعَتَيْنِ وَفِي الْخَوْفِ رَكْعَةً ‏.‏",
      "english": {
        "narrator": "It was narrated that Ibn Abbas said:",
        "text": "\"Allah (SWT) enjoined the prayer on the tongue of your Prophet (ﷺ): four (rak'ahs) while a resident, two rak'ahs while traveling, and one rak'ah during times of fear.\""
      },
      "turkish": {
        "narrator": "It was narrated that Ibn Abbas said:",
        "text": "İbn Abbas'tan rivayet edilmiştir: \"Allah (SWT) namazı, Peygamberinizin (ﷺ) lisanıyla farz kıldı: ikamet halindeyken dört (rek'at), yolculukta iki rek'at ve korku anında bir rek'at.\""
      }
    },
    {
      "id": 5,
      "idInBook": 5,
      "chapterId": 18,
      "bookId": 3,
      "arabic": "أَخْبَرَنَا مُحَمَّدُ بْنُ بَشَّارٍ، قَالَ حَدَّثَنَا يَحْيَى بْنُ سَعِيدٍ، عَنْ سُفْيَانَ، قَالَ حَدَّثَنِي أَبُو بَكْرِ بْنُ أَبِي الْجَهْمِ، عَنْ عُبَيْدِ اللَّهِ بْنِ عَبْدِ اللَّهِ، عَنِ ابْنِ عَبَّاسٍ، أَنَّ رَسُولَ اللَّهِ صلى الله عليه وسلم صَلَّى بِذِي قَرَدٍ وَصَفَّ النَّاسُ خَلْفَهُ صَفَّيْنِ صَفًّا خَلْفَهُ وَصَفًّا مُوَازِيَ الْعَدُوِّ فَصَلَّى بِالَّذِينَ خَلْفَهُ رَكْعَةً ثُمَّ انْصَرَفَ هَؤُلاَءِ إِلَى مَكَانِ هَؤُلاَءِ وَجَاءَ أُولَئِكَ فَصَلَّى بِهِمْ رَكْعَةً وَلَمْ يَقْضُوا ‏.‏",
      "english": {
        "narrator": "It was narrated from Ibn 'Abbas that:",
        "text": "The Messenger of Allah (ﷺ) prayed at Dhi Qarad and the people formed two rows behind him, one row behind him and one row facing the enemy. He led those who were behind him in praying one rak'ah, then they went and took the place of the others, and the others came and he led them in praying one rak'ah, and they did not make it up."
      },
      "turkish": {
        "narrator": "It was narrated from Ibn 'Abbas that:",
        "text": "İbn Abbas'tan rivayet edilmiştir: \"Allah'ın Resulü (ﷺ) Dhi Qarad'da namaz kıldı ve insanlar arkasında iki saf oluşturdu, bir saf arkasında ve bir saf düşmana karşı. O, arkasındaki grubu bir rekât kıldırdı, sonra onlar yerlerini değiştirdi ve diğer grup geldi, o da onlara bir rekât kıldırdı ve onlar bunu telafi etmediler.\""
      }
    },
    {
      "id": 6,
      "idInBook": 6,
      "chapterId": 18,
      "bookId": 3,
      "arabic": "أَخْبَرَنِي عَمْرُو بْنُ عُثْمَانَ بْنِ سَعِيدِ بْنِ كَثِيرٍ، عَنْ مُحَمَّدٍ، عَنِ الزُّبَيْدِيِّ، عَنِ الزُّهْرِيِّ، عَنْ عُبَيْدِ اللَّهِ بْنِ عَبْدِ اللَّهِ بْنِ عُتْبَةَ، أَنَّ عَبْدَ اللَّهِ بْنَ عَبَّاسٍ، قَالَ قَامَ رَسُولُ اللَّهِ صلى الله عليه وسلم وَقَامَ النَّاسُ مَعَهُ فَكَبَّرَ وَكَبَّرُوا ثُمَّ رَكَعَ وَرَكَعَ أُنَاسٌ مِنْهُمْ ثُمَّ سَجَدَ وَسَجَدُوا ثُمَّ قَامَ إِلَى الرَّكْعَةِ الثَّانِيَةِ فَتَأَخَّرَ الَّذِينَ سَجَدُوا مَعَهُ وَحَرَسُوا إِخْوَانَهُمْ وَأَتَتِ الطَّائِفَةُ الأُخْرَى فَرَكَعُوا مَعَ النَّبِيِّ صلى الله عليه وسلم وَسَجَدُوا وَالنَّاسُ كُلُّهُمْ فِي صَلاَةٍ يُكَبِّرُونَ وَلَكِنْ يَحْرُسُ بَعْضُهُمْ بَعْضًا ‏.‏",
      "english": {
        "narrator": "It was narrated from 'Ubaidullah bin Abdullah bin Utbah that:",
        "text": "'Abdullah bin 'Abbas said: \"The Messenger of Allah (ﷺ) stood and the people stood with him, and he said the takbir and they said the takbir. Then he bowed, and some of them bowed, then he prostrated and they prostrated, then he stood for the second rak'ah and those who had prostrated with him moved back and guarded their brothers, and the other group came and bowed and prostrated with the Prophet (ﷺ). All the people were praying and saying the takbir, but they were guarding one another.\""
      },
      "turkish": {
        "narrator": "It was narrated from 'Ubaidullah bin Abdullah bin Utbah that:",
        "text": "'Ubaidullah bin Abdullah bin Utbah'tan rivayet edilmiştir: 'Abdullah bin 'Abbas dedi ki: \"Allah'ın Resulü (ﷺ) ayağa kalktı ve insanlar da onunla birlikte ayağa kalktı, takbir getirdi ve onlar da takbir getirdi. Sonra rükûya gitti, bazıları da onunla birlikte rükû yaptı, sonra secde etti ve onlar da secde etti, sonra ikinci rek'at için ayağa kalktı ve onunla birlikte secde edenler geri çekildi ve kardeşlerini korudular, diğer grup geldi ve Peygamber (ﷺ) ile birlikte rükû yapıp secde ettiler. Tüm insanlar namaz kılıyor ve takbir getiriyordu, ama birbirlerini koruyorlardı.\""
      }
    },
    {
      "id": 7,
      "idInBook": 7,
      "chapterId": 18,
      "bookId": 3,
      "arabic": "أَخْبَرَنَا عُبَيْدُ اللَّهِ بْنُ سَعْدِ بْنِ إِبْرَاهِيمَ، قَالَ حَدَّثَنَا عَمِّي، قَالَ حَدَّثَنَا أَبِي، عَنِ ابْنِ إِسْحَاقَ، قَالَ حَدَّثَنِي دَاوُدُ بْنُ الْحُصَيْنِ، عَنْ عِكْرِمَةَ، عَنِ ابْنِ عَبَّاسٍ، قَالَ مَا كَانَتْ صَلاَةُ الْخَوْفِ إِلاَّ سَجْدَتَيْنِ كَصَلاَةِ أَحْرَاسِكُمْ هَؤُلاَءِ الْيَوْمَ خَلْفَ أَئِمَّتِكُمْ هَؤُلاَءِ إِلاَّ أَنَّهَا كَانَتْ عُقَبًا قَامَتْ طَائِفَةٌ مِنْهُمْ وَهُمْ جَمِيعًا مَعَ رَسُولِ اللَّهِ صلى الله عليه وسلم وَسَجَدَتْ مَعَهُ طَائِفَةٌ مِنْهُمْ ثُمَّ قَامَ رَسُولُ اللَّهِ صلى الله عليه وسلم وَقَامُوا مَعَهُ جَمِيعًا ثُمَّ رَكَعَ وَرَكَعُوا مَعَهُ جَمِيعًا ثُمَّ سَجَدَ فَسَجَدَ مَعَهُ الَّذِينَ كَانُوا قِيَامًا أَوَّلَ مَرَّةٍ فَلَمَّا جَلَسَ رَسُولُ اللَّهِ صلى الله عليه وسلم وَالَّذِينَ سَجَدُوا مَعَهُ فِي آخِرِ صَلاَتِهِمْ سَجَدَ الَّذِينَ كَانُوا قِيَامًا لأَنْفُسِهِمْ ثُمَّ جَلَسُوا فَجَمَعَهُمْ رَسُولُ اللَّهِ صلى الله عليه وسلم بِالتَّسْلِيمِ ‏.‏",
      "english": {
        "narrator": "It was narrated that Ibn 'Abbas said:",
        "text": "\"The fear prayer was no more than two prostrations like the prayer of these guards of yours today behind the Imams of yours, except that it was one group after another. One group stood, although they were all behind the Messenger of Allah (ﷺ), and one group prostrated with him, then the Messenger of Allah (ﷺ) stood up and they all stood with him. Then he bowed and they all bowed with him, then he prostrated and those who had been standing the first time prostrated with him. When the Messenger of Allah (ﷺ) and those who had prostrated with him at the end of their prayer sat, those who had been standing prostrated by themselves, then they sat and the Messenger of Allah (ﷺ) said the taslim with all of them."
      },
      "turkish": {
        "narrator": "It was narrated that Ibn 'Abbas said:",
        "text": "İbn Abbas'tan rivayet edilmiştir: \"Korku namazı, sizin bugün imamlarınızın arkasında bulunan bu muhafızların namazı gibi iki secdeden fazlası değildi, tek farkı bir grup diğerinin ardından gelmesiydi. Bir grup ayakta durdu, hepsi Allah'ın Resulü (ﷺ) arkasında olmasına rağmen, bir grup onunla birlikte secde etti, sonra Allah'ın Resulü (ﷺ) ayağa kalktı ve hepsi onunla birlikte ayağa kalktı. Sonra rükû yaptı ve hepsi onunla birlikte rükû yaptı, sonra secde etti ve ilk defa ayakta duranlar onunla birlikte secde etti. Allah'ın Resulü (ﷺ) ve onunla birlikte secde edenler namazlarının sonunda oturduğunda, ayakta duranlar kendi başlarına secde etti, sonra oturdular ve Allah'ın Resulü (ﷺ) onlarla birlikte selam verdi.\""
      }
    },
    {
      "id": 8,
      "idInBook": 8,
      "chapterId": 18,
      "bookId": 3,
      "arabic": "أَخْبَرَنَا عَمْرُو بْنُ عَلِيٍّ، قَالَ حَدَّثَنَا يَحْيَى، قَالَ حَدَّثَنَا شُعْبَةُ، عَنْ عَبْدِ الرَّحْمَنِ بْنِ الْقَاسِمِ، عَنْ أَبِيهِ، عَنْ صَالِحِ بْنِ خَوَّاتٍ، عَنْ سَهْلِ بْنِ أَبِي حَثْمَةَ، أَنَّ رَسُولَ اللَّهِ صلى الله عليه وسلم صَلَّى بِهِمْ صَلاَةَ الْخَوْفِ فَصَفَّ صَفًّا خَلْفَهُ وَصَفًّا مُصَافُّو الْعَدُوِّ فَصَلَّى بِهِمْ رَكْعَةً ثُمَّ ذَهَبَ هَؤُلاَءِ وَجَاءَ أُولَئِكَ فَصَلَّى بِهِمْ رَكْعَةً ثُمَّ قَامُوا فَقَضَوْا رَكْعَةً رَكْعَةً ‏.‏",
      "english": {
        "narrator": "It was narrated from Salih bin Khawwat, from Sahl bin Abi Hathmah that:",
        "text": "The Messenger of Allah (ﷺ) led them in offering the fear prayer. Some formed a row behind him and some formed a row facing the enemy. He led them in praying one rak'ah, then they moved away and the others came, and he led them in praying one rak'ah, then they got up and each (group) made up the other rak'ah."
      },
      "turkish": {
        "narrator": "It was narrated from Salih bin Khawwat, from Sahl bin Abi Hathmah that:",
        "text": "Salih bin Khawwat'tan, Sahl bin Abi Hathmah'dan rivayet edilmiştir: \"Allah'ın Resulü (ﷺ) onlara korku namazını kıldırdı. Bazıları arkasında bir saf oluşturdu, bazıları düşmana karşı bir saf oluşturdu. O, onlara bir rek'at kıldırdı, sonra yer değiştirdiler ve diğer grup geldi, o da onlara bir rek'at kıldırdı, sonra ayağa kalktılar ve her grup diğer rek'atı telafi etti.\""
      }
    },
    {
      "id": 9,
      "idInBook": 9,
      "chapterId": 18,
      "bookId": 3,
      "arabic": "أَخْبَرَنَا قُتَيْبَةُ، عَنْ مَالِكٍ، عَنْ يَزِيدَ بْنِ رُومَانَ، عَنْ صَالِحِ بْنِ خَوَّاتٍ، عَمَّنْ صَلَّى مَعَ رَسُولِ اللَّهِ صلى الله عليه وسلم يَوْمَ ذَاتِ الرِّقَاعِ صَلاَةَ الْخَوْفِ أَنَّ طَائِفَةً صَفَّتْ مَعَهُ وَطَائِفَةٌ وُجَاهَ الْعَدُوِّ فَصَلَّى بِالَّذِينَ مَعَهُ رَكْعَةً ثُمَّ ثَبَتَ قَائِمًا وَأَتَمُّوا لأَنْفُسَهِمْ ثُمَّ انْصَرَفُوا فَصَفُّوا وُجَاهَ الْعَدُوِّ وَجَاءَتِ الطَّائِفَةُ الأُخْرَى فَصَلَّى بِهِمُ الرَّكْعَةَ الَّتِي بَقِيَتْ مِنْ صَلاَتِهِ ثُمَّ ثَبَتَ جَالِسًا وَأَتَمُّوا لأَنْفُسِهِمْ ثُمَّ سَلَّمَ بِهِمْ ‏.‏",
      "english": {
        "narrator": "It was narrated from Salih bin Khawwat from one who had prayed the fear prayer with the Messenger of Allah (ﷺ) on the day of Dhat Ar-Riqa' that:",
        "text": "One group had formed a row behind him and another group faced the enemy. He led those who were with him in praying one rak'ah, then he remained standing and they completed the prayer by themselves. Then they moved away and formed a row facing the enemy, and the other group came and he led them in praying the rak'ah that was left for him, then he remained sitting while they completed the prayer by themselves, then he said the taslim with them."
      },
      "turkish": {
        "narrator": "It was narrated from Salih bin Khawwat from one who had prayed the fear prayer with the Messenger of Allah (ﷺ) on the day of Dhat Ar-Riqa' that:",
        "text": "Salih bin Khawwat'tan, Allah'ın Resulü (ﷺ) ile Dhat Ar-Riqa' gününde korku namazı kılan birinden rivayet edilmiştir: \"Bir grup arkasında bir saf oluşturdu ve diğer grup düşmana karşı durdu. O, kendisiyle birlikte olanları bir rek'at kıldırdı, sonra ayakta kaldı ve namazı kendileri tamamladılar. Sonra yer değiştirdiler ve düşmana karşı bir saf oluşturdular, diğer grup geldi ve ona kalan rek'atı kıldırdı, sonra oturdu ve onlar namazı kendileri tamamladılar, sonra onlarla birlikte selam verdi.\""
      }
    },
    {
      "id": 10,
      "idInBook": 10,
      "chapterId": 18,
      "bookId": 3,
      "arabic": "أَخْبَرَنَا إِسْمَاعِيلُ بْنُ مَسْعُودٍ، عَنْ يَزِيدَ بْنِ زُرَيْعٍ، قَالَ حَدَّثَنَا مَعْمَرٌ، عَنِ الزُّهْرِيِّ، عَنْ سَالِمٍ، عَنْ أَبِيهِ، أَنَّ رَسُولَ اللَّهِ صلى الله عليه وسلم صَلَّى بِإِحْدَى الطَّائِفَتَيْنِ رَكْعَةً وَالطَّائِفَةُ الأُخْرَى مُوَاجِهَةُ الْعَدُوِّ ثُمَّ انْطَلَقُوا فَقَامُوا فِي مَقَامِ أُولَئِكَ وَجَاءَ أُولَئِكَ فَصَلَّى بِهِمْ رَكْعَةً أُخْرَى ثُمَّ سَلَّمَ عَلَيْهِمْ فَقَامَ هَؤُلاَءِ فَقَضُوا رَكْعَتَهُمْ وَقَامَ هَؤُلاَءِ فَقَضُوا رَكْعَتَهُمْ ‏.‏",
      "english": {
        "narrator": "It was narrated from Salim from his father, that:",
        "text": "The Messenger of Allah (ﷺ) led one of the two groups in praying one rak'ah while the other group was facing the enemy, then they moved away and took the place of the others, and the others came and he led them in praying the other rak'ah, then he said the salam and they stood up and made up the other rak'ah, and the others stood up and made up the other rak'ah."
      },
      "turkish": {
        "narrator": "It was narrated from Salim from his father, that:",
        "text": "Salim'den, babasından rivayet edilmiştir: \"Allah'ın Resulü (ﷺ) iki gruptan birini bir rek'at kıldırdı, diğer grup düşmana karşı duruyordu, sonra yer değiştirdiler ve diğer grup geldi, o da onlara diğer rek'atı kıldırdı, sonra selam verdi ve onlar ayağa kalkıp diğer rek'atı telafi ettiler, diğerleri de ayağa kalkıp diğer rek'atı telafi ettiler.\""
      }
    },
    {
      "id": 11,
      "idInBook": 11,
      "chapterId": 18,
      "bookId": 3,
      "arabic": "أَخْبَرَنِي كَثِيرُ بْنُ عُبَيْدٍ، عَنْ بَقِيَّةَ، عَنْ شُعَيْبٍ، قَالَ حَدَّثَنِي الزُّهْرِيُّ، قَالَ حَدَّثَنِي سَالِمُ بْنُ عَبْدِ اللَّهِ، عَنْ أَبِيهِ، قَالَ غَزَوْتُ مَعَ رَسُولِ اللَّهِ صلى الله عليه وسلم قِبَلَ نَجْدٍ فَوَازَيْنَا الْعَدُوَّ وَصَافَفْنَاهُمْ فَقَامَ رَسُولُ اللَّهِ صلى الله عليه وسلم يُصَلِّي بِنَا فَقَامَتْ طَائِفَةٌ مِنَّا مَعَهُ وَأَقْبَلَ طَائِفَةٌ عَلَى الْعَدُوِّ فَرَكَعَ رَسُولُ اللَّهِ صلى الله عليه وسلم وَمَنْ مَعَهُ رَكْعَةً وَسَجَدَ سَجْدَتَيْنِ ثُمَّ انْصَرَفُوا فَكَانُوا مَكَانَ أُولَئِكَ الَّذِينَ لَمْ يُصَلُّوا وَجَاءَتِ الطَّائِفَةُ الَّتِي لَمْ تُصَلِّ فَرَكَعَ بِهِمْ رَكْعَةً وَسَجْدَتَيْنِ ثُمَّ سَلَّمَ رَسُولُ اللَّهِ صلى الله عليه وسلم فَقَامَ كُلُّ رَجُلٍ مِنَ الْمُسْلِمِينَ فَرَكَعَ لِنَفْسِهِ رَكْعَةً وَسَجْدَتَيْنِ ‏.‏",
      "english": {
        "narrator": "Salim bin 'Abdullah narrated that his father said:",
        "text": "\"I went out on a campaign with the Messenger of Allah (ﷺ) toward Najd. We confronted the enemy and formed ranks facing them. The Messenger of Allah (ﷺ) stood up and led us in prayer. Some of us stood with him and some of us faced the enemy. The Messenger of Allah (ﷺ) bowed and those who were with him bowed, and prostrated twice. Then they moved away and took the place of the others, and the other group who had not prayed came and he led them in bowing once and prostrating twice. Then the Messenger of Allah (ﷺ) said the salam and each of the Muslims stood up and bowed once, and prostrated twice individually.\""
      },
      "turkish": {
        "narrator": "Salim bin 'Abdullah narrated that his father said:",
        "text": "Salim bin Abdullah, babasından rivayet etti: \"Ben, Allah'ın Resulü (ﷺ) ile birlikte Najd'e bir sefer çıktım. Düşmanla karşılaştık ve onlara karşı saflar oluşturduk. Allah'ın Resulü (ﷺ) ayağa kalktı ve bize namaz kıldırdı. Bazılarımız onunla birlikte ayakta durdu ve bazıları düşmana karşı durdu. Allah'ın Resulü (ﷺ) rükû yaptı ve onunla birlikte olanlar rükû yaptı, iki secde etti. Sonra yer değiştirdiler ve diğer grubun yerini aldılar, namaz kılmayan diğer grup geldi ve ona bir kez rükû yapıp iki secde etti. Sonra Allah'ın Resulü (ﷺ) selam verdi ve her Müslüman bir kez rükû yapıp iki secde yaptı.\""
      }
    },
    {
      "id": 12,
      "idInBook": 12,
      "chapterId": 18,
      "bookId": 3,
      "arabic": "أَخْبَرَنَا مُحَمَّدُ بْنُ عَبْدِ اللَّهِ بْنِ عَبْدِ الرَّحِيمِ الْبَرْقِيُّ، عَنْ عَبْدِ اللَّهِ بْنِ يُوسُفَ، قَالَ أَنْبَأَنَا سَعِيدُ بْنُ عَبْدِ الْعَزِيزِ، عَنِ الزُّهْرِيِّ، قَالَ كَانَ عَبْدُ اللَّهِ بْنُ عُمَرَ يُحَدِّثُ أَنَّهُ صَلَّى صَلاَةَ الْخَوْفِ مَعَ رَسُولِ اللَّهِ صلى الله عليه وسلم قَالَ كَبَّرَ النَّبِيُّ صلى الله عليه وسلم وَصَفَّ خَلْفَهُ طَائِفَةٌ مِنَّا وَأَقْبَلَتْ طَائِفَةٌ عَلَى الْعَدُوِّ فَرَكَعَ بِهِمُ النَّبِيُّ صلى الله عليه وسلم رَكْعَةً وَسَجْدَتَيْنِ ثُمَّ انْصَرَفُوا وَأَقْبَلُوا عَلَى الْعَدُوِّ وَجَاءَتِ الطَّائِفَةُ الأُخْرَى فَصَلُّوا مَعَ النَّبِيِّ صلى الله عليه وسلم فَفَعَلَ مِثْلَ ذَلِكَ ثُمَّ سَلَّمَ ثُمَّ قَامَ كُلُّ رَجُلٍ مِنَ الطَّائِفَتَيْنِ فَصَلَّى لِنَفْسِهِ رَكْعَةً وَسَجْدَتَيْنِ ‏.‏",
      "english": {
        "narrator": "It was narrated that Az-Zuhri said:",
        "text": "\"Abdullah bin 'Umar used to narrate that he offered the fear prayer with the Messenger of Allah (ﷺ). He said: 'The Prophet (ﷺ) said the takbir and one group of us formed a row behind him while the other group faced the enemy. The Prophet (ﷺ) led them in bowing once and prostrating twice, then they moved away and faced the enemy, and the other group came and prayed with the Prophet (ﷺ), doing likewise. Then he said the taslim, then each man of both groups stood and prayed by himself, bowing once and prostrating twice.'\""
      },
      "turkish": {
        "narrator": "It was narrated that Az-Zuhri said:",
        "text": "Az-Zuhri'den rivayet edilmiştir: \"Abdullah bin 'Umar, Allah'ın Resulü (ﷺ) ile korku namazı kıldığını rivayet ederdi. Dedi ki: 'Peygamber (ﷺ) takbir getirdi ve bizden bir grup arkasında bir saf oluşturdu, diğer grup düşmana karşı durdu. Peygamber (ﷺ) onlara bir kez rükû yapıp iki secde ettirdi, sonra yer değiştirdiler ve düşmana karşı durdular, diğer grup geldi ve Peygamber (ﷺ) ile birlikte aynı şekilde namaz kıldılar. Sonra selam verdi, ardından her iki gruptan her adam kendi başına ayakta durup bir kez rükû yapıp iki secde etti.'\""
      }
    },
    {
      "id": 13,
      "idInBook": 13,
      "chapterId": 18,
      "bookId": 3,
      "arabic": "أَخْبَرَنِي عِمْرَانُ بْنُ بَكَّارٍ، قَالَ حَدَّثَنَا مُحَمَّدُ بْنُ الْمُبَارَكِ، قَالَ أَنْبَأَنَا الْهَيْثَمُ بْنُ حُمَيْدٍ، عَنِ الْعَلاَءِ، وَأَبِي، أَيُّوبَ عَنِ الزُّهْرِيِّ، عَنْ عَبْدِ اللَّهِ بْنِ عُمَرَ، قَالَ صَلَّى رَسُولُ اللَّهِ صلى الله عليه وسلم صَلاَةَ الْخَوْفِ قَامَ فَكَبَّرَ فَصَلَّى خَلْفَهُ طَائِفَةٌ مِنَّا وَطَائِفَةٌ مُوَاجِهَةَ الْعَدُوِّ فَرَكَعَ بِهِمْ رَسُولُ اللَّهِ صلى الله عليه وسلم رَكْعَةً وَسَجَدَ سَجْدَتَيْنِ ثُمَّ انْصَرَفُوا وَلَمْ يُسَلِّمُوا وَأَقْبَلُوا عَلَى الْعَدُوِّ فَصَفُّوا مَكَانَهُمْ وَجَاءَتِ الطَّائِفَةُ الأُخْرَى فَصَفُّوا خَلْفَ رَسُولِ اللَّهِ صلى الله عليه وسلم فَصَلَّى بِهِمْ رَكْعَةً وَسَجْدَتَيْنِ ثُمَّ سَلَّمَ رَسُولُ اللَّهِ صلى الله عليه وسلم وَقَدْ أَتَمَّ رَكْعَتَيْنِ وَأَرْبَعَ سَجَدَاتٍ ثُمَّ قَامَتِ الطَّائِفَتَانِ فَصَلَّى كُلُّ إِنْسَانٍ مِنْهُمْ لِنَفْسِهِ رَكْعَةً وَسَجْدَتَيْنِ ‏.‏ قَالَ أَبُو بَكْرِ بْنُ السُّنِّيِّ الزُّهْرِيُّ سَمِعَ مِنِ ابْنِ عُمَرَ حَدِيثَيْنِ وَلَمْ يَسْمَعْ هَذَا مِنْهُ ‏.‏",
      "english": {
        "narrator": "It was narrated that 'Abdullah bin Umar said:",
        "text": "\"The Messenger of Allah (ﷺ) offered the fear prayer. He stood and said the takbir, and a group of us prayed behind him while another group was facing the enemy. The Messenger of Allah (ﷺ) bowed once and prostrated twice with them, then they moved away but did not say the taslim. They went to face the enemy and lined up in their places, and the other group came and formed a row behind the Messenger of Allah (ﷺ), and he led them in praying, bowing once and prostrating twice. Then the Messenger of Allah (ﷺ) said the taslim and he had bowed twice and prostrated four times. Then the two groups stood up and each man prayed by himself, bowing once and prostrating twice.\" Abu Bakr IB As-Sunni said: \"Az-Zuhri heard two hadiths from Ibn 'Umar, and he did not hear this from him.\""
      },
      "turkish": {
        "narrator": "It was narrated that 'Abdullah bin Umar said:",
        "text": "'Abdullah bin 'Umar'dan rivayet edilmiştir: \"Allah'ın Resulü (ﷺ) korku namazı kıldı. Ayağa kalktı ve takbir getirdi, arkamızda bir grup onun arkasında namaz kıldı, diğer grup düşmana karşı duruyordu. Allah'ın Resulü (ﷺ) bir kez rükû yaptı ve onlarla birlikte iki secde etti, sonra yer değiştirdiler ama selam vermediler. Düşmana karşı durmak için yerlerine gittiler, diğer grup geldi ve Allah'ın Resulü (ﷺ) arkasında bir saf oluşturdu, o da onlara namaz kıldırdı, bir kez rükû yapıp iki secde etti. Sonra Allah'ın Resulü (ﷺ) selam verdi ve iki kez rükû yapmış ve dört kez secde etmiş oldu. Sonra iki grup ayağa kalktı ve her adam kendi başına bir kez rükû yapıp iki secde etti.\" Ebu Bekir İbn As-Sunni dedi ki: \"Az-Zuhri, İbn 'Umar'dan iki hadis duydu, bu hadisi ondan duymadı.\""
      }
    },
    {
      "id": 14,
      "idInBook": 14,
      "chapterId": 18,
      "bookId": 3,
      "arabic": "أَخْبَرَنَا عَبْدُ الأَعْلَى بْنُ وَاصِلِ بْنِ عَبْدِ الأَعْلَى، قَالَ حَدَّثَنَا يَحْيَى بْنُ آدَمَ، عَنْ سُفْيَانَ، عَنْ مُوسَى بْنِ عُقْبَةَ، عَنْ نَافِعٍ، عَنِ ابْنِ عُمَرَ، قَالَ صَلَّى رَسُولُ اللَّهِ صلى الله عليه وسلم صَلاَةَ الْخَوْفِ فِي بَعْضِ أَيَّامِهِ فَقَامَتْ طَائِفَةٌ مَعَهُ وَطَائِفَةٌ بِإِزَاءِ الْعَدُوِّ فَصَلَّى بِالَّذِينَ مَعَهُ رَكْعَةً ثُمَّ ذَهَبُوا وَجَاءَ الآخَرُونَ فَصَلَّى بِهِمْ رَكْعَةً ثُمَّ قَضَتِ الطَّائِفَتَانِ رَكْعَةً رَكْعَةً ‏.‏",
      "english": {
        "narrator": "It was narrated that Ibn 'Umar said:",
        "text": "\"The Messenger of Allah (ﷺ) offered the fear prayer during one of his battles. One group stood with him and another group faced the enemy. He led those who were with him in praying one rak'ah, then they went away and the others came, and he led them in praying one rak'ah. Then each group made up one rak'ah.\""
      },
      "turkish": {
        "narrator": "It was narrated that Ibn 'Umar said:",
        "text": "İbn 'Umar'dan rivayet edilmiştir: \"Allah'ın Resulü (ﷺ) bir savaş sırasında korku namazı kıldı. Bir grup onunla birlikte durdu, diğer grup düşmana karşı durdu. O, kendisiyle birlikte olanlara bir rek'at kıldırdı, sonra yer değiştirdiler ve diğer grup geldi, o da onlara bir rek'at kıldırdı. Sonra her grup bir rek'at telafi etti.\""
      }
    },
    {
      "id": 15,
      "idInBook": 15,
      "chapterId": 18,
      "bookId": 3,
      "arabic": "أَخْبَرَنِي عُبَيْدُ اللَّهِ بْنُ فَضَالَةَ بْنِ إِبْرَاهِيمَ، قَالَ أَنْبَأَنَا عَبْدُ اللَّهِ بْنُ يَزِيدَ الْمُقْرِئُ، ح وَأَنْبَأَنَا مُحَمَّدُ بْنُ عَبْدِ اللَّهِ بْنِ يَزِيدَ، قَالَ حَدَّثَنَا أَبِي قَالَ، حَدَّثَنَا حَيْوَةُ، وَذَكَرَ، آخَرَ قَالاَ حَدَّثَنَا أَبُو الأَسْوَدِ، أَنَّهُ سَمِعَ عُرْوَةَ بْنَ الزُّبَيْرِ، يُحَدِّثُ عَنْ مَرْوَانَ بْنِ الْحَكَمِ، أَنَّهُ سَأَلَ أَبَا هُرَيْرَةَ هَلْ صَلَّيْتَ مَعَ رَسُولِ اللَّهِ صلى الله عليه وسلم صَلاَةَ الْخَوْفِ فَقَالَ أَبُو هُرَيْرَةَ نَعَمْ ‏.‏ قَالَ مَتَى قَالَ عَامَ غَزْوَةِ نَجْدٍ قَامَ رَسُولُ اللَّهِ صلى الله عليه وسلم لِصَلاَةِ الْعَصْرِ وَقَامَتْ مَعَهُ طَائِفَةٌ وَطَائِفَةٌ أُخْرَى مُقَابِلَ الْعَدُوِّ وَظُهُورُهُمْ إِلَى الْقِبْلَةِ فَكَبَّرَ رَسُولُ اللَّهِ صلى الله عليه وسلم فَكَبَّرُوا جَمِيعًا الَّذِينَ مَعَهُ وَالَّذِينَ يُقَابِلُونَ الْعَدُوَّ ثُمَّ رَكَعَ رَسُولُ اللَّهِ صلى الله عليه وسلم رَكْعَةً وَاحِدَةً وَرَكَعَتْ مَعَهُ الطَّائِفَةُ الَّتِي تَلِيهِ ثُمَّ سَجَدَ وَسَجَدَتِ الطَّائِفَةُ الَّتِي تَلِيهِ وَالآخَرُونَ قِيَامٌ مُقَابِلَ الْعَدُوِّ ثُمَّ قَامَ رَسُولُ اللَّهِ صلى الله عليه وسلم وَقَامَتِ الطَّائِفَةُ الَّتِي مَعَهُ فَذَهَبُوا إِلَى الْعَدُوِّ فَقَابَلُوهُمْ وَأَقْبَلَتِ الطَّائِفَةُ الَّتِي كَانَتْ مُقَابِلَ الْعَدُوِّ فَرَكَعُوا وَسَجَدُوا وَرَسُولُ اللَّهِ صلى الله عليه وسلم قَائِمٌ كَمَا هُوَ ثُمَّ قَامُوا فَرَكَعَ رَسُولُ اللَّهِ صلى الله عليه وسلم رَكْعَةً أُخْرَى وَرَكَعُوا مَعَهُ وَسَجَدَ وَسَجَدُوا مَعَهُ ثُمَّ أَقْبَلَتِ الطَّائِفَةُ الَّتِي كَانَتْ مُقَابِلَ الْعَدُوِّ فَرَكَعُوا وَسَجَدُوا وَرَسُولُ اللَّهِ صلى الله عليه وسلم قَاعِدٌ وَمَنْ مَعَهُ ثُمَّ كَانَ السَّلاَمُ فَسَلَّمَ رَسُولُ اللَّهِ صلى الله عليه وسلم وَسَلَّمُوا جَمِيعًا فَكَانَ لِرَسُولِ اللَّهِ صلى الله عليه وسلم رَكْعَتَانِ وَلِكُلِّ رَجُلٍ مِنَ الطَّائِفَتَيْنِ رَكْعَتَانِ رَكْعَتَانِ ‏.‏",
      "english": {
        "narrator": "It was narrated from Marwan bin Al-Hakam that:",
        "text": "He asked Abu Hurairah: \"Did you offer the fear prayer with the Messenger of Allah (ﷺ)?\" Abu Hurairah said: \"Yes.\" He asked: \"When?\" He said: \"In the year of the campaign to Najd. The Messenger of Allah (ﷺ) stood up to pray 'Asr and a group stood with him, and another group as facing the enemy, with their backs toward the Qiblah. The Messenger of Allah (ﷺ) said the takbir, and they all said the takbir, those who were with him and those who were with him facing the enemy. Then the Messenger of Allah (ﷺ) bowed once and the group that was with him bowed, then he and the group that was with him prostrated twice, while the others were standing facing the enemy. Then the Messenger of Allah (ﷺ) stood up and the group that was with him stood and went to face the enemy, and the group that had been facing the enemy came and bowed and prostrated while the Messenger of Allah (ﷺ) was standing there. Then they stood up, and the Messenger of Allah (ﷺ) bowed again, and they bowed and prostrated with him. Then the group that had been facing the enemy came and bowed and prostrated, while the Messenger of Allah (ﷺ) and those who were with him were sitting. Then the Messenger of Allah (ﷺ) said the taslim and they all said the taslim. So the Messenger of Allah (ﷺ) had prayed two rak'ahs and each of the two groups had prayed two rak'ahs.\""
      },
      "turkish": {
        "narrator": "It was narrated from Marwan bin Al-Hakam that:",
        "text": "Marwan bin Al-Hakam'dan rivayet edilmiştir: \"O, Ebu Hurayra'ya sordu: 'Allah'ın Resulü (ﷺ) ile korku namazı kıldın mı?' Ebu Hurayra: 'Evet.' dedi. O sordu: 'Ne zaman?' O: 'Najd seferinde. Allah'ın Resulü (ﷺ) 'Asr namazı kılmak için ayağa kalktı ve bir grup onunla birlikte durdu, diğer grup düşmana karşı duruyordu, kıblaya sırtlarını dönerek. Allah'ın Resulü (ﷺ) takbir getirdi ve hepsi takbir getirdi, onunla birlikte olanlar ve düşmana karşı duranlar. Sonra Allah'ın Resulü (ﷺ) bir kez rükû yaptı ve onunla birlikte olan grup rükû yaptı, sonra o ve onunla birlikte olan grup iki secde etti, diğerleri düşmana karşı duruyordu. Sonra Allah'ın Resulü (ﷺ) ayağa kalktı ve onunla birlikte olan grup da ayağa kalktı ve düşmana karşı durmaya gitti, düşmana karşı duran grup geldi ve rükû yapıp secde etti, Allah'ın Resulü (ﷺ) orada duruyordu. Sonra ayağa kalktılar ve Allah'ın Resulü (ﷺ) tekrar rükû yaptı, onlar da onunla birlikte rükû yapıp secde ettiler. Sonra düşmana karşı duran grup geldi ve rükû yapıp secde etti, Allah'ın Resulü (ﷺ) ve onunla birlikte olanlar oturuyordu. Sonra Allah'ın Resulü (ﷺ) selam verdi ve hepsi selam verdi. Böylece Allah'ın Resulü (ﷺ) iki rek'at kıldı ve her iki grup da iki rek'at kılmış oldu.\""
      }
    },
    {
      "id": 16,
      "idInBook": 16,
      "chapterId": 18,
      "bookId": 3,
      "arabic": "أَخْبَرَنَا الْعَبَّاسُ بْنُ عَبْدِ الْعَظِيمِ، قَالَ حَدَّثَنِي عَبْدُ الصَّمَدِ بْنُ عَبْدِ الْوَارِثِ، قَالَ حَدَّثَنِي سَعِيدُ بْنُ عُبَيْدٍ الْهُنَائِيُّ، قَالَ حَدَّثَنَا عَبْدُ اللَّهِ بْنُ شَقِيقٍ، قَالَ حَدَّثَنَا أَبُو هُرَيْرَةَ، قَالَ كَانَ رَسُولُ اللَّهِ صلى الله عليه وسلم نَازِلاً بَيْنَ ضَجْنَانَ وَعُسْفَانَ مُحَاصِرَ الْمُشْرِكِينَ فَقَالَ الْمُشْرِكُونَ إِنَّ لِهَؤُلاَءِ صَلاَةً هِيَ أَحَبُّ إِلَيْهِمْ مِنْ أَبْنَائِهِمْ وَأَبْكَارِهِمْ أَجْمِعُوا أَمْرَكُمْ ثُمَّ مِيلُوا عَلَيْهِمْ مَيْلَةً وَاحِدَةً فَجَاءَ جِبْرِيلُ عَلَيْهِ السَّلاَمُ فَأَمَرَهُ أَنْ يَقْسِمَ أَصْحَابَهُ نِصْفَيْنِ فَيُصَلِّيَ بِطَائِفَةٍ مِنْهُمْ وَطَائِفَةٌ مُقْبِلُونَ عَلَى عَدُوِّهِمْ قَدْ أَخَذُوا حِذْرَهُمْ وَأَسْلِحَتَهُمْ فَيُصَلِّيَ بِهِمْ رَكْعَةً ثُمَّ يَتَأَخَّرَ هَؤُلاَءِ وَيَتَقَدَّمَ أُولَئِكَ فَيُصَلِّيَ بِهِمْ رَكْعَةً تَكُونُ لَهُمْ مَعَ النَّبِيِّ صلى الله عليه وسلم رَكْعَةً رَكْعَةً وَلِلنَّبِيِّ صلى الله عليه وسلم رَكْعَتَانِ ‏.‏",
      "english": {
        "narrator": "Abu Hurairah said:",
        "text": "\"The Messenger of Allah (ﷺ) was camping between Dajnan and 'Usfan, besieging the idolaters. The idolaters said: 'These people have a prayer that is dearer to them than their sons and daughters. Plan it, then strike them with a single heavy blow.' Jibril, peace be upon him, came and told the Messenger of Allah (ﷺ) to divide his companions into two groups, then lead one group in prayer while the others faced the enemy, on guard and with weapons at the ready. So he led them in praying one rak'ah, then they moved back and the others moved forward, and he led them in praying on rak'ah, so that each one of them had prayed one rak'ah with the Prophet (ﷺ) and the Prophet (ﷺ) had prayed two rak'ahs.\""
      },
      "turkish": {
        "narrator": "Abu Hurairah said:",
        "text": "Ebu Hureyre dedi ki: \"Allah'ın Elçisi (ﷺ) Dajnan ile 'Usfan arasında kamp kurmuş, putperestleri kuşatmıştı. Putperestler dediler ki: 'Bu insanların, çocuklarından daha değerli bir duaları var. O halde plan yapın, onlara tek bir ağır darbe indirin.' Cebrail (a.s) geldi ve Allah'ın Elçisi'ne (ﷺ) arkadaşlarını iki gruba ayırmasını, bir grubu dua ettirirken diğerlerinin düşmana karşı silahlarıyla hazır beklemesini söyledi. Böylece onlara bir rekat namaz kıldırdı, sonra geri çekildiler ve diğerleri öne geçti, onlara da bir rekat namaz kıldırdı, böylece her biri Peygamber (ﷺ) ile bir rekat kılmış oldu ve Peygamber (ﷺ) iki rekat kılmış oldu.\""
      }
    },
    {
      "id": 17,
      "idInBook": 17,
      "chapterId": 18,
      "bookId": 3,
      "arabic": "أَخْبَرَنَا إِبْرَاهِيمُ بْنُ الْحَسَنِ، عَنْ حَجَّاجِ بْنِ مُحَمَّدٍ، عَنْ شُعْبَةَ، عَنِ الْحَكَمِ، عَنْ يَزِيدَ الْفَقِيرِ، عَنْ جَابِرِ بْنِ عَبْدِ اللَّهِ، أَنَّ رَسُولَ اللَّهِ صلى الله عليه وسلم صَلَّى بِهِمْ صَلاَةَ الْخَوْفِ فَقَامَ صَفٌّ بَيْنَ يَدَيْهِ وَصَفٌّ خَلْفَهُ صَلَّى بِالَّذِينَ خَلْفَهُ رَكْعَةً وَسَجْدَتَيْنِ ثُمَّ تَقَدَّمَ هَؤُلاَءِ حَتَّى قَامُوا فِي مَقَامِ أَصْحَابِهِمْ وَجَاءَ أُولَئِكَ فَقَامُوا مَقَامَ هَؤُلاَءِ وَصَلَّى بِهِمْ رَسُولُ اللَّهِ صلى الله عليه وسلم رَكْعَةً وَسَجْدَتَيْنِ ثُمَّ سَلَّمَ فَكَانَتْ لِلنَّبِيِّ صلى الله عليه وسلم رَكْعَتَانِ وَلَهُمْ رَكْعَةٌ ‏.‏",
      "english": {
        "narrator": "It was narrated from Jabir bin 'Abdullah that:",
        "text": "The Messenger of Allah (ﷺ) led them in offering the fear prayer. One row stood in front of him and another row stood behind him. He led those who were behind in prayer, bowing once and prostrating twice, then they moved forward until they took the place of their companions, and the others came and took their place, and the Messenger of Allah (ﷺ) led them in prayer, bowing once and prostrating twice, then he said the taslim, so the Prophet (ﷺ) had prayed two rak'ahs and they had prayed one."
      },
      "turkish": {
        "narrator": "It was narrated from Jabir bin 'Abdullah that:",
        "text": "Ebu Cafer'den rivayet edildi ki: \"Allah'ın Elçisi (ﷺ) onlara korku namazı kıldırdı. Bir sıra önünde, diğer bir sıra arkasında duruyordu. Arkasındaki grubu bir rekat kıldırdı, bir kez rükû yaptı ve iki kez secde etti, sonra öne geçtiler ve arkadaşlarının yerini aldılar, diğerleri geldi ve onların yerini aldılar, Allah'ın Elçisi (ﷺ) onlara da bir rekat kıldırdı, bir kez rükû yaptı ve iki kez secde etti, sonra selam verdi, böylece Peygamber (ﷺ) iki rekat kılmış oldu ve onlar bir rekat kılmış oldular.\""
      }
    },
    {
      "id": 18,
      "idInBook": 18,
      "chapterId": 18,
      "bookId": 3,
      "arabic": "أَخْبَرَنَا أَحْمَدُ بْنُ الْمِقْدَامِ، قَالَ حَدَّثَنَا يَزِيدُ بْنُ زُرَيْعٍ، قَالَ حَدَّثَنَا عَبْدُ الرَّحْمَنِ بْنُ عَبْدِ اللَّهِ الْمَسْعُودِيُّ، قَالَ أَنْبَأَنِي يَزِيدُ الْفَقِيرُ، أَنَّهُ سَمِعَ جَابِرَ بْنَ عَبْدِ اللَّهِ، قَالَ كُنَّا مَعَ رَسُولِ اللَّهِ صلى الله عليه وسلم فَأُقِيمَتِ الصَّلاَةُ فَقَامَ رَسُولُ اللَّهِ صلى الله عليه وسلم وَقَامَتْ خَلْفَهُ طَائِفَةٌ وَطَائِفَةٌ مُوَاجِهَةَ الْعَدُوِّ فَصَلَّى بِالَّذِينَ خَلْفَهُ رَكْعَةً وَسَجَدَ بِهِمْ سَجْدَتَيْنِ ثُمَّ إِنَّهُمُ انْطَلَقُوا فَقَامُوا مَقَامَ أُولَئِكَ الَّذِينَ كَانُوا فِي وَجْهِ الْعَدُوِّ وَجَاءَتْ تِلْكَ الطَّائِفَةُ فَصَلَّى بِهِمْ رَسُولُ اللَّهِ صلى الله عليه وسلم رَكْعَةً وَسَجَدَ بِهِمْ سَجْدَتَيْنِ ثُمَّ إِنَّ رَسُولَ اللَّهِ صلى الله عليه وسلم سَلَّمَ فَسَلَّمَ الَّذِينَ خَلْفَهُ وَسَلَّمَ أُولَئِكَ ‏.‏",
      "english": {
        "narrator": "Jabir bin Abdullah said:",
        "text": "\"We were with the Messenger of Allah (ﷺ) and the Iqamah for prayer was said. The Messenger of Allah (ﷺ) stood up and one group stood behind him while another group faced the enemy. He led those who were behind him in prayer, bowing once and prostrating twice. Then they went and took the place of those who had been facing the enemy, and that group came and the Messenger of Allah (ﷺ) led them in prayer, bowing once and prostrating twice. Then the Messenger of Allah (ﷺ) said the taslim and those who were behind him said the taslim, as did the other group.\""
      },
      "turkish": {
        "narrator": "Jabir bin Abdullah said:",
        "text": "Cabir bin Abdullah dedi ki: \"Biz Allah'ın Elçisi (ﷺ) ileydik ve namaz için ikamet getirildi. Allah'ın Elçisi (ﷺ) ayağa kalktı ve bir grup arkasında durdu, diğer bir grup düşmana karşı durdu. Arkasında olan grubu bir rekat kıldırdı, bir kez rükû yaptı ve iki kez secde etti. Sonra öne geçip düşmana bakanların yerini aldılar, o grup geldi ve Allah'ın Elçisi (ﷺ) onlara da bir rekat kıldırdı, bir kez rükû yaptı ve iki kez secde etti. Sonra Allah'ın Elçisi (ﷺ) selam verdi ve arkasında olanlar selam verdi, diğer grup da öyle yaptı.\""
      }
    },
    {
      "id": 19,
      "idInBook": 19,
      "chapterId": 18,
      "bookId": 3,
      "arabic": "أَخْبَرَنَا عَلِيُّ بْنُ الْحُسَيْنِ الدِّرْهَمِيُّ، وَإِسْمَاعِيلُ بْنُ مَسْعُودٍ، قَالاَ حَدَّثَنَا خَالِدٌ، قَالَ حَدَّثَنَا عَبْدُ الْمَلِكِ بْنُ أَبِي سُلَيْمَانَ، عَنْ عَطَاءٍ، عَنْ جَابِرٍ، قَالَ شَهِدْنَا مَعَ رَسُولِ اللَّهِ صلى الله عليه وسلم صَلاَةَ الْخَوْفِ فَقُمْنَا خَلْفَهُ صَفَّيْنِ وَالْعَدُوُّ بَيْنَنَا وَبَيْنَ الْقِبْلَةِ فَكَبَّرَ رَسُولُ اللَّهِ صلى الله عليه وسلم وَكَبَّرْنَا وَرَكَعَ وَرَكَعْنَا وَرَفَعَ وَرَفَعْنَا فَلَمَّا انْحَدَرَ لِلسُّجُودِ سَجَدَ رَسُولُ اللَّهِ صلى الله عليه وسلم وَالَّذِينَ يَلُونَهُ وَقَامَ الصَّفُّ الثَّانِي حِينَ رَفَعَ رَسُولُ اللَّهِ صلى الله عليه وسلم وَالصَّفُّ الَّذِينَ يَلُونَهُ ثُمَّ سَجَدَ الصَّفُّ الثَّانِي حِينَ رَفَعَ رَسُولُ اللَّهِ صلى الله عليه وسلم فِي أَمْكِنَتِهِمْ ثُمَّ تَأَخَّرَ الصَّفُّ الَّذِينَ كَانُوا يَلُونَ النَّبِيَّ صلى الله عليه وسلم وَتَقَدَّمَ الصَّفُّ الآخَرُ فَقَامَ فِي مَقَامِهِمْ وَقَامَ هَؤُلاَءِ فِي مَقَامِ الآخَرِينَ قِيَامًا وَرَكَعَ النَّبِيُّ صلى الله عليه وسلم وَرَكَعْنَا ثُمَّ رَفَعَ وَرَفَعْنَا فَلَمَّا انْحَدَرَ لِلسُّجُودِ سَجَدَ الَّذِينَ يَلُونَهُ وَالآخَرُونَ قِيَامٌ فَلَمَّا رَفَعَ رَسُولُ اللَّهِ صلى الله عليه وسلم وَالَّذِينَ يَلُونَهُ سَجَدَ الآخَرُونَ ثُمَّ سَلَّمَ ‏.‏",
      "english": {
        "narrator": "It was narrated that Jabir said:",
        "text": "\"We witnessed the fear prayer with the Messenger of Allah (ﷺ). We stood behind him in two rows, and the enemy was between us and the Qiblah. The Messenger of Allah (ﷺ) said the takbir. He bowed and we bowed, and he stood up again and we stood up. When he went down in prostration, the Messenger of Allah (ﷺ) and those who were closest to him prostrated, and the second row remained standing until the Messenger of Allah (ﷺ) and the row closest to him stood up. Then the second row prostrated when the Messenger of Allah (ﷺ) had stood up, where they were. Then the row that had been closest to the Prophet (ﷺ) moved back and the second row moved forward, each standing in the place where the other had been. The Prophet (ﷺ) bowed and we bowed, then he stood up and we stood up, and when he went down in prostration, those who were closest to him prostrated and the others remained standing. When the Messenger of Allah (ﷺ) and those who were closest to him sat up, the others prostrated, then he said the taslim.\""
      },
      "turkish": {
        "narrator": "It was narrated that Jabir said:",
        "text": "Cabir dedi ki: \"Biz Allah'ın Elçisi (ﷺ) ile korku namazını kıldık. İki sıra arkasında durduk ve düşman bizimle kıble arasında bulunuyordu. Allah'ın Elçisi (ﷺ) tekbir getirdi. Rükû yaptık ve o rükû yaptı, tekrar ayağa kalktık ve o da ayağa kalktı. Secdeye gittiğinde, Allah'ın Elçisi (ﷺ) ve en yakınındakiler secde ettiler, ikinci sıra ayakta kaldı, ta ki Allah'ın Elçisi (ﷺ) ve en yakınındaki ayakta kalkana kadar. Sonra ikinci sıra, Allah'ın Elçisi (ﷺ) ayağa kalkınca secde etti, bulundukları yerde. Sonra Peygamber (ﷺ) en yakınındaki sırayı geri çekti ve ikinci sıra öne geçti, her biri diğerinin bulunduğu yerde durdu. Peygamber (ﷺ) rükû yaptı ve biz de rükû yaptık, sonra ayağa kalktı ve biz de ayağa kalktık, ve secdeye gittiğinde, en yakınındakiler secde ettiler ve diğerleri ayakta kaldı. Allah'ın Elçisi (ﷺ) ve en yakınındaki oturduğunda, diğerleri secde etti, sonra selam verdi.\""
      }
    },
    {
      "id": 20,
      "idInBook": 20,
      "chapterId": 18,
      "bookId": 3,
      "arabic": "أَخْبَرَنَا عَمْرُو بْنُ عَلِيٍّ، قَالَ حَدَّثَنَا عَبْدُ الرَّحْمَنِ، عَنْ سُفْيَانَ، عَنْ أَبِي الزُّبَيْرِ، عَنْ جَابِرٍ، قَالَ كُنَّا مَعَ رَسُولِ اللَّهِ صلى الله عليه وسلم بِنَخْلٍ وَالْعَدُوُّ بَيْنَنَا وَبَيْنَ الْقِبْلَةِ فَكَبَّرَ رَسُولُ اللَّهِ صلى الله عليه وسلم فَكَبَّرُوا جَمِيعًا ثُمَّ رَكَعَ فَرَكَعُوا جَمِيعًا ثُمَّ سَجَدَ النَّبِيُّ صلى الله عليه وسلم وَالصَّفُّ الَّذِي يَلِيهِ وَالآخَرُونَ قِيَامٌ يَحْرُسُونَهُمْ فَلَمَّا قَامُوا سَجَدَ الآخَرُونَ مَكَانَهُمُ الَّذِينَ كَانُوا فِيهِ ثُمَّ تَقَدَّمَ هَؤُلاَءِ إِلَى مَصَافِّ هَؤُلاَءِ فَرَكَعَ فَرَكَعُوا جَمِيعًا ثُمَّ رَفَعَ فَرَفَعُوا جَمِيعًا ثُمَّ سَجَدَ النَّبِيُّ صلى الله عليه وسلم وَالصَّفُّ الَّذِينَ يَلُونَهُ وَالآخَرُونَ قِيَامٌ يَحْرُسُونَهُمْ فَلَمَّا سَجَدُوا وَجَلَسُوا سَجَدَ الآخَرُونَ مَكَانَهُمْ ثُمَّ سَلَّمَ ‏.‏ قَالَ جَابِرٌ كَمَا يَفْعَلُ أُمَرَاؤُكُمْ ‏.‏",
      "english": {
        "narrator": "It was narrated that Jabir said:",
        "text": "\"We were with the Prophet (ﷺ) in a palm grove and the enemy was between us and the Qiblah. The Messenger of Allah (ﷺ) said the takbir and we all said the takbir. Then he bowed and we all bowed. Then the Prophet (ﷺ) and the row that was closest to him prostrated, while the others remained standing, guarding us. When we stood up, the others prostrated where we were, then they moved forward and he bowed and they all bowed, then he stood up and they all stood up. Then the Prophet (ﷺ) and the row that was closest to him prostrated, and the others remained standing, guarding them. When they had prostrated and were sitting, the others prostrated where they were, then he said the salam.\" Jabir said: \"As your leaders do.\""
      },
      "turkish": {
        "narrator": "It was narrated that Jabir said:",
        "text": "Cabir dedi ki: \"Biz Peygamber (ﷺ) ile bir hurma bahçesinde idik ve düşman bizimle kıble arasında bulunuyordu. Allah'ın Elçisi (ﷺ) tekbir getirdi ve hepimiz tekbir getirdik. Sonra rükû yaptı ve hepimiz rükû yaptık. Sonra Peygamber (ﷺ) ve en yakınındaki secde ettiler, diğerleri ayakta kaldı, bizi koruyarak. Biz ayağa kalktığımızda, diğerleri bulundukları yerde secde ettiler, sonra öne geçtiler ve o rükû yaptı ve hepimiz rükû yaptık, sonra ayağa kalktı ve hepimiz ayağa kalktık. Sonra Peygamber (ﷺ) ve en yakınındaki secde ettiler, diğerleri ayakta kaldı, onları koruyarak. Secde ettiklerinde ve oturduklarında, diğerleri bulundukları yerde secde ettiler, sonra selam verdi.\" Cabir dedi ki: \"Sizlerin liderleri gibi.\""
      }
    },
    {
      "id": 21,
      "idInBook": 21,
      "chapterId": 18,
      "bookId": 3,
      "arabic": "أَخْبَرَنَا مُحَمَّدُ بْنُ الْمُثَنَّى، وَمُحَمَّدُ بْنُ بَشَّارٍ، عَنْ مُحَمَّدٍ، قَالَ حَدَّثَنَا شُعْبَةُ، عَنْ مَنْصُورٍ، قَالَ سَمِعْتُ مُجَاهِدًا، يُحَدِّثُ عَنْ أَبِي عَيَّاشٍ الزُّرَقِيِّ، قَالَ شُعْبَةُ كَتَبَ بِهِ إِلَىَّ وَقَرَأْتُهُ عَلَيْهِ وَسَمِعْتُهُ مِنْهُ يُحَدِّثُ وَلَكِنِّي حَفِظْتُهُ قَالَ ابْنُ بَشَّارٍ فِي حَدِيثِهِ حِفْظِي مِنَ الْكِتَابِ أَنَّ النَّبِيَّ صلى الله عليه وسلم كَانَ مُصَافَّ الْعَدُوِّ بِعُسْفَانَ وَعَلَى الْمُشْرِكِينَ خَالِدُ بْنُ الْوَلِيدِ فَصَلَّى بِهِمُ النَّبِيُّ صلى الله عليه وسلم الظُّهْرَ قَالَ الْمُشْرِكُونَ إِنَّ لَهُمْ صَلاَةً بَعْدَ هَذِهِ هِيَ أَحَبُّ إِلَيْهِمْ مِنْ أَمْوَالِهِمْ وَأَبْنَائِهِمْ فَصَلَّى بِهِمْ رَسُولُ اللَّهِ صلى الله عليه وسلم الْعَصْرَ فَصَفَّهُمْ صَفَّيْنِ خَلْفَهُ فَرَكَعَ بِهِمْ رَسُولُ اللَّهِ صلى الله عليه وسلم جَمِيعًا فَلَمَّا رَفَعُوا رُءُوسَهُمْ سَجَدَ بِالصَّفِّ الَّذِي يَلِيهِ وَقَامَ الآخَرُونَ فَلَمَّا رَفَعُوا رُءُوسَهُمْ مِنَ السُّجُودِ سَجَدَ الصَّفُّ الْمُؤَخَّرُ بِرُكُوعِهِمْ مَعَ رَسُولِ اللَّهِ صلى الله عليه وسلم ثُمَّ تَأَخَّرَ الصَّفُّ الْمُقَدَّمُ وَتَقَدَّمَ الصَّفُّ الْمُؤَخَّرُ فَقَامَ كُلُّ وَاحِدٍ مِنْهُمْ فِي مَقَامِ صَاحِبِهِ ثُمَّ رَكَعَ بِهِمْ رَسُولُ اللَّهِ صلى الله عليه وسلم جَمِيعًا فَلَمَّا رَفَعُوا رُءُوسَهُمْ مِنَ الرُّكُوعِ سَجَدَ الصَّفُّ الَّذِي يَلِيهِ وَقَامَ الآخَرُونَ فَلَمَّا فَرَغُوا مِنْ سُجُودِهِمْ سَجَدَ الآخَرُونَ ثُمَّ سَلَّمَ النَّبِيُّ صلى الله عليه وسلم عَلَيْهِمْ ‏.‏",
      "english": {
        "narrator": "Shu'bah narrated from Mansur who said:",
        "text": "\"I heard Mujahid narrating from Abu Ayyash Az-Zuraqi\"- Shu'bah said: \"He had written it for me, and I read it before him, and I heard him narrating it; rather, I even memorized it.\" Ibn Bashshar said: \"I memorized it from the book\"- \"The Prophet (ﷺ) was drawing up ranks facing the enemy in 'Usfan when the idolaters were led by Khalid bin Al-Walid. The Prophet (ﷺ) led them in praying Zuhr. The idolaters said: 'They have a prayer after this that is dearer to them than their wealth and sons.' Then the Messenger of Allah (ﷺ) led them in praying 'Asr. He divided them into two rows, behind him. He led them all in bowing, then when they raised their heads he led the row that was closest to him in prostrating, while the others remained standing. When they raised their heads from prostration, the second row prostrated, as they had already bowed with the Messenger of Allah (ﷺ). Then the front row moved forward, so each of them took the place of his companion. Then the Messenger of Allah (ﷺ) led them all in bowing, then when they raised their heads from bowing, the row that was closest to him prostrated while the others remained standing, then when they had finished prostrating, the others prostrated, then the Prophet (ﷺ) said the taslim for all of them together."
      },
      "turkish": {
        "narrator": "Shu'bah narrated from Mansur who said:",
        "text": "Şu'be, Mansur'dan rivayet etti ki: \"Mücahed'in Ebu Ayyash El-Zuraqi'den rivayet ettiğini duydum\" - Şu'be dedi ki: \"Bunu benim için yazmıştı, ben de onun önünde okudum ve onu anlatırken dinledim; hatta ezberledim.\" İbn Beşşar dedi ki: \"Ben de kitabından ezberledim\" - \"Peygamber (ﷺ) düşmana karşı 'Usfan'da safları düzenliyordu, putperestler Halid bin Velid tarafından yönetiliyordu. Peygamber (ﷺ) onlara öğle namazı kıldırdı. Putperestler dediler ki: 'Onların, mallarından ve çocuklarından daha değerli bir namazı var.' Sonra Allah'ın Elçisi (ﷺ) onlara ikindi namazı kıldırdı. Onları iki sıraya ayırdı, arkasında. Hepsini rükû ettirdi, sonra başlarını kaldırdıklarında en yakınındaki sırayı secde ettirdi, diğerleri ayakta kaldı. Secdeden başlarını kaldırdıklarında, ikinci sıra secde etti, zira onlar zaten Allah'ın Elçisi (ﷺ) ile rükû yapmışlardı. Sonra ön sıra öne geçti, böylece her biri arkadaşının yerini aldı. Sonra Allah'ın Elçisi (ﷺ) hepsini rükû ettirdi, sonra rükûdan başlarını kaldırdıklarında, en yakınındaki sıra secde etti, diğerleri ayakta kaldı, sonra secde ettiklerinde, diğerleri secde etti, sonra Peygamber (ﷺ) hepsine birlikte selam verdi.\""
      }
    },
    {
      "id": 22,
      "idInBook": 22,
      "chapterId": 18,
      "bookId": 3,
      "arabic": "أَخْبَرَنَا عَمْرُو بْنُ عَلِيٍّ، قَالَ حَدَّثَنَا عَبْدُ الْعَزِيزِ بْنُ عَبْدِ الصَّمَدِ، قَالَ حَدَّثَنَا مَنْصُورٌ، عَنْ مُجَاهِدٍ، عَنْ أَبِي عَيَّاشٍ الزُّرَقِيِّ، قَالَ كُنَّا مَعَ رَسُولِ اللَّهِ صلى الله عليه وسلم بِعُسْفَانَ فَصَلَّى بِنَا رَسُولُ اللَّهِ صلى الله عليه وسلم صَلاَةَ الظُّهْرِ وَعَلَى الْمُشْرِكِينَ يَوْمَئِذٍ خَالِدُ بْنُ الْوَلِيدِ فَقَالَ الْمُشْرِكُونَ لَقَدْ أَصَبْنَا مِنْهُمْ غِرَّةً وَلَقَدْ أَصَبْنَا مِنْهُمْ غَفْلَةً ‏.‏ فَنَزَلَتْ - يَعْنِي صَلاَةَ الْخَوْفِ - بَيْنَ الظُّهْرِ وَالْعَصْرِ فَصَلَّى بِنَا رَسُولُ اللَّهِ صلى الله عليه وسلم صَلاَةَ الْعَصْرِ فَفَرَّقَنَا فِرْقَتَيْنِ فِرْقَةً تُصَلِّي مَعَ النَّبِيِّ صلى الله عليه وسلم وَفِرْقَةً يَحْرُسُونَهُ فَكَبَّرَ بِالَّذِينَ يَلُونَهُ وَالَّذِينَ يَحْرُسُونَهُمْ ثُمَّ رَكَعَ فَرَكَعَ هَؤُلاَءِ وَأُولَئِكَ جَمِيعًا ثُمَّ سَجَدَ الَّذِينَ يَلُونَهُ وَتَأَخَّرَ هَؤُلاَءِ وَالَّذِينَ يَلُونَهُ وَتَقَدَّمَ الآخَرُونَ فَسَجَدُوا ثُمَّ قَامَ فَرَكَعَ بِهِمْ جَمِيعًا الثَّانِيَةَ بِالَّذِينَ يَلُونَهُ وَبِالَّذِينَ يَحْرُسُونَهُ ثُمَّ سَجَدَ بِالَّذِينَ يَلُونَهُ ثُمَّ تَأَخَّرُوا فَقَامُوا فِي مَصَافِّ أَصْحَابِهِمْ وَتَقَدَّمَ الآخَرُونَ فَسَجَدُوا ثُمَّ سَلَّمَ عَلَيْهِمْ فَكَانَتْ لِكُلِّهِمْ رَكْعَتَانِ رَكْعَتَانِ مَعَ إِمَامِهِمْ وَصَلَّى مَرَّةً بِأَرْضِ بَنِي سُلَيْمٍ ‏.‏",
      "english": {
        "narrator": "It was narrated that Abu 'Ayyash Al-Zuraqi said:",
        "text": "\"We were with the Messenger of Allah (ﷺ) in 'Usfan and the Messenger of Allah (ﷺ) led us in praying Zuhr. The idolaters were led that day by Khalid bin Al-Walid, and the idolaters said: 'We have caught them unawares.' Then the fear prayer was revealed between Zuhr and 'Asr. The Messenger of Allah (ﷺ) led us in praying 'Asr and divided us into two groups, a  group that prayed with the Prophet (ﷺ) and a group that guarded him. He said takbir with those who were closest to him and those who were guarding them, then he bowed and both groups bowed with him. Then those who were closest to him prostrated. Then they moved back and the others moved forward and prostrated. Then he stood and led them all in bowing, those who were closest to him and those who were guarding him. Then he led those who were closest to him in prostrating, then they moved back and took the place of their companions and the others came forward and prostrated. Then he said the taslim so each group had prayed two rak'ahs with their imam. And he offered the fear prayer once in the land of Banu Sulaym.\""
      },
      "turkish": {
        "narrator": "It was narrated that Abu 'Ayyash Al-Zuraqi said:",
        "text": "Ebu Ayyash El-Zuraqi dedi ki: \"Biz Allah'ın Elçisi (ﷺ) ile 'Usfan'da idik ve Allah'ın Elçisi (ﷺ) bize öğle namazı kıldırdı. O gün putperestler Halid bin Velid tarafından yönetiliyordu ve putperestler dediler ki: 'Onları hazırlıksız yakaladık.' Sonra korku namazı öğle ile ikindi arasında indirildi. Allah'ın Elçisi (ﷺ) bize ikindi namazı kıldırdı ve bizi iki gruba ayırdı, bir grup Peygamber (ﷺ) ile namaz kıldı, diğer grup onu korudu. En yakınındakilerle tekbir getirdi ve onları koruyanlarla birlikte rükû yaptı, sonra en yakınındakiler secde etti. Sonra geri çekildiler ve diğerleri öne geçti ve secde ettiler. Sonra ayağa kalktı ve hepsini rükû ettirdi, en yakınındakilerle ve onları koruyanlarla birlikte. Sonra en yakınındakilere secde ettirdi, sonra geri çekildiler ve arkadaşlarının yerini aldılar, diğerleri öne geçti ve secde ettiler. Sonra selam verdi, böylece her grup imamlarıyla iki rekat kılmış oldu. Ve o, Banu Sulaym topraklarında bir kez korku namazı kıldırdı.\""
      }
    },
    {
      "id": 23,
      "idInBook": 23,
      "chapterId": 18,
      "bookId": 3,
      "arabic": "أَخْبَرَنَا مُحَمَّدُ بْنُ عَبْدِ الأَعْلَى، وَإِسْمَاعِيلُ بْنُ مَسْعُودٍ، - وَاللَّفْظُ لَهُ - قَالاَ حَدَّثَنَا خَالِدٌ، عَنْ أَشْعَثَ، عَنِ الْحَسَنِ، عَنْ أَبِي بَكْرَةَ، أَنَّ رَسُولَ اللَّهِ صلى الله عليه وسلم صَلَّى بِالْقَوْمِ فِي الْخَوْفِ رَكْعَتَيْنِ ثُمَّ سَلَّمَ ثُمَّ صَلَّى بِالْقَوْمِ الآخَرِينَ رَكْعَتَيْنِ ثُمَّ سَلَّمَ فَصَلَّى النَّبِيُّ صلى الله عليه وسلم أَرْبَعًا ‏.‏",
      "english": {
        "narrator": "It was narrated from Abu Bakrah that:",
        "text": "The Messenger of Allah (ﷺ) led the people in offering the fear prayer, two rak'ahs. Then he said the taslim and led others in offering the fear prayer, then he said the taslim. So the Prophet (ﷺ) had prayed four rak'ahs."
      },
      "turkish": {
        "narrator": "It was narrated from Abu Bakrah that:",
        "text": "Ebu Bekir'den rivayet edildi ki: \"Allah'ın Elçisi (ﷺ) insanlara korku namazı kıldırdı, iki rekat. Sonra selam verdi ve diğerlerine korku namazı kıldırdı, sonra selam verdi. Böylece Peygamber (ﷺ) dört rekat kılmış oldu.\""
      }
    },
    {
      "id": 24,
      "idInBook": 24,
      "chapterId": 18,
      "bookId": 3,
      "arabic": "أَخْبَرَنِي إِبْرَاهِيمُ بْنُ يَعْقُوبَ، قَالَ حَدَّثَنَا عَمْرُو بْنُ عَاصِمٍ، قَالَ حَدَّثَنَا حَمَّادُ بْنُ سَلَمَةَ، عَنْ قَتَادَةَ، عَنِ الْحَسَنِ، عَنْ جَابِرِ بْنِ عَبْدِ اللَّهِ، أَنَّ رَسُولَ اللَّهِ صلى الله عليه وسلم صَلَّى بِطَائِفَةٍ مِنْ أَصْحَابِهِ رَكْعَتَيْنِ ثُمَّ سَلَّمَ ثُمَّ صَلَّى بِآخَرِينَ أَيْضًا رَكْعَتَيْنِ ثُمَّ سَلَّمَ ‏.‏",
      "english": {
        "narrator": "It was narrated from Jabir bin 'Abdullah that:",
        "text": "The Prophet (ﷺ) led a group of his companions in praying two rak'ahs, then he said the taslim, then he led some others in praying two rak'ahs, then he said the taslim."
      },
      "turkish": {
        "narrator": "It was narrated from Jabir bin 'Abdullah that:",
        "text": "Cabir bin Abdullah'dan rivayet edildi ki: \"Peygamber (ﷺ) bir grup arkadaşına iki rekat namaz kıldırdı, sonra selam verdi, sonra diğerlerine iki rekat namaz kıldırdı, sonra selam verdi.\""
      }
    },
    {
      "id": 25,
      "idInBook": 25,
      "chapterId": 18,
      "bookId": 3,
      "arabic": "أَخْبَرَنَا أَبُو حَفْصٍ، عَمْرُو بْنُ عَلِيٍّ قَالَ حَدَّثَنَا يَحْيَى بْنُ سَعِيدٍ، عَنْ يَحْيَى بْنِ سَعِيدٍ، عَنِ الْقَاسِمِ بْنِ مُحَمَّدٍ، عَنْ صَالِحِ بْنِ خَوَّاتٍ، عَنْ سَهْلِ بْنِ أَبِي حَثْمَةَ، فِي صَلاَةِ الْخَوْفِ قَالَ يَقُومُ الإِمَامُ مُسْتَقْبِلَ الْقِبْلَةِ وَتَقُومُ طَائِفَةٌ مِنْهُمْ مَعَهُ وَطَائِفَةٌ قِبَلَ الْعَدُوِّ وَوُجُوهُهُمْ إِلَى الْعَدُوِّ فَيَرْكَعُ بِهِمْ رَكْعَةً وَيَرْكَعُونَ لأَنْفُسِهِمْ وَيَسْجُدُونَ سَجْدَتَيْنِ فِي مَكَانِهِمْ وَيَذْهَبُونَ إِلَى مَقَامِ أُولَئِكَ وَيَجِيءُ أُولَئِكَ فَيَرْكَعُ بِهِمْ وَيَسْجُدُ بِهِمْ سَجْدَتَيْنِ فَهِيَ لَهُ ثِنْتَانِ وَلَهُمْ وَاحِدَةٌ ثُمَّ يَرْكَعُونَ رَكْعَةً رَكْعَةً وَيَسْجُدُونَ سَجْدَتَيْنِ ‏.‏",
      "english": {
        "narrator": "It was narrated that Sahl bin Abi Hathmah said concerning the fear prayer:",
        "text": "\"The imam should stand up facing the Qiblah and some of them should stand with him while the others stand facing the enemy. Then he should pray one rak'ah with them and they should pray another rak'ah by themselves, and prostrate twice where they are. Then they should go to where the others are and the others should  come and he should lead them in bowing once and prostrating twice, so it will be two rak'ahs for him and one for them. Then they should bow once and prostrate twice (by themselves, to make up the other rak'ah).\""
      },
      "turkish": {
        "narrator": "It was narrated that Sahl bin Abi Hathmah said concerning the fear prayer:",
        "text": "Sahl bin Ebi Hatma korku namazı hakkında şöyle dedi: \"İmam kıbleye karşı durmalı ve bazıları onunla birlikte durmalı, diğerleri düşmana karşı durmalıdır. Sonra onlarla bir rekat kılmalı ve diğer rekatı kendileri kılmalı, bulundukları yerde iki kez secde etmelidirler. Sonra diğerlerinin yanına gitmeli ve diğerleri gelmeli, bir kez rükû ve iki kez secde ettirmelidir, böylece onun için iki rekat, onlar için bir rekat olur. Sonra bir kez rükû yapmalı ve iki kez secde etmelidirler (kendileri, diğer rekatı tamamlamak için).\""
      }
    },
    {
      "id": 26,
      "idInBook": 26,
      "chapterId": 18,
      "bookId": 3,
      "arabic": "أَخْبَرَنَا عَمْرُو بْنُ عَلِيٍّ، قَالَ حَدَّثَنَا عَبْدُ الأَعْلَى، قَالَ حَدَّثَنَا يُونُسُ، عَنِ الْحَسَنِ، قَالَ حَدَّثَ جَابِرُ بْنُ عَبْدِ اللَّهِ، أَنَّ رَسُولَ اللَّهِ صلى الله عليه وسلم صَلَّى بِأَصْحَابِهِ صَلاَةَ الْخَوْفِ فَصَلَّتْ طَائِفَةٌ مَعَهُ وَطَائِفَةٌ وُجُوهُهُمْ قِبَلَ الْعَدُوِّ فَصَلَّى بِهِمْ رَكْعَتَيْنِ ثُمَّ قَامُوا مَقَامَ الآخَرِينَ وَجَاءَ الآخَرُونَ فَصَلَّى بِهِمْ رَكْعَتَيْنِ ثُمَّ سَلَّمَ ‏.‏",
      "english": {
        "narrator": "Jabir bin 'Abdullah narrated that :",
        "text": "The Messenger of Allah (ﷺ) led his companions in offering the fear prayer. One group prayed with him while the other was facing the enemy. He led them in praying two rak'ahs, then they went and took the place of the others, and the others came and he led them in praying two rak'ahs, then he said the taslim."
      },
      "turkish": {
        "narrator": "Jabir bin 'Abdullah narrated that :",
        "text": "Cabir bin Abdullah rivayet etti ki: \"Allah'ın Elçisi (ﷺ) arkadaşlarına korku namazı kıldırdı. Bir grup onunla birlikte namaz kıldı, diğer grup düşmana karşı duruyordu. İki rekat kıldırdı, sonra geri çekilip diğerlerinin yerini aldılar, diğerleri geldi ve onlara iki rekat kıldırdı, sonra selam verdi.\""
      }
    },
    {
      "id": 27,
      "idInBook": 27,
      "chapterId": 18,
      "bookId": 3,
      "arabic": "أَخْبَرَنَا عَمْرُو بْنُ عَلِيٍّ، قَالَ حَدَّثَنَا يَحْيَى بْنُ سَعِيدٍ، قَالَ حَدَّثَنَا الأَشْعَثُ، عَنِ الْحَسَنِ، عَنْ أَبِي بَكْرَةَ، عَنِ النَّبِيِّ صلى الله عليه وسلم أَنَّهُ صَلَّى صَلاَةَ الْخَوْفِ بِالَّذِينَ خَلْفَهُ رَكْعَتَيْنِ وَالَّذِينَ جَاءُوا بَعْدُ رَكْعَتَيْنِ فَكَانَتْ لِلنَّبِيِّ صلى الله عليه وسلم أَرْبَعَ رَكَعَاتٍ وَلِهَؤُلاَءِ رَكْعَتَيْنِ رَكْعَتَيْنِ ‏.‏",
      "english": {
        "narrator": "It was narrated from Abu Bakrah that:",
        "text": "The Prophet (ﷺ) offered the fear prayer with those who were behind him, praying two rak'ahs (with them) and two rak'ahs with those who came after them, so the Prophet (ﷺ) prayed four rak'ahs and the others each prayed two rak'ahs."
      },
      "turkish": {
        "narrator": "It was narrated from Abu Bakrah that:",
        "text": "Ebu Bekir'den rivayet edildi ki: \"Peygamber (ﷺ) arkasındakilerle birlikte korku namazı kıldı, onlarla iki rekat ve ardından gelenlerle iki rekat kıldı, böylece Peygamber (ﷺ) dört rekat kıldı ve diğerleri her biri iki rekat kıldı.\""
      }
    }
  ],
  "chapter": {
    "id": 18,
    "bookId": 3,
    "arabic": "كتاب صلاة الخوف",
    "english": "The Book of the Fear Prayer"
  }
}