{
  "metadata": {
    "length": 14,
    "arabic": {
      "title": "سنن النسائي",
      "author": "الإمام أبو عبد الرحمن أحمد بن شعيب النسائي",
      "introduction": "كتاب الرقبى"
    },
    "english": {
      "title": "Sunan al-Nasa'i",
      "author": "Imam Ahmad ibn Shu'ayb al-Nasa'i",
      "introduction": "The Book of ar-Ruqba"
    }
  },
  "hadiths": [
    {
      "id": 1,
      "idInBook": 1,
      "chapterId": 33,
      "bookId": 3,
      "arabic": "أَخْبَرَنَا هِلاَلُ بْنُ الْعَلاَءِ، قَالَ حَدَّثَنَا أَبِي قَالَ، حَدَّثَنَا عُبَيْدُ اللَّهِ، - وَهُوَ ابْنُ عَمْرٍو - عَنْ سُفْيَانَ، عَنِ ابْنِ أَبِي نَجِيحٍ، عَنْ طَاوُسٍ، عَنْ زَيْدِ بْنِ ثَابِتٍ، عَنِ النَّبِيِّ صلى الله عليه وسلم قَالَ ‏\n\"‏ الرُّقْبَى جَائِزَةٌ ‏\"‏ ‏.‏",
      "english": {
        "narrator": "Hilal bin Al-'Ala' informed us:",
        "text": "\"My father narrated to us: Ubaidullah -he is, Ibn 'Amr- narrated to us, from Sufyan, from Ibn Abi Najih, from Tawus, from Zaid bin Thabit, that the Prophet said: 'Ar-Ruqba is permissible.'\""
      },
      "turkish": {
        "narrator": "Hilal bin Al-'Ala' informed us:",
        "text": "Hilal bin Al-'Ala' bize haber verdi: \"Babam bize aktardı: Ubaidullah -o, İbn 'Amr'dır- Sufyan'dan, İbn Abi Najih'den, Tawus'tan, Zaid bin Thabit'ten, Peygamber'in şöyle söylediğini aktardı: 'Ar-Ruqba caizdir.'\""
      }
    },
    {
      "id": 2,
      "idInBook": 2,
      "chapterId": 33,
      "bookId": 3,
      "arabic": "أَخْبَرَنِي مُحَمَّدُ بْنُ عَلِيِّ بْنِ مَيْمُونٍ، قَالَ حَدَّثَنَا مُحَمَّدٌ، - وَهُوَ ابْنُ يُوسُفَ - قَالَ حَدَّثَنَا سُفْيَانُ، عَنِ ابْنِ أَبِي نَجِيحٍ، عَنْ طَاوُسٍ، عَنْ رَجُلٍ، عَنْ زَيْدِ بْنِ ثَابِتٍ، أَنَّ النَّبِيَّ صلى الله عليه وسلم جَعَلَ الرُّقْبَى لِلَّذِي أُرْقِبَهَا ‏.‏",
      "english": {
        "narrator": "Muhammad bin 'Ali bin Maimun informed us, he said:",
        "text": "\"Muhammad -he is, Ibn Yusuf- narrated to us, he said: 'Sufyan narrated to us from Ibn Abi Najih, from Tawus, from a man, from Zaid bin Thabit that the Prophet ruled that the Ruqba belongs to the one to whom it is given.'\""
      },
      "turkish": {
        "narrator": "Muhammad bin 'Ali bin Maimun informed us, he said:",
        "text": "Muhammad bin 'Ali bin Maimun bize haber verdi, dedi ki: \"Muhammad -o, İbn Yusuf'dur- bize aktardı, dedi ki: 'Sufyan, İbn Abi Najih'den, Tawus'tan, bir adamdan, Zaid bin Thabit'ten, Peygamber'in Ruqba'nın verildiği kişiye ait olduğunu hükmettiğini aktardı.'\""
      }
    },
    {
      "id": 3,
      "idInBook": 3,
      "chapterId": 33,
      "bookId": 3,
      "arabic": "أَخْبَرَنَا زَكَرِيَّا بْنُ يَحْيَى، قَالَ حَدَّثَنَا عَبْدُ الْجَبَّارِ بْنُ الْعَلاَءِ، قَالَ حَدَّثَنَا سُفْيَانُ، عَنِ ابْنِ أَبِي نَجِيحٍ، عَنْ طَاوُسٍ، لَعَلَّهُ عَنِ ابْنِ عَبَّاسٍ، قَالَ لاَ رُقْبَى فَمَنْ أُرْقِبَ شَيْئًا فَهُوَ سَبِيلُ الْمِيرَاثِ ‏.‏",
      "english": {
        "narrator": "Zakariyya bin Yahya informed us, he said:",
        "text": "\"Abdul-Jabbar bin Al-'Ala' narrated to us, he said: 'Sufyan narrated to us from Ibn Abi Najih, from Tawus, and perhaps it is from Ibn 'Abbas, who said: There is no Ruqba, and whoever gives a gift on the basis of Ruqba, it is part of his estate.'\""
      },
      "turkish": {
        "narrator": "Zakariyya bin Yahya informed us, he said:",
        "text": "Zakariyya bin Yahya bize haber verdi, dedi ki: \"Abdul-Jabbar bin Al-'Ala' bize aktardı, dedi ki: 'Sufyan, İbn Abi Najih'den, Tawus'tan, belki de İbn 'Abbas'tan, onun şöyle dediğini aktardı: Ruqba yoktur ve Ruqba'ya dayanarak hediye verenin hediyesi, onun mal varlığının bir parçasıdır.'\""
      }
    },
    {
      "id": 4,
      "idInBook": 4,
      "chapterId": 33,
      "bookId": 3,
      "arabic": "أَخْبَرَنِي مُحَمَّدُ بْنُ وَهْبٍ، قَالَ حَدَّثَنَا مُحَمَّدُ بْنُ سَلَمَةَ، قَالَ حَدَّثَنِي أَبُو عَبْدِ الرَّحِيمِ، قَالَ حَدَّثَنِي زَيْدٌ، عَنْ أَبِي الزُّبَيْرِ، عَنْ طَاوُسٍ، عَنِ ابْنِ عَبَّاسٍ، عَنْ رَسُولِ اللَّهِ صلى الله عليه وسلم قَالَ ‏\n\"‏ لاَ تُرْقِبُوا أَمْوَالَكُمْ فَمَنْ أَرْقَبَ شَيْئًا فَهُوَ لِمَنْ أُرْقِبَهُ ‏\"‏ ‏.‏",
      "english": {
        "narrator": "Zaid narrated from Abu Az-Zubair, from Tawus, from Ibn 'Abbas that the Messenger of Allah said:",
        "text": "\"Do not give away your property on the basis of Ruqba, for whoever gives a gift on that basis, it belongs to the one to whom he gave it.\""
      },
      "turkish": {
        "narrator": "Zaid narrated from Abu Az-Zubair, from Tawus, from Ibn 'Abbas that the Messenger of Allah said:",
        "text": "Zaid, Abu Az-Zubair'den, Tawus'tan, İbn 'Abbas'tan, Allah'ın Elçisi'nin şöyle söylediğini aktardı: \"Ruqba'ya dayanarak malınızı vermeyin, çünkü bu şekilde hediye verenin hediyesi, onu verdiği kişiye aittir.\""
      }
    },
    {
      "id": 5,
      "idInBook": 5,
      "chapterId": 33,
      "bookId": 3,
      "arabic": "أَخْبَرَنَا أَحْمَدُ بْنُ حَرْبٍ، قَالَ حَدَّثَنَا أَبُو مُعَاوِيَةَ، عَنْ حَجَّاجٍ، عَنْ أَبِي الزُّبَيْرِ، عَنْ طَاوُسٍ، عَنِ ابْنِ عَبَّاسِ، قَالَ قَالَ رَسُولُ اللَّهِ صلى الله عليه وسلم ‏\n\"‏ الْعُمْرَى جَائِزَةٌ لِمَنْ أُعْمِرَهَا وَالرُّقْبَى جَائِزَةٌ لِمَنْ أُرْقِبَهَا وَالْعَائِدُ فِي هِبَتِهِ كَالْعَائِدِ فِي قَيْئِهِ ‏\"‏ ‏.‏",
      "english": {
        "narrator": "Hajjaj narrated from Abu Az-Zubair, from Tawus, from Ibn 'Abbas, who said:",
        "text": "\"The Messenger of Allah said: 'Umra (life-long gift) is permissible for the one to whom it is given, and Ruqba is permissible to the one to whom it is given, and the one who takes back his gift is like the one who goes back to his vomit.'\""
      },
      "turkish": {
        "narrator": "Hajjaj narrated from Abu Az-Zubair, from Tawus, from Ibn 'Abbas, who said:",
        "text": "Hajjaj, Abu Az-Zubair'den, Tawus'tan, İbn 'Abbas'tan, onun şöyle dediğini aktardı: \"Allah'ın Elçisi şöyle dedi: 'Umra (ömür boyu hediye) verildiği kişi için caizdir, Ruqba ise verildiği kişi için caizdir ve hediyesini geri alan kimse, kusmuğuna geri dönen kimse gibidir.'\""
      }
    },
    {
      "id": 6,
      "idInBook": 6,
      "chapterId": 33,
      "bookId": 3,
      "arabic": "أَخْبَرَنَا مُحَمَّدُ بْنُ بَشَّارٍ، قَالَ حَدَّثَنَا يَحْيَى، قَالَ حَدَّثَنَا سُفْيَانُ، عَنْ أَبِي الزُّبَيْرِ، عَنْ طَاوُسٍ، عَنِ ابْنِ عَبَّاسٍ، قَالَ الْعُمْرَى وَالرُّقْبَى سَوَاءٌ ‏.‏",
      "english": {
        "narrator": "Sufyan narrated from Abu Az-Zubair, from Tawus, from Ibn 'Abbas, who said:",
        "text": "\"'Umra and Ruqba are the same.\""
      },
      "turkish": {
        "narrator": "Sufyan narrated from Abu Az-Zubair, from Tawus, from Ibn 'Abbas, who said:",
        "text": "Sufyan, Abu Az-Zubair'den, Tawus'tan, İbn 'Abbas'tan, onun şöyle dediğini aktardı: \"'Umra ve Ruqba aynıdır.'\""
      }
    },
    {
      "id": 7,
      "idInBook": 7,
      "chapterId": 33,
      "bookId": 3,
      "arabic": "أَخْبَرَنَا أَحْمَدُ بْنُ سُلَيْمَانَ، قَالَ حَدَّثَنَا يَعْلَى، قَالَ حَدَّثَنَا سُفْيَانُ، عَنْ أَبِي الزُّبَيْرِ، عَنْ طَاوُسٍ، عَنِ ابْنِ عَبَّاسٍ، قَالَ لاَ تَحِلُّ الرُّقْبَى وَلاَ الْعُمْرَى فَمَنْ أُعْمِرَ شَيْئًا فَهُوَ لَهُ وَمَنْ أُرْقِبَ شَيْئًا فَهُوَ لَهُ ‏.‏",
      "english": {
        "narrator": "(A different chain) from Sufyan, from Abu Az-Zubair, from Tawus, from Ibn 'Abbas, who said:",
        "text": "\"Ruqba and 'Umra are not permissible; whoever is given something on the basis of 'Umra, it is his, and whoever is given something on the basis of Ruqba, it is his.\""
      },
      "turkish": {
        "narrator": "(A different chain) from Sufyan, from Abu Az-Zubair, from Tawus, from Ibn 'Abbas, who said:",
        "text": "(Farklı bir senet) Sufyan'dan, Abu Az-Zubair'den, Tawus'tan, İbn 'Abbas'tan, onun şöyle dediğini aktardı: \"Ruqba ve 'Umra caiz değildir; 'Umra'ya dayanarak bir şey verilen kimse, o şey ona aittir ve Ruqba'ya dayanarak bir şey verilen kimse, o şey de ona aittir.\""
      }
    },
    {
      "id": 8,
      "idInBook": 8,
      "chapterId": 33,
      "bookId": 3,
      "arabic": "أَخْبَرَنَا أَحْمَدُ بْنُ سُلَيْمَانَ، قَالَ حَدَّثَنَا مُحَمَّدُ بْنُ بِشْرٍ، قَالَ حَدَّثَنَا حَجَّاجٌ، عَنْ أَبِي الزُّبَيْرِ، عَنْ طَاوُسٍ، عَنِ ابْنِ عَبَّاسٍ، قَالَ لاَ تَصْلُحُ الْعُمْرَى وَلاَ الرُّقْبَى فَمَنْ أَعْمَرَ شَيْئًا أَوْ أَرْقَبَهُ فَإِنَّهُ لِمَنْ أُعْمِرَهُ وَأُرْقِبَهُ حَيَاتَهُ وَمَوْتَهُ ‏.‏ أَرْسَلَهُ حَنْظَلَةُ ‏.‏",
      "english": {
        "narrator": "(A different chain) from Hajjaj, from Abu Az-Zubair, from Tawus, from Ibn 'Abbas, who said:",
        "text": "\"'Umra and Ruqba are not proper. Whoever gives something on the basis of 'Umra or Ruqba, it belongs to the one to whom he gave it on that basis, both during his lifetime and after his death.\" Hanzalah narrated it in Mursal form."
      },
      "turkish": {
        "narrator": "(A different chain) from Hajjaj, from Abu Az-Zubair, from Tawus, from Ibn 'Abbas, who said:",
        "text": "(Farklı bir senet) Hajjaj'dan, Abu Az-Zubair'den, Tawus'tan, İbn 'Abbas'tan, onun şöyle dediğini aktardı: \"'Umra ve Ruqba uygun değildir. 'Umra veya Ruqba'ya dayanarak bir şey veren kimse, onu verdiği kişiye aittir, hem yaşamında hem de ölümünden sonra.\" Hanzalah bunu Mursal olarak aktardı."
      }
    },
    {
      "id": 9,
      "idInBook": 9,
      "chapterId": 33,
      "bookId": 3,
      "arabic": "أَخْبَرَنَا مُحَمَّدُ بْنُ حَاتِمٍ، قَالَ أَنْبَأَنَا حِبَّانُ، قَالَ حَدَّثَنَا عَبْدُ اللَّهِ، عَنْ حَنْظَلَةَ، أَنَّهُ سَمِعَ طَاوُسًا، يَقُولُ قَالَ رَسُولُ اللَّهِ صلى الله عليه وسلم ‏\n\"‏ لاَ تَحِلُّ الرُّقْبَى فَمَنْ أُرْقِبَ رُقْبَى فَهُوَ سَبِيلُ الْمِيرَاثِ ‏\"‏ ‏.‏",
      "english": {
        "narrator": "Hanzalah narrated that he heard Tawus say:",
        "text": "\"The Messenger of Allah said: 'Ruqba is not permissible. Whoever is given something on the basis of Ruqba, it is part of his estate.'\""
      },
      "turkish": {
        "narrator": "Hanzalah narrated that he heard Tawus say:",
        "text": "Hanzalah, Tawus'un şöyle dediğini duyduğunu aktardı: \"Allah'ın Elçisi şöyle dedi: 'Ruqba caiz değildir. Ruqba'ya dayanarak bir şey verilen kimse, onun mal varlığının bir parçasıdır.'\""
      }
    },
    {
      "id": 10,
      "idInBook": 10,
      "chapterId": 33,
      "bookId": 3,
      "arabic": "أَخْبَرَنِي عَبْدَةُ بْنُ عَبْدِ الرَّحِيمِ، عَنْ وَكِيعٍ، قَالَ حَدَّثَنَا سُفْيَانُ، عَنِ ابْنِ أَبِي نَجِيحٍ، عَنْ طَاوُسٍ، عَنْ زَيْدِ بْنِ ثَابِتٍ، قَالَ قَالَ رَسُولُ اللَّهِ صلى الله عليه وسلم ‏\n\"‏ الْعُمْرَى مِيرَاثٌ ‏\"‏ ‏.‏",
      "english": {
        "narrator": "Sufyan narrated from Ibn Abi Najih, from Tawus, from Zaid bin Thabit, who said:",
        "text": "\"The Messenger of Allah said: 'Umra (a gift given for life) is part of the estate.'\""
      },
      "turkish": {
        "narrator": "Sufyan narrated from Ibn Abi Najih, from Tawus, from Zaid bin Thabit, who said:",
        "text": "Sufyan, İbn Abi Najih'den, Tawus'tan, Zaid bin Thabit'ten, onun şöyle dediğini aktardı: \"Allah'ın Elçisi şöyle dedi: 'Umra (ömür boyu verilen hediye) mal varlığının bir parçasıdır.'\""
      }
    },
    {
      "id": 11,
      "idInBook": 11,
      "chapterId": 33,
      "bookId": 3,
      "arabic": "أَخْبَرَنَا مُحَمَّدُ بْنُ عَبْدِ اللَّهِ بْنِ يَزِيدَ، قَالَ حَدَّثَنَا سُفْيَانُ، عَنِ ابْنِ طَاوُسٍ، عَنْ أَبِيهِ، عَنْ حُجْرٍ الْمَدَرِيِّ، عَنْ زَيْدٍ، قَالَ قَالَ رَسُولُ اللَّهِ صلى الله عليه وسلم ‏\n\"‏ الْعُمْرَى لِلْوَارِثِ ‏\"‏ ‏.‏",
      "english": {
        "narrator": "Sufyan narrated from Ibn Tawus, from his father, from Hujr Al-Madari, from Zaid, who said:",
        "text": "\"The Messenger of Allah said: 'Umra (a gift given for life) is for the heir.'\""
      },
      "turkish": {
        "narrator": "Sufyan narrated from Ibn Tawus, from his father, from Hujr Al-Madari, from Zaid, who said:",
        "text": "Sufyan, İbn Tawus'dan, babasından, Hujr Al-Madari'den, Zaid'den, onun şöyle dediğini aktardı: \"Allah'ın Elçisi şöyle dedi: 'Umra (ömür boyu verilen hediye) mirasçınındır.'\""
      }
    },
    {
      "id": 12,
      "idInBook": 12,
      "chapterId": 33,
      "bookId": 3,
      "arabic": "أَخْبَرَنَا مُحَمَّدُ بْنُ عُبَيْدٍ، قَالَ حَدَّثَنَا عَبْدُ اللَّهِ بْنُ الْمُبَارَكِ، عَنْ مَعْمَرٍ، عَنِ ابْنِ طَاوُسٍ، عَنْ أَبِيهِ، عَنْ حُجْرٍ الْمَدَرِيِّ، عَنْ زَيْدِ بْنِ ثَابِتٍ، عَنِ النَّبِيِّ صلى الله عليه وسلم قَالَ ‏\n\"‏ الْعُمْرَى جَائِزَةٌ ‏\"‏ ‏.‏",
      "english": {
        "narrator": "Ma'mar narrated from Ibn Tawus, from his father, from Hujr Al-Madari, from Zaid bin Thabit, from Prophet, who said:",
        "text": "\"'Umra (a gift given for life) is permissible.\""
      },
      "turkish": {
        "narrator": "Ma'mar narrated from Ibn Tawus, from his father, from Hujr Al-Madari, from Zaid bin Thabit, from Prophet, who said:",
        "text": "Ma'mar, İbn Tawus'dan, babasından, Hujr Al-Madari'den, Zaid bin Thabit'ten, Peygamber'den, onun şöyle dediğini aktardı: \"'Umra (ömür boyu verilen hediye) caizdir.'\""
      }
    },
    {
      "id": 13,
      "idInBook": 13,
      "chapterId": 33,
      "bookId": 3,
      "arabic": "أَخْبَرَنَا مُحَمَّدُ بْنُ عُبَيْدٍ، عَنِ ابْنِ الْمُبَارَكِ، عَنْ مَعْمَرٍ، عَنْ عَمْرِو بْنِ دِينَارٍ، عَنْ طَاوُسٍ، عَنْ زَيْدِ بْنِ ثَابِتٍ، عَنِ النَّبِيِّ صلى الله عليه وسلم قَالَ ‏\n\"‏ الْعُمْرَى لِلْوَارِثِ ‏\"‏ ‏.‏",
      "english": {
        "narrator": "Ma'mar narrated from 'Amr bin Dinar, from Tawus, from Zaid bin Thabit, that the Prophet said:",
        "text": "\"'Umra (a gift given for life) belongs to the heir.\""
      },
      "turkish": {
        "narrator": "Ma'mar narrated from 'Amr bin Dinar, from Tawus, from Zaid bin Thabit, that the Prophet said:",
        "text": "Ma'mar, 'Amr bin Dinar'dan, Tawus'tan, Zaid bin Thabit'ten, Peygamber'in şöyle dediğini aktardı: \"'Umra (ömür boyu verilen hediye) mirasçınındır.\""
      }
    },
    {
      "id": 14,
      "idInBook": 14,
      "chapterId": 33,
      "bookId": 3,
      "arabic": "أَخْبَرَنَا مُحَمَّدُ بْنُ حَاتِمٍ، قَالَ أَنْبَأَنَا حِبَّانُ، قَالَ أَنْبَأَنَا عَبْدُ اللَّهِ، عَنْ مَعْمَرٍ، قَالَ سَمِعْتُ عَمْرَو بْنَ دِينَارٍ، يُحَدِّثُ عَنْ طَاوُسٍ، عَنْ حُجْرٍ الْمَدَرِيِّ، عَنْ زَيْدِ بْنِ ثَابِتٍ، أَنَّ رَسُولَ اللَّهِ صلى الله عليه وسلم قَالَ ‏\n\"‏ الْعُمْرَى لِلْوَارِثِ ‏\"‏ ‏.‏ وَاللَّهُ أَعْلَمُ ‏.‏",
      "english": {
        "narrator": "(A different chain) from Ma'mar who said:",
        "text": "\"I heard 'Amr bin Dinar, narrating from Tawus, from Hujr Al-Madari, from Zaid bin Thabit, that the Messenger of Allah said: \"'Umra (a gift given for life) belongs to the heir.\" And Allah knows best.\""
      },
      "turkish": {
        "narrator": "(A different chain) from Ma'mar who said:",
        "text": "(Farklı bir senet) Ma'mar'dan, o şöyle dedi: \"Ben 'Amr bin Dinar'ın, Tawus'tan, Hujr Al-Madari'den, Zaid bin Thabit'ten, Allah'ın Elçisi'nin şöyle dediğini aktardığını duydum: \"'Umra (ömür boyu verilen hediye) mirasçınındır.\" Ve Allah en iyi bilendir.\""
      }
    }
  ],
  "chapter": {
    "id": 33,
    "bookId": 3,
    "arabic": "كتاب الرقبى",
    "english": "The Book of ar-Ruqba"
  }
}