{
  "metadata": {
    "length": 42,
    "arabic": {
      "title": "سنن النسائي",
      "author": "الإمام أبو عبد الرحمن أحمد بن شعيب النسائي",
      "introduction": "كتاب العمرى"
    },
    "english": {
      "title": "Sunan al-Nasa'i",
      "author": "Imam Ahmad ibn Shu'ayb al-Nasa'i",
      "introduction": "The Book of 'Umra"
    }
  },
  "hadiths": [
    {
      "id": 1,
      "idInBook": 1,
      "chapterId": 34,
      "bookId": 3,
      "arabic": "أَخْبَرَنَا مُحَمَّدُ بْنُ عَبْدِ الأَعْلَى، قَالَ حَدَّثَنَا خَالِدٌ، قَالَ حَدَّثَنَا شُعْبَةُ، عَنْ عَمْرِو بْنِ دِينَارٍ، قَالَ سَمِعْتُ طَاوُسًا، يُحَدِّثُ عَنْ زَيْدِ بْنِ ثَابِتٍ، عَنِ النَّبِيِّ صلى الله عليه وسلم قَالَ ‏\n\"‏ الْعُمْرَى هِيَ لِلْوَارِثِ ‏\"‏ ‏.‏",
      "english": {
        "narrator": "It was narrated from Zaid bin Thabit that the Prophet said:",
        "text": "\"'Umra (a gift given for life) belongs to the heir.\""
      },
      "turkish": {
        "narrator": "It was narrated from Zaid bin Thabit that the Prophet said:",
        "text": "Zaid bin Thabit'ten rivayet edilmiştir ki, Peygamber şöyle demiştir: \"'Umra (ömür boyu verilen bir hediye) mirasçısına aittir.\""
      }
    },
    {
      "id": 2,
      "idInBook": 2,
      "chapterId": 34,
      "bookId": 3,
      "arabic": "أَخْبَرَنَا عَمْرُو بْنُ عَلِيٍّ، قَالَ حَدَّثَنَا أَبُو دَاوُدَ، قَالَ حَدَّثَنَا شُعْبَةُ، قَالَ أَخْبَرَنِي عَمْرُو بْنُ دِينَارٍ، قَالَ سَمِعْتُ طَاوُسًا، يُحَدِّثُ عَنْ حُجْرٍ الْمَدَرِيِّ، عَنْ زَيْدِ بْنِ ثَابِتٍ، أَنَّ رَسُولَ اللَّهِ صلى الله عليه وسلم قَالَ ‏\n\"‏ الْعُمْرَى لِلْوَارِثِ ‏\"‏ ‏.‏",
      "english": {
        "narrator": "It was narrated from Zaid bin Thabit that the Messenger of Allah said:",
        "text": "\"'Umra (a gift given for life) belongs to the heir.\""
      },
      "turkish": {
        "narrator": "It was narrated from Zaid bin Thabit that the Messenger of Allah said:",
        "text": "Zaid bin Thabit'ten rivayet edilmiştir ki, Allah'ın Elçisi şöyle demiştir: \"'Umra (ömür boyu verilen bir hediye) mirasçısına aittir.\""
      }
    },
    {
      "id": 3,
      "idInBook": 3,
      "chapterId": 34,
      "bookId": 3,
      "arabic": "أَخْبَرَنَا مُحَمَّدُ بْنُ عَبْدِ اللَّهِ بْنِ يَزِيدَ، عَنْ سُفْيَانَ، عَنْ عَمْرٍو، عَنْ طَاوُسٍ، عَنْ حُجْرٍ الْمَدَرِيِّ، عَنْ زَيْدِ بْنِ ثَابِتٍ، أَنَّ النَّبِيَّ صلى الله عليه وسلم قَضَى بِالْعُمْرَى لِلْوَارِثِ ‏.‏",
      "english": {
        "narrator": "",
        "text": "It was narrated from Zaid bin Thabit that the Prophet ruled that 'Umra (a gift given for life) belongs to the heir."
      },
      "turkish": {
        "narrator": "",
        "text": "Zaid bin Thabit'ten rivayet edilmiştir ki, Peygamber 'Umra'nın (ömür boyu verilen bir hediye) mirasçısına ait olduğuna hükmetmiştir."
      }
    },
    {
      "id": 4,
      "idInBook": 4,
      "chapterId": 34,
      "bookId": 3,
      "arabic": "أَخْبَرَنَا مُحَمَّدُ بْنُ الْمُثَنَّى، عَنْ سُفْيَانَ، عَنْ عَمْرٍو، عَنْ طَاوُسٍ، عَنْ حُجْرٍ الْمَدَرِيِّ، عَنْ زَيْدِ بْنِ ثَابِتٍ، أَنَّ النَّبِيَّ صلى الله عليه وسلم قَضَى بِالْعُمْرَى لِلْوَارِثِ ‏.‏",
      "english": {
        "narrator": "",
        "text": "It was narrated from Zaid bin Thabit that the Prophet ruled that 'Umra (a gift given for life) belongs to the heir."
      },
      "turkish": {
        "narrator": "",
        "text": "Zaid bin Thabit'ten rivayet edilmiştir ki, Peygamber 'Umra'nın (ömür boyu verilen bir hediye) mirasçısına ait olduğuna hükmetmiştir."
      }
    },
    {
      "id": 5,
      "idInBook": 5,
      "chapterId": 34,
      "bookId": 3,
      "arabic": "أَخْبَرَنَا مُحَمَّدُ بْنُ عُبَيْدِ اللَّهِ بْنِ يَزِيدَ بْنِ إِبْرَاهِيمَ، قَالَ أَخْبَرَنِي أَبِي أَنَّهُ، عَرَضَ عَلَىَّ مَعْقِلٌ عَنْ عَمْرِو بْنِ دِينَارٍ، عَنْ حُجْرٍ الْمَدَرِيِّ، عَنْ زَيْدِ بْنِ ثَابِتٍ، قَالَ قَالَ رَسُولُ اللَّهِ صلى الله عليه وسلم ‏\n\"‏ مَنْ أَعْمَرَ شَيْئًا فَهُوَ لِمُعْمَرِهِ مَحْيَاهُ وَمَمَاتَهُ وَلاَ تَرْقُبُوا فَمَنْ أَرْقَبَ شَيْئًا فَهُوَ لِسَبِيلِهِ ‏\"‏ ‏.‏",
      "english": {
        "narrator": "It was narrated that Zaid bin Thabit said:",
        "text": "The Messenger of Allah said: \"Whoever gives a life-long gift, it belongs to the one to whom he gave it, both during his life and after his death. And do not give things on the basis of Ruqba, for whoever is given something on the basis of Ruqba, it becomes part of his estate.\""
      },
      "turkish": {
        "narrator": "It was narrated that Zaid bin Thabit said:",
        "text": "Zaid bin Thabit'ten rivayet edilmiştir ki, Allah'ın Elçisi şöyle demiştir: \"Kim ömür boyu bir hediye verirse, bu hediye onu alan kişiye aittir, hem hayatta olduğu sürece hem de ölümünden sonra. Ve Ruqba esasına göre şeyler vermeyin, çünkü Ruqba esasına göre bir şey verilen kimse, bu şey onun mirasına dahil olur.\""
      }
    },
    {
      "id": 6,
      "idInBook": 6,
      "chapterId": 34,
      "bookId": 3,
      "arabic": "أَخْبَرَنِي زَكَرِيَّا بْنُ يَحْيَى، قَالَ حَدَّثَنَا زَيْدُ بْنُ أَخْزَمَ، قَالَ أَنْبَأَنَا مُعَاذُ بْنُ هِشَامٍ، قَالَ حَدَّثَنِي أَبِي، عَنْ قَتَادَةَ، قَالَ حَدَّثَنَا عَمْرُو بْنُ دِينَارٍ، عَنْ طَاوُسٍ، عَنِ الْحَجُورِيِّ، عَنْ عَبْدِ اللَّهِ بْنِ عَبَّاسٍ، عَنِ النَّبِيِّ صلى الله عليه وسلم قَالَ ‏\n\"‏ الْعُمْرَى جَائِزَةٌ ‏\"‏ ‏.‏",
      "english": {
        "narrator": "It was narrated from 'Abdullah bin 'Abbas that the Prophet said:",
        "text": "\"'Umra is permissible.\""
      },
      "turkish": {
        "narrator": "It was narrated from 'Abdullah bin 'Abbas that the Prophet said:",
        "text": "'Abdullah bin 'Abbas'tan rivayet edilmiştir ki, Peygamber şöyle demiştir: \"'Umra caizdir.\""
      }
    },
    {
      "id": 7,
      "idInBook": 7,
      "chapterId": 34,
      "bookId": 3,
      "arabic": "أَخْبَرَنَا هَارُونُ بْنُ مُحَمَّدِ بْنِ بَكَّارِ بْنِ بِلاَلٍ، قَالَ حَدَّثَنَا أَبِي قَالَ، حَدَّثَنَا سَعِيدٌ، - هُوَ ابْنُ بَشِيرٍ - عَنْ عَمْرِو بْنِ دِينَارٍ، عَنْ طَاوُسٍ، عَنِ ابْنِ عَبَّاسٍ، عَنِ النَّبِيِّ صلى الله عليه وسلم قَالَ ‏\n\"‏ إِنَّ الْعُمْرَى جَائِزَةٌ ‏\"‏ ‏.‏",
      "english": {
        "narrator": "It was narrated from Ibn 'Abbas that the Prophet said:",
        "text": "\"Indeed 'Umra is permissible.\""
      },
      "turkish": {
        "narrator": "It was narrated from Ibn 'Abbas that the Prophet said:",
        "text": "İbn 'Abbas'tan rivayet edilmiştir ki, Peygamber şöyle demiştir: \"Gerçekten 'Umra caizdir.\""
      }
    },
    {
      "id": 8,
      "idInBook": 8,
      "chapterId": 34,
      "bookId": 3,
      "arabic": "أَخْبَرَنَا مُحَمَّدُ بْنُ حَاتِمٍ، قَالَ حَدَّثَنَا حِبَّانُ، قَالَ أَنْبَأَنَا عَبْدُ اللَّهِ، عَنْ مُحَمَّدِ بْنِ إِسْحَاقَ، قَالَ حَدَّثَنَا مَكْحُولٌ، عَنْ طَاوُسٍ، بَتَلَ رَسُولُ اللَّهِ صلى الله عليه وسلم الْعُمْرَى وَالرُّقْبَى ‏.‏",
      "english": {
        "narrator": "",
        "text": "It was narrated from Tawus that the Messenger of Allah made 'Umra and Ruqba binding."
      },
      "turkish": {
        "narrator": "",
        "text": "Tawus'tan rivayet edilmiştir ki, Allah'ın Elçisi 'Umra ve Ruqba'yı bağlayıcı kılmıştır."
      }
    },
    {
      "id": 9,
      "idInBook": 9,
      "chapterId": 34,
      "bookId": 3,
      "arabic": "أَخْبَرَنَا عَمْرُو بْنُ عَلِيٍّ، قَالَ حَدَّثَنَا أَبُو دَاوُدَ، قَالَ حَدَّثَنَا بِسْطَامُ بْنُ مُسْلِمٍ، قَالَ حَدَّثَنَا مَالِكُ بْنُ دِينَارٍ، عَنْ عَطَاءٍ، عَنْ جَابِرٍ، أَنَّ رَسُولَ اللَّهِ صلى الله عليه وسلم خَطَبَهُمْ فَقَالَ ‏\n\"‏ الْعُمْرَى جَائِزَةٌ ‏\"‏ ‏.‏",
      "english": {
        "narrator": "Malik bin Dinar narrated from 'Ata', from Jabir that the Messenger of Allah addressed them one day and said:",
        "text": "\"'Umra is permissible.\""
      },
      "turkish": {
        "narrator": "Malik bin Dinar narrated from 'Ata', from Jabir that the Messenger of Allah addressed them one day and said:",
        "text": "Malik bin Dinar, 'Ata' dan, Jabir'den rivayet etmiştir ki, Allah'ın Elçisi bir gün onlara hitap ederek şöyle demiştir: \"'Umra caizdir.\""
      }
    },
    {
      "id": 10,
      "idInBook": 10,
      "chapterId": 34,
      "bookId": 3,
      "arabic": "أَخْبَرَنَا أَحْمَدُ بْنُ سُلَيْمَانَ، قَالَ أَنْبَأَنَا عُبَيْدُ اللَّهِ، عَنْ إِسْرَائِيلَ، عَنْ عَبْدِ الْكَرِيمِ، عَنْ عَطَاءٍ، قَالَ نَهَى رَسُولُ اللَّهِ صلى الله عليه وسلم عَنِ الْعُمْرَى وَالرُّقْبَى ‏.‏ قُلْتُ وَمَا الرُّقْبَى قَالَ يَقُولُ الرَّجُلُ لِلرَّجُلِ هِيَ لَكَ حَيَاتَكَ ‏.‏ فَإِنْ فَعَلْتُمْ فَهُوَ جَائِزَةٌ ‏.‏",
      "english": {
        "narrator": "'Abdul-Karim narrated from 'Ata', who said:",
        "text": "\"The Messenger of Allah forbade 'Umra and Ruqba.\" I said: \"What is Ruqba?\" He said: \"When one man says to another: 'This belongs to you for the rest of your life.' But if you do that, it is permissible.\""
      },
      "turkish": {
        "narrator": "'Abdul-Karim narrated from 'Ata', who said:",
        "text": "'Abdul-Karim, 'Ata'dan rivayet etmiştir ki, o şöyle demiştir: \"Allah'ın Elçisi 'Umra ve Ruqba'yı yasakladı.\" Ben sordum: \"Ruqba nedir?\" O dedi ki: \"Bir adam diğerine 'Bu senin ömür boyu senindir.' dediğinde. Ama bunu yaparsan, caizdir.\""
      }
    },
    {
      "id": 11,
      "idInBook": 11,
      "chapterId": 34,
      "bookId": 3,
      "arabic": "أَخْبَرَنَا مُحَمَّدُ بْنُ الْمُثَنَّى، قَالَ حَدَّثَنَا مُحَمَّدٌ، قَالَ حَدَّثَنَا شُعْبَةُ، قَالَ سَمِعْتُ قَتَادَةَ، يُحَدِّثُ عَنْ عَطَاءٍ، عَنْ جَابِرٍ، عَنِ النَّبِيِّ صلى الله عليه وسلم قَالَ ‏\n\"‏ الْعُمْرَى جَائِزَةٌ ‏\"‏ ‏.‏",
      "english": {
        "narrator": "Shu'bah said:",
        "text": "\"I heard Qatadah narrating from 'Ata', from Jabir that the Prophet said: 'Umra is permissible.'\""
      },
      "turkish": {
        "narrator": "Shu'bah said:",
        "text": "Shu'bah dedi ki: \"Katatada'dan, 'Ata'dan, Jabir'den rivayet ettiğini duydum ki, Peygamber şöyle demiştir: 'Umra caizdir.'\""
      }
    },
    {
      "id": 12,
      "idInBook": 12,
      "chapterId": 34,
      "bookId": 3,
      "arabic": "أَخْبَرَنَا مُحَمَّدُ بْنُ حَاتِمٍ، قَالَ أَنْبَأَنَا حِبَّانُ، قَالَ أَنْبَأَنَا عَبْدُ اللَّهِ، عَنْ عَبْدِ الْمَلِكِ بْنِ أَبِي سُلَيْمَانَ، عَنْ عَطَاءٍ، قَالَ قَالَ رَسُولُ اللَّهِ صلى الله عليه وسلم ‏\n\"‏ مَنْ أُعْطِيَ شَيْئًا حَيَاتَهُ فَهُوَ لَهُ حَيَاتَهُ وَمَوْتَهُ ‏\"‏ ‏.‏",
      "english": {
        "narrator": "'Abdul-Malik bin Abi Sulaiman narrated from 'Ata' who said:",
        "text": "\"The Messenger of Allah said: 'Whoever is given something for the rest of his life, it belongs to him for as long as he lives and after he dies.'\""
      },
      "turkish": {
        "narrator": "'Abdul-Malik bin Abi Sulaiman narrated from 'Ata' who said:",
        "text": "'Abdul-Malik bin Abi Sulaiman, 'Ata'dan rivayet etmiştir ki, o şöyle demiştir: \"Allah'ın Elçisi şöyle dedi: 'Kim ömür boyu bir şey verilirse, bu onun yaşamı boyunca ve ölümünden sonra ona aittir.'\""
      }
    },
    {
      "id": 13,
      "idInBook": 13,
      "chapterId": 34,
      "bookId": 3,
      "arabic": "أَخْبَرَنَا مُحَمَّدُ بْنُ عَبْدِ اللَّهِ بْنِ يَزِيدَ، عَنْ سُفْيَانَ، عَنِ ابْنِ جُرَيْجٍ، عَنْ عَطَاءٍ، عَنْ جَابِرٍ، رضى الله عنه أَنَّ رَسُولَ اللَّهِ صلى الله عليه وسلم قَالَ ‏\n\"‏ لاَ تُرْقِبُوا وَلاَ تُعْمِرُوا فَمَنْ أُرْقِبَ أَوْ أُعْمِرَ شَيْئًا فَهُوَ لِوَرَثَتِهِ ‏\"‏ ‏.‏",
      "english": {
        "narrator": "Sufyan narrated from Ibn Juraij, from 'Ata', from Jabir that the Messenger of Allah said:",
        "text": "\"Do not give things on the basis of Ruqba or 'Umra. Whoever is given something on the basis of Ruqba or 'Umra, it belongs to his heirs.\""
      },
      "turkish": {
        "narrator": "Sufyan narrated from Ibn Juraij, from 'Ata', from Jabir that the Messenger of Allah said:",
        "text": "Sufyan, İbn Juraij'den, 'Ata'dan, Jabir'den rivayet etmiştir ki, Allah'ın Elçisi şöyle demiştir: \"Ruqba veya 'Umra esasına göre şeyler vermeyin. Ruqba veya 'Umra esasına göre bir şey verilen kimse, bu şey mirasçılarına aittir.\""
      }
    },
    {
      "id": 14,
      "idInBook": 14,
      "chapterId": 34,
      "bookId": 3,
      "arabic": "أَخْبَرَنَا إِسْحَاقُ بْنُ إِبْرَاهِيمَ، قَالَ أَنْبَأَنَا عَبْدُ الرَّزَّاقِ، قَالَ أَنْبَأَنَا ابْنُ جُرَيْجٍ، عَنْ عَطَاءٍ، أَنْبَأَنَا حَبِيبُ بْنُ أَبِي ثَابِتٍ، عَنِ ابْنِ عُمَرَ، أَنَّ رَسُولَ اللَّهِ صلى الله عليه وسلم قَالَ ‏\n\"‏ لاَ عُمْرَى وَلاَ رُقْبَى فَمَنْ أُعْمِرَ شَيْئًا أَوْ أُرْقِبَهُ فَهُوَ لَهُ حَيَاتَهُ وَمَمَاتَهُ ‏\"‏ ‏.‏",
      "english": {
        "narrator": "Ibn Juraij narrated from 'Ata':",
        "text": "\"Habib bin Abi Thabit informed us from Ibn 'Umar, that the Messenger of Allah said: 'There is no 'Umra and no Ruqba. Whoever is given something on the basis of 'Umra or Ruqba, it belongs to him for the rest of his life and after he dies.'\""
      },
      "turkish": {
        "narrator": "Ibn Juraij narrated from 'Ata':",
        "text": "İbn Juraij, 'Ata'dan rivayet etmiştir: \"Habib bin Abi Thabit, İbn 'Umar'dan bize bildirdi ki, Allah'ın Elçisi şöyle demiştir: 'Ne 'Umra ne de Ruqba vardır. Ruqba veya 'Umra esasına göre bir şey verilen kimse, bu onun yaşamı boyunca ve ölümünden sonra ona aittir.'\""
      }
    },
    {
      "id": 15,
      "idInBook": 15,
      "chapterId": 34,
      "bookId": 3,
      "arabic": "أَخْبَرَنَا عُبَيْدُ اللَّهِ بْنُ سَعِيدٍ، قَالَ حَدَّثَنَا مُحَمَّدُ بْنُ بَكْرٍ، ‏{‏ قَالَ أَنْبَأَنَا ابْنُ جُرَيْجٍ، ‏}‏ قَالَ أَخْبَرَنِي عَطَاءٌ، عَنْ حَبِيبِ بْنِ أَبِي ثَابِتٍ، عَنِ ابْنِ عُمَرَ، وَلَمْ يَسْمَعْهُ مِنْهُ قَالَ قَالَ رَسُولُ اللَّهِ صلى الله عليه وسلم ‏\n\"‏ لاَ عُمْرَى وَلاَ رُقْبَى فَمَنْ أُعْمِرَ شَيْئًا أَوْ أُرْقِبَهُ فَهُوَ لَهُ حَيَاتَهُ وَمَمَاتَهُ ‏\"‏ ‏.‏ قَالَ عَطَاءٌ هُوَ لِلآخَرِ ‏.‏",
      "english": {
        "narrator": "Ibn Juraij said:",
        "text": "'Ata' informed me, from Habib bin Abi Thabit, from Ibn 'Umar -and he did not hear it from him- he said: 'Allah's Messenger said: \"There is no 'Umra and no Ruqba. Whoever is given something on the basis of 'Umra or Ruqba, it belongs to him for the rest of his life and after he dies.\"' 'Ata' said: \"It belongs to the other.\""
      },
      "turkish": {
        "narrator": "Ibn Juraij said:",
        "text": "İbn Juraij dedi ki: 'Ata' bana bildirdi, Habib bin Abi Thabit'ten, İbn 'Umar'dan -ve o bunu ondan duymadı- dedi ki: 'Allah'ın Elçisi şöyle dedi: \"Ne 'Umra ne de Ruqba vardır. Ruqba veya 'Umra esasına göre bir şey verilen kimse, bu onun yaşamı boyunca ve ölümünden sonra ona aittir.\"' 'Ata' dedi ki: \"Bu diğerine aittir.\""
      }
    },
    {
      "id": 16,
      "idInBook": 16,
      "chapterId": 34,
      "bookId": 3,
      "arabic": "أَخْبَرَنِي عَبْدَةُ بْنُ عَبْدِ الرَّحِيمِ، قَالَ أَنْبَأَنَا وَكِيعٌ، عَنْ يَزِيدَ بْنِ زِيَادِ بْنِ أَبِي الْجَعْدِ، عَنْ حَبِيبِ بْنِ أَبِي ثَابِتٍ، قَالَ سَمِعْتُ ابْنَ عُمَرَ، يَقُولُ نَهَى رَسُولُ اللَّهِ صلى الله عليه وسلم عَنِ الرُّقْبَى وَقَالَ ‏\n\"‏ مَنْ أُرْقِبَ رُقْبَى فَهُوَ لَهُ ‏\"‏ ‏.‏",
      "english": {
        "narrator": "Yazid bin Ziyad bin Abi Al-Ja'd narrated from Habib bin Abi Thabit, who said:",
        "text": "\"I heard Ibn 'Umar say: 'The Messenger of Allah forbade Ruqba and said: \"Whoever is given something on the basis of Ruqba, it belongs to him.\"'\""
      },
      "turkish": {
        "narrator": "Yazid bin Ziyad bin Abi Al-Ja'd narrated from Habib bin Abi Thabit, who said:",
        "text": "Yazid bin Ziyad bin Abi Al-Ja'd, Habib bin Abi Thabit'ten rivayet etti. O da dedi ki: \"İbn 'Umar'ın şöyle dediğini duydum: 'Allah'ın Resulü Ruqba'yı yasakladı ve şöyle dedi: \"Ruqba temelinde bir şey verilen kimseye aittir.\"'\""
      }
    },
    {
      "id": 17,
      "idInBook": 17,
      "chapterId": 34,
      "bookId": 3,
      "arabic": "أَخْبَرَنَا عَمْرُو بْنُ عَلِيٍّ، قَالَ حَدَّثَنَا أَبُو عَاصِمٍ، قَالَ حَدَّثَنَا ابْنُ جُرَيْجٍ، قَالَ أَخْبَرَنِي أَبُو الزُّبَيْرِ، أَنَّهُ سَمِعَ جَابِرًا، يَقُولُ قَالَ رَسُولُ اللَّهِ صلى الله عليه وسلم ‏\n\"‏ مَنْ أُعْمِرَ شَيْئًا فَهُوَ لَهُ حَيَاتَهُ وَمَمَاتَهُ ‏\"‏ ‏.‏",
      "english": {
        "narrator": "Ibn Juraij said:",
        "text": "\"Abu Az-Zubair informed me that he heard Jabir saying: 'The Messenger of Allah said: \"Whoever is given something on the basis of 'Umra it belongs to him for the rest of his life and after he dies.\"'\""
      },
      "turkish": {
        "narrator": "Ibn Juraij said:",
        "text": "İbn Juraij dedi ki: \"Abu Az-Zubair bana, Jabir'in şöyle dediğini aktardı: 'Allah'ın Resulü şöyle dedi: \"Umra temelinde bir şey verilen kimseye, o şey hayatı boyunca ve öldükten sonra aittir.\"'\""
      }
    },
    {
      "id": 18,
      "idInBook": 18,
      "chapterId": 34,
      "bookId": 3,
      "arabic": "أَخْبَرَنِي مُحَمَّدُ بْنُ إِبْرَاهِيمَ بْنِ صُدْرَانَ، عَنْ بِشْرِ بْنِ الْمُفَضَّلِ، قَالَ حَدَّثَنَا الْحَجَّاجُ الصَّوَّافُ، عَنْ أَبِي الزُّبَيْرِ، قَالَ حَدَّثَنَا جَابِرٌ، قَالَ قَالَ رَسُولُ اللَّهِ صلى الله عليه وسلم ‏\n\"‏ يَا مَعْشَرَ الأَنْصَارِ امْسِكُوا عَلَيْكُمْ - يَعْنِي أَمْوَالَكُمْ - لاَ تُعْمِرُوهَا فَإِنَّهُ مَنْ أَعْمَرَ شَيْئًا فَإِنَّهُ لِمَنْ أُعْمِرَهُ حَيَاتَهُ وَمَمَاتَهُ ‏\"‏ ‏.‏",
      "english": {
        "narrator": "Al-Hajjaj bin As-Sawwaf narrated from Abu Az-Zubair, who said:",
        "text": "\"Jabir said: 'The Messenger of Allah said: \"O Ansar! Hold on to your wealth, and do not give it on the basis of 'Umra. For whoever gives something on the basis of 'Umra, it belongs to the one to whom he gave it on that basis, for the rest of his life and after he dies.\"'\""
      },
      "turkish": {
        "narrator": "Al-Hajjaj bin As-Sawwaf narrated from Abu Az-Zubair, who said:",
        "text": "El-Haccac bin Es-Savvaf, Abu Az-Zubair'den rivayet etti. O da dedi ki: \"Jabir şöyle dedi: 'Allah'ın Resulü şöyle dedi: \"Ey Ensar! Malınıza sahip çıkın ve onu 'Umra temelinde vermeyin. Zira 'Umra temelinde bir şey veren kimseye, o şey hayatı boyunca ve öldükten sonra, verdiği kişiye aittir.\"'\""
      }
    },
    {
      "id": 19,
      "idInBook": 19,
      "chapterId": 34,
      "bookId": 3,
      "arabic": "أَخْبَرَنَا مُحَمَّدُ بْنُ عَبْدِ الأَعْلَى، قَالَ حَدَّثَنَا خَالِدٌ، عَنْ هِشَامٍ، عَنْ أَبِي الزُّبَيْرِ، عَنْ جَابِرٍ، أَنَّ رَسُولَ اللَّهِ صلى الله عليه وسلم قَالَ ‏\n\"‏ امْسِكُوا عَلَيْكُمْ أَمْوَالَكُمْ وَلاَ تُعْمِرُوهَا فَمَنْ أُعْمِرَ شَيْئًا حَيَاتَهُ فَهُوَ لَهُ حَيَاتَهُ وَبَعْدَ مَوْتِهِ ‏\"‏ ‏.‏",
      "english": {
        "narrator": "Hisham narrated from Abu Az-Zubair, from Jabir, that the Messenger of Allah said:",
        "text": "\"Hold on to your wealth and do not give it on the basis of 'Umra. For whoever is given something on the basis of 'Umra for the rest of his life, it belongs to him for the rest of his life and after his death.\""
      },
      "turkish": {
        "narrator": "Hisham narrated from Abu Az-Zubair, from Jabir, that the Messenger of Allah said:",
        "text": "Hişam, Abu Az-Zubair'den, o da Jabir'den rivayet etti. Allah'ın Resulü şöyle dedi: \"Malınıza sahip çıkın ve onu 'Umra temelinde vermeyin. Zira 'Umra temelinde bir şey verilen kimseye, o şey hayatı boyunca aittir ve öldükten sonra da ona aittir.\""
      }
    },
    {
      "id": 20,
      "idInBook": 20,
      "chapterId": 34,
      "bookId": 3,
      "arabic": "أَخْبَرَنَا مُحَمَّدُ بْنُ عَبْدِ الأَعْلَى، قَالَ حَدَّثَنَا خَالِدٌ، عَنْ دَاوُدَ بْنِ أَبِي هِنْدٍ، عَنْ أَبِي الزُّبَيْرِ، عَنْ جَابِرٍ، قَالَ قَالَ رَسُولُ اللَّهِ صلى الله عليه وسلم ‏\n\"‏ الرُّقْبَى لِمَنْ أُرْقِبَهَا ‏\"‏ ‏.‏",
      "english": {
        "narrator": "Khalid narrated from Dawud bin Abi Hind, from Abu Az-Zubair, from Jabir, who said:",
        "text": "\"The Messenger of Allah said: 'Ruqba belongs to the one to whom it is given.'\""
      },
      "turkish": {
        "narrator": "Khalid narrated from Dawud bin Abi Hind, from Abu Az-Zubair, from Jabir, who said:",
        "text": "Halid, Davud bin Abi Hind'den, o da Abu Az-Zubair'den, o da Jabir'den rivayet etti. Jabir şöyle dedi: \"Allah'ın Resulü şöyle dedi: 'Ruqba, verildiği kişiye aittir.'\""
      }
    },
    {
      "id": 21,
      "idInBook": 21,
      "chapterId": 34,
      "bookId": 3,
      "arabic": "أَخْبَرَنَا عَلِيُّ بْنُ حُجْرٍ، قَالَ حَدَّثَنَا هُشَيْمٌ، عَنْ دَاوُدَ، عَنْ أَبِي الزُّبَيْرِ، عَنْ جَابِرٍ، قَالَ قَالَ رَسُولُ اللَّهِ صلى الله عليه وسلم ‏\n\"‏ الْعُمْرَى جَائِزَةٌ لأَهْلِهَا وَالرُّقْبَى جَائِزَةٌ لأَهْلِهَا ‏\"‏ ‏.‏",
      "english": {
        "narrator": "Hushaim narrated from Dawud, from Abu Az-Zubair, from Jabir, who said:",
        "text": "\"The Messenger of Allah said: 'Umra is permissible for the one to whom it is given, and Ruqba is permissible for the one to whom it is given.'\""
      },
      "turkish": {
        "narrator": "Hushaim narrated from Dawud, from Abu Az-Zubair, from Jabir, who said:",
        "text": "Huşeym, Davud'dan, o da Abu Az-Zubair'den, o da Jabir'den rivayet etti. Jabir şöyle dedi: \"Allah'ın Resulü şöyle dedi: 'Umra, verildiği kişiye helaldir ve Ruqba, verildiği kişiye helaldir.'\""
      }
    },
    {
      "id": 22,
      "idInBook": 22,
      "chapterId": 34,
      "bookId": 3,
      "arabic": "أَخْبَرَنَا مَحْمُودُ بْنُ خَالِدٍ، قَالَ حَدَّثَنَا عُمَرُ، عَنِ الأَوْزَاعِيِّ، حَدَّثَنَا ابْنُ شِهَابٍ، قَالَ وَأَخْبَرَنِي عَمْرُو بْنُ عُثْمَانَ، أَنْبَأَنَا بَقِيَّةُ بْنُ الْوَلِيدِ، عَنِ الأَوْزَاعِيِّ، عَنِ الزُّهْرِيِّ، عَنْ عُرْوَةَ، عَنْ جَابِرٍ، قَالَ قَالَ رَسُولُ اللَّهِ صلى الله عليه وسلم ‏\n\"‏ مَنْ أُعْمِرَ عُمْرَى فَهِيَ لَهُ وَلِعَقِبِهِ يَرِثُهَا مَنْ يَرِثُهُ مِنْ عَقِبِهِ ‏\"‏ ‏.‏",
      "english": {
        "narrator": "Al-Awza'i narrated from Az-Zuhri, from 'Urwah, from Jabir, who said:",
        "text": "\"The Messenger of Allah said: 'Whoever is given something on the basis of 'Umra, it belongs to him and to his descendants, and is inherited by those who inherit from him.'\""
      },
      "turkish": {
        "narrator": "Al-Awza'i narrated from Az-Zuhri, from 'Urwah, from Jabir, who said:",
        "text": "El-Evza'i, Az-Zuhri'den, o da 'Urwah'tan, o da Jabir'den rivayet etti. Jabir şöyle dedi: \"Allah'ın Resulü şöyle dedi: 'Umra temelinde bir şey verilen kimseye, o şey ona ve soyuna aittir ve ondan miras alanlar tarafından miras alınır.'\""
      }
    },
    {
      "id": 23,
      "idInBook": 23,
      "chapterId": 34,
      "bookId": 3,
      "arabic": "أَخْبَرَنَا عِيسَى بْنُ مُسَاوِرٍ، قَالَ حَدَّثَنَا الْوَلِيدُ، قَالَ حَدَّثَنَا أَبُو عَمْرٍو، عَنِ ابْنِ شِهَابٍ، عَنْ أَبِي سَلَمَةَ، عَنْ جَابِرٍ، قَالَ قَالَ رَسُولُ اللَّهِ صلى الله عليه وسلم ‏\n\"‏ الْعُمْرَى لِمَنْ أُعْمِرَهَا هِيَ لَهُ وَلِعَقِبِهِ يَرِثُهَا مَنْ يَرِثُهُ مِنْ عَقِبِهِ ‏\"‏ ‏.‏",
      "english": {
        "narrator": "(A different chain) from Abu 'Amr, from Ibn Shihab, from Abu Salamah, from Jabir, who said:",
        "text": "\"The Messenger of Allah said: 'Umra (a lifelong gift) belongs to the one to whom it was given; it belongs to him and to his heirs, and is inherited by those among his descendants who inherit from him.'\""
      },
      "turkish": {
        "narrator": "(A different chain) from Abu 'Amr, from Ibn Shihab, from Abu Salamah, from Jabir, who said:",
        "text": "(Farklı bir isnad) Abu 'Amr'dan, İbn Şihab'dan, Abu Salamah'dan, o da Jabir'den rivayet etti. Jabir şöyle dedi: \"Allah'ın Resulü şöyle dedi: 'Umra (ömür boyu hediye) verildiği kişiye aittir; o, ona ve mirasçılarına aittir ve onun soyundan miras alanlar tarafından miras alınır.'\""
      }
    },
    {
      "id": 24,
      "idInBook": 24,
      "chapterId": 34,
      "bookId": 3,
      "arabic": "أَخْبَرَنَا مُحَمَّدُ بْنُ هَاشِمٍ الْبَعْلَبَكِّيُّ، قَالَ حَدَّثَنَا الْوَلِيدُ، قَالَ حَدَّثَنَا الأَوْزَاعِيُّ، عَنِ الزُّهْرِيِّ، عَنْ عُرْوَةَ، وَأَبِي، سَلَمَةَ عَنْ جَابِرٍ، قَالَ قَالَ رَسُولُ اللَّهِ صلى الله عليه وسلم ‏\n\"‏ الْعُمْرَى لِمَنْ أُعْمِرَهَا هِيَ لَهُ وَلِعَقِبِهِ يَرِثُهَا مَنْ يَرِثُهُ مِنْ عَقِبِهِ ‏\"‏ ‏.‏",
      "english": {
        "narrator": "(A different chain) from Al-Awza'i, from Az-Zuhri, from 'Urwah and Abu Salamah, from Jabir, who said:",
        "text": "\"The Messenger of Allah said: 'Umra (a lifelong gift) belongs to the one to whom it was given; it belongs to him and to his descendants, and is inherited by those who inherit from him.'\""
      },
      "turkish": {
        "narrator": "(A different chain) from Al-Awza'i, from Az-Zuhri, from 'Urwah and Abu Salamah, from Jabir, who said:",
        "text": "(Farklı bir isnad) El-Evza'i, Az-Zuhri'den, o da 'Urwah ve Abu Salamah'dan, o da Jabir'den rivayet etti. Jabir şöyle dedi: \"Allah'ın Resulü şöyle dedi: 'Umra (ömür boyu hediye) verildiği kişiye aittir; o, ona ve soyuna aittir ve ondan miras alanlar tarafından miras alınır.'\""
      }
    },
    {
      "id": 25,
      "idInBook": 25,
      "chapterId": 34,
      "bookId": 3,
      "arabic": "أَخْبَرَنِي مُحَمَّدُ بْنُ عَبْدِ اللَّهِ بْنِ عَبْدِ الرَّحِيمِ، قَالَ حَدَّثَنَا عَمْرُو بْنُ أَبِي سَلَمَةَ الدِّمَشْقِيُّ، عَنْ أَبِي عُمَرَ الصَّنْعَانِيِّ، عَنْ هِشَامِ بْنِ عُرْوَةَ، عَنْ أَبِيهِ، عَنْ عَبْدِ اللَّهِ بْنِ الزُّبَيْرِ، أَنَّ رَسُولَ اللَّهِ صلى الله عليه وسلم قَالَ ‏\n\"‏ أَيُّمَا رَجُلٍ أَعْمَرَ رَجُلاً عُمْرَى لَهُ وَلِعَقِبِهِ فَهِيَ لَهُ وَلِمَنْ يَرِثُهُ مِنْ عَقِبِهِ مَوْرُوثَةٌ ‏\"‏ ‏.‏",
      "english": {
        "narrator": "It was narrated from Hisham bin 'Urwah, from his father, from 'Abdullah bin Az-Zubair, that the Messenger of Allah said:",
        "text": "\"Any man who gives a lifelong gift to another man, it belongs to him (the recipient) and to his descendants, and to those who inherit from him.\""
      },
      "turkish": {
        "narrator": "It was narrated from Hisham bin 'Urwah, from his father, from 'Abdullah bin Az-Zubair, that the Messenger of Allah said:",
        "text": "Hişam bin 'Urwah'tan, babasından, 'Abdullah bin Az-Zubair'den rivayet edildi ki, Allah'ın Resulü şöyle dedi: \"Bir adam, bir başka adama ömür boyu hediye verirse, o hediye, ona (alıcıya) ve onun soyuna, mirasçılarına aittir.\""
      }
    },
    {
      "id": 26,
      "idInBook": 26,
      "chapterId": 34,
      "bookId": 3,
      "arabic": "أَخْبَرَنَا قُتَيْبَةُ بْنُ سَعِيدٍ، قَالَ حَدَّثَنَا اللَّيْثُ، عَنِ ابْنِ شِهَابٍ، عَنْ أَبِي سَلَمَةَ بْنِ عَبْدِ الرَّحْمَنِ، عَنْ جَابِرٍ، قَالَ سَمِعْتُ رَسُولَ اللَّهِ صلى الله عليه وسلم يَقُولُ ‏\n\"‏ مَنْ أَعْمَرَ رَجُلاً عُمْرَى لَهُ وَلِعَقِبِهِ فَقَدْ قَطَعَ قَوْلُهُ حَقَّهُ وَهِيَ لِمَنْ أُعْمِرَ وَلِعَقِبِهِ ‏\"‏ ‏.‏",
      "english": {
        "narrator": "Al-Laith narrated from Ibn Shihab, from Abu Salamah bin 'Abdur-Rahman, from Jabir, who said:",
        "text": "\"I heard the Messenger of Allah say: 'Whoever gives a life-long gift to a man, it belongs to him and to his heirs; his words (when he gave the gift) put an end to his rights over it, and it belongs to the one to whom it was given on the basis of 'Umra, and to his heirs.'\""
      },
      "turkish": {
        "narrator": "Al-Laith narrated from Ibn Shihab, from Abu Salamah bin 'Abdur-Rahman, from Jabir, who said:",
        "text": "El-Leyth, İbn Şihab'dan, o da Abu Salamah bin 'Abdur-Rahman'dan, o da Jabir'den rivayet etti. Jabir şöyle dedi: \"Allah'ın Resulü şöyle dedi: 'Bir adam, bir başka adama ömür boyu hediye verirse, o hediye ona ve mirasçılarına aittir; onun (hediye verildiği zaman) söylediği sözler, üzerindeki haklarını sona erdirir ve o, 'Umra temelinde verildiği kişiye ve onun mirasçılarına aittir.'\""
      }
    },
    {
      "id": 27,
      "idInBook": 27,
      "chapterId": 34,
      "bookId": 3,
      "arabic": "أَخْبَرَنَا مُحَمَّدُ بْنُ سَلَمَةَ، وَالْحَارِثُ بْنُ مِسْكِينٍ، قِرَاءَةً عَلَيْهِ وَأَنَا أَسْمَعُ، عَنِ ابْنِ الْقَاسِمِ، عَنْ مَالِكٍ، عَنِ ابْنِ شِهَابٍ، عَنْ أَبِي سَلَمَةَ، عَنْ جَابِرٍ، أَنَّ رَسُولَ اللَّهِ صلى الله عليه وسلم قَالَ ‏\n\"‏ أَيُّمَا رَجُلٍ أُعْمِرَ عُمْرَى لَهُ وَلِعَقِبِهِ فَإِنَّهَا لِلَّذِي يُعْطَاهَا لاَ تَرْجِعُ إِلَى الَّذِي أَعْطَاهَا لأَنَّهُ أَعْطَى عَطَاءً وَقَعَتْ فِيهِ الْمَوَارِيثُ ‏\"‏ ‏.‏",
      "english": {
        "narrator": "Malik narrated from Ibn Shihab, from Abu Salamah, from Jabir that the Messenger of Allah said:",
        "text": "\"Any man who is given a gift on the basis of 'Umra, it belongs to him and to his descendants. It belongs to the one to whom he gave it, and it cannot be taken back by the one who gave it, because he has given a gift, and it comes to the heirs of the one to whom it was given.\""
      },
      "turkish": {
        "narrator": "Malik narrated from Ibn Shihab, from Abu Salamah, from Jabir that the Messenger of Allah said:",
        "text": "Malik, İbn Şihab'dan, o da Abu Salamah'dan, o da Jabir'den rivayet etti ki, Allah'ın Resulü şöyle dedi: \"Bir adam, 'Umra temelinde bir hediye alırsa, o hediye ona ve soyuna aittir. O, verildiği kişiye aittir ve onu veren kişi geri alamaz, çünkü o bir hediye vermiştir ve bu, verildiği kişinin mirasçılarına geçer.\""
      }
    },
    {
      "id": 28,
      "idInBook": 28,
      "chapterId": 34,
      "bookId": 3,
      "arabic": "أَخْبَرَنَا عِمْرَانُ بْنُ بَكَّارٍ، قَالَ حَدَّثَنَا أَبُو الْيَمَانِ، قَالَ حَدَّثَنَا شُعَيْبٌ، عَنِ الزُّهْرِيِّ، قَالَ حَدَّثَنِي أَبُو سَلَمَةَ بْنُ عَبْدِ الرَّحْمَنِ، أَنَّ جَابِرًا، أَخْبَرَهُ أَنَّ رَسُولَ اللَّهِ صلى الله عليه وسلم قَضَى أَنَّهُ مَنْ أَعْمَرَ رَجُلاً عُمْرَى لَهُ وَلِعَقِبِهِ فَإِنَّهَا لِلَّذِي أُعْمِرَهَا يَرِثُهَا مِنْ صَاحِبِهَا الَّذِي أَعْطَاهَا مَا وَقَعَ مِنْ مَوَارِيثِ اللَّهِ وَحَقِّهِ ‏.‏",
      "english": {
        "narrator": "Shua'ib narrated from Az-Zuhri, who said:",
        "text": "\"Abu Salamah bin 'Abdur-Rahman narrated to me, that Jabir told him: 'The Messenger of Allah ruled that whoever gives a lifelong gift to a man, it belongs to him and to his heirs. It belongs to the one to whom it was given, on the basis of 'Umra. It will be inherited from its recipient according to Allah's (injunctions on) inheritance and its rights.'\""
      },
      "turkish": {
        "narrator": "Shua'ib narrated from Az-Zuhri, who said:",
        "text": "Şuayb, Az-Zuhri'den rivayet etti. O da dedi ki: \"Abu Salamah bin 'Abdur-Rahman bana, Jabir'in ona şöyle söylediğini aktardı: 'Allah'ın Resulü, bir adama ömür boyu hediye veren kimse için şöyle hükmetti: O hediye ona ve mirasçılarına aittir. O, 'Umra temelinde verildiği kişiye aittir. Miras, Allah'ın (mirasla ilgili) hükümlerine ve haklarına göre, alıcıdan miras alınacaktır.'\""
      }
    },
    {
      "id": 29,
      "idInBook": 29,
      "chapterId": 34,
      "bookId": 3,
      "arabic": "أَخْبَرَنَا مُحَمَّدُ بْنُ عَبْدِ اللَّهِ بْنِ عَبْدِ الْحَكَمِ، عَنِ ابْنِ أَبِي فُدَيْكٍ، قَالَ حَدَّثَنَا ابْنُ أَبِي ذِئْبٍ، عَنِ ابْنِ شِهَابٍ، عَنْ أَبِي سَلَمَةَ، عَنْ جَابِرٍ، أَنَّ رَسُولَ اللَّهِ صلى الله عليه وسلم قَضَى فِيمَنْ أُعْمِرَ عُمْرَى لَهُ وَلِعَقِبِهِ فَهِيَ لَهُ بَتْلَةٌ لاَ يَجُوزُ لِلْمُعْطِي مِنْهَا شَرْطٌ وَلاَ ثُنْيَا ‏.‏ قَالَ أَبُو سَلَمَةَ لأَنَّهُ أَعْطَى عَطَاءً وَقَعَتْ فِيهِ الْمَوَارِيثُ فَقَطَعَتِ الْمَوَارِيثُ شَرْطَهُ ‏.‏",
      "english": {
        "narrator": "Ibn Abi Dhi'b narrated from Ibn Shihab, from Abu Salamah, from Jabir, that the Messenger of Allah ruled -concerning a person who has been given a lifelong gift ('Umra)- that it belongs to him and to his descendants:",
        "text": "\"It is undoubtedly his, and it is not permissible for the giver to stipulate any conditions or exceptions.\" Abu Salamah said: \"Because he gave it as a gift and thus, it is subject to the same ruling as the estate, and the condition (that it will revert to the giver on the death of recipient) has become invalid.\""
      },
      "turkish": {
        "narrator": "Ibn Abi Dhi'b narrated from Ibn Shihab, from Abu Salamah, from Jabir, that the Messenger of Allah ruled -concerning a person who has been given a lifelong gift ('Umra)- that it belongs to him and to his descendants:",
        "text": "İbn Abi Dhi'b, İbn Şihab'dan, o da Abu Salamah'dan, o da Jabir'den rivayet etti ki, Allah'ın Resulü, ömür boyu hediye (Umra) verilen bir kişi hakkında şöyle hükmetti: O, ona ve soyuna aittir: \"Kesinlikle ona aittir ve veren kişinin herhangi bir şart veya istisna koyması caiz değildir.\" Abu Salamah dedi ki: \"Çünkü o, bunu bir hediye olarak vermiştir ve dolayısıyla, bu, miras gibi aynı hükme tabidir ve (alıcı öldüğünde) geri dönme şartı geçersiz hale gelmiştir.\""
      }
    },
    {
      "id": 30,
      "idInBook": 30,
      "chapterId": 34,
      "bookId": 3,
      "arabic": "أَخْبَرَنَا أَبُو دَاوُدَ، سُلَيْمَانُ بْنُ سَيْفٍ قَالَ حَدَّثَنَا يَعْقُوبُ، قَالَ حَدَّثَنَا أَبِي، عَنْ صَالِحٍ، عَنِ ابْنِ شِهَابٍ، أَنَّ أَبَا سَلَمَةَ، أَخْبَرَهُ عَنْ جَابِرٍ، أَنَّ رَسُولَ اللَّهِ صلى الله عليه وسلم قَالَ ‏\n\"‏ أَيُّمَا رَجُلٍ أَعْمَرَ رَجُلاً عُمْرَى لَهُ وَلِعَقِبِهِ قَالَ قَدْ أَعْطَيْتُكَهَا وَعَقِبَكَ مَا بَقِيَ مِنْكُمْ أَحَدٌ فَإِنَّهَا لِمَنْ أُعْطِيَهَا وَإِنَّهَا لاَ تَرْجِعُ إِلَى صَاحِبِهَا مِنْ أَجْلِ أَنَّهُ أَعْطَاهَا عَطَاءً وَقَعَتْ فِيهِ الْمَوَارِيثُ ‏\"‏ ‏.‏",
      "english": {
        "narrator": "Salih narrated from Ibn Shihab, that Abu Salamah informed him from Jabir, that the Messenger of Allah said:",
        "text": "\"Any man who gives a lifelong gift to another man, it belongs to him (the recipient) and his descendants. He said: 'I have given it to you and to your descendants so long as any of you are still alive.' So it belongs to the one to whom it was given, and it cannot revert to the first owner, since he has given it as a gift, and as such, it becomes subject to the same ruling as the estate.\""
      },
      "turkish": {
        "narrator": "Salih narrated from Ibn Shihab, that Abu Salamah informed him from Jabir, that the Messenger of Allah said:",
        "text": "Salih, İbn Şihab'dan, o da Abu Salamah'dan, o da Jabir'den rivayet etti ki, Allah'ın Resulü şöyle dedi: \"Bir adam, bir başka adama ömür boyu hediye verirse, o hediye ona (alıcıya) ve onun soyuna aittir. O şöyle dedi: 'Ben bunu sana ve senin soyuna verdim, sizden herhangi biri hayatta olduğu sürece.' Dolayısıyla, o, verildiği kişiye aittir ve ilk sahibine geri dönemez, çünkü o bunu bir hediye olarak vermiştir ve bu nedenle, miras gibi aynı hükme tabi olur.\""
      }
    },
    {
      "id": 31,
      "idInBook": 31,
      "chapterId": 34,
      "bookId": 3,
      "arabic": "أَخْبَرَنَا مُحَمَّدُ بْنُ عَبْدِ اللَّهِ بْنِ يَزِيدَ، قَالَ حَدَّثَنَا أَبِي قَالَ، حَدَّثَنَا سَعِيدٌ، قَالَ حَدَّثَنِي يَزِيدُ بْنُ أَبِي حَبِيبٍ، عَنِ ابْنِ شِهَابٍ، عَنْ أَبِي سَلَمَةَ، عَنْ جَابِرٍ، أَنَّ رَسُولَ اللَّهِ صلى الله عليه وسلم قَضَى بِالْعُمْرَى أَنْ يَهَبَ الرَّجُلُ لِلرَّجُلِ وَلِعَقِبِهِ الْهِبَةَ وَيَسْتَثْنِي إِنْ حَدَثَ بِكَ حَدَثٌ وَبِعَقِبِكَ فَهُوَ إِلَىَّ وَإِلَى عَقِبِي إِنَّهَا لِمَنْ أُعْطِيَهَا وَلِعَقِبِهِ ‏.‏",
      "english": {
        "narrator": "",
        "text": "Yazid bin Abi Habib narrated from Ibn Shihab, from Abu Salamah, from Jabir, that the Messenger of Allah ruled concerning 'Umra -when a man gives a gift to another man, and his descendants, but stipulates that if something happens to you and your descendants, then it will belong to me and my descendants- \"It belongs to the one to whom it was given, and to his descendants.\""
      },
      "turkish": {
        "narrator": "",
        "text": "Yazid bin Abi Habib, İbn Şihab'dan, o da Ebu Salamah'tan, o da Cabir'den, Allah Resulü'nün 'Umra hakkında hüküm verdiğini, bir adamın başka bir adama ve onun soyuna hediye verdiğini, ancak \"Eğer sana ve soyuna bir şey olursa, bu benim ve benim soyuma ait olacak\" diye şart koştuğunda, \"Bu hediye, verildiği kişiye ve onun soyuna aittir.\" dediğini nakletmiştir."
      }
    },
    {
      "id": 32,
      "idInBook": 32,
      "chapterId": 34,
      "bookId": 3,
      "arabic": "أَخْبَرَنَا مُحَمَّدُ بْنُ عَبْدِ الأَعْلَى، قَالَ حَدَّثَنَا خَالِدُ بْنُ الْحَارِثِ، قَالَ حَدَّثَنَا هِشَامٌ، قَالَ حَدَّثَنَا يَحْيَى بْنُ أَبِي كَثِيرٍ، قَالَ حَدَّثَنِي أَبُو سَلَمَةَ، قَالَ سَمِعْتُ جَابِرًا، يَقُولُ قَالَ رَسُولُ اللَّهِ صلى الله عليه وسلم ‏\n\"‏ الْعُمْرَى لِمَنْ وُهِبَتْ لَهُ ‏\"‏ ‏.‏",
      "english": {
        "narrator": "Hisham said:",
        "text": "\"Yahya bin Abi Kathir narrated to us, he said: 'Abu Salamah bin 'Abdur-Rahman narrated to me, he said: \"I heard Jabir say: 'The Messenger of Allah said: \"A lifelong gift belongs to the one to whom it was given.\"'\"'\""
      },
      "turkish": {
        "narrator": "Hisham said:",
        "text": "Hişam dedi ki: \"Yahya bin Abi Kathir bize nakletti, o da Ebu Salamah bin Abdurrahman'dan, o da Cabir'den, Allah Resulü'nün şöyle söylediğini işittiğini aktardı: 'Bir ömür boyu hediye, verildiği kişiye aittir.'\""
      }
    },
    {
      "id": 33,
      "idInBook": 33,
      "chapterId": 34,
      "bookId": 3,
      "arabic": "أَخْبَرَنَا يَحْيَى بْنُ دُرُسْتَ، قَالَ حَدَّثَنَا أَبُو إِسْمَاعِيلَ، قَالَ حَدَّثَنَا يَحْيَى، أَنَّ أَبَا سَلَمَةَ، حَدَّثَهُ عَنْ جَابِرِ بْنِ عَبْدِ اللَّهِ، عَنْ نَبِيِّ اللَّهِ صلى الله عليه وسلم قَالَ ‏\n\"‏ الْعُمْرَى لِمَنْ وُهِبَتْ لَهُ ‏\"‏ ‏.‏",
      "english": {
        "narrator": "Abu Isma'il said:",
        "text": "\"Yahya narrated to us that Abu Salamah narrated to him, from Jabir bin 'Abdullah, from the Prophet of Allah who said: 'A lifelong gift belongs to the one to whom it was given.'\""
      },
      "turkish": {
        "narrator": "Abu Isma'il said:",
        "text": "Ebu İsmail dedi ki: \"Yahya, bize Ebu Salamah'ın kendisine, o da Cabir bin Abdullah'dan, Allah Resulü'nün şöyle söylediğini aktardığını nakletti: 'Bir ömür boyu hediye, verildiği kişiye aittir.'\""
      }
    },
    {
      "id": 34,
      "idInBook": 34,
      "chapterId": 34,
      "bookId": 3,
      "arabic": "أَخْبَرَنَا عَلِيُّ بْنُ حُجْرٍ، قَالَ أَنْبَأَنَا إِسْمَاعِيلُ، عَنْ مُحَمَّدٍ، عَنْ أَبِي سَلَمَةَ، عَنْ أَبِي هُرَيْرَةَ، أَنَّ رَسُولَ اللَّهِ صلى الله عليه وسلم قَالَ ‏\n\"‏ لاَ عُمْرَى فَمَنْ أُعْمِرَ شَيْئًا فَهُوَ لَهُ ‏\"‏ ‏.‏",
      "english": {
        "narrator": "Isma'il narrated from Muhammad, from Abu Salamah, from Abu Hurairah, that the Messenger of Allah said:",
        "text": "\"There is no lifelong gift. Whoever is given something as a lifelong gift, it belongs to him.\""
      },
      "turkish": {
        "narrator": "Isma'il narrated from Muhammad, from Abu Salamah, from Abu Hurairah, that the Messenger of Allah said:",
        "text": "İsmail, Muhammed'den, Ebu Salamah'tan, Ebu Hureyre'den nakletti ki, Allah Resulü şöyle demiştir: \"Bir ömür boyu hediye yoktur. Kimseye ömür boyu hediye olarak verilen bir şey, ona aittir.\""
      }
    },
    {
      "id": 35,
      "idInBook": 35,
      "chapterId": 34,
      "bookId": 3,
      "arabic": "أَخْبَرَنَا إِسْحَاقُ بْنُ إِبْرَاهِيمَ، قَالَ حَدَّثَنَا عِيسَى، وَعَبْدَةُ بْنُ سُلَيْمَانَ، قَالاَ حَدَّثَنَا مُحَمَّدُ بْنُ عَمْرٍو، قَالَ حَدَّثَنَا أَبُو سَلَمَةَ، عَنْ أَبِي هُرَيْرَةَ، عَنْ رَسُولِ اللَّهِ صلى الله عليه وسلم قَالَ ‏\n\"‏ مَنْ أُعْمِرَ شَيْئًا فَهُوَ لَهُ ‏\"‏ ‏.‏",
      "english": {
        "narrator": "Muhammad bin 'Amr said:",
        "text": "\"Abu Salamah narrated to us, from Abu Hurairah that the Messenger of Allah said: 'Whoever is given something as a lifelong gift, it belongs to him.'\""
      },
      "turkish": {
        "narrator": "Muhammad bin 'Amr said:",
        "text": "Muhammed bin Amr dedi ki: \"Ebu Salamah bize, Ebu Hureyre'den nakletti ki, Allah Resulü şöyle demiştir: 'Kimseye ömür boyu hediye olarak verilen bir şey, ona aittir.'\""
      }
    },
    {
      "id": 36,
      "idInBook": 36,
      "chapterId": 34,
      "bookId": 3,
      "arabic": "أَخْبَرَنَا مُحَمَّدُ بْنُ الْمُثَنَّى، قَالَ حَدَّثَنَا مُحَمَّدٌ، قَالَ حَدَّثَنَا شُعْبَةُ، عَنْ قَتَادَةَ، عَنِ النَّضْرِ بْنِ أَنَسٍ، عَنْ بَشِيرِ بْنِ نَهِيكٍ، عَنْ أَبِي هُرَيْرَةَ، عَنِ النَّبِيِّ صلى الله عليه وسلم قَالَ ‏\n\"‏ الْعُمْرَى جَائِزَةٌ ‏\"‏ ‏.‏",
      "english": {
        "narrator": "Bashir bin Nahik narrated from Abu Hurairah that the Prophet said:",
        "text": "\"A lifelong gift ('Umra) is permissible.\""
      },
      "turkish": {
        "narrator": "Bashir bin Nahik narrated from Abu Hurairah that the Prophet said:",
        "text": "Bașir bin Nahik, Ebu Hureyre'den nakletti ki, Peygamber şöyle demiştir: \"Bir ömür boyu hediye ('Umra) caizdir.\""
      }
    },
    {
      "id": 37,
      "idInBook": 37,
      "chapterId": 34,
      "bookId": 3,
      "arabic": "أَخْبَرَنَا مُحَمَّدُ بْنُ الْمُثَنَّى، قَالَ حَدَّثَنَا مُعَاذُ بْنُ هِشَامٍ، قَالَ حَدَّثَنِي أَبِي، عَنْ قَتَادَةَ، قَالَ سَأَلَنِي سُلَيْمَانُ بْنُ هِشَامٍ عَنِ الْعُمْرَى، فَقُلْتُ حَدَّثَ مُحَمَّدُ بْنُ سِيرِينَ، عَنْ شُرَيْحٍ، قَالَ قَضَى نَبِيُّ اللَّهِ صلى الله عليه وسلم أَنَّ الْعُمْرَى جَائِزَةٌ ‏.‏ قَالَ قَتَادَةُ وَقُلْتُ حَدَّثَنِي النَّضْرُ بْنُ أَنَسٍ عَنْ بَشِيرِ بْنِ نَهِيكٍ عَنْ أَبِي هُرَيْرَةَ أَنَّ نَبِيَّ اللَّهِ صلى الله عليه وسلم قَالَ ‏\"‏ الْعُمْرَى جَائِزَةٌ ‏\"‏ ‏.‏ قَالَ قَتَادَةُ وَقُلْتُ كَانَ الْحَسَنُ يَقُولُ الْعُمْرَى جَائِزَةٌ ‏.‏ قَالَ قَتَادَةُ فَقَالَ الزُّهْرِيُّ إِنَّمَا الْعُمْرَى إِذَا أُعْمِرَ وَعَقِبَهُ مِنْ بَعْدِهِ فَإِذَا لَمْ يَجْعَلْ عَقِبَهُ مِنْ بَعْدِهِ كَانَ لِلَّذِي يَجْعَلُ شَرْطُهُ ‏.‏ قَالَ قَتَادَةُ فَسُئِلَ عَطَاءُ بْنُ أَبِي رَبَاحٍ فَقَالَ حَدَّثَنِي جَابِرُ بْنُ عَبْدِ اللَّهِ أَنَّ رَسُولَ اللَّهِ صلى الله عليه وسلم قَالَ ‏\"‏ الْعُمْرَى جَائِزَةٌ ‏\"‏ ‏.‏ قَالَ قَتَادَةُ فَقَالَ الزُّهْرِيُّ كَانَ الْخُلَفَاءُ لاَ يَقْضُونَ بِهَذَا ‏.‏ قَالَ عَطَاءٌ قَضَى بِهَا عَبْدُ الْمَلِكِ بْنُ مَرْوَانَ ‏.‏",
      "english": {
        "narrator": "It was narrated that Qatadah said:",
        "text": "\"Sulaiman bin Hisham asked me about a lifelong gift. I said: 'Muhammad bin Sirin narrated that Shuraih said: \"The Prophet of Allah ruled that a lifelong gift is permissible.\"'\"\n  Qatadah said: \"I said: 'And An-Nadr bin Anas narrated to me, from Bashir bin Nahik, from Abu Hurairah, that the Prophet of Allah said: \"A lifelong gift is permissible.\"'\"\n  Qatadah said: \"I said: 'Al-Hasan used to say: \"A lifelong gift is permissible.\"'\"\n  Qatadah said: \"Az-Zuhri said: 'A lifelong gift is when it is stipulated that it is for the one to whom it is given and his descendants, but if his descendants were not mentioned then the condition is valid (and it reverts to the one who gave it).'\"\n  Qatadah said: \"So 'Ata' bin Abi Rabah was asked, and he said: 'Jabir bin Abdullah narrated to me that Allah's Messenger said: \"Umra is permissible.\"'\"\n  Qatadah said: \"Az-Zuhri said: 'The Caliphs (Khulafa') did not rule according to this.'\"\n  'Ata' said: \"Abdul-Malik bin Marwan ruled according to this.\""
      },
      "turkish": {
        "narrator": "It was narrated that Qatadah said:",
        "text": "Kâtade'den nakledildiğine göre, Süleyman bin Hişam bana ömür boyu hediye hakkında sordu. Ben de: \"Muhammed bin Sirin, Şuraih'ten nakletti ki, Allah Resulü ömür boyu hediyenin caiz olduğuna hükmetmiştir.\" dedim. Kâtade dedi ki: \"Ben de: 'Ve En-Nadr bin Anas bana, Bașir bin Nahik'ten, Ebu Hureyre'den, Allah Resulü'nün 'Ömür boyu hediye caizdir.' dediğini nakletti.' dedim. Kâtade dedi ki: \"Ben de: 'El-Hasan derdi ki: 'Ömür boyu hediye caizdir.' dedim. Kâtade dedi ki: \"Az-Zuhri dedi ki: 'Ömür boyu hediye, verildiği kişiye ve onun soyuna ait olduğu şartıyla geçerlidir, ancak eğer onun soyundan bahsedilmemişse, o zaman şart geçerlidir (ve hediye veren kişiye geri döner).' Kâtade dedi ki: \"Böylece Ata bin Abi Rabah'a soruldu ve o da: 'Cabir bin Abdullah bana nakletti ki, Allah Resulü 'Umra caizdir.' dedi.' dedi. Kâtade dedi ki: \"Az-Zuhri dedi ki: 'Halifeler (Hulafa) buna göre hükmetmediler.' Ata dedi ki: \"Abdul-Malik bin Marwan buna göre hükmetti.\""
      }
    },
    {
      "id": 38,
      "idInBook": 38,
      "chapterId": 34,
      "bookId": 3,
      "arabic": "أَخْبَرَنَا مُحَمَّدُ بْنُ مَعْمَرٍ، قَالَ حَدَّثَنَا حَبَّانُ، قَالَ حَدَّثَنَا حَمَّادُ بْنُ سَلَمَةَ، ح وَأَخْبَرَنِي إِبْرَاهِيمُ بْنُ يُونُسَ بْنِ مُحَمَّدٍ، قَالَ حَدَّثَنَا أَبِي قَالَ، حَدَّثَنَا حَمَّادُ بْنُ سَلَمَةَ، عَنْ دَاوُدَ، - وَهُوَ ابْنُ أَبِي هِنْدٍ - وَحَبِيبٍ الْمُعَلِّمِ عَنْ عَمْرِو بْنِ شُعَيْبٍ، عَنْ أَبِيهِ، عَنْ جَدِّهِ، أَنَّ رَسُولَ اللَّهِ صلى الله عليه وسلم قَالَ ‏\n\"‏ لاَ يَجُوزُ لاِمْرَأَةٍ هِبَةٌ فِي مَالِهَا إِذَا مَلَكَ زَوْجُهَا عِصْمَتَهَا ‏\"‏ ‏.‏ اللَّفْظُ لِمُحَمَّدٍ ‏.‏",
      "english": {
        "narrator": "It was narrated from 'Amr bin Shu'aib, from his father, from his grandfather, that the Messenger of Allah said:",
        "text": "\"It is not permissible for a woman to give a gift from her wealth, once her husband has marital authority over her.\" This is the wording of (one of the narrators) Muhammad."
      },
      "turkish": {
        "narrator": "It was narrated from 'Amr bin Shu'aib, from his father, from his grandfather, that the Messenger of Allah said:",
        "text": "'Amr bin Shu'aib'den, babasından, dedesinden nakledildiğine göre, Allah Resulü şöyle demiştir: \"Kocası kendisine evlilik yetkisi verdikten sonra, bir kadının kendi malından hediye vermesi caiz değildir.\" Bu, (narratörlerden biri) Muhammed'in ifadesidir."
      }
    },
    {
      "id": 39,
      "idInBook": 39,
      "chapterId": 34,
      "bookId": 3,
      "arabic": "أَخْبَرَنَا إِسْمَاعِيلُ بْنُ مَسْعُودٍ، قَالَ حَدَّثَنَا خَالِدٌ، قَالَ حَدَّثَنَا حُسَيْنٌ الْمُعَلِّمُ، عَنْ عَمْرِو بْنِ شُعَيْبٍ، أَنَّ أَبَاهُ، حَدَّثَهُ عَنْ عَبْدِ اللَّهِ بْنِ عَمْرٍو، ح وَأَخْبَرَنَا حُمَيْدُ بْنُ مَسْعَدَةَ، قَالَ حَدَّثَنَا يَزِيدُ بْنُ زُرَيْعٍ، قَالَ حَدَّثَنَا حُسَيْنٌ الْمُعَلِّمُ، عَنْ عَمْرِو بْنِ شُعَيْبٍ، عَنْ أَبِيهِ، عَنْ جَدِّهِ، قَالَ لَمَّا فَتَحَ رَسُولُ اللَّهِ صلى الله عليه وسلم مَكَّةَ قَامَ خَطِيبًا فَقَالَ فِي خُطْبَتِهِ ‏\n\"‏ لاَ يَجُوزُ لاِمْرَأَةٍ عَطِيَّةٌ إِلاَّ بِإِذْنِ زَوْجِهَا ‏\"‏ ‏.‏",
      "english": {
        "narrator": "It was narrated from 'Amr bin Shu'aib, from his father, that his grandfather said:",
        "text": "\"When the Messenger of Allah conquered Makkah, he stood up to address (the people) and said in his Khutbah: 'It is not permissible for a woman to give (a gift) except with her husband's permission.'\""
      },
      "turkish": {
        "narrator": "It was narrated from 'Amr bin Shu'aib, from his father, that his grandfather said:",
        "text": "'Amr bin Shu'aib'den, babasından, dedesinin şöyle dediği nakledilmiştir: \"Allah Resulü Mekke'yi fethettiğinde, (insanlara) hitap etmek üzere ayağa kalktı ve hutbesinde şöyle dedi: 'Bir kadının, kocasının izni olmadan (hediye) vermesi caiz değildir.'\""
      }
    },
    {
      "id": 40,
      "idInBook": 40,
      "chapterId": 34,
      "bookId": 3,
      "arabic": "أَخْبَرَنَا هَنَّادُ بْنُ السَّرِيِّ، قَالَ حَدَّثَنَا أَبُو بَكْرِ بْنُ عَيَّاشٍ، عَنْ يَحْيَى بْنِ هَانِئٍ، عَنْ أَبِي حُذَيْفَةَ، عَنْ عَبْدِ الْمَلِكِ بْنِ مُحَمَّدِ بْنِ بَشِيرٍ، عَنْ عَبْدِ الرَّحْمَنِ بْنِ عَلْقَمَةَ الثَّقَفِيِّ، قَالَ قَدِمَ وَفْدُ ثَقِيفٍ عَلَى رَسُولِ اللَّهِ صلى الله عليه وسلم وَمَعَهُمْ هَدِيَّةٌ فَقَالَ ‏\n\"‏ أَهَدِيَّةٌ أَمْ صَدَقَةٌ فَإِنْ كَانَتْ هَدِيَّةً فَإِنَّمَا يُبْتَغَى بِهَا وَجْهُ رَسُولِ اللَّهِ صلى الله عليه وسلم وَقَضَاءُ الْحَاجَةِ وَإِنْ كَانَتْ صَدَقَةً فَإِنَّمَا يُبْتَغَى بِهَا وَجْهُ اللَّهِ عَزَّ وَجَلَّ ‏\"‏ ‏.‏ قَالُوا لاَ بَلْ هَدِيَّةٌ ‏.‏ فَقَبِلَهَا مِنْهُمْ وَقَعَدَ مَعَهُمْ يُسَائِلُهُمْ وَيُسَائِلُونَهُ حَتَّى صَلَّى الظُّهْرَ مَعَ الْعَصْرِ ‏.‏",
      "english": {
        "narrator": "It was narrated that 'Abdur-Rahman bin 'Alqamah Ath-Thaqafi said:",
        "text": "\"The delegation of Thaqif came to the Messenger of Allah, bringing a gift with them. He said: 'Is it a gift or charity?' If it was a gift it would be for the sake of the Messenger of Allah and to have their needs met, and if it was charity then it would be in the cause of Allah. They said: 'It is a gift.' So he accepted it from them, and sat with them, and they asked questions, until he prayed Zuhr with 'Asr.\""
      },
      "turkish": {
        "narrator": "It was narrated that 'Abdur-Rahman bin 'Alqamah Ath-Thaqafi said:",
        "text": "'Abdurrahman bin Alqamah Ath-Thaqafi'den nakledildiğine göre, \"Thaqif heyeti Allah Resulü'ne geldi ve yanlarında bir hediye getirdiler. O da: 'Bu bir hediye mi yoksa sadaka mı?' dedi. Eğer bu bir hediye ise, Allah Resulü'nün hatırına ve ihtiyaçlarının karşılanması içindir; eğer sadaka ise, Allah yolundadır. Onlar: 'Bu bir hediyedir.' dediler. Bunun üzerine o, hediyeyi kabul etti, onlarla oturdu ve sorular sordular, ta ki öğle namazını ikindi ile kıldığı zamana kadar.\""
      }
    },
    {
      "id": 41,
      "idInBook": 41,
      "chapterId": 34,
      "bookId": 3,
      "arabic": "أَخْبَرَنَا أَبُو عَاصِمٍ، خُشَيْشُ بْنُ أَصْرَمَ قَالَ حَدَّثَنَا عَبْدُ الرَّزَّاقِ، قَالَ أَنْبَأَنَا مَعْمَرٌ، عَنِ ابْنِ عَجْلاَنَ، عَنْ سَعِيدٍ، عَنْ أَبِي هُرَيْرَةَ، أَنَّ رَسُولَ اللَّهِ صلى الله عليه وسلم قَالَ ‏\n\"‏ لَقَدْ هَمَمْتُ أَنْ لاَ أَقْبَلَ هَدِيَّةً إِلاَّ مِنْ قُرَشِيٍّ أَوْ أَنْصَارِيٍّ أَوْ ثَقَفِيٍّ أَوْ دَوْسِيٍّ ‏\"‏ ‏.‏",
      "english": {
        "narrator": "It was narrated from Abu Hurairah that the Messenger of Allah said:",
        "text": "\"I was thinking of not accepting gifts except from a Quraishi, an Ansari, a Thaqafi or a Dawsi.\""
      },
      "turkish": {
        "narrator": "It was narrated from Abu Hurairah that the Messenger of Allah said:",
        "text": "Ebu Hureyre'den nakledildi ki, Allah Resulü şöyle demiştir: \"Kureyşli, Ensar, Thaqafi veya Dawsî'den başka kimselerden hediye kabul etmemeyi düşünüyordum.\""
      }
    },
    {
      "id": 42,
      "idInBook": 42,
      "chapterId": 34,
      "bookId": 3,
      "arabic": "أَخْبَرَنَا إِسْحَاقُ بْنُ إِبْرَاهِيمَ، قَالَ حَدَّثَنَا وَكِيعٌ، قَالَ حَدَّثَنَا شُعْبَةُ، عَنْ قَتَادَةَ، عَنْ أَنَسٍ، أَنَّ رَسُولَ اللَّهِ صلى الله عليه وسلم أُتِيَ بِلَحْمٍ فَقَالَ ‏\"‏ مَا هَذَا ‏\"‏ ‏.‏ فَقِيلَ تُصُدِّقَ بِهِ عَلَى بَرِيرَةَ ‏.‏ فَقَالَ ‏\"‏ هُوَ لَهَا صَدَقَةٌ وَلَنَا هَدِيَّةٌ ‏\"‏ ‏.‏",
      "english": {
        "narrator": "It was narrated from Anas that some meat was brought to the Messenger of Allah and he said:",
        "text": "\"What is this?\" It was said: \"It was given in charity to Barirah.\" He said: \"It is charity for her and a gift for us.\""
      },
      "turkish": {
        "narrator": "It was narrated from Anas that some meat was brought to the Messenger of Allah and he said:",
        "text": "Anas'tan nakledildi ki, Allah Resulü'ne bir miktar et getirildi ve o da: \"Bu nedir?\" dedi. \"Barirah'a sadaka olarak verildi.\" denildi. O da: \"Bu onun için sadaka, bizim için ise hediye.\" dedi."
      }
    }
  ],
  "chapter": {
    "id": 34,
    "bookId": 3,
    "arabic": "كتاب العمرى",
    "english": "The Book of 'Umra"
  }
}