{
  "metadata": {
    "length": 53,
    "arabic": {
      "title": "سنن النسائي",
      "author": "الإمام أبو عبد الرحمن أحمد بن شعيب النسائي",
      "introduction": "كتاب الغسل والتيمم"
    },
    "english": {
      "title": "Sunan al-Nasa'i",
      "author": "Imam Ahmad ibn Shu'ayb al-Nasa'i",
      "introduction": "The Book of Ghusl and Tayammum"
    }
  },
  "hadiths": [
    {
      "id": 1,
      "idInBook": 1,
      "chapterId": 4,
      "bookId": 3,
      "arabic": "أَخْبَرَنَا سُلَيْمَانُ بْنُ دَاوُدَ، وَالْحَارِثُ بْنُ مِسْكِينٍ، قِرَاءَةً عَلَيْهِ وَأَنَا أَسْمَعُ، عَنِ ابْنِ وَهْبٍ، عَنْ عَمْرِو بْنِ الْحَارِثِ، عَنْ بُكَيْرٍ، أَنَّ أَبَا السَّائِبِ، حَدَّثَهُ أَنَّهُ، سَمِعَ أَبَا هُرَيْرَةَ، يَقُولُ قَالَ رَسُولُ اللَّهِ صلى الله عليه وسلم ‏‏\n\"‏‏ لاَ يَغْتَسِلْ أَحَدُكُمْ فِي الْمَاءِ الدَّائِمِ وَهُوَ جُنُبٌ ‏‏\"‏‏ ‏‏.‏‏",
      "english": {
        "narrator": "Abu Hurairah said:",
        "text": "\"The Messenger of Allah (ﷺ) said: 'None of you should perform ghusl in standing water while he is Junub.'\""
      },
      "turkish": {
        "narrator": "Abu Hurairah said:",
        "text": "Ebu Hureyre dedi ki: \"Allah'ın Resulü (ﷺ) şöyle buyurdu: 'Sizden hiçbiri cünüpken durgun suda gusül almasın.'\""
      }
    },
    {
      "id": 2,
      "idInBook": 2,
      "chapterId": 4,
      "bookId": 3,
      "arabic": "أَخْبَرَنَا مُحَمَّدُ بْنُ حَاتِمٍ، قَالَ حَدَّثَنَا حِبَّانُ، قَالَ حَدَّثَنَا عَبْدُ اللَّهِ، عَنْ مَعْمَرٍ، عَنْ هَمَّامِ بْنِ مُنَبِّهٍ، عَنْ أَبِي هُرَيْرَةَ، عَنِ النَّبِيِّ صلى الله عليه وسلم قَالَ ‏‏\n\"‏‏ لاَ يَبُولَنَّ الرَّجُلُ فِي الْمَاءِ الدَّائِمِ ثُمَّ يَغْتَسِلُ مِنْهُ أَوْ يَتَوَضَّأُ ‏‏\"‏‏ ‏‏.‏‏",
      "english": {
        "narrator": "It was narrated from Abu Hurairah that the Messenger of Allah (ﷺ) said:",
        "text": "\"None of you should urinate into standing water and then perform Ghusl or Wudu' with it.\""
      },
      "turkish": {
        "narrator": "It was narrated from Abu Hurairah that the Messenger of Allah (ﷺ) said:",
        "text": "Ebu Hureyre'den rivayet edilmiştir ki, Allah'ın Resulü (ﷺ) şöyle buyurdu: \"Sizden hiçbiri durgun suya idrar yapmasın ve sonra onunla gusül veya abdest almasın.\""
      }
    },
    {
      "id": 3,
      "idInBook": 3,
      "chapterId": 4,
      "bookId": 3,
      "arabic": "أَخْبَرَنَا أَحْمَدُ بْنُ صَالِحٍ الْبَغْدَادِيُّ، قَالَ حَدَّثَنَا يَحْيَى بْنُ مُحَمَّدٍ، قَالَ حَدَّثَنِي ابْنُ عَجْلاَنَ، عَنْ أَبِي الزِّنَادِ، عَنِ الأَعْرَجِ، عَنْ أَبِي هُرَيْرَةَ، أَنَّ رَسُولَ اللَّهِ صلى الله عليه وسلم نَهَى أَنْ يُبَالَ فِي الْمَاءِ الدَّائِمِ ثُمَّ يُغْتَسَلَ فِيهِ مِنَ الْجَنَابَةِ ‏‏.‏‏",
      "english": {
        "narrator": "",
        "text": "It was narrated from Abu Hurairah that the Messenger of Allah (ﷺ) forbade urinating into standing water and then performing Ghusl from Janabah in it."
      },
      "turkish": {
        "narrator": "",
        "text": "Ebu Hureyre'den rivayet edilmiştir ki, Allah'ın Resulü (ﷺ) durgun suya idrar yapmayı ve sonra onunla cünüplükten gusül almayı yasaklamıştır."
      }
    },
    {
      "id": 4,
      "idInBook": 4,
      "chapterId": 4,
      "bookId": 3,
      "arabic": "أَخْبَرَنَا مُحَمَّدُ بْنُ عَبْدِ اللَّهِ بْنِ يَزِيدَ، عَنْ سُفْيَانَ، عَنْ أَبِي الزِّنَادِ، عَنْ مُوسَى بْنِ أَبِي عُثْمَانَ، عَنْ أَبِيهِ، عَنْ أَبِي هُرَيْرَةَ، أَنَّ النَّبِيَّ صلى الله عليه وسلم نَهَى أَنْ يُبَالَ فِي الْمَاءِ الرَّاكِدِ ثُمَّ يُغْتَسَلَ مِنْهُ ‏‏.‏‏",
      "english": {
        "narrator": "",
        "text": "It was narrated from Abu Hurairah that the Messenger of Allah (ﷺ) forbade urinating into standing water then performing Ghusl with it."
      },
      "turkish": {
        "narrator": "",
        "text": "Ebu Hureyre'den rivayet edilmiştir ki, Allah'ın Resulü (ﷺ) durgun suya idrar yapmayı ve sonra onunla gusül almayı yasaklamıştır."
      }
    },
    {
      "id": 5,
      "idInBook": 5,
      "chapterId": 4,
      "bookId": 3,
      "arabic": "أَخْبَرَنَا قُتَيْبَةُ، قَالَ حَدَّثَنَا سُفْيَانُ، عَنْ أَيُّوبَ، عَنِ ابْنِ سِيرِينَ، عَنْ أَبِي هُرَيْرَةَ، قَالَ لاَ يَبُولَنَّ أَحَدُكُمْ فِي الْمَاءِ الدَّائِمِ الَّذِي لاَ يَجْرِي ثُمَّ يَغْتَسِلُ مِنْهُ ‏‏.‏‏ قَالَ سُفْيَانُ قَالُوا لِهِشَامٍ - يَعْنِي ابْنَ حَسَّانَ - أَنَّ أَيُّوبَ إِنَّمَا يَنْتَهِي بِهَذَا الْحَدِيثِ إِلَى أَبِي هُرَيْرَةَ فَقَالَ إِنَّ أَيُّوبَ لَوِ اسْتَطَاعَ أَنْ لاَ يَرْفَعَ حَدِيثًا لَمْ يَرْفَعْهُ ‏‏.‏‏",
      "english": {
        "narrator": "It was narrated that Abu Hurairah said:",
        "text": "\"None of you should urinate into standing water which does not flow and then perform Ghusl with it.\" (One of the narrators) Sufyan said: \"They said to Hisham - meaning Ibn Hassan - 'Ayyub only attributed this Hadith to Abu Hurairah?' So he said: 'If Ayyub is not able to raise up a narration then he does not raise it.'\" \n\n That is, he narrated it from Abu Hurairah, rather than from him from the Prophet (ﷺ) while others narrated it in Marfu' form or \"raised\" to the Prophet (ﷺ) And perhaps by: \"If he is able to not raise it\" he means: \"If he is not able to raise it.\" And Allah knows best."
      },
      "turkish": {
        "narrator": "It was narrated that Abu Hurairah said:",
        "text": "Ebu Hureyre'den rivayet edilmiştir ki: \"Sizden hiçbiri akmayan durgun suya idrar yapmasın ve sonra onunla gusül almasın.\" (Rivayet edenlerden) Sufyan dedi ki: \"Onlar Hişam'a -yani İbn Hassan'a- 'Ayyub bu hadisi sadece Ebu Hureyre'ye mi isnat etti?' dediler. O da: 'Eğer Ayyub bir rivayeti yükseltme yeteneğine sahip değilse, onu yükseltmez.' dedi.\""
      }
    },
    {
      "id": 6,
      "idInBook": 6,
      "chapterId": 4,
      "bookId": 3,
      "arabic": "أَخْبَرَنَا إِسْحَاقُ بْنُ إِبْرَاهِيمَ، قَالَ حَدَّثَنَا مُعَاذُ بْنُ هِشَامٍ، قَالَ حَدَّثَنِي أَبِي، عَنْ عَطَاءٍ، عَنْ أَبِي الزُّبَيْرِ، عَنْ جَابِرٍ، عَنِ النَّبِيِّ صلى الله عليه وسلم قَالَ ‏‏\n\"‏‏ مَنْ كَانَ يُؤْمِنُ بِاللَّهِ وَالْيَوْمِ الآخِرِ فَلاَ يَدْخُلِ الْحَمَّامَ إِلاَّ بِمِئْزَرٍ ‏‏\"‏‏ ‏‏.‏‏",
      "english": {
        "narrator": "It was narrated from Jabir that the Prophet (ﷺ) said:",
        "text": "\"Whoever believes in Allah and the Last Day, let him not enter a bath house except wearing an Izar (waist wrap).\""
      },
      "turkish": {
        "narrator": "It was narrated from Jabir that the Prophet (ﷺ) said:",
        "text": "Yani, bunu Ebu Hureyre'den, Resulullah'tan (ﷺ) değil, diğerleri bunu merfu' yani \"yükseltilmiş\" olarak Resulullah'tan (ﷺ) rivayet etmiştir. Ve belki de: \"Eğer onu yükseltme yeteneğine sahip değilse\" derken: \"Eğer onu yükseltme yeteneğine sahip değilse\" demek istemiştir. Ve Allah en iyi bilendir."
      }
    },
    {
      "id": 7,
      "idInBook": 7,
      "chapterId": 4,
      "bookId": 3,
      "arabic": "أَخْبَرَنَا مُحَمَّدُ بْنُ إِبْرَاهِيمَ، قَالَ حَدَّثَنَا بِشْرُ بْنُ الْمُفَضَّلِ، قَالَ حَدَّثَنَا شُعْبَةُ، عَنْ مَجْزَأَةَ بْنِ زَاهِرٍ، أَنَّهُ سَمِعَ عَبْدَ اللَّهِ بْنَ أَبِي أَوْفَى، يُحَدِّثُ عَنِ النَّبِيِّ صلى الله عليه وسلم أَنَّهُ كَانَ يَدْعُو ‏‏\n\"‏‏ اللَّهُمَّ طَهِّرْنِي مِنَ الذُّنُوبِ وَالْخَطَايَا اللَّهُمَّ نَقِّنِي مِنْهَا كَمَا يُنَقَّى الثَّوْبُ الأَبْيَضُ مِنَ الدَّنَسِ اللَّهُمَّ طَهِّرْنِي بِالثَّلْجِ وَالْبَرَدِ وَالْمَاءِ الْبَارِدِ ‏‏\"‏‏ ‏‏.‏‏",
      "english": {
        "narrator": "'Abdullah bin Abi Awfa narrated that the Prophet (ﷺ) would supplicate:",
        "text": "\"Allahumma tahhirni min adh-dhunub wal-khataya. Allahumma naqqini minha kama yunaqqa ath-thawb al-abyad min ad-danas, Allahumma tahhirni bith-thalji wal-barad wal-ma' al-barid (O Allah, purify me of sin and error, O Allah cleanse me of it as a white garment is cleansed of dirt, O Allah purify me with snow and hail and cold water).\""
      },
      "turkish": {
        "narrator": "'Abdullah bin Abi Awfa narrated that the Prophet (ﷺ) would supplicate:",
        "text": "Cabir'den rivayet edilmiştir ki, Peygamber (ﷺ) şöyle buyurdu: \"Kim Allah'a ve Ahiret Günü'ne inanıyorsa, hamama ancak bir izar (bel örtüsü) ile girmesin.\""
      }
    },
    {
      "id": 8,
      "idInBook": 8,
      "chapterId": 4,
      "bookId": 3,
      "arabic": "أَخْبَرَنَا مُحَمَّدُ بْنُ يَحْيَى بْنِ مُحَمَّدٍ، حَدَّثَنَا مُحَمَّدُ بْنُ مُوسَى، قَالَ حَدَّثَنَا إِبْرَاهِيمُ بْنُ يَزِيدَ، عَنْ رُقْبَةَ، عَنْ مَجْزَأَةَ الأَسْلَمِيِّ، عَنِ ابْنِ أَبِي أَوْفَى، قَالَ كَانَ النَّبِيُّ صلى الله عليه وسلم يَقُولُ ‏‏\n\"‏‏ اللَّهُمَّ طَهِّرْنِي بِالثَّلْجِ وَالْبَرَدِ وَالْمَاءِ الْبَارِدِ اللَّهُمَّ طَهِّرْنِي مِنَ الذُّنُوبِ كَمَا يُطَهَّرُ الثَّوْبُ الأَبْيَضُ مِنَ الدَّنَسِ ‏‏\"‏‏ ‏‏.‏‏",
      "english": {
        "narrator": "It was narrated that Ibn Abi Awfa said:",
        "text": "\"The Prophet (ﷺ) used to say: 'Allahumma tahhirni bith-thalji wal-barad wal-ma' al-barid, Allahumma tahhirni min adh-dhunub kama yutahhar ath-thawb al-abyad min ad-danas (O Allah, purify me with snow and hail and cold water, O Allah, purify me of sin as a white garment is cleansed of dirt).\""
      },
      "turkish": {
        "narrator": "It was narrated that Ibn Abi Awfa said:",
        "text": "Abdullah bin Ebi Evfa rivayet etti ki, Peygamber (ﷺ) dua ederdi: \"Allah'ım, beni günahlardan ve hatalardan arındır. Allah'ım, beni ondan, beyaz bir elbisenin kirden arındığı gibi arındır. Allah'ım, beni kar, dolu ve soğuk su ile arındır.\""
      }
    },
    {
      "id": 9,
      "idInBook": 9,
      "chapterId": 4,
      "bookId": 3,
      "arabic": "أَخْبَرَنَا شُعَيْبُ بْنُ يُوسُفَ، قَالَ حَدَّثَنَا عَبْدُ الرَّحْمَنِ بْنُ مَهْدِيٍّ، عَنْ مُعَاوِيَةَ بْنِ صَالِحٍ، عَنْ عَبْدِ اللَّهِ بْنِ أَبِي قَيْسٍ، قَالَ سَأَلْتُ عَائِشَةَ كَيْفَ كَانَ نَوْمُ رَسُولِ اللَّهِ صلى الله عليه وسلم فِي الْجَنَابَةِ أَيَغْتَسِلُ قَبْلَ أَنْ يَنَامَ أَوْ يَنَامُ قَبْلَ أَنْ يَغْتَسِلَ قَالَتْ كُلُّ ذَلِكَ قَدْ كَانَ يَفْعَلُ رُبَّمَا اغْتَسَلَ فَنَامَ وَرُبَّمَا تَوَضَّأَ فَنَامَ ‏‏.‏‏",
      "english": {
        "narrator": "It was narrated that 'Abdullah bin Abi Qais said:",
        "text": "\"I asked 'Aishah: 'How did the Messenger of Allah (ﷺ) sleep while he was Junub? Did he perform Ghusl before sleeping or sleep before performing Ghusl?' She said: 'He did both. Sometimes he would perform Ghusl then sleep, and sometimes he would perform Wudu' then sleep.'\""
      },
      "turkish": {
        "narrator": "It was narrated that 'Abdullah bin Abi Qais said:",
        "text": "İbn Ebi Evfa'dan rivayet edilmiştir ki: \"Peygamber (ﷺ) şöyle derdi: 'Allah'ım, beni kar, dolu ve soğuk su ile arındır. Allah'ım, beni günahlardan, beyaz bir elbisenin kirden arındığı gibi arındır.'\""
      }
    },
    {
      "id": 10,
      "idInBook": 10,
      "chapterId": 4,
      "bookId": 3,
      "arabic": "أَخْبَرَنَا يَحْيَى بْنُ حَبِيبِ بْنِ عَرَبِيٍّ، قَالَ حَدَّثَنَا حَمَّادٌ، عَنْ بُرْدٍ، عَنْ عُبَادَةَ بْنِ نُسَىٍّ، عَنْ غُضَيْفِ بْنِ الْحَارِثِ، قَالَ دَخَلْتُ عَلَى عَائِشَةَ فَسَأَلْتُهَا فَقُلْتُ أَكَانَ رَسُولُ اللَّهِ صلى الله عليه وسلم يَغْتَسِلُ مِنْ أَوَّلِ اللَّيْلِ أَوْ مِنْ آخِرِهِ قَالَتْ كُلُّ ذَلِكَ كَانَ رُبَّمَا اغْتَسَلَ مِنْ أَوَّلِهِ وَرُبَّمَا اغْتَسَلَ مِنْ آخِرِهِ ‏‏.‏‏ قُلْتُ الْحَمْدُ لِلَّهِ الَّذِي جَعَلَ فِي الأَمْرِ سَعَةً ‏‏.‏‏",
      "english": {
        "narrator": "It was narrated that Ghudaif bin Al-Harith said:",
        "text": "\"I entered upon 'Aishah and asked her: 'Did the Messenger of Allah (ﷺ) perform Ghusl at the beginning of the night or at the end?' She said: 'Both. Sometimes he performed Ghusl at the beginning and sometimes at the end.' I said: 'Praise be to Allah who has made the matter flexible.'\""
      },
      "turkish": {
        "narrator": "It was narrated that Ghudaif bin Al-Harith said:",
        "text": "Abdullah bin Ebi Kays dedi ki: \"Aişe'ye sordum: 'Allah'ın Resulü (ﷺ) cünüpken nasıl uyurdu? Gusül mü alırdı yoksa uyumadan önce mi gusül alırdı?' O dedi ki: 'İkisini de yapardı. Bazen gusül alır, sonra uyurdu; bazen de abdest alır, sonra uyurdu.'\""
      }
    },
    {
      "id": 11,
      "idInBook": 11,
      "chapterId": 4,
      "bookId": 3,
      "arabic": "أَخْبَرَنِي إِبْرَاهِيمُ بْنُ يَعْقُوبَ، قَالَ حَدَّثَنَا النُّفَيْلِيُّ، قَالَ حَدَّثَنَا زُهَيْرٌ، قَالَ حَدَّثَنَا عَبْدُ الْمَلِكِ، عَنْ عَطَاءٍ، عَنْ يَعْلَى، أَنَّ رَسُولَ اللَّهِ صلى الله عليه وسلم رَأَى رَجُلاً يَغْتَسِلُ بِالْبَرَازِ فَصَعِدَ الْمِنْبَرَ فَحَمِدَ اللَّهَ وَأَثْنَى عَلَيْهِ وَقَالَ ‏‏\n\"‏‏ إِنَّ اللَّهَ عَزَّ وَجَلَّ حَلِيمٌ حَيِيٌّ سِتِّيرٌ يُحِبُّ الْحَيَاءَ وَالسَّتْرَ فَإِذَا اغْتَسَلَ أَحَدُكُمْ فَلْيَسْتَتِرْ ‏‏\"‏‏ ‏‏.‏‏",
      "english": {
        "narrator": "It was narrated from Ya'la that the Messenger of Allah (ﷺ) saw a man performing Ghusl in an open place, so he ascended the Minbar and praised and glorified Allah, then he said:",
        "text": "'Allah, the Mighty and Sublime, is forbearing, modest and concealing, and He loves modesty and concealment. When any one of you performs Ghusl, let him conceal himself.'\""
      },
      "turkish": {
        "narrator": "It was narrated from Ya'la that the Messenger of Allah (ﷺ) saw a man performing Ghusl in an open place, so he ascended the Minbar and praised and glorified Allah, then he said:",
        "text": "Hudayfe bin Haris'ten rivayet edilmiştir ki: \"Aişe'nin yanına girdim ve ona sordum: 'Allah'ın Resulü (ﷺ) gece başında mı yoksa sonunda mı gusül alırdı?' O dedi ki: 'İkisini de yapardı. Bazen başında, bazen sonunda gusül alırdı.' Ben de: 'Allah'a hamd olsun ki, bu işi kolaylaştırmıştır.' dedim.\""
      }
    },
    {
      "id": 12,
      "idInBook": 12,
      "chapterId": 4,
      "bookId": 3,
      "arabic": "أَخْبَرَنَا أَبُو بَكْرِ بْنُ إِسْحَاقَ، قَالَ حَدَّثَنَا الأَسْوَدُ بْنُ عَامِرٍ، قَالَ حَدَّثَنَا أَبُو بَكْرِ بْنُ عَيَّاشٍ، عَنْ عَبْدِ الْمَلِكِ بْنِ أَبِي سُلَيْمَانَ، عَنْ عَطَاءٍ، عَنْ صَفْوَانَ بْنِ يَعْلَى، عَنْ أَبِيهِ، قَالَ قَالَ رَسُولُ اللَّهِ صلى الله عليه وسلم ‏‏\n\"‏‏ إِنَّ اللَّهَ عَزَّ وَجَلَّ سِتِّيرٌ فَإِذَا أَرَادَ أَحَدُكُمْ أَنْ يَغْتَسِلَ فَلْيَتَوَارَ بِشَىْءٍ ‏‏\"‏‏ ‏‏.‏‏",
      "english": {
        "narrator": "It was narrated from Safwan bin Ya'la that his father said:",
        "text": "\"The Messenger of Allah (ﷺ) said: 'Allah loves concealment, so when any one of you performs Ghusl let him conceal himself with something.'\""
      },
      "turkish": {
        "narrator": "It was narrated from Safwan bin Ya'la that his father said:",
        "text": "Ya'la'dan rivayet edilmiştir ki, Allah'ın Resulü (ﷺ) bir adamın açık bir yerde gusül aldığını gördü, sonra minbere çıktı ve Allah'ı övdü, yüceltti, ardından şöyle dedi: 'Allah, Aziz ve Celil olan, sabırlı, haya sahibi ve gizlemeyi seven bir Zat'tır. Sizden biri gusül alırken, kendisini gizlesin.'\""
      }
    },
    {
      "id": 13,
      "idInBook": 13,
      "chapterId": 4,
      "bookId": 3,
      "arabic": "أَخْبَرَنَا قُتَيْبَةُ، قَالَ حَدَّثَنَا عَبِيدَةُ، عَنِ الأَعْمَشِ، عَنْ سَالِمٍ، عَنْ كُرَيْبٍ، عَنِ ابْنِ عَبَّاسٍ، عَنْ مَيْمُونَةَ، قَالَتْ وَضَعْتُ لِرَسُولِ اللَّهِ صلى الله عليه وسلم مَاءً - قَالَتْ - فَسَتَرْتُهُ فَذَكَرَتِ الْغُسْلَ قَالَتْ ثُمَّ أَتَيْتُهُ بِخِرْقَةٍ فَلَمْ يُرِدْهَا ‏‏.‏‏",
      "english": {
        "narrator": "It was narrated that Maimunah said:",
        "text": "\"I put some water out for the Messenger of Allah (ﷺ), then I concealed him\" - and she mentioned how he performed Ghusl, then she said: \"Then I brought him a cloth (a towel) but he did not want it.\""
      },
      "turkish": {
        "narrator": "It was narrated that Maimunah said:",
        "text": "Safvan bin Ya'la'dan rivayet edilmiştir ki, babası şöyle dedi: \"Allah'ın Resulü (ﷺ) şöyle buyurdu: 'Allah gizlemeyi sever, bu yüzden sizden biri gusül alırken, kendisini bir şeyle gizlesin.'\""
      }
    },
    {
      "id": 14,
      "idInBook": 14,
      "chapterId": 4,
      "bookId": 3,
      "arabic": "أَخْبَرَنَا أَحْمَدُ بْنُ حَفْصِ بْنِ عَبْدِ اللَّهِ، قَالَ حَدَّثَنِي أَبِي قَالَ، حَدَّثَنِي إِبْرَاهِيمُ، عَنْ مُوسَى بْنِ عُقْبَةَ، عَنْ صَفْوَانَ بْنِ سُلَيْمٍ، عَنْ عَطَاءِ بْنِ يَسَارٍ، عَنْ أَبِي هُرَيْرَةَ، قَالَ قَالَ رَسُولُ اللَّهِ صلى الله عليه وسلم ‏‏\n\"‏‏ بَيْنَمَا أَيُّوبُ عَلَيْهِ الصَّلاَةُ وَالسَّلاَمُ يَغْتَسِلُ عُرْيَانًا خَرَّ عَلَيْهِ جَرَادٌ مِنْ ذَهَبٍ فَجَعَلَ يَحْثِي فِي ثَوْبِهِ قَالَ فَنَادَاهُ رَبُّهُ عَزَّ وَجَلَّ يَا أَيُّوبُ أَلَمْ أَكُنْ أَغْنَيْتُكَ قَالَ بَلَى يَا رَبِّ وَلَكِنْ لاَ غِنَى بِي عَنْ بَرَكَاتِكَ ‏‏\"‏‏ ‏‏.‏‏",
      "english": {
        "narrator": "It was narrated that Abu Hurairah said:",
        "text": "\"The Messenger of Allah (ﷺ) said: 'While Ayyub, peace be upon him, was bathing naked, locusts of gold landed on him and he started to collect them in his garment. Then his Lord called him (saying): \"O Ayyub, did I not make you rich?\" he said: \"Yes, O Lord, but I cannot do without Your blessing.\""
      },
      "turkish": {
        "narrator": "It was narrated that Abu Hurairah said:",
        "text": "Maimuna dedi ki: \"Ben Allah'ın Resulü (ﷺ) için biraz su koydum, sonra onu gizledim\" - ve gusül alışı hakkında bahsetti, sonra şöyle dedi: \"Sonra ona bir bez (havlu) getirdim ama onu istemedi.\""
      }
    },
    {
      "id": 15,
      "idInBook": 15,
      "chapterId": 4,
      "bookId": 3,
      "arabic": "أَخْبَرَنَا الْقَاسِمُ بْنُ زَكَرِيَّا بْنِ دِينَارٍ، قَالَ حَدَّثَنِي إِسْحَاقُ بْنُ مَنْصُورٍ، عَنْ إِبْرَاهِيمَ بْنِ سَعْدٍ، عَنِ الزُّهْرِيِّ، عَنِ الْقَاسِمِ بْنِ مُحَمَّدٍ، عَنْ عَائِشَةَ، قَالَتْ كَانَ رَسُولُ اللَّهِ صلى الله عليه وسلم يَغْتَسِلُ فِي الإِنَاءِ وَهُوَ الْفَرَقُ وَكُنْتُ أَغْتَسِلُ أَنَا وَهُوَ مِنْ إِنَاءٍ وَاحِدٍ ‏‏.‏‏",
      "english": {
        "narrator": "It was narrated that 'Aishah said:",
        "text": "\"The Messenger of Allah (ﷺ) used to perform Ghusl from a vessel which was the size of a Faraq  and he and I used to perform Ghusl from a single vessel.\"\n\n See No. 230"
      },
      "turkish": {
        "narrator": "It was narrated that 'Aishah said:",
        "text": "Ebu Hureyre'den rivayet edilmiştir ki: \"Allah'ın Resulü (ﷺ) şöyle buyurdu: 'Ayyub, selam üzerine olsun, çıplak olarak banyo yaparken, üzerine altın çekirgeler düştü ve onları elbisesine toplamaya başladı. Sonra Rabbi ona seslendi (şöyle dedi): \"Ey Ayyub, ben seni zengin etmedim mi?\" O da: \"Evet, Ey Rabbim, ama ben Senin nimetin olmadan yapamam.\"'"
      }
    },
    {
      "id": 16,
      "idInBook": 16,
      "chapterId": 4,
      "bookId": 3,
      "arabic": "أَخْبَرَنَا سُوَيْدُ بْنُ نَصْرٍ، قَالَ حَدَّثَنَا عَبْدُ اللَّهِ، عَنْ هِشَامٍ، ح وَأَخْبَرَنَا قُتَيْبَةُ، عَنْ مَالِكٍ، عَنْ هِشَامِ بْنِ عُرْوَةَ، عَنْ أَبِيهِ، عَنْ عَائِشَةَ، أَنَّ رَسُولَ اللَّهِ صلى الله عليه وسلم كَانَ يَغْتَسِلُ وَأَنَا مِنْ إِنَاءٍ وَاحِدٍ نَغْتَرِفُ مِنْهُ جَمِيعًا ‏‏.‏‏ وَقَالَ سُوَيْدٌ قَالَتْ كُنْتُ أَنَا ‏‏.‏‏",
      "english": {
        "narrator": "",
        "text": "It was narrated from 'Aishah that the Messenger of Allah (ﷺ) used to perform Ghusl, he and I from a single vessel, both of us scooping water from it."
      },
      "turkish": {
        "narrator": "",
        "text": "'Aişe'den rivayet edilmiştir ki, Allah'ın Resulü (ﷺ) Ghusl yapardı, ben ve o tek bir kapta, ikimiz de ondan su alarak."
      }
    },
    {
      "id": 17,
      "idInBook": 17,
      "chapterId": 4,
      "bookId": 3,
      "arabic": "أَخْبَرَنَا مُحَمَّدُ بْنُ عَبْدِ الأَعْلَى، قَالَ حَدَّثَنَا خَالِدٌ، قَالَ حَدَّثَنَا شُعْبَةُ، قَالَ أَخْبَرَنِي عَبْدُ الرَّحْمَنِ بْنُ الْقَاسِمِ، قَالَ سَمِعْتُ الْقَاسِمَ، يُحَدِّثُ عَنْ عَائِشَةَ، قَالَتْ كُنْتُ أَغْتَسِلُ أَنَا وَرَسُولُ اللَّهِ، صلى الله عليه وسلم مِنْ إِنَاءٍ وَاحِدٍ مِنَ الْجَنَابَةِ ‏‏.‏‏",
      "english": {
        "narrator": "'Abdur-Rahman bin Al-Qasim said:",
        "text": "\"I heard Al-Qasim narrating that 'Aishah said: 'I used to perform Ghusl - the Messenger of Allah (ﷺ) and I - from a single vessel for Janabah.'\""
      },
      "turkish": {
        "narrator": "'Abdur-Rahman bin Al-Qasim said:",
        "text": "---"
      }
    },
    {
      "id": 18,
      "idInBook": 18,
      "chapterId": 4,
      "bookId": 3,
      "arabic": "أَخْبَرَنَا قُتَيْبَةُ بْنُ سَعِيدٍ، قَالَ حَدَّثَنَا عَبِيدَةُ بْنُ حُمَيْدٍ، عَنْ مَنْصُورٍ، عَنْ إِبْرَاهِيمَ، عَنِ الأَسْوَدِ، عَنْ عَائِشَةَ، قَالَتْ لَقَدْ رَأَيْتُنِي أُنَازِعُ رَسُولَ اللَّهِ صلى الله عليه وسلم الإِنَاءَ أَغْتَسِلُ أَنَا وَهُوَ مِنْهُ ‏‏.‏‏",
      "english": {
        "narrator": "It was narrated that 'Aishah said:",
        "text": "\"I remember competing over the vessel  with the Messenger of Allah (ﷺ), when he and I were performing Ghusl from it.\"\n\n See the following narration and no. 240."
      },
      "turkish": {
        "narrator": "It was narrated that 'Aishah said:",
        "text": "'Abdurrahman bin Al-Qasim dedi ki: \"Al-Qasim'in rivayet ettiğini duydum, 'Aişe dedi ki: 'Ben Ghusl yapardım - Allah'ın Resulü (ﷺ) ve ben - tek bir kapta Cünüplük için.'\""
      }
    },
    {
      "id": 19,
      "idInBook": 19,
      "chapterId": 4,
      "bookId": 3,
      "arabic": "أَخْبَرَنَا مُحَمَّدُ بْنُ بَشَّارٍ، عَنْ مُحَمَّدٍ، حَدَّثَنَا شُعْبَةُ، عَنْ عَاصِمٍ، ح وَأَخْبَرَنَا سُوَيْدُ بْنُ نَصْرٍ، قَالَ أَنْبَأَنَا عَبْدُ اللَّهِ، عَنْ عَاصِمٍ، عَنْ مُعَاذَةَ، عَنْ عَائِشَةَ، قَالَتْ كُنْتُ أَغْتَسِلُ أَنَا وَرَسُولُ اللَّهِ، صلى الله عليه وسلم مِنْ إِنَاءٍ وَاحِدٍ أُبَادِرُهُ وَيُبَادِرُنِي حَتَّى يَقُولَ ‏‏\n\"‏‏ دَعِي لِي ‏‏\"‏‏ ‏‏.‏‏ وَأَقُولَ أَنَا دَعْ لِي ‏‏.‏‏ قَالَ سُوَيْدٌ يُبَادِرُنِي وَأُبَادِرُهُ فَأَقُولُ دَعْ لِي دَعْ لِي ‏‏.‏‏",
      "english": {
        "narrator": "It was narrated that 'Aishah said:",
        "text": "\"I used to perform Ghusl - the Messenger of Allah (ﷺ) and I - from one vessel. He would compete with me and I would with him (to take the water) until he would say: 'Leave me some,' and I would say, 'Leave me some.'\""
      },
      "turkish": {
        "narrator": "It was narrated that 'Aishah said:",
        "text": "---"
      }
    },
    {
      "id": 20,
      "idInBook": 20,
      "chapterId": 4,
      "bookId": 3,
      "arabic": "أَخْبَرَنَا مُحَمَّدُ بْنُ يَحْيَى بْنِ مُحَمَّدٍ، قَالَ حَدَّثَنَا مُحَمَّدُ بْنُ مُوسَى بْنِ أَعْيَنَ، قَالَ حَدَّثَنَا أَبِي، عَنْ عَبْدِ الْمَلِكِ بْنِ أَبِي سُلَيْمَانَ، عَنْ عَطَاءٍ، قَالَ حَدَّثَتْنِي أُمُّ هَانِئٍ، أَنَّهَا دَخَلَتْ عَلَى النَّبِيِّ صلى الله عليه وسلم يَوْمَ فَتْحِ مَكَّةَ وَهُوَ يَغْتَسِلُ قَدْ سَتَرَتْهُ بِثَوْبٍ دُونَهُ فِي قَصْعَةٍ فِيهَا أَثَرُ الْعَجِينِ ‏‏.‏‏ قَالَتْ فَصَلَّى الضُّحَى فَمَا أَدْرِي كَمْ صَلَّى حِينَ قَضَى غُسْلَهُ ‏‏.‏‏",
      "english": {
        "narrator": "Umm Hani' narrated that she entered upon the Prophet (ﷺ) on the day of the Conquest of Makkah, when he was performing Ghusl - while a garment was screening him - from a vessel in which were traces of dough. She said:",
        "text": "He prayed Ad-Duha - but I do not know how many Rak'ahs he prayed - after he finished Ghusl.'\""
      },
      "turkish": {
        "narrator": "Umm Hani' narrated that she entered upon the Prophet (ﷺ) on the day of the Conquest of Makkah, when he was performing Ghusl - while a garment was screening him - from a vessel in which were traces of dough. She said:",
        "text": "'Aişe'den rivayet edilmiştir ki: \"Ben, Allah'ın Resulü (ﷺ) ile birlikte kap için yarıştığımı hatırlıyorum, ikimiz de ondan Ghusl yapıyorduk.\""
      }
    },
    {
      "id": 21,
      "idInBook": 21,
      "chapterId": 4,
      "bookId": 3,
      "arabic": "أَخْبَرَنَا سُوَيْدُ بْنُ نَصْرٍ، قَالَ أَنْبَأَنَا عَبْدُ اللَّهِ، عَنْ إِبْرَاهِيمَ بْنِ طَهْمَانَ، عَنْ أَبِي الزُّبَيْرِ، عَنْ عُبَيْدِ بْنِ عُمَيْرٍ، أَنَّ عَائِشَةَ، قَالَتْ لَقَدْ رَأَيْتُنِي أَغْتَسِلُ أَنَا وَرَسُولُ اللَّهِ صلى الله عليه وسلم مِنْ هَذَا فَإِذَا تَوْرٌ مَوْضُوعٌ مِثْلُ الصَّاعِ أَوْ دُونَهُ فَنَشْرَعُ فِيهِ جَمِيعًا فَأُفِيضُ عَلَى رَأْسِي بِيَدَىَّ ثَلاَثَ مَرَّاتٍ وَمَا أَنْقُضُ لِي شَعْرًا ‏‏.‏‏",
      "english": {
        "narrator": "'Aishah said:",
        "text": "\"I remember performing Ghusl - myself and the Messenger of Allah (ﷺ), from this\" - a vessel like a Sa' or smaller. \"We both started taking water from it and I poured water over my head with my hand, three times, without undoing any of my hair.\""
      },
      "turkish": {
        "narrator": "'Aishah said:",
        "text": "Aşağıdaki rivayete ve no. 240'a bakınız."
      }
    },
    {
      "id": 22,
      "idInBook": 22,
      "chapterId": 4,
      "bookId": 3,
      "arabic": "حَدَّثَنَا هَنَّادُ بْنُ السَّرِيِّ، عَنْ وَكِيعٍ، عَنْ مِسْعَرٍ، وَسُفْيَانَ، عَنْ إِبْرَاهِيمَ بْنِ مُحَمَّدِ بْنِ الْمُنْتَشِرِ، عَنْ أَبِيهِ، قَالَ سَمِعْتُ ابْنَ عُمَرَ، يَقُولُ لأَنْ أُصْبِحَ مُطَّلِيًا بِقَطِرَانٍ أَحَبُّ إِلَىَّ مِنْ أَنْ أُصْبِحَ مُحْرِمًا أَنْضَخُ طِيبًا ‏‏.‏‏ فَدَخَلْتُ عَلَى عَائِشَةَ فَأَخْبَرْتُهَا بِقَوْلِهِ فَقَالَتْ طَيَّبْتُ رَسُولَ اللَّهِ صلى الله عليه وسلم فَطَافَ عَلَى نِسَائِهِ ثُمَّ أَصْبَحَ مُحْرِمًا ‏‏.‏‏",
      "english": {
        "narrator": "It was narrated from Ibrahim bin Muhammad bin Al-Muntashir that his father said:",
        "text": "\"I heard Ibn 'Umar say: 'I would rather wake up in the morning covered in tar than wake up and enter Ihram with the smell of perfume coming from me.' I entered upon 'Aishah and told her what he had said, and she said: 'I put perfume on the Messenger of Allah (ﷺ) and he went round to all his wives, then in the morning he entered Ihram.'\""
      },
      "turkish": {
        "narrator": "It was narrated from Ibrahim bin Muhammad bin Al-Muntashir that his father said:",
        "text": "---"
      }
    },
    {
      "id": 23,
      "idInBook": 23,
      "chapterId": 4,
      "bookId": 3,
      "arabic": "أَخْبَرَنَا مُحَمَّدُ بْنُ عَلِيٍّ، قَالَ حَدَّثَنَا مُحَمَّدُ بْنُ يُوسُفَ، قَالَ حَدَّثَنَا سُفْيَانُ، عَنِ الأَعْمَشِ، عَنْ سَالِمٍ، عَنْ كُرَيْبٍ، عَنِ ابْنِ عَبَّاسٍ، عَنْ مَيْمُونَةَ، قَالَتْ تَوَضَّأَ رَسُولُ اللَّهِ صلى الله عليه وسلم وُضُوءَهُ لِلصَّلاَةِ غَيْرَ رِجْلَيْهِ وَغَسَلَ فَرْجَهُ وَمَا أَصَابَهُ ثُمَّ أَفَاضَ عَلَيْهِ الْمَاءَ ثُمَّ نَحَّى رِجْلَيْهِ فَغَسَلَهُمَا ‏‏.‏‏ قَالَتْ هَذِهِ غِسْلَةٌ لِلْجَنَابَةِ ‏‏.‏‏",
      "english": {
        "narrator": "It was narrated that Maimunah said:",
        "text": "\"The Messenger of Allah (ﷺ) performed Wudu' as for prayer, but did not wash his feet, and he washed his private part and whatever had got onto it, then he poured water over himself, then he moved his feet and washed them.\" She said: \"This is Ghusl from Janabah.\""
      },
      "turkish": {
        "narrator": "It was narrated that Maimunah said:",
        "text": "'Aişe'den rivayet edilmiştir ki: \"Ben Ghusl yapardım - Allah'ın Resulü (ﷺ) ve ben - tek bir kapta. O benimle yarışırdı, ben de onunla (su almak için) yarışırdım, ta ki o: 'Bana biraz bırak,' derdi, ben de: 'Bana biraz bırak,' derdim.\""
      }
    },
    {
      "id": 24,
      "idInBook": 24,
      "chapterId": 4,
      "bookId": 3,
      "arabic": "أَخْبَرَنَا مُحَمَّدُ بْنُ الْعَلاَءِ، قَالَ حَدَّثَنَا أَبُو مُعَاوِيَةَ، عَنِ الأَعْمَشِ، عَنْ سَالِمِ بْنِ أَبِي الْجَعْدِ، عَنْ كُرَيْبٍ، عَنِ ابْنِ عَبَّاسٍ، عَنْ مَيْمُونَةَ بِنْتِ الْحَارِثِ، زَوْجِ النَّبِيِّ صلى الله عليه وسلم قَالَتْ كَانَ رَسُولُ اللَّهِ صلى الله عليه وسلم إِذَا اغْتَسَلَ مِنَ الْجَنَابَةِ يَبْدَأُ فَيَغْسِلُ يَدَيْهِ ثُمَّ يُفْرِغُ بِيَمِينِهِ عَلَى شِمَالِهِ فَيَغْسِلُ فَرْجَهُ ثُمَّ يَضْرِبُ بِيَدِهِ عَلَى الأَرْضِ ثُمَّ يَمْسَحُهَا ثُمَّ يَغْسِلُهَا ثُمَّ يَتَوَضَّأُ وُضُوءَهُ لِلصَّلاَةِ ثُمَّ يُفْرِغُ عَلَى رَأْسِهِ وَعَلَى سَائِرِ جَسَدِهِ ثُمَّ يَتَنَحَّى فَيَغْسِلُ رِجْلَيْهِ ‏‏.‏‏",
      "english": {
        "narrator": "It was narrated that Maimunah bint Al-Harith, the wife of the Prophet (ﷺ), said:",
        "text": "\"When the Messenger of Allah (ﷺ) performed Ghusl from Janabah, he would start by washing his hands, then he would pour water with his right hand onto his left and wash his private part, then he would strike his hand on the ground then wipe it then wash it. Then he would perform Wudu' as for prayer, then he would pour water on his head and all of his body. Then he would move and wash his feet.\""
      },
      "turkish": {
        "narrator": "It was narrated that Maimunah bint Al-Harith, the wife of the Prophet (ﷺ), said:",
        "text": "---"
      }
    },
    {
      "id": 25,
      "idInBook": 25,
      "chapterId": 4,
      "bookId": 3,
      "arabic": "أَخْبَرَنَا سُوَيْدُ بْنُ نَصْرٍ، قَالَ أَنْبَأَنَا عَبْدُ اللَّهِ، عَنْ هِشَامِ بْنِ عُرْوَةَ، عَنْ أَبِيهِ، عَنْ عَائِشَةَ، أَنَّهَا قَالَتْ كَانَ رَسُولُ اللَّهِ صلى الله عليه وسلم إِذَا اغْتَسَلَ مِنَ الْجَنَابَةِ غَسَلَ يَدَيْهِ ثُمَّ تَوَضَّأَ وُضُوءَهُ لِلصَّلاَةِ ثُمَّ اغْتَسَلَ ثُمَّ يُخَلِّلُ بِيَدِهِ شَعْرَهُ حَتَّى إِذَا ظَنَّ أَنَّهُ قَدْ أَرْوَى بَشَرَتَهُ أَفَاضَ عَلَيْهِ الْمَاءَ ثَلاَثَ مَرَّاتٍ ثُمَّ غَسَلَ سَائِرَ جَسَدِهِ ‏.‏",
      "english": {
        "narrator": "It was narrated that 'Aishah said:",
        "text": "\"When the Messenger of Allah (ﷺ) performed Ghusl from Janabah, he would wash his hands, then perform Wudu' as for prayer, then he would perform Ghusl, then run his fingers through his hair to be sure that the water pour water over his head three times, then wash the rest of his body.\""
      },
      "turkish": {
        "narrator": "It was narrated that 'Aishah said:",
        "text": "Ümmü Hani' rivayet etti ki, Fethi Mekkede, Resulullah (ﷺ) Ghusl yaparken, onu bir giysi örtüyordu, hamur izleri olan bir kapta Ghusl yapıyordu. Dedi ki: \"O, Ad-Duha namazını kıldı - ama ne kadar Rakat kıldığını bilmiyorum - Ghuslünü bitirdikten sonra.\""
      }
    },
    {
      "id": 26,
      "idInBook": 26,
      "chapterId": 4,
      "bookId": 3,
      "arabic": "أَخْبَرَنَا سُوَيْدُ بْنُ نَصْرٍ، قَالَ أَنْبَأَنَا عَبْدُ اللَّهِ، عَنْ شُعْبَةَ، عَنِ الأَشْعَثِ بْنِ أَبِي الشَّعْثَاءِ، عَنْ أَبِيهِ، عَنْ مَسْرُوقٍ، عَنْ عَائِشَةَ، قَالَتْ كَانَ النَّبِيُّ صلى الله عليه وسلم يُحِبُّ التَّيَمُّنَ مَا اسْتَطَاعَ فِي طُهُورِهِ وَتَنَعُّلِهِ وَتَرَجُّلِهِ وَقَالَ بِوَاسِطٍ فِي شَأْنِهِ كُلِّهِ ‏.‏",
      "english": {
        "narrator": "It was narrated that 'Aishah said:",
        "text": "\"The Prophet (ﷺ) used to like to start with the right as much as he could when purifying himself, putting on sandals and combing his hair\" - and he (the narrator) said in Wasit (a place in Iraq): \"And in all his affairs.\""
      },
      "turkish": {
        "narrator": "It was narrated that 'Aishah said:",
        "text": "---"
      }
    },
    {
      "id": 27,
      "idInBook": 27,
      "chapterId": 4,
      "bookId": 3,
      "arabic": "أَخْبَرَنَا عِمْرَانُ بْنُ يَزِيدَ بْنِ خَالِدٍ، قَالَ حَدَّثَنَا إِسْمَاعِيلُ بْنُ عَبْدِ اللَّهِ، - هُوَ ابْنُ سَمَاعَةَ - قَالَ أَنْبَأَنَا الأَوْزَاعِيُّ، عَنْ يَحْيَى بْنِ أَبِي كَثِيرٍ، عَنْ أَبِي سَلَمَةَ، عَنْ عَائِشَةَ، وَعَنْ عَمْرِو بْنِ سَعْدٍ، عَنْ نَافِعٍ، عَنِ ابْنِ عُمَرَ، أَنَّ عُمَرَ، سَأَلَ رَسُولَ اللَّهِ صلى الله عليه وسلم عَنِ الْغُسْلِ مِنَ الْجَنَابَةِ وَاتَّسَقَتِ الأَحَادِيثُ عَلَى هَذَا يَبْدَأُ فَيُفْرِغُ عَلَى يَدِهِ الْيُمْنَى مَرَّتَيْنِ أَوْ ثَلاَثًا ثُمَّ يُدْخِلُ يَدَهُ الْيُمْنَى فِي الإِنَاءِ فَيَصُبُّ بِهَا عَلَى فَرْجِهِ وَيَدُهُ الْيُسْرَى عَلَى فَرْجِهِ فَيَغْسِلُ مَا هُنَالِكَ حَتَّى يُنْقِيَهُ ثُمَّ يَضَعُ يَدَهُ الْيُسْرَى عَلَى التُّرَابِ إِنْ شَاءَ ثُمَّ يَصُبُّ عَلَى يَدِهِ الْيُسْرَى حَتَّى يُنْقِيَهَا ثُمَّ يَغْسِلُ يَدَيْهِ ثَلاَثًا وَيَسْتَنْشِقُ وَيُمَضْمِضُ وَيَغْسِلُ وَجْهَهُ وَذِرَاعَيْهِ ثَلاَثًا ثَلاَثًا حَتَّى إِذَا بَلَغَ رَأْسَهُ لَمْ يَمْسَحْ وَأَفْرَغَ عَلَيْهِ الْمَاءَ فَهَكَذَا كَانَ غُسْلُ رَسُولِ اللَّهِ صلى الله عليه وسلم فِيمَا ذُكِرَ ‏.‏",
      "english": {
        "narrator": "It was narrated from Abu Salamah from 'Aishah, and, from 'Amr bin Sa'd, from Nafi', from Ibn 'Umar:",
        "text": "That 'Umar asked the Messenger of Allah (ﷺ) about Ghusl from Janabah - and the narrations agree on this - that one should start by pouring water on the right hand two or three times, then put the right hand into the vessel and pour water with it onto the private parts, with the left hand on the private parts to wash off whatever is there, until it is clean; then put the left hand on the dust if one wants to, then pour water over the left hand until it is clean; then wash the hands three times, (sniff water into the nose) and rinse the mouth, and wash the face and forearms, three times each until when reaching the head, he does not wipe the head, rather he pours water over it. This is how the Messenger of Allah (ﷺ) performed Ghusl according to what was mentioned."
      },
      "turkish": {
        "narrator": "It was narrated from Abu Salamah from 'Aishah, and, from 'Amr bin Sa'd, from Nafi', from Ibn 'Umar:",
        "text": "'Aişe dedi ki: \"Ben Ghusl yaparken - ben ve Allah'ın Resulü (ﷺ), bu\" - bir Sa' kadar veya daha küçük bir kap. \"İkimiz de ondan su almaya başladık ve ben elimle başıma su döktüm, üç kez, saçlarımı çözmeden.\""
      }
    },
    {
      "id": 28,
      "idInBook": 28,
      "chapterId": 4,
      "bookId": 3,
      "arabic": "أَخْبَرَنَا عَلِيُّ بْنُ حُجْرٍ، قَالَ حَدَّثَنَا عَلِيُّ بْنُ مُسْهِرٍ، عَنْ هِشَامِ بْنِ عُرْوَةَ، عَنْ أَبِيهِ، عَنْ عَائِشَةَ، قَالَتْ كَانَ رَسُولُ اللَّهِ صلى الله عليه وسلم إِذَا اغْتَسَلَ مِنَ الْجَنَابَةِ غَسَلَ يَدَيْهِ ثُمَّ تَوَضَّأَ وُضُوءَهُ لِلصَّلاَةِ ثُمَّ يُخَلِّلُ رَأْسَهُ بِأَصَابِعِهِ حَتَّى إِذَا خُيِّلَ إِلَيْهِ أَنَّهُ قَدِ اسْتَبْرَأَ الْبَشَرَةَ غَرَفَ عَلَى رَأْسِهِ ثَلاَثًا ثُمَّ غَسَلَ سَائِرَ جَسَدِهِ ‏.‏",
      "english": {
        "narrator": "It was narrated that 'Aishah said:",
        "text": "\"When the Messenger of Allah (ﷺ0 performed Ghusl from Janabah, he would wash his hands, then perform Wudu' as for prayer, then run his fingers through his hair until he was sure the water had reached the scalp, then he would pour water over his head three times, then wash the rest of his body.\""
      },
      "turkish": {
        "narrator": "It was narrated that 'Aishah said:",
        "text": "---"
      }
    },
    {
      "id": 29,
      "idInBook": 29,
      "chapterId": 4,
      "bookId": 3,
      "arabic": "أَخْبَرَنَا مُحَمَّدُ بْنُ الْمُثَنَّى، قَالَ حَدَّثَنَا الضَّحَّاكُ بْنُ مَخْلَدٍ، عَنْ حَنْظَلَةَ بْنِ أَبِي سُفْيَانَ، عَنِ الْقَاسِمِ، عَنْ عَائِشَةَ، قَالَتْ كَانَ رَسُولُ اللَّهِ صلى الله عليه وسلم إِذَا اغْتَسَلَ مِنَ الْجَنَابَةِ دَعَا بِشَىْءٍ نَحْوِ الْحِلاَبِ فَأَخَذَ بِكَفِّهِ بَدَأَ بِشِقِّ رَأْسِهِ الأَيْمَنِ ثُمَّ الأَيْسَرِ ثُمَّ أَخَذَ بِكَفَّيْهِ فَقَالَ بِهِمَا عَلَى رَأْسِهِ ‏.‏",
      "english": {
        "narrator": "It was narrated that 'Aishah said:",
        "text": "\"When the Messenger of Allah (ﷺ) performed Ghusl from Janabah, he would call for something like a vessel used for milking a she-camel, then he would take (some water) in his hand and start with the right side of his head, then the left, then take (some water) in his hands and start pouring it on his head.\""
      },
      "turkish": {
        "narrator": "It was narrated that 'Aishah said:",
        "text": "İbrahim bin Muhammed bin Al-Muntashir'den rivayet edilmiştir ki, babası dedi: \"İbn 'Umar'ın şöyle dediğini duydum: 'Sabah tarla içinde uyanmayı, üzerimde parfüm kokusu ile uyanmaya tercih ederim.' 'Aişe'ye girdim ve ona ne söylediğini anlattım, o da: 'Ben, Allah'ın Resulü (ﷺ) için parfüm sürdüm ve o, tüm eşlerine gitti, sonra sabah ihrama girdi.'\""
      }
    },
    {
      "id": 30,
      "idInBook": 30,
      "chapterId": 4,
      "bookId": 3,
      "arabic": "أَخْبَرَنَا عُبَيْدُ اللَّهِ بْنُ سَعِيدٍ، عَنْ يَحْيَى، عَنْ شُعْبَةَ، قَالَ حَدَّثَنَا أَبُو إِسْحَاقَ، ح وَأَنْبَأَنَا سُوَيْدُ بْنُ نَصْرٍ، قَالَ حَدَّثَنَا عَبْدُ اللَّهِ، عَنْ شُعْبَةَ، عَنْ أَبِي إِسْحَاقَ، قَالَ سَمِعْتُ سُلَيْمَانَ بْنَ صُرَدٍ، يُحَدِّثُ عَنْ جُبَيْرِ بْنِ مُطْعِمٍ، أَنَّ النَّبِيَّ صلى الله عليه وسلم ذُكِرَ عِنْدَهُ الْغُسْلُ فَقَالَ ‏\n\"‏ أَمَّا أَنَا فَأُفْرِغُ عَلَى رَأْسِي ثَلاَثًا ‏\"‏ ‏.‏ لَفْظُ سُوَيْدٍ ‏.‏",
      "english": {
        "narrator": "It was narrated from Jubair bin Mut'im that mention of Ghusl was made in the presence of the Prophet (ﷺ) and he said:",
        "text": "\"As for me, I pour water on my head three times.\""
      },
      "turkish": {
        "narrator": "It was narrated from Jubair bin Mut'im that mention of Ghusl was made in the presence of the Prophet (ﷺ) and he said:",
        "text": "---"
      }
    },
    {
      "id": 31,
      "idInBook": 31,
      "chapterId": 4,
      "bookId": 3,
      "arabic": "أَخْبَرَنَا مُحَمَّدُ بْنُ عَبْدِ الأَعْلَى، قَالَ حَدَّثَنَا خَالِدٌ، عَنْ شُعْبَةَ، عَنْ مُخَوَّلٍ، عَنْ أَبِي جَعْفَرٍ، عَنْ جَابِرٍ، قَالَ كَانَ رَسُولُ اللَّهِ صلى الله عليه وسلم إِذَا اغْتَسَلَ أَفْرَغَ عَلَى رَأْسِهِ ثَلاَثًا ‏.‏",
      "english": {
        "narrator": "It was narrated that Jabir said:",
        "text": "\"When the Messenger of Allah (ﷺ) performed Ghusl, he would pour water on his head three times.\""
      },
      "turkish": {
        "narrator": "It was narrated that Jabir said:",
        "text": "Jabir'in rivayet ettiğine göre: \"Allah'ın Resulü (ﷺ) Ghusl yaptığında, başına üç defa su dökerdi.\""
      }
    },
    {
      "id": 32,
      "idInBook": 32,
      "chapterId": 4,
      "bookId": 3,
      "arabic": "أَخْبَرَنَا الْحَسَنُ بْنُ مُحَمَّدٍ، قَالَ حَدَّثَنَا عَفَّانُ، قَالَ حَدَّثَنَا وُهَيْبٌ، قَالَ حَدَّثَنَا مَنْصُورُ بْنُ عَبْدِ الرَّحْمَنِ، عَنْ أُمِّهِ، صَفِيَّةَ بِنْتِ شَيْبَةَ عَنْ عَائِشَةَ، أَنَّ امْرَأَةً، سَأَلَتِ النَّبِيَّ صلى الله عليه وسلم قَالَتْ يَا رَسُولَ اللَّهِ كَيْفَ أَغْتَسِلُ عِنْدَ الطُّهُورِ قَالَ ‏\"‏ خُذِي فِرْصَةً مُمَسَّكَةً فَتَوَضَّئِي بِهَا ‏\"‏ ‏.‏ قَالَتْ كَيْفَ أَتَوَضَّأُ بِهَا قَالَ ‏\"‏ تَوَضَّئِي بِهَا ‏\"‏ ‏.‏ قَالَتْ كَيْفَ أَتَوَضَّأُ بِهَا قَالَتْ ثُمَّ إِنَّ رَسُولَ اللَّهِ صلى الله عليه وسلم سَبَّحَ وَأَعْرَضَ عَنْهَا فَفَطِنَتْ عَائِشَةُ لِمَا يُرِيدُ رَسُولُ اللَّهِ صلى الله عليه وسلم قَالَتْ فَأَخَذْتُهَا وَجَبَذْتُهَا إِلَىَّ فَأَخْبَرْتُهَا بِمَا يُرِيدُ رَسُولُ اللَّهِ صلى الله عليه وسلم ‏.‏",
      "english": {
        "narrator": "It was narrated from 'Aishah:",
        "text": "\"A woman asked the Prophet (ﷺ): 'O Messenger of Allah, how should I perform Ghusl when I become pure?' He said: 'Take a piece of cotton wool scented with musk and clean yourself with it.' She said: 'How should I clean myself with it?' He said: 'Clean yourself with it.' She said: \"How should I clean myself with it?' The Messenger of Allah (ﷺ) said: 'Subhan Allah!' and turned away from her.\" 'Aishah understood what the Messenger of Allah (ﷺ) meant, and said: \"So I pulled her toward me and told her what the Messenger of Allah (ﷺ) meant.\""
      },
      "turkish": {
        "narrator": "It was narrated from 'Aishah:",
        "text": "'Aişe'den rivayet edilmiştir: \"Bir kadın, Peygamber'e (ﷺ) sordu: 'Ey Allah'ın Resulü, temizlenince Ghusl nasıl yapmalıyım?' O da: 'Misk ile kokulandırılmış bir parça pamuk al ve onunla kendini temizle.' dedi. Kadın: 'Onunla nasıl temizlenmeliyim?' dedi. O da: 'Onunla kendini temizle.' dedi. Kadın: 'Onunla nasıl temizlenmeliyim?' dedi. Allah'ın Resulü (ﷺ): 'Subhanallah!' dedi ve ondan yüz çevirdi.\" 'Aişe, Allah'ın Resulü'nün (ﷺ) ne demek istediğini anladı ve ona doğru çekip, Allah'ın Resulü'nün (ﷺ) ne demek istediğini anlattı."
      }
    },
    {
      "id": 33,
      "idInBook": 33,
      "chapterId": 4,
      "bookId": 3,
      "arabic": "أَخْبَرَنَا إِسْحَاقُ بْنُ إِبْرَاهِيمَ، قَالَ أَنْبَأَنَا جَرِيرٌ، عَنِ الأَعْمَشِ، عَنْ سَالِمِ بْنِ أَبِي الْجَعْدِ، عَنْ كُرَيْبٍ، عَنِ ابْنِ عَبَّاسٍ، عَنْ مَيْمُونَةَ، زَوْجِ النَّبِيِّ صلى الله عليه وسلم قَالَتِ اغْتَسَلَ النَّبِيُّ صلى الله عليه وسلم مِنَ الْجَنَابَةِ فَغَسَلَ فَرْجَهُ وَدَلَكَ يَدَهُ بِالأَرْضِ أَوِ الْحَائِطِ ثُمَّ تَوَضَّأَ وُضُوءَهُ لِلصَّلاَةِ ثُمَّ أَفَاضَ عَلَى رَأْسِهِ وَسَائِرِ جَسَدِهِ ‏.‏",
      "english": {
        "narrator": "It was narrated that Maimunah, the wife of the Prophet (ﷺ), said:",
        "text": "\"The Prophet (ﷺ) performed Ghusl from Janabah; he washed his private part then rubbed his hand on the ground or the wall, then he performed Wudu' as for prayer, then he poured water over his head and the rest of his body.\""
      },
      "turkish": {
        "narrator": "It was narrated that Maimunah, the wife of the Prophet (ﷺ), said:",
        "text": "Maimuna, Peygamber'in (ﷺ) eşi, şöyle dedi: \"Peygamber (ﷺ) Cünüplükten Ghusl yaptı; öncelikle cinsel organını yıkadı, sonra elini yere veya duvara sürdü, ardından namaz için olduğu gibi Abdest aldı, sonra başına ve vücudunun geri kalanına su döktü.\""
      }
    },
    {
      "id": 34,
      "idInBook": 34,
      "chapterId": 4,
      "bookId": 3,
      "arabic": "أَخْبَرَنَا عَمْرُو بْنُ عَلِيٍّ، وَمُحَمَّدُ بْنُ الْمُثَنَّى، وَيَعْقُوبُ بْنُ إِبْرَاهِيمَ، - وَاللَّفْظُ لَهُ - قَالُوا حَدَّثَنَا يَحْيَى بْنُ سَعِيدٍ، قَالَ حَدَّثَنَا جَعْفَرُ بْنُ مُحَمَّدٍ، قَالَ حَدَّثَنِي أَبِي قَالَ، أَتَيْنَا جَابِرَ بْنَ عَبْدِ اللَّهِ فَسَأَلْنَاهُ عَنْ حَجَّةِ الْوَدَاعِ، فَحَدَّثَنَا أَنَّ رَسُولَ اللَّهِ صلى الله عليه وسلم خَرَجَ لِخَمْسٍ بَقِينَ مِنْ ذِي الْقَعْدَةِ ‏.‏ وَخَرَجْنَا مَعَهُ حَتَّى إِذَا أَتَى ذَا الْحُلَيْفَةِ وَلَدَتْ أَسْمَاءُ بِنْتُ عُمَيْسٍ مُحَمَّدَ بْنَ أَبِي بَكْرٍ فَأَرْسَلَتْ إِلَى رَسُولِ اللَّهِ صلى الله عليه وسلم كَيْفَ أَصْنَعُ فَقَالَ ‏\n\"‏ اغْتَسِلِي ثُمَّ اسْتَثْفِرِي ثُمَّ أَهِلِّي ‏\"‏ ‏.‏",
      "english": {
        "narrator": "Ja'far bin Muhammad said:",
        "text": "\"My father told me: 'We came to Jabir bin 'Abdullah and asked him about the Hajj of the Prophet (ﷺ). He narrated; \"The Messenger of Allah (ﷺ) set out when there were five (days) remaining in Dhul-Qa'dah, and we set out with him. When he came to Dhul-Hulaifah, Asma' bint 'Umais gave birth to Muhammad bin Abi Bakr. She sent word to the Messenger of Allah (ﷺ) asking what he should do. He said: 'Perform Ghusl, bind yourself with a cloth then begin (the Talbiyah for Ihram).'\""
      },
      "turkish": {
        "narrator": "Ja'far bin Muhammad said:",
        "text": "Cafer bin Muhammed dedi ki: \"Babam bana şöyle söyledi: 'Biz Jabir bin Abdullah'a geldik ve Peygamber'in (ﷺ) Hac'ı hakkında sorduk. O şöyle anlattı: 'Allah'ın Resulü (ﷺ) Dhul-Qa'dah'da beş gün kalmışken yola çıktı ve biz de onunla yola çıktık. Dhul-Hulaifah'a geldiğinde, Asma' bint 'Umais, Muhammed bin Ebu Bekir'i doğurdu. O, Allah'ın Resulü'ne (ﷺ) ne yapması gerektiğini bildirdi. O da: 'Ghusl yap, kendini bir bezle sar ve sonra (İhram için) Telbiye'ye başla.' dedi.\""
      }
    },
    {
      "id": 35,
      "idInBook": 35,
      "chapterId": 4,
      "bookId": 3,
      "arabic": "أَخْبَرَنَا أَحْمَدُ بْنُ عُثْمَانَ بْنِ حَكِيمٍ، قَالَ حَدَّثَنَا أَبِي، حَدَّثَنَا حَسَنٌ، عَنْ أَبِي إِسْحَاقَ، ح وَأَنْبَأَنَا عَمْرُو بْنُ عَلِيٍّ، قَالَ حَدَّثَنَا عَبْدُ الرَّحْمَنِ، قَالَ حَدَّثَنَا شَرِيكٌ، عَنْ أَبِي إِسْحَاقَ، عَنِ الأَسْوَدِ، عَنْ عَائِشَةَ، قَالَتْ كَانَ رَسُولُ اللَّهِ صلى الله عليه وسلم لاَ يَتَوَضَّأُ بَعْدَ الْغُسْلِ ‏.‏",
      "english": {
        "narrator": "It was narrated that 'Aishah said:",
        "text": "\"The Messenger of Allah (ﷺ) would not perform Wudu' after Ghusl.\""
      },
      "turkish": {
        "narrator": "It was narrated that 'Aishah said:",
        "text": "'Aişe şöyle dedi: \"Allah'ın Resulü (ﷺ) Ghusl yaptıktan sonra Abdest almazdı.\""
      }
    },
    {
      "id": 36,
      "idInBook": 36,
      "chapterId": 4,
      "bookId": 3,
      "arabic": "أَخْبَرَنَا حُمَيْدُ بْنُ مَسْعَدَةَ، عَنْ بِشْرٍ، - وَهُوَ ابْنُ الْمُفَضَّلِ - قَالَ حَدَّثَنَا شُعْبَةُ، عَنْ إِبْرَاهِيمَ بْنِ مُحَمَّدٍ، عَنْ أَبِيهِ، قَالَ قَالَتْ عَائِشَةُ كُنْتُ أُطَيِّبُ رَسُولَ اللَّهِ صلى الله عليه وسلم فَيَطُوفُ عَلَى نِسَائِهِ ثُمَّ يُصْبِحُ مُحْرِمًا يَنْضَخُ طِيبًا ‏.‏",
      "english": {
        "narrator": "'Aishah said:",
        "text": "\"I used to put perfume on the Messenger of Allah (ﷺ) and he would go around to all his wives, then enter Ihram in the morning with the smell of perfume coming from him.\""
      },
      "turkish": {
        "narrator": "'Aishah said:",
        "text": "'Aişe dedi ki: \"Ben, Allah'ın Resulü'ne (ﷺ) parfüm sürerdim ve o, tüm eşlerinin yanına giderdi, sonra sabah parfüm kokusuyla İhram'a girerdi.\""
      }
    },
    {
      "id": 37,
      "idInBook": 37,
      "chapterId": 4,
      "bookId": 3,
      "arabic": "أَخْبَرَنَا الْحَسَنُ بْنُ إِسْمَاعِيلَ بْنِ سُلَيْمَانَ، قَالَ حَدَّثَنَا هُشَيْمٌ، قَالَ أَنْبَأَنَا سَيَّارٌ، عَنْ يَزِيدَ الْفَقِيرِ، عَنْ جَابِرِ بْنِ عَبْدِ اللَّهِ، قَالَ قَالَ رَسُولُ اللَّهِ صلى الله عليه وسلم ‏\n\"‏ أُعْطِيتُ خَمْسًا لَمْ يُعْطَهُنَّ أَحَدٌ قَبْلِي نُصِرْتُ بِالرُّعْبِ مَسِيرَةَ شَهْرٍ وَجُعِلَتْ لِيَ الأَرْضُ مَسْجِدًا وَطَهُورًا فَأَيْنَمَا أَدْرَكَ الرَّجُلَ مِنْ أُمَّتِي الصَّلاَةُ يُصَلِّي وَأُعْطِيتُ الشَّفَاعَةَ وَلَمْ يُعْطَ نَبِيٌّ قَبْلِي وَبُعِثْتُ إِلَى النَّاسِ كَافَّةً وَكَانَ النَّبِيُّ يُبْعَثُ إِلَى قَوْمِهِ خَاصَّةً ‏\"‏ ‏.‏",
      "english": {
        "narrator": "It was narrated that Jabir bin 'Abdullah said:",
        "text": "\"The Messenger of Allah (ﷺ) said: 'I have been given five things that were not given to anyone before me: I have been supported with fear being struck into the hearts of my enemy for a distance of one month's travel; the earth has been made a place of prostration and a means of purification for me, so wherever a man of my Ummah is when the time for prayer comes, let him pray; I have been given the intercession which was not given to any Prophet before me; and I have been sent to all of mankind whereas the Prophets before me were sent to their own people.\""
      },
      "turkish": {
        "narrator": "It was narrated that Jabir bin 'Abdullah said:",
        "text": "Jabir bin Abdullah'dan rivayet edilmiştir: \"Allah'ın Resulü (ﷺ) şöyle dedi: 'Bana, benden önce hiç kimseye verilmemiş beş şey verilmiştir: Düşmanlarımın kalplerine korku salınarak bir aylık mesafe kadar desteklendim; yer, benim için secde yeri ve temizlenme aracı kılındı, bu nedenle benim ümmetimden bir kişi nerede olursa olsun, namaz vakti geldiğinde namaz kılsın; bana, benden önceki hiçbir Peygambere verilmemiş olan şefaat verilmiştir; ve ben, benden önceki Peygamberlerin kendi halklarına gönderildiği gibi, tüm insanlığa gönderildim.'\""
      }
    },
    {
      "id": 38,
      "idInBook": 38,
      "chapterId": 4,
      "bookId": 3,
      "arabic": "أَخْبَرَنَا مُسْلِمُ بْنُ عَمْرِو بْنِ مُسْلِمٍ، قَالَ حَدَّثَنِي ابْنُ نَافِعٍ، عَنِ اللَّيْثِ بْنِ سَعْدٍ، عَنْ بَكْرِ بْنِ سَوَادَةَ، عَنْ عَطَاءِ بْنِ يَسَارٍ، عَنْ أَبِي سَعِيدٍ، أَنَّ رَجُلَيْنِ، تَيَمَّمَا وَصَلَّيَا ثُمَّ وَجَدَا مَاءً فِي الْوَقْتِ فَتَوَضَّأَ أَحَدُهُمَا وَعَادَ لِصَلاَتِهِ مَا كَانَ فِي الْوَقْتِ وَلَمْ يُعِدِ الآخَرُ فَسَأَلاَ النَّبِيَّ صلى الله عليه وسلم فَقَالَ لِلَّذِي لَمْ يُعِدْ ‏\"‏ أَصَبْتَ السُّنَّةَ وَأَجْزَأَتْكَ صَلاَتُكَ ‏\"‏ ‏.‏ وَقَالَ لِلآخَرِ ‏\"‏ أَمَّا أَنْتَ فَلَكَ مِثْلُ سَهْمِ جَمْعٍ ‏\"‏ ‏.‏",
      "english": {
        "narrator": "It was narrated from Abu Sa'eed that two men performed Tayammum and prayed, then they found water when there was still time left for prayer. One of them performed Wudu' and repeated the prayer, and the other did not. They asked the Prophet (ﷺ) about that and he said to the one who did not repeat the prayer:",
        "text": "\"You followed the Sunnah and your prayer is acceptable.\" And he said to the other: \"And you will have something like the reward of two prayers.\""
      },
      "turkish": {
        "narrator": "It was narrated from Abu Sa'eed that two men performed Tayammum and prayed, then they found water when there was still time left for prayer. One of them performed Wudu' and repeated the prayer, and the other did not. They asked the Prophet (ﷺ) about that and he said to the one who did not repeat the prayer:",
        "text": "Ebu Sa'id'den rivayet edilmiştir ki, iki adam Tayammum yaptı ve namaz kıldı, sonra namaz için hala zaman varken su buldular. Bunlardan biri Abdest aldı ve namazı tekrar etti, diğeri ise etmedi. Peygamber'e (ﷺ) bunu sordular ve o, namazı tekrar etmeyen adama: \"Sen Sünneti takip ettin ve namazın kabul edildi.\" dedi. Diğerine ise: \"Senin de iki namazın ödülü kadar bir şeyin olacak.\" dedi."
      }
    },
    {
      "id": 39,
      "idInBook": 39,
      "chapterId": 4,
      "bookId": 3,
      "arabic": "أَخْبَرَنَا سُوَيْدُ بْنُ نَصْرٍ، قَالَ حَدَّثَنَا عَبْدُ اللَّهِ، عَنْ لَيْثِ بْنِ سَعْدٍ، قَالَ حَدَّثَنِي عَمِيرَةُ، وَغَيْرُهُ، عَنْ بَكْرِ بْنِ سَوَادَةَ، عَنْ عَطَاءِ بْنِ يَسَارٍ، أَنَّ رَجُلَيْنِ، وَسَاقَ الْحَدِيثَ، ‏.‏",
      "english": {
        "narrator": "",
        "text": "It was narrated from 'Ata' bin Yasar that two men - and he quoted the Hadith."
      },
      "turkish": {
        "narrator": "",
        "text": "'Ata' bin Yasar'dan rivayet edilmiştir ki, iki adam - ve o Hadisi aktardı."
      }
    },
    {
      "id": 40,
      "idInBook": 40,
      "chapterId": 4,
      "bookId": 3,
      "arabic": "أَخْبَرَنَا مُحَمَّدُ بْنُ عَبْدِ الأَعْلَى، أَنْبَأَنَا أُمَيَّةُ بْنُ خَالِدٍ، حَدَّثَنَا شُعْبَةُ، أَنَّ مُخَارِقًا، أَخْبَرَهُمْ عَنْ طَارِقِ بْنِ شِهَابٍ، أَنَّ رَجُلاً، أَجْنَبَ فَلَمْ يُصَلِّ فَأَتَى النَّبِيَّ صلى الله عليه وسلم فَذَكَرَ ذَلِكَ لَهُ فَقَالَ ‏\"‏ أَصَبْتَ ‏\"‏ ‏.‏ فَأَجْنَبَ رَجُلٌ آخَرُ فَتَيَمَّمَ وَصَلَّى فَأَتَاهُ فَقَالَ نَحْوًا مِمَّا قَالَ لِلآخَرِ يَعْنِي ‏\"‏ أَصَبْتَ ‏\"‏ ‏.‏",
      "english": {
        "narrator": "It was narrated from Tariq bin Shaihab that a man became Junub and did not pray. He came to the Prophet (ﷺ) and told him about that, and he said:",
        "text": "\"You did the right thing.\" Then another man became Junub so he performed Tayammum and prayed. He came (to the Prophet (ﷺ)) who said to him what he had said to the other man- meaning, \"You did the right thing.\""
      },
      "turkish": {
        "narrator": "It was narrated from Tariq bin Shaihab that a man became Junub and did not pray. He came to the Prophet (ﷺ) and told him about that, and he said:",
        "text": "Tariq bin Şahib'den rivayet edilmiştir ki, bir adam Cünüp oldu ve namaz kılmadı. Peygamber'e (ﷺ) geldi ve bunu anlattı, o da: \"Doğru yaptın.\" dedi. Sonra başka bir adam Cünüp oldu, Tayammum yaptı ve namaz kıldı. O, Peygamber'e (ﷺ) geldi ve ona, diğer adama söylediği şeyi söyledi - yani, \"Doğru yaptın.\""
      }
    },
    {
      "id": 41,
      "idInBook": 41,
      "chapterId": 4,
      "bookId": 3,
      "arabic": "أَخْبَرَنَا عَلِيُّ بْنُ مَيْمُونٍ، قَالَ حَدَّثَنَا مَخْلَدُ بْنُ يَزِيدَ، عَنِ ابْنِ جُرَيْجٍ، عَنْ عَطَاءٍ، عَنِ ابْنِ عَبَّاسٍ، قَالَ تَذَاكَرَ عَلِيٌّ وَالْمِقْدَادُ وَعَمَّارٌ فَقَالَ عَلِيٌّ إِنِّي امْرَؤٌ مَذَّاءٌ وَإِنِّي أَسْتَحِي أَنْ أَسْأَلَ رَسُولَ اللَّهِ صلى الله عليه وسلم لِمَكَانِ ابْنَتِهِ مِنِّي فَيَسْأَلُهُ أَحَدُكُمَا فَذَكَرَ لِي أَنَّ أَحَدَهُمَا وَنَسِيتُهُ سَأَلَهُ فَقَالَ النَّبِيُّ صلى الله عليه وسلم ‏\n\"‏ ذَاكَ الْمَذْىُ إِذَا وَجَدَهُ أَحَدُكُمْ فَلْيَغْسِلْ ذَلِكَ مِنْهُ وَلْيَتَوَضَّأْ وُضُوءَهُ لِلصَّلاَةِ أَوْ كَوُضُوءِ الصَّلاَةِ ‏\"‏ ‏.‏",
      "english": {
        "narrator": "It was narrated that Ibn 'Abbas said:",
        "text": "\"Ali, Al-Miqdad and 'Ammar were talking. 'Ali said: 'I am a man who emits a lot of Madhi but I am too shy to ask the Messenger of Allah (ﷺ) about that because of his daughter's position with me, so let one of you ask him.' He told me that one of them - but I forgot who - asked him, and the Prophet (ﷺ) said: 'That is Madhi. If any one of you notices that, let him wash it off himself and perform Wudu' as for prayer or similar to the Wudu' of prayer.'\""
      },
      "turkish": {
        "narrator": "It was narrated that Ibn 'Abbas said:",
        "text": "İbn Abbas şöyle dedi: \"Ali, Mikdad ve Ammar konuşuyorlardı. Ali dedi ki: 'Ben çok fazla Madhi çıkaran bir adamım ama kızı Fatıma'nın durumu nedeniyle Allah'ın Resulü'ne (ﷺ) bu konuda sormaktan utanıyorum, bu yüzden biriniz ona sorsun.' Bana, onlardan birinin - ama kim olduğunu unuttum - ona sorduğunu söyledi ve Peygamber (ﷺ) dedi ki: 'Bu Madhi'dir. Eğer biriniz bunu fark ederse, kendini yıkasın ve namaz için Abdest alsın veya namaz Abdestine benzer bir Abdest alsın.'\""
      }
    },
    {
      "id": 42,
      "idInBook": 42,
      "chapterId": 4,
      "bookId": 3,
      "arabic": "أَخْبَرَنَا مُحَمَّدُ بْنُ حَاتِمٍ قَالَ: حَدَّثَنَا عَبِيدَةُ قَالَ: حَدَّثَنَا سُلَيْمَانُ الأَعْمَشُ عَنْ حَبِيبِ بْنِ أَبِي ثَابِتٍ عَنْ سَعِيدِ بْنِ جُبَيْرٍ عَنِ ابْنِ عَبَّاسٍ عَنْ عَلِيٍّ رَضِيَ اللَّهُ عَنْهُ قَالَ: كُنْتُ رَجُلاً مَذَّاءً فَأَمَرْتُ رَجُلاً فَسَأَلَ النَّبِيَّ صَلَّى اللَّهُ عَلَيْهِ وَسَلَّمَ فَقَالَ: «فِيهِ الْوُضُوءُ».",
      "english": {
        "narrator": "It was narrated that 'Ali, may Allah be please with him, said:",
        "text": "\"I was a man who emotted a great deal of Madhi. I told a man to ask the Prophet (ﷺ) (about that) and he said: 'Wudu' (is required) for that.\""
      },
      "turkish": {
        "narrator": "It was narrated that 'Ali, may Allah be please with him, said:",
        "text": "'Ali, Allah ondan razı olsun, şöyle dedi: \"Ben çok fazla Madhi çıkaran bir adamdım. Bir adama bu konuda Peygamber'e (ﷺ) sormasını söyledim ve o da: 'Bu konuda Abdest alınması gerekir.' dedi.\""
      }
    },
    {
      "id": 43,
      "idInBook": 43,
      "chapterId": 4,
      "bookId": 3,
      "arabic": "أَخْبَرَنَا مُحَمَّدُ بْنُ عَبْدِ الأَعْلَى، قَالَ حَدَّثَنَا خَالِدُ بْنُ الْحَارِثِ، قَالَ حَدَّثَنَا شُعْبَةُ، قَالَ أَخْبَرَنِي سُلَيْمَانُ الأَعْمَشُ، قَالَ سَمِعْتُ مُنْذِرًا، عَنْ مُحَمَّدِ بْنِ عَلِيٍّ، عَنْ عَلِيٍّ، - رضى الله عنه - قَالَ اسْتَحْيَيْتُ أَنْ أَسْأَلَ رَسُولَ اللَّهِ صلى الله عليه وسلم عَنِ الْمَذْىِ مِنْ أَجْلِ فَاطِمَةَ فَأَمَرْتُ الْمِقْدَادَ فَسَأَلَهُ فَقَالَ ‏\n\"‏ فِيهِ الْوُضُوءُ ‏\"‏ ‏.‏",
      "english": {
        "narrator": "It was narrated that 'Ali said:",
        "text": "\"I felt too shy to ask the Messenger of Allah (ﷺ) about Madhi because of Fatimah, so I told Al-Miqdad to ask him, and he said: 'Wudu' (is required) for that.'\""
      },
      "turkish": {
        "narrator": "It was narrated that 'Ali said:",
        "text": "'Ali şöyle dedi: \"Fatıma nedeniyle Allah'ın Resulü'ne (ﷺ) Madhi hakkında sormaktan çok utandım, bu yüzden Mikdad'a ona sormasını söyledim ve o da: 'Bu konuda Abdest alınması gerekir.' dedi.\""
      }
    },
    {
      "id": 44,
      "idInBook": 44,
      "chapterId": 4,
      "bookId": 3,
      "arabic": "أَخْبَرَنَا أَحْمَدُ بْنُ عِيسَى عَنِ ابْنِ وَهْبٍ وَذَكَرَ كَلِمَةً مَعْنَاهَا أَخْبَرَنِي مَخْرَمَةُ بْنُ بُكَيْرٍ عَنْ أَبِيهِ عَنْ سُلَيْمَانَ بْنِ يَسَارٍ عَنِ ابْنِ عَبَّاسٍ قَالَ: قَالَ عَلِيٌّ رَضِيَ اللَّهُ عَنْهُ أَرْسَلْتُ الْمِقْدَادَ إِلَى رَسُولِ اللَّهِ صَلَّى اللَّهُ عَلَيْهِ وَسَلَّمَ يَسْأَلُهُ عَنِ الْمَذْيِ فَقَالَ: «تَوَضَّأْ وَانْضَحْ فَرْجَكَ».\nقَالَ أَبُو عَبْدِ الرَّحْمَنِ: مَخْرَمَةُ لَمْ يَسْمَعْ مِنْ أَبِيهِ شَيْئًا.",
      "english": {
        "narrator": "'Ali said:",
        "text": "\"I sent Al-Miqdad to the Messenger of Allah (ﷺ) to ask him about Madhi, and he said: 'Perform Wudu' and sprinkle water over your private part.'\"\nAbu 'Abdur-Rahman said: Makhramah (one of the narrators) did not hear anything from his father."
      },
      "turkish": {
        "narrator": "'Ali said:",
        "text": "'Ali dedi ki: \"Mikdad'ı Allah'ın Resulü'ne (ﷺ) Madhi hakkında sorması için gönderdim ve o da: 'Abdest al ve cinsel organına su serpiştir.' dedi.\" Ebu Abdurrahman dedi ki: Makhramah (rivayet edenlerden biri) babasından hiçbir şey duymadı."
      }
    },
    {
      "id": 45,
      "idInBook": 45,
      "chapterId": 4,
      "bookId": 3,
      "arabic": "أَخْبَرَنَا سُوَيْدُ بْنُ نَصْرٍ، قَالَ أَنْبَأَنَا عَبْدُ اللَّهِ، عَنْ لَيْثِ بْنِ سَعْدٍ، عَنْ بُكَيْرِ بْنِ الأَشَجِّ، عَنْ سُلَيْمَانَ بْنِ يَسَارٍ، قَالَ أَرْسَلَ عَلِيُّ بْنُ أَبِي طَالِبٍ - رضى الله عنه - الْمِقْدَادَ إِلَى رَسُولِ اللَّهِ صلى الله عليه وسلم يَسْأَلُهُ عَنِ الرَّجُلِ يَجِدُ الْمَذْىَ فَقَالَ رَسُولُ اللَّهِ صلى الله عليه وسلم ‏\n\"‏ يَغْسِلُ ذَكَرَهُ ثُمَّ لْيَتَوَضَّأْ ‏\"‏ ‏.‏",
      "english": {
        "narrator": "It was narrated that Sulaiman bin Yasar said:",
        "text": "\"Ali bin Abi Talib sent Al-Miqdad to the Messenger of Allah (ﷺ) to ask him about a man who notices Madhi. The Messenger of Allah (ﷺ) said: 'Let him wash his penis then perform Wudu'.'\""
      },
      "turkish": {
        "narrator": "It was narrated that Sulaiman bin Yasar said:",
        "text": "Süleyman bin Yasar şöyle dedi: \"Ali bin Ebu Talib, bir adamın Madhi'yi fark etmesi hakkında Allah'ın Resulü'ne (ﷺ) sorması için Mikdad'ı gönderdi. Allah'ın Resulü (ﷺ) dedi ki: 'Öncelikle cinsel organını yıka, sonra Abdest al.'\""
      }
    },
    {
      "id": 46,
      "idInBook": 46,
      "chapterId": 4,
      "bookId": 3,
      "arabic": "أَخْبَرَنَا عُتْبَةُ بْنُ عَبْدِ اللَّهِ، قَالَ قُرِئَ عَلَى مَالِكٍ وَأَنَا أَسْمَعُ، عَنْ أَبِي النَّضْرِ، عَنْ سُلَيْمَانَ بْنِ يَسَارٍ، عَنِ الْمِقْدَادِ بْنِ الأَسْوَدِ، عَنْ عَلِيِّ بْنِ أَبِي طَالِبٍ، رضى الله عنه أَمَرَهُ أَنْ يَسْأَلَ رَسُولَ اللَّهِ صلى الله عليه وسلم عَنِ الرَّجُلِ إِذَا دَنَا مِنَ الْمَرْأَةِ فَخَرَجَ مِنْهُ الْمَذْىُ فَإِنَّ عِنْدِي ابْنَتَهُ وَأَنَا أَسْتَحْيِي أَنْ أَسْأَلَهُ ‏.‏ فَسَأَلَ رَسُولَ اللَّهِ صلى الله عليه وسلم عَنْ ذَلِكَ فَقَالَ ‏\n\"‏ إِذَا وَجَدَ أَحَدُكُمْ ذَلِكَ فَلْيَنْضَحْ فَرْجَهُ وَلْيَتَوَضَّأْ وُضُوءَهُ لِلصَّلاَةِ ‏\"‏ ‏.‏",
      "english": {
        "narrator": "It was narrated from Al-Miqdad bin Al-Aswad thatt 'Ali bin Abi Talib, peace be upon him, told him to ask the Messenger of Allah (ﷺ) about a man who gets close to a woman and Madhi comes out of him. (He said:",
        "text": ") \"For his daughter is (married) to me and I feel too shy to ask him.\" So he asked the Messenger of Allah (ﷺ) about that and he said: \"If any one of you notices that let him sprinkle water on his private parts and perform Wudu' as for prayer.\""
      },
      "turkish": {
        "narrator": "It was narrated from Al-Miqdad bin Al-Aswad thatt 'Ali bin Abi Talib, peace be upon him, told him to ask the Messenger of Allah (ﷺ) about a man who gets close to a woman and Madhi comes out of him. (He said:",
        "text": "Al-Miqdad bin Al-Aswad'dan rivayet edilmiştir ki, Ali bin Abi Talib, ona, \"Kızım bana (evli) ve ona sormaya utanıyorum.\" diyerek Allah'ın Resulü'ne (ﷺ) bir adamın bir kadına yaklaşması ve ondan madhi çıkması hakkında sormasını söyledi. O da Allah'ın Resulü'ne (ﷺ) bunu sordu ve Resulullah (ﷺ) şöyle dedi: \"Eğer sizden biri bunu fark ederse, özel bölgelerine su serpsin ve namaz için abdest alsın.\""
      }
    },
    {
      "id": 47,
      "idInBook": 47,
      "chapterId": 4,
      "bookId": 3,
      "arabic": "أَخْبَرَنَا عِمْرَانُ بْنُ يَزِيدَ، قَالَ حَدَّثَنَا إِسْمَاعِيلُ بْنُ عَبْدِ اللَّهِ، قَالَ حَدَّثَنَا الأَوْزَاعِيُّ، قَالَ حَدَّثَنَا مُحَمَّدُ بْنُ مُسْلِمٍ الزُّهْرِيُّ، قَالَ حَدَّثَنِي سَعِيدُ بْنُ الْمُسَيَّبِ، قَالَ حَدَّثَنِي أَبُو هُرَيْرَةَ، قَالَ قَالَ رَسُولُ اللَّهِ صلى الله عليه وسلم ‏\n\"‏ إِذَا قَامَ أَحَدُكُمْ مِنَ اللَّيْلِ فَلاَ يُدْخِلْ يَدَهُ فِي الإِنَاءِ حَتَّى يُفْرِغَ عَلَيْهَا مَرَّتَيْنِ أَوْ ثَلاَثًا فَإِنَّ أَحَدَكُمْ لاَ يَدْرِي أَيْنَ بَاتَتْ يَدُهُ ‏\"‏ ‏.‏",
      "english": {
        "narrator": "Abu Hurairah said:",
        "text": "\"The Messenger of Allah (ﷺ) said: 'When any one of you gets up after (sleeping) at night, let him not put his hand into the vessel until he has poured water on it two or three times, for none of you knows where his hand spent the night.'\""
      },
      "turkish": {
        "narrator": "Abu Hurairah said:",
        "text": "Ebu Hureyre dedi ki: \"Allah'ın Resulü (ﷺ) şöyle buyurdu: 'Sizden biri gece (uyuduktan) kalktığında, elini kap içine sokmasın, önce ona iki veya üç defa su döksün; çünkü hiç kimse elinin geceyi nerede geçirdiğini bilemez.'\""
      }
    },
    {
      "id": 48,
      "idInBook": 48,
      "chapterId": 4,
      "bookId": 3,
      "arabic": "أَخْبَرَنَا قُتَيْبَةُ، قَالَ حَدَّثَنَا دَاوُدُ، عَنْ عَمْرٍو، عَنْ كُرَيْبٍ، عَنِ ابْنِ عَبَّاسٍ، قَالَ صَلَّيْتُ مَعَ النَّبِيِّ صلى الله عليه وسلم ذَاتَ لَيْلَةٍ فَقُمْتُ عَنْ يَسَارِهِ فَجَعَلَنِي عَنْ يَمِينِهِ فَصَلَّى ثُمَّ اضْطَجَعَ وَرَقَدَ فَجَاءَهُ الْمُؤَذِّنُ فَصَلَّى وَلَمْ يَتَوَضَّأْ مُخْتَصَرٌ ‏.‏",
      "english": {
        "narrator": "It was narrated that Ibn 'Abbas said:",
        "text": "\"I prayed with the Prophet (ﷺ) one night, and I stood on his left, but he made me stand on his right, and he prayed. Then he reclined on his side and took a nap, then the Mu'adhdhin came to him and he prayed, and did not perform Wudu'.\""
      },
      "turkish": {
        "narrator": "It was narrated that Ibn 'Abbas said:",
        "text": "İbn Abbas'tan rivayet edilmiştir ki: \"Bir gece Peygamber (ﷺ) ile namaz kıldım, onun solunda durdum, ama beni sağında durdurdu ve namaz kıldı. Sonra yanına yaslandı ve uykuya daldı, ardından müezzin ona geldi ve namaz kıldı, abdest almadı.\""
      }
    },
    {
      "id": 49,
      "idInBook": 49,
      "chapterId": 4,
      "bookId": 3,
      "arabic": "أَخْبَرَنَا يَعْقُوبُ بْنُ إِبْرَاهِيمَ، قَالَ حَدَّثَنَا مُحَمَّدُ بْنُ عَبْدِ الرَّحْمَنِ الطُّفَاوِيُّ، قَالَ حَدَّثَنَا أَيُّوبُ، عَنْ أَبِي قِلاَبَةَ، عَنْ أَنَسٍ، أَنَّ رَسُولَ اللَّهِ صلى الله عليه وسلم قَالَ ‏\n\"‏ إِذَا نَعَسَ أَحَدُكُمْ فِي صَلاَتِهِ فَلْيَنْصَرِفْ وَلْيَرْقُدْ ‏\"‏ ‏.‏",
      "english": {
        "narrator": "It was narrated from Anas that the Messenger of Allah (ﷺ) said:",
        "text": "\"If anyone of you feels drowsy during his Salah, let him go and take a nap.\""
      },
      "turkish": {
        "narrator": "It was narrated from Anas that the Messenger of Allah (ﷺ) said:",
        "text": "Anas'tan rivayet edilmiştir ki, Allah'ın Resulü (ﷺ) şöyle dedi: \"Sizden biri namazı sırasında uyku hali hissederse, gitsin ve bir süre uyusun.\""
      }
    },
    {
      "id": 50,
      "idInBook": 50,
      "chapterId": 4,
      "bookId": 3,
      "arabic": "أَخْبَرَنَا قُتَيْبَةُ، عَنْ سُفْيَانَ، عَنْ عَبْدِ اللَّهِ، - يَعْنِي ابْنَ أَبِي بَكْرٍ - قَالَ عَلَى أَثَرِهِ قَالَ أَبُو عَبْدِ الرَّحْمَنِ وَلَمْ أُتْقِنْهُ عَنْ عُرْوَةَ، عَنْ بُسْرَةَ، قَالَتْ قَالَ رَسُولُ اللَّهِ صلى الله عليه وسلم ‏\n\"‏ مَنْ مَسَّ فَرْجَهُ فَلْيَتَوَضَّأْ ‏\"‏ ‏.‏",
      "english": {
        "narrator": "It was narrated that Busrah said:",
        "text": "\"The Messenger of Allah (ﷺ) said: 'Whoever touches his private part, let him perform Wudu'.'\""
      },
      "turkish": {
        "narrator": "It was narrated that Busrah said:",
        "text": "Busra'dan rivayet edilmiştir ki: \"Allah'ın Resulü (ﷺ) şöyle buyurdu: 'Kim özel yerine dokunursa, abdest alsın.'\""
      }
    },
    {
      "id": 51,
      "idInBook": 51,
      "chapterId": 4,
      "bookId": 3,
      "arabic": "أَخْبَرَنَا عِمْرَانُ بْنُ مُوسَى، قَالَ حَدَّثَنَا مُحَمَّدُ بْنُ سَوَاءٍ، عَنْ شُعْبَةَ، عَنْ مَعْمَرٍ، عَنِ الزُّهْرِيِّ، عَنْ عُرْوَةَ بْنِ الزُّبَيْرِ، عَنْ بُسْرَةَ بِنْتِ صَفْوَانَ، أَنَّ النَّبِيَّ صلى الله عليه وسلم قَالَ ‏\n\"‏ إِذَا أَفْضَى أَحَدُكُمْ بِيَدِهِ إِلَى فَرْجِهِ فَلْيَتَوَضَّأْ ‏\"‏ ‏.‏",
      "english": {
        "narrator": "It was narrated from Busrah bint Safwan that the Prophet (ﷺ) said:",
        "text": "\"If any one of you touches his private part with his hand, let him perform Wudu'.\""
      },
      "turkish": {
        "narrator": "It was narrated from Busrah bint Safwan that the Prophet (ﷺ) said:",
        "text": "Busra bint Safwan'dan rivayet edilmiştir ki, Peygamber (ﷺ) şöyle dedi: \"Sizden biri elini özel yerine dokundurursa, abdest alsın.\""
      }
    },
    {
      "id": 52,
      "idInBook": 52,
      "chapterId": 4,
      "bookId": 3,
      "arabic": "أَخْبَرَنَا قُتَيْبَةُ، قَالَ حَدَّثَنَا اللَّيْثُ، عَنِ ابْنِ شِهَابٍ، عَنْ عُرْوَةَ بْنِ الزُّبَيْرِ، عَنْ مَرْوَانَ بْنِ الْحَكَمِ، أَنَّهُ قَالَ الْوُضُوءُ مِنْ مَسِّ الذَّكَرِ فَقَالَ مَرْوَانُ أَخْبَرَتْنِيهِ بُسْرَةُ بِنْتُ صَفْوَانَ ‏.‏ فَأَرْسَلَ عُرْوَةُ قَالَتْ ذَكَرَ رَسُولُ اللَّهِ صلى الله عليه وسلم مَا يُتَوَضَّأُ مِنْهُ فَقَالَ ‏\n\"‏ مِنْ مَسِّ الذَّكَرِ ‏\"‏ ‏.‏",
      "english": {
        "narrator": "It was narrated that Marwan bin Al-Hakam said that one should perform Wudu' after touching one's penis. Marwan said:",
        "text": "\"Busrah bint Safwan told me that.\" 'Urwah sent someone to check that, and she said: \"The Messenger of Allah (ﷺ) mentioned what Wudu' is done for, and said: 'Touching the penis.'\""
      },
      "turkish": {
        "narrator": "It was narrated that Marwan bin Al-Hakam said that one should perform Wudu' after touching one's penis. Marwan said:",
        "text": "Marwan bin Hakam'dan rivayet edilmiştir ki, bir kimse penisine dokunduğunda abdest almalıdır. Marwan dedi ki: \"Busra bint Safwan bana bunu söyledi.\" 'Urve, bunu kontrol etmek için birini gönderdi ve o da şöyle dedi: \"Allah'ın Resulü (ﷺ) abdestin neden alındığını söyledi ve 'Penise dokunmak' dedi.\""
      }
    },
    {
      "id": 53,
      "idInBook": 53,
      "chapterId": 4,
      "bookId": 3,
      "arabic": "أَخْبَرَنَا إِسْحَاقُ بْنُ مَنْصُورٍ، قَالَ حَدَّثَنَا يَحْيَى بْنُ سَعِيدٍ، عَنْ هِشَامِ بْنِ عُرْوَةَ، قَالَ أَخْبَرَنِي أَبِي، عَنْ بُسْرَةَ بِنْتِ صَفْوَانَ، أَنَّ النَّبِيَّ صلى الله عليه وسلم قَالَ ‏\n\"‏ مَنْ مَسَّ ذَكَرَهُ فَلاَ يُصَلِّي حَتَّى يَتَوَضَّأَ ‏\"‏ ‏.‏ قَالَ أَبُو عَبْدِ الرَّحْمَنِ هِشَامُ بْنُ عُرْوَةَ لَمْ يَسْمَعْ مِنْ أَبِيهِ هَذَا الْحَدِيثَ وَاللَّهُ سُبْحَانَهُ وَتَعَالَى أَعْلَمُ ‏.‏",
      "english": {
        "narrator": "It was narrated from Busrah bin Safwan that the Prophet (ﷺ) said:",
        "text": "\"Whoever touches his penis, he should not perform Salah until he performs Wudu'.\"\nAbu 'Abdur-Rahman (An-Nasa'i) said: Hisham bin 'Urwah did not hear this Hadith from his father."
      },
      "turkish": {
        "narrator": "It was narrated from Busrah bin Safwan that the Prophet (ﷺ) said:",
        "text": "Busra bin Safwan'dan rivayet edilmiştir ki, Peygamber (ﷺ) şöyle dedi: \"Kim penisine dokunursa, abdest almadıkça namaz kılmasın.\" Ebu Abdurrahman (En-Nesai) dedi ki: Hişam bin 'Urve, bu Hadisi babasından duymamıştır."
      }
    }
  ],
  "chapter": {
    "id": 4,
    "bookId": 3,
    "arabic": "كتاب الغسل والتيمم",
    "english": "The Book of Ghusl and Tayammum"
  }
}