{
  "metadata": {
    "length": 41,
    "arabic": {
      "title": "سنن النسائي",
      "author": "الإمام أبو عبد الرحمن أحمد بن شعيب النسائي",
      "introduction": "كتاب الفرع والعتيرة"
    },
    "english": {
      "title": "Sunan al-Nasa'i",
      "author": "Imam Ahmad ibn Shu'ayb al-Nasa'i",
      "introduction": "The Book of al-Fara' and al-'Atirah"
    }
  },
  "hadiths": [
    {
      "id": 1,
      "idInBook": 1,
      "chapterId": 41,
      "bookId": 3,
      "arabic": "أَخْبَرَنَا إِسْحَاقُ بْنُ إِبْرَاهِيمَ، قَالَ حَدَّثَنَا سُفْيَانُ، عَنِ الزُّهْرِيِّ، عَنْ سَعِيدٍ، عَنْ أَبِي هُرَيْرَةَ، قَالَ قَالَ رَسُولُ اللَّهِ صلى الله عليه وسلم ‏\n\"‏ لاَ فَرَعَ وَلاَ عَتِيرَةَ ‏\"‏ ‏.‏",
      "english": {
        "narrator": "It was narrated from Abu Hurairah that the Messenger of Allah said:",
        "text": "\"There is no fara' and no' Atirah.\""
      },
      "turkish": {
        "narrator": "It was narrated from Abu Hurairah that the Messenger of Allah said:",
        "text": "Abu Hurayra'dan rivayet edilmiştir ki, Allah'ın Resulü şöyle buyurmuştur: \"Ne Fara' vardır ne de 'Atirah.\""
      }
    },
    {
      "id": 2,
      "idInBook": 2,
      "chapterId": 41,
      "bookId": 3,
      "arabic": "أَخْبَرَنَا مُحَمَّدُ بْنُ الْمُثَنَّى، قَالَ حَدَّثَنَا أَبُو دَاوُدَ، قَالَ حَدَّثَنَا شُعْبَةُ، قَالَ حَدَّثْتُ أَبَا إِسْحَاقَ، عَنْ مَعْمَرٍ، وَسُفْيَانَ، عَنِ الزُّهْرِيِّ، عَنْ سَعِيدِ بْنِ الْمُسَيَّبِ، عَنْ أَبِي هُرَيْرَةَ، قَالَ أَحَدُهُمَا نَهَى رَسُولُ اللَّهِ صلى الله عليه وسلم عَنِ الْفَرَعِ وَالْعَتِيرَةِ ‏.‏ وَقَالَ الآخَرُ ‏\n\"‏ لاَ فَرَعَ وَلاَ عَتِيرَةَ ‏\"‏ ‏.‏",
      "english": {
        "narrator": "It was narrated that Abu Hurairah that:",
        "text": "the Messenger of Allah forbade Fara' and 'Atirah.\""
      },
      "turkish": {
        "narrator": "It was narrated that Abu Hurairah that:",
        "text": "Abu Hurayra'dan rivayet edilmiştir ki: Allah'ın Resulü Fara' ve 'Atirah'ı yasakladı.\""
      }
    },
    {
      "id": 3,
      "idInBook": 3,
      "chapterId": 41,
      "bookId": 3,
      "arabic": "أَخْبَرَنَا عَمْرُو بْنُ زُرَارَةَ، قَالَ حَدَّثَنَا مُعَاذٌ، - وَهُوَ ابْنُ مُعَاذٍ - قَالَ حَدَّثَنَا ابْنُ عَوْنٍ، قَالَ حَدَّثَنَا أَبُو رَمْلَةَ، قَالَ أَنْبَأَنَا مِخْنَفُ بْنُ سُلَيْمٍ، قَالَ بَيْنَا نَحْنُ وُقُوفٌ مَعَ النَّبِيِّ صلى الله عليه وسلم بِعَرَفَةَ فَقَالَ ‏\n\"‏ يَا أَيُّهَا النَّاسُ إِنَّ عَلَى أَهْلِ بَيْتٍ فِي كُلِّ عَامٍ أَضْحَاةً وَعَتِيرَةً ‏\"‏ ‏.‏ قَالَ مُعَاذٌ كَانَ ابْنُ عَوْنٍ يَعْتِرُ أَبْصَرَتْهُ عَيْنِي فِي رَجَبٍ ‏.‏",
      "english": {
        "narrator": "Mikhnaf bin Sulaim said:",
        "text": "\"While we were standing with the Messenger of Allah at 'Arafat, he said: 'O people, it is upon each family to offer a sacrifice (Udhiyah) and an 'Atirah each year.\" (One of the narrators) Muadh said: \"Ibn 'Awn used to offer slaughter the 'Atirah, and I saw that with my own eyes during Rajab.\" (Daif)"
      },
      "turkish": {
        "narrator": "Mikhnaf bin Sulaim said:",
        "text": "Mikhnaf bin Sulaim dedi ki: \"Biz Allah'ın Resulü ile Arafat'ta dururken, O şöyle dedi: 'Ey insanlar, her ailenin her yıl bir kurban (Udhiyah) ve bir 'Atirah kesmesi gerekmektedir.' (Rivayet edenlerden) Muadh dedi ki: \"İbn 'Awn 'Atirah'ı keserdi ve bunu Rajab ayında kendi gözlerimle gördüm.\" (Daif)"
      }
    },
    {
      "id": 4,
      "idInBook": 4,
      "chapterId": 41,
      "bookId": 3,
      "arabic": "أَخْبَرَنِي إِبْرَاهِيمُ بْنُ يَعْقُوبَ بْنِ إِسْحَاقَ، قَالَ حَدَّثَنَا عُبَيْدُ اللَّهِ بْنُ عَبْدِ الْمَجِيدِ أَبُو عَلِيٍّ الْحَنَفِيُّ، قَالَ حَدَّثَنَا دَاوُدُ بْنُ قَيْسٍ، قَالَ سَمِعْتُ عَمْرَو بْنَ شُعَيْبِ بْنِ مُحَمَّدِ بْنِ عَبْدِ اللَّهِ بْنِ عَمْرٍو، عَنْ أَبِيهِ، ‏{‏ عَنْ أَبِيهِ، ‏}‏ وَزَيْدِ بْنِ أَسْلَمَ قَالُوا يَا رَسُولَ اللَّهِ الْفَرَعَ ‏.‏ قَالَ ‏\"‏ حَقٌّ فَإِنْ تَرَكْتَهُ حَتَّى يَكُونَ بَكْرًا فَتَحْمِلَ عَلَيْهِ فِي سَبِيلِ اللَّهِ أَوْ تُعْطِيَهُ أَرْمَلَةً خَيْرٌ مِنْ أَنْ تَذْبَحَهُ فَيَلْصَقَ لَحْمُهُ بِوَبَرِهِ فَتُكْفِئَ إِنَاءَكَ وَتُوَلِّهَ نَاقَتَكَ ‏\"‏ ‏.‏ قَالُوا يَا رَسُولَ اللَّهِ فَالْعَتِيرَةُ قَالَ ‏\"‏ الْعَتِيرَةُ حَقٌّ ‏\"‏ ‏.‏ قَالَ أَبُو عَبْدِ الرَّحْمَنِ أَبُو عَلِيٍّ الْحَنَفِيُّ هُمْ أَرْبَعَةُ إِخْوَةٍ أَحَدُهُمْ أَبُو بَكْرٍ وَبِشْرٌ وَشَرِيكٌ وَآخَرُ ‏.‏",
      "english": {
        "narrator": "'Amr bin Shu'aib bin Muhammad bin 'Abdullah bin 'Amr (narrated) that his father and Zaid bin Aslam said:",
        "text": "\"O Messenger of Allah! (What about) the Fara'?\" He said: \"It is a duty, but if you leave it (the animal) until it becomes half-grown and you load upon it (in Jihad) in the cause of Allah or give it to a widow, that is better than if you slaughter it (when it is just born) and its flesh is difficult to separate from its skin, then you turn your vessel upside down (because you will no longer be able to get milk from the mother) and you cause your she-camel to grieve (at the loss of its young).\" They said: \"O Messenger of Allah, (what about) the 'Atirah?\" He said: \"The 'Atirah is a duty.\" (Hasan)\nAbu 'Abdur-Rahman (An-Nasa'i) said:  Abu 'Ali Al-Hanafi (one of the narrators); they are four brothers: One of them is Abu Bakr, and Bishr, and Sharik, and the other."
      },
      "turkish": {
        "narrator": "'Amr bin Shu'aib bin Muhammad bin 'Abdullah bin 'Amr (narrated) that his father and Zaid bin Aslam said:",
        "text": "'Amr bin Shu'aib bin Muhammad bin 'Abdullah (rivayet etti) ki, babası ve Zaid bin Aslam şöyle dediler: \"Ey Allah'ın Resulü! (Fara' hakkında) ne dersin?\" O dedi ki: \"Bu bir görevdir, ancak eğer onu (hayvanı) yarı büyüyene kadar bırakırsanız ve onu (Cihad'da) Allah yolunda yüklenirseniz ya da bir dul kadına verirseniz, bu, onu (daha yeni doğmuşken) kesmekten daha hayırlıdır; çünkü o zaman etinin derisinden ayrılması zor olur, sonra kabınızı ters çevirirsiniz (çünkü anneden süt alamazsınız) ve dişi deveyi yavrusunu kaybettiği için üzersiniz.\" Onlar dediler: \"Ey Allah'ın Resulü, (peki) 'Atirah hakkında?\" O dedi ki: \"'Atirah bir görevdir.\" (Hasan) Abu 'Abdur-Rahman (An-Nasa'i) dedi ki: Abu 'Ali Al-Hanafi (rivayet edenlerden biri); onlar dört kardeştir: Biri Abu Bekir, diğeri Bişr, Şarik ve diğeridir."
      }
    },
    {
      "id": 5,
      "idInBook": 5,
      "chapterId": 41,
      "bookId": 3,
      "arabic": "أَخْبَرَنَا سُوَيْدُ بْنُ نَصْرٍ، قَالَ أَنْبَأَنَا عَبْدُ اللَّهِ، - يَعْنِي ابْنَ الْمُبَارَكِ - عَنْ يَحْيَى، - وَهُوَ ابْنُ زُرَارَةَ بْنِ كُرَيْمِ بْنِ الْحَارِثِ بْنِ عَمْرٍو الْبَاهِلِيُّ - قَالَ سَمِعْتُ أَبِي يَذْكُرُ، أَنَّهُ سَمِعَ جَدَّهُ الْحَارِثَ بْنَ عَمْرٍو، يُحَدِّثُ أَنَّهُ لَقِيَ رَسُولَ اللَّهِ صلى الله عليه وسلم فِي حَجَّةِ الْوَدَاعِ وَهُوَ عَلَى نَاقَتِهِ الْعَضْبَاءِ فَأَتَيْتُهُ مِنْ أَحَدِ شِقَّيْهِ فَقُلْتُ يَا رَسُولَ اللَّهِ بِأَبِي أَنْتَ وَأُمِّي اسْتَغْفِرْ لِي ‏.‏ فَقَالَ ‏\"‏ غَفَرَ اللَّهُ لَكُمْ ‏\"‏ ‏.‏ ثُمَّ أَتَيْتُهُ مِنَ الشِّقِّ الآخَرِ أَرْجُو أَنْ يَخُصَّنِي دُونَهُمْ فَقُلْتُ يَا رَسُولَ اللَّهِ اسْتَغْفِرْ لِي ‏.‏ فَقَالَ بِيَدِهِ ‏\"‏ غَفَرَ اللَّهُ لَكُمْ ‏\"‏ ‏.‏ فَقَالَ رَجُلٌ مِنَ النَّاسِ يَا رَسُولَ اللَّهِ الْعَتَائِرُ وَالْفَرَائِعُ ‏.‏ قَالَ ‏\"‏ مَنْ شَاءَ عَتَرَ وَمَنْ شَاءَ لَمْ يَعْتِرْ وَمَنْ شَاءَ فَرَّعَ وَمَنْ شَاءَ لَمْ يُفَرِّعْ فِي الْغَنَمِ أُضْحِيَتُهَا ‏\"‏ ‏.‏ وَقَبَضَ أَصَابِعَهُ إِلاَّ وَاحِدَةً ‏.‏",
      "english": {
        "narrator": "It was narrated that Yahya bin Zurarah bin Karim bin Al-Harith bin 'Amr Al-Bahili said:",
        "text": "\"I heard my father say, that he heard his grandfather Al-Harith bin 'Amr, that he met the Messenger of Allah during the Farewell Pilgrimage, when he was atop his slit-eared camel. (He said): 'I said: O Messenger of Allah, May my father and mother be ransomed for you; pray for forgiveness for me. He said: May Allah forgive you (plural). Then I came to him from the other side, hoping that he would supplicate just for me alone, and not them. I said: O Messenger of Allah, pray for forgiveness for me. He said: May Allah forgive you (plural). Then a man among the people said: O Messenger of Allah, (what about) the 'Atirah and Fara'? He said: Whoever wishes to offer and 'Atirah may do so, and whoever does not wish to, may not. Whoever wishes to offer a Fara' may do so, and whoever does not wish to, may not. And with regard to sheep, a sacrifice should be offered. And he clasped between his fingers except for one.\"'"
      },
      "turkish": {
        "narrator": "It was narrated that Yahya bin Zurarah bin Karim bin Al-Harith bin 'Amr Al-Bahili said:",
        "text": "Yahya bin Zurarah bin Karim bin Al-Harith bin 'Amr Al-Bahili'den rivayet edilmiştir ki: \"Babamın, dedesi Al-Harith bin 'Amr'dan duyduğuna göre, Allah'ın Resulü ile Veda Haccı sırasında karşılaştı ve O, kesik kulaklı devesinin üzerinde iken şöyle dedi: 'Ey Allah'ın Resulü, babam ve annem senin uğruna fidye olsun; benim için dua et.' O dedi ki: 'Allah sizi affetsin (çoğul).' Sonra ben O'na diğer taraftan geldim, umarak ki sadece benim için dua etsin, onların değil. Ben dedim: 'Ey Allah'ın Resulü, benim için dua et.' O dedi ki: 'Allah sizi affetsin (çoğul).' Sonra halktan bir adam dedi: 'Ey Allah'ın Resulü, (peki) 'Atirah ve Fara' hakkında ne dersin?' O dedi: 'Kim 'Atirah kesmek isterse, kesebilir; istemeyen kesmesin. Kim Fara' kesmek isterse, kesebilir; istemeyen kesmesin. Koyunlar için ise, bir kurban kesilmelidir.' Ve parmakları arasında bir şey tuttu, bir tanesi hariç.\""
      }
    },
    {
      "id": 6,
      "idInBook": 6,
      "chapterId": 41,
      "bookId": 3,
      "arabic": "أَخْبَرَنِي هَارُونُ بْنُ عَبْدِ اللَّهِ، قَالَ حَدَّثَنَا عَفَّانُ، قَالَ حَدَّثَنَا يَحْيَى بْنُ زُرَارَةَ السَّهْمِيُّ، قَالَ حَدَّثَنِي أَبِي، عَنْ جَدِّهِ الْحَارِثِ بْنِ عَمْرٍو، ح وَأَنْبَأَنَا هَارُونُ بْنُ عَبْدِ اللَّهِ، قَالَ حَدَّثَنَا هِشَامُ بْنُ عَبْدِ الْمَلِكِ، قَالَ حَدَّثَنِي يَحْيَى بْنُ زُرَارَةَ السَّهْمِيُّ، قَالَ حَدَّثَنِي أَبِي، عَنْ جَدِّهِ الْحَارِثِ بْنِ عَمْرٍو، أَنَّهُ لَقِيَ رَسُولَ اللَّهِ صلى الله عليه وسلم فِي حَجَّةِ الْوَدَاعِ فَقُلْتُ بِأَبِي أَنْتَ يَا رَسُولَ اللَّهِ وَأُمِّي اسْتَغْفِرْ لِي ‏.‏ فَقَالَ ‏\n\"‏ غَفَرَ اللَّهُ لَكُمْ ‏\"‏ ‏.‏ وَهُوَ عَلَى نَاقَتِهِ الْعَضْبَاءِ ثُمَّ اسْتَدَرْتُ مِنَ الشِّقِّ الآخَرِ وَسَاقَ الْحَدِيثَ ‏.‏",
      "english": {
        "narrator": "Yahya bin Zurarah As-Sahmi said:",
        "text": "\"My father narrated to me from his grandfather, Al-Harith bin 'Amr that he met the Messenger of Allah during the Farewell Pilgrimage and said: 'May my father and mother be sacrificed for you! O Messenger of Allah; pray for forgiveness for me.' He said: 'May Allah forgive you (plural).' He was atop his slit-eared camel and I came around to the other side\"' and he quoted the Hadith."
      },
      "turkish": {
        "narrator": "Yahya bin Zurarah As-Sahmi said:",
        "text": "Yahya bin Zurarah As-Sahmi dedi ki: \"Babam, dedesi Al-Harith bin 'Amr'dan bana rivayet etti ki, o, Allah'ın Resulü ile Veda Haccı sırasında karşılaştı ve şöyle dedi: 'Babam ve annem senin uğruna kurban olsun! Ey Allah'ın Resulü; benim için dua et.' O dedi: 'Allah sizi affetsin (çoğul).' O, kesik kulaklı devesinin üzerindeydi ve ben diğer tarafa geçtim\" ve hadisi aktardı."
      }
    },
    {
      "id": 7,
      "idInBook": 7,
      "chapterId": 41,
      "bookId": 3,
      "arabic": "أَخْبَرَنَا مُحَمَّدُ بْنُ الْمُثَنَّى، قَالَ حَدَّثَنَا ابْنُ أَبِي عَدِيٍّ، عَنِ ابْنِ عَوْنٍ، قَالَ حَدَّثَنَا جَمِيلٌ، عَنْ أَبِي الْمَلِيحِ، عَنْ نُبَيْشَةَ، قَالَ ذُكِرَ لِلنَّبِيِّ صلى الله عليه وسلم قَالَ كُنَّا نَعْتِرُ فِي الْجَاهِلِيَّةِ ‏.‏ قَالَ ‏\n\"‏ اذْبَحُوا لِلَّهِ عَزَّ وَجَلَّ فِي أَىِّ شَهْرٍ مَا كَانَ وَبَرُّوا اللَّهَ عَزَّ وَجَلَّ وَأَطْعِمُوا ‏\"‏ ‏.‏",
      "english": {
        "narrator": "It was narrated that Nubaishah said:",
        "text": "\"It was said to the prophet: 'During the Jahiliyyah we used to offer the 'Atirah.' He said: 'Slaughter for the sake of Allah, the Mighty and sublime, no matter what month it is; do good for the sake of Allah, the Mighty and sublime, and feed the poor.\"'"
      },
      "turkish": {
        "narrator": "It was narrated that Nubaishah said:",
        "text": "Nubaishah'dan rivayet edilmiştir ki: \"Peygambere şöyle denildi: 'Cahiliye döneminde 'Atirah keserdik.' O dedi: 'Allah, Azim ve Celil olan için, hangi ay olursa olsun, Allah rızası için kurban kesin; Allah, Azim ve Celil olan için hayır yapın ve yoksulları doyurun.'\""
      }
    },
    {
      "id": 8,
      "idInBook": 8,
      "chapterId": 41,
      "bookId": 3,
      "arabic": "أَخْبَرَنَا عَمْرُو بْنُ عَلِيٍّ، قَالَ حَدَّثَنَا بِشْرٌ، - وَهُوَ ابْنُ الْمُفَضَّلِ - عَنْ خَالِدٍ، وَرُبَّمَا، قَالَ عَنْ أَبِي الْمَلِيحِ، وَرُبَّمَا، ذَكَرَ أَبَا قِلاَبَةَ عَنْ نُبَيْشَةَ، قَالَ نَادَى رَجُلٌ وَهُوَ بِمِنًى فَقَالَ يَا رَسُولَ اللَّهِ إِنَّا كُنَّا نَعْتِرُ عَتِيرَةً فِي الْجَاهِلِيَّةِ فِي رَجَبٍ فَمَا تَأْمُرُنَا يَا رَسُولَ اللَّهِ قَالَ ‏\"‏ اذْبَحُوا فِي أَىِّ شَهْرٍ مَا كَانَ وَبَرُّوا اللَّهَ عَزَّ وَجَلَّ وَأَطْعِمُوا ‏\"‏ ‏.‏ قَالَ إِنَّا كُنَّا نُفْرِعُ فَرَعًا فَمَا تَأْمُرُنَا قَالَ ‏\"‏ فِي كُلِّ سَائِمَةٍ فَرَعٌ تَغْذُوهُ مَاشِيَتُكَ حَتَّى إِذَا اسْتَحْمَلَ ذَبَحْتَهُ وَتَصَدَّقْتَ بِلَحْمِهِ ‏\"‏ ‏.‏",
      "english": {
        "narrator": "It was narrated that Nubaishah said:",
        "text": "\"A man called out while he was in Mina and said: 'O Messenger of Allah, we used to sacrifice the 'Atirah during the Jahiliyyah in Rajab; what do you command us to do?' He said: 'Sacrifice during whatever month it is, do good for the sake of Allah, the Mighty and Sublime, and feed (the poor).' They said: 'O Messenger of Allah, we used to sacrifice the Fara' during the Jahiliyyah; what do you command us to do?' He said: 'For every flock of grazing animals, feed the firstborn as you feed the rest of you flock until it reaches an age where it could be used carry loads, then sacrifice it, and give its meat in charity.\"'"
      },
      "turkish": {
        "narrator": "It was narrated that Nubaishah said:",
        "text": "Nubaishah'dan rivayet edilmiştir ki: \"Mina'da bir adam bağırdı ve dedi: 'Ey Allah'ın Resulü, Cahiliye döneminde Rajab ayında 'Atirah keserdik; bize ne yapmamızı emredersin?' O dedi: 'Hangi ay olursa olsun kurban kesin, Allah rızası için hayır yapın ve yoksulları doyurun.' Onlar dediler: 'Ey Allah'ın Resulü, Cahiliye döneminde Fara' keserdik; bize ne yapmamızı emredersin?' O dedi: 'Her sürü için, ilk doğanı diğer sürüye nasıl besliyorsanız, öyle besleyin; yük taşıyacak yaşa geldiğinde, onu kesin ve etini sadaka olarak verin.'\""
      }
    },
    {
      "id": 9,
      "idInBook": 9,
      "chapterId": 41,
      "bookId": 3,
      "arabic": "أَخْبَرَنَا عَبْدُ اللَّهِ بْنُ مُحَمَّدِ بْنِ عَبْدِ الرَّحْمَنِ، قَالَ حَدَّثَنَا غُنْدَرٌ، عَنْ شُعْبَةَ، عَنْ خَالِدٍ، عَنْ أَبِي قِلاَبَةَ، عَنْ أَبِي الْمَلِيحِ، وَأَحْسَبُنِي، قَدْ سَمِعْتُهُ مِنَ أَبِي الْمَلِيحِ، عَنْ نُبَيْشَةَ، - رَجُلٌ مِنْ هُذَيْلٍ - عَنِ النَّبِيِّ صلى الله عليه وسلم قَالَ ‏\"‏ إِنِّي كُنْتُ نَهَيْتُكُمْ عَنْ لُحُومِ الأَضَاحِي فَوْقَ ثَلاَثٍ كَيْمَا تَسَعَكُمْ فَقَدْ جَاءَ اللَّهُ عَزَّ وَجَلَّ بِالْخَيْرِ فَكُلُوا وَتَصَدَّقُوا وَادَّخِرُوا وَإِنَّ هَذِهِ الأَيَّامَ أَيَّامُ أَكْلٍ وَشُرْبٍ وَذِكْرِ اللَّهِ عَزَّ وَجَلَّ ‏\"‏ ‏.‏ فَقَالَ رَجُلٌ إِنَّا كُنَّا نَعْتِرُ عَتِيرَةً فِي الْجَاهِلِيَّةِ فِي رَجَبٍ فَمَا تَأْمُرُنَا قَالَ ‏\"‏ اذْبَحُوا لِلَّهِ عَزَّ وَجَلَّ فِي أَىِّ شَهْرٍ مَا كَانَ وَبَرُّوا اللَّهَ عَزَّ وَجَلَّ وَأَطْعِمُوا ‏\"‏ ‏.‏ فَقَالَ رَجُلٌ يَا رَسُولَ اللَّهِ إِنَّا كُنَّا نُفَرِّعُ فَرَعًا فِي الْجَاهِلِيَّةِ فَمَا تَأْمُرُنَا قَالَ فَقَالَ رَسُولُ اللَّهِ صلى الله عليه وسلم ‏\"‏ فِي كُلِّ سَائِمَةٍ مِنَ الْغَنَمِ فَرَعٌ تَغْذُوهُ غَنَمُكَ حَتَّى إِذَا اسْتَحْمَلَ ذَبَحْتَهُ وَتَصَدَّقْتَ بِلَحْمِهِ عَلَى ابْنِ السَّبِيلِ فَإِنَّ ذَلِكَ هُوَ خَيْرٌ ‏\"‏ ‏.‏",
      "english": {
        "narrator": "It was narrated from Nubaishah, a man of Hudhail, that the Prophet said:",
        "text": "\"I used to forbid you to store the meat of the sacrifices for more than three days so that there would be enough for everyone. But now Allah, the mighty and sublime, has bestowed plenty upon us, so eat some, give some in charity and store some, For these days are the days of eating, drinking and remembering Allah.\" A man said: \"O Messenger of Allah, we used to sacrifice the 'Atirah during the Jahiliyyah in Rajab; what do you command us to do?\" He said: \"Sacrifice to Allah, the Mighty and Sublime, whatever month it is, do good for the sake of Allah, the Mighty and Sublime, and feed (the poor).\" He said: \"O Messenger of Allah, we used to sacrifice the Fara' during the Jahiliyyah; what do you command us to do?\" He said: \"For every flock of grazing animals, feed the firstborn as you feed the rest of your flock, until it reaches an age where it could be used to carry loads, then sacrifice it, and give its meat in charity to the wayfarer, for that is good.\""
      },
      "turkish": {
        "narrator": "It was narrated from Nubaishah, a man of Hudhail, that the Prophet said:",
        "text": "Nubaishah'dan rivayet edilmiştir ki: \"Bir adam Peygambere seslendi ve dedi: 'Cahiliye döneminde Rajab ayında 'Atirah keserdik; bize ne yapmamızı emredersin?' O dedi: 'Hangi ay olursa olsun kurban kesin, Allah rızası için hayır yapın ve yoksulları doyurun.' O dedi: 'Cahiliye döneminde Fara' keserdik; bize ne yapmamızı emredersin?' O dedi: 'Her sürü için, ilk doğanı diğer sürüye nasıl besliyorsanız, öyle besleyin; yük taşıyacak yaşa geldiğinde, onu kesin ve etini yolcuya sadaka olarak verin, bu hayırlıdır.'\""
      }
    },
    {
      "id": 10,
      "idInBook": 10,
      "chapterId": 41,
      "bookId": 3,
      "arabic": "أَخْبَرَنَا أَبُو الأَشْعَثِ، أَحْمَدُ بْنُ الْمِقْدَامِ قَالَ حَدَّثَنَا يَزِيدُ، - وَهُوَ ابْنُ زُرَيْعٍ - قَالَ أَنْبَأَنَا خَالِدٌ، عَنْ أَبِي الْمَلِيحِ، عَنْ نُبَيْشَةَ، قَالَ نَادَى النَّبِيَّ صلى الله عليه وسلم رَجُلٌ فَقَالَ إِنَّا كُنَّا نَعْتِرُ عَتِيرَةً يَعْنِي فِي الْجَاهِلِيَّةِ فِي رَجَبٍ فَمَا تَأْمُرُنَا قَالَ ‏\"‏ اذْبَحُوهَا فِي أَىِّ شَهْرٍ كَانَ وَبَرُّوا اللَّهَ عَزَّ وَجَلَّ وَأَطْعِمُوا ‏\"‏ ‏.‏ قَالَ إِنَّا كُنَّا نُفْرِعُ فَرَعًا فِي الْجَاهِلِيَّةِ ‏.‏ قَالَ ‏\"‏ فِي كُلِّ سَائِمَةٍ فَرَعٌ حَتَّى إِذَا اسْتَحْمَلَ ذَبَحْتَهُ وَتَصَدَّقْتَ بِلَحْمِهِ فَإِنَّ ذَلِكَ هُوَ خُيْرٌ ‏\"‏ ‏.‏",
      "english": {
        "narrator": "It was narrated that Nubaishah said:",
        "text": "\"A man called out to the Prophet and said: 'We used to sacrifice the 'Atirah - i.e., during the Jahiliyyah - in Rajab; what do you command us to do?' He said: 'Sacrifice, whatever month it is, do good for the sake of Allah, the Mighty and Sublime, and feed (the poor).' He said: 'We used to sacrifice the Fara' during the Jahiliyyah; what do you command us to do?' He said: 'For every flock of grazing animals, feed the firstborn as you feed the rest of your flock until it reaches an age where it could be used to carry loads, then sacrifice it, and give its meat in charity, for that is good.\"'"
      },
      "turkish": {
        "narrator": "It was narrated that Nubaishah said:",
        "text": "Nubaishah'dan rivayet edilmiştir ki: \"Bir adam Peygambere seslendi ve dedi: 'Cahiliye döneminde Rajab ayında 'Atirah keserdik; bize ne yapmamızı emredersin?' O dedi: 'Hangi ay olursa olsun kurban kesin, Allah rızası için hayır yapın ve yoksulları doyurun.' O dedi: 'Cahiliye döneminde Fara' keserdik; bize ne yapmamızı emredersin?' O dedi: 'Her sürü için, ilk doğanı diğer sürüye nasıl besliyorsanız, öyle besleyin; yük taşıyacak yaşa geldiğinde, onu kesin ve etini sadaka olarak verin, bu hayırlıdır.'\""
      }
    },
    {
      "id": 11,
      "idInBook": 11,
      "chapterId": 41,
      "bookId": 3,
      "arabic": "أَخْبَرَنَا يَعْقُوبُ بْنُ إِبْرَاهِيمَ، عَنِ ابْنِ عُلَيَّةَ، عَنْ خَالِدٍ، قَالَ حَدَّثَنِي أَبُو قِلاَبَةَ، عَنْ أَبِي الْمَلِيحِ، فَلَقِيتُ أَبَا الْمَلِيحِ فَسَأَلْتُهُ فَحَدَّثَنِي عَنْ نُبَيْشَةَ الْهُذَلِيِّ، قَالَ قَالَ رَجُلٌ يَا رَسُولَ اللَّهِ إِنَّا كُنَّا نَعْتِرُ عَتِيرَةً فِي الْجَاهِلِيَّةِ فَمَا تَأْمُرُنَا قَالَ ‏\n\"‏ اذْبَحُوا لِلَّهِ عَزَّ وَجَلَّ فِي أَىِّ شَهْرٍ مَا كَانَ وَبَرُّوا اللَّهَ عَزَّ وَجَلَّ وَأَطْعِمُوا ‏\"‏ ‏.‏",
      "english": {
        "narrator": "It was narrated that Nubaishah Al-Hudhaili said:",
        "text": "\"A man said: 'O Messenger of Allah, we used to sacrifice the 'Atirah during the Jahiliyyah in Rajab; what do you command us to do?' He said: 'Sacrifice to Allah, the Mighty and Sublime, whatever month it is, do good for the sake of Allah, the Mighty and Sublime, and feed (the poor).\"'"
      },
      "turkish": {
        "narrator": "It was narrated that Nubaishah Al-Hudhaili said:",
        "text": "Nubaishah Al-Hudhaili'den rivayet edilmiştir ki: \"Bir adam dedi: 'Ey Allah'ın Resulü, Cahiliye döneminde Rajab ayında 'Atirah keserdik; bize ne yapmamızı emredersin?' O dedi: 'Hangi ay olursa olsun Allah'a, Azim ve Celil olan için kurban kesin, Allah rızası için hayır yapın ve yoksulları doyurun.'\""
      }
    },
    {
      "id": 12,
      "idInBook": 12,
      "chapterId": 41,
      "bookId": 3,
      "arabic": "أَخْبَرَنَا عَمْرُو بْنُ عَلِيٍّ، قَالَ حَدَّثَنَا عَبْدُ الرَّحْمَنِ، قَالَ حَدَّثَنَا أَبُو عَوَانَةَ، عَنْ يَعْلَى بْنِ عَطَاءٍ، عَنْ وَكِيعِ بْنِ عُدُسٍ، عَنْ عَمِّهِ أَبِي رَزِينٍ، لَقِيطِ بْنِ عَامِرٍ الْعُقَيْلِيِّ قَالَ قُلْتُ يَا رَسُولَ اللَّهِ إِنَّا كُنَّا نَذْبَحُ ذَبَائِحَ فِي الْجَاهِلِيَّةِ فِي رَجَبٍ فَنَأْكُلُ وَنُطْعِمُ مَنْ جَاءَنَا ‏.‏ فَقَالَ رَسُولُ اللَّهِ صلى الله عليه وسلم ‏\n\"‏ لاَ بَأْسَ بِهِ ‏\"‏ ‏.‏ قَالَ وَكِيعُ بْنُ عُدُسٍ فَلاَ أَدَعُهُ ‏.‏",
      "english": {
        "narrator": "It was narrated that Abu Razin Laqit bin 'Amir Al-Uqaili said:",
        "text": "\"I said: 'O Messenger of Allah, we used to offer sacrifices during the Jahiliyyah in Rajab, and eat of (their meat) and offer some to those who came to us.' The Messenger of Allah said: 'There is nothing wrong with that.\"' (One of the narrators) Waki bin 'Udus said: \"I will not leave it.\""
      },
      "turkish": {
        "narrator": "It was narrated that Abu Razin Laqit bin 'Amir Al-Uqaili said:",
        "text": "Abu Razin Laqit bin 'Amir Al-Uqaili'den rivayet edilmiştir ki: \"Ben dedim: 'Ey Allah'ın Resulü, Cahiliye döneminde Rajab ayında kurban keserdik, etlerinden yer ve bize gelenlere de sunardık.' Allah'ın Resulü dedi ki: 'Bunda bir sakınca yoktur.'\" (Rivayet edenlerden biri) Vaki bin 'Udus dedi ki: \"Bunu bırakmayacağım.\""
      }
    },
    {
      "id": 13,
      "idInBook": 13,
      "chapterId": 41,
      "bookId": 3,
      "arabic": "أَخْبَرَنَا قُتَيْبَةُ، قَالَ حَدَّثَنَا سُفْيَانُ، عَنِ الزُّهْرِيِّ، عَنْ عُبَيْدِ اللَّهِ بْنِ عَبْدِ اللَّهِ، عَنِ ابْنِ عَبَّاسٍ، عَنْ مَيْمُونَةَ، أَنَّ النَّبِيَّ صلى الله عليه وسلم مَرَّ عَلَى شَاةٍ مَيِّتَةٍ مُلْقَاةٍ فَقَالَ ‏\"‏ لِمَنْ هَذِهِ ‏\"‏ ‏.‏ فَقَالُوا لِمَيْمُونَةَ ‏.‏ فَقَالَ ‏\"‏ مَا عَلَيْهَا لَوِ انْتَفَعَتْ بِإِهَابِهَا ‏\"‏ ‏.‏ قَالُوا إِنَّهَا مَيْتَةٌ ‏.‏ فَقَالَ ‏\"‏ إِنَّمَا حَرَّمَ اللَّهُ عَزَّ وَجَلَّ أَكْلَهَا ‏\"‏ ‏.‏",
      "english": {
        "narrator": "It was narrated from Ibn 'Abbas, from Maimunah, that:",
        "text": "the Prophet passed by a dead sheep that had been thrown aside. He said: \"Who does this belong to?\" They said: \"Maimunah.\" He said: \"Why did she not make use of its skin?\" They said: \"It is dead meat (i.e., it was not slaughtered properly).\" He said: \"Allah, the Mighty and Sublime, has only forbidden us to eat  it.\""
      },
      "turkish": {
        "narrator": "It was narrated from Ibn 'Abbas, from Maimunah, that:",
        "text": "İbn 'Abbas'tan, Maimunah'dan rivayet edilmiştir ki: Peygamber, kenara atılmış bir ölü koyun gördü. O dedi: \"Bu kime ait?\" Onlar dediler: \"Maimunah'a.\" O dedi: \"Neden derisini kullanmadı?\" Onlar dediler: \"O ölü et (yani, düzgün kesilmemiş).\" O dedi: \"Allah, Azim ve Celil olan, sadece onu yemeyi yasakladı.\""
      }
    },
    {
      "id": 14,
      "idInBook": 14,
      "chapterId": 41,
      "bookId": 3,
      "arabic": "أَخْبَرَنَا مُحَمَّدُ بْنُ سَلَمَةَ، وَالْحَارِثُ بْنُ مِسْكِينٍ، قِرَاءَةً عَلَيْهِ وَأَنَا أَسْمَعُ، - وَاللَّفْظُ لَهُ - عَنِ ابْنِ الْقَاسِمِ، قَالَ حَدَّثَنِي مَالِكٌ، عَنِ ابْنِ شِهَابٍ، عَنْ عُبَيْدِ اللَّهِ بْنِ عَبْدِ اللَّهِ، عَنِ ابْنِ عَبَّاسٍ، قَالَ مَرَّ رَسُولُ اللَّهِ صلى الله عليه وسلم بِشَاةٍ مَيِّتَةٍ كَانَ أَعْطَاهَا مَوْلاَةً لِمَيْمُونَةَ زَوْجِ النَّبِيِّ صلى الله عليه وسلم فَقَالَ ‏\"‏ هَلاَّ انْتَفَعْتُمْ بِجِلْدِهَا ‏\"‏ ‏.‏ قَالُوا يَا رَسُولَ اللَّهِ إِنَّهَا مَيْتَةٌ ‏.‏ فَقَالَ رَسُولُ اللَّهِ صلى الله عليه وسلم ‏\"‏ إِنَّمَا حُرِّمَ أَكْلُهَا ‏\"‏ ‏.‏",
      "english": {
        "narrator": "It was narrated that Ibn 'Abbas said:",
        "text": "\"The Messenger of Allah passed by a dead sheep that he had given to a freed slave woman of Maimunah, the wife of the Prophet. He said: 'Why don't you make use of its hide?' They said: 'O Messenger of Allah, it is dead meat.' The Messenger of Allah said: 'It is only forbidden to eat it.\""
      },
      "turkish": {
        "narrator": "It was narrated that Ibn 'Abbas said:",
        "text": "İbn 'Abbas dedi ki: \"Allah'ın Resulü, Maimunah'ın, Peygamber'in eşinin, özgür bırakılmış bir cariyesine verdiği bir ölü koyundan geçti. O dedi: 'Neden derisini kullanmıyorsunuz?' Onlar dediler: 'Ey Allah'ın Resulü, bu ölü ettir.' Allah'ın Resulü dedi: 'Onu yemek sadece yasaktır.'\""
      }
    },
    {
      "id": 15,
      "idInBook": 15,
      "chapterId": 41,
      "bookId": 3,
      "arabic": "أَخْبَرَنَا عَبْدُ الْمَلِكِ بْنُ شُعَيْبِ بْنِ اللَّيْثِ بْنِ سَعْدٍ، قَالَ حَدَّثَنِي أَبِي، عَنْ جَدِّي، عَنِ ابْنِ أَبِي حَبِيبٍ، - يَعْنِي يَزِيدَ - عَنْ حَفْصِ بْنِ الْوَلِيدِ، عَنْ مُحَمَّدِ بْنِ مُسْلِمٍ، عَنْ عُبَيْدِ اللَّهِ بْنِ عَبْدِ اللَّهِ، حَدَّثَهُ أَنَّ ابْنَ عَبَّاسٍ حَدَّثَهُ قَالَ أَبْصَرَ رَسُولُ اللَّهِ صلى الله عليه وسلم شَاةً مَيِّتَةً لِمَوْلاَةٍ لِمَيْمُونَةَ وَكَانَتْ مِنَ الصَّدَقَةِ فَقَالَ ‏\"‏ لَوْ نَزَعُوا جِلْدَهَا فَانْتَفَعُوا بِهِ ‏\"‏ ‏.‏ قَالُوا إِنَّهَا مَيْتَةٌ ‏.‏ قَالَ ‏\"‏ إِنَّمَا حُرِّمَ أَكْلُهَا ‏\"‏ ‏.‏",
      "english": {
        "narrator": "Ibn'Abbas said:",
        "text": "\"The Messenger of Allah saw a dead sheep that belonged to the freed slave woman of Maimunah, and had come from the Sadaqah.\" He said: \"Why don't you take off its hide and make use of it?\" They said: \"It is dead meat.\" He said: \"It is only unlawful to eat it.\""
      },
      "turkish": {
        "narrator": "Ibn'Abbas said:",
        "text": "İbn 'Abbas dedi ki: \"Allah'ın Resulü, Maimunah'ın özgür bırakılmış cariyesine ait bir ölü koyun gördü ve bu sadakadan gelmişti.\" O dedi: \"Neden derisini alıp kullanmıyorsunuz?\" Onlar dediler: \"Bu ölü ettir.\" O dedi: \"Onu yemek sadece yasaktır.\""
      }
    },
    {
      "id": 16,
      "idInBook": 16,
      "chapterId": 41,
      "bookId": 3,
      "arabic": "أَخْبَرَنِي عَبْدُ الرَّحْمَنِ بْنُ خَالِدٍ الْقَطَّانُ الرَّقِّيُّ، قَالَ حَدَّثَنَا حَجَّاجٌ، قَالَ قَالَ ابْنُ جُرَيْجٍ أَخْبَرَنِي عَمْرُو بْنُ دِينَارٍ، قَالَ أَخْبَرَنِي عَطَاءٌ، مُنْذُ حِينٍ عَنِ ابْنِ عَبَّاسٍ، أَخْبَرَتْنِي مَيْمُونَةُ، أَنَّ شَاةً، مَاتَتْ فَقَالَ النَّبِيُّ صلى الله عليه وسلم ‏\n\"‏ أَلاَّ دَفَعْتُمْ إِهَابَهَا فَاسْتَمْتَعْتُمْ بِهِ ‏\"‏ ‏.‏",
      "english": {
        "narrator": "It was narrated from Ibn 'Abbas:",
        "text": "\"Maimunah told me that a sheep died, and the Prophet said: 'Why don't you tan its skin and make use of it'?\""
      },
      "turkish": {
        "narrator": "It was narrated from Ibn 'Abbas:",
        "text": "İbn Abbas'tan rivayet edilmiştir: \"Maimunah bana bir koyunun öldüğünü söyledi, ve Peygamber dedi ki: 'Neden derisini yüzmüyorsunuz ve ondan faydalanmıyorsunuz?'\""
      }
    },
    {
      "id": 17,
      "idInBook": 17,
      "chapterId": 41,
      "bookId": 3,
      "arabic": "أَخْبَرَنَا مُحَمَّدُ بْنُ مَنْصُورٍ، عَنْ سُفْيَانَ، عَنْ عَمْرٍو، عَنْ عَطَاءٍ، قَالَ سَمِعْتُ ابْنَ عَبَّاسٍ، قَالَ مَرَّ النَّبِيُّ صلى الله عليه وسلم بِشَاةٍ لِمَيْمُونَةَ مَيِّتَةٍ فَقَالَ ‏\n\"‏ أَلاَّ أَخَذْتُمْ إِهَابَهَا فَدَبَغْتُمْ فَانْتَفَعْتُمْ ‏\"‏ ‏.‏",
      "english": {
        "narrator": "Ibn 'Abbas said:",
        "text": "\"The Prophet passed by a sheep belonging to Maimunah that had died and said: 'Why don't you take its skin and tan it and make use of it'?\""
      },
      "turkish": {
        "narrator": "Ibn 'Abbas said:",
        "text": "İbn Abbas dedi ki: \"Peygamber, Maimunah'a ait ölmüş bir koyunun yanından geçti ve dedi ki: 'Neden derisini almıyorsunuz, yüzmüyorsunuz ve ondan faydalanmıyorsunuz?'\""
      }
    },
    {
      "id": 18,
      "idInBook": 18,
      "chapterId": 41,
      "bookId": 3,
      "arabic": "أَخْبَرَنَا مُحَمَّدُ بْنُ قُدَامَةَ، عَنْ جَرِيرٍ، عَنْ مُغِيرَةَ، عَنِ الشَّعْبِيِّ، قَالَ قَالَ ابْنُ عَبَّاسٍ مَرَّ النَّبِيُّ صلى الله عليه وسلم عَلَى شَاةٍ مَيِّتَةٍ فَقَالَ ‏\n\"‏ أَلاَّ انْتَفَعْتُمْ بِإِهَابِهَا ‏\"‏ ‏.‏",
      "english": {
        "narrator": "Ibn 'Abbas said:",
        "text": "\"The Prophet passed by a dead sheep and said: 'Why don't you make use of its skin'?\""
      },
      "turkish": {
        "narrator": "Ibn 'Abbas said:",
        "text": "İbn Abbas dedi ki: \"Peygamber, ölmüş bir koyunun yanından geçti ve dedi ki: 'Neden derisinden faydalanmıyorsunuz?'\""
      }
    },
    {
      "id": 19,
      "idInBook": 19,
      "chapterId": 41,
      "bookId": 3,
      "arabic": "أَخْبَرَنَا مُحَمَّدُ بْنُ عَبْدِ الْعَزِيزِ بْنِ أَبِي رِزْمَةَ، قَالَ أَنْبَأَنَا الْفَضْلُ بْنُ مُوسَى، عَنْ إِسْمَاعِيلَ بْنِ أَبِي خَالِدٍ، عَنِ الشَّعْبِيِّ، عَنْ عِكْرِمَةَ، عَنِ ابْنِ عَبَّاسٍ، عَنْ سَوْدَةَ، زَوْجِ النَّبِيِّ صلى الله عليه وسلم قَالَتْ مَاتَتْ شَاةٌ لَنَا فَدَبَغْنَا مَسْكَهَا فَمَازِلْنَا نَنْبِذُ فِيهَا حَتَّى صَارَتْ شَنًّا ‏.‏",
      "english": {
        "narrator": "It was narrated that Sawdah, the wife of the Prophet, said:",
        "text": "\"A sheep of ours died, and we tanned its skin, and continued to make Nabidh in it until it wore out.\""
      },
      "turkish": {
        "narrator": "It was narrated that Sawdah, the wife of the Prophet, said:",
        "text": "Peygamber'in eşi Sawdah'dan rivayet edilmiştir: \"Bizim bir koyunumuz öldü, ve biz derisini yüzdük, ve içinde Nabidh yapmaya devam ettik ta ki yıpranıncaya kadar.\""
      }
    },
    {
      "id": 20,
      "idInBook": 20,
      "chapterId": 41,
      "bookId": 3,
      "arabic": "أَخْبَرَنَا قُتَيْبَةُ، وَعَلِيُّ بْنُ حُجْرٍ، عَنْ سُفْيَانَ، عَنْ زَيْدِ بْنِ أَسْلَمَ، عَنِ ابْنِ وَعْلَةَ، عَنِ ابْنِ عَبَّاسٍ، قَالَ قَالَ رَسُولُ اللَّهِ صلى الله عليه وسلم ‏\n\"‏ أَيُّمَا إِهَابٍ دُبِغَ فَقَدْ طَهُرَ ‏\"‏ ‏.‏",
      "english": {
        "narrator": "It was narrated that Ibn 'Abbas said:",
        "text": "\"The Messenger of Allah said: 'Any skin that is tanned has been purified.\"'"
      },
      "turkish": {
        "narrator": "It was narrated that Ibn 'Abbas said:",
        "text": "İbn Abbas'tan rivayet edilmiştir: \"Allah'ın Elçisi dedi ki: 'Yüzülen her deri, temizlenmiştir.'\""
      }
    },
    {
      "id": 21,
      "idInBook": 21,
      "chapterId": 41,
      "bookId": 3,
      "arabic": "أَخْبَرَنِي الرَّبِيعُ بْنُ سُلَيْمَانَ بْنِ دَاوُدَ، قَالَ حَدَّثَنَا إِسْحَاقُ بْنُ بَكْرٍ، - وَهُوَ ابْنُ مُضَرَ - قَالَ حَدَّثَنِي أَبِي، عَنْ جَعْفَرِ بْنِ رَبِيعَةَ، أَنَّهُ سَمِعَ أَبَا الْخَيْرِ، عَنِ ابْنِ وَعْلَةَ، أَنَّهُ سَأَلَ ابْنَ عَبَّاسٍ فَقَالَ إِنَّا نَغْزُو هَذَا الْمَغْرِبَ وَإِنَّهُمْ أَهْلُ وَثَنٍ وَلَهُمْ قِرَبٌ يَكُونُ فِيهَا اللَّبَنُ وَالْمَاءُ فَقَالَ ابْنُ عَبَّاسٍ الدِّبَاغُ طَهُورٌ ‏.‏ قَالَ ابْنُ وَعْلَةَ عَنْ رَأْيِكَ أَوْ شَىْءٍ سَمِعْتَهُ مِنْ رَسُولِ اللَّهِ صلى الله عليه وسلم قَالَ بَلْ عَنْ رَسُولِ اللَّهِ صلى الله عليه وسلم ‏.‏",
      "english": {
        "narrator": "It was narrated from Ibn Wa'lah that he asked Ibn 'Abbas:",
        "text": "\"We are attacking the Maghrib, and they are people who worship idols, and they have waterskins in which they keep milk and water.\" Ibn 'Abbas said: \"Tanning is purification.\" Ibn Wa'lah said: \"Is this your own opinion, or something that you heard from the Messenger of Allah?\" He said: \"No, (I heard it) from the Messneger of Allah.\""
      },
      "turkish": {
        "narrator": "It was narrated from Ibn Wa'lah that he asked Ibn 'Abbas:",
        "text": "İbn Wa'lah'tan rivayet edilmiştir ki, o İbn Abbas'a sordu: \"Biz Maghrib'e saldırıyoruz, ve onlar putlara tapan bir topluluk, ve süt ve su sakladıkları deriden yapılmış su torbaları var.\" İbn Abbas dedi ki: \"Yüzme, temizlenmektir.\" İbn Wa'lah dedi ki: \"Bu senin kendi görüşün mü, yoksa Allah'ın Elçisi'nden duyduğun bir şey mi?\" O dedi ki: \"Hayır, (bunu) Allah'ın Elçisi'nden duydum.\""
      }
    },
    {
      "id": 22,
      "idInBook": 22,
      "chapterId": 41,
      "bookId": 3,
      "arabic": "أَخْبَرَنَا عُبَيْدُ اللَّهِ بْنُ سَعِيدٍ، قَالَ حَدَّثَنَا مُعَاذُ بْنُ هِشَامٍ، قَالَ حَدَّثَنِي أَبِي، عَنْ قَتَادَةَ، عَنِ الْحَسَنِ، عَنْ جَوْنِ بْنِ قَتَادَةَ، عَنْ سَلَمَةَ بْنِ الْمُحَبِّقِ، أَنَّ نَبِيَّ اللَّهِ صلى الله عليه وسلم فِي غَزْوَةِ تَبُوكَ دَعَا بِمَاءٍ مِنْ عِنْدِ امْرَأَةٍ قَالَتْ مَا عِنْدِي إِلاَّ فِي قِرْبَةٍ لِي مَيْتَةٍ ‏.‏ قَالَ ‏\"‏ أَلَيْسَ قَدْ دَبَغْتِهَا ‏\"‏ ‏.‏ قَالَتْ بَلَى ‏.‏ قَالَ ‏\"‏ فَإِنَّ دِبَاغَهَا ذَكَاتُهَا ‏\"‏ ‏.‏",
      "english": {
        "narrator": "It was narrated from Salamah bin Al-Muhabbaq that:",
        "text": "during the campaign of Tabuk, the Prophet of Allah called for water from a woman. She said: \"I only have a waterskin of mine made from an (unslaughtered) dead animal.\" He said: \"Didn't you tan it?\" She said: \"Of course.\" He said: \"Then it's tanning is its slaughter\". (Daif)"
      },
      "turkish": {
        "narrator": "It was narrated from Salamah bin Al-Muhabbaq that:",
        "text": "Salamah bin Al-Muhabbaq'tan rivayet edilmiştir ki: Tabuk seferinde, Allah'ın Elçisi bir kadından su istedi. Kadın dedi ki: \"Sadece (kesilmemiş) ölü bir hayvandan yapılmış su torbam var.\" O dedi ki: \"Onu yüzmedin mi?\" Kadın dedi ki: \"Elbette.\" O dedi ki: \"O zaman onun yüzülmesi, kesilmesidir.\" (Daif)"
      }
    },
    {
      "id": 23,
      "idInBook": 23,
      "chapterId": 41,
      "bookId": 3,
      "arabic": "أَخْبَرَنَا الْحُسَيْنُ بْنُ مَنْصُورِ بْنِ جَعْفَرٍ النَّيْسَابُورِيُّ، قَالَ حَدَّثَنَا الْحُسَيْنُ بْنُ مُحَمَّدٍ، قَالَ حَدَّثَنَا شَرِيكٌ، عَنِ الأَعْمَشِ، عَنْ عُمَارَةَ بْنِ عُمَيْرٍ، عَنِ الأَسْوَدِ، عَنْ عَائِشَةَ، قَالَتْ سُئِلَ النَّبِيُّ صلى الله عليه وسلم عَنْ جُلُودِ الْمَيْتَةِ فَقَالَ ‏\n\"‏ دِبَاغُهَا طَهُورُهَا ‏\"‏ ‏.‏",
      "english": {
        "narrator": "It was narrated that 'Aishah said:",
        "text": "\"The Prophet was asked about the hides of dead animals.\" He said: \"Tanning it purifies it.\""
      },
      "turkish": {
        "narrator": "It was narrated that 'Aishah said:",
        "text": "'Aişe'den rivayet edilmiştir ki: \"Peygamber'e ölü hayvanların derileri hakkında soruldu.\" O dedi ki: \"Yüzülmesi onu temizler.\""
      }
    },
    {
      "id": 24,
      "idInBook": 24,
      "chapterId": 41,
      "bookId": 3,
      "arabic": "أَخْبَرَنَا عُبَيْدُ اللَّهِ بْنُ سَعْدِ بْنِ إِبْرَاهِيمَ بْنِ سَعْدٍ، قَالَ حَدَّثَنَا عَمِّي، قَالَ حَدَّثَنَا شَرِيكٌ، عَنِ الأَعْمَشِ، عَنْ إِبْرَاهِيمَ، عَنِ الأَسْوَدِ، عَنْ عَائِشَةَ، قَالَتْ سُئِلَ رَسُولُ اللَّهِ صلى الله عليه وسلم عَنْ جُلُودِ الْمَيْتَةِ فَقَالَ ‏\n\"‏ دِبَاغُهَا ذَكَاتُهَا ‏\"‏ ‏.‏",
      "english": {
        "narrator": "It was narrated that 'Aishah said:",
        "text": "\"The Messenger of Allah was asked about the hides of dead animals.\" He said: \"Tanning it purifies it.\""
      },
      "turkish": {
        "narrator": "It was narrated that 'Aishah said:",
        "text": "'Aişe'den rivayet edilmiştir ki: \"Allah'ın Elçisi'ne ölü hayvanların derileri hakkında soruldu.\" O dedi ki: \"Yüzülmesi onu temizler.\""
      }
    },
    {
      "id": 25,
      "idInBook": 25,
      "chapterId": 41,
      "bookId": 3,
      "arabic": "أَخْبَرَنَا أَيُّوبُ بْنُ مُحَمَّدٍ الْوَزَّانُ، قَالَ حَدَّثَنَا حَجَّاجُ بْنُ مُحَمَّدٍ، قَالَ حَدَّثَنَا شَرِيكٌ، عَنِ الأَعْمَشِ، عَنْ إِبْرَاهِيمَ، عَنِ الأَسْوَدِ، عَنْ عَائِشَةَ، عَنِ النَّبِيِّ صلى الله عليه وسلم قَالَ ‏\n\"‏ ذَكَاةُ الْمَيْتَةِ دِبَاغُهَا ‏\"‏ ‏.‏",
      "english": {
        "narrator": "It was narrated from 'Aishah that the Prophet said:",
        "text": "\"The dead animal is purified by tanning it.\""
      },
      "turkish": {
        "narrator": "It was narrated from 'Aishah that the Prophet said:",
        "text": "'Aişe'den rivayet edilmiştir ki: Peygamber dedi ki: \"Ölü hayvan, yüzülmesiyle temizlenir.\""
      }
    },
    {
      "id": 26,
      "idInBook": 26,
      "chapterId": 41,
      "bookId": 3,
      "arabic": "أَخْبَرَنِي إِبْرَاهِيمُ بْنُ يَعْقُوبَ، قَالَ حَدَّثَنَا مَالِكُ بْنُ إِسْمَاعِيلَ، قَالَ حَدَّثَنَا إِسْرَائِيلُ، عَنِ الأَعْمَشِ، عَنْ إِبْرَاهِيمَ، عَنِ الأَسْوَدِ، عَنْ عَائِشَةَ، قَالَتْ قَالَ رَسُولُ اللَّهِ صلى الله عليه وسلم ‏\n\"‏ ذَكَاةُ الْمَيْتَةِ دِبَاغُهَا ‏\"‏ ‏.‏",
      "english": {
        "narrator": "It was narrated that 'Aishah said:",
        "text": "\"The Prophet said: 'The dead animal is purified by tanning it.\"'"
      },
      "turkish": {
        "narrator": "It was narrated that 'Aishah said:",
        "text": "'Aişe'den rivayet edilmiştir ki: \"Peygamber dedi ki: 'Ölü hayvan, yüzülmesiyle temizlenir.'\""
      }
    },
    {
      "id": 27,
      "idInBook": 27,
      "chapterId": 41,
      "bookId": 3,
      "arabic": "أَخْبَرَنَا سُلَيْمَانُ بْنُ دَاوُدَ، عَنِ ابْنِ وَهْبٍ، قَالَ أَخْبَرَنِي عَمْرُو بْنُ الْحَارِثِ، وَاللَّيْثُ بْنُ سَعْدٍ، عَنْ كَثِيرِ بْنِ فَرْقَدٍ، أَنَّ عَبْدَ اللَّهِ بْنَ مَالِكِ بْنِ حُذَافَةَ، حَدَّثَهُ عَنِ الْعَالِيَةِ بِنْتِ سُبَيْعٍ، أَنَّ مَيْمُونَةَ، زَوْجَ النَّبِيِّ صلى الله عليه وسلم حَدَّثَتْهَا أَنَّهُ مَرَّ بِرَسُولِ اللَّهِ صلى الله عليه وسلم رِجَالٌ مِنْ قُرَيْشٍ يَجُرُّونَ شَاةً لَهُمْ مِثْلَ الْحِصَانِ فَقَالَ لَهُمْ رَسُولُ اللَّهِ صلى الله عليه وسلم ‏\"‏ لَوْ أَخَذْتُمْ إِهَابَهَا ‏\"‏ ‏.‏ قَالُوا إِنَّهَا مَيْتَةٌ ‏.‏ فَقَالَ رَسُولُ اللَّهِ صلى الله عليه وسلم ‏\"‏ يُطَهِّرُهَا الْمَاءُ وَالْقَرَظُ ‏\"‏ ‏.‏",
      "english": {
        "narrator": "It was narrated from Maimunah, the wife of the Prophet, that:",
        "text": "some men of Quraish passed by the Messenger of Allah dragging a sheep the size of a donkey. He said to them: \"Why don't you take its skin?\" They said: \"It is dead meat.\" The Messenger of Allah said: \"Purify it with water and Qaraz.\""
      },
      "turkish": {
        "narrator": "It was narrated from Maimunah, the wife of the Prophet, that:",
        "text": "Maimunah, Peygamber'in eşi, şöyle rivayet etmiştir: \"Kureyş'ten bazı adamlar, Allah'ın Elçisi'nin yanından bir eşek büyüklüğünde bir koyun sürükleyerek geçtiler. O onlara dedi ki: 'Neden derisini almıyorsunuz?' Onlar dedi ki: 'Bu ölü ettir.' Allah'ın Elçisi dedi ki: 'Onu su ve Qaraz ile temizleyin.'\""
      }
    },
    {
      "id": 28,
      "idInBook": 28,
      "chapterId": 41,
      "bookId": 3,
      "arabic": "أَخْبَرَنَا إِسْمَاعِيلُ بْنُ مَسْعُودٍ، قَالَ حَدَّثَنَا بِشْرٌ، - يَعْنِي ابْنَ الْمُفَضَّلِ - قَالَ حَدَّثَنَا شُعْبَةُ، عَنِ الْحَكَمِ، عَنِ ابْنِ أَبِي لَيْلَى، عَنْ عَبْدِ اللَّهِ بْنِ عُكَيْمٍ، قَالَ قُرِئَ عَلَيْنَا كِتَابُ رَسُولِ اللَّهِ صلى الله عليه وسلم وَأَنَا غُلاَمٌ شَابٌّ ‏\n\"‏ أَنْ لاَ تَنْتَفِعُوا مِنَ الْمَيْتَةِ بِإِهَابٍ وَلاَ عَصَبٍ ‏\"‏ ‏.‏",
      "english": {
        "narrator": "It was narrated that 'Abdullah bin 'Ukaim said:",
        "text": "\"The letter of the Messenger of Allah was read to us when I was a young boy: 'Do not make use of the skins and sinew of dead animals.\"'"
      },
      "turkish": {
        "narrator": "It was narrated that 'Abdullah bin 'Ukaim said:",
        "text": "Abdullah bin 'Ukaim'den rivayet edilmiştir ki: \"Küçük bir çocukken, Allah'ın Elçisi'nin mektubu bize okundu: 'Ölü hayvanların derilerini ve sinirlerini kullanmayın.'\""
      }
    },
    {
      "id": 29,
      "idInBook": 29,
      "chapterId": 41,
      "bookId": 3,
      "arabic": "أَخْبَرَنَا مُحَمَّدُ بْنُ قُدَامَةَ، قَالَ حَدَّثَنَا جَرِيرٌ، عَنْ مَنْصُورٍ، عَنِ الْحَكَمِ، عَنْ عَبْدِ الرَّحْمَنِ بْنِ أَبِي لَيْلَى، عَنْ عَبْدِ اللَّهِ بْنِ عُكَيْمٍ، قَالَ كَتَبَ إِلَيْنَا رَسُولُ اللَّهِ صلى الله عليه وسلم ‏\n\"‏ أَنْ لاَ تَسْتَمْتِعُوا مِنَ الْمَيْتَةِ بِإِهَابٍ وَلاَ عَصَبٍ ‏\"‏ ‏.‏",
      "english": {
        "narrator": "It was narrated that'Abdullah bin 'Ukaim said:",
        "text": "\"The Messenger of Allah wrote to us: 'Do not make use of the skins and sinew of dead animals.\"'"
      },
      "turkish": {
        "narrator": "It was narrated that'Abdullah bin 'Ukaim said:",
        "text": "Abdullah bin 'Ukaim'den rivayet edilmiştir ki: \"Allah'ın Elçisi bize yazdı: 'Ölü hayvanların derilerini ve sinirlerini kullanmayın.'\""
      }
    },
    {
      "id": 30,
      "idInBook": 30,
      "chapterId": 41,
      "bookId": 3,
      "arabic": "أَخْبَرَنَا عَلِيُّ بْنُ حُجْرٍ، قَالَ حَدَّثَنَا شَرِيكٌ، عَنْ هِلاَلٍ الْوَزَّانِ، عَنْ عَبْدِ اللَّهِ بْنِ عُكَيْمٍ، قَالَ كَتَبَ رَسُولُ اللَّهِ صلى الله عليه وسلم إِلَى جُهَيْنَةَ ‏\n\"‏ أَنْ لاَ تَنْتَفِعُوا مِنَ الْمَيْتَةِ بِإِهَابٍ وَلاَ عَصَبٍ ‏\"‏ ‏.‏ قَالَ أَبُو عَبْدِ الرَّحْمَنِ أَصَحُّ مَا فِي هَذَا الْبَابِ فِي جُلُودِ الْمَيْتَةِ إِذَا دُبِغَتْ حَدِيثُ الزُّهْرِيِّ عَنْ عُبَيْدِ اللَّهِ بْنِ عَبْدِ اللَّهِ عَنِ ابْنِ عَبَّاسٍ عَنْ مَيْمُونَةَ وَاللَّهُ تَعَالَى أَعْلَمُ ‏.‏",
      "english": {
        "narrator": "It was narrated that 'Abdullah bin 'Ukaim said:",
        "text": "\"The Messenger of Allah wrote to Juhainah: 'Do not make use of the skin and sinew of dead animals.\"' (Hasan)\nAbu 'Abdur-Rahman )An-Nasa'i) said: The most correct about this topic, regarding the skins of the dead animal when it is tanned, is the narration of Az-Zuhri, from 'Ubaidullah bin 'Abdullah, from Ibn 'Abbas, from Maimunah, and Allah knows best."
      },
      "turkish": {
        "narrator": "It was narrated that 'Abdullah bin 'Ukaim said:",
        "text": "Abdullah bin 'Ukaim'den rivayet edilmiştir ki: \"Allah'ın Elçisi Cuhayna'ya yazdı: 'Ölü hayvanların derisini ve sinirlerini kullanmayın.'\" (Hasan) Abu 'Abdur-Rahman (An-Nasa'i) dedi ki: Bu konu hakkında, ölü hayvan derileri yüzüldüğünde en doğru olan, Az-Zuhri'nin rivayetidir; 'Ubaidullah bin 'Abdullah'dan, İbn Abbas'tan, Maimunah'dan, ve Allah en iyi bilendir."
      }
    },
    {
      "id": 31,
      "idInBook": 31,
      "chapterId": 41,
      "bookId": 3,
      "arabic": "أَخْبَرَنَا إِسْحَاقُ بْنُ إِبْرَاهِيمَ، قَالَ أَنْبَأَنَا بِشْرُ بْنُ عُمَرَ، قَالَ حَدَّثَنَا مَالِكٌ، ح وَالْحَارِثُ بْنُ مِسْكِينٍ قِرَاءَةً عَلَيْهِ وَأَنَا أَسْمَعُ، عَنِ ابْنِ الْقَاسِمِ، قَالَ حَدَّثَنِي مَالِكٌ، عَنْ يَزِيدَ بْنِ عَبْدِ اللَّهِ بْنِ قُسَيْطٍ، عَنْ مُحَمَّدِ بْنِ عَبْدِ الرَّحْمَنِ، عَنْ أُمِّهِ، عَنْ عَائِشَةَ، أَنَّ رَسُولَ اللَّهِ صلى الله عليه وسلم أَمَرَ أَنْ يُسْتَمْتَعَ بِجُلُودِ الْمَيْتَةِ إِذَا دُبِغَتْ ‏.‏",
      "english": {
        "narrator": "It was narrated from 'Aishah that:",
        "text": "the Messenger of Allah ordered that the hides of dead animals be made use of if they had been tanned. (Daif)"
      },
      "turkish": {
        "narrator": "It was narrated from 'Aishah that:",
        "text": "'Aişe'den rivayet edilmiştir ki: Allah'ın Resulü, ölü hayvanların derilerinin, eğer tabaklanmışlarsa, kullanılmasını emretmiştir. (Daif)"
      }
    },
    {
      "id": 32,
      "idInBook": 32,
      "chapterId": 41,
      "bookId": 3,
      "arabic": "أَخْبَرَنَا عُبَيْدُ اللَّهِ بْنُ سَعِيدٍ، عَنْ يَحْيَى، عَنِ ابْنِ أَبِي عَرُوبَةَ، عَنْ قَتَادَةَ، عَنْ أَبِي الْمَلِيحِ، عَنْ أَبِيهِ، أَنَّ النَّبِيَّ صلى الله عليه وسلم نَهَى عَنْ جُلُودِ السِّبَاعِ ‏.‏",
      "english": {
        "narrator": "It was narrated from Abu Al-Malih, from his father, that:",
        "text": "the Prophet forbade (the use of) the hides of Predators. (Hassan)"
      },
      "turkish": {
        "narrator": "It was narrated from Abu Al-Malih, from his father, that:",
        "text": "Ebu'l-Malih'ten, babasından rivayet edilmiştir ki: Peygamber, yırtıcı hayvanların derilerinin (kullanılmasını) yasaklamıştır. (Hassan)"
      }
    },
    {
      "id": 33,
      "idInBook": 33,
      "chapterId": 41,
      "bookId": 3,
      "arabic": "أَخْبَرَنِي عَمْرُو بْنُ عُثْمَانَ، قَالَ حَدَّثَنَا بَقِيَّةُ، عَنْ بَحِيرٍ، عَنْ خَالِدِ بْنِ مَعْدَانَ، عَنِ الْمِقْدَامِ بْنِ مَعْدِيكَرِبَ، قَالَ نَهَى رَسُولُ اللَّهِ صلى الله عليه وسلم عَنِ الْحَرِيرِ وَالذَّهَبِ وَمَيَاثِرِ النُّمُورِ ‏.‏",
      "english": {
        "narrator": "It was narrated that Al-Miqdam bin Ma di Karib said:",
        "text": "\"The Messenger of Allah forbade silk, gold and saddlecloths (Miyathir) made of leopard skin."
      },
      "turkish": {
        "narrator": "It was narrated that Al-Miqdam bin Ma di Karib said:",
        "text": "Mikdam bin Ma'di Karib'den rivayet edilmiştir ki: \"Allah'ın Resulü, leopar derisinden yapılmış ipek, altın ve eyer örtülerini yasaklamıştır.\""
      }
    },
    {
      "id": 34,
      "idInBook": 34,
      "chapterId": 41,
      "bookId": 3,
      "arabic": "أَخْبَرَنَا عَمْرُو بْنُ عُثْمَانَ، قَالَ حَدَّثَنَا بَقِيَّةُ، عَنْ بَحِيرٍ، عَنْ خَالِدٍ، قَالَ وَفَدَ الْمِقْدَامُ بْنُ مَعْدِيكَرِبَ عَلَى مُعَاوِيَةَ فَقَالَ لَهُ أَنْشُدُكَ بِاللَّهِ هَلْ تَعْلَمُ أَنَّ رَسُولَ اللَّهِ صلى الله عليه وسلم نَهَى عَنْ لُبُوسِ جُلُودِ السِّبَاعِ وَالرُّكُوبِ عَلَيْهَا قَالَ نَعَمْ ‏.‏",
      "english": {
        "narrator": "It was narrated that Khalid said:",
        "text": "\"Al-Miqdam bi8n Ma di Karib came to visit Mu awiyah and said to him: I adjure you by Allah, do you know that the messenger of Allah forbade wearing the Hides of predators and riding on them? He said: 'yes.\""
      },
      "turkish": {
        "narrator": "It was narrated that Khalid said:",
        "text": "Halid'den rivayet edilmiştir ki: \"Mikdam bin Ma'di Karib, Muaviye'yi ziyaret etti ve ona şöyle dedi: 'Seni Allah'a yemin ederim ki, Allah'ın Resulü yırtıcı hayvanların derilerini giymeyi ve bunların üzerinde binmeyi yasakladı.' O da: 'Evet.' dedi.\""
      }
    },
    {
      "id": 35,
      "idInBook": 35,
      "chapterId": 41,
      "bookId": 3,
      "arabic": "أَخْبَرَنَا قُتَيْبَةُ، قَالَ حَدَّثَنَا اللَّيْثُ، عَنْ يَزِيدَ بْنِ أَبِي حَبِيبٍ، عَنْ عَطَاءِ بْنِ أَبِي رَبَاحٍ، عَنْ جَابِرِ بْنِ عَبْدِ اللَّهِ، أَنَّهُ سَمِعَ رَسُولَ اللَّهِ صلى الله عليه وسلم عَامَ الْفَتْحِ وَهُوَ بِمَكَّةَ يَقُولُ ‏\"‏ إِنَّ اللَّهَ عَزَّ وَجَلَّ وَرَسُولَهُ حَرَّمَ بَيْعَ الْخَمْرِ وَالْمَيْتَةِ وَالْخِنْزِيرِ وَالأَصْنَامِ ‏\"‏ ‏.‏ فَقِيلَ يَا رَسُولَ اللَّهِ أَرَأَيْتَ شُحُومَ الْمَيْتَةِ فَإِنَّهُ يُطْلَى بِهَا السُّفُنُ وَيُدَّهَنُ بِهَا الْجُلُودُ وَيَسْتَصْبِحُ بِهَا النَّاسُ ‏.‏ فَقَالَ ‏\"‏ لاَ هُوَ حَرَامٌ ‏\"‏ ‏.‏ فَقَالَ رَسُولُ اللَّهِ صلى الله عليه وسلم عِنْدَ ذَلِكَ ‏\"‏ قَاتَلَ اللَّهُ الْيَهُودَ إِنَّ اللَّهَ عَزَّ وَجَلَّ لَمَّا حَرَّمَ عَلَيْهِمُ الشُّحُومَ جَمَّلُوهُ ثُمَّ بَاعُوهُ فَأَكَلُوا ثَمَنَهُ ‏\"‏ ‏.‏",
      "english": {
        "narrator": "It was narraterd from Jabir bin 'Abdullah that, during the year of the Conquest, while he was in Makkah, he heard the Messenger of Allah say:",
        "text": "\"Allah, the Mighty and Sublime, and His Messenger have forbidden the sale of alcohol, dead meat, pigs and idols.\" It was said to him: \"O Messenger of Allah, what do you think of their fat of dead animals, for it is used to caulk ships, it is daubed on animal skins, and people use it to light their lamps?\" He said: \"No, it is unlawful.\" Then the Messenger of Allah said: \"May Allah, the Mighty and Sublime, curse the Jews, for Allah forbade them the fat (of dead animals) but they rendered it, sold it, and consumed its price.\""
      },
      "turkish": {
        "narrator": "It was narraterd from Jabir bin 'Abdullah that, during the year of the Conquest, while he was in Makkah, he heard the Messenger of Allah say:",
        "text": "Câbir bin Abdullah'dan rivayet edilmiştir ki, Feth yılı Mekkede bulunduğu sırada, Allah'ın Resulü'nün şöyle dediğini duydu: \"Allah, Azze ve Celle, ve Resulü, alkol, ölü et, domuz ve putların satışını yasaklamıştır.\" Kendisine: \"Ey Allah'ın Resulü, ölü hayvanların yağı hakkında ne dersin? Çünkü bu, gemileri sızdırmaz hale getirmek için kullanılır, hayvan derilerine sürülür ve insanlar bunu lambalarını yakmak için kullanır.\" denildi. O da: \"Hayır, bu haramdır.\" dedi. Sonra Allah'ın Resulü şöyle dedi: \"Allah, Azze ve Celle, Yahudileri lanetlesin, çünkü Allah onlara (ölü hayvanların) yağını yasakladı ama onlar onu işleyip, sattılar ve fiyatını yediler.\""
      }
    },
    {
      "id": 36,
      "idInBook": 36,
      "chapterId": 41,
      "bookId": 3,
      "arabic": "أَخْبَرَنَا إِسْحَاقُ بْنُ إِبْرَاهِيمَ، قَالَ أَنْبَأَنَا سُفْيَانُ، عَنْ عَمْرٍو، عَنْ طَاوُسٍ، عَنِ ابْنِ عَبَّاسٍ، قَالَ أُبْلِغَ عُمَرُ أَنَّ سَمُرَةَ، بَاعَ خَمْرًا قَالَ قَاتَلَ اللَّهُ سَمُرَةَ أَلَمْ يَعْلَمْ أَنَّ رَسُولَ اللَّهِ صلى الله عليه وسلم قَالَ ‏\n\"‏ قَاتَلَ اللَّهُ الْيَهُودَ حُرِّمَتْ عَلَيْهِمُ الشُّحُومُ فَجَمَّلُوهَا ‏\"‏ ‏.‏ قَالَ سُفْيَانُ يَعْنِي أَذَابُوهَا ‏.‏",
      "english": {
        "narrator": "It was narrated that Ibn'Abbas said:",
        "text": "\"It reached 'Umar that Samurah had sold some wine, and he said: 'May Allah ruin Samurah! Does he not know that the Messenger of Allah said: May Allah curse the Jews, for animal fat was forbidden to them, but they rendered it.' Sufyan (one of the narrators) said: \"Meaning: They melted it down.\""
      },
      "turkish": {
        "narrator": "It was narrated that Ibn'Abbas said:",
        "text": "İbn Abbas'tan rivayet edilmiştir ki: \"Ömer'e, Samura'nın biraz şarap sattığı ulaşmıştı ve o: 'Allah, Samura'yı helak etsin! Allah'ın Resulü'nün: 'Allah, Yahudileri lanetlesin, çünkü hayvan yağı onlara haram kılındı ama onlar onu işlediler.' dediğini bilmiyor mu?\" dedi. Süfyan (rivayet edenlerden biri) dedi ki: \"Yani: Onlar onu eritip işlediler.\""
      }
    },
    {
      "id": 37,
      "idInBook": 37,
      "chapterId": 41,
      "bookId": 3,
      "arabic": "أَخْبَرَنَا قُتَيْبَةُ، قَالَ حَدَّثَنَا سُفْيَانُ، عَنِ الزُّهْرِيِّ، عَنْ عُبَيْدِ اللَّهِ بْنِ عَبْدِ اللَّهِ، عَنِ ابْنِ عَبَّاسٍ، عَنْ مَيْمُونَةَ، أَنَّ فَأْرَةً، وَقَعَتْ، فِي سَمْنٍ فَمَاتَتْ فَسُئِلَ النَّبِيُّ صلى الله عليه وسلم فَقَالَ ‏\n\"‏ أَلْقُوهَا وَمَا حَوْلَهَا وَكُلُوهُ ‏\"‏ ‏.‏",
      "english": {
        "narrator": "It was narrated from Ibn 'Abbas, form Maimunah, that:",
        "text": "a mouse fell into some cooking fat and died. The Prophet was asked (about that) and he said: \"Throw it away, and whatever  is around it, and eat (the rest).\""
      },
      "turkish": {
        "narrator": "It was narrated from Ibn 'Abbas, form Maimunah, that:",
        "text": "İbn Abbas'tan, Maimuna'dan rivayet edilmiştir ki: Bir fare, biraz pişirme yağının içine düştü ve öldü. Peygamber'e (bu konuda) soruldu ve o: \"Onu ve etrafındakileri atın, gerisini yiyin.\" dedi."
      }
    },
    {
      "id": 38,
      "idInBook": 38,
      "chapterId": 41,
      "bookId": 3,
      "arabic": "أَخْبَرَنَا يَعْقُوبُ بْنُ إِبْرَاهِيمَ الدَّوْرَقِيُّ، وَمُحَمَّدُ بْنُ يَحْيَى بْنِ عَبْدِ اللَّهِ النَّيْسَابُورِيُّ، عَنْ عَبْدِ الرَّحْمَنِ، عَنْ مَالِكٍ، عَنِ الزُّهْرِيِّ، عَنْ عُبَيْدِ اللَّهِ بْنِ عَبْدِ اللَّهِ، عَنِ ابْنِ عَبَّاسٍ، عَنْ مَيْمُونَةَ، أَنَّ النَّبِيَّ صلى الله عليه وسلم سُئِلَ عَنْ فَأْرَةٍ وَقَعَتْ فِي سَمْنٍ جَامِدٍ فَقَالَ ‏\n\"‏ خُذُوهَا وَمَا حَوْلَهَا فَأَلْقُوهُ ‏\"‏ ‏.‏",
      "english": {
        "narrator": "It was narrated from Ibn' Abbas, from Maimunah, that:",
        "text": "the Prophet was asked about a mouse that had fallen into some solid cooking fat. He said. \"Take it, and whatever is around it, and throw it away.\""
      },
      "turkish": {
        "narrator": "It was narrated from Ibn' Abbas, from Maimunah, that:",
        "text": "İbn Abbas'tan, Maimuna'dan rivayet edilmiştir ki: Peygamber'e, katı pişirme yağının içine düşen bir fare hakkında soruldu. O: \"Onu ve etrafındakileri alın, atın.\" dedi."
      }
    },
    {
      "id": 39,
      "idInBook": 39,
      "chapterId": 41,
      "bookId": 3,
      "arabic": "أَخْبَرَنَا خُشَيْشُ بْنُ أَصْرَمَ، قَالَ حَدَّثَنَا عَبْدُ الرَّزَّاقِ، قَالَ أَخْبَرَنِي عَبْدُ الرَّحْمَنِ بْنُ بُؤْذُويَةَ، أَنَّ مَعْمَرًا، ذَكَرَهُ عَنِ الزُّهْرِيِّ، عَنْ عُبَيْدِ اللَّهِ بْنِ عَبْدِ اللَّهِ، عَنِ ابْنِ عَبَّاسٍ، عَنْ مَيْمُونَةَ، عَنِ النَّبِيِّ صلى الله عليه وسلم أَنَّهُ سُئِلَ عَنِ الْفَأْرَةِ تَقَعُ فِي السَّمْنِ فَقَالَ ‏\n\"‏ إِنْ كَانَ جَامِدًا فَأَلْقُوهَا وَمَا حَوْلَهَا وَإِنْ كَانَ مَائِعًا فَلاَ تَقْرَبُوهُ ‏\"‏ ‏.‏",
      "english": {
        "narrator": "It was narrated from Ibn' Abbas, from Maimunah, that:",
        "text": "the Prophet was asked about a mouse that fell into the cooking fat. He said: \"If it (the fat) is solid, then throw it away, and whatever is around it. If it is liquid then do not use it at all.\"(Daif)"
      },
      "turkish": {
        "narrator": "It was narrated from Ibn' Abbas, from Maimunah, that:",
        "text": "İbn Abbas'tan, Maimuna'dan rivayet edilmiştir ki: Peygamber'e, pişirme yağının içine düşen bir fare hakkında soruldu. O: \"Eğer (yağ) katıysa, onu ve etrafındakileri atın. Eğer sıvıysa, onu hiç kullanmayın.\" dedi. (Daif)"
      }
    },
    {
      "id": 40,
      "idInBook": 40,
      "chapterId": 41,
      "bookId": 3,
      "arabic": "أَخْبَرَنَا سَلَمَةُ بْنُ أَحْمَدَ بْنِ سُلَيْمِ بْنِ عُثْمَانَ الْفَوْزِيُّ، قَالَ حَدَّثَنَا جَدِّي الْخَطَّابُ، قَالَ حَدَّثَنَا مُحَمَّدُ بْنُ حِمْيَرٍ، قَالَ حَدَّثَنَا ثَابِتُ بْنُ عَجْلاَنَ، قَالَ سَمِعْتُ سَعِيدَ بْنَ جُبَيْرٍ، يَقُولُ سَمِعْتُ ابْنَ عَبَّاسٍ، يَقُولُ إِنَّ رَسُولَ اللَّهِ صلى الله عليه وسلم مَرَّ بِعَنْزٍ مَيِّتَةٍ فَقَالَ ‏\n\"‏ مَا كَانَ عَلَى أَهْلِ هَذِهِ الشَّاةِ لَوِ انْتَفَعُوا بِإِهَابِهَا ‏\"‏ ‏.‏",
      "english": {
        "narrator": "Ibn ' Abbas said:",
        "text": "\" I heard Sa'eed bin Jubair say: 'The Messenger of Allah passed by a dead goat and said: \"Why didn't the owners of this sheep makes use of its skin?\""
      },
      "turkish": {
        "narrator": "Ibn ' Abbas said:",
        "text": "İbn Abbas dedi ki: \"Sa'id bin Cubeyr'in şöyle dediğini duydum: 'Allah'ın Resulü, ölü bir keçinin yanından geçti ve: \"Bu koyunun sahipleri neden derisini kullanmadılar?\" dedi.\""
      }
    },
    {
      "id": 41,
      "idInBook": 41,
      "chapterId": 41,
      "bookId": 3,
      "arabic": "أَخْبَرَنَا عَمْرُو بْنُ عَلِيٍّ، قَالَ حَدَّثَنَا يَحْيَى، قَالَ حَدَّثَنَا ابْنُ أَبِي ذِئْبٍ، قَالَ حَدَّثَنِي سَعِيدُ بْنُ خَالِدٍ، عَنْ أَبِي سَلَمَةَ، عَنْ أَبِي سَعِيدٍ الْخُدْرِيِّ، عَنِ النَّبِيِّ صلى الله عليه وسلم قَالَ ‏\n\"‏ إِذَا وَقَعَ الذُّبَابُ فِي إِنَاءِ أَحَدِكُمْ فَلْيَمْقُلْهُ ‏\"‏ ‏.‏",
      "english": {
        "narrator": "It was narrated from Abu Sa'eed Al-Khudri that the Prophet said:",
        "text": "\"If a fly falls into the vessel of one of you, let him dip it in,\""
      },
      "turkish": {
        "narrator": "It was narrated from Abu Sa'eed Al-Khudri that the Prophet said:",
        "text": "Ebu Sa'id el-Hudri'den rivayet edilmiştir ki: Peygamber şöyle dedi: \"Eğer bir sinek, sizden birinin kabına düşerse, onu içine daldırsın,\""
      }
    }
  ],
  "chapter": {
    "id": 41,
    "bookId": 3,
    "arabic": "كتاب الفرع والعتيرة",
    "english": "The Book of al-Fara' and al-'Atirah"
  }
}