{
  "id": "ibnmajah",
  "numericId": 6,
  "arabic": {
    "title": "سنن ابن ماجه",
    "author": "الإمام محمد بن يزيد ابن ماجه القزويني",
    "introduction": ""
  },
  "english": {
    "title": "Sunan Ibn Majah",
    "author": "Imam Muhammad ibn Yazid Ibn Majah al-Qazwini",
    "introduction": ""
  },
  "hadithsCount": 4345,
  "chapters": [
    {
      "id": 0,
      "arabic": "كتاب المقدمة",
      "english": "The Book of the Sunnah",
      "hadithsCount": 266,
      "file": "chapters/introduction.json"
    },
    {
      "id": 1,
      "arabic": "كتاب الطهارة وسننها",
      "english": "The Book of Purification and its Sunnah",
      "hadithsCount": 400,
      "file": "chapters/1.json"
    },
    {
      "id": 2,
      "arabic": "كتاب الصلاة",
      "english": "The Book of the Prayer",
      "hadithsCount": 39,
      "file": "chapters/2.json"
    },
    {
      "id": 3,
      "arabic": "كتاب الأذان والسنة فيها",
      "english": "The Book of the Adhan and the Sunnah Regarding It",
      "hadithsCount": 29,
      "file": "chapters/3.json"
    },
    {
      "id": 4,
      "arabic": "كتاب المساجد والجماعات",
      "english": "The Book On The Mosques And The Congregations",
      "hadithsCount": 68,
      "file": "chapters/4.json"
    },
    {
      "id": 5,
      "arabic": "كتاب إقامة الصلاة والسنة فيها",
      "english": "Establishing the Prayer and the Sunnah Regarding Them",
      "hadithsCount": 630,
      "file": "chapters/5.json"
    },
    {
      "id": 6,
      "arabic": "كتاب الجنائز",
      "english": "Chapters Regarding Funerals",
      "hadithsCount": 205,
      "file": "chapters/6.json"
    },
    {
      "id": 7,
      "arabic": "كتاب الصيام",
      "english": "Fasting",
      "hadithsCount": 145,
      "file": "chapters/7.json"
    },
    {
      "id": 8,
      "arabic": "كتاب الزكاة",
      "english": "The Chapters Regarding Zakat",
      "hadithsCount": 62,
      "file": "chapters/8.json"
    },
    {
      "id": 9,
      "arabic": "كتاب النكاح",
      "english": "The Chapters on Marriage",
      "hadithsCount": 171,
      "file": "chapters/9.json"
    },
    {
      "id": 10,
      "arabic": "كتاب الطلاق",
      "english": "The Chapters on Divorce",
      "hadithsCount": 74,
      "file": "chapters/10.json"
    },
    {
      "id": 11,
      "arabic": "كتاب الكفارات",
      "english": "The Chapters on Expiation",
      "hadithsCount": 47,
      "file": "chapters/11.json"
    },
    {
      "id": 12,
      "arabic": "كتاب التجارات",
      "english": "The Chapters on Business Transactions",
      "hadithsCount": 171,
      "file": "chapters/12.json"
    },
    {
      "id": 13,
      "arabic": "كتاب الأحكام",
      "english": "The Chapters on Rulings",
      "hadithsCount": 67,
      "file": "chapters/13.json"
    },
    {
      "id": 14,
      "arabic": "كتاب الهبات",
      "english": "The Chapters on Gifts",
      "hadithsCount": 15,
      "file": "chapters/14.json"
    },
    {
      "id": 15,
      "arabic": "كتاب الصدقات",
      "english": "The Chapters on Charity",
      "hadithsCount": 46,
      "file": "chapters/15.json"
    },
    {
      "id": 16,
      "arabic": "كتاب الرهون",
      "english": "The Chapters on Pawning",
      "hadithsCount": 57,
      "file": "chapters/16.json"
    },
    {
      "id": 17,
      "arabic": "كتاب الشفعة",
      "english": "The Chapters on Pre-emption",
      "hadithsCount": 11,
      "file": "chapters/17.json"
    },
    {
      "id": 18,
      "arabic": "كتاب اللقطة",
      "english": "The Chapters on Lost Property",
      "hadithsCount": 10,
      "file": "chapters/18.json"
    },
    {
      "id": 19,
      "arabic": "كتاب العتق",
      "english": "The Chapters on Manumission (of Slaves)",
      "hadithsCount": 21,
      "file": "chapters/19.json"
    },
    {
      "id": 20,
      "arabic": "كتاب الحدود",
      "english": "The Chapters on Legal Punishments",
      "hadithsCount": 82,
      "file": "chapters/20.json"
    },
    {
      "id": 21,
      "arabic": "كتاب الديات",
      "english": "The Chapters on Blood Money",
      "hadithsCount": 80,
      "file": "chapters/21.json"
    },
    {
      "id": 22,
      "arabic": "كتاب الوصايا",
      "english": "The Chapters on Wills",
      "hadithsCount": 24,
      "file": "chapters/22.json"
    },
    {
      "id": 23,
      "arabic": "كتاب الفرائض",
      "english": "Chapters on Shares of Inheritance",
      "hadithsCount": 34,
      "file": "chapters/23.json"
    },
    {
      "id": 24,
      "arabic": "كتاب الجهاد",
      "english": "The Chapters on Jihad",
      "hadithsCount": 129,
      "file": "chapters/24.json"
    },
    {
      "id": 25,
      "arabic": "كتاب المناسك",
      "english": "Chapters on Hajj Rituals",
      "hadithsCount": 238,
      "file": "chapters/25.json"
    },
    {
      "id": 26,
      "arabic": "كتاب الأضاحي",
      "english": "Chapters on Sacrifices",
      "hadithsCount": 42,
      "file": "chapters/26.json"
    },
    {
      "id": 27,
      "arabic": "كتاب الذبائح",
      "english": "Chapters on Slaughtering",
      "hadithsCount": 38,
      "file": "chapters/27.json"
    },
    {
      "id": 28,
      "arabic": "كتاب الصيد",
      "english": "Chapters on Hunting",
      "hadithsCount": 51,
      "file": "chapters/28.json"
    },
    {
      "id": 29,
      "arabic": "كتاب الأطعمة",
      "english": "Chapters on Food",
      "hadithsCount": 120,
      "file": "chapters/29.json"
    },
    {
      "id": 30,
      "arabic": "كتاب الأشربة",
      "english": "Chapters on Drinks",
      "hadithsCount": 65,
      "file": "chapters/30.json"
    },
    {
      "id": 31,
      "arabic": "كتاب الطب",
      "english": "Chapters on Medicine",
      "hadithsCount": 114,
      "file": "chapters/31.json"
    },
    {
      "id": 32,
      "arabic": "كتاب اللباس",
      "english": "Chapters on Dress",
      "hadithsCount": 107,
      "file": "chapters/32.json"
    },
    {
      "id": 33,
      "arabic": "كتاب الأدب",
      "english": "Etiquette",
      "hadithsCount": 170,
      "file": "chapters/33.json"
    },
    {
      "id": 34,
      "arabic": "كتاب الدعاء",
      "english": "Supplication",
      "hadithsCount": 66,
      "file": "chapters/34.json"
    },
    {
      "id": 35,
      "arabic": "كتاب تعبير الرؤيا",
      "english": "Interpretation of Dreams",
      "hadithsCount": 34,
      "file": "chapters/35.json"
    },
    {
      "id": 36,
      "arabic": "كتاب الفتن",
      "english": "Tribulations",
      "hadithsCount": 175,
      "file": "chapters/36.json"
    },
    {
      "id": 37,
      "arabic": "كتاب الزهد",
      "english": "Zuhd",
      "hadithsCount": 242,
      "file": "chapters/37.json"
    }
  ]
}