{"metadata":{"length":6,"arabic":{"title":"صحيح البخاري","author":"الإمام محمد بن إسماعيل البخاري","introduction":"كتاب صلاة الخوف"},"english":{"title":"Sahih al-Bukhari","author":"Imam Muhammad ibn Ismail al-Bukhari","introduction":"Fear Prayer"}},"hadiths":[{"id":1,"idInBook":1,"chapterId":12,"bookId":1,"arabic":"حَدَّثَنَا أَبُو الْيَمَانِ، قَالَ أَخْبَرَنَا شُعَيْبٌ، عَنِ الزُّهْرِيِّ، قَالَ سَأَلْتُهُ هَلْ صَلَّى النَّبِيُّ صلى الله عليه وسلم يَعْنِي صَلاَةَ الْخَوْفِ قَالَ أَخْبَرَنِي سَالِمٌ أَنَّ عَبْدَ اللَّهِ بْنَ عُمَرَ ـ رضى الله عنهما ـ قَالَ غَزَوْتُ مَعَ رَسُولِ اللَّهِ صلى الله عليه وسلم قِبَلَ نَجْدٍ، فَوَازَيْنَا الْعَدُوَّ فَصَافَفْنَا لَهُمْ فَقَامَ رَسُولُ اللَّهِ صلى الله عليه وسلم يُصَلِّي لَنَا فَقَامَتْ طَائِفَةٌ مَعَهُ تُصَلِّي، وَأَقْبَلَتْ طَائِفَةٌ عَلَى الْعَدُوِّ وَرَكَعَ رَسُولُ اللَّهِ صلى الله عليه وسلم بِمَنْ مَعَهُ، وَسَجَدَ سَجْدَتَيْنِ، ثُمَّ انْصَرَفُوا مَكَانَ الطَّائِفَةِ الَّتِي لَمْ تُصَلِّ، فَجَاءُوا، فَرَكَعَ رَسُولُ اللَّهِ صلى الله عليه وسلم بِهِمْ رَكْعَةً، وَسَجَدَ سَجْدَتَيْنِ ثُمَّ سَلَّمَ، فَقَامَ كُلُّ وَاحِدٍ مِنْهُمْ فَرَكَعَ لِنَفْسِهِ رَكْعَةً وَسَجَدَ سَجْدَتَيْنِ‏.‏","english":{"narrator":"Narrated Shu'aib:","text":"I asked Az-Zuhri, \"Did the Prophet (ﷺ) ever offer the Fear Prayer?\" Az-Zuhri said, \"I was told by Salim \nthat `Abdullah bin `Umar I had said, 'I took part in a holy battle with Allah's Messenger (ﷺ) I in Najd. We \nfaced the enemy and arranged ourselves in rows. Then Allah's Messenger (ﷺ) (p.b.u.h) stood up to lead the \nprayer and one party stood to pray with him while the other faced the enemy. Allah's Messenger (ﷺ) (p.b.u.h) \nand the former party bowed and performed two prostrations. Then that party left and took the place of \nthose who had not prayed. Allah's Messenger (ﷺ) prayed one rak`a (with the latter) and performed two \nprostrations and finished his prayer with Taslim. Then everyone of them bowed once and performed \ntwo prostrations individually.' \""}},{"id":2,"idInBook":2,"chapterId":12,"bookId":1,"arabic":"حَدَّثَنَا سَعِيدُ بْنُ يَحْيَى بْنِ سَعِيدٍ الْقُرَشِيُّ، قَالَ حَدَّثَنِي أَبِي قَالَ، حَدَّثَنَا ابْنُ جُرَيْجٍ، عَنْ مُوسَى بْنِ عُقْبَةَ، عَنْ نَافِعٍ، عَنِ ابْنِ عُمَرَ، نَحْوًا مِنْ قَوْلِ مُجَاهِدٍ إِذَا اخْتَلَطُوا قِيَامًا‏.‏ وَزَادَ ابْنُ عُمَرَ عَنِ النَّبِيِّ صلى الله عليه وسلم ‏\n\"‏ وَإِنْ كَانُوا أَكْثَرَ مِنْ ذَلِكَ فَلْيُصَلُّوا قِيَامًا وَرُكْبَانًا ‏\"‏‏.‏","english":{"narrator":"Narrated Nafi`:","text":"Ibn `Umar said something similar to Mujahid's saying: Whenever (Muslims and non-Muslims) stand \nface to face in battle, the Muslims can pray while standing. Ibn `Umar added, \"The Prophet (ﷺ) said, 'If \nthe number of the enemy is greater than the Muslims, they can pray while standing or riding \n(individually).' \""}},{"id":3,"idInBook":3,"chapterId":12,"bookId":1,"arabic":"حَدَّثَنَا حَيْوَةُ بْنُ شُرَيْحٍ، قَالَ حَدَّثَنَا مُحَمَّدُ بْنُ حَرْبٍ، عَنِ الزُّبَيْدِيِّ، عَنِ الزُّهْرِيِّ، عَنْ عُبَيْدِ اللَّهِ بْنِ عَبْدِ اللَّهِ بْنِ عُتْبَةَ، عَنِ ابْنِ عَبَّاسٍ ـ رضى الله عنهما ـ قَالَ قَامَ النَّبِيُّ صلى الله عليه وسلم وَقَامَ النَّاسُ مَعَهُ، فَكَبَّرَ وَكَبَّرُوا مَعَهُ، وَرَكَعَ وَرَكَعَ نَاسٌ مِنْهُمْ، ثُمَّ سَجَدَ وَسَجَدُوا مَعَهُ، ثُمَّ قَامَ لِلثَّانِيَةِ فَقَامَ الَّذِينَ سَجَدُوا وَحَرَسُوا إِخْوَانَهُمْ، وَأَتَتِ الطَّائِفَةُ الأُخْرَى فَرَكَعُوا وَسَجَدُوا مَعَهُ، وَالنَّاسُ كُلُّهُمْ فِي صَلاَةٍ، وَلَكِنْ يَحْرُسُ بَعْضُهُمْ بَعْضًا‏.‏","english":{"narrator":"Narrated Ibn `Abbas:","text":"Once the Prophet (p.b.u.h) led the fear prayer and the people stood behind him. He said Takbir \n(Allahu-Akbar) and the people said the same. He bowed and some of them bowed. Then he prostrated \nand they also prostrated. Then he stood for the second rak`a and those who had prayed the first rak`a \nleft and guarded their brothers. The second party joined him and performed bowing and prostration \nwith him. All the people were in prayer but they were guarding one another during the prayer."}},{"id":4,"idInBook":4,"chapterId":12,"bookId":1,"arabic":"حَدَّثَنَا يَحْيَى، قَالَ حَدَّثَنَا وَكِيعٌ، عَنْ عَلِيِّ بْنِ مُبَارَكٍ، عَنْ يَحْيَى بْنِ أَبِي كَثِيرٍ، عَنْ أَبِي سَلَمَةَ، عَنْ جَابِرِ بْنِ عَبْدِ اللَّهِ، قَالَ جَاءَ عُمَرُ يَوْمَ الْخَنْدَقِ، فَجَعَلَ يَسُبُّ كُفَّارَ قُرَيْشٍ وَيَقُولُ يَا رَسُولَ اللَّهِ مَا صَلَّيْتُ الْعَصْرَ حَتَّى كَادَتِ الشَّمْسُ أَنْ تَغِيبَ‏.‏ فَقَالَ النَّبِيُّ صلى الله عليه وسلم ‏\n\"‏ وَأَنَا وَاللَّهِ مَا صَلَّيْتُهَا بَعْدُ ‏\"‏‏.‏ قَالَ فَنَزَلَ إِلَى بُطْحَانَ فَتَوَضَّأَ، وَصَلَّى الْعَصْرَ بَعْدَ مَا غَابَتِ الشَّمْسُ، ثُمَّ صَلَّى الْمَغْرِبَ بَعْدَهَا‏.‏","english":{"narrator":"Narrated Jabir bin `Abdullah:","text":"On the day of the Khandaq `Umar came, cursing the disbelievers of Quraish and said, \"O Allah's \nApostle! I have not offered the `Asr prayer and the sun has set.\" The Prophet (ﷺ) replied, \"By Allah! I too, \nhave not offered the prayer yet. \"The Prophet (ﷺ) then went to Buthan, performed ablution and performed \nthe `Asr prayer after the sun had set and then offered the Maghrib prayer after it.\""}},{"id":5,"idInBook":5,"chapterId":12,"bookId":1,"arabic":"حَدَّثَنَا عَبْدُ اللَّهِ بْنُ مُحَمَّدِ بْنِ أَسْمَاءَ، قَالَ حَدَّثَنَا جُوَيْرِيَةُ، عَنْ نَافِعٍ، عَنِ ابْنِ عُمَرَ، قَالَ قَالَ النَّبِيُّ صلى الله عليه وسلم لَنَا لَمَّا رَجَعَ مِنَ الأَحْزَابِ ‏\n\"‏ لاَ يُصَلِّيَنَّ أَحَدٌ الْعَصْرَ إِلاَّ فِي بَنِي قُرَيْظَةَ ‏\"‏‏.‏ فَأَدْرَكَ بَعْضُهُمُ الْعَصْرَ فِي الطَّرِيقِ فَقَالَ بَعْضُهُمْ لاَ نُصَلِّي حَتَّى نَأْتِيَهَا، وَقَالَ بَعْضُهُمْ بَلْ نُصَلِّي لَمْ يُرَدْ مِنَّا ذَلِكَ‏.‏ فَذُكِرَ لِلنَّبِيِّ صلى الله عليه وسلم فَلَمْ يُعَنِّفْ وَاحِدًا مِنْهُمْ‏.‏","english":{"narrator":"Narrated Ibn `Umar:","text":"When the Prophet (ﷺ) returned from the battle of Al-Ahzab (The confederates), he said to us, \"None should offer the 'Asr prayer but at Bani Quraiza.\" The 'Asr prayer became due for some of them on the way. Some of them decided not to offer the Salat but at Bani Quraiza while others decided to offer the Salat on the spot and said that the intention of the Prophet (ﷺ) was not what the former party had understood. And when that was told to the Prophet (ﷺ) he did not blame anyone of them."}},{"id":6,"idInBook":6,"chapterId":12,"bookId":1,"arabic":"حَدَّثَنَا مُسَدَّدٌ، قَالَ حَدَّثَنَا حَمَّادٌ، عَنْ عَبْدِ الْعَزِيزِ بْنِ صُهَيْبٍ، وَثَابِتٍ الْبُنَانِيِّ، عَنْ أَنَسِ بْنِ مَالِكٍ، أَنَّ رَسُولَ اللَّهِ صلى الله عليه وسلم صَلَّى الصُّبْحَ بِغَلَسٍ ثُمَّ رَكِبَ فَقَالَ ‏\n\"‏ اللَّهُ أَكْبَرُ خَرِبَتْ خَيْبَرُ، إِنَّا إِذَا نَزَلْنَا بِسَاحَةِ قَوْمٍ فَسَاءَ صَبَاحُ الْمُنْذَرِينَ ‏\"‏‏.‏ فَخَرَجُوا يَسْعَوْنَ فِي السِّكَكِ وَيَقُولُونَ مُحَمَّدٌ وَالْخَمِيسُ ـ قَالَ وَالْخَمِيسُ الْجَيْشُ ـ فَظَهَرَ عَلَيْهِمْ رَسُولُ اللَّهِ صلى الله عليه وسلم فَقَتَلَ الْمُقَاتِلَةَ وَسَبَى الذَّرَارِيَّ، فَصَارَتْ صَفِيَّةُ لِدِحْيَةَ الْكَلْبِيِّ، وَصَارَتْ لِرَسُولِ اللَّهِ صلى الله عليه وسلم ثُمَّ تَزَوَّجَهَا وَجَعَلَ صَدَاقَهَا عِتْقَهَا‏.‏ فَقَالَ عَبْدُ الْعَزِيزِ لِثَابِتٍ يَا أَبَا مُحَمَّدٍ، أَنْتَ سَأَلْتَ أَنَسًا مَا أَمْهَرَهَا قَالَ أَمْهَرَهَا نَفْسَهَا‏.‏ فَتَبَسَّمَ‏.‏","english":{"narrator":"Narrated Anas bin Malik:","text":"Allah's Messenger (ﷺ) (p.b.u.h) offered the Fajr prayer when it was still dark, then he rode and said, 'Allah \nAkbar! Khaibar is ruined. When we approach near to a nation, the most unfortunate is the morning of \nthose who have been warned.\" The people came out into the streets saying, \"Muhammad and his \narmy.\" Allah's Messenger (ﷺ) vanquished them by force and their warriors were killed; the children and \nwomen were taken as captives. Safiya was taken by Dihya Al-Kalbi and later she belonged to Allah's \nApostle go who married her and her Mahr was her manumission."}}],"chapter":{"id":12,"bookId":1,"arabic":"كتاب صلاة الخوف","english":"Fear Prayer"}}