{
  "metadata": {
    "length": 37,
    "arabic": {
      "title": "صحيح البخاري",
      "author": "الإمام محمد بن إسماعيل البخاري",
      "introduction": "كتاب العيدين"
    },
    "english": {
      "title": "Sahih al-Bukhari",
      "author": "Imam Muhammad ibn Ismail al-Bukhari",
      "introduction": "The Two Festivals (Eids)"
    }
  },
  "hadiths": [
    {
      "id": 1,
      "idInBook": 1,
      "chapterId": 13,
      "bookId": 1,
      "arabic": "حَدَّثَنَا أَبُو الْيَمَانِ، قَالَ أَخْبَرَنَا شُعَيْبٌ، عَنِ الزُّهْرِيِّ، قَالَ أَخْبَرَنِي سَالِمُ بْنُ عَبْدِ اللَّهِ، أَنَّ عَبْدَ اللَّهِ بْنَ عُمَرَ، قَالَ أَخَذَ عُمَرُ جُبَّةً مِنْ إِسْتَبْرَقٍ تُبَاعُ فِي السُّوقِ، فَأَخَذَهَا فَأَتَى رَسُولَ اللَّهِ صلى الله عليه وسلم فَقَالَ يَا رَسُولَ اللَّهِ ابْتَعْ هَذِهِ تَجَمَّلْ بِهَا لِلْعِيدِ وَالْوُفُودِ‏.‏ فَقَالَ لَهُ رَسُولُ اللَّهِ صلى الله عليه وسلم ‏\"‏ إِنَّمَا هَذِهِ لِبَاسُ مَنْ لاَ خَلاَقَ لَهُ ‏\"‏‏.‏ فَلَبِثَ عُمَرُ مَا شَاءَ اللَّهُ أَنْ يَلْبَثَ، ثُمَّ أَرْسَلَ إِلَيْهِ رَسُولُ اللَّهِ صلى الله عليه وسلم بِجُبَّةِ دِيبَاجٍ، فَأَقْبَلَ بِهَا عُمَرُ، فَأَتَى بِهَا رَسُولَ اللَّهِ صلى الله عليه وسلم فَقَالَ يَا رَسُولَ اللَّهِ إِنَّكَ قُلْتَ ‏\"‏ إِنَّمَا هَذِهِ لِبَاسُ مَنْ لاَ خَلاَقَ لَهُ ‏\"‏‏.‏ وَأَرْسَلْتَ إِلَىَّ بِهَذِهِ الْجُبَّةِ فَقَالَ لَهُ رَسُولُ اللَّهِ صلى الله عليه وسلم ‏\"‏ تَبِيعُهَا أَوْ تُصِيبُ بِهَا حَاجَتَكَ ‏\"‏‏.‏",
      "english": {
        "narrator": "Narrated `Abdullah bin `Umar:",
        "text": "`Umar bought a silk cloak from the market, took it to Allah's Messenger (ﷺ) and said, \"O Allah's Messenger (ﷺ)! \nTake it and adorn yourself with it during the `Id and when the delegations visit you.\" Allah's Messenger (ﷺ) \n(p.b.u.h) replied, \"This dress is for those who have no share (in the Hereafter).\" After a long period \nAllah's Messenger (ﷺ) (p.b.u.h) sent to `Umar a cloak of silk brocade. `Umar came to Allah's Messenger (ﷺ) \n(p.b.u.h) with the cloak and said, \"O Allah's Messenger (ﷺ)! You said that this dress was for those who had \nno share (in the Hereafter); yet you have sent me this cloak.\" Allah's Messenger (ﷺ) said to him, \"Sell it and \nfulfill your needs by it.\""
      },
      "turkish": {
        "narrator": "Narrated `Abdullah bin `Umar:",
        "text": "Abdullah bin Umar'dan rivayet edilmiştir: Umar, pazardan bir ipek örtü satın aldı, onu Allah'ın Resulü'ne (ﷺ) götürdü ve \"Ey Allah'ın Resulü (ﷺ)! Bunu al ve bayramda ve elçiler seni ziyaret ettiğinde bununla süslen.\" dedi. Allah'ın Resulü (ﷺ) (s.a.v) cevap verdi: \"Bu elbise, ahirette hiç payı olmayanlar içindir.\" Uzun bir süre sonra, Allah'ın Resulü (ﷺ) (s.a.v) Umar'a bir ipek brokar örtü gönderdi. Umar, Allah'ın Resulü'ne (ﷺ) (s.a.v) örtü ile geldi ve \"Ey Allah'ın Resulü (ﷺ)! Sen bu elbisenin ahirette hiç payı olmayanlar için olduğunu söyledin; ama bana bu örtüyü gönderdin.\" dedi. Allah'ın Resulü (ﷺ) ona, \"Onu sat ve ihtiyaçlarını onunla karşıla.\" dedi."
      }
    },
    {
      "id": 2,
      "idInBook": 2,
      "chapterId": 13,
      "bookId": 1,
      "arabic": "حَدَّثَنَا أَحْمَدُ، قَالَ حَدَّثَنَا ابْنُ وَهْبٍ، قَالَ أَخْبَرَنَا عَمْرٌو، أَنَّ مُحَمَّدَ بْنَ عَبْدِ الرَّحْمَنِ الأَسَدِيَّ، حَدَّثَهُ عَنْ عُرْوَةَ، عَنْ عَائِشَةَ، قَالَتْ دَخَلَ عَلَىَّ رَسُولُ اللَّهِ صلى الله عليه وسلم وَعِنْدِي جَارِيَتَانِ تُغَنِّيَانِ بِغِنَاءِ بُعَاثَ، فَاضْطَجَعَ عَلَى الْفِرَاشِ وَحَوَّلَ وَجْهَهُ، وَدَخَلَ أَبُو بَكْرٍ فَانْتَهَرَنِي وَقَالَ مِزْمَارَةُ الشَّيْطَانِ عِنْدَ النَّبِيِّ صلى الله عليه وسلم فَأَقْبَلَ عَلَيْهِ رَسُولُ اللَّهِ ـ عَلَيْهِ السَّلاَمُ ـ فَقَالَ ‏\"‏ دَعْهُمَا ‏\"‏ فَلَمَّا غَفَلَ غَمَزْتُهُمَا فَخَرَجَتَا‏.‏ وَكَانَ يَوْمَ عِيدٍ يَلْعَبُ السُّودَانُ بِالدَّرَقِ وَالْحِرَابِ، فَإِمَّا سَأَلْتُ النَّبِيَّ صلى الله عليه وسلم وَإِمَّا قَالَ ‏\"‏ تَشْتَهِينَ تَنْظُرِينَ ‏\"‏‏.‏ فَقُلْتُ نَعَمْ‏.‏ فَأَقَامَنِي وَرَاءَهُ خَدِّي عَلَى خَدِّهِ، وَهُوَ يَقُولُ ‏\"‏ دُونَكُمْ يَا بَنِي أَرْفِدَةَ ‏\"‏‏.‏ حَتَّى إِذَا مَلِلْتُ قَالَ ‏\"‏ حَسْبُكِ ‏\"‏‏.‏ قُلْتُ نَعَمْ‏.‏ قَالَ ‏\"‏ فَاذْهَبِي ‏\"‏‏.‏",
      "english": {
        "narrator": "Narrated Aisha:",
        "text": "Allah's Messenger (ﷺ) (p.b.u.h) came to my house while two girls were singing beside me the songs of Buath \n(a story about the war between the two tribes of the Ansar, the Khazraj and the Aus, before Islam). \nThe Prophet (p.b.u.h) lay down and turned his face to the other side. Then Abu Bakr came and spoke \nto me harshly saying, \"Musical instruments of Satan near the Prophet (p.b.u.h) ?\" Allah's Messenger (ﷺ) \n(p.b.u.h) turned his face towards him and said, \"Leave them.\" When Abu Bakr became inattentive, I \nsignaled to those girls to go out and they left. It was the day of `Id, and the Black people were playing \nwith shields and spears; so either I requested the Prophet (p.b.u.h) or he asked me whether I would \nlike to see the display. I replied in the affirmative. Then the Prophet (p.b.u.h) made me stand behind \nhim and my cheek was touching his cheek and he was saying, \"Carry on! O Bani Arfida,\" till I got \ntired. The Prophet (p.b.u.h) asked me, \"Are you satisfied (Is that sufficient for you)?\" I replied in the \naffirmative and he told me to leave."
      },
      "turkish": {
        "narrator": "Narrated Aisha:",
        "text": "Aisha'dan rivayet edilmiştir: Allah'ın Resulü (ﷺ) (s.a.v) evime geldiğinde, yanımda iki kız Buath şarkılarını söylüyordu (İslam'dan önceki Khazraj ve Aus kabileleri arasındaki savaşı anlatan bir hikaye). Peygamber (s.a.v) uzandı ve yüzünü diğer tarafa çevirdi. Sonra Ebu Bekir geldi ve bana sert bir şekilde konuşarak, \"Peygamber (s.a.v) yanında şeytan müzik aletleri mi var?\" dedi. Allah'ın Resulü (ﷺ) (s.a.v) yüzünü ona döndü ve \"Onları bırak.\" dedi. Ebu Bekir dikkatsizleşince, ben o kızlara dışarı çıkmaları için işaret ettim ve çıktılar. O gün bayramdı ve siyah insanlar kalkan ve mızraklarla oynuyorlardı; ya ben Peygamber (s.a.v)'den ya da o bana gösteri görmek isteyip istemediğimi sordu. Ben olumlu yanıt verdim. Sonra Peygamber (s.a.v) beni arkasında durdurdu ve yanağım yanağına değiyordu ve \"Devam et! Ey Beni Arfida,\" diyordu, ta ki ben yoruluncaya kadar. Peygamber (s.a.v) bana, \"Memnun musun (bu senin için yeterli mi)?\" diye sordu. Ben olumlu yanıt verdim ve bana gitmemi söyledi."
      }
    },
    {
      "id": 3,
      "idInBook": 3,
      "chapterId": 13,
      "bookId": 1,
      "arabic": "حَدَّثَنَا حَجَّاجٌ، قَالَ حَدَّثَنَا شُعْبَةُ، قَالَ أَخْبَرَنِي زُبَيْدٌ، قَالَ سَمِعْتُ الشَّعْبِيَّ، عَنِ الْبَرَاءِ، قَالَ سَمِعْتُ النَّبِيَّ صلى الله عليه وسلم يَخْطُبُ فَقَالَ ‏\n\"‏ إِنَّ أَوَّلَ مَا نَبْدَأُ مِنْ يَوْمِنَا هَذَا أَنْ نُصَلِّيَ، ثُمَّ نَرْجِعَ فَنَنْحَرَ، فَمَنْ فَعَلَ فَقَدْ أَصَابَ سُنَّتَنَا ‏\"‏‏.‏",
      "english": {
        "narrator": "Narrated Al-Bara':",
        "text": "I heard the Prophet (p.b.u.h) delivering a Khutba saying, \"The first thing to be done on this day (first \nday of `Id ul Adha) is to pray; and after returning from the prayer we slaughter our sacrifices (in the \nname of Allah) and whoever does so, he acted according to our Sunna (traditions).\""
      },
      "turkish": {
        "narrator": "Narrated Al-Bara':",
        "text": "Al-Bara'dan rivayet edilmiştir: Peygamber (s.a.v)'in bir hutbe verirken, \"Bu günde (Kurban Bayramı'nın ilk günü) yapılacak ilk şey namaz kılmaktır; ve namazdan döndükten sonra kurbanlarımızı (Allah'ın adıyla) keseriz ve bunu yapan, bizim sünnetimize (geleneklerimize) uymuş olur.\" dediğini duydum."
      }
    },
    {
      "id": 4,
      "idInBook": 4,
      "chapterId": 13,
      "bookId": 1,
      "arabic": "حَدَّثَنَا عُبَيْدُ بْنُ إِسْمَاعِيلَ، قَالَ حَدَّثَنَا أَبُو أُسَامَةَ، عَنْ هِشَامٍ، عَنْ أَبِيهِ، عَنْ عَائِشَةَ ـ رضى الله عنها ـ قَالَتْ دَخَلَ أَبُو بَكْرٍ وَعِنْدِي جَارِيَتَانِ مِنْ جَوَارِي الأَنْصَارِ تُغَنِّيَانِ بِمَا تَقَاوَلَتِ الأَنْصَارُ يَوْمَ بُعَاثَ ـ قَالَتْ وَلَيْسَتَا بِمُغَنِّيَتَيْنِ ـ فَقَالَ أَبُو بَكْرٍ أَمَزَامِيرُ الشَّيْطَانِ فِي بَيْتِ رَسُولِ اللَّهِ صلى الله عليه وسلم وَذَلِكَ فِي يَوْمِ عِيدٍ‏.‏ فَقَالَ رَسُولُ اللَّهِ صلى الله عليه وسلم ‏\n\"‏ يَا أَبَا بَكْرٍ إِنَّ لِكُلِّ قَوْمٍ عِيدًا، وَهَذَا عِيدُنَا ‏\"‏‏.‏",
      "english": {
        "narrator": "Narrated Aisha:",
        "text": "Abu Bakr came to my house while two small Ansari girls were singing beside me the stories of the \nAnsar concerning the Day of Buath. And they were not singers. Abu Bakr said protestingly, \"Musical \ninstruments of Satan in the house of Allah's Messenger (ﷺ) !\" It happened on the `Id day and Allah's Messenger (ﷺ) \nsaid, \"O Abu Bakr! There is an `Id for every nation and this is our `Id.\""
      },
      "turkish": {
        "narrator": "Narrated Aisha:",
        "text": "Aisha'dan rivayet edilmiştir: Ebu Bekir, evime geldiğinde iki küçük Ensar kızı yanımda Buath günü hikayelerini şarkı söylüyordu. Ve onlar şarkıcı değildi. Ebu Bekir itiraz ederek, \"Allah'ın Resulü'nün (ﷺ) evinde şeytan müzik aletleri mi var!\" dedi. Bu, bayram günü oldu ve Allah'ın Resulü (ﷺ) \"Ey Ebu Bekir! Her milletin bir bayramı vardır ve bu bizim bayramımızdır.\" dedi."
      }
    },
    {
      "id": 5,
      "idInBook": 5,
      "chapterId": 13,
      "bookId": 1,
      "arabic": "حَدَّثَنَا مُحَمَّدُ بْنُ عَبْدِ الرَّحِيمِ، حَدَّثَنَا سَعِيدُ بْنُ سُلَيْمَانَ، قَالَ حَدَّثَنَا هُشَيْمٌ، قَالَ أَخْبَرَنَا عُبَيْدُ اللَّهِ بْنُ أَبِي بَكْرِ بْنِ أَنَسٍ، عَنْ أَنَسٍ، قَالَ كَانَ رَسُولُ اللَّهِ صلى الله عليه وسلم لاَ يَغْدُو يَوْمَ الْفِطْرِ حَتَّى يَأْكُلَ تَمَرَاتٍ‏.‏ وَقَالَ مُرَجَّى بْنُ رَجَاءٍ حَدَّثَنِي عُبَيْدُ اللَّهِ قَالَ حَدَّثَنِي أَنَسٌ عَنِ النَّبِيِّ صلى الله عليه وسلم وَيَأْكُلُهُنَّ وِتْرًا‏.‏",
      "english": {
        "narrator": "Narrated Anas bin Malik:",
        "text": "Allah's Messenger (ﷺ) never proceeded (for the prayer) on the Day of `Id-ul-Fitr unless he had eaten some \ndates. Anas also narrated: The Prophet (ﷺ) used to eat odd number of dates."
      },
      "turkish": {
        "narrator": "Narrated Anas bin Malik:",
        "text": "Anas bin Malik'ten rivayet edilmiştir: Allah'ın Resulü (ﷺ) hiçbir zaman Bayram günü (İd-ul-Fitr) namazına gitmeden önce birkaç hurma yemezdi. Anas ayrıca şunu da rivayet etti: Peygamber (ﷺ) tek sayıda hurma yerdi."
      }
    },
    {
      "id": 6,
      "idInBook": 6,
      "chapterId": 13,
      "bookId": 1,
      "arabic": "حَدَّثَنَا مُسَدَّدٌ، قَالَ حَدَّثَنَا إِسْمَاعِيلُ، عَنْ أَيُّوبَ، عَنْ مُحَمَّدٍ، عَنْ أَنَسٍ، قَالَ قَالَ النَّبِيُّ صلى الله عليه وسلم ‏\n\"‏ مَنْ ذَبَحَ قَبْلَ الصَّلاَةِ فَلْيُعِدْ ‏\"‏‏.‏ فَقَامَ رَجُلٌ فَقَالَ هَذَا يَوْمٌ يُشْتَهَى فِيهِ اللَّحْمُ‏.‏ وَذَكَرَ مِنْ جِيرَانِهِ فَكَأَنَّ النَّبِيَّ صلى الله عليه وسلم صَدَّقَهُ، قَالَ وَعِنْدِي جَذَعَةٌ أَحَبُّ إِلَىَّ مِنْ شَاتَىْ لَحْمٍ، فَرَخَّصَ لَهُ النَّبِيُّ صلى الله عليه وسلم فَلاَ أَدْرِي أَبَلَغَتِ الرُّخْصَةُ مَنْ سِوَاهُ أَمْ لاَ‏.‏",
      "english": {
        "narrator": "Narrated Anas:",
        "text": "The Prophet (ﷺ) said, \"Whoever slaughtered (his sacrifice) before the `Id prayer, should slaughter again.\" \nA man stood up and said, \"This is the day on which one has desire for meat,\" and he mentioned \nsomething about his neighbors. It seemed that the Prophet (ﷺ) I believed him. Then the same man added, \n\"I have a young she-goat which is dearer to me than the meat of two sheep.\" The Prophet (ﷺ) permitted \nhim to slaughter it as a sacrifice. I do not know whether that permission was valid only for him or for \nothers as well."
      },
      "turkish": {
        "narrator": "Narrated Anas:",
        "text": "Anas'tan rivayet edilmiştir: Peygamber (ﷺ) dedi ki: \"Kim (kurbanını) İd namazından önce keserse, tekrar kesmelidir.\" Bir adam ayağa kalktı ve \"Bu, et arzusunun olduğu gündür,\" dedi ve komşularıyla ilgili bir şeyler söyledi. Peygamber (ﷺ) ona inandı gibi görünüyordu. Sonra aynı adam ekledi, \"Bende iki koyunun etinden daha değerli olan bir genç dişi keçi var.\" Peygamber (ﷺ) ona onu kurban etmesine izin verdi. O iznin sadece onun için mi yoksa başkaları için de geçerli olup olmadığını bilmiyorum."
      }
    },
    {
      "id": 7,
      "idInBook": 7,
      "chapterId": 13,
      "bookId": 1,
      "arabic": "حَدَّثَنَا عُثْمَانُ، قَالَ حَدَّثَنَا جَرِيرٌ، عَنْ مَنْصُورٍ، عَنِ الشَّعْبِيِّ، عَنِ الْبَرَاءِ بْنِ عَازِبٍ ـ رضى الله عنهما ـ قَالَ خَطَبَنَا النَّبِيُّ صلى الله عليه وسلم يَوْمَ الأَضْحَى بَعْدَ الصَّلاَةِ فَقَالَ ‏\"‏ مَنْ صَلَّى صَلاَتَنَا وَنَسَكَ نُسُكَنَا فَقَدْ أَصَابَ النُّسُكَ، وَمَنْ نَسَكَ قَبْلَ الصَّلاَةِ فَإِنَّهُ قَبْلَ الصَّلاَةِ، وَلاَ نُسُكَ لَهُ ‏\"‏‏.‏ فَقَالَ أَبُو بُرْدَةَ بْنُ نِيَارٍ خَالُ الْبَرَاءِ يَا رَسُولَ اللَّهِ، فَإِنِّي نَسَكْتُ شَاتِي قَبْلَ الصَّلاَةِ، وَعَرَفْتُ أَنَّ الْيَوْمَ يَوْمُ أَكْلٍ وَشُرْبٍ، وَأَحْبَبْتُ أَنْ تَكُونَ شَاتِي أَوَّلَ مَا يُذْبَحُ فِي بَيْتِي، فَذَبَحْتُ شَاتِي وَتَغَدَّيْتُ قَبْلَ أَنْ آتِيَ الصَّلاَةَ‏.‏ قَالَ ‏\"‏ شَاتُكَ شَاةُ لَحْمٍ ‏\"‏‏.‏ قَالَ يَا رَسُولَ اللَّهِ، فَإِنَّ عِنْدَنَا عَنَاقًا لَنَا جَذَعَةً هِيَ أَحَبُّ إِلَىَّ مِنْ شَاتَيْنِ، أَفَتَجْزِي عَنِّي قَالَ ‏\"‏ نَعَمْ، وَلَنْ تَجْزِيَ عَنْ أَحَدٍ بَعْدَكَ ‏\"‏‏.‏",
      "english": {
        "narrator": "Narrated Al-Bara' bin `Azib:",
        "text": "The Prophet (ﷺ) delivered the Khutba after offering the prayer on the Day of Nahr and said, \"Whoever \noffers the prayer like us and slaughters like us then his Nusuk (sacrifice) will be accepted by Allah. \nAnd whoever slaughters his sacrifice before the `Id prayer then he has not done the sacrifice.\" Abi \nBurda bin Niyar, the uncle of Al-Bara' said, \"O Allah's Messenger (ﷺ)! I have slaughtered my sheep before \nthe `Id prayer and I thought today as a day of eating and drinking (not alcoholic drinks), and I liked \nthat my sheep should be the first to be slaughtered in my house. So slaughtered my sheep and took my \nfood before coming for the prayer.\" The Prophet (ﷺ) said, \"The sheep which you have slaughtered is just \nmutton (not a Nusuk).\" He (Abu Burda) said, \"O Allah's Messenger (ﷺ)! I have a young she-goat which is \ndearer to me than two sheep. Will that be sufficient as a Nusuk on my behalf? \"The Prophet (p.b.u.h) \nsaid, \"Yes, it will be sufficient for you but it will not be sufficient (as a Nusuk) for anyone else after \nyou.\""
      },
      "turkish": {
        "narrator": "Narrated Al-Bara' bin `Azib:",
        "text": "Al-Bara' bin Azib'den rivayet edilmiştir: Peygamber (ﷺ) Nahr günü namazdan sonra hutbe verdi ve \"Kim bizim gibi namaz kılar ve bizim gibi kurban keserse, onun Nusuk'u (kurbanı) Allah tarafından kabul edilir. Kim İd namazından önce kurbanını keserse, o kurbanı kesmemiştir.\" dedi. Al-Bara'nın amcası Ebu Burda bin Niyar, \"Ey Allah'ın Resulü (ﷺ)! Ben İd namazından önce koyunumu kestim ve bugün yemek ve içmek (alkolsüz içecekler) günü olarak düşündüm ve koyunumu evimde ilk kesilen kurban olmasını istedim. Bu yüzden koyunumu kestim ve namazdan önce yiyeceğimi aldım.\" dedi. Peygamber (ﷺ) \"Kestiğin koyun sadece et (Nusuk değil).\" dedi. O (Ebu Burda) \"Ey Allah'ın Resulü (ﷺ)! Bende iki koyundan daha değerli olan bir genç dişi keçi var. Bu benim için Nusuk olarak yeterli olur mu?\" dedi. Peygamber (s.a.v) \"Evet, senin için yeterli olur ama başkaları için yeterli olmayacaktır.\" dedi."
      }
    },
    {
      "id": 8,
      "idInBook": 8,
      "chapterId": 13,
      "bookId": 1,
      "arabic": "حَدَّثَنَا سَعِيدُ بْنُ أَبِي مَرْيَمَ، قَالَ حَدَّثَنَا مُحَمَّدُ بْنُ جَعْفَرٍ، قَالَ أَخْبَرَنِي زَيْدٌ، عَنْ عِيَاضِ بْنِ عَبْدِ اللَّهِ بْنِ أَبِي سَرْحٍ، عَنْ أَبِي سَعِيدٍ الْخُدْرِيِّ، قَالَ كَانَ رَسُولُ اللَّهِ صلى الله عليه وسلم يَخْرُجُ يَوْمَ الْفِطْرِ وَالأَضْحَى إِلَى الْمُصَلَّى، فَأَوَّلُ شَىْءٍ يَبْدَأُ بِهِ الصَّلاَةُ ثُمَّ يَنْصَرِفُ، فَيَقُومُ مُقَابِلَ النَّاسِ، وَالنَّاسُ جُلُوسٌ عَلَى صُفُوفِهِمْ، فَيَعِظُهُمْ وَيُوصِيهِمْ وَيَأْمُرُهُمْ، فَإِنْ كَانَ يُرِيدُ أَنْ يَقْطَعَ بَعْثًا قَطَعَهُ، أَوْ يَأْمُرَ بِشَىْءٍ أَمَرَ بِهِ، ثُمَّ يَنْصَرِفُ‏.‏ قَالَ أَبُو سَعِيدٍ فَلَمْ يَزَلِ النَّاسُ عَلَى ذَلِكَ حَتَّى خَرَجْتُ مَعَ مَرْوَانَ وَهْوَ أَمِيرُ الْمَدِينَةِ فِي أَضْحًى أَوْ فِطْرٍ، فَلَمَّا أَتَيْنَا الْمُصَلَّى إِذَا مِنْبَرٌ بَنَاهُ كَثِيرُ بْنُ الصَّلْتِ، فَإِذَا مَرْوَانُ يُرِيدُ أَنْ يَرْتَقِيَهُ قَبْلَ أَنْ يُصَلِّيَ، فَجَبَذْتُ بِثَوْبِهِ فَجَبَذَنِي فَارْتَفَعَ، فَخَطَبَ قَبْلَ الصَّلاَةِ، فَقُلْتُ لَهُ غَيَّرْتُمْ وَاللَّهِ‏.‏ فَقَالَ أَبَا سَعِيدٍ، قَدْ ذَهَبَ مَا تَعْلَمُ‏.‏ فَقُلْتُ مَا أَعْلَمُ وَاللَّهِ خَيْرٌ مِمَّا لاَ أَعْلَمُ‏.‏ فَقَالَ إِنَّ النَّاسَ لَمْ يَكُونُوا يَجْلِسُونَ لَنَا بَعْدَ الصَّلاَةِ فَجَعَلْتُهَا قَبْلَ الصَّلاَةِ‏.‏",
      "english": {
        "narrator": "Narrated Abu Sa`id Al-Khudri:",
        "text": "The Prophet (ﷺ) used to proceed to the Musalla on the days of Id-ul-Fitr and Id-ul-Adha; the first thing to \nbegin with was the prayer and after that he would stand in front of the people and the people would \nkeep sitting in their rows. Then he would preach to them, advise them and give them orders, (i.e. \nKhutba). And after that if he wished to send an army for an expedition, he would do so; or if he \nwanted to give and order, he would do so, and then depart. The people followed this tradition till I \nwent out with Marwan, the Governor of Medina, for the prayer of Id-ul-Adha or Id-ul-Fitr. \nWhen we reached the Musalla, there was a pulpit made by Kathir bin As-Salt. Marwan wanted to get \nup on that pulpit before the prayer. I got hold of his clothes but he pulled them and ascended the pulpit \nand delivered the Khutba before the prayer. I said to him, \"By Allah, you have changed (the Prophet's \ntradition).\" He replied, \"O Abu Sa`id! Gone is that which you know.\" I said, \"By Allah! What I know \nis better than what I do not know.\" Marwan said, \"People do not sit to listen to our Khutba after the \nprayer, so I delivered the Khutba before the prayer.\""
      },
      "turkish": {
        "narrator": "Narrated Abu Sa`id Al-Khudri:",
        "text": "Ebu Sa'id El-Hudri'den rivayet edilmiştir: Peygamber (ﷺ) İd-ul-Fitr ve İd-ul-Adha günlerinde Musalla'ya giderdi; ilk olarak namaz kılardı ve ardından halkın önünde durarak halk otururdu. Sonra onlara vaaz eder, nasihat eder ve emirler verirdi (yani hutbe). Ve daha sonra eğer bir ordu göndermek isterse, bunu yapardı; ya da bir emir vermek isterse, bunu yapar ve sonra ayrılırdı. İnsanlar bu geleneği takip ettiler ta ki ben Marvan ile birlikte İd-ul-Adha veya İd-ul-Fitr namazı için dışarı çıktım. Musalla'ya vardığımızda, Kathir bin As-Salt tarafından yapılmış bir minber vardı. Marvan, namazdan önce o minbere çıkmak istedi. Ben elbiselerinden tuttum ama o çekti ve minbere çıktı ve namazdan önce hutbe verdi. Ben ona, \"Vallahi, sen (Peygamberin) geleneğini değiştirdin.\" dedim. O da, \"Ey Ebu Sa'id! Bildiğin gitti.\" dedi. Ben de, \"Vallahi! Bildiğim, bilmediğimden daha iyidir.\" dedim. Marvan, \"İnsanlar namazdan sonra hutbemizi dinlemek için oturmuyorlar, bu yüzden hutbeyi namazdan önce verdim.\" dedi."
      }
    },
    {
      "id": 9,
      "idInBook": 9,
      "chapterId": 13,
      "bookId": 1,
      "arabic": "حَدَّثَنَا إِبْرَاهِيمُ بْنُ الْمُنْذِرِ، قَالَ حَدَّثَنَا أَنَسٌ، عَنْ عُبَيْدِ اللَّهِ، عَنْ نَافِعٍ، عَنْ عَبْدِ اللَّهِ بْنِ عُمَرَ،‏.‏ أَنَّ رَسُولَ اللَّهِ صلى الله عليه وسلم كَانَ يُصَلِّي فِي الأَضْحَى وَالْفِطْرِ، ثُمَّ يَخْطُبُ بَعْدَ الصَّلاَةِ‏.‏",
      "english": {
        "narrator": "Narrated `Abdullah bin `Umar:",
        "text": "Allah's Messenger (ﷺ) used to offer the prayer of `Id-ul-Adha and `Id-ul-Fitr and then deliver the Khutba \nafter the prayer."
      },
      "turkish": {
        "narrator": "Narrated `Abdullah bin `Umar:",
        "text": "Abdullah bin Umar'dan rivayet edilmiştir: Allah'ın Resulü (ﷺ), İd-ul-Adha ve İd-ul-Fitr namazını kılar ve sonra namazdan sonra hutbe verirdi."
      }
    },
    {
      "id": 10,
      "idInBook": 10,
      "chapterId": 13,
      "bookId": 1,
      "arabic": "حَدَّثَنَا إِبْرَاهِيمُ بْنُ مُوسَى، قَالَ أَخْبَرَنَا هِشَامٌ، أَنَّ ابْنَ جُرَيْجٍ، أَخْبَرَهُمْ قَالَ أَخْبَرَنِي عَطَاءٌ، عَنْ جَابِرِ بْنِ عَبْدِ اللَّهِ، قَالَ سَمِعْتُهُ يَقُولُ إِنَّ النَّبِيَّ صلى الله عليه وسلم خَرَجَ يَوْمَ الْفِطْرِ، فَبَدَأَ بِالصَّلاَةِ قَبْلَ الْخُطْبَةِ‏.‏ قَالَ وَأَخْبَرَنِي عَطَاءٌ، أَنَّ ابْنَ عَبَّاسٍ، أَرْسَلَ إِلَى ابْنِ الزُّبَيْرِ فِي أَوَّلِ مَا بُويِعَ لَهُ إِنَّهُ لَمْ يَكُنْ يُؤَذَّنُ بِالصَّلاَةِ يَوْمَ الْفِطْرِ، إِنَّمَا الْخُطْبَةُ بَعْدَ الصَّلاَةِ‏.‏ وَأَخْبَرَنِي عَطَاءٌ، عَنِ ابْنِ عَبَّاسٍ، وَعَنْ جَابِرِ بْنِ عَبْدِ اللَّهِ، قَالاَ لَمْ يَكُنْ يُؤَذَّنُ يَوْمَ الْفِطْرِ وَلاَ يَوْمَ الأَضْحَى‏.‏ وَعَنْ جَابِرِ بْنِ عَبْدِ اللَّهِ، قَالَ سَمِعْتُهُ يَقُولُ إِنَّ النَّبِيَّ صلى الله عليه وسلم قَامَ فَبَدَأَ بِالصَّلاَةِ، ثُمَّ خَطَبَ النَّاسَ بَعْدُ، فَلَّمَا فَرَغَ نَبِيُّ اللَّهِ صلى الله عليه وسلم نَزَلَ فَأَتَى النِّسَاءَ، فَذَكَّرَهُنَّ وَهْوَ يَتَوَكَّأُ عَلَى يَدِ بِلاَلٍ، وَبِلاَلٌ بَاسِطٌ ثَوْبَهُ، يُلْقِي فِيهِ النِّسَاءُ صَدَقَةً‏.‏ قُلْتُ لِعَطَاءٍ أَتَرَى حَقًّا عَلَى الإِمَامِ الآنَ أَنْ يَأْتِيَ النِّسَاءَ فَيُذَكِّرَهُنَّ حِينَ يَفْرُغُ قَالَ إِنَّ ذَلِكَ لَحَقٌّ عَلَيْهِمْ، وَمَا لَهُمْ أَنْ لاَ يَفْعَلُوا",
      "english": {
        "narrator": "Narrated Ibn Juraij:",
        "text": "`Ata' said, \"Jabir bin `Abdullah said, 'The Prophet (ﷺ) went out on the Day of `Id-ul-Fitr and offered the \nprayer before delivering the Khutba, Ata told me that during the early days of Ibn Az-Zubair, Ibn \n`Abbas had sent a message to him telling him that the Adhan for the `Id Prayer was never pronounced \n(in the life time of Allah's Messenger (ﷺ)) and the Khutba used to be delivered after the prayer. Ata told me \nthat Ibn `Abbas and Jabir bin `Abdullah, had said, \"There was no Adhan for the prayer of `Id-ul-Fitr \nand `Id-ul-Aqha.\" `Ata' said, \"I heard Jabir bin `Abdullah saying, 'The Prophet (ﷺ) stood up and started \nwith the prayer, and after it he delivered the Khutba. When the Prophet (ﷺ) of Allah (p.b.u.h) finished (the \nKhutba), he went to the women and preached to them, while he was leaning on Bilal's hand. Bilal was \nspreading his garment and the ladies were putting alms in it.' \" I said to Ata, \"Do you think it \nincumbent upon an Imam to go to the women and preach to them after finishing the prayer and \nKhutba?\" `Ata' said, \"No doubt it is incumbent on Imams to do so, and why should they not do so?\""
      },
      "turkish": {
        "narrator": "Narrated Ibn Juraij:",
        "text": "İbn Juraij'den rivayet edilmiştir: Ata dedi ki, \"Cabir bin Abdullah dedi ki, 'Peygamber (ﷺ) İd-ul-Fitr günü dışarı çıktı ve hutbeden önce namaz kıldı. Ata, İbn Az-Zubair'in ilk günlerinde İbn Abbas'ın ona, İd Namazı için Ezan'ın asla okunmadığını (Allah'ın Resulü (ﷺ) döneminde) ve hutbenin namazdan sonra verildiğini bildirdiğini söyledi. Ata, İbn Abbas ve Cabir bin Abdullah'ın, \"İd-ul-Fitr ve İd-ul-Aqha namazı için Ezan yoktu.\" dediğini söyledi. Ata, \"Cabir bin Abdullah'ın, 'Peygamber (ﷺ) ayağa kalktı ve namaza başladı, sonra hutbe verdi. Allah'ın Resulü (s.a.v) hutbeyi bitirdikten sonra kadınların yanına gitti ve onlara vaaz etti, Bilal'ın eline dayanarak. Bilal, elbisesini yayıyordu ve kadınlar ona sadaka veriyorlardı.\" dediğini duydum. Ben Ata'ya, \"Sence bir İmam'ın namaz ve hutbe bittikten sonra kadınların yanına gidip onlara vaaz etmesi gerekli midir?\" dedim. Ata, \"Şüphesiz ki İmamların bunu yapması gereklidir, neden yapmasınlar?\" dedi."
      }
    },
    {
      "id": 11,
      "idInBook": 11,
      "chapterId": 13,
      "bookId": 1,
      "arabic": "حَدَّثَنَا أَبُو عَاصِمٍ، قَالَ أَخْبَرَنَا ابْنُ جُرَيْجٍ، قَالَ أَخْبَرَنِي الْحَسَنُ بْنُ مُسْلِمٍ، عَنْ طَاوُسٍ، عَنِ ابْنِ عَبَّاسٍ، قَالَ شَهِدْتُ الْعِيدَ مَعَ رَسُولِ اللَّهِ صلى الله عليه وسلم وَأَبِي بَكْرٍ وَعُمَرَ وَعُثْمَانَ ـ رضى الله عنهم ـ فَكُلُّهُمْ كَانُوا يُصَلُّونَ قَبْلَ الْخُطْبَةِ‏.‏",
      "english": {
        "narrator": "Narrated Ibn `Abbas:",
        "text": "I offered the `Id prayer with Allah's Messenger (ﷺ), Abu Bakr, `Umar and `Uthman and all of them offered \nthe prayer before delivering the Khutba."
      },
      "turkish": {
        "narrator": "Narrated Ibn `Abbas:",
        "text": "İbn Abbas'tan rivayet edilmiştir: Ben, Allah'ın Resulü (ﷺ), Ebu Bekir, Umar ve Uthman ile birlikte İd namazı kıldım ve hepsi hutbeden önce namaz kıldılar."
      }
    },
    {
      "id": 12,
      "idInBook": 12,
      "chapterId": 13,
      "bookId": 1,
      "arabic": "حَدَّثَنَا يَعْقُوبُ بْنُ إِبْرَاهِيمَ، قَالَ حَدَّثَنَا أَبُو أُسَامَةَ، قَالَ حَدَّثَنَا عُبَيْدُ اللَّهِ، عَنْ نَافِعٍ، عَنِ ابْنِ عُمَرَ، قَالَ كَانَ رَسُولُ اللَّهِ صلى الله عليه وسلم وَأَبُو بَكْرٍ وَعُمَرُ ـ رضى الله عنهما ـ يُصَلُّونَ الْعِيدَيْنِ قَبْلَ الْخُطْبَةِ‏.‏",
      "english": {
        "narrator": "Narrated Ibn `Umar:",
        "text": "Allah's Messenger (ﷺ), Abu Bakr and `Umar! used to offer the two `Id prayers before delivering the Khutba."
      },
      "turkish": {
        "narrator": "Narrated Ibn `Umar:",
        "text": "İbn Umar'dan rivayet edilmiştir: Allah'ın Resulü (ﷺ), Ebu Bekir ve Umar, hutbeden önce iki İd namazı kılardı."
      }
    },
    {
      "id": 13,
      "idInBook": 13,
      "chapterId": 13,
      "bookId": 1,
      "arabic": "حَدَّثَنَا سُلَيْمَانُ بْنُ حَرْبٍ، قَالَ حَدَّثَنَا شُعْبَةُ، عَنْ عَدِيِّ بْنِ ثَابِتٍ، عَنْ سَعِيدِ بْنِ جُبَيْرٍ، عَنِ ابْنِ عَبَّاسٍ، أَنَّ النَّبِيَّ صلى الله عليه وسلم صَلَّى يَوْمَ الْفِطْرِ رَكْعَتَيْنِ، لَمْ يُصَلِّ قَبْلَهَا وَلاَ بَعْدَهَا، ثُمَّ أَتَى النِّسَاءَ وَمَعَهُ بِلاَلٌ، فَأَمَرَهُنَّ بِالصَّدَقَةِ، فَجَعَلْنَ يُلْقِينَ، تُلْقِي الْمَرْأَةُ خُرْصَهَا وَسِخَابَهَا‏.‏",
      "english": {
        "narrator": "Narrated Ibn `Abbas:",
        "text": "The Prophet (ﷺ) offered a two rak`at prayer on the Day of Id ul Fitr and he did not pray before or after it. \nThen he went towards women along with Bilal and ordered them to pay alms and so they started \ngiving their earrings and necklaces (in charity)."
      },
      "turkish": {
        "narrator": "Narrated Ibn `Abbas:",
        "text": "İbn Abbas'tan rivayet edilmiştir: Peygamber (ﷺ) İd-ul-Fitr günü iki rek'at namaz kıldı ve ondan önce veya sonra namaz kılmadı. Sonra Bilal ile birlikte kadınların yanına gitti ve onlara sadaka vermelerini emretti ve onlar da küpelerini ve kolyelerini (hayır olarak) vermeye başladılar."
      }
    },
    {
      "id": 14,
      "idInBook": 14,
      "chapterId": 13,
      "bookId": 1,
      "arabic": "حَدَّثَنَا آدَمُ، قَالَ حَدَّثَنَا شُعْبَةُ، قَالَ حَدَّثَنَا زُبَيْدٌ، قَالَ سَمِعْتُ الشَّعْبِيَّ، عَنِ الْبَرَاءِ بْنِ عَازِبٍ، قَالَ قَالَ النَّبِيُّ صلى الله عليه وسلم ‏\"‏ إِنَّ أَوَّلَ مَا نَبْدَأُ فِي يَوْمِنَا هَذَا أَنْ نُصَلِّيَ، ثُمَّ نَرْجِعَ فَنَنْحَرَ، فَمَنْ فَعَلَ ذَلِكَ فَقَدْ أَصَابَ سُنَّتَنَا، وَمَنْ نَحَرَ قَبْلَ الصَّلاَةِ فَإِنَّمَا هُوَ لَحْمٌ قَدَّمَهُ لأَهْلِهِ، لَيْسَ مِنَ النُّسْكِ فِي شَىْءٍ ‏\"‏‏.‏ فَقَالَ رَجُلٌ مِنَ الأَنْصَارِ يُقَالُ لَهُ أَبُو بُرْدَةَ بْنُ نِيَارٍ يَا رَسُولَ اللَّهِ، ذَبَحْتُ وَعِنْدِي جَذَعَةٌ خَيْرٌ مِنْ مُسِنَّةٍ‏.‏ فَقَالَ ‏\"‏ اجْعَلْهُ مَكَانَهُ، وَلَنْ تُوفِيَ أَوْ تَجْزِيَ عَنْ أَحَدٍ بَعْدَكَ ‏\"‏‏.‏",
      "english": {
        "narrator": "Narrated Al-Bara' bin `Azib:",
        "text": "The Prophet (p.b.u.h) said, \"The first thing that we should do on this day of ours is to pray and then \nreturn to slaughter the sacrifice. So anyone who does so, he acted according to our Sunna (tradition), \nand whoever slaughtered the sacrifice before the prayer, it was just meat which he presented to his \nfamily and would not be considered as Nusuk.\" A person from the Ansar named Abu Burda bin \nNiyyar said, \"O Allah's Messenger (ﷺ)! I slaughtered the Nusuk (before the prayer) but I have a young shegoat \nwhich is better than an older sheep.\" The Prophet (ﷺ) I said, \"Sacrifice it in lieu of the first, but it will \nbe not sufficient (as a sacrifice) for anybody else after you.\""
      },
      "turkish": {
        "narrator": "Narrated Al-Bara' bin `Azib:",
        "text": "Al-Bara' bin Azib'den rivayet edilmiştir: Peygamber (s.a.v) dedi ki: \"Bu gün yapmamız gereken ilk şey namaz kılmak ve sonra kurbanı kesmektir. Bunu yapan, bizim sünnetimize (geleneğimize) uymuş olur ve kim namazdan önce kurban keserse, o sadece ailesine sunduğu bir et olur ve Nusuk olarak kabul edilmez.\" Ensar'dan Abu Burda bin Niyyar adında bir kişi, \"Ey Allah'ın Resulü (ﷺ)! Ben (namazdan önce) Nusuk'u kestim ama bende daha iyi olan bir genç dişi keçi var.\" dedi. Peygamber (ﷺ) \"İlkinin yerine onu kurban et, ama başkası için yeterli olmayacaktır.\" dedi."
      }
    },
    {
      "id": 15,
      "idInBook": 15,
      "chapterId": 13,
      "bookId": 1,
      "arabic": "حَدَّثَنَا زَكَرِيَّاءُ بْنُ يَحْيَى أَبُو السُّكَيْنِ، قَالَ حَدَّثَنَا الْمُحَارِبِيُّ، قَالَ حَدَّثَنَا مُحَمَّدُ بْنُ سُوقَةَ، عَنْ سَعِيدِ بْنِ جُبَيْرٍ، قَالَ كُنْتُ مَعَ ابْنِ عُمَرَ حِينَ أَصَابَهُ سِنَانُ الرُّمْحِ فِي أَخْمَصِ قَدَمِهِ، فَلَزِقَتْ قَدَمُهُ بِالرِّكَابِ، فَنَزَلْتُ فَنَزَعْتُهَا وَذَلِكَ بِمِنًى، فَبَلَغَ الْحَجَّاجَ فَجَعَلَ يَعُودُهُ فَقَالَ الْحَجَّاجُ لَوْ نَعْلَمُ مَنْ أَصَابَكَ‏.‏ فَقَالَ ابْنُ عُمَرَ أَنْتَ أَصَبْتَنِي‏.‏ قَالَ وَكَيْفَ قَالَ حَمَلْتَ السِّلاَحَ فِي يَوْمٍ لَمْ يَكُنْ يُحْمَلُ فِيهِ، وَأَدْخَلْتَ السِّلاَحَ الْحَرَمَ وَلَمْ يَكُنِ السِّلاَحُ يُدْخَلُ الْحَرَمَ‏.‏",
      "english": {
        "narrator": "Narrated Sa`id bin Jubair:",
        "text": "I was with Ibn `Umar when a spear head pierced the sole of his foot and his foot stuck to the paddle \nof the saddle and I got down and pulled his foot out, and that happened in Mina. Al-Hajjaj got the \nnews and came to inquire about his health and said, \"Alas! If we could only know the man who \nwounded you!\" Ibn `Umar said, \"You are the one who wounded me.\" Al-Hajjaj said, \"How is that?\" \nIbn `Umar said, \"You have allowed the arms to be carried on a day on which nobody used to carry \nthem and you allowed arms to be carried in the Haram even though it was not allowed before.\""
      },
      "turkish": {
        "narrator": "Narrated Sa`id bin Jubair:",
        "text": "Said bin Cubeyr'den rivayet edilmiştir: Ben İbn Umar ileydim, bir mızrak ucu ayağının tabanına saplandı ve ayağına dizgin yapıştı, ben inip ayağını çıkardım ve bu Mina'da oldu. El-Haccac haberi aldı ve sağlığını sormak için geldi ve \"Ah! Seni yaralayan adamı tanıyabilseydik!\" dedi. İbn Umar, \"Beni yaralayan sensin.\" dedi. El-Haccac, \"Nasıl olur?\" dedi. İbn Umar, \"Sen, kimsenin silah taşıdığı bir günde silah taşınmasına izin verdin ve Haram'da silah taşınmasına izin verdin, oysa daha önce bu yasaktı.\" dedi."
      }
    },
    {
      "id": 16,
      "idInBook": 16,
      "chapterId": 13,
      "bookId": 1,
      "arabic": "حَدَّثَنَا أَحْمَدُ بْنُ يَعْقُوبَ، قَالَ حَدَّثَنِي إِسْحَاقُ بْنُ سَعِيدِ بْنِ عَمْرِو بْنِ سَعِيدِ بْنِ الْعَاصِ، عَنْ أَبِيهِ، قَالَ دَخَلَ الْحَجَّاجُ عَلَى ابْنِ عُمَرَ وَأَنَا عِنْدَهُ، فَقَالَ كَيْفَ هُوَ فَقَالَ صَالِحٌ‏.‏ فَقَالَ مَنْ أَصَابَكَ قَالَ أَصَابَنِي مَنْ أَمَرَ بِحَمْلِ السِّلاَحِ فِي يَوْمٍ لاَ يَحِلُّ فِيهِ حَمْلُهُ، يَعْنِي الْحَجَّاجَ‏.‏",
      "english": {
        "narrator": "Narrated Sa`id bin `Amr bin Sa`id bin Al-`Aas:",
        "text": "Al-Hajjaj went to Ibn `Umar while I was present there. Al-Hajjaj asked Ibn `Umar, \"How are you?\" \nIbn `Umar replied, \"I am all right,\" Al-Hajjaj asked, \"Who wounded you?\" Ibn `Umar replied, \"The \nperson who allowed arms to be carried on the day on which it was forbidden to carry them (he meant \nAl-Hajjaj).\""
      },
      "turkish": {
        "narrator": "Narrated Sa`id bin `Amr bin Sa`id bin Al-`Aas:",
        "text": "Sa`id bin `Amr bin Sa`id bin Al-`Aas'tan rivayet edildi: Al-Haccac, orada bulunduğum sırada İbn `Umar'a gitti. Al-Haccac, İbn `Umar'a, \"Nasılsın?\" diye sordu. İbn `Umar, \"İyiyim,\" diye cevap verdi. Al-Haccac, \"Seni kim yaraladı?\" dedi. İbn `Umar, \"Silah taşınmasının yasak olduğu günde silah taşınmasına izin veren kişi (Al-Haccac'ı kastederek)\" diye cevap verdi."
      }
    },
    {
      "id": 17,
      "idInBook": 17,
      "chapterId": 13,
      "bookId": 1,
      "arabic": "حَدَّثَنَا سُلَيْمَانُ بْنُ حَرْبٍ، قَالَ حَدَّثَنَا شُعْبَةُ، عَنْ زُبَيْدٍ، عَنِ الشَّعْبِيِّ، عَنِ الْبَرَاءِ، قَالَ خَطَبَنَا النَّبِيُّ صلى الله عليه وسلم يَوْمَ النَّحْرِ قَالَ ‏\"‏ إِنَّ أَوَّلَ مَا نَبْدَأُ بِهِ فِي يَوْمِنَا هَذَا أَنْ نُصَلِّيَ ثُمَّ نَرْجِعَ فَنَنْحَرَ، فَمَنْ فَعَلَ ذَلِكَ فَقَدْ أَصَابَ سُنَّتَنَا، وَمَنْ ذَبَحَ قَبْلَ أَنْ يُصَلِّيَ فَإِنَّمَا هُوَ لَحْمٌ عَجَّلَهُ لأَهْلِهِ، لَيْسَ مِنَ النُّسُكِ فِي شَىْءٍ ‏\"‏‏.‏ فَقَامَ خَالِي أَبُو بُرْدَةَ بْنُ نِيَارٍ فَقَالَ يَا رَسُولَ اللَّهِ، أَنَا ذَبَحْتُ قَبْلَ أَنْ أُصَلِّيَ وَعِنْدِي جَذَعَةٌ خَيْرٌ مِنْ مُسِنَّةٍ‏.‏ قَالَ ‏\"‏ اجْعَلْهَا مَكَانَهَا ـ أَوْ قَالَ اذْبَحْهَا ـ وَلَنْ تَجْزِيَ جَذَعَةٌ عَنْ أَحَدٍ بَعْدَكَ ‏\"‏‏.‏",
      "english": {
        "narrator": "Narrated Al-Bara':",
        "text": "The Prophet (ﷺ) delivered the Khutba on the day of Nahr (`Id-ul-Adha) and said, \"The first thing we \nshould do on this day of ours is to pray and then return and slaughter (our sacrifices). So anyone who \ndoes so he acted according to our Sunna; and whoever slaughtered before the prayer then it was just \nmeat that he offered to his family and would not be considered as a sacrifice in any way. My uncle \nAbu Burda bin Niyyar got up and said, \"O, Allah's Messenger (ﷺ)! I slaughtered the sacrifice before the \nprayer but I have a young she-goat which is better than an older sheep.\" The Prophet (ﷺ) said, \"Slaughter \nit in lieu of the first and such a goat will not be considered as a sacrifice for anybody else after you.\""
      },
      "turkish": {
        "narrator": "Narrated Al-Bara':",
        "text": "Al-Bara' rivayet etti: Peygamber (ﷺ) Nahr günü (Kurban Bayramı) hutbe verdi ve şöyle dedi: \"Bu gün yapmamız gereken ilk şey namaz kılmak ve sonra geri dönüp (kurbanlarımızı) kesmektir. Kim bunu yaparsa, bizim sünnetimize uygun hareket etmiş olur; namazdan önce kurban kesen kimse ise, o sadece ailesine sunduğu bir et olur ve hiçbir şekilde kurban olarak kabul edilmez.\" Amcam Abu Burda bin Niyyar ayağa kalktı ve dedi ki: \"Ey Allah'ın Resulü (ﷺ)! Ben namazdan önce kurban kestim ama benden daha iyi bir genç dişi keçim var.\" Peygamber (ﷺ) dedi ki: \"Onu ilk kurban yerine kes. Ama böyle bir keçi, senden sonra başka kimse için kurban olarak kabul edilmeyecek.\""
      }
    },
    {
      "id": 18,
      "idInBook": 18,
      "chapterId": 13,
      "bookId": 1,
      "arabic": "حَدَّثَنَا مُحَمَّدُ بْنُ عَرْعَرَةَ، قَالَ حَدَّثَنَا شُعْبَةُ، عَنْ سُلَيْمَانَ، عَنْ مُسْلِمٍ الْبَطِينِ، عَنْ سَعِيدِ بْنِ جُبَيْرٍ، عَنِ ابْنِ عَبَّاسٍ، عَنِ النَّبِيِّ صلى الله عليه وسلم أَنَّهُ قَالَ ‏\"‏ مَا الْعَمَلُ فِي أَيَّامِ الْعَشْرِ أَفْضَلَ مِنَ الْعَمَلِ فِي هَذِهِ ‏\"‏‏.‏ قَالُوا وَلاَ الْجِهَادُ قَالَ ‏\"‏ وَلاَ الْجِهَادُ، إِلاَّ رَجُلٌ خَرَجَ يُخَاطِرُ بِنَفْسِهِ وَمَالِهِ فَلَمْ يَرْجِعْ بِشَىْءٍ ‏\"‏‏.‏",
      "english": {
        "narrator": "Narrated Ibn `Abbas:",
        "text": "The Prophet (ﷺ) said, \"No good deeds done on other days are superior to those done on these (first ten \ndays of Dhul Hijja).\" Then some companions of the Prophet (ﷺ) said, \"Not even Jihad?\" He replied, \"Not \neven Jihad, except that of a man who does it by putting himself and his property in danger (for Allah's \nsake) and does not return with any of those things.\""
      },
      "turkish": {
        "narrator": "Narrated Ibn `Abbas:",
        "text": "İbn `Abbas rivayet etti: Peygamber (ﷺ) şöyle dedi: \"Diğer günlerde yapılan iyi ameller, bu (Zilhicce'nin ilk on günü) günlerde yapılanlardan daha üstün değildir.\" Bunun üzerine Peygamber (ﷺ)'in bazı arkadaşları, \"Hatta cihad bile mi?\" dediler. O, \"Hatta cihad bile, ancak kendisini ve malını tehlikeye atan bir adamın cihadı hariç (Allah rızası için) ve o da hiçbir şeyle geri dönmez.\" diye cevap verdi."
      }
    },
    {
      "id": 19,
      "idInBook": 19,
      "chapterId": 13,
      "bookId": 1,
      "arabic": "حَدَّثَنَا أَبُو نُعَيْمٍ، قَالَ حَدَّثَنَا مَالِكُ بْنُ أَنَسٍ، قَالَ حَدَّثَنِي مُحَمَّدُ بْنُ أَبِي بَكْرٍ الثَّقَفِيُّ، قَالَ سَأَلْتُ أَنَسًا وَنَحْنُ غَادِيَانِ مِنْ مِنًى إِلَى عَرَفَاتٍ عَنِ التَّلْبِيَةِ كَيْفَ كُنْتُمْ تَصْنَعُونَ مَعَ النَّبِيِّ صلى الله عليه وسلم قَالَ كَانَ يُلَبِّي الْمُلَبِّي لاَ يُنْكَرُ عَلَيْهِ، وَيُكَبِّرُ الْمُكَبِّرُ فَلاَ يُنْكَرُ عَلَيْهِ‏.‏",
      "english": {
        "narrator": "Narrated Muhammad bin Abi Bakr Al-Thaqafi:",
        "text": "While we were going from Mina to `Arafat, I asked Anas bin Malik, about Talbiya, \"How did you use \nto say Talbiya in the company of the Prophet?\" Anas said: \"People used to say Talbiya and their \nsaying was not objected to and they used to say Takbir and that was not objected to either. \""
      },
      "turkish": {
        "narrator": "Narrated Muhammad bin Abi Bakr Al-Thaqafi:",
        "text": "Muhammed bin Ebi Bekir Al-Thaçafi rivayet etti: Mina'dan Arafat'a giderken, Anas bin Malik'e Talbiye hakkında sordum, \"Peygamberle birlikte Talbiye'yi nasıl söylüyordunuz?\" Anas dedi ki: \"İnsanlar Talbiye söylerdi ve bu söze itiraz edilmezdi, ayrıca Tekbir de söylerlerdi ve buna da itiraz edilmezdi.\""
      }
    },
    {
      "id": 20,
      "idInBook": 20,
      "chapterId": 13,
      "bookId": 1,
      "arabic": "حَدَّثَنَا مُحَمَّدٌ، حَدَّثَنَا عُمَرُ بْنُ حَفْصٍ، قَالَ حَدَّثَنَا أَبِي، عَنْ عَاصِمٍ، عَنْ حَفْصَةَ، عَنْ أُمِّ عَطِيَّةَ، قَالَتْ كُنَّا نُؤْمَرُ أَنْ نَخْرُجَ يَوْمَ الْعِيدِ، حَتَّى نُخْرِجَ الْبِكْرَ مِنْ خِدْرِهَا، حَتَّى نُخْرِجَ الْحُيَّضَ فَيَكُنَّ خَلْفَ النَّاسِ، فَيُكَبِّرْنَ بِتَكْبِيرِهِمْ، وَيَدْعُونَ بِدُعَائِهِمْ يَرْجُونَ بَرَكَةَ ذَلِكَ الْيَوْمِ وَطُهْرَتَهُ‏.‏",
      "english": {
        "narrator": "Narrated Um `Atiya:",
        "text": "We used to be ordered to come out on the Day of `Id and even bring out the virgin girls from their \nhouses and menstruating women so that they might stand behind the men and say Takbir along with \nthem and invoke Allah along with them and hope for the blessings of that day and for purification \nfrom sins."
      },
      "turkish": {
        "narrator": "Narrated Um `Atiya:",
        "text": "Um `Atiya rivayet etti: Biz, `Id günü dışarı çıkmamız ve hatta genç kızları evlerinden çıkarmamız için emredilirdik ve adet gören kadınların da erkeklerin arkasında durup onlarla birlikte Tekbir getirmeleri ve Allah'ı anmaları, o günden bereket ummaları ve günahlardan arınmaları için."
      }
    },
    {
      "id": 21,
      "idInBook": 21,
      "chapterId": 13,
      "bookId": 1,
      "arabic": "حَدَّثَنَا مُحَمَّدُ بْنُ بَشَّارٍ، قَالَ حَدَّثَنَا عَبْدُ الْوَهَّابِ، قَالَ حَدَّثَنَا عُبَيْدُ اللَّهِ، عَنْ نَافِعٍ، عَنِ ابْنِ عُمَرَ، أَنَّ النَّبِيَّ صلى الله عليه وسلم كَانَ تُرْكَزُ الْحَرْبَةُ قُدَّامَهُ يَوْمَ الْفِطْرِ وَالنَّحْرِ ثُمَّ يُصَلِّي‏.‏",
      "english": {
        "narrator": "Narrated Ibn `Umar:",
        "text": "On the day of `Id-ul-Fitr and `Id-ul-Adha a spear used to be planted in front of the Prophet (as a Sutra for the prayer) and then he would pray."
      },
      "turkish": {
        "narrator": "Narrated Ibn `Umar:",
        "text": "İbn `Umar rivayet etti: `Id-ul-Fitr ve `Id-ul-Adha günü Peygamberin önünde dua için bir mızrak dikilirdi ve sonra o namaz kılardı."
      }
    },
    {
      "id": 22,
      "idInBook": 22,
      "chapterId": 13,
      "bookId": 1,
      "arabic": "حَدَّثَنَا إِبْرَاهِيمُ بْنُ الْمُنْذِرِ، قَالَ حَدَّثَنَا الْوَلِيدُ، قَالَ حَدَّثَنَا أَبُو عَمْرٍو، قَالَ أَخْبَرَنِي نَافِعٌ، عَنِ ابْنِ عُمَرَ، قَالَ كَانَ النَّبِيُّ صلى الله عليه وسلم يَغْدُو إِلَى الْمُصَلَّى، وَالْعَنَزَةُ بَيْنَ يَدَيْهِ، تُحْمَلُ وَتُنْصَبُ بِالْمُصَلَّى بَيْنَ يَدَيْهِ فَيُصَلِّي إِلَيْهَا‏.‏",
      "english": {
        "narrator": "Narrated Ibn `Umar:",
        "text": "The Prophet (ﷺ) used to proceed to the Musalla and an 'Anaza used to be carried before him and planted \nin the Musalla in front of him and he would pray facing it (as a Sutra)."
      },
      "turkish": {
        "narrator": "Narrated Ibn `Umar:",
        "text": "İbn `Umar rivayet etti: Peygamber (ﷺ) Musalla'ya giderdi ve önünde bir 'Anaza taşınır ve Musalla'da önünde dikilirdi ve o da ona doğru namaz kılardı (bir sutra olarak)."
      }
    },
    {
      "id": 23,
      "idInBook": 23,
      "chapterId": 13,
      "bookId": 1,
      "arabic": "حَدَّثَنَا عَبْدُ اللَّهِ بْنُ عَبْدِ الْوَهَّابِ، قَالَ حَدَّثَنَا حَمَّادٌ، عَنْ أَيُّوبَ، عَنْ مُحَمَّدٍ، عَنْ أُمِّ عَطِيَّةَ، قَالَتْ أُمِرْنَا أَنْ نُخْرِجَ، الْعَوَاتِقَ وَذَوَاتِ الْخُدُورِ‏.‏ وَعَنْ أَيُّوبَ عَنْ حَفْصَةَ بِنَحْوِهِ‏.‏ وَزَادَ فِي حَدِيثِ حَفْصَةَ قَالَ أَوْ قَالَتِ الْعَوَاتِقَ وَذَوَاتِ الْخُدُورِ، وَيَعْتَزِلْنَ الْحُيَّضُ الْمُصَلَّى‏.‏",
      "english": {
        "narrator": "Narrated Muhammad:",
        "text": "Um 'Atiyya said: \"Our Prophet ordered us to come out (on `Id day) with the mature girls and the \nvirgins staying in seclusion.\" Hafsa narrated the above mentioned Hadith and added, \"The mature girls \nor virgins staying in seclusion but the menstruating women had to keep away from the Musalla.\""
      },
      "turkish": {
        "narrator": "Narrated Muhammad:",
        "text": "Muhammed rivayet etti: Um 'Atiya dedi ki: \"Peygamberimiz, olgun kızlarla birlikte dışarı çıkmamızı emretti ve bakirelerin yalnız kalmasını istedi.\" Hafsa yukarıda bahsedilen Hadisi aktardı ve ekledi: \"Olgun kızlar veya bakireler yalnız kalmalı ama adet gören kadınlar Musalla'dan uzak durmalı.\""
      }
    },
    {
      "id": 24,
      "idInBook": 24,
      "chapterId": 13,
      "bookId": 1,
      "arabic": "حَدَّثَنَا عَمْرُو بْنُ عَبَّاسٍ، قَالَ حَدَّثَنَا عَبْدُ الرَّحْمَنِ، حَدَّثَنَا سُفْيَانُ، عَنْ عَبْدِ الرَّحْمَنِ، قَالَ سَمِعْتُ ابْنَ عَبَّاسٍ، قَالَ خَرَجْتُ مَعَ النَّبِيِّ صلى الله عليه وسلم يَوْمَ فِطْرٍ أَوْ أَضْحَى، فَصَلَّى ثُمَّ خَطَبَ، ثُمَّ أَتَى النِّسَاءَ فَوَعَظَهُنَّ وَذَكَّرَهُنَّ، وَأَمَرَهُنَّ بِالصَّدَقَةِ‏.‏",
      "english": {
        "narrator": "Narrated Ibn `Abbas:",
        "text": "I (in my boyhood) went out with the Prophet (ﷺ) on the day of `Id ul Fitr or Id-ul-Adha. The Prophet (ﷺ) \nprayed and then delivered the Khutba and then went towards the women, preached and advised them \nand ordered them to give alms."
      },
      "turkish": {
        "narrator": "Narrated Ibn `Abbas:",
        "text": "İbn `Abbas rivayet etti: Ben (çocukken) `Id-ul-Fitr veya `Id-ul-Adha günü Peygamber (ﷺ) ile dışarı çıktım. Peygamber (ﷺ) namaz kıldı ve sonra hutbe verdi ve sonra kadınlara yöneldi, onlara vaaz etti ve nasihat etti ve onlardan sadaka vermelerini emretti."
      }
    },
    {
      "id": 25,
      "idInBook": 25,
      "chapterId": 13,
      "bookId": 1,
      "arabic": "حَدَّثَنَا أَبُو نُعَيْمٍ، قَالَ حَدَّثَنَا مُحَمَّدُ بْنُ طَلْحَةَ، عَنْ زُبَيْدٍ، عَنِ الشَّعْبِيِّ، عَنِ الْبَرَاءِ، قَالَ خَرَجَ النَّبِيُّ صلى الله عليه وسلم يَوْمَ أَضْحًى إِلَى الْبَقِيعِ فَصَلَّى رَكْعَتَيْنِ، ثُمَّ أَقْبَلَ عَلَيْنَا بِوَجْهِهِ وَقَالَ ‏\"‏ إِنَّ أَوَّلَ نُسُكِنَا فِي يَوْمِنَا هَذَا أَنْ نَبْدَأَ بِالصَّلاَةِ، ثُمَّ نَرْجِعَ فَنَنْحَرَ، فَمَنْ فَعَلَ ذَلِكَ فَقَدْ وَافَقَ سُنَّتَنَا، وَمَنْ ذَبَحَ قَبْلَ ذَلِكَ فَإِنَّمَا هُوَ شَىْءٌ عَجَّلَهُ لأَهْلِهِ، لَيْسَ مِنَ النُّسُكِ فِي شَىْءٍ ‏\"‏‏.‏ فَقَامَ رَجُلٌ فَقَالَ يَا رَسُولَ اللَّهِ، إِنِّي ذَبَحْتُ وَعِنْدِي جَذَعَةٌ خَيْرٌ مِنْ مُسِنَّةٍ‏.‏ قَالَ ‏\"‏ اذْبَحْهَا، وَلاَ تَفِي عَنْ أَحَدٍ بَعْدَكَ ‏\"‏‏.‏",
      "english": {
        "narrator": "Narrated Al-Bara':",
        "text": "The Prophet (ﷺ) went towards Al-Baqi (the graveyard at Medina) on the day of Id-ul-Adha and offered a \ntwo-rak`at prayer (of `Id-ul-Adha) and then faced us and said, \"On this day of ours, our first act of \nworship is the offering of prayer and then we will return and slaughter the sacrifice, and whoever does \nthis concords with our Sunna; and whoever slaughtered his sacrifice before that (i.e. before the prayer) \nthen that was a thing which he prepared earlier for his family and it would not be considered as a \nNusuk (sacrifice.)\" A man stood up and said, \"O, Allah's Messenger (ﷺ)! I slaughtered (the animal before the \nprayer) but I have a young she-goat which is better than an older sheep.\" The Prophet (p.b.u.h) said to \nhim, \"Slaughter it. But a similar sacrifice will not be sufficient for anybody else after you.\""
      },
      "turkish": {
        "narrator": "Narrated Al-Bara':",
        "text": "Al-Bara' rivayet etti: Peygamber (ﷺ) `Id-ul-Adha günü Al-Baki'ye (Medine'deki mezarlık) gitti ve iki rekatlık `Id-ul-Adha namazı kıldı ve sonra bize döndü ve şöyle dedi: \"Bu günümüzdeki ilk ibadetimiz namaz kılmaktır, sonra geri döneceğiz ve kurban keseceğiz, bunu yapan bizim sünnetimize uygun hareket etmiş olur; ve kim kurbanını bundan önce (yani namazdan önce) keserse, o, ailesi için daha önce hazırladığı bir şeydir ve bu bir Nusuk (kurban) olarak kabul edilmeyecektir.\" Bir adam ayağa kalktı ve dedi ki: \"Ey Allah'ın Resulü (ﷺ)! Ben (namazdan önce) hayvanı kestim ama benden daha iyi bir genç dişi keçim var.\" Peygamber (s.a.v) ona dedi ki: \"Onu kes. Ama benzer bir kurban, senden sonra başka kimse için yeterli olmayacaktır.\""
      }
    },
    {
      "id": 26,
      "idInBook": 26,
      "chapterId": 13,
      "bookId": 1,
      "arabic": "حَدَّثَنَا مُسَدَّدٌ، قَالَ حَدَّثَنَا يَحْيَى، عَنْ سُفْيَانَ، قَالَ حَدَّثَنِي عَبْدُ الرَّحْمَنِ بْنُ عَابِسٍ، قَالَ سَمِعْتُ ابْنَ عَبَّاسٍ، قِيلَ لَهُ أَشَهِدْتَ الْعِيدَ مَعَ النَّبِيِّ صلى الله عليه وسلم قَالَ نَعَمْ، وَلَوْلاَ مَكَانِي مِنَ الصِّغَرِ مَا شَهِدْتُهُ، حَتَّى أَتَى الْعَلَمَ الَّذِي عِنْدَ دَارِ كَثِيرِ بْنِ الصَّلْتِ فَصَلَّى ثُمَّ خَطَبَ ثُمَّ أَتَى النِّسَاءَ، وَمَعَهُ بِلاَلٌ، فَوَعَظَهُنَّ وَذَكَّرَهُنَّ، وَأَمَرَهُنَّ بِالصَّدَقَةِ، فَرَأَيْتُهُنَّ يُهْوِينَ بِأَيْدِيهِنَّ يَقْذِفْنَهُ فِي ثَوْبِ بِلاَلٍ، ثُمَّ انْطَلَقَ هُوَ وَبِلاَلٌ إِلَى بَيْتِهِ‏.‏",
      "english": {
        "narrator": "Narrated `Abdur Rahman bin `Abis:",
        "text": "Ibn `Abbas was asked whether he had joined the Prophet (ﷺ) in the `Id prayer. He said, \"Yes. And I could \nnot have joined him had I not been young. (The Prophet (ﷺ) came out) till he reached the mark which was \nnear the house of Kathir bin As-Salt, offered the prayer, delivered the Khutba and then went towards \nthe women. Bilal was accompanying him. He preached to them and advised them and ordered them to \ngive alms. I saw the women putting their ornaments with their outstretched hands into Bilal's garment. \nThen the Prophet (ﷺ) along with Bilal returned home."
      },
      "turkish": {
        "narrator": "Narrated `Abdur Rahman bin `Abis:",
        "text": "`Abdur Rahman bin `Abis rivayet etti: İbn `Abbas'a Peygamber (ﷺ) ile `Id namazına katılıp katılmadığı soruldu. O, \"Evet. Genç olmasaydım, ona katılamazdım. (Peygamber (ﷺ) dışarı çıktı) Kathir bin As-Salt'ın evine yakın olan işaret yerine kadar geldi, namaz kıldı, hutbe verdi ve sonra kadınlara yöneldi. Bilal ona eşlik ediyordu. Onlara vaaz etti ve nasihat etti ve sadaka vermelerini emretti. Kadınların, Bilal'in elbisesine uzanarak takılarını koyduklarını gördüm. Sonra Peygamber (ﷺ) Bilal ile birlikte eve döndü."
      }
    },
    {
      "id": 27,
      "idInBook": 27,
      "chapterId": 13,
      "bookId": 1,
      "arabic": "حَدَّثَنِي إِسْحَاقُ بْنُ إِبْرَاهِيمَ بْنِ نَصْرٍ، قَالَ حَدَّثَنَا عَبْدُ الرَّزَّاقِ، قَالَ حَدَّثَنَا ابْنُ جُرَيْجٍ، قَالَ أَخْبَرَنِي عَطَاءٌ، عَنْ جَابِرِ بْنِ عَبْدِ اللَّهِ، قَالَ سَمِعْتُهُ يَقُولُ قَامَ النَّبِيُّ صلى الله عليه وسلم يَوْمَ الْفِطْرِ، فَصَلَّى فَبَدَأَ بِالصَّلاَةِ ثُمَّ خَطَبَ، فَلَمَّا فَرَغَ نَزَلَ فَأَتَى النِّسَاءَ، فَذَكَّرَهُنَّ وَهْوَ يَتَوَكَّأُ عَلَى يَدِ بِلاَلٍ وَبِلاَلٌ بَاسِطٌ ثَوْبَهُ، يُلْقِي فِيهِ النِّسَاءُ الصَّدَقَةَ‏.‏ قُلْتُ لِعَطَاءٍ زَكَاةَ يَوْمِ الْفِطْرِ قَالَ لاَ وَلَكِنْ صَدَقَةً يَتَصَدَّقْنَ حِينَئِذٍ، تُلْقِي فَتَخَهَا وَيُلْقِينَ‏.‏ قُلْتُ أَتُرَى حَقًّا عَلَى الإِمَامِ ذَلِكَ وَيُذَكِّرُهُنَّ قَالَ إِنَّهُ لَحَقٌّ عَلَيْهِمْ، وَمَا لَهُمْ لاَ يَفْعَلُونَهُ",
      "english": {
        "narrator": "Narrated Ibn Juraij:",
        "text": "`Ata' told me that he had heard Jabir bin `Abdullah saying, \"The Prophet (ﷺ) stood up to offer the prayer of the `Id ul Fitr. He first offered the prayer and then delivered the Khutba. After finishing it he got down (from the pulpit) and went towards the women and advised them while he was leaning on Bilal's hand. Bilal was spreading out his garment where the women were putting their alms.\" I asked `Ata' whether it was the Zakat of `Id ul Fitr. He said, \"No, it was just alms given at that time. Some lady put her finger ring and the others would do the same.\" I said, (to `Ata'), \"Do you think that it is incumbent upon the Imam to give advice to the women (on `Id day)?\" He said, \"No doubt, it is incumbent upon the Imams to do so and why should they not do so?\""
      },
      "turkish": {
        "narrator": "Narrated Ibn Juraij:",
        "text": "İbn Juraij rivayet etti: `Ata' bana, Jabir bin `Abdullah'ın şöyle dediğini duyduğunu söyledi: \"Peygamber (ﷺ) `Id-ul-Fitr namazını kılmak için ayağa kalktı. Önce namazı kıldı ve sonra hutbe verdi. Hutbeyi bitirdikten sonra (minberden) indi ve kadınlara doğru gitti ve onlara nasihat ederken Bilal'in eline dayanıyordu. Bilal, kadınların sadakalarını koyduğu elbisesini açıyordu.\" `Ata'ya `Id-ul-Fitr Zekatı olup olmadığını sordum. O, \"Hayır, o sadece o zaman verilen sadakadır. Bir kadın yüzük parmağını koydu ve diğerleri de aynı şekilde yaptı.\" Dedim ki, (`Ata'ya), \"İmamın kadınlara (Id günü) nasihat etmesi farz mı?\" O, \"Şüphesiz, imamların bunu yapması farzdır ve neden yapmasınlar?\" dedi."
      }
    },
    {
      "id": 28,
      "idInBook": 28,
      "chapterId": 13,
      "bookId": 1,
      "arabic": "قَالَ ابْنُ جُرَيْجٍ وَأَخْبَرَنِي الْحَسَنُ بْنُ مُسْلِمٍ، عَنْ طَاوُسٍ، عَنِ ابْنِ عَبَّاسٍ ـ رضى الله عنهما ـ قَالَ شَهِدْتُ الْفِطْرَ مَعَ النَّبِيِّ صلى الله عليه وسلم وَأَبِي بَكْرٍ وَعُمَرَ وَعُثْمَانَ ـ رضى الله عنهم ـ يُصَلُّونَهَا قَبْلَ الْخُطْبَةِ، ثُمَّ يُخْطَبُ بَعْدُ، خَرَجَ النَّبِيُّ صلى الله عليه وسلم كَأَنِّي أَنْظُرُ إِلَيْهِ حِينَ يُجْلِسُ بِيَدِهِ، ثُمَّ أَقْبَلَ يَشُقُّهُمْ حَتَّى جَاءَ النِّسَاءَ مَعَهُ بِلاَلٌ فَقَالَ ‏{‏يَا أَيُّهَا النَّبِيُّ إِذَا جَاءَكَ الْمُؤْمِنَاتُ يُبَايِعْنَكَ‏}‏ الآيَةَ ثُمَّ قَالَ حِينَ فَرَغَ مِنْهَا ‏\"‏ آنْتُنَّ عَلَى ذَلِكَ ‏\"‏‏.‏ قَالَتِ امْرَأَةٌ وَاحِدَةٌ مِنْهُنَّ لَمْ يُجِبْهُ غَيْرُهَا نَعَمْ‏.‏ لاَ يَدْرِي حَسَنٌ مَنْ هِيَ‏.‏ قَالَ ‏\"‏ فَتَصَدَّقْنَ ‏\"‏ فَبَسَطَ بِلاَلٌ ثَوْبَهُ ثُمَّ قَالَ هَلُمَّ لَكُنَّ فِدَاءٌ أَبِي وَأُمِّي، فَيُلْقِينَ الْفَتَخَ وَالْخَوَاتِيمَ فِي ثَوْبِ بِلاَلٍ‏.‏ قَالَ عَبْدُ الرَّزَّاقِ الْفَتَخُ الْخَوَاتِيمُ الْعِظَامُ كَانَتْ فِي الْجَاهِلِيَّةِ‏.‏",
      "english": {
        "narrator": "Al-Hasan bin Muslim told me that\nIbn `Abbas had said, \"I joined the Prophet, Abu Bakr, `Umar and `Uthman in the `Id ul Fitr prayers. They used to offer the prayer before the Khutba and then they used to deliver the Khutba afterwards. Once the Prophet (ﷺ) I came out (for the `Id prayer) as if I were just observing him waving to the people to sit down. He, then accompanied by Bilal, came crossing the rows till he reached the women. He recited the following verse:",
        "text": "'O Prophet! When the believing women come to you to take the oath of fealty to you . . . (to the end of the verse) (60.12).' After finishing the recitation he said, \"O ladies! Are you fulfilling your covenant?\" None except one woman said, \"Yes.\" Hasan did not know who was that woman. The Prophet (ﷺ) said, \"Then give alms.\" Bilal spread his garment and said, \"Keep on giving alms. Let my father and mother sacrifice their lives for you (ladies).\" So the ladies kept on putting their Fatkhs (big rings) and other kinds of rings in Bilal's garment.\" `Abdur-Razaq said, \" 'Fatkhs' is a big ring which used to be worn in the (Pre-Islamic) period of ignorance."
      },
      "turkish": {
        "narrator": "Al-Hasan bin Muslim told me that\nIbn `Abbas had said, \"I joined the Prophet, Abu Bakr, `Umar and `Uthman in the `Id ul Fitr prayers. They used to offer the prayer before the Khutba and then they used to deliver the Khutba afterwards. Once the Prophet (ﷺ) I came out (for the `Id prayer) as if I were just observing him waving to the people to sit down. He, then accompanied by Bilal, came crossing the rows till he reached the women. He recited the following verse:",
        "text": "Hasan bin Muslim bana, İbn `Abbas'ın şöyle dediğini söyledi: \"Ben Peygamber, Ebu Bekir, `Umar ve `Uthman ile `Id-ul-Fitr namazlarına katıldım. Onlar, hutbeden önce namaz kılar, sonra hutbe verirlerdi. Bir gün Peygamber (ﷺ) dışarı çıktığında, sanki insanlara oturmalarını işaret ediyordu. Sonra Bilal ile birlikte kadınlara doğru ilerledi. Şu ayeti okudu: 'Ey Peygamber! Mümin kadınlar sana biat etmek için geldiklerinde... (ayet sonuna kadar) (60.12).' Okumayı bitirdikten sonra, \"Ey kadınlar! Antlaşmanızı yerine getiriyor musunuz?\" dedi. Sadece bir kadın, \"Evet,\" dedi. Hasan o kadının kim olduğunu bilmiyordu. Peygamber (ﷺ) dedi ki: \"O zaman sadaka verin.\" Bilal elbisesini açtı ve dedi ki: \"Sadaka vermeye devam edin. Babam ve annem sizin için feda olsun (ey kadınlar).\" Böylece kadınlar, Bilal'in elbisesine Fatkhs (büyük yüzükler) ve diğer tür yüzükler koymaya devam ettiler.\" `Abdur-Razaq dedi ki, \"'Fatkhs', cahiliye döneminde giyilen büyük bir yüzüktür.\""
      }
    },
    {
      "id": 29,
      "idInBook": 29,
      "chapterId": 13,
      "bookId": 1,
      "arabic": "حَدَّثَنَا أَبُو مَعْمَرٍ، قَالَ حَدَّثَنَا عَبْدُ الْوَارِثِ، قَالَ حَدَّثَنَا أَيُّوبُ، عَنْ حَفْصَةَ بِنْتِ سِيرِينَ، قَالَتْ كُنَّا نَمْنَعُ جَوَارِيَنَا أَنْ يَخْرُجْنَ يَوْمَ الْعِيدِ، فَجَاءَتِ امْرَأَةٌ فَنَزَلَتْ قَصْرَ بَنِي خَلَفٍ فَأَتَيْتُهَا فَحَدَّثَتْ أَنَّ زَوْجَ أُخْتِهَا غَزَا مَعَ النَّبِيِّ صلى الله عليه وسلم ثِنْتَىْ عَشْرَةَ غَزْوَةً فَكَانَتْ أُخْتُهَا مَعَهُ فِي سِتِّ غَزَوَاتٍ‏.‏ فَقَالَتْ فَكُنَّا نَقُومُ عَلَى الْمَرْضَى وَنُدَاوِي الْكَلْمَى، فَقَالَتْ يَا رَسُولَ اللَّهِ، عَلَى إِحْدَانَا بَأْسٌ إِذَا لَمْ يَكُنْ لَهَا جِلْبَابٌ أَنْ لاَ تَخْرُجَ فَقَالَ ‏\"‏ لِتُلْبِسْهَا صَاحِبَتُهَا مِنْ جِلْبَابِهَا فَلْيَشْهَدْنَ الْخَيْرَ وَدَعْوَةَ الْمُؤْمِنِينَ ‏\"‏‏.‏ قَالَتْ حَفْصَةُ فَلَمَّا قَدِمَتْ أُمُّ عَطِيَّةَ أَتَيْتُهَا، فَسَأَلْتُهَا أَسَمِعْتِ فِي كَذَا وَكَذَا قَالَتْ نَعَمْ، بِأَبِي ـ وَقَلَّمَا ذَكَرَتِ النَّبِيَّ صلى الله عليه وسلم إِلاَّ قَالَتْ بِأَبِي ـ قَالَ ‏\"‏ لِيَخْرُجِ الْعَوَاتِقُ ذَوَاتُ الْخُدُورِ ـ أَوْ قَالَ الْعَوَاتِقُ وَذَوَاتُ الْخُدُورِ شَكَّ أَيُّوبُ ـ وَالْحُيَّضُ، وَيَعْتَزِلُ الْحُيَّضُ الْمُصَلَّى، وَلْيَشْهَدْنَ الْخَيْرَ وَدَعْوَةَ الْمُؤْمِنِينَ ‏\"‏‏.‏ قَالَتْ فَقُلْتُ لَهَا آلْحُيَّضُ قَالَتْ نَعَمْ، أَلَيْسَ الْحَائِضُ تَشْهَدُ عَرَفَاتٍ وَتَشْهَدُ كَذَا وَتَشْهَدُ كَذَا",
      "english": {
        "narrator": "Narrated Aiyub:",
        "text": "Hafsa bint Seereen said, \"On Id we used to forbid our girls to go out for `Id prayer. A lady came and \nstayed at the palace of Bani Khalaf and I went to her. She said, 'The husband of my sister took part in \ntwelve holy battles along with the Prophet (ﷺ) and my sister was with her husband in six of them. My \nsister said that they used to nurse the sick and treat the wounded. Once she asked, 'O Allah's Messenger (ﷺ)! \nIf a woman has no veil, is there any harm if she does not come out (on `Id day)?' The Prophet (ﷺ) said, \n'Her companion should let her share her veil with her, and the women should participate in the good \ndeeds and in the religious gatherings of the believers.' \" Hafsa added, \"When Um-`Atiya came, I went \nto her and asked her, 'Did you hear anything about so-and-so?' Um-`Atiya said, 'Yes, let my father be \nsacrificed for the Prophet (p.b.u.h). (And whenever she mentioned the name of the Prophet (ﷺ) she always \nused to say, 'Let my father be' sacrificed for him). He said, 'Virgin mature girls staying often screened \n(or said, 'Mature girls and virgins staying often screened--Aiyub is not sure as which was right) and \nmenstruating women should come out (on the `Id day). But the menstruating women should keep \naway from the Musalla. And all the women should participate in the good deeds and in the religious \ngatherings of the believers'.\" Hafsa said, \"On that I said to Um-`Atiya, 'Also those who are \nmenstruating?' \" Um-`Atiya replied, \"Yes. Do they not present themselves at `Arafat and elsewhere?\"."
      },
      "turkish": {
        "narrator": "Narrated Aiyub:",
        "text": "Aiyub rivayet etti: Hafsa bint Seereen dedi ki: \"Bayramda kızlarımızın `Id namazına çıkmalarını yasaklardık. Bir kadın geldi ve Bani Khalaf sarayında kaldı ve ben ona gittim. O, \"Kız kardeşimin eşi Peygamber (ﷺ) ile birlikte on iki kutsal savaşa katıldı ve kız kardeşim de kocasının yanında altısında bulundu. Kız kardeşim, hasta olanlara bakıp yaralıları tedavi ettiklerini söyledi. Bir gün sordu, 'Ey Allah'ın Resulü (ﷺ)! Eğer bir kadının peçesi yoksa, `Id günü dışarı çıkmaması bir zarar mıdır?' Peygamber (ﷺ) dedi ki: 'Arkadaşının, onunla peçesini paylaşması gerekir ve kadınlar, iyi işlerde ve müminlerin dini toplantılarında yer almalıdırlar.'\" Hafsa ekledi: \"Um-`Atiya geldiğinde, ona sordum, 'Şu ve bu hakkında bir şey duydun mu?' Um-`Atiya dedi ki: 'Evet, babam Peygamber (s.a.v) için feda olsun. (Ve her zaman Peygamber (ﷺ)'in adını anarken, 'Babam feda olsun' derdi). O, 'Olgun bakire kızlar sık sık örtünmeli (veya, 'Olgun kızlar ve bakireler sık sık örtünmeli--Aiyub hangisinin doğru olduğunu bilmiyor) ve adet gören kadınlar (Id günü) dışarı çıkmalıdır. Ama adet gören kadınlar Musalla'dan uzak durmalıdır. Ve tüm kadınlar, iyi işlerde ve müminlerin dini toplantılarında yer almalıdırlar.'\" Hafsa dedi ki: \"Bunun üzerine Um-`Atiya'ya, 'Adet görenler de mi?' dedim. Um-`Atiya cevapladı: 'Evet. `Arafat ve başka yerlerde kendilerini sunmazlar mı?'\""
      }
    },
    {
      "id": 30,
      "idInBook": 30,
      "chapterId": 13,
      "bookId": 1,
      "arabic": "حَدَّثَنَا مُحَمَّدُ بْنُ الْمُثَنَّى، قَالَ حَدَّثَنَا ابْنُ أَبِي عَدِيٍّ، عَنِ ابْنِ عَوْنٍ، عَنْ مُحَمَّدٍ، قَالَ قَالَتْ أُمُّ عَطِيَّةَ أُمِرْنَا أَنْ نَخْرُجَ فَنُخْرِجَ الْحُيَّضَ وَالْعَوَاتِقَ وَذَوَاتِ الْخُدُورِ‏.‏ قَالَ ابْنُ عَوْنٍ أَوِ الْعَوَاتِقَ ذَوَاتِ الْخُدُورِ، فَأَمَّا الْحُيَّضُ فَيَشْهَدْنَ جَمَاعَةَ الْمُسْلِمِينَ وَدَعْوَتَهُمْ، وَيَعْتَزِلْنَ مُصَلاَّهُمْ‏.‏",
      "english": {
        "narrator": "Narrated Um-`Atiya:",
        "text": "We were ordered to go out (for `Id) and also to take along with us the menstruating women, mature \ngirls and virgins staying in seclusion. (Ibn `Aun said, \"Or mature virgins staying in seclusion).\" The \nmenstruating women could present themselves at the religious gathering and invocation of Muslims \nbut should keep away from their Musalla."
      },
      "turkish": {
        "narrator": "Narrated Um-`Atiya:",
        "text": "Um-`Atiya rivayet etti: `Id için dışarı çıkmamız ve ayrıca adet gören kadınları, olgun kızları ve bakireleri yanımıza almamız emredildi. (İbn `Aun, \"Ya da olgun bakireler yanlarında kalmalı\" dedi.) Adet gören kadınlar, Müslümanların dini toplantısına ve dualarına katılabilirler ama Musalla'dan uzak durmalıdırlar."
      }
    },
    {
      "id": 31,
      "idInBook": 31,
      "chapterId": 13,
      "bookId": 1,
      "arabic": "حَدَّثَنَا عَبْدُ اللَّهِ بْنُ يُوسُفَ، قَالَ حَدَّثَنَا اللَّيْثُ، قَالَ حَدَّثَنِي كَثِيرُ بْنُ فَرْقَدٍ، عَنْ نَافِعٍ، عَنِ ابْنِ عُمَرَ، أَنَّ النَّبِيَّ صلى الله عليه وسلم كَانَ يَنْحَرُ أَوْ يَذْبَحُ بِالْمُصَلَّى‏.‏",
      "english": {
        "narrator": "Narrated Ibn `Umar:",
        "text": "The Prophet (p.b.u.h) used to Nahr or slaughter sacrifices at the Musalla (on `Id-ul-Adha)."
      },
      "turkish": {
        "narrator": "Narrated Ibn `Umar:",
        "text": "İbn `Umar'dan rivayet edilmiştir: Peygamber (s.a.v) `Id-ul-Adha'da Musalla'da kurban keserdi."
      }
    },
    {
      "id": 32,
      "idInBook": 32,
      "chapterId": 13,
      "bookId": 1,
      "arabic": "حَدَّثَنَا مُسَدَّدٌ، قَالَ حَدَّثَنَا أَبُو الأَحْوَصِ، قَالَ حَدَّثَنَا مَنْصُورُ بْنُ الْمُعْتَمِرِ، عَنِ الشَّعْبِيِّ، عَنِ الْبَرَاءِ بْنِ عَازِبٍ، قَالَ خَطَبَنَا رَسُولُ اللَّهِ صلى الله عليه وسلم يَوْمَ النَّحْرِ بَعْدَ الصَّلاَةِ فَقَالَ ‏\"‏ مَنْ صَلَّى صَلاَتَنَا وَنَسَكَ نُسْكَنَا فَقَدْ أَصَابَ النُّسُكَ، وَمَنْ نَسَكَ قَبْلَ الصَّلاَةِ فَتِلْكَ شَاةُ لَحْمٍ ‏\"‏‏.‏ فَقَامَ أَبُو بُرْدَةَ بْنُ نِيَارٍ فَقَالَ يَا رَسُولَ اللَّهِ وَاللَّهِ لَقَدْ نَسَكْتُ قَبْلَ أَنْ أَخْرُجَ إِلَى الصَّلاَةِ، وَعَرَفْتُ أَنَّ الْيَوْمَ يَوْمُ أَكْلٍ وَشُرْبٍ فَتَعَجَّلْتُ وَأَكَلْتُ وَأَطْعَمْتُ أَهْلِي وَجِيرَانِي‏.‏ فَقَالَ رَسُولُ اللَّهِ صلى الله عليه وسلم ‏\"‏ تِلْكَ شَاةُ لَحْمٍ ‏\"‏‏.‏ قَالَ فَإِنَّ عِنْدِي عَنَاقَ جَذَعَةٍ، هِيَ خَيْرٌ مِنْ شَاتَىْ لَحْمٍ، فَهَلْ تَجْزِي عَنِّي قَالَ ‏\"‏ نَعَمْ، وَلَنْ تَجْزِيَ عَنْ أَحَدٍ بَعْدَكَ ‏\"‏‏.‏",
      "english": {
        "narrator": "Narrated Al-Bara' bin `Azib:",
        "text": "On the day of Nahr Allah's Messenger (ﷺ) delivered the Khutba after the `Id prayer and said, \"Anyone who \nprayed like us and slaughtered the sacrifice like we did then he acted according to our (Nusuk) \ntradition of sacrificing, and whoever slaughtered the sacrifice before the prayer, then that was just \nmutton (i.e. not sacrifice).\" Abu Burda bin Naiyar stood up and said, \"O Allah's Messenger (ﷺ)! By Allah, I \nslaughtered my sacrifice before I offered the (Id) prayer and thought that today was the day of eating \nand drinking (nonalcoholic drinks) and so I made haste (in slaughtering) and ate and also fed my \nfamily and neighbors.\" Allah's Messenger (ﷺ) said, \"That was just mutton (not a sacrifice).\" Then Abu Burda \nsaid, \"I have a young she-goat and no doubt, it is better than two sheep. Will that be sufficient as a \nsacrifice for me?\" The Prophet (ﷺ) replied, \"Yes. But it will not be sufficient for anyone else (as a \nsacrifice), after you.\""
      },
      "turkish": {
        "narrator": "Narrated Al-Bara' bin `Azib:",
        "text": "Al-Bara' bin `Azib'den rivayet edilmiştir: Nahr günü Allah'ın Elçisi (s.a.v) `Id namazından sonra hutbe verdi ve şöyle dedi: \"Bizim gibi namaz kılan ve bizim gibi kurban kesen kimse, kurban etme geleneğimize (Nusuk) uygun hareket etmiştir. Namazdan önce kurban kesen kimse ise, o sadece koyun etidir (yani kurban değildir).\" Abu Burda bin Naiyar ayağa kalktı ve dedi ki: \"Ey Allah'ın Elçisi (s.a.v)! Vallahi, ben (Id) namazından önce kurbanımı kestim ve bugün yemek ve içmek (alkolsüz içecekler) günü olduğunu düşündüm, bu yüzden acele ettim (kurban kesmekte) ve yedim, ailemi ve komşularımı da doyurdum.\" Allah'ın Elçisi (s.a.v) dedi ki: \"O sadece koyun etidir (kurban değildir).\" Sonra Abu Burda dedi ki: \"Bende bir genç dişi keçi var ve şüphesiz, o iki koyundan daha iyidir. Bu benim için yeterli bir kurban olur mu?\" Peygamber (s.a.v) cevap verdi: \"Evet. Ama senin dışındaki kimse için (kurban olarak) yeterli olmayacaktır.\""
      }
    },
    {
      "id": 33,
      "idInBook": 33,
      "chapterId": 13,
      "bookId": 1,
      "arabic": "حَدَّثَنَا حَامِدُ بْنُ عُمَرَ، عَنْ حَمَّادِ بْنِ زَيْدٍ، عَنْ أَيُّوبَ، عَنْ مُحَمَّدٍ، أَنَّ أَنَسَ بْنَ مَالِكٍ، قَالَ إِنَّ رَسُولَ اللَّهِ صلى الله عليه وسلم صَلَّى يَوْمَ النَّحْرِ، ثُمَّ خَطَبَ فَأَمَرَ مَنْ ذَبَحَ قَبْلَ الصَّلاَةِ أَنْ يُعِيدَ ذَبْحَهُ فَقَامَ رَجُلٌ مِنَ الأَنْصَارِ فَقَالَ يَا رَسُولَ اللَّهِ، جِيرَانٌ لِي ـ إِمَّا قَالَ بِهِمْ خَصَاصَةٌ، وَإِمَّا قَالَ بِهِمْ فَقْرٌ ـ وَإِنِّي ذَبَحْتُ قَبْلَ الصَّلاَةِ وَعِنْدِي عَنَاقٌ لِي أَحَبُّ إِلَىَّ مِنْ شَاتَىْ لَحْمٍ‏.‏ فَرَخَّصَ لَهُ فِيهَا‏.‏",
      "english": {
        "narrator": "Narrated Anas bin Malik:",
        "text": "Allah's Messenger (ﷺ) offered the prayer on the day of Nahr and then delivered the Khutba and ordered that \nwhoever had slaughtered his sacrifice before the prayer should repeat it, that is, should slaughter \nanother sacrifice. Then a person from the Ansar stood up and said, \"O Allah's Messenger (ﷺ)! because of my \nneighbors (he described them as being very needy or poor) I slaughtered before the prayer. I have a \nyoung she-goat which, in my opinion, is better than two sheep.\" The Prophet (ﷺ) gave him the permission \nfor slaughtering it as a sacrifice."
      },
      "turkish": {
        "narrator": "Narrated Anas bin Malik:",
        "text": "Anas bin Malik'ten rivayet edilmiştir: Allah'ın Elçisi (s.a.v) Nahr günü namaz kıldı ve sonra hutbe verdi ve namazdan önce kurban kesenlerin tekrar kesmesini, yani başka bir kurban kesmelerini emretti. Sonra Ensar'dan bir kişi ayağa kalktı ve dedi ki: \"Ey Allah'ın Elçisi (s.a.v)! Komşularım yüzünden (onları çok muhtaç veya fakir olarak tanımladı) namazdan önce kurban kestim. Bende bir genç dişi keçi var ki, benim görüşüme göre, o iki koyundan daha iyidir.\" Peygamber (s.a.v) ona kurban olarak kesmesine izin verdi."
      }
    },
    {
      "id": 34,
      "idInBook": 34,
      "chapterId": 13,
      "bookId": 1,
      "arabic": "حَدَّثَنَا مُسْلِمٌ، قَالَ حَدَّثَنَا شُعْبَةُ، عَنِ الأَسْوَدِ، عَنْ جُنْدَبٍ، قَالَ صَلَّى النَّبِيُّ صلى الله عليه وسلم يَوْمَ النَّحْرِ ثُمَّ خَطَبَ، ثُمَّ ذَبَحَ فَقَالَ ‏\n\"‏ مَنْ ذَبَحَ قَبْلَ أَنْ يُصَلِّيَ فَلْيَذْبَحْ أُخْرَى مَكَانَهَا، وَمَنْ لَمْ يَذْبَحْ فَلْيَذْبَحْ بِاسْمِ اللَّهِ ‏\"‏‏.‏",
      "english": {
        "narrator": "Narrated Jundab:",
        "text": "On the day of Nahr the Prophet (ﷺ) offered the prayer and delivered the Khutba and then slaughtered the \nsacrifice and said, \"Anybody who slaughtered (his sacrifice) before the prayer should slaughter \nanother animal in lieu of it, and the one who has not yet slaughtered should slaughter the sacrifice \nmentioning Allah's name on it.\""
      },
      "turkish": {
        "narrator": "Narrated Jundab:",
        "text": "Cündab'dan rivayet edilmiştir: Nahr günü Peygamber (s.a.v) namaz kıldı ve hutbe verdi ve sonra kurbanı kesti ve şöyle dedi: \"Namazdan önce (kurbanını) kesen kimse, onun yerine başka bir hayvan kesmelidir. Henüz kurban kesmemiş olan kimse, Allah'ın ismini anarak kurbanını kesmelidir.\""
      }
    },
    {
      "id": 35,
      "idInBook": 35,
      "chapterId": 13,
      "bookId": 1,
      "arabic": "حَدَّثَنَا مُحَمَّدٌ، قَالَ أَخْبَرَنَا أَبُو تُمَيْلَةَ، يَحْيَى بْنُ وَاضِحٍ عَنْ فُلَيْحِ بْنِ سُلَيْمَانَ، عَنْ سَعِيدِ بْنِ الْحَارِثِ، عَنْ جَابِرٍ، قَالَ كَانَ النَّبِيُّ صلى الله عليه وسلم إِذَا كَانَ يَوْمُ عِيدٍ خَالَفَ الطَّرِيقَ‏.‏ تَابَعَهُ يُونُسُ بْنُ مُحَمَّدٍ عَنْ فُلَيْحٍ‏.‏ وَحَدِيثُ جَابِرٍ أَصَحُّ‏.‏",
      "english": {
        "narrator": "Narrated Jabir bin `Abdullah:",
        "text": "On the Day of `Id the Prophet (ﷺ) used to return (after offering the `Id prayer) through a way different \nfrom that by which he went."
      },
      "turkish": {
        "narrator": "Narrated Jabir bin `Abdullah:",
        "text": "Cabir bin `Abdullah'dan rivayet edilmiştir: `Id günü Peygamber (s.a.v) `Id namazını kıldıktan sonra gittiği yoldan farklı bir yoldan dönerdi."
      }
    },
    {
      "id": 36,
      "idInBook": 36,
      "chapterId": 13,
      "bookId": 1,
      "arabic": "حَدَّثَنَا يَحْيَى بْنُ بُكَيْرٍ، قَالَ حَدَّثَنَا اللَّيْثُ، عَنْ عُقَيْلٍ، عَنِ ابْنِ شِهَابٍ، عَنْ عُرْوَةَ، عَنْ عَائِشَةَ، أَنَّ أَبَا بَكْرٍ ـ رضى الله عنه ـ دَخَلَ عَلَيْهَا وَعِنْدَهَا جَارِيَتَانِ فِي أَيَّامِ مِنًى تُدَفِّفَانِ وَتَضْرِبَانِ، وَالنَّبِيُّ صلى الله عليه وسلم مُتَغَشٍّ بِثَوْبِهِ، فَانْتَهَرَهُمَا أَبُو بَكْرٍ فَكَشَفَ النَّبِيُّ صلى الله عليه وسلم عَنْ وَجْهِهِ فَقَالَ ‏\"‏ دَعْهُمَا يَا أَبَا بَكْرٍ فَإِنَّهَا أَيَّامُ عِيدٍ ‏\"‏‏.‏ وَتِلْكَ الأَيَّامُ أَيَّامُ مِنًى‏.‏ وَقَالَتْ عَائِشَةُ رَأَيْتُ النَّبِيَّ صلى الله عليه وسلم يَسْتُرُنِي، وَأَنَا أَنْظُرُ إِلَى الْحَبَشَةِ وَهُمْ يَلْعَبُونَ فِي الْمَسْجِدِ، فَزَجَرَهُمْ عُمَرُ فَقَالَ النَّبِيُّ صلى الله عليه وسلم ‏\"‏ دَعْهُمْ، أَمْنًا بَنِي أَرْفِدَةَ ‏\"‏‏.‏ يَعْنِي مِنَ الأَمْنِ‏.‏",
      "english": {
        "narrator": "Narrated `Urwa on the authority of `Aisha:",
        "text": "On the days of Mina, (11th, 12th, and 13th of Dhul-Hijjah) Abu Bakr came to her while two young \ngirls were beating the tambourine and the Prophet (ﷺ) was lying covered with his clothes. Abu Bakr \nscolded them and the Prophet (ﷺ) uncovered his face and said to Abu Bakr, \"Leave them, for these days \nare the days of `Id and the days of Mina.\" `Aisha further said, \"Once the Prophet (ﷺ) was screening me \nand I was watching the display of black slaves in the Mosque and (`Umar) scolded them. The Prophet (ﷺ) \nsaid, 'Leave them. O Bani Arfida! (carry on), you are safe (protected)'.\""
      },
      "turkish": {
        "narrator": "Narrated `Urwa on the authority of `Aisha:",
        "text": "`Urve, `Aişe'den rivayet etmiştir: Mina günlerinde (Dhul-Hijjah'ın 11, 12 ve 13. günlerinde) Ebu Bekir ona geldiğinde iki genç kız tamburin çalıyordu ve Peygamber (s.a.v) elbiseleriyle örtülü yatıyordu. Ebu Bekir onlara kızdı ve Peygamber (s.a.v) yüzünü açarak Ebu Bekir'e dedi ki: \"Onları bırak, çünkü bu günler `Id günleridir ve Mina günleridir.\" `Aişe ayrıca dedi ki: \"Bir keresinde Peygamber (s.a.v) beni örtüyordu ve ben Cami'de siyah kölelerin gösterisini izliyordum ve (`Umar) onlara kızdı. Peygamber (s.a.v) dedi ki: 'Onları bırakın. Ey Beni Arfida! (devam edin), siz güvendesiniz (korunuyorsunuz).\""
      }
    },
    {
      "id": 37,
      "idInBook": 37,
      "chapterId": 13,
      "bookId": 1,
      "arabic": "حَدَّثَنَا أَبُو الْوَلِيدِ، قَالَ حَدَّثَنَا شُعْبَةُ، قَالَ حَدَّثَنِي عَدِيُّ بْنُ ثَابِتٍ، قَالَ سَمِعْتُ سَعِيدَ بْنَ جُبَيْرٍ، عَنِ ابْنِ عَبَّاسٍ، أَنَّ النَّبِيَّ صلى الله عليه وسلم خَرَجَ يَوْمَ الْفِطْرِ، فَصَلَّى رَكْعَتَيْنِ لَمْ يُصَلِّ قَبْلَهَا وَلاَ بَعْدَهَا وَمَعَهُ بِلاَلٌ‏.‏",
      "english": {
        "narrator": "Narrated Ibn `Abbas:",
        "text": "The Prophet (ﷺ) went out and offered a two rak`at prayer on the Day of `Id ul Fitr and did not offer any \nother prayer before or after it and at that time Bilal was accompanying him."
      },
      "turkish": {
        "narrator": "Narrated Ibn `Abbas:",
        "text": "İbn `Abbas'tan rivayet edilmiştir: Peygamber (s.a.v) dışarı çıktı ve `Id ul Fitr günü iki rek'at namaz kıldı ve ondan önce veya sonra başka bir namaz kılmadı ve o sırada Bilal ona eşlik ediyordu."
      }
    }
  ],
  "chapter": {
    "id": 13,
    "bookId": 1,
    "arabic": "كتاب العيدين",
    "english": "The Two Festivals (Eids)"
  }
}