{
  "metadata": {
    "length": 15,
    "arabic": {
      "title": "صحيح البخاري",
      "author": "الإمام محمد بن إسماعيل البخاري",
      "introduction": "كتاب الوتر"
    },
    "english": {
      "title": "Sahih al-Bukhari",
      "author": "Imam Muhammad ibn Ismail al-Bukhari",
      "introduction": "Witr Prayer"
    }
  },
  "hadiths": [
    {
      "id": 1,
      "idInBook": 1,
      "chapterId": 14,
      "bookId": 1,
      "arabic": "حَدَّثَنَا عَبْدُ اللَّهِ بْنُ يُوسُفَ، قَالَ أَخْبَرَنَا مَالِكٌ، عَنْ نَافِعٍ، وَعَبْدِ اللَّهِ بْنِ دِينَارٍ، عَنِ ابْنِ عُمَرَ، أَنَّ رَجُلاً، سَأَلَ رَسُولَ اللَّهِ صلى الله عليه وسلم عَنْ صَلاَةِ اللَّيْلِ فَقَالَ رَسُولُ اللَّهِ صلى الله عليه وسلم ‏\n\"‏ صَلاَةُ اللَّيْلِ مَثْنَى مَثْنَى، فَإِذَا خَشِيَ أَحَدُكُمُ الصُّبْحَ صَلَّى رَكْعَةً وَاحِدَةً، تُوتِرُ لَهُ مَا قَدْ صَلَّى ‏\"‏‏.‏",
      "english": {
        "narrator": "Narrated Ibn `Umar:",
        "text": "Once a person asked Allah's Messenger (ﷺ) (ﷺ) about the night prayer. Allah's \n     Apostle (ﷺ) replied, \"The night prayer is offered as two Rak`at followed by\n     two Rak`at and so on and if anyone is afraid of the approaching dawn \n     (Fajr prayer) he should pray one Rak`ah and this will be a Witr for all \n     the Rak`at which he has prayed before.\""
      },
      "turkish": {
        "narrator": "Narrated Ibn `Umar:",
        "text": "İbn `Umar'dan rivayet edilmiştir: Bir zaman bir kişi Allah'ın Elçisi'ne (ﷺ) gece namazı hakkında sordu. Allah'ın Elçisi (ﷺ) şöyle cevap verdi: \"Gece namazı iki Rek'at olarak kılınır, ardından iki Rek'at daha ve bu şekilde devam eder. Eğer biri sabahın (Fajr namazı) yaklaşmasından korkuyorsa, bir Rek'at kılmalıdır ve bu, daha önce kıldığı tüm Rek'atlar için Witr olacaktır.\""
      }
    },
    {
      "id": 2,
      "idInBook": 2,
      "chapterId": 14,
      "bookId": 1,
      "arabic": "وَعَنْ نَافِعٍ، أَنَّ عَبْدَ اللَّهِ بْنَ عُمَرَ، كَانَ يُسَلِّمُ بَيْنَ الرَّكْعَةِ وَالرَّكْعَتَيْنِ فِي الْوِتْرِ، حَتَّى يَأْمُرَ بِبَعْضِ حَاجَتِهِ‏.‏",
      "english": {
        "narrator": "",
        "text": "Nafi` told that `Abdullah bin \n     `Umar used to say Taslim between (the first) two Rak`at and (the third)\n     odd one in the Witr prayer, when he wanted to attend to a certain \n     matter (during that interval between the Rak`at)."
      },
      "turkish": {
        "narrator": "",
        "text": "Nafi`, `Abdullah bin `Umar'ın Witr namazında (ilk) iki Rek'at ile (üçüncü) tek Rek'at arasında Selam verdiğini, belirli bir meseleyle ilgilenmek istediğinde (Rek'atlar arasındaki bu süre zarfında) söyledi."
      }
    },
    {
      "id": 3,
      "idInBook": 3,
      "chapterId": 14,
      "bookId": 1,
      "arabic": "حَدَّثَنَا عَبْدُ اللَّهِ بْنُ مَسْلَمَةَ، عَنْ مَالِكٍ، عَنْ مَخْرَمَةَ بْنِ سُلَيْمَانَ، عَنْ كُرَيْبٍ، أَنَّ ابْنَ عَبَّاسٍ، أَخْبَرَهُ أَنَّهُ، بَاتَ عِنْدَ مَيْمُونَةَ، وَهْىَ خَالَتُهُ، فَاضْطَجَعْتُ فِي عَرْضِ وِسَادَةٍ، وَاضْطَجَعَ رَسُولُ اللَّهِ صلى الله عليه وسلم وَأَهْلُهُ فِي طُولِهَا، فَنَامَ حَتَّى انْتَصَفَ اللَّيْلُ أَوْ قَرِيبًا مِنْهُ، فَاسْتَيْقَظَ يَمْسَحُ النَّوْمَ عَنْ وَجْهِهِ، ثُمَّ قَرَأَ عَشْرَ آيَاتٍ مِنْ آلِ عِمْرَانَ، ثُمَّ قَامَ رَسُولُ اللَّهِ صلى الله عليه وسلم إِلَى شَنٍّ مُعَلَّقَةٍ، فَتَوَضَّأَ فَأَحْسَنَ الْوُضُوءَ، ثُمَّ قَامَ يُصَلِّي فَصَنَعْتُ مِثْلَهُ فَقُمْتُ إِلَى جَنْبِهِ، فَوَضَعَ يَدَهُ الْيُمْنَى عَلَى رَأْسِي، وَأَخَذَ بِأُذُنِي يَفْتِلُهَا، ثُمَّ صَلَّى رَكْعَتَيْنِ، ثُمَّ رَكْعَتَيْنِ، ثُمَّ رَكْعَتَيْنِ، ثُمَّ رَكْعَتَيْنِ، ثُمَّ رَكْعَتَيْنِ، ثُمَّ رَكْعَتَيْنِ، ثُمَّ أَوْتَرَ، ثُمَّ اضْطَجَعَ حَتَّى جَاءَهُ الْمُؤَذِّنُ فَقَامَ فَصَلَّى رَكْعَتَيْنِ ثُمَّ، خَرَجَ فَصَلَّى الصُّبْحَ‏.‏",
      "english": {
        "narrator": "Narrated Ibn `Abbas:",
        "text": "Once I passed the night in the house of Maimuna (his aunt). I slept across the bed while Allah's \nApostle and his wife slept length-wise. The Prophet (ﷺ) slept till midnight or nearly so and woke up \nrubbing his face and recited ten verses from Surat \"Al-`Imran.\" Allah's Messenger (ﷺ) went towards a leather \nskin and performed ablution in the most perfect way and then stood for the prayer. I did the same and \nstood beside him. The Prophet (ﷺ) put his right hand on my head, twisted my ear and then prayed two \nrak`at five times and then ended his prayer with witr. He laid down till the Mu'adh-dhin came then he \nstood up and offered two rak`at (Sunnah of Fajr prayer) and then went out and offered the Fajr prayer. \n(See Hadith 183)"
      },
      "turkish": {
        "narrator": "Narrated Ibn `Abbas:",
        "text": "İbn `Abbas'tan rivayet edilmiştir: Bir zaman Maimuna'nın (teyzesi) evinde gece geçirdim. Yatakta enine yattım, oysa Allah'ın Elçisi ve eşi uzunlamasına yattılar. Peygamber (ﷺ) gece yarısına kadar ya da ona yakın bir süre uyudu ve yüzünü ovuşturarak uyanıp \"Al-`Imran\" Suresi'nden on ayet okudu. Allah'ın Elçisi (ﷺ) bir deri parçasına doğru gitti ve en mükemmel şekilde abdest aldı, ardından namaza durdu. Ben de aynı şekilde yaptım ve onun yanına durdum. Peygamber (ﷺ) sağ elini başıma koydu, kulağımı çekti ve sonra iki Rek'at kıldı, beş defa ve ardından namazını Witr ile tamamladı. Mu'adh-dhin gelene kadar uzandı, sonra kalktı ve iki Rek'at (Fajr namazının Sünneti) kıldı, ardından dışarı çıkıp Fajr namazını kıldı. (Hadis 183'e bakınız)"
      }
    },
    {
      "id": 4,
      "idInBook": 4,
      "chapterId": 14,
      "bookId": 1,
      "arabic": "حَدَّثَنَا يَحْيَى بْنُ سُلَيْمَانَ، قَالَ حَدَّثَنِي ابْنُ وَهْبٍ، قَالَ أَخْبَرَنِي عَمْرٌو، أَنَّ عَبْدَ الرَّحْمَنِ بْنَ الْقَاسِمِ، حَدَّثَهُ عَنْ أَبِيهِ، عَنْ عَبْدِ اللَّهِ بْنِ عُمَرَ، قَالَ قَالَ النَّبِيُّ صلى الله عليه وسلم ‏\n\"‏ صَلاَةُ اللَّيْلِ مَثْنَى مَثْنَى، فَإِذَا أَرَدْتَ أَنْ تَنْصَرِفَ فَارْكَعْ رَكْعَةً تُوتِرُ لَكَ مَا صَلَّيْتَ ‏\"‏‏.‏ قَالَ الْقَاسِمُ وَرَأَيْنَا أُنَاسًا مُنْذُ أَدْرَكْنَا يُوتِرُونَ بِثَلاَثٍ، وَإِنَّ كُلاًّ لَوَاسِعٌ أَرْجُو أَنْ لاَ يَكُونَ بِشَىْءٍ مِنْهُ بَأْسٌ‏.‏",
      "english": {
        "narrator": "Narrated `Abdullah bin `Umar:",
        "text": "The Prophet (ﷺ) said, \"Night prayer is offered as two rak`at followed by two rak`at and so on, and if you \nwant to finish it, pray only one rak`a which will be witr for all the previous rak`at.\" Al-Qasim said, \n\"Since we attained the age of puberty we have seen some people offering a three-rak`at prayer as witr \nand all that is permissible. I hope there will be no harm in it.\""
      },
      "turkish": {
        "narrator": "Narrated `Abdullah bin `Umar:",
        "text": "`Abdullah bin `Umar'dan rivayet edilmiştir: Peygamber (ﷺ) şöyle dedi: \"Gece namazı iki Rek'at olarak kılınır, ardından iki Rek'at daha ve bu şekilde devam eder. Eğer bunu tamamlamak isterseniz, sadece bir Rek'at kılın ki bu, önceki tüm Rek'atlar için Witr olacaktır.\" Al-Qasim dedi ki, \"Ergenlik çağına girdiğimizden beri bazı insanların Witr olarak üç Rek'at namaz kıldığını gördük ve bu da caizdir. Bunun zararı olacağını ummuyorum.\""
      }
    },
    {
      "id": 5,
      "idInBook": 5,
      "chapterId": 14,
      "bookId": 1,
      "arabic": "حَدَّثَنَا أَبُو الْيَمَانِ، قَالَ أَخْبَرَنَا شُعَيْبٌ، عَنِ الزُّهْرِيِّ، عَنْ عُرْوَةَ، أَنَّ عَائِشَةَ، أَخْبَرَتْهُ أَنَّ رَسُولَ اللَّهِ صلى الله عليه وسلم كَانَ يُصَلِّي إِحْدَى عَشْرَةَ رَكْعَةً، كَانَتْ تِلْكَ صَلاَتَهُ ـ تَعْنِي بِاللَّيْلِ ـ فَيَسْجُدُ السَّجْدَةَ مِنْ ذَلِكَ قَدْرَ مَا يَقْرَأُ أَحَدُكُمْ خَمْسِينَ آيَةً قَبْلَ أَنْ يَرْفَعَ رَأْسَهُ، وَيَرْكَعُ رَكْعَتَيْنِ قَبْلَ صَلاَةِ الْفَجْرِ، ثُمَّ يَضْطَجِعُ عَلَى شِقِّهِ الأَيْمَنِ حَتَّى يَأْتِيَهُ الْمُؤَذِّنُ لِلصَّلاَةِ‏.‏",
      "english": {
        "narrator": "Narrated `A'isha:",
        "text": "Allah's Messenger (ﷺ) used to pray eleven rak`at at night and that was his night prayer and each of his \nprostrations lasted for a period enough for one of you to recite fifty verses before Allah's Messenger (ﷺ) \nraised his head. He also used to pray two rak`at (Sunnah) before the (compulsory) Fajr prayer and then \nlie down on his right side till the Mu'adh-dhin came to him for the prayer."
      },
      "turkish": {
        "narrator": "Narrated `A'isha:",
        "text": "`A'isha'dan rivayet edilmiştir: Allah'ın Elçisi (ﷺ) gece on bir Rek'at kılardı ve bu onun gece namazıydı ve her secdesi, sizden birinin Allah'ın Elçisi (ﷺ) başını kaldırmadan önce elli ayet okuması için yeterli bir süre sürerdi. Ayrıca (farz) Fajr namazından önce iki Rek'at (Sünnet) kılardı ve sonra Mu'adh-dhin ona gelene kadar sağ tarafına yatardı."
      }
    },
    {
      "id": 6,
      "idInBook": 6,
      "chapterId": 14,
      "bookId": 1,
      "arabic": "حَدَّثَنَا أَبُو النُّعْمَانِ، قَالَ حَدَّثَنَا حَمَّادُ بْنُ زَيْدٍ، قَالَ حَدَّثَنَا أَنَسُ بْنُ سِيرِينَ، قَالَ قُلْتُ لاِبْنِ عُمَرَ أَرَأَيْتَ الرَّكْعَتَيْنِ قَبْلَ صَلاَةِ الْغَدَاةِ أُطِيلُ فِيهِمَا الْقِرَاءَةَ فَقَالَ كَانَ النَّبِيُّ صلى الله عليه وسلم يُصَلِّي مِنَ اللَّيْلِ مَثْنَى مَثْنَى، وَيُوتِرُ بِرَكْعَةٍ وَيُصَلِّي الرَّكْعَتَيْنِ قَبْلَ صَلاَةِ الْغَدَاةِ وَكَأَنَّ الأَذَانَ بِأُذُنَيْهِ‏.‏ قَالَ حَمَّادٌ أَىْ سُرْعَةً‏.‏",
      "english": {
        "narrator": "Narrated Anas bin Seereen:",
        "text": "I asked Ibn `Umar, \"What is your opinion about the two rak`at before the Fajr (compulsory) prayer, as \nto prolonging the recitation in them?\" He said, \"The Prophet (ﷺ) used to pray at night two rak`at \nfollowed by two and so on, and end the prayer by one rak`ah witr. He used to offer two rak`at before \nthe Fajr prayer immediately after the Adhan.\" (Hammad, the sub-narrator said, \"That meant (that he \nprayed) quickly.)\""
      },
      "turkish": {
        "narrator": "Narrated Anas bin Seereen:",
        "text": "Anas bin Seereen'den rivayet edilmiştir: İbn `Umar'a sordum: \"Fajr (farz) namazından önceki iki Rek'at hakkında, onların okunuşunu uzatmakla ilgili ne düşünüyorsun?\" O dedi ki: \"Peygamber (ﷺ) gece iki Rek'at kılar, ardından iki Rek'at daha ve bu şekilde devam eder, namazını bir Rek'at Witr ile bitirirdi. Fajr namazından önce Adhan'dan hemen sonra iki Rek'at kılardı.\" (Hammad, alt rivayetçi, \"Bu hızlı kıldığı anlamına geliyordu.\" dedi.)"
      }
    },
    {
      "id": 7,
      "idInBook": 7,
      "chapterId": 14,
      "bookId": 1,
      "arabic": "حَدَّثَنَا عُمَرُ بْنُ حَفْصٍ، قَالَ حَدَّثَنَا أَبِي قَالَ، حَدَّثَنَا الأَعْمَشُ، قَالَ حَدَّثَنِي مُسْلِمٌ، عَنْ مَسْرُوقٍ، عَنْ عَائِشَةَ، قَالَتْ كُلَّ اللَّيْلِ أَوْتَرَ رَسُولُ اللَّهِ صلى الله عليه وسلم وَانْتَهَى وِتْرُهُ إِلَى السَّحَرِ‏.‏",
      "english": {
        "narrator": "Narrated `Aisha:",
        "text": "Allah's Messenger (ﷺ) offered witr prayer at different nights at various hours extending (from the `Isha' \nprayer) up to the last hour of the night."
      },
      "turkish": {
        "narrator": "Narrated `Aisha:",
        "text": "`A'isha'dan rivayet edilmiştir: Allah'ın Elçisi (ﷺ) Witr namazını farklı gecelerde, çeşitli saatlerde (İsha namazından) gecenin son saatine kadar kılardı."
      }
    },
    {
      "id": 8,
      "idInBook": 8,
      "chapterId": 14,
      "bookId": 1,
      "arabic": "حَدَّثَنَا مُسَدَّدٌ، قَالَ حَدَّثَنَا يَحْيَى، قَالَ حَدَّثَنَا هِشَامٌ، قَالَ حَدَّثَنِي أَبِي، عَنْ عَائِشَةَ، قَالَتْ كَانَ النَّبِيُّ صلى الله عليه وسلم يُصَلِّي، وَأَنَا رَاقِدَةٌ مُعْتَرِضَةً عَلَى فِرَاشِهِ، فَإِذَا أَرَادَ أَنْ يُوتِرَ أَيْقَظَنِي فَأَوْتَرْتُ‏.‏",
      "english": {
        "narrator": "Narrated `A'isha:",
        "text": "The Prophet (ﷺ) used to offer his night prayer while I was sleeping across in his bed. Whenever \nhe intended to offer the witr prayer, he used to wake me up and I would offer the witr prayer too."
      },
      "turkish": {
        "narrator": "Narrated `A'isha:",
        "text": "`A'isha'dan rivayet edilmiştir: Peygamber (ﷺ) gece namazını kılarken ben onun yatağında enine yatıyordum. Witr namazı kılmak istediğinde beni uyandırırdı ve ben de Witr namazını kılardım."
      }
    },
    {
      "id": 9,
      "idInBook": 9,
      "chapterId": 14,
      "bookId": 1,
      "arabic": "حَدَّثَنَا مُسَدَّدٌ، قَالَ حَدَّثَنَا يَحْيَى بْنُ سَعِيدٍ، عَنْ عُبَيْدِ اللَّهِ، حَدَّثَنِي نَافِعٌ، عَنْ عَبْدِ اللَّهِ، عَنِ النَّبِيِّ صلى الله عليه وسلم قَالَ ‏\n\"‏ اجْعَلُوا آخِرَ صَلاَتِكُمْ بِاللَّيْلِ وِتْرًا ‏\"‏‏.‏",
      "english": {
        "narrator": "Narrated `Abdullah bin `Umar:",
        "text": "The Prophet (ﷺ) said, \"Make witr as your last prayer at night.\""
      },
      "turkish": {
        "narrator": "Narrated `Abdullah bin `Umar:",
        "text": "`Abdullah bin `Umar'dan rivayet edilmiştir: Peygamber (ﷺ) şöyle dedi: \"Witr'i gece namazınızın sonu olarak kılın.\""
      }
    },
    {
      "id": 10,
      "idInBook": 10,
      "chapterId": 14,
      "bookId": 1,
      "arabic": "حَدَّثَنَا إِسْمَاعِيلُ، قَالَ حَدَّثَنِي مَالِكٌ، عَنْ أَبِي بَكْرِ بْنِ عُمَرَ بْنِ عَبْدِ الرَّحْمَنِ بْنِ عَبْدِ اللَّهِ بْنِ عُمَرَ بْنِ الْخَطَّابِ، عَنْ سَعِيدِ بْنِ يَسَارٍ، أَنَّهُ قَالَ كُنْتُ أَسِيرُ مَعَ عَبْدِ اللَّهِ بْنِ عُمَرَ بِطَرِيقِ مَكَّةَ فَقَالَ سَعِيدٌ فَلَمَّا خَشِيتُ الصُّبْحَ نَزَلْتُ فَأَوْتَرْتُ، ثُمَّ لَحِقْتُهُ فَقَالَ عَبْدُ اللَّهِ بْنُ عُمَرَ أَيْنَ كُنْتَ فَقُلْتُ خَشِيتُ الصُّبْحَ، فَنَزَلْتُ فَأَوْتَرْتُ‏.‏ فَقَالَ عَبْدُ اللَّهِ أَلَيْسَ لَكَ فِي رَسُولِ اللَّهِ صلى الله عليه وسلم أُسْوَةٌ حَسَنَةٌ فَقُلْتُ بَلَى وَاللَّهِ‏.‏ قَالَ فَإِنَّ رَسُولَ اللَّهِ صلى الله عليه وسلم كَانَ يُوتِرُ عَلَى الْبَعِيرِ‏.‏",
      "english": {
        "narrator": "Narrated Sa`id bin Yasar:",
        "text": "I was going to Mecca in the company of `Abdullah bin `Umar and when I apprehended the \napproaching dawn, I dismounted and offered the witr prayer and then joined him. `Abdullah bin \n`Umar said, \"Where have you been?\" I replied, \"I apprehended the approaching dawn so I dismounted \nand prayed the witr prayer.\" `Abdullah said, \"Isn't it sufficient for you to follow the good example of \nAllah's Messenger (ﷺ)?\" I replied, \"Yes, by Allah.\" He said, \"Allah's Messenger (ﷺ) used to pray witr on the back of \nthe camel (while on a journey).\""
      },
      "turkish": {
        "narrator": "Narrated Sa`id bin Yasar:",
        "text": "Sa`id bin Yasar'dan rivayet edilmiştir: `Abdullah bin `Umar ile birlikte Mekke'ye gidiyordum ve sabahın yaklaşmakta olduğunu görünce, inip Witr namazını kıldım ve sonra ona katıldım. `Abdullah bin `Umar, \"Neredeydin?\" dedi. Ben de, \"Sabahın yaklaşmakta olduğunu görünce indim ve Witr namazını kıldım.\" dedim. `Abdullah, \"Allah'ın Elçisi'nin (ﷺ) güzel örneğini takip etmen yeterli değil mi?\" dedi. Ben de, \"Evet, Allah'a yemin ederim.\" dedim. O da, \"Allah'ın Elçisi (ﷺ) yolculukta deve üzerinde Witr kılardı.\" dedi."
      }
    },
    {
      "id": 11,
      "idInBook": 11,
      "chapterId": 14,
      "bookId": 1,
      "arabic": "حَدَّثَنَا مُوسَى بْنُ إِسْمَاعِيلَ، قَالَ حَدَّثَنَا جُوَيْرِيَةُ بْنُ أَسْمَاءَ، عَنْ نَافِعٍ، عَنِ ابْنِ عُمَرَ، قَالَ كَانَ النَّبِيُّ صلى الله عليه وسلم يُصَلِّي فِي السَّفَرِ عَلَى رَاحِلَتِهِ، حَيْثُ تَوَجَّهَتْ بِهِ، يُومِئُ إِيمَاءً، صَلاَةَ اللَّيْلِ إِلاَّ الْفَرَائِضَ، وَيُوتِرُ عَلَى رَاحِلَتِهِ‏.‏",
      "english": {
        "narrator": "Narrated Ibn `Umar:",
        "text": "The Prophet (ﷺ) used to offer (Nawafil) prayers on his Rahila (mount) facing its direction by signals, but \nnot the compulsory prayer. He also used to pray witr on his (mount) Rahila."
      },
      "turkish": {
        "narrator": "Narrated Ibn `Umar:",
        "text": "İbn `Umar'dan rivayet edilmiştir: Peygamber (ﷺ) (Nawafil) namazlarını Rahila'sının yönüne doğru işaretlerle kılar, fakat farz namazı kılmazdı. Witr namazını da (Rahila'sında) kılardı."
      }
    },
    {
      "id": 12,
      "idInBook": 12,
      "chapterId": 14,
      "bookId": 1,
      "arabic": "حَدَّثَنَا مُسَدَّدٌ، قَالَ حَدَّثَنَا حَمَّادُ بْنُ زَيْدٍ، عَنْ أَيُّوبَ، عَنْ مُحَمَّدٍ، قَالَ سُئِلَ أَنَسٌ أَقَنَتَ النَّبِيُّ صلى الله عليه وسلم فِي الصُّبْحِ قَالَ نَعَمْ‏.‏ فَقِيلَ لَهُ أَوَقَنَتَ قَبْلَ الرُّكُوعِ قَالَ بَعْدَ الرُّكُوعِ يَسِيرًا‏.‏",
      "english": {
        "narrator": "Narrated Muhammad bin Seereen:",
        "text": "Anas was asked, \"Did the Prophet (ﷺ) recite Qunut in the Fajr prayer?\" Anas replied in the affirmative. He \nwas further asked, \"Did he recite Qunut before bowing?\" Anas replied, \"He recited Qunut after \nbowing for some time (for one month).\""
      },
      "turkish": {
        "narrator": "Narrated Muhammad bin Seereen:",
        "text": "Muhammed bin Seereen'den rivayet edilmiştir: Anas'a, \"Peygamber (ﷺ) Fajr namazında Kunut okudu mu?\" diye soruldu. Anas olumlu cevap verdi. Daha sonra, \"Kunut'u rükudan önce mi okudu?\" diye soruldu. Anas, \"O, rükudan sonra bir süre (bir ay boyunca) Kunut okudu.\" dedi."
      }
    },
    {
      "id": 13,
      "idInBook": 13,
      "chapterId": 14,
      "bookId": 1,
      "arabic": "حَدَّثَنَا مُسَدَّدٌ، قَالَ حَدَّثَنَا عَبْدُ الْوَاحِدِ، قَالَ حَدَّثَنَا عَاصِمٌ، قَالَ سَأَلْتُ أَنَسَ بْنَ مَالِكٍ عَنِ الْقُنُوتِ،‏.‏ فَقَالَ قَدْ كَانَ الْقُنُوتُ‏.‏ قُلْتُ قَبْلَ الرُّكُوعِ أَوْ بَعْدَهُ قَالَ قَبْلَهُ‏.‏ قَالَ فَإِنَّ فُلاَنًا أَخْبَرَنِي عَنْكَ أَنَّكَ قُلْتَ بَعْدَ الرُّكُوعِ‏.‏ فَقَالَ كَذَبَ، إِنَّمَا قَنَتَ رَسُولُ اللَّهِ صلى الله عليه وسلم بَعْدَ الرُّكُوعِ شَهْرًا ـ أُرَاهُ ـ كَانَ بَعَثَ قَوْمًا يُقَالُ لَهُمُ الْقُرَّاءُ زُهَاءَ سَبْعِينَ رَجُلاً إِلَى قَوْمٍ مِنَ الْمُشْرِكِينَ دُونَ أُولَئِكَ، وَكَانَ بَيْنَهُمْ وَبَيْنَ رَسُولِ اللَّهِ صلى الله عليه وسلم عَهْدٌ فَقَنَتَ رَسُولُ اللَّهِ صلى الله عليه وسلم شَهْرًا يَدْعُو عَلَيْهِمْ‏.‏",
      "english": {
        "narrator": "Narrated `Asim:",
        "text": "I asked Anas bin Malik about the Qunut. Anas replied, \"Definitely it was (recited)\". I asked, \"Before \nbowing or after it?\" Anas replied, \"Before bowing.\" I added, \"So and so has told me that you had \ninformed him that it had been after bowing.\" Anas said, \"He told an untruth (i.e. \"was mistaken,\" \naccording to the Hijazi dialect). Allah's Messenger (ﷺ) recited Qunut after bowing for a period of one \nmonth.\" Anas added, \"The Prophet (ﷺ) sent about seventy men (who knew the Qur'an by heart) towards \nthe pagans (of Najd) who were less than they in number and there was a peace treaty between them \nand Allah's Messenger (ﷺ) (but the Pagans broke the treaty and killed the seventy men). So Allah's Messenger (ﷺ) \nrecited Qunut for a period of one month asking Allah to punish them.\""
      },
      "turkish": {
        "narrator": "Narrated `Asim:",
        "text": "`Asim'den rivayet edilmiştir: Anas bin Malik'e Kunut hakkında sordum. Anas, \"Kesinlikle okundu.\" dedi. Ben de, \"Rükudan önce mi yoksa sonra mı?\" diye sordum. Anas, \"Rükudan önce.\" dedi. Ben de, \"Şu ve bu bana, senin ona rükudan sonra okuduğunu söylediğini bildirdi.\" dedim. Anas, \"O yalan söyledi (yani 'yanıldı', Hicaz lehçesine göre).\" dedi. \"Allah'ın Elçisi (ﷺ) rükudan sonra bir ay boyunca Kunut okudu.\" Anas ekledi: \"Peygamber (ﷺ) Kur'an'ı ezbere bilen yetmiş adamı (Mekke'deki) putperestlere doğru gönderdi, onların sayısından daha azdılar ve Allah'ın Elçisi (ﷺ) ile aralarında bir barış anlaşması vardı (ama putperestler anlaşmayı bozup yetmiş adamı öldürdüler). Bu yüzden Allah'ın Elçisi (ﷺ) bir ay boyunca Kunut okudu ve Allah'tan onları cezalandırmasını istedi.\""
      }
    },
    {
      "id": 14,
      "idInBook": 14,
      "chapterId": 14,
      "bookId": 1,
      "arabic": "أَخْبَرَنَا أَحْمَدُ بْنُ يُونُسَ، قَالَ حَدَّثَنَا زَائِدَةُ، عَنِ التَّيْمِيِّ، عَنْ أَبِي مِجْلَزٍ، عَنْ أَنَسٍ، قَالَ قَنَتَ النَّبِيُّ صلى الله عليه وسلم شَهْرًا يَدْعُو عَلَى رِعْلٍ وَذَكْوَانَ‏.‏",
      "english": {
        "narrator": "Narrated Anas bin Malik:",
        "text": "The Prophet (ﷺ) recited Qunut for one month (in the Fajr prayer) asking Allah to punish the tribes of Ral \nand Dhakwan."
      },
      "turkish": {
        "narrator": "Narrated Anas bin Malik:",
        "text": "Anas bin Malik'ten rivayet edilmiştir: Peygamber (ﷺ) bir ay boyunca (Fajr namazında) Kunut okudu ve Allah'tan Ral ve Dhakwan kabilelerini cezalandırmasını istedi."
      }
    },
    {
      "id": 15,
      "idInBook": 15,
      "chapterId": 14,
      "bookId": 1,
      "arabic": "حَدَّثَنَا مُسَدَّدٌ، قَالَ حَدَّثَنَا إِسْمَاعِيلُ، قَالَ حَدَّثَنَا خَالِدٌ، عَنْ أَبِي قِلاَبَةَ، عَنْ أَنَسٍ، قَالَ كَانَ الْقُنُوتُ فِي الْمَغْرِبِ وَالْفَجْرِ‏.‏",
      "english": {
        "narrator": "Narrated Anas:",
        "text": "The Qunut used to be recited in the Maghrib and the Fajr prayers."
      },
      "turkish": {
        "narrator": "Narrated Anas:",
        "text": "Anas'tan rivayet edilmiştir: Kunut, Maghrib ve Fajr namazlarında okunurdu."
      }
    }
  ],
  "chapter": {
    "id": 14,
    "bookId": 1,
    "arabic": "كتاب الوتر",
    "english": "Witr Prayer"
  }
}