{"metadata":{"length":24,"arabic":{"title":"صحيح البخاري","author":"الإمام محمد بن إسماعيل البخاري","introduction":"كتاب الكسوف"},"english":{"title":"Sahih al-Bukhari","author":"Imam Muhammad ibn Ismail al-Bukhari","introduction":"Eclipses"}},"hadiths":[{"id":1,"idInBook":1,"chapterId":16,"bookId":1,"arabic":"حَدَّثَنَا عَمْرُو بْنُ عَوْنٍ، قَالَ حَدَّثَنَا خَالِدٌ، عَنْ يُونُسَ، عَنِ الْحَسَنِ، عَنْ أَبِي بَكْرَةَ، قَالَ كُنَّا عِنْدَ رَسُولِ اللَّهِ صلى الله عليه وسلم فَانْكَسَفَتِ الشَّمْسُ، فَقَامَ النَّبِيُّ صلى الله عليه وسلم يَجُرُّ رِدَاءَهُ حَتَّى دَخَلَ الْمَسْجِدَ، فَدَخَلْنَا فَصَلَّى بِنَا رَكْعَتَيْنِ، حَتَّى انْجَلَتِ الشَّمْسُ فَقَالَ صلى الله عليه وسلم ‏\n\"‏ إِنَّ الشَّمْسَ وَالْقَمَرَ لاَ يَنْكَسِفَانِ لِمَوْتِ أَحَدٍ، فَإِذَا رَأَيْتُمُوهُمَا فَصَلُّوا، وَادْعُوا، حَتَّى يُكْشَفَ مَا بِكُمْ ‏\"‏‏.‏","english":{"narrator":"Narrated Abu Bakra:","text":"We were with Allah's Messenger (ﷺ) when the sun eclipsed. Allah's Messenger (ﷺ) stood up dragging his cloak till \nhe entered the Mosque. He led us in a two-rak`at prayer till the sun (eclipse) had cleared. Then the \nProphet (p.b.u.h) said, \"The sun and the moon do not eclipse because of someone's death. So \nwhenever you see these eclipses pray and invoke (Allah) till the eclipse is over.\""}},{"id":2,"idInBook":2,"chapterId":16,"bookId":1,"arabic":"حَدَّثَنَا شِهَابُ بْنُ عَبَّادٍ، حَدَّثَنَا إِبْرَاهِيمُ بْنُ حُمَيْدٍ، عَنْ إِسْمَاعِيلَ، عَنْ قَيْسٍ، قَالَ سَمِعْتُ أَبَا مَسْعُودٍ، يَقُولُ قَالَ النَّبِيُّ صلى الله عليه وسلم ‏\n\"‏ إِنَّ الشَّمْسَ وَالْقَمَرَ لاَ يَنْكَسِفَانِ لِمَوْتِ أَحَدٍ مِنَ النَّاسِ، وَلَكِنَّهُمَا آيَتَانِ مِنْ آيَاتِ اللَّهِ، فَإِذَا رَأَيْتُمُوهُمَا فَقُومُوا فَصَلُّوا ‏\"‏‏.‏","english":{"narrator":"Narrated Abu Mas`ud:","text":"The Prophet (ﷺ) said, \"The sun and the moon do not eclipse because of the death of someone from the \npeople but they are two signs amongst the signs of Allah. When you see them stand up and pray.\""}},{"id":3,"idInBook":3,"chapterId":16,"bookId":1,"arabic":"حَدَّثَنَا أَصْبَغُ، قَالَ أَخْبَرَنِي ابْنُ وَهْبٍ، قَالَ أَخْبَرَنِي عَمْرٌو، عَنْ عَبْدِ الرَّحْمَنِ بْنِ الْقَاسِمِ، حَدَّثَهُ عَنْ أَبِيهِ، عَنِ ابْنِ عُمَرَ ـ رضى الله عنهما ـ أَنَّهُ كَانَ يُخْبِرُ عَنِ النَّبِيِّ صلى الله عليه وسلم‏.‏ ‏\n\"‏ إِنَّ الشَّمْسَ وَالْقَمَرَ لاَ يَخْسِفَانِ لِمَوْتِ أَحَدٍ وَلاَ لِحَيَاتِهِ، وَلَكِنَّهُمَا آيَتَانِ مِنْ آيَاتِ اللَّهِ، فَإِذَا رَأَيْتُمُوهَا فَصَلُّوا ‏\"‏‏.‏","english":{"narrator":"Narrated Ibn `Umar:","text":"The Prophet (ﷺ) said, \"The sun and the moon do not eclipse because of the death or life (i.e. birth) of \nsomeone but they are two signs amongst the signs of Allah. When you see them offer the prayer.\""}},{"id":4,"idInBook":4,"chapterId":16,"bookId":1,"arabic":"حَدَّثَنَا عَبْدُ اللَّهِ بْنُ مُحَمَّدٍ، قَالَ حَدَّثَنَا هَاشِمُ بْنُ الْقَاسِمِ، قَالَ حَدَّثَنَا شَيْبَانُ أَبُو مُعَاوِيَةَ، عَنْ زِيَادِ بْنِ عِلاَقَةَ، عَنِ الْمُغِيرَةِ بْنِ شُعْبَةَ، قَالَ كَسَفَتِ الشَّمْسُ عَلَى عَهْدِ رَسُولِ اللَّهِ صلى الله عليه وسلم يَوْمَ مَاتَ إِبْرَاهِيمُ، فَقَالَ النَّاسُ كَسَفَتِ الشَّمْسُ لِمَوْتِ إِبْرَاهِيمَ‏.‏ فَقَالَ رَسُولُ اللَّهِ صلى الله عليه وسلم ‏\n\"‏ إِنَّ الشَّمْسَ وَالْقَمَرَ لاَ يَنْكَسِفَانِ لِمَوْتِ أَحَدٍ وَلاَ لِحَيَاتِهِ، فَإِذَا رَأَيْتُمْ فَصَلُّوا وَادْعُوا اللَّهَ ‏\"‏‏.‏","english":{"narrator":"Narrated Al-Mughira bin Shu`ba:","text":"\"The sun eclipsed in the lifetime of Allah's Messenger (ﷺ) on the day when (his son) Ibrahim died. So the \npeople said that the sun had eclipsed because of the death of Ibrahim. Allah's Messenger (ﷺ) said, \"The sun \nand the moon do not eclipse because of the death or life (i.e. birth) of someone. When you see the \neclipse pray and invoke Allah.\""}},{"id":5,"idInBook":5,"chapterId":16,"bookId":1,"arabic":"حَدَّثَنَا عَبْدُ اللَّهِ بْنُ مَسْلَمَةَ، عَنْ مَالِكٍ، عَنْ هِشَامِ بْنِ عُرْوَةَ، عَنْ أَبِيهِ، عَنْ عَائِشَةَ، أَنَّهَا قَالَتْ خَسَفَتِ الشَّمْسُ فِي عَهْدِ رَسُولِ اللَّهِ صلى الله عليه وسلم فَصَلَّى رَسُولُ اللَّهِ صلى الله عليه وسلم بِالنَّاسِ، فَقَامَ فَأَطَالَ الْقِيَامَ، ثُمَّ رَكَعَ فَأَطَالَ الرُّكُوعَ، ثُمَّ قَامَ فَأَطَالَ الْقِيَامَ وَهْوَ دُونَ الْقِيَامِ الأَوَّلِ، ثُمَّ رَكَعَ فَأَطَالَ الرُّكُوعَ، وَهْوَ دُونَ الرُّكُوعِ الأَوَّلِ، ثُمَّ سَجَدَ فَأَطَالَ السُّجُودَ، ثُمَّ فَعَلَ فِي الرَّكْعَةِ الثَّانِيَةِ مِثْلَ مَا فَعَلَ فِي الأُولَى، ثُمَّ انْصَرَفَ وَقَدِ انْجَلَتِ الشَّمْسُ، فَخَطَبَ النَّاسَ، فَحَمِدَ اللَّهَ، وَأَثْنَى عَلَيْهِ ثُمَّ قَالَ ‏\"‏ إِنَّ الشَّمْسَ وَالْقَمَرَ آيَتَانِ مِنْ آيَاتِ اللَّهِ، لاَ يَنْخَسِفَانِ لِمَوْتِ أَحَدٍ وَلاَ لِحَيَاتِهِ، فَإِذَا رَأَيْتُمْ ذَلِكَ فَادْعُوا اللَّهَ وَكَبِّرُوا، وَصَلُّوا وَتَصَدَّقُوا ‏\"‏‏.‏ ثُمَّ قَالَ ‏\"‏ يَا أُمَّةَ مُحَمَّدٍ، وَاللَّهِ مَا مِنْ أَحَدٍ أَغْيَرُ مِنَ اللَّهِ أَنْ يَزْنِيَ عَبْدُهُ أَوْ تَزْنِيَ أَمَتُهُ، يَا أُمَّةَ مُحَمَّدٍ، وَاللَّهِ لَوْ تَعْلَمُونَ مَا أَعْلَمُ لَضَحِكْتُمْ قَلِيلاً وَلَبَكَيْتُمْ كَثِيرًا ‏\"‏‏.‏","english":{"narrator":"Narrated `Aisha:","text":"In the lifetime of Allah's Messenger (ﷺ) (p.b.u.h) the sun eclipsed, so he led the people in prayer, and stood \nup and performed a long Qiyam, then bowed for a long while. He stood up again and performed a \nlong Qiyam but this time the period of standing was shorter than the first. He bowed again for a long \ntime but shorter than the first one, then he prostrated and prolonged the prostration. He did the same in \nthe second rak`a as he did in the first and then finished the prayer; by then the sun (eclipse) had \ncleared. He delivered the Khutba (sermon) and after praising and glorifying Allah he said, \"The sun \nand the moon are two signs against the signs of Allah; they do not eclipse on the death or life of \nanyone. So when you see the eclipse, remember Allah and say Takbir, pray and give Sadaqa.\" The \nProphet then said, \"O followers of Muhammad! By Allah! There is none who has more ghaira (selfrespect) \nthan Allah as He has forbidden that His slaves, male or female commit adultery (illegal \nsexual intercourse). O followers of Muhammad! By Allah! If you knew that which I know you would \nlaugh little and weep much."}},{"id":6,"idInBook":6,"chapterId":16,"bookId":1,"arabic":"حَدَّثَنَا إِسْحَاقُ، قَالَ أَخْبَرَنَا يَحْيَى بْنُ صَالِحٍ، قَالَ حَدَّثَنَا مُعَاوِيَةُ بْنُ سَلاَّمِ بْنِ أَبِي سَلاَّمٍ الْحَبَشِيُّ الدِّمَشْقِيُّ، قَالَ حَدَّثَنَا يَحْيَى بْنُ أَبِي كَثِيرٍ، قَالَ أَخْبَرَنِي أَبُو سَلَمَةَ بْنُ عَبْدِ الرَّحْمَنِ بْنِ عَوْفٍ الزُّهْرِيُّ، عَنْ عَبْدِ اللَّهِ بْنِ عَمْرٍو ـ رضى الله عنهما ـ قَالَ لَمَّا كَسَفَتِ الشَّمْسُ عَلَى عَهْدِ رَسُولِ اللَّهِ صلى الله عليه وسلم نُودِيَ إِنَّ الصَّلاَةَ جَامِعَةٌ‏.‏","english":{"narrator":"Narrated `Abdullah bin `Amr:","text":"\"When the sun eclipsed in the lifetime of Allah's Messenger (ﷺ) an announcement was made that a prayer \nwas to be offered in congregation.\""}},{"id":7,"idInBook":7,"chapterId":16,"bookId":1,"arabic":"حَدَّثَنَا يَحْيَى بْنُ بُكَيْرٍ، قَالَ حَدَّثَنِي اللَّيْثُ، عَنْ عُقَيْلٍ، عَنِ ابْنِ شِهَابٍ، ح وَحَدَّثَنِي أَحْمَدُ بْنُ صَالِحٍ، قَالَ حَدَّثَنَا عَنْبَسَةُ، قَالَ حَدَّثَنَا يُونُسُ، عَنِ ابْنِ شِهَابٍ، حَدَّثَنِي عُرْوَةُ، عَنْ عَائِشَةَ، زَوْجِ النَّبِيِّ صلى الله عليه وسلم قَالَتْ خَسَفَتِ الشَّمْسُ فِي حَيَاةِ النَّبِيِّ صلى الله عليه وسلم فَخَرَجَ إِلَى الْمَسْجِدِ فَصَفَّ النَّاسُ وَرَاءَهُ، فَكَبَّرَ فَاقْتَرَأَ رَسُولُ اللَّهِ صلى الله عليه وسلم قِرَاءَةً طَوِيلَةً، ثُمَّ كَبَّرَ فَرَكَعَ رُكُوعًا طَوِيلاً، ثُمَّ قَالَ سَمِعَ اللَّهُ لِمَنْ حَمِدَهُ‏.‏ فَقَامَ وَلَمْ يَسْجُدْ، وَقَرَأَ قِرَاءَةً طَوِيلَةً، هِيَ أَدْنَى مِنَ الْقِرَاءَةِ الأُولَى، ثُمَّ كَبَّرَ وَرَكَعَ رُكُوعًا طَوِيلاً، وَهْوَ أَدْنَى مِنَ الرُّكُوعِ الأَوَّلِ، ثُمَّ قَالَ سَمِعَ اللَّهُ لِمَنْ حَمِدَهُ، رَبَّنَا وَلَكَ الْحَمْدُ‏.‏ ثُمَّ سَجَدَ، ثُمَّ قَالَ فِي الرَّكْعَةِ الآخِرَةِ مِثْلَ ذَلِكَ، فَاسْتَكْمَلَ أَرْبَعَ رَكَعَاتٍ فِي أَرْبَعِ سَجَدَاتٍ، وَانْجَلَتِ الشَّمْسُ قَبْلَ أَنْ يَنْصَرِفَ، ثُمَّ قَامَ فَأَثْنَى عَلَى اللَّهِ بِمَا هُوَ أَهْلُهُ ثُمَّ قَالَ ‏\n\"‏ هُمَا آيَتَانِ مِنْ آيَاتِ اللَّهِ، لاَ يَخْسِفَانِ لِمَوْتِ أَحَدٍ وَلاَ لِحَيَاتِهِ، فَإِذَا رَأَيْتُمُوهُمَا فَافْزَعُوا إِلَى الصَّلاَةِ ‏\"‏‏.‏ وَكَانَ يُحَدِّثُ كَثِيرُ بْنُ عَبَّاسٍ أَنَّ عَبْدَ اللَّهِ بْنَ عَبَّاسٍ ـ رضى الله عنهما ـ كَانَ يُحَدِّثُ يَوْمَ خَسَفَتِ الشَّمْسُ بِمِثْلِ حَدِيثِ عُرْوَةَ عَنْ عَائِشَةَ‏.‏ فَقُلْتُ لِعُرْوَةَ إِنَّ أَخَاكَ يَوْمَ خَسَفَتْ بِالْمَدِينَةِ لَمْ يَزِدْ عَلَى رَكْعَتَيْنِ مِثْلَ الصُّبْحِ‏.‏ قَالَ أَجَلْ لأَنَّهُ أَخْطَأَ السُّنَّةَ‏.‏","english":{"narrator":"Narrated `Aisha:","text":"(the wife of the Prophet (p.b.u.h) In the lifetime of the Prophet (ﷺ) the sun eclipsed and he went to the \nMosque and the people aligned behind him. He said the Takbir (starting the prayer) and prolonged the \nrecitation (from the Qur'an) and then said Takbir and performed a prolonged bowing; then he (lifted \nhis head and) said, \"Sami allahu liman hamidah\" (Allah heard him who sent his praises to Him). He \nthen did not prostrate but stood up and recited a prolonged recitation which was shorter than the first \nrecitation. He again said Takbir and then bowed a prolonged bowing but shorter than the first one and \nthen said, \"Sami`a l-lahu Lyman hamidah Rabbana walak-lhamd, (Allah heard him who sent his \npraises to Him. O our Sustainer! All the praises are for You)\" and then prostrated and did the same in \nthe second rak`a; thus he completed four bowing and four prostrations. The sun (eclipse) had cleared \nbefore he finished the prayer. (After the prayer) he stood up, glorified and praised Allah as He \ndeserved and then said, \"The sun and the moon are two of the signs of Allah. They do not eclipse \nbecause of the death or the life (i.e. birth) of someone. When you see them make haste for the prayer.\" \nNarrated Az-Zuhri: I said to 'Urwa, \"When the sun eclipsed at Medina your brother (`Abdullah bin Az-Zubair) offered only a two-rak`at prayer like that of the morning (Fajr) prayer.\" 'Urwa replied, \"Yes, \nfor he missed the Prophet's tradition (concerning this matter).\""}},{"id":8,"idInBook":8,"chapterId":16,"bookId":1,"arabic":"حَدَّثَنَا سَعِيدُ بْنُ عُفَيْرٍ، قَالَ حَدَّثَنَا اللَّيْثُ، حَدَّثَنِي عُقَيْلٌ، عَنِ ابْنِ شِهَابٍ، قَالَ أَخْبَرَنِي عُرْوَةُ بْنُ الزُّبَيْرِ، أَنَّ عَائِشَةَ، زَوْجَ النَّبِيِّ صلى الله عليه وسلم أَخْبَرَتْهُ‏.‏ أَنَّ رَسُولَ اللَّهِ صلى الله عليه وسلم صَلَّى يَوْمَ خَسَفَتِ الشَّمْسُ، فَقَامَ فَكَبَّرَ، فَقَرَأَ قِرَاءَةً طَوِيلَةً، ثُمَّ رَكَعَ رُكُوعًا طَوِيلاً، ثُمَّ رَفَعَ رَأْسَهُ، فَقَالَ سَمِعَ اللَّهُ لِمَنْ حَمِدَهُ‏.‏ وَقَامَ كَمَا هُوَ، ثُمَّ قَرَأَ قِرَاءَةً طَوِيلَةً، وَهْىَ أَدْنَى مِنَ الْقِرَاءَةِ الأُولَى، ثُمَّ رَكَعَ رُكُوعًا طَوِيلاً، وَهْىَ أَدْنَى مِنَ الرَّكْعَةِ الأُولَى، ثُمَّ سَجَدَ سُجُودًا طَوِيلاً، ثُمَّ فَعَلَ فِي الرَّكْعَةِ الآخِرَةِ مِثْلَ ذَلِكَ، ثُمَّ سَلَّمَ وَقَدْ تَجَلَّتِ الشَّمْسُ، فَخَطَبَ النَّاسَ، فَقَالَ فِي كُسُوفِ الشَّمْسِ وَالْقَمَرِ ‏\n\"‏ إِنَّهُمَا آيَتَانِ مِنْ آيَاتِ اللَّهِ، لاَ يَخْسِفَانِ لِمَوْتِ أَحَدٍ وَلاَ لِحَيَاتِهِ، فَإِذَا رَأَيْتُمُوهُمَا فَافْزَعُوا إِلَى الصَّلاَةِ ‏\"‏‏.‏","english":{"narrator":"Narrated Aisha:","text":"(the wife of the Prophet) On the day when the sun Khasafat (eclipsed) Allah's Messenger (ﷺ) prayed; he \nstood up and said Takbir and recited a prolonged recitation, then he performed a prolonged bowing, \nthen he raised his head and said, \"Sami`a l-lahu Lyman Hamidah,\" and then remained standing and \nrecited a prolonged recitation which was shorter than the first. Then he performed a prolonged bowing \nwhich was shorter than the first. Then he prostrated and prolonged the prostration and he did the same \nin the second rak`a as in the first and then finished the prayer with Taslim. By that time the sun \n(eclipse) had cleared He addressed the people and said, \"The sun and the moon are two of the signs of \nAllah; they do not eclipse (Yakhsifan) because of the death or the life (i.e. birth) of someone. So when \nyou see them make haste for the prayer.\""}},{"id":9,"idInBook":9,"chapterId":16,"bookId":1,"arabic":"حَدَّثَنَا قُتَيْبَةُ بْنُ سَعِيدٍ، قَالَ حَدَّثَنَا حَمَّادُ بْنُ زَيْدٍ، عَنْ يُونُسَ، عَنِ الْحَسَنِ، عَنْ أَبِي بَكْرَةَ، قَالَ قَالَ رَسُولُ اللَّهِ صلى الله عليه وسلم ‏\"‏ إِنَّ الشَّمْسَ وَالْقَمَرَ آيَتَانِ مِنْ آيَاتِ اللَّهِ، لاَ يَنْكَسِفَانِ لِمَوْتِ أَحَدٍ، وَلَكِنَّ اللَّهَ تَعَالَى يُخَوِّفُ بِهَا عِبَادَهُ ‏\"‏‏.‏ وَقَالَ أَبُو عَبْدِ اللَّهِ لَمْ يَذْكُرْ عَبْدُ الْوَارِثِ وَشُعْبَةُ وَخَالِدُ بْنُ عَبْدِ اللَّهِ وَحَمَّادُ بْنُ سَلَمَةَ عَنْ يُونُسَ ‏\"‏ يُخَوِّفُ بِهَا عِبَادَهُ ‏\"‏‏.‏ وَتَابَعَهُ مُوسَى عَنْ مُبَارَكٍ عَنِ الْحَسَنِ قَالَ أَخْبَرَنِي أَبُو بَكْرَةَ عَنِ النَّبِيِّ صلى الله عليه وسلم‏.‏ ‏\"‏ إِنَّ اللَّهَ تَعَالَى يُخَوِّفُ بِهِمَا عِبَادَهُ ‏\"‏‏.‏ وَتَابَعَهُ أَشْعَثُ عَنِ الْحَسَنِ‏.‏","english":{"narrator":"Narrated Abu Bakra:","text":"Allah's Messenger (ﷺ) said: \"The sun and the moon are two signs amongst the signs of Allah and they do not \neclipse because of the death of someone but Allah frightens His devotees with them.\""}},{"id":10,"idInBook":10,"chapterId":16,"bookId":1,"arabic":"حَدَّثَنَا عَبْدُ اللَّهِ بْنُ مَسْلَمَةَ، عَنْ مَالِكٍ، عَنْ يَحْيَى بْنِ سَعِيدٍ، عَنْ عَمْرَةَ بِنْتِ عَبْدِ الرَّحْمَنِ، عَنْ عَائِشَةَ، زَوْجِ النَّبِيِّ صلى الله عليه وسلم أَنَّ يَهُودِيَّةً جَاءَتْ تَسْأَلُهَا فَقَالَتْ لَهَا أَعَاذَكِ اللَّهُ مِنْ عَذَابِ الْقَبْرِ‏.‏ فَسَأَلَتْ عَائِشَةُ ـ رضى الله عنها ـ رَسُولَ اللَّهِ صلى الله عليه وسلم أَيُعَذَّبُ النَّاسُ فِي قُبُورِهِمْ فَقَالَ رَسُولُ اللَّهِ صلى الله عليه وسلم عَائِذًا بِاللَّهِ مِنْ ذَلِكَ‏.‏ ثُمَّ رَكِبَ رَسُولُ اللَّهِ صلى الله عليه وسلم ذَاتَ غَدَاةٍ مَرْكَبًا، فَخَسَفَتِ الشَّمْسُ، فَرَجَعَ ضُحًى، فَمَرَّ رَسُولُ اللَّهِ صلى الله عليه وسلم بَيْنَ ظَهْرَانَىِ الْحُجَرِ، ثُمَّ قَامَ يُصَلِّي، وَقَامَ النَّاسُ وَرَاءَهُ، فَقَامَ قِيَامًا طَوِيلاً، ثُمَّ رَكَعَ رُكُوعًا طَوِيلاً، ثُمَّ رَفَعَ فَقَامَ قِيَامًا طَوِيلاً، وَهْوَ دُونَ الْقِيَامِ الأَوَّلِ ثُمَّ رَكَعَ رُكُوعًا طَوِيلاً، وَهْوَ دُونَ الرُّكُوعِ الأَوَّلِ، ثُمَّ رَفَعَ فَسَجَدَ، ثُمَّ قَامَ فَقَامَ قِيَامًا طَوِيلاً، وَهْوَ دُونَ الْقِيَامِ الأَوَّلِ، ثُمَّ رَكَعَ رُكُوعًا طَوِيلاً وَهْوَ دُونَ الرُّكُوعِ الأَوَّلِ، ثُمَّ قَامَ قِيَامًا طَوِيلاً وَهْوَ دُونَ الْقِيَامِ الأَوَّلِ، ثُمَّ رَكَعَ رُكُوعًا طَوِيلاً وَهْوَ دُونَ الرُّكُوعِ الأَوَّلِ، ثُمَّ رَفَعَ فَسَجَدَ وَانْصَرَفَ، فَقَالَ مَا شَاءَ اللَّهُ أَنْ يَقُولَ، ثُمَّ أَمَرَهُمْ أَنْ يَتَعَوَّذُوا مِنْ عَذَابِ الْقَبْرِ‏.‏","english":{"narrator":"Narrated `Amra bint `Abdur-Rahman:","text":"A Jewess came to ask `Aisha (the wife of the Prophet) about something. She said to her, \"May Allah \ngive you refuge from the punishment of the grave.\" So `Aisha ' asked Allah's Messenger (ﷺ) \"Would the \npeople be punished in their graves?\" Allah's Messenger (ﷺ) after seeking refuge with Allah from the \npunishment of the grave (and thus replied in the affirmative). Then one day, Allah's Messenger (ﷺ) rode to go \nto some place but the sun eclipsed. He returned in the forenoon and passed through the rear of the \ndwellings (of his wives) and stood for the (eclipse) prayer, and the people stood behind him. He stood \nup for a long period and then performed a prolonged bowing which was shorter than the first bowing. \nThen he raised his head and prostrated. Then he stood up (for the second rak`a) for a long while but \nthe standing was shorter than that of the first rak`a. Then he performed a prolonged bowing which was \nshorter than the first one. Then he raised his head and prostrated. Then he stood up for a long time but \nshorter than the first. Then he performed a prolonged bowing but shorter than the first. Then he raised \nhis head and prostrated and finished the prayer and (then delivered the sermon and) said as much as \nAllah wished. And then he ordered the people to seek refuge with Allah from the punishment of the \ngrave."}},{"id":11,"idInBook":11,"chapterId":16,"bookId":1,"arabic":"حَدَّثَنَا أَبُو نُعَيْمٍ، قَالَ حَدَّثَنَا شَيْبَانُ، عَنْ يَحْيَى، عَنْ أَبِي سَلَمَةَ، عَنْ عَبْدِ اللَّهِ بْنِ عَمْرٍو، أَنَّهُ قَالَ لَمَّا كَسَفَتِ الشَّمْسُ عَلَى عَهْدِ رَسُولِ اللَّهِ صلى الله عليه وسلم نُودِيَ إِنَّ الصَّلاَةَ جَامِعَةٌ فَرَكَعَ النَّبِيُّ صلى الله عليه وسلم رَكْعَتَيْنِ فِي سَجْدَةٍ ثُمَّ قَامَ فَرَكَعَ رَكْعَتَيْنِ فِي سَجْدَةٍ، ثُمَّ جَلَسَ، ثُمَّ جُلِّيَ عَنِ الشَّمْسِ‏.‏ قَالَ وَقَالَتْ عَائِشَةُ ـ رضى الله عنها ـ مَا سَجَدْتُ سُجُودًا قَطُّ كَانَ أَطْوَلَ مِنْهَا‏.‏","english":{"narrator":"Narrated `Abdullah bin `Amr:","text":"When the sun eclipsed in the lifetime of Allah's Messenger (ﷺ) and an announcement was made that the \nprayer was to be held in congregation. The Prophet (ﷺ) performed two bowing in one rak`a. Then he stood \nup and performed two bowing in one rak`a. Then he sat down and finished the prayer; and by then the \n(eclipse) had cleared `Aisha said, \"I had never performed such a long prostration.\""}},{"id":12,"idInBook":12,"chapterId":16,"bookId":1,"arabic":"حَدَّثَنَا عَبْدُ اللَّهِ بْنُ مَسْلَمَةَ، عَنْ مَالِكٍ، عَنْ زَيْدِ بْنِ أَسْلَمَ، عَنْ عَطَاءِ بْنِ يَسَارٍ، عَنْ عَبْدِ اللَّهِ بْنِ عَبَّاسٍ، قَالَ انْخَسَفَتِ الشَّمْسُ عَلَى عَهْدِ رَسُولِ اللَّهِ صلى الله عليه وسلم، فَصَلَّى رَسُولُ اللَّهِ صلى الله عليه وسلم، فَقَامَ قِيَامًا طَوِيلاً نَحْوًا مِنْ قِرَاءَةِ سُورَةِ الْبَقَرَةِ، ثُمَّ رَكَعَ رُكُوعًا طَوِيلاً، ثُمَّ رَفَعَ فَقَامَ قِيَامًا طَوِيلاً، وَهْوَ دُونَ الْقِيَامِ الأَوَّلِ، ثُمَّ رَكَعَ رُكُوعًا طَوِيلاً، وَهْوَ دُونَ الرُّكُوعِ الأَوَّلِ، ثُمَّ سَجَدَ، ثُمَّ قَامَ قِيَامًا طَوِيلاً وَهْوَ دُونَ الْقِيَامِ الأَوَّلِ، ثُمَّ رَكَعَ رُكُوعًا طَوِيلاً، وَهْوَ دُونَ الرُّكُوعِ الأَوَّلِ، ثُمَّ رَفَعَ فَقَامَ قِيَامًا طَوِيلاً، وَهْوَ دُونَ الْقِيَامِ الأَوَّلِ، ثُمَّ رَكَعَ رُكُوعًا طَوِيلاً، وَهْوَ دُونَ الرُّكُوعِ الأَوَّلِ، ثُمَّ سَجَدَ، ثُمَّ انْصَرَفَ وَقَدْ تَجَلَّتِ الشَّمْسُ، فَقَالَ صلى الله عليه وسلم ‏\"‏ إِنَّ الشَّمْسَ وَالْقَمَرَ آيَتَانِ مِنْ آيَاتِ اللَّهِ، لاَ يَخْسِفَانِ لِمَوْتِ أَحَدٍ وَلاَ لِحَيَاتِهِ، فَإِذَا رَأَيْتُمْ ذَلِكَ فَاذْكُرُوا اللَّهَ ‏\"‏‏.‏ قَالُوا يَا رَسُولَ اللَّهِ، رَأَيْنَاكَ تَنَاوَلْتَ شَيْئًا فِي مَقَامِكَ، ثُمَّ رَأَيْنَاكَ كَعْكَعْتَ‏.‏ قَالَ صلى الله عليه وسلم ‏\"‏ إِنِّي رَأَيْتُ الْجَنَّةَ، فَتَنَاوَلْتُ عُنْقُودًا، وَلَوْ أَصَبْتُهُ لأَكَلْتُمْ مِنْهُ مَا بَقِيَتِ الدُّنْيَا، وَأُرِيتُ النَّارَ، فَلَمْ أَرَ مَنْظَرًا كَالْيَوْمِ قَطُّ أَفْظَعَ، وَرَأَيْتُ أَكْثَرَ أَهْلِهَا النِّسَاءَ ‏\"‏‏.‏ قَالُوا بِمَ يَا رَسُولَ اللَّهِ قَالَ ‏\"‏ بِكُفْرِهِنَّ ‏\"‏‏.‏ قِيلَ يَكْفُرْنَ بِاللَّهِ قَالَ ‏\"‏ يَكْفُرْنَ الْعَشِيرَ، وَيَكْفُرْنَ الإِحْسَانَ، لَوْ أَحْسَنْتَ إِلَى إِحْدَاهُنَّ الدَّهْرَ كُلَّهُ، ثُمَّ رَأَتْ مِنْكَ شَيْئًا قَالَتْ مَا رَأَيْتُ مِنْكَ خَيْرًا قَطُّ ‏\"‏‏.‏","english":{"narrator":"Narrated `Abdullah bin `Abbas:","text":"The sun eclipsed in the lifetime of the Prophet (p.b.u.h) . Allah's Messenger (ﷺ) offered the eclipse prayer \nand stood for a long period equal to the period in which one could recite Surat-al-Baqara. Then he \nbowed for a long time and then stood up for a long period which was shorter than that of the first \nstanding, then bowed again for a long time but for a shorter period than the first; then he prostrated \ntwice and then stood up for a long period which was shorter than that of the first standing; then he \nbowed for a long time which was shorter than the previous one, and then he raised his head and stood \nup for a long period which was shorter than the first standing, then he bowed for a long time which \nwas shorter than the first bowing, and then prostrated (twice) and finished the prayer. By then, the sun \n(eclipse) had cleared. The Prophet (ﷺ) then said, \"The sun and the moon are two of the signs of Allah. \nThey eclipse neither because of the death of somebody nor because of his life (i.e. birth). So when you \nsee them, remember Allah.\" The people say, \"O Allah's Messenger (ﷺ)! We saw you taking something from \nyour place and then we saw you retreating.\" The Prophet (ﷺ) replied, \"I saw Paradise and stretched my \nhands towards a bunch (of its fruits) and had I taken it, you would have eaten from it as long as the \nworld remains. I also saw the Hell-fire and I had never seen such a horrible sight. I saw that most of \nthe inhabitants were women.\" The people asked, \"O Allah's Messenger (ﷺ)! Why is it so?\" The Prophet (ﷺ) \nreplied, \"Because of their ungratefulness.\" It was asked whether they are ungrateful to Allah. The \nProphet said, \"They are ungrateful to their companions of life (husbands) and ungrateful to good \ndeeds. If you are benevolent to one of them throughout the life and if she sees anything (undesirable) \nin you, she will say, 'I have never had any good from you.' \""}},{"id":13,"idInBook":13,"chapterId":16,"bookId":1,"arabic":"حَدَّثَنَا عَبْدُ اللَّهِ بْنُ يُوسُفَ، قَالَ أَخْبَرَنَا مَالِكٌ، عَنْ هِشَامِ بْنِ عُرْوَةَ، عَنِ امْرَأَتِهِ، فَاطِمَةَ بِنْتِ الْمُنْذِرِ عَنْ أَسْمَاءَ بِنْتِ أَبِي بَكْرٍ ـ رضى الله عنهما ـ أَنَّهَا قَالَتْ أَتَيْتُ عَائِشَةَ ـ رضى الله عنها ـ زَوْجَ النَّبِيِّ صلى الله عليه وسلم حِينَ خَسَفَتِ الشَّمْسُ، فَإِذَا النَّاسُ قِيَامٌ يُصَلُّونَ، وَإِذَا هِيَ قَائِمَةٌ تُصَلِّي فَقُلْتُ مَا لِلنَّاسِ فَأَشَارَتْ بِيَدِهَا إِلَى السَّمَاءِ، وَقَالَتْ سُبْحَانَ اللَّهِ‏.‏ فَقُلْتُ آيَةٌ فَأَشَارَتْ أَىْ نَعَمْ‏.‏ قَالَتْ فَقُمْتُ حَتَّى تَجَلاَّنِي الْغَشْىُ، فَجَعَلْتُ أَصُبُّ فَوْقَ رَأْسِي الْمَاءَ، فَلَمَّا انْصَرَفَ رَسُولُ اللَّهِ صلى الله عليه وسلم حَمِدَ اللَّهَ وَأَثْنَى عَلَيْهِ ثُمَّ قَالَ ‏\n\"‏ مَا مِنْ شَىْءٍ كُنْتُ لَمْ أَرَهُ إِلاَّ قَدْ رَأَيْتُهُ فِي مَقَامِي هَذَا حَتَّى الْجَنَّةَ وَالنَّارَ، وَلَقَدْ أُوحِيَ إِلَىَّ أَنَّكُمْ تُفْتَنُونَ فِي الْقُبُورِ مِثْلَ ـ أَوْ قَرِيبًا مِنْ ـ فِتْنَةِ الدَّجَّالِ ـ لاَ أَدْرِي أَيَّتَهُمَا قَالَتْ أَسْمَاءُ ـ يُؤْتَى أَحَدُكُمْ فَيُقَالُ لَهُ مَا عِلْمُكَ بِهَذَا الرَّجُلِ فَأَمَّا الْمُؤْمِنُ ـ أَوِ الْمُوقِنُ لاَ أَدْرِي أَىَّ ذَلِكَ قَالَتْ أَسْمَاءُ ـ فَيَقُولُ مُحَمَّدٌ رَسُولُ اللَّهِ صلى الله عليه وسلم جَاءَنَا بِالْبَيِّنَاتِ وَالْهُدَى، فَأَجَبْنَا وَآمَنَّا وَاتَّبَعْنَا‏.‏ فَيُقَالُ لَهُ نَمْ صَالِحًا، فَقَدْ عَلِمْنَا إِنْ كُنْتَ لَمُوقِنًا‏.‏ وَأَمَّا الْمُنَافِقُ ـ أَوِ الْمُرْتَابُ لاَ أَدْرِي أَيَّتَهُمَا قَالَتْ أَسْمَاءُ ـ فَيَقُولُ لاَ أَدْرِي، سَمِعْتُ النَّاسَ يَقُولُونَ شَيْئًا فَقُلْتُهُ ‏\"‏‏.‏","english":{"narrator":"Narrated Fatima bint Al-Mundhir:","text":"Asma' bint Al Bakr said, \"I came to `Aisha the wife of the Prophet (p.b.u.h) during the solar eclipse. \nThe people were standing and offering the prayer and she was also praying too. I asked her, 'What has \nhappened to the people?' She pointed out with her hand towards the sky and said, 'Subhan-Allah'. I \nsaid, 'Is there a sign?' She pointed out in the affirmative.\" Asma' further said, \"I too then stood up for \nthe prayer till I fainted and then poured water on my head. When Allah's Messenger (ﷺ) had finished his \nprayer, he thanked and praised Allah and said, 'I have seen at this place of mine what I have never \nseen even Paradise and Hell. No doubt, it has been inspired to me that you will be put to trial in the \ngraves like or nearly like the trial of (Masih) Ad-Dajjal. (I do not know which one of the two Asma' \nsaid.) (The angels) will come to everyone of you and will ask what do you know about this man (i.e. \nMuhammad). The believer or a firm believer (I do not know which word Asma' said) will reply, 'He is \nMuhammad, Allah's Messenger (ﷺ) (p.b.u.h) who came to us with clear evidences and guidance, so we \naccepted his teachings, believed and followed him.' The angels will then say to him, 'Sleep peacefully \nas we knew surely that you were a firm believer.' The hypocrite or doubtful person (I do not know \nwhich word Asma' said) will say, 'I do not know. I heard the people saying something so I said it (the \nsame).' \""}},{"id":14,"idInBook":14,"chapterId":16,"bookId":1,"arabic":"حَدَّثَنَا رَبِيعُ بْنُ يَحْيَى، قَالَ حَدَّثَنَا زَائِدَةُ، عَنْ هِشَامٍ، عَنْ فَاطِمَةَ، عَنْ أَسْمَاءَ، قَالَتْ لَقَدْ أَمَرَ النَّبِيُّ صلى الله عليه وسلم بِالْعَتَاقَةِ فِي كُسُوفِ الشَّمْسِ‏.‏","english":{"narrator":"Narrated Asma:","text":"No doubt the Prophet (ﷺ) ordered people to manumit slaves during the solar eclipse."}},{"id":15,"idInBook":15,"chapterId":16,"bookId":1,"arabic":"حَدَّثَنَا إِسْمَاعِيلُ، قَالَ حَدَّثَنِي مَالِكٌ، عَنْ يَحْيَى بْنِ سَعِيدٍ، عَنْ عَمْرَةَ بِنْتِ عَبْدِ الرَّحْمَنِ، عَنْ عَائِشَةَ ـ رضى الله عنها أَنَّ يَهُودِيَّةً، جَاءَتْ تَسْأَلُهَا فَقَالَتْ أَعَاذَكِ اللَّهُ مِنْ عَذَابِ الْقَبْرِ‏.‏ فَسَأَلَتْ عَائِشَةُ رَسُولَ اللَّهِ صلى الله عليه وسلم أَيُعَذَّبُ النَّاسُ فِي قُبُورِهِمْ فَقَالَ رَسُولُ اللَّهِ صلى الله عليه وسلم عَائِذًا بِاللَّهِ مِنْ ذَلِكَ‏.‏ ثُمَّ رَكِبَ رَسُولُ اللَّهِ صلى الله عليه وسلم ذَاتَ غَدَاةٍ مَرْكَبًا، فَكَسَفَتِ الشَّمْسُ فَرَجَعَ ضُحًى، فَمَرَّ رَسُولُ اللَّهِ صلى الله عليه وسلم بَيْنَ ظَهْرَانَىِ الْحُجَرِ، ثُمَّ قَامَ فَصَلَّى، وَقَامَ النَّاسُ وَرَاءَهُ، فَقَامَ قِيَامًا طَوِيلاً، ثُمَّ رَكَعَ رُكُوعًا طَوِيلاً، ثُمَّ رَفَعَ فَقَامَ قِيَامًا طَوِيلاً، وَهْوَ دُونَ الْقِيَامِ الأَوَّلِ، ثُمَّ رَكَعَ رُكُوعًا طَوِيلاً، وَهْوَ دُونَ الرُّكُوعِ الأَوَّلِ، ثُمَّ رَفَعَ فَسَجَدَ سُجُودًا طَوِيلاً ثُمَّ قَامَ فَقَامَ قِيَامًا طَوِيلاً، وَهْوَ دُونَ الْقِيَامِ الأَوَّلِ، ثُمَّ رَكَعَ رُكُوعًا طَوِيلاً، وَهْوَ دُونَ الرُّكُوعِ الأَوَّلِ، ثُمَّ قَامَ قِيَامًا طَوِيلاً، وَهْوَ دُونَ الْقِيَامِ الأَوَّلِ، ثُمَّ رَكَعَ رُكُوعًا طَوِيلاً، وَهْوَ دُونَ الرُّكُوعِ الأَوَّلِ، ثُمَّ سَجَدَ وَهْوَ دُونَ السُّجُودِ الأَوَّلِ، ثُمَّ انْصَرَفَ فَقَالَ رَسُولُ اللَّهِ صلى الله عليه وسلم مَا شَاءَ اللَّهُ أَنْ يَقُولَ، ثُمَّ أَمَرَهُمْ أَنْ يَتَعَوَّذُوا مِنْ عَذَابِ الْقَبْرِ","english":{"narrator":"Narrated `Amra bint `Abdur-Rahman:","text":"A Jewess came to `Aisha to ask her about something and then she said, \"May Allah give you refuge \nfrom the punishment of the grave.\" So `Aisha asked Allah's Messenger (ﷺ), \"Would the people be punished \nin their graves?\" Allah's Messenger (ﷺ) asked Allah's refuge from the punishment of the grave (indicating an \naffirmative reply). Then one day Allah's Messenger (ﷺ) rode (to leave for some place) but the sun eclipsed. \nHe returned on the forenoon and passed through the rear of the dwellings (of his wives) and stood up \nand started offering the (eclipse) prayer and the people stood behind him. He stood for a long period \nand then performed a long bowing and then stood straight for a long period which was shorter than \nthat of the first standing, then he performed a prolonged bowing which was shorter than the first \nbowing, then he raised his head and prostrated for a long time and then stood up (for the second rak`a) \nfor a long while, but the standing was shorter than the standing of the first rak`a. Then he performed a \nprolonged bowing which was shorter than that of the first one. He then stood up for a long time but \nshorter than the first, then again performed a long bowing which was shorter than the first and then \nprostrated for a shorter while than that of the first prostration. Then he finished the prayer and \ndelivered the sermon and) said what Allah wished; and ordered the people to seek refuge with Allah \nfrom the punishment of the grave."}},{"id":16,"idInBook":16,"chapterId":16,"bookId":1,"arabic":"حَدَّثَنَا مُسَدَّدٌ، قَالَ حَدَّثَنَا يَحْيَى، عَنْ إِسْمَاعِيلَ، قَالَ حَدَّثَنِي قَيْسٌ، عَنْ أَبِي مَسْعُودٍ، قَالَ قَالَ رَسُولُ اللَّهِ صلى الله عليه وسلم ‏\n\"‏ الشَّمْسُ وَالْقَمَرُ لاَ يَنْكَسِفَانِ لِمَوْتِ أَحَدٍ وَلاَ لِحَيَاتِهِ، وَلَكِنَّهُمَا آيَتَانِ مِنْ آيَاتِ اللَّهِ، فَإِذَا رَأَيْتُمُوهُمَا فَصَلُّوا ‏\"‏‏.‏","english":{"narrator":"Narrated Abu Mas`ud:","text":"Allah's Messenger (ﷺ) said, \"The sun and the moon do not eclipse because of someone's death or life but they \nare two signs amongst the signs of Allah, so pray whenever you see them.\""}},{"id":17,"idInBook":17,"chapterId":16,"bookId":1,"arabic":"حَدَّثَنَا عَبْدُ اللَّهِ بْنُ مُحَمَّدٍ، قَالَ حَدَّثَنَا هِشَامٌ، أَخْبَرَنَا مَعْمَرٌ، عَنِ الزُّهْرِيِّ، وَهِشَامِ بْنِ عُرْوَةَ، عَنْ عُرْوَةَ، عَنْ عَائِشَةَ ـ رضى الله عنها ـ قَالَتْ كَسَفَتِ الشَّمْسُ عَلَى عَهْدِ رَسُولِ اللَّهِ صلى الله عليه وسلم فَقَامَ النَّبِيُّ صلى الله عليه وسلم فَصَلَّى بِالنَّاسِ، فَأَطَالَ الْقِرَاءَةَ، ثُمَّ رَكَعَ فَأَطَالَ الرُّكُوعَ، ثُمَّ رَفَعَ رَأْسَهُ فَأَطَالَ الْقِرَاءَةَ، وَهْىَ دُونَ قِرَاءَتِهِ الأُولَى، ثُمَّ رَكَعَ فَأَطَالَ الرُّكُوعَ دُونَ رُكُوعِهِ الأَوَّلِ، ثُمَّ رَفَعَ رَأْسَهُ فَسَجَدَ سَجْدَتَيْنِ، ثُمَّ قَامَ فَصَنَعَ فِي الرَّكْعَةِ الثَّانِيَةِ مِثْلَ ذَلِكَ، ثُمَّ قَامَ فَقَالَ ‏\n\"‏ إِنَّ الشَّمْسَ وَالْقَمَرَ لاَ يَخْسِفَانِ لِمَوْتِ أَحَدٍ وَلاَ لِحَيَاتِهِ، وَلَكِنَّهُمَا آيَتَانِ مِنْ آيَاتِ اللَّهِ يُرِيهِمَا عِبَادَهُ، فَإِذَا رَأَيْتُمْ ذَلِكَ فَافْزَعُوا إِلَى الصَّلاَةِ ‏\"‏‏.‏","english":{"narrator":"Narrated `Aisha:","text":"In the lifetime of the Prophet (ﷺ) the sun eclipsed and the Prophet (p.b.u.h) stood up to offer the prayer \nwith the people and recited a long recitation, then he performed a prolonged bowing, and then lifted \nhis head and recited a prolonged recitation which was shorter than the first. Then he performed a \nprolonged bowing which was shorter than the first and then lifted his head and performed two \nprostrations. He then stood up for the second rak`a and offered it like the first. Then he stood up and \nsaid, \"The sun and the moon do not eclipse because of someone's life or death but they are two signs \namongst the signs of Allah which He shows to His worshipers. So whenever you see them, make haste \nfor the prayer.\""}},{"id":18,"idInBook":18,"chapterId":16,"bookId":1,"arabic":"حَدَّثَنَا مُحَمَّدُ بْنُ الْعَلاَءِ، قَالَ حَدَّثَنَا أَبُو أُسَامَةَ، عَنْ بُرَيْدِ بْنِ عَبْدِ اللَّهِ، عَنْ أَبِي بُرْدَةَ، عَنْ أَبِي مُوسَى، قَالَ خَسَفَتِ الشَّمْسُ، فَقَامَ النَّبِيُّ صلى الله عليه وسلم فَزِعًا، يَخْشَى أَنْ تَكُونَ السَّاعَةُ، فَأَتَى الْمَسْجِدَ، فَصَلَّى بِأَطْوَلِ قِيَامٍ وَرُكُوعٍ وَسُجُودٍ رَأَيْتُهُ قَطُّ يَفْعَلُهُ وَقَالَ ‏\n\"‏ هَذِهِ الآيَاتُ الَّتِي يُرْسِلُ اللَّهُ لاَ تَكُونُ لِمَوْتِ أَحَدٍ وَلاَ لِحَيَاتِهِ، وَلَكِنْ يُخَوِّفُ اللَّهُ بِهِ عِبَادَهُ، فَإِذَا رَأَيْتُمْ شَيْئًا مِنْ ذَلِكَ فَافْزَعُوا إِلَى ذِكْرِهِ وَدُعَائِهِ وَاسْتِغْفَارِهِ ‏\"‏‏.‏","english":{"narrator":"Narrated Abu Musa:","text":"The sun eclipsed and the Prophet (ﷺ) got up, being afraid that it might be the Hour (i.e. Day of Judgment). \nHe went to the Mosque and offered the prayer with the longest Qiyam, bowing and prostration that I \nhad ever seen him doing. Then he said, \"These signs which Allah sends do not occur because of the \nlife or death of somebody, but Allah makes His worshipers afraid by them. So when you see anything \nthereof, proceed to remember Allah, invoke Him and ask for His forgiveness.\""}},{"id":19,"idInBook":19,"chapterId":16,"bookId":1,"arabic":"حَدَّثَنَا أَبُو الْوَلِيدِ، قَالَ حَدَّثَنَا زَائِدَةُ، قَالَ حَدَّثَنَا زِيَادُ بْنُ عِلاَقَةَ، قَالَ سَمِعْتُ الْمُغِيرَةَ بْنَ شُعْبَةَ، يَقُولُ انْكَسَفَتِ الشَّمْسُ يَوْمَ مَاتَ إِبْرَاهِيمُ، فَقَالَ النَّاسُ انْكَسَفَتْ لِمَوْتِ إِبْرَاهِيمَ‏.‏ فَقَالَ رَسُولُ اللَّهِ صلى الله عليه وسلم ‏\n\"‏ إِنَّ الشَّمْسَ وَالْقَمَرَ آيَتَانِ مِنْ آيَاتِ اللَّهِ، لاَ يَنْكَسِفَانِ لِمَوْتِ أَحَدٍ وَلاَ لِحَيَاتِهِ، فَإِذَا رَأَيْتُمُوهُمَا فَادْعُوا اللَّهَ وَصَلُّوا حَتَّى يَنْجَلِيَ ‏\"‏‏.‏","english":{"narrator":"Narrated Al-Mughira bin Shu`ba:","text":"On the day of Ibrahim's death, the sun eclipsed and the people said that the eclipse was due to the \ndeath of Ibrahim (the son of the Prophet). Allah's Messenger (ﷺ) said, \"The sun and the moon are two signs \namongst the signs of Allah. They do not eclipse because of someone's death or life. So when you see \nthem, invoke Allah and pray till the eclipse is clear.\""}},{"id":20,"idInBook":20,"chapterId":16,"bookId":1,"arabic":"وَقَالَ أَبُو أُسَامَةَ حَدَّثَنَا هِشَامٌ، قَالَ أَخْبَرَتْنِي فَاطِمَةُ بِنْتُ الْمُنْذِرِ، عَنْ أَسْمَاءَ، قَالَتْ فَانْصَرَفَ رَسُولُ اللَّهِ صلى الله عليه وسلم وَقَدْ تَجَلَّتِ الشَّمْسُ فَخَطَبَ، فَحَمِدَ اللَّهَ بِمَا هُوَ أَهْلُهُ ثُمَّ قَالَ ‏\n\"‏ أَمَّا بَعْدُ ‏\"‏‏.‏","english":{"narrator":"","text":"And this was narrated by Asma' who said, \"Allah's Messenger (ﷺ) finished the eclipse prayer and by then the sun (eclipse) had cleared. Then he delivered the Khutba (religious talk) and praised Allah as He deserved and then said Amma ba'du.\""}},{"id":21,"idInBook":21,"chapterId":16,"bookId":1,"arabic":"حَدَّثَنَا مَحْمُودٌ، قَالَ حَدَّثَنَا سَعِيدُ بْنُ عَامِرٍ، عَنْ شُعْبَةَ، عَنْ يُونُسَ، عَنِ الْحَسَنِ، عَنْ أَبِي بَكْرَةَ ـ رضى الله عنه ـ قَالَ انْكَسَفَتِ الشَّمْسُ عَلَى عَهْدِ رَسُولِ اللَّهِ صلى الله عليه وسلم فَصَلَّى رَكْعَتَيْنِ‏.‏","english":{"narrator":"Narrated Abu Bakra:","text":"In the lifetime of the Prophet (ﷺ) the sun eclipsed and then he offered a two rak`at prayer."}},{"id":22,"idInBook":22,"chapterId":16,"bookId":1,"arabic":"حَدَّثَنَا أَبُو مَعْمَرٍ، قَالَ حَدَّثَنَا عَبْدُ الْوَارِثِ، قَالَ حَدَّثَنَا يُونُسُ، عَنِ الْحَسَنِ، عَنْ أَبِي بَكْرَةَ، قَالَ خَسَفَتِ الشَّمْسُ عَلَى عَهْدِ رَسُولِ اللَّهِ صلى الله عليه وسلم فَخَرَجَ يَجُرُّ رِدَاءَهُ حَتَّى انْتَهَى إِلَى الْمَسْجِدِ، وَثَابَ النَّاسُ إِلَيْهِ فَصَلَّى بِهِمْ رَكْعَتَيْنِ، فَانْجَلَتِ الشَّمْسُ فَقَالَ ‏\n\"‏ إِنَّ الشَّمْسَ وَالْقَمَرَ آيَتَانِ مِنْ آيَاتِ اللَّهِ، وَإِنَّهُمَا لاَ يَخْسِفَانِ لِمَوْتِ أَحَدٍ، وَإِذَا كَانَ ذَاكَ فَصَلُّوا وَادْعُوا حَتَّى يُكْشَفَ مَا بِكُمْ ‏\"‏‏.‏ وَذَاكَ أَنَّ ابْنًا لِلنَّبِيِّ صلى الله عليه وسلم مَاتَ، يُقَالُ لَهُ إِبْرَاهِيمُ، فَقَالَ النَّاسُ فِي ذَاكَ‏.‏","english":{"narrator":"Narrated Abu Bakra:","text":"In the lifetime of the Allah's Messenger (ﷺ) (p.b.u.h) the sun eclipsed and he went out dragging his clothes \ntill he reached the Mosque. The people gathered around him and he led them and offered two rak`at. \nWhen the sun (eclipse) cleared, he said, \"The sun and the moon are two signs amongst the signs of \nAllah; they do not eclipse because of the death of someone, and so when an eclipse occurs, pray and \ninvoke Allah till the eclipse is over.\" It happened that a son of the Prophet (ﷺ) called Ibrahim died on that \nday and the people were talking about that (saying that the eclipse was caused by his death)."}},{"id":23,"idInBook":23,"chapterId":16,"bookId":1,"arabic":"حَدَّثَنَا مَحْمُودٌ، قَالَ حَدَّثَنَا أَبُو أَحْمَدَ، قَالَ حَدَّثَنَا سُفْيَانُ، عَنْ يَحْيَى، عَنْ عَمْرَةَ، عَنْ عَائِشَةَ ـ رضى الله عنها أَنَّ النَّبِيَّ صلى الله عليه وسلم صَلَّى بِهِمْ فِي كُسُوفِ الشَّمْسِ أَرْبَعَ رَكَعَاتٍ فِي سَجْدَتَيْنِ، الأَوَّلُ الأَوَّلُ أَطْوَلُ‏.‏","english":{"narrator":"Narrated Aisha:","text":"The Prophet (ﷺ) led us and performed four bowing in two rak`at during the solar eclipse and the first rak`a \nwas longer."}},{"id":24,"idInBook":24,"chapterId":16,"bookId":1,"arabic":"حَدَّثَنَا مُحَمَّدُ بْنُ مِهْرَانَ، قَالَ حَدَّثَنَا الْوَلِيدُ، قَالَ أَخْبَرَنَا ابْنُ نَمِرٍ، سَمِعَ ابْنَ شِهَابٍ، عَنْ عُرْوَةَ، عَنْ عَائِشَةَ ـ رضى الله عنها ـ جَهَرَ النَّبِيُّ صلى الله عليه وسلم فِي صَلاَةِ الْخُسُوفِ بِقِرَاءَتِهِ، فَإِذَا فَرَغَ مِنْ قِرَاءَتِهِ كَبَّرَ فَرَكَعَ، وَإِذَا رَفَعَ مِنَ الرَّكْعَةِ قَالَ سَمِعَ اللَّهُ لِمَنْ حَمِدَهُ، رَبَّنَا وَلَكَ الْحَمْدُ‏.‏ ثُمَّ يُعَاوِدُ الْقِرَاءَةَ فِي صَلاَةِ الْكُسُوفِ، أَرْبَعَ رَكَعَاتٍ فِي رَكْعَتَيْنِ وَأَرْبَعَ سَجَدَاتٍ‏.‏ وَقَالَ الأَوْزَاعِيُّ وَغَيْرُهُ سَمِعْتُ الزُّهْرِيَّ، عَنْ عُرْوَةَ، عَنْ عَائِشَةَ ـ رضى الله عنها ـ أَنَّ الشَّمْسَ، خَسَفَتْ عَلَى عَهْدِ رَسُولِ اللَّهِ صلى الله عليه وسلم فَبَعَثَ مُنَادِيًا بِالصَّلاَةُ جَامِعَةٌ، فَتَقَدَّمَ فَصَلَّى أَرْبَعَ رَكَعَاتٍ فِي رَكْعَتَيْنِ وَأَرْبَعَ سَجَدَاتٍ‏.‏ وَأَخْبَرَنِي عَبْدُ الرَّحْمَنِ بْنُ نَمِرٍ سَمِعَ ابْنَ شِهَابٍ مِثْلَهُ‏.‏ قَالَ الزُّهْرِيُّ فَقُلْتُ مَا صَنَعَ أَخُوكَ ذَلِكَ، عَبْدُ اللَّهِ بْنُ الزُّبَيْرِ مَا صَلَّى إِلاَّ رَكْعَتَيْنِ مِثْلَ الصُّبْحِ إِذْ صَلَّى بِالْمَدِينَةِ‏.‏ قَالَ أَجَلْ، إِنَّهُ أَخْطَأَ السُّنَّةَ‏.‏ تَابَعَهُ سُفْيَانُ بْنُ حُسَيْنٍ وَسُلَيْمَانُ بْنُ كَثِيرٍ عَنِ الزُّهْرِيِّ فِي الْجَهْرِ‏.‏","english":{"narrator":"Narrated `Aisha:","text":"The Prophet (p.b.u.h) recited (the Qur'an) aloud during the eclipse prayer and when he had finished \nthe eclipse prayer he said the Takbir and bowed. When he stood straight from bowing he would say \n\"Sami 'allahu liman hamidah Rabbana wa laka l-hamd.\" And he would again start reciting. In the \neclipse prayer there are four bowing and four prostrations in two rak`at. Al-Auza'i and others said that \nthey had heard Az-Zuhri from 'Urwa from `Aisha saying, \"In the lifetime of Allah's Messenger (ﷺ) the sun \neclipsed, and he made a person to announce: 'Prayer in congregation.' He led the prayer and performed \nfour bowing and four prostrations in two rak`at.\" Narrated Al-Walid that `Abdur-Rahman bin Namir \nhad informed him that he had heard the same. Ibn Shihab heard the same. Az-Zuhri said, \"I asked \n('Urwa), 'What did your brother `Abdullah bin Az-Zubair do? He prayed two rak`at (of the eclipse \nprayer) like the morning prayer, when he offered the (eclipse) prayer in Medina.' 'Urwa replied that he \nhad missed (i.e. did not pray according to) the Prophet's tradition.\" Sulaiman bin Kathir and Sufyan \nbin Husain narrated from Az-Zuhri that the prayer for the eclipse used to be offered with loud \nrecitation."}}],"chapter":{"id":16,"bookId":1,"arabic":"كتاب الكسوف","english":"Eclipses"}}