{"metadata":{"length":13,"arabic":{"title":"صحيح البخاري","author":"الإمام محمد بن إسماعيل البخاري","introduction":"كتاب سجود القرآن"},"english":{"title":"Sahih al-Bukhari","author":"Imam Muhammad ibn Ismail al-Bukhari","introduction":"Prostration During Recital of Qur'an"}},"hadiths":[{"id":1,"idInBook":1,"chapterId":17,"bookId":1,"arabic":"حَدَّثَنَا مُحَمَّدُ بْنُ بَشَّارٍ، قَالَ حَدَّثَنَا غُنْدَرٌ، قَالَ حَدَّثَنَا شُعْبَةُ، عَنْ أَبِي إِسْحَاقَ، قَالَ سَمِعْتُ الأَسْوَدَ، عَنْ عَبْدِ اللَّهِ ـ رضى الله عنه ـ قَالَ قَرَأَ النَّبِيُّ صلى الله عليه وسلم النَّجْمَ بِمَكَّةَ فَسَجَدَ فِيهَا، وَسَجَدَ مَنْ مَعَهُ، غَيْرَ شَيْخٍ أَخَذَ كَفًّا مِنْ حَصًى أَوْ تُرَابٍ فَرَفَعَهُ إِلَى جَبْهَتِهِ وَقَالَ يَكْفِينِي هَذَا‏.‏ فَرَأَيْتُهُ بَعْدَ ذَلِكَ قُتِلَ كَافِرًا‏.‏","english":{"narrator":"Narrated `Abdullah bin Mas`ud:","text":"The Prophet (ﷺ) recited Suratan-Najm (103) at Mecca and prostrated while reciting it and those who were \nwith him did the same except an old man who took a handful of small stones or earth and lifted it to \nhis forehead and said, \"This is sufficient for me.\" Later on, I saw him killed as a non-believer."}},{"id":2,"idInBook":2,"chapterId":17,"bookId":1,"arabic":"حَدَّثَنَا مُحَمَّدُ بْنُ يُوسُفَ، حَدَّثَنَا سُفْيَانُ، عَنْ سَعْدِ بْنِ إِبْرَاهِيمَ، عَنْ عَبْدِ الرَّحْمَنِ، عَنْ أَبِي هُرَيْرَةَ ـ رضى الله عنه ـ قَالَ كَانَ النَّبِيُّ صلى الله عليه وسلم يَقْرَأُ فِي الْجُمُعَةِ فِي صَلاَةِ الْفَجْرِ ‏{‏الم * تَنْزِيلُ‏}‏ السَّجْدَةَ وَ‏{‏هَلْ أَتَى عَلَى الإِنْسَانِ‏}‏","english":{"narrator":"Narrated Abu Huraira:","text":"On Fridays the Prophet (ﷺ) used to recite Alif Lam Mim Tanzil-As-Sajda (in the first rak`a) and Hal \nata `alal-insani i.e. Surat ad-Dahr (LXXVI) (in the second rak`a), in the Fajr prayer."}},{"id":3,"idInBook":3,"chapterId":17,"bookId":1,"arabic":"حَدَّثَنَا سُلَيْمَانُ بْنُ حَرْبٍ، وَأَبُو النُّعْمَانِ، قَالاَ حَدَّثَنَا حَمَّادٌ، عَنْ أَيُّوبَ، عَنْ عِكْرِمَةَ، عَنِ ابْنِ عَبَّاسٍ ـ رضى الله عنهما ـ قَالَ ‏{‏ص‏}‏ لَيْسَ مِنْ عَزَائِمِ السُّجُودِ، وَقَدْ رَأَيْتُ النَّبِيَّ صلى الله عليه وسلم يَسْجُدُ فِيهَا‏.‏","english":{"narrator":"Narrated Ibn `Abbas:","text":"The prostration of Sa`d is not a compulsory one but I saw the Prophet (ﷺ) prostrating while reciting it."}},{"id":4,"idInBook":4,"chapterId":17,"bookId":1,"arabic":"حَدَّثَنَا حَفْصُ بْنُ عُمَرَ، قَالَ حَدَّثَنَا شُعْبَةُ، عَنْ أَبِي إِسْحَاقَ، عَنِ الأَسْوَدِ، عَنْ عَبْدِ اللَّهِ ـ رضى الله عنه ـ أَنَّ النَّبِيَّ صلى الله عليه وسلم قَرَأَ سُورَةَ النَّجْمِ فَسَجَدَ بِهَا، فَمَا بَقِيَ أَحَدٌ مِنَ الْقَوْمِ إِلاَّ سَجَدَ، فَأَخَذَ رَجُلٌ مِنَ الْقَوْمِ كَفًّا مِنْ حَصًى أَوْ تُرَابٍ، فَرَفَعَهُ إِلَى وَجْهِهِ وَقَالَ يَكْفِينِي هَذَا، فَلَقَدْ رَأَيْتُهُ بَعْدُ قُتِلَ كَافِرًا‏.‏","english":{"narrator":"Narrated `Abdullah bin Mas`ud:","text":"The Prophet (ﷺ) recited Surat-an-Najm (53) and prostrated while reciting it and all the people prostrated and a man amongst the people took a handful of stones or earth and raised it to his face and said, \"This is sufficient for me. Later on I saw him killed as a non-believer.\""}},{"id":5,"idInBook":5,"chapterId":17,"bookId":1,"arabic":"حَدَّثَنَا مُسَدَّدٌ، قَالَ حَدَّثَنَا عَبْدُ الْوَارِثِ، قَالَ حَدَّثَنَا أَيُّوبُ، عَنْ عِكْرِمَةَ، عَنِ ابْنِ عَبَّاسٍ ـ رضى الله عنهما أَنَّ النَّبِيَّ صلى الله عليه وسلم سَجَدَ بِالنَّجْمِ وَسَجَدَ مَعَهُ الْمُسْلِمُونَ وَالْمُشْرِكُونَ وَالْجِنُّ وَالإِنْسُ‏.‏ وَرَوَاهُ ابْنُ طَهْمَانَ عَنْ أَيُّوبَ‏.‏","english":{"narrator":"Narrated Ibn `Abbas:","text":"The Prophet (ﷺ) I prostrated while reciting An-Najm and with him prostrated the Muslims, the pagans, the \njinns, and all human beings."}},{"id":6,"idInBook":6,"chapterId":17,"bookId":1,"arabic":"حَدَّثَنَا سُلَيْمَانُ بْنُ دَاوُدَ أَبُو الرَّبِيعِ، قَالَ حَدَّثَنَا إِسْمَاعِيلُ بْنُ جَعْفَرٍ، قَالَ أَخْبَرَنَا يَزِيدُ بْنُ خُصَيْفَةَ، عَنِ ابْنِ قُسَيْطٍ، عَنْ عَطَاءِ بْنِ يَسَارٍ، أَنَّهُ أَخْبَرَهُ، أَنَّهُ، سَأَلَ زَيْدَ بْنَ ثَابِتٍ ـ رضى الله عنه ـ فَزَعَمَ أَنَّهُ قَرَأَ عَلَى النَّبِيِّ صلى الله عليه وسلم ‏{‏وَالنَّجْمِ‏}‏ فَلَمْ يَسْجُدْ فِيهَا‏.‏","english":{"narrator":"Narrated `Ata' bin Yasar:","text":"I asked Zaid bin Thabit about prostration on which he said that he had recited An-Najm before the \nProphet, yet he (the Prophet) had not performed a prostration."}},{"id":7,"idInBook":7,"chapterId":17,"bookId":1,"arabic":"حَدَّثَنَا آدَمُ بْنُ أَبِي إِيَاسٍ، قَالَ حَدَّثَنَا ابْنُ أَبِي ذِئْبٍ، قَالَ حَدَّثَنَا يَزِيدُ بْنُ عَبْدِ اللَّهِ بْنِ قُسَيْطٍ، عَنْ عَطَاءِ بْنِ يَسَارٍ، عَنْ زَيْدِ بْنِ ثَابِتٍ، قَالَ قَرَأْتُ عَلَى النَّبِيِّ صلى الله عليه وسلم ‏{‏وَالنَّجْمِ‏}‏ فَلَمْ يَسْجُدْ فِيهَا‏.‏","english":{"narrator":"Narrated Zaid bin Thabit:","text":"I recited An-Najm before the Prophet, yet he did not perform a prostration."}},{"id":8,"idInBook":8,"chapterId":17,"bookId":1,"arabic":"حَدَّثَنَا مُسْلِمٌ، وَمُعَاذُ بْنُ فَضَالَةَ، قَالاَ أَخْبَرَنَا هِشَامٌ، عَنْ يَحْيَى، عَنْ أَبِي سَلَمَةَ، قَالَ رَأَيْتُ أَبَا هُرَيْرَةَ ـ رضى الله عنه ـ قَرَأَ ‏{‏إِذَا السَّمَاءُ انْشَقَّتْ‏}‏ فَسَجَدَ بِهَا فَقُلْتُ يَا أَبَا هُرَيْرَةَ، أَلَمْ أَرَكَ تَسْجُدُ قَالَ لَوْ لَمْ أَرَ النَّبِيَّ صلى الله عليه وسلم يَسْجُدُ لَمْ أَسْجُدْ‏.‏","english":{"narrator":"Narrated Abu Salma:","text":"I saw Abu Huraira reciting Idha-Sama' un-Shaqqat and he prostrated during its recitation. I asked Abu \nHuraira, \"Didn't I see you prostrating?\" Abu Huraira said, \"Had I not seen the Prophet (ﷺ) prostrating, I \nwould not have prostrated.\""}},{"id":9,"idInBook":9,"chapterId":17,"bookId":1,"arabic":"حَدَّثَنَا مُسَدَّدٌ، قَالَ حَدَّثَنَا يَحْيَى، عَنْ عُبَيْدِ اللَّهِ، قَالَ حَدَّثَنِي نَافِعٌ، عَنِ ابْنِ عُمَرَ ـ رضى الله عنهما ـ قَالَ كَانَ النَّبِيُّ صلى الله عليه وسلم يَقْرَأُ عَلَيْنَا السُّورَةَ فِيهَا السَّجْدَةُ، فَيَسْجُدُ وَنَسْجُدُ، حَتَّى مَا يَجِدُ أَحَدُنَا مَوْضِعَ جَبْهَتِهِ‏.‏","english":{"narrator":"Narrated Ibn `Umar:","text":"When the Prophet (ﷺ) recited a Sura that contained the prostration he would prostrate and we would do \nthe same and some of us (because of the heavy rush) could not find a place for prostration."}},{"id":10,"idInBook":10,"chapterId":17,"bookId":1,"arabic":"حَدَّثَنَا بِشْرُ بْنُ آدَمَ، قَالَ حَدَّثَنَا عَلِيُّ بْنُ مُسْهِرٍ، قَالَ أَخْبَرَنَا عُبَيْدُ اللَّهِ، عَنْ نَافِعٍ، عَنِ ابْنِ عُمَرَ، قَالَ كَانَ النَّبِيُّ صلى الله عليه وسلم يَقْرَأُ السَّجْدَةَ وَنَحْنُ عِنْدَهُ فَيَسْجُدُ وَنَسْجُدُ مَعَهُ فَنَزْدَحِمُ حَتَّى مَا يَجِدُ أَحَدُنَا لِجَبْهَتِهِ مَوْضِعًا يَسْجُدُ عَلَيْهِ‏.‏","english":{"narrator":"Narrated Ibn `Umar:","text":"When the Prophet (ﷺ) recited Surat As-Sajda and we were with him, he would prostrate and we also \nwould prostrate with him and some of us (because of the heavy rush) would not find a place (for our \nforeheads) to prostrate on."}},{"id":11,"idInBook":11,"chapterId":17,"bookId":1,"arabic":"حَدَّثَنَا إِبْرَاهِيمُ بْنُ مُوسَى، قَالَ أَخْبَرَنَا هِشَامُ بْنُ يُوسُفَ، أَنَّ ابْنَ جُرَيْجٍ، أَخْبَرَهُمْ قَالَ أَخْبَرَنِي أَبُو بَكْرِ بْنُ أَبِي مُلَيْكَةَ، عَنْ عُثْمَانَ بْنِ عَبْدِ الرَّحْمَنِ التَّيْمِيِّ، عَنْ رَبِيعَةَ بْنِ عَبْدِ اللَّهِ بْنِ الْهُدَيْرِ التَّيْمِيِّ ـ قَالَ أَبُو بَكْرٍ وَكَانَ رَبِيعَةُ مِنْ خِيَارِ النَّاسِ عَمَّا حَضَرَ رَبِيعَةُ مِنْ عُمَرَ بْنِ الْخَطَّابِ ـ رضى الله عنه ـ قَرَأَ يَوْمَ الْجُمُعَةِ عَلَى الْمِنْبَرِ بِسُورَةِ النَّحْلِ حَتَّى إِذَا جَاءَ السَّجْدَةَ نَزَلَ فَسَجَدَ وَسَجَدَ النَّاسُ، حَتَّى إِذَا كَانَتِ الْجُمُعَةُ الْقَابِلَةُ قَرَأَ بِهَا حَتَّى إِذَا جَاءَ السَّجْدَةَ قَالَ يَا أَيُّهَا النَّاسُ إِنَّا نَمُرُّ بِالسُّجُودِ فَمَنْ سَجَدَ فَقَدْ أَصَابَ، وَمَنْ لَمْ يَسْجُدْ فَلاَ إِثْمَ عَلَيْهِ‏.‏ وَلَمْ يَسْجُدْ عُمَرُ ـ رضى الله عنه‏.‏ وَزَادَ نَافِعٌ عَنِ ابْنِ عُمَرَ ـ رضى الله عنهما إِنَّ اللَّهَ لَمْ يَفْرِضِ السُّجُودَ إِلاَّ أَنْ نَشَاءَ‏.‏","english":{"narrator":"Narrated Rabi`a:","text":"`Umar bin Al-Khattab recited Surat-an-Nahl on a Friday on the pulpit and when he reached the verse \nof Sajda he got down from the pulpit and prostrated and the people also prostrated. The next Friday \n`Umar bin Al-Khattab recited the same Sura and when he reached the verse of Sajda he said, \"O \npeople! When we recite the verses of Sajda (during the sermon) whoever prostrates does the right \nthing, yet it is no sin for the one who does not prostrate.\" And `Umar did not prostrate (that day). \nAdded Ibn `Umar \"Allah has not made the prostration of recitation compulsory but if we wish we can \ndo it.\""}},{"id":12,"idInBook":12,"chapterId":17,"bookId":1,"arabic":"حَدَّثَنَا مُسَدَّدٌ، قَالَ حَدَّثَنَا مُعْتَمِرٌ، قَالَ سَمِعْتُ أَبِي قَالَ، حَدَّثَنِي بَكْرٌ، عَنْ أَبِي رَافِعٍ، قَالَ صَلَّيْتُ مَعَ أَبِي هُرَيْرَةَ الْعَتَمَةَ فَقَرَأَ ‏{‏إِذَا السَّمَاءُ انْشَقَّتْ‏}‏ فَسَجَدَ فَقُلْتُ مَا هَذِهِ قَالَ سَجَدْتُ بِهَا خَلْفَ أَبِي الْقَاسِمِ صلى الله عليه وسلم فَلاَ أَزَالُ أَسْجُدُ فِيهَا حَتَّى أَلْقَاهُ‏.‏","english":{"narrator":"Narrated Abu Rafi`:","text":"I offered the `Isha' prayer behind Abu Huraira and he recited Idhas-Sama' Un-Shaqqat, and prostrated. \nI said, \"What is this?\" Abu Huraira said, \"I prostrated behind Abul-Qasim and I will do the same till I \nmeet him.\""}},{"id":13,"idInBook":13,"chapterId":17,"bookId":1,"arabic":"حَدَّثَنَا صَدَقَةُ، قَالَ أَخْبَرَنَا يَحْيَى، عَنْ عُبَيْدِ اللَّهِ، عَنْ نَافِعٍ، عَنِ ابْنِ عُمَرَ ـ رضى الله عنهما ـ قَالَ كَانَ النَّبِيُّ صلى الله عليه وسلم يَقْرَأُ السُّورَةَ الَّتِي فِيهَا السَّجْدَةُ فَيَسْجُدُ وَنَسْجُدُ حَتَّى مَا يَجِدُ أَحَدُنَا مَكَانًا لِمَوْضِعِ جَبْهَتِهِ‏.‏","english":{"narrator":"Narrated Ibn `Umar.:","text":"Whenever the Prophet (ﷺ) recited the Sura which contained the prostration of recitation he used to \nprostrate and then, we, too, would prostrate and some of us did not find a place for prostration."}}],"chapter":{"id":17,"bookId":1,"arabic":"كتاب سجود القرآن","english":"Prostration During Recital of Qur'an"}}