{
  "metadata": {
    "length": 39,
    "arabic": {
      "title": "صحيح البخاري",
      "author": "الإمام محمد بن إسماعيل البخاري",
      "introduction": "كتاب التقصير"
    },
    "english": {
      "title": "Sahih al-Bukhari",
      "author": "Imam Muhammad ibn Ismail al-Bukhari",
      "introduction": "Shortening the Prayers (At-Taqseer)"
    }
  },
  "hadiths": [
    {
      "id": 1,
      "idInBook": 1,
      "chapterId": 18,
      "bookId": 1,
      "arabic": "حَدَّثَنَا مُوسَى بْنُ إِسْمَاعِيلَ، قَالَ حَدَّثَنَا أَبُو عَوَانَةَ، عَنْ عَاصِمٍ، وَحُصَيْنٍ، عَنْ عِكْرِمَةَ، عَنِ ابْنِ عَبَّاسٍ ـ رضى الله عنهما ـ قَالَ أَقَامَ النَّبِيُّ صلى الله عليه وسلم تِسْعَةَ عَشَرَ يَقْصُرُ، فَنَحْنُ إِذَا سَافَرْنَا تِسْعَةَ عَشَرَ قَصَرْنَا، وَإِنْ زِدْنَا أَتْمَمْنَا‏.‏",
      "english": {
        "narrator": "Narrated Ibn `Abbas:",
        "text": "The Prophet (ﷺ) once stayed for nineteen days and prayed shortened prayers. So when we travel led (and \nstayed) for nineteen days, we used to shorten the prayer but if we traveled (and stayed) for a longer \nperiod we used to offer the full prayer."
      },
      "turkish": {
        "narrator": "Narrated Ibn `Abbas:",
        "text": "İbn Abbas'dan rivayet edilmiştir: Peygamber (ﷺ) bir kez on dokuz gün kaldı ve kısaltılmış namazlar kıldı. Biz de seyahat ettiğimizde (ve kaldığımızda) on dokuz gün boyunca namazı kısaltıyorduk, ama daha uzun bir süre seyahat ettiğimizde tam namaz kılıyorduk."
      }
    },
    {
      "id": 2,
      "idInBook": 2,
      "chapterId": 18,
      "bookId": 1,
      "arabic": "حَدَّثَنَا أَبُو مَعْمَرٍ، قَالَ حَدَّثَنَا عَبْدُ الْوَارِثِ، قَالَ حَدَّثَنَا يَحْيَى بْنُ أَبِي إِسْحَاقَ، قَالَ سَمِعْتُ أَنَسًا، يَقُولُ خَرَجْنَا مَعَ النَّبِيِّ صلى الله عليه وسلم مِنَ الْمَدِينَةِ إِلَى مَكَّةَ، فَكَانَ يُصَلِّي رَكْعَتَيْنِ رَكْعَتَيْنِ حَتَّى رَجَعْنَا إِلَى الْمَدِينَةِ‏.‏ قُلْتُ أَقَمْتُمْ بِمَكَّةَ شَيْئًا قَالَ أَقَمْنَا بِهَا عَشْرًا‏.‏",
      "english": {
        "narrator": "Narrated Yahya bin 'Is-haq:",
        "text": "I heard Anas saying, \"We traveled with the Prophet (ﷺ) from Medina to Mecca and offered two rak`at (for \nevery prayer) till we returned to Medina.\" I said, \"Did you stay for a while in Mecca?\" He replied, \n\"We stayed in Mecca for ten days.\""
      },
      "turkish": {
        "narrator": "Narrated Yahya bin 'Is-haq:",
        "text": "Yahya bin İshak'tan rivayet edilmiştir: Anas'ın şöyle dediğini duydum: \"Peygamber (ﷺ) ile birlikte Medine'den Mekke'ye seyahat ettik ve Medine'ye dönene kadar her namaz için iki rek'at kıldık.\" Ben de \"Mekke'de bir süre kaldınız mı?\" dedim. O da \"Mekke'de on gün kaldık.\" diye cevap verdi."
      }
    },
    {
      "id": 3,
      "idInBook": 3,
      "chapterId": 18,
      "bookId": 1,
      "arabic": "حَدَّثَنَا مُسَدَّدٌ، قَالَ حَدَّثَنَا يَحْيَى، عَنْ عُبَيْدِ اللَّهِ، قَالَ أَخْبَرَنِي نَافِعٌ، عَنْ عَبْدِ اللَّهِ ـ رضى الله عنه ـ قَالَ صَلَّيْتُ مَعَ النَّبِيِّ صلى الله عليه وسلم بِمِنًى رَكْعَتَيْنِ، وَأَبِي بَكْرٍ وَعُمَرَ، وَمَعَ عُثْمَانَ صَدْرًا مِنْ إِمَارَتِهِ ثُمَّ أَتَمَّهَا‏.‏",
      "english": {
        "narrator": "Narrated `Abdullah bin `Umar:",
        "text": "I offered the prayer with the Prophet, Abu Bakr and `Umar at Mina and it was of two rak`at. `Uthman \nin the early days of his caliphate did the same, but later on he started praying the full prayer."
      },
      "turkish": {
        "narrator": "Narrated `Abdullah bin `Umar:",
        "text": "Abdullah bin Ömer'den rivayet edilmiştir: Mina'da Peygamber, Ebu Bekir ve Ömer ile birlikte namaz kıldım ve bu iki rek'at idi. Osman, halifeliğinin ilk günlerinde aynı şekilde yaptı, ama daha sonra tam namaz kılmaya başladı."
      }
    },
    {
      "id": 4,
      "idInBook": 4,
      "chapterId": 18,
      "bookId": 1,
      "arabic": "حَدَّثَنَا أَبُو الْوَلِيدِ، قَالَ حَدَّثَنَا شُعْبَةُ، أَنْبَأَنَا أَبُو إِسْحَاقَ، قَالَ سَمِعْتُ حَارِثَةَ بْنَ وَهْبٍ، قَالَ صَلَّى بِنَا النَّبِيُّ صلى الله عليه وسلم آمَنَ مَا كَانَ بِمِنًى رَكْعَتَيْنِ‏.‏",
      "english": {
        "narrator": "Narrated Haritha bin Wahab:",
        "text": "The Prophet (ﷺ) I led us in the prayer at Mina during the peace period by offering two rak`at."
      },
      "turkish": {
        "narrator": "Narrated Haritha bin Wahab:",
        "text": "Haritha bin Vahab'dan rivayet edilmiştir: Peygamber (ﷺ) barış döneminde Mina'da bize iki rek'at namaz kıldırdı."
      }
    },
    {
      "id": 5,
      "idInBook": 5,
      "chapterId": 18,
      "bookId": 1,
      "arabic": "حَدَّثَنَا قُتَيْبَةُ، قَالَ حَدَّثَنَا عَبْدُ الْوَاحِدِ، عَنِ الأَعْمَشِ، قَالَ حَدَّثَنَا إِبْرَاهِيمُ، قَالَ سَمِعْتُ عَبْدَ الرَّحْمَنِ بْنَ يَزِيدَ، يَقُولُ صَلَّى بِنَا عُثْمَانُ بْنُ عَفَّانَ ـ رضى الله عنه ـ بِمِنًى أَرْبَعَ رَكَعَاتٍ، فَقِيلَ ذَلِكَ لِعَبْدِ اللَّهِ بْنِ مَسْعُودٍ ـ رضى الله عنه ـ فَاسْتَرْجَعَ ثُمَّ قَالَ صَلَّيْتُ مَعَ رَسُولِ اللَّهِ صلى الله عليه وسلم بِمِنًى رَكْعَتَيْنِ، وَصَلَّيْتُ مَعَ أَبِي بَكْرٍ ـ رضى الله عنه ـ بِمِنًى رَكْعَتَيْنِ، وَصَلَّيْتُ مَعَ عُمَرَ بْنِ الْخَطَّابِ ـ رضى الله عنه ـ بِمِنًى رَكْعَتَيْنِ، فَلَيْتَ حَظِّي مِنْ أَرْبَعِ رَكَعَاتٍ رَكْعَتَانِ مُتَقَبَّلَتَانِ‏.‏",
      "english": {
        "narrator": "Narrated `Abdur Rahman bin Yazid:",
        "text": "We offered a four rak`at prayer at Mina behind Ibn `Affan . `Abdullah bin Mas`ud was informed \nabout it. He said sadly, \"Truly to Allah we belong and truly to Him we shall return.\" And added, \"I \nprayed two rak`at with Allah's Messenger (ﷺ) at Mina and similarly with Abu Bakr and with `Umar (during \ntheir caliphates).\" He further said, \"May I be lucky enough to have two of the four rak`at accepted (by \nAllah).\""
      },
      "turkish": {
        "narrator": "Narrated `Abdur Rahman bin Yazid:",
        "text": "Abdurrahman bin Yazid'ten rivayet edilmiştir: Mina'da İbn Affan'ın arkasında dört rek'at namaz kıldık. Abdullah bin Mes'ud bunun hakkında bilgilendirildi. O da üzgün bir şekilde, \"Gerçekten biz Allah'a aitiz ve gerçekten O'na döneceğiz.\" dedi. Ve ekledi: \"Mina'da Allah'ın Elçisi (ﷺ) ile iki rek'at namaz kıldım, aynı şekilde Ebu Bekir ve Ömer ile (halifelikleri sırasında).\" Ayrıca, \"İnşallah dört rek'attan iki tanesi Allah katında kabul olur.\" dedi."
      }
    },
    {
      "id": 6,
      "idInBook": 6,
      "chapterId": 18,
      "bookId": 1,
      "arabic": "حَدَّثَنَا مُوسَى بْنُ إِسْمَاعِيلَ، قَالَ حَدَّثَنَا وُهَيْبٌ، قَالَ حَدَّثَنَا أَيُّوبُ، عَنْ أَبِي الْعَالِيَةِ الْبَرَّاءِ، عَنِ ابْنِ عَبَّاسٍ ـ رضى الله عنهما ـ قَالَ قَدِمَ النَّبِيُّ صلى الله عليه وسلم وَأَصْحَابُهُ لِصُبْحِ رَابِعَةٍ يُلَبُّونَ بِالْحَجِّ، فَأَمَرَهُمْ أَنْ يَجْعَلُوهَا عُمْرَةً إِلاَّ مَنْ مَعَهُ الْهَدْىُ‏.‏ تَابَعَهُ عَطَاءٌ عَنْ جَابِرٍ‏.‏",
      "english": {
        "narrator": "Narrated Ibn `Abbas:",
        "text": "The Prophet (ﷺ) and his companions reached Mecca in the morning of the 4th Dhul-Hijja reciting Talbiya \n(O Allah! We are obedient to your orders, we respond 4 to your call) . . . intending to perform Hajj. \nThe Prophet (ﷺ) ordered his companions to assume the lhram for Umra instead of Hajj, excepting those \nwho had Hadi (sacrifice) with them."
      },
      "turkish": {
        "narrator": "Narrated Ibn `Abbas:",
        "text": "İbn Abbas'dan rivayet edilmiştir: Peygamber (ﷺ) ve arkadaşları 4. Zilhicce sabahı Mekke'ye Talbiye getirerek (Ya Allah! Biz senin emirlerine itaat ediyoruz, çağrına icabet ediyoruz) ... Hac yapmak niyetiyle ulaştılar. Peygamber (ﷺ) arkadaşlarına Hac yerine Umre için ihrama girmelerini emretti, yanında Hadi (kurban) olanlar hariç."
      }
    },
    {
      "id": 7,
      "idInBook": 7,
      "chapterId": 18,
      "bookId": 1,
      "arabic": "حَدَّثَنَا إِسْحَاقُ بْنُ إِبْرَاهِيمَ الْحَنْظَلِيُّ، قَالَ قُلْتُ لأَبِي أُسَامَةَ حَدَّثَكُمْ عُبَيْدُ اللَّهِ، عَنْ نَافِعٍ، عَنِ ابْنِ عُمَرَ ـ رضى الله عنهما ـ أَنَّ النَّبِيَّ صلى الله عليه وسلم قَالَ ‏\n\"‏ لاَ تُسَافِرِ الْمَرْأَةُ ثَلاَثَةَ أَيَّامٍ إِلاَّ مَعَ ذِي مَحْرَمٍ ‏\"‏‏.‏",
      "english": {
        "narrator": "Narrated Ibn `Umar:",
        "text": "The Prophet (ﷺ) said, \"A woman should not travel for more than three days except with a Dhi-Mahram \n(i.e. a male with whom she cannot marry at all, e.g. her brother, father, grandfather, etc.) or her own \nhusband.)\""
      },
      "turkish": {
        "narrator": "Narrated Ibn `Umar:",
        "text": "İbn Ömer'den rivayet edilmiştir: Peygamber (ﷺ) şöyle dedi: \"Bir kadın, Dhi-Mahram (yani, ona asla evlenemeyeceği bir erkek, örneğin kardeşi, babası, dedesi vb.) veya kendi kocası olmadan üç günden fazla seyahat etmemelidir.\""
      }
    },
    {
      "id": 8,
      "idInBook": 8,
      "chapterId": 18,
      "bookId": 1,
      "arabic": "حَدَّثَنَا مُسَدَّدٌ، قَالَ حَدَّثَنَا يَحْيَى، عَنْ عُبَيْدِ اللَّهِ، عَنْ نَافِعٍ، عَنِ ابْنِ عُمَرَ ـ رضى الله عنهما ـ عَنِ النَّبِيِّ صلى الله عليه وسلم قَالَ ‏\n\"‏ لاَ تُسَافِرِ الْمَرْأَةُ ثَلاَثًا إِلاَّ مَعَ ذِي مَحْرَمٍ ‏\"‏‏.‏ تَابَعَهُ أَحْمَدُ عَنِ ابْنِ الْمُبَارَكِ عَنْ عُبَيْدِ اللَّهِ عَنْ نَافِعٍ عَنِ ابْنِ عُمَرَ عَنِ النَّبِيِّ صلى الله عليه وسلم‏.‏",
      "english": {
        "narrator": "Narrated Ibn `Umar:",
        "text": "The Prophet (ﷺ) said, \"A woman should not travel for more than three days except with a Dhi-Mahram.\""
      },
      "turkish": {
        "narrator": "Narrated Ibn `Umar:",
        "text": "İbn Ömer'den rivayet edilmiştir: Peygamber (ﷺ) şöyle dedi: \"Bir kadın, Dhi-Mahram olmadan üç günden fazla seyahat etmemelidir.\""
      }
    },
    {
      "id": 9,
      "idInBook": 9,
      "chapterId": 18,
      "bookId": 1,
      "arabic": "حَدَّثَنَا آدَمُ، قَالَ حَدَّثَنَا ابْنُ أَبِي ذِئْبٍ، قَالَ حَدَّثَنَا سَعِيدٌ الْمَقْبُرِيُّ، عَنْ أَبِيهِ، عَنْ أَبِي هُرَيْرَةَ ـ رضى الله عنهما ـ قَالَ قَالَ النَّبِيُّ صلى الله عليه وسلم ‏\n\"‏ لاَ يَحِلُّ لاِمْرَأَةٍ تُؤْمِنُ بِاللَّهِ وَالْيَوْمِ الآخِرِ أَنْ تُسَافِرَ مَسِيرَةَ يَوْمٍ وَلَيْلَةٍ لَيْسَ مَعَهَا حُرْمَةٌ ‏\"‏‏.‏ تَابَعَهُ يَحْيَى بْنُ أَبِي كَثِيرٍ وَسُهَيْلٌ وَمَالِكٌ عَنِ الْمَقْبُرِيِّ عَنْ أَبِي هُرَيْرَةَ ـ رضى الله عنه‏.‏",
      "english": {
        "narrator": "Narrated Abu Huraira:",
        "text": "The Prophet (p.b.u.h) said, \"It is not permissible for a woman who believes in Allah and the Last Day \nto travel for one day and night except with a Mahram.\""
      },
      "turkish": {
        "narrator": "Narrated Abu Huraira:",
        "text": "Ebu Hureyre'den rivayet edilmiştir: Peygamber (s.a.v) şöyle dedi: \"Allah'a ve Ahiret Günü'ne inanan bir kadının, Mahram olmadan bir gün ve gece seyahat etmesi caiz değildir.\""
      }
    },
    {
      "id": 10,
      "idInBook": 10,
      "chapterId": 18,
      "bookId": 1,
      "arabic": "حَدَّثَنَا أَبُو نُعَيْمٍ، قَالَ حَدَّثَنَا سُفْيَانُ، عَنْ مُحَمَّدِ بْنِ الْمُنْكَدِرِ، وَإِبْرَاهِيمَ بْنِ مَيْسَرَةَ، عَنْ أَنَسٍ ـ رضى الله عنه ـ قَالَ صَلَّيْتُ الظُّهْرَ مَعَ النَّبِيِّ صلى الله عليه وسلم بِالْمَدِينَةِ أَرْبَعًا، وَبِذِي الْحُلَيْفَةِ رَكْعَتَيْنِ‏.‏",
      "english": {
        "narrator": "Narrated Anas bin Malik:",
        "text": "offered four rak`at of Zuhr prayer with the Prophet (p.b.u.h) at Medina and two rak`at at Dhul-Hulaifa. \n(i.e. shortened the `Asr prayer)."
      },
      "turkish": {
        "narrator": "Narrated Anas bin Malik:",
        "text": "Anas bin Malik'ten rivayet edilmiştir: Peygamber (s.a.v) ile Medine'de dört rek'at öğle namazı kıldım ve Dhul-Hulaifa'da iki rek'at kıldım. (yani, 'Asr namazını kısalttım)."
      }
    },
    {
      "id": 11,
      "idInBook": 11,
      "chapterId": 18,
      "bookId": 1,
      "arabic": "حَدَّثَنَا عَبْدُ اللَّهِ بْنُ مُحَمَّدٍ، قَالَ حَدَّثَنَا سُفْيَانُ، عَنِ الزُّهْرِيِّ، عَنْ عُرْوَةَ، عَنْ عَائِشَةَ ـ رضى الله عنها ـ قَالَتِ الصَّلاَةُ أَوَّلُ مَا فُرِضَتْ رَكْعَتَيْنِ فَأُقِرَّتْ صَلاَةُ السَّفَرِ، وَأُتِمَّتْ صَلاَةُ الْحَضَرِ‏.‏ قَالَ الزُّهْرِيُّ فَقُلْتُ لِعُرْوَةَ مَا بَالُ عَائِشَةَ تُتِمُّ قَالَ تَأَوَّلَتْ مَا تَأَوَّلَ عُثْمَانُ‏.‏",
      "english": {
        "narrator": "Narrated `Aisha:",
        "text": "\"When the prayers were first enjoined they were of two rak`at each. Later the prayer in a journey was \nkept as it was but the prayers for non-travelers were completed.\" Az-Zuhri said, \"I asked `Urwa what \nmade Aisha pray the full prayers (in journey).\" He replied, \"She did the same as `Uthman did.\""
      },
      "turkish": {
        "narrator": "Narrated `Aisha:",
        "text": "Aişe'den rivayet edilmiştir: \"Namazlar ilk emredildiğinde her biri iki rek'at idi. Daha sonra yolculukta namaz olduğu gibi kaldı, ama seyahat etmeyenler için namazlar tamamlandı.\" Az-Zuhri dedi ki: \"Urve'ye Aişe'nin yolculukta neden tam namaz kıldığını sordum.\" O da \"O, Osman'ın yaptığı gibi yaptı.\" diye cevap verdi."
      }
    },
    {
      "id": 12,
      "idInBook": 12,
      "chapterId": 18,
      "bookId": 1,
      "arabic": "حَدَّثَنَا أَبُو الْيَمَانِ، قَالَ أَخْبَرَنَا شُعَيْبٌ، عَنِ الزُّهْرِيِّ، قَالَ أَخْبَرَنِي سَالِمٌ، عَنْ عَبْدِ اللَّهِ بْنِ عُمَرَ ـ رضى الله عنهما ـ قَالَ رَأَيْتُ رَسُولَ اللَّهِ صلى الله عليه وسلم إِذَا أَعْجَلَهُ السَّيْرُ فِي السَّفَرِ يُؤَخِّرُ الْمَغْرِبَ حَتَّى يَجْمَعَ بَيْنَهَا وَبَيْنَ الْعِشَاءِ‏.‏ قَالَ سَالِمٌ وَكَانَ عَبْدُ اللَّهِ يَفْعَلُهُ إِذَا أَعْجَلَهُ السَّيْرُ‏.‏ وَزَادَ اللَّيْثُ قَالَ حَدَّثَنِي يُونُسُ، عَنِ ابْنِ شِهَابٍ، قَالَ سَالِمٌ كَانَ ابْنُ عُمَرَ ـ رضى الله عنهما ـ يَجْمَعُ بَيْنَ الْمَغْرِبِ وَالْعِشَاءِ بِالْمُزْدَلِفَةِ‏.‏ قَالَ سَالِمٌ وَأَخَّرَ ابْنُ عُمَرَ الْمَغْرِبَ، وَكَانَ اسْتُصْرِخَ عَلَى امْرَأَتِهِ صَفِيَّةَ بِنْتِ أَبِي عُبَيْدٍ فَقُلْتُ لَهُ الصَّلاَةُ‏.‏ فَقَالَ سِرْ‏.‏ فَقُلْتُ الصَّلاَةُ‏.‏ فَقَالَ سِرْ‏.‏ حَتَّى سَارَ مِيلَيْنِ أَوْ ثَلاَثَةً ثُمَّ نَزَلَ فَصَلَّى ثُمَّ قَالَ هَكَذَا رَأَيْتُ النَّبِيَّ صلى الله عليه وسلم يُصَلِّي إِذَا أَعْجَلَهُ السَّيْرُ‏.‏ وَقَالَ عَبْدُ اللَّهِ رَأَيْتُ النَّبِيَّ صلى الله عليه وسلم إِذَا أَعْجَلَهُ السَّيْرُ يُؤَخِّرُ الْمَغْرِبَ، فَيُصَلِّيهَا ثَلاَثًا ثُمَّ يُسَلِّمُ، ثُمَّ قَلَّمَا يَلْبَثُ حَتَّى يُقِيمَ الْعِشَاءَ فَيُصَلِّيَهَا رَكْعَتَيْنِ ثُمَّ يُسَلِّمُ، وَلاَ يُسَبِّحُ بَعْدَ الْعِشَاءِ حَتَّى يَقُومَ مِنْ جَوْفِ اللَّيْلِ‏.‏",
      "english": {
        "narrator": "Narrated `Abdullah bin `Umar:",
        "text": "\"I saw Allah's Messenger (ﷺ) delaying the Maghrib prayer till he offered it along with the `Isha' prayer \nwhenever he was in a hurry during the journey.\" Salim narrated, \"Ibn `Umar used to do the same \nwhenever he was in a hurry during the journey.\" And Salim added, \"Ibn `Umar used to pray the \nMaghrib and `Isha' prayers together in Al-Muzdalifa.\" Salim said, \"Ibn `Umar delayed the Maghrib \nprayer because at that time he heard the news of the death of his wife Safiya bint Abi `Ubaid. I said to \nhim, 'The prayer (is due).' He said, 'Go on.' Again I said, 'The prayer (is due).' He said, 'Go on,' till we \ncovered two or three miles. Then he got down, prayed and said, 'I saw the Prophet (ﷺ) praying in this way, \nwhenever he was in a hurry during the journey.' `Abdullah (bin `Umar) added, \"Whenever the \nProphet was in a hurry, he used to delay the Maghrib prayer and then offer three rak`at (of the \nMaghrib) and perform Taslim, and after waiting for a short while, Iqama used to be pronounced for \nthe `Isha' prayer when he would offer two rak`at and perform Taslim. He would never offer any \noptional prayer till the middle of the night (when he used to pray the Tahajjud).\""
      },
      "turkish": {
        "narrator": "Narrated `Abdullah bin `Umar:",
        "text": "Abdullah bin Ömer'den rivayet edilmiştir: \"Allah'ın Elçisi (ﷺ) Maghrib namazını geciktirirken, eğer yolculukta acele ediyorsa, onu İsha namazı ile birlikte kılardı.\" Salim rivayet etti: \"İbn Ömer, yolculukta acele ettiğinde aynı şekilde yapardı.\" Salim ekledi: \"İbn Ömer, Al-Muzdalifa'da Maghrib ve İsha namazlarını birlikte kılardı.\" Salim dedi ki: \"İbn Ömer, Maghrib namazını geciktirdi çünkü o sırada eşi Safiye bint Ebu Ubeyd'in vefat haberini aldı. Ben ona 'Namaz (vakti geldi).' dedim. O da 'Devam et.' dedi. Yine 'Namaz (vakti geldi).' dedim. O da 'Devam et.' dedi, ta ki iki veya üç mil kat ettik. Sonra indi, namaz kıldı ve 'Peygamber (ﷺ) yolculukta acele ettiğinde bu şekilde namaz kıldığını gördüm.' dedi. Abdullah (bin Ömer) ekledi: \"Peygamber acele ettiğinde Maghrib namazını geciktirir ve sonra üç rek'at (Maghrib) kılar, selam verir ve kısa bir süre bekledikten sonra İsha namazı için ikamet getirilirdi, o da iki rek'at kılar ve selam verirdi. Gece yarısına kadar hiçbir nafile namaz kılmazdı (Tahajjud'u kıldığı zaman).\""
      }
    },
    {
      "id": 13,
      "idInBook": 13,
      "chapterId": 18,
      "bookId": 1,
      "arabic": "حَدَّثَنَا عَلِيُّ بْنُ عَبْدِ اللَّهِ، قَالَ حَدَّثَنَا عَبْدُ الأَعْلَى، قَالَ حَدَّثَنَا مَعْمَرٌ، عَنِ الزُّهْرِيِّ، عَنْ عَبْدِ اللَّهِ بْنِ عَامِرٍ، عَنْ أَبِيهِ، قَالَ رَأَيْتُ النَّبِيَّ صلى الله عليه وسلم يُصَلِّي عَلَى رَاحِلَتِهِ حَيْثُ تَوَجَّهَتْ بِهِ‏.‏",
      "english": {
        "narrator": "Narrated `Abdullah bin 'Amir from his father who said:",
        "text": "I saw the Prophet (p.b.u.h) offering the prayer on his mount (Rahila) whatever direction it took."
      },
      "turkish": {
        "narrator": "Narrated `Abdullah bin 'Amir from his father who said:",
        "text": "Abdullah bin Amir'den, babasından rivayet edilmiştir: Peygamber (s.a.v) bindiği hayvan üzerinde (Rahila) hangi yöne dönse de namaz kıldığını gördüm."
      }
    },
    {
      "id": 14,
      "idInBook": 14,
      "chapterId": 18,
      "bookId": 1,
      "arabic": "حَدَّثَنَا أَبُو نُعَيْمٍ، قَالَ حَدَّثَنَا شَيْبَانُ، عَنْ يَحْيَى، عَنْ مُحَمَّدِ بْنِ عَبْدِ الرَّحْمَنِ، أَنَّ جَابِرَ بْنَ عَبْدِ اللَّهِ، أَخْبَرَهُ أَنَّ النَّبِيَّ صلى الله عليه وسلم كَانَ يُصَلِّي التَّطَوُّعَ وَهْوَ رَاكِبٌ فِي غَيْرِ الْقِبْلَةِ‏.‏",
      "english": {
        "narrator": "Narrated Jabir bin `Abdullah:",
        "text": "The Prophet (ﷺ) used to offer the Nawafil, while riding, facing a direction other than that of the Qibla."
      },
      "turkish": {
        "narrator": "Narrated Jabir bin `Abdullah:",
        "text": "Cabir bin Abdullah'dan rivayet edilmiştir: Peygamber (ﷺ) binerken, Kıble yönü dışında bir yöne dönerek nafile namaz kılardı."
      }
    },
    {
      "id": 15,
      "idInBook": 15,
      "chapterId": 18,
      "bookId": 1,
      "arabic": "حَدَّثَنَا عَبْدُ الأَعْلَى بْنُ حَمَّادٍ، قَالَ حَدَّثَنَا وُهَيْبٌ، قَالَ حَدَّثَنَا مُوسَى بْنُ عُقْبَةَ، عَنْ نَافِعٍ، قَالَ وَكَانَ ابْنُ عُمَرَ ـ رضى الله عنهما ـ يُصَلِّي عَلَى رَاحِلَتِهِ وَيُوتِرُ عَلَيْهَا، وَيُخْبِرُ أَنَّ النَّبِيَّ صلى الله عليه وسلم كَانَ يَفْعَلُهُ‏.‏",
      "english": {
        "narrator": "Narrated Nafi`:",
        "text": "Ibn `Umar (while on a journey) used to offer the prayer and the witr on his mount (Rahila). He said \nthat the Prophet (ﷺ) used to do so."
      },
      "turkish": {
        "narrator": "Narrated Nafi`:",
        "text": "Nafi'den rivayet edilmiştir: İbn Ömer (seyahat halindeyken) namazı ve vitri bindiği hayvan (Rahila) üzerinde kılardı. O, Peygamber (ﷺ)'in de böyle yaptığını söyledi."
      }
    },
    {
      "id": 16,
      "idInBook": 16,
      "chapterId": 18,
      "bookId": 1,
      "arabic": "حَدَّثَنَا مُوسَى، قَالَ حَدَّثَنَا عَبْدُ الْعَزِيزِ بْنُ مُسْلِمٍ، قَالَ حَدَّثَنَا عَبْدُ اللَّهِ بْنُ دِينَارٍ، قَالَ كَانَ عَبْدُ اللَّهِ بْنُ عُمَرَ ـ رضى الله عنهما ـ يُصَلِّي فِي السَّفَرِ عَلَى رَاحِلَتِهِ، أَيْنَمَا تَوَجَّهَتْ يُومِئُ‏.‏ وَذَكَرَ عَبْدُ اللَّهِ أَنَّ النَّبِيَّ صلى الله عليه وسلم كَانَ يَفْعَلُهُ‏.‏",
      "english": {
        "narrator": "Narrated `Abdullah bin Dinar:",
        "text": "On traveling, `Abdullah bin `Umar used to offer the prayer on his Mount by signs whatever direction \nit took. `Abdullah said that the Prophet (ﷺ) used to do so."
      },
      "turkish": {
        "narrator": "Narrated `Abdullah bin Dinar:",
        "text": "Abdullah bin Dinar'dan rivayet edilmiştir: Seyahat ederken Abdullah bin Umar, gittiği her yönde işaretlerle dağının üzerinde namaz kılardı. Abdullah, Peygamber (ﷺ)'in de böyle yaptığını söyledi."
      }
    },
    {
      "id": 17,
      "idInBook": 17,
      "chapterId": 18,
      "bookId": 1,
      "arabic": "حَدَّثَنَا يَحْيَى بْنُ بُكَيْرٍ، قَالَ حَدَّثَنَا اللَّيْثُ، عَنْ عُقَيْلٍ، عَنِ ابْنِ شِهَابٍ، عَنْ عَبْدِ اللَّهِ بْنِ عَامِرِ بْنِ رَبِيعَةَ، أَنَّ عَامِرَ بْنَ رَبِيعَةَ، أَخْبَرَهُ قَالَ رَأَيْتُ رَسُولَ اللَّهِ صلى الله عليه وسلم وَهْوَ عَلَى الرَّاحِلَةِ يُسَبِّحُ، يُومِئُ بِرَأْسِهِ قِبَلَ أَىِّ وَجْهٍ تَوَجَّهَ، وَلَمْ يَكُنْ رَسُولُ اللَّهِ صلى الله عليه وسلم يَصْنَعُ ذَلِكَ فِي الصَّلاَةِ الْمَكْتُوبَةِ‏.‏",
      "english": {
        "narrator": "Narrated 'Amir bin Rabi`a:",
        "text": "I saw the Prophet (ﷺ) on his Mount praying Nawafil by nodding his head, whatever direction he faced, but \nAllah's Messenger (ﷺ) never did the same in offering the compulsory prayers."
      },
      "turkish": {
        "narrator": "Narrated 'Amir bin Rabi`a:",
        "text": "Amir bin Rabi'a'dan rivayet edilmiştir: Peygamber (ﷺ)'i dağının üzerinde, karşısına çıkan her yönde başını sallayarak nafile namaz kılarken gördüm, fakat Allah'ın Elçisi (ﷺ) farz namazları asla böyle kılmazdı."
      }
    },
    {
      "id": 18,
      "idInBook": 18,
      "chapterId": 18,
      "bookId": 1,
      "arabic": "وَقَالَ اللَّيْثُ حَدَّثَنِي يُونُسُ، عَنِ ابْنِ شِهَابٍ، قَالَ قَالَ سَالِمٌ كَانَ عَبْدُ اللَّهِ يُصَلِّي عَلَى دَابَّتِهِ مِنَ اللَّيْلِ وَهْوَ مُسَافِرٌ، مَا يُبَالِي حَيْثُ مَا كَانَ وَجْهُهُ‏.‏ قَالَ ابْنُ عُمَرَ وَكَانَ رَسُولُ اللَّهِ صلى الله عليه وسلم يُسَبِّحُ عَلَى الرَّاحِلَةِ قِبَلَ أَىِّ وَجْهٍ تَوَجَّهَ، وَيُوتِرُ عَلَيْهَا، غَيْرَ أَنَّهُ لاَ يُصَلِّي عَلَيْهَا الْمَكْتُوبَةَ‏.‏",
      "english": {
        "narrator": "Narrated Salim:",
        "text": "At night \n`Abdullah bin `Umar used to offer the prayer on the back of his animal during the journey and never \ncared about the direction he faced. Ibn `Umar said, \"Allah's Messenger (ﷺ) used to offer the optional prayer \non the back of his Mount facing any direction and also used to pray the witr on it but never offered the \ncompulsory prayer on it.\""
      },
      "turkish": {
        "narrator": "Narrated Salim:",
        "text": "Salim'den rivayet edilmiştir: Geceleyin Abdullah bin Umar, yolculuk sırasında hayvanının sırtında namaz kılar ve hangi yöne döndüğüne aldırış etmezdi. İbn Umar, \"Allah'ın Elçisi (ﷺ) her yöne dönecek şekilde dağının üzerinde nafile namaz kılardı ve witr namazını da orada kılardı ama farz namazı orada kılmazdı.\" dedi."
      }
    },
    {
      "id": 19,
      "idInBook": 19,
      "chapterId": 18,
      "bookId": 1,
      "arabic": "حَدَّثَنَا مُعَاذُ بْنُ فَضَالَةَ، قَالَ حَدَّثَنَا هِشَامٌ، عَنْ يَحْيَى، عَنْ مُحَمَّدِ بْنِ عَبْدِ الرَّحْمَنِ بْنِ ثَوْبَانَ، قَالَ حَدَّثَنِي جَابِرُ بْنُ عَبْدِ اللَّهِ، أَنَّ النَّبِيَّ صلى الله عليه وسلم كَانَ يُصَلِّي عَلَى رَاحِلَتِهِ نَحْوَ الْمَشْرِقِ فَإِذَا أَرَادَ أَنْ يُصَلِّيَ الْمَكْتُوبَةَ نَزَلَ فَاسْتَقْبَلَ الْقِبْلَةَ‏.‏",
      "english": {
        "narrator": "Narrated Jabir bin `Abdullah:",
        "text": "The Prophet (ﷺ) used to pray (the Nawafil) on his Mount facing east and whenever he wanted to offer the \ncompulsory prayer, he used to dismount and face the Qibla."
      },
      "turkish": {
        "narrator": "Narrated Jabir bin `Abdullah:",
        "text": "Jabir bin Abdullah'dan rivayet edilmiştir: Peygamber (ﷺ), dağının üzerinde doğuya dönerek (nafile) namaz kılardı ve farz namaz kılmak istediğinde inip kıbleye dönerdi."
      }
    },
    {
      "id": 20,
      "idInBook": 20,
      "chapterId": 18,
      "bookId": 1,
      "arabic": "حَدَّثَنَا أَحْمَدُ بْنُ سَعِيدٍ، قَالَ حَدَّثَنَا حَبَّانُ، قَالَ حَدَّثَنَا هَمَّامٌ، قَالَ حَدَّثَنَا أَنَسُ بْنُ سِيرِينَ، قَالَ اسْتَقْبَلْنَا أَنَسًا حِينَ قَدِمَ مِنَ الشَّأْمِ، فَلَقِينَاهُ بِعَيْنِ التَّمْرِ، فَرَأَيْتُهُ يُصَلِّي عَلَى حِمَارٍ وَوَجْهُهُ مِنْ ذَا الْجَانِبِ، يَعْنِي عَنْ يَسَارِ الْقِبْلَةِ‏.‏ فَقُلْتُ رَأَيْتُكَ تُصَلِّي لِغَيْرِ الْقِبْلَةِ‏.‏ فَقَالَ لَوْلاَ أَنِّي رَأَيْتُ رَسُولَ اللَّهِ صلى الله عليه وسلم فَعَلَهُ لَمْ أَفْعَلْهُ‏.‏ رَوَاهُ ابْنُ طَهْمَانَ عَنْ حَجَّاجٍ عَنْ أَنَسِ بْنِ سِيرِينَ عَنْ أَنَسٍ ـ رضى الله عنه ـ عَنِ النَّبِيِّ صلى الله عليه وسلم‏.‏",
      "english": {
        "narrator": "Narrated Anas bin Seereen:",
        "text": "We went to receive Anas bin Malik when he returned from Sham and met him at a place called 'Ainat- \nTamr. I saw him praying riding the donkey, with his face to this direction, i.e. to the left of the \nQibla. I said to him, \"I have seen you offering the prayer in a direction other than that of the Qibla.\" \nHe replied, \"If I had not seen Allah's Messenger (ﷺ) doing it, I would not have done it.\""
      },
      "turkish": {
        "narrator": "Narrated Anas bin Seereen:",
        "text": "Anas bin Seereen'den rivayet edilmiştir: Şam'dan dönen Anas bin Malik'i karşılamak için gittik ve onu 'Ainat-Tamr' adlı bir yerde bulduk. Onu, kıblenin sol tarafına dönerek eşeğin üzerinde namaz kılarken gördüm. Ona, \"Kıblanın dışında bir yöne doğru namaz kıldığını gördüm.\" dedim. O da, \"Eğer Allah'ın Elçisi (ﷺ)'ni bunu yaparken görmemiş olsaydım, bunu yapmazdım.\" diye cevap verdi."
      }
    },
    {
      "id": 21,
      "idInBook": 21,
      "chapterId": 18,
      "bookId": 1,
      "arabic": "حَدَّثَنَا يَحْيَى بْنُ سُلَيْمَانَ، قَالَ حَدَّثَنِي ابْنُ وَهْبٍ، قَالَ حَدَّثَنِي عُمَرُ بْنُ مُحَمَّدٍ، أَنَّ حَفْصَ بْنَ عَاصِمٍ، حَدَّثَهُ قَالَ سَافَرَ ابْنُ عُمَرَ ـ رضى الله عنهما ـ فَقَالَ صَحِبْتُ النَّبِيَّ صلى الله عليه وسلم فَلَمْ أَرَهُ يُسَبِّحُ فِي السَّفَرِ، وَقَالَ اللَّهُ جَلَّ ذِكْرُهُ ‏{‏لَقَدْ كَانَ لَكُمْ فِي رَسُولِ اللَّهِ أُسْوَةٌ حَسَنَةٌ‏}‏‏.‏",
      "english": {
        "narrator": "Narrated Hafs bin `Asim:",
        "text": "Ibn `Umar went on a journey and said, \"I accompanied the Prophet (ﷺ) and he did not offer optional \nprayers during the journey, and Allah says: 'Verily! In Allah's Messenger (ﷺ) you have a good example to \nfollow.' \" (33.21)"
      },
      "turkish": {
        "narrator": "Narrated Hafs bin `Asim:",
        "text": "Hafs bin Asim'den rivayet edilmiştir: İbn Umar bir yolculuğa çıktı ve \"Peygamber (ﷺ) ile birlikteydim ve yolculuk sırasında nafile namaz kılmadı, Allah da şöyle buyuruyor: 'Şüphesiz ki, Allah'ın Elçisi (ﷺ) sizin için güzel bir örnektir.'\" (33.21)"
      }
    },
    {
      "id": 22,
      "idInBook": 22,
      "chapterId": 18,
      "bookId": 1,
      "arabic": "حَدَّثَنَا مُسَدَّدٌ، قَالَ حَدَّثَنَا يَحْيَى، عَنْ عِيسَى بْنِ حَفْصِ بْنِ عَاصِمٍ، قَالَ حَدَّثَنِي أَبِي أَنَّهُ، سَمِعَ ابْنَ عُمَرَ، يَقُولُ صَحِبْتُ رَسُولَ اللَّهِ صلى الله عليه وسلم فَكَانَ لاَ يَزِيدُ فِي السَّفَرِ عَلَى رَكْعَتَيْنِ، وَأَبَا بَكْرٍ وَعُمَرَ وَعُثْمَانَ كَذَلِكَ ـ رضى الله عنهم‏.‏",
      "english": {
        "narrator": "Narrated Ibn `Umar:",
        "text": "I accompanied Allah's Messenger (ﷺ) and he never offered more than two rak`at during the journey. Abu \nBakr, `Umar and `Uthman used to do the same."
      },
      "turkish": {
        "narrator": "Narrated Ibn `Umar:",
        "text": "İbn Umar'dan rivayet edilmiştir: Allah'ın Elçisi (ﷺ) ile birlikteydim ve yolculuk sırasında iki rekattan fazla namaz kılmadı. Ebu Bekir, Ömer ve Osman da aynı şekilde yaparlardı."
      }
    },
    {
      "id": 23,
      "idInBook": 23,
      "chapterId": 18,
      "bookId": 1,
      "arabic": "حَدَّثَنَا حَفْصُ بْنُ عُمَرَ، قَالَ حَدَّثَنَا شُعْبَةُ، عَنْ عَمْرٍو، عَنِ ابْنِ أَبِي لَيْلَى، قَالَ مَا أَنْبَأَ أَحَدٌ، أَنَّهُ رَأَى النَّبِيَّ صلى الله عليه وسلم صَلَّى الضُّحَى غَيْرُ أُمِّ هَانِئٍ ذَكَرَتْ أَنَّ النَّبِيَّ صلى الله عليه وسلم يَوْمَ فَتْحِ مَكَّةَ اغْتَسَلَ فِي بَيْتِهَا، فَصَلَّى ثَمَانِ رَكَعَاتٍ، فَمَا رَأَيْتُهُ صَلَّى صَلاَةً أَخَفَّ مِنْهَا، غَيْرَ أَنَّهُ يُتِمُّ الرُّكُوعَ وَالسُّجُودَ‏.‏",
      "english": {
        "narrator": "Narrated Ibn Abu Laila:",
        "text": "Only Um Hani told us that she had seen the Prophet (p.b.u.h) offering the Duha (forenoon prayer). \nShe said, \"On the day of the conquest of Mecca, the Prophet (ﷺ) took a bath in my house and offered eight \nrak`at. I never saw him praying such a light prayer but he performed perfect prostration and bowing."
      },
      "turkish": {
        "narrator": "Narrated Ibn Abu Laila:",
        "text": "İbn Abu Laila'dan rivayet edilmiştir: Sadece Ümmü Hani, bize Peygamber (s.a.v)'in Duha (öğle namazı) kıldığını söyledi. O, \"Fetih günü, Peygamber (ﷺ) evimde yıkanmış ve sekiz rek'at namaz kılmıştı. Onun böyle hafif bir namaz kıldığını hiç görmemiştim ama tam secde ve rükû yapıyordu.\" dedi."
      }
    },
    {
      "id": 24,
      "idInBook": 24,
      "chapterId": 18,
      "bookId": 1,
      "arabic": "وَقَالَ اللَّيْثُ حَدَّثَنِي يُونُسُ، عَنِ ابْنِ شِهَابٍ، قَالَ حَدَّثَنِي عَبْدُ اللَّهِ بْنُ عَامِرٍ، أَنَّ أَبَاهُ، أَخْبَرَهُ أَنَّهُ، رَأَى النَّبِيَّ صلى الله عليه وسلم صَلَّى السُّبْحَةَ بِاللَّيْلِ فِي السَّفَرِ عَلَى ظَهْرِ رَاحِلَتِهِ حَيْثُ تَوَجَّهَتْ بِهِ‏.‏",
      "english": {
        "narrator": "",
        "text": "Narrated `Abdullah bin Amir that his father had told him that he had seen the Prophet (p.b.u.h) \npraying Nawafil at night on the back of his Mount on a journey, facing whatever direction it took."
      },
      "turkish": {
        "narrator": "",
        "text": "Abdullah bin Amir'den rivayet edilmiştir ki, babası ona, Peygamber (s.a.v)'in geceleyin yolculukta dağının üzerinde her yöne dönecek şekilde nafile namaz kıldığını gördüğünü söylemiştir."
      }
    },
    {
      "id": 25,
      "idInBook": 25,
      "chapterId": 18,
      "bookId": 1,
      "arabic": "حَدَّثَنَا أَبُو الْيَمَانِ، قَالَ أَخْبَرَنَا شُعَيْبٌ، عَنِ الزُّهْرِيِّ، قَالَ أَخْبَرَنِي سَالِمُ بْنُ عَبْدِ اللَّهِ، عَنِ ابْنِ عُمَرَ ـ رضى الله عنهما ـ أَنَّ رَسُولَ اللَّهِ صلى الله عليه وسلم كَانَ يُسَبِّحُ عَلَى ظَهْرِ رَاحِلَتِهِ حَيْثُ كَانَ وَجْهُهُ، يُومِئُ بِرَأْسِهِ، وَكَانَ ابْنُ عُمَرَ يَفْعَلُهُ‏.‏",
      "english": {
        "narrator": "Narrated Salim bin `Abdullah:",
        "text": "Ibn `Umar said, \"Allah's Messenger (ﷺ) used to pray the Nawafil on the back of his Mount (carriage) by \nsigns facing any direction.\" Ibn `Umar used to do the same."
      },
      "turkish": {
        "narrator": "Narrated Salim bin `Abdullah:",
        "text": "Salim bin Abdullah'dan rivayet edilmiştir: İbn Umar, \"Allah'ın Elçisi (ﷺ) dağının üzerinde (taşıma aracında) her yöne dönecek şekilde işaretle nafile namaz kılardı.\" dedi. İbn Umar da aynı şekilde yapardı."
      }
    },
    {
      "id": 26,
      "idInBook": 26,
      "chapterId": 18,
      "bookId": 1,
      "arabic": "حَدَّثَنَا عَلِيُّ بْنُ عَبْدِ اللَّهِ، قَالَ حَدَّثَنَا سُفْيَانُ، قَالَ سَمِعْتُ الزُّهْرِيَّ، عَنْ سَالِمٍ، عَنْ أَبِيهِ، قَالَ كَانَ النَّبِيُّ صلى الله عليه وسلم يَجْمَعُ بَيْنَ الْمَغْرِبِ وَالْعِشَاءِ إِذَا جَدَّ بِهِ السَّيْرُ‏.‏",
      "english": {
        "narrator": "Narrated Salim's father:",
        "text": "The Prophet (ﷺ) used to offer the Maghrib and `Isha' prayers together whenever he was in a hurry on a journey."
      },
      "turkish": {
        "narrator": "Narrated Salim's father:",
        "text": "Salim'in babasından rivayet edilmiştir: Peygamber (ﷺ) yolculukta acele ettiğinde her zaman Magrib ve İsha namazlarını bir arada kılardı."
      }
    },
    {
      "id": 27,
      "idInBook": 27,
      "chapterId": 18,
      "bookId": 1,
      "arabic": "وَقَالَ إِبْرَاهِيمُ بْنُ طَهْمَانَ عَنِ الْحُسَيْنِ الْمُعَلِّمِ، عَنْ يَحْيَى بْنِ أَبِي كَثِيرٍ، عَنْ عِكْرِمَةَ، عَنِ ابْنِ عَبَّاسٍ ـ رضى الله عنهما ـ قَالَ كَانَ رَسُولُ اللَّهِ صلى الله عليه وسلم يَجْمَعُ بَيْنَ صَلاَةِ الظُّهْرِ وَالْعَصْرِ إِذَا كَانَ عَلَى ظَهْرِ سَيْرٍ، وَيَجْمَعُ بَيْنَ الْمَغْرِبِ وَالْعِشَاءِ‏.‏",
      "english": {
        "narrator": "Narrated Ibn `Abbas:",
        "text": "Allah's Messenger (ﷺ) used to offer the Zuhr and `Asr prayers together on journeys, and also used to offer the Maghrib and `Isha' prayers together. Narrated Anas bin Malik: The Prophet (ﷺ) used to offer the Maghrib and the `Isha' prayers together on journeys."
      },
      "turkish": {
        "narrator": "Narrated Ibn `Abbas:",
        "text": "İbn Abbas'dan rivayet edilmiştir: Allah'ın Elçisi (ﷺ) yolculukta Zuhr ve Asr namazlarını bir arada kılar, ayrıca Magrib ve İsha namazlarını da bir arada kılardı. Anas bin Malik'den rivayet edilmiştir: Peygamber (ﷺ) yolculukta Magrib ve İsha namazlarını bir arada kılardı."
      }
    },
    {
      "id": 28,
      "idInBook": 28,
      "chapterId": 18,
      "bookId": 1,
      "arabic": "وَعَنْ حُسَيْنٍ، عَنْ يَحْيَى بْنِ أَبِي كَثِيرٍ، عَنْ حَفْصِ بْنِ عُبَيْدِ اللَّهِ بْنِ أَنَسٍ، عَنْ أَنَسِ بْنِ مَالِكٍ ـ رضى الله عنه ـ قَالَ كَانَ النَّبِيُّ صلى الله عليه وسلم يَجْمَعُ بَيْنَ صَلاَةِ الْمَغْرِبِ وَالْعِشَاءِ فِي السَّفَرِ‏.‏ وَتَابَعَهُ عَلِيُّ بْنُ الْمُبَارَكِ وَحَرْبٌ عَنْ يَحْيَى عَنْ حَفْصٍ عَنْ أَنَسٍ جَمَعَ النَّبِيُّ صلى الله عليه وسلم‏.‏",
      "english": {
        "narrator": "Narrated Anas:",
        "text": "Allah's Messenger (ﷺ) used to offer these two prayers together on journeys i.e. the Maghrib and the `Isha'."
      },
      "turkish": {
        "narrator": "Narrated Anas:",
        "text": "Anas'dan rivayet edilmiştir: Allah'ın Elçisi (ﷺ) yolculukta bu iki namazı bir arada kılardı, yani Magrib ve İsha namazlarını."
      }
    },
    {
      "id": 29,
      "idInBook": 29,
      "chapterId": 18,
      "bookId": 1,
      "arabic": "حَدَّثَنَا أَبُو الْيَمَانِ، قَالَ أَخْبَرَنَا شُعَيْبٌ، عَنِ الزُّهْرِيِّ، قَالَ أَخْبَرَنِي سَالِمٌ، عَنْ عَبْدِ اللَّهِ بْنِ عُمَرَ ـ رضى الله عنهما ـ قَالَ رَأَيْتُ رَسُولَ اللَّهِ صلى الله عليه وسلم إِذَا أَعْجَلَهُ السَّيْرُ فِي السَّفَرِ يُؤَخِّرُ صَلاَةَ الْمَغْرِبِ، حَتَّى يَجْمَعَ بَيْنَهَا وَبَيْنَ الْعِشَاءِ‏.‏ قَالَ سَالِمٌ وَكَانَ عَبْدُ اللَّهِ يَفْعَلُهُ إِذَا أَعْجَلَهُ السَّيْرُ، وَيُقِيمُ الْمَغْرِبَ فَيُصَلِّيهَا ثَلاَثًا، ثُمَّ يُسَلِّمُ، ثُمَّ قَلَّمَا يَلْبَثُ حَتَّى يُقِيمَ الْعِشَاءَ، فَيُصَلِّيهَا رَكْعَتَيْنِ، ثُمَّ يُسَلِّمُ وَلاَ يُسَبِّحُ بَيْنَهَا بِرَكْعَةٍ، وَلاَ بَعْدَ الْعِشَاءِ بِسَجْدَةٍ حَتَّى يَقُومَ مِنْ جَوْفِ اللَّيْلِ‏.‏",
      "english": {
        "narrator": "Narrated Az-Zuhri:",
        "text": "Salim told me, \"`Abdullah bin `Umar said, 'I saw Allah's Messenger (ﷺ) delaying the Maghrib prayer till he \noffered it along with the `Isha prayer whenever he was in a hurry during the journey.' \" Salim said, \n\"Abdullah bin `Umar used to do the same whenever he was in a hurry during the journey. After \nmaking the call for Iqama, for the Maghrib prayer he used to offer three rak`at and then perform \nTaslim. After waiting for a short while, he would pronounce the Iqama for the `Isha' prayer and offer \ntwo rak`at and perform Taslim. He never prayed any Nawafil in between the two prayers or after the \n`Isha' prayers till he got up in the middle of the night (for Tahajjud prayer).\""
      },
      "turkish": {
        "narrator": "Narrated Az-Zuhri:",
        "text": "Az-Zuhri'den rivayet edilmiştir: Salim bana, \"Abdullah bin Umar, 'Allah'ın Elçisi (ﷺ)'nin yolculukta acele ettiğinde Magrib namazını İsha namazı ile birlikte kıldığını gördüm.' dedi.\" Salim, \"Abdullah bin Umar, yolculukta acele ettiğinde de aynı şekilde yapardı. İkama çağrısını yaptıktan sonra Magrib namazında üç rek'at kılar ve sonra selam verirdi. Kısa bir süre bekledikten sonra İsha namazı için ikama okur ve iki rek'at kılar, sonra selam verirdi. İki namaz arasında veya İsha namazından sonra nafile namaz kılmazdı, gece yarısı (Teheccüd namazı için) kalkana kadar.\" dedi."
      }
    },
    {
      "id": 30,
      "idInBook": 30,
      "chapterId": 18,
      "bookId": 1,
      "arabic": "حَدَّثَنَا إِسْحَاقُ، حَدَّثَنَا عَبْدُ الصَّمَدِ، حَدَّثَنَا حَرْبٌ، حَدَّثَنَا يَحْيَى، قَالَ حَدَّثَنِي حَفْصُ بْنُ عُبَيْدِ اللَّهِ بْنِ أَنَسٍ، أَنَّ أَنَسًا ـ رضى الله عنه ـ حَدَّثَهُ أَنَّ رَسُولَ اللَّهِ صلى الله عليه وسلم كَانَ يَجْمَعُ بَيْنَ هَاتَيْنِ الصَّلاَتَيْنِ فِي السَّفَرِ‏.‏ يَعْنِي الْمَغْرِبَ وَالْعِشَاءَ‏.‏",
      "english": {
        "narrator": "Narrated Anas bin Malik:",
        "text": "Whenever the Prophet (ﷺ) started a journey before noon, he used to delay the Zuhr prayer till the time of \n`Asr and then offer them together; and if the sun declined (at noon) he used to offer the Zuhr prayer \nand then ride (for the journey)."
      },
      "turkish": {
        "narrator": "Narrated Anas bin Malik:",
        "text": "Anas bin Malik'den rivayet edilmiştir: Peygamber (ﷺ) öğleden önce bir yolculuğa çıktığında, Zuhr namazını Asr vaktine kadar geciktirir ve sonra birlikte kılardı; eğer güneş (öğle) vakti eğilmişse, Zuhr namazını kılar ve sonra yola çıkarak binerdi."
      }
    },
    {
      "id": 31,
      "idInBook": 31,
      "chapterId": 18,
      "bookId": 1,
      "arabic": "حَدَّثَنَا حَسَّانُ الْوَاسِطِيُّ، قَالَ حَدَّثَنَا الْمُفَضَّلُ بْنُ فَضَالَةَ، عَنْ عُقَيْلٍ، عَنِ ابْنِ شِهَابٍ، عَنْ أَنَسِ بْنِ مَالِكٍ ـ رضى الله عنه ـ قَالَ كَانَ النَّبِيُّ صلى الله عليه وسلم إِذَا ارْتَحَلَ قَبْلَ أَنْ تَزِيغَ الشَّمْسُ أَخَّرَ الظُّهْرَ إِلَى وَقْتِ الْعَصْرِ، ثُمَّ يَجْمَعُ بَيْنَهُمَا، وَإِذَا زَاغَتْ صَلَّى الظُّهْرَ ثُمَّ رَكِبَ‏.‏",
      "english": {
        "narrator": "Narrated Anas bin Malik:",
        "text": "Whenever the Prophet (ﷺ) started the journey before noon, he used to delay the Zuhr prayer till the time \nfor the `Asr prayer and then he would dismount and pray them together; and whenever the sun \ndeclined before he started the journey he used to offer the Zuhr prayer and then ride (for the journey)."
      },
      "turkish": {
        "narrator": "Narrated Anas bin Malik:",
        "text": "Anas bin Malik'ten rivayet edilmiştir: Peygamber (ﷺ) öğleden önce bir yolculuğa çıktığında, Zuhr namazını 'Asr namazının vaktine kadar geciktirir ve sonra inip her ikisini birden kılardı; eğer güneş yolculuğa çıkmadan önce batarsa, Zuhr namazını kılar ve sonra yola çıkar."
      }
    },
    {
      "id": 32,
      "idInBook": 32,
      "chapterId": 18,
      "bookId": 1,
      "arabic": "حَدَّثَنَا قُتَيْبَةُ، قَالَ حَدَّثَنَا الْمُفَضَّلُ بْنُ فَضَالَةَ، عَنْ عُقَيْلٍ، عَنِ ابْنِ شِهَابٍ، عَنْ أَنَسِ بْنِ مَالِكٍ، قَالَ كَانَ رَسُولُ اللَّهِ صلى الله عليه وسلم إِذَا ارْتَحَلَ قَبْلَ أَنْ تَزِيغَ الشَّمْسُ أَخَّرَ الظُّهْرَ إِلَى وَقْتِ الْعَصْرِ، ثُمَّ نَزَلَ فَجَمَعَ بَيْنَهُمَا، فَإِنْ زَاغَتِ الشَّمْسُ قَبْلَ أَنْ يَرْتَحِلَ صَلَّى الظُّهْرَ ثُمَّ رَكِبَ‏.‏",
      "english": {
        "narrator": "Narrated Anas bin Malik:",
        "text": "Whenever the Prophet (ﷺ) started on a journey before noon, he used to delay the Zuhr prayers till the time for the 'Asr prayer and then he would dismount and offer them together; and whenever the sun declined before he started on a journey he used to offer the Zuhr prayers and then ride (for journey)."
      },
      "turkish": {
        "narrator": "Narrated Anas bin Malik:",
        "text": "Anas bin Malik'ten rivayet edilmiştir: Peygamber (ﷺ) öğleden önce bir yolculuğa çıktığında, Zuhr namazını 'Asr namazının vaktine kadar geciktirir ve sonra inip her ikisini birden kılardı; eğer güneş yolculuğa çıkmadan önce batarsa, Zuhr namazını kılar ve sonra yola çıkar."
      }
    },
    {
      "id": 33,
      "idInBook": 33,
      "chapterId": 18,
      "bookId": 1,
      "arabic": "حَدَّثَنَا قُتَيْبَةُ بْنُ سَعِيدٍ، عَنْ مَالِكٍ، عَنْ هِشَامِ بْنِ عُرْوَةَ، عَنْ أَبِيهِ، عَنْ عَائِشَةَ ـ رضى الله عنها ـ أَنَّهَا قَالَتْ صَلَّى رَسُولُ اللَّهِ صلى الله عليه وسلم فِي بَيْتِهِ وَهْوَ شَاكٍ، فَصَلَّى جَالِسًا وَصَلَّى وَرَاءَهُ قَوْمٌ قِيَامًا، فَأَشَارَ إِلَيْهِمْ أَنِ اجْلِسُوا، فَلَمَّا انْصَرَفَ قَالَ ‏\n\"‏ إِنَّمَا جُعِلَ الإِمَامُ لِيُؤْتَمَّ بِهِ، فَإِذَا رَكَعَ فَارْكَعُوا، وَإِذَا رَفَعَ فَارْفَعُوا ‏\"‏‏.‏",
      "english": {
        "narrator": "Narrated `Aisha:",
        "text": "Allah's Messenger (ﷺ) prayed in his house while sitting during his illness and the people prayed behind him \nstanding and he pointed to them to sit down. When he had finished the prayer, he said, \"The Imam is \nto be followed and so when he bows you should bow; and when he lifts his head you should also do \nthe same.\""
      },
      "turkish": {
        "narrator": "Narrated `Aisha:",
        "text": "Aişe'den rivayet edilmiştir: Allah'ın Elçisi (ﷺ) hastalığı sırasında evinde oturarak namaz kıldı ve insanlar arkasında ayakta namaz kıldılar; onlara oturmalarını işaret etti. Namazı bitirdiğinde, \"İmam'a uyulur; o rüku yaptığında siz de rüku yapmalısınız; o başını kaldırdığında siz de aynı şekilde yapmalısınız.\" dedi."
      }
    },
    {
      "id": 34,
      "idInBook": 34,
      "chapterId": 18,
      "bookId": 1,
      "arabic": "حَدَّثَنَا أَبُو نُعَيْمٍ، قَالَ حَدَّثَنَا ابْنُ عُيَيْنَةَ، عَنِ الزُّهْرِيِّ، عَنْ أَنَسٍ ـ رضى الله عنه ـ قَالَ سَقَطَ رَسُولُ اللَّهِ صلى الله عليه وسلم مِنْ فَرَسٍ فَخُدِشَ ـ أَوْ فَجُحِشَ ـ شِقُّهُ الأَيْمَنُ، فَدَخَلْنَا عَلَيْهِ نَعُودُهُ، فَحَضَرَتِ الصَّلاَةُ فَصَلَّى قَاعِدًا فَصَلَّيْنَا قُعُودًا وَقَالَ ‏\n\"‏ إِنَّمَا جُعِلَ الإِمَامُ لِيُؤْتَمَّ بِهِ، فَإِذَا كَبَّرَ فَكَبِّرُوا وَإِذَا رَكَعَ فَارْكَعُوا، وَإِذَا رَفَعَ فَارْفَعُوا، وَإِذَا قَالَ سَمِعَ اللَّهُ لِمَنْ حَمِدَهُ‏.‏ فَقُولُوا رَبَّنَا وَلَكَ الْحَمْدُ ‏\"‏‏.‏",
      "english": {
        "narrator": "Narrated Anas bin Malik:",
        "text": "Allah's Messenger (ﷺ) (p.b.u.h) fell down from a horse and his right side was either injured or scratched, so \nwe went to inquire about his health. The time for the prayer became due and he offered the prayer \nwhile sitting and we prayed while standing. He said, \"The Imam is to be followed; so if he says \nTakbir, you should also say Takbir, and if he bows you should also bow; and when he lifts his head \nyou should also do the same and if he says: Sami`a l-lahu liman hamidah (Allah hears whoever sends \nhis praises to Him) you should say: Rabbana walakal-Hamd (O our Lord! All the praises are for \nYou.\") (See Hadith No. 656 Vol. 1)."
      },
      "turkish": {
        "narrator": "Narrated Anas bin Malik:",
        "text": "Anas bin Malik'ten rivayet edilmiştir: Allah'ın Elçisi (ﷺ) bir atın üzerinden düştü ve sağ tarafı ya yaralandı ya da sıyrıldı, bu yüzden sağlığını sormak için yanına gittik. Namaz vakti geldi ve oturarak namaz kıldı, biz ise ayakta namaz kıldık. O, \"İmam'a uyulur; eğer o tekbir alırsa, siz de tekbir almalısınız; eğer rüku yaparsa, siz de rüku yapmalısınız; o başını kaldırdığında siz de aynı şekilde yapmalısınız ve eğer o: Sami`a l-lahu liman hamidah (Allah, kendisine hamd edenin sesini duyar) derse, siz de: Rabbana walakal-Hamd (Ey Rabbimiz! Bütün hamd Senindir.) demelisiniz.\" dedi. (Bkz. Hadis No. 656 Cilt 1)."
      }
    },
    {
      "id": 35,
      "idInBook": 35,
      "chapterId": 18,
      "bookId": 1,
      "arabic": "حَدَّثَنَا إِسْحَاقُ بْنُ مَنْصُورٍ، قَالَ أَخْبَرَنَا رَوْحُ بْنُ عُبَادَةَ، أَخْبَرَنَا حُسَيْنٌ، عَنْ عَبْدِ اللَّهِ بْنِ بُرَيْدَةَ، عَنْ عِمْرَانَ بْنِ حُصَيْنٍ ـ رضى الله عنه ـ أَنَّهُ سَأَلَ نَبِيَّ اللَّهِ صلى الله عليه وسلم‏.‏ أَخْبَرَنَا إِسْحَاقُ قَالَ أَخْبَرَنَا عَبْدُ الصَّمَدِ قَالَ سَمِعْتُ أَبِي قَالَ حَدَّثَنَا الْحُسَيْنُ عَنِ ابْنِ بُرَيْدَةَ قَالَ حَدَّثَنِي عِمْرَانُ بْنُ حُصَيْنٍ ـ وَكَانَ مَبْسُورًا ـ قَالَ سَأَلْتُ رَسُولَ اللَّهِ صلى الله عليه وسلم عَنْ صَلاَةِ الرَّجُلِ قَاعِدًا فَقَالَ ‏\n\"‏ إِنْ صَلَّى قَائِمًا فَهْوَ أَفْضَلُ، وَمَنْ صَلَّى قَاعِدًا فَلَهُ نِصْفُ أَجْرِ الْقَائِمِ، وَمَنْ صَلَّى نَائِمًا فَلَهُ نِصْفُ أَجْرِ الْقَاعِدِ ‏\"‏‏.‏",
      "english": {
        "narrator": "Narrated `Imran bin Husain:",
        "text": "(who had piles) I asked Allah's Messenger (ﷺ) about the praying of a man while sitting. He said, \"If he prays \nwhile standing it is better and he who prays while sitting gets half the reward of that who prays \nstanding; and whoever prays while Lying gets half the reward of that who prays while sitting.\""
      },
      "turkish": {
        "narrator": "Narrated `Imran bin Husain:",
        "text": "İmrân bin Hüsayn'dan rivayet edilmiştir: (hemoroidi vardı) Ben Allah'ın Elçisi (ﷺ)ne oturarak namaz kılan bir adam hakkında sordum. O, \"Ayakta namaz kılmak daha iyidir ve oturarak namaz kılan, ayakta namaz kılanın sevabının yarısını alır; ve yatarak namaz kılan, oturarak namaz kılanın sevabının yarısını alır.\" dedi."
      }
    },
    {
      "id": 36,
      "idInBook": 36,
      "chapterId": 18,
      "bookId": 1,
      "arabic": "حَدَّثَنَا أَبُو مَعْمَرٍ، قَالَ حَدَّثَنَا عَبْدُ الْوَارِثِ، قَالَ حَدَّثَنَا حُسَيْنٌ الْمُعَلِّمُ، عَنْ عَبْدِ اللَّهِ بْنِ بُرَيْدَةَ، أَنَّ عِمْرَانَ بْنَ حُصَيْنٍ ـ وَكَانَ رَجُلاً مَبْسُورًا ـ وَقَالَ أَبُو مَعْمَرٍ مَرَّةً عَنْ عِمْرَانَ، قَالَ سَأَلْتُ النَّبِيَّ صلى الله عليه وسلم عَنْ صَلاَةِ الرَّجُلِ وَهْوَ قَاعِدٌ فَقَالَ ‏\n\"‏ مَنْ صَلَّى قَائِمًا فَهْوَ أَفْضَلُ، وَمَنْ صَلَّى قَاعِدًا فَلَهُ نِصْفُ أَجْرِ الْقَائِمِ، وَمَنْ صَلَّى نَائِمًا فَلَهُ نِصْفُ أَجْرِ الْقَاعِدِ ‏\"‏‏.‏ قَالَ أَبُو عَبْدِ اللَّهِ نَائِمًا عِنْدِي مُضْطَجِعًا هَا هُنَا‏.‏",
      "english": {
        "narrator": "Narrated `Abdullah bin Buraida:",
        "text": "`Imran bin Husain had piles. Once Abu Ma mar narrated from `Imran bin Husain had said, \"I asked \nthe Prophet (p.b.u.h) about the prayer of a person while sitting. He said, 'It is better for one to pray \nstanding; and whoever prays sitting gets half the reward of that who prays while standing; and \nwhoever prays while Lying gets half the reward of that who prays while sitting.' \""
      },
      "turkish": {
        "narrator": "Narrated `Abdullah bin Buraida:",
        "text": "Abdullah bin Bureyde'den rivayet edilmiştir: İmrân bin Hüsayn hemoroidi vardı. Bir gün Ebu Mâmar, İmrân bin Hüsayn'dan rivayet etti ve \"Ben Peygamber (ﷺ)den oturarak namaz kılan bir kişi hakkında sordum. O, 'Ayakta namaz kılmak daha iyidir; ve oturarak namaz kılan, ayakta namaz kılanın sevabının yarısını alır; ve yatarak namaz kılan, oturarak namaz kılanın sevabının yarısını alır.' dedi.\" dedi."
      }
    },
    {
      "id": 37,
      "idInBook": 37,
      "chapterId": 18,
      "bookId": 1,
      "arabic": "حَدَّثَنَا عَبْدَانُ، عَنْ عَبْدِ اللَّهِ، عَنْ إِبْرَاهِيمَ بْنِ طَهْمَانَ، قَالَ حَدَّثَنِي الْحُسَيْنُ الْمُكْتِبُ، عَنِ ابْنِ بُرَيْدَةَ، عَنْ عِمْرَانَ بْنِ حُصَيْنٍ ـ رضى الله عنه ـ قَالَ كَانَتْ بِي بَوَاسِيرُ فَسَأَلْتُ النَّبِيَّ صلى الله عليه وسلم عَنِ الصَّلاَةِ فَقَالَ ‏\n\"‏ صَلِّ قَائِمًا، فَإِنْ لَمْ تَسْتَطِعْ فَقَاعِدًا، فَإِنْ لَمْ تَسْتَطِعْ فَعَلَى جَنْبٍ ‏\"‏‏.‏",
      "english": {
        "narrator": "Narrated `Imran bin Husain:",
        "text": "had piles, so I asked the Prophet (ﷺ) about the prayer. He said, \"Pray while standing and if you can't, pray \nwhile sitting and if you cannot do even that, then pray Lying on your side.\""
      },
      "turkish": {
        "narrator": "Narrated `Imran bin Husain:",
        "text": "İmrân bin Hüsayn'dan rivayet edilmiştir: Hemoroidi vardı, bu yüzden Peygamber (ﷺ)ye namaz hakkında sordum. O, \"Ayakta namaz kıl ve eğer yapamazsan, oturarak namaz kıl ve eğer bunu da yapamazsan, yan tarafına yatarak namaz kıl.\" dedi."
      }
    },
    {
      "id": 38,
      "idInBook": 38,
      "chapterId": 18,
      "bookId": 1,
      "arabic": "حَدَّثَنَا عَبْدُ اللَّهِ بْنُ يُوسُفَ، قَالَ أَخْبَرَنَا مَالِكٌ، عَنْ هِشَامِ بْنِ عُرْوَةَ، عَنْ أَبِيهِ، عَنْ عَائِشَةَ ـ رضى الله عنها ـ أُمِّ الْمُؤْمِنِينَ أَنَّهَا أَخْبَرَتْهُ أَنَّهَا لَمْ تَرَ رَسُولَ اللَّهِ صلى الله عليه وسلم يُصَلِّي صَلاَةَ اللَّيْلِ قَاعِدًا قَطُّ حَتَّى أَسَنَّ، فَكَانَ يَقْرَأُ قَاعِدًا حَتَّى إِذَا أَرَادَ أَنْ يَرْكَعَ قَامَ، فَقَرَأَ نَحْوًا مِنْ ثَلاَثِينَ آيَةً أَوْ أَرْبَعِينَ آيَةً، ثُمَّ رَكَعَ‏.‏",
      "english": {
        "narrator": "Narrated Aisha:",
        "text": "(the mother of the faithful believers) I never saw Allah's Messenger (ﷺ) offering the night prayer while \nsitting except in his old age and then he used to recite while sitting and whenever he wanted to bow he \nwould get up and recite thirty or forty verses (while standing) and then bow."
      },
      "turkish": {
        "narrator": "Narrated Aisha:",
        "text": "Aişe'den rivayet edilmiştir: (müminlerin annesi) Ben Allah'ın Elçisi (ﷺ)ni oturarak gece namazı kılarken, yaşlılığından başka hiç görmedim ve o oturarak okur, rüku yapmak istediğinde ayağa kalkar ve oturarak otuz veya kırk ayet okur (ayakta) ve sonra rüku yapardı."
      }
    },
    {
      "id": 39,
      "idInBook": 39,
      "chapterId": 18,
      "bookId": 1,
      "arabic": "حَدَّثَنَا عَبْدُ اللَّهِ بْنُ يُوسُفَ، قَالَ أَخْبَرَنَا مَالِكٌ، عَنْ عَبْدِ اللَّهِ بْنِ يَزِيدَ، وَأَبِي النَّضْرِ، مَوْلَى عُمَرَ بْنِ عُبَيْدِ اللَّهِ عَنْ أَبِي سَلَمَةَ بْنِ عَبْدِ الرَّحْمَنِ، عَنْ عَائِشَةَ أُمِّ الْمُؤْمِنِينَ ـ رضى الله عنها ـ أَنَّ رَسُولَ اللَّهِ صلى الله عليه وسلم كَانَ يُصَلِّي جَالِسًا فَيَقْرَأُ وَهْوَ جَالِسٌ، فَإِذَا بَقِيَ مِنْ قِرَاءَتِهِ نَحْوٌ مِنْ ثَلاَثِينَ أَوْ أَرْبَعِينَ آيَةً قَامَ فَقَرَأَهَا وَهْوَ قَائِمٌ، ثُمَّ يَرْكَعُ ثُمَّ يَسْجُدُ، يَفْعَلُ فِي الرَّكْعَةِ الثَّانِيَةِ مِثْلَ ذَلِكَ، فَإِذَا قَضَى صَلاَتَهُ نَظَرَ، فَإِنْ كُنْتُ يَقْظَى تَحَدَّثَ مَعِي، وَإِنْ كُنْتُ نَائِمَةً اضْطَجَعَ‏.‏",
      "english": {
        "narrator": "Narrated `Aisha:",
        "text": "(the mother of the faithful believers) Allah's Messenger (ﷺ) (in his last days) used to pray sitting. He would \nrecite while sitting, and when thirty or forty verses remained from the recitation he would get up and \nrecite them while standing and then he would bow and prostrate. He used to do the same in the second \nrak`a. After finishing the Prayer he used to look at me and if I was awake he would talk to me and if I \nwas asleep, he would lie down."
      },
      "turkish": {
        "narrator": "Narrated `Aisha:",
        "text": "Aişe'den rivayet edilmiştir: (müminlerin annesi) Allah'ın Elçisi (ﷺ) (son günlerinde) oturarak namaz kılardı. O oturarak okur, okuma sırasında otuz veya kırk ayet kaldığında ayağa kalkar ve onları ayakta okur, sonra rüku yapar ve secde ederdi. Aynı şeyi ikinci rek'atta da yapardı. Namazı bitirdikten sonra bana bakar, eğer uyanıksam benimle konuşur, eğer uyuyorsam yanına yatarak dinlenirdi."
      }
    }
  ],
  "chapter": {
    "id": 18,
    "bookId": 1,
    "arabic": "كتاب التقصير",
    "english": "Shortening the Prayers (At-Taqseer)"
  }
}