{
  "metadata": {
    "length": 9,
    "arabic": {
      "title": "صحيح البخاري",
      "author": "الإمام محمد بن إسماعيل البخاري",
      "introduction": "كتاب فضل الصلاة فى مسجد مكة والمدينة"
    },
    "english": {
      "title": "Sahih al-Bukhari",
      "author": "Imam Muhammad ibn Ismail al-Bukhari",
      "introduction": "Virtues of Prayer at Masjid Makkah and Madinah"
    }
  },
  "hadiths": [
    {
      "id": 1,
      "idInBook": 1,
      "chapterId": 20,
      "bookId": 1,
      "arabic": "حَدَّثَنَا حَفْصُ بْنُ عُمَرَ، حَدَّثَنَا شُعْبَةُ، قَالَ أَخْبَرَنِي عَبْدُ الْمَلِكِ بْنُ عُمَيْرٍ، عَنْ قَزَعَةَ، قَالَ سَمِعْتُ أَبَا سَعِيدٍ ـ رضى الله عنه ـ أَرْبَعًا قَالَ سَمِعْتُ مِنَ النَّبِيِّ، صلى الله عليه وسلم وَكَانَ غَزَا مَعَ النَّبِيِّ صلى الله عليه وسلم ثِنْتَىْ عَشْرَةَ غَزْوَةً ح‏.‏",
      "english": {
        "narrator": "Narrated Quza'a:",
        "text": "I heard Abu Said saying four words. He said, \"I heard the Prophet (ﷺ) \n     (saying the following narrative).\" He had participated in twelve holy \n     battles with the Prophet."
      },
      "turkish": {
        "narrator": "Narrated Quza'a:",
        "text": "Rivayet etti Quza'a: Abu Said'in dört söz söylediğini duydum. Dedi ki, \"Peygamber (ﷺ)"
      }
    },
    {
      "id": 2,
      "idInBook": 2,
      "chapterId": 20,
      "bookId": 1,
      "arabic": "حَدَّثَنَا عَلِيٌّ، حَدَّثَنَا سُفْيَانُ، عَنِ الزُّهْرِيِّ، عَنْ سَعِيدٍ، عَنْ أَبِي هُرَيْرَةَ ـ رضى الله عنه ـ عَنِ النَّبِيِّ صلى الله عليه وسلم قَالَ ‏\n\"‏ لاَ تُشَدُّ الرِّحَالُ إِلاَّ إِلَى ثَلاَثَةِ مَسَاجِدَ الْمَسْجِدِ الْحَرَامِ، وَمَسْجِدِ الرَّسُولِ صلى الله عليه وسلم وَمَسْجِدِ الأَقْصَى ‏\"‏‏.‏",
      "english": {
        "narrator": "Narrated Abu Huraira:",
        "text": "The Prophet (ﷺ) said, \"Do not set out on a journey\n     except for three Mosques i.e. Al-Masjid-AI-Haram, the Mosque of \n     Allah's Messenger (ﷺ) , and the Mosque of Al-Aqsa, (Mosque of Jerusalem).\""
      },
      "turkish": {
        "narrator": "Narrated Abu Huraira:",
        "text": "(şu anlatıyı söyledi).\" O, Peygamber ile on iki kutsal savaşa katılmıştı."
      }
    },
    {
      "id": 3,
      "idInBook": 3,
      "chapterId": 20,
      "bookId": 1,
      "arabic": "حَدَّثَنَا عَبْدُ اللَّهِ بْنُ يُوسُفَ، قَالَ أَخْبَرَنَا مَالِكٌ، عَنْ زَيْدِ بْنِ رَبَاحٍ، وَعُبَيْدِ اللَّهِ بْنِ أَبِي عَبْدِ اللَّهِ الأَغَرِّ، عَنْ أَبِي عَبْدِ اللَّهِ الأَغَرِّ، عَنْ أَبِي هُرَيْرَةَ ـ رضى الله عنه ـ أَنَّ النَّبِيَّ صلى الله عليه وسلم قَالَ ‏\n\"‏ صَلاَةٌ فِي مَسْجِدِي هَذَا خَيْرٌ مِنْ أَلْفِ صَلاَةٍ فِيمَا سِوَاهُ إِلاَّ الْمَسْجِدَ الْحَرَامَ ‏\"‏‏.‏",
      "english": {
        "narrator": "Narrated Abu Huraira:",
        "text": "Allah's Messenger (ﷺ) said, \"One prayer in my Mosque is better than one thousand prayers in any other \nmosque excepting Al-Masjid-AI-Haram.\""
      },
      "turkish": {
        "narrator": "Narrated Abu Huraira:",
        "text": "Rivayet etti Abu Huraira: Peygamber (ﷺ) dedi ki, \"Üç cami dışında bir yolculuğa çıkmayın;"
      }
    },
    {
      "id": 4,
      "idInBook": 4,
      "chapterId": 20,
      "bookId": 1,
      "arabic": "حَدَّثَنَا يَعْقُوبُ بْنُ إِبْرَاهِيمَ ـ هُوَ الدَّوْرَقِيُّ ـ حَدَّثَنَا ابْنُ عُلَيَّةَ، أَخْبَرَنَا أَيُّوبُ، عَنْ نَافِعٍ، أَنَّ ابْنَ عُمَرَ ـ رضى الله عنهما ـ كَانَ لاَ يُصَلِّي مِنَ الضُّحَى إِلاَّ فِي يَوْمَيْنِ يَوْمَ يَقْدَمُ بِمَكَّةَ، فَإِنَّهُ كَانَ يَقْدَمُهَا ضُحًى، فَيَطُوفُ بِالْبَيْتِ، ثُمَّ يُصَلِّي رَكْعَتَيْنِ خَلْفَ الْمَقَامِ، وَيَوْمَ يَأْتِي مَسْجِدَ قُبَاءٍ، فَإِنَّهُ كَانَ يَأْتِيهِ كُلَّ سَبْتٍ، فَإِذَا دَخَلَ الْمَسْجِدَ كَرِهَ أَنْ يَخْرُجَ مِنْهُ حَتَّى يُصَلِّيَ فِيهِ‏.‏ قَالَ وَكَانَ يُحَدِّثُ أَنَّ رَسُولَ اللَّهِ صلى الله عليه وسلم كَانَ يَزُورُهُ رَاكِبًا وَمَاشِيًا‏.‏ قَالَ وَكَانَ يَقُولُ إِنَّمَا أَصْنَعُ كَمَا رَأَيْتُ أَصْحَابِي يَصْنَعُونَ، وَلاَ أَمْنَعُ أَحَدًا أَنْ يُصَلِّيَ فِي أَىِّ سَاعَةٍ شَاءَ مِنْ لَيْلٍ أَوْ نَهَارٍ، غَيْرَ أَنْ لاَ تَتَحَرَّوْا طُلُوعَ الشَّمْسِ وَلاَ غُرُوبَهَا‏.‏",
      "english": {
        "narrator": "Narrated Nafi`:",
        "text": "Ibn `Umar never offered the Duha prayer except on two occasions: \n(1) Whenever he reached Mecca; and he always used to reach Mecca in the forenoon. He would \nperform Tawaf round the Ka`ba and then offer two rak`at at the rear of Maqam Ibrahim. \n(2) Whenever he visited Quba, for he used to visit it every Saturday. When he entered the Mosque, he \ndisliked to leave it without offering a prayer. Ibn `Umar narrated that Allah's Messenger (ﷺ) used to visit the \nMosque of Quba (sometime) walking and (sometime) riding. And he (i.e. Ibn `Umar) used to say, \"I \ndo only what my companions used to do and I don't forbid anybody to pray at any time during the day \nor night except that one should not intend to pray at sunrise or sunset.\""
      },
      "turkish": {
        "narrator": "Narrated Nafi`:",
        "text": "yani Al-Masjid-AI-Haram, Allah'ın Elçisi (ﷺ) camisi ve Al-Aqsa Camisi (Kudüs Camisi).\""
      }
    },
    {
      "id": 5,
      "idInBook": 5,
      "chapterId": 20,
      "bookId": 1,
      "arabic": "حَدَّثَنَا مُوسَى بْنُ إِسْمَاعِيلَ، حَدَّثَنَا عَبْدُ الْعَزِيزِ بْنُ مُسْلِمٍ، عَنْ عَبْدِ اللَّهِ بْنِ دِينَارٍ، عَنِ ابْنِ عُمَرَ ـ رضى الله عنهما ـ قَالَ كَانَ النَّبِيُّ صلى الله عليه وسلم يَأْتِي مَسْجِدَ قُبَاءٍ كُلَّ سَبْتٍ مَاشِيًا وَرَاكِبًا‏.‏ وَكَانَ عَبْدُ اللَّهِ ـ رضى الله عنهما ـ يَفْعَلُهُ‏.‏",
      "english": {
        "narrator": "Narrated `Abdullah bin Dinar:",
        "text": "Ibn `Umar said, \"The Prophet (ﷺ) used to go to the Mosque of Quba every Saturday (sometimes) walking \nand (sometimes) riding.\" `Abdullah (Ibn `Umar) used to do the same."
      },
      "turkish": {
        "narrator": "Narrated `Abdullah bin Dinar:",
        "text": "Rivayet etti Abu Huraira: Allah'ın Elçisi (ﷺ) dedi ki, \"Benim camimde kılınan bir namaz,"
      }
    },
    {
      "id": 6,
      "idInBook": 6,
      "chapterId": 20,
      "bookId": 1,
      "arabic": "حَدَّثَنَا مُسَدَّدٌ، حَدَّثَنَا يَحْيَى، عَنْ عُبَيْدِ اللَّهِ، قَالَ حَدَّثَنِي نَافِعٌ، عَنِ ابْنِ عُمَرَ ـ رضى الله عنهما ـ قَالَ كَانَ النَّبِيُّ صلى الله عليه وسلم يَأْتِي قُبَاءً رَاكِبًا وَمَاشِيًا‏.‏ زَادَ ابْنُ نُمَيْرٍ حَدَّثَنَا عُبَيْدُ اللَّهِ عَنْ نَافِعٍ فَيُصَلِّي فِيهِ رَكْعَتَيْنِ‏.‏",
      "english": {
        "narrator": "Narrated Ibn `Umar:",
        "text": "The Prophet (ﷺ) used to go to the Mosque of Quba (sometimes) walking and sometimes riding. Added \nNafi` (in another narration), \"He then would offer two rak`at (in the Mosque of Quba).\""
      },
      "turkish": {
        "narrator": "Narrated Ibn `Umar:",
        "text": "Al-Masjid-AI-Haram hariç, diğer camilerde kılınan bin namazdan daha hayırlıdır.\""
      }
    },
    {
      "id": 7,
      "idInBook": 7,
      "chapterId": 20,
      "bookId": 1,
      "arabic": "حَدَّثَنَا عَبْدُ اللَّهِ بْنُ يُوسُفَ، أَخْبَرَنَا مَالِكٌ، عَنْ عَبْدِ اللَّهِ بْنِ أَبِي بَكْرٍ، عَنْ عَبَّادِ بْنِ تَمِيمٍ، عَنْ عَبْدِ اللَّهِ بْنِ زَيْدٍ الْمَازِنِيِّ ـ رضى الله عنه ـ أَنَّ رَسُولَ اللَّهِ صلى الله عليه وسلم قَالَ ‏\n\"‏ مَا بَيْنَ بَيْتِي وَمِنْبَرِي رَوْضَةٌ مِنْ رِيَاضِ الْجَنَّةِ ‏\"‏‏.‏",
      "english": {
        "narrator": "Narrated `Abdullah bin Zaid Al-Mazini:",
        "text": "Allah's Messenger (ﷺ) said, \"Between my house and the pulpit there is a garden of the gardens of Paradise.\""
      },
      "turkish": {
        "narrator": "Narrated `Abdullah bin Zaid Al-Mazini:",
        "text": "Rivayet etti Nafi`: İbn `Umar, Duha namazını sadece iki durumda kılardı:"
      }
    },
    {
      "id": 8,
      "idInBook": 8,
      "chapterId": 20,
      "bookId": 1,
      "arabic": "حَدَّثَنَا مُسَدَّدٌ، عَنْ يَحْيَى، عَنْ عُبَيْدِ اللَّهِ، قَالَ حَدَّثَنِي خُبَيْبُ بْنُ عَبْدِ الرَّحْمَنِ، عَنْ حَفْصِ بْنِ عَاصِمٍ، عَنْ أَبِي هُرَيْرَةَ ـ رضى الله عنه ـ عَنِ النَّبِيِّ صلى الله عليه وسلم قَالَ ‏\n\"‏ مَا بَيْنَ بَيْتِي وَمِنْبَرِي رَوْضَةٌ مِنْ رِيَاضِ الْجَنَّةِ، وَمِنْبَرِي عَلَى حَوْضِي ‏\"‏‏.‏",
      "english": {
        "narrator": "Narrated Abu Huraira:",
        "text": "The Prophet (ﷺ) said, \"Between my house and my pulpit there is a garden of the gardens of Paradise, and \nmy pulpit is on my fountain tank (i.e. Al-Kauthar).\""
      },
      "turkish": {
        "narrator": "Narrated Abu Huraira:",
        "text": "(1) Mekke'ye ulaştığında; ve her zaman Mekke'ye öğle saatlerinde ulaşırdı. Kabe'nin etrafında"
      }
    },
    {
      "id": 9,
      "idInBook": 9,
      "chapterId": 20,
      "bookId": 1,
      "arabic": "حَدَّثَنَا أَبُو الْوَلِيدِ، حَدَّثَنَا شُعْبَةُ، عَنْ عَبْدِ الْمَلِكِ، سَمِعْتُ قَزَعَةَ، مَوْلَى زِيَادٍ قَالَ سَمِعْتُ أَبَا سَعِيدٍ الْخُدْرِيَّ ـ رضى الله عنه ـ يُحَدِّثُ بِأَرْبَعٍ عَنِ النَّبِيِّ صلى الله عليه وسلم فَأَعْجَبْنَنِي وَآنَقْنَنِي قَالَ ‏\n\"‏ لاَ تُسَافِرِ الْمَرْأَةُ يَوْمَيْنِ إِلاَّ مَعَهَا زَوْجُهَا أَوْ ذُو مَحْرَمٍ‏.‏ وَلاَ صَوْمَ فِي يَوْمَيْنِ الْفِطْرِ وَالأَضْحَى، وَلاَ صَلاَةَ بَعْدَ صَلاَتَيْنِ بَعْدَ الصُّبْحِ حَتَّى تَطْلُعَ الشَّمْسُ، وَبَعْدَ الْعَصْرِ حَتَّى تَغْرُبَ، وَلاَ تُشَدُّ الرِّحَالُ إِلاَّ إِلَى ثَلاَثَةِ مَسَاجِدَ مَسْجِدِ الْحَرَامِ وَمَسْجِدِ الأَقْصَى وَمَسْجِدِي ‏\"‏‏.‏",
      "english": {
        "narrator": "Narrated Qaza'a Maula:",
        "text": "(freed slave of) Ziyad: I heard Abu Sa`id Al-khudri narrating four things from the Prophet (ﷺ) and I \nappreciated them very much. He said, conveying the words of the Prophet. \n(1) \"A woman should not go on a two day journey except with her husband or a Dhi-Mahram. \n(2) No fasting is permissible on two days: `Id-ul-Fitr and `Id-ul-Adha. \n(3) No prayer after two prayers, i.e. after the Fajr prayer till the sunrises and after the `Asr prayer till \nthe sun sets. \n(4) Do not prepare yourself for a journey except to three Mosques, i.e. Al-Masjid-AI-Haram, the \nMosque of Aqsa (Jerusalem) and my Mosque.\""
      },
      "turkish": {
        "narrator": "Narrated Qaza'a Maula:",
        "text": "tavaf yapar ve sonra İbrahim Makamı'nın arkasında iki rek'at namaz kılardı."
      }
    }
  ],
  "chapter": {
    "id": 20,
    "bookId": 1,
    "arabic": "كتاب فضل الصلاة فى مسجد مكة والمدينة",
    "english": "Virtues of Prayer at Masjid Makkah and Madinah"
  }
}