{
  "metadata": {
    "length": 27,
    "arabic": {
      "title": "صحيح البخاري",
      "author": "الإمام محمد بن إسماعيل البخاري",
      "introduction": "كتاب العمل فى الصلاة"
    },
    "english": {
      "title": "Sahih al-Bukhari",
      "author": "Imam Muhammad ibn Ismail al-Bukhari",
      "introduction": "Actions while Praying"
    }
  },
  "hadiths": [
    {
      "id": 1,
      "idInBook": 1,
      "chapterId": 21,
      "bookId": 1,
      "arabic": "حَدَّثَنَا عَبْدُ اللَّهِ بْنُ يُوسُفَ، أَخْبَرَنَا مَالِكٌ، عَنْ مَخْرَمَةَ بْنِ سُلَيْمَانَ، عَنْ كُرَيْبٍ، مَوْلَى ابْنِ عَبَّاسٍ أَنَّهُ أَخْبَرَهُ عَنْ عَبْدِ اللَّهِ بْنِ عَبَّاسٍ ـ رضى الله عنهما ـ أَنَّهُ بَاتَ عِنْدَ مَيْمُونَةَ أُمِّ الْمُؤْمِنِينَ ـ رضى الله عنها ـ وَهْىَ خَالَتُهُ ـ قَالَ فَاضْطَجَعْتُ عَلَى عَرْضِ الْوِسَادَةِ، وَاضْطَجَعَ رَسُولُ اللَّهِ صلى الله عليه وسلم وَأَهْلُهُ فِي طُولِهَا، فَنَامَ رَسُولُ اللَّهِ صلى الله عليه وسلم حَتَّى انْتَصَفَ اللَّيْلُ أَوْ قَبْلَهُ بِقَلِيلٍ أَوْ بَعْدَهُ بِقَلِيلٍ، ثُمَّ اسْتَيْقَظَ رَسُولُ اللَّهِ صلى الله عليه وسلم فَجَلَسَ، فَمَسَحَ النَّوْمَ عَنْ وَجْهِهِ بِيَدِهِ، ثُمَّ قَرَأَ الْعَشْرَ آيَاتٍ خَوَاتِيمَ سُورَةِ آلِ عِمْرَانَ، ثُمَّ قَامَ إِلَى شَنٍّ مُعَلَّقَةٍ فَتَوَضَّأَ مِنْهَا، فَأَحْسَنَ وُضُوءَهُ، ثُمَّ قَامَ يُصَلِّي‏.‏ قَالَ عَبْدُ اللَّهِ بْنُ عَبَّاسٍ ـ رضى الله عنهما ـ فَقُمْتُ فَصَنَعْتُ مِثْلَ مَا صَنَعَ، ثُمَّ ذَهَبْتُ فَقُمْتُ إِلَى جَنْبِهِ، فَوَضَعَ رَسُولُ اللَّهِ صلى الله عليه وسلم يَدَهُ الْيُمْنَى عَلَى رَأْسِي، وَأَخَذَ بِأُذُنِي الْيُمْنَى يَفْتِلُهَا بِيَدِهِ، فَصَلَّى رَكْعَتَيْنِ، ثُمَّ رَكْعَتَيْنِ، ثُمَّ رَكْعَتَيْنِ، ثُمَّ رَكْعَتَيْنِ، ثُمَّ رَكْعَتَيْنِ، ثُمَّ رَكْعَتَيْنِ، ثُمَّ أَوْتَرَ، ثُمَّ اضْطَجَعَ حَتَّى جَاءَهُ الْمُؤَذِّنُ، فَقَامَ فَصَلَّى رَكْعَتَيْنِ خَفِيفَتَيْنِ، ثُمَّ خَرَجَ فَصَلَّى الصُّبْحَ‏.‏",
      "english": {
        "narrator": "Narrated Kuraib Maula Ibn `Abbas:",
        "text": "`Abdullah bin `Abbas said that he had passed a night in the house of Maimuna the mother of the \nfaithful believers , who was his aunt. He said, \"I slept across the bed, and Allah's Messenger (ﷺ) along with \nhis wife slept lengthwise. Allah's Messenger (ﷺ) slept till midnight or slightly before or after it. Then Allah's \nApostle woke up, sat, and removed the traces of sleep by rubbing his hands over his face. Then he \nrecited the last ten verses of Surat-Al `Imran (2). Then he went towards a hanging leather watercontainer \nand performed a perfect ablution and then stood up for prayer.\" `Abdullah bin `Abbas \nadded, \"I got up and did the same as Allah's Messenger (ﷺ) had done and then went and stood by his side. \nAllah's Messenger (ﷺ) then put his right hand over my head and caught my right ear and twisted it. He \noffered two rak`at, then two rak`at, then two rak`at, then two rak`at, then two rak`at, then two rak`at \nand then offered one rak`a witr. Then he lay down till the Mu'adh-dhin came and then he prayed two \nlight rak`at and went out and offered the early morning (Fajr) prayer.\""
      },
      "turkish": {
        "narrator": "Narrated Kuraib Maula Ibn `Abbas:",
        "text": "Kuraib Maula İbn Abbas'tan rivayet edilmiştir: Abdullah bin Abbas, Maimuna'nın (ra) evinde bir gece geçirdiğini, onun müminlerin annesi olduğunu ve aynı zamanda teyzesi olduğunu söyledi. \"Ben yatağın üzerine uzandım, Allah'ın Elçisi (ﷺ) ve eşi ise boydan boya yattı. Allah'ın Elçisi (ﷺ) gece yarısına kadar ya da biraz öncesine ya da sonrasına kadar uyudu. Sonra Allah'ın Elçisi uyandı, oturdu ve ellerini yüzüne sürerek uykunun izlerini giderdi. Sonra Al-i İmran Suresi'nin son on ayetini okudu. Sonra asılı deri su kabına doğru gitti ve mükemmel bir abdest aldı ve sonra namaz için ayağa kalktı.\" Abdullah bin Abbas ekledi, \"Ben de kalktım ve Allah'ın Elçisi (ﷺ) gibi yaptım ve sonra yanına durdum. Allah'ın Elçisi (ﷺ) sağ elini başımın üzerine koydu ve sağ kulağımı tuttu ve çevirdi. İki rek'at, sonra iki rek'at, sonra iki rek'at, sonra iki rek'at, sonra iki rek'at, sonra iki rek'at ve sonra bir rek'at vitir kıldı. Sonra Mu'adh-dhin gelene kadar uzandı ve sonra iki hafif rek'at kıldı ve dışarı çıkıp sabah (Fajr) namazını kıldı.\""
      }
    },
    {
      "id": 2,
      "idInBook": 2,
      "chapterId": 21,
      "bookId": 1,
      "arabic": "حَدَّثَنَا ابْنُ نُمَيْرٍ، حَدَّثَنَا ابْنُ فُضَيْلٍ، حَدَّثَنَا الأَعْمَشُ، عَنْ إِبْرَاهِيمَ، عَنْ عَلْقَمَةَ، عَنْ عَبْدِ اللَّهِ ـ رضى الله عنه ـ قَالَ كُنَّا نُسَلِّمُ عَلَى النَّبِيِّ صلى الله عليه وسلم وَهُوَ فِي الصَّلاَةِ فَيَرُدُّ عَلَيْنَا، فَلَمَّا رَجَعْنَا مِنْ عِنْدِ النَّجَاشِيِّ سَلَّمْنَا عَلَيْهِ فَلَمْ يَرُدَّ عَلَيْنَا وَقَالَ ‏\n\"‏ إِنَّ فِي الصَّلاَةِ شُغْلاً ‏\"‏‏.‏",
      "english": {
        "narrator": "Narrated `Abdullah:",
        "text": "We used to greet the Prophet (ﷺ) while he was praying and he used to answer our greetings. When we \nreturned from An-Najashi (the ruler of Ethiopia), we greeted him, but he did not answer us (during the \nprayer) and (after finishing the prayer) he said, \"In the prayer one is occupied (with a more serious \nmatter).\""
      },
      "turkish": {
        "narrator": "Narrated `Abdullah:",
        "text": "Abdullah'tan rivayet edilmiştir: Biz, Peygamber (ﷺ) namaz kılarken ona selam verirdik ve o da selamlarımıza cevap verirdi. An-Necashi'den (Etyopya hükümdarı) döndüğümüzde, ona selam verdik ama o (namaz sırasında) bize cevap vermedi ve (namazı bitirdikten sonra) dedi ki, \"Namazda insan daha önemli bir işle meşguldür.\""
      }
    },
    {
      "id": 3,
      "idInBook": 3,
      "chapterId": 21,
      "bookId": 1,
      "arabic": "حَدَّثَنَا ابْنُ نُمَيْرٍ، حَدَّثَنَا إِسْحَاقُ بْنُ مَنْصُورٍ، حَدَّثَنَا هُرَيْمُ بْنُ سُفْيَانَ، عَنِ الأَعْمَشِ، عَنْ إِبْرَاهِيمَ، عَنْ عَلْقَمَةَ، عَنْ عَبْدِ اللَّهِ ـ رضى الله عنه ـ عَنِ النَّبِيِّ صلى الله عليه وسلم نَحْوَهُ‏.‏",
      "english": {
        "narrator": "Narrated `Abdullah:",
        "text": "The same as No. 290. from the Prophet."
      },
      "turkish": {
        "narrator": "Narrated `Abdullah:",
        "text": "Abdullah'tan rivayet edilmiştir: Aynı No. 290. Peygamber'den."
      }
    },
    {
      "id": 4,
      "idInBook": 4,
      "chapterId": 21,
      "bookId": 1,
      "arabic": "حَدَّثَنَا إِبْرَاهِيمُ بْنُ مُوسَى، أَخْبَرَنَا عِيسَى ـ هُوَ ابْنُ يُونُسَ ـ عَنْ إِسْمَاعِيلَ، عَنِ الْحَارِثِ بْنِ شُبَيْلٍ، عَنْ أَبِي عَمْرٍو الشَّيْبَانِيِّ، قَالَ قَالَ لِي زَيْدُ بْنُ أَرْقَمَ إِنْ كُنَّا لَنَتَكَلَّمُ فِي الصَّلاَةِ عَلَى عَهْدِ النَّبِيِّ صلى الله عليه وسلم، يُكَلِّمُ أَحَدُنَا صَاحِبَهُ بِحَاجَتِهِ حَتَّى نَزَلَتْ ‏{‏حَافِظُوا عَلَى الصَّلَوَاتِ‏}‏ الآيَةَ، فَأُمِرْنَا بِالسُّكُوتِ‏.‏",
      "english": {
        "narrator": "Narrated Zaid bin Arqam:",
        "text": "In the lifetime of the Prophet (ﷺ) we used to speak while praying, and one of us would tell his needs to his \ncompanions, till the verse, 'Guard strictly your prayers (2.238) was revealed. After that we were \nordered to remain silent while praying."
      },
      "turkish": {
        "narrator": "Narrated Zaid bin Arqam:",
        "text": "Zaid bin Arqam'dan rivayet edilmiştir: Peygamber (ﷺ) hayatta iken biz namaz kılarken konuşurduk ve birimiz ihtiyaçlarını arkadaşlarına söylerdi, ta ki 'Namazlarınızı titizlikle koruyun' (2.238) ayeti nazil olana kadar. Bundan sonra namaz kılarken sessiz kalmamız emredildi."
      }
    },
    {
      "id": 5,
      "idInBook": 5,
      "chapterId": 21,
      "bookId": 1,
      "arabic": "حَدَّثَنَا عَبْدُ اللَّهِ بْنُ مَسْلَمَةَ، حَدَّثَنَا عَبْدُ الْعَزِيزِ بْنُ أَبِي حَازِمٍ، عَنْ أَبِيهِ، عَنْ سَهْلٍ ـ رضى الله عنه ـ قَالَ خَرَجَ النَّبِيُّ صلى الله عليه وسلم يُصْلِحُ بَيْنَ بَنِي عَمْرِو بْنِ عَوْفٍ، وَحَانَتِ الصَّلاَةُ، فَجَاءَ بِلاَلٌ أَبَا بَكْرٍ ـ رضى الله عنهما ـ فَقَالَ حُبِسَ النَّبِيُّ صلى الله عليه وسلم فَتَؤُمُّ النَّاسَ قَالَ نَعَمْ إِنْ شِئْتُمْ‏.‏ فَأَقَامَ بِلاَلٌ الصَّلاَةَ، فَتَقَدَّمَ أَبُو بَكْرٍ ـ رضى الله عنه ـ فَصَلَّى، فَجَاءَ النَّبِيُّ صلى الله عليه وسلم يَمْشِي فِي الصُّفُوفِ يَشُقُّهَا شَقًّا حَتَّى قَامَ فِي الصَّفِّ الأَوَّلِ، فَأَخَذَ النَّاسُ بِالتَّصْفِيحِ‏.‏ قَالَ سَهْلٌ هَلْ تَدْرُونَ مَا التَّصْفِيحُ هُوَ التَّصْفِيقُ‏.‏ وَكَانَ أَبُو بَكْرٍ ـ رضى الله عنه ـ لاَ يَلْتَفِتُ فِي صَلاَتِهِ، فَلَمَّا أَكْثَرُوا الْتَفَتَ فَإِذَا النَّبِيُّ صلى الله عليه وسلم فِي الصَّفِّ، فَأَشَارَ إِلَيْهِ مَكَانَكَ‏.‏ فَرَفَعَ أَبُو بَكْرٍ يَدَيْهِ، فَحَمِدَ اللَّهَ، ثُمَّ رَجَعَ الْقَهْقَرَى وَرَاءَهُ وَتَقَدَّمَ النَّبِيُّ صلى الله عليه وسلم فَصَلَّى‏.‏",
      "english": {
        "narrator": "Narrated Sahl bin Sa`d:",
        "text": "The Prophet (ﷺ) went out to affect a reconciliation between the tribes of Bani `Amr bin `Auf and the time \nof the prayer became due; Bilal went to Abu Bakr and said, \"The Prophet (ﷺ) is detained. Will you lead \nthe people in the prayer?\" Abu Bakr replied, \"Yes, if you wish.\" So Bilal pronounced the Iqama and \nAbu Bakr led the prayer. In the meantime the Prophet (ﷺ) came crossing the rows (of the praying people) \ntill he stood in the first row and the people started clapping. Abu Bakr never looked hither and thither \nduring the prayer but when the people clapped too much, he looked back and saw the Prophet (ﷺ) in the \n(first) row. The Prophet (ﷺ) waved him to remain at his place, but Abu Bakr raised both his hands and \nsent praises to Allah and then retreated and the Prophet (ﷺ) went forward and led the prayer. (See Hadith \nNo. 295 & 296)"
      },
      "turkish": {
        "narrator": "Narrated Sahl bin Sa`d:",
        "text": "Sahl bin Sa'd'dan rivayet edilmiştir: Peygamber (ﷺ) Beni Amr bin Auf kabileleri arasında uzlaştırma yapmak için dışarı çıktı ve namaz vakti geldi; Bilal, Ebu Bekir'e gitti ve \"Peygamber (ﷺ) meşguldür. İnsanları namazda sen mi yöneteceksin?\" dedi. Ebu Bekir, \"Evet, istersen.\" diye cevap verdi. Bilal ikamet getirdi ve Ebu Bekir namazı kıldırdı. Bu arada Peygamber (ﷺ) namaz kılanların saflarını geçerek birinci safta durdu ve insanlar alkışlamaya başladılar. Ebu Bekir namaz sırasında sağa sola bakmadı ama insanlar çok alkışlayınca geri döndü ve Peygamber (ﷺ) birinci safta olduğunu gördü. Peygamber (ﷺ) ona yerinde kalmasını işaret etti, ama Ebu Bekir iki elini kaldırdı ve Allah'a hamd etti ve geri çekildi ve Peygamber (ﷺ) öne geçti ve namazı kıldırdı. (Bkz. Hadis No. 295 & 296)"
      }
    },
    {
      "id": 6,
      "idInBook": 6,
      "chapterId": 21,
      "bookId": 1,
      "arabic": "حَدَّثَنَا عَمْرُو بْنُ عِيسَى، حَدَّثَنَا أَبُو عَبْدِ الصَّمَدِ عَبْدُ الْعَزِيزِ بْنُ عَبْدِ الصَّمَدِ، حَدَّثَنَا حُصَيْنُ بْنُ عَبْدِ الرَّحْمَنِ، عَنْ أَبِي وَائِلٍ، عَنْ عَبْدِ اللَّهِ بْنِ مَسْعُودٍ ـ رضى الله عنه ـ قَالَ كُنَّا نَقُولُ التَّحِيَّةُ فِي الصَّلاَةِ وَنُسَمِّي، وَيُسَلِّمُ بَعْضُنَا عَلَى بَعْضٍ، فَسَمِعَهُ رَسُولُ اللَّهِ صلى الله عليه وسلم فَقَالَ ‏\n\"‏ قُولُوا التَّحِيَّاتُ لِلَّهِ وَالصَّلَوَاتُ وَالطَّيِّبَاتُ، السَّلاَمُ عَلَيْكَ أَيُّهَا النَّبِيُّ وَرَحْمَةُ اللَّهِ وَبَرَكَاتُهُ، السَّلاَمُ عَلَيْنَا وَعَلَى عِبَادِ اللَّهِ الصَّالِحِينَ، أَشْهَدُ أَنْ لاَ إِلَهَ إِلاَّ اللَّهُ وَأَشْهَدُ أَنَّ مُحَمَّدًا عَبْدُهُ وَرَسُولُهُ، فَإِنَّكُمْ إِذَا فَعَلْتُمْ ذَلِكَ فَقَدْ سَلَّمْتُمْ عَلَى كُلِّ عَبْدٍ لِلَّهِ صَالِحٍ فِي السَّمَاءِ وَالأَرْضِ ‏\"‏‏.‏",
      "english": {
        "narrator": "Narrated `Abdullah bin Mas`ud:",
        "text": "We used to say the greeting, name and greet each other in the prayer. Allah's Messenger (ﷺ) heard it and \nsaid:--\"Say, 'at-tahiyyatu lil-lahi was-salawatu wat-taiyibatu . Assalamu 'Alaika aiyuha-n-Nabiyu warahmatu- \nl-lahi wa-barakatuhu. _ Assalamu alaina wa-'ala 'ibadi-l-lahi as-salihin.. Ashhadu an la ilaha \nilla-l-lah wa ashhadu anna Muhammadan `Abdu hu wa Rasuluh. (All the compliments are for Allah \nand all the prayers and all the good things (are for Allah). Peace be on you, O Prophet, and Allah's \nmercy and blessings (are on you). And peace be on us and on the good (pious) worshipers of Allah. I \ntestify that none has the right to be worshipped but Allah and that Muhammad is His slave and \nApostle.) So, when you have said this, then you have surely sent the greetings to every good (pious) \nworshipper of Allah, whether he be in the Heaven or on the Earth . \""
      },
      "turkish": {
        "narrator": "Narrated `Abdullah bin Mas`ud:",
        "text": "Abdullah bin Mes'ud'dan rivayet edilmiştir: Biz namazda selam veriyor, birbirimizi isimlendiriyor ve selamlıyorduk. Allah'ın Elçisi (ﷺ) bunu duydu ve şöyle dedi: \"De ki, 'at-tahiyyatu lil-lahi was-salawatu wat-taiyibatu. Assalamu 'Alaika aiyuha-n-Nabiyu warahmatu-l-lahi wa-barakatuhu. Assalamu alaina wa-'ala 'ibadi-l-lahi as-salihin.. Ashhadu an la ilaha illa-l-lah wa ashhadu anna Muhammadan `Abdu hu wa Rasuluh. (Tüm övgüler Allah'a, tüm dualar ve tüm hayırlı şeyler Allah içindir. Ey Peygamber, sana selam olsun, Allah'ın merhameti ve bereketi senin üzerinedir. Bizlere ve Allah'ın salih kullarına selam olsun. Şahitlik ederim ki, Allah'tan başka ilah yoktur ve Muhammed O'nun kulu ve elçisidir.) Bunu söyledikten sonra, kesinlikle her iyi (salih) Allah kullarına selam göndermiş olursun, ister göklerde olsun ister yeryüzünde.\""
      }
    },
    {
      "id": 7,
      "idInBook": 7,
      "chapterId": 21,
      "bookId": 1,
      "arabic": "حَدَّثَنَا عَلِيُّ بْنُ عَبْدِ اللَّهِ، حَدَّثَنَا سُفْيَانُ، حَدَّثَنَا الزُّهْرِيُّ، عَنْ أَبِي سَلَمَةَ، عَنْ أَبِي هُرَيْرَةَ ـ رضى الله عنه ـ عَنِ النَّبِيِّ صلى الله عليه وسلم قَالَ ‏\n\"‏ التَّسْبِيحُ لِلرِّجَالِ وَالتَّصْفِيقُ لِلنِّسَاءِ ‏\"‏‏.‏",
      "english": {
        "narrator": "Narrated Abu Huraira:",
        "text": "The Prophet (ﷺ) said, \"The saying 'Sub Han Allah' is for men and clapping is for women.\" (If something \nhappens in the prayer, the men can invite the attention of the Imam by saying \"Sub Han Allah\". And \nwomen, by clapping their hands)."
      },
      "turkish": {
        "narrator": "Narrated Abu Huraira:",
        "text": "Ebu Hureyre'den rivayet edilmiştir: Peygamber (ﷺ) dedi ki, \"Subhan Allah demek erkekler içindir ve alkışlamak kadınlar içindir.\" (Namazda bir şey olduğunda, erkekler imamın dikkatini \"Subhan Allah\" diyerek çekebilir. Kadınlar ise alkışlayarak dikkat çekebilirler)."
      }
    },
    {
      "id": 8,
      "idInBook": 8,
      "chapterId": 21,
      "bookId": 1,
      "arabic": "حَدَّثَنَا يَحْيَى، أَخْبَرَنَا وَكِيعٌ، عَنْ سُفْيَانَ، عَنْ أَبِي حَازِمٍ، عَنْ سَهْلِ بْنِ سَعْدٍ ـ رضى الله عنه ـ قَالَ قَالَ النَّبِيُّ صلى الله عليه وسلم ‏\n\"‏ التَّسْبِيحُ لِلرِّجَالِ وَالتَّصْفِيحُ لِلنِّسَاءِ ‏\"‏‏.‏",
      "english": {
        "narrator": "Narrated Sahl bin Sa`d:",
        "text": "The Prophet (ﷺ) said, \"The saying 'Sub Han Allah' is for men and clapping is for women."
      },
      "turkish": {
        "narrator": "Narrated Sahl bin Sa`d:",
        "text": "Sahl bin Sa'd'dan rivayet edilmiştir: Peygamber (ﷺ) dedi ki, \"Subhan Allah demek erkekler içindir ve alkışlamak kadınlar içindir.\""
      }
    },
    {
      "id": 9,
      "idInBook": 9,
      "chapterId": 21,
      "bookId": 1,
      "arabic": "حَدَّثَنَا بِشْرُ بْنُ مُحَمَّدٍ، أَخْبَرَنَا عَبْدُ اللَّهِ، قَالَ يُونُسُ قَالَ الزُّهْرِيُّ أَخْبَرَنِي أَنَسُ بْنُ مَالِكٍ، أَنَّ الْمُسْلِمِينَ، بَيْنَا هُمْ فِي الْفَجْرِ يَوْمَ الاِثْنَيْنِ، وَأَبُو بَكْرٍ ـ رضى الله عنه ـ يُصَلِّي بِهِمْ فَفَجَأَهُمُ النَّبِيُّ صلى الله عليه وسلم قَدْ كَشَفَ سِتْرَ حُجْرَةِ عَائِشَةَ ـ رضى الله عنها ـ فَنَظَرَ إِلَيْهِمْ، وَهُمْ صُفُوفٌ، فَتَبَسَّمَ يَضْحَكُ، فَنَكَصَ أَبُو بَكْرٍ ـ رضى الله عنه ـ عَلَى عَقِبَيْهِ، وَظَنَّ أَنَّ رَسُولَ اللَّهِ صلى الله عليه وسلم يُرِيدُ أَنْ يَخْرُجَ إِلَى الصَّلاَةِ، وَهَمَّ الْمُسْلِمُونَ أَنْ يَفْتَتِنُوا فِي صَلاَتِهِمْ فَرَحًا بِالنَّبِيِّ صلى الله عليه وسلم حِينَ رَأَوْهُ، فَأَشَارَ بِيَدِهِ أَنْ أَتِمُّوا، ثُمَّ دَخَلَ الْحُجْرَةَ وَأَرْخَى السِّتْرَ، وَتُوُفِّيَ ذَلِكَ الْيَوْمَ‏.‏",
      "english": {
        "narrator": "Narrated Anas bin Malik:",
        "text": "While Abu Bakr was leading the people in the morning prayer on a \n     Monday, the Prophet (ﷺ) came towards them suddenly having lifted the \n     curtain of 'Aisha's house, and looked at them as they were standing in\n     rows and smiled. Abu Bakr tried to come back thinking that Allah's \n     Apostle wanted to come out for the prayer. The attention of the \n     Muslims was diverted from the prayer because they were delighted to \n     see the Prophet. The Prophet (ﷺ) waved his hand to them to complete their \n     prayer, then he went back into the room and let down the curtain. The \n     Prophet expired on that very day."
      },
      "turkish": {
        "narrator": "Narrated Anas bin Malik:",
        "text": "Enes bin Malik'ten rivayet edilmiştir: Ebu Bekir, sabah namazını kıldırırken bir pazartesi günü, Peygamber (ﷺ) aniden Aişe'nin evinin perdesini kaldırarak onlara doğru geldi ve onların saf halinde durduklarını görünce gülümsedi. Ebu Bekir, Allah'ın Elçisinin namaza çıkmak istediğini düşünerek geri dönmeye çalıştı. Müslümanların dikkati namazdan dağıldı çünkü Peygamberi görmekten memnun oldular. Peygamber (ﷺ) onlara namazlarını tamamlamaları için elini salladı, sonra odaya geri döndü ve perdenin kapandı. Peygamber o gün vefat etti."
      }
    },
    {
      "id": 10,
      "idInBook": 10,
      "chapterId": 21,
      "bookId": 1,
      "arabic": "وَقَالَ اللَّيْثُ حَدَّثَنِي جَعْفَرٌ، عَنْ عَبْدِ الرَّحْمَنِ بْنِ هُرْمُزَ، قَالَ قَالَ أَبُو هُرَيْرَةَ ـ رضى الله عنه ـ قَالَ رَسُولُ اللَّهِ صلى الله عليه وسلم ‏\n\"‏ نَادَتِ امْرَأَةٌ ابْنَهَا، وَهْوَ فِي صَوْمَعَةٍ قَالَتْ يَا جُرَيْجُ‏.‏ قَالَ اللَّهُمَّ أُمِّي وَصَلاَتِي‏.‏ قَالَتْ يَا جُرَيْجُ‏.‏ قَالَ اللَّهُمَّ أُمِّي وَصَلاَتِي‏.‏ قَالَتْ يَا جُرَيْجُ‏.‏ قَالَ اللَّهُمَّ أُمِّي وَصَلاَتِي‏.‏ قَالَتِ اللَّهُمَّ لاَ يَمُوتُ جُرَيْجٌ حَتَّى يَنْظُرَ فِي وَجْهِ الْمَيَامِيسِ‏.‏ وَكَانَتْ تَأْوِي إِلَى صَوْمَعَتِهِ رَاعِيَةٌ تَرْعَى الْغَنَمَ فَوَلَدَتْ فَقِيلَ لَهَا مِمَّنْ هَذَا الْوَلَدُ قَالَتْ مِنْ جُرَيْجٍ نَزَلَ مِنْ صَوْمَعَتِهِ‏.‏ قَالَ جُرَيْجٌ أَيْنَ هَذِهِ الَّتِي تَزْعُمُ أَنَّ وَلَدَهَا لِي قَالَ يَا بَابُوسُ مَنْ أَبُوكَ قَالَ رَاعِي الْغَنَمِ ‏\"‏‏.‏",
      "english": {
        "narrator": "Narrated Abu Huraira:",
        "text": "Allah's Messenger (ﷺ) said, \"A woman called her son while he was in his \n     hermitage and said, 'O Juraij' He said, 'O Allah, my mother (is \n     calling me) and (I am offering) my prayer (what shall I do)?' She \n     again said, 'O Juraij!' He said again, 'O Allah ! My mother (is \n     calling me) and (I am offering) my prayer (what shall I do)?' She \n     again said, 'O Juraij' He again said, 'O Allah! My mother (is calling \n     me) and (I am offering) my prayer. (What shall I do?)' She said, 'O \n     Allah! Do not let Juraij die till he sees the faces of prostitutes.' A\n     shepherdess used to come by his hermitage for grazing her sheep and \n     she gave birth to a child. She was asked whose child that was, and she\n     replied that it was from Juraij and that he had come out from his \n     hermitage. Juraij said, 'Where is that woman who claims that her child\n     is from me?' (When she was brought to him along with the child), \n     Juraij asked the child, 'O Babus, who is your father?' The child \n     replied, 'The shepherd.' \" (See Hadith No 662. Vol 3)."
      },
      "turkish": {
        "narrator": "Narrated Abu Huraira:",
        "text": "Ebu Hureyre'den rivayet edilmiştir: Allah'ın Elçisi (ﷺ) dedi ki, \"Bir kadın oğlu Juraij'i, o ibadethanede iken çağırdı ve 'Ey Juraij' dedi. O da, 'Ey Allah'ım, annem (bana) sesleniyor ve (namaz kılıyorum) ne yapmalıyım?' dedi. Kadın tekrar 'Ey Juraij!' dedi. O yine 'Ey Allah'ım! Annem (bana) sesleniyor ve (namaz kılıyorum) ne yapmalıyım?' dedi. Kadın tekrar 'Ey Juraij!' dedi. O yine 'Ey Allah'ım! Annem (bana) sesleniyor ve (namaz kılıyorum). (Ne yapmalıyım?)' dedi. Kadın, 'Ey Allah! Juraij'in yüzünü, fahişelerin yüzlerini görmeden öldürme.' Bir çoban kızı, koyunlarını otlatmak için ibadethanesinin yanından geçiyordu ve bir çocuk doğurdu. O çocuğun kimin çocuğu olduğu sorulduğunda, Juraij'den olduğunu ve onun ibadethanesinden çıktığını söyledi. Juraij, 'O kadın nerede, çocuğunun benimle olduğunu iddia eden?' (Kadın ve çocuk getirildiğinde), Juraij çocuğa, 'Ey Babus, baban kim?' diye sordu. Çocuk, 'Çoban.' diye cevap verdi.\" (Bkz. Hadis No 662. Cilt 3)."
      }
    },
    {
      "id": 11,
      "idInBook": 11,
      "chapterId": 21,
      "bookId": 1,
      "arabic": "حَدَّثَنَا أَبُو نُعَيْمٍ، حَدَّثَنَا شَيْبَانُ، عَنْ يَحْيَى، عَنْ أَبِي سَلَمَةَ، قَالَ حَدَّثَنِي مُعَيْقِيبٌ، أَنَّ النَّبِيَّ صلى الله عليه وسلم قَالَ فِي الرَّجُلِ يُسَوِّي التُّرَابَ حَيْثُ يَسْجُدُ قَالَ ‏\n\"‏ إِنْ كُنْتَ فَاعِلاً فَوَاحِدَةً ‏\"‏‏.‏",
      "english": {
        "narrator": "Narrated Mu'aiqib:",
        "text": "The Prophet (ﷺ) talked about a man leveling the earth on prostrating, and said, \"If you have to do so, then \ndo it once.\""
      },
      "turkish": {
        "narrator": "Narrated Mu'aiqib:",
        "text": "Mu'aiqib'den rivayet edilmiştir: Peygamber (ﷺ) secde ederken bir adamın toprağı düzlemesi hakkında konuştu ve dedi ki, \"Eğer bunu yapmanız gerekiyorsa, bir kez yapın.\""
      }
    },
    {
      "id": 12,
      "idInBook": 12,
      "chapterId": 21,
      "bookId": 1,
      "arabic": "حَدَّثَنَا مُسَدَّدٌ، حَدَّثَنَا بِشْرٌ، حَدَّثَنَا غَالِبٌ، عَنْ بَكْرِ بْنِ عَبْدِ اللَّهِ، عَنْ أَنَسِ بْنِ مَالِكٍ ـ رضى الله عنه ـ قَالَ كُنَّا نُصَلِّي مَعَ النَّبِيِّ صلى الله عليه وسلم فِي شِدَّةِ الْحَرِّ، فَإِذَا لَمْ يَسْتَطِعْ أَحَدُنَا أَنْ يُمَكِّنَ وَجْهَهُ مِنَ الأَرْضِ بَسَطَ ثَوْبَهُ فَسَجَدَ عَلَيْهِ‏.‏",
      "english": {
        "narrator": "Narrated Anas bin Malik:",
        "text": "We used to pray with the Prophet (ﷺ) in scorching heat, and if someone of us could not put his face on the \nearth (because of the heat) then he would spread his clothes and prostrate over them."
      },
      "turkish": {
        "narrator": "Narrated Anas bin Malik:",
        "text": "Enes bin Malik'ten rivayet edilmiştir: Biz, Peygamber (ﷺ) ile kavurucu sıcakta namaz kılardık ve eğer aramızdan biri yüzünü yere koyamazsa (sıcaklıktan dolayı) elbiselerini serer ve onların üzerine secde ederdi."
      }
    },
    {
      "id": 13,
      "idInBook": 13,
      "chapterId": 21,
      "bookId": 1,
      "arabic": "حَدَّثَنَا عَبْدُ اللَّهِ بْنُ مَسْلَمَةَ، حَدَّثَنَا مَالِكٌ، عَنْ أَبِي النَّضْرِ، عَنْ أَبِي سَلَمَةَ، عَنْ عَائِشَةَ ـ رضى الله عنها ـ قَالَتْ كُنْتُ أَمُدُّ رِجْلِي فِي قِبْلَةِ النَّبِيِّ صلى الله عليه وسلم وَهُوَ يُصَلِّي، فَإِذَا سَجَدَ غَمَزَنِي فَرَفَعْتُهَا، فَإِذَا قَامَ مَدَدْتُهَا‏.‏",
      "english": {
        "narrator": "Narrated Aisha:",
        "text": "I used to stretch my legs towards the Qibla of the Prophet (ﷺ) while he was praying; whenever he \nprostrated he touched me, and I would withdraw my legs, and whenever he stood up, I would restretch \nmy legs."
      },
      "turkish": {
        "narrator": "Narrated Aisha:",
        "text": "Aişe'den rivayet edilmiştir: Ben, Peygamber (ﷺ) namaz kılarken bacaklarımı Kıble'ye doğru uzatırdım; her secde ettiğinde bana dokunur ve ben bacaklarımı geri çeker, her ayağa kalktığında bacaklarımı tekrar uzatırdım."
      }
    },
    {
      "id": 14,
      "idInBook": 14,
      "chapterId": 21,
      "bookId": 1,
      "arabic": "حَدَّثَنَا مَحْمُودٌ، حَدَّثَنَا شَبَابَةُ، حَدَّثَنَا شُعْبَةُ، عَنْ مُحَمَّدِ بْنِ زِيَادٍ، عَنْ أَبِي هُرَيْرَةَ ـ رضى الله عنه ـ عَنِ النَّبِيِّ صلى الله عليه وسلم أَنَّهُ صَلَّى صَلاَةً قَالَ ‏\"‏ إِنَّ الشَّيْطَانَ عَرَضَ لِي، فَشَدَّ عَلَىَّ لِيَقْطَعَ الصَّلاَةَ عَلَىَّ، فَأَمْكَنَنِي اللَّهُ مِنْهُ، فَذَعَتُّهُ، وَلَقَدْ هَمَمْتُ أَنْ أُوثِقَهُ إِلَى سَارِيَةٍ حَتَّى تُصْبِحُوا فَتَنْظُرُوا إِلَيْهِ فَذَكَرْتُ قَوْلَ سُلَيْمَانَ ـ عَلَيْهِ السَّلاَمُ ـ رَبِّ هَبْ لِي مُلْكًا لاَ يَنْبَغِي لأَحَدٍ مِنْ بَعْدِي‏.‏ فَرَدَّهُ اللَّهُ خَاسِيًا ‏\"‏‏.‏ ثُمَّ قَالَ النَّضْرُ بْنُ شُمَيْلٍ فَذَعَتُّهُ بِالذَّالِ أَىْ خَنَقْتُهُ وَفَدَعَّتُّهُ مِنْ قَوْلِ اللَّهِ ‏{‏يَوْمَ يُدَعُّونَ‏}‏ أَىْ يُدْفَعُونَ وَالصَّوَابُ، فَدَعَتُّهُ إِلاَّ أَنَّهُ كَذَا قَالَ بِتَشْدِيدِ الْعَيْنِ وَالتَّاءِ‏.‏",
      "english": {
        "narrator": "Narrated Abu Huraira:",
        "text": "The Prophet (ﷺ) once offered the prayer and said, \"Satan came in front of me and tried to interrupt my \nprayer, but Allah gave me an upper hand on him and I choked him. No doubt, I thought of tying him \nto one of the pillars of the mosque till you get up in the morning and see him. Then I remembered the \nstatement of Prophet Solomon, 'My Lord ! Bestow on me a kingdom such as shall not belong to any \nother after me.' Then Allah made him (Satan) return with his head down (humiliated).\""
      },
      "turkish": {
        "narrator": "Narrated Abu Huraira:",
        "text": "Ebu Hureyre'den rivayet edilmiştir: Peygamber (ﷺ) bir kez namaz kıldı ve dedi ki, \"Şeytan önümde belirdi ve namazımı kesmeye çalıştı, ama Allah bana ona karşı üstünlük verdi ve onu boğdum. Şüphesiz, onu sabaha kadar sizler onu görün diye caminin sütunlarından birine bağlamayı düşündüm. Sonra Peygamber Süleyman'ın sözünü hatırladım, 'Rabbim! Bana, benden sonra hiç kimseye ait olmayacak bir krallık ver.' Sonra Allah onu (şeytanı) başı eğik (aşağılanmış) olarak geri gönderdi.\""
      }
    },
    {
      "id": 15,
      "idInBook": 15,
      "chapterId": 21,
      "bookId": 1,
      "arabic": "حَدَّثَنَا آدَمُ، حَدَّثَنَا شُعْبَةُ، حَدَّثَنَا الأَزْرَقُ بْنُ قَيْسٍ، قَالَ كُنَّا بِالأَهْوَازِ نُقَاتِلُ الْحَرُورِيَّةَ، فَبَيْنَا أَنَا عَلَى جُرُفِ نَهَرٍ إِذَا رَجُلٌ يُصَلِّي، وَإِذَا لِجَامُ دَابَّتِهِ بِيَدِهِ فَجَعَلَتِ الدَّابَّةُ تُنَازِعُهُ، وَجَعَلَ يَتْبَعُهَا ـ قَالَ شُعْبَةُ ـ هُوَ أَبُو بَرْزَةَ الأَسْلَمِيُّ ـ فَجَعَلَ رَجُلٌ مِنَ الْخَوَارِجِ يَقُولُ اللَّهُمَّ افْعَلْ بِهَذَا الشَّيْخِ‏.‏ فَلَمَّا انْصَرَفَ الشَّيْخُ قَالَ إِنِّي سَمِعْتُ قَوْلَكُمْ، وَإِنِّي غَزَوْتُ مَعَ رَسُولِ اللَّهِ صلى الله عليه وسلم سِتَّ غَزَوَاتٍ أَوْ سَبْعَ غَزَوَاتٍ وَثَمَانِيًا، وَشَهِدْتُ تَيْسِيرَهُ، وَإِنِّي أَنْ كُنْتُ أَنْ أُرَاجِعَ مَعَ دَابَّتِي أَحَبُّ إِلَىَّ مِنْ أَنْ أَدَعَهَا تَرْجِعُ إِلَى مَأْلَفِهَا فَيَشُقَّ عَلَىَّ‏.‏",
      "english": {
        "narrator": "Narrated Al-Azraq bin Qais:",
        "text": "We were at Al-Ahwaz fighting the Al-Haruriya (tribe). While I was at the bank of a river a man was \npraying and the reins of his animal were in his hands and the animal was struggling and he was \nfollowing the animal. (Shu`ba, a sub-narrator, said that man was Abu Barza Al-Aslami). A man from \nthe Khawarij said, \"O Allah! Be harsh to this sheik.\" And when the sheik (Abu Barza) finished his \nprayer, he said, \"I heard your remark. No doubt, I participated with Allah's Messenger (ﷺ) in six or seven or \neight holy battles and saw his leniency, and no doubt, I would rather retain my animal than let it return \nto its stable, as it would cause me much trouble. \""
      },
      "turkish": {
        "narrator": "Narrated Al-Azraq bin Qais:",
        "text": "Al-Azraq bin Qais'ten rivayet edilmiştir: Biz Al-Ahwaz'da Al-Haruriya (kabile) ile savaşıyorduk. Ben bir nehrin kenarında iken bir adam namaz kılıyordu ve hayvanının ipleri elindeydi ve hayvan mücadele ediyordu ve o hayvanı takip ediyordu. (Şu'ba, bir alt rivayetçi, o adamın Ebu Barza Al-Eslemî olduğunu söyledi). Haricilerden bir adam, \"Ey Allah! Bu şeyhe sert ol.\" dedi. Ve şeyh (Ebu Barza) namazını bitirdiğinde, \"Sözünü duydum. Şüphesiz, ben Allah'ın Elçisi (ﷺ) ile altı veya yedi veya sekiz kutsal savaşta yer aldım ve onun merhametini gördüm, ve şüphesiz, ben hayvanımı geri bırakmaktansa onu tutmayı tercih ederim, çünkü bu bana çok sıkıntı verir.\" dedi."
      }
    },
    {
      "id": 16,
      "idInBook": 16,
      "chapterId": 21,
      "bookId": 1,
      "arabic": "حَدَّثَنَا مُحَمَّدُ بْنُ مُقَاتِلٍ، أَخْبَرَنَا عَبْدُ اللَّهِ، أَخْبَرَنَا يُونُسُ، عَنِ الزُّهْرِيِّ، عَنْ عُرْوَةَ، قَالَ قَالَتْ عَائِشَةُ خَسَفَتِ الشَّمْسُ، فَقَامَ النَّبِيُّ صلى الله عليه وسلم فَقَرَأَ سُورَةً طَوِيلَةً، ثُمَّ رَكَعَ فَأَطَالَ، ثُمَّ رَفَعَ رَأْسَهُ، ثُمَّ اسْتَفْتَحَ بِسُورَةٍ أُخْرَى، ثُمَّ رَكَعَ حَتَّى قَضَاهَا وَسَجَدَ، ثُمَّ فَعَلَ ذَلِكَ فِي الثَّانِيَةِ، ثُمَّ قَالَ ‏\n\"‏ إِنَّهُمَا آيَتَانِ مِنْ آيَاتِ اللَّهِ، فَإِذَا رَأَيْتُمْ ذَلِكَ فَصَلُّوا حَتَّى يُفْرَجَ عَنْكُمْ، لَقَدْ رَأَيْتُ فِي مَقَامِي هَذَا كُلَّ شَىْءٍ وُعِدْتُهُ، حَتَّى لَقَدْ رَأَيْتُنِي أُرِيدُ أَنْ آخُذَ قِطْفًا مِنَ الْجَنَّةِ حِينَ رَأَيْتُمُونِي جَعَلْتُ أَتَقَدَّمُ، وَلَقَدْ رَأَيْتُ جَهَنَّمَ يَحْطِمُ بَعْضُهَا بَعْضًا حِينَ رَأَيْتُمُونِي تَأَخَّرْتُ، وَرَأَيْتُ فِيهَا عَمْرَو بْنَ لُحَىٍّ وَهُوَ الَّذِي سَيَّبَ السَّوَائِبَ ‏\"‏‏.‏",
      "english": {
        "narrator": "Narrated `Aisha:",
        "text": "Once the sun eclipsed and Allah's Messenger (ﷺ) stood up for the prayer and recited a very long Sura and \nwhen bowed for a long while and then raised his head and started reciting another Sura. Then he \nbowed, and after finishing, he prostrated and did the same in the second rak`a and then said, \"These \n(lunar and solar eclipses) are two of the signs of Allah and if you see them, pray till the eclipse is over. \nNo doubt, while standing at this place I saw everything promised to me by Allah and I saw (Paradise) \nand I wanted to pluck a bunch (of grapes) therefrom, at the time when you saw me stepping forward. \nNo doubt, I saw Hell with its different parts destroying each other when you saw me retreating and in \nit I saw `Amr bin Luhai who started the tradition of freeing animals (set them free) in the name of \nidols.\""
      },
      "turkish": {
        "narrator": "Narrated `Aisha:",
        "text": "Aişe'den rivayet edilmiştir: Bir gün güneş tutuldu ve Allah'ın Elçisi (ﷺ) namaz için ayağa kalktı ve çok uzun bir sure okudu. Sonra uzun bir süre rüku yaptı, başını kaldırdı ve başka bir sure okumaya başladı. Ardından rüku yaptı ve namazı bitirdikten sonra secdeye gitti ve aynı şeyi ikinci rekatta da yaptı. Sonra şöyle dedi: \"Bu (ay ve güneş tutulmaları) Allah'ın iki alametidir ve onları gördüğünüzde, tutulma sona erene kadar namaz kılın. Şüphesiz, bu yerde dururken Allah'ın bana vaat ettiği her şeyi gördüm ve (Cennet'i) gördüm ve oradan bir salkım (üzüm) koparmak istedim, o sırada beni öne doğru adım atarken gördünüz. Şüphesiz, Cehennem'i farklı parçalarıyla birbirini yok ederken gördüm, o sırada beni geri çekilirken gördünüz ve orada Amr bin Luhay'ı gördüm, o da putlar adına hayvanları serbest bırakma geleneğini başlatmıştı.\""
      }
    },
    {
      "id": 17,
      "idInBook": 17,
      "chapterId": 21,
      "bookId": 1,
      "arabic": "حَدَّثَنَا سُلَيْمَانُ بْنُ حَرْبٍ، حَدَّثَنَا حَمَّادٌ، عَنْ أَيُّوبَ، عَنْ نَافِعٍ، عَنِ ابْنِ عُمَرَ ـ رضى الله عنهما ـ أَنَّ النَّبِيَّ صلى الله عليه وسلم رَأَى نُخَامَةً فِي قِبْلَةِ الْمَسْجِدِ، فَتَغَيَّظَ عَلَى أَهْلِ الْمَسْجِدِ وَقَالَ ‏\n\"‏ إِنَّ اللَّهَ قِبَلَ أَحَدِكُمْ، فَإِذَا كَانَ فِي صَلاَتِهِ، فَلاَ يَبْزُقَنَّ ـ أَوْ قَالَ ـ لاَ يَتَنَخَّمَنَّ ‏\"‏‏.‏ ثُمَّ نَزَلَ فَحَتَّهَا بِيَدِهِ‏.‏ وَقَالَ ابْنُ عُمَرَ ـ رضى الله عنهما ـ إِذَا بَزَقَ أَحَدُكُمْ فَلْيَبْزُقْ عَلَى يَسَارِهِ‏.‏",
      "english": {
        "narrator": "Narrated Ibn `Umar:",
        "text": "The Prophet (ﷺ) saw some sputum on the wall facing the Qibla of the mosque and became furious with \nthe people of the mosque and said, \"During the prayer, Allah is in front of everyone of you and so he \nshould not spit (or said, 'He should not expectorate').\" Then he got down and scratched the sputum \nwith his hand. Ibn `Umar said (after narrating), \"If anyone of you has to spit during the prayer, he \nshould spit to his left.\""
      },
      "turkish": {
        "narrator": "Narrated Ibn `Umar:",
        "text": "İbn Ömer'den rivayet edilmiştir: Peygamber (ﷺ) mescidin kıblesine bakan duvarda bir tükürük gördü ve mescid halkına öfkelendi ve şöyle dedi: \"Namaz sırasında Allah, her birinizin önündedir, bu yüzden tükürmemelidir (ya da 'tükürük atmamalıdır' dedi).\" Sonra aşağı indi ve tükürüğü eliyle kazıdı. İbn Ömer (rivayet ettikten sonra) şöyle dedi: \"Eğer biriniz namaz sırasında tükürmek zorundaysa, soluna tükürmelidir.\""
      }
    },
    {
      "id": 18,
      "idInBook": 18,
      "chapterId": 21,
      "bookId": 1,
      "arabic": "حَدَّثَنَا مُحَمَّدٌ، حَدَّثَنَا غُنْدَرٌ، حَدَّثَنَا شُعْبَةُ، قَالَ سَمِعْتُ قَتَادَةَ، عَنْ أَنَسٍ ـ رضى الله عنه ـ عَنِ النَّبِيِّ صلى الله عليه وسلم قَالَ ‏\n\"‏ إِذَا كَانَ فِي الصَّلاَةِ فَإِنَّهُ يُنَاجِي رَبَّهُ، فَلاَ يَبْزُقَنَّ بَيْنَ يَدَيْهِ وَلاَ عَنْ يَمِينِهِ، وَلَكِنْ عَنْ شِمَالِهِ تَحْتَ قَدَمِهِ الْيُسْرَى ‏\"‏‏.‏",
      "english": {
        "narrator": "Narrated Anas:",
        "text": "The Prophet (ﷺ) said, \"Whenever anyone of you is in prayer, he is speaking in private to his Lord and so \nhe should neither spit in front of him nor on his right side but to his left side under his left foot.\""
      },
      "turkish": {
        "narrator": "Narrated Anas:",
        "text": "Enes'ten rivayet edilmiştir: Peygamber (ﷺ) şöyle dedi: \"Herhangi biriniz namazda olduğunda, o, Rabbiyle özel olarak konuşmaktadır, bu yüzden ne önüne ne de sağ tarafına tükürmemelidir, sol tarafına, sol ayağının altına tükürmelidir.\""
      }
    },
    {
      "id": 19,
      "idInBook": 19,
      "chapterId": 21,
      "bookId": 1,
      "arabic": "حَدَّثَنَا مُحَمَّدُ بْنُ كَثِيرٍ، أَخْبَرَنَا سُفْيَانُ، عَنْ أَبِي حَازِمٍ، عَنْ سَهْلِ بْنِ سَعْدٍ ـ رضى الله عنه ـ قَالَ كَانَ النَّاسُ يُصَلُّونَ مَعَ النَّبِيِّ صلى الله عليه وسلم وَهُمْ عَاقِدُو أُزْرِهِمْ مِنَ الصِّغَرِ عَلَى رِقَابِهِمْ، فَقِيلَ لِلنِّسَاءِ ‏\n\"‏ لاَ تَرْفَعْنَ رُءُوسَكُنَّ حَتَّى يَسْتَوِيَ الرِّجَالُ جُلُوسًا ‏\"‏‏.‏",
      "english": {
        "narrator": "Narrated Sahl bin Sa`d:",
        "text": "The people used to offer the prayer with the Prophet (ﷺ) with their waist-sheets tied round their necks \nbecause of the shortness of the sheets and the women were ordered not to lift their heads till the men \nhad sat straight."
      },
      "turkish": {
        "narrator": "Narrated Sahl bin Sa`d:",
        "text": "Sahl bin Sa'd'dan rivayet edilmiştir: İnsanlar, örtüleri boyunlarına bağlayarak Peygamber (ﷺ) ile namaz kılıyorlardı, çünkü örtüler kısa idi ve kadınlara, erkekler oturana kadar başlarını kaldırmamaları emredilmişti."
      }
    },
    {
      "id": 20,
      "idInBook": 20,
      "chapterId": 21,
      "bookId": 1,
      "arabic": "حَدَّثَنَا عَبْدُ اللَّهِ بْنُ أَبِي شَيْبَةَ، حَدَّثَنَا ابْنُ فُضَيْلٍ، عَنِ الأَعْمَشِ، عَنْ إِبْرَاهِيمَ، عَنْ عَلْقَمَةَ، عَنْ عَبْدِ اللَّهِ، قَالَ كُنْتُ أُسَلِّمُ عَلَى النَّبِيِّ صلى الله عليه وسلم وَهُوَ فِي الصَّلاَةِ فَيَرُدُّ عَلَىَّ، فَلَمَّا رَجَعْنَا سَلَّمْتُ عَلَيْهِ فَلَمْ يَرُدَّ عَلَىَّ وَقَالَ ‏\n\"‏ إِنَّ فِي الصَّلاَةِ شُغْلاً ‏\"‏‏.‏",
      "english": {
        "narrator": "Narrated `Abdullah:",
        "text": "I used to greet the Prophet (ﷺ) while he was in prayer and he would return my greeting, but when we \nreturned (from Ethiopia) I greeted the Prophet (while he was praying) but he did not return the \ngreeting, and (after finishing the prayer) he said, \"In the prayer one is occupied (with a more serious \nmatter).\""
      },
      "turkish": {
        "narrator": "Narrated `Abdullah:",
        "text": "Abdullah'tan rivayet edilmiştir: Ben, Peygamber (ﷺ) namazdayken ona selam verirdim ve o da selamımı geri verirdi, ama (Etyopya'dan) döndüğümüzde, Peygamber'e (namazdayken) selam verdim ama o selamımı geri vermedi ve (namazı bitirdikten sonra) şöyle dedi: \"Namazda insan daha önemli bir işle meşguldür.\""
      }
    },
    {
      "id": 21,
      "idInBook": 21,
      "chapterId": 21,
      "bookId": 1,
      "arabic": "حَدَّثَنَا أَبُو مَعْمَرٍ، حَدَّثَنَا عَبْدُ الْوَارِثِ، حَدَّثَنَا كَثِيرُ بْنُ شِنْظِيرٍ، عَنْ عَطَاءِ بْنِ أَبِي رَبَاحٍ، عَنْ جَابِرِ بْنِ عَبْدِ اللَّهِ ـ رضى الله عنهما ـ قَالَ بَعَثَنِي رَسُولُ اللَّهِ صلى الله عليه وسلم فِي حَاجَةٍ لَهُ فَانْطَلَقْتُ، ثُمَّ رَجَعْتُ وَقَدْ قَضَيْتُهَا، فَأَتَيْتُ النَّبِيَّ صلى الله عليه وسلم فَسَلَّمْتُ عَلَيْهِ، فَلَمْ يَرُدَّ عَلَىَّ، فَوَقَعَ فِي قَلْبِي مَا اللَّهُ أَعْلَمُ بِهِ فَقُلْتُ فِي نَفْسِي لَعَلَّ رَسُولَ اللَّهِ صلى الله عليه وسلم وَجَدَ عَلَىَّ أَنِّي أَبْطَأْتُ عَلَيْهِ، ثُمَّ سَلَّمْتُ عَلَيْهِ فَلَمْ يَرُدَّ عَلَىَّ، فَوَقَعَ فِي قَلْبِي أَشَدُّ مِنَ الْمَرَّةِ الأُولَى، ثُمَّ سَلَّمْتُ عَلَيْهِ فَرَدَّ عَلَىَّ فَقَالَ ‏\n\"‏ إِنَّمَا مَنَعَنِي أَنْ أَرُدَّ عَلَيْكَ أَنِّي كُنْتُ أُصَلِّي ‏\"‏‏.‏ وَكَانَ عَلَى رَاحِلَتِهِ مُتَوَجِّهًا إِلَى غَيْرِ الْقِبْلَةِ‏.‏",
      "english": {
        "narrator": "Narrated Jabir bin `Abdullah:",
        "text": "Allah's Messenger (ﷺ) sent me for some job and when I had finished it I returned and came to the Prophet (ﷺ) \nand greeted him but he did not return my greeting. So I felt so sorry that only Allah knows it and I \nsaid to myself,, 'Perhaps Allah's Messenger (ﷺ) is angry because I did not come quickly, then again I greeted \nhim but he did not reply. I felt even more sorry than I did the first time. Again I greeted him and he \nreturned the greeting and said, \"The thing which prevented me from returning the greeting was that I \nwas praying.\" And at that time he was on his Rahila and his face was not towards the Qibla."
      },
      "turkish": {
        "narrator": "Narrated Jabir bin `Abdullah:",
        "text": "Cabir bin Abdullah'tan rivayet edilmiştir: Allah'ın Elçisi (ﷺ) beni bir iş için gönderdi ve onu bitirdiğimde geri döndüm ve Peygamber (ﷺ) ile selamlaştım ama o selamımı geri vermedi. Bu yüzden o kadar üzüldüm ki bunu yalnızca Allah bilir ve kendime dedim: 'Belki Allah'ın Elçisi (ﷺ) bana hızlı gelmediğim için kızgın, sonra tekrar selam verdim ama o cevap vermedi. İlk seferden daha fazla üzüldüm. Yine selam verdim ve o selamı geri verdi ve şöyle dedi: \"Selamı geri vermemi engelleyen şey, namaz kılıyor olmamdı.\" O sırada Rahila'sının üzerindeydi ve yüzü kıbleye dönük değildi."
      }
    },
    {
      "id": 22,
      "idInBook": 22,
      "chapterId": 21,
      "bookId": 1,
      "arabic": "حَدَّثَنَا قُتَيْبَةُ، حَدَّثَنَا عَبْدُ الْعَزِيزِ، عَنْ أَبِي حَازِمٍ، عَنْ سَهْلِ بْنِ سَعْدٍ ـ رضى الله عنه ـ قَالَ بَلَغَ رَسُولَ اللَّهِ صلى الله عليه وسلم أَنَّ بَنِي عَمْرِو بْنِ عَوْفٍ بِقُبَاءٍ كَانَ بَيْنَهُمْ شَىْءٌ، فَخَرَجَ يُصْلِحُ بَيْنَهُمْ فِي أُنَاسٍ مِنْ أَصْحَابِهِ، فَحُبِسَ رَسُولُ اللَّهِ صلى الله عليه وسلم وَحَانَتِ الصَّلاَةُ، فَجَاءَ بِلاَلٌ إِلَى أَبِي بَكْرٍ ـ رضى الله عنهما ـ فَقَالَ يَا أَبَا بَكْرٍ، إِنَّ رَسُولَ اللَّهِ صلى الله عليه وسلم قَدْ حُبِسَ وَقَدْ حَانَتِ الصَّلاَةُ، فَهَلْ لَكَ أَنْ تَؤُمَّ النَّاسَ قَالَ نَعَمْ إِنْ شِئْتَ‏.‏ فَأَقَامَ بِلاَلٌ الصَّلاَةَ، وَتَقَدَّمَ أَبُو بَكْرٍ ـ رضى الله عنه ـ فَكَبَّرَ لِلنَّاسِ، وَجَاءَ رَسُولُ اللَّهِ صلى الله عليه وسلم يَمْشِي فِي الصُّفُوفِ يَشُقُّهَا شَقًّا، حَتَّى قَامَ فِي الصَّفِّ، فَأَخَذَ النَّاسُ فِي التَّصْفِيحِ‏.‏ قَالَ سَهْلٌ التَّصْفِيحُ هُوَ التَّصْفِيقُ‏.‏ قَالَ وَكَانَ أَبُو بَكْرٍ ـ رضى الله عنه ـ لاَ يَلْتَفِتُ فِي صَلاَتِهِ، فَلَمَّا أَكْثَرَ النَّاسُ الْتَفَتَ فَإِذَا رَسُولُ اللَّهِ صلى الله عليه وسلم فَأَشَارَ إِلَيْهِ، يَأْمُرُهُ أَنْ يُصَلِّيَ، فَرَفَعَ أَبُو بَكْرٍ ـ رضى الله عنه ـ يَدَهُ، فَحَمِدَ اللَّهَ، ثُمَّ رَجَعَ الْقَهْقَرَى وَرَاءَهُ حَتَّى قَامَ فِي الصَّفِّ، وَتَقَدَّمَ رَسُولُ اللَّهِ صلى الله عليه وسلم فَصَلَّى لِلنَّاسِ، فَلَمَّا فَرَغَ أَقْبَلَ عَلَى النَّاسِ فَقَالَ ‏\"‏ يَا أَيُّهَا النَّاسُ مَا لَكُمْ حِينَ نَابَكُمْ شَىْءٌ فِي الصَّلاَةِ أَخَذْتُمْ بِالتَّصْفِيحِ إِنَّمَا التَّصْفِيحُ لِلنِّسَاءِ، مَنْ نَابَهُ شَىْءٌ فِي صَلاَتِهِ فَلْيَقُلْ سُبْحَانَ اللَّهِ ‏\"‏‏.‏ ثُمَّ الْتَفَتَ إِلَى أَبِي بَكْرٍ ـ رضى الله عنه ـ فَقَالَ ‏\"‏ يَا أَبَا بَكْرٍ، مَا مَنَعَكَ أَنْ تُصَلِّيَ لِلنَّاسِ حِينَ أَشَرْتُ إِلَيْكَ ‏\"‏‏.‏ قَالَ أَبُو بَكْرٍ مَا كَانَ يَنْبَغِي لاِبْنِ أَبِي قُحَافَةَ أَنْ يُصَلِّيَ بَيْنَ يَدَىْ رَسُولِ اللَّهِ صلى الله عليه وسلم‏.‏",
      "english": {
        "narrator": "Narrated Sahl bin Sa`d:",
        "text": "The news about the differences amongst the people of Bani `Amr bin `Auf at Quba reached Allah's \nApostle and so he went to them along with some of his companions to affect a reconciliation. Allah's \nApostle was delayed there and the time for the prayer became due. Bilal came to Abu Bakr! and said, \n\"O Abu Bakr! Allah's Messenger (ﷺ) is detained (there) and the time for the prayer is due. Will you lead the \npeople in prayer?\" Abu Bakr replied, \"Yes, if you wish.\" So Bilal pronounced the Iqama and Abu \nBakr went forward and the people said Takbir. In the meantime, Allah's Messenger (ﷺ) came piercing \nthrough the rows till he stood in the (first) row and the people started clapping. Abu Bakr, would \nnever look hither and thither during the prayer but when the people clapped much he looked back and \nsaw Allah's Messenger (ﷺ). The Prophet (ﷺ) beckoned him to carry on. Abu Bakr raised both his hands, praised \nAllah and retreated till he stood in the row and Allah's Messenger (ﷺ) went forward and led the people in the \nprayer. When he had finished the prayer, he addressed the people and said, \"O people! Why did you \nstart clapping when something happened to you in the prayer? Clapping is for women. Whenever one \nis confronted with something unusual in the prayer one should say, 'Sub Han Allah'.\" Then the \nProphet looked towards Abu Bakr and asked, \"What prevented you from leading the prayer when I \nbeckoned you to carry on?\" Abu Bakr replied, \"It does not befit the son of Al Quhafa to lead the \nprayer in the presence of Allah's Messenger (ﷺ)."
      },
      "turkish": {
        "narrator": "Narrated Sahl bin Sa`d:",
        "text": "Sahl bin Sa'd'dan rivayet edilmiştir: Beni Amr bin Auf'un Kuba'daki insanlar arasındaki anlaşmazlıkları hakkında haber Allah'ın Elçisi'ne ulaştı ve bu yüzden bazı sahabeleriyle birlikte onlara uzlaşma sağlamak için gitti. Allah'ın Elçisi orada gecikti ve namaz vakti geldi. Bilal, Ebu Bekir'e geldi ve dedi ki: \"Ey Ebu Bekir! Allah'ın Elçisi (ﷺ) orada gecikti ve namaz vakti geldi. İnsanlara namaz kıldıracak mısın?\" Ebu Bekir cevap verdi: \"Evet, istersen.\" Böylece Bilal ikamet getirdi ve Ebu Bekir öne geçti ve insanlar tekbir getirdi. Bu sırada Allah'ın Elçisi (ﷺ) safın arasından geçerek (ilk) safta durdu ve insanlar alkışlamaya başladı. Ebu Bekir, namaz sırasında sağa sola bakmazdı ama insanlar çok alkışlayınca geri döndü ve Allah'ın Elçisi'ni (ﷺ) gördü. Peygamber (ﷺ) ona devam etmesini işaret etti. Ebu Bekir iki elini kaldırdı, Allah'ı övdü ve geri çekildi ve safta durdu ve Allah'ın Elçisi (ﷺ) öne geçti ve insanlara namaz kıldırdı. Namazı bitirdikten sonra insanlara hitap etti ve şöyle dedi: \"Ey insanlar! Namazda başınıza bir şey geldiğinde neden alkışladınız? Alkış kadınlar içindir. Namazda alışılmadık bir şeyle karşılaştığınızda 'Subhanallah' demelisiniz.\" Sonra Peygamber, Ebu Bekir'e döndü ve sordu: \"Sana işaret ettiğimde namaz kıldırmanı engelleyen neydi?\" Ebu Bekir cevap verdi: \"Alkaf'ın oğlu olan birinin Allah'ın Elçisi (ﷺ) huzurunda namaz kıldırması uygun değildir.\""
      }
    },
    {
      "id": 23,
      "idInBook": 23,
      "chapterId": 21,
      "bookId": 1,
      "arabic": "حَدَّثَنَا أَبُو النُّعْمَانِ، حَدَّثَنَا حَمَّادٌ، عَنْ أَيُّوبَ، عَنْ مُحَمَّدٍ، عَنْ أَبِي هُرَيْرَةَ ـ رضى الله عنه ـ قَالَ نُهِيَ عَنِ الْخَصْرِ، فِي الصَّلاَةِ‏.‏ وَقَالَ هِشَامٌ وَأَبُو هِلاَلٍ عَنِ ابْنِ سِيرِينَ، عَنْ أَبِي هُرَيْرَةَ، عَنِ النَّبِيِّ صلى الله عليه وسلم‏.‏",
      "english": {
        "narrator": "Narrated Abu Huraira:",
        "text": "It was forbidden to keep the hands on the hips during the prayer. (This is narrated by Abu Huraira \nfrom the Prophet.)"
      },
      "turkish": {
        "narrator": "Narrated Abu Huraira:",
        "text": "Ebu Hureyre'den rivayet edilmiştir: Namaz sırasında ellerin kalçaların üzerinde tutulması yasaklanmıştır. (Bu, Ebu Hureyre'den Peygamber'den rivayet edilmiştir.)"
      }
    },
    {
      "id": 24,
      "idInBook": 24,
      "chapterId": 21,
      "bookId": 1,
      "arabic": "حَدَّثَنَا عَمْرُو بْنُ عَلِيٍّ، حَدَّثَنَا يَحْيَى، حَدَّثَنَا هِشَامٌ، حَدَّثَنَا مُحَمَّدٌ، عَنْ أَبِي هُرَيْرَةَ، رضى الله عنه قَالَ نُهِيَ أَنْ يُصَلِّيَ الرَّجُلُ مُخْتَصِرًا‏.‏",
      "english": {
        "narrator": "Narrated Abu Huraira:",
        "text": "It was forbidden to pray with the hands over one's hips."
      },
      "turkish": {
        "narrator": "Narrated Abu Huraira:",
        "text": "Ebu Hureyre'den rivayet edilmiştir: Ellerin kalçaların üzerinde tutulmasıyla namaz kılmak yasaklanmıştır."
      }
    },
    {
      "id": 25,
      "idInBook": 25,
      "chapterId": 21,
      "bookId": 1,
      "arabic": "حَدَّثَنَا إِسْحَاقُ بْنُ مَنْصُورٍ، حَدَّثَنَا رَوْحٌ، حَدَّثَنَا عُمَرُ ـ هُوَ ابْنُ سَعِيدٍ ـ قَالَ أَخْبَرَنِي ابْنُ أَبِي مُلَيْكَةَ، عَنْ عُقْبَةَ بْنِ الْحَارِثِ ـ رضى الله عنه ـ قَالَ صَلَّيْتُ مَعَ النَّبِيِّ صلى الله عليه وسلم الْعَصْرَ، فَلَمَّا سَلَّمَ قَامَ سَرِيعًا دَخَلَ عَلَى بَعْضِ نِسَائِهِ، ثُمَّ خَرَجَ وَرَأَى مَا فِي وُجُوهِ الْقَوْمِ مِنْ تَعَجُّبِهِمْ لِسُرْعَتِهِ فَقَالَ ‏\n\"‏ ذَكَرْتُ وَأَنَا فِي الصَّلاَةِ تِبْرًا عِنْدَنَا، فَكَرِهْتُ أَنْ يُمْسِيَ أَوْ يَبِيتَ عِنْدَنَا فَأَمَرْتُ بِقِسْمَتِهِ ‏\"‏‏.‏",
      "english": {
        "narrator": "Narrated `Uqba bin Al-Harith:",
        "text": "I offered the `Asr prayer with the Prophet (ﷺ) and after finishing the prayer with Taslim he got up quickly \nand went to some of his wives and then came out. He noticed the signs of astonishment on the faces of \nthe people caused by his speed. He then said, \"I remembered while I was in my prayer that a piece of \ngold was Lying in my house and I disliked that it should remain with us throughout the night, and so I \nhave ordered it to be distributed.\""
      },
      "turkish": {
        "narrator": "Narrated `Uqba bin Al-Harith:",
        "text": "Ukbe bin Haris'ten rivayet edilmiştir: Ben, Peygamber (ﷺ) ile 'Asr namazını kıldım ve namazı selamla bitirdikten sonra hızlıca kalktı ve bazı eşlerine gitti, sonra dışarı çıktı. Hızından dolayı insanların yüzlerinde şaşkınlık belirtilerini fark etti. Sonra şöyle dedi: \"Namazdayken evimde bir parça altın olduğunu hatırladım ve onun gece boyunca bizimle kalmasını istemedim, bu yüzden dağıtılmasını emrettim.\""
      }
    },
    {
      "id": 26,
      "idInBook": 26,
      "chapterId": 21,
      "bookId": 1,
      "arabic": "حَدَّثَنَا يَحْيَى بْنُ بُكَيْرٍ، حَدَّثَنَا اللَّيْثُ، عَنْ جَعْفَرٍ، عَنِ الأَعْرَجِ، قَالَ قَالَ أَبُو هُرَيْرَةَ ـ رضى الله عنه ـ قَالَ رَسُولُ اللَّهِ صلى الله عليه وسلم ‏\n\"‏ إِذَا أُذِّنَ بِالصَّلاَةِ أَدْبَرَ الشَّيْطَانُ لَهُ ضُرَاطٌ حَتَّى لاَ يَسْمَعَ التَّأْذِينَ، فَإِذَا سَكَتَ الْمُؤَذِّنُ أَقْبَلَ، فَإِذَا ثُوِّبَ أَدْبَرَ فَإِذَا سَكَتَ أَقْبَلَ، فَلاَ يَزَالُ بِالْمَرْءِ يَقُولُ لَهُ اذْكُرْ مَا لَمْ يَكُنْ يَذْكُرُ حَتَّى لاَ يَدْرِي كَمْ صَلَّى ‏\"‏‏.‏ قَالَ أَبُو سَلَمَةَ بْنُ عَبْدِ الرَّحْمَنِ إِذَا فَعَلَ أَحَدُكُمْ ذَلِكَ فَلْيَسْجُدْ سَجْدَتَيْنِ وَهُوَ قَاعِدٌ‏.‏ وَسَمِعَهُ أَبُو سَلَمَةَ مِنْ أَبِي هُرَيْرَةَ ـ رضى الله عنه‏.‏",
      "english": {
        "narrator": "Narrated Abu Huraira:",
        "text": "Allah's Messenger (ﷺ) said, \"When the Adhan for the prayer is pronounced, then Satan takes to his heels \npassing wind so that he may not hear the Adhan and when the Mu'adh-dhin finishes, he comes back; \nand when the Iqama is pronounced he again takes to his heels and when it is finished, he again comes \nback and continues reminding the praying person of things that he used not to remember when not in \nprayer till he forgets how much he has prayed.\" Abu Salama bin `Abdur-Rahman said, \"If anyone of \nyou has such a thing (forgetting the number of rak`at he has prayed) he should perform two \nprostrations of Sahu (i.e. forgetfulness) while sitting.\" Abu Salama narrates this from Abu Huraira."
      },
      "turkish": {
        "narrator": "Narrated Abu Huraira:",
        "text": "Ebu Hureyre'den rivayet edilmiştir: Allah'ın Elçisi (ﷺ) şöyle dedi: \"Namaz için ezan okunduğunda, şeytan kaçışa geçer ve rüzgar çıkarır ki ezanı duymasın ve muazzin ezanı bitirdiğinde geri gelir; ve ikamet okunduğunda yine kaçışa geçer ve o da bittiğinde geri gelir ve namazda olmayan zamanlarda hatırlamadığı şeyleri namaz kılan kişiye hatırlatmaya devam eder, ta ki ne kadar namaz kıldığını unutur.\" Ebu Salama bin Abdurrahman şöyle dedi: \"Eğer birinizin böyle bir durumu olursa (kıldıkları rekat sayısını unuttuysa) oturarak iki secde-i sahv (yani unutkanlık) yapmalıdır.\" Ebu Salama bunu Ebu Hureyre'den rivayet etmektedir."
      }
    },
    {
      "id": 27,
      "idInBook": 27,
      "chapterId": 21,
      "bookId": 1,
      "arabic": "حَدَّثَنَا مُحَمَّدُ بْنُ الْمُثَنَّى، حَدَّثَنَا عُثْمَانُ بْنُ عُمَرَ، قَالَ أَخْبَرَنِي ابْنُ أَبِي ذِئْبٍ، عَنْ سَعِيدٍ الْمَقْبُرِيِّ، قَالَ قَالَ أَبُو هُرَيْرَةَ ـ رضى الله عنه ـ يَقُولُ النَّاسُ أَكْثَرَ أَبُو هُرَيْرَةَ، فَلَقِيتُ رَجُلاً فَقُلْتُ بِمَ قَرَأَ رَسُولُ اللَّهِ صلى الله عليه وسلم الْبَارِحَةَ فِي الْعَتَمَةِ فَقَالَ لاَ أَدْرِي‏.‏ فَقُلْتُ لَمْ تَشْهَدْهَا قَالَ بَلَى‏.‏ قُلْتُ لَكِنْ أَنَا أَدْرِي، قَرَأَ سُورَةَ كَذَا وَكَذَا‏.‏",
      "english": {
        "narrator": "Narrated Abu Huraira:",
        "text": "People say that I narrate too many narrations of the Prophet; once I met a man (during the lifetime of \nthe Prophet) and asked him, \"Which Sura did Allah's Messenger (ﷺ) s recite yesterday in the `Isha' prayer?\" \nHe said, \"I do not know.\" I said, \"Did you not attend the prayer?\" He said, \"Yes, (I did).\" I said, \"I \nknow. He recited such and such Sura.\""
      },
      "turkish": {
        "narrator": "Narrated Abu Huraira:",
        "text": "Ebu Hureyre'den rivayet edilmiştir: İnsanlar benim Peygamber'den çok fazla rivayette bulunduğumu söylüyor; bir gün (Peygamber'in hayatında) bir adamla karşılaştım ve ona sordum: \"Dün akşam namazında Allah'ın Elçisi (ﷺ) hangi sureyi okudu?\" O da: \"Bilmiyorum.\" dedi. Ben de: \"Namaza katılmadın mı?\" dedim. O: \"Evet, katıldım.\" dedi. Ben de: \"Biliyorum. Şu ve bu sureyi okudu.\" dedim."
      }
    }
  ],
  "chapter": {
    "id": 21,
    "bookId": 1,
    "arabic": "كتاب العمل فى الصلاة",
    "english": "Actions while Praying"
  }
}