{
  "metadata": {
    "length": 14,
    "arabic": {
      "title": "صحيح البخاري",
      "author": "الإمام محمد بن إسماعيل البخاري",
      "introduction": "كتاب السهو"
    },
    "english": {
      "title": "Sahih al-Bukhari",
      "author": "Imam Muhammad ibn Ismail al-Bukhari",
      "introduction": "Forgetfulness in Prayer"
    }
  },
  "hadiths": [
    {
      "id": 1,
      "idInBook": 1,
      "chapterId": 22,
      "bookId": 1,
      "arabic": "حَدَّثَنَا عَبْدُ اللَّهِ بْنُ يُوسُفَ، أَخْبَرَنَا مَالِكُ بْنُ أَنَسٍ، عَنِ ابْنِ شِهَابٍ، عَنْ عَبْدِ الرَّحْمَنِ الأَعْرَجِ، عَنْ عَبْدِ اللَّهِ ابْنِ بُحَيْنَةَ ـ رضى الله عنه ـ أَنَّهُ قَالَ صَلَّى لَنَا رَسُولُ اللَّهِ صلى الله عليه وسلم رَكْعَتَيْنِ مِنْ بَعْضِ الصَّلَوَاتِ ثُمَّ قَامَ فَلَمْ يَجْلِسْ، فَقَامَ النَّاسُ مَعَهُ، فَلَمَّا قَضَى صَلاَتَهُ وَنَظَرْنَا تَسْلِيمَهُ كَبَّرَ قَبْلَ التَّسْلِيمِ فَسَجَدَ سَجْدَتَيْنِ وَهُوَ جَالِسٌ ثُمَّ سَلَّمَ‏.‏",
      "english": {
        "narrator": "Narrated `Abdullah bin Buhaina:",
        "text": "Allah's Messenger (ﷺ) once led us in a prayer and offered two rak`at and got up (for the third rak`a) without \nsitting (after the second rak`a). The people also got up with him, and when he was about to finish his \nprayer, we waited for him to finish the prayer with Taslim but he said Takbir before Taslim and \nperformed two prostrations while sitting and then finished the prayer with Taslim."
      },
      "turkish": {
        "narrator": "Narrated `Abdullah bin Buhaina:",
        "text": "Abdullah bin Buhaina'dan rivayet edilmiştir: Allah'ın Messenger'i (ﷺ) bir defasında bize namaz kıldırdı ve iki rek'at kıldıktan sonra (üçüncü rek'at için) oturmadan kalktı. İnsanlar da onunla birlikte kalktı ve namazını bitirmek üzereyken, biz onun selam vermesini bekledik ama o selamdan önce tekbir getirdi ve oturarak iki secde yaptı, ardından namazı selam ile tamamladı."
      }
    },
    {
      "id": 2,
      "idInBook": 2,
      "chapterId": 22,
      "bookId": 1,
      "arabic": "حَدَّثَنَا عَبْدُ اللَّهِ بْنُ يُوسُفَ، أَخْبَرَنَا مَالِكٌ، عَنْ يَحْيَى بْنِ سَعِيدٍ، عَنْ عَبْدِ الرَّحْمَنِ الأَعْرَجِ، عَنْ عَبْدِ اللَّهِ ابْنِ بُحَيْنَةَ ـ رضى الله عنه ـ أَنَّهُ قَالَ إِنَّ رَسُولَ اللَّهِ صلى الله عليه وسلم قَامَ مِنِ اثْنَتَيْنِ مِنَ الظُّهْرِ لَمْ يَجْلِسْ بَيْنَهُمَا، فَلَمَّا قَضَى صَلاَتَهُ سَجَدَ سَجْدَتَيْنِ ثُمَّ سَلَّمَ بَعْدَ ذَلِكَ‏.‏",
      "english": {
        "narrator": "Narrated `Abdullah bin Buhaina:",
        "text": "Allah's Messenger (ﷺ) got up after the second rak`a of the Zuhr prayer without sitting in between (the second \nand the third rak`at). When he finished the prayer he performed two prostrations (of Sahu) and then \nfinished the prayer with Taslim."
      },
      "turkish": {
        "narrator": "Narrated `Abdullah bin Buhaina:",
        "text": "Abdullah bin Buhaina'dan rivayet edilmiştir: Allah'ın Messenger'i (ﷺ) Zuhr namazının ikinci rek'atından sonra oturmadan kalktı (ikinci ve üçüncü rek'at arasında). Namazı bitirdiğinde iki secde (sahu secdesi) yaptı ve ardından namazı selam ile tamamladı."
      }
    },
    {
      "id": 3,
      "idInBook": 3,
      "chapterId": 22,
      "bookId": 1,
      "arabic": "حَدَّثَنَا أَبُو الْوَلِيدِ، حَدَّثَنَا شُعْبَةُ، عَنِ الْحَكَمِ، عَنْ إِبْرَاهِيمَ، عَنْ عَلْقَمَةَ، عَنْ عَبْدِ اللَّهِ ـ رضى الله عنه ـ أَنَّ رَسُولَ اللَّهِ صلى الله عليه وسلم صَلَّى الظُّهْرَ خَمْسًا فَقِيلَ لَهُ أَزِيدَ فِي الصَّلاَةِ فَقَالَ ‏\n\"‏ وَمَا ذَاكَ ‏\"‏‏.‏ قَالَ صَلَّيْتَ خَمْسًا‏.‏ فَسَجَدَ سَجْدَتَيْنِ بَعْدَ مَا سَلَّمَ‏.‏",
      "english": {
        "narrator": "Narrated' `Abdullah:",
        "text": "Once Allah's Messenger (ﷺ) offered five rak`at in the Zuhr prayer, and somebody asked him whether there \nwas some increase in the prayer. Allah's Messenger (ﷺ) said, \"What is that?\" He said, \"You have offered five \nrak`at.\" So Allah's Messenger (ﷺ) performed two prostrations of Sahu after Taslim."
      },
      "turkish": {
        "narrator": "Narrated' `Abdullah:",
        "text": "Abdullah'dan rivayet edilmiştir: Bir defasında Allah'ın Messenger'i (ﷺ) Zuhr namazında beş rek'at kıldı ve birisi ona namazda bir artış olup olmadığını sordu. Allah'ın Messenger'i (ﷺ) \"O nedir?\" dedi. O kişi, \"Beş rek'at kıldınız.\" dedi. Bunun üzerine Allah'ın Messenger'i (ﷺ) selamdan sonra iki secde yaptı."
      }
    },
    {
      "id": 4,
      "idInBook": 4,
      "chapterId": 22,
      "bookId": 1,
      "arabic": "حَدَّثَنَا آدَمُ، حَدَّثَنَا شُعْبَةُ، عَنْ سَعْدِ بْنِ إِبْرَاهِيمَ، عَنْ أَبِي سَلَمَةَ، عَنْ أَبِي هُرَيْرَةَ ـ رضى الله عنه ـ قَالَ صَلَّى بِنَا النَّبِيُّ صلى الله عليه وسلم الظُّهْرَ أَوِ الْعَصْرَ فَسَلَّمَ، فَقَالَ لَهُ ذُو الْيَدَيْنِ الصَّلاَةُ يَا رَسُولَ اللَّهَ أَنَقَصَتْ فَقَالَ النَّبِيُّ صلى الله عليه وسلم لأَصْحَابِهِ ‏\n\"‏ أَحَقٌّ مَا يَقُولُ ‏\"‏‏.‏ قَالُوا نَعَمْ‏.‏ فَصَلَّى رَكْعَتَيْنِ أُخْرَيَيْنِ ثُمَّ سَجَدَ سَجْدَتَيْنِ‏.‏ قَالَ سَعْدٌ وَرَأَيْتُ عُرْوَةَ بْنَ الزُّبَيْرِ صَلَّى مِنَ الْمَغْرِبِ رَكْعَتَيْنِ فَسَلَّمَ وَتَكَلَّمَ ثُمَّ صَلَّى مَا بَقِيَ وَسَجَدَ سَجْدَتَيْنِ وَقَالَ هَكَذَا فَعَلَ النَّبِيُّ صلى الله عليه وسلم‏.‏",
      "english": {
        "narrator": "Narrated Abu Huraira:",
        "text": "The Prophet (ﷺ) led us in the `Asr or the Zuhr prayer and finished it with Taslim. Dhul-Yadain said to \nhim, \"O Allah's Messenger (ﷺ)! Has the prayer been reduced?\" The Prophet (ﷺ) asked his companions in the \naffirmative. So Allah's Messenger (ﷺ) I offered two more rak`at and then performed two prostrations (of \nSahu). Sa`d said, \"I saw that 'Urwa bin Az-Zubair had offered two rak`at in the Maghrib prayer and \nfinished it with Taslim. He then talked (and when he was informed about it) he completed the rest of \nhis prayer and performed two prostrations, and said, 'The Prophet (ﷺ) prayed like this.' \""
      },
      "turkish": {
        "narrator": "Narrated Abu Huraira:",
        "text": "Ebu Hureyre'den rivayet edilmiştir: Peygamber (ﷺ) bize 'Asr veya Zuhr namazı kıldırdı ve namazı selam ile bitirdi. Dhul-Yadain ona, \"Ey Allah'ın Messenger'i (ﷺ)! Namaz kısaltıldı mı?\" dedi. Peygamber (ﷺ) arkadaşlarına olumlu bir şekilde sordu. Bunun üzerine Allah'ın Messenger'i (ﷺ) iki rek'at daha kıldı ve ardından iki secde (sahu secdesi) yaptı. Sa'd dedi ki, \"'Urwa bin Az-Zubair'in Maghrib namazında iki rek'at kıldığını ve namazı selam ile bitirdiğini gördüm. Sonra konuştu (ve bu durumdan haberdar olunca) namazının geri kalanını tamamladı ve iki secde yaptı ve 'Peygamber (ﷺ) böyle namaz kıldı.' dedi.\""
      }
    },
    {
      "id": 5,
      "idInBook": 5,
      "chapterId": 22,
      "bookId": 1,
      "arabic": "حَدَّثَنَا عَبْدُ اللَّهِ بْنُ يُوسُفَ، أَخْبَرَنَا مَالِكُ بْنُ أَنَسٍ، عَنْ أَيُّوبَ بْنِ أَبِي تَمِيمَةَ السَّخْتِيَانِيِّ، عَنْ مُحَمَّدِ بْنِ سِيرِينَ، عَنْ أَبِي هُرَيْرَةَ ـ رضى الله عنه ـ‏.‏ أَنَّ رَسُولَ اللَّهِ صلى الله عليه وسلم انْصَرَفَ مِنِ اثْنَتَيْنِ فَقَالَ لَهُ ذُو الْيَدَيْنِ أَقُصِرَتِ الصَّلاَةُ أَمْ نَسِيتَ يَا رَسُولَ اللَّهِ فَقَالَ رَسُولُ اللَّهِ صلى الله عليه وسلم ‏\n\"‏ أَصَدَقَ ذُو الْيَدَيْنِ ‏\"‏‏.‏ فَقَالَ النَّاسُ نَعَمْ‏.‏ فَقَامَ رَسُولُ اللَّهِ صلى الله عليه وسلم فَصَلَّى اثْنَتَيْنِ أُخْرَيَيْنِ ثُمَّ سَلَّمَ ثُمَّ كَبَّرَ فَسَجَدَ مِثْلَ سُجُودِهِ أَوْ أَطْوَلَ ثُمَّ رَفَعَ‏.‏",
      "english": {
        "narrator": "Narrated Abu Huraira.:",
        "text": "Once Allah's Messenger (ﷺ) offered two rak`at and finished his prayer. So Dhul-Yadain asked him, \"Has the \nprayer been reduced or have you forgotten?\" Allah's Messenger (ﷺ) said, \"Has Dhul-Yadain spoken the \ntruth?\" The people replied in the affirmative. Then Allah's Messenger (ﷺ) stood up and offered the remaining \ntwo rak`at and performed Taslim, and then said Takbir and performed two prostrations like his usual \nprostrations, or a bit longer, and then got up."
      },
      "turkish": {
        "narrator": "Narrated Abu Huraira.:",
        "text": "Ebu Hureyre'den rivayet edilmiştir: Bir defasında Allah'ın Messenger'i (ﷺ) iki rek'at kıldı ve namazını bitirdi. Bunun üzerine Dhul-Yadain ona, \"Namaz kısaltıldı mı yoksa unuttun mu?\" dedi. Allah'ın Messenger'i (ﷺ) \"Dhul-Yadain doğru mu söyledi?\" dedi. İnsanlar olumlu yanıt verdiler. Bunun üzerine Allah'ın Messenger'i (ﷺ) kalktı ve kalan iki rek'atı kıldı, selam verdi ve sonra tekbir getirdi ve normal secdeleri gibi iki secde yaptı ya da biraz daha uzun yaptı, ardından kalktı."
      }
    },
    {
      "id": 6,
      "idInBook": 6,
      "chapterId": 22,
      "bookId": 1,
      "arabic": "حَدَّثَنَا سُلَيْمَانُ بْنُ حَرْبٍ، حَدَّثَنَا حَمَّادٌ، عَنْ سَلَمَةَ بْنِ عَلْقَمَةَ، قَالَ قُلْتُ لِمُحَمَّدٍ فِي سَجْدَتَىِ السَّهْوِ تَشَهُّدٌ قَالَ لَيْسَ فِي حَدِيثِ أَبِي هُرَيْرَةَ‏.‏",
      "english": {
        "narrator": "Narrated Salama bin 'Alqama:",
        "text": "I asked Muhammad (bin Seereen) whether Tashah-hud should be recited after the two prostrations of \nSahu. He replied, \"It is not (mentioned) in Abu Huraira's narration . \""
      },
      "turkish": {
        "narrator": "Narrated Salama bin 'Alqama:",
        "text": "Selame bin 'Alqama'dan rivayet edilmiştir: Ben Muhammed (bin Sirin)'e, Sahu secdelerinden sonra Tashahhud'un okunup okunmayacağını sordum. O, \"Ebu Hureyre'nin rivayetinde (bu konu) geçmiyor.\" diye cevap verdi."
      }
    },
    {
      "id": 7,
      "idInBook": 7,
      "chapterId": 22,
      "bookId": 1,
      "arabic": "حَدَّثَنَا حَفْصُ بْنُ عُمَرَ، حَدَّثَنَا يَزِيدُ بْنُ إِبْرَاهِيمَ، عَنْ مُحَمَّدٍ، عَنْ أَبِي هُرَيْرَةَ ـ رضى الله عنه ـ قَالَ صَلَّى النَّبِيُّ صلى الله عليه وسلم إِحْدَى صَلاَتَىِ الْعَشِيِّ ـ قَالَ مُحَمَّدٌ وَأَكْثَرُ ظَنِّي الْعَصْرَ ـ رَكْعَتَيْنِ ثُمَّ سَلَّمَ ثُمَّ قَامَ إِلَى خَشَبَةٍ فِي مُقَدَّمِ الْمَسْجِدِ فَوَضَعَ يَدَهُ عَلَيْهَا وَفِيهِمْ أَبُو بَكْرٍ وَعُمَرُ ـ رضى الله عنهما ـ فَهَابَا أَنْ يُكَلِّمَاهُ وَخَرَجَ سَرَعَانُ النَّاسِ فَقَالُوا أَقَصُرَتِ الصَّلاَةُ وَرَجُلٌ يَدْعُوهُ النَّبِيُّ صلى الله عليه وسلم ذُو الْيَدَيْنِ فَقَالَ أَنَسِيتَ أَمْ قَصُرَتْ فَقَالَ ‏\n\"‏ لَمْ أَنْسَ وَلَمْ تُقْصَرْ ‏\"‏‏.‏ قَالَ بَلَى قَدْ نَسِيتَ‏.‏ فَصَلَّى رَكْعَتَيْنِ ثُمَّ سَلَّمَ ثُمَّ كَبَّرَ فَسَجَدَ مِثْلَ سُجُودِهِ أَوْ أَطْوَلَ، ثُمَّ رَفَعَ رَأْسَهُ فَكَبَّرَ، ثُمَّ وَضَعَ رَأْسَهُ فَكَبَّرَ فَسَجَدَ مِثْلَ سُجُودِهِ أَوْ أَطْوَلَ، ثُمَّ رَفَعَ رَأْسَهُ وَكَبَّرَ‏.‏",
      "english": {
        "narrator": "Narrated Abu Huraira:",
        "text": "The Prophet (ﷺ) offered one of the evening prayers (the sub-narrator Muhammad said, \"I think that it was \nmost probably the `Asr prayer\") and he finished it after offering two rak`at only. He then stood near a \nprice of wood in front of the Mosque and put his hand over it. Abu Bakr and `Umar were amongst \nthose who were present, but they dared not talk to him about that (because of excessive respect for \nhim), and those who were in a hurry went out. They said, \"Has the prayer been reduced?\" A man who \nwas called Dhul-Yadain by the Prophet (ﷺ) said (to the Prophet), \"Has the prayer been reduced or have \nyou forgotten?\" He said, \"Neither have I forgotten, nor has the prayer been reduced.\" He said, \n\"Certainly you have forgotten.\" So the Prophet (ﷺ) offered two more rak`at and performed Taslim and \nthen said Takbir and performed a prostration of Sahu like his ordinary prostration or a bit longer and \nthen raised his head and said Takbir and then put his head down and performed a prostration like his \nordinary prostration or a bit longer, and then raised his head and said Takbir."
      },
      "turkish": {
        "narrator": "Narrated Abu Huraira:",
        "text": "Ebu Hureyre'den rivayet edilmiştir: Peygamber (ﷺ) akşam namazlarından birini kıldı (alt anlatıcı Muhammed, \"Bunun en muhtemel 'Asr namazı olduğunu düşünüyorum.\" dedi) ve sadece iki rek'at kıldıktan sonra namazı bitirdi. Sonra caminin önünde bir odun parçasının yanına durdu ve elini üzerine koydu. Ebu Bekir ve Ömer orada bulunanlar arasındaydılar, ancak ona bu konuda konuşmaya cesaret edemediler (ona olan aşırı saygılarından dolayı) ve acele edenler dışarı çıktı. Onlar, \"Namaz kısaltıldı mı?\" dediler. Peygamber (ﷺ) tarafından Dhul-Yadain olarak anılan bir adam (Peygamber'e) \"Namaz kısaltıldı mı yoksa unuttun mu?\" dedi. O, \"Ne unuttum ne de namaz kısaltıldı.\" dedi. O, \"Kesinlikle unuttun.\" dedi. Bunun üzerine Peygamber (ﷺ) iki rek'at daha kıldı ve selam verdi, sonra tekbir getirdi ve normal secdesi gibi bir Sahu secdesi yaptı ya da biraz daha uzun yaptı ve sonra başını kaldırdı ve tekbir getirdi, ardından başını eğdi ve normal secdesi gibi bir secde yaptı ya da biraz daha uzun yaptı, sonra başını kaldırdı ve tekbir getirdi."
      }
    },
    {
      "id": 8,
      "idInBook": 8,
      "chapterId": 22,
      "bookId": 1,
      "arabic": "حَدَّثَنَا قُتَيْبَةُ بْنُ سَعِيدٍ، حَدَّثَنَا لَيْثٌ، عَنِ ابْنِ شِهَابٍ، عَنِ الأَعْرَجِ، عَنْ عَبْدِ اللَّهِ ابْنِ بُحَيْنَةَ الأَسْدِيِّ، حَلِيفِ بَنِي عَبْدِ الْمُطَّلِبِ أَنَّ رَسُولَ اللَّهِ صلى الله عليه وسلم قَامَ فِي صَلاَةِ الظُّهْرِ وَعَلَيْهِ جُلُوسٌ، فَلَمَّا أَتَمَّ صَلاَتَهُ سَجَدَ سَجْدَتَيْنِ فَكَبَّرَ فِي كُلِّ سَجْدَةٍ وَهُوَ جَالِسٌ قَبْلَ أَنْ يُسَلِّمَ، وَسَجَدَهُمَا النَّاسُ مَعَهُ مَكَانَ مَا نَسِيَ مِنَ الْجُلُوسِ‏.‏ تَابَعَهُ ابْنُ جُرَيْجٍ عَنِ ابْنِ شِهَابٍ فِي التَّكْبِيرِ‏.‏",
      "english": {
        "narrator": "Narrated `Abdullah bin Buhaina Al-Asdi:",
        "text": "(the ally of Bani `Abdul Muttalib) Allah's Messenger (ﷺ) stood up for the Zuhr prayer and he should have sat \n(after the second rak`a but he stood up for the third rak`a without sitting for Tashah-hud) and when he \nfinished the prayer he performed two prostrations and said Takbir on each prostration while sitting, \nbefore ending (the prayer) with Taslim; and the people too performed the two prostrations with him \ninstead of the sitting he forgot."
      },
      "turkish": {
        "narrator": "Narrated `Abdullah bin Buhaina Al-Asdi:",
        "text": "Abdullah bin Buhaina Al-Asdi'den rivayet edilmiştir: (Beni Abdul Muttalib'in dostu) Allah'ın Messenger'i (ﷺ) Zuhr namazı için kalktı ve oturması gereken yerde (ikinci rek'at sonrası) oturmadan üçüncü rek'at için kalktı ve namazı bitirdiğinde iki secde yaptı ve her secdede oturarak tekbir getirdi, ardından namazı selam ile bitirdi; insanlar da onunla birlikte unuttuğu oturma yerine iki secde yaptı."
      }
    },
    {
      "id": 9,
      "idInBook": 9,
      "chapterId": 22,
      "bookId": 1,
      "arabic": "حَدَّثَنَا مُعَاذُ بْنُ فَضَالَةَ، حَدَّثَنَا هِشَامُ بْنُ أَبِي عَبْدِ اللَّهِ الدَّسْتَوَائِيُّ، عَنْ يَحْيَى بْنِ أَبِي كَثِيرٍ، عَنْ أَبِي سَلَمَةَ، عَنْ أَبِي هُرَيْرَةَ ـ رضى الله عنه ـ قَالَ قَالَ رَسُولُ اللَّهِ صلى الله عليه وسلم ‏\n\"‏ إِذَا نُودِيَ بِالصَّلاَةِ أَدْبَرَ الشَّيْطَانُ وَلَهُ ضُرَاطٌ حَتَّى لاَ يَسْمَعَ الأَذَانَ، فَإِذَا قُضِيَ الأَذَانُ أَقْبَلَ، فَإِذَا ثُوِّبَ بِهَا أَدْبَرَ فَإِذَا قُضِيَ التَّثْوِيبُ أَقْبَلَ حَتَّى يَخْطِرَ بَيْنَ الْمَرْءِ وَنَفْسِهِ يَقُولُ اذْكُرْ كَذَا وَكَذَا مَا لَمْ يَكُنْ يَذْكُرُ حَتَّى يَظَلَّ الرَّجُلُ إِنْ يَدْرِي كَمْ صَلَّى، فَإِذَا لَمْ يَدْرِ أَحَدُكُمْ كَمْ صَلَّى ثَلاَثًا أَوْ أَرْبَعًا فَلْيَسْجُدْ سَجْدَتَيْنِ وَهْوَ جَالِسٌ ‏\"‏‏.‏",
      "english": {
        "narrator": "Narrated Abu Huraira:",
        "text": "Allah's Messenger (ﷺ) said, \"When the call for prayer is made, Satan takes to his heels passing wind so that \nhe may not hear the Adhan and when the call is finished he comes back, and when the Iqama is \npronounced, Satan again takes to his heels, and when the Iqama is finished he comes back again and \ntries to interfere with the person and his thoughts and say, \"Remember this and that (which he has not \nthought of before the prayer)\", till the praying person forgets how much he has prayed. If anyone of \nyou does not remember whether he has offered three or four rak`at then he should perform two \nprostrations of Sahu while sitting."
      },
      "turkish": {
        "narrator": "Narrated Abu Huraira:",
        "text": "Ebu Hureyre'den rivayet edilmiştir: Allah'ın Messenger'i (ﷺ) \"Namaz için çağrı yapıldığında, Şeytan kaçışır ve rüzgar çıkarır ki, Adhan'ı duymasın; ve çağrı bittiğinde geri gelir, ve İkama okunduğunda, Şeytan tekrar kaçışır, ve İkama bittiğinde geri gelir ve kişinin düşünceleriyle oynamaya çalışır ve der ki, 'Şunu ve bunu hatırla (namazdan önce düşünmediği şeyleri)', ta ki namaz kılan kişi ne kadar namaz kıldığını unutsun. Eğer sizden biri üç veya dört rek'at kıldığını hatırlamıyorsa, oturarak iki Sahu secdesi yapmalıdır.\" dedi."
      }
    },
    {
      "id": 10,
      "idInBook": 10,
      "chapterId": 22,
      "bookId": 1,
      "arabic": "حَدَّثَنَا عَبْدُ اللَّهِ بْنُ يُوسُفَ، أَخْبَرَنَا مَالِكٌ، عَنِ ابْنِ شِهَابٍ، عَنْ أَبِي سَلَمَةَ بْنِ عَبْدِ الرَّحْمَنِ، عَنْ أَبِي هُرَيْرَةَ ـ رضى الله عنه ـ أَنَّ رَسُولَ اللَّهِ صلى الله عليه وسلم قَالَ ‏\n\"‏ إِنَّ أَحَدَكُمْ إِذَا قَامَ يُصَلِّي جَاءَ الشَّيْطَانُ فَلَبَسَ عَلَيْهِ حَتَّى لاَ يَدْرِيَ كَمْ صَلَّى، فَإِذَا وَجَدَ ذَلِكَ أَحَدُكُمْ فَلْيَسْجُدْ سَجْدَتَيْنِ وَهُوَ جَالِسٌ ‏\"‏‏.‏",
      "english": {
        "narrator": "Narrated Abu Huraira:",
        "text": "Allah's Messenger (ﷺ) said, \"When anyone of you stands for the prayers, Satan comes and puts him in doubts \ntill he forgets how many rak`at he has prayed. So if this happens to anyone of you, he should perform \ntwo prostrations of Sahu while sitting."
      },
      "turkish": {
        "narrator": "Narrated Abu Huraira:",
        "text": "Ebu Hureyre'den rivayet edilmiştir: Allah'ın Messenger'i (ﷺ) \"Sizden biri namaz için kalktığında, Şeytan gelir ve ona şüpheler verir ta ki ne kadar rek'at kıldığını unutsun. Eğer bu sizden birine olursa, oturarak iki Sahu secdesi yapmalıdır.\" dedi."
      }
    },
    {
      "id": 11,
      "idInBook": 11,
      "chapterId": 22,
      "bookId": 1,
      "arabic": "حَدَّثَنَا يَحْيَى بْنُ سُلَيْمَانَ، قَالَ حَدَّثَنِي ابْنُ وَهْبٍ، قَالَ أَخْبَرَنِي عَمْرٌو، عَنْ بُكَيْرٍ، عَنْ كُرَيْبٍ، أَنَّ ابْنَ عَبَّاسٍ، وَالْمِسْوَرَ بْنَ مَخْرَمَةَ، وَعَبْدَ الرَّحْمَنِ بْنَ أَزْهَرَ ـ رضى الله عنهم ـ أَرْسَلُوهُ إِلَى عَائِشَةَ ـ رضى الله عنها ـ فَقَالُوا اقْرَأْ عَلَيْهَا السَّلاَمَ مِنَّا جَمِيعًا وَسَلْهَا عَنِ الرَّكْعَتَيْنِ بَعْدَ صَلاَةِ الْعَصْرِ وَقُلْ لَهَا إِنَّا أُخْبِرْنَا أَنَّكِ تُصَلِّينَهُمَا وَقَدْ بَلَغَنَا أَنَّ النَّبِيَّ صلى الله عليه وسلم نَهَى عَنْهَا‏.‏ وَقَالَ ابْنُ عَبَّاسٍ وَكُنْتُ أَضْرِبُ النَّاسَ مَعَ عُمَرَ بْنِ الْخَطَّابِ عَنْهُمَا‏.‏ فَقَالَ كُرَيْبٌ فَدَخَلْتُ عَلَى عَائِشَةَ ـ رضى الله عنها ـ فَبَلَّغْتُهَا مَا أَرْسَلُونِي‏.‏ فَقَالَتْ سَلْ أُمَّ سَلَمَةَ‏.‏ فَخَرَجْتُ إِلَيْهِمْ فَأَخْبَرْتُهُمْ بِقَوْلِهَا فَرَدُّونِي إِلَى أُمِّ سَلَمَةَ بِمِثْلِ مَا أَرْسَلُونِي بِهِ إِلَى عَائِشَةَ‏.‏ فَقَالَتْ أُمُّ سَلَمَةَ ـ رضى الله عنها ـ سَمِعْتُ النَّبِيَّ صلى الله عليه وسلم يَنْهَى عَنْهَا ثُمَّ رَأَيْتُهُ يُصَلِّيهِمَا حِينَ صَلَّى الْعَصْرَ، ثُمَّ دَخَلَ عَلَىَّ وَعِنْدِي نِسْوَةٌ مِنْ بَنِي حَرَامٍ مِنَ الأَنْصَارِ فَأَرْسَلْتُ إِلَيْهِ الْجَارِيَةَ فَقُلْتُ قُومِي بِجَنْبِهِ قُولِي لَهُ تَقُولُ لَكَ أُمُّ سَلَمَةَ يَا رَسُولَ اللَّهِ سَمِعْتُكَ تَنْهَى عَنْ هَاتَيْنِ وَأَرَاكَ تُصَلِّيهِمَا‏.‏ فَإِنْ أَشَارَ بِيَدِهِ فَاسْتَأْخِرِي عَنْهُ‏.‏ فَفَعَلَتِ الْجَارِيَةُ فَأَشَارَ بِيَدِهِ فَاسْتَأْخَرَتْ عَنْهُ فَلَمَّا انْصَرَفَ قَالَ ‏\n\"‏ يَا بِنْتَ أَبِي أُمَيَّةَ سَأَلْتِ عَنِ الرَّكْعَتَيْنِ بَعْدَ الْعَصْرِ وَإِنَّهُ أَتَانِي نَاسٌ مِنْ عَبْدِ الْقَيْسِ فَشَغَلُونِي عَنِ الرَّكْعَتَيْنِ اللَّتَيْنِ بَعْدَ الظُّهْرِ فَهُمَا هَاتَانِ ‏\"‏‏.‏",
      "english": {
        "narrator": "Narrated Kuraib:",
        "text": "I was sent to Aisha by Ibn `Abbas, Al-Miswar bin Makhrama and `Abdur-Rahman bin Azhar . They \ntold me to greet her on their behalf and to ask her about the offering of the two rak`at after the `Asr \nprayer and to say to her, \"We were informed that you offer those two rak`at and we were told that the \nProphet had forbidden offering them.\" Ibn `Abbas said, \"I along with `Umar bin Al-Khattab used to \nbeat the people whenever they offered them.\" I went to Aisha and told her that message. `Aisha said, \n\"Go and ask Um Salama about them.\" So I returned and informed them about her statement. They \nthen told me to go to Um Salama with the same question with which t sent me to `Aisha. Um Salama \nreplied, \"I heard the Prophet (ﷺ) forbidding them. Later I saw him offering them immediately after he \nprayed the `Asr prayer. He then entered my house at a time when some of the Ansari women from the \ntribe of Bani Haram were sitting with me, so I sent my slave girl to him having said to her, 'Stand \nbeside him and tell him that Um Salama says to you, \"O Allah's Messenger (ﷺ)! I have heard you forbidding \nthe offering of these (two rak`at after the `Asr prayer) but I have seen you offering them.\" If he waves \nhis hand then wait for him.' The slave girl did that. The Prophet (ﷺ) beckoned her with his hand and she \nwaited for him. When he had finished the prayer he said, \"O daughter of Bani Umaiya! You have \nasked me about the two rak`at after the `Asr prayer. The people of the tribe of `Abdul-Qais came to \nme and made me busy and I could not offer the two rak`at after the Zuhr prayer. These (two rak`at that \nI have just prayed) are for those (missed) ones."
      },
      "turkish": {
        "narrator": "Narrated Kuraib:",
        "text": "Kuraib'den rivayet edilmiştir: İbn Abbas, Al-Miswar bin Makhrama ve Abdurrahman bin Azhar tarafından Aişe'ye gönderildim. Onlar benim onun adına selam vermemi ve 'Asr namazından sonra iki rek'at kılma meselesini sormamı istediler ve ona, \"Bu iki rek'atı kıldığınız bildirildi ve Peygamber'in bunları kılmayı yasakladığı söylendi.\" dedim. İbn Abbas, \"Ben ve Ömer bin Hattab, insanlar bunları kıldığında onları döverdik.\" dedi. Aişe'ye gidip bu mesajı ilettim. Aişe, \"Git ve Um Selama'ya sor.\" dedi. Ben geri döndüm ve ona söylediklerini bildirdim. Sonra bana Aişe'ye sorduğum aynı soruyla Um Selama'ya gitmemi söylediler. Um Selama, \"Peygamber'in (ﷺ) bunları yasakladığını duydum. Sonra onu 'Asr namazından hemen sonra kılarken gördüm. O, benim evime girdiğinde, Beni Haram kabilesinden bazı Ensar kadınları benimle oturuyorlardı, bu yüzden ona, 'Yanında dur ve Um Selama sana diyor ki, \"Ey Allah'ın Messenger'i (ﷺ)! Ben bu (iki rek'atı 'Asr namazından sonra kılmayı yasakladığını duydum ama seni kılarken gördüm.\" Eğer elini sallarsa bekle.' diye söyledim. Kızım bunu yaptı. Peygamber (ﷺ) ona elini işaret etti ve o da bekledi. Namazı bitirdiğinde, \"Ey Beni Ümeyye kızı! 'Asr namazından sonra iki rek'at hakkında bana sordun. Abdul-Qays kabilesinin insanları yanıma geldiler ve beni meşgul ettiler, bu yüzden Zuhr namazından sonra iki rek'at kılamadım. Şimdi kıldığım (iki rek'at) kaybedilenler içindir.\" dedi."
      }
    },
    {
      "id": 12,
      "idInBook": 12,
      "chapterId": 22,
      "bookId": 1,
      "arabic": "حَدَّثَنَا قُتَيْبَةُ بْنُ سَعِيدٍ، حَدَّثَنَا يَعْقُوبُ بْنُ عَبْدِ الرَّحْمَنِ، عَنْ أَبِي حَازِمٍ، عَنْ سَهْلِ بْنِ سَعْدٍ السَّاعِدِيِّ ـ رضى الله عنه ـ أَنَّ رَسُولَ اللَّهِ صلى الله عليه وسلم بَلَغَهُ أَنَّ بَنِي عَمْرِو بْنِ عَوْفٍ كَانَ بَيْنَهُمْ شَىْءٌ فَخَرَجَ رَسُولُ اللَّهِ صلى الله عليه وسلم يُصْلِحُ بَيْنَهُمْ فِي أُنَاسٍ مَعَهُ، فَحُبِسَ رَسُولُ اللَّهِ صلى الله عليه وسلم وَحَانَتِ الصَّلاَةُ فَجَاءَ بِلاَلٌ إِلَى أَبِي بَكْرٍ ـ رضى الله عنه ـ فَقَالَ يَا أَبَا بَكْرٍ إِنَّ رَسُولَ اللَّهِ صلى الله عليه وسلم قَدْ حُبِسَ وَقَدْ حَانَتِ الصَّلاَةُ فَهَلْ لَكَ أَنْ تَؤُمَّ النَّاسَ قَالَ نَعَمْ إِنْ شِئْتَ‏.‏ فَأَقَامَ بِلاَلٌ وَتَقَدَّمَ أَبُو بَكْرٍ ـ رضى الله عنه ـ فَكَبَّرَ لِلنَّاسِ وَجَاءَ رَسُولُ اللَّهِ صلى الله عليه وسلم يَمْشِي فِي الصُّفُوفِ حَتَّى قَامَ فِي الصَّفِّ، فَأَخَذَ النَّاسُ فِي التَّصْفِيقِ، وَكَانَ أَبُو بَكْرٍ ـ رضى الله عنه ـ لاَ يَلْتَفِتُ فِي صَلاَتِهِ، فَلَمَّا أَكْثَرَ النَّاسُ الْتَفَتَ فَإِذَا رَسُولُ اللَّهِ صلى الله عليه وسلم فَأَشَارَ إِلَيْهِ رَسُولُ اللَّهِ صلى الله عليه وسلم يَأْمُرُهُ أَنْ يُصَلِّيَ، فَرَفَعَ أَبُو بَكْرٍ ـ رضى الله عنه ـ يَدَيْهِ فَحَمِدَ اللَّهَ وَرَجَعَ الْقَهْقَرَى وَرَاءَهُ حَتَّى قَامَ فِي الصَّفِّ، فَتَقَدَّمَ رَسُولُ اللَّهِ صلى الله عليه وسلم فَصَلَّى لِلنَّاسِ فَلَمَّا فَرَغَ أَقْبَلَ عَلَى النَّاسِ فَقَالَ ‏\n\"‏ يَا أَيُّهَا النَّاسُ مَا لَكُمْ حِينَ نَابَكُمْ شَىْءٌ فِي الصَّلاَةِ أَخَذْتُمْ فِي التَّصْفِيقِ، إِنَّمَا التَّصْفِيقُ لِلنِّسَاءِ، مَنْ نَابَهُ شَىْءٌ فِي صَلاَتِهِ فَلْيَقُلْ سُبْحَانَ اللَّهِ‏.‏ فَإِنَّهُ لاَ يَسْمَعُهُ أَحَدٌ حِينَ يَقُولُ سُبْحَانَ اللَّهِ إِلاَّ الْتَفَتَ، يَا أَبَا بَكْرٍ مَا مَنَعَكَ أَنْ تُصَلِّيَ لِلنَّاسِ حِينَ أَشَرْتُ إِلَيْكَ ‏\"‏‏.‏ فَقَالَ أَبُو بَكْرٍ ـ رضى الله عنه ـ مَا كَانَ يَنْبَغِي لاِبْنِ أَبِي قُحَافَةَ أَنْ يُصَلِّيَ بَيْنَ يَدَىْ رَسُولِ اللَّهِ صلى الله عليه وسلم‏.‏",
      "english": {
        "narrator": "Narrated Sahl bin Sa`d As-Sa`idi:",
        "text": "The news about the differences amongst the people of Bani `Amr bin `Auf reached Allah's Messenger (ﷺ) \nand so he went to them along with some of his companions to effect a reconciliation between them. \nAllah's Messenger (ﷺ) was delayed there, and the time of the prayer was due. Bilal went to Abu Bakr and \nsaid to him, \"Allah's Messenger (ﷺ) has been delayed (there) and the time of prayer is due. So will you lead \nthe people in prayer?\" Abu Bakr said, \"Yes, if you wish.\" Bilal pronounced the Iqama and Abu Bakr, \nwent forward and said Takbir for the people. In the meantime Allah's Messenger (ﷺ) came crossing the rows \n(of the praying people) and stood in the (first) row and the people started clapping. Abu Bakr, would \nnever glance sideways in his prayer but when the people clapped much he looked back and (ﷺ) \nAllah's Messenger (ﷺ) . Allah's Messenger (ﷺ) beckoned him to carry on the prayer. Abu Bakr raised his hands and \nthanked Allah, and retreated till he reached the (first) row. Allah's Messenger (ﷺ) went forward and led the \npeople in the prayer. When he completed the prayer he faced the people and said, \"O people! Why did \nyou start clapping when something unusual happened to you in the prayer? Clapping is only for \nwomen. So whoever amongst you comes across something in the prayer should say, 'Subhan-Allah' \nfor there is none who will not turn round on hearing him saying Subhan-Allah. O Abu Bakr! What \nprevented you from leading the people in the prayer when I beckoned you to do so?\" Abu Bakr \nreplied, \"How dare the son of Abu Quhafa lead the prayer in the presence of Allah's Messenger (ﷺ) ?\""
      },
      "turkish": {
        "narrator": "Narrated Sahl bin Sa`d As-Sa`idi:",
        "text": "Sahl bin Sa'd As-Sa'idi'den rivayet edilmiştir: Beni Amr bin Auf halkı arasındaki anlaşmazlıklar Allah'ın Messenger'ine (ﷺ) ulaştı ve bu yüzden bazı arkadaşlarıyla birlikte onlara barış sağlamak için gitti. Allah'ın Messenger'i (ﷺ) orada gecikti ve namaz vakti geldi. Bilal, Ebu Bekir'e gidip, \"Allah'ın Messenger'i (ﷺ) orada gecikti ve namaz vakti geldi. İnsanları namaza sen mi kıldıracaksın?\" dedi. Ebu Bekir, \"Evet, istersen.\" dedi. Bilal İkama okudu ve Ebu Bekir öne geçti ve insanlar için tekbir getirdi. Bu arada Allah'ın Messenger'i (ﷺ) safın arasından geçerek (ilk) safta durdu ve insanlar alkışlamaya başladı. Ebu Bekir, namazında yanına bakmazdı ama insanlar çok alkışlayınca geri döndü ve (ﷺ) Allah'ın Messenger'i (ﷺ) gördü. Allah'ın Messenger'i (ﷺ) ona namaza devam etmesi için işaret etti. Ebu Bekir ellerini kaldırdı ve Allah'a şükretti ve geri çekildi ve (ilk) safa kadar geldi. Allah'ın Messenger'i (ﷺ) öne geçti ve insanlara namaz kıldırdı. Namazı bitirdiğinde insanlara döndü ve \"Ey insanlar! Namazda size alışılmadık bir şey olduğunda neden alkışladınız? Alkış sadece kadınlar içindir. Sizden biri namazda bir şeyle karşılaştığında 'Subhan-Allah' demelidir çünkü 'Subhan-Allah' dediğini duyan kimse geri dönmeyecektir. Ey Ebu Bekir! Benim sana namazda devam etmen için işaret ettiğimde neden insanlara namaz kıldırmadın?\" Ebu Bekir, \"Allah'ın Messenger'inin (ﷺ) huzurunda Ebu Kuhafa'nın oğlu namaz kıldırmaya nasıl cesaret edebilirdi?\" dedi."
      }
    },
    {
      "id": 13,
      "idInBook": 13,
      "chapterId": 22,
      "bookId": 1,
      "arabic": "حَدَّثَنَا يَحْيَى بْنُ سُلَيْمَانَ، قَالَ حَدَّثَنِي ابْنُ وَهْبٍ، حَدَّثَنَا الثَّوْرِيُّ، عَنْ هِشَامٍ، عَنْ فَاطِمَةَ، عَنْ أَسْمَاءَ، قَالَتْ دَخَلْتُ عَلَى عَائِشَةَ ـ رضى الله عنها ـ وَهِيَ تُصَلِّي قَائِمَةً وَالنَّاسُ قِيَامٌ فَقُلْتُ مَا شَأْنُ النَّاسِ فَأَشَارَتْ بِرَأْسِهَا إِلَى السَّمَاءِ‏.‏ فَقُلْتُ آيَةٌ‏.‏ فَقَالَتْ بِرَأْسِهَا أَىْ نَعَمْ‏.‏",
      "english": {
        "narrator": "Narrated Asma':",
        "text": "I went to `Aisha and she was standing praying and the people, too, were standing (praying). So I said, \n\"What is the matter with the people?\" She beckoned with her head towards the sky. \nI said, \"(Is there) a sign?\" She nodded intending to say, \"Yes.\""
      },
      "turkish": {
        "narrator": "Narrated Asma':",
        "text": "Asma'dan rivayet edilmiştir: Aişe'ye gittim ve o ayakta namaz kılıyordu ve insanlar da ayakta (namaz kılıyordu). Ben, \"İnsanlarda ne oluyor?\" dedim. O, başıyla gökyüzünü işaret etti. Ben, \"(Bir) işaret mi?\" dedim. O, \"Evet.\" demek için başını salladı."
      }
    },
    {
      "id": 14,
      "idInBook": 14,
      "chapterId": 22,
      "bookId": 1,
      "arabic": "حَدَّثَنَا إِسْمَاعِيلُ، قَالَ حَدَّثَنِي مَالِكٌ، عَنْ هِشَامٍ، عَنْ أَبِيهِ، عَنْ عَائِشَةَ ـ رضى الله عنها ـ زَوْجِ النَّبِيِّ صلى الله عليه وسلم أَنَّهَا قَالَتْ صَلَّى رَسُولُ اللَّهِ صلى الله عليه وسلم فِي بَيْتِهِ وَهُوَ شَاكٍ جَالِسًا، وَصَلَّى وَرَاءَهُ قَوْمٌ قِيَامًا فَأَشَارَ إِلَيْهِمْ أَنِ اجْلِسُوا فَلَمَّا انْصَرَفَ قَالَ ‏\n\"‏ إِنَّمَا جُعِلَ الإِمَامُ لِيُؤْتَمَّ بِهِ، فَإِذَا رَكَعَ فَارْكَعُوا وَإِذَا رَفَعَ فَارْفَعُوا ‏\"‏‏.‏",
      "english": {
        "narrator": "Narrated `Aisha the wife of the Prophet:",
        "text": "Allah's Messenger (ﷺ) during his illness prayed in his house sitting, whereas some people followed him \nstanding, but the Prophet (ﷺ) beckoned them to sit down. On completion of the prayer he said, \"The Imam \nis to be followed. So, bow when he bows, and raise your head when he raises his head.\" (See Hadith \nNo. 657 Vol 1 for taking the verdict)."
      },
      "turkish": {
        "narrator": "Narrated `Aisha the wife of the Prophet:",
        "text": "Peygamber'in eşi Aişe'den rivayet edilmiştir: Allah'ın Messenger'i (ﷺ) hastalığı sırasında evinde oturarak namaz kıldı, bazı insanlar ise ayakta onu takip ettiler, fakat Peygamber (ﷺ) onlara oturmaları için işaret etti. Namazı bitirdiğinde, \"İmam'a uyulmalıdır. O, rükûya gittiğinde siz de rükû yapın, o başını kaldırdığında siz de başınızı kaldırın.\" dedi. (Hükmü almak için Hadis No. 657'ye bakınız.)"
      }
    }
  ],
  "chapter": {
    "id": 22,
    "bookId": 1,
    "arabic": "كتاب السهو",
    "english": "Forgetfulness in Prayer"
  }
}