{"metadata":{"length":30,"arabic":{"title":"صحيح البخاري","author":"الإمام محمد بن إسماعيل البخاري","introduction":"كتاب العمرة"},"english":{"title":"Sahih al-Bukhari","author":"Imam Muhammad ibn Ismail al-Bukhari","introduction":"`Umrah (Minor pilgrimage)"}},"hadiths":[{"id":1,"idInBook":1,"chapterId":26,"bookId":1,"arabic":"حَدَّثَنَا عَبْدُ اللَّهِ بْنُ يُوسُفَ، أَخْبَرَنَا مَالِكٌ، عَنْ سُمَىٍّ، مَوْلَى أَبِي بَكْرِ بْنِ عَبْدِ الرَّحْمَنِ عَنْ أَبِي صَالِحٍ السَّمَّانِ، عَنْ أَبِي هُرَيْرَةَ ـ رضى الله عنه ـ أَنَّ رَسُولَ اللَّهِ صلى الله عليه وسلم قَالَ ‏\n\"‏ الْعُمْرَةُ إِلَى الْعُمْرَةِ كَفَّارَةٌ لِمَا بَيْنَهُمَا، وَالْحَجُّ الْمَبْرُورُ لَيْسَ لَهُ جَزَاءٌ إِلاَّ الْجَنَّةُ ‏\"‏‏.‏","english":{"narrator":"Narrated Abu Huraira:","text":"Allah's Messenger (ﷺ) said, \"(The performance of) `Umra is an expiation for the sins committed (between it \nand the previous one). And the reward of Hajj Mabrur (the one accepted by Allah) is nothing except \nParadise.\""}},{"id":2,"idInBook":2,"chapterId":26,"bookId":1,"arabic":"حَدَّثَنَا أَحْمَدُ بْنُ مُحَمَّدٍ، أَخْبَرَنَا عَبْدُ اللَّهِ، أَخْبَرَنَا ابْنُ جُرَيْجٍ، أَنَّ عِكْرِمَةَ بْنَ خَالِدٍ، سَأَلَ ابْنَ عُمَرَ ـ رضى الله عنهما ـ عَنِ الْعُمْرَةِ، قَبْلَ الْحَجِّ فَقَالَ لاَ بَأْسَ‏.‏ قَالَ عِكْرِمَةُ قَالَ ابْنُ عُمَرَ اعْتَمَرَ النَّبِيُّ صلى الله عليه وسلم قَبْلَ أَنْ يَحُجَّ‏.‏ وَقَالَ إِبْرَاهِيمُ بْنُ سَعْدٍ عَنِ ابْنِ إِسْحَاقَ حَدَّثَنِي عِكْرِمَةُ بْنُ خَالِدٍ سَأَلْتُ ابْنَ عُمَرَ مِثْلَهُ‏.‏ \nحَدَّثَنَا عَمْرُو بْنُ عَلِيٍّ، حَدَّثَنَا أَبُو عَاصِمٍ، أَخْبَرَنَا ابْنُ جُرَيْجٍ، قَالَ عِكْرِمَةُ بْنُ خَالِدٍ سَأَلْتُ ابْنَ عُمَرَ ـ رضى الله عنه ـ مِثْلَهُ‏.‏","english":{"narrator":"Narrated Ibn Juraij:","text":"`Ikrima bin Khalid asked Ibn `Umar about performing `Umra before Hajj. Ibn `Umar replied, \"There is no harm in it.\" `Ikrima said, \"Ibn `Umar also said, 'The Prophet (ﷺ) had performed `Umra before performing Hajj.'\"\n\n\nNarrated `Ikrima bin Khalid:\n\n\"I asked Ibn `Umar the same (as above).\""}},{"id":3,"idInBook":3,"chapterId":26,"bookId":1,"arabic":"حَدَّثَنَا قُتَيْبَةُ، حَدَّثَنَا جَرِيرٌ، عَنْ مَنْصُورٍ، عَنْ مُجَاهِدٍ، قَالَ دَخَلْتُ أَنَا وَعُرْوَةُ بْنُ الزُّبَيْرِ الْمَسْجِدَ،، فَإِذَا عَبْدُ اللَّهِ بْنُ عُمَرَ ـ رضى الله عنهما ـ جَالِسٌ إِلَى حُجْرَةِ عَائِشَةَ، وَإِذَا نَاسٌ يُصَلُّونَ فِي الْمَسْجِدِ صَلاَةَ الضُّحَى‏.‏ قَالَ فَسَأَلْنَاهُ عَنْ صَلاَتِهِمْ‏.‏ فَقَالَ بِدْعَةٌ‏.‏ ثُمَّ قَالَ لَهُ كَمِ اعْتَمَرَ رَسُولُ اللَّهِ صلى الله عليه وسلم قَالَ أَرْبَعً إِحْدَاهُنَّ فِي رَجَبٍ، فَكَرِهْنَا أَنْ نَرُدَّ عَلَيْهِ‏.‏ قَالَ وَسَمِعْنَا اسْتِنَانَ، عَائِشَةَ أُمِّ الْمُؤْمِنِينَ فِي الْحُجْرَةِ، فَقَالَ عُرْوَةُ يَا أُمَّاهُ، يَا أُمَّ الْمُؤْمِنِينَ‏.‏ أَلاَ تَسْمَعِينَ مَا يَقُولُ أَبُو عَبْدِ الرَّحْمَنِ‏.‏ قَالَتْ مَا يَقُولُ قَالَ يَقُولُ إِنَّ رَسُولَ اللَّهِ صلى الله عليه وسلم اعْتَمَرَ أَرْبَعَ عُمَرَاتٍ إِحْدَاهُنَّ فِي رَجَبٍ‏.‏ قَالَتْ يَرْحَمُ اللَّهُ أَبَا عَبْدِ الرَّحْمَنِ، مَا اعْتَمَرَ عُمْرَةً إِلاَّ وَهُوَ شَاهِدُهُ، وَمَا اعْتَمَرَ فِي رَجَبٍ قَطُّ‏.‏","english":{"narrator":"Narrated Mujahid:","text":"Urwa bin Az-Zubair and I entered the Mosque (of the Prophet) and saw `Abdullah bin `Umar sitting near the dwelling place of Aisha and some people were offering the Duha prayer. We asked him about their prayer and he replied that it was a heresy. He (Urwa) then asked him how many times the Prophet (ﷺ) had performed `Umra. He replied, 'Four times; one of them was in the month of Rajab.\" We disliked \nto contradict him. Then we heard `Aisha, the Mother of faithful believers cleaning her teeth with Siwak in the dwelling place. 'Urwa said, \"O Mother! O Mother of the believers! Don't you hear what Abu `Abdur Rahman is saying?\" She said, \"What does he say?\" 'Urwa said, \"He says that Allah's Messenger (ﷺ) performed four `Umra and one of them was in the month of Rajab.\" `Aisha said, \"May Allah be merciful to Abu `Abdur Rahman! The Prophet (ﷺ) did not perform any `Umra except that he was with him, and he never performed any `Umra in Rajab.\""}},{"id":4,"idInBook":4,"chapterId":26,"bookId":1,"arabic":"حَدَّثَنَا أَبُو عَاصِمٍ، أَخْبَرَنَا ابْنُ جُرَيْجٍ، قَالَ أَخْبَرَنِي عَطَاءٌ، عَنْ عُرْوَةَ بْنِ الزُّبَيْرِ، قَالَ سَأَلْتُ عَائِشَةَ ـ رضى الله عنها ـ قَالَتْ مَا اعْتَمَرَ رَسُولُ اللَّهِ صلى الله عليه وسلم فِي رَجَبٍ‏.‏","english":{"narrator":"Narrated 'Urwa bin Az-Zubair:","text":"I asked `Aisha (whether the Prophet (ﷺ) had performed `Umra in Rajab). She replied, \"Allah's Messenger (ﷺ) \nnever performed any `Umra in Rajab.\""}},{"id":5,"idInBook":5,"chapterId":26,"bookId":1,"arabic":"حَدَّثَنَا حَسَّانُ بْنُ حَسَّانٍ، حَدَّثَنَا هَمَّامٌ، عَنْ قَتَادَةَ، سَأَلْتُ أَنَسًا ـ رضى الله عنه ـ كَمِ اعْتَمَرَ النَّبِيُّ صلى الله عليه وسلم قَالَ أَرْبَعٌ عُمْرَةُ الْحُدَيْبِيَةِ فِي ذِي الْقَعْدَةِ، حَيْثُ صَدَّهُ الْمُشْرِكُونَ، وَعُمْرَةٌ مِنَ الْعَامِ الْمُقْبِلِ فِي ذِي الْقَعْدَةِ، حَيْثُ صَالَحَهُمْ، وَعُمْرَةُ الْجِعْرَانَةِ إِذْ قَسَمَ غَنِيمَةَ أُرَاهُ حُنَيْنٍ‏.‏ قُلْتُ كَمْ حَجَّ قَالَ وَاحِدَةً‏.‏","english":{"narrator":"Narrated Qatada:","text":"I asked Anas how many times the Prophet (ﷺ) had performed `Umra. He replied, \"Four times. 1. `Umra of \nHudaibiya in Dhi-l-Qa'da when the pagans hindered him; 2. `Umra in the following year in Dhi-l- \nQa'da after the peace treaty with them (the pagans); 3. `Umra from Al-Ja'rana where he distributed the \nwar booty.\" I think he meant the booty (of the battle) of Hunain. I asked, \"How many times did he \nperform Hajj?\" He (Anas) replied, \"Once. \""}},{"id":6,"idInBook":6,"chapterId":26,"bookId":1,"arabic":"حَدَّثَنَا أَبُو الْوَلِيدِ، هِشَامُ بْنُ عَبْدِ الْمَلِكِ حَدَّثَنَا هَمَّامٌ، عَنْ قَتَادَةَ، قَالَ سَأَلْتُ أَنَسًا ـ رضى الله عنه ـ فَقَالَ اعْتَمَرَ النَّبِيُّ صلى الله عليه وسلم حَيْثُ رَدُّوهُ، وَمِنَ الْقَابِلِ عُمْرَةَ الْحُدَيْبِيَةِ، وَعُمْرَةً فِي ذِي الْقَعْدَةِ وَعُمْرَةً مَعَ حَجَّتِهِ‏.‏","english":{"narrator":"Narrated Qatada:","text":"I asked Anas (about the Prophet's `Umra) and he replied, \"The Prophet (ﷺ) performed `Umra when the \npagans made him return, and Umra of al-Hudaibiya (the next year), and another `Umra in Dhi-l-Qa'da, \nand another `Umra in combination with his Hajj.\""}},{"id":7,"idInBook":7,"chapterId":26,"bookId":1,"arabic":"حَدَّثَنَا هُدْبَةُ، حَدَّثَنَا هَمَّامٌ، وَقَالَ، اعْتَمَرَ أَرْبَعَ عُمَرٍ فِي ذِي الْقَعْدَةِ إِلاَّ الَّتِي اعْتَمَرَ مَعَ حَجَّتِهِ عُمْرَتَهُ مِنَ الْحُدَيْبِيَةِ، وَمِنَ الْعَامِ الْمُقْبِلِ، وَمِنَ الْجِعْرَانَةِ، حَيْثُ قَسَمَ غَنَائِمَ حُنَيْنٍ، وَعُمْرَةً مَعَ حَجَّتِهِ‏.‏","english":{"narrator":"Narrated Hammam:","text":"The Prophet (ﷺ) performed four `Umra (three) in Dhi-l-Qa'da except the (one) `Umra which he performed \nwith his Hajj: His `Umra from Al-hudaibiya, and the one of the following year, and the one from Al- \nJr'rana where he distributed the booty (of the battle) of Hunain, and another `Umra with his Hajj."}},{"id":8,"idInBook":8,"chapterId":26,"bookId":1,"arabic":"حَدَّثَنَا أَحْمَدُ بْنُ عُثْمَانَ، حَدَّثَنَا شُرَيْحُ بْنُ مَسْلَمَةَ، حَدَّثَنَا إِبْرَاهِيمُ بْنُ يُوسُفَ، عَنْ أَبِيهِ، عَنْ أَبِي إِسْحَاقَ، قَالَ سَأَلْتُ مَسْرُوقًا وَعَطَاءً وَمُجَاهِدًا‏.‏ فَقَالُوا اعْتَمَرَ رَسُولُ اللَّهِ صلى الله عليه وسلم فِي ذِي الْقَعْدَةِ قَبْلَ أَنْ يَحُجَّ‏.‏ وَقَالَ سَمِعْتُ الْبَرَاءَ بْنَ عَازِبٍ ـ رضى الله عنهما ـ يَقُولُ اعْتَمَرَ رَسُولُ اللَّهِ صلى الله عليه وسلم فِي ذِي الْقَعْدَةِ، قَبْلَ أَنْ يَحُجَّ مَرَّتَيْنِ‏.‏","english":{"narrator":"Narrated Abu 'Is-haq:","text":"I asked Masruq, `Ata' and Mujahid (about the `Umra of Allah's Messenger (ﷺ)). They said, \"Allah's Messenger (ﷺ) \nhad performed `Umra in Dhi-l-Qa'da before he performed Hajj.\" I heard Al-Bara' bin `Azib saying, \n\"Allah's Messenger (ﷺ) had performed `Umra in Dhi-l-Qa'da twice before he performed Hajj.\""}},{"id":9,"idInBook":9,"chapterId":26,"bookId":1,"arabic":"حَدَّثَنَا مُسَدَّدٌ، حَدَّثَنَا يَحْيَى، عَنِ ابْنِ جُرَيْجٍ، عَنْ عَطَاءٍ، قَالَ سَمِعْتُ ابْنَ عَبَّاسٍ ـ رضى الله عنهما ـ يُخْبِرُنَا يَقُولُ قَالَ رَسُولُ اللَّهِ صلى الله عليه وسلم لاِمْرَأَةٍ مِنَ الأَنْصَارِ سَمَّاهَا ابْنُ عَبَّاسٍ، فَنَسِيتُ اسْمَهَا ‏\"‏ مَا مَنَعَكِ أَنْ تَحُجِّي مَعَنَا ‏\"‏‏.‏ قَالَتْ كَانَ لَنَا نَاضِحٌ فَرَكِبَهُ أَبُو فُلاَنٍ وَابْنُهُ ـ لِزَوْجِهَا وَابْنِهَا ـ وَتَرَكَ نَاضِحًا نَنْضَحُ عَلَيْهِ قَالَ ‏\"‏ فَإِذَا كَانَ رَمَضَانُ اعْتَمِرِي فِيهِ فَإِنَّ عُمْرَةً فِي رَمَضَانَ حَجَّةٌ ‏\"‏‏.‏ أَوْ نَحْوًا مِمَّا قَالَ‏.‏","english":{"narrator":"Narrated Ata:","text":"I heard Ibn `Abbas saying, \"Allah's Messenger (ﷺ) asked an Ansari woman (Ibn `Abbas named her but `Ata' \nforgot her name), 'What prevented you from performing Hajj with us?' She replied, 'We have a camel \nand the father of so-and-so and his son (i.e. her husband and her son) rode it and left one camel for us \nto use for irrigation.' He said (to her), 'Perform `Umra when Ramadan comes, for `Umra in Ramadan \nis equal to Hajj (in reward),' or said something similar.\""}},{"id":10,"idInBook":10,"chapterId":26,"bookId":1,"arabic":"حَدَّثَنَا مُحَمَّدُ بْنُ سَلاَمٍ، أَخْبَرَنَا أَبُو مُعَاوِيَةَ، حَدَّثَنَا هِشَامٌ، عَنْ أَبِيهِ، عَنْ عَائِشَةَ ـ رضى الله عنها ـ خَرَجْنَا مَعَ رَسُولِ اللَّهِ صلى الله عليه وسلم مُوَافِينَ لِهِلاَلِ ذِي الْحَجَّةِ فَقَالَ لَنَا ‏\"‏ مَنْ أَحَبَّ مِنْكُمْ أَنْ يُهِلَّ بِالْحَجِّ فَلْيُهِلَّ وَمَنْ أَحَبَّ أَنْ يُهِلَّ بِعُمْرَةٍ فَلْيُهِلَّ بِعُمْرَةٍ، فَلَوْلاَ أَنِّي أَهْدَيْتُ لأَهْلَلْتُ بِعُمْرَةٍ ‏\"‏‏.‏ قَالَتْ فَمِنَّا مَنْ أَهَلَّ بِعُمْرَةٍ، وَمِنَّا مَنْ أَهَلَّ بِحَجٍّ، وَكُنْتُ مِمَّنْ أَهَلَّ بِعُمْرَةٍ، فَأَظَلَّنِي يَوْمُ عَرَفَةَ، وَأَنَا حَائِضٌ، فَشَكَوْتُ إِلَى النَّبِيِّ صلى الله عليه وسلم فَقَالَ ‏\"‏ ارْفُضِي عُمْرَتَكِ، وَانْقُضِي رَأْسَكِ وَامْتَشِطِي، وَأَهِلِّي بِالْحَجِّ ‏\"‏‏.‏ فَلَمَّا كَانَ لَيْلَةُ الْحَصْبَةِ أَرْسَلَ مَعِي عَبْدَ الرَّحْمَنِ إِلَى التَّنْعِيمِ، فَأَهْلَلْتُ بِعُمْرَةٍ مَكَانَ عُمْرَتِي‏.‏","english":{"narrator":"Narrated Aisha:","text":"We set out along with Allah's Messenger (ﷺ) shortly before the appearance of the new moon (crescent) of the \nmonth of Dhi-l-Hijja and he said to us, \"Whoever wants to assume Ihram for Hajj may do so; and \nwhoever wants to assume Ihram for `Umra may do so. Hadn't I brought the Hadi (animal for \nsacrificing) (with me), I would have assumed Ihram for `Umra.\" (`Aisha added,): So some of us \nassumed Ihram for `Umra while the others for Hajj. I was amongst those who assumed Ihram for \n`Umra. The day of `Arafat approached and I was still menstruating. I complained to the Prophet (ﷺ) \n(about that) and he said, \"Abandon your `Umra, undo and comb your hair, and assume Ihram for \nHajj;.\" When it was the night of Hasba, he sent `Abdur Rahman with me to at-Tan`im and I assumed \nIhram for `Umra (and performed it) in lieu of my missed `Umra."}},{"id":11,"idInBook":11,"chapterId":26,"bookId":1,"arabic":"حَدَّثَنَا عَلِيُّ بْنُ عَبْدِ اللَّهِ، حَدَّثَنَا سُفْيَانُ، عَنْ عَمْرٍو، سَمِعَ عَمْرَو بْنَ أَوْسٍ، أَنَّ عَبْدَ الرَّحْمَنِ بْنَ أَبِي بَكْرٍ ـ رضى الله عنهما ـ أَخْبَرَهُ أَنَّ النَّبِيَّ صلى الله عليه وسلم أَمَرَهُ أَنْ يُرْدِفَ عَائِشَةَ، وَيُعْمِرَهَا مِنَ التَّنْعِيمِ‏.‏ قَالَ سُفْيَانُ مَرَّةً سَمِعْتُ عَمْرًا، كَمْ سَمِعْتُهُ مِنْ عَمْرٍو‏.‏","english":{"narrator":"Narrated `Amr bin Aus:","text":"`Abdur-Rahman bin Abu Bakr told me that the Prophet (ﷺ) had ordered him to let `Aisha ride behind him \nand to make her perform `Umra from at-Tan`im."}},{"id":12,"idInBook":12,"chapterId":26,"bookId":1,"arabic":"حَدَّثَنَا مُحَمَّدُ بْنُ الْمُثَنَّى، حَدَّثَنَا عَبْدُ الْوَهَّابِ بْنُ عَبْدِ الْمَجِيدِ، عَنْ حَبِيبٍ الْمُعَلِّمِ، عَنْ عَطَاءٍ، حَدَّثَنِي جَابِرُ بْنُ عَبْدِ اللَّهِ ـ رضى الله عنهما ـ أَنَّ النَّبِيَّ صلى الله عليه وسلم أَهَلَّ وَأَصْحَابُهُ بِالْحَجِّ وَلَيْسَ مَعَ أَحَدٍ مِنْهُمْ هَدْىٌ، غَيْرَ النَّبِيِّ صلى الله عليه وسلم وَطَلْحَةَ، وَكَانَ عَلِيٌّ قَدِمَ مِنَ الْيَمَنِ، وَمَعَهُ الْهَدْىُ فَقَالَ أَهْلَلْتُ بِمَا أَهَلَّ بِهِ رَسُولُ اللَّهِ صلى الله عليه وسلم‏.‏ وَإِنَّ النَّبِيَّ صلى الله عليه وسلم أَذِنَ لأَصْحَابِهِ أَنْ يَجْعَلُوهَا عُمْرَةً، يَطُوفُوا بِالْبَيْتِ، ثُمَّ يُقَصِّرُوا وَيَحِلُّوا، إِلاَّ مَنْ مَعَهُ الْهَدْىُ، فَقَالُوا نَنْطَلِقُ إِلَى مِنًى وَذَكَرُ أَحَدِنَا يَقْطُرُ فَبَلَغَ النَّبِيَّ صلى الله عليه وسلم فَقَالَ ‏\"‏ لَوِ اسْتَقْبَلْتُ مِنْ أَمْرِي مَا اسْتَدْبَرْتُ مَا أَهْدَيْتُ، وَلَوْلاَ أَنَّ مَعِي الْهَدْىَ لأَحْلَلْتُ ‏\"‏‏.‏ وَأَنَّ عَائِشَةَ حَاضَتْ فَنَسَكَتِ الْمَنَاسِكَ كُلَّهَا، غَيْرَ أَنَّهَا لَمْ تَطُفْ بِالْبَيْتِ قَالَ فَلَمَّا طَهُرَتْ وَطَافَتْ، قَالَتْ يَا رَسُولَ اللَّهِ أَتَنْطَلِقُونَ بِعُمْرَةٍ وَحَجَّةٍ، وَأَنْطَلِقُ بِالْحَجِّ فَأَمَرَ عَبْدَ الرَّحْمَنِ بْنَ أَبِي بَكْرٍ أَنْ يَخْرُجَ مَعَهَا إِلَى التَّنْعِيمِ، فَاعْتَمَرَتْ بَعْدَ الْحَجِّ فِي ذِي الْحَجَّةِ، وَأَنَّ سُرَاقَةَ بْنَ مَالِكِ بْنِ جُعْشُمٍ لَقِيَ النَّبِيَّ صلى الله عليه وسلم وَهُوَ بِالْعَقَبَةِ، وَهُوَ يَرْمِيهَا، فَقَالَ أَلَكُمْ هَذِهِ خَاصَّةً، يَا رَسُولَ اللَّهِ قَالَ ‏\"‏ لاَ، بَلْ لِلأَبَدِ ‏\"‏‏.‏","english":{"narrator":"Narrated Jabir bin `Abdullah:","text":"The Prophet (ﷺ) and his companions assumed Ihram for Hajj and none except the Prophet (ﷺ) and Talha had \nthe Hadi with them. `Ali had come from Yemen and he had the Hadi with him. He (`Ali) said, \"I have \nassumed Ihram with an intention like that of Allah's Messenger (ﷺ) has assumed it.\" The Prophet (ﷺ) ordered his \ncompanions to intend the Ihram with which they had come for `Umra, to perform the Tawaf of the \nKa`ba (and between Safa and Marwa), to get their hair cut short and then to finish their Ihram with the \nexception of those who had the Hadi with them. They asked, \"Shall we go to Mina and the private \norgans of some of us are dribbling (if we finish Ihram and have sexual relations with our wives)?\" The \nProphet heard that and said, \"Had I known what I know now, I would not have brought the Hadi. If I \ndid not have the Hadi with me I would have finished my Ihram.\" `Aisha got her menses and \nperformed all the ceremonies (of Hajj) except the Tawaf . So when she became clean from her \nmenses, and she had performed the Tawaf of the Ka`ba, she said, \"O Allah's Messenger (ﷺ)! You (people) \nare returning with both Hajj and `Umra and I am returning only with Hajj!\" So, he ordered `Abdur \nRahman bin Abu Bakr to go with her to at-Tan`im. Thus she performed `Umra after the Hajj in the \nmonth of Dhi-l-Hijja. Suraqa bin Malik bin Ju'sham met the Prophet (ﷺ) at Al-`Aqaba (Jamrat-ul 'Aqaba) \nwhile the latter was stoning it and said, \"O Allah's Messenger (ﷺ)! Is this permissible only for you?\" The \nProphet replied, \"No, it is for ever (i.e. it is permissible for all Muslims to perform `Umra before \nHajj.\""}},{"id":13,"idInBook":13,"chapterId":26,"bookId":1,"arabic":"حَدَّثَنَا مُحَمَّدُ بْنُ الْمُثَنَّى، حَدَّثَنَا يَحْيَى، حَدَّثَنَا هِشَامٌ، قَالَ أَخْبَرَنِي أَبِي قَالَ، أَخْبَرَتْنِي عَائِشَةُ ـ رضى الله عنها ـ قَالَتْ خَرَجْنَا مَعَ رَسُولِ اللَّهِ صلى الله عليه وسلم مُوَافِينَ لِهِلاَلِ ذِي الْحَجَّةِ، فَقَالَ رَسُولُ اللَّهِ صلى الله عليه وسلم ‏\"‏ مَنْ أَحَبَّ أَنْ يُهِلَّ بِعُمْرَةٍ فَلْيُهِلَّ، وَمَنْ أَحَبَّ أَنْ يُهِلَّ بِحَجَّةِ فَلْيُهِلَّ، وَلَوْلاَ أَنِّي أَهْدَيْتُ لأَهْلَلْتُ بِعُمْرَةٍ ‏\"‏‏.‏ فَمِنْهُمْ مَنْ أَهَلَّ بِعُمْرَةٍ، وَمِنْهُمْ مِنْ أَهَلَّ بِحَجَّةٍ، وَكُنْتُ مِمَّنْ أَهَلَّ بِعُمْرَةٍ، فَحِضْتُ قَبْلَ أَنْ أَدْخُلَ مَكَّةَ، فَأَدْرَكَنِي يَوْمُ عَرَفَةَ، وَأَنَا حَائِضٌ، فَشَكَوْتُ إِلَى رَسُولِ اللَّهِ صلى الله عليه وسلم فَقَالَ ‏\"‏ دَعِي عُمْرَتَكِ، وَانْقُضِي رَأْسَكِ وَامْتَشِطِي، وَأَهِلِّي بِالْحَجِّ ‏\"‏‏.‏ فَفَعَلْتُ، فَلَمَّا كَانَتْ لَيْلَةُ الْحَصْبَةِ أَرْسَلَ مَعِي عَبْدَ الرَّحْمَنِ إِلَى التَّنْعِيمِ، فَأَرْدَفَهَا، فَأَهَلَّتْ بِعُمْرَةٍ مَكَانَ عُمْرَتِهَا، فَقَضَى اللَّهُ حَجَّهَا وَعُمْرَتَهَا، وَلَمْ يَكُنْ فِي شَىْءٍ مِنْ ذَلِكَ هَدْىٌ، وَلاَ صَدَقَةٌ، وَلاَ صَوْمٌ‏.‏","english":{"narrator":"Narrated `Aisha:","text":"We set out with Allah's Messenger (ﷺ) shortly before the appearance of the new moon of Dhi-l-Hijja and he \nsaid, \"Whoever wants to assume Ihram for `Umra may do so, and whoever wants to assume Ihram for \nHajj may do so. Had not I brought the Hadi with me, I would have assumed Ihram for `Umra.\" Some \nof the people assumed Ihram for `Umra while others for Hajj. I was amongst those who had assumed \nIhram for `Umra. I got my menses before entering Mecca, and was menstruating till the day of \n`Arafat. I complained to Allah's Messenger (ﷺ) about it, he said, \"Abandon your `Umra, undo and comb your \nhair, and assume Ihram for Hajj.\" So, I did that accordingly. When it was the night of Hasba (day of \ndeparture from Mina), the Prophet (ﷺ) sent `Abdur Rahman with me to at-Tan`im. \nThe sub-narrator adds: He (`Abdur-Rahman) let her ride behind him. And she assumed Ihram for \n`Umra in lieu of the abandoned one. Aisha completed her Hajj and `Umra, and no Hadi, Sadaqa \n(charity), or fasting was obligatory for her."}},{"id":14,"idInBook":14,"chapterId":26,"bookId":1,"arabic":"حَدَّثَنَا مُسَدَّدٌ، حَدَّثَنَا يَزِيدُ بْنُ زُرَيْعٍ، حَدَّثَنَا ابْنُ عَوْنٍ، عَنِ الْقَاسِمِ بْنِ مُحَمَّدٍ، وَعَنِ ابْنِ عَوْنٍ، عَنْ إِبْرَاهِيمَ، عَنِ الأَسْوَدِ، قَالاَ قَالَتْ عَائِشَةُ ـ رضى الله عنها ـ يَا رَسُولَ اللَّهِ يَصْدُرُ النَّاسُ بِنُسُكَيْنِ وَأَصْدُرُ بِنُسُكٍ فَقِيلَ لَهَا ‏\n\"‏ انْتَظِرِي، فَإِذَا طَهُرْتِ فَاخْرُجِي إِلَى التَّنْعِيمِ، فَأَهِلِّي ثُمَّ ائْتِينَا بِمَكَانِ كَذَا، وَلَكِنَّهَا عَلَى قَدْرِ نَفَقَتِكِ، أَوْ نَصَبِكِ ‏\"‏‏.‏","english":{"narrator":"Narrated Al-Aswad:","text":"That `Aisha said, \"O Allah's Messenger (ﷺ)! The people are returning after performing the two Nusuks (i.e. \nHajj and `Umra) but I am returning with one only?\" He said, \"Wait till you become clean from your \nmenses and then go to at-Tan`im, assume Ihram (and after performing `Umra) join us at such-andsuch \na place. But it (i.e. the reward if `Umra) is according to your expenses or the hardship (which you \nwill undergo while performing it)."}},{"id":15,"idInBook":15,"chapterId":26,"bookId":1,"arabic":"حَدَّثَنَا أَبُو نُعَيْمٍ، حَدَّثَنَا أَفْلَحُ بْنُ حُمَيْدٍ، عَنِ الْقَاسِمِ، عَنْ عَائِشَةَ ـ رضى الله عنها ـ قَالَتْ خَرَجْنَا مُهِلِّينَ بِالْحَجِّ فِي أَشْهُرِ الْحَجِّ، وَحُرُمِ الْحَجِّ، فَنَزَلْنَا سَرِفَ، فَقَالَ النَّبِيُّ صلى الله عليه وسلم لأَصْحَابِهِ ‏\"‏ مَنْ لَمْ يَكُنْ مَعَهُ هَدْىٌ، فَأَحَبَّ أَنْ يَجْعَلَهَا عُمْرَةً، فَلْيَفْعَلْ وَمَنْ كَانَ مَعَهُ هَدْىٌ فَلاَ ‏\"‏‏.‏ وَكَانَ مَعَ النَّبِيِّ صلى الله عليه وسلم وَرِجَالٍ مِنْ أَصْحَابِهِ ذَوِي قُوَّةٍ الْهَدْىُ، فَلَمْ تَكُنْ لَهُمْ عُمْرَةً، فَدَخَلَ عَلَىَّ النَّبِيُّ صلى الله عليه وسلم وَأَنَا أَبْكِي فَقَالَ ‏\"‏ مَا يُبْكِيكِ ‏\"‏‏.‏ قُلْتُ سَمِعْتُكَ تَقُولُ لأَصْحَابِكَ مَا قُلْتَ فَمُنِعْتُ الْعُمْرَةَ‏.‏ قَالَ ‏\"‏ وَمَا شَأْنُكِ ‏\"‏‏.‏ قُلْتُ لاَ أُصَلِّي‏.‏ قَالَ ‏\"‏ فَلاَ يَضُرَّكِ أَنْتِ مِنْ بَنَاتِ آدَمَ، كُتِبَ عَلَيْكِ مَا كُتِبَ عَلَيْهِنَّ، فَكُونِي فِي حَجَّتِكِ عَسَى اللَّهُ أَنْ يَرْزُقَكِهَا ‏\"‏‏.‏ قَالَتْ فَكُنْتُ حَتَّى نَفَرْنَا مِنْ مِنًى، فَنَزَلْنَا الْمُحَصَّبَ فَدَعَا عَبْدَ الرَّحْمَنِ، فَقَالَ ‏\"‏ اخْرُجْ بِأُخْتِكَ الْحَرَمَ، فَلْتُهِلَّ بِعُمْرَةٍ، ثُمَّ افْرُغَا مِنْ طَوَافِكُمَا، أَنْتَظِرْكُمَا هَا هُنَا ‏\"‏‏.‏ فَأَتَيْنَا فِي جَوْفِ اللَّيْلِ‏.‏ فَقَالَ ‏\"‏ فَرَغْتُمَا ‏\"‏‏.‏ قُلْتُ نَعَمْ‏.‏ فَنَادَى بِالرَّحِيلِ فِي أَصْحَابِهِ، فَارْتَحَلَ النَّاسُ، وَمَنْ طَافَ بِالْبَيْتِ، قَبْلَ صَلاَةِ الصُّبْحِ، ثُمَّ خَرَجَ مُوَجِّهًا إِلَى الْمَدِينَةِ‏.‏","english":{"narrator":"Narrated `Aisha:","text":"We set out assuming the Ihram for Hajj in the months of Hajj towards the sacred precincts of Hajj. We \ndismounted at Sarif and the Prophet (ﷺ) said to his companions, \"Whoever has not got the Hadi with him \nand likes to make it as `Umra, he should do it, but he who has got the Hadi with him should not do it.\" \nThe Prophet (ﷺ) and some of his wealthy companions had the Hadi with them, so they did not finish \nIhram after performing the `Umra. The Prophet (ﷺ) came to me while I was weeping. He asked me the \nreason for it. I replied, \"I have heard of what you have said to your companions and I cannot do the \n`Umra.\" He asked me, \"What is the matter with you?\" I replied, \"I am not praying.\" He said, \"There is \nno harm in it as you are one of the daughters of Adam and the same is written for you as for others. \nSo, you should perform Hajj and I hope that Allah will enable you to perform the `Umra as well.\" So, \nI carried on till we departed from Mina and halted at Al-Mahassab. The Prophet (ﷺ) called `Abdur- \nRahman and said, \"Go out of the sanctuary with your sister and let her assume Ihram for `Umra, and \nafter both of you have finished the Tawaf I will be waiting for you at this place.\" We came back at \nmidnight and the Prophet (ﷺ) asked us, \"Have you finished?\" I replied in the affirmative. He announced \nthe departure and the people set out for the journey and some of them had performed the Tawaf of the \nKa`ba before the morning prayer, and after that the Prophet (ﷺ) set out for Medina."}},{"id":16,"idInBook":16,"chapterId":26,"bookId":1,"arabic":"حَدَّثَنَا أَبُو نُعَيْمٍ، حَدَّثَنَا هَمَّامٌ، حَدَّثَنَا عَطَاءٌ، قَالَ حَدَّثَنِي صَفْوَانُ بْنُ يَعْلَى بْنِ أُمَيَّةَ يَعْنِي، عَنْ أَبِيهِ، أَنَّ رَجُلاً، أَتَى النَّبِيَّ صلى الله عليه وسلم وَهُوَ بِالْجِعْرَانَةِ وَعَلَيْهِ جُبَّةٌ وَعَلَيْهِ أَثَرُ الْخَلُوقِ أَوْ قَالَ صُفْرَةٍ فَقَالَ كَيْفَ تَأْمُرُنِي أَنْ أَصْنَعَ فِي عُمْرَتِي فَأَنْزَلَ اللَّهُ عَلَى النَّبِيِّ صلى الله عليه وسلم، فَسُتِرَ بِثَوْبٍ وَوَدِدْتُ أَنِّي قَدْ رَأَيْتُ النَّبِيَّ صلى الله عليه وسلم وَقَدْ أُنْزِلَ عَلَيْهِ الْوَحْىُ‏.‏ فَقَالَ عُمَرُ تَعَالَ أَيَسُرُّكَ أَنْ تَنْظُرَ إِلَى النَّبِيِّ صلى الله عليه وسلم وَقَدْ أَنْزَلَ اللَّهُ الْوَحْىَ قُلْتُ نَعَمْ‏.‏ فَرَفَعَ طَرَفَ الثَّوْبِ، فَنَظَرْتُ إِلَيْهِ لَهُ غَطِيطٌ وَأَحْسِبُهُ قَالَ كَغَطِيطِ الْبَكْرِ‏.‏ فَلَمَّا سُرِّيَ عَنْهُ قَالَ ‏\n\"‏ أَيْنَ السَّائِلُ عَنِ الْعُمْرَةِ اخْلَعْ عَنْكَ الْجُبَّةَ وَاغْسِلْ أَثَرَ الْخَلُوقِ عَنْكَ، وَأَنْقِ الصُّفْرَةَ، وَاصْنَعْ فِي عُمْرَتِكَ كَمَا تَصْنَعُ فِي حَجِّكِ ‏\"‏‏.‏","english":{"narrator":"Narrated Safwan bin Ya`la bin Umaiya from his father who said:","text":"\"A man came to the Prophet (ﷺ) while he was at Ji'rana. The man was wearing a cloak which had traces of \nKhaluq or Sufra (a kind of perfume). The man asked (the Prophet (ﷺ) ), 'What do you order me to perform \nin my `Umra?' So, Allah inspired the Prophet (ﷺ) divinely and he was screened by a place of cloth. I \nwished to see the Prophet (ﷺ) being divinely inspired. `Umar said to me, 'Come! Will you be pleased to \nlook at the Prophet (ﷺ) while Allah is inspiring him?' I replied in the affirmative. `Umar lifted one corner \nof the cloth and I looked at the Prophet (ﷺ) who was snoring. (The sub-narrator thought that he said: The \nsnoring was like that of a camel). When that state was over, the Prophet (ﷺ) asked, \"Where is the \nquestioner who asked about `Umra? Put off your cloak and wash away the traces of Khaluq from your \nbody and clean the Sufra (yellow color) and perform in your Umra what you perform in your Hajj (i.e. \nthe Tawaf round the Ka`ba and the Sa`i between Safa and Marwa). \""}},{"id":17,"idInBook":17,"chapterId":26,"bookId":1,"arabic":"حَدَّثَنَا عَبْدُ اللَّهِ بْنُ يُوسُفَ، أَخْبَرَنَا مَالِكٌ، عَنْ هِشَامِ بْنِ عُرْوَةَ، عَنْ أَبِيهِ، أَنَّهُ قَالَ قُلْتُ لِعَائِشَةَ ـ رضى الله عنها ـ زَوْجِ النَّبِيِّ صلى الله عليه وسلم وَأَنَا يَوْمَئِذٍ حَدِيثُ السِّنِّ أَرَأَيْتِ قَوْلَ اللَّهِ تَبَارَكَ وَتَعَالَى ‏{‏إِنَّ الصَّفَا وَالْمَرْوَةَ مِنْ شَعَائِرِ اللَّهِ فَمَنْ حَجَّ الْبَيْتَ أَوِ اعْتَمَرَ فَلاَ جُنَاحَ عَلَيْهِ أَنْ يَطَّوَّفَ بِهِمَا‏}‏ فَلاَ أُرَى عَلَى أَحَدٍ شَيْئًا أَنْ لاَ يَطَّوَّفَ بِهِمَا‏.‏ فَقَالَتْ عَائِشَةُ كَلاَّ، لَوْ كَانَتْ كَمَا تَقُولُ كَانَتْ فَلاَ جُنَاحَ عَلَيْهِ أَنْ لاَ يَطَّوَّفَ بِهِمَا‏.‏ إِنَّمَا أُنْزِلَتْ هَذِهِ الآيَةُ فِي الأَنْصَارِ كَانُوا يُهِلُّونَ لِمَنَاةَ، وَكَانَتْ مَنَاةُ حَذْوَ قُدَيْدٍ، وَكَانُوا يَتَحَرَّجُونَ أَنْ يَطُوفُوا بَيْنَ الصَّفَا وَالْمَرْوَةِ، فَلَمَّا جَاءَ الإِسْلاَمُ سَأَلُوا رَسُولَ اللَّهِ صلى الله عليه وسلم عَنْ ذَلِكَ، فَأَنْزَلَ اللَّهُ تَعَالَى ‏{‏إِنَّ الصَّفَا وَالْمَرْوَةَ مِنْ شَعَائِرِ اللَّهِ فَمَنْ حَجَّ الْبَيْتَ أَوِ اعْتَمَرَ فَلاَ جُنَاحَ عَلَيْهِ أَنْ يَطَّوَّفَ بِهِمَا‏}‏‏.‏ زَادَ سُفْيَانُ وَأَبُو مُعَاوِيَةَ عَنْ هِشَامٍ مَا أَتَمَّ اللَّهُ حَجَّ امْرِئٍ وَلاَ عُمْرَتَهُ لَمْ يَطُفْ بَيْنَ الصَّفَا وَالْمَرْوَةِ‏.‏","english":{"narrator":"Narrated Hisham Ibn `Urwa from his father who said:","text":"While I was a youngster, I asked `Aisha the wife of the Prophet. \"What about the meaning of the \nStatement of Allah; \n\"Verily! (the mountains) As-Safa and Al Marwa, are among the symbols of Allah. So, it is not \nharmful if those who perform Hajj or `Umra of the House (Ka`ba at Mecca) to perform the going \n(Tawaf) between them? (2.158) I understand (from that) that there is no harm if somebody does not \nperform the Tawaf between them.\" `Aisha replied, \"No, for if it were as you are saying, then the \nrecitation would have been like this: 'It is not harmful not to perform Tawaf between them.' This verse \nwas revealed in connection with the Ansar who used to assume the Ihram for the idol Manat which \nwas put beside a place called Qudaid and those people thought it not right to perform the Tawaf of As- \nSafa and Al-Marwa. When Islam came, they asked Allah's Messenger (ﷺ) about that, and Allah revealed:-- \n\"Verily! (the mountains) As-Safa and Al-Marwa Are among the symbols of Allah. So, it is not \nharmful of those who perform Hajj or `Umra of the House (Ka`ba at Mecca) to perform the going \n(Tawaf) between them.\" (2.158) Sufyan and Abu Muawiya added from Hisham (from `Aisha): \"The \nHajj or `Umra of the person who does not perform the going (Tawaf) between As-Safa and Al-Marwa \nis incomplete in Allah's sight."}},{"id":18,"idInBook":18,"chapterId":26,"bookId":1,"arabic":"حَدَّثَنَا إِسْحَاقُ بْنُ إِبْرَاهِيمَ، عَنْ جَرِيرٍ، عَنْ إِسْمَاعِيلَ، عَنْ عَبْدِ اللَّهِ بْنِ أَبِي أَوْفَى، قَالَ اعْتَمَرَ رَسُولُ اللَّهِ صلى الله عليه وسلم وَاعْتَمَرْنَا مَعَهُ فَلَمَّا دَخَلَ مَكَّةَ طَافَ وَطُفْنَا مَعَهُ، وَأَتَى الصَّفَا وَالْمَرْوَةَ وَأَتَيْنَاهَا مَعَهُ، وَكُنَّا نَسْتُرُهُ مِنْ أَهْلِ مَكَّةَ أَنْ يَرْمِيَهُ أَحَدٌ‏.‏ فَقَالَ لَهُ صَاحِبٌ لِي أَكَانَ دَخَلَ الْكَعْبَةَ قَالَ لاَ‏.‏ قَالَ فَحَدِّثْنَا مَا، قَالَ لِخَدِيجَةَ‏.‏ قَالَ ‏\n\"‏ بَشِّرُوا خَدِيجَةَ بِبَيْتٍ فِي الْجَنَّةِ مِنْ قَصَبٍ لاَ صَخَبَ فِيهِ وَلاَ نَصَبَ ‏\"‏‏.‏","english":{"narrator":"Narrated Isma`il:","text":"`Abdullah bin Abu `Aufa said: \"Allah's Messenger (ﷺ) performed `Umra and we too performed `Umra along \nwith him. When he entered Mecca he performed the Tawaf (of Ka`ba) and we too performed it along \nwith him, and then he came to the As-Safa and Al-Marwa (i.e. performed the Sai) and we also came to \nthem along with him. We were shielding him from the people of Mecca lest they may hit him with an \narrow.\" A friend of his asked him (i.e. `Abdullah bin `Aufa), \"Did the Prophet (ﷺ) enter the Ka`ba (during \nthat `Umra)?\" He replied in the negative. Then he said, \"What did he (the Prophet (ﷺ) ) say about \nKhadija?\" He (Abdullah bin `Aufa) said, \"(He said) 'Give Khadija the good tidings that she will have a \npalace made of Qasab in Paradise and there will be neither noise nor any trouble in it.\""}},{"id":19,"idInBook":19,"chapterId":26,"bookId":1,"arabic":"حَدَّثَنَا الْحُمَيْدِيُّ، حَدَّثَنَا سُفْيَانُ، عَنْ عَمْرِو بْنِ دِينَارٍ، قَالَ سَأَلْنَا ابْنَ عُمَرَ ـ رضى الله عنهما ـ عَنْ رَجُلٍ، طَافَ بِالْبَيْتِ فِي عُمْرَةٍ، وَلَمْ يَطُفْ بَيْنَ الصَّفَا وَالْمَرْوَةِ، أَيَأْتِي امْرَأَتَهُ فَقَالَ قَدِمَ النَّبِيُّ صلى الله عليه وسلم فَطَافَ بِالْبَيْتِ سَبْعًا، وَصَلَّى خَلْفَ الْمَقَامِ رَكْعَتَيْنِ، وَطَافَ بَيْنَ الصَّفَا وَالْمَرْوَةِ سَبْعًا، وَقَدْ كَانَ لَكُمْ فِي رَسُولِ اللَّهِ أُسْوَةٌ حَسَنَةٌ‏.‏ قَالَ وَسَأَلْنَا جَابِرَ بْنَ عَبْدِ اللَّهِ ـ رضى الله عنهما ـ فَقَالَ لاَ يَقْرَبَنَّهَا حَتَّى يَطُوفَ بَيْنَ الصَّفَا وَالْمَرْوَةِ‏.‏","english":{"narrator":"Narrated `Amr bin Dinar:","text":"We asked Ibn `Umar whether a man who had performed the Tawaf of the Ka`ba but had not \nperformed the Tawaf between As-Safa and Al-Marwa yet, was permitted to have sexual relation with \nhis wife. He replied, \"The Prophet (ﷺ) arrived (at Mecca) and circumambulated the Ka`ba seven times and \nthen offered a two rak`at prayer behind Maqam-lbrahim and then performed the going (Tawaf) \nbetween As-Safa and Al-Marwa (seven times) (and verily, in Allah's Messenger (ﷺ) you have a good \nexample.\" And we asked Jabir bin `Abdullah (the same question) and he replied, \"He should not go \nnear her till he has finished the going (Tawaf) between As-Safa and Al-Marwa.\""}},{"id":20,"idInBook":20,"chapterId":26,"bookId":1,"arabic":"حَدَّثَنَا مُحَمَّدُ بْنُ بَشَّارٍ، حَدَّثَنَا غُنْدَرٌ، حَدَّثَنَا شُعْبَةُ، عَنْ قَيْسِ بْنِ مُسْلِمٍ، عَنْ طَارِقِ بْنِ شِهَابٍ، عَنْ أَبِي مُوسَى الأَشْعَرِيِّ ـ رضى الله عنه ـ قَالَ قَدِمْتُ عَلَى النَّبِيِّ صلى الله عليه وسلم بِالْبَطْحَاءِ وَهُوَ مُنِيخٌ فَقَالَ ‏\"‏ أَحَجَجْتَ ‏\"‏‏.‏ قُلْتُ نَعَمْ‏.‏ قَالَ ‏\"‏ بِمَا أَهْلَلْتَ ‏\"‏‏.‏ قُلْتُ لَبَّيْكَ بِإِهْلاَلٍ كَإِهْلاَلِ النَّبِيِّ صلى الله عليه وسلم قَالَ ‏\"‏ أَحْسَنْتَ‏.‏ طُفْ بِالْبَيْتِ وَبِالصَّفَا وَالْمَرْوَةِ ثُمَّ أَحِلَّ ‏\"‏‏.‏ فَطُفْتُ بِالْبَيْتِ، وَبِالصَّفَا وَالْمَرْوَةِ، ثُمَّ أَتَيْتُ امْرَأَةً مِنْ قَيْسٍ، فَفَلَتْ رَأْسِي، ثُمَّ أَهْلَلْتُ بِالْحَجِّ‏.‏ فَكُنْتُ أُفْتِي بِهِ، حَتَّى كَانَ فِي خِلاَفَةِ عُمَرَ فَقَالَ إِنْ أَخَذْنَا بِكِتَابِ اللَّهِ فَإِنَّهُ يَأْمُرُنَا بِالتَّمَامِ، وَإِنْ أَخَذْنَا بِقَوْلِ النَّبِيِّ صلى الله عليه وسلم فَإِنَّهُ لَمْ يَحِلَّ حَتَّى يَبْلُغَ الْهَدْىُ مَحِلَّهُ‏.‏","english":{"narrator":"Narrated Abu Musa Al-Ash`ari:","text":"I came to the Prophet (ﷺ) at Al-Batha' while his camel was kneeling down and he asked me, \"Have you \nintended to perform the Hajj?\" I replied in the affirmative. He asked me, 'With what intention have \nyou assumed Ihram?\" I replied, \"I have assumed Ihram with the same intention as that of the Prophet. \nHe said, \"You have done well. Perform the Tawaf of the Ka`ba and (the Sai) between As-Safa and Al- \nMarwa and then finish the Ihram.\" So, I performed the Tawaf around the Ka`ba and the Sai) between \nAs-Safa and Al-Marwa and then went to a woman of the tribe of Qais who cleaned my head from lice. \nLater I assumed the Ihram for Hajj. I used to give the verdict of doing the same till the caliphate of \n`Umar who said, \"If you follow the Holy Book then it orders you to remain in the state of Ihram till \nyou finish from Hajj, if you follow the Prophet (ﷺ) then he did not finish his Ihram till the Hadi (sacrifice) \nhad reached its place of slaughtering (Hajj-al-Qiran)."}},{"id":21,"idInBook":21,"chapterId":26,"bookId":1,"arabic":"حَدَّثَنَا أَحْمَدُ بْنُ عِيسَى، حَدَّثَنَا ابْنُ وَهْبٍ، أَخْبَرَنَا عَمْرٌو، عَنْ أَبِي الأَسْوَدِ، أَنَّ عَبْدَ اللَّهِ، مَوْلَى أَسْمَاءَ بِنْتِ أَبِي بَكْرٍ حَدَّثَهُ أَنَّهُ، كَانَ يَسْمَعُ أَسْمَاءَ تَقُولُ كُلَّمَا مَرَّتْ بِالْحَجُونِ صَلَّى اللَّهُ عَلَى مُحَمَّدٍ لَقَدْ نَزَلْنَا مَعَهُ هَا هُنَا، وَنَحْنُ يَوْمَئِذٍ خِفَافٌ، قَلِيلٌ ظَهْرُنَا، قَلِيلَةٌ أَزْوَادُنَا، فَاعْتَمَرْتُ أَنَا وَأُخْتِي عَائِشَةُ وَالزُّبَيْرُ وَفُلاَنٌ وَفُلاَنٌ، فَلَمَّا مَسَحْنَا الْبَيْتَ أَحْلَلْنَا، ثُمَّ أَهْلَلْنَا مِنَ الْعَشِيِّ بِالْحَجِّ‏.‏","english":{"narrator":"Narrated Al-Aswad:","text":"`Abdullah the slave of Asma bint Abu Bakr, told me that he used to hear Asma', whenever she passed \nby Al-Hajun, saying, \"May Allah bless His Apostle Muhammad. Once we dismounted here with him, \nand at that time we were traveling with light luggage; we had a few riding animals and a little food \nration. I, my sister, `Aisha, Az-Zubair and such and such persons performed `Umra, and when we had \npassed our hands over the Ka`ba (i.e. performed Tawaf round the Ka`ba and between As-Safa and Al- \nMarwa) we finished our lhram. Later on we assumed Ihram for Hajj the same evening.\""}},{"id":22,"idInBook":22,"chapterId":26,"bookId":1,"arabic":"حَدَّثَنَا عَبْدُ اللَّهِ بْنُ يُوسُفَ، أَخْبَرَنَا مَالِكٌ، عَنْ نَافِعٍ، عَنْ عَبْدِ اللَّهِ بْنِ عُمَرَ ـ رضى الله عنهما ـ أَنَّ رَسُولَ اللَّهِ صلى الله عليه وسلم كَانَ إِذَا قَفَلَ مِنْ غَزْوٍ أَوْ حَجٍّ أَوْ عُمْرَةٍ يُكَبِّرُ عَلَى كُلِّ شَرَفٍ مِنَ الأَرْضِ ثَلاَثَ تَكْبِيرَاتٍ، ثُمَّ يَقُولُ ‏\n\"‏ لاَ إِلَهَ إِلاَّ اللَّهُ وَحْدَهُ لاَ شَرِيكَ لَهُ، لَهُ الْمُلْكُ، وَلَهُ الْحَمْدُ، وَهُوَ عَلَى كُلِّ شَىْءٍ قَدِيرٌ، آيِبُونَ تَائِبُونَ عَابِدُونَ سَاجِدُونَ لِرَبِّنَا حَامِدُونَ، صَدَقَ اللَّهُ وَعْدَهُ وَنَصَرَ عَبْدَهُ وَهَزَمَ الأَحْزَابَ وَحْدَهُ ‏\"‏‏.‏","english":{"narrator":"Narrated `Abdullah bin `Umar:","text":"Whenever Allah's Messenger (ﷺ) returned from a Ghazwa, Hajj or `Umra, he used to say Takbir thrice at \nevery elevation of the ground and then would say, \"None has the right to be worshipped but Allah; He \nis One and has no partner. All the kingdoms is for Him, and all the praises are for Him, and He is \nOmnipotent. We are returning with repentance, worshipping, prostrating, and praising our Lord. He \nhas kept up His promise and made His slave victorious, and He Alone defeated all the clans of (nonbelievers)."}},{"id":23,"idInBook":23,"chapterId":26,"bookId":1,"arabic":"حَدَّثَنَا مُعَلَّى بْنُ أَسَدٍ، حَدَّثَنَا يَزِيدُ بْنُ زُرَيْعٍ، حَدَّثَنَا خَالِدٌ، عَنْ عِكْرِمَةَ، عَنِ ابْنِ عَبَّاسٍ ـ رضى الله عنهما ـ قَالَ لَمَّا قَدِمَ النَّبِيُّ صلى الله عليه وسلم مَكَّةَ اسْتَقْبَلَتْهُ أُغَيْلِمَةُ بَنِي عَبْدِ الْمُطَّلِبِ، فَحَمَلَ وَاحِدًا بَيْنَ يَدَيْهِ وَآخَرَ خَلْفَهُ‏.‏","english":{"narrator":"Narrated Ibn `Abbas:","text":"When the Prophet (ﷺ) arrived at Mecca, some boys of the tribe of Bani `Abdul Muttalib went to receive \nhim, and the Prophet (ﷺ) made one of them ride in front of him and the other behind him."}},{"id":24,"idInBook":24,"chapterId":26,"bookId":1,"arabic":"حَدَّثَنَا أَحْمَدُ بْنُ الْحَجَّاجِ، حَدَّثَنَا أَنَسُ بْنُ عِيَاضٍ، عَنْ عُبَيْدِ اللَّهِ، عَنْ نَافِعٍ، عَنِ ابْنِ عُمَرَ ـ رضى الله عنهما ـ أَنَّ رَسُولَ اللَّهِ صلى الله عليه وسلم كَانَ إِذَا خَرَجَ إِلَى مَكَّةَ يُصَلِّي فِي مَسْجِدِ الشَّجَرَةِ، وَإِذَا رَجَعَ صَلَّى بِذِي الْحُلَيْفَةِ بِبَطْنِ الْوَادِي وَبَاتَ حَتَّى يُصْبِحَ‏.‏","english":{"narrator":"Narrated Ibn `Umar:","text":"Whenever Allah's Messenger (ﷺ) left for Mecca, he used to pray in the mosque of Ash-Shajra, and when he \nreturned (to Medina), he used to pray in the middle of the valley of Dhul-Hulaifa and used to pass the \nnight there till morning."}},{"id":25,"idInBook":25,"chapterId":26,"bookId":1,"arabic":"حَدَّثَنَا مُوسَى بْنُ إِسْمَاعِيلَ، حَدَّثَنَا هَمَّامٌ، عَنْ إِسْحَاقَ بْنِ عَبْدِ اللَّهِ بْنِ أَبِي طَلْحَةَ، عَنْ أَنَسٍ ـ رضى الله عنه ـ قَالَ كَانَ النَّبِيُّ صلى الله عليه وسلم لاَ يَطْرُقُ أَهْلَهُ، كَانَ لاَ يَدْخُلُ إِلاَّ غُدْوَةً أَوْ عَشِيَّةً‏.‏","english":{"narrator":"Narrated Anas:","text":"The Prophet (ﷺ) never returned to his family from a journey at night. He used to return either in the \nmorning or in the afternoon."}},{"id":26,"idInBook":26,"chapterId":26,"bookId":1,"arabic":"حَدَّثَنَا مُسْلِمُ بْنُ إِبْرَاهِيمَ، حَدَّثَنَا شُعْبَةُ، عَنْ مُحَارِبٍ، عَنْ جَابِرٍ ـ رضى الله عنه ـ قَالَ نَهَى النَّبِيُّ صلى الله عليه وسلم أَنْ يَطْرُقَ أَهْلَهُ لَيْلاً‏.‏","english":{"narrator":"Narrated Jabir:","text":"The Prophet (ﷺ) forbade going to one's family at night (on arrival from a journey)."}},{"id":27,"idInBook":27,"chapterId":26,"bookId":1,"arabic":"حَدَّثَنَا سَعِيدُ بْنُ أَبِي مَرْيَمَ، أَخْبَرَنَا مُحَمَّدُ بْنُ جَعْفَرٍ، قَالَ أَخْبَرَنِي حُمَيْدٌ، أَنَّهُ سَمِعَ أَنَسًا ـ رضى الله عنه ـ يَقُولُ كَانَ رَسُولُ اللَّهِ صلى الله عليه وسلم إِذَا قَدِمَ مِنْ سَفَرٍ، فَأَبْصَرَ دَرَجَاتِ الْمَدِينَةِ أَوْضَعَ نَاقَتَهُ، وَإِنْ كَانَتْ دَابَّةً حَرَّكَهَا‏.‏ قَالَ أَبُو عَبْدِ اللَّهِ زَادَ الْحَارِثُ بْنُ عُمَيْرٍ عَنْ حُمَيْدٍ حَرَّكَهَا مِنْ حُبِّهَا‏.‏ \nحَدَّثَنَا قُتَيْبَةُ، حَدَّثَنَا إِسْمَاعِيلُ، عَنْ حُمَيْدٍ، عَنْ أَنَسٍ، قَالَ جُدُرَاتٍ‏.‏ تَابَعَهُ الْحَارِثُ بْنُ عُمَيْرٍ‏.‏","english":{"narrator":"Narrated Humaid:","text":"Anas said, \"Whenever Allah's Messenger (ﷺ) returned from a journey, he, on seeing the high places of \nMedina, would make his she-camel proceed faster; and if it were another animal, even then he used to \nmake it proceed faster.\" \nNarrated Humaid that the Prophet (ﷺ) used to make it proceed faster out of his love for Medina.\n\n\nNarrated Anas:\n\nAs above, but mentioned \"the walls of Medina\" instead of \"the high places of Medina.\" Al-Harith bin `Umar agrees with Anas."}},{"id":28,"idInBook":28,"chapterId":26,"bookId":1,"arabic":"حَدَّثَنَا أَبُو الْوَلِيدِ، حَدَّثَنَا شُعْبَةُ، عَنْ أَبِي إِسْحَاقَ، قَالَ سَمِعْتُ الْبَرَاءَ ـ رضى الله عنه ـ يَقُولُ نَزَلَتْ هَذِهِ الآيَةُ فِينَا، كَانَتِ الأَنْصَارُ إِذَا حَجُّوا فَجَاءُوا لَمْ يَدْخُلُوا مِنْ قِبَلِ أَبْوَابِ بُيُوتِهِمْ، وَلَكِنْ مِنْ ظُهُورِهَا، فَجَاءَ رَجُلٌ مِنَ الأَنْصَارِ، فَدَخَلَ مِنْ قِبَلِ بَابِهِ، فَكَأَنَّهُ عُيِّرَ بِذَلِكَ، فَنَزَلَتْ ‏{‏وَلَيْسَ الْبِرُّ بِأَنْ تَأْتُوا الْبُيُوتَ مِنْ ظُهُورِهَا وَلَكِنَّ الْبِرَّ مَنِ اتَّقَى وَأْتُوا الْبُيُوتَ مِنْ أَبْوَابِهَا‏}‏‏.‏","english":{"narrator":"Narrated Abu 'Is-haq:","text":"I heard Al-Bara' saying, \"The above Verse was revealed regarding us, for the Ansar on returning from \nHajj never entered their houses through the proper doors but from behind. One of the Ansar came and \nentered through the door and he was taunted for it. Therefore, the following was revealed: -- \n\"It is not righteousness That you enter the houses from the back, But the righteous man is He who \nfears Allah, Obeys His order and keeps away from What He has forbidden So, enter houses through \nthe proper doors.\" (2.189)"}},{"id":29,"idInBook":29,"chapterId":26,"bookId":1,"arabic":"حَدَّثَنَا عَبْدُ اللَّهِ بْنُ مَسْلَمَةَ، حَدَّثَنَا مَالِكٌ، عَنْ سُمَىٍّ، عَنْ أَبِي صَالِحٍ، عَنْ أَبِي هُرَيْرَةَ ـ رضى الله عنه ـ عَنِ النَّبِيِّ صلى الله عليه وسلم قَالَ ‏\n\"‏ السَّفَرُ قِطْعَةٌ مِنَ الْعَذَابِ، يَمْنَعُ أَحَدَكُمْ طَعَامَهُ وَشَرَابَهُ وَنَوْمَهُ، فَإِذَا قَضَى نَهْمَتَهُ فَلْيُعَجِّلْ إِلَى أَهْلِهِ ‏\"‏‏.‏","english":{"narrator":"Narrated Abu Huraira:","text":"The Prophet (ﷺ) said, \"Traveling is a kind of torture as it prevents one from eating, drinking and sleeping \nproperly. So, when one's needs are fulfilled, one should return quickly to one's family.\""}},{"id":30,"idInBook":30,"chapterId":26,"bookId":1,"arabic":"حَدَّثَنَا سَعِيدُ بْنُ أَبِي مَرْيَمَ، أَخْبَرَنَا مُحَمَّدُ بْنُ جَعْفَرٍ، قَالَ أَخْبَرَنِي زَيْدُ بْنُ أَسْلَمَ، عَنْ أَبِيهِ، قَالَ كُنْتُ مَعَ عَبْدِ اللَّهِ بْنِ عُمَرَ ـ رضى الله عنهما ـ بِطَرِيقِ مَكَّةَ، فَبَلَغَهُ عَنْ صَفِيَّةَ بِنْتِ أَبِي عُبَيْدٍ شِدَّةُ وَجَعٍ فَأَسْرَعَ السَّيْرَ، حَتَّى كَانَ بَعْدَ غُرُوبِ الشَّفَقِ نَزَلَ، فَصَلَّى الْمَغْرِبَ وَالْعَتَمَةَ، جَمَعَ بَيْنَهُمَا، ثُمَّ قَالَ إِنِّي رَأَيْتُ النَّبِيَّ صلى الله عليه وسلم إِذَا جَدَّ بِهِ السَّيْرُ أَخَّرَ الْمَغْرِبَ، وَجَمَعَ بَيْنَهُمَا‏.‏","english":{"narrator":"Narrated Zaid bin Aslam from his father:","text":"I was with Ibn `Umar on the way to Mecca, and he got the news that Safiya bint Abu Ubaid was \nseriously ill. So, he hastened his pace, and when the twilight disappeared, he dismounted and offered \nthe Maghrib and `Isha' prayers together. Then he said, \"I saw that whenever the Prophet (ﷺ) had to hasten \nwhen traveling, he would delay the Maghrib prayer and join them together (i.e. offer the Maghrib and \nthe `Isha prayers together)."}}],"chapter":{"id":26,"bookId":1,"arabic":"كتاب العمرة","english":"`Umrah (Minor pilgrimage)"}}