{
  "metadata": {
    "length": 15,
    "arabic": {
      "title": "صحيح البخاري",
      "author": "الإمام محمد بن إسماعيل البخاري",
      "introduction": "كتاب المحصر"
    },
    "english": {
      "title": "Sahih al-Bukhari",
      "author": "Imam Muhammad ibn Ismail al-Bukhari",
      "introduction": "Pilgrims Prevented from Completing the Pilgrimage"
    }
  },
  "hadiths": [
    {
      "id": 1,
      "idInBook": 1,
      "chapterId": 27,
      "bookId": 1,
      "arabic": "حَدَّثَنَا عَبْدُ اللَّهِ بْنُ يُوسُفَ، أَخْبَرَنَا مَالِكٌ، عَنْ نَافِعٍ، أَنَّ عَبْدَ اللَّهِ بْنَ عُمَرَ ـ رضى الله عنهما ـ حِينَ خَرَجَ إِلَى مَكَّةَ مُعْتَمِرًا فِي الْفِتْنَةِ قَالَ إِنْ صُدِدْتُ عَنِ الْبَيْتِ صَنَعْتُ كَمَا صَنَعْنَا مَعَ رَسُولِ اللَّهِ صلى الله عليه وسلم‏.‏ فَأَهَلَّ بِعُمْرَةٍ، مِنْ أَجْلِ أَنَّ رَسُولَ اللَّهِ صلى الله عليه وسلم كَانَ أَهَلَّ بِعُمْرَةٍ عَامَ الْحُدَيْبِيَةِ‏.‏",
      "english": {
        "narrator": "Narrated Nafi`:",
        "text": "When `Abdullah bin `Umar set out for Mecca intending to perform Umra, at the time of afflictions, he \nsaid, \"If I should be prevented from reaching the Ka`ba, then I would do the same as Allah's Messenger (ﷺ) \ndid, so I assume the lhram for Umra as Allah's Messenger (ﷺ) assumed the Ihram for Umra in the year of \nHudaibiya.\""
      },
      "turkish": {
        "narrator": "Narrated Nafi`:",
        "text": "Nafi`'den rivayet edilmiştir: `Abdullah bin `Umar, Umre niyetiyle Mekke'ye doğru yola çıktığında, sıkıntılar zamanında, \"Eğer Kabe'ye ulaşmam engellenirse, o zaman Allah'ın Resulü (ﷺ) gibi yaparım,\" dedi. Bu yüzden, Hudaibiye yılında Allah'ın Resulü (ﷺ) Umre için ihram giydiği gibi, ben de Umre için ihram giyiyorum.\""
      }
    },
    {
      "id": 2,
      "idInBook": 2,
      "chapterId": 27,
      "bookId": 1,
      "arabic": "حَدَّثَنَا عَبْدُ اللَّهِ بْنُ مُحَمَّدِ بْنِ أَسْمَاءَ، حَدَّثَنَا جُوَيْرِيَةُ، عَنْ نَافِعٍ، أَنَّ عُبَيْدَ اللَّهِ بْنَ عَبْدِ اللَّهِ، وَسَالِمَ بْنَ عَبْدِ اللَّهِ، أَخْبَرَاهُ أَنَّهُمَا، كَلَّمَا عَبْدَ اللَّهِ بْنَ عُمَرَ ـ رضى الله عنهما ـ لَيَالِيَ نَزَلَ الْجَيْشُ بِابْنِ الزُّبَيْرِ فَقَالاَ لاَ يَضُرُّكَ أَنْ لاَ تَحُجَّ الْعَامَ، وَإِنَّا نَخَافُ أَنْ يُحَالَ بَيْنَكَ وَبَيْنَ الْبَيْتِ‏.‏ فَقَالَ خَرَجْنَا مَعَ رَسُولِ اللَّهِ صلى الله عليه وسلم فَحَالَ كُفَّارُ قُرَيْشٍ دُونَ الْبَيْتِ، فَنَحَرَ النَّبِيُّ صلى الله عليه وسلم هَدْيَهُ، وَحَلَقَ رَأْسَهُ، وَأُشْهِدُكُمْ أَنِّي قَدْ أَوْجَبْتُ الْعُمْرَةَ، إِنْ شَاءَ اللَّهُ أَنْطَلِقُ، فَإِنْ خُلِّيَ بَيْنِي وَبَيْنَ الْبَيْتِ طُفْتُ، وَإِنْ حِيلَ بَيْنِي وَبَيْنَهُ فَعَلْتُ كَمَا فَعَلَ النَّبِيُّ صلى الله عليه وسلم وَأَنَا مَعَهُ‏.‏ فَأَهَلَّ بِالْعُمْرَةِ مِنْ ذِي الْحُلَيْفَةِ، ثُمَّ سَارَ سَاعَةً، ثُمَّ قَالَ ‏\n\"‏ إِنَّمَا شَأْنُهُمَا وَاحِدٌ، أُشْهِدُكُمْ أَنِّي قَدْ أَوْجَبْتُ حَجَّةً مَعَ عُمْرَتِي ‏\"‏‏.‏ فَلَمْ يَحِلَّ مِنْهُمَا حَتَّى حَلَّ يَوْمَ النَّحْرِ، وَأَهْدَى، وَكَانَ يَقُولُ لاَ يَحِلُّ حَتَّى يَطُوفَ طَوَافًا وَاحِدًا يَوْمَ يَدْخُلُ مَكَّةَ‏.‏",
      "english": {
        "narrator": "Narrated Nafi`:",
        "text": "That Ubaidullah bin `Abdullah and Salim bin `Abdullah informed him that they told Ibn `Umar when \nIbn Az-Zubair was attacked by the army, saying \"There is no harm for you if you did not perform Hajj \nthis year. We are afraid that you may be prevented from reaching the Ka`ba.\" Ibn `Umar said \"We set \nout with Allah's Messenger (ﷺ) and the non-believers of Quraish prevented us from reaching the Ka`ba, and \nso the Prophet (ﷺ) slaughtered his Hadi and got his head shaved.\" Ibn `Umar added, \"I make you \nwitnesses that I have made `Umra obligatory for me. And, Allah willing, I will go and then if the way \nto Ka`ba is clear, I will perform the Tawaf, but if I am prevented from going to the Ka`ba then I will \ndo the same as the Prophet (ﷺ) did while I was in his company.\" Ibn `Umar then assumed Ihram for Umra \nfrom Dhul-Hulaifa and proceeded for a while and said, \"The conditions of `Umra and Hajj are similar \nand I make you witnesses that I have made `Umra and Hajj obligatory for myself.\" So, he did not \nfinish the Ihram till the day of Nahr (slaughtering) came, and he slaughtered his Hadi. He used to say, \n\"I will not finish the Ihram till I perform the Tawaf, one Tawaf on the day of entering Mecca (i.e. of \nSafa and Marwa for both `Umra and Hajj)."
      },
      "turkish": {
        "narrator": "Narrated Nafi`:",
        "text": "Nafi`'den rivayet edilmiştir: Ubaidullah bin `Abdullah ve Salim bin `Abdullah, İbn `Umar'a, İbn Az-Zubair ordunun saldırısına uğradığında, \"Bu yıl Hac yapmasan sana bir zarar yok. Kabe'ye ulaşamamanızdan korkuyoruz,\" dediklerinde, İbn `Umar şöyle dedi: \"Biz, Allah'ın Resulü (ﷺ) ile birlikte yola çıktık ve Kureyş'in kafirleri Kabe'ye ulaşmamıza engel oldular. Bunun üzerine Peygamber (ﷺ) Hadi'sini kesip başını traş etti.\" İbn `Umar ekledi: \"Sizi şahit tutuyorum ki, Umre'yi kendime farz kıldım. İnşallah gideceğim ve eğer Kabe'ye giden yol açıksa, tavaf yapacağım; ama eğer Kabe'ye gitmem engellenirse, o zaman Peygamber (ﷺ) ile birlikte bulunduğum zaman yaptığı gibi yapacağım.\" İbn `Umar, Dhul-Hulaifa'dan Umre için ihram giydi ve bir süre ilerledikten sonra, \"Umre ve Hac şartları birbirine benzer ve sizi şahit tutuyorum ki, kendime Umre ve Hac'ı farz kıldım,\" dedi. Böylece, Nahr (kurban kesme) günü gelene kadar ihramını tamamlamadı ve Hadi'sini kesti. \"Tavaf yapmadan ihramımı tamamlamayacağım, Mekke'ye girdiğim gün bir tavaf yapacağım (yani Umre ve Hac için Safa ve Merve arasında).\""
      }
    },
    {
      "id": 3,
      "idInBook": 3,
      "chapterId": 27,
      "bookId": 1,
      "arabic": "حَدَّثَنِي مُوسَى بْنُ إِسْمَاعِيلَ، حَدَّثَنَا جُوَيْرِيَةُ، عَنْ نَافِعٍ، أَنَّ بَعْضَ بَنِي عَبْدِ اللَّهِ، قَالَ لَهُ لَوْ أَقَمْتَ‏.‏ بِهَذَا‏.‏",
      "english": {
        "narrator": "Narrated Nafi`:",
        "text": "Some of the sons of `Abdullah told him (i.e. `Abdullah) if he had stayed (and not performed Hajj that \nyear)."
      },
      "turkish": {
        "narrator": "Narrated Nafi`:",
        "text": "Nafi`'den rivayet edilmiştir: `Abdullah'ın bazı oğulları ona, o yıl Hac yapmaması durumunda kalıp kalmadığını söylediler."
      }
    },
    {
      "id": 4,
      "idInBook": 4,
      "chapterId": 27,
      "bookId": 1,
      "arabic": "حَدَّثَنَا مُحَمَّدٌ، قَالَ حَدَّثَنَا يَحْيَى بْنُ صَالِحٍ، حَدَّثَنَا مُعَاوِيَةُ بْنُ سَلاَّمٍ، حَدَّثَنَا يَحْيَى بْنُ أَبِي كَثِيرٍ، عَنْ عِكْرِمَةَ، قَالَ قَالَ ابْنُ عَبَّاسٍ ـ رضى الله عنهما ـ قَدْ أُحْصِرَ رَسُولُ اللَّهِ صلى الله عليه وسلم فَحَلَقَ رَأْسَهُ وَجَامَعَ نِسَاءَهُ، وَنَحَرَ هَدْيَهُ، حَتَّى اعْتَمَرَ عَامًا قَابِلاً‏.‏",
      "english": {
        "narrator": "Narrated Ibn `Abbas:",
        "text": "Allah's Messenger (ﷺ) was prevented from performing (`Umra) Therefore, he shaved his head and had sexual \nrelations with his wives and slaughtered his Hadi and performed Umra in the following year."
      },
      "turkish": {
        "narrator": "Narrated Ibn `Abbas:",
        "text": "İbn `Abbas'tan rivayet edilmiştir: Allah'ın Resulü (ﷺ) Umre yapmaktan alıkonuldu. Bu yüzden başını traş etti, eşleriyle cinsel ilişkiye girdi, Hadi'sini kesti ve bir sonraki yıl Umre yaptı."
      }
    },
    {
      "id": 5,
      "idInBook": 5,
      "chapterId": 27,
      "bookId": 1,
      "arabic": "حَدَّثَنَا أَحْمَدُ بْنُ مُحَمَّدٍ، أَخْبَرَنَا عَبْدُ اللَّهِ، أَخْبَرَنَا يُونُسُ، عَنِ الزُّهْرِيِّ، قَالَ أَخْبَرَنِي سَالِمٌ، قَالَ كَانَ ابْنُ عُمَرَ ـ رضى الله عنهما ـ يَقُولُ أَلَيْسَ حَسْبُكُمْ سُنَّةَ رَسُولِ اللَّهِ صلى الله عليه وسلم، إِنْ حُبِسَ أَحَدُكُمْ عَنِ الْحَجِّ طَافَ بِالْبَيْتِ وَبِالصَّفَا وَالْمَرْوَةِ، ثُمَّ حَلَّ مِنْ كُلِّ شَىْءٍ، حَتَّى يَحُجَّ عَامًا قَابِلاً، فَيُهْدِي أَوْ يَصُومُ، إِنْ لَمْ يَجِدْ هَدْيًا‏.‏ وَعَنْ عَبْدِ اللَّهِ، أَخْبَرَنَا مَعْمَرٌ، عَنِ الزُّهْرِيِّ، قَالَ حَدَّثَنِي سَالِمٌ، عَنِ ابْنِ عُمَرَ، نَحْوَهُ‏.‏",
      "english": {
        "narrator": "Narrated Salim:",
        "text": "(Abdullah) bin `Umar used to say, \"Is not (the following of) the tradition of Allah's Messenger (ﷺ) sufficient \nfor you? If anyone of you is prevented from performing Hajj, he should perform the Tawaf of the \nKa`ba and between As-Safa and Al-Marwa and then finish the Ihram and everything will become \nlegal for him which was illegal for him (during the state of Ihram) and he can perform Hajj in a \nfollowing year and he should slaughter a Hadi or fast in case he cannot afford the Hadi.\""
      },
      "turkish": {
        "narrator": "Narrated Salim:",
        "text": "Salim'den rivayet edilmiştir: (Abdullah) bin `Umar şöyle derdi: \"Allah'ın Resulü (ﷺ) sünnetine uymak sizin için yeterli değil mi? Eğer aranızdan biri Hac yapmaktan alıkonulursa, Kabe'nin tavafını yapmalı ve Safa ile Merve arasında gidip gelmeli, sonra ihramı tamamlamalı ve ihramda iken kendisine haram olan her şey ona helal olur. Hac'ı bir sonraki yıl yapabilir ve eğer Hadi'yi kesmeye gücü yetmiyorsa oruç tutmalı.\""
      }
    },
    {
      "id": 6,
      "idInBook": 6,
      "chapterId": 27,
      "bookId": 1,
      "arabic": "حَدَّثَنَا مَحْمُودٌ، حَدَّثَنَا عَبْدُ الرَّزَّاقِ، أَخْبَرَنَا مَعْمَرٌ، عَنِ الزُّهْرِيِّ، عَنْ عُرْوَةَ، عَنِ الْمِسْوَرِ ـ رضى الله عنه ـ أَنَّ رَسُولَ اللَّهِ صلى الله عليه وسلم نَحَرَ قَبْلَ أَنْ يَحْلِقَ، وَأَمَرَ أَصْحَابَهُ بِذَلِكَ‏.‏",
      "english": {
        "narrator": "Narrated Al-Miswar:",
        "text": "Allah's Messenger (ﷺ) slaughtered (the Hadi) before he had his head shaved and then he ordered his \nCompanions to do the same."
      },
      "turkish": {
        "narrator": "Narrated Al-Miswar:",
        "text": "Al-Miswar'dan rivayet edilmiştir: Allah'ın Resulü (ﷺ) başını traş ettirmeden önce Hadi'yi kesti ve ardından arkadaşlarına da aynı şeyi yapmalarını emretti."
      }
    },
    {
      "id": 7,
      "idInBook": 7,
      "chapterId": 27,
      "bookId": 1,
      "arabic": "حَدَّثَنَا مُحَمَّدُ بْنُ عَبْدِ الرَّحِيمِ، أَخْبَرَنَا أَبُو بَدْرٍ، شُجَاعُ بْنُ الْوَلِيدِ عَنْ عُمَرَ بْنِ مُحَمَّدٍ الْعُمَرِيِّ، قَالَ وَحَدَّثَ نَافِعٌ، أَنَّ عَبْدَ اللَّهِ، وَسَالِمًا، كَلَّمَا عَبْدَ اللَّهِ بْنَ عُمَرَ ـ رضى الله عنهما ـ فَقَالَ خَرَجْنَا مَعَ النَّبِيِّ صلى الله عليه وسلم مُعْتَمِرِينَ، فَحَالَ كُفَّارُ قُرَيْشٍ دُونَ الْبَيْتِ، فَنَحَرَ رَسُولُ اللَّهِ صلى الله عليه وسلم بُدْنَهُ، وَحَلَقَ رَأْسَهُ‏.‏",
      "english": {
        "narrator": "Narrated Nafi`:",
        "text": "That `Abdullah and Salim said to `Abdullah bin `Umar, \"(You should not go for Hajj this year).\" \n`Abdullah bin `Umar replied, \"We set out with the Prophet (to Mecca for performing `Umra) and the \ninfidels of Quraish prevented us from reaching the Ka`ba. Allah's Messenger (ﷺ) slaughtered his Budn \n(camels for sacrifice) and got his head shaved.\""
      },
      "turkish": {
        "narrator": "Narrated Nafi`:",
        "text": "Nafi`'den rivayet edilmiştir: `Abdullah ve Salim, `Abdullah bin `Umar'a, \"(Bu yıl Hac'a gitmemelisin)\" dediler. `Abdullah bin `Umar şöyle cevap verdi: \"Biz Peygamber ile (Umre yapmak için Mekke'ye) yola çıktık ve Kureyş'in kafirleri Kabe'ye ulaşmamıza engel oldular. Allah'ın Resulü (ﷺ) Hadi'sini kesti ve başını traş etti.\""
      }
    },
    {
      "id": 8,
      "idInBook": 8,
      "chapterId": 27,
      "bookId": 1,
      "arabic": "حَدَّثَنَا إِسْمَاعِيلُ، قَالَ حَدَّثَنِي مَالِكٌ، عَنْ نَافِعٍ، أَنَّ عَبْدَ اللَّهِ بْنَ عُمَرَ ـ رضى الله عنهما ـ قَالَ حِينَ خَرَجَ إِلَى مَكَّةَ مُعْتَمِرًا فِي الْفِتْنَةِ إِنْ صُدِدْتُ عَنِ الْبَيْتِ صَنَعْنَا كَمَا صَنَعْنَا مَعَ رَسُولِ اللَّهِ صلى الله عليه وسلم فَأَهَلَّ بِعُمْرَةٍ، مِنْ أَجْلِ أَنَّ النَّبِيَّ صلى الله عليه وسلم كَانَ أَهَلَّ بِعُمْرَةٍ عَامَ الْحُدَيْبِيَةِ، ثُمَّ إِنَّ عَبْدَ اللَّهِ بْنَ عُمَرَ نَظَرَ فِي أَمْرِهِ فَقَالَ مَا أَمْرُهُمَا إِلاَّ وَاحِدٌ‏.‏ فَالْتَفَتَ إِلَى أَصْحَابِهِ فَقَالَ مَا أَمْرُهُمَا إِلاَّ وَاحِدٌ، أُشْهِدُكُمْ أَنِّي قَدْ أَوْجَبْتُ الْحَجَّ مَعَ الْعُمْرَةِ، ثُمَّ طَافَ لَهُمَا طَوَافًا وَاحِدًا، وَرَأَى أَنَّ ذَلِكَ مُجْزِيًا عَنْهُ، وَأَهْدَى‏.‏",
      "english": {
        "narrator": "Narrated Nafi`:",
        "text": "When `Abdullah bin `Umar set out for Mecca with the intentions performing `Umra in the period of \nafflictions, he said, \"If I should be prevented from reaching the Ka`ba, then I would do the same as we \ndid while in the company of Allah's Messenger (ﷺ) .\" So, he assumed the Ihram for `Umra since the Prophet (ﷺ) \nhad assumed the Ihram for `Umra in the year of Al-Hudaibiya. Then `Abdullah bin `Umar thought \nabout it and said, \"The conditions for both Hajj and `Umra are similar.\" He then turned towards his \ncompanions and said, \"The conditions of both Hajj and `Umra are similar and I make you witnesses \nthat I have made the performance of Hajj obligatory for myself along with `Umra.\" He then performed \none Tawaf (between As-Safa and Al-Marwa) for both of them (i.e. Hajj and (`Umra) and considered \nthat to be sufficient for him and offered a Hadi."
      },
      "turkish": {
        "narrator": "Narrated Nafi`:",
        "text": "Nafi`'den rivayet edilmiştir: `Abdullah bin `Umar, sıkıntılar döneminde Umre niyetiyle Mekke'ye doğru yola çıktığında, \"Eğer Kabe'ye ulaşmam engellenirse, o zaman Allah'ın Resulü (ﷺ) ile birlikte bulunduğumuz zaman yaptığımız gibi yaparım,\" dedi. Bu yüzden, Hudaibiye yılında Peygamber (ﷺ) Umre için ihram giydiği gibi, o da Umre için ihram giydi. Sonra `Abdullah bin `Umar bunu düşündü ve \"Hac ve Umre şartları birbirine benzer,\" dedi. Sonra arkadaşlarına döndü ve \"Hac ve Umre şartları birbirine benzer ve sizi şahit tutuyorum ki, Hac'ı kendime farz kıldım,\" dedi. Sonra her ikisi için (yani Hac ve Umre için) bir tavaf yaptı ve bunu kendisi için yeterli gördü ve bir Hadi sundu."
      }
    },
    {
      "id": 9,
      "idInBook": 9,
      "chapterId": 27,
      "bookId": 1,
      "arabic": "حَدَّثَنَا عَبْدُ اللَّهِ بْنُ يُوسُفَ، أَخْبَرَنَا مَالِكٌ، عَنْ حُمَيْدِ بْنِ قَيْسٍ، عَنْ مُجَاهِدٍ، عَنْ عَبْدِ الرَّحْمَنِ بْنِ أَبِي لَيْلَى، عَنْ كَعْبِ بْنِ عُجْرَةَ ـ رضى الله عنه ـ عَنْ رَسُولِ اللَّهِ صلى الله عليه وسلم أَنَّهُ قَالَ ‏\"‏ لَعَلَّكَ آذَاكَ هَوَامُّكَ ‏\"‏‏.‏ قَالَ نَعَمْ يَا رَسُولَ اللَّهِ‏.‏ فَقَالَ رَسُولُ اللَّهِ صلى الله عليه وسلم ‏\"‏ احْلِقْ رَأْسَكَ وَصُمْ ثَلاَثَةَ أَيَّامٍ، أَوْ أَطْعِمْ سِتَّةَ مَسَاكِينَ، أَوِ انْسُكْ بِشَاةٍ ‏\"‏‏.‏",
      "english": {
        "narrator": "Narrated `Abdur-Rahman bin Abu Layla:",
        "text": "Ka`b bin 'Ujra said that Allah's Messenger (ﷺ) said to him (Ka`b), \"Perhaps your lice have troubled you?\" \nKa`b replied, \"Yes! O Allah's Messenger (ﷺ).\" Allah's Messenger (ﷺ) said, \"Have your head shaved and then either \nfast three days or feed six poor persons or slaughter one sheep as a sacrifice.\""
      },
      "turkish": {
        "narrator": "Narrated `Abdur-Rahman bin Abu Layla:",
        "text": "Abdur-Rahman bin Abu Layla'dan rivayet edilmiştir: Ka'b bin 'Ujra, Allah'ın Resulü (ﷺ) ona, \"Belki bitlerin seni rahatsız etti?\" dedi. Ka'b, \"Evet! Ey Allah'ın Resulü (ﷺ),\" diye cevap verdi. Allah'ın Resulü (ﷺ) \"Başını traş ettir ve sonra ya üç gün oruç tut ya da altı fakiri doyur ya da bir koyun kes,\" dedi."
      }
    },
    {
      "id": 10,
      "idInBook": 10,
      "chapterId": 27,
      "bookId": 1,
      "arabic": "حَدَّثَنَا أَبُو نُعَيْمٍ، حَدَّثَنَا سَيْفٌ، قَالَ حَدَّثَنِي مُجَاهِدٌ، قَالَ سَمِعْتُ عَبْدَ الرَّحْمَنِ بْنَ أَبِي لَيْلَى، أَنَّ كَعْبَ بْنَ عُجْرَةَ، حَدَّثَهُ قَالَ وَقَفَ عَلَىَّ رَسُولُ اللَّهِ صلى الله عليه وسلم بِالْحُدَيْبِيَةِ، وَرَأْسِي يَتَهَافَتُ قَمْلاً فَقَالَ ‏\"‏ يُؤْذِيكَ هَوَامُّكَ ‏\"‏‏.‏ قُلْتُ نَعَمْ‏.‏ قَالَ ‏\"‏ فَاحْلِقْ رَأْسَكَ ـ أَوْ قَالَ ـ احْلِقْ ‏\"‏‏.‏ قَالَ فِيَّ نَزَلَتْ هَذِهِ الآيَةُ ‏{‏فَمَنْ كَانَ مِنْكُمْ مَرِيضًا أَوْ بِهِ أَذًى مِنْ رَأْسِهِ‏}‏ إِلَى آخِرِهَا‏.‏ فَقَالَ النَّبِيُّ صلى الله عليه وسلم ‏\"‏ صُمْ ثَلاَثَةَ أَيَّامٍ، أَوْ تَصَدَّقْ بِفَرَقٍ بَيْنَ سِتَّةٍ، أَوِ انْسُكْ بِمَا تَيَسَّرَ ‏\"‏‏.‏",
      "english": {
        "narrator": "Narrated Ka`b bin `Umra:",
        "text": "Allah's Messenger (ﷺ) stood beside me at Al-Hudaibiya and the lice were falling from my head in great \nnumber. He asked me, \"Have your lice troubled you?\" I replied in the affirmative. He ordered me to \nget my head shaved. Ka`b added, \"This Holy Verse:--'And if any of you is ill, or has ailment in his \nscalp (2.196), etc. was revealed regarding me. \"The Prophet (ﷺ) then ordered me either to fast three days, \nor to feed six poor persons with one Faraq (three Sas) (of dates), or to slaughter a sheep, etc. \n(sacrifice) whatever was available."
      },
      "turkish": {
        "narrator": "Narrated Ka`b bin `Umra:",
        "text": "Ka'b bin `Umra'dan rivayet edilmiştir: Allah'ın Resulü (ﷺ) Al-Hudaibiya'da yanımda durdu ve bitler başımdan büyük bir sayıda düşüyordu. O bana, \"Bitlerin seni rahatsız etti mi?\" diye sordu. Ben de olumlu cevap verdim. O, başımı traş ettirmemi emretti. Ka'b ekledi: \"Bu Ayet:--'Eğer sizden biri hasta ise veya başında bir rahatsızlık varsa (2.196), vb. benimle ilgili olarak indirildi.\" Peygamber (ﷺ) bana ya üç gün oruç tutmamı ya da altı fakiri bir Faraq (üç Sa) (hurma) ile doyurmamı ya da bir koyun kesmemi emretti, vb. ne varsa."
      }
    },
    {
      "id": 11,
      "idInBook": 11,
      "chapterId": 27,
      "bookId": 1,
      "arabic": "حَدَّثَنَا أَبُو الْوَلِيدِ، حَدَّثَنَا شُعْبَةُ، عَنْ عَبْدِ الرَّحْمَنِ بْنِ الأَصْبِهَانِيِّ، عَنْ عَبْدِ اللَّهِ بْنِ مَعْقِلٍ، قَالَ جَلَسْتُ إِلَى كَعْبِ بْنِ عُجْرَةَ ـ رضى الله عنه ـ فَسَأَلْتُهُ عَنِ الْفِدْيَةِ، فَقَالَ نَزَلَتْ فِيَّ خَاصَّةً، وَهْىَ لَكُمْ عَامَّةً، حُمِلْتُ إِلَى رَسُولِ اللَّهِ صلى الله عليه وسلم وَالْقَمْلُ يَتَنَاثَرُ عَلَى وَجْهِي فَقَالَ ‏\"‏ مَا كُنْتُ أُرَى الْوَجَعَ بَلَغَ بِكَ مَا أَرَى أَوْ مَا كُنْتُ أُرَى الْجَهْدَ بَلَغَ بِكَ مَا أَرَى، تَجِدُ شَاةً ‏\"‏‏.‏ فَقُلْتُ لاَ‏.‏ فَقَالَ ‏\"‏ فَصُمْ ثَلاَثَةَ أَيَّامٍ، أَوْ أَطْعِمْ سِتَّةَ مَسَاكِينَ، لِكُلِّ مِسْكِينٍ نِصْفَ صَاعٍ ‏\"‏‏.‏",
      "english": {
        "narrator": "Narrated `Abdullah bin Ma'qal:",
        "text": "I sat with Ka`b bin 'Ujra and asked him about the Fidya. He replied, \"This revelation was revealed \nconcerning my case especially, but it is also for you in general. I was carried to Allah's Messenger (ﷺ) and \nthe lice were falling in great number on my face. The Prophet (ﷺ) said, \"I have never thought that your \nailment (or struggle) has reached to such an extent as I see. Can you afford a sheep?\" I replied in the \nnegative. He then said, \"Fast for three days, or feed six poor persons each with half a Sa of food.\" (1 \nSa = 3 Kilograms approx.)"
      },
      "turkish": {
        "narrator": "Narrated `Abdullah bin Ma'qal:",
        "text": "`Abdullah bin Ma'qal'den rivayet edilmiştir: Ben Ka'b bin 'Ujra ile oturdum ve ona Fidya hakkında sordum. O, \"Bu vahiy benim durumumla ilgili olarak özel olarak indirildi, ama genel olarak da sizin için geçerlidir,\" dedi. Allah'ın Resulü (ﷺ) yanımda iken, bitler yüzümden büyük bir sayıda düşüyordu. Peygamber (ﷺ) \"Senin rahatsızlığının (veya sıkıntının) bu kadar ilerlediğini hiç düşünmemiştim. Bir koyun alacak kadar paran var mı?\" dedi. Ben de \"Hayır,\" dedim. O, \"Üç gün oruç tut ya da altı fakiri her birine yarım Sa yiyecek ver,\" dedi. (1 Sa = yaklaşık 3 kilogram.)"
      }
    },
    {
      "id": 12,
      "idInBook": 12,
      "chapterId": 27,
      "bookId": 1,
      "arabic": "حَدَّثَنَا إِسْحَاقُ، حَدَّثَنَا رَوْحٌ، حَدَّثَنَا شِبْلٌ، عَنِ ابْنِ أَبِي نَجِيحٍ، عَنْ مُجَاهِدٍ، قَالَ حَدَّثَنِي عَبْدُ الرَّحْمَنِ بْنُ أَبِي لَيْلَى، عَنْ كَعْبِ بْنِ عُجْرَةَ ـ رضى الله عنه ـ أَنَّ رَسُولَ اللَّهِ صلى الله عليه وسلم رَآهُ وَأَنَّهُ يَسْقُطُ عَلَى وَجْهِهِ فَقَالَ ‏\n\"‏ أَيُؤْذِيكَ هَوَامُّكَ ‏\"‏‏.‏ قَالَ نَعَمْ‏.‏ فَأَمَرَهُ أَنْ يَحْلِقَ وَهُوَ بِالْحُدَيْبِيَةِ، وَلَمْ يَتَبَيَّنْ لَهُمْ أَنَّهُمْ يَحِلُّونَ بِهَا، وَهُمْ عَلَى طَمَعٍ أَنْ يَدْخُلُوا مَكَّةَ، فَأَنْزَلَ اللَّهُ الْفِدْيَةَ، فَأَمَرَهُ رَسُولُ اللَّهِ صلى الله عليه وسلم أَنْ يُطْعِمَ فَرَقًا بَيْنَ سِتَّةٍ، أَوْ يُهْدِيَ شَاةً، أَوْ يَصُومَ ثَلاَثَةَ أَيَّامٍ‏.‏",
      "english": {
        "narrator": "Narrated `Abdur-Rahman bin Abu Layla:",
        "text": "(Reporting the speech of Ka`b bin Umra) Allah's Messenger (ﷺ) saw him (i.e. Ka`b) while the lice were \nfalling on his face. He asked (him), \"Have your lice troubled you?\" He replied in the affirmative. So, \nhe ordered him to get his head shaved while he was at Al-Hudaibiya. At that time they were not \npermitted to finish their Ihram, and were still hoping to enter Mecca. So, Allah revealed the verses of \nAl-Fidya. Allah's Messenger (ﷺ) ordered him to feed six poor persons with one Faraq of food or to slaughter \none sheep (as a sacrifice) or to fast for three days."
      },
      "turkish": {
        "narrator": "Narrated `Abdur-Rahman bin Abu Layla:",
        "text": "Abdur-Rahman bin Abu Layla'dan rivayet edilmiştir: (Ka'b bin Umra'nın sözlerini aktararak) Allah'ın Resulü (ﷺ) onu (yani Ka'b'ı) gördü ve bitler yüzünden düşüyordu. O, \"Bitlerin seni rahatsız etti mi?\" diye sordu. O da olumlu yanıt verdi. Böylece, Al-Hudaibiya'da iken başını traş ettirmesini emretti. O sırada ihramlarını tamamlamalarına izin verilmemişti ve hala Mekke'ye girmeyi umuyorlardı. Bunun üzerine Allah, Al-Fidya ayetlerini indirdi. Allah'ın Resulü (ﷺ) ona altı fakiri bir Faraq yiyecek ile doyurmasını ya da bir koyun kesmesini ya da üç gün oruç tutmasını emretti."
      }
    },
    {
      "id": 13,
      "idInBook": 13,
      "chapterId": 27,
      "bookId": 1,
      "arabic": "وَعَنْ مُحَمَّدِ بْنِ يُوسُفَ، حَدَّثَنَا وَرْقَاءُ، عَنِ ابْنِ أَبِي نَجِيحٍ، عَنْ مُجَاهِدٍ، أَخْبَرَنَا عَبْدُ الرَّحْمَنِ بْنُ أَبِي لَيْلَى، عَنْ كَعْبِ بْنِ عُجْرَةَ ـ رضى الله عنه ـ أَنَّ رَسُولَ اللَّهِ صلى الله عليه وسلم رَآهُ، وَقَمْلُهُ يَسْقُطُ عَلَى وَجْهِهِ‏.‏ مِثْلَهُ‏.‏",
      "english": {
        "narrator": "Narrated Ka'b bin 'Ujra (ra):",
        "text": "Allah's Messenger (ﷺ) saw him (i.e. Ka'b) while the lice were falling on his face."
      },
      "turkish": {
        "narrator": "Narrated Ka'b bin 'Ujra (ra):",
        "text": "Ka'b bin 'Ujra (ra) dan rivayet edilmiştir: Allah'ın Resulü (ﷺ) onu (yani Ka'b'ı) gördü ve bitler yüzünden düşüyordu."
      }
    },
    {
      "id": 14,
      "idInBook": 14,
      "chapterId": 27,
      "bookId": 1,
      "arabic": "حَدَّثَنَا سُلَيْمَانُ بْنُ حَرْبٍ، حَدَّثَنَا شُعْبَةُ، عَنْ مَنْصُورٍ، عَنْ أَبِي حَازِمٍ، عَنْ أَبِي هُرَيْرَةَ ـ رضى الله عنه ـ قَالَ قَالَ رَسُولُ اللَّهِ صلى الله عليه وسلم ‏\n\"‏ مَنْ حَجَّ هَذَا الْبَيْتَ، فَلَمْ يَرْفُثْ وَلَمْ يَفْسُقْ، رَجَعَ كَمَا وَلَدَتْهُ أُمُّهُ ‏\"‏‏.‏",
      "english": {
        "narrator": "Narrated Abu Huraira:",
        "text": "Allah's Messenger (ﷺ) said, \"Whoever performs Hajj to this House (Ka`ba) and does not approach his wife \nfor sexual relations nor commits sins (while performing Hajj), he will come out as sinless as a newlyborn \nchild. (Just delivered by his mother)."
      },
      "turkish": {
        "narrator": "Narrated Abu Huraira:",
        "text": "Ebu Hureyre'den rivayet edilmiştir: Allah'ın Resulü (ﷺ) şöyle dedi: \"Bu Eve (Kabe) Hac yapan ve eşine cinsel ilişkiye yaklaşmayan ya da Hac sırasında günah işlemeyen kimse, annesinin doğurduğu günkü gibi günahsız olarak çıkar.\""
      }
    },
    {
      "id": 15,
      "idInBook": 15,
      "chapterId": 27,
      "bookId": 1,
      "arabic": "حَدَّثَنَا مُحَمَّدُ بْنُ يُوسُفَ، حَدَّثَنَا سُفْيَانُ، عَنْ مَنْصُورٍ، عَنْ أَبِي حَازِمٍ، عَنْ أَبِي هُرَيْرَةَ ـ رضى الله عنه ـ قَالَ قَالَ النَّبِيُّ صلى الله عليه وسلم ‏\n\"‏ مَنْ حَجَّ هَذَا الْبَيْتَ، فَلَمْ يَرْفُثْ، وَلَمْ يَفْسُقْ، رَجَعَ كَيَوْمِ وَلَدَتْهُ أُمُّهُ ‏\"‏‏.‏",
      "english": {
        "narrator": "Narrated Abu Huraira:",
        "text": "The Prophet (ﷺ) said, \"Whoever performs Hajj to this Ka`ba and does not approach his wife for sexual \nrelations nor commit sins (while performing Hajj), he will come out as sinless as a newborn child, \n(just delivered by his mother)."
      },
      "turkish": {
        "narrator": "Narrated Abu Huraira:",
        "text": "Ebu Hureyre'den rivayet edilmiştir: Peygamber (ﷺ) şöyle dedi: \"Bu Kabe'ye Hac yapan ve eşine cinsel ilişkiye yaklaşmayan ya da Hac sırasında günah işlemeyen kimse, annesinin doğurduğu günkü gibi günahsız olarak çıkar.\""
      }
    }
  ],
  "chapter": {
    "id": 27,
    "bookId": 1,
    "arabic": "كتاب المحصر",
    "english": "Pilgrims Prevented from Completing the Pilgrimage"
  }
}