{"metadata":{"length":15,"arabic":{"title":"صحيح البخاري","author":"الإمام محمد بن إسماعيل البخاري","introduction":"كتاب المحصر"},"english":{"title":"Sahih al-Bukhari","author":"Imam Muhammad ibn Ismail al-Bukhari","introduction":"Pilgrims Prevented from Completing the Pilgrimage"}},"hadiths":[{"id":1,"idInBook":1,"chapterId":27,"bookId":1,"arabic":"حَدَّثَنَا عَبْدُ اللَّهِ بْنُ يُوسُفَ، أَخْبَرَنَا مَالِكٌ، عَنْ نَافِعٍ، أَنَّ عَبْدَ اللَّهِ بْنَ عُمَرَ ـ رضى الله عنهما ـ حِينَ خَرَجَ إِلَى مَكَّةَ مُعْتَمِرًا فِي الْفِتْنَةِ قَالَ إِنْ صُدِدْتُ عَنِ الْبَيْتِ صَنَعْتُ كَمَا صَنَعْنَا مَعَ رَسُولِ اللَّهِ صلى الله عليه وسلم‏.‏ فَأَهَلَّ بِعُمْرَةٍ، مِنْ أَجْلِ أَنَّ رَسُولَ اللَّهِ صلى الله عليه وسلم كَانَ أَهَلَّ بِعُمْرَةٍ عَامَ الْحُدَيْبِيَةِ‏.‏","english":{"narrator":"Narrated Nafi`:","text":"When `Abdullah bin `Umar set out for Mecca intending to perform Umra, at the time of afflictions, he \nsaid, \"If I should be prevented from reaching the Ka`ba, then I would do the same as Allah's Messenger (ﷺ) \ndid, so I assume the lhram for Umra as Allah's Messenger (ﷺ) assumed the Ihram for Umra in the year of \nHudaibiya.\""}},{"id":2,"idInBook":2,"chapterId":27,"bookId":1,"arabic":"حَدَّثَنَا عَبْدُ اللَّهِ بْنُ مُحَمَّدِ بْنِ أَسْمَاءَ، حَدَّثَنَا جُوَيْرِيَةُ، عَنْ نَافِعٍ، أَنَّ عُبَيْدَ اللَّهِ بْنَ عَبْدِ اللَّهِ، وَسَالِمَ بْنَ عَبْدِ اللَّهِ، أَخْبَرَاهُ أَنَّهُمَا، كَلَّمَا عَبْدَ اللَّهِ بْنَ عُمَرَ ـ رضى الله عنهما ـ لَيَالِيَ نَزَلَ الْجَيْشُ بِابْنِ الزُّبَيْرِ فَقَالاَ لاَ يَضُرُّكَ أَنْ لاَ تَحُجَّ الْعَامَ، وَإِنَّا نَخَافُ أَنْ يُحَالَ بَيْنَكَ وَبَيْنَ الْبَيْتِ‏.‏ فَقَالَ خَرَجْنَا مَعَ رَسُولِ اللَّهِ صلى الله عليه وسلم فَحَالَ كُفَّارُ قُرَيْشٍ دُونَ الْبَيْتِ، فَنَحَرَ النَّبِيُّ صلى الله عليه وسلم هَدْيَهُ، وَحَلَقَ رَأْسَهُ، وَأُشْهِدُكُمْ أَنِّي قَدْ أَوْجَبْتُ الْعُمْرَةَ، إِنْ شَاءَ اللَّهُ أَنْطَلِقُ، فَإِنْ خُلِّيَ بَيْنِي وَبَيْنَ الْبَيْتِ طُفْتُ، وَإِنْ حِيلَ بَيْنِي وَبَيْنَهُ فَعَلْتُ كَمَا فَعَلَ النَّبِيُّ صلى الله عليه وسلم وَأَنَا مَعَهُ‏.‏ فَأَهَلَّ بِالْعُمْرَةِ مِنْ ذِي الْحُلَيْفَةِ، ثُمَّ سَارَ سَاعَةً، ثُمَّ قَالَ ‏\n\"‏ إِنَّمَا شَأْنُهُمَا وَاحِدٌ، أُشْهِدُكُمْ أَنِّي قَدْ أَوْجَبْتُ حَجَّةً مَعَ عُمْرَتِي ‏\"‏‏.‏ فَلَمْ يَحِلَّ مِنْهُمَا حَتَّى حَلَّ يَوْمَ النَّحْرِ، وَأَهْدَى، وَكَانَ يَقُولُ لاَ يَحِلُّ حَتَّى يَطُوفَ طَوَافًا وَاحِدًا يَوْمَ يَدْخُلُ مَكَّةَ‏.‏","english":{"narrator":"Narrated Nafi`:","text":"That Ubaidullah bin `Abdullah and Salim bin `Abdullah informed him that they told Ibn `Umar when \nIbn Az-Zubair was attacked by the army, saying \"There is no harm for you if you did not perform Hajj \nthis year. We are afraid that you may be prevented from reaching the Ka`ba.\" Ibn `Umar said \"We set \nout with Allah's Messenger (ﷺ) and the non-believers of Quraish prevented us from reaching the Ka`ba, and \nso the Prophet (ﷺ) slaughtered his Hadi and got his head shaved.\" Ibn `Umar added, \"I make you \nwitnesses that I have made `Umra obligatory for me. And, Allah willing, I will go and then if the way \nto Ka`ba is clear, I will perform the Tawaf, but if I am prevented from going to the Ka`ba then I will \ndo the same as the Prophet (ﷺ) did while I was in his company.\" Ibn `Umar then assumed Ihram for Umra \nfrom Dhul-Hulaifa and proceeded for a while and said, \"The conditions of `Umra and Hajj are similar \nand I make you witnesses that I have made `Umra and Hajj obligatory for myself.\" So, he did not \nfinish the Ihram till the day of Nahr (slaughtering) came, and he slaughtered his Hadi. He used to say, \n\"I will not finish the Ihram till I perform the Tawaf, one Tawaf on the day of entering Mecca (i.e. of \nSafa and Marwa for both `Umra and Hajj)."}},{"id":3,"idInBook":3,"chapterId":27,"bookId":1,"arabic":"حَدَّثَنِي مُوسَى بْنُ إِسْمَاعِيلَ، حَدَّثَنَا جُوَيْرِيَةُ، عَنْ نَافِعٍ، أَنَّ بَعْضَ بَنِي عَبْدِ اللَّهِ، قَالَ لَهُ لَوْ أَقَمْتَ‏.‏ بِهَذَا‏.‏","english":{"narrator":"Narrated Nafi`:","text":"Some of the sons of `Abdullah told him (i.e. `Abdullah) if he had stayed (and not performed Hajj that \nyear)."}},{"id":4,"idInBook":4,"chapterId":27,"bookId":1,"arabic":"حَدَّثَنَا مُحَمَّدٌ، قَالَ حَدَّثَنَا يَحْيَى بْنُ صَالِحٍ، حَدَّثَنَا مُعَاوِيَةُ بْنُ سَلاَّمٍ، حَدَّثَنَا يَحْيَى بْنُ أَبِي كَثِيرٍ، عَنْ عِكْرِمَةَ، قَالَ قَالَ ابْنُ عَبَّاسٍ ـ رضى الله عنهما ـ قَدْ أُحْصِرَ رَسُولُ اللَّهِ صلى الله عليه وسلم فَحَلَقَ رَأْسَهُ وَجَامَعَ نِسَاءَهُ، وَنَحَرَ هَدْيَهُ، حَتَّى اعْتَمَرَ عَامًا قَابِلاً‏.‏","english":{"narrator":"Narrated Ibn `Abbas:","text":"Allah's Messenger (ﷺ) was prevented from performing (`Umra) Therefore, he shaved his head and had sexual \nrelations with his wives and slaughtered his Hadi and performed Umra in the following year."}},{"id":5,"idInBook":5,"chapterId":27,"bookId":1,"arabic":"حَدَّثَنَا أَحْمَدُ بْنُ مُحَمَّدٍ، أَخْبَرَنَا عَبْدُ اللَّهِ، أَخْبَرَنَا يُونُسُ، عَنِ الزُّهْرِيِّ، قَالَ أَخْبَرَنِي سَالِمٌ، قَالَ كَانَ ابْنُ عُمَرَ ـ رضى الله عنهما ـ يَقُولُ أَلَيْسَ حَسْبُكُمْ سُنَّةَ رَسُولِ اللَّهِ صلى الله عليه وسلم، إِنْ حُبِسَ أَحَدُكُمْ عَنِ الْحَجِّ طَافَ بِالْبَيْتِ وَبِالصَّفَا وَالْمَرْوَةِ، ثُمَّ حَلَّ مِنْ كُلِّ شَىْءٍ، حَتَّى يَحُجَّ عَامًا قَابِلاً، فَيُهْدِي أَوْ يَصُومُ، إِنْ لَمْ يَجِدْ هَدْيًا‏.‏ وَعَنْ عَبْدِ اللَّهِ، أَخْبَرَنَا مَعْمَرٌ، عَنِ الزُّهْرِيِّ، قَالَ حَدَّثَنِي سَالِمٌ، عَنِ ابْنِ عُمَرَ، نَحْوَهُ‏.‏","english":{"narrator":"Narrated Salim:","text":"(Abdullah) bin `Umar used to say, \"Is not (the following of) the tradition of Allah's Messenger (ﷺ) sufficient \nfor you? If anyone of you is prevented from performing Hajj, he should perform the Tawaf of the \nKa`ba and between As-Safa and Al-Marwa and then finish the Ihram and everything will become \nlegal for him which was illegal for him (during the state of Ihram) and he can perform Hajj in a \nfollowing year and he should slaughter a Hadi or fast in case he cannot afford the Hadi.\""}},{"id":6,"idInBook":6,"chapterId":27,"bookId":1,"arabic":"حَدَّثَنَا مَحْمُودٌ، حَدَّثَنَا عَبْدُ الرَّزَّاقِ، أَخْبَرَنَا مَعْمَرٌ، عَنِ الزُّهْرِيِّ، عَنْ عُرْوَةَ، عَنِ الْمِسْوَرِ ـ رضى الله عنه ـ أَنَّ رَسُولَ اللَّهِ صلى الله عليه وسلم نَحَرَ قَبْلَ أَنْ يَحْلِقَ، وَأَمَرَ أَصْحَابَهُ بِذَلِكَ‏.‏","english":{"narrator":"Narrated Al-Miswar:","text":"Allah's Messenger (ﷺ) slaughtered (the Hadi) before he had his head shaved and then he ordered his \nCompanions to do the same."}},{"id":7,"idInBook":7,"chapterId":27,"bookId":1,"arabic":"حَدَّثَنَا مُحَمَّدُ بْنُ عَبْدِ الرَّحِيمِ، أَخْبَرَنَا أَبُو بَدْرٍ، شُجَاعُ بْنُ الْوَلِيدِ عَنْ عُمَرَ بْنِ مُحَمَّدٍ الْعُمَرِيِّ، قَالَ وَحَدَّثَ نَافِعٌ، أَنَّ عَبْدَ اللَّهِ، وَسَالِمًا، كَلَّمَا عَبْدَ اللَّهِ بْنَ عُمَرَ ـ رضى الله عنهما ـ فَقَالَ خَرَجْنَا مَعَ النَّبِيِّ صلى الله عليه وسلم مُعْتَمِرِينَ، فَحَالَ كُفَّارُ قُرَيْشٍ دُونَ الْبَيْتِ، فَنَحَرَ رَسُولُ اللَّهِ صلى الله عليه وسلم بُدْنَهُ، وَحَلَقَ رَأْسَهُ‏.‏","english":{"narrator":"Narrated Nafi`:","text":"That `Abdullah and Salim said to `Abdullah bin `Umar, \"(You should not go for Hajj this year).\" \n`Abdullah bin `Umar replied, \"We set out with the Prophet (to Mecca for performing `Umra) and the \ninfidels of Quraish prevented us from reaching the Ka`ba. Allah's Messenger (ﷺ) slaughtered his Budn \n(camels for sacrifice) and got his head shaved.\""}},{"id":8,"idInBook":8,"chapterId":27,"bookId":1,"arabic":"حَدَّثَنَا إِسْمَاعِيلُ، قَالَ حَدَّثَنِي مَالِكٌ، عَنْ نَافِعٍ، أَنَّ عَبْدَ اللَّهِ بْنَ عُمَرَ ـ رضى الله عنهما ـ قَالَ حِينَ خَرَجَ إِلَى مَكَّةَ مُعْتَمِرًا فِي الْفِتْنَةِ إِنْ صُدِدْتُ عَنِ الْبَيْتِ صَنَعْنَا كَمَا صَنَعْنَا مَعَ رَسُولِ اللَّهِ صلى الله عليه وسلم فَأَهَلَّ بِعُمْرَةٍ، مِنْ أَجْلِ أَنَّ النَّبِيَّ صلى الله عليه وسلم كَانَ أَهَلَّ بِعُمْرَةٍ عَامَ الْحُدَيْبِيَةِ، ثُمَّ إِنَّ عَبْدَ اللَّهِ بْنَ عُمَرَ نَظَرَ فِي أَمْرِهِ فَقَالَ مَا أَمْرُهُمَا إِلاَّ وَاحِدٌ‏.‏ فَالْتَفَتَ إِلَى أَصْحَابِهِ فَقَالَ مَا أَمْرُهُمَا إِلاَّ وَاحِدٌ، أُشْهِدُكُمْ أَنِّي قَدْ أَوْجَبْتُ الْحَجَّ مَعَ الْعُمْرَةِ، ثُمَّ طَافَ لَهُمَا طَوَافًا وَاحِدًا، وَرَأَى أَنَّ ذَلِكَ مُجْزِيًا عَنْهُ، وَأَهْدَى‏.‏","english":{"narrator":"Narrated Nafi`:","text":"When `Abdullah bin `Umar set out for Mecca with the intentions performing `Umra in the period of \nafflictions, he said, \"If I should be prevented from reaching the Ka`ba, then I would do the same as we \ndid while in the company of Allah's Messenger (ﷺ) .\" So, he assumed the Ihram for `Umra since the Prophet (ﷺ) \nhad assumed the Ihram for `Umra in the year of Al-Hudaibiya. Then `Abdullah bin `Umar thought \nabout it and said, \"The conditions for both Hajj and `Umra are similar.\" He then turned towards his \ncompanions and said, \"The conditions of both Hajj and `Umra are similar and I make you witnesses \nthat I have made the performance of Hajj obligatory for myself along with `Umra.\" He then performed \none Tawaf (between As-Safa and Al-Marwa) for both of them (i.e. Hajj and (`Umra) and considered \nthat to be sufficient for him and offered a Hadi."}},{"id":9,"idInBook":9,"chapterId":27,"bookId":1,"arabic":"حَدَّثَنَا عَبْدُ اللَّهِ بْنُ يُوسُفَ، أَخْبَرَنَا مَالِكٌ، عَنْ حُمَيْدِ بْنِ قَيْسٍ، عَنْ مُجَاهِدٍ، عَنْ عَبْدِ الرَّحْمَنِ بْنِ أَبِي لَيْلَى، عَنْ كَعْبِ بْنِ عُجْرَةَ ـ رضى الله عنه ـ عَنْ رَسُولِ اللَّهِ صلى الله عليه وسلم أَنَّهُ قَالَ ‏\"‏ لَعَلَّكَ آذَاكَ هَوَامُّكَ ‏\"‏‏.‏ قَالَ نَعَمْ يَا رَسُولَ اللَّهِ‏.‏ فَقَالَ رَسُولُ اللَّهِ صلى الله عليه وسلم ‏\"‏ احْلِقْ رَأْسَكَ وَصُمْ ثَلاَثَةَ أَيَّامٍ، أَوْ أَطْعِمْ سِتَّةَ مَسَاكِينَ، أَوِ انْسُكْ بِشَاةٍ ‏\"‏‏.‏","english":{"narrator":"Narrated `Abdur-Rahman bin Abu Layla:","text":"Ka`b bin 'Ujra said that Allah's Messenger (ﷺ) said to him (Ka`b), \"Perhaps your lice have troubled you?\" \nKa`b replied, \"Yes! O Allah's Messenger (ﷺ).\" Allah's Messenger (ﷺ) said, \"Have your head shaved and then either \nfast three days or feed six poor persons or slaughter one sheep as a sacrifice.\""}},{"id":10,"idInBook":10,"chapterId":27,"bookId":1,"arabic":"حَدَّثَنَا أَبُو نُعَيْمٍ، حَدَّثَنَا سَيْفٌ، قَالَ حَدَّثَنِي مُجَاهِدٌ، قَالَ سَمِعْتُ عَبْدَ الرَّحْمَنِ بْنَ أَبِي لَيْلَى، أَنَّ كَعْبَ بْنَ عُجْرَةَ، حَدَّثَهُ قَالَ وَقَفَ عَلَىَّ رَسُولُ اللَّهِ صلى الله عليه وسلم بِالْحُدَيْبِيَةِ، وَرَأْسِي يَتَهَافَتُ قَمْلاً فَقَالَ ‏\"‏ يُؤْذِيكَ هَوَامُّكَ ‏\"‏‏.‏ قُلْتُ نَعَمْ‏.‏ قَالَ ‏\"‏ فَاحْلِقْ رَأْسَكَ ـ أَوْ قَالَ ـ احْلِقْ ‏\"‏‏.‏ قَالَ فِيَّ نَزَلَتْ هَذِهِ الآيَةُ ‏{‏فَمَنْ كَانَ مِنْكُمْ مَرِيضًا أَوْ بِهِ أَذًى مِنْ رَأْسِهِ‏}‏ إِلَى آخِرِهَا‏.‏ فَقَالَ النَّبِيُّ صلى الله عليه وسلم ‏\"‏ صُمْ ثَلاَثَةَ أَيَّامٍ، أَوْ تَصَدَّقْ بِفَرَقٍ بَيْنَ سِتَّةٍ، أَوِ انْسُكْ بِمَا تَيَسَّرَ ‏\"‏‏.‏","english":{"narrator":"Narrated Ka`b bin `Umra:","text":"Allah's Messenger (ﷺ) stood beside me at Al-Hudaibiya and the lice were falling from my head in great \nnumber. He asked me, \"Have your lice troubled you?\" I replied in the affirmative. He ordered me to \nget my head shaved. Ka`b added, \"This Holy Verse:--'And if any of you is ill, or has ailment in his \nscalp (2.196), etc. was revealed regarding me. \"The Prophet (ﷺ) then ordered me either to fast three days, \nor to feed six poor persons with one Faraq (three Sas) (of dates), or to slaughter a sheep, etc. \n(sacrifice) whatever was available."}},{"id":11,"idInBook":11,"chapterId":27,"bookId":1,"arabic":"حَدَّثَنَا أَبُو الْوَلِيدِ، حَدَّثَنَا شُعْبَةُ، عَنْ عَبْدِ الرَّحْمَنِ بْنِ الأَصْبِهَانِيِّ، عَنْ عَبْدِ اللَّهِ بْنِ مَعْقِلٍ، قَالَ جَلَسْتُ إِلَى كَعْبِ بْنِ عُجْرَةَ ـ رضى الله عنه ـ فَسَأَلْتُهُ عَنِ الْفِدْيَةِ، فَقَالَ نَزَلَتْ فِيَّ خَاصَّةً، وَهْىَ لَكُمْ عَامَّةً، حُمِلْتُ إِلَى رَسُولِ اللَّهِ صلى الله عليه وسلم وَالْقَمْلُ يَتَنَاثَرُ عَلَى وَجْهِي فَقَالَ ‏\"‏ مَا كُنْتُ أُرَى الْوَجَعَ بَلَغَ بِكَ مَا أَرَى أَوْ مَا كُنْتُ أُرَى الْجَهْدَ بَلَغَ بِكَ مَا أَرَى، تَجِدُ شَاةً ‏\"‏‏.‏ فَقُلْتُ لاَ‏.‏ فَقَالَ ‏\"‏ فَصُمْ ثَلاَثَةَ أَيَّامٍ، أَوْ أَطْعِمْ سِتَّةَ مَسَاكِينَ، لِكُلِّ مِسْكِينٍ نِصْفَ صَاعٍ ‏\"‏‏.‏","english":{"narrator":"Narrated `Abdullah bin Ma'qal:","text":"I sat with Ka`b bin 'Ujra and asked him about the Fidya. He replied, \"This revelation was revealed \nconcerning my case especially, but it is also for you in general. I was carried to Allah's Messenger (ﷺ) and \nthe lice were falling in great number on my face. The Prophet (ﷺ) said, \"I have never thought that your \nailment (or struggle) has reached to such an extent as I see. Can you afford a sheep?\" I replied in the \nnegative. He then said, \"Fast for three days, or feed six poor persons each with half a Sa of food.\" (1 \nSa = 3 Kilograms approx.)"}},{"id":12,"idInBook":12,"chapterId":27,"bookId":1,"arabic":"حَدَّثَنَا إِسْحَاقُ، حَدَّثَنَا رَوْحٌ، حَدَّثَنَا شِبْلٌ، عَنِ ابْنِ أَبِي نَجِيحٍ، عَنْ مُجَاهِدٍ، قَالَ حَدَّثَنِي عَبْدُ الرَّحْمَنِ بْنُ أَبِي لَيْلَى، عَنْ كَعْبِ بْنِ عُجْرَةَ ـ رضى الله عنه ـ أَنَّ رَسُولَ اللَّهِ صلى الله عليه وسلم رَآهُ وَأَنَّهُ يَسْقُطُ عَلَى وَجْهِهِ فَقَالَ ‏\n\"‏ أَيُؤْذِيكَ هَوَامُّكَ ‏\"‏‏.‏ قَالَ نَعَمْ‏.‏ فَأَمَرَهُ أَنْ يَحْلِقَ وَهُوَ بِالْحُدَيْبِيَةِ، وَلَمْ يَتَبَيَّنْ لَهُمْ أَنَّهُمْ يَحِلُّونَ بِهَا، وَهُمْ عَلَى طَمَعٍ أَنْ يَدْخُلُوا مَكَّةَ، فَأَنْزَلَ اللَّهُ الْفِدْيَةَ، فَأَمَرَهُ رَسُولُ اللَّهِ صلى الله عليه وسلم أَنْ يُطْعِمَ فَرَقًا بَيْنَ سِتَّةٍ، أَوْ يُهْدِيَ شَاةً، أَوْ يَصُومَ ثَلاَثَةَ أَيَّامٍ‏.‏","english":{"narrator":"Narrated `Abdur-Rahman bin Abu Layla:","text":"(Reporting the speech of Ka`b bin Umra) Allah's Messenger (ﷺ) saw him (i.e. Ka`b) while the lice were \nfalling on his face. He asked (him), \"Have your lice troubled you?\" He replied in the affirmative. So, \nhe ordered him to get his head shaved while he was at Al-Hudaibiya. At that time they were not \npermitted to finish their Ihram, and were still hoping to enter Mecca. So, Allah revealed the verses of \nAl-Fidya. Allah's Messenger (ﷺ) ordered him to feed six poor persons with one Faraq of food or to slaughter \none sheep (as a sacrifice) or to fast for three days."}},{"id":13,"idInBook":13,"chapterId":27,"bookId":1,"arabic":"وَعَنْ مُحَمَّدِ بْنِ يُوسُفَ، حَدَّثَنَا وَرْقَاءُ، عَنِ ابْنِ أَبِي نَجِيحٍ، عَنْ مُجَاهِدٍ، أَخْبَرَنَا عَبْدُ الرَّحْمَنِ بْنُ أَبِي لَيْلَى، عَنْ كَعْبِ بْنِ عُجْرَةَ ـ رضى الله عنه ـ أَنَّ رَسُولَ اللَّهِ صلى الله عليه وسلم رَآهُ، وَقَمْلُهُ يَسْقُطُ عَلَى وَجْهِهِ‏.‏ مِثْلَهُ‏.‏","english":{"narrator":"Narrated Ka'b bin 'Ujra (ra):","text":"Allah's Messenger (ﷺ) saw him (i.e. Ka'b) while the lice were falling on his face."}},{"id":14,"idInBook":14,"chapterId":27,"bookId":1,"arabic":"حَدَّثَنَا سُلَيْمَانُ بْنُ حَرْبٍ، حَدَّثَنَا شُعْبَةُ، عَنْ مَنْصُورٍ، عَنْ أَبِي حَازِمٍ، عَنْ أَبِي هُرَيْرَةَ ـ رضى الله عنه ـ قَالَ قَالَ رَسُولُ اللَّهِ صلى الله عليه وسلم ‏\n\"‏ مَنْ حَجَّ هَذَا الْبَيْتَ، فَلَمْ يَرْفُثْ وَلَمْ يَفْسُقْ، رَجَعَ كَمَا وَلَدَتْهُ أُمُّهُ ‏\"‏‏.‏","english":{"narrator":"Narrated Abu Huraira:","text":"Allah's Messenger (ﷺ) said, \"Whoever performs Hajj to this House (Ka`ba) and does not approach his wife \nfor sexual relations nor commits sins (while performing Hajj), he will come out as sinless as a newlyborn \nchild. (Just delivered by his mother)."}},{"id":15,"idInBook":15,"chapterId":27,"bookId":1,"arabic":"حَدَّثَنَا مُحَمَّدُ بْنُ يُوسُفَ، حَدَّثَنَا سُفْيَانُ، عَنْ مَنْصُورٍ، عَنْ أَبِي حَازِمٍ، عَنْ أَبِي هُرَيْرَةَ ـ رضى الله عنه ـ قَالَ قَالَ النَّبِيُّ صلى الله عليه وسلم ‏\n\"‏ مَنْ حَجَّ هَذَا الْبَيْتَ، فَلَمْ يَرْفُثْ، وَلَمْ يَفْسُقْ، رَجَعَ كَيَوْمِ وَلَدَتْهُ أُمُّهُ ‏\"‏‏.‏","english":{"narrator":"Narrated Abu Huraira:","text":"The Prophet (ﷺ) said, \"Whoever performs Hajj to this Ka`ba and does not approach his wife for sexual \nrelations nor commit sins (while performing Hajj), he will come out as sinless as a newborn child, \n(just delivered by his mother)."}}],"chapter":{"id":27,"bookId":1,"arabic":"كتاب المحصر","english":"Pilgrims Prevented from Completing the Pilgrimage"}}