{
  "metadata": {
    "length": 24,
    "arabic": {
      "title": "صحيح البخاري",
      "author": "الإمام محمد بن إسماعيل البخاري",
      "introduction": "كتاب فضائل المدينة"
    },
    "english": {
      "title": "Sahih al-Bukhari",
      "author": "Imam Muhammad ibn Ismail al-Bukhari",
      "introduction": "Virtues of Madinah"
    }
  },
  "hadiths": [
    {
      "id": 1,
      "idInBook": 1,
      "chapterId": 29,
      "bookId": 1,
      "arabic": "حَدَّثَنَا أَبُو النُّعْمَانِ، حَدَّثَنَا ثَابِتُ بْنُ يَزِيدَ، حَدَّثَنَا عَاصِمٌ أَبُو عَبْدِ الرَّحْمَنِ الأَحْوَلُ، عَنْ أَنَسٍ ـ رضى الله عنه ـ عَنِ النَّبِيِّ صلى الله عليه وسلم قَالَ ‏\n\"‏ الْمَدِينَةُ حَرَمٌ، مِنْ كَذَا إِلَى كَذَا، لاَ يُقْطَعُ شَجَرُهَا، وَلاَ يُحْدَثُ فِيهَا حَدَثٌ، مَنْ أَحْدَثَ حَدَثًا فَعَلَيْهِ لَعْنَةُ اللَّهِ وَالْمَلاَئِكَةِ وَالنَّاسِ أَجْمَعِينَ ‏\"‏‏.‏",
      "english": {
        "narrator": "Narrated Anas:",
        "text": "The Prophet (ﷺ) said, \"Medina is a sanctuary from that place to that. Its trees should not be cut and no \nheresy should be innovated nor any sin should be committed in it, and whoever innovates in it an \nheresy or commits sins (bad deeds), then he will incur the curse of Allah, the angels, and all the \npeople.\" (See Hadith No. 409, Vol 9)."
      },
      "turkish": {
        "narrator": "Narrated Anas:",
        "text": "Anas'tan rivayet edilmiştir: Peygamber (ﷺ) şöyle buyurdu: \"Medine, o yerden bu yere bir sığınaktır. Ağaçları kesilmemeli, içinde hiçbir bid'at ihdas edilmemeli ve hiçbir günah işlenmemelidir. Kim burada bir bid'at ihdas ederse veya günah işlerse, Allah'ın, meleklerin ve tüm insanların laneti ona olacaktır.\" (Bkz. Hadis No. 409, Cilt 9)."
      }
    },
    {
      "id": 2,
      "idInBook": 2,
      "chapterId": 29,
      "bookId": 1,
      "arabic": "حَدَّثَنَا أَبُو مَعْمَرٍ، حَدَّثَنَا عَبْدُ الْوَارِثِ، عَنْ أَبِي التَّيَّاحِ، عَنْ أَنَسٍ ـ رضى الله عنه ـ قَدِمَ النَّبِيُّ صلى الله عليه وسلم الْمَدِينَةَ فَأَمَرَ بِبِنَاءِ الْمَسْجِدِ فَقَالَ ‏\n\"‏ يَا بَنِي النَّجَّارِ ثَامِنُونِي ‏\"‏‏.‏ فَقَالُوا لاَ نَطْلُبُ ثَمَنَهُ إِلاَّ إِلَى اللَّهِ‏.‏ فَأَمَرَ بِقُبُورِ الْمُشْرِكِينَ، فَنُبِشَتْ، ثُمَّ بِالْخِرَبِ فَسُوِّيَتْ، وَبِالنَّخْلِ فَقُطِعَ، فَصَفُّوا النَّخْلَ قِبْلَةَ الْمَسْجِدِ‏.‏",
      "english": {
        "narrator": "Narrated Anas:",
        "text": "The Prophet (ﷺ) came to Medina and ordered a mosque to be built and said, \"O Bani Najjar! Suggest to \nme the price (of your land).\" They said, \"We do not want its price except from Allah\" (i.e. they wished \nfor a reward from Allah for giving up their land freely). So, the Prophet (ﷺ) ordered the graves of the \npagans to be dug out and the land to be leveled, and the date-palm trees to be cut down. The cut datepalms \nwere fixed in the direction of the Qibla of the mosque."
      },
      "turkish": {
        "narrator": "Narrated Anas:",
        "text": "Anas'tan rivayet edilmiştir: Peygamber (ﷺ) Medine'ye geldi ve bir cami inşa edilmesini emretti ve şöyle dedi: \"Ey Beni Neccar! Bana (toprağınızın) fiyatını önerin.\" Onlar, \"Biz onun fiyatını Allah'tan başka hiç kimseden istemiyoruz.\" dediler (yani, topraklarını gönüllü olarak verdikleri için Allah'tan bir ödül bekliyorlardı). Bunun üzerine Peygamber (ﷺ) putperestlerin mezarlarının kazılmasını, toprağın düzleştirilmesini ve hurma ağaçlarının kesilmesini emretti. Kesilen hurma ağaçları caminin kıblesine doğru yerleştirildi."
      }
    },
    {
      "id": 3,
      "idInBook": 3,
      "chapterId": 29,
      "bookId": 1,
      "arabic": "حَدَّثَنَا إِسْمَاعِيلُ بْنُ عَبْدِ اللَّهِ، قَالَ حَدَّثَنِي أَخِي، عَنْ سُلَيْمَانَ، عَنْ عُبَيْدِ اللَّهِ، عَنْ سَعِيدٍ الْمَقْبُرِيِّ، عَنْ أَبِي هُرَيْرَةَ ـ رضى الله عنه ـ أَنَّ النَّبِيَّ صلى الله عليه وسلم قَالَ ‏\"‏ حُرِّمَ مَا بَيْنَ لاَبَتَىِ الْمَدِينَةِ عَلَى لِسَانِي ‏\"‏‏.‏ قَالَ وَأَتَى النَّبِيُّ صلى الله عليه وسلم بَنِي حَارِثَةَ فَقَالَ ‏\"‏ أَرَاكُمْ يَا بَنِي حَارِثَةَ قَدْ خَرَجْتُمْ مِنَ الْحَرَمِ ‏\"‏‏.‏ ثُمَّ الْتَفَتَ، فَقَالَ ‏\"‏ بَلْ أَنْتُمْ فِيهِ ‏\"‏‏.‏",
      "english": {
        "narrator": "Narrated Abu Huraira:",
        "text": "The Prophet (ﷺ) said, \"I have made Medina a sanctuary between its two (Harrat) mountains.\" The Prophet (ﷺ) \nwent to the tribe of Bani Haritha and said (to them), \"I see that you have gone out of the sanctuary,\" \nbut looking around, he added, \"No, you are inside the sanctuary.\""
      },
      "turkish": {
        "narrator": "Narrated Abu Huraira:",
        "text": "Ebu Hureyre'den rivayet edilmiştir: Peygamber (ﷺ) şöyle buyurdu: \"Medine'yi iki (Harrat) dağının arasında bir sığınak yaptım.\" Peygamber (ﷺ) Beni Haritha kabilesine gitti ve onlara, \"Sığınaktan çıktığınızı görüyorum,\" dedi, ama etrafa bakarak ekledi: \"Hayır, siz sığınaktasınız.\""
      }
    },
    {
      "id": 4,
      "idInBook": 4,
      "chapterId": 29,
      "bookId": 1,
      "arabic": "حَدَّثَنَا مُحَمَّدُ بْنُ بَشَّارٍ، حَدَّثَنَا عَبْدُ الرَّحْمَنِ، حَدَّثَنَا سُفْيَانُ، عَنِ الأَعْمَشِ، عَنْ إِبْرَاهِيمَ التَّيْمِيِّ، عَنْ أَبِيهِ، عَنْ عَلِيٍّ ـ رضى الله عنه ـ قَالَ مَا عِنْدَنَا شَىْءٌ إِلاَّ كِتَابُ اللَّهِ، وَهَذِهِ الصَّحِيفَةُ عَنِ النَّبِيِّ صلى الله عليه وسلم ‏\"‏ الْمَدِينَةُ حَرَمٌ، مَا بَيْنَ عَائِرٍ إِلَى كَذَا، مَنْ أَحْدَثَ فِيهَا حَدَثًا، أَوْ آوَى مُحْدِثًا، فَعَلَيْهِ لَعْنَةُ اللَّهِ وَالْمَلاَئِكَةِ وَالنَّاسِ أَجْمَعِينَ، لاَ يُقْبَلُ مِنْهُ صَرْفٌ وَلاَ عَدْلٌ ‏\"‏‏.‏ وَقَالَ ‏\"‏ ذِمَّةُ الْمُسْلِمِينَ وَاحِدَةٌ، فَمَنْ أَخْفَرَ مُسْلِمًا فَعَلَيْهِ لَعْنَةُ اللَّهِ وَالْمَلاَئِكَةِ وَالنَّاسِ أَجْمَعِينَ، لاَ يُقْبَلُ مِنْهُ صَرْفٌ وَلاَ عَدْلٌ، وَمَنْ تَوَلَّى قَوْمًا بِغَيْرِ إِذْنِ مَوَالِيهِ، فَعَلَيْهِ لَعْنَةُ اللَّهِ وَالْمَلاَئِكَةِ وَالنَّاسِ أَجْمَعِينَ، لاَ يُقْبَلُ مِنْهُ صَرْفٌ وَلاَ عَدْلٌ ‏\"‏‏.‏",
      "english": {
        "narrator": "Narrated `Ali:",
        "text": "We have nothing except the Book of Allah and this written paper from the Prophet (wherein is \nwritten:) Medina is a sanctuary from the 'Air Mountain to such and such a place, and whoever \ninnovates in it an heresy or commits a sin, or gives shelter to such an innovator in it will incur the \ncurse of Allah, the angels, and all the people, none of his compulsory or optional good deeds of \nworship will be accepted. And the asylum (of protection) granted by any Muslim is to be secured \n(respected) by all the other Muslims; and whoever betrays a Muslim in this respect incurs the curse of \nAllah, the angels, and all the people, and none of his compulsory or optional good deeds of worship \nwill be accepted, and whoever (freed slave) befriends (take as masters) other than his manumitters \nwithout their permission incurs the curse of Allah, the angels, and all the people, and none of his \ncompulsory or optional good deeds of worship will be accepted."
      },
      "turkish": {
        "narrator": "Narrated `Ali:",
        "text": "Ali'den rivayet edilmiştir: Bizim elimizde Allah'ın Kitabı ve Peygamber'den (şu yazılı kağıtta) başka bir şey yoktur: \"Medine, 'Air Dağı'ndan şu ve bu yere kadar bir sığınaktır. Kim burada bir bid'at ihdas ederse veya bir günah işlerse ya da böyle bir yenilikçiye burada barınak verirse, Allah'ın, meleklerin ve tüm insanların laneti ona olacaktır. Hiçbir farz veya nafile ibadeti kabul edilmeyecektir. Herhangi bir Müslümanın verdiği sığınma (koruma) diğer Müslümler tarafından güvence altına alınmalıdır; ve bu konuda bir Müslümana ihanet eden, Allah'ın, meleklerin ve tüm insanların lanetine uğrayacaktır ve onun hiçbir farz veya nafile ibadeti kabul edilmeyecektir. Ve herhangi bir (azatlı köle) efendilerinin izni olmadan başka birine dost olursa, Allah'ın, meleklerin ve tüm insanların lanetine uğrayacaktır ve onun hiçbir farz veya nafile ibadeti kabul edilmeyecektir.\""
      }
    },
    {
      "id": 5,
      "idInBook": 5,
      "chapterId": 29,
      "bookId": 1,
      "arabic": "حَدَّثَنَا عَبْدُ اللَّهِ بْنُ يُوسُفَ، أَخْبَرَنَا مَالِكٌ، عَنْ يَحْيَى بْنِ سَعِيدٍ، قَالَ سَمِعْتُ أَبَا الْحُبَابِ، سَعِيدَ بْنَ يَسَارٍ يَقُولُ سَمِعْتُ أَبَا هُرَيْرَةَ ـ رضى الله عنه ـ يَقُولُ قَالَ رَسُولُ اللَّهِ صلى الله عليه وسلم‏.‏ ‏\n\"‏ أُمِرْتُ بِقَرْيَةٍ تَأْكُلُ الْقُرَى يَقُولُونَ يَثْرِبُ‏.‏ وَهْىَ الْمَدِينَةُ، تَنْفِي النَّاسَ كَمَا يَنْفِي الْكِيرُ خَبَثَ الْحَدِيدِ ‏\"‏‏.‏",
      "english": {
        "narrator": "Narrated Abu Huraira:",
        "text": "Allah's Messenger (ﷺ) said, \"I was ordered to migrate to a town which will swallow (conquer) other towns \nand is called Yathrib and that is Medina, and it turns out (bad) persons as a furnace removes the \nimpurities of iron."
      },
      "turkish": {
        "narrator": "Narrated Abu Huraira:",
        "text": "Ebu Hureyre'den rivayet edilmiştir: Allah'ın Resulü (ﷺ) şöyle dedi: \"Bana diğer şehirleri yutacak (fethedecek) bir şehre göç etmem emredildi ve bu şehir Yathrib olarak adlandırılıyor, yani Medine'dir; ve o, demirin kirlerini gideren bir ocak gibi kötü kişileri dışarı atar.\""
      }
    },
    {
      "id": 6,
      "idInBook": 6,
      "chapterId": 29,
      "bookId": 1,
      "arabic": "حَدَّثَنَا خَالِدُ بْنُ مَخْلَدٍ، حَدَّثَنَا سُلَيْمَانُ، قَالَ حَدَّثَنِي عَمْرُو بْنُ يَحْيَى، عَنْ عَبَّاسِ بْنِ سَهْلِ بْنِ سَعْدٍ، عَنْ أَبِي حُمَيْدٍ ـ رضى الله عنه ـ أَقْبَلْنَا مَعَ النَّبِيِّ صلى الله عليه وسلم مِنْ تَبُوكَ حَتَّى أَشْرَفْنَا عَلَى الْمَدِينَةِ فَقَالَ ‏\n\"‏ هَذِهِ طَابَةُ ‏\"‏‏.‏",
      "english": {
        "narrator": "Narrated Abu Humaid:",
        "text": "We came with the Prophet (ﷺ) from Tabuk, and when we reached near Medina, the Prophet (ﷺ) said, \"This is \nTabah.\""
      },
      "turkish": {
        "narrator": "Narrated Abu Humaid:",
        "text": "Ebu Humaid'ten rivayet edilmiştir: Biz Peygamber (ﷺ) ile Tabuk'tan geldik ve Medine'ye yaklaştığımızda, Peygamber (ﷺ) şöyle dedi: \"Buraya Tabah denir.\""
      }
    },
    {
      "id": 7,
      "idInBook": 7,
      "chapterId": 29,
      "bookId": 1,
      "arabic": "حَدَّثَنَا عَبْدُ اللَّهِ بْنُ يُوسُفَ، أَخْبَرَنَا مَالِكٌ، عَنِ ابْنِ شِهَابٍ، عَنْ سَعِيدِ بْنِ الْمُسَيَّبِ، عَنْ أَبِي هُرَيْرَةَ ـ رضى الله عنه ـ أَنَّهُ كَانَ يَقُولُ لَوْ رَأَيْتُ الظِّبَاءَ بِالْمَدِينَةِ تَرْتَعُ مَا ذَعَرْتُهَا، قَالَ رَسُولُ اللَّهِ صلى الله عليه وسلم ‏\n\"‏ مَا بَيْنَ لاَبَتَيْهَا حَرَامٌ ‏\"‏‏.‏",
      "english": {
        "narrator": "Narrated Abu Huraira:",
        "text": "If I saw deers grazing in Medina, I would not chase them, for Allah's Messenger (ﷺ) said, \"(Medina) is a \nsanctuary between its two mountains.\""
      },
      "turkish": {
        "narrator": "Narrated Abu Huraira:",
        "text": "Ebu Hureyre'den rivayet edilmiştir: Eğer Medine'de geyiklerin otladığını görseydim, onları kovalamazdım; çünkü Allah'ın Resulü (ﷺ) şöyle dedi: \"(Medine) iki dağının arasında bir sığınaktır.\""
      }
    },
    {
      "id": 8,
      "idInBook": 8,
      "chapterId": 29,
      "bookId": 1,
      "arabic": "حَدَّثَنَا أَبُو الْيَمَانِ، أَخْبَرَنَا شُعَيْبٌ، عَنِ الزُّهْرِيِّ، قَالَ أَخْبَرَنِي سَعِيدُ بْنُ الْمُسَيَّبِ، أَنَّ أَبَا هُرَيْرَةَ ـ رضى الله عنه ـ قَالَ سَمِعْتُ رَسُولَ اللَّهِ صلى الله عليه وسلم يَقُولُ ‏\n\"‏ يَتْرُكُونَ الْمَدِينَةَ عَلَى خَيْرِ مَا كَانَتْ، لاَ يَغْشَاهَا إِلاَّ الْعَوَافِ ـ يُرِيدُ عَوَافِيَ السِّبَاعِ وَالطَّيْرِ ـ وَآخِرُ مَنْ يُحْشَرُ رَاعِيَانِ مِنْ مُزَيْنَةَ، يُرِيدَانِ الْمَدِينَةَ يَنْعِقَانِ بِغَنَمِهِمَا، فَيَجِدَانِهَا وَحْشًا، حَتَّى إِذَا بَلَغَا ثَنِيَّةَ الْوَدَاعِ خَرَّا عَلَى وُجُوهِهِمَا ‏\"‏‏.‏",
      "english": {
        "narrator": "Narrated Abu Huraira:",
        "text": "I heard Allah's Messenger (ﷺ) saying, \"The people will leave Medina in spite of the best state it will have, \nand none except the wild birds and the beasts of prey will live in it, and the last persons who will die \nwill be two shepherds from the tribe of Muzaina, who will be driving their sheep towards Medina, but \nwill find nobody in it, and when they reach the valley of Thaniyat-al-Wada`, they will fall down on \ntheir faces dead.\""
      },
      "turkish": {
        "narrator": "Narrated Abu Huraira:",
        "text": "Ebu Hureyre'den rivayet edilmiştir: Allah'ın Resulü (ﷺ) şöyle dedi: \"İnsanlar, Medine'nin en iyi durumu olmasına rağmen, onu terk edecekler; ve sadece yaban kuşları ve av hayvanları orada yaşayacak; ve son ölecek kişiler, koyunlarını Medine'ye doğru süren Muzeyne kabilesinden iki çoban olacak, ama orada kimse bulamayacaklar; ve Thaniyat-al-Wada` vadisine ulaştıklarında, yüzüstü düşüp ölecekler.\""
      }
    },
    {
      "id": 9,
      "idInBook": 9,
      "chapterId": 29,
      "bookId": 1,
      "arabic": "حَدَّثَنَا عَبْدُ اللَّهِ بْنُ يُوسُفَ، أَخْبَرَنَا مَالِكٌ، عَنْ هِشَامِ بْنِ عُرْوَةَ، عَنْ أَبِيهِ، عَنْ عَبْدِ اللَّهِ بْنِ الزُّبَيْرِ، عَنْ سُفْيَانَ بْنِ أَبِي زُهَيْرٍ ـ رضى الله عنه ـ أَنَّهُ قَالَ سَمِعْتُ رَسُولَ اللَّهِ صلى الله عليه وسلم يَقُولُ ‏\n\"‏ تُفْتَحُ الْيَمَنُ فَيَأْتِي قَوْمٌ يُبِسُّونَ، فَيَتَحَمَّلُونَ بِأَهْلِيهِمْ وَمَنْ أَطَاعَهُمْ، وَالْمَدِينَةُ خَيْرٌ لَهُمْ لَوْ كَانُوا يَعْلَمُونَ، وَتُفْتَحُ الشَّأْمُ، فَيَأْتِي قَوْمٌ يُبِسُّونَ فَيَتَحَمَّلُونَ بِأَهْلِيهِمْ وَمَنْ أَطَاعَهُمْ، وَالْمَدِينَةُ خَيْرٌ لَهُمْ لَوْ كَانُوا يَعْلَمُونَ، وَتُفْتَحُ الْعِرَاقُ، فَيَأْتِي قَوْمٌ يُبِسُّونَ فَيَتَحَمَّلُونَ بِأَهْلِيهِمْ وَمَنْ أَطَاعَهُمْ‏.‏ وَالْمَدِينَةُ خَيْرٌ لَهُمْ لَوْ كَانُوا يَعْلَمُونَ ‏\"‏‏.‏",
      "english": {
        "narrator": "Narrated Sufyan b. Abu Zuhair:",
        "text": "I heard Allah's Messenger (ﷺ) saying, \"Yemen will be conquered and some people will migrate (from \nMedina) and will urge their families, and those who will obey them to migrate (to Yemen) although \nMedina will be better for them; if they but knew. Sham will also be conquered and some people will \nmigrate (from Medina) and will urge their families and those who will obey them, to migrate (to \nSham) although Medina will be better for them; if they but knew. 'Iraq will be conquered and some \npeople will migrate (from Medina) and will urge their families and those who will obey them to \nmigrate (to 'Iraq) although Medina will be better for them; if they but knew.\""
      },
      "turkish": {
        "narrator": "Narrated Sufyan b. Abu Zuhair:",
        "text": "Sufyan b. Ebu Zuhair'den rivayet edilmiştir: Allah'ın Resulü (ﷺ) şöyle dedi: \"Yemen fethedilecek ve bazı insanlar (Medine'den) göç edecek ve ailelerini göç etmeye teşvik edecekler; oysa Medine onlara daha iyi olacaktır; eğer bilselerdi. Şam da fethedilecek ve bazı insanlar (Medine'den) göç edecek ve ailelerini göç etmeye teşvik edecekler; oysa Medine onlara daha iyi olacaktır; eğer bilselerdi. Irak fethedilecek ve bazı insanlar (Medine'den) göç edecek ve ailelerini göç etmeye teşvik edecekler; oysa Medine onlara daha iyi olacaktır; eğer bilselerdi.\""
      }
    },
    {
      "id": 10,
      "idInBook": 10,
      "chapterId": 29,
      "bookId": 1,
      "arabic": "حَدَّثَنَا إِبْرَاهِيمُ بْنُ الْمُنْذِرِ، حَدَّثَنَا أَنَسُ بْنُ عِيَاضٍ، قَالَ حَدَّثَنِي عُبَيْدُ اللَّهِ، عَنْ خُبَيْبِ بْنِ عَبْدِ الرَّحْمَنِ، عَنْ حَفْصِ بْنِ عَاصِمٍ، عَنْ أَبِي هُرَيْرَةَ ـ رضى الله عنه ـ أَنَّ رَسُولَ اللَّهِ صلى الله عليه وسلم قَالَ ‏\n\"‏ إِنَّ الإِيمَانَ لَيَأْرِزُ إِلَى الْمَدِينَةِ كَمَا تَأْرِزُ الْحَيَّةُ إِلَى جُحْرِهَا ‏\"‏‏.‏",
      "english": {
        "narrator": "Narrated Abu Huraira:",
        "text": "Allah's Messenger (ﷺ) said, \"Verily, Belief returns and goes back to Medina as a snake returns and goes back \nto its hole (when in danger)."
      },
      "turkish": {
        "narrator": "Narrated Abu Huraira:",
        "text": "Ebu Hureyre'den rivayet edilmiştir: Allah'ın Resulü (ﷺ) şöyle dedi: \"Şüphesiz, İman, yılanın deliğine geri döndüğü gibi Medine'ye geri dönecektir (tehlike anında).\""
      }
    },
    {
      "id": 11,
      "idInBook": 11,
      "chapterId": 29,
      "bookId": 1,
      "arabic": "حَدَّثَنَا حُسَيْنُ بْنُ حُرَيْثٍ، أَخْبَرَنَا الْفَضْلُ، عَنْ جُعَيْدٍ، عَنْ عَائِشَةَ، قَالَتْ سَمِعْتُ سَعْدًا ـ رضى الله عنه ـ قَالَ سَمِعْتُ النَّبِيَّ صلى الله عليه وسلم يَقُولُ ‏\n\"‏ لاَ يَكِيدُ أَهْلَ الْمَدِينَةِ أَحَدٌ إِلاَّ انْمَاعَ كَمَا يَنْمَاعُ الْمِلْحُ فِي الْمَاءِ ‏\"‏‏.‏",
      "english": {
        "narrator": "Narrated Sa`d:",
        "text": "I heard the Prophet (ﷺ) saying, \"None plots against the people of Medina but that he will be dissolved \n(destroyed) like the salt is dissolved in water.\""
      },
      "turkish": {
        "narrator": "Narrated Sa`d:",
        "text": "Sa'd'dan rivayet edilmiştir: Peygamber (ﷺ) şöyle dedi: \"Medine halkına karşı kimse tuzak kurmaz ki, tuz suya karıştığı gibi yok olup gitsin.\""
      }
    },
    {
      "id": 12,
      "idInBook": 12,
      "chapterId": 29,
      "bookId": 1,
      "arabic": "حَدَّثَنَا عَلِيٌّ، حَدَّثَنَا سُفْيَانُ، حَدَّثَنَا ابْنُ شِهَابٍ، قَالَ أَخْبَرَنِي عُرْوَةُ، سَمِعْتُ أُسَامَةَ ـ رضى الله عنه ـ قَالَ أَشْرَفَ النَّبِيُّ صلى الله عليه وسلم عَلَى أُطُمٍ مِنْ آطَامِ الْمَدِينَةِ فَقَالَ ‏\n\"‏ هَلْ تَرَوْنَ مَا أَرَى إِنِّي لأَرَى مَوَاقِعَ الْفِتَنِ خِلاَلَ بُيُوتِكُمْ كَمَوَاقِعِ الْقَطْرِ ‏\"‏‏.‏ تَابَعَهُ مَعْمَرٌ وَسُلَيْمَانُ بْنُ كَثِيرٍ عَنِ الزُّهْرِيِّ‏.‏",
      "english": {
        "narrator": "Narrated Usama:",
        "text": "Once the Prophet (ﷺ) stood at the top of a (looked out from upon one) castle amongst the castles (or the \nhigh buildings) of Medina and said, \"Do you see what I see? (No doubt) I see the spots where \nafflictions will take place among your houses (and these afflictions will be) as numerous as the spots \nwhere raindrops fall.\""
      },
      "turkish": {
        "narrator": "Narrated Usama:",
        "text": "Usame'den rivayet edilmiştir: Bir gün Peygamber (ﷺ) Medine'nin kalelerinden birinin tepesinde durdu ve şöyle dedi: \"Gördüğünüzü görüyor musunuz? (Şüphesiz) Ben, evleriniz arasında başınıza gelecek belaların yerlerini görüyorum (ve bu belalar) yağmur damlalarının düştüğü yerler kadar çok olacak.\""
      }
    },
    {
      "id": 13,
      "idInBook": 13,
      "chapterId": 29,
      "bookId": 1,
      "arabic": "حَدَّثَنَا عَبْدُ الْعَزِيزِ بْنُ عَبْدِ اللَّهِ، قَالَ حَدَّثَنِي إِبْرَاهِيمُ بْنُ سَعْدٍ، عَنْ أَبِيهِ، عَنْ جَدِّهِ، عَنْ أَبِي بَكْرَةَ ـ رضى الله عنه ـ عَنِ النَّبِيِّ صلى الله عليه وسلم قَالَ ‏\n\"‏ لاَ يَدْخُلُ الْمَدِينَةَ رُعْبُ الْمَسِيحِ الدَّجَّالِ، لَهَا يَوْمَئِذٍ سَبْعَةُ أَبْوَابٍ، عَلَى كُلِّ باب مَلَكَانِ ‏\"‏‏.‏",
      "english": {
        "narrator": "Narrated Abu Bakra:",
        "text": "The Prophet (ﷺ) said, \"The terror caused by Al-Masih Ad-Dajjal will not enter Medina and at that time \nMedina will have seven gates and there will be two angels at each gate guarding them.\""
      },
      "turkish": {
        "narrator": "Narrated Abu Bakra:",
        "text": "Ebu Bekir'den rivayet edilmiştir: Peygamber (ﷺ) şöyle dedi: \"Deccal'in korkusu Medine'ye girmeyecek ve o zaman Medine'nin yedi kapısı olacak ve her kapıda onları koruyan iki melek bulunacak.\""
      }
    },
    {
      "id": 14,
      "idInBook": 14,
      "chapterId": 29,
      "bookId": 1,
      "arabic": "حَدَّثَنَا إِسْمَاعِيلُ، قَالَ حَدَّثَنِي مَالِكٌ، عَنْ نُعَيْمِ بْنِ عَبْدِ اللَّهِ الْمُجْمِرِ، عَنْ أَبِي هُرَيْرَةَ ـ رضى الله عنه ـ قَالَ قَالَ رَسُولُ اللَّهِ صلى الله عليه وسلم‏.‏ ‏\n\"‏ عَلَى أَنْقَابِ الْمَدِينَةِ مَلاَئِكَةٌ، لاَ يَدْخُلُهَا الطَّاعُونُ وَلاَ الدَّجَّالُ ‏\"‏‏.‏",
      "english": {
        "narrator": "Narrated Abu Huraira:",
        "text": "Allah's Messenger (ﷺ) said, \"There are angels guarding the entrances (or roads) of Medina, neither plague \nnor Ad-Dajjal will be able to enter it.\""
      },
      "turkish": {
        "narrator": "Narrated Abu Huraira:",
        "text": "Ebu Hureyre'den rivayet edilmiştir: Allah'ın Resulü (ﷺ) şöyle dedi: \"Medine'nin girişlerini (veya yollarını) koruyan melekler vardır; ne veba ne de Deccal buraya giremeyecek.\""
      }
    },
    {
      "id": 15,
      "idInBook": 15,
      "chapterId": 29,
      "bookId": 1,
      "arabic": "حَدَّثَنَا إِبْرَاهِيمُ بْنُ الْمُنْذِرِ، حَدَّثَنَا الْوَلِيدُ، حَدَّثَنَا أَبُو عَمْرٍو، حَدَّثَنَا إِسْحَاقُ، حَدَّثَنِي أَنَسُ بْنُ مَالِكٍ ـ رضى الله عنه ـ عَنِ النَّبِيِّ صلى الله عليه وسلم قَالَ ‏\n\"‏ لَيْسَ مِنْ بَلَدٍ إِلاَّ سَيَطَؤُهُ الدَّجَّالُ، إِلاَّ مَكَّةَ وَالْمَدِينَةَ، لَيْسَ لَهُ مِنْ نِقَابِهَا نَقْبٌ إِلاَّ عَلَيْهِ الْمَلاَئِكَةُ صَافِّينَ، يَحْرُسُونَهَا، ثُمَّ تَرْجُفُ الْمَدِينَةُ بِأَهْلِهَا ثَلاَثَ رَجَفَاتٍ، فَيُخْرِجُ اللَّهُ كُلَّ كَافِرٍ وَمُنَافِقٍ ‏\"‏‏.‏",
      "english": {
        "narrator": "Narrated Anas bin Malik:",
        "text": "The Prophet (ﷺ) said, \"There will be no town which Ad-Dajjal will not enter except Mecca and Medina, \nand there will be no entrance (road) (of both Mecca and Medina) but the angels will be standing in \nrows guarding it against him, and then Medina will shake with its inhabitants thrice (i.e. three \nearthquakes will take place) and Allah will expel all the non-believers and the hypocrites from it.\""
      },
      "turkish": {
        "narrator": "Narrated Anas bin Malik:",
        "text": "Anas b. Malik'ten rivayet edilmiştir: Peygamber (ﷺ) şöyle dedi: \"Deccal'in girmediği hiçbir şehir yoktur, ancak Mekke ve Medine; ve Mekke ile Medine'nin hiçbir girişi yoktur ki, melekler onun karşısında sıralanmış olarak durmasın; ve sonra Medine, sakinleri ile birlikte üç kez sarsılacak (yani üç deprem olacak) ve Allah, tüm kafirleri ve münafıkları oradan çıkaracaktır.\""
      }
    },
    {
      "id": 16,
      "idInBook": 16,
      "chapterId": 29,
      "bookId": 1,
      "arabic": "حَدَّثَنَا يَحْيَى بْنُ بُكَيْرٍ، حَدَّثَنَا اللَّيْثُ، عَنْ عُقَيْلٍ، عَنِ ابْنِ شِهَابٍ، قَالَ أَخْبَرَنِي عُبَيْدُ اللَّهِ بْنُ عَبْدِ اللَّهِ بْنِ عُتْبَةَ، أَنَّ أَبَا سَعِيدٍ الْخُدْرِيَّ ـ رضى الله عنه ـ قَالَ حَدَّثَنَا رَسُولُ اللَّهِ صلى الله عليه وسلم حَدِيثًا طَوِيلاً عَنِ الدَّجَّالِ، فَكَانَ فِيمَا حَدَّثَنَا بِهِ أَنْ قَالَ ‏\n\"‏ يَأْتِي الدَّجَّالُ ـ وَهُوَ مُحَرَّمٌ عَلَيْهِ أَنْ يَدْخُلَ نِقَابَ الْمَدِينَةِ ـ بَعْضَ السِّبَاخِ الَّتِي بِالْمَدِينَةِ، فَيَخْرُجُ إِلَيْهِ يَوْمَئِذٍ رَجُلٌ، هُوَ خَيْرُ النَّاسِ ـ أَوْ مِنْ خَيْرِ النَّاسِ ـ فَيَقُولُ أَشْهَدُ أَنَّكَ الدَّجَّالُ، الَّذِي حَدَّثَنَا عَنْكَ رَسُولُ اللَّهِ صلى الله عليه وسلم حَدِيثَهُ، فَيَقُولُ الدَّجَّالُ أَرَأَيْتَ إِنْ قَتَلْتُ هَذَا ثُمَّ أَحْيَيْتُهُ، هَلْ تَشُكُّونَ فِي الأَمْرِ فَيَقُولُونَ لاَ‏.‏ فَيَقْتُلُهُ، ثُمَّ يُحْيِيهِ فَيَقُولُ حِينَ يُحْيِيهِ وَاللَّهِ مَا كُنْتُ قَطُّ أَشَدَّ بَصِيرَةً مِنِّي الْيَوْمَ، فَيَقُولُ الدَّجَّالُ أَقْتُلُهُ فَلاَ أُسَلَّطُ عَلَيْهِ ‏\"‏‏.‏",
      "english": {
        "narrator": "Narrated Abu Sa`id Al-Khudri:",
        "text": "Allah's Messenger (ﷺ) told us a long narrative about Ad-Dajjal, and among the many things he mentioned, \nwas his saying, \"Ad-Dajjal will come and it will be forbidden for him to pass through the entrances of \nMedina. He will land in some of the salty barren areas (outside) Medina; on that day the best man or \none of the best men will come up to him and say, 'I testify that you are the same Dajjal whose \ndescription was given to us by Allah's Messenger (ﷺ) .' Ad-Dajjal will say to the people, 'If I kill this man \nand bring him back to life again, will you doubt my claim?' They will say, 'No.' Then Ad-Dajjal will \nkill that man and bring him back to life. That man will say, 'Now I know your reality better than \nbefore.' Ad-Dajjal will say, 'I want to kill him but I cannot.' \""
      },
      "turkish": {
        "narrator": "Narrated Abu Sa`id Al-Khudri:",
        "text": "Ebu Sa'id El-Hudri'den rivayet edildi: Allah'ın Elçisi (ﷺ) bize Deccal hakkında uzun bir anlatımda bulundu ve bahsettiği birçok şey arasında, \"Deccal gelecek ve Medine'nin kapılarından geçmesi yasak olacak. Medine'nin (dışında) tuzlu ıssız alanlardan birine inecek; o gün en iyi insan veya en iyi insanlardan biri yanına gelecek ve 'Ben, Allah'ın Elçisi (ﷺ) tarafından tarif edilen Deccal'in kendisi olduğuna şahitlik ediyorum.' diyecek. Deccal, insanlara 'Eğer ben bu adamı öldürüp tekrar diriltirsem, iddiamda şüphe eder misiniz?' diyecek. Onlar, 'Hayır.' diyecekler. Sonra Deccal o adamı öldürecek ve tekrar diriltecek. O adam, 'Artık senin gerçeğini daha iyi biliyorum.' diyecek. Deccal, 'Onu öldürmek istiyorum ama başaramıyorum.' diyecek.\""
      }
    },
    {
      "id": 17,
      "idInBook": 17,
      "chapterId": 29,
      "bookId": 1,
      "arabic": "حَدَّثَنَا عَمْرُو بْنُ عَبَّاسٍ، حَدَّثَنَا عَبْدُ الرَّحْمَنِ، حَدَّثَنَا سُفْيَانُ، عَنْ مُحَمَّدِ بْنِ الْمُنْكَدِرِ، عَنْ جَابِرٍ ـ رضى الله عنه ـ جَاءَ أَعْرَابِيٌّ النَّبِيَّ صلى الله عليه وسلم فَبَايَعَهُ عَلَى الإِسْلاَمِ، فَجَاءَ مِنَ الْغَدِ مَحْمُومًا، فَقَالَ أَقِلْنِي، فَأَبَى ثَلاَثَ مِرَارٍ، فَقَالَ ‏\n\"‏ الْمَدِينَةُ كَالْكِيرِ، تَنْفِي خَبَثَهَا، وَيَنْصَعُ طَيِّبُهَا ‏\"‏‏.‏",
      "english": {
        "narrator": "Narrated Jabir:",
        "text": "A bedouin came to the Prophet (ﷺ) and gave a pledge of allegiance for embracing Islam. The next day he \ncame with fever and said (to the Prophet (ﷺ) ), \"Please cancel my pledge (of embracing Islam and of \nemigrating to Medina).\" The Prophet (ﷺ) refused (that request) three times and said, \"Medina is like a \nfurnace, it expels out the impurities (bad persons) and selects the good ones and makes them perfect.\""
      },
      "turkish": {
        "narrator": "Narrated Jabir:",
        "text": "Cabir'den rivayet edildi: Bir bedevi, Peygamber'e (ﷺ) gelerek İslam'ı kabul etmek için biat etti. Ertesi gün, ateşli bir şekilde geldi ve (Peygamber'e (ﷺ) ) \"Lütfen benim biatımı iptal et.\" dedi. Peygamber (ﷺ) bu isteği üç kez reddetti ve \"Medine bir ocak gibidir, kötüleri dışarı atar ve iyi olanları seçer ve onları mükemmel kılar.\" dedi."
      }
    },
    {
      "id": 18,
      "idInBook": 18,
      "chapterId": 29,
      "bookId": 1,
      "arabic": "حَدَّثَنَا سُلَيْمَانُ بْنُ حَرْبٍ، حَدَّثَنَا شُعْبَةُ، عَنْ عَدِيِّ بْنِ ثَابِتٍ، عَنْ عَبْدِ اللَّهِ بْنِ يَزِيدَ، قَالَ سَمِعْتُ زَيْدَ بْنَ ثَابِتٍ ـ رضى الله عنه ـ يَقُولُ لَمَّا خَرَجَ النَّبِيُّ صلى الله عليه وسلم إِلَى أُحُدٍ رَجَعَ نَاسٌ مِنْ أَصْحَابِهِ فَقَالَتْ فِرْقَةٌ نَقْتُلُهُمْ‏.‏ وَقَالَتْ فِرْقَةٌ لاَ نَقْتُلُهُمْ‏.‏ فَنَزَلَتْ ‏{‏فَمَا لَكُمْ فِي الْمُنَافِقِينِ فِئَتَيْنِ‏}‏ وَقَالَ النَّبِيُّ صلى الله عليه وسلم ‏\"‏ إِنَّهَا تَنْفِي الرِّجَالَ كَمَا تَنْفِي النَّارُ خَبَثَ الْحَدِيدِ ‏\"‏‏.‏",
      "english": {
        "narrator": "Narrated Zaid bin Thabit:",
        "text": "When the Prophet (ﷺ) went out for (the battle of) Uhud, some of his companions (hypocrites) returned \n(home). A party of the believers remarked that they would kill those (hypocrites) who had returned, \nbut another party said that they would not kill them. So, this Divine Inspiration was revealed: \"Then \nwhat is the matter with you that you are divided into two parties concerning the hypocrites.\" (4.88) \nThe Prophet (ﷺ) said, \"Medina expels the bad persons from it, as fire expels the impurities of iron.\""
      },
      "turkish": {
        "narrator": "Narrated Zaid bin Thabit:",
        "text": "Zeyd bin Sabit'ten rivayet edildi: Peygamber (ﷺ) Uhud (savaşı) için dışarı çıktığında, bazı arkadaşları (münafıklar) geri döndü. Müminlerden bir grup, geri dönenleri öldüreceklerini söyledi, ancak başka bir grup onları öldürmeyeceklerini söyledi. Bunun üzerine bu İlahi Vahiy indirildi: \"O halde, münafıklar hakkında iki gruba ayrılmanızda ne var?\" (4.88) Peygamber (ﷺ) dedi ki: \"Medine, kötüleri dışarı atar, tıpkı ateşin demirin kirlerini dışarı atması gibi.\""
      }
    },
    {
      "id": 19,
      "idInBook": 19,
      "chapterId": 29,
      "bookId": 1,
      "arabic": "حَدَّثَنَا عَبْدُ اللَّهِ بْنُ مُحَمَّدٍ، حَدَّثَنَا وَهْبُ بْنُ جَرِيرٍ، حَدَّثَنَا أَبِي، سَمِعْتُ يُونُسَ، عَنِ ابْنِ شِهَابٍ، عَنْ أَنَسٍ ـ رضى الله عنه ـ عَنِ النَّبِيِّ صلى الله عليه وسلم قَالَ ‏\n\"‏ اللَّهُمَّ اجْعَلْ بِالْمَدِينَةِ ضِعْفَىْ مَا جَعَلْتَ بِمَكَّةَ مِنَ الْبَرَكَةِ ‏\"‏‏.‏ تَابَعَهُ عُثْمَانُ بْنُ عُمَرَ عَنْ يُونُسَ‏.‏",
      "english": {
        "narrator": "Narrated Anas:",
        "text": "The Prophet (ﷺ) said, \"O Allah! Bestow on Medina twice the blessings You bestowed on Mecca.\""
      },
      "turkish": {
        "narrator": "Narrated Anas:",
        "text": "Enes'ten rivayet edildi: Peygamber (ﷺ) dedi ki: \"Ey Allah! Medine'ye, Mekke'ye verdiğin nimetlerin iki katını ver.\""
      }
    },
    {
      "id": 20,
      "idInBook": 20,
      "chapterId": 29,
      "bookId": 1,
      "arabic": "حَدَّثَنَا قُتَيْبَةُ، حَدَّثَنَا إِسْمَاعِيلُ بْنُ جَعْفَرٍ، عَنْ حُمَيْدٍ، عَنْ أَنَسٍ ـ رضى الله عنه ـ أَنَّ النَّبِيَّ صلى الله عليه وسلم كَانَ إِذَا قَدِمَ مِنْ سَفَرٍ، فَنَظَرَ إِلَى جُدُرَاتِ الْمَدِينَةِ أَوْضَعَ رَاحِلَتَهُ، وَإِنْ كَانَ عَلَى دَابَّةٍ، حَرَّكَهَا مِنْ حُبِّهَا‏.‏",
      "english": {
        "narrator": "Narrated Anas:",
        "text": "Whenever the Prophet (ﷺ) returned from a journey and observed the walls of Medina, he would make his \nMount go fast, and if he was on an animal (i.e. a horse), he would make it gallop because of his love \nfor Medina."
      },
      "turkish": {
        "narrator": "Narrated Anas:",
        "text": "Enes'ten rivayet edildi: Peygamber (ﷺ) bir yolculuktan döndüğünde ve Medine'nin duvarlarını gördüğünde, binek hayvanını hızlandırırdı; eğer bir hayvan (yani at) üzerindeyse, Medine'ye olan sevgisinden dolayı onu dörtnala koştururdu."
      }
    },
    {
      "id": 21,
      "idInBook": 21,
      "chapterId": 29,
      "bookId": 1,
      "arabic": "حَدَّثَنَا ابْنُ سَلاَمٍ، أَخْبَرَنَا الْفَزَارِيُّ، عَنْ حُمَيْدٍ الطَّوِيلِ، عَنْ أَنَسٍ ـ رضى الله عنه ـ قَالَ أَرَادَ بَنُو سَلِمَةَ أَنْ يَتَحَوَّلُوا، إِلَى قُرْبِ الْمَسْجِدِ، فَكَرِهَ رَسُولُ اللَّهِ صلى الله عليه وسلم أَنْ تُعْرَى الْمَدِينَةُ، وَقَالَ ‏\n\"‏ يَا بَنِي سَلِمَةَ‏.‏ أَلاَ تَحْتَسِبُونَ آثَارَكُمْ ‏\"‏‏.‏ فَأَقَامُوا‏.‏",
      "english": {
        "narrator": "Narrated Anas:",
        "text": "(The people of) Bani Salama intended to shift near the mosque (of the Prophet) but Allah's Messenger (ﷺ) \ndisliked to see Medina vacated and said, \"O the people of Bani Salama! Don't you think that you will \nbe rewarded for your footsteps which you take towards the mosque?\" So, they stayed at their old \nplaces."
      },
      "turkish": {
        "narrator": "Narrated Anas:",
        "text": "Enes'ten rivayet edildi: Beni Salama (halkı) Peygamber'in (ﷺ) camisinin yanına taşınmayı düşündü, ancak Allah'ın Elçisi (ﷺ) Medine'nin boşaltılmasını istemedi ve \"Ey Beni Salama halkı! Camide attığınız adımlar için mükafat alacağınızı düşünmüyor musunuz?\" dedi. Böylece, eski yerlerinde kaldılar."
      }
    },
    {
      "id": 22,
      "idInBook": 22,
      "chapterId": 29,
      "bookId": 1,
      "arabic": "حَدَّثَنَا مُسَدَّدٌ، عَنْ يَحْيَى، عَنْ عُبَيْدِ اللَّهِ بْنِ عُمَرَ، قَالَ حَدَّثَنِي خُبَيْبُ بْنُ عَبْدِ الرَّحْمَنِ، عَنْ حَفْصِ بْنِ عَاصِمٍ، عَنْ أَبِي هُرَيْرَةَ ـ رضى الله عنه ـ عَنِ النَّبِيِّ صلى الله عليه وسلم قَالَ ‏\n\"‏ مَا بَيْنَ بَيْتِي وَمِنْبَرِي رَوْضَةٌ مِنْ رِيَاضِ الْجَنَّةِ، وَمِنْبَرِي عَلَى حَوْضِي ‏\"‏‏.‏",
      "english": {
        "narrator": "Narrated Abu Huraira:",
        "text": "The Prophet (ﷺ) said, \"There is a garden from the gardens of Paradise between my house and my pulpit, \nand my pulpit is on my Lake Fount (Al-Kauthar)."
      },
      "turkish": {
        "narrator": "Narrated Abu Huraira:",
        "text": "Ebu Hureyre'den rivayet edildi: Peygamber (ﷺ) dedi ki: \"Evimin ve minberimin arasında cennet bahçelerinden bir bahçe vardır ve minberim, benim Kauthar Gölüm üzerindedir.\""
      }
    },
    {
      "id": 23,
      "idInBook": 23,
      "chapterId": 29,
      "bookId": 1,
      "arabic": "حَدَّثَنَا عُبَيْدُ بْنُ إِسْمَاعِيلَ، حَدَّثَنَا أَبُو أُسَامَةَ، عَنْ هِشَامٍ، عَنْ أَبِيهِ، عَنْ عَائِشَةَ ـ رضى الله عنها ـ قَالَتْ لَمَّا قَدِمَ رَسُولُ اللَّهِ صلى الله عليه وسلم الْمَدِينَةَ وُعِكَ أَبُو بَكْرٍ وَبِلاَلٌ، فَكَانَ أَبُو بَكْرٍ إِذَا أَخَذَتْهُ الْحُمَّى يَقُولُ كُلُّ امْرِئٍ مُصَبَّحٌ فِي أَهْلِهِ وَالْمَوْتُ أَدْنَى مِنْ شِرَاكِ نَعْلِهِ وَكَانَ بِلاَلٌ إِذَا أُقْلِعَ عَنْهُ الْحُمَّى يَرْفَعُ عَقِيرَتَهُ يَقُولُ أَلاَ لَيْتَ شِعْرِي هَلْ أَبِيتَنَّ لَيْلَةً بِوَادٍ وَحَوْلِي إِذْخِرٌ وَجَلِيلُ وَهَلْ أَرِدَنْ يَوْمًا مِيَاهَ مَجَنَّةٍ وَهَلْ يَبْدُوَنْ لِي شَامَةٌ وَطَفِيلُ قَالَ اللَّهُمَّ الْعَنْ شَيْبَةَ بْنَ رَبِيعَةَ، وَعُتْبَةَ بْنَ رَبِيعَةَ، وَأُمَيَّةَ بْنَ خَلَفٍ، كَمَا أَخْرَجُونَا مِنْ أَرْضِنَا إِلَى أَرْضِ الْوَبَاءِ ثُمَّ قَالَ رَسُولُ اللَّهِ صلى الله عليه وسلم ‏\n\"‏ اللَّهُمَّ حَبِّبْ إِلَيْنَا الْمَدِينَةَ كَحُبِّنَا مَكَّةَ أَوْ أَشَدَّ، اللَّهُمَّ بَارِكْ لَنَا فِي صَاعِنَا، وَفِي مُدِّنَا، وَصَحِّحْهَا لَنَا وَانْقُلْ حُمَّاهَا إِلَى الْجُحْفَةِ ‏\"‏‏.‏ قَالَتْ وَقَدِمْنَا الْمَدِينَةَ، وَهْىَ أَوْبَأُ أَرْضِ اللَّهِ‏.‏ قَالَتْ فَكَانَ بُطْحَانُ يَجْرِي نَجْلاً‏.‏ تَعْنِي مَاءً آجِنًا‏.‏",
      "english": {
        "narrator": "Narrated `Aisha:",
        "text": "When Allah's Messenger (ﷺ) reached Medina, Abu Bakr and Bilal became ill. When Abu Bakr's fever got \nworse, he would recite (this poetic verse): \"Everybody is staying alive with his People, yet Death is \nnearer to him than His shoe laces.\" And Bilal, when his fever deserted him, would recite: \"Would that \nI could stay overnight in A valley wherein I would be Surrounded by Idhkhir and Jalil (kinds of goodsmelling \ngrass). Would that one day I could Drink the water of the Majanna, and Would that (The two \nmountains) Shama and Tafil would appear to me!\" The Prophet (ﷺ) said, \"O Allah! Curse Shaiba bin \nRabi`a and `Utba bin Rabi`a and Umaiya bin Khalaf as they turned us out of our land to the land of \nepidemics.\" Allah's Messenger (ﷺ) then said, \"O Allah! Make us love Medina as we love Mecca or even \nmore than that. O Allah! Give blessings in our Sa and our Mudd (measures symbolizing food) and \nmake the climate of Medina suitable for us, and divert its fever towards Aljuhfa.\" Aisha added: When \nwe reached Medina, it was the most unhealthy of Allah's lands, and the valley of Bathan (the valley of \nMedina) used to flow with impure colored water."
      },
      "turkish": {
        "narrator": "Narrated `Aisha:",
        "text": "Aişe'den rivayet edildi: Allah'ın Elçisi (ﷺ) Medine'ye ulaştığında, Ebu Bekir ve Bilal hastalandı. Ebu Bekir'in ateşi yükseldiğinde, bu şiirsel dizeyi okurdu: \"Herkes, kendi kavmiyle hayatta kalıyor, ama Ölüm, onun ayakkabı bağcıklarından daha yakındır.\" Bilal ise, ateşi düştüğünde, \"Keşke bir vadide kalsaydım, beni İdhkir ve Jalil (iyi kokulu otlar) sarsın. Keşke bir gün Majanna suyunu içebilseydim ve keşke (iki dağ) Şama ve Tafil bana görünseydi!\" derdi. Peygamber (ﷺ) dedi ki: \"Ey Allah! Şeybe bin Rabi'a, Utbe bin Rabi'a ve Ümeyye bin Halaf'a lanet et, zira bizi topraklarımızdan salgın hastalıklar diyarına sürdüler.\" Allah'ın Elçisi (ﷺ) daha sonra dedi ki: \"Ey Allah! Bize Medine'yi Mekke'yi sevdiğimiz gibi veya ondan daha fazla sevdir. Ey Allah! Sa ve Mudd'ımızda bereket ver ve Medine'nin iklimini bizim için uygun hale getir ve ateşini El-Cuhfa'ya yönlendir.\" Aişe ekledi: \"Medine'ye vardığımızda, Allah'ın topraklarının en sağlıksız olanıydı ve Bathan vadisi (Medine'nin vadisi) kirli renkli suyla akardı.\""
      }
    },
    {
      "id": 24,
      "idInBook": 24,
      "chapterId": 29,
      "bookId": 1,
      "arabic": "حَدَّثَنَا يَحْيَى بْنُ بُكَيْرٍ، حَدَّثَنَا اللَّيْثُ، عَنْ خَالِدِ بْنِ يَزِيدَ، عَنْ سَعِيدِ بْنِ أَبِي هِلاَلٍ، عَنْ زَيْدِ بْنِ أَسْلَمَ، عَنْ أَبِيهِ، عَنْ عُمَرَ ـ رضى الله عنه ـ قَالَ اللَّهُمَّ ارْزُقْنِي شَهَادَةً فِي سَبِيلِكَ، وَاجْعَلْ مَوْتِي فِي بَلَدِ رَسُولِكَ صلى الله عليه وسلم‏.‏ وَقَالَ ابْنُ زُرَيْعٍ عَنْ رَوْحِ بْنِ الْقَاسِمِ، عَنْ زَيْدِ بْنِ أَسْلَمَ، عَنْ أُمِّهِ، عَنْ حَفْصَةَ بِنْتِ عُمَرَ ـ رضى الله عنهما ـ قَالَتْ سَمِعْتُ عُمَرَ، نَحْوَهُ‏.‏ وَقَالَ هِشَامٌ عَنْ زَيْدٍ، عَنْ أَبِيهِ، عَنْ حَفْصَةَ، سَمِعْتُ عُمَرَ، رضى الله عنه‏.‏",
      "english": {
        "narrator": "Narrated Zaid bin Aslam from his father:",
        "text": "`Umar said, O Allah! Grant me martyrdom in Your cause, and let my death be in the city of Your \nApostle.\""
      },
      "turkish": {
        "narrator": "Narrated Zaid bin Aslam from his father:",
        "text": "Zeyd bin Aslam'dan babasından rivayet edildi: Ömer dedi ki: \"Ey Allah! Beni Senin yolunda şehit et ve ölümümü Senin Elçin'in şehrinde kıl.\""
      }
    }
  ],
  "chapter": {
    "id": 29,
    "bookId": 1,
    "arabic": "كتاب فضائل المدينة",
    "english": "Virtues of Madinah"
  }
}