{
  "metadata": {
    "length": 6,
    "arabic": {
      "title": "صحيح البخاري",
      "author": "الإمام محمد بن إسماعيل البخاري",
      "introduction": "كتاب صلاة التراويح"
    },
    "english": {
      "title": "Sahih al-Bukhari",
      "author": "Imam Muhammad ibn Ismail al-Bukhari",
      "introduction": "Praying at Night in Ramadaan (Taraweeh)"
    }
  },
  "hadiths": [
    {
      "id": 1,
      "idInBook": 1,
      "chapterId": 31,
      "bookId": 1,
      "arabic": "حَدَّثَنَا يَحْيَى بْنُ بُكَيْرٍ، حَدَّثَنَا اللَّيْثُ، عَنْ عُقَيْلٍ، عَنِ ابْنِ شِهَابٍ، قَالَ أَخْبَرَنِي أَبُو سَلَمَةَ، أَنَّ أَبَا هُرَيْرَةَ ـ رضى الله عنه ـ قَالَ سَمِعْتُ رَسُولَ اللَّهِ صلى الله عليه وسلم يَقُولُ لِرَمَضَانَ ‏\n\"‏ مَنْ قَامَهُ إِيمَانًا وَاحْتِسَابًا غُفِرَ لَهُ مَا تَقَدَّمَ مِنْ ذَنْبِهِ ‏\"‏‏.‏",
      "english": {
        "narrator": "Narrated Abu Huraira:",
        "text": "I heard Allah's Messenger (ﷺ) saying regarding Ramadan, \"Whoever prayed at night in it (the month of \nRamadan) out of sincere Faith and hoping for a reward from Allah, then all his previous sins will be \nforgiven.\""
      },
      "turkish": {
        "narrator": "Narrated Abu Huraira:",
        "text": "Abu Huraira'dan rivayet edilmiştir: Allah'ın Elçisi (ﷺ) Ramazan hakkında şöyle buyurdu: \"Kim bu ayda (Ramazan) geceleyin samimi bir imanla ve Allah'tan bir ödül umarak namaz kılarsa, geçmişteki tüm günahları affedilir.\""
      }
    },
    {
      "id": 2,
      "idInBook": 2,
      "chapterId": 31,
      "bookId": 1,
      "arabic": "حَدَّثَنَا عَبْدُ اللَّهِ بْنُ يُوسُفَ، أَخْبَرَنَا مَالِكٌ، عَنِ ابْنِ شِهَابٍ، عَنْ حُمَيْدِ بْنِ عَبْدِ الرَّحْمَنِ، عَنْ أَبِي هُرَيْرَةَ ـ رضى الله عنه ـ أَنَّ رَسُولَ اللَّهِ صلى الله عليه وسلم قَالَ ‏\n\"‏ مَنْ قَامَ رَمَضَانَ إِيمَانًا وَاحْتِسَابًا غُفِرَ لَهُ مَا تَقَدَّمَ مِنْ ذَنْبِهِ ‏\"‏‏.‏ قَالَ ابْنُ شِهَابٍ فَتُوُفِّيَ رَسُولُ اللَّهِ صلى الله عليه وسلم وَالأَمْرُ عَلَى ذَلِكَ، ثُمَّ كَانَ الأَمْرُ عَلَى ذَلِكَ فِي خِلاَفَةِ أَبِي بَكْرٍ وَصَدْرًا مِنْ خِلاَفَةِ عُمَرَ ـ رضى الله عنهما.‏",
      "english": {
        "narrator": "Narrated Abu Huraira:",
        "text": "Allah's Messenger (ﷺ) said, \"Whoever prayed at night the whole month of Ramadan out of sincere Faith and hoping for a reward from Allah, then all his previous sins will be forgiven.\" Ibn Shihab (a sub-narrator) said, \"Allah's Messenger (ﷺ) died and the people continued observing that (i.e. Nawafil offered individually, not in congregation), and it remained as it was during the Caliphate of Abu Bakr and in the early days of 'Umar's Caliphate.\""
      },
      "turkish": {
        "narrator": "Narrated Abu Huraira:",
        "text": "Abu Huraira'dan rivayet edilmiştir: Allah'ın Elçisi (ﷺ) şöyle dedi: \"Kim Ramazan ayının tamamında geceleyin samimi bir imanla ve Allah'tan bir ödül umarak namaz kılarsa, geçmişteki tüm günahları affedilir.\" İbn Şihab (bir alt rivayetçi) dedi ki: \"Allah'ın Elçisi (ﷺ) vefat etti ve insanlar bu (yani, cemaatle değil, bireysel olarak kılınan nafile namazlar) uygulamaya devam ettiler ve bu, Ebu Bekir'in halifeliği döneminde ve Ömer'in halifeliğinin ilk günlerinde olduğu gibi kaldı.\""
      }
    },
    {
      "id": 3,
      "idInBook": 3,
      "chapterId": 31,
      "bookId": 1,
      "arabic": "وَعَنِ ابْنِ شِهَابٍ، عَنْ عُرْوَةَ بْنِ الزُّبَيْرِ، عَنْ عَبْدِ الرَّحْمَنِ بْنِ عَبْدٍ الْقَارِيِّ، أَنَّهُ قَالَ خَرَجْتُ مَعَ عُمَرَ بْنِ الْخَطَّابِ ـ رضى الله عنه ـ لَيْلَةً فِي رَمَضَانَ، إِلَى الْمَسْجِدِ، فَإِذَا النَّاسُ أَوْزَاعٌ مُتَفَرِّقُونَ يُصَلِّي الرَّجُلُ لِنَفْسِهِ، وَيُصَلِّي الرَّجُلُ فَيُصَلِّي بِصَلاَتِهِ الرَّهْطُ فَقَالَ عُمَرُ إِنِّي أَرَى لَوْ جَمَعْتُ هَؤُلاَءِ عَلَى قَارِئٍ وَاحِدٍ لَكَانَ أَمْثَلَ‏.‏ ثُمَّ عَزَمَ فَجَمَعَهُمْ عَلَى أُبَىِّ بْنِ كَعْبٍ، ثُمَّ خَرَجْتُ مَعَهُ لَيْلَةً أُخْرَى، وَالنَّاسُ يُصَلُّونَ بِصَلاَةِ قَارِئِهِمْ، قَالَ عُمَرُ نِعْمَ الْبِدْعَةُ هَذِهِ، وَالَّتِي يَنَامُونَ عَنْهَا أَفْضَلُ مِنَ الَّتِي يَقُومُونَ‏.‏ يُرِيدُ آخِرَ اللَّيْلِ، وَكَانَ النَّاسُ يَقُومُونَ أَوَّلَهُ‏.‏",
      "english": {
        "narrator": "",
        "text": "'Abdur Rahman bin 'Abdul Qari said,\n\n\"I went out in the company of 'Umar bin Al-Khattab one night in Ramadan to the mosque and found the people praying in different groups. A man praying alone or a man praying with a little group behind him. So, 'Umar said, 'In my opinion I would better collect these (people) under the leadership of one Qari (Reciter) (i.e. let them pray in congregation!)'. So, he made up his mind to congregate them behind Ubai bin Ka'b. Then on another night I went again in his company and the people were praying behind their reciter. On that, 'Umar remarked, 'What an excellent Bid'a (i.e. innovation in religion) this is; but the prayer which they do not perform, but sleep at its time is better than the one they are offering.' He meant the prayer in the last part of the night. (In those days) people used to pray in the early part of the night.\""
      },
      "turkish": {
        "narrator": "",
        "text": "'Abdur Rahman bin 'Abdul Qari şöyle dedi: \"Bir gece Ramazan'da 'Umar bin Al-Khattab ile birlikte camiye çıktım ve insanların farklı gruplar halinde namaz kıldıklarını gördüm. Bir adam yalnız başına namaz kılıyor ya da arkasında az sayıda insan bulunan bir adam vardı. Bunun üzerine 'Umar dedi ki: 'Bence bu (insanları) bir Kâri (Kur'an okuyan) liderliğinde toplamak daha iyi olur (yani, cemaatle namaz kılmaları için)!'. Böylece onları Ubai bin Ka'b'ın arkasında toplamak için karar verdi. Sonra başka bir gece tekrar onunla birlikte gittim ve insanlar kendi Kâri'lerinin arkasında namaz kılıyorlardı. Bunun üzerine 'Umar şöyle dedi: 'Ne güzel bir Bid'a (yani, dinde yenilik) bu; ama onların kılmadığı, uyudukları zaman kıldıkları namaz, kıldıkları namazdan daha hayırlıdır.' Gece namazını kastetti. (O günlerde) insanlar gecenin erken saatlerinde namaz kılarlardı.\""
      }
    },
    {
      "id": 4,
      "idInBook": 4,
      "chapterId": 31,
      "bookId": 1,
      "arabic": "حَدَّثَنَا إِسْمَاعِيلُ، قَالَ حَدَّثَنِي مَالِكٌ، عَنِ ابْنِ شِهَابٍ، عَنْ عُرْوَةَ بْنِ الزُّبَيْرِ، عَنْ عَائِشَةَ، رضى الله عنها زَوْجِ النَّبِيِّ صلى الله عليه وسلم أَنَّ رَسُولَ اللَّهِ صلى الله عليه وسلم صَلَّى وَذَلِكَ فِي رَمَضَانَ‏.‏",
      "english": {
        "narrator": "Narrated `Aisha:",
        "text": "(the wife of the Prophet) Allah's Messenger (ﷺ) used to pray (at night) in Ramadan."
      },
      "turkish": {
        "narrator": "Narrated `Aisha:",
        "text": "`Aişe'den rivayet edilmiştir: (Peygamberin eşi) Allah'ın Elçisi (ﷺ) Ramazan'da (gece) namaz kılardı."
      }
    },
    {
      "id": 5,
      "idInBook": 5,
      "chapterId": 31,
      "bookId": 1,
      "arabic": "حَدَّثَنَا يَحْيَى بْنُ بُكَيْرٍ، حَدَّثَنَا اللَّيْثُ، عَنْ عُقَيْلٍ، عَنِ ابْنِ شِهَابٍ، أَخْبَرَنِي عُرْوَةُ، أَنَّ عَائِشَةَ ـ رضى الله عنها ـ أَخْبَرَتْهُ أَنَّ رَسُولَ اللَّهِ صلى الله عليه وسلم خَرَجَ لَيْلَةً مِنْ جَوْفِ اللَّيْلِ، فَصَلَّى فِي الْمَسْجِدِ، وَصَلَّى رِجَالٌ بِصَلاَتِهِ، فَأَصْبَحَ النَّاسُ فَتَحَدَّثُوا، فَاجْتَمَعَ أَكْثَرُ مِنْهُمْ، فَصَلَّوْا مَعَهُ، فَأَصْبَحَ النَّاسُ فَتَحَدَّثُوا، فَكَثُرَ أَهْلُ الْمَسْجِدِ مِنَ اللَّيْلَةِ الثَّالِثَةِ، فَخَرَجَ رَسُولُ اللَّهِ صلى الله عليه وسلم فَصَلَّى، فَصَلَّوْا بِصَلاَتِهِ، فَلَمَّا كَانَتِ اللَّيْلَةُ الرَّابِعَةُ عَجَزَ الْمَسْجِدُ عَنْ أَهْلِهِ، حَتَّى خَرَجَ لِصَلاَةِ الصُّبْحِ، فَلَمَّا قَضَى الْفَجْرَ أَقْبَلَ عَلَى النَّاسِ، فَتَشَهَّدَ ثُمَّ قَالَ ‏\n\"‏ أَمَّا بَعْدُ، فَإِنَّهُ لَمْ يَخْفَ عَلَىَّ مَكَانُكُمْ، وَلَكِنِّي خَشِيتُ أَنْ تُفْتَرَضَ عَلَيْكُمْ فَتَعْجِزُوا عَنْهَا ‏\"‏‏.‏ فَتُوُفِّيَ رَسُولُ اللَّهِ صلى الله عليه وسلم وَالأَمْرُ عَلَى ذَلِكَ",
      "english": {
        "narrator": "Narrated 'Urwa:",
        "text": "That he was informed by `Aisha, \"Allah's Messenger (ﷺ) went out in the middle of the night and prayed in \nthe mosque and some men prayed behind him. In the morning, the people spoke about it and then a \nlarge number of them gathered and prayed behind him (on the second night). In the next morning the \npeople again talked about it and on the third night the mosque was full with a large number of people. \nAllah's Messenger (ﷺ) came out and the people prayed behind him. On the fourth night the Mosque was \noverwhelmed with people and could not accommodate them, but the Prophet (ﷺ) came out (only) for the \nmorning prayer. When the morning prayer was finished he recited Tashah-hud and (addressing the \npeople) said, \"Amma ba'du, your presence was not hidden from me but I was afraid lest the night \nprayer (Qiyam) should be enjoined on you and you might not be able to carry it on.\" So, Allah's \nApostle died and the situation remained like that (i.e. people prayed individually). \""
      },
      "turkish": {
        "narrator": "Narrated 'Urwa:",
        "text": "'Urva'dan rivayet edilmiştir: `Aişe'den duyduğuna göre, \"Allah'ın Elçisi (ﷺ) gece yarısı camiye çıktı ve camide bazı adamlar arkasında namaz kıldılar. Sabah olduğunda insanlar bunu konuştu ve sonra aralarından büyük bir grup toplandı ve onun arkasında (ikinci gece) namaz kıldılar. Ertesi sabah insanlar yine bunu konuştu ve üçüncü gece cami kalabalıkla doldu. Allah'ın Elçisi (ﷺ) dışarı çıktı ve insanlar onun arkasında namaz kıldılar. Dördüncü gece cami insanlarla dolup taştı ve onları alacak yer kalmadı, ama Peygamber (ﷺ) sadece sabah namazı için dışarı çıktı. Sabah namazı bitince Tashahhud okudu ve (insanlara hitaben) şöyle dedi: 'Amma ba'du, sizin burada bulunmanız benden gizli değildi ama gece namazının (Kıyam) sizlere farz kılınmasından korktum ve onu yerine getiremeyeceğinizden endişelendim.' Böylece Allah'ın Elçisi vefat etti ve durum böyle devam etti (yani, insanlar bireysel olarak namaz kıldılar).\""
      }
    },
    {
      "id": 6,
      "idInBook": 6,
      "chapterId": 31,
      "bookId": 1,
      "arabic": "حَدَّثَنَا إِسْمَاعِيلُ، قَالَ حَدَّثَنِي مَالِكٌ، عَنْ سَعِيدٍ الْمَقْبُرِيِّ، عَنْ أَبِي سَلَمَةَ بْنِ عَبْدِ الرَّحْمَنِ، أَنَّهُ سَأَلَ عَائِشَةَ ـ رضى الله عنها ـ كَيْفَ كَانَتْ صَلاَةُ رَسُولِ اللَّهِ صلى الله عليه وسلم فِي رَمَضَانَ فَقَالَتْ مَا كَانَ يَزِيدُ فِي رَمَضَانَ، وَلاَ فِي غَيْرِهَا عَلَى إِحْدَى عَشْرَةَ رَكْعَةً، يُصَلِّي أَرْبَعًا فَلاَ تَسَلْ عَنْ حُسْنِهِنَّ وَطُولِهِنَّ، ثُمَّ يُصَلِّي أَرْبَعًا فَلاَ تَسَلْ عَنْ حُسْنِهِنَّ وَطُولِهِنَّ، ثُمَّ يُصَلِّي ثَلاَثًا‏.‏ فَقُلْتُ يَا رَسُولَ اللَّهِ، أَتَنَامُ قَبْلَ أَنْ تُوتِرَ قَالَ ‏\n\"‏ يَا عَائِشَةُ إِنَّ عَيْنَىَّ تَنَامَانِ وَلاَ يَنَامُ قَلْبِي ‏\"‏‏.‏",
      "english": {
        "narrator": "Narrated Abu Salama bin `Abdur Rahman:",
        "text": "that he asked `Aisha \"How was the prayer of Allah's Messenger (ﷺ) in Ramadan?\" She replied, \"He did not \npray more than eleven rak`at in Ramadan or in any other month. He used to pray four rak`at ---- let \nalone their beauty and length----and then he would pray four ----let alone their beauty and length ---- \nand then he would pray three rak`at (witr).\" She added, \"I asked, 'O Allah's Messenger (ﷺ)! Do you sleep \nbefore praying the witr?' He replied, 'O `Aisha! My eyes sleep but my heart does not sleep.\""
      },
      "turkish": {
        "narrator": "Narrated Abu Salama bin `Abdur Rahman:",
        "text": "Abu Salama bin `Abdur Rahman'dan rivayet edilmiştir: O, `Aişe'ye \"Allah'ın Elçisi (ﷺ) Ramazan'da nasıl namaz kılardı?\" diye sordu. O da şöyle cevap verdi: \"O, Ramazan'da veya başka bir ayda on bir rek'attan fazla namaz kılmazdı. Dört rek'at kılardı ---- güzellikleri ve uzunlukları bir yana ---- sonra dört rek'at daha kılardı ---- güzellikleri ve uzunlukları bir yana ---- ve ardından üç rek'at (vitir) kılardı.\" O ekledi: \"Ben sordum, 'Ey Allah'ın Elçisi (ﷺ)! Vitir namazından önce uyur musun?' O da cevap verdi: 'Ey `Aişe! Gözlerim uyur ama kalbim uyumaz.'\""
      }
    }
  ],
  "chapter": {
    "id": 31,
    "bookId": 1,
    "arabic": "كتاب صلاة التراويح",
    "english": "Praying at Night in Ramadaan (Taraweeh)"
  }
}