{
  "metadata": {
    "length": 11,
    "arabic": {
      "title": "صحيح البخاري",
      "author": "الإمام محمد بن إسماعيل البخاري",
      "introduction": "كتاب فضل ليلة القدر"
    },
    "english": {
      "title": "Sahih al-Bukhari",
      "author": "Imam Muhammad ibn Ismail al-Bukhari",
      "introduction": "Virtues of the Night of Qadr"
    }
  },
  "hadiths": [
    {
      "id": 1,
      "idInBook": 1,
      "chapterId": 32,
      "bookId": 1,
      "arabic": "حَدَّثَنَا عَلِيُّ بْنُ عَبْدِ اللَّهِ، حَدَّثَنَا سُفْيَانُ، قَالَ حَفِظْنَاهُ وَإِنَّمَا حَفِظَ مِنَ الزُّهْرِيِّ عَنْ أَبِي سَلَمَةَ عَنْ أَبِي هُرَيْرَةَ ـ رضى الله عنه ـ عَنِ النَّبِيِّ صلى الله عليه وسلم قَالَ ‏\n\"‏ مَنْ صَامَ رَمَضَانَ إِيمَانًا وَاحْتِسَابًا غُفِرَ لَهُ مَا تَقَدَّمَ مِنْ ذَنْبِهِ، وَمَنْ قَامَ لَيْلَةَ الْقَدْرِ إِيمَانًا وَاحْتِسَابًا غُفِرَ لَهُ مَا تَقَدَّمَ مِنْ ذَنْبِهِ ‏\"‏‏.‏ تَابَعَهُ سُلَيْمَانُ بْنُ كَثِيرٍ عَنِ الزُّهْرِيِّ‏.‏",
      "english": {
        "narrator": "Narrated Abu Huraira:",
        "text": "The Prophet (ﷺ) said, \"Whoever fasted the month of Ramadan out of sincere Faith (i.e. belief) and hoping \nfor a reward from Allah, then all his past sins will be forgiven, and whoever stood for the prayers in \nthe night of Qadr out of sincere Faith and hoping for a reward from Allah, then all his previous sins \nwill be forgiven .\""
      },
      "turkish": {
        "narrator": "Narrated Abu Huraira:",
        "text": "Abu Huraira'dan rivayet edilmiştir: Peygamber (ﷺ) şöyle buyurdu: \"Kim Ramazan ayını samimi bir imanla (yani inançla) ve Allah'tan bir ödül umarak oruç tutarsa, geçmişteki tüm günahları affedilir; kim de Kadir Gecesi'nde samimi bir imanla ve Allah'tan bir ödül umarak namaz kılarsa, onun da geçmişteki tüm günahları affedilir.\""
      }
    },
    {
      "id": 2,
      "idInBook": 2,
      "chapterId": 32,
      "bookId": 1,
      "arabic": "حَدَّثَنَا عَبْدُ اللَّهِ بْنُ يُوسُفَ، أَخْبَرَنَا مَالِكٌ، عَنْ نَافِعٍ، عَنِ ابْنِ عُمَرَ ـ رضى الله عنهما ـ أَنَّ رِجَالاً، مِنْ أَصْحَابِ النَّبِيِّ صلى الله عليه وسلم أُرُوا لَيْلَةَ الْقَدْرِ فِي الْمَنَامِ فِي السَّبْعِ الأَوَاخِرِ، فَقَالَ رَسُولُ اللَّهِ صلى الله عليه وسلم ‏\n\"‏ أَرَى رُؤْيَاكُمْ قَدْ تَوَاطَأَتْ فِي السَّبْعِ الأَوَاخِرِ، فَمَنْ كَانَ مُتَحَرِّيَهَا فَلْيَتَحَرَّهَا فِي السَّبْعِ الأَوَاخِرِ ‏\"‏‏.‏",
      "english": {
        "narrator": "Narrated Ibn `Umar:",
        "text": "Some men amongst the companions of the Prophet (ﷺ) were shown in their dreams that the night of Qadr \nwas in the last seven nights of Ramadan. Allah's Messenger (ﷺ) said, \"It seems that all your dreams agree \nthat (the Night of Qadr) is in the last seven nights, and whoever wants to search for it (i.e. the Night of \nQadr) should search in the last seven (nights of Ramadan)."
      },
      "turkish": {
        "narrator": "Narrated Ibn `Umar:",
        "text": "İbn `Umar'dan rivayet edilmiştir: Peygamber (ﷺ) arkadaşlarından bazı erkeklerin rüyalarında Kadir Gecesi'nin Ramazan'ın son yedi gecesinde olduğunu gördüklerini söyledi. Allah'ın Elçisi (ﷺ) şöyle dedi: \"Görünüşe göre tüm rüyalarınız Kadir Gecesi'nin son yedi gecede olduğunu onaylıyor; kim onu aramak istiyorsa, Ramazan'ın son yedi gecesinde aramalıdır.\""
      }
    },
    {
      "id": 3,
      "idInBook": 3,
      "chapterId": 32,
      "bookId": 1,
      "arabic": "حَدَّثَنَا مُعَاذُ بْنُ فَضَالَةَ، حَدَّثَنَا هِشَامٌ، عَنْ يَحْيَى، عَنْ أَبِي سَلَمَةَ، قَالَ سَأَلْتُ أَبَا سَعِيدٍ وَكَانَ لِي صَدِيقًا فَقَالَ اعْتَكَفْنَا مَعَ النَّبِيِّ صلى الله عليه وسلم الْعَشْرَ الأَوْسَطَ مِنْ رَمَضَانَ، فَخَرَجَ صَبِيحَةَ عِشْرِينَ، فَخَطَبَنَا وَقَالَ ‏\n\"‏ إِنِّي أُرِيتُ لَيْلَةَ الْقَدْرِ، ثُمَّ أُنْسِيتُهَا أَوْ نُسِّيتُهَا، فَالْتَمِسُوهَا فِي الْعَشْرِ الأَوَاخِرِ فِي الْوَتْرِ، وَإِنِّي رَأَيْتُ أَنِّي أَسْجُدُ فِي مَاءٍ وَطِينٍ، فَمَنْ كَانَ اعْتَكَفَ مَعَ رَسُولِ اللَّهِ صلى الله عليه وسلم فَلْيَرْجِعْ ‏\"‏‏.‏ فَرَجَعْنَا وَمَا نَرَى فِي السَّمَاءِ قَزَعَةً، فَجَاءَتْ سَحَابَةٌ فَمَطَرَتْ حَتَّى سَالَ سَقْفُ الْمَسْجِدِ وَكَانَ مِنْ جَرِيدِ النَّخْلِ، وَأُقِيمَتِ الصَّلاَةُ، فَرَأَيْتُ رَسُولَ اللَّهِ صلى الله عليه وسلم يَسْجُدُ فِي الْمَاءِ وَالطِّينِ، حَتَّى رَأَيْتُ أَثَرَ الطِّينِ فِي جَبْهَتِهِ‏.‏",
      "english": {
        "narrator": "Narrated Abu Salama:",
        "text": "I asked Abu Sa`id, and he was a friend of mine, (about the Night of Qadr) and he said, \"We practiced \nI`tikaf (seclusion in the mosque) in the middle third of the month of Ramadan with the Prophet (ﷺ) . In the \nmorning of the 20th of Ramadan, the Prophet (ﷺ) came and addressed us and said, 'I was informed of (the \ndate of the Night of Qadr) but I was caused to forget it; so search for it in the odd nights of the last ten \nnights of the month of Ramadan. (In the dream) I saw myself prostrating in mud and water (as a sign). \nSo, whoever was in I`tikaf with me should return to it with me (for another 10-day's period)', and we \nreturned. At that time there was no sign of clouds in the sky but suddenly a cloud came and it rained \ntill rainwater started leaking through the roof of the mosque which was made of date-palm leaf stalks. \nThen the prayer was established and I saw Allah's Messenger (ﷺ) prostrating in mud and water and I saw the \ntraces of mud on his forehead.\""
      },
      "turkish": {
        "narrator": "Narrated Abu Salama:",
        "text": "Abu Salama'dan rivayet edilmiştir: Abu Sa`id'e (Kadir Gecesi hakkında) sordum, o benim arkadaşım idi ve şöyle dedi: \"Peygamber (ﷺ) ile Ramazan ayının ortasında İ`tikaf (camiye çekilme) yaptık. Ramazan'ın 20. sabahında Peygamber (ﷺ) geldi ve bize hitap ederek, 'Kadir Gecesi'nin tarihini bana bildirdiler ama unutturdular; bu yüzden onu Ramazan'ın son on gecesinin tek gecelerinde arayın. (Rüyamda) kendimi çamur ve suda secde ederken gördüm (bir işaret olarak). O yüzden benimle birlikte İ`tikaf'ta bulunan herkes benimle birlikte geri dönmelidir (başka bir 10 gün için)' dedi ve biz geri döndük. O zaman gökyüzünde bulut yoktu ama aniden bir bulut geldi ve yağmur yağmaya başladı, caminin hurma yaprağı saplarından yapılmış çatısından yağmur suyu sızmaya başladı. Sonra namaz kılındı ve ben Allah'ın Elçisi (ﷺ) çamur ve suda secde ederken gördüm ve alnında çamur izlerini gördüm.\""
      }
    },
    {
      "id": 4,
      "idInBook": 4,
      "chapterId": 32,
      "bookId": 1,
      "arabic": "حَدَّثَنَا قُتَيْبَةُ بْنُ سَعِيدٍ، حَدَّثَنَا إِسْمَاعِيلُ بْنُ جَعْفَرٍ، حَدَّثَنَا أَبُو سُهَيْلٍ، عَنْ أَبِيهِ، عَنْ عَائِشَةَ ـ رضى الله عنها ـ أَنَّ رَسُولَ اللَّهِ صلى الله عليه وسلم قَالَ ‏\n\"‏ تَحَرَّوْا لَيْلَةَ الْقَدْرِ فِي الْوِتْرِ مِنَ الْعَشْرِ الأَوَاخِرِ مِنْ رَمَضَانَ ‏\"‏‏.‏",
      "english": {
        "narrator": "Narrated `Aisha:",
        "text": "Allah's Messenger (ﷺ) said, \"Search for the Night of Qadr in the odd nights of the last ten days of Ramadan.\""
      },
      "turkish": {
        "narrator": "Narrated `Aisha:",
        "text": "Aişe'den rivayet edilmiştir: Allah'ın Elçisi (ﷺ) şöyle dedi: \"Kadir Gecesi'ni Ramazan'ın son on gününün tek gecelerinde arayın.\""
      }
    },
    {
      "id": 5,
      "idInBook": 5,
      "chapterId": 32,
      "bookId": 1,
      "arabic": "حَدَّثَنَا إِبْرَاهِيمُ بْنُ حَمْزَةَ، قَالَ حَدَّثَنِي ابْنُ أَبِي حَازِمٍ، وَالدَّرَاوَرْدِيُّ، عَنْ يَزِيدَ، عَنْ مُحَمَّدِ بْنِ إِبْرَاهِيمَ، عَنْ أَبِي سَلَمَةَ، عَنْ أَبِي سَعِيدٍ الْخُدْرِيِّ ـ رضى الله عنه ـ‏.‏ كَانَ رَسُولُ اللَّهِ صلى الله عليه وسلم يُجَاوِرُ فِي رَمَضَانَ الْعَشْرَ الَّتِي فِي وَسَطِ الشَّهْرِ، فَإِذَا كَانَ حِينَ يُمْسِي مِنْ عِشْرِينَ لَيْلَةً تَمْضِي، وَيَسْتَقْبِلُ إِحْدَى وَعِشْرِينَ، رَجَعَ إِلَى مَسْكَنِهِ وَرَجَعَ مَنْ كَانَ يُجَاوِرُ مَعَهُ‏.‏ وَأَنَّهُ أَقَامَ فِي شَهْرٍ جَاوَرَ فِيهِ اللَّيْلَةَ الَّتِي كَانَ يَرْجِعُ فِيهَا، فَخَطَبَ النَّاسَ، فَأَمَرَهُمْ مَا شَاءَ اللَّهُ، ثُمَّ قَالَ ‏\n\"‏ كُنْتُ أُجَاوِرُ هَذِهِ الْعَشْرَ، ثُمَّ قَدْ بَدَا لِي أَنْ أُجَاوِرَ هَذِهِ الْعَشْرَ الأَوَاخِرَ، فَمَنْ كَانَ اعْتَكَفَ مَعِي فَلْيَثْبُتْ فِي مُعْتَكَفِهِ، وَقَدْ أُرِيتُ هَذِهِ اللَّيْلَةَ ثُمَّ أُنْسِيتُهَا فَابْتَغُوهَا فِي الْعَشْرِ الأَوَاخِرِ وَابْتَغُوهَا فِي كُلِّ وِتْرٍ، وَقَدْ رَأَيْتُنِي أَسْجُدُ فِي مَاءٍ وَطِينٍ ‏\"‏‏.‏ فَاسْتَهَلَّتِ السَّمَاءُ فِي تِلْكَ اللَّيْلَةِ، فَأَمْطَرَتْ، فَوَكَفَ الْمَسْجِدُ فِي مُصَلَّى النَّبِيِّ صلى الله عليه وسلم لَيْلَةَ إِحْدَى وَعِشْرِينَ، فَبَصُرَتْ عَيْنِي رَسُولَ اللَّهِ صلى الله عليه وسلم وَنَظَرْتُ إِلَيْهِ انْصَرَفَ مِنَ الصُّبْحِ، وَوَجْهُهُ مُمْتَلِئٌ طِينًا وَمَاءً‏.‏",
      "english": {
        "narrator": "Narrated Abu Sa`id Al-Khudri:",
        "text": "Allah's Messenger (ﷺ) used to practice I`tikaf (in the mosque) in the middle third of Ramadan and after \npassing the twenty nights he used to go back to his house on the 21st, and the people who were in \nI`tikaf with him also used to go back to their houses. Once in Ramadan, in which he practiced I`tikaf, \nhe established the night prayers at the night in which he used to return home, and then he addressed \nthe people and ordered them whatever Allah wished him to order and said, \"I used to practice I`tikaf \nfor these ten days (i.e. the middle third but now I intend to stay in I`tikaf for the last ten days (of the \nmonth); so whoever was in I`tikaf with me should stay at his place of seclusion. I have verily been \nshown (the date of) this Night (of Qadr) but I have forgotten it. So search for it in the odd nights of the \nlast ten days (of this month). I also saw myself (in the dream) prostrating in mud and water.\" On the \nnight of the 21st, the sky was covered with clouds and it rained, and the rainwater started leaking \nthrough the roof of the mosque at the praying place of the Prophet (ﷺ) . I saw with my own eyes the \nProphet at the completion of the morning prayer leaving with his face covered with mud and water."
      },
      "turkish": {
        "narrator": "Narrated Abu Sa`id Al-Khudri:",
        "text": "Abu Sa`id Al-Khudri'den rivayet edilmiştir: Allah'ın Elçisi (ﷺ) Ramazan'ın ortasında İ`tikaf yapardı ve yirmi gece geçtikten sonra 21. günde evine dönerdi; onunla birlikte İ`tikaf'ta bulunan insanlar da evlerine dönerdi. Ramazan'da, İ`tikaf yaptığı bir gece, evine döneceği gecede gece namazlarını kıldırdı ve sonra insanlara hitap ederek Allah'ın istediği her şeyi emretti ve şöyle dedi: \"Bu on gün (yani ortası için) İ`tikaf yapıyordum ama şimdi bu ayın son on günü için İ`tikaf yapmayı düşünüyorum; benimle birlikte İ`tikaf'ta bulunan herkes yerinde kalmalıdır. Gerçekten bu Gecenin (Kadir Gecesi) tarihini bana gösterdiler ama unuttum. O yüzden onu bu ayın son on gününün tek gecelerinde arayın. Rüyamda kendimi çamur ve suda secde ederken gördüm.\" 21. gecede gökyüzü bulutlarla kaplıydı ve yağmur yağdı, ve yağmur suyu Peygamber'in (ﷺ) namaz kıldığı yerin caminin çatısından sızmaya başladı. Ben kendi gözlerimle sabah namazını tamamladıktan sonra Peygamber'in (ﷺ) yüzü çamur ve suyla kaplı bir şekilde çıktığını gördüm."
      }
    },
    {
      "id": 6,
      "idInBook": 6,
      "chapterId": 32,
      "bookId": 1,
      "arabic": "حَدَّثَنَا مُحَمَّدُ بْنُ الْمُثَنَّى، حَدَّثَنَا يَحْيَى، عَنْ هِشَامٍ، قَالَ أَخْبَرَنِي أَبِي، عَنْ عَائِشَةَ ـ رضى الله عنها ـ عَنِ النَّبِيِّ صلى الله عليه وسلم قَالَ ‏\n\"‏ الْتَمِسُوا ‏\"‏‏.‏",
      "english": {
        "narrator": "Narrated `Aisha:",
        "text": "The Prophet (ﷺ) said, \"Look for (the Night of Qadr)."
      },
      "turkish": {
        "narrator": "Narrated `Aisha:",
        "text": "Aişe'den rivayet edilmiştir: Peygamber (ﷺ) şöyle dedi: \"Kadir Gecesi'ni arayın.\""
      }
    },
    {
      "id": 7,
      "idInBook": 7,
      "chapterId": 32,
      "bookId": 1,
      "arabic": "حَدَّثَنِي مُحَمَّدٌ، أَخْبَرَنَا عَبْدَةُ، عَنْ هِشَامِ بْنِ عُرْوَةَ، عَنْ أَبِيهِ، عَنْ عَائِشَةَ، قَالَتْ كَانَ رَسُولُ اللَّهِ صلى الله عليه وسلم يُجَاوِرُ فِي الْعَشْرِ الأَوَاخِرِ مِنْ رَمَضَانَ، وَيَقُولُ ‏\n\"‏ تَحَرَّوْا لَيْلَةَ الْقَدْرِ فِي الْعَشْرِ الأَوَاخِرِ مِنْ رَمَضَانَ ‏\"‏‏.‏",
      "english": {
        "narrator": "Narrated `Aisha:",
        "text": "Allah's Messenger (ﷺ) used to practice I`tikaf in the last ten nights of Ramadan and used to say, \"Look for \nthe Night of Qadr in the last ten nights of the month of Ramadan.\""
      },
      "turkish": {
        "narrator": "Narrated `Aisha:",
        "text": "Aişe'den rivayet edilmiştir: Allah'ın Elçisi (ﷺ) Ramazan'ın son on gecesinde İ`tikaf yapardı ve şöyle derdi: \"Kadir Gecesi'ni Ramazan ayının son on gecesinde arayın.\""
      }
    },
    {
      "id": 8,
      "idInBook": 8,
      "chapterId": 32,
      "bookId": 1,
      "arabic": "حَدَّثَنَا مُوسَى بْنُ إِسْمَاعِيلَ، حَدَّثَنَا وُهَيْبٌ، حَدَّثَنَا أَيُّوبُ، عَنْ عِكْرِمَةَ، عَنِ ابْنِ عَبَّاسٍ ـ رضى الله عنهما ـ أَنَّ النَّبِيَّ صلى الله عليه وسلم قَالَ ‏\n\"‏ الْتَمِسُوهَا فِي الْعَشْرِ الأَوَاخِرِ مِنْ رَمَضَانَ لَيْلَةَ الْقَدْرِ فِي تَاسِعَةٍ تَبْقَى، فِي سَابِعَةٍ تَبْقَى، فِي خَامِسَةٍ تَبْقَى ‏\"‏‏.‏",
      "english": {
        "narrator": "Narrated Ibn `Abbas:",
        "text": "The Prophet (ﷺ) said, \"Look for the Night of Qadr in the last ten nights of Ramadan ,' on the night when \nnine or seven or five nights remain out of the last ten nights of Ramadan (i.e. 21, 23, 25, respectively)."
      },
      "turkish": {
        "narrator": "Narrated Ibn `Abbas:",
        "text": "İbn `Abbas'tan rivayet edilmiştir: Peygamber (ﷺ) şöyle dedi: \"Kadir Gecesi'ni Ramazan'ın son on gecesinde arayın; son on geceden dokuz veya yedi veya beş gece kaldığında (yani 21, 23, 25. gecelerde).\""
      }
    },
    {
      "id": 9,
      "idInBook": 9,
      "chapterId": 32,
      "bookId": 1,
      "arabic": "حَدَّثَنَا عَبْدُ اللَّهِ بْنُ أَبِي الأَسْوَدِ، حَدَّثَنَا عَبْدُ الْوَاحِدِ، حَدَّثَنَا عَاصِمٌ، عَنْ أَبِي مِجْلَزٍ، وَعِكْرِمَةَ، قَالَ ابْنُ عَبَّاسٍ ـ رضى الله عنهما ـ قَالَ قَالَ رَسُولُ اللَّهِ صلى الله عليه وسلم ‏\n\"‏ هِيَ فِي الْعَشْرِ، هِيَ فِي تِسْعٍ يَمْضِينَ أَوْ فِي سَبْعٍ يَبْقَيْنَ ‏\"‏‏.‏ يَعْنِي لَيْلَةَ الْقَدْرِ‏.‏ قَالَ عَبْدُ الْوَهَّابِ عَنْ أَيُّوبَ‏.‏ وَعَنْ خَالِدٍ عَنْ عِكْرِمَةَ عَنِ ابْنِ عَبَّاسٍ الْتَمِسُوا فِي أَرْبَعٍ وَعِشْرِينَ‏.‏",
      "english": {
        "narrator": "Narrated Ibn `Abbas:",
        "text": "Allah's Messenger (ﷺ) said, \"The Night of Qadr is in the last ten nights of the month (Ramadan), either on \nthe first nine or in the last (remaining) seven nights (of Ramadan).\" Ibn `Abbas added, \"Search for it \non the twenty-fourth (of Ramadan)."
      },
      "turkish": {
        "narrator": "Narrated Ibn `Abbas:",
        "text": "İbn `Abbas'tan rivayet edilmiştir: Allah'ın Elçisi (ﷺ) şöyle dedi: \"Kadir Gecesi, ayın (Ramazan) son on gecesinde, ya ilk dokuzunda ya da son (kalan) yedi gecesinde (bulunmaktadır).\" İbn `Abbas ekledi: \"Onu Ramazan'ın yirmi dördüncü gecesinde arayın.\""
      }
    },
    {
      "id": 10,
      "idInBook": 10,
      "chapterId": 32,
      "bookId": 1,
      "arabic": "حَدَّثَنَا مُحَمَّدُ بْنُ الْمُثَنَّى، حَدَّثَنَا خَالِدُ بْنُ الْحَارِثِ، حَدَّثَنَا حُمَيْدٌ، حَدَّثَنَا أَنَسٌ، عَنْ عُبَادَةَ بْنِ الصَّامِتِ، قَالَ خَرَجَ النَّبِيُّ صلى الله عليه وسلم لِيُخْبِرَنَا بِلَيْلَةِ الْقَدْرِ، فَتَلاَحَى رَجُلاَنِ مِنَ الْمُسْلِمِينَ، فَقَالَ ‏\n\"‏ خَرَجْتُ لأُخْبِرَكُمْ بِلَيْلَةِ الْقَدْرِ، فَتَلاَحَى فُلاَنٌ وَفُلاَنٌ، فَرُفِعَتْ، وَعَسَى أَنْ يَكُونَ خَيْرًا لَكُمْ، فَالْتَمِسُوهَا فِي التَّاسِعَةِ وَالسَّابِعَةِ وَالْخَامِسَةِ ‏\"‏‏.‏",
      "english": {
        "narrator": "Narrated 'Ubada bin As-Samit:",
        "text": "The Prophet (ﷺ) came out to inform us about the Night of Qadr but two Muslims were quarreling with \neach other. So, the Prophet (ﷺ) said, \"I came out to inform you about the Night of Qadr but such-and-such \npersons were quarreling, so the news about it had been taken away; yet that might be for your own \ngood, so search for it on the 29th, 27th and 25th (of Ramadan)."
      },
      "turkish": {
        "narrator": "Narrated 'Ubada bin As-Samit:",
        "text": "Ubade bin As-Samit'ten rivayet edilmiştir: Peygamber (ﷺ) Kadir Gecesi hakkında bize bilgi vermek için dışarı çıktı ama iki Müslüman birbirleriyle tartışıyordu. Bunun üzerine Peygamber (ﷺ) şöyle dedi: \"Kadir Gecesi hakkında size bilgi vermek için dışarı çıktım ama şu kişiler tartışıyordu, bu yüzden onun haberi alındı; yine de bu sizin iyiliğiniz içindir, o yüzden 29., 27. ve 25. gecelerde arayın.\""
      }
    },
    {
      "id": 11,
      "idInBook": 11,
      "chapterId": 32,
      "bookId": 1,
      "arabic": "حَدَّثَنَا عَلِيُّ بْنُ عَبْدِ اللَّهِ، حَدَّثَنَا سُفْيَانُ، عَنْ أَبِي يَعْفُورٍ، عَنْ أَبِي الضُّحَى، عَنْ مَسْرُوقٍ، عَنْ عَائِشَةَ ـ رضى الله عنها ـ قَالَتْ كَانَ النَّبِيُّ صلى الله عليه وسلم إِذَا دَخَلَ الْعَشْرُ شَدَّ مِئْزَرَهُ، وَأَحْيَا لَيْلَهُ، وَأَيْقَظَ أَهْلَهُ‏.‏",
      "english": {
        "narrator": "Narrated Aisha:",
        "text": "With the start of the last ten days of Ramadan, the Prophet (ﷺ) used to tighten his waist belt (i.e. work \nhard) and used to pray all the night, and used to keep his family awake for the prayers."
      },
      "turkish": {
        "narrator": "Narrated Aisha:",
        "text": "Aişe'den rivayet edilmiştir: Ramazan'ın son on gününün başlamasıyla birlikte Peygamber (ﷺ) belini sıkı bağlardı (yani çok çalışırdı) ve tüm gece namaz kılar, ailesini de namaz için uyandırırdı."
      }
    }
  ],
  "chapter": {
    "id": 32,
    "bookId": 1,
    "arabic": "كتاب فضل ليلة القدر",
    "english": "Virtues of the Night of Qadr"
  }
}