{"metadata":{"length":11,"arabic":{"title":"صحيح البخاري","author":"الإمام محمد بن إسماعيل البخاري","introduction":"كتاب فضل ليلة القدر"},"english":{"title":"Sahih al-Bukhari","author":"Imam Muhammad ibn Ismail al-Bukhari","introduction":"Virtues of the Night of Qadr"}},"hadiths":[{"id":1,"idInBook":1,"chapterId":32,"bookId":1,"arabic":"حَدَّثَنَا عَلِيُّ بْنُ عَبْدِ اللَّهِ، حَدَّثَنَا سُفْيَانُ، قَالَ حَفِظْنَاهُ وَإِنَّمَا حَفِظَ مِنَ الزُّهْرِيِّ عَنْ أَبِي سَلَمَةَ عَنْ أَبِي هُرَيْرَةَ ـ رضى الله عنه ـ عَنِ النَّبِيِّ صلى الله عليه وسلم قَالَ ‏\n\"‏ مَنْ صَامَ رَمَضَانَ إِيمَانًا وَاحْتِسَابًا غُفِرَ لَهُ مَا تَقَدَّمَ مِنْ ذَنْبِهِ، وَمَنْ قَامَ لَيْلَةَ الْقَدْرِ إِيمَانًا وَاحْتِسَابًا غُفِرَ لَهُ مَا تَقَدَّمَ مِنْ ذَنْبِهِ ‏\"‏‏.‏ تَابَعَهُ سُلَيْمَانُ بْنُ كَثِيرٍ عَنِ الزُّهْرِيِّ‏.‏","english":{"narrator":"Narrated Abu Huraira:","text":"The Prophet (ﷺ) said, \"Whoever fasted the month of Ramadan out of sincere Faith (i.e. belief) and hoping \nfor a reward from Allah, then all his past sins will be forgiven, and whoever stood for the prayers in \nthe night of Qadr out of sincere Faith and hoping for a reward from Allah, then all his previous sins \nwill be forgiven .\""}},{"id":2,"idInBook":2,"chapterId":32,"bookId":1,"arabic":"حَدَّثَنَا عَبْدُ اللَّهِ بْنُ يُوسُفَ، أَخْبَرَنَا مَالِكٌ، عَنْ نَافِعٍ، عَنِ ابْنِ عُمَرَ ـ رضى الله عنهما ـ أَنَّ رِجَالاً، مِنْ أَصْحَابِ النَّبِيِّ صلى الله عليه وسلم أُرُوا لَيْلَةَ الْقَدْرِ فِي الْمَنَامِ فِي السَّبْعِ الأَوَاخِرِ، فَقَالَ رَسُولُ اللَّهِ صلى الله عليه وسلم ‏\n\"‏ أَرَى رُؤْيَاكُمْ قَدْ تَوَاطَأَتْ فِي السَّبْعِ الأَوَاخِرِ، فَمَنْ كَانَ مُتَحَرِّيَهَا فَلْيَتَحَرَّهَا فِي السَّبْعِ الأَوَاخِرِ ‏\"‏‏.‏","english":{"narrator":"Narrated Ibn `Umar:","text":"Some men amongst the companions of the Prophet (ﷺ) were shown in their dreams that the night of Qadr \nwas in the last seven nights of Ramadan. Allah's Messenger (ﷺ) said, \"It seems that all your dreams agree \nthat (the Night of Qadr) is in the last seven nights, and whoever wants to search for it (i.e. the Night of \nQadr) should search in the last seven (nights of Ramadan)."}},{"id":3,"idInBook":3,"chapterId":32,"bookId":1,"arabic":"حَدَّثَنَا مُعَاذُ بْنُ فَضَالَةَ، حَدَّثَنَا هِشَامٌ، عَنْ يَحْيَى، عَنْ أَبِي سَلَمَةَ، قَالَ سَأَلْتُ أَبَا سَعِيدٍ وَكَانَ لِي صَدِيقًا فَقَالَ اعْتَكَفْنَا مَعَ النَّبِيِّ صلى الله عليه وسلم الْعَشْرَ الأَوْسَطَ مِنْ رَمَضَانَ، فَخَرَجَ صَبِيحَةَ عِشْرِينَ، فَخَطَبَنَا وَقَالَ ‏\n\"‏ إِنِّي أُرِيتُ لَيْلَةَ الْقَدْرِ، ثُمَّ أُنْسِيتُهَا أَوْ نُسِّيتُهَا، فَالْتَمِسُوهَا فِي الْعَشْرِ الأَوَاخِرِ فِي الْوَتْرِ، وَإِنِّي رَأَيْتُ أَنِّي أَسْجُدُ فِي مَاءٍ وَطِينٍ، فَمَنْ كَانَ اعْتَكَفَ مَعَ رَسُولِ اللَّهِ صلى الله عليه وسلم فَلْيَرْجِعْ ‏\"‏‏.‏ فَرَجَعْنَا وَمَا نَرَى فِي السَّمَاءِ قَزَعَةً، فَجَاءَتْ سَحَابَةٌ فَمَطَرَتْ حَتَّى سَالَ سَقْفُ الْمَسْجِدِ وَكَانَ مِنْ جَرِيدِ النَّخْلِ، وَأُقِيمَتِ الصَّلاَةُ، فَرَأَيْتُ رَسُولَ اللَّهِ صلى الله عليه وسلم يَسْجُدُ فِي الْمَاءِ وَالطِّينِ، حَتَّى رَأَيْتُ أَثَرَ الطِّينِ فِي جَبْهَتِهِ‏.‏","english":{"narrator":"Narrated Abu Salama:","text":"I asked Abu Sa`id, and he was a friend of mine, (about the Night of Qadr) and he said, \"We practiced \nI`tikaf (seclusion in the mosque) in the middle third of the month of Ramadan with the Prophet (ﷺ) . In the \nmorning of the 20th of Ramadan, the Prophet (ﷺ) came and addressed us and said, 'I was informed of (the \ndate of the Night of Qadr) but I was caused to forget it; so search for it in the odd nights of the last ten \nnights of the month of Ramadan. (In the dream) I saw myself prostrating in mud and water (as a sign). \nSo, whoever was in I`tikaf with me should return to it with me (for another 10-day's period)', and we \nreturned. At that time there was no sign of clouds in the sky but suddenly a cloud came and it rained \ntill rainwater started leaking through the roof of the mosque which was made of date-palm leaf stalks. \nThen the prayer was established and I saw Allah's Messenger (ﷺ) prostrating in mud and water and I saw the \ntraces of mud on his forehead.\""}},{"id":4,"idInBook":4,"chapterId":32,"bookId":1,"arabic":"حَدَّثَنَا قُتَيْبَةُ بْنُ سَعِيدٍ، حَدَّثَنَا إِسْمَاعِيلُ بْنُ جَعْفَرٍ، حَدَّثَنَا أَبُو سُهَيْلٍ، عَنْ أَبِيهِ، عَنْ عَائِشَةَ ـ رضى الله عنها ـ أَنَّ رَسُولَ اللَّهِ صلى الله عليه وسلم قَالَ ‏\n\"‏ تَحَرَّوْا لَيْلَةَ الْقَدْرِ فِي الْوِتْرِ مِنَ الْعَشْرِ الأَوَاخِرِ مِنْ رَمَضَانَ ‏\"‏‏.‏","english":{"narrator":"Narrated `Aisha:","text":"Allah's Messenger (ﷺ) said, \"Search for the Night of Qadr in the odd nights of the last ten days of Ramadan.\""}},{"id":5,"idInBook":5,"chapterId":32,"bookId":1,"arabic":"حَدَّثَنَا إِبْرَاهِيمُ بْنُ حَمْزَةَ، قَالَ حَدَّثَنِي ابْنُ أَبِي حَازِمٍ، وَالدَّرَاوَرْدِيُّ، عَنْ يَزِيدَ، عَنْ مُحَمَّدِ بْنِ إِبْرَاهِيمَ، عَنْ أَبِي سَلَمَةَ، عَنْ أَبِي سَعِيدٍ الْخُدْرِيِّ ـ رضى الله عنه ـ‏.‏ كَانَ رَسُولُ اللَّهِ صلى الله عليه وسلم يُجَاوِرُ فِي رَمَضَانَ الْعَشْرَ الَّتِي فِي وَسَطِ الشَّهْرِ، فَإِذَا كَانَ حِينَ يُمْسِي مِنْ عِشْرِينَ لَيْلَةً تَمْضِي، وَيَسْتَقْبِلُ إِحْدَى وَعِشْرِينَ، رَجَعَ إِلَى مَسْكَنِهِ وَرَجَعَ مَنْ كَانَ يُجَاوِرُ مَعَهُ‏.‏ وَأَنَّهُ أَقَامَ فِي شَهْرٍ جَاوَرَ فِيهِ اللَّيْلَةَ الَّتِي كَانَ يَرْجِعُ فِيهَا، فَخَطَبَ النَّاسَ، فَأَمَرَهُمْ مَا شَاءَ اللَّهُ، ثُمَّ قَالَ ‏\n\"‏ كُنْتُ أُجَاوِرُ هَذِهِ الْعَشْرَ، ثُمَّ قَدْ بَدَا لِي أَنْ أُجَاوِرَ هَذِهِ الْعَشْرَ الأَوَاخِرَ، فَمَنْ كَانَ اعْتَكَفَ مَعِي فَلْيَثْبُتْ فِي مُعْتَكَفِهِ، وَقَدْ أُرِيتُ هَذِهِ اللَّيْلَةَ ثُمَّ أُنْسِيتُهَا فَابْتَغُوهَا فِي الْعَشْرِ الأَوَاخِرِ وَابْتَغُوهَا فِي كُلِّ وِتْرٍ، وَقَدْ رَأَيْتُنِي أَسْجُدُ فِي مَاءٍ وَطِينٍ ‏\"‏‏.‏ فَاسْتَهَلَّتِ السَّمَاءُ فِي تِلْكَ اللَّيْلَةِ، فَأَمْطَرَتْ، فَوَكَفَ الْمَسْجِدُ فِي مُصَلَّى النَّبِيِّ صلى الله عليه وسلم لَيْلَةَ إِحْدَى وَعِشْرِينَ، فَبَصُرَتْ عَيْنِي رَسُولَ اللَّهِ صلى الله عليه وسلم وَنَظَرْتُ إِلَيْهِ انْصَرَفَ مِنَ الصُّبْحِ، وَوَجْهُهُ مُمْتَلِئٌ طِينًا وَمَاءً‏.‏","english":{"narrator":"Narrated Abu Sa`id Al-Khudri:","text":"Allah's Messenger (ﷺ) used to practice I`tikaf (in the mosque) in the middle third of Ramadan and after \npassing the twenty nights he used to go back to his house on the 21st, and the people who were in \nI`tikaf with him also used to go back to their houses. Once in Ramadan, in which he practiced I`tikaf, \nhe established the night prayers at the night in which he used to return home, and then he addressed \nthe people and ordered them whatever Allah wished him to order and said, \"I used to practice I`tikaf \nfor these ten days (i.e. the middle third but now I intend to stay in I`tikaf for the last ten days (of the \nmonth); so whoever was in I`tikaf with me should stay at his place of seclusion. I have verily been \nshown (the date of) this Night (of Qadr) but I have forgotten it. So search for it in the odd nights of the \nlast ten days (of this month). I also saw myself (in the dream) prostrating in mud and water.\" On the \nnight of the 21st, the sky was covered with clouds and it rained, and the rainwater started leaking \nthrough the roof of the mosque at the praying place of the Prophet (ﷺ) . I saw with my own eyes the \nProphet at the completion of the morning prayer leaving with his face covered with mud and water."}},{"id":6,"idInBook":6,"chapterId":32,"bookId":1,"arabic":"حَدَّثَنَا مُحَمَّدُ بْنُ الْمُثَنَّى، حَدَّثَنَا يَحْيَى، عَنْ هِشَامٍ، قَالَ أَخْبَرَنِي أَبِي، عَنْ عَائِشَةَ ـ رضى الله عنها ـ عَنِ النَّبِيِّ صلى الله عليه وسلم قَالَ ‏\n\"‏ الْتَمِسُوا ‏\"‏‏.‏","english":{"narrator":"Narrated `Aisha:","text":"The Prophet (ﷺ) said, \"Look for (the Night of Qadr)."}},{"id":7,"idInBook":7,"chapterId":32,"bookId":1,"arabic":"حَدَّثَنِي مُحَمَّدٌ، أَخْبَرَنَا عَبْدَةُ، عَنْ هِشَامِ بْنِ عُرْوَةَ، عَنْ أَبِيهِ، عَنْ عَائِشَةَ، قَالَتْ كَانَ رَسُولُ اللَّهِ صلى الله عليه وسلم يُجَاوِرُ فِي الْعَشْرِ الأَوَاخِرِ مِنْ رَمَضَانَ، وَيَقُولُ ‏\n\"‏ تَحَرَّوْا لَيْلَةَ الْقَدْرِ فِي الْعَشْرِ الأَوَاخِرِ مِنْ رَمَضَانَ ‏\"‏‏.‏","english":{"narrator":"Narrated `Aisha:","text":"Allah's Messenger (ﷺ) used to practice I`tikaf in the last ten nights of Ramadan and used to say, \"Look for \nthe Night of Qadr in the last ten nights of the month of Ramadan.\""}},{"id":8,"idInBook":8,"chapterId":32,"bookId":1,"arabic":"حَدَّثَنَا مُوسَى بْنُ إِسْمَاعِيلَ، حَدَّثَنَا وُهَيْبٌ، حَدَّثَنَا أَيُّوبُ، عَنْ عِكْرِمَةَ، عَنِ ابْنِ عَبَّاسٍ ـ رضى الله عنهما ـ أَنَّ النَّبِيَّ صلى الله عليه وسلم قَالَ ‏\n\"‏ الْتَمِسُوهَا فِي الْعَشْرِ الأَوَاخِرِ مِنْ رَمَضَانَ لَيْلَةَ الْقَدْرِ فِي تَاسِعَةٍ تَبْقَى، فِي سَابِعَةٍ تَبْقَى، فِي خَامِسَةٍ تَبْقَى ‏\"‏‏.‏","english":{"narrator":"Narrated Ibn `Abbas:","text":"The Prophet (ﷺ) said, \"Look for the Night of Qadr in the last ten nights of Ramadan ,' on the night when \nnine or seven or five nights remain out of the last ten nights of Ramadan (i.e. 21, 23, 25, respectively)."}},{"id":9,"idInBook":9,"chapterId":32,"bookId":1,"arabic":"حَدَّثَنَا عَبْدُ اللَّهِ بْنُ أَبِي الأَسْوَدِ، حَدَّثَنَا عَبْدُ الْوَاحِدِ، حَدَّثَنَا عَاصِمٌ، عَنْ أَبِي مِجْلَزٍ، وَعِكْرِمَةَ، قَالَ ابْنُ عَبَّاسٍ ـ رضى الله عنهما ـ قَالَ قَالَ رَسُولُ اللَّهِ صلى الله عليه وسلم ‏\n\"‏ هِيَ فِي الْعَشْرِ، هِيَ فِي تِسْعٍ يَمْضِينَ أَوْ فِي سَبْعٍ يَبْقَيْنَ ‏\"‏‏.‏ يَعْنِي لَيْلَةَ الْقَدْرِ‏.‏ قَالَ عَبْدُ الْوَهَّابِ عَنْ أَيُّوبَ‏.‏ وَعَنْ خَالِدٍ عَنْ عِكْرِمَةَ عَنِ ابْنِ عَبَّاسٍ الْتَمِسُوا فِي أَرْبَعٍ وَعِشْرِينَ‏.‏","english":{"narrator":"Narrated Ibn `Abbas:","text":"Allah's Messenger (ﷺ) said, \"The Night of Qadr is in the last ten nights of the month (Ramadan), either on \nthe first nine or in the last (remaining) seven nights (of Ramadan).\" Ibn `Abbas added, \"Search for it \non the twenty-fourth (of Ramadan)."}},{"id":10,"idInBook":10,"chapterId":32,"bookId":1,"arabic":"حَدَّثَنَا مُحَمَّدُ بْنُ الْمُثَنَّى، حَدَّثَنَا خَالِدُ بْنُ الْحَارِثِ، حَدَّثَنَا حُمَيْدٌ، حَدَّثَنَا أَنَسٌ، عَنْ عُبَادَةَ بْنِ الصَّامِتِ، قَالَ خَرَجَ النَّبِيُّ صلى الله عليه وسلم لِيُخْبِرَنَا بِلَيْلَةِ الْقَدْرِ، فَتَلاَحَى رَجُلاَنِ مِنَ الْمُسْلِمِينَ، فَقَالَ ‏\n\"‏ خَرَجْتُ لأُخْبِرَكُمْ بِلَيْلَةِ الْقَدْرِ، فَتَلاَحَى فُلاَنٌ وَفُلاَنٌ، فَرُفِعَتْ، وَعَسَى أَنْ يَكُونَ خَيْرًا لَكُمْ، فَالْتَمِسُوهَا فِي التَّاسِعَةِ وَالسَّابِعَةِ وَالْخَامِسَةِ ‏\"‏‏.‏","english":{"narrator":"Narrated 'Ubada bin As-Samit:","text":"The Prophet (ﷺ) came out to inform us about the Night of Qadr but two Muslims were quarreling with \neach other. So, the Prophet (ﷺ) said, \"I came out to inform you about the Night of Qadr but such-and-such \npersons were quarreling, so the news about it had been taken away; yet that might be for your own \ngood, so search for it on the 29th, 27th and 25th (of Ramadan)."}},{"id":11,"idInBook":11,"chapterId":32,"bookId":1,"arabic":"حَدَّثَنَا عَلِيُّ بْنُ عَبْدِ اللَّهِ، حَدَّثَنَا سُفْيَانُ، عَنْ أَبِي يَعْفُورٍ، عَنْ أَبِي الضُّحَى، عَنْ مَسْرُوقٍ، عَنْ عَائِشَةَ ـ رضى الله عنها ـ قَالَتْ كَانَ النَّبِيُّ صلى الله عليه وسلم إِذَا دَخَلَ الْعَشْرُ شَدَّ مِئْزَرَهُ، وَأَحْيَا لَيْلَهُ، وَأَيْقَظَ أَهْلَهُ‏.‏","english":{"narrator":"Narrated Aisha:","text":"With the start of the last ten days of Ramadan, the Prophet (ﷺ) used to tighten his waist belt (i.e. work \nhard) and used to pray all the night, and used to keep his family awake for the prayers."}}],"chapter":{"id":32,"bookId":1,"arabic":"كتاب فضل ليلة القدر","english":"Virtues of the Night of Qadr"}}