{
  "metadata": {
    "length": 21,
    "arabic": {
      "title": "صحيح البخاري",
      "author": "الإمام محمد بن إسماعيل البخاري",
      "introduction": "كتاب الاعتكاف"
    },
    "english": {
      "title": "Sahih al-Bukhari",
      "author": "Imam Muhammad ibn Ismail al-Bukhari",
      "introduction": "Retiring to a Mosque for Remembrance of Allah (I'tikaf)"
    }
  },
  "hadiths": [
    {
      "id": 1,
      "idInBook": 1,
      "chapterId": 33,
      "bookId": 1,
      "arabic": "حَدَّثَنَا إِسْمَاعِيلُ بْنُ عَبْدِ اللَّهِ، قَالَ حَدَّثَنِي ابْنُ وَهْبٍ، عَنْ يُونُسَ، أَنَّ نَافِعًا، أَخْبَرَهُ عَنْ عَبْدِ اللَّهِ بْنِ عُمَرَ ـ رضى الله عنهما ـ قَالَ كَانَ رَسُولُ اللَّهِ صلى الله عليه وسلم يَعْتَكِفُ الْعَشْرَ الأَوَاخِرَ مِنْ رَمَضَانَ‏.‏",
      "english": {
        "narrator": "Narrated `Abdullah bin `Umar:",
        "text": "Allah's Messenger (ﷺ) used to practice I`tikaf in the last ten days of the month of Ramadan."
      },
      "turkish": {
        "narrator": "Narrated `Abdullah bin `Umar:",
        "text": "Abdullah bin Umar'dan rivayet edilmiştir: Allah'ın Messenger'i (ﷺ) Ramazan ayının son on gününde itikaf yapardı."
      }
    },
    {
      "id": 2,
      "idInBook": 2,
      "chapterId": 33,
      "bookId": 1,
      "arabic": "حَدَّثَنَا عَبْدُ اللَّهِ بْنُ يُوسُفَ، حَدَّثَنَا اللَّيْثُ، عَنْ عُقَيْلٍ، عَنِ ابْنِ شِهَابٍ، عَنْ عُرْوَةَ بْنِ الزُّبَيْرِ، عَنْ عَائِشَةَ ـ رضى الله عنها ـ زَوْجِ النَّبِيِّ صلى الله عليه وسلم أَنَّ النَّبِيَّ صلى الله عليه وسلم كَانَ يَعْتَكِفُ الْعَشْرَ الأَوَاخِرَ مِنْ رَمَضَانَ حَتَّى تَوَفَّاهُ اللَّهُ، ثُمَّ اعْتَكَفَ أَزْوَاجُهُ مِنْ بَعْدِهِ‏.‏",
      "english": {
        "narrator": "Narrated `Aisha:",
        "text": "(the wife of the Prophet) The Prophet (ﷺ) used to practice I`tikaf in the last ten days of Ramadan till he \ndied and then his wives used to practice I`tikaf after him."
      },
      "turkish": {
        "narrator": "Narrated `Aisha:",
        "text": "Aişe'den rivayet edilmiştir: (Peygamberin eşi) Peygamber (ﷺ) Ramazan'ın son on gününde itikaf yapardı, ta ki vefat edene kadar ve daha sonra eşleri onun ardından itikaf yaparlardı."
      }
    },
    {
      "id": 3,
      "idInBook": 3,
      "chapterId": 33,
      "bookId": 1,
      "arabic": "حَدَّثَنَا إِسْمَاعِيلُ، قَالَ حَدَّثَنِي مَالِكٌ، عَنْ يَزِيدَ بْنِ عَبْدِ اللَّهِ بْنِ الْهَادِ، عَنْ مُحَمَّدِ بْنِ إِبْرَاهِيمَ بْنِ الْحَارِثِ التَّيْمِيِّ، عَنْ أَبِي سَلَمَةَ بْنِ عَبْدِ الرَّحْمَنِ، عَنْ أَبِي سَعِيدٍ الْخُدْرِيِّ ـ رضى الله عنه ـ أَنَّ رَسُولَ اللَّهِ صلى الله عليه وسلم كَانَ يَعْتَكِفُ فِي الْعَشْرِ الأَوْسَطِ مِنْ رَمَضَانَ، فَاعْتَكَفَ عَامًا حَتَّى إِذَا كَانَ لَيْلَةَ إِحْدَى وَعِشْرِينَ، وَهِيَ اللَّيْلَةُ الَّتِي يَخْرُجُ مِنْ صَبِيحَتِهَا مِنِ اعْتِكَافِهِ قَالَ ‏\n\"‏ مَنْ كَانَ اعْتَكَفَ مَعِي فَلْيَعْتَكِفِ الْعَشْرَ الأَوَاخِرَ، وَقَدْ أُرِيتُ هَذِهِ اللَّيْلَةَ ثُمَّ أُنْسِيتُهَا، وَقَدْ رَأَيْتُنِي أَسْجُدُ فِي مَاءٍ وَطِينٍ مِنْ صَبِيحَتِهَا، فَالْتَمِسُوهَا فِي الْعَشْرِ الأَوَاخِرِ، وَالْتَمِسُوهَا فِي كُلِّ وِتْرٍ ‏\"‏‏.‏ فَمَطَرَتِ السَّمَاءُ تِلْكَ اللَّيْلَةَ، وَكَانَ الْمَسْجِدُ عَلَى عَرِيشٍ فَوَكَفَ الْمَسْجِدُ، فَبَصُرَتْ عَيْنَاىَ رَسُولَ اللَّهِ صلى الله عليه وسلم عَلَى جَبْهَتِهِ أَثَرُ الْمَاءِ وَالطِّينِ، مِنْ صُبْحِ إِحْدَى وَعِشْرِينَ‏.‏",
      "english": {
        "narrator": "Narrated Abu Sa`id Al-Khudri:",
        "text": "Allah's Messenger (ﷺ) used to practice I`tikaf in the middle ten days of Ramadan and once he stayed in \nI`tikaf till the night of the twenty-first and it was the night in the morning of which he used to come \nout of his I`tikaf. The Prophet (ﷺ) said, \"Whoever was in I`tikaf with me should stay in I`tikaf for the last \nten days, for I was informed (of the date) of the Night (of Qadr) but I have been caused to forget it. (In \nthe dream) I saw myself prostrating in mud and water in the morning of that night. So, look for it in \nthe last ten nights and in the odd ones of them.\" It rained that night and the roof of the mosque \ndribbled as it was made of leaf stalks of date-palms. I saw with my own eyes the mark of mud and \nwater on the forehead of the Prophet (i.e. in the morning of the twenty-first)."
      },
      "turkish": {
        "narrator": "Narrated Abu Sa`id Al-Khudri:",
        "text": "Ebu Sa'id el-Hudri'den rivayet edilmiştir: Allah'ın Messenger'i (ﷺ) Ramazan'ın ortasındaki on günde itikaf yapardı ve bir kez yirmi birinci geceye kadar itikaf yaptı ve o gece sabahında itikafından çıkardı. Peygamber (ﷺ) dedi ki: \"Benimle itikaf yapan herkes son on günde itikaf yapsın, çünkü bana Kadir Gecesi'nin tarihinin bildirildiği ama unutturulduğu söylendi. (Rüyada) o gece sabahında çamur ve su üzerinde secde ettiğimi gördüm. O yüzden son on gecede ve onlardan tek gecelerde arayın.\" O gece yağmur yağdı ve caminin çatısı, hurma ağaçlarının yaprak saplarından yapıldığı için damladı. Peygamberin alnında çamur ve su izini kendi gözlerimle gördüm (yani yirmi birinci sabahında)."
      }
    },
    {
      "id": 4,
      "idInBook": 4,
      "chapterId": 33,
      "bookId": 1,
      "arabic": "حَدَّثَنَا مُحَمَّدُ بْنُ الْمُثَنَّى، حَدَّثَنَا يَحْيَى، عَنْ هِشَامٍ، قَالَ أَخْبَرَنِي أَبِي، عَنْ عَائِشَةَ ـ رضى الله عنها ـ قَالَتْ كَانَ النَّبِيُّ صلى الله عليه وسلم يُصْغِي إِلَىَّ رَأْسَهُ وَهْوَ مُجَاوِرٌ فِي الْمَسْجِدِ، فَأُرَجِّلُهُ وَأَنَا حَائِضٌ‏.‏",
      "english": {
        "narrator": "Narrated `Aisha:",
        "text": "The Prophet (ﷺ) used to (put) bend his head (out) to me while he was in I`tikaf in the mosque during my \nmonthly periods and I would comb and oil his hair."
      },
      "turkish": {
        "narrator": "Narrated `Aisha:",
        "text": "Aişe'den rivayet edilmiştir: Peygamber (ﷺ) itikaf sırasında camideyken adet dönemimdeyken başını bana uzatırdı ve ben de saçlarını tarar ve yağlardım."
      }
    },
    {
      "id": 5,
      "idInBook": 5,
      "chapterId": 33,
      "bookId": 1,
      "arabic": "حَدَّثَنَا قُتَيْبَةُ، حَدَّثَنَا لَيْثٌ، عَنِ ابْنِ شِهَابٍ، عَنْ عُرْوَةَ، وَعَمْرَةَ بِنْتِ عَبْدِ الرَّحْمَنِ، أَنَّ عَائِشَةَ ـ رضى الله عنها ـ زَوْجَ النَّبِيِّ صلى الله عليه وسلم قَالَتْ وَإِنْ كَانَ رَسُولُ اللَّهِ صلى الله عليه وسلم لَيُدْخِلُ عَلَىَّ رَأْسَهُ وَهْوَ فِي الْمَسْجِدِ فَأُرَجِّلُهُ، وَكَانَ لاَ يَدْخُلُ الْبَيْتَ إِلاَّ لِحَاجَةٍ، إِذَا كَانَ مُعْتَكِفًا",
      "english": {
        "narrator": "Narrated `Aisha:",
        "text": "(the wife of the Prophet) Allah's Messenger (ﷺ) used to let his head in (the house) while he was in the \nmosque and I would comb and oil his hair. When in I`tikaf he used not to enter the house except for a \nneed."
      },
      "turkish": {
        "narrator": "Narrated `Aisha:",
        "text": "Aişe'den rivayet edilmiştir: Allah'ın Messenger'i (ﷺ) camideyken başını (evin içine) sokar ve ben de saçlarını tarar ve yağlardım. İtikaf sırasında ihtiyaç dışında eve girmezdi."
      }
    },
    {
      "id": 6,
      "idInBook": 6,
      "chapterId": 33,
      "bookId": 1,
      "arabic": "حَدَّثَنَا مُحَمَّدُ بْنُ يُوسُفَ، حَدَّثَنَا سُفْيَانُ، عَنْ مَنْصُورٍ، عَنْ إِبْرَاهِيمَ، عَنِ الأَسْوَدِ، عَنْ عَائِشَةَ ـ رضى الله عنها ـ قَالَتْ كَانَ النَّبِيُّ صلى الله عليه وسلم يُبَاشِرُنِي وَأَنَا حَائِضٌ‏.‏ وَكَانَ يُخْرِجُ رَأْسَهُ مِنَ الْمَسْجِدِ وَهْوَ مُعْتَكِفٌ فَأَغْسِلُهُ وَأَنَا حَائِضٌ‏.‏",
      "english": {
        "narrator": "Narrated `Aisha:",
        "text": "The Prophet (ﷺ) used to embrace me during my menses. He also used to put his head out of the mosque \nwhile he was in I`tikaf, and I would wash it during my menses."
      },
      "turkish": {
        "narrator": "Narrated `Aisha:",
        "text": "Aişe'den rivayet edilmiştir: Peygamber (ﷺ) adet dönemimdeyken beni kucaklardı. İtikaf sırasında camiden başını dışarı çıkarırdı ve ben de adet dönemimdeyken onu yıkardım."
      }
    },
    {
      "id": 7,
      "idInBook": 7,
      "chapterId": 33,
      "bookId": 1,
      "arabic": "حَدَّثَنَا مُسَدَّدٌ، حَدَّثَنَا يَحْيَى بْنُ سَعِيدٍ، عَنْ عُبَيْدِ اللَّهِ، أَخْبَرَنِي نَافِعٌ، عَنِ ابْنِ عُمَرَ ـ رضى الله عنهما ـ أَنَّ عُمَرَ، سَأَلَ النَّبِيَّ صلى الله عليه وسلم قَالَ كُنْتُ نَذَرْتُ فِي الْجَاهِلِيَّةِ أَنْ أَعْتَكِفَ لَيْلَةً فِي الْمَسْجِدِ الْحَرَامِ، قَالَ ‏\n\"‏ فَأَوْفِ بِنَذْرِكَ ‏\"‏‏.‏",
      "english": {
        "narrator": "Narrated Ibn `Umar:",
        "text": "`Umar asked the Prophet (ﷺ) \"I vowed in the Pre-Islamic period of ignorance to stay in I`tikaf for one \nnight in Al-Masjid al-Haram.\" The Prophet (ﷺ) said to him, \"Fulfill your vow.\""
      },
      "turkish": {
        "narrator": "Narrated Ibn `Umar:",
        "text": "İbn Umar'dan rivayet edilmiştir: Umar, Peygamber'e (ﷺ) \"Cahiliye döneminde bir gece Mescid-i Haram'da itikaf yapma vaadinde bulundum.\" dedi. Peygamber (ﷺ) ona, \"Vaatini yerine getir.\" dedi."
      }
    },
    {
      "id": 8,
      "idInBook": 8,
      "chapterId": 33,
      "bookId": 1,
      "arabic": "حَدَّثَنَا أَبُو النُّعْمَانِ، حَدَّثَنَا حَمَّادُ بْنُ زَيْدٍ، حَدَّثَنَا يَحْيَى، عَنْ عَمْرَةَ، عَنْ عَائِشَةَ ـ رضى الله عنها ـ قَالَتْ كَانَ النَّبِيُّ صلى الله عليه وسلم يَعْتَكِفُ فِي الْعَشْرِ الأَوَاخِرِ مِنْ رَمَضَانَ، فَكُنْتُ أَضْرِبُ لَهُ خِبَاءً فَيُصَلِّي الصُّبْحَ ثُمَّ يَدْخُلُهُ، فَاسْتَأْذَنَتْ حَفْصَةُ عَائِشَةَ أَنْ تَضْرِبَ خِبَاءً فَأَذِنَتْ لَهَا، فَضَرَبَتْ خِبَاءً، فَلَمَّا رَأَتْهُ زَيْنَبُ ابْنَةُ جَحْشٍ ضَرَبَتْ خِبَاءً آخَرَ، فَلَمَّا أَصْبَحَ النَّبِيُّ صلى الله عليه وسلم رَأَى الأَخْبِيَةَ فَقَالَ ‏\"‏ مَا هَذَا ‏\"‏‏.‏ فَأُخْبِرَ فَقَالَ النَّبِيُّ صلى الله عليه وسلم ‏\"‏ آلْبِرُّ تُرَوْنَ بِهِنَّ ‏\"‏‏.‏ فَتَرَكَ الاِعْتِكَافَ ذَلِكَ الشَّهْرَ، ثُمَّ اعْتَكَفَ عَشْرًا مِنْ شَوَّالٍ‏.‏",
      "english": {
        "narrator": "Narrated `Amra:",
        "text": "Aisha said, \"the Prophet (ﷺ) used to practice I`tikaf in the last ten days of Ramadan and I used to pitch a \ntent for him, and after offering the morning prayer, he used to enter the tent.\" Hafsa asked the \npermission of `Aisha to pitch a tent for her and she allowed her and she pitched her tent. When Zainab \nbint Jahsh saw it, she pitched another tent. In the morning the Prophet (ﷺ) noticed the tents. He said, \n'What is this?\" He was told of the whole situation. Then the Prophet (ﷺ) said, \"Do you think that they \nintended to do righteousness by doing this?\" He therefore abandoned the I`tikaf in that month and \npracticed I`tikaf for ten days in the month of Shawwal.\""
      },
      "turkish": {
        "narrator": "Narrated `Amra:",
        "text": "Amra'dan rivayet edilmiştir: Aişe dedi ki: \"Peygamber (ﷺ) Ramazan'ın son on gününde itikaf yapardı ve ben onun için bir çadır kurardım, sabah namazını kıldıktan sonra çadıra girerdi.\" Hafsa, Aişe'den bir çadır kurma izni istedi ve ona izin verdi ve çadırını kurdu. Zeynep bint Cahş bunu görünce başka bir çadır kurdu. Sabah Peygamber (ﷺ) çadırları fark etti. \"Bu nedir?\" dedi. Ona durumu anlattılar. Sonra Peygamber (ﷺ) dedi ki: \"Bunu yaparak iyilik yapmayı mı düşündünüz?\" Bu yüzden o ay itikafı terk etti ve Şevval ayında on gün itikaf yaptı."
      }
    },
    {
      "id": 9,
      "idInBook": 9,
      "chapterId": 33,
      "bookId": 1,
      "arabic": "حَدَّثَنَا عَبْدُ اللَّهِ بْنُ يُوسُفَ، أَخْبَرَنَا مَالِكٌ، عَنْ يَحْيَى بْنِ سَعِيدٍ، عَنْ عَمْرَةَ بِنْتِ عَبْدِ الرَّحْمَنِ، عَنْ عَائِشَةَ ـ رضى الله عنها ـ أَنَّ النَّبِيَّ صلى الله عليه وسلم أَرَادَ أَنْ يَعْتَكِفَ، فَلَمَّا انْصَرَفَ إِلَى الْمَكَانِ الَّذِي أَرَادَ أَنْ يَعْتَكِفَ إِذَا أَخْبِيَةٌ خِبَاءُ عَائِشَةَ، وَخِبَاءُ حَفْصَةَ، وَخِبَاءُ زَيْنَبَ، فَقَالَ ‏\n\"‏ آلْبِرَّ تَقُولُونَ بِهِنَّ ‏\"‏‏.‏ ثُمَّ انْصَرَفَ، فَلَمْ يَعْتَكِفْ، حَتَّى اعْتَكَفَ عَشْرًا مِنْ شَوَّالٍ‏.‏",
      "english": {
        "narrator": "Narrated `Aisha:",
        "text": "The Prophet (ﷺ) intended to practice I`tikaf and when he reached the place where he intended to perform \nI`tikaf, he saw some tents, the tents of `Aisha, Hafsa and Zainab. So, he said, \"Do you consider that \nthey intended to do righteousness by doing this?\" And then he went away and did not perform I`tikaf \n(in Ramadan) but performed it in the month of Shawwal for ten days."
      },
      "turkish": {
        "narrator": "Narrated `Aisha:",
        "text": "Aişe'den rivayet edilmiştir: Peygamber (ﷺ) itikaf yapmayı niyet etti ve itikaf yapmayı düşündüğü yere vardığında, Aişe, Hafsa ve Zeynep'in çadırlarını gördü. \"Bunu yaparak iyilik yapmayı mı düşündünüz?\" dedi. Sonra gitti ve Ramazan'da itikaf yapmadı, ama Şevval ayında on gün itikaf yaptı."
      }
    },
    {
      "id": 10,
      "idInBook": 10,
      "chapterId": 33,
      "bookId": 1,
      "arabic": "حَدَّثَنَا أَبُو الْيَمَانِ، أَخْبَرَنَا شُعَيْبٌ، عَنِ الزُّهْرِيِّ، قَالَ أَخْبَرَنِي عَلِيُّ بْنُ الْحُسَيْنِ ـ رضى الله عنهما ـ أَنَّ صَفِيَّةَ، زَوْجَ النَّبِيِّ صلى الله عليه وسلم أَخْبَرَتْهُ أَنَّهَا جَاءَتْ رَسُولَ اللَّهِ صلى الله عليه وسلم تَزُورُهُ فِي اعْتِكَافِهِ فِي الْمَسْجِدِ، فِي الْعَشْرِ الأَوَاخِرِ مِنْ رَمَضَانَ، فَتَحَدَّثَتْ عِنْدَهُ سَاعَةً، ثُمَّ قَامَتْ تَنْقَلِبُ، فَقَامَ النَّبِيُّ صلى الله عليه وسلم مَعَهَا يَقْلِبُهَا، حَتَّى إِذَا بَلَغَتْ باب الْمَسْجِدِ عِنْدَ باب أُمِّ سَلَمَةَ مَرَّ رَجُلاَنِ مِنَ الأَنْصَارِ، فَسَلَّمَا عَلَى رَسُولِ اللَّهِ صلى الله عليه وسلم فَقَالَ لَهُمَا النَّبِيُّ صلى الله عليه وسلم ‏\"‏ عَلَى رِسْلِكُمَا إِنَّمَا هِيَ صَفِيَّةُ بِنْتُ حُيَىٍّ ‏\"‏‏.‏ فَقَالاَ سُبْحَانَ اللَّهِ يَا رَسُولَ اللَّهِ‏.‏ وَكَبُرَ عَلَيْهِمَا‏.‏ فَقَالَ النَّبِيُّ صلى الله عليه وسلم ‏\"‏ إِنَّ الشَّيْطَانَ يَبْلُغُ مِنَ الإِنْسَانِ مَبْلَغَ الدَّمِ، وَإِنِّي خَشِيتُ أَنْ يَقْذِفَ فِي قُلُوبِكُمَا شَيْئًا ‏\"‏‏.‏",
      "english": {
        "narrator": "Narrated `Ali bin Al-Husain:",
        "text": "Safiya, the wife of the Prophet (ﷺ) told me that she went to Allah's Messenger (ﷺ) to visit him in the mosque \nwhile he was in I`tikaf in the last ten days of Ramadan. She had a talk with him for a while, then she \ngot up in order to return home. The Prophet (ﷺ) accompanied her. When they reached the gate of the \nmosque, opposite the door of Um-Salama, two Ansari men were passing by and they greeted Allah's \nApostle . He told them: Do not run away! And said, \"She is (my wife) Safiya bint Huyai.\" Both of \nthem said, \"Subhan Allah, (How dare we think of any evil) O Allah's Messenger (ﷺ)!\" And they felt it. The \nProphet said (to them), \"Satan reaches everywhere in the human body as blood reaches in it, \n(everywhere in one's body). I was afraid lest Satan might insert an evil thought in your minds.\""
      },
      "turkish": {
        "narrator": "Narrated `Ali bin Al-Husain:",
        "text": "Ali bin Hüseyin'den rivayet edilmiştir: Safiye, Peygamber (ﷺ) itikaf yaparken onu camide ziyaret ettiğini bana söyledi. Onunla bir süre sohbet etti, sonra evine dönmek için kalktı. Peygamber (ﷺ) onu takip etti. Camii kapısına vardıklarında, Ümmü Seleme'nin kapısının karşısında iki Ensar adam geçiyordu ve Allah'ın Elçisine selam verdiler. O onlara: \"Kaçmayın!\" dedi ve \"O (eşim) Safiye bint Huyai.\" dedi. İkisi de \"Subhan Allah, (ne cesaretle kötü düşünelim) Ey Allah'ın Messenger'i (ﷺ)!\" dediler ve bunu hissettiler. Peygamber onlara dedi ki: \"Şeytan, insan bedeninde kanın dolaştığı gibi her yere ulaşır, (her yere). Şeytanın aklınıza kötü bir düşünce sokmasından korktum.\""
      }
    },
    {
      "id": 11,
      "idInBook": 11,
      "chapterId": 33,
      "bookId": 1,
      "arabic": "حَدَّثَنِي عَبْدُ اللَّهِ بْنُ مُنِيرٍ، سَمِعَ هَارُونَ بْنَ إِسْمَاعِيلَ، حَدَّثَنَا عَلِيُّ بْنُ الْمُبَارَكِ، قَالَ حَدَّثَنِي يَحْيَى بْنُ أَبِي كَثِيرٍ، قَالَ سَمِعْتُ أَبَا سَلَمَةَ بْنَ عَبْدِ الرَّحْمَنِ، قَالَ سَأَلْتُ أَبَا سَعِيدٍ الْخُدْرِيَّ ـ رضى الله عنه ـ قُلْتُ هَلْ سَمِعْتَ رَسُولَ اللَّهِ صلى الله عليه وسلم يَذْكُرُ لَيْلَةَ الْقَدْرِ قَالَ نَعَمِ، اعْتَكَفْنَا مَعَ رَسُولِ اللَّهِ صلى الله عليه وسلم الْعَشْرَ الأَوْسَطَ مِنْ رَمَضَانَ ـ قَالَ ـ فَخَرَجْنَا صَبِيحَةَ عِشْرِينَ، قَالَ فَخَطَبَنَا رَسُولُ اللَّهِ صلى الله عليه وسلم صَبِيحَةَ عِشْرِينَ فَقَالَ ‏\n\"‏ إِنِّي أُرِيتُ لَيْلَةَ الْقَدْرِ، وَإِنِّي نُسِّيتُهَا، فَالْتَمِسُوهَا فِي الْعَشْرِ الأَوَاخِرِ فِي وِتْرٍ، فَإِنِّي رَأَيْتُ أَنِّي أَسْجُدُ فِي مَاءٍ وَطِينٍ، وَمَنْ كَانَ اعْتَكَفَ مَعَ رَسُولِ اللَّهِ صلى الله عليه وسلم فَلْيَرْجِعْ ‏\"‏‏.‏ فَرَجَعَ النَّاسُ إِلَى الْمَسْجِدِ، وَمَا نَرَى فِي السَّمَاءِ قَزَعَةً ـ قَالَ ـ فَجَاءَتْ سَحَابَةٌ فَمَطَرَتْ، وَأُقِيمَتِ الصَّلاَةُ، فَسَجَدَ رَسُولُ اللَّهِ صلى الله عليه وسلم فِي الطِّينِ وَالْمَاءِ، حَتَّى رَأَيْتُ الطِّينَ فِي أَرْنَبَتِهِ وَجَبْهَتِهِ‏.‏",
      "english": {
        "narrator": "Narrated Abu Salama bin `Abdur-Rahman:",
        "text": "I asked Abu Sa`id Al-Khudri, \"Did you hear Allah's Messenger (ﷺ) talking about the Night of Qadr?\" He \nreplied in the affirmative and said, \"Once we were in I`tikaf with Allah's Messenger (ﷺ) in the middle ten \ndays of (Ramadan) and we came out of it in the morning of the twentieth, and Allah's Messenger (ﷺ)delivered \na sermon on the 20th (of Ramadan) and said, 'I was informed (of the date) of the Night of \nQadr (in my dream) but had forgotten it. So, look for it in the odd nights of the last ten nights of the \nmonth of Ramadan. I saw myself prostrating in mud and water on that night (as a sign of the Night of \nQadr). So, whoever had been in I`tikaf with Allah's Messenger (ﷺ) should return for it.' The people returned \nto the mosque (for I`tikaf). There was no trace of clouds in the sky. But all of a sudden a cloud came \nand it rained. Then the prayer was established (they stood for the prayer) and Allah's Messenger (ﷺ) \nprostrated in mud and water and I saw mud over the forehead and the nose of the Prophet."
      },
      "turkish": {
        "narrator": "Narrated Abu Salama bin `Abdur-Rahman:",
        "text": "Ebu Selame bin Abdurrahman'dan rivayet edilmiştir: Ebu Sa'id el-Hudri'ye sordum: \"Allah'ın Messenger'inin (ﷺ) Kadir Gecesi hakkında konuştuğunu duydun mu?\" O olumlu cevap verdi ve dedi ki: \"Bir kez Allah'ın Messenger'i (ﷺ) ile Ramazan'ın ortasında itikaf yapıyorduk ve yirminci sabahında itikafı terk ettik, ve Allah'ın Messenger'i (ﷺ) yirminci (Ramazan) günü bir hutbe verdi ve dedi ki: 'Kadir Gecesi'nin tarihinin (rüyamda) bana bildirildi ama unuttum. O yüzden Ramazan ayının son on gecesinin tek gecelerinde arayın. O gece çamur ve su üzerinde secde ettiğimi gördüm (Kadir Gecesi'nin işareti olarak). O yüzden Allah'ın Messenger'i (ﷺ) ile itikaf yapan herkes bunun için geri dönmelidir.' İnsanlar camiye (itikaf için) geri döndü. Gökyüzünde bulut izine rastlanmadı. Ama birden bir bulut geldi ve yağmur yağdı. Sonra namaz kılındı (namaza durdular) ve Allah'ın Messenger'i (ﷺ) çamur ve su üzerinde secde etti ve Peygamberin alnında ve burnunda çamur izini gördüm."
      }
    },
    {
      "id": 12,
      "idInBook": 12,
      "chapterId": 33,
      "bookId": 1,
      "arabic": "حَدَّثَنَا قُتَيْبَةُ، حَدَّثَنَا يَزِيدُ بْنُ زُرَيْعٍ، عَنْ خَالِدٍ، عَنْ عِكْرِمَةَ، عَنْ عَائِشَةَ ـ رضى الله عنها ـ قَالَتِ اعْتَكَفَتْ مَعَ رَسُولِ اللَّهِ صلى الله عليه وسلم امْرَأَةٌ مِنْ أَزْوَاجِهِ مُسْتَحَاضَةٌ، فَكَانَتْ تَرَى الْحُمْرَةَ وَالصُّفْرَةَ، فَرُبَّمَا وَضَعْنَا الطَّسْتَ تَحْتَهَا وَهْىَ تُصَلِّي‏.‏",
      "english": {
        "narrator": "Narrated `Aisha:",
        "text": "One of the wives of Allah's Messenger (ﷺ) practiced I`tikaf with him while she ad bleeding in between her \nperiods and she would see red (blood) or yellowish traces, and sometimes we put a tray beneath her \nwhen she offered the prayer."
      },
      "turkish": {
        "narrator": "Narrated `Aisha:",
        "text": "Aişe'den rivayet edilmiştir: Allah'ın Messenger'inin (ﷺ) eşlerinden biri, adet döneminde iken onunla itikaf yapıyordu ve kırmızı (kan) veya sarımsı izler görüyordu ve bazen namaz kılarken altına bir tepsi koyuyorduk."
      }
    },
    {
      "id": 13,
      "idInBook": 13,
      "chapterId": 33,
      "bookId": 1,
      "arabic": "حَدَّثَنَا سَعِيدُ بْنُ عُفَيْرٍ، قَالَ حَدَّثَنِي اللَّيْثُ، قَالَ حَدَّثَنِي عَبْدُ الرَّحْمَنِ بْنُ خَالِدٍ، عَنِ ابْنِ شِهَابٍ، عَنْ عَلِيِّ بْنِ الْحُسَيْنِ ـ رضى الله عنهما ـ أَنَّ صَفِيَّةَ، زَوْجَ النَّبِيِّ صلى الله عليه وسلم أَخْبَرَتْهُ‏.‏ حَدَّثَنَا عَبْدُ اللَّهِ بْنُ مُحَمَّدٍ حَدَّثَنَا هِشَامٌ أَخْبَرَنَا مَعْمَرٌ عَنِ الزُّهْرِيِّ عَنْ عَلِيِّ بْنِ الْحُسَيْنِ كَانَ النَّبِيُّ صلى الله عليه وسلم فِي الْمَسْجِدِ، وَعِنْدَهُ أَزْوَاجُهُ، فَرُحْنَ، فَقَالَ لِصَفِيَّةَ بِنْتِ حُيَىٍّ ‏\"‏ لاَ تَعْجَلِي حَتَّى أَنْصَرِفَ مَعَكِ ‏\"‏‏.‏ وَكَانَ بَيْتُهَا فِي دَارِ أُسَامَةَ، فَخَرَجَ النَّبِيُّ صلى الله عليه وسلم مَعَهَا، فَلَقِيَهُ رَجُلاَنِ مِنَ الأَنْصَارِ، فَنَظَرَا إِلَى النَّبِيِّ صلى الله عليه وسلم ثُمَّ أَجَازَا وَقَالَ لَهُمَا النَّبِيُّ صلى الله عليه وسلم ‏\"‏ تَعَالَيَا، إِنَّهَا صَفِيَّةُ بِنْتُ حُيَىٍّ ‏\"‏‏.‏ قَالاَ سُبْحَانَ اللَّهِ يَا رَسُولَ اللَّهِ‏.‏ قَالَ ‏\"‏ إِنَّ الشَّيْطَانَ يَجْرِي مِنَ الإِنْسَانِ مَجْرَى الدَّمِ، وَإِنِّي خَشِيتُ أَنْ يُلْقِيَ فِي أَنْفُسِكُمَا شَيْئًا ‏\"‏‏.‏",
      "english": {
        "narrator": "Narrated `Ali bin Al-Husain (from Safiya the Prophet's wife):",
        "text": "The wives of the Prophet (ﷺ) were with him in the mosque (while he was in I`tikaf) and then they \ndeparted and the Prophet (ﷺ) said to Safiya bint Huyai, \"Don't hurry up, for I shall accompany you,\" (and \nher dwelling was in the house of Usama). The Prophet (ﷺ) went out and in the meantime two Ansari men \nmet him and they looked at the Prophet (ﷺ) and passed by. The Prophet (ﷺ) said to them, \"Come here. She is \n(my wife) Safiya bint Huyai.\" They replied, \"Subhan Allah, (How dare we think of evil) O Allah's \nApostle! (we never expect anything bad from you).\" The Prophet (ﷺ) replied, \"Satan circulates in the \nhuman being as blood circulates in the body, and I was afraid lest Satan might insert an evil thought in \nyour minds.\""
      },
      "turkish": {
        "narrator": "Narrated `Ali bin Al-Husain (from Safiya the Prophet's wife):",
        "text": "Ali bin Hüseyin'den (Peygamberin eşi Safiye'den): Peygamberin (ﷺ) eşleri onunla camide (itikaf yaparken) birlikteydiler ve sonra ayrıldılar ve Peygamber (ﷺ) Safiye bint Huyai'ye dedi ki: \"Acelen olmasın, seni ben takip edeceğim,\" (ve onun evi Usame'nin evindeydi). Peygamber (ﷺ) dışarı çıktı ve bu sırada iki Ensar adamı ona rastladı ve Peygamber (ﷺ) onlara baktı ve geçtiler. Peygamber (ﷺ) onlara dedi ki: \"Buraya gelin. O (eşim) Safiye bint Huyai.\" Onlar cevap verdiler: \"Subhan Allah, (ne cesaretle kötü düşünelim) Ey Allah'ın Elçisi! (senden kötü bir şey beklemiyoruz).\" Peygamber (ﷺ) cevap verdi: \"Şeytan, insanın içinde kanın dolaştığı gibi dolaşır ve ben korktum ki şeytan aklınıza kötü bir düşünce sokar.\""
      }
    },
    {
      "id": 14,
      "idInBook": 14,
      "chapterId": 33,
      "bookId": 1,
      "arabic": "حَدَّثَنَا إِسْمَاعِيلُ بْنُ عَبْدِ اللَّهِ، قَالَ أَخْبَرَنِي أَخِي، عَنْ سُلَيْمَانَ، عَنْ مُحَمَّدِ بْنِ أَبِي عَتِيقٍ، عَنِ ابْنِ شِهَابٍ، عَنْ عَلِيِّ بْنِ الْحُسَيْنِ ـ رضى الله عنهما ـ أَنَّ صَفِيَّةَ، أَخْبَرَتْهُ‏.‏ حَدَّثَنَا عَلِيُّ بْنُ عَبْدِ اللَّهِ، حَدَّثَنَا سُفْيَانُ، قَالَ سَمِعْتُ الزُّهْرِيَّ، يُخْبِرُ عَنْ عَلِيِّ بْنِ الْحُسَيْنِ، أَنَّ صَفِيَّةَ ـ رضى الله عنها ـ أَتَتِ النَّبِيَّ صلى الله عليه وسلم وَهْوَ مُعْتَكِفٌ، فَلَمَّا رَجَعَتْ مَشَى مَعَهَا، فَأَبْصَرَهُ رَجُلٌ مِنَ الأَنْصَارِ، فَلَمَّا أَبْصَرَهُ دَعَاهُ فَقَالَ ‏\n\"‏ تَعَالَ هِيَ صَفِيَّةُ ـ وَرُبَّمَا قَالَ سُفْيَانُ هَذِهِ صَفِيَّةُ ـ فَإِنَّ الشَّيْطَانَ يَجْرِي مِنَ ابْنِ آدَمَ مَجْرَى الدَّمِ ‏\"‏‏.‏ قُلْتُ لِسُفْيَانَ أَتَتْهُ لَيْلاً قَالَ وَهَلْ هُوَ إِلاَّ لَيْلٌ",
      "english": {
        "narrator": "Narrated `Ali bin Al-Husain from Safiya:",
        "text": "Safiya went to the Prophet (ﷺ) while he was in I`tikaf. When she returned, the Prophet (ﷺ) accompanied her \nwalking. An Ansari man saw him. When the Prophet (ﷺ) noticed him, he called him and said, \"Come \nhere. She is Safiya. (Sufyan a sub-narrator perhaps said that the Prophet (ﷺ) had said, \"This is Safiya\"). \nAnd Satan circulates in the body of Adam's offspring as his blood circulates in it.\" \n(A sub-narrator asked Sufyan, \"Did Safiya visit him at night?\" He said, \"Of course, at night.\")"
      },
      "turkish": {
        "narrator": "Narrated `Ali bin Al-Husain from Safiya:",
        "text": "Ali bin Hüseyin'den Safiye'den rivayet edilmiştir: Safiye, Peygamber (ﷺ) itikaf yaparken ona gitti. Dönünce, Peygamber (ﷺ) onu yürüyerek takip etti. Bir Ensar adam onu gördü. Peygamber (ﷺ) onu fark edince, onu çağırdı ve dedi ki: \"Buraya gel. O Safiye'dir. (Süfyan, bir alt rivayetçi belki de Peygamber (ﷺ) \"Bu Safiye'dir\" dedi demiştir). Ve şeytan, Adem'in soyunun bedeninde kanın dolaştığı gibi dolaşır.\" (Bir alt rivayetçi Süfyan'a sordu: \"Safiye ona gece mi ziyaret etti?\" O: \"Elbette, gece.\")"
      }
    },
    {
      "id": 15,
      "idInBook": 15,
      "chapterId": 33,
      "bookId": 1,
      "arabic": "حَدَّثَنَا عَبْدُ الرَّحْمَنِ، حَدَّثَنَا سُفْيَانُ، عَنِ ابْنِ جُرَيْجٍ، عَنْ سُلَيْمَانَ الأَحْوَلِ، خَالِ ابْنِ أَبِي نَجِيحٍ عَنْ أَبِي سَلَمَةَ، عَنْ أَبِي سَعِيدٍ،‏.‏ قَالَ سُفْيَانُ وَحَدَّثَنَا مُحَمَّدُ بْنُ عَمْرٍو، عَنْ أَبِي سَلَمَةَ، عَنْ أَبِي سَعِيدٍ،‏.‏ قَالَ وَأَظُنُّ أَنَّ ابْنَ أَبِي لَبِيدٍ، حَدَّثَنَا عَنْ أَبِي سَلَمَةَ، عَنْ أَبِي سَعِيدٍ ـ رضى الله عنه ـ قَالَ اعْتَكَفْنَا مَعَ رَسُولِ اللَّهِ صلى الله عليه وسلم الْعَشْرَ الأَوْسَطَ، فَلَمَّا كَانَ صَبِيحَةَ عِشْرِينَ نَقَلْنَا مَتَاعَنَا فَأَتَانَا رَسُولُ اللَّهِ صلى الله عليه وسلم قَالَ ‏\n\"‏ مَنْ كَانَ اعْتَكَفَ فَلْيَرْجِعْ إِلَى مُعْتَكَفِهِ فَإِنِّي رَأَيْتُ هَذِهِ اللَّيْلَةَ، وَرَأَيْتُنِي أَسْجُدُ فِي مَاءٍ وَطِينٍ ‏\"‏‏.‏ فَلَمَّا رَجَعَ إِلَى مُعْتَكَفِهِ، وَهَاجَتِ السَّمَاءُ، فَمُطِرْنَا فَوَالَّذِي بَعَثَهُ بِالْحَقِّ لَقَدْ هَاجَتِ السَّمَاءُ مِنْ آخِرِ ذَلِكَ الْيَوْمِ، وَكَانَ الْمَسْجِدُ عَرِيشًا، فَلَقَدْ رَأَيْتُ عَلَى أَنْفِهِ وَأَرْنَبَتِهِ أَثَرَ الْمَاءِ وَالطِّينِ‏.‏",
      "english": {
        "narrator": "Narrated Abu Sa`id:",
        "text": "We practiced I`tikaf with Allah's Messenger (ﷺ) in the middle ten days (of Ramadan). In the morning of the \ntwentieth (of Ramadan) we shifted our baggage, but Allah's Messenger (ﷺ) came to us and said, \"Whoever \nwas m I`tikaf should return to his place of I`tikaf, for I saw (i.e. was informed about the date of) this \nNight (of Qadr) and saw myself prostrating in mud and water.\" When I returned to my place the sky \nwas overcast with clouds and it rained. By Him Who sent Muhammad with the Truth, the sky was \ncovered with clouds from the end of that day, and the mosque which was roofed with leafstalks of \ndate palm trees (leaked with rain) and I saw the trace of mud and water over the nose of the Prophet (ﷺ) \nand its tip."
      },
      "turkish": {
        "narrator": "Narrated Abu Sa`id:",
        "text": "Ebu Sa'id'den rivayet edilmiştir: Biz Allah'ın Messenger'i (ﷺ) ile Ramazan'ın ortasındaki on günde itikaf yaptık. Yirminci (Ramazan) sabahında eşyalarımızı taşıdık, ama Allah'ın Messenger'i (ﷺ) bize geldi ve dedi ki: \"Kim itikaf yapıyorsa, itikaf yerlerine geri dönsün, çünkü bu Gece'nin (Kadir Gecesi'nin) tarihini gördüm (yani bana bildirildi) ve çamur ve su üzerinde secde ettiğimi gördüm.\" Yerime döndüğümde gökyüzü bulutlarla kaplıydı ve yağmur yağdı. Muhammed'i Hak ile gönderen Allah'a yemin ederim ki, o günün sonunda gökyüzü bulutlarla kaplanmıştı ve hurma ağaçlarının yaprak saplarından yapılmış olan cami (yağmurdan sızdı) ve Peygamberin (ﷺ) burnunun ve ucu üzerindeki çamur izini gördüm."
      }
    },
    {
      "id": 16,
      "idInBook": 16,
      "chapterId": 33,
      "bookId": 1,
      "arabic": "حَدَّثَنَا مُحَمَّدٌ، أَخْبَرَنَا مُحَمَّدُ بْنُ فُضَيْلِ بْنِ غَزْوَانَ، عَنْ يَحْيَى بْنِ سَعِيدٍ، عَنْ عَمْرَةَ بِنْتِ عَبْدِ الرَّحْمَنِ، عَنْ عَائِشَةَ ـ رضى الله عنها ـ قَالَتْ كَانَ رَسُولُ اللَّهِ صلى الله عليه وسلم يَعْتَكِفُ فِي كُلِّ رَمَضَانَ، وَإِذَا صَلَّى الْغَدَاةَ دَخَلَ مَكَانَهُ الَّذِي اعْتَكَفَ فِيهِ ـ قَالَ ـ فَاسْتَأْذَنَتْهُ عَائِشَةُ أَنْ تَعْتَكِفَ فَأَذِنَ لَهَا فَضَرَبَتْ فِيهِ قُبَّةً، فَسَمِعَتْ بِهَا حَفْصَةُ، فَضَرَبَتْ قُبَّةً، وَسَمِعَتْ زَيْنَبُ بِهَا، فَضَرَبَتْ قُبَّةً أُخْرَى، فَلَمَّا انْصَرَفَ رَسُولُ اللَّهِ صلى الله عليه وسلم مِنَ الْغَدِ أَبْصَرَ أَرْبَعَ قِبَابٍ، فَقَالَ ‏\"‏ مَا هَذَا ‏\"‏‏.‏ فَأُخْبِرَ خَبَرَهُنَّ، فَقَالَ ‏\"‏ مَا حَمَلَهُنَّ عَلَى هَذَا آلْبِرُّ انْزِعُوهَا فَلاَ أَرَاهَا ‏\"‏‏.‏ فَنُزِعَتْ، فَلَمْ يَعْتَكِفْ فِي رَمَضَانَ حَتَّى اعْتَكَفَ فِي آخِرِ الْعَشْرِ مِنْ شَوَّالٍ‏.‏",
      "english": {
        "narrator": "Narrated `Amra bint `Abdur-Rahman from `Aisha:",
        "text": "Allah's Messenger (ﷺ) used to practice I`tikaf every year in the month of Ramadan. And after offering the \nmorning prayer, he used to enter the place of his I`tikaf. `Aisha asked his permission to let her practice \nI`tikaf and he allowed her, and so she pitched a tent in the mosque. When Hafsa heard of that, she also \npitched a tent (for herself), and when Zainab heard of that, she too pitched another tent. When, in the \nmorning, Allah's Messenger (ﷺ) had finished the morning prayer, he saw four tents and asked, \"What is \nthis?\" He was informed about it. He then said, \"What made them do this? Is it righteousness? Remove \nthe tents, for I do not want to see them.\" So, the tents were removed. The Prophet (ﷺ) did not perform \nI`tikaf that year in the month of Ramadan, but did it in the last ten days of Shawwal."
      },
      "turkish": {
        "narrator": "Narrated `Amra bint `Abdur-Rahman from `Aisha:",
        "text": "`Amra bint `Abdur-Rahman'dan rivayet edilmiştir: Aişe, Allah'ın Elçisi (ﷺ) her yıl Ramazan ayında itikaf yapardı. Sabah namazını kıldıktan sonra itikaf yerinde girerdi. Aişe, itikaf yapması için izin istedi ve o da izin verdi, böylece camide bir çadır kurdu. Hafsa bunu duyunca o da kendisi için bir çadır kurdu, Zeynep bunu duyunca o da başka bir çadır kurdu. Sabah, Allah'ın Elçisi (ﷺ) sabah namazını bitirdiğinde dört çadır gördü ve \"Bu nedir?\" diye sordu. Kendisine bunun hakkında bilgi verildi. Sonra dedi ki: \"Onları bunu yapmaya ne sevk etti? Bu bir takva mı? Çadırları kaldırın, çünkü onları görmek istemiyorum.\" Böylece çadırlar kaldırıldı. Peygamber (ﷺ) o yıl Ramazan ayında itikaf yapmadı, ancak Şevval'in son on gününde itikaf yaptı."
      }
    },
    {
      "id": 17,
      "idInBook": 17,
      "chapterId": 33,
      "bookId": 1,
      "arabic": "حَدَّثَنَا إِسْمَاعِيلُ بْنُ عَبْدِ اللَّهِ، عَنْ أَخِيهِ، عَنْ سُلَيْمَانَ، عَنْ عُبَيْدِ اللَّهِ بْنِ عُمَرَ، عَنْ نَافِعٍ، عَنْ عَبْدِ اللَّهِ بْنِ عُمَرَ، عَنْ عُمَرَ بْنِ الْخَطَّابِ ـ رضى الله عنه ـ أَنَّهُ قَالَ يَا رَسُولَ اللَّهِ إِنِّي نَذَرْتُ فِي الْجَاهِلِيَّةِ أَنْ أَعْتَكِفَ لَيْلَةً فِي الْمَسْجِدِ الْحَرَامِ‏.‏ فَقَالَ لَهُ النَّبِيُّ صلى الله عليه وسلم ‏\n\"‏ أَوْفِ نَذْرَكَ ‏\"‏‏.‏ فَاعْتَكَفَ لَيْلَةً‏.‏",
      "english": {
        "narrator": "Narrated `Abdullah bin `Umar:",
        "text": "`Umar bin Al-Khattab said, \"O Allah's Messenger (ﷺ)! I vowed in the Pre-Islamic period to perform I`tikaf in \nAl-Masjid-al-Haram for one night.\" The Prophet (ﷺ) said, \"Fulfill your vow.\" So, he performed I`tikaf for \none night."
      },
      "turkish": {
        "narrator": "Narrated `Abdullah bin `Umar:",
        "text": "Abdullah bin Ömer'den rivayet edilmiştir: Ömer bin Hattab dedi ki: \"Ey Allah'ın Elçisi (ﷺ)! İslam öncesi dönemde Kabe'de bir gece itikaf yapma sözü vermiştim.\" Peygamber (ﷺ) dedi ki: \"Vadedini yerine getir.\" Böylece bir gece itikaf yaptı."
      }
    },
    {
      "id": 18,
      "idInBook": 18,
      "chapterId": 33,
      "bookId": 1,
      "arabic": "حَدَّثَنَا عُبَيْدُ بْنُ إِسْمَاعِيلَ، حَدَّثَنَا أَبُو أُسَامَةَ، عَنْ عُبَيْدِ اللَّهِ، عَنْ نَافِعٍ، عَنِ ابْنِ عُمَرَ، أَنَّ عُمَرَ ـ رضى الله عنه ـ نَذَرَ فِي الْجَاهِلِيَّةِ أَنْ يَعْتَكِفَ فِي الْمَسْجِدِ الْحَرَامِ ـ قَالَ أُرَاهُ قَالَ ـ لَيْلَةً قَالَ لَهُ رَسُولُ اللَّهِ صلى الله عليه وسلم ‏\n\"‏ أَوْفِ بِنَذْرِكَ ‏\"‏‏.‏",
      "english": {
        "narrator": "Narrated Ibn `Umar:",
        "text": "that `Umar had vowed in the Pre-Islamic period to perform I`tikaf in Al-Masjid-al-Haram. (A subnarrator \nthinks that `Umar vowed to perform I`tikaf for one night.) Allah's Messenger (ﷺ) said to `Umar, \n\"Fulfill your vow.\""
      },
      "turkish": {
        "narrator": "Narrated Ibn `Umar:",
        "text": "İbn Ömer'den rivayet edilmiştir: Ömer, İslam öncesi dönemde Kabe'de itikaf yapma sözü vermiştir. (Bir alt rivayetçi, Ömer'in bir gece itikaf yapma sözü verdiğini düşünmektedir.) Allah'ın Elçisi (ﷺ) Ömer'e dedi ki: \"Vadedini yerine getir.\""
      }
    },
    {
      "id": 19,
      "idInBook": 19,
      "chapterId": 33,
      "bookId": 1,
      "arabic": "حَدَّثَنَا عَبْدُ اللَّهِ بْنُ أَبِي شَيْبَةَ، حَدَّثَنَا أَبُو بَكْرٍ، عَنْ أَبِي حَصِينٍ، عَنْ أَبِي صَالِحٍ، عَنْ أَبِي هُرَيْرَةَ ـ رضى الله عنه ـ قَالَ كَانَ النَّبِيُّ صلى الله عليه وسلم يَعْتَكِفُ فِي كُلِّ رَمَضَانَ عَشْرَةَ أَيَّامٍ، فَلَمَّا كَانَ الْعَامُ الَّذِي قُبِضَ فِيهِ اعْتَكَفَ عِشْرِينَ يَوْمًا‏.‏",
      "english": {
        "narrator": "Narrated Abu Huraira:",
        "text": "The Prophet (ﷺ) used to perform I`tikaf every year in the month of Ramadan for ten days, and when it was \nthe year of his death, he stayed in I`tikaf for twenty days."
      },
      "turkish": {
        "narrator": "Narrated Abu Huraira:",
        "text": "Ebu Hureyre'den rivayet edilmiştir: Peygamber (ﷺ) her yıl Ramazan ayında on gün itikaf yapardı ve vefat yılı olduğunda yirmi gün itikaf yaptı."
      }
    },
    {
      "id": 20,
      "idInBook": 20,
      "chapterId": 33,
      "bookId": 1,
      "arabic": "حَدَّثَنَا مُحَمَّدُ بْنُ مُقَاتِلٍ أَبُو الْحَسَنِ، أَخْبَرَنَا عَبْدُ اللَّهِ، أَخْبَرَنَا الأَوْزَاعِيُّ، قَالَ حَدَّثَنِي يَحْيَى بْنُ سَعِيدٍ، قَالَ حَدَّثَتْنِي عَمْرَةُ بِنْتُ عَبْدِ الرَّحْمَنِ، عَنْ عَائِشَةَ ـ رضى الله عنها ـ أَنَّ رَسُولَ اللَّهِ صلى الله عليه وسلم ذَكَرَ أَنْ يَعْتَكِفَ الْعَشْرَ الأَوَاخِرَ مِنْ رَمَضَانَ، فَاسْتَأْذَنَتْهُ عَائِشَةُ فَأَذِنَ لَهَا، وَسَأَلَتْ حَفْصَةُ عَائِشَةَ أَنْ تَسْتَأْذِنَ لَهَا فَفَعَلَتْ فَلَمَّا رَأَتْ ذَلِكَ زَيْنَبُ ابْنَةُ جَحْشٍ أَمَرَتْ بِبِنَاءٍ فَبُنِيَ لَهَا قَالَتْ وَكَانَ رَسُولُ اللَّهِ صلى الله عليه وسلم إِذَا صَلَّى انْصَرَفَ إِلَى بِنَائِهِ فَبَصُرَ بِالأَبْنِيَةِ فَقَالَ ‏\"‏ مَا هَذَا ‏\"‏‏.‏ قَالُوا بِنَاءُ عَائِشَةَ وَحَفْصَةَ وَزَيْنَبَ‏.‏ فَقَالَ رَسُولُ اللَّهِ صلى الله عليه وسلم ‏\"‏ آلْبِرَّ أَرَدْنَ بِهَذَا مَا أَنَا بِمُعْتَكِفٍ ‏\"‏‏.‏ فَرَجَعَ، فَلَمَّا أَفْطَرَ اعْتَكَفَ عَشْرًا مِنْ شَوَّالٍ‏.‏",
      "english": {
        "narrator": "Narrated `Amra bint `Abdur-Rahman from `Aisha:",
        "text": "Allah's Messenger (ﷺ) mentioned that he would practice I`tikaf in the last ten days of Ramadan. `Aisha asked \nhis permission to perform I`tikaf and he permitted her. Hafsa asked `Aisha to take his permission for \nher, and she did so. When Zainab bint Jahsh saw that, she ordered a tent to be pitched for her and it \nwas pitched for her. Allah's Messenger (ﷺ) used to proceed to his tent after the prayer. So, he saw the tents \nans asked, \"What is this?\" He was told that those were the tents of Aisha, Hafsa, and Zainab. Allah's \nApostle said, \"Is it righteousness which they intended by doing so? I am not going to perform I`tikaf.\" \nSo he returned home. When the fasting month was over, he performed Itikar for ten days in the month \nof Shawwal."
      },
      "turkish": {
        "narrator": "Narrated `Amra bint `Abdur-Rahman from `Aisha:",
        "text": "`Amra bint `Abdur-Rahman'dan Aişe'den rivayet edilmiştir: Allah'ın Elçisi (ﷺ) Ramazan'ın son on gününde itikaf yapacağını belirtmiştir. Aişe, itikaf yapması için izin istedi ve o da izin verdi. Hafsa, Aişe'den onun için izin almasını istedi ve o da aldı. Zeynep bint Cahş bunu görünce kendisi için bir çadır kurulmasını emretti ve onun için kuruldu. Allah'ın Elçisi (ﷺ) namazdan sonra çadırına gidiyordu. Böylece çadırları gördü ve \"Bu nedir?\" diye sordu. Kendisine bunun Aişe, Hafsa ve Zeynep'in çadırları olduğu söylendi. Allah'ın Elçisi dedi ki: \"Bunu yaparak takva mı kastettiler? Ben itikaf yapmayacağım.\" Böylece evine döndü. Oruç ayı sona erdiğinde, Şevval ayında on gün itikaf yaptı."
      }
    },
    {
      "id": 21,
      "idInBook": 21,
      "chapterId": 33,
      "bookId": 1,
      "arabic": "حَدَّثَنَا عَبْدُ اللَّهِ بْنُ مُحَمَّدٍ، حَدَّثَنَا هِشَامٌ، أَخْبَرَنَا مَعْمَرٌ، عَنِ الزُّهْرِيِّ، عَنْ عُرْوَةَ، عَنْ عَائِشَةَ ـ رضى الله عنها ـ أَنَّهَا كَانَتْ تُرَجِّلُ النَّبِيَّ صلى الله عليه وسلم وَهِيَ حَائِضٌ وَهْوَ مُعْتَكِفٌ فِي الْمَسْجِدِ وَهْىَ فِي حُجْرَتِهَا، يُنَاوِلُهَا رَأْسَهُ‏.‏",
      "english": {
        "narrator": "Narrated `Urwa:",
        "text": "Aisha during her menses used to comb and oil the hair of the Prophet (ﷺ) while he used to be in I`tikaf in \nthe mosque. He would stretch out his head towards her while she was in her chamber."
      },
      "turkish": {
        "narrator": "Narrated `Urwa:",
        "text": "Urve'den rivayet edilmiştir: Aişe, adet döneminde Peygamber (ﷺ)'in itikaf yaptığı camide onun saçını tarar ve yağlardı. O, odasında iken başını ona doğru uzatırdı."
      }
    }
  ],
  "chapter": {
    "id": 33,
    "bookId": 1,
    "arabic": "كتاب الاعتكاف",
    "english": "Retiring to a Mosque for Remembrance of Allah (I'tikaf)"
  }
}