{
  "metadata": {
    "length": 16,
    "arabic": {
      "title": "صحيح البخاري",
      "author": "الإمام محمد بن إسماعيل البخاري",
      "introduction": "كتاب السلم"
    },
    "english": {
      "title": "Sahih al-Bukhari",
      "author": "Imam Muhammad ibn Ismail al-Bukhari",
      "introduction": "Sales in which a Price is paid for Goods to be Delivered Later (As-Salam)"
    }
  },
  "hadiths": [
    {
      "id": 1,
      "idInBook": 1,
      "chapterId": 35,
      "bookId": 1,
      "arabic": "حَدَّثَنَا عَمْرُو بْنُ زُرَارَةَ، أَخْبَرَنَا إِسْمَاعِيلُ ابْنُ عُلَيَّةَ، أَخْبَرَنَا ابْنُ أَبِي نَجِيحٍ، عَنْ عَبْدِ اللَّهِ بْنِ كَثِيرٍ، عَنْ أَبِي الْمِنْهَالِ، عَنِ ابْنِ عَبَّاسٍ ـ رضى الله عنهما ـ قَالَ قَدِمَ رَسُولُ اللَّهِ صلى الله عليه وسلم الْمَدِينَةَ، وَالنَّاسُ يُسْلِفُونَ فِي الثَّمَرِ الْعَامَ وَالْعَامَيْنِ ـ أَوْ قَالَ عَامَيْنِ أَوْ ثَلاَثَةً‏.‏ شَكَّ إِسْمَاعِيلُ ـ فَقَالَ ‏\n\"‏ مَنْ سَلَّفَ فِي تَمْرٍ فَلْيُسْلِفْ فِي كَيْلٍ مَعْلُومٍ، وَوَزْنٍ مَعْلُومٍ ‏\"‏‏.‏",
      "english": {
        "narrator": "Narrated Ibn `Abbas:",
        "text": "Allah's Messenger (ﷺ) came to Medina and the people used to pay in advance the price of fruits to be \ndelivered within one or two years. (The sub-narrator is in doubt whether it was one to two years or \ntwo to three years.) The Prophet (ﷺ) said, \"Whoever pays money in advance for dates (to be delivered \nlater) should pay it for known specified weight and measure (of the dates)."
      },
      "turkish": {
        "narrator": "Narrated Ibn `Abbas:",
        "text": "İbn Abbas'tan rivayet edilmiştir: Allah'ın Messenger'ı (ﷺ) Medine'ye geldiğinde, insanlar meyvelerin fiyatını bir veya iki yıl içinde teslim edilmek üzere peşin ödemekteydiler. (Alt rivayetçi, bunun bir ile iki yıl mı yoksa iki ile üç yıl mı olduğunu bilmiyor.) Peygamber (ﷺ) dedi ki: \"Kim hurma için (sonradan teslim edilmek üzere) peşin para öderse, bunu bilinen belirli bir ağırlık ve ölçü için ödemelidir.\""
      }
    },
    {
      "id": 2,
      "idInBook": 2,
      "chapterId": 35,
      "bookId": 1,
      "arabic": "حَدَّثَنَا مُحَمَّدٌ، أَخْبَرَنَا إِسْمَاعِيلُ، عَنِ ابْنِ أَبِي نَجِيحٍ، بِهَذَا ‏\n\"‏ فِي كَيْلٍ مَعْلُومٍ وَوَزْنٍ مَعْلُومٍ ‏\"‏‏.‏",
      "english": {
        "narrator": "Narrated Ibn Abi Najih:",
        "text": "as above, mentioning only specific measure."
      },
      "turkish": {
        "narrator": "Narrated Ibn Abi Najih:",
        "text": "İbn Ebi Neccih'ten rivayet edilmiştir: yukarıda, sadece belirli ölçüyü anarak."
      }
    },
    {
      "id": 3,
      "idInBook": 3,
      "chapterId": 35,
      "bookId": 1,
      "arabic": "حَدَّثَنَا صَدَقَةُ، أَخْبَرَنَا ابْنُ عُيَيْنَةَ، أَخْبَرَنَا ابْنُ أَبِي نَجِيحٍ، عَنْ عَبْدِ اللَّهِ بْنِ كَثِيرٍ، عَنْ أَبِي الْمِنْهَالِ، عَنِ ابْنِ عَبَّاسٍ ـ رضى الله عنهما ـ قَالَ قَدِمَ النَّبِيُّ صلى الله عليه وسلم الْمَدِينَةَ، وَهُمْ يُسْلِفُونَ بِالتَّمْرِ السَّنَتَيْنِ وَالثَّلاَثَ، فَقَالَ ‏\n\"‏ مَنْ أَسْلَفَ فِي شَىْءٍ فَفِي كَيْلٍ مَعْلُومٍ وَوَزْنٍ مَعْلُومٍ، إِلَى أَجَلٍ مَعْلُومٍ ‏\"‏‏.‏",
      "english": {
        "narrator": "Narrated Ibn `Abbas:",
        "text": "The Prophet (ﷺ) came to Medina and the people used to pay in advance the price of dates to be delivered \nwithin two or three years. He said (to them), \"Whoever pays in advance the price of a thing to be \ndelivered later should pay it for a specified measure at specified weight for a specified period.\""
      },
      "turkish": {
        "narrator": "Narrated Ibn `Abbas:",
        "text": "İbn Abbas'tan rivayet edilmiştir: Peygamber (ﷺ) Medine'ye geldiğinde, insanlar hurma fiyatını iki veya üç yıl içinde teslim edilmek üzere peşin ödemekteydiler. O (onlara) dedi ki: \"Kim bir şeyin fiyatını peşin öderse, bunu belirli bir ölçü ve belirli bir ağırlık için belirli bir süre içinde ödemelidir.\""
      }
    },
    {
      "id": 4,
      "idInBook": 4,
      "chapterId": 35,
      "bookId": 1,
      "arabic": "حَدَّثَنَا عَلِيٌّ، حَدَّثَنَا سُفْيَانُ، قَالَ حَدَّثَنِي ابْنُ أَبِي نَجِيحٍ، وَقَالَ، ‏\n\"‏ فَلْيُسْلِفْ فِي كَيْلٍ مَعْلُومٍ إِلَى أَجَلٍ مَعْلُومٍ ‏\"‏‏.‏",
      "english": {
        "narrator": "Narrated Ibn Abi Najih:",
        "text": "as above, saying, \"He should pay the price in advance for a specified measure and for a specified \nperiod.\""
      },
      "turkish": {
        "narrator": "Narrated Ibn Abi Najih:",
        "text": "İbn Ebi Neccih'ten rivayet edilmiştir: yukarıda, \"Belirli bir ölçü ve belirli bir süre için peşin fiyat ödemelidir.\" diyerek."
      }
    },
    {
      "id": 5,
      "idInBook": 5,
      "chapterId": 35,
      "bookId": 1,
      "arabic": "حَدَّثَنَا قُتَيْبَةُ، حَدَّثَنَا سُفْيَانُ، عَنِ ابْنِ أَبِي نَجِيحٍ، عَنْ عَبْدِ اللَّهِ بْنِ كَثِيرٍ، عَنْ أَبِي الْمِنْهَالِ، قَالَ سَمِعْتُ ابْنَ عَبَّاسٍ ـ رضى الله عنهما ـ يَقُولُ قَدِمَ النَّبِيُّ صلى الله عليه وسلم وَقَالَ ‏\n\"‏ فِي كَيْلٍ مَعْلُومٍ وَوَزْنٍ مَعْلُومٍ إِلَى أَجَلٍ مَعْلُومٍ ‏\"‏‏.‏",
      "english": {
        "narrator": "Narrated Ibn `Abbas:",
        "text": "The Prophet (ﷺ) came (to Medina) and he told the people (regarding the payment of money in advance \nthat they should pay it) for a known specified measure and a known specified weight and a known \nspecified period."
      },
      "turkish": {
        "narrator": "Narrated Ibn `Abbas:",
        "text": "İbn Abbas'tan rivayet edilmiştir: Peygamber (ﷺ) (Medine'ye) geldi ve insanlara (peşin para ödemeleri gerektiğini) bilinen belirli bir ölçü, bilinen belirli bir ağırlık ve bilinen belirli bir süre için ödemeleri gerektiğini söyledi."
      }
    },
    {
      "id": 6,
      "idInBook": 6,
      "chapterId": 35,
      "bookId": 1,
      "arabic": "حَدَّثَنَا أَبُو الْوَلِيدِ، حَدَّثَنَا شُعْبَةُ، عَنِ ابْنِ أَبِي الْمُجَالِدِ،‏.‏ وَحَدَّثَنَا يَحْيَى، حَدَّثَنَا وَكِيعٌ، عَنْ شُعْبَةَ، عَنْ مُحَمَّدِ بْنِ أَبِي الْمُجَالِدِ، حَدَّثَنَا حَفْصُ بْنُ عُمَرَ، حَدَّثَنَا شُعْبَةُ، قَالَ أَخْبَرَنِي مُحَمَّدٌ،، أَوْ عَبْدُ اللَّهِ بْنُ أَبِي الْمُجَالِدِ قَالَ اخْتَلَفَ عَبْدُ اللَّهِ بْنُ شَدَّادِ بْنِ الْهَادِ وَأَبُو بُرْدَةَ فِي السَّلَفِ، فَبَعَثُونِي إِلَى ابْنِ أَبِي أَوْفَى ـ رضى الله عنه ـ فَسَأَلْتُهُ فَقَالَ إِنَّا كُنَّا نُسْلِفُ عَلَى عَهْدِ رَسُولِ اللَّهِ صلى الله عليه وسلم وَأَبِي بَكْرٍ وَعُمَرَ، فِي الْحِنْطَةِ، وَالشَّعِيرِ وَالزَّبِيبِ، وَالتَّمْرِ‏.‏ وَسَأَلْتُ ابْنَ أَبْزَى فَقَالَ مِثْلَ ذَلِكَ‏.‏",
      "english": {
        "narrator": "Narrated Shu`ba:",
        "text": "Muhammad or `Abdullah bin Abu Al-Mujalid said, \"Abdullah bin Shaddad and Abu Burda differed \nregarding As-Salam, so they sent me to Ibn Abi `Aufa and I asked him about it. He replied, 'In the \nlifetime of Allah's Messenger (ﷺ), Abu Bakr and `Umar, we used to pay in advance the prices of wheat, \nbarley, dried grapes and dates to be delivered later. I also asked Ibn Abza and he, too, replied as \nabove.' \""
      },
      "turkish": {
        "narrator": "Narrated Shu`ba:",
        "text": "Şu'ba'dan rivayet edilmiştir: Muhammed veya Abdullah bin Ebu'l-Mucalid dedi ki: \"Abdullah bin Şeddad ve Ebu Burda, As-Salam hakkında ihtilafa düştüler, bu yüzden beni İbn Ebi A'fa'ya gönderdiler ve ona sordum. O, 'Allah'ın Messenger'ı (ﷺ) döneminde, Ebu Bekir ve Ömer zamanında, biz peşin olarak buğday, arpa, kuru üzüm ve hurma fiyatlarını teslim almak üzere öderdik. İbn Abza'ya da sordum, o da yukarıdaki gibi cevap verdi.'\""
      }
    },
    {
      "id": 7,
      "idInBook": 7,
      "chapterId": 35,
      "bookId": 1,
      "arabic": "حَدَّثَنَا مُوسَى بْنُ إِسْمَاعِيلَ، حَدَّثَنَا عَبْدُ الْوَاحِدِ، حَدَّثَنَا الشَّيْبَانِيُّ، حَدَّثَنَا مُحَمَّدُ بْنُ أَبِي الْمُجَالِدِ، قَالَ بَعَثَنِي عَبْدُ اللَّهِ بْنُ شَدَّادٍ وَأَبُو بُرْدَةَ إِلَى عَبْدِ اللَّهِ بْنِ أَبِي أَوْفَى ـ رضى الله عنهما ـ فَقَالاَ سَلْهُ هَلْ كَانَ أَصْحَابُ النَّبِيِّ صلى الله عليه وسلم فِي عَهْدِ النَّبِيِّ صلى الله عليه وسلم يُسْلِفُونَ فِي الْحِنْطَةِ قَالَ عَبْدُ اللَّهِ كُنَّا نُسْلِفُ نَبِيطَ أَهْلِ الشَّأْمِ فِي الْحِنْطَةِ، وَالشَّعِيرِ، وَالزَّيْتِ، فِي كَيْلٍ مَعْلُومٍ، إِلَى أَجَلٍ مَعْلُومٍ‏.‏ قُلْتُ إِلَى مَنْ كَانَ أَصْلُهُ عِنْدَهُ قَالَ مَا كُنَّا نَسْأَلُهُمْ عَنْ ذَلِكَ‏.‏ ثُمَّ بَعَثَانِي إِلَى عَبْدِ الرَّحْمَنِ بْنِ أَبْزَى فَسَأَلْتُهُ فَقَالَ كَانَ أَصْحَابُ النَّبِيِّ صلى الله عليه وسلم يُسْلِفُونَ عَلَى عَهْدِ النَّبِيِّ صلى الله عليه وسلم وَلَمْ نَسْأَلْهُمْ أَلَهُمْ حَرْثٌ أَمْ لاَ",
      "english": {
        "narrator": "Narrated Muhammad bin Al-Mujalid:",
        "text": "`Abdullah bin Shaddad and Abu Burda sent me to `Abdullah bin Abi `Aufa and told me to ask \n`Abdullah whether the people in the lifetime of the Prophet (ﷺ) used to pay in advance for wheat (to be \ndelivered later). `Abdullah replied, \"We used to pay in advance to the peasants of Sham for wheat, \nbarley and olive oil of a known specified measure to be delivered in a specified period.\" I asked (him), \n\"Was the price paid (in advance) to those who had the things to be delivered later?\" `Abdullah bin \n`Aufa replied, \"We did not use to ask them about that.\" Then they sent me to `Abdur Rahman bin \nAbza and I asked him. He replied, \"The companions of the Prophet (ﷺ) used to practice Salam in the \nlifetime of the Prophet; and we did not use to ask them whether they had standing crops or not.\""
      },
      "turkish": {
        "narrator": "Narrated Muhammad bin Al-Mujalid:",
        "text": "Muhammed bin Al-Mucalid'ten rivayet edilmiştir: Abdullah bin Şeddad ve Ebu Burda beni Abdullah bin Ebi A'fa'ya gönderdi ve ona, Peygamber (ﷺ) döneminde insanların buğday için (sonradan teslim edilmek üzere) peşin para ödeyip ödemediğini sormamı söylediler. Abdullah cevap verdi: \"Biz, Şam çiftçilerine peşin olarak bilinen belirli bir ölçüde buğday, arpa ve zeytinyağı için öderdik. Ona sordum, 'Fiyat, sonradan teslim edilecek olanlardan mı alınıyordu?' Abdullah bin Ebi A'fa cevap verdi: 'Biz onlardan bunu sormazdık.' Sonra beni Abdurrahman bin Abza'ya gönderdiler ve ona sordum. O cevap verdi: 'Peygamber (ﷺ) döneminde, Peygamber'in arkadaşları Salam uyguluyorlardı; ve biz onlara, ürünlerin durumu hakkında sormazdık.'\""
      }
    },
    {
      "id": 8,
      "idInBook": 8,
      "chapterId": 35,
      "bookId": 1,
      "arabic": "حَدَّثَنَا إِسْحَاقُ، حَدَّثَنَا خَالِدُ بْنُ عَبْدِ اللَّهِ، عَنِ الشَّيْبَانِيِّ، عَنْ مُحَمَّدِ بْنِ أَبِي مُجَالِدٍ، بِهَذَا وَقَالَ فَنُسْلِفُهُمْ فِي الْحِنْطَةِ وَالشَّعِيرِ‏.‏ وَقَالَ عَبْدُ اللَّهِ بْنُ الْوَلِيدِ عَنْ سُفْيَانَ حَدَّثَنَا الشَّيْبَانِيُّ وَقَالَ وَالزَّيْتِ‏.‏ حَدَّثَنَا قُتَيْبَةُ حَدَّثَنَا جَرِيرٌ عَنِ الشَّيْبَانِيِّ وَقَالَ فِي الْحِنْطَةِ وَالشَّعِيرِ وَالزَّبِيبِ‏.‏",
      "english": {
        "narrator": "Narrated Muhammad bin Abi Al-Mujalid:",
        "text": "as above (446) and said, \"We used to pay them in advance for wheat and barley (to be delivered later). \nNarrated Ash-Shaibani--\"And also for oil.\"\nNarrated Ash-Shaibani:\n\nwho said \"We used to pay in advance for wheat barley and dried grapes.\""
      },
      "turkish": {
        "narrator": "Narrated Muhammad bin Abi Al-Mujalid:",
        "text": "Muhammed bin Ebi Al-Mucalid'ten rivayet edilmiştir: yukarıda (446) ve \"Onlara peşin olarak buğday ve arpa (sonradan teslim edilmek üzere) öderdik.\" dedi. Eş-Şeybani'den rivayet edilmiştir: \"Ve ayrıca yağ için de.\" Eş-Şeybani dedi ki: \"Biz peşin olarak buğday, arpa ve kuru üzüm için öderdik.\""
      }
    },
    {
      "id": 9,
      "idInBook": 9,
      "chapterId": 35,
      "bookId": 1,
      "arabic": "حَدَّثَنَا آدَمُ، حَدَّثَنَا شُعْبَةُ، أَخْبَرَنَا عَمْرٌو، قَالَ سَمِعْتُ أَبَا الْبَخْتَرِيِّ الطَّائِيَّ، قَالَ سَأَلْتُ ابْنَ عَبَّاسٍ ـ رضى الله عنهما ـ عَنِ السَّلَمِ، فِي النَّخْلِ‏.‏ قَالَ نَهَى النَّبِيُّ صلى الله عليه وسلم عَنْ بَيْعِ النَّخْلِ، حَتَّى يُؤْكَلَ مِنْهُ وَحَتَّى يُوزَنَ‏.‏ فَقَالَ الرَّجُلُ وَأَىُّ شَىْءٍ يُوزَنُ قَالَ رَجُلٌ إِلَى جَانِبِهِ حَتَّى يُحْرَزَ‏.‏ وَقَالَ مُعَاذٌ حَدَّثَنَا شُعْبَةُ، عَنْ عَمْرٍو، قَالَ أَبُو الْبَخْتَرِيِّ سَمِعْتُ ابْنَ عَبَّاسٍ ـ رضى الله عنهما ـ نَهَى النَّبِيُّ صلى الله عليه وسلم مِثْلَهُ‏.‏",
      "english": {
        "narrator": "Narrated Abu Bakhtari at-Tai:",
        "text": "I asked Ibn `Abbas about Salam for (the fruits of) date-palms. He replied \"The Prophet (ﷺ) forbade the \nsale a dates on the trees till they became fit for eating and could be weighed.\" A man asked what to be \nweighed (as the dates were still on the trees). Another man sitting beside Ibn `Abbas replied, \"Till they \nare cut and stored.\" Narrated Abu Al-Bakhtari: I heard Ibn `Abbas (saying) that the Prophet (ﷺ) forbade ... \netc. as above."
      },
      "turkish": {
        "narrator": "Narrated Abu Bakhtari at-Tai:",
        "text": "Ebu Bakhtari et-Tai'den rivayet edilmiştir: İbn Abbas'a hurma ağaçlarının (meyveleri) için Salam hakkında sordum. O cevap verdi: \"Peygamber (ﷺ) hurmaları ağaçlardan, yenmeye uygun hale gelene ve tartılana kadar satmayı yasakladı.\" Bir adam, (hurmalar ağaçlarda olduğu için) neyin tartılacağını sordu. İbn Abbas'ın yanındaki başka bir adam cevap verdi: \"Kesilip depolanana kadar.\" Ebu Bakhtari'den rivayet edilmiştir: İbn Abbas'ın (şöyle) dediğini duydum: Peygamber (ﷺ) yasakladı... vb. yukarıdaki gibi."
      }
    },
    {
      "id": 10,
      "idInBook": 10,
      "chapterId": 35,
      "bookId": 1,
      "arabic": "حَدَّثَنَا أَبُو الْوَلِيدِ، حَدَّثَنَا شُعْبَةُ، عَنْ عَمْرٍو، عَنْ أَبِي الْبَخْتَرِيِّ، قَالَ سَأَلْتُ ابْنَ عُمَرَ ـ رضى الله عنهما ـ عَنِ السَّلَمِ، فِي النَّخْلِ فَقَالَ نُهِيَ عَنْ بَيْعِ النَّخْلِ، حَتَّى يَصْلُحَ، وَعَنْ بَيْعِ الْوَرِقِ، نَسَاءً بِنَاجِزٍ‏.‏ وَسَأَلْتُ ابْنَ عَبَّاسٍ عَنِ السَّلَمِ، فِي النَّخْلِ، فَقَالَ نَهَى النَّبِيُّ صلى الله عليه وسلم عَنْ بَيْعِ النَّخْلِ حَتَّى يُؤْكَلَ مِنْهُ، أَوْ يَأْكُلَ مِنْهُ، وَحَتَّى يُوزَنَ‏.‏",
      "english": {
        "narrator": "Narrated Abu Al-Bakhtari:",
        "text": "I asked Ibn `Umar about Salam (the fruits of) date-palms. He replied, \"The Prophet (ﷺ) forbade the sale of \ndates till their benefit becomes evident and fit for eating and also the sale of silver (for gold) on \ncredit.\" I asked Ibn `Abbas about Salam for dates and he replied, \"The Prophet (ﷺ) forbade the sale of \ndates till they were fit for eating and could be estimated.\""
      },
      "turkish": {
        "narrator": "Narrated Abu Al-Bakhtari:",
        "text": "Ebu Bakhtari'den rivayet edilmiştir: İbn Ömer'e hurma ağaçlarının (meyveleri) için Salam hakkında sordum. O cevap verdi: \"Peygamber (ﷺ) hurmaların faydası ortaya çıkana ve yenmeye uygun hale gelene kadar satışını yasakladı ve ayrıca gümüşün (altın için) kredi ile satışını da yasakladı.\" İbn Abbas'a hurmalar için Salam hakkında sordum ve o cevap verdi: \"Peygamber (ﷺ) hurmaların yenmeye uygun hale gelene ve değerlendirilebileceği zamana kadar satışını yasakladı.\""
      }
    },
    {
      "id": 11,
      "idInBook": 11,
      "chapterId": 35,
      "bookId": 1,
      "arabic": "حَدَّثَنَا مُحَمَّدُ بْنُ بَشَّارٍ، حَدَّثَنَا غُنْدَرٌ، حَدَّثَنَا شُعْبَةُ، عَنْ عَمْرٍو، عَنْ أَبِي الْبَخْتَرِيِّ، سَأَلْتُ ابْنَ عُمَرَ ـ رضى الله عنهما ـ عَنِ السَّلَمِ، فِي النَّخْلِ فَقَالَ نَهَى النَّبِيُّ صلى الله عليه وسلم عَنْ بَيْعِ الثَّمَرِ حَتَّى يَصْلُحَ، وَنَهَى عَنِ الْوَرِقِ بِالذَّهَبِ نَسَاءً بِنَاجِزٍ‏.‏ وَسَأَلْتُ ابْنَ عَبَّاسٍ فَقَالَ نَهَى النَّبِيُّ صلى الله عليه وسلم عَنْ بَيْعِ النَّخْلِ حَتَّى يَأْكُلَ أَوْ يُؤْكَلَ، وَحَتَّى يُوزَنَ‏.‏ قُلْتُ وَمَا يُوزَنُ قَالَ رَجُلٌ عِنْدَهُ حَتَّى يُحْرَزَ‏.‏",
      "english": {
        "narrator": "Narrated Abu Al-Bakhtari:",
        "text": "I asked Ibn `Umar about Salam for dates. Ibn `Umar replied, \"The Prophet (ﷺ) forbade the sale (the fruits) \nof date-palms until they were fit for eating and also forbade the sale of silver for gold on credit.\" I also \nasked Ibn `Abbas about it. Ibn `Abbas replied, \"The Prophet (ﷺ) forbade the sale of dates till they were fit \nfor eating, and could be weighed.\" I asked him, \"What is to be weighed (as the dates are on the \ntrees)?\" A man sitting by Ibn `Abbas said, \"It means till they are cut and stored.\""
      },
      "turkish": {
        "narrator": "Narrated Abu Al-Bakhtari:",
        "text": "Ebu Bakhtari'den rivayet edilmiştir: İbn Ömer'e hurmalar için Salam hakkında sordum. İbn Ömer cevap verdi: \"Peygamber (ﷺ) hurma ağaçlarının (meyvelerinin) satışını, yenmeye uygun hale gelene kadar yasakladı ve ayrıca gümüşün altın için kredi ile satışını da yasakladı.\" Ben de İbn Abbas'a sordum. İbn Abbas cevap verdi: \"Peygamber (ﷺ) hurmaların yenmeye uygun hale gelene kadar ve tartılabileceği zamana kadar satışını yasakladı.\" Ona sordum: \"Ne tartılacak (hurmalar ağaçlarda olduğu için)?\" İbn Abbas'ın yanındaki bir adam dedi ki: \"Kesilip depolanana kadar.\""
      }
    },
    {
      "id": 12,
      "idInBook": 12,
      "chapterId": 35,
      "bookId": 1,
      "arabic": "حَدَّثَنَا مُحَمَّدٌ، حَدَّثَنَا يَعْلَى، حَدَّثَنَا الأَعْمَشُ، عَنْ إِبْرَاهِيمَ، عَنِ الأَسْوَدِ، عَنْ عَائِشَةَ ـ رضى الله عنها ـ قَالَتِ اشْتَرَى رَسُولُ اللَّهِ صلى الله عليه وسلم طَعَامًا مِنْ يَهُودِيٍّ بِنَسِيئَةٍ، وَرَهَنَهُ دِرْعًا لَهُ مِنْ حَدِيدٍ‏.‏",
      "english": {
        "narrator": "Narrated `Aisha:",
        "text": "Allah's Messenger (ﷺ) bought some foodstuff (barley) from a Jew on credit and mortgaged his iron armor to \nhim (the armor stands for a guarantor)."
      },
      "turkish": {
        "narrator": "Narrated `Aisha:",
        "text": "Aişe'den rivayet edilmiştir: Allah'ın Messenger'ı (ﷺ) bir Yahudiden yiyecek (arpa) satın aldı ve ona (bu zırh bir teminat olarak) demir zırhını rehin verdi."
      }
    },
    {
      "id": 13,
      "idInBook": 13,
      "chapterId": 35,
      "bookId": 1,
      "arabic": "حَدَّثَنِي مُحَمَّدُ بْنُ مَحْبُوبٍ، حَدَّثَنَا عَبْدُ الْوَاحِدِ، حَدَّثَنَا الأَعْمَشُ، قَالَ تَذَاكَرْنَا عِنْدَ إِبْرَاهِيمَ الرَّهْنَ فِي السَّلَفِ فَقَالَ حَدَّثَنِي الأَسْوَدُ عَنْ عَائِشَةَ ـ رضى الله عنها ـ أَنَّ النَّبِيَّ صلى الله عليه وسلم اشْتَرَى مِنْ يَهُودِيٍّ طَعَامًا إِلَى أَجَلٍ مَعْلُومٍ، وَارْتَهَنَ مِنْهُ دِرْعًا مِنْ حَدِيدٍ‏.‏",
      "english": {
        "narrator": "Narrated Al-A`mash:",
        "text": "We argued at Ibrahim's dwelling place about mortgaging in Salam. He said, \"Aisha said, 'The Prophet (ﷺ) \nbought some foodstuff from a Jew on credit and the payment was to be made by a definite period, and \nhe mortgaged his iron armor to him.\""
      },
      "turkish": {
        "narrator": "Narrated Al-A`mash:",
        "text": "El-A'maş'tan rivayet edilmiştir: İbrahim'in evinde Salam konusunda tartıştık. O dedi ki: \"Aişe dedi ki: 'Peygamber (ﷺ) bir Yahudiden yiyecek satın aldı ve ödeme belirli bir süre içinde yapılacaktı ve ona demir zırhını rehin verdi.'\""
      }
    },
    {
      "id": 14,
      "idInBook": 14,
      "chapterId": 35,
      "bookId": 1,
      "arabic": "حَدَّثَنَا أَبُو نُعَيْمٍ، حَدَّثَنَا سُفْيَانُ، عَنِ ابْنِ أَبِي نَجِيحٍ، عَنْ عَبْدِ اللَّهِ بْنِ كَثِيرٍ، عَنْ أَبِي الْمِنْهَالِ، عَنِ ابْنِ عَبَّاسٍ ـ رضى الله عنهما ـ قَالَ قَدِمَ النَّبِيُّ صلى الله عليه وسلم الْمَدِينَةَ وَهُمْ يُسْلِفُونَ فِي الثِّمَارِ السَّنَتَيْنِ وَالثَّلاَثَ، فَقَالَ ‏\"‏ أَسْلِفُوا فِي الثِّمَارِ فِي كَيْلٍ مَعْلُومٍ إِلَى أَجَلٍ مَعْلُومٍ ‏\"‏‏.‏ وَقَالَ عَبْدُ اللَّهِ بْنُ الْوَلِيدِ حَدَّثَنَا سُفْيَانُ، حَدَّثَنَا ابْنُ أَبِي نَجِيحٍ، وَقَالَ، ‏\"‏ فِي كَيْلٍ مَعْلُومٍ وَوَزْنٍ مَعْلُومٍ ‏\"‏‏.‏",
      "english": {
        "narrator": "Narrated Ibn `Abbas:",
        "text": "The Prophet (ﷺ) came to Medina and the people used to pay in advance the prices of fruits to be delivered \nwithin two to three years. The Prophet (ﷺ) said (to them), \"Buy fruits by paying their prices in advance on \ncondition that the fruits are to be delivered to you according to a fixed specified measure within a \nfixed specified period.\" Ibn Najih said, \" ... by specified measure and specified weight.\""
      },
      "turkish": {
        "narrator": "Narrated Ibn `Abbas:",
        "text": "İbn Abbas'tan rivayet edilmiştir: Peygamber (ﷺ) Medine'ye geldi ve insanlar meyvelerin fiyatını iki ile üç yıl içinde teslim edilmek üzere peşin ödemekteydiler. Peygamber (ﷺ) onlara dedi ki: \"Meyveleri, fiyatlarını peşin ödeyerek satın alın, şartıyla ki meyveler, belirli bir ölçüde ve belirli bir süre içinde size teslim edilecektir.\" İbn Neccih dedi ki: \"... belirli ölçü ve belirli ağırlıkla.\""
      }
    },
    {
      "id": 15,
      "idInBook": 15,
      "chapterId": 35,
      "bookId": 1,
      "arabic": "حَدَّثَنَا مُحَمَّدُ بْنُ مُقَاتِلٍ، أَخْبَرَنَا عَبْدُ اللَّهِ، أَخْبَرَنَا سُفْيَانُ، عَنْ سُلَيْمَانَ الشَّيْبَانِيِّ، عَنْ مُحَمَّدِ بْنِ أَبِي مُجَالِدٍ، قَالَ أَرْسَلَنِي أَبُو بُرْدَةَ وَعَبْدُ اللَّهِ بْنُ شَدَّادٍ إِلَى عَبْدِ الرَّحْمَنِ بْنِ أَبْزَى وَعَبْدِ اللَّهِ بْنِ أَبِي أَوْفَى فَسَأَلْتُهُمَا عَنِ السَّلَفِ،‏.‏ فَقَالاَ كُنَّا نُصِيبُ الْمَغَانِمَ مَعَ رَسُولِ اللَّهِ صلى الله عليه وسلم فَكَانَ يَأْتِينَا أَنْبَاطٌ مِنْ أَنْبَاطِ الشَّأْمِ فَنُسْلِفُهُمْ فِي الْحِنْطَةِ وَالشَّعِيرِ وَالزَّبِيبِ إِلَى أَجَلٍ مُسَمًّى‏.‏ قَالَ قُلْتُ أَكَانَ لَهُمْ زَرْعٌ، أَوْ لَمْ يَكُنْ لَهُمْ زَرْعٌ قَالاَ مَا كُنَّا نَسْأَلُهُمْ عَنْ ذَلِكَ‏.‏",
      "english": {
        "narrator": "Narrated Muhammad bin Abi Al-Mujalid:",
        "text": "Abu Burda and `Abdullah bin Shaddad sent me to `Abdur Rahman bin Abza and `Abdullah bin Abi \n`Aufa to ask them about the Salaf (Salam). They said, \"We used to get war booty while we were with \nAllah's Messenger (ﷺ) and when the peasants of Sham came to us we used to pay them in advance for wheat, \nbarley, and oil to be delivered within a fixed period.\" I asked them, \"Did the peasants own standing \ncrops or not?\" They replied, \"We never asked them about it.\""
      },
      "turkish": {
        "narrator": "Narrated Muhammad bin Abi Al-Mujalid:",
        "text": "Muhammed bin Ebi Al-Mucalid'ten rivayet edilmiştir: Ebu Burda ve Abdullah bin Şeddad beni Abdurrahman bin Abza ve Abdullah bin Ebi A'fa'ya gönderdi ve onlara Salaf (Salam) hakkında sormamı söylediler. Onlar dedi ki: \"Biz, Allah'ın Messenger'ı (ﷺ) ile birlikteyken ganimet alıyorduk ve Şam çiftçileri bize geldiğinde, onlara peşin olarak buğday, arpa ve yağ için belirli bir süre içinde öderdik.\" Onlara sordum: \"Çiftçiler, mevcut ürünlere sahip miydi yoksa değil miydi?\" Onlar cevap verdiler: \"Biz onlardan bunu sormazdık.\""
      }
    },
    {
      "id": 16,
      "idInBook": 16,
      "chapterId": 35,
      "bookId": 1,
      "arabic": "حَدَّثَنَا مُوسَى بْنُ إِسْمَاعِيلَ، أَخْبَرَنَا جُوَيْرِيَةُ، عَنْ نَافِعٍ، عَنْ عَبْدِ اللَّهِ ـ رضى الله عنه ـ قَالَ كَانُوا يَتَبَايَعُونَ الْجَزُورَ إِلَى حَبَلِ الْحَبَلَةِ، فَنَهَى النَّبِيُّ صلى الله عليه وسلم عَنْهُ‏.‏ فَسَّرَهُ نَافِعٌ أَنْ تُنْتَجَ النَّاقَةُ مَا فِي بَطْنِهَا‏.‏",
      "english": {
        "narrator": "Narrated `Abdullah:",
        "text": "The people used to sell camels on the basis of Habal-al-Habala. The Prophet (ﷺ) forbade such sale. Nafi` \nexplained Habal-al-Habala by saying. \"The camel is to be delivered to the buyer after the she-camel \ngives birth.\""
      },
      "turkish": {
        "narrator": "Narrated `Abdullah:",
        "text": "Abdullah'dan rivayet edilmiştir: İnsanlar develeri Habal-al-Habala esasına göre satarlardı. Peygamber (ﷺ) böyle bir satışı yasakladı. Nafi` Habal-al-Habala'yı şöyle açıkladı: \"Deve, dişi devenin doğum yapmasından sonra alıcıya teslim edilecektir.\""
      }
    }
  ],
  "chapter": {
    "id": 35,
    "bookId": 1,
    "arabic": "كتاب السلم",
    "english": "Sales in which a Price is paid for Goods to be Delivered Later (As-Salam)"
  }
}