{
  "metadata": {
    "length": 3,
    "arabic": {
      "title": "صحيح البخاري",
      "author": "الإمام محمد بن إسماعيل البخاري",
      "introduction": "كتاب الحوالات"
    },
    "english": {
      "title": "Sahih al-Bukhari",
      "author": "Imam Muhammad ibn Ismail al-Bukhari",
      "introduction": "Transferance of a Debt from One Person to Another (Al-Hawaala)"
    }
  },
  "hadiths": [
    {
      "id": 1,
      "idInBook": 1,
      "chapterId": 38,
      "bookId": 1,
      "arabic": "حَدَّثَنَا عَبْدُ اللَّهِ بْنُ يُوسُفَ، أَخْبَرَنَا مَالِكٌ، عَنْ أَبِي الزِّنَادِ، عَنِ الأَعْرَجِ، عَنْ أَبِي هُرَيْرَةَ ـ رضى الله عنه ـ أَنَّ رَسُولَ اللَّهِ صلى الله عليه وسلم قَالَ ‏\n\"‏ مَطْلُ الْغَنِيِّ ظُلْمٌ، فَإِذَا أُتْبِعَ أَحَدُكُمْ عَلَى مَلِيٍّ فَلْيَتْبَعْ ‏\"‏‏.‏",
      "english": {
        "narrator": "Narrated Abu Huraira:",
        "text": "The Prophet (ﷺ) said, \"Procrastination (delay) in paying debts by a wealthy man is injustice. So, if your \ndebt is transferred from your debtor to a rich debtor, you should agree.\""
      },
      "turkish": {
        "narrator": "Narrated Abu Huraira:",
        "text": "Abu Huraira'dan rivayet edilmiştir: Peygamber (ﷺ) şöyle buyurdu: \"Zengin bir adamın borcunu ödemekte gecikmesi adaletsizliktir. Eğer borcunuz, borçlunuzdan zengin bir borçluya devredilirse, kabul etmelisiniz.\""
      }
    },
    {
      "id": 2,
      "idInBook": 2,
      "chapterId": 38,
      "bookId": 1,
      "arabic": "حَدَّثَنَا مُحَمَّدُ بْنُ يُوسُفَ، حَدَّثَنَا سُفْيَانُ، عَنِ ابْنِ ذَكْوَانَ، عَنِ الأَعْرَجِ، عَنْ أَبِي هُرَيْرَةَ ـ رضى الله عنه ـ عَنِ النَّبِيِّ صلى الله عليه وسلم قَالَ ‏\n\"‏ مَطْلُ الْغَنِيِّ ظُلْمٌ، وَمَنْ أُتْبِعَ عَلَى مَلِيٍّ فَلْيَتَّبِعْ ‏\"‏‏.‏",
      "english": {
        "narrator": "Narrated Abu Huraira:",
        "text": "The Prophet (ﷺ) said, \"Procrastination (delay) in paying debts by a wealthy person is injustice. So, if your \ndebt is transferred from your debtor to a rich debtor, you should agree.\""
      },
      "turkish": {
        "narrator": "Narrated Abu Huraira:",
        "text": "Abu Huraira'dan rivayet edilmiştir: Peygamber (ﷺ) şöyle buyurdu: \"Zengin bir kişinin borcunu ödemekte gecikmesi adaletsizliktir. Eğer borcunuz, borçlunuzdan zengin bir borçluya devredilirse, kabul etmelisiniz.\""
      }
    },
    {
      "id": 3,
      "idInBook": 3,
      "chapterId": 38,
      "bookId": 1,
      "arabic": "حَدَّثَنَا الْمَكِّيُّ بْنُ إِبْرَاهِيمَ، حَدَّثَنَا يَزِيدُ بْنُ أَبِي عُبَيْدٍ، عَنْ سَلَمَةَ بْنِ الأَكْوَعِ ـ رضى الله عنه ـ قَالَ كُنَّا جُلُوسًا عِنْدَ النَّبِيِّ صلى الله عليه وسلم إِذْ أُتِيَ بِجَنَازَةٍ، فَقَالُوا صَلِّ عَلَيْهَا‏.‏ فَقَالَ ‏\"‏ هَلْ عَلَيْهِ دَيْنٌ ‏\"‏‏.‏ قَالُوا لاَ‏.‏ قَالَ ‏\"‏ فَهَلْ تَرَكَ شَيْئًا ‏\"‏‏.‏ قَالُوا لاَ‏.‏ فَصَلَّى عَلَيْهِ ثُمَّ أُتِيَ بِجَنَازَةٍ أُخْرَى، فَقَالُوا يَا رَسُولَ اللَّهِ، صَلِّ عَلَيْهَا‏.‏ قَالَ ‏\"‏ هَلْ عَلَيْهِ دَيْنٌ ‏\"‏‏.‏ قِيلَ نَعَمْ‏.‏ قَالَ ‏\"‏ فَهَلْ تَرَكَ شَيْئًا ‏\"‏‏.‏ قَالُوا ثَلاَثَةَ دَنَانِيرَ‏.‏ فَصَلَّى عَلَيْهَا، ثُمَّ أُتِيَ بِالثَّالِثَةِ، فَقَالُوا صَلِّ عَلَيْهَا‏.‏ قَالَ ‏\"‏ هَلْ تَرَكَ شَيْئًا ‏\"‏‏.‏ قَالُوا لاَ‏.‏ قَالَ ‏\"‏ فَهَلْ عَلَيْهِ دَيْنٌ ‏\"‏‏.‏ قَالُوا ثَلاَثَةُ دَنَانِيرَ‏.‏ قَالَ ‏\"‏ صَلُّوا عَلَى صَاحِبِكُمْ ‏\"‏‏.‏ قَالَ أَبُو قَتَادَةَ صَلِّ عَلَيْهِ يَا رَسُولَ اللَّهِ، وَعَلَىَّ دَيْنُهُ‏.‏ فَصَلَّى عَلَيْهِ‏.‏",
      "english": {
        "narrator": "Narrated Salama bin Al-Akwa:",
        "text": "Once, while we were sitting in the company of Prophet, a dead man was \n     brought. The Prophet (ﷺ) was requested to lead the funeral prayer for the \n     deceased. He said, \"Is he in debt?\" The people replied in the \n     negative. He said, \"Has he left any wealth?\" They said, \"No.\" So, he \n     led his funeral prayer. Another dead man was brought and the people \n     said, \"O Allah's Messenger (ﷺ)! Lead his funeral prayer.\" The Prophet (ﷺ) said, \n     \"Is he in debt?\" They said, \"Yes.\" He said, \"Has he left any wealth?\" \n     They said, ''Three Dinars.\" So, he led the prayer. Then a third dead \n     man was brought and the people said (to the Prophet (ﷺ) ), Please lead his\n     funeral prayer.\" He said, \"Has he left any wealth?\" They said, \"No.\" \n     He asked, \"Is he in debt?\" They said, (\"Yes! He has to pay) three \n     Diners.', He (refused to pray and) said, \"Then pray for your (dead) \n     companion.\" Abu Qatada said, \"O Allah's Messenger (ﷺ)! Lead his funeral \n     prayer, and I will pay his debt.\" So, he led the prayer."
      },
      "turkish": {
        "narrator": "Narrated Salama bin Al-Akwa:",
        "text": "Salama bin Al-Akwa'dan rivayet edilmiştir: Bir gün, Peygamber'in (ﷺ) yanında otururken, bir ölü getirildi. Peygamber (ﷺ) için cenaze namazını kıldırması istendi. O, \"Borcu var mı?\" diye sordu. İnsanlar hayır dedi. O, \"Herhangi bir mal bıraktı mı?\" diye sordu. Onlar, \"Hayır.\" dediler. Bunun üzerine cenaze namazını kıldırdı. Başka bir ölü getirildi ve insanlar, \"Ey Allah'ın Elçisi (ﷺ)! Cenaze namazını kıldır.\" dediler. Peygamber (ﷺ) \"Borcu var mı?\" diye sordu. Onlar, \"Evet.\" dediler. O, \"Herhangi bir mal bıraktı mı?\" diye sordu. Onlar, \"Üç Dinar.\" dediler. Bunun üzerine namazı kıldırdı. Sonra üçüncü bir ölü getirildi ve insanlar (Peygamber'e (ﷺ) ) \"Lütfen cenaze namazını kıldır.\" dediler. O, \"Herhangi bir mal bıraktı mı?\" diye sordu. Onlar, \"Hayır.\" dediler. O, \"Borcu var mı?\" diye sordu. Onlar, \"Evet! Üç Dinar borcu var.\" dediler. O (namazı kılmayı reddetti ve) \"O zaman arkadaşınız için dua edin.\" dedi. Abu Qatada, \"Ey Allah'ın Elçisi (ﷺ)! Cenaze namazını kıldır, ben borcunu ödeyeceğim.\" dedi. Bunun üzerine namazı kıldırdı."
      }
    }
  ],
  "chapter": {
    "id": 38,
    "bookId": 1,
    "arabic": "كتاب الحوالات",
    "english": "Transferance of a Debt from One Person to Another (Al-Hawaala)"
  }
}