{
  "metadata": {
    "length": 18,
    "arabic": {
      "title": "صحيح البخاري",
      "author": "الإمام محمد بن إسماعيل البخاري",
      "introduction": "كتاب الوكالة"
    },
    "english": {
      "title": "Sahih al-Bukhari",
      "author": "Imam Muhammad ibn Ismail al-Bukhari",
      "introduction": "Representation, Authorization, Business by Proxy"
    }
  },
  "hadiths": [
    {
      "id": 1,
      "idInBook": 1,
      "chapterId": 40,
      "bookId": 1,
      "arabic": "حَدَّثَنَا قَبِيصَةُ، حَدَّثَنَا سُفْيَانُ، عَنِ ابْنِ أَبِي نَجِيحٍ، عَنْ مُجَاهِدٍ، عَنْ عَبْدِ الرَّحْمَنِ بْنِ أَبِي لَيْلَى، عَنْ عَلِيٍّ ـ رضى الله عنه ـ قَالَ أَمَرَنِي رَسُولُ اللَّهِ صلى الله عليه وسلم أَنْ أَتَصَدَّقَ بِجِلاَلِ الْبُدْنِ الَّتِي نُحِرَتْ وَبِجُلُودِهَا‏.‏",
      "english": {
        "narrator": "Narrated `Ali:",
        "text": "Allah's Messenger (ﷺ) ordered me to distribute the saddles and skins of the Budn which I had slaughtered."
      },
      "turkish": {
        "narrator": "Narrated `Ali:",
        "text": "Ali'den rivayet edilmiştir: Allah'ın Elçisi (ﷺ) bana kesmiş olduğum Budn'ın eyerlerini ve derilerini dağıtmamı emretti."
      }
    },
    {
      "id": 2,
      "idInBook": 2,
      "chapterId": 40,
      "bookId": 1,
      "arabic": "حَدَّثَنَا عَمْرُو بْنُ خَالِدٍ، حَدَّثَنَا اللَّيْثُ، عَنْ يَزِيدَ، عَنْ أَبِي الْخَيْرِ، عَنْ عُقْبَةَ بْنِ عَامِرٍ ـ رضى الله عنه ـ أَنَّ النَّبِيَّ صلى الله عليه وسلم أَعْطَاهُ غَنَمًا يَقْسِمُهَا عَلَى صَحَابَتِهِ، فَبَقِيَ عَتُودٌ فَذَكَرَهُ لِلنَّبِيِّ صلى الله عليه وسلم فَقَالَ ‏\n\"ضَحِّ بِهِ أَنْتَ.\"",
      "english": {
        "narrator": "Narrated `Uqba bin Amir:",
        "text": "that the Prophet (ﷺ) had given him sheep to distribute among his companions and a male kid was left \n(after the distribution). When he informed the Prophet (ﷺ) of it, he said (to him), \"Offer it as a sacrifice on \nyour behalf.\""
      },
      "turkish": {
        "narrator": "Narrated `Uqba bin Amir:",
        "text": "Ukbe bin Amir'den rivayet edilmiştir: Peygamber (ﷺ) ona arkadaşları arasında dağıtması için koyunlar vermişti ve dağıtım sonrasında bir erkek oğlak kalmıştı. O, Peygamber'e (ﷺ) bunu bildirdiğinde, Peygamber (ﷺ) ona, \"Bunu kendi adınla kurban et.\" dedi."
      }
    },
    {
      "id": 3,
      "idInBook": 3,
      "chapterId": 40,
      "bookId": 1,
      "arabic": "حَدَّثَنَا عَبْدُ الْعَزِيزِ بْنُ عَبْدِ اللَّهِ، قَالَ حَدَّثَنِي يُوسُفُ بْنُ الْمَاجِشُونِ، عَنْ صَالِحِ بْنِ إِبْرَاهِيمَ بْنِ عَبْدِ الرَّحْمَنِ بْنِ عَوْفٍ، عَنْ أَبِيهِ، عَنْ جَدِّهِ عَبْدِ الرَّحْمَنِ بْنِ عَوْفٍ ـ رضى الله عنه ـ قَالَ كَاتَبْتُ أُمَيَّةَ بْنَ خَلَفٍ كِتَابًا بِأَنْ يَحْفَظَنِي فِي صَاغِيَتِي بِمَكَّةَ، وَأَحْفَظَهُ فِي صَاغِيَتِهِ بِالْمَدِينَةِ، فَلَمَّا ذَكَرْتُ الرَّحْمَنَ قَالَ لاَ أَعْرِفُ الرَّحْمَنَ، كَاتِبْنِي بِاسْمِكَ الَّذِي كَانَ فِي الْجَاهِلِيَّةِ‏.‏ فَكَاتَبْتُهُ عَبْدُ عَمْرٍو فَلَمَّا كَانَ فِي يَوْمِ بَدْرٍ خَرَجْتُ إِلَى جَبَلٍ لأُحْرِزَهُ حِينَ نَامَ النَّاسُ فَأَبْصَرَهُ بِلاَلٌ فَخَرَجَ حَتَّى وَقَفَ عَلَى مَجْلِسٍ مِنَ الأَنْصَارِ فَقَالَ أُمَيَّةُ بْنُ خَلَفٍ، لاَ نَجَوْتُ إِنْ نَجَا أُمَيَّةُ‏.‏ فَخَرَجَ مَعَهُ فَرِيقٌ مِنَ الأَنْصَارِ فِي آثَارِنَا، فَلَمَّا خَشِيتُ أَنْ يَلْحَقُونَا خَلَّفْتُ لَهُمُ ابْنَهُ، لأَشْغَلَهُمْ فَقَتَلُوهُ ثُمَّ أَبَوْا حَتَّى يَتْبَعُونَا، وَكَانَ رَجُلاً ثَقِيلاً، فَلَمَّا أَدْرَكُونَا قُلْتُ لَهُ ابْرُكْ‏.‏ فَبَرَكَ، فَأَلْقَيْتُ عَلَيْهِ نَفْسِي لأَمْنَعَهُ، فَتَخَلَّلُوهُ بِالسُّيُوفِ مِنْ تَحْتِي، حَتَّى قَتَلُوهُ، وَأَصَابَ أَحَدُهُمْ رِجْلِي بِسَيْفِهِ، وَكَانَ عَبْدُ الرَّحْمَنِ بْنُ عَوْفٍ يُرِينَا ذَلِكَ الأَثَرَ فِي ظَهْرِ قَدَمِهِ‏.‏ \nقَالَ أَبُو عَبْد اللَّهِ سَمِعَ يُوسُفُ صَالِحًا وَإِبْرَاهِيمُ أَبَاهُ",
      "english": {
        "narrator": "Narrated `Abdur-Rahman bin `Auf:",
        "text": "I got an agreement written between me and Umaiya bin Khalaf that Umaiya would look after my \nproperty (or family) in Mecca and I would look after his in Medina. When I mentioned the word 'Ar64 \nRahman' in the documents, Umaiya said, \"I do not know 'Ar-Rahman.' Write down to me your name, \n(with which you called yourself) in the Pre-Islamic Period of Ignorance.\" So, I wrote my name ' \n`Abdu `Amr'. On the day (of the battle) of Badr, when all the people went to sleep, I went up the hill \nto protect him. Bilal(1) saw him (i.e. Umaiya) and went to a gathering of Ansar and said, \"(Here is) \nUmaiya bin Khalaf! Woe to me if he escapes!\" So, a group of Ansar went out with Bilal to follow us \n(`Abdur-Rahman and Umaiya). Being afraid that they would catch us, I left Umaiya's son for them to \nkeep them busy but the Ansar killed the son and insisted on following us. Umaiya was a fat man, and \nwhen they approached us, I told him to kneel down, and he knelt, and I laid myself on him to protect \nhim, but the Ansar killed him by passing their swords underneath me, and one of them injured my foot \nwith his sword. (The sub narrator said, \" `Abdur-Rahman used to show us the trace of the wound on \nthe back of his foot.\")"
      },
      "turkish": {
        "narrator": "Narrated `Abdur-Rahman bin `Auf:",
        "text": "Abdurrahman bin Auf'tan rivayet edilmiştir: Ben ve Umaiya bin Halef arasında, Umaiya'nın Mekke'de benim malımı (veya ailemi) koruyacağı, benim de onun malını Medine'de koruyacağım konusunda bir anlaşma yazdırdım. Belgelerde 'Ar-Rahman' kelimesini zikrettiğimde, Umaiya, \"Ben 'Ar-Rahman'ı bilmem. Bana, cahiliye döneminde kendine verdiğin ismi yaz.\" dedi. Ben de ismi 'Abdu Amr' olarak yazdım. Bedir günü, herkes uykuya daldığında, ben tepeye çıkarak onu korumak için gittim. Bilal onu gördü ve Ensar topluluğuna giderek, \"İşte Umaiya bin Halef! Eğer kaçarsa, vay halime!\" dedi. Bunun üzerine bir grup Ensar, Bilal ile birlikte bizi takip etmek için dışarı çıktı (Abdurrahman ve Umaiya). Onların bizi yakalayacaklarından korktuğum için, Umaiya'nın oğlunu onlara bıraktım ki meşgul olsunlar, ama Ensar oğlu öldürdü ve bizi takip etmeye devam ettiler. Umaiya şişman bir adamdı ve yaklaştıklarında ona diz çökmesini söyledim, o da diz çökerek, onu korumak için üzerime kapandım, ama Ensar onu benim altımdan geçen kılıçlarıyla öldürdü ve birisi kılıcıyla ayağıma zarar verdi. (Rivayet eden, \"Abdurrahman, ayağındaki yaranın izini bize gösterirdi.\" dedi.)"
      }
    },
    {
      "id": 4,
      "idInBook": 4,
      "chapterId": 40,
      "bookId": 1,
      "arabic": "حَدَّثَنَا عَبْدُ اللَّهِ بْنُ يُوسُفَ، أَخْبَرَنَا مَالِكٌ، عَنْ عَبْدِ الْمَجِيدِ بْنِ سُهَيْلِ بْنِ عَبْدِ الرَّحْمَنِ بْنِ عَوْفٍ، عَنْ سَعِيدِ بْنِ الْمُسَيَّبِ، عَنْ أَبِي سَعِيدٍ الْخُدْرِيِّ، وَأَبِي، هُرَيْرَةَ رضى الله عنهما أَنَّ رَسُولَ اللَّهِ صلى الله عليه وسلم اسْتَعْمَلَ رَجُلاً عَلَى خَيْبَرَ، فَجَاءَهُمْ بِتَمْرٍ جَنِيبٍ فَقَالَ ‏\"‏ أَكُلُّ تَمْرِ خَيْبَرَ هَكَذَا ‏\"‏‏.‏ فَقَالَ إِنَّا لَنَأْخُذُ الصَّاعَ مِنْ هَذَا بِالصَّاعَيْنِ، وَالصَّاعَيْنِ بِالثَّلاَثَةِ‏.‏ فَقَالَ ‏\"‏ لاَ تَفْعَلْ، بِعِ الْجَمْعَ بِالدَّرَاهِمِ، ثُمَّ ابْتَعْ بِالدَّرَاهِمِ جَنِيبًا ‏\"‏‏.‏ وَقَالَ فِي الْمِيزَانِ مِثْلَ ذَلِكَ‏.‏",
      "english": {
        "narrator": "Narrated Abu Sa`id Al-Khudri and Abu Huraira:",
        "text": "Allah's Messenger (ﷺ) employed someone as a governor at Khaibar. When the man came to Medina, he \nbrought with him dates called Janib. The Prophet (ﷺ) asked him, \"Are all the dates of Khaibar of this \nkind?\" The man replied, \"(No), we exchange two Sa's of bad dates for one Sa of this kind of dates (i.e. \nJanib), or exchange three Sa's for two.\" On that, the Prophet (ﷺ) said, \"Don't do so, as it is a kind of usury \n(Riba) but sell the dates of inferior quality for money, and then buy Janib with the money\". The \nProphet said the same thing about dates sold by weight. (See Hadith No. 506)."
      },
      "turkish": {
        "narrator": "Narrated Abu Sa`id Al-Khudri and Abu Huraira:",
        "text": "Ebu Said el-Hudri ve Ebu Hureyre'den rivayet edilmiştir: Allah'ın Elçisi (ﷺ) Khaibar'da birini vali olarak görevlendirdi. Adam Medine'ye geldiğinde, yanında Janib adı verilen hurmalar getirdi. Peygamber (ﷺ) ona, \"Khaibar'daki tüm hurmalar bu türden mi?\" diye sordu. Adam, \"(Hayır), iki Sa' kötü hurmayı bir Sa' bu tür hurma (yani Janib) ile değiştiriyoruz.\" dedi. Bunun üzerine Peygamber (ﷺ) dedi ki, \"Bunu yapmayın, çünkü bu bir tür faize (Riba) girer, ama kötü hurmaları parayla satın ve sonra o parayla Janib alın.\" Peygamber, tartılan hurmalar hakkında da aynı şeyi söyledi. (Bkz. Hadis No. 506)."
      }
    },
    {
      "id": 5,
      "idInBook": 5,
      "chapterId": 40,
      "bookId": 1,
      "arabic": "حَدَّثَنَا إِسْحَاقُ بْنُ إِبْرَاهِيمَ، سَمِعَ الْمُعْتَمِرَ، أَنْبَأَنَا عُبَيْدُ اللَّهِ، عَنْ نَافِعٍ، أَنَّهُ سَمِعَ ابْنَ كَعْبِ بْنِ مَالِكٍ، يُحَدِّثُ عَنْ أَبِيهِ، أَنَّهُ كَانَتْ لَهُمْ غَنَمٌ تَرْعَى بِسَلْعٍ، فَأَبْصَرَتْ جَارِيَةٌ لَنَا بِشَاةٍ مِنْ غَنَمِنَا مَوْتًا، فَكَسَرَتْ حَجَرًا فَذَبَحَتْهَا بِهِ، فَقَالَ لَهُمْ لاَ تَأْكُلُوا حَتَّى أَسْأَلَ النَّبِيَّ صلى الله عليه وسلم، أَوْ أُرْسِلَ إِلَى النَّبِيِّ صلى الله عليه وسلم مَنْ يَسْأَلُهُ‏.‏ وَأَنَّهُ سَأَلَ النَّبِيَّ صلى الله عليه وسلم عَنْ ذَاكَ، أَوْ أَرْسَلَ، فَأَمَرَهُ بِأَكْلِهَا‏.‏ قَالَ عُبَيْدُ اللَّهِ فَيُعْجِبُنِي أَنَّهَا أَمَةٌ، وَأَنَّهَا ذَبَحَتْ‏.‏ تَابَعَهُ عَبْدَةُ عَنْ عُبَيْدِ اللَّهِ‏.‏",
      "english": {
        "narrator": "Narrated Ibn Ka`b bin Malik from his father:",
        "text": "We had some sheep which used to graze at Sala'. One of our slavegirls saw a sheep dying and she \nbroke a stone and slaughtered the sheep with it. My father said to the people, \"Don't eat it till I ask the \nProphet about it (or till I send somebody to ask the Prophet).\" So, he asked or sent somebody to ask \nthe Prophet, and the Prophet (ﷺ) permitted him to eat it. 'Ubaidullah (a sub-narrator) said, \"I admire that \ngirl, for though she was a slave-girl, she dared to slaughter the sheep . \""
      },
      "turkish": {
        "narrator": "Narrated Ibn Ka`b bin Malik from his father:",
        "text": "İbn Ka'b bin Malik'ten babasından rivayet edilmiştir: Bizim Sala' da otlayan koyunlarımız vardı. Bir köle kızımız bir koyunun öldüğünü gördü ve bir taş kırarak onu kesmişti. Babam insanlara, \"Peygamber'e sormadan onu yemeyin.\" dedi. O da Peygamber'e sordu veya birini gönderdi. Peygamber (ﷺ) ona yemesine izin verdi. 'Ubaidullah (bir alt rivayetçi) dedi ki, \"O kızı takdir ediyorum, çünkü o bir köle kızı olmasına rağmen, koyunu kesme cesaretini gösterdi.\""
      }
    },
    {
      "id": 6,
      "idInBook": 6,
      "chapterId": 40,
      "bookId": 1,
      "arabic": "حَدَّثَنَا أَبُو نُعَيْمٍ، حَدَّثَنَا سُفْيَانُ، عَنْ سَلَمَةَ، عَنْ أَبِي سَلَمَةَ، عَنْ أَبِي هُرَيْرَةَ ـ رضى الله عنه ـ قَالَ كَانَ لِرَجُلٍ عَلَى النَّبِيِّ صلى الله عليه وسلم سِنٌّ مِنَ الإِبِلِ فَجَاءَهُ يَتَقَاضَاهُ فَقَالَ ‏\"‏ أَعْطُوهُ ‏\"‏‏.‏ فَطَلَبُوا سِنَّهُ فَلَمْ يَجِدُوا لَهُ إِلاَّ سِنًّا فَوْقَهَا‏.‏ فَقَالَ ‏\"‏ أَعْطُوهُ ‏\"‏‏.‏ فَقَالَ أَوْفَيْتَنِي أَوْفَى اللَّهُ بِكَ‏.‏ قَالَ النَّبِيُّ صلى الله عليه وسلم ‏\"‏ إِنَّ خِيَارَكُمْ أَحْسَنُكُمْ قَضَاءً ‏\"‏‏.‏",
      "english": {
        "narrator": "Narrated Abu Huraira:",
        "text": "The Prophet (ﷺ) owed somebody a camel of a certain age. When he came to demand it back, the Prophet (ﷺ) \nsaid (to some people), \"Give him (his due).\" When the people searched for a camel of that age, they \nfound none, but found a camel one year older. The Prophet (ﷺ) said, \"Give (it to) him.\" On that, the man \nremarked, \"You have given me my right in full. May Allah give you in full.\" The Prophet (ﷺ) said, \"The \nbest amongst you is the one who pays the rights of others generously.\""
      },
      "turkish": {
        "narrator": "Narrated Abu Huraira:",
        "text": "Ebu Hureyre'den rivayet edilmiştir: Peygamber (ﷺ) birine belirli bir yaşta bir deve borçlanmıştı. Adam geri almak için geldiğinde, Peygamber (ﷺ) bazı insanlara, \"Ona (hakkını) verin.\" dedi. İnsanlar o yaşta bir deve aradıklarında, bulamadılar, ama bir yaş daha büyük bir deve buldular. Peygamber (ﷺ) dedi ki, \"Ona verin.\" Bunun üzerine adam, \"Bana hakkımı tam olarak verdin. Allah da sana tam olarak versin.\" dedi. Peygamber (ﷺ) dedi ki, \"Sizlerin en hayırlısı, başkalarının haklarını cömertçe ödeyendir.\""
      }
    },
    {
      "id": 7,
      "idInBook": 7,
      "chapterId": 40,
      "bookId": 1,
      "arabic": "حَدَّثَنَا سُلَيْمَانُ بْنُ حَرْبٍ، حَدَّثَنَا شُعْبَةُ، عَنْ سَلَمَةَ بْنِ كُهَيْلٍ، سَمِعْتُ أَبَا سَلَمَةَ بْنَ عَبْدِ الرَّحْمَنِ، عَنْ أَبِي هُرَيْرَةَ ـ رضى الله عنه ـ أَنَّ رَجُلاً، أَتَى النَّبِيَّ صلى الله عليه وسلم يَتَقَاضَاهُ، فَأَغْلَظَ، فَهَمَّ بِهِ أَصْحَابُهُ فَقَالَ رَسُولُ اللَّهِ صلى الله عليه وسلم ‏\"‏ دَعُوهُ فَإِنَّ لِصَاحِبِ الْحَقِّ مَقَالاً ‏\"‏‏.‏ ثُمَّ قَالَ ‏\"‏ أَعْطُوهُ سِنًّا مِثْلَ سِنِّهِ ‏\"‏‏.‏ قَالُوا يَا رَسُولَ اللَّهِ لاَ نَجِدُ إِلاَّ أَمْثَلَ مِنْ سِنِّهِ‏.‏ فَقَالَ ‏\"‏ أَعْطُوهُ فَإِنَّ مِنْ خَيْرِكُمْ أَحْسَنَكُمْ قَضَاءً ‏\"‏‏.‏",
      "english": {
        "narrator": "Narrated Abu Huraira:",
        "text": "A man came to the Prophet (ﷺ) demanding his debts and behaved rudely. The companions of the Prophet (ﷺ) \nintended to harm him, but Allah's Messenger (ﷺ) said (to them), \"Leave him, for the creditor (i.e. owner of a \nright) has the right to speak.\" Allah's Messenger (ﷺ) then said, \"Give him a camel of the same age as that of \nhis.\" The people said, \"O Allah's Messenger (ﷺ)! There is only a camel that is older than his.\" Allah's Messenger (ﷺ) \nsaid, \"Give (it to) him, for the best amongst you is he who pays the rights of others handsomely.\""
      },
      "turkish": {
        "narrator": "Narrated Abu Huraira:",
        "text": "Ebu Hureyre'den rivayet edilmiştir: Bir adam, Peygamber (ﷺ) 'in yanına gelerek borçlarını talep etti ve kabaca davrandı. Peygamber (ﷺ) 'in arkadaşları ona zarar vermek istediler, ama Allah'ın Elçisi (ﷺ) onlara, \"Bırakın onu, çünkü alacaklı (yani hakkın sahibi) konuşma hakkına sahiptir.\" dedi. Allah'ın Elçisi (ﷺ) sonra, \"Ona kendi yaşındaki bir deve verin.\" dedi. İnsanlar, \"Ey Allah'ın Elçisi (ﷺ)! Onun yaşından daha büyük bir deve var.\" dediler. Allah'ın Elçisi (ﷺ) dedi ki, \"Ona verin, çünkü sizlerin en hayırlısı, başkalarının haklarını güzelce ödeyendir.\""
      }
    },
    {
      "id": 8,
      "idInBook": 8,
      "chapterId": 40,
      "bookId": 1,
      "arabic": "حَدَّثَنَا سَعِيدُ بْنُ عُفَيْرٍ، قَالَ حَدَّثَنِي اللَّيْثُ، قَالَ حَدَّثَنِي عُقَيْلٌ، عَنِ ابْنِ شِهَابٍ، قَالَ وَزَعَمَ عُرْوَةُ أَنَّ مَرْوَانَ بْنَ الْحَكَمِ، وَالْمِسْوَرَ بْنَ مَخْرَمَةَ، أَخْبَرَاهُ أَنَّ رَسُولَ اللَّهِ صلى الله عليه وسلم قَامَ حِينَ جَاءَهُ وَفْدُ هَوَازِنَ مُسْلِمِينَ، فَسَأَلُوهُ أَنْ يَرُدَّ إِلَيْهِمْ أَمْوَالَهُمْ وَسَبْيَهُمْ فَقَالَ لَهُمْ رَسُولُ اللَّهِ صلى الله عليه وسلم ‏\"‏ أَحَبُّ الْحَدِيثِ إِلَىَّ أَصْدَقُهُ‏.‏ فَاخْتَارُوا إِحْدَى الطَّائِفَتَيْنِ إِمَّا السَّبْىَ، وَإِمَّا الْمَالَ، وَقَدْ كُنْتُ اسْتَأْنَيْتُ بِهِمْ ‏\"‏‏.‏ وَقَدْ كَانَ رَسُولُ اللَّهِ صلى الله عليه وسلم انْتَظَرَهُمْ بِضْعَ عَشْرَةَ لَيْلَةً، حِينَ قَفَلَ مِنَ الطَّائِفِ، فَلَمَّا تَبَيَّنَ لَهُمْ أَنَّ رَسُولَ اللَّهِ صلى الله عليه وسلم غَيْرُ رَادٍّ إِلَيْهِمْ إِلاَّ إِحْدَى الطَّائِفَتَيْنِ قَالُوا فَإِنَّا نَخْتَارُ سَبْيَنَا‏.‏ فَقَامَ رَسُولُ اللَّهِ صلى الله عليه وسلم فِي الْمُسْلِمِينَ، فَأَثْنَى عَلَى اللَّهِ بِمَا هُوَ أَهْلُهُ ثُمَّ قَالَ ‏\"‏ أَمَّا بَعْدُ فَإِنَّ إِخْوَانَكُمْ هَؤُلاَءِ قَدْ جَاءُونَا تَائِبِينَ، وَإِنِّي قَدْ رَأَيْتُ أَنْ أَرُدَّ إِلَيْهِمْ سَبْيَهُمْ، فَمَنْ أَحَبَّ مِنْكُمْ أَنْ يُطَيِّبَ بِذَلِكَ فَلْيَفْعَلْ، وَمَنْ أَحَبَّ مِنْكُمْ أَنْ يَكُونَ عَلَى حَظِّهِ حَتَّى نُعْطِيَهُ إِيَّاهُ مِنْ أَوَّلِ مَا يُفِيءُ اللَّهُ عَلَيْنَا فَلْيَفْعَلْ ‏\"‏‏.‏ فَقَالَ النَّاسُ قَدْ طَيَّبْنَا ذَلِكَ لِرَسُولِ اللَّهِ صلى الله عليه وسلم‏.‏ فَقَالَ رَسُولُ اللَّهِ صلى الله عليه وسلم ‏\"‏ إِنَّا لاَ نَدْرِي مَنْ أَذِنَ مِنْكُمْ فِي ذَلِكَ مِمَّنْ لَمْ يَأْذَنْ، فَارْجِعُوا حَتَّى يَرْفَعُوا إِلَيْنَا عُرَفَاؤُكُمْ أَمْرَكُمْ ‏\"‏‏.‏ فَرَجَعَ النَّاسُ فَكَلَّمَهُمْ عُرَفَاؤُهُمْ، ثُمَّ رَجَعُوا إِلَى رَسُولِ اللَّهِ صلى الله عليه وسلم فَأَخْبَرُوهُ أَنَّهُمْ قَدْ طَيَّبُوا وَأَذِنُوا‏.‏",
      "english": {
        "narrator": "Narrated Marwan bin Al-Hakam and Al-Miswar bin Makhrama:",
        "text": "When the delegates of the tribe of Hawazin after embracing Islam, came to Allah's Messenger (ﷺ), he got up. \nThey appealed to him to return their properties and their captives. Allah's Messenger (ﷺ) said to them, \"The \nmost beloved statement to me is the true one. So, you have the option of restoring your properties or \nyour captives, for I have delayed distributing them.\" The narrator added, Allah's Messenger (ﷺ) c had been \nwaiting for them for more than ten days on his return from Taif. When they realized that Allah's \nApostle would return to them only one of two things, they said, \"We choose our captives.\" So, Allah's \nApostle got up in the gathering of the Muslims, praised Allah as He deserved, and said, \"Then after! \nThese brethren of yours have come to you with repentance and I see it proper to return their captives \nto them. So, whoever amongst you likes to do that as a favor, then he can do it, and whoever of you \nwants to stick to his share till we pay him from the very first booty which Allah will give us then he \ncan do so.\" The people replied, \"We agree to give up our shares willingly as a favor for Allah's \nApostle.\" Then Allah's Messenger (ﷺ) said, \"We don't know who amongst you has agreed and who hasn't. Go \nback and your chiefs may tell us your opinion.\" So, all of them returned and their chiefs discussed the \nmatter with them and then they (i.e. their chiefs) came to Allah's Messenger (ﷺ) to tell him that they (i.e. the \npeople) had given up their shares gladly and willingly."
      },
      "turkish": {
        "narrator": "Narrated Marwan bin Al-Hakam and Al-Miswar bin Makhrama:",
        "text": "Marvan bin Hakam ve El-Miswar bin Makhrama'dan rivayet edilmiştir: Hawazin kabilesinin delegeleri İslam'ı kabul ettikten sonra, Allah'ın Elçisi (ﷺ) 'ne geldiklerinde, o ayağa kalktı. Onlar, kendilerine ait mülklerin ve esirlerin geri verilmesini talep ettiler. Allah'ın Elçisi (ﷺ) onlara, \"En sevdiğim söz doğru olanıdır. Yani, mülklerinizi veya esirlerinizi geri alma seçeneğiniz var, çünkü ben onları dağıtmayı erteledim.\" dedi. Rivayetçi ekledi, Allah'ın Elçisi (ﷺ) Taif'ten dönerken onları on günden fazla beklemişti. Onlar, Allah'ın Elçisi'nin kendilerine sadece iki şeyden birini geri vereceğini fark ettiklerinde, \"Esirlerimizi seçiyoruz.\" dediler. Bunun üzerine Allah'ın Elçisi, Müslümanların topluluğunda ayağa kalktı, Allah'ı hakkıyla övdü ve dedi ki, \"O halde! Bu kardeşleriniz, size tövbe ile geldiler ve ben onların esirlerini geri vermenin uygun olduğunu düşünüyorum. İçinizden bunu bir iyilik olarak yapmak isteyen varsa, yapabilir; ve içinizden ilk ganimetten Allah'ın vereceği payını beklemek isteyen varsa, onu da yapabilir.\" İnsanlar, \"Biz, Allah'ın Elçisi için gönüllü olarak paylarımızdan vazgeçmeyi kabul ediyoruz.\" dediler. Sonra Allah'ın Elçisi (ﷺ) dedi ki, \"Aranızda kimlerin kabul ettiğini ve kimlerin etmediğini bilmiyoruz. Geri dönün ve liderleriniz bize görüşlerinizi bildirsin.\" Bunun üzerine hepsi geri döndü ve liderleri konuyu tartıştıktan sonra Allah'ın Elçisi'ne gelerek, halkın paylarından gönüllü olarak vazgeçtiklerini bildirdiler."
      }
    },
    {
      "id": 9,
      "idInBook": 9,
      "chapterId": 40,
      "bookId": 1,
      "arabic": "حَدَّثَنَا الْمَكِّيُّ بْنُ إِبْرَاهِيمَ، حَدَّثَنَا ابْنُ جُرَيْجٍ، عَنْ عَطَاءِ بْنِ أَبِي رَبَاحٍ، وَغَيْرِهِ،، يَزِيدُ بَعْضُهُمْ عَلَى بَعْضٍ، وَلَمْ يُبَلِّغْهُ كُلُّهُمْ رَجُلٌ وَاحِدٌ مِنْهُمْ عَنْ جَابِرِ بْنِ عَبْدِ اللَّهِ ـ رضى الله عنهما ـ قَالَ كُنْتُ مَعَ النَّبِيِّ صلى الله عليه وسلم فِي سَفَرٍ، فَكُنْتُ عَلَى جَمَلٍ ثَفَالٍ، إِنَّمَا هُوَ فِي آخِرِ الْقَوْمِ، فَمَرَّ بِي النَّبِيُّ صلى الله عليه وسلم فَقَالَ ‏\"‏ مَنْ هَذَا ‏\"‏‏.‏ قُلْتُ جَابِرُ بْنُ عَبْدِ اللَّهِ‏.‏ قَالَ ‏\"‏ مَا لَكَ ‏\"‏‏.‏ قُلْتُ إِنِّي عَلَى جَمَلٍ ثَفَالٍ‏.‏ قَالَ ‏\"‏ أَمَعَكَ قَضِيبٌ ‏\"‏‏.‏ قُلْتُ نَعَمْ‏.‏ قَالَ ‏\"‏ أَعْطِنِيهِ ‏\"‏‏.‏ فَأَعْطَيْتُهُ فَضَرَبَهُ فَزَجَرَهُ، فَكَانَ مِنْ ذَلِكَ الْمَكَانِ مِنْ أَوَّلِ الْقَوْمِ قَالَ ‏\"‏ بِعْنِيهِ ‏\"‏‏.‏ فَقُلْتُ بَلْ هُوَ لَكَ يَا رَسُولَ اللَّهِ‏.‏ قَالَ ‏\"‏ بِعْنِيهِ قَدْ أَخَذْتُهُ بِأَرْبَعَةِ دَنَانِيرَ، وَلَكَ ظَهْرُهُ إِلَى الْمَدِينَةِ ‏\"‏‏.‏ فَلَمَّا دَنَوْنَا مِنَ الْمَدِينَةِ أَخَذْتُ أَرْتَحِلُ‏.‏ قَالَ ‏\"‏ أَيْنَ تُرِيدُ ‏\"‏‏.‏ قُلْتُ تَزَوَّجْتُ امْرَأَةً قَدْ خَلاَ مِنْهَا‏.‏ قَالَ ‏\"‏ فَهَلاَّ جَارِيَةً تُلاَعِبُهَا وَتُلاَعِبُكَ ‏\"‏‏.‏ قُلْتُ إِنَّ أَبِي تُوُفِّيَ وَتَرَكَ بَنَاتٍ، فَأَرَدْتُ أَنْ أَنْكِحَ امْرَأَةً قَدْ جَرَّبَتْ خَلاَ مِنْهَا‏.‏ قَالَ ‏\"‏ فَذَلِكَ ‏\"‏‏.‏ فَلَمَّا قَدِمْنَا الْمَدِينَةَ قَالَ ‏\"‏ يَا بِلاَلُ اقْضِهِ وَزِدْهُ ‏\"‏‏.‏ فَأَعْطَاهُ أَرْبَعَةَ دَنَانِيرَ، وَزَادَهُ قِيرَاطًا‏.‏ قَالَ جَابِرٌ لاَ تُفَارِقُنِي زِيَادَةُ رَسُولِ اللَّهِ صلى الله عليه وسلم‏.‏ فَلَمْ يَكُنِ الْقِيرَاطُ يُفَارِقُ جِرَابَ جَابِرِ بْنِ عَبْدِ اللَّهِ‏.‏",
      "english": {
        "narrator": "Narrated Jabir bin `Abdullah:",
        "text": "I was accompanying the Prophet (ﷺ) on a journey and was riding a slow camel that was lagging behind \nthe others. The Prophet (ﷺ) passed by me and asked, \"Who is this?\" I replied, \"Jabir bin `Abdullah.\" He \nasked, \"What is the matter, (why are you late)?\" I replied, \"I am riding a slow camel.\" He asked, \"Do \nyou have a stick?\" I replied in the affirmative. He said, \"Give it to me.\" When I gave it to him, he beat \nthe camel and rebuked it. Then that camel surpassed the others thenceforth. The Prophet (ﷺ) said, \"Sell it \nto me.\" I replied, \"It is (a gift) for you, O Allah's Messenger (ﷺ).\" He said, \"Sell it to me. I have bought it for \nfour Dinars (gold pieces) and you can keep on riding it till Medina.\" When we approached Medina, I \nstarted going (towards my house). The Prophet (ﷺ) said, \"Where are you going?\" I Sa`d, \"I have married a \nwidow.\" He said, \"Why have you not married a virgin to fondle with each other?\" I said, \"My father \ndied and left daughters, so I decided to marry a widow (an experienced woman) (to look after them).\" \nHe said, \"Well done.\" When we reached Medina, Allah's Messenger (ﷺ) said, \"O Bilal, pay him (the price of \nthe camel) and give him extra money.\" Bilal gave me four Dinars and one Qirat extra. (A sub-narrator \nsaid): Jabir added, \"The extra Qirat of Allah's Messenger (ﷺ) never parted from me.\" The Qirat was always in \nJabir bin `Abdullah's purse."
      },
      "turkish": {
        "narrator": "Narrated Jabir bin `Abdullah:",
        "text": "Cabir bin Abdullah'dan rivayet edilmiştir: Ben Peygamber (ﷺ) ile bir yolculuk yapıyordum ve diğerlerinden geri kalan yavaş bir deve biniyordum. Peygamber (ﷺ) yanımdan geçti ve sordu, \"Bu kim?\" Ben de, \"Cabir bin Abdullah.\" dedim. O, \"Ne oldu (niye geç kaldın)?\" dedi. Ben de, \"Yavaş bir deve biniyorum.\" dedim. O, \"Bir değneğin var mı?\" dedi. Ben de, \"Evet.\" dedim. O, \"Bana ver.\" dedi. Ben de ona verdim, o deveyi dövdü ve azarladı. O andan itibaren o deve diğerlerini geçti. Peygamber (ﷺ) dedi ki, \"Bana sat.\" Ben de, \"Bu senin için (bir hediye), ey Allah'ın Elçisi (ﷺ).\" dedim. O, \"Bana sat. Ben onu dört dinar (altın parası) karşılığında aldım ve sen Medine'ye kadar binerken onu kullanabilirsin.\" dedi. Medine'ye yaklaştığımızda, ben evime doğru gitmeye başladım. Peygamber (ﷺ) dedi ki, \"Nereye gidiyorsun?\" Ben, \"Bir dul ile evlendim.\" dedim. O, \"Neden bir genç kızla evlenmedin ki birbirinize sevgi gösteresiniz?\" dedi. Ben de, \"Babam öldü ve kızlar bıraktı, bu yüzden bir dul ile evlenmeye karar verdim (onlara bakmak için).\" dedi. O, \"Aferin.\" dedi. Medine'ye vardığımızda, Allah'ın Elçisi (ﷺ) dedi ki, \"Ey Bilal, ona (devenin bedelini) ver ve ona fazladan para ver.\" Bilal bana dört dinar ve bir kıraat fazladan verdi. (Bir alt rivayetçi dedi ki): Cabir ekledi, \"Allah'ın Elçisi'nin fazladan verdiği kıraat benden hiç ayrılmadı.\" Kıraat her zaman Cabir bin Abdullah'ın cüzdanında duruyordu."
      }
    },
    {
      "id": 10,
      "idInBook": 10,
      "chapterId": 40,
      "bookId": 1,
      "arabic": "حَدَّثَنَا عَبْدُ اللَّهِ بْنُ يُوسُفَ، أَخْبَرَنَا مَالِكٌ، عَنْ أَبِي حَازِمٍ، عَنْ سَهْلِ بْنِ سَعْدٍ، قَالَ جَاءَتِ امْرَأَةٌ إِلَى رَسُولِ اللَّهِ صلى الله عليه وسلم فَقَالَتْ يَا رَسُولَ اللَّهِ إِنِّي قَدْ وَهَبْتُ لَكَ مِنْ نَفْسِي‏.‏ فَقَالَ رَجُلٌ زَوِّجْنِيهَا‏.‏ قَالَ ‏\n\"‏ قَدْ زَوَّجْنَاكَهَا بِمَا مَعَكَ مِنَ الْقُرْآنِ ‏\"‏‏.‏",
      "english": {
        "narrator": "Narrated Sahl bin Sad:",
        "text": "A woman came to Allah's Messenger (ﷺ) and said, \"O Allah's Messenger (ﷺ)! I want \n     to give up myself to you.\" A man said, \"Marry her to me.\" The Prophet (ﷺ) \n     said, \"We agree to marry her to you with what you know of the Qur'an \n     by heart.\""
      },
      "turkish": {
        "narrator": "Narrated Sahl bin Sad:",
        "text": "Sahl bin Sad'dan rivayet edilmiştir: Bir kadın Allah'ın Elçisi (ﷺ) 'ne geldi ve dedi ki, \"Ey Allah'ın Elçisi (ﷺ)! Kendimi sana sunmak istiyorum.\" Bir adam, \"Onu bana evlendir.\" dedi. Peygamber (ﷺ) dedi ki, \"Kur'an'dan ezber bildiğinle onu sana evlendiriyoruz.\""
      }
    },
    {
      "id": 11,
      "idInBook": 11,
      "chapterId": 40,
      "bookId": 1,
      "arabic": "وَقَالَ عُثْمَانُ بْنُ الْهَيْثَمِ أَبُو عَمْرٍو حَدَّثَنَا عَوْفٌ، عَنْ مُحَمَّدِ بْنِ سِيرِينَ، عَنْ أَبِي هُرَيْرَةَ ـ رضى الله عنه ـ قَالَ وَكَّلَنِي رَسُولُ اللَّهِ صلى الله عليه وسلم بِحِفْظِ زَكَاةِ رَمَضَانَ، فَأَتَانِي آتٍ فَجَعَلَ يَحْثُو مِنَ الطَّعَامِ، فَأَخَذْتُهُ، وَقُلْتُ وَاللَّهِ لأَرْفَعَنَّكَ إِلَى رَسُولِ اللَّهِ صلى الله عليه وسلم‏.‏ قَالَ إِنِّي مُحْتَاجٌ، وَعَلَىَّ عِيَالٌ، وَلِي حَاجَةٌ شَدِيدَةٌ‏.‏ قَالَ فَخَلَّيْتُ عَنْهُ فَأَصْبَحْتُ فَقَالَ النَّبِيُّ صلى الله عليه وسلم ‏\"‏ يَا أَبَا هُرَيْرَةَ مَا فَعَلَ أَسِيرُكَ الْبَارِحَةَ ‏\"‏‏.‏ قَالَ قُلْتُ يَا رَسُولَ اللَّهِ شَكَا حَاجَةً شَدِيدَةً وَعِيَالاً فَرَحِمْتُهُ، فَخَلَّيْتُ سَبِيلَهُ‏.‏ قَالَ ‏\"‏ أَمَا إِنَّهُ قَدْ كَذَبَكَ وَسَيَعُودُ ‏\"‏‏.‏ فَعَرَفْتُ أَنَّهُ سَيَعُودُ لِقَوْلِ رَسُولِ اللَّهِ صلى الله عليه وسلم إِنَّهُ سَيَعُودُ‏.‏ فَرَصَدْتُهُ فَجَاءَ يَحْثُو مِنَ الطَّعَامِ فَأَخَذْتُهُ فَقُلْتُ لأَرْفَعَنَّكَ إِلَى رَسُولِ اللَّهِ صلى الله عليه وسلم‏.‏ قَالَ دَعْنِي فَإِنِّي مُحْتَاجٌ، وَعَلَىَّ عِيَالٌ لاَ أَعُودُ، فَرَحِمْتُهُ، فَخَلَّيْتُ سَبِيلَهُ فَأَصْبَحْتُ، فَقَالَ لِي رَسُولُ اللَّهِ صلى الله عليه وسلم ‏\"‏ يَا أَبَا هُرَيْرَةَ، مَا فَعَلَ أَسِيرُكَ ‏\"‏‏.‏ قُلْتُ يَا رَسُولَ اللَّهِ شَكَا حَاجَةً شَدِيدَةً وَعِيَالاً، فَرَحِمْتُهُ فَخَلَّيْتُ سَبِيلَهُ‏.‏ قَالَ ‏\"‏ أَمَا إِنَّهُ قَدْ كَذَبَكَ وَسَيَعُودُ ‏\"‏‏.‏ فَرَصَدْتُهُ الثَّالِثَةَ فَجَاءَ يَحْثُو مِنَ الطَّعَامِ، فَأَخَذْتُهُ فَقُلْتُ لأَرْفَعَنَّكَ إِلَى رَسُولِ اللَّهِ صلى الله عليه وسلم، وَهَذَا آخِرُ ثَلاَثِ مَرَّاتٍ أَنَّكَ تَزْعُمُ لاَ تَعُودُ ثُمَّ تَعُودُ‏.‏ قَالَ دَعْنِي أُعَلِّمْكَ كَلِمَاتٍ يَنْفَعُكَ اللَّهُ بِهَا‏.‏ قُلْتُ مَا هُوَ قَالَ إِذَا أَوَيْتَ إِلَى فِرَاشِكَ فَاقْرَأْ آيَةَ الْكُرْسِيِّ ‏{‏اللَّهُ لاَ إِلَهَ إِلاَّ هُوَ الْحَىُّ الْقَيُّومُ‏}‏ حَتَّى تَخْتِمَ الآيَةَ، فَإِنَّكَ لَنْ يَزَالَ عَلَيْكَ مِنَ اللَّهِ حَافِظٌ وَلاَ يَقْرَبَنَّكَ شَيْطَانٌ حَتَّى تُصْبِحَ‏.‏ فَخَلَّيْتُ سَبِيلَهُ فَأَصْبَحْتُ، فَقَالَ لِي رَسُولُ اللَّهِ صلى الله عليه وسلم ‏\"‏ مَا فَعَلَ أَسِيرُكَ الْبَارِحَةَ ‏\"‏‏.‏ قُلْتُ يَا رَسُولَ اللَّهِ زَعَمَ أَنَّهُ يُعَلِّمُنِي كَلِمَاتٍ، يَنْفَعُنِي اللَّهُ بِهَا، فَخَلَّيْتُ سَبِيلَهُ‏.‏ قَالَ ‏\"‏ مَا هِيَ ‏\"‏‏.‏ قُلْتُ قَالَ لِي إِذَا أَوَيْتَ إِلَى فِرَاشِكَ فَاقْرَأْ آيَةَ الْكُرْسِيِّ مِنْ أَوَّلِهَا حَتَّى تَخْتِمَ ‏{‏اللَّهُ لاَ إِلَهَ إِلاَّ هُوَ الْحَىُّ الْقَيُّومُ‏}‏ وَقَالَ لِي لَنْ يَزَالَ عَلَيْكَ مِنَ اللَّهِ حَافِظٌ وَلاَ يَقْرَبَكَ شَيْطَانٌ حَتَّى تُصْبِحَ، وَكَانُوا أَحْرَصَ شَىْءٍ عَلَى الْخَيْرِ‏.‏ فَقَالَ النَّبِيُّ صلى الله عليه وسلم ‏\"‏ أَمَا إِنَّهُ قَدْ صَدَقَكَ وَهُوَ كَذُوبٌ، تَعْلَمُ مَنْ تُخَاطِبُ مُنْذُ ثَلاَثِ لَيَالٍ يَا أَبَا هُرَيْرَةَ ‏\"‏‏.‏ قَالَ لاَ‏.‏ قَالَ ‏\"‏ ذَاكَ شَيْطَانٌ ‏\"‏‏.‏",
      "english": {
        "narrator": "Narrated Abu Huraira:",
        "text": "Allah's Messenger (ﷺ) deputed me to keep Sadaqat (al-Fitr) of Ramadan. A \n     comer came and started taking handfuls of the foodstuff (of the \n     Sadaqa) (stealthily). I took hold of him and said, \"By Allah, I will \n     take you to Allah's Messenger (ﷺ) .\" He said, \"I am needy and have many \n     dependents, and I am in great need.\" I released him, and in the \n     morning Allah's Messenger (ﷺ) asked me, \"What did your prisoner do \n     yesterday?\" I said, \"O Allah's Messenger (ﷺ)! The person complained of being\n     needy and of having many dependents, so, I pitied him and let him go.\"\n     Allah's Messenger (ﷺ) said, \"Indeed, he told you a lie and he will be coming\n     again.\" I believed that he would show up again as Allah's Messenger (ﷺ) had \n     told me that he would return. So, I waited for him watchfully. When he\n     (showed up and) started stealing handfuls of foodstuff, I caught hold \n     of him again and said, \"I will definitely take you to Allah's Messenger (ﷺ).\n     He said, \"Leave me, for I am very needy and have many dependents. I \n     promise I will not come back again.\" I pitied him and let him go. \n\n\n     In the morning Allah's Messenger (ﷺ) asked me, \"What did your prisoner do.\" \n     I replied, \"O Allah's Messenger (ﷺ)! He complained of his great need and of \n     too many dependents, so I took pity on him and set him free.\" Allah's \n     Apostle said, \"Verily, he told you a lie and he will return.\" I waited\n     for him attentively for the third time, and when he (came and) started\n     stealing handfuls of the foodstuff, I caught hold of him and said, \"I \n     will surely take you to Allah's Messenger (ﷺ) as it is the third time you \n     promise not to return, yet you break your promise and come.\" He said, \n     \"(Forgive me and) I will teach you some words with which Allah will \n     benefit you.\" I asked, \"What are they?\" He replied, \"Whenever you go \n     to bed, recite \"Ayat-al-Kursi\"-- 'Allahu la ilaha illa huwa-l-Haiy-ul \n     Qaiyum' till you finish the whole verse. (If you do so), Allah will \n     appoint a guard for you who will stay with you and no satan will come \n     near you till morning. \" So, I released him. In the morning, Allah's \n     Apostle asked, \"What did your prisoner do yesterday?\" I replied, \"He \n     claimed that he would teach me some words by which Allah will benefit \n     me, so I let him go.\" Allah's Messenger (ﷺ) asked, \"What are they?\" I \n     replied, \"He said to me, 'Whenever you go to bed, recite Ayat-al-Kursi\n     from the beginning to the end ---- Allahu la ilaha illa \n     huwa-lHaiy-ul-Qaiyum----.' He further said to me, '(If you do so), \n     Allah will appoint a guard for you who will stay with you, and no \n     satan will come near you till morning.' (Abu Huraira or another \n     sub-narrator) added that they (the companions) were very keen to do \n     good deeds. The Prophet (ﷺ) said, \"He really spoke the truth, although he \n     is an absolute liar. Do you know whom you were talking to, these three\n     nights, O Abu Huraira?\" Abu Huraira said, \"No.\" He said, \"It was \n     Satan.\""
      },
      "turkish": {
        "narrator": "Narrated Abu Huraira:",
        "text": "Ebu Hureyre'den rivayet edilmiştir: Allah'ın Elçisi (ﷺ) beni Ramazan Sadaqatı (el-Fitr) için görevlendirdi. Bir adam geldi ve yiyeceklerden avuç avuç almaya başladı (gizlice). Ben onu yakaladım ve dedim ki, \"Vallahi, seni Allah'ın Elçisi (ﷺ) 'ne götüreceğim.\" O, \"Ben muhtaç biriyim ve birçok bakmakla yükümlü olduğum var, çok ihtiyacım var.\" dedi. Ben onu serbest bıraktım ve sabah Allah'ın Elçisi (ﷺ) bana, \"Esirinin dün ne yaptı?\" diye sordu. Ben de, \"Ey Allah'ın Elçisi (ﷺ)! O, muhtaç olduğunu ve birçok bakmakla yükümlü olduğu olduğunu söyledi, bu yüzden ona acıdım ve serbest bıraktım.\" dedim. Allah'ın Elçisi (ﷺ) dedi ki, \"Gerçekten, sana yalan söyledi ve tekrar gelecek.\" Ben, onun tekrar geleceğine inandım çünkü Allah'ın Elçisi (ﷺ) bana döneceğini söylemişti. Bu yüzden onu dikkatle bekledim. O (gözüme çarptığında) tekrar yiyeceklerden avuç avuç almaya başladığında, onu tekrar yakaladım ve dedim ki, \"Seni kesinlikle Allah'ın Elçisi (ﷺ) 'ne götüreceğim.\" O, \"Beni bırak, çünkü ben çok muhtaç biriyim ve birçok bakmakla yükümlü olduğum var. Bir daha gelmeyeceğime söz veriyorum.\" dedi. Ona acıdım ve serbest bıraktım."
      }
    },
    {
      "id": 12,
      "idInBook": 12,
      "chapterId": 40,
      "bookId": 1,
      "arabic": "حَدَّثَنَا إِسْحَاقُ، حَدَّثَنَا يَحْيَى بْنُ صَالِحٍ، حَدَّثَنَا مُعَاوِيَةُ ـ هُوَ ابْنُ سَلاَّمٍ ـ عَنْ يَحْيَى، قَالَ سَمِعْتُ عُقْبَةَ بْنَ عَبْدِ الْغَافِرِ، أَنَّهُ سَمِعَ أَبَا سَعِيدٍ الْخُدْرِيَّ ـ رضى الله عنه ـ قَالَ جَاءَ بِلاَلٌ إِلَى النَّبِيِّ صلى الله عليه وسلم بِتَمْرٍ بَرْنِيٍّ فَقَالَ لَهُ النَّبِيُّ صلى الله عليه وسلم ‏\"‏ مِنْ أَيْنَ هَذَا ‏\"‏‏.‏ قَالَ بِلاَلٌ كَانَ عِنْدَنَا تَمْرٌ رَدِيٌّ، فَبِعْتُ مِنْهُ صَاعَيْنِ بِصَاعٍ، لِنُطْعِمَ النَّبِيَّ صلى الله عليه وسلم فَقَالَ النَّبِيُّ صلى الله عليه وسلم عِنْدَ ذَلِكَ ‏\"‏ أَوَّهْ أَوَّهْ عَيْنُ الرِّبَا عَيْنُ الرِّبَا، لاَ تَفْعَلْ، وَلَكِنْ إِذَا أَرَدْتَ أَنْ تَشْتَرِيَ فَبِعِ التَّمْرَ بِبَيْعٍ آخَرَ ثُمَّ اشْتَرِهِ ‏\"‏‏.‏",
      "english": {
        "narrator": "Narrated Abu Sa`id al-Khudri:",
        "text": "Once Bilal brought Barni (i.e. a kind of dates) to the Prophet (ﷺ) and the Prophet (ﷺ) asked him, \"From where \nhave you brought these?\" Bilal replied, \"I had some inferior type of dates and exchanged two Sas of it \nfor one Sa of Barni dates in order to give it to the Prophet; to eat.\" Thereupon the Prophet (ﷺ) said, \n\"Beware! Beware! This is definitely Riba (usury)! This is definitely Riba (Usury)! Don't do so, but if \nyou want to buy (a superior kind of dates) sell the inferior dates for money and then buy the superior \nkind of dates with that money.\""
      },
      "turkish": {
        "narrator": "Narrated Abu Sa`id al-Khudri:",
        "text": "Sabah Allah'ın Elçisi (ﷺ) bana, \"Esirinin dün ne yaptı?\" diye sordu. Ben de, \"Ey Allah'ın Elçisi (ﷺ)! O, büyük ihtiyacından ve çok fazla bakmakla yükümlü olduğundan şikayet etti, bu yüzden ona acıdım ve serbest bıraktım.\" dedim. Allah'ın Elçisi (ﷺ) dedi ki, \"Gerçekten, sana yalan söyledi ve dönecek.\" Üçüncü kez onu dikkatle bekledim ve o (geldiğinde) yiyeceklerden avuç avuç almaya başladığında, onu yakaladım ve dedim ki, \"Seni kesinlikle Allah'ın Elçisi (ﷺ) 'ne götüreceğim, çünkü bu üçüncü kez geri dönmeyeceğine söz veriyorsun ama sözünü tutmuyorsun.\" O, \"(Beni affet ve) sana Allah'ın faydalanacağı bazı kelimeler öğreteceğim.\" dedi. Ben de, \"Nedir onlar?\" dedim. O, \"Her gece yatağına gittiğinde, 'Ayat-al-Kursi'yi oku - 'Allahu la ilaha illa huwa-l-Haiy-ul Qaiyum' cümlesini tamamlayana kadar. (Eğer böyle yaparsan), Allah senin için bir koruyucu tayin eder, o seninle kalır ve sabaha kadar hiçbir şeytan sana yaklaşamaz.\" dedi. Böylece onu serbest bıraktım. Sabah, Allah'ın Elçisi bana, \"Esirinin dün ne yaptı?\" diye sordu. Ben de, \"Bana Allah'ın faydalanacağı bazı kelimeler öğreteceğini söyledi, bu yüzden onu serbest bıraktım.\" dedim. Allah'ın Elçisi (ﷺ) sordu, \"Nedir onlar?\" Ben de, \"O bana, 'Her gece yatağına gittiğinde, Ayat-al-Kursi'yi baştan sona oku - Allahu la ilaha illa huwa-l-Haiy-ul-Qaiyum.' dedi. Ayrıca bana, '(Eğer böyle yaparsan), Allah senin için bir koruyucu tayin eder, o seninle kalır ve sabaha kadar hiçbir şeytan sana yaklaşamaz.' dedi.\" (Ebu Hureyre veya başka bir alt rivayetçi) ekledi ki, (ashab) iyi işler yapmaya çok hevesliydiler. Peygamber (ﷺ) dedi ki, \"Gerçekten doğruyu söyledi, ama o kesinlikle bir yalancıdır. Bu üç gece kiminle konuştuğunu biliyor musun, ey Ebu Hureyre?\" Ebu Hureyre, \"Hayır.\" dedi. O, \"O, Şeytandı.\" dedi."
      }
    },
    {
      "id": 13,
      "idInBook": 13,
      "chapterId": 40,
      "bookId": 1,
      "arabic": "حَدَّثَنَا قُتَيْبَةُ بْنُ سَعِيدٍ، حَدَّثَنَا سُفْيَانُ، عَنْ عَمْرٍو، قَالَ فِي صَدَقَةِ عُمَرَ ـ رضى الله عنه ـ لَيْسَ عَلَى الْوَلِيِّ جُنَاحٌ أَنْ يَأْكُلَ وَيُؤْكِلَ صَدِيقًا ‏{‏لَهُ‏}‏ غَيْرَ مُتَأَثِّلٍ مَالاً، فَكَانَ ابْنُ عُمَرَ هُوَ يَلِي صَدَقَةَ عُمَرَ يُهْدِي لِلنَّاسِ مِنْ أَهْلِ مَكَّةَ، كَانَ يَنْزِلُ عَلَيْهِمْ‏.‏",
      "english": {
        "narrator": "Narrated `Amr:",
        "text": "Concerning the Waqf of `Umar: It was not sinful of the trustee (of the Waqf) to eat or provide his \nfriends from it, provided the trustee had no intention of collecting fortune (for himself). Ibn `Umar \nwas the manager of the trust of `Umar and he used to give presents from it to those with whom he \nused to stay at Mecca."
      },
      "turkish": {
        "narrator": "Narrated `Amr:",
        "text": "Ebu Said el-Hudri'den rivayet edilmiştir: Bir gün Bilal, Peygamber (ﷺ) 'e Barni (yani bir tür hurma) getirdi ve Peygamber (ﷺ) ona, \"Bunları nereden getirdin?\" diye sordu. Bilal, \"Bende bazı kötü hurmalar vardı ve iki Sa'sını bir Sa Barni hurması ile değiştirdim ki Peygamber'e yedirmek için.\" dedi. Bunun üzerine Peygamber (ﷺ) dedi ki, \"Dikkat et! Dikkat et! Bu kesinlikle Riba (faiz)! Bu kesinlikle Riba (faiz)! Bunu yapma, ama eğer (üstün bir tür hurma) satın almak istiyorsan, kötü hurmaları parayla sat ve sonra o parayla üstün tür hurmaları al.\""
      }
    },
    {
      "id": 14,
      "idInBook": 14,
      "chapterId": 40,
      "bookId": 1,
      "arabic": "حَدَّثَنَا أَبُو الْوَلِيدِ، أَخْبَرَنَا اللَّيْثُ، عَنِ ابْنِ شِهَابٍ، عَنْ عُبَيْدِ اللَّهِ، عَنْ زَيْدِ بْنِ خَالِدٍ، وَأَبِي، هُرَيْرَةَ رضى الله عنهما عَنِ النَّبِيِّ صلى الله عليه وسلم قَالَ ‏\n\"‏ وَاغْدُ يَا أُنَيْسُ إِلَى امْرَأَةِ هَذَا، فَإِنِ اعْتَرَفَتْ فَارْجُمْهَا ‏\"‏‏.‏",
      "english": {
        "narrator": "Narrated Zaid bin Khalid and Abu Huraira:",
        "text": "The Prophet (ﷺ) said, \"O Unais! Go to the wife of this (man) and if she confesses (that she has committed \nillegal sexual intercourse), then stone her to death.\""
      },
      "turkish": {
        "narrator": "Narrated Zaid bin Khalid and Abu Huraira:",
        "text": "Amr'dan rivayet edilmiştir: Umar'ın Vakfı hakkında: Vakfın mütevellisi, kendi arkadaşlarına ondan yemek yemekte veya onlara vermekte günah işlemez, yeter ki mütevelli kendi çıkarı için zenginleşme niyetinde olmasın. İbn Umar, Umar'ın vakfının yöneticisiydi ve Mekke'de kaldığı kişilerden onlara hediyeler verirdi."
      }
    },
    {
      "id": 15,
      "idInBook": 15,
      "chapterId": 40,
      "bookId": 1,
      "arabic": "حَدَّثَنَا ابْنُ سَلاَمٍ، أَخْبَرَنَا عَبْدُ الْوَهَّابِ الثَّقَفِيُّ، عَنْ أَيُّوبَ، عَنِ ابْنِ أَبِي مُلَيْكَةَ، عَنْ عُقْبَةَ بْنِ الْحَارِثِ، قَالَ جِيءَ بِالنُّعَيْمَانِ أَوِ ابْنِ النُّعَيْمَانِ شَارِبًا، فَأَمَرَ رَسُولُ اللَّهِ صلى الله عليه وسلم مَنْ كَانَ فِي الْبَيْتِ أَنْ يَضْرِبُوا قَالَ فَكُنْتُ أَنَا فِيمَنْ ضَرَبَهُ، فَضَرَبْنَاهُ بِالنِّعَالِ وَالْجَرِيدِ‏.‏",
      "english": {
        "narrator": "Narrated `Uqba bin Al-Harith:",
        "text": "When An-Nuaman or his son was brought in a state of drunkenness, Allah's Messenger (ﷺ) ordered all those \nwho were present in the house to beat him. I was one of those who beat him. We beat him with shoes \nand palm-leaf stalks."
      },
      "turkish": {
        "narrator": "Narrated `Uqba bin Al-Harith:",
        "text": "Zaid bin Halid ve Ebu Hureyre'den rivayet edilmiştir: Peygamber (ﷺ) dedi ki, \"Ey Unais! Bu (adamın) karısına git ve eğer itiraf ederse (zina yaptığını), onu taşlayarak öldür.\""
      }
    },
    {
      "id": 16,
      "idInBook": 16,
      "chapterId": 40,
      "bookId": 1,
      "arabic": "حَدَّثَنَا إِسْمَاعِيلُ بْنُ عَبْدِ اللَّهِ، قَالَ حَدَّثَنِي مَالِكٌ، عَنْ عَبْدِ اللَّهِ بْنِ أَبِي بَكْرِ بْنِ حَزْمٍ، عَنْ عَمْرَةَ بِنْتِ عَبْدِ الرَّحْمَنِ، أَنَّهَا أَخْبَرَتْهُ قَالَتْ، عَائِشَةُ ـ رضى الله عنها ـ أَنَا فَتَلْتُ، قَلاَئِدَ هَدْىِ رَسُولِ اللَّهِ صلى الله عليه وسلم بِيَدَىَّ، ثُمَّ قَلَّدَهَا رَسُولُ اللَّهِ صلى الله عليه وسلم بِيَدَيْهِ، ثُمَّ بَعَثَ بِهَا مَعَ أَبِي، فَلَمْ يَحْرُمْ عَلَى رَسُولِ اللَّهِ صلى الله عليه وسلم شَىْءٌ أَحَلَّهُ اللَّهُ لَهُ حَتَّى نُحِرَ الْهَدْىُ‏.‏",
      "english": {
        "narrator": "Narrated `Aisha:",
        "text": "I twisted the garlands of the Hadis (i.e. animals for sacrifice) of Allah's Messenger (ﷺ) with my own hands. \nThen Allah's Messenger (ﷺ) put them around their necks with his own hands, and sent them with my father \n(to Mecca). Nothing legal was regarded illegal for Allah's Messenger (ﷺ) till the animals were slaughtered."
      },
      "turkish": {
        "narrator": "Narrated `Aisha:",
        "text": "Aişe'den rivayet edilmiştir: Allah'ın Resulü'nün (ﷺ) kurbanlık hayvanlarının çelenklerini kendi ellerimle yaptım. Sonra Allah'ın Resulü (ﷺ) onları kendi elleriyle boyunlarına geçirdi ve babamla birlikte (Mekke'ye) gönderdi. Hayvanlar kesilene kadar Allah'ın Resulü (ﷺ) için hiçbir şey helal sayılmadı."
      }
    },
    {
      "id": 17,
      "idInBook": 17,
      "chapterId": 40,
      "bookId": 1,
      "arabic": "حَدَّثَنِي يَحْيَى بْنُ يَحْيَى، قَالَ قَرَأْتُ عَلَى مَالِكٍ عَنْ إِسْحَاقَ بْنِ عَبْدِ اللَّهِ، أَنَّهُ سَمِعَ أَنَسَ بْنَ مَالِكٍ ـ رضى الله عنه ـ يَقُولُ كَانَ أَبُو طَلْحَةَ أَكْثَرَ الأَنْصَارِ بِالْمَدِينَةِ مَالاً، وَكَانَ أَحَبَّ أَمْوَالِهِ إِلَيْهِ بِيْرُ حَاءَ وَكَانَتْ مُسْتَقْبِلَةَ الْمَسْجِدَ، وَكَانَ رَسُولُ اللَّهِ صلى الله عليه وسلم يَدْخُلُهَا وَيَشْرَبُ مِنْ مَاءٍ فِيهَا طَيِّبٍ فَلَمَّا نَزَلَتْ ‏{‏لَنْ تَنَالُوا الْبِرَّ حَتَّى تُنْفِقُوا مِمَّا تُحِبُّونَ‏}‏ قَامَ أَبُو طَلْحَةَ إِلَى رَسُولِ اللَّهِ صلى الله عليه وسلم فَقَالَ يَا رَسُولَ اللَّهِ، إِنَّ اللَّهَ تَعَالَى يَقُولُ فِي كِتَابِهِ ‏{‏لَنْ تَنَالُوا الْبِرَّ حَتَّى تُنْفِقُوا مِمَّا تُحِبُّونَ‏}‏ وَإِنَّ أَحَبَّ أَمْوَالِي إِلَىَّ بِيْرُ حَاءَ، وَإِنَّهَا صَدَقَةٌ لِلَّهِ أَرْجُو بِرَّهَا وَذُخْرَهَا عِنْدَ اللَّهِ فَضَعْهَا يَا رَسُولَ اللَّهِ حَيْثُ شِئْتَ، فَقَالَ ‏\"‏ بَخٍ، ذَلِكَ مَالٌ رَائِحٌ، ذَلِكَ مَالٌ رَائِحٌ‏.‏ قَدْ سَمِعْتُ مَا قُلْتَ فِيهَا، وَأَرَى أَنْ تَجْعَلَهَا فِي الأَقْرَبِينَ ‏\"‏‏.‏ قَالَ أَفْعَلُ يَا رَسُولَ اللَّهِ‏.‏ فَقَسَمَهَا أَبُو طَلْحَةَ فِي أَقَارِبِهِ وَبَنِي عَمِّهِ‏.‏ تَابَعَهُ إِسْمَاعِيلُ عَنْ مَالِكٍ‏.‏ وَقَالَ رَوْحٌ عَنْ مَالِكٍ رَابِحٌ‏.‏",
      "english": {
        "narrator": "Narrated Anas bin Malik:",
        "text": "Abu Talha was the richest man in Medina amongst the Ansar and Beeruha' (garden) was the most \nbeloved of his property, and it was situated opposite the mosque (of the Prophet.). Allah's Messenger (ﷺ) \nused to enter it and drink from its sweet water. When the following Divine Verse were revealed: 'you \nwill not attain righteousness till you spend in charity of the things you love' (3.92), Abu Talha got up \nin front of Allah's Messenger (ﷺ) and said, \"O Allah's Messenger (ﷺ)! Allah says in His Book, 'You will not attain \nrighteousness unless you spend (in charity) that which you love,' and verily, the most beloved to me of \nmy property is Beeruha (garden), so I give it in charity and hope for its reward from Allah. O Allah's \nApostle! Spend it wherever you like.\" Allah's Messenger (ﷺ) appreciated that and said, \"That is perishable \nwealth, that is perishable wealth. I have heard what you have said; I suggest you to distribute it among \nyour relatives.\" Abu Talha said, \"I will do so, O Allah's Messenger (ﷺ).\" So, Abu Talha distributed it among \nhis relatives and cousins. The sub-narrator (Malik) said: The Prophet (ﷺ) said: \"That is a profitable \nwealth,\" instead of \"perishable wealth\"."
      },
      "turkish": {
        "narrator": "Narrated Anas bin Malik:",
        "text": "Enes bin Malik'ten rivayet edilmiştir: Ebu Talha, Ensar arasında Medine'nin en zengin adamıydı ve Beeruha' (bahçe) onun en sevdiği malıydı, ve bu, (Peygamberin) caminin karşısında yer alıyordu. Allah'ın Resulü (ﷺ) oraya girer ve tatlı suyundan içermiş. Aşağıdaki ayetler indirildiğinde: 'Siz, sevdiğiniz şeylerden harcamadıkça hayra eremezsiniz' (3.92), Ebu Talha Allah'ın Resulü (ﷺ) önünde ayağa kalktı ve dedi ki: \"Ey Allah'ın Resulü (ﷺ)! Allah, Kitabında, 'Sevdiğiniz şeylerden harcamadıkça hayra eremezsiniz' diyor, ve gerçekten, benim malımın en sevdiği Beeruha (bahçe)dir, onu sadaka olarak veriyorum ve Allah'tan onun sevabını umuyorum. Ey Allah'ın Elçisi! Onu istediğin yere harca.\" Allah'ın Resulü (ﷺ) bunu takdir etti ve dedi ki: \"Bu, geçici bir maldır, bu, geçici bir maldır. Söylediklerini duydum; akrabaların arasında dağıtmanı öneririm.\" Ebu Talha, \"Bunu yapacağım, ey Allah'ın Resulü (ﷺ).\" dedi. Böylece Ebu Talha, onu akrabaları ve kuzenleri arasında dağıttı. Rivayet eden (Malik) dedi ki: Peygamber (ﷺ) dedi ki: \"Bu, karlı bir maldır,\" \"geçici mal\" yerine."
      }
    },
    {
      "id": 18,
      "idInBook": 18,
      "chapterId": 40,
      "bookId": 1,
      "arabic": "حَدَّثَنَا مُحَمَّدُ بْنُ الْعَلاَءِ، حَدَّثَنَا أَبُو أُسَامَةَ، عَنْ بُرَيْدِ بْنِ عَبْدِ اللَّهِ، عَنْ أَبِي بُرْدَةَ، عَنْ أَبِي مُوسَى ـ رضى الله عنه ـ عَنِ النَّبِيِّ صلى الله عليه وسلم قَالَ ‏\n\"‏ الْخَازِنُ الأَمِينُ الَّذِي يُنْفِقُ ـ وَرُبَّمَا قَالَ الَّذِي يُعْطِي ـ مَا أُمِرَ بِهِ كَامِلاً مُوَفَّرًا، طَيِّبٌ نَفْسُهُ، إِلَى الَّذِي أُمِرَ بِهِ، أَحَدُ الْمُتَصَدِّقَيْنِ ‏\"‏‏.‏",
      "english": {
        "narrator": "Narrated Abu Musa:",
        "text": "The Prophet (ﷺ) said, \"An honest treasurer who gives what he is ordered to give fully, perfectly and \nwillingly to the person to whom he is ordered to give, is regarded as one of the two charitable \npersons.\""
      },
      "turkish": {
        "narrator": "Narrated Abu Musa:",
        "text": "Ebu Musa'dan rivayet edilmiştir: Peygamber (ﷺ) dedi ki: \"Emredildiği şekilde, tam olarak, eksiksiz ve gönülden, kendisine verilmesi emredilen kişiye veren dürüst bir hazineci, iki hayırseverden biri olarak kabul edilir.\""
      }
    }
  ],
  "chapter": {
    "id": 40,
    "bookId": 1,
    "arabic": "كتاب الوكالة",
    "english": "Representation, Authorization, Business by Proxy"
  }
}