{
  "metadata": {
    "length": 28,
    "arabic": {
      "title": "صحيح البخاري",
      "author": "الإمام محمد بن إسماعيل البخاري",
      "introduction": "كتاب المزارعة"
    },
    "english": {
      "title": "Sahih al-Bukhari",
      "author": "Imam Muhammad ibn Ismail al-Bukhari",
      "introduction": "Agriculture"
    }
  },
  "hadiths": [
    {
      "id": 1,
      "idInBook": 1,
      "chapterId": 41,
      "bookId": 1,
      "arabic": "حَدَّثَنَا قُتَيْبَةُ بْنُ سَعِيدٍ، حَدَّثَنَا أَبُو عَوَانَةَ، ح وَحَدَّثَنِي عَبْدُ الرَّحْمَنِ بْنُ الْمُبَارَكِ، حَدَّثَنَا أَبُو عَوَانَةَ، عَنْ قَتَادَةَ، عَنْ أَنَسٍ ـ رضى الله عنه ـ قَالَ قَالَ رَسُولُ اللَّهِ صلى الله عليه وسلم ‏\n\"‏ مَا مِنْ مُسْلِمٍ يَغْرِسُ غَرْسًا، أَوْ يَزْرَعُ زَرْعًا، فَيَأْكُلُ مِنْهُ طَيْرٌ أَوْ إِنْسَانٌ أَوْ بَهِيمَةٌ، إِلاَّ كَانَ لَهُ بِهِ صَدَقَةٌ ‏\"‏‏.‏ وَقَالَ لَنَا مُسْلِمٌ حَدَّثَنَا أَبَانُ، حَدَّثَنَا قَتَادَةُ، حَدَّثَنَا أَنَسٌ، عَنِ النَّبِيِّ صلى الله عليه وسلم‏.‏",
      "english": {
        "narrator": "Narrated Anas bin Malik:",
        "text": "Allah's Messenger (ﷺ) said, \"There is none amongst the Muslims who plants a tree or sows seeds, and then a \nbird, or a person or an animal eats from it, but is regarded as a charitable gift for him.\""
      },
      "turkish": {
        "narrator": "Narrated Anas bin Malik:",
        "text": "Anas bin Malik'ten rivayet edilmiştir: Allah'ın Messenger'ı (ﷺ) şöyle buyurdu: \"Müslümanlardan biri bir ağaç diker veya tohum ekerse, ardından bir kuş, bir insan veya bir hayvan ondan yerse, bu onun için bir sadaka olarak kabul edilir.\""
      }
    },
    {
      "id": 2,
      "idInBook": 2,
      "chapterId": 41,
      "bookId": 1,
      "arabic": "حَدَّثَنَا عَبْدُ اللَّهِ بْنُ يُوسُفَ، حَدَّثَنَا عَبْدُ اللَّهِ بْنُ سَالِمٍ الْحِمْصِيُّ، حَدَّثَنَا مُحَمَّدُ بْنُ زِيَادٍ الأَلْهَانِيُّ، عَنْ أَبِي أُمَامَةَ الْبَاهِلِيِّ،، قَالَ ـ وَرَأَى سِكَّةً وَشَيْئًا مِنْ آلَةِ الْحَرْثِ، فَقَالَ سَمِعْتُ النَّبِيَّ صلى الله عليه وسلم يَقُولُ ‏\n\"‏ لاَ يَدْخُلُ هَذَا بَيْتَ قَوْمٍ إِلاَّ أُدْخِلَهُ الذُّلُّ ‏\"‏‏.‏ \nقَالَ أَبُو عَبْد اللَّهِ وَاسْمُ أَبِي أُمَامَةَ صُدَيُّ بْنُ عَجْلَانَ",
      "english": {
        "narrator": "Narrated Abu Umama al-Bahili:",
        "text": "I saw some agricultural equipment and said: \"I heard the Prophet (ﷺ) saying: \"There is no house in which \nthese equipment enters except that Allah will cause humiliation to enter it.\""
      },
      "turkish": {
        "narrator": "Narrated Abu Umama al-Bahili:",
        "text": "Ebu Ümame el-Bahili'den rivayet edilmiştir: Bazı tarım aletleri gördüm ve şöyle dedim: \"Peygamber (ﷺ) şöyle derken duydum: 'Bu aletlerin girdiği hiçbir ev yoktur ki, Allah ona aşağılanmayı sokmasın.'\""
      }
    },
    {
      "id": 3,
      "idInBook": 3,
      "chapterId": 41,
      "bookId": 1,
      "arabic": "حَدَّثَنَا مُعَاذُ بْنُ فَضَالَةَ، حَدَّثَنَا هِشَامٌ، عَنْ يَحْيَى بْنِ أَبِي كَثِيرٍ، عَنْ أَبِي سَلَمَةَ، عَنْ أَبِي هُرَيْرَةَ ـ رضى الله عنه ـ قَالَ قَالَ رَسُولُ اللَّهِ صلى الله عليه وسلم ‏\"‏ مَنْ أَمْسَكَ كَلْبًا فَإِنَّهُ يَنْقُصُ كُلَّ يَوْمٍ مِنْ عَمَلِهِ قِيرَاطٌ، إِلاَّ كَلْبَ حَرْثٍ أَوْ مَاشِيَةٍ ‏\"‏‏.‏ قَالَ ابْنُ سِيرِينَ وَأَبُو صَالِحٍ عَنْ أَبِي هُرَيْرَةَ عَنِ النَّبِيِّ صلى الله عليه وسلم ‏\"‏ إِلاَّ كَلْبَ غَنَمٍ أَوْ حَرْثٍ أَوْ صَيْدٍ ‏\"‏‏.‏ وَقَالَ أَبُو حَازِمٍ عَنْ أَبِي هُرَيْرَةَ عَنِ النَّبِيِّ صلى الله عليه وسلم ‏\"‏ كَلْبَ صَيْدٍ أَوْ مَاشِيَةٍ ‏\"‏‏.‏",
      "english": {
        "narrator": "Narrated Abu Huraira:",
        "text": "Allah's Messenger (ﷺ) said, \"Whoever keeps a dog, one Qirat of the reward of his good deeds is deducted \ndaily, unless the dog is used for guarding a farm or cattle.\" Abu Huraira (in another narration) said \nfrom the Prophet, \"unless it is used for guarding sheep or farms, or for hunting.\" Narrated Abu Hazim \nfrom Abu Huraira: The Prophet (ﷺ) said, \"A dog for guarding cattle or for hunting.\""
      },
      "turkish": {
        "narrator": "Narrated Abu Huraira:",
        "text": "Ebu Hureyre'den rivayet edilmiştir: Allah'ın Messenger'ı (ﷺ) şöyle buyurdu: \"Kim bir köpek beslerse, her gün bir Kıraat kadar sevaplarından eksilir, ancak köpek bir çiftlik veya hayvanı korumak için kullanılıyorsa.\" Ebu Hureyre (başka bir rivayette) Peygamber'den şöyle dedi: \"Eğer koyunları veya tarlaları korumak veya avlanmak için kullanılıyorsa.\" Ebu Hureyre'den Ebu Hazım rivayet etti: Peygamber (ﷺ) şöyle dedi: \"Bir köpek, hayvanları korumak veya avlanmak içindir.\""
      }
    },
    {
      "id": 4,
      "idInBook": 4,
      "chapterId": 41,
      "bookId": 1,
      "arabic": "حَدَّثَنَا عَبْدُ اللَّهِ بْنُ يُوسُفَ، أَخْبَرَنَا مَالِكٌ، عَنْ يَزِيدَ بْنِ خُصَيْفَةَ، أَنَّ السَّائِبَ بْنَ يَزِيدَ، حَدَّثَهُ أَنَّهُ، سَمِعَ سُفْيَانَ بْنَ أَبِي زُهَيْرٍ ـ رَجُلاً مِنْ أَزْدِ شَنُوءَةَ ـ وَكَانَ مِنْ أَصْحَابِ النَّبِيِّ صلى الله عليه وسلم قَالَ سَمِعْتُ رَسُولَ اللَّهِ صلى الله عليه وسلم يَقُولُ ‏\n\"‏ مَنِ اقْتَنَى كَلْبًا لاَ يُغْنِي عَنْهُ زَرْعًا وَلاَ ضَرْعًا، نَقَصَ كُلَّ يَوْمٍ مِنْ عَمَلِهِ قِيرَاطٌ ‏\"‏‏.‏ قُلْتُ أَنْتَ سَمِعْتَ هَذَا مِنْ رَسُولِ اللَّهِ صلى الله عليه وسلم قَالَ إِي وَرَبِّ هَذَا الْمَسْجِدِ‏.‏",
      "english": {
        "narrator": "Narrated As-Sa'ib bin Yazid:",
        "text": "Abu Sufyan bin Abu Zuhair, a man from Azd Shanu'a and one of the companions of the Prophet (ﷺ) said, \n\"I heard Allah's Messenger (ﷺ) saying, 'If one keeps a dog which is meant for guarding neither a farm nor \ncattle, one Qirat of the reward of his good deeds is deducted daily.\" I said, \"Did you hear this from \nAllah's Messenger (ﷺ)?\" He said, \"Yes, by the Lord of this Mosque.\""
      },
      "turkish": {
        "narrator": "Narrated As-Sa'ib bin Yazid:",
        "text": "Es-Sa'ib bin Yazid'den rivayet edilmiştir: Ebu Süfyan bin Ebu Zuhair, Azd Şanu'a'dan bir adam ve Peygamber (ﷺ) arkadaşlarından biri şöyle dedi: \"Allah'ın Messenger'ı (ﷺ) şöyle derken duydum: 'Eğer bir köpek beslenirse ve bu köpek ne bir çiftliği ne de hayvanı korumak içinse, her gün bir Kıraat kadar sevaplarından eksilir.'\" Ben de dedim ki: \"Bunu Allah'ın Messenger'ı (ﷺ) dan mı duydun?\" O da: \"Evet, bu caminin Rabbi adına.\" dedi."
      }
    },
    {
      "id": 5,
      "idInBook": 5,
      "chapterId": 41,
      "bookId": 1,
      "arabic": "حَدَّثَنَا مُحَمَّدُ بْنُ بَشَّارٍ، حَدَّثَنَا غُنْدَرٌ، حَدَّثَنَا شُعْبَةُ، عَنْ سَعْدٍ، سَمِعْتُ أَبَا سَلَمَةَ، عَنْ أَبِي هُرَيْرَةَ ـ رضى الله عنه ـ عَنِ النَّبِيِّ صلى الله عليه وسلم قَالَ ‏\n\"‏ بَيْنَمَا رَجُلٌ رَاكِبٌ عَلَى بَقَرَةٍ الْتَفَتَتْ إِلَيْهِ‏.‏ فَقَالَتْ لَمْ أُخْلَقْ لِهَذَا، خُلِقْتُ لِلْحِرَاثَةِ، قَالَ آمَنْتُ بِهِ أَنَا وَأَبُو بَكْرٍ وَعُمَرُ، وَأَخَذَ الذِّئْبُ شَاةً فَتَبِعَهَا الرَّاعِي، فَقَالَ الذِّئْبُ مَنْ لَهَا يَوْمَ السَّبُعِ، يَوْمَ لاَ رَاعِيَ لَهَا غَيْرِي‏.‏ قَالَ آمَنْتُ بِهِ أَنَا وَأَبُو بَكْرٍ وَعُمَرُ ‏\"‏‏.‏ قَالَ أَبُو سَلَمَةَ مَا هُمَا يَوْمَئِذٍ فِي الْقَوْمِ‏.‏",
      "english": {
        "narrator": "Narrated Abu Huraira:",
        "text": "The Prophet (ﷺ) said, \"While a man was riding a cow, it turned towards him and said, 'I have not been \ncreated for this purpose (i.e. carrying), I have been created for ploughing.\" The Prophet (ﷺ) added, \"I, Abu \nBakr and `Umar believe in the story.\" The Prophet (ﷺ) went on, \"A wolf caught a sheep, and when the \nshepherd chased it, the wolf said, 'Who will be its guard on the day of wild beasts, when there will be \nno shepherd for it except me?' \"After narrating it, the Prophet (ﷺ) said, \"I, Abu Bakr and `Umar too \nbelieve it.\" Abu Salama (a sub-narrator) said, \"Abu Bakr and `Umar were not present then.\""
      },
      "turkish": {
        "narrator": "Narrated Abu Huraira:",
        "text": "Ebu Hureyre'den rivayet edilmiştir: Peygamber (ﷺ) şöyle dedi: \"Bir adam bir ineğin sırtında giderken, inek ona döndü ve şöyle dedi: 'Ben bu amaç için yaratılmadım (yani taşımak için), ben sürme için yaratıldım.'\" Peygamber (ﷺ) ekledi: \"Ben, Ebu Bekir ve Ömer bu hikayeye inanıyoruz.\" Peygamber (ﷺ) devam etti: \"Bir kurt bir koyunu yakaladı ve çoban onu kovalayınca, kurt şöyle dedi: 'Yaban hayvanları gününde onun koruyucusu kim olacak, onun için çoban yoksa sadece ben mi?' \"Bunu anlattıktan sonra Peygamber (ﷺ) şöyle dedi: \"Ben, Ebu Bekir ve Ömer de buna inanıyoruz.\" Ebu Salama (bir alt rivayetçi) dedi ki: \"O zaman Ebu Bekir ve Ömer orada yoktu.\""
      }
    },
    {
      "id": 6,
      "idInBook": 6,
      "chapterId": 41,
      "bookId": 1,
      "arabic": "حَدَّثَنَا الْحَكَمُ بْنُ نَافِعٍ، أَخْبَرَنَا شُعَيْبٌ، حَدَّثَنَا أَبُو الزِّنَادِ، عَنِ الأَعْرَجِ، عَنْ أَبِي هُرَيْرَةَ ـ رضى الله عنه ـ قَالَ قَالَتِ الأَنْصَارُ لِلنَّبِيِّ صلى الله عليه وسلم اقْسِمْ بَيْنَنَا وَبَيْنَ إِخْوَانِنَا النَّخِيلَ‏.‏ قَالَ ‏\n\"‏ لاَ ‏\"‏‏.‏ فَقَالُوا تَكْفُونَا الْمَئُونَةَ وَنُشْرِكُكُمْ فِي الثَّمَرَةِ‏.‏ قَالُوا سَمِعْنَا وَأَطَعْنَا‏.‏",
      "english": {
        "narrator": "Narrated Abu Huraira:",
        "text": "The Ansar said to the Prophet (ﷺ) \"Distribute the date palm trees between us and our emigrant brothers.\" \nHe replied, \"No.\" The Ansar said (to the emigrants), \"Look after the trees (water and watch them) and \nshare the fruits with us.\" The emigrants said, \"We listen and obey.\""
      },
      "turkish": {
        "narrator": "Narrated Abu Huraira:",
        "text": "Ebu Hureyre'den rivayet edilmiştir: Ensar, Peygamber (ﷺ) 'e \"Hurmalıkları bizimle ve göçmen kardeşlerimizle paylaş.\" dediler. O da: \"Hayır.\" dedi. Ensar (göçmenlere): \"Ağaçlara bakın (sulayıp koruyun) ve meyveleri bizimle paylaşın.\" dediler. Göçmenler: \"Dinliyoruz ve itaat ediyoruz.\" dediler."
      }
    },
    {
      "id": 7,
      "idInBook": 7,
      "chapterId": 41,
      "bookId": 1,
      "arabic": "حَدَّثَنَا مُوسَى بْنُ إِسْمَاعِيلَ، حَدَّثَنَا جُوَيْرِيَةُ، عَنْ نَافِعٍ، عَنْ عَبْدِ اللَّهِ ـ رضى الله عنه ـ عَنِ النَّبِيِّ صلى الله عليه وسلم أَنَّهُ حَرَّقَ نَخْلَ بَنِي النَّضِيرِ وَقَطَعَ، وَهْىَ الْبُوَيْرَةُ، وَلَهَا يَقُولُ حَسَّانُ وَهَانَ عَلَى سَرَاةِ بَنِي لُؤَىٍّ حَرِيقٌ بِالْبُوَيْرَةِ مُسْتَطِيرٌ‏.‏",
      "english": {
        "narrator": "Narrated `Abdullah:",
        "text": "The Prophet (ﷺ) got the date palm trees of the tribe of Bani-An-Nadir burnt and the trees cut down at a \nplace called Al-Buwaira . Hassan bin Thabit said in a poetic verse: \"The chiefs of Bani Lu'ai found it \neasy to watch fire spreading at Al-Buwaira.\""
      },
      "turkish": {
        "narrator": "Narrated `Abdullah:",
        "text": "Abdullah'tan rivayet edilmiştir: Peygamber (ﷺ) Beni Nadir kabilesinin hurma ağaçlarını yaktırdı ve Al-Buwaira adlı bir yerde ağaçları kesti. Hassan bin Sabit bir şiir dizesinde şöyle dedi: \"Beni Lu'ai'nin liderleri, Al-Buwaira'da ateşin yayıldığını izlemeyi kolay buldular.\""
      }
    },
    {
      "id": 8,
      "idInBook": 8,
      "chapterId": 41,
      "bookId": 1,
      "arabic": "حَدَّثَنَا مُحَمَّدٌ، أَخْبَرَنَا عَبْدُ اللَّهِ، أَخْبَرَنَا يَحْيَى بْنُ سَعِيدٍ، عَنْ حَنْظَلَةَ بْنِ قَيْسٍ الأَنْصَارِيِّ، سَمِعَ رَافِعَ بْنَ خَدِيجٍ، قَالَ كُنَّا أَكْثَرَ أَهْلِ الْمَدِينَةِ مُزْدَرَعًا، كُنَّا نُكْرِي الأَرْضَ بِالنَّاحِيَةِ مِنْهَا مُسَمًّى لِسَيِّدِ الأَرْضِ، قَالَ فَمِمَّا يُصَابُ ذَلِكَ وَتَسْلَمُ الأَرْضُ، وَمِمَّا يُصَابُ الأَرْضُ وَيَسْلَمُ ذَلِكَ، فَنُهِينَا، وَأَمَّا الذَّهَبُ وَالْوَرِقُ فَلَمْ يَكُنْ يَوْمَئِذٍ‏.‏",
      "english": {
        "narrator": "Narrated Rafi` bin Khadij:",
        "text": "We worked on farms more than anybody else in Medina. We used to rent the land at the yield of \nspecific delimited portion of it to be given to the landlord. Sometimes the vegetation of that portion \nwas affected by blights etc., while the rest remained safe and vice versa, so the Prophet (ﷺ) forbade this \npractice. At that time gold or silver were not used (for renting the land). If they provided the seeds, \nthey would get so-and-so much."
      },
      "turkish": {
        "narrator": "Narrated Rafi` bin Khadij:",
        "text": "Rafi' bin Khadij'den rivayet edilmiştir: Biz Medine'de herhangi birinden daha fazla tarlalarda çalıştık. Toprağı, belirli bir kısmının ürününün mülk sahibine verilmesi şartıyla kiralardık. Bazen o kısmın bitkileri hastalıklardan etkilenirken, diğer kısmı güvende kalırdı ve tam tersi de olabilirdi, bu yüzden Peygamber (ﷺ) bu uygulamayı yasakladı. O zaman altın veya gümüş (toprağı kiralamak için) kullanılmıyordu. Eğer tohumları sağlıyorlarsa, o kadar alırlardı."
      }
    },
    {
      "id": 9,
      "idInBook": 9,
      "chapterId": 41,
      "bookId": 1,
      "arabic": "حَدَّثَنَا إِبْرَاهِيمُ بْنُ الْمُنْذِرِ، حَدَّثَنَا أَنَسُ بْنُ عِيَاضٍ، عَنْ عُبَيْدِ اللَّهِ، عَنْ نَافِعٍ، أَنَّ عَبْدَ اللَّهِ بْنَ عُمَرَ ـ رضى الله عنهما ـ أَخْبَرَهُ أَنَّ النَّبِيَّ صلى الله عليه وسلم عَامَلَ خَيْبَرَ بِشَطْرِ مَا يَخْرُجُ مِنْهَا مِنْ ثَمَرٍ أَوْ زَرْعٍ، فَكَانَ يُعْطِي أَزْوَاجَهُ مِائَةَ وَسْقٍ ثَمَانُونَ وَسْقَ تَمْرٍ وَعِشْرُونَ وَسْقَ شَعِيرٍ، فَقَسَمَ عُمَرُ خَيْبَرَ، فَخَيَّرَ أَزْوَاجَ النَّبِيِّ صلى الله عليه وسلم أَنْ يُقْطِعَ لَهُنَّ مِنَ الْمَاءِ وَالأَرْضِ، أَوْ يُمْضِيَ لَهُنَّ، فَمِنْهُنَّ مَنِ اخْتَارَ الأَرْضَ وَمِنْهُنَّ مَنِ اخْتَارَ الْوَسْقَ، وَكَانَتْ عَائِشَةُ اخْتَارَتِ الأَرْضَ‏.‏",
      "english": {
        "narrator": "Narrated `Abdullah bin `Umar:",
        "text": "The Prophet (ﷺ) concluded a contract with the people of Khaibar to utilize the land on the condition that \nhalf the products of fruits or vegetation would be their share. The Prophet (ﷺ) used to give his wives one \nhundred Wasqs each, eighty Wasqs of dates and twenty Wasqs of barley. (When `Umar became the \nCaliph) he gave the wives of the Prophet (ﷺ) the option of either having the land and water as their shares, \nor carrying on the previous practice. Some of them chose the land and some chose the Wasqs, and \n`Aisha chose the land."
      },
      "turkish": {
        "narrator": "Narrated `Abdullah bin `Umar:",
        "text": "Abdullah bin Ömer'den rivayet edilmiştir: Peygamber (ﷺ) Khaibar halkıyla, meyve veya bitki ürünlerinin yarısının onların payı olacağı şartıyla bir sözleşme yaptı. Peygamber (ﷺ) eşlerine her birine yüz Wasq, seksen Wasq hurma ve yirmi Wasq arpa verirdi. (Ömer halife olduğunda) Peygamber (ﷺ) 'in eşlerine ya arazi ve suyu payları olarak alma ya da önceki uygulamayı sürdürme seçeneği sundu. Bazıları araziyi, bazıları ise Wasq'ları seçti ve Aişe araziyi seçti."
      }
    },
    {
      "id": 10,
      "idInBook": 10,
      "chapterId": 41,
      "bookId": 1,
      "arabic": "حَدَّثَنَا مُسَدَّدٌ، حَدَّثَنَا يَحْيَى بْنُ سَعِيدٍ، عَنْ عُبَيْدِ اللَّهِ، حَدَّثَنِي نَافِعٌ، عَنِ ابْنِ عُمَرَ ـ رضى الله عنهما ـ قَالَ عَامَلَ النَّبِيُّ صلى الله عليه وسلم خَيْبَرَ بِشَطْرِ مَا يَخْرُجُ مِنْهَا مِنْ ثَمَرٍ أَوْ زَرْعٍ‏.‏",
      "english": {
        "narrator": "Narrated Ibn `Umar:",
        "text": "The Prophet (ﷺ) made a deal with the people of Khaibar that they would have half the fruits and \nvegetation of the land they cultivated."
      },
      "turkish": {
        "narrator": "Narrated Ibn `Umar:",
        "text": "İbn Ömer'den rivayet edilmiştir: Peygamber (ﷺ) Khaibar halkıyla, ekip biçtikleri arazinin meyve ve bitkilerinin yarısını alacakları konusunda bir anlaşma yaptı."
      }
    },
    {
      "id": 11,
      "idInBook": 11,
      "chapterId": 41,
      "bookId": 1,
      "arabic": "حَدَّثَنَا عَلِيُّ بْنُ عَبْدِ اللَّهِ، حَدَّثَنَا سُفْيَانُ، قَالَ عَمْرٌو قُلْتُ لِطَاوُسٍ لَوْ تَرَكْتَ الْمُخَابَرَةَ فَإِنَّهُمْ يَزْعُمُونَ أَنَّ النَّبِيَّ صلى الله عليه وسلم نَهَى عَنْهُ‏.‏ قَالَ أَىْ عَمْرُو، إِنِّي أُعْطِيهِمْ وَأُغْنِيهِمْ، وَإِنَّ أَعْلَمَهُمْ أَخْبَرَنِي ـ يَعْنِي ابْنَ عَبَّاسٍ ـ رضى الله عنهما ـ أَنَّ النَّبِيَّ صلى الله عليه وسلم لَمْ يَنْهَ عَنْهُ، وَلَكِنْ قَالَ ‏\n\"‏ أَنْ يَمْنَحَ أَحَدُكُمْ أَخَاهُ خَيْرٌ لَهُ مِنْ أَنْ يَأْخُذَ عَلَيْهِ خَرْجًا مَعْلُومًا ‏\"‏‏.‏",
      "english": {
        "narrator": "Narrated `Amr:",
        "text": "I said to Tawus, \"I wish you would give up Mukhabara (Sharecropping), for the people say that the \nProphet forbade it.\" On that Tawus replied, \"O `Amr! I give the land to sharecroppers and help them. \nNo doubt; the most learned man, namely Ibn `Abbas told me that the Prophet (ﷺ) had not forbidden it but \nsaid, 'It is more beneficial for one to give his land free to one's brother than to charge him a fixed \nrental.\""
      },
      "turkish": {
        "narrator": "Narrated `Amr:",
        "text": "Amr'dan rivayet edilmiştir: Ben Tawus'a dedim ki: \"Keşke Mukhabara'dan (paylaşımcılık) vazgeçsen, çünkü insanlar Peygamber'in bunu yasakladığını söylüyor.\" Bunun üzerine Tawus şöyle cevap verdi: \"Ey Amr! Ben araziyi paylaşımcılara veriyorum ve onlara yardım ediyorum. Şüphesiz ki, en bilgili kişi olan İbn Abbas bana, Peygamber'in (ﷺ) bunu yasaklamadığını, ancak 'Birinin arazisini kardeşine bedava vermesi, sabit bir kira talep etmesinden daha faydalıdır.' dediğini söyledi.\""
      }
    },
    {
      "id": 12,
      "idInBook": 12,
      "chapterId": 41,
      "bookId": 1,
      "arabic": "حَدَّثَنَا ابْنُ مُقَاتِلٍ، أَخْبَرَنَا عَبْدُ اللَّهِ، أَخْبَرَنَا عُبَيْدُ اللَّهِ، عَنْ نَافِعٍ، عَنِ ابْنِ عُمَرَ ـ رضى الله عنهما ـ أَنَّ رَسُولَ اللَّهِ صلى الله عليه وسلم أَعْطَى خَيْبَرَ الْيَهُودَ عَلَى أَنْ يَعْمَلُوهَا وَيَزْرَعُوهَا، وَلَهُمْ شَطْرُ مَا خَرَجَ مِنْهَا‏.‏",
      "english": {
        "narrator": "Narrated Ibn `Umar:",
        "text": "Allah's Messenger (ﷺ) gave the land of Khaibar to the Jew's on the condition that they work on it and \ncultivate it, and be given half of its yield."
      },
      "turkish": {
        "narrator": "Narrated Ibn `Umar:",
        "text": "İbn Ömer'den rivayet edilmiştir: Allah'ın Messenger'ı (ﷺ) Khaibar arazisini Yahudilere, çalışmaları ve ekip biçmeleri şartıyla verdi ve ürünlerinin yarısını alacaklardı."
      }
    },
    {
      "id": 13,
      "idInBook": 13,
      "chapterId": 41,
      "bookId": 1,
      "arabic": "حَدَّثَنَا صَدَقَةُ بْنُ الْفَضْلِ، أَخْبَرَنَا ابْنُ عُيَيْنَةَ، عَنْ يَحْيَى، سَمِعَ حَنْظَلَةَ الزُّرَقِيَّ، عَنْ رَافِعٍ ـ رضى الله عنه ـ قَالَ كُنَّا أَكْثَرَ أَهْلِ الْمَدِينَةِ حَقْلاً، وَكَانَ أَحَدُنَا يُكْرِي أَرْضَهُ، فَيَقُولُ هَذِهِ الْقِطْعَةُ لِي وَهَذِهِ لَكَ، فَرُبَّمَا أَخْرَجَتْ ذِهِ وَلَمْ تُخْرِجْ ذِهِ، فَنَهَاهُمُ النَّبِيُّ صلى الله عليه وسلم‏.‏",
      "english": {
        "narrator": "Narrated Rafi`:",
        "text": "We worked on farms more than anybody else in Medina. We used to rent the land and say to the \nowner, \"The yield of this portion is for us and the yield of that portion is for you (as the rent).\" One of \nthose portions might yield something and the other might not. So, the Prophet (ﷺ) forbade us to do so."
      },
      "turkish": {
        "narrator": "Narrated Rafi`:",
        "text": "Rafi' den rivayet edilmiştir: Biz Medine'de herhangi birinden daha fazla tarlalarda çalıştık. Toprağı kiralardık ve sahibine: \"Bu kısmın ürünü bizim, o kısmın ürünü senin (kira olarak).\" derdik. O kısımlardan biri bir şey verebilir, diğeri veremeyebilirdi. Bu yüzden Peygamber (ﷺ) bunu yapmamızı yasakladı."
      }
    },
    {
      "id": 14,
      "idInBook": 14,
      "chapterId": 41,
      "bookId": 1,
      "arabic": "حَدَّثَنَا إِبْرَاهِيمُ بْنُ الْمُنْذِرِ، حَدَّثَنَا أَبُو ضَمْرَةَ، حَدَّثَنَا مُوسَى بْنُ عُقْبَةَ، عَنْ نَافِعٍ، عَنْ عَبْدِ اللَّهِ بْنِ عُمَرَ ـ رضى الله عنهما ـ عَنِ النَّبِيِّ صلى الله عليه وسلم قَالَ ‏\n\"‏ بَيْنَمَا ثَلاَثَةُ نَفَرٍ يَمْشُونَ أَخَذَهُمُ الْمَطَرُ، فَأَوَوْا إِلَى غَارٍ فِي جَبَلٍ، فَانْحَطَّتْ عَلَى فَمِ غَارِهِمْ صَخْرَةٌ مِنَ الْجَبَلِ فَانْطَبَقَتْ عَلَيْهِمْ، فَقَالَ بَعْضُهُمْ لِبَعْضٍ انْظُرُوا أَعْمَالاً عَمِلْتُمُوهَا صَالِحَةً لِلَّهِ فَادْعُوا اللَّهَ بِهَا لَعَلَّهُ يُفَرِّجُهَا عَنْكُمْ‏.‏ قَالَ أَحَدُهُمُ اللَّهُمَّ إِنَّهُ كَانَ لِي وَالِدَانِ شَيْخَانِ كَبِيرَانِ، وَلِي صِبْيَةٌ صِغَارٌ كُنْتُ أَرْعَى عَلَيْهِمْ، فَإِذَا رُحْتُ عَلَيْهِمْ حَلَبْتُ، فَبَدَأْتُ بِوَالِدَىَّ أَسْقِيهِمَا قَبْلَ بَنِيَّ، وَإِنِّي اسْتَأْخَرْتُ ذَاتَ يَوْمٍ فَلَمْ آتِ حَتَّى أَمْسَيْتُ، فَوَجَدْتُهُمَا نَامَا، فَحَلَبْتُ كَمَا كُنْتُ أَحْلُبُ، فَقُمْتُ عِنْدَ رُءُوسِهِمَا، أَكْرَهُ أَنْ أُوقِظَهُمَا، وَأَكْرَهُ أَنْ أَسْقِيَ الصِّبْيَةَ، وَالصِّبْيَةُ يَتَضَاغَوْنَ عِنْدَ قَدَمَىَّ، حَتَّى طَلَعَ الْفَجْرُ، فَإِنْ كُنْتَ تَعْلَمُ أَنِّي فَعَلْتُهُ ابْتِغَاءَ وَجْهِكَ فَافْرُجْ لَنَا فَرْجَةً نَرَى مِنْهَا السَّمَاءَ‏.‏ فَفَرَجَ اللَّهُ فَرَأَوُا السَّمَاءَ‏.‏ وَقَالَ الآخَرُ اللَّهُمَّ إِنَّهَا كَانَتْ لِي بِنْتُ عَمٍّ أَحْبَبْتُهَا كَأَشَدِّ مَا يُحِبُّ الرِّجَالُ النِّسَاءَ، فَطَلَبْتُ مِنْهَا فَأَبَتْ حَتَّى أَتَيْتُهَا بِمِائَةِ دِينَارٍ، فَبَغَيْتُ حَتَّى جَمَعْتُهَا، فَلَمَّا وَقَعْتُ بَيْنَ رِجْلَيْهَا قَالَتْ يَا عَبْدَ اللَّهِ اتَّقِ اللَّهَ، وَلاَ تَفْتَحِ الْخَاتَمَ إِلاَّ بِحَقِّهِ، فَقُمْتُ، فَإِنْ كُنْتَ تَعْلَمُ أَنِّي فَعَلْتُهُ ابْتِغَاءَ وَجْهِكَ فَافْرُجْ عَنَّا فَرْجَةً‏.‏ فَفَرَجَ‏.‏ وَقَالَ الثَّالِثُ اللَّهُمَّ إِنِّي اسْتَأْجَرْتُ أَجِيرًا بِفَرَقِ أَرُزٍّ، فَلَمَّا قَضَى عَمَلَهُ قَالَ أَعْطِنِي حَقِّي‏.‏ فَعَرَضْتُ عَلَيْهِ، فَرَغِبَ عَنْهُ، فَلَمْ أَزَلْ أَزْرَعُهُ حَتَّى جَمَعْتُ مِنْهُ بَقَرًا وَرَاعِيهَا فَجَاءَنِي فَقَالَ اتَّقِ اللَّهَ‏.‏ فَقُلْتُ اذْهَبْ إِلَى ذَلِكَ الْبَقَرِ وَرُعَاتِهَا فَخُذْ‏.‏ فَقَالَ اتَّقِ اللَّهَ وَلاَ تَسْتَهْزِئْ بِي‏.‏ فَقُلْتُ إِنِّي لاَ أَسْتَهْزِئُ بِكَ فَخُذْ‏.‏ فَأَخَذَهُ، فَإِنْ كُنْتَ تَعْلَمُ أَنِّي فَعَلْتُ ذَلِكَ ابْتِغَاءَ وَجْهِكَ فَافْرُجْ مَا بَقِيَ، فَفَرَجَ اللَّهُ ‏\"‏‏.‏ قَالَ أَبُو عَبْدِ اللَّهِ وَقَالَ ابْنُ عُقْبَةَ عَنْ نَافِعٍ فَسَعَيْتُ‏.‏",
      "english": {
        "narrator": "Narrated `Abdullah bin `Umar:",
        "text": "The Prophet (ﷺ) said, \"While three men were walking, It started raining and they took shelter (refuge) in a \ncave in a mountain. A big rock rolled down from the mountain and closed the mouth of the cave. They \nsaid to each other, \"Think of good deeds which you did for Allah's sake only, and invoke Allah by \ngiving reference to those deeds so that He may remove this rock from you.\" \nOne of them said, 'O Allah! I had old parents and small children and I used to graze the sheep for \nthem. On my return to them in the evening, I used to milk (the sheep) and start providing my parents \nfirst of all before my children. One day I was delayed and came late at night and found my parents \nsleeping. I milked (the sheep) as usual and stood by their heads. I hated to wake them up and disliked \nto give milk to my children before them, although my children were weeping (because of hunger) at \nmy feet till the day dawned. O Allah! If I did this for Your sake only, kindly remove the rock so that \nwe could see the sky through it.' So, Allah removed the rock a little and they saw the sky. \nThe second man said, 'O Allah! I was in love with a cousin of mine like the deepest love a man may \nhave for a woman. I wanted to outrage her chastity but she refused unless I gave her one hundred \nDinars. So, I struggled to collect that amount. And when I sat between her legs, she said, 'O Allah's \nslave! Be afraid of Allah and do not deflower me except rightfully (by marriage).' So, I got up. O \nAllah! If I did it for Your sake only, please remove the rock.' The rock shifted a little more. \nThen the third man said, 'O Allah! I employed a laborer for a Faraq of rice and when he finished his \njob and demanded his right, I presented it to him, but he refused to take it. So, I sowed the rice many \ntime till I gathered cows and their shepherd (from the yield). (Then after some time) He came and said \nto me, 'Fear Allah (and give me my right).\" I said, 'Go and take those cows and the shepherd.' He said, \n'Be afraid of Allah! Don't mock at me.' I said, 'I am not mocking at you. Take (all that).' So, he took all \nthat. O Allah! If I did that for Your sake only, please remove the rest of the rock.' So, Allah removed \nthe rock.\""
      },
      "turkish": {
        "narrator": "Narrated `Abdullah bin `Umar:",
        "text": "Abdullah bin Ömer'den rivayet edilmiştir: Peygamber (ﷺ) şöyle dedi: \"Üç adam yürüyordu, yağmur yağmaya başladı ve bir dağdaki bir mağaraya sığındılar. Büyük bir taş dağdan yuvarlandı ve mağaranın ağzını kapadı. Birbirlerine dediler ki: 'Sadece Allah rızası için yaptığınız iyi işleri düşünün ve bu işlerinizle Allah'a dua edin ki, bu taşı sizden kaldırsın.' Birisi dedi ki: 'Ey Allah'ım! Yaşlı ebeveynlerim ve küçük çocuklarım vardı ve ben onlara koyun otlatıyordum. Akşam onlara döndüğümde, koyunları sağar ve önce ebeveynlerime, sonra çocuklarıma süt verirdim. Bir gün gecikmişim ve gece geç saatte geldim ve ebeveynlerimin uyuduğunu buldum. Koyunları her zamanki gibi sağdım ve başlarının yanında durdum. Onları uyandırmak istemedim ve çocuklarıma süt vermekten hoşlanmadım, oysa çocuklarım ayaklarımın dibinde açlıktan ağlıyorlardı, güneş doğana kadar. Ey Allah'ım! Eğer bunu sadece senin rızan için yaptıysam, lütfen taşı kaldır ki gökyüzünü görebilelim.' Böylece Allah taşı biraz kaldırdı ve gökyüzünü gördüler. İkinci adam dedi ki: 'Ey Allah'ım! Bir kuzenime derin bir aşkla bağlıydım. Onun iffetini bozmak istedim ama o, bana yüz Dinar vermediğim sürece kabul etmedi. O miktarı toplamak için çabaladım. Ve onun bacakları arasında oturduğumda, 'Ey Allah'ın kulu! Allah'tan kork ve beni ancak haklı olarak (evlilikle) deflore etme.' dedi. Ben de kalktım. Ey Allah'ım! Eğer bunu sadece senin rızan için yaptıysam, lütfen taşı kaldır.' Taş biraz daha kaydı. Sonra üçüncü adam dedi ki: 'Ey Allah'ım! Ben bir işçiyi bir Faraq pirinç için işe aldım ve işini bitirdiğinde hakkını talep etti, ona sundum ama o kabul etmedi. Bu yüzden pirinci birçok kez ektim ta ki inekler ve çobanlar elde edene kadar. (Bir süre sonra) geldi ve bana dedi ki: 'Allah'tan kork (ve hakkımı ver).' Ben de: 'Git ve o inekleri ve çobanı al.' dedim. O da: 'Allah'tan kork! Beni alay etme.' dedi. Ben de: 'Sana alay etmiyorum. Hepsini al.' dedim. Böylece hepsini aldı. Ey Allah'ım! Eğer bunu sadece senin rızan için yaptıysam, lütfen taşın geri kalanını kaldır.' Böylece Allah taşı kaldırdı.\""
      }
    },
    {
      "id": 15,
      "idInBook": 15,
      "chapterId": 41,
      "bookId": 1,
      "arabic": "حَدَّثَنَا صَدَقَةُ، أَخْبَرَنَا عَبْدُ الرَّحْمَنِ، عَنْ مَالِكٍ، عَنْ زَيْدِ بْنِ أَسْلَمَ، عَنْ أَبِيهِ، قَالَ قَالَ عُمَرُ ـ رضى الله عنه ـ لَوْلاَ آخِرُ الْمُسْلِمِينَ مَا فَتَحْتُ قَرْيَةً إِلاَّ قَسَمْتُهَا بَيْنَ أَهْلِهَا كَمَا قَسَمَ النَّبِيُّ صلى الله عليه وسلم خَيْبَرَ‏.‏",
      "english": {
        "narrator": "Narrated Zaid bin Aslam from his father:",
        "text": "`Umar said, \"But for the future Muslim generations, I would have distributed the land of the villages I \nconquer among the soldiers as the Prophet (ﷺ) distributed the land of Khaibar.\""
      },
      "turkish": {
        "narrator": "Narrated Zaid bin Aslam from his father:",
        "text": "Zaid bin Aslam'dan babasından rivayet edilmiştir: Ömer dedi ki: \"Gelecek Müslüman nesiller için olmasaydı, Peygamber (ﷺ) Khaibar arazisini nasıl askerler arasında dağıttıysa, ben de fethettiğim köylerin arazilerini askerler arasında dağıtırdım.\""
      }
    },
    {
      "id": 16,
      "idInBook": 16,
      "chapterId": 41,
      "bookId": 1,
      "arabic": "حَدَّثَنَا يَحْيَى بْنُ بُكَيْرٍ، حَدَّثَنَا اللَّيْثُ، عَنْ عُبَيْدِ اللَّهِ بْنِ أَبِي جَعْفَرٍ، عَنْ مُحَمَّدِ بْنِ عَبْدِ الرَّحْمَنِ، عَنْ عُرْوَةَ، عَنْ عَائِشَةَ ـ رضى الله عنها ـ عَنِ النَّبِيِّ صلى الله عليه وسلم قَالَ ‏\n\"‏ مَنْ أَعْمَرَ أَرْضًا لَيْسَتْ لأَحَدٍ فَهْوَ أَحَقُّ ‏\"‏‏.‏ قَالَ عُرْوَةُ قَضَى بِهِ عُمَرُ ـ رضى الله عنه ـ فِي خِلاَفَتِهِ‏.‏",
      "english": {
        "narrator": "Narrated `Aisha:",
        "text": "The Prophet (ﷺ) said, \"He who cultivates land that does not belong to anybody is more rightful (to own \nit).\" `Urwa said, \"`Umar gave the same verdict in his Caliphate.\""
      },
      "turkish": {
        "narrator": "Narrated `Aisha:",
        "text": "Aişe'den rivayet edilmiştir: Peygamber (ﷺ) şöyle söyledi: \"Kimseye ait olmayan toprağı işleyen, onu elde etme konusunda daha hak sahibidir.\" `Urve dedi ki, \"`Umar, halifeliği sırasında aynı hükmü verdi.\""
      }
    },
    {
      "id": 17,
      "idInBook": 17,
      "chapterId": 41,
      "bookId": 1,
      "arabic": "حَدَّثَنَا قُتَيْبَةُ، حَدَّثَنَا إِسْمَاعِيلُ بْنُ جَعْفَرٍ، عَنْ مُوسَى بْنِ عُقْبَةَ، عَنْ سَالِمِ بْنِ عَبْدِ اللَّهِ بْنِ عُمَرَ، عَنْ أَبِيهِ ـ رضى الله عنه ـ أَنَّ النَّبِيَّ صلى الله عليه وسلم أُرِيَ وَهْوَ فِي مُعَرَّسِهِ مِنْ ذِي الْحُلَيْفَةِ فِي بَطْنِ الْوَادِي، فَقِيلَ لَهُ إِنَّكَ بِبَطْحَاءَ مُبَارَكَةٍ‏.‏ فَقَالَ مُوسَى وَقَدْ أَنَاخَ بِنَا سَالِمٌ بِالْمُنَاخِ الَّذِي كَانَ عَبْدُ اللَّهِ يُنِيخُ بِهِ، يَتَحَرَّى مُعَرَّسَ رَسُولِ اللَّهِ صلى الله عليه وسلم وَهْوَ أَسْفَلُ مِنَ الْمَسْجِدِ الَّذِي بِبَطْنِ الْوَادِي، بَيْنَهُ وَبَيْنَ الطَّرِيقِ وَسَطٌ مِنْ ذَلِكَ‏.‏",
      "english": {
        "narrator": "Narrated `Abdullah bin `Umar:",
        "text": "While the Prophet (ﷺ) was passing the night at his place of rest in Dhul-Hulaifa in the bottom of the valley \n(of Aqiq), he saw a dream and it was said to him, \"You are in a blessed valley.\" Musa said, \"Salim let \nour camels kneel at the place where `Abdullah used to make his camel kneel, seeking the place where \nAllah's Messenger (ﷺ) used to take a rest, which is situated below the mosque which is in the bottom of the \nvalley; it is midway between the mosque and the road.\""
      },
      "turkish": {
        "narrator": "Narrated `Abdullah bin `Umar:",
        "text": "Abdullah bin `Umar'dan rivayet edilmiştir: Peygamber (ﷺ) Aqiq vadisinin dibindeki dinlenme yerinde geceyi geçirirken bir rüya gördü ve ona, \"Sen bereketli bir vadidesin.\" denildi. Musa dedi ki, \"Salim, develerimizi Abdullah'ın devesini diz çöktürdüğü yere diz çöktür.\" Allah'ın Elçisi (ﷺ) dinlenmek için gittiği yeri arıyordu, bu yer caminin altında, vadi dibinde; cami ile yol arasında bir yer.\""
      }
    },
    {
      "id": 18,
      "idInBook": 18,
      "chapterId": 41,
      "bookId": 1,
      "arabic": "حَدَّثَنَا إِسْحَاقُ بْنُ إِبْرَاهِيمَ، أَخْبَرَنَا شُعَيْبُ بْنُ إِسْحَاقَ، عَنِ الأَوْزَاعِيِّ، قَالَ حَدَّثَنِي يَحْيَى، عَنْ عِكْرِمَةَ، عَنِ ابْنِ عَبَّاسٍ، عَنْ عُمَرَ ـ رضى الله عنه ـ عَنِ النَّبِيِّ صلى الله عليه وسلم قَالَ ‏\n\"‏ اللَّيْلَةَ أَتَانِي آتٍ مِنْ رَبِّي وَهْوَ بِالْعَقِيقِ أَنْ صَلِّ فِي هَذَا الْوَادِي الْمُبَارَكِ وَقُلْ عُمْرَةٌ فِي حَجَّةٍ ‏\"‏‏.‏",
      "english": {
        "narrator": "Narrated `Umar:",
        "text": "While the Prophet (ﷺ) was in Al-`Aqiq he said, \"Someone (meaning Gabriel) came to me from my Lord \ntonight (in my dream) and said, 'Offer the prayer in this blessed valley and say (I intend to perform) \n`Umra along with Hajj (together).' \""
      },
      "turkish": {
        "narrator": "Narrated `Umar:",
        "text": "`Umar'dan rivayet edilmiştir: Peygamber (ﷺ) Aqiq'teyken şöyle dedi: \"Bu gece (rüyamda) Rabbimden bana birisi (Cebrail anlamında) geldi ve 'Bu bereketli vadide namaz kıl ve (Umre ile Hac'ı birlikte yapmayı) niyet et.' dedi.\""
      }
    },
    {
      "id": 19,
      "idInBook": 19,
      "chapterId": 41,
      "bookId": 1,
      "arabic": "حَدَّثَنَا أَحْمَدُ بْنُ الْمِقْدَامِ، حَدَّثَنَا فُضَيْلُ بْنُ سُلَيْمَانَ، حَدَّثَنَا مُوسَى، أَخْبَرَنَا نَافِعٌ، عَنِ ابْنِ عُمَرَ ـ رضى الله عنهما ـ قَالَ كَانَ رَسُولُ اللَّهِ صلى الله عليه وسلم‏.‏ وَقَالَ عَبْدُ الرَّزَّاقِ أَخْبَرَنَا ابْنُ جُرَيْجٍ قَالَ حَدَّثَنِي مُوسَى بْنُ عُقْبَةَ عَنْ نَافِعٍ عَنِ ابْنِ عُمَرَ أَنَّ عُمَرَ بْنَ الْخَطَّابِ ـ رضى الله عنهما ـ أَجْلَى الْيَهُودَ وَالنَّصَارَى مِنْ أَرْضِ الْحِجَازِ، وَكَانَ رَسُولُ اللَّهِ صلى الله عليه وسلم لَمَّا ظَهَرَ عَلَى خَيْبَرَ أَرَادَ إِخْرَاجَ الْيَهُودِ مِنْهَا، وَكَانَتِ الأَرْضُ حِينَ ظَهَرَ عَلَيْهَا لِلَّهِ وَلِرَسُولِهِ صلى الله عليه وسلم وَلِلْمُسْلِمِينَ، وَأَرَادَ إِخْرَاجَ الْيَهُودِ، مِنْهَا فَسَأَلَتِ الْيَهُودُ رَسُولَ اللَّهِ صلى الله عليه وسلم لِيُقِرَّهُمْ بِهَا أَنْ يَكْفُوا عَمَلَهَا وَلَهُمْ نِصْفُ الثَّمَرِ، فَقَالَ لَهُمْ رَسُولُ اللَّهِ صلى الله عليه وسلم ‏\n\"‏ نُقِرُّكُمْ بِهَا عَلَى ذَلِكَ مَا شِئْنَا ‏\"‏‏.‏ فَقَرُّوا بِهَا حَتَّى أَجْلاَهُمْ عُمَرُ إِلَى تَيْمَاءَ وَأَرِيحَاءَ‏.‏",
      "english": {
        "narrator": "Narrated Ibn `Umar:",
        "text": "`Umar expelled the Jews and the Christians from Hijaz. When Allah's Messenger (ﷺ) had conquered \nKhaibar, he wanted to expel the Jews from it as its land became the property of Allah, His Apostle, \nand the Muslims. Allah's Messenger (ﷺ) intended to expel the Jews but they requested him to let them stay \nthere on the condition that they would do the labor and get half of the fruits. Allah's Messenger (ﷺ) told them, \n\"We will let you stay on thus condition, as long as we wish.\" So, they (i.e. Jews) kept on living there \nuntil `Umar forced them to go towards Taima' and Ariha'."
      },
      "turkish": {
        "narrator": "Narrated Ibn `Umar:",
        "text": "İbn `Umar'dan rivayet edilmiştir: `Umar, Yahudileri ve Hristiyanları Hicaz'dan çıkardı. Allah'ın Elçisi (ﷺ) Hayber'i fethettiğinde, oradaki Yahudileri çıkarmak istedi çünkü oranın toprağı Allah'a, Elçisine ve Müslümanlara ait olmuştu. Allah'ın Elçisi (ﷺ) Yahudileri çıkarmayı düşündü ama onlar, orada kalmaları için kendisine, iş gücü sağlayacakları ve meyvelerin yarısını alacakları şartıyla izin vermesini istediler. Allah'ın Elçisi (ﷺ) onlara, \"Bu şartla kalmanıza izin vereceğiz, istediğimiz sürece.\" dedi. Böylece, (Yahudiler) orada yaşamaya devam ettiler ta ki `Umar onları Taima' ve Ariha'ya gitmeye zorlayana kadar.\""
      }
    },
    {
      "id": 20,
      "idInBook": 20,
      "chapterId": 41,
      "bookId": 1,
      "arabic": "حَدَّثَنَا مُحَمَّدُ بْنُ مُقَاتِلٍ، أَخْبَرَنَا عَبْدُ اللَّهِ، أَخْبَرَنَا الأَوْزَاعِيُّ، عَنْ أَبِي النَّجَاشِيِّ، مَوْلَى رَافِعِ بْنِ خَدِيجٍ سَمِعْتُ رَافِعَ بْنَ خَدِيجِ بْنِ رَافِعٍ، عَنْ عَمِّهِ، ظُهَيْرِ بْنِ رَافِعٍ قَالَ ظُهَيْرٌ لَقَدْ نَهَانَا رَسُولُ اللَّهِ صلى الله عليه وسلم عَنْ أَمْرٍ كَانَ بِنَا رَافِقًا‏.‏ قُلْتُ مَا قَالَ رَسُولُ اللَّهِ صلى الله عليه وسلم فَهْوَ حَقٌّ‏.‏ قَالَ دَعَانِي رَسُولُ اللَّهِ صلى الله عليه وسلم قَالَ ‏\"‏ مَا تَصْنَعُونَ بِمَحَاقِلِكُمْ ‏\"‏‏.‏ قُلْتُ نُؤَاجِرُهَا عَلَى الرُّبُعِ وَعَلَى الأَوْسُقِ مِنَ التَّمْرِ وَالشَّعِيرِ‏.‏ قَالَ ‏\"‏ لا تَفْعَلُوا ازْرَعُوهَا أَوْ أَزْرِعُوهَا أَوْ أَمْسِكُوهَا ‏\"‏‏.‏ قَالَ رَافِعٌ قُلْتُ سَمْعًا وَطَاعَةً‏.‏",
      "english": {
        "narrator": "Narrated Rafi` bin Khadij:",
        "text": "My uncle Zuhair said, \"Allah's Messenger (ﷺ) forbade us to do a thing which was a source of help to us.\" I \nsaid, \"Whatever Allah's Messenger (ﷺ) said was right.\" He said, \"Allah's Messenger (ﷺ) sent for me and asked, \n'What are you doing with your farms?' I replied, 'We give our farms on rent on the basis that we get \nthe yield produced at the banks of the water streams (rivers) for the rent, or rent it for some Wasqs of \nbarley and dates.' Allah's Messenger (ﷺ) said, 'Do not do so, but cultivate (the land) yourselves or let it be \ncultivated by others gratis, or keep it uncultivated.' I said, 'We hear and obey.'"
      },
      "turkish": {
        "narrator": "Narrated Rafi` bin Khadij:",
        "text": "Rafi` bin Khadij'den rivayet edilmiştir: Amcam Zuhair dedi ki, \"Allah'ın Elçisi (ﷺ) bize, bizim için bir yardım kaynağı olan bir şeyi yapmamızı yasakladı.\" Ben de, \"Allah'ın Elçisi (ﷺ) ne dediyse doğrudur.\" dedim. O da, \"Allah'ın Elçisi (ﷺ) beni çağırdı ve 'Tarlalarınızla ne yapıyorsunuz?' diye sordu. Ben de, 'Tarlalarımızı, su akıntılarının (nehirlerin) kenarındaki ürünlerden kira alarak veya belirli bir miktar arpa ve hurma karşılığında kiraya veriyoruz.' dedim. Allah'ın Elçisi (ﷺ) dedi ki, 'Bunu yapmayın, ama tarlayı kendiniz işleyin ya da başkalarına ücretsiz olarak işlettirin ya da boş bırakın.' Ben de, 'Dinledik ve itaat ettik.' dedim.\""
      }
    },
    {
      "id": 21,
      "idInBook": 21,
      "chapterId": 41,
      "bookId": 1,
      "arabic": "حَدَّثَنَا عُبَيْدُ اللَّهِ بْنُ مُوسَى، أَخْبَرَنَا الأَوْزَاعِيُّ، عَنْ عَطَاءٍ، عَنْ جَابِرٍ ـ رضى الله عنه ـ قَالَ كَانُوا يَزْرَعُونَهَا بِالثُّلُثِ وَالرُّبُعِ وَالنِّصْفِ فَقَالَ النَّبِيُّ صلى الله عليه وسلم ‏\"‏ مَنْ كَانَتْ لَهُ أَرْضٌ فَلْيَزْرَعْهَا أَوْ لِيَمْنَحْهَا، فَإِنْ لَمْ يَفْعَلْ فَلْيُمْسِكْ أَرْضَهُ ‏\"‏‏.‏ وَقَالَ الرَّبِيعُ بْنُ نَافِعٍ أَبُو تَوْبَةَ حَدَّثَنَا مُعَاوِيَةُ، عَنْ يَحْيَى، عَنْ أَبِي سَلَمَةَ، عَنْ أَبِي هُرَيْرَةَ ـ رضى الله عنه ـ قَالَ قَالَ رَسُولُ اللَّهِ صلى الله عليه وسلم ‏\"‏ مَنْ كَانَتْ لَهُ أَرْضٌ فَلْيَزْرَعْهَا أَوْ لِيَمْنَحْهَا أَخَاهُ، فَإِنْ أَبَى فَلْيُمْسِكْ أَرْضَهُ ‏\"‏‏.‏",
      "english": {
        "narrator": "Narrated Jabir:",
        "text": "The people used to rent their land for cultivation for one-third, one-fourth or half its yield. The \nProphet said, \"Whoever has land should cultivate it himself or give it to his (Muslim) brother gratis; \notherwise keep it uncultivated.\" \nNarrated Abu Huraira: Allah's Messenger (ﷺ) said, \"Whoever has land should cultivate it himself or give it to \nhis (Muslim) brother gratis; otherwise he should keep it uncultivated.\""
      },
      "turkish": {
        "narrator": "Narrated Jabir:",
        "text": "Cabir'den rivayet edilmiştir: İnsanlar tarlalarını bir üçte bir, bir dörtte bir veya yarısı karşılığında kiraya veriyorlardı. Peygamber (ﷺ) dedi ki, \"Kimin tarlası varsa, onu kendisi işlesin ya da (Müslüman) kardeşine ücretsiz olarak versin; aksi takdirde boş bıraksın.\""
      }
    },
    {
      "id": 22,
      "idInBook": 22,
      "chapterId": 41,
      "bookId": 1,
      "arabic": "حَدَّثَنَا قَبِيصَةُ، حَدَّثَنَا سُفْيَانُ، عَنْ عَمْرٍو، قَالَ ذَكَرْتُهُ لِطَاوُسٍ فَقَالَ يُزْرِعُ، قَالَ ابْنُ عَبَّاسٍ ـ رضى الله عنهما ـ إِنَّ النَّبِيَّ صلى الله عليه وسلم لَمْ يَنْهَ عَنْهُ وَلَكِنْ قَالَ ‏\n\"‏ أَنْ يَمْنَحَ أَحَدُكُمْ أَخَاهُ خَيْرٌ لَهُ مِنْ أَنْ يَأْخُذَ شَيْئًا مَعْلُومًا ‏\"‏‏.‏",
      "english": {
        "narrator": "Narrated `Amr:",
        "text": "When I mentioned it (i.e. the narration of Rafi` 'bin Khadij: no. 532) to Tawus, he said, \"It is \npermissible to rent the land for cultivation, for Ibn `Abbas said, 'The Prophet (ﷺ) did not forbid that, but \nsaid: One had better give the land to one's brother gratis rather than charge a certain amount for it.' \""
      },
      "turkish": {
        "narrator": "Narrated `Amr:",
        "text": "Ebu Hureyre'den rivayet edilmiştir: Allah'ın Elçisi (ﷺ) dedi ki, \"Kimin tarlası varsa, onu kendisi işlesin ya da (Müslüman) kardeşine ücretsiz olarak versin; aksi takdirde boş bıraksın.\""
      }
    },
    {
      "id": 23,
      "idInBook": 23,
      "chapterId": 41,
      "bookId": 1,
      "arabic": "حَدَّثَنَا سُلَيْمَانُ بْنُ حَرْبٍ، حَدَّثَنَا حَمَّادٌ، عَنْ أَيُّوبَ، عَنْ نَافِعٍ، أَنَّ ابْنَ عُمَرَ ـ رضى الله عنهما ـ كَانَ يُكْرِي مَزَارِعَهُ عَلَى عَهْدِ النَّبِيِّ صلى الله عليه وسلم وَأَبِي بَكْرٍ وَعُمَرَ وَعُثْمَانَ وَصَدْرًا مِنْ إِمَارَةِ مُعَاوِيَةَ‏.‏ ثُمَّ حُدِّثَ عَنْ رَافِعِ بْنِ خَدِيجٍ، أَنَّ النَّبِيَّ صلى الله عليه وسلم نَهَى عَنْ كِرَاءِ الْمَزَارِعِ، فَذَهَبَ ابْنُ عُمَرَ إِلَى رَافِعٍ فَذَهَبْتُ مَعَهُ، فَسَأَلَهُ فَقَالَ نَهَى النَّبِيُّ صلى الله عليه وسلم عَنْ كِرَاءِ الْمَزَارِعِ‏.‏ فَقَالَ ابْنُ عُمَرَ قَدْ عَلِمْتَ أَنَّا كُنَّا نُكْرِي مَزَارِعَنَا عَلَى عَهْدِ رَسُولِ اللَّهِ صلى الله عليه وسلم بِمَا عَلَى الأَرْبِعَاءِ وَبِشَىْءٍ مِنَ التِّبْنِ‏.‏",
      "english": {
        "narrator": "Narrated Nafi`:",
        "text": "Ibn `Umar used to rent his farms in the time of Abu Bakr, `Umar, `Uthman, and in the early days of \nMuawiya. Then he was told the narration of Rafi` 'bin Khadij that the Prophet (ﷺ) had forbidden the \nrenting of farms. Ibn `Umar went to Rafi` and I accompanied him. He asked Rafi` who replied that the \nProphet had forbidden the renting of farms. Ibn `Umar said, \"You know that we used to rent our farms \nin the lifetime of Allah's Messenger (ﷺ) for the yield of the banks of the water streams (rivers) and for certain \namount of figs."
      },
      "turkish": {
        "narrator": "Narrated Nafi`:",
        "text": "`Amr'dan rivayet edilmiştir: Rafi` bin Khadij'in (no. 532) rivayetini Tawus'a söylediğimde, o, \"Toprağı işlemek için kiralamak caizdir, çünkü İbn `Abbas dedi ki, 'Peygamber (ﷺ) bunu yasaklamadı, ama birinin kardeşine ücretsiz vermesi daha iyidir, belirli bir miktar alması yerine.'\" dedi."
      }
    },
    {
      "id": 24,
      "idInBook": 24,
      "chapterId": 41,
      "bookId": 1,
      "arabic": "حَدَّثَنَا يَحْيَى بْنُ بُكَيْرٍ، حَدَّثَنَا اللَّيْثُ، عَنْ عُقَيْلٍ، عَنِ ابْنِ شِهَابٍ، أَخْبَرَنِي سَالِمٌ، أَنَّ عَبْدَ اللَّهِ بْنَ عُمَرَ ـ رضى الله عنهما ـ قَالَ كُنْتُ أَعْلَمُ فِي عَهْدِ رَسُولِ اللَّهِ صلى الله عليه وسلم أَنَّ الأَرْضَ تُكْرَى‏.‏ ثُمَّ خَشِيَ عَبْدُ اللَّهِ أَنْ يَكُونَ النَّبِيُّ صلى الله عليه وسلم قَدْ أَحْدَثَ فِي ذَلِكَ شَيْئًا لَمْ يَكُنْ يَعْلَمُهُ، فَتَرَكَ كِرَاءَ الأَرْضِ‏.‏",
      "english": {
        "narrator": "Narrated Salim:",
        "text": "`Abdullah bin `Umar said, \"I knew that the land was rented for cultivation in the lifetime of Allah's \nApostle .\" Later on Ibn `Umar was afraid that the Prophet (ﷺ) had forbidden it, and he had no knowledge \nof it, so he gave up renting his land."
      },
      "turkish": {
        "narrator": "Narrated Salim:",
        "text": "Nafi`'den rivayet edilmiştir: İbn `Umar, Ebu Bekir, `Umar, `Uthman ve Muaviye'nin ilk dönemlerinde tarlalarını kiraya veriyordu. Sonra Rafi` bin Khadij'in Peygamber (ﷺ) tarafından tarlaların kiralanmasının yasaklandığına dair rivayetini duydu. İbn `Umar, Rafi`'ye gitti ve ben de ona eşlik ettim. Rafi`'ye sordu, o da Peygamber'in tarlaların kiralanmasını yasakladığını söyledi. İbn `Umar, \"Allah'ın Elçisi (ﷺ) döneminde su akıntılarının (nehirlerin) kenarındaki ürünler karşılığında tarlalarımızı kiraya verdiğimizi biliyorsun.\" dedi."
      }
    },
    {
      "id": 25,
      "idInBook": 25,
      "chapterId": 41,
      "bookId": 1,
      "arabic": "حَدَّثَنَا عَمْرُو بْنُ خَالِدٍ، حَدَّثَنَا اللَّيْثُ، عَنْ رَبِيعَةَ بْنِ أَبِي عَبْدِ الرَّحْمَنِ، عَنْ حَنْظَلَةَ بْنِ قَيْسٍ، عَنْ رَافِعِ بْنِ خَدِيجٍ، قَالَ حَدَّثَنِي عَمَّاىَ، أَنَّهُمْ كَانُوا يُكْرُونَ الأَرْضَ عَلَى عَهْدِ النَّبِيِّ صلى الله عليه وسلم بِمَا يَنْبُتُ عَلَى الأَرْبِعَاءِ أَوْ شَىْءٍ يَسْتَثْنِيهِ صَاحِبُ الأَرْضِ فَنَهَى النَّبِيُّ صلى الله عليه وسلم عَنْ ذَلِكَ فَقُلْتُ لِرَافِعٍ فَكَيْفَ هِيَ بِالدِّينَارِ وَالدِّرْهَمِ فَقَالَ رَافِعٌ لَيْسَ بِهَا بَأْسٌ بِالدِّينَارِ وَالدِّرْهَمِ‏.‏ وَقَالَ اللَّيْثُ وَكَانَ الَّذِي نُهِيَ عَنْ ذَلِكَ مَا لَوْ نَظَرَ فِيهِ ذَوُو الْفَهْمِ بِالْحَلاَلِ وَالْحَرَامِ لَمْ يُجِيزُوهُ، لِمَا فِيهِ مِنَ الْمُخَاطَرَةِ‏.‏",
      "english": {
        "narrator": "Narrated Hanzla bin Qais:",
        "text": "Rafi` bin Khadij said, \"My two uncles told me that they (i.e. the companions of the Prophet) used to \nrent the land in the lifetime of the Prophet (ﷺ) for the yield on the banks of water streams (rivers) or for a \nportion of the yield stipulated by the owner of the land. The Prophet (ﷺ) forbade it.\" I said to Rafi`, \"What \nabout renting the land for Dinars and Dirhams?\" He replied, \"There is no harm in renting for Dinars- \nDirhams. Al-Laith said, \"If those who have discernment for distinguishing what is legal from what is \nillegal looked into what has been forbidden concerning this matter they would not permit it, for it is \nsurrounded with dangers.\""
      },
      "turkish": {
        "narrator": "Narrated Hanzla bin Qais:",
        "text": "Salim'den rivayet edilmiştir: Abdullah bin `Umar dedi ki, \"Allah'ın Elçisi döneminde tarlaların kiraya verildiğini biliyordum.\" Daha sonra İbn `Umar, Peygamber (ﷺ) tarafından bunun yasaklandığından korktu ve bu konuda bir bilgisi olmadığı için tarlasını kiralamaktan vazgeçti."
      }
    },
    {
      "id": 26,
      "idInBook": 26,
      "chapterId": 41,
      "bookId": 1,
      "arabic": "حَدَّثَنَا مُحَمَّدُ بْنُ سِنَانٍ، حَدَّثَنَا فُلَيْحٌ، حَدَّثَنَا هِلاَلٌ، وَحَدَّثَنَا عَبْدُ اللَّهِ بْنُ مُحَمَّدٍ، حَدَّثَنَا أَبُو عَامِرٍ، حَدَّثَنَا فُلَيْحٌ، عَنْ هِلاَلِ بْنِ عَلِيٍّ، عَنْ عَطَاءِ بْنِ يَسَارٍ، عَنْ أَبِي هُرَيْرَةَ ـ رضى الله عنه ـ أَنَّ النَّبِيَّ صلى الله عليه وسلم كَانَ يَوْمًا يُحَدِّثُ وَعِنْدَهُ رَجُلٌ مِنْ أَهْلِ الْبَادِيَةِ ‏\n\"‏ أَنَّ رَجُلاً مِنْ أَهْلِ الْجَنَّةِ اسْتَأْذَنَ رَبَّهُ فِي الزَّرْعِ فَقَالَ لَهُ أَلَسْتَ فِيمَا شِئْتَ قَالَ بَلَى وَلَكِنِّي أُحِبُّ أَنْ أَزْرَعَ‏.‏ قَالَ فَبَذَرَ فَبَادَرَ الطَّرْفَ نَبَاتُهُ وَاسْتِوَاؤُهُ وَاسْتِحْصَادُهُ، فَكَانَ أَمْثَالَ الْجِبَالِ فَيَقُولُ اللَّهُ دُونَكَ يَا ابْنَ آدَمَ، فَإِنَّهُ لاَ يُشْبِعُكَ شَىْءٌ ‏\"‏‏.‏ فَقَالَ الأَعْرَابِيُّ وَاللَّهِ لاَ تَجِدُهُ إِلاَّ قُرَشِيًّا أَوْ أَنْصَارِيًّا، فَإِنَّهُمْ أَصْحَابُ زَرْعٍ، وَأَمَّا نَحْنُ فَلَسْنَا بِأَصْحَابِ زَرْعٍ‏.‏ فَضَحِكَ النَّبِيُّ صلى الله عليه وسلم‏.‏",
      "english": {
        "narrator": "Narrated Abu Huraira:",
        "text": "Once the Prophet (ﷺ) was narrating (a story), while a bedouin was sitting with him. \"One of the \ninhabitants of Paradise will ask Allah to allow him to cultivate the land. Allah will ask him, 'Are you \nnot living in the pleasures you like?' He will say, 'Yes, but I like to cultivate the land.' \" The Prophet (ﷺ) \nadded, \"When the man (will be permitted he) will sow the seeds and the plants will grow up and get \nripe, ready for reaping and so on till it will be as huge as mountains within a wink. Allah will then say \nto him, 'O son of Adam! Take here you are, gather (the yield); nothing satisfies you.' \" On that, the \nbedouin said, \"The man must be either from Quraish (i.e. an emigrant) or an Ansari, for they are \nfarmers, whereas we are not farmers.\" The Prophet (ﷺ) smiled (at this)."
      },
      "turkish": {
        "narrator": "Narrated Abu Huraira:",
        "text": "Hanzala bin Kays'dan rivayet edilmiştir: Rafi` bin Khadij dedi ki, \"İki amcam bana, (yani Peygamber'in arkadaşları) Peygamber (ﷺ) döneminde tarlalarını su akıntılarının (nehirlerin) kenarındaki ürünler karşılığında veya arazi sahibinin belirlediği bir pay karşılığında kiraladıklarını söylediler. Peygamber (ﷺ) bunu yasakladı.\" Ben de Rafi`'ye, \"Dinarlar ve dirhemler karşılığında arazi kiralamak ne olacak?\" diye sordum. O da, \"Dinarlar-dirhemler karşılığında kiralamakta bir sakınca yoktur.\" diye yanıtladı. El-Leyth dedi ki, \"Hukuku haramdan ayırma yeteneğine sahip olanlar, bu konudaki yasakları incelediklerinde bunu izin vermezler, çünkü bu durum tehlikelerle çevrilidir.\""
      }
    },
    {
      "id": 27,
      "idInBook": 27,
      "chapterId": 41,
      "bookId": 1,
      "arabic": "حَدَّثَنَا قُتَيْبَةُ بْنُ سَعِيدٍ، حَدَّثَنَا يَعْقُوبُ، عَنْ أَبِي حَازِمٍ، عَنْ سَهْلِ بْنِ سَعْدٍ ـ رضى الله عنه ـ أَنَّهُ قَالَ إِنَّا كُنَّا نَفْرَحُ بِيَوْمِ الْجُمُعَةِ، كَانَتْ لَنَا عَجُوزٌ تَأْخُذُ مِنْ أُصُولِ سِلْقٍ لَنَا كُنَّا نَغْرِسُهُ فِي أَرْبِعَائِنَا فَتَجْعَلُهُ فِي قِدْرٍ لَهَا فَتَجْعَلُ فِيهِ حَبَّاتٍ مِنْ شَعِيرٍ لاَ أَعْلَمُ إِلاَّ أَنَّهُ قَالَ لَيْسَ فِيهِ شَحْمٌ وَلاَ وَدَكٌ، فَإِذَا صَلَّيْنَا الْجُمُعَةَ زُرْنَاهَا فَقَرَّبَتْهُ، إِلَيْنَا فَكُنَّا نَفْرَحُ بِيَوْمِ الْجُمُعَةِ مِنْ أَجْلِ ذَلِكَ وَمَا كُنَّا نَتَغَدَّى وَلاَ نَقِيلُ إِلاَّ بَعْدَ الْجُمُعَةَ‏.‏",
      "english": {
        "narrator": "Narrated Sahl bin Sa`d:",
        "text": "We used to be very happy on Friday as an old lady used to cut some roots of the Silq, which we used \nto plant on the banks of our small water streams, and cook them in a pot of her's, adding to them, \nsome grains of barley. (Ya'qub, the sub-narrator said, \"I think the narrator mentioned that the food did \nnot contain fat or melted fat (taken from meat).\") When we offered the Friday prayer we would go to \nher and she would serve us with the dish. So, we used to be happy on Fridays because of that. We \nused not to take our meals or the midday nap except after the Jumua prayer (i.e. Friday prayer)."
      },
      "turkish": {
        "narrator": "Narrated Sahl bin Sa`d:",
        "text": "Ebu Hureyre'den rivayet edilmiştir: Bir gün Peygamber (ﷺ) bir hikaye anlatıyordu, o sırada bir bedevi onunla oturuyordu. \"Cennetteki bir kimse Allah'a, toprağı işlemek için izin vermesini isteyecek. Allah ona, 'Sen sevdiğin zevklerde yaşamıyor musun?' diyecek. O da, 'Evet, ama ben toprağı işlemek istiyorum.' diyecek.\" Peygamber (ﷺ) ekledi, \"Adam (izin verildiğinde) tohumları ekecek ve bitkiler büyüyecek, olgunlaşacak, biçmeye hazır hale gelecek ve bir an içinde dağlar kadar büyük olacak. Allah ona, 'Ey Âdem oğlu! İşte al, topla (ürünü); seni tatmin eden hiçbir şey yok.' diyecek.\" Bunun üzerine bedevi, \"Adam ya Kureyş'ten (yani muhacir) ya da Ensar'dan olmalı, çünkü onlar çiftçi, biz ise çiftçi değiliz.\" dedi. Peygamber (ﷺ) buna gülümsedi."
      }
    },
    {
      "id": 28,
      "idInBook": 28,
      "chapterId": 41,
      "bookId": 1,
      "arabic": "حَدَّثَنَا مُوسَى بْنُ إِسْمَاعِيلَ، حَدَّثَنَا إِبْرَاهِيمُ بْنُ سَعْدٍ، عَنِ ابْنِ شِهَابٍ، عَنِ الأَعْرَجِ، عَنْ أَبِي هُرَيْرَةَ ـ رضى الله عنه ـ قَالَ يَقُولُونَ إِنَّ أَبَا هُرَيْرَةَ يُكْثِرُ الْحَدِيثَ‏.‏ وَاللَّهُ الْمَوْعِدُ، وَيَقُولُونَ مَا لِلْمُهَاجِرِينَ وَالأَنْصَارِ لاَ يُحَدِّثُونَ مِثْلَ أَحَادِيثِهِ وَإِنَّ إِخْوَتِي مِنَ الْمُهَاجِرِينَ كَانَ يَشْغَلُهُمُ الصَّفْقُ بِالأَسْوَاقِ، وَإِنَّ إِخْوَتِي مِنَ الأَنْصَارِ كَانَ يَشْغَلُهُمْ عَمَلُ أَمْوَالِهِمْ، وَكُنْتُ امْرَأً مِسْكِينًا أَلْزَمُ رَسُولَ اللَّهِ صلى الله عليه وسلم عَلَى مِلْءِ بَطْنِي، فَأَحْضُرُ حِينَ يَغِيبُونَ وَأَعِي حِينَ يَنْسَوْنَ، وَقَالَ النَّبِيُّ صلى الله عليه وسلم يَوْمًا ‏\"‏ لَنْ يَبْسُطَ أَحَدٌ مِنْكُمْ ثَوْبَهُ حَتَّى أَقْضِيَ مَقَالَتِي هَذِهِ، ثُمَّ يَجْمَعَهُ إِلَى صَدْرِهِ، فَيَنْسَى مِنْ مَقَالَتِي شَيْئًا أَبَدًا ‏\"‏‏.‏ فَبَسَطْتُ نَمِرَةً لَيْسَ عَلَىَّ ثَوْبٌ غَيْرَهَا، حَتَّى قَضَى النَّبِيُّ صلى الله عليه وسلم مَقَالَتَهُ، ثُمَّ جَمَعْتُهَا إِلَى صَدْرِي، فَوَالَّذِي بَعَثَهُ بِالْحَقِّ مَا نَسِيتُ مِنْ مَقَالَتِهِ تِلْكَ إِلَى يَوْمِي هَذَا، وَاللَّهِ لَوْلاَ آيَتَانِ فِي كِتَابِ اللَّهِ مَا حَدَّثْتُكُمْ شَيْئًا أَبَدًا ‏{‏إِنَّ الَّذِينَ يَكْتُمُونَ مَا أَنْزَلْنَا مِنَ الْبَيِّنَاتِ‏}‏ إِلَى قَوْلِهِ ‏{‏الرَّحِيمُ‏}‏",
      "english": {
        "narrator": "Narrated Abu Huraira:",
        "text": "The people say that Abu Huraira narrates too many narrations. In fact Allah knows whether I say the \ntruth or not. They also ask, \"Why do the emigrants and the Ansar not narrate as he does?\" In fact, my \nemigrant brethren were busy trading in the markets, and my Ansar brethren were busy with their \nproperties. I was a poor man keeping the company of Allah's Messenger (ﷺ) and was satisfied with what \nfilled my stomach. So, I used to be present while they (i.e. the emigrants and the Ansar) were absent, \nand I used to remember while they forgot (the Hadith). One day the Prophet (ﷺ) said, \"Whoever spreads \nhis sheet till I finish this statement of mine and then gathers it on his chest, will never forget anything \nof my statement.\" So, I spread my covering sheet which was the only garment I had, till the Prophet (ﷺ) \nfinished his statement and then I gathered it over my chest. By Him Who had sent him (i.e. Allah's \nApostle) with the truth, since then I did not forget even a single word of that statement of his, until this \nday of mine. By Allah, but for two verses in Allah's Book, I would never have related any narration \n(from the Prophet). (These two verses are): \"Verily! Those who conceal the clear signs and the \nguidance which we have sent down .....(up to) the Merciful.' (2.159-160)"
      },
      "turkish": {
        "narrator": "Narrated Abu Huraira:",
        "text": "Sahl bin Sa`d'dan rivayet edilmiştir: Cuma günleri çok mutlu olurduk, çünkü yaşlı bir kadın, küçük su akıntılarımızın kenarına diktiğimiz Silq köklerini keser ve kendi tenceresinde pişirirdi, üzerine biraz arpa eklerdi. (Ya'kub, alt rivayetçi, \"Sanırım, anlatıcının yemeğin yağ veya erimiş yağ (etlerden alınan) içermediğini belirttiğini söyledi.\") Cuma namazını kıldığımızda ona giderdik ve bize yemeği sunardı. Bu yüzden, Cuma günleri bu sebeple mutlu olurduk. Öğle yemeğimizi veya öğle uykumuzu, ancak Cuma namazından sonra alırdık."
      }
    }
  ],
  "chapter": {
    "id": 41,
    "bookId": 1,
    "arabic": "كتاب المزارعة",
    "english": "Agriculture"
  }
}