{
  "metadata": {
    "length": 24,
    "arabic": {
      "title": "صحيح البخاري",
      "author": "الإمام محمد بن إسماعيل البخاري",
      "introduction": "كتاب فى الاستقراض"
    },
    "english": {
      "title": "Sahih al-Bukhari",
      "author": "Imam Muhammad ibn Ismail al-Bukhari",
      "introduction": "Loans, Payment of Loans, Freezing of Property, Bankruptcy"
    }
  },
  "hadiths": [
    {
      "id": 1,
      "idInBook": 1,
      "chapterId": 43,
      "bookId": 1,
      "arabic": "حَدَّثَنَا مُحَمَّدٌ، أَخْبَرَنَا جَرِيرٌ، عَنِ الْمُغِيرَةِ، عَنِ الشَّعْبِيِّ، عَنْ جَابِرِ بْنِ عَبْدِ اللَّهِ ـ رضى الله عنهما ـ قَالَ غَزَوْتُ مَعَ النَّبِيِّ صلى الله عليه وسلم قَالَ ‏\n\"‏ كَيْفَ تَرَى بَعِيرَكَ أَتَبِيعُنِيهِ ‏\"‏‏.‏ قُلْتُ نَعَمْ‏.‏ فَبِعْتُهُ إِيَّاهُ، فَلَمَّا قَدِمَ الْمَدِينَةَ غَدَوْتُ إِلَيْهِ بِالْبَعِيرِ، فَأَعْطَانِي ثَمَنَهُ‏.‏",
      "english": {
        "narrator": "Narrated Jabir bin `Abdullah:",
        "text": "While I was in the company of the Prophet (ﷺ) in one of his Ghazawat, he asked, \"What is wrong with \nyour camel? Will you sell it?\" I replied in the affirmative and sold it to him. When he reached Medina, \nI took the camel to him in the morning and he paid me its price."
      },
      "turkish": {
        "narrator": "Narrated Jabir bin `Abdullah:",
        "text": "Jabir bin `Abdullah'dan rivayet edilmiştir: Ben, Peygamber (ﷺ) ile bir gazve sırasında bulunuyordum. O, \"Devenle ne oldu? Onu satacak mısın?\" diye sordu. Ben de olumlu yanıt verip onu ona sattım. Medine'ye vardığında, sabah deveni ona götürdüm ve bana fiyatını ödedi."
      }
    },
    {
      "id": 2,
      "idInBook": 2,
      "chapterId": 43,
      "bookId": 1,
      "arabic": "حَدَّثَنَا مُعَلَّى بْنُ أَسَدٍ، حَدَّثَنَا عَبْدُ الْوَاحِدِ، حَدَّثَنَا الأَعْمَشُ، قَالَ تَذَاكَرْنَا عِنْدَ إِبْرَاهِيمَ الرَّهْنَ فِي السَّلَمِ فَقَالَ حَدَّثَنِي الأَسْوَدُ عَنْ عَائِشَةَ ـ رضى الله عنها ـ أَنَّ النَّبِيَّ صلى الله عليه وسلم اشْتَرَى طَعَامًا مِنْ يَهُودِيٍّ إِلَى أَجَلٍ، وَرَهَنَهُ دِرْعًا مِنْ حَدِيدٍ‏.‏",
      "english": {
        "narrator": "Narrated Al-A`mash:",
        "text": "When we were with Ibrahim, we talked about mortgaging in deals of Salam. Ibrahim narrated from \nAswad that `Aisha had said, \"The Prophet (ﷺ) bought some foodstuff on credit from a Jew and mortgaged \nan iron armor to him.\""
      },
      "turkish": {
        "narrator": "Narrated Al-A`mash:",
        "text": "Al-A`mash'tan rivayet edilmiştir: İbrahim ile birlikteyken, Salam anlaşmalarında ipotek konusunu konuştuk. İbrahim, Aswad'dan rivayet etti ki `Aişe şöyle demiştir: \"Peygamber (ﷺ) bir Yahudiden kredi ile bazı gıda maddeleri satın aldı ve ona bir demir zırh ipotek etti.\""
      }
    },
    {
      "id": 3,
      "idInBook": 3,
      "chapterId": 43,
      "bookId": 1,
      "arabic": "حَدَّثَنَا عَبْدُ الْعَزِيزِ بْنُ عَبْدِ اللَّهِ الأُوَيْسِيُّ، حَدَّثَنَا سُلَيْمَانُ بْنُ بِلاَلٍ، عَنْ ثَوْرِ بْنِ زَيْدٍ، عَنْ أَبِي الْغَيْثِ، عَنْ أَبِي هُرَيْرَةَ ـ رضى الله عنه ـ عَنِ النَّبِيِّ صلى الله عليه وسلم قَالَ ‏\n\"‏ مَنْ أَخَذَ أَمْوَالَ النَّاسِ يُرِيدُ أَدَاءَهَا أَدَّى اللَّهُ عَنْهُ، وَمَنْ أَخَذَ يُرِيدُ إِتْلاَفَهَا أَتْلَفَهُ اللَّهُ ‏\"‏‏.‏",
      "english": {
        "narrator": "Narrated Abu Huraira:",
        "text": "The Prophet (ﷺ) said, \"Whoever takes the money of the people with the intention of repaying it, Allah will \nrepay it on his behalf, and whoever takes it in order to spoil it, then Allah will spoil him.\""
      },
      "turkish": {
        "narrator": "Narrated Abu Huraira:",
        "text": "Ebu Hureyre'den rivayet edilmiştir: Peygamber (ﷺ) şöyle dedi: \"İnsanların parasını geri verme niyetiyle alan kimseye, Allah onun adına geri öder; onu boşa harcamak amacıyla alan kimseye ise, Allah onu boşa harcar.\""
      }
    },
    {
      "id": 4,
      "idInBook": 4,
      "chapterId": 43,
      "bookId": 1,
      "arabic": "حَدَّثَنَا أَحْمَدُ بْنُ يُونُسَ، حَدَّثَنَا أَبُو شِهَابٍ، عَنِ الأَعْمَشِ، عَنْ زَيْدِ بْنِ وَهْبٍ، عَنْ أَبِي ذَرٍّ ـ رضى الله عنه ـ قَالَ كُنْتُ مَعَ النَّبِيِّ صلى الله عليه وسلم فَلَمَّا أَبْصَرَ ـ يَعْنِي أُحُدًا ـ قَالَ ‏\"‏ مَا أُحِبُّ أَنَّهُ يُحَوَّلُ لِي ذَهَبًا يَمْكُثُ عِنْدِي مِنْهُ دِينَارٌ فَوْقَ ثَلاَثٍ، إِلاَّ دِينَارًا أُرْصِدُهُ لِدَيْنٍ ‏\"‏‏.‏ ثُمَّ قَالَ ‏\"‏ إِنَّ الأَكْثَرِينَ هُمُ الأَقَلُّونَ، إِلاَّ مَنْ قَالَ بِالْمَالِ هَكَذَا وَهَكَذَا ‏\"‏‏.‏ وَأَشَارَ أَبُو شِهَابٍ بَيْنَ يَدَيْهِ وَعَنْ يَمِينِهِ وَعَنْ شِمَالِهِ ـ وَقَلِيلٌ مَا هُمْ ـ وَقَالَ مَكَانَكَ‏.‏ وَتَقَدَّمَ غَيْرَ بَعِيدٍ، فَسَمِعْتُ صَوْتًا، فَأَرَدْتُ أَنْ آتِيَهُ، ثُمَّ ذَكَرْتُ قَوْلَهُ مَكَانَكَ حَتَّى آتِيَكَ، فَلَمَّا جَاءَ قُلْتُ يَا رَسُولَ اللَّهِ، الَّذِي سَمِعْتُ أَوْ قَالَ الصَّوْتُ الَّذِي سَمِعْتُ قَالَ ‏\"‏ وَهَلْ سَمِعْتَ ‏\"‏‏.‏ قُلْتُ نَعَمْ‏.‏ قَالَ ‏\"‏ أَتَانِي جِبْرِيلُ ـ عَلَيْهِ السَّلاَمُ ـ فَقَالَ مَنْ مَاتَ مِنْ أُمَّتِكَ لاَ يُشْرِكُ بِاللَّهِ شَيْئًا دَخَلَ الْجَنَّةَ ‏\"‏‏.‏ قُلْتُ وَإِنْ فَعَلَ كَذَا وَكَذَا قَالَ ‏\"‏ نَعَمْ ‏\"‏‏.‏",
      "english": {
        "narrator": "Narrated Abu Dhar:",
        "text": "Once, while I was in the company of the Prophet, he saw the mountain of Uhud and said, \"I would not \nlike to have this mountain turned into gold for me unless nothing of it, not even a single Dinar remains \nof it with me for more than three days (i.e. I will spend all of it in Allah's Cause), except that Dinar \nwhich I will keep for repaying debts.\" Then he said, \"Those who are rich in this world would have \nlittle reward in the Hereafter except those who spend their money here and there (in Allah's Cause), \nand they are few in number.\" Then he ordered me to stay at my place and went not far away. I heard a \nvoice and intended to go to him but I remembered his order, \"Stay at your place till I return.\" On his \nreturn I said, \"O Allah's Messenger (ﷺ)! (What was) that noise which I heard?\" He said, \"Did you hear \nanything?\" I said, \"Yes.\" He said, \"Gabriel came and said to me, 'Whoever amongst your followers \ndies, worshipping none along with Allah, will enter Paradise.' \" I said, \"Even if he did such-and-such \nthings (i.e. even if he stole or committed illegal sexual intercourse)\" He said, \"Yes.\""
      },
      "turkish": {
        "narrator": "Narrated Abu Dhar:",
        "text": "Ebu Zerr'den rivayet edilmiştir: Bir gün, Peygamber'in yanında iken, Uhud dağını gördü ve şöyle dedi: \"Bu dağın benim için altına dönüşmesini istemem, eğer ondan üç günden fazla elimde bir Dinar bile kalırsa (yani hepsini Allah yolunda harcayacağım), yalnızca borçlarımı ödemek için saklayacağım Dinar hariç.\" Sonra şöyle dedi: \"Bu dünyada zengin olanların, ahirette az bir mükafatı olacaktır; ancak Allah yolunda harcayanlar hariç, bunlar da sayıca azdır.\" Sonra bana yerimde kalmamı emretti ve uzaklaşmadı. Bir ses duydum ve yanına gitmeyi düşündüm ama onun emrini hatırladım: \"Dönene kadar yerinde kal.\" Dönünce, \"Ey Allah'ın Elçisi (ﷺ)! Duyduğum o ses neydi?\" dedim. O, \"Bir şey duydun mu?\" dedi. Ben de, \"Evet.\" dedim. O, \"Cebrail geldi ve bana şöyle dedi: 'Senin takipçilerinden kim Allah ile birlikte başka bir şeyle ibadet etmeden ölürse, cennete girecektir.'\" Ben, \"Eğer şöyle böyle şeyler yapmışsa (yani hırsızlık yapmışsa veya yasadışı cinsel ilişkiye girmişse)\" dedim. O, \"Evet.\" dedi."
      }
    },
    {
      "id": 5,
      "idInBook": 5,
      "chapterId": 43,
      "bookId": 1,
      "arabic": "حَدَّثَنَا أَحْمَدُ بْنُ شَبِيبِ بْنِ سَعِيدٍ، حَدَّثَنَا أَبِي، عَنْ يُونُسَ، قَالَ ابْنُ شِهَابٍ حَدَّثَنِي عُبَيْدُ اللَّهِ بْنُ عَبْدِ اللَّهِ بْنِ عُتْبَةَ، قَالَ قَالَ أَبُو هُرَيْرَةَ ـ رضى الله عنه ـ قَالَ رَسُولُ اللَّهِ صلى الله عليه وسلم ‏\n\"‏ لَوْ كَانَ لِي مِثْلُ أُحُدٍ ذَهَبًا، مَا يَسُرُّنِي أَنْ لاَ يَمُرَّ عَلَىَّ ثَلاَثٌ وَعِنْدِي مِنْهُ شَىْءٌ، إِلاَّ شَىْءٌ أُرْصِدُهُ لِدَيْنٍ ‏\"‏‏.‏ رَوَاهُ صَالِحٌ وَعُقَيْلٌ عَنِ الزُّهْرِيِّ‏.‏",
      "english": {
        "narrator": "Narrated Abu Huraira:",
        "text": "Allah's Messenger (ﷺ) said, \"If I had gold equal to the mountain of Uhud, it would not please me that it \nshould remain with me for more than three days, except an amount which I would keep for repaying \ndebts.\""
      },
      "turkish": {
        "narrator": "Narrated Abu Huraira:",
        "text": "Ebu Hureyre'den rivayet edilmiştir: Allah'ın Elçisi (ﷺ) şöyle dedi: \"Eğer Uhud dağının büyüklüğünde altınım olsaydı, üç günden fazla elimde kalmasını istemezdim; yalnızca borçlarımı ödemek için saklayacağım bir miktar hariç.\""
      }
    },
    {
      "id": 6,
      "idInBook": 6,
      "chapterId": 43,
      "bookId": 1,
      "arabic": "حَدَّثَنَا أَبُو الْوَلِيدِ، حَدَّثَنَا شُعْبَةُ، أَخْبَرَنَا سَلَمَةُ بْنُ كُهَيْلٍ، قَالَ سَمِعْتُ أَبَا سَلَمَةَ، بِبَيْتِنَا يُحَدِّثُ عَنْ أَبِي هُرَيْرَةَ ـ رضى الله عنه ـ أَنَّ رَجُلاً، تَقَاضَى رَسُولَ اللَّهِ صلى الله عليه وسلم، فَأَغْلَظَ لَهُ، فَهَمَّ أَصْحَابُهُ، فَقَالَ ‏\"‏ دَعُوهُ، فَإِنَّ لِصَاحِبِ الْحَقِّ مَقَالاً‏.‏ وَاشْتَرُوا لَهُ بَعِيرًا، فَأَعْطُوهُ إِيَّاهُ ‏\"‏‏.‏ وَقَالُوا لاَ نَجِدُ إِلاَّ أَفْضَلَ مِنْ سِنِّهِ‏.‏ قَالَ ‏\"‏ اشْتَرُوهُ فَأَعْطُوهُ إِيَّاهُ، فَإِنَّ خَيْرَكُمْ أَحْسَنُكُمْ قَضَاءً ‏\"‏‏.‏",
      "english": {
        "narrator": "Narrated Abu Huraira:",
        "text": "A man demanded his debts from Allah's Messenger (ﷺ) in such a rude manner that the companions of the \nProphet intended to harm him, but the Prophet (ﷺ) said, \"Leave him, no doubt, for he (the creditor) has the \nright to demand it (harshly). Buy a camel and give it to him.\" They said, \"The camel that is available \nis older than the camel he demands. \"The Prophet (ﷺ) said, \"Buy it and give it to him, for the best among \nyou are those who repay their debts handsomely. \""
      },
      "turkish": {
        "narrator": "Narrated Abu Huraira:",
        "text": "Ebu Hureyre'den rivayet edilmiştir: Bir adam, Allah'ın Elçisi'nden (ﷺ) borcunu ödemesini o kadar kaba bir şekilde talep etti ki, Peygamber'in (ﷺ) arkadaşları ona zarar vermeyi düşündü, ama Peygamber (ﷺ) şöyle dedi: \"Bırakın onu, şüphesiz ki (alacaklı) bunu talep etme hakkına sahiptir (sert bir şekilde). Bir deve satın al ve ona ver.\" Onlar, \"Elimizdeki deve, onun talep ettiği deveden daha yaşlı.\" dediler. Peygamber (ﷺ) şöyle dedi: \"Onu satın al ve ver, çünkü aranızda en iyi olanlar, borçlarını en güzel şekilde ödeyenlerdir.\""
      }
    },
    {
      "id": 7,
      "idInBook": 7,
      "chapterId": 43,
      "bookId": 1,
      "arabic": "حَدَّثَنَا مُسْلِمٌ، حَدَّثَنَا شُعْبَةُ، عَنْ عَبْدِ الْمَلِكِ، عَنْ رِبْعِيٍّ، عَنْ حُذَيْفَةَ ـ رضى الله عنه ـ قَالَ سَمِعْتُ النَّبِيَّ صلى الله عليه وسلم يَقُولُ ‏\n\"‏ مَاتَ رَجُلٌ، فَقِيلَ لَهُ قَالَ كُنْتُ أُبَايِعُ النَّاسَ، فَأَتَجَوَّزُ عَنِ الْمُوسِرِ، وَأُخَفِّفُ عَنِ الْمُعْسِرِ، فَغُفِرَ لَهُ ‏\"‏‏.‏ قَالَ أَبُو مَسْعُودٍ سَمِعْتُهُ مِنَ النَّبِيِّ صلى الله عليه وسلم‏.‏",
      "english": {
        "narrator": "Narrated Hudhaifa:",
        "text": "I heard the Prophet (ﷺ) saying, \"Once a man died and was asked, 'What did you use to say (or do) (in your \nlife time)?' He replied, 'I was a businessman and used to give time to the rich to repay his debt and \n(used to) deduct part of the debt of the poor.' So he was forgiven (his sins.)\" Abu Mas`ud said, \"I \nheard the same (Hadith) from the Prophet.\""
      },
      "turkish": {
        "narrator": "Narrated Hudhaifa:",
        "text": "Hudhaife'den rivayet edilmiştir: Peygamber (ﷺ) şöyle derken duydum: \"Bir zaman bir adam öldü ve ona, 'Hayatında ne yapardın?' diye soruldu. O, 'Ben bir iş adamıydım ve zenginlere borçlarını ödemeleri için zaman tanırdım ve fakirlerin borcundan bir kısmını silerdim.' dedi. Böylece onun günahları affedildi.\" Ebu Mes'ud dedi ki: \"Ben de Peygamber'den (ﷺ) aynı (hadisi) duydum.\""
      }
    },
    {
      "id": 8,
      "idInBook": 8,
      "chapterId": 43,
      "bookId": 1,
      "arabic": "حَدَّثَنَا مُسَدَّدٌ، عَنْ يَحْيَى، عَنْ سُفْيَانَ، قَالَ حَدَّثَنِي سَلَمَةُ بْنُ كُهَيْلٍ، عَنْ أَبِي سَلَمَةَ، عَنْ أَبِي هُرَيْرَةَ ـ رضى الله عنه ـ أَنَّ رَجُلاً، أَتَى النَّبِيَّ صلى الله عليه وسلم يَتَقَاضَاهُ بَعِيرًا، فَقَالَ رَسُولُ اللَّهِ صلى الله عليه وسلم ‏\"‏ أَعْطُوهُ ‏\"‏‏.‏ فَقَالُوا مَا نَجِدُ إِلاَّ سِنًّا أَفْضَلَ مِنْ سِنِّهِ‏.‏ فَقَالَ الرَّجُلُ أَوْفَيْتَنِي أَوْفَاكَ اللَّهُ‏.‏ فَقَالَ رَسُولُ اللَّهِ صلى الله عليه وسلم ‏\"‏ أَعْطُوهُ فَإِنَّ مِنْ خِيَارِ النَّاسِ أَحْسَنَهُمْ قَضَاءً ‏\"‏‏.‏",
      "english": {
        "narrator": "Narrated Abu Huraira:",
        "text": "A man came to the Prophet (ﷺ) and demanded a camel (the Prophet (ﷺ) owed him). Allah's Messenger (ﷺ) told his \ncompanions to give him (a camel). They said, \"We do not find except an older camel (than what he \ndemands). (The Prophet (ﷺ) ordered them to give him that camel). The man said, \"You have paid me in \nfull and may Allah also pay you in full.\" Allah's Messenger (ﷺ) said, \"Give him, for the best amongst the \npeople is he who repays his debts in the most handsome manner.\""
      },
      "turkish": {
        "narrator": "Narrated Abu Huraira:",
        "text": "Ebu Hureyre'den rivayet edilmiştir: Bir adam, Peygamber'e (ﷺ) geldi ve ondan bir deve talep etti (Peygamber (ﷺ) ona borçluydu). Allah'ın Elçisi (ﷺ) arkadaşlarına, ona (bir deve) vermelerini söyledi. Onlar, \"Elimizdeki deve, onun talep ettiği deveden daha yaşlı.\" dediler. (Peygamber (ﷺ) onlara o deveyi vermelerini emretti). Adam, \"Beni tam olarak ödedin ve Allah da seni tam olarak ödetsin.\" dedi. Allah'ın Elçisi (ﷺ) şöyle dedi: \"Verin ona, çünkü insanların en iyisi, borçlarını en güzel şekilde ödeyendir.\""
      }
    },
    {
      "id": 9,
      "idInBook": 9,
      "chapterId": 43,
      "bookId": 1,
      "arabic": "حَدَّثَنَا أَبُو نُعَيْمٍ، حَدَّثَنَا سُفْيَانُ، عَنْ سَلَمَةَ، عَنْ أَبِي سَلَمَةَ، عَنْ أَبِي هُرَيْرَةَ ـ رضى الله عنه ـ قَالَ كَانَ لِرَجُلٍ عَلَى النَّبِيِّ صلى الله عليه وسلم سِنٌّ مِنَ الإِبِلِ فَجَاءَهُ يَتَقَاضَاهُ فَقَالَ صلى الله عليه وسلم ‏\"‏ أَعْطُوهُ ‏\"‏‏.‏ فَطَلَبُوا سِنَّهُ، فَلَمْ يَجِدُوا لَهُ إِلاَّ سِنًّا فَوْقَهَا‏.‏ فَقَالَ ‏\"‏ أَعْطُوهُ ‏\"‏‏.‏ فَقَالَ أَوْفَيْتَنِي، وَفَّى اللَّهُ بِكَ‏.‏ قَالَ النَّبِيُّ صلى الله عليه وسلم ‏\"‏ إِنَّ خِيَارَكُمْ أَحْسَنُكُمْ قَضَاءً ‏\"‏‏.‏",
      "english": {
        "narrator": "Narrated Abu Huraira:",
        "text": "The Prophet (ﷺ) owed a camel of a certain age to a man who came to demand it back. The Prophet (ﷺ) \nordered his companions to give him. They looked for a camel of the same age but found nothing but a \ncamel one year older. The Prophet (ﷺ) told them to give it to him. The man said, \"You have paid me in \nfull, and may Allah pay you in full.\" The Prophet (ﷺ) said, \"The best amongst you is he who pays his \ndebts in the most handsome manner.\""
      },
      "turkish": {
        "narrator": "Narrated Abu Huraira:",
        "text": "Ebu Hureyre'den rivayet edilmiştir: Peygamber (ﷺ) bir adamdan belli bir yaşta bir deve borç almıştı. Adam, onu geri talep etmek için geldi. Peygamber (ﷺ) arkadaşlarına, ona vermelerini emretti. Onlar, aynı yaşta bir deve aradılar ama yalnızca bir yıl daha yaşlı bir deve buldular. Peygamber (ﷺ) onlara onu vermelerini söyledi. Adam, \"Beni tam olarak ödedin, Allah da seni tam olarak ödetsin.\" dedi. Peygamber (ﷺ) şöyle dedi: \"Aranızda en iyi olan, borçlarını en güzel şekilde ödeyendir.\""
      }
    },
    {
      "id": 10,
      "idInBook": 10,
      "chapterId": 43,
      "bookId": 1,
      "arabic": "حَدَّثَنَا خَلاَّدٌ، حَدَّثَنَا مِسْعَرٌ، حَدَّثَنَا مُحَارِبُ بْنُ دِثَارٍ، عَنْ جَابِرِ بْنِ عَبْدِ اللَّهِ ـ رضى الله عنهما ـ قَالَ أَتَيْتُ النَّبِيَّ صلى الله عليه وسلم وَهْوَ فِي الْمَسْجِدِ ـ قَالَ مِسْعَرٌ أُرَاهُ قَالَ ضُحًى ـ فَقَالَ ‏\n\"‏ صَلِّ رَكْعَتَيْنِ ‏\"‏‏.‏ وَكَانَ لِي عَلَيْهِ دَيْنٌ فَقَضَانِي وَزَادَنِي‏.‏",
      "english": {
        "narrator": "Narrated Jabir bin `Abdullah:",
        "text": "I went to the Prophet (ﷺ) while he was in the Mosque. (Mas`ar thinks, that Jabir went in the forenoon.) \nAfter the Prophet (ﷺ) told me to pray two rak`at, he repaid me the debt he owed me and gave me an extra \namount."
      },
      "turkish": {
        "narrator": "Narrated Jabir bin `Abdullah:",
        "text": "Jabir bin `Abdullah'dan rivayet edilmiştir: Ben, Peygamber (ﷺ) mescitteyken ona gittim. (Mas`ar, Jabir'in sabah saatlerinde gittiğini düşünüyor.) Peygamber (ﷺ) bana iki rekât namaz kılmamı söyledikten sonra, bana borcunu ödedi ve üzerine bir miktar daha verdi."
      }
    },
    {
      "id": 11,
      "idInBook": 11,
      "chapterId": 43,
      "bookId": 1,
      "arabic": "حَدَّثَنَا عَبْدَانُ، أَخْبَرَنَا عَبْدُ اللَّهِ، أَخْبَرَنَا يُونُسُ، عَنِ الزُّهْرِيِّ، قَالَ حَدَّثَنِي ابْنُ كَعْبِ بْنِ مَالِكٍ، أَنَّ جَابِرَ بْنَ عَبْدِ اللَّهِ ـ رضى الله عنهما ـ أَخْبَرَهُ أَنَّ أَبَاهُ قُتِلَ يَوْمَ أُحُدٍ شَهِيدًا، وَعَلَيْهِ دَيْنٌ فَاشْتَدَّ الْغُرَمَاءُ فِي حُقُوقِهِمْ، فَأَتَيْتُ النَّبِيَّ صلى الله عليه وسلم فَسَأَلَهُمْ أَنْ يَقْبَلُوا تَمْرَ حَائِطِي وَيُحَلِّلُوا أَبِي فَأَبَوْا، فَلَمْ يُعْطِهِمِ النَّبِيُّ صلى الله عليه وسلم حَائِطِي، وَقَالَ ‏\n\"‏ سَنَغْدُو عَلَيْكَ ‏\"‏‏.‏ فَغَدَا عَلَيْنَا حِينَ أَصْبَحَ، فَطَافَ فِي النَّخْلِ، وَدَعَا فِي ثَمَرِهَا بِالْبَرَكَةِ، فَجَدَدْتُهَا فَقَضَيْتُهُمْ، وَبَقِيَ لَنَا مِنْ تَمْرِهَا‏.‏",
      "english": {
        "narrator": "Narrated Jabir bin `Abdullah:",
        "text": "My father was martyred on the day (of the battle) of Uhud, and he was in debt. His creditors \ndemanded their rights persistently. I went to the Prophet (and informed him about it). He told them to \ntake the fruits of my garden and exempt my father from the debts but they refused to do so. So, the \nProphet did not give them my garden and told me that he would come to me the next morning. He \ncame to us early in the morning and wandered among the date-palms and invoked Allah to bless their \nfruits. I then plucked the dates and paid the creditors, and there remained some of the dates for us."
      },
      "turkish": {
        "narrator": "Narrated Jabir bin `Abdullah:",
        "text": "Jabir bin `Abdullah'dan rivayet edilmiştir: Babam Uhud savaşında şehit oldu ve borçluydu. Alacaklıları haklarını sürekli talep ediyorlardı. Ben, Peygamber'e (ve durumu ona bildirdim). O, onlara bahçemin meyvelerini alıp babamı borçtan muaf tutmalarını söyledi ama kabul etmediler. Böylece Peygamber, onlara bahçemi vermedi ve bana sabah geleceklerini söyledi. Ertesi sabah bize geldi ve hurma ağaçlarının arasında dolaştı ve Allah'tan meyvelerinin bereketlenmesini dua etti. Sonra ben hurmaları topladım ve alacaklılara ödedim, geriye de bize yetecek kadar hurma kaldı."
      }
    },
    {
      "id": 12,
      "idInBook": 12,
      "chapterId": 43,
      "bookId": 1,
      "arabic": "حَدَّثَنَا إِبْرَاهِيمُ بْنُ الْمُنْذِرِ، حَدَّثَنَا أَنَسٌ، عَنْ هِشَامٍ، عَنْ وَهْبِ بْنِ كَيْسَانَ، عَنْ جَابِرِ بْنِ عَبْدِ اللَّهِ ـ رضى الله عنهما ـ أَنَّهُ أَخْبَرَهُ أَنَّ أَبَاهُ تُوُفِّيَ، وَتَرَكَ عَلَيْهِ ثَلاَثِينَ وَسْقًا لِرَجُلٍ مِنَ الْيَهُودِ، فَاسْتَنْظَرَهُ جَابِرٌ، فَأَبَى أَنْ يُنْظِرَهُ، فَكَلَّمَ جَابِرٌ رَسُولَ اللَّهِ صلى الله عليه وسلم لِيَشْفَعَ لَهُ إِلَيْهِ، فَجَاءَ رَسُولُ اللَّهِ صلى الله عليه وسلم وَكَلَّمَ الْيَهُودِيَّ لِيَأْخُذَ ثَمَرَ نَخْلِهِ بِالَّذِي لَهُ فَأَبَى، فَدَخَلَ رَسُولُ اللَّهِ صلى الله عليه وسلم النَّخْلَ، فَمَشَى فِيهَا ثُمَّ قَالَ لِجَابِرٍ ‏\"‏ جُدَّ لَهُ فَأَوْفِ لَهُ الَّذِي لَهُ ‏\"‏‏.‏ فَجَدَّهُ بَعْدَ مَا رَجَعَ رَسُولُ اللَّهِ صلى الله عليه وسلم فَأَوْفَاهُ ثَلاَثِينَ وَسْقًا، وَفَضَلَتْ لَهُ سَبْعَةَ عَشَرَ وَسْقًا، فَجَاءَ جَابِرٌ رَسُولَ اللَّهِ صلى الله عليه وسلم لِيُخْبِرَهُ بِالَّذِي كَانَ، فَوَجَدَهُ يُصَلِّي الْعَصْرَ، فَلَمَّا انْصَرَفَ أَخْبَرَهُ بِالْفَضْلِ، فَقَالَ ‏\"‏ أَخْبِرْ ذَلِكَ ابْنَ الْخَطَّابِ ‏\"‏‏.‏ فَذَهَبَ جَابِرٌ إِلَى عُمَرَ، فَأَخْبَرَهُ‏.‏ فَقَالَ لَهُ عُمَرُ لَقَدْ عَلِمْتُ حِينَ مَشَى فِيهَا رَسُولُ اللَّهِ صلى الله عليه وسلم لَيُبَارَكَنَّ فِيهَا‏.‏",
      "english": {
        "narrator": "Narrated Jabir bin `Abdullah:",
        "text": "When my father died he owed a Jew thirty Awsuq (of dates). I requested him to give me respite for \nrepaying but he refused. I requested Allah's Messenger (ﷺ) to intercede with the Jew. Allah's Messenger (ﷺ) went to \nthe Jew and asked him to accept the fruits of my trees in place of the debt but the Jew refused. Allah's \nApostle entered the garden of the date-palms, wandering among the trees and ordered me (saying), \n\"Pluck (the fruits) and give him his due.\" So, I plucked the fruits for him after the departure of Allah's \nApostle and gave his thirty Awsuq, and still had seventeen Awsuq extra for myself. Jabir said: I went \nto Allah's Messenger (ﷺ) to inform of what had happened, but found him praying the `Asr prayer. After the \nprayer I told him about the extra fruits which remained. Allah's Messenger (ﷺ) told me to inform (`Umar) Ibn \nAl-Khattab about it. When I went to `Umar and told him about it, `Umar said, \"When Allah's Messenger (ﷺ) \nwalked in your garden, I was sure that Allah would definitely bless it.\""
      },
      "turkish": {
        "narrator": "Narrated Jabir bin `Abdullah:",
        "text": "Jabir bin `Abdullah'dan rivayet edilmiştir: Babam öldüğünde bir Yahudiye otuz Awsuq (hurma) borcu vardı. Ondan borcumu ödemek için süre istedim ama kabul etmedi. Allah'ın Elçisi'nden (ﷺ) Yahudiye aracılık etmesini istedim. Allah'ın Elçisi (ﷺ) Yahudiye gitti ve ağaçlarımın meyvelerini borcun yerine kabul etmesini istedi ama Yahudi kabul etmedi. Allah'ın Elçisi, hurma bahçesine girdi, ağaçların arasında dolaştı ve bana, \"Meyveleri topla ve ona borcunu ver.\" dedi. Ben de Allah'ın Elçisi'nin (ﷺ) ayrılmasından sonra meyveleri topladım ve otuz Awsuq verdim, geriye de on yedi Awsuq kaldı. Jabir dedi ki: Ben Allah'ın Elçisi'ne (ﷺ) olanları bildirmek için gittim ama onu `Asr namazında buldum. Namazdan sonra ona kalan fazla meyveleri söyledim. Allah'ın Elçisi (ﷺ) bana, `Umar'a bunu bildirmemi söyledi. `Umar'a gittiğimde ona durumu anlattım, `Umar, \"Allah'ın Elçisi (ﷺ) bahçende dolaştığında, Allah'ın onu kesinlikle bereketlendireceğinden emindim.\" dedi."
      }
    },
    {
      "id": 13,
      "idInBook": 13,
      "chapterId": 43,
      "bookId": 1,
      "arabic": "حَدَّثَنَا أَبُو الْيَمَانِ، أَخْبَرَنَا شُعَيْبٌ، عَنِ الزُّهْرِيِّ، ح وَحَدَّثَنَا إِسْمَاعِيلُ، قَالَ حَدَّثَنِي أَخِي، عَنْ سُلَيْمَانَ، عَنْ مُحَمَّدِ بْنِ أَبِي عَتِيقٍ، عَنِ ابْنِ شِهَابٍ، عَنْ عُرْوَةَ، أَنَّ عَائِشَةَ ـ رضى الله عنها ـ أَخْبَرَتْهُ أَنَّ رَسُولَ اللَّهِ صلى الله عليه وسلم كَانَ يَدْعُو فِي الصَّلاَةِ وَيَقُولُ ‏\"‏ اللَّهُمَّ إِنِّي أَعُوذُ بِكَ مِنَ الْمَأْثَمِ وَالْمَغْرَمِ ‏\"‏‏.‏ فَقَالَ لَهُ قَائِلٌ مَا أَكْثَرَ مَا تَسْتَعِيذُ يَا رَسُولَ اللَّهِ مِنَ الْمَغْرَمِ قَالَ ‏\"‏ إِنَّ الرَّجُلَ إِذَا غَرِمَ حَدَّثَ فَكَذَبَ وَوَعَدَ فَأَخْلَفَ ‏\"‏‏.‏",
      "english": {
        "narrator": "Narrated `Aisha:",
        "text": "Allah's Messenger (ﷺ) used to invoke Allah in the prayer saying, \"O Allah, I seek refuge with you from all \nsins, and from being in debt.\" Someone said, O Allah's Messenger (ﷺ)! (I see you) very often you seek refuge \nwith Allah from being in debt. He replied, \"If a person is in debt, he tells lies when he speaks, and \nbreaks his promises when he promises.\""
      },
      "turkish": {
        "narrator": "Narrated `Aisha:",
        "text": "`Aişe'den rivayet edilmiştir: Allah'ın Elçisi (ﷺ) namazda Allah'a şöyle dua ederdi: \"Ey Allah, ben her türlü günahlardan ve borçtan sana sığınırım.\" Birisi, \"Ey Allah'ın Elçisi (ﷺ)! (Seni) sık sık borçtan Allah'a sığındığını görüyorum.\" dedi. O da, \"Eğer bir kişi borçluysa, konuştuğunda yalan söyler ve söz verdiğinde sözünü tutmaz.\" diye cevap verdi."
      }
    },
    {
      "id": 14,
      "idInBook": 14,
      "chapterId": 43,
      "bookId": 1,
      "arabic": "حَدَّثَنَا أَبُو الْوَلِيدِ، حَدَّثَنَا شُعْبَةُ، عَنْ عَدِيِّ بْنِ ثَابِتٍ، عَنْ أَبِي حَازِمٍ، عَنْ أَبِي هُرَيْرَةَ ـ رضى الله عنه ـ عَنِ النَّبِيِّ صلى الله عليه وسلم قَالَ ‏\n\"‏ مَنْ تَرَكَ مَالاً فَلِوَرَثَتِهِ، وَمَنْ تَرَكَ كَلاًّ فَإِلَيْنَا ‏\"‏‏.‏",
      "english": {
        "narrator": "Narrated Abu Huraira:",
        "text": "The Prophet (ﷺ) said, \"If someone leaves some property, it will be for the inheritors, and if he leaves some \nweak offspring, it will be for us to support them.\""
      },
      "turkish": {
        "narrator": "Narrated Abu Huraira:",
        "text": "Ebu Hureyre'den rivayet edilmiştir: Peygamber (ﷺ) şöyle dedi: \"Eğer birisi mal bırakırsa, bu mirasçilerine aittir; eğer zayıf bir nesil bırakırsa, onları desteklemek bize aittir.\""
      }
    },
    {
      "id": 15,
      "idInBook": 15,
      "chapterId": 43,
      "bookId": 1,
      "arabic": "حَدَّثَنَا عَبْدُ اللَّهِ بْنُ مُحَمَّدٍ، حَدَّثَنَا أَبُو عَامِرٍ، حَدَّثَنَا فُلَيْحٌ، عَنْ هِلاَلِ بْنِ عَلِيٍّ، عَنْ عَبْدِ الرَّحْمَنِ بْنِ أَبِي عَمْرَةَ، عَنْ أَبِي هُرَيْرَةَ ـ رضى الله عنه ـ أَنَّ النَّبِيَّ صلى الله عليه وسلم قَالَ ‏\"‏ مَا مِنْ مُؤْمِنٍ إِلاَّ وَأَنَا أَوْلَى بِهِ فِي الدُّنْيَا وَالآخِرَةِ اقْرَءُوا إِنْ شِئْتُمْ ‏{‏النَّبِيُّ أَوْلَى بِالْمُؤْمِنِينَ مِنْ أَنْفُسِهِمْ‏}‏ فَأَيُّمَا مُؤْمِنٍ مَاتَ وَتَرَكَ مَالاً فَلْيَرِثْهُ عَصَبَتُهُ مَنْ كَانُوا، وَمَنْ تَرَكَ دَيْنًا أَوْ ضَيَاعًا فَلْيَأْتِنِي فَأَنَا مَوْلاَهُ ‏\"‏‏.‏",
      "english": {
        "narrator": "Narrated Abu Huraira:",
        "text": "The Prophet (ﷺ) said, \"I am closer to the believers than their selves in this world and in the Hereafter, and \nif you like, you can read Allah's Statement: \"The Prophet (ﷺ) is closer to the believers than their own \nselves.\" (33.6) So, if a true believer dies and leaves behind some property, it will be for his inheritors \n(from the father's side), and if he leaves behind some debt to be paid or needy offspring, then they \nshould come to me as I am the guardian of the deceased.\""
      },
      "turkish": {
        "narrator": "Narrated Abu Huraira:",
        "text": "Ebu Hureyre'den rivayet edilmiştir: Peygamber (ﷺ) şöyle dedi: \"Ben, müminlere bu dünyada ve ahirette, kendi nefislerinden daha yakınım ve isterseniz, Allah'ın beyanını okuyabilirsiniz: 'Peygamber (ﷺ), müminlere kendi nefislerinden daha yakındır.' (33.6) Öyleyse, eğer gerçek bir mümin ölür ve geride bir mal bırakırsa, bu babasının mirasçılarına aittir; eğer geride ödenmesi gereken bir borç veya muhtaç bir nesil bırakırsa, o zaman onlar bana gelmelidir, çünkü ben merhumun velisiyim.\""
      }
    },
    {
      "id": 16,
      "idInBook": 16,
      "chapterId": 43,
      "bookId": 1,
      "arabic": "حَدَّثَنَا مُسَدَّدٌ، حَدَّثَنَا عَبْدُ الأَعْلَى، عَنْ مَعْمَرٍ، عَنْ هَمَّامِ بْنِ مُنَبِّهٍ، أَخِي وَهْبِ بْنِ مُنَبِّهٍ أَنَّهُ سَمِعَ أَبَا هُرَيْرَةَ ـ رضى الله عنه ـ يَقُولُ قَالَ رَسُولُ اللَّهِ صلى الله عليه وسلم ‏\n\"‏ مَطْلُ الْغَنِيِّ ظُلْمٌ ‏\"‏‏.‏",
      "english": {
        "narrator": "Narrated Abu Huraira:",
        "text": "Allah's Messenger (ﷺ) said, \"Procrastination (delay) in repaying debts by a wealthy person is injustice.\""
      },
      "turkish": {
        "narrator": "Narrated Abu Huraira:",
        "text": "Ebu Hureyre (ra) rivayet etti: Allah'ın Elçisi (ﷺ) şöyle dedi: \"Zengin bir kişinin borçlarını ödemekte gecikmesi adaletsizliktir.\""
      }
    },
    {
      "id": 17,
      "idInBook": 17,
      "chapterId": 43,
      "bookId": 1,
      "arabic": "حَدَّثَنَا مُسَدَّدٌ، حَدَّثَنَا يَحْيَى، عَنْ شُعْبَةَ، عَنْ سَلَمَةَ، عَنْ أَبِي سَلَمَةَ، عَنْ أَبِي هُرَيْرَةَ ـ رضى الله عنه ـ أَتَى النَّبِيَّ صلى الله عليه وسلم رَجُلٌ يَتَقَاضَاهُ فَأَغْلَظَ لَهُ فَهَمَّ بِهِ أَصْحَابُهُ‏.‏ فَقَالَ ‏\n\"‏ دَعُوهُ فَإِنَّ لِصَاحِبِ الْحَقِّ مَقَالاً ‏\"‏‏.‏",
      "english": {
        "narrator": "Narrated Abu Huraira:",
        "text": "A man came to the Prophet (ﷺ) and demanded his debts and used harsh words. The companions of the \nProphet wanted to harm him, but the Prophet (ﷺ) said, \"Leave him, as the creditor (owner of the right) has \nthe right to speak.\""
      },
      "turkish": {
        "narrator": "Narrated Abu Huraira:",
        "text": "Ebu Hureyre (ra) rivayet etti: Bir adam, Peygamber (ﷺ)'e geldi ve borçlarını talep etti, sert sözler kullandı. Peygamber'in (ﷺ) arkadaşları ona zarar vermek istediler, fakat Peygamber (ﷺ) dedi ki: \"Onu bırakın, çünkü alacaklının (hak sahibinin) konuşma hakkı vardır.\""
      }
    },
    {
      "id": 18,
      "idInBook": 18,
      "chapterId": 43,
      "bookId": 1,
      "arabic": "حَدَّثَنَا أَحْمَدُ بْنُ يُونُسَ، حَدَّثَنَا زُهَيْرٌ، حَدَّثَنَا يَحْيَى بْنُ سَعِيدٍ، قَالَ أَخْبَرَنِي أَبُو بَكْرِ بْنُ مُحَمَّدِ بْنِ عَمْرِو بْنِ حَزْمٍ، أَنَّ عُمَرَ بْنَ عَبْدِ الْعَزِيزِ، أَخْبَرَهُ أَنَّ أَبَا بَكْرِ بْنَ عَبْدِ الرَّحْمَنِ بْنِ الْحَارِثِ بْنِ هِشَامٍ أَخْبَرَهُ أَنَّهُ، سَمِعَ أَبَا هُرَيْرَةَ ـ رضى الله عنه ـ يَقُولُ قَالَ رَسُولُ اللَّهِ صلى الله عليه وسلم أَوْ قَالَ سَمِعْتُ رَسُولَ اللَّهِ صلى الله عليه وسلم يَقُولُ ‏\n\"‏ مَنْ أَدْرَكَ مَالَهُ بِعَيْنِهِ عِنْدَ رَجُلٍ أَوْ إِنْسَانٍ قَدْ أَفْلَسَ، فَهْوَ أَحَقُّ بِهِ مِنْ غَيْرِهِ ‏\"‏‏.‏",
      "english": {
        "narrator": "Narrated Abu Huraira:",
        "text": "Allah's Messenger (ﷺ) said, \"If a man finds his very things with a bankrupt, he has more right to take them \nback than anyone else.\""
      },
      "turkish": {
        "narrator": "Narrated Abu Huraira:",
        "text": "Ebu Hureyre (ra) rivayet etti: Allah'ın Elçisi (ﷺ) şöyle dedi: \"Eğer bir adam, kendi eşyalarını iflas etmiş birinin yanında bulursa, onları geri alma hakkı diğerlerinden daha fazladır.\""
      }
    },
    {
      "id": 19,
      "idInBook": 19,
      "chapterId": 43,
      "bookId": 1,
      "arabic": "حَدَّثَنَا مُسَدَّدٌ، حَدَّثَنَا يَزِيدُ بْنُ زُرَيْعٍ، حَدَّثَنَا حُسَيْنٌ الْمُعَلِّمُ، حَدَّثَنَا عَطَاءُ بْنُ أَبِي رَبَاحٍ، عَنْ جَابِرِ بْنِ عَبْدِ اللَّهِ ـ رضى الله عنهما ـ قَالَ أَعْتَقَ رَجُلٌ غُلاَمًا لَهُ عَنْ دُبُرٍ فَقَالَ النَّبِيُّ صلى الله عليه وسلم ‏\n\"‏ مَنْ يَشْتَرِيهِ مِنِّي ‏\"‏‏.‏ فَاشْتَرَاهُ نُعَيْمُ بْنُ عَبْدِ اللَّهِ، فَأَخَذَ ثَمَنَهُ، فَدَفَعَهُ إِلَيْهِ‏.‏",
      "english": {
        "narrator": "Narrated Jabir bin `Abdullah:",
        "text": "A man pledged that his slave would be manumitted after his death. The Prophet (ﷺ) asked, \"Who will buy \nthe slave from me?\" Nu'aim bin `Abdullah bought the slave and the Prophet (ﷺ) took its price and gave it \nto the owner."
      },
      "turkish": {
        "narrator": "Narrated Jabir bin `Abdullah:",
        "text": "Cabir bin Abdullah (ra) rivayet etti: Bir adam, kölesinin ölümünden sonra serbest bırakılacağına dair söz verdi. Peygamber (ﷺ) sordu: \"Köleyi benden kim satın alacak?\" Nu'aim bin Abdullah köleyi satın aldı ve Peygamber (ﷺ) onun bedelini aldı ve sahibine verdi."
      }
    },
    {
      "id": 20,
      "idInBook": 20,
      "chapterId": 43,
      "bookId": 1,
      "arabic": "وَقَالَ اللَّيْثُ حَدَّثَنِي جَعْفَرُ بْنُ رَبِيعَةَ، عَنْ عَبْدِ الرَّحْمَنِ بْنِ هُرْمُزَ، عَنْ أَبِي هُرَيْرَةَ ـ رضى الله عنه ـ عَنْ رَسُولِ اللَّهِ صلى الله عليه وسلم أَنَّهُ ذَكَرَ رَجُلاً مِنْ بَنِي إِسْرَائِيلَ، سَأَلَ بَعْضَ بَنِي إِسْرَائِيلَ أَنْ يُسْلِفَهُ، فَدَفَعَهَا إِلَيْهِ إِلَى أَجَلٍ مُسَمًّى‏.‏ فَذَكَرَ الْحَدِيثَ‏.‏",
      "english": {
        "narrator": "Narrated Abu Hurairah (ra):",
        "text": "Allah's Messenger (ﷺ) mentioned an Israeli man who asked another Israeli to lend him money, and the latter gave it to him for a fixed period. (Abu Hurairah mentioned the rest of narration) "
      },
      "turkish": {
        "narrator": "Narrated Abu Hurairah (ra):",
        "text": "Ebu Hureyre (ra) rivayet etti: Allah'ın Elçisi (ﷺ), bir İsrailoğlunun diğer bir İsrailoğlundan kendisine borç vermesini istediğini ve bunun üzerine diğerinin ona belirli bir süre için borç verdiğini anlattı. (Ebu Hureyre, rivayetin geri kalanını anlattı.)"
      }
    },
    {
      "id": 21,
      "idInBook": 21,
      "chapterId": 43,
      "bookId": 1,
      "arabic": "حَدَّثَنَا مُوسَى، حَدَّثَنَا أَبُو عَوَانَةَ، عَنْ مُغِيرَةَ، عَنْ عَامِرٍ، عَنْ جَابِرٍ ـ رضى الله عنه ـ قَالَ أُصِيبَ عَبْدُ اللَّهِ وَتَرَكَ عِيَالاً وَدَيْنًا، فَطَلَبْتُ إِلَى أَصْحَابِ الدَّيْنِ أَنْ يَضَعُوا بَعْضًا مِنْ دَيْنِهِ فَأَبَوْا، فَأَتَيْتُ النَّبِيَّ صلى الله عليه وسلم فَاسْتَشْفَعْتُ بِهِ عَلَيْهِمْ فَأَبَوْا، فَقَالَ ‏\"‏ صَنِّفْ تَمْرَكَ كُلَّ شَىْءٍ مِنْهُ عَلَى حِدَتِهِ، عِذْقَ ابْنِ زَيْدٍ عَلَى حِدَةٍ، وَاللِّينَ عَلَى حِدَةٍ، وَالْعَجْوَةَ عَلَى حِدَةٍ، ثُمَّ أَحْضِرْهُمْ حَتَّى آتِيَكَ ‏\"‏‏.‏ فَفَعَلْتُ، ثُمَّ جَاءَ صلى الله عليه وسلم فَقَعَدَ عَلَيْهِ، وَكَالَ لِكُلِّ رَجُلٍ حَتَّى اسْتَوْفَى، وَبَقِيَ التَّمْرُ كَمَا هُوَ كَأَنَّهُ لَمْ يُمَسَّ‏.‏ وَغَزَوْتُ مَعَ النَّبِيِّ صلى الله عليه وسلم عَلَى نَاضِحٍ لَنَا، فَأَزْحَفَ الْجَمَلُ فَتَخَلَّفَ عَلَىَّ فَوَكَزَهُ النَّبِيُّ صلى الله عليه وسلم مِنْ خَلْفِهِ، قَالَ ‏\"‏ بِعْنِيهِ وَلَكَ ظَهْرُهُ إِلَى الْمَدِينَةِ ‏\"‏‏.‏ فَلَمَّا دَنَوْنَا اسْتَأْذَنْتُ قُلْتُ يَا رَسُولَ اللَّهِ إِنِّي حَدِيثُ عَهْدٍ بِعُرْسٍ‏.‏ قَالَ صلى الله عليه وسلم ‏\"‏ فَمَا تَزَوَّجْتَ بِكْرًا أَمْ ثَيِّبًا ‏\"‏‏.‏ قُلْتُ ثَيِّبًا، أُصِيبَ عَبْدُ اللَّهِ وَتَرَكَ جَوَارِيَ صِغَارًا، فَتَزَوَّجْتُ ثَيِّبًا تُعَلِّمُهُنَّ وَتُؤَدِّبُهُنَّ، ثُمَّ قَالَ ‏\"‏ ائْتِ أَهْلَكَ ‏\"‏‏.‏ فَقَدِمْتُ فَأَخْبَرْتُ خَالِي بِبَيْعِ الْجَمَلِ فَلاَمَنِي، فَأَخْبَرْتُهُ بِإِعْيَاءِ الْجَمَلِ، وَبِالَّذِي كَانَ مِنَ النَّبِيِّ صلى الله عليه وسلم وَوَكْزِهِ إِيَّاهُ، فَلَمَّا قَدِمَ النَّبِيُّ صلى الله عليه وسلم غَدَوْتُ إِلَيْهِ بِالْجَمَلِ، فَأَعْطَانِي ثَمَنَ الْجَمَلِ وَالْجَمَلَ وَسَهْمِي مَعَ الْقَوْمِ‏.‏",
      "english": {
        "narrator": "Narrated Jabir:",
        "text": "When `Abdullah (my father) died, he left behind children and debts. I asked the lenders to put down \nsome of his debt, but they refused, so I went to the Prophet (ﷺ) to intercede with them, yet they refused. \nThe Prophet (ﷺ) said (to me), \"Classify your dates into their different kinds: 'Adha bin Zaid, Lean and \n'Ajwa, each kind alone and call all the creditors and wait till I come to you.\" I did so and the Prophet (ﷺ) \ncame and sat beside the dates and started measuring to each his due till he paid them fully, and the \namount of dates remained as it was before, as if he had not touched them. \n(On another occasion) I took part in one of Ghazawat among with the Prophet (ﷺ) and I was riding one of \nour camels. The camel got tired and was lagging behind the others. The Prophet (ﷺ) hit it on its back. He \nsaid, \"Sell it to me, and you have the right to ride it till Medina.'' When we approached Medina, I took \nthe permission from the Prophet (ﷺ) to go to my house, saying, \"O Allah's Messenger (ﷺ)! I have newly \nmarried.\" The Prophet (ﷺ) asked, \"Have you married a virgin or a matron (a widow or divorcee)?\" I said, \n\"I have married a matron, as `Abdullah (my father) died and left behind daughters small in their ages, \nso I married a matron who may teach them and bring them up with good manners.\" The Prophet (ﷺ) then \nsaid (to me), \"Go to your family.\" When I went there and told my maternal uncle about the selling of \nthe camel, he admonished me for it. On that I told him about its slowness and exhaustion and about \nwhat the Prophet (ﷺ) had done to the camel and his hitting it. When the Prophet (ﷺ) arrived, I went to him \nwith the camel in the morning and he gave me its price, the camel itself, and my share from the war \nbooty as he gave the other people."
      },
      "turkish": {
        "narrator": "Narrated Jabir:",
        "text": "Cabir (ra) rivayet etti: Abdullah (babam) öldüğünde, geride çocuklar ve borçlar bıraktı. Ben alacaklılardan borcunun bir kısmını silmelerini istedim, fakat reddettiler. Bunun üzerine Peygamber (ﷺ)'e gidip onlarla arabuluculuk yapmasını istedim, ama yine reddettiler. Peygamber (ﷺ) bana dedi ki: \"Hurmalıklarını farklı türlerine ayır: 'Adha bin Zaid, Zayıf ve 'Ajwa, her türü ayrı ayrı ve tüm alacaklıları çağır ve benim sana gelmemi bekle.\" Ben de öyle yaptım ve Peygamber (ﷺ) geldi, hurmaların yanına oturdu ve her birine hak ettiği kadar ölçmeye başladı, ta ki hepsine tam olarak ödeyene kadar, ve hurma miktarı daha önceki gibi kaldı, sanki onlara dokunmamış gibiydi. (Başka bir zamanda) Peygamber (ﷺ) ile birlikte bir gazveye katıldım ve bizim develerimizden birinin üzerinde idim. Deve yorgun düştü ve diğerlerinden geride kaldı. Peygamber (ﷺ) ona sırtına vurdu. \"Bana sat, Medine'ye kadar binme hakkına sahipsin.\" dedi. Medine'ye yaklaştığımızda, Peygamber (ﷺ)'den evime gitmek için izin istedim, \"Ey Allah'ın Elçisi (ﷺ)! Yeni evlendim.\" dedim. Peygamber (ﷺ) sordu: \"Bakire mi, yoksa dul mu (veya boşanmış mı) ile evlendin?\" Ben de: \"Dul ile evlendim, çünkü Abdullah (babam) öldü ve geride küçük kızlar bıraktı, bu yüzden onlara iyi ahlakla eğitecek bir dul ile evlendim.\" Peygamber (ﷺ) bana: \"Ailene git.\" dedi. Oraya gittiğimde, amcama devenin satışını anlattım, o da beni bu konuda uyardı. Bunun üzerine devenin yavaşlığını ve yorgunluğunu ve Peygamber (ﷺ)'in deveye ne yaptığını ve ona vurduğunu anlattım. Peygamber (ﷺ) sabah geldiğinde, ben de deve ile yanına gittim ve bana onun bedelini, deveyi ve savaş ganimetinden payımı verdi, diğer insanlara verdiği gibi."
      }
    },
    {
      "id": 22,
      "idInBook": 22,
      "chapterId": 43,
      "bookId": 1,
      "arabic": "حَدَّثَنَا أَبُو نُعَيْمٍ، حَدَّثَنَا سُفْيَانُ، عَنْ عَبْدِ اللَّهِ بْنِ دِينَارٍ، سَمِعْتُ ابْنَ عُمَرَ ـ رضى الله عنهما ـ قَالَ قَالَ رَجُلٌ لِلنَّبِيِّ صلى الله عليه وسلم إِنِّي أُخْدَعُ فِي الْبُيُوعِ‏.‏ فَقَالَ ‏\n\"‏ إِذَا بَايَعْتَ فَقُلْ لاَ خِلاَبَةَ ‏\"‏‏.‏ فَكَانَ الرَّجُلُ يَقُولُهُ‏.‏",
      "english": {
        "narrator": "Narrated Ibn `Umar:",
        "text": "A man came to the Prophet (ﷺ) and said, \"I am often betrayed in bargaining.\" The Prophet (ﷺ) advised him, \n\"When you buy something, say (to the seller), 'No deception.\" The man used to say so afterwards."
      },
      "turkish": {
        "narrator": "Narrated Ibn `Umar:",
        "text": "İbn Ömer (ra) rivayet etti: Bir adam, Peygamber (ﷺ)'e geldi ve \"Pazarlıkta sık sık aldatılıyorum.\" dedi. Peygamber (ﷺ) ona tavsiyede bulundu: \"Bir şey satın aldığında, (satıcıya) de ki: 'Aldatmak yok.'\" Adam daha sonra bunu söylemeye başladı."
      }
    },
    {
      "id": 23,
      "idInBook": 23,
      "chapterId": 43,
      "bookId": 1,
      "arabic": "حَدَّثَنَا عُثْمَانُ، حَدَّثَنَا جَرِيرٌ، عَنْ مَنْصُورٍ، عَنِ الشَّعْبِيِّ، عَنْ وَرَّادٍ، مَوْلَى الْمُغِيرَةِ بْنِ شُعْبَةَ عَنِ الْمُغِيرَةِ بْنِ شُعْبَةَ، قَالَ قَالَ النَّبِيُّ صلى الله عليه وسلم ‏\n\"‏ إِنَّ اللَّهَ حَرَّمَ عَلَيْكُمْ عُقُوقَ الأُمَّهَاتِ، وَوَأْدَ الْبَنَاتِ، وَمَنَعَ وَهَاتِ، وَكَرِهَ لَكُمْ قِيلَ وَقَالَ، وَكَثْرَةَ السُّؤَالِ، وَإِضَاعَةَ الْمَالِ ‏\"‏‏.‏",
      "english": {
        "narrator": "Narrated Al-Mughira bin Shu`ba:",
        "text": "The Prophet (ﷺ) said, \"Allah has forbidden for you, (1) to be undutiful to your mothers, (2) to bury your \ndaughters alive, (3) to not to pay the rights of the others (e.g. charity, etc.) and (4) to beg of men \n(begging). And Allah has hated for you (1) vain, useless talk, or that you talk too much about others, \n(2) to ask too many questions, (in disputed religious matters) and (3) to waste the wealth (by \nextravagance)."
      },
      "turkish": {
        "narrator": "Narrated Al-Mughira bin Shu`ba:",
        "text": "El-Muğira bin Şu'ba (ra) rivayet etti: Peygamber (ﷺ) şöyle dedi: \"Allah, size (1) annelerinize karşı nankör olmayı, (2) kızlarınızı diri diri gömmeyi, (3) başkalarının haklarını ödememeyi (örneğin, sadaka vb.) ve (4) insanlardan dilenmeyi yasaklamıştır. Ve Allah, size (1) boş, faydasız konuşmayı, ya da başkaları hakkında çok konuşmayı, (2) çok fazla soru sormayı (tartışmalı dini konularda) ve (3) serveti israf etmeyi (savurganlıkla) sevmez.\""
      }
    },
    {
      "id": 24,
      "idInBook": 24,
      "chapterId": 43,
      "bookId": 1,
      "arabic": "حَدَّثَنَا أَبُو الْيَمَانِ، أَخْبَرَنَا شُعَيْبٌ، عَنِ الزُّهْرِيِّ، قَالَ أَخْبَرَنِي سَالِمُ بْنُ عَبْدِ اللَّهِ، عَنْ عَبْدِ اللَّهِ بْنِ عُمَرَ ـ رضى الله عنهما ـ أَنَّهُ سَمِعَ رَسُولَ اللَّهِ صلى الله عليه وسلم يَقُولُ ‏\"‏ كُلُّكُمْ رَاعٍ وَمَسْئُولٌ عَنْ رَعِيَّتِهِ، فَالإِمَامُ رَاعٍ، وَهْوَ مَسْئُولٌ عَنْ رَعِيَّتِهِ، وَالرَّجُلُ فِي أَهْلِهِ رَاعٍ، وَهْوَ مَسْئُولٌ عَنْ رَعِيَّتِهِ، وَالْمَرْأَةُ فِي بَيْتِ زَوْجِهَا رَاعِيَةٌ وَهْىَ مَسْئُولَةٌ عَنْ رَعِيَّتِهَا، وَالْخَادِمُ فِي مَالِ سَيِّدِهِ رَاعٍ، وَهْوَ مَسْئُولٌ عَنْ رَعِيَّتِهِ ‏\"‏‏.‏ قَالَ فَسَمِعْتُ هَؤُلاَءِ مِنْ رَسُولِ اللَّهِ صلى الله عليه وسلم وَأَحْسِبُ النَّبِيَّ صلى الله عليه وسلم قَالَ ‏\"‏ وَالرَّجُلُ فِي مَالِ أَبِيهِ رَاعٍ، وَهْوَ مَسْئُولٌ عَنْ رَعِيَّتِهِ، فَكُلُّكُمْ رَاعٍ، وَكُلُّكُمْ مَسْئُولٌ عَنْ رَعِيَّتِهِ ‏\"‏‏.‏",
      "english": {
        "narrator": "Narrated `Abdullah bin `Umar:",
        "text": "I heard Allah's Messenger (ﷺ) saying, \"Everyone of you is a guardian, and responsible for what is in his \ncustody. The ruler is a guardian of his subjects and responsible for them; a husband is a guardian of \nhis family and is responsible for it; a lady is a guardian of her husband's house and is responsible for \nit, and a servant is a guardian of his master's property and is responsible for it.\" I heard that from \nAllah's Messenger (ﷺ) and I think that the Prophet (ﷺ) also said, \"A man is a guardian of is father's property and \nis responsible for it, so all of you are guardians and responsible for your wards and things under your \ncare.\""
      },
      "turkish": {
        "narrator": "Narrated `Abdullah bin `Umar:",
        "text": "Abdullah bin Ömer (ra) rivayet etti: Allah'ın Elçisi (ﷺ)'in şöyle dediğini duydum: \"Hepiniz birer emanetçisiniz ve elinizdeki şeylerden sorumlusunuz. Yönetici, tebaasının emanetçisidir ve onlardan sorumludur; bir koca, ailesinin emanetçisidir ve ondan sorumludur; bir kadın, kocasının evinin emanetçisidir ve ondan sorumludur; bir hizmetçi, efendisinin malının emanetçisidir ve ondan sorumludur.\" Bunu Allah'ın Elçisi (ﷺ)'nden duydum ve sanırım Peygamber (ﷺ) ayrıca şöyle dedi: \"Bir adam, babasının malının emanetçisidir ve ondan sorumludur, bu yüzden hepiniz emanetçisiniz ve korumanız altındaki şeylerden sorumlusunuz.\""
      }
    }
  ],
  "chapter": {
    "id": 43,
    "bookId": 1,
    "arabic": "كتاب فى الاستقراض",
    "english": "Loans, Payment of Loans, Freezing of Property, Bankruptcy"
  }
}