{
  "metadata": {
    "length": 15,
    "arabic": {
      "title": "صحيح البخاري",
      "author": "الإمام محمد بن إسماعيل البخاري",
      "introduction": "كتاب الخصومات"
    },
    "english": {
      "title": "Sahih al-Bukhari",
      "author": "Imam Muhammad ibn Ismail al-Bukhari",
      "introduction": "Khusoomaat"
    }
  },
  "hadiths": [
    {
      "id": 1,
      "idInBook": 1,
      "chapterId": 44,
      "bookId": 1,
      "arabic": "حَدَّثَنَا أَبُو الْوَلِيدِ، حَدَّثَنَا شُعْبَةُ، قَالَ عَبْدُ الْمَلِكِ بْنُ مَيْسَرَةَ أَخْبَرَنِي قَالَ سَمِعْتُ النَّزَّالَ، سَمِعْتُ عَبْدَ اللَّهِ، يَقُولُ سَمِعْتُ رَجُلاً، قَرَأَ آيَةً سَمِعْتُ مِنَ النَّبِيِّ، صلى الله عليه وسلم خِلاَفَهَا، فَأَخَذْتُ بِيَدِهِ، فَأَتَيْتُ بِهِ رَسُولَ اللَّهِ صلى الله عليه وسلم فَقَالَ ‏\"‏ كِلاَكُمَا مُحْسِنٌ ‏\"‏‏.‏ قَالَ شُعْبَةُ أَظُنُّهُ قَالَ ‏\"‏ لاَ تَخْتَلِفُوا فَإِنَّ مَنْ كَانَ قَبْلَكُمُ اخْتَلَفُوا فَهَلَكُوا ‏\"‏‏.‏",
      "english": {
        "narrator": "Narrated `Abdullah:",
        "text": "I heard a man reciting a verse (of the Holy Qur'an) but I had heard the Prophet (ﷺ) reciting it differently. \nSo, I caught hold of the man by the hand and took him to Allah's Messenger (ﷺ) who said, \"Both of you are \nright.\" Shu`ba, the sub-narrator said, \"I think he said to them, \"Don't differ, for the nations before you \ndiffered and perished (because of their differences). \""
      },
      "turkish": {
        "narrator": "Narrated `Abdullah:",
        "text": "Abdullah'dan rivayet edilmiştir: Bir adamın (Kuran'dan) bir ayet okuduğunu duydum ama ben Resulullah'ın (ﷺ) onu farklı bir şekilde okuduğunu duymuştum. Bunun üzerine adamı elinden tutup Allah'ın Resulü'ne (ﷺ) götürdüm. O da, \"İkiniz de doğrusunuz.\" dedi. Şu'ba, alt rivayetçi olarak şöyle dedi: \"Onlara, 'Farklılık göstermeyin, zira sizden önceki milletler farklılık gösterdiler ve helak oldular.' dediğini düşünüyorum.\""
      }
    },
    {
      "id": 2,
      "idInBook": 2,
      "chapterId": 44,
      "bookId": 1,
      "arabic": "حَدَّثَنَا يَحْيَى بْنُ قَزَعَةَ، حَدَّثَنَا إِبْرَاهِيمُ بْنُ سَعْدٍ، عَنِ ابْنِ شِهَابٍ، عَنْ أَبِي سَلَمَةَ، وَعَبْدِ الرَّحْمَنِ الأَعْرَجِ، عَنْ أَبِي هُرَيْرَةَ ـ رضى الله عنه ـ قَالَ اسْتَبَّ رَجُلاَنِ رَجُلٌ مِنَ الْمُسْلِمِينَ وَرَجُلٌ مِنَ الْيَهُودِ، قَالَ الْمُسْلِمُ وَالَّذِي اصْطَفَى مُحَمَّدًا عَلَى الْعَالَمِينَ، فَقَالَ الْيَهُودِيُّ وَالَّذِي اصْطَفَى مُوسَى عَلَى الْعَالَمِينَ‏.‏ فَرَفَعَ الْمُسْلِمُ يَدَهُ عِنْدَ ذَلِكَ فَلَطَمَ وَجْهَ الْيَهُودِيِّ، فَذَهَبَ الْيَهُودِيُّ إِلَى النَّبِيِّ صلى الله عليه وسلم فَأَخْبَرَهُ بِمَا كَانَ مِنْ أَمْرِهِ وَأَمْرِ الْمُسْلِمِ، فَدَعَا النَّبِيُّ صلى الله عليه وسلم الْمُسْلِمَ فَسَأَلَهُ عَنْ ذَلِكَ، فَأَخْبَرَهُ فَقَالَ النَّبِيُّ صلى الله عليه وسلم ‏\n\"‏ لاَ تُخَيِّرُونِي عَلَى مُوسَى، فَإِنَّ النَّاسَ يَصْعَقُونَ يَوْمَ الْقِيَامَةِ، فَأَصْعَقُ مَعَهُمْ، فَأَكُونُ أَوَّلَ مَنْ يُفِيقُ، فَإِذَا مُوسَى بَاطِشٌ جَانِبَ الْعَرْشِ، فَلاَ أَدْرِي أَكَانَ فِيمَنْ صَعِقَ فَأَفَاقَ قَبْلِي، أَوْ كَانَ مِمَّنِ اسْتَثْنَى اللَّهُ ‏\"‏‏.‏",
      "english": {
        "narrator": "Narrated Abu Huraira:",
        "text": "Two persons, a Muslim and a Jew, quarreled. The Muslim said, \"By Him Who gave Muhammad \nsuperiority over all the people! The Jew said, \"By Him Who gave Moses superiority over all the \npeople!\" At that the Muslim raised his hand and slapped the Jew on the face. The Jew went to the \nProphet and informed him of what had happened between him and the Muslim. The Prophet (ﷺ) sent for \nthe Muslim and asked him about it. The Muslim informed him of the event. The Prophet (ﷺ) said, \"Do not \ngive me superiority over Moses, for on the Day of Resurrection all the people will fall unconscious \nand I will be one of them, but I will. be the first to gain consciousness, and will see Moses standing \nand holding the side of the Throne (of Allah). I will not know whether (Moses) has also fallen \nunconscious and got up before me, or Allah has exempted him from that stroke.\""
      },
      "turkish": {
        "narrator": "Narrated Abu Huraira:",
        "text": "Ebu Hureyre'den rivayet edilmiştir: İki kişi, bir Müslüman ve bir Yahudi, tartıştılar. Müslüman, \"Muhammed'e bütün insanlardan üstünlük veren Allah'a yemin ederim!\" dedi. Yahudi ise, \"Musa'ya bütün insanlardan üstünlük veren Allah'a yemin ederim!\" dedi. Bunun üzerine Müslüman elini kaldırdı ve Yahudiye tokat attı. Yahudi, Peygamber'e (ﷺ) gidip Müslümanla arasında geçenleri anlattı. Peygamber (ﷺ) Müslümanı çağırdı ve ona durumu sordu. Müslüman olayı anlattı. Peygamber (ﷺ) dedi ki: \"Musa'ya benden üstünlük verme, zira Kıyamet Günü bütün insanlar bayılacak ve ben de onlardan biri olacağım, ama ben ilk uyanan olacağım ve Musa'nın Arş'ın kenarını tutarak ayakta durduğunu göreceğim. (Musa'nın) benim önümde bayılıp bayılmadığını ya da Allah'ın onu bu bayılmadan muaf tutup tutmadığını bilemeyeceğim.\""
      }
    },
    {
      "id": 3,
      "idInBook": 3,
      "chapterId": 44,
      "bookId": 1,
      "arabic": "حَدَّثَنَا مُوسَى بْنُ إِسْمَاعِيلَ، حَدَّثَنَا وُهَيْبٌ، حَدَّثَنَا عَمْرُو بْنُ يَحْيَى، عَنْ أَبِيهِ، عَنْ أَبِي سَعِيدٍ الْخُدْرِيِّ ـ رضى الله عنه ـ قَالَ بَيْنَمَا رَسُولُ اللَّهِ صلى الله عليه وسلم جَالِسٌ جَاءَ يَهُودِيٌّ، فَقَالَ يَا أَبَا الْقَاسِمِ ضَرَبَ وَجْهِي رَجُلٌ مِنْ أَصْحَابِكَ‏.‏ فَقَالَ ‏\"‏ مَنْ ‏\"‏‏.‏ قَالَ رَجُلٌ مِنَ الأَنْصَارِ‏.‏ قَالَ ‏\"‏ ادْعُوهُ ‏\"‏‏.‏ فَقَالَ ‏\"‏ أَضَرَبْتَهُ ‏\"‏‏.‏ قَالَ سَمِعْتُهُ بِالسُّوقِ يَحْلِفُ وَالَّذِي اصْطَفَى مُوسَى عَلَى الْبَشَرِ‏.‏ قُلْتُ أَىْ خَبِيثُ، عَلَى مُحَمَّدٍ صلى الله عليه وسلم فَأَخَذَتْنِي غَضْبَةٌ ضَرَبْتُ وَجْهَهُ‏.‏ فَقَالَ النَّبِيُّ صلى الله عليه وسلم ‏\"‏ لاَ تُخَيِّرُوا بَيْنَ الأَنْبِيَاءِ، فَإِنَّ النَّاسَ يَصْعَقُونَ يَوْمَ الْقِيَامَةِ، فَأَكُونُ أَوَّلَ مَنْ تَنْشَقُّ عَنْهُ الأَرْضُ، فَإِذَا أَنَا بِمُوسَى آخِذٌ بِقَائِمَةٍ مِنْ قَوَائِمِ الْعَرْشِ، فَلاَ أَدْرِي أَكَانَ فِيمَنْ صَعِقَ، أَمْ حُوسِبَ بِصَعْقَةِ الأُولَى ‏\"‏‏.‏",
      "english": {
        "narrator": "Narrated Abu Sa`id Al-Khudri:",
        "text": "While Allah's Messenger (ﷺ) was sitting, a Jew came and said, \"O Abul Qasim! One of your companions has \nslapped me on my face.\" The Prophet (ﷺ) asked who that was. He replied that he was one of the Ansar. \nThe Prophet (ﷺ) sent for him, and on his arrival, he asked him whether he had beaten the Jew. He (replied \nin the affirmative and) said, \"I heard him taking an oath in the market saying, 'By Him Who gave \nMoses superiority over all the human beings.' I said, 'O wicked man! (Has Allah given Moses \nsuperiority) even over Muhammad I became furious and slapped him over his face.\" The Prophet (ﷺ) said, \n\"Do not give a prophet superiority over another, for on the Day of Resurrection all the people will fall \nunconscious and I will be the first to emerge from the earth, and will see Moses standing and holding \none of the legs of the Throne. I will not know whether Moses has fallen unconscious or the first \nunconsciousness was sufficient for him.\""
      },
      "turkish": {
        "narrator": "Narrated Abu Sa`id Al-Khudri:",
        "text": "Ebu Said el-Hudri'den rivayet edilmiştir: Allah'ın Resulü (ﷺ) otururken bir Yahudi geldi ve \"Ey Ebu'l-Kasım! Arkadaşlarından biri yüzüme tokat attı.\" dedi. Peygamber (ﷺ) bunun kim olduğunu sordu. O da, \"O, Ensar'dan biri.\" diye cevap verdi. Peygamber (ﷺ) onu çağırdı ve geldiğinde ona Yahudiye vurup vurmadığını sordu. O (evet dedi ve) \"Pazarda, 'Musa'ya bütün insanlardan üstünlük veren Allah'a yemin ederim.' diye yemin ettiğini duydum. Ben de, 'Ey kötü adam! (Allah Musa'ya) Muhammed'den bile üstünlük mü verdi?' dedim, bu yüzden öfkelendim ve yüzüne tokat attım.\" dedi. Peygamber (ﷺ) şöyle dedi: \"Bir peygambere diğerine üstünlük verme, zira Kıyamet Günü bütün insanlar bayılacak ve ben yerden ilk çıkan olacağım ve Musa'nın Arş'ın bir bacağını tutarak ayakta durduğunu göreceğim. Musa'nın bayılıp bayılmadığını ya da ilk bayılmanın ona yeterli olup olmadığını bilemeyeceğim.\""
      }
    },
    {
      "id": 4,
      "idInBook": 4,
      "chapterId": 44,
      "bookId": 1,
      "arabic": "حَدَّثَنَا مُوسَى، حَدَّثَنَا هَمَّامٌ، عَنْ قَتَادَةَ، عَنْ أَنَسٍ ـ رضى الله عنه ـ أَنَّ يَهُودِيًّا، رَضَّ رَأْسَ جَارِيَةٍ بَيْنَ حَجَرَيْنِ، قِيلَ مَنْ فَعَلَ هَذَا بِكِ أَفُلاَنٌ، أَفُلاَنٌ حَتَّى سُمِّيَ الْيَهُودِيُّ فَأَوْمَتْ بِرَأْسِهَا، فَأُخِذَ الْيَهُودِيُّ فَاعْتَرَفَ، فَأَمَرَ بِهِ النَّبِيُّ صلى الله عليه وسلم فَرُضَّ رَأْسُهُ بَيْنَ حَجَرَيْنِ‏.‏",
      "english": {
        "narrator": "Narrated Anas:",
        "text": "A Jew crushed the head of a girl between two stones. The girl was asked who had crushed her head, \nand some names were mentioned before her, and when the name of the Jew was mentioned, she \nnodded agreeing. The Jew was captured and when he confessed, the Prophet (ﷺ) ordered that his head be \ncrushed between two stones."
      },
      "turkish": {
        "narrator": "Narrated Anas:",
        "text": "Enes'ten rivayet edilmiştir: Bir Yahudi, bir kızın başını iki taş arasında ezdi. Kızdan başını kimin ezdiği soruldu ve bazı isimler ona söylenince, Yahudi'nin adı geçtiğinde onayladı. Yahudi yakalandı ve itiraf ettiğinde, Peygamber (ﷺ) onun başının iki taş arasında ezilmesini emretti."
      }
    },
    {
      "id": 5,
      "idInBook": 5,
      "chapterId": 44,
      "bookId": 1,
      "arabic": "حَدَّثَنَا مُوسَى بْنُ إِسْمَاعِيلَ، حَدَّثَنَا عَبْدُ الْعَزِيزِ بْنُ مُسْلِمٍ، حَدَّثَنَا عَبْدُ اللَّهِ بْنُ دِينَارٍ، قَالَ سَمِعْتُ ابْنَ عُمَرَ ـ رضى الله عنهما ـ قَالَ كَانَ رَجُلٌ يُخْدَعُ فِي الْبَيْعِ فَقَالَ لَهُ النَّبِيُّ صلى الله عليه وسلم ‏\n\"‏ إِذَا بَايَعْتَ فَقُلْ لاَ خِلاَبَةَ ‏\"‏‏.‏ فَكَانَ يَقُولُهُ‏.‏",
      "english": {
        "narrator": "Narrated Ibn `Umar:",
        "text": "A man was often cheated in buying. The Prophet (ﷺ) said to him, \"When you buy something, say (to the \nseller), No cheating.\" The man used to say so thenceforward ."
      },
      "turkish": {
        "narrator": "Narrated Ibn `Umar:",
        "text": "İbn Ömer'den rivayet edilmiştir: Bir adam sık sık alışverişte aldatılıyordu. Peygamber (ﷺ) ona, \"Bir şey satın aldığında, (satıcıya) 'Aldatmak yok.' de.\" dedi. Adam bundan sonra hep böyle söyledi."
      }
    },
    {
      "id": 6,
      "idInBook": 6,
      "chapterId": 44,
      "bookId": 1,
      "arabic": "حَدَّثَنَا عَاصِمُ بْنُ عَلِيٍّ، حَدَّثَنَا ابْنُ أَبِي ذِئْبٍ، عَنْ مُحَمَّدِ بْنِ الْمُنْكَدِرِ، عَنْ جَابِرٍ ـ رضى الله عنه ـ أَنَّ رَجُلاً، أَعْتَقَ عَبْدًا لَهُ، لَيْسَ لَهُ مَالٌ غَيْرُهُ، فَرَدَّهُ النَّبِيُّ صلى الله عليه وسلم، فَابْتَاعَهُ مِنْهُ نُعَيْمُ بْنُ النَّحَّامِ‏.‏",
      "english": {
        "narrator": "Narrated Jabir:",
        "text": "A man manumitted a slave and he had no other property than that, so the Prophet (ﷺ) canceled the \nmanumission (and sold the slave for him). Nu'aim bin Al-Nahham bought the slave from him."
      },
      "turkish": {
        "narrator": "Narrated Jabir:",
        "text": "Cabir'den rivayet edilmiştir: Bir adam bir köleyi azat etti ve onun dışında başka bir malı yoktu, bu yüzden Peygamber (ﷺ) azat etmeyi iptal etti ve köleyi onun için sattı. Nu'aim bin el-Nahham köleyi ondan satın aldı."
      }
    },
    {
      "id": 7,
      "idInBook": 7,
      "chapterId": 44,
      "bookId": 1,
      "arabic": "حَدَّثَنَا مُحَمَّدٌ، أَخْبَرَنَا أَبُو مُعَاوِيَةَ، عَنِ الأَعْمَشِ، عَنْ شَقِيقٍ، عَنْ عَبْدِ اللَّهِ ـ رضى الله عنه ـ قَالَ قَالَ رَسُولُ اللَّهِ صلى الله عليه وسلم ‏\"‏ مَنْ حَلَفَ عَلَى يَمِينٍ وَهْوَ فِيهَا فَاجِرٌ لِيَقْتَطِعَ بِهَا مَالَ امْرِئٍ مُسْلِمٍ لَقِيَ اللَّهَ وَهْوَ عَلَيْهِ غَضْبَانُ ‏\"‏‏.‏ قَالَ فَقَالَ الأَشْعَثُ فِيَّ وَاللَّهِ كَانَ ذَلِكَ، كَانَ بَيْنِي وَبَيْنَ رَجُلٍ مِنَ الْيَهُودِ أَرْضٌ فَجَحَدَنِي، فَقَدَّمْتُهُ إِلَى النَّبِيِّ صلى الله عليه وسلم فَقَالَ لِي رَسُولُ اللَّهِ صلى الله عليه وسلم ‏\"‏ أَلَكَ بَيِّنَةٌ ‏\"‏‏.‏ قُلْتُ لاَ‏.‏ قَالَ فَقَالَ لِلْيَهُودِيِّ ‏\"‏ احْلِفْ ‏\"‏‏.‏ قَالَ قُلْتُ يَا رَسُولَ اللَّهِ إِذًا يَحْلِفَ، وَيَذْهَبَ بِمَالِي، فَأَنْزَلَ اللَّهُ تَعَالَى ‏{‏إِنَّ الَّذِينَ يَشْتَرُونَ بِعَهْدِ اللَّهِ وَأَيْمَانِهِمْ ثَمَنًا قَلِيلاً‏}‏ إِلَى آخِرِ الآيَةِ‏.‏",
      "english": {
        "narrator": "Narrated `Abdullah bin Mas`ud:",
        "text": "Allah's Messenger (ﷺ) said, \"Whoever takes a false oath so as to take the property of a Muslim (illegally) \nwill meet Allah while He will be angry with him.\" Al-Ash'ath said: By Allah, that saying concerned \nme. I had common land with a Jew, and the Jew later on denied my ownership, so I took him to the \nProphet who asked me whether I had a proof of my ownership. When I replied in the negative, the \nProphet asked the Jew to take an oath. I said, \"O Allah's Messenger (ﷺ)! He will take an oath and deprive me \nof my property.\" So, Allah revealed the following verse: \"Verily! Those who purchase a little gain at \nthe cost of Allah's covenant and their oaths.\" (3.77)"
      },
      "turkish": {
        "narrator": "Narrated `Abdullah bin Mas`ud:",
        "text": "Abdullah bin Mes'ud'dan rivayet edilmiştir: Allah'ın Resulü (ﷺ) dedi ki: \"Bir Müslümanın malını (hukuksuz olarak) almak için yalan yere yemin eden kimse, Allah ile karşılaştığında O'nun gazabına uğrayacaktır.\" El-Eş'ath dedi ki: \"Vallahi, bu söz benimle ilgiliydi. Bir Yahudi ile ortak arazim vardı ve Yahudi daha sonra mülkiyetimi inkar etti, bu yüzden onu Peygamber'e götürdüm. Peygamber bana mülkiyetimle ilgili bir delilimin olup olmadığını sordu. Ben de hayır dedim. Peygamber Yahudiye yemin etmesini söyledi. Ben, \"Ey Allah'ın Resulü (ﷺ)! O yemin edecek ve beni malımdan mahrum bırakacak.\" dedim. Bunun üzerine Allah şu ayeti indirdi: \"Şüphesiz! Allah'ın ahdi ve yeminleri karşılığında az bir kazanç satın alanlar.\" (3.77)"
      }
    },
    {
      "id": 8,
      "idInBook": 8,
      "chapterId": 44,
      "bookId": 1,
      "arabic": "حَدَّثَنَا عَبْدُ اللَّهِ بْنُ مُحَمَّدٍ، حَدَّثَنَا عُثْمَانُ بْنُ عُمَرَ، أَخْبَرَنَا يُونُسُ، عَنِ الزُّهْرِيِّ، عَنْ عَبْدِ اللَّهِ بْنِ كَعْبِ بْنِ مَالِكٍ، عَنْ كَعْبٍ ـ رضى الله عنه ـ أَنَّهُ تَقَاضَى ابْنَ أَبِي حَدْرَدٍ دَيْنًا كَانَ لَهُ عَلَيْهِ فِي الْمَسْجِدِ، فَارْتَفَعَتْ أَصْوَاتُهُمَا حَتَّى سَمِعَهَا رَسُولُ اللَّهِ صلى الله عليه وسلم وَهْوَ فِي بَيْتِهِ، فَخَرَجَ إِلَيْهِمَا، حَتَّى كَشَفَ سِجْفَ حُجْرَتِهِ فَنَادَى ‏\"‏ يَا كَعْبُ ‏\"‏‏.‏ قَالَ لَبَّيْكَ يَا رَسُولَ اللَّهِ‏.‏ قَالَ ‏\"‏ ضَعْ مِنْ دَيْنِكَ هَذَا ‏\"‏‏.‏ فَأَوْمَأَ إِلَيْهِ، أَىِ الشَّطْرَ‏.‏ قَالَ لَقَدْ فَعَلْتُ يَا رَسُولَ اللَّهِ‏.‏ قَالَ ‏\"‏ قُمْ فَاقْضِهِ ‏\"‏‏.‏",
      "english": {
        "narrator": "Narrated `Abdullah bin Ka`b bin Malik:",
        "text": "Ka`b demanded his debt back from Ibn Abi Hadrad in the Mosque and their voices grew louder till \nAllah's Messenger (ﷺ) heard them while he was in his house. He came out to them raising the curtain of his \nroom and addressed Ka`b, \"O Ka`b!\" Ka`b replied, \"Labaik, O Allah's Messenger (ﷺ).\" (He said to him), \n\"Reduce your debt to one half,\" gesturing with his hand. Ka`b said, \"I have done so, O Allah's \nApostle!\" On that the Prophet (ﷺ) said to Ibn Abi Hadrad, \"Get up and repay the debt, to him.\""
      },
      "turkish": {
        "narrator": "Narrated `Abdullah bin Ka`b bin Malik:",
        "text": "Abdullah bin Ka'b bin Malik'ten rivayet edilmiştir: Ka'b, İbn Ebi Hadrad'dan borcunu camide talep etti ve sesleri yükseldi. Allah'ın Resulü (ﷺ) evinde iken onları duydu. O, odasının perdesini kaldırarak dışarı çıktı ve Ka'b'a hitap etti, \"Ey Ka'b!\" dedi. Ka'b, \"Labaik, ey Allah'ın Resulü (ﷺ).\" diye cevap verdi. O, \"Borç miktarını yarıya indir.\" diyerek elini işaret etti. Ka'b, \"Bunu yaptım, ey Allah'ın Elçisi!\" dedi. Bunun üzerine Peygamber (ﷺ) İbn Ebi Hadrad'a, \"Kalk ve ona borcunu öde.\" dedi."
      }
    },
    {
      "id": 9,
      "idInBook": 9,
      "chapterId": 44,
      "bookId": 1,
      "arabic": "حَدَّثَنَا عَبْدُ اللَّهِ بْنُ يُوسُفَ، أَخْبَرَنَا مَالِكٌ، عَنِ ابْنِ شِهَابٍ، عَنْ عُرْوَةَ بْنِ الزُّبَيْرِ، عَنْ عَبْدِ الرَّحْمَنِ بْنِ عَبْدٍ الْقَارِيِّ، أَنَّهُ قَالَ سَمِعْتُ عُمَرَ بْنَ الْخَطَّابِ ـ رضى الله عنه ـ يَقُولُ سَمِعْتُ هِشَامَ بْنَ حَكِيمِ بْنِ حِزَامٍ، يَقْرَأُ سُورَةَ الْفُرْقَانِ عَلَى غَيْرِ مَا أَقْرَؤُهَا، وَكَانَ رَسُولُ اللَّهِ صلى الله عليه وسلم أَقْرَأَنِيهَا، وَكِدْتُ أَنْ أَعْجَلَ عَلَيْهِ، ثُمَّ أَمْهَلْتُهُ حَتَّى انْصَرَفَ، ثُمَّ لَبَّبْتُهُ بِرِدَائِهِ فَجِئْتُ بِهِ رَسُولَ اللَّهِ صلى الله عليه وسلم فَقُلْتُ إِنِّي سَمِعْتُ هَذَا يَقْرَأُ عَلَى غَيْرِ مَا أَقْرَأْتَنِيهَا، فَقَالَ لِي ‏\"‏ أَرْسِلْهُ ‏\"‏‏.‏ ثُمَّ قَالَ لَهُ ‏\"‏ اقْرَأْ ‏\"‏‏.‏ فَقَرَأَ‏.‏ قَالَ ‏\"‏ هَكَذَا أُنْزِلَتْ ‏\"‏‏.‏ ثُمَّ قَالَ لِي ‏\"‏ اقْرَأْ ‏\"‏‏.‏ فَقَرَأْتُ فَقَالَ ‏\"‏ هَكَذَا أُنْزِلَتْ‏.‏ إِنَّ الْقُرْآنَ أُنْزِلَ عَلَى سَبْعَةِ أَحْرُفٍ فَاقْرَءُوا مِنْهُ مَا تَيَسَّرَ ‏\"‏‏.‏",
      "english": {
        "narrator": "Narrated `Umar bin Al-Khattab:",
        "text": "I heard Hisham bin Hakim bin Hizam reciting Surat-al-Furqan in a way different to that of mine. \nAllah's Messenger (ﷺ) had taught it to me (in a different way). So, I was about to quarrel with him (during \nthe prayer) but I waited till he finished, then I tied his garment round his neck and seized him by it and \nbrought him to Allah's Messenger (ﷺ) and said, \"I have heard him reciting Surat-al-Furqan in a way different \nto the way you taught it to me.\" The Prophet (ﷺ) ordered me to release him and asked Hisham to recite it. \nWhen he recited it, Allah s Apostle said, \"It was revealed in this way.\" He then asked me to recite it. \nWhen I recited it, he said, \"It was revealed in this way. The Qur'an has been revealed in seven \ndifferent ways, so recite it in the way that is easier for you.\""
      },
      "turkish": {
        "narrator": "Narrated `Umar bin Al-Khattab:",
        "text": "Ömer bin Hattab'dan rivayet edilmiştir: Hişam bin Hakim bin Hizam'ın, Furkan Suresi'ni benim okuduğumdan farklı bir şekilde okuduğunu duydum. Allah'ın Resulü (ﷺ) onu bana (farklı bir şekilde) öğretmişti. Bu yüzden onunla (namaz sırasında) tartışmaya kalkıştım ama onun bitirmesini bekledim, sonra onun elbisesini boynuna sardım ve onu Allah'ın Resulü'ne (ﷺ) götürdüm ve \"Onun Furkan Suresi'ni, bana öğrettiğin şekilde okumadığını duydum.\" dedim. Peygamber (ﷺ) beni serbest bırakmamı emretti ve Hişam'a okumayı söyledi. O okuduğunda, Allah'ın Elçisi, \"Bu şekilde indirilmiştir.\" dedi. Sonra benden okumamı istedi. Ben okuduğumda, \"Bu şekilde indirilmiştir. Kuran yedi farklı şekilde indirilmiştir, bu yüzden senin için en kolay olan şekilde oku.\" dedi."
      }
    },
    {
      "id": 10,
      "idInBook": 10,
      "chapterId": 44,
      "bookId": 1,
      "arabic": "حَدَّثَنَا مُحَمَّدُ بْنُ بَشَّارٍ حَدَّثَنَا مُحَمَّدُ بْنُ أَبِي عَدِيٍّ، عَنْ شُعْبَةَ، عَنْ سَعْدِ بْنِ إِبْرَاهِيمَ، عَنْ حُمَيْدِ بْنِ عَبْدِ الرَّحْمَنِ، عَنْ أَبِي هُرَيْرَةَ، عَنِ النَّبِيِّ صلى الله عليه وسلم قَالَ ‏\n\"‏ لَقَدْ هَمَمْتُ أَنْ آمُرَ بِالصَّلاَةِ فَتُقَامَ ثُمَّ أُخَالِفَ إِلَى مَنَازِلِ قَوْمٍ لاَ يَشْهَدُونَ الصَّلاَةَ فَأُحَرِّقَ عَلَيْهِمْ ‏\"‏‏.‏",
      "english": {
        "narrator": "Narrated Abu Huraira:",
        "text": "The Prophet (ﷺ) said, \"No doubt, I intended to order somebody to pronounce the Iqama of the \n(compulsory congregational) prayer and then I would go to the houses of those who do not attend the \nprayer and burn their houses over them.\""
      },
      "turkish": {
        "narrator": "Narrated Abu Huraira:",
        "text": "Ebu Hureyre'den rivayet edilmiştir: Peygamber (ﷺ) dedi ki: \"Şüphesiz, birine (farz cemaat) namazın ikamesini okumasını emretmeyi düşündüm ve sonra namaza gelmeyenlerin evlerine gidip, evlerini üzerlerine ateşe vermeyi düşündüm.\""
      }
    },
    {
      "id": 11,
      "idInBook": 11,
      "chapterId": 44,
      "bookId": 1,
      "arabic": "حَدَّثَنَا عَبْدُ اللَّهِ بْنُ مُحَمَّدٍ، حَدَّثَنَا سُفْيَانُ، عَنِ الزُّهْرِيِّ، عَنْ عُرْوَةَ، عَنْ عَائِشَةَ ـ رضى الله عنها ـ أَنَّ عَبْدَ بْنَ زَمْعَةَ، وَسَعْدَ بْنَ أَبِي وَقَّاصٍ، اخْتَصَمَا إِلَى النَّبِيِّ صلى الله عليه وسلم فِي ابْنِ أَمَةِ زَمْعَةَ فَقَالَ سَعْدٌ يَا رَسُولَ اللَّهِ أَوْصَانِي أَخِي إِذَا قَدِمْتُ أَنْ أَنْظُرَ ابْنَ أَمَةِ زَمْعَةَ فَأَقْبِضَهُ، فَإِنَّهُ ابْنِي‏.‏ وَقَالَ عَبْدُ بْنُ زَمْعَةَ أَخِي وَابْنُ أَمَةِ أَبِي، وُلِدَ عَلَى فِرَاشِ أَبِي‏.‏ فَرَأَى النَّبِيُّ صلى الله عليه وسلم شَبَهًا بَيِّنًا فَقَالَ ‏\n\"‏ هُوَ لَكَ يَا عَبْدُ بْنَ زَمْعَةَ، الْوَلَدُ لِلْفِرَاشِ، وَاحْتَجِبِي مِنْهُ يَا سَوْدَةُ ‏\"‏‏.‏",
      "english": {
        "narrator": "Narrated Aisha:",
        "text": "Abu bin Zam`a and Sa`d bin Abi Waqqas carried the case of their claim of the (ownership) of the son \nof a slave-girl of Zam`a before the Prophet. Sa`d said, \"O Allah's Messenger (ﷺ)! My brother, before his \ndeath, told me that when I would return (to Mecca), I should search for the son of the slave-girl of \nZam`a and take him into my custody as he was his son.\" 'Abu bin Zam`a said, 'the is my brother and \nthe son of the slave-girl of my father, and was born or my father's bed.\" The Prophet (ﷺ) noticed a \nresemblance between `Utba and the boy but he said, \"O 'Abu bin Zam`a! You will get this boy, as the \nson goes to the owner of the bed. You, Sauda, screen yourself from the boy.\""
      },
      "turkish": {
        "narrator": "Narrated Aisha:",
        "text": "Aişe'den rivayet edilmiştir: Ebu bin Zam'a ve Sa'd bin Ebi Vakkas, köle kızı Zam'a'nın oğlunun (sahipliği) davasını Peygamber'e getirdiler. Sa'd dedi ki: \"Ey Allah'ın Resulü (ﷺ)! Kardeşim, ölümünden önce, döndüğümde Zam'a'nın köle kızının oğlunu arayıp onu himayeme almamı söyledi, çünkü o onun oğluydu.\" Ebu bin Zam'a dedi ki: \"O benim kardeşim ve babamın köle kızının oğludur ve babamın yatağında doğmuştur.\" Peygamber (ﷺ) 'Utba ile çocuk arasında bir benzerlik gördü ama şöyle dedi: \"Ey Ebu bin Zam'a! Bu çocuğu alacaksın, çünkü çocuk yatağın sahibine aittir. Sen, Sauda, çocuktan kendini koru.\""
      }
    },
    {
      "id": 12,
      "idInBook": 12,
      "chapterId": 44,
      "bookId": 1,
      "arabic": "حَدَّثَنَا قُتَيْبَةُ، حَدَّثَنَا اللَّيْثُ، عَنْ سَعِيدِ بْنِ أَبِي سَعِيدٍ، أَنَّهُ سَمِعَ أَبَا هُرَيْرَةَ ـ رضى الله عنهما ـ يَقُولُ بَعَثَ رَسُولُ اللَّهِ صلى الله عليه وسلم خَيْلاً قِبَلَ نَجْدٍ، فَجَاءَتْ بِرَجُلٍ مِنْ بَنِي حَنِيفَةَ يُقَالُ لَهُ ثُمَامَةُ بْنُ أُثَالٍ سَيِّدُ أَهْلِ الْيَمَامَةِ، فَرَبَطُوهُ بِسَارِيَةٍ مِنْ سَوَارِي الْمَسْجِدِ، فَخَرَجَ إِلَيْهِ رَسُولُ اللَّهِ صلى الله عليه وسلم قَالَ ‏\"‏ مَا عِنْدَكَ يَا ثُمَامَةُ ‏\"‏‏.‏ قَالَ عِنْدِي يَا مُحَمَّدُ خَيْرٌ‏.‏ فَذَكَرَ الْحَدِيثَ قَالَ ‏\"‏ أَطْلِقُوا ثُمَامَةَ ‏\"‏‏.‏",
      "english": {
        "narrator": "Narrated Abu Huraira:",
        "text": "Allah's Messenger (ﷺ) sent horsemen to Najd and they arrested and brought a man called Thumama bin \nUthal, the chief of Yamama, and they fastened him to one of the pillars of the Mosque. When Allah's \nApostle came up to him; he asked, \"What have you to say, O Thumama?\" He replied, \"I have good \nnews, O Muhammad!\" Abu Huraira narrated the whole narration which ended with the order of the \nProphet \"Release him!\""
      },
      "turkish": {
        "narrator": "Narrated Abu Huraira:",
        "text": "Ebu Hureyre'den rivayet edilmiştir: Allah'ın Resulü (ﷺ) Nejd'e atlılar gönderdi ve Yamama'nın lideri Thumama bin Uthal'ı yakalayıp caminin sütunlarından birine bağladılar. Allah'ın Elçisi ona yaklaştığında, \"Ne söyleyeceksin, ey Thumama?\" diye sordu. O da, \"Sana iyi haberim var, ey Muhammed!\" dedi. Ebu Hureyre, Peygamber'in \"Serbest bırakın!\" emriyle sona eren tüm hikayeyi anlattı."
      }
    },
    {
      "id": 13,
      "idInBook": 13,
      "chapterId": 44,
      "bookId": 1,
      "arabic": "حَدَّثَنَا عَبْدُ اللَّهِ بْنُ يُوسُفَ، حَدَّثَنَا اللَّيْثُ، قَالَ حَدَّثَنِي سَعِيدُ بْنُ أَبِي سَعِيدٍ، سَمِعَ أَبَا هُرَيْرَةَ ـ رضى الله عنه ـ قَالَ بَعَثَ النَّبِيُّ صلى الله عليه وسلم خَيْلاً قِبَلَ نَجْدٍ، فَجَاءَتْ بِرَجُلٍ مِنْ بَنِي حَنِيفَةَ يُقَالُ لَهُ ثُمَامَةُ بْنُ أُثَالٍ فَرَبَطُوهُ بِسَارِيَةٍ مِنْ سَوَارِي الْمَسْجِدِ‏.‏",
      "english": {
        "narrator": "Narrated Abu Huraira:",
        "text": "The Prophet (ﷺ) sent some horsemen to Najd and they arrested and brought a man called Thumama bin \nUthal from the tribe of Bani Hanifa, and they fastened him to one of the pillars of the Mosque."
      },
      "turkish": {
        "narrator": "Narrated Abu Huraira:",
        "text": "Ebu Hureyre'den rivayet edilmiştir: Peygamber (ﷺ) Nejd'e bazı atlılar gönderdi ve Beni Hanife kabilesinden Thumama bin Uthal adında bir adamı yakalayıp caminin sütunlarından birine bağladılar."
      }
    },
    {
      "id": 14,
      "idInBook": 14,
      "chapterId": 44,
      "bookId": 1,
      "arabic": "حَدَّثَنَا يَحْيَى بْنُ بُكَيْرٍ، حَدَّثَنَا اللَّيْثُ، حَدَّثَنَا جَعْفَرُ بْنُ رَبِيعَةَ،‏.‏ وَقَالَ غَيْرُهُ حَدَّثَنِي اللَّيْثُ، قَالَ حَدَّثَنِي جَعْفَرُ بْنُ رَبِيعَةَ، عَنْ عَبْدِ الرَّحْمَنِ بْنِ هُرْمُزَ، عَنْ عَبْدِ اللَّهِ بْنِ كَعْبِ بْنِ مَالِكٍ الأَنْصَارِيِّ، عَنْ كَعْبِ بْنِ مَالِكٍ ـ رضى الله عنه ـ أَنَّهُ كَانَ لَهُ عَلَى عَبْدِ اللَّهِ بْنِ أَبِي حَدْرَدٍ الأَسْلَمِيِّ دَيْنٌ، فَلَقِيَهُ فَلَزِمَهُ، فَتَكَلَّمَا حَتَّى ارْتَفَعَتْ أَصْوَاتُهُمَا، فَمَرَّ بِهِمَا النَّبِيُّ صلى الله عليه وسلم فَقَالَ ‏\n\"‏ يَا كَعْبُ ‏\"‏‏.‏ وَأَشَارَ بِيَدِهِ كَأَنَّهُ يَقُولُ النِّصْفَ، فَأَخَذَ نِصْفَ مَا عَلَيْهِ وَتَرَكَ نِصْفًا‏.‏",
      "english": {
        "narrator": "Narrated `Abdullah bin Ka`b bin Malik Al-Ansari from Ka`b bin Malik:",
        "text": "That `Abdullah bin Abi Hadrad Al-Aslami owed him some debt. Ka`b met him and caught hold of \nhim and they started talking and their voices grew loudest. The Prophet (ﷺ) passed by them and addressed \nKa`b, pointing out to him to reduce the debt to one half. So, Ka`b got one half of the debt and \nexempted the debtor from the other half."
      },
      "turkish": {
        "narrator": "Narrated `Abdullah bin Ka`b bin Malik Al-Ansari from Ka`b bin Malik:",
        "text": "Abdullah bin Ka'b bin Malik el-Ensari'den Ka'b bin Malik'ten rivayet edilmiştir: Abdullah bin Ebi Hadrad el-Eslemî ona bir borçlu idi. Ka'b onu gördü ve ona sarıldı ve konuşmaya başladılar ve sesleri yükseldi. Peygamber (ﷺ) yanlarından geçti ve Ka'b'a hitap etti, borcu yarıya indirmesini işaret etti. Böylece Ka'b borcun yarısını aldı ve borçluyu diğer yarısından muaf tuttu."
      }
    },
    {
      "id": 15,
      "idInBook": 15,
      "chapterId": 44,
      "bookId": 1,
      "arabic": "حَدَّثَنَا إِسْحَاقُ، حَدَّثَنَا وَهْبُ بْنُ جَرِيرِ بْنِ حَازِمٍ، أَخْبَرَنَا شُعْبَةُ، عَنِ الأَعْمَشِ، عَنْ أَبِي الضُّحَى، عَنْ مَسْرُوقٍ، عَنْ خَبَّابٍ، قَالَ كُنْتُ قَيْنًا فِي الْجَاهِلِيَّةِ وَكَانَ لِي عَلَى الْعَاصِ بْنِ وَائِلٍ دَرَاهِمُ، فَأَتَيْتُهُ أَتَقَاضَاهُ فَقَالَ لاَ أَقْضِيكَ حَتَّى تَكْفُرَ بِمُحَمَّدٍ، فَقُلْتُ لاَ وَاللَّهِ لاَ أَكْفُرُ بِمُحَمَّدٍ صلى الله عليه وسلم حَتَّى يُمِيتَكَ اللَّهُ ثُمَّ يَبْعَثَكَ‏.‏ قَالَ فَدَعْنِي حَتَّى أَمُوتَ ثُمَّ أُبْعَثَ فَأُوتَى مَالاً وَوَلَدًا، ثُمَّ أَقْضِيَكَ‏.‏ فَنَزَلَتْ ‏{‏أَفَرَأَيْتَ الَّذِي كَفَرَ بِآيَاتِنَا وَقَالَ لأُوتَيَنَّ مَالاً وَوَلَدًا‏}‏ الآيَةَ‏.‏",
      "english": {
        "narrator": "Narrated Khabbab:",
        "text": "I was a blacksmith In the Pre-Islamic period of ignorance, and 'Asi bin Wail owed me some money. I \nwent to him to demand it, but he said to me, \"I will not pay you unless you reject faith in \nMuhammad.\" I replied, \"By Allah, I will never disbelieve Muhammad till Allah let you die and then \nresurrect you.\" He said, \"Then wait till I die and come to life again, for then I will be given property \nand offspring and will pay your right.\" So, thus revelation came: \"Have you seen him who disbelieved \nin Our signs and yet says, 'I will be given property and offspring?' \" (19.77)"
      },
      "turkish": {
        "narrator": "Narrated Khabbab:",
        "text": "Habab'dan rivayet edilmiştir: Ben, cahiliye döneminde bir demirciydim ve 'Asi bin Vail bana bir miktar para borçluydu. Borcunu talep etmek için yanına gittim ama o bana, \"Muhammed'e inancı reddetmediğin sürece sana ödeme yapmayacağım.\" dedi. Ben de, \"Vallahi, Allah seni öldürüp sonra diriltinceye kadar Muhammed'e asla inanmam.\" dedim. O da, \"O zaman öl ve yeniden diril, çünkü o zaman bana mal ve evlat verilecek ve senin hakkını ödeyeceğim.\" dedi. İşte bu yüzden vahiy geldi: \"Ayette, 'Bizim ayetlerimize inanmayanı gördün mü? O, 'Bana mal ve evlat verilecek.' diyor.\" (19.77)"
      }
    }
  ],
  "chapter": {
    "id": 44,
    "bookId": 1,
    "arabic": "كتاب الخصومات",
    "english": "Khusoomaat"
  }
}