{
  "metadata": {
    "length": 8,
    "arabic": {
      "title": "صحيح البخاري",
      "author": "الإمام محمد بن إسماعيل البخاري",
      "introduction": "كتاب الرهن"
    },
    "english": {
      "title": "Sahih al-Bukhari",
      "author": "Imam Muhammad ibn Ismail al-Bukhari",
      "introduction": "Mortgaging"
    }
  },
  "hadiths": [
    {
      "id": 1,
      "idInBook": 1,
      "chapterId": 48,
      "bookId": 1,
      "arabic": "حَدَّثَنَا مُسْلِمُ بْنُ إِبْرَاهِيمَ، حَدَّثَنَا هِشَامٌ، حَدَّثَنَا قَتَادَةُ، عَنْ أَنَسٍ ـ رضى الله عنه ـ قَالَ وَلَقَدْ رَهَنَ النَّبِيُّ صلى الله عليه وسلم دِرْعَهُ بِشَعِيرٍ، وَمَشَيْتُ إِلَى النَّبِيِّ صلى الله عليه وسلم بِخُبْزِ شَعِيرٍ وَإِهَالَةٍ سَنِخَةٍ، وَلَقَدْ سَمِعْتُهُ يَقُولُ ‏\n\"‏ مَا أَصْبَحَ لآلِ مُحَمَّدٍ صلى الله عليه وسلم إِلاَّ صَاعٌ، وَلاَ أَمْسَى ‏\"‏‏.‏ وَإِنَّهُمْ لَتِسْعَةُ أَبْيَاتٍ‏.‏",
      "english": {
        "narrator": "Narrated Anas:",
        "text": "No doubt, the Prophet (ﷺ) mortgaged his armor for barley grams. Once I took barley bread with some \ndissolved fat on it to the Prophet (ﷺ) and I heard him saying, \"The household of Muhammad did not \npossess except a Sa (of food grain, barley, etc.) for both the morning and the evening meals although \nthey were nine houses.\""
      },
      "turkish": {
        "narrator": "Narrated Anas:",
        "text": "Anas'tan rivayet edilmiştir: Şüphesiz, Peygamber (ﷺ) zırhını arpa karşılığında ipotek etti. Bir gün, Peygamber (ﷺ)'e üzerine eritilmiş yağ konmuş arpa ekmeği getirdim ve onun şöyle dediğini duydum: \"Muhammed'in ailesinin, sabah ve akşam yemekleri için sadece bir Sa (yiyecek, arpa vb.) vardı, oysa dokuz evdiler.\""
      }
    },
    {
      "id": 2,
      "idInBook": 2,
      "chapterId": 48,
      "bookId": 1,
      "arabic": "حَدَّثَنَا مُسَدَّدٌ، حَدَّثَنَا عَبْدُ الْوَاحِدِ، حَدَّثَنَا الأَعْمَشُ، قَالَ تَذَاكَرْنَا عِنْدَ إِبْرَاهِيمَ الرَّهْنَ، وَالْقَبِيلَ فِي السَّلَفِ، فَقَالَ إِبْرَاهِيمُ حَدَّثَنَا الأَسْوَدُ عَنْ عَائِشَةَ ـ رضى الله عنها ـ أَنَّ النَّبِيَّ صلى الله عليه وسلم اشْتَرَى مِنْ يَهُودِيٍّ طَعَامًا إِلَى أَجَلٍ وَرَهَنَهُ دِرْعَهُ‏.‏",
      "english": {
        "narrator": "Narrated `Aisha:",
        "text": "The Prophet (ﷺ) bought some foodstuff on credit for a limited period and mortgaged his armor for it."
      },
      "turkish": {
        "narrator": "Narrated `Aisha:",
        "text": "Aişe'den rivayet edilmiştir: Peygamber (ﷺ) sınırlı bir süre için borç olarak bazı yiyecek maddeleri satın aldı ve bunun için zırhını ipotek etti."
      }
    },
    {
      "id": 3,
      "idInBook": 3,
      "chapterId": 48,
      "bookId": 1,
      "arabic": "حَدَّثَنَا عَلِيُّ بْنُ عَبْدِ اللَّهِ، حَدَّثَنَا سُفْيَانُ، قَالَ عَمْرٌو سَمِعْتُ جَابِرَ بْنَ عَبْدِ اللَّهِ ـ رضى الله عنهما ـ يَقُولُ قَالَ رَسُولُ اللَّهِ صلى الله عليه وسلم ‏\n\"‏ مَنْ لِكَعْبِ بْنِ الأَشْرَفِ فَإِنَّهُ آذَى اللَّهَ وَرَسُولَهُ صلى الله عليه وسلم ‏\"‏‏.‏ فَقَالَ مُحَمَّدُ بْنُ مَسْلَمَةَ أَنَا‏.‏ فَأَتَاهُ فَقَالَ أَرَدْنَا أَنْ تُسْلِفَنَا وَسْقًا أَوْ وَسْقَيْنِ‏.‏ فَقَالَ ارْهَنُونِي نِسَاءَكُمْ‏.‏ قَالُوا كَيْفَ نَرْهَنُكَ نِسَاءَنَا، وَأَنْتَ أَجْمَلُ الْعَرَبِ قَالَ فَارْهَنُونِي أَبْنَاءَكُمْ‏.‏ قَالُوا كَيْفَ نَرْهَنُ أَبْنَاءَنَا فَيُسَبُّ أَحَدُهُمْ، فَيُقَالُ رُهِنَ بِوَسْقٍ أَوْ وَسْقَيْنِ هَذَا عَارٌ عَلَيْنَا وَلَكِنَّا نَرْهَنُكَ اللأْمَةَ ـ قَالَ سُفْيَانُ يَعْنِي السِّلاَحَ ـ فَوَعَدَهُ أَنْ يَأْتِيَهُ فَقَتَلُوهُ، ثُمَّ أَتَوُا النَّبِيَّ صلى الله عليه وسلم فَأَخْبَرُوهُ‏.‏",
      "english": {
        "narrator": "Narrated Jabir bin `Abdullah:",
        "text": "Allah's Messenger (ﷺ) said, \"Who would kill Ka`b bin Al-Ashraf as he has harmed Allah and His Apostle ?\" \nMuhammad bin Maslama (got up and) said, \"I will kill him.\" So, Muhammad bin Maslama went to \nKa`b and said, \"I want a loan of one or two Wasqs of food grains.\" Ka`b said, \"Mortgage your women \nto me.\" Muhammad bin Maslama said, \"How can we mortgage our women, and you are the most \nhandsome among the Arabs?\" He said, \"Then mortgage your sons to me.\" Muhammad said, \"How can \nwe mortgage our sons, as the people will abuse them for being mortgaged for one or two Wasqs of \nfood grains? It is shameful for us. But we will mortgage our arms to you.\" So, Muhammad bin \nMaslama promised him that he would come to him next time. They (Muhammad bin Maslama and his \ncompanions came to him as promised and murdered him. Then they went to the Prophet (ﷺ) and told him \nabout it."
      },
      "turkish": {
        "narrator": "Narrated Jabir bin `Abdullah:",
        "text": "Cabir bin Abdullah'tan rivayet edilmiştir: Allah'ın Elçisi (ﷺ) şöyle dedi: \"Kim Ka'b bin Eşref'i öldürecek? O, Allah'a ve Elçisine zarar verdi.\" Muhammed bin Mesleme (ayağa kalktı ve) dedi ki: \"Ben onu öldüreceğim.\" Böylece, Muhammed bin Mesleme Ka'b'a gitti ve \"Bir veya iki Wasq yiyecek tahılına ihtiyacım var.\" dedi. Ka'b, \"Kadınlarınızı bana ipotek edin.\" dedi. Muhammed bin Mesleme, \"Kadınlarımızı nasıl ipotek edebiliriz, sen Arapların en yakışıklısısın?\" dedi. O da, \"O zaman oğullarınızı bana ipotek edin.\" dedi. Muhammed, \"Oğullarımızı nasıl ipotek edebiliriz, insanlar onları bir veya iki Wasq yiyecek tahılı için ipotek ettik diye kötüleyecekler? Bu bizim için utanç verici. Ama silahlarımızı sana ipotek edeceğiz.\" dedi. Böylece, Muhammed bin Mesleme ona bir sonraki sefer geleceğine dair söz verdi. Onlar (Muhammed bin Mesleme ve arkadaşları) söz verdikleri gibi ona geldiler ve onu öldürdüler. Sonra Peygamber (ﷺ)'e gidip durumu anlattılar."
      }
    },
    {
      "id": 4,
      "idInBook": 4,
      "chapterId": 48,
      "bookId": 1,
      "arabic": "حَدَّثَنَا أَبُو نُعَيْمٍ، حَدَّثَنَا زَكَرِيَّاءُ، عَنْ عَامِرٍ، عَنْ أَبِي هُرَيْرَةَ ـ رضى الله عنه ـ عَنِ النَّبِيِّ صلى الله عليه وسلم أَنَّهُ كَانَ يَقُولُ ‏\n\"‏ الرَّهْنُ يُرْكَبُ بِنَفَقَتِهِ، وَيُشْرَبُ لَبَنُ الدَّرِّ إِذَا كَانَ مَرْهُونًا ‏\"‏‏.‏",
      "english": {
        "narrator": "Narrated Abu Huraira:",
        "text": "The Prophet (ﷺ) said, \"One can ride the mortgaged animal because of what one spends on it, and one can \ndrink the milk of a milch animal as long as it is mortgaged. \""
      },
      "turkish": {
        "narrator": "Narrated Abu Huraira:",
        "text": "Ebu Hureyre'den rivayet edilmiştir: Peygamber (ﷺ) şöyle dedi: \"İpotekli hayvana, üzerine harcadığı şeyler nedeniyle binebilir ve süt veren hayvanın sütünü, ipotekli olduğu sürece içebilir.\""
      }
    },
    {
      "id": 5,
      "idInBook": 5,
      "chapterId": 48,
      "bookId": 1,
      "arabic": "حَدَّثَنَا مُحَمَّدُ بْنُ مُقَاتِلٍ، أَخْبَرَنَا عَبْدُ اللَّهِ، أَخْبَرَنَا زَكَرِيَّاءُ، عَنِ الشَّعْبِيِّ، عَنْ أَبِي هُرَيْرَةَ ـ رضى الله عنه ـ قَالَ قَالَ رَسُولُ اللَّهِ صلى الله عليه وسلم‏.‏ ‏\n\"‏ الرَّهْنُ يُرْكَبُ بِنَفَقَتِهِ إِذَا كَانَ مَرْهُونًا، وَلَبَنُ الدَّرِّ يُشْرَبُ بِنَفَقَتِهِ إِذَا كَانَ مَرْهُونًا، وَعَلَى الَّذِي يَرْكَبُ وَيَشْرَبُ النَّفَقَةُ ‏\"‏‏.‏",
      "english": {
        "narrator": "Narrated Abu Huraira:",
        "text": "Allah's Messenger (ﷺ) said, \"The mortgaged animal can be used for riding as long as it is fed and the milk of \nthe milch animal can be drunk according to what one spend on it. The one who rides the animal or \ndrinks its milk should provide the expenditures.\""
      },
      "turkish": {
        "narrator": "Narrated Abu Huraira:",
        "text": "Ebu Hureyre'den rivayet edilmiştir: Allah'ın Elçisi (ﷺ) şöyle dedi: \"İpotekli hayvan, beslenildiği sürece biniş için kullanılabilir ve süt veren hayvanın sütü, üzerine harcanan miktara göre içilebilir. Hayvana binen veya sütünü içen, masrafları karşılamalıdır.\""
      }
    },
    {
      "id": 6,
      "idInBook": 6,
      "chapterId": 48,
      "bookId": 1,
      "arabic": "حَدَّثَنَا قُتَيْبَةُ، حَدَّثَنَا جَرِيرٌ، عَنِ الأَعْمَشِ، عَنْ إِبْرَاهِيمَ، عَنِ الأَسْوَدِ، عَنْ عَائِشَةَ ـ رضى الله عنها ـ قَالَتِ اشْتَرَى رَسُولُ اللَّهِ صلى الله عليه وسلم مِنْ يَهُودِيٍّ طَعَامًا وَرَهَنَهُ دِرْعَهُ‏.‏",
      "english": {
        "narrator": "Narrated `Aisha:",
        "text": "Allah's Messenger (ﷺ) bought some foodstuff from a Jew and mortgaged his armor to him."
      },
      "turkish": {
        "narrator": "Narrated `Aisha:",
        "text": "Aişe'den rivayet edilmiştir: Allah'ın Elçisi (ﷺ) bir Yahudi'den bazı yiyecek maddeleri satın aldı ve ona zırhını ipotek etti."
      }
    },
    {
      "id": 7,
      "idInBook": 7,
      "chapterId": 48,
      "bookId": 1,
      "arabic": "حَدَّثَنَا خَلاَّدُ بْنُ يَحْيَى، حَدَّثَنَا نَافِعُ بْنُ عُمَرَ، عَنِ ابْنِ أَبِي مُلَيْكَةَ، قَالَ كَتَبْتُ إِلَى ابْنِ عَبَّاسٍ فَكَتَبَ إِلَىَّ أَنَّ النَّبِيَّ صلى الله عليه وسلم قَضَى أَنَّ الْيَمِينَ عَلَى الْمُدَّعَى عَلَيْهِ‏.‏",
      "english": {
        "narrator": "Narrated Ibn Abu Mulaika:",
        "text": "I wrote a letter to Ibn `Abbas and he wrote to me that the Prophet (ﷺ) had given the verdict that the \ndefendant had to take an oath."
      },
      "turkish": {
        "narrator": "Narrated Ibn Abu Mulaika:",
        "text": "İbn Ebu Mulaika'dan rivayet edilmiştir: İbn Abbas'a bir mektup yazdım ve o da bana, Peygamber (ﷺ)'in davalıdan yemin etmesini istemiş olduğunu yazdı."
      }
    },
    {
      "id": 8,
      "idInBook": 8,
      "chapterId": 48,
      "bookId": 1,
      "arabic": "حَدَّثَنَا قُتَيْبَةُ بْنُ سَعِيدٍ، حَدَّثَنَا جَرِيرٌ، عَنْ مَنْصُورٍ، عَنْ أَبِي وَائِلٍ، قَالَ قَالَ عَبْدُ اللَّهِ ـ رضى الله عنه مَنْ حَلَفَ عَلَى يَمِينٍ، يَسْتَحِقُّ بِهَا مَالاً وَهْوَ فِيهَا فَاجِرٌ، لَقِيَ اللَّهَ وَهْوَ عَلَيْهِ غَضْبَانُ، فَأَنْزَلَ اللَّهُ تَصْدِيقَ ذَلِكَ ‏{‏إِنَّ الَّذِينَ يَشْتَرُونَ بِعَهْدِ اللَّهِ وَأَيْمَانِهِمْ ثَمَنًا قَلِيلاً‏}‏ فَقَرَأَ إِلَى ‏{‏عَذَابٌ أَلِيمٌ‏}‏‏.‏ثُمَّ إِنَّ الأَشْعَثَ بْنَ قَيْسٍ خَرَجَ إِلَيْنَا فَقَالَ مَا يُحَدِّثُكُمْ أَبُو عَبْدِ الرَّحْمَنِ قَالَ فَحَدَّثْنَاهُ قَالَ فَقَالَ صَدَقَ لَفِيَّ وَاللَّهِ أُنْزِلَتْ، كَانَتْ بَيْنِي وَبَيْنَ رَجُلٍ خُصُومَةٌ فِي بِئْرٍ فَاخْتَصَمْنَا إِلَى رَسُولِ اللَّهِ صلى الله عليه وسلم فَقَالَ رَسُولُ اللَّهِ صلى الله عليه وسلم ‏\"‏ شَاهِدُكَ أَوْ يَمِينُهُ ‏\"‏‏.‏ قُلْتُ إِنَّهُ إِذًا يَحْلِفُ وَلاَ يُبَالِي‏.‏ فَقَالَ رَسُولُ اللَّهِ صلى الله عليه وسلم ‏\"‏ مَنْ حَلَفَ عَلَى يَمِينٍ يَسْتَحِقُّ بِهَا مَالاً هُوَ فِيهَا فَاجِرٌ، لَقِيَ اللَّهَ وَهْوَ عَلَيْهِ غَضْبَانُ ‏\"‏‏.‏ فَأَنْزَلَ اللَّهُ تَصْدِيقَ ذَلِكَ، ثُمَّ اقْتَرَأَ هَذِهِ الآيَةَ ‏{‏إِنَّ الَّذِينَ يَشْتَرُونَ بِعَهْدِ اللَّهِ وَأَيْمَانِهِمْ ثَمَنًا قَلِيلاً‏}‏ إِلَى ‏{‏وَلَهُمْ عَذَابٌ أَلِيمٌ‏}‏‏.‏",
      "english": {
        "narrator": "Narrated Abu Wail:",
        "text": "Abdullah (bin Mas'ud) said, \"Whoever took a false oath in order to grab somebody's property will meet Allah while Allah will be angry with him.\" Allah revealed the following verse to confirm that:--\"Verily! Those who purchase a small gain at the cost of Allah's covenant And their oaths...a painful torment.\" (3.77)   Al-Ash'ath bin Qais came to us and asked as to what Abu Abdur-Rehman (i.e. Ibn Mas'ud) was telling you.\" We related the story to him. On that he said, \"He has told the truth. This verse was revealed about me. I had some dispute with another man regarding a well and we took the case before Allah's Messenger (ﷺ). Allah's Messenger (ﷺ) said (to me), \"Produce two witnesses (to support your claim); otherwise the defendant has the right to take an oath (to refute your claim).' I said, 'The defendant would not mind to take a false oath.\" Allah's Messenger (ﷺ) then said, 'Whoever took a false oath in order to grab someone else's property will meet Allah, Allah will be angry with him.' Allah then revealed what Confirmed it.\" Al-Ash'ath then recited the following Verse:--\"Verily! Those who purchase a small gain at the cost of Allah's covenant, And their oaths . . . (to) . . . they shall have a painful torment!' (3.77) (See Hadith No. 546)"
      },
      "turkish": {
        "narrator": "Narrated Abu Wail:",
        "text": "Ebu Vail'den rivayet edilmiştir: Abdullah (bin Mes'ud) şöyle dedi: \"Birinin başkasının malını almak için yalan yere yemin etmesi durumunda, Allah'a kavuştuğunda Allah ona öfkeli olacaktır.\" Allah, bunu teyit eden şu ayeti indirdi: --\"Şüphesiz! Allah'ın ahdi ve yeminleri karşılığında küçük bir kazanç satın alanlar... acı bir azap vardır.\" (3.77) Al-Aş'ath bin Kays bize geldi ve \"Abdurrahman (yani İbn Mes'ud) size ne söylüyordu?\" diye sordu. Biz de ona hikayeyi anlattık. Bunun üzerine o, \"Gerçek söyledi. Bu ayet benimle ilgili olarak indirildi. Bir adamla bir kuyu hakkında bir anlaşmazlığım vardı ve meseleyi Allah'ın Elçisi (ﷺ)'ne götürdük. Allah'ın Elçisi (ﷺ) bana, 'İddianı desteklemek için iki şahit getir; aksi takdirde davalı yemin etme hakkına sahiptir.' dedi. Ben de, 'Davalı yalan yere yemin etmekten çekinmeyecek.' dedim. Allah'ın Elçisi (ﷺ) daha sonra, 'Birinin başkasının malını almak için yalan yere yemin etmesi durumunda, Allah'a kavuştuğunda Allah ona öfkeli olacaktır.' dedi. Allah, bunu teyit eden ayeti indirdi.\" Al-Aş'ath daha sonra şu ayeti okudu: --\"Şüphesiz! Allah'ın ahdi ve yeminleri karşılığında küçük bir kazanç satın alanlar... (onlar için) acı bir azap vardır!\" (3.77) (Bkz. Hadis No. 546)"
      }
    }
  ],
  "chapter": {
    "id": 48,
    "bookId": 1,
    "arabic": "كتاب الرهن",
    "english": "Mortgaging"
  }
}