{
  "metadata": {
    "length": 41,
    "arabic": {
      "title": "صحيح البخاري",
      "author": "الإمام محمد بن إسماعيل البخاري",
      "introduction": "كتاب العتق"
    },
    "english": {
      "title": "Sahih al-Bukhari",
      "author": "Imam Muhammad ibn Ismail al-Bukhari",
      "introduction": "Manumission of Slaves"
    }
  },
  "hadiths": [
    {
      "id": 1,
      "idInBook": 1,
      "chapterId": 49,
      "bookId": 1,
      "arabic": "حَدَّثَنَا أَحْمَدُ بْنُ يُونُسَ، حَدَّثَنَا عَاصِمُ بْنُ مُحَمَّدٍ، قَالَ حَدَّثَنِي وَاقِدُ بْنُ مُحَمَّدٍ، قَالَ حَدَّثَنِي سَعِيدٌ ابْنُ مَرْجَانَةَ، صَاحِبُ عَلِيِّ بْنِ حُسَيْنٍ قَالَ لِي أَبُو هُرَيْرَةَ ـ رضى الله عنه ـ قَالَ النَّبِيُّ صلى الله عليه وسلم ‏\n\"‏ أَيُّمَا رَجُلٍ أَعْتَقَ امْرَأً مُسْلِمًا اسْتَنْقَذَ اللَّهُ بِكُلِّ عُضْوٍ مِنْهُ عُضْوًا مِنْهُ مِنَ النَّارِ ‏\"‏‏.‏ قَالَ سَعِيدٌ ابْنُ مَرْجَانَةَ فَانْطَلَقْتُ إِلَى عَلِيِّ بْنِ حُسَيْنٍ فَعَمَدَ عَلِيُّ بْنُ حُسَيْنٍ ـ رضى الله عنهما ـ إِلَى عَبْدٍ لَهُ قَدْ أَعْطَاهُ بِهِ عَبْدُ اللَّهِ بْنُ جَعْفَرٍ عَشَرَةَ آلاَفِ دِرْهَمٍ ـ أَوْ أَلْفَ دِينَارٍ ـ فَأَعْتَقَهُ‏.‏",
      "english": {
        "narrator": "Narrated Abu Huraira:",
        "text": "The Prophet (ﷺ) said, \"Whoever frees a Muslim slave, Allah will save all the parts of his body from the \n(Hell) Fire as he has freed the body-parts of the slave.\" Sa`id bin Marjana said that he narrated that \nHadith to `Ali bin Al-Husain and he freed his slave for whom `Abdullah bin Ja`far had offered him ten \nthousand Dirhams or one-thousand Dinars."
      },
      "turkish": {
        "narrator": "Narrated Abu Huraira:",
        "text": "Ebu Hureyre'den rivayet edilmiştir: Peygamber (ﷺ) şöyle buyurdu: \"Kim bir Müslüman köleyi azat ederse, Allah onun vücudunun tüm parçalarını (Cehennem) ateşinden korur; zira o, kölenin vücut parçalarını azat etmiştir.\" Sa`id bin Marjana, bu hadisi Ali bin Hüseyin'e aktardığını ve onun, Abdullah bin Ca'fer'in ona on bin dirhem veya bin dinar teklif ettiği kölesini azat ettiğini söyledi."
      }
    },
    {
      "id": 2,
      "idInBook": 2,
      "chapterId": 49,
      "bookId": 1,
      "arabic": "حَدَّثَنَا عُبَيْدُ اللَّهِ بْنُ مُوسَى، عَنْ هِشَامِ بْنِ عُرْوَةَ، عَنْ أَبِيهِ، عَنْ أَبِي مُرَاوِحٍ، عَنْ أَبِي ذَرٍّ ـ رضى الله عنه ـ قَالَ سَأَلْتُ النَّبِيَّ صلى الله عليه وسلم أَىُّ الْعَمَلِ أَفْضَلُ، قَالَ ‏\"‏ إِيمَانٌ بِاللَّهِ، وَجِهَادٌ فِي سَبِيلِهِ ‏\"‏‏.‏ قُلْتُ فَأَىُّ الرِّقَابِ أَفْضَلُ قَالَ ‏\"‏ أَغْلاَهَا ثَمَنًا، وَأَنْفَسُهَا عِنْدَ أَهْلِهَا ‏\"‏‏.‏ قُلْتُ فَإِنْ لَمْ أَفْعَلْ‏.‏ قَالَ ‏\"‏ تُعِينُ صَانِعًا أَوْ تَصْنَعُ لأَخْرَقَ ‏\"‏‏.‏ قَالَ فَإِنْ لَمْ أَفْعَلْ‏.‏ قَالَ ‏\"‏ تَدَعُ النَّاسَ مِنَ الشَّرِّ، فَإِنَّهَا صَدَقَةٌ تَصَدَّقُ بِهَا عَلَى نَفْسِكَ ‏\"‏‏.‏",
      "english": {
        "narrator": "Narrated Abu Dhar:",
        "text": "I asked the Prophet, \"What is the best deed?\" He replied, \"To believe in Allah and to fight for His \nCause.\" I then asked, \"What is the best kind of manumission (of slaves)?\" He replied, \"The \nmanumission of the most expensive slave and the most beloved by his master.\" I said, \"If I cannot \nafford to do that?\" He said, \"Help the weak or do good for a person who cannot work for himself.\" I \nsaid, \"If I cannot do that?\" He said, \"Refrain from harming others for this will be regarded as a \ncharitable deed for your own good.\""
      },
      "turkish": {
        "narrator": "Narrated Abu Dhar:",
        "text": "Ebu Zerr'den rivayet edilmiştir: Peygambere sordum, \"En iyi amel nedir?\" O, \"Allah'a inanmak ve O'nun yolunda cihad etmektir,\" diye cevap verdi. Sonra sordum, \"Kölelerin en iyi azat edilme şekli nedir?\" O, \"En değerli kölenin ve efendisi tarafından en çok sevilen kölenin azat edilmesidir,\" dedi. Ben de, \"Eğer bunu yapacak gücüm yoksa?\" dedim. O, \"Zayıflara yardım et veya kendisi için çalışamayan birine iyilik yap,\" dedi. Ben de, \"Eğer bunu da yapamazsam?\" dedim. O, \"Başkalarına zarar vermekten kaçın, zira bu, kendi iyiliğin için bir sadaka olarak kabul edilir,\" dedi."
      }
    },
    {
      "id": 3,
      "idInBook": 3,
      "chapterId": 49,
      "bookId": 1,
      "arabic": "حَدَّثَنَا مُوسَى بْنُ مَسْعُودٍ، حَدَّثَنَا زَائِدَةُ بْنُ قُدَامَةَ، عَنْ هِشَامِ بْنِ عُرْوَةَ، عَنْ فَاطِمَةَ بِنْتِ الْمُنْذِرِ، عَنْ أَسْمَاءَ بِنْتِ أَبِي بَكْرٍ ـ رضى الله عنهما ـ قَالَتْ أَمَرَ النَّبِيُّ صلى الله عليه وسلم بِالْعَتَاقَةِ فِي كُسُوفِ الشَّمْسِ‏.‏ تَابَعَهُ عَلِيٌّ عَنِ الدَّرَاوَرْدِيِّ عَنْ هِشَامٍ‏.‏",
      "english": {
        "narrator": "Narrated Asma' bint Abu Bakr:",
        "text": "The Prophet (ﷺ) ordered us to free slaves at the time of solar eclipses."
      },
      "turkish": {
        "narrator": "Narrated Asma' bint Abu Bakr:",
        "text": "Esma bint Ebu Bekir'den rivayet edilmiştir: Peygamber (ﷺ) bize güneş tutulması sırasında köleleri azat etmemizi emretti."
      }
    },
    {
      "id": 4,
      "idInBook": 4,
      "chapterId": 49,
      "bookId": 1,
      "arabic": "حَدَّثَنَا مُحَمَّدُ بْنُ أَبِي بَكْرٍ، حَدَّثَنَا عَثَّامٌ، حَدَّثَنَا هِشَامٌ، عَنْ فَاطِمَةَ بِنْتِ الْمُنْذِرِ، عَنْ أَسْمَاءَ بِنْتِ أَبِي بَكْرٍ ـ رضى الله عنهما ـ قَالَتْ كُنَّا نُؤْمَرُ عِنْدَ الْخُسُوفِ بِالْعَتَاقَةِ‏.‏",
      "english": {
        "narrator": "Narrated Asma' bint Abu Bakr:",
        "text": "We were ordered to free slaves at the time of lunar eclipses."
      },
      "turkish": {
        "narrator": "Narrated Asma' bint Abu Bakr:",
        "text": "Esma bint Ebu Bekir'den rivayet edilmiştir: Ay tutulması sırasında köleleri azat etmemiz emredildi."
      }
    },
    {
      "id": 5,
      "idInBook": 5,
      "chapterId": 49,
      "bookId": 1,
      "arabic": "حَدَّثَنَا عَلِيُّ بْنُ عَبْدِ اللَّهِ، حَدَّثَنَا سُفْيَانُ، عَنْ عَمْرٍو، عَنْ سَالِمٍ، عَنْ أَبِيهِ ـ رضى الله عنه ـ عَنِ النَّبِيِّ صلى الله عليه وسلم قَالَ ‏\n\"‏ مَنْ أَعْتَقَ عَبْدًا بَيْنَ اثْنَيْنِ، فَإِنْ كَانَ مُوسِرًا قُوِّمَ عَلَيْهِ ثُمَّ يُعْتَقُ ‏\"‏‏.‏",
      "english": {
        "narrator": "Narrated Ibn `Umar:",
        "text": "The Prophet (ﷺ) said, \"Whoever manumits a slave owned by two masters, should manumit him \ncompletely (not partially) if he is rich after having its price evaluated.\""
      },
      "turkish": {
        "narrator": "Narrated Ibn `Umar:",
        "text": "İbn Ömer'den rivayet edilmiştir: Peygamber (ﷺ) şöyle buyurdu: \"İki efendisi olan bir köleyi azat eden kimse, onun fiyatı değerlendirildikten sonra zengin ise onu tamamen azat etmelidir (kısmen değil).\""
      }
    },
    {
      "id": 6,
      "idInBook": 6,
      "chapterId": 49,
      "bookId": 1,
      "arabic": "حَدَّثَنَا عَبْدُ اللَّهِ بْنُ يُوسُفَ، أَخْبَرَنَا مَالِكٌ، عَنْ نَافِعٍ، عَنْ عَبْدِ اللَّهِ بْنِ عُمَرَ ـ رضى الله عنهما ـ أَنَّ رَسُولَ اللَّهِ صلى الله عليه وسلم قَالَ ‏\n\"‏ مَنْ أَعْتَقَ شِرْكًا لَهُ فِي عَبْدٍ، فَكَانَ لَهُ مَالٌ يَبْلُغُ ثَمَنَ الْعَبْدِ قُوِّمَ الْعَبْدُ قِيمَةَ عَدْلٍ، فَأَعْطَى شُرَكَاءَهُ حِصَصَهُمْ وَعَتَقَ عَلَيْهِ، وَإِلاَّ فَقَدْ عَتَقَ مِنْهُ مَا عَتَقَ ‏\"‏‏.‏",
      "english": {
        "narrator": "Narrated `Abdullah bin `Umar:",
        "text": "Allah's Messenger (ﷺ) said, \"Whoever frees his share of a common slave and he has sufficient money to free \nhim completely, should let its price be estimated by a just man and give his partners the price of their \nshares and manumit the slave; otherwise (i.e. if he has not sufficient money) he manumits the slave \npartially.\""
      },
      "turkish": {
        "narrator": "Narrated `Abdullah bin `Umar:",
        "text": "Abdullah bin Ömer'den rivayet edilmiştir: Allah'ın Elçisi (ﷺ) şöyle dedi: \"Ortak bir kölenin kendi payını azat eden kimse, eğer onu tamamen azat etmek için yeterli parası varsa, fiyatını adil birine değerlendirtmeli ve ortaklarına paylarının fiyatını vermeli ve köleyi azat etmelidir; aksi takdirde (yani yeterli parası yoksa) köleyi kısmen azat eder.\""
      }
    },
    {
      "id": 7,
      "idInBook": 7,
      "chapterId": 49,
      "bookId": 1,
      "arabic": "حَدَّثَنَا عُبَيْدُ بْنُ إِسْمَاعِيلَ، عَنْ أَبِي أُسَامَةَ، عَنْ عُبَيْدِ اللَّهِ، عَنْ نَافِعٍ، عَنِ ابْنِ عُمَرَ ـ رضى الله عنهما ـ قَالَ رَسُولُ اللَّهِ صلى الله عليه وسلم ‏\n\"‏ مَنْ أَعْتَقَ شِرْكًا لَهُ فِي مَمْلُوكٍ فَعَلَيْهِ عِتْقُهُ كُلِّهِ، إِنْ كَانَ لَهُ مَالٌ يَبْلُغُ ثَمَنَهُ، فَإِنْ لَمْ يَكُنْ لَهُ يُقَوَّمُ عَلَيْهِ قِيمَةَ عَدْلٍ، فَأُعْتِقَ مِنْهُ مَا أَعْتَقَ ‏\"‏‏.‏ \nحَدَّثَنَا مُسَدَّدٌ، حَدَّثَنَا بِشْرٌ، عَنْ عُبَيْدِ اللَّهِ، اخْتَصَرَهُ‏.‏",
      "english": {
        "narrator": "Narrated Ibn `Umar:",
        "text": "Allah's Messenger (ﷺ) said, \"Whoever manumits his share of a slave, then it is essential for him to get that \nslave manumitted' completely as long as he has the money to do so. If he has not sufficient money to \npay the price of the other shares (after the price of the slave is evaluated justly), the manumitted \nmanumits the slave partially in proportion to his share.\n\n\n`Ubaidullah narrated as above in brief."
      },
      "turkish": {
        "narrator": "Narrated Ibn `Umar:",
        "text": "İbn Ömer'den rivayet edilmiştir: Allah'ın Elçisi (ﷺ) şöyle buyurdu: \"Kölenin payını azat eden kimse, eğer bunu yapacak parası varsa, o köleyi tamamen azat etmelidir. Eğer diğer payların fiyatını ödeyecek yeterli parası yoksa (kölenin fiyatı adil bir şekilde değerlendirildikten sonra), azat eden kişi köleyi kendi payına orantılı olarak kısmen azat eder.\""
      }
    },
    {
      "id": 8,
      "idInBook": 8,
      "chapterId": 49,
      "bookId": 1,
      "arabic": "حَدَّثَنَا أَبُو النُّعْمَانِ، حَدَّثَنَا حَمَّادٌ، عَنْ أَيُّوبَ، عَنْ نَافِعٍ، عَنِ ابْنِ عُمَرَ ـ رضى الله عنهما ـ عَنِ النَّبِيِّ صلى الله عليه وسلم قَالَ ‏\n\"‏ مَنْ أَعْتَقَ نَصِيبًا لَهُ فِي مَمْلُوكٍ أَوْ شِرْكًا لَهُ فِي عَبْدٍ، وَكَانَ لَهُ مِنَ الْمَالِ مَا يَبْلُغُ قِيمَتَهُ بِقِيمَةِ الْعَدْلِ، فَهْوَ عَتِيقٌ ‏\"‏‏.‏ قَالَ نَافِعٌ وَإِلاَّ فَقَدْ عَتَقَ مِنْهُ مَا عَتَقَ‏.‏ قَالَ أَيُّوبُ لاَ أَدْرِي أَشَىْءٌ قَالَهُ نَافِعٌ، أَوْ شَىْءٌ فِي الْحَدِيثِ‏.‏",
      "english": {
        "narrator": "Narrated Ibn `Umar:",
        "text": "The Prophet (ﷺ) said, \"He who manumits his share of a slave and has money sufficient to free the \nremaining portion of that slave's price (justly estimated) then he should manumit him (by giving the \nrest of his price to the other co-owners).\" Nafi` added, \"Otherwise the slave is partially free.\" Aiyub is \nnot sure whether the last statement was said by Nafi` or it was a part of the Hadith."
      },
      "turkish": {
        "narrator": "Narrated Ibn `Umar:",
        "text": "`Ubaidullah yukarıdaki şekilde kısaca rivayet etmiştir."
      }
    },
    {
      "id": 9,
      "idInBook": 9,
      "chapterId": 49,
      "bookId": 1,
      "arabic": "حَدَّثَنَا أَحْمَدُ بْنُ مِقْدَامٍ، حَدَّثَنَا الْفُضَيْلُ بْنُ سُلَيْمَانَ، حَدَّثَنَا مُوسَى بْنُ عُقْبَةَ، أَخْبَرَنِي نَافِعٌ، عَنِ ابْنِ عُمَرَ ـ رضى الله عنهما ـ أَنَّهُ كَانَ يُفْتِي فِي الْعَبْدِ أَوِ الأَمَةِ يَكُونُ بَيْنَ شُرَكَاءَ، فَيُعْتِقُ أَحَدُهُمْ نَصِيبَهُ مِنْهُ، يَقُولُ قَدْ وَجَبَ عَلَيْهِ عِتْقُهُ كُلِّهِ، إِذَا كَانَ لِلَّذِي أَعْتَقَ مِنَ الْمَالِ مَا يَبْلُغُ، يُقَوَّمُ مِنْ مَالِهِ قِيمَةَ الْعَدْلِ، وَيُدْفَعُ إِلَى الشُّرَكَاءِ أَنْصِبَاؤُهُمْ، وَيُخَلَّى سَبِيلُ الْمُعْتَقِ‏.‏ يُخْبِرُ ذَلِكَ ابْنُ عُمَرَ عَنِ النَّبِيِّ صلى الله عليه وسلم‏.‏ وَرَوَاهُ اللَّيْثُ وَابْنُ أَبِي ذِئْبٍ وَابْنُ إِسْحَاقَ وَجُوَيْرِيَةُ وَيَحْيَى بْنُ سَعِيدٍ وَإِسْمَاعِيلُ بْنُ أُمَيَّةَ عَنْ نَافِعٍ عَنِ ابْنِ عُمَرَ ـ رضى الله عنهما ـ عَنِ النَّبِيِّ صلى الله عليه وسلم مُخْتَصَرًا‏.‏",
      "english": {
        "narrator": "Narrated Ibn `Umar:",
        "text": "That he used to give his verdict regarding the male or female slaves owned by more than one master, \none of whom may manumit his share of the slave. Ibn `Umar used to say in such a case, \"The \nmanumitted should manumit the slave completely if he has sufficient money to pay the rest of the \nprice of that slave (which is to be justly estimated) and the other shareholders are to take the price of \ntheir shares and the slave is freed (released from slavery).\" Ibn `Umar narrated this verdict from the \nProphet."
      },
      "turkish": {
        "narrator": "Narrated Ibn `Umar:",
        "text": "İbn Ömer'den rivayet edilmiştir: Peygamber (ﷺ) şöyle buyurdu: \"Kölenin payını azat eden kimse, eğer o kölenin kalan kısmının fiyatını (adil bir şekilde değerlendirildiğinde) ödeyecek yeterli parası varsa, o köleyi azat etmelidir (diğer ortaklara kalan fiyatı vererek).\" Nafi` ekledi, \"Aksi takdirde köle kısmen özgürdür.\" Aiyub, son ifadenin Nafi` tarafından mı yoksa hadisin bir parçası mı olduğunu bilmediğini söyledi."
      }
    },
    {
      "id": 10,
      "idInBook": 10,
      "chapterId": 49,
      "bookId": 1,
      "arabic": "حَدَّثَنَا أَحْمَدُ بْنُ أَبِي رَجَاءٍ، حَدَّثَنَا يَحْيَى بْنُ آدَمَ، حَدَّثَنَا جَرِيرُ بْنُ حَازِمٍ، سَمِعْتُ قَتَادَةَ، قَالَ حَدَّثَنِي النَّضْرُ بْنُ أَنَسِ بْنِ مَالِكٍ، عَنْ بَشِيرِ بْنِ نَهِيكٍ، عَنْ أَبِي هُرَيْرَةَ ـ رضى الله عنه ـ قَالَ قَالَ النَّبِيُّ صلى الله عليه وسلم ‏{‏مَنْ أَعْتَقَ شَقِيصًا مِنْ عَبْدٍ ‏}‏",
      "english": {
        "narrator": "Narrated Abu Huraira:",
        "text": "That the Prophet (ﷺ) said, \"Whoever frees his portion of a (common) slave.\""
      },
      "turkish": {
        "narrator": "Narrated Abu Huraira:",
        "text": "İbn Ömer'den rivayet edilmiştir: Birden fazla efendiye ait olan erkek veya kadın köleler hakkında verdiği hükmü şöyle açıklardı; bunlardan biri kölenin payını azat edebilir. İbn Ömer, böyle bir durumda, \"Azat eden kişi, eğer kölenin geri kalan fiyatını ödeyecek yeterli parası varsa, köleyi tamamen azat etmelidir (bu fiyat adil bir şekilde değerlendirilecektir) ve diğer ortaklar paylarının fiyatını alacaklardır ve köle özgürleşecektir (kölelikten kurtulacaktır)\" derdi. İbn Ömer bu hükmü Peygamber'den rivayet etmiştir."
      }
    },
    {
      "id": 11,
      "idInBook": 11,
      "chapterId": 49,
      "bookId": 1,
      "arabic": "حَدَّثَنَا مُسَدَّدٌ، حَدَّثَنَا يَزِيدُ بْنُ زُرَيْعٍ، حَدَّثَنَا سَعِيدٌ، عَنْ قَتَادَةَ، عَنِ النَّضْرِ بْنِ أَنَسٍ، عَنْ بَشِيرِ بْنِ نَهِيكٍ، عَنْ أَبِي هُرَيْرَةَ ـ رضى الله عنه ـ أَنَّ النَّبِيَّ صلى الله عليه وسلم قَالَ ‏\n\"‏ مَنْ أَعْتَقَ نَصِيبًا أَوْ شَقِيصًا فِي مَمْلُوكٍ، فَخَلاَصُهُ عَلَيْهِ فِي مَالِهِ إِنْ كَانَ لَهُ مَالٌ، وَإِلاَّ قُوِّمَ عَلَيْهِ، فَاسْتُسْعِيَ بِهِ غَيْرَ مَشْقُوقٍ عَلَيْهِ ‏\"‏‏.‏ تَابَعَهُ حَجَّاجُ بْنُ حَجَّاجٍ وَأَبَانُ وَمُوسَى بْنُ خَلَفٍ عَنْ قَتَادَةَ‏.‏ اخْتَصَرَهُ شُعْبَةُ‏.‏",
      "english": {
        "narrator": "Narrated Abu Huraira:",
        "text": "The Prophet (ﷺ) said, \"Whoever frees his portion of a common slave should free the slave completely by \npaying the rest of his price from his money if he has enough money; otherwise the price of the slave is \nto be estimated and the slave is to be helped to work without hardship till he pays the rest of his \nprice.\""
      },
      "turkish": {
        "narrator": "Narrated Abu Huraira:",
        "text": "Ebu Hureyre'den rivayet edilmiştir: Peygamber (ﷺ) şöyle buyurdu: \"Kim bir (ortak) kölenin payını azat ederse...\""
      }
    },
    {
      "id": 12,
      "idInBook": 12,
      "chapterId": 49,
      "bookId": 1,
      "arabic": "حَدَّثَنَا الْحُمَيْدِيُّ، حَدَّثَنَا سُفْيَانُ، حَدَّثَنَا مِسْعَرٌ، عَنْ قَتَادَةَ، عَنْ زُرَارَةَ بْنِ أَوْفَى، عَنْ أَبِي هُرَيْرَةَ ـ رضى الله عنه ـ قَالَ قَالَ النَّبِيُّ صلى الله عليه وسلم ‏\n\"‏ إِنَّ اللَّهَ تَجَاوَزَ لِي عَنْ أُمَّتِي مَا وَسْوَسَتْ بِهِ صُدُورُهَا، مَا لَمْ تَعْمَلْ أَوْ تَكَلَّمْ ‏\"‏‏.‏",
      "english": {
        "narrator": "Narrated Abu Huraira:",
        "text": "The Prophet (ﷺ) said, \"Allah has accepted my invocation to forgive what whispers in the hearts of my \nfollowers, unless they put it to action or utter it.\" (See Hadith No. 657 Vol. 8)"
      },
      "turkish": {
        "narrator": "Narrated Abu Huraira:",
        "text": "Ebu Hureyre'den rivayet edilmiştir: Peygamber (ﷺ) şöyle buyurdu: \"Kim bir ortak kölenin payını azat ederse, eğer yeterli parası varsa, köleyi tamamen azat etmelidir; aksi takdirde kölenin fiyatı değerlendirilmeli ve kölenin, fiyatının geri kalanını ödeyene kadar zorlanmadan çalışmasına yardımcı olunmalıdır.\""
      }
    },
    {
      "id": 13,
      "idInBook": 13,
      "chapterId": 49,
      "bookId": 1,
      "arabic": "حَدَّثَنَا مُحَمَّدُ بْنُ كَثِيرٍ، عَنْ سُفْيَانَ، حَدَّثَنَا يَحْيَى بْنُ سَعِيدٍ، عَنْ مُحَمَّدِ بْنِ إِبْرَاهِيمَ التَّيْمِيِّ، عَنْ عَلْقَمَةَ بْنِ وَقَّاصٍ اللَّيْثِيِّ، قَالَ سَمِعْتُ عُمَرَ بْنَ الْخَطَّابِ ـ رضى الله عنه ـ عَنِ النَّبِيِّ صلى الله عليه وسلم قَالَ ‏\n\"‏ الأَعْمَالُ بِالنِّيَّةِ، وَلاِمْرِئٍ مَا نَوَى، فَمَنْ كَانَتْ هِجْرَتُهُ إِلَى اللَّهِ وَرَسُولِهِ، فَهِجْرَتُهُ إِلَى اللَّهِ وَرَسُولِهِ، وَمَنْ كَانَتْ هِجْرَتُهُ لِدُنْيَا يُصِيبُهَا، أَوِ امْرَأَةٍ يَتَزَوَّجُهَا، فَهِجْرَتُهُ إِلَى مَا هَاجَرَ إِلَيْهِ ‏\"‏‏.‏",
      "english": {
        "narrator": "Narrated `Umar bin Al-Khattab:",
        "text": "The Prophet (ﷺ) said, \"The (reward of) deeds depend on intentions, and every person will get the reward \naccording to what he intends. So, whoever migrated for Allah and His Apostle, then his migration will \nbe for Allah and His Apostle, and whoever migrated for worldly benefits or for marrying a woman, \nthen his migration will be for what he migrated for.\" (See Hadith No. 1, Vol. 1)"
      },
      "turkish": {
        "narrator": "Narrated `Umar bin Al-Khattab:",
        "text": "Ebu Hureyre'den rivayet edilmiştir: Peygamber (ﷺ) şöyle buyurdu: \"Allah, takipçilerimin kalplerinde fısıldayanları affetmem için benim duasını kabul etti, eğer onlar bunu eyleme dökmezler veya dile getirmezlerse.\" (Bkz. Hadis No. 657 Cilt 8)"
      }
    },
    {
      "id": 14,
      "idInBook": 14,
      "chapterId": 49,
      "bookId": 1,
      "arabic": "حَدَّثَنَا مُحَمَّدُ بْنُ عَبْدِ اللَّهِ بْنِ نُمَيْرٍ، عَنْ مُحَمَّدِ بْنِ بِشْرٍ، عَنْ إِسْمَاعِيلَ، عَنْ قَيْسٍ، عَنْ أَبِي هُرَيْرَةَ ـ رضى الله عنه ـ أَنَّهُ لَمَّا أَقْبَلَ يُرِيدُ الإِسْلاَمَ وَمَعَهُ غُلاَمُهُ، ضَلَّ كُلُّ وَاحِدٍ مِنْهُمَا مِنْ صَاحِبِهِ، فَأَقْبَلَ بَعْدَ ذَلِكَ وَأَبُو هُرَيْرَةَ جَالِسٌ مَعَ النَّبِيِّ صلى الله عليه وسلم فَقَالَ النَّبِيُّ صلى الله عليه وسلم ‏\n\"‏ يَا أَبَا هُرَيْرَةَ، هَذَا غُلاَمُكَ قَدْ أَتَاكَ ‏\"‏‏.‏ فَقَالَ أَمَا إِنِّي أُشْهِدُكَ أَنَّهُ حُرٌّ‏.‏ قَالَ فَهُوَ حِينَ يَقُولُ يَا لَيْلَةً مِنْ طُولِهَا وَعَنَائِهَا عَلَى أَنَّهَا مِنْ دَارَةِ الْكُفْرِ نَجَّتِ",
      "english": {
        "narrator": "Narrated Qais:",
        "text": "When Abu Huraira accompanied by his slave set out intending to embrace Islam they lost each other \non the way. The slave then came while Abu Huraira was sitting with the Prophet. The Prophet (ﷺ) said, \n\"O Abu Huraira! Your slave has come back.\" Abu Huraira said, \"Indeed, I would like you to witness \nthat I have manumitted him.\" That happened at the time when Abu Huraira recited (the following \npoetic verse):-- 'What a long tedious tiresome night! Nevertheless, it has delivered us From the land of \nKufr (disbelief)."
      },
      "turkish": {
        "narrator": "Narrated Qais:",
        "text": "Ömer bin Hattab'dan rivayet edilmiştir: Peygamber (ﷺ) şöyle buyurdu: \"Ameller niyetlere bağlıdır ve her kişi niyetine göre mükafat alacaktır. Kim Allah ve O'nun Elçisi için hicret ederse, onun hicreti Allah ve O'nun Elçisi içindir; kim de dünyevi menfaatler veya bir kadınla evlenmek için hicret ederse, onun hicreti, hicret ettiği şey içindir.\" (Bkz. Hadis No. 1, Cilt 1)"
      }
    },
    {
      "id": 15,
      "idInBook": 15,
      "chapterId": 49,
      "bookId": 1,
      "arabic": "حَدَّثَنَا عُبَيْدُ اللَّهِ بْنُ سَعِيدٍ، حَدَّثَنَا أَبُو أُسَامَةَ، حَدَّثَنَا إِسْمَاعِيلُ، عَنْ قَيْسٍ، عَنْ أَبِي هُرَيْرَةَ ـ رضى الله عنه ـ قَالَ لَمَّا قَدِمْتُ عَلَى النَّبِيِّ صلى الله عليه وسلم قُلْتُ فِي الطَّرِيقِ يَا لَيْلَةً مِنْ طُولِهَا وَعَنَائِهَا عَلَى أَنَّهَا مِنْ دَارَةِ الْكُفْرِ نَجَّتِ قَالَ وَأَبَقَ مِنِّي غُلاَمٌ لِي فِي الطَّرِيقِ ـ قَالَ ـ فَلَمَّا قَدِمْتُ عَلَى النَّبِيِّ صلى الله عليه وسلم بَايَعْتُهُ، فَبَيْنَا أَنَا عِنْدَهُ إِذْ طَلَعَ الْغُلاَمُ، فَقَالَ لِي رَسُولُ اللَّهِ صلى الله عليه وسلم ‏\n\"‏ يَا أَبَا هُرَيْرَةَ، هَذَا غُلاَمُكَ ‏\"‏‏.‏ فَقُلْتُ هُوَ حُرٌّ لِوَجْهِ اللَّهِ‏.‏ فَأَعْتَقْتُهُ‏.‏ لَمْ يَقُلْ أَبُو كُرَيْبٍ عَنْ أَبِي أُسَامَةَ حُرٌّ‏.‏",
      "english": {
        "narrator": "Narrated Abu Huraira:",
        "text": "On my way to the Prophet (ﷺ) I was reciting:-- 'What a long tedious tiresome night! Nevertheless, it has \nsaved us From the land of Kufr (disbelief).' I had a slave who ran away from me on the way. When I \nwent to the Prophet (ﷺ) and gave the pledge of allegiance for embracing Islam, the slave showed up while \nI was still with the Prophet (ﷺ) who remarked, \"O Abu Huraira! Here is your slave!\" I said, \"I manumit \nhim for Allah's Sake,\" and so I freed him."
      },
      "turkish": {
        "narrator": "Narrated Abu Huraira:",
        "text": "Kays'tan rivayet edilmiştir: Ebu Hureyre, kölesiyle birlikte İslam'ı kabul etmek üzere yola çıktığında, yolda birbirlerini kaybettiler. Köle, Ebu Hureyre Peygamber ile otururken geldi. Peygamber (ﷺ) dedi ki: \"Ey Ebu Hureyre! Kölen geri döndü.\" Ebu Hureyre, \"Gerçekten, onun azat edildiğine şahit olmanı isterim,\" dedi. Bu, Ebu Hureyre'nin şu şiir dizesini okuduğu sırada oldu: \"Ne uzun, ne zahmetli bir gece! Yine de, bizi Küfr (inkar) diyarından kurtardı.\""
      }
    },
    {
      "id": 16,
      "idInBook": 16,
      "chapterId": 49,
      "bookId": 1,
      "arabic": "حَدَّثَنَا شِهَابُ بْنُ عَبَّادٍ، حَدَّثَنَا إِبْرَاهِيمُ بْنُ حُمَيْدٍ، عَنْ إِسْمَاعِيلَ، عَنْ قَيْسٍ، قَالَ لَمَّا أَقْبَلَ أَبُو هُرَيْرَةَ ـ رضى الله عنه ـ وَمَعَهُ غُلاَمُهُ وَهْوَ يَطْلُبُ الإِسْلاَمَ، فَأَضَلَّ أَحَدُهُمَا صَاحِبَهُ بِهَذَا، وَقَالَ أَمَا إِنِّي أُشْهِدُكَ أَنَّهُ لِلَّهِ‏.‏",
      "english": {
        "narrator": "Narrated Qais:",
        "text": "When Abu Huraira accompanied by his slave came intending to embrace Islam, they lost each other \non the way. (When the slave showed up) Abu Huraira said (to the Prophet), \"I make you witness that \nthe slave is free for Allah's Cause.\""
      },
      "turkish": {
        "narrator": "Narrated Qais:",
        "text": "Kays'tan rivayet edilmiştir: Abu Hureyre, kölesiyle birlikte İslam'ı kabul etmek üzere yola çıktığında, yolda birbirlerini kaybettiler. (Köle ortaya çıktığında) Abu Hureyre, Peygamber'e (ﷺ) dedi ki: \"Kölenin Allah'ın yolunda özgür olduğunu sana şahit kılıyorum.\""
      }
    },
    {
      "id": 17,
      "idInBook": 17,
      "chapterId": 49,
      "bookId": 1,
      "arabic": "حَدَّثَنَا أَبُو الْيَمَانِ، أَخْبَرَنَا شُعَيْبٌ، عَنِ الزُّهْرِيِّ، قَالَ حَدَّثَنِي عُرْوَةُ بْنُ الزُّبَيْرِ، أَنَّ عَائِشَةَ ـ رضى الله عنها ـ قَالَتْ إِنَّ عُتْبَةَ بْنَ أَبِي وَقَّاصٍ عَهِدَ إِلَى أَخِيهِ سَعْدِ بْنِ أَبِي وَقَّاصٍ أَنْ يَقْبِضَ إِلَيْهِ ابْنَ وَلِيدَةِ زَمْعَةَ، قَالَ عُتْبَةُ إِنَّهُ ابْنِي‏.‏ فَلَمَّا قَدِمَ رَسُولُ اللَّهِ صلى الله عليه وسلم زَمَنَ الْفَتْحِ أَخَذَ سَعْدٌ ابْنَ وَلِيدَةِ زَمْعَةَ‏.‏ فَأَقْبَلَ بِهِ إِلَى رَسُولِ اللَّهِ صلى الله عليه وسلم وَأَقْبَلَ مَعَهُ بِعَبْدِ بْنِ زَمْعَةَ‏.‏ فَقَالَ سَعْدٌ يَا رَسُولَ اللَّهِ هَذَا ابْنُ أَخِي عَهِدَ إِلَىَّ أَنَّهُ ابْنُهُ‏.‏ فَقَالَ عَبْدُ بْنُ زَمْعَةَ يَا رَسُولَ اللَّهِ هَذَا أَخِي ابْنُ وَلِيدَةِ زَمْعَةَ، وُلِدَ عَلَى فِرَاشِهِ‏.‏ فَنَظَرَ رَسُولُ اللَّهِ صلى الله عليه وسلم إِلَى ابْنِ وَلِيدَةِ زَمْعَةَ، فَإِذَا هُوَ أَشْبَهُ النَّاسِ بِهِ، فَقَالَ رَسُولُ اللَّهِ صلى الله عليه وسلم ‏\"‏ هُوَ لَكَ يَا عَبْدُ بْنَ زَمْعَةَ ‏\"‏‏.‏ مِنْ أَجْلِ أَنَّهُ وُلِدَ عَلَى فِرَاشِ أَبِيهِ، قَالَ رَسُولُ اللَّهِ صلى الله عليه وسلم ‏\"‏ احْتَجِبِي مِنْهُ يَا سَوْدَةُ بِنْتَ زَمْعَةَ ‏\"‏‏.‏ مِمَّا رَأَى مِنْ شَبَهِهِ بِعُتْبَةَ‏.‏ وَكَانَتْ سَوْدَةُ زَوْجَ النَّبِيِّ صلى الله عليه وسلم‏.‏",
      "english": {
        "narrator": "Narrated `Aisha:",
        "text": "`Utba bin Abi Waqqas authorized his brother Sa`d bin Abi Waqqas to take the son of the slave-girl of \nZam`a into his custody, telling him that the boy was his own (illegal) son. When Allah's Messenger (ﷺ) went \n(to Mecca) at the time of the Conquest, Sa`d took the son of the slave-girl of Zam`a to Allah's Messenger (ﷺ) \nand also brought 'Abu bin Zam`a with him and said, \"O Allah's Messenger (ﷺ)! This is the son of my brother \n`Utba who authorized me to take him into my custody.\" 'Abu bin Zam`a said, \"O Allah's Messenger (ﷺ)! He \nis my brother, the son of Zam`a's slave-girl and he was born on his bed.\" Allah's Messenger (ﷺ) looked at the \nson of the slave-girl of Zam`a and noticed much resemblance (to `Utba). Allah's Messenger (ﷺ) said, \"It is for \nyou, O 'Abu bin Zam`a as he was born on the bed of your father.\" Allah's Messenger (ﷺ) then told Sauda bint \nZam`a to observe veil in the presence of the boy as he noticed the boy's resemblance to `Utba and \nSauda was the wife of the Prophet (ﷺ) ."
      },
      "turkish": {
        "narrator": "Narrated `Aisha:",
        "text": "Aişe'den rivayet edilmiştir: Utbe bin Ebi Vakkas, kardeşi Sa'd bin Ebi Vakkas'a, Zama'nın köle kızının oğlunu kendisine teslim etmesini yetki verdi ve çocuğun kendi (gayri meşru) oğlu olduğunu söyledi. Allah'ın Elçisi (ﷺ) Feth zamanı (Mekke'ye) gittiğinde, Sa'd, Zama'nın köle kızının oğlunu Allah'ın Elçisi'ne (ﷺ) getirdi ve 'Abu bin Zama'yı da yanına alarak dedi ki: \"Ey Allah'ın Elçisi (ﷺ)! Bu, kardeşim Utbe'nin bana teslim ettiği oğludur.\" 'Abu bin Zama dedi ki: \"Ey Allah'ın Elçisi (ﷺ)! O benim kardeşim, Zama'nın köle kızının oğlu ve babasının yatağında doğmuştur.\" Allah'ın Elçisi (ﷺ), Zama'nın köle kızının oğluna baktı ve Utbe'ye çok benzerlik fark etti. Allah'ın Elçisi (ﷺ) dedi ki: \"Bu, senin için, ey 'Abu bin Zama, çünkü babanın yatağında doğmuştur.\" Allah'ın Elçisi (ﷺ) daha sonra Sauda bint Zama'ya, çocuğun yanında örtünmesini söyledi çünkü çocuğun Utbe'ye benzerliğini fark etti ve Sauda, Peygamber'in (ﷺ) eşiydi."
      }
    },
    {
      "id": 18,
      "idInBook": 18,
      "chapterId": 49,
      "bookId": 1,
      "arabic": "حَدَّثَنَا آدَمُ بْنُ أَبِي إِيَاسٍ، حَدَّثَنَا شُعْبَةُ، حَدَّثَنَا عَمْرُو بْنُ دِينَارٍ، سَمِعْتُ جَابِرَ بْنَ عَبْدِ اللَّهِ ـ رضى الله عنهما ـ قَالَ أَعْتَقَ رَجُلٌ مِنَّا عَبْدًا لَهُ عَنْ دُبُرٍ، فَدَعَا النَّبِيُّ صلى الله عليه وسلم بِهِ فَبَاعَهُ‏.‏ قَالَ جَابِرٌ مَاتَ الْغُلاَمُ عَامَ أَوَّلَ‏.‏",
      "english": {
        "narrator": "Narrated Jabir bin `Abdullah:",
        "text": "A man amongst us declared that his slave would be freed after his death. The Prophet (ﷺ) called for that \nslave and sold him. The slave died the same year."
      },
      "turkish": {
        "narrator": "Narrated Jabir bin `Abdullah:",
        "text": "Cabir bin Abdullah'dan rivayet edilmiştir: Aramızda bir adam, kölesinin ölümünden sonra özgür olacağını ilan etti. Peygamber (ﷺ) o köleyi çağırdı ve onu sattı. Köle aynı yıl öldü."
      }
    },
    {
      "id": 19,
      "idInBook": 19,
      "chapterId": 49,
      "bookId": 1,
      "arabic": "حَدَّثَنَا أَبُو الْوَلِيدِ، حَدَّثَنَا شُعْبَةُ، قَالَ أَخْبَرَنِي عَبْدُ اللَّهِ بْنُ دِينَارٍ، سَمِعْتُ ابْنَ عُمَرَ ـ رضى الله عنهما ـ يَقُولُ نَهَى رَسُولُ اللَّهِ صلى الله عليه وسلم عَنْ بَيْعِ الْوَلاَءِ، وَعَنْ هِبَتِهِ‏.‏",
      "english": {
        "narrator": "Narrated Ibn `Umar:",
        "text": "Allah's Messenger (ﷺ) forbade the selling or donating the Wala' of a freed slave."
      },
      "turkish": {
        "narrator": "Narrated Ibn `Umar:",
        "text": "İbn Ömer'den rivayet edilmiştir: Allah'ın Elçisi (ﷺ), bir kölenin Wala'sının satılmasını veya bağışlanmasını yasakladı."
      }
    },
    {
      "id": 20,
      "idInBook": 20,
      "chapterId": 49,
      "bookId": 1,
      "arabic": "حَدَّثَنَا عُثْمَانُ بْنُ أَبِي شَيْبَةَ، حَدَّثَنَا جَرِيرٌ، عَنْ مَنْصُورٍ، عَنْ إِبْرَاهِيمَ، عَنِ الأَسْوَدِ، عَنْ عَائِشَةَ ـ رضى الله عنها ـ قَالَتِ اشْتَرَيْتُ بَرِيرَةَ فَاشْتَرَطَ أَهْلُهَا وَلاَءَهَا، فَذَكَرْتُ ذَلِكَ لِلنَّبِيِّ صلى الله عليه وسلم فَقَالَ ‏\n\"‏ أَعْتِقِيهَا، فَإِنَّ الْوَلاَءَ لِمَنْ أَعْطَى الْوَرِقَ ‏\"‏‏.‏ فَأَعْتَقْتُهَا، فَدَعَاهَا النَّبِيُّ صلى الله عليه وسلم فَخَيَّرَهَا مِنْ زَوْجِهَا فَقَالَتْ لَوْ أَعْطَانِي كَذَا وَكَذَا مَا ثَبَتُّ عِنْدَهُ‏.‏ فَاخْتَارَتْ نَفْسَهَا‏.‏",
      "english": {
        "narrator": "Narrated `Aisha:",
        "text": "I bought Barirah but her masters put the condition that her Wala' would be for them. I told the Prophet (ﷺ) about it. He said (to me), \"Manumit (free) her as her Wala' will be for the one who pays the price.\" So, I manumitted (freed) her. The Prophet (ﷺ) called Barirah and gave her the option of either staying with her husband or leaving him. She said, \"Even if he gave me so much money, I would not stay with him,\" and so she preferred her freedom to her husband."
      },
      "turkish": {
        "narrator": "Narrated `Aisha:",
        "text": "Aişe'den rivayet edilmiştir: Ben Barira'yı satın aldım ama sahipleri onun Wala'sının kendilerine ait olmasını şart koştu. Ben bunu Peygamber'e (ﷺ) söyledim. O (bana) dedi ki: \"Onu özgür bırak, çünkü Wala'sı bedelini ödeyene aittir.\" Ben de onu özgür bıraktım. Peygamber (ﷺ) Barira'yı çağırdı ve ona ya kocasıyla kalma ya da ondan ayrılma seçeneği sundu. O dedi ki: \"Bana ne kadar para verirse versin, onunla kalmam,\" ve böylece özgürlüğünü kocasına tercih etti."
      }
    },
    {
      "id": 21,
      "idInBook": 21,
      "chapterId": 49,
      "bookId": 1,
      "arabic": "حَدَّثَنَا إِسْمَاعِيلُ بْنُ عَبْدِ اللَّهِ، حَدَّثَنَا إِسْمَاعِيلُ بْنُ إِبْرَاهِيمَ بْنِ عُقْبَةَ، عَنْ مُوسَى، عَنِ ابْنِ شِهَابٍ، قَالَ حَدَّثَنِي أَنَسٌ ـ رضى الله عنه ـ أَنَّ رِجَالاً، مِنَ الأَنْصَارِ اسْتَأْذَنُوا رَسُولَ اللَّهِ صلى الله عليه وسلم فَقَالُوا ائْذَنْ فَلْنَتْرُكْ لاِبْنِ أُخْتِنَا عَبَّاسٍ فِدَاءَهُ، فَقَالَ ‏\n\"‏ لاَ تَدَعُونَ مِنْهُ دِرْهَمًا ‏\"‏‏.‏",
      "english": {
        "narrator": "Narrated Anas:",
        "text": "Some men of the Ansar asked for the permission of Allah's Messenger (ﷺ) and said, \"Allow us to give up the \nransom from our nephew Al-`Abbas. The Prophet (ﷺ) said (to them), \"Do not leave (even) a Dirham (of \nhis ransom)."
      },
      "turkish": {
        "narrator": "Narrated Anas:",
        "text": "Enes'ten rivayet edilmiştir: Ensar'dan bazı adamlar, Allah'ın Elçisi'nden (ﷺ) izin istediler ve dediler ki: \"Yeğenimiz Al-`Abbas'ın fidyesinden vazgeçmemize izin ver.\" Peygamber (ﷺ) onlara dedi ki: \"Fidyesinden (bir Dirhem bile) bırakmayın.\""
      }
    },
    {
      "id": 22,
      "idInBook": 22,
      "chapterId": 49,
      "bookId": 1,
      "arabic": "حَدَّثَنَا عُبَيْدُ بْنُ إِسْمَاعِيلَ، حَدَّثَنَا أَبُو أُسَامَةَ، عَنْ هِشَامٍ، أَخْبَرَنِي أَبِي أَنَّ حَكِيمَ بْنَ حِزَامٍ ـ رضى الله عنه ـ أَعْتَقَ فِي الْجَاهِلِيَّةِ مِائَةَ رَقَبَةٍ، وَحَمَلَ عَلَى مِائَةِ بَعِيرٍ، فَلَمَّا أَسْلَمَ حَمَلَ عَلَى مِائَةِ بَعِيرٍ وَأَعْتَقَ مِائَةَ رَقَبَةٍ، قَالَ فَسَأَلْتُ رَسُولَ اللَّهِ صلى الله عليه وسلم فَقُلْتُ يَا رَسُولَ اللَّهِ، أَرَأَيْتَ أَشْيَاءَ كُنْتُ أَصْنَعُهَا فِي الْجَاهِلِيَّةِ، كُنْتُ أَتَحَنَّثُ بِهَا، يَعْنِي أَتَبَرَّرُ بِهَا، قَالَ فَقَالَ رَسُولُ اللَّهِ صلى الله عليه وسلم ‏\n\"‏ أَسْلَمْتَ عَلَى مَا سَلَفَ لَكَ مِنْ خَيْرٍ ‏\"‏‏.‏",
      "english": {
        "narrator": "Narrated Hisham:",
        "text": "My father told me that Hakim bin Hizam manumitted one-hundred slaves in the Pre-Islamic period of \nignorance and slaughtered one-hundred camels (and distributed them in charity). When he embraced \nIslam he again slaughtered one-hundred camels and manumitted one-hundred slaves. Hakim said, \"I \nasked Allah's Messenger (ﷺ), 'O Allah's Messenger (ﷺ)! What do you think about some good deeds I used to \npractice in the Pre-Islamic period of ignorance regarding them as deeds of righteousness?' Allah's \nApostle said, \"You have embraced Islam along with all those good deeds you did.\""
      },
      "turkish": {
        "narrator": "Narrated Hisham:",
        "text": "Hişam'dan rivayet edilmiştir: Babam bana, Hakim bin Hizam'ın cahiliye döneminde yüz köleyi özgür bıraktığını ve yüz de deve kestirdiğini söyledi. İslam'ı kabul ettikten sonra yine yüz deve kestirdi ve yüz köleyi özgür bıraktı. Hakim dedi ki: \"Ben Allah'ın Elçisi'ne (ﷺ) sordum: 'Ey Allah'ın Elçisi (ﷺ)! Cahiliye döneminde yaptığım bazı iyi ameller hakkında ne düşünüyorsun?' Allah'ın Elçisi dedi ki: \"İslam'ı kabul ettin ve yaptığın tüm o iyi amellerle birlikte oldun.\""
      }
    },
    {
      "id": 23,
      "idInBook": 23,
      "chapterId": 49,
      "bookId": 1,
      "arabic": "حَدَّثَنَا ابْنُ أَبِي مَرْيَمَ، قَالَ أَخْبَرَنِي اللَّيْثُ، عَنْ عُقَيْلٍ، عَنِ ابْنِ شِهَابٍ، ذَكَرَ عُرْوَةُ أَنَّ مَرْوَانَ، وَالْمِسْوَرَ بْنَ مَخْرَمَةَ، أَخْبَرَاهُ أَنَّ النَّبِيَّ صلى الله عليه وسلم قَامَ حِينَ جَاءَهُ وَفْدُ هَوَازِنَ، فَسَأَلُوهُ أَنْ يَرُدَّ إِلَيْهِمْ أَمْوَالَهُمْ وَسَبْيَهُمْ فَقَالَ ‏\"‏ إِنَّ مَعِي مَنْ تَرَوْنَ، وَأَحَبُّ الْحَدِيثِ إِلَىَّ أَصْدَقُهُ، فَاخْتَارُوا إِحْدَى الطَّائِفَتَيْنِ إِمَّا الْمَالَ، وَإِمَّا السَّبْىَ، وَقَدْ كُنْتُ اسْتَأْنَيْتُ بِهِمْ ‏\"‏‏.‏ وَكَانَ النَّبِيُّ صلى الله عليه وسلم انْتَظَرَهُمْ بِضْعَ عَشْرَةَ لَيْلَةً حِينَ قَفَلَ مِنَ الطَّائِفِ، فَلَمَّا تَبَيَّنَ لَهُمْ أَنَّ النَّبِيَّ صلى الله عليه وسلم غَيْرُ رَادٍّ إِلَيْهِمْ إِلاَّ إِحْدَى الطَّائِفَتَيْنِ قَالُوا فَإِنَّا نَخْتَارُ سَبْيَنَا‏.‏ فَقَامَ النَّبِيُّ صلى الله عليه وسلم فِي النَّاسِ، فَأَثْنَى عَلَى اللَّهِ بِمَا هُوَ أَهْلُهُ، ثُمَّ قَالَ ‏\"‏ أَمَّا بَعْدُ فَإِنَّ إِخْوَانَكُمْ جَاءُونَا تَائِبِينَ، وَإِنِّي رَأَيْتُ أَنْ أَرُدَّ إِلَيْهِمْ سَبْيَهُمْ، فَمَنْ أَحَبَّ مِنْكُمْ أَنْ يُطَيِّبَ ذَلِكَ فَلْيَفْعَلْ، وَمَنْ أَحَبَّ أَنْ يَكُونَ عَلَى حَظِّهِ حَتَّى نُعْطِيَهُ إِيَّاهُ مِنْ أَوَّلِ مَا يُفِيءُ اللَّهُ عَلَيْنَا فَلْيَفْعَلْ ‏\"‏‏.‏ فَقَالَ النَّاسُ طَيَّبْنَا ذَلِكَ‏.‏ قَالَ ‏\"‏ إِنَّا لاَ نَدْرِي مَنْ أَذِنَ مِنْكُمْ مِمَّنْ لَمْ يَأْذَنْ فَارْجِعُوا حَتَّى يَرْفَعَ إِلَيْنَا عُرَفَاؤُكُمْ أَمْرَكُمْ ‏\"‏‏.‏ فَرَجَعَ النَّاسُ، فَكَلَّمَهُمْ عُرَفَاؤُهُمْ، ثُمَّ رَجَعُوا إِلَى النَّبِيِّ صلى الله عليه وسلم فَأَخْبَرُوهُ أَنَّهُمْ طَيَّبُوا وَأَذِنُوا، فَهَذَا الَّذِي بَلَغَنَا عَنْ سَبْىِ هَوَازِنَ‏.‏ وَقَالَ أَنَسٌ قَالَ عَبَّاسٌ لِلنَّبِيِّ صلى الله عليه وسلم فَادَيْتُ نَفْسِي، وَفَادَيْتُ عَقِيلاً‏.‏",
      "english": {
        "narrator": "Narrated Marwan and Al-Miswar bin Makhrama:",
        "text": "When the delegates of the tribe of Hawazin came to the Prophet (ﷺ) and they requested him to return their \nproperties and captives. The Prophet (ﷺ) stood up and said to them, \"I have other people with me in this \nmatter (as you see) and the most beloved statement to me is the true one; you may choose either the \nproperties or the prisoners as I have delayed their distribution.\" The Prophet (ﷺ) had waited for them for \nmore than ten days since his arrival from Ta'if. So, when it became evident to them that the Prophet (ﷺ) \nwas not going to return them except one of the two, they said, \"We choose our prisoners.\" The \nProphet got up amongst the people and glorified and praised Allah as He deserved and said, \"Then \nafter, these brethren of yours have come to us with repentance, and I see it logical to return them the \ncaptives. So, whoever amongst you likes to do that as a favor, then he can do it, and whoever of you \nlikes to stick to his share till we recompense him from the very first war booty which Allah will give \nus, then he can do so (i.e. give up the present captives).\" The people unanimously said, \"We do that \n(return the captives) willingly.\" The Prophet (ﷺ) said, \"We do not know which of you has agreed to it and \nwhich have not, so go back and let your leaders forward us your decision.\" So, all the people then \nwent back and discussed the matter with their leaders who returned and informed the Prophet (ﷺ) that all \nthe people had willingly given their consent to return the captives. This is what has reached us about \nthe captives of Hawazin. Narrated Anas that `Abbas said to the Prophet, \"I paid for my ransom and \n`Aqil's ransom.\""
      },
      "turkish": {
        "narrator": "Narrated Marwan and Al-Miswar bin Makhrama:",
        "text": "Marvan ve Al-Miswar bin Makhrama'dan rivayet edilmiştir: Hawazin kabilesinin delegeleri Peygamber'e (ﷺ) geldiklerinde, mülklerini ve esirlerini geri vermesini istediler. Peygamber (ﷺ) ayağa kalktı ve onlara dedi ki: \"Bu konuda benimle başka insanlar var (gördüğünüz gibi) ve benim en sevdiğim söz doğru olanıdır; mülklerden veya esirlerden birini seçebilirsiniz çünkü onların dağıtımını geciktirdim.\" Peygamber (ﷺ), Ta'if'ten döndüğünden beri onlardan on günden fazla beklemişti. Onlara Peygamber'in (ﷺ) onları geri vermeyeceği açık hale gelince, \"Esirlerimizi seçiyoruz,\" dediler. Peygamber, insanların arasında kalktı ve Allah'ı övdü ve O'na layık olduğu şekilde hamd etti ve dedi ki: \"Sonra, bu kardeşleriniz bize tövbe ile geldiler ve esirleri geri vermenin mantıklı olduğunu düşünüyorum. İçinizden bunu bir iyilik olarak yapmak isteyen varsa, yapabilir; ve içinizden ilk savaş ganimeti ile onu tazmin edene kadar payını elinde tutmak isteyen varsa, bunu da yapabilir (yani mevcut esirlerden vazgeçebilir).\" İnsanlar oybirliğiyle, \"Biz bunu (esirleri geri vermeyi) seve seve yaparız,\" dediler. Peygamber (ﷺ) dedi ki: \"Hanginizin buna onay verdiğini ve hangisinin vermediğini bilmiyoruz, bu yüzden geri dönün ve liderlerinizin kararınızı bize iletmesini sağlayın.\" Böylece tüm insanlar geri döndü ve liderleriyle konuyu tartıştılar, liderleri geri döndü ve Peygamber'e (ﷺ) tüm insanların esirleri geri vermeyi seve seve kabul ettiğini bildirdi. Bu, Hawazin esirleri hakkında bize ulaşan şeydir. Enes, Abbas'ın Peygamber'e (ﷺ) \"Ben fidyemi ve Akil'in fidyesini ödedim,\" dediğini rivayet etmiştir."
      }
    },
    {
      "id": 24,
      "idInBook": 24,
      "chapterId": 49,
      "bookId": 1,
      "arabic": "حَدَّثَنَا عَلِيُّ بْنُ الْحَسَنِ، أَخْبَرَنَا عَبْدُ اللَّهِ، أَخْبَرَنَا ابْنُ عَوْنٍ، قَالَ كَتَبْتُ إِلَى نَافِعٍ فَكَتَبَ إِلَىَّ أَنَّ النَّبِيَّ صلى الله عليه وسلم أَغَارَ عَلَى بَنِي الْمُصْطَلِقِ وَهُمْ غَارُّونَ وَأَنْعَامُهُمْ تُسْقَى عَلَى الْمَاءِ، فَقَتَلَ مُقَاتِلَتَهُمْ، وَسَبَى ذَرَارِيَّهُمْ، وَأَصَابَ يَوْمَئِذٍ جُوَيْرِيَةَ‏.‏ حَدَّثَنِي بِهِ عَبْدُ اللَّهِ بْنُ عُمَرَ، وَكَانَ فِي ذَلِكَ الْجَيْشِ‏.‏",
      "english": {
        "narrator": "Narrated Ibn `Aun:",
        "text": "I wrote a letter to Nafi` and Nafi` wrote in reply to my letter that the Prophet (ﷺ) had suddenly attacked \nBani Mustaliq without warning while they were heedless and their cattle were being watered at the \nplaces of water. Their fighting men were killed and their women and children were taken as captives; \nthe Prophet (ﷺ) got Juwairiya on that day. Nafi` said that Ibn `Umar had told him the above narration and \nthat Ibn `Umar was in that army."
      },
      "turkish": {
        "narrator": "Narrated Ibn `Aun:",
        "text": "İbn Aun'dan rivayet edilmiştir: Nafi'e bir mektup yazdım ve Nafi, mektubuma cevap olarak Peygamber'in (ﷺ) Beni Mustaliq'a aniden saldırdığını, onların dikkatsiz oldukları sırada ve hayvanlarını suladıkları yerlerde olduğunu yazdı. Onların savaşçıları öldürüldü ve kadınları ile çocukları esir alındı; Peygamber (ﷺ) o gün Cüveyriye'yi elde etti. Nafi, İbn Ömer'in kendisine yukarıdaki rivayeti aktardığını ve İbn Ömer'in o orduda bulunduğunu söyledi."
      }
    },
    {
      "id": 25,
      "idInBook": 25,
      "chapterId": 49,
      "bookId": 1,
      "arabic": "حَدَّثَنَا عَبْدُ اللَّهِ بْنُ يُوسُفَ، أَخْبَرَنَا مَالِكٌ، عَنْ رَبِيعَةَ بْنِ أَبِي عَبْدِ الرَّحْمَنِ، عَنْ مُحَمَّدِ بْنِ يَحْيَى بْنِ حَبَّانَ، عَنِ ابْنِ مُحَيْرِيزٍ، قَالَ رَأَيْتُ أَبَا سَعِيدٍ ـ رضى الله عنه ـ فَسَأَلْتُهُ فَقَالَ خَرَجْنَا مَعَ رَسُولِ اللَّهِ صلى الله عليه وسلم فِي غَزْوَةِ بَنِي الْمُصْطَلِقِ فَأَصَبْنَا سَبْيًا مِنْ سَبْىِ الْعَرَبِ، فَاشْتَهَيْنَا النِّسَاءَ فَاشْتَدَّتْ عَلَيْنَا الْعُزْبَةُ وَأَحْبَبْنَا الْعَزْلَ، فَسَأَلْنَا رَسُولَ اللَّهِ صلى الله عليه وسلم فَقَالَ ‏\n\"‏ مَا عَلَيْكُمْ أَنْ لاَ تَفْعَلُوا، مَا مِنْ نَسَمَةٍ كَائِنَةٍ إِلَى يَوْمِ الْقِيَامَةِ إِلاَّ وَهْىَ كَائِنَةٌ ‏\"‏‏.‏",
      "english": {
        "narrator": "Narrated Ibn Muhairiz:",
        "text": "I saw Abu Sa`id and asked him about coitus interruptus. Abu Sa`id said, \"We went with Allah's \nApostle, in the Ghazwa of Bani Al-Mustaliq and we captured some of the 'Arabs as captives, and the \nlong separation from our wives was pressing us hard and we wanted to practice coitus interruptus. We \nasked Allah's Messenger (ﷺ) (whether it was permissible). He said, \"It is better for you not to do so. No soul, \n(that which Allah has) destined to exist, up to the Day of Resurrection, but will definitely come, into \nexistence.\""
      },
      "turkish": {
        "narrator": "Narrated Ibn Muhairiz:",
        "text": "İbn Muhairiz'den rivayet edilmiştir: Abu Sa'id'i gördüm ve ona coitus interruptus hakkında sordum. Abu Sa'id dedi ki: \"Biz, Allah'ın Elçisi ile Beni Mustaliq gazasında bulunduk ve bazı Arapları esir aldık, eşlerimizden uzun süre ayrı kalmak bizi zorluyordu ve coitus interruptus uygulamak istedik. Allah'ın Elçisi'ne (ﷺ) bunun caiz olup olmadığını sorduk. O dedi ki: \"Bunu yapmamanız sizin için daha iyidir. Hiçbir ruh (Allah'ın takdir ettiği) kıyamet gününe kadar var olmayacak olan ruh, kesinlikle var olacaktır.\""
      }
    },
    {
      "id": 26,
      "idInBook": 26,
      "chapterId": 49,
      "bookId": 1,
      "arabic": "حَدَّثَنَا زُهَيْرُ بْنُ حَرْبٍ، حَدَّثَنَا جَرِيرٌ، عَنْ عُمَارَةَ بْنِ الْقَعْقَاعِ، عَنْ أَبِي زُرْعَةَ، عَنْ أَبِي هُرَيْرَةَ ـ رضى الله عنه ـ قَالَ لاَ أَزَالُ أُحِبُّ بَنِي تَمِيمٍ‏.‏ وَحَدَّثَنِي ابْنُ سَلاَمٍ أَخْبَرَنَا جَرِيرُ بْنُ عَبْدِ الْحَمِيدِ عَنِ الْمُغِيرَةِ عَنِ الْحَارِثِ عَنْ أَبِي زُرْعَةَ عَنْ أَبِي هُرَيْرَةَ‏.‏ وَعَنْ عُمَارَةَ عَنْ أَبِي زُرْعَةَ عَنْ أَبِي هُرَيْرَةَ قَالَ مَا زِلْتُ أُحِبُّ بَنِي تَمِيمٍ مُنْذُ ثَلاَثٍ سَمِعْتُ مِنْ رَسُولِ اللَّهِ صلى الله عليه وسلم يَقُولُ فِيهِمْ، سَمِعْتُهُ يَقُولُ ‏\"‏ هُمْ أَشَدُّ أُمَّتِي عَلَى الدَّجَّالِ ‏\"‏‏.‏ قَالَ وَجَاءَتْ صَدَقَاتُهُمْ، فَقَالَ رَسُولُ اللَّهِ صلى الله عليه وسلم ‏\"‏ هَذِهِ صَدَقَاتُ قَوْمِنَا ‏\"‏‏.‏ وَكَانَتْ سَبِيَّةٌ مِنْهُمْ عِنْدَ عَائِشَةَ‏.‏ فَقَالَ ‏\"‏ أَعْتِقِيهَا فَإِنَّهَا مِنْ وَلَدِ إِسْمَاعِيلَ ‏\"‏‏.‏",
      "english": {
        "narrator": "Narrated Abu Huraira:",
        "text": "I have loved the people of the tribe of Bani Tamim ever since I heard, three things, Allah's Messenger (ﷺ) \nsaid about them. I heard him saying, These people (of the tribe of Bani Tamim) would stand firm \nagainst Ad-Dajjal.\" When the Sadaqat (gifts of charity) from that tribe came, Allah's Messenger (ﷺ) said, \n\"These are the Sadaqat (i.e. charitable gifts) of our folk.\" `Aisha had a slave-girl from that tribe, and \nthe Prophet (ﷺ) said to `Aisha, \"Manumit her as she is a descendant of Ishmael (the Prophet)."
      },
      "turkish": {
        "narrator": "Narrated Abu Huraira:",
        "text": "Abu Hureyre'den rivayet edilmiştir: Ben Beni Tamim kabilesinin insanlarını, Allah'ın Elçisi'nin (ﷺ) onlarla ilgili söylediği üç şeyden dolayı sevdim. Onun, \"Bu insanlar (Beni Tamim kabilesinin) Deccal'a karşı dimdik duracaklar,\" dediğini duydum. O kabileden gelen sadakalar (hayır bağışları) geldiğinde, Allah'ın Elçisi (ﷺ) dedi ki: \"Bunlar bizim halkımızın sadakalarıdır.\" Aişe'nin o kabileden bir köle kızı vardı ve Peygamber (ﷺ) Aişe'ye dedi ki: \"Onu özgür bırak, çünkü o İsmail'in (Peygamber) soyundandır.\""
      }
    },
    {
      "id": 27,
      "idInBook": 27,
      "chapterId": 49,
      "bookId": 1,
      "arabic": "حَدَّثَنَا إِسْحَاقُ بْنُ إِبْرَاهِيمَ، سَمِعَ مُحَمَّدَ بْنَ فُضَيْلٍ، عَنْ مُطَرِّفٍ، عَنِ الشَّعْبِيِّ، عَنْ أَبِي بُرْدَةَ، عَنْ أَبِي مُوسَى ـ رضى الله عنه ـ قَالَ قَالَ رَسُولُ اللَّهِ صلى الله عليه وسلم ‏\n\"‏ مَنْ كَانَتْ لَهُ جَارِيَةٌ فَعَالَهَا، فَأَحْسَنَ إِلَيْهَا ثُمَّ أَعْتَقَهَا وَتَزَوَّجَهَا، كَانَ لَهُ أَجْرَانِ ‏\"‏‏.‏",
      "english": {
        "narrator": "Narrated Abu Musa:",
        "text": "Allah's Messenger (ﷺ) said, \"He who has a slave-girl and educates and treats her nicely and then manumits \nand marries her, will get a double reward.\""
      },
      "turkish": {
        "narrator": "Narrated Abu Musa:",
        "text": "Abu Musa'dan rivayet edilmiştir: Allah'ın Elçisi (ﷺ) dedi ki: \"Bir köle kızı olan ve onu eğiten, güzel davranışlar öğreten, sonra özgür bırakan ve onunla evlenen kimse, iki kat ödül alacaktır.\""
      }
    },
    {
      "id": 28,
      "idInBook": 28,
      "chapterId": 49,
      "bookId": 1,
      "arabic": "حَدَّثَنَا آدَمُ بْنُ أَبِي إِيَاسٍ، حَدَّثَنَا شُعْبَةُ، حَدَّثَنَا وَاصِلٌ الأَحْدَبُ، قَالَ سَمِعْتُ الْمَعْرُورَ بْنَ سُوَيْدٍ، قَالَ رَأَيْتُ أَبَا ذَرٍّ الْغِفَارِيَّ ـ رضى الله عنه ـ وَعَلَيْهِ حُلَّةٌ وَعَلَى غُلاَمِهِ حُلَّةٌ فَسَأَلْنَاهُ عَنْ ذَلِكَ فَقَالَ إِنِّي سَابَبْتُ رَجُلاً فَشَكَانِي إِلَى النَّبِيِّ صلى الله عليه وسلم، فَقَالَ لِيَ النَّبِيُّ صلى الله عليه وسلم ‏\"‏ أَعَيَّرْتَهُ بِأُمِّهِ ‏\"‏‏.‏ ثُمَّ قَالَ ‏\"‏ إِنَّ إِخْوَانَكُمْ خَوَلُكُمْ جَعَلَهُمُ اللَّهُ تَحْتَ أَيْدِيكُمْ، فَمَنْ كَانَ أَخُوهُ تَحْتَ يَدِهِ فَلْيُطْعِمْهُ مِمَّا يَأْكُلُ، وَلْيُلْبِسْهُ مِمَّا يَلْبَسُ، وَلاَ تُكَلِّفُوهُمْ مَا يَغْلِبُهُمْ، فَإِنْ كَلَّفْتُمُوهُمْ مَا يَغْلِبُهُمْ فَأَعِينُوهُمْ ‏\"‏‏.‏",
      "english": {
        "narrator": "Narrated Al-Ma'rur bin Suwaid:",
        "text": "I saw Abu Dhar Al-Ghifari wearing a cloak, and his slave, too, was wearing a cloak. We asked him \nabout that (i.e. how both were wearing similar cloaks). He replied, \"Once I abused a man and he \ncomplained of me to the Prophet (ﷺ) . The Prophet (ﷺ) asked me, 'Did you abuse him by slighting his \nmother?' He added, 'Your slaves are your brethren upon whom Allah has given you authority. So, if \none has one's brethren under one's control, one should feed them with the like of what one eats and \nclothe them with the like of what one wears. You should not overburden them with what they cannot \nbear, and if you do so, help them (in their hard job)."
      },
      "turkish": {
        "narrator": "Narrated Al-Ma'rur bin Suwaid:",
        "text": "Al-Ma'rur bin Suwaid'den rivayet edilmiştir: Abu Dhar Al-Ghifari'yi bir örtü giyerken gördüm ve kölesi de bir örtü giyiyordu. Ona bunun nedenini sorduk (yani ikisinin de benzer örtüler giymesinin nedenini). O cevapladı: \"Bir zaman bir adama hakaret ettim ve o, Peygamber'e (ﷺ) şikayette bulundu. Peygamber (ﷺ) bana sordu: 'Onu annesine hakaret ederek mi küçümsedin?' O ekledi: 'Köleleriniz, Allah'ın size verdiği kardeşlerinizdir. Eğer birinin kardeşleri kontrolünüz altındaysa, onlara yediğiniz gibi yemek vermeli ve giydiğiniz gibi giydirmelisiniz. Onları taşıyamayacakları yüklerle zorlamamalısınız, eğer yaparsanız, onlara (zor işlerinde) yardım etmelisiniz.\""
      }
    },
    {
      "id": 29,
      "idInBook": 29,
      "chapterId": 49,
      "bookId": 1,
      "arabic": "حَدَّثَنَا عَبْدُ اللَّهِ بْنُ مَسْلَمَةَ، عَنْ مَالِكٍ، عَنْ نَافِعٍ، عَنِ ابْنِ عُمَرَ ـ رضى الله عنهما ـ أَنَّ رَسُولَ اللَّهِ صلى الله عليه وسلم قَالَ ‏\n\"‏ الْعَبْدُ إِذَا نَصَحَ سَيِّدَهُ وَأَحْسَنَ عِبَادَةَ رَبِّهِ كَانَ لَهُ أَجْرُهُ مَرَّتَيْنِ ‏\"‏‏.‏",
      "english": {
        "narrator": "Narrated Ibn `Umar:",
        "text": "Allah's Messenger (ﷺ) said, \"If a slave is honest and faithful to his master and worships his Lord (Allah) in a \nperfect manner, he will get a double reward.\""
      },
      "turkish": {
        "narrator": "Narrated Ibn `Umar:",
        "text": "İbn Ömer'den rivayet edilmiştir: Allah'ın Elçisi (ﷺ) dedi ki: \"Eğer bir köle, efendisine karşı dürüst ve sadık olursa ve Rabbine (Allah'a) mükemmel bir şekilde ibadet ederse, iki kat ödül alacaktır.\""
      }
    },
    {
      "id": 30,
      "idInBook": 30,
      "chapterId": 49,
      "bookId": 1,
      "arabic": "حَدَّثَنَا مُحَمَّدُ بْنُ كَثِيرٍ، أَخْبَرَنَا سُفْيَانُ، عَنْ صَالِحٍ، عَنِ الشَّعْبِيِّ، عَنْ أَبِي بُرْدَةَ، عَنْ أَبِي مُوسَى الأَشْعَرِيِّ ـ رضى الله عنه ـ قَالَ النَّبِيُّ صلى الله عليه وسلم ‏\n\"‏ أَيُّمَا رَجُلٍ كَانَتْ لَهُ جَارِيَةٌ فَأَدَّبَهَا فَأَحْسَنَ تَأْدِيبَهَا، وَأَعْتَقَهَا وَتَزَوَّجَهَا، فَلَهُ أَجْرَانِ، وَأَيُّمَا عَبْدٍ أَدَّى حَقَّ اللَّهِ وَحَقَّ مَوَالِيهِ، فَلَهُ أَجْرَانِ ‏\"‏‏.‏",
      "english": {
        "narrator": "Narrated Abu Musa Al-Ash`ari:",
        "text": "The Prophet (ﷺ) said, \"He who has a slave-girl and teaches her good manners and improves her education \nand then manumits and marries her, will get a double reward; and any slave who observes Allah's \nright and his master's right will get a double reward.\""
      },
      "turkish": {
        "narrator": "Narrated Abu Musa Al-Ash`ari:",
        "text": "Abu Musa El-Eş'ari'den rivayet edilmiştir: Peygamber (ﷺ) dedi ki: \"Bir köle kızı olan ve ona güzel ahlakı öğreten, eğitimini geliştiren, sonra özgür bırakan ve onunla evlenen kimse, iki kat ödül alacaktır; ve Allah'ın hakkını ve efendisinin hakkını gözeten her köle de iki kat ödül alacaktır.\""
      }
    },
    {
      "id": 31,
      "idInBook": 31,
      "chapterId": 49,
      "bookId": 1,
      "arabic": "حَدَّثَنَا بِشْرُ بْنُ مُحَمَّدٍ، أَخْبَرَنَا عَبْدُ اللَّهِ، أَخْبَرَنَا يُونُسُ، عَنِ الزُّهْرِيِّ، سَمِعْتُ سَعِيدَ بْنَ الْمُسَيَّبِ، يَقُولُ قَالَ أَبُو هُرَيْرَةَ ـ رضى الله عنه ـ قَالَ رَسُولُ اللَّهِ صلى الله عليه وسلم ‏\n\"‏ لِلْعَبْدِ الْمَمْلُوكِ الصَّالِحِ أَجْرَانِ، وَالَّذِي نَفْسِي بِيَدِهِ لَوْلاَ الْجِهَادُ فِي سَبِيلِ اللَّهِ وَالْحَجُّ وَبِرُّ أُمِّي، لأَحْبَبْتُ أَنْ أَمُوتَ وَأَنَا مَمْلُوكٌ ‏\"‏‏.‏",
      "english": {
        "narrator": "Narrated Abu Huraira:",
        "text": "Allah's Messenger (ﷺ) said, \"A pious slave gets a double reward.\" Abu Huraira added: By Him in Whose \nHands my soul is but for Jihad (i.e. holy battles), Hajj, and my duty to serve my mother, I would have \nloved to die as a slave."
      },
      "turkish": {
        "narrator": "Narrated Abu Huraira:",
        "text": "Abu Huraira'dan rivayet edilmiştir: Allah'ın Messenger'ı (ﷺ) şöyle dedi: \"Salih bir köle iki kat ödül alır.\" Abu Huraira ekledi: \"Canımın bulunduğu Allah'a yemin ederim ki, cihad (yani kutsal savaşlar), Hac ve anneme hizmet etme görevim için, köle olarak ölmeyi çok isterdim.\""
      }
    },
    {
      "id": 32,
      "idInBook": 32,
      "chapterId": 49,
      "bookId": 1,
      "arabic": "حَدَّثَنَا إِسْحَاقُ بْنُ نَصْرٍ، حَدَّثَنَا أَبُو أُسَامَةَ، عَنِ الأَعْمَشِ، حَدَّثَنَا أَبُو صَالِحٍ، عَنْ أَبِي هُرَيْرَةَ ـ رضى الله عنه ـ قَالَ قَالَ النَّبِيُّ صلى الله عليه وسلم ‏\n\"‏ نِعْمَ مَا لأَحَدِهِمْ يُحْسِنُ عِبَادَةَ رَبِّهِ وَيَنْصَحُ لِسَيِّدِهِ ‏\"‏‏.‏",
      "english": {
        "narrator": "Narrated Abu Huraira:",
        "text": "The Prophet (ﷺ) said, \"Goodness and comfort are for him who worships his Lord in a perfect manner and \nserves his master sincerely.\""
      },
      "turkish": {
        "narrator": "Narrated Abu Huraira:",
        "text": "Abu Huraira'dan rivayet edilmiştir: Peygamber (ﷺ) şöyle dedi: \"İyilik ve rahatlık, Rabbine mükemmel bir şekilde ibadet eden ve efendisine samimiyetle hizmet eden kimse içindir.\""
      }
    },
    {
      "id": 33,
      "idInBook": 33,
      "chapterId": 49,
      "bookId": 1,
      "arabic": "حَدَّثَنَا مُسَدَّدٌ، حَدَّثَنَا يَحْيَى، عَنْ عُبَيْدِ اللَّهِ، حَدَّثَنِي نَافِعٌ، عَنْ عَبْدِ اللَّهِ ـ رضى الله عنه ـ عَنِ النَّبِيِّ صلى الله عليه وسلم قَالَ ‏\n\"‏ إِذَا نَصَحَ الْعَبْدُ سَيِّدَهُ، وَأَحْسَنَ عِبَادَةَ رَبِّهِ، كَانَ لَهُ أَجْرُهُ مَرَّتَيْنِ ‏\"‏‏.‏",
      "english": {
        "narrator": "Narrated `Abdullah:",
        "text": "The Prophet (ﷺ) said, \"If a slave serves his Saiyid (i.e. master) sincerely and worships his Lord (Allah) \nperfectly, he will get a double reward.\""
      },
      "turkish": {
        "narrator": "Narrated `Abdullah:",
        "text": "Abdullah'dan rivayet edilmiştir: Peygamber (ﷺ) şöyle dedi: \"Eğer bir köle efendisine (yani sahibi) samimiyetle hizmet eder ve Rabbine (Allah) mükemmel bir şekilde ibadet ederse, iki kat ödül alır.\""
      }
    },
    {
      "id": 34,
      "idInBook": 34,
      "chapterId": 49,
      "bookId": 1,
      "arabic": "حَدَّثَنَا مُحَمَّدُ بْنُ الْعَلاَءِ، حَدَّثَنَا أَبُو أُسَامَةَ، عَنْ بُرَيْدٍ، عَنْ أَبِي بُرْدَةَ، عَنْ أَبِي مُوسَى ـ رضى الله عنه ـ عَنِ النَّبِيِّ صلى الله عليه وسلم قَالَ ‏\n\"‏ الْمَمْلُوكُ الَّذِي يُحْسِنُ عِبَادَةَ رَبِّهِ، وَيُؤَدِّي إِلَى سَيِّدِهِ الَّذِي لَهُ عَلَيْهِ مِنَ الْحَقِّ وَالنَّصِيحَةِ وَالطَّاعَةِ، لَهُ أَجْرَانِ ‏\"‏‏.‏",
      "english": {
        "narrator": "Narrated Abu Musa:",
        "text": "The Prophet (ﷺ) said, \"The Mamluk (slave) who worships his Lord in a perfect manner, and is dutiful, \nsincere and obedient to his Saiyid (master), will get a double reward.\""
      },
      "turkish": {
        "narrator": "Narrated Abu Musa:",
        "text": "Abu Musa'dan rivayet edilmiştir: Peygamber (ﷺ) şöyle dedi: \"Rabbine mükemmel bir şekilde ibadet eden, efendisine (sahibine) itaatkar, samimi ve sadık olan Mamluk (köle) iki kat ödül alır.\""
      }
    },
    {
      "id": 35,
      "idInBook": 35,
      "chapterId": 49,
      "bookId": 1,
      "arabic": "حَدَّثَنَا مُحَمَّدٌ، حَدَّثَنَا عَبْدُ الرَّزَّاقِ، أَخْبَرَنَا مَعْمَرٌ، عَنْ هَمَّامِ بْنِ مُنَبِّهٍ، أَنَّهُ سَمِعَ أَبَا هُرَيْرَةَ ـ رضى الله عنه ـ يُحَدِّثُ عَنِ النَّبِيِّ صلى الله عليه وسلم أَنَّهُ قَالَ ‏\n\"‏ لاَ يَقُلْ أَحَدُكُمْ أَطْعِمْ رَبَّكَ، وَضِّئْ رَبَّكَ، اسْقِ رَبَّكَ‏.‏ وَلْيَقُلْ سَيِّدِي مَوْلاَىَ‏.‏ وَلاَ يَقُلْ أَحَدُكُمْ عَبْدِي أَمَتِي‏.‏ وَلْيَقُلْ فَتَاىَ وَفَتَاتِي وَغُلاَمِي ‏\"‏‏.‏",
      "english": {
        "narrator": "Narrated Abu Huraira:",
        "text": "The Prophet (ﷺ) said, \"You should not say, 'Feed your lord (Rabbaka), help your lord in performing \nablution, or give water to your lord, but should say, 'my master (e.g. Feed your master instead of lord \netc.) (Saiyidi), or my guardian (Maulai), and one should not say, my slave (Abdi), or my girl-slave \n(Amati), but should say, my lad (Fatai), my lass (Fatati), and 'my boy (Ghulami)."
      },
      "turkish": {
        "narrator": "Narrated Abu Huraira:",
        "text": "Abu Huraira'dan rivayet edilmiştir: Peygamber (ﷺ) şöyle dedi: \"Rabbini (Rabbaka) besle, Rabbine abdest aldır, Rabbine su ver dememelisiniz, bunun yerine 'efendim (örneğin, efendini besle yerine Rabbini besle vb.) (Saiyidi), ya da koruyucum (Maulai) demelisiniz; ve 'kölem (Abdi) ya da kız kölem (Amati) dememelisiniz, bunun yerine 'oğlum (Fatai), kızım (Fatati) ve 'oğlum (Ghulami) demelisiniz.\""
      }
    },
    {
      "id": 36,
      "idInBook": 36,
      "chapterId": 49,
      "bookId": 1,
      "arabic": "حَدَّثَنَا أَبُو النُّعْمَانِ، حَدَّثَنَا جَرِيرُ بْنُ حَازِمٍ، عَنْ نَافِعٍ، عَنِ ابْنِ عُمَرَ ـ رضى الله عنهما ـ قَالَ قَالَ النَّبِيُّ صلى الله عليه وسلم ‏\n\"‏ مَنْ أَعْتَقَ نَصِيبًا لَهُ مِنَ الْعَبْدِ، فَكَانَ لَهُ مِنَ الْمَالِ مَا يَبْلُغُ قِيمَتَهُ، يُقَوَّمُ عَلَيْهِ قِيمَةَ عَدْلٍ، وَأُعْتِقَ مِنْ مَالِهِ، وَإِلاَّ فَقَدْ عَتَقَ مِنْهُ ‏\"‏‏.‏",
      "english": {
        "narrator": "Narrated Ibn `Umar:",
        "text": "The Prophet (ﷺ) said, \"If one manumits his share of a common slave (Abd), and he has money sufficient \nto free the remaining portion of the price of the slave (justly estimated), then he should free the slave \ncompletely by paying the rest of his price; otherwise the slave is freed partly. \""
      },
      "turkish": {
        "narrator": "Narrated Ibn `Umar:",
        "text": "İbn `Umar'dan rivayet edilmiştir: Peygamber (ﷺ) şöyle dedi: \"Eğer bir kişi ortak bir kölenin (Abd) payını azat ederse ve kölenin kalan fiyatını (adil bir şekilde tahmin edilmiş) ödeyecek kadar parası varsa, o zaman köleyi tamamen azat etmelidir; aksi takdirde köle kısmen azat edilir.\""
      }
    },
    {
      "id": 37,
      "idInBook": 37,
      "chapterId": 49,
      "bookId": 1,
      "arabic": "حَدَّثَنَا مُسَدَّدٌ، حَدَّثَنَا يَحْيَى، عَنْ عُبَيْدِ اللَّهِ، قَالَ حَدَّثَنِي نَافِعٌ، عَنْ عَبْدِ اللَّهِ ـ رضى الله عنه ـ أَنَّ رَسُولَ اللَّهِ صلى الله عليه وسلم قَالَ ‏\n\"‏ كُلُّكُمْ رَاعٍ فَمَسْئُولٌ عَنْ رَعِيَّتِهِ، فَالأَمِيرُ الَّذِي عَلَى النَّاسِ رَاعٍ وَهْوَ مَسْئُولٌ عَنْهُمْ، وَالرَّجُلُ رَاعٍ عَلَى أَهْلِ بَيْتِهِ وَهْوَ مَسْئُولٌ عَنْهُمْ، وَالْمَرْأَةُ رَاعِيَةٌ عَلَى بَيْتِ بَعْلِهَا وَوَلَدِهِ وَهْىَ مَسْئُولَةٌ عَنْهُمْ، وَالْعَبْدُ رَاعٍ عَلَى مَالِ سَيِّدِهِ وَهْوَ مَسْئُولٌ عَنْهُ، أَلاَ فَكُلُّكُمْ رَاعٍ وَكُلُّكُمْ مَسْئُولٌ عَنْ رَعِيَّتِهِ ‏\"‏‏.‏",
      "english": {
        "narrator": "Narrated `Abdullah:",
        "text": "Allah's Messenger (ﷺ) said, \"Everyone of you is a guardian and is responsible for his charges. The ruler who \nhas authority over people, is a guardian and is responsible for them, a man is a guardian of his family \nand is responsible for them; a woman is a guardian of her husband's house and children and is \nresponsible for them; a slave ('Abu) is a guardian of his master's property and is responsible for it; so \nall of you are guardians and are responsible for your charges.\""
      },
      "turkish": {
        "narrator": "Narrated `Abdullah:",
        "text": "Abdullah'dan rivayet edilmiştir: Allah'ın Messenger'ı (ﷺ) şöyle dedi: \"Hepiniz birer koruyucusunuz ve sorumluluklarınızdan sorumlusunuz. İnsanlar üzerinde otoriteye sahip olan yönetici bir koruyucudur ve onlardan sorumludur; bir adam ailesinin koruyucusudur ve onlardan sorumludur; bir kadın kocasının evi ve çocuklarının koruyucusudur ve onlardan sorumludur; bir köle ('Abu) efendisinin malının koruyucusudur ve ondan sorumludur; dolayısıyla hepiniz koruyucusunuz ve sorumluluklarınızdan sorumlusunuz.\""
      }
    },
    {
      "id": 38,
      "idInBook": 38,
      "chapterId": 49,
      "bookId": 1,
      "arabic": "حَدَّثَنَا مَالِكُ بْنُ إِسْمَاعِيلَ، حَدَّثَنَا سُفْيَانُ، عَنِ الزُّهْرِيِّ، حَدَّثَنِي عُبَيْدُ اللَّهِ، سَمِعْتُ أَبَا هُرَيْرَةَ، وَزَيْدَ بْنَ خَالِدٍ، رضى الله عنهما عَنِ النَّبِيِّ صلى الله عليه وسلم قَالَ ‏\n\"‏ إِذَا زَنَتِ الأَمَةُ فَاجْلِدُوهَا، ثُمَّ إِذَا زَنَتْ فَاجْلِدُوهَا، ثُمَّ إِذَا زَنَتْ فَاجْلِدُوهَا، فِي الثَّالِثَةِ أَوِ الرَّابِعَةِ بِيعُوهَا وَلَوْ بِضَفِيرٍ ‏\"‏‏.‏",
      "english": {
        "narrator": "Narrated Abu Huraira and Zaid bin Khalid:",
        "text": "The Prophet (ﷺ) said, \"If a slave-girl (Ama) commits illegal sexual intercourse, scourge her; if she does it \nagain, scourge her again; if she repeats it, scourge her again.\" The narrator added that on the third or \nthe fourth offense, the Prophet (ﷺ) said, \"Sell her even for a hair rope.\""
      },
      "turkish": {
        "narrator": "Narrated Abu Huraira and Zaid bin Khalid:",
        "text": "Abu Huraira ve Zaid bin Khalid'den rivayet edilmiştir: Peygamber (ﷺ) şöyle dedi: \"Eğer bir köle kızı (Ama) yasadışı cinsel ilişkiye girerse, onu kırbaçlayın; eğer tekrar yaparsa, yine kırbaçlayın; eğer tekrar ederse, yine kırbaçlayın.\" Rivayetçi, üçüncü veya dördüncü suçta Peygamber'in (ﷺ) \"Onu bir saç ipi karşılığında bile satın\" dediğini ekledi."
      }
    },
    {
      "id": 39,
      "idInBook": 39,
      "chapterId": 49,
      "bookId": 1,
      "arabic": "حَدَّثَنَا حَجَّاجُ بْنُ مِنْهَالٍ، حَدَّثَنَا شُعْبَةُ، قَالَ أَخْبَرَنِي مُحَمَّدُ بْنُ زِيَادٍ، سَمِعْتُ أَبَا هُرَيْرَةَ ـ رضى الله عنه ـ عَنِ النَّبِيِّ صلى الله عليه وسلم ‏\n\"‏ إِذَا أَتَى أَحَدَكُمْ خَادِمُهُ بِطَعَامِهِ، فَإِنْ لَمْ يُجْلِسْهُ مَعَهُ، فَلْيُنَاوِلْهُ لُقْمَةً أَوْ لُقْمَتَيْنِ أَوْ أُكْلَةً أَوْ أُكْلَتَيْنِ، فَإِنَّهُ وَلِيَ عِلاَجَهُ ‏\"‏‏.‏",
      "english": {
        "narrator": "Narrated Abu Huraira:",
        "text": "The Prophet (ﷺ) said, \"When your servant brings your meals to you then if he does not let him sit and \nshare the meals, then he should at least give him a mouthful or two mouthfuls of that meal or a meal \nor two meals, as he has prepared it.\""
      },
      "turkish": {
        "narrator": "Narrated Abu Huraira:",
        "text": "Abu Huraira'dan rivayet edilmiştir: Peygamber (ﷺ) şöyle dedi: \"Eğer hizmetçin yemeklerinizi getirirse, eğer onu oturtup yemekleri paylaşmasına izin vermezseniz, en azından ona o yemekten bir ya da iki lokma vermelisiniz.\""
      }
    },
    {
      "id": 40,
      "idInBook": 40,
      "chapterId": 49,
      "bookId": 1,
      "arabic": "حَدَّثَنَا أَبُو الْيَمَانِ، أَخْبَرَنَا شُعَيْبٌ، عَنِ الزُّهْرِيِّ، قَالَ أَخْبَرَنِي سَالِمُ بْنُ عَبْدِ اللَّهِ، عَنْ عَبْدِ اللَّهِ بْنِ عُمَرَ ـ رضى الله عنهما ـ أَنَّهُ سَمِعَ رَسُولَ اللَّهِ صلى الله عليه وسلم يَقُولُ ‏\"‏ كُلُّكُمْ رَاعٍ وَمَسْئُولٌ عَنْ رَعِيَّتِهِ، فَالإِمَامُ رَاعٍ وَمَسْئُولٌ عَنْ رَعِيَّتِهِ، وَالرَّجُلُ فِي أَهْلِهِ رَاعٍ وَهْوَ مَسْئُولٌ عَنْ رَعِيَّتِهِ، وَالْمَرْأَةُ فِي بَيْتِ زَوْجِهَا رَاعِيَةٌ وَهْىَ مَسْئُولَةٌ عَنْ رَعِيَّتِهَا، وَالْخَادِمُ فِي مَالِ سَيِّدِهِ رَاعٍ وَهْوَ مَسْئُولٌ عَنْ رَعِيَّتِهِ ‏\"‏‏.‏ قَالَ فَسَمِعْتُ هَؤُلاَءِ مِنَ النَّبِيِّ صلى الله عليه وسلم وَأَحْسِبُ النَّبِيَّ صلى الله عليه وسلم قَالَ ‏\"‏ وَالرَّجُلُ فِي مَالِ أَبِيهِ رَاعٍ وَمَسْئُولٌ عَنْ رَعِيَّتِهِ، فَكُلُّكُمْ رَاعٍ وَكُلُّكُمْ مَسْئُولٌ عَنْ رَعِيَّتِهِ ‏\"‏‏.‏",
      "english": {
        "narrator": "Narrated `Abdullah bin `Umar:",
        "text": "That he heard Allah's Messenger (ﷺ) saying, \"Everyone of you is a guardian and is responsible for his \ncharge; the ruler is a guardian and is responsible for his subjects; the man is a guardian in his family \nand responsible for his charges; a woman is a guardian of her husband's house and responsible for her \ncharges; and the servant is a guardian of his master's property and is responsible for his charge.\" I \ndefinitely heard the above from the Prophet (ﷺ) and think that the Prophet (ﷺ) also said, \"A man is a guardian \nof his father's property and responsible for his charges; so everyone of you is a guardian and \nresponsible for his charges.\""
      },
      "turkish": {
        "narrator": "Narrated `Abdullah bin `Umar:",
        "text": "Abdullah bin `Umar'dan rivayet edilmiştir: Allah'ın Messenger'ı (ﷺ) şöyle dedi: \"Hepiniz birer koruyucusunuz ve sorumluluklarınızdan sorumlusunuz; yönetici bir koruyucudur ve tebaasından sorumludur; bir adam ailesinin koruyucusudur ve sorumludur; bir kadın kocasının evi ve sorumluluklarından sorumludur; ve hizmetçi efendisinin malının koruyucusudur ve sorumludur.\" Ben bu sözleri kesinlikle Peygamber'den (ﷺ) duydum ve Peygamber'in (ﷺ) ayrıca \"Bir adam babasının malının koruyucusudur ve sorumludur; dolayısıyla hepiniz birer koruyucusunuz ve sorumluluklarınızdan sorumlusunuz.\" dediğini düşünüyorum."
      }
    },
    {
      "id": 41,
      "idInBook": 41,
      "chapterId": 49,
      "bookId": 1,
      "arabic": "حَدَّثَنَا مُحَمَّدُ بْنُ عُبَيْدِ اللَّهِ، حَدَّثَنَا ابْنُ وَهْبٍ، قَالَ حَدَّثَنِي مَالِكُ بْنُ أَنَسٍ، قَالَ وَأَخْبَرَنِي ابْنُ فُلاَنٍ، عَنْ سَعِيدٍ الْمَقْبُرِيِّ، عَنْ أَبِيهِ، عَنْ أَبِي هُرَيْرَةَ ـ رضى الله عنه ـ عَنِ النَّبِيِّ صلى الله عليه وسلم وَحَدَّثَنَا عَبْدُ اللَّهِ بْنُ مُحَمَّدٍ، حَدَّثَنَا عَبْدُ الرَّزَّاقِ، أَخْبَرَنَا مَعْمَرٌ، عَنْ هَمَّامٍ، عَنْ أَبِي هُرَيْرَةَ ـ رضى الله عنه ـ عَنِ النَّبِيِّ صلى الله عليه وسلم قَالَ ‏\n\"‏ إِذَا قَاتَلَ أَحَدُكُمْ فَلْيَجْتَنِبِ الْوَجْهَ ‏\"‏‏.‏",
      "english": {
        "narrator": "Narrated Abu Huraira:",
        "text": "The Prophet (ﷺ) said, \"If somebody fights (or beats somebody) then he should avoid the face.\""
      },
      "turkish": {
        "narrator": "Narrated Abu Huraira:",
        "text": "Abu Huraira'dan rivayet edilmiştir: Peygamber (ﷺ) şöyle dedi: \"Eğer biri dövüşürse (ya da birine vurursa) yüzüne vurmakta kaçınmalıdır.\""
      }
    }
  ],
  "chapter": {
    "id": 49,
    "bookId": 1,
    "arabic": "كتاب العتق",
    "english": "Manumission of Slaves"
  }
}