{"metadata":{"length":45,"arabic":{"title":"صحيح البخاري","author":"الإمام محمد بن إسماعيل البخاري","introduction":"كتاب الغسل"},"english":{"title":"Sahih al-Bukhari","author":"Imam Muhammad ibn Ismail al-Bukhari","introduction":"Bathing (Ghusl)"}},"hadiths":[{"id":1,"idInBook":1,"chapterId":5,"bookId":1,"arabic":"حَدَّثَنَا عَبْدُ اللَّهِ بْنُ يُوسُفَ، قَالَ أَخْبَرَنَا مَالِكٌ، عَنْ هِشَامٍ، عَنْ أَبِيهِ، عَنْ عَائِشَةَ، زَوْجِ النَّبِيِّ صلى الله عليه وسلم أَنَّ النَّبِيَّ صلى الله عليه وسلم كَانَ إِذَا اغْتَسَلَ مِنَ الْجَنَابَةِ بَدَأَ فَغَسَلَ يَدَيْهِ، ثُمَّ يَتَوَضَّأُ كَمَا يَتَوَضَّأُ لِلصَّلاَةِ، ثُمَّ يُدْخِلُ أَصَابِعَهُ فِي الْمَاءِ، فَيُخَلِّلُ بِهَا أُصُولَ شَعَرِهِ ثُمَّ يَصُبُّ عَلَى رَأْسِهِ ثَلاَثَ غُرَفٍ بِيَدَيْهِ، ثُمَّ يُفِيضُ الْمَاءَ عَلَى جِلْدِهِ كُلِّهِ‏.‏","english":{"narrator":"Narrated `Aisha:","text":"Whenever the Prophet (ﷺ) took a bath after Janaba he started by washing his hands and then performed \nablution like that for the prayer. After that he would put his fingers in water and move the roots of his \nhair with them, and then pour three handfuls of water over his head and then pour water all over his \nbody."}},{"id":2,"idInBook":2,"chapterId":5,"bookId":1,"arabic":"حَدَّثَنَا مُحَمَّدُ بْنُ يُوسُفَ، قَالَ حَدَّثَنَا سُفْيَانُ، عَنِ الأَعْمَشِ، عَنْ سَالِمِ بْنِ أَبِي الْجَعْدِ، عَنْ كُرَيْبٍ، عَنِ ابْنِ عَبَّاسٍ، عَنْ مَيْمُونَةَ، زَوْجِ النَّبِيِّ صلى الله عليه وسلم قَالَتْ تَوَضَّأَ رَسُولُ اللَّهِ صلى الله عليه وسلم وُضُوءَهُ لِلصَّلاَةِ غَيْرَ رِجْلَيْهِ، وَغَسَلَ فَرْجَهُ، وَمَا أَصَابَهُ مِنَ الأَذَى، ثُمَّ أَفَاضَ عَلَيْهِ الْمَاءَ، ثُمَّ نَحَّى رِجْلَيْهِ فَغَسَلَهُمَا، هَذِهِ غُسْلُهُ مِنَ الْجَنَابَةِ‏.‏","english":{"narrator":"Narrated Maimuna:","text":"(the wife of the Prophet) Allah's Messenger (ﷺ) performed ablution like that for the prayer but did not wash \nhis feet. He washed off the discharge from his private parts and then poured water over his body. He \nwithdrew his feet from that place (the place where he took the bath) and then washed them. And that \nwas his way of taking the bath of Janaba."}},{"id":3,"idInBook":3,"chapterId":5,"bookId":1,"arabic":"حَدَّثَنَا آدَمُ بْنُ أَبِي إِيَاسٍ، قَالَ حَدَّثَنَا ابْنُ أَبِي ذِئْبٍ، عَنِ الزُّهْرِيِّ، عَنْ عُرْوَةَ، عَنْ عَائِشَةَ، قَالَتْ كُنْتُ أَغْتَسِلُ أَنَا وَالنَّبِيُّ، صلى الله عليه وسلم مِنْ إِنَاءٍ وَاحِدٍ مِنْ قَدَحٍ يُقَالُ لَهُ الْفَرَقُ‏.‏","english":{"narrator":"Narrated `Aisha:","text":"The Prophet (ﷺ) and I used to take a bath from a single pot called 'Faraq'."}},{"id":4,"idInBook":4,"chapterId":5,"bookId":1,"arabic":"حَدَّثَنَا عَبْدُ اللَّهِ بْنُ مُحَمَّدٍ، قَالَ حَدَّثَنِي عَبْدُ الصَّمَدِ، قَالَ حَدَّثَنِي شُعْبَةُ، قَالَ حَدَّثَنِي أَبُو بَكْرِ بْنُ حَفْصٍ، قَالَ سَمِعْتُ أَبَا سَلَمَةَ، يَقُولُ دَخَلْتُ أَنَا وَأَخُو، عَائِشَةَ عَلَى عَائِشَةَ فَسَأَلَهَا أَخُوهَا عَنْ غُسْلِ النَّبِيِّ، صلى الله عليه وسلم فَدَعَتْ بِإِنَاءٍ نَحْوًا مِنْ صَاعٍ، فَاغْتَسَلَتْ وَأَفَاضَتْ عَلَى رَأْسِهَا، وَبَيْنَنَا وَبَيْنَهَا حِجَابٌ‏.‏ \nقَالَ أَبُو عَبْدِ اللَّهِ قَالَ يَزِيدُ بْنُ هَارُونَ وَبَهْزٌ وَالْجُدِّيُّ عَنْ شُعْبَةَ قَدْرِ صَاعٍ‏.‏","english":{"narrator":"Narrated Abu Salama:","text":"`Aisha's brother and I went to `Aisha and he asked her about the bath of the Prophet. She brought a \npot containing about a Sa` of water and took a bath and poured it over her head and at that time there \nwas a screen between her and us."}},{"id":5,"idInBook":5,"chapterId":5,"bookId":1,"arabic":"حَدَّثَنَا عَبْدُ اللَّهِ بْنُ مُحَمَّدٍ، قَالَ حَدَّثَنَا يَحْيَى بْنُ آدَمَ، قَالَ حَدَّثَنَا زُهَيْرٌ، عَنْ أَبِي إِسْحَاقَ، قَالَ حَدَّثَنَا أَبُو جَعْفَرٍ، أَنَّهُ كَانَ عِنْدَ جَابِرِ بْنِ عَبْدِ اللَّهِ هُوَ وَأَبُوهُ، وَعِنْدَهُ قَوْمٌ فَسَأَلُوهُ عَنِ الْغُسْلِ،‏.‏ فَقَالَ يَكْفِيكَ صَاعٌ‏.‏ فَقَالَ رَجُلٌ مَا يَكْفِينِي‏.‏ فَقَالَ جَابِرٌ كَانَ يَكْفِي مَنْ هُوَ أَوْفَى مِنْكَ شَعَرًا، وَخَيْرٌ مِنْكَ، ثُمَّ أَمَّنَا فِي ثَوْبٍ‏.‏","english":{"narrator":"Narrated Abu Ja`far:","text":"While I and my father were with Jabir bin `Abdullah, some people asked him about taking a bath. He \nreplied, \"A Sa` of water is sufficient for you.\" A man said, \"A Sa` is not sufficient for me.\" Jabir said, \n\"A Sa` was sufficient for one who had more hair than you and was better than you (meaning the \nProphet).\" And then Jabir (put on) his garment and led the prayer."}},{"id":6,"idInBook":6,"chapterId":5,"bookId":1,"arabic":"حَدَّثَنَا أَبُو نُعَيْمٍ، قَالَ حَدَّثَنَا ابْنُ عُيَيْنَةَ، عَنْ عَمْرٍو، عَنْ جَابِرِ بْنِ زَيْدٍ، عَنِ ابْنِ عَبَّاسٍ، أَنَّ النَّبِيَّ صلى الله عليه وسلم وَمَيْمُونَةَ كَانَا يَغْتَسِلاَنِ مِنْ إِنَاءٍ وَاحِدٍ‏.‏ \nقَالَ أَبُو عَبْدِ اللَّهِ كَانَ ابْنُ عُيَيْنَةَ يَقُولُ أَخِيرًا عَنِ ابْنِ عَبَّاسٍ عَنْ مَيْمُونَةَ، وَالصَّحِيحُ مَا رَوَى أَبُو نُعَيْمٍ‏.‏","english":{"narrator":"Narrated Ibn `Abbas:","text":"The Prophet (ﷺ) and Maimuna used to take a bath from a single pot."}},{"id":7,"idInBook":7,"chapterId":5,"bookId":1,"arabic":"حَدَّثَنَا أَبُو نُعَيْمٍ، قَالَ حَدَّثَنَا زُهَيْرٌ، عَنْ أَبِي إِسْحَاقَ، قَالَ حَدَّثَنِي سُلَيْمَانُ بْنُ صُرَدٍ، قَالَ حَدَّثَنِي جُبَيْرُ بْنُ مُطْعِمٍ، قَالَ قَالَ رَسُولُ اللَّهِ صلى الله عليه وسلم ‏\n\"‏ أَمَّا أَنَا فَأُفِيضُ عَلَى رَأْسِي ثَلاَثًا ‏\"‏‏.‏ وَأَشَارَ بِيَدَيْهِ كِلْتَيْهِمَا‏.‏","english":{"narrator":"Narrated Jubair bin Mut`im:","text":"Allah's Messenger (ﷺ) said, \"As for me, I pour water three times on my head.\" And he pointed with both his \nhands."}},{"id":8,"idInBook":8,"chapterId":5,"bookId":1,"arabic":"حَدَّثَنَا مُحَمَّدُ بْنُ بَشَّارٍ، قَالَ حَدَّثَنَا غُنْدَرٌ، قَالَ حَدَّثَنَا شُعْبَةُ، عَنْ مِخْوَلِ بْنِ رَاشِدٍ، عَنْ مُحَمَّدِ بْنِ عَلِيٍّ، عَنْ جَابِرِ بْنِ عَبْدِ اللَّهِ، قَالَ كَانَ النَّبِيُّ صلى الله عليه وسلم يُفْرِغُ عَلَى رَأْسِهِ ثَلاَثًا‏.‏","english":{"narrator":"Narrated Jabir bin `Abdullah:","text":"The Prophet (ﷺ) used to pour water three times on his head."}},{"id":9,"idInBook":9,"chapterId":5,"bookId":1,"arabic":"حَدَّثَنَا أَبُو نُعَيْمٍ، قَالَ حَدَّثَنَا مَعْمَرُ بْنُ يَحْيَى بْنِ سَامٍ، حَدَّثَنِي أَبُو جَعْفَرٍ، قَالَ قَالَ لِي جَابِرٌ أَتَانِي ابْنُ عَمِّكَ يُعَرِّضُ بِالْحَسَنِ بْنِ مُحَمَّدٍ ابْنِ الْحَنَفِيَّةِ قَالَ كَيْفَ الْغُسْلُ مِنَ الْجَنَابَةِ فَقُلْتُ كَانَ النَّبِيُّ صلى الله عليه وسلم يَأْخُذُ ثَلاَثَةَ أَكُفٍّ وَيُفِيضُهَا عَلَى رَأْسِهِ، ثُمَّ يُفِيضُ عَلَى سَائِرِ جَسَدِهِ‏.‏ فَقَالَ لِي الْحَسَنُ إِنِّي رَجُلٌ كَثِيرُ الشَّعَرِ‏.‏ فَقُلْتُ كَانَ النَّبِيُّ صلى الله عليه وسلم أَكْثَرَ مِنْكَ شَعَرًا‏.‏","english":{"narrator":"Narrated Abu Ja`far:","text":"Jabir bin `Abdullah said to me, \"Your cousin (Hasan bin Muhammad bin Al-Hanafiya) came to me \nand asked about the bath of Janaba. I replied, 'The Prophet (ﷺ) uses to take three handfuls of water, pour \nthem on his head and then pour more water over his body.' Al-Hasan said to me, 'I am a hairy man.' I \nreplied, 'The Prophet (ﷺ) had more hair than you'. \""}},{"id":10,"idInBook":10,"chapterId":5,"bookId":1,"arabic":"حَدَّثَنَا مُوسَى، قَالَ حَدَّثَنَا عَبْدُ الْوَاحِدِ، عَنِ الأَعْمَشِ، عَنْ سَالِمِ بْنِ أَبِي الْجَعْدِ، عَنْ كُرَيْبٍ، عَنِ ابْنِ عَبَّاسٍ، قَالَ قَالَتْ مَيْمُونَةُ وَضَعْتُ لِلنَّبِيِّ صلى الله عليه وسلم مَاءً لِلْغُسْلِ، فَغَسَلَ يَدَيْهِ مَرَّتَيْنِ أَوْ ثَلاَثًا، ثُمَّ أَفْرَغَ عَلَى شِمَالِهِ فَغَسَلَ مَذَاكِيرَهُ، ثُمَّ مَسَحَ يَدَهُ بِالأَرْضِ، ثُمَّ مَضْمَضَ وَاسْتَنْشَقَ وَغَسَلَ وَجْهَهُ وَيَدَيْهِ، ثُمَّ أَفَاضَ عَلَى جَسَدِهِ، ثُمَّ تَحَوَّلَ مِنْ مَكَانِهِ فَغَسَلَ قَدَمَيْهِ‏.‏","english":{"narrator":"Narrated Maimuna:","text":"I placed water for the bath of the Prophet. He washed his hands twice or thrice and then poured water \non his left hand and washed his private parts. He rubbed his hands over the earth (and cleaned them), \nrinsed his mouth, washed his nose by putting water in it and blowing it out, washed his face and both \nforearms and then poured water over his body. Then he withdrew from that place and washed his feet."}},{"id":11,"idInBook":11,"chapterId":5,"bookId":1,"arabic":"حَدَّثَنَا مُحَمَّدُ بْنُ الْمُثَنَّى، قَالَ حَدَّثَنَا أَبُو عَاصِمٍ، عَنْ حَنْظَلَةَ، عَنِ الْقَاسِمِ، عَنْ عَائِشَةَ، قَالَتْ كَانَ النَّبِيُّ صلى الله عليه وسلم إِذَا اغْتَسَلَ مِنَ الْجَنَابَةِ دَعَا بِشَىْءٍ نَحْوَ الْحِلاَبِ، فَأَخَذَ بِكَفِّهِ، فَبَدَأَ بِشِقِّ رَأْسِهِ الأَيْمَنِ ثُمَّ الأَيْسَرِ، فَقَالَ بِهِمَا عَلَى رَأْسِهِ‏.‏","english":{"narrator":"Narrated `Aisha:","text":"Whenever the Prophet (ﷺ) took the bath of Janaba (sexual relation or wet dream) he asked for the Hilab or \nsome other scent. He used to take it in his hand, rub it first over the right side of his head and then \nover the left and then rub the middle of his head with both hands."}},{"id":12,"idInBook":12,"chapterId":5,"bookId":1,"arabic":"حَدَّثَنَا عُمَرُ بْنُ حَفْصِ بْنِ غِيَاثٍ، قَالَ حَدَّثَنَا أَبِي، حَدَّثَنَا الأَعْمَشُ، قَالَ حَدَّثَنِي سَالِمٌ، عَنْ كُرَيْبٍ، عَنِ ابْنِ عَبَّاسٍ، قَالَ حَدَّثَتْنَا مَيْمُونَةُ، قَالَتْ صَبَبْتُ لِلنَّبِيِّ صلى الله عليه وسلم غُسْلاً، فَأَفْرَغَ بِيَمِينِهِ عَلَى يَسَارِهِ فَغَسَلَهُمَا، ثُمَّ غَسَلَ فَرْجَهُ، ثُمَّ قَالَ بِيَدِهِ الأَرْضَ فَمَسَحَهَا بِالتُّرَابِ، ثُمَّ غَسَلَهَا، ثُمَّ تَمَضْمَضَ وَاسْتَنْشَقَ، ثُمَّ غَسَلَ وَجْهَهُ، وَأَفَاضَ عَلَى رَأْسِهِ، ثُمَّ تَنَحَّى فَغَسَلَ قَدَمَيْهِ، ثُمَّ أُتِيَ بِمِنْدِيلٍ، فَلَمْ يَنْفُضْ بِهَا‏.‏","english":{"narrator":"Narrated Maimuna:","text":"I placed water for the bath of the Prophet (ﷺ) and he poured water with his right hand on his left and \nwashed them. Then he washed his private parts and rubbed his hands on the ground, washed them \nwith water, rinsed his mouth and washed his nose by putting water in it and blowing it out, washed his \nface and poured water on his head. He withdrew from that place and washed his feet. A piece of cloth \n(towel) was given to him but he did not use it."}},{"id":13,"idInBook":13,"chapterId":5,"bookId":1,"arabic":"حَدَّثَنَا الْحُمَيْدِيُّ، قَالَ حَدَّثَنَا سُفْيَانُ، قَالَ حَدَّثَنَا الأَعْمَشُ، عَنْ سَالِمِ بْنِ أَبِي الْجَعْدِ، عَنْ كُرَيْبٍ، عَنِ ابْنِ عَبَّاسٍ، عَنْ مَيْمُونَةَ، أَنَّ النَّبِيَّ صلى الله عليه وسلم اغْتَسَلَ مِنَ الْجَنَابَةِ، فَغَسَلَ فَرْجَهُ بِيَدِهِ، ثُمَّ دَلَكَ بِهَا الْحَائِطَ ثُمَّ غَسَلَهَا، ثُمَّ تَوَضَّأَ وُضُوءَهُ لِلصَّلاَةِ، فَلَمَّا فَرَغَ مِنْ غُسْلِهِ غَسَلَ رِجْلَيْهِ‏.‏","english":{"narrator":"Narrated Maimuna:","text":"The Prophet (ﷺ) took the bath of Janaba. (sexual relation or wet dream). He first cleaned his private parts \nwith his hand, and then rubbed it (that hand) on the wall (earth) and washed it. Then he performed \nablution like that for the prayer, and after the bath he washed his feet."}},{"id":14,"idInBook":14,"chapterId":5,"bookId":1,"arabic":"حَدَّثَنَا عَبْدُ اللَّهِ بْنُ مَسْلَمَةَ، أَخْبَرَنَا أَفْلَحُ، عَنِ الْقَاسِمِ، عَنْ عَائِشَةَ، قَالَتْ كُنْتُ أَغْتَسِلُ أَنَا وَالنَّبِيُّ، صلى الله عليه وسلم مِنْ إِنَاءٍ وَاحِدٍ تَخْتَلِفُ أَيْدِينَا فِيهِ‏.‏","english":{"narrator":"Narrated Aisha:","text":"The Prophet (ﷺ) and I used to take a bath from a single pot of water and our hands used to go in the pot \nafter each other in turn."}},{"id":15,"idInBook":15,"chapterId":5,"bookId":1,"arabic":"حَدَّثَنَا مُسَدَّدٌ، قَالَ حَدَّثَنَا حَمَّادٌ، عَنْ هِشَامٍ، عَنْ أَبِيهِ، عَنْ عَائِشَةَ، قَالَتْ كَانَ رَسُولُ اللَّهِ صلى الله عليه وسلم إِذَا اغْتَسَلَ مِنَ الْجَنَابَةِ غَسَلَ يَدَهُ‏.‏","english":{"narrator":"Narrated `Aisha:","text":"Whenever Allah's Messenger (ﷺ) took a bath of Janaba, he washed his hands first."}},{"id":16,"idInBook":16,"chapterId":5,"bookId":1,"arabic":"حَدَّثَنَا أَبُو الْوَلِيدِ، قَالَ حَدَّثَنَا شُعْبَةُ، عَنْ أَبِي بَكْرِ بْنِ حَفْصٍ، عَنْ عُرْوَةَ، عَنْ عَائِشَةَ، قَالَتْ كُنْتُ أَغْتَسِلُ أَنَا وَالنَّبِيُّ، صلى الله عليه وسلم مِنْ إِنَاءٍ وَاحِدٍ مِنْ جَنَابَةٍ‏.‏ وَعَنْ عَبْدِ الرَّحْمَنِ بْنِ الْقَاسِمِ عَنْ أَبِيهِ عَنْ عَائِشَةَ مِثْلَهُ‏.‏","english":{"narrator":"Narrated `Aisha:","text":"The Prophet (ﷺ) and I used to take a bath from a single pot of water after Janaba."}},{"id":17,"idInBook":17,"chapterId":5,"bookId":1,"arabic":"حَدَّثَنَا أَبُو الْوَلِيدِ، قَالَ حَدَّثَنَا شُعْبَةُ، عَنْ عَبْدِ اللَّهِ بْنِ عَبْدِ اللَّهِ بْنِ جَبْرٍ، قَالَ سَمِعْتُ أَنَسَ بْنَ مَالِكٍ، يَقُولُ كَانَ النَّبِيُّ صلى الله عليه وسلم وَالْمَرْأَةُ مِنْ نِسَائِهِ يَغْتَسِلاَنِ مِنْ إِنَاءٍ وَاحِدٍ‏.‏ زَادَ مُسْلِمٌ وَوَهْبٌ عَنْ شُعْبَةَ مِنَ الْجَنَابَةِ‏.‏","english":{"narrator":"Narrated Anas bin Malik:","text":"The Prophet (ﷺ) and one of his wives used to take a bath from a single pot of water. (Shu`ba added to \nAnas' Statement \"After the Janaba\")."}},{"id":18,"idInBook":18,"chapterId":5,"bookId":1,"arabic":"حَدَّثَنَا مُحَمَّدُ بْنُ مَحْبُوبٍ، قَالَ حَدَّثَنَا عَبْدُ الْوَاحِدِ، قَالَ حَدَّثَنَا الأَعْمَشُ، عَنْ سَالِمِ بْنِ أَبِي الْجَعْدِ، عَنْ كُرَيْبٍ، مَوْلَى ابْنِ عَبَّاسٍ عَنِ ابْنِ عَبَّاسٍ، قَالَ قَالَتْ مَيْمُونَةُ وَضَعْتُ لِرَسُولِ اللَّهِ صلى الله عليه وسلم مَاءً يَغْتَسِلُ بِهِ، فَأَفْرَغَ عَلَى يَدَيْهِ، فَغَسَلَهُمَا مَرَّتَيْنِ مَرَّتَيْنِ أَوْ ثَلاَثًا، ثُمَّ أَفْرَغَ بِيَمِينِهِ عَلَى شِمَالِهِ، فَغَسَلَ مَذَاكِيرَهُ، ثُمَّ دَلَكَ يَدَهُ بِالأَرْضِ، ثُمَّ مَضْمَضَ وَاسْتَنْشَقَ، ثُمَّ غَسَلَ وَجْهَهُ وَيَدَيْهِ ثُمَّ غَسَلَ رَأْسَهُ ثَلاَثًا، ثُمَّ أَفْرَغَ عَلَى جَسَدِهِ، ثُمَّ تَنَحَّى مِنْ مَقَامِهِ فَغَسَلَ قَدَمَيْهِ‏.‏","english":{"narrator":"Narrated Maimuna:","text":"I placed water for the bath of Allah's Messenger (ﷺ) and he poured water over his hands and washed them \ntwice or thrice; then he poured water with his right hand over his left and washed his private parts \n(with his left hand). He rubbed his hand over the earth and rinsed his mouth and washed his nose by \nputting water in it and blowing it out. After that he washed his face, both fore arms and head thrice \nand then poured water over his body. He withdrew from that place and washed his feet."}},{"id":19,"idInBook":19,"chapterId":5,"bookId":1,"arabic":"حَدَّثَنَا مُوسَى بْنُ إِسْمَاعِيلَ، قَالَ حَدَّثَنَا أَبُو عَوَانَةَ، حَدَّثَنَا الأَعْمَشُ، عَنْ سَالِمِ بْنِ أَبِي الْجَعْدِ، عَنْ كُرَيْبٍ، مَوْلَى ابْنِ عَبَّاسٍ عَنِ ابْنِ عَبَّاسٍ، عَنْ مَيْمُونَةَ بِنْتِ الْحَارِثِ، قَالَتْ وَضَعْتُ لِرَسُولِ اللَّهِ صلى الله عليه وسلم غُسْلاً وَسَتَرْتُهُ، فَصَبَّ عَلَى يَدِهِ، فَغَسَلَهَا مَرَّةً أَوْ مَرَّتَيْنِ ـ قَالَ سُلَيْمَانُ لاَ أَدْرِي أَذَكَرَ الثَّالِثَةَ أَمْ لاَ ـ ثُمَّ أَفْرَغَ بِيَمِينِهِ عَلَى شِمَالِهِ، فَغَسَلَ فَرْجَهُ، ثُمَّ دَلَكَ يَدَهُ بِالأَرْضِ أَوْ بِالْحَائِطِ، ثُمَّ تَمَضْمَضَ وَاسْتَنْشَقَ، وَغَسَلَ وَجْهَهُ وَيَدَيْهِ، وَغَسَلَ رَأْسَهُ، ثُمَّ صَبَّ عَلَى جَسَدِهِ، ثُمَّ تَنَحَّى فَغَسَلَ قَدَمَيْهِ، فَنَاوَلْتُهُ خِرْقَةً، فَقَالَ بِيَدِهِ هَكَذَا، وَلَمْ يُرِدْهَا‏.‏","english":{"narrator":"Narrated Maimuna bint Al-Harith:","text":"I placed water for the bath of Allah's Messenger (ﷺ) and put a screen. He poured water over his hands, and \nwashed them once or twice. (The sub-narrator added that he did not remember if she had said thrice or \nnot). Then he poured water with his right hand over his left one and washed his private parts. He \nrubbed his hand over the earth or the wall and washed it. He rinsed his mouth and washed his nose by \nputting water in it and blowing it out. He washed his face, forearms and head. He poured water over \nhis body and then withdrew from that place and washed his feet. I presented him a piece of cloth \n(towel) and he pointed with his hand (that he does not want it) and did not take it."}},{"id":20,"idInBook":20,"chapterId":5,"bookId":1,"arabic":"حَدَّثَنَا مُحَمَّدُ بْنُ بَشَّارٍ، قَالَ حَدَّثَنَا ابْنُ أَبِي عَدِيٍّ، وَيَحْيَى بْنُ سَعِيدٍ، عَنْ شُعْبَةَ، عَنْ إِبْرَاهِيمَ بْنِ مُحَمَّدِ بْنِ الْمُنْتَشِرِ، عَنْ أَبِيهِ، قَالَ ذَكَرْتُهُ لِعَائِشَةَ فَقَالَتْ يَرْحَمُ اللَّهُ أَبَا عَبْدِ الرَّحْمَنِ، كُنْتُ أُطَيِّبُ رَسُولَ اللَّهِ صلى الله عليه وسلم، فَيَطُوفُ عَلَى نِسَائِهِ، ثُمَّ يُصْبِحُ مُحْرِمًا يَنْضَخُ طِيبًا‏.‏","english":{"narrator":"Narrated Muhammad bin Al-Muntathir:","text":"on the authority of his father that he had asked `Aisha (about the Hadith of Ibn `Umar). She said, \n\"May Allah be Merciful to Abu `Abdur-Rahman. I used to put scent on Allah's Messenger (ﷺ) and he used to \ngo round his wives, and in the morning he assumed the Ihram, and the fragrance of scent was still \ncoming out from his body.\""}},{"id":21,"idInBook":21,"chapterId":5,"bookId":1,"arabic":"حَدَّثَنَا مُحَمَّدُ بْنُ بَشَّارٍ، قَالَ حَدَّثَنَا مُعَاذُ بْنُ هِشَامٍ، قَالَ حَدَّثَنِي أَبِي، عَنْ قَتَادَةَ، قَالَ حَدَّثَنَا أَنَسُ بْنُ مَالِكٍ، قَالَ كَانَ النَّبِيُّ صلى الله عليه وسلم يَدُورُ عَلَى نِسَائِهِ فِي السَّاعَةِ الْوَاحِدَةِ مِنَ اللَّيْلِ وَالنَّهَارِ، وَهُنَّ إِحْدَى عَشْرَةَ‏.‏ قَالَ قُلْتُ لأَنَسٍ أَوَكَانَ يُطِيقُهُ قَالَ كُنَّا نَتَحَدَّثُ أَنَّهُ أُعْطِيَ قُوَّةَ ثَلاَثِينَ‏.‏ \nوَقَالَ سَعِيدٌ عَنْ قَتَادَةَ إِنَّ أَنَسًا حَدَّثَهُمْ تِسْعُ نِسْوَةٍ‏.‏","english":{"narrator":"Narrated Qatada:","text":"Anas bin Malik said, \"The Prophet (ﷺ) used to visit all his wives in a round, during the day and night and \nthey were eleven in number.\" I asked Anas, \"Had the Prophet (ﷺ) the strength for it?\" Anas replied, \"We \nused to say that the Prophet (ﷺ) was given the strength of thirty (men).\" And Sa`id said on the authority of \nQatada that Anas had told him about nine wives only (not eleven)."}},{"id":22,"idInBook":22,"chapterId":5,"bookId":1,"arabic":"حَدَّثَنَا أَبُو الْوَلِيدِ، قَالَ حَدَّثَنَا زَائِدَةُ، عَنْ أَبِي حَصِينٍ، عَنْ أَبِي عَبْدِ الرَّحْمَنِ، عَنْ عَلِيٍّ، قَالَ كُنْتُ رَجُلاً مَذَّاءً فَأَمَرْتُ رَجُلاً أَنْ يَسْأَلَ النَّبِيَّ صلى الله عليه وسلم لِمَكَانِ ابْنَتِهِ فَسَأَلَ فَقَالَ ‏\n\"‏ تَوَضَّأْ وَاغْسِلْ ذَكَرَكَ ‏\"‏‏.‏","english":{"narrator":"Narrated `Ali:","text":"I used to get emotional urethral discharge frequently. Being the son-in-law of the Prophet (ﷺ) I requested \na man to ask him about it. So the man asked the Prophet (ﷺ) about it. The Prophet (ﷺ) replied, \"Perform \nablution after washing your organ (penis).\""}},{"id":23,"idInBook":23,"chapterId":5,"bookId":1,"arabic":"حَدَّثَنَا أَبُو النُّعْمَانِ، قَالَ حَدَّثَنَا أَبُو عَوَانَةَ، عَنْ إِبْرَاهِيمَ بْنِ مُحَمَّدِ بْنِ الْمُنْتَشِرِ، عَنْ أَبِيهِ، قَالَ سَأَلْتُ عَائِشَةَ فَذَكَرْتُ لَهَا قَوْلَ ابْنِ عُمَرَ مَا أُحِبُّ أَنْ أُصْبِحَ، مُحْرِمًا أَنْضَخُ طِيبًا‏.‏ فَقَالَتْ عَائِشَةُ أَنَا طَيَّبْتُ رَسُولَ اللَّهِ صلى الله عليه وسلم ثُمَّ طَافَ فِي نِسَائِهِ ثُمَّ أَصْبَحَ مُحْرِمًا‏.‏","english":{"narrator":"Narrated Muhammad bin Al-Muntathir:","text":"on the authority of his father that he had asked `Aisha about the saying of Ibn `Umar (i.e. he did not \nlike to be a Muhrim while the smell of scent was still coming from his body). `Aisha said, \"I scented \nAllah's Messenger (ﷺ) and he went round (had sexual intercourse with) all his wives, and in the morning he \nwas Muhrim (after taking a bath).\""}},{"id":24,"idInBook":24,"chapterId":5,"bookId":1,"arabic":"حَدَّثَنَا آدَمُ، قَالَ حَدَّثَنَا شُعْبَةُ، قَالَ حَدَّثَنَا الْحَكَمُ، عَنْ إِبْرَاهِيمَ، عَنِ الأَسْوَدِ، عَنْ عَائِشَةَ، قَالَتْ كَأَنِّي أَنْظُرُ إِلَى وَبِيصِ الطِّيبِ فِي مَفْرِقِ النَّبِيِّ صلى الله عليه وسلم وَهْوَ مُحْرِمٌ‏.‏","english":{"narrator":"Narrated `Aisha:","text":"It is as if I am just looking at the glitter of scent in the parting of the Prophet's head hair while he was \na Muhrim."}},{"id":25,"idInBook":25,"chapterId":5,"bookId":1,"arabic":"حَدَّثَنَا عَبْدَانُ، قَالَ أَخْبَرَنَا عَبْدُ اللَّهِ، قَالَ أَخْبَرَنَا هِشَامُ بْنُ عُرْوَةَ، عَنْ أَبِيهِ، عَنْ عَائِشَةَ، قَالَتْ كَانَ رَسُولُ اللَّهِ صلى الله عليه وسلم إِذَا اغْتَسَلَ مِنَ الْجَنَابَةِ غَسَلَ يَدَيْهِ، وَتَوَضَّأَ وُضُوءَهُ لِلصَّلاَةِ ثُمَّ اغْتَسَلَ، ثُمَّ يُخَلِّلُ بِيَدِهِ شَعَرَهُ، حَتَّى إِذَا ظَنَّ أَنْ قَدْ أَرْوَى بَشَرَتَهُ، أَفَاضَ عَلَيْهِ الْمَاءَ ثَلاَثَ مَرَّاتٍ، ثُمَّ غَسَلَ سَائِرَ جَسَدِهِ‏.‏ وَقَالَتْ كُنْتُ أَغْتَسِلُ أَنَا وَرَسُولُ اللَّهِ، صلى الله عليه وسلم مِنْ إِنَاءٍ وَاحِدٍ نَغْرِفُ مِنْهُ جَمِيعًا‏.‏","english":{"narrator":"Narrated Hisham bin `Urwa:","text":"(on the authority of his father) `Aisha said, \"Whenever Allah's Messenger (ﷺ) took the bath of Janaba, he \ncleaned his hands and performed ablution like that for prayer and then took a bath and rubbed his hair, \ntill he felt that the whole skin of the head had become wet, then he would pour water thrice and wash \nthe rest of the body.\" `Aisha further said, \"I and Allah's Messenger (ﷺ) used to take a bath from a single \nwater container, from which we took water simultaneously.\""}},{"id":26,"idInBook":26,"chapterId":5,"bookId":1,"arabic":"حَدَّثَنَا يُوسُفُ بْنُ عِيسَى، قَالَ أَخْبَرَنَا الْفَضْلُ بْنُ مُوسَى، قَالَ أَخْبَرَنَا الأَعْمَشُ، عَنْ سَالِمٍ، عَنْ كُرَيْبٍ، مَوْلَى ابْنِ عَبَّاسٍ عَنِ ابْنِ عَبَّاسٍ، عَنْ مَيْمُونَةَ، قَالَتْ وَضَعَ رَسُولُ اللَّهِ صلى الله عليه وسلم وَضُوءًا لِجَنَابَةٍ فَأَكْفَأَ بِيَمِينِهِ عَلَى شِمَالِهِ مَرَّتَيْنِ، أَوْ ثَلاَثًا، ثُمَّ غَسَلَ فَرْجَهُ، ثُمَّ ضَرَبَ يَدَهُ بِالأَرْضِ ـ أَوِ الْحَائِطِ ـ مَرَّتَيْنِ أَوْ ثَلاَثًا، ثُمَّ مَضْمَضَ وَاسْتَنْشَقَ، وَغَسَلَ وَجْهَهُ وَذِرَاعَيْهِ، ثُمَّ أَفَاضَ عَلَى رَأْسِهِ الْمَاءَ، ثُمَّ غَسَلَ جَسَدَهُ، ثُمَّ تَنَحَّى فَغَسَلَ رِجْلَيْهِ‏.‏ قَالَتْ فَأَتَيْتُهُ بِخِرْقَةٍ، فَلَمْ يُرِدْهَا، فَجَعَلَ يَنْفُضُ بِيَدِهِ‏.‏","english":{"narrator":"Narrated Maimuna:","text":"Water was placed for the ablution of Allah's Messenger (ﷺ) after Janaba. He poured water with his right hand \nover his left twice or thrice and then washed his private parts and rubbed his hand on the earth or on a \nwall twice or thrice and then rinsed his mouth, washed his nose by putting water in it and then \nblowing it out and then washed his face and forearms and poured water over his head and washed his \nbody. Then he shifted from that place and washed his feet. I brought a piece of cloth, but he did not \ntake it and removed the traces of water from his body with his hand.\""}},{"id":27,"idInBook":27,"chapterId":5,"bookId":1,"arabic":"حَدَّثَنَا عَبْدُ اللَّهِ بْنُ مُحَمَّدٍ، قَالَ حَدَّثَنَا عُثْمَانُ بْنُ عُمَرَ، قَالَ أَخْبَرَنَا يُونُسُ، عَنِ الزُّهْرِيِّ، عَنْ أَبِي سَلَمَةَ، عَنْ أَبِي هُرَيْرَةَ، قَالَ أُقِيمَتِ الصَّلاَةُ، وَعُدِّلَتِ الصُّفُوفُ قِيَامًا، فَخَرَجَ إِلَيْنَا رَسُولُ اللَّهِ صلى الله عليه وسلم فَلَمَّا قَامَ فِي مُصَلاَّهُ ذَكَرَ أَنَّهُ جُنُبٌ فَقَالَ لَنَا ‏:‏ ‏\n\"‏ مَكَانَكُمْ ‏\"‏‏.‏ ثُمَّ رَجَعَ فَاغْتَسَلَ، ثُمَّ خَرَجَ إِلَيْنَا وَرَأْسُهُ يَقْطُرُ، فَكَبَّرَ فَصَلَّيْنَا مَعَهُ‏.‏ تَابَعَهُ عَبْدُ الأَعْلَى عَنْ مَعْمَرٍ عَنِ الزُّهْرِيِّ‏.‏ وَرَوَاهُ الأَوْزَاعِيُّ عَنِ الزُّهْرِيِّ‏.‏","english":{"narrator":"Narrated Abu Huraira:","text":"Once the call (Iqama) for the prayer was announced and the rows were straightened. Allah's Messenger (ﷺ) \ncame out; and when he stood up at his Musalla, he remembered that he was Junub. Then he ordered us \nto stay at our places and went to take a bath and then returned with water dropping from his head. He \nsaid, \"Allahu-Akbar\", and we all offered the prayer with him."}},{"id":28,"idInBook":28,"chapterId":5,"bookId":1,"arabic":"حَدَّثَنَا عَبْدَانُ، قَالَ أَخْبَرَنَا أَبُو حَمْزَةَ، قَالَ سَمِعْتُ الأَعْمَشَ، عَنْ سَالِمٍ، عَنْ كُرَيْبٍ، عَنِ ابْنِ عَبَّاسٍ، قَالَ قَالَتْ مَيْمُونَةُ وَضَعْتُ لِلنَّبِيِّ صلى الله عليه وسلم غُسْلاً، فَسَتَرْتُهُ بِثَوْبٍ، وَصَبَّ عَلَى يَدَيْهِ فَغَسَلَهُمَا، ثُمَّ صَبَّ بِيَمِينِهِ عَلَى شِمَالِهِ، فَغَسَلَ فَرْجَهُ، فَضَرَبَ بِيَدِهِ الأَرْضَ فَمَسَحَهَا، ثُمَّ غَسَلَهَا فَمَضْمَضَ، وَاسْتَنْشَقَ، وَغَسَلَ وَجْهَهُ وَذِرَاعَيْهِ، ثُمَّ صَبَّ عَلَى رَأْسِهِ، وَأَفَاضَ عَلَى جَسَدِهِ، ثُمَّ تَنَحَّى فَغَسَلَ قَدَمَيْهِ، فَنَاوَلْتُهُ ثَوْبًا فَلَمْ يَأْخُذْهُ، فَانْطَلَقَ وَهْوَ يَنْفُضُ يَدَيْهِ‏.‏","english":{"narrator":"Narrated Maimuna:","text":"I placed water for the bath of the Prophet (ﷺ) and screened him with a garment. He poured water over his \nhands and washed them. After that he poured water with his right hand over his left and washed his \nprivate parts, rubbed his hands with earth and washed them, rinsed his mouth, washed his nose by \nputting water in it and then blowing it out and then washed his face and forearms. He poured water \nover his head and body. He then shifted from that place and washed his feet. I gave him a piece of \ncloth but he did not take it and came out removing the water (from his body) with both his hands."}},{"id":29,"idInBook":29,"chapterId":5,"bookId":1,"arabic":"حَدَّثَنَا خَلاَّدُ بْنُ يَحْيَى، قَالَ حَدَّثَنَا إِبْرَاهِيمُ بْنُ نَافِعٍ، عَنِ الْحَسَنِ بْنِ مُسْلِمٍ، عَنْ صَفِيَّةَ بِنْتِ شَيْبَةَ، عَنْ عَائِشَةَ، قَالَتْ كُنَّا إِذَا أَصَابَتْ إِحْدَانَا جَنَابَةٌ، أَخَذَتْ بِيَدَيْهَا ثَلاَثًا فَوْقَ رَأْسِهَا، ثُمَّ تَأْخُذُ بِيَدِهَا عَلَى شِقِّهَا الأَيْمَنِ، وَبِيَدِهَا الأُخْرَى عَلَى شِقِّهَا الأَيْسَرِ‏.‏","english":{"narrator":"Narrated Aisha:","text":"Whenever any one of us was Junub, she poured water over her head thrice with both her hands and \nthen rubbed the right side of her head with one hand and rubbed the left side of the head with the other \nhand."}},{"id":30,"idInBook":30,"chapterId":5,"bookId":1,"arabic":"حَدَّثَنَا إِسْحَاقُ بْنُ نَصْرٍ، قَالَ حَدَّثَنَا عَبْدُ الرَّزَّاقِ، عَنْ مَعْمَرٍ، عَنْ هَمَّامِ بْنِ مُنَبِّهٍ، عَنْ أَبِي هُرَيْرَةَ، عَنِ النَّبِيِّ صلى الله عليه وسلم قَالَ ‏\n\"‏ كَانَتْ بَنُو إِسْرَائِيلَ يَغْتَسِلُونَ عُرَاةً، يَنْظُرُ بَعْضُهُمْ إِلَى بَعْضٍ، وَكَانَ مُوسَى يَغْتَسِلُ وَحْدَهُ، فَقَالُوا وَاللَّهِ مَا يَمْنَعُ مُوسَى أَنْ يَغْتَسِلَ مَعَنَا إِلاَّ أَنَّهُ آدَرُ، فَذَهَبَ مَرَّةً يَغْتَسِلُ، فَوَضَعَ ثَوْبَهُ عَلَى حَجَرٍ، فَفَرَّ الْحَجَرُ بِثَوْبِهِ، فَخَرَجَ مُوسَى فِي إِثْرِهِ يَقُولُ ثَوْبِي يَا حَجَرُ‏.‏ حَتَّى نَظَرَتْ بَنُو إِسْرَائِيلَ إِلَى مُوسَى، فَقَالُوا وَاللَّهِ مَا بِمُوسَى مِنْ بَأْسٍ‏.‏ وَأَخَذَ ثَوْبَهُ، فَطَفِقَ بِالْحَجَرِ ضَرْبًا ‏\"‏‏.‏ فَقَالَ أَبُو هُرَيْرَةَ وَاللَّهِ إِنَّهُ لَنَدَبٌ بِالْحَجَرِ سِتَّةٌ أَوْ سَبْعَةٌ ضَرْبًا بِالْحَجَرِ‏.‏","english":{"narrator":"Narrated Abu Huraira:","text":"The Prophet (ﷺ) said, 'The (people of) Bani Israel used to take bath naked (all together) looking at each \nother. The Prophet (ﷺ) Moses used to take a bath alone. They said, 'By Allah! Nothing prevents Moses \nfrom taking a bath with us except that he has a scrotal hernia.' So once Moses went out to take a bath \nand put his clothes over a stone and then that stone ran away with his clothes. Moses followed that \nstone saying, \"My clothes, O stone! My clothes, O stone! till the people of Bani Israel saw him and \nsaid, 'By Allah, Moses has got no defect in his body. Moses took his clothes and began to beat the \nstone.\" Abu Huraira added, \"By Allah! There are still six or seven marks present on the stone from \nthat excessive beating.\""}},{"id":31,"idInBook":31,"chapterId":5,"bookId":1,"arabic":"وَعَنْ أَبِي هُرَيْرَةَ، عَنِ النَّبِيِّ صلى الله عليه وسلم قَالَ ‏\"‏ بَيْنَا أَيُّوبُ يَغْتَسِلُ عُرْيَانًا فَخَرَّ عَلَيْهِ جَرَادٌ مِنْ ذَهَبٍ، فَجَعَلَ أَيُّوبُ يَحْتَثِي فِي ثَوْبِهِ، فَنَادَاهُ رَبُّهُ يَا أَيُّوبُ، أَلَمْ أَكُنْ أَغْنَيْتُكَ عَمَّا تَرَى قَالَ بَلَى وَعِزَّتِكَ وَلَكِنْ لاَ غِنَى بِي عَنْ بَرَكَتِكَ ‏\"‏‏.‏ وَرَوَاهُ إِبْرَاهِيمُ عَنْ مُوسَى بْنِ عُقْبَةَ عَنْ صَفْوَانَ عَنْ عَطَاءِ بْنِ يَسَارٍ عَنْ أَبِي هُرَيْرَةَ عَنِ النَّبِيِّ صلى الله عليه وسلم قَالَ ‏\"‏ بَيْنَا أَيُّوبُ يَغْتَسِلُ عُرْيَانًا ‏\"‏‏.‏","english":{"narrator":"Narrated Abu Huraira:","text":"The Prophet (ﷺ) said, \"When the Prophet (ﷺ) Job (Aiyub) was taking a bath naked, \ngolden locusts began to fall on him. Job started collecting them in his clothes. His Lord addressed \nhim, 'O Job! Haven't I given you enough so that you are not in need of them.' Job replied, 'Yes!' By \nYour Honor (power)! But I cannot dispense with Your Blessings.' \""}},{"id":32,"idInBook":32,"chapterId":5,"bookId":1,"arabic":"حَدَّثَنَا عَبْدُ اللَّهِ بْنُ مَسْلَمَةَ، عَنْ مَالِكٍ، عَنْ أَبِي النَّضْرِ، مَوْلَى عُمَرَ بْنِ عُبَيْدِ اللَّهِ أَنَّ أَبَا مُرَّةَ، مَوْلَى أُمِّ هَانِئٍ بِنْتِ أَبِي طَالِبٍ أَخْبَرَهُ أَنَّهُ، سَمِعَ أُمَّ هَانِئٍ بِنْتَ أَبِي طَالِبٍ، تَقُولُ ذَهَبْتُ إِلَى رَسُولِ اللَّهِ صلى الله عليه وسلم عَامَ الْفَتْحِ، فَوَجَدْتُهُ يَغْتَسِلُ وَفَاطِمَةُ تَسْتُرُهُ فَقَالَ ‏\n\"‏ مَنْ هَذِهِ ‏\"‏‏.‏ فَقُلْتُ أَنَا أُمُّ هَانِئٍ‏.‏","english":{"narrator":"Narrated Um Hani bint Abi Talib:","text":"I went to Allah's Messenger (ﷺ) in the year of the conquest of Mecca and found him taking a bath while \nFatima was screening him. The Prophet (ﷺ) asked, \"Who is it?\" I replied, \"I am Um-Hani.\""}},{"id":33,"idInBook":33,"chapterId":5,"bookId":1,"arabic":"حَدَّثَنَا عَبْدَانُ، قَالَ أَخْبَرَنَا عَبْدُ اللَّهِ، قَالَ أَخْبَرَنَا سُفْيَانُ، عَنِ الأَعْمَشِ، عَنْ سَالِمِ بْنِ أَبِي الْجَعْدِ، عَنْ كُرَيْبٍ، عَنِ ابْنِ عَبَّاسٍ، عَنْ مَيْمُونَةَ، قَالَتْ سَتَرْتُ النَّبِيَّ صلى الله عليه وسلم وَهُوَ يَغْتَسِلُ مِنَ الْجَنَابَةِ، فَغَسَلَ يَدَيْهِ ثُمَّ صَبَّ بِيَمِينِهِ عَلَى شِمَالِهِ، فَغَسَلَ فَرْجَهُ، وَمَا أَصَابَهُ، ثُمَّ مَسَحَ بِيَدِهِ عَلَى الْحَائِطِ أَوِ الأَرْضِ، ثُمَّ تَوَضَّأَ وُضُوءَهُ لِلصَّلاَةِ، غَيْرَ رِجْلَيْهِ، ثُمَّ أَفَاضَ عَلَى جَسَدِهِ الْمَاءَ، ثُمَّ تَنَحَّى فَغَسَلَ قَدَمَيْهِ‏.‏ تَابَعَهُ أَبُو عَوَانَةَ وَابْنُ فُضَيْلٍ فِي السَّتْرِ‏.‏","english":{"narrator":"Narrated Maimuna:","text":"I screened the Prophet (ﷺ) while he was taking a bath of Janaba. He washed his hands, poured water from \nhis right hand over his left and washed his private parts. Then he rubbed his hand over a wall or the \nearth, and performed ablution similar to that for the prayer but did not wash his feet. Then he poured \nwater over his body, shifted from that place, and washed his feet."}},{"id":34,"idInBook":34,"chapterId":5,"bookId":1,"arabic":"حَدَّثَنَا عَبْدُ اللَّهِ بْنُ يُوسُفَ، قَالَ أَخْبَرَنَا مَالِكٌ، عَنْ هِشَامِ بْنِ عُرْوَةَ، عَنْ أَبِيهِ، عَنْ زَيْنَبَ بِنْتِ أَبِي سَلَمَةَ، عَنْ أُمِّ سَلَمَةَ أُمِّ الْمُؤْمِنِينَ، أَنَّهَا قَالَتْ جَاءَتْ أُمُّ سُلَيْمٍ امْرَأَةُ أَبِي طَلْحَةَ إِلَى رَسُولِ اللَّهِ صلى الله عليه وسلم فَقَالَتْ يَا رَسُولَ اللَّهِ، إِنَّ اللَّهَ لاَ يَسْتَحْيِي مِنَ الْحَقِّ، هَلْ عَلَى الْمَرْأَةِ مِنْ غُسْلٍ إِذَا هِيَ احْتَلَمَتْ فَقَالَ رَسُولُ اللَّهِ صلى الله عليه وسلم ‏\n\"‏ نَعَمْ إِذَا رَأَتِ الْمَاءَ ‏\"‏‏.‏","english":{"narrator":"Narrated Um-Salama:","text":"(the mother of the believers) Um Sulaim, the wife of Abu Talha, came to Allah's Messenger (ﷺ) and said, \"O \nAllah's Messenger (ﷺ)! Verily Allah is not shy of (telling you) the truth. Is it necessary for a woman to take a \nbath after she has a wet dream (nocturnal sexual discharge)?\" Allah's Messenger (ﷺ) replied, \"Yes, if she \nnotices a discharge.\""}},{"id":35,"idInBook":35,"chapterId":5,"bookId":1,"arabic":"حَدَّثَنَا عَلِيُّ بْنُ عَبْدِ اللَّهِ، قَالَ حَدَّثَنَا يَحْيَى، قَالَ حَدَّثَنَا حُمَيْدٌ، قَالَ حَدَّثَنَا بَكْرٌ، عَنْ أَبِي رَافِعٍ، عَنْ أَبِي هُرَيْرَةَ، أَنَّ النَّبِيَّ صلى الله عليه وسلم لَقِيَهُ فِي بَعْضِ طَرِيقِ الْمَدِينَةِ وَهْوَ جُنُبٌ، فَانْخَنَسْتُ مِنْهُ، فَذَهَبَ فَاغْتَسَلَ، ثُمَّ جَاءَ فَقَالَ ‏\"‏ أَيْنَ كُنْتَ يَا أَبَا هُرَيْرَةَ ‏\"‏‏.‏ قَالَ كُنْتُ جُنُبًا، فَكَرِهْتُ أَنْ أُجَالِسَكَ وَأَنَا عَلَى غَيْرِ طَهَارَةٍ‏.‏ فَقَالَ ‏\"‏ سُبْحَانَ اللَّهِ، إِنَّ الْمُؤْمِنَ لاَ يَنْجُسُ ‏\"‏‏.‏","english":{"narrator":"Narrated Abu Huraira:","text":"The Prophet (ﷺ) came across me in one of the streets of Medina and at that time I was Junub. So I slipped \naway from him and went to take a bath. On my return the Prophet (ﷺ) said, \"O Abu Huraira! Where have \nyou been?\" I replied, \"I was Junub, so I disliked to sit in your company.\" The Prophet (ﷺ) said, \"Subhan \nAllah! A believer never becomes impure.\""}},{"id":36,"idInBook":36,"chapterId":5,"bookId":1,"arabic":"حَدَّثَنَا عَبْدُ الأَعْلَى بْنُ حَمَّادٍ، قَالَ حَدَّثَنَا يَزِيدُ بْنُ زُرَيْعٍ، قَالَ حَدَّثَنَا سَعِيدٌ، عَنْ قَتَادَةَ، أَنَّ أَنَسَ بْنَ مَالِكٍ، حَدَّثَهُمْ أَنَّ نَبِيَّ اللَّهِ صلى الله عليه وسلم كَانَ يَطُوفُ عَلَى نِسَائِهِ فِي اللَّيْلَةِ الْوَاحِدَةِ، وَلَهُ يَوْمَئِذٍ تِسْعُ نِسْوَةٍ‏.‏","english":{"narrator":"Narrated Anas bin Malik:","text":"The Prophet (ﷺ) used to visit all his wives in one night and he had nine wives at that time."}},{"id":37,"idInBook":37,"chapterId":5,"bookId":1,"arabic":"حَدَّثَنَا عَيَّاشٌ، قَالَ حَدَّثَنَا عَبْدُ الأَعْلَى، حَدَّثَنَا حُمَيْدٌ، عَنْ بَكْرٍ، عَنْ أَبِي رَافِعٍ، عَنْ أَبِي هُرَيْرَةَ، قَالَ لَقِيَنِي رَسُولُ اللَّهِ صلى الله عليه وسلم وَأَنَا جُنُبٌ، فَأَخَذَ بِيَدِي، فَمَشَيْتُ مَعَهُ حَتَّى قَعَدَ فَانْسَلَلْتُ، فَأَتَيْتُ الرَّحْلَ، فَاغْتَسَلْتُ ثُمَّ جِئْتُ وَهْوَ قَاعِدٌ فَقَالَ ‏\"‏ أَيْنَ كُنْتَ يَا أَبَا هِرٍّ ‏\"‏ فَقُلْتُ لَهُ‏.‏ فَقَالَ ‏\"‏ سُبْحَانَ اللَّهِ يَا أَبَا هِرٍّ إِنَّ الْمُؤْمِنَ لاَ يَنْجُسُ ‏\"‏‏.‏","english":{"narrator":"Narrated Abu Huraira:","text":"Allah's Messenger (ﷺ) came across me and I was Junub. He took my hand and I went along with him till he \nsat down I slipped away, went home and took a bath. When I came back, he was still sitting there. He \nthen said to me, \"O Abu Huraira! Where have you been?' I told him about it. The Prophet (ﷺ) said, \n\"Subhan Allah! O Abu Huraira! A believer never becomes impure.\""}},{"id":38,"idInBook":38,"chapterId":5,"bookId":1,"arabic":"حَدَّثَنَا أَبُو نُعَيْمٍ، قَالَ حَدَّثَنَا هِشَامٌ، وَشَيْبَانُ، عَنْ يَحْيَى، عَنْ أَبِي سَلَمَةَ، قَالَ سَأَلْتُ عَائِشَةَ أَكَانَ النَّبِيُّ صلى الله عليه وسلم يَرْقُدُ وَهْوَ جُنُبٌ قَالَتْ نَعَمْ وَيَتَوَضَّأُ‏.‏","english":{"narrator":"Narrated Abu Salama:","text":"I asked `Aisha \"Did the Prophet (ﷺ) use to sleep while he was Junub?\" She replied, \"Yes, but he used to \nperform ablution (before going to bed)."}},{"id":39,"idInBook":39,"chapterId":5,"bookId":1,"arabic":"حَدَّثَنَا قُتَيْبَةُ، قَالَ حَدَّثَنَا اللَّيْثُ، عَنْ نَافِعٍ، عَنِ ابْنِ عُمَرَ، أَنَّ عُمَرَ بْنَ الْخَطَّابِ، سَأَلَ رَسُولَ اللَّهِ صلى الله عليه وسلم أَيَرْقُدُ أَحَدُنَا وَهْوَ جُنُبٌ قَالَ ‏\n\"‏ نَعَمْ إِذَا تَوَضَّأَ أَحَدُكُمْ فَلْيَرْقُدْ وَهُوَ جُنُبٌ ‏\"‏‏.‏","english":{"narrator":"Narrated `Umar bin Al-Khattab:","text":"I asked Allah's Messenger (ﷺ) \"Can any one of us sleep while he is Junub?\" He replied, \"Yes, if he performs \nablution, he can sleep while he is Junub.\""}},{"id":40,"idInBook":40,"chapterId":5,"bookId":1,"arabic":"حَدَّثَنَا يَحْيَى بْنُ بُكَيْرٍ، قَالَ حَدَّثَنَا اللَّيْثُ، عَنْ عُبَيْدِ اللَّهِ بْنِ أَبِي جَعْفَرٍ، عَنْ مُحَمَّدِ بْنِ عَبْدِ الرَّحْمَنِ، عَنْ عُرْوَةَ، عَنْ عَائِشَةَ، قَالَتْ كَانَ النَّبِيُّ صلى الله عليه وسلم إِذَا أَرَادَ أَنْ يَنَامَ وَهْوَ جُنُبٌ، غَسَلَ فَرْجَهُ، وَتَوَضَّأَ لِلصَّلاَةِ‏.‏","english":{"narrator":"Narrated `Aisha:","text":"Whenever the Prophet (ﷺ) intended to sleep while he was Junub, he used to wash his private parts and \nperform ablution like that for the prayer."}},{"id":41,"idInBook":41,"chapterId":5,"bookId":1,"arabic":"حَدَّثَنَا مُوسَى بْنُ إِسْمَاعِيلَ، قَالَ حَدَّثَنَا جُوَيْرِيَةُ، عَنْ نَافِعٍ، عَنْ عَبْدِ اللَّهِ، قَالَ اسْتَفْتَى عُمَرُ النَّبِيَّ صلى الله عليه وسلم أَيَنَامُ أَحَدُنَا وَهْوَ جُنُبٌ قَالَ ‏\n\"‏ نَعَمْ، إِذَا تَوَضَّأَ ‏\"‏‏.‏","english":{"narrator":"Narrated `Abdullah:","text":"`Umar asked the Prophet (ﷺ) \"Can anyone of us sleep while he is Junub?\" He replied, \"Yes, if he performs \nablution.\""}},{"id":42,"idInBook":42,"chapterId":5,"bookId":1,"arabic":"حَدَّثَنَا عَبْدُ اللَّهِ بْنُ يُوسُفَ، قَالَ أَخْبَرَنَا مَالِكٌ، عَنْ عَبْدِ اللَّهِ بْنِ دِينَارٍ، عَنْ عَبْدِ اللَّهِ بْنِ عُمَرَ، أَنَّهُ قَالَ ذَكَرَ عُمَرُ بْنُ الْخَطَّابِ لِرَسُولِ اللَّهِ صلى الله عليه وسلم أَنَّهُ تُصِيبُهُ الْجَنَابَةُ مِنَ اللَّيْلِ، فَقَالَ لَهُ رَسُولُ اللَّهِ صلى الله عليه وسلم ‏\n\"‏ تَوَضَّأْ وَاغْسِلْ ذَكَرَكَ ثُمَّ نَمْ ‏\"‏‏.‏","english":{"narrator":"Narrated `Abdullah bin `Umar:","text":"`Umar bin Al-Khattab told Allah's Messenger (ﷺ), \"I became Junub at night.\" Allah's Messenger (ﷺ) replied, \n\"Perform ablution after washing your private parts and then sleep.\""}},{"id":43,"idInBook":43,"chapterId":5,"bookId":1,"arabic":"حَدَّثَنَا مُعَاذُ بْنُ فَضَالَةَ، قَالَ حَدَّثَنَا هِشَامٌ، ح وَحَدَّثَنَا أَبُو نُعَيْمٍ، عَنْ هِشَامٍ، عَنْ قَتَادَةَ، عَنِ الْحَسَنِ، عَنْ أَبِي رَافِعٍ، عَنْ أَبِي هُرَيْرَةَ، عَنِ النَّبِيِّ صلى الله عليه وسلم قَالَ ‏\n\"‏ إِذَا جَلَسَ بَيْنَ شُعَبِهَا الأَرْبَعِ ثُمَّ جَهَدَهَا، فَقَدْ وَجَبَ الْغَسْلُ ‏\"‏‏.‏ تَابَعَهُ عَمْرُو بْنُ مَرْزُوقٍ عَنْ شُعْبَةَ مِثْلَهُ‏.‏ وَقَالَ مُوسَى حَدَّثَنَا أَبَانُ قَالَ حَدَّثَنَا قَتَادَةُ أَخْبَرَنَا الْحَسَنُ مِثْلَهُ‏.‏","english":{"narrator":"Narrated Hisham:","text":"as the following Hadith 290.\nNarrated Abu Huraira:\n\nThe Prophet (ﷺ) said, \"When a man sits in between the four parts of a woman and did the sexual \nintercourse with her, bath becomes compulsory.\""}},{"id":44,"idInBook":44,"chapterId":5,"bookId":1,"arabic":"حَدَّثَنَا أَبُو مَعْمَرٍ، حَدَّثَنَا عَبْدُ الْوَارِثِ، عَنِ الْحُسَيْنِ، قَالَ يَحْيَى وَأَخْبَرَنِي أَبُو سَلَمَةَ، أَنَّ عَطَاءَ بْنَ يَسَارٍ، أَخْبَرَهُ أَنَّ زَيْدَ بْنَ خَالِدٍ الْجُهَنِيَّ أَخْبَرَهُ أَنَّهُ، سَأَلَ عُثْمَانَ بْنَ عَفَّانَ فَقَالَ أَرَأَيْتَ إِذَا جَامَعَ الرَّجُلُ امْرَأَتَهُ فَلَمْ يُمْنِ‏.‏ قَالَ عُثْمَانُ يَتَوَضَّأُ كَمَا يَتَوَضَّأُ لِلصَّلاَةِ، وَيَغْسِلُ ذَكَرَهُ‏.‏ قَالَ عُثْمَانُ سَمِعْتُهُ مِنْ رَسُولِ اللَّهِ صلى الله عليه وسلم‏.‏ فَسَأَلْتُ عَنْ ذَلِكَ عَلِيَّ بْنَ أَبِي طَالِبٍ وَالزُّبَيْرَ بْنَ الْعَوَّامِ وَطَلْحَةَ بْنَ عُبَيْدِ اللَّهِ وَأُبَىَّ بْنَ كَعْبٍ ـ رضى الله عنهم ـ فَأَمَرُوهُ بِذَلِكَ‏.‏ قَالَ يَحْيَى وَأَخْبَرَنِي أَبُو سَلَمَةَ أَنَّ عُرْوَةَ بْنَ الزُّبَيْرِ أَخْبَرَهُ أَنَّ أَبَا أَيُّوبَ أَخْبَرَهُ أَنَّهُ سَمِعَ ذَلِكَ مِنْ رَسُولِ اللَّهِ صلى الله عليه وسلم‏.‏","english":{"narrator":"Narrated Zaid bin Khalid Al-Juhani:","text":"I asked `Uthman bin `Affan about a man who engaged in the sexual intercourse with his wife but did \nnot discharge. `Uthman replied, \"He should perform ablution like that for the prayer after washing his \nprivate parts.\" `Uthman added, \"I heard that from Allah's Messenger (ﷺ).\" I asked `Ali bin Abi Talib, Az- \nZubair bin Al-`Awwam, Talha bin 'Ubaidullah and Ubai bin Ka`b and they gave the same reply. (Abu \nAiyub said that he had heard that from Allah's Messenger (ﷺ) ) (This order was canceled later on so one has \nto take a bath. See, Hadith No. 180)."}},{"id":45,"idInBook":45,"chapterId":5,"bookId":1,"arabic":"حَدَّثَنَا مُسَدَّدٌ، حَدَّثَنَا يَحْيَى، عَنْ هِشَامِ بْنِ عُرْوَةَ، قَالَ أَخْبَرَنِي أَبِي قَالَ، أَخْبَرَنِي أَبُو أَيُّوبَ، قَالَ أَخْبَرَنِي أُبَىُّ بْنُ كَعْبٍ، أَنَّهُ قَالَ يَا رَسُولَ اللَّهِ إِذَا جَامَعَ الرَّجُلُ الْمَرْأَةَ فَلَمْ يُنْزِلْ قَالَ ‏\n\"‏ يَغْسِلُ مَا مَسَّ الْمَرْأَةَ مِنْهُ، ثُمَّ يَتَوَضَّأُ وَيُصَلِّي ‏\"‏‏.‏ \nقَالَ أَبُو عَبْدِ اللَّهِ الْغَسْلُ أَحْوَطُ، وَذَاكَ الآخِرُ، وَإِنَّمَا بَيَّنَّا لاِخْتِلاَفِهِمْ‏.‏","english":{"narrator":"Narrated Ubai bin Ka`b:","text":"I asked Allah's Messenger (ﷺ) about a man who engages in sexual intercourse with his wife but does not \ndischarge. He replied, \"He should wash the parts which comes in contact with the private parts of the \nwoman, perform ablution and then pray.\" (Abu `Abdullah said, \"Taking a bath is safer and is the last \norder.\")"}}],"chapter":{"id":5,"bookId":1,"arabic":"كتاب الغسل","english":"Bathing (Ghusl)"}}