{
  "metadata": {
    "length": 6,
    "arabic": {
      "title": "صحيح البخاري",
      "author": "الإمام محمد بن إسماعيل البخاري",
      "introduction": "كتاب المكاتب"
    },
    "english": {
      "title": "Sahih al-Bukhari",
      "author": "Imam Muhammad ibn Ismail al-Bukhari",
      "introduction": "Makaatib"
    }
  },
  "hadiths": [
    {
      "id": 1,
      "idInBook": 1,
      "chapterId": 50,
      "bookId": 1,
      "arabic": "وَقَالَ اللَّيْثُ حَدَّثَنِي يُونُسُ، عَنِ ابْنِ شِهَابٍ، قَالَ عُرْوَةُ قَالَتْ عَائِشَةُ ـ رضى الله عنها ـ إِنَّ بَرِيرَةَ دَخَلَتْ عَلَيْهَا تَسْتَعِينُهَا فِي كِتَابَتِهَا وَعَلَيْهَا خَمْسَةُ أَوَاقٍ، نُجِّمَتْ عَلَيْهَا فِي خَمْسِ سِنِينَ، فَقَالَتْ لَهَا عَائِشَةُ وَنَفِسَتْ فِيهَا أَرَأَيْتِ إِنْ عَدَدْتُ لَهُمْ عَدَّةً وَاحِدَةً، أَيَبِيعُكِ أَهْلُكِ، فَأُعْتِقَكِ، فَيَكُونَ وَلاَؤُكِ لِي فَذَهَبَتْ بَرِيرَةُ إِلَى أَهْلِهَا، فَعَرَضَتْ ذَلِكَ عَلَيْهِمْ فَقَالُوا لاَ إِلاَّ أَنْ يَكُونَ لَنَا الْوَلاَءُ‏.‏ قَالَتْ عَائِشَةُ فَدَخَلْتُ عَلَى رَسُولِ اللَّهِ صلى الله عليه وسلم فَذَكَرْتُ ذَلِكَ لَهُ‏.‏ فَقَالَ لَهَا رَسُولُ اللَّهِ صلى الله عليه وسلم ‏\"‏ اشْتَرِيهَا فَأَعْتِقِيهَا، فَإِنَّمَا الْوَلاَءُ لِمَنْ أَعْتَقَ ‏\"‏‏.‏ ثُمَّ قَامَ رَسُولُ اللَّهِ صلى الله عليه وسلم فَقَالَ ‏\"‏ مَا بَالُ رِجَالٍ يَشْتَرِطُونَ شُرُوطًا لَيْسَتْ فِي كِتَابِ اللَّهِ، مَنِ اشْتَرَطَ شَرْطًا لَيْسَ فِي كِتَابِ اللَّهِ فَهْوَ بَاطِلٌ، شَرْطُ اللَّهِ أَحَقُّ وَأَوْثَقُ ‏\"‏‏.‏",
      "english": {
        "narrator": "",
        "text": "Narrated 'Aishah (ra) that Barira came to seek her help writing of emancipation and she had to pay five Uqiya (of gold) by five yearly installments. 'Aishah said to her, \"Do you think that if I pay the whole sum at once, your masters will sell you to me, and I will free you and your Wala' will be for me.\" Barira went to her masters and told them about that offer. They said that they would not agree to it unless her Wala' would be for them. 'Aishah further said, \"I went to Allah's Messenger (ﷺ) and told him about it.\" Allah Messenger (ﷺ) said to her, \"Buy Barira and manumit her and the Wala' will be for the liberator.\" Allah's Messenger (ﷺ) then got up and said, \"What about those people who stipulate conditions that are not present in Allah's Laws? If anybody stipulates a condition which is not in Allah's  Laws, then what he stipulates is invalid. Allah's Condition (Laws) are the truth and are more solid.\""
      },
      "turkish": {
        "narrator": "",
        "text": "'Aişe (ra) rivayet etti ki, Berire ona, özgürlük belgesini yazması için yardım istemeye geldi ve beş yıllık taksitlerle beş Ukiye (altın) ödemesi gerekiyordu. 'Aişe ona, \"Eğer ben toplam miktarı bir kerede ödersem, senin efendilerin seni bana satar mı, ben de seni özgür bırakırım ve velayetim senin üzerinde olur.\" dedi. Berire efendilerine gitti ve bu teklifi onlara iletti. Onlar, velayetinin kendilerine ait olması şartıyla buna razı olmayacaklarını söylediler. 'Aişe daha sonra, \"Ben Allah'ın Elçisi'ne (ﷺ) gittim ve ona durumu anlattım.\" dedi. Allah'ın Elçisi (ﷺ) ona, \"Berire'yi satın al ve özgür bırak, velayet liberatöre aittir.\" dedi. Allah'ın Elçisi (ﷺ) sonra ayağa kalktı ve, \"Allah'ın Kanunlarında mevcut olmayan şartlar koyan insanlar hakkında ne dersiniz? Eğer birisi Allah'ın Kanunlarında mevcut olmayan bir şart koyarsa, o şart geçersizdir. Allah'ın Şartları (Kanunları) gerçektir ve daha sağlamdır.\" dedi."
      }
    },
    {
      "id": 2,
      "idInBook": 2,
      "chapterId": 50,
      "bookId": 1,
      "arabic": "حَدَّثَنَا قُتَيْبَةُ، حَدَّثَنَا اللَّيْثُ، عَنِ ابْنِ شِهَابٍ، عَنْ عُرْوَةَ، أَنَّ عَائِشَةَ ـ رضى الله عنها ـ أَخْبَرَتْهُ أَنَّ بَرِيرَةَ جَاءَتْ تَسْتَعِينُهَا فِي كِتَابَتِهَا، وَلَمْ تَكُنْ قَضَتْ مِنْ كِتَابَتِهَا شَيْئًا، قَالَتْ لَهَا عَائِشَةُ ارْجِعِي إِلَى أَهْلِكِ، فَإِنْ أَحَبُّوا أَنْ أَقْضِيَ عَنْكِ كِتَابَتَكِ، وَيَكُونَ وَلاَؤُكِ لِي فَعَلْتُ‏.‏ فَذَكَرَتْ ذَلِكَ بَرِيرَةُ لأَهْلِهَا فَأَبَوْا وَقَالُوا إِنْ شَاءَتْ أَنْ تَحْتَسِبَ عَلَيْكِ فَلْتَفْعَلْ، وَيَكُونَ وَلاَؤُكِ لَنَا، فَذَكَرَتْ ذَلِكَ لِرَسُولِ اللَّهِ صلى الله عليه وسلم فَقَالَ لَهَا رَسُولُ اللَّهِ صلى الله عليه وسلم ‏\"‏ ابْتَاعِي فَأَعْتِقِي، فَإِنَّمَا الْوَلاَءُ لِمَنْ أَعْتَقَ ‏\"‏‏.‏ قَالَ ثُمَّ قَامَ رَسُولُ اللَّهِ صلى الله عليه وسلم فَقَالَ ‏\"‏ مَا بَالُ أُنَاسٍ يَشْتَرِطُونَ شُرُوطًا لَيْسَتْ فِي كِتَابِ اللَّهِ مَنِ اشْتَرَطَ شَرْطًا لَيْسَ فِي كِتَابِ اللَّهِ فَلَيْسَ لَهُ، وَإِنْ شَرَطَ مِائَةَ مَرَّةٍ، شَرْطُ اللَّهِ أَحَقُّ وَأَوْثَقُ ‏\"‏‏.‏",
      "english": {
        "narrator": "Narrated `Urwa:",
        "text": "That `Aisha told him that Barirah came to seek her help in her writing of emancipation (for a certain \nsum) and that time she had not paid anything of it. `Aisha said to her, \"Go back to your masters, and if \nthey agree that I will pay the amount of your writing of emancipation and get your Wala', I will do \nso.\" Barirah informed her masters of that but they refused and said, \"If she (i.e. `Aisha) is seeking \nAllah's reward, then she can do so, but your Wala' will be for us.\" `Aisha mentioned that to Allah's \nApostle who said to her, \"Buy and manumit (free) her, as the Wala' is for the liberator.\" Allah's Messenger (ﷺ) then \ngot up and said, \"What about the people who stipulate conditions which are not present in Allah's \nLaws? Whoever imposes conditions which are not present in Allah's Laws, then those conditions will \nbe invalid, even if he imposed these conditions a hundred times. Allah's conditions (Laws) are the \ntruth and are more solid.\""
      },
      "turkish": {
        "narrator": "Narrated `Urwa:",
        "text": "'Urve rivayet etti: 'Aişe ona, Berire'nin özgürlük belgesini yazması için yardım istemeye geldiğini ve o zaman bunun için hiçbir ödeme yapmadığını söyledi. 'Aişe ona, \"Efendilerine geri dön ve eğer onlar benim özgürlük belgenin bedelini ödememi ve velayetimin senin üzerinde olmasını kabul ederlerse, bunu yaparım.\" dedi. Berire, efendilerine bunu bildirdi ama onlar reddetti ve, \"Eğer o (yani 'Aişe) Allah'ın ödülünü arıyorsa, yapabilir, ama senin velayetinin bizim üzerimizde olacağını kabul edemeyiz.\" dediler. 'Aişe bunu Allah'ın Elçisi'ne iletti, o da ona, \"Satın al ve özgür bırak, çünkü velayet liberatöre aittir.\" dedi. Allah'ın Elçisi (ﷺ) sonra ayağa kalktı ve, \"Allah'ın Kanunlarında mevcut olmayan şartlar koyan insanlar hakkında ne dersiniz? Eğer birisi Allah'ın Kanunlarında mevcut olmayan şartlar koyarsa, o şartlar geçersizdir, hatta bu şartları yüz kez koysa bile. Allah'ın şartları (Kanunları) gerçektir ve daha sağlamdır.\" dedi."
      }
    },
    {
      "id": 3,
      "idInBook": 3,
      "chapterId": 50,
      "bookId": 1,
      "arabic": "حَدَّثَنَا عَبْدُ اللَّهِ بْنُ يُوسُفَ، أَخْبَرَنَا مَالِكٌ، عَنْ نَافِعٍ، عَنْ عَبْدِ اللَّهِ بْنِ عُمَرَ ـ رضى الله عنهما ـ قَالَ أَرَادَتْ عَائِشَةُ أُمُّ الْمُؤْمِنِينَ أَنْ تَشْتَرِيَ جَارِيَةً لِتُعْتِقَهَا، فَقَالَ أَهْلُهَا عَلَى أَنَّ وَلاَءَهَا لَنَا‏.‏ قَالَ رَسُولُ اللَّهِ صلى الله عليه وسلم ‏\n\"‏ لاَ يَمْنَعُكِ ذَلِكِ، فَإِنَّمَا الْوَلاَءُ لِمَنْ أَعْتَقَ ‏\"‏‏.‏",
      "english": {
        "narrator": "Narrated `Abdullah bin `Umar:",
        "text": "Aisha wanted to buy a slave-girl in order to manumit her. The girl's masters stipulated that her Wala' \nwould be for them. Allah's Messenger (ﷺ) said (to `Aisha), \"What they stipulate should not stop you, for the \nWala' is for the liberator.\""
      },
      "turkish": {
        "narrator": "Narrated `Abdullah bin `Umar:",
        "text": "Abdullah bin 'Umar rivayet etti: 'Aişe, bir cariyeyi satın alıp özgür bırakmak istedi. Kızın efendileri, velayetinin kendilerine ait olmasını şart koştu. Allah'ın Elçisi (ﷺ) 'Aişe'ye, \"Onların koyduğu şart seni durdurmasın, çünkü velayet liberatöre aittir.\" dedi."
      }
    },
    {
      "id": 4,
      "idInBook": 4,
      "chapterId": 50,
      "bookId": 1,
      "arabic": "حَدَّثَنَا عُبَيْدُ بْنُ إِسْمَاعِيلَ، حَدَّثَنَا أَبُو أُسَامَةَ، عَنْ هِشَامٍ، عَنْ أَبِيهِ، عَنْ عَائِشَةَ ـ رضى الله عنها ـ قَالَتْ جَاءَتْ بَرِيرَةُ فَقَالَتْ إِنِّي كَاتَبْتُ أَهْلِي عَلَى تِسْعِ أَوَاقٍ، فِي كُلِّ عَامٍ وَقِيَّةٌ، فَأَعِينِينِي‏.‏ فَقَالَتْ عَائِشَةُ إِنْ أَحَبَّ أَهْلُكِ أَنْ أَعُدَّهَا لَهُمْ عَدَّةً وَاحِدَةً، وَأُعْتِقَكِ فَعَلْتُ، وَيَكُونَ وَلاَؤُكِ لِي‏.‏ فَذَهَبَتْ إِلَى أَهْلِهَا، فَأَبَوْا ذَلِكَ عَلَيْهَا، فَقَالَتْ إِنِّي قَدْ عَرَضْتُ ذَلِكَ عَلَيْهِمْ، فَأَبَوْا إِلاَّ أَنْ يَكُونَ الْوَلاَءُ لَهُمْ‏.‏ فَسَمِعَ بِذَلِكَ رَسُولُ اللَّهِ صلى الله عليه وسلم فَسَأَلَنِي فَأَخْبَرْتُهُ، فَقَالَ ‏\"‏ خُذِيهَا، فَأَعْتِقِيهَا، وَاشْتَرِطِي لَهُمُ الْوَلاَءَ، فَإِنَّمَا الْوَلاَءُ لِمَنْ أَعْتَقَ ‏\"‏‏.‏ قَالَتْ عَائِشَةُ فَقَامَ رَسُولُ اللَّهِ صلى الله عليه وسلم فِي النَّاسِ، فَحَمِدَ اللَّهَ، وَأَثْنَى عَلَيْهِ، ثُمَّ قَالَ ‏\"‏ أَمَّا بَعْدُ، فَمَا بَالُ رِجَالٍ مِنْكُمْ يَشْتَرِطُونَ شُرُوطًا لَيْسَتْ فِي كِتَابِ اللَّهِ فَأَيُّمَا شَرْطٍ لَيْسَ فِي كِتَابِ اللَّهِ فَهْوَ بَاطِلٌ، وَإِنْ كَانَ مِائَةَ شَرْطٍ، فَقَضَاءُ اللَّهِ أَحَقُّ، وَشَرْطُ اللَّهِ أَوْثَقُ، مَا بَالُ رِجَالٍ مِنْكُمْ يَقُولُ أَحَدُهُمْ أَعْتِقْ يَا فُلاَنُ وَلِيَ الْوَلاَءُ إِنَّمَا الْوَلاَءُ لِمَنْ أَعْتَقَ ‏\"‏‏.‏",
      "english": {
        "narrator": "Narrated Aisha:",
        "text": "Barirah came (to `Aisha) and said, \"I have made a contract of emancipation with my masters for nine \nUqiyas (of gold) to be paid in yearly installments. Therefore, I seek your help.\" `Aisha said, \"If your \nmasters agree, I will pay them the sum at once and free you on condition that your Wala' will be for \nme.\" Barirah went to her masters but they refused that offer. She (came back) and said, \"I presented to \nthem the offer but they refused, unless the Wala' was for them.\" Allah's Messenger (ﷺ) heard of that and \nasked me about it, and I told him about it. On that he said, \"Buy and manumit her and stipulate that \nthe Wala' should be for you, as Wala' is for the liberator.\" `Aisha added, \"Allah's Messenger (ﷺ) then got up \namongst the people, Glorified and Praised Allah, and said, 'Then after: What about some people who \nimpose conditions which are not present in Allah's Laws? So, any condition which is not present in \nAllah's Laws is invalid even if they were one-hundred conditions. Allah's ordinance is the truth, and \nAllah's condition is stronger and more solid. Why do some men from you say, O so-and-so! manumit \nthe slave but the Wala will be for me? Verily, the Wala is for the liberator.\""
      },
      "turkish": {
        "narrator": "Narrated Aisha:",
        "text": "'Aişe rivayet etti: Berire (Aişe'ye) geldi ve, \"Ben efendilerimle dokuz Ukiye (altın) karşılığında özgürlük sözleşmesi yaptım ve bunu yıllık taksitlerle ödeyeceğim. Bu nedenle, yardımınızı istiyorum.\" dedi. 'Aişe, \"Eğer efendilerin kabul ederse, ben onlara toplam miktarı bir kerede ödeyeceğim ve seni özgür bırakacağım, şartım velayetimin benim üzerimde olmasıdır.\" dedi. Berire efendilerine gitti ama bu teklifi reddettiler. O (geri döndü) ve, \"Onlara teklifi sundum ama kabul etmediler, velayet benim üzerimde olursa kabul ederiz.\" dedi. Allah'ın Elçisi (ﷺ) bunu duydu ve bana sordu, ben de ona durumu anlattım. Bunun üzerine o, \"Satın al ve özgür bırak ve velayetinin senin üzerinde olmasını şart koş.\" dedi, çünkü velayet liberatöre aittir.\" 'Aişe ekledi, \"Allah'ın Elçisi (ﷺ) sonra insanların arasında ayağa kalktı, Allah'ı tesbih etti ve övdü ve, 'Sonra: Allah'ın Kanunlarında mevcut olmayan şartlar koyan bazı insanlar hakkında ne dersiniz? Öyleyse, Allah'ın Kanunlarında mevcut olmayan her şart geçersizdir, hatta bunlar yüz şart bile olsa. Allah'ın hükmü gerçektir ve Allah'ın şartı daha güçlü ve daha sağlamdır. Neden içinizden bazı insanlar, ey falan! köleyi özgür bırak ama velayet benim üzerimde olsun diyor? Şüphesiz ki, velayet liberatöre aittir.\" dedi."
      }
    },
    {
      "id": 5,
      "idInBook": 5,
      "chapterId": 50,
      "bookId": 1,
      "arabic": "حَدَّثَنَا عَبْدُ اللَّهِ بْنُ يُوسُفَ، أَخْبَرَنَا مَالِكٌ، عَنْ يَحْيَى بْنِ سَعِيدٍ، عَنْ عَمْرَةَ بِنْتِ عَبْدِ الرَّحْمَنِ، أَنَّ بَرِيرَةَ، جَاءَتْ تَسْتَعِينُ عَائِشَةَ أُمَّ الْمُؤْمِنِينَ ـ رضى الله عنها ـ فَقَالَتْ لَهَا إِنْ أَحَبَّ أَهْلُكِ أَنْ أَصُبَّ لَهُمْ ثَمَنَكِ صَبَّةً وَاحِدَةً فَأُعْتِقَكِ فَعَلْتُ‏.‏ فَذَكَرَتْ بَرِيرَةُ ذَلِكَ لأَهْلِهَا، فَقَالُوا لاَ‏.‏ إِلاَّ أَنْ يَكُونَ وَلاَؤُكِ لَنَا‏.‏ قَالَ مَالِكٌ قَالَ يَحْيَى فَزَعَمَتْ عَمْرَةُ أَنَّ عَائِشَةَ ذَكَرَتْ ذَلِكَ لِرَسُولِ اللَّهِ صلى الله عليه وسلم فَقَالَ ‏\n\"‏ اشْتَرِيهَا وَأَعْتِقِيهَا، فَإِنَّمَا الْوَلاَءُ لِمَنْ أَعْتَقَ ‏\"‏‏.‏",
      "english": {
        "narrator": "Narrated `Amra bint `Abdur-Rahman:",
        "text": "Barirah went to Aisha, the mother of the faithful believers to seek her help in her emancipation Aisha \nsaid to her, \"If your masters agree, I will pay them your price in a lump sum and manumit (free) you.\" \nBarirah mentioned that offer to her masters but they refused to sell her unless the Wala' was for them. \n`Aisha told Allah's Messenger (ﷺ) about it. He said, \"Buy and manumit her as the Wala' is for the liberator.\""
      },
      "turkish": {
        "narrator": "Narrated `Amra bint `Abdur-Rahman:",
        "text": "'Amra bint 'Abdur-Rahman rivayet etti: Berire, müminlerin annesi 'Aişe'ye özgürlük konusunda yardım istemek için gitti. 'Aişe ona, \"Eğer efendilerin kabul ederse, ben onlara senin bedelini peşin ödeyeceğim ve seni özgür bırakacağım.\" dedi. Berire bu teklifi efendilerine iletti ama onlar, velayet kendilerine ait olmadıkça onu satmayı reddettiler. 'Aişe bunu Allah'ın Elçisi'ne (ﷺ) anlattı. O da, \"Satın al ve özgür bırak, çünkü velayet liberatöre aittir.\" dedi."
      }
    },
    {
      "id": 6,
      "idInBook": 6,
      "chapterId": 50,
      "bookId": 1,
      "arabic": "حَدَّثَنَا أَبُو نُعَيْمٍ، حَدَّثَنَا عَبْدُ الْوَاحِدِ بْنُ أَيْمَنَ، قَالَ حَدَّثَنِي أَبِي أَيْمَنُ، قَالَ دَخَلْتُ عَلَى عَائِشَةَ ـ رضى الله عنها ـ فَقُلْتُ كُنْتُ غُلاَمًا لِعُتْبَةَ بْنِ أَبِي لَهَبٍ، وَمَاتَ وَوَرِثَنِي بَنُوهُ، وَإِنَّهُمْ بَاعُونِي مِنَ ابْنِ أَبِي عَمْرٍو، فَأَعْتَقَنِي ابْنُ أَبِي عَمْرٍو، وَاشْتَرَطَ بَنُو عُتْبَةَ الْوَلاَءَ‏.‏ فَقَالَتْ دَخَلَتْ بَرِيرَةُ وَهْىَ مُكَاتَبَةٌ فَقَالَتِ اشْتَرِينِي وَأَعْتِقِينِي‏.‏ قَالَتْ نَعَمْ‏.‏ قَالَتْ لاَ يَبِيعُونِي حَتَّى يَشْتَرِطُوا وَلاَئِي‏.‏ فَقَالَتْ لاَ حَاجَةَ لِي بِذَلِكَ‏.‏ فَسَمِعَ بِذَلِكَ النَّبِيُّ صلى الله عليه وسلم أَوْ بَلَغَهُ، فَذَكَرَ لِعَائِشَةَ، فَذَكَرَتْ عَائِشَةُ مَا قَالَتْ لَهَا، فَقَالَ ‏\"‏ اشْتَرِيهَا وَأَعْتِقِيهَا، وَدَعِيهِمْ يَشْتَرِطُونَ مَا شَاءُوا ‏\"‏‏.‏ فَاشْتَرَتْهَا عَائِشَةُ فَأَعْتَقَتْهَا وَاشْتَرَطَ أَهْلُهَا الْوَلاَءَ، فَقَالَ النَّبِيُّ صلى الله عليه وسلم ‏\"‏ الْوَلاَءُ لِمَنْ أَعْتَقَ، وَإِنِ اشْتَرَطُوا مِائَةَ شَرْطٍ ‏\"‏‏.‏",
      "english": {
        "narrator": "Narrated `Abdul Wahid bin Aiman:",
        "text": "I went to `Aisha and said, \"I was the slave of `Utba bin Abu Lahab. \"Utba died and his sons became \nmy masters who sold me to Ibn Abu `Amr who manumitted me. The sons of `Utba stipulated that my \nWala' should be for them.\" `Aisha said, \"Barirah came to me and she was given the writing of \nemancipation by her masters and she asked me to buy and manumit her. I agreed to it, but Barirah told \nme that her masters would not sell her unless her Wala' was for them.\" `Aisha said, \"I am not in need \nof that.\" When the Prophet (ﷺ) heard that, or he was told about it, he asked `Aisha about it. `Aisha \nmentioned what Barirah had told her. The Prophet (ﷺ) said, \"Buy and manumit (free) her and let them stipulate \nwhatever they like.\" So, `Aisha bought and manumitted her and her masters stipulated that her Wala' \nshould be for them.\" The Prophet;, said, \"The Wala' will be for the liberator even if they stipulated a \nhundred conditions.\""
      },
      "turkish": {
        "narrator": "Narrated `Abdul Wahid bin Aiman:",
        "text": "'Abdul Wahid bin Eyman rivayet etti: 'Aişe'ye gittim ve, \"Ben 'Utbe bin Ebu Leheb'in kölesiydim. 'Utbe öldü ve oğulları benim efendim oldu ve beni İbn Ebu 'Amr'a sattılar, o da beni özgür bıraktı. 'Utbe'nin oğulları, velayetimin kendilerine ait olmasını şart koştu.\" 'Aişe dedi ki, \"Berire bana geldi ve efendileri tarafından özgürlük belgesi verildi ve beni satın alıp özgür bırakmamı istedi. Ben buna razı oldum ama Berire bana, efendilerinin onu satmayacaklarını, velayetinin kendilerine ait olması şartıyla söyledi.\" 'Aişe, \"Buna ihtiyacım yok.\" dedi. Peygamber (ﷺ) bunu duydu veya ona söylendi, 'Aişe'ye bunun hakkında sordu. 'Aişe, Berire'nin ona söylediklerini aktardı. Peygamber (ﷺ) dedi ki, \"Satın al ve özgür bırak ve onların istedikleri şartları koymalarına izin ver.\" Böylece, 'Aişe onu satın aldı ve özgür bıraktı ve efendileri velayetinin kendilerine ait olmasını şart koştu.\" Peygamber (ﷺ) dedi ki, \"Velayet liberatöre aittir, hatta onlar yüz şart koysalar bile.\""
      }
    }
  ],
  "chapter": {
    "id": 50,
    "bookId": 1,
    "arabic": "كتاب المكاتب",
    "english": "Makaatib"
  }
}