{
  "metadata": {
    "length": 22,
    "arabic": {
      "title": "صحيح البخاري",
      "author": "الإمام محمد بن إسماعيل البخاري",
      "introduction": "كتاب النفقات"
    },
    "english": {
      "title": "Sahih al-Bukhari",
      "author": "Imam Muhammad ibn Ismail al-Bukhari",
      "introduction": "Supporting the Family"
    }
  },
  "hadiths": [
    {
      "id": 1,
      "idInBook": 1,
      "chapterId": 69,
      "bookId": 1,
      "arabic": "حَدَّثَنَا آدَمُ بْنُ أَبِي إِيَاسٍ، حَدَّثَنَا شُعْبَةُ، عَنْ عَدِيِّ بْنِ ثَابِتٍ، قَالَ سَمِعْتُ عَبْدَ اللَّهِ بْنَ يَزِيدَ الأَنْصَارِيَّ، عَنْ أَبِي مَسْعُودٍ الأَنْصَارِيِّ، فَقُلْتُ عَنِ النَّبِيِّ فَقَالَ عَنِ النَّبِيِّ صلى الله عليه وسلم قَالَ ‏\n\"‏ إِذَا أَنْفَقَ الْمُسْلِمُ نَفَقَةً عَلَى أَهْلِهِ وَهْوَ يَحْتَسِبُهَا، كَانَتْ لَهُ صَدَقَةً ‏\"‏‏.‏",
      "english": {
        "narrator": "Narrated Abu Mas`ud Al-Ansari:",
        "text": "The Prophet (ﷺ) said, \"When a Muslim spends something on his family intending to receive Allah's \nreward it is regarded as Sadaqa for him.\""
      },
      "turkish": {
        "narrator": "Narrated Abu Mas`ud Al-Ansari:",
        "text": "Ebu Mes'ud el-Ensari'den rivayet edilmiştir: Peygamber (ﷺ) şöyle buyurdu: \"Bir Müslüman, ailesi için bir şey harcadığında, Allah'ın rızasını kazanmak niyetiyle harcadığında, bu onun için bir sadaka olarak kabul edilir.\""
      }
    },
    {
      "id": 2,
      "idInBook": 2,
      "chapterId": 69,
      "bookId": 1,
      "arabic": "حَدَّثَنَا إِسْمَاعِيلُ، قَالَ حَدَّثَنِي مَالِكٌ، عَنْ أَبِي الزِّنَادِ، عَنِ الأَعْرَجِ، عَنْ أَبِي هُرَيْرَةَ ـ رضى الله عنه ـ أَنَّ رَسُولَ اللَّهِ صلى الله عليه وسلم قَالَ ‏\n\"‏ قَالَ اللَّهُ أَنْفِقْ يَا ابْنَ آدَمَ أُنْفِقْ عَلَيْكَ ‏\"‏‏.‏",
      "english": {
        "narrator": "Narrated Abu Huraira:",
        "text": "Allah's Messenger (ﷺ) said, \"Allah said, 'O son of Adam! Spend, and I shall spend on you.\""
      },
      "turkish": {
        "narrator": "Narrated Abu Huraira:",
        "text": "Ebu Hureyre'den rivayet edilmiştir: Allah'ın Resulü (ﷺ) şöyle buyurdu: \"Allah şöyle dedi: 'Ey Âdem oğlu! Harca, ben de sana harcarım.'\""
      }
    },
    {
      "id": 3,
      "idInBook": 3,
      "chapterId": 69,
      "bookId": 1,
      "arabic": "حَدَّثَنَا يَحْيَى بْنُ قَزَعَةَ، حَدَّثَنَا مَالِكٌ، عَنْ ثَوْرِ بْنِ زَيْدٍ، عَنْ أَبِي الْغَيْثِ، عَنْ أَبِي هُرَيْرَةَ، قَالَ قَالَ النَّبِيُّ صلى الله عليه وسلم ‏\n\"‏ السَّاعِي عَلَى الأَرْمَلَةِ وَالْمِسْكِينِ كَالْمُجَاهِدِ فِي سَبِيلِ اللَّهِ، أَوِ الْقَائِمِ اللَّيْلَ الصَّائِمِ النَّهَارَ ‏\"‏‏.‏",
      "english": {
        "narrator": "Narrated Abu Huraira:",
        "text": "The Prophet (ﷺ) said, \"The one who looks after a widow or a poor person is like a Mujahid (warrior) who \nfights for Allah's Cause, or like him who performs prayers all the night and fasts all the day.\""
      },
      "turkish": {
        "narrator": "Narrated Abu Huraira:",
        "text": "Ebu Hureyre'den rivayet edilmiştir: Peygamber (ﷺ) şöyle buyurdu: \"Bir dul kadına veya bir fakire bakan kimse, Allah yolunda savaşan bir mücahid gibidir ya da gece boyunca namaz kılan ve gündüz boyunca oruç tutan kimse gibidir.\""
      }
    },
    {
      "id": 4,
      "idInBook": 4,
      "chapterId": 69,
      "bookId": 1,
      "arabic": "حَدَّثَنَا مُحَمَّدُ بْنُ كَثِيرٍ، أَخْبَرَنَا سُفْيَانُ، عَنْ سَعْدِ بْنِ إِبْرَاهِيمَ، عَنْ عَامِرِ بْنِ سَعْدٍ، عَنْ سَعْد ٍ ـ رضى الله عنه ـ قَالَ كَانَ النَّبِيُّ صلى الله عليه وسلم يَعُودُنِي وَأَنَا مَرِيضٌ بِمَكَّةَ، فَقُلْتُ لِي مَالٌ أُوصِي بِمَالِي كُلِّهِ قَالَ ‏\"‏ لاَ ‏\"‏‏.‏ قُلْتُ فَالشَّطْرُ قَالَ ‏\"‏ لاَ ‏\"‏‏.‏ قُلْتُ فَالثُّلُثُ قَالَ ‏\"‏ الثُّلُثُ، وَالثُّلُثُ كَثِيرٌ، أَنْ تَدَعَ وَرَثَتَكَ أَغْنِيَاءَ خَيْرٌ مِنْ أَنْ تَدَعَهُمْ عَالَةً، يَتَكَفَّفُونَ النَّاسَ فِي أَيْدِيهِمْ، وَمَهْمَا أَنْفَقْتَ فَهُوَ لَكَ صَدَقَةٌ حَتَّى اللُّقْمَةَ تَرْفَعُهَا فِي فِي امْرَأَتِكَ، وَلَعَلَّ اللَّهَ يَرْفَعُكَ، يَنْتَفِعُ بِكَ نَاسٌ وَيُضَرُّ بِكَ آخَرُونَ ‏\"‏‏.‏",
      "english": {
        "narrator": "Narrated Sa`d:",
        "text": "The Prophet (ﷺ) visited me at Mecca while I was ill. I said (to him), \"I have property; May I bequeath all \nmy property in Allah's Cause?\" He said, \"No.\" I said, \"Half of it?\" He said, \"No.\" I said, \"One third of \nit?\" He said, \"One-third (is alright), yet it is still too much, for you'd better leave your inheritors \nwealthy than leave them poor, begging of others. Whatever you spend will be considered a Sadaqa for \nyou, even the mouthful of food you put in the mouth of your wife. Anyhow Allah may let you recover, \nso that some people may benefit by you and others be harmed by you.\""
      },
      "turkish": {
        "narrator": "Narrated Sa`d:",
        "text": "Sa'd'dan rivayet edilmiştir: Peygamber (ﷺ) Mekke'de hastayken beni ziyaret etti. Ben ona dedim: \"Mülküm var; Allah yolunda tüm mülkümü vasiyet edebilir miyim?\" O da: \"Hayır.\" dedi. Ben: \"Yarısını mı?\" dedim. O: \"Hayır.\" dedi. Ben: \"Üçte birini mi?\" dedim. O: \"Üçte biri (tamamdır), ama yine de çok, çünkü mirasçılarını zengin bırakman, onları fakir bırakmaktan daha iyidir. Harcadığın her şey senin için bir sadaka olarak kabul edilir, hatta eşinin ağzına koyduğun lokma bile. Her neyse, Allah seni iyileştirebilir, böylece bazı insanlar senden faydalanır ve bazıları da senden zarar görebilir.\""
      }
    },
    {
      "id": 5,
      "idInBook": 5,
      "chapterId": 69,
      "bookId": 1,
      "arabic": "حَدَّثَنَا عُمَرُ بْنُ حَفْصٍ، حَدَّثَنَا أَبِي، حَدَّثَنَا الأَعْمَشُ، حَدَّثَنَا أَبُو صَالِحٍ، قَالَ حَدَّثَنِي أَبُو هُرَيْرَةَ ـ رضى الله عنه ـ قَالَ قَالَ النَّبِيُّ صلى الله عليه وسلم ‏\n\"‏ أَفْضَلُ الصَّدَقَةِ مَا تَرَكَ غِنًى، وَالْيَدُ الْعُلْيَا خَيْرٌ مِنَ الْيَدِ السُّفْلَى، وَابْدَأْ بِمَنْ تَعُولُ ‏\"‏‏.‏ تَقُولُ الْمَرْأَةُ إِمَّا أَنْ تُطْعِمَنِي وَإِمَّا أَنْ تُطَلِّقَنِي‏.‏ وَيَقُولُ الْعَبْدُ أَطْعِمْنِي وَاسْتَعْمِلْنِي‏.‏ وَيَقُولُ الاِبْنُ أَطْعِمْنِي، إِلَى مَنْ تَدَعُنِي فَقَالُوا يَا أَبَا هُرَيْرَةَ سَمِعْتَ هَذَا مِنْ رَسُولِ اللَّهِ صلى الله عليه وسلم‏.‏ قَالَ لاَ هَذَا مِنْ كِيسِ أَبِي هُرَيْرَةَ‏.‏",
      "english": {
        "narrator": "Narrated Abu Huraira:",
        "text": "\"The Prophet (ﷺ) said, 'The best alms is that which is given when one is rich, and a giving hand is better \nthan a taking one, and you should start first to support your dependents.' A wife says, 'You should \neither provide me with food or divorce me.' A slave says, 'Give me food and enjoy my service.\" A son \nsays, \"Give me food; to whom do you leave me?\" The people said, \"O Abu Huraira! Did you hear that \nfrom Allah's Messenger (ﷺ) ?\" He said, \"No, it is from my own self.\""
      },
      "turkish": {
        "narrator": "Narrated Abu Huraira:",
        "text": "Ebu Hureyre'den rivayet edilmiştir: \"Peygamber (ﷺ) şöyle buyurdu: 'En iyi sadaka, kişinin zengin olduğu zaman verdiği sadakadır ve veren el, alan elden daha hayırlıdır. Öncelikle bakmakla yükümlü olduğun kimseleri desteklemeye başlamalısın.' Bir kadın şöyle der: 'Ya bana yiyecek ver ya da boşan.' Bir köle der: 'Bana yiyecek ver ve hizmetimden faydalan.' Bir oğul der: 'Bana yiyecek ver; beni kime bırakıyorsun?' İnsanlar dediler: 'Ey Ebu Hureyre! Bunu Allah'ın Resulü (ﷺ) den duydun mu?' O da: 'Hayır, bu kendi sözlerimdir.'\""
      }
    },
    {
      "id": 6,
      "idInBook": 6,
      "chapterId": 69,
      "bookId": 1,
      "arabic": "حَدَّثَنَا سَعِيدُ بْنُ عُفَيْرٍ، قَالَ حَدَّثَنِي اللَّيْثُ، قَالَ حَدَّثَنِي عَبْدُ الرَّحْمَنِ بْنُ خَالِدِ بْنِ مُسَافِرٍ، عَنِ ابْنِ شِهَابٍ، عَنِ ابْنِ الْمُسَيَّبِ، عَنْ أَبِي هُرَيْرَةَ، أَنَّ رَسُولَ اللَّهِ صلى الله عليه وسلم قَالَ ‏\n\"‏ خَيْرُ الصَّدَقَةِ مَا كَانَ عَنْ ظَهْرِ غِنًى، وَابْدَأْ بِمَنْ تَعُولُ ‏\"‏‏.‏",
      "english": {
        "narrator": "Narrated Abu Huraira:",
        "text": "Allah's Messenger (ﷺ) said, \"The best alms is that which you give when you are rich, and you should start \nfirst to support your dependants.\""
      },
      "turkish": {
        "narrator": "Narrated Abu Huraira:",
        "text": "Ebu Hureyre'den rivayet edilmiştir: Allah'ın Resulü (ﷺ) şöyle buyurdu: \"En iyi sadaka, zengin olduğun zaman verdiğin sadakadır ve öncelikle bakmakla yükümlü olduğun kimseleri desteklemeye başlamalısın.\""
      }
    },
    {
      "id": 7,
      "idInBook": 7,
      "chapterId": 69,
      "bookId": 1,
      "arabic": "حَدَّثَنِي مُحَمَّدُ بْنُ سَلاَمٍ، أَخْبَرَنَا وَكِيعٌ، عَنِ ابْنِ عُيَيْنَةَ، قَالَ قَالَ لِي مَعْمَرٌ قَالَ لِي الثَّوْرِيُّ هَلْ سَمِعْتَ فِي الرَّجُلِ يَجْمَعُ لأَهْلِهِ قُوتَ سَنَتِهِمْ أَوْ بَعْضِ السَّنَةِ قَالَ مَعْمَرٌ فَلَمْ يَحْضُرْنِي، ثُمَّ ذَكَرْتُ حَدِيثًا حَدَّثَنَاهُ ابْنُ شِهَابٍ الزُّهْرِيُّ عَنْ مَالِكِ بْنِ أَوْسٍ عَنْ عُمَرَ ـ رضى الله عنه ـ أَنَّ النَّبِيَّ صلى الله عليه وسلم كَانَ يَبِيعُ نَخْلَ بَنِي النَّضِيرِ، وَيَحْبِسُ لأَهْلِهِ قُوتَ سَنَتِهِمْ‏.‏",
      "english": {
        "narrator": "Narrated `Umar:",
        "text": "The Prophet (ﷺ) used to sell the dates of the garden of Bani An-Nadir and store for his family so much \nfood as would cover their needs for a whole year."
      },
      "turkish": {
        "narrator": "Narrated `Umar:",
        "text": "Ömer'den rivayet edilmiştir: Peygamber (ﷺ) Beni Nadir bahçesinin hurmalarını satardı ve ailesi için bir yıl boyunca ihtiyaçlarını karşılayacak kadar yiyecek depolardı."
      }
    },
    {
      "id": 8,
      "idInBook": 8,
      "chapterId": 69,
      "bookId": 1,
      "arabic": "حَدَّثَنَا سَعِيدُ بْنُ عُفَيْرٍ، قَالَ حَدَّثَنِي اللَّيْثُ، قَالَ حَدَّثَنِي عُقَيْلٌ، عَنِ ابْنِ شِهَابٍ، قَالَ أَخْبَرَنِي مَالِكُ بْنُ أَوْسِ بْنِ الْحَدَثَانِ، وَكَانَ، مُحَمَّدُ بْنُ جُبَيْرِ بْنِ مُطْعِمٍ ذَكَرَ لِي ذِكْرًا مِنْ حَدِيثِهِ، فَانْطَلَقْتُ حَتَّى دَخَلْتُ عَلَى مَالِكِ بْنِ أَوْسٍ فَسَأَلْتُهُ فَقَالَ مَالِكٌ انْطَلَقْتُ حَتَّى أَدْخُلَ عَلَى عُمَرَ، إِذْ أَتَاهُ حَاجِبُهُ يَرْفَا فَقَالَ هَلْ لَكَ فِي عُثْمَانَ وَعَبْدِ الرَّحْمَنِ وَالزُّبَيْرِ وَسَعْدٍ يَسْتَأْذِنُونَ قَالَ نَعَمْ‏.‏ فَأَذِنَ لَهُمْ ـ قَالَ ـ فَدَخَلُوا وَسَلَّمُوا فَجَلَسُوا، ثُمَّ لَبِثَ يَرْفَا قَلِيلاً فَقَالَ لِعُمَرَ هَلْ لَكَ فِي عَلِيٍّ وَعَبَّاسٍ قَالَ نَعَمْ‏.‏ فَأَذِنَ لَهُمَا، فَلَمَّا دَخَلاَ سَلَّمَا وَجَلَسَا، فَقَالَ عَبَّاسٌ يَا أَمِيرَ الْمُؤْمِنِينَ اقْضِ بَيْنِي وَبَيْنَ هَذَا‏.‏ فَقَالَ الرَّهْطُ عُثْمَانُ وَأَصْحَابُهُ يَا أَمِيرَ الْمُؤْمِنِينَ اقْضِ بَيْنَهُمَا، وَأَرِحْ أَحَدَهُمَا مِنَ الآخَرِ‏.‏ فَقَالَ عُمَرُ اتَّئِدُوا أَنْشُدُكُمْ بِاللَّهِ الَّذِي بِهِ تَقُومُ السَّمَاءُ وَالأَرْضُ، هَلْ تَعْلَمُونَ أَنَّ رَسُولَ اللَّهِ صلى الله عليه وسلم قَالَ ‏\"‏ لاَ نُورَثُ مَا تَرَكْنَا صَدَقَةٌ ‏\"‏‏.‏ يُرِيدُ رَسُولُ اللَّهِ صلى الله عليه وسلم نَفْسَهُ‏.‏ قَالَ الرَّهْطُ قَدْ قَالَ ذَلِكَ‏.‏ فَأَقْبَلَ عُمَرُ عَلَى عَلِيٍّ وَعَبَّاسٍ فَقَالَ أَنْشُدُكُمَا بِاللَّهِ هَلْ تَعْلَمَانِ أَنَّ رَسُولَ اللَّهِ صلى الله عليه وسلم قَالَ ذَلِكَ قَالاَ قَدْ قَالَ ذَلِكَ‏.‏ قَالَ عُمَرُ فَإِنِّي أُحَدِّثُكُمْ عَنْ هَذَا الأَمْرِ، إِنَّ اللَّهَ كَانَ خَصَّ رَسُولَهُ صلى الله عليه وسلم فِي هَذَا الْمَالِ بِشَىْءٍ لَمْ يُعْطِهِ أَحَدًا غَيْرَهُ، قَالَ اللَّهُ ‏{‏مَا أَفَاءَ اللَّهُ عَلَى رَسُولِهِ مِنْهُمْ فَمَا أَوْجَفْتُمْ عَلَيْهِ مِنْ خَيْلٍ‏}‏ إِلَى قَوْلِهِ ‏{‏قَدِيرٌ‏}‏‏.‏ فَكَانَتْ هَذِهِ خَالِصَةً لِرَسُولِ اللَّهِ صلى الله عليه وسلم وَاللَّهِ مَا احْتَازَهَا دُونَكُمْ وَلاَ اسْتَأْثَرَ بِهَا عَلَيْكُمْ، لَقَدْ أَعْطَاكُمُوهَا وَبَثَّهَا فِيكُمْ، حَتَّى بَقِيَ مِنْهَا هَذَا الْمَالُ، فَكَانَ رَسُولُ اللَّهِ صلى الله عليه وسلم يُنْفِقُ عَلَى أَهْلِهِ نَفَقَةَ سَنَتِهِمْ مِنْ هَذَا الْمَالِ، ثُمَّ يَأْخُذُ مَا بَقِيَ، فَيَجْعَلُهُ مَجْعَلَ مَالِ اللَّهِ، فَعَمِلَ بِذَلِكَ رَسُولُ اللَّهِ صلى الله عليه وسلم حَيَاتَهُ، أَنْشُدُكُمْ بِاللَّهِ، هَلْ تَعْلَمُونَ ذَلِكَ قَالُوا نَعَمْ‏.‏ قَالَ لِعَلِيٍّ وَعَبَّاسٍ أَنْشُدُكُمَا بِاللَّهِ هَلْ تَعْلَمَانِ ذَلِكَ قَالاَ نَعَمْ‏.‏ ثُمَّ تَوَفَّى اللَّهُ نَبِيَّهُ صلى الله عليه وسلم فَقَالَ أَبُو بَكْرٍ أَنَا وَلِيُّ رَسُولِ اللَّهِ صلى الله عليه وسلم فَقَبَضَهَا أَبُو بَكْرٍ يَعْمَلُ فِيهَا بِمَا عَمِلَ بِهِ فِيهَا رَسُولُ اللَّهِ صلى الله عليه وسلم وَأَنْتُمَا حِينَئِذٍ ـ وَأَقْبَلَ عَلَى عَلِيٍّ وَعَبَّاسٍ ـ تَزْعُمَانِ أَنَّ أَبَا بَكْرٍ كَذَا وَكَذَا، وَاللَّهُ يَعْلَمُ أَنَّهُ فِيهَا صَادِقٌ بَارٌّ رَاشِدٌ تَابِعٌ لِلْحَقِّ، ثُمَّ تَوَفَّى اللَّهُ أَبَا بَكْرٍ فَقُلْتُ أَنَا وَلِيُّ رَسُولِ اللَّهِ صلى الله عليه وسلم وَأَبِي بَكْرٍ، فَقَبَضْتُهَا سَنَتَيْنِ أَعْمَلُ فِيهَا بِمَا عَمِلَ رَسُولُ اللَّهِ صلى الله عليه وسلم وَأَبُو بَكْرٍ، ثُمَّ جِئْتُمَانِي وَكَلِمَتُكُمَا وَاحِدَةٌ وَأَمْرُكُمَا جَمِيعٌ، جِئْتَنِي تَسْأَلُنِي نَصِيبَكَ مِنِ ابْنِ أَخِيكَ، وَأَتَى هَذَا يَسْأَلُنِي نَصِيبَ امْرَأَتِهِ مِنْ أَبِيهَا، فَقُلْتُ إِنْ شِئْتُمَا دَفَعْتُهُ إِلَيْكُمَا عَلَى أَنَّ عَلَيْكُمَا عَهْدَ اللَّهِ وَمِيثَاقَهُ لَتَعْمَلاَنِ فِيهَا بِمَا عَمِلَ بِهِ رَسُولُ اللَّهِ صلى الله عليه وسلم وَبِمَا عَمِلَ بِهِ فِيهَا أَبُو بَكْرٍ، وَبِمَا عَمِلْتُ بِهِ فِيهَا، مُنْذُ وُلِّيتُهَا، وَإِلاَّ فَلاَ تُكَلِّمَانِي فِيهَا فَقُلْتُمَا ادْفَعْهَا إِلَيْنَا بِذَلِكَ‏.‏ فَدَفَعْتُهَا إِلَيْكُمَا بِذَلِكَ، أَنْشُدُكُمْ بِاللَّهِ هَلْ دَفَعْتُهَا إِلَيْهِمَا بِذَلِكَ فَقَالَ الرَّهْطُ نَعَمْ‏.‏ قَالَ فَأَقْبَلَ عَلَى عَلِيٍّ وَعَبَّاسٍ فَقَالَ أَنْشُدُكُمَا بِاللَّهِ هَلْ دَفَعْتُهَا إِلَيْكُمَا بِذَلِكَ قَالاَ نَعَمْ‏.‏ قَالَ أَفَتَلْتَمِسَانِ مِنِّي قَضَاءً غَيْرَ ذَلِكَ، فَوَالَّذِي بِإِذْنِهِ تَقُومُ السَّمَاءُ وَالأَرْضُ لاَ أَقْضِي فِيهَا قَضَاءً غَيْرَ ذَلِكَ، حَتَّى تَقُومَ السَّاعَةُ، فَإِنْ عَجَزْتُمَا عَنْهَا فَادْفَعَاهَا فَأَنَا أَكْفِيكُمَاهَا‏.‏",
      "english": {
        "narrator": "Narrated Malik bin Aus bin Al-Hadathan:",
        "text": "Once I set out to visit `Umar (bin Al-Khattab). (While I was sitting there with him his gate-keeper, \nYarfa, came and said, \"Uthman `AbdurRahman (bin `Auf), Az-Zubair and Sa`d (bin Abi Waqqas) are \nseeking permission (to meet you).\" `Umar said, \"Yes. So he admitted them and they entered, greeted, \nand sat down. After a short while Yarfa came again and said to `Umar 'Shall I admit `Ali and \n`Abbas?\" `Umar said, \"Yes.\" He admitted them and when they entered, they greeted and sat down. \n`Abbas said, \"O Chief of the Believers! Judge between me and this (`Ali).\" The group, `Uthman and \nhis companions Sa`d, 'O Chief of the Believers! Judge between them and relieve one from the other.\" \n`Umar said. Wait! I beseech you by Allah, by Whose permission both the Heaven and the Earth stand \nfast ! Do you know that Allah's Messenger (ﷺ) said. 'We (Apostles) do not bequeath anything to our heirs, \nbut whatever we leave is to be given in charity.' And by that Allah's Messenger (ﷺ)s meant himself?\" The \ngroup said, \"He did say so.\" `Umar then turned towards 'All and `Abbas and said. \"I beseech you both \nby Allah, do you know that Allah's Messenger (ﷺ) said that?\" They said, 'Yes \" \n`Umar said, \"Now, let me talk to you about this matter. Allah favored His Apostle with something of \nthis property (war booty) which He did not give to anybody else. And Allah said:-- 'And what Allah \nhas bestowed on His Apostle (as Fai Booty) from them for which you made no expedition with either \ncavalry or camelry . . . Allah is Able to do all things.' (59.6) So this property was especially granted to \nAllah's Messenger (ﷺ). But by Allah he neither withheld it from you, nor did he keep it for himself and \ndeprive you of it, but he gave it all to you and distributed it among you till only this remained out of it. \nAnd out of this property Allah's Messenger (ﷺ) used to provide his family with their yearly needs, and \nwhatever remained, he would spend where Allah's Property (the revenues of Zakat) used to be spent. \nAllah's Messenger (ﷺ) kept on acting like this throughout his lifetime. Now I beseech you by Allah, do you \nknow that?\" \nThey said, \"Yes.\" \nThen `Umar said to `Ali and `Abbas, \"I beseech you by Allah, do you both know that?\" They said, \n\"Yes.\" \n`Umar added, \"When Allah had taken His Apostle unto Him, Abu Bakr said, 'I am the successor of \nAllah's Messenger (ﷺ). So he took charge of that property and did with it the same what Allah's Messenger (ﷺ) used \nto do, and both of you knew all about it then.\" \nThen `Umar turned towards `Ali and `Abbas and said, \"You both claim that Abu- Bakr was so-and-so! \nBut Allah knows that he was honest, sincere, pious and right (in that matter). \nThen Allah caused Abu Bakr to die, and I said, 'I am the successor of Allah's Messenger (ﷺ) and Abu Bakr.' \nSo I kept this property in my possession for the first two years of my rule, and I used to do the same \nwith it as Allah's Messenger (ﷺ) and Abu Bakr used to do. Later both of you (`Ali and `Abbas) came to me \nwith the same claim and the same problem. (O `Abbas!) You came to me demanding your share from \n(the inheritance of) the son of your brother, and he (`Ali) came to me demanding his wives share from \n(the inheritance of) her father. \nSo I said to you, 'If you wish I will hand over this property to you, on condition that you both promise \nme before Allah that you will manage it in the same way as Allah's Messenger (ﷺ) and Abu Bakr did, and as \nI have done since the beginning of my rule; otherwise you should not speak to me about it.' So you \nboth said, 'Hand over this property to us on this condition.' And on this condition I handed it over to \nyou. \nI beseech you by Allah, did I hand it over to them on that condition?\" The group said, \"Yes.\" \n`Umar then faced `Ali and `Abbas and said, \"I beseech you both by Allah, did I hand it over to you \nboth on that condition?\" They both said, \"Yes.\" \n`Umar added, \"Do you want me now to give a decision other than that? By Him with Whose \npermission (order) both the Heaven and the Earth stand fast, I will never give any decision other than \nthat till the Hour is established! But if you are unable to manage it (that property), then return it to me \nand I will be sufficient for it on your behalf . \""
      },
      "turkish": {
        "narrator": "Narrated Malik bin Aus bin Al-Hadathan:",
        "text": "Malik bin Avs bin Hadathan'dan rivayet edilmiştir: Bir gün Ömer (bin Hattab)ı ziyaret etmek üzere yola çıktım. (Onunla otururken) kapıcısı Yarfa geldi ve \"Osman Abdurrahman (bin Avf), Zübeyir ve Sa'd (bin Ebi Vakkas) seni görmek istiyorlar.\" dedi. Ömer: \"Evet.\" dedi. Onları içeri aldı, selam verdiler ve oturdular. Kısa bir süre sonra Yarfa tekrar geldi ve Ömer'e \"Ali ve Abbas'ı içeri alayım mı?\" dedi. Ömer: \"Evet.\" dedi. Onları içeri aldı ve içeri girdiklerinde selam verdiler ve oturdular. Abbas: \"Ey Müminlerin Emiri! Benimle bu (Ali) arasında hüküm ver.\" dedi. Grup, Osman ve arkadaşları Sa'd: \"Ey Müminlerin Emiri! Onlar arasında hüküm ver ve birini diğerinden kurtar.\" dediler. Ömer: \"Bekleyin! Allah'a yemin ederim ki, hem göklerin hem de yerin durduğu Allah'ın izniyle! Allah'ın Resulü (ﷺ) şöyle dedi: 'Biz (Peygamberler) miras bırakmayız, ama geride bıraktığımız her şey sadaka olarak verilmelidir.' Ve Allah'ın Resulü (ﷺ) kendisini kastetmiştir.\" Grup: \"Evet, bunu söyledi.\" dedi. Ömer, Ali ve Abbas'a döndü ve: \"Allah'a yemin ederim ki, Allah'ın Resulü (ﷺ) bunu söyledi mi?\" dediklerinde: \"Evet.\" dediler. Ömer: \"Şimdi, bu mesele hakkında sizinle konuşmak istiyorum. Allah, Peygamberine bu mülkten bir şey bahşetti ki, bunu kimseye vermedi. Ve Allah şöyle dedi: 'Ve Allah'ın Peygamberine (ganimet olarak) verdiği şey, sizin ne atlı ne de yaya olarak bir sefere çıkmadığınız şeydir... Allah her şeye kadirdir.' (59.6) Bu mülk, özellikle Allah'ın Resulü (ﷺ) için verilmiştir. Ama Allah'a yemin ederim ki, ne sizden bunu sakladı ne de kendisi için tuttu ve sizden mahrum bıraktı, ama hepsini size verdi ve aranızda paylaştırdı, geriye sadece bu kaldı. Ve bu mülkten Allah'ın Resulü (ﷺ) ailesinin yıllık ihtiyaçlarını karşılardı ve geriye kalan her şeyi, Allah'ın mülkü (zekat gelirleri) harcanırdı. Allah'ın Resulü (ﷺ) hayatı boyunca böyle davrandı. Şimdi Allah'a yemin ederim ki, bunu biliyor musunuz?\" dediler: \"Evet.\" Sonra Ömer, Ali ve Abbas'a: \"Allah'a yemin ederim ki, siz de bunu biliyor musunuz?\" dediler: \"Evet.\" Ömer ekledi: \"Allah, Peygamberini kendisine aldığında, Ebu Bekir: 'Ben Allah'ın Resulü (ﷺ) halifesiyim.' dedi. Böylece o mülkü üstlendi ve Allah'ın Resulü (ﷺ) gibi yaptı ve siz de bunu biliyordunuz.\" Sonra Ömer, Ali ve Abbas'a döndü ve: \"Siz ikiniz de Ebu Bekir'in böyle olduğunu iddia ediyorsunuz! Ama Allah biliyor ki, o dürüst, samimi, takvalı ve haklıydı. Sonra Allah, Ebu Bekir'i vefat ettirdi ve ben: 'Ben Allah'ın Resulü (ﷺ) ve Ebu Bekir'in halifesiyim.' dedim. Bu mülkü ilk iki yıl yönetimimde tuttum ve Allah'ın Resulü (ﷺ) ve Ebu Bekir'in yaptığı gibi yaptım. Daha sonra siz ikiniz (Ali ve Abbas) aynı iddiayla ve aynı sorunla bana geldiniz. (Ey Abbas!) Sen bana kardeşinin oğlunun mirasından payını talep ettin, o da (Ali) babasının mirasından eşinin payını talep etti. Ben de size: 'İsterseniz bu mülkü size teslim ederim, şartla ki Allah'a yemin ederek bana söz verin ki, bunu Allah'ın Resulü (ﷺ) ve Ebu Bekir gibi yöneteceksiniz ve benim yönetimimin başından beri yaptığım gibi; aksi takdirde bu konuda benimle konuşmayın.' dedim. Siz de: 'Bu şartla bize teslim et.' dediniz. Ve ben de bu şartla size teslim ettim. Allah'a yemin ederim ki, bunu o şartla onlara teslim ettim mi?\" Grup: \"Evet.\" dedi. Ömer, Ali ve Abbas'a döndü ve: \"Allah'a yemin ederim ki, bunu o şartla size teslim ettim mi?\" dediler: \"Evet.\" Ömer ekledi: \"Şimdi bana başka bir karar vermemi ister misiniz? O'na ki, hem göklerin hem de yerin durduğu Allah'ın izniyle, ben asla başka bir karar vermeyeceğim, kıyamet kopana kadar! Ama eğer bunu yönetemiyorsanız, o mülkü bana geri verin, ben sizin adınıza bununla yetinirim.\""
      }
    },
    {
      "id": 9,
      "idInBook": 9,
      "chapterId": 69,
      "bookId": 1,
      "arabic": "حَدَّثَنَا ابْنُ مُقَاتِلٍ، أَخْبَرَنَا عَبْدُ اللَّهِ، أَخْبَرَنَا يُونُسُ، عَنِ ابْنِ شِهَابٍ، أَخْبَرَنِي عُرْوَةُ، أَنَّ عَائِشَةَ ـ رضى الله عنها ـ قَالَتْ جَاءَتْ هِنْدُ بِنْتُ عُتْبَةَ فَقَالَتْ يَا رَسُولَ اللَّهِ إِنَّ أَبَا سُفْيَانَ رَجُلٌ مِسِّيكٌ، فَهَلْ عَلَىَّ حَرَجٌ أَنْ أُطْعِمَ مِنَ الَّذِي لَهُ عِيَالَنَا قَالَ ‏\n\"‏ لاَ إِلاَّ بِالْمَعْرُوفِ ‏\"‏‏.‏",
      "english": {
        "narrator": "Narrated `Aisha:",
        "text": "Hind bint `Utba came and said, \"O Allah's Messenger (ﷺ)! Abu Sufyan is a miser so is it sinful of me to feed \nour children from his property?\" Allah's Messenger (ﷺ) said, \"No except if you take for your needs what is \njust and reasonable. \""
      },
      "turkish": {
        "narrator": "Narrated `Aisha:",
        "text": "Aişe'den rivayet edilmiştir: Hind bint Utbe geldi ve dedi ki: \"Ey Allah'ın Resulü (ﷺ)! Ebu Süfyan cimri, onun malından çocuklarımıza yemek vermek günah mı?\" Allah'ın Resulü (ﷺ) dedi ki: \"Hayır, ihtiyaçların için makul ve adil olanı almadıkça.\""
      }
    },
    {
      "id": 10,
      "idInBook": 10,
      "chapterId": 69,
      "bookId": 1,
      "arabic": "حَدَّثَنَا يَحْيَى، حَدَّثَنَا عَبْدُ الرَّزَّاقِ، عَنْ مَعْمَرٍ، عَنْ هَمَّامٍ، قَالَ سَمِعْتُ أَبَا هُرَيْرَةَ ـ رضى الله عنه ـ عَنِ النَّبِيِّ صلى الله عليه وسلم قَالَ ‏\n\"‏ إِذَا أَنْفَقَتِ الْمَرْأَةُ مِنْ كَسْبِ زَوْجِهَا عَنْ غَيْرِ أَمْرِهِ فَلَهُ نِصْفُ أَجْرِهِ ‏\"‏‏.‏",
      "english": {
        "narrator": "Narrated Abu Huraira:",
        "text": "The Prophet (ﷺ) said, \"If the wife gives of her husband's property (something in charity) without his \npermission, he will get half the reward.\""
      },
      "turkish": {
        "narrator": "Narrated Abu Huraira:",
        "text": "Ebu Hureyre'den rivayet edilmiştir: Peygamber (ﷺ) şöyle buyurdu: \"Eğer bir kadın, kocasının malından (bir şey) onun izni olmadan sadaka verirse, kocası yarı ödül alır.\""
      }
    },
    {
      "id": 11,
      "idInBook": 11,
      "chapterId": 69,
      "bookId": 1,
      "arabic": "حَدَّثَنَا مُسَدَّدٌ، حَدَّثَنَا يَحْيَى، عَنْ شُعْبَةَ، قَالَ حَدَّثَنِي الْحَكَمُ، عَنِ ابْنِ أَبِي لَيْلَى، حَدَّثَنَا عَلِيٌّ، أَنَّ فَاطِمَةَ ـ عَلَيْهِمَا السَّلاَمُ ـ أَتَتِ النَّبِيَّ صلى الله عليه وسلم تَشْكُو إِلَيْهِ مَا تَلْقَى فِي يَدِهَا مِنَ الرَّحَى، وَبَلَغَهَا أَنَّهُ جَاءَهُ رَقِيقٌ فَلَمْ تُصَادِفْهُ، فَذَكَرَتْ ذَلِكَ لِعَائِشَةَ، فَلَمَّا جَاءَ أَخْبَرَتْهُ عَائِشَةُ ـ قَالَ ـ فَجَاءَنَا وَقَدْ أَخَذْنَا مَضَاجِعَنَا، فَذَهَبْنَا نَقُومُ فَقَالَ ‏\"‏ عَلَى مَكَانِكُمَا ‏\"‏‏.‏ فَجَاءَ فَقَعَدَ بَيْنِي وَبَيْنَهَا حَتَّى وَجَدْتُ بَرْدَ قَدَمَيْهِ عَلَى بَطْنِي فَقَالَ ‏\"‏ أَلاَ أَدُلُّكُمَا عَلَى خَيْرٍ مِمَّا سَأَلْتُمَا، إِذَا أَخَذْتُمَا مَضَاجِعَكُمَا ـ أَوْ أَوَيْتُمَا إِلَى فِرَاشِكُمَا ـ فَسَبِّحَا ثَلاَثًا وَثَلاَثِينَ، وَاحْمَدَا ثَلاَثًا وَثَلاَثِينَ، وَكَبِّرَا أَرْبَعًا وَثَلاَثِينَ، فَهْوَ خَيْرٌ لَكُمَا مِنْ خَادِمٍ ‏\"‏‏.‏",
      "english": {
        "narrator": "Narrated `Ali:",
        "text": "Fatima went to the Prophet (ﷺ) complaining about the bad effect of the stone hand-mill on her hand. She \nheard that the Prophet (ﷺ) had received a few slave girls. But (when she came there) she did not find him, \nso she mentioned her problem to `Aisha. When the Prophet (ﷺ) came, `Aisha informed him about that. \n`Ali added, \"So the Prophet (ﷺ) came to us when we had gone to bed. We wanted to get up (on his arrival) \nbut he said, 'Stay where you are.\" Then he came and sat between me and her and I felt the coldness of \nhis feet on my `Abdomen. He said, \"Shall I direct you to something better than what you have \nrequested? When you go to bed say 'Subhan Allah' thirty-three times, 'Al hamduli l-lah' thirty three \ntimes, and Allahu Akbar' thirty four times, for that is better for you than a servant.\""
      },
      "turkish": {
        "narrator": "Narrated `Ali:",
        "text": "Ali'den rivayet edilmiştir: Fatıma, Peygamber (ﷺ)'e taş değirmenin elindeki kötü etkisinden şikayet ederek gitti. Peygamber (ﷺ)'in birkaç cariye aldığına dair bir şeyler duymuştu. Ama (oraya gittiğinde) onu bulamadı, bu yüzden sorununu Aişe'ye anlattı. Peygamber (ﷺ) geldiğinde Aişe ona bunu bildirdi. Ali ekledi: \"Peygamber (ﷺ) bize geldiğinde biz yatmıştık. Onun gelişiyle kalkmak istedik ama o: 'Olduğunuz yerde kalın.' dedi. Sonra geldi ve benimle onun arasında oturdu ve ayaklarının soğukluğunu karnımda hissettim. O: 'Sizlere istediğinizden daha hayırlı bir şey göstereyim mi? Yatarken 'Subhan Allah'ı otuz üç kez, 'Elhamdülillah'ı otuz üç kez ve 'Allahu Ekber'i otuz dört kez söyleyin, çünkü bu size bir hizmetçiden daha hayırlıdır.' dedi.\""
      }
    },
    {
      "id": 12,
      "idInBook": 12,
      "chapterId": 69,
      "bookId": 1,
      "arabic": "حَدَّثَنَا الْحُمَيْدِيُّ، حَدَّثَنَا سُفْيَانُ، حَدَّثَنَا عُبَيْدُ اللَّهِ بْنُ أَبِي يَزِيدَ، سَمِعَ مُجَاهِدًا، سَمِعْتُ عَبْدَ الرَّحْمَنِ بْنَ أَبِي لَيْلَى، يُحَدِّثُ عَنْ عَلِيِّ بْنِ أَبِي طَالِبٍ، أَنَّ فَاطِمَةَ ـ عَلَيْهَا السَّلاَمُ ـ أَتَتِ النَّبِيَّ صلى الله عليه وسلم تَسْأَلُهُ خَادِمًا فَقَالَ ‏\n\"‏ أَلاَ أُخْبِرُكِ مَا هُوَ خَيْرٌ لَكِ مِنْهُ، تُسَبِّحِينَ اللَّهَ عِنْدَ مَنَامِكِ ثَلاَثًا وَثَلاَثِينَ، وَتَحْمَدِينَ اللَّهَ ثَلاَثًا وَثَلاَثِينَ، وَتُكَبِّرِينَ اللَّهَ أَرْبَعًا وَثَلاَثِينَ ‏\"‏‏.‏ ـ ثُمَّ قَالَ سُفْيَانُ إِحْدَاهُنَّ أَرْبَعٌ وَثَلاَثُونَ ـ فَمَا تَرَكْتُهَا بَعْدُ، قِيلَ وَلاَ لَيْلَةَ صِفِّينَ قَالَ وَلاَ لَيْلَةَ صِفِّينَ‏.‏",
      "english": {
        "narrator": "Narrated `Ali bin Abi Talib:",
        "text": "Fatima came to the Prophet (ﷺ) asking for a servant. He said, \"May I inform you of something better than \nthat? When you go to bed, recite \"Subhan Allah' thirty three times, 'Al hamduli l-lah' thirty three \ntimes, and 'Allahu Akbar' thirty four times. `Ali added, 'I have never failed to recite it ever since.\" \nSomebody asked, \"Even on the night of the battle of Siffin?\" He said, \"Even on the night of the battle of Siffin.\""
      },
      "turkish": {
        "narrator": "Narrated `Ali bin Abi Talib:",
        "text": "Ali bin Ebi Talib'den rivayet edilmiştir: Fatıma, Peygamber (ﷺ)'e bir hizmetçi istemek için gitti. O: \"Sizlere daha hayırlı bir şey söyleyeyim mi? Yatarken 'Subhan Allah'ı otuz üç kez, 'Elhamdülillah'ı otuz üç kez ve 'Allahu Ekber'i otuz dört kez okuyun.\" dedi. Ali ekledi: \"O günden beri bunu okumaktan hiç geri kalmadım.\" Birisi sordu: \"Siffin savaşının gecesinde bile mi?\" O: \"Siffin savaşının gecesinde bile.\""
      }
    },
    {
      "id": 13,
      "idInBook": 13,
      "chapterId": 69,
      "bookId": 1,
      "arabic": "حَدَّثَنَا مُحَمَّدُ بْنُ عَرْعَرَةَ، حَدَّثَنَا شُعْبَةُ، عَنِ الْحَكَمِ بْنِ عُتَيْبَةَ، عَنْ إِبْرَاهِيمَ، عَنِ الأَسْوَدِ بْنِ يَزِيدَ، سَأَلْتُ عَائِشَةَ ـ رضى الله عنها ـ مَا كَانَ النَّبِيُّ صلى الله عليه وسلم يَصْنَعُ فِي الْبَيْتِ قَالَتْ كَانَ فِي مِهْنَةِ أَهْلِهِ، فَإِذَا سَمِعَ الأَذَانَ خَرَجَ‏.‏",
      "english": {
        "narrator": "Narrated Al-Aswad bin Yazid:",
        "text": "I asked `Aisha \"What did the Prophet (ﷺ) use to do at home?\" She said, \"He used to work for his family, \nand when he heard the Adhan (call for the prayer), he would go out.\""
      },
      "turkish": {
        "narrator": "Narrated Al-Aswad bin Yazid:",
        "text": "El-Esved bin Yazid'den rivayet edilmiştir: Aişe'ye \"Peygamber (ﷺ) evde ne yapardı?\" diye sordum. O: \"Ailesi için çalışırdı ve ezanı duyduğunda dışarı çıkardı.\" dedi."
      }
    },
    {
      "id": 14,
      "idInBook": 14,
      "chapterId": 69,
      "bookId": 1,
      "arabic": "حَدَّثَنَا مُحَمَّدُ بْنُ الْمُثَنَّى، حَدَّثَنَا يَحْيَى، عَنْ هِشَامٍ، قَالَ أَخْبَرَنِي أَبِي، عَنْ عَائِشَةَ، أَنَّ هِنْدَ بِنْتَ عُتْبَةَ، قَالَتْ يَا رَسُولَ اللَّهِ إِنَّ أَبَا سُفْيَانَ رَجُلٌ شَحِيحٌ، وَلَيْسَ يُعْطِينِي مَا يَكْفِينِي وَوَلَدِي، إِلاَّ مَا أَخَذْتُ مِنْهُ وَهْوَ لاَ يَعْلَمُ فَقَالَ ‏\n\"‏ خُذِي مَا يَكْفِيكِ وَوَلَدَكِ بِالْمَعْرُوفِ ‏\"‏‏.‏",
      "english": {
        "narrator": "Narrated `Aisha:",
        "text": "Hind bint `Utba said, \"O Allah's Messenger (ﷺ)! Abu Sufyan is a miser and he does not give me what is \nsufficient for me and my children. Can I take of his property without his knowledge?\" The Prophet (ﷺ) \nsaid, \"Take what is sufficient for you and your children, and the amount should be just and reasonable."
      },
      "turkish": {
        "narrator": "Narrated `Aisha:",
        "text": "Aişe'den rivayet edilmiştir: Hind bint Utbe şöyle dedi: \"Ey Allah'ın Resulü (ﷺ)! Ebu Süfyan cimri ve bana ve çocuklarıma yeterli olanı vermiyor. Onun malından izni olmadan alabilir miyim?\" Peygamber (ﷺ) dedi ki: \"Sana ve çocuklarına yeterli olanı al, ama miktar adil ve makul olmalı.\""
      }
    },
    {
      "id": 15,
      "idInBook": 15,
      "chapterId": 69,
      "bookId": 1,
      "arabic": "حَدَّثَنَا عَلِيُّ بْنُ عَبْدِ اللَّهِ، حَدَّثَنَا سُفْيَانُ، حَدَّثَنَا ابْنُ طَاوُسٍ، عَنْ أَبِيهِ، وَأَبُو الزِّنَادِ، عَنِ الأَعْرَجِ، عَنْ أَبِي هُرَيْرَةَ، أَنَّ رَسُولَ اللَّهِ صلى الله عليه وسلم قَالَ ‏\n\"‏ خَيْرُ نِسَاءٍ رَكِبْنَ الإِبِلَ نِسَاءُ قُرَيْشٍ ـ وَقَالَ الآخَرُ صَالِحُ نِسَاءِ قُرَيْشٍ ـ أَحْنَاهُ عَلَى وَلَدٍ فِي صِغَرِهِ، وَأَرْعَاهُ عَلَى زَوْجٍ فِي ذَاتِ يَدِهِ ‏\"‏‏.‏ وَيُذْكَرُ عَنْ مُعَاوِيَةَ وَابْنِ عَبَّاسٍ عَنِ النَّبِيِّ صلى الله عليه وسلم‏.‏",
      "english": {
        "narrator": "Narrated Abu Huraira:",
        "text": "Allah's Messenger (ﷺ) said, \"The best women among the camel riders, are the women of Quraish.\" (Another \nnarrator said) The Prophet (ﷺ) said, \"The righteous among the women of Quraish are those who are kind \nto their young ones and who look after their husband's property . \""
      },
      "turkish": {
        "narrator": "Narrated Abu Huraira:",
        "text": "Ebu Hureyre'den rivayet edilmiştir: Allah'ın Resulü (ﷺ) şöyle buyurdu: \"Deve binen kadınlar arasında en iyi kadınlar Kureyş kadınlarıdır.\" (Başka bir rivayetçi şöyle dedi) Peygamber (ﷺ) şöyle buyurdu: \"Kureyş kadınları arasında en iyi olanlar, çocuklarına merhamet eden ve kocalarının malını koruyanlardır.\""
      }
    },
    {
      "id": 16,
      "idInBook": 16,
      "chapterId": 69,
      "bookId": 1,
      "arabic": "حَدَّثَنَا حَجَّاجُ بْنُ مِنْهَالٍ، حَدَّثَنَا شُعْبَةُ، قَالَ أَخْبَرَنِي عَبْدُ الْمَلِكِ بْنُ مَيْسَرَةَ، قَالَ سَمِعْتُ زَيْدَ بْنَ وَهْبٍ، عَنْ عَلِيٍّ ـ رضى الله عنه ـ قَالَ آتَى إِلَىَّ النَّبِيُّ صلى الله عليه وسلم حُلَّةً سِيَرَاءَ فَلَبِسْتُهَا، فَرَأَيْتُ الْغَضَبَ فِي وَجْهِهِ فَشَقَّقْتُهَا بَيْنَ نِسَائِي‏.‏",
      "english": {
        "narrator": "Narrated `Ali:",
        "text": "The Prophet (ﷺ) gave me a silk suit and I wore it, but when I noticed anger on his face, I cut it and \ndistributed it among my women-folk."
      },
      "turkish": {
        "narrator": "Narrated `Ali:",
        "text": "Ali'den rivayet edilmiştir: Peygamber (ﷺ) bana ipek bir elbise verdi ve ben onu giydim, ama yüzünde öfke gördüğümde, onu kestim ve kadınlarıma dağıttım."
      }
    },
    {
      "id": 17,
      "idInBook": 17,
      "chapterId": 69,
      "bookId": 1,
      "arabic": "حَدَّثَنَا مُسَدَّدٌ، حَدَّثَنَا حَمَّادُ بْنُ زَيْدٍ، عَنْ عَمْرٍو، عَنْ جَابِرِ بْنِ عَبْدِ اللَّهِ ـ رضى الله عنهما ـ قَالَ هَلَكَ أَبِي وَتَرَكَ سَبْعَ بَنَاتٍ أَوْ تِسْعَ بَنَاتٍ فَتَزَوَّجْتُ امْرَأَةً ثَيِّبًا فَقَالَ لِي رَسُولُ اللَّهِ صلى الله عليه وسلم ‏\"‏ تَزَوَّجْتَ يَا جَابِرُ ‏\"‏‏.‏ فَقُلْتُ نَعَمْ‏.‏ فَقَالَ ‏\"‏ بِكْرًا أَمْ ثَيِّبًا ‏\"‏‏.‏ قُلْتُ بَلْ ثَيِّبًا‏.‏ قَالَ ‏\"‏ فَهَلاَّ جَارِيَةً تُلاَعِبُهَا وَتُلاَعِبُكَ، وَتُضَاحِكُهَا وَتُضَاحِكُكَ ‏\"‏‏.‏ قَالَ فَقُلْتُ لَهُ إِنَّ عَبْدَ اللَّهِ هَلَكَ وَتَرَكَ بَنَاتٍ، وَإِنِّي كَرِهْتُ أَنْ أَجِيئَهُنَّ بِمِثْلِهِنَّ، فَتَزَوَّجْتُ امْرَأَةً تَقُومُ عَلَيْهِنَّ وَتُصْلِحُهُنَّ‏.‏ فَقَالَ ‏\"‏ بَارَكَ اللَّهُ لَكَ ‏\"‏‏.‏ أَوْ قَالَ خَيْرًا‏.‏",
      "english": {
        "narrator": "Narrated Jabir bin `Abdullah:",
        "text": "My father died and left seven or nine girls and I married a matron. Allah's Messenger (ﷺ) said to me, \"O \nJabir! Have you married?\" I said, \"Yes.\" He said, \"A virgin or a matron?\" I replied, \"A matron.\" he \nsaid, \"Why not a virgin, so that you might play with her and she with you, and you might amuse her \nand she amuse you.\" I said, \" `Abdullah (my father) died and left girls, and I dislike to marry a girl \nlike them, so I married a lady (matron) so that she may look after them.\" On that he said, \"May Allah \nbless you,\" or \"That is good.\""
      },
      "turkish": {
        "narrator": "Narrated Jabir bin `Abdullah:",
        "text": "Cabir bin Abdullah'dan rivayet edilmiştir: Babam vefat etti ve geride yedi veya dokuz kız bıraktı, ben de bir dul kadınla evlendim. Allah'ın Elçisi (ﷺ) bana, \"Ey Cabir! Evlenmiş misin?\" dedi. Ben de, \"Evet.\" dedim. O, \"Bakire mi yoksa dul mu?\" dedi. Ben, \"Dul.\" dedim. O, \"Neden bakire değil, onunla oynayıp, onun da seninle oynamasını, onu eğlendirmeni ve onun da seni eğlendirmesini istemez misin?\" dedi. Ben, \"Abdullah (babam) vefat etti ve kızlar bıraktı, ben de onlara benzer bir kızı almak istemedim, bu yüzden onlara bakabilmesi için bir kadınla (dul) evlendim.\" Bunun üzerine o, \"Allah seni mübarek kılsın,\" veya \"Bu iyi.\" dedi."
      }
    },
    {
      "id": 18,
      "idInBook": 18,
      "chapterId": 69,
      "bookId": 1,
      "arabic": "حَدَّثَنَا أَحْمَدُ بْنُ يُونُسَ، حَدَّثَنَا إِبْرَاهِيمُ بْنُ سَعْدٍ، حَدَّثَنَا ابْنُ شِهَابٍ، عَنْ حُمَيْدِ بْنِ عَبْدِ الرَّحْمَنِ، عَنْ أَبِي هُرَيْرَةَ ـ رضى الله عنه ـ قَالَ أَتَى النَّبِيَّ صلى الله عليه وسلم رَجُلٌ فَقَالَ هَلَكْتُ‏.‏ قَالَ ‏\"‏ وَلِمَ ‏\"‏‏.‏ قَالَ وَقَعْتُ عَلَى أَهْلِي فِي رَمَضَانَ‏.‏ قَالَ ‏\"‏ فَأَعْتِقْ رَقَبَةً ‏\"‏‏.‏ قَالَ لَيْسَ عِنْدِي‏.‏ قَالَ ‏\"‏ فَصُمْ شَهْرَيْنِ مُتَتَابِعَيْنِ ‏\"‏‏.‏ قَالَ لاَ أَسْتَطِيعُ‏.‏ قَالَ ‏\"‏ فَأَطْعِمْ سِتِّينَ مِسْكِينًا ‏\"‏‏.‏ قَالَ لاَ أَجِدُ‏.‏ فَأُتِيَ النَّبِيُّ صلى الله عليه وسلم بِعَرَقٍ فِيهِ تَمْرٌ فَقَالَ ‏\"‏ أَيْنَ السَّائِلُ ‏\"‏‏.‏ قَالَ هَا أَنَا ذَا‏.‏ قَالَ ‏\"‏ تَصَدَّقْ بِهَذَا ‏\"‏‏.‏ قَالَ عَلَى أَحْوَجَ مِنَّا يَا رَسُولَ اللَّهِ فَوَالَّذِي بَعَثَكَ بِالْحَقِّ مَا بَيْنَ لاَبَتَيْهَا أَهْلُ بَيْتٍ أَحْوَجُ مِنَّا فَضَحِكَ النَّبِيُّ صلى الله عليه وسلم حَتَّى بَدَتْ أَنْيَابُهُ قَالَ ‏\"‏ فَأَنْتُمْ إِذًا ‏\"‏‏.‏",
      "english": {
        "narrator": "Narrated Abu Huraira:",
        "text": "A man came to the Prophet (ﷺ) and said, \"I am ruined!\" The Prophet (ﷺ) said, \"Why?\" He said, \"I had sexual \nintercourse with my wife while fasting (in the month of Ramadan).\" The Prophet (ﷺ) said to him, \n\"Manumit a slave (as expiation).\" He replied, \"I cannot afford that.\" The Prophet (ﷺ) said, \"Then fast for \ntwo successive months.\" He said, \"I cannot.\" The Prophet (ﷺ) said, \"Then feed sixty poor persons.\" He \nsaid, \"I have nothing to do that.\" In the meantime a basket full of dates was brought to the Prophet (ﷺ) . \nHe said, \"Where is the questioner.\" The man said, \"I am here.\" The Prophet (ﷺ) said (to him), \"Give this \n(basket of dates) in charity (as expiation).\" He said, \"O Allah's Messenger (ﷺ)! Shall I give it to poorer \npeople than us? By Him Who sent you with the Truth, there is no family between Medina's two \nmountains poorer than us.\" The Prophet (ﷺ) smiled till his pre-molar teeth became visible. He then said, \n\"Then take it.\""
      },
      "turkish": {
        "narrator": "Narrated Abu Huraira:",
        "text": "Ebu Hureyre'den rivayet edilmiştir: Bir adam Peygamber (ﷺ)'e geldi ve, \"Ben mahvoldum!\" dedi. Peygamber (ﷺ) sordu, \"Neden?\" Adam, \"Ramazan ayında oruçlu iken eşimle cinsel ilişkiye girdim.\" dedi. Peygamber (ﷺ) ona, \"Bir köle azat et.\" dedi. Adam, \"Bunu karşılayamam.\" dedi. Peygamber (ﷺ) \"O zaman iki ardışık ay oruç tut.\" dedi. Adam, \"Bunu da yapamam.\" dedi. Peygamber (ﷺ) \"O zaman altmış yoksulu doyur.\" dedi. Adam, \"Bunu yapacak bir şeyim yok.\" dedi. Bu sırada Peygamber (ﷺ)'e dolu bir hurma sepeti getirildi. O, \"Soru soran nerede?\" dedi. Adam, \"Ben buradayım.\" dedi. Peygamber (ﷺ) ona, \"Bunu (hurma sepetini) sadaka olarak ver.\" dedi. Adam, \"Ey Allah'ın Elçisi (ﷺ)! Bunu bizden daha yoksul olanlara mı vereyim? Seni Hak ile gönderen Allah'a yemin ederim ki, Medine'nin iki dağının arasında bizden daha yoksul bir aile yok.\" Peygamber (ﷺ) gülümsedi ve azı dişleri görünür hale geldi. Sonra, \"O zaman al.\" dedi."
      }
    },
    {
      "id": 19,
      "idInBook": 19,
      "chapterId": 69,
      "bookId": 1,
      "arabic": "حَدَّثَنَا مُوسَى بْنُ إِسْمَاعِيلَ، حَدَّثَنَا وُهَيْبٌ، أَخْبَرَنَا هِشَامٌ، عَنْ أَبِيهِ، عَنْ زَيْنَبَ ابْنَةِ أَبِي سَلَمَةَ، عَنْ أُمِّ سَلَمَةَ، قُلْتُ يَا رَسُولَ اللَّهِ هَلْ لِي مِنْ أَجْرٍ فِي بَنِي أَبِي سَلَمَةَ أَنْ أُنْفِقَ عَلَيْهِمْ، وَلَسْتُ بِتَارِكَتِهِمْ هَكَذَا وَهَكَذَا، إِنَّمَا هُمْ بَنِيَّ‏.‏ قَالَ ‏\n\"‏ نَعَمْ لَكِ أَجْرُ مَا أَنْفَقْتِ عَلَيْهِمْ ‏\"‏‏.‏",
      "english": {
        "narrator": "Narrated Um Salama:",
        "text": "I said, \"O Allah's Messenger (ﷺ)! Shall I get a reward (in the Hereafter) if I spend on the children of Abu \nSalama and do not leave them like this and like this (i.e., poor) but treat them like my children?\" The \nProphet said, \"Yes, you will be rewarded for that which you will spend on them.\""
      },
      "turkish": {
        "narrator": "Narrated Um Salama:",
        "text": "Ümmü Seleme'den rivayet edilmiştir: Ben, \"Ey Allah'ın Elçisi (ﷺ)! Eğer ben Ebu Seleme'nin çocuklarına harcama yaparsam ve onları bu şekilde (yoksul) bırakmazsam, onlara kendi çocuklarım gibi davranırsam, ahirette bir sevap alır mıyım?\" dedim. Peygamber, \"Evet, onlara harcadığın şeyler için mükafat alacaksın.\" dedi."
      }
    },
    {
      "id": 20,
      "idInBook": 20,
      "chapterId": 69,
      "bookId": 1,
      "arabic": "حَدَّثَنَا مُحَمَّدُ بْنُ يُوسُفَ، حَدَّثَنَا سُفْيَانُ، عَنْ هِشَامِ بْنِ عُرْوَةَ، عَنْ أَبِيهِ، عَنْ عَائِشَةَ ـ رضى الله عنها ـ قَالَتْ هِنْدُ يَا رَسُولَ اللَّهِ إِنَّ أَبَا سُفْيَانَ رَجُلٌ شَحِيحٌ فَهَلْ عَلَىَّ جُنَاحٌ أَنْ آخُذَ مِنْ مَالِهِ مَا يَكْفِينِي وَبَنِيَّ قَالَ ‏\n\"‏ خُذِي بِالْمَعْرُوفِ ‏\"‏‏.‏",
      "english": {
        "narrator": "Narrated `Aisha:",
        "text": "Hind (bint `Utba) said, \"O Allah's Messenger (ﷺ)! Abu Sufyan is a miser. Is there any harm if I take of his \nproperty what will cover me and my children's needs?\" The Prophet (ﷺ) said, \"Take (according to your \nneeds) in a reasonable manner.\""
      },
      "turkish": {
        "narrator": "Narrated `Aisha:",
        "text": "Aişe'den rivayet edilmiştir: Hind (bint Utbe) dedi ki, \"Ey Allah'ın Elçisi (ﷺ)! Ebu Süfyan cimri. Eğer onun malından kendimi ve çocuklarımın ihtiyaçlarını karşılayacak kadar alırsam, bir sakınca var mı?\" Peygamber (ﷺ) dedi ki, \"İhtiyaçların doğrultusunda makul bir şekilde al.\""
      }
    },
    {
      "id": 21,
      "idInBook": 21,
      "chapterId": 69,
      "bookId": 1,
      "arabic": "حَدَّثَنَا يَحْيَى بْنُ بُكَيْرٍ، حَدَّثَنَا اللَّيْثُ، عَنْ عُقَيْلٍ، عَنِ ابْنِ شِهَابٍ، عَنْ أَبِي سَلَمَةَ، عَنْ أَبِي هُرَيْرَةَ ـ رضى الله عنه ـ أَنَّ رَسُولَ اللَّهِ صلى الله عليه وسلم كَانَ يُؤْتَى بِالرَّجُلِ الْمُتَوَفَّى عَلَيْهِ الدَّيْنُ، فَيَسْأَلُ ‏\"‏ هَلْ تَرَكَ لِدَيْنِهِ فَضْلاً ‏\"‏‏.‏ فَإِنْ حُدِّثَ أَنَّهُ تَرَكَ وَفَاءً صَلَّى، وَإِلاَّ قَالَ لِلْمُسْلِمِينَ ‏\"‏ صَلُّوا عَلَى صَاحِبِكُمْ ‏\"‏‏.‏ فَلَمَّا فَتَحَ اللَّهُ عَلَيْهِ الْفُتُوحَ قَالَ ‏\"‏ أَنَا أَوْلَى بِالْمُؤْمِنِينَ مِنْ أَنْفُسِهِمْ، فَمَنْ تُوُفِّيَ مِنَ الْمُؤْمِنِينَ فَتَرَكَ دَيْنًا فَعَلَىَّ قَضَاؤُهُ، وَمَنْ تَرَكَ مَالاً فَلِوَرَثَتِهِ ‏\"‏‏.‏",
      "english": {
        "narrator": "Narrated Abu Huraira:",
        "text": "A dead man in debt used to be brought to Allah's Messenger (ﷺ) who would ask, \"Has he left anything to re \npay his debts?\" If he was informed that he had left something to cover his debts the Prophet (ﷺ) would \noffer the funeral prayer for him; otherwise he would say to the Muslims present there), \"Offer the \nfuneral prayer for your friend:\"but when Allah helped the Prophet (ﷺ) to gain victory (on his expeditions), \nhe said, \"I am closer to the Believers than themselves, so. if one of the Believers dies in debt, I will \nrepay it, but if he leaves wealth, it will be for his heirs."
      },
      "turkish": {
        "narrator": "Narrated Abu Huraira:",
        "text": "Ebu Hureyre'den rivayet edilmiştir: Borçlu bir ölü, Allah'ın Elçisi (ﷺ)'e getirilirdi ve o, \"Borçlarını ödeyecek bir şey bıraktı mı?\" diye sorardı. Eğer borçlarını karşılayacak bir şey bıraktığı bildirilirse, Peygamber (ﷺ) onun cenaze namazını kılardı; aksi takdirde orada bulunan Müslümanlara, \"Arkadaşınızın cenaze namazını kılın.\" derdi. Ama Allah, Peygamber (ﷺ)'e zafer verdiğinde, \"Ben müminlere kendilerinden daha yakınım, bu yüzden eğer müminlerden biri borçlu olarak ölürse, ben onu ödeyeceğim; ama eğer mal bırakırsa, o mirasçılarına aittir.\" dedi."
      }
    },
    {
      "id": 22,
      "idInBook": 22,
      "chapterId": 69,
      "bookId": 1,
      "arabic": "حَدَّثَنَا يَحْيَى بْنُ بُكَيْرٍ، حَدَّثَنَا اللَّيْثُ، عَنْ عُقَيْلٍ، عَنِ ابْنِ شِهَابٍ، أَخْبَرَنِي عُرْوَةُ، أَنَّ زَيْنَبَ ابْنَةَ أَبِي سَلَمَةَ، أَخْبَرَتْهُ أَنَّ أُمَّ حَبِيبَةَ زَوْجَ النَّبِيِّ صلى الله عليه وسلم قَالَتْ قُلْتُ يَا رَسُولَ اللَّهِ انْكِحْ أُخْتِي ابْنَةَ أَبِي سُفْيَانَ‏.‏ قَالَ ‏\"‏ وَتُحِبِّينَ ذَلِكَ ‏\"‏‏.‏ قُلْتُ نَعَمْ لَسْتُ لَكَ بِمُخْلِيَةٍ، وَأَحَبُّ مَنْ شَارَكَنِي فِي الْخَيْرِ أُخْتِي‏.‏ فَقَالَ ‏\"‏ إِنَّ ذَلِكَ لاَ يَحِلُّ لِي ‏\"‏‏.‏ فَقُلْتُ يَا رَسُولَ اللَّهِ فَوَاللَّهِ إِنَّا نَتَحَدَّثُ أَنَّكَ تُرِيدُ أَنْ تَنْكِحَ دُرَّةَ ابْنَةَ أَبِي سَلَمَةَ‏.‏ فَقَالَ ‏\"‏ ابْنَةَ أُمِّ سَلَمَةَ ‏\"‏‏.‏ فَقُلْتُ نَعَمْ‏.‏ قَالَ ‏\"‏فَوَاللَّهِ لَوْ لَمْ تَكُنْ رَبِيبَتِي فِي حَجْرِي مَا حَلَّتْ لِي، إِنَّهَا ابْنَةُ أَخِي مِنَ الرَّضَاعَةِ، أَرْضَعَتْنِي وَأَبَا سَلَمَةَ ثُوَيْبَةُ، فَلاَ تَعْرِضْنَ عَلَىَّ بَنَاتِكُنَّ وَلاَ أَخَوَاتِكُنَّ ‏\"‏‏.‏ وَقَالَ شُعَيْبٌ عَنِ الزُّهْرِيِّ قَالَ عُرْوَةُ ثُوَيْبَةُ أَعْتَقَهَا أَبُو لَهَبٍ‏.‏",
      "english": {
        "narrator": "Narrated Um Habiba:",
        "text": "(the wife of the Prophet) I said, \"O Allah's Messenger (ﷺ)! Will you marry my sister, the daughter of Abu \nSufyan.\" The Prophet (ﷺ) said, \"Do you like that?\" I said, \"Yes, for I am not your only wife, and the \nperson I like most to share the good with me, is my sister.\" He said, \"That is not lawful for me.\" I said, \n\"O Allah's Messenger (ﷺ)! We have heard that you want to marry Durra, the daughter of Abu Salama.\" He \nsaid, \"You mean the daughter of Um Salama?\" I said, \"Yes.\" He said, \"Even if she were not my stepdaughter, \nshe is unlawful for me, for she is my foster niece. Thuwaiba suckled me and Abu Salama. \nSo you should not present to me your daughters and sisters.\" \nNarrated 'Urwa: Thuwaiba had been a slave girl whom Abu Lahab had emancipated."
      },
      "turkish": {
        "narrator": "Narrated Um Habiba:",
        "text": "Ümmü Habibe'den rivayet edilmiştir: (Peygamberin eşi) Ben, \"Ey Allah'ın Elçisi (ﷺ)! Kız kardeşim, Ebu Süfyan'ın kızı ile evlenir misin?\" dedim. Peygamber (ﷺ) dedi ki, \"Bunu ister misin?\" Ben, \"Evet, çünkü ben senin tek eşin değilim ve benimle iyilik paylaşmasını en çok istediğim kişi kız kardeşim.\" dedim. O, \"Bu benim için helal değil.\" dedi. Ben, \"Ey Allah'ın Elçisi (ﷺ)! Duyduk ki, Durra, Ebu Seleme'nin kızı ile evlenmek istiyorsun.\" dedim. O, \"Ümmü Seleme'nin kızı mı?\" dedi. Ben, \"Evet.\" dedim. O, \"O benim üvey kızım olmasa bile, benim için haramdır, çünkü o benim süt kızım. Thuwaiba beni ve Ebu Seleme'yi emzirdi. Bu yüzden bana kızlarınızı ve kız kardeşlerinizi sunmayın.\" dedi. Urve'den rivayet edilmiştir: Thuwaiba, Ebu Leheb'in azat ettiği bir cariye idi."
      }
    }
  ],
  "chapter": {
    "id": 69,
    "bookId": 1,
    "arabic": "كتاب النفقات",
    "english": "Supporting the Family"
  }
}