{
  "metadata": {
    "length": 9,
    "arabic": {
      "title": "صحيح البخاري",
      "author": "الإمام محمد بن إسماعيل البخاري",
      "introduction": "كتاب العقيقة"
    },
    "english": {
      "title": "Sahih al-Bukhari",
      "author": "Imam Muhammad ibn Ismail al-Bukhari",
      "introduction": "Sacrifice on Occasion of Birth (`Aqiqa)"
    }
  },
  "hadiths": [
    {
      "id": 1,
      "idInBook": 1,
      "chapterId": 71,
      "bookId": 1,
      "arabic": "حَدَّثَنِي إِسْحَاقُ بْنُ نَصْرٍ، حَدَّثَنَا أَبُو أُسَامَةَ، قَالَ حَدَّثَنِي بُرَيْدٌ، عَنْ أَبِي بُرْدَةَ، عَنْ أَبِي مُوسَى ـ رضى الله عنه ـ قَالَ وُلِدَ لِي غُلاَمٌ، فَأَتَيْتُ بِهِ النَّبِيَّ صلى الله عليه وسلم فَسَمَّاهُ إِبْرَاهِيمَ، فَحَنَّكَهُ بِتَمْرَةٍ، وَدَعَا لَهُ بِالْبَرَكَةِ وَدَفَعَهُ إِلَىَّ، وَكَانَ أَكْبَرَ وَلَدِ أَبِي مُوسَى‏.‏",
      "english": {
        "narrator": "Narrated Abu Musa:",
        "text": "A son was born to me and I took him to the Prophet (ﷺ) who named him Ibrahim, did Tahnik for him with \na date, invoked Allah to bless him and returned him to me. (The narrator added: That was Abu Musa's \neldest son.)"
      },
      "turkish": {
        "narrator": "Narrated Abu Musa:",
        "text": "Abu Musa'dan rivayet edilmiştir: Bir oğlum dünyaya geldi ve onu Peygamber (ﷺ)'e götürdüm. O da ona İbrahim adını verdi, bir hurmayla Tahnik yaptı, Allah'tan onun için bereket istemiş ve onu bana geri vermiştir. (Rivayet eden ekledi: Bu, Abu Musa'nın en büyük oğluydu.)"
      }
    },
    {
      "id": 2,
      "idInBook": 2,
      "chapterId": 71,
      "bookId": 1,
      "arabic": "حَدَّثَنَا مُسَدَّدٌ، حَدَّثَنَا يَحْيَى، عَنْ هِشَامٍ، عَنْ أَبِيهِ، عَنْ عَائِشَةَ ـ رضى الله عنها ـ قَالَتْ أُتِيَ النَّبِيُّ صلى الله عليه وسلم بِصَبِيٍّ يُحَنِّكُهُ، فَبَالَ عَلَيْهِ، فَأَتْبَعَهُ الْمَاءَ‏.‏",
      "english": {
        "narrator": "Narrated `Aisha:",
        "text": "A boy was brought to the Prophet (ﷺ) to do Tahnik for him, but the boy urinated on him, whereupon the \nProphet had water poured on the place of urine."
      },
      "turkish": {
        "narrator": "Narrated `Aisha:",
        "text": "Aişe'den rivayet edilmiştir: Peygamber (ﷺ)'e Tahnik yapılması için bir çocuk getirildi, fakat çocuk ona idrarını yaptı. Bunun üzerine Peygamber, idrarın olduğu yere su döktürdü."
      }
    },
    {
      "id": 3,
      "idInBook": 3,
      "chapterId": 71,
      "bookId": 1,
      "arabic": "حَدَّثَنَا إِسْحَاقُ بْنُ نَصْرٍ، حَدَّثَنَا أَبُو أُسَامَةَ، حَدَّثَنَا هِشَامُ بْنُ عُرْوَةَ، عَنْ أَبِيهِ، عَنْ أَسْمَاءَ بِنْتِ أَبِي بَكْرٍ ـ رضى الله عنهما ـ أَنَّهَا حَمَلَتْ بِعَبْدِ اللَّهِ بْنِ الزُّبَيْرِ بِمَكَّةَ قَالَتْ فَخَرَجْتُ وَأَنَا مُتِمٌّ، فَأَتَيْتُ الْمَدِينَةَ فَنَزَلْتُ قُبَاءً فَوَلَدْتُ بِقُبَاءٍ، ثُمَّ أَتَيْتُ بِهِ رَسُولَ اللَّهِ صلى الله عليه وسلم فَوَضَعْتُهُ فِي حَجْرِهِ، ثُمَّ دَعَا بِتَمْرَةٍ فَمَضَغَهَا، ثُمَّ تَفَلَ فِي فِيهِ فَكَانَ أَوَّلَ شَىْءٍ دَخَلَ جَوْفَهُ رِيقُ رَسُولِ اللَّهِ صلى الله عليه وسلم ثُمَّ حَنَّكَهُ بِالتَّمْرَةِ، ثُمَّ دَعَا لَهُ فَبَرَّكَ عَلَيْهِ، وَكَانَ أَوَّلَ مَوْلُودٍ وُلِدَ فِي الإِسْلاَمِ، فَفَرِحُوا بِهِ فَرَحًا شَدِيدًا، لأَنَّهُمْ قِيلَ لَهُمْ إِنَّ الْيَهُودَ قَدْ سَحَرَتْكُمْ فَلاَ يُولَدُ لَكُمْ‏.‏",
      "english": {
        "narrator": "Narrated Asma' bint Abu Bakr:",
        "text": "I conceived `Abdullah bin AzZubair at Mecca and went out (of Mecca) while I was about to give \nbirth. I came to Medina and encamped at Quba', and gave birth at Quba'. Then I brought the child to \nAllah's Messenger (ﷺ) and placed it (on his lap). He asked for a date, chewed it, and put his saliva in the \nmouth of the child. So the first thing to enter its stomach was the saliva of Allah's Messenger (ﷺ). Then he \ndid its Tahnik with a date, and invoked Allah to bless him. It was the first child born in the Islamic \nera, therefore they (Muslims) were very happy with its birth, for it had been said to them that the Jews \nhad bewitched them, and so they would not produce any offspring."
      },
      "turkish": {
        "narrator": "Narrated Asma' bint Abu Bakr:",
        "text": "Asma bint Ebu Bekir'den rivayet edilmiştir: Abdullah bin Zübeyr'i Mekke'de hamile kaldım ve doğum yapacakken Mekke'den çıktım. Medine'ye geldim ve Kuba'da konakladım, orada doğum yaptım. Sonra çocuğu Allah'ın Elçisi (ﷺ)'ne getirdim ve onu (kucağına) koydum. O, bir hurma istedi, onu çiğnedi ve salyasını çocuğun ağzına koydu. Böylece çocuğun karnına giren ilk şey, Allah'ın Elçisi (ﷺ)'nin salyası oldu. Sonra ona bir hurmayla Tahnik yaptı ve Allah'tan onun için bereket istedi. Bu, İslam döneminde doğan ilk çocuktu, bu yüzden (Müslümanlar) doğumundan çok mutlu oldular, çünkü onlara Yahudilerin onları büyülediği ve bu yüzden çocuk sahibi olamayacakları söylenmişti."
      }
    },
    {
      "id": 4,
      "idInBook": 4,
      "chapterId": 71,
      "bookId": 1,
      "arabic": "حَدَّثَنَا مَطَرُ بْنُ الْفَضْلِ، حَدَّثَنَا يَزِيدُ بْنُ هَارُونَ، أَخْبَرَنَا عَبْدُ اللَّهِ بْنُ عَوْنٍ، عَنْ أَنَسِ بْنِ سِيرِينَ، عَنْ أَنَسِ بْنِ مَالِكٍ ـ رضى الله عنه ـ قَالَ كَانَ ابْنٌ لأَبِي طَلْحَةَ يَشْتَكِي، فَخَرَجَ أَبُو طَلْحَةَ، فَقُبِضَ الصَّبِيُّ فَلَمَّا رَجَعَ أَبُو طَلْحَةَ قَالَ مَا فَعَلَ ابْنِي قَالَتْ أُمُّ سُلَيْمٍ هُوَ أَسْكَنُ مَا كَانَ‏.‏ فَقَرَّبَتْ إِلَيْهِ الْعَشَاءَ فَتَعَشَّى، ثُمَّ أَصَابَ مِنْهَا، فَلَمَّا فَرَغَ قَالَتْ وَارِ الصَّبِيَّ‏.‏ فَلَمَّا أَصْبَحَ أَبُو طَلْحَةَ أَتَى رَسُولَ اللَّهِ صلى الله عليه وسلم فَأَخْبَرَهُ فَقَالَ ‏\"‏ أَعْرَسْتُمُ اللَّيْلَةَ ‏\"‏‏.‏ قَالَ نَعَمْ‏.‏ قَالَ ‏\"‏ اللَّهُمَّ بَارِكْ لَهُمَا ‏\"‏‏.‏ فَوَلَدَتْ غُلاَمًا قَالَ لِي أَبُو طَلْحَةَ احْفَظْهُ حَتَّى تَأْتِيَ بِهِ النَّبِيَّ صلى الله عليه وسلم فَأَتَى بِهِ النَّبِيَّ صلى الله عليه وسلم وَأَرْسَلَتْ مَعَهُ بِتَمَرَاتٍ، فَأَخَذَهُ النَّبِيُّ صلى الله عليه وسلم فَقَالَ ‏\"‏ أَمَعَهُ شَىْءٌ ‏\"‏‏.‏ قَالُوا نَعَمْ تَمَرَاتٌ‏.‏ فَأَخَذَهَا النَّبِيُّ صلى الله عليه وسلم فَمَضَغَهَا، ثُمَّ أَخَذَ مِنْ فِيهِ فَجَعَلَهَا فِي فِي الصَّبِيِّ، وَحَنَّكَهُ بِهِ، وَسَمَّاهُ عَبْدَ اللَّهِ‏.‏",
      "english": {
        "narrator": "Narrated Anas bin Malik:",
        "text": "Abu Talha had a child who was sick. Once, while Abu Talha was out, the\n     child died. When Abu Talha returned home, he asked, \"How does my son \n     fare?\" Um Salaim (his wife) replied, \"He is quieter than he has ever \n     been.\" Then she brought supper for him and he took his supper and \n     slept with her. When he had finished, she said (to him), \"Bury the \n     child (as he's dead).\" Next morning Abu Talha came to Allah's Messenger (ﷺ) \n     and told him about that. The Prophet (ﷺ) said (to him), \"Did you sleep \n     with your wife last night?\" Abu Talha said, \"Yes\". The Prophet (ﷺ) said, \n     \"O Allah! Bestow your blessing on them as regards that night of \n     theirs.\" Um Sulaim gave birth to a boy. Abu Talha told me to take care\n     of the child till it was taken to the Prophet. Then Abu Talha took the\n     child to the Prophet (ﷺ) and Um Sulaim sent some dates along with the \n     child. The Prophet (ﷺ) took the child (on his lap) and asked if there was \n     something with him. The people replied, \"Yes, a few dates.\" The \n     Prophet took a date, chewed it, took some of it out of his mouth, put \n     it into the child's mouth and did Tahnik for him with that, and named \n     him 'Abdullah."
      },
      "turkish": {
        "narrator": "Narrated Anas bin Malik:",
        "text": "Enes bin Malik'ten rivayet edilmiştir: Ebu Talha'nın hasta bir çocuğu vardı. Bir gün, Ebu Talha dışarıdayken çocuk vefat etti. Ebu Talha eve döndüğünde, \"Oğlum nasıl?\" diye sordu. Um Selim (eşi) \"O, her zamankinden daha sessiz.\" diye cevap verdi. Sonra ona akşam yemeği getirdi ve o akşam yemeğini yedi ve onunla yattı. Yemeğini bitirdikten sonra, ona \"Çocuğu göm.\" dedi (çünkü ölmüştü). Ertesi sabah Ebu Talha, Allah'ın Elçisi (ﷺ)'ne geldi ve olanları anlattı. Peygamber (ﷺ) ona, \"Dün gece eşinle yattın mı?\" diye sordu. Ebu Talha, \"Evet.\" dedi. Peygamber (ﷺ) \"Ey Allah! O gece için onlara bereket ver.\" dedi. Um Selim bir oğul doğurdu. Ebu Talha, çocuğa bakmamı istedi, ta ki çocuk Peygamber'e götürülene kadar. Sonra Ebu Talha çocuğu Peygamber (ﷺ)'e götürdü ve Um Selim çocuğun yanında birkaç hurma gönderdi. Peygamber (ﷺ) çocuğu (kucağına) aldı ve yanında bir şey olup olmadığını sordu. İnsanlar, \"Evet, birkaç hurma.\" dediler. Peygamber bir hurma aldı, onu çiğnedi, ağzından birazını çıkarıp çocuğun ağzına koydu ve onunla Tahnik yaptı ve ona Abdullah adını verdi."
      }
    },
    {
      "id": 5,
      "idInBook": 5,
      "chapterId": 71,
      "bookId": 1,
      "arabic": "حَدَّثَنَا مُحَمَّدُ بْنُ الْمُثَنَّى، حَدَّثَنَا ابْنُ أَبِي عَدِيٍّ، عَنِ ابْنِ عَوْنٍ، عَنْ مُحَمَّدٍ، عَنْ أَنَسٍ، وَسَاقَ الْحَدِيثَ،‏.‏",
      "english": {
        "narrator": "Narrated Anas:",
        "text": "As above."
      },
      "turkish": {
        "narrator": "Narrated Anas:",
        "text": "Enes'ten rivayet edilmiştir: Yukarıdaki gibi."
      }
    },
    {
      "id": 6,
      "idInBook": 6,
      "chapterId": 71,
      "bookId": 1,
      "arabic": "حَدَّثَنَا أَبُو النُّعْمَانِ، حَدَّثَنَا حَمَّادُ بْنُ زَيْدٍ، عَنْ أَيُّوبَ، عَنْ مُحَمَّدٍ، عَنْ سَلْمَانَ بْنِ عَامِرٍ، قَالَ مَعَ الْغُلاَمِ عَقِيقَةٌ‏.‏ وَقَالَ حَجَّاجٌ حَدَّثَنَا حَمَّادٌ أَخْبَرَنَا أَيُّوبُ وَقَتَادَةُ وَهِشَامٌ وَحَبِيبٌ عَنِ ابْنِ سِيرِينَ عَنْ سَلْمَانَ عَنِ النَّبِيِّ صلى الله عليه وسلم‏.‏",
      "english": {
        "narrator": "",
        "text": "Narrated Salman bin 'Amri Ad-Dabbi, the Prophet (ﷺ) said, 'Aqiqa is to be offered for a (newly born) boy."
      },
      "turkish": {
        "narrator": "",
        "text": "Salman bin Amri ed-Dabbi'den rivayet edilmiştir, Peygamber (ﷺ) şöyle dedi: \"Aqiqa, (yeni doğmuş) bir erkek çocuk için sunulmalıdır.\""
      }
    },
    {
      "id": 7,
      "idInBook": 7,
      "chapterId": 71,
      "bookId": 1,
      "arabic": "وَقَالَ غَيْرُ وَاحِدٍ عَنْ عَاصِمٍ، وَهِشَامٍ، عَنْ حَفْصَةَ بِنْتِ سِيرِينَ، عَنِ الرَّبَابِ، عَنْ سَلْمَانَ، عَنِ النَّبِيِّ صلى الله عليه وسلم‏.‏ وَرَوَاهُ يَزِيدُ بْنُ إِبْرَاهِيمَ عَنِ ابْنِ سِيرِينَ عَنْ سَلْمَانَ قَوْلَهُ‏.‏ وَقَالَ أَصْبَغُ أَخْبَرَنِي ابْنُ وَهْبٍ عَنْ جَرِيرِ بْنِ حَازِمٍ عَنْ أَيُّوبَ السَّخْتِيَانِيِّ عَنْ مُحَمَّدِ بْنِ سِيرِينَ حَدَّثَنَا سَلْمَانُ بْنُ عَامِرٍ الضَّبِّيُّ قَالَ سَمِعْتُ رَسُولَ اللَّهِ صلى الله عليه وسلم يَقُولُ ‏\n\"‏ مَعَ الْغُلاَمِ عَقِيقَةٌ، فَأَهْرِيقُوا عَنْهُ دَمًا وَأَمِيطُوا عَنْهُ الأَذَى ‏\"‏‏.‏ \nحَدَّثَنِي عَبْدُ اللَّهِ بْنُ أَبِي الأَسْوَدِ، حَدَّثَنَا قُرَيْشُ بْنُ أَنَسٍ، عَنْ حَبِيبِ بْنِ الشَّهِيدِ، قَالَ أَمَرَنِي ابْنُ سِيرِينَ أَنْ أَسْأَلَ الْحَسَنَ، مِمَّنْ سَمِعَ حَدِيثَ الْعَقِيقَةِ، فَسَأَلْتُهُ فَقَالَ مِنْ سَمُرَةَ بْنِ جُنْدَبٍ‏.‏",
      "english": {
        "narrator": "Narrated Salman bin 'Amir Ad-Dabbi:",
        "text": "I heard Allah's Messenger (ﷺ) saying, \"'Aqiqa is to be offered for a (newly born) boy, so slaughter (an \nanimal) for him, and relieve him of his suffering.\" \n\n\nNarrated Habib bin Ash-Shahid:\n\nIbn Seereen told me to ask Al-Hassan from whom he had heard the narration of 'Aqiqa. I asked him \nand he said, \"From Samura bin Jundab.\""
      },
      "turkish": {
        "narrator": "Narrated Salman bin 'Amir Ad-Dabbi:",
        "text": "Salman bin Amir ed-Dabbi'den rivayet edilmiştir: Allah'ın Elçisi (ﷺ)'nin şöyle dediğini duydum: \"Aqiqa, (yeni doğmuş) bir erkek çocuk için sunulmalıdır, onun için (bir hayvan) kesin ve onu acısından kurtarın.\""
      }
    },
    {
      "id": 8,
      "idInBook": 8,
      "chapterId": 71,
      "bookId": 1,
      "arabic": "حَدَّثَنَا عَبْدَانُ، حَدَّثَنَا عَبْدُ اللَّهِ، أَخْبَرَنَا مَعْمَرٌ، أَخْبَرَنَا الزُّهْرِيُّ، عَنِ ابْنِ الْمُسَيَّبِ، عَنْ أَبِي هُرَيْرَةَ ـ رضى الله عنه ـ عَنِ النَّبِيِّ صلى الله عليه وسلم قَالَ ‏\n\"‏ لاَ فَرَعَ وَلاَ عَتِيرَةَ ‏\"‏‏.‏ وَالْفَرَعُ أَوَّلُ النِّتَاجِ، كَانُوا يَذْبَحُونَهُ لَطِوَاغِيتِهِمْ، وَالْعَتِيرَةُ فِي رَجَبٍ‏.‏",
      "english": {
        "narrator": "Narrated Abu Huraira:",
        "text": "The Prophet (ﷺ) said, \"Neither Fara' nor 'Atira (is permissible):\" Al-Fara' nor 'Atira (is permissible):\" Al- \nFara' was the first offspring (of camels or sheep) which the pagans used to offer (as a sacrifice) to their \nidols. And Al-`Atira was (a sheep which was to be slaughtered) during the month of Rajab."
      },
      "turkish": {
        "narrator": "Narrated Abu Huraira:",
        "text": "Habib bin Şehid'den rivayet edilmiştir: İbn Sirin, 'Aqiqa rivayetini kimin duyduğunu Al-Hassan'a sormamı söyledi. Ona sordum ve \"Samura bin Cundab'dan.\" dedi."
      }
    },
    {
      "id": 9,
      "idInBook": 9,
      "chapterId": 71,
      "bookId": 1,
      "arabic": "حَدَّثَنَا عَلِيُّ بْنُ عَبْدِ اللَّهِ، حَدَّثَنَا سُفْيَانُ، قَالَ الزُّهْرِيُّ حَدَّثَنَا عَنْ سَعِيدِ بْنِ الْمُسَيَّبِ، عَنْ أَبِي هُرَيْرَةَ، عَنِ النَّبِيِّ صلى الله عليه وسلم قَالَ ‏\n\"‏ لاَ فَرَعَ وَلاَ عَتِيرَةَ ‏\"‏‏.‏ قَالَ وَالْفَرَعَ أَوَّلُ نِتَاجٍ كَانَ يُنْتَجُ لَهُمْ، كَانُوا يَذْبَحُونَهُ لِطَوَاغِيتِهِمْ، وَالْعَتِيرَةُ فِي رَجَبٍ‏.‏",
      "english": {
        "narrator": "Narrated Abu Huraira:",
        "text": "The Prophet (ﷺ) said, \"Neither Fara' nor 'Atira) is permissible).\" Al-Fara' was the first offspring (they got \nof camels or sheep) which they (pagans) used to offer (as a sacrifice) to their idols. 'Atira was (a sheep \nwhich used to be slaughtered) during the month of Rajab."
      },
      "turkish": {
        "narrator": "Narrated Abu Huraira:",
        "text": "Ebu Hureyre'den rivayet edilmiştir: Peygamber (ﷺ) şöyle dedi: \"Ne Fara' ne de 'Atira (caizdir):\" Fara', putperestlerin putlarına (kurban) olarak sundukları ilk yavru (deve veya koyun) idi. 'Atira ise, Receb ayında (kesilmesi gereken) bir koyundu."
      }
    }
  ],
  "chapter": {
    "id": 71,
    "bookId": 1,
    "arabic": "كتاب العقيقة",
    "english": "Sacrifice on Occasion of Birth (`Aqiqa)"
  }
}