{
  "metadata": {
    "length": 30,
    "arabic": {
      "title": "صحيح البخاري",
      "author": "الإمام محمد بن إسماعيل البخاري",
      "introduction": "كتاب الأضاحي"
    },
    "english": {
      "title": "Sahih al-Bukhari",
      "author": "Imam Muhammad ibn Ismail al-Bukhari",
      "introduction": "Al-Adha Festival Sacrifice (Adaahi)"
    }
  },
  "hadiths": [
    {
      "id": 1,
      "idInBook": 1,
      "chapterId": 73,
      "bookId": 1,
      "arabic": "حَدَّثَنَا مُحَمَّدُ بْنُ بَشَّارٍ، حَدَّثَنَا غُنْدَرٌ، حَدَّثَنَا شُعْبَةُ، عَنْ زُبَيْدٍ الإِيَامِيِّ، عَنِ الشَّعْبِيِّ، عَنِ الْبَرَاءِ ـ رضى الله عنه ـ قَالَ قَالَ النَّبِيُّ صلى الله عليه وسلم ‏\"‏ إِنَّ أَوَّلَ مَا نَبْدَأُ بِهِ فِي يَوْمِنَا هَذَا أَنْ نُصَلِّيَ ثُمَّ نَرْجِعَ فَنَنْحَرَ، مَنْ فَعَلَهُ فَقَدْ أَصَابَ سُنَّتَنَا، وَمَنْ ذَبَحَ قَبْلُ فَإِنَّمَا هُوَ لَحْمٌ قَدَّمَهُ لأَهْلِهِ، لَيْسَ مِنَ النُّسُكِ فِي شَىْءٍ ‏\"‏‏.‏ فَقَامَ أَبُو بُرْدَةَ بْنُ نِيَارٍ وَقَدْ ذَبَحَ فَقَالَ إِنَّ عِنْدِي جَذَعَةً‏.‏ فَقَالَ ‏\"‏ اذْبَحْهَا وَلَنْ تَجْزِيَ عَنْ أَحَدٍ بَعْدَكَ ‏\"‏‏.‏ قَالَ مُطَرِّفٌ عَنْ عَامِرٍ عَنِ الْبَرَاءِ قَالَ النَّبِيُّ صلى الله عليه وسلم ‏\"‏ مَنْ ذَبَحَ بَعْدَ الصَّلاَةِ تَمَّ نُسُكُهُ، وَأَصَابَ سُنَّةَ الْمُسْلِمِينَ ‏\"‏‏.‏",
      "english": {
        "narrator": "Narrated Al-Bara:",
        "text": "The Prophet (ﷺ) said (on the day of Idal-Adha), \"The first thing we will do on this day of ours, is to offer \nthe (`Id) prayer and then return to slaughter the sacrifice. Whoever does so, he acted according to our \nSunna (tradition), and whoever slaughtered (the sacrifice) before the prayer, what he offered was just \nmeat he presented to his family, and that will not be considered as Nusak (sacrifice).\" (On hearing \nthat) Abu Burda bin Niyar got up, for he had slaughtered the sacrifice before the prayer, and said, \"I \nhave got a six month old ram.\" The Prophet (ﷺ) said, 'Slaughter it (as a sacrifice) but it will not be \nsufficient for any-one else (as a sacrifice after you). Al-Bara' added: The Prophet (ﷺ) said, \"Whoever \nslaughtered (the sacrifice) after the prayer, he slaughtered it at the right time and followed the tradition \nof the Muslims.\""
      },
      "turkish": {
        "narrator": "Narrated Al-Bara:",
        "text": "Al-Bara'dan rivayet edilmiştir: Peygamber (ﷺ) İd al-Adha günü şöyle dedi: \"Bu gün yapacağımız ilk şey, (`Id) namazını kılmak ve sonra kurbanı kesmeye dönmektir. Bunu yapan, bizim sünnetimize (geleneğimize) uymuş olur; namazdan önce kurban kesen ise, ailesine sunduğu sadece bir et parçası kesmiş olur ve bu Nusak (kurban) olarak kabul edilmez.\" (Bunu duyunca) Abu Burda bin Niyar ayağa kalktı, çünkü o namazdan önce kurban kesmişti ve \"Benim altı aylık bir koçum var.\" dedi. Peygamber (ﷺ) \"Onu (kurban olarak) kes, ama bu, senin dışındaki kimse için yeterli olmayacak.\" dedi. Al-Bara' ekledi: Peygamber (ﷺ) \"Namazdan sonra kurban kesen, onu doğru zamanda kesmiş ve Müslümanların geleneklerine uymuştur.\" dedi."
      }
    },
    {
      "id": 2,
      "idInBook": 2,
      "chapterId": 73,
      "bookId": 1,
      "arabic": "حَدَّثَنَا مُسَدَّدٌ، حَدَّثَنَا إِسْمَاعِيلُ، عَنْ أَيُّوبَ، عَنْ مُحَمَّدٍ، عَنْ أَنَسِ بْنِ مَالِكٍ ـ رضى الله عنه ـ قَالَ قَالَ النَّبِيُّ صلى الله عليه وسلم ‏\n\"‏ مَنْ ذَبَحَ قَبْلَ الصَّلاَةِ فَإِنَّمَا ذَبَحَ لِنَفْسِهِ، وَمَنْ ذَبَحَ بَعْدَ الصَّلاَةِ فَقَدْ تَمَّ نُسُكُهُ، وَأَصَابَ سُنَّةَ الْمُسْلِمِينَ ‏\"‏‏.‏",
      "english": {
        "narrator": "Narrated Anas bin Malik:",
        "text": "The Prophet (ﷺ) said, \"Whoever slaughtered the sacrifice before the prayer, he just slaughtered it for \nhimself, and whoever slaughtered it after the prayer, he slaughtered it at the right time and followed \nthe tradition of the Muslims.\""
      },
      "turkish": {
        "narrator": "Narrated Anas bin Malik:",
        "text": "Anas bin Malik'ten rivayet edilmiştir: Peygamber (ﷺ) \"Namazdan önce kurban kesen, sadece kendisi için kesmiştir; namazdan sonra kesen ise, onu doğru zamanda kesmiş ve Müslümanların geleneklerine uymuştur.\" dedi."
      }
    },
    {
      "id": 3,
      "idInBook": 3,
      "chapterId": 73,
      "bookId": 1,
      "arabic": "حَدَّثَنَا مُعَاذُ بْنُ فَضَالَةَ، حَدَّثَنَا هِشَامٌ، عَنْ يَحْيَى، عَنْ بَعْجَةَ الْجُهَنِيِّ، عَنْ عُقْبَةَ بْنِ عَامِرٍ الْجُهَنِيِّ، قَالَ قَسَمَ النَّبِيُّ صلى الله عليه وسلم بَيْنَ أَصْحَابِهِ ضَحَايَا، فَصَارَتْ لِعُقْبَةَ جَذَعَةٌ‏.‏ فَقُلْتُ يَا رَسُولَ اللَّهِ صَارَتْ جَذَعَةٌ‏.‏ قَالَ ‏\n\"‏ ضَحِّ بِهَا ‏\"‏‏.‏",
      "english": {
        "narrator": "Narrated `Uqba bin 'Amir Al-Juhani:",
        "text": "that the Prophet (ﷺ) distributed among his companions some animals for sacrifice (to be slaughtered on \n`Id-al-Adha). `Uqba's share was a Jadha'a (a six month old goat). `Uqba said, \"O Allah's Messenger (ﷺ)! I get \nin my share of Jadha'a (a six month old ram).\" The Prophet (ﷺ) said, \"Slaughter it as a sacrifice.\""
      },
      "turkish": {
        "narrator": "Narrated `Uqba bin 'Amir Al-Juhani:",
        "text": "`Uqba bin 'Amir Al-Juhani'den rivayet edilmiştir: Peygamber (ﷺ) kurban kesmek üzere arkadaşlarına bazı hayvanlar dağıttı (`Id al-Adha'da kesilmek üzere). `Uqba'nın hissesi bir Jadha'a (altı aylık bir keçi) idi. `Uqba, \"Ey Allah'ın Elçisi (ﷺ)! Benim hissemde bir Jadha'a var.\" dedi. Peygamber (ﷺ) \"Onu kurban olarak kes.\" dedi."
      }
    },
    {
      "id": 4,
      "idInBook": 4,
      "chapterId": 73,
      "bookId": 1,
      "arabic": "حَدَّثَنَا مُسَدَّدٌ، حَدَّثَنَا سُفْيَانُ، عَنْ عَبْدِ الرَّحْمَنِ بْنِ الْقَاسِمِ، عَنْ أَبِيهِ، عَنْ عَائِشَةَ ـ رضى الله عنها ـ أَنَّ النَّبِيَّ صلى الله عليه وسلم دَخَلَ عَلَيْهَا وَحَاضَتْ بِسَرِفَ، قَبْلَ أَنْ تَدْخُلَ مَكَّةَ وَهْىَ تَبْكِي فَقَالَ ‏\"‏ مَا لَكِ أَنَفِسْتِ ‏\"‏‏.‏ قَالَتْ نَعَمْ‏.‏ قَالَ ‏\"‏ إِنَّ هَذَا أَمْرٌ كَتَبَهُ اللَّهُ عَلَى بَنَاتِ آدَمَ، فَاقْضِي مَا يَقْضِي الْحَاجُّ غَيْرَ أَنْ لاَ تَطُوفِي بِالْبَيْتِ ‏\"‏‏.‏ فَلَمَّا كُنَّا بِمِنًى أُتِيتُ بِلَحْمِ بَقَرٍ، فَقُلْتُ مَا هَذَا قَالُوا ضَحَّى رَسُولُ اللَّهِ صلى الله عليه وسلم عَنْ أَزْوَاجِهِ بِالْبَقَرِ‏.‏",
      "english": {
        "narrator": "Narrated `Aisha:",
        "text": "that the Prophet (ﷺ) entered upon her when she had her menses at Sarif before entering Mecca, and she \nwas weeping (because she was afraid that she would not be able to perform the Hajj). The Prophet (ﷺ) \nsaid, \"What is wrong with you? Have you got your period?\" She said, \"Yes.\" He said, \"This is a \nmatter Allah has decreed for all the daughters of Adam, so perform all the ceremonies of Hajj like the \nothers, but do not perform the Tawaf around the Ka`ba.\" `Aisha added: When we were at Mina, beef \nwas brought to me and I asked, \"What is this?\" They (the people) said, \"Allah's Messenger (ﷺ) has \nslaughtered some cows as sacrifices on behalf of his wives.\""
      },
      "turkish": {
        "narrator": "Narrated `Aisha:",
        "text": "Aişe'den rivayet edilmiştir: Peygamber (ﷺ) Mekke'ye girmeden önce Sarif'te adet gördüğü zaman yanına girdi ve ağlıyordu (Hac'ı yapamayacağından korktuğu için). Peygamber (ﷺ) \"Neyin var? Adet gördün mü?\" dedi. O da \"Evet.\" dedi. Peygamber (ﷺ) \"Bu, Allah'ın Adem'in tüm kızlarına takdir ettiği bir durumdur; bu yüzden diğerleri gibi Hac'ın tüm ritüellerini yerine getir, ama Kabe'nin etrafında tavaf etme.\" dedi. Aişe ekledi: \"Mina'da iken, bana et getirildi ve ben 'Bu nedir?' diye sordum. Onlar (insanlar) 'Allah'ın Elçisi (ﷺ) eşleri adına bazı inekleri kurban etti.' dediler.\""
      }
    },
    {
      "id": 5,
      "idInBook": 5,
      "chapterId": 73,
      "bookId": 1,
      "arabic": "حَدَّثَنَا صَدَقَةُ، أَخْبَرَنَا ابْنُ عُلَيَّةَ، عَنْ أَيُّوبَ، عَنِ ابْنِ سِيرِينَ، عَنْ أَنَسِ بْنِ مَالِكٍ، قَالَ قَالَ النَّبِيُّ صلى الله عليه وسلم يَوْمَ النَّحْرِ ‏\n\"‏ مَنْ كَانَ ذَبَحَ قَبْلَ الصَّلاَةِ فَلْيُعِدْ ‏\"‏‏.‏ فَقَامَ رَجُلٌ فَقَالَ يَا رَسُولَ اللَّهِ إِنَّ هَذَا يَوْمٌ يُشْتَهَى فِيهِ اللَّحْمُ ـ وَذَكَرَ جِيرَانَهُ ـ وَعِنْدِي جَذَعَةٌ خَيْرٌ مِنْ شَاتَىْ لَحْمٍ‏.‏ فَرَخَّصَ لَهُ فِي ذَلِكَ، فَلاَ أَدْرِي أَبَلَغَتِ الرُّخْصَةُ مَنْ سِوَاهُ أَمْ لاَ، ثُمَّ انْكَفَأَ النَّبِيُّ صلى الله عليه وسلم إِلَى كَبْشَيْنِ فَذَبَحَهُمَا، وَقَامَ النَّاسُ إِلَى غُنَيْمَةٍ فَتَوَزَّعُوهَا أَوْ قَالَ فَتَجَزَّعُوهَا‏.‏",
      "english": {
        "narrator": "Narrated Anas bin Malik:",
        "text": "The Prophet (ﷺ) said on the day of Nahr, \"Whoever has slaughtered his sacrifice before the prayer, should \nrepeat it (slaughter another sacrifice).\" A man got up and said, \"O Allah's Messenger (ﷺ)! This is a day on \nwhich meat is desired.\" He then mentioned his neighbors saying, \"I have a six month old ram which is \nto me better than the meat of two sheep.\" The Prophet (ﷺ) allowed him to slaughter it as a sacrifice, but I \ndo not know whether this permission was valid for other than that man or not. The Prophet (ﷺ) then went \ntowards two rams and slaughtered them, and then the people went towards some sheep and distributed \nthem among themselves."
      },
      "turkish": {
        "narrator": "Narrated Anas bin Malik:",
        "text": "Anas bin Malik'ten rivayet edilmiştir: Peygamber (ﷺ) Nahr günü şöyle dedi: \"Namazdan önce kurban kesen, onu tekrar kesmelidir (başka bir kurban kesmelidir).\" Bir adam ayağa kalktı ve \"Ey Allah'ın Elçisi (ﷺ)! Bugün et istenen bir gündür.\" dedi. Sonra komşularını belirterek, \"Bende altı aylık bir koç var, bu benim için iki koyunun etinden daha iyidir.\" dedi. Peygamber (ﷺ) ona kurban olarak kesmesine izin verdi, ama bu iznin başka biri için geçerli olup olmadığını bilmiyorum. Peygamber (ﷺ) sonra iki koça yöneldi ve onları kesti, ardından insanlar bazı koyunlara yöneldi ve aralarında paylaştılar."
      }
    },
    {
      "id": 6,
      "idInBook": 6,
      "chapterId": 73,
      "bookId": 1,
      "arabic": "حَدَّثَنَا مُحَمَّدُ بْنُ سَلاَمٍ، حَدَّثَنَا عَبْدُ الْوَهَّابِ، حَدَّثَنَا أَيُّوبُ، عَنْ مُحَمَّدٍ، عَنِ ابْنِ أَبِي بَكْرَةَ، عَنْ أَبِي بَكْرَةَ ـ رضى الله عنه ـ عَنِ النَّبِيِّ صلى الله عليه وسلم قَالَ ‏\"‏ الزَّمَانُ قَدِ اسْتَدَارَ كَهَيْئَتِهِ يَوْمَ خَلَقَ اللَّهُ السَّمَوَاتِ وَالأَرْضَ، السَّنَةُ اثْنَا عَشَرَ شَهْرًا، مِنْهَا أَرْبَعَةٌ حُرُمٌ، ثَلاَثٌ مُتَوَالِيَاتٌ ذُو الْقَعْدَةِ وَذُو الْحِجَّةِ وَالْمُحَرَّمُ، وَرَجَبُ مُضَرَ الَّذِي بَيْنَ جُمَادَى وَشَعْبَانَ، أَىُّ شَهْرٍ هَذَا ‏\"‏‏.‏ قُلْنَا اللَّهُ وَرَسُولُهُ أَعْلَمُ‏.‏ فَسَكَتَ حَتَّى ظَنَنَّا أَنَّهُ سَيُسَمِّيهِ بِغَيْرِ اسْمِهِ، قَالَ ‏\"‏ أَلَيْسَ ذَا الْحِجَّةِ ‏\"‏‏.‏ قُلْنَا بَلَى‏.‏ قَالَ ‏\"‏ أَىُّ بَلَدٍ هَذَا ‏\"‏‏.‏ قُلْنَا اللَّهُ وَرَسُولُهُ أَعْلَمُ‏.‏ فَسَكَتَ حَتَّى ظَنَنَّا أَنَّهُ سَيُسَمِّيهِ بِغَيْرِ اسْمِهِ، قَالَ ‏\"‏ أَلَيْسَ الْبَلْدَةَ ‏\"‏‏.‏ قُلْنَا بَلَى‏.‏ قَالَ ‏\"‏ فَأَىُّ يَوْمٍ هَذَا ‏\"‏‏.‏ قُلْنَا اللَّهُ وَرَسُولُهُ أَعْلَمُ، فَسَكَتَ حَتَّى ظَنَنَّا أَنَّهُ سَيُسَمِّيهِ بِغَيْرِ اسْمِهِ قَالَ ‏\"‏ أَلَيْسَ يَوْمَ النَّحْرِ ‏\"‏‏.‏ قُلْنَا بَلَى‏.‏ قَالَ ‏\"‏ فَإِنَّ دِمَاءَكُمْ وَأَمْوَالَكُمْ ـ قَالَ مُحَمَّدٌ وَأَحْسِبُهُ قَالَ ـ وَأَعْرَاضَكُمْ عَلَيْكُمْ حَرَامٌ كَحُرْمَةِ يَوْمِكُمْ هَذَا، فِي بَلَدِكُمْ هَذَا فِي شَهْرِكُمْ، وَسَتَلْقَوْنَ رَبَّكُمْ فَيَسْأَلُكُمْ عَنْ أَعْمَالِكُمْ، أَلاَ فَلاَ تَرْجِعُوا بَعْدِي ضُلاَّلاً، يَضْرِبُ بَعْضُكُمْ رِقَابَ بَعْضٍ، أَلاَ لِيُبَلِّغِ الشَّاهِدُ الْغَائِبَ، فَلَعَلَّ بَعْضَ مَنْ يَبْلُغُهُ أَنْ يَكُونَ أَوْعَى لَهُ مِنْ بَعْضِ مَنْ سَمِعَهُ ـ وَكَانَ مُحَمَّدٌ إِذَا ذَكَرَهُ قَالَ صَدَقَ النَّبِيُّ صلى الله عليه وسلم ثُمَّ قَالَ ـ أَلاَ هَلْ بَلَّغْتُ أَلاَ هَلْ بَلَّغْتُ ‏\"‏‏.‏",
      "english": {
        "narrator": "Narrated Abu Bakra:",
        "text": "The Prophet (ﷺ) said, \"Time has come back to its original state which it had on the day Allah created the \nHeavens and the Earth. The year is twelve months, four of which are sacred, three of them are in \nsuccession, namely Dhul-Qa'da, Dhul Hijja and Muharram, (the fourth being) Rajab Mudar which is \nbetween Juma'da (ath-thamj and Sha'ban. The Prophet (ﷺ) then asked, \"Which month is this?\" We said, \n\"Allah and his Apostle know better.\" He kept silent so long that we thought that he would call it by a \nname other than its real name. He said, \"Isn't it the month of Dhul-Hijja?\" We said, \"Yes.\" He said, \n\"Which town is this?\" We said, \"Allah and His Apostle know better.\" He kept silent so long that we \nthought that he would call it t,y a name other than its real name. He said, \"isn't it the town (of \nMecca)?\" We replied, \"Yes.\" He said, \"What day is today?\" We replied, \"Allah and His Apostle know \nbetter.\" He kept silent so long that we thought that he would call it by a name other than its real name. \nHe said, \"Isn't it the day of Nahr?\" We replied, \"Yes.\" He then said, \"Your blood, properties and honor \nare as sacred to one another as this day of yours in this town of yours in this month of yours. You will \nmeet your Lord, and He will ask you about your deeds. Beware! Do not go astray after me by cutting \nthe necks of each other. It is incumbent upon those who are present to convey this message to those \nwho are absent, for some of those to whom it is conveyed may comprehend it better than some of \nthose who have heard it directly.\" (Muhammad, the sub-narrator, on mentioning this used to say: The \nProphet then said, \"No doubt! Haven't I delivered (Allah's) Message (to you)? Haven't I delivered \nAllah's message (to you)?\""
      },
      "turkish": {
        "narrator": "Narrated Abu Bakra:",
        "text": "Ebu Bekir'den rivayet edilmiştir: Peygamber (ﷺ) \"Zaman, Allah'ın gökleri ve yeri yarattığı günkü orijinal haline geri döndü. Yıl on iki aydır, bunlardan dördü kutsaldır, üçü ardışık olarak gelir: Dhul-Qa'da, Dhul-Hijja ve Muharrem; (dördüncüsü) Juma'da (ath-thamj) ile Şaban arasında bulunan Rajab Mudar'dır. Peygamber (ﷺ) sonra sordu: \"Bu ay hangisi?\" Biz \"Allah ve Elçisi daha iyi bilir.\" dedik. O, uzun süre sessiz kaldı ki, başka bir isimle anacağını düşündük. \"Dhul-Hijja ayı değil mi?\" dedi. Biz \"Evet.\" dedik. \"Bu şehir hangisi?\" dedi. Biz \"Allah ve Elçisi daha iyi bilir.\" dedik. O, uzun süre sessiz kaldı ki, başka bir isimle anacağını düşündük. \"Bu şehir (Mekke) değil mi?\" dedi. Biz \"Evet.\" dedik. \"Bugün hangi gün?\" dedi. Biz \"Allah ve Elçisi daha iyi bilir.\" dedik. O, uzun süre sessiz kaldı ki, başka bir isimle anacağını düşündük. \"Nahr günü değil mi?\" dedi. Biz \"Evet.\" dedik. Sonra \"Sizin kanlarınız, mallarınız ve onurlarınız, bu gününüzde, bu şehrinizde, bu ayınızda birbirinize karşı kutsaldır. Rabbinizle karşılaşacaksınız ve O, sizden amelleriniz hakkında soracaktır. Dikkat edin! Benden sonra birbirinizin boyunlarını keserek sapıtmayın. Bulunanların, bu mesajı bulunmayanlara ulaştırması gerekmektedir; çünkü iletilenlerden bazıları, bunu doğrudan duyanlardan daha iyi anlayabilir.\" (Muhammed, alt rivayetçi, bunu zikrettiğinde şöyle derdi: Peygamber sonra \"Şüphesiz! Size (Allah'ın) mesajını ilettim mi? Size Allah'ın mesajını ilettim mi?\" dedi.)"
      }
    },
    {
      "id": 7,
      "idInBook": 7,
      "chapterId": 73,
      "bookId": 1,
      "arabic": "حَدَّثَنَا مُحَمَّدُ بْنُ أَبِي بَكْرٍ الْمُقَدَّمِيُّ، حَدَّثَنَا خَالِدُ بْنُ الْحَارِثِ، حَدَّثَنَا عُبَيْدُ اللَّهِ، عَنْ نَافِعٍ، قَالَ كَانَ عَبْدُ اللَّهِ يَنْحَرُ فِي الْمَنْحَرِ‏.‏ قَالَ عُبَيْدُ اللَّهِ يَعْنِي مَنْحَرَ النَّبِيِّ صلى الله عليه وسلم‏.‏",
      "english": {
        "narrator": "Narrated Nafi':",
        "text": "'Abdullah (bin 'Umar) used to slaughter his sacrifice at the \n     slaughtering place (i.e the slaughtering place of the Prophet (ﷺ) ) ."
      },
      "turkish": {
        "narrator": "Narrated Nafi':",
        "text": "Nafi' den rivayet edilmiştir: 'Abdullah (bin 'Umar) kurbanını kesim yerinde (yani Peygamber (ﷺ) 'in kesim yerinde) keserdi."
      }
    },
    {
      "id": 8,
      "idInBook": 8,
      "chapterId": 73,
      "bookId": 1,
      "arabic": "حَدَّثَنَا يَحْيَى بْنُ بُكَيْرٍ، حَدَّثَنَا اللَّيْثُ، عَنْ كَثِيرِ بْنِ فَرْقَدٍ، عَنْ نَافِعٍ، أَنَّ ابْنَ عُمَرَ ـ رضى الله عنهما ـ أَخْبَرَهُ قَالَ كَانَ رَسُولُ اللَّهِ صلى الله عليه وسلم يَذْبَحُ وَيَنْحَرُ بِالْمُصَلَّى‏.‏",
      "english": {
        "narrator": "",
        "text": "Ibn 'Umar said, \n\n   \"Allah's Messenger (ﷺ) used to slaughter (camels and sheep, etc.,) as sacrifices at the Musalla.\""
      },
      "turkish": {
        "narrator": "",
        "text": "İbn 'Umar dedi ki: \"Allah'ın Elçisi (ﷺ) kurban olarak (develer ve koyunlar vb.) keserdi Musalla'da.\""
      }
    },
    {
      "id": 9,
      "idInBook": 9,
      "chapterId": 73,
      "bookId": 1,
      "arabic": "حَدَّثَنَا آدَمُ بْنُ أَبِي إِيَاسٍ، حَدَّثَنَا شُعْبَةُ، حَدَّثَنَا عَبْدُ الْعَزِيزِ بْنُ صُهَيْبٍ، قَالَ سَمِعْتُ أَنَسَ بْنَ مَالِكٍ ـ رضى الله عنه ـ قَالَ كَانَ النَّبِيُّ صلى الله عليه وسلم يُضَحِّي بِكَبْشَيْنِ وَأَنَا أُضَحِّي بِكَبْشَيْنِ‏.‏",
      "english": {
        "narrator": "Narrated Anas bin Malik:",
        "text": "The Prophet (ﷺ) used to offer two rams as sacrifices, and I also used to offer two rams."
      },
      "turkish": {
        "narrator": "Narrated Anas bin Malik:",
        "text": "Anas bin Malik'ten rivayet edilmiştir: Peygamber (ﷺ) iki koç kurban ederdi ve ben de iki koç kurban ederdim."
      }
    },
    {
      "id": 10,
      "idInBook": 10,
      "chapterId": 73,
      "bookId": 1,
      "arabic": "حَدَّثَنَا قُتَيْبَةُ بْنُ سَعِيدٍ، حَدَّثَنَا عَبْدُ الْوَهَّابِ، عَنْ أَيُّوبَ، عَنْ أَبِي قِلاَبَةَ، عَنْ أَنَسٍ، أَنَّ رَسُولَ اللَّهِ صلى الله عليه وسلم انْكَفَأَ إِلَى كَبْشَيْنِ أَقْرَنَيْنِ أَمْلَحَيْنِ فَذَبَحَهُمَا بِيَدِهِ‏.‏ تَابَعَهُ وُهَيْبٌ عَنْ أَيُّوبَ‏.‏ وَقَالَ إِسْمَاعِيلُ وَحَاتِمُ بْنُ وَرْدَانَ عَنْ أَيُّوبَ عَنِ ابْنِ سِيرِينَ عَنْ أَنَسٍ‏.‏",
      "english": {
        "narrator": "Narrated Anas:",
        "text": "Allah's Messenger (ﷺ) came towards two horned rams having black and white colors and slaughtered them \nwith his own hands."
      },
      "turkish": {
        "narrator": "Narrated Anas:",
        "text": "Anas'tan rivayet edilmiştir: Allah'ın Elçisi (ﷺ) siyah ve beyaz renkli iki boynuzlu koça doğru geldi ve onları kendi elleriyle kesmiştir."
      }
    },
    {
      "id": 11,
      "idInBook": 11,
      "chapterId": 73,
      "bookId": 1,
      "arabic": "حَدَّثَنَا عَمْرُو بْنُ خَالِدٍ، حَدَّثَنَا اللَّيْثُ، عَنْ يَزِيدَ، عَنْ أَبِي الْخَيْرِ، عَنْ عُقْبَةَ بْنِ عَامِرٍ ـ رضى الله عنه أَنَّ النَّبِيَّ صلى الله عليه وسلم أَعْطَاهُ غَنَمًا يَقْسِمُهَا عَلَى صَحَابَتِهِ ضَحَايَا، فَبَقِيَ عَتُودٌ فَذَكَرَهُ لِلنَّبِيِّ صلى الله عليه وسلم فَقَالَ ‏\n\"‏ ضَحِّ أَنْتَ بِهِ ‏\"‏‏.‏",
      "english": {
        "narrator": "Narrated `Uqba bin 'Amir:",
        "text": "that the Prophet (ﷺ) gave him some sheep to distribute among his companions to slaughter as sacrifices \n(`Id--al--Adha). A kid goat was left and he told the Prophet (ﷺ) of that whereupon he said to him, \"Slaughter it \nas a sacrifice (on your behalf)."
      },
      "turkish": {
        "narrator": "Narrated `Uqba bin 'Amir:",
        "text": "`Uqba bin 'Amir'den rivayet edilmiştir: Peygamber (ﷺ) ona arkadaşları arasında dağıtması için bazı koyunlar verdi, kurban olarak (`Id al-Adha). Bir oğlak kaldı ve o, bunu Peygamber (ﷺ) 'e bildirdi, o da \"Onu kendi adına kurban olarak kes.\" dedi."
      }
    },
    {
      "id": 12,
      "idInBook": 12,
      "chapterId": 73,
      "bookId": 1,
      "arabic": "حَدَّثَنَا مُسَدَّدٌ، حَدَّثَنَا خَالِدُ بْنُ عَبْدِ اللَّهِ، حَدَّثَنَا مُطَرِّفٌ، عَنْ عَامِرٍ، عَنِ الْبَرَاءِ بْنِ عَازِبٍ ـ رضى الله عنهما ـ قَالَ ضَحَّى خَالٌ لِي يُقَالُ لَهُ أَبُو بُرْدَةَ قَبْلَ الصَّلاَةِ، فَقَالَ لَهُ رَسُولُ اللَّهِ صلى الله عليه وسلم ‏\"‏ شَاتُكَ شَاةُ لَحْمٍ ‏\"‏‏.‏ فَقَالَ يَا رَسُولَ اللَّهِ إِنَّ عِنْدِي دَاجِنًا جَذَعَةً مِنَ الْمَعَزِ‏.‏ قَالَ ‏\"‏ اذْبَحْهَا وَلَنْ تَصْلُحَ لِغَيْرِكَ ‏\"‏‏.‏ ثُمَّ قَالَ ‏\"‏ مَنْ ذَبَحَ قَبْلَ الصَّلاَةِ فَإِنَّمَا يَذْبَحُ لِنَفْسِهِ، وَمَنْ ذَبَحَ بَعْدَ الصَّلاَةِ فَقَدْ تَمَّ نُسُكُهُ، وَأَصَابَ سُنَّةَ الْمُسْلِمِينَ ‏\"‏‏.‏ تَابَعَهُ عُبَيْدَةُ عَنِ الشَّعْبِيِّ وَإِبْرَاهِيمَ‏.‏ وَتَابَعَهُ وَكِيعٌ عَنْ حُرَيْثٍ عَنِ الشَّعْبِيِّ‏.‏ وَقَالَ عَاصِمٌ وَدَاوُدُ عَنِ الشَّعْبِيِّ عِنْدِي عَنَاقُ لَبَنٍ‏.‏ وَقَالَ زُبَيْدٌ وَفِرَاسٌ عَنِ الشَّعْبِيِّ عِنْدِي جَذَعَةٌ‏.‏ وَقَالَ أَبُو الأَحْوَصِ حَدَّثَنَا مَنْصُورٌ عَنَاقٌ جَذَعَةٌ‏.‏ وَقَالَ ابْنُ عَوْنٍ عَنَاقٌ جَذَعٌ، عَنَاقُ لَبَنٍ‏.‏",
      "english": {
        "narrator": "Narrated Al-Bara' bin `Azib:",
        "text": "An uncle of mine called Abu Burda, slaughtered his sacrifice before the `Id prayer. So Allah's Messenger (ﷺ) \nsaid to him, \"Your (slaughtered) sheep was just mutton (not a sacrifice).\" Abu Burda said, \"O Allah's \nApostle! I have got a domestic kid goat.\" The Prophet (ﷺ) said, \"Slaughter it (as a sacrifice) but it will not be \npermissible for anybody other than you\" The Prophet (ﷺ) added, \"Whoever slaughtered his sacrifice \nbefore the (`Id) prayer, he only slaughtered for himself, and whoever slaughtered it after the prayer, \nhe offered his sacrifice properly and followed the tradition of the Muslims.\""
      },
      "turkish": {
        "narrator": "Narrated Al-Bara' bin `Azib:",
        "text": "Al-Bara' bin `Azib'den rivayet edilmiştir: Bir amcam olan Abu Burda, `Id namazından önce kurbanını kesti. Bunun üzerine Allah'ın Elçisi (ﷺ) ona \"Senin (kesilen) koyunun sadece et oldu (kurban değil).\" dedi. Abu Burda \"Ey Allah'ın Elçisi! Benim evcil bir oğlakım var.\" dedi. Peygamber (ﷺ) \"Onu (kurban olarak) kes, ama bu senin dışındaki kimse için caiz olmayacak.\" dedi. Peygamber (ﷺ) ekledi: \"Namazdan önce kurban kesen, sadece kendisi için kesmiştir; namazdan sonra kesen ise, kurbanını düzgün bir şekilde sunmuş ve Müslümanların geleneklerine uymuştur.\""
      }
    },
    {
      "id": 13,
      "idInBook": 13,
      "chapterId": 73,
      "bookId": 1,
      "arabic": "حَدَّثَنَا مُحَمَّدُ بْنُ بَشَّارٍ، حَدَّثَنَا مُحَمَّدُ بْنُ جَعْفَرٍ، حَدَّثَنَا شُعْبَةُ، عَنْ سَلَمَةَ، عَنْ أَبِي جُحَيْفَةَ، عَنِ الْبَرَاءِ، قَالَ ذَبَحَ أَبُو بُرْدَةَ قَبْلَ الصَّلاَةِ فَقَالَ لَهُ النَّبِيُّ صلى الله عليه وسلم ‏\"‏ أَبْدِلْهَا ‏\"‏‏.‏ قَالَ لَيْسَ عِنْدِي إِلاَّ جَذَعَةٌ ـ قَالَ شُعْبَةُ وَأَحْسِبُهُ قَالَ ـ هِيَ خَيْرٌ مِنْ مُسِنَّةٍ‏.‏ قَالَ ‏\"‏ اجْعَلْهَا مَكَانَهَا، وَلَنْ تَجْزِيَ عَنْ أَحَدٍ بَعْدَكَ ‏\"‏‏.‏ وَقَالَ حَاتِمُ بْنُ وَرْدَانَ عَنْ أَيُّوبَ، عَنْ مُحَمَّدٍ، عَنْ أَنَسٍ، عَنِ النَّبِيِّ صلى الله عليه وسلم وَقَالَ عَنَاقٌ جَذَعَةٌ‏.‏",
      "english": {
        "narrator": "Narrated Al-Bara':",
        "text": "Abu Burda slaughtered (the sacrifice) before the (`Id) prayer whereupon the Prophet (ﷺ) said to him, \n\"Slaughter another sacrifice instead of that.\" Abu Burda said, \"I have nothing except a Jadha'a.\" \n(Shu`ba said: Perhaps Abu Burda also said that Jadha'a was better than an old sheep in his opinion.) \nThe Prophet (ﷺ) said, \"(Never mind), slaughter it to make up for the other one, but it will not be sufficient \nfor anyone else after you.\""
      },
      "turkish": {
        "narrator": "Narrated Al-Bara':",
        "text": "Al-Bara'dan rivayet edilmiştir: Abu Burda, (`Id) namazından önce kurbanı kesti, bunun üzerine Peygamber (ﷺ) ona \"Bunun yerine başka bir kurban kes.\" dedi. Abu Burda \"Bende sadece bir Jadha'a var.\" dedi. (Şu'ba dedi ki: Belki de Abu Burda, Jadha'nın yaşlı bir koyundan daha iyi olduğunu da söyledi.) Peygamber (ﷺ) \"Önemli değil, diğerinin yerine onu kes, ama bu senin dışındaki kimse için yeterli olmayacak.\" dedi."
      }
    },
    {
      "id": 14,
      "idInBook": 14,
      "chapterId": 73,
      "bookId": 1,
      "arabic": "حَدَّثَنَا آدَمُ بْنُ أَبِي إِيَاسٍ، حَدَّثَنَا شُعْبَةُ، حَدَّثَنَا قَتَادَةُ، عَنْ أَنَسٍ، قَالَ ضَحَّى النَّبِيُّ صلى الله عليه وسلم بِكَبْشَيْنِ أَمْلَحَيْنِ، فَرَأَيْتُهُ وَاضِعًا قَدَمَهُ عَلَى صِفَاحِهِمَا يُسَمِّي وَيُكَبِّرُ، فَذَبَحَهُمَا بِيَدِهِ‏.‏",
      "english": {
        "narrator": "Narrated Anas:",
        "text": "The Prophet (ﷺ) slaughtered two rams, black and white in color (as sacrifices), and I saw him putting his \nfoot on their sides and mentioning Allah's Name and Takbir (Allahu Akbar). Then he slaughtered \nthem with his own hands."
      },
      "turkish": {
        "narrator": "Narrated Anas:",
        "text": "Anas'tan rivayet edilmiştir: Peygamber (ﷺ) iki koç kesmiştir, siyah ve beyaz renkte (kurban olarak) ve ben onu, yanlarına ayak koyarken ve Allah'ın adını anarak ve Tekbir getirerek (Allahu Akbar) keserken gördüm. Sonra onları kendi elleriyle kesmiştir."
      }
    },
    {
      "id": 15,
      "idInBook": 15,
      "chapterId": 73,
      "bookId": 1,
      "arabic": "حَدَّثَنَا قُتَيْبَةُ، حَدَّثَنَا سُفْيَانُ، عَنْ عَبْدِ الرَّحْمَنِ بْنِ الْقَاسِمِ، عَنْ أَبِيهِ، عَنْ عَائِشَةَ ـ رضى الله عنها ـ قَالَتْ دَخَلَ عَلَىَّ رَسُولُ اللَّهِ صلى الله عليه وسلم بِسَرِفَ وَأَنَا أَبْكِي، فَقَالَ ‏\"‏ مَا لَكِ أَنَفِسْتِ ‏\"‏‏.‏ قُلْتُ نَعَمْ‏.‏ قَالَ ‏\"‏ هَذَا أَمْرٌ كَتَبَهُ اللَّهُ عَلَى بَنَاتِ آدَمَ اقْضِي مَا يَقْضِي الْحَاجُّ غَيْرَ أَنْ لاَ تَطُوفِي بِالْبَيْتِ ‏\"‏‏.‏ وَضَحَّى رَسُولُ اللَّهِ صلى الله عليه وسلم عَنْ نِسَائِهِ بِالْبَقَرِ‏.‏",
      "english": {
        "narrator": "Narrated `Aisha:",
        "text": "Allah's Messenger (ﷺ) entered upon me at Sarif while I was weeping (because I was afraid that I would not \nbe able to perform the ,Hajj). He said, \"What is wrong with you? Have you got your period?\" I \nreplied, \"Yes.\" He said, \"This is a matter Allah has decreed for all the daughters of Adam, so perform \nthe ceremonies of the Hajj as the pilgrims do, but do not perform the Tawaf around the Ka`ba.\" \nAllah's Messenger (ﷺ) slaughtered some cows as sacrifices on behalf of his wives."
      },
      "turkish": {
        "narrator": "Narrated `Aisha:",
        "text": "Aişe'den rivayet edilmiştir: Allah'ın Elçisi (ﷺ) Sarif'te yanına girdiğinde ben ağlıyordum (Hac'ı yapamayacağım korkusuyla). O, \"Neyin var? Adet gördün mü?\" dedi. Ben \"Evet.\" dedim. O, \"Bu, Allah'ın Adem'in tüm kızlarına takdir ettiği bir durumdur; bu yüzden diğer hacılar gibi Hac'ın ritüellerini yerine getir, ama Kabe'nin etrafında tavaf etme.\" dedi. Allah'ın Elçisi (ﷺ) eşleri adına bazı inekleri kurban etti."
      }
    },
    {
      "id": 16,
      "idInBook": 16,
      "chapterId": 73,
      "bookId": 1,
      "arabic": "حَدَّثَنَا حَجَّاجُ بْنُ الْمِنْهَالِ، حَدَّثَنَا شُعْبَةُ، قَالَ أَخْبَرَنِي زُبَيْدٌ، قَالَ سَمِعْتُ الشَّعْبِيَّ، عَنِ الْبَرَاءِ ـ رضى الله عنه ـ قَالَ سَمِعْتُ النَّبِيَّ صلى الله عليه وسلم يَخْطُبُ فَقَالَ ‏\"‏ إِنَّ أَوَّلَ مَا نَبْدَأُ مِنْ يَوْمِنَا هَذَا أَنْ نُصَلِّيَ، ثُمَّ نَرْجِعَ فَنَنْحَرَ، فَمَنْ فَعَلَ هَذَا فَقَدْ أَصَابَ سُنَّتَنَا، وَمَنْ نَحَرَ فَإِنَّمَا هُوَ لَحْمٌ يُقَدِّمُهُ لأَهْلِهِ، لَيْسَ مِنَ النُّسُكِ فِي شَىْءٍ ‏\"‏‏.‏ فَقَالَ أَبُو بُرْدَةَ يَا رَسُولَ اللَّهِ ذَبَحْتُ قَبْلَ أَنْ أُصَلِّيَ، وَعِنْدِي جَذَعَةٌ خَيْرٌ مِنْ مُسِنَّةٍ‏.‏ فَقَالَ ‏\"‏ اجْعَلْهَا مَكَانَهَا، وَلَنْ تَجْزِيَ أَوْ تُوفِيَ عَنْ أَحَدٍ بَعْدَكَ ‏\"‏‏.‏",
      "english": {
        "narrator": "Narrated Al-Bara':",
        "text": "I heard the Prophet (ﷺ) delivering a sermon, and he said (on the Day of `Id-Allah. a), \"The first thing we \nwill do on this day of ours is that we will offer the `Id prayer, then we will return and slaughter our \nsacrifices; and whoever does so, then indeed he has followed our tradition, and whoever slaughtered \nhis sacrifice (before the prayer), what he offered was just meat that he presented to his family, and that \nwas not a sacrifice.\" Abu Burda got up and said, \"O Allah's Messenger (ﷺ)! I slaughtered the sacrifice before \nthe prayer and I have got a Jadha'a which is better than an old sheep.\" The Prophet (ﷺ) said, \"Slaughter it \nto make up for that, but it will not be sufficient for anybody else after you.\""
      },
      "turkish": {
        "narrator": "Narrated Al-Bara':",
        "text": "Al-Bara' rivayet etti: Peygamber (ﷺ) bir hutbe verirken, \"Bu gün yapacağımız ilk şey `Id namazını kılmak, sonra geri dönüp kurbanlarımızı kesmek olacak; bunu yapan gerçekten bizim sünnetimizi takip etmiştir, ve kim namazdan önce kurbanını keserse, onun sunduğu sadece ailesine sunduğu bir et olur, bu bir kurban değildir.\" Abu Burda ayağa kalkıp, \"Ey Allah'ın Resulü (ﷺ)! Ben namazdan önce kurbanımı kestim ve elimde bir Jadha'a var, bu da yaşlı bir koyundan daha iyidir.\" dedi. Peygamber (ﷺ) \"Bunu kes, ama bu senin dışındaki kimse için yeterli olmayacak.\" dedi."
      }
    },
    {
      "id": 17,
      "idInBook": 17,
      "chapterId": 73,
      "bookId": 1,
      "arabic": "حَدَّثَنَا عَلِيُّ بْنُ عَبْدِ اللَّهِ، حَدَّثَنَا إِسْمَاعِيلُ بْنُ إِبْرَاهِيمَ، عَنْ أَيُّوبَ، عَنْ مُحَمَّدٍ، عَنْ أَنَسٍ، عَنِ النَّبِيِّ صلى الله عليه وسلم قَالَ ‏\n\"‏ مَنْ ذَبَحَ قَبْلَ الصَّلاَةِ فَلْيُعِدْ ‏\"‏‏.‏ فَقَالَ رَجُلٌ هَذَا يَوْمٌ يُشْتَهَى فِيهِ اللَّحْمُ ـ وَذَكَرَ مِنْ جِيرَانِهِ فَكَأَنَّ النَّبِيَّ صلى الله عليه وسلم عَذَرَهُ ـ وَعِنْدِي جَذَعَةٌ خَيْرٌ مِنْ شَاتَيْنِ فَرَخَّصَ لَهُ النَّبِيُّ صلى الله عليه وسلم فَلاَ أَدْرِي بَلَغَتِ الرُّخْصَةُ أَمْ لاَ، ثُمَّ انْكَفَأَ إِلَى كَبْشَيْنِ ـ يَعْنِي فَذَبَحَهُمَا ـ ثُمَّ انْكَفَأَ النَّاسُ إِلَى غُنَيْمَةٍ فَذَبَحُوهَا‏.‏",
      "english": {
        "narrator": "Narrated Anas:",
        "text": "The Prophet (ﷺ) said, \"Whoever slaughtered the sacrifice before the `Id prayer, should repeat it (slaughter \nanother one).\" A man said \"This is the day on which meat is desired.\" Then he mentioned the need of \nhis neighbors (for meat) and the Prophet (ﷺ) seemed to accept his excuse. The man said, \"I have a Jadha'a \nwhich is to me better than two sheep.\" The Prophet (ﷺ) allowed him (to slaughter it as a sacrifice). But I \ndo not know whether this permission was general for all Muslims or not. The Prophet (ﷺ) then went \ntowards two rams and slaughtered them, and the people went towards their sheep and slaughtered \nthem."
      },
      "turkish": {
        "narrator": "Narrated Anas:",
        "text": "Anas rivayet etti: Peygamber (ﷺ) \"Kim `Id namazından önce kurban keserse, onu tekrar kesmelidir (başka bir kurban kesmelidir).\" dedi. Bir adam, \"Bu, etin arzulandığı bir gündür.\" dedi. Sonra komşularının (ete) ihtiyacını belirtti ve Peygamber (ﷺ) onun mazeretini kabul etmiş gibi göründü. Adam, \"Bende iki koyundan daha iyi bir Jadha'a var.\" dedi. Peygamber (ﷺ) ona (kurban kesmesi için) izin verdi. Ama bu iznin tüm Müslümanlar için genel olup olmadığını bilmiyorum. Peygamber (ﷺ) daha sonra iki koçun yanına gitti ve onları kesti, insanlar da koyunlarına yöneldi ve onları kestiler."
      }
    },
    {
      "id": 18,
      "idInBook": 18,
      "chapterId": 73,
      "bookId": 1,
      "arabic": "حَدَّثَنَا آدَمُ، حَدَّثَنَا شُعْبَةُ، حَدَّثَنَا الأَسْوَدُ بْنُ قَيْسٍ، سَمِعْتُ جُنْدَبَ بْنَ سُفْيَانَ الْبَجَلِيَّ، قَالَ شَهِدْتُ النَّبِيَّ صلى الله عليه وسلم يَوْمَ النَّحْرِ فَقَالَ ‏\n\"‏ مَنْ ذَبَحَ قَبْلَ أَنْ يُصَلِّيَ فَلْيُعِدْ مَكَانَهَا أُخْرَى، وَمَنْ لَمْ يَذْبَحْ فَلْيَذْبَحْ ‏\"‏‏.‏",
      "english": {
        "narrator": "Narrated Jundab bin Sufyan Al-Bajali:",
        "text": "I witnessed the Prophet (ﷺ) on the Day of Nahr. He said, \"Whoever slaughtered the sacrifice before \noffering the `Id prayer, should slaughter another sacrifice in its place; and whoever has not slaughtered \ntheir sacrifice yet, should slaughter now.\""
      },
      "turkish": {
        "narrator": "Narrated Jundab bin Sufyan Al-Bajali:",
        "text": "Jundab bin Sufyan Al-Bajali rivayet etti: Nahr Günü'nde Peygamber (ﷺ) ile birlikteydim. \"Kim `Id namazından önce kurban keserse, onun yerine başka bir kurban kesmelidir; ve henüz kurbanını kesmemiş olanlar şimdi kesmelidir.\" dedi."
      }
    },
    {
      "id": 19,
      "idInBook": 19,
      "chapterId": 73,
      "bookId": 1,
      "arabic": "حَدَّثَنَا مُوسَى بْنُ إِسْمَاعِيلَ، حَدَّثَنَا أَبُو عَوَانَةَ، عَنْ فِرَاسٍ، عَنْ عَامِرٍ، عَنِ الْبَرَاءِ، قَالَ صَلَّى رَسُولُ اللَّهِ صلى الله عليه وسلم ذَاتَ يَوْمٍ، فَقَالَ ‏\"‏ مَنْ صَلَّى صَلاَتَنَا وَاسْتَقْبَلَ قِبْلَتَنَا، فَلاَ يَذْبَحْ حَتَّى يَنْصَرِفَ ‏\"‏‏.‏ فَقَامَ أَبُو بُرْدَةَ بْنُ نِيَارٍ فَقَالَ يَا رَسُولَ اللَّهِ فَعَلْتُ‏.‏ فَقَالَ ‏\"‏ هُوَ شَىْءٌ عَجَّلْتَهُ ‏\"‏‏.‏ قَالَ فَإِنَّ عِنْدِي جَذَعَةً هِيَ خَيْرٌ مِنْ مُسِنَّتَيْنِ آذْبَحُهَا قَالَ ‏\"‏ نَعَمْ، ثُمَّ لاَ تَجْزِي عَنْ أَحَدٍ بَعْدَكَ ‏\"‏‏.‏ قَالَ عَامِرٌ هِيَ خَيْرُ نَسِيكَتِهِ‏.‏",
      "english": {
        "narrator": "Narrated Al-Bara':",
        "text": "One day Allah's Messenger (ﷺ) offered the `Id prayer and said, \"Whoever offers our prayer and faces our \nQibla should not slaughter the sacrifice till he finishes the `Id prayer.\" Abu Burda bin Niyar got up \nand said, \"O Allah's Messenger (ﷺ)! I have already done it. The Prophet (ﷺ) said, \"That is something you have \ndone before its due time.\" Abu Burda said, \"I have a Jadha'a which is better than two old sheep; shall I \nslaughter it?\" The Prophet (ﷺ) said, \"Yes, but it will not be sufficient for anyone after you.\""
      },
      "turkish": {
        "narrator": "Narrated Al-Bara':",
        "text": "Al-Bara' rivayet etti: Bir gün Allah'ın Resulü (ﷺ) `Id namazını kıldı ve \"Kim namazımızı kılar ve kıblamıza yönelirse, `Id namazını bitirmeden kurban kesmemelidir.\" dedi. Abu Burda bin Niyar ayağa kalkıp, \"Ey Allah'ın Resulü (ﷺ)! Ben bunu zaten yaptım.\" dedi. Peygamber (ﷺ) \"Bu, vaktinden önce yaptığın bir şey.\" dedi. Abu Burda, \"Bende iki yaşlı koyundan daha iyi bir Jadha'a var; onu keseyim mi?\" dedi. Peygamber (ﷺ) \"Evet, ama bu senin dışındaki kimse için yeterli olmayacak.\" dedi."
      }
    },
    {
      "id": 20,
      "idInBook": 20,
      "chapterId": 73,
      "bookId": 1,
      "arabic": "حَدَّثَنَا حَجَّاجُ بْنُ مِنْهَالٍ، حَدَّثَنَا هَمَّامٌ، عَنْ قَتَادَةَ، حَدَّثَنَا أَنَسٌ ـ رضى الله عنه ـ أَنَّ النَّبِيَّ صلى الله عليه وسلم كَانَ يُضَحِّي بِكَبْشَيْنِ أَمْلَحَيْنِ أَقْرَنَيْنِ، وَوَضَعَ رِجْلَهُ عَلَى صَفْحَتِهِمَا، وَيَذْبَحُهُمَا بِيَدِهِ‏.‏",
      "english": {
        "narrator": "Narrated Anas:",
        "text": "The Prophet (ﷺ) used to offer as sacrifices, two horned rams, black and white in color, and used to put his \nfoot on their sides and slaughter them with his own hands."
      },
      "turkish": {
        "narrator": "Narrated Anas:",
        "text": "Anas rivayet etti: Peygamber (ﷺ) kurban olarak iki boynuzlu koç keserdi, biri siyah diğeri beyaz renkteydi, ve onları yanlarına basarak kendi elleriyle keserdi."
      }
    },
    {
      "id": 21,
      "idInBook": 21,
      "chapterId": 73,
      "bookId": 1,
      "arabic": "حَدَّثَنَا قُتَيْبَةُ، حَدَّثَنَا أَبُو عَوَانَةَ، عَنْ قَتَادَةَ، عَنْ أَنَسٍ، قَالَ ضَحَّى النَّبِيُّ صلى الله عليه وسلم بِكَبْشَيْنِ أَمْلَحَيْنِ أَقْرَنَيْنِ، ذَبَحَهُمَا بِيَدِهِ، وَسَمَّى وَكَبَّرَ وَوَضَعَ رِجْلَهُ عَلَى صِفَاحِهِمَا‏.‏",
      "english": {
        "narrator": "Narrated Anas:",
        "text": "The Prophet (ﷺ) offered as sacrifices, two horned rams, black and white in color. He slaughtered them \nwith his own hands and mentioned Allah's Name over them and said Takbir and put his foot on their \nsides."
      },
      "turkish": {
        "narrator": "Narrated Anas:",
        "text": "Anas rivayet etti: Peygamber (ﷺ) kurban olarak iki boynuzlu koç keserdi, biri siyah diğeri beyaz renkteydi. Onları kendi elleriyle kesti ve üzerlerine Allah'ın adını anarak tekbir getirdi ve yanlarına basarak kesti."
      }
    },
    {
      "id": 22,
      "idInBook": 22,
      "chapterId": 73,
      "bookId": 1,
      "arabic": "حَدَّثَنَا أَحْمَدُ بْنُ مُحَمَّدٍ، أَخْبَرَنَا عَبْدُ اللَّهِ، أَخْبَرَنَا إِسْمَاعِيلُ، عَنِ الشَّعْبِيِّ، عَنْ مَسْرُوقٍ، أَنَّهُ أَتَى عَائِشَةَ، فَقَالَ لَهَا يَا أُمَّ الْمُؤْمِنِينَ إِنَّ رَجُلاً يَبْعَثُ بِالْهَدْىِ إِلَى الْكَعْبَةِ، وَيَجْلِسُ فِي الْمِصْرِ، فَيُوصِي أَنْ تُقَلَّدَ بَدَنَتُهُ، فَلاَ يَزَالُ مِنْ ذَلِكَ الْيَوْمِ مُحْرِمًا حَتَّى يَحِلَّ النَّاسُ‏.‏ قَالَ فَسَمِعْتُ تَصْفِيقَهَا مِنْ وَرَاءِ الْحِجَابِ فَقَالَتْ لَقَدْ كُنْتُ أَفْتِلُ قَلاَئِدَ هَدْىِ رَسُولِ اللَّهِ صلى الله عليه وسلم فَيَبْعَثُ هَدْيَهُ إِلَى الْكَعْبَةِ، فَمَا يَحْرُمُ عَلَيْهِ مِمَّا حَلَّ لِلرِّجَالِ مِنْ أَهْلِهِ، حَتَّى يَرْجِعَ النَّاسُ‏.‏",
      "english": {
        "narrator": "Narrated Masruq:",
        "text": "that he came to `Aisha and said to her, \"O Mother of the Believers! There is a man who sends a Hadi \nto Ka`ba and stays in his city and requests that his Hadi camel be garlanded while he remains in a state \nof Ihram from that day till the people finish their Ihram (after completing all the ceremonies of Hajj)\" \n(What do you say about it?) Masruq added, I heard the clapping of her hands behind the curtain. She \nsaid, \"I used to twist the garlands for the Hadi of Allah's Messenger (ﷺ) and he used to send his Hadi to \nKa`ba but he never used to regard as unlawful what was lawful for men to do with their wives till the \npeople returned (from the Hajj)."
      },
      "turkish": {
        "narrator": "Narrated Masruq:",
        "text": "Masruq rivayet etti: `Aişe'ye geldim ve ona, \"Ey Müminlerin Annesi! Kabe'ye bir Hadi gönderen ve kendi şehrinde kalan bir adam var, Hadi'sinin develerinin çiçeklerle süslenmesini istiyor ve o günden itibaren insanlar ihramdan çıkana kadar ihramda kalıyor.\" dedim. Masruq ekledi, onun arkasındaki perdeden el çırpma sesini duydum. O, \"Ben Allah'ın Resulü (ﷺ) için Hadi çiçeklerini yapardım ve o, Hadi'sini Kabe'ye gönderirdi ama o, insanların eşleriyle yapması helal olan şeyleri haram saymazdı, ta ki insanlar Hac'dan döneceklerdi.\" dedi."
      }
    },
    {
      "id": 23,
      "idInBook": 23,
      "chapterId": 73,
      "bookId": 1,
      "arabic": "حَدَّثَنَا عَلِيُّ بْنُ عَبْدِ اللَّهِ، حَدَّثَنَا سُفْيَانُ، قَالَ عَمْرٌو أَخْبَرَنِي عَطَاءٌ، سَمِعَ جَابِرَ بْنَ عَبْدِ اللَّهِ ـ رضى الله عنهما ـ قَالَ كُنَّا نَتَزَوَّدُ لُحُومَ الأَضَاحِيِّ عَلَى عَهْدِ النَّبِيِّ صلى الله عليه وسلم إِلَى الْمَدِينَةِ، وَقَالَ غَيْرَ مَرَّةٍ لُحُومَ الْهَدْىِ‏.‏",
      "english": {
        "narrator": "Narrated Jabir bin `Abdullah:",
        "text": "During the lifetime of the Prophet (ﷺ) we used to take with us the meat of the sacrifices (of Id al Adha) to \nMedina. (The narrator often said. The meat of the Hadi)."
      },
      "turkish": {
        "narrator": "Narrated Jabir bin `Abdullah:",
        "text": "Jabir bin `Abdullah rivayet etti: Peygamber (ﷺ) döneminde biz `Id al-Adha kurbanlarının etlerini Medine'ye götürürdük. (Rivayet eden genellikle Hadi etini söylerdi)."
      }
    },
    {
      "id": 24,
      "idInBook": 24,
      "chapterId": 73,
      "bookId": 1,
      "arabic": "حَدَّثَنَا إِسْمَاعِيلُ، قَالَ حَدَّثَنِي سُلَيْمَانُ، عَنْ يَحْيَى بْنِ سَعِيدٍ، عَنِ الْقَاسِمِ، أَنَّ ابْنَ خَبَّابٍ، أَخْبَرَهُ أَنَّهُ، سَمِعَ أَبَا سَعِيدٍ، يُحَدِّثُ أَنَّهُ كَانَ غَائِبًا، فَقَدِمَ فَقُدِّمَ إِلَيْهِ لَحْمٌ‏.‏ قَالَ وَهَذَا مِنْ لَحْمِ ضَحَايَانَا‏.‏ فَقَالَ أَخِّرُوهُ لاَ أَذُوقُهُ‏.‏ قَالَ ثُمَّ قُمْتُ فَخَرَجْتُ حَتَّى آتِيَ أَخِي قَتَادَةَ ـ وَكَانَ أَخَاهُ لأُمِّهِ، وَكَانَ بَدْرِيًّا ـ فَذَكَرْتُ ذَلِكَ لَهُ فَقَالَ إِنَّهُ قَدْ حَدَثَ بَعْدَكَ أَمْرٌ‏.‏",
      "english": {
        "narrator": "Narrated Abu Sa`id Al-Khudri:",
        "text": "that once he was not present (at the time of `Id-al-Adha) and when he came. some meat was presented \nto him. and the people said (to him), 'This is the meat of our sacrifices\" He said. 'Take it away; I shall \nnot taste it. (In his narration) Abu Sa`id added: I got up and went to my brother, Abu Qatada (who was \nhis maternal brother and was one of the warriors of the battle of Badr) and mentioned that to him He \nSa`d. 'A new verdict was given in your absence (i.e., meat of sacrifices was allowed to be stored and \neaten later on)."
      },
      "turkish": {
        "narrator": "Narrated Abu Sa`id Al-Khudri:",
        "text": "Abu Sa`id Al-Khudri rivayet etti: Bir zaman `Id al-Adha'da orada yoktum ve geldiğimde, bana biraz et sunuldu. İnsanlar, \"Bu bizim kurbanlarımızın etidir.\" dediler. O, \"Onu al, ben tadına bakmayacağım.\" dedi. (Rivayetinde) Abu Sa`id ekledi: Ayağa kalktım ve kardeşim Abu Katade'ye (o, onun süt kardeşi ve Bedir savaşının savaşçılarından biri) bunu anlattım. O, \"Senin yokluğunda yeni bir hüküm verildi (yani, kurban etlerinin saklanması ve daha sonra yenmesi helal kılındı).\" dedi."
      }
    },
    {
      "id": 25,
      "idInBook": 25,
      "chapterId": 73,
      "bookId": 1,
      "arabic": "حَدَّثَنَا أَبُو عَاصِمٍ، عَنْ يَزِيدَ بْنِ أَبِي عُبَيْدٍ، عَنْ سَلَمَةَ بْنِ الأَكْوَعِ، قَالَ قَالَ النَّبِيُّ صلى الله عليه وسلم ‏\"‏ مَنْ ضَحَّى مِنْكُمْ فَلاَ يُصْبِحَنَّ بَعْدَ ثَالِثَةٍ وَفِي بَيْتِهِ مِنْهُ شَىْءٌ ‏\"‏‏.‏ فَلَمَّا كَانَ الْعَامُ الْمُقْبِلُ قَالُوا يَا رَسُولَ اللَّهِ نَفْعَلُ كَمَا فَعَلْنَا عَامَ الْمَاضِي قَالَ ‏\"‏ كُلُوا وَأَطْعِمُوا وَادَّخِرُوا فَإِنَّ ذَلِكَ الْعَامَ كَانَ بِالنَّاسِ جَهْدٌ فَأَرَدْتُ أَنْ تُعِينُوا فِيهَا ‏\"‏‏.‏",
      "english": {
        "narrator": "Narrated Salama bin Al-Aqua':",
        "text": "The Prophet (ﷺ) said, \"Whoever has slaughtered a sacrifice should not keep anything of Its meat after \nthree days.\" When it was the next year the people said, \"O Allah's Messenger (ﷺ)! Shall we do as we did last \nyear?\" He said, ' Eat of it and feed of it to others and store of it for in that year the people were having \na hard time and I wanted you to help (the needy)."
      },
      "turkish": {
        "narrator": "Narrated Salama bin Al-Aqua':",
        "text": "Salama bin Al-Aqua' rivayet etti: Peygamber (ﷺ) \"Kurban kesen kimse, etinin üç günden fazla saklamamalıdır.\" dedi. Ertesi yıl insanlar, \"Ey Allah'ın Resulü (ﷺ)! Geçen yıl yaptığımız gibi mi yapalım?\" dediler. O, \"Onun etinden yiyin, başkalarına da verin ve saklayın; çünkü o yıl insanlar zor bir dönem geçiriyordu ve ben sizin ihtiyaç sahiplerine yardım etmenizi istedim.\" dedi."
      }
    },
    {
      "id": 26,
      "idInBook": 26,
      "chapterId": 73,
      "bookId": 1,
      "arabic": "حَدَّثَنَا إِسْمَاعِيلُ بْنُ عَبْدِ اللَّهِ، قَالَ حَدَّثَنِي أَخِي، عَنْ سُلَيْمَانَ، عَنْ يَحْيَى بْنِ سَعِيدٍ، عَنْ عَمْرَةَ بِنْتِ عَبْدِ الرَّحْمَنِ، عَنْ عَائِشَةَ ـ رضى الله عنها ـ قَالَتِ الضَّحِيَّةُ كُنَّا نُمَلِّحُ مِنْهُ، فَنَقْدَمُ بِهِ إِلَى النَّبِيِّ صلى الله عليه وسلم بِالْمَدِينَةِ فَقَالَ ‏\n\"‏ لاَ تَأْكُلُوا إِلاَّ ثَلاَثَةَ أَيَّامٍ ‏\"‏‏.‏ وَلَيْسَتْ بِعَزِيمَةٍ، وَلَكِنْ أَرَادَ أَنْ يُطْعِمَ مِنْهُ وَاللَّهُ أَعْلَمُ‏.‏",
      "english": {
        "narrator": "Narrated `Aisha:",
        "text": "We used to salt some of the meat of sacrifice and present it to the Prophet (ﷺ) at Medina. Once he said, \n\"Do not eat (of that meat) for more than three days.\" That was not a final order, but (that year) he \nwanted us to feed of it to others, Allah knows better."
      },
      "turkish": {
        "narrator": "Narrated `Aisha:",
        "text": "`Aişe rivayet etti: Biz kurban etlerinden bir kısmını tuzlayıp Peygamber (ﷺ)'e Medine'de sunardık. Bir gün o, \"O etten üç günden fazla yemeyin.\" dedi. Bu kesin bir emir değildi, ama (o yıl) başkalarına yedirmemizi istedi, Allah daha iyi bilir."
      }
    },
    {
      "id": 27,
      "idInBook": 27,
      "chapterId": 73,
      "bookId": 1,
      "arabic": "حَدَّثَنَا حِبَّانُ بْنُ مُوسَى، أَخْبَرَنَا عَبْدُ اللَّهِ، قَالَ أَخْبَرَنِي يُونُسُ، عَنِ الزُّهْرِيِّ، قَالَ حَدَّثَنِي أَبُو عُبَيْدٍ، مَوْلَى ابْنِ أَزْهَرَ أَنَّهُ شَهِدَ الْعِيدَ يَوْمَ الأَضْحَى مَعَ عُمَرَ بْنِ الْخَطَّابِ ـ رضى الله عنه ـ فَصَلَّى قَبْلَ الْخُطْبَةِ، ثُمَّ خَطَبَ النَّاسَ فَقَالَ يَا أَيُّهَا النَّاسُ إِنَّ رَسُولَ اللَّهِ صلى الله عليه وسلم قَدْ نَهَاكُمْ عَنْ صِيَامِ هَذَيْنِ الْعِيدَيْنِ، أَمَّا أَحَدُهُمَا فَيَوْمُ فِطْرِكُمْ مِنْ صِيَامِكُمْ وَأَمَّا الآخَرُ فَيَوْمٌ تَأْكُلُونَ نُسُكَكُمْ‏.‏",
      "english": {
        "narrator": "Narrated Abu `Ubaid:",
        "text": "the freed slave of Ibn Azhar that he witnessed the Day of `Id-al-Adha with `Umar bin Al-Khattab. \n`Umar offered the `Id prayer before the sermon and then delivered the sermon before the people, \nsaying, \"O people! Allah's Messenger (ﷺ) has forbidden you to fast (on the first day of) each of these two \n'Ida, for one of them is the Day of breaking your fast, and the other is the one, on which you eat the \nmeat of your sacrifices.\""
      },
      "turkish": {
        "narrator": "Narrated Abu `Ubaid:",
        "text": "Abu `Ubaid rivayet etti: İbn Azhar'ın azatlısı, `Id al-Adha Günü'nü `Umar bin Al-Khattab ile birlikte gördüm. `Umar, hutbeden önce `Id namazını kıldı ve insanlara hitaben, \"Ey insanlar! Allah'ın Resulü (ﷺ) bu iki `Id gününde oruç tutmanızı yasakladı, çünkü bunlardan biri oruçlarınızı açtığınız gündür, diğeri ise kurban etlerinizi yediğiniz gündür.\" dedi."
      }
    },
    {
      "id": 28,
      "idInBook": 28,
      "chapterId": 73,
      "bookId": 1,
      "arabic": "قَالَ أَبُو عُبَيْدٍ ثُمَّ شَهِدْتُ مَعَ عُثْمَانَ بْنِ عَفَّانَ فَكَانَ ذَلِكَ يَوْمَ الْجُمُعَةِ، فَصَلَّى قَبْلَ الْخُطْبَةِ ثُمَّ خَطَبَ فَقَالَ يَا أَيُّهَا النَّاسُ إِنَّ هَذَا يَوْمٌ قَدِ اجْتَمَعَ لَكُمْ فِيهِ عِيدَانِ، فَمَنْ أَحَبَّ أَنْ يَنْتَظِرَ الْجُمُعَةَ مِنْ أَهْلِ الْعَوَالِي فَلْيَنْتَظِرْ، وَمَنْ أَحَبَّ أَنْ يَرْجِعَ فَقَدْ أَذِنْتُ لَهُ‏.‏",
      "english": {
        "narrator": "Narrated Abu `Ubaid:",
        "text": "(in continuation of above). Then I witnessed the `Id with `Uthman bin `Affan, and that was on a Friday. \nHe offered the prayer before the sermon, saying, \"O people! Today you have two 'Its (festivals) \ntogether, so whoever of those who live at Al-`Awali (suburbs) would like to wait for the Jumua \nprayer, he may wait, and whoever would like to return (home) Is granted my permission to do so.\""
      },
      "turkish": {
        "narrator": "Narrated Abu `Ubaid:",
        "text": "Abu `Ubaid rivayet etti: (Yukarıdakinin devamında) Sonra `Uthman bin `Affan ile `Id'ı gördüm ve o bir Cuma günüydü. Hutbeden önce namazı kıldı ve \"Ey insanlar! Bugün iki `Id (bayram) bir arada, Al-`Awali'de (kenar mahallelerde) yaşayanlardan kim Cuma namazını beklemek isterse bekleyebilir, kim de evine dönmek isterse buna izin veriyorum.\" dedi."
      }
    },
    {
      "id": 29,
      "idInBook": 29,
      "chapterId": 73,
      "bookId": 1,
      "arabic": "قَالَ أَبُو عُبَيْدٍ ثُمَّ شَهِدْتُهُ مَعَ عَلِيِّ بْنِ أَبِي طَالِبٍ، فَصَلَّى قَبْلَ الْخُطْبَةِ، ثُمَّ خَطَبَ النَّاسَ فَقَالَ إِنَّ رَسُولَ اللَّهِ صلى الله عليه وسلم نَهَاكُمْ أَنْ تَأْكُلُوا لُحُومَ نُسُكِكُمْ فَوْقَ ثَلاَثٍ‏.‏ وَعَنْ مَعْمَرٍ عَنِ الزُّهْرِيِّ عَنْ أَبِي عُبَيْدٍ نَحْوَهُ‏.‏",
      "english": {
        "narrator": "Narrated Abu `Ubaid:",
        "text": "(in continuation of above). Then I witnessed (the 'Its) with `Ali bin Abi Talib, and he too offered the `Id prayer before the sermon \nand then delivered the sermon before the people and said, \"Allah's Messenger (ﷺ) has forbidden you to eat \nthe meat of your sacrifices for more than three days.\""
      },
      "turkish": {
        "narrator": "Narrated Abu `Ubaid:",
        "text": "Abu `Ubaid rivayet etti: (Yukarıdakinin devamında) Sonra `Ali bin Abi Talib ile `Id'ı gördüm ve o da hutbeden önce `Id namazını kıldı ve insanlara hitaben, \"Allah'ın Resulü (ﷺ) kurban etlerinizin etini üç günden fazla yemenizi yasakladı.\" dedi."
      }
    },
    {
      "id": 30,
      "idInBook": 30,
      "chapterId": 73,
      "bookId": 1,
      "arabic": "حَدَّثَنَا مُحَمَّدُ بْنُ عَبْدِ الرَّحِيمِ، أَخْبَرَنَا يَعْقُوبُ بْنُ إِبْرَاهِيمَ بْنِ سَعْدٍ، عَنِ ابْنِ أَخِي ابْنِ شِهَابٍ، عَنْ عَمِّهِ ابْنِ شِهَابٍ، عَنْ سَالِمٍ، عَنْ عَبْدِ اللَّهِ بْنِ عُمَرَ ـ رضى الله عنهما ـ قَالَ رَسُولُ اللَّهِ صلى الله عليه وسلم ‏\n\"‏ كُلُوا مِنَ الأَضَاحِيِّ ثَلاَثًا ‏\"‏‏.‏ وَكَانَ عَبْدُ اللَّهِ يَأْكُلُ بِالزَّيْتِ حِينَ يَنْفِرُ مِنْ مِنًى، مِنْ أَجْلِ لُحُومِ الْهَدْىِ‏.‏",
      "english": {
        "narrator": "Narrated Salim:",
        "text": "`Abdullah bin `Umar said, \"Allah's Messenger (ﷺ) said, \"Eat of the meat of sacrifices (of `Id al Adha) for \nthree days.\" When `Abdullah departed from Mina, he used to eat (bread with) oil, lest he should eat of \nthe meat of Hadi (which is regarded as unlawful after the three days of the `Id)."
      },
      "turkish": {
        "narrator": "Narrated Salim:",
        "text": "Salim rivayet etti: `Abdullah bin `Umar dedi ki, \"Allah'ın Resulü (ﷺ) 'Kurban etlerinden üç gün boyunca yiyin.' dedi. `Abdullah Mina'dan ayrıldığında, Hadi etinden yememek için (ekmekle) yağ yedi, çünkü `Id'den sonraki üç günden sonra Hadi etinin yenmesi haramdır.\""
      }
    }
  ],
  "chapter": {
    "id": 73,
    "bookId": 1,
    "arabic": "كتاب الأضاحي",
    "english": "Al-Adha Festival Sacrifice (Adaahi)"
  }
}