{"metadata":{"length":37,"arabic":{"title":"صحيح البخاري","author":"الإمام محمد بن إسماعيل البخاري","introduction":"كتاب المرضى"},"english":{"title":"Sahih al-Bukhari","author":"Imam Muhammad ibn Ismail al-Bukhari","introduction":"Patients"}},"hadiths":[{"id":1,"idInBook":1,"chapterId":75,"bookId":1,"arabic":"حَدَّثَنَا أَبُو الْيَمَانِ الْحَكَمُ بْنُ نَافِعٍ، أَخْبَرَنَا شُعَيْبٌ، عَنِ الزُّهْرِيِّ، قَالَ أَخْبَرَنِي عُرْوَةُ بْنُ الزُّبَيْرِ، أَنَّ عَائِشَةَ ـ رضى الله عنها ـ زَوْجَ النَّبِيِّ صلى الله عليه وسلم قَالَتْ قَالَ رَسُولُ اللَّهِ صلى الله عليه وسلم ‏\n\"‏ مَا مِنْ مُصِيبَةٍ تُصِيبُ الْمُسْلِمَ إِلاَّ كَفَّرَ اللَّهُ بِهَا عَنْهُ، حَتَّى الشَّوْكَةِ يُشَاكُهَا ‏\"‏‏.‏","english":{"narrator":"Narrated `Aisha:","text":"(the wife of the Prophet) Allah's Messenger (ﷺ) said, \"No calamity befalls a Muslim but that Allah expiates \nsome of his sins because of it, even though it were the prick he receives from a thorn.\""}},{"id":2,"idInBook":2,"chapterId":75,"bookId":1,"arabic":"حَدَّثَنِي عَبْدُ اللَّهِ بْنُ مُحَمَّدٍ، حَدَّثَنَا عَبْدُ الْمَلِكِ بْنُ عَمْرٍو، حَدَّثَنَا زُهَيْرُ بْنُ مُحَمَّدٍ، عَنْ مُحَمَّدِ بْنِ عَمْرِو بْنِ حَلْحَلَةَ، عَنْ عَطَاءِ بْنِ يَسَارٍ، عَنْ أَبِي سَعِيدٍ الْخُدْرِيِّ، وَعَنْ أَبِي هُرَيْرَةَ، عَنِ النَّبِيِّ صلى الله عليه وسلم قَالَ ‏\n\"‏ مَا يُصِيبُ الْمُسْلِمَ مِنْ نَصَبٍ وَلاَ وَصَبٍ وَلاَ هَمٍّ وَلاَ حُزْنٍ وَلاَ أَذًى وَلاَ غَمٍّ حَتَّى الشَّوْكَةِ يُشَاكُهَا، إِلاَّ كَفَّرَ اللَّهُ بِهَا مِنْ خَطَايَاهُ ‏\"‏‏.‏","english":{"narrator":"Narrated Abu Sa`id Al-Khudri and Abu Huraira:","text":"The Prophet (ﷺ) said, \"No fatigue, nor disease, nor sorrow, nor sadness, nor hurt, nor distress befalls a \nMuslim, even if it were the prick he receives from a thorn, but that Allah expiates some of his sins for \nthat.\""}},{"id":3,"idInBook":3,"chapterId":75,"bookId":1,"arabic":"حَدَّثَنَا مُسَدَّدٌ، حَدَّثَنَا يَحْيَى، عَنْ سُفْيَانَ، عَنْ سَعْدٍ، عَنْ عَبْدِ اللَّهِ بْنِ كَعْبٍ، عَنْ أَبِيهِ، عَنِ النَّبِيِّ صلى الله عليه وسلم قَالَ ‏\n\"‏ مَثَلُ الْمُؤْمِنِ كَالْخَامَةِ مِنَ الزَّرْعِ تُفَيِّئُهَا الرِّيحُ مَرَّةً، وَتَعْدِلُهَا مَرَّةً، وَمَثَلُ الْمُنَافِقِ كَالأَرْزَةِ لاَ تَزَالُ حَتَّى يَكُونَ انْجِعَافُهَا مَرَّةً وَاحِدَةً ‏\"‏‏.‏ وَقَالَ زَكَرِيَّاءُ حَدَّثَنِي سَعْدٌ، حَدَّثَنَا ابْنُ كَعْبٍ، عَنْ أَبِيهِ، كَعْبٍ عَنِ النَّبِيِّ صلى الله عليه وسلم‏.‏","english":{"narrator":"Narrated Ka`b:","text":"The Prophet (ﷺ) said, \"The example of a believer is that of a fresh tender plant, which the wind bends lt \nsometimes and some other time it makes it straight. And the example of a hypocrite is that of a pine \ntree which keeps straight till once it is uprooted suddenly."}},{"id":4,"idInBook":4,"chapterId":75,"bookId":1,"arabic":"حَدَّثَنَا إِبْرَاهِيمُ بْنُ الْمُنْذِرِ، قَالَ حَدَّثَنِي مُحَمَّدُ بْنُ فُلَيْحٍ، قَالَ حَدَّثَنِي أَبِي، عَنْ هِلاَلِ بْنِ عَلِيٍّ، مِنْ بَنِي عَامِرِ بْنِ لُؤَىٍّ عَنْ عَطَاءِ بْنِ يَسَارٍ، عَنْ أَبِي هُرَيْرَةَ ـ رضى الله عنه ـ قَالَ قَالَ رَسُولُ اللَّهِ صلى الله عليه وسلم ‏\n\"‏ مَثَلُ الْمُؤْمِنِ كَمَثَلِ الْخَامَةِ مِنَ الزَّرْعِ مِنْ حَيْثُ أَتَتْهَا الرِّيحُ كَفَأَتْهَا، فَإِذَا اعْتَدَلَتْ تَكَفَّأُ بِالْبَلاَءِ، وَالْفَاجِرُ كَالأَرْزَةِ صَمَّاءَ مُعْتَدِلَةً حَتَّى يَقْصِمَهَا اللَّهُ إِذَا شَاءَ ‏\"‏‏.‏","english":{"narrator":"Narrated Abu Huraira:","text":"Allah's Messenger (ﷺ) said, \"The example of a believer is that of a fresh tender plant; from whatever \ndirection the wind comes, it bends it, but when the wind becomes quiet, it becomes straight again. \nSimilarly, a believer is afflicted with calamities (but he remains patient till Allah removes his \ndifficulties.) And an impious wicked person is like a pine tree which keeps hard and straight till Allah \ncuts (breaks) it down when He wishes.\" (See Hadith No. 558, Vol. 9.)"}},{"id":5,"idInBook":5,"chapterId":75,"bookId":1,"arabic":"حَدَّثَنَا عَبْدُ اللَّهِ بْنُ يُوسُفَ، أَخْبَرَنَا مَالِكٌ، عَنْ مُحَمَّدِ بْنِ عَبْدِ اللَّهِ بْنِ عَبْدِ الرَّحْمَنِ بْنِ أَبِي صَعْصَعَةَ، أَنَّهُ قَالَ سَمِعْتُ سَعِيدَ بْنَ يَسَارٍ أَبَا الْحُبَابِ، يَقُولُ سَمِعْتُ أَبَا هُرَيْرَةَ، يَقُولُ قَالَ رَسُولُ اللَّهِ صلى الله عليه وسلم ‏\n\"‏ مَنْ يُرِدِ اللَّهُ بِهِ خَيْرًا يُصِبْ مِنْهُ ‏\"‏‏.‏","english":{"narrator":"Narrated Abu Huraira:","text":"Allah's Messenger (ﷺ) said, \"If Allah wants to do good to somebody, He afflicts him with trials.\""}},{"id":6,"idInBook":6,"chapterId":75,"bookId":1,"arabic":"حَدَّثَنَا قَبِيصَةُ، حَدَّثَنَا سُفْيَانُ، عَنِ الأَعْمَشِ،‏.‏ حَدَّثَنِي بِشْرُ بْنُ مُحَمَّدٍ، أَخْبَرَنَا عَبْدُ اللَّهِ، أَخْبَرَنَا شُعْبَةُ، عَنِ الأَعْمَشِ، عَنْ أَبِي وَائِلٍ، عَنْ مَسْرُوقٍ، عَنْ عَائِشَةَ ـ رضى الله عنها ـ قَالَتْ مَا رَأَيْتُ أَحَدًا أَشَدَّ عَلَيْهِ الْوَجَعُ مِنْ رَسُولِ اللَّهِ صلى الله عليه وسلم‏.‏","english":{"narrator":"Narrated Aisha:","text":"I never saw anybody suffering so much from sickness as Allah's Messenger (ﷺ)."}},{"id":7,"idInBook":7,"chapterId":75,"bookId":1,"arabic":"حَدَّثَنَا مُحَمَّدُ بْنُ يُوسُفَ، حَدَّثَنَا سُفْيَانُ، عَنِ الأَعْمَشِ، عَنْ إِبْرَاهِيمَ التَّيْمِيِّ، عَنِ الْحَارِثِ بْنِ سُوَيْدٍ، عَنْ عَبْدِ اللَّهِ ـ رضى الله عنه ـ أَتَيْتُ النَّبِيَّ صلى الله عليه وسلم فِي مَرَضِهِ وَهْوَ يُوعَكُ وَعْكًا شَدِيدًا، وَقُلْتُ إِنَّكَ لَتُوعَكُ وَعْكًا شَدِيدًا‏.‏ قُلْتُ إِنَّ ذَاكَ بِأَنَّ لَكَ أَجْرَيْنِ‏.‏ قَالَ ‏\n\"‏ أَجَلْ مَا مِنْ مُسْلِمٍ يُصِيبُهُ أَذًى، إِلاَّ حَاتَّ اللَّهُ عَنْهُ خَطَايَاهُ، كَمَا تَحَاتُّ وَرَقُ الشَّجَرِ ‏\"‏‏.‏","english":{"narrator":"Narrated `Abdullah:","text":"I visited the Prophet (ﷺ) during his ailments and he was suffering from a high fever. I said, \"You have a \nhigh fever. Is it because you will have a double reward for it?\" He said, \"Yes, for no Muslim is \nafflicted with any harm but that Allah will remove his sins as the leaves of a tree fall down.\""}},{"id":8,"idInBook":8,"chapterId":75,"bookId":1,"arabic":"حَدَّثَنَا عَبْدَانُ، عَنْ أَبِي حَمْزَةَ، عَنِ الأَعْمَشِ، عَنْ إِبْرَاهِيمَ التَّيْمِيِّ، عَنِ الْحَارِثِ بْنِ سُوَيْدٍ، عَنْ عَبْدِ اللَّهِ، قَالَ دَخَلْتُ عَلَى رَسُولِ اللَّهِ صلى الله عليه وسلم وَهْوَ يُوعَكُ فَقُلْتُ يَا رَسُولَ اللَّهِ إِنَّكَ تُوعَكُ وَعْكًا شَدِيدًا‏.‏ قَالَ ‏\"‏ أَجَلْ إِنِّي أُوعَكُ كَمَا يُوعَكُ رَجُلاَنِ مِنْكُمْ ‏\"‏‏.‏ قُلْتُ ذَلِكَ أَنَّ لَكَ أَجْرَيْنِ قَالَ ‏\"‏ أَجَلْ ذَلِكَ كَذَلِكَ، مَا مِنْ مُسْلِمٍ يُصِيبُهُ أَذًى شَوْكَةٌ فَمَا فَوْقَهَا، إِلاَّ كَفَّرَ اللَّهُ بِهَا سَيِّئَاتِهِ، كَمَا تَحُطُّ الشَّجَرَةُ وَرَقَهَا ‏\"‏‏.‏","english":{"narrator":"Narrated `Abdullah:","text":"I visited Allah's Messenger (ﷺ) while he was suffering from a high fever. I said, \"O Allah's Messenger (ﷺ)! You \nhave a high fever.\" He said, \"Yes, I have as much fever as two men of you.\" I said, \"Is it because you \nwill have a double reward?\" He said, \"Yes, it is so. No Muslim is afflicted with any harm, even if it \nwere the prick of a thorn, but that Allah expiates his sins because of that, as a tree sheds its leaves.\""}},{"id":9,"idInBook":9,"chapterId":75,"bookId":1,"arabic":"حَدَّثَنَا قُتَيْبَةُ بْنُ سَعِيدٍ، حَدَّثَنَا أَبُو عَوَانَةَ، عَنْ مَنْصُورٍ، عَنْ أَبِي وَائِلٍ، عَنْ أَبِي مُوسَى الأَشْعَرِيِّ، قَالَ قَالَ رَسُولُ اللَّهِ صلى الله عليه وسلم ‏\n\"‏ أَطْعِمُوا الْجَائِعَ، وَعُودُوا الْمَرِيضَ، وَفُكُّوا الْعَانِيَ ‏\"‏‏.‏","english":{"narrator":"Narrated Abu Muisa Al-Ash`ari:","text":"The Prophet (ﷺ) said, \"Feed the hungry, visit the sick, and set free the captives.\""}},{"id":10,"idInBook":10,"chapterId":75,"bookId":1,"arabic":"حَدَّثَنَا حَفْصُ بْنُ عُمَرَ، حَدَّثَنَا شُعْبَةُ، قَالَ أَخْبَرَنِي أَشْعَثُ بْنُ سُلَيْمٍ، قَالَ سَمِعْتُ مُعَاوِيَةَ بْنَ سُوَيْدِ بْنِ مُقَرِّنٍ، عَنِ الْبَرَاءِ بْنِ عَازِبٍ ـ رضى الله عنهما ـ قَالَ أَمَرَنَا رَسُولُ اللَّهِ صلى الله عليه وسلم بِسَبْعٍ، وَنَهَانَا عَنْ سَبْعٍ، نَهَانَا عَنْ خَاتَمِ الذَّهَبِ، وَلُبْسِ الْحَرِيرِ، وَالدِّيبَاجِ، وَالإِسْتَبْرَقِ، وَعَنِ الْقَسِّيِّ، وَالْمِيثَرَةِ، وَأَمَرَنَا أَنْ نَتْبَعَ الْجَنَائِزَ، وَنَعُودَ الْمَرِيضَ، وَنُفْشِيَ السَّلاَمَ‏.‏","english":{"narrator":"Narrated Al-Bara bin Azib:","text":"Allah's Messenger (ﷺ) ordered us to do seven things and forbade us to do seven other things. He forbade us \nto wear gold rings, silk, Dibaj, Istabriq, Qissy, and Maithara; and ordered us to accompany funeral \nprocessions, visit the sick and greet everybody. (See Hadith No. 104)"}},{"id":11,"idInBook":11,"chapterId":75,"bookId":1,"arabic":"حَدَّثَنَا عَبْدُ اللَّهِ بْنُ مُحَمَّدٍ، حَدَّثَنَا سُفْيَانُ، عَنِ ابْنِ الْمُنْكَدِرِ، سَمِعَ جَابِرَ بْنَ عَبْدِ اللَّهِ ـ رضى الله عنهما ـ يَقُولُ مَرِضْتُ مَرَضًا، فَأَتَانِي النَّبِيُّ صلى الله عليه وسلم يَعُودُنِي وَأَبُو بَكْرٍ وَهُمَا مَاشِيَانِ، فَوَجَدَانِي أُغْمِيَ عَلَىَّ، فَتَوَضَّأَ النَّبِيُّ صلى الله عليه وسلم ثُمَّ صَبَّ وَضُوءَهُ عَلَىَّ، فَأَفَقْتُ فَإِذَا النَّبِيُّ صلى الله عليه وسلم فَقُلْتُ يَا رَسُولَ اللَّهِ كَيْفَ أَصْنَعُ فِي مَالِي كَيْفَ أَقْضِي فِي مَالِي فَلَمْ يُجِبْنِي بِشَىْءٍ حَتَّى نَزَلَتْ آيَةُ الْمِيرَاثِ‏.‏","english":{"narrator":"Narrated Jabir bin `Abdullah:","text":"Once I fell ill. The Prophet (ﷺ) and Abu Bakr came walking to pay me a visit and found me unconscious. \nThe Prophet (ﷺ) performed ablution and then poured the remaining water on me, and I came to my senses \nto see the Prophet. I said, \"O Allah's Messenger (ﷺ)! What shall I do with my property? How shall I dispose \nof (distribute) my property?\" He did not reply till the Verse of inheritance was revealed."}},{"id":12,"idInBook":12,"chapterId":75,"bookId":1,"arabic":"حَدَّثَنَا مُسَدَّدٌ، حَدَّثَنَا يَحْيَى، عَنْ عِمْرَانَ أَبِي بَكْرٍ، قَالَ حَدَّثَنِي عَطَاءُ بْنُ أَبِي رَبَاحٍ، قَالَ قَالَ لِي ابْنُ عَبَّاسٍ أَلاَ أُرِيكَ امْرَأَةً مِنْ أَهْلِ الْجَنَّةِ قُلْتُ بَلَى‏.‏ قَالَ هَذِهِ الْمَرْأَةُ السَّوْدَاءُ أَتَتِ النَّبِيَّ صلى الله عليه وسلم فَقَالَتْ إِنِّي أُصْرَعُ، وَإِنِّي أَتَكَشَّفُ فَادْعُ اللَّهَ لِي‏.‏ قَالَ ‏\n\"‏ إِنْ شِئْتِ صَبَرْتِ وَلَكِ الْجَنَّةُ وَإِنْ شِئْتِ دَعَوْتُ اللَّهَ أَنْ يُعَافِيَكِ ‏\"‏‏.‏ فَقَالَتْ أَصْبِرُ‏.‏ فَقَالَتْ إِنِّي أَتَكَشَّفُ فَادْعُ اللَّهَ أَنْ لاَ أَتَكَشَّفَ، فَدَعَا لَهَا‏.‏ \nحَدَّثَنَا مُحَمَّدٌ، أَخْبَرَنَا مَخْلَدٌ، عَنِ ابْنِ جُرَيْجٍ، أَخْبَرَنِي عَطَاءٌ، أَنَّهُ رَأَى أُمَّ زُفَرَ تِلْكَ، امْرَأَةٌ طَوِيلَةٌ سَوْدَاءُ عَلَى سِتْرِ الْكَعْبَةِ‏.‏","english":{"narrator":"Narrated 'Ata bin Abi Rabah:","text":"Ibn `Abbas said to me, \"Shall I show you a woman of the people of Paradise?\" I said, \"Yes.\" He said, \n\"This black lady came to the Prophet (ﷺ) and said, 'I get attacks of epilepsy and my body becomes \nuncovered; please invoke Allah for me.' The Prophet (ﷺ) said (to her), 'If you wish, be patient and you will \nhave (enter) Paradise; and if you wish, I will invoke Allah to cure you.' She said, 'I will remain \npatient,' and added, 'but I become uncovered, so please invoke Allah for me that I may not become \nuncovered.' So he invoked Allah for her.\"\n\n\nNarrated 'Ata:\n\nThat he had seen Um Zafar, the tall black lady, at (holding) the curtain of the Ka`ba."}},{"id":13,"idInBook":13,"chapterId":75,"bookId":1,"arabic":"حَدَّثَنَا عَبْدُ اللَّهِ بْنُ يُوسُفَ، حَدَّثَنَا اللَّيْثُ، قَالَ حَدَّثَنِي ابْنُ الْهَادِ، عَنْ عَمْرٍو، مَوْلَى الْمُطَّلِبِ عَنْ أَنَسِ بْنِ مَالِكٍ ـ رضى الله عنه ـ قَالَ سَمِعْتُ النَّبِيَّ صلى الله عليه وسلم يَقُولُ ‏\n\"‏ إِنَّ اللَّهَ قَالَ إِذَا ابْتَلَيْتُ عَبْدِي بِحَبِيبَتَيْهِ فَصَبَرَ عَوَّضْتُهُ مِنْهُمَا الْجَنَّةَ ‏\"‏‏.‏ يُرِيدُ عَيْنَيْهِ‏.‏ تَابَعَهُ أَشْعَثُ بْنُ جَابِرٍ وَأَبُو ظِلاَلٍ عَنْ أَنَسٍ عَنِ النَّبِيِّ صلى الله عليه وسلم‏.‏","english":{"narrator":"Narrated Anas bin Malik:","text":"I heard Allah's Messenger (ﷺ) saying, \"Allah said, 'If I deprive my slave of his two beloved things (i.e., his \neyes) and he remains patient, I will let him enter Paradise in compensation for them.'\""}},{"id":14,"idInBook":14,"chapterId":75,"bookId":1,"arabic":"حَدَّثَنَا قُتَيْبَةُ، عَنْ مَالِكٍ، عَنْ هِشَامِ بْنِ عُرْوَةَ، عَنْ أَبِيهِ، عَنْ عَائِشَةَ، أَنَّهَا قَالَتْ لَمَّا قَدِمَ رَسُولُ اللَّهِ صلى الله عليه وسلم الْمَدِينَةَ وُعِكَ أَبُو بَكْرٍ وَبِلاَلٌ ـ رضى الله عنهما ـ قَالَتْ فَدَخَلْتُ عَلَيْهِمَا قُلْتُ يَا أَبَتِ كَيْفَ تَجِدُكَ وَيَا بِلاَلُ كَيْفَ تَجِدُكَ قَالَتْ وَكَانَ أَبُو بَكْرٍ إِذَا أَخَذَتْهُ الْحُمَّى يَقُولُ كُلُّ امْرِئٍ مُصَبَّحٌ فِي أَهْلِهِ وَالْمَوْتُ أَدْنَى مِنْ شِرَاكِ نَعْلِهِ وَكَانَ بِلاَلٌ إِذَا أَقْلَعَتْ عَنْهُ يَقُولُ أَلاَ لَيْتَ شِعْرِي هَلْ أَبِيتَنَّ لَيْلَةً بَوَادٍ وَحَوْلِي إِذْخِرٌ وَجَلِيلُ وَهَلْ أَرِدَنْ يَوْمًا مِيَاهَ مِجَنَّةٍ وَهَلْ تَبْدُوَنْ لِي شَامَةٌ وَطَفِيلُ قَالَتْ عَائِشَةُ فَجِئْتُ إِلَى رَسُولِ اللَّهِ صلى الله عليه وسلم فَأَخْبَرْتُهُ فَقَالَ ‏\n\"‏ اللَّهُمَّ حَبِّبْ إِلَيْنَا الْمَدِينَةَ كَحُبِّنَا مَكَّةَ أَوْ أَشَدَّ، اللَّهُمَّ وَصَحِّحْهَا، وَبَارِكْ لَنَا فِي مُدِّهَا وَصَاعِهَا، وَانْقُلْ حُمَّاهَا فَاجْعَلْهَا بِالْجُحْفَةِ ‏\"‏‏.‏","english":{"narrator":"Narrated `Aisha:","text":"When Allah's Messenger (ﷺ) emigrated to Medina, Abu Bakr and Bilal got a fever. I entered upon them and \nasked, \"O my father! How are you? O Bilal! How are you?\" Whenever fever attacked Abu Bakr, he \nwould recite the following poetic verses: 'Everybody is staying alive among his people, yet death is \nnearer to him than his shoe laces.\" And whenever the fever deserted Bilal, he would recite (two poetic \nlines): 'Would that I could stay overnight in a valley wherein I would be surrounded by Idhkhir and \nJalil (two kinds of good smelling grass). Would that one day I would drink of the water of Majinna \nand would that Shama and Tafil (two mountains at Mecca) would appear to me.' Then I came and \ninformed Allah's Messenger (ﷺ) about that, whereupon he said, \"O Allah! Make us love Medina as much or \nmore than we love Mecca. O Allah! Make it healthy and bless its Mudd and Sa for us, and take away \nits fever and put it in Al Juhfa.\""}},{"id":15,"idInBook":15,"chapterId":75,"bookId":1,"arabic":"حَدَّثَنَا حَجَّاجُ بْنُ مِنْهَالٍ، حَدَّثَنَا شُعْبَةُ، قَالَ أَخْبَرَنِي عَاصِمٌ، قَالَ سَمِعْتُ أَبَا عُثْمَانَ، عَنْ أُسَامَةَ بْنِ زَيْدٍ ـ رضى الله عنهما ـ أَنَّ ابْنَةً لِلنَّبِيِّ، صلى الله عليه وسلم أَرْسَلَتْ إِلَيْهِ وَهْوَ مَعَ النَّبِيِّ صلى الله عليه وسلم وَسَعْدٍ وَأُبَىٍّ نَحْسِبُ أَنَّ ابْنَتِي قَدْ حُضِرَتْ فَاشْهَدْنَا فَأَرْسَلَ إِلَيْهَا السَّلاَمَ وَيَقُولُ ‏\"‏ إِنَّ لِلَّهِ مَا أَخَذَ وَمَا أَعْطَى وَكُلُّ شَىْءٍ عِنْدَهُ مُسَمًّى فَلْتَحْتَسِبْ وَلْتَصْبِرْ ‏\"‏‏.‏ فَأَرْسَلَتْ تُقْسِمُ عَلَيْهِ، فَقَامَ النَّبِيُّ صلى الله عليه وسلم وَقُمْنَا، فَرُفِعَ الصَّبِيُّ فِي حَجْرِ النَّبِيِّ صلى الله عليه وسلم وَنَفْسُهُ تَقَعْقَعُ فَفَاضَتْ عَيْنَا النَّبِيِّ صلى الله عليه وسلم فَقَالَ لَهُ سَعْدٌ مَا هَذَا يَا رَسُولَ اللَّهِ قَالَ ‏\"‏ هَذِهِ رَحْمَةٌ وَضَعَهَا اللَّهُ فِي قُلُوبِ مَنْ شَاءَ مِنْ عِبَادِهِ، وَلاَ يَرْحَمُ اللَّهُ مِنْ عِبَادِهِ إِلاَّ الرُّحَمَاءَ ‏\"‏‏.‏","english":{"narrator":"Narrated Abu `Uthman:","text":"Usama bin Zaid said that while he. Sa`d and Ubai bin Ka`b were with the Prophet (ﷺ) a daughter of the \nProphet sent a message to him, saying. 'My daughter is dying; please come to us.\" The Prophet (ﷺ) sent \nher his greetings and added \"It is for Allah what He takes, and what He gives; and everything before \nHis sight has a limited period. So she should hope for Allah's reward and remain patient.\" She again \nsent a message, beseeching him by Allah, to come. So the Prophet (ﷺ) got up. and so did we (and went \nthere). The child was placed on his lap while his breath was irregular. Tears flowed from the eyes of \nthe Prophet. Sa`d said to him, \"What is this, O Allah's Messenger (ﷺ)?\" He said. \"This Is Mercy which Allah \nhas embedded in the hearts of whomever He wished of His slaves. And Allah does not bestow His \nMercy, except on the merciful among His slaves. (See Hadith No. 373 Vol. 2)"}},{"id":16,"idInBook":16,"chapterId":75,"bookId":1,"arabic":"حَدَّثَنَا مُعَلَّى بْنُ أَسَدٍ، حَدَّثَنَا عَبْدُ الْعَزِيزِ بْنُ مُخْتَارٍ، حَدَّثَنَا خَالِدٌ، عَنْ عِكْرِمَةَ، عَنِ ابْنِ عَبَّاسٍ ـ رضى الله عنهما ـ أَنَّ النَّبِيَّ صلى الله عليه وسلم دَخَلَ عَلَى أَعْرَابِيٍّ يَعُودُهُ ـ قَالَ ـ وَكَانَ النَّبِيُّ صلى الله عليه وسلم إِذَا دَخَلَ عَلَى مَرِيضٍ يَعُودُهُ فَقَالَ لَهُ ‏\"‏ لاَ بَأْسَ طَهُورٌ إِنْ شَاءَ اللَّهُ ‏\"‏‏.‏ قَالَ قُلْتَ طَهُورٌ، كَلاَّ بَلْ هِيَ حُمَّى تَفُورُ ـ أَوْ تَثُورُ ـ عَلَى شَيْخٍ كَبِيرٍ، تُزِيرُهُ الْقُبُورَ‏.‏ فَقَالَ النَّبِيُّ صلى الله عليه وسلم ‏\"‏ فَنَعَمْ إِذًا ‏\"‏‏.‏","english":{"narrator":"Narrated Ibn `Abbas:","text":"The Prophet (ﷺ) went to visit a sick bedouin. Whenever the Prophet (ﷺ) went to a patient, he used to say to \nhim, \"Don't worry, if Allah will, it will be expiation (for your sins):\" The bedouin said, \"You say \nexpiation? No, it is but a fever that is boiling or harassing an old man and will lead him to his grave \nwithout his will.\" The Prophet (ﷺ) said, \"Then, yes, it is so.\""}},{"id":17,"idInBook":17,"chapterId":75,"bookId":1,"arabic":"حَدَّثَنَا سُلَيْمَانُ بْنُ حَرْبٍ، حَدَّثَنَا حَمَّادُ بْنُ زَيْدٍ، عَنْ ثَابِتٍ، عَنْ أَنَسٍ ـ رضى الله عنه ـ أَنَّ غُلاَمًا، لِيَهُودَ كَانَ يَخْدُمُ النَّبِيَّ صلى الله عليه وسلم فَمَرِضَ‏.‏ فَأَتَاهُ النَّبِيُّ صلى الله عليه وسلم يَعُودُهُ فَقَالَ ‏\n\"‏ أَسْلِمْ ‏\"‏‏.‏ فَأَسْلَمَ‏.‏ وَقَالَ سَعِيدُ بْنُ الْمُسَيَّبِ عَنْ أَبِيهِ، لَمَّا حُضِرَ أَبُو طَالِبٍ جَاءَهُ النَّبِيُّ صلى الله عليه وسلم‏.‏","english":{"narrator":"Narrated Anas:","text":"A Jewish boy used to serve the Prophet (ﷺ) and became ill. The Prophet (ﷺ) went to pay him a visit and said \nto him, \"Embrace Islam,\" and he did embrace Islam. Al-Musaiyab said: When Abu Talib was on his \ndeathbed, the Prophet (ﷺ) visited him."}},{"id":18,"idInBook":18,"chapterId":75,"bookId":1,"arabic":"حَدَّثَنَا مُحَمَّدُ بْنُ الْمُثَنَّى، حَدَّثَنَا يَحْيَى، حَدَّثَنَا هِشَامٌ، قَالَ أَخْبَرَنِي أَبِي، عَنْ عَائِشَةَ ـ رضى الله عنها ـ أَنَّ النَّبِيَّ صلى الله عليه وسلم دَخَلَ عَلَيْهِ نَاسٌ يَعُودُونَهُ فِي مَرَضِهِ فَصَلَّى بِهِمْ جَالِسًا فَجَعَلُوا يُصَلُّونَ قِيَامًا، فَأَشَارَ إِلَيْهِمِ اجْلِسُوا، فَلَمَّا فَرَغَ قَالَ ‏\n\"‏ إِنَّ الإِمَامَ لَيُؤْتَمُّ بِهِ، فَإِذَا رَكَعَ فَارْكَعُوا وَإِذَا رَفَعَ فَارْفَعُوا، وَإِنْ صَلَّى جَالِسًا فَصَلُّوا جُلُوسًا ‏\"‏‏.‏ قَالَ أَبُو عَبْدِ اللَّهِ قَالَ الْحُمَيْدِيُّ هَذَا الْحَدِيثُ مَنْسُوخٌ لأَنَّ النَّبِيَّ صلى الله عليه وسلم آخِرَ مَا صَلَّى صَلَّى قَاعِدًا وَالنَّاسُ خَلْفَهُ قِيَامٌ‏.‏","english":{"narrator":"Narrated `Aisha:","text":"During the ailment of the Prophet (ﷺ) some people came to visits him. He led them in prayer while sitting. \nbut they prayed standing, so he waved to them to sit down. When he had finished the prayer, he said, \n\"An Imam is to be followed, so when he bows, you should bow. and when he raises his head, you \nshould raise yours, and if he prays sitting. you should pray sitting.\" Abu `Abdullah said Al-Humaidi \nsaid, (The order of ) \"This narration has been abrogated by the last action of the Prophet (ﷺ) as he led the \nprayer sitting, while the people prayed standing behind him.'"}},{"id":19,"idInBook":19,"chapterId":75,"bookId":1,"arabic":"حَدَّثَنَا الْمَكِّيُّ بْنُ إِبْرَاهِيمَ، أَخْبَرَنَا الْجُعَيْدُ، عَنْ عَائِشَةَ بِنْتِ سَعْدٍ، أَنَّ أَبَاهَا، قَالَ تَشَكَّيْتُ بِمَكَّةَ شَكْوًا شَدِيدًا، فَجَاءَنِي النَّبِيُّ صلى الله عليه وسلم يَعُودُنِي، فَقُلْتُ يَا نَبِيَّ اللَّهِ إِنِّي أَتْرُكُ مَالاً وَإِنِّي لَمْ أَتْرُكْ إِلاَّ ابْنَةً وَاحِدَةً، فَأُوصِي بِثُلُثَىْ مَالِي وَأَتْرُكُ الثُّلُثَ فَقَالَ ‏\"‏ لاَ ‏\"‏‏.‏ قُلْتُ فَأُوصِي بِالنِّصْفِ وَأَتْرُكُ النِّصْفَ قَالَ ‏\"‏ لاَ ‏\"‏‏.‏ قُلْتُ فَأُوصِي بِالثُّلُثِ وَأَتْرُكُ لَهَا الثُّلُثَيْنِ قَالَ ‏\"‏ الثُّلُثُ وَالثُّلُثُ كَثِيرٌ ‏\"‏‏.‏ ثُمَّ وَضَعَ يَدَهُ عَلَى جَبْهَتِهِ، ثُمَّ مَسَحَ يَدَهُ عَلَى وَجْهِي وَبَطْنِي ثُمَّ قَالَ ‏\"‏ اللَّهُمَّ اشْفِ سَعْدًا وَأَتْمِمْ لَهُ هِجْرَتَهُ ‏\"‏‏.‏ فَمَا زِلْتُ أَجِدُ بَرْدَهُ عَلَى كَبِدِي فِيمَا يُخَالُ إِلَىَّ حَتَّى السَّاعَةِ‏.‏","english":{"narrator":"Narrated Sa`d:","text":"I became seriously ill at Mecca and the Prophet (ﷺ) came to visit me. I said, \"O Allah's Messenger (ﷺ)! I shall \nleave behind me a good fortune, but my heir is my only daughter; shall I bequeath two third of my \nproperty to be spent in charity and leave one third (for my heir)?\" He said, \"No.\" I said, \"Shall I \nbequeath half and leave half?\" He said, \"No.\" I said, \"Shall I bequeath one third and leave two thirds?\" \nHe said, \"One third is alright, though even one third is too much.\" Then he placed his hand on his \nforehead and passed it over my face and `Abdomen and said, \"O Allah! Cure Sa`d and complete his \nemigration.\" I feel as if I have been feeling the coldness of his hand on my liver ever since."}},{"id":20,"idInBook":20,"chapterId":75,"bookId":1,"arabic":"حَدَّثَنَا قُتَيْبَةُ، حَدَّثَنَا جَرِيرٌ، عَنِ الأَعْمَشِ، عَنْ إِبْرَاهِيمَ التَّيْمِيِّ، عَنِ الْحَارِثِ بْنِ سُوَيْدٍ، قَالَ قَالَ عَبْدُ اللَّهِ بْنُ مَسْعُودٍ دَخَلْتُ عَلَى رَسُولِ اللَّهِ صلى الله عليه وسلم وَهْوَ يُوعَكُ فَمَسِسْتُهُ بِيَدِي فَقُلْتُ يَا رَسُولَ اللَّهِ إِنَّكَ تُوعَكُ وَعْكًا شَدِيدًا‏.‏ فَقَالَ رَسُولُ اللَّهِ صلى الله عليه وسلم ‏\"‏ أَجَلْ إِنِّي أُوعَكُ كَمَا يُوعَكُ رَجُلاَنِ مِنْكُمْ ‏\"‏‏.‏ فَقُلْتُ ذَلِكَ أَنَّ لَكَ أَجْرَيْنِ‏.‏ فَقَالَ رَسُولُ اللَّهِ صلى الله عليه وسلم ‏\"‏ أَجَلْ ‏\"‏‏.‏ ثُمَّ قَالَ رَسُولُ اللَّهِ صلى الله عليه وسلم ‏\"‏ مَا مِنْ مُسْلِمٍ يُصِيبُهُ أَذًى مَرَضٌ فَمَا سِوَاهُ إِلاَّ حَطَّ اللَّهُ لَهُ سَيِّئَاتِهِ كَمَا تَحُطُّ الشَّجَرَةُ وَرَقَهَا ‏\"‏‏.‏","english":{"narrator":"Narrated `Abdullah bin Mas`ud:","text":"I visited Allah's Messenger (ﷺ) while he was suffering from a high fever. I touched him with my hand and \nsaid, \"O Allah's Messenger (ﷺ)! You have a high fever.\" Allah's Messenger (ﷺ) said, \"Yes, I have as much fever as \ntwo men of you have.\" I said, \"Is it because you will get a double reward?\" Allah's Messenger (ﷺ) said, \"Yes, \nno Muslim is afflicted with harm because of sickness or some other inconvenience, but that Allah will \nremove his sins for him as a tree sheds its leaves.\""}},{"id":21,"idInBook":21,"chapterId":75,"bookId":1,"arabic":"حَدَّثَنَا قَبِيصَةُ، حَدَّثَنَا سُفْيَانُ، عَنِ الأَعْمَشِ، عَنْ إِبْرَاهِيمَ التَّيْمِيِّ، عَنِ الْحَارِثِ بْنِ سُوَيْدٍ، عَنْ عَبْدِ اللَّهِ ـ رضى الله عنه ـ قَالَ أَتَيْتُ النَّبِيَّ صلى الله عليه وسلم فِي مَرَضِهِ فَمَسِسْتُهُ وَهْوَ يُوعَكُ وَعْكًا شَدِيدًا فَقُلْتُ إِنَّكَ لَتُوعَكُ وَعْكًا شَدِيدًا، وَذَلِكَ أَنَّ لَكَ أَجْرَيْنِ‏.‏ قَالَ ‏\n\"‏ أَجَلْ، وَمَا مِنْ مُسْلِمٍ يُصِيبُهُ أَذًى إِلاَّ حَاتَّتْ عَنْهُ خَطَايَاهُ كَمَا تَحَاتُّ وَرَقُ الشَّجَرِ ‏\"‏‏.‏","english":{"narrator":"Narrated `Abdullah:","text":"I visited the Prophet (ﷺ) during his illness and touched him while he was having a fever. I said to him, \n\"You have a high fever; is it because you will get a double reward?\" He said, \"Yes. No Muslim is \nafflicted with any harm, but that his sins will be annulled as the leave of a tree fall down.\""}},{"id":22,"idInBook":22,"chapterId":75,"bookId":1,"arabic":"حَدَّثَنَا إِسْحَاقُ، حَدَّثَنَا خَالِدُ بْنُ عَبْدِ اللَّهِ، عَنْ خَالِدٍ، عَنْ عِكْرِمَةَ، عَنِ ابْنِ عَبَّاسٍ ـ رضى الله عنهما ـ أَنَّ رَسُولَ اللَّهِ صلى الله عليه وسلم دَخَلَ عَلَى رَجُلٍ يَعُودُهُ فَقَالَ ‏\"‏ لاَ بَأْسَ طَهُورٌ إِنْ شَاءَ اللَّهُ ‏\"‏‏.‏ فَقَالَ كَلاَّ بَلْ حُمَّى تَفُورُ عَلَى شَيْخٍ كَبِيرٍ كَيْمَا تُزِيرَهُ الْقُبُورَ‏.‏ قَالَ النَّبِيُّ صلى الله عليه وسلم ‏\"‏ فَنَعَمْ إِذًا ‏\"‏‏.‏","english":{"narrator":"Narrated Ibn `Abbas:","text":"Allah's Messenger (ﷺ) entered upon sick man to pay him a visit, and said to him, \"Don't worry, Allah willing, \n(your sickness will be) an expiation for your sins.\" The man said, \"No, it is but a fever that is boiling \nwithin an old man and will send him to his grave.\" On that, the Prophet (ﷺ) said, \"Then yes, it is so.\""}},{"id":23,"idInBook":23,"chapterId":75,"bookId":1,"arabic":"حَدَّثَنِي يَحْيَى بْنُ بُكَيْرٍ، حَدَّثَنَا اللَّيْثُ، عَنْ عُقَيْلٍ، عَنِ ابْنِ شِهَابٍ، عَنْ عُرْوَةَ، أَنَّ أُسَامَةَ بْنَ زَيْدٍ، أَخْبَرَهُ أَنَّ النَّبِيَّ صلى الله عليه وسلم رَكِبَ عَلَى حِمَارٍ عَلَى إِكَافٍ عَلَى قَطِيفَةٍ فَدَكِيَّةٍ، وَأَرْدَفَ أُسَامَةَ وَرَاءَهُ يَعُودُ سَعْدَ بْنَ عُبَادَةَ قَبْلَ وَقْعَةِ بَدْرٍ فَسَارَ حَتَّى مَرَّ بِمَجْلِسٍ فِيهِ عَبْدُ اللَّهِ بْنُ أُبَىٍّ ابْنُ سَلُولَ وَذَلِكَ قَبْلَ أَنْ يُسْلِمَ عَبْدُ اللَّهِ، وَفِي الْمَجْلِسِ أَخْلاَطٌ مِنَ الْمُسْلِمِينَ وَالْمُشْرِكِينَ عَبَدَةِ الأَوْثَانِ وَالْيَهُودِ، وَفِي الْمَجْلِسِ عَبْدُ اللَّهِ بْنُ رَوَاحَةَ، فَلَمَّا غَشِيَتِ الْمَجْلِسَ عَجَاجَةُ الدَّابَّةِ خَمَّرَ عَبْدُ اللَّهِ بْنُ أُبَىٍّ أَنْفَهُ بِرِدَائِهِ، قَالَ لاَ تُغَيِّرُوا عَلَيْنَا فَسَلَّمَ النَّبِيُّ صلى الله عليه وسلم وَوَقَفَ وَنَزَلَ فَدَعَاهُمْ إِلَى اللَّهِ فَقَرَأَ عَلَيْهِمُ الْقُرْآنَ، فَقَالَ لَهُ عَبْدُ اللَّهِ بْنُ أُبَىٍّ يَا أَيُّهَا الْمَرْءُ إِنَّهُ لاَ أَحْسَنَ مِمَّا تَقُولُ إِنْ كَانَ حَقًّا، فَلاَ تُؤْذِنَا بِهِ فِي مَجْلِسِنَا، وَارْجِعْ إِلَى رَحْلِكَ فَمَنْ جَاءَكَ فَاقْصُصْ عَلَيْهِ‏.‏ قَالَ ابْنُ رَوَاحَةَ بَلَى يَا رَسُولَ اللَّهِ فَاغْشَنَا بِهِ فِي مَجَالِسِنَا فَإِنَّا نُحِبُّ ذَلِكَ فَاسْتَبَّ الْمُسْلِمُونَ وَالْمُشْرِكُونَ وَالْيَهُودُ حَتَّى كَادُوا يَتَثَاوَرُونَ فَلَمْ يَزَلِ النَّبِيُّ صلى الله عليه وسلم حَتَّى سَكَتُوا فَرَكِبَ النَّبِيُّ صلى الله عليه وسلم دَابَّتَهُ حَتَّى دَخَلَ عَلَى سَعْدِ بْنِ عُبَادَةَ فَقَالَ لَهُ ‏\n\"‏ أَىْ سَعْدُ أَلَمْ تَسْمَعْ مَا قَالَ أَبُو حُبَابٍ ‏\"‏‏.‏ يُرِيدُ عَبْدَ اللَّهِ بْنَ أُبَىٍّ‏.‏ قَالَ سَعْدٌ يَا رَسُولَ اللَّهِ اعْفُ عَنْهُ وَاصْفَحْ فَلَقَدْ أَعْطَاكَ اللَّهُ مَا أَعْطَاكَ وَلَقَدِ اجْتَمَعَ أَهْلُ هَذِهِ الْبَحْرَةِ أَنْ يُتَوِّجُوهُ فَيُعَصِّبُوهُ فَلَمَّا رَدَّ ذَلِكَ بِالْحَقِّ الَّذِي أَعْطَاكَ شَرِقَ بِذَلِكَ، فَذَلِكَ الَّذِي فَعَلَ بِهِ مَا رَأَيْتَ‏.‏","english":{"narrator":"Narrated Usama bin Zaid:","text":"The Prophet (ﷺ) rode a donkey having a saddle with a Fadakiyya velvet covering. He mounted me behind \nhim and went to visit Sa`d bin 'Ubada, and that had been before the battle of Badr. The Prophet (ﷺ) \nproceeded till he passed by a gathering in which `Abdullah bin Ubai bin Salul was present, and that \nhad been before `Abdullah embraced Islam. The gathering comprised of Muslims, polytheists, i.e., \nisolators and Jews. `Abdullah bin Rawaha was also present in that gathering. When dust raised by the \ndonkey covered the gathering, `Abdullah bin Ubai covered his nose with his upper garment and said, \n\"Do not trouble us with dust.\" The Prophet (ﷺ) greeted them, stopped and dismounted. Then he invited \nthem to Allah (i.e., to embrace Islam) and recited to them some verses of the Holy Qur'an. On that, \n`Abdullah bin Ubai said, \"O man ! There is nothing better than what you say if it is true. Do not \ntrouble us with it in our gathering, but return to your house, and if somebody comes to you, teach him \nthere.\" On that `Abdullah bin Rawaha said, Yes, O Allah's Messenger (ﷺ)! Bring your teachings to our \ngathering, for we love that.\" So the Muslims, the pagans and the Jews started abusing each other till \nthey were about to fight. The Prophet (ﷺ) kept on quietening them till they became calm. Thereupon the \nProphet mounted his animal and proceeded till he entered upon Sa`d bin Ubada. He said to him \"O \nSa`d! Have you not heard what Abu Hubab (i.e., `Abdullah bin Ubai) said?\" Sa`d said, 'O Allah's \nApostle! Excuse and forgive him, for Allah has given you what He has given you. The people of this \ntown (Medina decided unanimously to crown him and make him their chief by placing a turban on his \nhead, but when that was prevented by the Truth which Allah had given you he (`Abdullah bin Ubai) \nwas grieved out of jealously, and that was the reason which caused him to behave in the way you have \nseen.\""}},{"id":24,"idInBook":24,"chapterId":75,"bookId":1,"arabic":"حَدَّثَنَا عَمْرُو بْنُ عَبَّاسٍ، حَدَّثَنَا عَبْدُ الرَّحْمَنِ، حَدَّثَنَا سُفْيَانُ، عَنْ مُحَمَّدٍ ـ هُوَ ابْنُ الْمُنْكَدِرِ ـ عَنْ جَابِرٍ ـ رضى الله عنه ـ قَالَ جَاءَنِي النَّبِيُّ صلى الله عليه وسلم يَعُودُنِي لَيْسَ بِرَاكِبِ بَغْلٍ وَلاَ بِرْذَوْنٍ‏.‏","english":{"narrator":"Narrated Jabir:","text":"The Prophet (ﷺ) came to visit me (while I was sick) and he was riding neither a mule, nor a horse."}},{"id":25,"idInBook":25,"chapterId":75,"bookId":1,"arabic":"حَدَّثَنَا قَبِيصَةُ، حَدَّثَنَا سُفْيَانُ، عَنِ ابْنِ أَبِي نَجِيحٍ، وَأَيُّوبَ، عَنْ مُجَاهِدٍ، عَنْ عَبْدِ الرَّحْمَنِ بْنِ أَبِي لَيْلَى، عَنْ كَعْبِ بْنِ عُجْرَةَ ـ رضى الله عنه‏.‏ مَرَّ بِيَ النَّبِيُّ صلى الله عليه وسلم وَأَنَا أُوقِدُ تَحْتَ الْقِدْرِ فَقَالَ ‏\n\"‏ أَيُؤْذِيكَ هَوَامُّ رَأْسِكَ ‏\"‏‏.‏ قُلْتُ نَعَمْ‏.‏ فَدَعَا الْحَلاَّقَ فَحَلَقَهُ ثُمَّ أَمَرَنِي بِالْفِدَاءِ‏.‏","english":{"narrator":"Narrated Ka`b bin 'Ujara:","text":"The Prophet (ﷺ) passed by me while I was kindling a fire under a (cooking) pot. He said, \"Do the lice of \nyour head trouble you?\" I said, \"Yes.\" So he called a barber to shave my head and ordered me to make \nexpiation for that.\""}},{"id":26,"idInBook":26,"chapterId":75,"bookId":1,"arabic":"حَدَّثَنَا يَحْيَى بْنُ يَحْيَى أَبُو زَكَرِيَّاءَ، أَخْبَرَنَا سُلَيْمَانُ بْنُ بِلاَلٍ، عَنْ يَحْيَى بْنِ سَعِيدٍ، قَالَ سَمِعْتُ الْقَاسِمَ بْنَ مُحَمَّدٍ، قَالَ قَالَتْ عَائِشَةُ وَارَأْسَاهْ‏.‏ فَقَالَ رَسُولُ اللَّهِ صلى الله عليه وسلم ‏\"‏ ذَاكِ لَوْ كَانَ وَأَنَا حَىٌّ، فَأَسْتَغْفِرُ لَكِ وَأَدْعُو لَكِ ‏\"‏‏.‏ فَقَالَتْ عَائِشَةُ وَاثُكْلِيَاهْ، وَاللَّهِ إِنِّي لأَظُنُّكَ تُحِبُّ مَوْتِي، وَلَوْ كَانَ ذَاكَ لَظَلِلْتَ آخِرَ يَوْمِكَ مُعَرِّسًا بِبَعْضِ أَزْوَاجِكَ‏.‏ فَقَالَ النَّبِيُّ صلى الله عليه وسلم ‏\"‏ بَلْ أَنَا وَارَأْسَاهْ لَقَدْ هَمَمْتُ أَوْ أَرَدْتُ أَنْ أُرْسِلَ إِلَى أَبِي بَكْرٍ وَابْنِهِ، وَأَعْهَدَ أَنْ يَقُولَ الْقَائِلُونَ أَوْ يَتَمَنَّى الْمُتَمَنُّونَ، ثُمَّ قُلْتُ يَأْبَى اللَّهُ وَيَدْفَعُ الْمُؤْمِنُونَ، أَوْ يَدْفَعُ اللَّهُ وَيَأْبَى الْمُؤْمِنُونَ ‏\"‏‏.‏","english":{"narrator":"Narrated Al-Qasim bin Muhammad:","text":"`Aisha, (complaining of headache) said, \"Oh, my head\"! Allah's Messenger (ﷺ) said, \"I wish that had \nhappened while I was still living, for then I would ask Allah's Forgiveness for you and invoke Allah \nfor you.\" Aisha said, \"Wa thuklayah! By Allah, I think you want me to die; and If this should happen, \nyou would spend the last part of the day sleeping with one of your wives!\" The Prophet (ﷺ) said, \"Nay, I \nshould say, 'Oh my head!' I felt like sending for Abu Bakr and his son, and appoint him as my \nsuccessor lest some people claimed something or some others wished something, but then I said (to \nmyself), 'Allah would not allow it to be otherwise, and the Muslims would prevent it to be otherwise\"."}},{"id":27,"idInBook":27,"chapterId":75,"bookId":1,"arabic":"حَدَّثَنَا مُوسَى، حَدَّثَنَا عَبْدُ الْعَزِيزِ بْنُ مُسْلِمٍ، حَدَّثَنَا سُلَيْمَانُ، عَنْ إِبْرَاهِيمَ التَّيْمِيِّ، عَنِ الْحَارِثِ بْنِ سُوَيْدٍ، عَنِ ابْنِ مَسْعُودٍ ـ رضى الله عنه ـ قَالَ دَخَلْتُ عَلَى النَّبِيِّ صلى الله عليه وسلم وَهْوَ يُوعَكُ فَمَسِسْتُهُ فَقُلْتُ إِنَّكَ لَتُوعَكُ وَعْكًا شَدِيدًا‏.‏ قَالَ ‏\"‏ أَجَلْ كَمَا يُوعَكُ رَجُلاَنِ مِنْكُمْ ‏\"‏‏.‏ قَالَ لَكَ أَجْرَانِ قَالَ ‏\"‏ نَعَمْ مَا مِنْ مُسْلِمٍ يُصِيبُهُ أَذًى مَرَضٌ فَمَا سِوَاهُ إِلاَّ حَطَّ اللَّهُ سَيِّئَاتِهِ كَمَا تَحُطُّ الشَّجَرَةُ وَرَقَهَا ‏\"‏‏.‏","english":{"narrator":"Narrated Ibn Mas`ud:","text":"I visited the Prophet (ﷺ) while he was having a high fever. I touched him an said, \"You have a very high \nfever\" He said, \"Yes, as much fever as two me of you may have.\" I said. \"you will have a double \nreward?\" He said, \"Yes No Muslim is afflicted with hurt caused by disease or some other \ninconvenience, but that Allah will remove his sins as a tree sheds its leaves.\""}},{"id":28,"idInBook":28,"chapterId":75,"bookId":1,"arabic":"حَدَّثَنَا مُوسَى بْنُ إِسْمَاعِيلَ، حَدَّثَنَا عَبْدُ الْعَزِيزِ بْنُ عَبْدِ اللَّهِ بْنِ أَبِي سَلَمَةَ، أَخْبَرَنَا الزُّهْرِيُّ، عَنْ عَامِرِ بْنِ سَعْدٍ، عَنْ أَبِيهِ، قَالَ جَاءَنَا رَسُولُ اللَّهِ صلى الله عليه وسلم يَعُودُنِي مِنْ وَجَعٍ اشْتَدَّ بِي زَمَنَ حَجَّةِ الْوَدَاعِ فَقُلْتُ بَلَغَ بِي مَا تَرَى وَأَنَا ذُو مَالٍ وَلاَ يَرِثُنِي إِلاَّ ابْنَةٌ لِي أَفَأَتَصَدَّقُ بِثُلُثَىْ مَالِي قَالَ ‏\"‏ لاَ ‏\"‏‏.‏ قُلْتُ بِالشَّطْرِ قَالَ ‏\"‏ لاَ ‏\"‏‏.‏ قُلْتُ الثُّلُثُ قَالَ ‏\"‏ الثُّلُثُ كَثِيرٌ، أَنْ تَدَعَ وَرَثَتَكَ أَغْنِيَاءَ خَيْرٌ مِنْ أَنْ تَذَرَهُمْ عَالَةً يَتَكَفَّفُونَ النَّاسَ وَلَنْ تُنْفِقَ نَفَقَةً تَبْتَغِي بِهَا وَجْهَ اللَّهِ إِلاَّ أُجِرْتَ عَلَيْهَا حَتَّى مَا تَجْعَلُ فِي فِي امْرَأَتِكَ ‏\"‏‏.‏","english":{"narrator":"Narrated Sa`d:","text":"Allah's Messenger (ﷺ) came to visit me during my ailment which had been aggravated during Hajjat-al- \nWada`. I said to him, \"You see how sick I am. I have much property but have no heir except my only \ndaughter May I give two thirds of my property in charity?\"! He said, \"No.\" I said, \"Half of it?\" He \nsaid, \"No.\" I said \"One third?\" He said, \"One third is too much, for to leave your heirs rich is better \nthan to leave them poor, begging of others. Nothing you spend seeking Allah's pleasure but you shall \nget a reward for it, even for what you put in the mouth of your wife.\""}},{"id":29,"idInBook":29,"chapterId":75,"bookId":1,"arabic":"حَدَّثَنَا إِبْرَاهِيمُ بْنُ مُوسَى، حَدَّثَنَا هِشَامٌ، عَنْ مَعْمَرٍ، وَحَدَّثَنِي عَبْدُ اللَّهِ بْنُ مُحَمَّدٍ، حَدَّثَنَا عَبْدُ الرَّزَّاقِ، أَخْبَرَنَا مَعْمَرٌ، عَنِ الزُّهْرِيِّ، عَنْ عُبَيْدِ اللَّهِ بْنِ عَبْدِ اللَّهِ، عَنِ ابْنِ عَبَّاسٍ ـ رضى الله عنهما ـ قَالَ لَمَّا حُضِرَ رَسُولُ اللَّهِ صلى الله عليه وسلم وَفِي الْبَيْتِ رِجَالٌ فِيهِمْ عُمَرُ بْنُ الْخَطَّابِ قَالَ النَّبِيُّ صلى الله عليه وسلم ‏\"‏ هَلُمَّ أَكْتُبْ لَكُمْ كِتَابًا لاَ تَضِلُّوا بَعْدَهُ ‏\"‏‏.‏ فَقَالَ عُمَرُ إِنَّ النَّبِيَّ صلى الله عليه وسلم قَدْ غَلَبَ عَلَيْهِ الْوَجَعُ وَعِنْدَكُمُ الْقُرْآنُ، حَسْبُنَا كِتَابُ اللَّهِ فَاخْتَلَفَ أَهْلُ الْبَيْتِ فَاخْتَصَمُوا، مِنْهُمْ مَنْ يَقُولُ قَرِّبُوا يَكْتُبْ لَكُمُ النَّبِيُّ صلى الله عليه وسلم كِتَابًا لَنْ تَضِلُّوا بَعْدَهُ، وَمِنْهُمْ مَنْ يَقُولُ مَا قَالَ عُمَرُ فَلَمَّا أَكْثَرُوا اللَّغْوَ وَالاِخْتِلاَفَ عِنْدَ النَّبِيِّ صلى الله عليه وسلم قَالَ رَسُولُ اللَّهِ صلى الله عليه وسلم ‏\"‏ قُومُوا ‏\"‏‏.‏ قَالَ عُبَيْدُ اللَّهِ فَكَانَ ابْنُ عَبَّاسٍ يَقُولُ إِنَّ الرَّزِيَّةَ كُلَّ الرَّزِيَّةِ مَا حَالَ بَيْنَ رَسُولِ اللَّهِ صلى الله عليه وسلم وَبَيْنَ أَنْ يَكْتُبَ لَهُمْ ذَلِكَ الْكِتَابَ مِنِ اخْتِلاَفِهِمْ وَلَغَطِهِمْ‏.‏","english":{"narrator":"Narrated Ibn `Abbas:","text":"When Allah's Messenger (ﷺ) was on his death-bed and in the house there were some people among whom \nwas `Umar bin Al-Khattab, the Prophet (ﷺ) said, \"Come, let me write for you a statement after which you \nwill not go astray.\" `Umar said, \"The Prophet (ﷺ) is seriously ill and you have the Qur'an; so the Book of \nAllah is enough for us.\" The people present in the house differed and quarrelled. Some said \"Go near \nso that the Prophet (ﷺ) may write for you a statement after which you will not go astray,\" while the others \nsaid as `Umar said. When they caused a hue and cry before the Prophet, Allah's Messenger (ﷺ) said, \"Go \naway!\" Narrated 'Ubaidullah: Ibn `Abbas used to say, \"It was very unfortunate that Allah's Messenger (ﷺ) \nwas prevented from writing that statement for them because of their disagreement and noise.\""}},{"id":30,"idInBook":30,"chapterId":75,"bookId":1,"arabic":"حَدَّثَنَا إِبْرَاهِيمُ بْنُ حَمْزَةَ، حَدَّثَنَا حَاتِمٌ ـ هُوَ ابْنُ إِسْمَاعِيلَ ـ عَنِ الْجُعَيْدِ، قَالَ سَمِعْتُ السَّائِبَ، يَقُولُ ذَهَبَتْ بِي خَالَتِي إِلَى رَسُولِ اللَّهِ صلى الله عليه وسلم فَقَالَتْ يَا رَسُولَ اللَّهِ إِنَّ ابْنَ أُخْتِي وَجِعٌ فَمَسَحَ رَأْسِي وَدَعَا لِي بِالْبَرَكَةِ، ثُمَّ تَوَضَّأَ فَشَرِبْتُ مِنْ وَضُوئِهِ وَقُمْتُ خَلْفَ ظَهْرِهِ فَنَظَرْتُ إِلَى خَاتَمِ النُّبُوَّةِ بَيْنَ كَتِفَيْهِ مِثْلَ زِرِّ الْحَجَلَةِ‏.‏","english":{"narrator":"Narrated As-Sa'ib:","text":"My aunt took me to Allah's Messenger (ﷺ) and said, \"O Allah's Messenger (ﷺ)! My nephew is- ill.\" The Prophet (ﷺ) \ntouched my head with his hand and invoked Allah to bless me. He then performed ablution and I \ndrank of the remaining water of his ablution and then stood behind his back and saw \"Khatam An- \nNubuwwa\" (The Seal of Prophethood) between his shoulders like a button of a tent."}},{"id":31,"idInBook":31,"chapterId":75,"bookId":1,"arabic":"حَدَّثَنَا آدَمُ، حَدَّثَنَا شُعْبَةُ، حَدَّثَنَا ثَابِتٌ الْبُنَانِيُّ، عَنْ أَنَسِ بْنِ مَالِكٍ ـ رضى الله عنه ـ قَالَ النَّبِيُّ صلى الله عليه وسلم ‏\n\"‏ لاَ يَتَمَنَّيَنَّ أَحَدُكُمُ الْمَوْتَ مِنْ ضُرٍّ أَصَابَهُ، فَإِنْ كَانَ لاَ بُدَّ فَاعِلاً فَلْيَقُلِ اللَّهُمَّ أَحْيِنِي مَا كَانَتِ الْحَيَاةُ خَيْرًا لِي، وَتَوَفَّنِي إِذَا كَانَتِ الْوَفَاةُ خَيْرًا لِي ‏\"‏‏.‏","english":{"narrator":"Narrated Anas bin Malik:","text":"The Prophet (ﷺ) said, \"None of you should wish for death because of a calamity befalling him; but if he \nhas to wish for death, he should say: \"O Allah! Keep me alive as long as life is better for me, and let \nme die if death is better for me.' \""}},{"id":32,"idInBook":32,"chapterId":75,"bookId":1,"arabic":"حَدَّثَنَا آدَمُ، حَدَّثَنَا شُعْبَةُ، عَنْ إِسْمَاعِيلَ بْنِ أَبِي خَالِدٍ، عَنْ قَيْسِ بْنِ أَبِي حَازِمٍ، قَالَ دَخَلْنَا عَلَى خَبَّابٍ نَعُودُهُ وَقَدِ اكْتَوَى سَبْعَ كَيَّاتٍ فَقَالَ إِنَّ أَصْحَابَنَا الَّذِينَ سَلَفُوا مَضَوْا وَلَمْ تَنْقُصْهُمُ الدُّنْيَا وَإِنَّا أَصَبْنَا مَا لاَ نَجِدُ لَهُ مَوْضِعًا إِلاَّ التُّرَابَ وَلَوْلاَ أَنَّ النَّبِيَّ صلى الله عليه وسلم نَهَانَا أَنْ نَدْعُوَ بِالْمَوْتِ لَدَعَوْتُ بِهِ، ثُمَّ أَتَيْنَاهُ مَرَّةً أُخْرَى وَهْوَ يَبْنِي حَائِطًا لَهُ فَقَالَ إِنَّ الْمُسْلِمَ لَيُوجَرُ فِي كُلِّ شَىْءٍ يُنْفِقُهُ إِلاَّ فِي شَىْءٍ يَجْعَلُهُ فِي هَذَا التُّرَابِ‏.‏","english":{"narrator":"Narrated Qais bin Abi Hazim:","text":"We went to pay a visit to Khabbab (who was sick) and he had been branded (cauterized) at seven \nplaces in his body. He said, \"Our companions who died (during the lifetime of the Prophet) left (this \nworld) without having their rewards reduced through enjoying the pleasures of this life, but we have \ngot (so much) wealth that we find no way to spend It except on the construction of buildings Had the \nProphet not forbidden us to wish for death, I would have wished for it.' We visited him for the second \ntime while he was building a wall. He said, A Muslim is rewarded (in the Hereafter) for whatever he \nspends except for something that he spends on building.\""}},{"id":33,"idInBook":33,"chapterId":75,"bookId":1,"arabic":"حَدَّثَنَا أَبُو الْيَمَانِ، أَخْبَرَنَا شُعَيْبٌ، عَنِ الزُّهْرِيِّ، قَالَ أَخْبَرَنِي أَبُو عُبَيْدٍ، مَوْلَى عَبْدِ الرَّحْمَنِ بْنِ عَوْفٍ أَنَّ أَبَا هُرَيْرَةَ، قَالَ سَمِعْتُ رَسُولَ اللَّهِ صلى الله عليه وسلم يَقُولُ ‏\"‏ لَنْ يُدْخِلَ أَحَدًا عَمَلُهُ الْجَنَّةَ ‏\"‏‏.‏ قَالُوا وَلاَ أَنْتَ يَا رَسُولَ اللَّهِ قَالَ ‏\"‏ لاَ، وَلاَ أَنَا إِلاَّ أَنْ يَتَغَمَّدَنِي اللَّهُ بِفَضْلٍ وَرَحْمَةٍ فَسَدِّدُوا وَقَارِبُوا وَلاَ يَتَمَنَّيَنَّ أَحَدُكُمُ الْمَوْتَ إِمَّا مُحْسِنًا فَلَعَلَّهُ أَنْ يَزْدَادَ خَيْرًا، وَإِمَّا مُسِيئًا فَلَعَلَّهُ أَنْ يَسْتَعْتِبَ ‏\"‏‏.‏","english":{"narrator":"Narrated Abu Huraira:","text":"I heard Allah's Messenger (ﷺ) saying, \"The good deeds of any person will not make him enter Paradise.\" \n(i.e., None can enter Paradise through his good deeds.) They (the Prophet's companions) said, 'Not \neven you, O Allah's Messenger (ﷺ)?' He said, \"Not even myself, unless Allah bestows His favor and mercy \non me.\" So be moderate in your religious deeds and do the deeds that are within your ability: and none \nof you should wish for death, for if he is a good doer, he may increase his good deeds, and if he is an \nevil doer, he may repent to Allah.\""}},{"id":34,"idInBook":34,"chapterId":75,"bookId":1,"arabic":"حَدَّثَنَا عَبْدُ اللَّهِ بْنُ أَبِي شَيْبَةَ، حَدَّثَنَا أَبُو أُسَامَةَ، عَنْ هِشَامٍ، عَنْ عَبَّادِ بْنِ عَبْدِ اللَّهِ بْنِ الزُّبَيْرِ، قَالَ سَمِعْتُ عَائِشَةَ ـ رضى الله عنها ـ قَالَتْ سَمِعْتُ النَّبِيَّ صلى الله عليه وسلم وَهْوَ مُسْتَنِدٌ إِلَىَّ يَقُولُ ‏\n\"‏ اللَّهُمَّ اغْفِرْ لِي وَارْحَمْنِي وَأَلْحِقْنِي بِالرَّفِيقِ الأَعْلَى ‏\"‏‏.‏","english":{"narrator":"Narrated `Aisha:","text":"I heard the Prophet (ﷺ) , who was resting against me, saying, \"O Allah! Excuse me and bestow Your \nMercy on me and let me join with the highest companions (in Paradise).\" See Qur'an (4.69)"}},{"id":35,"idInBook":35,"chapterId":75,"bookId":1,"arabic":"حَدَّثَنَا مُوسَى بْنُ إِسْمَاعِيلَ، حَدَّثَنَا أَبُو عَوَانَةَ، عَنْ مَنْصُورٍ، عَنْ إِبْرَاهِيمَ، عَنْ مَسْرُوقٍ، عَنْ عَائِشَةَ ـ رضى الله عنها أَنَّ رَسُولَ اللَّهِ صلى الله عليه وسلم كَانَ إِذَا أَتَى مَرِيضًا ـ أَوْ أُتِيَ بِهِ ـ قَالَ ‏\n\"‏ أَذْهِبِ الْبَاسَ رَبَّ النَّاسِ، اشْفِ وَأَنْتَ الشَّافِي لاَ شِفَاءَ إِلاَّ شِفَاؤُكَ، شِفَاءً لاَ يُغَادِرُ سَقَمًا ‏\"‏‏.‏ قَالَ عَمْرُو بْنُ أَبِي قَيْسٍ وَإِبْرَاهِيمُ بْنُ طَهْمَانَ عَنْ مَنْصُورٍ عَنْ إِبْرَاهِيمَ وَأَبِي الضُّحَى إِذَا أُتِيَ بِالْمَرِيضِ، وَقَالَ جَرِيرٌ عَنْ مَنْصُورٍ عَنْ أَبِي الضُّحَى وَحْدَهُ، وَقَالَ إِذَا أَتَى مَرِيضًا‏.‏","english":{"narrator":"Narrated `Aisha:","text":"Whenever Allah's Messenger (ﷺ) paid a visit to a patient, or a patient was brought to him, he used to invoke \nAllah, saying, \"Take away the disease, O the Lord of the people! Cure him as You are the One Who \ncures. There is no cure but Yours, a cure that leaves no disease.\""}},{"id":36,"idInBook":36,"chapterId":75,"bookId":1,"arabic":"حَدَّثَنَا مُحَمَّدُ بْنُ بَشَّارٍ، حَدَّثَنَا غُنْدَرٌ، حَدَّثَنَا شُعْبَةُ، عَنْ مُحَمَّدِ بْنِ الْمُنْكَدِرِ، قَالَ سَمِعْتُ جَابِرَ بْنَ عَبْدِ اللَّهِ ـ رضى الله عنهما ـ قَالَ دَخَلَ عَلَىَّ النَّبِيُّ صلى الله عليه وسلم وَأَنَا مَرِيضٌ فَتَوَضَّأَ فَصَبَّ عَلَىَّ أَوْ قَالَ صُبُّوا عَلَيْهِ فَعَقَلْتُ فَقُلْتُ لاَ يَرِثُنِي إِلاَّ كَلاَلَةٌ، فَكَيْفَ الْمِيرَاثُ فَنَزَلَتْ آيَةُ الْفَرَائِضِ‏.‏","english":{"narrator":"Narrated Jabir bin `Abdullah:","text":"The Prophet (ﷺ) came to me while I was ill. He performed ablution and threw the remaining water on me \n(or said, \"Pour it on him) \" When I came to my senses I said, \"O Allah's Messenger (ﷺ)! I have no son or \nfather to be my heir, so how will be my inheritance?\" Then the Verse of inheritance was revealed."}},{"id":37,"idInBook":37,"chapterId":75,"bookId":1,"arabic":"حَدَّثَنَا إِسْمَاعِيلُ، حَدَّثَنِي مَالِكٌ، عَنْ هِشَامِ بْنِ عُرْوَةَ، عَنْ أَبِيهِ، عَنْ عَائِشَةَ ـ رضى الله عنها ـ أَنَّهَا قَالَتْ لَمَّا قَدِمَ رَسُولُ اللَّهِ صلى الله عليه وسلم وُعِكَ أَبُو بَكْرٍ وَبِلاَلٌ قَالَتْ فَدَخَلْتُ عَلَيْهِمَا فَقُلْتُ يَا أَبَتِ كَيْفَ تَجِدُكَ وَيَا بِلاَلُ كَيْفَ تَجِدُكَ قَالَتْ وَكَانَ أَبُو بَكْرٍ إِذَا أَخَذَتْهُ الْحُمَّى يَقُولُ كُلُّ امْرِئٍ مُصَبَّحٌ فِي أَهْلِهِ وَالْمَوْتُ أَدْنَى مِنْ شِرَاكِ نَعْلِهِ وَكَانَ بِلاَلٌ إِذَا أُقْلِعَ عَنْهُ يَرْفَعُ عَقِيرَتَهُ فَيَقُولُ أَلاَ لَيْتَ شِعْرِي هَلْ أَبِيتَنَّ لَيْلَةً بِوَادٍ وَحَوْلِي إِذْخِرٌ وَجَلِيلُ وَهَلْ أَرِدَنْ يَوْمًا مِيَاهَ مِجَنَّةٍ وَهَلْ تَبْدُوَنْ لِي شَامَةٌ وَطَفِيلُ قَالَ قَالَتْ عَائِشَةُ فَجِئْتُ رَسُولَ اللَّهِ صلى الله عليه وسلم فَأَخْبَرْتُهُ فَقَالَ ‏\n\"‏ اللَّهُمَّ حَبِّبْ إِلَيْنَا الْمَدِينَةَ كَحُبِّنَا مَكَّةَ أَوْ أَشَدَّ وَصَحِّحْهَا وَبَارِكْ لَنَا فِي صَاعِهَا وَمُدِّهَا وَانْقُلْ حُمَّاهَا فَاجْعَلْهَا بِالْجُحْفَةِ ‏\"‏‏.‏","english":{"narrator":"Narrated `Aisha:","text":"When Allah's Messenger (ﷺ) emigrated to Medina, Abu Bakr and Bilal had a fever. I entered upon them and \nsaid, \"O my father! How are you? O Bilal! How are you?\" Whenever Abu Bakr got the fever he used \nto say, \"Everybody is staying alive with his people, yet death is nearer to him than his shoe laces.\" \nAnd when fever deserted Bilal, he would recite (two poetic verses): \"Would that I could stay \novernight in a valley wherein I would be surrounded by Idhkhir and Jalil (two kinds of good smelling \ngrass). Would that one day I could drink of the water of Majinna, and would that Shama and Tafil \n(two mountains at Mecca) would appear to me!\" I went to Allah's Messenger (ﷺ) and informed him about \nthat. He said, \"O Allah! Make us love Medina as much or more than we love Mecca, and make it \nhealthy, and bless its Sa and its Mudd, and take away its fever and put it in Al-Juhfa.\" (See Hadith No \n558) ."}}],"chapter":{"id":75,"bookId":1,"arabic":"كتاب المرضى","english":"Patients"}}