{"metadata":{"length":26,"arabic":{"title":"صحيح البخاري","author":"الإمام محمد بن إسماعيل البخاري","introduction":"كتاب القدر"},"english":{"title":"Sahih al-Bukhari","author":"Imam Muhammad ibn Ismail al-Bukhari","introduction":"Divine Will (Al-Qadar)"}},"hadiths":[{"id":1,"idInBook":1,"chapterId":82,"bookId":1,"arabic":"حَدَّثَنَا أَبُو الْوَلِيدِ، هِشَامُ بْنُ عَبْدِ الْمَلِكِ حَدَّثَنَا شُعْبَةُ، أَنْبَأَنِي سُلَيْمَانُ الأَعْمَشُ، قَالَ سَمِعْتُ زَيْدَ بْنَ وَهْبٍ، عَنْ عَبْدِ اللَّهِ، قَالَ حَدَّثَنَا رَسُولُ اللَّهِ صلى الله عليه وسلم وَهْوَ الصَّادِقُ الْمَصْدُوقُ قَالَ ‏\n\"‏ إِنَّ أَحَدَكُمْ يُجْمَعُ فِي بَطْنِ أُمِّهِ أَرْبَعِينَ يَوْمًا، ثُمَّ عَلَقَةً مِثْلَ ذَلِكَ، ثُمَّ يَكُونُ مُضْغَةً مِثْلَ ذَلِكَ، ثُمَّ يَبْعَثُ اللَّهُ مَلَكًا فَيُؤْمَرُ بِأَرْبَعٍ بِرِزْقِهِ، وَأَجَلِهِ، وَشَقِيٌّ، أَوْ سَعِيدٌ، فَوَاللَّهِ إِنَّ أَحَدَكُمْ ـ أَوِ الرَّجُلَ ـ يَعْمَلُ بِعَمَلِ أَهْلِ النَّارِ، حَتَّى مَا يَكُونُ بَيْنَهُ وَبَيْنَهَا غَيْرُ بَاعٍ أَوْ ذِرَاعٍ، فَيَسْبِقُ عَلَيْهِ الْكِتَابُ، فَيَعْمَلُ بِعَمَلِ أَهْلِ الْجَنَّةِ، فَيَدْخُلُهَا، وَإِنَّ الرَّجُلَ لَيَعْمَلُ بِعَمَلِ أَهْلِ الْجَنَّةِ، حَتَّى مَا يَكُونُ بَيْنَهُ وَبَيْنَهَا غَيْرُ ذِرَاعٍ أَوْ ذِرَاعَيْنِ، فَيَسْبِقُ عَلَيْهِ الْكِتَابُ، فَيَعْمَلُ بِعَمَلِ أَهْلِ النَّارِ، فَيَدْخُلُهَا ‏\"‏‏.‏ قَالَ آدَمُ إِلاَّ ذِرَاعٌ‏.‏","english":{"narrator":"Narrated `Abdullah:","text":"Allah's Messenger (ﷺ), the truthful and truly-inspired, said, \"Each one of you collected in the womb of his \nmother for forty days, and then turns into a clot for an equal period (of forty days) and turns into a \npiece of flesh for a similar period (of forty days) and then Allah sends an angel and orders him to \nwrite four things, i.e., his provision, his age, and whether he will be of the wretched or the blessed (in \nthe Hereafter). Then the soul is breathed into him. And by Allah, a person among you (or a man) may \ndo deeds of the people of the Fire till there is only a cubit or an arm-breadth distance between him and \nthe Fire, but then that writing (which Allah has ordered the angel to write) precedes, and he does the \ndeeds of the people of Paradise and enters it; and a man may do the deeds of the people of Paradise till \nthere is only a cubit or two between him and Paradise, and then that writing precedes and he does the \ndeeds of the people of the Fire and enters it.\""}},{"id":2,"idInBook":2,"chapterId":82,"bookId":1,"arabic":"حَدَّثَنَا سُلَيْمَانُ بْنُ حَرْبٍ، حَدَّثَنَا حَمَّادٌ، عَنْ عُبَيْدِ اللَّهِ بْنِ أَبِي بَكْرِ بْنِ أَنَسٍ، عَنْ أَنَسِ بْنِ مَالِكٍ ـ رضى الله عنه ـ عَنِ النَّبِيِّ صلى الله عليه وسلم قَالَ ‏\n\"‏ وَكَّلَ اللَّهُ بِالرَّحِمِ مَلَكًا فَيَقُولُ أَىْ رَبِّ نُطْفَةٌ، أَىْ رَبِّ عَلَقَةٌ، أَىْ رَبِّ مُضْغَةٌ‏.‏ فَإِذَا أَرَادَ اللَّهُ أَنْ يَقْضِيَ خَلْقَهَا قَالَ أَىْ رَبِّ ذَكَرٌ أَمْ أُنْثَى أَشَقِيٌّ أَمْ سَعِيدٌ فَمَا الرِّزْقُ فَمَا الأَجَلُ فَيُكْتَبُ كَذَلِكَ فِي بَطْنِ أُمِّهِ ‏\"‏‏.‏","english":{"narrator":"Narrated Anas bin Malik:","text":"The Prophet (ﷺ) said, \"Allah puts an angel in charge of the uterus and the angel says, 'O Lord, (it is) \nsemen! O Lord, (it is now ) a clot! O Lord, (it is now) a piece of flesh.' And then, if Allah wishes to \ncomplete its creation, the angel asks, 'O Lord, (will it be) a male or a female? A wretched (an evil \ndoer) or a blessed (doer of good)? How much will his provisions be? What will his age be?' So all that \nis written while the creature is still in the mother's womb.\""}},{"id":3,"idInBook":3,"chapterId":82,"bookId":1,"arabic":"حَدَّثَنَا آدَمُ، حَدَّثَنَا شُعْبَةُ، حَدَّثَنَا يَزِيدُ الرِّشْكُ، قَالَ سَمِعْتُ مُطَرِّفَ بْنَ عَبْدِ اللَّهِ بْنِ الشِّخِّيرِ، يُحَدِّثُ عَنْ عِمْرَانَ بْنِ حُصَيْنٍ، قَالَ قَالَ رَجُلٌ يَا رَسُولَ اللَّهِ أَيُعْرَفُ أَهْلُ الْجَنَّةِ مِنْ أَهْلِ النَّارِ قَالَ ‏\"‏ نَعَمْ ‏\"‏‏.‏ قَالَ فَلِمَ يَعْمَلُ الْعَامِلُونَ قَالَ ‏\"‏كُلٌّ يَعْمَلُ لِمَا خُلِقَ لَهُ ـ أَوْ لِمَا يُسِّرَ لَهُ‏\"‏ ‏.‏","english":{"narrator":"Narrated `Imran bin Husain:","text":"A man said, \"O Allah's Messenger (ﷺ)! Can the people of Paradise be known (differentiated) from the people \nof the Fire; The Prophet (ﷺ) replied, \"Yes.\" The man said, \"Why do people (try to) do (good) deeds?\" The \nProphet said, \"Everyone will do the deeds for which he has been created to do or he will do those \ndeeds which will be made easy for him to do.\" (i.e. everybody will find easy to do such deeds as will \nlead him to his destined place for which he has been created)."}},{"id":4,"idInBook":4,"chapterId":82,"bookId":1,"arabic":"حَدَّثَنَا مُحَمَّدُ بْنُ بَشَّارٍ، حَدَّثَنَا غُنْدَرٌ، حَدَّثَنَا شُعْبَةُ، عَنْ أَبِي بِشْرٍ، عَنْ سَعِيدِ بْنِ جُبَيْرٍ، عَنِ ابْنِ عَبَّاسٍ ـ رضى الله عنهما ـ قَالَ سُئِلَ النَّبِيُّ صلى الله عليه وسلم عَنْ أَوْلاَدِ الْمُشْرِكِينَ فَقَالَ ‏\n\"‏ اللَّهُ أَعْلَمُ بِمَا كَانُوا عَامِلِينَ ‏\"‏‏.‏","english":{"narrator":"Narrated Ibn `Abbas:","text":"The Prophet (ﷺ) ; was asked about the offspring of the pagans. He said, \"Allah knows what they would \nhave done (were they to live)."}},{"id":5,"idInBook":5,"chapterId":82,"bookId":1,"arabic":"حَدَّثَنَا يَحْيَى بْنُ بُكَيْرٍ، حَدَّثَنَا اللَّيْثُ، عَنْ يُونُسَ، عَنِ ابْنِ شِهَابٍ، قَالَ وَأَخْبَرَنِي عَطَاءُ بْنُ يَزِيدَ، أَنَّهُ سَمِعَ أَبَا هُرَيْرَةَ، يَقُولُ سُئِلَ رَسُولُ اللَّهِ صلى الله عليه وسلم عَنْ ذَرَارِيِّ الْمُشْرِكِينَ فَقَالَ ‏{‏اللَّهُ أَعْلَمُ بِمَا كَانُوا عَامِلِينَ ‏}‏","english":{"narrator":"Narrated Abu Huraira:","text":"Allah's Messenger (ﷺ) was asked about the offspring of the pagans. He said, \n     \"Allah knows what they would have done (were they to live).\""}},{"id":6,"idInBook":6,"chapterId":82,"bookId":1,"arabic":"حَدَّثَنِي إِسْحَاقُ، أَخْبَرَنَا عَبْدُ الرَّزَّاقِ، أَخْبَرَنَا مَعْمَرٌ، عَنْ هَمَّامٍ، عَنْ أَبِي هُرَيْرَةَ، قَالَ قَالَ رَسُولُ اللَّهِ صلى الله عليه وسلم ‏\n\"‏ مَا مِنْ مَوْلُودٍ إِلاَّ يُولَدُ عَلَى الْفِطْرَةِ، فَأَبَوَاهُ يُهَوِّدَانِهِ وَيُنَصِّرَانِهِ، كَمَا تُنْتِجُونَ الْبَهِيمَةَ، هَلْ تَجِدُونَ فِيهَا مِنْ جَدْعَاءَ حَتَّى تَكُونُوا أَنْتُمْ تَجْدَعُونَهَا ‏\"‏‏.‏ قَالُوا يَا رَسُولَ اللَّهِ أَفَرَأَيْتَ مَنْ يَمُوتُ وَهْوَ صَغِيرٌ قَالَ ‏{‏اللَّهُ أَعْلَمُ بِمَا كَانُوا عَامِلِينَ‏}‏","english":{"narrator":"Narrated Abu Huraira:","text":"Allah's Messenger (ﷺ) said, \"No child is born but has \n     the Islamic Faith, but its parents turn it into a Jew or a Christian. \n     It is as you help the animals give birth. Do you find among their \n     offspring a mutilated one before you mutilate them yourself?\" The \n     people said, \"O Allah's Messenger (ﷺ)! What do you think about those (of \n     them) who die young?\" The Prophet (ﷺ) said, \"Allah knows what they would \n     have done (were they to live).\""}},{"id":7,"idInBook":7,"chapterId":82,"bookId":1,"arabic":"حَدَّثَنَا عَبْدُ اللَّهِ بْنُ يُوسُفَ، أَخْبَرَنَا مَالِكٌ، عَنْ أَبِي الزِّنَادِ، عَنِ الأَعْرَجِ، عَنْ أَبِي هُرَيْرَةَ، قَالَ قَالَ رَسُولُ اللَّهِ صلى الله عليه وسلم ‏\n\"‏ لاَ تَسْأَلِ الْمَرْأَةُ طَلاَقَ أُخْتِهَا لِتَسْتَفْرِغَ صَحْفَتَهَا، وَلْتَنْكِحْ، فَإِنَّ لَهَا مَا قُدِّرَ لَهَا ‏\"‏‏.‏","english":{"narrator":"Narrated Abu Huraira:","text":"Allah's Messenger (ﷺ) said, \"No woman should ask for the divorce of her sister (Muslim) so as to take her \nplace, but she should marry the man (without compelling him to divorce his other wife), for she will \nhave nothing but what Allah has written for her.\""}},{"id":8,"idInBook":8,"chapterId":82,"bookId":1,"arabic":"حَدَّثَنَا مَالِكُ بْنُ إِسْمَاعِيلَ، حَدَّثَنَا إِسْرَائِيلُ، عَنْ عَاصِمٍ، عَنْ أَبِي عُثْمَانَ، عَنْ أُسَامَةَ، قَالَ كُنْتُ عِنْدَ النَّبِيِّ صلى الله عليه وسلم إِذْ جَاءَهُ رَسُولُ إِحْدَى بَنَاتِهِ وَعِنْدَهُ سَعْدٌ وَأُبَىُّ بْنُ كَعْبٍ وَمُعَاذٌ أَنَّ ابْنَهَا يَجُودُ بِنَفْسِهِ‏.‏ فَبَعَثَ إِلَيْهَا ‏\n\"‏ لِلَّهِ مَا أَخَذَ، وَلِلَّهِ مَا أَعْطَى، كُلٌّ بِأَجَلٍ، فَلْتَصْبِرْ وَلْتَحْتَسِبْ ‏\"‏‏.‏","english":{"narrator":"Narrated Usama:","text":"Once while I was with the Prophet (ﷺ) and Sa`d, Ubai bin Ka`b and Mu`adh were also sitting with him, \nthere came to him a messenger from one of his daughters, telling him that her child was on the verge \nof death. The Prophet (ﷺ) told the messenger to tell her, \"It is for Allah what He takes, and it is for Allah \nwhat He gives, and everything has its fixed time (limit). So (she should) be patient and look for \nAllah's reward.\""}},{"id":9,"idInBook":9,"chapterId":82,"bookId":1,"arabic":"حَدَّثَنَا حِبَّانُ بْنُ مُوسَى، أَخْبَرَنَا عَبْدُ اللَّهِ، أَخْبَرَنَا يُونُسُ، عَنِ الزُّهْرِيِّ، قَالَ أَخْبَرَنِي عَبْدُ اللَّهِ بْنُ مُحَيْرِيزٍ الْجُمَحِيُّ، أَنَّ أَبَا سَعِيدٍ الْخُدْرِيَّ، أَخْبَرَهُ أَنَّهُ، بَيْنَمَا هُوَ جَالِسٌ عِنْدَ النَّبِيِّ صلى الله عليه وسلم جَاءَ رَجُلٌ مِنِ الأَنْصَارِ فَقَالَ يَا رَسُولَ اللَّهِ إِنَّا نُصِيبُ سَبْيًا وَنُحِبُّ الْمَالَ، كَيْفَ تَرَى فِي الْعَزْلِ فَقَالَ رَسُولُ اللَّهِ صلى الله عليه وسلم ‏\n\"‏ أَوَإِنَّكُمْ تَفْعَلُونَ ذَلِكَ، لاَ عَلَيْكُمْ أَنْ لاَ تَفْعَلُوا، فَإِنَّهُ لَيْسَتْ نَسَمَةٌ كَتَبَ اللَّهُ أَنْ تَخْرُجَ إِلاَّ هِيَ كَائِنَةٌ ‏\"‏‏.‏","english":{"narrator":"Narrated Abu Sa`id Al-Khudri:","text":"That while he was sitting with the Prophet (ﷺ) a man from the Ansar came and said, \"O Allah's Messenger (ﷺ)! \nWe get slave girls from the war captives and we love property; what do you think about coitus \ninterruptus?\" Allah's Messenger (ﷺ) said, \"Do you do that? It is better for you not to do it, for there is no soul \nwhich Allah has ordained to come into existence but will be created.\""}},{"id":10,"idInBook":10,"chapterId":82,"bookId":1,"arabic":"حَدَّثَنَا مُوسَى بْنُ مَسْعُودٍ، حَدَّثَنَا سُفْيَانُ، عَنِ الأَعْمَشِ، عَنْ أَبِي وَائِلٍ، عَنْ حُذَيْفَةَ ـ رضى الله عنه ـ قَالَ لَقَدْ خَطَبَنَا النَّبِيُّ صلى الله عليه وسلم خُطْبَةً، مَا تَرَكَ فِيهَا شَيْئًا إِلَى قِيَامِ السَّاعَةِ إِلاَّ ذَكَرَهُ، عَلِمَهُ مَنْ عَلِمَهُ، وَجَهِلَهُ مَنْ جَهِلَهُ، إِنْ كُنْتُ لأَرَى الشَّىْءَ قَدْ نَسِيتُ، فَأَعْرِفُ مَا يَعْرِفُ الرَّجُلُ إِذَا غَابَ عَنْهُ فَرَآهُ فَعَرَفَهُ‏.‏","english":{"narrator":"Narrated Hudhaifa:","text":"The Prophet (ﷺ) once delivered a speech in front of us wherein he left nothing but mentioned (about) \neverything that would happen till the Hour. Some of us stored that our minds and some forgot it. \n(After that speech) I used to see events taking place (which had been referred to in that speech) but I \nhad forgotten them (before their occurrence). Then I would recognize such events as a man recognizes \nanother man who has been absent and then sees and recognizes him."}},{"id":11,"idInBook":11,"chapterId":82,"bookId":1,"arabic":"حَدَّثَنَا عَبْدَانُ، عَنْ أَبِي حَمْزَةَ، عَنِ الأَعْمَشِ، عَنْ سَعْدِ بْنِ عُبَيْدَةَ، عَنْ أَبِي عَبْدِ الرَّحْمَنِ السُّلَمِيِّ، عَنْ عَلِيٍّ ـ رضى الله عنه ـ قَالَ كُنَّا جُلُوسًا مَعَ النَّبِيِّ صلى الله عليه وسلم وَمَعَهُ عُودٌ يَنْكُتُ فِي الأَرْضِ وَقَالَ ‏\"‏ مَا مِنْكُمْ مِنْ أَحَدٍ إِلاَّ قَدْ كُتِبَ مَقْعَدُهُ مِنَ النَّارِ أَوْ مِنَ الْجَنَّةِ ‏\"‏‏.‏ فَقَالَ رَجُلٌ مِنَ الْقَوْمِ أَلاَ نَتَّكِلُ يَا رَسُولَ اللَّهِ قَالَ ‏\"‏ لاَ اعْمَلُوا فَكُلٌّ مُيَسَّرٌ ‏\"‏ ثُمَّ قَرَأَ ‏{‏فَأَمَّا مَنْ أَعْطَى وَاتَّقَى‏}‏ الآيَةَ‏.‏","english":{"narrator":"Narrated `Ali:","text":"While we were sitting with the Prophet (ﷺ) who had a stick with which he was scraping the earth, he \nlowered his head and said, \"There is none of you but has his place assigned either in the Fire or in \nParadise.\" Thereupon a man from the people said, \"Shall we not depend upon this, O Allah's \nApostle?\" The Prophet (ﷺ) said, \"No, but carry on and do your deeds, for everybody finds it easy to do \nsuch deeds (as will lead him to his place).\" The Prophet (ﷺ) then recited the Verse: 'As for him who gives \n(in charity) and keeps his duty to Allah..' (92.5)"}},{"id":12,"idInBook":12,"chapterId":82,"bookId":1,"arabic":"حَدَّثَنَا حِبَّانُ بْنُ مُوسَى، أَخْبَرَنَا عَبْدُ اللَّهِ، أَخْبَرَنَا مَعْمَرٌ، عَنِ الزُّهْرِيِّ، عَنْ سَعِيدِ بْنِ الْمُسَيَّبِ، عَنْ أَبِي هُرَيْرَةَ ـ رضى الله عنه ـ قَالَ شَهِدْنَا مَعَ رَسُولِ اللَّهِ صلى الله عليه وسلم خَيْبَرَ فَقَالَ رَسُولُ اللَّهِ صلى الله عليه وسلم لِرَجُلٍ مِمَّنْ مَعَهُ يَدَّعِي الإِسْلاَمَ ‏\"‏ هَذَا مِنْ أَهْلِ النَّارِ ‏\"‏‏.‏ فَلَمَّا حَضَرَ الْقِتَالُ قَاتَلَ الرَّجُلُ مِنْ أَشَدِّ الْقِتَالِ، وَكَثُرَتْ بِهِ الْجِرَاحُ فَأَثْبَتَتْهُ، فَجَاءَ رَجُلٌ مِنْ أَصْحَابِ النَّبِيِّ صلى الله عليه وسلم فَقَالَ يَا رَسُولَ اللَّهِ أَرَأَيْتَ الَّذِي تَحَدَّثْتَ أَنَّهُ مِنْ أَهْلِ النَّارِ قَدْ قَاتَلَ فِي سَبِيلِ اللَّهِ مِنْ أَشَدِّ الْقِتَالِ، فَكَثُرَتْ بِهِ الْجِرَاحُ‏.‏ فَقَالَ النَّبِيُّ صلى الله عليه وسلم ‏\"‏ أَمَا إِنَّهُ مِنْ أَهْلِ النَّارِ ‏\"‏‏.‏ فَكَادَ بَعْضُ الْمُسْلِمِينَ يَرْتَابُ فَبَيْنَمَا هُوَ عَلَى ذَلِكَ إِذْ وَجَدَ الرَّجُلُ أَلَمَ الْجِرَاحِ فَأَهْوَى بِيَدِهِ إِلَى كِنَانَتِهِ، فَانْتَزَعَ مِنْهَا سَهْمًا فَانْتَحَرَ بِهَا، فَاشْتَدَّ رِجَالٌ مِنَ الْمُسْلِمِينَ إِلَى رَسُولِ اللَّهِ صلى الله عليه وسلم فَقَالُوا يَا رَسُولَ اللَّهِ صَدَّقَ اللَّهُ حَدِيثَكَ، قَدِ انْتَحَرَ فُلاَنٌ فَقَتَلَ نَفْسَهُ‏.‏ فَقَالَ رَسُولُ اللَّهِ صلى الله عليه وسلم ‏\"‏ يَا بِلاَلُ قُمْ فَأَذِّنْ، لاَ يَدْخُلُ الْجَنَّةَ إِلاَّ مُؤْمِنٌ، وَإِنَّ اللَّهَ لَيُؤَيِّدُ هَذَا الدِّينَ بِالرَّجُلِ الْفَاجِرِ ‏\"‏‏.‏","english":{"narrator":"Narrated Abu Huraira:","text":"We witnessed along with Allah's Messenger (ﷺ) the Khaibar (campaign). Allah's Messenger (ﷺ) told his \ncompanions about a man who claimed to be a Muslim, \"This man is from the people of the Fire.\" \nWhen the battle started, the man fought very bravely and received a great number of wounds and got \ncrippled. On that, a man from among the companions of the Prophet (ﷺ) came and said, \"O Allah's \nApostle! Do you know what the man you described as of the people of the Fire has done? He has \nfought very bravely for Allah's Cause and he has received many wounds.\" The Prophet (ﷺ) said, \"But he \nis indeed one of the people of the Fire.\" Some of the Muslims were about to have some doubt about \nthat statement. So while the man was in that state, the pain caused by the wounds troubled him so \nmuch that he put his hand into his quiver and took out an arrow and committed suicide with it. Off \nwent some men from among the Muslims to Allah's Messenger (ﷺ) and said, \"O Allah's Messenger (ﷺ)! Allah has \nmade your statement true. So-and-so has committed suicide.\" Allah's Messenger (ﷺ) said, \"O Bilal! Get up \nand announce in public: None will enter Paradise but a believer, and Allah may support this religion \n(Islam) with a wicked man.\""}},{"id":13,"idInBook":13,"chapterId":82,"bookId":1,"arabic":"حَدَّثَنَا سَعِيدُ بْنُ أَبِي مَرْيَمَ، حَدَّثَنَا أَبُو غَسَّانَ، حَدَّثَنِي أَبُو حَازِمٍ، عَنْ سَهْلٍ، أَنَّ رَجُلاً، مِنْ أَعْظَمِ الْمُسْلِمِينَ غَنَاءً عَنِ الْمُسْلِمِينَ فِي غَزْوَةٍ غَزَاهَا مَعَ النَّبِيِّ صلى الله عليه وسلم فَنَظَرَ النَّبِيُّ صلى الله عليه وسلم فَقَالَ ‏\"‏ مَنْ أَحَبَّ أَنْ يَنْظُرَ إِلَى الرَّجُلِ مِنْ أَهْلِ النَّارِ فَلْيَنْظُرْ إِلَى هَذَا ‏\"‏‏.‏ فَاتَّبَعَهُ رَجُلٌ مِنَ الْقَوْمِ، وَهْوَ عَلَى تِلْكَ الْحَالِ مِنْ أَشَدِّ النَّاسِ عَلَى الْمُشْرِكِينَ، حَتَّى جُرِحَ فَاسْتَعْجَلَ الْمَوْتَ، فَجَعَلَ ذُبَابَةَ سَيْفِهِ بَيْنَ ثَدْيَيْهِ حَتَّى خَرَجَ مِنْ بَيْنِ كَتِفَيْهِ فَأَقْبَلَ الرَّجُلُ إِلَى النَّبِيِّ صلى الله عليه وسلم مُسْرِعًا فَقَالَ أَشْهَدُ أَنَّكَ رَسُولُ اللَّهِ‏.‏ فَقَالَ ‏\"‏ وَمَا ذَاكَ ‏\"‏‏.‏ قَالَ قُلْتَ لِفُلاَنٍ ‏\"‏ مَنْ أَحَبَّ أَنْ يَنْظُرَ إِلَى رَجُلٍ مِنْ أَهْلِ النَّارِ فَلْيَنْظُرْ إِلَيْهِ ‏\"‏‏.‏ وَكَانَ مِنْ أَعْظَمِنَا غَنَاءً عَنِ الْمُسْلِمِينَ، فَعَرَفْتُ أَنَّهُ لاَ يَمُوتُ عَلَى ذَلِكَ فَلَمَّا جُرِحَ اسْتَعْجَلَ الْمَوْتَ فَقَتَلَ نَفْسَهُ‏.‏ فَقَالَ النَّبِيُّ صلى الله عليه وسلم عِنْدَ ذَلِكَ ‏\"‏ إِنَّ الْعَبْدَ لَيَعْمَلُ عَمَلَ أَهْلِ النَّارِ، وَإِنَّهُ مِنْ أَهْلِ الْجَنَّةِ، وَيَعْمَلُ عَمَلَ أَهْلِ الْجَنَّةِ، وَإِنَّهُ مِنْ أَهْلِ النَّارِ، وَإِنَّمَا الأَعْمَالُ بِالْخَوَاتِيمِ ‏\"‏‏.‏","english":{"narrator":"Narrated Sahl bin Sa`d:","text":"There was a man who fought most bravely of all the Muslims on behalf of the Muslims in a battle \n(Ghazwa) in the company of the Prophet. The Prophet (ﷺ) looked at him and said. \"If anyone would like \nto see a man from the people of the Fire, let him look at this (brave man).\" On that, a man from the \nPeople (Muslims) followed him, and he was in that state i.e., fighting fiercely against the pagans till \nhe was wounded, and then he hastened to end his life by placing his sword between his breasts (and \npressed it with great force) till it came out between his shoulders. Then the man (who was watching \nthat person) went quickly to the Prophet (ﷺ) and said, \"I testify that you are Allah's Messenger (ﷺ)!\" The Prophet (ﷺ) \nasked him, \"Why do you say that?\" He said, \"You said about so-and-so, 'If anyone would like to see a \nman from the people of the Fire, he should look at him.' He fought most bravely of all of us on behalf \nof the Muslims and I knew that he would not die as a Muslim (Martyr). So when he got wounded, he \nhastened to die and committed suicide.\" There-upon the Prophet (ﷺ) said, \"A man may do the deeds of the \npeople of the Fire while in fact he is one of the people of Paradise, and he may do the deeds of the \npeople of Paradise while in fact he belongs to the people of Fire, and verily, (the rewards of) the deeds \nare decided by the last actions (deeds)\"."}},{"id":14,"idInBook":14,"chapterId":82,"bookId":1,"arabic":"حَدَّثَنَا أَبُو نُعَيْمٍ، حَدَّثَنَا سُفْيَانُ، عَنْ مَنْصُورٍ، عَنْ عَبْدِ اللَّهِ بْنِ مُرَّةَ، عَنِ ابْنِ عُمَرَ ـ رضى الله عنهما ـ قَالَ نَهَى النَّبِيُّ صلى الله عليه وسلم عَنِ النَّذْرِ قَالَ ‏\n\"‏ إِنَّهُ لاَ يَرُدُّ شَيْئًا، وَإِنَّمَا يُسْتَخْرَجُ بِهِ مِنَ الْبَخِيلِ ‏\"‏‏.‏","english":{"narrator":"Narrated Ibn `Umar:","text":"The Prophet (ﷺ) forbade vowing and said, \"In fact, vowing does not prevent anything, but it makes a \nmiser to spend his property.\""}},{"id":15,"idInBook":15,"chapterId":82,"bookId":1,"arabic":"حَدَّثَنَا بِشْرُ بْنُ مُحَمَّدٍ، أَخْبَرَنَا عَبْدُ اللَّهِ، أَخْبَرَنَا مَعْمَرٌ، عَنْ هَمَّامِ بْنِ مُنَبِّهٍ، عَنْ أَبِي هُرَيْرَةَ، عَنِ النَّبِيِّ صلى الله عليه وسلم قَالَ ‏\n\"‏ لاَ يَأْتِي ابْنَ آدَمَ النَّذْرُ بِشَىْءٍ لَمْ يَكُنْ قَدْ قَدَّرْتُهُ، وَلَكِنْ يُلْقِيهِ الْقَدَرُ وَقَدْ قَدَّرْتُهُ لَهُ، أَسْتَخْرِجُ بِهِ مِنَ الْبَخِيلِ ‏\"‏‏.‏","english":{"narrator":"Narrated Abu Huraira:","text":"The Prophet (ﷺ) said (that Allah said), \"Vowing does not bring to the son of Adam anything I have not \nalready written in his fate, but vowing is imposed on him by way of fore ordainment. Through vowing \nI make a miser spend of his wealth.\""}},{"id":16,"idInBook":16,"chapterId":82,"bookId":1,"arabic":"حَدَّثَنِي مُحَمَّدُ بْنُ مُقَاتِلٍ أَبُو الْحَسَنِ، أَخْبَرَنَا عَبْدُ اللَّهِ، أَخْبَرَنَا خَالِدٌ الْحَذَّاءُ، عَنْ أَبِي عُثْمَانَ النَّهْدِيِّ، عَنْ أَبِي مُوسَى، قَالَ كُنَّا مَعَ رَسُولِ اللَّهِ صلى الله عليه وسلم فِي غَزَاةٍ فَجَعَلْنَا لاَ نَصْعَدُ شَرَفًا، وَلاَ نَعْلُو شَرَفًا، وَلاَ نَهْبِطُ فِي وَادٍ، إِلاَّ رَفَعْنَا أَصْوَاتَنَا بِالتَّكْبِيرِ ـ قَالَ ـ فَدَنَا مِنَّا رَسُولُ اللَّهِ صلى الله عليه وسلم فَقَالَ ‏\"‏ يَا أَيُّهَا النَّاسُ ارْبَعُوا عَلَى أَنْفُسِكُمْ فَإِنَّكُمْ لاَ تَدْعُونَ أَصَمَّ وَلاَ غَائِبًا إِنَّمَا تَدْعُونَ سَمِيعًا بَصِيرًا ‏\"‏‏.‏ ثُمَّ قَالَ ‏\"‏ يَا عَبْدَ اللَّهِ بْنَ قَيْسٍ، أَلاَ أُعَلِّمُكَ كَلِمَةً هِيَ مِنْ كُنُوزِ الْجَنَّةِ، لاَ حَوْلَ وَلاَ قُوَّةَ إِلاَّ بِاللَّهِ ‏\"‏‏.‏","english":{"narrator":"Narrated Abu Musa:","text":"While we were with Allah's Messenger (ﷺ) in a holy battle, we never went up a hill or reached its peak or \nwent down a valley but raised our voices with Takbir. Allah's Messenger (ﷺ) came close to us and said, \"O \npeople! Don't exert yourselves, for you do not call a deaf or an absent one, but you call the All- \nListener, the All-Seer.\" The Prophet (ﷺ) then said, \"O `Abdullah bin Qais! Shall I teach you a sentence \nwhich is from the treasures of Paradise? ( It is): 'La haula wala quwata illa billah. (There is neither \nmight nor power except with Allah)."}},{"id":17,"idInBook":17,"chapterId":82,"bookId":1,"arabic":"حَدَّثَنَا عَبْدَانُ، أَخْبَرَنَا عَبْدُ اللَّهِ، أَخْبَرَنَا يُونُسُ، عَنِ الزُّهْرِيِّ، قَالَ حَدَّثَنِي أَبُو سَلَمَةَ، عَنْ أَبِي سَعِيدٍ الْخُدْرِيِّ، عَنِ النَّبِيِّ صلى الله عليه وسلم قَالَ ‏\n\"‏ مَا اسْتُخْلِفَ خَلِيفَةٌ إِلاَّ لَهُ بِطَانَتَانِ بِطَانَةٌ تَأْمُرُهُ بِالْخَيْرِ وَتَحُضُّهُ عَلَيْهِ، وَبِطَانَةٌ تَأْمُرُهُ بِالشَّرِّ وَتَحُضُّهُ عَلَيْهِ، وَالْمَعْصُومُ مَنْ عَصَمَ اللَّهُ ‏\"‏‏.‏","english":{"narrator":"Narrated Abu Sa`id Al-Khudri:","text":"That the Prophet (ﷺ) said, \"No Caliph is appointed but has two groups of advisors: One group advises him \nto do good and urges him to adopt it, and the other group advises him to do bad and urges him to \nadopt it; and the protected is the one whom Allah protects.\""}},{"id":18,"idInBook":18,"chapterId":82,"bookId":1,"arabic":"حَدَّثَنِي مَحْمُودُ بْنُ غَيْلاَنَ، حَدَّثَنَا عَبْدُ الرَّزَّاقِ، أَخْبَرَنَا مَعْمَرٌ، عَنِ ابْنِ طَاوُسٍ، عَنْ أَبِيهِ، عَنِ ابْنِ عَبَّاسٍ، قَالَ مَا رَأَيْتُ شَيْئًا أَشْبَهَ بِاللَّمَمِ مِمَّا قَالَ أَبُو هُرَيْرَةَ عَنِ النَّبِيِّ صلى الله عليه وسلم ‏\n\"‏ إِنَّ اللَّهَ كَتَبَ عَلَى ابْنِ آدَمَ حَظَّهُ مِنَ الزِّنَا، أَدْرَكَ ذَلِكَ لاَ مَحَالَةَ، فَزِنَا الْعَيْنِ النَّظَرُ، وَزِنَا اللِّسَانِ الْمَنْطِقُ، وَالنَّفْسُ تَمَنَّى وَتَشْتَهِي، وَالْفَرْجُ يُصَدِّقُ ذَلِكَ، وَيُكَذِّبُهُ ‏\"‏‏.‏ وَقَالَ شَبَابَةُ حَدَّثَنَا وَرْقَاءُ، عَنِ ابْنِ طَاوُسٍ، عَنْ أَبِيهِ، عَنْ أَبِي هُرَيْرَةَ، عَنِ النَّبِيِّ صلى الله عليه وسلم‏.‏","english":{"narrator":"Narrated Ibn `Abbas:","text":"I did not see anything so resembling minor sins as what Abu Huraira said from the Prophet, who said, \n\"Allah has written for the son of Adam his inevitable share of adultery whether he is aware of it or \nnot: The adultery of the eye is the looking (at something which is sinful to look at), and the adultery of \nthe tongue is to utter (what it is unlawful to utter), and the innerself wishes and longs for (adultery) \nand the private parts turn that into reality or refrain from submitting to the temptation.\""}},{"id":19,"idInBook":19,"chapterId":82,"bookId":1,"arabic":"حَدَّثَنَا الْحُمَيْدِيُّ، حَدَّثَنَا سُفْيَانُ، حَدَّثَنَا عَمْرٌو، عَنْ عِكْرِمَةَ، عَنِ ابْنِ عَبَّاسٍ ـ رضى الله عنهما ـ ‏{‏وَمَا جَعَلْنَا الرُّؤْيَا الَّتِي أَرَيْنَاكَ إِلاَّ فِتْنَةً لِلنَّاسِ‏}‏ قَالَ هِيَ رُؤْيَا عَيْنٍ أُرِيهَا رَسُولُ اللَّهِ صلى الله عليه وسلم لَيْلَةَ أُسْرِيَ بِهِ إِلَى بَيْتِ الْمَقْدِسِ‏.‏ قَالَ ‏{‏وَالشَّجَرَةَ الْمَلْعُونَةَ فِي الْقُرْآنِ‏}‏ قَالَ هِيَ شَجَرَةُ الزَّقُّومِ‏.‏","english":{"narrator":"Narrated Ibn `Abbas:","text":"(regarding the Verse) \"And We granted the vision (Ascension to the heavens \"Miraj\") which We \nshowed you (O Muhammad as an actual eye witness) but as a trial for mankind.' (17.60): Allah's \nApostle actually saw with his own eyes the vision (all the things which were shown to him) on the \nnight of his Night Journey to Jerusalem (and then to the heavens). The cursed tree which is mentioned \nin the Qur'an is the tree of Az-Zaqqum."}},{"id":20,"idInBook":20,"chapterId":82,"bookId":1,"arabic":"حَدَّثَنَا عَلِيُّ بْنُ عَبْدِ اللَّهِ، حَدَّثَنَا سُفْيَانُ، قَالَ حَفِظْنَاهُ مِنْ عَمْرٍو عَنْ طَاوُسٍ، سَمِعْتُ أَبَا هُرَيْرَةَ، عَنِ النَّبِيِّ صلى الله عليه وسلم قَالَ ‏\n\"‏ احْتَجَّ آدَمُ وَمُوسَى، فَقَالَ لَهُ مُوسَى يَا آدَمُ أَنْتَ أَبُونَا خَيَّبْتَنَا وَأَخْرَجْتَنَا مِنَ الْجَنَّةِ‏.‏ قَالَ لَهُ آدَمُ يَا مُوسَى اصْطَفَاكَ اللَّهُ بِكَلاَمِهِ، وَخَطَّ لَكَ بِيَدِهِ، أَتَلُومُنِي عَلَى أَمْرٍ قَدَّرَ اللَّهُ عَلَىَّ قَبْلَ أَنْ يَخْلُقَنِي بِأَرْبَعِينَ سَنَةً‏.‏ فَحَجَّ آدَمُ مُوسَى، فَحَجَّ آدَمُ مُوسَى ‏\"‏ ثَلاَثًا‏.‏ قَالَ سُفْيَانُ حَدَّثَنَا أَبُو الزِّنَادِ، عَنِ الأَعْرَجِ، عَنْ أَبِي هُرَيْرَةَ، عَنِ النَّبِيِّ صلى الله عليه وسلم مِثْلَهُ‏.‏","english":{"narrator":"Narrated Abu Huraira:","text":"The Prophet (ﷺ) said, \"Adam and Moses argued with each other. Moses said to Adam. 'O Adam! You are \nour father who disappointed us and turned us out of Paradise.' Then Adam said to him, 'O Moses! \nAllah favored you with His talk (talked to you directly) and He wrote (the Torah) for you with His \nOwn Hand. Do you blame me for action which Allah had written in my fate forty years before my \ncreation?' So Adam confuted Moses, Adam confuted Moses,\" the Prophet (ﷺ) added, repeating the \nStatement three times."}},{"id":21,"idInBook":21,"chapterId":82,"bookId":1,"arabic":"حَدَّثَنَا مُحَمَّدُ بْنُ سِنَانٍ، حَدَّثَنَا فُلَيْحٌ، حَدَّثَنَا عَبْدَةُ بْنُ أَبِي لُبَابَةَ، عَنْ وَرَّادٍ، مَوْلَى الْمُغِيرَةِ بْنِ شُعْبَةَ قَالَ كَتَبَ مُعَاوِيَةُ إِلَى الْمُغِيرَةِ اكْتُبْ إِلَىَّ مَا سَمِعْتَ النَّبِيَّ صلى الله عليه وسلم يَقُولُ خَلْفَ الصَّلاَةِ‏.‏ فَأَمْلَى عَلَىَّ الْمُغِيرَةُ قَالَ سَمِعْتُ النَّبِيَّ صلى الله عليه وسلم يَقُولُ خَلْفَ الصَّلاَةِ ‏\n\"‏ لاَ إِلَهَ إِلاَّ اللَّهُ، وَحْدَهُ لاَ شَرِيكَ لَهُ، اللَّهُمَّ لاَ مَانِعَ لِمَا أَعْطَيْتَ، وَلاَ مُعْطِيَ لِمَا مَنَعْتَ، وَلاَ يَنْفَعُ ذَا الْجَدِّ مِنْكَ الْجَدُّ ‏\"‏‏.‏ وَقَالَ ابْنُ جُرَيْجٍ أَخْبَرَنِي عَبْدَةُ أَنَّ وَرَّادًا أَخْبَرَهُ بِهَذَا‏.‏ ثُمَّ وَفَدْتُ بَعْدُ إِلَى مُعَاوِيَةَ فَسَمِعْتُهُ يَأْمُرُ النَّاسَ بِذَلِكَ الْقَوْلِ‏.‏","english":{"narrator":"Narrated Warrad:","text":"(the freed slave of Al-Mughira bin Shu`ba) Muawiya wrote to Mughira. 'Write to me what you heard \nthe Prophet (ﷺ) saying after his prayer.' So Al-Mughira dictated to me and said, \"I heard the Prophet (ﷺ) \nsaying after the prayer, 'None has the right to be worshipped but Allah Alone Who has no partner. O \nAllah! No-one can withhold what You give, and none can give what You withhold, and the fortune of \na man of means is useless before You (i.e., only good deeds are of value)."}},{"id":22,"idInBook":22,"chapterId":82,"bookId":1,"arabic":"حَدَّثَنَا مُسَدَّدٌ، حَدَّثَنَا سُفْيَانُ، عَنْ سُمَىٍّ، عَنْ أَبِي صَالِحٍ، عَنْ أَبِي هُرَيْرَةَ، عَنِ النَّبِيِّ صلى الله عليه وسلم قَالَ ‏\n\"‏ تَعَوَّذُوا بِاللَّهِ مِنْ جَهْدِ الْبَلاَءِ، وَدَرَكِ الشَّقَاءِ، وَسُوءِ الْقَضَاءِ، وَشَمَاتَةِ الأَعْدَاءِ ‏\"‏‏.‏","english":{"narrator":"Narrated Abu Huraira:","text":"The Prophet (ﷺ) said, \"Take refuge with Allah from the difficulties of severe calamities, from having an \nevil end and a bad fate and from the malicious joy of your enemies.\""}},{"id":23,"idInBook":23,"chapterId":82,"bookId":1,"arabic":"حَدَّثَنَا مُحَمَّدُ بْنُ مُقَاتِلٍ أَبُو الْحَسَنِ، أَخْبَرَنَا عَبْدُ اللَّهِ، أَخْبَرَنَا مُوسَى بْنُ عُقْبَةَ، عَنْ سَالِمٍ، عَنْ عَبْدِ اللَّهِ، قَالَ كَثِيرًا مِمَّا كَانَ النَّبِيُّ صلى الله عليه وسلم يَحْلِفُ ‏(‏لاَ وَمُقَلِّبِ الْقُلُوبِ‏)‏‏.‏","english":{"narrator":"Narrated `Abdullah:","text":"When taking an oath, the Prophet (ﷺ) very often used to say, \"No, by Him Who turns the hearts.\""}},{"id":24,"idInBook":24,"chapterId":82,"bookId":1,"arabic":"حَدَّثَنَا عَلِيُّ بْنُ حَفْصٍ، وَبِشْرُ بْنُ مُحَمَّدٍ، قَالاَ أَخْبَرَنَا عَبْدُ اللَّهِ، أَخْبَرَنَا مَعْمَرٌ، عَنِ الزُّهْرِيِّ، عَنْ سَالِمٍ، عَنِ ابْنِ عُمَرَ ـ رضى الله عنهما ـ قَالَ قَالَ النَّبِيُّ صلى الله عليه وسلم لاِبْنِ صَيَّادٍ ‏\"‏ خَبَأْتُ لَكَ خَبِيئًا ‏\"‏‏.‏ قَالَ الدُّخُّ‏.‏ قَالَ ‏\"‏ اخْسَأْ فَلَنْ تَعْدُوَ قَدْرَكَ ‏\"‏‏.‏ قَالَ عُمَرُ ائْذَنْ لِي فَأَضْرِبَ عُنُقَهُ‏.‏ قَالَ ‏\"‏ دَعْهُ، إِنْ يَكُنْ هُوَ فَلاَ تُطِيقُهُ، وَإِنْ لَمْ يَكُنْ هُوَ فَلاَ خَيْرَ لَكَ فِي قَتْلِهِ ‏\"‏‏.‏","english":{"narrator":"Narrated Ibn `Umar:","text":"The Prophet (ﷺ) said to Ibn Saiyad, \"I have kept for you a secret.\" Ibn Saiyad said, \"Ad-Dukh.\" The \nProphet said, \"Keep quiet, for you cannot go beyond your limits (or you cannot exceed what has been \nforeordained for you).\" On that, `Umar said (to the Prophet (ﷺ) ), \"Allow me to chop off his neck!\" The \nProphet said, \"Leave him, for if he is he (i.e., Ad-Dajjal), then you will not be able to overcome him, \nand if he is not, then you gain no good by killing him.\""}},{"id":25,"idInBook":25,"chapterId":82,"bookId":1,"arabic":"حَدَّثَنِي إِسْحَاقُ بْنُ إِبْرَاهِيمَ الْحَنْظَلِيُّ، أَخْبَرَنَا النَّضْرُ، حَدَّثَنَا دَاوُدُ بْنُ أَبِي الْفُرَاتِ، عَنْ عَبْدِ اللَّهِ بْنِ بُرَيْدَةَ، عَنْ يَحْيَى بْنِ يَعْمَرَ، أَنَّ عَائِشَةَ ـ رضى الله عنها ـ أَخْبَرَتْهُ أَنَّهَا، سَأَلَتْ رَسُولَ اللَّهِ صلى الله عليه وسلم عَنِ الطَّاعُونِ فَقَالَ ‏\n\"‏ كَانَ عَذَابًا يَبْعَثُهُ اللَّهُ عَلَى مَنْ يَشَاءُ، فَجَعَلَهُ اللَّهُ رَحْمَةً لِلْمُؤْمِنِينَ، مَا مِنْ عَبْدٍ يَكُونُ فِي بَلَدٍ يَكُونُ فِيهِ، وَيَمْكُثُ فِيهِ، لاَ يَخْرُجُ مِنَ الْبَلَدِ، صَابِرًا مُحْتَسِبًا، يَعْلَمُ أَنَّهُ لاَ يُصِيبُهُ إِلاَّ مَا كَتَبَ اللَّهُ لَهُ، إِلاَّ كَانَ لَهُ مِثْلُ أَجْرِ شَهِيدٍ ‏\"‏‏.‏","english":{"narrator":"Narrated `Aisha:","text":"I asked Allah's Messenger (ﷺ) about the plague. He said, \"That was a means of torture which Allah used to \nsend upon whom-so-ever He wished, but He made it a source of mercy for the believers, for anyone \nwho is residing in a town in which this disease is present, and remains there and does not leave that \ntown, but has patience and hopes for Allah's reward, and knows that nothing will befall him except \nwhat Allah has written for him, then he will get such reward as that of a martyr.\""}},{"id":26,"idInBook":26,"chapterId":82,"bookId":1,"arabic":"حَدَّثَنَا أَبُو النُّعْمَانِ، أَخْبَرَنَا جَرِيرٌ ـ هُوَ ابْنُ حَازِمٍ ـ عَنْ أَبِي إِسْحَاقَ، عَنِ الْبَرَاءِ بْنِ عَازِبٍ، قَالَ رَأَيْتُ النَّبِيَّ صلى الله عليه وسلم يَوْمَ الْخَنْدَقِ يَنْقُلُ مَعَنَا التُّرَابَ وَهْوَ يَقُولُ ‏\n\"‏ وَاللَّهِ لَوْلاَ اللَّهُ مَا اهْتَدَيْنَا، وَلاَ صُمْنَا وَلاَ صَلَّيْنَا، فَأَنْزِلَنْ سَكِينَةً عَلَيْنَا، وَثَبِّتِ الأَقْدَامَ إِنْ لاَقَيْنَا، وَالْمُشْرِكُونَ قَدْ بَغَوْا عَلَيْنَا، إِذَا أَرَادُوا فِتْنَةً أَبَيْنَا‏\"‏‏.‏","english":{"narrator":"Narrated Al-Bara' bin `Azib:","text":"I saw the Prophet (ﷺ) on the Day of (the battle of) Al-Khandaq, carrying earth with us and saying, \"By \nAllah, without Allah we would not have been guided, neither would we have fasted, nor would we \nhave prayed. O Allah! Send down Sakina (calmness) upon us and make our feet firm when we meet \n(the enemy). The pagans have rebelled against us, but if they want to put us in affliction (i.e., fight us) \nwe refuse (to flee).\" (See Hadith No. 430, Vol. 5)."}}],"chapter":{"id":82,"bookId":1,"arabic":"كتاب القدر","english":"Divine Will (Al-Qadar)"}}