{
  "metadata": {
    "length": 21,
    "arabic": {
      "title": "صحيح البخاري",
      "author": "الإمام محمد بن إسماعيل البخاري",
      "introduction": "كتاب استتابة المرتدين والمعاندين وقتالهم"
    },
    "english": {
      "title": "Sahih al-Bukhari",
      "author": "Imam Muhammad ibn Ismail al-Bukhari",
      "introduction": "Apostates"
    }
  },
  "hadiths": [
    {
      "id": 1,
      "idInBook": 1,
      "chapterId": 88,
      "bookId": 1,
      "arabic": "حَدَّثَنَا قُتَيْبَةُ بْنُ سَعِيدٍ، حَدَّثَنَا جَرِيرٌ، عَنِ الأَعْمَشِ، عَنْ إِبْرَاهِيمَ، عَنْ عَلْقَمَةَ، عَنْ عَبْدِ اللَّهِ ـ رضى الله عنه ـ قَالَ لَمَّا نَزَلَتْ هَذِهِ الآيَةُ ‏{‏الَّذِينَ آمَنُوا وَلَمْ يَلْبِسُوا إِيمَانَهُمْ بِظُلْمٍ‏}‏ شَقَّ ذَلِكَ عَلَى أَصْحَابِ النَّبِيِّ صلى الله عليه وسلم وَقَالُوا أَيُّنَا لَمْ يَلْبِسْ إِيمَانَهُ بِظُلْمٍ فَقَالَ رَسُولُ اللَّهِ صلى الله عليه وسلم ‏\"‏ إِنَّهُ لَيْسَ بِذَاكَ، أَلاَ تَسْمَعُونَ إِلَى قَوْلِ لُقْمَانَ ‏{‏إِنَّ الشِّرْكَ لَظُلْمٌ عَظِيمٌ‏}‏‏\"‏‏.‏",
      "english": {
        "narrator": "Narrated `Abdullah:",
        "text": "When the Verse: 'It is those who believe and confuse not their belief with wrong (i.e., worshipping \nothers besides Allah): (6.82) was revealed, it became very hard on the companions of the Prophet (ﷺ) and \nthey said, \"Who among us has not confused his belief with wrong (oppression)?\" On that, Allah's \nApostle said, \"This is not meant (by the Verse). Don't you listen to Luqman's statement: 'Verily! \nJoining others in worship with Allah is a great wrong indeed.' (31.13)"
      },
      "turkish": {
        "narrator": "Narrated `Abdullah:",
        "text": "`Abdullah'dan rivayet edilmiştir: \"İnkar etmeyen ve inançlarını zulümle karıştırmayanlar (yani, Allah'tan başka ilahlar edinmeyenler) hakkında 'İşte bunlar, gerçek inananlardır.' (6.82) ayeti indiğinde, Peygamber (ﷺ) sahabeleri için çok zor oldu ve 'Aramızda inancını zulümle karıştırmayan kim var?' dediler. Bunun üzerine Allah'ın Elçisi şöyle dedi: 'Bu ayetle kastedilen bu değil. Luqman'ın sözünü dinlemiyor musunuz: 'Şüphesiz ki, Allah'a ortak koşmak büyük bir zulümdür.' (31.13)\""
      }
    },
    {
      "id": 2,
      "idInBook": 2,
      "chapterId": 88,
      "bookId": 1,
      "arabic": "حَدَّثَنَا مُسَدَّدٌ، حَدَّثَنَا بِشْرُ بْنُ الْمُفَضَّلِ، حَدَّثَنَا الْجُرَيْرِيُّ، وَحَدَّثَنِي قَيْسُ بْنُ حَفْصٍ، حَدَّثَنَا إِسْمَاعِيلُ بْنُ إِبْرَاهِيمَ، أَخْبَرَنَا سَعِيدٌ الْجُرَيْرِيُّ، حَدَّثَنَا عَبْدُ الرَّحْمَنِ بْنُ أَبِي بَكْرَةَ، عَنْ أَبِيهِ ـ رضى الله عنه ـ قَالَ قَالَ النَّبِيُّ صلى الله عليه وسلم ‏\n\"‏ أَكْبَرُ الْكَبَائِرِ الإِشْرَاكُ بِاللَّهِ، وَعُقُوقُ الْوَالِدَيْنِ، وَشَهَادَةُ الزُّورِ، وَشَهَادَةُ الزُّورِ ـ ثَلاَثًا ـ أَوْ قَوْلُ الزُّورِ ‏\"‏‏.‏ فَمَا زَالَ يُكَرِّرُهَا حَتَّى قُلْنَا لَيْتَهُ سَكَتَ‏.‏",
      "english": {
        "narrator": "Narrated Abu Bakra:",
        "text": "The Prophet. said, \"The biggest of the great sins are: To join others in worship with Allah, to be \nundutiful to one's parents, and to give a false witness.\" He repeated it thrice, or said, \"....a false \nstatement,\" and kept on repeating that warning till we wished he would stop saying it. (See Hadith \nNo.7, Vol. 8)"
      },
      "turkish": {
        "narrator": "Narrated Abu Bakra:",
        "text": "Ebu Bekir'den rivayet edilmiştir: Peygamber (ﷺ) şöyle dedi: \"Büyük günahların en büyüğü şunlardır: Allah'a ortak koşmak, anne-babaya asi olmak ve yalan şahitlik yapmak.\" Bunu üç kez tekrarladı ya da \"....yalan bir beyan\" dedi ve bu uyarıyı tekrarlamaya devam etti, biz de onun bunu söylemesini istemeye başladık. (Bkz. Hadis No. 7, Cilt 8)"
      }
    },
    {
      "id": 3,
      "idInBook": 3,
      "chapterId": 88,
      "bookId": 1,
      "arabic": "حَدَّثَنِي مُحَمَّدُ بْنُ الْحُسَيْنِ بْنِ إِبْرَاهِيمَ، أَخْبَرَنَا عُبَيْدُ اللَّهِ، أَخْبَرَنَا شَيْبَانُ، عَنْ فِرَاسٍ، عَنِ الشَّعْبِيِّ، عَنْ عَبْدِ اللَّهِ بْنِ عَمْرٍو ـ رضى الله عنهما ـ قَالَ جَاءَ أَعْرَابِيٌّ إِلَى النَّبِيِّ صلى الله عليه وسلم فَقَالَ يَا رَسُولَ اللَّهِ مَا الْكَبَائِرُ قَالَ ‏\"‏ الإِشْرَاكُ بِاللَّهِ ‏\"‏‏.‏ قَالَ ثُمَّ مَاذَا قَالَ ‏\"‏ ثُمَّ عُقُوقُ الْوَالِدَيْنِ ‏\"‏‏.‏ قَالَ ثُمَّ مَاذَا قَالَ ‏\"‏ الْيَمِينُ الْغَمُوسُ ‏\"‏‏.‏ قُلْتُ وَمَا الْيَمِينُ الْغَمُوسُ قَالَ ‏\"‏ الَّذِي يَقْتَطِعُ مَالَ امْرِئٍ مُسْلِمٍ هُوَ فِيهَا كَاذِبٌ ‏\"‏‏.‏",
      "english": {
        "narrator": "Narrated `Abdullah bin `Amr:",
        "text": "A bedouin came to the Prophet (ﷺ) and said, \"O Allah's Messenger (ﷺ)! What are the biggest sins?: The Prophet (ﷺ) \nsaid, \"To join others in worship with Allah.\" The bedouin said, \"What is next?\" The Prophet (ﷺ) said, \"To \nbe undutiful to one's parents.\" The bedouin said \"What is next?\" The Prophet (ﷺ) said \"To take an oath \n'Al-Ghamus.\" The bedouin said, \"What is an oath 'Al-Ghamus'?\" The Prophet (ﷺ) said, \"The false oath \nthrough which one deprives a Muslim of his property (unjustly)."
      },
      "turkish": {
        "narrator": "Narrated `Abdullah bin `Amr:",
        "text": "`Abdullah bin `Amr'dan rivayet edilmiştir: Bir bedevi Peygamber (ﷺ)'e geldi ve \"Ey Allah'ın Elçisi (ﷺ)! En büyük günahlar nelerdir?\" dedi. Peygamber (ﷺ) \"Allah'a ortak koşmak\" dedi. Bedevi \"Sonra ne?\" dedi. Peygamber (ﷺ) \"Anne-babaya asi olmak\" dedi. Bedevi \"Sonra ne?\" dedi. Peygamber (ﷺ) \"Al-Ghamus yeminini yapmak\" dedi. Bedevi \"Al-Ghamus yemin nedir?\" dedi. Peygamber (ﷺ) \"Bir Müslümanın malını haksız yere elinden alan yalan yemin.\""
      }
    },
    {
      "id": 4,
      "idInBook": 4,
      "chapterId": 88,
      "bookId": 1,
      "arabic": "حَدَّثَنَا خَلاَّدُ بْنُ يَحْيَى، حَدَّثَنَا سُفْيَانُ، عَنْ مَنْصُورٍ، وَالأَعْمَشِ، عَنْ أَبِي وَائِلٍ، عَنِ ابْنِ مَسْعُودٍ ـ رضى الله عنه ـ قَالَ قَالَ رَجُلٌ يَا رَسُولَ اللَّهِ أَنُؤَاخَذُ بِمَا عَمِلْنَا فِي الْجَاهِلِيَّةِ قَالَ ‏\n\"‏ مَنْ أَحْسَنَ فِي الإِسْلاَمِ لَمْ يُؤَاخَذْ بِمَا عَمِلَ فِي الْجَاهِلِيَّةِ، وَمَنْ أَسَاءَ فِي الإِسْلاَمِ أُخِذَ بِالأَوَّلِ وَالآخِرِ ‏\"‏‏.‏",
      "english": {
        "narrator": "Narrated Ibn Mas`ud:",
        "text": "A man said, \"O Allah's Messenger (ﷺ)! Shall we be punished for what we did in the Prelslamic Period of \nignorance?\" The Prophet (ﷺ) said, \"Whoever does good in Islam will not be punished for what he did in \nthe Pre-lslamic Period of ignorance and whoever does evil in Islam will be punished for his former \nand later (bad deeds)."
      },
      "turkish": {
        "narrator": "Narrated Ibn Mas`ud:",
        "text": "İbn Mes'ud'dan rivayet edilmiştir: Bir adam \"Ey Allah'ın Elçisi (ﷺ)! Cahiliye döneminde yaptıklarımızdan dolayı cezalandırılacak mıyız?\" dedi. Peygamber (ﷺ) \"İslam'da iyi işler yapan, cahiliye döneminde yaptıklarından dolayı cezalandırılmaz; İslam'da kötü işler yapan ise geçmişteki ve sonraki (kötü amelleri) için cezalandırılacaktır.\" dedi."
      }
    },
    {
      "id": 5,
      "idInBook": 5,
      "chapterId": 88,
      "bookId": 1,
      "arabic": "حَدَّثَنَا أَبُو النُّعْمَانِ، مُحَمَّدُ بْنُ الْفَضْلِ حَدَّثَنَا حَمَّادُ بْنُ زَيْدٍ، عَنْ أَيُّوبَ، عَنْ عِكْرِمَةَ، قَالَ أُتِيَ عَلِيٌّ ـ رضى الله عنه ـ بِزَنَادِقَةٍ فَأَحْرَقَهُمْ فَبَلَغَ ذَلِكَ ابْنَ عَبَّاسٍ فَقَالَ لَوْ كُنْتُ أَنَا لَمْ أُحْرِقْهُمْ لِنَهْىِ رَسُولِ اللَّهِ صلى الله عليه وسلم وَلَقَتَلْتُهُمْ لِقَوْلِ رَسُولِ اللَّهِ صلى الله عليه وسلم ‏\n\"‏ مَنْ بَدَّلَ دِينَهُ فَاقْتُلُوهُ ‏\"‏‏.‏",
      "english": {
        "narrator": "Narrated `Ikrima:",
        "text": "Some Zanadiqa (atheists) were brought to `Ali and he burnt them. The news of this event, reached Ibn \n`Abbas who said, \"If I had been in his place, I would not have burnt them, as Allah's Messenger (ﷺ) forbade \nit, saying, 'Do not punish anybody with Allah's punishment (fire).' I would have killed them according \nto the statement of Allah's Messenger (ﷺ), 'Whoever changed his Islamic religion, then kill him.'\""
      },
      "turkish": {
        "narrator": "Narrated `Ikrima:",
        "text": "`İkrime'den rivayet edilmiştir: Bazı zanadika (ateistler) Ali'ye getirildi ve onları yaktı. Bu olay İbn Abbas'a ulaştı ve \"Eğer ben onun yerinde olsaydım, onları yakmazdım; çünkü Allah'ın Elçisi (ﷺ) bunu yasakladı, 'Allah'ın cezasıyla kimseyi cezalandırmayın (ateş)' dedi. Onları, Allah'ın Elçisi (ﷺ) 'Kim İslam dinini değiştirirse, onu öldürün' ifadesine göre öldürürdüm.\" dedi."
      }
    },
    {
      "id": 6,
      "idInBook": 6,
      "chapterId": 88,
      "bookId": 1,
      "arabic": "حَدَّثَنَا مُسَدَّدٌ، حَدَّثَنَا يَحْيَى، عَنْ قُرَّةَ بْنِ خَالِدٍ، حَدَّثَنِي حُمَيْدُ بْنُ هِلاَلٍ، حَدَّثَنَا أَبُو بُرْدَةَ، عَنْ أَبِي مُوسَى، قَالَ أَقْبَلْتُ إِلَى النَّبِيِّ صلى الله عليه وسلم وَمَعِي رَجُلاَنِ مِنَ الأَشْعَرِيِّينَ، أَحَدُهُمَا عَنْ يَمِينِي، وَالآخَرُ عَنْ يَسَارِي وَرَسُولُ اللَّهِ صلى الله عليه وسلم يَسْتَاكُ فَكِلاَهُمَا سَأَلَ‏.‏ فَقَالَ ‏\"‏ يَا أَبَا مُوسَى ‏\"‏‏.‏ أَوْ ‏\"‏ يَا عَبْدَ اللَّهِ بْنَ قَيْسٍ ‏\"‏‏.‏ قَالَ قُلْتُ وَالَّذِي بَعَثَكَ بِالْحَقِّ مَا أَطْلَعَانِي عَلَى مَا فِي أَنْفُسِهِمَا، وَمَا شَعَرْتُ أَنَّهُمَا يَطْلُبَانِ الْعَمَلَ‏.‏ فَكَأَنِّي أَنْظُرُ إِلَى سِوَاكِهِ تَحْتِ شَفَتِهِ قَلَصَتْ فَقَالَ ‏\"‏ لَنْ ـ أَوْ ـ لاَ نَسْتَعْمِلُ عَلَى عَمَلِنَا مَنْ أَرَادَهُ، وَلَكِنِ اذْهَبْ أَنْتَ يَا أَبَا مُوسَى ـ أَوْ يَا عَبْدَ اللَّهِ بْنَ قَيْسٍ ـ إِلَى الْيَمَنِ ‏\"‏‏.‏ ثُمَّ أَتْبَعَهُ مُعَاذُ بْنُ جَبَلٍ، فَلَمَّا قَدِمَ عَلَيْهِ أَلْقَى لَهُ وِسَادَةً قَالَ انْزِلْ، وَإِذَا رَجُلٌ عِنْدَهُ مُوثَقٌ‏.‏ قَالَ مَا هَذَا قَالَ كَانَ يَهُودِيًّا فَأَسْلَمَ ثُمَّ تَهَوَّدَ‏.‏ قَالَ اجْلِسْ‏.‏ قَالَ لاَ أَجْلِسُ حَتَّى يُقْتَلَ‏.‏ قَضَاءُ اللَّهِ وَرَسُولِهِ‏.‏ ثَلاَثَ مَرَّاتٍ، فَأَمَرَ بِهِ فَقُتِلَ، ثُمَّ تَذَاكَرْنَا قِيَامَ اللَّيْلِ، فَقَالَ أَحَدُهُمَا أَمَّا أَنَا فَأَقُومُ وَأَنَامُ، وَأَرْجُو فِي نَوْمَتِي مَا أَرْجُو فِي قَوْمَتِي‏.‏",
      "english": {
        "narrator": "Narrated Abu Burda:",
        "text": "Abu Musa said, \"I came to the Prophet (ﷺ) along with two men (from the tribe) of Ash`ariyin, one on my \nright and the other on my left, while Allah's Messenger (ﷺ) was brushing his teeth (with a Siwak), and both \nmen asked him for some employment. The Prophet (ﷺ) said, 'O Abu Musa (O `Abdullah bin Qais!).' I \nsaid, 'By Him Who sent you with the Truth, these two men did not tell me what was in their hearts and \nI did not feel (realize) that they were seeking employment.' As if I were looking now at his Siwak \nbeing drawn to a corner under his lips, and he said, 'We never (or, we do not) appoint for our affairs \nanyone who seeks to be employed. But O Abu Musa! (or `Abdullah bin Qais!) Go to Yemen.'\" The \nProphet then sent Mu`adh bin Jabal after him and when Mu`adh reached him, he spread out a cushion \nfor him and requested him to get down (and sit on the cushion). Behold: There was a fettered man \nbeside Abu Muisa. Mu`adh asked, \"Who is this (man)?\" Abu Muisa said, \"He was a Jew and became a \nMuslim and then reverted back to Judaism.\" Then Abu Muisa requested Mu`adh to sit down but \nMu`adh said, \"I will not sit down till he has been killed. This is the judgment of Allah and His Apostle \n(for such cases) and repeated it thrice. Then Abu Musa ordered that the man be killed, and he was \nkilled. Abu Musa added, \"Then we discussed the night prayers and one of us said, 'I pray and sleep, \nand I hope that Allah will reward me for my sleep as well as for my prayers.'\""
      },
      "turkish": {
        "narrator": "Narrated Abu Burda:",
        "text": "Ebu Burda'dan rivayet edilmiştir: Ebu Musa dedi ki: \"Ben, iki adamla birlikte Peygamber (ﷺ)'in yanına geldim (Ash'ari kabilesinden), biri sağımda, diğeri solumda, Allah'ın Elçisi (ﷺ) dişlerini misvaklıyordu ve her iki adam da ondan bir iş talep etti. Peygamber (ﷺ) 'Ey Ebu Musa (Ey `Abdullah bin Qais!)' dedi. Ben 'Seni gerçeğiyle gönderen Allah'a yemin ederim ki, bu iki adam bana kalplerindekini söylemediler ve ben onların iş aradıklarını hissetmedim.' dedim. Sanki şimdi onun misvakını dudaklarının altındaki bir köşeye çektiğini görüyorum ve 'Biz asla (ya da, iş için başvuran) kimseyi iş için tayin etmeyiz. Ama ey Ebu Musa! (ya da `Abdullah bin Qais!) Yemen'e git.' dedi. Sonra Peygamber, Muaz bin Cebel'i onun arkasından gönderdi ve Muaz ona ulaştığında, onun için bir yastık serdi ve inmesini (ve yastığın üzerine oturmasını) istedi. Bakın: Ebu Musa'nın yanında zincirli bir adam vardı. Muaz sordu: 'Bu (adam) kim?' Ebu Musa 'O bir Yahudi idi, Müslüman oldu ve sonra tekrar Yahudiliğe döndü.' dedi. Sonra Ebu Musa Muaz'dan oturmasını istedi ama Muaz 'O öldürülmeden oturmayacağım. Bu Allah ve Elçisi'nin (bu tür durumlar için) hükmüdür.' dedi ve bunu üç kez tekrarladı. Sonra Ebu Musa adamın öldürülmesini emretti ve o da öldürüldü. Ebu Musa ekledi: 'Sonra gece namazlarını tartıştık ve aramızdan biri 'Ben namaz kılıyorum ve uyuyorum, umarım Allah, uykum için de namazım kadar bana sevap verir.' dedi.\""
      }
    },
    {
      "id": 7,
      "idInBook": 7,
      "chapterId": 88,
      "bookId": 1,
      "arabic": "حَدَّثَنَا يَحْيَى بْنُ بُكَيْرٍ، حَدَّثَنَا اللَّيْثُ، عَنْ عُقَيْلٍ، عَنِ ابْنِ شِهَابٍ، أَخْبَرَنِي عُبَيْدُ اللَّهِ بْنُ عَبْدِ اللَّهِ بْنِ عُتْبَةَ، أَنَّ أَبَا هُرَيْرَةَ، قَالَ لَمَّا تُوُفِّيَ النَّبِيُّ صلى الله عليه وسلم وَاسْتُخْلِفَ أَبُو بَكْرٍ، وَكَفَرَ مَنْ كَفَرَ مِنَ الْعَرَبِ، قَالَ عُمَرُ يَا أَبَا بَكْرٍ، كَيْفَ تُقَاتِلُ النَّاسَ، وَقَدْ قَالَ رَسُولُ اللَّهِ صلى الله عليه وسلم ‏\n\"‏ أُمِرْتُ أَنْ أُقَاتِلَ النَّاسَ حَتَّى يَقُولُوا لاَ إِلَهَ إِلاَّ اللَّهُ‏.‏ فَمَنْ قَالَ لاَ إِلَهَ إِلاَّ اللَّهُ‏.‏ عَصَمَ مِنِّي مَالَهُ وَنَفْسَهُ، إِلاَّ بِحَقِّهِ، وَحِسَابُهُ عَلَى اللَّهِ ‏\"‏‏.‏   قَالَ أَبُو بَكْرٍ وَاللَّهِ لأُقَاتِلَنَّ مَنْ فَرَّقَ بَيْنَ الصَّلاَةِ وَالزَّكَاةِ، فَإِنَّ الزَّكَاةَ حَقُّ الْمَالِ، وَاللَّهِ لَوْ مَنَعُونِي عَنَاقًا كَانُوا يُؤَدُّونَهَا إِلَى رَسُولِ اللَّهِ صلى الله عليه وسلم لَقَاتَلْتُهُمْ عَلَى مَنْعِهَا‏.‏ قَالَ عُمَرُ فَوَاللَّهِ مَا هُوَ إِلاَّ أَنْ رَأَيْتُ أَنْ قَدْ شَرَحَ اللَّهُ صَدْرَ أَبِي بَكْرٍ لِلْقِتَالِ فَعَرَفْتُ أَنَّهُ الْحَقُّ‏.‏",
      "english": {
        "narrator": "Narrated Abu Huraira:",
        "text": "When the Prophet (ﷺ) died and Abu Bakr became his successor and some of the Arabs reverted to \ndisbelief, `Umar said, \"O Abu Bakr! How can you fight these people although Allah's Messenger (ﷺ) said, 'I \nhave been ordered to fight the people till they say: 'None has the right to be worshipped but Allah, \n'and whoever said, 'None has the right to be worshipped but Allah', Allah will save his property and \nhis life from me, unless (he does something for which he receives legal punishment) justly, and his \naccount will be with Allah?' \"Abu Bakr said, \"By Allah! I will fight whoever differentiates between \nprayers and Zakat as Zakat is the right to be taken from property (according to Allah's Orders). By \nAllah! If they refused to pay me even a kid they used to pay to Allah's Messenger (ﷺ), I would fight with \nthem for withholding it.\" `Umar said, \"By Allah: It was nothing, but I noticed that Allah opened Abu \nBakr's chest towards the decision to fight, therefore I realized that his decision was right.\""
      },
      "turkish": {
        "narrator": "Narrated Abu Huraira:",
        "text": "Ebu Hureyre'den rivayet edilmiştir: Peygamber (ﷺ) vefat ettiğinde ve Ebu Bekir halife olduğunda, bazı Araplar inkarcılığa döndü, `Umar dedi ki: \"Ey Ebu Bekir! Bu insanlarla nasıl savaşabilirsin, halbuki Allah'ın Elçisi (ﷺ) 'İnsanlarla, 'Allah'tan başka ilah yoktur' diyene kadar savaşmam emredildi ve 'Allah'tan başka ilah yoktur' diyenin malı ve canı benden korunur, ancak (hukuki bir ceza gerektiren) bir şey yapmadığı sürece, onun hesabı Allah'ladır.' dedi.\" Ebu Bekir dedi ki: \"Allah'a yemin ederim ki, namazla zekat arasında ayrım yapanla savaşacağım; çünkü zekat, maldan alınması gereken bir haktır (Allah'ın emirlerine göre). Allah'a yemin ederim ki, eğer bana, Allah'ın Elçisi (ﷺ)'ne verdikleri bir oğlak bile vermeyi reddederlerse, onun için onlarla savaşırım.\" `Umar dedi ki: \"Allah'a yemin ederim ki, bu sadece, Allah'ın Ebu Bekir'in savaşma kararını açtığını fark ettiğim için, onun kararının doğru olduğunu anladım.\""
      }
    },
    {
      "id": 8,
      "idInBook": 8,
      "chapterId": 88,
      "bookId": 1,
      "arabic": "حَدَّثَنَا مُحَمَّدُ بْنُ مُقَاتِلٍ أَبُو الْحَسَنِ، أَخْبَرَنَا عَبْدُ اللَّهِ، أَخْبَرَنَا شُعْبَةُ، عَنْ هِشَامِ بْنِ زَيْدِ بْنِ أَنَسِ بْنِ مَالِكٍ، قَالَ سَمِعْتُ أَنَسَ بْنَ مَالِكٍ، يَقُولُ مَرَّ يَهُودِيٌّ بِرَسُولِ اللَّهِ صلى الله عليه وسلم فَقَالَ السَّامُ عَلَيْكَ‏.‏ فَقَالَ رَسُولُ اللَّهِ صلى الله عليه وسلم ‏\"‏ وَعَلَيْكَ ‏\"‏‏.‏ فَقَالَ رَسُولُ اللَّهِ صلى الله عليه وسلم ‏\"‏ أَتَدْرُونَ مَا يَقُولُ قَالَ السَّامُ عَلَيْكَ ‏\"‏‏.‏ قَالُوا يَا رَسُولَ اللَّهِ أَلاَ نَقْتُلُهُ قَالَ ‏\"‏ لاَ، إِذَا سَلَّمَ عَلَيْكُمْ أَهْلُ الْكِتَابِ فَقُولُوا وَعَلَيْكُمْ ‏\"‏‏.‏",
      "english": {
        "narrator": "Narrated Anas bin Malik:",
        "text": "A Jew passed by Allah's Messenger (ﷺ) and said, \"As-Samu 'Alaika.\" Allah's Messenger (ﷺ) said in reply, \"We \n'Alaika.\" Allah's Messenger (ﷺ) then said to his companions, \"Do you know what he (the Jew) has said? He \nsaid, 'As-Samu 'Alaika.'\" They said, \"O Allah's Messenger (ﷺ)! Shall we kill him?\" The Prophet, said, \"No. \nWhen the people of the Book greet you, say: 'Wa 'Alaikum.'\""
      },
      "turkish": {
        "narrator": "Narrated Anas bin Malik:",
        "text": "Enes bin Malik'ten rivayet edilmiştir: Bir Yahudi, Allah'ın Elçisi (ﷺ)'nin yanından geçti ve \"As-Samu 'Alaika\" dedi. Allah'ın Elçisi (ﷺ) karşılık olarak \"Ve 'Alaika\" dedi. Sonra Allah'ın Elçisi (ﷺ) arkadaşlarına şöyle dedi: \"O (Yahudi) ne dedi biliyor musunuz? 'As-Samu 'Alaika' dedi.\" Onlar \"Ey Allah'ın Elçisi (ﷺ)! Onu öldürmeli miyiz?\" dediler. Peygamber (ﷺ) \"Hayır. Kitap ehli size selam verdiğinde, 'Ve 'Alaikum' deyin.\" dedi."
      }
    },
    {
      "id": 9,
      "idInBook": 9,
      "chapterId": 88,
      "bookId": 1,
      "arabic": "حَدَّثَنَا أَبُو نُعَيْمٍ، عَنِ ابْنِ عُيَيْنَةَ، عَنِ الزُّهْرِيِّ، عَنْ عُرْوَةَ، عَنْ عَائِشَةَ ـ رضى الله عنها ـ قَالَتِ اسْتَأْذَنَ رَهْطٌ مِنَ الْيَهُودِ عَلَى النَّبِيِّ صلى الله عليه وسلم فَقَالُوا السَّامُ عَلَيْكَ‏.‏ فَقُلْتُ بَلْ عَلَيْكُمُ السَّامُ وَاللَّعْنَةُ‏.‏ فَقَالَ ‏\"‏ يَا عَائِشَةُ إِنَّ اللَّهَ رَفِيقٌ يُحِبُّ الرِّفْقَ فِي الأَمْرِ كُلِّهِ ‏\"‏‏.‏ قُلْتُ أَوَلَمْ تَسْمَعْ مَا قَالُوا قَالَ ‏\"‏ قُلْتُ وَعَلَيْكُمْ ‏\"‏‏.‏",
      "english": {
        "narrator": "Narrated `Aisha:",
        "text": "A group of Jews asked permission to visit the Prophet (and when they were admitted) they said, \"As- \nSamu 'Alaika (Death be upon you).\" I said (to them), \"But death and the curse of Allah be upon you!\" \nThe Prophet (ﷺ) said, \"O `Aisha! Allah is kind and lenient and likes that one should be kind and lenient in \nall matters.\" I said, \"Haven't you heard what they said?\" He said, \"I said (to them), 'Wa 'Alaikum (and \nupon you)."
      },
      "turkish": {
        "narrator": "Narrated `Aisha:",
        "text": "`Aisha'dan rivayet edilmiştir: Bir grup Yahudi, Peygamber'e (ﷺ) ziyaret izni istedi ve içeri alındıklarında \"As-Samu 'Alaika (Ölüm sana olsun)\" dediler. Ben (onlara) \"Ama ölüm ve Allah'ın laneti sizin üzerinize olsun!\" dedim. Peygamber (ﷺ) \"Ey `Aisha! Allah merhametlidir ve yumuşaktır ve her konuda yumuşak olmayı sever.\" dedi. Ben \"Onların ne dediğini duymadın mı?\" dedim. O da \"Ben onlara 'Ve 'Alaikum (ve size de)' dedim.\" dedi."
      }
    },
    {
      "id": 10,
      "idInBook": 10,
      "chapterId": 88,
      "bookId": 1,
      "arabic": "حَدَّثَنَا مُسَدَّدٌ، حَدَّثَنَا يَحْيَى بْنُ سَعِيدٍ، عَنْ سُفْيَانَ، وَمَالِكِ بْنِ أَنَسٍ، قَالاَ حَدَّثَنَا عَبْدُ اللَّهِ بْنُ دِينَارٍ، قَالَ سَمِعْتُ ابْنَ عُمَرَ ـ رضى الله عنهما ـ يَقُولُ قَالَ رَسُولُ اللَّهِ صلى الله عليه وسلم ‏\n\"‏ إِنَّ الْيَهُودَ إِذَا سَلَّمُوا عَلَى أَحَدِكُمْ إِنَّمَا يَقُولُونَ سَامٌ عَلَيْكَ‏.‏ فَقُلْ عَلَيْكَ ‏\"‏‏.‏",
      "english": {
        "narrator": "Narrated Ibn `Umar:",
        "text": "Allah's Messenger (ﷺ) said, \"When the Jews greet anyone of you they say: 'Sam'Alaika (death be upon you); \nso you should say; 'Wa 'Alaika (and upon you).'\""
      },
      "turkish": {
        "narrator": "Narrated Ibn `Umar:",
        "text": "İbn `Umar'dan rivayet edilmiştir: Allah'ın Elçisi (ﷺ) şöyle dedi: \"Yahudiler sizden birine selam verdiğinde, 'Sam'Alaika (ölüm sana olsun); siz de 'Ve 'Alaika (ve sana da)' demelisiniz.\""
      }
    },
    {
      "id": 11,
      "idInBook": 11,
      "chapterId": 88,
      "bookId": 1,
      "arabic": "حَدَّثَنَا عُمَرُ بْنُ حَفْصٍ، حَدَّثَنَا أَبِي، حَدَّثَنَا الأَعْمَشُ، قَالَ حَدَّثَنِي شَقِيقٌ، قَالَ قَالَ عَبْدُ اللَّهِ كَأَنِّي أَنْظُرُ إِلَى النَّبِيِّ صلى الله عليه وسلم يَحْكِي نَبِيًّا مِنَ الأَنْبِيَاءِ ضَرَبَهُ قَوْمُهُ فَأَدْمَوْهُ، فَهْوَ يَمْسَحُ الدَّمَ عَنْ وَجْهِهِ وَيَقُولُ رَبِّ اغْفِرْ لِقَوْمِي، فَإِنَّهُمْ لاَ يَعْلَمُونَ‏.‏",
      "english": {
        "narrator": "Narrated `Abdullah:",
        "text": "As if I am looking at the Prophet (ﷺ) while he was speaking about one of the prophets whose people have \nbeaten and wounded him, and he was wiping the blood off his face and saying, \"O Lord! Forgive my, \npeople as they do not know.\""
      },
      "turkish": {
        "narrator": "Narrated `Abdullah:",
        "text": "`Abdullah'dan rivayet edilmiştir: Sanki Peygamber (ﷺ)'i, bir peygamber hakkında konuşurken görüyorum, halkı onu dövmüş ve yaralamış, o da yüzündeki kanı silerken \"Ey Rabbim! Halkımı affet, çünkü onlar bilmiyorlar.\" diyordu."
      }
    },
    {
      "id": 12,
      "idInBook": 12,
      "chapterId": 88,
      "bookId": 1,
      "arabic": "حَدَّثَنَا عُمَرُ بْنُ حَفْصِ بْنِ غِيَاثٍ، حَدَّثَنَا أَبِي، حَدَّثَنَا الأَعْمَشُ، حَدَّثَنَا خَيْثَمَةُ، حَدَّثَنَا سُوَيْدُ بْنُ غَفَلَةَ، قَالَ عَلِيٌّ ـ رضى الله عنه ـ إِذَا حَدَّثْتُكُمْ عَنْ رَسُولِ اللَّهِ صلى الله عليه وسلم حَدِيثًا فَوَاللَّهِ، لأَنْ أَخِرَّ مِنَ السَّمَاءِ أَحَبُّ إِلَىَّ مِنْ أَنْ أَكْذِبَ عَلَيْهِ، وَإِذَا حَدَّثْتُكُمْ فِيمَا بَيْنِي وَبَيْنَكُمْ فَإِنَّ الْحَرْبَ خَدْعَةٌ، وَإِنِّي سَمِعْتُ رَسُولَ اللَّهِ صلى الله عليه وسلم يَقُولُ ‏\n\"‏ سَيَخْرُجُ قَوْمٌ فِي آخِرِ الزَّمَانِ، حُدَّاثُ الأَسْنَانِ، سُفَهَاءُ الأَحْلاَمِ، يَقُولُونَ مِنْ خَيْرِ قَوْلِ الْبَرِيَّةِ، لاَ يُجَاوِزُ إِيمَانُهُمْ حَنَاجِرَهُمْ، يَمْرُقُونَ مِنَ الدِّينِ كَمَا يَمْرُقُ السَّهْمُ مِنَ الرَّمِيَّةِ، فَأَيْنَمَا لَقِيتُمُوهُمْ فَاقْتُلُوهُمْ، فَإِنَّ فِي قَتْلِهِمْ أَجْرًا لِمَنْ قَتَلَهُمْ يَوْمَ الْقِيَامَةِ ‏\"‏‏.‏",
      "english": {
        "narrator": "Narrated `Ali:",
        "text": "Whenever I tell you a narration from Allah's Messenger (ﷺ), by Allah, I would rather fall down from the sky \nthan ascribe a false statement to him, but if I tell you something between me and you (not a Hadith) \nthen it was indeed a trick (i.e., I may say things just to cheat my enemy). No doubt I heard Allah's \nApostle saying, \"During the last days there will appear some young foolish people who will say the \nbest words but their faith will not go beyond their throats (i.e. they will have no faith) and will go out \nfrom (leave) their religion as an arrow goes out of the game. So, where-ever you find them, kill them, \nfor who-ever kills them shall have reward on the Day of Resurrection.\""
      },
      "turkish": {
        "narrator": "Narrated `Ali:",
        "text": "`Ali'den rivayet edilmiştir: Size Allah'ın Elçisi (ﷺ)'nden bir rivayet anlattığımda, Allah'a yemin ederim ki, ona yalan bir söz isnat etmektense, gökten düşmeyi tercih ederim, ama eğer size benimle aramda (bir hadis olmayan) bir şey söylersem, bu gerçekten bir hiledir (yani düşmanımı kandırmak için bir şeyler söyleyebilirim). Şüphesiz ki, Allah'ın Elçisi'nin \"Son günlerde bazı genç, akılsız insanlar ortaya çıkacak ve en güzel sözleri söyleyecekler ama inançları boğazlarının ötesine geçmeyecek (yani inançları olmayacak) ve dinlerinden, okların avdan çıktığı gibi çıkacaklar. Onları nerede bulursanız öldürün; çünkü onları öldüren, Kıyamet Günü'nde ödül alacaktır.\" dediğini duydum."
      }
    },
    {
      "id": 13,
      "idInBook": 13,
      "chapterId": 88,
      "bookId": 1,
      "arabic": "حَدَّثَنَا مُحَمَّدُ بْنُ الْمُثَنَّى، حَدَّثَنَا عَبْدُ الْوَهَّابِ، قَالَ سَمِعْتُ يَحْيَى بْنَ سَعِيدٍ، قَالَ أَخْبَرَنِي مُحَمَّدُ بْنُ إِبْرَاهِيمَ، عَنْ أَبِي سَلَمَةَ، وَعَطَاءِ بْنِ يَسَارٍ، أَنَّهُمَا أَتَيَا أَبَا سَعِيدٍ الْخُدْرِيَّ فَسَأَلاَهُ عَنِ الْحَرُورِيَّةِ، أَسَمِعْتَ النَّبِيَّ صلى الله عليه وسلم‏.‏ قَالَ لاَ أَدْرِي مَا الْحَرُورِيَّةُ سَمِعْتُ النَّبِيَّ صلى الله عليه وسلم يَقُولُ ‏\n\"‏ يَخْرُجُ فِي هَذِهِ الأُمَّةِ ـ وَلَمْ يَقُلْ مِنْهَا ـ قَوْمٌ تَحْقِرُونَ صَلاَتَكُمْ مَعَ صَلاَتِهِمْ، يَقْرَءُونَ الْقُرْآنَ لاَ يُجَاوِزُ حُلُوقَهُمْ ـ أَوْ حَنَاجِرَهُمْ ـ يَمْرُقُونَ مِنَ الدِّينِ مُرُوقَ السَّهْمِ مِنَ الرَّمِيَّةِ، فَيَنْظُرُ الرَّامِي إِلَى سَهْمِهِ إِلَى نَصْلِهِ إِلَى رِصَافِهِ، فَيَتَمَارَى فِي الْفُوقَةِ، هَلْ عَلِقَ بِهَا مِنَ الدَّمِ شَىْءٌ ‏\"‏‏.‏",
      "english": {
        "narrator": "Narrated `Abdullah bin `Amr bin Yasar:",
        "text": "That they visited Abu Sa`id Al-Khudri and asked him about Al-Harauriyya, a special unorthodox \nreligious sect, \"Did you hear the Prophet (ﷺ) saying anything about them?\" Abu Sa`id said, \"I do not \nknow what Al-Harauriyya is, but I heard the Prophet (ﷺ) saying, \"There will appear in this nation---- he \ndid not say: From this nation ---- a group of people so pious apparently that you will consider your \nprayers inferior to their prayers, but they will recite the Qur'an, the teachings of which will not go \nbeyond their throats and will go out of their religion as an arrow darts through the game, whereupon \nthe archer may look at his arrow, its Nasl at its Risaf and its Fuqa to see whether it is blood-stained or \nnot (i.e. they will have not even a trace of Islam in them)."
      },
      "turkish": {
        "narrator": "Narrated `Abdullah bin `Amr bin Yasar:",
        "text": "`Abdullah bin `Amr bin Yasar'dan rivayet edilmiştir: Onlar Ebu Sa`id el-Khudri'yi ziyaret ettiler ve ona Al-Harauriyya hakkında \"Peygamber (ﷺ)'in onlarla ilgili bir şey söylediğini duydun mu?\" diye sordular. Ebu Sa`id \"Al-Harauriyya'nın ne olduğunu bilmiyorum, ama Peygamber (ﷺ)'in 'Bu ümmette -o, bu ümmetten demedi- öyle bir grup insan çıkacak ki, görünüşte o kadar takva sahibi olacaklar ki, siz onların namazlarını kendi namazlarınıza göre daha aşağıda göreceksiniz, ama onlar Kur'an okuyacaklar, öğretileri boğazlarının ötesine geçmeyecek ve dinlerinden, okların avdan çıktığı gibi çıkacaklar, o zaman okçunun oku, Nasl'ını Risaf'ına ve Fuqa'sını kanlı olup olmadığını görmek için kontrol edebilir (yani, onların içinde İslam'a dair hiçbir iz olmayacak).' dediğini duydum.\" dedi."
      }
    },
    {
      "id": 14,
      "idInBook": 14,
      "chapterId": 88,
      "bookId": 1,
      "arabic": "حَدَّثَنَا يَحْيَى بْنُ سُلَيْمَانُ، حَدَّثَنِي ابْنُ وَهْبٍ، قَالَ حَدَّثَنِي عُمَرُ، أَنَّ أَبَاهُ، حَدَّثَهُ عَنْ عَبْدِ اللَّهِ بْنِ عُمَرَ ـ وَذَكَرَ الْحَرُورِيَّةَ ـ فَقَالَ قَالَ النَّبِيُّ صلى الله عليه وسلم ‏\n\"‏ يَمْرُقُونَ مِنَ الإِسْلاَمِ مُرُوقَ السَّهْمِ مِنَ الرَّمِيَّةِ ‏\"‏‏.‏",
      "english": {
        "narrator": "Narrated `Abdullah bin `Umar:",
        "text": "Regarding Al-Harauriyya: The Prophet (ﷺ) said, \"They will go out of Islam as an arrow darts out of the \ngame's body.'"
      },
      "turkish": {
        "narrator": "Narrated `Abdullah bin `Umar:",
        "text": "`Abdullah bin `Umar'dan rivayet edilmiştir: Al-Harauriyya hakkında: Peygamber (ﷺ) \"Onlar İslam'dan, okların avın bedeninden çıktığı gibi çıkacaklar.\" dedi."
      }
    },
    {
      "id": 15,
      "idInBook": 15,
      "chapterId": 88,
      "bookId": 1,
      "arabic": "حَدَّثَنَا عَبْدُ اللَّهِ بْنُ مُحَمَّدٍ، حَدَّثَنَا هِشَامٌ، أَخْبَرَنَا مَعْمَرٌ، عَنِ الزُّهْرِيِّ، عَنْ أَبِي سَلَمَةَ، عَنْ أَبِي سَعِيدٍ، قَالَ بَيْنَا النَّبِيُّ صلى الله عليه وسلم يَقْسِمُ جَاءَ عَبْدُ اللَّهِ بْنُ ذِي الْخُوَيْصِرَةِ التَّمِيمِيُّ فَقَالَ اعْدِلْ يَا رَسُولَ اللَّهِ‏.‏ فَقَالَ ‏\"‏ وَيْلَكَ مَنْ يَعْدِلُ إِذَا لَمْ أَعْدِلْ ‏\"‏‏.‏ قَالَ عُمَرُ بْنُ الْخَطَّابِ دَعْنِي أَضْرِبْ عُنُقَهُ‏.‏ قَالَ ‏\"‏ دَعْهُ فَإِنَّ لَهُ أَصْحَابًا يَحْقِرُ أَحَدُكُمْ صَلاَتَهُ مَعَ صَلاَتِهِ، وَصِيَامَهُ مَعَ صِيَامِهِ، يَمْرُقُونَ مِنَ الدِّينِ كَمَا يَمْرُقُ السَّهْمُ مِنَ الرَّمِيَّةِ، يُنْظَرُ فِي قُذَذِهِ فَلاَ يُوجَدُ فِيهِ شَىْءٌ، يُنْظَرُ فِي نَصْلِهِ فَلاَ يُوجَدُ فِيهِ شَىْءٌ، ثُمَّ يُنْظَرُ فِي رِصَافِهِ فَلاَ يُوجَدُ فِيهِ شَىْءٌ، ثُمَّ يُنْظَرُ فِي نَضِيِّهِ فَلاَ يُوجَدُ فِيهِ شَىْءٌ، قَدْ سَبَقَ الْفَرْثَ وَالدَّمَ، آيَتُهُمْ رَجُلٌ إِحْدَى يَدَيْهِ ـ أَوْ قَالَ ثَدْيَيْهِ ـ مِثْلُ ثَدْىِ الْمَرْأَةِ ـ أَوْ قَالَ مِثْلُ الْبَضْعَةِ ـ تَدَرْدَرُ، يَخْرُجُونَ عَلَى حِينِ فُرْقَةٍ مِنَ النَّاسِ ‏\"‏‏.‏ قَالَ أَبُو سَعِيدٍ أَشْهَدُ سَمِعْتُ مِنَ النَّبِيِّ صلى الله عليه وسلم وَأَشْهَدُ أَنَّ عَلِيًّا قَتَلَهُمْ وَأَنَا مَعَهُ، جِيءَ بِالرَّجُلِ عَلَى النَّعْتِ الَّذِي نَعَتَهُ النَّبِيُّ صلى الله عليه وسلم‏.‏ قَالَ فَنَزَلَتْ فِيهِ ‏{‏وَمِنْهُمْ مَنْ يَلْمِزُكَ فِي الصَّدَقَاتِ‏}‏‏.‏",
      "english": {
        "narrator": "Narrated Abu Sa`id:",
        "text": "While the Prophet (ﷺ) was distributing (something, `Abdullah bin Dhil Khawaisira at-Tamimi came and \nsaid, \"Be just, O Allah's Messenger (ﷺ)!\" The Prophet (ﷺ) said, \"Woe to you ! Who would be just if I were not?\" \n`Umar bin Al-Khattab said, \"Allow me to cut off his neck ! \" The Prophet (ﷺ) said, \" Leave him, for he \nhas companions, and if you compare your prayers with their prayers and your fasting with theirs, you \nwill look down upon your prayers and fasting, in comparison to theirs. Yet they will go out of the \nreligion as an arrow darts through the game's body in which case, if the Qudhadh of the arrow is \nexamined, nothing will be found on it, and when its Nasl is examined, nothing will be found on it; and \nthen its Nadiyi is examined, nothing will be found on it. The arrow has been too fast to be smeared by \ndung and blood. The sign by which these people will be recognized will be a man whose one hand (or \nbreast) will be like the breast of a woman (or like a moving piece of flesh). These people will appear \nwhen there will be differences among the people (Muslims).\" Abu Sa`id added: I testify that I heard \nthis from the Prophet (ﷺ) and also testify that `Ali killed those people while I was with him. The man with \nthe description given by the Prophet (ﷺ) was brought to `Ali. The following Verses were revealed in \nconnection with that very person (i.e., `Abdullah bin Dhil-Khawaisira at-Tarnimi): 'And among them \nare men who accuse you (O Muhammad) in the matter of (the distribution of) the alms.' (9.58)"
      },
      "turkish": {
        "narrator": "Narrated Abu Sa`id:",
        "text": "Ebu Sa`id'den rivayet edilmiştir: Peygamber (ﷺ) bir şey dağıtırken, `Abdullah bin Dhil Khawaisira at-Tamimi geldi ve \"Adil ol, ey Allah'ın Elçisi (ﷺ)!\" dedi. Peygamber (ﷺ) \"Vay haline! Eğer ben adil olmazsam, kim adil olacak?\" dedi. `Umar bin Al-Khattab \"Bırak, onun boynunu keseyim!\" dedi. Peygamber (ﷺ) \"Bırak onu, çünkü onun arkadaşları var ve eğer senin namazını onların namazlarıyla ve oruçlarını onların oruçlarıyla karşılaştırırsan, sen kendi namazını ve orucunu onlarınkine göre küçümseyeceksin. Yine de onlar, okların avın bedeninden çıktığı gibi dinlerinden çıkacaklar; bu durumda, okun Qudhadh'ı incelendiğinde, üzerinde hiçbir şey bulunmayacak ve Nasl'ı incelendiğinde, üzerinde hiçbir şey bulunmayacak; sonra Nadiyi incelendiğinde, üzerinde hiçbir şey bulunmayacak. Ok, dışkı ve kanla lekelenmeyecek kadar hızlı çıkmıştır. Bu insanların tanınacağı işaret, bir elinin (ya da göğsünün) bir kadın göğsü gibi (ya da hareket eden bir et parçası gibi) olmasıdır. Bu insanlar, insanlar (Müslümanlar) arasında ihtilaf olduğunda ortaya çıkacaklar.\" Ebu Sa`id ekledi: \"Bunu Peygamber (ﷺ)'den duyduğuma şahitlik ederim ve ayrıca `Ali'nin bu insanları öldürdüğüne de şahitlik ederim. Peygamber (ﷺ)'in tarif ettiği kişi `Ali'ye getirildi. O kişiyle ilgili olarak şu ayetler indirildi: 'Onlardan bazıları seni (Ey Muhammed) sadakaların (dağıtımı) konusunda suçluyor.' (9.58)\""
      }
    },
    {
      "id": 16,
      "idInBook": 16,
      "chapterId": 88,
      "bookId": 1,
      "arabic": "حَدَّثَنَا مُوسَى بْنُ إِسْمَاعِيلَ، حَدَّثَنَا عَبْدُ الْوَاحِدِ، حَدَّثَنَا الشَّيْبَانِيُّ، حَدَّثَنَا يُسَيْرُ بْنُ عَمْرٍو، قَالَ قُلْتُ لِسَهْلِ بْنِ حُنَيْفٍ هَلْ سَمِعْتَ النَّبِيَّ صلى الله عليه وسلم يَقُولُ فِي الْخَوَارِجِ شَيْئًا قَالَ سَمِعْتُهُ يَقُولُ ـ وَأَهْوَى بِيَدِهِ قِبَلَ الْعِرَاقِ ـ ‏\n\"‏ يَخْرُجُ مِنْهُ قَوْمٌ يَقْرَءُونَ الْقُرْآنَ لاَ يُجَاوِزُ تَرَاقِيَهُمْ، يَمْرُقُونَ مِنَ الإِسْلاَمِ مُرُوقَ السَّهْمِ مِنَ الرَّمِيَّةِ ‏\"‏‏.‏",
      "english": {
        "narrator": "Narrated Yusair bin `Amr:",
        "text": "I asked Sahl bin Hunaif, \"Did you hear the Prophet (ﷺ) saying anything about Al-Khawarij?\" He said, \"I \nheard him saying while pointing his hand towards Iraq. \"There will appear in it (i.e, Iraq) some people \nwho will recite the Qur'an but it will not go beyond their throats, and they will go out from (leave) \nIslam as an arrow darts through the game's body.' \""
      },
      "turkish": {
        "narrator": "Narrated Yusair bin `Amr:",
        "text": "Yusair bin `Amr'dan rivayet edilmiştir: Sahl bin Hunaif'e sordum, \"Peygamber (ﷺ) Al-Khawarij hakkında bir şey söyledi mi?\" Dedi ki, \"Onun Irak'a işaret ederek şöyle dediğini duydum: 'İçinde (yani Irak'ta) bazı insanlar belirecek, Kur'an okuyacaklar ama bu okudukları boğazlarından öteye geçmeyecek, ve bir ok gibi İslam'dan çıkacaklar.'\""
      }
    },
    {
      "id": 17,
      "idInBook": 17,
      "chapterId": 88,
      "bookId": 1,
      "arabic": "حَدَّثَنَا عَلِيٌّ، حَدَّثَنَا سُفْيَانُ، حَدَّثَنَا أَبُو الزِّنَادِ، عَنِ الأَعْرَجِ، عَنْ أَبِي هُرَيْرَةَ ـ رضى الله عنه ـ قَالَ قَالَ رَسُولُ اللَّهِ صلى الله عليه وسلم ‏\n\"‏ لاَ تَقُومُ السَّاعَةُ حَتَّى تَقْتَتِلَ فِئَتَانِ دَعْوَاهُمَا وَاحِدَةٌ ‏\"‏‏.‏",
      "english": {
        "narrator": "Narrated Abu Huraira:",
        "text": "Allah's Messenger (ﷺ) said, \"The Hour will not be established till two (huge) groups fight against each other, \ntheir claim being one and the same.\""
      },
      "turkish": {
        "narrator": "Narrated Abu Huraira:",
        "text": "Ebu Hureyre'den rivayet edilmiştir: Allah'ın Elçisi (ﷺ) şöyle dedi: \"Saat, iki (büyük) grubun birbirine karşı savaşmadan kurulmayacak, onların iddiaları ise bir ve aynı olacak.\""
      }
    },
    {
      "id": 18,
      "idInBook": 18,
      "chapterId": 88,
      "bookId": 1,
      "arabic": "قَالَ أَبُو عَبْدِ اللَّهِ وَقَالَ اللَّيْثُ حَدَّثَنِي يُونُسُ، عَنِ ابْنِ شِهَابٍ، أَخْبَرَنِي عُرْوَةُ بْنُ الزُّبَيْرِ، أَنَّ الْمِسْوَرَ بْنَ مَخْرَمَةَ، وَعَبْدَ الرَّحْمَنِ بْنَ عَبْدٍ الْقَارِيَّ، أَخْبَرَاهُ أَنَّهُمَا، سَمِعَا عُمَرَ بْنَ الْخَطَّابِ، يَقُولُ سَمِعْتُ هِشَامَ بْنَ حَكِيمٍ، يَقْرَأُ سُورَةَ الْفُرْقَانِ فِي حَيَاةِ رَسُولِ اللَّهِ صلى الله عليه وسلم فَاسْتَمَعْتُ لِقِرَاءَتِهِ، فَإِذَا هُوَ يَقْرَؤُهَا عَلَى حُرُوفٍ كَثِيرَةٍ لَمْ يُقْرِئْنِيهَا رَسُولُ اللَّهِ صلى الله عليه وسلم كَذَلِكَ، فَكِدْتُ أُسَاوِرُهُ فِي الصَّلاَةِ فَانْتَظَرْتُهُ حَتَّى سَلَّمَ، ثُمَّ لَبَّبْتُهُ بِرِدَائِهِ أَوْ بِرِدَائِي فَقُلْتُ مَنْ أَقْرَأَكَ هَذِهِ السُّورَةَ قَالَ أَقْرَأَنِيهَا رَسُولُ اللَّهِ صلى الله عليه وسلم قُلْتُ لَهُ كَذَبْتَ فَوَاللَّهِ إِنَّ رَسُولَ اللَّهِ صلى الله عليه وسلم أَقْرَأَنِي هَذِهِ السُّورَةَ الَّتِي سَمِعْتُكَ تَقْرَؤُهَا‏.‏ فَانْطَلَقْتُ أَقُودُهُ إِلَى رَسُولِ اللَّهِ صلى الله عليه وسلم فَقُلْتُ يَا رَسُولَ اللَّهِ إِنِّي سَمِعْتُ هَذَا يَقْرَأُ بِسُورَةِ الْفُرْقَانِ عَلَى حُرُوفٍ لَمْ تُقْرِئْنِيهَا، وَأَنْتَ أَقْرَأْتَنِي سُورَةَ الْفُرْقَانِ‏.‏ فَقَالَ رَسُولُ اللَّهِ صلى الله عليه وسلم ‏\"‏ أَرْسِلْهُ يَا عُمَرُ، اقْرَأْ يَا هِشَامُ ‏\"‏‏.‏ فَقَرَأَ عَلَيْهِ الْقِرَاءَةَ الَّتِي سَمِعْتُهُ يَقْرَؤُهَا‏.‏ قَالَ رَسُولُ اللَّهِ صلى الله عليه وسلم ‏\"‏ هَكَذَا أُنْزِلَتْ ‏\"‏‏.‏ ثُمَّ قَالَ رَسُولُ اللَّهِ صلى الله عليه وسلم ‏\"‏ اقْرَأْ يَا عُمَرُ ‏\"‏‏.‏ فَقَرَأْتُ فَقَالَ ‏\"‏ هَكَذَا أُنْزِلَتْ ‏\"‏‏.‏ ثُمَّ قَالَ ‏\"‏ إِنَّ هَذَا الْقُرْآنَ أُنْزِلَ عَلَى سَبْعَةِ أَحْرُفٍ فَاقْرَءُوا مَا تَيَسَّرَ مِنْهُ ‏\"‏‏.‏",
      "english": {
        "narrator": "'Umar bin Al-Khattab said:",
        "text": "I heard Hisham bin Al-Hakim reciting Surat Al-Furqan during the lifetime of Allah's Messenger (ﷺ). I listened to his recitation and noticed that he recited it in several different ways which Allah's Messenger (ﷺ) had not taught me. So  I was about to jump over him during his Salat (prayer) but I waited till he finished his Salat (prayer) whereupon I put, either his upper garment or my upper garment around his neck and seized him by it and asked him, \"Who has taught you this Surah?\" He replied: \"Allah's Messenger (ﷺ) has taught it to me.\" I said (to him), \"You have told a lie! By Allah, Allah's Messenger (ﷺ) has taught me this Surah which I have heard you reciting.\" So I dragged him to the Allah's Messenger (ﷺ). I said: \"O Allah's Messenger I have heard this man reciting Surat Al-Furqan in a way in which you have not taught me, and you did teach me Surah Al-Furqan.\" On that Allah's Messenger (ﷺ) said, \"O 'Umar, release him! Recite, O Hisham\". So Hisham recited before him in the way as I heard him reciting. Allah's Messenger (ﷺ) said, \"It has been revealed like this.\" Then Allah's Messenger (ﷺ) said, \"Recite, O 'Umar\" So recited it. The Prophet (ﷺ) said, \"It has been revealed like this.\" And then he added, \"This Qur'an has been revealed to be recited in seven different ways, so recite it whichever way is easier for you.\""
      },
      "turkish": {
        "narrator": "'Umar bin Al-Khattab said:",
        "text": "Ömer bin Hattab dedi ki: Hişam bin Hakim'in Allah'ın Elçisi (ﷺ) döneminde Furkan Suresi'ni okuduğunu duydum. Onun tilavetine kulak verdim ve onun, Allah'ın Elçisi (ﷺ) tarafından bana öğretilmeyen birçok farklı şekilde okuduğunu fark ettim. O sırada onun Salat'ında (namazında) üzerine atlamayı düşündüm ama Salat'ını bitirmesini bekledim. Salat'ını bitirdikten sonra, ya onun üst elbisesini ya da kendi üst elbisemi boynuna koyup onu yakaladım ve sordum: \"Bu sureyi sana kim öğretti?\" O da: \"Allah'ın Elçisi (ﷺ) bana öğretti.\" dedi. Ben de ona, \"Yalan söyledin! Vallahi, Allah'ın Elçisi (ﷺ) bana bu sureyi öğretti ve senin okuduğunu duydum.\" dedim. Onu Allah'ın Elçisi (ﷺ)'ne götürdüm. Dedim ki: \"Ey Allah'ın Elçisi, bu adamın Furkan Suresi'ni senin bana öğrettiğin şekilde okumadığını duydum, sen bana Furkan Suresi'ni öğrettin.\" Bunun üzerine Allah'ın Elçisi (ﷺ) dedi ki: \"Ey Ömer, onu serbest bırak! Ey Hişam, oku.\" Hişam, benim duyduğum şekilde okudu. Allah'ın Elçisi (ﷺ) dedi ki: \"Bu şekilde indirilmiştir.\" Sonra Allah'ın Elçisi (ﷺ) dedi ki: \"Ey Ömer, oku.\" O da okudu. Peygamber (ﷺ) dedi ki: \"Bu şekilde indirilmiştir.\" Ve sonra ekledi: \"Bu Kur'an, yedi farklı şekilde okunması için indirilmiştir, bu yüzden senin için en kolay olan şekilde oku.\""
      }
    },
    {
      "id": 19,
      "idInBook": 19,
      "chapterId": 88,
      "bookId": 1,
      "arabic": "حَدَّثَنَا إِسْحَاقُ بْنُ إِبْرَاهِيمَ، أَخْبَرَنَا وَكِيعٌ، ح حَدَّثَنَا يَحْيَى، حَدَّثَنَا وَكِيعٌ، عَنِ الأَعْمَشِ، عَنْ إِبْرَاهِيمَ، عَنْ عَلْقَمَةَ، عَنْ عَبْدِ اللَّهِ، رضى الله عنه قَالَ لَمَّا نَزَلَتْ هَذِهِ الآيَةُ ‏{‏الَّذِينَ آمَنُوا وَلَمْ يَلْبِسُوا إِيمَانَهُمْ بِظُلْمٍ‏}‏ شَقَّ ذَلِكَ عَلَى أَصْحَابِ النَّبِيِّ صلى الله عليه وسلم وَقَالُوا أَيُّنَا لَمْ يَظْلِمْ نَفْسَهُ‏.‏ فَقَالَ رَسُولُ اللَّهِ صلى الله عليه وسلم ‏\"‏ لَيْسَ كَمَا تَظُنُّونَ‏.‏ إِنَّمَا هُوَ كَمَا قَالَ لُقْمَانُ لاِبْنِهِ ‏{‏يَا بُنَىَّ لاَ تُشْرِكْ بِاللَّهِ إِنَّ الشِّرْكَ لَظُلْمٌ عَظِيمٌ‏}‏‏\"‏‏.‏",
      "english": {
        "narrator": "Narrated `Abdullah:",
        "text": "When the Verse:--'Those who believe and did not confuse their belief with wrong (worshipping others \nbesides Allah).' (6.82) was revealed, it was hard on the companions of the Prophet (ﷺ) and they said, \n\"Who among us has not wronged (oppressed) himself?\" Allah's Messenger (ﷺ) said, \"The meaning of the \nVerse is not as you think, but it is as Luqman said to his son, 'O my son! Join not in worship others \nwith Allah, Verily! Joining others in worship with Allah is a great wrong indeed.'\" (31.13)"
      },
      "turkish": {
        "narrator": "Narrated `Abdullah:",
        "text": "Abdullah'dan rivayet edilmiştir: \"O inananlar ki, inançlarını zulüm (Allah'tan başkasına ibadet) ile karıştırmamışlardır.\" (6.82) ayeti indirildiğinde, Peygamber (ﷺ)'in sahabeleri için zor oldu ve dediler ki, \"Aramızda kendine zulmetmeyen kim var?\" Allah'ın Elçisi (ﷺ) dedi ki: \"Ayetin anlamı düşündüğünüz gibi değil, ama Luqman'ın oğluna söylediği gibidir: 'Ey oğul! Allah ile birlikte başka birine ibadet etme, gerçekten Allah ile birlikte başka birine ibadet etmek büyük bir zulümdür.'\" (31.13)"
      }
    },
    {
      "id": 20,
      "idInBook": 20,
      "chapterId": 88,
      "bookId": 1,
      "arabic": "حَدَّثَنَا عَبْدَانُ، أَخْبَرَنَا عَبْدُ اللَّهِ، أَخْبَرَنَا مَعْمَرٌ، عَنِ الزُّهْرِيِّ، أَخْبَرَنِي مَحْمُودُ بْنُ الرَّبِيعِ، قَالَ سَمِعْتُ عِتْبَانَ بْنَ مَالِكٍ، يَقُولُ غَدَا عَلَىَّ رَسُولُ اللَّهِ صلى الله عليه وسلم فَقَالَ رَجُلٌ أَيْنَ مَالِكُ بْنُ الدُّخْشُنِ فَقَالَ رَجُلٌ مِنَّا ذَلِكَ مُنَافِقٌ لاَ يُحِبُّ اللَّهَ وَرَسُولَهُ‏.‏ فَقَالَ النَّبِيُّ صلى الله عليه وسلم ‏\"‏ أَلاَ تَقُولُوهُ يَقُولُ لاَ إِلَهَ إِلاَّ اللَّهُ يَبْتَغِي‏.‏ بِذَلِكَ وَجْهَ اللَّهِ ‏\"‏‏.‏ قَالَ بَلَى‏.‏ قَالَ ‏\"‏ فَإِنَّهُ لاَ يُوَافَى عَبْدٌ يَوْمَ الْقِيَامَةِ بِهِ إِلاَّ حَرَّمَ اللَّهُ عَلَيْهِ النَّارَ ‏\"‏‏.‏",
      "english": {
        "narrator": "Narrated `Itban bin Malik:",
        "text": "Once Allah's Messenger (ﷺ) came to me in the morning, and a man among us said, \"Where is Malik bin Ad- \nDukhshun?\" Another man from us replied, \"He is a hypocrite who does not love Allah and His \nApostle.\" The Prophet (ﷺ) said, \"Don't you think that he says: None has the right to be worshipped but \nAllah, only for Allah's sake?\" They replied, \"Yes\" The Prophet (ﷺ) said, \"Nobody will meet Allah with \nthat saying on the Day of Resurrection, but Allah will save him from the Fire.\""
      },
      "turkish": {
        "narrator": "Narrated `Itban bin Malik:",
        "text": "İtbân bin Mâlik'ten rivayet edilmiştir: Bir gün Allah'ın Elçisi (ﷺ) sabahleyin yanıma geldi, aramızdan bir adam dedi ki: \"Malik bin Ed-Duhşun nerede?\" Diğer bir adamımız cevap verdi: \"O, Allah ve Elçisi'ni sevmeyen bir münafıktır.\" Peygamber (ﷺ) dedi ki: \"Sizce, o 'Allah'tan başka ibadet edilecek yoktur' demiyor mu, sadece Allah rızası için?\" Onlar cevap verdiler: \"Evet.\" Peygamber (ﷺ) dedi: \"Kimse, o sözle Allah'a kavuşmayacak, fakat Allah onu ateşten kurtaracaktır.\""
      }
    },
    {
      "id": 21,
      "idInBook": 21,
      "chapterId": 88,
      "bookId": 1,
      "arabic": "حَدَّثَنَا مُوسَى بْنُ إِسْمَاعِيلَ، حَدَّثَنَا أَبُو عَوَانَةَ، عَنْ حُصَيْنٍ، عَنْ فُلاَنٍ، قَالَ تَنَازَعَ أَبُو عَبْدِ الرَّحْمَنِ وَحِبَّانُ بْنُ عَطِيَّةَ فَقَالَ أَبُو عَبْدِ الرَّحْمَنِ لِحِبَّانَ لَقَدْ عَلِمْتُ الَّذِي جَرَّأَ صَاحِبَكَ عَلَى الدِّمَاءِ يَعْنِي عَلِيًّا‏.‏ قَالَ مَا هُوَ لاَ أَبَا لَكَ قَالَ شَىْءٌ سَمِعْتُهُ يَقُولُهُ‏.‏ قَالَ مَا هُوَ قَالَ بَعَثَنِي رَسُولُ اللَّهِ صلى الله عليه وسلم وَالزُّبَيْرَ وَأَبَا مَرْثَدٍ وَكُلُّنَا فَارِسٌ قَالَ ‏\"‏ انْطَلِقُوا حَتَّى تَأْتُوا رَوْضَةَ حَاجٍ ـ قَالَ أَبُو سَلَمَةَ هَكَذَا قَالَ أَبُو عَوَانَةَ حَاجٍ ـ فَإِنَّ فِيهَا امْرَأَةً مَعَهَا صَحِيفَةٌ مِنْ حَاطِبِ بْنِ أَبِي بَلْتَعَةَ إِلَى الْمُشْرِكِينَ فَأْتُونِي بِهَا ‏\"‏‏.‏ فَانْطَلَقْنَا عَلَى أَفْرَاسِنَا حَتَّى أَدْرَكْنَاهَا حَيْثُ قَالَ لَنَا رَسُولُ اللَّهِ صلى الله عليه وسلم تَسِيرُ عَلَى بَعِيرٍ لَهَا، وَكَانَ كَتَبَ إِلَى أَهْلِ مَكَّةَ بِمَسِيرِ رَسُولِ اللَّهِ صلى الله عليه وسلم إِلَيْهِمْ‏.‏ فَقُلْنَا أَيْنَ الْكِتَابُ الَّذِي مَعَكِ قَالَتْ مَا مَعِي كِتَابٌ‏.‏ فَأَنَخْنَا بِهَا بَعِيرَهَا، فَابْتَغَيْنَا فِي رَحْلِهَا فَمَا وَجَدْنَا شَيْئًا‏.‏ فَقَالَ صَاحِبِي مَا نَرَى مَعَهَا كِتَابًا‏.‏ قَالَ فَقُلْتُ لَقَدْ عَلِمْنَا مَا كَذَبَ رَسُولُ اللَّهِ صلى الله عليه وسلم ثُمَّ حَلَفَ عَلِيٌّ وَالَّذِي يُحْلَفُ بِهِ لَتُخْرِجِنَّ الْكِتَابَ أَوْ لأُجَرِّدَنَّكِ‏.‏ فَأَهْوَتْ إِلَى حُجْزَتِهَا وَهْىَ مُحْتَجِزَةٌ بِكِسَاءٍ فَأَخْرَجَتِ الصَّحِيفَةَ، فَأَتَوْا بِهَا رَسُولَ اللَّهِ صلى الله عليه وسلم فَقَالَ عُمَرُ يَا رَسُولَ اللَّهِ قَدْ خَانَ اللَّهَ وَرَسُولَهُ وَالْمُؤْمِنِينَ‏.‏ دَعْنِي فَأَضْرِبَ عُنُقَهُ‏.‏ فَقَالَ رَسُولُ اللَّهِ صلى الله عليه وسلم ‏\"‏ يَا حَاطِبُ مَا حَمَلَكَ عَلَى مَا صَنَعْتَ ‏\"‏‏.‏ قَالَ يَا رَسُولَ اللَّهِ مَالِي أَنْ لاَ أَكُونَ مُؤْمِنًا بِاللَّهِ وَرَسُولِهِ، وَلَكِنِّي أَرَدْتُ أَنْ يَكُونَ لِي عِنْدَ الْقَوْمِ يَدٌ، يُدْفَعُ بِهَا عَنْ أَهْلِي وَمَالِي، وَلَيْسَ مِنْ أَصْحَابِكَ أَحَدٌ إِلاَّ لَهُ هُنَالِكَ مِنْ قَوْمِهِ مَنْ يَدْفَعُ اللَّهُ بِهِ عَنْ أَهْلِهِ وَمَالِهِ‏.‏ قَالَ ‏\"‏ صَدَقَ، لاَ تَقُولُوا لَهُ إِلاَّ خَيْرًا ‏\"‏‏.‏ قَالَ فَعَادَ عُمَرُ فَقَالَ يَا رَسُولُ اللَّهِ قَدْ خَانَ اللَّهَ وَرَسُولَهُ وَالْمُؤْمِنِينَ، دَعْنِي فَلأَضْرِبَ عُنُقَهُ‏.‏ قَالَ ‏\"‏ أَوَلَيْسَ مِنْ أَهْلِ بَدْرٍ، وَمَا يُدْرِيكَ لَعَلَّ اللَّهَ اطَّلَعَ عَلَيْهِمْ فَقَالَ اعْمَلُوا مَا شِئْتُمْ فَقَدْ أَوْجَبْتُ لَكُمُ الْجَنَّةَ ‏\"‏‏.‏ فَاغْرَوْرَقَتْ عَيْنَاهُ فَقَالَ اللَّهُ وَرَسُولُهُ أَعْلَمُ‏.‏",
      "english": {
        "narrator": "Narrated:",
        "text": "Abu `Abdur-Rahman and Hibban bin 'Atiyya had a dispute. Abu `Abdur-Rahman said to Hibban, \n\"You know what made your companions (i.e. `Ali) dare to shed blood.\" Hibban said, \"Come on! What \nis that?\" `Abdur-Rahman said, \"Something I heard him saying.\" The other said, \"What was it?\" \n`AbdurRahman said, \"`Ali said, Allah's Messenger (ﷺ) sent for me, Az-Zubair and Abu Marthad, and all of \nus were cavalry men, and said, 'Proceed to Raudat-Hajj (Abu Salama said that Abu 'Awana called it \nlike this, i.e., Hajj where there is a woman carrying a letter from Hatib bin Abi Balta'a to the pagans \n(of Mecca). So bring that letter to me.' So we proceeded riding on our horses till we overtook her at \nthe same place of which Allah's Messenger (ﷺ) had told us. She was traveling on her camel. In that letter \nHatib had written to the Meccans about the proposed attached of Allah's Messenger (ﷺ) against them. We \nasked her, \"Where is the letter which is with you?' She replied, 'I haven't got any letter.' So we made \nher camel kneel down and searched her luggage, but we did not find anything. My two companions \nsaid, 'We do not think that she has got a letter.' I said, 'We know that Allah's Messenger (ﷺ) has not told a \nlie.'\" \nThen `Ali took an oath saying, \"By Him by Whom one should swear! You shall either bring out the \nletter or we shall strip off your clothes.\" She then stretched out her hand for her girdle (round her \nwaist) and brought out the paper (letter). They took the letter to Allah's Messenger (ﷺ). `Umar said, \"O \nAllah's Messenger (ﷺ)! (Hatib) has betrayed Allah, His Apostle and the believers; let me chop off his neck!\" \nAllah's Messenger (ﷺ) said, \"O Hatib! What obliged you to do what you have done?\" Hatib replied, \"O \nAllah's Messenger (ﷺ)! Why (for what reason) should I not believe in Allah and His Apostle? But I intended \nto do the (Mecca) people a favor by virtue of which my family and property may be protected as there \nis none of your companions but has some of his people (relatives) whom Allah urges to protect his \nfamily and property.\" The Prophet (ﷺ) said, \"He has said the truth; therefore, do not say anything to him \nexcept good.\" `Umar again said, \"O Allah's Messenger (ﷺ)! He has betrayed Allah, His Apostle and the \nbelievers; let me chop his neck off!\" The Prophet (ﷺ) said, \"Isn't he from those who fought the battle of \nBadr? And what do you know, Allah might have looked at them (Badr warriors) and said (to them), \n'Do what you like, for I have granted you Paradise?' \" On that, `Umar's eyes became flooded with tears \nand he said, \"Allah and His Apostle know best.\""
      },
      "turkish": {
        "narrator": "Narrated:",
        "text": "Ebu Abdurrahman ve Hibban bin 'Atiyya arasında bir tartışma oldu. Ebu Abdurrahman, Hibban'a dedi ki: \"Sen, arkadaşlarının (yani 'Ali'nin) kan dökmeye cesaret etmesine neyin sebep olduğunu biliyorsun.\" Hibban dedi ki: \"Hadi ama! O ne?\" Abdurrahman dedi ki: \"Onun söylediğini duydum.\" Diğeri sordu: \"O neydi?\" Abdurrahman dedi ki: \"'Ali dedi ki, Allah'ın Elçisi (ﷺ) beni, Az-Zubair ve Ebu Marthad'ı çağırdı, hepimiz atlıydık ve dedi ki: 'Raudat-Hac'a gidin (Ebu Salama, Ebu 'Awana'nın bunu böyle adlandırdığını söyledi, yani Hatib bin Ebi Balta'a'nın Mekke müşriklerine bir mektup taşıyan bir kadınla birlikte olduğu Hac). O mektubu bana getirin.' Biz de atlarımızla ilerleyip, Allah'ın Elçisi (ﷺ)'nin bize söylediği yerde onu yakaladık. O, devesi üzerinde seyahat ediyordu. O mektupta Hatib, Mekkelilere Allah'ın Elçisi (ﷺ)'nin onlara karşı planladığı saldırıyı yazmıştı. Ona sorduk: \"Yanında hangi mektup var?\" O da: \"Bende hiç mektup yok.\" dedi. Biz de devesini diz çöktürdük ve eşyalarını aradık ama hiçbir şey bulamadık. İki arkadaşım, \"Onun mektubu olduğunu sanmıyoruz.\" dediler. Ben de: \"Biz Allah'ın Elçisi (ﷺ)'nin yalan söylediğini bilmiyoruz.\" dedim. Sonra 'Ali yemin etti ve dedi ki: \"Ona yemin ederim ki! Ya mektubu çıkarırsın ya da elbiseni çıkarırız.\" O da belindeki kuşağına elini uzattı ve kağıdı (mektubu) çıkardı. Onlar mektubu Allah'ın Elçisi (ﷺ)'ne götürdüler. Ömer dedi ki: \"Ey Allah'ın Elçisi (ﷺ)! (Hatib) Allah'a, Elçisi'ne ve müminlere ihanet etti; onun boynunu vurayım!\" Allah'ın Elçisi (ﷺ) dedi ki: \"Ey Hatib! Seni bunu yapmaya ne zorladı?\" Hatib cevap verdi: \"Ey Allah'ın Elçisi (ﷺ)! Neden (hangi sebepten) Allah'a ve Elçisi'ne inanmayayım? Ama Mekke halkına bir iyilik yapmayı amaçladım ki ailem ve malım korunabilsin, çünkü senin arkadaşlarından hiç kimsenin, Allah'ın ailem ve malımı korumasını istemediği akrabaları yoktur.\" Peygamber (ﷺ) dedi ki: \"Gerçekten doğru söyledi; bu yüzden ona sadece iyi şeyler söyleyin.\" Ömer tekrar dedi ki: \"Ey Allah'ın Elçisi (ﷺ)! O, Allah'a, Elçisi'ne ve müminlere ihanet etti; onun boynunu vurayım!\" Peygamber (ﷺ) dedi ki: \"O, Bedir savaşına katılanlardan değil mi? Ve sen ne bilirsin, Allah onlara (Bedir savaşçılarına) bakmış ve onlara: 'İstediğinizi yapın, çünkü ben size cenneti verdim' demiş olabilir mi?\" Bunun üzerine Ömer'in gözleri yaşla doldu ve dedi ki: \"Allah ve Elçisi en iyi bilendir.\""
      }
    }
  ],
  "chapter": {
    "id": 88,
    "bookId": 1,
    "arabic": "كتاب استتابة المرتدين والمعاندين وقتالهم",
    "english": "Apostates"
  }
}