{
  "metadata": {
    "length": 13,
    "arabic": {
      "title": "صحيح البخاري",
      "author": "الإمام محمد بن إسماعيل البخاري",
      "introduction": "كتاب الإكراه"
    },
    "english": {
      "title": "Sahih al-Bukhari",
      "author": "Imam Muhammad ibn Ismail al-Bukhari",
      "introduction": "(Statements made under) Coercion"
    }
  },
  "hadiths": [
    {
      "id": 1,
      "idInBook": 1,
      "chapterId": 89,
      "bookId": 1,
      "arabic": "حَدَّثَنَا يَحْيَى بْنُ بُكَيْرٍ، حَدَّثَنَا اللَّيْثُ، عَنْ خَالِدِ بْنِ يَزِيدَ، عَنْ سَعِيدِ بْنِ أَبِي هِلاَلٍ، عَنْ هِلاَلِ بْنِ أُسَامَةَ، أَنَّ أَبَا سَلَمَةَ بْنَ عَبْدِ الرَّحْمَنِ، أَخْبَرَهُ عَنْ أَبِي هُرَيْرَةَ، أَنَّ النَّبِيَّ صلى الله عليه وسلم كَانَ يَدْعُو فِي الصَّلاَةِ ‏\n\"‏ اللَّهُمَّ أَنْجِ عَيَّاشَ بْنَ أَبِي رَبِيعَةَ، وَسَلَمَةَ بْنَ هِشَامٍ، وَالْوَلِيدَ بْنَ الْوَلِيدِ، اللَّهُمَّ أَنْجِ الْمُسْتَضْعَفِينَ مِنَ الْمُؤْمِنِينَ، اللَّهُمَّ اشْدُدْ وَطْأَتَكَ عَلَى مُضَرَ، وَابْعَثْ عَلَيْهِمْ سِنِينَ كَسِنِي يُوسُفَ ‏\"‏‏.‏",
      "english": {
        "narrator": "Narrated Abi Huraira:",
        "text": "The Prophet (ﷺ) used to invoke Allah in his prayer, \"O Allah! Save `Aiyash bin Abi Rabi`a and Salama \nbin Hisham and Al-Walid bin Al-Walid; O Allah! Save the weak among the believers; O Allah! Be \nhard upon the tribe of Mudar and inflict years (of famine) upon them like the (famine) years of \nJoseph.\""
      },
      "turkish": {
        "narrator": "Narrated Abi Huraira:",
        "text": "Ebu Hureyre'den rivayet edilmiştir: Peygamber (ﷺ) dua ederken, \"Ya Allah! Aiyash bin Ebi Rabi'a'yı, Selame bin Hişam'ı ve Velid bin Velid'i kurtar! Ya Allah! Müminlerin zayıf olanlarını kurtar! Ya Allah! Mudar kabilesine sert ol ve onlara Yusuf'un (a.s) yılları gibi yıllar (kıtlık) gönder!\""
      }
    },
    {
      "id": 2,
      "idInBook": 2,
      "chapterId": 89,
      "bookId": 1,
      "arabic": "حَدَّثَنَا مُحَمَّدُ بْنُ عَبْدِ اللَّهِ بْنِ حَوْشَبٍ الطَّائِفِيُّ، حَدَّثَنَا عَبْدُ الْوَهَّابِ، حَدَّثَنَا أَيُّوبُ، عَنْ أَبِي قِلاَبَةَ، عَنْ أَنَسٍ ـ رضى الله عنه ـ قَالَ قَالَ رَسُولُ اللَّهِ صلى الله عليه وسلم ‏\n\"‏ ثَلاَثٌ مَنْ كُنَّ فِيهِ وَجَدَ حَلاَوَةَ الإِيمَانِ أَنْ يَكُونَ اللَّهُ وَرَسُولُهُ أَحَبَّ إِلَيْهِ مِمَّا سِوَاهُمَا، وَأَنْ يُحِبَّ الْمَرْءَ لاَ يُحِبُّهُ إِلاَّ لِلَّهِ، وَأَنْ يَكْرَهَ أَنْ يَعُودَ فِي الْكُفْرِ، كَمَا يَكْرَهُ أَنْ يُقْذَفَ فِي النَّارِ ‏\"‏‏.‏",
      "english": {
        "narrator": "Narrated Anas:",
        "text": "Allah's Messenger (ﷺ) said, \"Whoever possesses the (following) three qualities will have the sweetness of \nfaith (1): The one to whom Allah and His Apostle becomes dearer than anything else; (2) Who loves a \nperson and he loves him only for Allah's Sake; (3) who hates to revert to atheism (disbelief) as he \nhates to be thrown into the Fire.\""
      },
      "turkish": {
        "narrator": "Narrated Anas:",
        "text": "Enes'ten rivayet edilmiştir: Allah'ın Elçisi (ﷺ) şöyle dedi: \"Kim bu üç vasfa sahip olursa, imanın tatlılığını bulur: (1) Allah ve Elçisi, ona her şeyden daha sevimli olursa; (2) Bir kişiyi sever ve onu yalnızca Allah rızası için severse; (3) Kafirliğe (inkara) dönmeyi, ateşe atılmayı nefreti gibi nefret ederse.\""
      }
    },
    {
      "id": 3,
      "idInBook": 3,
      "chapterId": 89,
      "bookId": 1,
      "arabic": "حَدَّثَنَا سَعِيدُ بْنُ سُلَيْمَانَ، حَدَّثَنَا عَبَّادٌ، عَنْ إِسْمَاعِيلَ، سَمِعْتُ قَيْسًا، سَمِعْتُ سَعِيدَ بْنَ زَيْدٍ، يَقُولُ لَقَدْ رَأَيْتُنِي وَإِنَّ عُمَرَ مُوثِقِي عَلَى الإِسْلاَمِ، وَلَوِ انْقَضَّ أُحُدٌ مِمَّا فَعَلْتُمْ بِعُثْمَانَ كَانَ مَحْقُوقًا أَنْ يَنْقَضَّ‏.‏",
      "english": {
        "narrator": "Narrated Qais:",
        "text": "I heard Sa`id bin Zaid saying, \"I have seen myself tied and forced by `Umar to leave Islam (Before \n`Umar himself embraced Islam). And if the mountain of Uhud were to collapse for the evil which you \npeople had done to `Uthman, then Uhud would have the right to do so.\" (See Hadith No. 202, Vol. 5)"
      },
      "turkish": {
        "narrator": "Narrated Qais:",
        "text": "Kays'tan rivayet edilmiştir: Sa'id bin Zaid'in, \"Ben kendimi İslam'dan çıkmaya zorlanmış ve bağlı olarak gördüm (Umar İslam'a girmeden önce). Eğer Uhud dağı, sizin Uthman'a yaptığınız kötülükler yüzünden çökecek olsaydı, o zaman Uhud'un bunu yapma hakkı olurdu.\" dediğini duydum. (Bkz. Hadis No. 202, Cilt 5)"
      }
    },
    {
      "id": 4,
      "idInBook": 4,
      "chapterId": 89,
      "bookId": 1,
      "arabic": "حَدَّثَنَا مُسَدَّدٌ، حَدَّثَنَا يَحْيَى، عَنْ إِسْمَاعِيلَ، حَدَّثَنَا قَيْسٌ، عَنْ خَبَّابِ بْنِ الأَرَتِّ، قَالَ شَكَوْنَا إِلَى رَسُولِ اللَّهِ صلى الله عليه وسلم وَهْوَ مُتَوَسِّدٌ بُرْدَةً لَهُ فِي ظِلِّ الْكَعْبَةِ فَقُلْنَا أَلاَ تَسْتَنْصِرُ لَنَا أَلاَ تَدْعُو لَنَا‏.‏ فَقَالَ ‏\n\"‏ قَدْ كَانَ مَنْ قَبْلَكُمْ يُؤْخَذُ الرَّجُلُ فَيُحْفَرُ لَهُ فِي الأَرْضِ فَيُجْعَلُ فِيهَا، فَيُجَاءُ بِالْمِنْشَارِ فَيُوضَعُ عَلَى رَأْسِهِ فَيُجْعَلُ نِصْفَيْنِ، وَيُمَشَّطُ بِأَمْشَاطِ الْحَدِيدِ مَا دُونَ لَحْمِهِ وَعَظْمِهِ، فَمَا يَصُدُّهُ ذَلِكَ عَنْ دِينِهِ، وَاللَّهِ لَيَتِمَّنَّ هَذَا الأَمْرُ، حَتَّى يَسِيرَ الرَّاكِبُ مِنْ صَنْعَاءَ إِلَى حَضْرَمَوْتَ لاَ يَخَافُ إِلاَّ اللَّهَ وَالذِّئْبَ عَلَى غَنَمِهِ، وَلَكِنَّكُمْ تَسْتَعْجِلُونَ ‏\"‏‏.‏",
      "english": {
        "narrator": "Narrated Khabbab bin Al-Art:",
        "text": "We complained to Allah's Messenger (ﷺ) (about our state) while he was leaning against his sheet cloak in the \nshade of the Ka`ba. We said, \"Will you ask Allah to help us? Will you invoke Allah for us?\" He said, \n\"Among those who were before you a (believer) used to be seized and, a pit used to be dug for him \nand then he used to be placed in it. Then a saw used to be brought and put on his head which would be \nsplit into two halves. His flesh might be combed with iron combs and removed from his bones, yet, all \nthat did not cause him to revert from his religion. By Allah! This religion (Islam) will be completed \n(and triumph) till a rider (traveler) goes from San`a' (the capital of Yemen) to Hadramout fearing \nnobody except Allah and the wolf lest it should trouble his sheep, but you are impatient.\" (See Hadith \nNo. 191, Vol. 5)"
      },
      "turkish": {
        "narrator": "Narrated Khabbab bin Al-Art:",
        "text": "Khabbab bin El-Art'tan rivayet edilmiştir: Biz, Allah'ın Elçisi (ﷺ) ile (halimizi) şikayet ettik, o da Kabe'nin gölgesinde örtüsüne yaslanıyordu. Dedik ki, \"Allah'tan bizim için yardım istemez misin? Bizim için dua eder misin?\" O şöyle dedi: \"Sizden önceki (müminlerden) biri yakalanır, onun için bir çukur kazılır ve sonra oraya konulurdu. Sonra başına bir testere getirilir, kafası ikiye ayrılırdı. Etleri demir taraklarla taranır ve kemiklerinden ayrılırdı, yine de bu, onu dininden döndüremezdi. Vallahi! Bu din (İslam) tamamlanacak (ve zafer kazanacak) ki, bir yolcu (seyyah) San'a'dan (Yemen'in başkenti) Hadramut'a giderken, Allah'tan ve koyunlarını rahatsız etmesinden korktuğu kurt dışında kimseyi korkmadan gidecek, ama siz sabırsızsınız.\" (Bkz. Hadis No. 191, Cilt 5)"
      }
    },
    {
      "id": 5,
      "idInBook": 5,
      "chapterId": 89,
      "bookId": 1,
      "arabic": "حَدَّثَنَا عَبْدُ الْعَزِيزِ بْنُ عَبْدِ اللَّهِ، حَدَّثَنَا اللَّيْثُ، عَنْ سَعِيدٍ الْمَقْبُرِيِّ، عَنْ أَبِيهِ، عَنْ أَبِي هُرَيْرَةَ ـ رضى الله عنه ـ قَالَ بَيْنَمَا نَحْنُ فِي الْمَسْجِدِ إِذْ خَرَجَ عَلَيْنَا رَسُولُ اللَّهِ صلى الله عليه وسلم فَقَالَ ‏\"‏ انْطَلِقُوا إِلَى يَهُودَ ‏\"‏‏.‏ فَخَرَجْنَا مَعَهُ حَتَّى جِئْنَا بَيْتَ الْمِدْرَاسِ فَقَامَ النَّبِيُّ صلى الله عليه وسلم فَنَادَاهُمْ ‏\"‏ يَا مَعْشَرَ يَهُودَ أَسْلِمُوا تَسْلَمُوا ‏\"‏‏.‏ فَقَالُوا قَدْ بَلَّغْتَ يَا أَبَا الْقَاسِمِ‏.‏ فَقَالَ ‏\"‏ ذَلِكَ أُرِيدُ ‏\"‏، ثُمَّ قَالَهَا الثَّانِيَةَ‏.‏ فَقَالُوا قَدْ بَلَّغْتَ يَا أَبَا الْقَاسِمِ‏.‏ ثُمَّ قَالَ الثَّالِثَةَ فَقَالَ ‏\"‏ اعْلَمُوا أَنَّ الأَرْضَ لِلَّهِ وَرَسُولِهِ، وَإِنِّي أُرِيدُ أَنْ أُجْلِيَكُمْ، فَمَنْ وَجَدَ مِنْكُمْ بِمَالِهِ شَيْئًا فَلْيَبِعْهُ، وَإِلاَّ فَاعْلَمُوا أَنَّمَا الأَرْضُ لِلَّهِ وَرَسُولِهِ ‏\"‏‏.‏",
      "english": {
        "narrator": "Narrated Abu Huraira:",
        "text": "While we were in the mosque, Allah's Messenger (ﷺ) came out to us and said, \"Let us proceed to the Jews.\" \nSo we went along with him till we reached Bait-al-Midras (a place where the Torah used to be recited \nand all the Jews of the town used to gather). The Prophet (ﷺ) stood up and addressed them, \"O Assembly \nof Jews! Embrace Islam and you will be safe!\" The Jews replied, \"O Aba-l-Qasim! You have \nconveyed Allah's message to us.\" The Prophet (ﷺ) said, \"That is what I want (from you).\" He repeated his \nfirst statement for the second time, and they said, \"You have conveyed Allah's message, O Aba-l- \nQasim.\" Then he said it for the third time and added, \"You should Know that the earth belongs to \nAllah and His Apostle, and I want to exile you fro,,, this land, so whoever among you owns some \nproperty, can sell it, otherwise you should know that the Earth belongs to Allah and His Apostle.\" \n(See Hadith No. 392, Vol. 4)"
      },
      "turkish": {
        "narrator": "Narrated Abu Huraira:",
        "text": "Ebu Hureyre'den rivayet edilmiştir: Biz camideyken, Allah'ın Elçisi (ﷺ) bize geldi ve \"Yahudilere gidelim.\" dedi. Biz de onunla birlikte Bait-al-Midras'a (Tevrat'ın okunduğu ve kasabanın tüm Yahudilerinin toplandığı yer) gittik. Peygamber (ﷺ) ayağa kalktı ve onlara hitap etti, \"Ey Yahudi topluluğu! İslam'a girin, kurtulursunuz!\" Yahudiler cevap verdiler, \"Ey Eba'l-Kasım! Allah'ın mesajını bize ilettin.\" Peygamber (ﷺ) dedi ki, \"İşte istediğim budur.\" İlk ifadesini ikinci kez tekrarladı ve onlar, \"Allah'ın mesajını ilettin, ey Eba'l-Kasım.\" dediler. Sonra üçüncü kez söyledi ve ekledi, \"Bilmelisiniz ki, yer Allah'a ve Elçisine aittir ve ben sizi bu topraktan sürmek istiyorum, bu yüzden aranızda mülkü olan kimse onu satabilir, aksi takdirde bilin ki, yer Allah'a ve Elçisine aittir.\" (Bkz. Hadis No. 392, Cilt 4)"
      }
    },
    {
      "id": 6,
      "idInBook": 6,
      "chapterId": 89,
      "bookId": 1,
      "arabic": "حَدَّثَنَا يَحْيَى بْنُ قَزَعَةَ، حَدَّثَنَا مَالِكٌ، عَنْ عَبْدِ الرَّحْمَنِ بْنِ الْقَاسِمِ، عَنْ أَبِيهِ، عَنْ عَبْدِ الرَّحْمَنِ، وَمُجَمِّعٍ، ابْنَىْ يَزِيدَ بْنِ جَارِيَةَ الأَنْصَارِيِّ عَنْ خَنْسَاءَ بِنْتِ خِذَامٍ الأَنْصَارِيَّةِ، أَنَّ أَبَاهَا، زَوَّجَهَا وَهْىَ ثَيِّبٌ، فَكَرِهَتْ ذَلِكَ، فَأَتَتِ النَّبِيَّ صلى الله عليه وسلم فَرَدَّ نِكَاحَهَا‏.‏",
      "english": {
        "narrator": "Narrated Khansa' bint Khidam Al-Ansariya:",
        "text": "That her father gave her in marriage when she was a matron and she disliked that marriage. So she \ncame and (complained) to the Prophets and he declared that marriage invalid. (See Hadith No. 69, \nVol. 7)"
      },
      "turkish": {
        "narrator": "Narrated Khansa' bint Khidam Al-Ansariya:",
        "text": "Khansa' bint Khidam El-Ensariye'den rivayet edilmiştir: Babası onu evlendirdiğinde o bir matrondu ve bu evliliği istemedi. Bunun üzerine gelip Peygamber'e (ﷺ) şikayet etti ve o evliliği geçersiz kıldı. (Bkz. Hadis No. 69, Cilt 7)"
      }
    },
    {
      "id": 7,
      "idInBook": 7,
      "chapterId": 89,
      "bookId": 1,
      "arabic": "حَدَّثَنَا مُحَمَّدُ بْنُ يُوسُفَ، حَدَّثَنَا سُفْيَانُ، عَنِ ابْنِ جُرَيْجٍ، عَنِ ابْنِ أَبِي مُلَيْكَةَ، عَنْ أَبِي عَمْرٍو ـ هُوَ ذَكْوَانُ ـ عَنْ عَائِشَةَ ـ رضى الله عنها ـ قَالَتْ قُلْتُ يَا رَسُولَ اللَّهِ يُسْتَأْمَرُ النِّسَاءُ فِي أَبْضَاعِهِنَّ قَالَ ‏\"‏ نَعَمْ ‏\"‏‏.‏ قُلْتُ فَإِنَّ الْبِكْرَ تُسْتَأْمَرُ فَتَسْتَحِي فَتَسْكُتُ‏.‏ قَالَ ‏\"‏ سُكَاتُهَا إِذْنُهَا ‏\"‏‏.‏",
      "english": {
        "narrator": "Narrated `Aisha:",
        "text": "I asked the Prophet, \"O Allah's Messenger (ﷺ)! Should the women be asked for their consent to their \nmarriage?\" He said, \"Yes.\" I said, \"A virgin, if asked, feels shy and keeps quiet.\" He said, \"Her silence \nmeans her consent.\""
      },
      "turkish": {
        "narrator": "Narrated `Aisha:",
        "text": "Aişe'den rivayet edilmiştir: Ben Peygamber'e (ﷺ) sordum, \"Ya Allah'ın Elçisi! Kadınların evlilikleri için rızalarının alınması gerekir mi?\" O dedi ki, \"Evet.\" Ben dedim ki, \"Bir kız, sorulduğunda utandığı için sessiz kalır.\" O dedi ki, \"Sessizliği, rızasıdır.\""
      }
    },
    {
      "id": 8,
      "idInBook": 8,
      "chapterId": 89,
      "bookId": 1,
      "arabic": "حَدَّثَنَا أَبُو النُّعْمَانِ، حَدَّثَنَا حَمَّادُ بْنُ زَيْدٍ، عَنْ عَمْرِو بْنِ دِينَارٍ، عَنْ جَابِرٍ ـ رضى الله عنه ـ أَنَّ رَجُلاً، مِنَ الأَنْصَارِ دَبَّرَ مَمْلُوكًا، وَلَمْ يَكُنْ لَهُ مَالٌ غَيْرُهُ، فَبَلَغَ ذَلِكَ رَسُولَ اللَّهِ صلى الله عليه وسلم فَقَالَ ‏\n\"‏ مَنْ يَشْتَرِيهِ مِنِّي ‏\"‏‏.‏ فَاشْتَرَاهُ نُعَيْمُ بْنُ النَّحَّامِ بِثَمَانِمِائَةِ دِرْهَمٍ‏.‏ قَالَ فَسَمِعْتُ جَابِرًا يَقُولُ عَبْدًا قِبْطِيًّا مَاتَ عَامَ أَوَّلَ‏.‏",
      "english": {
        "narrator": "Narrated Jabir:",
        "text": "A man from the Ansar made his slave, a Mudabbar. And apart from that slave he did not have any \nother property. This news reached Allah's Messenger (ﷺ) and he said, \"Who will buy that slave from me?\" So \nNu'aim bin An-Nahham bought him for 800 Dirham. Jabir added: It was a coptic (Egyptian) slave \nwho died that year."
      },
      "turkish": {
        "narrator": "Narrated Jabir:",
        "text": "Cabir'den rivayet edilmiştir: Ensar'dan bir adam, kölesini Mudabbar yaptı. Bu köleden başka hiçbir malı yoktu. Bu haber Allah'ın Elçisi'ne (ﷺ) ulaştı ve \"Bu köleyi benden kim alacak?\" dedi. Bunun üzerine Nü'aym bin En-Nahham onu 800 dirheme satın aldı. Cabir ekledi: O, o yıl ölen bir Mısır kölesiydi."
      }
    },
    {
      "id": 9,
      "idInBook": 9,
      "chapterId": 89,
      "bookId": 1,
      "arabic": "حَدَّثَنَا حُسَيْنُ بْنُ مَنْصُورٍ، حَدَّثَنَا أَسْبَاطُ بْنُ مُحَمَّدٍ، حَدَّثَنَا الشَّيْبَانِيُّ، سُلَيْمَانُ بْنُ فَيْرُوزَ عَنْ عِكْرِمَةَ، عَنِ ابْنِ عَبَّاسٍ،‏.‏ قَالَ الشَّيْبَانِيُّ وَحَدَّثَنِي عَطَاءٌ أَبُو الْحَسَنِ السُّوَائِيُّ،، وَلاَ أَظُنُّهُ إِلاَّ ذَكَرَهُ عَنِ ابْنِ عَبَّاسٍ ـ رضى الله عنهما ـ ‏{‏يَا أَيُّهَا الَّذِينَ آمَنُوا لاَ يَحِلُّ لَكُمْ أَنْ تَرِثُوا النِّسَاءَ كَرْهًا‏}‏ الآيَةَ قَالَ كَانُوا إِذَا مَاتَ الرَّجُلُ كَانَ أَوْلِيَاؤُهُ أَحَقَّ بِامْرَأَتِهِ، إِنْ شَاءَ بَعْضُهُمْ تَزَوَّجَهَا، وَإِنْ شَاءُوا زَوَّجَهَا، وَإِنْ شَاءُوا لَمْ يُزَوِّجْهَا، فَهُمْ أَحَقُّ بِهَا مِنْ أَهْلِهَا، فَنَزَلَتْ هَذِهِ الآيَةُ فِي ذَلِكَ‏.‏",
      "english": {
        "narrator": "Narrated Ibn `Abbas:",
        "text": "Regarding the Qur'anic Verse: 'O you who believe! You are forbidden to inherit women against their \nwill.' (4.19) The custom (in the Pre-lslamic Period) was that if a man died, his relatives used to have \nthe right to inherit his wife, and if one of them wished, he could marry her, or they could marry her to \nsomebody else, or prevent her from marrying if they wished, for they had more right to dispose of her \nthan her own relatives. Therefore this Verse was revealed concerning this matter."
      },
      "turkish": {
        "narrator": "Narrated Ibn `Abbas:",
        "text": "İbn Abbas'tan rivayet edilmiştir: Kur'an ayeti hakkında: 'Ey iman edenler! Kadınları, onların rızası olmadan miras almanız size haramdır.' (4.19) Önceki (İslam öncesi) dönemde, bir adam öldüğünde, akrabaları onun karısını miras alma hakkına sahipti ve eğer biri isterse onunla evlenebilir veya onu başkasıyla evlendirebilir ya da evlenmesini engelleyebilirdi, çünkü onu tasfiye etme hakkına sahiptiler. Bu nedenle bu ayet bu mesele hakkında indirilmiştir."
      }
    },
    {
      "id": 10,
      "idInBook": 10,
      "chapterId": 89,
      "bookId": 1,
      "arabic": "وَقَالَ اللَّيْثُ حَدَّثَنِي نَافِعٌ، أَنَّ صَفِيَّةَ ابْنَةَ أَبِي عُبَيْدٍ، أَخْبَرَتْهُ أَنَّ عَبْدًا مِنْ رَقِيقِ الإِمَارَةِ وَقَعَ عَلَى وَلِيدَةٍ مِنَ الْخُمُسِ، فَاسْتَكْرَهَهَا حَتَّى افْتَضَّهَا، فَجَلَدَهُ عُمَرُ الْحَدَّ وَنَفَاهُ، وَلَمْ يَجْلِدِ الْوَلِيدَةَ مِنْ أَجْلِ أَنَّهُ اسْتَكْرَهَهَا‏.‏ قَالَ الزُّهْرِيُّ فِي الأَمَةِ الْبِكْرِ، يَفْتَرِعُهَا الْحُرُّ، يُقِيمُ ذَلِكَ الْحَكَمُ مِنَ الأَمَةِ الْعَذْرَاءِ بِقَدْرِ قِيمَتِهَا، وَيُجْلَدُ، وَلَيْسَ فِي الأَمَةِ الثَّيِّبِ فِي قَضَاءِ الأَئِمَّةِ غُرْمٌ، وَلَكِنْ عَلَيْهِ الْحَدُّ‏.‏",
      "english": {
        "narrator": "And Safiyya bint 'Ubaid said:",
        "text": "\"A governmental male-slave tried to seduce a slave-girl from the Khumus of the war booty till he deflowered her by force against her will; therefore 'Umar flogged him according to the law, and exiled him, but he did not flog the female slave because the male-slave had committed illegal sexual intercourse by force, against her will.\"\n\nAz-Zuhri said regarding a virgin slave-girl raped by a free man: The judge has to fine the adulterer as much money as is equal to the price of the female slave and the adulterer has to be flogged (according to the Islamic Law); but if the slave woman is a matron, then, according to the verdict of the Imam, the adulterer is not fined but he has to receive the legal punishment (according to the Islamic Law)."
      },
      "turkish": {
        "narrator": "And Safiyya bint 'Ubaid said:",
        "text": "Safiye bint 'Ubaid şöyle dedi: \"Bir devlet memuru, savaş ganimeti olan bir köle kızı zorla baştan çıkarmaya çalıştı ve onu zorla bakireliğinden etti; bu nedenle 'Umar onu kanuna göre cezalandırdı ve sürgün etti, ama kadın köleyi cezalandırmadı çünkü erkek köle, onun rızası olmadan zorla cinsel ilişkiye girmişti.\""
      }
    },
    {
      "id": 11,
      "idInBook": 11,
      "chapterId": 89,
      "bookId": 1,
      "arabic": "حَدَّثَنَا أَبُو الْيَمَانِ، حَدَّثَنَا شُعَيْبٌ، حَدَّثَنَا أَبُو الزِّنَادِ، عَنِ الأَعْرَجِ، عَنْ أَبِي هُرَيْرَةَ، قَالَ قَالَ رَسُولُ اللَّهِ صلى الله عليه وسلم ‏\n\"‏ هَاجَرَ إِبْرَاهِيمُ بِسَارَةَ، دَخَلَ بِهَا قَرْيَةً فِيهَا مَلِكٌ مِنَ الْمُلُوكِ أَوْ جَبَّارٌ مِنَ الْجَبَابِرَةِ، فَأَرْسَلَ إِلَيْهِ أَنْ أَرْسِلْ إِلَىَّ بِهَا‏.‏ فَأَرْسَلَ بِهَا، فَقَامَ إِلَيْهَا فَقَامَتْ تَوَضَّأُ وَتُصَلِّي فَقَالَتِ اللَّهُمَّ إِنْ كُنْتُ آمَنْتُ بِكَ وَبِرَسُولِكَ فَلاَ تُسَلِّطْ عَلَىَّ الْكَافِرَ، فَغُطَّ حَتَّى رَكَضَ بِرِجْلِهِ ‏\"‏‏.‏",
      "english": {
        "narrator": "Narrated Abu Huraira:",
        "text": "Allah's Messenger (ﷺ) said, \"(The Prophet) Abraham migrated with his wife Sarah till he reached a town \nwhere there was a king or a tyrant who sent a message, to Abraham, ordering him to send Sarah to \nhim. So when Abraham had sent Sarah, the tyrant got up, intending to do evil with her, but she got up \nand performed ablution and prayed and said, 'O Allah ! If I have believed in You and in Your Apostle, \nthen do not empower this oppressor over me.' So he (the king) had an epileptic fit and started moving \nhis legs violently. \""
      },
      "turkish": {
        "narrator": "Narrated Abu Huraira:",
        "text": "Az-Zuhri, özgür bir adam tarafından tecavüze uğrayan bir bakire köle kızı hakkında şöyle dedi: Hakim, zina eden kişiyi, kadın kölenin fiyatı kadar para cezasına çarptırmalıdır ve zina eden kişi (İslam Hukuku'na göre) cezalandırılmalıdır; ama eğer köle kadın bir matron ise, o zaman İmam'ın hükmüne göre zina eden kişi ceza almaz ama yasal cezasını alır (İslam Hukuku'na göre)."
      }
    },
    {
      "id": 12,
      "idInBook": 12,
      "chapterId": 89,
      "bookId": 1,
      "arabic": "حَدَّثَنَا يَحْيَى بْنُ بُكَيْرِ، حَدَّثَنَا اللَّيْثُ، عَنْ عُقَيْلٍ، عَنِ ابْنِ شِهَابٍ، أَنَّ سَالِمًا، أَخْبَرَهُ أَنَّ عَبْدَ اللَّهِ بْنَ عُمَرَ ـ رضى الله عنهما ـ أَخْبَرَهُ أَنَّ رَسُولَ اللَّهِ صلى الله عليه وسلم قَالَ ‏\n\"‏ الْمُسْلِمُ أَخُو الْمُسْلِمِ، لاَ يَظْلِمُهُ، وَلاَ يُسْلِمُهُ، وَمَنْ كَانَ فِي حَاجَةِ أَخِيهِ، كَانَ اللَّهُ فِي حَاجَتِهِ ‏\"‏‏.‏",
      "english": {
        "narrator": "Narrated `Abdullah bin `Umar:",
        "text": "Allah's Messenger (ﷺ) said, \"A Muslim is a brother of another Muslim. So he should neither oppress him nor \nhand him over to an oppressor. And whoever fulfilled the needs of his brother, Allah will fulfill his \nneeds.\""
      },
      "turkish": {
        "narrator": "Narrated `Abdullah bin `Umar:",
        "text": "Ebu Hureyre'den rivayet edilmiştir: Allah'ın Elçisi (ﷺ) şöyle dedi: \"(Peygamber) İbrahim, karısı Sara ile birlikte göç etti ve bir şehirde bir kral veya bir zalim vardı ki, İbrahim'e bir mesaj göndererek Sara'yı ona göndermesini emretti. İbrahim, Sara'yı gönderdiğinde, zalim kalktı ve ona kötülük yapmayı düşündü, ama o kalktı, abdest aldı ve dua etti ve dedi ki, 'Ya Allah! Eğer ben sana ve Elçine inandıysam, bu zalimi üzerime güçlendirme.' Bunun üzerine (kral) bir sara hastalığı geçirdi ve bacaklarını şiddetle hareket ettirmeye başladı.\""
      }
    },
    {
      "id": 13,
      "idInBook": 13,
      "chapterId": 89,
      "bookId": 1,
      "arabic": "حَدَّثَنَا مُحَمَّدُ بْنُ عَبْدِ الرَّحِيمِ، حَدَّثَنَا سَعِيدُ بْنُ سُلَيْمَانَ، حَدَّثَنَا هُشَيْمٌ، أَخْبَرَنَا عُبَيْدُ اللَّهِ بْنُ أَبِي بَكْرِ بْنِ أَنَسٍ، عَنْ أَنَسٍ ـ رضى الله عنه ـ قَالَ قَالَ رَسُولُ اللَّهِ صلى الله عليه وسلم ‏\"‏ انْصُرْ أَخَاكَ ظَالِمًا أَوْ مَظْلُومًا ‏\"‏‏.‏ فَقَالَ رَجُلٌ يَا رَسُولَ اللَّهِ أَنْصُرُهُ إِذَا كَانَ مَظْلُومًا، أَفَرَأَيْتَ إِذَا كَانَ ظَالِمًا كَيْفَ أَنْصُرُهُ قَالَ ‏\"‏ تَحْجُزُهُ أَوْ تَمْنَعُهُ مِنَ الظُّلْمِ، فَإِنَّ ذَلِكَ نَصْرُهُ ‏\"‏‏.‏",
      "english": {
        "narrator": "Narrated Anas:",
        "text": "Allah's Messenger (ﷺ) said, \"Help your brother whether he is an oppressor or an oppressed,\" A man said, \"O \nAllah's Messenger (ﷺ)! I will help him if he is oppressed, but if he is an oppressor, how shall I help him?\" \nThe Prophet (ﷺ) said, \"By preventing him from oppressing (others), for that is how to help him.\""
      },
      "turkish": {
        "narrator": "Narrated Anas:",
        "text": "Abdullah bin Ömer'den rivayet edilmiştir: Allah'ın Elçisi (ﷺ) şöyle dedi: \"Bir Müslüman, diğer bir Müslümanın kardeşidir. O, ne onu zulme uğratmalı ne de onu bir zalime teslim etmelidir. Kardeşinin ihtiyaçlarını karşılayan kimseye, Allah ihtiyaçlarını karşılar.\""
      }
    }
  ],
  "chapter": {
    "id": 89,
    "bookId": 1,
    "arabic": "كتاب الإكراه",
    "english": "(Statements made under) Coercion"
  }
}