{
  "metadata": {
    "length": 28,
    "arabic": {
      "title": "صحيح البخاري",
      "author": "الإمام محمد بن إسماعيل البخاري",
      "introduction": "كتاب الحيل"
    },
    "english": {
      "title": "Sahih al-Bukhari",
      "author": "Imam Muhammad ibn Ismail al-Bukhari",
      "introduction": "Tricks"
    }
  },
  "hadiths": [
    {
      "id": 1,
      "idInBook": 1,
      "chapterId": 90,
      "bookId": 1,
      "arabic": "حَدَّثَنَا أَبُو النُّعْمَانِ، حَدَّثَنَا حَمَّادُ بْنُ زَيْدٍ، عَنْ يَحْيَى بْنِ سَعِيدٍ، عَنْ مُحَمَّدِ بْنِ إِبْرَاهِيمَ، عَنْ عَلْقَمَةَ بْنِ وَقَّاصٍ، قَالَ سَمِعْتُ عُمَرَ بْنَ الْخَطَّابِ ـ رضى الله عنه ـ يَخْطُبُ قَالَ سَمِعْتُ النَّبِيَّ صلى الله عليه وسلم يَقُولُ ‏\n\"‏ يَا أَيُّهَا النَّاسُ إِنَّمَا الأَعْمَالُ بِالنِّيَّةِ وَإِنَّمَا لاِمْرِئٍ مَا نَوَى، فَمَنْ كَانَتْ هِجْرَتُهُ إِلَى اللَّهِ وَرَسُولِهِ، فَهِجْرَتُهُ إِلَى اللَّهِ وَرَسُولِهِ، وَمَنْ هَاجَرَ إِلَى دُنْيَا يُصِيبُهَا أَوِ امْرَأَةٍ يَتَزَوَّجُهَا، فَهِجْرَتُهُ إِلَى مَا هَاجَرَ إِلَيْهِ ‏\"‏‏.‏",
      "english": {
        "narrator": "Narrated `Umar bin Al-Khattab:",
        "text": "The Prophet (ﷺ) said, 'O people! The reward of deeds depends upon the intentions, and every person will \nget the reward according to what he has intended. So, whoever emigrated for Allah and His Apostle, \nthen his emigration was for Allah and His Apostle, and whoever emigrated to take worldly benefit or \nfor a woman to marry, then his emigration was for what he emigrated for.\""
      },
      "turkish": {
        "narrator": "Narrated `Umar bin Al-Khattab:",
        "text": "`Umar bin Al-Khattab'dan rivayet edilmiştir: Peygamber (ﷺ) şöyle buyurdu: \"Ey insanlar! Amellerin karşılığı niyetlere göredir ve her kişi niyetine göre mükafat alacaktır. Kim Allah ve Resulü için hicret ederse, onun hicreti Allah ve Resulü içindir; kim de dünya menfaati veya bir kadınla evlenmek için hicret ederse, onun hicreti, hicret ettiği şey içindir.\""
      }
    },
    {
      "id": 2,
      "idInBook": 2,
      "chapterId": 90,
      "bookId": 1,
      "arabic": "حَدَّثَنِي إِسْحَاقُ، حَدَّثَنَا عَبْدُ الرَّزَّاقِ، عَنْ مَعْمَرٍ، عَنْ هَمَّامٍ، عَنْ أَبِي هُرَيْرَةَ، عَنِ النَّبِيِّ صلى الله عليه وسلم قَالَ ‏\n\"‏ لاَ يَقْبَلُ اللَّهُ صَلاَةَ أَحَدِكُمْ إِذَا أَحْدَثَ حَتَّى يَتَوَضَّأَ ‏\"‏‏.‏",
      "english": {
        "narrator": "Narrated Abu Huraira:",
        "text": "The Prophet (ﷺ) said, \"Allah does not accept prayer of anyone of you if he does Hadath (passes wind) till \nhe performs the ablution (anew)."
      },
      "turkish": {
        "narrator": "Narrated Abu Huraira:",
        "text": "Abu Huraira'dan rivayet edilmiştir: Peygamber (ﷺ) şöyle buyurdu: \"Sizden birinin Hadath (rüzgar çıkarması) yapması halinde, abdest almadıkça namazı kabul edilmez.\""
      }
    },
    {
      "id": 3,
      "idInBook": 3,
      "chapterId": 90,
      "bookId": 1,
      "arabic": "حَدَّثَنَا مُحَمَّدُ بْنُ عَبْدِ اللَّهِ الأَنْصَارِيُّ، حَدَّثَنَا أَبِي، حَدَّثَنَا ثُمَامَةُ بْنُ عَبْدِ اللَّهِ بْنِ أَنَسٍ، أَنَّ أَنَسًا، حَدَّثَهُ أَنَّ أَبَا بَكْرٍ كَتَبَ لَهُ فَرِيضَةَ الصَّدَقَةِ الَّتِي فَرَضَ رَسُولُ اللَّهِ صلى الله عليه وسلم ‏\n\"‏ وَلاَ يُجْمَعُ بَيْنَ مُتَفَرِّقٍ وَلاَ يُفَرَّقُ بَيْنَ مُجْتَمِعٍ خَشْيَةَ الصَّدَقَةِ ‏\"‏‏.‏",
      "english": {
        "narrator": "Narrated Anas:",
        "text": "That Abu Bakr wrote for him, Zakat regulations which Allah's Messenger (ﷺ) had made compulsory, and \nwrote that one should neither collect various portions (of the property) nor divide the property into \nvarious portions in order to avoid paying Zakat."
      },
      "turkish": {
        "narrator": "Narrated Anas:",
        "text": "Anas'tan rivayet edilmiştir: Abu Bekir, Allah'ın Resulü (ﷺ) tarafından farz kılınan zekat hükümlerini yazdı ve zekat vermekten kaçınmak için malın çeşitli kısımlarını toplamanın veya bölmenin yasak olduğunu yazdı."
      }
    },
    {
      "id": 4,
      "idInBook": 4,
      "chapterId": 90,
      "bookId": 1,
      "arabic": "حَدَّثَنَا قُتَيْبَةُ، حَدَّثَنَا إِسْمَاعِيلُ بْنُ جَعْفَرٍ، عَنْ أَبِي سُهَيْلٍ، عَنْ أَبِيهِ، عَنْ طَلْحَةَ بْنِ عُبَيْدِ اللَّهِ، أَنَّ أَعْرَابِيًّا، جَاءَ إِلَى رَسُولِ اللَّهِ صلى الله عليه وسلم ثَائِرَ الرَّأْسِ فَقَالَ يَا رَسُولَ اللَّهِ أَخْبِرْنِي مَاذَا فَرَضَ اللَّهُ عَلَىَّ مِنَ الصَّلاَةِ فَقَالَ ‏\"‏ الصَّلَوَاتِ الْخَمْسَ، إِلاَّ أَنْ تَطَوَّعَ شَيْئًا ‏\"‏‏.‏ فَقَالَ أَخْبِرْنِي بِمَا فَرَضَ اللَّهُ عَلَىَّ مِنَ الصِّيَامِ قَالَ ‏\"‏ شَهْرَ رَمَضَانَ، إِلاَّ أَنْ تَطَوَّعَ شَيْئًا ‏\"‏‏.‏ قَالَ أَخْبِرْنِي بِمَا فَرَضَ اللَّهُ عَلَىَّ مِنَ الزَّكَاةِ قَالَ فَأَخْبَرَهُ رَسُولُ اللَّهِ صلى الله عليه وسلم شَرَائِعَ الإِسْلاَمِ‏.‏ قَالَ وَالَّذِي أَكْرَمَكَ لاَ أَتَطَوَّعُ شَيْئًا وَلاَ أَنْقُصُ مِمَّا فَرَضَ اللَّهُ عَلَىَّ شَيْئًا‏.‏ فَقَالَ رَسُولُ اللَّهِ صلى الله عليه وسلم ‏\"‏ أَفْلَحَ إِنْ صَدَقَ ‏\"‏‏.‏ أَوْ ‏\"‏ دَخَلَ الْجَنَّةَ إِنْ صَدَقَ ‏\"‏‏.‏ وَقَالَ بَعْضُ النَّاسِ فِي عِشْرِينَ وَمِائَةِ بَعِيرٍ حِقَّتَانِ‏.‏ فَإِنْ أَهْلَكَهَا مُتَعَمِّدًا، أَوْ وَهَبَهَا أَوِ احْتَالَ فِيهَا فِرَارًا مِنَ الزَّكَاةِ، فَلاَ شَىْءَ عَلَيْهِ‏.‏",
      "english": {
        "narrator": "Narrated Talha bin 'Ubaidullah:",
        "text": "A bedouin with unkempt hair came to Allah's Messenger (ﷺ) and said, \"O Allah's Messenger (ﷺ)! Tell me what \nAllah has enjoined on me as regards prayers.\" The Prophet (ﷺ) said, \"You have to offer perfectly the five \n(compulsory) prayers in a day and a night (24 hrs.), except if you want to perform some extra optional \nprayers.\" The bedouin said, \"Tell me what Allah has enjoined on me as regards fasting.\" The Prophet (ﷺ) \nsaid, \"You have to observe fast during the month of Ramadan except if you fast some extra optional \nfast.\" The bedouin said, \"Tell me what Allah has enjoined on me as regard Zakat.\" The Prophet (ﷺ) then \ntold him the Islamic laws and regulations whereupon the bedouin said, \"By Him Who has honored \nyou, I will not perform any optional deeds of worship and I will not leave anything of what Allah has \nenjoined on me.\" Allah's Messenger (ﷺ) said, \"He will be successful if he has told the truth (or he will enter \nParadise if he said the truth).\" And some people said, \"The Zakat for one-hundred and twenty camels \nis two Hiqqas, and if the Zakat payer slaughters the camels intentionally or gives them as a present or \nplays some other trick in order to avoid the Zakat, then there is no harm (in it) for him."
      },
      "turkish": {
        "narrator": "Narrated Talha bin 'Ubaidullah:",
        "text": "Talha bin 'Ubaidullah'dan rivayet edilmiştir: Dağınık saçlı bir bedevi, Allah'ın Resulü (ﷺ) yanına geldi ve \"Ey Allah'ın Resulü (ﷺ)! Bana namaz konusunda Allah'ın ne emrettiğini söyle.\" dedi. Peygamber (ﷺ) \"Günde ve gecede (24 saat) beş (farz) namazı tam olarak kılmalısın, eğer ek isteğe bağlı namaz kılmak istersen.\" dedi. Bedevi \"Bana oruç konusunda Allah'ın ne emrettiğini söyle.\" dedi. Peygamber (ﷺ) \"Ramazan ayında oruç tutmalısın, eğer ek isteğe bağlı oruç tutmak istersen.\" dedi. Bedevi \"Bana zekat konusunda Allah'ın ne emrettiğini söyle.\" dedi. Peygamber (ﷺ) ona İslami hükümleri anlattı, bunun üzerine bedevi \"Sana yemin ederim ki, ben hiçbir isteğe bağlı ibadet yapmayacağım ve Allah'ın bana emrettiği hiçbir şeyi terk etmeyeceğim.\" dedi. Allah'ın Resulü (ﷺ) \"Eğer doğru söylüyorsa, o başarılı olacaktır (ya da doğru söylediyse cennete girecektir).\" dedi. Bazı insanlar \"Yüz yirmi deveyi zekat vermek için iki Hiqqa'dır, ve eğer zekat veren, develeri kasıtlı olarak keserse veya hediye ederse ya da zekattan kaçmak için başka bir hile yaparsa, onun için bir zarar yoktur.\" dediler."
      }
    },
    {
      "id": 5,
      "idInBook": 5,
      "chapterId": 90,
      "bookId": 1,
      "arabic": "حَدَّثَنِي إِسْحَاقُ، حَدَّثَنَا عَبْدُ الرَّزَّاقِ، حَدَّثَنَا مَعْمَرٌ، عَنْ هَمَّامٍ، عَنْ أَبِي هُرَيْرَةَ ـ رضى الله عنه ـ قَالَ قَالَ رَسُولُ اللَّهِ صلى الله عليه وسلم ‏\"‏ يَكُونُ كَنْزُ أَحَدِكُمْ يَوْمَ الْقِيَامَةِ شُجَاعًا أَقْرَعَ، يَفِرُّ مِنْهُ صَاحِبُهُ فَيَطْلُبُهُ وَيَقُولُ أَنَا كَنْزُكَ‏.‏ قَالَ وَاللَّهِ لَنْ يَزَالَ يَطْلُبُهُ حَتَّى يَبْسُطَ يَدَهُ فَيُلْقِمَهَا فَاهُ ‏\"‏‏.‏ وَقَالَ رَسُولُ اللَّهِ صلى الله عليه وسلم ‏\"‏ إِذَا مَا رَبُّ النَّعَمِ لَمْ يُعْطِ حَقَّهَا، تُسَلَّطُ عَلَيْهِ يَوْمَ الْقِيَامَةِ، تَخْبِطُ وَجْهَهُ بِأَخْفَافِهَا ‏\"‏‏.‏ وَقَالَ بَعْضُ النَّاسِ فِي رَجُلٍ لَهُ إِبِلٌ، فَخَافَ أَنْ تَجِبَ عَلَيْهِ الصَّدَقَةُ، فَبَاعَهَا بِإِبِلٍ مِثْلِهَا، أَوْ بِغَنَمٍ، أَوْ بِبَقَرٍ، أَوْ بِدَرَاهِمَ، فِرَارًا مِنَ الصَّدَقَةِ بِيَوْمٍ، احْتِيَالاً فَلاَ بَأْسَ عَلَيْهِ، وَهْوَ يَقُولُ إِنْ زَكَّى إِبِلَهُ قَبْلَ أَنْ يَحُولَ الْحَوْلُ بِيَوْمٍ أَوْ بِسَنَةٍ، جَازَتْ عَنْهُ‏.‏",
      "english": {
        "narrator": "Narrated Abu Huraira:",
        "text": "Allah's Messenger (ﷺ) said, \"On the Day of Resurrection the Kanz (Treasure or wealth of which, Zakat has \nnot been paid) of anyone of you will appear in the shape of a huge bald headed poisonous male snake \nand its owner will run away from it, but it will follow him and say, 'I am your Kanz.'\" The Prophet (ﷺ) \nadded, \"By Allah, that snake will keep on following him until he stretches out his hand and let the \nsnake swallow it.\" Allah's Messenger (ﷺ) added, \"If the owner of camels does not pay their Zakat, then, on \nthe Day of Resurrection those camels will come to him and will strike his face with their hooves.\" \nSome people said: Concerning a man who has camels, and is afraid that Zakat will be due so he sells \nthose camels for similar camels or for sheep or cows or money one day before Zakat becomes due in \norder to avoid payment of their Zakat cunningly! \"He has not to pay anything.\" The same scholar said, \n\"If one pays Zakat of his camels one day or one year prior to the end of the year (by the end of which \nZakat becomes due), his Zakat will be valid.\""
      },
      "turkish": {
        "narrator": "Narrated Abu Huraira:",
        "text": "Abu Huraira'dan rivayet edilmiştir: Allah'ın Resulü (ﷺ) şöyle buyurdu: \"Kıyamet Günü, sizden birinin Kanz'ı (zekatı verilmemiş hazine veya zenginlik) büyük, kel kafalı, zehirli bir erkek yılan şeklinde ortaya çıkacak ve sahibi ondan kaçacak, ama o onu takip edecek ve 'Ben senin Kanz'ınım.' diyecek.\" Peygamber (ﷺ) ekledi: \"Allah'a yemin ederim ki, o yılan onu takip etmeye devam edecek ta ki elini uzatıp yılanın onu yutmasına izin verene kadar.\" Allah'ın Resulü (ﷺ) ekledi: \"Eğer deve sahibi zekatını vermezse, Kıyamet Günü o develer ona gelecek ve ayaklarıyla yüzüne vuracak.\" Bazı insanlar: \"Deve sahibi, zekatın düşeceğinden korkarak, o develeri zekat düşmeden bir gün önce benzer develere veya koyunlara ya da paraya satarsa, zekat ödemekten kaçınmak için hile yapmış olur! 'O, hiçbir şey ödememelidir.' \" dedi. Aynı alim, \"Eğer biri, develerinin zekatını bir gün veya bir yıl, yılın sonuna (zekatın düşeceği tarihe) kadar öderse, onun zekatı geçerli olacaktır.\" dedi."
      }
    },
    {
      "id": 6,
      "idInBook": 6,
      "chapterId": 90,
      "bookId": 1,
      "arabic": "حَدَّثَنَا قُتَيْبَةُ بْنُ سَعِيدٍ، حَدَّثَنَا لَيْثٌ، عَنِ ابْنِ شِهَابٍ، عَنْ عُبَيْدِ اللَّهِ بْنِ عَبْدِ اللَّهِ بْنِ عُتْبَةَ، عَنِ ابْنِ عَبَّاسٍ، أَنَّهُ قَالَ اسْتَفْتَى سَعْدُ بْنُ عُبَادَةَ الأَنْصَارِيُّ رَسُولَ اللَّهِ صلى الله عليه وسلم فِي نَذْرٍ كَانَ عَلَى أُمِّهِ، تُوُفِّيَتْ قَبْلَ أَنْ تَقْضِيَهُ، فَقَالَ رَسُولُ اللَّهِ صلى الله عليه وسلم ‏\n\"‏ اقْضِهِ عَنْهَا ‏\"‏‏.‏ وَقَالَ بَعْضُ النَّاسِ إِذَا بَلَغَتِ الإِبِلُ عِشْرِينَ، فَفِيهَا أَرْبَعُ شِيَاهٍ، فَإِنْ وَهَبَهَا قَبْلَ الْحَوْلِ أَوْ بَاعَهَا، فِرَارًا وَاحْتِيَالاً لإِسْقَاطِ الزَّكَاةِ، فَلاَ شَىْءَ عَلَيْهِ، وَكَذَلِكَ إِنْ أَتْلَفَهَا فَمَاتَ، فَلاَ شَىْءَ فِي مَالِهِ‏.‏",
      "english": {
        "narrator": "Narrated Ibn Abbas:",
        "text": "Sa'd bin 'Ubada Al-Ansari sought the verdict of Allah's Messenger (ﷺ) \n     regarding a vow made by his mother who had died before fulfilling it. \n     Allah's Messenger (ﷺ) said, \"Fulfill it on her behalf.\" Some people said, \n     \"If the number of camels reaches twenty, then their owner has to pay \n     four sheep as Zakat; and if their owner gives them as a gift or sells \n     them in order to escape the payment of Zakat cunningly before the \n     completion of a year, then he is not to pay anything, and if he \n     slaughters them and then dies, then no Zakat is to be taken from his \n     property.\""
      },
      "turkish": {
        "narrator": "Narrated Ibn Abbas:",
        "text": "İbn Abbas'tan rivayet edilmiştir: Sa'd bin 'Ubada Al-Ansari, annesinin yerine getirmediği bir adak hakkında Allah'ın Resulü (ﷺ) ile görüşmek istedi. Allah'ın Resulü (ﷺ) \"Onun adına yerine getir.\" dedi. Bazı insanlar \"Eğer develerin sayısı yirmiyi geçerse, sahibi dört koyun zekat vermelidir; ve eğer sahibi onları hediye ederse veya zekat ödemekten kaçınmak için bir yıl dolmadan satar veya keserse, ondan hiçbir şey alınmaz.\" dediler."
      }
    },
    {
      "id": 7,
      "idInBook": 7,
      "chapterId": 90,
      "bookId": 1,
      "arabic": "حَدَّثَنَا مُسَدَّدٌ، حَدَّثَنَا يَحْيَى بْنُ سَعِيدٍ، عَنْ عُبَيْدِ اللَّهِ، قَالَ حَدَّثَنِي نَافِعٌ، عَنْ عَبْدِ اللَّهِ ـ رضى الله عنه ـ أَنَّ رَسُولَ اللَّهِ صلى الله عليه وسلم نَهَى عَنِ الشِّغَارِ‏.‏ قُلْتُ لِنَافِعٍ مَا الشِّغَارُ قَالَ يَنْكِحُ ابْنَةَ الرَّجُلِ وَيُنْكِحُهُ ابْنَتَهُ بِغَيْرِ صَدَاقٍ، وَيَنْكِحُ أُخْتَ الرَّجُلِ وَيُنْكِحُهُ أُخْتَهُ بِغَيْرِ صَدَاقٍ‏.‏ وَقَالَ بَعْضُ النَّاسِ إِنِ احْتَالَ حَتَّى تَزَوَّجَ عَلَى الشِّغَارِ، فَهْوَ جَائِزٌ، وَالشَّرْطُ بَاطِلٌ‏.‏ وَقَالَ فِي الْمُتْعَةِ النِّكَاحُ فَاسِدٌ، وَالشَّرْطُ بَاطِلٌ‏.‏ وَقَالَ بَعْضُهُمُ الْمُتْعَةُ وَالشِّغَارُ جَائِزٌ، وَالشَّرْطُ بَاطِلٌ‏.‏",
      "english": {
        "narrator": "Narrated 'Abdullah:",
        "text": "Nafi narrated to me that 'Abdullah said that Allah's Messenger (ﷺ) forbade \n     the Shighar. I asked Nafi', \"What is the Shighar?\" He said, \"It is to \n     marry the daughter of a man and marry one's daughter to that man (at \n     the same time) without Mahr (in both cases); or to marry the sister of\n     a man and marry one's own sister to that man without Mahr.\" Some \n     people said, \"If one, by a trick, marries on the basis of Shighar, the\n     marriage is valid but its condition is illegal.\" The same scholar said\n     regarding Al-Mut'a, \"The marriage is invalid and its condition is \n     illegal.\" Some others said, \"The Mut'a and the Shighar are permissible\n     but the condition is illegal.\""
      },
      "turkish": {
        "narrator": "Narrated 'Abdullah:",
        "text": "'Abdullah'dan rivayet edilmiştir: Nafi, bana 'Abdullah'ın Allah'ın Resulü (ﷺ) tarafından Şighar'ın yasaklandığını söylediğini aktardı. Nafi'ye \"Şighar nedir?\" diye sordum. O, \"Bir adamın kızını alıp, o adamın kızı ile kendi kızını aynı anda Mahr olmaksızın evlendirmektir; ya da bir adamın kız kardeşini alıp, kendi kız kardeşini o adamla Mahr olmaksızın evlendirmektir.\" dedi. Bazı insanlar \"Eğer biri, bir hile ile Şighar temelinde evlenirse, evlilik geçerlidir ama şartı yasaktır.\" dediler. Aynı alim Al-Mut'a hakkında \"Evlilik geçersizdir ve şartı yasaktır.\" dedi. Başkaları \"Mut'a ve Şighar caizdir ama şartı yasaktır.\" dediler."
      }
    },
    {
      "id": 8,
      "idInBook": 8,
      "chapterId": 90,
      "bookId": 1,
      "arabic": "حَدَّثَنَا مُسَدَّدٌ، حَدَّثَنَا يَحْيَى، عَنْ عُبَيْدِ اللَّهِ بْنِ عُمَرَ، حَدَّثَنَا الزُّهْرِيُّ، عَنِ الْحَسَنِ، وَعَبْدِ اللَّهِ، ابْنَىْ مُحَمَّدِ بْنِ عَلِيٍّ عَنْ أَبِيهِمَا، أَنَّ عَلِيًّا ـ رضى الله عنه ـ قِيلَ لَهُ إِنَّ ابْنَ عَبَّاسٍ لاَ يَرَى بِمُتْعَةِ النِّسَاءِ بَأْسًا‏.‏ فَقَالَ إِنَّ رَسُولَ اللَّهِ صلى الله عليه وسلم نَهَى عَنْهَا يَوْمَ خَيْبَرَ، وَعَنْ لُحُومِ الْحُمُرِ الإِنْسِيَّةِ‏.‏ وَقَالَ بَعْضُ النَّاسِ إِنِ احْتَالَ حَتَّى تَمَتَّعَ، فَالنِّكَاحُ فَاسِدٌ‏.‏ وَقَالَ بَعْضُهُمُ النِّكَاحُ جَائِزٌ وَالشَّرْطُ بَاطِلٌ‏.‏",
      "english": {
        "narrator": "Narrated Muhammad bin `Ali:",
        "text": "`Ali was told that Ibn `Abbas did not see any harm in the Mut'a marriage. `Ali said, \"Allah's Messenger (ﷺ) \nforbade the Mut'a marriage on the Day of the battle of Khaibar and he forbade the eating of donkey's \nmeat.\" Some people said, \"If one, by a tricky way, marries temporarily, his marriage is illegal.\" Others \nsaid, \"The marriage is valid but its condition is illegal.\""
      },
      "turkish": {
        "narrator": "Narrated Muhammad bin `Ali:",
        "text": "Muhammad bin `Ali'den rivayet edilmiştir: `Ali'ye, İbn `Abbas'ın Mut'a evliliğinde bir sakınca görmediği söylendi. `Ali, \"Allah'ın Resulü (ﷺ) Khaibar Savaşı Günü Mut'a evliliğini yasakladı ve eşek etinin yenmesini de yasakladı.\" dedi. Bazı insanlar \"Eğer biri, hileli bir şekilde geçici evlenirse, evliliği yasaktır.\" dediler. Diğerleri \"Evlilik geçerlidir ama şartı yasaktır.\" dediler."
      }
    },
    {
      "id": 9,
      "idInBook": 9,
      "chapterId": 90,
      "bookId": 1,
      "arabic": "حَدَّثَنَا إِسْمَاعِيلُ، حَدَّثَنَا مَالِكٌ، عَنْ أَبِي الزِّنَادِ، عَنِ الأَعْرَجِ، عَنْ أَبِي هُرَيْرَةَ، أَنَّ رَسُولَ اللَّهِ صلى الله عليه وسلم قَالَ ‏\n\"‏ لاَ يُمْنَعُ فَضْلُ الْمَاءِ لِيُمْنَعَ بِهِ فَضْلُ الْكَلإِ ‏\"‏‏.‏",
      "english": {
        "narrator": "Narrated Abu Huraira:",
        "text": "Allah's Messenger (ﷺ) said, \"One should not prevent others from watering their animals with the surplus of \nhis water in order to prevent them from benefiting by the surplus of grass.\""
      },
      "turkish": {
        "narrator": "Narrated Abu Huraira:",
        "text": "Abu Huraira'dan rivayet edilmiştir: Allah'ın Resulü (ﷺ) şöyle buyurdu: \"Birisi, hayvanlarını sulamak için kendi su fazlasını kullanarak başkalarının faydalanmasını engellememelidir.\""
      }
    },
    {
      "id": 10,
      "idInBook": 10,
      "chapterId": 90,
      "bookId": 1,
      "arabic": "حَدَّثَنَا قُتَيْبَةُ بْنُ سَعِيدٍ، عَنْ مَالِكٍ، عَنْ نَافِعٍ، عَنِ ابْنِ عُمَرَ، أَنَّ رَسُولَ اللَّهِ صلى الله عليه وسلم نَهَى عَنِ النَّجْشِ‏.‏",
      "english": {
        "narrator": "Narrated Ibn `Umar:",
        "text": "Allah's Messenger (ﷺ) forbade the practice of An-Najsh."
      },
      "turkish": {
        "narrator": "Narrated Ibn `Umar:",
        "text": "İbn `Umar'dan rivayet edilmiştir: Allah'ın Resulü (ﷺ) An-Najsh uygulamasını yasakladı."
      }
    },
    {
      "id": 11,
      "idInBook": 11,
      "chapterId": 90,
      "bookId": 1,
      "arabic": "حَدَّثَنَا إِسْمَاعِيلُ، حَدَّثَنَا مَالِكٌ، عَنْ عَبْدِ اللَّهِ بْنِ دِينَارٍ، عَنْ عَبْدِ اللَّهِ بْنِ عُمَرَ ـ رضى الله عنهما ـ أَنَّ رَجُلاً، ذَكَرَ لِلنَّبِيِّ صلى الله عليه وسلم أَنَّهُ يُخْدَعُ فِي الْبُيُوعِ فَقَالَ ‏\n\"‏ إِذَا بَايَعْتَ فَقُلْ لاَ خِلاَبَةَ ‏\"‏‏.‏",
      "english": {
        "narrator": "Narrated `Abdullah bin `Umar:",
        "text": "A man mentioned to the Prophet (ﷺ) that he had always been cheated in bargains. The Prophet (ﷺ) said, \n\"Whenever you do bargain, say, 'No cheating.'\""
      },
      "turkish": {
        "narrator": "Narrated `Abdullah bin `Umar:",
        "text": "`Abdullah bin `Umar'dan rivayet edilmiştir: Bir adam, Peygamber (ﷺ)'e pazarlıkta her zaman aldatıldığını söyledi. Peygamber (ﷺ) \"Pazarlık yaptığınızda, 'Aldatmak yok.' deyin.\" dedi."
      }
    },
    {
      "id": 12,
      "idInBook": 12,
      "chapterId": 90,
      "bookId": 1,
      "arabic": "حَدَّثَنَا أَبُو الْيَمَانِ، حَدَّثَنَا شُعَيْبٌ، عَنِ الزُّهْرِيِّ، قَالَ كَانَ عُرْوَةُ يُحَدِّثُ أَنَّهُ سَأَلَ عَائِشَةَ ‏{‏وَإِنْ خِفْتُمْ أَنْ لاَ تُقْسِطُوا فِي الْيَتَامَى فَانْكِحُوا مَا طَابَ لَكُمْ مِنَ النِّسَاءِ‏}‏‏.‏ قَالَتْ هِيَ الْيَتِيمَةُ فِي حَجْرِ وَلِيِّهَا، فَيَرْغَبُ فِي مَالِهَا وَجَمَالِهَا، فَيُرِيدُ أَنْ يَتَزَوَّجَهَا بِأَدْنَى مِنْ سُنَّةِ نِسَائِهَا، فَنُهُوا عَنْ نِكَاحِهِنَّ، إِلاَّ أَنْ يُقْسِطُوا لَهُنَّ فِي إِكْمَالِ الصَّدَاقِ، ثُمَّ اسْتَفْتَى النَّاسُ رَسُولَ اللَّهِ صلى الله عليه وسلم بَعْدُ فَأَنْزَلَ اللَّهُ ‏{‏وَيَسْتَفْتُونَكَ فِي النِّسَاءِ‏}‏ فَذَكَرَ الْحَدِيثَ‏.‏",
      "english": {
        "narrator": "Narrated `Urwa:",
        "text": "That he asked `Aisha regarding the Verse: 'If you fear that you shall not be able to deal justly with the \norphan girls, marry (other) women of your choice.' (4.3) `Aisha said, \"It is about an orphan girl under \nthe custody of her guardian who being attracted by her wealth and beauty wants to marry her with \nMahr less than other women of her status. So such guardians were forbidden to marry them unless \nthey treat them justly by giving them their full Mahr. Then the people sought the verdict of Allah's \nApostle for such cases, whereupon Allah revealed: 'They ask your instruction concerning women..' \n(4.127) (The sub-narrator then mentioned the Hadith.)"
      },
      "turkish": {
        "narrator": "Narrated `Urwa:",
        "text": "`Urwa'dan rivayet edilmiştir: O, `Aisha'ya şu ayet hakkında sordu: 'Yetim kızlarla adaletle davranamayacağınızdan korkarsanız, dilediğiniz kadınlarla evlenin.' (4.3) `Aisha, \"Bu, bir yetim kızın, velisi tarafından zenginliği ve güzelliği nedeniyle Mahr'ı diğer kadınlarınkinden daha az olacak şekilde evlendirilmek istenmesidir. Bu nedenle, böyle velilere, adaletle muamele etmedikçe onları evlendirmeleri yasaklanmıştır.\" dedi. Sonra insanlar, bu tür durumlar için Allah'ın Resulü'nden hüküm istediler, bunun üzerine Allah, 'Kadınlar hakkında sana soruyorlar...' (4.127) ayetini indirdi. (Sonra alt rivayetçi Hadisi aktardı.)"
      }
    },
    {
      "id": 13,
      "idInBook": 13,
      "chapterId": 90,
      "bookId": 1,
      "arabic": "حَدَّثَنَا أَبُو نُعَيْمٍ، حَدَّثَنَا سُفْيَانُ، عَنْ عَبْدِ اللَّهِ بْنِ دِينَارٍ، عَنْ عَبْدِ اللَّهِ بْنِ عُمَرَ ـ رضى الله عنهما ـ عَنِ النَّبِيِّ صلى الله عليه وسلم ‏\n\"‏ لِكُلِّ غَادِرٍ لِوَاءٌ يَوْمَ الْقِيَامَةِ يُعْرَفُ بِهِ ‏\"‏‏.‏",
      "english": {
        "narrator": "Narrated `Abdullah bin `Umar:",
        "text": "The Prophet (ﷺ) said, \"For every betrayer there will be a flag by which he will be recognized on the Day \nof Resurrection. \""
      },
      "turkish": {
        "narrator": "Narrated `Abdullah bin `Umar:",
        "text": "`Abdullah bin `Umar'dan rivayet edilmiştir: Peygamber (ﷺ) şöyle buyurdu: \"Her hain için, Kıyamet Günü tanınacağı bir bayrak olacaktır.\""
      }
    },
    {
      "id": 14,
      "idInBook": 14,
      "chapterId": 90,
      "bookId": 1,
      "arabic": "حَدَّثَنَا مُحَمَّدُ بْنُ كَثِيرٍ، عَنْ سُفْيَانَ، عَنْ هِشَامٍ، عَنْ عُرْوَةَ، عَنْ زَيْنَبَ ابْنَةِ أُمِّ سَلَمَةَ، عَنْ أُمِّ سَلَمَةَ، عَنِ النَّبِيِّ صلى الله عليه وسلم قَالَ ‏\n\"‏ إِنَّمَا أَنَا بَشَرٌ، وَإِنَّكُمْ تَخْتَصِمُونَ، وَلَعَلَّ بَعْضَكُمْ أَنْ يَكُونَ أَلْحَنَ بِحُجَّتِهِ مِنْ بَعْضٍ، وَأَقْضِيَ لَهُ عَلَى نَحْوِ مَا أَسْمَعُ، فَمَنْ قَضَيْتُ لَهُ مِنْ حَقِّ أَخِيهِ شَيْئًا، فَلاَ يَأْخُذْ، فَإِنَّمَا أَقْطَعُ لَهُ قِطْعَةً مِنَ النَّارِ ‏\"‏‏.‏",
      "english": {
        "narrator": "Narrated Um Salama:",
        "text": "The Prophet (ﷺ) said, \"I am only a human being, and you people have disputes. May be some one \namongst you can present his case in a more eloquent and convincing manner than the other, and I give \nmy judgment in his favor according to what I hear. Beware! If ever I give (by error) somebody \nsomething of his brother's right then he should not take it as I have only, given him a piece of Fire.\" \n(See Hadith No. 638. Vol. 3)"
      },
      "turkish": {
        "narrator": "Narrated Um Salama:",
        "text": "Um Salama'dan rivayet edilmiştir: Peygamber (ﷺ) şöyle buyurdu: \"Ben sadece bir insanım ve sizlerin arasında ihtilaflar var. Belki aranızdan biri, diğerinden daha etkili ve ikna edici bir şekilde davasını sunabilir ve ben duyduğuma göre hükmümü veririm. Dikkat edin! Eğer ben (hata ile) birinin kardeşinin hakkından bir şey verirsem, o bunu almasın; çünkü ben ona sadece bir ateş parçası vermişimdir.\" (Bkz. Hadis No. 638. Cilt 3)"
      }
    },
    {
      "id": 15,
      "idInBook": 15,
      "chapterId": 90,
      "bookId": 1,
      "arabic": "حَدَّثَنَا مُسْلِمُ بْنُ إِبْرَاهِيمَ، حَدَّثَنَا هِشَامٌ، حَدَّثَنَا يَحْيَى بْنُ أَبِي كَثِيرٍ، عَنْ أَبِي سَلَمَةَ، عَنْ أَبِي هُرَيْرَةَ، عَنِ النَّبِيِّ صلى الله عليه وسلم قَالَ ‏\"‏ لاَ تُنْكَحُ الْبِكْرُ حَتَّى تُسْتَأْذَنَ، وَلاَ الثَّيِّبُ حَتَّى تُسْتَأْمَرَ ‏\"‏‏.‏ فَقِيلَ يَا رَسُولَ اللَّهِ كَيْفَ إِذْنُهَا قَالَ ‏\"‏ إِذَا سَكَتَتْ ‏\"‏‏.‏ وَقَالَ بَعْضُ النَّاسِ إِنْ لَمْ تُسْتَأْذَنِ الْبِكْرُ وَلَمْ تَزَوَّجْ‏.‏ فَاحْتَالَ رَجُلٌ فَأَقَامَ شَاهِدَىْ زُورٍ أَنَّهُ تَزَوَّجَهَا بِرِضَاهَا، فَأَثْبَتَ الْقَاضِي نِكَاحَهَا، وَالزَّوْجُ يَعْلَمُ أَنَّ الشَّهَادَةَ بَاطِلَةٌ، فَلاَ بَأْسَ أَنْ يَطَأَهَا، وَهْوَ تَزْوِيجٌ صَحِيحٌ‏.‏",
      "english": {
        "narrator": "Narrated Abu Huraira:",
        "text": "The Prophet (ﷺ) said, \"A virgin should not be married till she is asked for her consent; and the matron \nshould not be married till she is asked whether she agrees to marry or not.\" It was asked, \"O Allah's \nApostle! How will she (the virgin) express her consent?\" He said, \"By keeping silent.\" Some people \nsaid that if a virgin is not asked for her consent and she is not married, and then a man, by playing a trick \npresents two false witnesses that he has married her with her consent and the judge confirms his \nmarriage as a true one, and the husband knows that the witnesses were false ones, then there is no \nharm for him to consummate his marriage with her and the marriage is regarded as valid."
      },
      "turkish": {
        "narrator": "Narrated Abu Huraira:",
        "text": "Abu Huraira'dan rivayet edilmiştir: Peygamber (ﷺ) şöyle buyurdu: \"Bir kız, rızası sorulmadan evlendirilmemelidir; ve bir kadın, evlenip evlenmeyeceği sorulmadan evlendirilmemelidir.\" Soruldu: \"Ey Allah'ın Resulü! Kız (bakire) rızasını nasıl ifade edecek?\" O, \"Sadece sessiz kalarak.\" dedi. Bazı insanlar, eğer bir bakire rızası sorulmadan evlendirilirse ve sonra bir adam, bir hile ile iki sahte şahit getirirse ve o şahitler, onun rızasıyla evlendiğini söylerse ve hakim de evliliğini doğru olarak onaylarsa, ve koca, şahitlerin sahte olduğunu bilirse, onun için onunla evliliğini tamamlamasında bir sakınca yoktur ve evlilik geçerli sayılır."
      }
    },
    {
      "id": 16,
      "idInBook": 16,
      "chapterId": 90,
      "bookId": 1,
      "arabic": "حَدَّثَنَا عَلِيُّ بْنُ عَبْدِ اللَّهِ، حَدَّثَنَا سُفْيَانُ، حَدَّثَنَا يَحْيَى بْنُ سَعِيدٍ، عَنِ الْقَاسِمِ، أَنَّ امْرَأَةً، مِنْ وَلَدِ جَعْفَرٍ تَخَوَّفَتْ أَنْ يُزَوِّجَهَا وَلِيُّهَا وَهْىَ كَارِهَةٌ فَأَرْسَلَتْ إِلَى شَيْخَيْنِ مِنَ الأَنْصَارِ عَبْدِ الرَّحْمَنِ وَمُجَمِّعٍ ابْنَىْ جَارِيَةَ قَالاَ فَلاَ تَخْشَيْنَ، فَإِنَّ خَنْسَاءَ بِنْتَ خِذَامٍ أَنْكَحَهَا أَبُوهَا وَهْىَ كَارِهَةٌ، فَرَدَّ النَّبِيُّ صلى الله عليه وسلم ذَلِكَ‏.‏ قَالَ سُفْيَانُ وَأَمَّا عَبْدُ الرَّحْمَنِ فَسَمِعْتُهُ يَقُولُ عَنْ أَبِيهِ إِنَّ خَنْسَاءَ‏.‏",
      "english": {
        "narrator": "Narrated Al-Qasim:",
        "text": "A woman from the offspring of Ja`far was afraid lest her guardian marry her (to somebody) against \nher will. So she sent for two elderly men from the Ansar, `AbdurRahman and Mujammi', the two sons \nof Jariya, and they said to her, \"Don't be afraid, for Khansa' bint Khidam was given by her father in \nmarriage against her will, then the Prophet (ﷺ) cancelled that marriage.\" (See Hadith No. 78)"
      },
      "turkish": {
        "narrator": "Narrated Al-Qasim:",
        "text": "Al-Qasim'den rivayet edilmiştir: Ca'fer'in soyundan bir kadın, velisinin onu istemediği biriyle evlendirmesinden korkuyordu. Bunun üzerine Ensar'dan iki yaşlı adam, Abdurrahman ve Mücami' adlı Jariya'nın iki oğlunu çağırdı ve ona, \"Korkma, çünkü Khansa' bint Khidam babası tarafından istemediği biriyle evlendirildi, sonra Peygamber (ﷺ) o evliliği iptal etti.\" dediler. (Bkz. Hadis No. 78)"
      }
    },
    {
      "id": 17,
      "idInBook": 17,
      "chapterId": 90,
      "bookId": 1,
      "arabic": "حَدَّثَنَا أَبُو نُعَيْمٍ، حَدَّثَنَا شَيْبَانُ، عَنْ يَحْيَى، عَنْ أَبِي سَلَمَةَ، عَنْ أَبِي هُرَيْرَةَ، قَالَ قَالَ رَسُولُ اللَّهِ صلى الله عليه وسلم ‏\"‏ لاَ تُنْكَحُ الأَيِّمُ حَتَّى تُسْتَأْمَرَ، وَلاَ تُنْكَحُ الْبِكْرُ حَتَّى تُسْتَأْذَنَ ‏\"‏‏.‏ قَالُوا كَيْفَ إِذْنُهَا قَالَ ‏\"‏ أَنْ تَسْكُتَ ‏\"‏‏.‏ وَقَالَ بَعْضُ النَّاسِ إِنِ احْتَالَ إِنْسَانٌ بِشَاهِدَىْ زُورٍ عَلَى تَزْوِيجِ امْرَأَةٍ ثَيِّبٍ بِأَمْرِهَا، فَأَثْبَتَ الْقَاضِي نِكَاحَهَا إِيَّاهُ، وَالزَّوْجُ يَعْلَمُ أَنَّهُ لَمْ يَتَزَوَّجْهَا قَطُّ، فَإِنَّهُ يَسَعُهُ هَذَا النِّكَاحُ، وَلاَ بَأْسَ بِالْمُقَامِ لَهُ مَعَهَا‏.‏",
      "english": {
        "narrator": "Narrated Abu Haraira:",
        "text": "Allah's Messenger (ﷺ) said, \"A lady slave should not be given in marriage until she is consulted, and a virgin \nshould not be given in marriage until her permission is granted.\" The people said, \"How will she \nexpress her permission?\" The Prophet (ﷺ) said, \"By keeping silent (when asked her consent).\" Some \npeople said, \"If a man, by playing a trick, presents two false witnesses before the judge to testify that \nhe has married a matron with her consent and the judge confirms his marriage, and the husband is sure \nthat he has never married her (before), then such a marriage will be considered as a legal one and he \nmay live with her as husband.\""
      },
      "turkish": {
        "narrator": "Narrated Abu Haraira:",
        "text": "Ebu Hureyre'den rivayet edilmiştir: Allah'ın Elçisi (ﷺ) şöyle dedi: \"Bir cariye evlendirilmeden önce onunla danışılmalıdır ve bir kız bakire evlendirilmeden önce onun izni alınmalıdır.\" İnsanlar, \"O nasıl iznini ifade edecek?\" dediler. Peygamber (ﷺ) dedi ki: \"Susarak (onun rızasını istemek için).\" Bazı insanlar, \"Eğer bir adam, bir hileyle, hakimin önüne iki sahte şahit getirirse ve bu şahitler, onun bir kadınla rızasıyla evlendiğini tasdik ederse ve hakim de bu evliliği onaylarsa, koca, onunla daha önce evlenmediğinden emin olsa bile, böyle bir evlilik yasal sayılacak ve onunla koca olarak yaşayabilecektir.\" dediler."
      }
    },
    {
      "id": 18,
      "idInBook": 18,
      "chapterId": 90,
      "bookId": 1,
      "arabic": "حَدَّثَنَا أَبُو عَاصِمٍ، عَنِ ابْنِ جُرَيْجٍ، عَنِ ابْنِ أَبِي مُلَيْكَةَ، عَنْ ذَكْوَانَ، عَنْ عَائِشَةَ ـ رضى الله عنها ـ قَالَتْ قَالَ رَسُولُ اللَّهِ صلى الله عليه وسلم ‏\"‏ الْبِكْرُ تُسْتَأْذَنُ ‏\"‏‏.‏ قُلْتُ إِنَّ الْبِكْرَ تَسْتَحْيِي قَالَ ‏\"‏ إِذْنُهَا صُمَاتُهَا ‏\"‏‏.‏ وَقَالَ بَعْضُ النَّاسِ إِنْ هَوِيَ رَجُلٌ جَارِيَةً يَتِيمَةً أَوْ بِكْرًا، فَأَبَتْ فَاحْتَالَ فَجَاءَ بِشَاهِدَىْ زُورٍ عَلَى أَنَّهُ تَزَوَّجَهَا، فَأَدْرَكَتْ فَرَضِيَتِ الْيَتِيمَةُ، فَقَبِلَ الْقَاضِي شَهَادَةَ الزُّورِ، وَالزَّوْجُ يَعْلَمُ بِبُطْلاَنِ ذَلِكَ، حَلَّ لَهُ الْوَطْءُ‏.‏",
      "english": {
        "narrator": "Narrated `Aisha:",
        "text": "Allah's Messenger (ﷺ) said, \"It is essential to have the consent of a virgin (for the marriage). I said, \"A virgin \nfeels shy.\" The Prophet; said, \"Her silence means her consent.\" Some people said, \"If a man falls in \nlove with an orphan slave girl or a virgin and she refuses (him) and then he makes a trick by bringing \ntwo false witnesses to testify that he has married her, and then she attains the age of puberty and \nagrees to marry him and the judge accepts the false witness and the husband knows that the witnesses \nwere false ones, he may consummate his marriage.\""
      },
      "turkish": {
        "narrator": "Narrated `Aisha:",
        "text": "Aişe'den rivayet edilmiştir: Allah'ın Elçisi (ﷺ) şöyle dedi: \"Evlilik için bir bakirenin rızası şarttır.\" Ben dedim ki: \"Bir bakire utangaçtır.\" Peygamber (ﷺ) dedi ki: \"Susması, rızasıdır.\" Bazı insanlar, \"Eğer bir adam, bir yetim cariye veya bakireye aşık olursa ve o onu reddederse, sonra iki sahte şahit getirerek onunla evlendiğini iddia ederse, ve sonra o ergenlik çağına ulaşır ve onunla evlenmeyi kabul ederse ve hakim sahte şahitleri kabul ederse, koca şahitlerin sahte olduğunu bilse bile, evliliğini tamamlayabilir.\" dediler."
      }
    },
    {
      "id": 19,
      "idInBook": 19,
      "chapterId": 90,
      "bookId": 1,
      "arabic": "حَدَّثَنَا عُبَيْدُ بْنُ إِسْمَاعِيلَ، حَدَّثَنَا أَبُو أُسَامَةَ، عَنْ هِشَامٍ، عَنْ أَبِيهِ، عَنْ عَائِشَةَ، قَالَتْ كَانَ رَسُولُ اللَّهِ صلى الله عليه وسلم يُحِبُّ الْحَلْوَاءَ، وَيُحِبُّ الْعَسَلَ، وَكَانَ إِذَا صَلَّى الْعَصْرَ أَجَازَ عَلَى نِسَائِهِ فَيَدْنُو مِنْهُنَّ، فَدَخَلَ عَلَى حَفْصَةَ، فَاحْتَبَسَ عِنْدَهَا أَكْثَرَ مِمَّا كَانَ يَحْتَبِسُ، فَسَأَلْتُ عَنْ ذَلِكَ فَقِيلَ لِي أَهْدَتِ امْرَأَةٌ مِنْ قَوْمِهَا عُكَّةَ عَسَلٍ، فَسَقَتْ رَسُولَ اللَّهِ صلى الله عليه وسلم مِنْهُ شَرْبَةً‏.‏ فَقُلْتُ أَمَا وَاللَّهِ لَنَحْتَالَنَّ لَهُ‏.‏ فَذَكَرْتُ ذَلِكَ لِسَوْدَةَ قُلْتُ إِذَا دَخَلَ عَلَيْكِ فَإِنَّهُ سَيَدْنُو مِنْكِ فَقُولِي لَهُ يَا رَسُولَ اللَّهِ أَكَلْتَ مَغَافِيرَ فَإِنَّهُ سَيَقُولُ لاَ‏.‏ فَقُولِي لَهُ مَا هَذِهِ الرِّيحُ وَكَانَ رَسُولُ اللَّهِ صلى الله عليه وسلم يَشْتَدُّ عَلَيْهِ أَنْ تُوجَدُ مِنْهُ الرِّيحُ، فَإِنَّهُ سَيَقُولُ سَقَتْنِي حَفْصَةُ شَرْبَةَ عَسَلٍ‏.‏ فَقُولِي لَهُ جَرَسَتْ نَحْلُهُ الْعُرْفُطَ‏.‏ وَسَأَقُولُ ذَلِكَ، وَقُولِيهِ أَنْتِ يَا صَفِيَّةُ‏.‏ فَلَمَّا دَخَلَ عَلَى سَوْدَةَ، قُلْتُ تَقُولُ سَوْدَةُ وَالَّذِي لاَ إِلَهَ إِلاَّ هُوَ لَقَدْ كِدْتُ أَنْ أُبَادِرَهُ بِالَّذِي قُلْتِ لِي، وَإِنَّهُ لَعَلَى الْبَابِ فَرَقًا مِنْكِ، فَلَمَّا دَنَا رَسُولُ اللَّهِ صلى الله عليه وسلم قُلْتُ يَا رَسُولَ اللَّهِ أَكَلْتَ مَغَافِيرَ قَالَ ‏\"‏ لاَ ‏\"‏‏.‏ قُلْتُ فَمَا هَذِهِ الرِّيحُ قَالَ ‏\"‏ سَقَتْنِي حَفْصَةُ شَرْبَةَ عَسَلٍ ‏\"‏‏.‏ قُلْتُ جَرَسَتْ نَحْلُهُ الْعُرْفُطَ‏.‏ فَلَمَّا دَخَلَ عَلَىَّ قُلْتُ لَهُ مِثْلَ ذَلِكَ‏.‏ وَدَخَلَ عَلَى صَفِيَّةَ فَقَالَتْ لَهُ مِثْلَ ذَلِكَ‏.‏ فَلَمَّا دَخَلَ عَلَى حَفْصَةَ قَالَتْ لَهُ يَا رَسُولَ اللَّهِ أَلاَ أَسْقِيكَ مِنْهُ قَالَ ‏\"‏ لاَ حَاجَةَ لِي بِهِ ‏\"‏‏.‏ قَالَتْ تَقُولُ سَوْدَةُ سُبْحَانَ اللَّهِ لَقَدْ حَرَمْنَاهُ‏.‏ قَالَتْ قُلْتُ لَهَا اسْكُتِي‏.‏",
      "english": {
        "narrator": "Narrated `Aisha:",
        "text": "Allah's Messenger (ﷺ) used to like sweets and also used to like honey, and whenever he finished the `Asr \nprayer, he used to visit his wives and stay with them. Once he visited Hafsa and remained with her \nlonger than the period he used to stay, so I enquired about it. It was said to me, \"A woman from her \ntribe gave her a leather skin containing honey as a present, and she gave some of it to Allah's Messenger (ﷺ) \nto drink.\" I said, \"By Allah, we will play a trick on him.\" So I mentioned the story to Sauda (the wife \nof the Prophet) and said to her, \"When he enters upon you, he will come near to you whereupon you \nshould say to him, 'O Allah's Messenger (ﷺ)! Have you eaten Maghafir?' He will say, 'No.' Then you say to \nhim, 'What is this bad smell? ' And it would be very hard on Allah's Messenger (ﷺ) that a bad smell should be \nfound on his body. He will say, 'Hafsa has given me a drink of honey.' Then you should say to him, \n'Its bees must have sucked from the Al-`Urfut (a foul smelling flower).' I too, will tell him the same. \nAnd you, O Saifya, say the same.\" \nSo when the Prophet (ﷺ) entered upon Sauda (the following happened). Sauda said, \"By Him except \nWhom none has the right to be worshipped, I was about to say to him what you had told me to say \nwhile he was still at the gate because of fear from you. But when Allah 's Apostle came near to me, I \nsaid to him, 'O Allah's Messenger (ﷺ)! Have you eaten Maghafir?' He replied, 'No.' I said, 'What about this \nsmell?' He said, 'Hafsa has given me a drink of honey.' I said, 'Its bees must have sucked Al-`Urfut.' \" \nWhen he entered upon me, I told him the same as that, and when he entered upon Safiya, she too told \nhim the same. So when he visited Hafsa again, she said to him, \"O Allah's Messenger (ﷺ)! Shall I give you a \ndrink of it (honey)?\" He said, \"I have no desire for it.\" Sauda said, Subhan Allah! We have deprived \nhim of it (honey).\" I said to her, \"Be quiet!\""
      },
      "turkish": {
        "narrator": "Narrated `Aisha:",
        "text": "Aişe'den rivayet edilmiştir: Allah'ın Elçisi (ﷺ) tatlıları severdi ve balı da severdi, ve her Asr namazını bitirdiğinde, eşlerini ziyaret eder ve onlarla kalırdı. Bir gün Hafsa'yı ziyaret etti ve onunla daha uzun süre kaldı, bu yüzden ben bunu merak ettim. Bana, \"Kavminden bir kadın ona bal dolu bir deri hediye etti ve o da Allah'ın Elçisine (ﷺ) içmesi için birazını verdi.\" denildi. Ben dedim ki, \"Vallahi, ona bir hile yapacağız.\" Bu yüzden hikayeyi Sauda'ya (Peygamberin eşi) anlattım ve ona, \"O sana girdiğinde, sana yaklaşacak, o zaman ona 'Ey Allah'ın Elçisi (ﷺ)! Maghafir yedin mi?' demelisin.\" dedim. O da, \"Hayır.\" diyecek. Sonra sen ona, \"Bu kötü koku nedir?\" demelisin. Ve Allah'ın Elçisi (ﷺ) için vücudunda kötü bir koku bulunması çok zor olacaktır. O da, \"Hafsa bana bal verdi.\" diyecek. O zaman sen ona, \"Arılar Al-`Urfut'tan emmiş olmalı.\" demelisin. Ben de ona aynı şeyi söyleyeceğim. Ve sen, Ey Safiye, aynı şeyi söyle.\" dedim."
      }
    },
    {
      "id": 20,
      "idInBook": 20,
      "chapterId": 90,
      "bookId": 1,
      "arabic": "حَدَّثَنَا عَبْدُ اللَّهِ بْنُ مَسْلَمَةَ، عَنْ مَالِكٍ، عَنِ ابْنِ شِهَابٍ، عَنْ عَبْدِ اللَّهِ بْنِ عَامِرِ بْنِ رَبِيعَةَ، أَنَّ عُمَرَ بْنَ الْخَطَّابِ ـ رضى الله عنه ـ خَرَجَ إِلَى الشَّأْمِ، فَلَمَّا جَاءَ بِسَرْغَ بَلَغَهُ أَنَّ الْوَبَاءَ وَقَعَ بِالشَّأْمِ فَأَخْبَرَهُ عَبْدُ الرَّحْمَنِ بْنُ عَوْفٍ أَنَّ رَسُولَ اللَّهِ صلى الله عليه وسلم قَالَ ‏\n\"‏ إِذَا سَمِعْتُمْ بِأَرْضٍ فَلاَ تَقْدَمُوا عَلَيْهِ، وَإِذَا وَقَعَ بِأَرْضٍ وَأَنْتُمْ بِهَا فَلاَ تَخْرُجُوا فِرَارًا مِنْهُ ‏\"‏‏.‏ فَرَجَعَ عُمَرُ مِنْ سَرْغَ‏.‏ وَعَنِ ابْنِ شِهَابٍ عَنْ سَالِمِ بْنِ عَبْدِ اللَّهِ أَنَّ عُمَرَ إِنَّمَا انْصَرَفَ مِنْ حَدِيثِ عَبْدِ الرَّحْمَنِ‏.‏",
      "english": {
        "narrator": "Narrated `Abdullah bin 'Amir bin Rabi`a:",
        "text": "`Umar bin Al-Khattab left for Sham, and when he reached a placed called Sargh, he came to know \nthat there was an outbreak of an epidemic (of plague) in Sham. Then `AbdurRahman bin `Auf told \nhim that Allah's Messenger (ﷺ) said, \"If you hear the news of an outbreak of an epidemic (plague) in a \ncertain place, do not enter that place: and if the epidemic falls in a place while you are present in it, do \nnot leave that place to escape from the epidemic.\" So `Umar returned from Sargh."
      },
      "turkish": {
        "narrator": "Narrated `Abdullah bin 'Amir bin Rabi`a:",
        "text": "Peygamber (ﷺ) Sauda'ya girdiğinde, şu oldu: Sauda, \"Ona söylemek üzereydim, senin korkundan dolayı kapıda dururken, ama Allah'ın Elçisi bana yaklaşınca, ben ona, 'Ey Allah'ın Elçisi (ﷺ)! Maghafir yedin mi?' dedim. O da, 'Hayır.' dedi. Ben de, 'Peki bu koku nedir?' dedim. O da, 'Hafsa bana bal verdi.' dedi. Ben de ona aynı şeyi söyledim, ve Safiye'ye girdiğinde, o da ona aynı şeyi söyledi. Sonra Hafsa ona tekrar gittiğinde, ona, \"Ey Allah'ın Elçisi (ﷺ)! Sana ondan (bal) bir içecek vereyim mi?\" dedi. O da, \"Ona karşı bir arzum yok.\" dedi. Sauda, \"Subhan Allah! Onu (balı) ondan mahrum ettik.\" dedim. O da, \"Sus!\" dedi."
      }
    },
    {
      "id": 21,
      "idInBook": 21,
      "chapterId": 90,
      "bookId": 1,
      "arabic": "حَدَّثَنَا أَبُو الْيَمَانِ، حَدَّثَنَا شُعَيْبٌ، عَنِ الزُّهْرِيِّ، حَدَّثَنَا عَامِرُ بْنُ سَعْدِ بْنِ أَبِي وَقَّاصٍ، أَنَّهُ سَمِعَ أُسَامَةَ بْنَ زَيْدٍ، يُحَدِّثُ سَعْدًا أَنَّ رَسُولَ اللَّهِ صلى الله عليه وسلم ذَكَرَ الْوَجَعَ فَقَالَ ‏\n\"‏ رِجْزٌ ـ أَوْ عَذَابٌ ـ عُذِّبَ بِهِ بَعْضُ الأُمَمِ، ثُمَّ بَقِيَ مِنْهُ بَقِيَّةٌ، فَيَذْهَبُ الْمَرَّةَ وَيَأْتِي الأُخْرَى، فَمَنْ سَمِعَ بِهِ بِأَرْضٍ فَلاَ يَقْدَمَنَّ عَلَيْهِ، وَمَنْ كَانَ بِأَرْضٍ وَقَعَ بِهَا فَلاَ يَخْرُجْ فِرَارًا مِنْهُ ‏\"‏‏.‏",
      "english": {
        "narrator": "Narrated 'Amir bin Sa`d bin Abi Waqqas:",
        "text": "That he heard Usama bin Zaid speaking to Sa`d, saying, \"Allah's Messenger (ﷺ) mentioned the plague and \nsaid, 'It is a means of punishment with which some nations were punished and some of it has \nremained, and it appears now and then. So whoever hears that there is an outbreak of plague in some \nland, he should not go to that land, and if the plague breaks out in the land where one is already \npresent, one should not run away from that land, escaping from the plague.\""
      },
      "turkish": {
        "narrator": "Narrated 'Amir bin Sa`d bin Abi Waqqas:",
        "text": "Abdullah bin Amir bin Rabi'a'dan rivayet edilmiştir: Ömer bin Hattab, Şam'a gitti ve Sargh adında bir yere ulaştığında, Şam'da bir salgın (veba) çıktığını öğrendi. Sonra Abdurrahman bin Avf ona, Allah'ın Elçisinin (ﷺ) şöyle dediğini bildirdi: \"Eğer bir yerde bir salgın (veba) çıktığını duyarsanız, o yere girmeyin; ve eğer salgın bulunduğunuz bir yerde çıkarsa, o yerden kaçmayın.\" Bunun üzerine Ömer Sargh'dan geri döndü."
      }
    },
    {
      "id": 22,
      "idInBook": 22,
      "chapterId": 90,
      "bookId": 1,
      "arabic": "حَدَّثَنَا أَبُو نُعَيْمٍ، حَدَّثَنَا سُفْيَانُ، عَنْ أَيُّوبَ السَّخْتِيَانِيِّ، عَنْ عِكْرِمَةَ، عَنِ ابْنِ عَبَّاسٍ ـ رضى الله عنهما ـ قَالَ قَالَ النَّبِيُّ صلى الله عليه وسلم ‏\n\"‏ الْعَائِدُ فِي هِبَتِهِ كَالْكَلْبِ يَعُودُ فِي قَيْئِهِ، لَيْسَ لَنَا مَثَلُ السَّوْءِ ‏\"‏‏.‏",
      "english": {
        "narrator": "Narrated Ibn `Abbas:",
        "text": "The Prophet (ﷺ) said, \"The one who takes back his gift is like a dog swallowing its own vomit, and we \n(believers) should not act according to this bad example.\""
      },
      "turkish": {
        "narrator": "Narrated Ibn `Abbas:",
        "text": "Amir bin Sa'd bin Ebi Vakkas'dan rivayet edilmiştir: Usame bin Zeyd'in Sa'd'a, \"Allah'ın Elçisi (ﷺ) vebayı zikretti ve 'Bu, bazı milletlerin cezalandırıldığı bir yöntemdir ve bazıları kalmıştır, zaman zaman ortaya çıkar. Kim bir yerde veba çıktığını duyarsa, o yere gitmemelidir; ve eğer veba, kişinin bulunduğu yerde patlak verirse, o yerden kaçmamalıdır.\" dediğini işittiğini söyledi."
      }
    },
    {
      "id": 23,
      "idInBook": 23,
      "chapterId": 90,
      "bookId": 1,
      "arabic": "حَدَّثَنَا عَبْدُ اللَّهِ بْنُ مُحَمَّدٍ، حَدَّثَنَا هِشَامُ بْنُ يُوسُفَ، أَخْبَرَنَا مَعْمَرٌ، عَنِ الزُّهْرِيِّ، عَنْ أَبِي سَلَمَةَ، عَنْ جَابِرِ بْنِ عَبْدِ اللَّهِ، قَالَ إِنَّمَا جَعَلَ النَّبِيُّ صلى الله عليه وسلم الشُّفْعَةَ فِي كُلِّ مَا لَمْ يُقْسَمْ، فَإِذَا وَقَعَتِ الْحُدُودُ وَصُرِّفَتِ الطُّرُقُ فَلاَ شُفْعَةَ‏.‏ وَقَالَ بَعْضُ النَّاسِ الشُّفْعَةُ لِلْجِوَارِ‏.‏ ثُمَّ عَمَدَ إِلَى مَا شَدَّدَهُ فَأَبْطَلَهُ، وَقَالَ إِنِ اشْتَرَى دَارًا فَخَافَ أَنْ يَأْخُذَ الْجَارُ بِالشُّفْعَةِ، فَاشْتَرَى سَهْمًا مِنْ مِائَةِ سَهْمٍ، ثُمَّ اشْتَرَى الْبَاقِيَ، وَكَانَ لِلْجَارِ الشُّفْعَةُ فِي السَّهْمِ الأَوَّلِ، وَلاَ شُفْعَةَ لَهُ فِي بَاقِي الدَّارِ، وَلَهُ أَنْ يَحْتَالَ فِي ذَلِكَ‏.‏",
      "english": {
        "narrator": "Narrated Jabir bin `Abdullah:",
        "text": "The Prophet (ﷺ) has decreed that preemption is valid in all cases where the real estate concerned has not \nbeen divided, but if the boundaries are established and the ways are made, then there is no preemption. \nA man said, \"Preemption is only for the neighbor,\" and then he makes invalid what he has confirmed. \nHe said, \"If someone wants to buy a house and being afraid that the neighbor (of the house) may buy \nit through preemption, he buys one share out of one hundred shares of the house and then buys the rest \nof the house, then the neighbor can only have the right of preemption for the first share but not for the \nrest of the house; and the buyer may play such a trick in this case.\""
      },
      "turkish": {
        "narrator": "Narrated Jabir bin `Abdullah:",
        "text": "İbn Abbas'tan rivayet edilmiştir: Peygamber (ﷺ) şöyle dedi: \"Hediye geri alan kimse, kendi kusmuğunu yutan bir köpek gibidir; biz (müminler) bu kötü örneğe göre hareket etmemeliyiz.\""
      }
    },
    {
      "id": 24,
      "idInBook": 24,
      "chapterId": 90,
      "bookId": 1,
      "arabic": "حَدَّثَنَا عَلِيُّ بْنُ عَبْدِ اللَّهِ، حَدَّثَنَا سُفْيَانُ، عَنْ إِبْرَاهِيمَ بْنِ مَيْسَرَةَ، سَمِعْتُ عَمْرَو بْنَ الشَّرِيدِ، قَالَ جَاءَ الْمِسْوَرُ بْنُ مَخْرَمَةَ فَوَضَعَ يَدَهُ عَلَى مَنْكِبِي، فَانْطَلَقْتُ مَعَهُ إِلَى سَعْدٍ فَقَالَ أَبُو رَافِعٍ لِلْمِسْوَرِ أَلاَ تَأْمُرُ هَذَا أَنْ يَشْتَرِيَ مِنِّي بَيْتِي الَّذِي فِي دَارِي‏.‏ فَقَالَ لاَ أَزِيدُهُ عَلَى أَرْبَعِمِائَةٍ، إِمَّا مُقَطَّعَةٍ وَإِمَّا مُنَجَّمَةٍ‏.‏ قَالَ أُعْطِيتُ خَمْسَمِائَةٍ نَقْدًا، فَمَنَعْتُهُ، وَلَوْلاَ أَنِّي سَمِعْتُ النَّبِيَّ صلى الله عليه وسلم يَقُولُ ‏\n\"‏ الْجَارُ أَحَقُّ بِصَقَبِهِ ‏\"‏‏.‏ مَا بِعْتُكَهُ أَوْ قَالَ مَا أَعْطَيْتُكَهُ‏.‏ قُلْتُ لِسُفْيَانَ إِنَّ مَعْمَرًا لَمْ يَقُلْ هَكَذَا‏.‏ قَالَ لَكِنَّهُ قَالَ لِي هَكَذَا‏.‏ وَقَالَ بَعْضُ النَّاسِ إِذَا أَرَادَ أَنْ يَبِيعَ الشُّفْعَةَ فَلَهُ أَنْ يَحْتَالَ حَتَّى يُبْطِلَ الشُّفْعَةَ فَيَهَبُ الْبَائِعُ لِلْمُشْتَرِي الدَّارَ، وَيَحُدُّهَا وَيَدْفَعُهَا إِلَيْهِ، وَيُعَوِّضُهُ الْمُشْتَرِي أَلْفَ دِرْهَمٍ، فَلاَ يَكُونُ لِلشَّفِيعِ فِيهَا شُفْعَةٌ‏.‏",
      "english": {
        "narrator": "Narrated 'Amr bin Ash-Sharid:",
        "text": "Al-Miswar bin Makhrama came and put his hand on my shoulder and I \n     accompanied him to Sa'd. Abu Rafi' said to Al-Miswar, \"Won't you order\n     this (i.e. Sa'd) to buy my house which is in my yard?\" Sa'd said, \"I \n     will not offer more than four hundred in installments over a fixed \n     period.\" Abu Rafi said, \"I was offered five hundred cash but I \n     refused. Had I not heard the Prophet (ﷺ) saying, 'A neighbor is more \n     entitled to receive the care of his neighbor,' I would not have sold \n     it to you.\" The narrator said, to Sufyan: Ma'mar did not say so. \n     Sufyan said, \"But he did say so to me.\" Some people said, \"If someone \n     wants to sell a house and deprived somebody of the right of \n     preemption, he has the right to play a trick to render the preemption \n     invalid. And that is by giving the house to the buyer as a present and\n     marking its boundaries and giving it to him. The buyer then gives the \n     seller one-thousand Dirham as compensation in which case the preemptor\n     loses his right of preemption.\""
      },
      "turkish": {
        "narrator": "Narrated 'Amr bin Ash-Sharid:",
        "text": "Cabir bin Abdullah'dan rivayet edilmiştir: Peygamber (ﷺ) öncelik hakkının, ilgili gayrimenkulün bölünmediği tüm durumlarda geçerli olduğunu hükmetmiştir; ancak sınırlar belirlenip yollar açıldığında, öncelik hakkı yoktur. Bir adam, \"Öncelik hakkı sadece komşuya aittir.\" dedi ve onayladığı şeyi geçersiz kıldı. O, \"Eğer biri bir evi satın almak isterse ve evin komşusunun öncelik hakkı ile satın alabileceğinden korkuyorsa, evin yüzde birini alır ve sonra evin geri kalanını satın alırsa, komşunun yalnızca ilk pay için öncelik hakkı olur, geri kalan ev için değil; ve alıcı bu durumda böyle bir hile yapabilir.\" dedi."
      }
    },
    {
      "id": 25,
      "idInBook": 25,
      "chapterId": 90,
      "bookId": 1,
      "arabic": "حَدَّثَنَا مُحَمَّدُ بْنُ يُوسُفَ، حَدَّثَنَا سُفْيَانُ، عَنْ إِبْرَاهِيمَ بْنِ مَيْسَرَةَ، عَنْ عَمْرِو بْنِ الشَّرِيدِ، عَنْ أَبِي رَافِعٍ، أَنَّ سَعْدًا، سَاوَمَهُ بَيْتًا بِأَرْبَعِمِائَةِ مِثْقَالٍ فَقَالَ لَوْلاَ أَنِّي سَمِعْتُ رَسُولَ اللَّهِ صلى الله عليه وسلم يَقُولُ ‏\n\"‏ الْجَارُ أَحَقُّ بِصَقَبِهِ ‏\"‏‏.‏ لَمَا أَعْطَيْتُكَ‏.‏ وَقَالَ بَعْضُ النَّاسِ إِنِ اشْتَرَى نَصِيبَ دَارٍ، فَأَرَادَ أَنْ يُبْطِلَ الشُّفْعَةَ، وَهَبَ لاِبْنِهِ الصَّغِيرِ وَلاَ يَكُونُ عَلَيْهِ يَمِينٌ‏.‏",
      "english": {
        "narrator": "Narrated 'Amr bin Ash-Sharid:",
        "text": "Abu Rafi' said that Sa'd offered him \n     four hundred Mithqal of gold for a house. Abu Rafi ' said, \"If I had \n     not heard Allah's Messenger (ﷺ) saying, 'A neighbor has more right to be \n     taken care of by his neighbor,' then I would not have given it to \n     you.\" Some people said, \"If one has bought a portion of a house and \n     wants to cancel the right of preemption, he may give it as a present \n     to his little son and he will not be obliged to take an oath.\""
      },
      "turkish": {
        "narrator": "Narrated 'Amr bin Ash-Sharid:",
        "text": "Amr bin Ash-Sharid'den rivayet edilmiştir: Al-Miswar bin Makhrama geldi ve omzuma elini koydu ve onu Sa'd'a götürdüm. Ebu Rafi' Al-Miswar'a, \"Bu (yani Sa'd) benim bahçemdeki evimi satın almasını istemez misin?\" dedi. Sa'd, \"Ben taksitle sabit bir süre içinde dört yüzden fazlasını teklif etmeyeceğim.\" dedi. Ebu Rafi, \"Bana beş yüz nakit teklif edildi ama ben reddettim. Eğer Allah'ın Elçisinin (ﷺ) 'Bir komşu, komşusunun bakımına daha çok hak sahibidir.' dediğini duymamış olsaydım, sana satmazdım.\" dedi. Rivayet eden, Sufyan'a: Ma'mar böyle demedi. Sufyan, \"Ama o bana böyle dedi.\" dedi. Bazı insanlar, \"Eğer biri bir evi satmak isterse ve birinin öncelik hakkından mahrum kalmasını sağlarsa, öncelik hakkını geçersiz kılmak için bir hile yapma hakkına sahiptir. Ve bu, evi alıcıya hediye etmek ve sınırlarını belirleyip ona vermekle olur. Alıcı daha sonra satıcıya bin dirhem tazminat verir, bu durumda öncelik hakkı kaybolur.\" dediler."
      }
    },
    {
      "id": 26,
      "idInBook": 26,
      "chapterId": 90,
      "bookId": 1,
      "arabic": "حَدَّثَنَا عُبَيْدُ بْنُ إِسْمَاعِيلَ، حَدَّثَنَا أَبُو أُسَامَةَ، عَنْ هِشَامٍ، عَنْ أَبِيهِ، عَنْ أَبِي حُمَيْدٍ السَّاعِدِيِّ، قَالَ اسْتَعْمَلَ رَسُولُ اللَّهِ صلى الله عليه وسلم رَجُلاً عَلَى صَدَقَاتِ بَنِي سُلَيْمٍ يُدْعَى ابْنَ اللُّتَبِيَّةِ، فَلَمَّا جَاءَ حَاسَبَهُ قَالَ هَذَا مَالُكُمْ وَهَذَا هَدِيَّةٌ‏.‏ فَقَالَ رَسُولُ اللَّهِ صلى الله عليه وسلم ‏\"‏ فَهَلاَّ جَلَسْتَ فِي بَيْتِ أَبِيكَ وَأُمِّكَ، حَتَّى تَأْتِيَكَ هَدِيَّتُكَ إِنْ كُنْتَ صَادِقًا ‏\"‏‏.‏ ثُمَّ خَطَبَنَا فَحَمِدَ اللَّهَ وَأَثْنَى عَلَيْهِ ثُمَّ قَالَ ‏\"‏ أَمَّا بَعْدُ، فَإِنِّي أَسْتَعْمِلُ الرَّجُلَ مِنْكُمْ عَلَى الْعَمَلِ مِمَّا وَلاَّنِي اللَّهُ، فَيَأْتِي فَيَقُولُ هَذَا مَالُكُمْ وَهَذَا هَدِيَّةٌ أُهْدِيَتْ لِي‏.‏ أَفَلاَ جَلَسَ فِي بَيْتِ أَبِيهِ وَأُمِّهِ حَتَّى تَأْتِيَهُ هَدِيَّتُهُ، وَاللَّهِ لاَ يَأْخُذُ أَحَدٌ مِنْكُمْ شَيْئًا بِغَيْرِ حَقِّهِ، إِلاَّ لَقِيَ اللَّهَ يَحْمِلُهُ يَوْمَ الْقِيَامَةِ، فَلأَعْرِفَنَّ أَحَدًا مِنْكُمْ لَقِيَ اللَّهَ يَحْمِلُ بَعِيرًا لَهُ رُغَاءٌ، أَوْ بَقَرَةً لَهَا خُوَارٌ، أَوْ شَاةً تَيْعَرُ ‏\"‏‏.‏ ثُمَّ رَفَعَ يَدَهُ حَتَّى رُئِيَ بَيَاضُ إِبْطِهِ يَقُولُ ‏\"‏ اللَّهُمَّ هَلْ بَلَّغْتُ ‏\"‏‏.‏ بَصْرَ عَيْنِي وَسَمْعَ أُذُنِي‏.‏",
      "english": {
        "narrator": "Narrated Abu Humaid As-Sa`idi:",
        "text": "Allah's Messenger (ﷺ) appointed a man called Ibn Al-Lutabiyya to collect the Zakat from Bani Sulaim's \ntribe. When he returned, the Prophet (ﷺ) called him to account. He said (to the Prophet, 'This is your \nmoney, and this has been given to me as a gift.\" On that, Allah's Messenger (ﷺ) said, \"Why didn't you stay in \nyour father's and mother's house to see whether you will be given gifts or not if you are telling the \ntruth?\" Then the Prophet (ﷺ) addressed us, and after praising and glorifying Allah, he said: \"Amma \nBa'du\", I employ a man from among you to manage some affair of what Allah has put under my \ncustody, and then he comes to me and says, 'This is your money and this has been given to me as a \ngift. Why didn't he stay in his father's and mother's home to see whether he will be given gifts or not? \nBy Allah, not anyone of you takes a thing unlawfully but he will meet Allah on the Day of \nResurrection, carrying that thing. I do not want to see any of you carrying a grunting camel or a \nmooing cow or a bleating sheep on meeting Allah.\" Then the Prophet (ﷺ) raised both his hands till the \nwhiteness of his armpits became visible, and he said, \"O Allah! Haven't I have conveyed (Your \nMessage)?\" The narrator added: My eyes witnessed and my ears heard (that Hadith)."
      },
      "turkish": {
        "narrator": "Narrated Abu Humaid As-Sa`idi:",
        "text": "Amr bin Ash-Sharid'den rivayet edilmiştir: Ebu Rafi' Sa'd'a bir ev için dört yüz Mithkal altın teklif etti. Ebu Rafi' dedi ki: \"Eğer Allah'ın Elçisinin (ﷺ) 'Bir komşu, komşusunun bakımına daha çok hak sahibidir.' dediğini duymamış olsaydım, sana vermezdim.\" Bazı insanlar, \"Eğer biri bir evin bir kısmını satın almışsa ve öncelik hakkını iptal etmek istiyorsa, onu küçük oğluna hediye edebilir ve yemin etmek zorunda kalmaz.\" dediler."
      }
    },
    {
      "id": 27,
      "idInBook": 27,
      "chapterId": 90,
      "bookId": 1,
      "arabic": "حَدَّثَنَا أَبُو نُعَيْمٍ، حَدَّثَنَا سُفْيَانُ، عَنْ إِبْرَاهِيمَ بْنِ مَيْسَرَةَ، عَنْ عَمْرِو بْنِ الشَّرِيدِ، عَنْ أَبِي رَافِعٍ، قَالَ قَالَ النَّبِيُّ صلى الله عليه وسلم ‏\"‏ الْجَارُ أَحَقُّ بِصَقَبِهِ ‏\"‏‏.‏ وَقَالَ بَعْضُ النَّاسِ إِنِ اشْتَرَى دَارًا بِعِشْرِينَ أَلْفَ دِرْهَمٍ، فَلاَ بَأْسَ أَنْ يَحْتَالَ حَتَّى يَشْتَرِيَ الدَّارَ بِعِشْرِينَ أَلْفَ دِرْهَمٍ، وَيَنْقُدَهُ تِسْعَةَ آلاَفِ دِرْهَمٍ وَتِسْعَمِائَةَ دِرْهَمٍ وَتِسْعَةً وَتِسْعِينَ، وَيَنْقُدَهُ دِينَارًا بِمَا بَقِيَ مِنَ الْعِشْرِينَ الأَلْفَ، فَإِنْ طَلَبَ الشَّفِيعُ أَخَذَهَا بِعِشْرِينَ أَلْفَ دِرْهَمٍ، وَإِلاَّ فَلاَ سَبِيلَ لَهُ عَلَى الدَّارِ، فَإِنِ اسْتُحِقَّتِ الدَّارُ، رَجَعَ الْمُشْتَرِي عَلَى الْبَائِعِ بِمَا دَفَعَ إِلَيْهِ، وَهْوَ تِسْعَةُ آلاَفِ دِرْهَمٍ وَتِسْعُمِائَةٍ وَتِسْعَةٌ وَتِسْعُونَ دِرْهَمًا وَدِينَارٌ، لأَنَّ الْبَيْعَ حِينَ اسْتُحِقَّ انْتَقَضَ الصَّرْفُ فِي الدِّينَارِ، فَإِنْ وَجَدَ بِهَذِهِ الدَّارِ عَيْبًا وَلَمْ تُسْتَحَقَّ، فَإِنَّهُ يَرُدُّهَا عَلَيْهِ بِعِشْرِينَ أَلْفَ دِرْهَمٍ‏.‏ قَالَ فَأَجَازَ هَذَا الْخِدَاعَ بَيْنَ الْمُسْلِمِينَ وَقَالَ النَّبِيُّ صلى الله عليه وسلم ‏\"‏ لاَ دَاءَ وَلاَ خِبْثَةَ وَلاَ غَائِلَةَ ‏\"‏‏.‏",
      "english": {
        "narrator": "Narrated Abu Rafi`:",
        "text": "The Prophet (ﷺ) said, \"The neighbor has more right to be taken care of by his neighbor (than anyone \nelse).\" Some men said, \"If one wants to buy a house for 20,000 Dirhams then there is no harm to play \na trick to deprive somebody of preemption by buying it (just on paper) with 20,000 Dirhams but \npaying to the seller only 9,999 Dirhams in cash and then agree with the seller to pay only one Dinar in \ncash for the rest of the price (i.e. 10,001 Dirhams). If the preemptor offers 20,000 Dirhams for the \nhouse, he can buy it otherwise he has no right to buy it (by this trick he got out of preemption). If the \nhouse proves to belong to somebody else other than the seller, the buyer should take back from the \nseller what he has paid, i.e., 9,999 Dirhams and one Dinar, because if the house proves to belong to \nsomebody else, so the whole bargain (deal) is unlawful. If the buyer finds a defect in the house and it \ndoes not belong to somebody other than the seller, the buyer may return it and receive 20,000 Dirhams \n(instead of 9999 Dirham plus one Dinar) which he actually paid.' Abu `Abdullah said, \"So that man \nallows (some people) the playing of tricks amongst the Muslims (although) the Prophet (ﷺ) said, 'In \ndealing with Muslims one should not sell them sick (animals) or bad things or stolen things.\""
      },
      "turkish": {
        "narrator": "Narrated Abu Rafi`:",
        "text": "Ebu Humaid Es-Sa'idi'den rivayet edilmiştir: Allah'ın Elçisi (ﷺ) Beni Sulaim kabilesinden Zekat toplamak için İbn Al-Lutabiyya adında bir adam atadı. O geri döndüğünde, Peygamber (ﷺ) onu hesaba çekti. O, Peygambere, \"Bu senin paran, bu da bana hediye olarak verilmiştir.\" dedi. Bunun üzerine Allah'ın Elçisi (ﷺ) dedi ki: \"Eğer doğru söylüyorsan, neden hediye alıp almayacağını görmek için babanın ve annenin evinde kalmadın?\" Sonra Peygamber (ﷺ) bize hitap etti ve Allah'ı övdükten sonra şöyle dedi: \"Amma Ba'du, sizden birini Allah'ın benim gözetimimdeki bir işini yönetmesi için istihdam ediyorum, sonra o bana geliyor ve 'Bu senin paran, bu da bana hediye olarak verilmiştir.' diyor. Neden babasının ve annesinin evinde kalıp hediye alıp almayacağını görmedi? Vallahi, sizden hiç kimse bir şeyi haksız yere almaz ki, o şeyle Kıyamet Günü Allah ile karşılaşmasın. Ben, sizden hiç kimsenin Allah ile karşılaştığında bir homurdanan deve veya bir meleyen inek veya bir meleğin koyununu taşımasını istemiyorum.\" Sonra Peygamber (ﷺ) iki elini kaldırdı ve koltuk altlarının beyazlığı görünür hale geldi ve dedi ki: \"Ey Allah! Ben (Mesajını) iletmedim mi?\" Rivayet eden ekledi: Gözlerim şahit oldu ve kulaklarım duydu (bu Hadisi)."
      }
    },
    {
      "id": 28,
      "idInBook": 28,
      "chapterId": 90,
      "bookId": 1,
      "arabic": "حَدَّثَنَا مُسَدَّدٌ، حَدَّثَنَا يَحْيَى، عَنْ سُفْيَانَ، قَالَ حَدَّثَنِي إِبْرَاهِيمُ بْنُ مَيْسَرَةَ، عَنْ عَمْرِو بْنِ الشَّرِيدِ، أَنَّ أَبَا رَافِعٍ، سَاوَمَ سَعْدَ بْنَ مَالِكٍ بَيْتًا بِأَرْبَعِمِائَةِ مِثْقَالٍ وَقَالَ لَوْلاَ أَنِّي سَمِعْتُ النَّبِيَّ صلى الله عليه وسلم يَقُولُ ‏\n\"‏ الْجَارُ أَحَقُّ بِصَقَبِهِ ‏\"‏‏.‏ مَا أَعْطَيْتُكَ‏.‏",
      "english": {
        "narrator": "Narrated `Amr bin Ash-Sharid:",
        "text": "Abu Rafi` sold a house to Sa`d bin Malik for four-hundred Mithqal of gold, and said, \"If I had not \nheard the Prophet (ﷺ) saying, 'The neighbor has more right to be taken care of by his neighbor (than \nanyone else),' then I would not have sold it to you.\""
      },
      "turkish": {
        "narrator": "Narrated `Amr bin Ash-Sharid:",
        "text": "Ebu Rafi'den rivayet edilmiştir: Peygamber (ﷺ) şöyle dedi: \"Komşu, komşusunun bakımına daha çok hak sahibidir (başkalarından daha fazla).\" Bazı adamlar, \"Eğer biri bir evi 20,000 dirheme satın almak isterse, o zaman öncelik hakkından mahrum etmek için bir hile yapmanın zararı yoktur; evi (sadece kağıt üzerinde) 20,000 dirheme satın alıp, satıcıya yalnızca 9,999 dirhem nakit ödeyip, sonra satıcıyla geri kalan fiyat için yalnızca bir dinar nakit ödemek üzere anlaşırsa (yani 10,001 dirhem). Eğer öncelik hakkına sahip olan kişi evi 20,000 dirheme teklif ederse, onu satın alabilir, aksi takdirde onu satın alma hakkı yoktur (bu hile ile öncelik hakkından kurtulmuştur). Eğer ev, satıcıdan başka birine ait olduğu kanıtlanırsa, alıcı satıcıdan ödediği 9,999 dirhemi ve bir dinarı geri almalıdır, çünkü evin başka birine ait olduğu kanıtlanırsa, tüm pazarlık (anlaşma) yasadışı olur. Eğer alıcı evde bir kusur bulursa ve ev, satıcıdan başka birine ait değilse, alıcı evi iade edebilir ve 20,000 dirhem (9,999 dirhem artı bir dinar yerine) alabilir.\" Ebu Abdullah dedi ki: \"Bu adam, Müslümanlar arasında hile yapmaya izin veriyor (oysa) Peygamber (ﷺ) 'Müslümanlarla işlem yaparken onlara hasta (hayvanlar) veya kötü şeyler veya çalınmış şeyler satmamalıdır.' dedi.\""
      }
    }
  ],
  "chapter": {
    "id": 90,
    "bookId": 1,
    "arabic": "كتاب الحيل",
    "english": "Tricks"
  }
}