{
  "metadata": {
    "length": 20,
    "arabic": {
      "title": "صحيح البخاري",
      "author": "الإمام محمد بن إسماعيل البخاري",
      "introduction": "كتاب التمنى"
    },
    "english": {
      "title": "Sahih al-Bukhari",
      "author": "Imam Muhammad ibn Ismail al-Bukhari",
      "introduction": "Wishes"
    }
  },
  "hadiths": [
    {
      "id": 1,
      "idInBook": 1,
      "chapterId": 94,
      "bookId": 1,
      "arabic": "حَدَّثَنَا سَعِيدُ بْنُ عُفَيْرٍ، حَدَّثَنِي اللَّيْثُ، حَدَّثَنِي عَبْدُ الرَّحْمَنِ بْنُ خَالِدٍ، عَنِ ابْنِ شِهَابٍ، عَنْ أَبِي سَلَمَةَ، وَسَعِيدِ بْنِ الْمُسَيَّبِ، أَنَّ أَبَا هُرَيْرَةَ، قَالَ سَمِعْتُ رَسُولَ اللَّهِ صلى الله عليه وسلم يَقُولُ ‏\n\"‏ وَالَّذِي نَفْسِي بِيَدِهِ لَوْلاَ أَنَّ رِجَالاً يَكْرَهُونَ أَنْ يَتَخَلَّفُوا بَعْدِي وَلاَ أَجِدُ مَا أَحْمِلُهُمْ مَا تَخَلَّفْتُ، لَوَدِدْتُ أَنِّي أُقْتَلُ فِي سَبِيلِ اللَّهِ، ثُمَّ أُحْيَا ثُمَّ أُقْتَلُ، ثُمَّ أُحْيَا ثُمَّ أُقْتَلُ، ثُمَّ أُحْيَا ثُمَّ أُقْتَلُ ‏\"‏‏.‏",
      "english": {
        "narrator": "Narrated Abu Huraira:",
        "text": "I heard Allah's Messenger (ﷺ) saying, \"By Him in Whose Hands my life is! Were it not for some men who \ndislike to be left behind and for whom I do not have means of conveyance, I would not stay away \n(from any Holy Battle). I would love to be martyred in Allah's Cause and come to life and then get, \nmartyred and then come to life and then get martyred and then get resurrected and then get martyred."
      },
      "turkish": {
        "narrator": "Narrated Abu Huraira:",
        "text": "Abu Huraira'dan rivayet edilmiştir: Allah'ın Messenger'ını (ﷺ) şöyle derken duydum: \"Canımın elinde olduğu Allah'a yemin ederim! Eğer bazı adamlar geride kalmayı istemeseydi ve benim onlara taşıma aracı sağlamam mümkün olmasaydı, hiçbir Kutsal Savaş'tan geri durmazdım. Allah yolunda şehit olmayı, dirilmeyi, sonra tekrar şehit olmayı, sonra tekrar dirilmeyi, sonra tekrar şehit olmayı ve sonra dirilmeyi çok isterdim.\""
      }
    },
    {
      "id": 2,
      "idInBook": 2,
      "chapterId": 94,
      "bookId": 1,
      "arabic": "حَدَّثَنَا عَبْدُ اللَّهِ بْنُ يُوسُفَ، أَخْبَرَنَا مَالِكٌ، عَنْ أَبِي الزِّنَادِ، عَنِ الأَعْرَجِ، عَنْ أَبِي هُرَيْرَةَ، أَنَّ رَسُولَ اللَّهِ صلى الله عليه وسلم قَالَ ‏\n\"‏ وَالَّذِي نَفْسِي بِيَدِهِ وَدِدْتُ أَنِّي لأُقَاتِلُ فِي سَبِيلِ اللَّهِ فَأُقْتَلُ ثُمَّ أُحْيَا ثُمَّ أُقْتَلُ، ثُمَّ أُحْيَا، ثُمَّ أُقْتَلُ، ثُمَّ أُحْيَا، ثُمَّ أُقْتَلُ، ثُمَّ أُحْيَا ‏\"‏‏.‏ فَكَانَ أَبُو هُرَيْرَةَ يَقُولُهُنَّ ثَلاَثًا أَشْهَدُ بِاللَّهِ‏.‏",
      "english": {
        "narrator": "Narrated Al-A'raj:",
        "text": "Abu Huraira said, Allah's Messenger (ﷺ) said, \"By Him in Whose Hand my life is, I would love to fight in \nAllah's Cause and then get martyred and then resurrected (come to life) and then get martyred and \nthen resurrected (come to life) and then get martyred, and then resurrected (come to life) and then get \nmartyred and then resurrected (come to life).\" Abu Huraira used to repeat those words three times and \nI testify to it with Allah's Oath."
      },
      "turkish": {
        "narrator": "Narrated Al-A'raj:",
        "text": "Al-A'raj'dan rivayet edilmiştir: Abu Huraira şöyle dedi, Allah'ın Messenger'ı (ﷺ) şöyle dedi: \"Canımın elinde olduğu Allah'a yemin ederim, Allah yolunda savaşmayı, sonra şehit olmayı, sonra dirilmeyi (hayata dönmeyi), sonra tekrar şehit olmayı, sonra tekrar dirilmeyi, sonra tekrar şehit olmayı ve sonra tekrar dirilmeyi çok isterim.\" Abu Huraira bu sözleri üç kez tekrar ederdi ve ben buna Allah'ın yeminine şahidim."
      }
    },
    {
      "id": 3,
      "idInBook": 3,
      "chapterId": 94,
      "bookId": 1,
      "arabic": "حَدَّثَنَا إِسْحَاقُ بْنُ نَصْرٍ، حَدَّثَنَا عَبْدُ الرَّزَّاقِ، عَنْ مَعْمَرٍ، عَنْ هَمَّامٍ، سَمِعَ أَبَا هُرَيْرَةَ، عَنِ النَّبِيِّ صلى الله عليه وسلم قَالَ ‏\n\"‏ لَوْ كَانَ عِنْدِي أُحُدٌ ذَهَبًا، لأَحْبَبْتُ أَنْ لاَ يَأْتِيَ ثَلاَثٌ وَعِنْدِي مِنْهُ دِينَارٌ، لَيْسَ شَىْءٌ أُرْصِدُهُ فِي دَيْنٍ عَلَىَّ أَجِدُ مَنْ يَقْبَلُهُ ‏\"‏‏.‏",
      "english": {
        "narrator": "Narrated Abu Huraira:",
        "text": "The Prophet (ﷺ) said, \"If I had gold equal to the mountain of Uhud, I would love that, before three days \nhad passed, not a single Dinar thereof remained with me if I found somebody to accept it excluding \nsome amount that I would keep for the payment of my debts.''"
      },
      "turkish": {
        "narrator": "Narrated Abu Huraira:",
        "text": "Abu Huraira'dan rivayet edilmiştir: Peygamber (ﷺ) şöyle dedi: \"Eğer Uhud Dağı kadar altınım olsaydı, üç gün geçmeden elimde bir Dinar bile kalmasını istemezdim, eğer onu kabul edecek birini bulsaydım, borçlarım için tutacağım bir miktar hariç.\""
      }
    },
    {
      "id": 4,
      "idInBook": 4,
      "chapterId": 94,
      "bookId": 1,
      "arabic": "حَدَّثَنَا يَحْيَى بْنُ بُكَيْرٍ، حَدَّثَنَا اللَّيْثُ، عَنْ عُقَيْلٍ، عَنِ ابْنِ شِهَابٍ، حَدَّثَنِي عُرْوَةُ، أَنَّ عَائِشَةَ، قَالَتْ قَالَ رَسُولُ اللَّهِ صلى الله عليه وسلم ‏\n\"‏ لَوِ اسْتَقْبَلْتُ مِنْ أَمْرِي مَا اسْتَدْبَرْتُ مَا سُقْتُ الْهَدْىَ، وَلَحَلَلْتُ مَعَ النَّاسِ حِينَ حَلُّوا ‏\"‏‏.‏",
      "english": {
        "narrator": "Narrated `Aisha:",
        "text": "Allah's Messenger (ﷺ) said, \"If I had formerly known what I came to know recently, I would not have driven the \nHadi with me and would have finished the state of Ihram along with the people when they finished it.\""
      },
      "turkish": {
        "narrator": "Narrated `Aisha:",
        "text": "Aişe'den rivayet edilmiştir: Allah'ın Messenger'ı (ﷺ) şöyle dedi: \"Eğer önceden, sonradan öğrendiğim şeyi bilseydim, benimle Hadiyi getirmezdim ve insanlar ihramdan çıktıklarında ben de onlarla birlikte ihramdan çıkardım.\""
      }
    },
    {
      "id": 5,
      "idInBook": 5,
      "chapterId": 94,
      "bookId": 1,
      "arabic": "حَدَّثَنَا الْحَسَنُ بْنُ عُمَرَ، حَدَّثَنَا يَزِيدُ، عَنْ حَبِيبٍ، عَنْ عَطَاءٍ، عَنْ جَابِرِ بْنِ عَبْدِ اللَّهِ، قَالَ كُنَّا مَعَ رَسُولِ اللَّهِ صلى الله عليه وسلم فَلَبَّيْنَا بِالْحَجِّ وَقَدِمْنَا مَكَّةَ لأَرْبَعٍ خَلَوْنَ مِنْ ذِي الْحِجَّةِ، فَأَمَرَنَا النَّبِيُّ صلى الله عليه وسلم أَنْ نَطُوفَ بِالْبَيْتِ وَبِالصَّفَا وَالْمَرْوَةِ، وَأَنْ نَجْعَلَهَا عُمْرَةً وَلْنَحِلَّ، إِلاَّ مَنْ كَانَ مَعَهُ هَدْىٌ قَالَ وَلَمْ يَكُنْ مَعَ أَحَدٍ مِنَّا هَدْىٌ غَيْرَ النَّبِيِّ صلى الله عليه وسلم وَطَلْحَةَ، وَجَاءَ عَلِيٌّ مِنَ الْيَمَنِ مَعَهُ الْهَدْىُ فَقَالَ أَهْلَلْتُ بِمَا أَهَلَّ بِهِ رَسُولُ اللَّهِ صلى الله عليه وسلم فَقَالُوا نَنْطَلِقُ إِلَى مِنًى وَذَكَرُ أَحَدِنَا يَقْطُرُ قَالَ رَسُولُ اللَّهِ صلى الله عليه وسلم ‏\"‏ إِنِّي لَوِ اسْتَقْبَلْتُ مِنْ أَمْرِي مَا اسْتَدْبَرْتُ مَا أَهْدَيْتُ، وَلَوْلاَ أَنَّ مَعِي الْهَدْىَ لَحَلَلْتُ ‏\"‏‏.‏ قَالَ وَلَقِيَهُ سُرَاقَةُ وَهْوَ يَرْمِي جَمْرَةَ الْعَقَبَةِ فَقَالَ يَا رَسُولَ اللَّهِ أَلَنَا هَذِهِ خَاصَّةً قَالَ ‏\"‏ لاَ بَلْ لأَبَدٍ ‏\"‏‏.‏ قَالَ وَكَانَتْ عَائِشَةُ قَدِمَتْ مَكَّةَ وَهْىَ حَائِضٌ، فَأَمَرَهَا النَّبِيُّ صلى الله عليه وسلم أَنْ تَنْسُكَ الْمَنَاسِكَ كُلَّهَا، غَيْرَ أَنَّهَا لاَ تَطُوفُ وَلاَ تُصَلِّي حَتَّى تَطْهُرَ، فَلَمَّا نَزَلُوا الْبَطْحَاءَ قَالَتْ عَائِشَةُ يَا رَسُولَ اللَّهِ أَتَنْطَلِقُونَ بِحَجَّةٍ وَعُمْرَةٍ وَأَنْطَلِقُ بِحَجَّةٍ‏.‏ قَالَ ثُمَّ أَمَرَ عَبْدَ الرَّحْمَنِ بْنَ أَبِي بَكْرٍ الصِّدِّيقِ أَنْ يَنْطَلِقَ مَعَهَا إِلَى التَّنْعِيمِ، فَاعْتَمَرَتْ عُمْرَةً فِي ذِي الْحَجَّةِ بَعْدَ أَيَّامِ الْحَجِّ‏.‏",
      "english": {
        "narrator": "Narrated Jabir bin `Abdullah:",
        "text": "We were in the company of Allah's Messenger (ﷺ) and we assumed the state of Ihram of Hajj and arrived at \nMecca on the fourth of Dhul-Hijja. The Prophet (ﷺ) ordered us to perform the Tawaf around the Ka`ba \nand (Sa`i) between As-Safa and Al-Marwa and use our lhram just for `Umra, and finish the state of \nIhram unless we had our Hadi with us. None of us had the Hadi with him except the Prophet (ﷺ) and \nTalha. `Ali came from Yemen and brought the Hadi with him. `Ali said, 'I had assumed the state of \nIhram with the same intention as that with which Allah's Messenger (ﷺ) had assumed it. The people said, \n\"How can we proceed to Mina and our male organs are dribbling?\" Allah's Messenger (ﷺ) said, \"If I had \nformerly known what I came to know latterly, I would not have brought the Hadi, and had there been \nno Hadi with me, I would have finished my Ihram.\" Suraqa (bin Malik) met the Prophet (ﷺ) while he was \nthrowing pebbles at the Jamrat-Al-`Aqaba, and asked, \"O Allah's Messenger (ﷺ)! Is this (permitted) for us \nonly?\" The Prophet (ﷺ) replied. \"No, it is forever\" `Aisha had arrived at Mecca while she was \nmenstruating, therefore the Prophet (ﷺ) ordered her to perform all the ceremonies of Hajj except the \nTawaf around the Ka`ba, and not to perform her prayers unless and until she became clean . When \nthey encamped at Al-Batha, `Aisha said, \"O Allah's Messenger (ﷺ)! You are proceeding after performing \nboth Hajj and `Umra while I am proceeding with Hajj only?\" So the Prophet (ﷺ) ordered `Abdur-Rahman \nbin Abu Bakr As-Siddiq to go with her to at-Tan`im, and so she performed the `Umra in Dhul-Hijja \nafter the days of the Hajj."
      },
      "turkish": {
        "narrator": "Narrated Jabir bin `Abdullah:",
        "text": "Cabir bin Abdullah'dan rivayet edilmiştir: Biz Allah'ın Messenger'ı (ﷺ) ile birlikteydik ve Hac ihramına girdik ve Dhu'l-Hijja'nın dördüncü günü Mekke'ye vardık. Peygamber (ﷺ) bize Kabe'nin etrafında tavaf yapmamızı ve As-Safa ile Al-Marwa arasında Sa'y yapmamızı emretti ve ihramı sadece Umre için kullanmamızı ve Hadi ile birlikte olmadığımız sürece ihramdan çıkmamızı söyledi. Aramızda Hadi ile birlikte olan tek kişi Peygamber (ﷺ) ve Talha idi. Ali Yemen'den geldi ve Hadiyi getirdi. Ali dedi ki: 'Ben, Allah'ın Messenger'ı (ﷺ) ile aynı niyetle ihrama girdim.' İnsanlar dediler ki, \"Mina'ya nasıl gidebiliriz, erkek organlarımız sarkıyor?\" Allah'ın Messenger'ı (ﷺ) dedi ki: \"Eğer önceden, sonradan öğrendiğim şeyi bilseydim, Hadiyi getirmezdim ve eğer yanımda Hadi olmasaydı, ihramımı bitirirdim.\" Suraqa (bin Malik), Peygamber (ﷺ) ile Jamrat-Al-Aqaba'ya taş atarken karşılaştı ve sordu: \"Ey Allah'ın Messenger'ı (ﷺ)! Bu sadece bizim için mi?\" Peygamber (ﷺ) cevap verdi: \"Hayır, bu sonsuza dek.\" Aişe, Mekke'ye adetliyken geldi, bu yüzden Peygamber (ﷺ) ona Kabe'nin etrafında tavaf yapmaktan başka Hac'ın tüm ritüellerini yapmasını emretti ve temizlenene kadar namaz kılmamasını söyledi. Al-Batha'da kamp kurduklarında, Aişe dedi ki: \"Ey Allah'ın Messenger'ı (ﷺ)! Sen hem Hac hem de Umre yaparak gidiyorsun, ben sadece Hac ile mi gidiyorum?\" Bunun üzerine Peygamber (ﷺ) Abdurrahman bin Ebu Bekir Es-Sıddık'ı onunla birlikte at-Tan'im'e göndermesini emretti, böylece o da Hac günlerinden sonra Dhu'l-Hijja'da Umre yaptı."
      }
    },
    {
      "id": 6,
      "idInBook": 6,
      "chapterId": 94,
      "bookId": 1,
      "arabic": "حَدَّثَنَا خَالِدُ بْنُ مَخْلَدٍ، حَدَّثَنَا سُلَيْمَانُ بْنُ بِلاَلٍ، حَدَّثَنِي يَحْيَى بْنُ سَعِيدٍ، سَمِعْتُ عَبْدَ اللَّهِ بْنَ عَامِرِ بْنِ رَبِيعَةَ، قَالَ قَالَتْ عَائِشَةُ أَرِقَ النَّبِيُّ صلى الله عليه وسلم ذَاتَ لَيْلَةٍ فَقَالَ ‏\"‏ لَيْتَ رَجُلاً صَالِحًا مِنْ أَصْحَابِي يَحْرُسُنِي اللَّيْلَةَ ‏\"‏‏.‏ إِذْ سَمِعْنَا صَوْتَ السِّلاَحِ قَالَ ‏\"‏ مَنْ هَذَا ‏\"‏‏.‏ قِيلَ سَعْدٌ يَا رَسُولَ اللَّهِ جِئْتُ أَحْرُسُكَ‏.‏ فَنَامَ النَّبِيُّ صلى الله عليه وسلم حَتَّى سَمِعْنَا غَطِيطَهُ‏.‏ قَالَ أَبُو عَبْدِ اللَّهِ وَقَالَتْ عَائِشَةُ قَالَ بِلاَلٌ أَلاَ لَيْتَ شِعْرِي هَلْ أَبِيتَنَّ لَيْلَةً بِوَادٍ وَحَوْلِي إِذْخِرٌ وَجَلِيلُ فَأَخْبَرْتُ النَّبِيَّ صلى الله عليه وسلم‏.‏",
      "english": {
        "narrator": "Narrated Aisha:",
        "text": "One night the Prophet (ﷺ) was unable to sleep and said, \"Would that a righteous man from my \ncompanions guarded me tonight.\" Suddenly we heard the clatter of arms, whereupon the Prophet (ﷺ) said, \n\"Who is it?\" It was said, \"I am Sa`d, O Allah's Messenger (ﷺ)! I have come to guard you.\" The Prophet (ﷺ) then \nslept so soundly that we heard him snoring. Abu `Abdullah said: `Aisha said: Bilal said, \"Would that I \nbut stayed overnight in a valley with Idhkhir and Jalil (two kinds of grass) around me (i.e., in \nMecca).\" Then I told that to the Prophet (ﷺ) ."
      },
      "turkish": {
        "narrator": "Narrated Aisha:",
        "text": "Aişe'den rivayet edilmiştir: Bir gece Peygamber (ﷺ) uyuyamadı ve \"Keşke bu gece beni koruyan salih bir adam olsaydı.\" dedi. Aniden silah sesleri duyduk, bunun üzerine Peygamber (ﷺ) \"Kim o?\" dedi. \"Ben Sa'd'ım, ey Allah'ın Messenger'ı (ﷺ)! Seni korumaya geldim.\" denildi. Peygamber (ﷺ) o kadar derin uyudu ki, horladığını duyduk. Ebu Abdullah dedi ki: Aişe dedi: Bilal dedi ki: \"Keşke ben Mekke'de etrafımda İdhkhir ve Jalil (iki çeşit ot) olan bir vadide kalsaydım.\" Sonra bunu Peygamber (ﷺ)'e söyledim."
      }
    },
    {
      "id": 7,
      "idInBook": 7,
      "chapterId": 94,
      "bookId": 1,
      "arabic": "حَدَّثَنَا عُثْمَانُ بْنُ أَبِي شَيْبَةَ، حَدَّثَنَا جَرِيرٌ، عَنِ الأَعْمَشِ، عَنْ أَبِي صَالِحٍ، عَنْ أَبِي هُرَيْرَةَ، قَالَ قَالَ رَسُولُ اللَّهِ صلى الله عليه وسلم ‏\n\"‏ لاَ تَحَاسُدَ إِلاَّ فِي اثْنَتَيْنِ رَجُلٌ آتَاهُ اللَّهُ الْقُرْآنَ، فَهْوَ يَتْلُوهُ آنَاءَ اللَّيْلِ وَالنَّهَارِ يَقُولُ لَوْ أُوتِيتُ مِثْلَ مَا أُوتِيَ هَذَا لَفَعَلْتُ كَمَا يَفْعَلُ، وَرَجُلٌ آتَاهُ اللَّهُ مَالاً يُنْفِقُهُ فِي حَقِّهِ فَيَقُولُ لَوْ أُوتِيتُ مِثْلَ مَا أُوتِيَ لَفَعَلْتُ كَمَا يَفْعَلُ ‏\"‏‏.‏ \nحَدَّثَنَا قُتَيْبَةُ، حَدَّثَنَا جَرِيرٌ، بِهَذَا‏.‏",
      "english": {
        "narrator": "Narrated Abu Huraira:",
        "text": "Allah's Messenger (ﷺ) said, \"Not to wish to be the like except of two men. A man whom Allah has given the \n(knowledge of the) Qur'an and he recites it during the hours of night and day and the one who wishes \nsays: If I were given the same as this (man) has been given, I would do what he does, and a man \nwhom Allah has given wealth and he spends it in the just and right way, in which case the one who \nwishes says, 'If I were given the same as he has been given, I would do what he does.' \" (See Hadith 5025 and 5026)"
      },
      "turkish": {
        "narrator": "Narrated Abu Huraira:",
        "text": "Abu Huraira'dan rivayet edilmiştir: Allah'ın Messenger'ı (ﷺ) şöyle dedi: \"İki adam dışında hiç kimse gibi olmayı arzu etmemelidir. Allah'ın kendisine Kur'an'ı verdiği ve gece ve gündüz onu okuyan bir adam ve 'Eğer bana bu adamın sahip olduğu verilseydi, ben de onun yaptığını yapardım' diyen bir adam ve Allah'ın kendisine zenginlik verdiği ve onu adil ve doğru bir şekilde harcayan bir adamdır; bu durumda arzu eden kişi der ki: 'Eğer bana onun sahip olduğu verilseydi, ben de onun yaptığını yapardım.'\""
      }
    },
    {
      "id": 8,
      "idInBook": 8,
      "chapterId": 94,
      "bookId": 1,
      "arabic": "حَدَّثَنَا حَسَنُ بْنُ الرَّبِيعِ، حَدَّثَنَا أَبُو الأَحْوَصِ، عَنْ عَاصِمٍ، عَنِ النَّضْرِ بْنِ أَنَسٍ، قَالَ قَالَ أَنَسٌ ـ رضى الله عنه ـ لَوْلاَ أَنِّي سَمِعْتُ النَّبِيَّ صلى الله عليه وسلم يَقُولُ ‏\n\"‏ لاَ تَتَمَنَّوُا الْمَوْتَ ‏\"‏ لَتَمَنَّيْتُ‏.‏",
      "english": {
        "narrator": "Narrated Anas:",
        "text": "If I had not heard the Prophet (ﷺ) saying, \"You should not long for death,\" I would have longed (for it)."
      },
      "turkish": {
        "narrator": "Narrated Anas:",
        "text": "Enes'ten rivayet edilmiştir: Eğer Peygamber (ﷺ)'in \"Ölümü arzulamayın\" dediğini duymamış olsaydım, onu arzulardım."
      }
    },
    {
      "id": 9,
      "idInBook": 9,
      "chapterId": 94,
      "bookId": 1,
      "arabic": "حَدَّثَنَا مُحَمَّدٌ، حَدَّثَنَا عَبْدَةُ، عَنِ ابْنِ أَبِي خَالِدٍ، عَنْ قَيْسٍ، قَالَ أَتَيْنَا خَبَّابَ بْنَ الأَرَتِّ نَعُودُهُ وَقَدِ اكْتَوَى سَبْعًا فَقَالَ لَوْلاَ أَنَّ رَسُولَ اللَّهِ صلى الله عليه وسلم نَهَانَا أَنْ نَدْعُوَ بِالْمَوْتِ لَدَعَوْتُ بِهِ‏.‏",
      "english": {
        "narrator": "Narrated Qais:",
        "text": "We went to pay a visit to Khabbab bin Al-Art and he had got himself branded at seven spots over his \nbody. He said, \"If Allah's Messenger (ﷺ) had not forbidden us to invoke Allah for death, I would have \ninvoked for it.\""
      },
      "turkish": {
        "narrator": "Narrated Qais:",
        "text": "Kays'tan rivayet edilmiştir: Khabbab bin Al-Art'ı ziyaret ettik ve vücudunun yedi yerinde markalar vardı. \"Eğer Allah'ın Messenger'ı (ﷺ) bize ölümü istemeyi yasaklamasaydı, ben onu istemiş olurdum.\" dedi."
      }
    },
    {
      "id": 10,
      "idInBook": 10,
      "chapterId": 94,
      "bookId": 1,
      "arabic": "حَدَّثَنَا عَبْدُ اللَّهِ بْنُ مُحَمَّدٍ، حَدَّثَنَا هِشَامُ بْنُ يُوسُفَ، أَخْبَرَنَا مَعْمَرٌ، عَنِ الزُّهْرِيِّ، عَنْ أَبِي عُبَيْدٍ ـ اسْمُهُ سَعْدُ بْنُ عُبَيْدٍ مَوْلَى عَبْدِ الرَّحْمَنِ بْنِ أَزْهَرَ ـ عَنْ أَبِي هُرَيْرَةَ ـ أَنَّ رَسُولَ اللَّهِ صلى الله عليه وسلم قَالَ ‏\n\"‏ لاَ يَتَمَنَّى أَحَدُكُمُ الْمَوْتَ إِمَّا مُحْسِنًا فَلَعَلَّهُ يَزْدَادُ، وَإِمَّا مُسِيئًا فَلَعَلَّهُ يَسْتَعْتِبُ ‏\"‏‏.‏",
      "english": {
        "narrator": "Narrated Sa`d bin Ubaid:",
        "text": "(the Maula of `Abdur-Rahman bin Azhar) Allah's Messenger (ﷺ) said, \"None of you should long for death, \nfor if he is a good man, he may increase his good deeds, and if he is an evil-doer, he may stop the evil \ndeeds and repent.\""
      },
      "turkish": {
        "narrator": "Narrated Sa`d bin Ubaid:",
        "text": "Sa'd bin Ubaid'den rivayet edilmiştir: (Abdurrahman bin Azhar'ın Maula'sı) Allah'ın Messenger'ı (ﷺ) şöyle dedi: \"Hiçbiriniz ölümü arzulamamalıdır, çünkü eğer iyi bir adam ise, iyi amellerini artırabilir ve eğer kötü biriyse, kötü amellerini durdurabilir ve tövbe edebilir.\""
      }
    },
    {
      "id": 11,
      "idInBook": 11,
      "chapterId": 94,
      "bookId": 1,
      "arabic": "حَدَّثَنَا عَبْدَانُ، أَخْبَرَنِي أَبِي، عَنْ شُعْبَةَ، حَدَّثَنَا أَبُو إِسْحَاقَ، عَنِ الْبَرَاءِ بْنِ عَازِبٍ، قَالَ كَانَ النَّبِيُّ صلى الله عليه وسلم يَنْقُلُ مَعَنَا التُّرَابَ يَوْمَ الأَحْزَابِ، وَلَقَدْ رَأَيْتُهُ وَارَى التُّرَابُ بَيَاضَ بَطْنِهِ يَقُولُ ‏\n\"‏ لَوْلاَ أَنْتَ مَا اهْتَدَيْنَا نَحْنُ، وَلاَ تَصَدَّقْنَا وَلاَ صَلَّيْنَا، فَأَنْزِلَنْ سَكِينَةً عَلَيْنَا، إِنَّ الأُلَى وَرُبَّمَا قَالَ الْمَلاَ قَدْ بَغَوْا عَلَيْنَا، إِذَا أَرَادُوا فِتْنَةً أَبَيْنَا ‏\"‏ أَبَيْنَا يَرْفَعُ بِهَا صَوْتَهُ‏.‏",
      "english": {
        "narrator": "Narrated Al-Bara' bin `Azib:",
        "text": "The Prophet (ﷺ) was carrying earth with us on the day of the battle of Al-Ahzab (confederates) and I saw \nthat the dust was covering the whiteness of his `Abdomen, and he (the Prophet (ﷺ) ) was saying, \"(O \nAllah) ! Without You, we would not have been guided, nor would we have given in charity, nor would \nwe have prayed. So (O Allah!) please send tranquility (Sakina) upon us as they, (the chiefs of the \nenemy tribes) have rebelled against us. And if they intend affliction (i.e. want to frighten us and fight \nagainst us) then we would not (flee but withstand them). And the Prophet (ﷺ) used to raise his voice with \nit. (See Hadith No. 430 and 432, Vol. 5)"
      },
      "turkish": {
        "narrator": "Narrated Al-Bara' bin `Azib:",
        "text": "Al-Bara' bin Azib'den rivayet edilmiştir: Peygamber (ﷺ) Al-Ahzab (birlikler) savaşında bizimle birlikte toprak taşıyordu ve tozunun karnının beyazlığını kapladığını gördüm ve o (Peygamber (ﷺ)) şöyle diyordu: \"(Ey Allah)! Sensiz doğru yola iletilmezdik, sadaka veremezdik, namaz kılmazdık. O halde (ey Allah!) üzerimize huzur (Sakina) indir, çünkü onlar (düşman kabilelerin liderleri) bize isyan ettiler. Eğer bize bir sıkıntı vermek isterlerse (yani bizi korkutmak ve bizimle savaşmak isterlerse), biz (kaçmayız, onlara karşı dururuz).\" Ve Peygamber (ﷺ) bunu yüksek sesle söylerdi."
      }
    },
    {
      "id": 12,
      "idInBook": 12,
      "chapterId": 94,
      "bookId": 1,
      "arabic": "حَدَّثَنِي عَبْدُ اللَّهِ بْنُ مُحَمَّدٍ، حَدَّثَنَا مُعَاوِيَةُ بْنُ عَمْرٍو، حَدَّثَنَا أَبُو إِسْحَاقَ، عَنْ مُوسَى بْنِ عُقْبَةَ، عَنْ سَالِمٍ أَبِي النَّضْرِ، مَوْلَى عُمَرَ بْنِ عُبَيْدِ اللَّهِ ـ وَكَانَ كَاتِبًا لَهُ ـ قَالَ كَتَبَ إِلَيْهِ عَبْدُ اللَّهِ بْنُ أَبِي أَوْفَى فَقَرَأْتُهُ فَإِذَا فِيهِ أَنَّ رَسُولَ اللَّهِ صلى الله عليه وسلم قَالَ ‏\n\"‏ لاَ تَتَمَنَّوْا لِقَاءَ الْعَدُوِّ، وَسَلُوا اللَّهَ الْعَافِيَةَ ‏\"‏‏.‏",
      "english": {
        "narrator": "Narrated `Abdullah bin Abi `Aufa:",
        "text": "Allah's Messenger (ﷺ) said, \"Do not long for meeting your enemy, and ask Allah for safety (from all sorts of \nevil).\" (See Hadith No. 266, Vol. 4)"
      },
      "turkish": {
        "narrator": "Narrated `Abdullah bin Abi `Aufa:",
        "text": "Abdullah bin Ebu Aufa'dan rivayet edilmiştir: Allah'ın Messenger'ı (ﷺ) şöyle dedi: \"Düşmanınızla karşılaşmayı arzulamayın ve Allah'tan (her türlü kötülükten) güvenlik isteyin.\""
      }
    },
    {
      "id": 13,
      "idInBook": 13,
      "chapterId": 94,
      "bookId": 1,
      "arabic": "حَدَّثَنَا عَلِيُّ بْنُ عَبْدِ اللَّهِ، حَدَّثَنَا سُفْيَانُ، حَدَّثَنَا أَبُو الزِّنَادِ، عَنِ الْقَاسِمِ بْنِ مُحَمَّدٍ، قَالَ ذَكَرَ ابْنُ عَبَّاسٍ الْمُتَلاَعِنَيْنِ فَقَالَ عَبْدُ اللَّهِ بْنُ شَدَّادٍ أَهِيَ الَّتِي قَالَ رَسُولُ اللَّهِ صلى الله عليه وسلم ‏\n\"‏ لَوْ كُنْتُ رَاجِمًا امْرَأَةً مِنْ غَيْرِ بَيِّنَةٍ ‏\"‏‏.‏ قَالَ لاَ، تِلْكَ امْرَأَةٌ أَعْلَنَتْ‏.‏",
      "english": {
        "narrator": "Narrated Al-Qasim bin Muhammad:",
        "text": "Ibn `Abbas mentioned the case of a couple on whom the judgment of Lian has been passed. `Abdullah \nbin Shaddad said, \"Was that the lady in whose case the Prophet (ﷺ) said, \"If I were to stone a lady to death \nwithout a proof (against her)?' \"Ibn `Abbas said, \"No! That was concerned with a woman who though \nbeing a Muslim used to arouse suspicion by her outright misbehavior.\" (See Hadith No. 230, Vol.7)"
      },
      "turkish": {
        "narrator": "Narrated Al-Qasim bin Muhammad:",
        "text": "Al-Qasim bin Muhammed'den rivayet edilmiştir: İbn Abbas, Lian hükmü verilen bir çiftin durumunu anlattı. Abdullah bin Şeddad dedi ki: \"Bu, Peygamber (ﷺ)'in 'Eğer bir kadını delil olmadan taşlasaydım?' dediği kadın mıydı?\" İbn Abbas dedi ki: \"Hayır! Bu, Müslüman olmasına rağmen açıkça kötü davranışlarıyla şüphe uyandıran bir kadınla ilgilidir.\""
      }
    },
    {
      "id": 14,
      "idInBook": 14,
      "chapterId": 94,
      "bookId": 1,
      "arabic": "حَدَّثَنَا عَلِيٌّ، حَدَّثَنَا سُفْيَانُ، قَالَ عَمْرٌو حَدَّثَنَا عَطَاءٌ، قَالَ أَعْتَمَ النَّبِيُّ صلى الله عليه وسلم بِالْعِشَاءِ فَخَرَجَ عُمَرُ فَقَالَ الصَّلاَةَ يَا رَسُولَ اللَّهِ، رَقَدَ النِّسَاءُ وَالصِّبْيَانُ، فَخَرَجَ وَرَأْسُهُ يَقْطُرُ يَقُولُ ‏\"‏ لَوْلاَ أَنْ أَشُقَّ عَلَى أُمَّتِي ـ أَوْ عَلَى النَّاسِ، وَقَالَ سُفْيَانُ أَيْضًا، عَلَى أُمَّتِي ـ لأَمَرْتُهُمْ بِالصَّلاَةِ هَذِهِ السَّاعَةَ ‏\"‏‏.‏ قَالَ ابْنُ جُرَيْجٍ عَنْ عَطَاءٍ عَنِ ابْنِ عَبَّاسٍ أَخَّرَ النَّبِيُّ صلى الله عليه وسلم هَذِهِ الصَّلاَةَ فَجَاءَ عُمَرُ فَقَالَ يَا رَسُولَ اللَّهِ رَقَدَ النِّسَاءُ وَالْوِلْدَانُ‏.‏ فَخَرَجَ وَهْوَ يَمْسَحُ الْمَاءَ عَنْ شِقِّهِ يَقُولُ ‏\"‏ إِنَّهُ لَلْوَقْتُ، لَوْلاَ أَنْ أَشُقَّ عَلَى أُمَّتِي ‏\"‏‏.‏ وَقَالَ عَمْرٌو حَدَّثَنَا عَطَاءٌ لَيْسَ فِيهِ ابْنُ عَبَّاسٍ أَمَّا عَمْرٌو فَقَالَ رَأْسُهُ يَقْطُرُ‏.‏ وَقَالَ ابْنُ جُرَيْجٍ يَمْسَحُ الْمَاءَ عَنْ شِقِّهِ‏.‏ وَقَالَ عَمْرٌو لَوْلاَ أَنْ أَشُقَّ عَلَى أُمَّتِي‏.‏ وَقَالَ ابْنُ جُرَيْجٍ إِنَّهُ لَلْوَقْتُ، لَوْلاَ أَنْ أَشُقَّ عَلَى أُمَّتِي‏.‏ \nوَقَالَ إِبْرَاهِيمُ بْنُ الْمُنْذِرِ حَدَّثَنَا مَعْنٌ، حَدَّثَنِي مُحَمَّدُ بْنُ مُسْلِمٍ، عَنْ عَمْرٍو، عَنْ عَطَاءٍ، عَنِ ابْنِ عَبَّاسٍ، عَنِ النَّبِيِّ صلى الله عليه وسلم‏.‏",
      "english": {
        "narrator": "Narrated 'Ata:",
        "text": "One night the Prophet (ﷺ) delayed the `Isha' prayer whereupon `Umar went to him and said, \"The prayer, \nO Allah's Messenger (ﷺ)! The women and children had slept.\" The Prophet (ﷺ) came out with water dropping \nfrom his head, and said, \"Were I not afraid that it would be hard for my followers (or for the people), I \nwould order them to pray `Isha prayer at this time.\" (Various versions of this Hadith are given by the \nnarrators with slight differences in expression but not in content)."
      },
      "turkish": {
        "narrator": "Narrated 'Ata:",
        "text": "Ata'dan rivayet edilmiştir: Bir gece Peygamber (ﷺ) 'İsha' namazını geciktirdi, bunun üzerine Ömer ona gitti ve \"Namaz, ey Allah'ın Messenger'ı (ﷺ)! Kadınlar ve çocuklar uyudu.\" dedi. Peygamber (ﷺ) başında su damlayarak dışarı çıktı ve \"Eğer takipçilerimin (ya da insanların) zorlanacağından korkmasaydım, onlara bu saatte 'İsha' namazını kılmalarını emrederdim.\" dedi. (Bu Hadisin çeşitli versiyonları, anlatıcılar tarafından ifadede küçük farklılıklarla verilmiştir ama içerikte değil)."
      }
    },
    {
      "id": 15,
      "idInBook": 15,
      "chapterId": 94,
      "bookId": 1,
      "arabic": "حَدَّثَنَا يَحْيَى بْنُ بُكَيْرٍ، حَدَّثَنَا اللَّيْثُ، عَنْ جَعْفَرِ بْنِ رَبِيعَةَ، عَنْ عَبْدِ الرَّحْمَنِ، سَمِعْتُ أَبَا هُرَيْرَةَ ـ رضى الله عنه ـ أَنَّ رَسُولَ اللَّهِ صلى الله عليه وسلم قَالَ ‏\n\"‏ لَوْلاَ أَنْ أَشُقَّ عَلَى أُمَّتِي لأَمَرْتُهُمْ بِالسِّوَاكِ ‏\"‏‏.‏",
      "english": {
        "narrator": "Narrated Abu Huraira:",
        "text": "Allah's Messenger (ﷺ) said, \"Were I not afraid that it would be hard on my followers, I would order them to \nuse the siwak (as obligatory, for cleaning the teeth)."
      },
      "turkish": {
        "narrator": "Narrated Abu Huraira:",
        "text": "Abu Huraira'dan rivayet edilmiştir: Allah'ın Messenger'ı (ﷺ) şöyle dedi: \"Eğer takipçilerimin zorlanacağından korkmasaydım, onlara siwak kullanmalarını (dişleri temizlemek için zorunlu olarak) emrederdim.\""
      }
    },
    {
      "id": 16,
      "idInBook": 16,
      "chapterId": 94,
      "bookId": 1,
      "arabic": "حَدَّثَنَا عَيَّاشُ بْنُ الْوَلِيدِ، حَدَّثَنَا عَبْدُ الأَعْلَى، حَدَّثَنَا حُمَيْدٌ، عَنْ ثَابِتٍ، عَنْ أَنَسٍ، رضى الله عنه قَالَ وَاصَلَ النَّبِيُّ صلى الله عليه وسلم آخِرَ الشَّهْرِ، وَوَاصَلَ أُنَاسٌ، مِنَ النَّاسِ فَبَلَغَ النَّبِيَّ صلى الله عليه وسلم فَقَالَ ‏\n\"‏ لَوْ مُدَّ بِيَ الشَّهْرُ لَوَاصَلْتُ وِصَالاً يَدَعُ الْمُتَعَمِّقُونَ تَعَمُّقَهُمْ، إِنِّي لَسْتُ مِثْلَكُمْ، إِنِّي أَظَلُّ يُطْعِمُنِي رَبِّي وَيَسْقِينِ ‏\"‏‏.‏ تَابَعَهُ سُلَيْمَانُ بْنُ مُغِيرَةَ عَنْ ثَابِتٍ عَنْ أَنَسٍ عَنِ النَّبِيِّ صلى الله عليه وسلم‏.‏",
      "english": {
        "narrator": "Narrated Anas:",
        "text": "The Prophet (ﷺ) fasted Al-Wisal on the last days of the month. Some people did the same, and when the \nnews reached the Prophet (ﷺ) he said, \"If the month had been prolonged for me, then I would have fasted \nWisal for such a long time that the most exaggerating ones among you would have given up their \nexaggeration. I am not like you; my Lord always makes me eat and drink.\""
      },
      "turkish": {
        "narrator": "Narrated Anas:",
        "text": "Anas'dan rivayet edilmiştir: Peygamber (ﷺ) ayın son günlerinde Al-Wisal orucunu tutardı. Bazı insanlar da aynı şekilde yaptı ve bu haber Peygamber'e (ﷺ) ulaştığında, \"Eğer ay benim için uzatılmış olsaydı, o kadar uzun süre Al-Wisal orucu tutardım ki, aranızdaki en aşırı olanlar bile aşırılıklarından vazgeçerdi. Ben sizden biri değilim; Rabbim bana her zaman yemek ve içmek nasip eder.\""
      }
    },
    {
      "id": 17,
      "idInBook": 17,
      "chapterId": 94,
      "bookId": 1,
      "arabic": "حَدَّثَنَا أَبُو الْيَمَانِ، أَخْبَرَنَا شُعَيْبٌ، عَنِ الزُّهْرِيِّ، وَقَالَ اللَّيْثُ، حَدَّثَنِي عَبْدُ الرَّحْمَنِ بْنُ خَالِدٍ، عَنِ ابْنِ شِهَابٍ، أَنَّ سَعِيدَ بْنَ الْمُسَيَّبِ، أَخْبَرَهُ أَنَّ أَبَا هُرَيْرَةَ قَالَ نَهَى رَسُولُ اللَّهِ صلى الله عليه وسلم عَنِ الْوِصَالِ، قَالُوا فَإِنَّكَ تُوَاصِلُ‏.‏ قَالَ ‏\"‏ أَيُّكُمْ مِثْلِي، إِنِّي أَبِيتُ يُطْعِمُنِي رَبِّي وَيَسْقِينِ ‏\"‏‏.‏ فَلَمَّا أَبَوْا أَنْ يَنْتَهُوا وَاصَلَ بِهِمْ يَوْمًا ثُمَّ يَوْمًا ثُمَّ رَأَوُا الْهِلاَلَ فَقَالَ ‏\"‏ لَوْ تَأَخَّرَ لَزِدْتُكُمْ ‏\"‏‏.‏ كَالْمُنَكِّلِ لَهُمْ‏.‏",
      "english": {
        "narrator": "Narrated Abu Huraira:",
        "text": "Allah's Messenger (ﷺ) forbade Al-Wisal. The people said (to him), \"But you fast Al-`Wisal,\" He said, \"Who \namong you is like me? When I sleep (at night), my Lord makes me eat and drink. But when the people \nrefused to give up Al-Wisal, he fasted Al-Wisal along with them for two days and then they saw the \ncrescent whereupon the Prophet (ﷺ) said, \"If the crescent had not appeared I would have fasted for a \nlonger period,\" as if he intended to punish them herewith."
      },
      "turkish": {
        "narrator": "Narrated Abu Huraira:",
        "text": "Ebu Hureyre'den rivayet edilmiştir: Allah'ın Elçisi (ﷺ) Al-Wisal'ı yasakladı. İnsanlar ona, \"Ama sen Al-Wisal orucu tutuyorsun,\" dediler. O da, \"Sizden kim benim gibi?\" dedi. \"Gece uyuduğumda, Rabbim bana yemek ve içmek nasip eder. Ama insanlar Al-Wisal'dan vazgeçmeyi reddedince, onlarla birlikte iki gün Al-Wisal orucu tuttu ve sonra hilali gördüler. Bunun üzerine Peygamber (ﷺ), \"Eğer hilal görünmemiş olsaydı, daha uzun süre oruç tutardım,\" dedi; sanki onlara bir ceza vermek istiyordu."
      }
    },
    {
      "id": 18,
      "idInBook": 18,
      "chapterId": 94,
      "bookId": 1,
      "arabic": "حَدَّثَنَا مُسَدَّدٌ، حَدَّثَنَا أَبُو الأَحْوَصِ، حَدَّثَنَا أَشْعَثُ، عَنِ الأَسْوَدِ بْنِ يَزِيدَ، عَنْ عَائِشَةَ، قَالَتْ سَأَلْتُ النَّبِيَّ صلى الله عليه وسلم عَنِ الْجَدْرِ أَمِنَ الْبَيْتِ هُوَ قَالَ ‏\"‏ نَعَمْ ‏\"‏‏.‏ قُلْتُ فَمَا لَهُمْ لَمْ يُدْخِلُوهُ فِي الْبَيْتِ قَالَ ‏\"‏ إِنَّ قَوْمَكِ قَصَّرَتْ بِهِمُ النَّفَقَةُ ‏\"‏‏.‏ قُلْتُ فَمَا شَأْنُ بَابِهِ مُرْتَفِعًا قَالَ ‏\"‏ فَعَلَ ذَاكِ قَوْمُكِ، لِيُدْخِلُوا مَنْ شَاءُوا، وَيَمْنَعُوا مَنْ شَاءُوا، لَوْلاَ أَنَّ قَوْمَكِ حَدِيثٌ عَهْدُهُمْ بِالْجَاهِلِيَّةِ، فَأَخَافُ أَنْ تُنْكِرَ قُلُوبُهُمْ أَنْ أُدْخِلَ الْجَدْرَ فِي الْبَيْتِ، وَأَنْ أُلْصِقَ بَابَهُ فِي الأَرْضِ ‏\"‏‏.‏",
      "english": {
        "narrator": "Narrated `Aisha:",
        "text": "I asked the Prophet (ﷺ) about the wall (outside the Ka`ba). \"Is it regarded as part of the Ka`ba?\" He \nreplied, \"Yes.\" I said, \"Then why didn't the people include it in the Ka`ba?\" He said, \"(Because) your \npeople ran short of money.\" I asked, \"Then why is its gate so high?\" He replied, ''Your people did so \nin order to admit to it whom they would and forbid whom they would. Were your people not still close \nto the period of ignorance, and were I not afraid that their hearts might deny my action, then surely I \nwould include the wall in the Ka`ba and make its gate touch the ground.\""
      },
      "turkish": {
        "narrator": "Narrated `Aisha:",
        "text": "Aişe'den rivayet edilmiştir: Peygamber (ﷺ)'e Kabe'nin dışındaki duvarı sordum. \"Bu Kabe'nin bir parçası mı?\" dedim. O da, \"Evet,\" diye cevap verdi. Ben de, \"O zaman insanlar neden onu Kabe'ye dahil etmediler?\" dedim. O, \"(Çünkü) sizin halkınızın parası yetmedi,\" dedi. \"O zaman kapısı neden bu kadar yüksek?\" diye sordum. O, \"Sizin halkınız, içeri almak istediklerini almak ve istemediklerini yasaklamak için böyle yaptı. Eğer sizin halkınız hala cehalet dönemine yakın olmasaydı ve ben onların kalplerinin benim eylemimi inkâr edeceğinden korkmasaydım, elbette duvarı Kabe'ye dahil eder ve kapısını yere değdirirdim,\" diye cevap verdi."
      }
    },
    {
      "id": 19,
      "idInBook": 19,
      "chapterId": 94,
      "bookId": 1,
      "arabic": "حَدَّثَنَا أَبُو الْيَمَانِ، أَخْبَرَنَا شُعَيْبٌ، حَدَّثَنَا أَبُو الزِّنَادِ، عَنِ الأَعْرَجِ، عَنْ أَبِي هُرَيْرَةَ، قَالَ قَالَ رَسُولُ اللَّهِ صلى الله عليه وسلم ‏\n\"‏ لَوْلاَ الْهِجْرَةُ لَكُنْتُ امْرَأً مِنَ الأَنْصَارِ، وَلَوْ سَلَكَ النَّاسُ وَادِيًا وَسَلَكَتِ الأَنْصَارُ وَادِيًا ـ أَوْ شِعْبًا ـ لَسَلَكْتُ وَادِيَ الأَنْصَارِ أَوْ شِعْبَ الأَنْصَارِ ‏\"‏‏.‏",
      "english": {
        "narrator": "Narrated Abu Huraira:",
        "text": "Allah's Messenger (ﷺ) said, \"But for the emigration, I would have been one of the Ansar: and if the people \ntook their way in a valley (or a mountain pass), I would take the Ansar's valley or the mountain pass.\""
      },
      "turkish": {
        "narrator": "Narrated Abu Huraira:",
        "text": "Ebu Hureyre'den rivayet edilmiştir: Allah'ın Elçisi (ﷺ) şöyle dedi: \"Hicret olmasaydı, Ensar'dan biri olurdum; eğer insanlar bir vadiye (veya dağ geçidine) yönelseydi, ben de Ensar'ın vadisini veya dağ geçidini alırdım.\""
      }
    },
    {
      "id": 20,
      "idInBook": 20,
      "chapterId": 94,
      "bookId": 1,
      "arabic": "حَدَّثَنَا مُوسَى، حَدَّثَنَا وُهَيْبٌ، عَنْ عَمْرِو بْنِ يَحْيَى، عَنْ عَبَّادِ بْنِ تَمِيمٍ، عَنْ عَبْدِ اللَّهِ بْنِ زَيْدٍ، عَنِ النَّبِيِّ صلى الله عليه وسلم قَالَ ‏\n\"‏ لَوْلاَ الْهِجْرَةُ لَكُنْتُ امْرَأً مِنَ الأَنْصَارِ، وَلَوْ سَلَكَ النَّاسُ وَادِيًا أَوْ شِعْبًا، لَسَلَكْتُ وَادِيَ الأَنْصَارِ وَشِعْبَهَا ‏\"‏‏.‏ تَابَعَهُ أَبُو التَّيَّاحِ عَنْ أَنَسٍ عَنِ النَّبِيِّ صلى الله عليه وسلم فِي الشِّعْبِ‏.‏",
      "english": {
        "narrator": "Narrated `Abdullah bin Zaid:",
        "text": "The Prophet (ﷺ) said, \"But for the emigration, I would have been one of the Ansar; and if the people took \ntheir way in a valley (or a mountain pass), I would take Ansar's valley or their mountain pass.\""
      },
      "turkish": {
        "narrator": "Narrated `Abdullah bin Zaid:",
        "text": "Abdullah bin Zaid'den rivayet edilmiştir: Peygamber (ﷺ) şöyle dedi: \"Hicret olmasaydı, Ensar'dan biri olurdum; eğer insanlar bir vadiye (veya dağ geçidine) yönelseydi, ben de Ensar'ın vadisini veya dağ geçidini alırdım.\""
      }
    }
  ],
  "chapter": {
    "id": 94,
    "bookId": 1,
    "arabic": "كتاب التمنى",
    "english": "Wishes"
  }
}