{
  "metadata": {
    "length": 21,
    "arabic": {
      "title": "صحيح البخاري",
      "author": "الإمام محمد بن إسماعيل البخاري",
      "introduction": "كتاب أخبار الآحاد"
    },
    "english": {
      "title": "Sahih al-Bukhari",
      "author": "Imam Muhammad ibn Ismail al-Bukhari",
      "introduction": "Accepting Information Given by a Truthful Person"
    }
  },
  "hadiths": [
    {
      "id": 1,
      "idInBook": 1,
      "chapterId": 95,
      "bookId": 1,
      "arabic": "حَدَّثَنَا مُحَمَّدُ بْنُ الْمُثَنَّى، حَدَّثَنَا عَبْدُ الْوَهَّابِ، حَدَّثَنَا أَيُّوبُ، عَنْ أَبِي قِلاَبَةَ، حَدَّثَنَا مَالِكٌ، قَالَ أَتَيْنَا النَّبِيَّ صلى الله عليه وسلم وَنَحْنُ شَبَبَةٌ مُتَقَارِبُونَ، فَأَقَمْنَا عِنْدَهُ عِشْرِينَ لَيْلَةً، وَكَانَ رَسُولُ اللَّهِ صلى الله عليه وسلم رَفِيقًا، فَلَمَّا ظَنَّ أَنَّا قَدِ اشْتَهَيْنَا أَهْلَنَا أَوْ قَدِ اشْتَقْنَا سَأَلَنَا عَمَّنْ تَرَكْنَا بَعْدَنَا فَأَخْبَرْنَاهُ قَالَ ‏\n\"‏ ارْجِعُوا إِلَى أَهْلِيكُمْ، فَأَقِيمُوا فِيهِمْ، وَعَلِّمُوهُمْ، وَمُرُوهُمْ ـ وَذَكَرَ أَشْيَاءَ أَحْفَظُهَا أَوْ لاَ أَحْفَظُهَا ـ وَصَلُّوا كَمَا رَأَيْتُمُونِي أُصَلِّي، فَإِذَا حَضَرَتِ الصَّلاَةُ فَلْيُؤَذِّنْ لَكُمْ أَحَدُكُمْ، وَلْيَؤُمَّكُمْ أَكْبَرُكُمْ ‏\"‏‏.‏",
      "english": {
        "narrator": "Narrated Malik:",
        "text": "We came to the Prophet (ﷺ) and we were young men nearly of equal ages and we stayed with him for \ntwenty nights. Allah's Messenger (ﷺ) was a very kind man and when he realized our longing for our families, \nhe asked us about those whom we had left behind. When we informed him, he said, \"Go back to your \nfamilies and stay with them and teach them (religion) and order them (to do good deeds). The Prophet (ﷺ) \nmentioned things some of which I remembered and some I did not. Then he said, \"Pray as you have \nseen me praying, and when it is the time of prayer, one of you should pronounce the call (Adhan) for \nthe prayer and the eldest of you should lead the prayer. \""
      },
      "turkish": {
        "narrator": "Narrated Malik:",
        "text": "Malik'ten rivayet edilmiştir: Biz, genç adamlar olarak neredeyse eşit yaşlarda, Peygamber (ﷺ)'e geldik ve onunla yirmi gece kaldık. Allah'ın Elçisi (ﷺ) çok nazik bir insandı ve ailelerimizi özlediğimizi fark edince, geride bıraktığımız kişiler hakkında bizden bilgi aldı. Kendisine bildirdiğimizde, \"Ailelerinize dönün ve onlarla kalın, onlara (din) öğretin ve onlara (iyilik yapmaları için) emredin.\" dedi. Peygamber (ﷺ) bazı şeyler söyledi, bazılarını hatırladım, bazılarını hatırlamadım. Sonra dedi ki, \"Beni namaz kılarken gördüğünüz gibi namaz kılın, ve namaz vakti geldiğinde, aranızdan biri ezan okusun ve en yaşlısı namazı kılsın.\""
      }
    },
    {
      "id": 2,
      "idInBook": 2,
      "chapterId": 95,
      "bookId": 1,
      "arabic": "حَدَّثَنَا مُسَدَّدٌ، عَنْ يَحْيَى، عَنِ التَّيْمِيِّ، عَنْ أَبِي عُثْمَانَ، عَنِ ابْنِ مَسْعُودٍ، قَالَ قَالَ رَسُولُ اللَّهِ صلى الله عليه وسلم ‏\n\"‏ لاَ يَمْنَعَنَّ أَحَدَكُمْ أَذَانُ بِلاَلٍ مِنْ سَحُورِهِ، فَإِنَّهُ يُؤَذِّنُ ـ أَوْ قَالَ يُنَادِي ـ لِيَرْجِعَ قَائِمَكُمْ، وَيُنَبِّهَ نَائِمَكُمْ، وَلَيْسَ الْفَجْرُ أَنْ يَقُولَ هَكَذَا ـ وَجَمَعَ يَحْيَى كَفَّيْهِ ـ حَتَّى يَقُولَ هَكَذَا ‏\"‏‏.‏ وَمَدَّ يَحْيَى إِصْبَعَيْهِ السَّبَّابَتَيْنِ‏.‏",
      "english": {
        "narrator": "Narrated Ibn Mas`ud:",
        "text": "Allah's Messenger (ﷺ) said, \"The (call for prayer) Adhan of Bilal should not stop anyone of you from taking \nhis Suhur for he pronounces the Adhan in order that whoever among you is praying the night prayer, \nmay return (to eat his Suhur) and whoever among you is sleeping, may get up, for it is not yet dawn \n(when it is like this).\" (Yahya, the sub-narrator stretched his two index fingers side ways)."
      },
      "turkish": {
        "narrator": "Narrated Ibn Mas`ud:",
        "text": "İbn Mes'ud'dan rivayet edilmiştir: Allah'ın Elçisi (ﷺ) dedi ki, \"Bilal'in (ezanı) hiç kimseyi sahurunu yapmaktan alıkoymamalıdır; çünkü o, aranızdan kim gece namazı kılıyorsa, geri dönsün (sahurunu yesin) ve aranızdan kim uyuyorsa, kalksın, çünkü henüz şafak vakti değildir (böyle olduğunda).\" (Yahya, alt rivayetçi, iki işaret parmağını yanlara doğru uzattı)."
      }
    },
    {
      "id": 3,
      "idInBook": 3,
      "chapterId": 95,
      "bookId": 1,
      "arabic": "حَدَّثَنَا مُوسَى بْنُ إِسْمَاعِيلَ، حَدَّثَنَا عَبْدُ الْعَزِيزِ بْنُ مُسْلِمٍ، حَدَّثَنَا عَبْدُ اللَّهِ بْنُ دِينَارٍ، سَمِعْتُ عَبْدَ اللَّهِ بْنَ عُمَرَ ـ رضى الله عنهما ـ عَنِ النَّبِيِّ صلى الله عليه وسلم قَالَ ‏\n\"‏ إِنَّ بِلاَلاً يُنَادِي بِلَيْلٍ، فَكُلُوا وَاشْرَبُوا حَتَّى يُنَادِيَ ابْنُ أُمِّ مَكْتُومٍ ‏\"‏‏.‏",
      "english": {
        "narrator": "Narrated `Abdullah bin `Umar:",
        "text": "The Prophet (ﷺ) said, \"Bilal pronounces the Adhan at night so that you may eat and drink till Ibn Um \nMaktum pronounces the Adhan (for the Fajr prayer)."
      },
      "turkish": {
        "narrator": "Narrated `Abdullah bin `Umar:",
        "text": "Abdullah bin Ömer'den rivayet edilmiştir: Peygamber (ﷺ) dedi ki, \"Bilal gece ezan okur ki, siz Ibn Ümm Mektum ezan okuyana kadar yiyip içebilirsiniz (Fajr namazı için).\""
      }
    },
    {
      "id": 4,
      "idInBook": 4,
      "chapterId": 95,
      "bookId": 1,
      "arabic": "حَدَّثَنَا حَفْصُ بْنُ عُمَرَ، حَدَّثَنَا شُعْبَةُ، عَنِ الْحَكَمِ، عَنْ إِبْرَاهِيمَ، عَنْ عَلْقَمَةَ، عَنْ عَبْدِ اللَّهِ، قَالَ صَلَّى بِنَا النَّبِيُّ صلى الله عليه وسلم الظُّهْرَ خَمْسًا فَقِيلَ أَزِيدَ فِي الصَّلاَةِ قَالَ ‏\n\"‏ وَمَا ذَاكَ ‏\"‏‏.‏ قَالُوا صَلَّيْتَ خَمْسًا‏.‏ فَسَجَدَ سَجْدَتَيْنِ بَعْدَ مَا سَلَّمَ‏.‏",
      "english": {
        "narrator": "Narrated `Abdullah:",
        "text": "The Prophet (ﷺ) led us in Zuhr prayer and prayer five rak`at. Somebody asked him whether the prayer had \nbeen increased.\" He (the Prophet (ﷺ) ) said, \"And what is that?\" They (the people) replied, \"You have \nprayed five rak`at.\" Then the Prophet (ﷺ) offered two prostrations (of Sahu) after he had finished his \nprayer with the Taslim."
      },
      "turkish": {
        "narrator": "Narrated `Abdullah:",
        "text": "Abdullah'tan rivayet edilmiştir: Peygamber (ﷺ) bize Zuhr namazı kıldırdı ve namaz beş rek'at oldu. Birisi ona namazın artırılıp artırılmadığını sordu. O (Peygamber (ﷺ)) dedi ki, \"O nedir?\" Onlar (insanlar) \"Beş rek'at kıldınız.\" dediler. Bunun üzerine Peygamber (ﷺ) namazını Taslim ile bitirdikten sonra iki secde (Sahu secdeleri) yaptı."
      }
    },
    {
      "id": 5,
      "idInBook": 5,
      "chapterId": 95,
      "bookId": 1,
      "arabic": "حَدَّثَنَا إِسْمَاعِيلُ، حَدَّثَنِي مَالِكٌ، عَنْ أَيُّوبَ، عَنْ مُحَمَّدٍ، عَنْ أَبِي هُرَيْرَةَ، أَنَّ رَسُولَ اللَّهِ صلى الله عليه وسلم انْصَرَفَ مِنِ اثْنَتَيْنِ فَقَالَ لَهُ ذُو الْيَدَيْنِ أَقَصُرَتِ الصَّلاَةُ يَا رَسُولَ اللَّهِ، أَمْ نَسِيتَ فَقَالَ ‏\n\"‏ أَصَدَقَ ذُو الْيَدَيْنِ ‏\"‏‏.‏ فَقَالَ النَّاسُ نَعَمْ‏.‏ فَقَامَ رَسُولُ اللَّهِ صلى الله عليه وسلم فَصَلَّى رَكْعَتَيْنِ أُخْرَيَيْنِ، ثُمَّ سَلَّمَ، ثُمَّ كَبَّرَ، ثُمَّ سَجَدَ مِثْلَ سُجُودِهِ أَوْ أَطْوَلَ، ثُمَّ رَفَعَ، ثُمَّ كَبَّرَ، فَسَجَدَ مِثْلَ سُجُودِهِ، ثُمَّ رَفَعَ‏.‏",
      "english": {
        "narrator": "Narrated Abu Huraira:",
        "text": "Allah's Messenger (ﷺ) finished his prayer after offerings two rak`at only. Dhul-Yaddain asked him whether \nthe prayer had been reduced, or you had forgotten?\" The Prophet (ﷺ) said, \"Is Dhul-Yaddain speaking the \ntruth?\" The people said, \"Yes.\" Then Allah's Messenger (ﷺ) stood up and performed another two rak`at and \nthen finished prayer with Taslim, and then said the Takbir and performed a prostration similar to or \nlonger than his ordinary prostrations; then he raised his head, said Takbir and prostrated and then \nraised his head (Sahu prostrations)."
      },
      "turkish": {
        "narrator": "Narrated Abu Huraira:",
        "text": "Ebu Hureyre'den rivayet edilmiştir: Allah'ın Elçisi (ﷺ) sadece iki rek'at kıldıktan sonra namazını bitirdi. Dhul-Yaddain ona namazın azaltılıp azaltılmadığını veya unuttuğunu sordu. Peygamber (ﷺ) dedi ki, \"Dhul-Yaddain doğru mu söylüyor?\" İnsanlar \"Evet.\" dediler. Bunun üzerine Allah'ın Elçisi (ﷺ) ayağa kalktı ve iki rek'at daha kıldı ve sonra namazı Taslim ile bitirdi, ardından Tekbir getirdi ve normal secdelerinden birine benzer ya da daha uzun bir secde yaptı; sonra başını kaldırdı, Tekbir getirdi ve secde etti, ardından başını kaldırdı (Sahu secdeleri)."
      }
    },
    {
      "id": 6,
      "idInBook": 6,
      "chapterId": 95,
      "bookId": 1,
      "arabic": "حَدَّثَنَا إِسْمَاعِيلُ، حَدَّثَنِي مَالِكٌ، عَنْ عَبْدِ اللَّهِ بْنِ دِينَارٍ، عَنْ عَبْدِ اللَّهِ بْنِ عُمَرَ، قَالَ بَيْنَا النَّاسُ بِقُبَاءٍ فِي صَلاَةِ الصُّبْحِ إِذْ جَاءَهُمْ آتٍ فَقَالَ إِنَّ رَسُولَ اللَّهِ صلى الله عليه وسلم قَدْ أُنْزِلَ عَلَيْهِ اللَّيْلَةَ قُرْآنٌ، وَقَدْ أُمِرَ أَنْ يَسْتَقْبِلَ الْكَعْبَةَ فَاسْتَقْبِلُوهَا‏.‏ وَكَانَتْ وُجُوهُهُمْ إِلَى الشَّأْمِ فَاسْتَدَارُوا إِلَى الْكَعْبَةِ‏.‏",
      "english": {
        "narrator": "Narrated `Abdullah bin `Umar:",
        "text": "While the people were at Quba offering the morning prayer, suddenly a person came to them saying, \n\"Tonight Divine Inspiration has been revealed to Allah's Messenger (ﷺ) and he has been ordered to face the \nKa`ba (in prayers): therefore you people should face it.\" There faces were towards Sham, so they \nturned their faces towards the Ka`ba (at Mecca)."
      },
      "turkish": {
        "narrator": "Narrated `Abdullah bin `Umar:",
        "text": "Abdullah bin Ömer'den rivayet edilmiştir: İnsanlar sabah namazını kılmakta iken, aniden bir kişi onlara geldi ve \"Bu gece İlahi Vahiy, Allah'ın Elçisi (ﷺ)'ne indirilmiştir ve ona Kâbe'ye (namazda) yönelmesi emredilmiştir; bu yüzden sizler de ona yönelmelisiniz.\" dedi. Onların yüzleri Şam'a dönüktü, bu yüzden Kâbe'ye (Mekke) döndüler."
      }
    },
    {
      "id": 7,
      "idInBook": 7,
      "chapterId": 95,
      "bookId": 1,
      "arabic": "حَدَّثَنَا يَحْيَى، حَدَّثَنَا وَكِيعٌ، عَنْ إِسْرَائِيلَ، عَنْ أَبِي إِسْحَاقَ، عَنِ الْبَرَاءِ، قَالَ لَمَّا قَدِمَ رَسُولُ اللَّهِ صلى الله عليه وسلم الْمَدِينَةَ صَلَّى نَحْوَ بَيْتِ الْمَقْدِسِ سِتَّةَ عَشَرَ، أَوْ سَبْعَةَ عَشَرَ شَهْرًا، وَكَانَ يُحِبُّ أَنْ يُوَجَّهَ إِلَى الْكَعْبَةِ فَأَنْزَلَ اللَّهُ تَعَالَى ‏{‏قَدْ نَرَى تَقَلُّبَ وَجْهِكَ فِي السَّمَاءِ فَلَنُوَلِّيَنَّكَ قِبْلَةً تَرْضَاهَا‏}‏ فَوُجِّهَ نَحْوَ الْكَعْبَةِ، وَصَلَّى مَعَهُ رَجُلٌ الْعَصْرَ، ثُمَّ خَرَجَ فَمَرَّ عَلَى قَوْمٍ مِنَ الأَنْصَارِ فَقَالَ هُوَ يَشْهَدُ أَنَّهُ صَلَّى مَعَ النَّبِيِّ صلى الله عليه وسلم وَأَنَّهُ قَدْ وُجِّهَ إِلَى الْكَعْبَةِ‏.‏ فَانْحَرَفُوا وَهُمْ رُكُوعٌ فِي صَلاَةِ الْعَصْرِ‏.‏",
      "english": {
        "narrator": "Narrated Al-Bara':",
        "text": "When Allah's Messenger (ﷺ) arrived at Medina, he prayed facing Jerusalem for sixteen or seventeen months \nbut he wished that he would be ordered to face the Ka`ba. So Allah revealed: -- \n'Verily! We have seen the turning of your face towards the heaven; surely we shall turn you to a \nprayer direction (Qibla) that shall please you.' (2.144) Thus he was directed towards the Ka`ba. A man \nprayed the `Asr prayer with the Prophet (ﷺ) and then went out, and passing by some people from the \nAnsar, he said, \"I testify. that I have prayed with the Prophet (ﷺ) and he (the Prophet) has prayed facing \nthe Ka`ba.\" Thereupon they, who were bowing in the `Asr prayer, turned towards the Ka`ba."
      },
      "turkish": {
        "narrator": "Narrated Al-Bara':",
        "text": "El-Bara'dan rivayet edilmiştir: Allah'ın Elçisi (ﷺ) Medine'ye geldiğinde, on altı veya on yedi ay Kudüs'e doğru namaz kıldı ama Kâbe'ye yönelmesi emredilmesini arzuladı. Bunun üzerine Allah şöyle vahyetti: -- \"Şüphesiz, yüzünüzün göğe dönmesini görüyoruz; elbette sizi hoşnut edeceğimiz bir kıbleye döndüreceğiz.\" (2.144) Böylece Kâbe'ye yönlendirildi. Bir adam, Peygamber (ﷺ) ile `Asr namazı kıldıktan sonra dışarı çıktı ve Ansar'dan bazı insanların yanından geçerken, \"Şahitlik ederim ki, ben Peygamber (ﷺ) ile namaz kıldım ve o (Peygamber) Kâbe'ye doğru namaz kıldı.\" dedi. Bunun üzerine `Asr namazında rükûda bulunanlar Kâbe'ye döndüler."
      }
    },
    {
      "id": 8,
      "idInBook": 8,
      "chapterId": 95,
      "bookId": 1,
      "arabic": "حَدَّثَنِي يَحْيَى بْنُ قَزَعَةَ، حَدَّثَنِي مَالِكٌ، عَنْ إِسْحَاقَ بْنِ عَبْدِ اللَّهِ بْنِ أَبِي طَلْحَةَ، عَنْ أَنَسِ بْنِ مَالِكٍ ـ رضى الله عنه ـ قَالَ كُنْتُ أَسْقِي أَبَا طَلْحَةَ الأَنْصَارِيَّ وَأَبَا عُبَيْدَةَ بْنَ الْجَرَّاحِ وَأُبَىَّ بْنَ كَعْبٍ شَرَابًا مِنْ فَضِيخٍ وَهْوَ تَمْرٌ فَجَاءَهُمْ آتٍ فَقَالَ إِنَّ الْخَمْرَ قَدْ حُرِّمَتْ‏.‏ فَقَالَ أَبُو طَلْحَةَ يَا أَنَسُ قُمْ إِلَى هَذِهِ الْجِرَارِ فَاكْسِرْهَا، قَالَ أَنَسٌ فَقُمْتُ إِلَى مِهْرَاسٍ لَنَا فَضَرَبْتُهَا بِأَسْفَلِهِ حَتَّى انْكَسَرَتْ‏.‏",
      "english": {
        "narrator": "Narrated Anas bin Malik:",
        "text": "I used to offer drinks prepared from infused dates to Abu Talha Al-Ansari, Abu 'Ubada bin Al Jarrah \nand Ubai bin Ka`b. Then a person came to them and said, \"All alcoholic drinks have been prohibited.\" \nAbii Talha then said, \"O Anas! Get up and break all these jars.\" So I got up and took a mortar \nbelonging to us, and hit the jars with its lower part till they broke."
      },
      "turkish": {
        "narrator": "Narrated Anas bin Malik:",
        "text": "Anas bin Malik'ten rivayet edilmiştir: Ben, Abu Talha Al-Ansari, Abu 'Ubada bin Al Jarrah ve Ubai bin Ka'b'a infüze edilmiş hurmalardan hazırlanmış içecekler sunardım. Sonra bir kişi onlara geldi ve \"Tüm alkollü içecekler yasaklanmıştır.\" dedi. Abu Talha sonra dedi ki, \"Ey Anas! Kalk ve bu tüm testileri kır.\" Ben kalktım ve bize ait bir havan aldım ve testileri alt kısmıyla vurarak kırdım."
      }
    },
    {
      "id": 9,
      "idInBook": 9,
      "chapterId": 95,
      "bookId": 1,
      "arabic": "حَدَّثَنَا سُلَيْمَانُ بْنُ حَرْبٍ، حَدَّثَنَا شُعْبَةُ، عَنْ أَبِي إِسْحَاقَ، عَنْ صِلَةَ، عَنْ حُذَيْفَةَ، أَنَّ النَّبِيَّ صلى الله عليه وسلم قَالَ لأَهْلِ نَجْرَانَ ‏\n\"‏ لأَبْعَثَنَّ إِلَيْكُمْ رَجُلاً أَمِينًا حَقَّ أَمِينٍ ‏\"‏‏.‏ فَاسْتَشْرَفَ لَهَا أَصْحَابُ النَّبِيِّ صلى الله عليه وسلم فَبَعَثَ أَبَا عُبَيْدَةَ‏.‏",
      "english": {
        "narrator": "Narrated Hudhaifa:",
        "text": "The Prophet (ﷺ) said to the people of Najran, \"I will send to you an honest person who is really \ntrustworthy.\" The Companion, of the Prophet (ﷺ) each desired to be that person, but the Prophet (ﷺ) sent Abu \n'Ubaida."
      },
      "turkish": {
        "narrator": "Narrated Hudhaifa:",
        "text": "Hudhaifa'dan rivayet edilmiştir: Peygamber (ﷺ) Necirân halkına dedi ki, \"Size gerçekten güvenilir bir kişiyi göndereceğim.\" Peygamber (ﷺ)'in arkadaşları her biri o kişi olmayı arzuladı, ama Peygamber (ﷺ) Abu 'Ubaida'yı gönderdi."
      }
    },
    {
      "id": 10,
      "idInBook": 10,
      "chapterId": 95,
      "bookId": 1,
      "arabic": "حَدَّثَنَا سُلَيْمَانُ بْنُ حَرْبٍ، حَدَّثَنَا شُعْبَةُ، عَنْ خَالِدٍ، عَنْ أَبِي قِلاَبَةَ، عَنْ أَنَسٍ ـ رضى الله عنه ـ قَالَ النَّبِيُّ صلى الله عليه وسلم ‏\n\"‏ لِكُلِّ أُمَّةٍ أَمِينٌ، وَأَمِينُ هَذِهِ الأُمَّةِ أَبُو عُبَيْدَةَ ‏\"‏‏.‏",
      "english": {
        "narrator": "Narrated Anas:",
        "text": "The Prophet (ﷺ) said, \"For every nation there is an Amin (honest, trustworthy person) and the Amin of \nthis nation is Abu 'Ubaida.\""
      },
      "turkish": {
        "narrator": "Narrated Anas:",
        "text": "Anas'tan rivayet edilmiştir: Peygamber (ﷺ) dedi ki, \"Her milletin bir Emin'i (güvenilir kişi) vardır ve bu milletin Emin'i Abu 'Ubaida'dır.\""
      }
    },
    {
      "id": 11,
      "idInBook": 11,
      "chapterId": 95,
      "bookId": 1,
      "arabic": "حَدَّثَنَا سُلَيْمَانُ بْنُ حَرْبٍ، حَدَّثَنَا حَمَّادُ بْنُ زَيْدٍ، عَنْ يَحْيَى بْنِ سَعِيدٍ، عَنْ عُبَيْدِ بْنِ حُنَيْنٍ، عَنِ ابْنِ عَبَّاسٍ، عَنْ عُمَرَ ـ رضى الله عنهم ـ قَالَ وَكَانَ رَجُلٌ مِنَ الأَنْصَارِ إِذَا غَابَ عَنْ رَسُولِ اللَّهِ صلى الله عليه وسلم وَشَهِدْتُهُ أَتَيْتُهُ بِمَا يَكُونُ مِنْ رَسُولِ اللَّهِ صلى الله عليه وسلم وَإِذَا غِبْتُ عَنْ رَسُولِ اللَّهِ صلى الله عليه وسلم وَشَهِدَ أَتَانِي بِمَا يَكُونُ مِنْ رَسُولِ اللَّهِ صلى الله عليه وسلم‏.‏",
      "english": {
        "narrator": "Narrated `Umar:",
        "text": "There was a man from the Ansar (who was a friend of mine). If he was not present in the company of \nAllah's Messenger (ﷺ) I used to be present with Allah's Messenger (ﷺ), I would tell him what I used to hear from \nAllah's Messenger (ﷺ), and when I was absent from Allah's Messenger (ﷺ) he used to be present with him, and he \nwould tell me what he used to hear from Allah's Messenger (ﷺ) ."
      },
      "turkish": {
        "narrator": "Narrated `Umar:",
        "text": "Ömer'den rivayet edilmiştir: Ansar'dan bir adam (benim arkadaşım) vardı. Eğer o, Allah'ın Elçisi (ﷺ)'nin yanında yoksa ben Allah'ın Elçisi (ﷺ)'nin yanında olur, ondan duyduğumu ona söylerdim; ve ben Allah'ın Elçisi (ﷺ)'nin yanında yokken o, onun yanında olurdu ve o da bana Allah'ın Elçisi (ﷺ)'nden duyduğu şeyleri söylerdi."
      }
    },
    {
      "id": 12,
      "idInBook": 12,
      "chapterId": 95,
      "bookId": 1,
      "arabic": "حَدَّثَنَا مُحَمَّدُ بْنُ بَشَّارٍ، حَدَّثَنَا غُنْدَرٌ، حَدَّثَنَا شُعْبَةُ، عَنْ زُبَيْدٍ، عَنْ سَعْدِ بْنِ عُبَيْدَةَ، عَنْ أَبِي عَبْدِ الرَّحْمَنِ، عَنْ عَلِيٍّ ـ رضى الله عنه ـ أَنَّ النَّبِيَّ صلى الله عليه وسلم بَعَثَ جَيْشًا وَأَمَّرَ عَلَيْهِمْ رَجُلاً، فَأَوْقَدَ نَارًا وَقَالَ ادْخُلُوهَا‏.‏ فَأَرَادُوا أَنْ يَدْخُلُوهَا، وَقَالَ آخَرُونَ إِنَّمَا فَرَرْنَا مِنْهَا، فَذَكَرُوا لِلنَّبِيِّ صلى الله عليه وسلم فَقَالَ لِلَّذِينَ أَرَادُوا أَنْ يَدْخُلُوهَا ‏\"‏ لَوْ دَخَلُوهَا لَمْ يَزَالُوا فِيهَا إِلَى يَوْمِ الْقِيَامَةِ ‏\"‏‏.‏ وَقَالَ لِلآخَرِينَ ‏\"‏ لاَ طَاعَةَ فِي مَعْصِيَةٍ، إِنَّمَا الطَّاعَةُ فِي الْمَعْرُوفِ ‏\"‏‏.‏",
      "english": {
        "narrator": "Narrated `Ali:",
        "text": "The Prophet (ﷺ) , sent an army and appointed some man their commander The man made a fire and then \nsaid (to the soldiers), \"Enter it.\" Some of them intended to enter it while some others said, 'We have \nrun away from it (i.e., embraced Islam to save ourselves from the 'fire').\" They mentioned that to the \nProphet, and he said about people who had intended to enter the fire. ''If they had entered it, they \nwould have remained In it till the Day of Resurrection.'' Then he said to others, \"No obedience for evil \ndeeds, obedience is required only in what is good .\""
      },
      "turkish": {
        "narrator": "Narrated `Ali:",
        "text": "Ali'den rivayet edilmiştir: Peygamber (ﷺ) bir ordu gönderdi ve bazı adamları onların komutanı olarak tayin etti. Adam bir ateş yaktı ve sonra (askerlere) dedi ki, \"İçeri girin.\" Bazıları içeri girmeyi düşündü, bazıları ise \"Biz ondan kaçtık (yani, kendimizi ateşten kurtarmak için İslam'a girdik).\" dediler. Bunu Peygamber'e ilettiler ve o, ateşe girmeyi düşünen insanlar hakkında dedi ki, \"Eğer içeri girselerdi, Kıyamet Günü'ne kadar orada kalırlardı.\" Sonra diğerlerine dedi ki, \"Kötü işlerde itaat yoktur, itaat yalnızca iyi olan şeylerde gereklidir.\""
      }
    },
    {
      "id": 13,
      "idInBook": 13,
      "chapterId": 95,
      "bookId": 1,
      "arabic": "حَدَّثَنَا زُهَيْرُ بْنُ حَرْبٍ، حَدَّثَنَا يَعْقُوبُ بْنُ إِبْرَاهِيمَ، حَدَّثَنَا أَبِي، عَنْ صَالِحٍ، عَنِ ابْنِ شِهَابٍ، أَنَّ عُبَيْدَ اللَّهِ بْنَ عَبْدِ اللَّهِ، أَخْبَرَهُ أَنَّ أَبَا هُرَيْرَةَ وَزَيْدَ بْنَ خَالِدٍ أَخْبَرَاهُ أَنَّ رَجُلَيْنِ اخْتَصَمَا إِلَى النَّبِيِّ صلى الله عليه وسلم‏.‏",
      "english": {
        "narrator": "Narrated Abu Huraira and Zaid bin Khalid:",
        "text": "Two men sued each other before the Prophet."
      },
      "turkish": {
        "narrator": "Narrated Abu Huraira and Zaid bin Khalid:",
        "text": "Ebu Hureyre ve Zaid bin Halid'den rivayet edilmiştir: İki adam, Peygamber'in huzurunda birbirlerine dava açtılar."
      }
    },
    {
      "id": 14,
      "idInBook": 14,
      "chapterId": 95,
      "bookId": 1,
      "arabic": "وَحَدَّثَنَا أَبُو الْيَمَانِ، أَخْبَرَنَا شُعَيْبٌ، عَنِ الزُّهْرِيِّ، أَخْبَرَنِي عُبَيْدُ اللَّهِ بْنُ عَبْدِ اللَّهِ بْنِ عُتْبَةَ بْنِ مَسْعُودٍ، أَنَّ أَبَا هُرَيْرَةَ، قَالَ بَيْنَمَا نَحْنُ عِنْدَ رَسُولِ اللَّهِ صلى الله عليه وسلم إِذْ قَامَ رَجُلٌ مِنَ الأَعْرَابِ فَقَالَ يَا رَسُولَ اللَّهِ اقْضِ لِي بِكِتَابِ اللَّهِ‏.‏ فَقَامَ خَصْمُهُ فَقَالَ صَدَقَ يَا رَسُولَ اللَّهِ، اقْضِ لَهُ بِكِتَابِ اللَّهِ، وَأْذَنْ لِي‏.‏ فَقَالَ لَهُ النَّبِيُّ صلى الله عليه وسلم ‏\"‏ قُلْ ‏\"‏‏.‏ فَقَالَ إِنَّ ابْنِي كَانَ عَسِيفًا عَلَى هَذَا ـ وَالْعَسِيفُ الأَجِيرُ ـ فَزَنَى بِامْرَأَتِهِ فَأَخْبَرُونِي أَنَّ عَلَى ابْنِي الرَّجْمَ، فَافْتَدَيْتُ مِنْهُ بِمِائَةٍ مِنَ الْغَنَمِ وَوَلِيدَةٍ، ثُمَّ سَأَلْتُ أَهْلَ الْعِلْمِ فَأَخْبَرُونِي أَنَّ عَلَى امْرَأَتِهِ الرَّجْمَ، وَأَنَّمَا عَلَى ابْنِي جَلْدُ مِائَةٍ وَتَغْرِيبُ عَامٍ‏.‏ فَقَالَ ‏\"‏ وَالَّذِي نَفْسِي بِيَدِهِ لأَقْضِيَنَّ بَيْنَكُمَا بِكِتَابِ اللَّهِ، أَمَّا الْوَلِيدَةُ وَالْغَنَمُ فَرُدُّوهَا، وَأَمَّا ابْنُكَ فَعَلَيْهِ جَلْدُ مِائَةٍ وَتَغْرِيبُ عَامٍ، وَأَمَّا أَنْتَ يَا أُنَيْسُ ـ لِرَجُلٍ مِنْ أَسْلَمَ ـ فَاغْدُ عَلَى امْرَأَةِ هَذَا، فَإِنِ اعْتَرَفَتْ فَارْجُمْهَا ‏\"‏‏.‏ فَغَدَا عَلَيْهَا أُنَيْسٌ فَاعْتَرَفَتْ فَرَجَمَهَا‏.‏",
      "english": {
        "narrator": "Narrated Abu Huraira:",
        "text": "While we were with Allah's Messenger (ﷺ) a bedouin got up and said, \"O Allah's Messenger (ﷺ)! Settle my case \naccording to Allah's Book (Laws).\" Then his opponent got up and said, \"O Allah's Messenger (ﷺ)! He has \nsaid the truth! Settle his case according to Allah's Book (Laws.) and allow me to speak,\" He said, \"My \nson was a laborer for this man and he committed illegal sexual intercourse with his wife. The people \ntold me that my son should be stoned to death but I ransomed him with one-hundred sheep and a slave \ngirl. Then I asked the religious learned people and they told me that his wife should be stoned to death \nand my son should receive one-hundred lashes and be sentenced to one year of exile.' The Prophet (ﷺ) \nsaid, \"By Him in Whose Hands my life is, I will judge between you according to Allah's Book (Laws): \nAs for the slave girl and the sheep, they are to be returned; and as for your son, he shall receive onehundred \nlashes and will be exiled for one year. You, O Unais!\" addressing a man from Bani Aslam, \n\"Go tomorrow morning to the wife of this (man) and if she confesses, then stone her to death.\" The \nnext morning Unais went to the wife and she confessed, and he stoned her to death."
      },
      "turkish": {
        "narrator": "Narrated Abu Huraira:",
        "text": "Ebu Hureyre'den rivayet edilmiştir: Biz Allah'ın Elçisi (ﷺ) ile birlikteyken bir bedevi ayağa kalktı ve dedi ki, \"Ey Allah'ın Elçisi (ﷺ)! Davamı Allah'ın Kitabı'na (Hukuk) göre çöz.\" Sonra karşıt taraf ayağa kalktı ve dedi ki, \"Ey Allah'ın Elçisi (ﷺ)! O doğru söyledi! Davasını Allah'ın Kitabı'na (Hukuk) göre çöz ve bana konuşma izni ver.\" Dedi ki, \"Oğlum bu adam için işçi olarak çalıştı ve onun karısıyla yasadışı cinsel ilişkiye girdi. İnsanlar bana oğlumun taşlanması gerektiğini söylediler ama ben onu yüz koyun ve bir cariye ile fidye verdim. Sonra din bilgilerine sordum ve bana karısının taşlanması gerektiğini ve oğlumun yüz kırbaç yemesi ve bir yıl sürgün cezası alması gerektiğini söylediler.\" Peygamber (ﷺ) dedi ki, \"Canımın sahibi olan Allah'a yemin ederim ki, ben sizin aranızda Allah'ın Kitabı'na (Hukuk) göre hüküm vereceğim: Cariye ve koyunlar geri verilecektir; ve oğlunuz yüz kırbaç yiyecek ve bir yıl sürgün edilecektir. Ey Unais!\" Beni Aslam'dan bir adama hitaben, \"Yarın sabah bu adamın karısına git ve eğer itiraf ederse, onu taşla.\" Ertesi sabah Unais karısına gitti ve o itiraf etti, ve onu taşladı."
      }
    },
    {
      "id": 15,
      "idInBook": 15,
      "chapterId": 95,
      "bookId": 1,
      "arabic": "حَدَّثَنَا عَلِيُّ بْنُ عَبْدِ اللَّهِ، حَدَّثَنَا سُفْيَانُ، حَدَّثَنَا ابْنُ الْمُنْكَدِرِ، قَالَ سَمِعْتُ جَابِرَ بْنَ عَبْدِ اللَّهِ، قَالَ نَدَبَ النَّبِيُّ صلى الله عليه وسلم يَوْمَ الْخَنْدَقِ فَانْتَدَبَ الزُّبَيْرُ، ثُمَّ نَدَبَهُمْ فَانْتَدَبَ الزُّبَيْرُ، ثُمَّ نَدَبَهُمْ فَانْتَدَبَ الزُّبَيْرُ فَقَالَ ‏\n\"‏ لِكُلِّ نَبِيٍّ حَوَارِيٌّ وَحَوَارِيِّ الزُّبَيْرُ ‏\"‏‏.‏ قَالَ سُفْيَانُ حَفِظْتُهُ مِنِ ابْنِ الْمُنْكَدِرِ‏.‏ وَقَالَ لَهُ أَيُّوبُ يَا أَبَا بَكْرٍ حَدِّثْهُمْ عَنْ جَابِرٍ، فَإِنَّ الْقَوْمَ يُعْجِبُهُمْ أَنْ تُحَدِّثَهُمْ عَنْ جَابِرٍ‏.‏ فَقَالَ فِي ذَلِكَ الْمَجْلِسِ سَمِعْتُ جَابِرًا فَتَابَعَ بَيْنَ أَحَادِيثَ سَمِعْتُ جِابِرًا، قُلْتُ لِسُفْيَانَ فَإِنَّ الثَّوْرِيَّ يَقُولُ يَوْمَ قُرَيْظَةَ فَقَالَ كَذَا حَفِظْتُهُ كَمَا أَنَّكَ جَالِسٌ يَوْمَ الْخَنْدَقِ‏.‏ قَالَ سُفْيَانُ هُوَ يَوْمٌ وَاحِدٌ‏.‏ وَتَبَسَّمَ سُفْيَانُ‏.‏",
      "english": {
        "narrator": "Narrated Jabir bin `Abdullah:",
        "text": "On the day of (the battle of) the Trench, the Prophet (ﷺ) called the people (to bring news about the \nenemy). Az-Zubair responded to his call. He called them again and Az-Zubair responded to his call \nagain; then he called them for the third time and again Az-Zubair responded to his call whereupon the \nProphet said, \"Every prophet has his Hawairi (helper), and Az-Zubair is my Hawari.\""
      },
      "turkish": {
        "narrator": "Narrated Jabir bin `Abdullah:",
        "text": "Cabir bin Abdullah'tan rivayet edilmiştir: (Hendek savaşında) Peygamber (ﷺ) insanları (düşman hakkında haber getirmeye) çağırdı. Az-Zubair onun çağrısına cevap verdi. Onu tekrar çağırdı ve Az-Zubair yine onun çağrısına cevap verdi; sonra üçüncü kez çağırdı ve yine Az-Zubair onun çağrısına cevap verdi, bunun üzerine Peygamber dedi ki, \"Her peygamberin bir havarisi (yardımcısı) vardır ve Az-Zubair benim havarimdir.\""
      }
    },
    {
      "id": 16,
      "idInBook": 16,
      "chapterId": 95,
      "bookId": 1,
      "arabic": "حَدَّثَنَا سُلَيْمَانُ بْنُ حَرْبٍ، حَدَّثَنَا حَمَّادٌ، عَنْ أَيُّوبَ، عَنْ أَبِي عُثْمَانَ، عَنْ أَبِي مُوسَى، أَنَّ النَّبِيَّ صلى الله عليه وسلم دَخَلَ حَائِطًا وَأَمَرَنِي بِحِفْظِ الْبَابِ فَجَاءَ رَجُلٌ يَسْتَأْذِنُ فَقَالَ ‏\"‏ ائْذَنْ لَهُ، وَبَشِّرْهُ بِالْجَنَّةِ ‏\"‏‏.‏ فَإِذَا أَبُو بَكْرٍ، ثُمَّ جَاءَ عُمَرُ فَقَالَ ‏\"‏ ائْذَنْ لَهُ، وَبَشِّرْهُ بِالْجَنَّةِ ‏\"‏‏.‏ ثُمَّ جَاءَ عُثْمَانُ فَقَالَ ‏\"‏ ائْذَنْ لَهُ، وَبَشِّرْهُ بِالْجَنَّةِ ‏\"‏‏.‏",
      "english": {
        "narrator": "Narrated Abu Musa:",
        "text": "The Prophet (ﷺ) entered a garden and told me to guard its gate. Then a man came and asked permission to \nenter. The Prophet, said, \"Permit him and give him the good news that he will enter Paradise.\" \nBehold! It was Abu Bakr. Then `Umar came, and the Prophet (ﷺ) said, \"Admit him and give him the good \nnews that he will enter Paradise.\" Then `Uthman came and the Prophet (ﷺ) said, \"Admit him and give him \nthe good news that he will enter Paradise. \""
      },
      "turkish": {
        "narrator": "Narrated Abu Musa:",
        "text": "Ebu Musa'dan rivayet edilmiştir: Peygamber (ﷺ) bir bahçeye girdi ve bana kapısını korumamı söyledi. Sonra bir adam geldi ve içeri girmek için izin istedi. Peygamber (ﷺ) dedi ki, \"Ona izin ver ve cennete gireceğini müjdele.\" Bakın! O, Ebu Bekir'di. Sonra Ömer geldi, Peygamber (ﷺ) dedi ki, \"Onu al ve cennete gireceğini müjdele.\" Sonra Osman geldi ve Peygamber (ﷺ) dedi ki, \"Onu al ve cennete gireceğini müjdele.\""
      }
    },
    {
      "id": 17,
      "idInBook": 17,
      "chapterId": 95,
      "bookId": 1,
      "arabic": "حَدَّثَنَا عَبْدُ الْعَزِيزِ بْنُ عَبْدِ اللَّهِ، حَدَّثَنَا سُلَيْمَانُ بْنُ بِلاَلٍ، عَنْ يَحْيَى، عَنْ عُبَيْدِ بْنِ حُنَيْنٍ، سَمِعَ ابْنَ عَبَّاسٍ، عَنْ عُمَرَ ـ رضى الله عنهم ـ قَالَ جِئْتُ فَإِذَا رَسُولُ اللَّهِ صلى الله عليه وسلم فِي مَشْرُبَةٍ لَهُ، وَغُلاَمٌ لِرَسُولِ اللَّهِ صلى الله عليه وسلم أَسْوَدُ عَلَى رَأْسِ الدَّرَجَةِ فَقُلْتُ قُلْ هَذَا عُمَرُ بْنُ الْخَطَّابِ فَأَذِنَ لِي‏.‏",
      "english": {
        "narrator": "Narrated `Umar:",
        "text": "I came and behold, Allah's Messenger (ﷺ) was staying on a Mashroba (attic room) and a black slave of \nAllah's Messenger (ﷺ) was at the top if its stairs. I said to him, \"(Tell the Prophet) that here is `Umar bin Al- \nKhattab (asking for permission to enter).\" Then he admitted me."
      },
      "turkish": {
        "narrator": "Narrated `Umar:",
        "text": "Ömer'den rivayet edilmiştir: Geldim ve bakın, Allah'ın Elçisi (ﷺ) bir Mashroba'da (çatı odası) kalıyordu ve Allah'ın Elçisi'nin (ﷺ) siyah bir kölesi merdivenin en üstünde duruyordu. Ona dedim ki, \"(Peygambere) de ki, işte Ömer bin Al-Khattab (giriş izni istiyor).\" Sonra beni içeri aldı."
      }
    },
    {
      "id": 18,
      "idInBook": 18,
      "chapterId": 95,
      "bookId": 1,
      "arabic": "حَدَّثَنَا يَحْيَى بْنُ بُكَيْرٍ، حَدَّثَنِي اللَّيْثُ، عَنْ يُونُسَ، عَنِ ابْنِ شِهَابٍ، أَنَّهُ قَالَ أَخْبَرَنِي عُبَيْدُ اللَّهِ بْنُ عَبْدِ اللَّهِ بْنِ عُتْبَةَ، أَنَّ عَبْدَ اللَّهِ بْنَ عَبَّاسٍ، أَخْبَرَهُ أَنَّ رَسُولَ اللَّهِ صلى الله عليه وسلم بَعَثَ بِكِتَابِهِ إِلَى كِسْرَى، فَأَمَرَهُ أَنْ يَدْفَعَهُ إِلَى عَظِيمِ الْبَحْرَيْنِ، يَدْفَعُهُ عَظِيمُ الْبَحْرَيْنِ إِلَى كِسْرَى، فَلَمَّا قَرَأَهُ كِسْرَى مَزَّقَهُ، فَحَسِبْتُ أَنَّ ابْنَ الْمُسَيَّبِ قَالَ فَدَعَا عَلَيْهِمْ رَسُولُ اللَّهِ صلى الله عليه وسلم أَنْ يُمَزَّقُوا كُلَّ مُمَزَّقٍ‏.‏",
      "english": {
        "narrator": "Narrated `Abdullah bin `Abbas:",
        "text": "Allah's Messenger (ﷺ) sent a letter to Khosrau and told his messenger to give it first to the ruler of Bahrain, \nand tell him to deliver it to Khosrau. When Khosrau had read it, he tore it into pieces. (Az-Zuhri said: \nI think Ibn Al-Musaiyab said, \"Allah's Messenger (ﷺ) invoked Allah to tear them (Khosrau and his followers) \ninto pieces.\""
      },
      "turkish": {
        "narrator": "Narrated `Abdullah bin `Abbas:",
        "text": "Abdullah bin Abbas'tan rivayet edilmiştir: Allah'ın Elçisi (ﷺ) Hüsrev'e bir mektup gönderdi ve elçisine önce Bahreyn valisine vermesini, sonra da Hüsrev'e iletmesini söyledi. Hüsrev mektubu okuduktan sonra, onu parçalara ayırdı. (Az-Zuhri dedi ki: Sanırım İbn Al-Musaiyab şöyle dedi, \"Allah'ın Elçisi (ﷺ) Allah'a dua etti ki, onları (Hüsrev ve takipçilerini) parçalara ayırsın.\")"
      }
    },
    {
      "id": 19,
      "idInBook": 19,
      "chapterId": 95,
      "bookId": 1,
      "arabic": "حَدَّثَنَا مُسَدَّدٌ، حَدَّثَنَا يَحْيَى، عَنْ يَزِيدَ بْنِ أَبِي عُبَيْدٍ، حَدَّثَنَا سَلَمَةُ بْنُ الأَكْوَعِ، أَنَّ رَسُولَ اللَّهِ صلى الله عليه وسلم قَالَ لِرَجُلٍ مِنْ أَسْلَمَ ‏\n\"‏ أَذِّنْ فِي قَوْمِكَ ـ أَوْ فِي النَّاسِ ـ يَوْمَ عَاشُورَاءَ أَنَّ مَنْ أَكَلَ فَلْيُتِمَّ بَقِيَّةَ يَوْمِهِ، وَمَنْ لَمْ يَكُنْ أَكَلَ فَلْيَصُمْ ‏\"‏‏.‏",
      "english": {
        "narrator": "Narrated Salama bin Al-Akwa`:",
        "text": "Allah's Messenger (ﷺ) said to a man from the tribe of Al-Aslam, \"Proclaim among your people (or the \npeople) on the day of 'Ashura' (tenth of Muharram), 'Whosoever has eaten anything should fast for the \nrest of the day; and whoever has not eaten anything, should complete his fast.' \""
      },
      "turkish": {
        "narrator": "Narrated Salama bin Al-Akwa`:",
        "text": "Selame bin Al-Akva'dan rivayet edilmiştir: Allah'ın Elçisi (ﷺ) Al-Aslam kabilesinden bir adama dedi ki, \"Kavmin arasında (veya halk arasında) 'Aşura' günü (Muharrem'in onuncu günü) ilan et ki, 'Kim bir şey yediyse, günün geri kalanında oruç tutsun; kim de bir şey yememişse, orucunu tamamlasın.'\""
      }
    },
    {
      "id": 20,
      "idInBook": 20,
      "chapterId": 95,
      "bookId": 1,
      "arabic": "حَدَّثَنَا عَلِيُّ بْنُ الْجَعْدِ، أَخْبَرَنَا شُعْبَةُ،‏.‏ وَحَدَّثَنِي إِسْحَاقُ، أَخْبَرَنَا النَّضْرُ، أَخْبَرَنَا شُعْبَةُ، عَنْ أَبِي جَمْرَةَ، قَالَ كَانَ ابْنُ عَبَّاسٍ يُقْعِدُنِي عَلَى سَرِيرِهِ فَقَالَ إِنَّ وَفْدَ عَبْدِ الْقَيْسِ لَمَّا أَتَوْا رَسُولَ اللَّهِ صلى الله عليه وسلم قَالَ ‏\"‏ مَنِ الْوَفْدُ ‏\"‏‏.‏ قَالُوا رَبِيعَةُ‏.‏ قَالَ ‏\"‏ مَرْحَبًا بِالْوَفْدِ وَالْقَوْمِ، غَيْرَ خَزَايَا وَلاَ نَدَامَى ‏\"‏‏.‏ قَالُوا يَا رَسُولَ اللَّهِ إِنَّ بَيْنَنَا وَبَيْنَكَ كُفَّارَ مُضَرَ، فَمُرْنَا بِأَمْرٍ نَدْخُلُ بِهِ الْجَنَّةَ، وَنُخْبِرُ بِهِ مَنْ وَرَاءَنَا فَسَأَلُوا عَنِ الأَشْرِبَةِ، فَنَهَاهُمْ عَنْ أَرْبَعٍ وَأَمَرَهُمْ بِأَرْبَعٍ أَمَرَهُمْ بِالإِيمَانِ بِاللَّهِ قَالَ ‏\"‏ هَلْ تَدْرُونَ مَا الإِيمَانُ بِاللَّهِ ‏\"‏‏.‏ قَالُوا اللَّهُ وَرَسُولُهُ أَعْلَمُ‏.‏ قَالَ ‏\"‏ شَهَادَةُ أَنْ لاَ إِلَهَ إِلاَّ اللَّهُ وَحْدَهُ لاَ شَرِيكَ لَهُ وَأَنَّ مُحَمَّدًا رَسُولُ اللَّهِ، وَإِقَامُ الصَّلاَةِ، وَإِيتَاءُ الزَّكَاةِ ـ وَأَظُنُّ فِيهِ ـ صِيَامُ رَمَضَانَ، وَتُؤْتُوا مِنَ الْمَغَانِمِ الْخُمُسَ ‏\"‏‏.‏ وَنَهَاهُمْ عَنِ الدُّبَّاءِ، وَالْحَنْتَمِ، وَالْمُزَفَّتِ، وَالنَّقِيرِ، وَرُبَّمَا قَالَ الْمُقَيَّرِ‏.‏ قَالَ ‏\"‏ احْفَظُوهُنَّ، وَأَبْلِغُوهُنَّ مَنْ وَرَاءَكُمْ ‏\"‏‏.‏",
      "english": {
        "narrator": "Narrated Ibn `Abbas:",
        "text": "When the delegate of `Abd Al-Qais came to Allah's Messenger (ﷺ), he said, \"Who are the delegate?\" They \nsaid, \"The delegate are from the tribe of Rabi`a.\" The Prophet (ﷺ) said, \"Welcome, O the delegate, and \nwelcome! O people! Neither you will have any disgrace nor will you regret.\" They said, \"O Allah's \nApostle! Between you and us there are the infidels of the tribe of Mudar, so please order us to do \nsomething good (religious deeds) that by acting on them we may enter Paradise, and that we may \ninform (our people) whom we have left behind, about it.\" They also asked (the Prophet) about drinks. \nHe forbade them from four things and ordered them to do four things. He ordered them to believe in \nAllah, and asked them, \"Do you know what is meant by belief in Allah?\" They said, \"Allah and His \nApostle know best.\" He said, ''To testify that none has the right to be worshipped except Allah, the \nOne, Who has no partners with Him, and that Muhammad is Allah's Messenger (ﷺ); and to offer prayers \nperfectly and to pay Zakat.\" (the narrator thinks that fasting in Ramadan is included), \"and to give \none-fifth of the war booty (to the state).\" Then he forbade four (drinking utensils): Ad-Duba', Al56 \nHantam, Al-Mazaffat and An-Naqir, or probably, Al-Muqaiyar. And then the Prophet (ﷺ) said, \n\"Remember all these things by heart and preach it to those whom you have left behind.\""
      },
      "turkish": {
        "narrator": "Narrated Ibn `Abbas:",
        "text": "İbn Abbas'tan rivayet edilmiştir: Abd Al-Qays elçisi Allah'ın Elçisi'ne (ﷺ) geldiğinde, \"Elçiler kimdir?\" dedi. Onlar, \"Elçiler Rabi'a kabilesindendir,\" dediler. Peygamber (ﷺ) dedi ki, \"Hoş geldiniz, ey elçiler! Hoş geldiniz! Ey insanlar! Ne siz bir utanç yaşayacaksınız ne de pişman olacaksınız.\" Onlar, \"Ey Allah'ın Elçisi! Sizinle aramızda Mudar kabilesinin kâfirleri var, lütfen bize cennete girmemizi sağlayacak iyi (ibadet) şeyler yapmamız için bir şeyler emredin ve geride bıraktıklarımıza bunu bildirelim,\" dediler. Ayrıca (Peygamber'e) içecekler hakkında da sordular. O, onlara dört şeyden sakınmalarını emretti ve dört şey yapmalarını söyledi. Onlara Allah'a iman etmelerini emretti ve sordu, \"Allah'a iman etmek ne demektir biliyor musunuz?\" Onlar, \"Allah ve Elçisi en iyi bilendir,\" dediler. O, \"Allah'tan başka ibadet edilmeye layık olan yoktur, O tektir, O'na ortak yoktur; ve Muhammed Allah'ın Elçisi'dir (ﷺ); ve namazı tam kılmak ve zekat vermek,\" dedi. (Rivayet eden, Ramazan orucunun da dahil olduğunu düşünüyor), \"ve ganimetten beşte birini (devlete) vermek.\" Sonra dört (içme kaplarını) yasakladı: Ad-Duba', Al-Hantam, Al-Mazaffat ve An-Naqir, ya da muhtemelen Al-Muqaiyar. Sonra Peygamber (ﷺ) dedi ki, \"Bütün bu şeyleri ezberleyin ve geride bıraktıklarınıza duyurun.\""
      }
    },
    {
      "id": 21,
      "idInBook": 21,
      "chapterId": 95,
      "bookId": 1,
      "arabic": "حَدَّثَنَا مُحَمَّدُ بْنُ الْوَلِيدِ، حَدَّثَنَا مُحَمَّدُ بْنُ جَعْفَرٍ، حَدَّثَنَا شُعْبَةُ، عَنْ تَوْبَةَ الْعَنْبَرِيِّ، قَالَ قَالَ لِي الشَّعْبِيُّ أَرَأَيْتَ حَدِيثَ الْحَسَنِ عَنِ النَّبِيِّ صلى الله عليه وسلم وَقَاعَدْتُ ابْنَ عُمَرَ قَرِيبًا مِنْ سَنَتَيْنِ أَوْ سَنَةٍ وَنِصْفٍ فَلَمْ أَسْمَعْهُ يُحَدِّثُ عَنِ النَّبِيِّ صلى الله عليه وسلم غَيْرَ هَذَا قَالَ كَانَ نَاسٌ مِنْ أَصْحَابِ النَّبِيِّ صلى الله عليه وسلم فِيهِمْ سَعْدٌ فَذَهَبُوا يَأْكُلُونَ مِنْ لَحْمٍ، فَنَادَتْهُمُ امْرَأَةٌ مِنْ بَعْضِ أَزْوَاجِ النَّبِيِّ صلى الله عليه وسلم إِنَّهُ لَحْمُ ضَبٍّ فَأَمْسَكُوا، فَقَالَ رَسُولُ اللَّهِ صلى الله عليه وسلم ‏\n\"‏ كُلُوا ـ أَوِ اطْعَمُوا ـ فَإِنَّهُ حَلاَلٌ ـ أَوْ قَالَ لاَ بَأْسَ بِهِ‏.‏ شَكَّ فِيهِ ـ وَلَكِنَّهُ لَيْسَ مِنْ طَعَامِي ‏\"‏‏.‏",
      "english": {
        "narrator": "Narrated Tauba Al-`Anbari:",
        "text": "Ash-'Shu`bi asked me, \"Did you notice how Al-Hasan used to narrate Hadiths from the Prophets? I \nstayed with Ibn `Umar for about two or one-and-half years and I did not hear him narrating any thing \nfrom the Prophet (ﷺ) except his (Hadith): He (Ibn `Umar) said, \"Some of the companions of the Prophet (ﷺ) \nincluding Sa`d, were going to eat meat, but one of the wives of the Prophet (ﷺ) called them, saying, 'It is \nthe meat of a Mastigure.' The people then stopped eating it. On that Allah's Messenger (ﷺ) said, 'Carry on \neating, for it is lawful.' Or said, 'There is no harm in eating it, but it is not from my meals.\""
      },
      "turkish": {
        "narrator": "Narrated Tauba Al-`Anbari:",
        "text": "Tauba Al-`Anbari'den rivayet edilmiştir: Ash-Shu'bi bana sordu, \"Al-Hasan'ın Peygamberlerden Hadisleri nasıl anlattığını fark ettin mi? İbn Ömer ile yaklaşık iki veya bir buçuk yıl kaldım ve ondan Peygamber (ﷺ) ile ilgili hiçbir şey duymadım, sadece onun (Hadis)ini: O (İbn Ömer) dedi ki, \"Peygamber (ﷺ) ile birlikte olan bazı sahabeler, et yemeye gidiyorlardı, ama Peygamber'in (ﷺ) eşlerinden biri onlara seslendi, 'Bu bir Mastigure etidir.' İnsanlar o zaman yemeyi bıraktılar. Bunun üzerine Allah'ın Elçisi (ﷺ) dedi ki, 'Yemeye devam edin, çünkü bu helaldir.' Ya da dedi ki, 'Onu yemenizde bir sakınca yoktur, ama bu benim yemeklerimden değildir.'\""
      }
    }
  ],
  "chapter": {
    "id": 95,
    "bookId": 1,
    "arabic": "كتاب أخبار الآحاد",
    "english": "Accepting Information Given by a Truthful Person"
  }
}