{
  "id": "bulugh_almaram",
  "numericId": 14,
  "arabic": {
    "title": "بلوغ المرام",
    "author": "الحافظ ابن حجر العسقلاني",
    "introduction": ""
  },
  "english": {
    "title": "Bulugh al-Maram",
    "author": "Hafiz Ibn Hajar al-Asqalani",
    "introduction": ""
  },
  "hadithsCount": 1767,
  "chapters": [
    {
      "id": 1,
      "arabic": "كتاب الطهارة",
      "english": "The Book of Purification",
      "hadithsCount": 179,
      "file": "chapters/1.json"
    },
    {
      "id": 2,
      "arabic": "كتاب الصلاة",
      "english": "The Book of Prayer",
      "hadithsCount": 461,
      "file": "chapters/2.json"
    },
    {
      "id": 3,
      "arabic": "كتاب الجنائز",
      "english": "Funerals",
      "hadithsCount": 66,
      "file": "chapters/3.json"
    },
    {
      "id": 4,
      "arabic": "كتاب الزكاة",
      "english": "The Book of Zakah",
      "hadithsCount": 51,
      "file": "chapters/4.json"
    },
    {
      "id": 5,
      "arabic": "كتاب الصيام",
      "english": "Fasting",
      "hadithsCount": 58,
      "file": "chapters/5.json"
    },
    {
      "id": 6,
      "arabic": "كتاب الحج",
      "english": "Hajj",
      "hadithsCount": 74,
      "file": "chapters/6.json"
    },
    {
      "id": 7,
      "arabic": "كتاب البيوع",
      "english": "Business Transactions",
      "hadithsCount": 233,
      "file": "chapters/7.json"
    },
    {
      "id": 8,
      "arabic": "كتاب النكاح",
      "english": "Marriage",
      "hadithsCount": 222,
      "file": "chapters/8.json"
    },
    {
      "id": 9,
      "arabic": "كتاب الجنايات",
      "english": "Crimes (Qisas or Retaliation)",
      "hadithsCount": 47,
      "file": "chapters/9.json"
    },
    {
      "id": 10,
      "arabic": "كتاب الحدود",
      "english": "Hudud",
      "hadithsCount": 57,
      "file": "chapters/10.json"
    },
    {
      "id": 11,
      "arabic": "كتاب الجهاد",
      "english": "Jihad",
      "hadithsCount": 63,
      "file": "chapters/11.json"
    },
    {
      "id": 12,
      "arabic": "كتاب الأطعمة",
      "english": "Food",
      "hadithsCount": 44,
      "file": "chapters/12.json"
    },
    {
      "id": 13,
      "arabic": "كتاب الأيمان والنذور",
      "english": "Oaths and Vows",
      "hadithsCount": 23,
      "file": "chapters/13.json"
    },
    {
      "id": 14,
      "arabic": "كتاب القضاء",
      "english": "Judgments",
      "hadithsCount": 36,
      "file": "chapters/14.json"
    },
    {
      "id": 15,
      "arabic": "كتاب العتق",
      "english": "Emancipation",
      "hadithsCount": 20,
      "file": "chapters/15.json"
    },
    {
      "id": 16,
      "arabic": "كتاب الجامع",
      "english": "The Comprehensive Book",
      "hadithsCount": 133,
      "file": "chapters/16.json"
    }
  ]
}